gti,ghi,dni,dhi,air_temp,albedo,relative_humidity,wind_speed_10m,wind_direction_10m,period_end,period,power,power_p10,power_p25,power_p75,power_p90
0,0,0,0,26,0.14,95.5,1.0,299,2026-09-30 21:50:00,PT5M,0.0,0.0,0.0,0.0,0.0
0,0,0,0,26,0.14,95.6,1.0,297,2026-09-30 21:55:00,PT5M,0.0,0.0,0.0,0.0,0.0
0,0,0,0,26,0.14,95.6,1.0,295,2026-09-30 22:00:00,PT5M,0.0,0.0,0.0,0.0,0.0
0,0,0,0,26,0.14,95.7,1.0,293,2026-09-30 22:05:00,PT5M,0.0,0.0,0.0,0.0,0.0
0,0,0,0,26,0.14,95.7,1.0,291,2026-09-30 22:10:00,PT5M,0.0,0.0,0.0,0.0,0.0
0,0,0,0,26,0.14,95.8,1.0,289,2026-09-30 22:15:00,PT5M,0.0,0.0,0.0,0.0,0.0
0,0,0,0,26,0.14,95.8,1.0,286,2026-09-30 22:20:00,PT5M,0.0,0.0,0.0,0.0,0.0
0,0,0,0,26,0.14,95.8,1.0,284,2026-09-30 22:25:00,PT5M,0.0,0.0,0.0,0.0,0.0
0,0,0,0,26,0.14,95.9,1.0,282,2026-09-30 22:30:00,PT5M,0.0,0.0,0.0,0.0,0.0
0,0,0,0,26,0.14,95.9,1.0,281,2026-09-30 22:35:00,PT5M,0.0,0.0,0.0,0.0,0.0
0,0,0,0,26,0.14,96.0,1.0,279,2026-09-30 22:40:00,PT5M,0.0,0.0,0.0,0.0,0.0
0,0,0,0,26,0.14,96.0,1.1,278,2026-09-30 22:45:00,PT5M,0.0,0.0,0.0,0.0,0.0
0,0,0,0,25,0.14,96.1,1.1,276,2026-09-30 22:50:00,PT5M,0.0,0.0,0.0,0.0,0.0
0,0,0,0,25,0.14,96.1,1.1,275,2026-09-30 22:55:00,PT5M,0.0,0.0,0.0,0.0,0.0
0,0,0,0,25,0.14,96.2,1.1,273,2026-09-30 23:00:00,PT5M,0.0,0.0,0.0,0.0,0.0
0,0,0,0,25,0.14,96.2,1.1,272,2026-09-30 23:05:00,PT5M,0.0,0.0,0.0,0.0,0.0
0,0,0,0,25,0.14,96.3,1.1,271,2026-09-30 23:10:00,PT5M,0.0,0.0,0.0,0.0,0.0
0,0,0,0,25,0.14,96.3,1.1,269,2026-09-30 23:15:00,PT5M,0.0,0.0,0.0,0.0,0.0
0,0,0,0,25,0.14,96.4,1.2,268,2026-09-30 23:20:00,PT5M,0.0,0.0,0.0,0.0,0.0
0,0,0,0,25,0.14,96.4,1.2,267,2026-09-30 23:25:00,PT5M,0.0,0.0,0.0,0.0,0.0
0,0,0,0,25,0.14,96.5,1.2,266,2026-09-30 23:30:00,PT5M,0.0,0.0,0.0,0.0,0.0
0,0,0,0,25,0.14,96.4,1.2,265,2026-09-30 23:35:00,PT5M,0.0,0.0,0.0,0.0,0.0
0,0,0,0,25,0.14,96.3,1.3,264,2026-09-30 23:40:00,PT5M,0.0,0.0,0.0,0.0,0.0
0,0,0,0,25,0.14,96.1,1.3,263,2026-09-30 23:45:00,PT5M,0.0,0.0,0.0,0.0,0.0
0,0,0,0,25,0.14,96.0,1.4,262,2026-09-30 23:50:00,PT5M,0.0,0.0,0.0,0.0,0.0
0,0,0,0,25,0.14,95.8,1.4,261,2026-09-30 23:55:00,PT5M,0.0,0.0,0.0,0.0,0.0
0,0,0,0,25,0.14,95.7,1.4,261,2026-10-01 00:00:00,PT5M,0.0,0.0,0.0,0.0,0.0
0,0,0,0,25,0.14,95.6,1.5,260,2026-10-01 00:05:00,PT5M,0.0,0.0,0.0,0.0,0.0
0,0,0,0,25,0.14,95.4,1.5,259,2026-10-01 00:10:00,PT5M,0.0,0.0,0.0,0.0,0.0
0,0,0,0,25,0.14,95.3,1.6,259,2026-10-01 00:15:00,PT5M,0.0,0.0,0.0,0.0,0.0
0,0,0,0,25,0.14,95.1,1.6,258,2026-10-01 00:20:00,PT5M,0.0,0.0,0.0,0.0,0.0
0,0,0,0,25,0.14,95.0,1.7,258,2026-10-01 00:25:00,PT5M,0.0,0.0,0.0,0.0,0.0
0,0,0,0,25,0.14,94.8,1.7,257,2026-10-01 00:30:00,PT5M,0.0,0.0,0.0,0.0,0.0
0,0,0,0,25,0.14,94.7,1.7,257,2026-10-01 00:35:00,PT5M,0.0,0.0,0.0,0.0,0.0
0,0,0,0,25,0.14,94.5,1.7,258,2026-10-01 00:40:00,PT5M,0.0,0.0,0.0,0.0,0.0
0,0,0,0,25,0.14,94.3,1.7,258,2026-10-01 00:45:00,PT5M,0.0,0.0,0.0,0.0,0.0
0,0,0,0,25,0.14,94.1,1.7,259,2026-10-01 00:50:00,PT5M,0.0,0.0,0.0,0.0,0.0
0,0,0,0,25,0.14,93.9,1.7,259,2026-10-01 00:55:00,PT5M,0.0,0.0,0.0,0.0,0.0
0,0,0,0,25,0.14,93.7,1.7,260,2026-10-01 01:00:00,PT5M,0.0,0.0,0.0,0.0,0.0
0,0,0,0,25,0.14,93.5,1.7,260,2026-10-01 01:05:00,PT5M,0.0,0.0,0.0,0.0,0.0
0,0,0,0,25,0.14,93.4,1.7,261,2026-10-01 01:10:00,PT5M,0.0,0.0,0.0,0.0,0.0
0,0,0,0,25,0.14,93.2,1.7,261,2026-10-01 01:15:00,PT5M,0.0,0.0,0.0,0.0,0.0
0,0,0,0,25,0.14,93.0,1.7,262,2026-10-01 01:20:00,PT5M,0.0,0.0,0.0,0.0,0.0
0,0,0,0,25,0.14,92.8,1.7,262,2026-10-01 01:25:00,PT5M,0.0,0.0,0.0,0.0,0.0
0,0,0,0,25,0.14,92.6,1.7,263,2026-10-01 01:30:00,PT5M,0.0,0.0,0.0,0.0,0.0
0,0,0,0,25,0.14,92.6,1.7,264,2026-10-01 01:35:00,PT5M,0.0,0.0,0.0,0.0,0.0
0,0,0,0,25,0.14,92.6,1.7,265,2026-10-01 01:40:00,PT5M,0.0,0.0,0.0,0.0,0.0
0,0,0,0,25,0.14,92.7,1.7,265,2026-10-01 01:45:00,PT5M,0.0,0.0,0.0,0.0,0.0
0,0,0,0,25,0.14,92.8,1.7,266,2026-10-01 01:50:00,PT5M,0.0,0.0,0.0,0.0,0.0
0,0,0,0,25,0.14,92.9,1.7,267,2026-10-01 01:55:00,PT5M,0.0,0.0,0.0,0.0,0.0
0,0,0,0,25,0.14,93.0,1.7,268,2026-10-01 02:00:00,PT5M,0.0,0.0,0.0,0.0,0.0
0,0,0,0,25,0.14,93.1,1.7,269,2026-10-01 02:05:00,PT5M,0.0,0.0,0.0,0.0,0.0
0,0,0,0,25,0.14,93.2,1.7,270,2026-10-01 02:10:00,PT5M,0.0,0.0,0.0,0.0,0.0
0,0,0,0,25,0.14,93.3,1.7,270,2026-10-01 02:15:00,PT5M,0.0,0.0,0.0,0.0,0.0
0,0,0,0,25,0.14,93.4,1.7,271,2026-10-01 02:20:00,PT5M,0.0,0.0,0.0,0.0,0.0
0,0,0,0,25,0.14,93.5,1.7,272,2026-10-01 02:25:00,PT5M,0.0,0.0,0.0,0.0,0.0
0,0,0,0,25,0.14,93.6,1.7,273,2026-10-01 02:30:00,PT5M,0.0,0.0,0.0,0.0,0.0
0,0,0,0,25,0.14,93.7,1.7,274,2026-10-01 02:35:00,PT5M,0.0,0.0,0.0,0.0,0.0
0,0,0,0,25,0.14,93.8,1.6,274,2026-10-01 02:40:00,PT5M,0.0,0.0,0.0,0.0,0.0
0,0,0,0,25,0.14,93.9,1.6,275,2026-10-01 02:45:00,PT5M,0.0,0.0,0.0,0.0,0.0
0,0,0,0,25,0.14,93.9,1.5,276,2026-10-01 02:50:00,PT5M,0.0,0.0,0.0,0.0,0.0
0,0,0,0,25,0.14,94.0,1.4,277,2026-10-01 02:55:00,PT5M,0.0,0.0,0.0,0.0,0.0
0,0,0,0,25,0.14,94.1,1.4,278,2026-10-01 03:00:00,PT5M,0.0,0.0,0.0,0.0,0.0
0,0,0,0,25,0.14,94.2,1.3,279,2026-10-01 03:05:00,PT5M,0.0,0.0,0.0,0.0,0.0
0,0,0,0,25,0.14,94.3,1.3,280,2026-10-01 03:10:00,PT5M,0.0,0.0,0.0,0.0,0.0
0,0,0,0,25,0.14,94.4,1.2,281,2026-10-01 03:15:00,PT5M,0.0,0.0,0.0,0.0,0.0
0,0,0,0,25,0.14,94.5,1.2,283,2026-10-01 03:20:00,PT5M,0.0,0.0,0.0,0.0,0.0
0,0,0,0,25,0.14,94.6,1.1,284,2026-10-01 03:25:00,PT5M,0.0,0.0,0.0,0.0,0.0
0,0,0,0,25,0.14,94.7,1.1,286,2026-10-01 03:30:00,PT5M,0.0,0.0,0.0,0.0,0.0
0,0,0,0,25,0.14,94.8,1.0,287,2026-10-01 03:35:00,PT5M,0.0,0.0,0.0,0.0,0.0
0,0,0,0,25,0.14,95.0,0.9,288,2026-10-01 03:40:00,PT5M,0.0,0.0,0.0,0.0,0.0
0,0,0,0,25,0.14,95.1,0.9,290,2026-10-01 03:45:00,PT5M,0.0,0.0,0.0,0.0,0.0
0,0,0,0,25,0.14,95.2,0.8,291,2026-10-01 03:50:00,PT5M,0.0,0.0,0.0,0.0,0.0
0,0,0,0,25,0.14,95.4,0.8,293,2026-10-01 03:55:00,PT5M,0.0,0.0,0.0,0.0,0.0
0,0,0,0,25,0.14,95.5,0.7,295,2026-10-01 04:00:00,PT5M,0.0,0.0,0.0,0.0,0.0
0,0,0,0,25,0.14,95.7,0.6,298,2026-10-01 04:05:00,PT5M,0.0,0.0,0.0,0.0,0.0
0,0,0,0,25,0.14,95.8,0.6,301,2026-10-01 04:10:00,PT5M,0.0,0.0,0.0,0.0,0.0
0,0,0,0,25,0.14,96.0,0.5,305,2026-10-01 04:15:00,PT5M,0.0,0.0,0.0,0.0,0.0
0,0,0,0,25,0.14,96.1,0.5,309,2026-10-01 04:20:00,PT5M,0.0,0.0,0.0,0.0,0.0
0,0,0,0,25,0.14,96.2,0.4,315,2026-10-01 04:25:00,PT5M,0.0,0.0,0.0,0.0,0.0
0,0,0,0,25,0.14,96.4,0.4,322,2026-10-01 04:30:00,PT5M,0.0,0.0,0.0,0.0,0.0
0,0,0,0,25,0.14,96.5,0.3,325,2026-10-01 04:35:00,PT5M,0.0,0.0,0.0,0.0,0.0
0,0,0,0,25,0.14,96.5,0.3,321,2026-10-01 04:40:00,PT5M,0.0,0.0,0.0,0.0,0.0
0,0,0,0,25,0.14,96.5,0.3,317,2026-10-01 04:45:00,PT5M,0.0,0.0,0.0,0.0,0.0
0,0,0,0,25,0.14,96.5,0.3,313,2026-10-01 04:50:00,PT5M,0.0,0.0,0.0,0.0,0.0
0,0,0,0,25,0.14,96.5,0.3,307,2026-10-01 04:55:00,PT5M,0.0,0.0,0.0,0.0,0.0
0,0,0,0,25,0.14,96.5,0.2,300,2026-10-01 05:00:00,PT5M,0.0,0.0,0.0,0.0,0.0
0,0,0,0,25,0.14,96.5,0.2,293,2026-10-01 05:05:00,PT5M,0.0,0.0,0.0,0.0,0.0
0,0,0,0,25,0.14,96.5,0.2,284,2026-10-01 05:10:00,PT5M,0.0,0.0,0.0,0.0,0.0
0,0,0,0,25,0.14,96.5,0.2,275,2026-10-01 05:15:00,PT5M,0.0,0.0,0.0,0.0,0.0
0,0,0,0,25,0.14,96.5,0.2,265,2026-10-01 05:20:00,PT5M,0.0,0.0,0.0,0.0,0.0
0,0,0,0,25,0.14,96.5,0.2,256,2026-10-01 05:25:00,PT5M,0.0,0.0,0.0,0.0,0.0
0,0,0,0,25,0.14,96.5,0.2,247,2026-10-01 05:30:00,PT5M,0.0,0.0,0.0,0.0,0.0
0,0,0,0,25,0.14,96.3,0.2,243,2026-10-01 05:35:00,PT5M,0.0,0.0,0.0,0.0,0.0
0,0,0,0,25,0.14,96.1,0.3,241,2026-10-01 05:40:00,PT5M,0.0,0.0,0.0,0.0,0.0
0,0,0,0,25,0.14,95.9,0.3,240,2026-10-01 05:45:00,PT5M,0.0,0.0,0.0,0.0,0.0
0,0,0,0,25,0.14,95.6,0.3,238,2026-10-01 05:50:00,PT5M,0.0,0.0,0.0,0.0,0.0
0,0,0,0,25,0.14,95.4,0.3,238,2026-10-01 05:55:00,PT5M,0.0,0.0,0.0,0.0,0.0
2,2,0,2,25,0.14,95.2,0.3,237,2026-10-01 06:00:00,PT5M,0.0,0.0,0.0,0.0,0.0
6,6,0,6,25,0.14,94.9,0.4,236,2026-10-01 06:05:00,PT5M,0.175,0.554,0.3745,0.0,0.0
12,12,0,12,25,0.14,94.7,0.4,235,2026-10-01 06:10:00,PT5M,0.915,1.9225,1.4453,0.3847,0.0
18,18,0,18,25,0.14,94.5,0.4,235,2026-10-01 06:15:00,PT5M,1.708,3.3765,2.5861,0.8299,0.0395
25,25,0,25,25,0.14,94.2,0.4,234,2026-10-01 06:20:00,PT5M,2.551,5.1045,3.8949,1.2071,0.0
32,32,0,32,25,0.14,94.0,0.5,234,2026-10-01 06:25:00,PT5M,3.495,7.084,5.3839,1.6061,0.0
41,41,0,41,25,0.14,93.8,0.5,233,2026-10-01 06:30:00,PT5M,4.624,9.471,7.175,2.073,0.0
50,50,0,50,25,0.14,93.2,0.5,231,2026-10-01 06:35:00,PT5M,5.854,12.0615,9.1211,2.5869,0.0
62,62,0,62,25,0.14,92.4,0.5,227,2026-10-01 06:40:00,PT5M,7.231,14.837,11.2341,3.2279,0.0
74,74,0,74,26,0.14,91.6,0.6,223,2026-10-01 06:45:00,PT5M,8.82,17.87,13.5831,4.0569,0.0
88,88,0,88,26,0.14,90.8,0.6,220,2026-10-01 06:50:00,PT5M,10.567,21.0975,16.1093,5.0247,0.0365
102,103,0,103,26,0.14,89.9,0.6,217,2026-10-01 06:55:00,PT5M,12.331,24.411,18.6888,5.9732,0.251
118,118,6,116,26,0.14,89.2,0.6,214,2026-10-01 07:00:00,PT5M,14.469,28.169,21.6794,7.2586,0.769
134,134,26,126,26,0.14,88.4,0.7,211,2026-10-01 07:05:00,PT5M,17.342,32.739,25.4456,9.2384,1.945
150,150,47,136,26,0.14,87.6,0.7,209,2026-10-01 07:10:00,PT5M,20.616,37.75,29.6337,11.5983,3.482
168,168,70,145,26,0.14,86.8,0.7,207,2026-10-01 07:15:00,PT5M,24.19,43.0815,34.1327,14.2473,5.2985
186,186,93,153,26,0.14,86.0,0.8,205,2026-10-01 07:20:00,PT5M,28.032,48.6895,38.9042,17.1598,7.3745
205,205,117,161,27,0.14,85.3,0.8,203,2026-10-01 07:25:00,PT5M,32.02,54.4425,43.8211,20.2189,9.5975
225,224,143,169,27,0.14,84.5,0.8,201,2026-10-01 07:30:00,PT5M,36.427,60.6165,49.1581,23.6959,12.2375
244,242,162,176,27,0.14,83.8,0.8,201,2026-10-01 07:35:00,PT5M,40.364,66.429,54.0822,26.6458,14.299
260,259,174,184,27,0.14,83.0,0.8,202,2026-10-01 07:40:00,PT5M,43.634,71.769,58.4417,28.8263,15.499
277,276,186,192,27,0.14,82.2,0.8,203,2026-10-01 07:45:00,PT5M,46.207,75.172,61.4515,30.9625,17.242
294,292,198,200,27,0.14,81.4,0.7,204,2026-10-01 07:50:00,PT5M,48.67,78.3295,64.28,33.06,19.0105
311,309,210,207,27,0.14,80.7,0.7,205,2026-10-01 07:55:00,PT5M,51.054,81.35,66.999,35.109,20.758
328,326,221,214,27,0.14,79.9,0.7,206,2026-10-01 08:00:00,PT5M,53.354,84.224,69.6011,37.1069,22.484
345,343,232,221,28,0.14,79.2,0.7,207,2026-10-01 08:05:00,PT5M,55.56,86.933,72.0718,39.0482,24.187
362,359,243,228,28,0.14,78.5,0.6,209,2026-10-01 08:10:00,PT5M,57.62,89.4175,74.3553,40.8847,25.8225
378,376,253,234,28,0.14,77.7,0.6,210,2026-10-01 08:15:00,PT5M,59.616,91.754,76.5305,42.7015,27.478
395,392,264,240,28,0.14,77.0,0.6,212,2026-10-01 08:20:00,PT5M,61.506,93.9195,78.5655,44.4465,29.0925
412,409,273,246,28,0.14,76.3,0.5,214,2026-10-01 08:25:00,PT5M,63.299,95.8695,80.4411,46.1569,30.7285
428,425,283,252,28,0.14,75.6,0.5,216,2026-10-01 08:30:00,PT5M,65.013,97.693,82.2127,47.8133,32.333
443,440,289,258,28,0.14,75.0,0.5,215,2026-10-01 08:35:00,PT5M,66.371,99.1645,83.6305,49.1115,33.5775
457,453,292,265,29,0.14,74.4,0.4,210,2026-10-01 08:40:00,PT5M,67.384,100.0,84.71,50.058,34.464
470,467,294,272,29,0.14,73.8,0.4,203,2026-10-01 08:45:00,PT5M,68.332,100.0,85.7141,50.9499,35.3055
483,480,297,279,29,0.14,73.2,0.4,196,2026-10-01 08:50:00,PT5M,69.23,100.0,86.6571,51.8029,36.118
496,492,299,285,29,0.14,72.7,0.3,187,2026-10-01 08:55:00,PT5M,70.083,100.0,87.5446,52.6214,36.9055
508,504,301,291,29,0.14,72.1,0.3,176,2026-10-01 09:00:00,PT5M,70.9,100.0,88.3871,53.4129,37.674
520,517,303,297,29,0.14,71.5,0.3,165,2026-10-01 09:05:00,PT5M,71.782,100.0,89.2788,54.2852,38.5375
533,529,306,303,29,0.14,71.0,0.3,153,2026-10-01 09:10:00,PT5M,72.62,100.0,90.1197,55.1203,39.37
544,541,308,309,29,0.14,70.4,0.3,143,2026-10-01 09:15:00,PT5M,73.419,100.0,90.915,55.923,40.176
556,552,310,314,29,0.14,69.9,0.4,134,2026-10-01 09:20:00,PT5M,74.179,100.0,91.6656,56.6924,40.954
567,563,312,320,30,0.14,69.4,0.4,126,2026-10-01 09:25:00,PT5M,74.901,100.0,92.3728,57.4292,41.704
578,574,314,325,30,0.14,68.8,0.4,119,2026-10-01 09:30:00,PT5M,75.589,100.0,93.0424,58.1356,42.427
587,583,314,331,30,0.14,68.4,0.5,116,2026-10-01 09:35:00,PT5M,76.102,100.0,93.568,58.636,42.916
595,592,311,337,30,0.14,68.0,0.5,115,2026-10-01 09:40:00,PT5M,76.449,100.0,93.9132,58.9848,43.2665
603,599,308,344,30,0.14,67.7,0.6,115,2026-10-01 09:45:00,PT5M,76.727,100.0,94.112,59.342,43.695
610,606,305,350,30,0.14,67.3,0.6,114,2026-10-01 09:50:00,PT5M,76.972,100.0,94.2867,59.6573,44.0735
616,613,301,356,30,0.14,67.0,0.7,114,2026-10-01 09:55:00,PT5M,77.194,100.0,94.4466,59.9414,44.4135
622,619,298,362,30,0.14,66.6,0.7,113,2026-10-01 10:00:00,PT5M,77.388,100.0,94.5893,60.1867,44.705
628,624,294,368,30,0.14,66.3,0.8,113,2026-10-01 10:05:00,PT5M,77.557,100.0,94.7151,60.3989,44.956
633,629,290,373,30,0.14,65.9,0.8,113,2026-10-01 10:10:00,PT5M,77.702,100.0,94.8249,60.5791,45.168
638,634,286,379,31,0.14,65.6,0.9,112,2026-10-01 10:15:00,PT5M,77.822,100.0,94.9178,60.7262,45.3395
642,639,282,384,31,0.14,65.2,0.9,112,2026-10-01 10:20:00,PT5M,77.919,100.0,94.9948,60.8432,45.4745
646,642,278,390,31,0.14,64.9,1.0,112,2026-10-01 10:25:00,PT5M,77.995,100.0,95.0576,60.9324,45.5755
649,646,274,395,31,0.14,64.6,1.1,112,2026-10-01 10:30:00,PT5M,78.051,100.0,95.1068,60.9952,45.6445
651,647,267,400,31,0.14,64.2,1.1,113,2026-10-01 10:35:00,PT5M,77.862,100.0,94.9475,60.7765,45.399
649,646,257,407,31,0.14,63.9,1.1,114,2026-10-01 10:40:00,PT5M,77.431,100.0,94.5839,60.2781,44.84
648,645,247,413,31,0.14,63.6,1.1,115,2026-10-01 10:45:00,PT5M,76.981,100.0,94.2094,59.7526,44.2465
645,643,237,419,31,0.14,63.3,1.1,117,2026-10-01 10:50:00,PT5M,76.503,100.0,93.8167,59.1893,43.6065
643,640,227,424,31,0.14,63.0,1.1,118,2026-10-01 10:55:00,PT5M,75.976,100.0,93.3928,58.5592,42.8835
640,637,217,429,31,0.14,62.7,1.1,119,2026-10-01 11:00:00,PT5M,75.414,100.0,92.9398,57.8882,42.1145
636,634,207,434,31,0.14,62.4,1.1,121,2026-10-01 11:05:00,PT5M,74.893,100.0,92.5211,57.2649,41.399
632,630,198,439,32,0.14,62.1,1.1,122,2026-10-01 11:10:00,PT5M,74.357,100.0,92.0914,56.6226,40.661
628,626,189,443,32,0.14,61.8,1.1,123,2026-10-01 11:15:00,PT5M,73.769,100.0,91.6242,55.9138,39.8435
623,621,179,446,32,0.14,61.6,1.1,125,2026-10-01 11:20:00,PT5M,73.15,100.0,91.1329,55.1671,38.982
618,616,170,450,32,0.14,61.3,1.1,126,2026-10-01 11:25:00,PT5M,72.503,100.0,90.6198,54.3862,38.0805
612,611,161,453,32,0.14,61.0,1.1,127,2026-10-01 11:30:00,PT5M,71.83,100.0,90.0852,53.5748,37.1445
608,606,154,455,32,0.14,60.6,1.1,128,2026-10-01 11:35:00,PT5M,71.273,100.0,89.6522,52.8938,36.352
604,603,148,458,32,0.14,60.1,1.1,127,2026-10-01 11:40:00,PT5M,70.827,100.0,89.3159,52.3381,35.6975
600,599,142,459,32,0.14,59.6,1.1,126,2026-10-01 11:45:00,PT5M,70.346,100.0,88.9496,51.7424,34.9985
596,595,136,461,32,0.14,59.1,1.1,125,2026-10-01 11:50:00,PT5M,69.831,100.0,88.5541,51.1079,34.2565
591,590,130,462,32,0.14,58.6,1.0,124,2026-10-01 11:55:00,PT5M,69.28,100.0,88.1271,50.4329,33.47
586,585,124,463,32,0.14,58.1,1.0,123,2026-10-01 12:00:00,PT5M,68.727,100.0,87.7022,49.7518,32.6735
580,580,118,464,33,0.14,57.7,1.0,122,2026-10-01 12:05:00,PT5M,68.147,100.0,87.2546,49.0394,31.842
575,574,112,464,33,0.14,57.2,1.0,121,2026-10-01 12:10:00,PT5M,67.53,100.0,86.7736,48.2864,30.9665
569,568,106,464,33,0.14,56.7,1.0,120,2026-10-01 12:15:00,PT5M,66.947,100.0,86.3304,47.5636,30.118
562,562,100,464,33,0.14,56.3,0.9,119,2026-10-01 12:20:00,PT5M,66.242,100.0,85.768,46.716,29.142
556,555,94,464,33,0.14,55.8,0.9,118,2026-10-01 12:25:00,PT5M,65.503,100.0,85.1743,45.8317,28.127
549,548,88,463,33,0.14,55.4,0.9,117,2026-10-01 12:30:00,PT5M,64.734,100.0,84.5524,44.9156,27.0785
543,543,84,462,33,0.14,56.2,1.0,113,2026-10-01 12:35:00,PT5M,64.191,100.0,84.1151,44.2669,26.3345
539,539,82,460,32,0.14,58.4,1.3,108,2026-10-01 12:40:00,PT5M,63.871,100.0,83.8601,43.8819,25.891
535,535,79,458,32,0.14,60.7,1.6,105,2026-10-01 12:45:00,PT5M,63.49,100.0,83.552,43.428,25.3715
530,530,77,456,31,0.14,63.0,1.9,103,2026-10-01 12:50:00,PT5M,63.053,100.0,83.1945,42.9115,24.7835
526,526,75,454,31,0.14,65.5,2.2,102,2026-10-01 12:55:00,PT5M,62.619,100.0,82.8368,42.4012,24.2045
520,520,72,452,30,0.14,68.1,2.5,100,2026-10-01 13:00:00,PT5M,62.211,100.0,82.498,41.924,23.665
515,515,70,449,30,0.14,70.8,2.8,99,2026-10-01 13:05:00,PT5M,61.697,100.0,82.0675,41.3265,22.9925
509,509,67,446,29,0.14,73.6,3.1,99,2026-10-01 13:10:00,PT5M,61.133,100.0,81.5921,40.6739,22.26
503,503,65,443,29,0.14,76.5,3.4,98,2026-10-01 13:15:00,PT5M,60.526,99.574,81.0772,39.9748,21.478
497,497,62,440,28,0.14,79.5,3.7,97,2026-10-01 13:20:00,PT5M,59.881,99.1095,80.5272,39.2348,20.6525
490,491,59,437,27,0.14,82.7,4.0,97,2026-10-01 13:25:00,PT5M,59.201,98.614,79.9443,38.4577,19.788
484,484,57,433,27,0.14,86.0,4.3,97,2026-10-01 13:30:00,PT5M,58.487,98.0885,79.3296,37.6444,18.8855
473,474,51,429,27,0.14,87.7,4.3,97,2026-10-01 13:35:00,PT5M,57.277,97.2075,78.2927,36.2613,17.3465
460,461,41,424,27,0.14,87.6,4.0,98,2026-10-01 13:40:00,PT5M,55.573,95.9665,76.8324,34.3136,15.1795
446,447,32,419,27,0.14,87.5,3.7,100,2026-10-01 13:45:00,PT5M,53.842,94.3635,75.1688,32.5152,13.3205
433,434,24,413,27,0.14,87.5,3.4,101,2026-10-01 13:50:00,PT5M,52.468,93.085,73.845,31.091,11.851
419,420,15,407,27,0.14,87.4,3.1,103,2026-10-01 13:55:00,PT5M,50.697,91.3855,72.1116,29.2824,10.0085
406,407,7,401,27,0.14,87.3,2.8,105,2026-10-01 14:00:00,PT5M,48.897,89.633,70.3366,27.4574,8.161
393,394,0,394,27,0.14,87.2,2.5,108,2026-10-01 14:05:00,PT5M,47.082,87.8405,68.5335,25.6305,6.3235
379,381,0,381,27,0.14,87.1,2.2,112,2026-10-01 14:10:00,PT5M,45.453,86.208,66.9026,24.0034,4.698
366,367,0,367,27,0.14,87.1,1.9,117,2026-10-01 14:15:00,PT5M,43.814,84.5145,65.235,22.393,3.1135
353,354,0,354,27,0.14,87.0,1.7,123,2026-10-01 14:20:00,PT5M,42.18,82.7775,63.5468,20.8132,1.5825
340,341,0,341,27,0.14,86.9,1.4,131,2026-10-01 14:25:00,PT5M,40.559,81.052,61.8708,19.2472,0.066
327,328,0,328,27,0.14,86.8,1.2,142,2026-10-01 14:30:00,PT5M,38.952,79.307,60.1911,17.7129,0.0
317,318,0,318,27,0.14,86.6,1.1,154,2026-10-01 14:35:00,PT5M,37.752,77.8375,58.8493,16.6547,0.0
311,312,0,312,27,0.14,86.3,1.0,164,2026-10-01 14:40:00,PT5M,36.929,76.6295,57.8237,16.0343,0.0
304,305,0,305,27,0.14,85.9,1.0,177,2026-10-01 14:45:00,PT5M,36.077,75.3685,56.7564,15.3976,0.0
297,298,0,298,27,0.14,85.6,1.0,190,2026-10-01 14:50:00,PT5M,35.199,74.0555,55.6495,14.7485,0.0
290,291,0,291,27,0.14,85.2,1.0,202,2026-10-01 14:55:00,PT5M,34.311,72.738,54.5354,14.0866,0.0
283,284,0,284,27,0.14,84.9,1.1,213,2026-10-01 15:00:00,PT5M,33.414,71.4155,53.4145,13.4135,0.0
276,277,0,277,27,0.14,84.5,1.2,222,2026-10-01 15:05:00,PT5M,32.49,70.035,52.2502,12.7298,0.0
268,269,0,269,27,0.14,84.2,1.3,230,2026-10-01 15:10:00,PT5M,31.541,68.5985,51.0446,12.0374,0.0
261,261,0,261,27,0.14,83.9,1.5,235,2026-10-01 15:15:00,PT5M,30.557,67.092,49.7856,11.3284,0.0
253,253,0,253,27,0.14,83.5,1.7,240,2026-10-01 15:20:00,PT5M,29.538,65.512,48.4714,10.6046,0.0
244,245,0,245,27,0.14,83.2,1.9,244,2026-10-01 15:25:00,PT5M,28.495,63.8645,47.1102,9.8798,0.0
236,237,0,237,27,0.14,82.9,2.1,247,2026-10-01 15:30:00,PT5M,27.43,62.1455,45.701,9.159,0.0
227,228,0,228,27,0.14,82.9,2.1,248,2026-10-01 15:35:00,PT5M,26.374,63.025,45.6637,7.0843,0.0
219,220,0,220,27,0.14,83.2,2.1,248,2026-10-01 15:40:00,PT5M,25.377,61.38,44.3256,6.4284,0.0
210,211,0,211,27,0.14,83.6,2.1,247,2026-10-01 15:45:00,PT5M,24.367,59.6455,42.9343,5.7997,0.0
201,202,0,202,27,0.14,84.0,2.0,247,2026-10-01 15:50:00,PT5M,23.343,57.8225,41.4898,5.1962,0.0
192,193,0,193,27,0.14,84.4,2.0,247,2026-10-01 15:55:00,PT5M,22.302,55.9165,39.9936,4.6104,0.0
183,184,0,184,27,0.14,84.7,2.0,246,2026-10-01 16:00:00,PT5M,21.241,53.931,38.446,4.036,0.0
174,175,0,175,27,0.14,85.1,2.0,246,2026-10-01 16:05:00,PT5M,20.161,51.8745,36.852,3.47,0.0
165,165,0,165,27,0.14,85.5,1.9,245,2026-10-01 16:10:00,PT5M,19.065,49.753,35.2163,2.9137,0.0
156,156,0,156,27,0.14,85.9,1.9,245,2026-10-01 16:15:00,PT5M,18.181,47.154,33.4297,2.9323,0.0
146,147,0,147,27,0.14,86.2,1.9,245,2026-10-01 16:20:00,PT5M,17.28,44.1375,31.4153,3.1447,0.0
137,137,0,137,26,0.14,86.6,1.8,244,2026-10-01 16:25:00,PT5M,16.284,41.069,29.3285,3.2395,0.0
127,128,0,128,26,0.14,87.0,1.8,244,2026-10-01 16:30:00,PT5M,15.237,37.9825,27.2081,3.2659,0.0
118,118,0,118,26,0.14,87.2,1.8,244,2026-10-01 16:35:00,PT5M,14.148,34.8065,25.0207,3.2753,0.0
108,109,0,109,26,0.14,87.3,1.7,244,2026-10-01 16:40:00,PT5M,13.009,31.559,22.772,3.246,0.0
99,99,0,99,26,0.14,87.4,1.7,245,2026-10-01 16:45:00,PT5M,11.846,28.3455,20.5298,3.1622,0.0
89,90,0,90,26,0.14,87.5,1.7,245,2026-10-01 16:50:00,PT5M,10.682,25.207,18.3266,3.0374,0.0
80,80,0,80,26,0.14,87.6,1.7,246,2026-10-01 16:55:00,PT5M,9.526,22.178,16.1848,2.8672,0.0
70,71,0,71,26,0.14,87.7,1.6,246,2026-10-01 17:00:00,PT5M,8.355,19.27,14.0996,2.6104,0.0
61,62,0,62,26,0.14,87.8,1.6,247,2026-10-01 17:05:00,PT5M,7.206,16.5045,12.0999,2.3121,0.0
53,53,0,53,26,0.14,87.9,1.6,247,2026-10-01 17:10:00,PT5M,6.04,13.802,10.1252,1.9548,0.0
44,44,0,44,26,0.14,87.9,1.6,248,2026-10-01 17:15:00,PT5M,5.019,11.359,8.3558,1.6822,0.0
37,37,0,37,26,0.14,88.0,1.5,249,2026-10-01 17:20:00,PT5M,4.083,9.082,6.714,1.452,0.0
30,30,0,30,26,0.14,88.1,1.5,249,2026-10-01 17:25:00,PT5M,3.146,6.9525,5.1494,1.1426,0.0
23,23,0,23,26,0.14,88.2,1.5,250,2026-10-01 17:30:00,PT5M,2.315,5.1065,3.7842,0.8458,0.0
17,17,0,17,26,0.14,88.4,1.5,251,2026-10-01 17:35:00,PT5M,1.599,3.589,2.6464,0.5516,0.0
12,12,0,12,26,0.14,88.6,1.4,252,2026-10-01 17:40:00,PT5M,0.92,2.1205,1.5518,0.2882,0.0
7,7,0,7,26,0.14,88.9,1.4,254,2026-10-01 17:45:00,PT5M,0.279,0.8545,0.5819,0.0,0.0
3,3,0,3,26,0.14,89.2,1.4,255,2026-10-01 17:50:00,PT5M,0.0,0.027,0.0142,0.0,0.0
0,0,0,0,26,0.14,89.4,1.3,256,2026-10-01 17:55:00,PT5M,0.0,0.0,0.0,0.0,0.0
0,0,0,0,26,0.14,89.7,1.3,258,2026-10-01 18:00:00,PT5M,0.0,0.0,0.0,0.0,0.0
0,0,0,0,26,0.14,90.0,1.3,260,2026-10-01 18:05:00,PT5M,0.0,0.0,0.0,0.0,0.0
0,0,0,0,26,0.14,90.2,1.2,261,2026-10-01 18:10:00,PT5M,0.0,0.0,0.0,0.0,0.0
0,0,0,0,26,0.14,90.5,1.2,263,2026-10-01 18:15:00,PT5M,0.0,0.0,0.0,0.0,0.0
0,0,0,0,26,0.14,90.8,1.2,265,2026-10-01 18:20:00,PT5M,0.0,0.0,0.0,0.0,0.0
0,0,0,0,26,0.14,91.0,1.1,267,2026-10-01 18:25:00,PT5M,0.0,0.0,0.0,0.0,0.0
0,0,0,0,26,0.14,91.3,1.1,269,2026-10-01 18:30:00,PT5M,0.0,0.0,0.0,0.0,0.0
0,0,0,0,26,0.14,91.6,1.1,270,2026-10-01 18:35:00,PT5M,0.0,0.0,0.0,0.0,0.0
0,0,0,0,26,0.14,91.8,1.0,269,2026-10-01 18:40:00,PT5M,0.0,0.0,0.0,0.0,0.0
0,0,0,0,26,0.14,92.0,1.0,268,2026-10-01 18:45:00,PT5M,0.0,0.0,0.0,0.0,0.0
0,0,0,0,26,0.14,92.2,1.0,267,2026-10-01 18:50:00,PT5M,0.0,0.0,0.0,0.0,0.0
0,0,0,0,26,0.14,92.5,0.9,265,2026-10-01 18:55:00,PT5M,0.0,0.0,0.0,0.0,0.0
0,0,0,0,26,0.14,92.7,0.9,264,2026-10-01 19:00:00,PT5M,0.0,0.0,0.0,0.0,0.0
0,0,0,0,26,0.14,92.9,0.8,263,2026-10-01 19:05:00,PT5M,0.0,0.0,0.0,0.0,0.0
0,0,0,0,26,0.14,93.2,0.8,261,2026-10-01 19:10:00,PT5M,0.0,0.0,0.0,0.0,0.0
0,0,0,0,26,0.14,93.4,0.8,259,2026-10-01 19:15:00,PT5M,0.0,0.0,0.0,0.0,0.0
0,0,0,0,26,0.14,93.6,0.7,257,2026-10-01 19:20:00,PT5M,0.0,0.0,0.0,0.0,0.0
0,0,0,0,25,0.14,93.9,0.7,255,2026-10-01 19:25:00,PT5M,0.0,0.0,0.0,0.0,0.0
0,0,0,0,25,0.14,94.1,0.6,253,2026-10-01 19:30:00,PT5M,0.0,0.0,0.0,0.0,0.0
0,0,0,0,25,0.14,94.2,0.6,252,2026-10-01 19:35:00,PT5M,0.0,0.0,0.0,0.0,0.0
0,0,0,0,25,0.14,94.2,0.7,252,2026-10-01 19:40:00,PT5M,0.0,0.0,0.0,0.0,0.0
0,0,0,0,25,0.14,94.2,0.7,252,2026-10-01 19:45:00,PT5M,0.0,0.0,0.0,0.0,0.0
0,0,0,0,25,0.14,94.2,0.8,252,2026-10-01 19:50:00,PT5M,0.0,0.0,0.0,0.0,0.0
0,0,0,0,25,0.14,94.2,0.8,252,2026-10-01 19:55:00,PT5M,0.0,0.0,0.0,0.0,0.0
0,0,0,0,25,0.14,94.2,0.8,253,2026-10-01 20:00:00,PT5M,0.0,0.0,0.0,0.0,0.0
0,0,0,0,25,0.14,94.2,0.9,253,2026-10-01 20:05:00,PT5M,0.0,0.0,0.0,0.0,0.0
0,0,0,0,25,0.14,94.2,0.9,253,2026-10-01 20:10:00,PT5M,0.0,0.0,0.0,0.0,0.0
0,0,0,0,25,0.14,94.2,0.9,253,2026-10-01 20:15:00,PT5M,0.0,0.0,0.0,0.0,0.0
0,0,0,0,25,0.14,94.2,1.0,253,2026-10-01 20:20:00,PT5M,0.0,0.0,0.0,0.0,0.0
0,0,0,0,25,0.14,94.2,1.0,253,2026-10-01 20:25:00,PT5M,0.0,0.0,0.0,0.0,0.0
0,0,0,0,25,0.14,94.2,1.0,253,2026-10-01 20:30:00,PT5M,0.0,0.0,0.0,0.0,0.0
0,0,0,0,25,0.14,94.2,1.0,254,2026-10-01 20:35:00,PT5M,0.0,0.0,0.0,0.0,0.0
0,0,0,0,25,0.14,94.3,1.1,256,2026-10-01 20:40:00,PT5M,0.0,0.0,0.0,0.0,0.0
0,0,0,0,25,0.14,94.3,1.1,258,2026-10-01 20:45:00,PT5M,0.0,0.0,0.0,0.0,0.0
0,0,0,0,25,0.14,94.4,1.1,260,2026-10-01 20:50:00,PT5M,0.0,0.0,0.0,0.0,0.0
0,0,0,0,25,0.14,94.4,1.1,262,2026-10-01 20:55:00,PT5M,0.0,0.0,0.0,0.0,0.0
0,0,0,0,25,0.14,94.5,1.1,264,2026-10-01 21:00:00,PT5M,0.0,0.0,0.0,0.0,0.0
0,0,0,0,25,0.14,94.5,1.1,266,2026-10-01 21:05:00,PT5M,0.0,0.0,0.0,0.0,0.0
0,0,0,0,25,0.14,94.5,1.1,267,2026-10-01 21:10:00,PT5M,0.0,0.0,0.0,0.0,0.0
0,0,0,0,25,0.14,94.6,1.1,269,2026-10-01 21:15:00,PT5M,0.0,0.0,0.0,0.0,0.0
0,0,0,0,25,0.14,94.6,1.2,271,2026-10-01 21:20:00,PT5M,0.0,0.0,0.0,0.0,0.0
0,0,0,0,25,0.14,94.7,1.2,272,2026-10-01 21:25:00,PT5M,0.0,0.0,0.0,0.0,0.0
0,0,0,0,25,0.14,94.7,1.2,274,2026-10-01 21:30:00,PT5M,0.0,0.0,0.0,0.0,0.0
0,0,0,0,25,0.14,94.8,1.2,276,2026-10-01 21:35:00,PT5M,0.0,0.0,0.0,0.0,0.0
0,0,0,0,25,0.14,94.8,1.2,277,2026-10-01 21:40:00,PT5M,0.0,0.0,0.0,0.0,0.0
0,0,0,0,25,0.14,94.9,1.2,279,2026-10-01 21:45:00,PT5M,0.0,0.0,0.0,0.0,0.0
0,0,0,0,25,0.14,94.9,1.2,280,2026-10-01 21:50:00,PT5M,0.0,0.0,0.0,0.0,0.0
0,0,0,0,25,0.14,95.0,1.3,281,2026-10-01 21:55:00,PT5M,0.0,0.0,0.0,0.0,0.0
0,0,0,0,25,0.14,95.0,1.3,283,2026-10-01 22:00:00,PT5M,0.0,0.0,0.0,0.0,0.0
0,0,0,0,25,0.14,95.1,1.3,284,2026-10-01 22:05:00,PT5M,0.0,0.0,0.0,0.0,0.0
0,0,0,0,25,0.14,95.1,1.3,285,2026-10-01 22:10:00,PT5M,0.0,0.0,0.0,0.0,0.0
0,0,0,0,25,0.14,95.2,1.3,287,2026-10-01 22:15:00,PT5M,0.0,0.0,0.0,0.0,0.0
0,0,0,0,25,0.14,95.2,1.3,288,2026-10-01 22:20:00,PT5M,0.0,0.0,0.0,0.0,0.0
0,0,0,0,25,0.14,95.2,1.4,289,2026-10-01 22:25:00,PT5M,0.0,0.0,0.0,0.0,0.0
0,0,0,0,25,0.14,95.3,1.4,290,2026-10-01 22:30:00,PT5M,0.0,0.0,0.0,0.0,0.0
0,0,0,0,25,0.14,95.4,1.4,291,2026-10-01 22:35:00,PT5M,0.0,0.0,0.0,0.0,0.0
0,0,0,0,25,0.14,95.5,1.4,292,2026-10-01 22:40:00,PT5M,0.0,0.0,0.0,0.0,0.0
0,0,0,0,25,0.14,95.6,1.4,293,2026-10-01 22:45:00,PT5M,0.0,0.0,0.0,0.0,0.0
0,0,0,0,25,0.14,95.7,1.4,294,2026-10-01 22:50:00,PT5M,0.0,0.0,0.0,0.0,0.0
0,0,0,0,25,0.14,95.7,1.4,295,2026-10-01 22:55:00,PT5M,0.0,0.0,0.0,0.0,0.0
0,0,0,0,25,0.14,95.8,1.3,296,2026-10-01 23:00:00,PT5M,0.0,0.0,0.0,0.0,0.0
0,0,0,0,25,0.14,95.9,1.3,297,2026-10-01 23:05:00,PT5M,0.0,0.0,0.0,0.0,0.0
0,0,0,0,25,0.14,96.0,1.3,298,2026-10-01 23:10:00,PT5M,0.0,0.0,0.0,0.0,0.0
0,0,0,0,25,0.14,96.1,1.3,299,2026-10-01 23:15:00,PT5M,0.0,0.0,0.0,0.0,0.0
0,0,0,0,25,0.14,96.2,1.3,300,2026-10-01 23:20:00,PT5M,0.0,0.0,0.0,0.0,0.0
0,0,0,0,24,0.14,96.3,1.3,301,2026-10-01 23:25:00,PT5M,0.0,0.0,0.0,0.0,0.0
0,0,0,0,24,0.14,96.4,1.3,302,2026-10-01 23:30:00,PT5M,0.0,0.0,0.0,0.0,0.0
0,0,0,0,24,0.14,96.5,1.3,303,2026-10-01 23:35:00,PT5M,0.0,0.0,0.0,0.0,0.0
0,0,0,0,24,0.14,96.5,1.2,303,2026-10-01 23:40:00,PT5M,0.0,0.0,0.0,0.0,0.0
0,0,0,0,24,0.14,96.6,1.2,303,2026-10-01 23:45:00,PT5M,0.0,0.0,0.0,0.0,0.0
0,0,0,0,24,0.14,96.6,1.2,303,2026-10-01 23:50:00,PT5M,0.0,0.0,0.0,0.0,0.0
0,0,0,0,24,0.14,96.7,1.1,303,2026-10-01 23:55:00,PT5M,0.0,0.0,0.0,0.0,0.0
0,0,0,0,24,0.14,96.7,1.1,304,2026-10-02 00:00:00,PT5M,0.0,0.0,0.0,0.0,0.0
0,0,0,0,24,0.14,96.8,1.1,304,2026-10-02 00:05:00,PT5M,0.0,0.0,0.0,0.0,0.0
0,0,0,0,24,0.14,96.8,1.0,304,2026-10-02 00:10:00,PT5M,0.0,0.0,0.0,0.0,0.0
0,0,0,0,24,0.14,96.9,1.0,304,2026-10-02 00:15:00,PT5M,0.0,0.0,0.0,0.0,0.0
0,0,0,0,24,0.14,96.9,1.0,305,2026-10-02 00:20:00,PT5M,0.0,0.0,0.0,0.0,0.0
0,0,0,0,24,0.14,97.0,0.9,305,2026-10-02 00:25:00,PT5M,0.0,0.0,0.0,0.0,0.0
0,0,0,0,24,0.14,97.0,0.9,305,2026-10-02 00:30:00,PT5M,0.0,0.0,0.0,0.0,0.0
0,0,0,0,24,0.14,97.0,0.8,306,2026-10-02 00:35:00,PT5M,0.0,0.0,0.0,0.0,0.0
0,0,0,0,24,0.14,97.0,0.8,306,2026-10-02 00:40:00,PT5M,0.0,0.0,0.0,0.0,0.0
0,0,0,0,24,0.14,97.0,0.8,306,2026-10-02 00:45:00,PT5M,0.0,0.0,0.0,0.0,0.0
0,0,0,0,24,0.14,97.0,0.8,306,2026-10-02 00:50:00,PT5M,0.0,0.0,0.0,0.0,0.0
0,0,0,0,24,0.14,97.0,0.7,306,2026-10-02 00:55:00,PT5M,0.0,0.0,0.0,0.0,0.0
0,0,0,0,24,0.14,97.0,0.7,306,2026-10-02 01:00:00,PT5M,0.0,0.0,0.0,0.0,0.0
0,0,0,0,24,0.14,97.0,0.7,306,2026-10-02 01:05:00,PT5M,0.0,0.0,0.0,0.0,0.0
0,0,0,0,24,0.14,97.0,0.6,306,2026-10-02 01:10:00,PT5M,0.0,0.0,0.0,0.0,0.0
0,0,0,0,24,0.14,97.0,0.6,306,2026-10-02 01:15:00,PT5M,0.0,0.0,0.0,0.0,0.0
0,0,0,0,24,0.14,97.0,0.6,306,2026-10-02 01:20:00,PT5M,0.0,0.0,0.0,0.0,0.0
0,0,0,0,24,0.14,97.0,0.5,307,2026-10-02 01:25:00,PT5M,0.0,0.0,0.0,0.0,0.0
0,0,0,0,24,0.14,97.0,0.5,307,2026-10-02 01:30:00,PT5M,0.0,0.0,0.0,0.0,0.0
0,0,0,0,24,0.14,97.0,0.5,306,2026-10-02 01:35:00,PT5M,0.0,0.0,0.0,0.0,0.0
0,0,0,0,24,0.14,97.0,0.5,306,2026-10-02 01:40:00,PT5M,0.0,0.0,0.0,0.0,0.0
0,0,0,0,24,0.14,97.0,0.5,305,2026-10-02 01:45:00,PT5M,0.0,0.0,0.0,0.0,0.0
0,0,0,0,24,0.14,97.0,0.5,304,2026-10-02 01:50:00,PT5M,0.0,0.0,0.0,0.0,0.0
0,0,0,0,24,0.14,97.0,0.5,303,2026-10-02 01:55:00,PT5M,0.0,0.0,0.0,0.0,0.0
0,0,0,0,24,0.14,97.0,0.5,302,2026-10-02 02:00:00,PT5M,0.0,0.0,0.0,0.0,0.0
0,0,0,0,24,0.14,97.0,0.5,302,2026-10-02 02:05:00,PT5M,0.0,0.0,0.0,0.0,0.0
0,0,0,0,24,0.14,97.0,0.5,301,2026-10-02 02:10:00,PT5M,0.0,0.0,0.0,0.0,0.0
0,0,0,0,24,0.14,97.0,0.5,300,2026-10-02 02:15:00,PT5M,0.0,0.0,0.0,0.0,0.0
0,0,0,0,24,0.14,97.0,0.5,299,2026-10-02 02:20:00,PT5M,0.0,0.0,0.0,0.0,0.0
0,0,0,0,24,0.14,97.0,0.5,298,2026-10-02 02:25:00,PT5M,0.0,0.0,0.0,0.0,0.0
0,0,0,0,24,0.14,97.0,0.4,297,2026-10-02 02:30:00,PT5M,0.0,0.0,0.0,0.0,0.0
0,0,0,0,24,0.14,97.0,0.5,297,2026-10-02 02:35:00,PT5M,0.0,0.0,0.0,0.0,0.0
0,0,0,0,24,0.14,97.0,0.5,299,2026-10-02 02:40:00,PT5M,0.0,0.0,0.0,0.0,0.0
0,0,0,0,24,0.14,97.0,0.5,301,2026-10-02 02:45:00,PT5M,0.0,0.0,0.0,0.0,0.0
0,0,0,0,24,0.14,97.0,0.5,302,2026-10-02 02:50:00,PT5M,0.0,0.0,0.0,0.0,0.0
0,0,0,0,24,0.14,97.0,0.6,303,2026-10-02 02:55:00,PT5M,0.0,0.0,0.0,0.0,0.0
0,0,0,0,24,0.14,97.0,0.6,304,2026-10-02 03:00:00,PT5M,0.0,0.0,0.0,0.0,0.0
0,0,0,0,24,0.14,97.0,0.6,305,2026-10-02 03:05:00,PT5M,0.0,0.0,0.0,0.0,0.0
0,0,0,0,24,0.14,97.0,0.7,306,2026-10-02 03:10:00,PT5M,0.0,0.0,0.0,0.0,0.0
0,0,0,0,24,0.14,97.0,0.7,307,2026-10-02 03:15:00,PT5M,0.0,0.0,0.0,0.0,0.0
0,0,0,0,24,0.14,97.0,0.7,308,2026-10-02 03:20:00,PT5M,0.0,0.0,0.0,0.0,0.0
0,0,0,0,24,0.14,97.0,0.7,309,2026-10-02 03:25:00,PT5M,0.0,0.0,0.0,0.0,0.0
0,0,0,0,24,0.14,97.0,0.8,309,2026-10-02 03:30:00,PT5M,0.0,0.0,0.0,0.0,0.0
0,0,0,0,24,0.14,97.1,0.8,311,2026-10-02 03:35:00,PT5M,0.0,0.0,0.0,0.0,0.0
0,0,0,0,24,0.14,97.1,0.7,312,2026-10-02 03:40:00,PT5M,0.0,0.0,0.0,0.0,0.0
0,0,0,0,24,0.14,97.2,0.7,314,2026-10-02 03:45:00,PT5M,0.0,0.0,0.0,0.0,0.0
0,0,0,0,24,0.14,97.2,0.6,316,2026-10-02 03:50:00,PT5M,0.0,0.0,0.0,0.0,0.0
0,0,0,0,24,0.14,97.3,0.6,319,2026-10-02 03:55:00,PT5M,0.0,0.0,0.0,0.0,0.0
0,0,0,0,24,0.14,97.3,0.5,321,2026-10-02 04:00:00,PT5M,0.0,0.0,0.0,0.0,0.0
0,0,0,0,24,0.14,97.4,0.5,325,2026-10-02 04:05:00,PT5M,0.0,0.0,0.0,0.0,0.0
0,0,0,0,24,0.14,97.4,0.4,329,2026-10-02 04:10:00,PT5M,0.0,0.0,0.0,0.0,0.0
0,0,0,0,24,0.14,97.4,0.4,334,2026-10-02 04:15:00,PT5M,0.0,0.0,0.0,0.0,0.0
0,0,0,0,24,0.14,97.5,0.4,340,2026-10-02 04:20:00,PT5M,0.0,0.0,0.0,0.0,0.0
0,0,0,0,24,0.14,97.5,0.3,347,2026-10-02 04:25:00,PT5M,0.0,0.0,0.0,0.0,0.0
0,0,0,0,24,0.14,97.6,0.3,355,2026-10-02 04:30:00,PT5M,0.0,0.0,0.0,0.0,0.0
0,0,0,0,24,0.14,97.7,0.3,359,2026-10-02 04:35:00,PT5M,0.0,0.0,0.0,0.0,0.0
0,0,0,0,24,0.14,97.8,0.3,358,2026-10-02 04:40:00,PT5M,0.0,0.0,0.0,0.0,0.0
0,0,0,0,24,0.14,98.0,0.3,357,2026-10-02 04:45:00,PT5M,0.0,0.0,0.0,0.0,0.0
0,0,0,0,24,0.14,98.1,0.4,355,2026-10-02 04:50:00,PT5M,0.0,0.0,0.0,0.0,0.0
0,0,0,0,24,0.14,98.3,0.4,354,2026-10-02 04:55:00,PT5M,0.0,0.0,0.0,0.0,0.0
0,0,0,0,24,0.14,98.4,0.4,353,2026-10-02 05:00:00,PT5M,0.0,0.0,0.0,0.0,0.0
0,0,0,0,24,0.14,98.6,0.4,352,2026-10-02 05:05:00,PT5M,0.0,0.0,0.0,0.0,0.0
0,0,0,0,24,0.14,98.7,0.4,352,2026-10-02 05:10:00,PT5M,0.0,0.0,0.0,0.0,0.0
0,0,0,0,24,0.14,98.9,0.4,351,2026-10-02 05:15:00,PT5M,0.0,0.0,0.0,0.0,0.0
0,0,0,0,24,0.14,99.0,0.5,350,2026-10-02 05:20:00,PT5M,0.0,0.0,0.0,0.0,0.0
0,0,0,0,24,0.14,99.2,0.5,350,2026-10-02 05:25:00,PT5M,0.0,0.0,0.0,0.0,0.0
0,0,0,0,24,0.14,99.3,0.5,349,2026-10-02 05:30:00,PT5M,0.0,0.0,0.0,0.0,0.0
0,0,0,0,24,0.14,99.3,0.5,348,2026-10-02 05:35:00,PT5M,0.0,0.0,0.0,0.0,0.0
0,0,0,0,24,0.14,99.1,0.5,348,2026-10-02 05:40:00,PT5M,0.0,0.0,0.0,0.0,0.0
0,0,0,0,24,0.14,98.9,0.6,347,2026-10-02 05:45:00,PT5M,0.0,0.0,0.0,0.0,0.0
0,0,0,0,24,0.14,98.7,0.6,347,2026-10-02 05:50:00,PT5M,0.0,0.0,0.0,0.0,0.0
0,0,0,0,24,0.14,98.5,0.6,347,2026-10-02 05:55:00,PT5M,0.0,0.0,0.0,0.0,0.0
2,2,0,2,24,0.14,98.3,0.6,346,2026-10-02 06:00:00,PT5M,0.0,0.0,0.0,0.0,0.0
7,7,0,7,24,0.14,98.1,0.6,346,2026-10-02 06:05:00,PT5M,0.32,0.72,0.5305,0.1095,0.0
14,14,0,14,24,0.14,97.9,0.6,345,2026-10-02 06:10:00,PT5M,1.184,2.188,1.7124,0.6556,0.18
21,21,0,21,24,0.14,97.7,0.7,345,2026-10-02 06:15:00,PT5M,2.131,3.7745,2.996,1.266,0.4875
29,29,0,29,24,0.14,97.5,0.7,345,2026-10-02 06:20:00,PT5M,3.16,5.674,4.4831,1.8369,0.646
38,39,0,39,24,0.14,97.3,0.7,344,2026-10-02 06:25:00,PT5M,4.33,7.8465,6.1808,2.4792,0.8135
49,49,0,49,24,0.14,97.1,0.7,344,2026-10-02 06:30:00,PT5M,5.742,10.457,8.2235,3.2605,1.027
61,61,0,61,24,0.14,96.6,0.7,346,2026-10-02 06:35:00,PT5M,7.223,13.263,10.4019,4.0441,1.183
74,74,0,74,24,0.14,95.6,0.7,349,2026-10-02 06:40:00,PT5M,8.795,16.2485,12.7178,4.8722,1.3415
88,88,13,85,25,0.14,94.6,0.6,353,2026-10-02 06:45:00,PT5M,11.031,19.949,15.7246,6.3374,2.113
103,103,37,95,25,0.14,93.7,0.6,358,2026-10-02 06:50:00,PT5M,13.935,24.3875,19.4362,8.4338,3.4825
120,119,64,104,25,0.14,92.8,0.6,3,2026-10-02 06:55:00,PT5M,17.11,29.1395,23.4412,10.7788,5.0805
137,136,89,112,25,0.14,91.9,0.5,8,2026-10-02 07:00:00,PT5M,20.44,34.157,27.6594,13.2206,6.723
154,153,112,121,25,0.14,91.0,0.5,15,2026-10-02 07:05:00,PT5M,23.951,39.447,32.1067,15.7953,8.455
171,170,135,129,26,0.14,90.1,0.5,21,2026-10-02 07:10:00,PT5M,27.715,45.0405,36.8335,18.5965,10.3895
190,188,158,136,26,0.14,89.2,0.5,28,2026-10-02 07:15:00,PT5M,31.707,50.895,41.8058,21.6082,12.519
209,207,182,143,26,0.14,88.3,0.5,36,2026-10-02 07:20:00,PT5M,35.882,56.9535,46.9721,24.7919,14.8105
228,226,205,150,26,0.14,87.4,0.5,43,2026-10-02 07:25:00,PT5M,40.249,63.215,52.3362,28.1618,17.283
248,245,229,156,26,0.14,86.6,0.5,50,2026-10-02 07:30:00,PT5M,44.805,69.6795,57.8966,31.7134,19.9305
267,264,249,162,26,0.14,85.6,0.5,54,2026-10-02 07:35:00,PT5M,49.105,75.9825,63.2508,34.9592,22.2275
285,282,264,169,27,0.14,84.6,0.6,56,2026-10-02 07:40:00,PT5M,53.1,82.1715,68.4005,37.7995,24.0285
303,300,280,175,27,0.14,83.6,0.6,57,2026-10-02 07:45:00,PT5M,55.827,85.7065,71.5528,40.1012,25.9475
322,318,295,181,27,0.14,82.7,0.7,58,2026-10-02 07:50:00,PT5M,58.434,89.0305,74.5372,42.3308,27.8375
340,337,309,186,27,0.14,81.7,0.7,59,2026-10-02 07:55:00,PT5M,60.944,92.2,77.3943,44.4937,29.688
358,355,323,191,27,0.14,80.7,0.8,60,2026-10-02 08:00:00,PT5M,63.349,95.235,80.1308,46.5672,31.463
377,373,337,196,27,0.14,79.8,0.8,61,2026-10-02 08:05:00,PT5M,65.637,98.0485,82.6954,48.5786,33.2255
395,391,351,201,27,0.14,78.8,0.9,61,2026-10-02 08:10:00,PT5M,67.797,100.0,85.0899,50.5041,34.94
413,409,364,205,28,0.14,77.9,0.9,62,2026-10-02 08:15:00,PT5M,69.823,100.0,87.3053,52.3407,36.606
432,427,376,210,28,0.14,77.0,1.0,62,2026-10-02 08:20:00,PT5M,71.704,100.0,89.3234,54.0846,38.2265
450,445,389,213,28,0.14,76.1,1.0,63,2026-10-02 08:25:00,PT5M,73.426,100.0,91.1386,55.7134,39.7715
467,462,401,217,28,0.14,75.2,1.1,63,2026-10-02 08:30:00,PT5M,75.083,100.0,92.8653,57.3007,41.296
485,479,411,221,28,0.14,74.5,1.1,64,2026-10-02 08:35:00,PT5M,76.55,100.0,94.3694,58.7306,42.6925
501,496,419,225,28,0.14,73.8,1.1,65,2026-10-02 08:40:00,PT5M,77.842,100.0,95.6699,60.0141,43.9685
518,512,428,229,28,0.14,73.2,1.1,67,2026-10-02 08:45:00,PT5M,79.065,100.0,96.8913,61.2387,45.1945
534,528,436,233,29,0.14,72.6,1.1,68,2026-10-02 08:50:00,PT5M,80.232,100.0,98.0449,62.4191,46.387
550,544,443,236,29,0.14,72.0,1.1,70,2026-10-02 08:55:00,PT5M,81.347,100.0,99.1362,63.5578,47.547
565,559,451,240,29,0.14,71.4,1.1,71,2026-10-02 09:00:00,PT5M,82.422,100.0,100.0,64.6665,48.686
581,575,460,242,29,0.14,70.8,1.1,72,2026-10-02 09:05:00,PT5M,83.566,100.0,100.0,65.8597,49.9235
597,591,469,245,29,0.14,70.3,1.1,74,2026-10-02 09:10:00,PT5M,84.662,100.0,100.0,67.0128,51.128
613,606,478,247,29,0.14,69.7,1.1,75,2026-10-02 09:15:00,PT5M,85.713,100.0,100.0,68.128,52.301
628,621,486,249,29,0.14,69.1,1.1,76,2026-10-02 09:20:00,PT5M,86.72,100.0,100.0,69.2048,53.4405
643,636,494,251,29,0.14,68.5,1.1,78,2026-10-02 09:25:00,PT5M,87.685,100.0,100.0,70.3171,54.6855
658,651,503,253,29,0.14,68.0,1.1,79,2026-10-02 09:30:00,PT5M,88.61,100.0,100.0,71.464,56.032
671,664,509,255,30,0.14,67.5,1.1,80,2026-10-02 09:35:00,PT5M,89.414,100.0,100.0,72.4566,57.1945
684,677,514,257,30,0.14,67.2,1.2,81,2026-10-02 09:40:00,PT5M,90.102,100.0,100.0,73.2989,58.1755
697,689,518,260,30,0.14,66.8,1.2,82,2026-10-02 09:45:00,PT5M,90.712,100.0,100.0,74.0523,59.058
708,701,522,263,30,0.14,66.5,1.2,83,2026-10-02 09:50:00,PT5M,91.283,100.0,100.0,74.7596,59.888
720,712,525,265,30,0.14,66.1,1.2,84,2026-10-02 09:55:00,PT5M,91.828,100.0,100.0,75.4335,60.678
731,723,528,268,30,0.14,65.8,1.2,85,2026-10-02 10:00:00,PT5M,92.343,100.0,100.0,76.068,61.42
742,734,531,270,30,0.14,65.4,1.3,86,2026-10-02 10:05:00,PT5M,92.831,100.0,100.0,76.6684,62.1215
752,744,534,273,30,0.14,65.1,1.3,87,2026-10-02 10:10:00,PT5M,93.29,100.0,100.0,77.2324,62.78
762,754,537,275,30,0.14,64.7,1.3,87,2026-10-02 10:15:00,PT5M,93.723,100.0,100.0,77.7638,63.4
771,763,540,277,30,0.14,64.4,1.3,88,2026-10-02 10:20:00,PT5M,94.129,100.0,100.0,78.2611,63.9795
780,772,542,279,30,0.14,64.0,1.4,89,2026-10-02 10:25:00,PT5M,94.512,100.0,100.0,78.7296,64.525
788,780,545,280,31,0.14,63.7,1.4,90,2026-10-02 10:30:00,PT5M,94.828,100.0,100.0,79.1254,64.9925
791,783,536,287,31,0.14,63.5,1.4,90,2026-10-02 10:35:00,PT5M,94.602,100.0,100.0,78.8859,64.741
788,780,516,299,31,0.14,63.5,1.5,90,2026-10-02 10:40:00,PT5M,93.713,100.0,100.0,77.8883,63.6455
784,777,497,310,31,0.14,63.6,1.5,90,2026-10-02 10:45:00,PT5M,92.816,100.0,100.0,76.8728,62.5235
780,773,478,322,31,0.14,63.6,1.5,90,2026-10-02 10:50:00,PT5M,91.907,100.0,100.0,75.8344,61.3685
776,769,459,332,31,0.14,63.6,1.6,90,2026-10-02 10:55:00,PT5M,90.973,100.0,100.0,74.7504,60.1495
770,764,440,343,31,0.14,63.6,1.6,90,2026-10-02 11:00:00,PT5M,90.033,100.0,100.0,73.6554,58.915
764,758,422,353,31,0.14,63.6,1.7,90,2026-10-02 11:05:00,PT5M,89.104,100.0,100.0,72.5787,57.7055
758,752,404,362,31,0.14,63.6,1.7,90,2026-10-02 11:10:00,PT5M,88.167,100.0,100.0,71.4886,56.4775
751,745,386,371,31,0.14,63.6,1.8,90,2026-10-02 11:15:00,PT5M,87.203,100.0,100.0,70.3556,55.1925
744,738,368,380,31,0.14,63.6,1.8,90,2026-10-02 11:20:00,PT5M,86.222,100.0,100.0,69.1986,53.877
736,731,351,388,31,0.14,63.6,1.8,90,2026-10-02 11:25:00,PT5M,85.25,100.0,100.0,68.044,52.558
728,723,334,396,31,0.14,63.6,1.9,90,2026-10-02 11:30:00,PT5M,84.248,100.0,100.0,66.8549,51.2005
722,717,322,402,31,0.14,63.9,2.0,91,2026-10-02 11:35:00,PT5M,83.515,100.0,100.0,65.9848,50.207
718,713,313,406,31,0.14,64.4,2.1,94,2026-10-02 11:40:00,PT5M,83.042,100.0,100.0,65.4244,49.568
714,709,304,410,31,0.14,64.9,2.2,96,2026-10-02 11:45:00,PT5M,82.54,100.0,100.0,64.8292,48.889
709,704,295,413,31,0.14,65.5,2.3,98,2026-10-02 11:50:00,PT5M,82.007,100.0,99.8164,64.1976,48.1685
703,699,287,417,30,0.14,66.0,2.4,100,2026-10-02 11:55:00,PT5M,81.441,100.0,99.3544,63.5276,47.405
698,694,278,420,30,0.14,66.6,2.5,102,2026-10-02 12:00:00,PT5M,80.908,100.0,98.9306,62.8854,46.6645
691,688,269,423,30,0.14,67.1,2.6,103,2026-10-02 12:05:00,PT5M,80.356,100.0,98.4931,62.2189,45.895
685,681,260,425,30,0.14,67.6,2.7,105,2026-10-02 12:10:00,PT5M,79.769,100.0,98.0253,61.5127,45.0815
678,675,251,428,30,0.14,68.2,2.9,106,2026-10-02 12:15:00,PT5M,79.147,100.0,97.5267,60.7673,44.225
671,667,243,430,30,0.14,68.8,3.0,107,2026-10-02 12:20:00,PT5M,78.489,100.0,96.9963,59.9817,43.3245
663,660,234,431,30,0.14,69.3,3.1,108,2026-10-02 12:25:00,PT5M,77.795,100.0,96.4339,59.1561,42.3805
655,652,225,433,30,0.14,69.9,3.2,109,2026-10-02 12:30:00,PT5M,77.066,100.0,95.8394,58.2926,41.396
647,644,217,434,29,0.14,70.1,3.3,111,2026-10-02 12:35:00,PT5M,76.31,100.0,95.2123,57.4077,40.395
638,636,209,434,30,0.14,69.9,3.2,114,2026-10-02 12:40:00,PT5M,75.472,100.0,94.498,56.446,39.322
630,627,201,434,30,0.14,69.8,3.2,116,2026-10-02 12:45:00,PT5M,74.576,100.0,93.7341,55.4179,38.175
621,618,193,434,30,0.14,69.6,3.2,119,2026-10-02 12:50:00,PT5M,73.632,100.0,92.928,54.336,36.969
611,609,185,433,30,0.14,69.4,3.1,122,2026-10-02 12:55:00,PT5M,72.688,100.0,92.1161,53.2599,35.774
602,600,177,432,30,0.14,69.3,3.1,125,2026-10-02 13:00:00,PT5M,71.753,100.0,91.3061,52.1999,34.6015
592,590,169,431,30,0.14,69.1,3.1,128,2026-10-02 13:05:00,PT5M,70.73,100.0,90.4223,51.0377,33.314
582,580,161,429,30,0.14,68.9,3.1,131,2026-10-02 13:10:00,PT5M,69.66,100.0,89.4957,49.8243,31.9715
572,570,154,428,30,0.14,68.8,3.1,134,2026-10-02 13:15:00,PT5M,68.55,100.0,88.5318,48.5682,30.584
561,560,146,425,30,0.14,68.6,3.1,137,2026-10-02 13:20:00,PT5M,67.403,100.0,87.5324,47.2736,29.1565
550,549,139,423,30,0.14,68.4,3.2,140,2026-10-02 13:25:00,PT5M,66.223,100.0,86.5011,45.9449,27.694
539,538,131,420,30,0.14,68.3,3.2,142,2026-10-02 13:30:00,PT5M,65.012,100.0,85.439,44.585,26.2
526,525,121,417,30,0.14,68.2,3.2,145,2026-10-02 13:35:00,PT5M,63.497,100.0,84.1256,42.8684,24.302
511,510,108,414,30,0.14,68.1,3.1,146,2026-10-02 13:40:00,PT5M,61.675,100.0,82.5544,40.7956,22.0035
495,495,96,411,30,0.14,68.0,3.1,148,2026-10-02 13:45:00,PT5M,59.894,100.0,81.0208,38.7672,19.7525
480,480,84,407,30,0.14,67.9,3.0,149,2026-10-02 13:50:00,PT5M,58.02,98.625,79.3907,36.6493,17.415
465,465,72,403,30,0.14,67.9,3.0,151,2026-10-02 13:55:00,PT5M,56.117,97.1785,77.728,34.506,15.0555
449,449,61,398,30,0.14,67.8,2.9,153,2026-10-02 14:00:00,PT5M,54.18,95.6915,76.0278,32.3322,12.6685
434,434,51,392,30,0.14,67.7,2.9,154,2026-10-02 14:05:00,PT5M,52.213,94.168,74.2942,30.1318,10.258
419,419,40,386,30,0.14,67.7,2.8,156,2026-10-02 14:10:00,PT5M,50.223,92.612,72.5326,27.9134,7.834
404,404,30,380,30,0.14,67.6,2.8,158,2026-10-02 14:15:00,PT5M,48.597,91.1345,70.9848,26.2092,6.0595
389,389,20,373,30,0.14,67.5,2.8,160,2026-10-02 14:20:00,PT5M,46.541,89.185,68.9848,24.0972,3.897
374,374,11,366,30,0.14,67.4,2.7,162,2026-10-02 14:25:00,PT5M,44.471,87.206,66.9627,21.9793,1.736
359,360,2,359,30,0.14,67.4,2.7,164,2026-10-02 14:30:00,PT5M,42.387,85.196,64.9177,19.8563,0.0
348,349,0,349,30,0.14,68.1,2.6,167,2026-10-02 14:35:00,PT5M,40.985,83.7285,63.4812,18.4888,0.0
340,341,0,341,29,0.14,69.5,2.5,170,2026-10-02 14:40:00,PT5M,40.031,82.583,62.4264,17.6356,0.0
332,333,0,333,29,0.14,71.0,2.3,175,2026-10-02 14:45:00,PT5M,39.055,81.398,61.3404,16.7696,0.0
324,325,0,325,29,0.14,72.6,2.2,179,2026-10-02 14:50:00,PT5M,38.055,80.1675,60.2191,15.8909,0.0
315,316,0,316,29,0.14,74.2,2.1,184,2026-10-02 14:55:00,PT5M,37.058,78.9145,59.0874,15.0286,0.0
307,308,0,308,28,0.14,75.8,2.0,190,2026-10-02 15:00:00,PT5M,36.051,77.627,57.9327,14.1693,0.0
299,300,0,300,28,0.14,77.4,1.9,197,2026-10-02 15:05:00,PT5M,35.022,76.293,56.7432,13.3008,0.0
290,291,0,291,28,0.14,79.1,1.9,203,2026-10-02 15:10:00,PT5M,33.972,74.911,55.5185,12.4255,0.0
281,282,0,282,27,0.14,80.8,1.9,210,2026-10-02 15:15:00,PT5M,32.889,73.4675,54.2458,11.5322,0.0
272,273,0,273,27,0.14,82.6,1.9,217,2026-10-02 15:20:00,PT5M,31.777,71.9615,52.9264,10.6276,0.0
263,264,0,264,27,0.14,84.4,1.9,224,2026-10-02 15:25:00,PT5M,30.644,70.3945,51.565,9.723,0.0
254,255,0,255,27,0.14,86.3,2.0,230,2026-10-02 15:30:00,PT5M,29.494,68.765,50.1626,8.8254,0.0
244,245,0,245,26,0.14,87.5,2.0,233,2026-10-02 15:35:00,PT5M,28.348,66.93,48.654,8.042,0.0
235,236,0,236,26,0.14,88.1,2.0,233,2026-10-02 15:40:00,PT5M,27.24,64.9485,47.0863,7.3937,0.0
225,226,0,226,26,0.14,88.7,2.0,232,2026-10-02 15:45:00,PT5M,26.114,62.8545,45.4508,6.7772,0.0
215,216,0,216,26,0.14,89.3,2.0,232,2026-10-02 15:50:00,PT5M,24.968,60.6505,43.748,6.188,0.0
205,206,0,206,26,0.14,90.0,2.0,231,2026-10-02 15:55:00,PT5M,23.799,58.341,41.9787,5.6193,0.0
195,195,0,195,26,0.14,90.6,2.1,231,2026-10-02 16:00:00,PT5M,22.606,55.9335,40.1465,5.0655,0.0
184,185,0,185,26,0.14,91.2,2.1,231,2026-10-02 16:05:00,PT5M,21.391,53.437,38.257,4.525,0.0
174,175,0,175,26,0.14,91.9,2.1,230,2026-10-02 16:10:00,PT5M,20.157,50.859,36.3157,3.9983,0.0
163,164,0,164,26,0.14,92.5,2.1,230,2026-10-02 16:15:00,PT5M,19.181,47.7245,34.2036,4.1584,0.0
153,153,0,153,26,0.14,93.1,2.1,230,2026-10-02 16:20:00,PT5M,18.141,44.26,31.8876,4.3944,0.0
142,143,0,143,25,0.14,93.8,2.1,229,2026-10-02 16:25:00,PT5M,17.006,40.7725,29.5145,4.4975,0.0
132,132,0,132,25,0.14,94.4,2.1,229,2026-10-02 16:30:00,PT5M,15.821,37.2885,27.1195,4.5225,0.0
122,122,0,122,25,0.14,94.8,2.1,229,2026-10-02 16:35:00,PT5M,14.65,34.122,24.8983,4.4017,0.0
112,112,0,112,25,0.14,94.9,2.1,231,2026-10-02 16:40:00,PT5M,13.486,31.207,22.8127,4.1593,0.0
102,102,0,102,25,0.14,95.0,2.0,232,2026-10-02 16:45:00,PT5M,12.304,28.298,20.7218,3.8862,0.0
93,93,0,93,25,0.14,95.1,2.0,234,2026-10-02 16:50:00,PT5M,11.125,25.43,18.6538,3.5962,0.0
83,83,0,83,25,0.14,95.2,1.9,235,2026-10-02 16:55:00,PT5M,9.947,22.6255,16.6198,3.2742,0.0
73,74,0,74,25,0.14,95.3,1.9,237,2026-10-02 17:00:00,PT5M,8.762,19.9055,14.6269,2.8971,0.0
64,64,0,64,25,0.14,95.4,1.9,239,2026-10-02 17:05:00,PT5M,7.582,17.2585,12.6748,2.4892,0.0
55,55,0,55,25,0.14,95.5,1.8,241,2026-10-02 17:10:00,PT5M,6.395,14.6365,10.7326,2.0574,0.0
47,47,0,47,25,0.14,95.6,1.8,242,2026-10-02 17:15:00,PT5M,5.35,12.2095,8.9602,1.7398,0.0
39,39,0,39,25,0.14,95.7,1.8,244,2026-10-02 17:20:00,PT5M,4.37,9.8975,7.2792,1.4608,0.0
31,31,0,31,25,0.14,95.7,1.7,246,2026-10-02 17:25:00,PT5M,3.376,7.639,5.6196,1.1324,0.0
24,25,0,25,25,0.14,95.8,1.7,248,2026-10-02 17:30:00,PT5M,2.498,5.6465,4.1551,0.8409,0.0
18,18,0,18,25,0.14,95.9,1.7,250,2026-10-02 17:35:00,PT5M,1.716,3.8925,2.8615,0.5705,0.0
12,12,0,12,25,0.14,95.9,1.8,252,2026-10-02 17:40:00,PT5M,0.97,2.2325,1.6345,0.3055,0.0
7,7,0,7,25,0.14,95.9,1.9,254,2026-10-02 17:45:00,PT5M,0.281,0.858,0.5847,0.0,0.0
3,3,0,3,25,0.14,95.9,1.9,255,2026-10-02 17:50:00,PT5M,0.0,0.002,0.0011,0.0,0.0
0,0,0,0,25,0.14,95.9,2.0,257,2026-10-02 17:55:00,PT5M,0.0,0.0,0.0,0.0,0.0
0,0,0,0,25,0.14,95.9,2.1,258,2026-10-02 18:00:00,PT5M,0.0,0.0,0.0,0.0,0.0
0,0,0,0,24,0.14,95.9,2.1,260,2026-10-02 18:05:00,PT5M,0.0,0.0,0.0,0.0,0.0
0,0,0,0,24,0.14,95.9,2.2,261,2026-10-02 18:10:00,PT5M,0.0,0.0,0.0,0.0,0.0
0,0,0,0,24,0.14,95.9,2.3,262,2026-10-02 18:15:00,PT5M,0.0,0.0,0.0,0.0,0.0
0,0,0,0,24,0.14,95.9,2.3,263,2026-10-02 18:20:00,PT5M,0.0,0.0,0.0,0.0,0.0
0,0,0,0,24,0.14,95.9,2.4,264,2026-10-02 18:25:00,PT5M,0.0,0.0,0.0,0.0,0.0
0,0,0,0,24,0.14,95.9,2.5,265,2026-10-02 18:30:00,PT5M,0.0,0.0,0.0,0.0,0.0
0,0,0,0,24,0.14,95.9,2.5,265,2026-10-02 18:35:00,PT5M,0.0,0.0,0.0,0.0,0.0
0,0,0,0,24,0.14,95.8,2.4,265,2026-10-02 18:40:00,PT5M,0.0,0.0,0.0,0.0,0.0
0,0,0,0,24,0.14,95.8,2.3,266,2026-10-02 18:45:00,PT5M,0.0,0.0,0.0,0.0,0.0
0,0,0,0,24,0.14,95.7,2.2,266,2026-10-02 18:50:00,PT5M,0.0,0.0,0.0,0.0,0.0
0,0,0,0,24,0.14,95.7,2.1,266,2026-10-02 18:55:00,PT5M,0.0,0.0,0.0,0.0,0.0
0,0,0,0,24,0.14,95.6,2.0,266,2026-10-02 19:00:00,PT5M,0.0,0.0,0.0,0.0,0.0
0,0,0,0,24,0.14,95.6,2.0,266,2026-10-02 19:05:00,PT5M,0.0,0.0,0.0,0.0,0.0
0,0,0,0,24,0.14,95.5,1.9,266,2026-10-02 19:10:00,PT5M,0.0,0.0,0.0,0.0,0.0
0,0,0,0,24,0.14,95.5,1.8,266,2026-10-02 19:15:00,PT5M,0.0,0.0,0.0,0.0,0.0
0,0,0,0,24,0.14,95.4,1.7,266,2026-10-02 19:20:00,PT5M,0.0,0.0,0.0,0.0,0.0
0,0,0,0,24,0.14,95.4,1.6,266,2026-10-02 19:25:00,PT5M,0.0,0.0,0.0,0.0,0.0
0,0,0,0,24,0.14,95.3,1.5,266,2026-10-02 19:30:00,PT5M,0.0,0.0,0.0,0.0,0.0
0,0,0,0,24,0.14,95.4,1.5,266,2026-10-02 19:35:00,PT5M,0.0,0.0,0.0,0.0,0.0
0,0,0,0,24,0.14,95.4,1.5,266,2026-10-02 19:40:00,PT5M,0.0,0.0,0.0,0.0,0.0
0,0,0,0,24,0.14,95.5,1.5,265,2026-10-02 19:45:00,PT5M,0.0,0.0,0.0,0.0,0.0
0,0,0,0,24,0.14,95.6,1.4,265,2026-10-02 19:50:00,PT5M,0.0,0.0,0.0,0.0,0.0
0,0,0,0,24,0.14,95.7,1.4,264,2026-10-02 19:55:00,PT5M,0.0,0.0,0.0,0.0,0.0
0,0,0,0,24,0.14,95.8,1.4,264,2026-10-02 20:00:00,PT5M,0.0,0.0,0.0,0.0,0.0
0,0,0,0,24,0.14,95.9,1.4,264,2026-10-02 20:05:00,PT5M,0.0,0.0,0.0,0.0,0.0
0,0,0,0,24,0.14,96.0,1.4,263,2026-10-02 20:10:00,PT5M,0.0,0.0,0.0,0.0,0.0
0,0,0,0,24,0.14,96.1,1.4,263,2026-10-02 20:15:00,PT5M,0.0,0.0,0.0,0.0,0.0
0,0,0,0,24,0.14,96.2,1.4,262,2026-10-02 20:20:00,PT5M,0.0,0.0,0.0,0.0,0.0
0,0,0,0,24,0.14,96.3,1.3,262,2026-10-02 20:25:00,PT5M,0.0,0.0,0.0,0.0,0.0
0,0,0,0,24,0.14,96.4,1.3,261,2026-10-02 20:30:00,PT5M,0.0,0.0,0.0,0.0,0.0
0,0,0,0,24,0.14,96.5,1.3,261,2026-10-02 20:35:00,PT5M,0.0,0.0,0.0,0.0,0.0
0,0,0,0,24,0.14,96.5,1.3,261,2026-10-02 20:40:00,PT5M,0.0,0.0,0.0,0.0,0.0
0,0,0,0,24,0.14,96.5,1.3,260,2026-10-02 20:45:00,PT5M,0.0,0.0,0.0,0.0,0.0
0,0,0,0,24,0.14,96.5,1.3,260,2026-10-02 20:50:00,PT5M,0.0,0.0,0.0,0.0,0.0
0,0,0,0,24,0.14,96.5,1.3,259,2026-10-02 20:55:00,PT5M,0.0,0.0,0.0,0.0,0.0
0,0,0,0,24,0.14,96.5,1.3,259,2026-10-02 21:00:00,PT5M,0.0,0.0,0.0,0.0,0.0
0,0,0,0,24,0.14,96.5,1.3,258,2026-10-02 21:05:00,PT5M,0.0,0.0,0.0,0.0,0.0
0,0,0,0,24,0.14,96.5,1.3,258,2026-10-02 21:10:00,PT5M,0.0,0.0,0.0,0.0,0.0
0,0,0,0,24,0.14,96.5,1.3,258,2026-10-02 21:15:00,PT5M,0.0,0.0,0.0,0.0,0.0
0,0,0,0,24,0.14,96.5,1.3,257,2026-10-02 21:20:00,PT5M,0.0,0.0,0.0,0.0,0.0
0,0,0,0,24,0.14,96.5,1.2,257,2026-10-02 21:25:00,PT5M,0.0,0.0,0.0,0.0,0.0
0,0,0,0,24,0.14,96.4,1.2,256,2026-10-02 21:30:00,PT5M,0.0,0.0,0.0,0.0,0.0
0,0,0,0,24,0.14,96.4,1.2,255,2026-10-02 21:35:00,PT5M,0.0,0.0,0.0,0.0,0.0
0,0,0,0,24,0.14,96.3,1.2,254,2026-10-02 21:40:00,PT5M,0.0,0.0,0.0,0.0,0.0
0,0,0,0,24,0.14,96.2,1.3,253,2026-10-02 21:45:00,PT5M,0.0,0.0,0.0,0.0,0.0
0,0,0,0,24,0.14,96.1,1.3,252,2026-10-02 21:50:00,PT5M,0.0,0.0,0.0,0.0,0.0
0,0,0,0,24,0.14,96.0,1.3,251,2026-10-02 21:55:00,PT5M,0.0,0.0,0.0,0.0,0.0
0,0,0,0,24,0.14,95.9,1.3,250,2026-10-02 22:00:00,PT5M,0.0,0.0,0.0,0.0,0.0
0,0,0,0,24,0.14,95.8,1.3,249,2026-10-02 22:05:00,PT5M,0.0,0.0,0.0,0.0,0.0
0,0,0,0,24,0.14,95.7,1.3,248,2026-10-02 22:10:00,PT5M,0.0,0.0,0.0,0.0,0.0
0,0,0,0,24,0.14,95.6,1.3,247,2026-10-02 22:15:00,PT5M,0.0,0.0,0.0,0.0,0.0
0,0,0,0,24,0.14,95.5,1.3,246,2026-10-02 22:20:00,PT5M,0.0,0.0,0.0,0.0,0.0
0,0,0,0,24,0.14,95.4,1.3,245,2026-10-02 22:25:00,PT5M,0.0,0.0,0.0,0.0,0.0
0,0,0,0,24,0.14,95.3,1.3,244,2026-10-02 22:30:00,PT5M,0.0,0.0,0.0,0.0,0.0
0,0,0,0,24,0.14,95.3,1.4,243,2026-10-02 22:35:00,PT5M,0.0,0.0,0.0,0.0,0.0
0,0,0,0,24,0.14,95.2,1.4,243,2026-10-02 22:40:00,PT5M,0.0,0.0,0.0,0.0,0.0
0,0,0,0,24,0.14,95.2,1.4,243,2026-10-02 22:45:00,PT5M,0.0,0.0,0.0,0.0,0.0
0,0,0,0,24,0.14,95.1,1.4,242,2026-10-02 22:50:00,PT5M,0.0,0.0,0.0,0.0,0.0
0,0,0,0,24,0.14,95.1,1.4,242,2026-10-02 22:55:00,PT5M,0.0,0.0,0.0,0.0,0.0
0,0,0,0,24,0.14,95.0,1.5,242,2026-10-02 23:00:00,PT5M,0.0,0.0,0.0,0.0,0.0
0,0,0,0,24,0.14,95.0,1.5,242,2026-10-02 23:05:00,PT5M,0.0,0.0,0.0,0.0,0.0
0,0,0,0,24,0.14,94.9,1.5,241,2026-10-02 23:10:00,PT5M,0.0,0.0,0.0,0.0,0.0
0,0,0,0,24,0.14,94.9,1.5,241,2026-10-02 23:15:00,PT5M,0.0,0.0,0.0,0.0,0.0
0,0,0,0,24,0.14,94.8,1.6,241,2026-10-02 23:20:00,PT5M,0.0,0.0,0.0,0.0,0.0
0,0,0,0,24,0.14,94.8,1.6,241,2026-10-02 23:25:00,PT5M,0.0,0.0,0.0,0.0,0.0
0,0,0,0,24,0.14,94.7,1.6,240,2026-10-02 23:30:00,PT5M,0.0,0.0,0.0,0.0,0.0
0,0,0,0,24,0.14,94.7,1.6,241,2026-10-02 23:35:00,PT5M,0.0,0.0,0.0,0.0,0.0
0,0,0,0,24,0.14,94.7,1.6,241,2026-10-02 23:40:00,PT5M,0.0,0.0,0.0,0.0,0.0
0,0,0,0,24,0.14,94.7,1.6,242,2026-10-02 23:45:00,PT5M,0.0,0.0,0.0,0.0,0.0
0,0,0,0,24,0.14,94.7,1.6,242,2026-10-02 23:50:00,PT5M,0.0,0.0,0.0,0.0,0.0
0,0,0,0,24,0.14,94.7,1.7,243,2026-10-02 23:55:00,PT5M,0.0,0.0,0.0,0.0,0.0
0,0,0,0,24,0.14,94.7,1.7,243,2026-10-03 00:00:00,PT5M,0.0,0.0,0.0,0.0,0.0
0,0,0,0,24,0.14,94.7,1.7,244,2026-10-03 00:05:00,PT5M,0.0,0.0,0.0,0.0,0.0
0,0,0,0,24,0.14,94.7,1.7,244,2026-10-03 00:10:00,PT5M,0.0,0.0,0.0,0.0,0.0
0,0,0,0,24,0.14,94.7,1.7,245,2026-10-03 00:15:00,PT5M,0.0,0.0,0.0,0.0,0.0
0,0,0,0,23,0.14,94.7,1.7,245,2026-10-03 00:20:00,PT5M,0.0,0.0,0.0,0.0,0.0
0,0,0,0,23,0.14,94.7,1.7,246,2026-10-03 00:25:00,PT5M,0.0,0.0,0.0,0.0,0.0
0,0,0,0,23,0.14,94.7,1.7,246,2026-10-03 00:30:00,PT5M,0.0,0.0,0.0,0.0,0.0
0,0,0,0,23,0.14,94.7,1.7,246,2026-10-03 00:35:00,PT5M,0.0,0.0,0.0,0.0,0.0
0,0,0,0,23,0.14,94.8,1.7,246,2026-10-03 00:40:00,PT5M,0.0,0.0,0.0,0.0,0.0
0,0,0,0,23,0.14,94.8,1.7,245,2026-10-03 00:45:00,PT5M,0.0,0.0,0.0,0.0,0.0
0,0,0,0,23,0.14,94.9,1.7,245,2026-10-03 00:50:00,PT5M,0.0,0.0,0.0,0.0,0.0
0,0,0,0,23,0.14,94.9,1.7,244,2026-10-03 00:55:00,PT5M,0.0,0.0,0.0,0.0,0.0
0,0,0,0,23,0.14,95.0,1.7,244,2026-10-03 01:00:00,PT5M,0.0,0.0,0.0,0.0,0.0
0,0,0,0,23,0.14,95.0,1.7,243,2026-10-03 01:05:00,PT5M,0.0,0.0,0.0,0.0,0.0
0,0,0,0,23,0.14,95.1,1.7,243,2026-10-03 01:10:00,PT5M,0.0,0.0,0.0,0.0,0.0
0,0,0,0,23,0.14,95.1,1.6,242,2026-10-03 01:15:00,PT5M,0.0,0.0,0.0,0.0,0.0
0,0,0,0,23,0.14,95.2,1.6,242,2026-10-03 01:20:00,PT5M,0.0,0.0,0.0,0.0,0.0
0,0,0,0,23,0.14,95.2,1.6,241,2026-10-03 01:25:00,PT5M,0.0,0.0,0.0,0.0,0.0
0,0,0,0,23,0.14,95.2,1.6,241,2026-10-03 01:30:00,PT5M,0.0,0.0,0.0,0.0,0.0
0,0,0,0,23,0.14,95.3,1.6,241,2026-10-03 01:35:00,PT5M,0.0,0.0,0.0,0.0,0.0
0,0,0,0,23,0.14,95.3,1.6,242,2026-10-03 01:40:00,PT5M,0.0,0.0,0.0,0.0,0.0
0,0,0,0,23,0.14,95.4,1.6,243,2026-10-03 01:45:00,PT5M,0.0,0.0,0.0,0.0,0.0
0,0,0,0,23,0.14,95.4,1.6,244,2026-10-03 01:50:00,PT5M,0.0,0.0,0.0,0.0,0.0
0,0,0,0,23,0.14,95.5,1.7,246,2026-10-03 01:55:00,PT5M,0.0,0.0,0.0,0.0,0.0
0,0,0,0,23,0.14,95.5,1.7,247,2026-10-03 02:00:00,PT5M,0.0,0.0,0.0,0.0,0.0
0,0,0,0,23,0.14,95.6,1.7,248,2026-10-03 02:05:00,PT5M,0.0,0.0,0.0,0.0,0.0
0,0,0,0,23,0.14,95.6,1.7,249,2026-10-03 02:10:00,PT5M,0.0,0.0,0.0,0.0,0.0
0,0,0,0,23,0.14,95.7,1.7,250,2026-10-03 02:15:00,PT5M,0.0,0.0,0.0,0.0,0.0
0,0,0,0,23,0.14,95.7,1.7,251,2026-10-03 02:20:00,PT5M,0.0,0.0,0.0,0.0,0.0
0,0,0,0,23,0.14,95.8,1.7,252,2026-10-03 02:25:00,PT5M,0.0,0.0,0.0,0.0,0.0
0,0,0,0,23,0.14,95.8,1.8,253,2026-10-03 02:30:00,PT5M,0.0,0.0,0.0,0.0,0.0
0,0,0,0,23,0.14,95.9,1.8,254,2026-10-03 02:35:00,PT5M,0.0,0.0,0.0,0.0,0.0
0,0,0,0,23,0.14,95.9,1.8,254,2026-10-03 02:40:00,PT5M,0.0,0.0,0.0,0.0,0.0
0,0,0,0,23,0.14,96.0,1.7,255,2026-10-03 02:45:00,PT5M,0.0,0.0,0.0,0.0,0.0
0,0,0,0,23,0.14,96.0,1.7,255,2026-10-03 02:50:00,PT5M,0.0,0.0,0.0,0.0,0.0
0,0,0,0,23,0.14,96.1,1.7,256,2026-10-03 02:55:00,PT5M,0.0,0.0,0.0,0.0,0.0
0,0,0,0,23,0.14,96.1,1.7,256,2026-10-03 03:00:00,PT5M,0.0,0.0,0.0,0.0,0.0
0,0,0,0,23,0.14,96.2,1.7,257,2026-10-03 03:05:00,PT5M,0.0,0.0,0.0,0.0,0.0
0,0,0,0,23,0.14,96.2,1.7,257,2026-10-03 03:10:00,PT5M,0.0,0.0,0.0,0.0,0.0
0,0,0,0,23,0.14,96.3,1.7,258,2026-10-03 03:15:00,PT5M,0.0,0.0,0.0,0.0,0.0
0,0,0,0,23,0.14,96.3,1.7,258,2026-10-03 03:20:00,PT5M,0.0,0.0,0.0,0.0,0.0
0,0,0,0,23,0.14,96.4,1.6,259,2026-10-03 03:25:00,PT5M,0.0,0.0,0.0,0.0,0.0
0,0,0,0,23,0.14,96.4,1.6,259,2026-10-03 03:30:00,PT5M,0.0,0.0,0.0,0.0,0.0
0,0,0,0,23,0.14,96.4,1.6,260,2026-10-03 03:35:00,PT5M,0.0,0.0,0.0,0.0,0.0
0,0,0,0,23,0.14,96.4,1.6,260,2026-10-03 03:40:00,PT5M,0.0,0.0,0.0,0.0,0.0
0,0,0,0,23,0.14,96.3,1.6,261,2026-10-03 03:45:00,PT5M,0.0,0.0,0.0,0.0,0.0
0,0,0,0,23,0.14,96.3,1.6,261,2026-10-03 03:50:00,PT5M,0.0,0.0,0.0,0.0,0.0
0,0,0,0,23,0.14,96.2,1.6,262,2026-10-03 03:55:00,PT5M,0.0,0.0,0.0,0.0,0.0
0,0,0,0,23,0.14,96.2,1.6,263,2026-10-03 04:00:00,PT5M,0.0,0.0,0.0,0.0,0.0
0,0,0,0,23,0.14,96.1,1.6,263,2026-10-03 04:05:00,PT5M,0.0,0.0,0.0,0.0,0.0
0,0,0,0,23,0.14,96.1,1.6,264,2026-10-03 04:10:00,PT5M,0.0,0.0,0.0,0.0,0.0
0,0,0,0,23,0.14,96.0,1.6,264,2026-10-03 04:15:00,PT5M,0.0,0.0,0.0,0.0,0.0
0,0,0,0,23,0.14,96.0,1.6,265,2026-10-03 04:20:00,PT5M,0.0,0.0,0.0,0.0,0.0
0,0,0,0,23,0.14,95.9,1.6,266,2026-10-03 04:25:00,PT5M,0.0,0.0,0.0,0.0,0.0
0,0,0,0,23,0.14,95.9,1.6,266,2026-10-03 04:30:00,PT5M,0.0,0.0,0.0,0.0,0.0
0,0,0,0,23,0.14,95.9,1.6,267,2026-10-03 04:35:00,PT5M,0.0,0.0,0.0,0.0,0.0
0,0,0,0,23,0.14,95.9,1.6,267,2026-10-03 04:40:00,PT5M,0.0,0.0,0.0,0.0,0.0
0,0,0,0,23,0.14,96.0,1.5,267,2026-10-03 04:45:00,PT5M,0.0,0.0,0.0,0.0,0.0
0,0,0,0,23,0.14,96.0,1.5,267,2026-10-03 04:50:00,PT5M,0.0,0.0,0.0,0.0,0.0
0,0,0,0,23,0.14,96.1,1.5,268,2026-10-03 04:55:00,PT5M,0.0,0.0,0.0,0.0,0.0
0,0,0,0,23,0.14,96.1,1.5,268,2026-10-03 05:00:00,PT5M,0.0,0.0,0.0,0.0,0.0
0,0,0,0,23,0.14,96.2,1.4,268,2026-10-03 05:05:00,PT5M,0.0,0.0,0.0,0.0,0.0
0,0,0,0,23,0.14,96.2,1.4,268,2026-10-03 05:10:00,PT5M,0.0,0.0,0.0,0.0,0.0
0,0,0,0,23,0.14,96.3,1.4,269,2026-10-03 05:15:00,PT5M,0.0,0.0,0.0,0.0,0.0
0,0,0,0,23,0.14,96.3,1.4,269,2026-10-03 05:20:00,PT5M,0.0,0.0,0.0,0.0,0.0
0,0,0,0,23,0.14,96.4,1.3,269,2026-10-03 05:25:00,PT5M,0.0,0.0,0.0,0.0,0.0
0,0,0,0,23,0.14,96.4,1.3,270,2026-10-03 05:30:00,PT5M,0.0,0.0,0.0,0.0,0.0
0,0,0,0,23,0.14,96.4,1.3,270,2026-10-03 05:35:00,PT5M,0.0,0.0,0.0,0.0,0.0
0,0,0,0,23,0.14,96.4,1.3,269,2026-10-03 05:40:00,PT5M,0.0,0.0,0.0,0.0,0.0
0,0,0,0,23,0.14,96.3,1.3,268,2026-10-03 05:45:00,PT5M,0.0,0.0,0.0,0.0,0.0
0,0,0,0,23,0.14,96.3,1.4,268,2026-10-03 05:50:00,PT5M,0.0,0.0,0.0,0.0,0.0
0,0,0,0,23,0.14,96.2,1.4,267,2026-10-03 05:55:00,PT5M,0.0,0.0,0.0,0.0,0.0
3,3,0,3,23,0.14,96.2,1.4,266,2026-10-03 06:00:00,PT5M,0.0,0.0,0.0,0.0,0.0
8,8,0,8,23,0.14,96.1,1.4,266,2026-10-03 06:05:00,PT5M,0.425,0.9415,0.6968,0.1532,0.0
15,15,0,15,23,0.14,96.1,1.4,265,2026-10-03 06:10:00,PT5M,1.315,2.6455,2.0153,0.6147,0.0
22,22,0,22,23,0.14,96.0,1.4,264,2026-10-03 06:15:00,PT5M,2.274,4.881,3.6461,0.9019,0.0
30,30,0,30,23,0.14,96.0,1.5,264,2026-10-03 06:20:00,PT5M,3.284,7.44,5.4713,1.0967,0.0
39,39,0,39,23,0.14,95.9,1.5,263,2026-10-03 06:25:00,PT5M,4.39,10.204,7.4499,1.3301,0.0
48,48,0,48,24,0.14,95.9,1.5,263,2026-10-03 06:30:00,PT5M,5.67,13.3805,9.7281,1.6119,0.0
59,59,0,59,24,0.14,95.6,1.5,261,2026-10-03 06:35:00,PT5M,7.064,16.7475,12.1605,1.9675,0.0
72,73,0,73,24,0.14,95.1,1.5,259,2026-10-03 06:40:00,PT5M,8.669,20.328,14.8052,2.5328,0.0
87,87,18,83,24,0.14,94.5,1.4,257,2026-10-03 06:45:00,PT5M,11.137,24.7065,18.2787,3.9953,0.0
103,103,46,92,24,0.14,94.0,1.4,255,2026-10-03 06:50:00,PT5M,14.239,29.699,22.3757,6.1023,0.0
120,120,76,101,24,0.14,93.5,1.4,252,2026-10-03 06:55:00,PT5M,17.705,35.087,26.8533,8.5567,0.323
138,137,107,108,24,0.14,93.0,1.4,250,2026-10-03 07:00:00,PT5M,21.437,40.8105,31.6334,11.2406,2.0635
156,155,136,116,25,0.14,92.5,1.3,247,2026-10-03 07:05:00,PT5M,25.489,46.897,36.7562,14.2218,4.081
176,174,167,122,25,0.14,92.0,1.3,244,2026-10-03 07:10:00,PT5M,29.929,53.375,42.2688,17.5892,6.483
196,194,200,128,25,0.14,91.5,1.3,241,2026-10-03 07:15:00,PT5M,34.761,60.2305,48.1658,21.3562,9.2915
217,215,234,133,25,0.14,91.0,1.3,239,2026-10-03 07:20:00,PT5M,39.914,67.381,54.3701,25.4579,12.447
239,236,270,136,25,0.14,90.5,1.3,236,2026-10-03 07:25:00,PT5M,45.424,74.858,60.9153,29.9327,15.99
262,259,307,139,25,0.14,90.0,1.3,233,2026-10-03 07:30:00,PT5M,51.293,82.67,67.8069,34.7791,19.916
282,278,328,143,25,0.14,89.4,1.3,231,2026-10-03 07:35:00,PT5M,55.973,89.425,73.579,38.367,22.521
297,293,332,151,26,0.14,88.7,1.3,230,2026-10-03 07:40:00,PT5M,59.201,95.0265,78.0562,40.3458,23.3755
313,309,336,158,26,0.14,88.0,1.4,229,2026-10-03 07:45:00,PT5M,60.645,97.124,79.8442,41.4458,24.166
328,324,339,165,26,0.14,87.3,1.4,228,2026-10-03 07:50:00,PT5M,62.009,99.1035,81.5321,42.4859,24.9145
343,339,342,172,26,0.14,86.6,1.5,227,2026-10-03 07:55:00,PT5M,63.289,100.0,83.1147,43.4633,25.6195
358,353,344,179,26,0.14,86.0,1.5,227,2026-10-03 08:00:00,PT5M,64.477,100.0,84.5796,44.3744,26.2815
372,368,346,186,26,0.14,85.3,1.5,226,2026-10-03 08:05:00,PT5M,65.566,100.0,85.9144,45.2176,26.9035
386,382,347,193,26,0.14,84.6,1.6,225,2026-10-03 08:10:00,PT5M,66.549,100.0,87.1066,45.9914,27.489
400,396,348,200,27,0.14,84.0,1.6,225,2026-10-03 08:15:00,PT5M,67.423,100.0,88.1484,46.6976,28.044
413,409,348,208,27,0.14,83.3,1.7,224,2026-10-03 08:20:00,PT5M,68.187,100.0,89.0293,47.3447,28.586
427,422,348,215,27,0.14,82.7,1.7,224,2026-10-03 08:25:00,PT5M,68.858,100.0,89.8108,47.9052,29.047
439,435,348,222,27,0.14,82.0,1.7,223,2026-10-03 08:30:00,PT5M,69.475,100.0,90.4854,48.4646,29.5545
452,448,349,228,27,0.14,81.2,1.8,222,2026-10-03 08:35:00,PT5M,70.212,100.0,91.2624,49.1616,30.2155
466,461,351,234,27,0.14,80.2,1.8,222,2026-10-03 08:40:00,PT5M,71.066,100.0,92.1467,49.9853,31.012
479,474,354,240,28,0.14,79.2,1.8,221,2026-10-03 08:45:00,PT5M,71.868,100.0,92.9729,50.7631,31.768
492,487,356,246,28,0.14,78.3,1.9,220,2026-10-03 08:50:00,PT5M,72.634,100.0,93.755,51.513,32.5035
505,500,358,252,28,0.14,77.3,1.9,220,2026-10-03 08:55:00,PT5M,73.364,100.0,94.4597,52.2683,33.2815
517,512,360,257,28,0.14,76.4,1.9,219,2026-10-03 09:00:00,PT5M,74.069,100.0,95.0181,53.1199,34.265
530,525,363,262,28,0.14,75.4,1.9,218,2026-10-03 09:05:00,PT5M,74.847,100.0,95.6477,54.0463,35.325
542,537,366,267,28,0.14,74.5,2.0,218,2026-10-03 09:10:00,PT5M,75.614,100.0,96.2687,54.9593,36.3695
554,549,368,272,28,0.14,73.6,2.0,217,2026-10-03 09:15:00,PT5M,76.333,100.0,96.8445,55.8215,37.3605
566,561,371,277,29,0.14,72.7,2.0,217,2026-10-03 09:20:00,PT5M,77.021,100.0,97.3922,56.6498,38.315
578,572,373,282,29,0.14,71.8,2.0,216,2026-10-03 09:25:00,PT5M,77.68,100.0,97.9139,57.4461,39.235
589,583,375,286,29,0.14,70.9,2.1,215,2026-10-03 09:30:00,PT5M,78.311,100.0,98.4104,58.2116,40.1215
599,594,376,291,29,0.14,70.2,2.1,215,2026-10-03 09:35:00,PT5M,78.852,100.0,98.8283,58.8757,40.8965
609,603,376,296,29,0.14,69.6,2.1,213,2026-10-03 09:40:00,PT5M,79.307,100.0,99.1719,59.4421,41.563
618,612,376,301,29,0.14,69.1,2.1,212,2026-10-03 09:45:00,PT5M,79.697,100.0,99.4569,59.9371,42.1525
626,621,375,306,29,0.14,68.5,2.1,211,2026-10-03 09:50:00,PT5M,80.054,100.0,99.7137,60.3943,42.7
634,629,374,310,29,0.14,67.9,2.0,210,2026-10-03 09:55:00,PT5M,80.389,100.0,99.9534,60.8246,43.216
642,636,373,315,30,0.14,67.4,2.0,208,2026-10-03 10:00:00,PT5M,80.698,100.0,100.0,61.2231,43.695
649,643,372,320,30,0.14,66.8,2.0,207,2026-10-03 10:05:00,PT5M,80.985,100.0,100.0,61.5948,44.143
656,650,370,324,30,0.14,66.3,2.0,206,2026-10-03 10:10:00,PT5M,81.248,100.0,100.0,61.9378,44.558
662,657,369,328,30,0.14,65.7,2.0,205,2026-10-03 10:15:00,PT5M,81.487,100.0,100.0,62.2526,44.941
669,663,367,333,30,0.14,65.2,2.0,203,2026-10-03 10:20:00,PT5M,81.704,100.0,100.0,62.5409,45.2935
674,669,365,337,30,0.14,64.7,2.0,202,2026-10-03 10:25:00,PT5M,81.899,100.0,100.0,62.8033,45.6165
680,674,364,340,30,0.14,64.1,2.0,201,2026-10-03 10:30:00,PT5M,82.076,100.0,100.0,63.0445,45.9155
684,678,361,345,30,0.14,63.9,2.0,200,2026-10-03 10:35:00,PT5M,82.173,100.0,100.0,63.202,46.1275
687,682,357,349,30,0.14,63.9,2.0,199,2026-10-03 10:40:00,PT5M,82.191,100.0,100.0,63.2768,46.2535
690,685,353,353,30,0.14,63.9,2.0,198,2026-10-03 10:45:00,PT5M,82.185,100.0,100.0,63.3224,46.3455
693,687,349,358,30,0.14,63.9,2.0,197,2026-10-03 10:50:00,PT5M,82.107,100.0,100.0,63.2897,46.3535
695,689,345,362,30,0.14,63.9,2.1,196,2026-10-03 10:55:00,PT5M,82.029,100.0,100.0,63.2414,46.332
696,691,341,365,30,0.14,63.9,2.1,195,2026-10-03 11:00:00,PT5M,81.94,100.0,100.0,63.1814,46.298
698,692,337,369,31,0.14,63.9,2.1,194,2026-10-03 11:05:00,PT5M,81.857,100.0,100.0,63.1336,46.282
699,693,332,373,31,0.14,63.9,2.1,193,2026-10-03 11:10:00,PT5M,81.754,100.0,100.0,63.0622,46.239
699,694,328,376,31,0.14,63.9,2.1,192,2026-10-03 11:15:00,PT5M,81.608,100.0,100.0,62.9357,46.13
699,694,323,379,31,0.14,63.9,2.1,191,2026-10-03 11:20:00,PT5M,81.434,100.0,100.0,62.7756,45.9825
698,693,319,382,31,0.14,64.0,2.1,190,2026-10-03 11:25:00,PT5M,81.234,100.0,99.8837,62.5843,45.799
698,693,314,385,31,0.14,64.0,2.1,189,2026-10-03 11:30:00,PT5M,81.009,100.0,99.654,62.364,45.583
694,689,306,389,31,0.14,63.8,2.1,188,2026-10-03 11:35:00,PT5M,80.468,100.0,99.1772,61.7588,44.92
686,682,293,394,31,0.14,63.5,2.1,187,2026-10-03 11:40:00,PT5M,79.614,100.0,98.4555,60.7725,43.8145
679,675,280,399,31,0.14,63.2,2.1,186,2026-10-03 11:45:00,PT5M,78.735,100.0,97.7136,59.7564,42.675
671,667,268,404,31,0.14,62.9,2.1,186,2026-10-03 11:50:00,PT5M,77.829,100.0,96.9484,58.7096,41.5015
663,659,255,408,31,0.14,62.6,2.1,185,2026-10-03 11:55:00,PT5M,76.895,100.0,96.1594,57.6306,40.292
654,651,243,411,31,0.14,62.3,2.2,184,2026-10-03 12:00:00,PT5M,76.004,100.0,95.4168,56.5912,39.119
645,642,231,415,31,0.14,62.0,2.2,184,2026-10-03 12:05:00,PT5M,75.092,100.0,94.6567,55.5273,37.9185
636,633,219,417,31,0.14,61.7,2.2,183,2026-10-03 12:10:00,PT5M,74.15,100.0,93.8694,54.4306,36.6825
626,624,208,420,32,0.14,61.4,2.2,182,2026-10-03 12:15:00,PT5M,73.245,100.0,93.1218,53.3682,35.4785
617,614,196,422,32,0.14,61.2,2.2,182,2026-10-03 12:20:00,PT5M,72.226,100.0,92.2625,52.1895,34.156
607,604,185,423,32,0.14,60.9,2.2,181,2026-10-03 12:25:00,PT5M,71.175,100.0,91.3731,50.9769,32.798
596,594,174,424,32,0.14,60.6,2.2,180,2026-10-03 12:30:00,PT5M,70.097,100.0,90.4575,49.7365,31.4115
588,586,167,424,32,0.14,61.5,2.2,179,2026-10-03 12:35:00,PT5M,69.329,100.0,89.8189,48.8391,30.3975
582,580,163,423,31,0.14,63.8,2.3,176,2026-10-03 12:40:00,PT5M,68.87,100.0,89.4568,48.2832,29.7545
576,574,160,421,31,0.14,66.1,2.4,174,2026-10-03 12:45:00,PT5M,68.352,100.0,89.0432,47.6608,29.038
570,568,156,419,30,0.14,68.6,2.5,171,2026-10-03 12:50:00,PT5M,67.792,100.0,88.5917,46.9923,28.272
563,562,152,417,30,0.14,71.1,2.7,169,2026-10-03 12:55:00,PT5M,67.236,100.0,88.1388,46.3332,27.52
556,555,149,414,29,0.14,73.8,2.8,168,2026-10-03 13:00:00,PT5M,66.683,100.0,87.6845,45.6815,26.7795
549,548,145,412,29,0.14,76.5,2.9,166,2026-10-03 13:05:00,PT5M,66.048,100.0,87.1598,44.9362,25.935
542,540,141,409,28,0.14,79.4,3.0,164,2026-10-03 13:10:00,PT5M,65.369,100.0,86.5939,44.1441,25.041
534,533,137,406,28,0.14,82.3,3.1,163,2026-10-03 13:15:00,PT5M,64.653,100.0,85.9937,43.3123,24.105
526,525,133,403,27,0.14,85.4,3.2,161,2026-10-03 13:20:00,PT5M,63.904,100.0,85.3615,42.4465,23.134
518,517,130,399,27,0.14,88.6,3.4,160,2026-10-03 13:25:00,PT5M,63.125,100.0,84.6999,41.5501,22.132
510,509,126,395,26,0.14,92.0,3.5,159,2026-10-03 13:30:00,PT5M,62.319,100.0,84.0121,40.6259,21.1015
498,497,117,392,26,0.14,93.6,3.4,160,2026-10-03 13:35:00,PT5M,60.963,100.0,82.8376,39.0884,19.4005
482,481,104,389,26,0.14,93.3,3.2,164,2026-10-03 13:40:00,PT5M,59.058,100.0,81.174,36.942,17.037
466,466,92,386,26,0.14,93.1,3.0,168,2026-10-03 13:45:00,PT5M,57.197,99.667,79.5493,34.8447,14.727
451,451,80,382,26,0.14,92.9,2.8,172,2026-10-03 13:50:00,PT5M,55.255,98.1645,77.8386,32.6714,12.3455
435,435,68,377,26,0.14,92.6,2.6,178,2026-10-03 13:55:00,PT5M,53.291,96.63,76.1006,30.4814,9.952
420,420,57,372,26,0.14,92.4,2.4,184,2026-10-03 14:00:00,PT5M,51.301,95.061,74.3322,28.2698,7.541
405,405,46,367,26,0.14,92.2,2.3,191,2026-10-03 14:05:00,PT5M,49.29,93.4605,72.5372,26.0428,5.1195
390,390,36,361,27,0.14,92.0,2.2,198,2026-10-03 14:10:00,PT5M,47.262,91.6655,70.6319,23.8921,2.8585
375,375,26,355,27,0.14,91.7,2.2,206,2026-10-03 14:15:00,PT5M,45.582,89.9645,68.9408,22.2232,1.1995
360,360,16,348,27,0.14,91.5,2.2,214,2026-10-03 14:20:00,PT5M,43.512,87.856,66.8506,20.1734,0.0
345,346,7,340,27,0.14,91.3,2.2,222,2026-10-03 14:25:00,PT5M,41.437,85.7095,64.7379,18.1361,0.0
330,331,0,331,27,0.14,91.1,2.3,230,2026-10-03 14:30:00,PT5M,39.432,83.5975,62.6766,16.1874,0.0
319,320,0,320,27,0.14,90.9,2.4,234,2026-10-03 14:35:00,PT5M,38.055,82.023,61.1957,14.9143,0.0
311,312,0,312,27,0.14,90.8,2.3,235,2026-10-03 14:40:00,PT5M,37.037,80.732,60.034,14.04,0.0
303,304,0,304,27,0.14,90.7,2.3,235,2026-10-03 14:45:00,PT5M,36.006,79.4105,58.8501,13.1619,0.0
295,296,0,296,27,0.14,90.7,2.3,236,2026-10-03 14:50:00,PT5M,34.963,78.06,57.6453,12.2807,0.0
287,287,0,287,27,0.14,90.6,2.3,236,2026-10-03 14:55:00,PT5M,33.935,76.7555,56.4717,11.3983,0.0
278,279,0,279,27,0.14,90.5,2.3,237,2026-10-03 15:00:00,PT5M,32.901,75.4405,55.2898,10.5122,0.0
270,271,0,271,27,0.14,90.4,2.3,238,2026-10-03 15:05:00,PT5M,31.856,74.0945,54.0864,9.6256,0.0
262,262,0,262,27,0.14,90.3,2.3,238,2026-10-03 15:10:00,PT5M,30.801,72.716,52.8612,8.7408,0.0
253,254,0,254,27,0.14,90.2,2.3,239,2026-10-03 15:15:00,PT5M,29.723,71.291,51.6005,7.8455,0.0
244,245,0,245,27,0.14,90.1,2.3,240,2026-10-03 15:20:00,PT5M,28.629,69.8215,50.3089,6.9491,0.0
236,236,0,236,27,0.14,90.0,2.3,240,2026-10-03 15:25:00,PT5M,27.525,68.3085,48.9896,6.0604,0.0
227,228,0,228,27,0.14,89.9,2.3,241,2026-10-03 15:30:00,PT5M,26.415,66.7505,47.6439,5.1861,0.0
219,219,0,219,27,0.14,90.0,2.2,240,2026-10-03 15:35:00,PT5M,25.417,65.2225,46.3669,4.4671,0.0
211,212,0,212,27,0.14,90.2,2.1,239,2026-10-03 15:40:00,PT5M,24.545,63.6795,45.1418,3.9482,0.0
204,204,0,204,27,0.14,90.4,2.0,237,2026-10-03 15:45:00,PT5M,23.657,62.078,43.8782,3.4358,0.0
196,197,0,197,27,0.14,90.7,1.8,235,2026-10-03 15:50:00,PT5M,22.75,60.3885,42.5594,2.9406,0.0
188,189,0,189,26,0.14,90.9,1.7,233,2026-10-03 15:55:00,PT5M,21.82,58.613,41.1844,2.4556,0.0
180,180,0,180,26,0.14,91.1,1.6,230,2026-10-03 16:00:00,PT5M,20.866,56.76,39.7573,1.9747,0.0
172,172,0,172,26,0.14,91.3,1.5,227,2026-10-03 16:05:00,PT5M,19.887,54.8325,38.2791,1.4949,0.0
163,164,0,164,26,0.14,91.5,1.4,224,2026-10-03 16:10:00,PT5M,18.887,52.8395,36.7564,1.0176,0.0
155,155,0,155,26,0.14,91.8,1.2,220,2026-10-03 16:15:00,PT5M,18.149,50.1005,34.9653,1.3327,0.0
146,146,0,146,26,0.14,92.0,1.1,215,2026-10-03 16:20:00,PT5M,17.312,47.0695,32.9736,1.6504,0.0
137,138,0,138,26,0.14,92.2,1.1,209,2026-10-03 16:25:00,PT5M,16.387,43.9815,30.9102,1.8638,0.0
128,129,0,129,26,0.14,92.4,1.0,202,2026-10-03 16:30:00,PT5M,15.406,40.859,28.8021,2.0099,0.0
119,120,0,120,26,0.14,92.7,1.0,202,2026-10-03 16:35:00,PT5M,14.384,37.777,26.6959,2.0721,0.0
110,111,0,111,26,0.14,92.9,1.1,207,2026-10-03 16:40:00,PT5M,13.306,34.704,24.5679,2.0441,0.0
101,102,0,102,26,0.14,93.1,1.2,212,2026-10-03 16:45:00,PT5M,12.202,31.615,22.4192,1.9848,0.0
92,93,0,93,26,0.14,93.3,1.3,215,2026-10-03 16:50:00,PT5M,11.089,28.5435,20.2754,1.9026,0.0
83,84,0,84,26,0.14,93.6,1.4,219,2026-10-03 16:55:00,PT5M,9.958,25.418,18.0947,1.8213,0.0
74,74,0,74,25,0.14,93.8,1.6,221,2026-10-03 17:00:00,PT5M,8.815,22.241,15.8812,1.7488,0.0
65,65,0,65,25,0.14,94.0,1.7,224,2026-10-03 17:05:00,PT5M,7.647,19.15,13.7011,1.5929,0.0
56,56,0,56,25,0.14,94.3,1.8,226,2026-10-03 17:10:00,PT5M,6.478,16.131,11.5584,1.3976,0.0
47,47,0,47,25,0.14,94.5,2.0,227,2026-10-03 17:15:00,PT5M,5.437,13.279,9.5643,1.3097,0.0
39,39,0,39,25,0.14,94.7,2.1,229,2026-10-03 17:20:00,PT5M,4.437,10.602,7.6817,1.1923,0.0
32,32,0,32,25,0.14,95.0,2.2,230,2026-10-03 17:25:00,PT5M,3.413,8.0535,5.8553,0.9707,0.0
25,25,0,25,25,0.14,95.2,2.4,231,2026-10-03 17:30:00,PT5M,2.513,5.8865,4.2885,0.7375,0.0
18,18,0,18,25,0.14,95.3,2.4,232,2026-10-03 17:35:00,PT5M,1.697,3.8995,2.8562,0.5378,0.0
12,12,0,12,25,0.14,95.4,2.4,233,2026-10-03 17:40:00,PT5M,0.921,2.1595,1.5728,0.2692,0.0
7,7,0,7,25,0.14,95.4,2.4,234,2026-10-03 17:45:00,PT5M,0.222,0.7835,0.5175,0.0,0.0
2,2,0,2,25,0.14,95.5,2.4,235,2026-10-03 17:50:00,PT5M,0.0,0.0,0.0,0.0,0.0
0,0,0,0,25,0.14,95.5,2.4,236,2026-10-03 17:55:00,PT5M,0.0,0.0,0.0,0.0,0.0
0,0,0,0,25,0.14,95.6,2.4,237,2026-10-03 18:00:00,PT5M,0.0,0.0,0.0,0.0,0.0
0,0,0,0,25,0.14,95.6,2.4,239,2026-10-03 18:05:00,PT5M,0.0,0.0,0.0,0.0,0.0
0,0,0,0,25,0.14,95.7,2.3,240,2026-10-03 18:10:00,PT5M,0.0,0.0,0.0,0.0,0.0
0,0,0,0,25,0.14,95.7,2.3,241,2026-10-03 18:15:00,PT5M,0.0,0.0,0.0,0.0,0.0
0,0,0,0,24,0.14,95.8,2.3,242,2026-10-03 18:20:00,PT5M,0.0,0.0,0.0,0.0,0.0
0,0,0,0,24,0.14,95.8,2.3,243,2026-10-03 18:25:00,PT5M,0.0,0.0,0.0,0.0,0.0
0,0,0,0,24,0.14,95.9,2.3,244,2026-10-03 18:30:00,PT5M,0.0,0.0,0.0,0.0,0.0
0,0,0,0,24,0.14,95.9,2.3,244,2026-10-03 18:35:00,PT5M,0.0,0.0,0.0,0.0,0.0
0,0,0,0,24,0.14,96.0,2.3,244,2026-10-03 18:40:00,PT5M,0.0,0.0,0.0,0.0,0.0
0,0,0,0,24,0.14,96.0,2.2,244,2026-10-03 18:45:00,PT5M,0.0,0.0,0.0,0.0,0.0
0,0,0,0,24,0.14,96.0,2.2,243,2026-10-03 18:50:00,PT5M,0.0,0.0,0.0,0.0,0.0
0,0,0,0,24,0.14,96.1,2.1,243,2026-10-03 18:55:00,PT5M,0.0,0.0,0.0,0.0,0.0
0,0,0,0,24,0.14,96.1,2.1,242,2026-10-03 19:00:00,PT5M,0.0,0.0,0.0,0.0,0.0
0,0,0,0,24,0.14,96.2,2.0,242,2026-10-03 19:05:00,PT5M,0.0,0.0,0.0,0.0,0.0
0,0,0,0,24,0.14,96.2,2.0,241,2026-10-03 19:10:00,PT5M,0.0,0.0,0.0,0.0,0.0
0,0,0,0,24,0.14,96.3,1.9,241,2026-10-03 19:15:00,PT5M,0.0,0.0,0.0,0.0,0.0
0,0,0,0,24,0.14,96.3,1.9,240,2026-10-03 19:20:00,PT5M,0.0,0.0,0.0,0.0,0.0
0,0,0,0,24,0.14,96.4,1.8,240,2026-10-03 19:25:00,PT5M,0.0,0.0,0.0,0.0,0.0
0,0,0,0,24,0.14,96.4,1.8,239,2026-10-03 19:30:00,PT5M,0.0,0.0,0.0,0.0,0.0
0,0,0,0,24,0.14,96.5,1.7,240,2026-10-03 19:35:00,PT5M,0.0,0.0,0.0,0.0,0.0
0,0,0,0,24,0.14,96.5,1.7,241,2026-10-03 19:40:00,PT5M,0.0,0.0,0.0,0.0,0.0
0,0,0,0,24,0.14,96.6,1.6,243,2026-10-03 19:45:00,PT5M,0.0,0.0,0.0,0.0,0.0
0,0,0,0,24,0.14,96.6,1.5,245,2026-10-03 19:50:00,PT5M,0.0,0.0,0.0,0.0,0.0
0,0,0,0,24,0.14,96.7,1.5,247,2026-10-03 19:55:00,PT5M,0.0,0.0,0.0,0.0,0.0
0,0,0,0,24,0.14,96.7,1.4,250,2026-10-03 20:00:00,PT5M,0.0,0.0,0.0,0.0,0.0
0,0,0,0,24,0.14,96.8,1.3,252,2026-10-03 20:05:00,PT5M,0.0,0.0,0.0,0.0,0.0
0,0,0,0,24,0.14,96.8,1.3,255,2026-10-03 20:10:00,PT5M,0.0,0.0,0.0,0.0,0.0
0,0,0,0,24,0.14,96.9,1.2,258,2026-10-03 20:15:00,PT5M,0.0,0.0,0.0,0.0,0.0
0,0,0,0,24,0.14,96.9,1.2,261,2026-10-03 20:20:00,PT5M,0.0,0.0,0.0,0.0,0.0
0,0,0,0,24,0.14,97.0,1.2,264,2026-10-03 20:25:00,PT5M,0.0,0.0,0.0,0.0,0.0
0,0,0,0,24,0.14,97.0,1.1,268,2026-10-03 20:30:00,PT5M,0.0,0.0,0.0,0.0,0.0
0,0,0,0,24,0.14,97.1,1.1,271,2026-10-03 20:35:00,PT5M,0.0,0.0,0.0,0.0,0.0
0,0,0,0,24,0.14,97.1,1.1,273,2026-10-03 20:40:00,PT5M,0.0,0.0,0.0,0.0,0.0
0,0,0,0,24,0.14,97.2,1.1,275,2026-10-03 20:45:00,PT5M,0.0,0.0,0.0,0.0,0.0
0,0,0,0,24,0.14,97.2,1.1,277,2026-10-03 20:50:00,PT5M,0.0,0.0,0.0,0.0,0.0
0,0,0,0,24,0.14,97.3,1.2,279,2026-10-03 20:55:00,PT5M,0.0,0.0,0.0,0.0,0.0
0,0,0,0,24,0.14,97.3,1.2,281,2026-10-03 21:00:00,PT5M,0.0,0.0,0.0,0.0,0.0
0,0,0,0,24,0.14,97.4,1.2,283,2026-10-03 21:05:00,PT5M,0.0,0.0,0.0,0.0,0.0
0,0,0,0,24,0.14,97.4,1.2,285,2026-10-03 21:10:00,PT5M,0.0,0.0,0.0,0.0,0.0
0,0,0,0,24,0.14,97.4,1.2,287,2026-10-03 21:15:00,PT5M,0.0,0.0,0.0,0.0,0.0
0,0,0,0,24,0.14,97.5,1.2,289,2026-10-03 21:20:00,PT5M,0.0,0.0,0.0,0.0,0.0
0,0,0,0,24,0.14,97.5,1.3,290,2026-10-03 21:25:00,PT5M,0.0,0.0,0.0,0.0,0.0
0,0,0,0,24,0.14,97.6,1.3,292,2026-10-03 21:30:00,PT5M,0.0,0.0,0.0,0.0,0.0
0,0,0,0,24,0.14,97.6,1.3,293,2026-10-03 21:35:00,PT5M,0.0,0.0,0.0,0.0,0.0
0,0,0,0,24,0.14,97.7,1.2,292,2026-10-03 21:40:00,PT5M,0.0,0.0,0.0,0.0,0.0
0,0,0,0,24,0.14,97.7,1.2,292,2026-10-03 21:45:00,PT5M,0.0,0.0,0.0,0.0,0.0
0,0,0,0,24,0.14,97.8,1.2,292,2026-10-03 21:50:00,PT5M,0.0,0.0,0.0,0.0,0.0
0,0,0,0,24,0.14,97.8,1.1,292,2026-10-03 21:55:00,PT5M,0.0,0.0,0.0,0.0,0.0
0,0,0,0,24,0.14,97.9,1.1,292,2026-10-03 22:00:00,PT5M,0.0,0.0,0.0,0.0,0.0
0,0,0,0,24,0.14,97.9,1.1,292,2026-10-03 22:05:00,PT5M,0.0,0.0,0.0,0.0,0.0
0,0,0,0,24,0.14,98.0,1.0,292,2026-10-03 22:10:00,PT5M,0.0,0.0,0.0,0.0,0.0
0,0,0,0,24,0.14,98.0,1.0,291,2026-10-03 22:15:00,PT5M,0.0,0.0,0.0,0.0,0.0
0,0,0,0,24,0.14,98.1,0.9,291,2026-10-03 22:20:00,PT5M,0.0,0.0,0.0,0.0,0.0
0,0,0,0,24,0.14,98.1,0.9,291,2026-10-03 22:25:00,PT5M,0.0,0.0,0.0,0.0,0.0
0,0,0,0,24,0.14,98.2,0.9,291,2026-10-03 22:30:00,PT5M,0.0,0.0,0.0,0.0,0.0
0,0,0,0,24,0.14,98.2,0.9,291,2026-10-03 22:35:00,PT5M,0.0,0.0,0.0,0.0,0.0
0,0,0,0,24,0.14,98.3,0.9,292,2026-10-03 22:40:00,PT5M,0.0,0.0,0.0,0.0,0.0
0,0,0,0,24,0.14,98.3,0.9,293,2026-10-03 22:45:00,PT5M,0.0,0.0,0.0,0.0,0.0
0,0,0,0,24,0.14,98.4,0.9,293,2026-10-03 22:50:00,PT5M,0.0,0.0,0.0,0.0,0.0
0,0,0,0,24,0.14,98.4,0.9,294,2026-10-03 22:55:00,PT5M,0.0,0.0,0.0,0.0,0.0
0,0,0,0,24,0.14,98.5,0.9,295,2026-10-03 23:00:00,PT5M,0.0,0.0,0.0,0.0,0.0
0,0,0,0,24,0.14,98.5,0.9,296,2026-10-03 23:05:00,PT5M,0.0,0.0,0.0,0.0,0.0
0,0,0,0,24,0.14,98.6,1.0,296,2026-10-03 23:10:00,PT5M,0.0,0.0,0.0,0.0,0.0
0,0,0,0,24,0.14,98.6,1.0,297,2026-10-03 23:15:00,PT5M,0.0,0.0,0.0,0.0,0.0
0,0,0,0,24,0.14,98.7,1.0,298,2026-10-03 23:20:00,PT5M,0.0,0.0,0.0,0.0,0.0
0,0,0,0,24,0.14,98.7,1.0,298,2026-10-03 23:25:00,PT5M,0.0,0.0,0.0,0.0,0.0
0,0,0,0,24,0.14,98.8,1.0,299,2026-10-03 23:30:00,PT5M,0.0,0.0,0.0,0.0,0.0
0,0,0,0,24,0.14,98.8,1.0,299,2026-10-03 23:35:00,PT5M,0.0,0.0,0.0,0.0,0.0
0,0,0,0,24,0.14,98.9,1.0,299,2026-10-03 23:40:00,PT5M,0.0,0.0,0.0,0.0,0.0
0,0,0,0,24,0.14,98.9,1.0,300,2026-10-03 23:45:00,PT5M,0.0,0.0,0.0,0.0,0.0
0,0,0,0,23,0.14,99.0,0.9,300,2026-10-03 23:50:00,PT5M,0.0,0.0,0.0,0.0,0.0
0,0,0,0,23,0.14,99.0,0.9,300,2026-10-03 23:55:00,PT5M,0.0,0.0,0.0,0.0,0.0
0,0,0,0,23,0.14,99.1,0.9,301,2026-10-04 00:00:00,PT5M,0.0,0.0,0.0,0.0,0.0
0,0,0,0,23,0.14,99.1,0.9,301,2026-10-04 00:05:00,PT5M,0.0,0.0,0.0,0.0,0.0
0,0,0,0,23,0.14,99.2,0.8,302,2026-10-04 00:10:00,PT5M,0.0,0.0,0.0,0.0,0.0
0,0,0,0,23,0.14,99.2,0.8,302,2026-10-04 00:15:00,PT5M,0.0,0.0,0.0,0.0,0.0
0,0,0,0,23,0.14,99.3,0.8,302,2026-10-04 00:20:00,PT5M,0.0,0.0,0.0,0.0,0.0
0,0,0,0,23,0.14,99.3,0.8,303,2026-10-04 00:25:00,PT5M,0.0,0.0,0.0,0.0,0.0
0,0,0,0,23,0.14,99.4,0.7,303,2026-10-04 00:30:00,PT5M,0.0,0.0,0.0,0.0,0.0
0,0,0,0,23,0.14,99.4,0.7,303,2026-10-04 00:35:00,PT5M,0.0,0.0,0.0,0.0,0.0
0,0,0,0,23,0.14,99.3,0.7,303,2026-10-04 00:40:00,PT5M,0.0,0.0,0.0,0.0,0.0
0,0,0,0,23,0.14,99.3,0.7,302,2026-10-04 00:45:00,PT5M,0.0,0.0,0.0,0.0,0.0
0,0,0,0,23,0.14,99.2,0.7,302,2026-10-04 00:50:00,PT5M,0.0,0.0,0.0,0.0,0.0
0,0,0,0,23,0.14,99.2,0.7,301,2026-10-04 00:55:00,PT5M,0.0,0.0,0.0,0.0,0.0
0,0,0,0,23,0.14,99.1,0.7,301,2026-10-04 01:00:00,PT5M,0.0,0.0,0.0,0.0,0.0
0,0,0,0,23,0.14,99.1,0.7,300,2026-10-04 01:05:00,PT5M,0.0,0.0,0.0,0.0,0.0
0,0,0,0,23,0.14,99.0,0.7,299,2026-10-04 01:10:00,PT5M,0.0,0.0,0.0,0.0,0.0
0,0,0,0,23,0.14,99.0,0.7,299,2026-10-04 01:15:00,PT5M,0.0,0.0,0.0,0.0,0.0
0,0,0,0,23,0.14,98.9,0.7,298,2026-10-04 01:20:00,PT5M,0.0,0.0,0.0,0.0,0.0
0,0,0,0,23,0.14,98.9,0.7,298,2026-10-04 01:25:00,PT5M,0.0,0.0,0.0,0.0,0.0
0,0,0,0,23,0.14,98.8,0.7,297,2026-10-04 01:30:00,PT5M,0.0,0.0,0.0,0.0,0.0
0,0,0,0,23,0.14,98.8,0.7,296,2026-10-04 01:35:00,PT5M,0.0,0.0,0.0,0.0,0.0
0,0,0,0,23,0.14,98.9,0.7,296,2026-10-04 01:40:00,PT5M,0.0,0.0,0.0,0.0,0.0
0,0,0,0,23,0.14,98.9,0.7,295,2026-10-04 01:45:00,PT5M,0.0,0.0,0.0,0.0,0.0
0,0,0,0,23,0.14,99.0,0.7,294,2026-10-04 01:50:00,PT5M,0.0,0.0,0.0,0.0,0.0
0,0,0,0,23,0.14,99.0,0.7,294,2026-10-04 01:55:00,PT5M,0.0,0.0,0.0,0.0,0.0
0,0,0,0,23,0.14,99.1,0.7,293,2026-10-04 02:00:00,PT5M,0.0,0.0,0.0,0.0,0.0
0,0,0,0,23,0.14,99.1,0.6,292,2026-10-04 02:05:00,PT5M,0.0,0.0,0.0,0.0,0.0
0,0,0,0,23,0.14,99.2,0.6,292,2026-10-04 02:10:00,PT5M,0.0,0.0,0.0,0.0,0.0
0,0,0,0,23,0.14,99.2,0.6,291,2026-10-04 02:15:00,PT5M,0.0,0.0,0.0,0.0,0.0
0,0,0,0,23,0.14,99.3,0.6,290,2026-10-04 02:20:00,PT5M,0.0,0.0,0.0,0.0,0.0
0,0,0,0,23,0.14,99.3,0.6,290,2026-10-04 02:25:00,PT5M,0.0,0.0,0.0,0.0,0.0
0,0,0,0,23,0.14,99.4,0.6,289,2026-10-04 02:30:00,PT5M,0.0,0.0,0.0,0.0,0.0
0,0,0,0,23,0.14,99.4,0.6,288,2026-10-04 02:35:00,PT5M,0.0,0.0,0.0,0.0,0.0
0,0,0,0,23,0.14,99.4,0.6,287,2026-10-04 02:40:00,PT5M,0.0,0.0,0.0,0.0,0.0
0,0,0,0,23,0.14,99.4,0.6,287,2026-10-04 02:45:00,PT5M,0.0,0.0,0.0,0.0,0.0
0,0,0,0,23,0.14,99.4,0.6,286,2026-10-04 02:50:00,PT5M,0.0,0.0,0.0,0.0,0.0
0,0,0,0,23,0.14,99.4,0.6,285,2026-10-04 02:55:00,PT5M,0.0,0.0,0.0,0.0,0.0
0,0,0,0,23,0.14,99.4,0.6,284,2026-10-04 03:00:00,PT5M,0.0,0.0,0.0,0.0,0.0
0,0,0,0,23,0.14,99.4,0.6,284,2026-10-04 03:05:00,PT5M,0.0,0.0,0.0,0.0,0.0
0,0,0,0,23,0.14,99.4,0.6,283,2026-10-04 03:10:00,PT5M,0.0,0.0,0.0,0.0,0.0
0,0,0,0,23,0.14,99.4,0.6,282,2026-10-04 03:15:00,PT5M,0.0,0.0,0.0,0.0,0.0
0,0,0,0,23,0.14,99.4,0.6,281,2026-10-04 03:20:00,PT5M,0.0,0.0,0.0,0.0,0.0
0,0,0,0,23,0.14,99.4,0.6,281,2026-10-04 03:25:00,PT5M,0.0,0.0,0.0,0.0,0.0
0,0,0,0,23,0.14,99.4,0.6,280,2026-10-04 03:30:00,PT5M,0.0,0.0,0.0,0.0,0.0
0,0,0,0,23,0.14,99.4,0.6,280,2026-10-04 03:35:00,PT5M,0.0,0.0,0.0,0.0,0.0
0,0,0,0,23,0.14,99.4,0.6,280,2026-10-04 03:40:00,PT5M,0.0,0.0,0.0,0.0,0.0
0,0,0,0,23,0.14,99.4,0.6,280,2026-10-04 03:45:00,PT5M,0.0,0.0,0.0,0.0,0.0
0,0,0,0,23,0.14,99.4,0.6,280,2026-10-04 03:50:00,PT5M,0.0,0.0,0.0,0.0,0.0
0,0,0,0,23,0.14,99.4,0.6,280,2026-10-04 03:55:00,PT5M,0.0,0.0,0.0,0.0,0.0
0,0,0,0,23,0.14,99.4,0.6,280,2026-10-04 04:00:00,PT5M,0.0,0.0,0.0,0.0,0.0
0,0,0,0,23,0.14,99.4,0.6,280,2026-10-04 04:05:00,PT5M,0.0,0.0,0.0,0.0,0.0
0,0,0,0,23,0.14,99.4,0.5,281,2026-10-04 04:10:00,PT5M,0.0,0.0,0.0,0.0,0.0
0,0,0,0,23,0.14,99.4,0.5,281,2026-10-04 04:15:00,PT5M,0.0,0.0,0.0,0.0,0.0
0,0,0,0,23,0.14,99.4,0.5,281,2026-10-04 04:20:00,PT5M,0.0,0.0,0.0,0.0,0.0
0,0,0,0,23,0.14,99.4,0.5,281,2026-10-04 04:25:00,PT5M,0.0,0.0,0.0,0.0,0.0
0,0,0,0,23,0.14,99.4,0.5,281,2026-10-04 04:30:00,PT5M,0.0,0.0,0.0,0.0,0.0
0,0,0,0,23,0.14,99.4,0.5,281,2026-10-04 04:35:00,PT5M,0.0,0.0,0.0,0.0,0.0
0,0,0,0,23,0.14,99.3,0.5,280,2026-10-04 04:40:00,PT5M,0.0,0.0,0.0,0.0,0.0
0,0,0,0,23,0.14,99.3,0.5,279,2026-10-04 04:45:00,PT5M,0.0,0.0,0.0,0.0,0.0
0,0,0,0,23,0.14,99.2,0.5,278,2026-10-04 04:50:00,PT5M,0.0,0.0,0.0,0.0,0.0
0,0,0,0,23,0.14,99.2,0.5,277,2026-10-04 04:55:00,PT5M,0.0,0.0,0.0,0.0,0.0
0,0,0,0,23,0.14,99.1,0.5,276,2026-10-04 05:00:00,PT5M,0.0,0.0,0.0,0.0,0.0
0,0,0,0,23,0.14,99.1,0.6,275,2026-10-04 05:05:00,PT5M,0.0,0.0,0.0,0.0,0.0
0,0,0,0,23,0.14,99.0,0.6,274,2026-10-04 05:10:00,PT5M,0.0,0.0,0.0,0.0,0.0
0,0,0,0,23,0.14,99.0,0.6,273,2026-10-04 05:15:00,PT5M,0.0,0.0,0.0,0.0,0.0
0,0,0,0,23,0.14,98.9,0.6,272,2026-10-04 05:20:00,PT5M,0.0,0.0,0.0,0.0,0.0
0,0,0,0,23,0.14,98.9,0.6,271,2026-10-04 05:25:00,PT5M,0.0,0.0,0.0,0.0,0.0
0,0,0,0,23,0.14,98.8,0.6,270,2026-10-04 05:30:00,PT5M,0.0,0.0,0.0,0.0,0.0
0,0,0,0,23,0.14,98.5,0.6,269,2026-10-04 05:35:00,PT5M,0.0,0.0,0.0,0.0,0.0
0,0,0,0,23,0.14,98.1,0.6,268,2026-10-04 05:40:00,PT5M,0.0,0.0,0.0,0.0,0.0
0,0,0,0,23,0.14,97.6,0.6,266,2026-10-04 05:45:00,PT5M,0.0,0.0,0.0,0.0,0.0
0,0,0,0,23,0.14,97.1,0.6,264,2026-10-04 05:50:00,PT5M,0.0,0.0,0.0,0.0,0.0
0,0,0,0,23,0.14,96.6,0.6,263,2026-10-04 05:55:00,PT5M,0.0,0.0,0.0,0.0,0.0
3,3,0,3,24,0.14,96.1,0.6,261,2026-10-04 06:00:00,PT5M,0.0,0.0,0.0,0.0,0.0
9,9,0,9,24,0.14,95.6,0.6,260,2026-10-04 06:05:00,PT5M,0.586,1.1325,0.8736,0.2984,0.0395
17,17,0,17,24,0.14,95.1,0.6,258,2026-10-04 06:10:00,PT5M,1.607,2.9945,2.3373,0.8767,0.2195
26,26,0,26,24,0.14,94.7,0.6,257,2026-10-04 06:15:00,PT5M,2.733,5.303,4.0856,1.3804,0.163
35,35,0,35,24,0.14,94.2,0.6,255,2026-10-04 06:20:00,PT5M,3.942,7.9915,6.0733,1.8107,0.0
46,46,0,46,24,0.14,93.7,0.6,254,2026-10-04 06:25:00,PT5M,5.294,10.934,8.2624,2.3256,0.0
58,58,9,56,24,0.14,93.3,0.6,252,2026-10-04 06:30:00,PT5M,7.085,14.5165,10.9963,3.1737,0.0
71,70,32,65,24,0.14,92.7,0.6,251,2026-10-04 06:35:00,PT5M,9.349,18.705,14.2731,4.4249,0.0
84,84,55,74,25,0.14,92.1,0.6,249,2026-10-04 06:40:00,PT5M,11.836,23.1185,17.7741,5.8979,0.5535
99,98,78,82,25,0.14,91.5,0.6,248,2026-10-04 06:45:00,PT5M,14.625,27.8,21.5591,7.6909,1.45
114,113,101,90,25,0.14,90.9,0.7,247,2026-10-04 06:50:00,PT5M,17.619,32.6815,25.5465,9.6915,2.5565
130,129,124,98,25,0.14,90.4,0.7,245,2026-10-04 06:55:00,PT5M,20.77,37.778,29.7214,11.8186,3.762
146,145,144,106,25,0.14,89.8,0.7,244,2026-10-04 07:00:00,PT5M,24.007,43.0525,34.0308,13.9832,4.9615
162,160,160,114,25,0.14,89.2,0.7,243,2026-10-04 07:05:00,PT5M,27.238,48.387,38.3689,16.1071,6.089
178,176,176,121,25,0.14,88.6,0.7,242,2026-10-04 07:10:00,PT5M,30.592,53.871,42.8439,18.3401,7.313
194,192,192,129,25,0.14,88.1,0.7,240,2026-10-04 07:15:00,PT5M,34.059,59.478,47.4372,20.6808,8.64
211,209,207,136,26,0.14,87.5,0.7,239,2026-10-04 07:20:00,PT5M,37.561,65.1205,52.0658,23.0562,10.0015
228,225,221,143,26,0.14,86.9,0.7,238,2026-10-04 07:25:00,PT5M,41.128,70.8215,56.7559,25.5001,11.4345
245,242,236,150,26,0.14,86.4,0.7,237,2026-10-04 07:30:00,PT5M,44.754,76.586,61.5074,28.0006,12.922
261,258,247,156,26,0.14,85.9,0.7,236,2026-10-04 07:35:00,PT5M,48.164,82.2145,66.085,30.243,14.1135
276,273,255,164,26,0.14,85.5,0.7,235,2026-10-04 07:40:00,PT5M,51.282,87.669,70.4327,32.1313,14.895
292,289,263,171,26,0.14,85.1,0.7,234,2026-10-04 07:45:00,PT5M,53.172,90.206,72.6633,33.6807,16.138
307,304,270,177,26,0.14,84.6,0.8,233,2026-10-04 07:50:00,PT5M,54.989,92.6265,74.7979,35.1801,17.3515
323,319,277,184,26,0.14,84.2,0.8,232,2026-10-04 07:55:00,PT5M,56.73,94.925,76.8323,36.6277,18.535
338,334,284,191,26,0.14,83.8,0.8,231,2026-10-04 08:00:00,PT5M,58.387,97.087,78.7551,38.0189,19.687
353,349,290,197,27,0.14,83.4,0.8,230,2026-10-04 08:05:00,PT5M,59.952,99.093,80.5522,39.3518,20.811
368,364,296,204,27,0.14,83.0,0.8,229,2026-10-04 08:10:00,PT5M,61.418,100.0,82.2108,40.6252,21.911
383,379,302,210,27,0.14,82.6,0.8,228,2026-10-04 08:15:00,PT5M,62.781,100.0,83.757,41.805,22.926
398,393,307,216,27,0.14,82.2,0.8,227,2026-10-04 08:20:00,PT5M,64.042,100.0,85.1127,42.9713,24.007
412,408,312,222,27,0.14,81.8,0.8,226,2026-10-04 08:25:00,PT5M,65.215,100.0,86.3391,44.0909,25.0785
426,422,316,228,27,0.14,81.4,0.8,225,2026-10-04 08:30:00,PT5M,66.327,100.0,87.4845,45.1695,26.127
441,436,322,234,27,0.14,80.8,0.9,224,2026-10-04 08:35:00,PT5M,67.534,100.0,88.6968,46.3712,27.324
456,451,329,239,27,0.14,80.1,0.9,222,2026-10-04 08:40:00,PT5M,68.835,100.0,89.9857,47.6843,28.648
471,466,336,243,28,0.14,79.3,0.9,220,2026-10-04 08:45:00,PT5M,70.08,100.0,91.2086,48.9514,29.935
485,480,343,248,28,0.14,78.6,0.9,219,2026-10-04 08:50:00,PT5M,71.282,100.0,92.3593,50.2047,31.2345
500,495,350,252,28,0.14,77.9,0.9,217,2026-10-04 08:55:00,PT5M,72.442,100.0,93.324,51.56,32.7655
515,509,357,257,28,0.14,77.2,1.0,215,2026-10-04 09:00:00,PT5M,73.57,100.0,94.2568,52.8832,34.2645
529,524,365,260,28,0.14,76.4,1.0,214,2026-10-04 09:05:00,PT5M,74.781,100.0,95.268,54.294,35.855
544,538,373,264,28,0.14,75.7,1.0,212,2026-10-04 09:10:00,PT5M,75.942,100.0,96.2296,55.6544,37.395
558,553,380,267,28,0.14,75.0,1.0,211,2026-10-04 09:15:00,PT5M,77.065,100.0,97.1534,56.9766,38.8965
573,567,388,270,28,0.14,74.3,1.1,210,2026-10-04 09:20:00,PT5M,78.152,100.0,98.0419,58.2621,40.3605
587,581,396,272,28,0.14,73.6,1.1,208,2026-10-04 09:25:00,PT5M,79.203,100.0,98.8953,59.5107,41.787
601,594,403,275,29,0.14,73.0,1.1,207,2026-10-04 09:30:00,PT5M,80.22,100.0,99.716,60.724,43.177
612,606,407,279,29,0.14,72.3,1.1,206,2026-10-04 09:35:00,PT5M,80.924,100.0,100.0,61.5883,44.1855
622,615,407,284,29,0.14,71.6,1.1,205,2026-10-04 09:40:00,PT5M,81.326,100.0,100.0,62.1121,44.819
631,624,406,289,29,0.14,71.0,1.2,203,2026-10-04 09:45:00,PT5M,81.667,100.0,100.0,62.5678,45.378
639,633,404,294,29,0.14,70.3,1.2,202,2026-10-04 09:50:00,PT5M,81.975,100.0,100.0,62.985,45.8935
648,641,403,299,29,0.14,69.7,1.2,201,2026-10-04 09:55:00,PT5M,82.264,100.0,100.0,63.3783,46.3805
655,649,401,303,29,0.14,69.0,1.2,200,2026-10-04 10:00:00,PT5M,82.529,100.0,100.0,63.7406,46.8305
663,656,399,308,29,0.14,68.4,1.2,199,2026-10-04 10:05:00,PT5M,82.773,100.0,100.0,64.0773,47.2505
670,663,397,313,30,0.14,67.8,1.2,198,2026-10-04 10:10:00,PT5M,82.996,100.0,100.0,64.3876,47.6395
676,670,396,317,30,0.14,67.1,1.3,196,2026-10-04 10:15:00,PT5M,83.197,100.0,100.0,64.6715,47.998
682,676,394,322,30,0.14,66.5,1.3,195,2026-10-04 10:20:00,PT5M,83.377,100.0,100.0,64.9294,48.326
688,681,391,326,30,0.14,65.9,1.3,194,2026-10-04 10:25:00,PT5M,83.537,100.0,100.0,65.1631,48.626
693,687,389,330,30,0.14,65.3,1.3,193,2026-10-04 10:30:00,PT5M,83.68,100.0,100.0,65.3761,48.902
697,691,386,335,30,0.14,64.7,1.3,193,2026-10-04 10:35:00,PT5M,83.736,100.0,100.0,65.4874,49.063
701,694,382,339,30,0.14,64.1,1.4,192,2026-10-04 10:40:00,PT5M,83.705,100.0,100.0,65.4961,49.1075
704,697,377,344,30,0.14,63.5,1.4,191,2026-10-04 10:45:00,PT5M,83.651,100.0,100.0,65.476,49.118
706,700,373,348,31,0.14,63.0,1.4,190,2026-10-04 10:50:00,PT5M,83.57,100.0,100.0,65.4211,49.0865
708,702,368,353,31,0.14,62.4,1.4,189,2026-10-04 10:55:00,PT5M,83.447,100.0,100.0,65.3073,48.981
710,704,363,357,31,0.14,61.8,1.5,188,2026-10-04 11:00:00,PT5M,83.311,100.0,100.0,65.1802,48.862
711,705,359,361,31,0.14,61.2,1.5,187,2026-10-04 11:05:00,PT5M,83.174,100.0,100.0,65.0585,48.754
712,706,354,365,31,0.14,60.7,1.5,187,2026-10-04 11:10:00,PT5M,82.999,100.0,100.0,64.8938,48.5985
712,706,349,368,31,0.14,60.1,1.5,186,2026-10-04 11:15:00,PT5M,82.814,100.0,100.0,64.7061,48.4085
712,706,344,372,31,0.14,59.6,1.5,185,2026-10-04 11:20:00,PT5M,82.602,100.0,100.0,64.4857,48.1805
711,706,339,375,31,0.14,59.0,1.6,185,2026-10-04 11:25:00,PT5M,82.366,100.0,100.0,64.2355,47.9175
710,705,334,378,32,0.14,58.5,1.6,184,2026-10-04 11:30:00,PT5M,82.105,100.0,100.0,63.9561,47.6215
710,705,331,381,32,0.14,58.4,1.6,183,2026-10-04 11:35:00,PT5M,81.965,100.0,100.0,63.7958,47.443
711,705,330,382,32,0.14,58.8,1.7,183,2026-10-04 11:40:00,PT5M,81.943,100.0,100.0,63.752,47.3795
711,705,328,383,31,0.14,59.2,1.7,182,2026-10-04 11:45:00,PT5M,81.89,100.0,100.0,63.6716,47.2745
710,705,327,384,31,0.14,59.6,1.8,181,2026-10-04 11:50:00,PT5M,81.808,100.0,100.0,63.557,47.1305
709,704,325,384,31,0.14,60.0,1.8,181,2026-10-04 11:55:00,PT5M,81.694,100.0,99.9829,63.4051,46.9445
708,703,323,385,31,0.14,60.4,1.9,180,2026-10-04 12:00:00,PT5M,81.625,100.0,99.9571,63.2929,46.7935
706,701,322,385,31,0.14,60.9,1.9,180,2026-10-04 12:05:00,PT5M,81.53,100.0,99.9102,63.1498,46.607
704,699,320,385,31,0.14,61.3,2.0,179,2026-10-04 12:10:00,PT5M,81.404,100.0,99.8376,62.9704,46.3795
702,696,318,385,31,0.14,61.7,2.0,179,2026-10-04 12:15:00,PT5M,81.247,100.0,99.7388,62.7552,46.112
699,694,316,385,31,0.14,62.1,2.1,178,2026-10-04 12:20:00,PT5M,81.06,100.0,99.6144,62.5056,45.806
695,690,313,385,31,0.14,62.5,2.1,178,2026-10-04 12:25:00,PT5M,80.842,100.0,99.4638,62.2202,45.46
692,686,311,384,31,0.14,63.0,2.2,178,2026-10-04 12:30:00,PT5M,80.597,100.0,99.2896,61.9044,45.0805
687,682,308,384,31,0.14,63.4,2.2,177,2026-10-04 12:35:00,PT5M,80.263,100.0,99.0311,61.4949,44.603
681,676,304,384,31,0.14,63.8,2.3,177,2026-10-04 12:40:00,PT5M,79.839,100.0,98.6876,60.9904,44.026
675,670,299,383,30,0.14,64.3,2.4,177,2026-10-04 12:45:00,PT5M,79.365,100.0,98.3044,60.4256,43.3795
669,664,295,382,30,0.14,64.7,2.4,176,2026-10-04 12:50:00,PT5M,78.858,100.0,97.8932,59.8228,42.6905
662,658,291,381,30,0.14,65.1,2.5,176,2026-10-04 12:55:00,PT5M,78.348,100.0,97.4727,59.2233,42.0105
655,651,287,380,30,0.14,65.6,2.5,176,2026-10-04 13:00:00,PT5M,77.83,100.0,97.0407,58.6193,41.329
648,643,282,379,30,0.14,66.0,2.6,175,2026-10-04 13:05:00,PT5M,77.246,100.0,96.5578,57.9342,40.553
640,636,278,377,30,0.14,66.5,2.6,175,2026-10-04 13:10:00,PT5M,76.625,100.0,96.0428,57.2072,39.7305
632,628,273,376,30,0.14,66.9,2.7,175,2026-10-04 13:15:00,PT5M,75.968,100.0,95.4958,56.4402,38.8645
624,620,269,374,30,0.14,67.4,2.8,175,2026-10-04 13:20:00,PT5M,75.279,100.0,94.9195,55.6385,37.9615
615,611,264,371,30,0.14,67.9,2.8,174,2026-10-04 13:25:00,PT5M,74.561,100.0,94.3162,54.8058,37.0255
607,602,260,369,30,0.14,68.3,2.9,174,2026-10-04 13:30:00,PT5M,73.817,100.0,93.689,53.945,36.0595
594,590,249,368,30,0.14,68.8,2.9,174,2026-10-04 13:35:00,PT5M,72.575,100.0,92.6378,52.5122,34.455
577,574,234,368,30,0.14,69.3,3.0,174,2026-10-04 13:40:00,PT5M,70.829,100.0,91.1534,50.5046,32.212
561,557,218,367,30,0.14,69.7,3.0,174,2026-10-04 13:45:00,PT5M,69.047,100.0,89.6301,48.4639,29.9385
544,541,204,366,29,0.14,70.2,3.1,173,2026-10-04 13:50:00,PT5M,67.206,100.0,88.0443,46.3677,27.6125
527,525,189,364,29,0.14,70.7,3.1,173,2026-10-04 13:55:00,PT5M,65.357,100.0,86.4472,44.2668,25.285
511,509,175,361,29,0.14,71.2,3.2,173,2026-10-04 14:00:00,PT5M,63.469,100.0,84.8081,42.1299,22.924
494,492,162,358,29,0.14,71.7,3.3,173,2026-10-04 14:05:00,PT5M,61.548,100.0,83.1326,39.9634,20.5365
478,476,148,355,29,0.14,72.2,3.3,173,2026-10-04 14:10:00,PT5M,59.589,100.0,81.4152,37.7628,18.1185
461,460,135,351,29,0.14,72.7,3.4,172,2026-10-04 14:15:00,PT5M,57.572,99.4945,79.6361,35.5079,15.6495
445,444,123,347,29,0.14,73.2,3.4,172,2026-10-04 14:20:00,PT5M,55.53,97.895,77.827,33.233,13.165
429,428,110,342,29,0.14,73.7,3.5,172,2026-10-04 14:25:00,PT5M,53.466,96.2635,75.9906,30.9414,10.6685
412,412,99,336,29,0.14,74.2,3.5,172,2026-10-04 14:30:00,PT5M,51.55,94.791,74.308,28.792,8.309
399,399,91,330,29,0.14,74.6,3.5,172,2026-10-04 14:35:00,PT5M,49.905,93.4925,72.8454,26.9646,6.3175
389,388,87,324,29,0.14,75.0,3.4,172,2026-10-04 14:40:00,PT5M,48.683,92.525,71.7574,25.6086,4.841
378,377,83,317,29,0.14,75.4,3.3,172,2026-10-04 14:45:00,PT5M,47.432,91.5265,70.6393,24.2247,3.3375
367,367,79,310,29,0.14,75.8,3.3,172,2026-10-04 14:50:00,PT5M,46.154,90.499,69.4931,22.8149,1.809
357,356,76,303,29,0.14,76.3,3.2,172,2026-10-04 14:55:00,PT5M,44.911,89.295,68.2706,21.5514,0.527
346,346,73,296,28,0.14,76.7,3.1,172,2026-10-04 15:00:00,PT5M,43.645,87.9615,66.9691,20.3209,0.0
335,335,69,289,28,0.14,77.1,3.0,173,2026-10-04 15:05:00,PT5M,42.351,86.5755,65.6267,19.0753,0.0
325,324,66,282,28,0.14,77.5,3.0,173,2026-10-04 15:10:00,PT5M,41.028,85.139,64.2439,17.8121,0.0
314,313,62,274,28,0.14,77.9,2.9,173,2026-10-04 15:15:00,PT5M,39.662,83.637,62.8064,16.5176,0.0
303,302,59,266,28,0.14,78.3,2.8,173,2026-10-04 15:20:00,PT5M,38.26,82.071,61.318,15.202,0.0
291,291,55,259,28,0.14,78.8,2.7,173,2026-10-04 15:25:00,PT5M,36.826,80.3745,59.7459,13.9061,0.0
280,280,51,251,28,0.14,79.2,2.7,173,2026-10-04 15:30:00,PT5M,35.359,78.666,58.1518,12.5662,0.0
269,269,46,243,28,0.14,79.6,2.6,173,2026-10-04 15:35:00,PT5M,33.809,76.8055,56.4384,11.1796,0.0
257,257,41,234,28,0.14,80.1,2.5,174,2026-10-04 15:40:00,PT5M,32.193,74.7755,54.6045,9.7815,0.0
245,245,36,226,28,0.14,80.6,2.4,174,2026-10-04 15:45:00,PT5M,30.543,72.6235,52.6903,8.3957,0.0
233,233,31,218,28,0.14,81.1,2.3,174,2026-10-04 15:50:00,PT5M,28.861,70.3575,50.7009,7.0211,0.0
221,221,25,209,28,0.14,81.5,2.2,174,2026-10-04 15:55:00,PT5M,27.455,68.2965,48.9502,5.9598,0.0
209,210,20,200,28,0.14,82.0,2.1,174,2026-10-04 16:00:00,PT5M,25.703,65.828,46.8211,4.5849,0.0
198,198,14,191,28,0.14,82.5,2.0,175,2026-10-04 16:05:00,PT5M,23.922,63.2745,44.6335,3.2105,0.0
186,186,9,183,28,0.14,83.0,1.9,175,2026-10-04 16:10:00,PT5M,22.112,60.641,42.3901,1.8339,0.0
174,175,3,174,28,0.14,83.5,1.8,175,2026-10-04 16:15:00,PT5M,20.618,56.9035,39.7153,1.5207,0.0
163,163,0,163,28,0.14,84.0,1.7,175,2026-10-04 16:20:00,PT5M,19.24,53.176,37.1008,1.3792,0.0
152,152,0,152,28,0.14,84.5,1.6,176,2026-10-04 16:25:00,PT5M,18.038,49.6525,34.6769,1.3991,0.0
141,141,0,141,27,0.14,85.0,1.5,176,2026-10-04 16:30:00,PT5M,16.798,46.104,32.222,1.374,0.0
130,131,0,131,27,0.14,85.5,1.5,176,2026-10-04 16:35:00,PT5M,15.609,42.5885,29.8085,1.4095,0.0
120,121,0,121,27,0.14,85.9,1.4,177,2026-10-04 16:40:00,PT5M,14.435,39.071,27.4011,1.4689,0.0
110,111,0,111,27,0.14,86.4,1.3,177,2026-10-04 16:45:00,PT5M,13.237,35.5495,24.9802,1.4938,0.0
101,101,0,101,27,0.14,86.9,1.2,178,2026-10-04 16:50:00,PT5M,12.029,32.0555,22.5691,1.4889,0.0
90,91,0,91,27,0.14,87.3,1.2,179,2026-10-04 16:55:00,PT5M,10.795,28.6075,20.1698,1.4202,0.0
80,80,0,80,27,0.14,87.8,1.1,180,2026-10-04 17:00:00,PT5M,9.558,25.26,17.8221,1.2939,0.0
70,70,0,70,27,0.14,88.3,1.0,180,2026-10-04 17:05:00,PT5M,8.279,21.9095,15.4528,1.1052,0.0
60,61,0,61,27,0.14,88.8,0.9,182,2026-10-04 17:10:00,PT5M,7.019,18.6355,13.1328,0.9052,0.0
51,51,0,51,27,0.14,89.3,0.9,183,2026-10-04 17:15:00,PT5M,5.892,15.505,10.9514,0.8326,0.0
42,42,0,42,27,0.14,89.7,0.8,184,2026-10-04 17:20:00,PT5M,4.793,12.4395,8.8174,0.7686,0.0
34,34,0,34,27,0.14,90.2,0.7,186,2026-10-04 17:25:00,PT5M,3.676,9.4665,6.7236,0.6284,0.0
26,26,0,26,27,0.14,90.7,0.6,188,2026-10-04 17:30:00,PT5M,2.705,6.8655,4.8947,0.5153,0.0
18,18,0,18,27,0.14,91.0,0.6,190,2026-10-04 17:35:00,PT5M,1.647,3.5455,2.6462,0.6478,0.0
12,12,0,12,27,0.14,91.1,0.6,192,2026-10-04 17:40:00,PT5M,0.862,1.9365,1.4275,0.2965,0.0
6,6,0,6,27,0.14,91.2,0.6,194,2026-10-04 17:45:00,PT5M,0.161,0.6095,0.397,0.0,0.0
2,2,0,2,27,0.14,91.3,0.6,196,2026-10-04 17:50:00,PT5M,0.0,0.0,0.0,0.0,0.0
0,0,0,0,27,0.14,91.4,0.6,197,2026-10-04 17:55:00,PT5M,0.0,0.0,0.0,0.0,0.0
0,0,0,0,27,0.14,91.4,0.6,199,2026-10-04 18:00:00,PT5M,0.0,0.0,0.0,0.0,0.0
0,0,0,0,27,0.14,91.5,0.6,201,2026-10-04 18:05:00,PT5M,0.0,0.0,0.0,0.0,0.0
0,0,0,0,26,0.14,91.6,0.6,203,2026-10-04 18:10:00,PT5M,0.0,0.0,0.0,0.0,0.0
0,0,0,0,26,0.14,91.7,0.6,205,2026-10-04 18:15:00,PT5M,0.0,0.0,0.0,0.0,0.0
0,0,0,0,26,0.14,91.8,0.6,206,2026-10-04 18:20:00,PT5M,0.0,0.0,0.0,0.0,0.0
0,0,0,0,26,0.14,91.9,0.6,208,2026-10-04 18:25:00,PT5M,0.0,0.0,0.0,0.0,0.0
0,0,0,0,26,0.14,92.0,0.6,210,2026-10-04 18:30:00,PT5M,0.0,0.0,0.0,0.0,0.0
0,0,0,0,26,0.14,92.1,0.6,212,2026-10-04 18:35:00,PT5M,0.0,0.0,0.0,0.0,0.0
0,0,0,0,26,0.14,92.2,0.6,213,2026-10-04 18:40:00,PT5M,0.0,0.0,0.0,0.0,0.0
0,0,0,0,26,0.14,92.4,0.6,214,2026-10-04 18:45:00,PT5M,0.0,0.0,0.0,0.0,0.0
0,0,0,0,26,0.14,92.5,0.6,216,2026-10-04 18:50:00,PT5M,0.0,0.0,0.0,0.0,0.0
0,0,0,0,26,0.14,92.6,0.6,217,2026-10-04 18:55:00,PT5M,0.0,0.0,0.0,0.0,0.0
0,0,0,0,26,0.14,92.8,0.6,218,2026-10-04 19:00:00,PT5M,0.0,0.0,0.0,0.0,0.0
0,0,0,0,26,0.14,92.9,0.6,219,2026-10-04 19:05:00,PT5M,0.0,0.0,0.0,0.0,0.0
0,0,0,0,26,0.14,93.0,0.7,220,2026-10-04 19:10:00,PT5M,0.0,0.0,0.0,0.0,0.0
0,0,0,0,26,0.14,93.2,0.7,221,2026-10-04 19:15:00,PT5M,0.0,0.0,0.0,0.0,0.0
0,0,0,0,26,0.14,93.3,0.7,223,2026-10-04 19:20:00,PT5M,0.0,0.0,0.0,0.0,0.0
0,0,0,0,26,0.14,93.5,0.7,224,2026-10-04 19:25:00,PT5M,0.0,0.0,0.0,0.0,0.0
0,0,0,0,26,0.14,93.6,0.7,225,2026-10-04 19:30:00,PT5M,0.0,0.0,0.0,0.0,0.0
0,0,0,0,26,0.14,93.7,0.7,226,2026-10-04 19:35:00,PT5M,0.0,0.0,0.0,0.0,0.0
0,0,0,0,26,0.14,93.9,0.7,227,2026-10-04 19:40:00,PT5M,0.0,0.0,0.0,0.0,0.0
0,0,0,0,26,0.14,94.0,0.7,229,2026-10-04 19:45:00,PT5M,0.0,0.0,0.0,0.0,0.0
0,0,0,0,26,0.14,94.1,0.7,230,2026-10-04 19:50:00,PT5M,0.0,0.0,0.0,0.0,0.0
0,0,0,0,26,0.14,94.3,0.7,231,2026-10-04 19:55:00,PT5M,0.0,0.0,0.0,0.0,0.0
0,0,0,0,26,0.14,94.4,0.7,232,2026-10-04 20:00:00,PT5M,0.0,0.0,0.0,0.0,0.0
0,0,0,0,26,0.14,94.6,0.8,234,2026-10-04 20:05:00,PT5M,0.0,0.0,0.0,0.0,0.0
0,0,0,0,26,0.14,94.7,0.8,235,2026-10-04 20:10:00,PT5M,0.0,0.0,0.0,0.0,0.0
0,0,0,0,26,0.14,94.8,0.8,236,2026-10-04 20:15:00,PT5M,0.0,0.0,0.0,0.0,0.0
0,0,0,0,26,0.14,95.0,0.8,237,2026-10-04 20:20:00,PT5M,0.0,0.0,0.0,0.0,0.0
0,0,0,0,26,0.14,95.1,0.8,239,2026-10-04 20:25:00,PT5M,0.0,0.0,0.0,0.0,0.0
0,0,0,0,25,0.14,95.3,0.8,240,2026-10-04 20:30:00,PT5M,0.0,0.0,0.0,0.0,0.0
0,0,0,0,25,0.14,95.3,0.8,240,2026-10-04 20:35:00,PT5M,0.0,0.0,0.0,0.0,0.0
0,0,0,0,25,0.14,95.3,0.8,241,2026-10-04 20:40:00,PT5M,0.0,0.0,0.0,0.0,0.0
0,0,0,0,25,0.14,95.3,0.9,241,2026-10-04 20:45:00,PT5M,0.0,0.0,0.0,0.0,0.0
0,0,0,0,25,0.14,95.3,0.9,241,2026-10-04 20:50:00,PT5M,0.0,0.0,0.0,0.0,0.0
0,0,0,0,25,0.14,95.3,0.9,242,2026-10-04 20:55:00,PT5M,0.0,0.0,0.0,0.0,0.0
0,0,0,0,25,0.14,95.3,0.9,242,2026-10-04 21:00:00,PT5M,0.0,0.0,0.0,0.0,0.0
0,0,0,0,25,0.14,95.3,1.0,242,2026-10-04 21:05:00,PT5M,0.0,0.0,0.0,0.0,0.0
0,0,0,0,25,0.14,95.3,1.0,242,2026-10-04 21:10:00,PT5M,0.0,0.0,0.0,0.0,0.0
0,0,0,0,25,0.14,95.3,1.0,243,2026-10-04 21:15:00,PT5M,0.0,0.0,0.0,0.0,0.0
0,0,0,0,25,0.14,95.3,1.1,243,2026-10-04 21:20:00,PT5M,0.0,0.0,0.0,0.0,0.0
0,0,0,0,25,0.14,95.3,1.1,243,2026-10-04 21:25:00,PT5M,0.0,0.0,0.0,0.0,0.0
0,0,0,0,25,0.14,95.3,1.1,243,2026-10-04 21:30:00,PT5M,0.0,0.0,0.0,0.0,0.0
0,0,0,0,25,0.14,95.3,1.1,244,2026-10-04 21:35:00,PT5M,0.0,0.0,0.0,0.0,0.0
0,0,0,0,25,0.14,95.3,1.2,244,2026-10-04 21:40:00,PT5M,0.0,0.0,0.0,0.0,0.0
0,0,0,0,25,0.14,95.2,1.2,244,2026-10-04 21:45:00,PT5M,0.0,0.0,0.0,0.0,0.0
0,0,0,0,25,0.14,95.2,1.2,244,2026-10-04 21:50:00,PT5M,0.0,0.0,0.0,0.0,0.0
0,0,0,0,25,0.14,95.1,1.2,244,2026-10-04 21:55:00,PT5M,0.0,0.0,0.0,0.0,0.0
0,0,0,0,25,0.14,95.1,1.3,244,2026-10-04 22:00:00,PT5M,0.0,0.0,0.0,0.0,0.0
0,0,0,0,25,0.14,95.0,1.3,245,2026-10-04 22:05:00,PT5M,0.0,0.0,0.0,0.0,0.0
0,0,0,0,25,0.14,95.0,1.3,245,2026-10-04 22:10:00,PT5M,0.0,0.0,0.0,0.0,0.0
0,0,0,0,25,0.14,94.9,1.3,245,2026-10-04 22:15:00,PT5M,0.0,0.0,0.0,0.0,0.0
0,0,0,0,25,0.14,94.9,1.4,245,2026-10-04 22:20:00,PT5M,0.0,0.0,0.0,0.0,0.0
0,0,0,0,25,0.14,94.8,1.4,245,2026-10-04 22:25:00,PT5M,0.0,0.0,0.0,0.0,0.0
0,0,0,0,25,0.14,94.8,1.4,245,2026-10-04 22:30:00,PT5M,0.0,0.0,0.0,0.0,0.0
0,0,0,0,25,0.14,94.7,1.4,245,2026-10-04 22:35:00,PT5M,0.0,0.0,0.0,0.0,0.0
0,0,0,0,24,0.14,94.7,1.5,245,2026-10-04 22:40:00,PT5M,0.0,0.0,0.0,0.0,0.0
0,0,0,0,24,0.14,94.7,1.5,245,2026-10-04 22:45:00,PT5M,0.0,0.0,0.0,0.0,0.0
0,0,0,0,24,0.14,94.7,1.5,245,2026-10-04 22:50:00,PT5M,0.0,0.0,0.0,0.0,0.0
0,0,0,0,24,0.14,94.7,1.5,245,2026-10-04 22:55:00,PT5M,0.0,0.0,0.0,0.0,0.0
0,0,0,0,24,0.14,94.7,1.5,245,2026-10-04 23:00:00,PT5M,0.0,0.0,0.0,0.0,0.0
0,0,0,0,24,0.14,94.7,1.6,245,2026-10-04 23:05:00,PT5M,0.0,0.0,0.0,0.0,0.0
0,0,0,0,24,0.14,94.7,1.6,245,2026-10-04 23:10:00,PT5M,0.0,0.0,0.0,0.0,0.0
0,0,0,0,24,0.14,94.7,1.6,245,2026-10-04 23:15:00,PT5M,0.0,0.0,0.0,0.0,0.0
0,0,0,0,24,0.14,94.7,1.6,245,2026-10-04 23:20:00,PT5M,0.0,0.0,0.0,0.0,0.0
0,0,0,0,24,0.14,94.7,1.6,245,2026-10-04 23:25:00,PT5M,0.0,0.0,0.0,0.0,0.0
0,0,0,0,24,0.14,94.7,1.6,245,2026-10-04 23:30:00,PT5M,0.0,0.0,0.0,0.0,0.0
0,0,0,0,24,0.14,94.7,1.7,245,2026-10-04 23:35:00,PT5M,0.0,0.0,0.0,0.0,0.0
0,0,0,0,24,0.14,94.8,1.7,246,2026-10-04 23:40:00,PT5M,0.0,0.0,0.0,0.0,0.0
0,0,0,0,24,0.14,94.8,1.7,246,2026-10-04 23:45:00,PT5M,0.0,0.0,0.0,0.0,0.0
0,0,0,0,24,0.14,94.9,1.7,246,2026-10-04 23:50:00,PT5M,0.0,0.0,0.0,0.0,0.0
0,0,0,0,24,0.14,94.9,1.7,247,2026-10-04 23:55:00,PT5M,0.0,0.0,0.0,0.0,0.0
0,0,0,0,24,0.14,95.0,1.7,247,2026-10-05 00:00:00,PT5M,0.0,0.0,0.0,0.0,0.0
0,0,0,0,24,0.14,95.0,1.7,247,2026-10-05 00:05:00,PT5M,0.0,0.0,0.0,0.0,0.0
0,0,0,0,24,0.14,95.1,1.7,248,2026-10-05 00:10:00,PT5M,0.0,0.0,0.0,0.0,0.0
0,0,0,0,24,0.14,95.1,1.7,248,2026-10-05 00:15:00,PT5M,0.0,0.0,0.0,0.0,0.0
0,0,0,0,24,0.14,95.2,1.7,249,2026-10-05 00:20:00,PT5M,0.0,0.0,0.0,0.0,0.0
0,0,0,0,24,0.14,95.2,1.7,249,2026-10-05 00:25:00,PT5M,0.0,0.0,0.0,0.0,0.0
0,0,0,0,24,0.14,95.3,1.7,249,2026-10-05 00:30:00,PT5M,0.0,0.0,0.0,0.0,0.0
0,0,0,0,24,0.14,95.3,1.7,249,2026-10-05 00:35:00,PT5M,0.0,0.0,0.0,0.0,0.0
0,0,0,0,24,0.14,95.4,1.7,249,2026-10-05 00:40:00,PT5M,0.0,0.0,0.0,0.0,0.0
0,0,0,0,24,0.14,95.4,1.7,249,2026-10-05 00:45:00,PT5M,0.0,0.0,0.0,0.0,0.0
0,0,0,0,24,0.14,95.5,1.7,249,2026-10-05 00:50:00,PT5M,0.0,0.0,0.0,0.0,0.0
0,0,0,0,24,0.14,95.5,1.7,249,2026-10-05 00:55:00,PT5M,0.0,0.0,0.0,0.0,0.0
0,0,0,0,24,0.14,95.5,1.7,249,2026-10-05 01:00:00,PT5M,0.0,0.0,0.0,0.0,0.0
0,0,0,0,24,0.14,95.6,1.7,249,2026-10-05 01:05:00,PT5M,0.0,0.0,0.0,0.0,0.0
0,0,0,0,24,0.14,95.6,1.7,249,2026-10-05 01:10:00,PT5M,0.0,0.0,0.0,0.0,0.0
0,0,0,0,24,0.14,95.7,1.7,249,2026-10-05 01:15:00,PT5M,0.0,0.0,0.0,0.0,0.0
0,0,0,0,24,0.14,95.7,1.7,249,2026-10-05 01:20:00,PT5M,0.0,0.0,0.0,0.0,0.0
0,0,0,0,24,0.14,95.8,1.7,249,2026-10-05 01:25:00,PT5M,0.0,0.0,0.0,0.0,0.0
0,0,0,0,24,0.14,95.8,1.7,249,2026-10-05 01:30:00,PT5M,0.0,0.0,0.0,0.0,0.0
0,0,0,0,24,0.14,95.9,1.7,250,2026-10-05 01:35:00,PT5M,0.0,0.0,0.0,0.0,0.0
0,0,0,0,24,0.14,95.9,1.7,250,2026-10-05 01:40:00,PT5M,0.0,0.0,0.0,0.0,0.0
0,0,0,0,23,0.14,96.0,1.7,250,2026-10-05 01:45:00,PT5M,0.0,0.0,0.0,0.0,0.0
0,0,0,0,23,0.14,96.0,1.7,251,2026-10-05 01:50:00,PT5M,0.0,0.0,0.0,0.0,0.0
0,0,0,0,23,0.14,96.1,1.7,251,2026-10-05 01:55:00,PT5M,0.0,0.0,0.0,0.0,0.0
0,0,0,0,23,0.14,96.1,1.7,251,2026-10-05 02:00:00,PT5M,0.0,0.0,0.0,0.0,0.0
0,0,0,0,23,0.14,96.2,1.7,252,2026-10-05 02:05:00,PT5M,0.0,0.0,0.0,0.0,0.0
0,0,0,0,23,0.14,96.2,1.7,252,2026-10-05 02:10:00,PT5M,0.0,0.0,0.0,0.0,0.0
0,0,0,0,23,0.14,96.3,1.8,252,2026-10-05 02:15:00,PT5M,0.0,0.0,0.0,0.0,0.0
0,0,0,0,23,0.14,96.3,1.8,253,2026-10-05 02:20:00,PT5M,0.0,0.0,0.0,0.0,0.0
0,0,0,0,23,0.14,96.4,1.8,253,2026-10-05 02:25:00,PT5M,0.0,0.0,0.0,0.0,0.0
0,0,0,0,23,0.14,96.4,1.8,253,2026-10-05 02:30:00,PT5M,0.0,0.0,0.0,0.0,0.0
0,0,0,0,23,0.14,96.4,1.8,254,2026-10-05 02:35:00,PT5M,0.0,0.0,0.0,0.0,0.0
0,0,0,0,23,0.14,96.4,1.7,254,2026-10-05 02:40:00,PT5M,0.0,0.0,0.0,0.0,0.0
0,0,0,0,23,0.14,96.4,1.7,255,2026-10-05 02:45:00,PT5M,0.0,0.0,0.0,0.0,0.0
0,0,0,0,23,0.14,96.4,1.7,255,2026-10-05 02:50:00,PT5M,0.0,0.0,0.0,0.0,0.0
0,0,0,0,23,0.14,96.4,1.7,255,2026-10-05 02:55:00,PT5M,0.0,0.0,0.0,0.0,0.0
0,0,0,0,23,0.14,96.4,1.7,256,2026-10-05 03:00:00,PT5M,0.0,0.0,0.0,0.0,0.0
0,0,0,0,23,0.14,96.4,1.6,256,2026-10-05 03:05:00,PT5M,0.0,0.0,0.0,0.0,0.0
0,0,0,0,23,0.14,96.4,1.6,257,2026-10-05 03:10:00,PT5M,0.0,0.0,0.0,0.0,0.0
0,0,0,0,23,0.14,96.4,1.6,257,2026-10-05 03:15:00,PT5M,0.0,0.0,0.0,0.0,0.0
0,0,0,0,23,0.14,96.4,1.6,258,2026-10-05 03:20:00,PT5M,0.0,0.0,0.0,0.0,0.0
0,0,0,0,23,0.14,96.4,1.6,258,2026-10-05 03:25:00,PT5M,0.0,0.0,0.0,0.0,0.0
0,0,0,0,23,0.14,96.4,1.5,258,2026-10-05 03:30:00,PT5M,0.0,0.0,0.0,0.0,0.0
0,0,0,0,23,0.14,96.5,1.5,259,2026-10-05 03:35:00,PT5M,0.0,0.0,0.0,0.0,0.0
0,0,0,0,23,0.14,96.5,1.5,259,2026-10-05 03:40:00,PT5M,0.0,0.0,0.0,0.0,0.0
0,0,0,0,23,0.14,96.6,1.5,260,2026-10-05 03:45:00,PT5M,0.0,0.0,0.0,0.0,0.0
0,0,0,0,23,0.14,96.6,1.4,260,2026-10-05 03:50:00,PT5M,0.0,0.0,0.0,0.0,0.0
0,0,0,0,23,0.14,96.6,1.4,261,2026-10-05 03:55:00,PT5M,0.0,0.0,0.0,0.0,0.0
0,0,0,0,23,0.14,96.7,1.4,261,2026-10-05 04:00:00,PT5M,0.0,0.0,0.0,0.0,0.0
0,0,0,0,23,0.14,96.7,1.4,262,2026-10-05 04:05:00,PT5M,0.0,0.0,0.0,0.0,0.0
0,0,0,0,23,0.14,96.8,1.3,262,2026-10-05 04:10:00,PT5M,0.0,0.0,0.0,0.0,0.0
0,0,0,0,23,0.14,96.8,1.3,263,2026-10-05 04:15:00,PT5M,0.0,0.0,0.0,0.0,0.0
0,0,0,0,23,0.14,96.9,1.3,264,2026-10-05 04:20:00,PT5M,0.0,0.0,0.0,0.0,0.0
0,0,0,0,23,0.14,96.9,1.2,264,2026-10-05 04:25:00,PT5M,0.0,0.0,0.0,0.0,0.0
0,0,0,0,23,0.14,97.0,1.2,265,2026-10-05 04:30:00,PT5M,0.0,0.0,0.0,0.0,0.0
0,0,0,0,23,0.14,97.0,1.2,266,2026-10-05 04:35:00,PT5M,0.0,0.0,0.0,0.0,0.0
0,0,0,0,23,0.14,97.0,1.2,266,2026-10-05 04:40:00,PT5M,0.0,0.0,0.0,0.0,0.0
0,0,0,0,23,0.14,97.0,1.1,267,2026-10-05 04:45:00,PT5M,0.0,0.0,0.0,0.0,0.0
0,0,0,0,23,0.14,97.0,1.1,268,2026-10-05 04:50:00,PT5M,0.0,0.0,0.0,0.0,0.0
0,0,0,0,23,0.14,97.0,1.1,269,2026-10-05 04:55:00,PT5M,0.0,0.0,0.0,0.0,0.0
0,0,0,0,23,0.14,97.0,1.1,270,2026-10-05 05:00:00,PT5M,0.0,0.0,0.0,0.0,0.0
0,0,0,0,23,0.14,97.0,1.0,270,2026-10-05 05:05:00,PT5M,0.0,0.0,0.0,0.0,0.0
0,0,0,0,23,0.14,97.0,1.0,271,2026-10-05 05:10:00,PT5M,0.0,0.0,0.0,0.0,0.0
0,0,0,0,23,0.14,97.0,1.0,272,2026-10-05 05:15:00,PT5M,0.0,0.0,0.0,0.0,0.0
0,0,0,0,23,0.14,97.0,1.0,273,2026-10-05 05:20:00,PT5M,0.0,0.0,0.0,0.0,0.0
0,0,0,0,23,0.14,97.0,0.9,275,2026-10-05 05:25:00,PT5M,0.0,0.0,0.0,0.0,0.0
0,0,0,0,23,0.14,97.0,0.9,276,2026-10-05 05:30:00,PT5M,0.0,0.0,0.0,0.0,0.0
0,0,0,0,23,0.14,96.7,0.9,276,2026-10-05 05:35:00,PT5M,0.0,0.0,0.0,0.0,0.0
0,0,0,0,23,0.14,96.1,0.9,274,2026-10-05 05:40:00,PT5M,0.0,0.0,0.0,0.0,0.0
0,0,0,0,23,0.14,95.6,0.9,272,2026-10-05 05:45:00,PT5M,0.0,0.0,0.0,0.0,0.0
0,0,0,0,23,0.14,95.0,0.9,271,2026-10-05 05:50:00,PT5M,0.0,0.0,0.0,0.0,0.0
0,0,0,0,24,0.14,94.4,0.9,269,2026-10-05 05:55:00,PT5M,0.0,0.0,0.0,0.0,0.0
3,3,0,3,24,0.14,93.8,0.9,268,2026-10-05 06:00:00,PT5M,0.0,0.0,0.0,0.0,0.0
10,10,0,10,24,0.14,93.3,0.9,266,2026-10-05 06:05:00,PT5M,0.735,1.277,1.0203,0.4497,0.193
19,19,0,19,24,0.14,92.7,0.9,264,2026-10-05 06:10:00,PT5M,1.838,3.1125,2.5088,1.1672,0.5635
28,28,0,28,24,0.14,92.2,0.9,263,2026-10-05 06:15:00,PT5M,3.044,5.26,4.2103,1.8777,0.828
38,38,0,38,24,0.14,91.6,0.9,261,2026-10-05 06:20:00,PT5M,4.334,7.7835,6.1495,2.5185,0.8845
50,50,14,48,24,0.14,91.1,0.9,260,2026-10-05 06:25:00,PT5M,6.048,10.843,8.5716,3.5244,1.253
62,62,39,57,24,0.14,90.5,0.9,258,2026-10-05 06:30:00,PT5M,8.342,14.6675,11.6712,5.0128,2.0165
76,76,65,65,25,0.14,90.0,0.9,257,2026-10-05 06:35:00,PT5M,10.962,18.9065,15.1432,6.7808,3.0175
92,91,93,73,25,0.14,89.4,0.9,256,2026-10-05 06:40:00,PT5M,13.859,23.441,18.9021,8.8159,4.277
108,106,121,81,25,0.14,88.8,0.9,255,2026-10-05 06:45:00,PT5M,17.089,28.291,22.9847,11.1933,5.887
124,123,149,89,25,0.14,88.3,0.9,254,2026-10-05 06:50:00,PT5M,20.57,33.3955,27.3202,13.8198,7.7445
142,140,177,96,25,0.14,87.7,0.9,253,2026-10-05 06:55:00,PT5M,24.295,38.7955,31.9267,16.6633,9.7945
160,157,201,103,25,0.14,87.1,0.9,252,2026-10-05 07:00:00,PT5M,28.078,44.3385,36.636,19.52,11.8175
178,175,223,110,25,0.14,86.6,1.0,251,2026-10-05 07:05:00,PT5M,31.979,50.119,41.5262,22.4318,13.839
196,193,246,116,26,0.14,86.0,1.0,250,2026-10-05 07:10:00,PT5M,36.162,56.271,46.7455,25.5785,16.053
215,211,269,123,26,0.14,85.5,1.0,249,2026-10-05 07:15:00,PT5M,40.489,62.5845,52.118,28.86,18.3935
234,230,291,128,26,0.14,84.9,1.0,248,2026-10-05 07:20:00,PT5M,44.914,69.0035,57.5925,32.2355,20.8245
254,249,312,133,26,0.14,84.4,1.0,247,2026-10-05 07:25:00,PT5M,49.444,75.5265,63.1714,35.7166,23.3615
273,269,334,138,26,0.14,83.8,1.0,246,2026-10-05 07:30:00,PT5M,54.077,82.2035,68.8802,39.2738,25.9505
292,287,349,144,26,0.14,83.3,1.0,245,2026-10-05 07:35:00,PT5M,58.376,88.5675,74.266,42.486,28.1845
310,305,360,150,26,0.14,82.8,1.0,244,2026-10-05 07:40:00,PT5M,62.16,94.4855,79.1731,45.1469,29.8345
327,322,370,156,26,0.14,82.4,1.0,243,2026-10-05 07:45:00,PT5M,64.185,97.202,81.5621,46.8079,31.168
345,339,379,161,27,0.14,81.9,1.0,242,2026-10-05 07:50:00,PT5M,66.114,99.7715,83.8282,48.3998,32.4565
362,356,388,167,27,0.14,81.4,1.0,240,2026-10-05 07:55:00,PT5M,67.94,100.0,85.9629,49.9171,33.696
379,373,396,173,27,0.14,80.9,1.0,239,2026-10-05 08:00:00,PT5M,69.657,100.0,87.9572,51.3568,34.886
396,390,404,178,27,0.14,80.5,1.1,238,2026-10-05 08:05:00,PT5M,71.282,100.0,89.8301,52.7339,36.04
413,407,411,184,27,0.14,80.0,1.1,237,2026-10-05 08:10:00,PT5M,72.801,100.0,91.5615,54.0405,37.1555
429,423,418,189,27,0.14,79.5,1.1,236,2026-10-05 08:15:00,PT5M,74.178,100.0,93.1053,55.2507,38.2155
446,439,425,194,27,0.14,79.1,1.1,235,2026-10-05 08:20:00,PT5M,75.411,100.0,94.4517,56.3703,39.233
462,455,431,199,28,0.14,78.6,1.1,234,2026-10-05 08:25:00,PT5M,76.518,100.0,95.6327,57.4033,40.1995
478,471,436,204,28,0.14,78.2,1.1,233,2026-10-05 08:30:00,PT5M,77.546,100.0,96.7117,58.3803,41.1305
494,487,444,208,28,0.14,77.6,1.1,232,2026-10-05 08:35:00,PT5M,78.742,100.0,97.9348,59.5492,42.275
511,504,455,211,28,0.14,76.9,1.1,231,2026-10-05 08:40:00,PT5M,80.104,100.0,99.3029,60.9051,43.6255
528,521,465,213,28,0.14,76.2,1.0,230,2026-10-05 08:45:00,PT5M,81.399,100.0,100.0,62.2056,44.931
545,538,475,216,28,0.14,75.6,1.0,228,2026-10-05 08:50:00,PT5M,82.637,100.0,100.0,63.461,46.202
562,554,485,218,28,0.14,74.9,0.9,227,2026-10-05 08:55:00,PT5M,83.823,100.0,100.0,64.6749,47.441
578,570,495,220,28,0.14,74.2,0.9,226,2026-10-05 09:00:00,PT5M,84.963,100.0,100.0,65.8531,48.6535
595,587,506,222,28,0.14,73.6,0.8,224,2026-10-05 09:05:00,PT5M,86.158,100.0,100.0,67.1046,49.956
612,603,516,223,29,0.14,72.9,0.8,222,2026-10-05 09:10:00,PT5M,87.288,100.0,100.0,68.2796,51.1715
628,620,527,224,29,0.14,72.3,0.7,220,2026-10-05 09:15:00,PT5M,88.375,100.0,100.0,69.5824,52.6685
644,635,537,225,29,0.14,71.7,0.7,218,2026-10-05 09:20:00,PT5M,89.42,100.0,100.0,70.8445,54.126
660,651,547,225,29,0.14,71.0,0.6,216,2026-10-05 09:25:00,PT5M,90.46,100.0,100.0,72.0995,55.5745
676,666,557,226,29,0.14,70.4,0.6,213,2026-10-05 09:30:00,PT5M,91.422,100.0,100.0,73.2741,56.9405
689,680,563,228,29,0.14,69.8,0.6,209,2026-10-05 09:35:00,PT5M,92.076,100.0,100.0,74.1292,57.9765
700,691,563,231,29,0.14,69.2,0.5,205,2026-10-05 09:40:00,PT5M,92.429,100.0,100.0,74.6706,58.6875
711,701,563,235,29,0.14,68.6,0.5,201,2026-10-05 09:45:00,PT5M,92.716,100.0,100.0,75.1392,59.3195
721,711,563,239,29,0.14,68.0,0.5,196,2026-10-05 09:50:00,PT5M,92.966,100.0,100.0,75.5655,59.9045
731,721,562,243,30,0.14,67.4,0.4,190,2026-10-05 09:55:00,PT5M,93.195,100.0,100.0,75.9658,60.459
740,730,561,247,30,0.14,66.8,0.4,184,2026-10-05 10:00:00,PT5M,93.402,100.0,100.0,76.3375,60.979
748,739,560,251,30,0.14,66.2,0.4,176,2026-10-05 10:05:00,PT5M,93.598,100.0,100.0,76.6941,61.48
757,747,559,255,30,0.14,65.6,0.4,169,2026-10-05 10:10:00,PT5M,93.783,100.0,100.0,77.0359,61.963
764,755,558,258,30,0.14,65.1,0.4,161,2026-10-05 10:15:00,PT5M,93.944,100.0,100.0,77.3485,62.412
772,762,557,261,30,0.14,64.5,0.4,153,2026-10-05 10:20:00,PT5M,94.083,100.0,100.0,77.6346,62.8305
779,769,556,265,30,0.14,63.9,0.4,145,2026-10-05 10:25:00,PT5M,94.201,100.0,100.0,77.8955,63.22
785,775,555,268,30,0.14,63.4,0.4,138,2026-10-05 10:30:00,PT5M,94.304,100.0,100.0,78.1374,63.587
791,781,553,271,30,0.14,62.8,0.4,132,2026-10-05 10:35:00,PT5M,94.384,100.0,100.0,78.3414,63.9025
797,787,552,274,31,0.14,62.3,0.5,126,2026-10-05 10:40:00,PT5M,94.444,100.0,100.0,78.509,64.167
802,792,550,277,31,0.14,61.8,0.5,121,2026-10-05 10:45:00,PT5M,94.479,100.0,100.0,78.6448,64.3935
806,796,548,280,31,0.14,61.3,0.5,117,2026-10-05 10:50:00,PT5M,94.488,100.0,100.0,78.7459,64.5775
810,800,546,282,31,0.14,60.8,0.6,113,2026-10-05 10:55:00,PT5M,94.462,100.0,100.0,78.7907,64.686
814,804,544,285,31,0.14,60.3,0.6,110,2026-10-05 11:00:00,PT5M,94.423,100.0,100.0,78.824,64.7845
817,807,542,288,31,0.14,59.8,0.7,107,2026-10-05 11:05:00,PT5M,94.367,100.0,100.0,78.8473,64.879
819,810,539,291,31,0.14,59.3,0.7,105,2026-10-05 11:10:00,PT5M,94.283,100.0,100.0,78.8343,64.93
821,812,536,293,31,0.14,58.9,0.7,102,2026-10-05 11:15:00,PT5M,94.233,100.0,100.0,78.8398,64.9855
823,813,533,296,31,0.14,58.4,0.8,100,2026-10-05 11:20:00,PT5M,94.097,100.0,100.0,78.752,64.941
824,814,529,299,31,0.14,57.9,0.8,99,2026-10-05 11:25:00,PT5M,93.939,100.0,100.0,78.6353,64.8615
824,815,526,301,32,0.14,57.4,0.9,97,2026-10-05 11:30:00,PT5M,93.758,100.0,100.0,78.4896,64.7475
825,815,523,303,32,0.14,57.3,0.9,98,2026-10-05 11:35:00,PT5M,93.63,100.0,100.0,78.3687,64.633
825,816,522,305,32,0.14,57.4,1.0,102,2026-10-05 11:40:00,PT5M,93.553,100.0,100.0,78.2701,64.515
825,816,520,306,32,0.14,57.5,1.0,105,2026-10-05 11:45:00,PT5M,93.45,100.0,100.0,78.1384,64.3575
825,815,518,307,32,0.14,57.7,1.1,108,2026-10-05 11:50:00,PT5M,93.321,100.0,100.0,77.9736,64.1605
824,814,516,308,31,0.14,57.8,1.2,110,2026-10-05 11:55:00,PT5M,93.166,100.0,100.0,77.7755,63.9235
823,813,514,309,31,0.14,57.9,1.2,112,2026-10-05 12:00:00,PT5M,93.102,100.0,100.0,77.6612,63.764
820,811,511,310,31,0.14,58.1,1.3,114,2026-10-05 12:05:00,PT5M,92.998,100.0,100.0,77.498,63.5475
818,808,507,312,31,0.14,58.2,1.4,116,2026-10-05 12:10:00,PT5M,92.853,100.0,100.0,77.2854,63.274
815,805,503,313,31,0.14,58.4,1.4,118,2026-10-05 12:15:00,PT5M,92.68,100.0,100.0,77.0379,62.9595
811,802,499,315,31,0.14,58.5,1.5,120,2026-10-05 12:20:00,PT5M,92.48,100.0,100.0,76.7568,62.6055
807,797,495,316,31,0.14,58.6,1.6,121,2026-10-05 12:25:00,PT5M,92.253,100.0,100.0,76.443,62.2135
802,793,490,317,31,0.14,58.8,1.6,122,2026-10-05 12:30:00,PT5M,92.0,100.0,100.0,76.0979,61.7855
796,787,484,319,31,0.14,58.9,1.7,123,2026-10-05 12:35:00,PT5M,91.602,100.0,100.0,75.6015,61.2005
788,779,475,322,31,0.14,59.0,1.8,125,2026-10-05 12:40:00,PT5M,91.058,100.0,100.0,74.9525,60.457
780,771,467,324,31,0.14,59.1,1.8,126,2026-10-05 12:45:00,PT5M,90.472,100.0,100.0,74.2473,59.6445
771,763,458,326,31,0.14,59.3,1.9,127,2026-10-05 12:50:00,PT5M,89.856,100.0,100.0,73.5065,58.7915
762,754,449,328,31,0.14,59.4,2.0,128,2026-10-05 12:55:00,PT5M,89.226,100.0,100.0,72.7597,57.9395
753,745,440,330,31,0.14,59.5,2.0,129,2026-10-05 13:00:00,PT5M,88.576,100.0,100.0,71.9952,57.072
743,735,432,331,31,0.14,59.6,2.1,130,2026-10-05 13:05:00,PT5M,87.882,100.0,100.0,71.1683,56.1255
733,726,423,332,31,0.14,59.7,2.2,130,2026-10-05 13:10:00,PT5M,87.159,100.0,100.0,70.3066,55.139
723,716,415,333,31,0.14,59.8,2.2,131,2026-10-05 13:15:00,PT5M,86.399,100.0,100.0,69.4022,54.1045
713,705,407,333,31,0.14,60.0,2.3,132,2026-10-05 13:20:00,PT5M,85.605,100.0,100.0,68.46,53.029
702,694,398,334,31,0.14,60.1,2.4,132,2026-10-05 13:25:00,PT5M,84.778,100.0,100.0,67.4817,51.9145
690,683,390,333,31,0.14,60.2,2.4,133,2026-10-05 13:30:00,PT5M,83.922,100.0,100.0,66.4718,50.766
676,670,377,335,31,0.14,60.3,2.5,134,2026-10-05 13:35:00,PT5M,82.724,100.0,100.0,65.0569,49.156
660,654,360,337,31,0.14,60.4,2.6,134,2026-10-05 13:40:00,PT5M,81.117,100.0,99.0612,63.1728,47.0225
643,637,343,339,31,0.14,60.5,2.7,134,2026-10-05 13:45:00,PT5M,79.535,100.0,97.7555,61.3145,44.9155
627,621,326,340,31,0.14,60.6,2.7,134,2026-10-05 13:50:00,PT5M,77.91,100.0,96.406,59.414,42.767
610,605,310,341,31,0.14,60.8,2.8,135,2026-10-05 13:55:00,PT5M,76.24,100.0,95.0105,57.4695,40.5755
593,588,294,342,31,0.14,60.9,2.9,135,2026-10-05 14:00:00,PT5M,74.522,100.0,93.5672,55.4768,38.3355
576,571,279,341,31,0.14,61.0,2.9,135,2026-10-05 14:05:00,PT5M,72.773,100.0,92.0906,53.4554,36.069
559,555,264,340,31,0.14,61.1,3.0,135,2026-10-05 14:10:00,PT5M,70.976,100.0,90.5646,51.3874,33.757
542,538,248,339,31,0.14,61.2,3.1,136,2026-10-05 14:15:00,PT5M,69.108,100.0,88.9666,49.2494,31.376
525,521,234,337,31,0.14,61.3,3.1,136,2026-10-05 14:20:00,PT5M,67.201,100.0,87.3267,47.0753,28.9615
508,504,219,334,31,0.14,61.5,3.2,136,2026-10-05 14:25:00,PT5M,65.258,100.0,85.6471,44.8689,26.518
490,487,205,331,31,0.14,61.6,3.3,136,2026-10-05 14:30:00,PT5M,63.275,100.0,83.7805,42.7695,24.314
474,471,192,327,30,0.14,62.0,3.3,137,2026-10-05 14:35:00,PT5M,61.391,100.0,81.9904,40.7916,22.2515
459,456,181,323,30,0.14,62.8,3.2,137,2026-10-05 14:40:00,PT5M,59.605,98.8815,80.2765,38.9335,20.3285
443,441,170,318,30,0.14,63.5,3.0,138,2026-10-05 14:45:00,PT5M,57.779,97.1715,78.5116,37.0464,18.3865
428,425,159,313,30,0.14,64.3,2.9,139,2026-10-05 14:50:00,PT5M,55.92,95.405,76.7012,35.1388,16.435
412,411,149,307,30,0.14,65.1,2.8,140,2026-10-05 14:55:00,PT5M,54.104,93.6635,74.9244,33.2836,14.5445
397,396,140,301,30,0.14,65.9,2.7,141,2026-10-05 15:00:00,PT5M,52.249,91.8665,73.1,31.398,12.6315
382,381,130,295,30,0.14,66.7,2.6,142,2026-10-05 15:05:00,PT5M,50.372,90.0275,71.243,29.501,10.7165
368,366,121,288,29,0.14,67.5,2.5,144,2026-10-05 15:10:00,PT5M,48.476,88.148,69.3557,27.5963,8.804
353,351,112,281,29,0.14,68.4,2.4,145,2026-10-05 15:15:00,PT5M,46.757,86.418,67.6309,25.8831,7.096
338,337,103,274,29,0.14,69.2,2.3,147,2026-10-05 15:20:00,PT5M,44.77,84.3835,65.6189,23.9211,5.1565
323,322,94,267,29,0.14,70.0,2.2,148,2026-10-05 15:25:00,PT5M,42.744,82.267,63.5452,21.9428,3.221
309,308,85,259,29,0.14,70.9,2.1,150,2026-10-05 15:30:00,PT5M,40.679,80.0615,61.4063,19.9517,1.2965
294,293,75,251,29,0.14,71.7,2.0,152,2026-10-05 15:35:00,PT5M,38.533,77.702,59.1479,17.9181,0.0
279,278,66,243,29,0.14,72.5,1.9,154,2026-10-05 15:40:00,PT5M,36.322,75.178,56.7722,15.8718,0.0
264,264,56,234,28,0.14,73.3,1.8,157,2026-10-05 15:45:00,PT5M,34.083,72.534,54.32,13.846,0.0
249,249,46,226,28,0.14,74.1,1.7,160,2026-10-05 15:50:00,PT5M,31.82,69.763,51.7897,11.8503,0.0
235,235,37,217,28,0.14,74.9,1.6,163,2026-10-05 15:55:00,PT5M,29.536,66.894,49.1978,9.8742,0.0
220,221,28,208,28,0.14,75.7,1.6,167,2026-10-05 16:00:00,PT5M,27.557,64.263,46.8756,8.2384,0.0
206,207,18,199,28,0.14,76.5,1.5,171,2026-10-05 16:05:00,PT5M,25.221,61.1975,44.1557,6.2863,0.0
193,193,9,189,28,0.14,77.3,1.4,175,2026-10-05 16:10:00,PT5M,22.856,58.028,41.3673,4.3447,0.0
179,180,0,180,28,0.14,78.2,1.4,180,2026-10-05 16:15:00,PT5M,20.93,53.84,38.2508,3.6092,0.0
166,166,0,166,27,0.14,79.0,1.3,185,2026-10-05 16:20:00,PT5M,19.6,50.289,35.7518,3.4482,0.0
153,153,0,153,27,0.14,79.9,1.3,190,2026-10-05 16:25:00,PT5M,18.212,46.6575,33.1831,3.2409,0.0
140,141,0,141,27,0.14,80.8,1.3,196,2026-10-05 16:30:00,PT5M,16.803,43.0725,30.6288,2.9772,0.0
128,129,0,129,27,0.14,81.7,1.3,201,2026-10-05 16:35:00,PT5M,15.406,37.617,27.0958,3.7162,0.0
116,117,0,117,27,0.14,82.7,1.3,207,2026-10-05 16:40:00,PT5M,13.997,34.1345,24.5955,3.3985,0.0
105,105,0,105,27,0.14,83.6,1.3,212,2026-10-05 16:45:00,PT5M,12.602,30.694,22.1239,3.0801,0.0
94,94,0,94,27,0.14,84.6,1.3,217,2026-10-05 16:50:00,PT5M,11.236,27.33,19.7064,2.7656,0.0
83,83,0,83,26,0.14,85.6,1.3,222,2026-10-05 16:55:00,PT5M,9.875,23.9105,17.262,2.488,0.0
72,72,0,72,26,0.14,86.7,1.4,227,2026-10-05 17:00:00,PT5M,8.559,20.559,14.8747,2.2433,0.0
62,62,0,62,26,0.14,87.7,1.4,232,2026-10-05 17:05:00,PT5M,7.233,17.338,12.5513,1.9147,0.0
52,52,0,52,26,0.14,88.7,1.5,236,2026-10-05 17:10:00,PT5M,5.991,14.3135,10.3712,1.6108,0.0
43,43,0,43,26,0.14,89.8,1.5,240,2026-10-05 17:15:00,PT5M,4.903,11.5615,8.4074,1.3986,0.0
35,35,0,35,26,0.14,90.9,1.6,243,2026-10-05 17:20:00,PT5M,3.868,8.9905,6.564,1.172,0.0
27,28,0,28,25,0.14,92.0,1.7,246,2026-10-05 17:25:00,PT5M,2.865,6.6245,4.8437,0.8863,0.0
21,21,0,21,25,0.14,93.1,1.8,249,2026-10-05 17:30:00,PT5M,2.025,4.717,3.4418,0.6082,0.0
15,15,0,15,25,0.14,93.7,1.8,251,2026-10-05 17:35:00,PT5M,1.299,3.017,2.2032,0.3948,0.0
10,10,0,10,25,0.14,93.7,1.8,251,2026-10-05 17:40:00,PT5M,0.635,1.6295,1.1584,0.1116,0.0
5,5,0,5,25,0.14,93.8,1.7,251,2026-10-05 17:45:00,PT5M,0.026,0.414,0.2302,0.0,0.0
2,2,0,2,25,0.14,93.8,1.7,251,2026-10-05 17:50:00,PT5M,0.0,0.0,0.0,0.0,0.0
0,0,0,0,25,0.14,93.8,1.7,252,2026-10-05 17:55:00,PT5M,0.0,0.0,0.0,0.0,0.0
0,0,0,0,25,0.14,93.9,1.6,252,2026-10-05 18:00:00,PT5M,0.0,0.0,0.0,0.0,0.0
0,0,0,0,25,0.14,93.9,1.6,252,2026-10-05 18:05:00,PT5M,0.0,0.0,0.0,0.0,0.0
0,0,0,0,25,0.14,94.0,1.6,253,2026-10-05 18:10:00,PT5M,0.0,0.0,0.0,0.0,0.0
0,0,0,0,25,0.14,94.0,1.6,253,2026-10-05 18:15:00,PT5M,0.0,0.0,0.0,0.0,0.0
0,0,0,0,25,0.14,94.1,1.5,253,2026-10-05 18:20:00,PT5M,0.0,0.0,0.0,0.0,0.0
0,0,0,0,25,0.14,94.1,1.5,254,2026-10-05 18:25:00,PT5M,0.0,0.0,0.0,0.0,0.0
0,0,0,0,25,0.14,94.2,1.5,254,2026-10-05 18:30:00,PT5M,0.0,0.0,0.0,0.0,0.0
0,0,0,0,25,0.14,94.2,1.4,254,2026-10-05 18:35:00,PT5M,0.0,0.0,0.0,0.0,0.0
0,0,0,0,25,0.14,94.3,1.4,255,2026-10-05 18:40:00,PT5M,0.0,0.0,0.0,0.0,0.0
0,0,0,0,25,0.14,94.4,1.4,255,2026-10-05 18:45:00,PT5M,0.0,0.0,0.0,0.0,0.0
0,0,0,0,25,0.14,94.5,1.4,255,2026-10-05 18:50:00,PT5M,0.0,0.0,0.0,0.0,0.0
0,0,0,0,25,0.14,94.6,1.3,256,2026-10-05 18:55:00,PT5M,0.0,0.0,0.0,0.0,0.0
0,0,0,0,25,0.14,94.7,1.3,256,2026-10-05 19:00:00,PT5M,0.0,0.0,0.0,0.0,0.0
0,0,0,0,25,0.14,94.8,1.3,257,2026-10-05 19:05:00,PT5M,0.0,0.0,0.0,0.0,0.0
0,0,0,0,25,0.14,94.9,1.2,257,2026-10-05 19:10:00,PT5M,0.0,0.0,0.0,0.0,0.0
0,0,0,0,25,0.14,95.0,1.2,258,2026-10-05 19:15:00,PT5M,0.0,0.0,0.0,0.0,0.0
0,0,0,0,25,0.14,95.1,1.2,258,2026-10-05 19:20:00,PT5M,0.0,0.0,0.0,0.0,0.0
0,0,0,0,25,0.14,95.2,1.2,259,2026-10-05 19:25:00,PT5M,0.0,0.0,0.0,0.0,0.0
0,0,0,0,25,0.14,95.3,1.1,259,2026-10-05 19:30:00,PT5M,0.0,0.0,0.0,0.0,0.0
0,0,0,0,25,0.14,95.4,1.1,260,2026-10-05 19:35:00,PT5M,0.0,0.0,0.0,0.0,0.0
0,0,0,0,25,0.14,95.4,1.1,261,2026-10-05 19:40:00,PT5M,0.0,0.0,0.0,0.0,0.0
0,0,0,0,25,0.14,95.5,1.0,261,2026-10-05 19:45:00,PT5M,0.0,0.0,0.0,0.0,0.0
0,0,0,0,25,0.14,95.5,1.0,262,2026-10-05 19:50:00,PT5M,0.0,0.0,0.0,0.0,0.0
0,0,0,0,25,0.14,95.5,1.0,263,2026-10-05 19:55:00,PT5M,0.0,0.0,0.0,0.0,0.0
0,0,0,0,25,0.14,95.6,1.0,264,2026-10-05 20:00:00,PT5M,0.0,0.0,0.0,0.0,0.0
0,0,0,0,25,0.14,95.6,0.9,264,2026-10-05 20:05:00,PT5M,0.0,0.0,0.0,0.0,0.0
0,0,0,0,25,0.14,95.7,0.9,265,2026-10-05 20:10:00,PT5M,0.0,0.0,0.0,0.0,0.0
0,0,0,0,25,0.14,95.7,0.9,266,2026-10-05 20:15:00,PT5M,0.0,0.0,0.0,0.0,0.0
0,0,0,0,25,0.14,95.8,0.9,267,2026-10-05 20:20:00,PT5M,0.0,0.0,0.0,0.0,0.0
0,0,0,0,25,0.14,95.8,0.8,268,2026-10-05 20:25:00,PT5M,0.0,0.0,0.0,0.0,0.0
0,0,0,0,25,0.14,95.9,0.8,269,2026-10-05 20:30:00,PT5M,0.0,0.0,0.0,0.0,0.0
0,0,0,0,25,0.14,95.9,0.8,271,2026-10-05 20:35:00,PT5M,0.0,0.0,0.0,0.0,0.0
0,0,0,0,25,0.14,96.0,0.8,272,2026-10-05 20:40:00,PT5M,0.0,0.0,0.0,0.0,0.0
0,0,0,0,25,0.14,96.0,0.8,273,2026-10-05 20:45:00,PT5M,0.0,0.0,0.0,0.0,0.0
0,0,0,0,25,0.14,96.1,0.8,274,2026-10-05 20:50:00,PT5M,0.0,0.0,0.0,0.0,0.0
0,0,0,0,25,0.14,96.1,0.8,275,2026-10-05 20:55:00,PT5M,0.0,0.0,0.0,0.0,0.0
0,0,0,0,25,0.14,96.2,0.9,276,2026-10-05 21:00:00,PT5M,0.0,0.0,0.0,0.0,0.0
0,0,0,0,25,0.14,96.2,0.9,277,2026-10-05 21:05:00,PT5M,0.0,0.0,0.0,0.0,0.0
0,0,0,0,25,0.14,96.3,0.9,278,2026-10-05 21:10:00,PT5M,0.0,0.0,0.0,0.0,0.0
0,0,0,0,25,0.14,96.3,0.9,279,2026-10-05 21:15:00,PT5M,0.0,0.0,0.0,0.0,0.0
0,0,0,0,25,0.14,96.4,0.9,280,2026-10-05 21:20:00,PT5M,0.0,0.0,0.0,0.0,0.0
0,0,0,0,25,0.14,96.4,0.9,281,2026-10-05 21:25:00,PT5M,0.0,0.0,0.0,0.0,0.0
0,0,0,0,25,0.14,96.4,0.9,282,2026-10-05 21:30:00,PT5M,0.0,0.0,0.0,0.0,0.0
0,0,0,0,25,0.14,96.5,0.9,283,2026-10-05 21:35:00,PT5M,0.0,0.0,0.0,0.0,0.0
0,0,0,0,25,0.14,96.5,0.9,284,2026-10-05 21:40:00,PT5M,0.0,0.0,0.0,0.0,0.0
0,0,0,0,25,0.14,96.6,1.0,285,2026-10-05 21:45:00,PT5M,0.0,0.0,0.0,0.0,0.0
0,0,0,0,25,0.14,96.6,1.0,286,2026-10-05 21:50:00,PT5M,0.0,0.0,0.0,0.0,0.0
0,0,0,0,25,0.14,96.7,1.0,286,2026-10-05 21:55:00,PT5M,0.0,0.0,0.0,0.0,0.0
0,0,0,0,25,0.14,96.7,1.0,287,2026-10-05 22:00:00,PT5M,0.0,0.0,0.0,0.0,0.0
0,0,0,0,25,0.14,96.8,1.0,288,2026-10-05 22:05:00,PT5M,0.0,0.0,0.0,0.0,0.0
0,0,0,0,25,0.14,96.8,1.0,289,2026-10-05 22:10:00,PT5M,0.0,0.0,0.0,0.0,0.0
0,0,0,0,25,0.14,96.9,1.0,289,2026-10-05 22:15:00,PT5M,0.0,0.0,0.0,0.0,0.0
0,0,0,0,25,0.14,96.9,1.0,290,2026-10-05 22:20:00,PT5M,0.0,0.0,0.0,0.0,0.0
0,0,0,0,25,0.14,97.0,1.1,291,2026-10-05 22:25:00,PT5M,0.0,0.0,0.0,0.0,0.0
0,0,0,0,25,0.14,97.0,1.1,291,2026-10-05 22:30:00,PT5M,0.0,0.0,0.0,0.0,0.0
0,0,0,0,25,0.14,97.1,1.1,292,2026-10-05 22:35:00,PT5M,0.0,0.0,0.0,0.0,0.0
0,0,0,0,25,0.14,97.1,1.1,293,2026-10-05 22:40:00,PT5M,0.0,0.0,0.0,0.0,0.0
0,0,0,0,25,0.14,97.2,1.1,293,2026-10-05 22:45:00,PT5M,0.0,0.0,0.0,0.0,0.0
0,0,0,0,25,0.14,97.2,1.1,294,2026-10-05 22:50:00,PT5M,0.0,0.0,0.0,0.0,0.0
0,0,0,0,25,0.14,97.3,1.1,295,2026-10-05 22:55:00,PT5M,0.0,0.0,0.0,0.0,0.0
0,0,0,0,25,0.14,97.3,1.2,295,2026-10-05 23:00:00,PT5M,0.0,0.0,0.0,0.0,0.0
0,0,0,0,25,0.14,97.4,1.2,296,2026-10-05 23:05:00,PT5M,0.0,0.0,0.0,0.0,0.0
0,0,0,0,25,0.14,97.4,1.2,296,2026-10-05 23:10:00,PT5M,0.0,0.0,0.0,0.0,0.0
0,0,0,0,25,0.14,97.5,1.2,297,2026-10-05 23:15:00,PT5M,0.0,0.0,0.0,0.0,0.0
0,0,0,0,24,0.14,97.5,1.2,297,2026-10-05 23:20:00,PT5M,0.0,0.0,0.0,0.0,0.0
0,0,0,0,24,0.14,97.6,1.2,298,2026-10-05 23:25:00,PT5M,0.0,0.0,0.0,0.0,0.0
0,0,0,0,24,0.14,97.6,1.2,298,2026-10-05 23:30:00,PT5M,0.0,0.0,0.0,0.0,0.0
0,0,0,0,24,0.14,97.6,1.2,299,2026-10-05 23:35:00,PT5M,0.0,0.0,0.0,0.0,0.0
0,0,0,0,24,0.14,97.6,1.2,299,2026-10-05 23:40:00,PT5M,0.0,0.0,0.0,0.0,0.0
0,0,0,0,24,0.14,97.6,1.2,299,2026-10-05 23:45:00,PT5M,0.0,0.0,0.0,0.0,0.0
0,0,0,0,24,0.14,97.6,1.2,299,2026-10-05 23:50:00,PT5M,0.0,0.0,0.0,0.0,0.0
0,0,0,0,24,0.14,97.6,1.1,300,2026-10-05 23:55:00,PT5M,0.0,0.0,0.0,0.0,0.0
0,0,0,0,24,0.14,97.6,1.1,300,2026-10-06 00:00:00,PT5M,0.0,0.0,0.0,0.0,0.0
0,0,0,0,24,0.14,97.6,1.1,300,2026-10-06 00:05:00,PT5M,0.0,0.0,0.0,0.0,0.0
0,0,0,0,24,0.14,97.6,1.1,300,2026-10-06 00:10:00,PT5M,0.0,0.0,0.0,0.0,0.0
0,0,0,0,24,0.14,97.6,1.0,301,2026-10-06 00:15:00,PT5M,0.0,0.0,0.0,0.0,0.0
0,0,0,0,24,0.14,97.6,1.0,301,2026-10-06 00:20:00,PT5M,0.0,0.0,0.0,0.0,0.0
0,0,0,0,24,0.14,97.6,1.0,301,2026-10-06 00:25:00,PT5M,0.0,0.0,0.0,0.0,0.0
0,0,0,0,24,0.14,97.6,1.0,302,2026-10-06 00:30:00,PT5M,0.0,0.0,0.0,0.0,0.0
0,0,0,0,24,0.14,97.6,0.9,302,2026-10-06 00:35:00,PT5M,0.0,0.0,0.0,0.0,0.0
0,0,0,0,24,0.14,97.6,0.9,302,2026-10-06 00:40:00,PT5M,0.0,0.0,0.0,0.0,0.0
0,0,0,0,24,0.14,97.5,0.9,301,2026-10-06 00:45:00,PT5M,0.0,0.0,0.0,0.0,0.0
0,0,0,0,24,0.14,97.5,0.9,301,2026-10-06 00:50:00,PT5M,0.0,0.0,0.0,0.0,0.0
0,0,0,0,24,0.14,97.4,0.8,300,2026-10-06 00:55:00,PT5M,0.0,0.0,0.0,0.0,0.0
0,0,0,0,24,0.14,97.4,0.8,300,2026-10-06 01:00:00,PT5M,0.0,0.0,0.0,0.0,0.0
0,0,0,0,24,0.14,97.3,0.8,300,2026-10-06 01:05:00,PT5M,0.0,0.0,0.0,0.0,0.0
0,0,0,0,24,0.14,97.3,0.8,299,2026-10-06 01:10:00,PT5M,0.0,0.0,0.0,0.0,0.0
0,0,0,0,24,0.14,97.2,0.7,299,2026-10-06 01:15:00,PT5M,0.0,0.0,0.0,0.0,0.0
0,0,0,0,24,0.14,97.2,0.7,298,2026-10-06 01:20:00,PT5M,0.0,0.0,0.0,0.0,0.0
0,0,0,0,24,0.14,97.1,0.7,297,2026-10-06 01:25:00,PT5M,0.0,0.0,0.0,0.0,0.0
0,0,0,0,24,0.14,97.1,0.7,297,2026-10-06 01:30:00,PT5M,0.0,0.0,0.0,0.0,0.0
0,0,0,0,24,0.14,97.0,0.7,297,2026-10-06 01:35:00,PT5M,0.0,0.0,0.0,0.0,0.0
0,0,0,0,24,0.14,97.0,0.6,297,2026-10-06 01:40:00,PT5M,0.0,0.0,0.0,0.0,0.0
0,0,0,0,24,0.14,97.0,0.6,297,2026-10-06 01:45:00,PT5M,0.0,0.0,0.0,0.0,0.0
0,0,0,0,24,0.14,97.0,0.6,298,2026-10-06 01:50:00,PT5M,0.0,0.0,0.0,0.0,0.0
0,0,0,0,24,0.14,97.0,0.6,298,2026-10-06 01:55:00,PT5M,0.0,0.0,0.0,0.0,0.0
0,0,0,0,24,0.14,97.0,0.5,299,2026-10-06 02:00:00,PT5M,0.0,0.0,0.0,0.0,0.0
0,0,0,0,24,0.14,97.0,0.5,299,2026-10-06 02:05:00,PT5M,0.0,0.0,0.0,0.0,0.0
0,0,0,0,24,0.14,97.0,0.5,300,2026-10-06 02:10:00,PT5M,0.0,0.0,0.0,0.0,0.0
0,0,0,0,24,0.14,97.0,0.5,301,2026-10-06 02:15:00,PT5M,0.0,0.0,0.0,0.0,0.0
0,0,0,0,24,0.14,97.0,0.4,301,2026-10-06 02:20:00,PT5M,0.0,0.0,0.0,0.0,0.0
0,0,0,0,24,0.14,97.0,0.4,302,2026-10-06 02:25:00,PT5M,0.0,0.0,0.0,0.0,0.0
0,0,0,0,24,0.14,97.0,0.4,303,2026-10-06 02:30:00,PT5M,0.0,0.0,0.0,0.0,0.0
0,0,0,0,24,0.14,97.1,0.4,303,2026-10-06 02:35:00,PT5M,0.0,0.0,0.0,0.0,0.0
0,0,0,0,24,0.14,97.1,0.4,302,2026-10-06 02:40:00,PT5M,0.0,0.0,0.0,0.0,0.0
0,0,0,0,24,0.14,97.2,0.3,301,2026-10-06 02:45:00,PT5M,0.0,0.0,0.0,0.0,0.0
0,0,0,0,24,0.14,97.2,0.3,300,2026-10-06 02:50:00,PT5M,0.0,0.0,0.0,0.0,0.0
0,0,0,0,24,0.14,97.3,0.3,298,2026-10-06 02:55:00,PT5M,0.0,0.0,0.0,0.0,0.0
0,0,0,0,24,0.14,97.3,0.3,297,2026-10-06 03:00:00,PT5M,0.0,0.0,0.0,0.0,0.0
0,0,0,0,24,0.14,97.3,0.3,296,2026-10-06 03:05:00,PT5M,0.0,0.0,0.0,0.0,0.0
0,0,0,0,24,0.14,97.4,0.3,295,2026-10-06 03:10:00,PT5M,0.0,0.0,0.0,0.0,0.0
0,0,0,0,24,0.14,97.4,0.3,293,2026-10-06 03:15:00,PT5M,0.0,0.0,0.0,0.0,0.0
0,0,0,0,24,0.14,97.5,0.3,292,2026-10-06 03:20:00,PT5M,0.0,0.0,0.0,0.0,0.0
0,0,0,0,24,0.14,97.5,0.3,291,2026-10-06 03:25:00,PT5M,0.0,0.0,0.0,0.0,0.0
0,0,0,0,24,0.14,97.6,0.3,289,2026-10-06 03:30:00,PT5M,0.0,0.0,0.0,0.0,0.0
0,0,0,0,24,0.14,97.7,0.3,289,2026-10-06 03:35:00,PT5M,0.0,0.0,0.0,0.0,0.0
0,0,0,0,24,0.14,97.8,0.3,289,2026-10-06 03:40:00,PT5M,0.0,0.0,0.0,0.0,0.0
0,0,0,0,24,0.14,97.9,0.3,290,2026-10-06 03:45:00,PT5M,0.0,0.0,0.0,0.0,0.0
0,0,0,0,24,0.14,98.0,0.3,290,2026-10-06 03:50:00,PT5M,0.0,0.0,0.0,0.0,0.0
0,0,0,0,24,0.14,98.1,0.3,291,2026-10-06 03:55:00,PT5M,0.0,0.0,0.0,0.0,0.0
0,0,0,0,24,0.14,98.2,0.3,291,2026-10-06 04:00:00,PT5M,0.0,0.0,0.0,0.0,0.0
0,0,0,0,24,0.14,98.3,0.3,292,2026-10-06 04:05:00,PT5M,0.0,0.0,0.0,0.0,0.0
0,0,0,0,24,0.14,98.4,0.3,293,2026-10-06 04:10:00,PT5M,0.0,0.0,0.0,0.0,0.0
0,0,0,0,24,0.14,98.5,0.3,294,2026-10-06 04:15:00,PT5M,0.0,0.0,0.0,0.0,0.0
0,0,0,0,24,0.14,98.6,0.2,294,2026-10-06 04:20:00,PT5M,0.0,0.0,0.0,0.0,0.0
0,0,0,0,24,0.14,98.7,0.2,295,2026-10-06 04:25:00,PT5M,0.0,0.0,0.0,0.0,0.0
0,0,0,0,24,0.14,98.8,0.2,296,2026-10-06 04:30:00,PT5M,0.0,0.0,0.0,0.0,0.0
0,0,0,0,24,0.14,98.9,0.2,296,2026-10-06 04:35:00,PT5M,0.0,0.0,0.0,0.0,0.0
0,0,0,0,24,0.14,98.9,0.2,294,2026-10-06 04:40:00,PT5M,0.0,0.0,0.0,0.0,0.0
0,0,0,0,24,0.14,99.0,0.2,292,2026-10-06 04:45:00,PT5M,0.0,0.0,0.0,0.0,0.0
0,0,0,0,23,0.14,99.1,0.2,290,2026-10-06 04:50:00,PT5M,0.0,0.0,0.0,0.0,0.0
0,0,0,0,23,0.14,99.2,0.2,287,2026-10-06 04:55:00,PT5M,0.0,0.0,0.0,0.0,0.0
0,0,0,0,23,0.14,99.3,0.2,285,2026-10-06 05:00:00,PT5M,0.0,0.0,0.0,0.0,0.0
0,0,0,0,23,0.14,99.4,0.2,283,2026-10-06 05:05:00,PT5M,0.0,0.0,0.0,0.0,0.0
0,0,0,0,23,0.14,99.5,0.2,281,2026-10-06 05:10:00,PT5M,0.0,0.0,0.0,0.0,0.0
0,0,0,0,23,0.14,99.6,0.2,278,2026-10-06 05:15:00,PT5M,0.0,0.0,0.0,0.0,0.0
0,0,0,0,23,0.14,99.7,0.2,276,2026-10-06 05:20:00,PT5M,0.0,0.0,0.0,0.0,0.0
0,0,0,0,23,0.14,99.8,0.2,274,2026-10-06 05:25:00,PT5M,0.0,0.0,0.0,0.0,0.0
0,0,0,0,23,0.14,99.9,0.2,271,2026-10-06 05:30:00,PT5M,0.0,0.0,0.0,0.0,0.0
0,0,0,0,23,0.14,99.6,0.2,266,2026-10-06 05:35:00,PT5M,0.0,0.0,0.0,0.0,0.0
0,0,0,0,24,0.14,98.9,0.2,259,2026-10-06 05:40:00,PT5M,0.0,0.0,0.0,0.0,0.0
0,0,0,0,24,0.14,98.3,0.2,253,2026-10-06 05:45:00,PT5M,0.0,0.0,0.0,0.0,0.0
0,0,0,0,24,0.14,97.6,0.2,246,2026-10-06 05:50:00,PT5M,0.0,0.0,0.0,0.0,0.0
0,0,0,0,24,0.14,96.9,0.2,241,2026-10-06 05:55:00,PT5M,0.0,0.0,0.0,0.0,0.0
4,4,0,4,24,0.14,96.2,0.2,235,2026-10-06 06:00:00,PT5M,0.0,0.0,0.0,0.0,0.0
11,11,0,11,24,0.14,95.5,0.3,231,2026-10-06 06:05:00,PT5M,0.853,1.4025,1.1422,0.5638,0.3035
20,20,0,20,24,0.14,94.9,0.3,227,2026-10-06 06:10:00,PT5M,2.042,3.262,2.6841,1.3999,0.822
30,30,0,30,24,0.14,94.2,0.3,223,2026-10-06 06:15:00,PT5M,3.359,5.523,4.4979,2.2201,1.195
42,42,30,39,25,0.14,93.6,0.3,220,2026-10-06 06:20:00,PT5M,5.178,8.62,6.9895,3.3665,1.736
55,54,61,47,25,0.14,92.9,0.3,217,2026-10-06 06:25:00,PT5M,7.499,12.3885,10.0724,4.9256,2.6095
69,68,94,55,25,0.14,92.3,0.4,215,2026-10-06 06:30:00,PT5M,10.389,16.954,13.8442,6.9338,3.824
85,84,130,62,25,0.14,91.7,0.4,213,2026-10-06 06:35:00,PT5M,13.703,22.079,18.1113,9.2947,5.327
102,100,164,69,25,0.14,91.1,0.4,211,2026-10-06 06:40:00,PT5M,17.225,27.464,22.6139,11.8361,6.986
119,117,198,76,25,0.14,90.6,0.4,209,2026-10-06 06:45:00,PT5M,21.03,33.1305,27.3986,14.6614,8.9295
138,135,232,82,25,0.14,90.0,0.4,207,2026-10-06 06:50:00,PT5M,25.046,39.0295,32.4056,17.6864,11.0625
157,153,265,87,25,0.14,89.5,0.5,206,2026-10-06 06:55:00,PT5M,29.271,45.251,37.6814,20.8606,13.291
175,171,292,93,25,0.14,89.0,0.5,205,2026-10-06 07:00:00,PT5M,33.558,51.6065,43.0571,24.0589,15.5095
193,189,313,98,26,0.14,88.5,0.5,203,2026-10-06 07:05:00,PT5M,37.686,57.85,48.2985,27.0735,17.522
212,207,331,104,26,0.14,87.9,0.5,202,2026-10-06 07:10:00,PT5M,41.833,64.1175,53.5615,30.1045,19.5485
230,225,348,110,26,0.14,87.4,0.6,201,2026-10-06 07:15:00,PT5M,46.032,70.458,58.8876,33.1764,21.606
248,243,364,115,26,0.14,86.9,0.6,200,2026-10-06 07:20:00,PT5M,50.24,76.818,64.2282,36.2518,23.662
267,261,379,120,26,0.14,86.4,0.6,200,2026-10-06 07:25:00,PT5M,54.462,83.1945,69.5841,39.3399,25.7295
285,280,393,126,26,0.14,85.9,0.6,199,2026-10-06 07:30:00,PT5M,58.696,89.5935,74.9576,42.4344,27.7985
303,297,405,131,26,0.14,85.4,0.6,198,2026-10-06 07:35:00,PT5M,62.804,95.9015,80.2235,45.3845,29.7065
321,315,414,136,26,0.14,84.8,0.7,198,2026-10-06 07:40:00,PT5M,66.659,100.0,85.2426,48.0754,31.3495
338,332,423,142,27,0.14,84.3,0.7,198,2026-10-06 07:45:00,PT5M,68.517,100.0,87.4462,49.5878,32.551
356,349,432,147,27,0.14,83.7,0.7,198,2026-10-06 07:50:00,PT5M,70.286,100.0,89.5386,51.0334,33.7055
373,367,440,152,27,0.14,83.2,0.8,198,2026-10-06 07:55:00,PT5M,71.96,100.0,91.5115,52.4085,34.8115
390,383,447,157,27,0.14,82.7,0.8,198,2026-10-06 08:00:00,PT5M,73.53,100.0,93.3523,53.7077,35.867
407,400,454,162,27,0.14,82.2,0.8,198,2026-10-06 08:05:00,PT5M,74.983,100.0,95.0435,54.9225,36.8675
424,417,460,167,27,0.14,81.6,0.8,198,2026-10-06 08:10:00,PT5M,76.307,100.0,96.5661,56.0479,37.814
440,433,465,172,27,0.14,81.1,0.9,198,2026-10-06 08:15:00,PT5M,77.495,100.0,97.9105,57.0795,38.705
457,449,471,177,27,0.14,80.6,0.9,198,2026-10-06 08:20:00,PT5M,78.54,100.0,99.0581,58.0219,39.555
472,465,475,182,28,0.14,80.1,0.9,198,2026-10-06 08:25:00,PT5M,79.465,100.0,100.0,58.8772,40.3475
488,480,479,187,28,0.14,79.6,0.9,198,2026-10-06 08:30:00,PT5M,80.321,100.0,100.0,59.6498,41.045
504,496,484,191,28,0.14,79.0,0.9,197,2026-10-06 08:35:00,PT5M,81.199,100.0,100.0,60.492,41.855
519,511,489,195,28,0.14,78.4,0.9,194,2026-10-06 08:40:00,PT5M,82.104,100.0,100.0,61.3722,42.713
535,526,494,200,28,0.14,77.7,0.9,190,2026-10-06 08:45:00,PT5M,82.958,100.0,100.0,62.2089,43.534
550,541,499,203,28,0.14,77.1,0.8,186,2026-10-06 08:50:00,PT5M,83.77,100.0,100.0,63.0117,44.3285
565,556,504,207,28,0.14,76.4,0.8,183,2026-10-06 08:55:00,PT5M,84.544,100.0,100.0,63.7917,45.114
579,571,508,211,28,0.14,75.8,0.8,179,2026-10-06 09:00:00,PT5M,85.286,100.0,100.0,64.6895,46.152
594,585,514,214,28,0.14,75.2,0.8,174,2026-10-06 09:05:00,PT5M,86.111,100.0,100.0,65.6727,47.2775
609,600,520,217,28,0.14,74.5,0.8,170,2026-10-06 09:10:00,PT5M,86.9,100.0,100.0,66.6169,48.3615
623,614,525,220,29,0.14,73.9,0.8,166,2026-10-06 09:15:00,PT5M,87.656,100.0,100.0,67.5255,49.4075
637,628,531,222,29,0.14,73.3,0.8,161,2026-10-06 09:20:00,PT5M,88.379,100.0,100.0,68.398,50.4145
651,642,536,225,29,0.14,72.7,0.8,157,2026-10-06 09:25:00,PT5M,89.071,100.0,100.0,69.2363,51.3845
664,655,541,227,29,0.14,72.1,0.8,152,2026-10-06 09:30:00,PT5M,89.763,100.0,100.0,70.0715,52.3485
677,668,545,230,29,0.14,71.5,0.8,149,2026-10-06 09:35:00,PT5M,90.392,100.0,100.0,70.8402,53.243
690,680,550,232,29,0.14,70.9,0.8,145,2026-10-06 09:40:00,PT5M,90.992,100.0,100.0,71.5763,54.1015
702,692,554,234,29,0.14,70.3,0.8,142,2026-10-06 09:45:00,PT5M,91.527,100.0,100.0,72.2415,54.884
714,704,557,236,29,0.14,69.8,0.8,138,2026-10-06 09:50:00,PT5M,92.019,100.0,100.0,72.8588,55.614
725,715,561,239,29,0.14,69.2,0.8,135,2026-10-06 09:55:00,PT5M,92.488,100.0,100.0,73.4483,56.312
736,725,564,241,30,0.14,68.6,0.8,132,2026-10-06 10:00:00,PT5M,92.931,100.0,100.0,74.006,56.973
746,736,567,243,30,0.14,68.0,0.9,129,2026-10-06 10:05:00,PT5M,93.35,100.0,100.0,74.5356,57.602
756,746,570,245,30,0.14,67.5,0.9,126,2026-10-06 10:10:00,PT5M,93.744,100.0,100.0,75.0356,58.1975
766,755,572,246,30,0.14,66.9,0.9,123,2026-10-06 10:15:00,PT5M,94.115,100.0,100.0,75.5082,58.7615
775,764,575,248,30,0.14,66.4,0.9,120,2026-10-06 10:20:00,PT5M,94.461,100.0,100.0,75.9518,59.293
784,773,577,250,30,0.14,65.8,0.9,118,2026-10-06 10:25:00,PT5M,94.784,100.0,100.0,76.3685,59.794
792,781,580,251,30,0.14,65.3,1.0,115,2026-10-06 10:30:00,PT5M,95.091,100.0,100.0,76.766,60.273
802,791,586,251,30,0.14,64.7,1.0,113,2026-10-06 10:35:00,PT5M,95.561,100.0,100.0,77.3431,60.9465
812,801,595,249,30,0.14,64.2,1.0,111,2026-10-06 10:40:00,PT5M,96.189,100.0,100.0,78.0953,61.8105
823,811,604,246,30,0.14,63.6,1.1,109,2026-10-06 10:45:00,PT5M,96.787,100.0,100.0,78.8126,62.635
833,821,613,244,31,0.14,63.1,1.1,108,2026-10-06 10:50:00,PT5M,97.355,100.0,100.0,79.4935,63.4175
843,831,622,241,31,0.14,62.5,1.2,106,2026-10-06 10:55:00,PT5M,97.887,100.0,100.0,80.121,64.131
852,840,631,238,31,0.14,62.0,1.2,105,2026-10-06 11:00:00,PT5M,98.401,100.0,100.0,80.7344,64.834
860,848,640,235,31,0.14,61.4,1.3,103,2026-10-06 11:05:00,PT5M,98.899,100.0,100.0,81.3385,65.5335
869,857,649,232,31,0.14,60.9,1.3,102,2026-10-06 11:10:00,PT5M,99.372,100.0,100.0,81.912,66.1975
877,864,658,229,31,0.14,60.4,1.3,101,2026-10-06 11:15:00,PT5M,99.819,100.0,100.0,82.4472,66.812
884,872,667,225,31,0.14,59.8,1.4,100,2026-10-06 11:20:00,PT5M,100.0,100.0,100.0,82.7108,67.15
891,878,675,221,31,0.14,59.3,1.4,99,2026-10-06 11:25:00,PT5M,100.0,100.0,100.0,82.7879,67.2965
897,885,684,218,31,0.14,58.8,1.5,98,2026-10-06 11:30:00,PT5M,100.0,100.0,100.0,82.8611,67.4355
899,886,683,218,31,0.14,59.0,1.5,97,2026-10-06 11:35:00,PT5M,100.0,100.0,100.0,82.865,67.443
896,884,674,224,31,0.14,59.9,1.5,96,2026-10-06 11:40:00,PT5M,100.0,100.0,100.0,82.7995,67.3185
893,880,664,229,31,0.14,60.7,1.5,95,2026-10-06 11:45:00,PT5M,100.0,100.0,100.0,82.7279,67.1825
889,876,655,234,31,0.14,61.6,1.5,93,2026-10-06 11:50:00,PT5M,99.684,100.0,100.0,82.3345,66.7195
884,872,645,239,31,0.14,62.6,1.5,92,2026-10-06 11:55:00,PT5M,99.209,100.0,100.0,81.7764,66.0865
879,867,635,244,31,0.14,63.5,1.5,91,2026-10-06 12:00:00,PT5M,98.82,100.0,100.0,81.2987,65.529
873,861,625,250,31,0.14,64.4,1.4,89,2026-10-06 12:05:00,PT5M,98.4,100.0,100.0,80.7837,64.9285
867,855,614,255,31,0.14,65.4,1.4,88,2026-10-06 12:10:00,PT5M,97.949,100.0,100.0,80.2319,64.286
860,849,603,260,30,0.14,66.3,1.4,87,2026-10-06 12:15:00,PT5M,97.472,100.0,100.0,79.6491,63.608
853,842,592,265,30,0.14,67.3,1.4,85,2026-10-06 12:20:00,PT5M,96.971,100.0,100.0,79.0379,62.8975
845,834,581,269,30,0.14,68.3,1.4,84,2026-10-06 12:25:00,PT5M,96.444,100.0,100.0,78.3961,62.1525
837,826,570,274,30,0.14,69.3,1.4,83,2026-10-06 12:30:00,PT5M,95.893,100.0,100.0,77.727,61.377
828,817,558,279,30,0.14,70.0,1.4,82,2026-10-06 12:35:00,PT5M,95.248,100.0,100.0,76.9486,60.4785
818,808,545,284,30,0.14,70.4,1.3,81,2026-10-06 12:40:00,PT5M,94.507,100.0,100.0,76.0586,59.4545
807,797,532,289,30,0.14,70.8,1.3,81,2026-10-06 12:45:00,PT5M,93.789,100.0,100.0,75.1817,58.4345
797,787,519,293,30,0.14,71.2,1.2,81,2026-10-06 12:50:00,PT5M,92.985,100.0,100.0,74.2164,57.324
785,776,506,297,30,0.14,71.5,1.2,80,2026-10-06 12:55:00,PT5M,92.166,100.0,100.0,73.2447,56.215
774,764,493,301,30,0.14,71.9,1.1,80,2026-10-06 13:00:00,PT5M,91.325,100.0,100.0,72.2524,55.0865
762,753,480,304,29,0.14,72.3,1.1,79,2026-10-06 13:05:00,PT5M,90.434,100.0,100.0,71.1977,53.8845
750,741,467,308,29,0.14,72.7,1.0,79,2026-10-06 13:10:00,PT5M,89.506,100.0,100.0,70.1024,52.6385
737,728,454,310,29,0.14,73.1,1.0,78,2026-10-06 13:15:00,PT5M,88.541,100.0,100.0,68.9679,51.3515
724,716,442,313,29,0.14,73.5,0.9,78,2026-10-06 13:20:00,PT5M,87.539,100.0,100.0,67.7954,50.0255
711,703,430,315,29,0.14,73.9,0.9,77,2026-10-06 13:25:00,PT5M,86.504,100.0,100.0,66.5896,48.666
698,690,417,316,29,0.14,74.3,0.8,76,2026-10-06 13:30:00,PT5M,85.437,100.0,100.0,65.3518,47.2745
683,675,402,319,29,0.14,74.6,0.8,76,2026-10-06 13:35:00,PT5M,84.147,100.0,100.0,63.855,45.5915
666,659,385,322,29,0.14,75.0,0.8,75,2026-10-06 13:40:00,PT5M,82.63,100.0,100.0,62.0972,43.617
650,643,368,324,29,0.14,75.4,0.7,73,2026-10-06 13:45:00,PT5M,81.071,100.0,100.0,60.2998,41.605
633,626,351,326,29,0.14,75.7,0.7,72,2026-10-06 13:50:00,PT5M,79.408,100.0,100.0,58.401,39.494
616,610,334,327,29,0.14,76.1,0.6,71,2026-10-06 13:55:00,PT5M,77.769,100.0,99.0092,56.5288,37.412
599,593,318,327,29,0.14,76.5,0.6,69,2026-10-06 14:00:00,PT5M,76.083,100.0,97.5545,54.6115,35.2865
582,576,302,327,29,0.14,76.8,0.5,67,2026-10-06 14:05:00,PT5M,74.365,100.0,96.0641,52.6659,33.136
565,560,287,327,28,0.14,77.2,0.5,65,2026-10-06 14:10:00,PT5M,72.591,100.0,94.5146,50.6674,30.9355
547,543,271,326,28,0.14,77.6,0.4,62,2026-10-06 14:15:00,PT5M,70.756,100.0,92.9006,48.6114,28.6805
530,526,256,324,28,0.14,78.0,0.4,58,2026-10-06 14:20:00,PT5M,68.88,100.0,91.2415,46.5185,26.3925
513,509,241,322,28,0.14,78.3,0.3,54,2026-10-06 14:25:00,PT5M,66.965,100.0,89.5399,44.3901,24.072
496,492,227,319,28,0.14,78.7,0.3,48,2026-10-06 14:30:00,PT5M,65.011,100.0,87.8064,42.2156,21.699
482,478,219,315,28,0.14,79.1,0.3,41,2026-10-06 14:35:00,PT5M,63.608,100.0,86.5526,40.6634,20.0125
471,468,217,309,28,0.14,79.6,0.2,32,2026-10-06 14:40:00,PT5M,62.739,100.0,85.7673,39.7107,18.9845
460,457,214,303,28,0.14,80.0,0.2,21,2026-10-06 14:45:00,PT5M,61.836,100.0,84.9501,38.7219,17.9185
449,446,212,297,28,0.14,80.4,0.2,7,2026-10-06 14:50:00,PT5M,60.918,100.0,83.9771,37.8589,17.105
439,435,210,290,28,0.14,80.9,0.2,353,2026-10-06 14:55:00,PT5M,60.043,100.0,83.0216,37.0644,16.383
427,424,209,284,28,0.14,81.3,0.2,339,2026-10-06 15:00:00,PT5M,59.133,100.0,82.0229,36.2431,15.6415
416,413,206,277,28,0.14,81.7,0.2,328,2026-10-06 15:05:00,PT5M,58.165,100.0,80.9204,35.4096,14.929
404,401,203,270,27,0.14,82.2,0.3,319,2026-10-06 15:10:00,PT5M,57.135,100.0,79.7691,34.5009,14.1295
392,389,200,264,27,0.14,82.6,0.3,312,2026-10-06 15:15:00,PT5M,56.045,98.795,78.5446,33.5454,13.295
380,377,197,257,27,0.14,83.1,0.3,306,2026-10-06 15:20:00,PT5M,54.904,97.3685,77.2534,32.5546,12.4395
367,364,193,250,27,0.14,83.5,0.4,302,2026-10-06 15:25:00,PT5M,53.707,95.85,75.8872,31.5268,11.564
354,352,190,243,27,0.14,84.0,0.4,298,2026-10-06 15:30:00,PT5M,52.449,94.2265,74.4368,30.4612,10.6715
341,338,183,236,27,0.14,84.4,0.5,295,2026-10-06 15:35:00,PT5M,50.912,92.26,72.6737,29.1503,9.564
326,323,175,229,27,0.14,84.7,0.5,292,2026-10-06 15:40:00,PT5M,49.098,89.933,70.5898,27.6062,8.263
311,309,167,222,27,0.14,85.1,0.6,289,2026-10-06 15:45:00,PT5M,47.199,87.4335,68.3747,26.0233,6.9645
296,294,158,215,27,0.14,85.5,0.6,287,2026-10-06 15:50:00,PT5M,45.22,84.7715,66.0362,24.4038,5.6685
281,279,149,207,27,0.14,85.9,0.6,285,2026-10-06 15:55:00,PT5M,43.164,81.9615,63.5834,22.7446,4.3665
266,265,140,200,27,0.14,86.3,0.7,283,2026-10-06 16:00:00,PT5M,41.038,79.0185,61.0274,21.0486,3.0575
252,250,130,192,27,0.14,86.6,0.7,281,2026-10-06 16:05:00,PT5M,38.85,75.9585,58.3805,19.3195,1.7415
237,235,120,184,27,0.14,87.0,0.8,280,2026-10-06 16:10:00,PT5M,36.595,72.6995,55.5971,17.5929,0.4905
222,221,111,176,27,0.14,87.4,0.8,279,2026-10-06 16:15:00,PT5M,33.986,67.629,51.6926,16.2794,0.343
207,206,101,167,26,0.14,87.8,0.9,278,2026-10-06 16:20:00,PT5M,31.488,62.775,47.9546,15.0214,0.201
193,192,90,159,26,0.14,88.2,0.9,277,2026-10-06 16:25:00,PT5M,28.819,57.781,44.0619,13.5761,0.0
178,178,80,150,26,0.14,88.6,1.0,276,2026-10-06 16:30:00,PT5M,26.179,52.797,40.1882,12.1698,0.0
164,164,70,141,26,0.14,89.0,1.0,276,2026-10-06 16:35:00,PT5M,23.702,48.0285,36.5052,10.8988,0.0
151,150,61,132,26,0.14,89.4,1.1,275,2026-10-06 16:40:00,PT5M,21.34,43.3845,32.9422,9.7378,0.0
138,137,51,123,26,0.14,89.9,1.1,275,2026-10-06 16:45:00,PT5M,19.006,38.8005,29.424,8.588,0.0
124,124,40,113,26,0.14,90.3,1.2,275,2026-10-06 16:50:00,PT5M,16.724,34.32,25.9849,7.4631,0.0
110,110,26,104,26,0.14,90.8,1.2,275,2026-10-06 16:55:00,PT5M,14.353,29.8415,22.5047,6.2013,0.0
97,97,11,94,26,0.14,91.2,1.3,274,2026-10-06 17:00:00,PT5M,12.11,25.6025,19.2112,5.0088,0.0
84,84,0,84,26,0.14,91.7,1.3,274,2026-10-06 17:05:00,PT5M,10.025,21.6035,16.1188,3.9312,0.0
71,71,0,71,26,0.14,92.1,1.4,274,2026-10-06 17:10:00,PT5M,8.463,18.1825,13.5784,3.3476,0.0
60,60,0,60,26,0.14,92.6,1.4,274,2026-10-06 17:15:00,PT5M,7.054,14.956,11.2129,2.8951,0.0
49,49,0,49,26,0.14,93.0,1.5,274,2026-10-06 17:20:00,PT5M,5.667,11.83,8.9106,2.4234,0.0
38,39,0,39,25,0.14,93.5,1.5,274,2026-10-06 17:25:00,PT5M,4.309,8.8485,6.6982,1.9198,0.0
29,29,0,29,25,0.14,94.0,1.6,274,2026-10-06 17:30:00,PT5M,3.16,6.3665,4.8476,1.4724,0.0
21,21,0,21,25,0.14,94.2,1.6,273,2026-10-06 17:35:00,PT5M,2.129,4.1355,3.185,1.073,0.1225
14,14,0,14,25,0.14,94.3,1.6,273,2026-10-06 17:40:00,PT5M,1.174,2.236,1.7329,0.6151,0.112
7,7,0,7,25,0.14,94.3,1.6,273,2026-10-06 17:45:00,PT5M,0.296,0.683,0.4997,0.0923,0.0
2,2,0,2,25,0.14,94.4,1.6,273,2026-10-06 17:50:00,PT5M,0.0,0.0,0.0,0.0,0.0
0,0,0,0,25,0.14,94.4,1.6,272,2026-10-06 17:55:00,PT5M,0.0,0.0,0.0,0.0,0.0
0,0,0,0,25,0.14,94.5,1.6,272,2026-10-06 18:00:00,PT5M,0.0,0.0,0.0,0.0,0.0
0,0,0,0,25,0.14,94.5,1.5,272,2026-10-06 18:05:00,PT5M,0.0,0.0,0.0,0.0,0.0
0,0,0,0,25,0.14,94.6,1.5,271,2026-10-06 18:10:00,PT5M,0.0,0.0,0.0,0.0,0.0
0,0,0,0,25,0.14,94.6,1.5,271,2026-10-06 18:15:00,PT5M,0.0,0.0,0.0,0.0,0.0
0,0,0,0,25,0.14,94.6,1.5,271,2026-10-06 18:20:00,PT5M,0.0,0.0,0.0,0.0,0.0
0,0,0,0,25,0.14,94.7,1.5,270,2026-10-06 18:25:00,PT5M,0.0,0.0,0.0,0.0,0.0
0,0,0,0,25,0.14,94.7,1.5,270,2026-10-06 18:30:00,PT5M,0.0,0.0,0.0,0.0,0.0
0,0,0,0,25,0.14,94.7,1.5,270,2026-10-06 18:35:00,PT5M,0.0,0.0,0.0,0.0,0.0
0,0,0,0,25,0.14,94.7,1.5,270,2026-10-06 18:40:00,PT5M,0.0,0.0,0.0,0.0,0.0
0,0,0,0,25,0.14,94.6,1.5,270,2026-10-06 18:45:00,PT5M,0.0,0.0,0.0,0.0,0.0
0,0,0,0,25,0.14,94.6,1.4,270,2026-10-06 18:50:00,PT5M,0.0,0.0,0.0,0.0,0.0
0,0,0,0,25,0.14,94.5,1.4,270,2026-10-06 18:55:00,PT5M,0.0,0.0,0.0,0.0,0.0
0,0,0,0,25,0.14,94.5,1.4,270,2026-10-06 19:00:00,PT5M,0.0,0.0,0.0,0.0,0.0
0,0,0,0,25,0.14,94.5,1.4,270,2026-10-06 19:05:00,PT5M,0.0,0.0,0.0,0.0,0.0
0,0,0,0,25,0.14,94.4,1.4,270,2026-10-06 19:10:00,PT5M,0.0,0.0,0.0,0.0,0.0
0,0,0,0,25,0.14,94.4,1.4,270,2026-10-06 19:15:00,PT5M,0.0,0.0,0.0,0.0,0.0
0,0,0,0,25,0.14,94.3,1.3,270,2026-10-06 19:20:00,PT5M,0.0,0.0,0.0,0.0,0.0
0,0,0,0,25,0.14,94.3,1.3,270,2026-10-06 19:25:00,PT5M,0.0,0.0,0.0,0.0,0.0
0,0,0,0,25,0.14,94.2,1.3,270,2026-10-06 19:30:00,PT5M,0.0,0.0,0.0,0.0,0.0
0,0,0,0,25,0.14,94.2,1.3,270,2026-10-06 19:35:00,PT5M,0.0,0.0,0.0,0.0,0.0
0,0,0,0,25,0.14,94.3,1.3,269,2026-10-06 19:40:00,PT5M,0.0,0.0,0.0,0.0,0.0
0,0,0,0,25,0.14,94.3,1.3,269,2026-10-06 19:45:00,PT5M,0.0,0.0,0.0,0.0,0.0
0,0,0,0,25,0.14,94.4,1.3,269,2026-10-06 19:50:00,PT5M,0.0,0.0,0.0,0.0,0.0
0,0,0,0,25,0.14,94.4,1.3,268,2026-10-06 19:55:00,PT5M,0.0,0.0,0.0,0.0,0.0
0,0,0,0,25,0.14,94.4,1.3,268,2026-10-06 20:00:00,PT5M,0.0,0.0,0.0,0.0,0.0
0,0,0,0,25,0.14,94.5,1.2,268,2026-10-06 20:05:00,PT5M,0.0,0.0,0.0,0.0,0.0
0,0,0,0,25,0.14,94.5,1.2,267,2026-10-06 20:10:00,PT5M,0.0,0.0,0.0,0.0,0.0
0,0,0,0,25,0.14,94.6,1.2,267,2026-10-06 20:15:00,PT5M,0.0,0.0,0.0,0.0,0.0
0,0,0,0,25,0.14,94.6,1.2,266,2026-10-06 20:20:00,PT5M,0.0,0.0,0.0,0.0,0.0
0,0,0,0,25,0.14,94.7,1.2,266,2026-10-06 20:25:00,PT5M,0.0,0.0,0.0,0.0,0.0
0,0,0,0,25,0.14,94.7,1.2,265,2026-10-06 20:30:00,PT5M,0.0,0.0,0.0,0.0,0.0
0,0,0,0,25,0.14,94.8,1.2,265,2026-10-06 20:35:00,PT5M,0.0,0.0,0.0,0.0,0.0
0,0,0,0,25,0.14,94.8,1.2,265,2026-10-06 20:40:00,PT5M,0.0,0.0,0.0,0.0,0.0
0,0,0,0,25,0.14,94.7,1.2,265,2026-10-06 20:45:00,PT5M,0.0,0.0,0.0,0.0,0.0
0,0,0,0,25,0.14,94.7,1.2,265,2026-10-06 20:50:00,PT5M,0.0,0.0,0.0,0.0,0.0
0,0,0,0,25,0.14,94.7,1.2,265,2026-10-06 20:55:00,PT5M,0.0,0.0,0.0,0.0,0.0
0,0,0,0,25,0.14,94.7,1.2,265,2026-10-06 21:00:00,PT5M,0.0,0.0,0.0,0.0,0.0
0,0,0,0,25,0.14,94.7,1.2,265,2026-10-06 21:05:00,PT5M,0.0,0.0,0.0,0.0,0.0
0,0,0,0,25,0.14,94.7,1.1,265,2026-10-06 21:10:00,PT5M,0.0,0.0,0.0,0.0,0.0
0,0,0,0,25,0.14,94.7,1.1,265,2026-10-06 21:15:00,PT5M,0.0,0.0,0.0,0.0,0.0
0,0,0,0,25,0.14,94.7,1.1,265,2026-10-06 21:20:00,PT5M,0.0,0.0,0.0,0.0,0.0
0,0,0,0,25,0.14,94.7,1.1,265,2026-10-06 21:25:00,PT5M,0.0,0.0,0.0,0.0,0.0
0,0,0,0,25,0.14,94.7,1.1,265,2026-10-06 21:30:00,PT5M,0.0,0.0,0.0,0.0,0.0
0,0,0,0,25,0.14,94.7,1.1,265,2026-10-06 21:35:00,PT5M,0.0,0.0,0.0,0.0,0.0
0,0,0,0,25,0.14,94.7,1.1,265,2026-10-06 21:40:00,PT5M,0.0,0.0,0.0,0.0,0.0
0,0,0,0,25,0.14,94.7,1.1,265,2026-10-06 21:45:00,PT5M,0.0,0.0,0.0,0.0,0.0
0,0,0,0,25,0.14,94.7,1.0,265,2026-10-06 21:50:00,PT5M,0.0,0.0,0.0,0.0,0.0
0,0,0,0,25,0.14,94.7,1.0,264,2026-10-06 21:55:00,PT5M,0.0,0.0,0.0,0.0,0.0
0,0,0,0,25,0.14,94.7,1.0,264,2026-10-06 22:00:00,PT5M,0.0,0.0,0.0,0.0,0.0
0,0,0,0,25,0.14,94.7,1.0,264,2026-10-06 22:05:00,PT5M,0.0,0.0,0.0,0.0,0.0
0,0,0,0,25,0.14,94.7,1.0,264,2026-10-06 22:10:00,PT5M,0.0,0.0,0.0,0.0,0.0
0,0,0,0,25,0.14,94.7,1.0,264,2026-10-06 22:15:00,PT5M,0.0,0.0,0.0,0.0,0.0
0,0,0,0,25,0.14,94.7,0.9,264,2026-10-06 22:20:00,PT5M,0.0,0.0,0.0,0.0,0.0
0,0,0,0,25,0.14,94.7,0.9,264,2026-10-06 22:25:00,PT5M,0.0,0.0,0.0,0.0,0.0
0,0,0,0,25,0.14,94.7,0.9,264,2026-10-06 22:30:00,PT5M,0.0,0.0,0.0,0.0,0.0
0,0,0,0,25,0.14,94.7,0.9,263,2026-10-06 22:35:00,PT5M,0.0,0.0,0.0,0.0,0.0
0,0,0,0,25,0.14,94.7,0.9,263,2026-10-06 22:40:00,PT5M,0.0,0.0,0.0,0.0,0.0
0,0,0,0,25,0.14,94.6,0.9,262,2026-10-06 22:45:00,PT5M,0.0,0.0,0.0,0.0,0.0
0,0,0,0,25,0.14,94.6,0.9,262,2026-10-06 22:50:00,PT5M,0.0,0.0,0.0,0.0,0.0
0,0,0,0,25,0.14,94.5,0.9,261,2026-10-06 22:55:00,PT5M,0.0,0.0,0.0,0.0,0.0
0,0,0,0,25,0.14,94.5,0.9,260,2026-10-06 23:00:00,PT5M,0.0,0.0,0.0,0.0,0.0
0,0,0,0,24,0.14,94.4,0.9,260,2026-10-06 23:05:00,PT5M,0.0,0.0,0.0,0.0,0.0
0,0,0,0,24,0.14,94.4,0.9,259,2026-10-06 23:10:00,PT5M,0.0,0.0,0.0,0.0,0.0
0,0,0,0,24,0.14,94.3,0.8,258,2026-10-06 23:15:00,PT5M,0.0,0.0,0.0,0.0,0.0
0,0,0,0,24,0.14,94.3,0.8,258,2026-10-06 23:20:00,PT5M,0.0,0.0,0.0,0.0,0.0
0,0,0,0,24,0.14,94.2,0.8,257,2026-10-06 23:25:00,PT5M,0.0,0.0,0.0,0.0,0.0
0,0,0,0,24,0.14,94.2,0.8,256,2026-10-06 23:30:00,PT5M,0.0,0.0,0.0,0.0,0.0
0,0,0,0,24,0.14,94.2,0.8,256,2026-10-06 23:35:00,PT5M,0.0,0.0,0.0,0.0,0.0
0,0,0,0,24,0.14,94.2,0.8,257,2026-10-06 23:40:00,PT5M,0.0,0.0,0.0,0.0,0.0
0,0,0,0,24,0.14,94.3,0.8,257,2026-10-06 23:45:00,PT5M,0.0,0.0,0.0,0.0,0.0
0,0,0,0,24,0.14,94.3,0.8,258,2026-10-06 23:50:00,PT5M,0.0,0.0,0.0,0.0,0.0
0,0,0,0,24,0.14,94.4,0.8,258,2026-10-06 23:55:00,PT5M,0.0,0.0,0.0,0.0,0.0
0,0,0,0,24,0.14,94.4,0.8,258,2026-10-07 00:00:00,PT5M,0.0,0.0,0.0,0.0,0.0
0,0,0,0,24,0.14,94.5,0.8,259,2026-10-07 00:05:00,PT5M,0.0,0.0,0.0,0.0,0.0
0,0,0,0,24,0.14,94.5,0.8,259,2026-10-07 00:10:00,PT5M,0.0,0.0,0.0,0.0,0.0
0,0,0,0,24,0.14,94.6,0.7,260,2026-10-07 00:15:00,PT5M,0.0,0.0,0.0,0.0,0.0
0,0,0,0,24,0.14,94.6,0.7,260,2026-10-07 00:20:00,PT5M,0.0,0.0,0.0,0.0,0.0
0,0,0,0,24,0.14,94.7,0.7,261,2026-10-07 00:25:00,PT5M,0.0,0.0,0.0,0.0,0.0
0,0,0,0,24,0.14,94.7,0.7,262,2026-10-07 00:30:00,PT5M,0.0,0.0,0.0,0.0,0.0
0,0,0,0,24,0.14,94.8,0.7,262,2026-10-07 00:35:00,PT5M,0.0,0.0,0.0,0.0,0.0
0,0,0,0,24,0.14,94.8,0.7,262,2026-10-07 00:40:00,PT5M,0.0,0.0,0.0,0.0,0.0
0,0,0,0,24,0.14,94.8,0.7,262,2026-10-07 00:45:00,PT5M,0.0,0.0,0.0,0.0,0.0
0,0,0,0,24,0.14,94.9,0.7,262,2026-10-07 00:50:00,PT5M,0.0,0.0,0.0,0.0,0.0
0,0,0,0,24,0.14,94.9,0.7,262,2026-10-07 00:55:00,PT5M,0.0,0.0,0.0,0.0,0.0
0,0,0,0,24,0.14,95.0,0.7,262,2026-10-07 01:00:00,PT5M,0.0,0.0,0.0,0.0,0.0
0,0,0,0,24,0.14,95.0,0.7,262,2026-10-07 01:05:00,PT5M,0.0,0.0,0.0,0.0,0.0
0,0,0,0,24,0.14,95.1,0.7,262,2026-10-07 01:10:00,PT5M,0.0,0.0,0.0,0.0,0.0
0,0,0,0,24,0.14,95.1,0.7,262,2026-10-07 01:15:00,PT5M,0.0,0.0,0.0,0.0,0.0
0,0,0,0,24,0.14,95.2,0.7,262,2026-10-07 01:20:00,PT5M,0.0,0.0,0.0,0.0,0.0
0,0,0,0,24,0.14,95.2,0.7,262,2026-10-07 01:25:00,PT5M,0.0,0.0,0.0,0.0,0.0
0,0,0,0,24,0.14,95.3,0.7,262,2026-10-07 01:30:00,PT5M,0.0,0.0,0.0,0.0,0.0
0,0,0,0,24,0.14,95.3,0.7,262,2026-10-07 01:35:00,PT5M,0.0,0.0,0.0,0.0,0.0
0,0,0,0,24,0.14,95.4,0.7,263,2026-10-07 01:40:00,PT5M,0.0,0.0,0.0,0.0,0.0
0,0,0,0,24,0.14,95.4,0.7,264,2026-10-07 01:45:00,PT5M,0.0,0.0,0.0,0.0,0.0
0,0,0,0,24,0.14,95.5,0.7,264,2026-10-07 01:50:00,PT5M,0.0,0.0,0.0,0.0,0.0
0,0,0,0,24,0.14,95.5,0.7,265,2026-10-07 01:55:00,PT5M,0.0,0.0,0.0,0.0,0.0
0,0,0,0,24,0.14,95.6,0.7,266,2026-10-07 02:00:00,PT5M,0.0,0.0,0.0,0.0,0.0
0,0,0,0,24,0.14,95.6,0.7,266,2026-10-07 02:05:00,PT5M,0.0,0.0,0.0,0.0,0.0
0,0,0,0,24,0.14,95.7,0.7,267,2026-10-07 02:10:00,PT5M,0.0,0.0,0.0,0.0,0.0
0,0,0,0,24,0.14,95.7,0.7,268,2026-10-07 02:15:00,PT5M,0.0,0.0,0.0,0.0,0.0
0,0,0,0,24,0.14,95.7,0.7,268,2026-10-07 02:20:00,PT5M,0.0,0.0,0.0,0.0,0.0
0,0,0,0,24,0.14,95.8,0.7,269,2026-10-07 02:25:00,PT5M,0.0,0.0,0.0,0.0,0.0
0,0,0,0,24,0.14,95.8,0.7,270,2026-10-07 02:30:00,PT5M,0.0,0.0,0.0,0.0,0.0
0,0,0,0,24,0.14,95.9,0.7,270,2026-10-07 02:35:00,PT5M,0.0,0.0,0.0,0.0,0.0
0,0,0,0,24,0.14,95.9,0.7,270,2026-10-07 02:40:00,PT5M,0.0,0.0,0.0,0.0,0.0
0,0,0,0,24,0.14,96.0,0.7,270,2026-10-07 02:45:00,PT5M,0.0,0.0,0.0,0.0,0.0
0,0,0,0,24,0.14,96.0,0.7,270,2026-10-07 02:50:00,PT5M,0.0,0.0,0.0,0.0,0.0
0,0,0,0,24,0.14,96.1,0.7,270,2026-10-07 02:55:00,PT5M,0.0,0.0,0.0,0.0,0.0
0,0,0,0,24,0.14,96.1,0.7,270,2026-10-07 03:00:00,PT5M,0.0,0.0,0.0,0.0,0.0
0,0,0,0,24,0.14,96.2,0.7,270,2026-10-07 03:05:00,PT5M,0.0,0.0,0.0,0.0,0.0
0,0,0,0,24,0.14,96.2,0.7,270,2026-10-07 03:10:00,PT5M,0.0,0.0,0.0,0.0,0.0
0,0,0,0,24,0.14,96.3,0.7,270,2026-10-07 03:15:00,PT5M,0.0,0.0,0.0,0.0,0.0
0,0,0,0,24,0.14,96.3,0.7,270,2026-10-07 03:20:00,PT5M,0.0,0.0,0.0,0.0,0.0
0,0,0,0,24,0.14,96.4,0.7,270,2026-10-07 03:25:00,PT5M,0.0,0.0,0.0,0.0,0.0
0,0,0,0,24,0.14,96.4,0.7,270,2026-10-07 03:30:00,PT5M,0.0,0.0,0.0,0.0,0.0
0,0,0,0,24,0.14,96.5,0.7,270,2026-10-07 03:35:00,PT5M,0.0,0.0,0.0,0.0,0.0
0,0,0,0,24,0.14,96.5,0.7,270,2026-10-07 03:40:00,PT5M,0.0,0.0,0.0,0.0,0.0
0,0,0,0,24,0.14,96.6,0.7,270,2026-10-07 03:45:00,PT5M,0.0,0.0,0.0,0.0,0.0
0,0,0,0,24,0.14,96.6,0.7,270,2026-10-07 03:50:00,PT5M,0.0,0.0,0.0,0.0,0.0
0,0,0,0,24,0.14,96.7,0.7,270,2026-10-07 03:55:00,PT5M,0.0,0.0,0.0,0.0,0.0
0,0,0,0,24,0.14,96.7,0.7,270,2026-10-07 04:00:00,PT5M,0.0,0.0,0.0,0.0,0.0
0,0,0,0,24,0.14,96.8,0.6,270,2026-10-07 04:05:00,PT5M,0.0,0.0,0.0,0.0,0.0
0,0,0,0,24,0.14,96.8,0.6,270,2026-10-07 04:10:00,PT5M,0.0,0.0,0.0,0.0,0.0
0,0,0,0,24,0.14,96.9,0.6,270,2026-10-07 04:15:00,PT5M,0.0,0.0,0.0,0.0,0.0
0,0,0,0,24,0.14,96.9,0.6,270,2026-10-07 04:20:00,PT5M,0.0,0.0,0.0,0.0,0.0
0,0,0,0,24,0.14,97.0,0.6,270,2026-10-07 04:25:00,PT5M,0.0,0.0,0.0,0.0,0.0
0,0,0,0,24,0.14,97.0,0.6,270,2026-10-07 04:30:00,PT5M,0.0,0.0,0.0,0.0,0.0
0,0,0,0,24,0.14,97.0,0.6,270,2026-10-07 04:35:00,PT5M,0.0,0.0,0.0,0.0,0.0
0,0,0,0,24,0.14,97.1,0.6,271,2026-10-07 04:40:00,PT5M,0.0,0.0,0.0,0.0,0.0
0,0,0,0,24,0.14,97.1,0.6,272,2026-10-07 04:45:00,PT5M,0.0,0.0,0.0,0.0,0.0
0,0,0,0,23,0.14,97.2,0.6,273,2026-10-07 04:50:00,PT5M,0.0,0.0,0.0,0.0,0.0
0,0,0,0,23,0.14,97.2,0.6,274,2026-10-07 04:55:00,PT5M,0.0,0.0,0.0,0.0,0.0
0,0,0,0,23,0.14,97.3,0.6,274,2026-10-07 05:00:00,PT5M,0.0,0.0,0.0,0.0,0.0
0,0,0,0,23,0.14,97.3,0.6,275,2026-10-07 05:05:00,PT5M,0.0,0.0,0.0,0.0,0.0
0,0,0,0,23,0.14,97.4,0.6,276,2026-10-07 05:10:00,PT5M,0.0,0.0,0.0,0.0,0.0
0,0,0,0,23,0.14,97.4,0.6,277,2026-10-07 05:15:00,PT5M,0.0,0.0,0.0,0.0,0.0
0,0,0,0,23,0.14,97.5,0.6,278,2026-10-07 05:20:00,PT5M,0.0,0.0,0.0,0.0,0.0
0,0,0,0,23,0.14,97.5,0.6,278,2026-10-07 05:25:00,PT5M,0.0,0.0,0.0,0.0,0.0
0,0,0,0,23,0.14,97.6,0.6,279,2026-10-07 05:30:00,PT5M,0.0,0.0,0.0,0.0,0.0
0,0,0,0,23,0.14,97.4,0.6,279,2026-10-07 05:35:00,PT5M,0.0,0.0,0.0,0.0,0.0
0,0,0,0,23,0.14,96.9,0.6,279,2026-10-07 05:40:00,PT5M,0.0,0.0,0.0,0.0,0.0
0,0,0,0,24,0.14,96.4,0.5,279,2026-10-07 05:45:00,PT5M,0.0,0.0,0.0,0.0,0.0
0,0,0,0,24,0.14,95.9,0.5,278,2026-10-07 05:50:00,PT5M,0.0,0.0,0.0,0.0,0.0
0,0,0,0,24,0.14,95.4,0.5,278,2026-10-07 05:55:00,PT5M,0.0,0.0,0.0,0.0,0.0
4,4,0,4,24,0.14,95.0,0.4,277,2026-10-07 06:00:00,PT5M,0.0,0.0,0.0,0.0,0.0
11,11,0,11,24,0.14,94.5,0.4,277,2026-10-07 06:05:00,PT5M,0.86,1.4025,1.1455,0.5745,0.3175
20,20,0,20,24,0.14,94.0,0.4,276,2026-10-07 06:10:00,PT5M,2.031,3.227,2.6605,1.4015,0.835
30,30,0,30,24,0.14,93.5,0.3,275,2026-10-07 06:15:00,PT5M,3.319,5.374,4.4006,2.2374,1.264
41,41,20,39,24,0.14,93.1,0.3,274,2026-10-07 06:20:00,PT5M,4.986,8.1765,6.6652,3.3068,1.7955
54,54,49,48,24,0.14,92.6,0.3,273,2026-10-07 06:25:00,PT5M,7.201,11.7605,9.6007,4.8013,2.6415
68,67,81,56,24,0.14,92.2,0.2,271,2026-10-07 06:30:00,PT5M,9.986,16.1235,13.2162,6.7558,3.8485
84,82,114,64,25,0.14,91.7,0.2,269,2026-10-07 06:35:00,PT5M,13.11,20.972,17.2478,8.9722,5.248
100,98,147,71,25,0.14,91.2,0.2,266,2026-10-07 06:40:00,PT5M,16.559,26.2185,21.6429,11.4751,6.8995
118,115,179,78,25,0.14,90.8,0.1,261,2026-10-07 06:45:00,PT5M,20.227,31.7075,26.2693,14.1847,8.7465
136,133,210,85,25,0.14,90.3,0.1,255,2026-10-07 06:50:00,PT5M,24.094,37.4345,31.1152,17.0728,10.7535
154,151,241,91,25,0.14,89.9,0.1,247,2026-10-07 06:55:00,PT5M,28.157,43.444,36.2027,20.1113,12.87
173,169,265,97,25,0.14,89.4,0.1,234,2026-10-07 07:00:00,PT5M,32.227,49.576,41.3579,23.0961,14.878
190,186,284,104,25,0.14,89.0,0.1,215,2026-10-07 07:05:00,PT5M,36.142,55.5975,46.3816,25.9024,16.6865
208,203,299,110,25,0.14,88.6,0.1,191,2026-10-07 07:10:00,PT5M,40.032,61.6395,51.4042,28.6598,18.4245
225,221,314,117,25,0.14,88.1,0.1,170,2026-10-07 07:15:00,PT5M,43.944,67.686,56.4396,31.4484,20.202
243,238,327,123,26,0.14,87.7,0.1,155,2026-10-07 07:20:00,PT5M,47.834,73.724,61.4601,34.2079,21.944
261,255,339,129,26,0.14,87.3,0.1,144,2026-10-07 07:25:00,PT5M,51.709,79.7515,66.468,36.95,23.6665
278,273,350,136,26,0.14,86.8,0.1,138,2026-10-07 07:30:00,PT5M,55.581,85.7895,71.4799,39.6821,25.3725
296,290,361,142,26,0.14,86.4,0.2,132,2026-10-07 07:35:00,PT5M,59.49,91.8925,76.5437,42.4363,27.0875
314,308,372,147,26,0.14,86.0,0.2,127,2026-10-07 07:40:00,PT5M,63.321,97.887,81.5133,45.1287,28.755
331,325,383,153,26,0.14,85.6,0.2,123,2026-10-07 07:45:00,PT5M,65.425,100.0,83.9784,46.8716,30.173
349,343,394,158,26,0.14,85.1,0.3,121,2026-10-07 07:50:00,PT5M,67.437,100.0,86.3262,48.5478,31.547
367,360,404,163,26,0.14,84.7,0.3,119,2026-10-07 07:55:00,PT5M,69.352,100.0,88.5504,50.1536,32.8745
384,378,413,169,26,0.14,84.3,0.3,117,2026-10-07 08:00:00,PT5M,71.16,100.0,90.6373,51.6827,34.1525
402,395,422,173,26,0.14,83.9,0.4,116,2026-10-07 08:05:00,PT5M,72.877,100.0,92.6054,53.1486,35.3925
419,412,431,178,27,0.14,83.5,0.4,115,2026-10-07 08:10:00,PT5M,74.49,100.0,94.4352,54.5448,36.5935
436,429,440,182,27,0.14,83.1,0.4,114,2026-10-07 08:15:00,PT5M,75.961,100.0,96.0772,55.8448,37.7395
453,446,448,187,27,0.14,82.7,0.5,113,2026-10-07 08:20:00,PT5M,77.285,100.0,97.5181,57.0519,38.8415
470,462,456,191,27,0.14,82.3,0.5,113,2026-10-07 08:25:00,PT5M,78.483,100.0,98.7961,58.1699,39.8875
486,478,463,195,27,0.14,81.9,0.5,112,2026-10-07 08:30:00,PT5M,79.603,100.0,99.9742,59.2318,40.897
503,494,469,199,27,0.14,81.5,0.6,112,2026-10-07 08:35:00,PT5M,80.655,100.0,100.0,60.2427,41.871
518,510,476,203,27,0.14,81.2,0.6,111,2026-10-07 08:40:00,PT5M,81.648,100.0,100.0,61.2086,42.8125
534,526,482,207,27,0.14,80.8,0.6,111,2026-10-07 08:45:00,PT5M,82.583,100.0,100.0,62.0957,43.6565
549,541,488,211,27,0.14,80.5,0.7,110,2026-10-07 08:50:00,PT5M,83.471,100.0,100.0,62.9782,44.534
564,556,493,214,27,0.14,80.1,0.7,110,2026-10-07 08:55:00,PT5M,84.315,100.0,100.0,63.8261,45.3855
579,570,498,218,28,0.14,79.8,0.7,110,2026-10-07 09:00:00,PT5M,85.12,100.0,100.0,64.7882,46.489
594,585,505,220,28,0.14,79.4,0.8,110,2026-10-07 09:05:00,PT5M,86.007,100.0,100.0,65.8576,47.7225
609,600,512,223,28,0.14,79.1,0.8,109,2026-10-07 09:10:00,PT5M,86.853,100.0,100.0,66.8836,48.9105
624,614,518,226,28,0.14,78.7,0.8,109,2026-10-07 09:15:00,PT5M,87.662,100.0,100.0,67.8707,50.058
638,628,524,228,28,0.14,78.4,0.9,109,2026-10-07 09:20:00,PT5M,88.434,100.0,100.0,68.8183,51.1635
652,642,530,230,28,0.14,78.0,0.9,109,2026-10-07 09:25:00,PT5M,89.172,100.0,100.0,69.7292,52.23
665,655,536,232,28,0.14,77.7,0.9,109,2026-10-07 09:30:00,PT5M,89.878,100.0,100.0,70.6057,53.26
679,669,542,234,28,0.14,77.4,1.0,108,2026-10-07 09:35:00,PT5M,90.645,100.0,100.0,71.5401,54.345
693,683,550,235,28,0.14,77.0,1.0,108,2026-10-07 09:40:00,PT5M,91.419,100.0,100.0,72.4785,55.4315
706,696,557,235,28,0.14,76.6,1.0,108,2026-10-07 09:45:00,PT5M,92.126,100.0,100.0,73.3445,56.4405
719,708,563,236,29,0.14,76.2,1.1,108,2026-10-07 09:50:00,PT5M,92.782,100.0,100.0,74.1547,57.3895
731,721,569,237,29,0.14,75.9,1.1,108,2026-10-07 09:55:00,PT5M,93.41,100.0,100.0,74.9324,58.302
743,732,576,238,29,0.14,75.5,1.1,108,2026-10-07 10:00:00,PT5M,94.009,100.0,100.0,75.6756,59.175
755,744,581,239,29,0.14,75.2,1.2,108,2026-10-07 10:05:00,PT5M,94.569,100.0,100.0,76.3751,60.0
766,755,587,239,29,0.14,74.8,1.2,107,2026-10-07 10:10:00,PT5M,95.091,100.0,100.0,77.0316,60.7775
777,765,592,240,29,0.14,74.4,1.2,107,2026-10-07 10:15:00,PT5M,95.588,100.0,100.0,77.6591,61.5225
787,776,597,240,29,0.14,74.1,1.3,107,2026-10-07 10:20:00,PT5M,96.059,100.0,100.0,78.2567,62.234
797,786,602,241,29,0.14,73.7,1.3,107,2026-10-07 10:25:00,PT5M,96.504,100.0,100.0,78.8243,62.912
807,795,607,241,29,0.14,73.4,1.3,107,2026-10-07 10:30:00,PT5M,96.931,100.0,100.0,79.371,63.5665
816,804,610,242,30,0.14,73.0,1.4,107,2026-10-07 10:35:00,PT5M,97.27,100.0,100.0,79.8261,64.126
823,811,613,243,30,0.14,72.6,1.4,107,2026-10-07 10:40:00,PT5M,97.522,100.0,100.0,80.1897,64.59
830,818,615,244,30,0.14,72.2,1.4,107,2026-10-07 10:45:00,PT5M,97.749,100.0,100.0,80.5227,65.0185
837,825,617,244,30,0.14,71.9,1.5,107,2026-10-07 10:50:00,PT5M,97.95,100.0,100.0,80.8221,65.4065
843,831,619,245,30,0.14,71.5,1.5,107,2026-10-07 10:55:00,PT5M,98.118,100.0,100.0,81.0691,65.7245
849,837,621,246,30,0.14,71.1,1.5,107,2026-10-07 11:00:00,PT5M,98.273,100.0,100.0,81.3078,66.0385
854,842,622,247,30,0.14,70.8,1.6,107,2026-10-07 11:05:00,PT5M,98.414,100.0,100.0,81.539,66.351
859,847,624,247,30,0.14,70.4,1.6,107,2026-10-07 11:10:00,PT5M,98.534,100.0,100.0,81.7416,66.628
864,851,625,248,30,0.14,70.0,1.7,107,2026-10-07 11:15:00,PT5M,98.627,100.0,100.0,81.9044,66.8535
867,855,627,248,30,0.14,69.7,1.7,107,2026-10-07 11:20:00,PT5M,98.698,100.0,100.0,82.0391,67.0455
871,858,628,248,31,0.14,69.3,1.7,106,2026-10-07 11:25:00,PT5M,98.747,100.0,100.0,82.1457,67.204
873,861,629,249,31,0.14,68.9,1.8,106,2026-10-07 11:30:00,PT5M,98.776,100.0,100.0,82.2273,67.333
875,862,627,250,31,0.14,68.8,1.8,107,2026-10-07 11:35:00,PT5M,98.69,100.0,100.0,82.1679,67.2975
874,861,623,253,31,0.14,69.0,1.7,107,2026-10-07 11:40:00,PT5M,98.49,100.0,100.0,81.9679,67.0975
873,860,618,255,31,0.14,69.2,1.7,107,2026-10-07 11:45:00,PT5M,98.268,100.0,100.0,81.7396,66.8635
871,859,614,258,31,0.14,69.3,1.7,107,2026-10-07 11:50:00,PT5M,98.023,100.0,100.0,81.482,66.5945
869,857,609,260,31,0.14,69.5,1.7,107,2026-10-07 11:55:00,PT5M,97.769,100.0,100.0,81.2087,66.304
866,854,604,263,30,0.14,69.7,1.6,108,2026-10-07 12:00:00,PT5M,97.594,100.0,100.0,81.0082,66.0805
863,851,598,266,30,0.14,69.8,1.6,108,2026-10-07 12:05:00,PT5M,97.366,100.0,100.0,80.745,65.7855
858,846,590,270,30,0.14,70.0,1.6,108,2026-10-07 12:10:00,PT5M,97.085,100.0,100.0,80.4197,65.4205
854,842,583,274,30,0.14,70.2,1.6,109,2026-10-07 12:15:00,PT5M,96.778,100.0,100.0,80.0622,65.0175
848,837,575,277,30,0.14,70.3,1.5,109,2026-10-07 12:20:00,PT5M,96.446,100.0,100.0,79.6739,64.5785
842,831,567,281,30,0.14,70.5,1.5,109,2026-10-07 12:25:00,PT5M,96.087,100.0,100.0,79.2531,64.102
836,825,559,284,30,0.14,70.7,1.5,109,2026-10-07 12:30:00,PT5M,95.703,100.0,100.0,78.8022,63.591
829,818,551,288,30,0.14,70.8,1.5,110,2026-10-07 12:35:00,PT5M,95.29,100.0,100.0,78.3053,63.0185
822,811,543,291,30,0.14,71.0,1.5,110,2026-10-07 12:40:00,PT5M,94.849,100.0,100.0,77.7632,62.3855
815,804,534,294,30,0.14,71.2,1.5,111,2026-10-07 12:45:00,PT5M,94.432,100.0,100.0,77.2318,61.751
806,796,526,296,30,0.14,71.4,1.4,112,2026-10-07 12:50:00,PT5M,93.928,100.0,100.0,76.6099,61.023
798,787,517,299,30,0.14,71.7,1.4,112,2026-10-07 12:55:00,PT5M,93.411,100.0,100.0,75.9839,60.299
789,779,509,301,30,0.14,71.9,1.4,113,2026-10-07 13:00:00,PT5M,92.868,100.0,100.0,75.3301,59.5455
780,770,501,302,30,0.14,72.1,1.4,113,2026-10-07 13:05:00,PT5M,92.312,100.0,100.0,74.6507,58.755
771,761,495,303,30,0.14,72.3,1.4,114,2026-10-07 13:10:00,PT5M,91.757,100.0,100.0,73.9689,57.959
761,752,489,303,30,0.14,72.5,1.4,114,2026-10-07 13:15:00,PT5M,91.171,100.0,100.0,73.2518,57.124
751,742,482,303,30,0.14,72.7,1.4,115,2026-10-07 13:20:00,PT5M,90.554,100.0,100.0,72.5003,56.2515
741,732,476,303,30,0.14,72.9,1.4,116,2026-10-07 13:25:00,PT5M,89.909,100.0,100.0,71.718,55.3455
731,721,469,302,30,0.14,73.1,1.3,116,2026-10-07 13:30:00,PT5M,89.238,100.0,100.0,70.9072,54.409
718,709,458,303,30,0.14,73.3,1.3,117,2026-10-07 13:35:00,PT5M,88.284,100.0,100.0,69.7622,53.092
703,694,444,305,29,0.14,73.5,1.3,117,2026-10-07 13:40:00,PT5M,87.039,100.0,100.0,68.2772,51.391
687,679,429,307,29,0.14,73.7,1.3,118,2026-10-07 13:45:00,PT5M,85.755,100.0,100.0,66.7532,49.651
672,663,415,308,29,0.14,73.8,1.3,118,2026-10-07 13:50:00,PT5M,84.429,100.0,100.0,65.1875,47.8695
656,648,401,309,29,0.14,74.0,1.2,119,2026-10-07 13:55:00,PT5M,83.062,100.0,100.0,63.5813,46.048
640,632,387,310,29,0.14,74.2,1.2,119,2026-10-07 14:00:00,PT5M,81.651,100.0,100.0,61.93,44.1805
624,617,373,310,29,0.14,74.4,1.2,120,2026-10-07 14:05:00,PT5M,80.198,100.0,100.0,60.2381,42.2735
607,600,358,310,29,0.14,74.5,1.2,121,2026-10-07 14:10:00,PT5M,78.622,100.0,98.8217,58.4223,40.242
591,584,344,309,29,0.14,74.7,1.2,121,2026-10-07 14:15:00,PT5M,77.039,100.0,97.4768,56.6012,38.2065
574,568,330,308,29,0.14,74.9,1.1,122,2026-10-07 14:20:00,PT5M,75.413,100.0,96.0869,54.7391,36.132
557,551,316,307,29,0.14,75.1,1.1,123,2026-10-07 14:25:00,PT5M,73.743,100.0,94.6506,52.8354,34.018
540,535,302,305,29,0.14,75.3,1.1,123,2026-10-07 14:30:00,PT5M,72.029,100.0,93.1673,50.8907,31.8655
526,521,294,301,29,0.14,75.4,1.1,124,2026-10-07 14:35:00,PT5M,70.742,100.0,92.0506,49.4334,30.255
514,509,291,296,29,0.14,75.6,1.1,125,2026-10-07 14:40:00,PT5M,69.888,100.0,91.2613,48.5147,29.278
502,497,288,290,29,0.14,75.7,1.0,126,2026-10-07 14:45:00,PT5M,68.999,100.0,90.3271,47.6709,28.475
490,485,286,285,29,0.14,75.9,1.0,126,2026-10-07 14:50:00,PT5M,68.109,100.0,89.3852,46.8328,27.6835
478,473,283,278,29,0.14,76.0,1.0,127,2026-10-07 14:55:00,PT5M,67.255,100.0,88.4768,46.0332,26.933
466,461,281,272,29,0.14,76.1,1.0,128,2026-10-07 15:00:00,PT5M,66.363,100.0,87.5221,45.2039,26.16
453,448,277,266,29,0.14,76.3,1.0,129,2026-10-07 15:05:00,PT5M,65.372,100.0,86.4456,44.2984,25.3315
440,435,273,260,29,0.14,76.4,0.9,130,2026-10-07 15:10:00,PT5M,64.27,100.0,85.232,43.308,24.4415
426,421,268,254,29,0.14,76.6,0.9,131,2026-10-07 15:15:00,PT5M,63.102,100.0,83.9406,42.2634,23.508
412,408,263,248,29,0.14,76.7,0.9,132,2026-10-07 15:20:00,PT5M,61.869,100.0,82.566,41.172,22.544
398,394,257,242,29,0.14,76.9,0.9,133,2026-10-07 15:25:00,PT5M,60.566,99.582,81.1004,40.0316,21.55
384,380,251,236,28,0.14,77.0,0.9,134,2026-10-07 15:30:00,PT5M,59.184,97.843,79.5305,38.8375,20.525
368,364,241,230,28,0.14,77.2,0.8,136,2026-10-07 15:35:00,PT5M,57.263,95.5325,77.4045,37.1215,18.9935
350,346,225,225,28,0.14,77.4,0.8,137,2026-10-07 15:40:00,PT5M,54.851,92.6835,74.7625,34.9395,17.0185
332,328,210,219,28,0.14,77.6,0.8,138,2026-10-07 15:45:00,PT5M,52.293,89.5905,71.9229,32.6631,14.9955
314,311,195,213,28,0.14,77.8,0.8,139,2026-10-07 15:50:00,PT5M,49.646,86.3175,68.9465,30.3455,12.9745
296,294,180,207,28,0.14,77.9,0.8,141,2026-10-07 15:55:00,PT5M,46.92,82.8845,65.8484,27.9916,10.9555
279,276,164,200,28,0.14,78.1,0.8,142,2026-10-07 16:00:00,PT5M,44.123,79.306,62.6401,25.6059,8.94
262,259,149,193,28,0.14,78.3,0.8,143,2026-10-07 16:05:00,PT5M,41.32,75.6705,59.3989,23.2411,6.9695
245,243,135,186,28,0.14,78.5,0.8,144,2026-10-07 16:10:00,PT5M,38.466,71.6855,55.9497,20.9823,5.2465
228,226,121,178,28,0.14,78.7,0.8,146,2026-10-07 16:15:00,PT5M,35.248,66.1355,51.5043,18.9917,4.3605
212,210,107,169,28,0.14,78.9,0.8,147,2026-10-07 16:20:00,PT5M,32.065,60.72,47.1463,16.9837,3.41
196,194,92,161,28,0.14,79.1,0.8,148,2026-10-07 16:25:00,PT5M,29.096,55.5515,43.0197,15.1723,2.6405
180,179,78,152,28,0.14,79.3,0.8,150,2026-10-07 16:30:00,PT5M,26.063,50.356,38.8486,13.2774,1.77
165,164,66,143,28,0.14,79.5,0.8,151,2026-10-07 16:35:00,PT5M,23.375,45.489,35.0138,11.7362,1.261
151,150,56,133,28,0.14,79.7,0.8,153,2026-10-07 16:40:00,PT5M,20.952,40.883,31.4418,10.4622,1.021
137,137,45,124,28,0.14,80.0,0.8,154,2026-10-07 16:45:00,PT5M,18.568,36.3585,27.9313,9.2047,0.7775
123,123,34,114,28,0.14,80.2,0.8,156,2026-10-07 16:50:00,PT5M,16.252,31.966,24.5224,7.9816,0.538
109,109,19,104,28,0.14,80.4,0.8,158,2026-10-07 16:55:00,PT5M,13.899,27.6415,21.1318,6.6662,0.1565
95,95,4,95,28,0.14,80.7,0.7,159,2026-10-07 17:00:00,PT5M,11.591,23.4805,17.8485,5.3335,0.0
82,82,0,82,28,0.14,80.9,0.7,161,2026-10-07 17:05:00,PT5M,9.774,19.8945,15.1005,4.4475,0.0
70,70,0,70,27,0.14,81.1,0.7,163,2026-10-07 17:10:00,PT5M,8.221,16.641,12.6525,3.7895,0.0
58,58,0,58,27,0.14,81.4,0.7,165,2026-10-07 17:15:00,PT5M,6.819,13.561,10.3674,3.2706,0.077
47,47,0,47,27,0.14,81.6,0.7,167,2026-10-07 17:20:00,PT5M,5.438,10.642,8.1769,2.6991,0.234
37,37,0,37,27,0.14,81.8,0.7,169,2026-10-07 17:25:00,PT5M,4.113,7.9355,6.1248,2.1012,0.2905
28,28,0,28,27,0.14,82.1,0.7,171,2026-10-07 17:30:00,PT5M,3.003,5.693,4.4188,1.5872,0.313
20,20,0,20,27,0.14,82.3,0.7,172,2026-10-07 17:35:00,PT5M,1.993,3.7035,2.8932,1.0928,0.2825
13,13,0,13,27,0.14,82.5,0.7,173,2026-10-07 17:40:00,PT5M,1.053,1.9855,1.5438,0.5622,0.1205
7,7,0,7,27,0.14,82.7,0.7,173,2026-10-07 17:45:00,PT5M,0.191,0.494,0.3505,0.0315,0.0
1,1,0,1,27,0.14,82.9,0.7,174,2026-10-07 17:50:00,PT5M,0.0,0.0,0.0,0.0,0.0
0,0,0,0,27,0.14,83.1,0.7,175,2026-10-07 17:55:00,PT5M,0.0,0.0,0.0,0.0,0.0
0,0,0,0,27,0.14,83.3,0.7,175,2026-10-07 18:00:00,PT5M,0.0,0.0,0.0,0.0,0.0
0,0,0,0,27,0.14,83.5,0.6,176,2026-10-07 18:05:00,PT5M,0.0,0.0,0.0,0.0,0.0
0,0,0,0,27,0.14,83.7,0.6,177,2026-10-07 18:10:00,PT5M,0.0,0.0,0.0,0.0,0.0
0,0,0,0,27,0.14,83.9,0.6,177,2026-10-07 18:15:00,PT5M,0.0,0.0,0.0,0.0,0.0
0,0,0,0,27,0.14,84.1,0.6,178,2026-10-07 18:20:00,PT5M,0.0,0.0,0.0,0.0,0.0
0,0,0,0,27,0.14,84.4,0.6,179,2026-10-07 18:25:00,PT5M,0.0,0.0,0.0,0.0,0.0
0,0,0,0,27,0.14,84.6,0.6,180,2026-10-07 18:30:00,PT5M,0.0,0.0,0.0,0.0,0.0
0,0,0,0,27,0.14,84.8,0.6,181,2026-10-07 18:35:00,PT5M,0.0,0.0,0.0,0.0,0.0
0,0,0,0,27,0.14,84.9,0.6,182,2026-10-07 18:40:00,PT5M,0.0,0.0,0.0,0.0,0.0
0,0,0,0,27,0.14,85.1,0.6,184,2026-10-07 18:45:00,PT5M,0.0,0.0,0.0,0.0,0.0
0,0,0,0,27,0.14,85.3,0.6,186,2026-10-07 18:50:00,PT5M,0.0,0.0,0.0,0.0,0.0
0,0,0,0,27,0.14,85.4,0.6,188,2026-10-07 18:55:00,PT5M,0.0,0.0,0.0,0.0,0.0
0,0,0,0,27,0.14,85.6,0.6,189,2026-10-07 19:00:00,PT5M,0.0,0.0,0.0,0.0,0.0
0,0,0,0,27,0.14,85.8,0.6,191,2026-10-07 19:05:00,PT5M,0.0,0.0,0.0,0.0,0.0
0,0,0,0,27,0.14,85.9,0.6,193,2026-10-07 19:10:00,PT5M,0.0,0.0,0.0,0.0,0.0
0,0,0,0,27,0.14,86.1,0.5,195,2026-10-07 19:15:00,PT5M,0.0,0.0,0.0,0.0,0.0
0,0,0,0,27,0.14,86.3,0.5,197,2026-10-07 19:20:00,PT5M,0.0,0.0,0.0,0.0,0.0
0,0,0,0,27,0.14,86.4,0.5,199,2026-10-07 19:25:00,PT5M,0.0,0.0,0.0,0.0,0.0
0,0,0,0,27,0.14,86.6,0.5,201,2026-10-07 19:30:00,PT5M,0.0,0.0,0.0,0.0,0.0
0,0,0,0,27,0.14,86.8,0.5,203,2026-10-07 19:35:00,PT5M,0.0,0.0,0.0,0.0,0.0
0,0,0,0,26,0.14,87.0,0.5,205,2026-10-07 19:40:00,PT5M,0.0,0.0,0.0,0.0,0.0
0,0,0,0,26,0.14,87.1,0.5,208,2026-10-07 19:45:00,PT5M,0.0,0.0,0.0,0.0,0.0
0,0,0,0,26,0.14,87.3,0.5,210,2026-10-07 19:50:00,PT5M,0.0,0.0,0.0,0.0,0.0
0,0,0,0,26,0.14,87.5,0.5,213,2026-10-07 19:55:00,PT5M,0.0,0.0,0.0,0.0,0.0
0,0,0,0,26,0.14,87.6,0.5,216,2026-10-07 20:00:00,PT5M,0.0,0.0,0.0,0.0,0.0
0,0,0,0,26,0.14,87.8,0.5,218,2026-10-07 20:05:00,PT5M,0.0,0.0,0.0,0.0,0.0
0,0,0,0,26,0.14,88.0,0.5,221,2026-10-07 20:10:00,PT5M,0.0,0.0,0.0,0.0,0.0
0,0,0,0,26,0.14,88.2,0.5,224,2026-10-07 20:15:00,PT5M,0.0,0.0,0.0,0.0,0.0
0,0,0,0,26,0.14,88.3,0.5,226,2026-10-07 20:20:00,PT5M,0.0,0.0,0.0,0.0,0.0
0,0,0,0,26,0.14,88.5,0.5,229,2026-10-07 20:25:00,PT5M,0.0,0.0,0.0,0.0,0.0
0,0,0,0,26,0.14,88.7,0.5,232,2026-10-07 20:30:00,PT5M,0.0,0.0,0.0,0.0,0.0
0,0,0,0,26,0.14,88.9,0.5,234,2026-10-07 20:35:00,PT5M,0.0,0.0,0.0,0.0,0.0
0,0,0,0,26,0.14,89.1,0.5,236,2026-10-07 20:40:00,PT5M,0.0,0.0,0.0,0.0,0.0
0,0,0,0,26,0.14,89.3,0.5,238,2026-10-07 20:45:00,PT5M,0.0,0.0,0.0,0.0,0.0
0,0,0,0,26,0.14,89.5,0.5,241,2026-10-07 20:50:00,PT5M,0.0,0.0,0.0,0.0,0.0
0,0,0,0,26,0.14,89.8,0.5,243,2026-10-07 20:55:00,PT5M,0.0,0.0,0.0,0.0,0.0
0,0,0,0,26,0.14,90.0,0.5,245,2026-10-07 21:00:00,PT5M,0.0,0.0,0.0,0.0,0.0
0,0,0,0,26,0.14,90.2,0.5,247,2026-10-07 21:05:00,PT5M,0.0,0.0,0.0,0.0,0.0
0,0,0,0,26,0.14,90.4,0.5,249,2026-10-07 21:10:00,PT5M,0.0,0.0,0.0,0.0,0.0
0,0,0,0,26,0.14,90.7,0.5,251,2026-10-07 21:15:00,PT5M,0.0,0.0,0.0,0.0,0.0
0,0,0,0,26,0.14,90.9,0.5,254,2026-10-07 21:20:00,PT5M,0.0,0.0,0.0,0.0,0.0
0,0,0,0,26,0.14,91.1,0.5,256,2026-10-07 21:25:00,PT5M,0.0,0.0,0.0,0.0,0.0
0,0,0,0,26,0.14,91.3,0.5,258,2026-10-07 21:30:00,PT5M,0.0,0.0,0.0,0.0,0.0
0,0,0,0,26,0.14,91.5,0.5,259,2026-10-07 21:35:00,PT5M,0.0,0.0,0.0,0.0,0.0
0,0,0,0,26,0.14,91.7,0.5,260,2026-10-07 21:40:00,PT5M,0.0,0.0,0.0,0.0,0.0
0,0,0,0,26,0.14,91.9,0.5,261,2026-10-07 21:45:00,PT5M,0.0,0.0,0.0,0.0,0.0
0,0,0,0,26,0.14,92.1,0.5,262,2026-10-07 21:50:00,PT5M,0.0,0.0,0.0,0.0,0.0
0,0,0,0,26,0.14,92.3,0.5,263,2026-10-07 21:55:00,PT5M,0.0,0.0,0.0,0.0,0.0
0,0,0,0,26,0.14,92.4,0.5,264,2026-10-07 22:00:00,PT5M,0.0,0.0,0.0,0.0,0.0
0,0,0,0,26,0.14,92.6,0.6,265,2026-10-07 22:05:00,PT5M,0.0,0.0,0.0,0.0,0.0
0,0,0,0,26,0.14,92.8,0.6,266,2026-10-07 22:10:00,PT5M,0.0,0.0,0.0,0.0,0.0
0,0,0,0,26,0.14,93.0,0.6,267,2026-10-07 22:15:00,PT5M,0.0,0.0,0.0,0.0,0.0
0,0,0,0,26,0.14,93.2,0.6,268,2026-10-07 22:20:00,PT5M,0.0,0.0,0.0,0.0,0.0
0,0,0,0,25,0.14,93.4,0.6,269,2026-10-07 22:25:00,PT5M,0.0,0.0,0.0,0.0,0.0
0,0,0,0,25,0.14,93.6,0.6,270,2026-10-07 22:30:00,PT5M,0.0,0.0,0.0,0.0,0.0
0,0,0,0,25,0.14,93.8,0.6,270,2026-10-07 22:35:00,PT5M,0.0,0.0,0.0,0.0,0.0
0,0,0,0,25,0.14,94.0,0.6,271,2026-10-07 22:40:00,PT5M,0.0,0.0,0.0,0.0,0.0
0,0,0,0,25,0.14,94.2,0.6,272,2026-10-07 22:45:00,PT5M,0.0,0.0,0.0,0.0,0.0
0,0,0,0,25,0.14,94.5,0.6,273,2026-10-07 22:50:00,PT5M,0.0,0.0,0.0,0.0,0.0
0,0,0,0,25,0.14,94.7,0.6,273,2026-10-07 22:55:00,PT5M,0.0,0.0,0.0,0.0,0.0
0,0,0,0,25,0.14,94.9,0.6,274,2026-10-07 23:00:00,PT5M,0.0,0.0,0.0,0.0,0.0
0,0,0,0,25,0.14,95.2,0.7,275,2026-10-07 23:05:00,PT5M,0.0,0.0,0.0,0.0,0.0
0,0,0,0,25,0.14,95.4,0.7,275,2026-10-07 23:10:00,PT5M,0.0,0.0,0.0,0.0,0.0
0,0,0,0,25,0.14,95.6,0.7,276,2026-10-07 23:15:00,PT5M,0.0,0.0,0.0,0.0,0.0
0,0,0,0,25,0.14,95.9,0.7,277,2026-10-07 23:20:00,PT5M,0.0,0.0,0.0,0.0,0.0
0,0,0,0,25,0.14,96.1,0.7,277,2026-10-07 23:25:00,PT5M,0.0,0.0,0.0,0.0,0.0
0,0,0,0,25,0.14,96.4,0.7,278,2026-10-07 23:30:00,PT5M,0.0,0.0,0.0,0.0,0.0
0,0,0,0,25,0.14,96.5,0.7,279,2026-10-07 23:35:00,PT5M,0.0,0.0,0.0,0.0,0.0
0,0,0,0,25,0.14,96.4,0.7,279,2026-10-07 23:40:00,PT5M,0.0,0.0,0.0,0.0,0.0
0,0,0,0,25,0.14,96.4,0.7,280,2026-10-07 23:45:00,PT5M,0.0,0.0,0.0,0.0,0.0
0,0,0,0,25,0.14,96.3,0.7,281,2026-10-07 23:50:00,PT5M,0.0,0.0,0.0,0.0,0.0
0,0,0,0,25,0.14,96.3,0.7,282,2026-10-07 23:55:00,PT5M,0.0,0.0,0.0,0.0,0.0
0,0,0,0,25,0.14,96.2,0.7,283,2026-10-08 00:00:00,PT5M,0.0,0.0,0.0,0.0,0.0
0,0,0,0,25,0.14,96.2,0.7,283,2026-10-08 00:05:00,PT5M,0.0,0.0,0.0,0.0,0.0
0,0,0,0,25,0.14,96.1,0.7,284,2026-10-08 00:10:00,PT5M,0.0,0.0,0.0,0.0,0.0
0,0,0,0,25,0.14,96.1,0.7,285,2026-10-08 00:15:00,PT5M,0.0,0.0,0.0,0.0,0.0
0,0,0,0,25,0.14,96.0,0.6,286,2026-10-08 00:20:00,PT5M,0.0,0.0,0.0,0.0,0.0
0,0,0,0,25,0.14,96.0,0.6,287,2026-10-08 00:25:00,PT5M,0.0,0.0,0.0,0.0,0.0
0,0,0,0,25,0.14,95.9,0.6,288,2026-10-08 00:30:00,PT5M,0.0,0.0,0.0,0.0,0.0
0,0,0,0,25,0.14,95.9,0.6,289,2026-10-08 00:35:00,PT5M,0.0,0.0,0.0,0.0,0.0
0,0,0,0,25,0.14,95.8,0.6,289,2026-10-08 00:40:00,PT5M,0.0,0.0,0.0,0.0,0.0
0,0,0,0,25,0.14,95.8,0.6,290,2026-10-08 00:45:00,PT5M,0.0,0.0,0.0,0.0,0.0
0,0,0,0,25,0.14,95.7,0.6,290,2026-10-08 00:50:00,PT5M,0.0,0.0,0.0,0.0,0.0
0,0,0,0,25,0.14,95.7,0.6,291,2026-10-08 00:55:00,PT5M,0.0,0.0,0.0,0.0,0.0
0,0,0,0,25,0.14,95.6,0.5,291,2026-10-08 01:00:00,PT5M,0.0,0.0,0.0,0.0,0.0
0,0,0,0,25,0.14,95.6,0.5,292,2026-10-08 01:05:00,PT5M,0.0,0.0,0.0,0.0,0.0
0,0,0,0,25,0.14,95.5,0.5,293,2026-10-08 01:10:00,PT5M,0.0,0.0,0.0,0.0,0.0
0,0,0,0,25,0.14,95.5,0.5,294,2026-10-08 01:15:00,PT5M,0.0,0.0,0.0,0.0,0.0
0,0,0,0,25,0.14,95.4,0.5,294,2026-10-08 01:20:00,PT5M,0.0,0.0,0.0,0.0,0.0
0,0,0,0,25,0.14,95.4,0.5,295,2026-10-08 01:25:00,PT5M,0.0,0.0,0.0,0.0,0.0
0,0,0,0,25,0.14,95.3,0.5,296,2026-10-08 01:30:00,PT5M,0.0,0.0,0.0,0.0,0.0
0,0,0,0,25,0.14,95.3,0.4,297,2026-10-08 01:35:00,PT5M,0.0,0.0,0.0,0.0,0.0
0,0,0,0,25,0.14,95.3,0.4,299,2026-10-08 01:40:00,PT5M,0.0,0.0,0.0,0.0,0.0
0,0,0,0,25,0.14,95.3,0.4,300,2026-10-08 01:45:00,PT5M,0.0,0.0,0.0,0.0,0.0
0,0,0,0,25,0.14,95.3,0.4,302,2026-10-08 01:50:00,PT5M,0.0,0.0,0.0,0.0,0.0
0,0,0,0,25,0.14,95.3,0.4,303,2026-10-08 01:55:00,PT5M,0.0,0.0,0.0,0.0,0.0
0,0,0,0,25,0.14,95.3,0.4,305,2026-10-08 02:00:00,PT5M,0.0,0.0,0.0,0.0,0.0
0,0,0,0,25,0.14,95.3,0.4,306,2026-10-08 02:05:00,PT5M,0.0,0.0,0.0,0.0,0.0
0,0,0,0,25,0.14,95.3,0.4,308,2026-10-08 02:10:00,PT5M,0.0,0.0,0.0,0.0,0.0
0,0,0,0,25,0.14,95.3,0.4,309,2026-10-08 02:15:00,PT5M,0.0,0.0,0.0,0.0,0.0
0,0,0,0,25,0.14,95.3,0.4,311,2026-10-08 02:20:00,PT5M,0.0,0.0,0.0,0.0,0.0
0,0,0,0,25,0.14,95.3,0.4,313,2026-10-08 02:25:00,PT5M,0.0,0.0,0.0,0.0,0.0
0,0,0,0,25,0.14,95.3,0.4,314,2026-10-08 02:30:00,PT5M,0.0,0.0,0.0,0.0,0.0
0,0,0,0,25,0.14,95.3,0.4,315,2026-10-08 02:35:00,PT5M,0.0,0.0,0.0,0.0,0.0
0,0,0,0,25,0.14,95.2,0.4,316,2026-10-08 02:40:00,PT5M,0.0,0.0,0.0,0.0,0.0
0,0,0,0,25,0.14,95.2,0.4,317,2026-10-08 02:45:00,PT5M,0.0,0.0,0.0,0.0,0.0
0,0,0,0,25,0.14,95.2,0.4,318,2026-10-08 02:50:00,PT5M,0.0,0.0,0.0,0.0,0.0
0,0,0,0,25,0.14,95.1,0.4,319,2026-10-08 02:55:00,PT5M,0.0,0.0,0.0,0.0,0.0
0,0,0,0,25,0.14,95.1,0.4,320,2026-10-08 03:00:00,PT5M,0.0,0.0,0.0,0.0,0.0
0,0,0,0,25,0.14,95.0,0.4,321,2026-10-08 03:05:00,PT5M,0.0,0.0,0.0,0.0,0.0
0,0,0,0,25,0.14,95.0,0.4,322,2026-10-08 03:10:00,PT5M,0.0,0.0,0.0,0.0,0.0
0,0,0,0,25,0.14,94.9,0.4,323,2026-10-08 03:15:00,PT5M,0.0,0.0,0.0,0.0,0.0
0,0,0,0,25,0.14,94.9,0.4,324,2026-10-08 03:20:00,PT5M,0.0,0.0,0.0,0.0,0.0
0,0,0,0,25,0.14,94.8,0.4,325,2026-10-08 03:25:00,PT5M,0.0,0.0,0.0,0.0,0.0
0,0,0,0,25,0.14,94.8,0.4,326,2026-10-08 03:30:00,PT5M,0.0,0.0,0.0,0.0,0.0
0,0,0,0,25,0.14,94.7,0.4,328,2026-10-08 03:35:00,PT5M,0.0,0.0,0.0,0.0,0.0
0,0,0,0,25,0.14,94.6,0.4,331,2026-10-08 03:40:00,PT5M,0.0,0.0,0.0,0.0,0.0
0,0,0,0,25,0.14,94.5,0.4,334,2026-10-08 03:45:00,PT5M,0.0,0.0,0.0,0.0,0.0
0,0,0,0,25,0.14,94.4,0.4,337,2026-10-08 03:50:00,PT5M,0.0,0.0,0.0,0.0,0.0
0,0,0,0,25,0.14,94.3,0.4,340,2026-10-08 03:55:00,PT5M,0.0,0.0,0.0,0.0,0.0
0,0,0,0,25,0.14,94.2,0.4,343,2026-10-08 04:00:00,PT5M,0.0,0.0,0.0,0.0,0.0
0,0,0,0,25,0.14,94.1,0.4,345,2026-10-08 04:05:00,PT5M,0.0,0.0,0.0,0.0,0.0
0,0,0,0,25,0.14,94.0,0.4,348,2026-10-08 04:10:00,PT5M,0.0,0.0,0.0,0.0,0.0
0,0,0,0,25,0.14,93.9,0.4,351,2026-10-08 04:15:00,PT5M,0.0,0.0,0.0,0.0,0.0
0,0,0,0,25,0.14,93.8,0.4,354,2026-10-08 04:20:00,PT5M,0.0,0.0,0.0,0.0,0.0
0,0,0,0,25,0.14,93.7,0.4,356,2026-10-08 04:25:00,PT5M,0.0,0.0,0.0,0.0,0.0
0,0,0,0,25,0.14,93.7,0.4,359,2026-10-08 04:30:00,PT5M,0.0,0.0,0.0,0.0,0.0
0,0,0,0,25,0.14,93.6,0.4,1,2026-10-08 04:35:00,PT5M,0.0,0.0,0.0,0.0,0.0
0,0,0,0,25,0.14,93.6,0.4,2,2026-10-08 04:40:00,PT5M,0.0,0.0,0.0,0.0,0.0
0,0,0,0,25,0.14,93.6,0.4,3,2026-10-08 04:45:00,PT5M,0.0,0.0,0.0,0.0,0.0
0,0,0,0,25,0.14,93.6,0.4,4,2026-10-08 04:50:00,PT5M,0.0,0.0,0.0,0.0,0.0
0,0,0,0,25,0.14,93.6,0.4,5,2026-10-08 04:55:00,PT5M,0.0,0.0,0.0,0.0,0.0
0,0,0,0,25,0.14,93.6,0.4,7,2026-10-08 05:00:00,PT5M,0.0,0.0,0.0,0.0,0.0
0,0,0,0,25,0.14,93.6,0.4,8,2026-10-08 05:05:00,PT5M,0.0,0.0,0.0,0.0,0.0
0,0,0,0,25,0.14,93.6,0.4,9,2026-10-08 05:10:00,PT5M,0.0,0.0,0.0,0.0,0.0
0,0,0,0,25,0.14,93.6,0.4,10,2026-10-08 05:15:00,PT5M,0.0,0.0,0.0,0.0,0.0
0,0,0,0,25,0.14,93.6,0.4,11,2026-10-08 05:20:00,PT5M,0.0,0.0,0.0,0.0,0.0
0,0,0,0,25,0.14,93.6,0.4,12,2026-10-08 05:25:00,PT5M,0.0,0.0,0.0,0.0,0.0
0,0,0,0,25,0.14,93.6,0.4,13,2026-10-08 05:30:00,PT5M,0.0,0.0,0.0,0.0,0.0
0,0,0,0,25,0.14,93.3,0.4,16,2026-10-08 05:35:00,PT5M,0.0,0.0,0.0,0.0,0.0
0,0,0,0,25,0.14,92.8,0.4,18,2026-10-08 05:40:00,PT5M,0.0,0.0,0.0,0.0,0.0
0,0,0,0,25,0.14,92.3,0.5,21,2026-10-08 05:45:00,PT5M,0.0,0.0,0.0,0.0,0.0
0,0,0,0,25,0.14,91.8,0.5,24,2026-10-08 05:50:00,PT5M,0.0,0.0,0.0,0.0,0.0
0,0,0,0,25,0.14,91.3,0.5,26,2026-10-08 05:55:00,PT5M,0.0,0.0,0.0,0.0,0.0
4,4,0,4,25,0.14,90.8,0.5,28,2026-10-08 06:00:00,PT5M,0.0,0.0,0.0,0.0,0.0
11,11,0,11,25,0.14,90.3,0.5,30,2026-10-08 06:05:00,PT5M,0.763,1.305,1.0483,0.4777,0.221
19,19,0,19,25,0.14,89.8,0.5,32,2026-10-08 06:10:00,PT5M,1.849,3.104,2.5095,1.1885,0.594
28,28,0,28,25,0.14,89.4,0.6,34,2026-10-08 06:15:00,PT5M,3.039,5.151,4.1506,1.9274,0.927
38,38,0,38,25,0.14,88.9,0.6,35,2026-10-08 06:20:00,PT5M,4.328,7.542,6.0196,2.6364,1.114
50,50,11,49,26,0.14,88.4,0.6,37,2026-10-08 06:25:00,PT5M,5.989,10.496,8.3611,3.6169,1.482
63,63,38,57,26,0.14,87.9,0.6,38,2026-10-08 06:30:00,PT5M,8.38,14.4385,11.5686,5.1914,2.3215
78,77,66,66,26,0.14,87.4,0.6,39,2026-10-08 06:35:00,PT5M,11.057,18.766,15.1143,6.9997,3.348
93,92,93,74,26,0.14,87.0,0.7,40,2026-10-08 06:40:00,PT5M,13.949,23.378,18.9116,8.9864,4.52
109,107,120,82,26,0.14,86.6,0.7,40,2026-10-08 06:45:00,PT5M,17.155,28.3355,23.0394,11.2706,5.9745
126,124,147,90,26,0.14,86.2,0.7,41,2026-10-08 06:50:00,PT5M,20.564,33.538,27.3923,13.7357,7.59
143,141,173,97,26,0.14,85.7,0.7,41,2026-10-08 06:55:00,PT5M,24.184,39.0335,31.9994,16.3686,9.3345
160,157,195,105,26,0.14,85.3,0.7,42,2026-10-08 07:00:00,PT5M,27.788,44.6245,36.6492,18.9268,10.9515
177,174,212,112,26,0.14,84.9,0.8,43,2026-10-08 07:05:00,PT5M,31.361,50.27,41.3129,21.4091,12.452
195,191,229,120,26,0.14,84.5,0.8,43,2026-10-08 07:10:00,PT5M,35.026,56.058,46.0953,23.9567,13.994
212,208,244,127,26,0.14,84.1,0.8,43,2026-10-08 07:15:00,PT5M,38.744,61.928,50.9459,26.5421,15.56
229,225,259,134,27,0.14,83.7,0.8,44,2026-10-08 07:20:00,PT5M,42.469,67.8205,55.8117,29.1263,17.1175
247,242,273,141,27,0.14,83.3,0.8,44,2026-10-08 07:25:00,PT5M,46.207,73.798,60.7283,31.6857,18.616
264,259,285,147,27,0.14,82.8,0.8,45,2026-10-08 07:30:00,PT5M,49.953,79.761,65.6412,34.2648,20.145
281,276,297,154,27,0.14,82.4,0.9,45,2026-10-08 07:35:00,PT5M,53.709,85.7775,70.5869,36.8311,21.6405
299,293,309,160,27,0.14,82.0,0.9,46,2026-10-08 07:40:00,PT5M,57.306,91.5505,75.3291,39.2829,23.0615
316,311,320,166,27,0.14,81.6,0.9,47,2026-10-08 07:45:00,PT5M,59.506,94.5465,77.9481,41.0639,24.4655
333,328,331,172,27,0.14,81.2,0.9,48,2026-10-08 07:50:00,PT5M,61.611,97.394,80.4438,42.7782,25.828
350,345,342,178,27,0.14,80.8,1.0,48,2026-10-08 07:55:00,PT5M,63.616,100.0,82.8099,44.4221,27.147
367,361,351,184,27,0.14,80.5,1.0,49,2026-10-08 08:00:00,PT5M,65.513,100.0,85.0358,45.9902,28.419
384,378,360,189,27,0.14,80.1,1.0,49,2026-10-08 08:05:00,PT5M,67.264,100.0,87.071,47.457,29.63
401,394,368,195,27,0.14,79.7,1.0,50,2026-10-08 08:10:00,PT5M,68.864,100.0,88.9068,48.8212,30.782
417,411,376,200,28,0.14,79.3,1.1,50,2026-10-08 08:15:00,PT5M,70.311,100.0,90.5446,50.0774,31.8665
434,427,383,205,28,0.14,78.9,1.1,51,2026-10-08 08:20:00,PT5M,71.657,100.0,92.0261,51.2879,32.955
449,442,389,211,28,0.14,78.5,1.1,51,2026-10-08 08:25:00,PT5M,72.892,100.0,93.3593,52.4247,34.0035
465,458,396,216,28,0.14,78.1,1.1,52,2026-10-08 08:30:00,PT5M,74.054,100.0,94.5976,53.5104,35.0205
480,473,400,221,28,0.14,77.8,1.1,52,2026-10-08 08:35:00,PT5M,75.0,100.0,95.6218,54.3782,35.818
494,486,401,227,28,0.14,77.4,1.2,52,2026-10-08 08:40:00,PT5M,75.742,100.0,96.4493,55.0347,36.3975
507,500,403,233,28,0.14,77.1,1.2,53,2026-10-08 08:45:00,PT5M,76.433,100.0,97.2182,55.6478,36.9405
520,513,404,239,28,0.14,76.8,1.2,53,2026-10-08 08:50:00,PT5M,77.085,100.0,97.9402,56.2298,37.4595
533,525,405,245,28,0.14,76.4,1.2,53,2026-10-08 08:55:00,PT5M,77.701,100.0,98.6243,56.7777,37.946
545,538,406,251,28,0.14,76.1,1.2,53,2026-10-08 09:00:00,PT5M,78.282,100.0,99.2669,57.2971,38.41
558,550,408,256,28,0.14,75.8,1.3,53,2026-10-08 09:05:00,PT5M,78.947,100.0,99.9832,57.9108,38.9775
570,562,409,261,28,0.14,75.4,1.3,53,2026-10-08 09:10:00,PT5M,79.579,100.0,100.0,58.4741,39.479
582,574,411,266,29,0.14,75.1,1.3,53,2026-10-08 09:15:00,PT5M,80.179,100.0,100.0,59.1762,40.273
594,586,412,271,29,0.14,74.8,1.3,54,2026-10-08 09:20:00,PT5M,80.748,100.0,100.0,59.8454,41.0325
605,597,413,276,29,0.14,74.5,1.3,54,2026-10-08 09:25:00,PT5M,81.289,100.0,100.0,60.4828,41.7565
616,608,414,281,29,0.14,74.1,1.4,54,2026-10-08 09:30:00,PT5M,81.801,100.0,100.0,61.0869,42.4435
626,618,414,286,29,0.14,73.8,1.4,54,2026-10-08 09:35:00,PT5M,82.218,100.0,100.0,61.5836,43.012
635,627,412,291,29,0.14,73.5,1.4,54,2026-10-08 09:40:00,PT5M,82.544,100.0,100.0,61.9767,43.4655
644,635,410,297,29,0.14,73.1,1.4,55,2026-10-08 09:45:00,PT5M,82.815,100.0,100.0,62.3082,43.8515
652,643,408,302,29,0.14,72.8,1.4,55,2026-10-08 09:50:00,PT5M,83.043,100.0,100.0,62.591,44.1835
659,651,405,308,29,0.14,72.4,1.5,55,2026-10-08 09:55:00,PT5M,83.25,100.0,100.0,62.8469,44.4835
666,658,402,313,29,0.14,72.1,1.5,56,2026-10-08 10:00:00,PT5M,83.434,100.0,100.0,63.0738,44.749
673,665,399,318,29,0.14,71.7,1.5,56,2026-10-08 10:05:00,PT5M,83.606,100.0,100.0,63.2842,44.994
679,671,397,322,30,0.14,71.4,1.5,56,2026-10-08 10:10:00,PT5M,83.766,100.0,100.0,63.4784,45.219
685,677,394,327,30,0.14,71.0,1.6,56,2026-10-08 10:15:00,PT5M,83.903,100.0,100.0,63.6449,45.412
690,682,391,331,30,0.14,70.7,1.6,57,2026-10-08 10:20:00,PT5M,84.017,100.0,100.0,63.7839,45.5735
695,687,389,336,30,0.14,70.4,1.6,57,2026-10-08 10:25:00,PT5M,84.108,100.0,100.0,63.8954,45.7035
700,692,386,340,30,0.14,70.0,1.7,57,2026-10-08 10:30:00,PT5M,84.18,100.0,100.0,63.9845,45.808
705,697,384,343,30,0.14,69.7,1.7,57,2026-10-08 10:35:00,PT5M,84.351,100.0,100.0,64.1963,46.0565
711,703,385,346,30,0.14,69.4,1.7,58,2026-10-08 10:40:00,PT5M,84.613,100.0,100.0,64.5233,46.442
716,708,385,348,30,0.14,69.0,1.7,58,2026-10-08 10:45:00,PT5M,84.844,100.0,100.0,64.8149,46.788
721,713,386,350,30,0.14,68.7,1.7,59,2026-10-08 10:50:00,PT5M,85.042,100.0,100.0,65.0679,47.0905
725,717,386,352,30,0.14,68.4,1.8,59,2026-10-08 10:55:00,PT5M,85.187,100.0,100.0,65.2531,47.312
729,721,386,354,30,0.14,68.0,1.8,60,2026-10-08 11:00:00,PT5M,85.325,100.0,100.0,65.4359,47.535
733,725,386,356,31,0.14,67.7,1.8,60,2026-10-08 11:05:00,PT5M,85.445,100.0,100.0,65.604,47.7465
736,728,385,358,31,0.14,67.4,1.8,60,2026-10-08 11:10:00,PT5M,85.527,100.0,100.0,65.7281,47.9085
739,731,384,360,31,0.14,67.1,1.8,61,2026-10-08 11:15:00,PT5M,85.571,100.0,100.0,65.8047,48.0145
741,733,383,362,31,0.14,66.8,1.9,61,2026-10-08 11:20:00,PT5M,85.586,100.0,100.0,65.8482,48.0835
743,735,382,364,31,0.14,66.5,1.9,62,2026-10-08 11:25:00,PT5M,85.573,100.0,100.0,65.8594,48.1165
744,736,381,365,31,0.14,66.1,1.9,62,2026-10-08 11:30:00,PT5M,85.532,100.0,100.0,65.8392,48.115
741,734,375,368,31,0.14,66.2,1.9,62,2026-10-08 11:35:00,PT5M,85.151,100.0,100.0,65.4169,47.6555
735,728,363,374,31,0.14,66.5,1.9,62,2026-10-08 11:40:00,PT5M,84.429,100.0,100.0,64.5914,46.737
729,721,351,379,31,0.14,66.9,1.8,61,2026-10-08 11:45:00,PT5M,83.765,100.0,100.0,63.8203,45.8695
722,715,339,383,31,0.14,67.2,1.8,61,2026-10-08 11:50:00,PT5M,83.009,100.0,100.0,62.953,44.902
714,708,327,388,31,0.14,67.6,1.8,61,2026-10-08 11:55:00,PT5M,82.238,100.0,100.0,62.0673,43.913
707,700,315,392,31,0.14,67.9,1.7,61,2026-10-08 12:00:00,PT5M,81.503,100.0,100.0,61.2141,42.9535
698,692,303,396,31,0.14,68.3,1.7,60,2026-10-08 12:05:00,PT5M,80.72,100.0,100.0,60.3082,41.937
689,683,290,400,30,0.14,68.7,1.7,60,2026-10-08 12:10:00,PT5M,79.888,100.0,100.0,59.3494,40.864
680,674,278,404,30,0.14,69.0,1.6,60,2026-10-08 12:15:00,PT5M,79.025,100.0,99.6933,58.3567,39.7545
671,665,265,407,30,0.14,69.4,1.6,59,2026-10-08 12:20:00,PT5M,78.128,100.0,98.9282,57.3278,38.607
661,656,253,410,30,0.14,69.8,1.6,59,2026-10-08 12:25:00,PT5M,77.199,100.0,98.1326,56.2654,37.4245
650,646,241,413,30,0.14,70.1,1.5,59,2026-10-08 12:30:00,PT5M,76.238,100.0,97.3066,55.1694,36.207
642,637,231,415,30,0.14,70.5,1.5,58,2026-10-08 12:35:00,PT5M,75.403,100.0,96.5719,54.2341,35.1815
634,629,224,415,30,0.14,70.8,1.5,58,2026-10-08 12:40:00,PT5M,74.694,100.0,95.9302,53.4578,34.3445
626,622,216,416,30,0.14,71.1,1.4,58,2026-10-08 12:45:00,PT5M,73.926,100.0,95.237,52.615,33.4345
617,613,208,416,30,0.14,71.4,1.4,58,2026-10-08 12:50:00,PT5M,73.108,100.0,94.4948,51.7212,32.4725
609,605,201,416,30,0.14,71.7,1.4,58,2026-10-08 12:55:00,PT5M,72.31,100.0,93.7665,50.8535,31.542
600,596,193,415,30,0.14,72.0,1.3,58,2026-10-08 13:00:00,PT5M,71.48,100.0,93.0083,49.9517,30.5755
591,587,187,414,30,0.14,72.3,1.3,57,2026-10-08 13:05:00,PT5M,70.605,100.0,92.212,48.998,29.551
582,579,181,412,30,0.14,72.6,1.2,57,2026-10-08 13:10:00,PT5M,69.715,100.0,91.4023,48.0277,28.5085
573,570,175,409,30,0.14,72.9,1.2,57,2026-10-08 13:15:00,PT5M,68.789,100.0,90.5589,47.0191,27.4255
563,560,169,407,29,0.14,73.3,1.2,57,2026-10-08 13:20:00,PT5M,67.83,100.0,89.6839,45.9761,26.307
554,551,163,404,29,0.14,73.6,1.1,57,2026-10-08 13:25:00,PT5M,66.843,100.0,88.7819,44.9041,25.1585
544,541,157,401,29,0.14,73.9,1.1,56,2026-10-08 13:30:00,PT5M,65.827,100.0,87.8522,43.8018,23.9785
533,531,151,397,29,0.14,74.2,1.1,56,2026-10-08 13:35:00,PT5M,64.723,100.0,86.8597,42.5863,22.6625
522,520,144,394,29,0.14,74.6,1.0,55,2026-10-08 13:40:00,PT5M,63.53,100.0,85.802,41.258,21.2125
511,509,137,390,29,0.14,75.0,1.0,54,2026-10-08 13:45:00,PT5M,62.304,100.0,84.7113,39.8967,19.7295
499,497,131,386,29,0.14,75.3,0.9,53,2026-10-08 13:50:00,PT5M,61.044,100.0,83.5863,38.5017,18.213
488,486,124,381,29,0.14,75.7,0.9,52,2026-10-08 13:55:00,PT5M,59.75,100.0,82.427,37.073,16.663
476,474,117,377,29,0.14,76.1,0.9,50,2026-10-08 14:00:00,PT5M,58.416,100.0,81.2283,35.6037,15.072
464,463,111,372,29,0.14,76.4,0.8,49,2026-10-08 14:05:00,PT5M,57.04,100.0,79.987,34.093,13.44
452,451,104,367,29,0.14,76.8,0.8,48,2026-10-08 14:10:00,PT5M,55.725,99.582,78.8073,32.6427,11.868
440,438,96,362,29,0.14,77.2,0.8,46,2026-10-08 14:15:00,PT5M,54.25,98.362,77.4665,31.0335,10.138
427,426,89,356,29,0.14,77.5,0.7,44,2026-10-08 14:20:00,PT5M,52.746,97.128,76.1046,29.3874,8.364
415,414,83,350,28,0.14,77.9,0.7,42,2026-10-08 14:25:00,PT5M,51.21,95.86,74.7096,27.7104,6.56
402,401,76,344,28,0.14,78.3,0.7,40,2026-10-08 14:30:00,PT5M,49.646,94.556,73.2825,26.0095,4.736
391,390,70,338,28,0.14,78.7,0.6,38,2026-10-08 14:35:00,PT5M,48.216,93.2825,71.9348,24.4972,3.1495
380,379,66,331,28,0.14,79.1,0.6,36,2026-10-08 14:40:00,PT5M,46.918,91.857,70.5697,23.2663,1.979
369,369,62,324,28,0.14,79.5,0.6,35,2026-10-08 14:45:00,PT5M,45.59,90.384,69.1654,22.0146,0.796
358,358,58,318,28,0.14,80.0,0.5,33,2026-10-08 14:50:00,PT5M,44.261,88.8905,67.7498,20.7722,0.0
348,348,54,310,28,0.14,80.4,0.5,30,2026-10-08 14:55:00,PT5M,42.935,87.379,66.3262,19.5438,0.0
337,337,50,303,28,0.14,80.8,0.5,28,2026-10-08 15:00:00,PT5M,41.577,85.8145,64.8595,18.2945,0.0
326,326,46,296,28,0.14,81.3,0.4,25,2026-10-08 15:05:00,PT5M,40.109,84.0705,63.2463,16.9717,0.0
314,314,40,289,28,0.14,81.7,0.4,22,2026-10-08 15:10:00,PT5M,38.52,82.127,61.4707,15.5693,0.0
303,303,34,282,28,0.14,82.1,0.4,18,2026-10-08 15:15:00,PT5M,36.873,80.0885,59.6176,14.1284,0.0
291,291,28,275,28,0.14,82.6,0.4,14,2026-10-08 15:20:00,PT5M,35.563,78.3435,58.0787,13.0473,0.0
280,280,22,267,27,0.14,83.0,0.3,9,2026-10-08 15:25:00,PT5M,33.815,76.1095,56.0749,11.5551,0.0
268,268,16,259,27,0.14,83.5,0.3,3,2026-10-08 15:30:00,PT5M,32.018,73.768,53.9913,10.0447,0.0
256,256,9,251,27,0.14,83.9,0.3,358,2026-10-08 15:35:00,PT5M,30.175,71.2885,51.8133,8.5367,0.0
243,244,2,243,27,0.14,84.3,0.3,353,2026-10-08 15:40:00,PT5M,28.264,68.6445,49.5165,7.0115,0.0
231,232,0,232,27,0.14,84.7,0.3,347,2026-10-08 15:45:00,PT5M,26.681,66.2315,47.4967,5.8653,0.0
219,219,0,219,27,0.14,85.2,0.3,342,2026-10-08 15:50:00,PT5M,25.283,63.913,45.6142,4.9518,0.0
207,207,0,207,27,0.14,85.6,0.3,337,2026-10-08 15:55:00,PT5M,23.884,61.477,43.6695,4.0985,0.0
195,195,0,195,27,0.14,86.0,0.3,332,2026-10-08 16:00:00,PT5M,22.484,58.9985,41.7018,3.2662,0.0
183,183,0,183,27,0.14,86.4,0.3,327,2026-10-08 16:05:00,PT5M,21.11,56.5535,39.7642,2.4558,0.0
171,172,0,172,27,0.14,86.8,0.3,322,2026-10-08 16:10:00,PT5M,19.882,53.9505,37.8125,1.9515,0.0
160,161,0,161,27,0.14,87.3,0.3,317,2026-10-08 16:15:00,PT5M,18.844,50.5455,35.5287,2.1593,0.0
149,149,0,149,27,0.14,87.7,0.3,313,2026-10-08 16:20:00,PT5M,17.677,47.078,33.151,2.203,0.0
138,138,0,138,27,0.14,88.1,0.3,309,2026-10-08 16:25:00,PT5M,16.459,43.5845,30.7353,2.1827,0.0
127,127,0,127,26,0.14,88.6,0.4,305,2026-10-08 16:30:00,PT5M,15.218,40.095,28.3109,2.1251,0.0
116,117,0,117,26,0.14,89.0,0.4,301,2026-10-08 16:35:00,PT5M,13.97,36.6025,25.8816,2.0584,0.0
106,106,0,106,26,0.14,89.4,0.4,297,2026-10-08 16:40:00,PT5M,12.71,33.1155,23.4496,1.9704,0.0
96,96,0,96,26,0.14,89.9,0.4,292,2026-10-08 16:45:00,PT5M,11.454,29.676,21.0444,1.8636,0.0
86,86,0,86,26,0.14,90.3,0.4,289,2026-10-08 16:50:00,PT5M,10.22,26.3255,18.6964,1.7436,0.0
75,76,0,76,26,0.14,90.8,0.5,286,2026-10-08 16:55:00,PT5M,8.966,23.06,16.3838,1.5482,0.0
66,66,0,66,26,0.14,91.2,0.5,283,2026-10-08 17:00:00,PT5M,7.767,19.9695,14.1893,1.3447,0.0
56,56,0,56,26,0.14,91.7,0.5,280,2026-10-08 17:05:00,PT5M,6.522,16.8675,11.9669,1.0771,0.0
47,48,0,48,26,0.14,92.1,0.6,278,2026-10-08 17:10:00,PT5M,5.406,14.0065,9.9325,0.8795,0.0
39,39,0,39,26,0.14,92.6,0.6,276,2026-10-08 17:15:00,PT5M,4.412,11.3495,8.0633,0.7607,0.0
32,32,0,32,26,0.14,93.1,0.6,274,2026-10-08 17:20:00,PT5M,3.438,8.811,6.2658,0.6102,0.0
25,25,0,25,26,0.14,93.5,0.7,272,2026-10-08 17:25:00,PT5M,2.525,6.482,4.6076,0.4424,0.0
19,19,0,19,26,0.14,94.0,0.7,271,2026-10-08 17:30:00,PT5M,1.767,4.4935,3.202,0.332,0.0
13,13,0,13,26,0.14,94.2,0.7,270,2026-10-08 17:35:00,PT5M,1.071,2.712,1.9347,0.2073,0.0
8,8,0,8,26,0.14,94.3,0.7,271,2026-10-08 17:40:00,PT5M,0.424,1.2845,0.8769,0.0,0.0
4,4,0,4,26,0.14,94.3,0.7,272,2026-10-08 17:45:00,PT5M,0.0,0.243,0.1279,0.0,0.0
1,1,0,1,25,0.14,94.4,0.7,272,2026-10-08 17:50:00,PT5M,0.0,0.0,0.0,0.0,0.0
0,0,0,0,25,0.14,94.4,0.7,273,2026-10-08 17:55:00,PT5M,0.0,0.0,0.0,0.0,0.0
0,0,0,0,25,0.14,94.5,0.7,274,2026-10-08 18:00:00,PT5M,0.0,0.0,0.0,0.0,0.0
0,0,0,0,25,0.14,94.5,0.7,274,2026-10-08 18:05:00,PT5M,0.0,0.0,0.0,0.0,0.0
0,0,0,0,25,0.14,94.6,0.7,275,2026-10-08 18:10:00,PT5M,0.0,0.0,0.0,0.0,0.0
0,0,0,0,25,0.14,94.6,0.7,276,2026-10-08 18:15:00,PT5M,0.0,0.0,0.0,0.0,0.0
0,0,0,0,25,0.14,94.7,0.7,276,2026-10-08 18:20:00,PT5M,0.0,0.0,0.0,0.0,0.0
0,0,0,0,25,0.14,94.7,0.7,277,2026-10-08 18:25:00,PT5M,0.0,0.0,0.0,0.0,0.0
0,0,0,0,25,0.14,94.7,0.7,278,2026-10-08 18:30:00,PT5M,0.0,0.0,0.0,0.0,0.0
0,0,0,0,25,0.14,94.8,0.7,278,2026-10-08 18:35:00,PT5M,0.0,0.0,0.0,0.0,0.0
0,0,0,0,25,0.14,94.8,0.7,278,2026-10-08 18:40:00,PT5M,0.0,0.0,0.0,0.0,0.0
0,0,0,0,25,0.14,94.8,0.7,278,2026-10-08 18:45:00,PT5M,0.0,0.0,0.0,0.0,0.0
0,0,0,0,25,0.14,94.8,0.7,278,2026-10-08 18:50:00,PT5M,0.0,0.0,0.0,0.0,0.0
0,0,0,0,25,0.14,94.8,0.7,278,2026-10-08 18:55:00,PT5M,0.0,0.0,0.0,0.0,0.0
0,0,0,0,25,0.14,94.8,0.7,278,2026-10-08 19:00:00,PT5M,0.0,0.0,0.0,0.0,0.0
0,0,0,0,25,0.14,94.8,0.7,278,2026-10-08 19:05:00,PT5M,0.0,0.0,0.0,0.0,0.0
0,0,0,0,25,0.14,94.8,0.7,278,2026-10-08 19:10:00,PT5M,0.0,0.0,0.0,0.0,0.0
0,0,0,0,25,0.14,94.8,0.7,278,2026-10-08 19:15:00,PT5M,0.0,0.0,0.0,0.0,0.0
0,0,0,0,25,0.14,94.8,0.7,278,2026-10-08 19:20:00,PT5M,0.0,0.0,0.0,0.0,0.0
0,0,0,0,25,0.14,94.8,0.7,278,2026-10-08 19:25:00,PT5M,0.0,0.0,0.0,0.0,0.0
0,0,0,0,25,0.14,94.8,0.7,278,2026-10-08 19:30:00,PT5M,0.0,0.0,0.0,0.0,0.0
0,0,0,0,25,0.14,94.8,0.7,279,2026-10-08 19:35:00,PT5M,0.0,0.0,0.0,0.0,0.0
0,0,0,0,25,0.14,94.8,0.7,279,2026-10-08 19:40:00,PT5M,0.0,0.0,0.0,0.0,0.0
0,0,0,0,25,0.14,94.9,0.7,280,2026-10-08 19:45:00,PT5M,0.0,0.0,0.0,0.0,0.0
0,0,0,0,25,0.14,94.9,0.7,281,2026-10-08 19:50:00,PT5M,0.0,0.0,0.0,0.0,0.0
0,0,0,0,25,0.14,95.0,0.7,282,2026-10-08 19:55:00,PT5M,0.0,0.0,0.0,0.0,0.0
0,0,0,0,25,0.14,95.0,0.7,283,2026-10-08 20:00:00,PT5M,0.0,0.0,0.0,0.0,0.0
0,0,0,0,25,0.14,95.1,0.7,283,2026-10-08 20:05:00,PT5M,0.0,0.0,0.0,0.0,0.0
0,0,0,0,25,0.14,95.1,0.7,284,2026-10-08 20:10:00,PT5M,0.0,0.0,0.0,0.0,0.0
0,0,0,0,25,0.14,95.2,0.7,285,2026-10-08 20:15:00,PT5M,0.0,0.0,0.0,0.0,0.0
0,0,0,0,25,0.14,95.2,0.6,286,2026-10-08 20:20:00,PT5M,0.0,0.0,0.0,0.0,0.0
0,0,0,0,25,0.14,95.3,0.6,287,2026-10-08 20:25:00,PT5M,0.0,0.0,0.0,0.0,0.0
0,0,0,0,25,0.14,95.3,0.6,288,2026-10-08 20:30:00,PT5M,0.0,0.0,0.0,0.0,0.0
0,0,0,0,25,0.14,95.4,0.6,289,2026-10-08 20:35:00,PT5M,0.0,0.0,0.0,0.0,0.0
0,0,0,0,25,0.14,95.4,0.6,289,2026-10-08 20:40:00,PT5M,0.0,0.0,0.0,0.0,0.0
0,0,0,0,25,0.14,95.4,0.6,289,2026-10-08 20:45:00,PT5M,0.0,0.0,0.0,0.0,0.0
0,0,0,0,25,0.14,95.5,0.6,289,2026-10-08 20:50:00,PT5M,0.0,0.0,0.0,0.0,0.0
0,0,0,0,25,0.14,95.5,0.6,290,2026-10-08 20:55:00,PT5M,0.0,0.0,0.0,0.0,0.0
0,0,0,0,25,0.14,95.6,0.6,290,2026-10-08 21:00:00,PT5M,0.0,0.0,0.0,0.0,0.0
0,0,0,0,25,0.14,95.6,0.6,290,2026-10-08 21:05:00,PT5M,0.0,0.0,0.0,0.0,0.0
0,0,0,0,25,0.14,95.7,0.6,290,2026-10-08 21:10:00,PT5M,0.0,0.0,0.0,0.0,0.0
0,0,0,0,25,0.14,95.7,0.6,291,2026-10-08 21:15:00,PT5M,0.0,0.0,0.0,0.0,0.0
0,0,0,0,25,0.14,95.8,0.6,291,2026-10-08 21:20:00,PT5M,0.0,0.0,0.0,0.0,0.0
0,0,0,0,25,0.14,95.8,0.6,291,2026-10-08 21:25:00,PT5M,0.0,0.0,0.0,0.0,0.0
0,0,0,0,25,0.14,95.9,0.5,292,2026-10-08 21:30:00,PT5M,0.0,0.0,0.0,0.0,0.0
0,0,0,0,25,0.14,95.9,0.5,292,2026-10-08 21:35:00,PT5M,0.0,0.0,0.0,0.0,0.0
0,0,0,0,25,0.14,96.0,0.5,293,2026-10-08 21:40:00,PT5M,0.0,0.0,0.0,0.0,0.0
0,0,0,0,25,0.14,96.0,0.5,294,2026-10-08 21:45:00,PT5M,0.0,0.0,0.0,0.0,0.0
0,0,0,0,25,0.14,96.1,0.6,295,2026-10-08 21:50:00,PT5M,0.0,0.0,0.0,0.0,0.0
0,0,0,0,25,0.14,96.1,0.6,295,2026-10-08 21:55:00,PT5M,0.0,0.0,0.0,0.0,0.0
0,0,0,0,25,0.14,96.2,0.6,296,2026-10-08 22:00:00,PT5M,0.0,0.0,0.0,0.0,0.0
0,0,0,0,25,0.14,96.2,0.6,297,2026-10-08 22:05:00,PT5M,0.0,0.0,0.0,0.0,0.0
0,0,0,0,25,0.14,96.3,0.6,298,2026-10-08 22:10:00,PT5M,0.0,0.0,0.0,0.0,0.0
0,0,0,0,25,0.14,96.3,0.6,298,2026-10-08 22:15:00,PT5M,0.0,0.0,0.0,0.0,0.0
0,0,0,0,25,0.14,96.3,0.6,299,2026-10-08 22:20:00,PT5M,0.0,0.0,0.0,0.0,0.0
0,0,0,0,25,0.14,96.4,0.6,300,2026-10-08 22:25:00,PT5M,0.0,0.0,0.0,0.0,0.0
0,0,0,0,25,0.14,96.4,0.6,301,2026-10-08 22:30:00,PT5M,0.0,0.0,0.0,0.0,0.0
0,0,0,0,25,0.14,96.5,0.6,301,2026-10-08 22:35:00,PT5M,0.0,0.0,0.0,0.0,0.0
0,0,0,0,25,0.14,96.5,0.6,301,2026-10-08 22:40:00,PT5M,0.0,0.0,0.0,0.0,0.0
0,0,0,0,25,0.14,96.5,0.6,301,2026-10-08 22:45:00,PT5M,0.0,0.0,0.0,0.0,0.0
0,0,0,0,25,0.14,96.5,0.6,301,2026-10-08 22:50:00,PT5M,0.0,0.0,0.0,0.0,0.0
0,0,0,0,25,0.14,96.5,0.6,301,2026-10-08 22:55:00,PT5M,0.0,0.0,0.0,0.0,0.0
0,0,0,0,25,0.14,96.5,0.6,301,2026-10-08 23:00:00,PT5M,0.0,0.0,0.0,0.0,0.0
0,0,0,0,25,0.14,96.5,0.6,301,2026-10-08 23:05:00,PT5M,0.0,0.0,0.0,0.0,0.0
0,0,0,0,25,0.14,96.5,0.6,301,2026-10-08 23:10:00,PT5M,0.0,0.0,0.0,0.0,0.0
0,0,0,0,25,0.14,96.5,0.6,301,2026-10-08 23:15:00,PT5M,0.0,0.0,0.0,0.0,0.0
0,0,0,0,25,0.14,96.5,0.6,301,2026-10-08 23:20:00,PT5M,0.0,0.0,0.0,0.0,0.0
0,0,0,0,25,0.14,96.5,0.6,301,2026-10-08 23:25:00,PT5M,0.0,0.0,0.0,0.0,0.0
0,0,0,0,25,0.14,96.5,0.6,301,2026-10-08 23:30:00,PT5M,0.0,0.0,0.0,0.0,0.0
0,0,0,0,25,0.14,96.5,0.6,301,2026-10-08 23:35:00,PT5M,0.0,0.0,0.0,0.0,0.0
0,0,0,0,25,0.14,96.5,0.6,302,2026-10-08 23:40:00,PT5M,0.0,0.0,0.0,0.0,0.0
0,0,0,0,25,0.14,96.6,0.6,302,2026-10-08 23:45:00,PT5M,0.0,0.0,0.0,0.0,0.0
0,0,0,0,24,0.14,96.6,0.6,303,2026-10-08 23:50:00,PT5M,0.0,0.0,0.0,0.0,0.0
0,0,0,0,24,0.14,96.7,0.6,303,2026-10-08 23:55:00,PT5M,0.0,0.0,0.0,0.0,0.0
0,0,0,0,24,0.14,96.7,0.5,303,2026-10-09 00:00:00,PT5M,0.0,0.0,0.0,0.0,0.0
0,0,0,0,24,0.14,96.8,0.5,304,2026-10-09 00:05:00,PT5M,0.0,0.0,0.0,0.0,0.0
0,0,0,0,24,0.14,96.8,0.5,304,2026-10-09 00:10:00,PT5M,0.0,0.0,0.0,0.0,0.0
0,0,0,0,24,0.14,96.9,0.5,305,2026-10-09 00:15:00,PT5M,0.0,0.0,0.0,0.0,0.0
0,0,0,0,24,0.14,96.9,0.5,305,2026-10-09 00:20:00,PT5M,0.0,0.0,0.0,0.0,0.0
0,0,0,0,24,0.14,97.0,0.5,306,2026-10-09 00:25:00,PT5M,0.0,0.0,0.0,0.0,0.0
0,0,0,0,24,0.14,97.0,0.5,307,2026-10-09 00:30:00,PT5M,0.0,0.0,0.0,0.0,0.0
0,0,0,0,24,0.14,97.1,0.5,307,2026-10-09 00:35:00,PT5M,0.0,0.0,0.0,0.0,0.0
0,0,0,0,24,0.14,97.1,0.5,307,2026-10-09 00:40:00,PT5M,0.0,0.0,0.0,0.0,0.0
0,0,0,0,24,0.14,97.2,0.5,307,2026-10-09 00:45:00,PT5M,0.0,0.0,0.0,0.0,0.0
0,0,0,0,24,0.14,97.2,0.5,307,2026-10-09 00:50:00,PT5M,0.0,0.0,0.0,0.0,0.0
0,0,0,0,24,0.14,97.3,0.5,307,2026-10-09 00:55:00,PT5M,0.0,0.0,0.0,0.0,0.0
0,0,0,0,24,0.14,97.3,0.5,307,2026-10-09 01:00:00,PT5M,0.0,0.0,0.0,0.0,0.0
0,0,0,0,24,0.14,97.4,0.5,307,2026-10-09 01:05:00,PT5M,0.0,0.0,0.0,0.0,0.0
0,0,0,0,24,0.14,97.4,0.5,307,2026-10-09 01:10:00,PT5M,0.0,0.0,0.0,0.0,0.0
0,0,0,0,24,0.14,97.5,0.5,307,2026-10-09 01:15:00,PT5M,0.0,0.0,0.0,0.0,0.0
0,0,0,0,24,0.14,97.5,0.5,307,2026-10-09 01:20:00,PT5M,0.0,0.0,0.0,0.0,0.0
0,0,0,0,24,0.14,97.6,0.5,307,2026-10-09 01:25:00,PT5M,0.0,0.0,0.0,0.0,0.0
0,0,0,0,24,0.14,97.6,0.5,307,2026-10-09 01:30:00,PT5M,0.0,0.0,0.0,0.0,0.0
0,0,0,0,24,0.14,97.6,0.5,307,2026-10-09 01:35:00,PT5M,0.0,0.0,0.0,0.0,0.0
0,0,0,0,24,0.14,97.7,0.5,308,2026-10-09 01:40:00,PT5M,0.0,0.0,0.0,0.0,0.0
0,0,0,0,24,0.14,97.7,0.5,308,2026-10-09 01:45:00,PT5M,0.0,0.0,0.0,0.0,0.0
0,0,0,0,24,0.14,97.8,0.5,309,2026-10-09 01:50:00,PT5M,0.0,0.0,0.0,0.0,0.0
0,0,0,0,24,0.14,97.8,0.5,310,2026-10-09 01:55:00,PT5M,0.0,0.0,0.0,0.0,0.0
0,0,0,0,24,0.14,97.9,0.5,310,2026-10-09 02:00:00,PT5M,0.0,0.0,0.0,0.0,0.0
0,0,0,0,24,0.14,97.9,0.5,311,2026-10-09 02:05:00,PT5M,0.0,0.0,0.0,0.0,0.0
0,0,0,0,24,0.14,98.0,0.5,312,2026-10-09 02:10:00,PT5M,0.0,0.0,0.0,0.0,0.0
0,0,0,0,24,0.14,98.0,0.4,312,2026-10-09 02:15:00,PT5M,0.0,0.0,0.0,0.0,0.0
0,0,0,0,24,0.14,98.1,0.4,313,2026-10-09 02:20:00,PT5M,0.0,0.0,0.0,0.0,0.0
0,0,0,0,24,0.14,98.1,0.4,314,2026-10-09 02:25:00,PT5M,0.0,0.0,0.0,0.0,0.0
0,0,0,0,24,0.14,98.2,0.4,315,2026-10-09 02:30:00,PT5M,0.0,0.0,0.0,0.0,0.0
0,0,0,0,24,0.14,98.2,0.4,315,2026-10-09 02:35:00,PT5M,0.0,0.0,0.0,0.0,0.0
0,0,0,0,24,0.14,98.3,0.4,314,2026-10-09 02:40:00,PT5M,0.0,0.0,0.0,0.0,0.0
0,0,0,0,24,0.14,98.3,0.4,313,2026-10-09 02:45:00,PT5M,0.0,0.0,0.0,0.0,0.0
0,0,0,0,24,0.14,98.4,0.4,312,2026-10-09 02:50:00,PT5M,0.0,0.0,0.0,0.0,0.0
0,0,0,0,24,0.14,98.4,0.4,311,2026-10-09 02:55:00,PT5M,0.0,0.0,0.0,0.0,0.0
0,0,0,0,24,0.14,98.5,0.4,310,2026-10-09 03:00:00,PT5M,0.0,0.0,0.0,0.0,0.0
0,0,0,0,24,0.14,98.5,0.4,309,2026-10-09 03:05:00,PT5M,0.0,0.0,0.0,0.0,0.0
0,0,0,0,24,0.14,98.6,0.4,308,2026-10-09 03:10:00,PT5M,0.0,0.0,0.0,0.0,0.0
0,0,0,0,24,0.14,98.6,0.4,307,2026-10-09 03:15:00,PT5M,0.0,0.0,0.0,0.0,0.0
0,0,0,0,24,0.14,98.7,0.4,306,2026-10-09 03:20:00,PT5M,0.0,0.0,0.0,0.0,0.0
0,0,0,0,24,0.14,98.7,0.4,305,2026-10-09 03:25:00,PT5M,0.0,0.0,0.0,0.0,0.0
0,0,0,0,24,0.14,98.8,0.4,304,2026-10-09 03:30:00,PT5M,0.0,0.0,0.0,0.0,0.0
0,0,0,0,24,0.14,98.8,0.4,304,2026-10-09 03:35:00,PT5M,0.0,0.0,0.0,0.0,0.0
0,0,0,0,24,0.14,98.8,0.4,304,2026-10-09 03:40:00,PT5M,0.0,0.0,0.0,0.0,0.0
0,0,0,0,24,0.14,98.8,0.4,304,2026-10-09 03:45:00,PT5M,0.0,0.0,0.0,0.0,0.0
0,0,0,0,24,0.14,98.8,0.4,304,2026-10-09 03:50:00,PT5M,0.0,0.0,0.0,0.0,0.0
0,0,0,0,24,0.14,98.8,0.4,304,2026-10-09 03:55:00,PT5M,0.0,0.0,0.0,0.0,0.0
0,0,0,0,24,0.14,98.8,0.4,304,2026-10-09 04:00:00,PT5M,0.0,0.0,0.0,0.0,0.0
0,0,0,0,24,0.14,98.8,0.4,304,2026-10-09 04:05:00,PT5M,0.0,0.0,0.0,0.0,0.0
0,0,0,0,24,0.14,98.8,0.4,304,2026-10-09 04:10:00,PT5M,0.0,0.0,0.0,0.0,0.0
0,0,0,0,24,0.14,98.8,0.4,304,2026-10-09 04:15:00,PT5M,0.0,0.0,0.0,0.0,0.0
0,0,0,0,24,0.14,98.8,0.4,304,2026-10-09 04:20:00,PT5M,0.0,0.0,0.0,0.0,0.0
0,0,0,0,24,0.14,98.8,0.4,304,2026-10-09 04:25:00,PT5M,0.0,0.0,0.0,0.0,0.0
0,0,0,0,24,0.14,98.8,0.4,304,2026-10-09 04:30:00,PT5M,0.0,0.0,0.0,0.0,0.0
0,0,0,0,24,0.14,98.8,0.4,304,2026-10-09 04:35:00,PT5M,0.0,0.0,0.0,0.0,0.0
0,0,0,0,24,0.14,98.9,0.3,303,2026-10-09 04:40:00,PT5M,0.0,0.0,0.0,0.0,0.0
0,0,0,0,24,0.14,98.9,0.3,303,2026-10-09 04:45:00,PT5M,0.0,0.0,0.0,0.0,0.0
0,0,0,0,24,0.14,99.0,0.3,302,2026-10-09 04:50:00,PT5M,0.0,0.0,0.0,0.0,0.0
0,0,0,0,24,0.14,99.0,0.3,302,2026-10-09 04:55:00,PT5M,0.0,0.0,0.0,0.0,0.0
0,0,0,0,24,0.14,99.1,0.3,301,2026-10-09 05:00:00,PT5M,0.0,0.0,0.0,0.0,0.0
0,0,0,0,24,0.14,99.1,0.3,301,2026-10-09 05:05:00,PT5M,0.0,0.0,0.0,0.0,0.0
0,0,0,0,24,0.14,99.2,0.3,300,2026-10-09 05:10:00,PT5M,0.0,0.0,0.0,0.0,0.0
0,0,0,0,24,0.14,99.2,0.3,299,2026-10-09 05:15:00,PT5M,0.0,0.0,0.0,0.0,0.0
0,0,0,0,23,0.14,99.3,0.3,299,2026-10-09 05:20:00,PT5M,0.0,0.0,0.0,0.0,0.0
0,0,0,0,23,0.14,99.3,0.2,298,2026-10-09 05:25:00,PT5M,0.0,0.0,0.0,0.0,0.0
0,0,0,0,23,0.14,99.4,0.2,297,2026-10-09 05:30:00,PT5M,0.0,0.0,0.0,0.0,0.0
0,0,0,0,24,0.14,99.1,0.2,300,2026-10-09 05:35:00,PT5M,0.0,0.0,0.0,0.0,0.0
0,0,0,0,24,0.14,98.7,0.2,308,2026-10-09 05:40:00,PT5M,0.0,0.0,0.0,0.0,0.0
0,0,0,0,24,0.14,98.2,0.2,316,2026-10-09 05:45:00,PT5M,0.0,0.0,0.0,0.0,0.0
0,0,0,0,24,0.14,97.7,0.2,325,2026-10-09 05:50:00,PT5M,0.0,0.0,0.0,0.0,0.0
0,0,0,0,24,0.14,97.2,0.2,333,2026-10-09 05:55:00,PT5M,0.0,0.0,0.0,0.0,0.0
4,4,0,4,24,0.14,96.7,0.2,342,2026-10-09 06:00:00,PT5M,0.0,0.0,0.0,0.0,0.0
12,12,0,12,24,0.14,96.2,0.2,350,2026-10-09 06:05:00,PT5M,0.896,1.4735,1.1999,0.5921,0.3185
20,20,0,20,24,0.14,95.7,0.2,357,2026-10-09 06:10:00,PT5M,2.061,3.347,2.7378,1.3842,0.775
30,30,0,30,24,0.14,95.3,0.2,3,2026-10-09 06:15:00,PT5M,3.332,5.536,4.492,2.172,1.128
41,41,15,40,24,0.14,94.8,0.3,8,2026-10-09 06:20:00,PT5M,4.903,8.265,6.6724,3.1336,1.541
54,53,41,48,25,0.14,94.3,0.3,13,2026-10-09 06:25:00,PT5M,6.986,11.7165,9.4757,4.4963,2.2555
67,67,69,57,25,0.14,93.8,0.3,17,2026-10-09 06:30:00,PT5M,9.625,15.9025,12.9289,6.3211,3.3475
82,81,99,65,25,0.14,93.4,0.3,20,2026-10-09 06:35:00,PT5M,12.527,20.468,16.7064,8.3476,4.586
98,96,128,73,25,0.14,92.9,0.3,24,2026-10-09 06:40:00,PT5M,15.658,25.3115,20.7387,10.5773,6.0045
115,113,156,80,25,0.14,92.5,0.4,27,2026-10-09 06:45:00,PT5M,19.131,30.512,25.1209,13.1411,7.75
132,129,183,87,25,0.14,92.0,0.4,30,2026-10-09 06:50:00,PT5M,22.718,35.8565,29.6329,15.8031,9.5795
150,147,210,94,25,0.14,91.5,0.4,32,2026-10-09 06:55:00,PT5M,26.495,41.4685,34.3757,18.6143,11.5215
168,164,232,101,25,0.14,91.1,0.4,34,2026-10-09 07:00:00,PT5M,30.268,47.1815,39.1697,21.3663,13.3545
185,181,250,108,25,0.14,90.6,0.4,37,2026-10-09 07:05:00,PT5M,34.042,52.999,44.0192,24.0648,15.085
203,199,267,115,25,0.14,90.2,0.5,38,2026-10-09 07:10:00,PT5M,37.958,59.032,49.0494,26.8666,16.884
221,216,284,122,26,0.14,89.8,0.5,40,2026-10-09 07:15:00,PT5M,41.924,65.1435,54.1446,29.7034,18.7045
239,234,299,128,26,0.14,89.3,0.5,42,2026-10-09 07:20:00,PT5M,45.897,71.278,59.2552,32.5388,20.516
257,252,314,135,26,0.14,88.9,0.5,43,2026-10-09 07:25:00,PT5M,49.884,77.4855,64.4109,35.3571,22.2825
275,269,328,141,26,0.14,88.4,0.6,44,2026-10-09 07:30:00,PT5M,53.881,83.6735,69.561,38.201,24.0885
293,287,341,147,26,0.14,88.0,0.6,46,2026-10-09 07:35:00,PT5M,57.972,90.0205,74.8394,41.1046,25.9235
312,305,356,152,26,0.14,87.5,0.6,47,2026-10-09 07:40:00,PT5M,61.947,96.134,79.9399,43.9541,27.76
330,324,369,157,26,0.14,87.0,0.6,49,2026-10-09 07:45:00,PT5M,64.277,99.233,82.6746,45.8794,29.321
349,342,383,162,26,0.14,86.6,0.7,50,2026-10-09 07:50:00,PT5M,66.565,100.0,85.3402,47.7898,30.8915
367,360,396,167,26,0.14,86.1,0.7,51,2026-10-09 07:55:00,PT5M,68.749,100.0,87.8724,49.6256,32.414
386,378,408,171,27,0.14,85.6,0.7,53,2026-10-09 08:00:00,PT5M,70.82,100.0,90.2586,51.3814,33.886
404,396,420,176,27,0.14,85.2,0.8,54,2026-10-09 08:05:00,PT5M,72.765,100.0,92.4818,53.0482,35.3025
422,414,431,180,27,0.14,84.7,0.8,55,2026-10-09 08:10:00,PT5M,74.572,100.0,94.5235,54.6205,36.6635
440,432,442,184,27,0.14,84.3,0.8,55,2026-10-09 08:15:00,PT5M,76.234,100.0,96.3745,56.0935,37.9665
458,449,453,188,27,0.14,83.8,0.9,56,2026-10-09 08:20:00,PT5M,77.747,100.0,98.0182,57.4758,39.231
475,466,462,191,27,0.14,83.4,0.9,57,2026-10-09 08:25:00,PT5M,79.13,100.0,99.4947,58.7653,40.4365
492,483,472,195,27,0.14,82.9,0.9,58,2026-10-09 08:30:00,PT5M,80.429,100.0,100.0,59.9938,41.6015
509,500,480,198,27,0.14,82.5,1.0,58,2026-10-09 08:35:00,PT5M,81.577,100.0,100.0,61.0881,42.6475
525,516,487,202,27,0.14,82.1,1.0,59,2026-10-09 08:40:00,PT5M,82.583,100.0,100.0,62.0604,43.5895
541,532,493,206,27,0.14,81.7,1.0,59,2026-10-09 08:45:00,PT5M,83.531,100.0,100.0,62.9863,44.4955
557,547,499,210,28,0.14,81.3,1.0,59,2026-10-09 08:50:00,PT5M,84.43,100.0,100.0,63.8751,45.375
572,562,505,213,28,0.14,80.9,1.1,60,2026-10-09 08:55:00,PT5M,85.284,100.0,100.0,64.7296,46.23
587,577,510,216,28,0.14,80.5,1.1,60,2026-10-09 09:00:00,PT5M,86.094,100.0,100.0,65.5233,47.009
602,592,517,219,28,0.14,80.1,1.1,60,2026-10-09 09:05:00,PT5M,86.968,100.0,100.0,66.5281,48.1315
617,607,523,222,28,0.14,79.7,1.1,60,2026-10-09 09:10:00,PT5M,87.79,100.0,100.0,67.5366,49.308
632,621,529,225,28,0.14,79.4,1.2,61,2026-10-09 09:15:00,PT5M,88.575,100.0,100.0,68.5069,50.445
646,635,535,227,28,0.14,79.0,1.2,61,2026-10-09 09:20:00,PT5M,89.326,100.0,100.0,69.4416,51.545
660,649,540,230,28,0.14,78.6,1.2,61,2026-10-09 09:25:00,PT5M,90.044,100.0,100.0,70.3417,52.609
674,663,546,232,28,0.14,78.2,1.2,61,2026-10-09 09:30:00,PT5M,90.76,100.0,100.0,71.238,53.6675
687,675,550,235,29,0.14,77.8,1.3,61,2026-10-09 09:35:00,PT5M,91.341,100.0,100.0,71.9797,54.554
699,687,553,237,29,0.14,77.4,1.3,61,2026-10-09 09:40:00,PT5M,91.825,100.0,100.0,72.604,55.3045
710,698,555,241,29,0.14,77.0,1.3,62,2026-10-09 09:45:00,PT5M,92.253,100.0,100.0,73.1667,55.9885
721,709,556,244,29,0.14,76.6,1.4,62,2026-10-09 09:50:00,PT5M,92.631,100.0,100.0,73.6737,56.6115
731,719,558,247,29,0.14,76.2,1.4,62,2026-10-09 09:55:00,PT5M,92.985,100.0,100.0,74.1519,57.2015
741,729,559,250,29,0.14,75.8,1.5,62,2026-10-09 10:00:00,PT5M,93.315,100.0,100.0,74.6,57.756
750,739,560,253,29,0.14,75.4,1.5,62,2026-10-09 10:05:00,PT5M,93.632,100.0,100.0,75.0315,58.2905
760,748,561,255,29,0.14,75.0,1.5,62,2026-10-09 10:10:00,PT5M,93.936,100.0,100.0,75.446,58.8045
768,756,563,258,29,0.14,74.6,1.6,62,2026-10-09 10:15:00,PT5M,94.215,100.0,100.0,75.8311,59.285
777,765,564,260,29,0.14,74.2,1.6,62,2026-10-09 10:20:00,PT5M,94.469,100.0,100.0,76.1872,59.733
785,772,565,262,30,0.14,73.8,1.6,62,2026-10-09 10:25:00,PT5M,94.7,100.0,100.0,76.5161,60.15
792,780,565,264,30,0.14,73.4,1.7,62,2026-10-09 10:30:00,PT5M,94.912,100.0,100.0,76.8226,60.5415
798,786,565,267,30,0.14,73.1,1.7,62,2026-10-09 10:35:00,PT5M,95.042,100.0,100.0,77.0228,60.805
804,792,563,270,30,0.14,72.8,1.7,62,2026-10-09 10:40:00,PT5M,95.088,100.0,100.0,77.1136,60.936
809,796,562,273,30,0.14,72.5,1.8,62,2026-10-09 10:45:00,PT5M,95.11,100.0,100.0,77.1737,61.0305
813,801,560,275,30,0.14,72.2,1.8,62,2026-10-09 10:50:00,PT5M,95.107,100.0,100.0,77.201,61.085
817,805,558,278,30,0.14,71.9,1.8,63,2026-10-09 10:55:00,PT5M,95.068,100.0,100.0,77.1722,61.0655
821,808,555,281,30,0.14,71.6,1.8,63,2026-10-09 11:00:00,PT5M,95.02,100.0,100.0,77.1408,61.049
824,811,553,283,30,0.14,71.3,1.9,63,2026-10-09 11:05:00,PT5M,94.962,100.0,100.0,77.1033,61.03
826,814,551,286,30,0.14,71.0,1.9,63,2026-10-09 11:10:00,PT5M,94.879,100.0,100.0,77.0325,60.97
828,816,548,288,31,0.14,70.7,1.9,63,2026-10-09 11:15:00,PT5M,94.769,100.0,100.0,76.9225,60.86
829,817,545,291,31,0.14,70.4,1.9,63,2026-10-09 11:20:00,PT5M,94.638,100.0,100.0,76.7859,60.7185
830,818,542,293,31,0.14,70.1,2.0,63,2026-10-09 11:25:00,PT5M,94.483,100.0,100.0,76.6196,60.542
831,819,539,295,31,0.14,69.8,2.0,63,2026-10-09 11:30:00,PT5M,94.361,100.0,100.0,76.4816,60.3895
829,817,533,298,31,0.14,69.8,2.0,63,2026-10-09 11:35:00,PT5M,94.011,100.0,100.0,76.0908,59.962
825,813,523,303,31,0.14,70.0,2.0,63,2026-10-09 11:40:00,PT5M,93.488,100.0,100.0,75.5017,59.3135
820,809,513,308,31,0.14,70.3,1.9,63,2026-10-09 11:45:00,PT5M,92.941,100.0,100.0,74.8834,58.631
815,804,503,313,31,0.14,70.6,1.9,63,2026-10-09 11:50:00,PT5M,92.369,100.0,100.0,74.2348,57.9135
810,799,493,317,31,0.14,70.8,1.9,62,2026-10-09 11:55:00,PT5M,91.8,100.0,100.0,73.5837,57.1885
804,793,483,322,31,0.14,71.1,1.8,62,2026-10-09 12:00:00,PT5M,91.297,100.0,100.0,72.9936,56.52
797,787,473,326,30,0.14,71.4,1.8,62,2026-10-09 12:05:00,PT5M,90.76,100.0,100.0,72.3642,55.8075
790,780,462,330,30,0.14,71.6,1.8,62,2026-10-09 12:10:00,PT5M,90.189,100.0,100.0,71.6956,55.051
783,773,452,334,30,0.14,71.9,1.7,61,2026-10-09 12:15:00,PT5M,89.591,100.0,100.0,70.9955,54.259
775,765,441,337,30,0.14,72.2,1.7,61,2026-10-09 12:20:00,PT5M,88.963,100.0,100.0,70.2612,53.429
767,757,430,341,30,0.14,72.5,1.7,61,2026-10-09 12:25:00,PT5M,88.306,100.0,100.0,69.4945,52.5635
758,749,420,344,30,0.14,72.7,1.6,60,2026-10-09 12:30:00,PT5M,87.62,100.0,100.0,68.6953,51.6625
748,739,407,348,30,0.14,73.0,1.6,60,2026-10-09 12:35:00,PT5M,86.789,100.0,100.0,67.7375,50.5905
736,728,393,352,30,0.14,73.4,1.6,59,2026-10-09 12:40:00,PT5M,85.812,100.0,100.0,66.6192,49.345
725,716,379,355,30,0.14,73.7,1.5,58,2026-10-09 12:45:00,PT5M,84.788,100.0,100.0,65.4444,48.0345
712,704,366,358,30,0.14,74.1,1.5,57,2026-10-09 12:50:00,PT5M,83.735,100.0,100.0,64.2411,46.696
700,692,352,361,30,0.14,74.5,1.5,57,2026-10-09 12:55:00,PT5M,82.626,100.0,100.0,62.9908,45.3185
687,680,339,363,30,0.14,74.8,1.4,56,2026-10-09 13:00:00,PT5M,81.528,100.0,100.0,61.7483,43.946
674,667,325,365,29,0.14,75.2,1.4,55,2026-10-09 13:05:00,PT5M,80.371,100.0,100.0,60.4374,42.4965
661,655,313,366,29,0.14,75.5,1.4,54,2026-10-09 13:10:00,PT5M,79.172,100.0,99.2627,59.0813,40.999
648,642,300,367,29,0.14,75.9,1.3,53,2026-10-09 13:15:00,PT5M,77.935,100.0,98.1844,57.6856,39.4605
635,628,287,368,29,0.14,76.3,1.3,51,2026-10-09 13:20:00,PT5M,76.661,100.0,97.0693,56.2527,37.8845
621,615,275,368,29,0.14,76.6,1.3,50,2026-10-09 13:25:00,PT5M,75.358,100.0,95.9256,54.7904,36.279
607,602,263,368,29,0.14,77.0,1.2,49,2026-10-09 13:30:00,PT5M,74.02,100.0,94.7468,53.2932,34.6385
592,587,250,367,29,0.14,77.3,1.2,48,2026-10-09 13:35:00,PT5M,72.525,100.0,93.4373,51.6127,32.791
576,572,235,367,29,0.14,77.6,1.2,47,2026-10-09 13:40:00,PT5M,70.874,100.0,91.9965,49.7515,30.7405
561,556,221,366,29,0.14,77.9,1.1,46,2026-10-09 13:45:00,PT5M,69.186,100.0,90.517,47.855,28.6565
545,541,207,364,29,0.14,78.2,1.1,44,2026-10-09 13:50:00,PT5M,67.437,100.0,88.9743,45.8997,26.5155
529,525,194,362,29,0.14,78.5,1.1,43,2026-10-09 13:55:00,PT5M,65.68,100.0,87.4217,43.9383,24.37
513,509,181,359,29,0.14,78.8,1.1,42,2026-10-09 14:00:00,PT5M,63.882,100.0,85.8269,41.9371,22.186
497,494,168,356,28,0.14,79.1,1.1,41,2026-10-09 14:05:00,PT5M,62.049,100.0,84.1944,39.9036,19.972
481,478,155,353,28,0.14,79.4,1.0,39,2026-10-09 14:10:00,PT5M,60.147,100.0,82.4914,37.8026,17.692
465,462,143,349,28,0.14,79.7,1.0,38,2026-10-09 14:15:00,PT5M,58.217,100.0,80.7569,35.6771,15.3905
449,446,131,344,28,0.14,80.1,1.0,36,2026-10-09 14:20:00,PT5M,56.259,99.45,78.9907,33.5273,13.068
433,431,119,339,28,0.14,80.4,1.0,35,2026-10-09 14:25:00,PT5M,54.275,97.844,77.2057,31.3443,10.706
417,415,108,334,28,0.14,80.7,1.0,33,2026-10-09 14:30:00,PT5M,52.268,96.209,75.3945,29.1415,8.327
403,402,100,328,28,0.14,81.0,0.9,31,2026-10-09 14:35:00,PT5M,50.759,94.9785,74.032,27.486,6.5395
392,390,94,322,28,0.14,81.4,0.9,29,2026-10-09 14:40:00,PT5M,49.388,93.7995,72.7621,26.0139,4.9765
380,379,89,315,28,0.14,81.7,0.9,26,2026-10-09 14:45:00,PT5M,47.986,92.5905,71.4617,24.5103,3.3815
369,368,84,309,28,0.14,82.1,0.9,24,2026-10-09 14:50:00,PT5M,46.598,91.3745,70.1642,23.0318,1.8215
357,356,80,302,28,0.14,82.4,0.9,21,2026-10-09 14:55:00,PT5M,45.206,89.8595,68.7075,21.7045,0.5525
346,345,75,295,28,0.14,82.8,0.8,19,2026-10-09 15:00:00,PT5M,43.783,88.2935,67.2092,20.3568,0.0
334,333,69,288,28,0.14,83.2,0.8,16,2026-10-09 15:05:00,PT5M,42.213,86.497,65.52,18.906,0.0
321,321,61,282,27,0.14,83.5,0.8,13,2026-10-09 15:10:00,PT5M,40.478,84.3755,63.5816,17.3744,0.0
309,308,53,275,27,0.14,83.9,0.8,10,2026-10-09 15:15:00,PT5M,38.682,82.2125,61.5924,15.7716,0.0
296,296,45,269,27,0.14,84.3,0.8,7,2026-10-09 15:20:00,PT5M,36.834,79.9505,59.5265,14.1415,0.0
284,284,38,262,27,0.14,84.6,0.8,4,2026-10-09 15:25:00,PT5M,34.935,77.5825,57.3807,12.4893,0.0
271,271,30,254,27,0.14,85.0,0.8,1,2026-10-09 15:30:00,PT5M,33.344,75.458,55.5089,11.1791,0.0
259,259,22,247,27,0.14,85.4,0.8,359,2026-10-09 15:35:00,PT5M,31.488,72.948,53.3087,9.6673,0.0
247,247,16,239,27,0.14,85.7,0.8,356,2026-10-09 15:40:00,PT5M,29.697,70.3895,51.1138,8.2802,0.0
235,236,9,231,27,0.14,86.0,0.8,354,2026-10-09 15:45:00,PT5M,27.859,67.683,48.8187,6.8993,0.0
223,224,2,223,27,0.14,86.4,0.8,351,2026-10-09 15:50:00,PT5M,25.974,64.836,46.4273,5.5207,0.0
211,212,0,212,27,0.14,86.7,0.8,349,2026-10-09 15:55:00,PT5M,24.443,62.2585,44.3456,4.5404,0.0
200,200,0,200,27,0.14,87.0,0.8,346,2026-10-09 16:00:00,PT5M,23.071,59.764,42.3828,3.7592,0.0
188,189,0,189,27,0.14,87.4,0.8,344,2026-10-09 16:05:00,PT5M,21.728,57.306,40.453,3.003,0.0
177,178,0,178,26,0.14,87.7,0.8,341,2026-10-09 16:10:00,PT5M,20.583,54.673,38.5248,2.6412,0.0
166,166,0,166,26,0.14,88.1,0.8,339,2026-10-09 16:15:00,PT5M,19.568,51.277,36.2567,2.8793,0.0
155,155,0,155,26,0.14,88.4,0.8,336,2026-10-09 16:20:00,PT5M,18.424,47.8195,33.8951,2.9529,0.0
144,144,0,144,26,0.14,88.8,0.8,334,2026-10-09 16:25:00,PT5M,17.222,44.3315,31.4899,2.9541,0.0
133,133,0,133,26,0.14,89.1,0.8,331,2026-10-09 16:30:00,PT5M,15.987,40.8425,29.0686,2.9054,0.0
122,123,0,123,26,0.14,89.5,0.8,329,2026-10-09 16:35:00,PT5M,14.72,37.3375,26.6238,2.8162,0.0
111,112,0,112,26,0.14,89.9,0.8,327,2026-10-09 16:40:00,PT5M,13.424,33.8305,24.1641,2.6839,0.0
101,101,0,101,26,0.14,90.3,0.9,324,2026-10-09 16:45:00,PT5M,12.128,30.3645,21.726,2.53,0.0
91,91,0,91,26,0.14,90.7,0.9,322,2026-10-09 16:50:00,PT5M,10.849,26.9795,19.3386,2.3594,0.0
80,80,0,80,26,0.14,91.1,0.9,320,2026-10-09 16:55:00,PT5M,9.538,23.6675,16.9745,2.1015,0.0
69,70,0,70,26,0.14,91.5,0.9,318,2026-10-09 17:00:00,PT5M,8.286,20.528,14.7291,1.8429,0.0
60,60,0,60,26,0.14,91.9,1.0,316,2026-10-09 17:05:00,PT5M,6.967,17.374,12.4443,1.4897,0.0
50,50,0,50,25,0.14,92.3,1.0,314,2026-10-09 17:10:00,PT5M,5.792,14.43,10.3382,1.2458,0.0
42,42,0,42,25,0.14,92.7,1.0,313,2026-10-09 17:15:00,PT5M,4.733,11.633,8.3645,1.1015,0.0
33,34,0,34,25,0.14,93.1,1.1,311,2026-10-09 17:20:00,PT5M,3.682,8.989,6.4751,0.8889,0.0
26,26,0,26,25,0.14,93.6,1.1,310,2026-10-09 17:25:00,PT5M,2.711,6.6,4.7578,0.6642,0.0
20,20,0,20,25,0.14,94.0,1.1,309,2026-10-09 17:30:00,PT5M,1.903,4.6065,3.3259,0.4801,0.0
14,14,0,14,25,0.14,94.2,1.1,308,2026-10-09 17:35:00,PT5M,1.158,2.7505,1.9961,0.3199,0.0
9,9,0,9,25,0.14,94.3,1.1,308,2026-10-09 17:40:00,PT5M,0.468,1.2825,0.8967,0.0393,0.0
4,4,0,4,25,0.14,94.3,1.1,308,2026-10-09 17:45:00,PT5M,0.0,0.1935,0.1018,0.0,0.0
0,0,0,0,25,0.14,94.4,1.1,308,2026-10-09 17:50:00,PT5M,0.0,0.0,0.0,0.0,0.0
0,0,0,0,25,0.14,94.4,1.1,308,2026-10-09 17:55:00,PT5M,0.0,0.0,0.0,0.0,0.0
0,0,0,0,25,0.14,94.4,1.1,308,2026-10-09 18:00:00,PT5M,0.0,0.0,0.0,0.0,0.0
0,0,0,0,25,0.14,94.5,1.1,308,2026-10-09 18:05:00,PT5M,0.0,0.0,0.0,0.0,0.0
0,0,0,0,25,0.14,94.5,1.1,308,2026-10-09 18:10:00,PT5M,0.0,0.0,0.0,0.0,0.0
0,0,0,0,25,0.14,94.6,1.1,308,2026-10-09 18:15:00,PT5M,0.0,0.0,0.0,0.0,0.0
0,0,0,0,25,0.14,94.6,1.1,308,2026-10-09 18:20:00,PT5M,0.0,0.0,0.0,0.0,0.0
0,0,0,0,25,0.14,94.7,1.1,308,2026-10-09 18:25:00,PT5M,0.0,0.0,0.0,0.0,0.0
0,0,0,0,25,0.14,94.7,1.1,308,2026-10-09 18:30:00,PT5M,0.0,0.0,0.0,0.0,0.0
0,0,0,0,25,0.14,94.8,1.1,308,2026-10-09 18:35:00,PT5M,0.0,0.0,0.0,0.0,0.0
0,0,0,0,25,0.14,94.8,1.1,308,2026-10-09 18:40:00,PT5M,0.0,0.0,0.0,0.0,0.0
0,0,0,0,25,0.14,94.9,1.1,308,2026-10-09 18:45:00,PT5M,0.0,0.0,0.0,0.0,0.0
0,0,0,0,25,0.14,94.9,1.1,308,2026-10-09 18:50:00,PT5M,0.0,0.0,0.0,0.0,0.0
0,0,0,0,25,0.14,95.0,1.1,308,2026-10-09 18:55:00,PT5M,0.0,0.0,0.0,0.0,0.0
0,0,0,0,25,0.14,95.0,1.1,308,2026-10-09 19:00:00,PT5M,0.0,0.0,0.0,0.0,0.0
0,0,0,0,25,0.14,95.1,1.1,308,2026-10-09 19:05:00,PT5M,0.0,0.0,0.0,0.0,0.0
0,0,0,0,25,0.14,95.1,1.1,308,2026-10-09 19:10:00,PT5M,0.0,0.0,0.0,0.0,0.0
0,0,0,0,25,0.14,95.1,1.1,308,2026-10-09 19:15:00,PT5M,0.0,0.0,0.0,0.0,0.0
0,0,0,0,25,0.14,95.2,1.1,308,2026-10-09 19:20:00,PT5M,0.0,0.0,0.0,0.0,0.0
0,0,0,0,24,0.14,95.2,1.1,308,2026-10-09 19:25:00,PT5M,0.0,0.0,0.0,0.0,0.0
0,0,0,0,24,0.14,95.3,1.1,308,2026-10-09 19:30:00,PT5M,0.0,0.0,0.0,0.0,0.0
0,0,0,0,24,0.14,95.3,1.1,308,2026-10-09 19:35:00,PT5M,0.0,0.0,0.0,0.0,0.0
0,0,0,0,24,0.14,95.4,1.1,308,2026-10-09 19:40:00,PT5M,0.0,0.0,0.0,0.0,0.0
0,0,0,0,24,0.14,95.4,1.1,308,2026-10-09 19:45:00,PT5M,0.0,0.0,0.0,0.0,0.0
0,0,0,0,24,0.14,95.5,1.1,308,2026-10-09 19:50:00,PT5M,0.0,0.0,0.0,0.0,0.0
0,0,0,0,24,0.14,95.5,1.1,308,2026-10-09 19:55:00,PT5M,0.0,0.0,0.0,0.0,0.0
0,0,0,0,24,0.14,95.6,1.1,308,2026-10-09 20:00:00,PT5M,0.0,0.0,0.0,0.0,0.0
0,0,0,0,24,0.14,95.6,1.1,308,2026-10-09 20:05:00,PT5M,0.0,0.0,0.0,0.0,0.0
0,0,0,0,24,0.14,95.7,1.1,308,2026-10-09 20:10:00,PT5M,0.0,0.0,0.0,0.0,0.0
0,0,0,0,24,0.14,95.7,1.1,308,2026-10-09 20:15:00,PT5M,0.0,0.0,0.0,0.0,0.0
0,0,0,0,24,0.14,95.8,1.1,308,2026-10-09 20:20:00,PT5M,0.0,0.0,0.0,0.0,0.0
0,0,0,0,24,0.14,95.8,1.1,308,2026-10-09 20:25:00,PT5M,0.0,0.0,0.0,0.0,0.0
0,0,0,0,24,0.14,95.9,1.1,308,2026-10-09 20:30:00,PT5M,0.0,0.0,0.0,0.0,0.0
0,0,0,0,24,0.14,95.9,1.1,308,2026-10-09 20:35:00,PT5M,0.0,0.0,0.0,0.0,0.0
0,0,0,0,24,0.14,95.9,1.1,308,2026-10-09 20:40:00,PT5M,0.0,0.0,0.0,0.0,0.0
0,0,0,0,24,0.14,96.0,1.1,308,2026-10-09 20:45:00,PT5M,0.0,0.0,0.0,0.0,0.0
0,0,0,0,24,0.14,96.0,1.1,308,2026-10-09 20:50:00,PT5M,0.0,0.0,0.0,0.0,0.0
0,0,0,0,24,0.14,96.1,1.1,308,2026-10-09 20:55:00,PT5M,0.0,0.0,0.0,0.0,0.0
0,0,0,0,24,0.14,96.1,1.1,308,2026-10-09 21:00:00,PT5M,0.0,0.0,0.0,0.0,0.0
0,0,0,0,24,0.14,96.2,1.1,308,2026-10-09 21:05:00,PT5M,0.0,0.0,0.0,0.0,0.0
0,0,0,0,24,0.14,96.2,1.1,308,2026-10-09 21:10:00,PT5M,0.0,0.0,0.0,0.0,0.0
0,0,0,0,24,0.14,96.3,1.1,308,2026-10-09 21:15:00,PT5M,0.0,0.0,0.0,0.0,0.0
0,0,0,0,24,0.14,96.3,1.1,308,2026-10-09 21:20:00,PT5M,0.0,0.0,0.0,0.0,0.0
0,0,0,0,24,0.14,96.4,1.1,308,2026-10-09 21:25:00,PT5M,0.0,0.0,0.0,0.0,0.0
0,0,0,0,24,0.14,96.4,1.1,308,2026-10-09 21:30:00,PT5M,0.0,0.0,0.0,0.0,0.0
0,0,0,0,24,0.14,96.4,1.1,308,2026-10-09 21:35:00,PT5M,0.0,0.0,0.0,0.0,0.0
0,0,0,0,24,0.14,96.4,1.1,307,2026-10-09 21:40:00,PT5M,0.0,0.0,0.0,0.0,0.0
0,0,0,0,24,0.14,96.4,1.1,307,2026-10-09 21:45:00,PT5M,0.0,0.0,0.0,0.0,0.0
0,0,0,0,24,0.14,96.4,1.1,307,2026-10-09 21:50:00,PT5M,0.0,0.0,0.0,0.0,0.0
0,0,0,0,24,0.14,96.4,1.1,306,2026-10-09 21:55:00,PT5M,0.0,0.0,0.0,0.0,0.0
0,0,0,0,24,0.14,96.4,1.1,306,2026-10-09 22:00:00,PT5M,0.0,0.0,0.0,0.0,0.0
0,0,0,0,24,0.14,96.4,1.1,306,2026-10-09 22:05:00,PT5M,0.0,0.0,0.0,0.0,0.0
0,0,0,0,24,0.14,96.4,1.1,305,2026-10-09 22:10:00,PT5M,0.0,0.0,0.0,0.0,0.0
0,0,0,0,24,0.14,96.4,1.1,305,2026-10-09 22:15:00,PT5M,0.0,0.0,0.0,0.0,0.0
0,0,0,0,24,0.14,96.4,1.1,305,2026-10-09 22:20:00,PT5M,0.0,0.0,0.0,0.0,0.0
0,0,0,0,24,0.14,96.4,1.1,304,2026-10-09 22:25:00,PT5M,0.0,0.0,0.0,0.0,0.0
0,0,0,0,24,0.14,96.4,1.1,304,2026-10-09 22:30:00,PT5M,0.0,0.0,0.0,0.0,0.0
0,0,0,0,24,0.14,96.5,1.1,304,2026-10-09 22:35:00,PT5M,0.0,0.0,0.0,0.0,0.0
0,0,0,0,24,0.14,96.6,1.1,303,2026-10-09 22:40:00,PT5M,0.0,0.0,0.0,0.0,0.0
0,0,0,0,24,0.14,96.7,1.1,303,2026-10-09 22:45:00,PT5M,0.0,0.0,0.0,0.0,0.0
0,0,0,0,24,0.14,96.8,1.1,303,2026-10-09 22:50:00,PT5M,0.0,0.0,0.0,0.0,0.0
0,0,0,0,24,0.14,96.9,1.1,303,2026-10-09 22:55:00,PT5M,0.0,0.0,0.0,0.0,0.0
0,0,0,0,24,0.14,97.0,1.1,302,2026-10-09 23:00:00,PT5M,0.0,0.0,0.0,0.0,0.0
0,0,0,0,23,0.14,97.1,1.1,302,2026-10-09 23:05:00,PT5M,0.0,0.0,0.0,0.0,0.0
0,0,0,0,23,0.14,97.2,1.1,302,2026-10-09 23:10:00,PT5M,0.0,0.0,0.0,0.0,0.0
0,0,0,0,23,0.14,97.3,1.1,302,2026-10-09 23:15:00,PT5M,0.0,0.0,0.0,0.0,0.0
0,0,0,0,23,0.14,97.4,1.1,301,2026-10-09 23:20:00,PT5M,0.0,0.0,0.0,0.0,0.0
0,0,0,0,23,0.14,97.5,1.2,301,2026-10-09 23:25:00,PT5M,0.0,0.0,0.0,0.0,0.0
0,0,0,0,23,0.14,97.6,1.2,301,2026-10-09 23:30:00,PT5M,0.0,0.0,0.0,0.0,0.0
0,0,0,0,23,0.14,97.6,1.2,301,2026-10-09 23:35:00,PT5M,0.0,0.0,0.0,0.0,0.0
0,0,0,0,23,0.14,97.6,1.2,301,2026-10-09 23:40:00,PT5M,0.0,0.0,0.0,0.0,0.0
0,0,0,0,23,0.14,97.6,1.1,301,2026-10-09 23:45:00,PT5M,0.0,0.0,0.0,0.0,0.0
0,0,0,0,23,0.14,97.6,1.1,302,2026-10-09 23:50:00,PT5M,0.0,0.0,0.0,0.0,0.0
0,0,0,0,23,0.14,97.6,1.1,302,2026-10-09 23:55:00,PT5M,0.0,0.0,0.0,0.0,0.0
0,0,0,0,23,0.14,97.6,1.1,302,2026-10-10 00:00:00,PT5M,0.0,0.0,0.0,0.0,0.0
0,0,0,0,23,0.14,97.6,1.1,302,2026-10-10 00:05:00,PT5M,0.0,0.0,0.0,0.0,0.0
0,0,0,0,23,0.14,97.6,1.1,303,2026-10-10 00:10:00,PT5M,0.0,0.0,0.0,0.0,0.0
0,0,0,0,23,0.14,97.6,1.1,303,2026-10-10 00:15:00,PT5M,0.0,0.0,0.0,0.0,0.0
0,0,0,0,23,0.14,97.6,1.1,303,2026-10-10 00:20:00,PT5M,0.0,0.0,0.0,0.0,0.0
0,0,0,0,23,0.14,97.6,1.1,303,2026-10-10 00:25:00,PT5M,0.0,0.0,0.0,0.0,0.0
0,0,0,0,23,0.14,97.6,1.1,304,2026-10-10 00:30:00,PT5M,0.0,0.0,0.0,0.0,0.0
0,0,0,0,23,0.14,97.6,1.1,304,2026-10-10 00:35:00,PT5M,0.0,0.0,0.0,0.0,0.0
0,0,0,0,23,0.14,97.6,1.1,304,2026-10-10 00:40:00,PT5M,0.0,0.0,0.0,0.0,0.0
0,0,0,0,23,0.14,97.6,1.1,304,2026-10-10 00:45:00,PT5M,0.0,0.0,0.0,0.0,0.0
0,0,0,0,23,0.14,97.6,1.1,304,2026-10-10 00:50:00,PT5M,0.0,0.0,0.0,0.0,0.0
0,0,0,0,23,0.14,97.6,1.1,304,2026-10-10 00:55:00,PT5M,0.0,0.0,0.0,0.0,0.0
0,0,0,0,23,0.14,97.6,1.1,304,2026-10-10 01:00:00,PT5M,0.0,0.0,0.0,0.0,0.0
0,0,0,0,23,0.14,97.6,1.1,304,2026-10-10 01:05:00,PT5M,0.0,0.0,0.0,0.0,0.0
0,0,0,0,23,0.14,97.6,1.1,304,2026-10-10 01:10:00,PT5M,0.0,0.0,0.0,0.0,0.0
0,0,0,0,23,0.14,97.6,1.1,304,2026-10-10 01:15:00,PT5M,0.0,0.0,0.0,0.0,0.0
0,0,0,0,23,0.14,97.6,1.1,304,2026-10-10 01:20:00,PT5M,0.0,0.0,0.0,0.0,0.0
0,0,0,0,23,0.14,97.6,1.1,304,2026-10-10 01:25:00,PT5M,0.0,0.0,0.0,0.0,0.0
0,0,0,0,23,0.14,97.6,1.1,304,2026-10-10 01:30:00,PT5M,0.0,0.0,0.0,0.0,0.0
0,0,0,0,23,0.14,97.6,1.1,304,2026-10-10 01:35:00,PT5M,0.0,0.0,0.0,0.0,0.0
0,0,0,0,23,0.14,97.6,1.1,304,2026-10-10 01:40:00,PT5M,0.0,0.0,0.0,0.0,0.0
0,0,0,0,23,0.14,97.6,1.1,304,2026-10-10 01:45:00,PT5M,0.0,0.0,0.0,0.0,0.0
0,0,0,0,23,0.14,97.6,1.1,304,2026-10-10 01:50:00,PT5M,0.0,0.0,0.0,0.0,0.0
0,0,0,0,23,0.14,97.6,1.1,304,2026-10-10 01:55:00,PT5M,0.0,0.0,0.0,0.0,0.0
0,0,0,0,23,0.14,97.6,1.1,304,2026-10-10 02:00:00,PT5M,0.0,0.0,0.0,0.0,0.0
0,0,0,0,23,0.14,97.6,1.1,304,2026-10-10 02:05:00,PT5M,0.0,0.0,0.0,0.0,0.0
0,0,0,0,23,0.14,97.6,1.1,304,2026-10-10 02:10:00,PT5M,0.0,0.0,0.0,0.0,0.0
0,0,0,0,23,0.14,97.6,1.1,304,2026-10-10 02:15:00,PT5M,0.0,0.0,0.0,0.0,0.0
0,0,0,0,23,0.14,97.6,1.1,304,2026-10-10 02:20:00,PT5M,0.0,0.0,0.0,0.0,0.0
0,0,0,0,23,0.14,97.6,1.1,304,2026-10-10 02:25:00,PT5M,0.0,0.0,0.0,0.0,0.0
0,0,0,0,23,0.14,97.6,1.1,304,2026-10-10 02:30:00,PT5M,0.0,0.0,0.0,0.0,0.0
0,0,0,0,23,0.14,97.6,1.1,304,2026-10-10 02:35:00,PT5M,0.0,0.0,0.0,0.0,0.0
0,0,0,0,23,0.14,97.6,1.1,304,2026-10-10 02:40:00,PT5M,0.0,0.0,0.0,0.0,0.0
0,0,0,0,23,0.14,97.6,1.1,304,2026-10-10 02:45:00,PT5M,0.0,0.0,0.0,0.0,0.0
0,0,0,0,23,0.14,97.6,1.1,304,2026-10-10 02:50:00,PT5M,0.0,0.0,0.0,0.0,0.0
0,0,0,0,23,0.14,97.6,1.1,304,2026-10-10 02:55:00,PT5M,0.0,0.0,0.0,0.0,0.0
0,0,0,0,23,0.14,97.6,1.1,304,2026-10-10 03:00:00,PT5M,0.0,0.0,0.0,0.0,0.0
0,0,0,0,23,0.14,97.6,1.1,304,2026-10-10 03:05:00,PT5M,0.0,0.0,0.0,0.0,0.0
0,0,0,0,23,0.14,97.6,1.1,304,2026-10-10 03:10:00,PT5M,0.0,0.0,0.0,0.0,0.0
0,0,0,0,23,0.14,97.6,1.1,304,2026-10-10 03:15:00,PT5M,0.0,0.0,0.0,0.0,0.0
0,0,0,0,23,0.14,97.6,1.1,304,2026-10-10 03:20:00,PT5M,0.0,0.0,0.0,0.0,0.0
0,0,0,0,23,0.14,97.6,1.1,304,2026-10-10 03:25:00,PT5M,0.0,0.0,0.0,0.0,0.0
0,0,0,0,23,0.14,97.6,1.1,304,2026-10-10 03:30:00,PT5M,0.0,0.0,0.0,0.0,0.0
0,0,0,0,23,0.14,97.6,1.1,304,2026-10-10 03:35:00,PT5M,0.0,0.0,0.0,0.0,0.0
0,0,0,0,23,0.14,97.6,1.1,304,2026-10-10 03:40:00,PT5M,0.0,0.0,0.0,0.0,0.0
0,0,0,0,23,0.14,97.6,1.1,303,2026-10-10 03:45:00,PT5M,0.0,0.0,0.0,0.0,0.0
0,0,0,0,23,0.14,97.6,1.0,303,2026-10-10 03:50:00,PT5M,0.0,0.0,0.0,0.0,0.0
0,0,0,0,23,0.14,97.6,1.0,303,2026-10-10 03:55:00,PT5M,0.0,0.0,0.0,0.0,0.0
0,0,0,0,23,0.14,97.6,1.0,303,2026-10-10 04:00:00,PT5M,0.0,0.0,0.0,0.0,0.0
0,0,0,0,23,0.14,97.6,1.0,303,2026-10-10 04:05:00,PT5M,0.0,0.0,0.0,0.0,0.0
0,0,0,0,23,0.14,97.6,1.0,303,2026-10-10 04:10:00,PT5M,0.0,0.0,0.0,0.0,0.0
0,0,0,0,23,0.14,97.6,1.0,303,2026-10-10 04:15:00,PT5M,0.0,0.0,0.0,0.0,0.0
0,0,0,0,23,0.14,97.6,1.0,302,2026-10-10 04:20:00,PT5M,0.0,0.0,0.0,0.0,0.0
0,0,0,0,23,0.14,97.6,1.0,302,2026-10-10 04:25:00,PT5M,0.0,0.0,0.0,0.0,0.0
0,0,0,0,23,0.14,97.6,0.9,302,2026-10-10 04:30:00,PT5M,0.0,0.0,0.0,0.0,0.0
0,0,0,0,23,0.14,97.6,0.9,302,2026-10-10 04:35:00,PT5M,0.0,0.0,0.0,0.0,0.0
0,0,0,0,23,0.14,97.6,0.9,302,2026-10-10 04:40:00,PT5M,0.0,0.0,0.0,0.0,0.0
0,0,0,0,23,0.14,97.6,0.9,302,2026-10-10 04:45:00,PT5M,0.0,0.0,0.0,0.0,0.0
0,0,0,0,23,0.14,97.6,0.9,302,2026-10-10 04:50:00,PT5M,0.0,0.0,0.0,0.0,0.0
0,0,0,0,23,0.14,97.6,0.9,302,2026-10-10 04:55:00,PT5M,0.0,0.0,0.0,0.0,0.0
0,0,0,0,23,0.14,97.6,0.9,302,2026-10-10 05:00:00,PT5M,0.0,0.0,0.0,0.0,0.0
0,0,0,0,23,0.14,97.6,0.9,302,2026-10-10 05:05:00,PT5M,0.0,0.0,0.0,0.0,0.0
0,0,0,0,23,0.14,97.6,0.9,302,2026-10-10 05:10:00,PT5M,0.0,0.0,0.0,0.0,0.0
0,0,0,0,23,0.14,97.6,0.9,302,2026-10-10 05:15:00,PT5M,0.0,0.0,0.0,0.0,0.0
0,0,0,0,23,0.14,97.6,0.9,302,2026-10-10 05:20:00,PT5M,0.0,0.0,0.0,0.0,0.0
0,0,0,0,23,0.14,97.6,0.9,302,2026-10-10 05:25:00,PT5M,0.0,0.0,0.0,0.0,0.0
0,0,0,0,23,0.14,97.6,0.9,302,2026-10-10 05:30:00,PT5M,0.0,0.0,0.0,0.0,0.0
0,0,0,0,23,0.14,97.2,0.9,301,2026-10-10 05:35:00,PT5M,0.0,0.0,0.0,0.0,0.0
0,0,0,0,23,0.14,96.5,0.9,298,2026-10-10 05:40:00,PT5M,0.0,0.0,0.0,0.0,0.0
0,0,0,0,23,0.14,95.8,0.9,296,2026-10-10 05:45:00,PT5M,0.0,0.0,0.0,0.0,0.0
0,0,0,0,23,0.14,95.0,0.9,293,2026-10-10 05:50:00,PT5M,0.0,0.0,0.0,0.0,0.0
0,0,0,0,23,0.14,94.3,0.9,290,2026-10-10 05:55:00,PT5M,0.0,0.0,0.0,0.0,0.0
4,4,0,4,23,0.14,93.6,0.9,288,2026-10-10 06:00:00,PT5M,0.0,0.0,0.0,0.0,0.0
10,11,0,11,23,0.14,92.9,0.9,285,2026-10-10 06:05:00,PT5M,0.742,1.3505,1.0623,0.4217,0.1335
19,19,0,19,24,0.14,92.2,0.9,283,2026-10-10 06:10:00,PT5M,1.887,3.279,2.6196,1.1544,0.495
29,29,0,29,24,0.14,91.5,1.0,280,2026-10-10 06:15:00,PT5M,3.227,5.5895,4.4704,1.9836,0.8645
42,41,16,40,24,0.14,90.8,1.0,278,2026-10-10 06:20:00,PT5M,4.984,8.545,6.8582,3.1098,1.423
57,56,65,48,24,0.14,90.2,1.0,275,2026-10-10 06:25:00,PT5M,7.792,12.6705,10.3596,5.2244,2.9135
74,72,125,54,24,0.14,89.5,1.0,273,2026-10-10 06:30:00,PT5M,11.654,18.0015,14.9947,8.3133,5.3065
92,89,176,60,24,0.14,88.8,1.0,271,2026-10-10 06:35:00,PT5M,15.681,23.624,19.8615,11.5005,7.738
110,106,211,67,25,0.14,88.2,1.0,269,2026-10-10 06:40:00,PT5M,19.426,29.0565,24.4946,14.3574,9.7955
128,124,245,73,25,0.14,87.5,1.0,266,2026-10-10 06:45:00,PT5M,23.412,34.7235,29.3653,17.4587,12.1005
147,142,277,78,25,0.14,86.9,1.1,264,2026-10-10 06:50:00,PT5M,27.616,40.6305,34.4656,20.7664,14.6015
166,161,309,83,25,0.14,86.2,1.1,262,2026-10-10 06:55:00,PT5M,31.979,46.771,39.7641,24.1939,17.187
185,179,335,89,25,0.14,85.6,1.1,261,2026-10-10 07:00:00,PT5M,36.317,52.99,45.0921,27.5419,19.644
204,198,355,94,25,0.14,84.9,1.1,259,2026-10-10 07:05:00,PT5M,40.659,59.321,50.4809,30.8371,21.997
224,217,376,100,25,0.14,84.3,1.2,257,2026-10-10 07:10:00,PT5M,45.161,65.8905,56.0711,34.2509,24.4315
243,236,396,105,26,0.14,83.7,1.2,255,2026-10-10 07:15:00,PT5M,49.708,72.531,61.7199,37.6961,26.885
263,255,414,109,26,0.14,83.1,1.2,254,2026-10-10 07:20:00,PT5M,54.259,79.2385,67.4059,41.1121,29.2795
282,274,431,114,26,0.14,82.5,1.2,252,2026-10-10 07:25:00,PT5M,58.813,85.9105,73.0746,44.5514,31.7155
302,293,446,118,26,0.14,81.9,1.3,251,2026-10-10 07:30:00,PT5M,63.372,92.602,78.756,47.988,34.142
321,313,461,123,26,0.14,81.3,1.3,249,2026-10-10 07:35:00,PT5M,67.96,99.357,84.4845,51.4355,36.563
341,332,476,127,26,0.14,80.7,1.3,248,2026-10-10 07:40:00,PT5M,72.237,100.0,89.8141,54.6599,38.84
360,351,490,131,26,0.14,80.1,1.4,247,2026-10-10 07:45:00,PT5M,74.45,100.0,92.3823,56.5177,40.378
379,370,503,134,27,0.14,79.5,1.4,246,2026-10-10 07:50:00,PT5M,76.556,100.0,94.8149,58.2971,41.8635
399,389,516,138,27,0.14,78.9,1.4,244,2026-10-10 07:55:00,PT5M,78.55,100.0,97.1052,59.9948,43.2945
418,408,527,141,27,0.14,78.3,1.4,243,2026-10-10 08:00:00,PT5M,80.419,100.0,99.2374,61.6006,44.6635
437,427,538,144,27,0.14,77.8,1.5,242,2026-10-10 08:05:00,PT5M,82.121,100.0,100.0,63.085,45.952
455,445,548,148,27,0.14,77.2,1.5,241,2026-10-10 08:10:00,PT5M,83.715,100.0,100.0,64.5103,47.2255
474,463,558,151,27,0.14,76.6,1.5,240,2026-10-10 08:15:00,PT5M,85.08,100.0,100.0,65.7524,48.357
492,481,566,154,27,0.14,76.1,1.6,239,2026-10-10 08:20:00,PT5M,86.276,100.0,100.0,66.8805,49.424
510,499,574,157,28,0.14,75.5,1.6,239,2026-10-10 08:25:00,PT5M,87.335,100.0,100.0,67.9064,50.42
527,516,582,160,28,0.14,75.0,1.6,238,2026-10-10 08:30:00,PT5M,88.315,100.0,100.0,68.8743,51.377
545,533,589,163,28,0.14,74.3,1.7,238,2026-10-10 08:35:00,PT5M,89.228,100.0,100.0,69.792,52.299
562,550,596,166,28,0.14,73.6,1.7,238,2026-10-10 08:40:00,PT5M,90.081,100.0,100.0,70.6634,53.187
579,566,602,169,28,0.14,72.8,1.6,239,2026-10-10 08:45:00,PT5M,90.882,100.0,100.0,71.4923,54.041
595,583,608,172,28,0.14,72.1,1.6,240,2026-10-10 08:50:00,PT5M,91.638,100.0,100.0,72.2865,54.8695
611,599,614,174,28,0.14,71.3,1.6,240,2026-10-10 08:55:00,PT5M,92.352,100.0,100.0,73.0199,55.6205
627,614,619,177,29,0.14,70.6,1.6,241,2026-10-10 09:00:00,PT5M,93.028,100.0,100.0,73.7538,56.4065
643,630,626,179,29,0.14,69.9,1.6,242,2026-10-10 09:05:00,PT5M,93.765,100.0,100.0,74.6008,57.3525
659,646,632,181,29,0.14,69.2,1.6,243,2026-10-10 09:10:00,PT5M,94.457,100.0,100.0,75.5113,58.4595
674,661,638,183,29,0.14,68.5,1.6,243,2026-10-10 09:15:00,PT5M,95.116,100.0,100.0,76.3866,59.5295
689,676,644,185,29,0.14,67.8,1.6,244,2026-10-10 09:20:00,PT5M,95.744,100.0,100.0,77.229,60.565
704,690,649,187,29,0.14,67.1,1.6,245,2026-10-10 09:25:00,PT5M,96.342,100.0,100.0,78.0389,61.5655
718,704,655,188,30,0.14,66.4,1.6,246,2026-10-10 09:30:00,PT5M,96.912,100.0,100.0,78.8183,62.5335
733,719,661,189,30,0.14,65.8,1.6,247,2026-10-10 09:35:00,PT5M,97.524,100.0,100.0,79.6461,63.5555
747,733,669,190,30,0.14,65.1,1.6,247,2026-10-10 09:40:00,PT5M,98.176,100.0,100.0,80.5208,64.6305
761,747,675,190,30,0.14,64.4,1.6,248,2026-10-10 09:45:00,PT5M,98.774,100.0,100.0,81.3369,65.643
775,760,681,191,30,0.14,63.8,1.5,249,2026-10-10 09:50:00,PT5M,99.314,100.0,100.0,82.0901,66.588
788,773,687,191,30,0.14,63.1,1.5,250,2026-10-10 09:55:00,PT5M,99.831,100.0,100.0,82.8158,67.5015
800,785,693,191,30,0.14,62.5,1.5,251,2026-10-10 10:00:00,PT5M,100.0,100.0,100.0,83.1884,68.0575
813,798,699,191,31,0.14,61.9,1.5,251,2026-10-10 10:05:00,PT5M,100.0,100.0,100.0,83.3895,68.4395
825,809,705,191,31,0.14,61.3,1.5,252,2026-10-10 10:10:00,PT5M,100.0,100.0,100.0,83.5879,68.8165
836,821,711,191,31,0.14,60.6,1.5,253,2026-10-10 10:15:00,PT5M,100.0,100.0,100.0,83.7824,69.186
847,832,717,190,31,0.14,60.0,1.5,254,2026-10-10 10:20:00,PT5M,100.0,100.0,100.0,83.9732,69.5485
858,842,723,189,31,0.14,59.4,1.5,255,2026-10-10 10:25:00,PT5M,100.0,100.0,100.0,84.1605,69.9045
868,852,729,188,31,0.14,58.8,1.5,256,2026-10-10 10:30:00,PT5M,100.0,100.0,100.0,84.3447,70.2545
903,886,795,156,31,0.14,58.2,1.5,256,2026-10-10 10:35:00,PT5M,100.0,100.0,100.0,84.5145,70.577
911,894,797,157,32,0.14,57.7,1.5,257,2026-10-10 10:40:00,PT5M,100.0,100.0,100.0,84.6681,70.869
919,901,799,157,32,0.14,57.1,1.5,258,2026-10-10 10:45:00,PT5M,100.0,100.0,100.0,84.815,71.148
926,908,801,158,32,0.14,56.5,1.5,259,2026-10-10 10:50:00,PT5M,100.0,100.0,100.0,84.9531,71.4105
932,915,802,158,32,0.14,56.0,1.5,260,2026-10-10 10:55:00,PT5M,100.0,100.0,100.0,85.0668,71.6265
938,921,804,159,32,0.14,55.4,1.5,261,2026-10-10 11:00:00,PT5M,100.0,100.0,100.0,85.1905,71.8615
944,926,805,159,32,0.14,54.9,1.5,261,2026-10-10 11:05:00,PT5M,100.0,100.0,100.0,85.3195,72.1065
949,931,806,159,33,0.14,54.3,1.5,262,2026-10-10 11:10:00,PT5M,100.0,100.0,100.0,85.4376,72.331
953,936,807,159,33,0.14,53.8,1.5,263,2026-10-10 11:15:00,PT5M,100.0,100.0,100.0,85.5416,72.5285
957,940,808,160,33,0.14,53.2,1.5,264,2026-10-10 11:20:00,PT5M,100.0,100.0,100.0,85.6387,72.713
961,943,809,160,33,0.14,52.7,1.5,265,2026-10-10 11:25:00,PT5M,100.0,100.0,100.0,85.7284,72.8835
963,946,810,160,33,0.14,52.2,1.5,266,2026-10-10 11:30:00,PT5M,100.0,100.0,100.0,85.8118,73.042
937,920,745,196,33,0.14,52.1,1.5,265,2026-10-10 11:35:00,PT5M,100.0,100.0,100.0,85.7468,72.9185
928,911,721,209,33,0.14,52.4,1.4,261,2026-10-10 11:40:00,PT5M,100.0,100.0,100.0,85.5334,72.513
918,902,698,222,33,0.14,52.8,1.3,258,2026-10-10 11:45:00,PT5M,100.0,100.0,100.0,85.3129,72.094
908,892,675,234,33,0.14,53.1,1.2,254,2026-10-10 11:50:00,PT5M,100.0,100.0,100.0,85.0858,71.6625
897,882,652,246,33,0.14,53.4,1.2,249,2026-10-10 11:55:00,PT5M,99.664,100.0,100.0,84.5164,70.883
886,871,630,257,33,0.14,53.8,1.1,244,2026-10-10 12:00:00,PT5M,98.686,100.0,100.0,83.2994,69.451
874,860,608,268,33,0.14,54.1,1.0,238,2026-10-10 12:05:00,PT5M,97.686,100.0,100.0,82.0552,67.987
862,848,586,278,33,0.14,54.4,1.0,232,2026-10-10 12:10:00,PT5M,96.661,100.0,100.0,80.7815,66.4895
850,836,565,288,32,0.14,54.8,1.0,225,2026-10-10 12:15:00,PT5M,95.609,100.0,100.0,79.4766,64.957
837,824,543,298,32,0.14,55.1,1.0,218,2026-10-10 12:20:00,PT5M,94.585,100.0,100.0,78.1961,63.4455
823,811,522,307,32,0.14,55.5,1.0,212,2026-10-10 12:25:00,PT5M,93.483,100.0,100.0,76.8349,61.851
810,798,502,315,32,0.14,55.8,1.0,205,2026-10-10 12:30:00,PT5M,92.351,100.0,100.0,75.4418,60.223
796,784,482,323,32,0.14,56.2,1.0,198,2026-10-10 12:35:00,PT5M,91.187,100.0,100.0,74.0139,58.5575
781,771,462,330,32,0.14,56.6,1.1,192,2026-10-10 12:40:00,PT5M,89.989,100.0,100.0,72.5485,56.8515
767,757,442,336,32,0.14,56.9,1.1,187,2026-10-10 12:45:00,PT5M,88.745,100.0,100.0,71.0282,55.0825
752,742,423,342,32,0.14,57.3,1.2,182,2026-10-10 12:50:00,PT5M,87.472,100.0,100.0,69.4826,53.2915
737,728,404,348,32,0.14,57.7,1.2,177,2026-10-10 12:55:00,PT5M,86.186,100.0,100.0,67.9371,51.5125
722,713,386,352,32,0.14,58.0,1.3,173,2026-10-10 13:00:00,PT5M,84.858,100.0,100.0,66.3462,49.685
706,698,368,356,31,0.14,58.4,1.4,170,2026-10-10 13:05:00,PT5M,83.476,100.0,100.0,64.6937,47.789
691,683,350,360,31,0.14,58.8,1.5,167,2026-10-10 13:10:00,PT5M,81.995,100.0,100.0,62.9416,45.793
675,667,333,363,31,0.14,59.1,1.6,164,2026-10-10 13:15:00,PT5M,80.526,100.0,99.8494,61.2026,43.811
659,652,316,365,31,0.14,59.5,1.7,162,2026-10-10 13:20:00,PT5M,79.019,100.0,98.61,59.428,41.7955
643,636,300,367,31,0.14,59.9,1.8,159,2026-10-10 13:25:00,PT5M,77.478,100.0,97.3332,57.6228,39.7525
627,620,284,368,31,0.14,60.3,1.9,157,2026-10-10 13:30:00,PT5M,75.899,100.0,96.0155,55.7825,37.677
610,605,268,369,31,0.14,60.7,2.0,156,2026-10-10 13:35:00,PT5M,74.281,100.0,94.6559,53.9061,35.568
594,589,253,369,31,0.14,61.1,2.1,154,2026-10-10 13:40:00,PT5M,72.624,100.0,93.2545,51.9935,33.4255
578,573,238,368,31,0.14,61.5,2.2,153,2026-10-10 13:45:00,PT5M,70.926,100.0,91.8086,50.0434,31.2485
561,557,223,367,31,0.14,61.8,2.3,151,2026-10-10 13:50:00,PT5M,69.189,100.0,90.3205,48.0575,29.0385
545,541,209,365,30,0.14,62.2,2.4,150,2026-10-10 13:55:00,PT5M,67.392,100.0,88.769,46.015,26.775
529,525,195,363,30,0.14,62.6,2.5,149,2026-10-10 14:00:00,PT5M,65.575,100.0,87.1949,43.9551,24.4965
512,509,181,361,30,0.14,63.1,2.6,148,2026-10-10 14:05:00,PT5M,63.713,100.0,85.5721,41.8539,22.18
496,492,168,357,30,0.14,63.5,2.7,147,2026-10-10 14:10:00,PT5M,61.785,100.0,83.8799,39.6901,19.804
479,476,155,354,30,0.14,63.9,2.8,146,2026-10-10 14:15:00,PT5M,59.824,100.0,82.1494,37.4986,17.405
463,460,142,350,30,0.14,64.3,2.9,146,2026-10-10 14:20:00,PT5M,57.832,100.0,80.3829,35.2811,14.9845
446,444,129,345,30,0.14,64.7,3.1,145,2026-10-10 14:25:00,PT5M,55.81,99.091,78.5891,33.0309,12.529
430,428,117,340,30,0.14,65.1,3.2,144,2026-10-10 14:30:00,PT5M,53.761,97.473,76.7669,30.7551,10.049
416,414,109,334,30,0.14,65.5,3.2,144,2026-10-10 14:35:00,PT5M,52.268,96.314,75.4497,29.0863,8.222
405,403,104,328,30,0.14,65.9,3.1,145,2026-10-10 14:40:00,PT5M,50.968,94.9935,74.1389,27.7971,6.9425
393,392,99,321,30,0.14,66.3,3.1,145,2026-10-10 14:45:00,PT5M,49.635,93.552,72.7488,26.5212,5.718
382,381,95,315,30,0.14,66.7,3.0,146,2026-10-10 14:50:00,PT5M,48.323,92.1525,71.3908,25.2552,4.4935
371,369,90,308,29,0.14,67.1,2.9,146,2026-10-10 14:55:00,PT5M,46.996,90.7115,70.0038,23.9882,3.2805
359,358,86,301,29,0.14,67.5,2.9,147,2026-10-10 15:00:00,PT5M,45.633,89.2125,68.5692,22.6968,2.0535
348,346,81,294,29,0.14,67.9,2.8,147,2026-10-10 15:05:00,PT5M,44.219,87.6275,67.0652,21.3728,0.8105
336,335,77,286,29,0.14,68.3,2.7,148,2026-10-10 15:10:00,PT5M,42.744,85.9445,65.4807,20.0073,0.0
324,323,71,279,29,0.14,68.8,2.7,149,2026-10-10 15:15:00,PT5M,41.217,84.178,63.8277,18.6063,0.0
312,311,66,271,29,0.14,69.2,2.6,149,2026-10-10 15:20:00,PT5M,39.647,82.331,62.1119,17.1821,0.0
300,299,61,264,29,0.14,69.6,2.5,150,2026-10-10 15:25:00,PT5M,38.032,80.3935,60.3272,15.7368,0.0
288,287,56,256,29,0.14,70.0,2.5,151,2026-10-10 15:30:00,PT5M,36.365,78.3515,58.4628,14.2672,0.0
275,275,50,247,29,0.14,70.4,2.4,152,2026-10-10 15:35:00,PT5M,34.709,76.2155,56.5542,12.8638,0.0
263,263,44,239,29,0.14,70.9,2.3,153,2026-10-10 15:40:00,PT5M,33.011,73.9455,54.5551,11.4669,0.0
251,250,38,231,29,0.14,71.3,2.3,154,2026-10-10 15:45:00,PT5M,31.267,71.5405,52.4632,10.0708,0.0
238,238,32,222,29,0.14,71.7,2.2,154,2026-10-10 15:50:00,PT5M,29.477,69.0095,50.2832,8.6708,0.0
226,226,26,213,29,0.14,72.2,2.2,156,2026-10-10 15:55:00,PT5M,27.964,66.6835,48.3423,7.5857,0.0
213,214,20,204,29,0.14,72.6,2.1,157,2026-10-10 16:00:00,PT5M,26.081,63.9235,45.9978,6.1642,0.0
201,201,14,195,28,0.14,73.0,2.0,158,2026-10-10 16:05:00,PT5M,24.18,61.103,43.6128,4.7472,0.0
189,189,8,186,28,0.14,73.5,2.0,159,2026-10-10 16:10:00,PT5M,22.456,57.812,41.0641,3.8479,0.0
177,177,2,177,28,0.14,73.9,1.9,160,2026-10-10 16:15:00,PT5M,20.836,53.8285,38.2002,3.4718,0.0
165,165,0,165,28,0.14,74.4,1.9,162,2026-10-10 16:20:00,PT5M,19.489,50.1215,35.6111,3.3669,0.0
153,153,0,153,28,0.14,74.8,1.8,163,2026-10-10 16:25:00,PT5M,18.205,46.541,33.1184,3.2916,0.0
141,142,0,142,28,0.14,75.3,1.7,165,2026-10-10 16:30:00,PT5M,16.89,42.9485,30.6048,3.1752,0.0
130,130,0,130,28,0.14,75.7,1.7,166,2026-10-10 16:35:00,PT5M,15.542,39.3265,28.06,3.024,0.0
118,119,0,119,28,0.14,76.2,1.6,168,2026-10-10 16:40:00,PT5M,14.168,35.694,25.4973,2.8387,0.0
107,107,0,107,28,0.14,76.7,1.6,170,2026-10-10 16:45:00,PT5M,12.797,32.097,22.9547,2.6393,0.0
96,96,0,96,28,0.14,77.1,1.5,172,2026-10-10 16:50:00,PT5M,11.439,28.5725,20.4565,2.4215,0.0
84,85,0,85,28,0.14,77.6,1.5,174,2026-10-10 16:55:00,PT5M,10.059,25.1245,17.9881,2.1299,0.0
73,74,0,74,28,0.14,78.1,1.5,176,2026-10-10 17:00:00,PT5M,8.728,21.826,15.6216,1.8344,0.0
63,63,0,63,28,0.14,78.6,1.4,179,2026-10-10 17:05:00,PT5M,7.346,18.528,13.2312,1.4608,0.0
53,53,0,53,28,0.14,79.0,1.4,181,2026-10-10 17:10:00,PT5M,6.121,15.4435,11.0275,1.2145,0.0
44,44,0,44,27,0.14,79.5,1.3,184,2026-10-10 17:15:00,PT5M,5.002,12.514,8.9556,1.0484,0.0
35,35,0,35,27,0.14,80.0,1.3,186,2026-10-10 17:20:00,PT5M,3.881,9.671,6.9283,0.8337,0.0
28,28,0,28,27,0.14,80.5,1.3,189,2026-10-10 17:25:00,PT5M,2.859,7.0395,5.0592,0.6588,0.0
21,21,0,21,27,0.14,81.0,1.2,192,2026-10-10 17:30:00,PT5M,2.001,4.8325,3.4912,0.5108,0.0
14,14,0,14,27,0.14,81.3,1.2,194,2026-10-10 17:35:00,PT5M,1.213,2.821,2.0593,0.3667,0.0
9,9,0,9,27,0.14,81.5,1.2,194,2026-10-10 17:40:00,PT5M,0.488,1.28,0.9048,0.0712,0.0
4,4,0,4,27,0.14,81.7,1.2,194,2026-10-10 17:45:00,PT5M,0.0,0.158,0.0832,0.0,0.0
0,0,0,0,27,0.14,81.9,1.2,195,2026-10-10 17:50:00,PT5M,0.0,0.0,0.0,0.0,0.0
0,0,0,0,27,0.14,82.1,1.2,195,2026-10-10 17:55:00,PT5M,0.0,0.0,0.0,0.0,0.0
0,0,0,0,27,0.14,82.2,1.2,195,2026-10-10 18:00:00,PT5M,0.0,0.0,0.0,0.0,0.0
0,0,0,0,27,0.14,82.4,1.2,195,2026-10-10 18:05:00,PT5M,0.0,0.0,0.0,0.0,0.0
0,0,0,0,27,0.14,82.6,1.2,195,2026-10-10 18:10:00,PT5M,0.0,0.0,0.0,0.0,0.0
0,0,0,0,27,0.14,82.8,1.2,195,2026-10-10 18:15:00,PT5M,0.0,0.0,0.0,0.0,0.0
0,0,0,0,27,0.14,83.0,1.2,196,2026-10-10 18:20:00,PT5M,0.0,0.0,0.0,0.0,0.0
0,0,0,0,27,0.14,83.2,1.2,196,2026-10-10 18:25:00,PT5M,0.0,0.0,0.0,0.0,0.0
0,0,0,0,27,0.14,83.4,1.2,196,2026-10-10 18:30:00,PT5M,0.0,0.0,0.0,0.0,0.0
0,0,0,0,27,0.14,83.6,1.2,196,2026-10-10 18:35:00,PT5M,0.0,0.0,0.0,0.0,0.0
0,0,0,0,27,0.14,83.8,1.2,196,2026-10-10 18:40:00,PT5M,0.0,0.0,0.0,0.0,0.0
0,0,0,0,27,0.14,83.9,1.2,196,2026-10-10 18:45:00,PT5M,0.0,0.0,0.0,0.0,0.0
0,0,0,0,26,0.14,84.1,1.2,197,2026-10-10 18:50:00,PT5M,0.0,0.0,0.0,0.0,0.0
0,0,0,0,26,0.14,84.3,1.2,197,2026-10-10 18:55:00,PT5M,0.0,0.0,0.0,0.0,0.0
0,0,0,0,26,0.14,84.5,1.2,197,2026-10-10 19:00:00,PT5M,0.0,0.0,0.0,0.0,0.0
0,0,0,0,26,0.14,84.7,1.2,197,2026-10-10 19:05:00,PT5M,0.0,0.0,0.0,0.0,0.0
0,0,0,0,26,0.14,84.9,1.2,197,2026-10-10 19:10:00,PT5M,0.0,0.0,0.0,0.0,0.0
0,0,0,0,26,0.14,85.1,1.2,197,2026-10-10 19:15:00,PT5M,0.0,0.0,0.0,0.0,0.0
0,0,0,0,26,0.14,85.3,1.2,198,2026-10-10 19:20:00,PT5M,0.0,0.0,0.0,0.0,0.0
0,0,0,0,26,0.14,85.5,1.2,198,2026-10-10 19:25:00,PT5M,0.0,0.0,0.0,0.0,0.0
0,0,0,0,26,0.14,85.7,1.2,198,2026-10-10 19:30:00,PT5M,0.0,0.0,0.0,0.0,0.0
0,0,0,0,26,0.14,85.9,1.2,198,2026-10-10 19:35:00,PT5M,0.0,0.0,0.0,0.0,0.0
0,0,0,0,26,0.14,86.1,1.2,198,2026-10-10 19:40:00,PT5M,0.0,0.0,0.0,0.0,0.0
0,0,0,0,26,0.14,86.3,1.2,198,2026-10-10 19:45:00,PT5M,0.0,0.0,0.0,0.0,0.0
0,0,0,0,26,0.14,86.5,1.2,199,2026-10-10 19:50:00,PT5M,0.0,0.0,0.0,0.0,0.0
0,0,0,0,26,0.14,86.7,1.2,199,2026-10-10 19:55:00,PT5M,0.0,0.0,0.0,0.0,0.0
0,0,0,0,26,0.14,86.9,1.2,199,2026-10-10 20:00:00,PT5M,0.0,0.0,0.0,0.0,0.0
0,0,0,0,26,0.14,87.1,1.2,199,2026-10-10 20:05:00,PT5M,0.0,0.0,0.0,0.0,0.0
0,0,0,0,26,0.14,87.3,1.2,199,2026-10-10 20:10:00,PT5M,0.0,0.0,0.0,0.0,0.0
0,0,0,0,26,0.14,87.5,1.2,199,2026-10-10 20:15:00,PT5M,0.0,0.0,0.0,0.0,0.0
0,0,0,0,26,0.14,87.7,1.2,200,2026-10-10 20:20:00,PT5M,0.0,0.0,0.0,0.0,0.0
0,0,0,0,26,0.14,87.9,1.2,200,2026-10-10 20:25:00,PT5M,0.0,0.0,0.0,0.0,0.0
0,0,0,0,25,0.14,88.1,1.2,200,2026-10-10 20:30:00,PT5M,0.0,0.0,0.0,0.0,0.0
0,0,0,0,25,0.14,88.2,1.2,200,2026-10-10 20:35:00,PT5M,0.0,0.0,0.0,0.0,0.0
0,0,0,0,25,0.14,88.2,1.2,201,2026-10-10 20:40:00,PT5M,0.0,0.0,0.0,0.0,0.0
0,0,0,0,25,0.14,88.3,1.2,203,2026-10-10 20:45:00,PT5M,0.0,0.0,0.0,0.0,0.0
0,0,0,0,25,0.14,88.3,1.1,204,2026-10-10 20:50:00,PT5M,0.0,0.0,0.0,0.0,0.0
0,0,0,0,25,0.14,88.4,1.1,205,2026-10-10 20:55:00,PT5M,0.0,0.0,0.0,0.0,0.0
0,0,0,0,25,0.14,88.4,1.1,206,2026-10-10 21:00:00,PT5M,0.0,0.0,0.0,0.0,0.0
0,0,0,0,25,0.14,88.5,1.1,207,2026-10-10 21:05:00,PT5M,0.0,0.0,0.0,0.0,0.0
0,0,0,0,25,0.14,88.5,1.1,208,2026-10-10 21:10:00,PT5M,0.0,0.0,0.0,0.0,0.0
0,0,0,0,25,0.14,88.5,1.1,209,2026-10-10 21:15:00,PT5M,0.0,0.0,0.0,0.0,0.0
0,0,0,0,25,0.14,88.6,1.1,210,2026-10-10 21:20:00,PT5M,0.0,0.0,0.0,0.0,0.0
0,0,0,0,25,0.14,88.6,1.1,211,2026-10-10 21:25:00,PT5M,0.0,0.0,0.0,0.0,0.0
0,0,0,0,25,0.14,88.7,1.1,212,2026-10-10 21:30:00,PT5M,0.0,0.0,0.0,0.0,0.0
0,0,0,0,25,0.14,88.7,1.1,213,2026-10-10 21:35:00,PT5M,0.0,0.0,0.0,0.0,0.0
0,0,0,0,25,0.14,88.8,1.1,214,2026-10-10 21:40:00,PT5M,0.0,0.0,0.0,0.0,0.0
0,0,0,0,25,0.14,88.8,1.1,216,2026-10-10 21:45:00,PT5M,0.0,0.0,0.0,0.0,0.0
0,0,0,0,25,0.14,88.8,1.1,217,2026-10-10 21:50:00,PT5M,0.0,0.0,0.0,0.0,0.0
0,0,0,0,25,0.14,88.9,1.1,218,2026-10-10 21:55:00,PT5M,0.0,0.0,0.0,0.0,0.0
0,0,0,0,25,0.14,88.9,1.1,219,2026-10-10 22:00:00,PT5M,0.0,0.0,0.0,0.0,0.0
0,0,0,0,25,0.14,89.0,1.1,220,2026-10-10 22:05:00,PT5M,0.0,0.0,0.0,0.0,0.0
0,0,0,0,25,0.14,89.0,1.1,221,2026-10-10 22:10:00,PT5M,0.0,0.0,0.0,0.0,0.0
0,0,0,0,25,0.14,89.1,1.1,222,2026-10-10 22:15:00,PT5M,0.0,0.0,0.0,0.0,0.0
0,0,0,0,25,0.14,89.1,1.1,223,2026-10-10 22:20:00,PT5M,0.0,0.0,0.0,0.0,0.0
0,0,0,0,25,0.14,89.1,1.1,225,2026-10-10 22:25:00,PT5M,0.0,0.0,0.0,0.0,0.0
0,0,0,0,25,0.14,89.2,1.1,226,2026-10-10 22:30:00,PT5M,0.0,0.0,0.0,0.0,0.0
0,0,0,0,25,0.14,89.2,1.1,227,2026-10-10 22:35:00,PT5M,0.0,0.0,0.0,0.0,0.0
0,0,0,0,25,0.14,89.3,1.1,228,2026-10-10 22:40:00,PT5M,0.0,0.0,0.0,0.0,0.0
0,0,0,0,25,0.14,89.3,1.1,229,2026-10-10 22:45:00,PT5M,0.0,0.0,0.0,0.0,0.0
0,0,0,0,25,0.14,89.4,1.1,230,2026-10-10 22:50:00,PT5M,0.0,0.0,0.0,0.0,0.0
0,0,0,0,25,0.14,89.4,1.1,231,2026-10-10 22:55:00,PT5M,0.0,0.0,0.0,0.0,0.0
0,0,0,0,25,0.14,89.5,1.1,232,2026-10-10 23:00:00,PT5M,0.0,0.0,0.0,0.0,0.0
0,0,0,0,25,0.14,89.5,1.1,233,2026-10-10 23:05:00,PT5M,0.0,0.0,0.0,0.0,0.0
0,0,0,0,25,0.14,89.5,1.1,234,2026-10-10 23:10:00,PT5M,0.0,0.0,0.0,0.0,0.0
0,0,0,0,25,0.14,89.6,1.1,235,2026-10-10 23:15:00,PT5M,0.0,0.0,0.0,0.0,0.0
0,0,0,0,25,0.14,89.6,1.1,236,2026-10-10 23:20:00,PT5M,0.0,0.0,0.0,0.0,0.0
0,0,0,0,25,0.14,89.7,1.2,238,2026-10-10 23:25:00,PT5M,0.0,0.0,0.0,0.0,0.0
0,0,0,0,25,0.14,89.7,1.2,239,2026-10-10 23:30:00,PT5M,0.0,0.0,0.0,0.0,0.0
0,0,0,0,25,0.14,89.8,1.2,239,2026-10-10 23:35:00,PT5M,0.0,0.0,0.0,0.0,0.0
0,0,0,0,25,0.14,89.8,1.1,239,2026-10-10 23:40:00,PT5M,0.0,0.0,0.0,0.0,0.0
0,0,0,0,25,0.14,89.8,1.1,240,2026-10-10 23:45:00,PT5M,0.0,0.0,0.0,0.0,0.0
0,0,0,0,25,0.14,89.9,1.1,240,2026-10-10 23:50:00,PT5M,0.0,0.0,0.0,0.0,0.0
0,0,0,0,25,0.14,89.9,1.1,240,2026-10-10 23:55:00,PT5M,0.0,0.0,0.0,0.0,0.0
0,0,0,0,25,0.14,90.0,1.1,241,2026-10-11 00:00:00,PT5M,0.0,0.0,0.0,0.0,0.0
0,0,0,0,25,0.14,90.0,1.1,241,2026-10-11 00:05:00,PT5M,0.0,0.0,0.0,0.0,0.0
0,0,0,0,25,0.14,90.1,1.1,241,2026-10-11 00:10:00,PT5M,0.0,0.0,0.0,0.0,0.0
0,0,0,0,25,0.14,90.1,1.1,241,2026-10-11 00:15:00,PT5M,0.0,0.0,0.0,0.0,0.0
0,0,0,0,25,0.14,90.2,1.0,242,2026-10-11 00:20:00,PT5M,0.0,0.0,0.0,0.0,0.0
0,0,0,0,25,0.14,90.2,1.0,242,2026-10-11 00:25:00,PT5M,0.0,0.0,0.0,0.0,0.0
0,0,0,0,25,0.14,90.2,1.0,242,2026-10-11 00:30:00,PT5M,0.0,0.0,0.0,0.0,0.0
0,0,0,0,25,0.14,90.3,1.0,243,2026-10-11 00:35:00,PT5M,0.0,0.0,0.0,0.0,0.0
0,0,0,0,24,0.14,90.3,1.0,243,2026-10-11 00:40:00,PT5M,0.0,0.0,0.0,0.0,0.0
0,0,0,0,24,0.14,90.4,1.0,243,2026-10-11 00:45:00,PT5M,0.0,0.0,0.0,0.0,0.0
0,0,0,0,24,0.14,90.4,1.0,244,2026-10-11 00:50:00,PT5M,0.0,0.0,0.0,0.0,0.0
0,0,0,0,24,0.14,90.5,1.0,244,2026-10-11 00:55:00,PT5M,0.0,0.0,0.0,0.0,0.0
0,0,0,0,24,0.14,90.5,0.9,245,2026-10-11 01:00:00,PT5M,0.0,0.0,0.0,0.0,0.0
0,0,0,0,24,0.14,90.6,0.9,245,2026-10-11 01:05:00,PT5M,0.0,0.0,0.0,0.0,0.0
0,0,0,0,24,0.14,90.6,0.9,245,2026-10-11 01:10:00,PT5M,0.0,0.0,0.0,0.0,0.0
0,0,0,0,24,0.14,90.6,0.9,246,2026-10-11 01:15:00,PT5M,0.0,0.0,0.0,0.0,0.0
0,0,0,0,24,0.14,90.7,0.9,246,2026-10-11 01:20:00,PT5M,0.0,0.0,0.0,0.0,0.0
0,0,0,0,24,0.14,90.7,0.9,247,2026-10-11 01:25:00,PT5M,0.0,0.0,0.0,0.0,0.0
0,0,0,0,24,0.14,90.8,0.9,247,2026-10-11 01:30:00,PT5M,0.0,0.0,0.0,0.0,0.0
0,0,0,0,24,0.14,90.8,0.9,248,2026-10-11 01:35:00,PT5M,0.0,0.0,0.0,0.0,0.0
0,0,0,0,24,0.14,90.9,0.8,248,2026-10-11 01:40:00,PT5M,0.0,0.0,0.0,0.0,0.0
0,0,0,0,24,0.14,90.9,0.8,249,2026-10-11 01:45:00,PT5M,0.0,0.0,0.0,0.0,0.0
0,0,0,0,24,0.14,91.0,0.8,249,2026-10-11 01:50:00,PT5M,0.0,0.0,0.0,0.0,0.0
0,0,0,0,24,0.14,91.0,0.8,250,2026-10-11 01:55:00,PT5M,0.0,0.0,0.0,0.0,0.0
0,0,0,0,24,0.14,91.0,0.8,250,2026-10-11 02:00:00,PT5M,0.0,0.0,0.0,0.0,0.0
0,0,0,0,24,0.14,91.1,0.8,251,2026-10-11 02:05:00,PT5M,0.0,0.0,0.0,0.0,0.0
0,0,0,0,24,0.14,91.1,0.8,251,2026-10-11 02:10:00,PT5M,0.0,0.0,0.0,0.0,0.0
0,0,0,0,24,0.14,91.2,0.8,252,2026-10-11 02:15:00,PT5M,0.0,0.0,0.0,0.0,0.0
0,0,0,0,24,0.14,91.2,0.8,252,2026-10-11 02:20:00,PT5M,0.0,0.0,0.0,0.0,0.0
0,0,0,0,24,0.14,91.3,0.7,253,2026-10-11 02:25:00,PT5M,0.0,0.0,0.0,0.0,0.0
0,0,0,0,24,0.14,91.3,0.7,254,2026-10-11 02:30:00,PT5M,0.0,0.0,0.0,0.0,0.0
0,0,0,0,24,0.14,91.3,0.7,254,2026-10-11 02:35:00,PT5M,0.0,0.0,0.0,0.0,0.0
0,0,0,0,24,0.14,91.4,0.7,253,2026-10-11 02:40:00,PT5M,0.0,0.0,0.0,0.0,0.0
0,0,0,0,24,0.14,91.4,0.7,252,2026-10-11 02:45:00,PT5M,0.0,0.0,0.0,0.0,0.0
0,0,0,0,24,0.14,91.4,0.7,251,2026-10-11 02:50:00,PT5M,0.0,0.0,0.0,0.0,0.0
0,0,0,0,24,0.14,91.4,0.7,250,2026-10-11 02:55:00,PT5M,0.0,0.0,0.0,0.0,0.0
0,0,0,0,24,0.14,91.4,0.7,249,2026-10-11 03:00:00,PT5M,0.0,0.0,0.0,0.0,0.0
0,0,0,0,24,0.14,91.4,0.7,248,2026-10-11 03:05:00,PT5M,0.0,0.0,0.0,0.0,0.0
0,0,0,0,24,0.14,91.4,0.7,247,2026-10-11 03:10:00,PT5M,0.0,0.0,0.0,0.0,0.0
0,0,0,0,24,0.14,91.5,0.7,246,2026-10-11 03:15:00,PT5M,0.0,0.0,0.0,0.0,0.0
0,0,0,0,24,0.14,91.5,0.7,246,2026-10-11 03:20:00,PT5M,0.0,0.0,0.0,0.0,0.0
0,0,0,0,24,0.14,91.5,0.7,245,2026-10-11 03:25:00,PT5M,0.0,0.0,0.0,0.0,0.0
0,0,0,0,24,0.14,91.5,0.7,244,2026-10-11 03:30:00,PT5M,0.0,0.0,0.0,0.0,0.0
0,0,0,0,24,0.14,91.5,0.7,243,2026-10-11 03:35:00,PT5M,0.0,0.0,0.0,0.0,0.0
0,0,0,0,24,0.14,91.5,0.7,242,2026-10-11 03:40:00,PT5M,0.0,0.0,0.0,0.0,0.0
0,0,0,0,24,0.14,91.6,0.8,241,2026-10-11 03:45:00,PT5M,0.0,0.0,0.0,0.0,0.0
0,0,0,0,24,0.14,91.6,0.8,240,2026-10-11 03:50:00,PT5M,0.0,0.0,0.0,0.0,0.0
0,0,0,0,24,0.14,91.6,0.8,240,2026-10-11 03:55:00,PT5M,0.0,0.0,0.0,0.0,0.0
0,0,0,0,24,0.14,91.6,0.8,239,2026-10-11 04:00:00,PT5M,0.0,0.0,0.0,0.0,0.0
0,0,0,0,24,0.14,91.6,0.8,238,2026-10-11 04:05:00,PT5M,0.0,0.0,0.0,0.0,0.0
0,0,0,0,24,0.14,91.6,0.8,237,2026-10-11 04:10:00,PT5M,0.0,0.0,0.0,0.0,0.0
0,0,0,0,24,0.14,91.6,0.8,236,2026-10-11 04:15:00,PT5M,0.0,0.0,0.0,0.0,0.0
0,0,0,0,24,0.14,91.7,0.8,236,2026-10-11 04:20:00,PT5M,0.0,0.0,0.0,0.0,0.0
0,0,0,0,24,0.14,91.7,0.8,235,2026-10-11 04:25:00,PT5M,0.0,0.0,0.0,0.0,0.0
0,0,0,0,24,0.14,91.7,0.8,234,2026-10-11 04:30:00,PT5M,0.0,0.0,0.0,0.0,0.0
0,0,0,0,24,0.14,91.7,0.8,233,2026-10-11 04:35:00,PT5M,0.0,0.0,0.0,0.0,0.0
0,0,0,0,24,0.14,91.7,0.8,232,2026-10-11 04:40:00,PT5M,0.0,0.0,0.0,0.0,0.0
0,0,0,0,24,0.14,91.7,0.8,232,2026-10-11 04:45:00,PT5M,0.0,0.0,0.0,0.0,0.0
0,0,0,0,24,0.14,91.7,0.8,231,2026-10-11 04:50:00,PT5M,0.0,0.0,0.0,0.0,0.0
0,0,0,0,24,0.14,91.8,0.8,230,2026-10-11 04:55:00,PT5M,0.0,0.0,0.0,0.0,0.0
0,0,0,0,24,0.14,91.8,0.8,230,2026-10-11 05:00:00,PT5M,0.0,0.0,0.0,0.0,0.0
0,0,0,0,24,0.14,91.8,0.8,229,2026-10-11 05:05:00,PT5M,0.0,0.0,0.0,0.0,0.0
0,0,0,0,24,0.14,91.8,0.8,228,2026-10-11 05:10:00,PT5M,0.0,0.0,0.0,0.0,0.0
0,0,0,0,24,0.14,91.8,0.8,227,2026-10-11 05:15:00,PT5M,0.0,0.0,0.0,0.0,0.0
0,0,0,0,24,0.14,91.8,0.8,227,2026-10-11 05:20:00,PT5M,0.0,0.0,0.0,0.0,0.0
0,0,0,0,24,0.14,91.8,0.8,226,2026-10-11 05:25:00,PT5M,0.0,0.0,0.0,0.0,0.0
0,0,0,0,24,0.14,91.9,0.8,225,2026-10-11 05:30:00,PT5M,0.0,0.0,0.0,0.0,0.0
0,0,0,0,24,0.14,91.5,0.9,225,2026-10-11 05:35:00,PT5M,0.0,0.0,0.0,0.0,0.0
0,0,0,0,24,0.14,90.9,0.9,225,2026-10-11 05:40:00,PT5M,0.0,0.0,0.0,0.0,0.0
0,0,0,0,24,0.14,90.2,0.9,226,2026-10-11 05:45:00,PT5M,0.0,0.0,0.0,0.0,0.0
0,0,0,0,24,0.14,89.5,0.9,226,2026-10-11 05:50:00,PT5M,0.0,0.0,0.0,0.0,0.0
0,0,0,0,24,0.14,88.9,0.9,226,2026-10-11 05:55:00,PT5M,0.0,0.0,0.0,0.0,0.0
5,5,2,5,24,0.14,88.2,0.9,226,2026-10-11 06:00:00,PT5M,0.017,0.0255,0.0215,0.0125,0.0085
15,15,18,13,25,0.14,87.6,0.9,227,2026-10-11 06:05:00,PT5M,1.266,1.899,1.5992,0.9328,0.633
25,26,56,21,25,0.14,87.0,0.9,227,2026-10-11 06:10:00,PT5M,2.893,4.1815,3.5711,2.2149,1.6045
40,38,117,28,25,0.14,86.3,0.9,227,2026-10-11 06:15:00,PT5M,5.359,7.6435,6.5613,4.1567,3.0745
55,52,170,35,25,0.14,85.7,1.0,227,2026-10-11 06:20:00,PT5M,8.416,11.975,10.2891,6.5429,4.857
71,67,212,41,25,0.14,85.1,1.0,227,2026-10-11 06:25:00,PT5M,11.856,16.846,14.4823,9.2297,6.866
88,84,252,47,25,0.14,84.5,1.0,228,2026-10-11 06:30:00,PT5M,15.772,22.3865,19.2533,12.2907,9.1575
106,101,289,52,25,0.14,83.9,1.0,228,2026-10-11 06:35:00,PT5M,19.894,28.24,24.2866,15.5014,11.548
124,119,324,58,25,0.14,83.2,1.0,228,2026-10-11 06:40:00,PT5M,24.104,34.2095,29.4226,18.7854,13.9985
143,137,356,63,26,0.14,82.6,1.0,228,2026-10-11 06:45:00,PT5M,28.381,40.2305,34.6175,22.1445,16.5315
163,156,386,67,26,0.14,82.1,1.0,228,2026-10-11 06:50:00,PT5M,32.717,46.3305,39.8819,25.5521,19.1035
183,175,413,72,26,0.14,81.5,1.0,229,2026-10-11 06:55:00,PT5M,37.191,52.645,45.3246,29.0574,21.737
203,195,438,76,26,0.14,80.9,1.1,229,2026-10-11 07:00:00,PT5M,41.873,59.2695,51.0289,32.7171,24.4765
223,215,463,80,26,0.14,80.3,1.1,229,2026-10-11 07:05:00,PT5M,46.837,66.316,57.0889,36.5851,27.358
244,235,487,83,26,0.14,79.7,1.1,229,2026-10-11 07:10:00,PT5M,51.855,73.439,63.2148,40.4952,30.271
265,256,509,86,26,0.14,79.1,1.1,229,2026-10-11 07:15:00,PT5M,56.911,80.623,69.3908,44.4312,33.199
286,276,530,89,27,0.14,78.6,1.1,229,2026-10-11 07:20:00,PT5M,61.965,87.8175,75.5714,48.3586,36.1125
307,297,549,92,27,0.14,78.0,1.1,230,2026-10-11 07:25:00,PT5M,67.015,95.0135,81.7508,52.2792,39.0165
328,317,568,95,27,0.14,77.5,1.1,230,2026-10-11 07:30:00,PT5M,72.068,100.0,87.9401,56.1959,41.9105
349,338,585,97,27,0.14,76.9,1.1,230,2026-10-11 07:35:00,PT5M,77.161,100.0,94.1926,60.1294,44.8005
370,358,601,99,27,0.14,76.4,1.2,230,2026-10-11 07:40:00,PT5M,81.799,100.0,99.8869,63.7111,47.4315
391,379,616,102,27,0.14,75.8,1.2,230,2026-10-11 07:45:00,PT5M,83.926,100.0,100.0,65.4905,48.898
411,399,631,103,27,0.14,75.3,1.2,230,2026-10-11 07:50:00,PT5M,85.947,100.0,100.0,67.1905,50.309
432,419,644,105,28,0.14,74.7,1.2,230,2026-10-11 07:55:00,PT5M,87.853,100.0,100.0,68.8041,51.6595
452,439,657,107,28,0.14,74.2,1.2,231,2026-10-11 08:00:00,PT5M,89.63,100.0,100.0,70.3208,52.942
472,459,669,109,28,0.14,73.7,1.2,231,2026-10-11 08:05:00,PT5M,91.232,100.0,100.0,71.7068,54.1335
492,479,679,111,28,0.14,73.2,1.2,231,2026-10-11 08:10:00,PT5M,92.647,100.0,100.0,72.9536,55.229
512,498,689,112,28,0.14,72.6,1.2,231,2026-10-11 08:15:00,PT5M,93.895,100.0,100.0,74.078,56.242
531,517,698,114,28,0.14,72.1,1.3,231,2026-10-11 08:20:00,PT5M,94.96,100.0,100.0,75.0745,57.177
550,536,707,116,28,0.14,71.6,1.3,231,2026-10-11 08:25:00,PT5M,95.91,100.0,100.0,75.9887,58.059
569,555,716,117,28,0.14,71.1,1.3,231,2026-10-11 08:30:00,PT5M,96.782,100.0,100.0,76.8444,58.9
587,573,724,119,29,0.14,70.5,1.3,232,2026-10-11 08:35:00,PT5M,97.581,100.0,100.0,77.6508,59.713
606,591,731,120,29,0.14,69.8,1.2,233,2026-10-11 08:40:00,PT5M,98.435,100.0,100.0,78.5014,60.5605
623,608,738,121,29,0.14,69.0,1.2,235,2026-10-11 08:45:00,PT5M,99.115,100.0,100.0,79.2198,61.3135
641,626,745,123,29,0.14,68.3,1.2,236,2026-10-11 08:50:00,PT5M,99.754,100.0,100.0,79.907,62.044
658,643,751,124,29,0.14,67.6,1.2,238,2026-10-11 08:55:00,PT5M,100.0,100.0,100.0,80.303,62.575
675,659,757,125,29,0.14,66.9,1.2,240,2026-10-11 09:00:00,PT5M,100.0,100.0,100.0,80.5161,62.98
692,676,763,126,30,0.14,66.2,1.1,241,2026-10-11 09:05:00,PT5M,100.0,100.0,100.0,80.7329,63.392
708,692,769,127,30,0.14,65.5,1.1,243,2026-10-11 09:10:00,PT5M,100.0,100.0,100.0,80.949,63.8025
723,707,774,128,30,0.14,64.8,1.1,245,2026-10-11 09:15:00,PT5M,100.0,100.0,100.0,81.1632,64.2095
739,722,779,129,30,0.14,64.1,1.1,247,2026-10-11 09:20:00,PT5M,100.0,100.0,100.0,81.3753,64.6125
754,737,783,130,30,0.14,63.5,1.1,249,2026-10-11 09:25:00,PT5M,100.0,100.0,100.0,81.585,65.011
768,752,788,131,30,0.14,62.8,1.1,251,2026-10-11 09:30:00,PT5M,100.0,100.0,100.0,81.7921,65.4045
782,766,792,132,30,0.14,62.1,1.0,253,2026-10-11 09:35:00,PT5M,100.0,100.0,100.0,81.9877,65.776
796,779,796,133,31,0.14,61.5,1.0,255,2026-10-11 09:40:00,PT5M,100.0,100.0,100.0,82.1706,66.1235
809,792,800,134,31,0.14,60.9,1.0,257,2026-10-11 09:45:00,PT5M,100.0,100.0,100.0,82.3479,66.4605
822,805,803,134,31,0.14,60.2,1.0,259,2026-10-11 09:50:00,PT5M,100.0,100.0,100.0,82.5187,66.785
835,817,807,135,31,0.14,59.6,1.0,261,2026-10-11 09:55:00,PT5M,100.0,100.0,100.0,82.684,67.099
847,829,810,136,31,0.14,59.0,1.0,263,2026-10-11 10:00:00,PT5M,100.0,100.0,100.0,82.8429,67.401
858,840,812,137,31,0.14,58.4,1.0,265,2026-10-11 10:05:00,PT5M,100.0,100.0,100.0,82.9963,67.6925
869,851,815,138,31,0.14,57.8,1.0,268,2026-10-11 10:10:00,PT5M,100.0,100.0,100.0,83.144,67.973
879,861,817,139,32,0.14,57.2,1.0,270,2026-10-11 10:15:00,PT5M,100.0,100.0,100.0,83.2869,68.2445
889,871,818,140,32,0.14,56.6,1.0,272,2026-10-11 10:20:00,PT5M,100.0,100.0,100.0,83.4253,68.5075
898,880,820,141,32,0.14,56.0,1.0,274,2026-10-11 10:25:00,PT5M,100.0,100.0,100.0,83.5592,68.762
907,889,822,142,32,0.14,55.4,1.0,276,2026-10-11 10:30:00,PT5M,100.0,100.0,100.0,83.6892,69.009
916,897,823,143,32,0.14,54.9,1.0,279,2026-10-11 10:35:00,PT5M,100.0,100.0,100.0,83.8153,69.2485
924,905,824,144,32,0.14,54.3,1.0,281,2026-10-11 10:40:00,PT5M,100.0,100.0,100.0,83.9361,69.478
931,912,825,145,33,0.14,53.7,1.0,283,2026-10-11 10:45:00,PT5M,100.0,100.0,100.0,84.0497,69.694
938,919,826,146,33,0.14,53.2,1.0,285,2026-10-11 10:50:00,PT5M,100.0,100.0,100.0,84.155,69.894
944,926,827,146,33,0.14,52.6,1.0,287,2026-10-11 10:55:00,PT5M,100.0,100.0,100.0,84.2366,70.049
950,931,828,147,33,0.14,52.1,1.1,289,2026-10-11 11:00:00,PT5M,100.0,100.0,100.0,84.3284,70.2235
955,937,829,148,33,0.14,51.6,1.1,291,2026-10-11 11:05:00,PT5M,100.0,100.0,100.0,84.4255,70.408
960,941,830,148,33,0.14,51.0,1.1,293,2026-10-11 11:10:00,PT5M,100.0,100.0,100.0,84.5121,70.5725
964,946,831,148,33,0.14,50.5,1.1,295,2026-10-11 11:15:00,PT5M,100.0,100.0,100.0,84.586,70.713
968,950,831,149,34,0.14,50.0,1.1,297,2026-10-11 11:20:00,PT5M,100.0,100.0,100.0,84.6534,70.841
972,953,832,149,34,0.14,49.5,1.1,298,2026-10-11 11:25:00,PT5M,100.0,100.0,100.0,84.7137,70.9555
974,955,833,149,34,0.14,49.0,1.2,300,2026-10-11 11:30:00,PT5M,100.0,100.0,100.0,84.7681,71.059
977,958,833,149,34,0.14,48.6,1.1,302,2026-10-11 11:35:00,PT5M,100.0,100.0,100.0,84.806,71.131
978,959,833,149,34,0.14,48.5,1.0,303,2026-10-11 11:40:00,PT5M,100.0,100.0,100.0,84.8271,71.171
979,960,834,149,34,0.14,48.3,1.0,304,2026-10-11 11:45:00,PT5M,100.0,100.0,100.0,84.841,71.1975
980,961,834,149,34,0.14,48.2,0.9,306,2026-10-11 11:50:00,PT5M,100.0,100.0,100.0,84.8479,71.2105
980,961,833,149,34,0.14,48.0,0.8,308,2026-10-11 11:55:00,PT5M,100.0,100.0,100.0,84.8471,71.209
979,960,833,149,34,0.14,47.8,0.7,310,2026-10-11 12:00:00,PT5M,100.0,100.0,100.0,84.8389,71.1935
978,959,832,150,34,0.14,47.7,0.6,314,2026-10-11 12:05:00,PT5M,100.0,100.0,100.0,84.8221,71.1615
976,957,830,151,34,0.14,47.5,0.6,318,2026-10-11 12:10:00,PT5M,100.0,100.0,100.0,84.796,71.112
973,954,828,152,34,0.14,47.4,0.5,323,2026-10-11 12:15:00,PT5M,100.0,100.0,100.0,84.7629,71.049
970,951,826,153,34,0.14,47.2,0.4,330,2026-10-11 12:20:00,PT5M,100.0,100.0,100.0,84.7229,70.973
967,948,824,154,34,0.14,47.1,0.4,340,2026-10-11 12:25:00,PT5M,100.0,100.0,100.0,84.6763,70.8845
962,944,822,154,34,0.14,46.9,0.3,352,2026-10-11 12:30:00,PT5M,100.0,100.0,100.0,84.6237,70.7845
958,939,819,155,34,0.14,46.7,0.3,8,2026-10-11 12:35:00,PT5M,100.0,100.0,100.0,84.5637,70.6705
952,934,816,156,34,0.14,46.6,0.3,25,2026-10-11 12:40:00,PT5M,100.0,100.0,100.0,84.4945,70.539
947,928,814,157,34,0.14,46.4,0.3,41,2026-10-11 12:45:00,PT5M,100.0,100.0,100.0,84.4097,70.378
940,922,811,157,34,0.14,46.3,0.4,54,2026-10-11 12:50:00,PT5M,100.0,100.0,100.0,84.3245,70.216
934,915,808,158,34,0.14,46.1,0.4,63,2026-10-11 12:55:00,PT5M,100.0,100.0,100.0,84.2497,70.074
926,908,804,159,34,0.14,46.0,0.5,70,2026-10-11 13:00:00,PT5M,100.0,100.0,100.0,84.1624,69.908
919,900,802,159,34,0.14,45.8,0.6,76,2026-10-11 13:05:00,PT5M,100.0,100.0,100.0,84.0616,69.7165
911,893,799,158,34,0.14,45.7,0.6,80,2026-10-11 13:10:00,PT5M,100.0,100.0,100.0,83.9547,69.5135
902,884,797,158,34,0.14,45.5,0.7,83,2026-10-11 13:15:00,PT5M,100.0,100.0,100.0,83.8416,69.2985
893,875,795,157,34,0.14,45.4,0.8,85,2026-10-11 13:20:00,PT5M,100.0,100.0,100.0,83.724,69.075
883,866,792,157,34,0.14,45.2,0.9,88,2026-10-11 13:25:00,PT5M,100.0,100.0,100.0,83.6018,68.843
873,856,789,156,34,0.14,45.1,1.0,89,2026-10-11 13:30:00,PT5M,100.0,100.0,100.0,83.4753,68.6025
836,820,720,188,34,0.14,44.9,1.0,91,2026-10-11 13:35:00,PT5M,100.0,100.0,100.0,83.3332,68.3325
824,808,713,189,34,0.14,44.8,1.1,92,2026-10-11 13:40:00,PT5M,100.0,100.0,100.0,83.1761,68.034
812,796,707,189,34,0.14,44.6,1.2,93,2026-10-11 13:45:00,PT5M,100.0,100.0,100.0,83.0142,67.7265
799,783,700,190,34,0.14,44.5,1.3,94,2026-10-11 13:50:00,PT5M,99.514,100.0,100.0,82.3614,66.9235
786,770,693,190,34,0.14,44.3,1.4,95,2026-10-11 13:55:00,PT5M,98.925,100.0,100.0,81.6005,66.008
772,756,686,190,34,0.14,44.2,1.5,95,2026-10-11 14:00:00,PT5M,98.311,100.0,100.0,80.8081,65.055
758,742,678,190,34,0.14,44.0,1.6,96,2026-10-11 14:05:00,PT5M,97.648,100.0,100.0,79.9609,64.042
743,728,670,190,34,0.14,43.9,1.6,97,2026-10-11 14:10:00,PT5M,96.922,100.0,100.0,79.0444,62.954
728,713,661,190,34,0.14,43.7,1.7,97,2026-10-11 14:15:00,PT5M,96.166,100.0,100.0,78.0945,61.8295
712,698,652,190,34,0.14,43.6,1.8,98,2026-10-11 14:20:00,PT5M,95.38,100.0,100.0,77.1111,60.6685
696,682,643,190,34,0.14,43.4,1.9,98,2026-10-11 14:25:00,PT5M,94.56,100.0,100.0,76.0906,59.4675
680,666,634,190,34,0.14,43.3,2.0,98,2026-10-11 14:30:00,PT5M,93.707,100.0,100.0,75.1602,58.4675
659,646,613,194,34,0.14,43.6,2.0,99,2026-10-11 14:35:00,PT5M,92.137,100.0,100.0,73.4478,56.627
634,621,580,202,34,0.14,44.3,2.0,99,2026-10-11 14:40:00,PT5M,89.823,100.0,100.0,70.9425,53.9495
609,597,548,208,34,0.14,45.0,1.9,100,2026-10-11 14:45:00,PT5M,87.378,100.0,100.0,68.2999,51.129
585,573,519,214,34,0.14,45.7,1.9,100,2026-10-11 14:50:00,PT5M,85.018,100.0,100.0,65.7644,48.4355
561,550,490,218,34,0.14,46.5,1.9,101,2026-10-11 14:55:00,PT5M,82.594,100.0,100.0,63.1825,45.7115
537,527,462,221,33,0.14,47.2,1.9,102,2026-10-11 15:00:00,PT5M,80.095,100.0,99.6463,60.5437,42.947
513,504,433,224,33,0.14,48.0,1.8,102,2026-10-11 15:05:00,PT5M,77.434,100.0,97.0876,57.7804,40.0915
490,481,404,226,33,0.14,48.8,1.8,103,2026-10-11 15:10:00,PT5M,74.6,100.0,94.3152,54.8848,37.1405
466,458,375,227,33,0.14,49.5,1.8,104,2026-10-11 15:15:00,PT5M,71.68,100.0,91.4307,51.9293,34.153
443,435,347,228,33,0.14,50.3,1.7,104,2026-10-11 15:20:00,PT5M,68.654,100.0,88.4142,48.8938,31.109
420,413,320,227,33,0.14,51.2,1.7,105,2026-10-11 15:25:00,PT5M,65.529,100.0,85.2774,45.7806,28.0065
397,391,293,226,32,0.14,52.0,1.7,106,2026-10-11 15:30:00,PT5M,62.288,99.71,81.9835,42.5925,24.866
375,369,266,224,32,0.14,52.8,1.7,107,2026-10-11 15:35:00,PT5M,58.95,96.1305,78.5184,39.3816,21.7695
353,348,241,221,32,0.14,53.7,1.6,107,2026-10-11 15:40:00,PT5M,55.512,92.3375,74.8935,36.1305,18.6865
331,327,215,217,32,0.14,54.6,1.6,108,2026-10-11 15:45:00,PT5M,52.034,88.394,71.1705,32.8975,15.674
310,306,191,213,32,0.14,55.5,1.6,109,2026-10-11 15:50:00,PT5M,48.449,84.2405,67.2863,29.6117,12.6575
290,286,167,207,31,0.14,56.4,1.5,110,2026-10-11 15:55:00,PT5M,44.82,79.95,63.3092,26.3308,9.69
269,267,144,201,31,0.14,57.3,1.5,111,2026-10-11 16:00:00,PT5M,41.162,75.499,59.2338,23.0902,6.825
250,248,123,194,31,0.14,58.2,1.5,112,2026-10-11 16:05:00,PT5M,37.633,71.1905,55.2946,19.9714,4.0755
231,230,104,186,31,0.14,59.2,1.5,113,2026-10-11 16:10:00,PT5M,34.364,66.435,51.2432,17.4848,2.293
214,212,86,178,31,0.14,60.2,1.4,114,2026-10-11 16:15:00,PT5M,30.827,60.771,46.5867,15.0673,0.883
196,195,68,169,31,0.14,61.1,1.4,115,2026-10-11 16:20:00,PT5M,27.441,55.3065,42.1068,12.7752,0.0
179,178,51,160,30,0.14,62.2,1.4,116,2026-10-11 16:25:00,PT5M,24.228,50.0295,37.8075,10.6485,0.0
163,162,34,151,30,0.14,63.2,1.4,117,2026-10-11 16:30:00,PT5M,21.2,44.953,33.7014,8.6986,0.0
147,147,18,141,30,0.14,64.2,1.3,118,2026-10-11 16:35:00,PT5M,18.484,40.1825,29.9041,7.0639,0.0
131,132,2,131,30,0.14,65.3,1.3,120,2026-10-11 16:40:00,PT5M,15.791,35.4425,26.1337,5.4483,0.0
117,117,0,117,30,0.14,66.3,1.3,121,2026-10-11 16:45:00,PT5M,13.951,31.5785,23.2285,4.6735,0.0
103,103,0,103,29,0.14,67.4,1.3,122,2026-10-11 16:50:00,PT5M,12.276,27.931,20.5153,4.0367,0.0
89,90,0,90,29,0.14,68.5,1.3,124,2026-10-11 16:55:00,PT5M,10.629,24.4,17.8768,3.3812,0.0
76,77,0,77,29,0.14,69.7,1.2,125,2026-10-11 17:00:00,PT5M,9.062,21.0325,15.3622,2.7618,0.0
64,65,0,65,29,0.14,70.8,1.2,126,2026-10-11 17:05:00,PT5M,7.496,17.6975,12.8651,2.1269,0.0
53,54,0,54,29,0.14,72.0,1.2,128,2026-10-11 17:10:00,PT5M,6.133,14.608,10.5935,1.6725,0.0
43,43,0,43,28,0.14,73.2,1.2,129,2026-10-11 17:15:00,PT5M,4.906,11.6715,8.4667,1.3453,0.0
34,34,0,34,28,0.14,74.4,1.2,131,2026-10-11 17:20:00,PT5M,3.714,8.903,6.445,0.983,0.0
26,26,0,26,28,0.14,75.6,1.2,133,2026-10-11 17:25:00,PT5M,2.67,6.4465,4.6576,0.6824,0.0
19,19,0,19,28,0.14,76.8,1.1,134,2026-10-11 17:30:00,PT5M,1.808,4.3415,3.1414,0.4746,0.0
13,13,0,13,28,0.14,77.6,1.1,135,2026-10-11 17:35:00,PT5M,1.047,2.497,1.8101,0.2839,0.0
8,8,0,8,28,0.14,78.0,1.1,136,2026-10-11 17:40:00,PT5M,0.364,1.0685,0.7348,0.0,0.0
3,3,0,3,28,0.14,78.3,1.1,136,2026-10-11 17:45:00,PT5M,0.0,0.0985,0.0518,0.0,0.0
0,0,0,0,28,0.14,78.6,1.1,136,2026-10-11 17:50:00,PT5M,0.0,0.0,0.0,0.0,0.0
0,0,0,0,28,0.14,79.0,1.1,137,2026-10-11 17:55:00,PT5M,0.0,0.0,0.0,0.0,0.0
0,0,0,0,27,0.14,79.3,1.1,137,2026-10-11 18:00:00,PT5M,0.0,0.0,0.0,0.0,0.0
0,0,0,0,27,0.14,79.6,1.1,138,2026-10-11 18:05:00,PT5M,0.0,0.0,0.0,0.0,0.0
0,0,0,0,27,0.14,80.0,1.1,138,2026-10-11 18:10:00,PT5M,0.0,0.0,0.0,0.0,0.0
0,0,0,0,27,0.14,80.3,1.1,138,2026-10-11 18:15:00,PT5M,0.0,0.0,0.0,0.0,0.0
0,0,0,0,27,0.14,80.7,1.1,139,2026-10-11 18:20:00,PT5M,0.0,0.0,0.0,0.0,0.0
0,0,0,0,27,0.14,81.0,1.1,139,2026-10-11 18:25:00,PT5M,0.0,0.0,0.0,0.0,0.0
0,0,0,0,27,0.14,81.4,1.1,140,2026-10-11 18:30:00,PT5M,0.0,0.0,0.0,0.0,0.0
0,0,0,0,27,0.14,81.7,1.1,140,2026-10-11 18:35:00,PT5M,0.0,0.0,0.0,0.0,0.0
0,0,0,0,27,0.14,82.0,1.1,141,2026-10-11 18:40:00,PT5M,0.0,0.0,0.0,0.0,0.0
0,0,0,0,27,0.14,82.4,1.1,141,2026-10-11 18:45:00,PT5M,0.0,0.0,0.0,0.0,0.0
0,0,0,0,27,0.14,82.8,1.1,141,2026-10-11 18:50:00,PT5M,0.0,0.0,0.0,0.0,0.0
0,0,0,0,27,0.14,83.1,1.1,142,2026-10-11 18:55:00,PT5M,0.0,0.0,0.0,0.0,0.0
0,0,0,0,27,0.14,83.5,1.1,142,2026-10-11 19:00:00,PT5M,0.0,0.0,0.0,0.0,0.0
0,0,0,0,27,0.14,83.8,1.1,143,2026-10-11 19:05:00,PT5M,0.0,0.0,0.0,0.0,0.0
0,0,0,0,27,0.14,84.2,1.1,143,2026-10-11 19:10:00,PT5M,0.0,0.0,0.0,0.0,0.0
0,0,0,0,27,0.14,84.5,1.1,144,2026-10-11 19:15:00,PT5M,0.0,0.0,0.0,0.0,0.0
0,0,0,0,26,0.14,84.9,1.1,144,2026-10-11 19:20:00,PT5M,0.0,0.0,0.0,0.0,0.0
0,0,0,0,26,0.14,85.3,1.1,145,2026-10-11 19:25:00,PT5M,0.0,0.0,0.0,0.0,0.0
0,0,0,0,26,0.14,85.6,1.1,145,2026-10-11 19:30:00,PT5M,0.0,0.0,0.0,0.0,0.0
0,0,0,0,26,0.14,86.0,1.1,146,2026-10-11 19:35:00,PT5M,0.0,0.0,0.0,0.0,0.0
0,0,0,0,26,0.14,86.4,1.1,146,2026-10-11 19:40:00,PT5M,0.0,0.0,0.0,0.0,0.0
0,0,0,0,26,0.14,86.7,1.0,146,2026-10-11 19:45:00,PT5M,0.0,0.0,0.0,0.0,0.0
0,0,0,0,26,0.14,87.1,1.0,147,2026-10-11 19:50:00,PT5M,0.0,0.0,0.0,0.0,0.0
0,0,0,0,26,0.14,87.5,1.0,147,2026-10-11 19:55:00,PT5M,0.0,0.0,0.0,0.0,0.0
0,0,0,0,26,0.14,87.9,1.0,148,2026-10-11 20:00:00,PT5M,0.0,0.0,0.0,0.0,0.0
0,0,0,0,26,0.14,88.2,1.0,148,2026-10-11 20:05:00,PT5M,0.0,0.0,0.0,0.0,0.0
0,0,0,0,26,0.14,88.6,1.0,149,2026-10-11 20:10:00,PT5M,0.0,0.0,0.0,0.0,0.0
0,0,0,0,26,0.14,89.0,1.0,149,2026-10-11 20:15:00,PT5M,0.0,0.0,0.0,0.0,0.0
0,0,0,0,26,0.14,89.4,1.0,150,2026-10-11 20:20:00,PT5M,0.0,0.0,0.0,0.0,0.0
0,0,0,0,26,0.14,89.8,1.0,150,2026-10-11 20:25:00,PT5M,0.0,0.0,0.0,0.0,0.0
0,0,0,0,26,0.14,90.1,1.0,151,2026-10-11 20:30:00,PT5M,0.0,0.0,0.0,0.0,0.0
0,0,0,0,26,0.14,90.4,1.0,152,2026-10-11 20:35:00,PT5M,0.0,0.0,0.0,0.0,0.0
0,0,0,0,26,0.14,90.4,1.0,154,2026-10-11 20:40:00,PT5M,0.0,0.0,0.0,0.0,0.0
0,0,0,0,25,0.14,90.5,1.0,156,2026-10-11 20:45:00,PT5M,0.0,0.0,0.0,0.0,0.0
0,0,0,0,25,0.14,90.5,1.0,158,2026-10-11 20:50:00,PT5M,0.0,0.0,0.0,0.0,0.0
0,0,0,0,25,0.14,90.6,1.0,160,2026-10-11 20:55:00,PT5M,0.0,0.0,0.0,0.0,0.0
0,0,0,0,25,0.14,90.7,1.0,162,2026-10-11 21:00:00,PT5M,0.0,0.0,0.0,0.0,0.0
0,0,0,0,25,0.14,90.7,1.0,164,2026-10-11 21:05:00,PT5M,0.0,0.0,0.0,0.0,0.0
0,0,0,0,25,0.14,90.8,0.9,166,2026-10-11 21:10:00,PT5M,0.0,0.0,0.0,0.0,0.0
0,0,0,0,25,0.14,90.8,0.9,168,2026-10-11 21:15:00,PT5M,0.0,0.0,0.0,0.0,0.0
0,0,0,0,25,0.14,90.9,0.9,170,2026-10-11 21:20:00,PT5M,0.0,0.0,0.0,0.0,0.0
0,0,0,0,25,0.14,91.0,0.9,173,2026-10-11 21:25:00,PT5M,0.0,0.0,0.0,0.0,0.0
0,0,0,0,25,0.14,91.0,0.9,175,2026-10-11 21:30:00,PT5M,0.0,0.0,0.0,0.0,0.0
0,0,0,0,25,0.14,91.1,0.9,177,2026-10-11 21:35:00,PT5M,0.0,0.0,0.0,0.0,0.0
0,0,0,0,25,0.14,91.1,0.9,179,2026-10-11 21:40:00,PT5M,0.0,0.0,0.0,0.0,0.0
0,0,0,0,25,0.14,91.2,0.9,181,2026-10-11 21:45:00,PT5M,0.0,0.0,0.0,0.0,0.0
0,0,0,0,25,0.14,91.3,0.9,184,2026-10-11 21:50:00,PT5M,0.0,0.0,0.0,0.0,0.0
0,0,0,0,25,0.14,91.3,1.0,186,2026-10-11 21:55:00,PT5M,0.0,0.0,0.0,0.0,0.0
0,0,0,0,25,0.14,91.4,1.0,188,2026-10-11 22:00:00,PT5M,0.0,0.0,0.0,0.0,0.0
0,0,0,0,25,0.14,91.4,1.0,190,2026-10-11 22:05:00,PT5M,0.0,0.0,0.0,0.0,0.0
0,0,0,0,25,0.14,91.5,1.0,192,2026-10-11 22:10:00,PT5M,0.0,0.0,0.0,0.0,0.0
0,0,0,0,25,0.14,91.5,1.0,194,2026-10-11 22:15:00,PT5M,0.0,0.0,0.0,0.0,0.0
0,0,0,0,25,0.14,91.6,1.0,196,2026-10-11 22:20:00,PT5M,0.0,0.0,0.0,0.0,0.0
0,0,0,0,25,0.14,91.7,1.0,198,2026-10-11 22:25:00,PT5M,0.0,0.0,0.0,0.0,0.0
0,0,0,0,25,0.14,91.7,1.0,200,2026-10-11 22:30:00,PT5M,0.0,0.0,0.0,0.0,0.0
0,0,0,0,25,0.14,91.8,1.0,202,2026-10-11 22:35:00,PT5M,0.0,0.0,0.0,0.0,0.0
0,0,0,0,25,0.14,91.8,1.1,203,2026-10-11 22:40:00,PT5M,0.0,0.0,0.0,0.0,0.0
0,0,0,0,25,0.14,91.9,1.1,205,2026-10-11 22:45:00,PT5M,0.0,0.0,0.0,0.0,0.0
0,0,0,0,25,0.14,92.0,1.1,207,2026-10-11 22:50:00,PT5M,0.0,0.0,0.0,0.0,0.0
0,0,0,0,25,0.14,92.0,1.1,208,2026-10-11 22:55:00,PT5M,0.0,0.0,0.0,0.0,0.0
0,0,0,0,25,0.14,92.1,1.1,210,2026-10-11 23:00:00,PT5M,0.0,0.0,0.0,0.0,0.0
0,0,0,0,25,0.14,92.1,1.2,211,2026-10-11 23:05:00,PT5M,0.0,0.0,0.0,0.0,0.0
0,0,0,0,25,0.14,92.2,1.2,213,2026-10-11 23:10:00,PT5M,0.0,0.0,0.0,0.0,0.0
0,0,0,0,25,0.14,92.3,1.2,214,2026-10-11 23:15:00,PT5M,0.0,0.0,0.0,0.0,0.0
0,0,0,0,25,0.14,92.3,1.2,216,2026-10-11 23:20:00,PT5M,0.0,0.0,0.0,0.0,0.0
0,0,0,0,25,0.14,92.4,1.2,217,2026-10-11 23:25:00,PT5M,0.0,0.0,0.0,0.0,0.0
0,0,0,0,25,0.14,92.4,1.3,218,2026-10-11 23:30:00,PT5M,0.0,0.0,0.0,0.0,0.0
0,0,0,0,25,0.14,92.5,1.3,219,2026-10-11 23:35:00,PT5M,0.0,0.0,0.0,0.0,0.0
0,0,0,0,25,0.14,92.5,1.3,218,2026-10-11 23:40:00,PT5M,0.0,0.0,0.0,0.0,0.0
0,0,0,0,25,0.14,92.6,1.3,218,2026-10-11 23:45:00,PT5M,0.0,0.0,0.0,0.0,0.0
0,0,0,0,25,0.14,92.6,1.3,218,2026-10-11 23:50:00,PT5M,0.0,0.0,0.0,0.0,0.0
0,0,0,0,24,0.14,92.6,1.3,218,2026-10-11 23:55:00,PT5M,0.0,0.0,0.0,0.0,0.0
0,0,0,0,24,0.14,92.6,1.2,218,2026-10-12 00:00:00,PT5M,0.0,0.0,0.0,0.0,0.0
0,0,0,0,24,0.14,92.7,1.2,218,2026-10-12 00:05:00,PT5M,0.0,0.0,0.0,0.0,0.0
0,0,0,0,24,0.14,92.7,1.2,218,2026-10-12 00:10:00,PT5M,0.0,0.0,0.0,0.0,0.0
0,0,0,0,24,0.14,92.7,1.2,218,2026-10-12 00:15:00,PT5M,0.0,0.0,0.0,0.0,0.0
0,0,0,0,24,0.14,92.8,1.2,218,2026-10-12 00:20:00,PT5M,0.0,0.0,0.0,0.0,0.0
0,0,0,0,24,0.14,92.8,1.2,217,2026-10-12 00:25:00,PT5M,0.0,0.0,0.0,0.0,0.0
0,0,0,0,24,0.14,92.8,1.2,217,2026-10-12 00:30:00,PT5M,0.0,0.0,0.0,0.0,0.0
0,0,0,0,24,0.14,92.9,1.2,217,2026-10-12 00:35:00,PT5M,0.0,0.0,0.0,0.0,0.0
0,0,0,0,24,0.14,92.9,1.2,217,2026-10-12 00:40:00,PT5M,0.0,0.0,0.0,0.0,0.0
0,0,0,0,24,0.14,92.9,1.2,217,2026-10-12 00:45:00,PT5M,0.0,0.0,0.0,0.0,0.0
0,0,0,0,24,0.14,93.0,1.2,217,2026-10-12 00:50:00,PT5M,0.0,0.0,0.0,0.0,0.0
0,0,0,0,24,0.14,93.0,1.2,217,2026-10-12 00:55:00,PT5M,0.0,0.0,0.0,0.0,0.0
0,0,0,0,24,0.14,93.0,1.2,216,2026-10-12 01:00:00,PT5M,0.0,0.0,0.0,0.0,0.0
0,0,0,0,24,0.14,93.0,1.2,216,2026-10-12 01:05:00,PT5M,0.0,0.0,0.0,0.0,0.0
0,0,0,0,24,0.14,93.1,1.2,216,2026-10-12 01:10:00,PT5M,0.0,0.0,0.0,0.0,0.0
0,0,0,0,24,0.14,93.1,1.2,216,2026-10-12 01:15:00,PT5M,0.0,0.0,0.0,0.0,0.0
0,0,0,0,24,0.14,93.1,1.2,216,2026-10-12 01:20:00,PT5M,0.0,0.0,0.0,0.0,0.0
0,0,0,0,24,0.14,93.2,1.2,216,2026-10-12 01:25:00,PT5M,0.0,0.0,0.0,0.0,0.0
0,0,0,0,24,0.14,93.2,1.1,216,2026-10-12 01:30:00,PT5M,0.0,0.0,0.0,0.0,0.0
0,0,0,0,24,0.14,93.2,1.1,215,2026-10-12 01:35:00,PT5M,0.0,0.0,0.0,0.0,0.0
0,0,0,0,24,0.14,93.3,1.1,215,2026-10-12 01:40:00,PT5M,0.0,0.0,0.0,0.0,0.0
0,0,0,0,24,0.14,93.3,1.1,215,2026-10-12 01:45:00,PT5M,0.0,0.0,0.0,0.0,0.0
0,0,0,0,24,0.14,93.3,1.1,215,2026-10-12 01:50:00,PT5M,0.0,0.0,0.0,0.0,0.0
0,0,0,0,24,0.14,93.4,1.1,215,2026-10-12 01:55:00,PT5M,0.0,0.0,0.0,0.0,0.0
0,0,0,0,24,0.14,93.4,1.1,215,2026-10-12 02:00:00,PT5M,0.0,0.0,0.0,0.0,0.0
0,0,0,0,24,0.14,93.4,1.1,215,2026-10-12 02:05:00,PT5M,0.0,0.0,0.0,0.0,0.0
0,0,0,0,24,0.14,93.4,1.1,214,2026-10-12 02:10:00,PT5M,0.0,0.0,0.0,0.0,0.0
0,0,0,0,24,0.14,93.5,1.1,214,2026-10-12 02:15:00,PT5M,0.0,0.0,0.0,0.0,0.0
0,0,0,0,24,0.14,93.5,1.1,214,2026-10-12 02:20:00,PT5M,0.0,0.0,0.0,0.0,0.0
0,0,0,0,24,0.14,93.5,1.1,214,2026-10-12 02:25:00,PT5M,0.0,0.0,0.0,0.0,0.0
0,0,0,0,24,0.14,93.6,1.1,214,2026-10-12 02:30:00,PT5M,0.0,0.0,0.0,0.0,0.0
0,0,0,0,24,0.14,93.6,1.1,214,2026-10-12 02:35:00,PT5M,0.0,0.0,0.0,0.0,0.0
0,0,0,0,24,0.14,93.6,1.1,214,2026-10-12 02:40:00,PT5M,0.0,0.0,0.0,0.0,0.0
0,0,0,0,24,0.14,93.5,1.0,215,2026-10-12 02:45:00,PT5M,0.0,0.0,0.0,0.0,0.0
0,0,0,0,24,0.14,93.5,1.0,215,2026-10-12 02:50:00,PT5M,0.0,0.0,0.0,0.0,0.0
0,0,0,0,24,0.14,93.5,1.0,216,2026-10-12 02:55:00,PT5M,0.0,0.0,0.0,0.0,0.0
0,0,0,0,24,0.14,93.5,1.0,217,2026-10-12 03:00:00,PT5M,0.0,0.0,0.0,0.0,0.0
0,0,0,0,24,0.14,93.5,1.0,217,2026-10-12 03:05:00,PT5M,0.0,0.0,0.0,0.0,0.0
0,0,0,0,24,0.14,93.5,1.0,218,2026-10-12 03:10:00,PT5M,0.0,0.0,0.0,0.0,0.0
0,0,0,0,24,0.14,93.4,1.0,218,2026-10-12 03:15:00,PT5M,0.0,0.0,0.0,0.0,0.0
0,0,0,0,24,0.14,93.4,1.0,219,2026-10-12 03:20:00,PT5M,0.0,0.0,0.0,0.0,0.0
0,0,0,0,24,0.14,93.4,0.9,220,2026-10-12 03:25:00,PT5M,0.0,0.0,0.0,0.0,0.0
0,0,0,0,24,0.14,93.4,0.9,220,2026-10-12 03:30:00,PT5M,0.0,0.0,0.0,0.0,0.0
0,0,0,0,24,0.14,93.4,0.9,221,2026-10-12 03:35:00,PT5M,0.0,0.0,0.0,0.0,0.0
0,0,0,0,24,0.14,93.4,0.9,222,2026-10-12 03:40:00,PT5M,0.0,0.0,0.0,0.0,0.0
0,0,0,0,24,0.14,93.4,0.9,222,2026-10-12 03:45:00,PT5M,0.0,0.0,0.0,0.0,0.0
0,0,0,0,24,0.14,93.3,0.9,223,2026-10-12 03:50:00,PT5M,0.0,0.0,0.0,0.0,0.0
0,0,0,0,24,0.14,93.3,0.9,224,2026-10-12 03:55:00,PT5M,0.0,0.0,0.0,0.0,0.0
0,0,0,0,24,0.14,93.3,0.9,225,2026-10-12 04:00:00,PT5M,0.0,0.0,0.0,0.0,0.0
0,0,0,0,24,0.14,93.3,0.8,225,2026-10-12 04:05:00,PT5M,0.0,0.0,0.0,0.0,0.0
0,0,0,0,24,0.14,93.3,0.8,226,2026-10-12 04:10:00,PT5M,0.0,0.0,0.0,0.0,0.0
0,0,0,0,24,0.14,93.3,0.8,227,2026-10-12 04:15:00,PT5M,0.0,0.0,0.0,0.0,0.0
0,0,0,0,24,0.14,93.2,0.8,228,2026-10-12 04:20:00,PT5M,0.0,0.0,0.0,0.0,0.0
0,0,0,0,24,0.14,93.2,0.8,229,2026-10-12 04:25:00,PT5M,0.0,0.0,0.0,0.0,0.0
0,0,0,0,24,0.14,93.2,0.8,230,2026-10-12 04:30:00,PT5M,0.0,0.0,0.0,0.0,0.0
0,0,0,0,24,0.14,93.2,0.8,231,2026-10-12 04:35:00,PT5M,0.0,0.0,0.0,0.0,0.0
0,0,0,0,24,0.14,93.2,0.8,232,2026-10-12 04:40:00,PT5M,0.0,0.0,0.0,0.0,0.0
0,0,0,0,24,0.14,93.2,0.8,233,2026-10-12 04:45:00,PT5M,0.0,0.0,0.0,0.0,0.0
0,0,0,0,24,0.14,93.1,0.7,234,2026-10-12 04:50:00,PT5M,0.0,0.0,0.0,0.0,0.0
0,0,0,0,24,0.14,93.1,0.7,235,2026-10-12 04:55:00,PT5M,0.0,0.0,0.0,0.0,0.0
0,0,0,0,24,0.14,93.1,0.7,236,2026-10-12 05:00:00,PT5M,0.0,0.0,0.0,0.0,0.0
0,0,0,0,24,0.14,93.1,0.7,237,2026-10-12 05:05:00,PT5M,0.0,0.0,0.0,0.0,0.0
0,0,0,0,24,0.14,93.1,0.7,238,2026-10-12 05:10:00,PT5M,0.0,0.0,0.0,0.0,0.0
0,0,0,0,24,0.14,93.1,0.7,239,2026-10-12 05:15:00,PT5M,0.0,0.0,0.0,0.0,0.0
0,0,0,0,24,0.14,93.0,0.7,240,2026-10-12 05:20:00,PT5M,0.0,0.0,0.0,0.0,0.0
0,0,0,0,24,0.14,93.0,0.7,242,2026-10-12 05:25:00,PT5M,0.0,0.0,0.0,0.0,0.0
0,0,0,0,24,0.14,93.0,0.7,243,2026-10-12 05:30:00,PT5M,0.0,0.0,0.0,0.0,0.0
0,0,0,0,24,0.14,92.7,0.7,244,2026-10-12 05:35:00,PT5M,0.0,0.0,0.0,0.0,0.0
0,0,0,0,24,0.14,92.0,0.7,244,2026-10-12 05:40:00,PT5M,0.0,0.0,0.0,0.0,0.0
0,0,0,0,24,0.14,91.3,0.7,244,2026-10-12 05:45:00,PT5M,0.0,0.0,0.0,0.0,0.0
0,0,0,0,24,0.14,90.6,0.7,245,2026-10-12 05:50:00,PT5M,0.0,0.0,0.0,0.0,0.0
0,0,0,0,24,0.14,90.0,0.6,245,2026-10-12 05:55:00,PT5M,0.0,0.0,0.0,0.0,0.0
5,5,0,5,25,0.14,89.3,0.6,245,2026-10-12 06:00:00,PT5M,0.0,0.0,0.0,0.0,0.0
13,13,0,13,25,0.14,88.7,0.6,246,2026-10-12 06:05:00,PT5M,1.068,1.668,1.3838,0.7522,0.468
22,22,0,22,25,0.14,88.0,0.6,246,2026-10-12 06:10:00,PT5M,2.332,3.519,2.9567,1.7073,1.145
33,33,27,31,25,0.14,87.4,0.6,246,2026-10-12 06:15:00,PT5M,3.944,6.007,5.0298,2.8582,1.881
46,45,63,39,25,0.14,86.8,0.6,247,2026-10-12 06:20:00,PT5M,6.09,9.286,7.7721,4.4079,2.894
60,59,98,47,25,0.14,86.1,0.6,247,2026-10-12 06:25:00,PT5M,8.786,13.3625,11.1946,6.3774,4.2095
76,74,137,54,25,0.14,85.5,0.6,247,2026-10-12 06:30:00,PT5M,12.085,18.243,15.326,8.844,5.927
93,90,177,61,26,0.14,84.9,0.6,248,2026-10-12 06:35:00,PT5M,15.782,23.6625,19.9296,11.6344,7.9015
112,108,218,67,26,0.14,84.3,0.6,248,2026-10-12 06:40:00,PT5M,19.778,29.4445,24.8655,14.6905,10.1115
131,126,258,72,26,0.14,83.7,0.6,249,2026-10-12 06:45:00,PT5M,24.131,35.5955,30.1648,18.0972,12.6665
151,145,297,77,26,0.14,83.1,0.6,249,2026-10-12 06:50:00,PT5M,28.616,41.9185,35.6172,21.6148,15.3135
172,165,336,81,26,0.14,82.5,0.6,249,2026-10-12 06:55:00,PT5M,33.366,48.599,41.3832,25.3488,18.133
192,185,367,85,26,0.14,81.9,0.6,250,2026-10-12 07:00:00,PT5M,38.11,55.427,47.2241,28.9959,20.793
212,204,391,90,26,0.14,81.3,0.6,250,2026-10-12 07:05:00,PT5M,42.677,62.063,52.88,32.474,23.291
231,223,410,95,26,0.14,80.7,0.6,251,2026-10-12 07:10:00,PT5M,47.194,68.6295,58.4757,35.9123,25.7585
250,242,429,100,27,0.14,80.1,0.6,251,2026-10-12 07:15:00,PT5M,51.74,75.245,64.1108,39.3692,28.235
270,261,445,104,27,0.14,79.6,0.6,252,2026-10-12 07:20:00,PT5M,56.277,81.863,69.7431,42.8109,30.691
289,280,461,108,27,0.14,79.0,0.6,252,2026-10-12 07:25:00,PT5M,60.808,88.478,75.3709,46.2451,33.138
309,299,476,113,27,0.14,78.4,0.6,252,2026-10-12 07:30:00,PT5M,65.338,95.105,81.0046,49.6714,35.571
328,318,489,117,27,0.14,77.9,0.6,253,2026-10-12 07:35:00,PT5M,69.895,100.0,86.6931,53.0969,37.978
347,337,502,121,27,0.14,77.3,0.6,253,2026-10-12 07:40:00,PT5M,74.028,100.0,91.8435,56.2125,40.178
367,356,515,125,27,0.14,76.8,0.5,254,2026-10-12 07:45:00,PT5M,76.094,100.0,94.2348,57.9532,41.626
386,375,527,128,28,0.14,76.2,0.5,254,2026-10-12 07:50:00,PT5M,78.062,100.0,96.5041,59.6199,43.0215
405,394,539,132,28,0.14,75.7,0.5,255,2026-10-12 07:55:00,PT5M,79.993,100.0,98.7101,61.2759,44.43
424,413,549,135,28,0.14,75.1,0.5,255,2026-10-12 08:00:00,PT5M,81.736,100.0,100.0,62.7737,45.707
443,431,560,138,28,0.14,74.6,0.5,256,2026-10-12 08:05:00,PT5M,83.375,100.0,100.0,64.1961,46.9345
462,450,571,141,28,0.14,74.1,0.5,256,2026-10-12 08:10:00,PT5M,84.891,100.0,100.0,65.53,48.1045
481,468,581,143,28,0.14,73.6,0.5,257,2026-10-12 08:15:00,PT5M,86.248,100.0,100.0,66.7494,49.2
499,486,590,146,28,0.14,73.0,0.5,257,2026-10-12 08:20:00,PT5M,87.431,100.0,100.0,67.8508,50.228
517,504,599,149,28,0.14,72.5,0.5,258,2026-10-12 08:25:00,PT5M,88.475,100.0,100.0,68.8453,51.178
535,522,607,151,29,0.14,72.0,0.5,258,2026-10-12 08:30:00,PT5M,89.439,100.0,100.0,69.7793,52.085
553,539,616,153,29,0.14,71.4,0.5,260,2026-10-12 08:35:00,PT5M,90.409,100.0,100.0,70.7027,52.9665
570,557,625,155,29,0.14,70.6,0.5,262,2026-10-12 08:40:00,PT5M,91.391,100.0,100.0,71.6834,53.946
588,574,635,156,29,0.14,69.9,0.5,264,2026-10-12 08:45:00,PT5M,92.317,100.0,100.0,72.6168,54.886
606,591,644,157,29,0.14,69.1,0.5,266,2026-10-12 08:50:00,PT5M,93.195,100.0,100.0,73.5103,55.7935
623,608,652,158,29,0.14,68.4,0.5,268,2026-10-12 08:55:00,PT5M,94.026,100.0,100.0,74.3645,56.6685
640,625,661,159,29,0.14,67.6,0.5,271,2026-10-12 09:00:00,PT5M,94.816,100.0,100.0,75.315,57.7635
657,642,670,159,30,0.14,66.9,0.5,273,2026-10-12 09:05:00,PT5M,95.655,100.0,100.0,76.339,58.954
674,658,680,160,30,0.14,66.2,0.5,276,2026-10-12 09:10:00,PT5M,96.457,100.0,100.0,77.3228,60.1015
690,675,689,160,30,0.14,65.5,0.5,278,2026-10-12 09:15:00,PT5M,97.223,100.0,100.0,78.2673,61.2065
706,691,698,160,30,0.14,64.8,0.5,281,2026-10-12 09:20:00,PT5M,97.956,100.0,100.0,79.175,62.2715
722,706,707,159,30,0.14,64.1,0.5,283,2026-10-12 09:25:00,PT5M,98.657,100.0,100.0,80.0468,63.297
738,722,715,159,30,0.14,63.5,0.5,286,2026-10-12 09:30:00,PT5M,99.328,100.0,100.0,80.8849,64.2855
779,762,795,126,30,0.14,62.8,0.5,288,2026-10-12 09:35:00,PT5M,100.0,100.0,100.0,81.7287,65.284
793,775,799,127,31,0.14,62.1,0.5,291,2026-10-12 09:40:00,PT5M,100.0,100.0,100.0,81.9061,65.621
806,788,803,128,31,0.14,61.5,0.5,293,2026-10-12 09:45:00,PT5M,100.0,100.0,100.0,82.0782,65.948
819,801,807,128,31,0.14,60.8,0.5,296,2026-10-12 09:50:00,PT5M,100.0,100.0,100.0,82.244,66.263
831,813,810,129,31,0.14,60.2,0.5,298,2026-10-12 09:55:00,PT5M,100.0,100.0,100.0,82.404,66.567
843,825,813,130,31,0.14,59.5,0.5,301,2026-10-12 10:00:00,PT5M,100.0,100.0,100.0,82.5584,66.8605
854,836,816,130,31,0.14,58.9,0.5,303,2026-10-12 10:05:00,PT5M,100.0,100.0,100.0,82.7079,67.1445
865,847,819,131,32,0.14,58.3,0.5,305,2026-10-12 10:10:00,PT5M,100.0,100.0,100.0,82.8532,67.4205
876,857,821,131,32,0.14,57.7,0.5,308,2026-10-12 10:15:00,PT5M,100.0,100.0,100.0,82.9934,67.687
886,867,824,132,32,0.14,57.1,0.5,310,2026-10-12 10:20:00,PT5M,100.0,100.0,100.0,83.1295,67.9455
895,876,826,132,32,0.14,56.5,0.5,312,2026-10-12 10:25:00,PT5M,100.0,100.0,100.0,83.2613,68.196
904,885,828,133,32,0.14,55.9,0.5,314,2026-10-12 10:30:00,PT5M,100.0,100.0,100.0,83.3892,68.439
913,894,830,133,32,0.14,55.3,0.5,316,2026-10-12 10:35:00,PT5M,100.0,100.0,100.0,83.5134,68.675
921,902,832,133,32,0.14,54.7,0.5,318,2026-10-12 10:40:00,PT5M,100.0,100.0,100.0,83.6326,68.9015
928,909,834,134,33,0.14,54.2,0.5,320,2026-10-12 10:45:00,PT5M,100.0,100.0,100.0,83.7447,69.1145
935,916,836,134,33,0.14,53.6,0.6,321,2026-10-12 10:50:00,PT5M,100.0,100.0,100.0,83.8482,69.311
942,922,837,134,33,0.14,53.0,0.6,323,2026-10-12 10:55:00,PT5M,100.0,100.0,100.0,83.9292,69.465
948,928,839,135,33,0.14,52.5,0.6,325,2026-10-12 11:00:00,PT5M,100.0,100.0,100.0,84.0211,69.6395
953,934,840,135,33,0.14,51.9,0.6,326,2026-10-12 11:05:00,PT5M,100.0,100.0,100.0,84.1168,69.8215
958,938,841,135,33,0.14,51.4,0.6,328,2026-10-12 11:10:00,PT5M,100.0,100.0,100.0,84.2005,69.9805
962,943,842,135,33,0.14,50.9,0.6,329,2026-10-12 11:15:00,PT5M,100.0,100.0,100.0,84.2729,70.118
966,946,843,136,34,0.14,50.3,0.6,330,2026-10-12 11:20:00,PT5M,100.0,100.0,100.0,84.3382,70.242
969,950,844,136,34,0.14,49.8,0.6,332,2026-10-12 11:25:00,PT5M,100.0,100.0,100.0,84.3974,70.3545
972,952,844,136,34,0.14,49.3,0.7,333,2026-10-12 11:30:00,PT5M,100.0,100.0,100.0,84.4508,70.456
945,926,777,173,34,0.14,49.2,0.6,334,2026-10-12 11:35:00,PT5M,100.0,100.0,100.0,84.3737,70.3095
936,917,753,187,34,0.14,49.6,0.5,337,2026-10-12 11:40:00,PT5M,100.0,100.0,100.0,84.1663,69.9155
926,908,729,200,34,0.14,50.1,0.4,341,2026-10-12 11:45:00,PT5M,100.0,100.0,100.0,83.9532,69.5105
915,898,706,212,33,0.14,50.5,0.3,349,2026-10-12 11:50:00,PT5M,100.0,100.0,100.0,83.7347,69.0955
904,888,682,224,33,0.14,50.9,0.2,9,2026-10-12 11:55:00,PT5M,100.0,100.0,100.0,83.5108,68.67
893,877,660,236,33,0.14,51.3,0.1,63,2026-10-12 12:00:00,PT5M,99.085,100.0,100.0,82.3671,67.3205
881,865,636,248,33,0.14,51.7,0.2,106,2026-10-12 12:05:00,PT5M,98.067,100.0,100.0,81.1131,65.854
868,853,611,261,33,0.14,52.2,0.3,122,2026-10-12 12:10:00,PT5M,96.997,100.0,100.0,79.8007,64.3235
855,840,587,273,33,0.14,52.6,0.4,129,2026-10-12 12:15:00,PT5M,95.902,100.0,100.0,78.4602,62.762
841,827,563,284,33,0.14,53.1,0.5,132,2026-10-12 12:20:00,PT5M,94.78,100.0,100.0,77.09,61.1685
827,814,539,295,33,0.14,53.5,0.6,134,2026-10-12 12:25:00,PT5M,93.683,100.0,100.0,75.7436,59.5975
813,800,516,305,32,0.14,54.0,0.8,136,2026-10-12 12:30:00,PT5M,92.508,100.0,100.0,74.3178,57.946
799,786,494,314,32,0.14,54.4,0.9,137,2026-10-12 12:35:00,PT5M,91.358,100.0,100.0,72.9257,56.336
785,773,474,322,32,0.14,54.9,1.0,138,2026-10-12 12:40:00,PT5M,90.229,100.0,100.0,71.5617,54.7605
771,759,454,329,32,0.14,55.3,1.1,139,2026-10-12 12:45:00,PT5M,89.054,100.0,100.0,70.1443,53.125
756,745,435,336,32,0.14,55.8,1.3,139,2026-10-12 12:50:00,PT5M,87.851,100.0,100.0,68.7037,51.4705
742,731,415,342,32,0.14,56.3,1.4,140,2026-10-12 12:55:00,PT5M,86.633,100.0,100.0,67.2602,49.824
727,717,397,348,32,0.14,56.7,1.5,140,2026-10-12 13:00:00,PT5M,85.365,100.0,100.0,65.7603,48.1155
712,702,379,352,31,0.14,57.2,1.6,140,2026-10-12 13:05:00,PT5M,84.085,100.0,100.0,64.2466,46.3915
697,688,364,355,31,0.14,57.7,1.7,141,2026-10-12 13:10:00,PT5M,82.804,100.0,100.0,62.7343,44.671
682,674,348,357,31,0.14,58.2,1.9,141,2026-10-12 13:15:00,PT5M,81.424,100.0,100.0,61.1243,42.854
668,659,333,359,31,0.14,58.7,2.0,141,2026-10-12 13:20:00,PT5M,80.068,100.0,100.0,59.5402,41.0645
652,645,319,360,31,0.14,59.2,2.1,141,2026-10-12 13:25:00,PT5M,78.677,100.0,99.4306,57.9234,39.2445
637,630,304,361,31,0.14,59.7,2.2,141,2026-10-12 13:30:00,PT5M,77.248,100.0,98.2248,56.2712,37.3915
621,614,289,361,31,0.14,60.2,2.4,142,2026-10-12 13:35:00,PT5M,75.722,100.0,96.9282,54.5158,35.4295
605,598,274,361,30,0.14,60.7,2.5,142,2026-10-12 13:40:00,PT5M,74.096,100.0,95.537,52.655,33.3575
588,582,259,361,30,0.14,61.2,2.6,142,2026-10-12 13:45:00,PT5M,72.43,100.0,94.1023,50.7577,31.252
572,566,244,360,30,0.14,61.7,2.7,142,2026-10-12 13:50:00,PT5M,70.724,100.0,92.6244,48.8236,29.1125
555,550,230,358,30,0.14,62.3,2.9,142,2026-10-12 13:55:00,PT5M,68.978,100.0,91.1029,46.8531,26.94
539,534,216,356,30,0.14,62.8,3.0,142,2026-10-12 14:00:00,PT5M,67.172,100.0,89.5185,44.8255,24.713
522,518,201,354,30,0.14,63.3,3.1,142,2026-10-12 14:05:00,PT5M,65.315,100.0,87.8802,42.7498,22.4405
505,501,187,351,30,0.14,63.9,3.2,142,2026-10-12 14:10:00,PT5M,63.392,100.0,86.1719,40.6121,20.1095
488,485,173,348,30,0.14,64.4,3.3,142,2026-10-12 14:15:00,PT5M,61.434,100.0,84.4234,38.4446,17.7535
472,468,160,344,29,0.14,65.0,3.5,142,2026-10-12 14:20:00,PT5M,59.444,100.0,82.647,36.241,15.3575
455,452,147,340,29,0.14,65.5,3.6,142,2026-10-12 14:25:00,PT5M,57.421,100.0,80.8343,34.0077,12.935
438,436,134,335,29,0.14,66.1,3.7,142,2026-10-12 14:30:00,PT5M,55.368,100.0,78.9829,31.7531,10.499
425,422,126,330,29,0.14,66.5,3.7,143,2026-10-12 14:35:00,PT5M,53.745,98.882,77.5009,29.9891,8.608
414,411,122,324,29,0.14,66.6,3.7,143,2026-10-12 14:40:00,PT5M,52.55,97.793,76.3617,28.7383,7.307
403,400,118,317,29,0.14,66.7,3.6,144,2026-10-12 14:45:00,PT5M,51.325,96.429,75.0636,27.5864,6.221
392,390,114,311,29,0.14,66.9,3.5,145,2026-10-12 14:50:00,PT5M,50.14,95.0315,73.7667,26.5133,5.2485
381,379,111,304,29,0.14,67.0,3.4,145,2026-10-12 14:55:00,PT5M,49.135,93.844,72.6657,25.6043,4.426
370,368,107,297,29,0.14,67.2,3.3,146,2026-10-12 15:00:00,PT5M,47.888,92.395,71.3124,24.4636,3.381
358,356,103,290,29,0.14,67.3,3.3,147,2026-10-12 15:05:00,PT5M,46.588,90.8615,69.8895,23.2865,2.3145
347,345,99,283,29,0.14,67.5,3.2,147,2026-10-12 15:10:00,PT5M,45.223,89.229,68.3837,22.0623,1.217
335,333,95,275,29,0.14,67.6,3.1,148,2026-10-12 15:15:00,PT5M,43.805,87.514,66.8094,20.8006,0.096
323,321,90,268,29,0.14,67.7,3.0,149,2026-10-12 15:20:00,PT5M,42.342,85.719,65.1716,19.5124,0.0
311,310,85,260,29,0.14,67.9,3.0,150,2026-10-12 15:25:00,PT5M,40.831,83.833,63.4633,18.1987,0.0
299,297,80,252,29,0.14,68.0,2.9,151,2026-10-12 15:30:00,PT5M,39.264,81.8365,61.6702,16.8578,0.0
286,285,75,244,29,0.14,68.2,2.8,152,2026-10-12 15:35:00,PT5M,37.636,79.6825,59.7654,15.5066,0.0
273,272,69,236,29,0.14,68.3,2.7,153,2026-10-12 15:40:00,PT5M,35.896,77.3345,57.7054,14.0866,0.0
260,260,62,228,29,0.14,68.5,2.7,154,2026-10-12 15:45:00,PT5M,34.105,74.85,55.5494,12.6606,0.0
248,247,56,220,29,0.14,68.6,2.6,155,2026-10-12 15:50:00,PT5M,32.262,72.236,53.3006,11.2234,0.0
235,234,49,211,29,0.14,68.8,2.5,156,2026-10-12 15:55:00,PT5M,30.37,69.5055,50.9673,9.7727,0.0
222,221,42,202,29,0.14,68.9,2.5,158,2026-10-12 16:00:00,PT5M,28.43,66.6655,48.5536,8.3064,0.0
209,209,35,193,29,0.14,69.1,2.4,159,2026-10-12 16:05:00,PT5M,26.495,63.8065,46.1323,6.8577,0.0
196,196,29,184,29,0.14,69.2,2.3,160,2026-10-12 16:10:00,PT5M,25.026,60.536,43.7152,6.3368,0.0
184,184,23,175,29,0.14,69.3,2.3,162,2026-10-12 16:15:00,PT5M,23.221,56.385,40.6755,5.7665,0.0
171,172,16,165,29,0.14,69.5,2.2,163,2026-10-12 16:20:00,PT5M,21.369,52.228,37.6103,5.1277,0.0
159,159,10,156,29,0.14,69.6,2.1,165,2026-10-12 16:25:00,PT5M,19.513,48.0835,34.5499,4.4761,0.0
147,147,2,146,29,0.14,69.8,2.1,167,2026-10-12 16:30:00,PT5M,17.673,43.92,31.487,3.859,0.0
135,135,0,135,29,0.14,69.9,2.0,169,2026-10-12 16:35:00,PT5M,16.151,40.119,28.7655,3.5365,0.0
123,124,0,124,28,0.14,70.1,2.0,171,2026-10-12 16:40:00,PT5M,14.777,36.4795,26.1992,3.3548,0.0
112,112,0,112,28,0.14,70.2,1.9,173,2026-10-12 16:45:00,PT5M,13.4,32.8715,23.648,3.152,0.0
101,101,0,101,28,0.14,70.4,1.9,175,2026-10-12 16:50:00,PT5M,12.013,29.3165,21.12,2.906,0.0
89,89,0,89,28,0.14,70.5,1.8,177,2026-10-12 16:55:00,PT5M,10.614,25.849,18.6323,2.5957,0.0
78,78,0,78,28,0.14,70.7,1.8,180,2026-10-12 17:00:00,PT5M,9.226,22.481,16.2022,2.2498,0.0
67,67,0,67,28,0.14,70.8,1.7,182,2026-10-12 17:05:00,PT5M,7.796,19.0825,13.7362,1.8558,0.0
56,56,0,56,28,0.14,71.0,1.7,185,2026-10-12 17:10:00,PT5M,6.514,15.8515,11.4284,1.5996,0.0
46,46,0,46,28,0.14,71.1,1.7,188,2026-10-12 17:15:00,PT5M,5.315,12.7605,9.2336,1.3964,0.0
37,37,0,37,28,0.14,71.3,1.6,191,2026-10-12 17:20:00,PT5M,4.104,9.768,7.085,1.123,0.0
29,29,0,29,28,0.14,71.5,1.6,194,2026-10-12 17:25:00,PT5M,3.025,7.0615,5.1494,0.9006,0.0
21,21,0,21,28,0.14,71.6,1.6,197,2026-10-12 17:30:00,PT5M,2.103,4.746,3.494,0.712,0.0
15,15,0,15,28,0.14,71.8,1.6,198,2026-10-12 17:35:00,PT5M,1.244,2.7025,2.0116,0.4764,0.0
9,9,0,9,28,0.14,72.2,1.6,198,2026-10-12 17:40:00,PT5M,0.456,1.1315,0.8115,0.1005,0.0
3,3,0,3,28,0.14,72.5,1.6,198,2026-10-12 17:45:00,PT5M,0.0,0.061,0.0321,0.0,0.0
0,0,0,0,28,0.14,72.8,1.6,198,2026-10-12 17:50:00,PT5M,0.0,0.0,0.0,0.0,0.0
0,0,0,0,28,0.14,73.2,1.6,198,2026-10-12 17:55:00,PT5M,0.0,0.0,0.0,0.0,0.0
0,0,0,0,28,0.14,73.5,1.6,198,2026-10-12 18:00:00,PT5M,0.0,0.0,0.0,0.0,0.0
0,0,0,0,28,0.14,73.8,1.6,198,2026-10-12 18:05:00,PT5M,0.0,0.0,0.0,0.0,0.0
0,0,0,0,28,0.14,74.2,1.6,198,2026-10-12 18:10:00,PT5M,0.0,0.0,0.0,0.0,0.0
0,0,0,0,28,0.14,74.5,1.6,198,2026-10-12 18:15:00,PT5M,0.0,0.0,0.0,0.0,0.0
0,0,0,0,28,0.14,74.8,1.5,198,2026-10-12 18:20:00,PT5M,0.0,0.0,0.0,0.0,0.0
0,0,0,0,27,0.14,75.2,1.5,198,2026-10-12 18:25:00,PT5M,0.0,0.0,0.0,0.0,0.0
0,0,0,0,27,0.14,75.5,1.5,198,2026-10-12 18:30:00,PT5M,0.0,0.0,0.0,0.0,0.0
0,0,0,0,27,0.14,75.9,1.5,198,2026-10-12 18:35:00,PT5M,0.0,0.0,0.0,0.0,0.0
0,0,0,0,27,0.14,76.2,1.5,198,2026-10-12 18:40:00,PT5M,0.0,0.0,0.0,0.0,0.0
0,0,0,0,27,0.14,76.6,1.5,197,2026-10-12 18:45:00,PT5M,0.0,0.0,0.0,0.0,0.0
0,0,0,0,27,0.14,76.9,1.5,197,2026-10-12 18:50:00,PT5M,0.0,0.0,0.0,0.0,0.0
0,0,0,0,27,0.14,77.3,1.5,197,2026-10-12 18:55:00,PT5M,0.0,0.0,0.0,0.0,0.0
0,0,0,0,27,0.14,77.6,1.5,197,2026-10-12 19:00:00,PT5M,0.0,0.0,0.0,0.0,0.0
0,0,0,0,27,0.14,78.0,1.5,197,2026-10-12 19:05:00,PT5M,0.0,0.0,0.0,0.0,0.0
0,0,0,0,27,0.14,78.3,1.5,197,2026-10-12 19:10:00,PT5M,0.0,0.0,0.0,0.0,0.0
0,0,0,0,27,0.14,78.7,1.5,197,2026-10-12 19:15:00,PT5M,0.0,0.0,0.0,0.0,0.0
0,0,0,0,27,0.14,79.1,1.5,197,2026-10-12 19:20:00,PT5M,0.0,0.0,0.0,0.0,0.0
0,0,0,0,27,0.14,79.4,1.5,197,2026-10-12 19:25:00,PT5M,0.0,0.0,0.0,0.0,0.0
0,0,0,0,26,0.14,79.8,1.5,197,2026-10-12 19:30:00,PT5M,0.0,0.0,0.0,0.0,0.0
0,0,0,0,26,0.14,80.2,1.5,197,2026-10-12 19:35:00,PT5M,0.0,0.0,0.0,0.0,0.0
0,0,0,0,26,0.14,80.5,1.5,197,2026-10-12 19:40:00,PT5M,0.0,0.0,0.0,0.0,0.0
0,0,0,0,26,0.14,80.9,1.5,197,2026-10-12 19:45:00,PT5M,0.0,0.0,0.0,0.0,0.0
0,0,0,0,26,0.14,81.3,1.5,197,2026-10-12 19:50:00,PT5M,0.0,0.0,0.0,0.0,0.0
0,0,0,0,26,0.14,81.7,1.5,196,2026-10-12 19:55:00,PT5M,0.0,0.0,0.0,0.0,0.0
0,0,0,0,26,0.14,82.0,1.5,196,2026-10-12 20:00:00,PT5M,0.0,0.0,0.0,0.0,0.0
0,0,0,0,26,0.14,82.4,1.5,196,2026-10-12 20:05:00,PT5M,0.0,0.0,0.0,0.0,0.0
0,0,0,0,26,0.14,82.8,1.5,196,2026-10-12 20:10:00,PT5M,0.0,0.0,0.0,0.0,0.0
0,0,0,0,26,0.14,83.2,1.5,196,2026-10-12 20:15:00,PT5M,0.0,0.0,0.0,0.0,0.0
0,0,0,0,26,0.14,83.6,1.5,196,2026-10-12 20:20:00,PT5M,0.0,0.0,0.0,0.0,0.0
0,0,0,0,26,0.14,83.9,1.5,196,2026-10-12 20:25:00,PT5M,0.0,0.0,0.0,0.0,0.0
0,0,0,0,26,0.14,84.3,1.5,196,2026-10-12 20:30:00,PT5M,0.0,0.0,0.0,0.0,0.0
0,0,0,0,26,0.14,84.6,1.5,196,2026-10-12 20:35:00,PT5M,0.0,0.0,0.0,0.0,0.0
0,0,0,0,26,0.14,84.8,1.4,196,2026-10-12 20:40:00,PT5M,0.0,0.0,0.0,0.0,0.0
0,0,0,0,25,0.14,85.0,1.4,197,2026-10-12 20:45:00,PT5M,0.0,0.0,0.0,0.0,0.0
0,0,0,0,25,0.14,85.1,1.4,197,2026-10-12 20:50:00,PT5M,0.0,0.0,0.0,0.0,0.0
0,0,0,0,25,0.14,85.3,1.4,197,2026-10-12 20:55:00,PT5M,0.0,0.0,0.0,0.0,0.0
0,0,0,0,25,0.14,85.5,1.4,198,2026-10-12 21:00:00,PT5M,0.0,0.0,0.0,0.0,0.0
0,0,0,0,25,0.14,85.6,1.4,198,2026-10-12 21:05:00,PT5M,0.0,0.0,0.0,0.0,0.0
0,0,0,0,25,0.14,85.8,1.4,198,2026-10-12 21:10:00,PT5M,0.0,0.0,0.0,0.0,0.0
0,0,0,0,25,0.14,86.0,1.4,199,2026-10-12 21:15:00,PT5M,0.0,0.0,0.0,0.0,0.0
0,0,0,0,25,0.14,86.1,1.4,199,2026-10-12 21:20:00,PT5M,0.0,0.0,0.0,0.0,0.0
0,0,0,0,25,0.14,86.3,1.4,199,2026-10-12 21:25:00,PT5M,0.0,0.0,0.0,0.0,0.0
0,0,0,0,25,0.14,86.5,1.4,200,2026-10-12 21:30:00,PT5M,0.0,0.0,0.0,0.0,0.0
0,0,0,0,25,0.14,86.7,1.4,200,2026-10-12 21:35:00,PT5M,0.0,0.0,0.0,0.0,0.0
0,0,0,0,25,0.14,86.8,1.4,200,2026-10-12 21:40:00,PT5M,0.0,0.0,0.0,0.0,0.0
0,0,0,0,25,0.14,87.0,1.4,201,2026-10-12 21:45:00,PT5M,0.0,0.0,0.0,0.0,0.0
0,0,0,0,25,0.14,87.2,1.4,201,2026-10-12 21:50:00,PT5M,0.0,0.0,0.0,0.0,0.0
0,0,0,0,25,0.14,87.4,1.4,201,2026-10-12 21:55:00,PT5M,0.0,0.0,0.0,0.0,0.0
0,0,0,0,25,0.14,87.5,1.3,202,2026-10-12 22:00:00,PT5M,0.0,0.0,0.0,0.0,0.0
0,0,0,0,25,0.14,87.7,1.3,202,2026-10-12 22:05:00,PT5M,0.0,0.0,0.0,0.0,0.0
0,0,0,0,25,0.14,87.9,1.3,202,2026-10-12 22:10:00,PT5M,0.0,0.0,0.0,0.0,0.0
0,0,0,0,25,0.14,88.1,1.3,203,2026-10-12 22:15:00,PT5M,0.0,0.0,0.0,0.0,0.0
0,0,0,0,25,0.14,88.2,1.3,203,2026-10-12 22:20:00,PT5M,0.0,0.0,0.0,0.0,0.0
0,0,0,0,25,0.14,88.4,1.3,203,2026-10-12 22:25:00,PT5M,0.0,0.0,0.0,0.0,0.0
0,0,0,0,25,0.14,88.6,1.3,204,2026-10-12 22:30:00,PT5M,0.0,0.0,0.0,0.0,0.0
0,0,0,0,25,0.14,88.8,1.3,204,2026-10-12 22:35:00,PT5M,0.0,0.0,0.0,0.0,0.0
0,0,0,0,25,0.14,88.9,1.3,205,2026-10-12 22:40:00,PT5M,0.0,0.0,0.0,0.0,0.0
0,0,0,0,25,0.14,89.1,1.3,205,2026-10-12 22:45:00,PT5M,0.0,0.0,0.0,0.0,0.0
0,0,0,0,25,0.14,89.3,1.3,205,2026-10-12 22:50:00,PT5M,0.0,0.0,0.0,0.0,0.0
0,0,0,0,25,0.14,89.5,1.3,206,2026-10-12 22:55:00,PT5M,0.0,0.0,0.0,0.0,0.0
0,0,0,0,25,0.14,89.7,1.3,206,2026-10-12 23:00:00,PT5M,0.0,0.0,0.0,0.0,0.0
0,0,0,0,25,0.14,89.8,1.3,206,2026-10-12 23:05:00,PT5M,0.0,0.0,0.0,0.0,0.0
0,0,0,0,25,0.14,90.0,1.3,207,2026-10-12 23:10:00,PT5M,0.0,0.0,0.0,0.0,0.0
0,0,0,0,25,0.14,90.2,1.3,207,2026-10-12 23:15:00,PT5M,0.0,0.0,0.0,0.0,0.0
0,0,0,0,25,0.14,90.4,1.3,208,2026-10-12 23:20:00,PT5M,0.0,0.0,0.0,0.0,0.0
0,0,0,0,25,0.14,90.6,1.3,208,2026-10-12 23:25:00,PT5M,0.0,0.0,0.0,0.0,0.0
0,0,0,0,25,0.14,90.7,1.3,208,2026-10-12 23:30:00,PT5M,0.0,0.0,0.0,0.0,0.0
0,0,0,0,25,0.14,90.9,1.3,209,2026-10-12 23:35:00,PT5M,0.0,0.0,0.0,0.0,0.0
0,0,0,0,25,0.14,90.9,1.2,209,2026-10-12 23:40:00,PT5M,0.0,0.0,0.0,0.0,0.0
0,0,0,0,25,0.14,91.0,1.2,209,2026-10-12 23:45:00,PT5M,0.0,0.0,0.0,0.0,0.0
0,0,0,0,25,0.14,91.0,1.2,210,2026-10-12 23:50:00,PT5M,0.0,0.0,0.0,0.0,0.0
0,0,0,0,25,0.14,91.1,1.2,210,2026-10-12 23:55:00,PT5M,0.0,0.0,0.0,0.0,0.0
0,0,0,0,25,0.14,91.2,1.2,211,2026-10-13 00:00:00,PT5M,0.0,0.0,0.0,0.0,0.0
0,0,0,0,25,0.14,91.2,1.2,211,2026-10-13 00:05:00,PT5M,0.0,0.0,0.0,0.0,0.0
0,0,0,0,25,0.14,91.3,1.2,211,2026-10-13 00:10:00,PT5M,0.0,0.0,0.0,0.0,0.0
0,0,0,0,25,0.14,91.3,1.2,212,2026-10-13 00:15:00,PT5M,0.0,0.0,0.0,0.0,0.0
0,0,0,0,24,0.14,91.4,1.2,212,2026-10-13 00:20:00,PT5M,0.0,0.0,0.0,0.0,0.0
0,0,0,0,24,0.14,91.5,1.2,212,2026-10-13 00:25:00,PT5M,0.0,0.0,0.0,0.0,0.0
0,0,0,0,24,0.14,91.5,1.2,213,2026-10-13 00:30:00,PT5M,0.0,0.0,0.0,0.0,0.0
0,0,0,0,24,0.14,91.6,1.2,213,2026-10-13 00:35:00,PT5M,0.0,0.0,0.0,0.0,0.0
0,0,0,0,24,0.14,91.6,1.2,213,2026-10-13 00:40:00,PT5M,0.0,0.0,0.0,0.0,0.0
0,0,0,0,24,0.14,91.7,1.2,214,2026-10-13 00:45:00,PT5M,0.0,0.0,0.0,0.0,0.0
0,0,0,0,24,0.14,91.8,1.2,214,2026-10-13 00:50:00,PT5M,0.0,0.0,0.0,0.0,0.0
0,0,0,0,24,0.14,91.8,1.2,214,2026-10-13 00:55:00,PT5M,0.0,0.0,0.0,0.0,0.0
0,0,0,0,24,0.14,91.9,1.2,215,2026-10-13 01:00:00,PT5M,0.0,0.0,0.0,0.0,0.0
0,0,0,0,24,0.14,91.9,1.2,215,2026-10-13 01:05:00,PT5M,0.0,0.0,0.0,0.0,0.0
0,0,0,0,24,0.14,92.0,1.2,216,2026-10-13 01:10:00,PT5M,0.0,0.0,0.0,0.0,0.0
0,0,0,0,24,0.14,92.1,1.2,216,2026-10-13 01:15:00,PT5M,0.0,0.0,0.0,0.0,0.0
0,0,0,0,24,0.14,92.1,1.2,216,2026-10-13 01:20:00,PT5M,0.0,0.0,0.0,0.0,0.0
0,0,0,0,24,0.14,92.2,1.2,217,2026-10-13 01:25:00,PT5M,0.0,0.0,0.0,0.0,0.0
0,0,0,0,24,0.14,92.2,1.2,217,2026-10-13 01:30:00,PT5M,0.0,0.0,0.0,0.0,0.0
0,0,0,0,24,0.14,92.3,1.2,217,2026-10-13 01:35:00,PT5M,0.0,0.0,0.0,0.0,0.0
0,0,0,0,24,0.14,92.4,1.2,218,2026-10-13 01:40:00,PT5M,0.0,0.0,0.0,0.0,0.0
0,0,0,0,24,0.14,92.4,1.2,218,2026-10-13 01:45:00,PT5M,0.0,0.0,0.0,0.0,0.0
0,0,0,0,24,0.14,92.5,1.2,218,2026-10-13 01:50:00,PT5M,0.0,0.0,0.0,0.0,0.0
0,0,0,0,24,0.14,92.6,1.2,219,2026-10-13 01:55:00,PT5M,0.0,0.0,0.0,0.0,0.0
0,0,0,0,24,0.14,92.6,1.2,219,2026-10-13 02:00:00,PT5M,0.0,0.0,0.0,0.0,0.0
0,0,0,0,24,0.14,92.7,1.2,220,2026-10-13 02:05:00,PT5M,0.0,0.0,0.0,0.0,0.0
0,0,0,0,24,0.14,92.7,1.2,220,2026-10-13 02:10:00,PT5M,0.0,0.0,0.0,0.0,0.0
0,0,0,0,24,0.14,92.8,1.2,220,2026-10-13 02:15:00,PT5M,0.0,0.0,0.0,0.0,0.0
0,0,0,0,24,0.14,92.9,1.2,221,2026-10-13 02:20:00,PT5M,0.0,0.0,0.0,0.0,0.0
0,0,0,0,24,0.14,92.9,1.2,221,2026-10-13 02:25:00,PT5M,0.0,0.0,0.0,0.0,0.0
0,0,0,0,24,0.14,93.0,1.2,221,2026-10-13 02:30:00,PT5M,0.0,0.0,0.0,0.0,0.0
0,0,0,0,24,0.14,93.0,1.2,222,2026-10-13 02:35:00,PT5M,0.0,0.0,0.0,0.0,0.0
0,0,0,0,24,0.14,93.0,1.2,222,2026-10-13 02:40:00,PT5M,0.0,0.0,0.0,0.0,0.0
0,0,0,0,24,0.14,93.0,1.2,222,2026-10-13 02:45:00,PT5M,0.0,0.0,0.0,0.0,0.0
0,0,0,0,24,0.14,93.0,1.2,223,2026-10-13 02:50:00,PT5M,0.0,0.0,0.0,0.0,0.0
0,0,0,0,24,0.14,92.9,1.2,223,2026-10-13 02:55:00,PT5M,0.0,0.0,0.0,0.0,0.0
0,0,0,0,24,0.14,92.9,1.2,223,2026-10-13 03:00:00,PT5M,0.0,0.0,0.0,0.0,0.0
0,0,0,0,24,0.14,92.9,1.2,223,2026-10-13 03:05:00,PT5M,0.0,0.0,0.0,0.0,0.0
0,0,0,0,24,0.14,92.9,1.2,224,2026-10-13 03:10:00,PT5M,0.0,0.0,0.0,0.0,0.0
0,0,0,0,24,0.14,92.9,1.2,224,2026-10-13 03:15:00,PT5M,0.0,0.0,0.0,0.0,0.0
0,0,0,0,24,0.14,92.9,1.1,224,2026-10-13 03:20:00,PT5M,0.0,0.0,0.0,0.0,0.0
0,0,0,0,24,0.14,92.8,1.1,225,2026-10-13 03:25:00,PT5M,0.0,0.0,0.0,0.0,0.0
0,0,0,0,24,0.14,92.8,1.1,225,2026-10-13 03:30:00,PT5M,0.0,0.0,0.0,0.0,0.0
0,0,0,0,24,0.14,92.8,1.1,225,2026-10-13 03:35:00,PT5M,0.0,0.0,0.0,0.0,0.0
0,0,0,0,24,0.14,92.8,1.1,225,2026-10-13 03:40:00,PT5M,0.0,0.0,0.0,0.0,0.0
0,0,0,0,24,0.14,92.8,1.1,226,2026-10-13 03:45:00,PT5M,0.0,0.0,0.0,0.0,0.0
0,0,0,0,24,0.14,92.8,1.1,226,2026-10-13 03:50:00,PT5M,0.0,0.0,0.0,0.0,0.0
0,0,0,0,24,0.14,92.8,1.1,226,2026-10-13 03:55:00,PT5M,0.0,0.0,0.0,0.0,0.0
0,0,0,0,24,0.14,92.7,1.1,227,2026-10-13 04:00:00,PT5M,0.0,0.0,0.0,0.0,0.0
0,0,0,0,24,0.14,92.7,1.1,227,2026-10-13 04:05:00,PT5M,0.0,0.0,0.0,0.0,0.0
0,0,0,0,24,0.14,92.7,1.1,227,2026-10-13 04:10:00,PT5M,0.0,0.0,0.0,0.0,0.0
0,0,0,0,24,0.14,92.7,1.1,228,2026-10-13 04:15:00,PT5M,0.0,0.0,0.0,0.0,0.0
0,0,0,0,24,0.14,92.7,1.1,228,2026-10-13 04:20:00,PT5M,0.0,0.0,0.0,0.0,0.0
0,0,0,0,24,0.14,92.7,1.1,228,2026-10-13 04:25:00,PT5M,0.0,0.0,0.0,0.0,0.0
0,0,0,0,24,0.14,92.6,1.1,229,2026-10-13 04:30:00,PT5M,0.0,0.0,0.0,0.0,0.0
0,0,0,0,24,0.14,92.6,1.1,229,2026-10-13 04:35:00,PT5M,0.0,0.0,0.0,0.0,0.0
0,0,0,0,24,0.14,92.6,1.1,229,2026-10-13 04:40:00,PT5M,0.0,0.0,0.0,0.0,0.0
0,0,0,0,24,0.14,92.6,1.0,230,2026-10-13 04:45:00,PT5M,0.0,0.0,0.0,0.0,0.0
0,0,0,0,24,0.14,92.6,1.0,230,2026-10-13 04:50:00,PT5M,0.0,0.0,0.0,0.0,0.0
0,0,0,0,24,0.14,92.6,1.0,230,2026-10-13 04:55:00,PT5M,0.0,0.0,0.0,0.0,0.0
0,0,0,0,24,0.14,92.5,1.0,231,2026-10-13 05:00:00,PT5M,0.0,0.0,0.0,0.0,0.0
0,0,0,0,24,0.14,92.5,1.0,231,2026-10-13 05:05:00,PT5M,0.0,0.0,0.0,0.0,0.0
0,0,0,0,24,0.14,92.5,1.0,231,2026-10-13 05:10:00,PT5M,0.0,0.0,0.0,0.0,0.0
0,0,0,0,24,0.14,92.5,1.0,232,2026-10-13 05:15:00,PT5M,0.0,0.0,0.0,0.0,0.0
0,0,0,0,24,0.14,92.5,1.0,232,2026-10-13 05:20:00,PT5M,0.0,0.0,0.0,0.0,0.0
0,0,0,0,24,0.14,92.5,1.0,233,2026-10-13 05:25:00,PT5M,0.0,0.0,0.0,0.0,0.0
0,0,0,0,24,0.14,92.4,1.0,233,2026-10-13 05:30:00,PT5M,0.0,0.0,0.0,0.0,0.0
0,0,0,0,24,0.14,92.1,1.0,233,2026-10-13 05:35:00,PT5M,0.0,0.0,0.0,0.0,0.0
0,0,0,0,24,0.14,91.4,1.0,234,2026-10-13 05:40:00,PT5M,0.0,0.0,0.0,0.0,0.0
0,0,0,0,24,0.14,90.8,1.0,234,2026-10-13 05:45:00,PT5M,0.0,0.0,0.0,0.0,0.0
0,0,0,0,24,0.14,90.1,1.0,235,2026-10-13 05:50:00,PT5M,0.0,0.0,0.0,0.0,0.0
0,0,0,0,24,0.14,89.4,1.0,235,2026-10-13 05:55:00,PT5M,0.0,0.0,0.0,0.0,0.0
5,5,0,5,25,0.14,88.8,1.0,236,2026-10-13 06:00:00,PT5M,0.026,0.061,0.0444,0.0076,0.0
14,14,0,14,25,0.14,88.1,1.0,236,2026-10-13 06:05:00,PT5M,1.252,1.925,1.6062,0.8978,0.579
24,24,21,22,25,0.14,87.5,1.0,236,2026-10-13 06:10:00,PT5M,2.618,3.9995,3.3451,1.8909,1.2365
36,35,58,30,25,0.14,86.9,1.0,237,2026-10-13 06:15:00,PT5M,4.508,6.9925,5.8156,3.2004,2.0235
49,48,92,38,25,0.14,86.2,1.0,237,2026-10-13 06:20:00,PT5M,6.806,10.5695,8.7868,4.8252,3.0425
63,61,119,46,25,0.14,85.6,1.0,238,2026-10-13 06:25:00,PT5M,9.403,14.5625,12.1185,6.6875,4.2435
78,75,148,53,25,0.14,85.0,1.0,238,2026-10-13 06:30:00,PT5M,12.48,19.1805,16.0065,8.9535,5.7795
94,90,177,61,25,0.14,84.4,1.0,239,2026-10-13 06:35:00,PT5M,15.788,24.0965,20.1608,11.4152,7.4795
110,106,206,68,26,0.14,83.8,1.0,239,2026-10-13 06:40:00,PT5M,19.252,29.167,24.4703,14.0337,9.337
128,123,233,74,26,0.14,83.2,1.0,239,2026-10-13 06:45:00,PT5M,22.903,34.3935,28.9505,16.8555,11.4125
145,140,259,81,26,0.14,82.6,1.0,240,2026-10-13 06:50:00,PT5M,26.678,39.7515,33.5587,19.7973,13.6045
164,158,284,87,26,0.14,82.0,1.0,240,2026-10-13 06:55:00,PT5M,30.666,45.385,38.4127,22.9193,15.947
182,176,303,93,26,0.14,81.4,1.0,241,2026-10-13 07:00:00,PT5M,34.549,51.0015,43.2081,25.8899,18.0965
200,193,321,100,26,0.14,80.8,1.0,241,2026-10-13 07:05:00,PT5M,38.578,56.937,48.2405,28.9155,20.219
219,212,341,106,26,0.14,80.2,1.0,242,2026-10-13 07:10:00,PT5M,42.924,63.342,53.6701,32.1779,22.506
238,231,360,111,26,0.14,79.6,1.0,242,2026-10-13 07:15:00,PT5M,47.319,69.8255,59.1643,35.4737,24.8125
258,250,378,117,27,0.14,79.1,1.0,242,2026-10-13 07:20:00,PT5M,51.72,76.331,64.6729,38.7671,27.109
277,268,395,122,27,0.14,78.5,1.0,243,2026-10-13 07:25:00,PT5M,56.13,82.905,70.2219,42.0381,29.355
296,287,410,127,27,0.14,77.9,1.0,243,2026-10-13 07:30:00,PT5M,60.547,89.453,75.7604,45.3336,31.641
315,306,425,131,27,0.14,77.4,1.0,244,2026-10-13 07:35:00,PT5M,64.99,96.062,81.3434,48.6366,33.918
334,325,439,136,27,0.14,76.8,1.0,244,2026-10-13 07:40:00,PT5M,69.012,100.0,86.3754,51.6486,36.021
354,344,453,140,27,0.14,76.3,1.0,244,2026-10-13 07:45:00,PT5M,71.256,100.0,88.9912,53.5208,37.5585
373,363,466,144,27,0.14,75.7,1.1,245,2026-10-13 07:50:00,PT5M,73.394,100.0,91.4721,55.3159,39.045
392,381,478,148,27,0.14,75.2,1.1,245,2026-10-13 07:55:00,PT5M,75.419,100.0,93.8084,57.0296,40.4785
411,400,490,152,28,0.14,74.7,1.1,246,2026-10-13 08:00:00,PT5M,77.319,100.0,95.9855,58.6525,41.852
429,418,501,156,28,0.14,74.1,1.1,246,2026-10-13 08:05:00,PT5M,79.083,100.0,97.988,60.178,43.163
448,436,512,159,28,0.14,73.6,1.1,246,2026-10-13 08:10:00,PT5M,80.698,100.0,99.7969,61.5991,44.4095
466,455,522,163,28,0.14,73.1,1.1,247,2026-10-13 08:15:00,PT5M,82.157,100.0,100.0,62.9107,45.5885
484,472,532,166,28,0.14,72.6,1.1,247,2026-10-13 08:20:00,PT5M,83.45,100.0,100.0,64.1137,46.7105
502,490,540,169,28,0.14,72.0,1.1,248,2026-10-13 08:25:00,PT5M,84.604,100.0,100.0,65.2114,47.7575
520,507,549,172,28,0.14,71.5,1.1,248,2026-10-13 08:30:00,PT5M,85.675,100.0,100.0,66.2487,48.7645
537,524,557,175,29,0.14,70.9,1.1,249,2026-10-13 08:35:00,PT5M,86.737,100.0,100.0,67.2963,49.799
554,541,564,178,29,0.14,70.3,1.0,251,2026-10-13 08:40:00,PT5M,87.66,100.0,100.0,68.2203,50.724
570,557,571,181,29,0.14,69.6,1.0,253,2026-10-13 08:45:00,PT5M,88.525,100.0,100.0,69.0974,51.612
587,573,578,184,29,0.14,68.9,1.0,255,2026-10-13 08:50:00,PT5M,89.342,100.0,100.0,69.9381,52.474
603,589,584,186,29,0.14,68.3,0.9,257,2026-10-13 08:55:00,PT5M,90.113,100.0,100.0,70.7431,53.3095
618,604,590,189,29,0.14,67.6,0.9,259,2026-10-13 09:00:00,PT5M,90.841,100.0,100.0,71.4879,54.0695
634,620,598,190,29,0.14,67.0,0.9,262,2026-10-13 09:05:00,PT5M,91.631,100.0,100.0,72.3366,54.971
650,636,605,192,30,0.14,66.4,0.9,264,2026-10-13 09:10:00,PT5M,92.403,100.0,100.0,73.247,56.006
665,651,612,193,30,0.14,65.7,0.9,267,2026-10-13 09:15:00,PT5M,93.137,100.0,100.0,74.1949,57.1465
680,666,619,195,30,0.14,65.1,0.8,270,2026-10-13 09:20:00,PT5M,93.834,100.0,100.0,75.1038,58.246
695,680,626,196,30,0.14,64.5,0.8,273,2026-10-13 09:25:00,PT5M,94.496,100.0,100.0,75.9753,59.306
709,694,633,197,30,0.14,63.9,0.8,276,2026-10-13 09:30:00,PT5M,95.126,100.0,100.0,76.8124,60.3295
723,708,639,198,30,0.14,63.3,0.8,279,2026-10-13 09:35:00,PT5M,95.725,100.0,100.0,77.6069,61.3
737,721,645,198,30,0.14,62.7,0.8,282,2026-10-13 09:40:00,PT5M,96.294,100.0,100.0,78.3588,62.2165
750,734,651,199,31,0.14,62.1,0.8,285,2026-10-13 09:45:00,PT5M,96.822,100.0,100.0,79.0649,63.083
763,747,656,200,31,0.14,61.5,0.8,288,2026-10-13 09:50:00,PT5M,97.279,100.0,100.0,79.6927,63.8645
775,759,660,201,31,0.14,60.9,0.8,292,2026-10-13 09:55:00,PT5M,97.712,100.0,100.0,80.291,64.6115
786,770,665,202,31,0.14,60.4,0.8,295,2026-10-13 10:00:00,PT5M,98.119,100.0,100.0,80.8574,65.3215
797,781,669,203,31,0.14,59.8,0.8,298,2026-10-13 10:05:00,PT5M,98.501,100.0,100.0,81.3939,65.997
808,791,673,203,31,0.14,59.2,0.8,301,2026-10-13 10:10:00,PT5M,98.857,100.0,100.0,81.8994,66.637
818,802,677,204,31,0.14,58.7,0.8,305,2026-10-13 10:15:00,PT5M,99.189,100.0,100.0,82.3764,67.2445
828,811,681,205,31,0.14,58.1,0.8,308,2026-10-13 10:20:00,PT5M,99.497,100.0,100.0,82.8246,67.819
837,820,684,205,32,0.14,57.6,0.8,311,2026-10-13 10:25:00,PT5M,99.782,100.0,100.0,83.2457,68.3625
846,829,688,205,32,0.14,57.0,0.8,314,2026-10-13 10:30:00,PT5M,100.0,100.0,100.0,83.5958,68.8315
855,838,692,205,32,0.14,56.5,0.9,316,2026-10-13 10:35:00,PT5M,100.0,100.0,100.0,83.7347,69.0955
864,847,698,204,32,0.14,56.0,0.9,319,2026-10-13 10:40:00,PT5M,100.0,100.0,100.0,83.8795,69.3705
873,856,704,203,32,0.14,55.5,0.9,322,2026-10-13 10:45:00,PT5M,100.0,100.0,100.0,84.0179,69.6335
881,864,709,201,32,0.14,54.9,0.9,324,2026-10-13 10:50:00,PT5M,100.0,100.0,100.0,84.1466,69.878
889,871,715,200,32,0.14,54.4,0.9,326,2026-10-13 10:55:00,PT5M,100.0,100.0,100.0,84.2542,70.0825
896,878,720,198,33,0.14,53.9,1.0,328,2026-10-13 11:00:00,PT5M,100.0,100.0,100.0,84.3734,70.309
903,885,725,197,33,0.14,53.4,1.0,331,2026-10-13 11:05:00,PT5M,100.0,100.0,100.0,84.4953,70.5405
909,891,729,196,33,0.14,52.9,1.0,333,2026-10-13 11:10:00,PT5M,100.0,100.0,100.0,84.6037,70.7465
915,896,733,194,33,0.14,52.4,1.1,334,2026-10-13 11:15:00,PT5M,100.0,100.0,100.0,84.7008,70.931
920,901,737,193,33,0.14,51.9,1.1,336,2026-10-13 11:20:00,PT5M,100.0,100.0,100.0,84.7913,71.103
924,906,741,192,33,0.14,51.5,1.1,338,2026-10-13 11:25:00,PT5M,100.0,100.0,100.0,84.8752,71.2625
928,909,745,190,33,0.14,51.0,1.2,339,2026-10-13 11:30:00,PT5M,100.0,100.0,100.0,84.9534,71.411
925,907,735,196,33,0.14,51.0,1.1,340,2026-10-13 11:35:00,PT5M,100.0,100.0,100.0,84.8876,71.286
916,898,711,209,33,0.14,51.5,1.0,341,2026-10-13 11:40:00,PT5M,100.0,100.0,100.0,84.6784,70.8885
906,889,688,221,33,0.14,52.0,0.8,343,2026-10-13 11:45:00,PT5M,100.0,100.0,100.0,84.4629,70.479
896,879,666,233,33,0.14,52.5,0.7,344,2026-10-13 11:50:00,PT5M,99.275,100.0,100.0,83.5166,69.3335
885,869,643,244,33,0.14,53.0,0.6,347,2026-10-13 11:55:00,PT5M,98.268,100.0,100.0,82.2825,67.895
874,858,621,255,33,0.14,53.5,0.4,351,2026-10-13 12:00:00,PT5M,97.307,100.0,100.0,81.0894,66.493
862,847,599,266,33,0.14,54.0,0.3,359,2026-10-13 12:05:00,PT5M,96.323,100.0,100.0,79.8685,65.059
850,835,578,276,32,0.14,54.6,0.2,20,2026-10-13 12:10:00,PT5M,95.315,100.0,100.0,78.6197,63.5935
838,823,557,286,32,0.14,55.1,0.1,73,2026-10-13 12:15:00,PT5M,94.28,100.0,100.0,77.3405,62.0945
825,811,536,295,32,0.14,55.6,0.2,116,2026-10-13 12:20:00,PT5M,93.27,100.0,100.0,76.0829,60.614
811,798,515,303,32,0.14,56.2,0.3,131,2026-10-13 12:25:00,PT5M,92.184,100.0,100.0,74.7477,59.0545
798,785,495,311,32,0.14,56.7,0.5,138,2026-10-13 12:30:00,PT5M,91.069,100.0,100.0,73.3814,57.462
783,771,474,319,32,0.14,57.3,0.6,142,2026-10-13 12:35:00,PT5M,89.865,100.0,100.0,71.9237,55.776
768,756,453,326,32,0.14,57.8,0.7,144,2026-10-13 12:40:00,PT5M,88.568,100.0,100.0,70.3694,53.99
752,741,432,333,31,0.14,58.4,0.9,146,2026-10-13 12:45:00,PT5M,87.225,100.0,100.0,68.7616,52.144
737,726,411,340,31,0.14,58.9,1.0,147,2026-10-13 12:50:00,PT5M,85.857,100.0,100.0,67.1349,50.2845
721,710,391,345,31,0.14,59.5,1.1,148,2026-10-13 12:55:00,PT5M,84.477,100.0,100.0,65.5092,48.4375
704,695,371,350,31,0.14,60.1,1.3,148,2026-10-13 13:00:00,PT5M,83.044,100.0,100.0,63.8222,46.522
688,679,352,354,31,0.14,60.7,1.4,149,2026-10-13 13:05:00,PT5M,81.505,100.0,100.0,62.0253,44.493
672,663,334,358,31,0.14,61.3,1.6,149,2026-10-13 13:10:00,PT5M,79.978,100.0,99.7156,60.2404,42.476
655,647,316,361,30,0.14,61.9,1.7,150,2026-10-13 13:15:00,PT5M,78.411,100.0,98.4046,58.4174,40.4225
638,631,298,363,30,0.14,62.5,1.8,150,2026-10-13 13:20:00,PT5M,76.811,100.0,97.0578,56.5642,38.3415
622,615,281,364,30,0.14,63.1,2.0,150,2026-10-13 13:25:00,PT5M,75.174,100.0,95.671,54.677,36.229
605,598,264,365,30,0.14,63.7,2.1,151,2026-10-13 13:30:00,PT5M,73.499,100.0,94.2431,52.7549,34.0845
588,582,248,366,30,0.14,64.4,2.2,151,2026-10-13 13:35:00,PT5M,71.787,100.0,92.7838,50.7902,31.8925
571,566,232,365,30,0.14,65.0,2.4,151,2026-10-13 13:40:00,PT5M,70.036,100.0,91.2901,48.7819,29.6525
555,550,217,364,30,0.14,65.6,2.5,151,2026-10-13 13:45:00,PT5M,68.247,100.0,89.7543,46.7397,27.3825
538,533,202,363,29,0.14,66.3,2.7,151,2026-10-13 13:50:00,PT5M,66.395,100.0,88.1512,44.6388,25.0575
521,517,187,361,29,0.14,66.9,2.8,151,2026-10-13 13:55:00,PT5M,64.536,100.0,86.537,42.535,22.7335
504,501,173,358,29,0.14,67.6,2.9,152,2026-10-13 14:00:00,PT5M,62.637,100.0,84.8787,40.3953,20.377
488,484,159,355,29,0.14,68.3,3.1,152,2026-10-13 14:05:00,PT5M,60.677,100.0,83.1553,38.1987,17.9675
471,468,145,352,29,0.14,69.0,3.2,152,2026-10-13 14:10:00,PT5M,58.677,100.0,81.3866,35.9674,15.528
454,451,132,347,29,0.14,69.6,3.4,152,2026-10-13 14:15:00,PT5M,56.65,100.0,79.5849,33.7151,13.073
437,435,120,343,29,0.14,70.3,3.5,152,2026-10-13 14:20:00,PT5M,54.597,98.6085,77.7606,31.4334,10.5855
421,419,107,338,28,0.14,71.0,3.6,152,2026-10-13 14:25:00,PT5M,52.521,96.9585,75.9088,29.1332,8.0835
405,403,95,332,28,0.14,71.7,3.8,152,2026-10-13 14:30:00,PT5M,50.599,95.445,74.2018,26.9962,5.753
393,391,89,326,28,0.14,72.2,3.8,152,2026-10-13 14:35:00,PT5M,49.145,94.2595,72.8891,25.4009,4.0305
385,383,89,319,28,0.14,72.5,3.7,153,2026-10-13 14:40:00,PT5M,48.316,93.575,72.1361,24.4959,3.057
376,375,88,313,28,0.14,72.7,3.7,153,2026-10-13 14:45:00,PT5M,47.471,92.8375,71.3477,23.5943,2.1045
368,367,88,306,28,0.14,72.9,3.6,154,2026-10-13 14:50:00,PT5M,46.653,91.8585,70.445,22.861,1.4475
360,358,88,299,28,0.14,73.2,3.5,154,2026-10-13 14:55:00,PT5M,45.805,90.8325,69.5033,22.1067,0.7775
351,349,88,292,28,0.14,73.4,3.4,155,2026-10-13 15:00:00,PT5M,44.928,89.76,68.5234,21.3326,0.096
342,340,87,285,28,0.14,73.7,3.4,155,2026-10-13 15:05:00,PT5M,43.984,88.582,67.4562,20.5118,0.0
332,331,85,277,28,0.14,73.9,3.3,156,2026-10-13 15:10:00,PT5M,42.958,87.217,66.2518,19.6642,0.0
322,321,83,270,28,0.14,74.1,3.2,157,2026-10-13 15:15:00,PT5M,41.881,85.832,65.0127,18.7493,0.0
313,311,81,263,28,0.14,74.4,3.1,157,2026-10-13 15:20:00,PT5M,40.759,84.366,63.7097,17.8083,0.0
302,301,79,255,28,0.14,74.6,3.1,158,2026-10-13 15:25:00,PT5M,39.588,82.8075,62.3347,16.8413,0.0
292,291,77,248,28,0.14,74.9,3.0,159,2026-10-13 15:30:00,PT5M,38.362,81.136,60.8743,15.8497,0.0
281,280,73,240,28,0.14,75.1,2.9,159,2026-10-13 15:35:00,PT5M,37.011,79.2335,59.233,14.789,0.0
269,268,68,232,28,0.14,75.4,2.9,160,2026-10-13 15:40:00,PT5M,35.488,77.0705,57.3732,13.6028,0.0
257,256,63,224,28,0.14,75.6,2.8,161,2026-10-13 15:45:00,PT5M,33.906,74.763,55.4093,12.4027,0.0
245,244,58,216,28,0.14,75.9,2.7,162,2026-10-13 15:50:00,PT5M,32.263,72.319,53.3448,11.1812,0.0
233,232,53,207,28,0.14,76.1,2.7,163,2026-10-13 15:55:00,PT5M,30.562,69.7495,51.1867,9.9373,0.0
221,220,47,199,27,0.14,76.4,2.6,164,2026-10-13 16:00:00,PT5M,28.802,67.062,48.9385,8.6655,0.0
209,208,41,190,27,0.14,76.6,2.5,165,2026-10-13 16:05:00,PT5M,27.013,64.3055,46.6403,7.3857,0.0
196,196,36,181,27,0.14,76.9,2.4,166,2026-10-13 16:10:00,PT5M,25.369,60.6635,43.9447,6.7933,0.0
184,184,30,172,27,0.14,77.1,2.4,167,2026-10-13 16:15:00,PT5M,23.86,56.736,41.1629,6.5571,0.0
172,172,24,163,27,0.14,77.4,2.3,168,2026-10-13 16:20:00,PT5M,22.033,52.534,38.0859,5.9801,0.0
160,160,17,154,27,0.14,77.6,2.3,169,2026-10-13 16:25:00,PT5M,20.188,48.336,35.0025,5.3735,0.0
148,148,10,145,27,0.14,77.9,2.2,170,2026-10-13 16:30:00,PT5M,18.342,44.1085,31.9031,4.7809,0.0
136,136,3,135,27,0.14,78.1,2.1,172,2026-10-13 16:35:00,PT5M,16.517,39.9575,28.8539,4.1801,0.0
124,125,0,125,27,0.14,78.4,2.1,173,2026-10-13 16:40:00,PT5M,14.937,36.0755,26.0623,3.8117,0.0
113,113,0,113,27,0.14,78.7,2.0,175,2026-10-13 16:45:00,PT5M,13.534,32.413,23.4702,3.5978,0.0
101,101,0,101,27,0.14,78.9,2.0,176,2026-10-13 16:50:00,PT5M,12.113,28.8075,20.8994,3.3266,0.0
89,89,0,89,27,0.14,79.2,1.9,178,2026-10-13 16:55:00,PT5M,10.688,25.307,18.3821,2.9939,0.0
78,78,0,78,27,0.14,79.4,1.8,180,2026-10-13 17:00:00,PT5M,9.26,21.8965,15.9107,2.6093,0.0
67,67,0,67,27,0.14,79.7,1.8,182,2026-10-13 17:05:00,PT5M,7.823,18.534,13.4603,2.1857,0.0
56,56,0,56,27,0.14,80.0,1.7,184,2026-10-13 17:10:00,PT5M,6.547,15.3865,11.1993,1.8947,0.0
46,46,0,46,27,0.14,80.2,1.7,186,2026-10-13 17:15:00,PT5M,5.341,12.368,9.0394,1.6426,0.0
37,37,0,37,27,0.14,80.5,1.7,189,2026-10-13 17:20:00,PT5M,4.121,9.448,6.9246,1.3174,0.0
29,29,0,29,27,0.14,80.8,1.6,191,2026-10-13 17:25:00,PT5M,3.043,6.8605,5.0522,1.0338,0.0
21,21,0,21,27,0.14,81.0,1.6,194,2026-10-13 17:30:00,PT5M,2.113,4.604,3.424,0.802,0.0
14,15,0,15,27,0.14,81.3,1.5,195,2026-10-13 17:35:00,PT5M,1.247,2.6165,1.9678,0.5262,0.0
8,9,0,9,27,0.14,81.5,1.5,195,2026-10-13 17:40:00,PT5M,0.447,1.0615,0.7704,0.1236,0.0
3,3,0,3,27,0.14,81.8,1.5,195,2026-10-13 17:45:00,PT5M,0.0,0.0125,0.0066,0.0,0.0
0,0,0,0,27,0.14,82.0,1.5,195,2026-10-13 17:50:00,PT5M,0.0,0.0,0.0,0.0,0.0
0,0,0,0,26,0.14,82.2,1.5,195,2026-10-13 17:55:00,PT5M,0.0,0.0,0.0,0.0,0.0
0,0,0,0,26,0.14,82.5,1.5,195,2026-10-13 18:00:00,PT5M,0.0,0.0,0.0,0.0,0.0
0,0,0,0,26,0.14,82.7,1.5,195,2026-10-13 18:05:00,PT5M,0.0,0.0,0.0,0.0,0.0
0,0,0,0,26,0.14,83.0,1.5,196,2026-10-13 18:10:00,PT5M,0.0,0.0,0.0,0.0,0.0
0,0,0,0,26,0.14,83.2,1.5,196,2026-10-13 18:15:00,PT5M,0.0,0.0,0.0,0.0,0.0
0,0,0,0,26,0.14,83.5,1.5,196,2026-10-13 18:20:00,PT5M,0.0,0.0,0.0,0.0,0.0
0,0,0,0,26,0.14,83.7,1.5,196,2026-10-13 18:25:00,PT5M,0.0,0.0,0.0,0.0,0.0
0,0,0,0,26,0.14,84.0,1.5,196,2026-10-13 18:30:00,PT5M,0.0,0.0,0.0,0.0,0.0
0,0,0,0,26,0.14,84.2,1.5,196,2026-10-13 18:35:00,PT5M,0.0,0.0,0.0,0.0,0.0
0,0,0,0,26,0.14,84.4,1.4,196,2026-10-13 18:40:00,PT5M,0.0,0.0,0.0,0.0,0.0
0,0,0,0,26,0.14,84.7,1.4,196,2026-10-13 18:45:00,PT5M,0.0,0.0,0.0,0.0,0.0
0,0,0,0,26,0.14,84.9,1.4,196,2026-10-13 18:50:00,PT5M,0.0,0.0,0.0,0.0,0.0
0,0,0,0,26,0.14,85.2,1.4,196,2026-10-13 18:55:00,PT5M,0.0,0.0,0.0,0.0,0.0
0,0,0,0,26,0.14,85.5,1.4,196,2026-10-13 19:00:00,PT5M,0.0,0.0,0.0,0.0,0.0
0,0,0,0,26,0.14,85.7,1.4,197,2026-10-13 19:05:00,PT5M,0.0,0.0,0.0,0.0,0.0
0,0,0,0,26,0.14,86.0,1.4,197,2026-10-13 19:10:00,PT5M,0.0,0.0,0.0,0.0,0.0
0,0,0,0,26,0.14,86.2,1.4,197,2026-10-13 19:15:00,PT5M,0.0,0.0,0.0,0.0,0.0
0,0,0,0,26,0.14,86.5,1.4,197,2026-10-13 19:20:00,PT5M,0.0,0.0,0.0,0.0,0.0
0,0,0,0,26,0.14,86.7,1.4,197,2026-10-13 19:25:00,PT5M,0.0,0.0,0.0,0.0,0.0
0,0,0,0,25,0.14,87.0,1.4,197,2026-10-13 19:30:00,PT5M,0.0,0.0,0.0,0.0,0.0
0,0,0,0,25,0.14,87.2,1.4,197,2026-10-13 19:35:00,PT5M,0.0,0.0,0.0,0.0,0.0
0,0,0,0,25,0.14,87.5,1.3,197,2026-10-13 19:40:00,PT5M,0.0,0.0,0.0,0.0,0.0
0,0,0,0,25,0.14,87.8,1.3,197,2026-10-13 19:45:00,PT5M,0.0,0.0,0.0,0.0,0.0
0,0,0,0,25,0.14,88.0,1.3,197,2026-10-13 19:50:00,PT5M,0.0,0.0,0.0,0.0,0.0
0,0,0,0,25,0.14,88.3,1.3,198,2026-10-13 19:55:00,PT5M,0.0,0.0,0.0,0.0,0.0
0,0,0,0,25,0.14,88.6,1.3,198,2026-10-13 20:00:00,PT5M,0.0,0.0,0.0,0.0,0.0
0,0,0,0,25,0.14,88.8,1.3,198,2026-10-13 20:05:00,PT5M,0.0,0.0,0.0,0.0,0.0
0,0,0,0,25,0.14,89.1,1.3,198,2026-10-13 20:10:00,PT5M,0.0,0.0,0.0,0.0,0.0
0,0,0,0,25,0.14,89.3,1.3,198,2026-10-13 20:15:00,PT5M,0.0,0.0,0.0,0.0,0.0
0,0,0,0,25,0.14,89.6,1.3,198,2026-10-13 20:20:00,PT5M,0.0,0.0,0.0,0.0,0.0
0,0,0,0,25,0.14,89.9,1.3,198,2026-10-13 20:25:00,PT5M,0.0,0.0,0.0,0.0,0.0
0,0,0,0,25,0.14,90.1,1.3,198,2026-10-13 20:30:00,PT5M,0.0,0.0,0.0,0.0,0.0
0,0,0,0,25,0.14,90.3,1.3,199,2026-10-13 20:35:00,PT5M,0.0,0.0,0.0,0.0,0.0
0,0,0,0,25,0.14,90.3,1.3,199,2026-10-13 20:40:00,PT5M,0.0,0.0,0.0,0.0,0.0
0,0,0,0,25,0.14,90.4,1.2,200,2026-10-13 20:45:00,PT5M,0.0,0.0,0.0,0.0,0.0
0,0,0,0,25,0.14,90.4,1.2,201,2026-10-13 20:50:00,PT5M,0.0,0.0,0.0,0.0,0.0
0,0,0,0,25,0.14,90.5,1.2,202,2026-10-13 20:55:00,PT5M,0.0,0.0,0.0,0.0,0.0
0,0,0,0,25,0.14,90.5,1.2,202,2026-10-13 21:00:00,PT5M,0.0,0.0,0.0,0.0,0.0
0,0,0,0,25,0.14,90.6,1.2,203,2026-10-13 21:05:00,PT5M,0.0,0.0,0.0,0.0,0.0
0,0,0,0,25,0.14,90.6,1.2,204,2026-10-13 21:10:00,PT5M,0.0,0.0,0.0,0.0,0.0
0,0,0,0,25,0.14,90.7,1.2,205,2026-10-13 21:15:00,PT5M,0.0,0.0,0.0,0.0,0.0
0,0,0,0,25,0.14,90.7,1.2,205,2026-10-13 21:20:00,PT5M,0.0,0.0,0.0,0.0,0.0
0,0,0,0,25,0.14,90.8,1.2,206,2026-10-13 21:25:00,PT5M,0.0,0.0,0.0,0.0,0.0
0,0,0,0,25,0.14,90.8,1.2,207,2026-10-13 21:30:00,PT5M,0.0,0.0,0.0,0.0,0.0
0,0,0,0,25,0.14,90.8,1.2,208,2026-10-13 21:35:00,PT5M,0.0,0.0,0.0,0.0,0.0
0,0,0,0,25,0.14,90.9,1.2,209,2026-10-13 21:40:00,PT5M,0.0,0.0,0.0,0.0,0.0
0,0,0,0,25,0.14,90.9,1.1,209,2026-10-13 21:45:00,PT5M,0.0,0.0,0.0,0.0,0.0
0,0,0,0,25,0.14,91.0,1.1,210,2026-10-13 21:50:00,PT5M,0.0,0.0,0.0,0.0,0.0
0,0,0,0,25,0.14,91.0,1.1,211,2026-10-13 21:55:00,PT5M,0.0,0.0,0.0,0.0,0.0
0,0,0,0,25,0.14,91.1,1.1,212,2026-10-13 22:00:00,PT5M,0.0,0.0,0.0,0.0,0.0
0,0,0,0,25,0.14,91.1,1.1,213,2026-10-13 22:05:00,PT5M,0.0,0.0,0.0,0.0,0.0
0,0,0,0,25,0.14,91.2,1.1,214,2026-10-13 22:10:00,PT5M,0.0,0.0,0.0,0.0,0.0
0,0,0,0,25,0.14,91.2,1.1,214,2026-10-13 22:15:00,PT5M,0.0,0.0,0.0,0.0,0.0
0,0,0,0,25,0.14,91.3,1.1,215,2026-10-13 22:20:00,PT5M,0.0,0.0,0.0,0.0,0.0
0,0,0,0,25,0.14,91.3,1.1,216,2026-10-13 22:25:00,PT5M,0.0,0.0,0.0,0.0,0.0
0,0,0,0,24,0.14,91.3,1.1,217,2026-10-13 22:30:00,PT5M,0.0,0.0,0.0,0.0,0.0
0,0,0,0,24,0.14,91.4,1.1,218,2026-10-13 22:35:00,PT5M,0.0,0.0,0.0,0.0,0.0
0,0,0,0,24,0.14,91.4,1.1,219,2026-10-13 22:40:00,PT5M,0.0,0.0,0.0,0.0,0.0
0,0,0,0,24,0.14,91.5,1.1,220,2026-10-13 22:45:00,PT5M,0.0,0.0,0.0,0.0,0.0
0,0,0,0,24,0.14,91.5,1.1,221,2026-10-13 22:50:00,PT5M,0.0,0.0,0.0,0.0,0.0
0,0,0,0,24,0.14,91.6,1.1,222,2026-10-13 22:55:00,PT5M,0.0,0.0,0.0,0.0,0.0
0,0,0,0,24,0.14,91.6,1.1,223,2026-10-13 23:00:00,PT5M,0.0,0.0,0.0,0.0,0.0
0,0,0,0,24,0.14,91.7,1.1,224,2026-10-13 23:05:00,PT5M,0.0,0.0,0.0,0.0,0.0
0,0,0,0,24,0.14,91.7,1.1,225,2026-10-13 23:10:00,PT5M,0.0,0.0,0.0,0.0,0.0
0,0,0,0,24,0.14,91.8,1.1,225,2026-10-13 23:15:00,PT5M,0.0,0.0,0.0,0.0,0.0
0,0,0,0,24,0.14,91.8,1.1,226,2026-10-13 23:20:00,PT5M,0.0,0.0,0.0,0.0,0.0
0,0,0,0,24,0.14,91.8,1.1,227,2026-10-13 23:25:00,PT5M,0.0,0.0,0.0,0.0,0.0
0,0,0,0,24,0.14,91.9,1.1,228,2026-10-13 23:30:00,PT5M,0.0,0.0,0.0,0.0,0.0
0,0,0,0,24,0.14,91.9,1.1,229,2026-10-13 23:35:00,PT5M,0.0,0.0,0.0,0.0,0.0
0,0,0,0,24,0.14,91.9,1.0,230,2026-10-13 23:40:00,PT5M,0.0,0.0,0.0,0.0,0.0
0,0,0,0,24,0.14,91.8,1.0,231,2026-10-13 23:45:00,PT5M,0.0,0.0,0.0,0.0,0.0
0,0,0,0,24,0.14,91.8,1.0,232,2026-10-13 23:50:00,PT5M,0.0,0.0,0.0,0.0,0.0
0,0,0,0,24,0.14,91.8,1.0,233,2026-10-13 23:55:00,PT5M,0.0,0.0,0.0,0.0,0.0
0,0,0,0,24,0.14,91.7,1.0,234,2026-10-14 00:00:00,PT5M,0.0,0.0,0.0,0.0,0.0
0,0,0,0,24,0.14,91.7,0.9,235,2026-10-14 00:05:00,PT5M,0.0,0.0,0.0,0.0,0.0
0,0,0,0,24,0.14,91.7,0.9,237,2026-10-14 00:10:00,PT5M,0.0,0.0,0.0,0.0,0.0
0,0,0,0,24,0.14,91.6,0.9,238,2026-10-14 00:15:00,PT5M,0.0,0.0,0.0,0.0,0.0
0,0,0,0,24,0.14,91.6,0.9,239,2026-10-14 00:20:00,PT5M,0.0,0.0,0.0,0.0,0.0
0,0,0,0,24,0.14,91.6,0.9,240,2026-10-14 00:25:00,PT5M,0.0,0.0,0.0,0.0,0.0
0,0,0,0,24,0.14,91.5,0.9,242,2026-10-14 00:30:00,PT5M,0.0,0.0,0.0,0.0,0.0
0,0,0,0,24,0.14,91.5,0.9,243,2026-10-14 00:35:00,PT5M,0.0,0.0,0.0,0.0,0.0
0,0,0,0,24,0.14,91.5,0.8,245,2026-10-14 00:40:00,PT5M,0.0,0.0,0.0,0.0,0.0
0,0,0,0,24,0.14,91.5,0.8,246,2026-10-14 00:45:00,PT5M,0.0,0.0,0.0,0.0,0.0
0,0,0,0,24,0.14,91.4,0.8,248,2026-10-14 00:50:00,PT5M,0.0,0.0,0.0,0.0,0.0
0,0,0,0,24,0.14,91.4,0.8,249,2026-10-14 00:55:00,PT5M,0.0,0.0,0.0,0.0,0.0
0,0,0,0,24,0.14,91.4,0.8,251,2026-10-14 01:00:00,PT5M,0.0,0.0,0.0,0.0,0.0
0,0,0,0,24,0.14,91.3,0.8,252,2026-10-14 01:05:00,PT5M,0.0,0.0,0.0,0.0,0.0
0,0,0,0,24,0.14,91.3,0.8,254,2026-10-14 01:10:00,PT5M,0.0,0.0,0.0,0.0,0.0
0,0,0,0,24,0.14,91.3,0.8,256,2026-10-14 01:15:00,PT5M,0.0,0.0,0.0,0.0,0.0
0,0,0,0,24,0.14,91.2,0.8,258,2026-10-14 01:20:00,PT5M,0.0,0.0,0.0,0.0,0.0
0,0,0,0,24,0.14,91.2,0.8,259,2026-10-14 01:25:00,PT5M,0.0,0.0,0.0,0.0,0.0
0,0,0,0,24,0.14,91.2,0.7,261,2026-10-14 01:30:00,PT5M,0.0,0.0,0.0,0.0,0.0
0,0,0,0,24,0.14,91.1,0.7,263,2026-10-14 01:35:00,PT5M,0.0,0.0,0.0,0.0,0.0
0,0,0,0,24,0.14,91.1,0.7,265,2026-10-14 01:40:00,PT5M,0.0,0.0,0.0,0.0,0.0
0,0,0,0,24,0.14,91.1,0.7,267,2026-10-14 01:45:00,PT5M,0.0,0.0,0.0,0.0,0.0
0,0,0,0,24,0.14,91.0,0.7,269,2026-10-14 01:50:00,PT5M,0.0,0.0,0.0,0.0,0.0
0,0,0,0,24,0.14,91.0,0.7,271,2026-10-14 01:55:00,PT5M,0.0,0.0,0.0,0.0,0.0
0,0,0,0,24,0.14,91.0,0.7,273,2026-10-14 02:00:00,PT5M,0.0,0.0,0.0,0.0,0.0
0,0,0,0,24,0.14,90.9,0.7,275,2026-10-14 02:05:00,PT5M,0.0,0.0,0.0,0.0,0.0
0,0,0,0,24,0.14,90.9,0.7,277,2026-10-14 02:10:00,PT5M,0.0,0.0,0.0,0.0,0.0
0,0,0,0,24,0.14,90.9,0.7,279,2026-10-14 02:15:00,PT5M,0.0,0.0,0.0,0.0,0.0
0,0,0,0,24,0.14,90.9,0.7,281,2026-10-14 02:20:00,PT5M,0.0,0.0,0.0,0.0,0.0
0,0,0,0,24,0.14,90.8,0.7,283,2026-10-14 02:25:00,PT5M,0.0,0.0,0.0,0.0,0.0
0,0,0,0,24,0.14,90.8,0.7,285,2026-10-14 02:30:00,PT5M,0.0,0.0,0.0,0.0,0.0
0,0,0,0,24,0.14,90.8,0.7,286,2026-10-14 02:35:00,PT5M,0.0,0.0,0.0,0.0,0.0
0,0,0,0,24,0.14,90.8,0.7,286,2026-10-14 02:40:00,PT5M,0.0,0.0,0.0,0.0,0.0
0,0,0,0,24,0.14,90.9,0.7,286,2026-10-14 02:45:00,PT5M,0.0,0.0,0.0,0.0,0.0
0,0,0,0,24,0.14,90.9,0.7,286,2026-10-14 02:50:00,PT5M,0.0,0.0,0.0,0.0,0.0
0,0,0,0,24,0.14,90.9,0.7,286,2026-10-14 02:55:00,PT5M,0.0,0.0,0.0,0.0,0.0
0,0,0,0,24,0.14,90.9,0.7,286,2026-10-14 03:00:00,PT5M,0.0,0.0,0.0,0.0,0.0
0,0,0,0,24,0.14,91.0,0.7,286,2026-10-14 03:05:00,PT5M,0.0,0.0,0.0,0.0,0.0
0,0,0,0,24,0.14,91.0,0.7,286,2026-10-14 03:10:00,PT5M,0.0,0.0,0.0,0.0,0.0
0,0,0,0,24,0.14,91.0,0.7,286,2026-10-14 03:15:00,PT5M,0.0,0.0,0.0,0.0,0.0
0,0,0,0,24,0.14,91.1,0.7,287,2026-10-14 03:20:00,PT5M,0.0,0.0,0.0,0.0,0.0
0,0,0,0,24,0.14,91.1,0.7,287,2026-10-14 03:25:00,PT5M,0.0,0.0,0.0,0.0,0.0
0,0,0,0,24,0.14,91.1,0.7,287,2026-10-14 03:30:00,PT5M,0.0,0.0,0.0,0.0,0.0
0,0,0,0,24,0.14,91.2,0.7,287,2026-10-14 03:35:00,PT5M,0.0,0.0,0.0,0.0,0.0
0,0,0,0,24,0.14,91.2,0.7,287,2026-10-14 03:40:00,PT5M,0.0,0.0,0.0,0.0,0.0
0,0,0,0,24,0.14,91.2,0.7,287,2026-10-14 03:45:00,PT5M,0.0,0.0,0.0,0.0,0.0
0,0,0,0,24,0.14,91.2,0.7,287,2026-10-14 03:50:00,PT5M,0.0,0.0,0.0,0.0,0.0
0,0,0,0,24,0.14,91.3,0.7,287,2026-10-14 03:55:00,PT5M,0.0,0.0,0.0,0.0,0.0
0,0,0,0,24,0.14,91.3,0.7,287,2026-10-14 04:00:00,PT5M,0.0,0.0,0.0,0.0,0.0
0,0,0,0,24,0.14,91.3,0.7,287,2026-10-14 04:05:00,PT5M,0.0,0.0,0.0,0.0,0.0
0,0,0,0,24,0.14,91.4,0.7,287,2026-10-14 04:10:00,PT5M,0.0,0.0,0.0,0.0,0.0
0,0,0,0,24,0.14,91.4,0.7,287,2026-10-14 04:15:00,PT5M,0.0,0.0,0.0,0.0,0.0
0,0,0,0,24,0.14,91.4,0.7,287,2026-10-14 04:20:00,PT5M,0.0,0.0,0.0,0.0,0.0
0,0,0,0,24,0.14,91.5,0.7,287,2026-10-14 04:25:00,PT5M,0.0,0.0,0.0,0.0,0.0
0,0,0,0,24,0.14,91.5,0.7,287,2026-10-14 04:30:00,PT5M,0.0,0.0,0.0,0.0,0.0
0,0,0,0,24,0.14,91.5,0.7,288,2026-10-14 04:35:00,PT5M,0.0,0.0,0.0,0.0,0.0
0,0,0,0,24,0.14,91.5,0.7,288,2026-10-14 04:40:00,PT5M,0.0,0.0,0.0,0.0,0.0
0,0,0,0,24,0.14,91.6,0.7,288,2026-10-14 04:45:00,PT5M,0.0,0.0,0.0,0.0,0.0
0,0,0,0,24,0.14,91.6,0.7,288,2026-10-14 04:50:00,PT5M,0.0,0.0,0.0,0.0,0.0
0,0,0,0,24,0.14,91.6,0.7,288,2026-10-14 04:55:00,PT5M,0.0,0.0,0.0,0.0,0.0
0,0,0,0,24,0.14,91.7,0.6,288,2026-10-14 05:00:00,PT5M,0.0,0.0,0.0,0.0,0.0
0,0,0,0,24,0.14,91.7,0.6,288,2026-10-14 05:05:00,PT5M,0.0,0.0,0.0,0.0,0.0
0,0,0,0,24,0.14,91.7,0.6,288,2026-10-14 05:10:00,PT5M,0.0,0.0,0.0,0.0,0.0
0,0,0,0,24,0.14,91.8,0.6,288,2026-10-14 05:15:00,PT5M,0.0,0.0,0.0,0.0,0.0
0,0,0,0,24,0.14,91.8,0.6,288,2026-10-14 05:20:00,PT5M,0.0,0.0,0.0,0.0,0.0
0,0,0,0,24,0.14,91.8,0.6,288,2026-10-14 05:25:00,PT5M,0.0,0.0,0.0,0.0,0.0
0,0,0,0,24,0.14,91.9,0.6,288,2026-10-14 05:30:00,PT5M,0.0,0.0,0.0,0.0,0.0
0,0,0,0,24,0.14,91.6,0.6,289,2026-10-14 05:35:00,PT5M,0.0,0.0,0.0,0.0,0.0
0,0,0,0,24,0.14,90.9,0.6,291,2026-10-14 05:40:00,PT5M,0.0,0.0,0.0,0.0,0.0
0,0,0,0,24,0.14,90.3,0.6,293,2026-10-14 05:45:00,PT5M,0.0,0.0,0.0,0.0,0.0
0,0,0,0,24,0.14,89.7,0.7,294,2026-10-14 05:50:00,PT5M,0.0,0.0,0.0,0.0,0.0
0,0,0,0,24,0.14,89.1,0.7,296,2026-10-14 05:55:00,PT5M,0.0,0.0,0.0,0.0,0.0
5,5,0,5,24,0.14,88.5,0.7,297,2026-10-14 06:00:00,PT5M,0.02,0.0525,0.0371,0.0029,0.0
14,14,0,14,24,0.14,87.9,0.7,299,2026-10-14 06:05:00,PT5M,1.224,1.8825,1.5706,0.8774,0.5655
24,24,21,22,25,0.14,87.3,0.7,300,2026-10-14 06:10:00,PT5M,2.609,3.8755,3.2756,1.9424,1.3425
37,36,65,30,25,0.14,86.7,0.7,301,2026-10-14 06:15:00,PT5M,4.611,6.9515,5.8428,3.3792,2.2705
51,49,109,37,25,0.14,86.1,0.7,303,2026-10-14 06:20:00,PT5M,7.167,10.829,9.0943,5.2397,3.505
66,63,147,44,25,0.14,85.5,0.7,304,2026-10-14 06:25:00,PT5M,10.151,15.316,12.8694,7.4326,4.986
82,78,187,51,25,0.14,84.9,0.7,305,2026-10-14 06:30:00,PT5M,13.742,20.607,17.3551,10.1289,6.877
100,95,229,57,25,0.14,84.4,0.7,306,2026-10-14 06:35:00,PT5M,17.755,26.433,22.3223,13.1877,9.077
118,113,269,62,25,0.14,83.8,0.8,308,2026-10-14 06:40:00,PT5M,21.911,32.455,27.4604,16.3616,11.367
137,131,308,67,25,0.14,83.2,0.8,309,2026-10-14 06:45:00,PT5M,26.265,38.615,32.7649,19.7651,13.915
157,150,346,71,26,0.14,82.7,0.8,310,2026-10-14 06:50:00,PT5M,30.777,44.9535,38.2382,23.3158,16.6005
178,170,383,74,26,0.14,82.1,0.8,311,2026-10-14 06:55:00,PT5M,35.526,51.6135,43.993,27.059,19.4385
198,189,412,78,26,0.14,81.6,0.8,312,2026-10-14 07:00:00,PT5M,40.237,58.339,49.7642,30.7098,22.135
217,208,433,82,26,0.14,81.0,0.8,313,2026-10-14 07:05:00,PT5M,44.799,64.9565,55.408,34.19,24.6415
237,227,452,86,26,0.14,80.5,0.8,314,2026-10-14 07:10:00,PT5M,49.353,71.569,61.0454,37.6606,27.137
256,246,469,90,26,0.14,79.9,0.8,315,2026-10-14 07:15:00,PT5M,53.927,78.219,66.7121,41.1419,29.635
275,265,485,94,26,0.14,79.4,0.9,316,2026-10-14 07:20:00,PT5M,58.485,84.863,72.3679,44.6021,32.107
295,284,500,98,26,0.14,78.9,0.9,317,2026-10-14 07:25:00,PT5M,63.123,91.5895,78.1051,48.1409,34.6565
314,303,513,102,27,0.14,78.4,0.9,318,2026-10-14 07:30:00,PT5M,67.66,98.2305,83.7495,51.5705,37.0895
333,322,526,106,27,0.14,77.8,0.9,318,2026-10-14 07:35:00,PT5M,72.221,100.0,89.4436,54.9984,39.4975
353,341,538,109,27,0.14,77.3,0.9,319,2026-10-14 07:40:00,PT5M,76.239,100.0,94.4445,58.0335,41.648
372,360,550,113,27,0.14,76.8,0.9,320,2026-10-14 07:45:00,PT5M,78.171,100.0,96.6623,59.6797,43.037
391,378,561,116,27,0.14,76.3,0.9,321,2026-10-14 07:50:00,PT5M,80.014,100.0,98.7692,61.2588,44.3785
410,397,572,119,27,0.14,75.8,1.0,321,2026-10-14 07:55:00,PT5M,81.759,100.0,100.0,62.7635,45.667
429,416,582,122,27,0.14,75.3,1.0,322,2026-10-14 08:00:00,PT5M,83.391,100.0,100.0,64.1837,46.8965
447,434,591,125,27,0.14,74.8,1.0,323,2026-10-14 08:05:00,PT5M,84.895,100.0,100.0,65.4753,47.997
466,452,600,127,28,0.14,74.3,1.0,324,2026-10-14 08:10:00,PT5M,86.255,100.0,100.0,66.6972,49.0945
484,470,609,130,28,0.14,73.8,1.0,324,2026-10-14 08:15:00,PT5M,87.461,100.0,100.0,67.8071,50.118
502,488,617,133,28,0.14,73.3,1.0,325,2026-10-14 08:20:00,PT5M,88.502,100.0,100.0,68.8076,51.082
520,505,624,135,28,0.14,72.8,1.1,325,2026-10-14 08:25:00,PT5M,89.412,100.0,100.0,69.7055,51.969
537,523,631,138,28,0.14,72.3,1.1,326,2026-10-14 08:30:00,PT5M,90.251,100.0,100.0,70.5495,52.8175
554,539,637,141,28,0.14,71.9,1.1,327,2026-10-14 08:35:00,PT5M,91.033,100.0,100.0,71.342,53.6195
571,556,643,143,28,0.14,71.4,1.1,328,2026-10-14 08:40:00,PT5M,91.766,100.0,100.0,72.0868,54.375
588,572,649,146,28,0.14,70.9,1.0,329,2026-10-14 08:45:00,PT5M,92.453,100.0,100.0,72.791,55.0945
604,589,654,148,29,0.14,70.4,1.0,330,2026-10-14 08:50:00,PT5M,93.104,100.0,100.0,73.4654,55.79
620,604,659,150,29,0.14,69.9,1.0,332,2026-10-14 08:55:00,PT5M,93.718,100.0,100.0,74.152,56.542
635,620,664,152,29,0.14,69.4,1.0,333,2026-10-14 09:00:00,PT5M,94.3,100.0,100.0,74.903,57.445
651,635,670,154,29,0.14,68.9,1.0,334,2026-10-14 09:05:00,PT5M,94.929,100.0,100.0,75.7009,58.395
667,651,675,156,29,0.14,68.4,1.0,335,2026-10-14 09:10:00,PT5M,95.541,100.0,100.0,76.4784,59.3215
682,666,681,158,29,0.14,68.0,1.0,337,2026-10-14 09:15:00,PT5M,96.125,100.0,100.0,77.2237,60.212
697,680,686,159,29,0.14,67.5,1.0,338,2026-10-14 09:20:00,PT5M,96.682,100.0,100.0,77.9376,61.067
711,695,691,161,29,0.14,67.0,1.0,339,2026-10-14 09:25:00,PT5M,97.215,100.0,100.0,78.6232,61.89
726,709,696,162,29,0.14,66.6,1.0,341,2026-10-14 09:30:00,PT5M,97.724,100.0,100.0,79.2798,62.6795
740,723,702,163,30,0.14,66.1,0.9,342,2026-10-14 09:35:00,PT5M,98.277,100.0,100.0,79.9939,63.5385
754,737,709,163,30,0.14,65.7,0.9,344,2026-10-14 09:40:00,PT5M,98.872,100.0,100.0,80.7641,64.4665
768,751,716,163,30,0.14,65.2,0.9,345,2026-10-14 09:45:00,PT5M,99.466,100.0,100.0,81.5289,65.385
781,764,722,163,30,0.14,64.8,0.9,347,2026-10-14 09:50:00,PT5M,99.952,100.0,100.0,82.1786,66.182
794,776,728,163,30,0.14,64.3,0.9,348,2026-10-14 09:55:00,PT5M,100.0,100.0,100.0,82.3848,66.5305
807,789,733,163,30,0.14,63.9,0.9,350,2026-10-14 10:00:00,PT5M,100.0,100.0,100.0,82.5371,66.82
819,801,739,163,30,0.14,63.4,0.9,351,2026-10-14 10:05:00,PT5M,100.0,100.0,100.0,82.6858,67.1025
831,812,745,162,30,0.14,63.0,0.9,353,2026-10-14 10:10:00,PT5M,100.0,100.0,100.0,82.8305,67.3775
842,823,751,162,31,0.14,62.6,0.9,354,2026-10-14 10:15:00,PT5M,100.0,100.0,100.0,82.9708,67.644
853,834,756,161,31,0.14,62.2,0.9,356,2026-10-14 10:20:00,PT5M,100.0,100.0,100.0,83.1066,67.902
864,844,762,160,31,0.14,61.7,0.9,358,2026-10-14 10:25:00,PT5M,100.0,100.0,100.0,83.2384,68.1525
874,854,767,159,31,0.14,61.3,0.9,359,2026-10-14 10:30:00,PT5M,100.0,100.0,100.0,83.3661,68.395
909,888,835,126,31,0.14,60.9,0.9,1,2026-10-14 10:35:00,PT5M,100.0,100.0,100.0,83.4795,68.6105
916,896,837,126,31,0.14,60.5,0.9,2,2026-10-14 10:40:00,PT5M,100.0,100.0,100.0,83.5763,68.7945
924,903,838,126,31,0.14,60.1,0.9,4,2026-10-14 10:45:00,PT5M,100.0,100.0,100.0,83.6661,68.965
931,910,840,127,31,0.14,59.7,0.9,6,2026-10-14 10:50:00,PT5M,100.0,100.0,100.0,83.745,69.115
937,916,841,127,31,0.14,59.3,0.9,7,2026-10-14 10:55:00,PT5M,100.0,100.0,100.0,83.8045,69.228
943,922,842,127,32,0.14,58.9,0.9,9,2026-10-14 11:00:00,PT5M,100.0,100.0,100.0,83.8742,69.3605
948,927,844,127,32,0.14,58.5,0.9,10,2026-10-14 11:05:00,PT5M,100.0,100.0,100.0,83.9466,69.498
953,932,845,128,32,0.14,58.1,0.9,12,2026-10-14 11:10:00,PT5M,100.0,100.0,100.0,84.0055,69.61
957,936,846,128,32,0.14,57.7,0.9,13,2026-10-14 11:15:00,PT5M,100.0,100.0,100.0,84.0542,69.7025
961,940,846,128,32,0.14,57.3,0.9,15,2026-10-14 11:20:00,PT5M,100.0,100.0,100.0,84.0958,69.7815
964,943,847,128,32,0.14,56.9,0.9,16,2026-10-14 11:25:00,PT5M,100.0,100.0,100.0,84.1311,69.8485
967,946,848,128,32,0.14,56.5,0.9,18,2026-10-14 11:30:00,PT5M,100.0,100.0,100.0,84.1605,69.9045
942,922,787,162,32,0.14,56.4,0.9,19,2026-10-14 11:35:00,PT5M,100.0,100.0,100.0,84.1284,69.8435
939,919,776,168,32,0.14,56.7,0.9,21,2026-10-14 11:40:00,PT5M,100.0,100.0,100.0,84.0347,69.6655
935,916,765,174,32,0.14,57.0,0.8,23,2026-10-14 11:45:00,PT5M,100.0,100.0,100.0,83.9342,69.4745
931,912,755,180,32,0.14,57.2,0.7,25,2026-10-14 11:50:00,PT5M,100.0,100.0,100.0,83.8274,69.2715
926,907,744,186,32,0.14,57.5,0.7,27,2026-10-14 11:55:00,PT5M,100.0,100.0,100.0,83.7142,69.0565
921,902,733,192,32,0.14,57.8,0.6,30,2026-10-14 12:00:00,PT5M,100.0,100.0,100.0,83.5947,68.8295
914,896,721,198,32,0.14,58.0,0.6,33,2026-10-14 12:05:00,PT5M,100.0,100.0,100.0,83.4682,68.589
908,889,709,204,32,0.14,58.3,0.5,37,2026-10-14 12:10:00,PT5M,100.0,100.0,100.0,83.3345,68.335
900,882,696,211,32,0.14,58.6,0.5,42,2026-10-14 12:15:00,PT5M,100.0,100.0,100.0,83.1958,68.0715
892,875,684,217,32,0.14,58.9,0.4,48,2026-10-14 12:20:00,PT5M,99.983,100.0,100.0,83.0351,67.7815
884,866,671,223,32,0.14,59.1,0.4,55,2026-10-14 12:25:00,PT5M,99.433,100.0,100.0,82.3375,66.951
875,858,659,229,32,0.14,59.4,0.4,64,2026-10-14 12:30:00,PT5M,98.86,100.0,100.0,81.6127,66.0895
866,849,646,234,32,0.14,59.7,0.3,73,2026-10-14 12:35:00,PT5M,98.263,100.0,100.0,80.8701,65.216
856,840,633,239,32,0.14,60.0,0.3,84,2026-10-14 12:40:00,PT5M,97.639,100.0,100.0,80.1038,64.3215
846,830,621,244,31,0.14,60.2,0.3,94,2026-10-14 12:45:00,PT5M,96.984,100.0,100.0,79.2961,63.3765
836,820,608,249,31,0.14,60.5,0.4,105,2026-10-14 12:50:00,PT5M,96.308,100.0,100.0,78.4712,62.4175
825,809,596,254,31,0.14,60.8,0.4,114,2026-10-14 12:55:00,PT5M,95.617,100.0,100.0,77.6418,61.4635
814,798,583,258,31,0.14,61.1,0.4,122,2026-10-14 13:00:00,PT5M,94.888,100.0,100.0,76.7601,60.4445
802,787,571,262,31,0.14,61.4,0.5,129,2026-10-14 13:05:00,PT5M,94.149,100.0,100.0,75.863,59.405
791,776,561,264,31,0.14,61.7,0.5,134,2026-10-14 13:10:00,PT5M,93.406,100.0,100.0,74.9597,58.3575
779,764,550,266,31,0.14,61.9,0.5,139,2026-10-14 13:15:00,PT5M,92.632,100.0,100.0,74.0231,57.2745
767,752,539,268,31,0.14,62.2,0.6,143,2026-10-14 13:20:00,PT5M,91.833,100.0,100.0,73.0599,56.1635
754,740,529,270,31,0.14,62.5,0.6,146,2026-10-14 13:25:00,PT5M,91.025,100.0,100.0,72.0866,55.0415
741,728,518,271,31,0.14,62.8,0.7,149,2026-10-14 13:30:00,PT5M,90.164,100.0,100.0,71.0585,53.863
728,715,508,272,31,0.14,63.1,0.8,151,2026-10-14 13:35:00,PT5M,89.271,100.0,100.0,69.9876,52.632
715,702,497,273,31,0.14,63.4,0.8,153,2026-10-14 13:40:00,PT5M,88.346,100.0,100.0,68.8742,51.349
701,688,487,273,31,0.14,63.7,0.9,155,2026-10-14 13:45:00,PT5M,87.389,100.0,100.0,67.728,50.0325
687,675,477,274,31,0.14,64.0,0.9,156,2026-10-14 13:50:00,PT5M,86.397,100.0,100.0,66.5457,48.679
673,661,466,273,31,0.14,64.3,1.0,158,2026-10-14 13:55:00,PT5M,85.372,100.0,100.0,65.3289,47.2895
659,647,456,273,31,0.14,64.6,1.1,159,2026-10-14 14:00:00,PT5M,84.311,100.0,100.0,64.0745,45.861
644,632,444,273,30,0.14,64.9,1.1,160,2026-10-14 14:05:00,PT5M,83.156,100.0,100.0,62.7229,44.3325
628,617,432,272,30,0.14,65.2,1.2,161,2026-10-14 14:10:00,PT5M,81.947,100.0,100.0,61.3171,42.7495
613,602,421,272,30,0.14,65.5,1.2,162,2026-10-14 14:15:00,PT5M,80.701,100.0,100.0,59.8748,41.1305
597,586,409,271,30,0.14,65.8,1.3,162,2026-10-14 14:20:00,PT5M,79.416,100.0,100.0,58.3942,39.474
581,571,397,270,30,0.14,66.1,1.4,163,2026-10-14 14:25:00,PT5M,78.092,100.0,99.3085,56.8755,37.78
565,555,386,268,30,0.14,66.4,1.4,164,2026-10-14 14:30:00,PT5M,76.727,100.0,98.1369,55.3171,36.0475
549,539,374,266,30,0.14,66.8,1.5,164,2026-10-14 14:35:00,PT5M,75.327,100.0,96.9285,53.7255,34.2835
533,524,363,264,30,0.14,67.3,1.4,165,2026-10-14 14:40:00,PT5M,73.868,100.0,95.6053,52.1307,32.5665
517,508,351,261,30,0.14,67.7,1.4,165,2026-10-14 14:45:00,PT5M,72.428,100.0,94.2247,50.6313,31.0135
501,492,341,258,30,0.14,68.2,1.4,165,2026-10-14 14:50:00,PT5M,71.018,100.0,92.8605,49.1755,29.5165
485,476,331,254,30,0.14,68.6,1.4,166,2026-10-14 14:55:00,PT5M,69.562,100.0,91.439,47.685,27.995
469,461,320,250,30,0.14,69.1,1.4,166,2026-10-14 15:00:00,PT5M,68.059,100.0,89.9581,46.1599,26.45
452,445,309,247,29,0.14,69.5,1.4,167,2026-10-14 15:05:00,PT5M,66.444,100.0,88.3373,44.5507,24.846
436,428,297,243,29,0.14,70.0,1.4,167,2026-10-14 15:10:00,PT5M,64.7,100.0,86.5583,42.8417,23.1685
419,412,284,239,29,0.14,70.4,1.4,167,2026-10-14 15:15:00,PT5M,62.884,100.0,84.6539,41.1141,21.5205
402,396,272,235,29,0.14,70.9,1.4,168,2026-10-14 15:20:00,PT5M,60.996,100.0,82.6862,39.3058,19.784
385,379,259,230,29,0.14,71.4,1.4,168,2026-10-14 15:25:00,PT5M,59.031,100.0,80.6135,37.4485,18.0235
368,363,246,226,29,0.14,71.8,1.4,169,2026-10-14 15:30:00,PT5M,56.962,97.6915,78.3982,35.5258,16.2325
351,346,232,221,29,0.14,72.3,1.4,169,2026-10-14 15:35:00,PT5M,54.744,95.0605,75.9629,33.5251,14.4275
334,329,217,215,29,0.14,72.8,1.4,170,2026-10-14 15:40:00,PT5M,52.399,92.19,73.3413,31.4567,12.608
316,312,203,210,29,0.14,73.3,1.4,170,2026-10-14 15:45:00,PT5M,49.916,89.089,70.533,29.299,10.743
299,295,188,204,29,0.14,73.8,1.4,170,2026-10-14 15:50:00,PT5M,47.351,85.822,67.5986,27.1034,8.88
282,278,173,197,28,0.14,74.3,1.4,171,2026-10-14 15:55:00,PT5M,44.713,82.408,64.5521,24.8739,7.018
265,262,158,191,28,0.14,74.8,1.4,171,2026-10-14 16:00:00,PT5M,42.009,78.8605,61.4042,22.6138,5.1575
249,245,144,184,28,0.14,75.3,1.4,172,2026-10-14 16:05:00,PT5M,39.344,75.338,58.2879,20.4001,3.35
232,230,131,176,28,0.14,75.8,1.4,172,2026-10-14 16:10:00,PT5M,36.425,70.436,54.3252,18.5248,2.414
217,214,119,168,28,0.14,76.3,1.4,173,2026-10-14 16:15:00,PT5M,33.382,65.1125,50.082,16.682,1.6515
201,199,106,160,28,0.14,76.8,1.3,173,2026-10-14 16:20:00,PT5M,30.388,59.876,45.9077,14.8683,0.9
185,184,92,151,28,0.14,77.3,1.3,174,2026-10-14 16:25:00,PT5M,27.594,54.8605,41.9446,13.2434,0.3275
170,169,79,142,28,0.14,77.8,1.3,174,2026-10-14 16:30:00,PT5M,24.739,49.795,37.9262,11.5518,0.0
155,154,66,134,28,0.14,78.3,1.3,175,2026-10-14 16:35:00,PT5M,21.991,44.7925,33.9916,9.9904,0.0
141,140,53,125,27,0.14,78.9,1.3,175,2026-10-14 16:40:00,PT5M,19.371,39.981,30.2182,8.5238,0.0
126,126,39,115,27,0.14,79.4,1.3,175,2026-10-14 16:45:00,PT5M,16.86,35.3125,26.5717,7.1483,0.0
112,112,24,106,27,0.14,79.9,1.3,176,2026-10-14 16:50:00,PT5M,14.366,30.7285,22.9777,5.7543,0.0
98,98,6,97,27,0.14,80.5,1.3,176,2026-10-14 16:55:00,PT5M,12.006,26.3775,19.5698,4.4422,0.0
84,85,0,85,27,0.14,81.0,1.3,177,2026-10-14 17:00:00,PT5M,10.113,22.5705,16.6695,3.5565,0.0
72,72,0,72,27,0.14,81.5,1.3,177,2026-10-14 17:05:00,PT5M,8.5,19.086,14.0715,2.9285,0.0
60,60,0,60,27,0.14,82.1,1.3,178,2026-10-14 17:10:00,PT5M,7.073,15.8235,11.6785,2.4675,0.0
49,49,0,49,27,0.14,82.6,1.3,178,2026-10-14 17:15:00,PT5M,5.723,12.683,9.3861,2.0599,0.0
39,39,0,39,27,0.14,83.2,1.3,179,2026-10-14 17:20:00,PT5M,4.379,9.654,7.1553,1.6027,0.0
30,30,0,30,27,0.14,83.8,1.3,179,2026-10-14 17:25:00,PT5M,3.213,7.0155,5.2143,1.2117,0.0
22,22,0,22,26,0.14,84.3,1.3,180,2026-10-14 17:30:00,PT5M,2.206,4.6515,3.4931,0.9189,0.0
15,15,0,15,26,0.14,84.7,1.3,180,2026-10-14 17:35:00,PT5M,1.275,2.602,1.9734,0.5766,0.0
8,8,0,8,26,0.14,84.8,1.2,179,2026-10-14 17:40:00,PT5M,0.43,1.006,0.7332,0.1268,0.0
3,3,0,3,26,0.14,84.9,1.2,178,2026-10-14 17:45:00,PT5M,0.0,0.0,0.0,0.0,0.0
0,0,0,0,26,0.14,84.9,1.2,178,2026-10-14 17:50:00,PT5M,0.0,0.0,0.0,0.0,0.0
0,0,0,0,26,0.14,85.0,1.1,177,2026-10-14 17:55:00,PT5M,0.0,0.0,0.0,0.0,0.0
0,0,0,0,26,0.14,85.1,1.1,176,2026-10-14 18:00:00,PT5M,0.0,0.0,0.0,0.0,0.0
0,0,0,0,26,0.14,85.2,1.1,175,2026-10-14 18:05:00,PT5M,0.0,0.0,0.0,0.0,0.0
0,0,0,0,26,0.14,85.3,1.0,174,2026-10-14 18:10:00,PT5M,0.0,0.0,0.0,0.0,0.0
0,0,0,0,26,0.14,85.4,1.0,173,2026-10-14 18:15:00,PT5M,0.0,0.0,0.0,0.0,0.0
0,0,0,0,26,0.14,85.5,0.9,172,2026-10-14 18:20:00,PT5M,0.0,0.0,0.0,0.0,0.0
0,0,0,0,26,0.14,85.6,0.9,171,2026-10-14 18:25:00,PT5M,0.0,0.0,0.0,0.0,0.0
0,0,0,0,26,0.14,85.7,0.9,169,2026-10-14 18:30:00,PT5M,0.0,0.0,0.0,0.0,0.0
0,0,0,0,26,0.14,85.8,0.8,168,2026-10-14 18:35:00,PT5M,0.0,0.0,0.0,0.0,0.0
0,0,0,0,26,0.14,85.9,0.8,166,2026-10-14 18:40:00,PT5M,0.0,0.0,0.0,0.0,0.0
0,0,0,0,26,0.14,86.0,0.8,165,2026-10-14 18:45:00,PT5M,0.0,0.0,0.0,0.0,0.0
0,0,0,0,26,0.14,86.1,0.7,163,2026-10-14 18:50:00,PT5M,0.0,0.0,0.0,0.0,0.0
0,0,0,0,26,0.14,86.2,0.7,161,2026-10-14 18:55:00,PT5M,0.0,0.0,0.0,0.0,0.0
0,0,0,0,26,0.14,86.3,0.7,159,2026-10-14 19:00:00,PT5M,0.0,0.0,0.0,0.0,0.0
0,0,0,0,26,0.14,86.4,0.6,156,2026-10-14 19:05:00,PT5M,0.0,0.0,0.0,0.0,0.0
0,0,0,0,26,0.14,86.5,0.6,153,2026-10-14 19:10:00,PT5M,0.0,0.0,0.0,0.0,0.0
0,0,0,0,26,0.14,86.6,0.6,150,2026-10-14 19:15:00,PT5M,0.0,0.0,0.0,0.0,0.0
0,0,0,0,26,0.14,86.7,0.6,147,2026-10-14 19:20:00,PT5M,0.0,0.0,0.0,0.0,0.0
0,0,0,0,26,0.14,86.8,0.5,144,2026-10-14 19:25:00,PT5M,0.0,0.0,0.0,0.0,0.0
0,0,0,0,26,0.14,86.9,0.5,140,2026-10-14 19:30:00,PT5M,0.0,0.0,0.0,0.0,0.0
0,0,0,0,25,0.14,87.0,0.5,136,2026-10-14 19:35:00,PT5M,0.0,0.0,0.0,0.0,0.0
0,0,0,0,25,0.14,87.1,0.5,131,2026-10-14 19:40:00,PT5M,0.0,0.0,0.0,0.0,0.0
0,0,0,0,25,0.14,87.2,0.5,126,2026-10-14 19:45:00,PT5M,0.0,0.0,0.0,0.0,0.0
0,0,0,0,25,0.14,87.3,0.4,121,2026-10-14 19:50:00,PT5M,0.0,0.0,0.0,0.0,0.0
0,0,0,0,25,0.14,87.4,0.4,116,2026-10-14 19:55:00,PT5M,0.0,0.0,0.0,0.0,0.0
0,0,0,0,25,0.14,87.5,0.4,110,2026-10-14 20:00:00,PT5M,0.0,0.0,0.0,0.0,0.0
0,0,0,0,25,0.14,87.6,0.4,105,2026-10-14 20:05:00,PT5M,0.0,0.0,0.0,0.0,0.0
0,0,0,0,25,0.14,87.7,0.4,100,2026-10-14 20:10:00,PT5M,0.0,0.0,0.0,0.0,0.0
0,0,0,0,25,0.14,87.8,0.5,95,2026-10-14 20:15:00,PT5M,0.0,0.0,0.0,0.0,0.0
0,0,0,0,25,0.14,87.9,0.5,90,2026-10-14 20:20:00,PT5M,0.0,0.0,0.0,0.0,0.0
0,0,0,0,25,0.14,88.0,0.5,85,2026-10-14 20:25:00,PT5M,0.0,0.0,0.0,0.0,0.0
0,0,0,0,25,0.14,88.1,0.5,81,2026-10-14 20:30:00,PT5M,0.0,0.0,0.0,0.0,0.0
0,0,0,0,25,0.14,88.2,0.5,78,2026-10-14 20:35:00,PT5M,0.0,0.0,0.0,0.0,0.0
0,0,0,0,25,0.14,88.3,0.5,75,2026-10-14 20:40:00,PT5M,0.0,0.0,0.0,0.0,0.0
0,0,0,0,25,0.14,88.4,0.5,73,2026-10-14 20:45:00,PT5M,0.0,0.0,0.0,0.0,0.0
0,0,0,0,25,0.14,88.5,0.5,70,2026-10-14 20:50:00,PT5M,0.0,0.0,0.0,0.0,0.0
0,0,0,0,25,0.14,88.5,0.5,68,2026-10-14 20:55:00,PT5M,0.0,0.0,0.0,0.0,0.0
0,0,0,0,25,0.14,88.6,0.5,65,2026-10-14 21:00:00,PT5M,0.0,0.0,0.0,0.0,0.0
0,0,0,0,25,0.14,88.7,0.4,62,2026-10-14 21:05:00,PT5M,0.0,0.0,0.0,0.0,0.0
0,0,0,0,25,0.14,88.8,0.4,59,2026-10-14 21:10:00,PT5M,0.0,0.0,0.0,0.0,0.0
0,0,0,0,25,0.14,88.9,0.4,56,2026-10-14 21:15:00,PT5M,0.0,0.0,0.0,0.0,0.0
0,0,0,0,25,0.14,89.0,0.4,53,2026-10-14 21:20:00,PT5M,0.0,0.0,0.0,0.0,0.0
0,0,0,0,25,0.14,89.1,0.4,50,2026-10-14 21:25:00,PT5M,0.0,0.0,0.0,0.0,0.0
0,0,0,0,25,0.14,89.2,0.4,47,2026-10-14 21:30:00,PT5M,0.0,0.0,0.0,0.0,0.0
0,0,0,0,25,0.14,89.2,0.4,43,2026-10-14 21:35:00,PT5M,0.0,0.0,0.0,0.0,0.0
0,0,0,0,25,0.14,89.3,0.4,40,2026-10-14 21:40:00,PT5M,0.0,0.0,0.0,0.0,0.0
0,0,0,0,25,0.14,89.4,0.4,37,2026-10-14 21:45:00,PT5M,0.0,0.0,0.0,0.0,0.0
