gti,ghi,dni,dhi,air_temp,albedo,relative_humidity,wind_speed_10m,wind_direction_10m,period_end,period,power,power_p10,power_p25,power_p75,power_p90
0,0,0,0,26,0.15,82.0,5.7,226,2026-09-18 00:05:00,PT5M,0.0,0.0,0.0,0.0,0.0
0,0,0,0,26,0.15,81.9,5.6,227,2026-09-18 00:10:00,PT5M,0.0,0.0,0.0,0.0,0.0
0,0,0,0,26,0.15,81.8,5.6,227,2026-09-18 00:15:00,PT5M,0.0,0.0,0.0,0.0,0.0
0,0,0,0,26,0.15,81.8,5.6,227,2026-09-18 00:20:00,PT5M,0.0,0.0,0.0,0.0,0.0
0,0,0,0,26,0.15,81.7,5.6,227,2026-09-18 00:25:00,PT5M,0.0,0.0,0.0,0.0,0.0
0,0,0,0,26,0.15,81.6,5.6,227,2026-09-18 00:30:00,PT5M,0.0,0.0,0.0,0.0,0.0
0,0,0,0,26,0.15,81.5,5.6,227,2026-09-18 00:35:00,PT5M,0.0,0.0,0.0,0.0,0.0
0,0,0,0,26,0.15,81.5,5.6,227,2026-09-18 00:40:00,PT5M,0.0,0.0,0.0,0.0,0.0
0,0,0,0,26,0.15,81.4,5.6,227,2026-09-18 00:45:00,PT5M,0.0,0.0,0.0,0.0,0.0
0,0,0,0,26,0.15,81.4,5.6,227,2026-09-18 00:50:00,PT5M,0.0,0.0,0.0,0.0,0.0
0,0,0,0,26,0.15,81.4,5.6,227,2026-09-18 00:55:00,PT5M,0.0,0.0,0.0,0.0,0.0
0,0,0,0,26,0.15,81.3,5.6,227,2026-09-18 01:00:00,PT5M,0.0,0.0,0.0,0.0,0.0
0,0,0,0,26,0.15,81.3,5.6,227,2026-09-18 01:05:00,PT5M,0.0,0.0,0.0,0.0,0.0
0,0,0,0,26,0.15,81.2,5.5,227,2026-09-18 01:10:00,PT5M,0.0,0.0,0.0,0.0,0.0
0,0,0,0,26,0.15,81.2,5.5,227,2026-09-18 01:15:00,PT5M,0.0,0.0,0.0,0.0,0.0
0,0,0,0,26,0.15,81.1,5.5,227,2026-09-18 01:20:00,PT5M,0.0,0.0,0.0,0.0,0.0
0,0,0,0,26,0.15,81.1,5.5,227,2026-09-18 01:25:00,PT5M,0.0,0.0,0.0,0.0,0.0
0,0,0,0,26,0.15,81.1,5.5,226,2026-09-18 01:30:00,PT5M,0.0,0.0,0.0,0.0,0.0
0,0,0,0,26,0.15,81.1,5.5,226,2026-09-18 01:35:00,PT5M,0.0,0.0,0.0,0.0,0.0
0,0,0,0,26,0.15,81.2,5.5,227,2026-09-18 01:40:00,PT5M,0.0,0.0,0.0,0.0,0.0
0,0,0,0,26,0.15,81.2,5.5,227,2026-09-18 01:45:00,PT5M,0.0,0.0,0.0,0.0,0.0
0,0,0,0,26,0.15,81.3,5.5,227,2026-09-18 01:50:00,PT5M,0.0,0.0,0.0,0.0,0.0
0,0,0,0,26,0.15,81.4,5.5,227,2026-09-18 01:55:00,PT5M,0.0,0.0,0.0,0.0,0.0
0,0,0,0,26,0.15,81.5,5.6,227,2026-09-18 02:00:00,PT5M,0.0,0.0,0.0,0.0,0.0
0,0,0,0,26,0.15,81.6,5.6,227,2026-09-18 02:05:00,PT5M,0.0,0.0,0.0,0.0,0.0
0,0,0,0,26,0.15,81.6,5.6,227,2026-09-18 02:10:00,PT5M,0.0,0.0,0.0,0.0,0.0
0,0,0,0,26,0.15,81.7,5.6,227,2026-09-18 02:15:00,PT5M,0.0,0.0,0.0,0.0,0.0
0,0,0,0,26,0.15,81.8,5.6,227,2026-09-18 02:20:00,PT5M,0.0,0.0,0.0,0.0,0.0
0,0,0,0,26,0.15,81.9,5.6,227,2026-09-18 02:25:00,PT5M,0.0,0.0,0.0,0.0,0.0
0,0,0,0,26,0.15,82.0,5.6,227,2026-09-18 02:30:00,PT5M,0.0,0.0,0.0,0.0,0.0
0,0,0,0,26,0.15,82.1,5.6,227,2026-09-18 02:35:00,PT5M,0.0,0.0,0.0,0.0,0.0
0,0,0,0,26,0.15,82.1,5.6,227,2026-09-18 02:40:00,PT5M,0.0,0.0,0.0,0.0,0.0
0,0,0,0,26,0.15,82.2,5.6,227,2026-09-18 02:45:00,PT5M,0.0,0.0,0.0,0.0,0.0
0,0,0,0,26,0.15,82.3,5.6,227,2026-09-18 02:50:00,PT5M,0.0,0.0,0.0,0.0,0.0
0,0,0,0,26,0.15,82.4,5.6,227,2026-09-18 02:55:00,PT5M,0.0,0.0,0.0,0.0,0.0
0,0,0,0,26,0.15,82.5,5.6,227,2026-09-18 03:00:00,PT5M,0.0,0.0,0.0,0.0,0.0
0,0,0,0,26,0.15,82.5,5.6,227,2026-09-18 03:05:00,PT5M,0.0,0.0,0.0,0.0,0.0
0,0,0,0,26,0.15,82.6,5.5,227,2026-09-18 03:10:00,PT5M,0.0,0.0,0.0,0.0,0.0
0,0,0,0,26,0.15,82.7,5.5,227,2026-09-18 03:15:00,PT5M,0.0,0.0,0.0,0.0,0.0
0,0,0,0,26,0.15,82.8,5.5,227,2026-09-18 03:20:00,PT5M,0.0,0.0,0.0,0.0,0.0
0,0,0,0,26,0.15,82.9,5.5,227,2026-09-18 03:25:00,PT5M,0.0,0.0,0.0,0.0,0.0
0,0,0,0,26,0.15,83.0,5.5,226,2026-09-18 03:30:00,PT5M,0.0,0.0,0.0,0.0,0.0
0,0,0,0,26,0.15,83.0,5.5,227,2026-09-18 03:35:00,PT5M,0.0,0.0,0.0,0.0,0.0
0,0,0,0,26,0.15,82.9,5.5,227,2026-09-18 03:40:00,PT5M,0.0,0.0,0.0,0.0,0.0
0,0,0,0,26,0.15,82.9,5.5,227,2026-09-18 03:45:00,PT5M,0.0,0.0,0.0,0.0,0.0
0,0,0,0,26,0.15,82.9,5.5,228,2026-09-18 03:50:00,PT5M,0.0,0.0,0.0,0.0,0.0
0,0,0,0,26,0.15,82.8,5.5,228,2026-09-18 03:55:00,PT5M,0.0,0.0,0.0,0.0,0.0
0,0,0,0,26,0.15,82.8,5.6,228,2026-09-18 04:00:00,PT5M,0.0,0.0,0.0,0.0,0.0
0,0,0,0,26,0.15,82.7,5.6,228,2026-09-18 04:05:00,PT5M,0.0,0.0,0.0,0.0,0.0
0,0,0,0,26,0.15,82.7,5.6,229,2026-09-18 04:10:00,PT5M,0.0,0.0,0.0,0.0,0.0
0,0,0,0,26,0.15,82.7,5.6,229,2026-09-18 04:15:00,PT5M,0.0,0.0,0.0,0.0,0.0
0,0,0,0,26,0.15,82.6,5.6,229,2026-09-18 04:20:00,PT5M,0.0,0.0,0.0,0.0,0.0
0,0,0,0,26,0.15,82.6,5.6,230,2026-09-18 04:25:00,PT5M,0.0,0.0,0.0,0.0,0.0
0,0,0,0,26,0.15,82.5,5.6,230,2026-09-18 04:30:00,PT5M,0.0,0.0,0.0,0.0,0.0
0,0,0,0,26,0.15,82.6,5.6,230,2026-09-18 04:35:00,PT5M,0.0,0.0,0.0,0.0,0.0
0,0,0,0,26,0.15,82.6,5.6,231,2026-09-18 04:40:00,PT5M,0.0,0.0,0.0,0.0,0.0
0,0,0,0,26,0.15,82.7,5.5,231,2026-09-18 04:45:00,PT5M,0.0,0.0,0.0,0.0,0.0
0,0,0,0,26,0.15,82.8,5.5,231,2026-09-18 04:50:00,PT5M,0.0,0.0,0.0,0.0,0.0
0,0,0,0,26,0.15,82.9,5.5,232,2026-09-18 04:55:00,PT5M,0.0,0.0,0.0,0.0,0.0
0,0,0,0,26,0.15,83.0,5.5,232,2026-09-18 05:00:00,PT5M,0.0,0.0,0.0,0.0,0.0
0,0,0,0,26,0.15,83.0,5.4,232,2026-09-18 05:05:00,PT5M,0.0,0.0,0.0,0.0,0.0
0,0,0,0,26,0.15,83.1,5.4,233,2026-09-18 05:10:00,PT5M,0.0,0.0,0.0,0.0,0.0
0,0,0,0,26,0.15,83.2,5.4,233,2026-09-18 05:15:00,PT5M,0.0,0.0,0.0,0.0,0.0
0,0,0,0,25,0.15,83.3,5.4,233,2026-09-18 05:20:00,PT5M,0.0,0.0,0.0,0.0,0.0
0,0,0,0,25,0.15,83.4,5.3,234,2026-09-18 05:25:00,PT5M,0.0,0.0,0.0,0.0,0.0
0,0,0,0,25,0.15,83.5,5.3,234,2026-09-18 05:30:00,PT5M,0.0,0.0,0.0,0.0,0.0
0,0,0,0,25,0.15,83.5,5.3,234,2026-09-18 05:35:00,PT5M,0.0,0.0,0.0,0.0,0.0
0,0,0,0,25,0.15,83.4,5.3,234,2026-09-18 05:40:00,PT5M,0.0,0.0,0.0,0.0,0.0
0,0,0,0,26,0.15,83.3,5.2,234,2026-09-18 05:45:00,PT5M,0.0,0.0,0.0,0.0,0.0
0,0,0,0,26,0.15,83.2,5.2,233,2026-09-18 05:50:00,PT5M,0.0,0.0,0.0,0.0,0.0
0,0,0,0,26,0.15,83.1,5.2,233,2026-09-18 05:55:00,PT5M,0.0,0.0,0.0,0.0,0.0
0,0,0,0,26,0.15,83.0,5.1,233,2026-09-18 06:00:00,PT5M,0.0,0.0,0.0,0.0,0.0
6,6,0,6,26,0.15,83.0,5.1,232,2026-09-18 06:05:00,PT5M,0.121,0.3325,0.2323,0.0097,0.0
13,13,0,13,26,0.15,82.9,5.1,232,2026-09-18 06:10:00,PT5M,1.102,2.0365,1.5938,0.6102,0.1675
21,22,0,22,26,0.15,82.8,5.0,232,2026-09-18 06:15:00,PT5M,2.2,4.1685,3.236,1.164,0.2315
31,31,0,31,26,0.15,82.7,5.0,232,2026-09-18 06:20:00,PT5M,3.384,7.132,5.3566,1.4114,0.0
41,41,7,40,26,0.15,82.6,5.0,231,2026-09-18 06:25:00,PT5M,4.738,10.17,7.5969,1.8791,0.0
52,52,27,48,26,0.15,82.6,4.9,231,2026-09-18 06:30:00,PT5M,6.625,13.96,10.4855,2.7645,0.0
64,65,52,57,26,0.15,82.3,4.9,231,2026-09-18 06:35:00,PT5M,9.038,18.3585,13.9434,4.1326,0.0
78,79,84,64,26,0.15,81.9,4.9,231,2026-09-18 06:40:00,PT5M,11.889,23.166,17.8242,5.9538,0.612
94,94,116,72,26,0.15,81.4,4.9,230,2026-09-18 06:45:00,PT5M,15.143,28.2735,22.0537,8.2323,2.0125
110,111,151,78,26,0.15,81.0,4.8,230,2026-09-18 06:50:00,PT5M,18.887,33.757,26.7132,11.0608,4.017
128,129,187,84,26,0.15,80.6,4.8,230,2026-09-18 06:55:00,PT5M,22.887,39.526,31.6442,14.1298,6.248
146,148,225,89,26,0.15,80.1,4.8,230,2026-09-18 07:00:00,PT5M,27.359,45.792,37.0604,17.6576,8.926
165,166,258,94,27,0.15,79.7,4.8,230,2026-09-18 07:05:00,PT5M,31.877,52.171,42.5579,21.1961,11.583
185,186,293,98,27,0.15,79.3,4.8,229,2026-09-18 07:10:00,PT5M,36.774,58.936,48.438,25.11,14.612
205,206,328,101,27,0.15,78.9,4.7,229,2026-09-18 07:15:00,PT5M,41.968,65.9845,54.6081,29.3279,17.9515
226,228,364,103,27,0.15,78.4,4.7,229,2026-09-18 07:20:00,PT5M,47.458,73.3095,61.0638,33.8522,21.6065
248,250,401,105,27,0.15,78.0,4.7,229,2026-09-18 07:25:00,PT5M,53.219,80.877,67.7756,38.6624,25.561
271,272,439,105,27,0.15,77.6,4.7,229,2026-09-18 07:30:00,PT5M,59.256,88.694,74.7494,43.7626,29.818
292,293,465,106,27,0.15,77.1,4.7,228,2026-09-18 07:35:00,PT5M,64.489,95.835,80.9866,47.9914,33.143
310,311,475,111,28,0.15,76.6,4.7,228,2026-09-18 07:40:00,PT5M,68.758,100.0,86.3698,51.1462,35.295
328,329,487,114,28,0.15,76.0,4.7,228,2026-09-18 07:45:00,PT5M,72.021,100.0,90.3649,53.6771,37.167
346,347,497,118,28,0.15,75.5,4.7,228,2026-09-18 07:50:00,PT5M,73.889,100.0,92.4095,55.3685,38.6995
364,365,507,122,28,0.15,74.9,4.7,228,2026-09-18 07:55:00,PT5M,75.738,100.0,94.418,57.058,40.2455
382,383,517,125,28,0.15,74.4,4.7,228,2026-09-18 08:00:00,PT5M,77.451,100.0,96.2783,58.6237,41.6785
400,401,526,129,28,0.15,73.8,4.7,228,2026-09-18 08:05:00,PT5M,79.068,100.0,98.034,60.102,43.032
417,418,535,132,28,0.15,73.3,4.7,228,2026-09-18 08:10:00,PT5M,80.572,100.0,99.6275,61.5165,44.366
435,436,544,135,29,0.15,72.8,4.7,228,2026-09-18 08:15:00,PT5M,81.948,100.0,100.0,62.8538,45.6685
453,453,552,138,29,0.15,72.3,4.7,228,2026-09-18 08:20:00,PT5M,83.191,100.0,100.0,64.1139,46.944
470,471,560,141,29,0.15,71.7,4.7,228,2026-09-18 08:25:00,PT5M,84.264,100.0,100.0,65.259,48.154
487,488,567,144,29,0.15,71.2,4.7,228,2026-09-18 08:30:00,PT5M,85.256,100.0,100.0,66.3426,49.32
504,504,574,147,29,0.15,70.7,4.7,229,2026-09-18 08:35:00,PT5M,86.191,100.0,100.0,67.4013,50.49
520,521,580,149,29,0.15,70.1,4.6,229,2026-09-18 08:40:00,PT5M,87.077,100.0,100.0,68.5305,51.838
537,537,587,152,29,0.15,69.5,4.6,229,2026-09-18 08:45:00,PT5M,87.917,100.0,100.0,69.6052,53.124
553,554,593,154,30,0.15,69.0,4.6,230,2026-09-18 08:50:00,PT5M,88.718,100.0,100.0,70.633,54.356
569,570,599,157,30,0.15,68.4,4.6,230,2026-09-18 08:55:00,PT5M,89.485,100.0,100.0,71.6211,55.543
585,585,605,159,30,0.15,67.9,4.5,231,2026-09-18 09:00:00,PT5M,90.22,100.0,100.0,72.5713,56.687
601,601,613,160,30,0.15,67.3,4.5,231,2026-09-18 09:05:00,PT5M,91.03,100.0,100.0,73.6008,57.914
617,617,621,162,30,0.15,66.8,4.5,231,2026-09-18 09:10:00,PT5M,91.831,100.0,100.0,74.6179,59.1255
633,633,628,163,30,0.15,66.2,4.4,232,2026-09-18 09:15:00,PT5M,92.602,100.0,100.0,75.5989,60.2955
648,648,635,163,30,0.15,65.7,4.4,232,2026-09-18 09:20:00,PT5M,93.344,100.0,100.0,76.5453,61.426
664,663,643,164,31,0.15,65.1,4.4,233,2026-09-18 09:25:00,PT5M,94.06,100.0,100.0,77.46,62.5195
679,678,650,165,31,0.15,64.6,4.4,233,2026-09-18 09:30:00,PT5M,94.749,100.0,100.0,78.3416,63.5745
692,692,654,167,31,0.15,64.1,4.3,233,2026-09-18 09:35:00,PT5M,95.211,100.0,100.0,78.9668,64.3465
703,703,653,170,31,0.15,63.6,4.3,233,2026-09-18 09:40:00,PT5M,95.454,100.0,100.0,79.3432,64.843
714,714,652,174,31,0.15,63.1,4.2,234,2026-09-18 09:45:00,PT5M,95.634,100.0,100.0,79.6456,65.2555
725,724,650,178,31,0.15,62.6,4.1,234,2026-09-18 09:50:00,PT5M,95.785,100.0,100.0,79.9108,65.6235
735,734,649,181,31,0.15,62.2,4.1,234,2026-09-18 09:55:00,PT5M,95.922,100.0,100.0,80.1559,65.966
744,743,647,185,31,0.15,61.7,4.0,234,2026-09-18 10:00:00,PT5M,96.045,100.0,100.0,80.3795,66.28
753,752,645,189,32,0.15,61.2,3.9,234,2026-09-18 10:05:00,PT5M,96.154,100.0,100.0,80.5803,66.5635
761,761,643,193,32,0.15,60.8,3.9,234,2026-09-18 10:10:00,PT5M,96.247,100.0,100.0,80.7586,66.8185
770,769,640,197,32,0.15,60.3,3.8,234,2026-09-18 10:15:00,PT5M,96.323,100.0,100.0,80.913,67.0435
777,776,638,200,32,0.15,59.8,3.7,234,2026-09-18 10:20:00,PT5M,96.384,100.0,100.0,81.0479,67.245
784,784,636,204,32,0.15,59.4,3.7,234,2026-09-18 10:25:00,PT5M,96.433,100.0,100.0,81.1667,67.4265
791,790,633,207,32,0.15,58.9,3.6,234,2026-09-18 10:30:00,PT5M,96.468,100.0,100.0,81.2648,67.5815
796,795,628,212,32,0.15,58.6,3.6,234,2026-09-18 10:35:00,PT5M,96.363,100.0,100.0,81.183,67.5205
800,799,621,218,32,0.15,58.5,3.6,234,2026-09-18 10:40:00,PT5M,96.122,100.0,100.0,80.9244,67.246
803,802,613,224,32,0.15,58.3,3.5,234,2026-09-18 10:45:00,PT5M,95.868,100.0,100.0,80.6448,66.9435
806,805,605,230,32,0.15,58.1,3.5,234,2026-09-18 10:50:00,PT5M,95.598,100.0,100.0,80.3404,66.608
808,807,597,236,32,0.15,58.0,3.5,234,2026-09-18 10:55:00,PT5M,95.311,100.0,100.0,80.0078,66.2345
810,808,589,241,33,0.15,57.8,3.5,234,2026-09-18 11:00:00,PT5M,95.001,100.0,100.0,79.6291,65.794
811,810,581,247,33,0.15,57.7,3.5,234,2026-09-18 11:05:00,PT5M,94.682,100.0,100.0,79.2428,65.347
811,810,573,252,33,0.15,57.5,3.4,234,2026-09-18 11:10:00,PT5M,94.356,100.0,100.0,78.8555,64.9045
811,810,565,258,33,0.15,57.4,3.4,234,2026-09-18 11:15:00,PT5M,94.015,100.0,100.0,78.4455,64.4325
811,810,558,263,33,0.15,57.2,3.4,234,2026-09-18 11:20:00,PT5M,93.655,100.0,100.0,78.0003,63.9105
810,809,550,268,33,0.15,57.0,3.4,234,2026-09-18 11:25:00,PT5M,93.279,100.0,100.0,77.5316,63.3585
809,808,542,273,33,0.15,56.9,3.4,233,2026-09-18 11:30:00,PT5M,92.886,100.0,100.0,77.0392,62.7765
806,805,530,279,33,0.15,57.4,3.4,235,2026-09-18 11:35:00,PT5M,92.356,100.0,100.0,76.4097,62.0575
800,799,516,286,33,0.15,58.7,3.4,237,2026-09-18 11:40:00,PT5M,91.754,100.0,100.0,75.7079,61.266
794,793,503,293,32,0.15,59.9,3.4,240,2026-09-18 11:45:00,PT5M,91.064,100.0,100.0,74.9114,60.3735
788,787,489,300,32,0.15,61.3,3.4,243,2026-09-18 11:50:00,PT5M,90.351,100.0,100.0,74.0855,59.446
781,780,475,307,32,0.15,62.6,3.4,245,2026-09-18 11:55:00,PT5M,89.595,100.0,100.0,73.2084,58.46
773,773,461,313,31,0.15,64.0,3.5,248,2026-09-18 12:00:00,PT5M,88.819,100.0,100.0,72.3056,57.443
766,765,447,319,31,0.15,65.4,3.5,250,2026-09-18 12:05:00,PT5M,88.123,100.0,100.0,71.4775,56.496
757,757,434,324,31,0.15,66.8,3.6,253,2026-09-18 12:10:00,PT5M,87.425,100.0,100.0,70.6419,55.5365
749,748,420,330,31,0.15,68.3,3.6,255,2026-09-18 12:15:00,PT5M,86.686,100.0,100.0,69.7592,54.5245
739,739,407,335,30,0.15,69.8,3.7,257,2026-09-18 12:20:00,PT5M,85.914,100.0,100.0,68.8377,53.4685
730,729,393,339,30,0.15,71.3,3.7,259,2026-09-18 12:25:00,PT5M,85.113,100.0,100.0,67.8828,52.375
720,720,380,344,30,0.15,72.9,3.8,261,2026-09-18 12:30:00,PT5M,84.284,100.0,100.0,66.8959,51.246
711,711,370,347,30,0.15,74.3,3.8,261,2026-09-18 12:35:00,PT5M,83.592,100.0,100.0,66.0644,50.289
704,704,362,348,29,0.15,75.6,3.8,257,2026-09-18 12:40:00,PT5M,83.038,100.0,100.0,65.388,49.5025
696,696,353,350,29,0.15,76.9,3.8,254,2026-09-18 12:45:00,PT5M,82.454,100.0,100.0,64.6774,48.678
688,688,345,351,29,0.15,78.2,3.8,250,2026-09-18 12:50:00,PT5M,81.832,100.0,99.7443,63.9197,47.798
680,680,338,352,28,0.15,79.5,3.8,247,2026-09-18 12:55:00,PT5M,81.136,100.0,99.1915,63.0805,46.83
671,671,330,353,28,0.15,80.9,3.8,243,2026-09-18 13:00:00,PT5M,80.452,100.0,98.6459,62.2581,45.883
662,662,322,354,28,0.15,82.3,3.9,240,2026-09-18 13:05:00,PT5M,79.771,100.0,98.0933,61.4487,44.958
653,653,314,354,28,0.15,83.7,4.0,236,2026-09-18 13:10:00,PT5M,79.025,100.0,97.4926,60.5574,43.936
643,643,306,354,27,0.15,85.1,4.0,233,2026-09-18 13:15:00,PT5M,78.24,100.0,96.8584,59.6216,42.8645
633,633,298,353,27,0.15,86.6,4.1,230,2026-09-18 13:20:00,PT5M,77.419,100.0,96.1916,58.6464,41.7505
623,623,291,353,27,0.15,88.1,4.2,227,2026-09-18 13:25:00,PT5M,76.566,100.0,95.4954,57.6366,40.5995
613,613,283,352,26,0.15,89.6,4.3,224,2026-09-18 13:30:00,PT5M,75.681,100.0,94.7686,56.5934,39.414
602,602,274,351,26,0.15,90.6,4.3,223,2026-09-18 13:35:00,PT5M,74.664,100.0,93.9339,55.3941,38.0505
590,590,265,350,26,0.15,90.9,4.1,223,2026-09-18 13:40:00,PT5M,73.515,100.0,92.9902,54.0398,36.5115
578,578,255,349,26,0.15,91.3,4.0,223,2026-09-18 13:45:00,PT5M,72.339,100.0,92.0192,52.6588,34.946
566,566,246,348,26,0.15,91.7,3.8,223,2026-09-18 13:50:00,PT5M,71.128,100.0,91.0127,51.2433,33.3465
554,554,237,347,26,0.15,92.0,3.7,222,2026-09-18 13:55:00,PT5M,69.882,100.0,89.9711,49.7929,31.712
541,542,228,345,26,0.15,92.4,3.5,222,2026-09-18 14:00:00,PT5M,68.602,100.0,88.8954,48.3086,30.044
529,529,219,342,26,0.15,92.8,3.4,222,2026-09-18 14:05:00,PT5M,67.285,100.0,87.7823,46.7877,28.3395
516,516,210,340,26,0.15,93.1,3.2,222,2026-09-18 14:10:00,PT5M,65.931,100.0,86.6328,45.2292,26.597
503,504,201,337,26,0.15,93.5,3.0,221,2026-09-18 14:15:00,PT5M,64.542,100.0,85.4472,43.6368,24.8215
490,491,192,334,26,0.15,93.9,2.9,221,2026-09-18 14:20:00,PT5M,63.125,100.0,84.232,42.018,23.021
477,478,183,330,26,0.15,94.2,2.7,221,2026-09-18 14:25:00,PT5M,61.632,100.0,82.9417,40.3223,21.143
464,464,174,326,26,0.15,94.6,2.6,220,2026-09-18 14:30:00,PT5M,60.105,100.0,81.6154,38.5946,19.2345
451,452,166,322,26,0.15,94.6,2.5,220,2026-09-18 14:35:00,PT5M,58.694,99.884,80.3726,37.0154,17.504
439,440,161,316,26,0.15,94.1,2.6,220,2026-09-18 14:40:00,PT5M,57.404,98.857,79.221,35.587,15.951
427,428,156,311,26,0.15,93.6,2.7,220,2026-09-18 14:45:00,PT5M,56.087,97.8035,78.0427,34.1313,14.3705
416,416,150,305,27,0.15,93.2,2.8,221,2026-09-18 14:50:00,PT5M,54.746,96.7485,76.8522,32.6398,12.7435
403,404,145,299,27,0.15,92.7,2.9,221,2026-09-18 14:55:00,PT5M,53.379,95.667,75.6355,31.1225,11.091
391,392,140,293,27,0.15,92.3,2.9,221,2026-09-18 15:00:00,PT5M,51.987,94.56,74.3935,29.5805,9.414
379,380,135,286,27,0.15,91.8,3.0,221,2026-09-18 15:05:00,PT5M,50.642,93.493,73.1948,28.0892,7.791
368,368,131,280,27,0.15,91.4,3.1,221,2026-09-18 15:10:00,PT5M,49.28,92.4085,71.9788,26.5812,6.1515
356,356,126,273,27,0.15,90.9,3.2,221,2026-09-18 15:15:00,PT5M,47.893,91.2975,70.7371,25.0489,4.4885
344,344,121,266,27,0.15,90.5,3.3,221,2026-09-18 15:20:00,PT5M,46.477,90.1585,69.4669,23.4871,2.7955
332,332,116,259,27,0.15,90.1,3.3,221,2026-09-18 15:25:00,PT5M,45.022,88.641,67.979,22.065,1.403
319,320,112,252,27,0.15,89.6,3.4,221,2026-09-18 15:30:00,PT5M,43.537,87.0565,66.4416,20.6324,0.0175
308,309,109,244,27,0.15,89.1,3.5,221,2026-09-18 15:35:00,PT5M,42.26,85.631,65.0865,19.4335,0.0
298,299,108,237,28,0.15,88.5,3.5,221,2026-09-18 15:40:00,PT5M,41.187,84.355,63.9066,18.4674,0.0
287,288,106,229,28,0.15,88.0,3.6,221,2026-09-18 15:45:00,PT5M,40.106,82.9755,62.6685,17.5435,0.0
277,277,104,221,28,0.15,87.4,3.6,221,2026-09-18 15:50:00,PT5M,38.979,81.467,61.3407,16.6173,0.0
266,267,103,213,28,0.15,86.9,3.6,221,2026-09-18 15:55:00,PT5M,38.018,80.045,60.1371,15.8989,0.0
255,256,101,205,28,0.15,86.3,3.7,221,2026-09-18 16:00:00,PT5M,36.79,78.287,58.6302,14.9498,0.0
244,244,98,197,28,0.15,85.8,3.7,221,2026-09-18 16:05:00,PT5M,35.511,76.424,57.0438,13.9782,0.0
232,233,96,189,28,0.15,85.2,3.7,220,2026-09-18 16:10:00,PT5M,34.186,74.4715,55.3885,12.9835,0.0
221,222,93,180,28,0.15,84.7,3.8,220,2026-09-18 16:15:00,PT5M,32.814,72.435,53.6668,11.9612,0.0
210,210,90,172,28,0.15,84.1,3.8,220,2026-09-18 16:20:00,PT5M,31.361,69.8205,51.6025,11.1195,0.0
198,199,87,163,28,0.15,83.6,3.9,220,2026-09-18 16:25:00,PT5M,29.663,65.707,48.6332,10.6928,0.0
187,187,84,155,28,0.15,83.1,3.9,220,2026-09-18 16:30:00,PT5M,27.878,61.607,45.6298,10.1262,0.0
176,176,81,146,28,0.15,82.7,3.9,220,2026-09-18 16:35:00,PT5M,26.136,57.5615,42.6755,9.5965,0.0
165,165,79,138,28,0.15,82.4,3.9,220,2026-09-18 16:40:00,PT5M,24.434,53.5225,39.7435,9.1245,0.0
153,154,76,129,28,0.15,82.1,3.9,220,2026-09-18 16:45:00,PT5M,22.675,49.4805,36.7829,8.5671,0.0
142,143,72,121,28,0.15,81.8,3.9,221,2026-09-18 16:50:00,PT5M,20.855,45.39,33.7679,7.9421,0.0
131,131,68,112,28,0.15,81.5,3.9,221,2026-09-18 16:55:00,PT5M,19.009,41.294,30.7378,7.2802,0.0
120,120,63,103,28,0.15,81.2,3.9,221,2026-09-18 17:00:00,PT5M,17.159,37.2355,27.7254,6.5926,0.0
108,108,55,95,28,0.15,80.9,3.9,222,2026-09-18 17:05:00,PT5M,15.166,33.119,24.6148,5.7172,0.0
96,96,45,86,28,0.15,80.6,3.9,222,2026-09-18 17:10:00,PT5M,13.194,29.121,21.5765,4.8115,0.0
84,84,34,77,28,0.15,80.4,3.9,222,2026-09-18 17:15:00,PT5M,11.175,25.129,18.5191,3.8309,0.0
73,73,23,69,28,0.15,80.1,3.9,222,2026-09-18 17:20:00,PT5M,9.285,21.2355,15.5746,2.9954,0.0
62,62,10,60,28,0.15,79.8,4.0,223,2026-09-18 17:25:00,PT5M,7.533,17.421,12.7371,2.3289,0.0
51,51,0,51,28,0.15,79.5,4.0,223,2026-09-18 17:30:00,PT5M,5.932,13.774,10.0593,1.8047,0.0
41,41,0,41,28,0.15,79.5,3.9,223,2026-09-18 17:35:00,PT5M,4.552,10.469,7.6662,1.4378,0.0
31,31,0,31,28,0.15,79.7,3.9,223,2026-09-18 17:40:00,PT5M,3.34,7.543,5.5521,1.1279,0.0
22,22,0,22,28,0.15,79.9,3.9,222,2026-09-18 17:45:00,PT5M,2.227,4.693,3.5249,0.9291,0.0
14,14,0,14,28,0.15,80.2,3.9,222,2026-09-18 17:50:00,PT5M,1.196,2.4145,1.8373,0.5547,0.0
7,7,0,7,28,0.15,80.4,3.8,222,2026-09-18 17:55:00,PT5M,0.272,0.658,0.4752,0.0688,0.0
2,2,0,2,27,0.15,80.6,3.8,221,2026-09-18 18:00:00,PT5M,0.0,0.0,0.0,0.0,0.0
0,0,0,0,27,0.15,80.9,3.8,221,2026-09-18 18:05:00,PT5M,0.0,0.0,0.0,0.0,0.0
0,0,0,0,27,0.15,81.1,3.7,221,2026-09-18 18:10:00,PT5M,0.0,0.0,0.0,0.0,0.0
0,0,0,0,27,0.15,81.3,3.7,221,2026-09-18 18:15:00,PT5M,0.0,0.0,0.0,0.0,0.0
0,0,0,0,27,0.15,81.6,3.7,220,2026-09-18 18:20:00,PT5M,0.0,0.0,0.0,0.0,0.0
0,0,0,0,27,0.15,81.8,3.7,220,2026-09-18 18:25:00,PT5M,0.0,0.0,0.0,0.0,0.0
0,0,0,0,27,0.15,82.0,3.6,220,2026-09-18 18:30:00,PT5M,0.0,0.0,0.0,0.0,0.0
0,0,0,0,27,0.15,82.2,3.6,220,2026-09-18 18:35:00,PT5M,0.0,0.0,0.0,0.0,0.0
0,0,0,0,27,0.15,82.3,3.7,220,2026-09-18 18:40:00,PT5M,0.0,0.0,0.0,0.0,0.0
0,0,0,0,27,0.15,82.4,3.7,220,2026-09-18 18:45:00,PT5M,0.0,0.0,0.0,0.0,0.0
0,0,0,0,27,0.15,82.4,3.7,221,2026-09-18 18:50:00,PT5M,0.0,0.0,0.0,0.0,0.0
0,0,0,0,27,0.15,82.5,3.7,221,2026-09-18 18:55:00,PT5M,0.0,0.0,0.0,0.0,0.0
0,0,0,0,27,0.15,82.6,3.8,221,2026-09-18 19:00:00,PT5M,0.0,0.0,0.0,0.0,0.0
0,0,0,0,27,0.15,82.7,3.8,221,2026-09-18 19:05:00,PT5M,0.0,0.0,0.0,0.0,0.0
0,0,0,0,27,0.15,82.8,3.8,222,2026-09-18 19:10:00,PT5M,0.0,0.0,0.0,0.0,0.0
0,0,0,0,27,0.15,82.8,3.9,222,2026-09-18 19:15:00,PT5M,0.0,0.0,0.0,0.0,0.0
0,0,0,0,27,0.15,82.9,3.9,222,2026-09-18 19:20:00,PT5M,0.0,0.0,0.0,0.0,0.0
0,0,0,0,27,0.15,83.0,3.9,223,2026-09-18 19:25:00,PT5M,0.0,0.0,0.0,0.0,0.0
0,0,0,0,27,0.15,83.1,3.9,223,2026-09-18 19:30:00,PT5M,0.0,0.0,0.0,0.0,0.0
0,0,0,0,27,0.15,83.1,4.0,223,2026-09-18 19:35:00,PT5M,0.0,0.0,0.0,0.0,0.0
0,0,0,0,26,0.15,83.1,4.0,224,2026-09-18 19:40:00,PT5M,0.0,0.0,0.0,0.0,0.0
0,0,0,0,26,0.15,83.1,4.0,224,2026-09-18 19:45:00,PT5M,0.0,0.0,0.0,0.0,0.0
0,0,0,0,26,0.15,83.1,4.0,225,2026-09-18 19:50:00,PT5M,0.0,0.0,0.0,0.0,0.0
0,0,0,0,26,0.15,83.1,4.0,225,2026-09-18 19:55:00,PT5M,0.0,0.0,0.0,0.0,0.0
0,0,0,0,26,0.15,83.1,4.0,226,2026-09-18 20:00:00,PT5M,0.0,0.0,0.0,0.0,0.0
0,0,0,0,26,0.15,83.1,4.0,226,2026-09-18 20:05:00,PT5M,0.0,0.0,0.0,0.0,0.0
0,0,0,0,26,0.15,83.1,4.1,227,2026-09-18 20:10:00,PT5M,0.0,0.0,0.0,0.0,0.0
0,0,0,0,26,0.15,83.1,4.1,227,2026-09-18 20:15:00,PT5M,0.0,0.0,0.0,0.0,0.0
0,0,0,0,26,0.15,83.1,4.1,228,2026-09-18 20:20:00,PT5M,0.0,0.0,0.0,0.0,0.0
0,0,0,0,26,0.15,83.1,4.1,228,2026-09-18 20:25:00,PT5M,0.0,0.0,0.0,0.0,0.0
0,0,0,0,26,0.15,83.1,4.1,229,2026-09-18 20:30:00,PT5M,0.0,0.0,0.0,0.0,0.0
0,0,0,0,26,0.15,83.1,4.1,229,2026-09-18 20:35:00,PT5M,0.0,0.0,0.0,0.0,0.0
0,0,0,0,26,0.15,83.1,4.1,229,2026-09-18 20:40:00,PT5M,0.0,0.0,0.0,0.0,0.0
0,0,0,0,26,0.15,83.2,4.1,229,2026-09-18 20:45:00,PT5M,0.0,0.0,0.0,0.0,0.0
0,0,0,0,26,0.15,83.2,4.1,229,2026-09-18 20:50:00,PT5M,0.0,0.0,0.0,0.0,0.0
0,0,0,0,26,0.15,83.3,4.0,229,2026-09-18 20:55:00,PT5M,0.0,0.0,0.0,0.0,0.0
0,0,0,0,26,0.15,83.3,4.0,230,2026-09-18 21:00:00,PT5M,0.0,0.0,0.0,0.0,0.0
0,0,0,0,26,0.15,83.3,4.0,230,2026-09-18 21:05:00,PT5M,0.0,0.0,0.0,0.0,0.0
0,0,0,0,26,0.15,83.4,4.0,230,2026-09-18 21:10:00,PT5M,0.0,0.0,0.0,0.0,0.0
0,0,0,0,26,0.15,83.4,4.0,230,2026-09-18 21:15:00,PT5M,0.0,0.0,0.0,0.0,0.0
0,0,0,0,26,0.15,83.5,3.9,230,2026-09-18 21:20:00,PT5M,0.0,0.0,0.0,0.0,0.0
0,0,0,0,26,0.15,83.5,3.9,230,2026-09-18 21:25:00,PT5M,0.0,0.0,0.0,0.0,0.0
0,0,0,0,26,0.15,83.5,3.9,230,2026-09-18 21:30:00,PT5M,0.0,0.0,0.0,0.0,0.0
0,0,0,0,26,0.15,83.6,3.9,230,2026-09-18 21:35:00,PT5M,0.0,0.0,0.0,0.0,0.0
0,0,0,0,26,0.15,83.6,3.9,231,2026-09-18 21:40:00,PT5M,0.0,0.0,0.0,0.0,0.0
0,0,0,0,26,0.15,83.7,3.9,231,2026-09-18 21:45:00,PT5M,0.0,0.0,0.0,0.0,0.0
0,0,0,0,26,0.15,83.7,3.9,232,2026-09-18 21:50:00,PT5M,0.0,0.0,0.0,0.0,0.0
0,0,0,0,26,0.15,83.7,3.8,232,2026-09-18 21:55:00,PT5M,0.0,0.0,0.0,0.0,0.0
0,0,0,0,26,0.15,83.8,3.8,233,2026-09-18 22:00:00,PT5M,0.0,0.0,0.0,0.0,0.0
0,0,0,0,26,0.15,83.8,3.8,233,2026-09-18 22:05:00,PT5M,0.0,0.0,0.0,0.0,0.0
0,0,0,0,26,0.15,83.9,3.8,234,2026-09-18 22:10:00,PT5M,0.0,0.0,0.0,0.0,0.0
0,0,0,0,26,0.15,83.9,3.8,234,2026-09-18 22:15:00,PT5M,0.0,0.0,0.0,0.0,0.0
0,0,0,0,26,0.15,83.9,3.8,235,2026-09-18 22:20:00,PT5M,0.0,0.0,0.0,0.0,0.0
0,0,0,0,26,0.15,84.0,3.8,235,2026-09-18 22:25:00,PT5M,0.0,0.0,0.0,0.0,0.0
0,0,0,0,26,0.15,84.0,3.8,236,2026-09-18 22:30:00,PT5M,0.0,0.0,0.0,0.0,0.0
0,0,0,0,26,0.15,84.1,3.8,236,2026-09-18 22:35:00,PT5M,0.0,0.0,0.0,0.0,0.0
0,0,0,0,26,0.15,84.2,3.8,236,2026-09-18 22:40:00,PT5M,0.0,0.0,0.0,0.0,0.0
0,0,0,0,26,0.15,84.2,3.8,236,2026-09-18 22:45:00,PT5M,0.0,0.0,0.0,0.0,0.0
0,0,0,0,26,0.15,84.3,3.9,236,2026-09-18 22:50:00,PT5M,0.0,0.0,0.0,0.0,0.0
0,0,0,0,26,0.15,84.4,3.9,236,2026-09-18 22:55:00,PT5M,0.0,0.0,0.0,0.0,0.0
0,0,0,0,26,0.15,84.5,3.9,236,2026-09-18 23:00:00,PT5M,0.0,0.0,0.0,0.0,0.0
0,0,0,0,25,0.15,84.6,4.0,236,2026-09-18 23:05:00,PT5M,0.0,0.0,0.0,0.0,0.0
0,0,0,0,25,0.15,84.6,4.0,236,2026-09-18 23:10:00,PT5M,0.0,0.0,0.0,0.0,0.0
0,0,0,0,25,0.15,84.7,4.1,236,2026-09-18 23:15:00,PT5M,0.0,0.0,0.0,0.0,0.0
0,0,0,0,25,0.15,84.8,4.1,237,2026-09-18 23:20:00,PT5M,0.0,0.0,0.0,0.0,0.0
0,0,0,0,25,0.15,84.9,4.1,237,2026-09-18 23:25:00,PT5M,0.0,0.0,0.0,0.0,0.0
0,0,0,0,25,0.15,85.0,4.2,237,2026-09-18 23:30:00,PT5M,0.0,0.0,0.0,0.0,0.0
0,0,0,0,25,0.15,85.0,4.2,237,2026-09-18 23:35:00,PT5M,0.0,0.0,0.0,0.0,0.0
0,0,0,0,25,0.15,85.0,4.2,237,2026-09-18 23:40:00,PT5M,0.0,0.0,0.0,0.0,0.0
0,0,0,0,25,0.15,85.0,4.2,236,2026-09-18 23:45:00,PT5M,0.0,0.0,0.0,0.0,0.0
0,0,0,0,25,0.15,85.0,4.1,236,2026-09-18 23:50:00,PT5M,0.0,0.0,0.0,0.0,0.0
0,0,0,0,25,0.15,85.0,4.1,236,2026-09-18 23:55:00,PT5M,0.0,0.0,0.0,0.0,0.0
0,0,0,0,25,0.15,85.0,4.1,236,2026-09-19 00:00:00,PT5M,0.0,0.0,0.0,0.0,0.0
0,0,0,0,25,0.15,85.0,4.1,236,2026-09-19 00:05:00,PT5M,0.0,0.0,0.0,0.0,0.0
0,0,0,0,25,0.15,85.0,4.1,236,2026-09-19 00:10:00,PT5M,0.0,0.0,0.0,0.0,0.0
0,0,0,0,25,0.15,85.0,4.1,236,2026-09-19 00:15:00,PT5M,0.0,0.0,0.0,0.0,0.0
0,0,0,0,25,0.15,85.0,4.1,235,2026-09-19 00:20:00,PT5M,0.0,0.0,0.0,0.0,0.0
0,0,0,0,25,0.15,85.0,4.0,235,2026-09-19 00:25:00,PT5M,0.0,0.0,0.0,0.0,0.0
0,0,0,0,25,0.15,85.0,4.0,235,2026-09-19 00:30:00,PT5M,0.0,0.0,0.0,0.0,0.0
0,0,0,0,25,0.15,85.0,4.0,235,2026-09-19 00:35:00,PT5M,0.0,0.0,0.0,0.0,0.0
0,0,0,0,25,0.15,85.1,4.0,235,2026-09-19 00:40:00,PT5M,0.0,0.0,0.0,0.0,0.0
0,0,0,0,25,0.15,85.1,4.0,235,2026-09-19 00:45:00,PT5M,0.0,0.0,0.0,0.0,0.0
0,0,0,0,25,0.15,85.2,4.0,235,2026-09-19 00:50:00,PT5M,0.0,0.0,0.0,0.0,0.0
0,0,0,0,25,0.15,85.2,4.0,235,2026-09-19 00:55:00,PT5M,0.0,0.0,0.0,0.0,0.0
0,0,0,0,25,0.15,85.3,3.9,234,2026-09-19 01:00:00,PT5M,0.0,0.0,0.0,0.0,0.0
0,0,0,0,25,0.15,85.3,3.9,234,2026-09-19 01:05:00,PT5M,0.0,0.0,0.0,0.0,0.0
0,0,0,0,25,0.15,85.3,3.9,234,2026-09-19 01:10:00,PT5M,0.0,0.0,0.0,0.0,0.0
0,0,0,0,25,0.15,85.4,3.9,234,2026-09-19 01:15:00,PT5M,0.0,0.0,0.0,0.0,0.0
0,0,0,0,25,0.15,85.4,3.9,234,2026-09-19 01:20:00,PT5M,0.0,0.0,0.0,0.0,0.0
0,0,0,0,25,0.15,85.5,3.9,234,2026-09-19 01:25:00,PT5M,0.0,0.0,0.0,0.0,0.0
0,0,0,0,25,0.15,85.5,3.9,234,2026-09-19 01:30:00,PT5M,0.0,0.0,0.0,0.0,0.0
0,0,0,0,25,0.15,85.5,3.9,234,2026-09-19 01:35:00,PT5M,0.0,0.0,0.0,0.0,0.0
0,0,0,0,25,0.15,85.5,3.8,234,2026-09-19 01:40:00,PT5M,0.0,0.0,0.0,0.0,0.0
0,0,0,0,25,0.15,85.5,3.8,234,2026-09-19 01:45:00,PT5M,0.0,0.0,0.0,0.0,0.0
0,0,0,0,25,0.15,85.5,3.8,235,2026-09-19 01:50:00,PT5M,0.0,0.0,0.0,0.0,0.0
0,0,0,0,25,0.15,85.5,3.8,235,2026-09-19 01:55:00,PT5M,0.0,0.0,0.0,0.0,0.0
0,0,0,0,25,0.15,85.5,3.8,236,2026-09-19 02:00:00,PT5M,0.0,0.0,0.0,0.0,0.0
0,0,0,0,25,0.15,85.5,3.7,236,2026-09-19 02:05:00,PT5M,0.0,0.0,0.0,0.0,0.0
0,0,0,0,25,0.15,85.5,3.7,237,2026-09-19 02:10:00,PT5M,0.0,0.0,0.0,0.0,0.0
0,0,0,0,25,0.15,85.5,3.7,237,2026-09-19 02:15:00,PT5M,0.0,0.0,0.0,0.0,0.0
0,0,0,0,25,0.15,85.5,3.7,237,2026-09-19 02:20:00,PT5M,0.0,0.0,0.0,0.0,0.0
0,0,0,0,25,0.15,85.5,3.7,238,2026-09-19 02:25:00,PT5M,0.0,0.0,0.0,0.0,0.0
0,0,0,0,25,0.15,85.5,3.6,238,2026-09-19 02:30:00,PT5M,0.0,0.0,0.0,0.0,0.0
0,0,0,0,25,0.15,85.6,3.6,239,2026-09-19 02:35:00,PT5M,0.0,0.0,0.0,0.0,0.0
0,0,0,0,25,0.15,85.7,3.7,239,2026-09-19 02:40:00,PT5M,0.0,0.0,0.0,0.0,0.0
0,0,0,0,25,0.15,85.8,3.7,239,2026-09-19 02:45:00,PT5M,0.0,0.0,0.0,0.0,0.0
0,0,0,0,25,0.15,85.9,3.7,239,2026-09-19 02:50:00,PT5M,0.0,0.0,0.0,0.0,0.0
0,0,0,0,25,0.15,85.9,3.7,239,2026-09-19 02:55:00,PT5M,0.0,0.0,0.0,0.0,0.0
0,0,0,0,25,0.15,86.0,3.7,239,2026-09-19 03:00:00,PT5M,0.0,0.0,0.0,0.0,0.0
0,0,0,0,25,0.15,86.1,3.8,239,2026-09-19 03:05:00,PT5M,0.0,0.0,0.0,0.0,0.0
0,0,0,0,25,0.15,86.2,3.8,239,2026-09-19 03:10:00,PT5M,0.0,0.0,0.0,0.0,0.0
0,0,0,0,25,0.15,86.3,3.8,239,2026-09-19 03:15:00,PT5M,0.0,0.0,0.0,0.0,0.0
0,0,0,0,25,0.15,86.4,3.8,239,2026-09-19 03:20:00,PT5M,0.0,0.0,0.0,0.0,0.0
0,0,0,0,25,0.15,86.5,3.8,239,2026-09-19 03:25:00,PT5M,0.0,0.0,0.0,0.0,0.0
0,0,0,0,25,0.15,86.5,3.8,239,2026-09-19 03:30:00,PT5M,0.0,0.0,0.0,0.0,0.0
0,0,0,0,25,0.15,86.6,3.8,239,2026-09-19 03:35:00,PT5M,0.0,0.0,0.0,0.0,0.0
0,0,0,0,25,0.15,86.6,3.8,239,2026-09-19 03:40:00,PT5M,0.0,0.0,0.0,0.0,0.0
0,0,0,0,25,0.15,86.7,3.8,239,2026-09-19 03:45:00,PT5M,0.0,0.0,0.0,0.0,0.0
0,0,0,0,25,0.15,86.7,3.7,239,2026-09-19 03:50:00,PT5M,0.0,0.0,0.0,0.0,0.0
0,0,0,0,25,0.15,86.8,3.7,239,2026-09-19 03:55:00,PT5M,0.0,0.0,0.0,0.0,0.0
0,0,0,0,25,0.15,86.8,3.6,239,2026-09-19 04:00:00,PT5M,0.0,0.0,0.0,0.0,0.0
0,0,0,0,25,0.15,86.9,3.6,239,2026-09-19 04:05:00,PT5M,0.0,0.0,0.0,0.0,0.0
0,0,0,0,25,0.15,86.9,3.5,239,2026-09-19 04:10:00,PT5M,0.0,0.0,0.0,0.0,0.0
0,0,0,0,25,0.15,87.0,3.5,239,2026-09-19 04:15:00,PT5M,0.0,0.0,0.0,0.0,0.0
0,0,0,0,25,0.15,87.0,3.5,239,2026-09-19 04:20:00,PT5M,0.0,0.0,0.0,0.0,0.0
0,0,0,0,25,0.15,87.0,3.4,240,2026-09-19 04:25:00,PT5M,0.0,0.0,0.0,0.0,0.0
0,0,0,0,25,0.15,87.1,3.4,240,2026-09-19 04:30:00,PT5M,0.0,0.0,0.0,0.0,0.0
0,0,0,0,25,0.15,87.2,3.4,240,2026-09-19 04:35:00,PT5M,0.0,0.0,0.0,0.0,0.0
0,0,0,0,25,0.15,87.2,3.4,239,2026-09-19 04:40:00,PT5M,0.0,0.0,0.0,0.0,0.0
0,0,0,0,25,0.15,87.3,3.4,239,2026-09-19 04:45:00,PT5M,0.0,0.0,0.0,0.0,0.0
0,0,0,0,25,0.15,87.4,3.4,239,2026-09-19 04:50:00,PT5M,0.0,0.0,0.0,0.0,0.0
0,0,0,0,25,0.15,87.5,3.4,239,2026-09-19 04:55:00,PT5M,0.0,0.0,0.0,0.0,0.0
0,0,0,0,25,0.15,87.6,3.4,239,2026-09-19 05:00:00,PT5M,0.0,0.0,0.0,0.0,0.0
0,0,0,0,25,0.15,87.7,3.4,239,2026-09-19 05:05:00,PT5M,0.0,0.0,0.0,0.0,0.0
0,0,0,0,25,0.15,87.8,3.4,239,2026-09-19 05:10:00,PT5M,0.0,0.0,0.0,0.0,0.0
0,0,0,0,25,0.15,87.9,3.4,239,2026-09-19 05:15:00,PT5M,0.0,0.0,0.0,0.0,0.0
0,0,0,0,25,0.15,87.9,3.4,238,2026-09-19 05:20:00,PT5M,0.0,0.0,0.0,0.0,0.0
0,0,0,0,25,0.15,88.0,3.4,238,2026-09-19 05:25:00,PT5M,0.0,0.0,0.0,0.0,0.0
0,0,0,0,25,0.15,88.1,3.4,238,2026-09-19 05:30:00,PT5M,0.0,0.0,0.0,0.0,0.0
0,0,0,0,25,0.15,88.1,3.4,238,2026-09-19 05:35:00,PT5M,0.0,0.0,0.0,0.0,0.0
0,0,0,0,25,0.15,88.0,3.4,239,2026-09-19 05:40:00,PT5M,0.0,0.0,0.0,0.0,0.0
0,0,0,0,25,0.15,87.9,3.4,239,2026-09-19 05:45:00,PT5M,0.0,0.0,0.0,0.0,0.0
0,0,0,0,25,0.15,87.9,3.4,240,2026-09-19 05:50:00,PT5M,0.0,0.0,0.0,0.0,0.0
0,0,0,0,25,0.15,87.8,3.4,240,2026-09-19 05:55:00,PT5M,0.0,0.0,0.0,0.0,0.0
1,1,0,1,25,0.15,87.7,3.4,241,2026-09-19 06:00:00,PT5M,0.0,0.0,0.0,0.0,0.0
9,9,2,9,25,0.15,87.6,3.4,241,2026-09-19 06:05:00,PT5M,0.477,0.715,0.6023,0.3517,0.239
17,19,27,16,26,0.15,87.5,3.4,241,2026-09-19 06:10:00,PT5M,1.773,2.529,2.1709,1.3751,1.017
28,30,76,23,26,0.15,87.4,3.4,242,2026-09-19 06:15:00,PT5M,3.642,5.2485,4.4875,2.7965,2.0355
42,43,140,30,26,0.15,87.3,3.4,242,2026-09-19 06:20:00,PT5M,6.479,9.601,8.1221,4.8359,3.357
56,57,179,37,26,0.15,87.3,3.4,243,2026-09-19 06:25:00,PT5M,9.436,14.022,11.8496,7.0224,4.85
70,71,215,43,26,0.15,87.2,3.4,243,2026-09-19 06:30:00,PT5M,12.885,19.136,16.1749,9.5951,6.634
87,88,256,48,26,0.15,86.9,3.3,244,2026-09-19 06:35:00,PT5M,16.867,24.8985,21.094,12.64,8.8355
104,105,295,53,26,0.15,86.3,3.3,244,2026-09-19 06:40:00,PT5M,21.057,30.9115,26.2435,15.8705,11.2025
122,123,333,57,26,0.15,85.8,3.3,244,2026-09-19 06:45:00,PT5M,25.376,36.983,31.4848,19.2672,13.769
140,142,369,61,26,0.15,85.2,3.3,245,2026-09-19 06:50:00,PT5M,29.839,43.117,36.8273,22.8507,16.561
160,161,404,64,26,0.15,84.7,3.3,245,2026-09-19 06:55:00,PT5M,34.496,49.4865,42.3856,26.6064,19.5055
179,181,438,67,26,0.15,84.1,3.3,246,2026-09-19 07:00:00,PT5M,39.339,56.1175,48.1696,30.5084,22.5605
198,200,459,71,26,0.15,83.6,3.3,246,2026-09-19 07:05:00,PT5M,43.887,62.554,53.7116,34.0624,25.22
217,219,479,74,27,0.15,83.1,3.3,246,2026-09-19 07:10:00,PT5M,48.536,69.129,59.3742,37.6978,27.943
236,238,497,78,27,0.15,82.5,3.3,247,2026-09-19 07:15:00,PT5M,53.234,75.7705,65.0951,41.3729,30.6975
256,257,515,81,27,0.15,82.0,3.3,247,2026-09-19 07:20:00,PT5M,57.948,82.44,70.8383,45.0577,33.456
275,276,531,84,27,0.15,81.5,3.2,248,2026-09-19 07:25:00,PT5M,62.654,89.1045,76.5751,48.7329,36.2035
295,296,546,87,27,0.15,81.0,3.2,248,2026-09-19 07:30:00,PT5M,67.357,95.825,82.3399,52.3741,38.889
314,315,558,90,27,0.15,80.4,3.2,248,2026-09-19 07:35:00,PT5M,71.948,100.0,87.9659,55.9301,41.5135
333,334,567,94,27,0.15,79.7,3.2,248,2026-09-19 07:40:00,PT5M,76.468,100.0,93.5538,59.3822,44.0045
352,352,577,97,28,0.15,79.0,3.2,248,2026-09-19 07:45:00,PT5M,79.692,100.0,97.4312,61.9528,45.987
370,371,586,101,28,0.15,78.3,3.2,248,2026-09-19 07:50:00,PT5M,81.402,100.0,99.2851,63.5189,47.4235
389,390,595,104,28,0.15,77.6,3.2,248,2026-09-19 07:55:00,PT5M,83.038,100.0,100.0,65.0301,48.8225
408,408,603,107,28,0.15,76.9,3.2,248,2026-09-19 08:00:00,PT5M,84.589,100.0,100.0,66.4909,50.202
426,427,611,110,28,0.15,76.3,3.2,248,2026-09-19 08:05:00,PT5M,86.037,100.0,100.0,67.9141,51.603
445,445,618,114,28,0.15,75.6,3.2,248,2026-09-19 08:10:00,PT5M,87.365,100.0,100.0,69.2461,52.9385
463,463,625,117,28,0.15,74.9,3.2,248,2026-09-19 08:15:00,PT5M,88.557,100.0,100.0,70.476,54.2025
481,481,631,120,29,0.15,74.3,3.2,248,2026-09-19 08:20:00,PT5M,89.607,100.0,100.0,71.6002,55.3935
498,498,637,123,29,0.15,73.6,3.2,248,2026-09-19 08:25:00,PT5M,90.469,100.0,100.0,72.5898,56.498
516,516,642,126,29,0.15,73.0,3.1,248,2026-09-19 08:30:00,PT5M,91.252,100.0,100.0,73.5181,57.557
533,533,647,129,29,0.15,72.3,3.2,248,2026-09-19 08:35:00,PT5M,92.005,100.0,100.0,74.4137,58.581
550,550,653,131,29,0.15,71.4,3.2,248,2026-09-19 08:40:00,PT5M,92.733,100.0,100.0,75.2783,59.5685
567,567,659,133,29,0.15,70.6,3.2,249,2026-09-19 08:45:00,PT5M,93.414,100.0,100.0,76.1082,60.5325
583,583,664,136,30,0.15,69.8,3.3,249,2026-09-19 08:50:00,PT5M,94.054,100.0,100.0,77.0414,61.7295
599,599,669,138,30,0.15,69.0,3.3,249,2026-09-19 08:55:00,PT5M,94.66,100.0,100.0,77.9342,62.8805
615,615,673,140,30,0.15,68.2,3.3,250,2026-09-19 09:00:00,PT5M,95.233,100.0,100.0,78.7877,63.9865
632,631,680,142,30,0.15,67.4,3.4,250,2026-09-19 09:05:00,PT5M,95.889,100.0,100.0,79.6308,64.998
648,647,686,143,30,0.15,66.6,3.4,251,2026-09-19 09:10:00,PT5M,96.532,100.0,100.0,80.5557,66.1765
663,663,693,144,31,0.15,65.9,3.4,251,2026-09-19 09:15:00,PT5M,97.146,100.0,100.0,81.4455,67.3145
679,678,699,145,31,0.15,65.1,3.5,251,2026-09-19 09:20:00,PT5M,97.806,100.0,100.0,82.3749,68.4865
694,693,704,146,31,0.15,64.4,3.5,252,2026-09-19 09:25:00,PT5M,98.356,100.0,100.0,83.1881,69.5365
709,708,710,146,31,0.15,63.6,3.6,252,2026-09-19 09:30:00,PT5M,98.881,100.0,100.0,83.9699,70.5495
723,722,714,148,31,0.15,63.1,3.5,252,2026-09-19 09:35:00,PT5M,99.32,100.0,100.0,84.6463,71.4395
736,735,716,150,31,0.15,62.8,3.4,251,2026-09-19 09:40:00,PT5M,99.675,100.0,100.0,85.2192,72.2085
748,747,718,152,31,0.15,62.5,3.3,251,2026-09-19 09:45:00,PT5M,99.964,100.0,100.0,85.714,72.8885
760,759,718,155,31,0.15,62.1,3.1,250,2026-09-19 09:50:00,PT5M,100.0,100.0,100.0,85.9476,73.3
771,770,719,157,32,0.15,61.8,3.0,249,2026-09-19 09:55:00,PT5M,100.0,100.0,100.0,86.1389,73.6635
782,781,719,160,32,0.15,61.5,2.9,248,2026-09-19 10:00:00,PT5M,100.0,100.0,100.0,86.3223,74.012
793,791,720,162,32,0.15,61.2,2.7,248,2026-09-19 10:05:00,PT5M,100.0,100.0,100.0,86.4979,74.3455
803,801,720,165,32,0.15,60.9,2.6,247,2026-09-19 10:10:00,PT5M,100.0,100.0,100.0,86.6665,74.666
812,811,720,167,32,0.15,60.6,2.5,246,2026-09-19 10:15:00,PT5M,100.0,100.0,100.0,86.8281,74.973
822,820,720,170,32,0.15,60.2,2.4,244,2026-09-19 10:20:00,PT5M,100.0,100.0,100.0,86.9831,75.2675
830,828,720,172,32,0.15,59.9,2.2,243,2026-09-19 10:25:00,PT5M,100.0,100.0,100.0,87.1321,75.5505
839,837,720,174,32,0.15,59.6,2.1,242,2026-09-19 10:30:00,PT5M,100.0,100.0,100.0,87.2752,75.8225
846,844,718,177,32,0.15,59.4,2.1,241,2026-09-19 10:35:00,PT5M,100.0,100.0,100.0,87.3981,76.056
852,850,714,182,32,0.15,59.3,2.2,240,2026-09-19 10:40:00,PT5M,100.0,100.0,100.0,87.5013,76.252
857,855,710,186,32,0.15,59.2,2.3,239,2026-09-19 10:45:00,PT5M,100.0,100.0,100.0,87.5978,76.4355
862,860,706,190,33,0.15,59.1,2.4,239,2026-09-19 10:50:00,PT5M,100.0,100.0,100.0,87.6863,76.6035
867,865,701,194,33,0.15,59.0,2.5,238,2026-09-19 10:55:00,PT5M,100.0,100.0,100.0,87.7652,76.7535
871,869,697,198,33,0.15,58.9,2.6,237,2026-09-19 11:00:00,PT5M,100.0,100.0,100.0,87.822,76.8615
874,872,693,202,33,0.15,58.8,2.7,237,2026-09-19 11:05:00,PT5M,100.0,100.0,100.0,87.8813,76.974
878,875,688,206,33,0.15,58.7,2.8,237,2026-09-19 11:10:00,PT5M,100.0,100.0,100.0,87.9455,77.096
880,878,684,210,33,0.15,58.6,2.9,236,2026-09-19 11:15:00,PT5M,100.0,100.0,100.0,88.001,77.2015
882,880,679,214,33,0.15,58.5,3.0,236,2026-09-19 11:20:00,PT5M,100.0,100.0,100.0,88.041,77.2775
884,882,674,218,33,0.15,58.3,3.1,235,2026-09-19 11:25:00,PT5M,100.0,100.0,100.0,88.0726,77.3375
885,883,669,221,33,0.15,58.2,3.2,235,2026-09-19 11:30:00,PT5M,100.0,100.0,100.0,88.0962,77.3825
885,882,663,225,33,0.15,58.3,3.3,234,2026-09-19 11:35:00,PT5M,100.0,100.0,100.0,88.0912,77.373
884,881,657,229,33,0.15,58.7,3.3,233,2026-09-19 11:40:00,PT5M,100.0,100.0,100.0,88.0565,77.307
882,880,650,234,33,0.15,59.0,3.3,232,2026-09-19 11:45:00,PT5M,99.819,100.0,100.0,87.8321,77.0435
880,878,643,238,33,0.15,59.3,3.3,231,2026-09-19 11:50:00,PT5M,99.49,100.0,100.0,87.4513,76.616
877,875,636,242,33,0.15,59.6,3.3,230,2026-09-19 11:55:00,PT5M,99.132,100.0,100.0,87.0319,76.1415
874,872,628,246,33,0.15,59.9,3.3,229,2026-09-19 12:00:00,PT5M,98.746,100.0,100.0,86.6217,75.7095
870,868,620,250,33,0.15,60.2,3.3,228,2026-09-19 12:05:00,PT5M,98.444,100.0,100.0,86.241,75.258
866,864,613,254,32,0.15,60.5,3.3,227,2026-09-19 12:10:00,PT5M,98.124,100.0,100.0,85.8334,74.7715
861,859,604,258,32,0.15,60.9,3.4,226,2026-09-19 12:15:00,PT5M,97.77,100.0,100.0,85.382,74.2325
855,854,596,262,32,0.15,61.2,3.4,225,2026-09-19 12:20:00,PT5M,97.391,100.0,100.0,84.8975,73.653
849,848,588,265,32,0.15,61.5,3.4,224,2026-09-19 12:25:00,PT5M,96.988,100.0,100.0,84.3808,73.034
843,841,579,269,32,0.15,61.8,3.4,223,2026-09-19 12:30:00,PT5M,96.562,100.0,100.0,83.8333,72.377
835,833,568,274,32,0.15,62.3,3.4,223,2026-09-19 12:35:00,PT5M,95.947,100.0,100.0,83.0541,71.45
824,823,553,280,32,0.15,63.0,3.4,224,2026-09-19 12:40:00,PT5M,95.142,100.0,100.0,82.0414,70.2505
813,812,538,285,32,0.15,63.6,3.3,225,2026-09-19 12:45:00,PT5M,94.312,100.0,100.0,80.9962,69.0115
802,801,524,291,32,0.15,64.3,3.3,226,2026-09-19 12:50:00,PT5M,93.524,100.0,100.0,79.979,67.788
790,789,509,296,32,0.15,65.0,3.3,227,2026-09-19 12:55:00,PT5M,92.631,100.0,100.0,78.8483,66.4435
778,777,495,300,31,0.15,65.7,3.3,228,2026-09-19 13:00:00,PT5M,91.72,100.0,100.0,77.7079,65.0965
766,765,481,305,31,0.15,66.4,3.3,229,2026-09-19 13:05:00,PT5M,90.794,100.0,100.0,76.564,63.7565
754,753,467,308,31,0.15,67.1,3.3,229,2026-09-19 13:10:00,PT5M,89.818,100.0,100.0,75.3467,62.322
741,740,453,312,31,0.15,67.8,3.3,230,2026-09-19 13:15:00,PT5M,88.804,100.0,100.0,74.0848,60.837
728,727,440,315,31,0.15,68.6,3.2,231,2026-09-19 13:20:00,PT5M,87.754,100.0,100.0,72.7821,59.307
715,714,426,317,31,0.15,69.3,3.2,232,2026-09-19 13:25:00,PT5M,86.667,100.0,100.0,71.4396,57.7345
701,700,413,320,31,0.15,70.0,3.2,233,2026-09-19 13:30:00,PT5M,85.546,100.0,100.0,70.0615,56.125
685,685,396,323,31,0.15,71.0,3.2,234,2026-09-19 13:35:00,PT5M,84.142,100.0,99.9283,68.3557,54.1475
667,667,375,328,30,0.15,72.4,3.1,236,2026-09-19 13:40:00,PT5M,82.45,100.0,98.5803,66.3197,51.802
649,649,354,332,30,0.15,73.7,3.0,237,2026-09-19 13:45:00,PT5M,80.718,100.0,97.1904,64.2456,49.42
631,631,334,335,30,0.15,75.1,2.9,239,2026-09-19 13:50:00,PT5M,78.886,100.0,95.6989,62.0731,46.941
613,613,315,337,29,0.15,76.4,2.9,240,2026-09-19 13:55:00,PT5M,77.071,100.0,94.2228,59.9192,44.482
595,595,296,339,29,0.15,77.9,2.8,242,2026-09-19 14:00:00,PT5M,75.211,100.0,92.6997,57.7223,41.982
577,577,277,340,29,0.15,79.3,2.7,244,2026-09-19 14:05:00,PT5M,73.304,100.0,91.1282,55.4798,39.4375
559,559,259,341,29,0.15,80.8,2.6,246,2026-09-19 14:10:00,PT5M,71.35,100.0,89.5081,53.1919,36.849
541,541,242,340,28,0.15,82.3,2.6,248,2026-09-19 14:15:00,PT5M,69.355,100.0,87.8439,50.8661,34.2255
523,523,225,339,28,0.15,83.8,2.5,250,2026-09-19 14:20:00,PT5M,67.314,100.0,86.13,48.498,31.563
505,505,208,338,28,0.15,85.4,2.5,252,2026-09-19 14:25:00,PT5M,65.194,100.0,84.3366,46.0514,28.8225
487,487,191,336,28,0.15,87.0,2.4,254,2026-09-19 14:30:00,PT5M,63.034,100.0,82.4982,43.5698,26.0515
472,473,181,332,27,0.15,88.0,2.3,256,2026-09-19 14:35:00,PT5M,61.343,98.8355,81.0756,41.6104,23.8505
460,461,176,326,27,0.15,88.3,2.2,257,2026-09-19 14:40:00,PT5M,60.124,98.032,80.0753,40.1727,22.216
448,449,171,321,27,0.15,88.7,2.2,259,2026-09-19 14:45:00,PT5M,58.875,97.198,79.0447,38.7053,20.552
436,437,166,315,27,0.15,89.0,2.1,261,2026-09-19 14:50:00,PT5M,57.595,96.332,77.9826,37.2074,18.858
424,425,161,309,27,0.15,89.4,2.0,262,2026-09-19 14:55:00,PT5M,56.284,95.4335,76.8887,35.6793,17.1345
412,412,155,302,27,0.15,89.7,1.9,264,2026-09-19 15:00:00,PT5M,54.942,94.5025,75.763,34.121,15.3815
400,400,151,296,27,0.15,90.1,1.8,266,2026-09-19 15:05:00,PT5M,53.655,93.492,74.6215,32.6885,13.818
388,388,147,289,27,0.15,90.5,1.7,269,2026-09-19 15:10:00,PT5M,52.337,92.2305,73.3332,31.3408,12.4435
375,376,142,282,27,0.15,90.8,1.7,271,2026-09-19 15:15:00,PT5M,50.985,90.9135,71.9997,29.9703,11.0565
363,364,137,275,27,0.15,91.2,1.6,274,2026-09-19 15:20:00,PT5M,49.595,89.5375,70.617,28.573,9.6525
351,351,133,268,27,0.15,91.5,1.5,277,2026-09-19 15:25:00,PT5M,48.159,88.112,69.1865,27.1315,8.206
338,339,128,261,27,0.15,91.9,1.5,280,2026-09-19 15:30:00,PT5M,46.683,86.5515,67.6661,25.6999,6.8145
325,326,122,253,27,0.15,92.0,1.4,281,2026-09-19 15:35:00,PT5M,45.069,84.89,66.0271,24.1109,5.248
311,312,116,246,27,0.15,91.9,1.4,278,2026-09-19 15:40:00,PT5M,43.32,83.061,64.236,22.404,3.579
298,299,109,238,27,0.15,91.7,1.4,275,2026-09-19 15:45:00,PT5M,41.566,81.118,62.3825,20.7495,2.014
284,285,102,230,27,0.15,91.6,1.4,272,2026-09-19 15:50:00,PT5M,39.99,79.2685,60.6626,19.3174,0.7115
271,271,96,222,27,0.15,91.5,1.4,268,2026-09-19 15:55:00,PT5M,38.148,77.0735,58.6348,17.6612,0.0
257,258,89,213,28,0.15,91.3,1.4,265,2026-09-19 16:00:00,PT5M,36.268,74.77,56.5319,16.0041,0.0
244,245,82,205,28,0.15,91.2,1.4,262,2026-09-19 16:05:00,PT5M,34.354,72.375,54.3647,14.3433,0.0
231,231,75,196,28,0.15,91.1,1.4,259,2026-09-19 16:10:00,PT5M,32.409,69.8985,52.14,12.678,0.0
217,218,68,188,28,0.15,90.9,1.4,256,2026-09-19 16:15:00,PT5M,30.437,67.352,49.8656,11.0084,0.0
204,205,62,179,28,0.15,90.8,1.4,253,2026-09-19 16:20:00,PT5M,28.467,64.148,47.2462,9.6878,0.0
191,192,55,170,28,0.15,90.7,1.4,250,2026-09-19 16:25:00,PT5M,26.443,59.894,44.0485,8.8375,0.0
179,179,48,161,28,0.15,90.6,1.4,247,2026-09-19 16:30:00,PT5M,24.386,55.67,40.851,7.921,0.0
167,167,42,152,28,0.15,90.5,1.5,244,2026-09-19 16:35:00,PT5M,22.459,51.5545,37.7722,7.1458,0.0
155,155,36,143,28,0.15,90.4,1.5,242,2026-09-19 16:40:00,PT5M,20.645,47.542,34.8011,6.4889,0.0
143,144,30,134,28,0.15,90.4,1.6,240,2026-09-19 16:45:00,PT5M,18.815,43.5125,31.8135,5.8165,0.0
132,132,23,125,28,0.15,90.3,1.6,238,2026-09-19 16:50:00,PT5M,17.088,39.598,28.9352,5.2408,0.0
120,121,17,116,28,0.15,90.3,1.7,236,2026-09-19 16:55:00,PT5M,15.249,35.594,25.9567,4.5413,0.0
109,109,9,107,28,0.15,90.2,1.7,234,2026-09-19 17:00:00,PT5M,13.453,31.677,23.0444,3.8616,0.0
97,97,0,97,28,0.15,90.2,1.8,232,2026-09-19 17:05:00,PT5M,11.614,27.8065,20.1362,3.0918,0.0
85,86,0,86,28,0.15,90.1,1.8,231,2026-09-19 17:10:00,PT5M,10.227,24.4795,17.7282,2.7258,0.0
74,74,0,74,28,0.15,90.1,1.9,229,2026-09-19 17:15:00,PT5M,8.742,21.098,15.2451,2.2389,0.0
63,63,0,63,28,0.15,90.1,2.0,228,2026-09-19 17:20:00,PT5M,7.395,17.842,12.8933,1.8967,0.0
53,53,0,53,28,0.15,90.0,2.0,227,2026-09-19 17:25:00,PT5M,6.156,14.6535,10.6283,1.6837,0.0
43,43,0,43,28,0.15,90.0,2.1,226,2026-09-19 17:30:00,PT5M,4.899,11.532,8.39,1.408,0.0
34,34,0,34,28,0.15,89.8,2.2,225,2026-09-19 17:35:00,PT5M,3.674,8.581,6.2566,1.0914,0.0
25,25,0,25,28,0.15,89.6,2.3,226,2026-09-19 17:40:00,PT5M,2.621,6.0395,4.4202,0.8218,0.0
18,18,0,18,27,0.15,89.4,2.5,227,2026-09-19 17:45:00,PT5M,1.665,3.6695,2.72,0.61,0.0
11,11,0,11,27,0.15,89.2,2.6,227,2026-09-19 17:50:00,PT5M,0.795,1.7955,1.3216,0.2684,0.0
5,5,0,5,27,0.15,88.9,2.7,228,2026-09-19 17:55:00,PT5M,0.0,0.2605,0.1371,0.0,0.0
1,1,0,1,27,0.15,88.7,2.9,228,2026-09-19 18:00:00,PT5M,0.0,0.0,0.0,0.0,0.0
0,0,0,0,27,0.15,88.5,3.0,229,2026-09-19 18:05:00,PT5M,0.0,0.0,0.0,0.0,0.0
0,0,0,0,27,0.15,88.2,3.1,229,2026-09-19 18:10:00,PT5M,0.0,0.0,0.0,0.0,0.0
0,0,0,0,27,0.15,88.0,3.3,229,2026-09-19 18:15:00,PT5M,0.0,0.0,0.0,0.0,0.0
0,0,0,0,27,0.15,87.8,3.4,230,2026-09-19 18:20:00,PT5M,0.0,0.0,0.0,0.0,0.0
0,0,0,0,27,0.15,87.6,3.6,230,2026-09-19 18:25:00,PT5M,0.0,0.0,0.0,0.0,0.0
0,0,0,0,27,0.15,87.3,3.7,230,2026-09-19 18:30:00,PT5M,0.0,0.0,0.0,0.0,0.0
0,0,0,0,27,0.15,87.1,3.8,230,2026-09-19 18:35:00,PT5M,0.0,0.0,0.0,0.0,0.0
0,0,0,0,27,0.15,86.9,3.9,230,2026-09-19 18:40:00,PT5M,0.0,0.0,0.0,0.0,0.0
0,0,0,0,27,0.15,86.7,4.0,230,2026-09-19 18:45:00,PT5M,0.0,0.0,0.0,0.0,0.0
0,0,0,0,27,0.15,86.5,4.1,230,2026-09-19 18:50:00,PT5M,0.0,0.0,0.0,0.0,0.0
0,0,0,0,27,0.15,86.2,4.2,230,2026-09-19 18:55:00,PT5M,0.0,0.0,0.0,0.0,0.0
0,0,0,0,27,0.15,86.0,4.2,229,2026-09-19 19:00:00,PT5M,0.0,0.0,0.0,0.0,0.0
0,0,0,0,27,0.15,85.8,4.3,229,2026-09-19 19:05:00,PT5M,0.0,0.0,0.0,0.0,0.0
0,0,0,0,26,0.15,85.6,4.4,229,2026-09-19 19:10:00,PT5M,0.0,0.0,0.0,0.0,0.0
0,0,0,0,26,0.15,85.4,4.5,229,2026-09-19 19:15:00,PT5M,0.0,0.0,0.0,0.0,0.0
0,0,0,0,26,0.15,85.2,4.6,229,2026-09-19 19:20:00,PT5M,0.0,0.0,0.0,0.0,0.0
0,0,0,0,26,0.15,84.9,4.7,229,2026-09-19 19:25:00,PT5M,0.0,0.0,0.0,0.0,0.0
0,0,0,0,26,0.15,84.7,4.8,228,2026-09-19 19:30:00,PT5M,0.0,0.0,0.0,0.0,0.0
0,0,0,0,26,0.15,84.7,4.8,228,2026-09-19 19:35:00,PT5M,0.0,0.0,0.0,0.0,0.0
0,0,0,0,26,0.15,84.7,4.8,228,2026-09-19 19:40:00,PT5M,0.0,0.0,0.0,0.0,0.0
0,0,0,0,26,0.15,84.8,4.8,228,2026-09-19 19:45:00,PT5M,0.0,0.0,0.0,0.0,0.0
0,0,0,0,26,0.15,84.9,4.8,227,2026-09-19 19:50:00,PT5M,0.0,0.0,0.0,0.0,0.0
0,0,0,0,26,0.15,85.0,4.8,227,2026-09-19 19:55:00,PT5M,0.0,0.0,0.0,0.0,0.0
0,0,0,0,26,0.15,85.1,4.8,227,2026-09-19 20:00:00,PT5M,0.0,0.0,0.0,0.0,0.0
0,0,0,0,26,0.15,85.2,4.8,227,2026-09-19 20:05:00,PT5M,0.0,0.0,0.0,0.0,0.0
0,0,0,0,26,0.15,85.2,4.8,226,2026-09-19 20:10:00,PT5M,0.0,0.0,0.0,0.0,0.0
0,0,0,0,26,0.15,85.3,4.8,226,2026-09-19 20:15:00,PT5M,0.0,0.0,0.0,0.0,0.0
0,0,0,0,26,0.15,85.4,4.8,226,2026-09-19 20:20:00,PT5M,0.0,0.0,0.0,0.0,0.0
0,0,0,0,26,0.15,85.5,4.8,225,2026-09-19 20:25:00,PT5M,0.0,0.0,0.0,0.0,0.0
0,0,0,0,26,0.15,85.6,4.8,225,2026-09-19 20:30:00,PT5M,0.0,0.0,0.0,0.0,0.0
0,0,0,0,26,0.15,85.5,4.8,225,2026-09-19 20:35:00,PT5M,0.0,0.0,0.0,0.0,0.0
0,0,0,0,26,0.15,85.4,4.9,226,2026-09-19 20:40:00,PT5M,0.0,0.0,0.0,0.0,0.0
0,0,0,0,26,0.15,85.3,4.9,227,2026-09-19 20:45:00,PT5M,0.0,0.0,0.0,0.0,0.0
0,0,0,0,26,0.15,85.2,5.0,228,2026-09-19 20:50:00,PT5M,0.0,0.0,0.0,0.0,0.0
0,0,0,0,26,0.15,85.0,5.0,228,2026-09-19 20:55:00,PT5M,0.0,0.0,0.0,0.0,0.0
0,0,0,0,26,0.15,84.9,5.0,229,2026-09-19 21:00:00,PT5M,0.0,0.0,0.0,0.0,0.0
0,0,0,0,26,0.15,84.8,5.1,230,2026-09-19 21:05:00,PT5M,0.0,0.0,0.0,0.0,0.0
0,0,0,0,26,0.15,84.6,5.1,230,2026-09-19 21:10:00,PT5M,0.0,0.0,0.0,0.0,0.0
0,0,0,0,26,0.15,84.5,5.2,231,2026-09-19 21:15:00,PT5M,0.0,0.0,0.0,0.0,0.0
0,0,0,0,26,0.15,84.4,5.2,232,2026-09-19 21:20:00,PT5M,0.0,0.0,0.0,0.0,0.0
0,0,0,0,26,0.15,84.3,5.3,232,2026-09-19 21:25:00,PT5M,0.0,0.0,0.0,0.0,0.0
0,0,0,0,26,0.15,84.1,5.3,233,2026-09-19 21:30:00,PT5M,0.0,0.0,0.0,0.0,0.0
0,0,0,0,26,0.15,84.1,5.3,234,2026-09-19 21:35:00,PT5M,0.0,0.0,0.0,0.0,0.0
0,0,0,0,26,0.15,84.1,5.3,234,2026-09-19 21:40:00,PT5M,0.0,0.0,0.0,0.0,0.0
0,0,0,0,26,0.15,84.2,5.3,234,2026-09-19 21:45:00,PT5M,0.0,0.0,0.0,0.0,0.0
0,0,0,0,26,0.15,84.2,5.2,235,2026-09-19 21:50:00,PT5M,0.0,0.0,0.0,0.0,0.0
0,0,0,0,26,0.15,84.3,5.2,235,2026-09-19 21:55:00,PT5M,0.0,0.0,0.0,0.0,0.0
0,0,0,0,26,0.15,84.3,5.1,236,2026-09-19 22:00:00,PT5M,0.0,0.0,0.0,0.0,0.0
0,0,0,0,26,0.15,84.3,5.1,236,2026-09-19 22:05:00,PT5M,0.0,0.0,0.0,0.0,0.0
0,0,0,0,26,0.15,84.4,5.1,237,2026-09-19 22:10:00,PT5M,0.0,0.0,0.0,0.0,0.0
0,0,0,0,26,0.15,84.4,5.0,237,2026-09-19 22:15:00,PT5M,0.0,0.0,0.0,0.0,0.0
0,0,0,0,26,0.15,84.5,5.0,238,2026-09-19 22:20:00,PT5M,0.0,0.0,0.0,0.0,0.0
0,0,0,0,26,0.15,84.5,4.9,238,2026-09-19 22:25:00,PT5M,0.0,0.0,0.0,0.0,0.0
0,0,0,0,26,0.15,84.5,4.9,239,2026-09-19 22:30:00,PT5M,0.0,0.0,0.0,0.0,0.0
0,0,0,0,26,0.15,84.6,4.9,239,2026-09-19 22:35:00,PT5M,0.0,0.0,0.0,0.0,0.0
0,0,0,0,26,0.15,84.7,4.8,239,2026-09-19 22:40:00,PT5M,0.0,0.0,0.0,0.0,0.0
0,0,0,0,26,0.15,84.8,4.7,239,2026-09-19 22:45:00,PT5M,0.0,0.0,0.0,0.0,0.0
0,0,0,0,26,0.15,84.9,4.7,239,2026-09-19 22:50:00,PT5M,0.0,0.0,0.0,0.0,0.0
0,0,0,0,26,0.15,84.9,4.6,238,2026-09-19 22:55:00,PT5M,0.0,0.0,0.0,0.0,0.0
0,0,0,0,26,0.15,85.0,4.6,238,2026-09-19 23:00:00,PT5M,0.0,0.0,0.0,0.0,0.0
0,0,0,0,26,0.15,85.1,4.5,238,2026-09-19 23:05:00,PT5M,0.0,0.0,0.0,0.0,0.0
0,0,0,0,26,0.15,85.2,4.4,238,2026-09-19 23:10:00,PT5M,0.0,0.0,0.0,0.0,0.0
0,0,0,0,26,0.15,85.3,4.4,238,2026-09-19 23:15:00,PT5M,0.0,0.0,0.0,0.0,0.0
0,0,0,0,26,0.15,85.4,4.3,237,2026-09-19 23:20:00,PT5M,0.0,0.0,0.0,0.0,0.0
0,0,0,0,26,0.15,85.4,4.3,237,2026-09-19 23:25:00,PT5M,0.0,0.0,0.0,0.0,0.0
0,0,0,0,26,0.15,85.5,4.2,237,2026-09-19 23:30:00,PT5M,0.0,0.0,0.0,0.0,0.0
0,0,0,0,26,0.15,85.6,4.2,236,2026-09-19 23:35:00,PT5M,0.0,0.0,0.0,0.0,0.0
0,0,0,0,26,0.15,85.6,4.2,235,2026-09-19 23:40:00,PT5M,0.0,0.0,0.0,0.0,0.0
0,0,0,0,26,0.15,85.6,4.1,235,2026-09-19 23:45:00,PT5M,0.0,0.0,0.0,0.0,0.0
0,0,0,0,26,0.15,85.6,4.1,234,2026-09-19 23:50:00,PT5M,0.0,0.0,0.0,0.0,0.0
0,0,0,0,26,0.15,85.6,4.1,233,2026-09-19 23:55:00,PT5M,0.0,0.0,0.0,0.0,0.0
0,0,0,0,26,0.15,85.6,4.1,232,2026-09-20 00:00:00,PT5M,0.0,0.0,0.0,0.0,0.0
0,0,0,0,26,0.15,85.6,4.1,231,2026-09-20 00:05:00,PT5M,0.0,0.0,0.0,0.0,0.0
0,0,0,0,26,0.15,85.6,4.1,230,2026-09-20 00:10:00,PT5M,0.0,0.0,0.0,0.0,0.0
0,0,0,0,26,0.15,85.6,4.1,229,2026-09-20 00:15:00,PT5M,0.0,0.0,0.0,0.0,0.0
0,0,0,0,26,0.15,85.6,4.1,228,2026-09-20 00:20:00,PT5M,0.0,0.0,0.0,0.0,0.0
0,0,0,0,26,0.15,85.6,4.0,227,2026-09-20 00:25:00,PT5M,0.0,0.0,0.0,0.0,0.0
0,0,0,0,26,0.15,85.6,4.0,226,2026-09-20 00:30:00,PT5M,0.0,0.0,0.0,0.0,0.0
0,0,0,0,26,0.15,85.5,4.0,226,2026-09-20 00:35:00,PT5M,0.0,0.0,0.0,0.0,0.0
0,0,0,0,26,0.15,85.5,4.1,226,2026-09-20 00:40:00,PT5M,0.0,0.0,0.0,0.0,0.0
0,0,0,0,26,0.15,85.5,4.1,226,2026-09-20 00:45:00,PT5M,0.0,0.0,0.0,0.0,0.0
0,0,0,0,26,0.15,85.4,4.1,226,2026-09-20 00:50:00,PT5M,0.0,0.0,0.0,0.0,0.0
0,0,0,0,26,0.15,85.4,4.1,226,2026-09-20 00:55:00,PT5M,0.0,0.0,0.0,0.0,0.0
0,0,0,0,26,0.15,85.3,4.1,226,2026-09-20 01:00:00,PT5M,0.0,0.0,0.0,0.0,0.0
0,0,0,0,26,0.15,85.3,4.1,227,2026-09-20 01:05:00,PT5M,0.0,0.0,0.0,0.0,0.0
0,0,0,0,26,0.15,85.2,4.2,227,2026-09-20 01:10:00,PT5M,0.0,0.0,0.0,0.0,0.0
0,0,0,0,26,0.15,85.2,4.2,227,2026-09-20 01:15:00,PT5M,0.0,0.0,0.0,0.0,0.0
0,0,0,0,26,0.15,85.2,4.2,227,2026-09-20 01:20:00,PT5M,0.0,0.0,0.0,0.0,0.0
0,0,0,0,26,0.15,85.1,4.2,227,2026-09-20 01:25:00,PT5M,0.0,0.0,0.0,0.0,0.0
0,0,0,0,26,0.15,85.1,4.2,227,2026-09-20 01:30:00,PT5M,0.0,0.0,0.0,0.0,0.0
0,0,0,0,26,0.15,85.1,4.2,227,2026-09-20 01:35:00,PT5M,0.0,0.0,0.0,0.0,0.0
0,0,0,0,26,0.15,85.3,4.2,227,2026-09-20 01:40:00,PT5M,0.0,0.0,0.0,0.0,0.0
0,0,0,0,26,0.15,85.5,4.2,227,2026-09-20 01:45:00,PT5M,0.0,0.0,0.0,0.0,0.0
0,0,0,0,26,0.15,85.6,4.1,227,2026-09-20 01:50:00,PT5M,0.0,0.0,0.0,0.0,0.0
0,0,0,0,26,0.15,85.8,4.1,227,2026-09-20 01:55:00,PT5M,0.0,0.0,0.0,0.0,0.0
0,0,0,0,26,0.15,86.0,4.1,227,2026-09-20 02:00:00,PT5M,0.0,0.0,0.0,0.0,0.0
0,0,0,0,25,0.15,86.2,4.1,228,2026-09-20 02:05:00,PT5M,0.0,0.0,0.0,0.0,0.0
0,0,0,0,25,0.15,86.3,4.0,228,2026-09-20 02:10:00,PT5M,0.0,0.0,0.0,0.0,0.0
0,0,0,0,25,0.15,86.5,4.0,228,2026-09-20 02:15:00,PT5M,0.0,0.0,0.0,0.0,0.0
0,0,0,0,25,0.15,86.7,4.0,228,2026-09-20 02:20:00,PT5M,0.0,0.0,0.0,0.0,0.0
0,0,0,0,25,0.15,86.8,3.9,228,2026-09-20 02:25:00,PT5M,0.0,0.0,0.0,0.0,0.0
0,0,0,0,25,0.15,87.0,3.9,228,2026-09-20 02:30:00,PT5M,0.0,0.0,0.0,0.0,0.0
0,0,0,0,25,0.15,87.2,3.9,228,2026-09-20 02:35:00,PT5M,0.0,0.0,0.0,0.0,0.0
0,0,0,0,25,0.15,87.2,4.0,227,2026-09-20 02:40:00,PT5M,0.0,0.0,0.0,0.0,0.0
0,0,0,0,25,0.15,87.3,4.0,227,2026-09-20 02:45:00,PT5M,0.0,0.0,0.0,0.0,0.0
0,0,0,0,25,0.15,87.4,4.0,226,2026-09-20 02:50:00,PT5M,0.0,0.0,0.0,0.0,0.0
0,0,0,0,25,0.15,87.5,4.1,225,2026-09-20 02:55:00,PT5M,0.0,0.0,0.0,0.0,0.0
0,0,0,0,25,0.15,87.6,4.1,225,2026-09-20 03:00:00,PT5M,0.0,0.0,0.0,0.0,0.0
0,0,0,0,25,0.15,87.7,4.2,224,2026-09-20 03:05:00,PT5M,0.0,0.0,0.0,0.0,0.0
0,0,0,0,25,0.15,87.8,4.2,224,2026-09-20 03:10:00,PT5M,0.0,0.0,0.0,0.0,0.0
0,0,0,0,25,0.15,87.8,4.2,223,2026-09-20 03:15:00,PT5M,0.0,0.0,0.0,0.0,0.0
0,0,0,0,25,0.15,87.9,4.3,223,2026-09-20 03:20:00,PT5M,0.0,0.0,0.0,0.0,0.0
0,0,0,0,25,0.15,88.0,4.3,222,2026-09-20 03:25:00,PT5M,0.0,0.0,0.0,0.0,0.0
0,0,0,0,25,0.15,88.1,4.4,222,2026-09-20 03:30:00,PT5M,0.0,0.0,0.0,0.0,0.0
0,0,0,0,25,0.15,88.2,4.4,222,2026-09-20 03:35:00,PT5M,0.0,0.0,0.0,0.0,0.0
0,0,0,0,25,0.15,88.3,4.4,223,2026-09-20 03:40:00,PT5M,0.0,0.0,0.0,0.0,0.0
0,0,0,0,25,0.15,88.4,4.4,224,2026-09-20 03:45:00,PT5M,0.0,0.0,0.0,0.0,0.0
0,0,0,0,25,0.15,88.5,4.4,225,2026-09-20 03:50:00,PT5M,0.0,0.0,0.0,0.0,0.0
0,0,0,0,25,0.15,88.5,4.4,226,2026-09-20 03:55:00,PT5M,0.0,0.0,0.0,0.0,0.0
0,0,0,0,25,0.15,88.6,4.4,227,2026-09-20 04:00:00,PT5M,0.0,0.0,0.0,0.0,0.0
0,0,0,0,25,0.15,88.7,4.4,228,2026-09-20 04:05:00,PT5M,0.0,0.0,0.0,0.0,0.0
0,0,0,0,25,0.15,88.8,4.4,229,2026-09-20 04:10:00,PT5M,0.0,0.0,0.0,0.0,0.0
0,0,0,0,25,0.15,88.9,4.4,230,2026-09-20 04:15:00,PT5M,0.0,0.0,0.0,0.0,0.0
0,0,0,0,25,0.15,89.0,4.4,232,2026-09-20 04:20:00,PT5M,0.0,0.0,0.0,0.0,0.0
0,0,0,0,25,0.15,89.1,4.4,233,2026-09-20 04:25:00,PT5M,0.0,0.0,0.0,0.0,0.0
0,0,0,0,25,0.15,89.2,4.4,234,2026-09-20 04:30:00,PT5M,0.0,0.0,0.0,0.0,0.0
0,0,0,0,25,0.15,89.2,4.5,234,2026-09-20 04:35:00,PT5M,0.0,0.0,0.0,0.0,0.0
0,0,0,0,25,0.15,89.1,4.5,233,2026-09-20 04:40:00,PT5M,0.0,0.0,0.0,0.0,0.0
0,0,0,0,25,0.15,89.0,4.5,233,2026-09-20 04:45:00,PT5M,0.0,0.0,0.0,0.0,0.0
0,0,0,0,25,0.15,88.9,4.5,232,2026-09-20 04:50:00,PT5M,0.0,0.0,0.0,0.0,0.0
0,0,0,0,25,0.15,88.8,4.6,232,2026-09-20 04:55:00,PT5M,0.0,0.0,0.0,0.0,0.0
0,0,0,0,25,0.15,88.7,4.6,231,2026-09-20 05:00:00,PT5M,0.0,0.0,0.0,0.0,0.0
0,0,0,0,25,0.15,88.6,4.6,231,2026-09-20 05:05:00,PT5M,0.0,0.0,0.0,0.0,0.0
0,0,0,0,25,0.15,88.5,4.7,230,2026-09-20 05:10:00,PT5M,0.0,0.0,0.0,0.0,0.0
0,0,0,0,25,0.15,88.5,4.7,230,2026-09-20 05:15:00,PT5M,0.0,0.0,0.0,0.0,0.0
0,0,0,0,25,0.15,88.4,4.7,229,2026-09-20 05:20:00,PT5M,0.0,0.0,0.0,0.0,0.0
0,0,0,0,25,0.15,88.3,4.8,229,2026-09-20 05:25:00,PT5M,0.0,0.0,0.0,0.0,0.0
0,0,0,0,25,0.15,88.2,4.8,229,2026-09-20 05:30:00,PT5M,0.0,0.0,0.0,0.0,0.0
0,0,0,0,25,0.15,88.1,4.8,228,2026-09-20 05:35:00,PT5M,0.0,0.0,0.0,0.0,0.0
0,0,0,0,25,0.15,88.0,4.8,228,2026-09-20 05:40:00,PT5M,0.0,0.0,0.0,0.0,0.0
0,0,0,0,25,0.15,87.9,4.8,228,2026-09-20 05:45:00,PT5M,0.0,0.0,0.0,0.0,0.0
0,0,0,0,25,0.15,87.8,4.8,228,2026-09-20 05:50:00,PT5M,0.0,0.0,0.0,0.0,0.0
0,0,0,0,25,0.15,87.8,4.8,228,2026-09-20 05:55:00,PT5M,0.0,0.0,0.0,0.0,0.0
1,1,0,1,25,0.15,87.7,4.8,228,2026-09-20 06:00:00,PT5M,0.0,0.0,0.0,0.0,0.0
6,6,0,6,25,0.15,87.6,4.8,228,2026-09-20 06:05:00,PT5M,0.148,0.397,0.2791,0.0169,0.0
13,13,0,13,25,0.15,87.5,4.8,228,2026-09-20 06:10:00,PT5M,1.102,1.9425,1.5444,0.6596,0.2615
21,21,0,21,25,0.15,87.4,4.8,228,2026-09-20 06:15:00,PT5M,2.163,3.8215,3.0359,1.2901,0.5045
30,30,0,30,25,0.15,87.3,4.8,228,2026-09-20 06:20:00,PT5M,3.312,6.339,4.9051,1.7189,0.285
40,40,0,40,25,0.15,87.2,4.8,228,2026-09-20 06:25:00,PT5M,4.545,8.974,6.876,2.214,0.116
51,51,0,51,25,0.15,87.2,4.7,228,2026-09-20 06:30:00,PT5M,5.984,12.0585,9.1811,2.7869,0.0
63,64,19,61,25,0.15,86.9,4.7,227,2026-09-20 06:35:00,PT5M,8.074,15.89,12.1876,3.9604,0.258
77,78,47,69,26,0.15,86.5,4.8,227,2026-09-20 06:40:00,PT5M,10.706,20.2795,15.7446,5.6674,1.1325
92,93,78,77,26,0.15,86.0,4.8,227,2026-09-20 06:45:00,PT5M,13.759,25.031,19.6915,7.8265,2.487
108,109,110,85,26,0.15,85.6,4.8,227,2026-09-20 06:50:00,PT5M,17.238,30.1375,24.0271,10.4489,4.3385
126,126,143,92,26,0.15,85.2,4.8,227,2026-09-20 06:55:00,PT5M,20.987,35.5385,28.6456,13.3284,6.4355
144,145,177,98,26,0.15,84.8,4.8,226,2026-09-20 07:00:00,PT5M,25.169,41.4325,33.7286,16.6094,8.9055
162,163,207,105,26,0.15,84.4,4.8,226,2026-09-20 07:05:00,PT5M,29.356,47.4105,38.8582,19.8538,11.3015
181,181,237,110,26,0.15,84.0,4.8,226,2026-09-20 07:10:00,PT5M,33.858,53.7235,44.3134,23.4026,13.9925
200,201,267,115,26,0.15,83.5,4.8,226,2026-09-20 07:15:00,PT5M,38.643,60.3195,50.0515,27.2345,16.9665
220,221,298,119,26,0.15,83.1,4.8,226,2026-09-20 07:20:00,PT5M,43.681,67.164,56.0403,31.3217,20.198
241,242,330,122,26,0.15,82.7,4.8,225,2026-09-20 07:25:00,PT5M,48.978,74.2525,62.2802,35.6758,23.7035
263,263,362,125,27,0.15,82.3,4.8,225,2026-09-20 07:30:00,PT5M,54.486,81.54,68.7247,40.2473,27.432
282,283,384,128,27,0.15,81.8,4.8,225,2026-09-20 07:35:00,PT5M,59.264,88.1955,74.4909,44.0371,30.3325
300,300,393,134,27,0.15,81.0,4.9,225,2026-09-20 07:40:00,PT5M,63.151,94.136,79.4586,46.8434,32.166
317,317,402,139,27,0.15,80.2,4.9,225,2026-09-20 07:45:00,PT5M,66.006,98.2145,82.9576,49.0544,33.7975
334,335,411,145,27,0.15,79.5,4.9,225,2026-09-20 07:50:00,PT5M,67.843,100.0,84.9796,50.7064,35.283
351,352,419,150,27,0.15,78.8,5.0,226,2026-09-20 07:55:00,PT5M,69.601,100.0,86.9028,52.2992,36.727
368,369,427,155,28,0.15,78.0,5.0,226,2026-09-20 08:00:00,PT5M,71.271,100.0,88.671,53.871,38.2105
385,385,435,160,28,0.15,77.3,5.0,226,2026-09-20 08:05:00,PT5M,72.842,100.0,90.3493,55.3347,39.5775
402,402,442,165,28,0.15,76.6,5.1,226,2026-09-20 08:10:00,PT5M,74.302,100.0,91.8536,56.7504,40.9535
419,419,448,170,28,0.15,75.9,5.1,226,2026-09-20 08:15:00,PT5M,75.638,100.0,93.2011,58.0749,42.2675
435,435,454,175,28,0.15,75.2,5.1,226,2026-09-20 08:20:00,PT5M,76.848,100.0,94.3874,59.3086,43.5225
451,451,460,180,28,0.15,74.5,5.2,226,2026-09-20 08:25:00,PT5M,77.907,100.0,95.3699,60.4441,44.727
467,467,465,184,28,0.15,73.8,5.2,226,2026-09-20 08:30:00,PT5M,78.893,100.0,96.2632,61.5228,45.889
483,483,472,188,29,0.15,73.2,5.2,227,2026-09-20 08:35:00,PT5M,79.994,100.0,97.2627,62.7253,47.183
500,500,481,191,29,0.15,72.6,5.3,227,2026-09-20 08:40:00,PT5M,81.21,100.0,98.3708,64.0492,48.604
517,517,490,194,29,0.15,72.1,5.3,227,2026-09-20 08:45:00,PT5M,82.368,100.0,99.4185,65.3175,49.9715
534,533,499,197,29,0.15,71.5,5.3,227,2026-09-20 08:50:00,PT5M,83.476,100.0,100.0,66.5373,51.292
550,549,507,199,29,0.15,71.0,5.3,228,2026-09-20 08:55:00,PT5M,84.54,100.0,100.0,67.8569,52.8415
566,565,516,202,29,0.15,70.4,5.4,228,2026-09-20 09:00:00,PT5M,85.562,100.0,100.0,69.1436,54.3665
583,582,525,203,29,0.15,69.9,5.4,228,2026-09-20 09:05:00,PT5M,86.658,100.0,100.0,70.5104,55.977
599,598,535,204,30,0.15,69.4,5.4,228,2026-09-20 09:10:00,PT5M,87.77,100.0,100.0,71.8876,57.593
615,614,545,206,30,0.15,68.8,5.4,229,2026-09-20 09:15:00,PT5M,88.796,100.0,100.0,73.172,59.11
631,630,555,206,30,0.15,68.3,5.5,229,2026-09-20 09:20:00,PT5M,89.784,100.0,100.0,74.4116,60.576
647,646,565,207,30,0.15,67.8,5.5,229,2026-09-20 09:25:00,PT5M,90.737,100.0,100.0,75.508,61.8015
663,661,574,207,30,0.15,67.3,5.5,229,2026-09-20 09:30:00,PT5M,91.656,100.0,100.0,76.6655,63.1735
677,676,582,208,30,0.15,66.7,5.6,229,2026-09-20 09:35:00,PT5M,92.427,100.0,100.0,77.6722,64.3925
691,689,588,209,30,0.15,66.2,5.6,230,2026-09-20 09:40:00,PT5M,93.053,100.0,100.0,78.5306,65.46
703,702,593,211,30,0.15,65.7,5.7,230,2026-09-20 09:45:00,PT5M,93.601,100.0,100.0,79.2973,66.4235
716,714,597,212,31,0.15,65.2,5.8,230,2026-09-20 09:50:00,PT5M,94.111,100.0,100.0,80.0173,67.3325
727,726,601,213,31,0.15,64.7,5.8,230,2026-09-20 09:55:00,PT5M,94.597,100.0,100.0,80.7056,68.203
739,737,606,215,31,0.15,64.2,5.9,230,2026-09-20 10:00:00,PT5M,95.059,100.0,100.0,81.3613,69.033
750,748,610,216,31,0.15,63.7,6.0,230,2026-09-20 10:05:00,PT5M,95.496,100.0,100.0,81.9831,69.821
761,759,613,217,31,0.15,63.3,6.0,230,2026-09-20 10:10:00,PT5M,95.909,100.0,100.0,82.5732,70.5705
771,769,617,218,31,0.15,62.8,6.1,230,2026-09-20 10:15:00,PT5M,96.297,100.0,100.0,83.1304,71.28
781,779,621,218,31,0.15,62.3,6.2,231,2026-09-20 10:20:00,PT5M,96.661,100.0,100.0,83.6562,71.9515
791,788,624,219,31,0.15,61.8,6.2,231,2026-09-20 10:25:00,PT5M,97.007,100.0,100.0,84.1575,72.5925
800,798,628,220,31,0.15,61.3,6.3,231,2026-09-20 10:30:00,PT5M,97.331,100.0,100.0,84.6302,73.199
809,807,632,220,32,0.15,61.0,6.3,231,2026-09-20 10:35:00,PT5M,97.687,100.0,100.0,85.1267,73.822
818,816,637,220,32,0.15,60.7,6.2,231,2026-09-20 10:40:00,PT5M,98.075,100.0,100.0,85.6473,74.462
827,824,641,219,32,0.15,60.5,6.2,231,2026-09-20 10:45:00,PT5M,98.44,100.0,100.0,86.1378,75.0655
835,833,646,219,32,0.15,60.2,6.1,231,2026-09-20 10:50:00,PT5M,98.781,100.0,100.0,86.5957,75.6285
843,840,650,218,32,0.15,60.0,6.1,231,2026-09-20 10:55:00,PT5M,99.098,100.0,100.0,87.0195,76.1485
850,848,655,218,32,0.15,59.7,6.0,231,2026-09-20 11:00:00,PT5M,99.386,100.0,100.0,87.3912,76.5955
857,855,659,217,32,0.15,59.5,6.0,231,2026-09-20 11:05:00,PT5M,99.659,100.0,100.0,87.7518,77.035
864,861,663,216,32,0.15,59.2,5.9,232,2026-09-20 11:10:00,PT5M,99.917,100.0,100.0,88.1014,77.467
870,867,668,215,32,0.15,59.0,5.9,232,2026-09-20 11:15:00,PT5M,100.0,100.0,100.0,88.266,77.705
875,873,672,214,32,0.15,58.7,5.8,232,2026-09-20 11:20:00,PT5M,100.0,100.0,100.0,88.3326,77.8315
880,878,675,213,32,0.15,58.5,5.8,232,2026-09-20 11:25:00,PT5M,100.0,100.0,100.0,88.3907,77.942
885,882,679,212,33,0.15,58.2,5.7,232,2026-09-20 11:30:00,PT5M,100.0,100.0,100.0,88.4407,78.037
886,883,675,214,33,0.15,58.1,5.7,232,2026-09-20 11:35:00,PT5M,100.0,100.0,100.0,88.4207,77.999
882,880,664,221,33,0.15,58.1,5.7,233,2026-09-20 11:40:00,PT5M,100.0,100.0,100.0,88.3299,77.8265
879,876,653,227,33,0.15,58.1,5.7,233,2026-09-20 11:45:00,PT5M,99.462,100.0,100.0,87.6932,77.101
874,872,641,234,33,0.15,58.1,5.8,233,2026-09-20 11:50:00,PT5M,98.88,100.0,100.0,87.0041,76.3155
869,867,630,240,33,0.15,58.1,5.8,234,2026-09-20 11:55:00,PT5M,98.275,100.0,100.0,86.2839,75.4915
864,861,618,246,33,0.15,58.1,5.8,234,2026-09-20 12:00:00,PT5M,97.645,100.0,100.0,85.5294,74.625
858,855,606,252,33,0.15,58.1,5.8,234,2026-09-20 12:05:00,PT5M,97.097,100.0,100.0,84.8483,73.824
851,849,594,258,33,0.15,58.1,5.8,235,2026-09-20 12:10:00,PT5M,96.523,100.0,100.0,84.1322,72.98
844,842,582,263,33,0.15,58.1,5.8,235,2026-09-20 12:15:00,PT5M,95.924,100.0,100.0,83.4289,72.183
836,834,570,269,33,0.15,58.1,5.9,235,2026-09-20 12:20:00,PT5M,95.299,100.0,100.0,82.646,71.258
828,826,557,274,33,0.15,58.1,5.9,236,2026-09-20 12:25:00,PT5M,94.65,100.0,100.0,81.8318,70.295
820,818,545,279,33,0.15,58.1,5.9,236,2026-09-20 12:30:00,PT5M,93.977,100.0,100.0,80.9864,69.2945
813,811,537,282,32,0.15,58.3,5.9,237,2026-09-20 12:35:00,PT5M,93.48,100.0,100.0,80.3521,68.5365
807,805,532,283,32,0.15,58.8,5.7,239,2026-09-20 12:40:00,PT5M,93.16,100.0,100.0,79.9281,68.019
801,799,526,284,32,0.15,59.2,5.6,240,2026-09-20 12:45:00,PT5M,92.817,100.0,100.0,79.4733,67.4635
794,792,521,285,32,0.15,59.7,5.5,242,2026-09-20 12:50:00,PT5M,92.445,100.0,100.0,78.9734,66.8485
787,785,516,286,32,0.15,60.1,5.5,244,2026-09-20 12:55:00,PT5M,92.116,100.0,100.0,78.5065,66.2575
779,778,511,286,32,0.15,60.6,5.4,246,2026-09-20 13:00:00,PT5M,91.704,100.0,100.0,77.9629,65.5955
771,770,505,287,32,0.15,61.0,5.3,248,2026-09-20 13:05:00,PT5M,91.281,100.0,100.0,77.4154,64.936
763,762,500,287,32,0.15,61.5,5.2,250,2026-09-20 13:10:00,PT5M,90.815,100.0,100.0,76.7997,64.1855
755,753,494,287,31,0.15,62.0,5.2,252,2026-09-20 13:15:00,PT5M,90.32,100.0,100.0,76.1452,63.3875
746,744,489,286,31,0.15,62.4,5.1,254,2026-09-20 13:20:00,PT5M,89.796,100.0,100.0,75.4536,62.545
736,735,483,286,31,0.15,62.9,5.0,256,2026-09-20 13:25:00,PT5M,89.245,100.0,100.0,74.7294,61.665
727,725,477,286,31,0.15,63.4,5.0,258,2026-09-20 13:30:00,PT5M,88.668,100.0,100.0,73.9772,60.755
711,709,460,290,31,0.15,63.9,4.9,259,2026-09-20 13:35:00,PT5M,87.33,100.0,100.0,72.3424,58.853
689,688,430,300,31,0.15,64.4,4.8,257,2026-09-20 13:40:00,PT5M,85.218,100.0,100.0,69.8183,55.958
668,667,401,308,31,0.15,65.0,4.6,256,2026-09-20 13:45:00,PT5M,83.062,100.0,98.8702,67.2538,53.026
646,645,374,315,31,0.15,65.5,4.5,254,2026-09-20 13:50:00,PT5M,80.857,100.0,97.0699,64.6441,50.052
625,624,347,321,31,0.15,66.1,4.4,252,2026-09-20 13:55:00,PT5M,78.603,100.0,95.2169,61.9891,47.036
604,603,322,325,31,0.15,66.6,4.3,250,2026-09-20 14:00:00,PT5M,76.252,100.0,93.263,59.241,43.9305
582,582,297,329,31,0.15,67.2,4.2,248,2026-09-20 14:05:00,PT5M,73.912,100.0,91.3165,56.5075,40.843
562,561,273,332,30,0.15,67.7,4.1,246,2026-09-20 14:10:00,PT5M,71.524,100.0,89.3182,53.7298,37.7145
541,541,250,334,30,0.15,68.3,4.0,244,2026-09-20 14:15:00,PT5M,69.094,100.0,87.2721,50.9159,34.555
520,520,228,334,30,0.15,68.9,3.9,241,2026-09-20 14:20:00,PT5M,66.614,100.0,85.1708,48.0572,31.3555
500,500,206,334,30,0.15,69.4,3.8,239,2026-09-20 14:25:00,PT5M,64.065,100.0,82.9971,45.1329,28.0935
479,480,185,333,30,0.15,70.0,3.7,236,2026-09-20 14:30:00,PT5M,61.479,98.1495,80.7789,42.1791,24.8085
464,464,174,329,30,0.15,70.5,3.7,235,2026-09-20 14:35:00,PT5M,59.704,96.876,79.2679,40.1401,22.532
454,454,172,323,30,0.15,70.9,3.8,234,2026-09-20 14:40:00,PT5M,58.746,96.2365,78.4775,39.0145,21.2555
443,443,170,316,30,0.15,71.3,3.9,233,2026-09-20 14:45:00,PT5M,57.766,95.5795,77.6675,37.8645,19.9525
432,432,168,309,30,0.15,71.7,4.0,232,2026-09-20 14:50:00,PT5M,56.766,94.9065,76.8396,36.6924,18.6255
421,421,165,302,30,0.15,72.2,4.1,231,2026-09-20 14:55:00,PT5M,55.745,94.2165,75.9928,35.4972,17.2735
410,410,163,295,30,0.15,72.6,4.2,231,2026-09-20 15:00:00,PT5M,54.714,93.519,75.1373,34.2907,15.909
399,399,162,288,29,0.15,73.0,4.3,230,2026-09-20 15:05:00,PT5M,53.74,92.8725,74.3357,33.1443,14.6075
388,388,161,280,29,0.15,73.4,4.5,229,2026-09-20 15:10:00,PT5M,52.747,92.107,73.4624,32.0316,13.387
377,377,159,272,29,0.15,73.8,4.6,229,2026-09-20 15:15:00,PT5M,51.734,91.1855,72.4976,30.9704,12.2825
365,366,158,265,29,0.15,74.3,4.7,228,2026-09-20 15:20:00,PT5M,50.695,90.231,71.5031,29.8869,11.159
354,354,156,257,29,0.15,74.7,4.8,227,2026-09-20 15:25:00,PT5M,49.627,89.2375,70.4743,28.7797,10.0165
342,343,155,249,29,0.15,75.1,4.9,227,2026-09-20 15:30:00,PT5M,48.534,88.2025,69.4118,27.6562,8.8655
331,331,152,241,29,0.15,75.3,4.9,226,2026-09-20 15:35:00,PT5M,47.392,87.055,68.2669,26.5171,7.729
319,319,150,234,29,0.15,75.1,4.9,225,2026-09-20 15:40:00,PT5M,46.191,85.767,67.0201,25.3619,6.615
307,307,147,226,29,0.15,74.9,4.9,225,2026-09-20 15:45:00,PT5M,44.958,84.3445,65.6874,24.2286,5.5715
295,295,144,218,29,0.15,74.7,4.9,224,2026-09-20 15:50:00,PT5M,43.664,82.782,64.2521,23.0759,4.546
283,283,140,210,29,0.15,74.5,4.8,223,2026-09-20 15:55:00,PT5M,42.31,81.0865,62.7183,21.9017,3.5335
270,271,137,203,29,0.15,74.3,4.8,222,2026-09-20 16:00:00,PT5M,40.898,79.2685,61.0927,20.7033,2.5275
258,258,133,195,29,0.15,74.1,4.8,221,2026-09-20 16:05:00,PT5M,39.431,77.3425,59.3841,19.4779,1.5195
245,246,129,186,29,0.15,74.0,4.8,220,2026-09-20 16:10:00,PT5M,37.913,75.322,57.6016,18.2244,0.504
233,233,124,178,29,0.15,73.8,4.8,219,2026-09-20 16:15:00,PT5M,36.348,73.217,55.7524,16.9436,0.0
220,221,120,170,29,0.15,73.6,4.8,219,2026-09-20 16:20:00,PT5M,34.574,70.049,53.2447,15.9033,0.0
208,208,115,162,29,0.15,73.4,4.7,218,2026-09-20 16:25:00,PT5M,32.519,65.7175,49.9916,15.0464,0.0
195,196,110,153,29,0.15,73.2,4.7,217,2026-09-20 16:30:00,PT5M,30.401,61.4545,46.7447,14.0573,0.0
183,183,105,145,29,0.15,73.1,4.7,217,2026-09-20 16:35:00,PT5M,28.257,57.175,43.4768,13.0372,0.0
170,171,99,136,29,0.15,73.0,4.8,217,2026-09-20 16:40:00,PT5M,26.1,52.8775,40.1932,12.0068,0.0
158,158,93,128,29,0.15,72.9,4.9,217,2026-09-20 16:45:00,PT5M,23.92,48.559,36.8877,10.9523,0.0
145,146,86,119,29,0.15,72.8,4.9,218,2026-09-20 16:50:00,PT5M,21.73,44.2435,33.579,9.881,0.0
133,133,79,111,29,0.15,72.8,5.0,218,2026-09-20 16:55:00,PT5M,19.642,40.051,30.3834,8.9006,0.0
120,121,71,102,29,0.15,72.7,5.0,218,2026-09-20 17:00:00,PT5M,17.502,35.8505,27.1589,7.8451,0.0
107,108,59,94,29,0.15,72.6,5.1,219,2026-09-20 17:05:00,PT5M,15.21,31.594,23.833,6.587,0.0
95,95,46,85,29,0.15,72.5,5.1,219,2026-09-20 17:10:00,PT5M,13.029,27.534,20.6631,5.3949,0.0
82,83,32,76,29,0.15,72.4,5.2,219,2026-09-20 17:15:00,PT5M,10.841,23.5045,17.5059,4.1761,0.0
70,71,18,68,29,0.15,72.4,5.2,220,2026-09-20 17:20:00,PT5M,8.859,19.6255,14.5255,3.1925,0.0
59,59,3,59,29,0.15,72.3,5.3,220,2026-09-20 17:25:00,PT5M,7.04,15.8535,11.6786,2.4014,0.0
48,48,0,48,28,0.15,72.2,5.4,220,2026-09-20 17:30:00,PT5M,5.572,12.4735,9.2043,1.9397,0.0
38,38,0,38,28,0.15,72.3,5.4,221,2026-09-20 17:35:00,PT5M,4.208,8.394,6.4111,2.0049,0.022
28,28,0,28,28,0.15,72.5,5.4,221,2026-09-20 17:40:00,PT5M,3.008,5.8935,4.5267,1.4893,0.1225
20,20,0,20,28,0.15,72.8,5.4,222,2026-09-20 17:45:00,PT5M,1.91,3.547,2.7716,1.0484,0.273
12,12,0,12,28,0.15,73.0,5.4,222,2026-09-20 17:50:00,PT5M,0.916,1.808,1.3855,0.4465,0.024
6,6,0,6,28,0.15,73.2,5.4,223,2026-09-20 17:55:00,PT5M,0.0,0.142,0.0747,0.0,0.0
1,1,0,1,28,0.15,73.5,5.4,223,2026-09-20 18:00:00,PT5M,0.0,0.0,0.0,0.0,0.0
0,0,0,0,28,0.15,73.7,5.5,224,2026-09-20 18:05:00,PT5M,0.0,0.0,0.0,0.0,0.0
0,0,0,0,28,0.15,74.0,5.5,224,2026-09-20 18:10:00,PT5M,0.0,0.0,0.0,0.0,0.0
0,0,0,0,28,0.15,74.2,5.5,225,2026-09-20 18:15:00,PT5M,0.0,0.0,0.0,0.0,0.0
0,0,0,0,28,0.15,74.5,5.5,225,2026-09-20 18:20:00,PT5M,0.0,0.0,0.0,0.0,0.0
0,0,0,0,28,0.15,74.7,5.5,226,2026-09-20 18:25:00,PT5M,0.0,0.0,0.0,0.0,0.0
0,0,0,0,27,0.15,75.0,5.5,226,2026-09-20 18:30:00,PT5M,0.0,0.0,0.0,0.0,0.0
0,0,0,0,27,0.15,75.2,5.5,226,2026-09-20 18:35:00,PT5M,0.0,0.0,0.0,0.0,0.0
0,0,0,0,27,0.15,75.4,5.5,226,2026-09-20 18:40:00,PT5M,0.0,0.0,0.0,0.0,0.0
0,0,0,0,27,0.15,75.6,5.5,226,2026-09-20 18:45:00,PT5M,0.0,0.0,0.0,0.0,0.0
0,0,0,0,27,0.15,75.8,5.5,226,2026-09-20 18:50:00,PT5M,0.0,0.0,0.0,0.0,0.0
0,0,0,0,27,0.15,75.9,5.5,226,2026-09-20 18:55:00,PT5M,0.0,0.0,0.0,0.0,0.0
0,0,0,0,27,0.15,76.1,5.5,226,2026-09-20 19:00:00,PT5M,0.0,0.0,0.0,0.0,0.0
0,0,0,0,27,0.15,76.3,5.5,226,2026-09-20 19:05:00,PT5M,0.0,0.0,0.0,0.0,0.0
0,0,0,0,27,0.15,76.5,5.5,226,2026-09-20 19:10:00,PT5M,0.0,0.0,0.0,0.0,0.0
0,0,0,0,27,0.15,76.7,5.5,226,2026-09-20 19:15:00,PT5M,0.0,0.0,0.0,0.0,0.0
0,0,0,0,27,0.15,76.9,5.5,226,2026-09-20 19:20:00,PT5M,0.0,0.0,0.0,0.0,0.0
0,0,0,0,27,0.15,77.1,5.5,226,2026-09-20 19:25:00,PT5M,0.0,0.0,0.0,0.0,0.0
0,0,0,0,27,0.15,77.3,5.5,226,2026-09-20 19:30:00,PT5M,0.0,0.0,0.0,0.0,0.0
0,0,0,0,27,0.15,77.5,5.5,227,2026-09-20 19:35:00,PT5M,0.0,0.0,0.0,0.0,0.0
0,0,0,0,27,0.15,77.7,5.5,227,2026-09-20 19:40:00,PT5M,0.0,0.0,0.0,0.0,0.0
0,0,0,0,27,0.15,77.9,5.5,227,2026-09-20 19:45:00,PT5M,0.0,0.0,0.0,0.0,0.0
0,0,0,0,27,0.15,78.2,5.5,228,2026-09-20 19:50:00,PT5M,0.0,0.0,0.0,0.0,0.0
0,0,0,0,27,0.15,78.4,5.5,228,2026-09-20 19:55:00,PT5M,0.0,0.0,0.0,0.0,0.0
0,0,0,0,27,0.15,78.6,5.5,228,2026-09-20 20:00:00,PT5M,0.0,0.0,0.0,0.0,0.0
0,0,0,0,27,0.15,78.8,5.5,228,2026-09-20 20:05:00,PT5M,0.0,0.0,0.0,0.0,0.0
0,0,0,0,27,0.15,79.1,5.5,229,2026-09-20 20:10:00,PT5M,0.0,0.0,0.0,0.0,0.0
0,0,0,0,27,0.15,79.3,5.5,229,2026-09-20 20:15:00,PT5M,0.0,0.0,0.0,0.0,0.0
0,0,0,0,27,0.15,79.6,5.5,229,2026-09-20 20:20:00,PT5M,0.0,0.0,0.0,0.0,0.0
0,0,0,0,27,0.15,79.8,5.5,230,2026-09-20 20:25:00,PT5M,0.0,0.0,0.0,0.0,0.0
0,0,0,0,26,0.15,80.0,5.5,230,2026-09-20 20:30:00,PT5M,0.0,0.0,0.0,0.0,0.0
0,0,0,0,26,0.15,80.2,5.4,230,2026-09-20 20:35:00,PT5M,0.0,0.0,0.0,0.0,0.0
0,0,0,0,26,0.15,80.3,5.4,230,2026-09-20 20:40:00,PT5M,0.0,0.0,0.0,0.0,0.0
0,0,0,0,26,0.15,80.3,5.3,229,2026-09-20 20:45:00,PT5M,0.0,0.0,0.0,0.0,0.0
0,0,0,0,26,0.15,80.4,5.3,229,2026-09-20 20:50:00,PT5M,0.0,0.0,0.0,0.0,0.0
0,0,0,0,26,0.15,80.5,5.2,229,2026-09-20 20:55:00,PT5M,0.0,0.0,0.0,0.0,0.0
0,0,0,0,26,0.15,80.6,5.1,228,2026-09-20 21:00:00,PT5M,0.0,0.0,0.0,0.0,0.0
0,0,0,0,26,0.15,80.7,5.1,228,2026-09-20 21:05:00,PT5M,0.0,0.0,0.0,0.0,0.0
0,0,0,0,26,0.15,80.7,5.0,228,2026-09-20 21:10:00,PT5M,0.0,0.0,0.0,0.0,0.0
0,0,0,0,26,0.15,80.8,4.9,227,2026-09-20 21:15:00,PT5M,0.0,0.0,0.0,0.0,0.0
0,0,0,0,26,0.15,80.9,4.9,227,2026-09-20 21:20:00,PT5M,0.0,0.0,0.0,0.0,0.0
0,0,0,0,26,0.15,81.0,4.8,226,2026-09-20 21:25:00,PT5M,0.0,0.0,0.0,0.0,0.0
0,0,0,0,26,0.15,81.0,4.8,226,2026-09-20 21:30:00,PT5M,0.0,0.0,0.0,0.0,0.0
0,0,0,0,26,0.15,81.1,4.7,226,2026-09-20 21:35:00,PT5M,0.0,0.0,0.0,0.0,0.0
0,0,0,0,26,0.15,81.2,4.7,226,2026-09-20 21:40:00,PT5M,0.0,0.0,0.0,0.0,0.0
0,0,0,0,26,0.15,81.3,4.7,226,2026-09-20 21:45:00,PT5M,0.0,0.0,0.0,0.0,0.0
0,0,0,0,26,0.15,81.4,4.7,227,2026-09-20 21:50:00,PT5M,0.0,0.0,0.0,0.0,0.0
0,0,0,0,26,0.15,81.4,4.7,227,2026-09-20 21:55:00,PT5M,0.0,0.0,0.0,0.0,0.0
0,0,0,0,26,0.15,81.5,4.7,227,2026-09-20 22:00:00,PT5M,0.0,0.0,0.0,0.0,0.0
0,0,0,0,26,0.15,81.6,4.7,227,2026-09-20 22:05:00,PT5M,0.0,0.0,0.0,0.0,0.0
0,0,0,0,26,0.15,81.7,4.7,227,2026-09-20 22:10:00,PT5M,0.0,0.0,0.0,0.0,0.0
0,0,0,0,26,0.15,81.8,4.7,228,2026-09-20 22:15:00,PT5M,0.0,0.0,0.0,0.0,0.0
0,0,0,0,26,0.15,81.8,4.7,228,2026-09-20 22:20:00,PT5M,0.0,0.0,0.0,0.0,0.0
0,0,0,0,26,0.15,81.9,4.7,228,2026-09-20 22:25:00,PT5M,0.0,0.0,0.0,0.0,0.0
0,0,0,0,26,0.15,82.0,4.7,228,2026-09-20 22:30:00,PT5M,0.0,0.0,0.0,0.0,0.0
0,0,0,0,26,0.15,82.1,4.7,228,2026-09-20 22:35:00,PT5M,0.0,0.0,0.0,0.0,0.0
0,0,0,0,26,0.15,82.2,4.7,228,2026-09-20 22:40:00,PT5M,0.0,0.0,0.0,0.0,0.0
0,0,0,0,26,0.15,82.2,4.7,227,2026-09-20 22:45:00,PT5M,0.0,0.0,0.0,0.0,0.0
0,0,0,0,26,0.15,82.3,4.7,227,2026-09-20 22:50:00,PT5M,0.0,0.0,0.0,0.0,0.0
0,0,0,0,26,0.15,82.4,4.7,227,2026-09-20 22:55:00,PT5M,0.0,0.0,0.0,0.0,0.0
0,0,0,0,26,0.15,82.5,4.7,226,2026-09-20 23:00:00,PT5M,0.0,0.0,0.0,0.0,0.0
0,0,0,0,26,0.15,82.6,4.7,226,2026-09-20 23:05:00,PT5M,0.0,0.0,0.0,0.0,0.0
0,0,0,0,26,0.15,82.6,4.7,225,2026-09-20 23:10:00,PT5M,0.0,0.0,0.0,0.0,0.0
0,0,0,0,26,0.15,82.7,4.7,225,2026-09-20 23:15:00,PT5M,0.0,0.0,0.0,0.0,0.0
0,0,0,0,26,0.15,82.8,4.7,224,2026-09-20 23:20:00,PT5M,0.0,0.0,0.0,0.0,0.0
0,0,0,0,26,0.15,82.9,4.7,224,2026-09-20 23:25:00,PT5M,0.0,0.0,0.0,0.0,0.0
0,0,0,0,25,0.15,83.0,4.7,223,2026-09-20 23:30:00,PT5M,0.0,0.0,0.0,0.0,0.0
0,0,0,0,25,0.15,83.0,4.7,223,2026-09-20 23:35:00,PT5M,0.0,0.0,0.0,0.0,0.0
0,0,0,0,25,0.15,83.1,4.7,224,2026-09-20 23:40:00,PT5M,0.0,0.0,0.0,0.0,0.0
0,0,0,0,25,0.15,83.2,4.7,224,2026-09-20 23:45:00,PT5M,0.0,0.0,0.0,0.0,0.0
0,0,0,0,25,0.15,83.3,4.7,225,2026-09-20 23:50:00,PT5M,0.0,0.0,0.0,0.0,0.0
0,0,0,0,25,0.15,83.4,4.7,225,2026-09-20 23:55:00,PT5M,0.0,0.0,0.0,0.0,0.0
0,0,0,0,25,0.15,83.4,4.8,225,2026-09-21 00:00:00,PT5M,0.0,0.0,0.0,0.0,0.0
0,0,0,0,25,0.15,83.5,4.8,226,2026-09-21 00:05:00,PT5M,0.0,0.0,0.0,0.0,0.0
0,0,0,0,25,0.15,83.6,4.8,226,2026-09-21 00:10:00,PT5M,0.0,0.0,0.0,0.0,0.0
0,0,0,0,25,0.15,83.7,4.8,226,2026-09-21 00:15:00,PT5M,0.0,0.0,0.0,0.0,0.0
0,0,0,0,25,0.15,83.8,4.8,227,2026-09-21 00:20:00,PT5M,0.0,0.0,0.0,0.0,0.0
0,0,0,0,25,0.15,83.9,4.9,227,2026-09-21 00:25:00,PT5M,0.0,0.0,0.0,0.0,0.0
0,0,0,0,25,0.15,83.9,4.9,227,2026-09-21 00:30:00,PT5M,0.0,0.0,0.0,0.0,0.0
0,0,0,0,25,0.14,84.0,4.9,228,2026-09-21 00:35:00,PT5M,0.0,0.0,0.0,0.0,0.0
0,0,0,0,25,0.14,83.9,4.9,228,2026-09-21 00:40:00,PT5M,0.0,0.0,0.0,0.0,0.0
0,0,0,0,25,0.14,83.9,4.9,228,2026-09-21 00:45:00,PT5M,0.0,0.0,0.0,0.0,0.0
0,0,0,0,25,0.14,83.8,4.9,228,2026-09-21 00:50:00,PT5M,0.0,0.0,0.0,0.0,0.0
0,0,0,0,25,0.14,83.8,4.9,228,2026-09-21 00:55:00,PT5M,0.0,0.0,0.0,0.0,0.0
0,0,0,0,25,0.14,83.7,4.9,228,2026-09-21 01:00:00,PT5M,0.0,0.0,0.0,0.0,0.0
0,0,0,0,25,0.14,83.7,4.9,228,2026-09-21 01:05:00,PT5M,0.0,0.0,0.0,0.0,0.0
0,0,0,0,25,0.14,83.7,4.9,228,2026-09-21 01:10:00,PT5M,0.0,0.0,0.0,0.0,0.0
0,0,0,0,25,0.14,83.6,4.9,228,2026-09-21 01:15:00,PT5M,0.0,0.0,0.0,0.0,0.0
0,0,0,0,25,0.14,83.6,4.9,228,2026-09-21 01:20:00,PT5M,0.0,0.0,0.0,0.0,0.0
0,0,0,0,25,0.14,83.5,4.9,228,2026-09-21 01:25:00,PT5M,0.0,0.0,0.0,0.0,0.0
0,0,0,0,25,0.14,83.5,5.0,228,2026-09-21 01:30:00,PT5M,0.0,0.0,0.0,0.0,0.0
0,0,0,0,25,0.14,83.5,4.9,228,2026-09-21 01:35:00,PT5M,0.0,0.0,0.0,0.0,0.0
0,0,0,0,25,0.14,83.5,4.9,229,2026-09-21 01:40:00,PT5M,0.0,0.0,0.0,0.0,0.0
0,0,0,0,25,0.14,83.6,4.9,229,2026-09-21 01:45:00,PT5M,0.0,0.0,0.0,0.0,0.0
0,0,0,0,25,0.14,83.6,4.9,229,2026-09-21 01:50:00,PT5M,0.0,0.0,0.0,0.0,0.0
0,0,0,0,25,0.14,83.7,4.9,230,2026-09-21 01:55:00,PT5M,0.0,0.0,0.0,0.0,0.0
0,0,0,0,25,0.14,83.7,4.8,230,2026-09-21 02:00:00,PT5M,0.0,0.0,0.0,0.0,0.0
0,0,0,0,25,0.14,83.7,4.8,230,2026-09-21 02:05:00,PT5M,0.0,0.0,0.0,0.0,0.0
0,0,0,0,25,0.14,83.8,4.8,231,2026-09-21 02:10:00,PT5M,0.0,0.0,0.0,0.0,0.0
0,0,0,0,25,0.14,83.8,4.8,231,2026-09-21 02:15:00,PT5M,0.0,0.0,0.0,0.0,0.0
0,0,0,0,25,0.14,83.9,4.8,231,2026-09-21 02:20:00,PT5M,0.0,0.0,0.0,0.0,0.0
0,0,0,0,25,0.14,83.9,4.7,231,2026-09-21 02:25:00,PT5M,0.0,0.0,0.0,0.0,0.0
0,0,0,0,25,0.14,84.0,4.7,232,2026-09-21 02:30:00,PT5M,0.0,0.0,0.0,0.0,0.0
0,0,0,0,25,0.14,84.0,4.7,232,2026-09-21 02:35:00,PT5M,0.0,0.0,0.0,0.0,0.0
0,0,0,0,25,0.14,84.1,4.7,231,2026-09-21 02:40:00,PT5M,0.0,0.0,0.0,0.0,0.0
0,0,0,0,25,0.14,84.2,4.7,230,2026-09-21 02:45:00,PT5M,0.0,0.0,0.0,0.0,0.0
0,0,0,0,25,0.14,84.3,4.7,230,2026-09-21 02:50:00,PT5M,0.0,0.0,0.0,0.0,0.0
0,0,0,0,25,0.14,84.4,4.7,229,2026-09-21 02:55:00,PT5M,0.0,0.0,0.0,0.0,0.0
0,0,0,0,25,0.14,84.4,4.6,228,2026-09-21 03:00:00,PT5M,0.0,0.0,0.0,0.0,0.0
0,0,0,0,25,0.14,84.5,4.6,228,2026-09-21 03:05:00,PT5M,0.0,0.0,0.0,0.0,0.0
0,0,0,0,25,0.14,84.6,4.6,227,2026-09-21 03:10:00,PT5M,0.0,0.0,0.0,0.0,0.0
0,0,0,0,25,0.14,84.7,4.6,226,2026-09-21 03:15:00,PT5M,0.0,0.0,0.0,0.0,0.0
0,0,0,0,25,0.14,84.8,4.6,226,2026-09-21 03:20:00,PT5M,0.0,0.0,0.0,0.0,0.0
0,0,0,0,25,0.14,84.9,4.6,225,2026-09-21 03:25:00,PT5M,0.0,0.0,0.0,0.0,0.0
0,0,0,0,25,0.14,84.9,4.6,224,2026-09-21 03:30:00,PT5M,0.0,0.0,0.0,0.0,0.0
0,0,0,0,25,0.14,85.0,4.6,224,2026-09-21 03:35:00,PT5M,0.0,0.0,0.0,0.0,0.0
0,0,0,0,25,0.14,85.0,4.5,224,2026-09-21 03:40:00,PT5M,0.0,0.0,0.0,0.0,0.0
0,0,0,0,25,0.14,85.1,4.5,224,2026-09-21 03:45:00,PT5M,0.0,0.0,0.0,0.0,0.0
0,0,0,0,25,0.14,85.1,4.5,225,2026-09-21 03:50:00,PT5M,0.0,0.0,0.0,0.0,0.0
0,0,0,0,25,0.14,85.2,4.4,225,2026-09-21 03:55:00,PT5M,0.0,0.0,0.0,0.0,0.0
0,0,0,0,25,0.14,85.2,4.4,225,2026-09-21 04:00:00,PT5M,0.0,0.0,0.0,0.0,0.0
0,0,0,0,25,0.14,85.3,4.4,225,2026-09-21 04:05:00,PT5M,0.0,0.0,0.0,0.0,0.0
0,0,0,0,25,0.14,85.3,4.3,225,2026-09-21 04:10:00,PT5M,0.0,0.0,0.0,0.0,0.0
0,0,0,0,25,0.14,85.3,4.3,225,2026-09-21 04:15:00,PT5M,0.0,0.0,0.0,0.0,0.0
0,0,0,0,25,0.14,85.4,4.3,226,2026-09-21 04:20:00,PT5M,0.0,0.0,0.0,0.0,0.0
0,0,0,0,25,0.14,85.4,4.2,226,2026-09-21 04:25:00,PT5M,0.0,0.0,0.0,0.0,0.0
0,0,0,0,25,0.14,85.5,4.2,226,2026-09-21 04:30:00,PT5M,0.0,0.0,0.0,0.0,0.0
0,0,0,0,25,0.14,85.5,4.2,226,2026-09-21 04:35:00,PT5M,0.0,0.0,0.0,0.0,0.0
0,0,0,0,25,0.14,85.5,4.2,226,2026-09-21 04:40:00,PT5M,0.0,0.0,0.0,0.0,0.0
0,0,0,0,25,0.14,85.5,4.3,226,2026-09-21 04:45:00,PT5M,0.0,0.0,0.0,0.0,0.0
0,0,0,0,25,0.14,85.5,4.3,226,2026-09-21 04:50:00,PT5M,0.0,0.0,0.0,0.0,0.0
0,0,0,0,25,0.14,85.5,4.4,226,2026-09-21 04:55:00,PT5M,0.0,0.0,0.0,0.0,0.0
0,0,0,0,25,0.14,85.5,4.4,225,2026-09-21 05:00:00,PT5M,0.0,0.0,0.0,0.0,0.0
0,0,0,0,25,0.14,85.5,4.4,225,2026-09-21 05:05:00,PT5M,0.0,0.0,0.0,0.0,0.0
0,0,0,0,25,0.14,85.5,4.5,225,2026-09-21 05:10:00,PT5M,0.0,0.0,0.0,0.0,0.0
0,0,0,0,25,0.14,85.5,4.5,225,2026-09-21 05:15:00,PT5M,0.0,0.0,0.0,0.0,0.0
0,0,0,0,25,0.14,85.5,4.6,225,2026-09-21 05:20:00,PT5M,0.0,0.0,0.0,0.0,0.0
0,0,0,0,25,0.14,85.5,4.6,225,2026-09-21 05:25:00,PT5M,0.0,0.0,0.0,0.0,0.0
0,0,0,0,25,0.14,85.5,4.6,225,2026-09-21 05:30:00,PT5M,0.0,0.0,0.0,0.0,0.0
0,0,0,0,25,0.14,85.3,4.7,225,2026-09-21 05:35:00,PT5M,0.0,0.0,0.0,0.0,0.0
0,0,0,0,25,0.14,85.0,4.7,225,2026-09-21 05:40:00,PT5M,0.0,0.0,0.0,0.0,0.0
0,0,0,0,25,0.14,84.7,4.7,225,2026-09-21 05:45:00,PT5M,0.0,0.0,0.0,0.0,0.0
0,0,0,0,25,0.14,84.5,4.7,225,2026-09-21 05:50:00,PT5M,0.0,0.0,0.0,0.0,0.0
0,0,0,0,25,0.14,84.2,4.7,225,2026-09-21 05:55:00,PT5M,0.0,0.0,0.0,0.0,0.0
1,1,0,1,25,0.14,83.9,4.8,225,2026-09-21 06:00:00,PT5M,0.0,0.0,0.0,0.0,0.0
5,5,0,5,25,0.14,83.6,4.8,225,2026-09-21 06:05:00,PT5M,0.0,0.2455,0.1292,0.0,0.0
10,10,0,10,25,0.14,83.3,4.8,224,2026-09-21 06:10:00,PT5M,0.697,1.577,1.1602,0.2338,0.0
17,17,0,17,25,0.14,83.0,4.8,224,2026-09-21 06:15:00,PT5M,1.521,3.111,2.3578,0.6842,0.0
24,24,0,24,25,0.14,82.7,4.8,224,2026-09-21 06:20:00,PT5M,2.415,5.0625,3.8084,1.0216,0.0
31,31,0,31,26,0.14,82.4,4.9,224,2026-09-21 06:25:00,PT5M,3.379,7.212,5.3963,1.3617,0.0
40,40,0,40,26,0.14,82.2,4.9,224,2026-09-21 06:30:00,PT5M,4.514,9.81,7.3013,1.7267,0.0
50,50,0,50,26,0.14,81.9,4.9,224,2026-09-21 06:35:00,PT5M,5.811,12.755,9.4657,2.1563,0.0
61,62,0,62,26,0.14,81.5,4.9,224,2026-09-21 06:40:00,PT5M,7.231,15.8875,11.787,2.675,0.0
74,75,0,75,26,0.14,81.2,4.9,224,2026-09-21 06:45:00,PT5M,8.829,19.2385,14.3076,3.3504,0.0
88,89,14,86,26,0.14,80.9,5.0,224,2026-09-21 06:50:00,PT5M,11.18,23.3735,17.5975,4.7625,0.0
103,104,39,94,26,0.14,80.6,5.0,224,2026-09-21 06:55:00,PT5M,14.028,28.0795,21.4234,6.6326,0.0
120,120,65,103,26,0.14,80.3,5.0,223,2026-09-21 07:00:00,PT5M,17.319,33.358,25.7604,8.8776,1.28
136,137,91,111,26,0.14,79.9,5.0,223,2026-09-21 07:05:00,PT5M,20.72,38.5795,30.1196,11.3204,2.8605
154,154,118,118,26,0.14,79.6,5.1,223,2026-09-21 07:10:00,PT5M,24.576,44.2885,34.9508,14.2012,4.8635
172,172,146,125,26,0.14,79.3,5.1,223,2026-09-21 07:15:00,PT5M,28.81,50.39,40.1677,17.4523,7.23
191,192,176,131,26,0.14,79.0,5.1,223,2026-09-21 07:20:00,PT5M,33.407,56.8605,45.7507,21.0633,9.9535
212,212,208,136,27,0.14,78.7,5.1,223,2026-09-21 07:25:00,PT5M,38.378,63.702,51.7062,25.0498,13.054
233,233,242,140,27,0.14,78.4,5.2,223,2026-09-21 07:30:00,PT5M,43.713,70.9065,58.0251,29.4009,16.5195
252,252,264,145,27,0.14,78.1,5.2,223,2026-09-21 07:35:00,PT5M,48.225,79.7545,64.8192,31.6308,16.6955
268,268,274,152,27,0.14,77.8,5.2,223,2026-09-21 07:40:00,PT5M,51.651,85.313,69.3676,33.9344,17.989
284,284,284,158,27,0.14,77.6,5.2,223,2026-09-21 07:45:00,PT5M,54.322,89.1805,72.6683,35.9757,19.4635
300,300,294,164,27,0.14,77.3,5.2,222,2026-09-21 07:50:00,PT5M,56.353,91.584,74.8953,37.8107,21.122
316,316,304,170,27,0.14,77.1,5.2,222,2026-09-21 07:55:00,PT5M,58.32,93.8835,77.0373,39.6027,22.7565
332,332,313,176,27,0.14,76.8,5.3,222,2026-09-21 08:00:00,PT5M,60.216,96.0655,79.0838,41.3482,24.3665
348,348,322,181,27,0.14,76.5,5.3,222,2026-09-21 08:05:00,PT5M,62.032,98.1125,81.0214,43.0426,25.9515
364,364,330,187,27,0.14,76.3,5.3,222,2026-09-21 08:10:00,PT5M,63.757,100.0,82.8333,44.6807,27.5115
380,380,339,192,27,0.14,76.0,5.3,222,2026-09-21 08:15:00,PT5M,65.384,100.0,84.5068,46.2612,29.05
396,396,347,197,27,0.14,75.8,5.3,222,2026-09-21 08:20:00,PT5M,66.907,100.0,86.0338,47.7802,30.5655
412,411,355,202,27,0.14,75.5,5.4,222,2026-09-21 08:25:00,PT5M,68.312,100.0,87.3817,49.2423,32.079
427,427,362,207,28,0.14,75.3,5.4,222,2026-09-21 08:30:00,PT5M,69.629,100.0,88.6203,50.6377,33.545
442,442,369,211,28,0.14,74.9,5.4,222,2026-09-21 08:35:00,PT5M,70.841,100.0,89.7875,51.8945,34.842
457,457,374,216,28,0.14,74.5,5.4,222,2026-09-21 08:40:00,PT5M,71.928,100.0,90.6824,53.1736,36.294
472,471,379,221,28,0.14,74.1,5.5,223,2026-09-21 08:45:00,PT5M,72.967,100.0,91.4772,54.4568,37.797
486,485,385,226,28,0.14,73.7,5.5,223,2026-09-21 08:50:00,PT5M,73.965,100.0,92.2365,55.6935,39.2485
500,499,390,230,28,0.14,73.3,5.5,223,2026-09-21 08:55:00,PT5M,74.927,100.0,92.9633,56.8907,40.6575
514,513,394,235,28,0.14,72.9,5.5,224,2026-09-21 09:00:00,PT5M,75.855,100.0,93.6597,58.0503,42.0255
528,527,400,239,28,0.14,72.6,5.6,224,2026-09-21 09:05:00,PT5M,76.858,100.0,94.4274,59.2886,43.4755
542,541,406,242,28,0.14,72.2,5.6,224,2026-09-21 09:10:00,PT5M,77.837,100.0,95.1741,60.4999,44.896
556,555,412,246,28,0.14,71.8,5.6,225,2026-09-21 09:15:00,PT5M,78.783,100.0,95.8917,61.6743,46.276
570,569,418,249,28,0.14,71.4,5.7,225,2026-09-21 09:20:00,PT5M,79.698,100.0,96.5825,62.8135,47.617
583,582,424,252,29,0.14,71.0,5.7,225,2026-09-21 09:25:00,PT5M,80.583,100.0,97.2459,63.9201,48.923
596,595,430,255,29,0.14,70.6,5.7,226,2026-09-21 09:30:00,PT5M,81.438,100.0,97.8775,64.9985,50.2025
608,607,433,259,29,0.14,70.3,5.7,226,2026-09-21 09:35:00,PT5M,82.121,100.0,98.3447,65.8973,51.2955
619,618,434,263,29,0.14,70.1,5.8,226,2026-09-21 09:40:00,PT5M,82.638,100.0,98.6527,66.6233,52.2095
629,628,435,267,29,0.14,69.8,5.8,226,2026-09-21 09:45:00,PT5M,83.087,100.0,98.9044,67.2696,53.0335
639,637,435,272,29,0.14,69.5,5.9,226,2026-09-21 09:50:00,PT5M,83.507,100.0,99.1341,67.8799,53.815
648,647,435,276,29,0.14,69.3,5.9,227,2026-09-21 09:55:00,PT5M,83.908,100.0,99.3509,68.4651,54.566
657,656,435,280,29,0.14,69.0,5.9,227,2026-09-21 10:00:00,PT5M,84.288,100.0,99.5546,69.0214,55.281
666,664,435,284,29,0.14,68.7,6.0,227,2026-09-21 10:05:00,PT5M,84.647,100.0,99.7454,69.5486,55.9595
674,672,435,288,29,0.14,68.5,6.0,227,2026-09-21 10:10:00,PT5M,84.985,100.0,99.9219,70.0481,56.6045
682,680,435,292,29,0.14,68.2,6.0,228,2026-09-21 10:15:00,PT5M,85.301,100.0,100.0,70.5191,57.215
689,688,434,295,29,0.14,68.0,6.1,228,2026-09-21 10:20:00,PT5M,85.596,100.0,100.0,70.9628,57.7925
696,695,434,299,30,0.14,67.7,6.1,228,2026-09-21 10:25:00,PT5M,85.874,100.0,100.0,71.3837,58.342
703,701,434,302,30,0.14,67.4,6.1,228,2026-09-21 10:30:00,PT5M,86.133,100.0,100.0,71.7803,58.8625
707,706,429,307,30,0.14,67.1,6.2,228,2026-09-21 10:35:00,PT5M,86.125,100.0,100.0,71.8421,58.987
709,708,421,313,30,0.14,66.8,6.2,229,2026-09-21 10:40:00,PT5M,85.853,100.0,100.0,71.5722,58.719
711,709,413,319,30,0.14,66.4,6.3,229,2026-09-21 10:45:00,PT5M,85.567,100.0,99.8523,71.2817,58.4245
712,710,405,325,30,0.14,66.1,6.3,229,2026-09-21 10:50:00,PT5M,85.262,100.0,99.5565,70.9675,58.102
712,711,397,331,30,0.14,65.7,6.3,229,2026-09-21 10:55:00,PT5M,84.935,100.0,99.25,70.62,57.736
712,711,389,336,30,0.14,65.4,6.4,229,2026-09-21 11:00:00,PT5M,84.57,100.0,98.9321,70.2079,57.2815
712,710,381,342,30,0.14,65.0,6.4,230,2026-09-21 11:05:00,PT5M,84.206,100.0,98.6081,69.8039,56.8415
711,709,373,347,30,0.14,64.7,6.4,230,2026-09-21 11:10:00,PT5M,83.837,100.0,98.2747,69.3993,56.405
710,708,365,352,30,0.14,64.4,6.5,230,2026-09-21 11:15:00,PT5M,83.446,100.0,97.9308,68.9612,55.9245
708,707,357,356,31,0.14,64.0,6.5,230,2026-09-21 11:20:00,PT5M,83.025,100.0,97.5727,68.4773,55.384
706,704,349,361,31,0.14,63.7,6.6,230,2026-09-21 11:25:00,PT5M,82.582,100.0,97.2004,67.9636,54.8065
703,702,341,365,31,0.14,63.4,6.6,230,2026-09-21 11:30:00,PT5M,82.144,100.0,96.8411,67.4469,54.219
701,700,335,369,31,0.14,63.3,6.6,231,2026-09-21 11:35:00,PT5M,81.799,100.0,96.5788,67.0192,53.717
700,699,330,371,31,0.14,63.4,6.5,231,2026-09-21 11:40:00,PT5M,81.556,100.0,96.4237,66.6883,53.307
698,697,325,374,31,0.14,63.5,6.5,231,2026-09-21 11:45:00,PT5M,81.286,100.0,96.2489,66.3231,52.856
696,695,321,376,31,0.14,63.6,6.5,231,2026-09-21 11:50:00,PT5M,80.987,100.0,96.0525,65.9215,52.362
693,692,316,378,31,0.14,63.7,6.4,232,2026-09-21 11:55:00,PT5M,80.657,100.0,95.8323,65.4817,51.8235
690,689,311,380,31,0.14,63.9,6.4,232,2026-09-21 12:00:00,PT5M,80.3,100.0,95.5924,65.0076,51.244
687,686,306,382,31,0.14,64.0,6.3,232,2026-09-21 12:05:00,PT5M,79.984,100.0,95.4009,64.5671,50.6915
683,682,300,383,31,0.14,64.1,6.3,232,2026-09-21 12:10:00,PT5M,79.636,100.0,95.1839,64.0881,50.0945
679,678,295,385,31,0.14,64.2,6.2,233,2026-09-21 12:15:00,PT5M,79.256,100.0,94.9413,63.5707,49.4535
674,673,290,386,31,0.14,64.4,6.2,233,2026-09-21 12:20:00,PT5M,78.844,100.0,94.6724,63.0156,48.7695
669,668,284,387,30,0.14,64.5,6.1,233,2026-09-21 12:25:00,PT5M,78.402,100.0,94.3791,62.4249,48.045
664,663,279,388,30,0.14,64.6,6.1,234,2026-09-21 12:30:00,PT5M,77.93,100.0,94.0605,61.7995,47.2815
658,657,273,388,30,0.14,64.7,6.1,234,2026-09-21 12:35:00,PT5M,77.433,100.0,93.6975,61.1685,46.53
652,651,268,388,30,0.14,64.8,6.0,234,2026-09-21 12:40:00,PT5M,76.909,100.0,93.2893,60.5287,45.786
645,645,263,388,30,0.14,64.9,6.0,234,2026-09-21 12:45:00,PT5M,76.354,100.0,92.8553,59.8527,45.001
639,638,258,387,30,0.14,65.0,5.9,235,2026-09-21 12:50:00,PT5M,75.752,100.0,92.3875,59.1165,44.144
632,631,253,387,30,0.14,65.1,5.9,235,2026-09-21 12:55:00,PT5M,75.116,100.0,91.891,58.341,43.243
624,624,248,386,30,0.14,65.2,5.8,235,2026-09-21 13:00:00,PT5M,74.478,100.0,91.3848,57.5712,42.3545
617,616,242,385,30,0.14,65.3,5.8,236,2026-09-21 13:05:00,PT5M,73.831,100.0,90.8649,56.7971,41.466
609,608,237,383,30,0.14,65.4,5.8,236,2026-09-21 13:10:00,PT5M,73.12,100.0,90.2995,55.9405,40.4785
601,600,232,382,30,0.14,65.5,5.7,236,2026-09-21 13:15:00,PT5M,72.37,100.0,89.701,55.039,39.4405
592,592,227,380,30,0.14,65.6,5.7,237,2026-09-21 13:20:00,PT5M,71.587,100.0,89.0743,54.0997,38.3605
584,583,222,378,30,0.14,65.7,5.6,237,2026-09-21 13:25:00,PT5M,70.773,100.0,88.4193,53.1267,37.2445
575,574,217,375,30,0.14,65.8,5.6,237,2026-09-21 13:30:00,PT5M,69.93,100.0,87.7379,52.1221,36.0945
566,566,212,373,30,0.14,65.9,5.6,238,2026-09-21 13:35:00,PT5M,69.116,100.0,87.0775,51.1545,34.9885
558,557,208,370,30,0.14,66.0,5.5,238,2026-09-21 13:40:00,PT5M,68.333,100.0,86.4403,50.2257,33.9285
549,549,204,366,30,0.14,66.1,5.5,239,2026-09-21 13:45:00,PT5M,67.523,100.0,85.779,49.267,32.836
540,540,200,363,30,0.14,66.2,5.4,239,2026-09-21 13:50:00,PT5M,66.664,100.0,85.0719,48.2561,31.6885
531,531,197,359,30,0.14,66.4,5.4,239,2026-09-21 13:55:00,PT5M,65.799,100.0,84.3621,47.2359,30.5285
521,521,193,355,30,0.14,66.5,5.3,240,2026-09-21 14:00:00,PT5M,64.905,100.0,83.6265,46.1835,29.3335
512,512,189,351,30,0.14,66.6,5.3,240,2026-09-21 14:05:00,PT5M,63.977,99.8575,82.8612,45.0928,28.0965
502,502,185,347,30,0.14,66.8,5.2,241,2026-09-21 14:10:00,PT5M,63.018,99.2145,82.0685,43.9675,26.8215
492,492,181,342,30,0.14,66.9,5.2,241,2026-09-21 14:15:00,PT5M,62.032,98.549,81.2512,42.8128,25.515
481,481,176,338,30,0.14,67.0,5.2,242,2026-09-21 14:20:00,PT5M,61.003,97.8475,80.3945,41.6115,24.1585
471,471,172,333,30,0.14,67.2,5.1,242,2026-09-21 14:25:00,PT5M,59.918,97.098,79.4861,40.3499,22.738
460,460,167,328,30,0.14,67.3,5.1,243,2026-09-21 14:30:00,PT5M,58.806,96.3245,78.5523,39.0597,21.2875
449,449,163,322,30,0.14,67.4,5.0,243,2026-09-21 14:35:00,PT5M,57.666,95.5265,77.5923,37.7397,19.8055
438,438,158,317,30,0.14,67.4,5.0,242,2026-09-21 14:40:00,PT5M,56.498,94.7025,76.6053,36.3907,18.2935
426,426,154,311,30,0.14,67.5,5.0,242,2026-09-21 14:45:00,PT5M,55.302,93.8535,75.5919,35.0121,16.7505
415,415,149,306,30,0.14,67.6,5.0,242,2026-09-21 14:50:00,PT5M,54.077,92.9775,74.5506,33.6034,15.1765
403,403,144,300,30,0.14,67.6,5.0,241,2026-09-21 14:55:00,PT5M,52.823,92.0745,73.4813,32.1647,13.5715
392,392,140,293,30,0.14,67.7,5.0,241,2026-09-21 15:00:00,PT5M,51.56,91.1615,72.4026,30.7174,11.9585
380,380,136,287,30,0.14,67.8,5.0,240,2026-09-21 15:05:00,PT5M,50.328,90.274,71.3519,29.3041,10.382
369,369,132,280,30,0.14,67.8,5.0,240,2026-09-21 15:10:00,PT5M,49.067,89.326,70.2556,27.8784,8.808
357,357,127,274,30,0.14,67.9,5.0,240,2026-09-21 15:15:00,PT5M,47.776,88.0615,68.9785,26.5735,7.4905
345,346,123,267,30,0.14,67.9,5.0,239,2026-09-21 15:20:00,PT5M,46.446,86.7425,67.6543,25.2377,6.1495
333,334,119,260,29,0.14,68.0,5.0,239,2026-09-21 15:25:00,PT5M,45.075,85.362,66.2783,23.8717,4.788
321,322,114,253,29,0.14,68.1,4.9,238,2026-09-21 15:30:00,PT5M,43.668,83.9355,64.8611,22.4749,3.4005
309,310,109,245,29,0.14,68.1,4.9,238,2026-09-21 15:35:00,PT5M,42.178,82.41,63.3524,21.0036,1.946
297,297,104,238,29,0.14,68.2,4.9,238,2026-09-21 15:40:00,PT5M,40.843,81.006,61.9811,19.7049,0.68
284,284,99,230,29,0.14,68.3,5.0,237,2026-09-21 15:45:00,PT5M,39.264,79.245,60.3063,18.2217,0.0
271,272,93,222,29,0.14,68.4,5.0,237,2026-09-21 15:50:00,PT5M,37.643,77.3605,58.5466,16.7394,0.0
259,259,88,214,29,0.14,68.5,5.0,237,2026-09-21 15:55:00,PT5M,35.981,75.358,56.7054,15.2566,0.0
246,247,82,206,29,0.14,68.6,5.0,237,2026-09-21 16:00:00,PT5M,34.28,73.25,54.7902,13.7698,0.0
234,234,76,198,29,0.14,68.7,5.0,236,2026-09-21 16:05:00,PT5M,32.542,71.0505,52.8093,12.2747,0.0
221,222,70,189,29,0.14,68.8,5.0,236,2026-09-21 16:10:00,PT5M,30.77,68.77,50.7697,10.7703,0.0
209,209,64,181,29,0.14,68.9,5.0,236,2026-09-21 16:15:00,PT5M,28.968,66.3515,48.6432,9.2928,0.0
196,197,58,172,29,0.14,69.0,5.0,235,2026-09-21 16:20:00,PT5M,27.164,62.947,45.9968,8.3312,0.0
184,185,52,164,29,0.14,69.1,5.0,235,2026-09-21 16:25:00,PT5M,25.285,58.83,42.94,7.63,0.0
172,173,46,155,29,0.14,69.2,5.0,235,2026-09-21 16:30:00,PT5M,23.371,54.742,39.8818,6.8602,0.0
160,161,40,146,29,0.14,69.3,5.0,235,2026-09-21 16:35:00,PT5M,21.48,48.604,35.7556,7.2044,0.0
149,149,33,138,29,0.14,69.5,5.0,234,2026-09-21 16:40:00,PT5M,19.622,44.674,32.807,6.437,0.0
137,137,27,129,29,0.14,69.6,5.0,234,2026-09-21 16:45:00,PT5M,17.765,40.7485,29.8614,5.6686,0.0
125,126,20,120,29,0.14,69.7,5.0,234,2026-09-21 16:50:00,PT5M,16.028,36.9565,27.0428,5.0132,0.0
114,114,12,111,29,0.14,69.9,5.0,233,2026-09-21 16:55:00,PT5M,14.211,33.1105,24.1579,4.2641,0.0
103,103,4,102,29,0.14,70.0,5.0,233,2026-09-21 17:00:00,PT5M,12.448,29.355,21.3463,3.5497,0.0
91,91,0,91,29,0.14,70.1,5.0,233,2026-09-21 17:05:00,PT5M,10.869,25.613,18.6289,3.1091,0.0
80,80,0,80,29,0.14,70.3,4.9,232,2026-09-21 17:10:00,PT5M,9.5,22.2445,16.2075,2.7925,0.0
69,69,0,69,29,0.14,70.4,4.9,232,2026-09-21 17:15:00,PT5M,8.08,18.901,13.7752,2.3848,0.0
59,59,0,59,29,0.14,70.5,4.9,232,2026-09-21 17:20:00,PT5M,6.81,15.747,11.5136,2.1064,0.0
49,49,0,49,29,0.14,70.7,4.9,231,2026-09-21 17:25:00,PT5M,5.623,12.7305,9.3637,1.8823,0.0
39,40,0,40,29,0.14,70.8,4.9,231,2026-09-21 17:30:00,PT5M,4.405,9.8,7.2444,1.5656,0.0
30,30,0,30,29,0.14,71.0,4.9,231,2026-09-21 17:35:00,PT5M,3.124,6.7085,5.0105,1.2375,0.0
22,22,0,22,28,0.14,71.2,4.9,231,2026-09-21 17:40:00,PT5M,2.166,4.5895,3.4415,0.8905,0.0
15,15,0,15,28,0.14,71.4,4.9,231,2026-09-21 17:45:00,PT5M,1.291,2.7305,2.0486,0.5334,0.0
9,9,0,9,28,0.14,71.6,4.9,231,2026-09-21 17:50:00,PT5M,0.504,1.24,0.8914,0.1166,0.0
4,4,0,4,28,0.14,71.8,4.9,231,2026-09-21 17:55:00,PT5M,0.0,0.09,0.0474,0.0,0.0
0,0,0,0,28,0.14,72.0,4.9,231,2026-09-21 18:00:00,PT5M,0.0,0.0,0.0,0.0,0.0
0,0,0,0,28,0.14,72.2,4.9,231,2026-09-21 18:05:00,PT5M,0.0,0.0,0.0,0.0,0.0
0,0,0,0,28,0.14,72.4,5.0,231,2026-09-21 18:10:00,PT5M,0.0,0.0,0.0,0.0,0.0
0,0,0,0,28,0.14,72.6,5.0,231,2026-09-21 18:15:00,PT5M,0.0,0.0,0.0,0.0,0.0
0,0,0,0,28,0.14,72.8,5.0,231,2026-09-21 18:20:00,PT5M,0.0,0.0,0.0,0.0,0.0
0,0,0,0,28,0.14,73.1,5.0,231,2026-09-21 18:25:00,PT5M,0.0,0.0,0.0,0.0,0.0
0,0,0,0,28,0.14,73.3,5.0,231,2026-09-21 18:30:00,PT5M,0.0,0.0,0.0,0.0,0.0
0,0,0,0,28,0.14,73.5,5.0,232,2026-09-21 18:35:00,PT5M,0.0,0.0,0.0,0.0,0.0
0,0,0,0,28,0.14,73.7,5.0,232,2026-09-21 18:40:00,PT5M,0.0,0.0,0.0,0.0,0.0
0,0,0,0,28,0.14,74.0,5.0,232,2026-09-21 18:45:00,PT5M,0.0,0.0,0.0,0.0,0.0
0,0,0,0,28,0.14,74.2,5.0,232,2026-09-21 18:50:00,PT5M,0.0,0.0,0.0,0.0,0.0
0,0,0,0,28,0.14,74.5,5.0,232,2026-09-21 18:55:00,PT5M,0.0,0.0,0.0,0.0,0.0
0,0,0,0,27,0.14,74.8,5.0,232,2026-09-21 19:00:00,PT5M,0.0,0.0,0.0,0.0,0.0
0,0,0,0,27,0.14,75.0,5.0,232,2026-09-21 19:05:00,PT5M,0.0,0.0,0.0,0.0,0.0
0,0,0,0,27,0.14,75.3,5.0,232,2026-09-21 19:10:00,PT5M,0.0,0.0,0.0,0.0,0.0
0,0,0,0,27,0.14,75.5,5.0,232,2026-09-21 19:15:00,PT5M,0.0,0.0,0.0,0.0,0.0
0,0,0,0,27,0.14,75.8,5.0,232,2026-09-21 19:20:00,PT5M,0.0,0.0,0.0,0.0,0.0
0,0,0,0,27,0.14,76.0,5.0,232,2026-09-21 19:25:00,PT5M,0.0,0.0,0.0,0.0,0.0
0,0,0,0,27,0.14,76.3,5.0,232,2026-09-21 19:30:00,PT5M,0.0,0.0,0.0,0.0,0.0
0,0,0,0,27,0.14,76.6,5.0,232,2026-09-21 19:35:00,PT5M,0.0,0.0,0.0,0.0,0.0
0,0,0,0,27,0.14,76.8,5.0,232,2026-09-21 19:40:00,PT5M,0.0,0.0,0.0,0.0,0.0
0,0,0,0,27,0.14,77.1,5.0,232,2026-09-21 19:45:00,PT5M,0.0,0.0,0.0,0.0,0.0
0,0,0,0,27,0.14,77.4,5.0,232,2026-09-21 19:50:00,PT5M,0.0,0.0,0.0,0.0,0.0
0,0,0,0,27,0.14,77.6,5.0,232,2026-09-21 19:55:00,PT5M,0.0,0.0,0.0,0.0,0.0
0,0,0,0,27,0.14,77.9,5.0,232,2026-09-21 20:00:00,PT5M,0.0,0.0,0.0,0.0,0.0
0,0,0,0,27,0.14,78.2,5.0,232,2026-09-21 20:05:00,PT5M,0.0,0.0,0.0,0.0,0.0
0,0,0,0,27,0.14,78.4,5.0,232,2026-09-21 20:10:00,PT5M,0.0,0.0,0.0,0.0,0.0
0,0,0,0,27,0.14,78.7,5.0,232,2026-09-21 20:15:00,PT5M,0.0,0.0,0.0,0.0,0.0
0,0,0,0,26,0.14,79.0,5.0,232,2026-09-21 20:20:00,PT5M,0.0,0.0,0.0,0.0,0.0
0,0,0,0,26,0.14,79.2,5.1,232,2026-09-21 20:25:00,PT5M,0.0,0.0,0.0,0.0,0.0
0,0,0,0,26,0.14,79.5,5.1,232,2026-09-21 20:30:00,PT5M,0.0,0.0,0.0,0.0,0.0
0,0,0,0,26,0.14,79.7,5.1,232,2026-09-21 20:35:00,PT5M,0.0,0.0,0.0,0.0,0.0
0,0,0,0,26,0.14,79.8,5.1,232,2026-09-21 20:40:00,PT5M,0.0,0.0,0.0,0.0,0.0
0,0,0,0,26,0.14,79.9,5.1,231,2026-09-21 20:45:00,PT5M,0.0,0.0,0.0,0.0,0.0
0,0,0,0,26,0.14,80.1,5.1,231,2026-09-21 20:50:00,PT5M,0.0,0.0,0.0,0.0,0.0
0,0,0,0,26,0.14,80.2,5.1,231,2026-09-21 20:55:00,PT5M,0.0,0.0,0.0,0.0,0.0
0,0,0,0,26,0.14,80.3,5.1,230,2026-09-21 21:00:00,PT5M,0.0,0.0,0.0,0.0,0.0
0,0,0,0,26,0.14,80.4,5.1,230,2026-09-21 21:05:00,PT5M,0.0,0.0,0.0,0.0,0.0
0,0,0,0,26,0.14,80.5,5.1,230,2026-09-21 21:10:00,PT5M,0.0,0.0,0.0,0.0,0.0
0,0,0,0,26,0.14,80.7,5.1,229,2026-09-21 21:15:00,PT5M,0.0,0.0,0.0,0.0,0.0
0,0,0,0,26,0.14,80.8,5.1,229,2026-09-21 21:20:00,PT5M,0.0,0.0,0.0,0.0,0.0
0,0,0,0,26,0.14,80.9,5.1,229,2026-09-21 21:25:00,PT5M,0.0,0.0,0.0,0.0,0.0
0,0,0,0,26,0.14,81.0,5.1,228,2026-09-21 21:30:00,PT5M,0.0,0.0,0.0,0.0,0.0
0,0,0,0,26,0.14,81.2,5.1,228,2026-09-21 21:35:00,PT5M,0.0,0.0,0.0,0.0,0.0
0,0,0,0,26,0.14,81.3,5.1,228,2026-09-21 21:40:00,PT5M,0.0,0.0,0.0,0.0,0.0
0,0,0,0,26,0.14,81.5,5.1,228,2026-09-21 21:45:00,PT5M,0.0,0.0,0.0,0.0,0.0
0,0,0,0,26,0.14,81.6,5.1,227,2026-09-21 21:50:00,PT5M,0.0,0.0,0.0,0.0,0.0
0,0,0,0,26,0.14,81.8,5.1,227,2026-09-21 21:55:00,PT5M,0.0,0.0,0.0,0.0,0.0
0,0,0,0,26,0.14,82.0,5.2,227,2026-09-21 22:00:00,PT5M,0.0,0.0,0.0,0.0,0.0
0,0,0,0,26,0.14,82.1,5.2,226,2026-09-21 22:05:00,PT5M,0.0,0.0,0.0,0.0,0.0
0,0,0,0,26,0.14,82.3,5.2,226,2026-09-21 22:10:00,PT5M,0.0,0.0,0.0,0.0,0.0
0,0,0,0,26,0.14,82.5,5.2,226,2026-09-21 22:15:00,PT5M,0.0,0.0,0.0,0.0,0.0
0,0,0,0,26,0.14,82.6,5.2,226,2026-09-21 22:20:00,PT5M,0.0,0.0,0.0,0.0,0.0
0,0,0,0,26,0.14,82.8,5.2,225,2026-09-21 22:25:00,PT5M,0.0,0.0,0.0,0.0,0.0
0,0,0,0,26,0.14,82.9,5.2,225,2026-09-21 22:30:00,PT5M,0.0,0.0,0.0,0.0,0.0
0,0,0,0,26,0.14,83.1,5.2,225,2026-09-21 22:35:00,PT5M,0.0,0.0,0.0,0.0,0.0
0,0,0,0,26,0.14,83.3,5.3,225,2026-09-21 22:40:00,PT5M,0.0,0.0,0.0,0.0,0.0
0,0,0,0,26,0.14,83.4,5.3,224,2026-09-21 22:45:00,PT5M,0.0,0.0,0.0,0.0,0.0
0,0,0,0,26,0.14,83.6,5.3,224,2026-09-21 22:50:00,PT5M,0.0,0.0,0.0,0.0,0.0
0,0,0,0,26,0.14,83.8,5.3,224,2026-09-21 22:55:00,PT5M,0.0,0.0,0.0,0.0,0.0
0,0,0,0,26,0.14,83.9,5.3,224,2026-09-21 23:00:00,PT5M,0.0,0.0,0.0,0.0,0.0
0,0,0,0,26,0.14,84.1,5.3,223,2026-09-21 23:05:00,PT5M,0.0,0.0,0.0,0.0,0.0
0,0,0,0,26,0.14,84.3,5.3,223,2026-09-21 23:10:00,PT5M,0.0,0.0,0.0,0.0,0.0
0,0,0,0,26,0.14,84.4,5.3,223,2026-09-21 23:15:00,PT5M,0.0,0.0,0.0,0.0,0.0
0,0,0,0,26,0.14,84.6,5.3,223,2026-09-21 23:20:00,PT5M,0.0,0.0,0.0,0.0,0.0
0,0,0,0,25,0.14,84.8,5.4,222,2026-09-21 23:25:00,PT5M,0.0,0.0,0.0,0.0,0.0
0,0,0,0,25,0.14,84.9,5.4,222,2026-09-21 23:30:00,PT5M,0.0,0.0,0.0,0.0,0.0
0,0,0,0,25,0.14,85.0,5.4,222,2026-09-21 23:35:00,PT5M,0.0,0.0,0.0,0.0,0.0
0,0,0,0,25,0.14,85.0,5.4,222,2026-09-21 23:40:00,PT5M,0.0,0.0,0.0,0.0,0.0
0,0,0,0,25,0.14,85.0,5.4,222,2026-09-21 23:45:00,PT5M,0.0,0.0,0.0,0.0,0.0
0,0,0,0,25,0.14,85.0,5.4,222,2026-09-21 23:50:00,PT5M,0.0,0.0,0.0,0.0,0.0
0,0,0,0,25,0.14,85.0,5.4,223,2026-09-21 23:55:00,PT5M,0.0,0.0,0.0,0.0,0.0
0,0,0,0,25,0.14,85.0,5.4,223,2026-09-22 00:00:00,PT5M,0.0,0.0,0.0,0.0,0.0
0,0,0,0,25,0.14,85.0,5.4,223,2026-09-22 00:05:00,PT5M,0.0,0.0,0.0,0.0,0.0
0,0,0,0,25,0.14,85.0,5.4,223,2026-09-22 00:10:00,PT5M,0.0,0.0,0.0,0.0,0.0
0,0,0,0,25,0.14,85.0,5.4,223,2026-09-22 00:15:00,PT5M,0.0,0.0,0.0,0.0,0.0
0,0,0,0,25,0.14,85.0,5.4,223,2026-09-22 00:20:00,PT5M,0.0,0.0,0.0,0.0,0.0
0,0,0,0,25,0.14,85.0,5.4,223,2026-09-22 00:25:00,PT5M,0.0,0.0,0.0,0.0,0.0
0,0,0,0,25,0.14,85.0,5.4,223,2026-09-22 00:30:00,PT5M,0.0,0.0,0.0,0.0,0.0
0,0,0,0,25,0.14,85.0,5.4,224,2026-09-22 00:35:00,PT5M,0.0,0.0,0.0,0.0,0.0
0,0,0,0,25,0.14,85.0,5.4,224,2026-09-22 00:40:00,PT5M,0.0,0.0,0.0,0.0,0.0
0,0,0,0,25,0.14,84.9,5.4,224,2026-09-22 00:45:00,PT5M,0.0,0.0,0.0,0.0,0.0
0,0,0,0,25,0.14,84.9,5.4,224,2026-09-22 00:50:00,PT5M,0.0,0.0,0.0,0.0,0.0
0,0,0,0,25,0.14,84.8,5.4,224,2026-09-22 00:55:00,PT5M,0.0,0.0,0.0,0.0,0.0
0,0,0,0,25,0.14,84.8,5.4,224,2026-09-22 01:00:00,PT5M,0.0,0.0,0.0,0.0,0.0
0,0,0,0,25,0.14,84.7,5.4,224,2026-09-22 01:05:00,PT5M,0.0,0.0,0.0,0.0,0.0
0,0,0,0,25,0.14,84.7,5.4,224,2026-09-22 01:10:00,PT5M,0.0,0.0,0.0,0.0,0.0
0,0,0,0,25,0.14,84.7,5.4,225,2026-09-22 01:15:00,PT5M,0.0,0.0,0.0,0.0,0.0
0,0,0,0,25,0.14,84.6,5.4,225,2026-09-22 01:20:00,PT5M,0.0,0.0,0.0,0.0,0.0
0,0,0,0,25,0.14,84.6,5.4,225,2026-09-22 01:25:00,PT5M,0.0,0.0,0.0,0.0,0.0
0,0,0,0,25,0.14,84.5,5.4,225,2026-09-22 01:30:00,PT5M,0.0,0.0,0.0,0.0,0.0
0,0,0,0,25,0.14,84.5,5.4,225,2026-09-22 01:35:00,PT5M,0.0,0.0,0.0,0.0,0.0
0,0,0,0,25,0.14,84.5,5.4,225,2026-09-22 01:40:00,PT5M,0.0,0.0,0.0,0.0,0.0
0,0,0,0,25,0.14,84.5,5.4,225,2026-09-22 01:45:00,PT5M,0.0,0.0,0.0,0.0,0.0
0,0,0,0,25,0.14,84.5,5.4,225,2026-09-22 01:50:00,PT5M,0.0,0.0,0.0,0.0,0.0
0,0,0,0,25,0.14,84.5,5.4,226,2026-09-22 01:55:00,PT5M,0.0,0.0,0.0,0.0,0.0
0,0,0,0,25,0.14,84.5,5.4,226,2026-09-22 02:00:00,PT5M,0.0,0.0,0.0,0.0,0.0
0,0,0,0,25,0.14,84.5,5.4,226,2026-09-22 02:05:00,PT5M,0.0,0.0,0.0,0.0,0.0
0,0,0,0,25,0.14,84.5,5.4,226,2026-09-22 02:10:00,PT5M,0.0,0.0,0.0,0.0,0.0
0,0,0,0,25,0.14,84.5,5.4,226,2026-09-22 02:15:00,PT5M,0.0,0.0,0.0,0.0,0.0
0,0,0,0,25,0.14,84.5,5.4,226,2026-09-22 02:20:00,PT5M,0.0,0.0,0.0,0.0,0.0
0,0,0,0,25,0.14,84.5,5.4,226,2026-09-22 02:25:00,PT5M,0.0,0.0,0.0,0.0,0.0
0,0,0,0,25,0.14,84.5,5.4,226,2026-09-22 02:30:00,PT5M,0.0,0.0,0.0,0.0,0.0
0,0,0,0,25,0.14,84.5,5.4,226,2026-09-22 02:35:00,PT5M,0.0,0.0,0.0,0.0,0.0
0,0,0,0,25,0.14,84.5,5.3,226,2026-09-22 02:40:00,PT5M,0.0,0.0,0.0,0.0,0.0
0,0,0,0,25,0.14,84.5,5.3,226,2026-09-22 02:45:00,PT5M,0.0,0.0,0.0,0.0,0.0
0,0,0,0,25,0.14,84.5,5.3,226,2026-09-22 02:50:00,PT5M,0.0,0.0,0.0,0.0,0.0
0,0,0,0,25,0.14,84.5,5.3,226,2026-09-22 02:55:00,PT5M,0.0,0.0,0.0,0.0,0.0
0,0,0,0,25,0.14,84.5,5.3,226,2026-09-22 03:00:00,PT5M,0.0,0.0,0.0,0.0,0.0
0,0,0,0,25,0.14,84.5,5.3,226,2026-09-22 03:05:00,PT5M,0.0,0.0,0.0,0.0,0.0
0,0,0,0,25,0.14,84.5,5.2,226,2026-09-22 03:10:00,PT5M,0.0,0.0,0.0,0.0,0.0
0,0,0,0,25,0.14,84.5,5.2,226,2026-09-22 03:15:00,PT5M,0.0,0.0,0.0,0.0,0.0
0,0,0,0,25,0.14,84.5,5.2,226,2026-09-22 03:20:00,PT5M,0.0,0.0,0.0,0.0,0.0
0,0,0,0,25,0.14,84.5,5.2,226,2026-09-22 03:25:00,PT5M,0.0,0.0,0.0,0.0,0.0
0,0,0,0,25,0.14,84.5,5.2,226,2026-09-22 03:30:00,PT5M,0.0,0.0,0.0,0.0,0.0
0,0,0,0,25,0.14,84.5,5.2,226,2026-09-22 03:35:00,PT5M,0.0,0.0,0.0,0.0,0.0
0,0,0,0,25,0.14,84.5,5.1,226,2026-09-22 03:40:00,PT5M,0.0,0.0,0.0,0.0,0.0
0,0,0,0,25,0.14,84.5,5.1,226,2026-09-22 03:45:00,PT5M,0.0,0.0,0.0,0.0,0.0
0,0,0,0,25,0.14,84.5,5.1,226,2026-09-22 03:50:00,PT5M,0.0,0.0,0.0,0.0,0.0
0,0,0,0,25,0.14,84.5,5.1,225,2026-09-22 03:55:00,PT5M,0.0,0.0,0.0,0.0,0.0
0,0,0,0,25,0.14,84.5,5.1,225,2026-09-22 04:00:00,PT5M,0.0,0.0,0.0,0.0,0.0
0,0,0,0,25,0.14,84.5,5.0,225,2026-09-22 04:05:00,PT5M,0.0,0.0,0.0,0.0,0.0
0,0,0,0,25,0.14,84.5,5.0,225,2026-09-22 04:10:00,PT5M,0.0,0.0,0.0,0.0,0.0
0,0,0,0,25,0.14,84.5,5.0,225,2026-09-22 04:15:00,PT5M,0.0,0.0,0.0,0.0,0.0
0,0,0,0,25,0.14,84.5,5.0,225,2026-09-22 04:20:00,PT5M,0.0,0.0,0.0,0.0,0.0
0,0,0,0,25,0.14,84.5,5.0,225,2026-09-22 04:25:00,PT5M,0.0,0.0,0.0,0.0,0.0
0,0,0,0,25,0.14,84.5,5.0,225,2026-09-22 04:30:00,PT5M,0.0,0.0,0.0,0.0,0.0
0,0,0,0,25,0.14,84.5,4.9,225,2026-09-22 04:35:00,PT5M,0.0,0.0,0.0,0.0,0.0
0,0,0,0,25,0.14,84.4,4.9,225,2026-09-22 04:40:00,PT5M,0.0,0.0,0.0,0.0,0.0
0,0,0,0,25,0.14,84.4,4.9,225,2026-09-22 04:45:00,PT5M,0.0,0.0,0.0,0.0,0.0
0,0,0,0,25,0.14,84.3,4.9,225,2026-09-22 04:50:00,PT5M,0.0,0.0,0.0,0.0,0.0
0,0,0,0,25,0.14,84.3,4.8,224,2026-09-22 04:55:00,PT5M,0.0,0.0,0.0,0.0,0.0
0,0,0,0,25,0.14,84.2,4.8,224,2026-09-22 05:00:00,PT5M,0.0,0.0,0.0,0.0,0.0
0,0,0,0,25,0.14,84.2,4.8,224,2026-09-22 05:05:00,PT5M,0.0,0.0,0.0,0.0,0.0
0,0,0,0,25,0.14,84.2,4.8,224,2026-09-22 05:10:00,PT5M,0.0,0.0,0.0,0.0,0.0
0,0,0,0,25,0.14,84.1,4.8,224,2026-09-22 05:15:00,PT5M,0.0,0.0,0.0,0.0,0.0
0,0,0,0,25,0.14,84.1,4.7,224,2026-09-22 05:20:00,PT5M,0.0,0.0,0.0,0.0,0.0
0,0,0,0,25,0.14,84.0,4.7,223,2026-09-22 05:25:00,PT5M,0.0,0.0,0.0,0.0,0.0
0,0,0,0,25,0.14,84.0,4.7,223,2026-09-22 05:30:00,PT5M,0.0,0.0,0.0,0.0,0.0
0,0,0,0,25,0.14,83.8,4.7,223,2026-09-22 05:35:00,PT5M,0.0,0.0,0.0,0.0,0.0
0,0,0,0,25,0.14,83.5,4.7,223,2026-09-22 05:40:00,PT5M,0.0,0.0,0.0,0.0,0.0
0,0,0,0,25,0.14,83.1,4.7,223,2026-09-22 05:45:00,PT5M,0.0,0.0,0.0,0.0,0.0
0,0,0,0,25,0.14,82.8,4.8,223,2026-09-22 05:50:00,PT5M,0.0,0.0,0.0,0.0,0.0
0,0,0,0,25,0.14,82.5,4.8,223,2026-09-22 05:55:00,PT5M,0.0,0.0,0.0,0.0,0.0
1,1,0,1,26,0.14,82.2,4.8,223,2026-09-22 06:00:00,PT5M,0.0,0.0,0.0,0.0,0.0
4,4,0,4,26,0.14,81.8,4.9,223,2026-09-22 06:05:00,PT5M,0.0,0.1675,0.0882,0.0,0.0
9,9,0,9,26,0.14,81.5,4.9,223,2026-09-22 06:10:00,PT5M,0.487,1.2025,0.8636,0.1104,0.0
14,14,0,14,26,0.14,81.2,4.9,223,2026-09-22 06:15:00,PT5M,1.177,2.4755,1.8604,0.4936,0.0
20,20,0,20,26,0.14,80.9,5.0,223,2026-09-22 06:20:00,PT5M,1.934,3.775,2.9029,0.9651,0.093
27,27,0,27,26,0.14,80.6,5.0,223,2026-09-22 06:25:00,PT5M,2.763,5.434,4.1688,1.3572,0.092
34,34,0,34,26,0.14,80.3,5.0,223,2026-09-22 06:30:00,PT5M,3.757,7.515,5.7349,1.7791,0.0
43,43,0,43,26,0.14,79.9,5.0,223,2026-09-22 06:35:00,PT5M,4.914,9.9865,7.5837,2.2443,0.0
54,54,0,54,26,0.14,79.6,5.1,222,2026-09-22 06:40:00,PT5M,6.218,12.786,9.6748,2.7612,0.0
66,66,0,66,26,0.14,79.3,5.1,222,2026-09-22 06:45:00,PT5M,7.711,15.876,12.0083,3.4137,0.0
79,79,0,79,26,0.14,79.0,5.1,222,2026-09-22 06:50:00,PT5M,9.434,19.3155,14.6347,4.2333,0.0
93,93,0,93,27,0.14,78.7,5.1,222,2026-09-22 06:55:00,PT5M,11.163,22.869,17.324,5.002,0.0
108,109,0,109,27,0.14,78.4,5.2,222,2026-09-22 07:00:00,PT5M,13.026,26.6955,20.2204,5.8316,0.0
124,125,22,118,27,0.14,78.1,5.2,222,2026-09-22 07:05:00,PT5M,16.068,31.607,24.2463,7.8897,0.529
141,141,47,127,27,0.14,77.8,5.2,222,2026-09-22 07:10:00,PT5M,19.398,36.8835,28.6007,10.1953,1.9125
159,159,73,136,27,0.14,77.5,5.2,222,2026-09-22 07:15:00,PT5M,23.224,42.71,33.4796,12.9684,3.738
178,178,101,143,27,0.14,77.2,5.3,221,2026-09-22 07:20:00,PT5M,27.31,48.84,38.6414,15.9786,5.78
198,198,131,150,27,0.14,76.9,5.3,221,2026-09-22 07:25:00,PT5M,31.908,55.516,44.3331,19.4829,8.3
219,219,163,156,27,0.14,76.6,5.3,221,2026-09-22 07:30:00,PT5M,36.923,62.643,50.4596,23.3864,11.203
237,237,185,162,27,0.14,76.3,5.3,221,2026-09-22 07:35:00,PT5M,41.222,71.4625,57.1378,25.3062,10.9815
253,253,197,169,27,0.14,76.0,5.3,221,2026-09-22 07:40:00,PT5M,44.515,76.919,61.5695,27.4605,12.111
269,269,209,176,27,0.14,75.7,5.4,221,2026-09-22 07:45:00,PT5M,47.268,80.902,64.9698,29.5662,13.634
285,285,221,183,28,0.14,75.4,5.4,221,2026-09-22 07:50:00,PT5M,49.544,83.7075,67.5245,31.5635,15.3805
302,302,233,189,28,0.14,75.1,5.4,221,2026-09-22 07:55:00,PT5M,51.821,86.464,70.0539,33.5881,17.178
318,318,244,195,28,0.14,74.9,5.4,221,2026-09-22 08:00:00,PT5M,54.025,89.091,72.4805,35.5695,18.959
334,334,255,201,28,0.14,74.6,5.4,221,2026-09-22 08:05:00,PT5M,56.12,91.5355,74.7594,37.4806,20.7045
350,350,265,207,28,0.14,74.3,5.5,221,2026-09-22 08:10:00,PT5M,58.101,93.783,76.8807,39.3213,22.419
366,366,275,213,28,0.14,74.0,5.5,221,2026-09-22 08:15:00,PT5M,59.986,95.853,78.8631,41.1089,24.119
382,382,285,218,28,0.14,73.7,5.5,221,2026-09-22 08:20:00,PT5M,61.771,97.7395,80.7015,42.8405,25.8025
398,398,295,224,28,0.14,73.4,5.5,221,2026-09-22 08:25:00,PT5M,63.459,99.4805,82.4174,44.5006,27.4375
414,414,304,229,28,0.14,73.2,5.5,221,2026-09-22 08:30:00,PT5M,65.079,100.0,84.009,46.149,29.1115
430,429,312,234,28,0.14,72.8,5.6,221,2026-09-22 08:35:00,PT5M,66.564,100.0,85.4613,47.6667,30.6585
445,444,320,239,28,0.14,72.3,5.6,221,2026-09-22 08:40:00,PT5M,67.918,100.0,86.7837,49.0523,32.0725
460,459,327,244,29,0.14,71.9,5.6,222,2026-09-22 08:45:00,PT5M,69.216,100.0,88.0428,50.3892,33.4445
475,474,334,249,29,0.14,71.4,5.7,222,2026-09-22 08:50:00,PT5M,70.465,100.0,89.246,51.684,34.7805
489,489,341,253,29,0.14,71.0,5.7,222,2026-09-22 08:55:00,PT5M,71.671,100.0,90.3804,52.9616,36.1225
504,503,348,257,29,0.14,70.5,5.8,223,2026-09-22 09:00:00,PT5M,72.836,100.0,91.3299,54.3421,37.697
519,518,356,261,29,0.14,70.1,5.8,223,2026-09-22 09:05:00,PT5M,74.085,100.0,92.3586,55.8114,39.3645
534,533,365,264,29,0.14,69.6,5.9,223,2026-09-22 09:10:00,PT5M,75.33,100.0,93.3855,57.2745,41.024
548,547,373,267,29,0.14,69.2,5.9,224,2026-09-22 09:15:00,PT5M,76.523,100.0,94.3643,58.6817,42.624
563,562,381,270,29,0.14,68.8,6.0,224,2026-09-22 09:20:00,PT5M,77.677,100.0,95.308,60.046,44.1775
577,576,390,272,29,0.14,68.3,6.0,224,2026-09-22 09:25:00,PT5M,78.793,100.0,96.2177,61.3683,45.6855
591,590,398,275,29,0.14,67.9,6.1,225,2026-09-22 09:30:00,PT5M,79.871,100.0,97.0939,62.6481,47.147
604,602,403,278,30,0.14,67.5,6.1,225,2026-09-22 09:35:00,PT5M,80.709,100.0,97.7437,63.6743,48.3425
615,613,406,282,30,0.14,67.1,6.1,225,2026-09-22 09:40:00,PT5M,81.313,100.0,98.1743,64.4517,49.276
625,624,408,285,30,0.14,66.7,6.2,226,2026-09-22 09:45:00,PT5M,81.843,100.0,98.5406,65.1454,50.117
635,633,409,289,30,0.14,66.4,6.2,226,2026-09-22 09:50:00,PT5M,82.338,100.0,98.8785,65.7975,50.9105
645,643,410,293,30,0.14,66.0,6.3,226,2026-09-22 09:55:00,PT5M,82.81,100.0,99.1995,66.4205,51.6695
654,652,412,297,30,0.14,65.6,6.3,226,2026-09-22 10:00:00,PT5M,83.254,100.0,99.5,67.008,52.386
662,661,412,300,30,0.14,65.2,6.4,227,2026-09-22 10:05:00,PT5M,83.663,100.0,99.7741,67.5519,53.0515
671,669,413,304,30,0.14,64.8,6.4,227,2026-09-22 10:10:00,PT5M,84.037,100.0,100.0,68.0538,53.6685
679,677,413,308,30,0.14,64.5,6.4,227,2026-09-22 10:15:00,PT5M,84.388,100.0,100.0,68.5264,54.2505
686,684,413,311,30,0.14,64.1,6.5,227,2026-09-22 10:20:00,PT5M,84.714,100.0,100.0,68.9674,54.795
693,691,414,314,31,0.14,63.7,6.5,228,2026-09-22 10:25:00,PT5M,85.021,100.0,100.0,69.3842,55.3105
700,698,414,317,31,0.14,63.4,6.6,228,2026-09-22 10:30:00,PT5M,85.307,100.0,100.0,69.7746,55.795
706,704,413,321,31,0.14,63.0,6.6,228,2026-09-22 10:35:00,PT5M,85.507,100.0,100.0,70.0399,56.119
711,709,411,325,31,0.14,62.6,6.7,228,2026-09-22 10:40:00,PT5M,85.623,100.0,100.0,70.1811,56.283
716,714,409,328,31,0.14,62.2,6.7,229,2026-09-22 10:45:00,PT5M,85.716,100.0,100.0,70.2918,56.4095
720,718,407,331,31,0.14,61.8,6.8,229,2026-09-22 10:50:00,PT5M,85.783,100.0,100.0,70.3675,56.493
723,722,405,335,31,0.14,61.5,6.8,229,2026-09-22 10:55:00,PT5M,85.822,100.0,100.0,70.4046,56.5285
727,725,402,338,31,0.14,61.1,6.9,229,2026-09-22 11:00:00,PT5M,85.815,100.0,100.0,70.3708,56.4705
730,728,400,341,31,0.14,60.7,6.9,230,2026-09-22 11:05:00,PT5M,85.806,100.0,100.0,70.3434,56.4265
732,730,398,344,32,0.14,60.3,7.0,230,2026-09-22 11:10:00,PT5M,85.786,100.0,100.0,70.3086,56.3785
734,732,395,346,32,0.14,60.0,7.1,230,2026-09-22 11:15:00,PT5M,85.737,100.0,100.0,70.2333,56.2795
736,734,393,349,32,0.14,59.6,7.1,230,2026-09-22 11:20:00,PT5M,85.656,100.0,100.0,70.112,56.122
737,735,390,351,32,0.14,59.2,7.2,230,2026-09-22 11:25:00,PT5M,85.55,100.0,100.0,69.9587,55.926
738,736,387,354,32,0.14,58.9,7.2,231,2026-09-22 11:30:00,PT5M,85.419,100.0,100.0,69.7729,55.691
738,736,385,355,32,0.14,58.8,7.2,231,2026-09-22 11:35:00,PT5M,85.344,100.0,100.0,69.6758,55.574
739,737,384,357,32,0.14,59.1,7.2,231,2026-09-22 11:40:00,PT5M,85.321,100.0,100.0,69.6618,55.568
740,738,383,358,32,0.14,59.3,7.2,231,2026-09-22 11:45:00,PT5M,85.269,100.0,100.0,69.6119,55.52
740,738,381,359,32,0.14,59.6,7.2,231,2026-09-22 11:50:00,PT5M,85.187,100.0,100.0,69.5252,55.429
739,737,380,360,32,0.14,59.8,7.1,231,2026-09-22 11:55:00,PT5M,85.074,100.0,100.0,69.4006,55.294
738,737,378,360,32,0.14,60.1,7.1,231,2026-09-22 12:00:00,PT5M,84.945,100.0,100.0,69.2524,55.1285
737,735,376,361,32,0.14,60.3,7.1,231,2026-09-22 12:05:00,PT5M,84.881,100.0,100.0,69.1613,55.013
735,733,373,362,32,0.14,60.6,7.1,231,2026-09-22 12:10:00,PT5M,84.779,100.0,100.0,69.0243,54.8445
733,731,371,363,31,0.14,60.9,7.0,231,2026-09-22 12:15:00,PT5M,84.645,100.0,100.0,68.8484,54.631
730,728,368,363,31,0.14,61.1,7.0,231,2026-09-22 12:20:00,PT5M,84.48,100.0,100.0,68.6347,54.3735
726,725,365,364,31,0.14,61.4,7.0,231,2026-09-22 12:25:00,PT5M,84.285,100.0,100.0,68.385,54.0745
723,721,362,364,31,0.14,61.7,7.0,231,2026-09-22 12:30:00,PT5M,84.061,100.0,100.0,68.1002,53.735
718,717,359,364,31,0.14,61.9,7.0,231,2026-09-22 12:35:00,PT5M,83.809,100.0,99.8243,67.7937,53.3795
714,712,356,364,31,0.14,62.2,6.9,231,2026-09-22 12:40:00,PT5M,83.528,100.0,99.5925,67.4635,53.005
709,707,353,364,31,0.14,62.5,6.9,231,2026-09-22 12:45:00,PT5M,83.217,100.0,99.3375,67.0965,52.5875
704,702,349,363,31,0.14,62.8,6.9,231,2026-09-22 12:50:00,PT5M,82.841,100.0,99.0323,66.6497,52.077
698,697,346,363,31,0.14,63.1,6.8,231,2026-09-22 12:55:00,PT5M,82.448,100.0,98.7159,66.1801,51.5385
692,691,342,362,31,0.14,63.4,6.8,231,2026-09-22 13:00:00,PT5M,82.052,100.0,98.3891,65.7149,51.011
686,684,339,361,31,0.14,63.8,6.8,231,2026-09-22 13:05:00,PT5M,81.65,100.0,98.0539,65.2461,50.482
679,678,336,359,31,0.14,64.1,6.7,231,2026-09-22 13:10:00,PT5M,81.198,100.0,97.688,64.708,49.8665
672,671,333,357,31,0.14,64.4,6.7,231,2026-09-22 13:15:00,PT5M,80.71,100.0,97.2939,64.1261,49.2
665,663,330,356,31,0.14,64.7,6.7,231,2026-09-22 13:20:00,PT5M,80.192,100.0,96.8762,63.5078,48.4915
657,656,326,353,31,0.14,65.0,6.7,231,2026-09-22 13:25:00,PT5M,79.645,100.0,96.4345,62.8555,47.7445
649,648,323,351,30,0.14,65.3,6.6,231,2026-09-22 13:30:00,PT5M,79.071,100.0,95.9699,62.1721,46.9625
639,638,317,350,30,0.14,65.6,6.6,231,2026-09-22 13:35:00,PT5M,78.288,100.0,95.3427,61.2333,45.8835
628,627,309,349,30,0.14,65.9,6.6,230,2026-09-22 13:40:00,PT5M,77.297,100.0,94.5515,60.0425,44.513
616,615,301,347,30,0.14,66.2,6.6,230,2026-09-22 13:45:00,PT5M,76.275,100.0,93.7313,58.8187,43.1075
604,603,293,345,30,0.14,66.5,6.5,230,2026-09-22 13:50:00,PT5M,75.22,100.0,92.8805,57.5595,41.6645
592,591,285,343,30,0.14,66.8,6.5,230,2026-09-22 13:55:00,PT5M,74.131,100.0,91.9981,56.2639,40.183
580,579,277,341,30,0.14,67.1,6.5,230,2026-09-22 14:00:00,PT5M,73.008,100.0,91.084,54.932,38.663
568,567,269,339,30,0.14,67.3,6.5,230,2026-09-22 14:05:00,PT5M,71.848,100.0,90.1364,53.5596,37.0995
555,554,261,336,30,0.14,67.6,6.5,230,2026-09-22 14:10:00,PT5M,70.653,100.0,89.1564,52.1496,35.496
542,542,253,333,30,0.14,67.9,6.5,230,2026-09-22 14:15:00,PT5M,69.425,100.0,88.1444,50.7056,33.8575
529,529,245,330,30,0.14,68.2,6.4,230,2026-09-22 14:20:00,PT5M,68.141,100.0,87.0794,49.2026,32.1575
516,515,236,326,30,0.14,68.5,6.4,230,2026-09-22 14:25:00,PT5M,66.798,100.0,85.9579,47.6381,30.3935
502,502,228,322,30,0.14,68.8,6.4,230,2026-09-22 14:30:00,PT5M,65.422,100.0,84.8038,46.0402,28.596
489,489,221,318,30,0.14,69.1,6.4,230,2026-09-22 14:35:00,PT5M,64.138,100.0,83.7258,44.5502,26.9205
477,477,215,313,30,0.14,69.2,6.4,230,2026-09-22 14:40:00,PT5M,62.948,100.0,82.7264,43.1696,25.3685
465,464,210,308,30,0.14,69.4,6.4,229,2026-09-22 14:45:00,PT5M,61.748,99.693,81.7187,41.7773,23.803
452,452,204,303,30,0.14,69.6,6.3,229,2026-09-22 14:50:00,PT5M,60.495,98.8075,80.6591,40.3309,22.1825
439,439,198,297,29,0.14,69.7,6.3,229,2026-09-22 14:55:00,PT5M,59.209,97.8915,79.5679,38.8501,20.5265
427,427,192,292,29,0.14,69.9,6.3,228,2026-09-22 15:00:00,PT5M,57.921,96.9715,78.4736,37.3684,18.8705
414,414,187,286,29,0.14,70.0,6.3,228,2026-09-22 15:05:00,PT5M,56.622,95.7825,77.2325,36.0115,17.4615
401,401,181,280,29,0.14,70.2,6.3,228,2026-09-22 15:10:00,PT5M,55.248,94.4115,75.86,34.636,16.0845
388,388,174,274,29,0.14,70.4,6.3,227,2026-09-22 15:15:00,PT5M,53.831,92.9765,74.4336,33.2284,14.6855
375,375,168,268,29,0.14,70.5,6.3,227,2026-09-22 15:20:00,PT5M,52.36,91.4655,72.9415,31.7785,13.2545
362,362,161,262,29,0.14,70.7,6.2,227,2026-09-22 15:25:00,PT5M,50.834,89.8715,71.3797,30.2883,11.7965
348,348,155,255,29,0.14,70.9,6.2,226,2026-09-22 15:30:00,PT5M,49.255,88.1265,69.7133,28.7967,10.3835
335,335,148,248,29,0.14,71.1,6.2,226,2026-09-22 15:35:00,PT5M,47.621,86.3345,67.9962,27.2458,8.9075
321,322,141,242,29,0.14,71.3,6.2,226,2026-09-22 15:40:00,PT5M,45.935,84.4275,66.1939,25.6761,7.4425
308,308,133,235,29,0.14,71.6,6.2,226,2026-09-22 15:45:00,PT5M,44.199,82.359,64.2829,24.1151,6.039
294,294,126,227,29,0.14,71.8,6.2,226,2026-09-22 15:50:00,PT5M,42.391,80.1305,62.2536,22.5284,4.6515
280,281,118,220,29,0.14,72.0,6.2,225,2026-09-22 15:55:00,PT5M,40.513,77.749,60.1106,20.9154,3.277
266,267,110,212,29,0.14,72.3,6.2,225,2026-09-22 16:00:00,PT5M,38.567,75.2275,57.8617,19.2723,1.9065
253,253,102,204,29,0.14,72.5,6.1,225,2026-09-22 16:05:00,PT5M,36.842,72.893,55.8159,17.8681,0.791
239,240,95,196,29,0.14,72.8,6.1,225,2026-09-22 16:10:00,PT5M,34.892,70.3115,53.5335,16.2505,0.0
226,226,88,188,29,0.14,73.0,6.1,224,2026-09-22 16:15:00,PT5M,32.892,67.6325,51.1762,14.6078,0.0
212,213,80,179,28,0.14,73.3,6.1,224,2026-09-22 16:20:00,PT5M,30.776,63.699,48.1036,13.4484,0.0
199,199,72,171,28,0.14,73.5,6.1,224,2026-09-22 16:25:00,PT5M,28.545,59.2595,44.7103,12.3797,0.0
186,186,64,162,28,0.14,73.8,6.1,224,2026-09-22 16:30:00,PT5M,26.289,54.857,41.3245,11.2535,0.0
172,173,56,153,28,0.14,74.0,6.1,224,2026-09-22 16:35:00,PT5M,24.04,50.488,37.9598,10.1202,0.0
159,160,47,144,28,0.14,74.2,6.1,223,2026-09-22 16:40:00,PT5M,21.813,46.1535,34.6236,9.0024,0.0
146,147,38,135,28,0.14,74.4,6.1,223,2026-09-22 16:45:00,PT5M,19.598,41.8345,31.3012,7.8948,0.0
134,134,29,125,28,0.14,74.7,6.1,223,2026-09-22 16:50:00,PT5M,17.421,37.572,28.0266,6.8154,0.0
121,121,19,116,28,0.14,74.9,6.1,222,2026-09-22 16:55:00,PT5M,15.401,33.4555,24.9032,5.8988,0.0
108,109,8,107,28,0.14,75.1,6.1,222,2026-09-22 17:00:00,PT5M,13.323,29.377,21.7723,4.8737,0.0
96,96,0,96,28,0.14,75.3,6.1,222,2026-09-22 17:05:00,PT5M,11.445,25.5985,18.8941,3.9959,0.0
83,83,0,83,28,0.14,75.5,6.0,222,2026-09-22 17:10:00,PT5M,9.927,22.258,16.4169,3.4371,0.0
71,71,0,71,28,0.14,75.7,6.0,221,2026-09-22 17:15:00,PT5M,8.388,18.926,13.9342,2.8418,0.0
60,60,0,60,28,0.14,76.0,6.0,221,2026-09-22 17:20:00,PT5M,7.018,15.7615,11.6198,2.4162,0.0
49,50,0,50,28,0.14,76.2,6.0,221,2026-09-22 17:25:00,PT5M,5.731,12.704,9.4009,2.0611,0.0
40,40,0,40,28,0.14,76.4,6.0,220,2026-09-22 17:30:00,PT5M,4.429,9.729,7.2184,1.6396,0.0
31,31,0,31,28,0.14,76.6,6.0,220,2026-09-22 17:35:00,PT5M,3.262,7.08,5.2714,1.2526,0.0
22,22,0,22,28,0.14,76.8,6.0,220,2026-09-22 17:40:00,PT5M,2.258,4.8085,3.6003,0.9157,0.0
15,15,0,15,28,0.14,77.0,6.0,220,2026-09-22 17:45:00,PT5M,1.342,2.8185,2.1191,0.5649,0.0
9,9,0,9,27,0.14,77.2,6.0,220,2026-09-22 17:50:00,PT5M,0.518,1.226,0.8906,0.1454,0.0
4,4,0,4,27,0.14,77.4,6.0,220,2026-09-22 17:55:00,PT5M,0.0,0.0835,0.0439,0.0,0.0
0,0,0,0,27,0.14,77.5,6.0,220,2026-09-22 18:00:00,PT5M,0.0,0.0,0.0,0.0,0.0
0,0,0,0,27,0.14,77.7,6.0,220,2026-09-22 18:05:00,PT5M,0.0,0.0,0.0,0.0,0.0
0,0,0,0,27,0.14,77.9,5.9,220,2026-09-22 18:10:00,PT5M,0.0,0.0,0.0,0.0,0.0
0,0,0,0,27,0.14,78.1,5.9,220,2026-09-22 18:15:00,PT5M,0.0,0.0,0.0,0.0,0.0
0,0,0,0,27,0.14,78.3,5.9,220,2026-09-22 18:20:00,PT5M,0.0,0.0,0.0,0.0,0.0
0,0,0,0,27,0.14,78.5,5.9,220,2026-09-22 18:25:00,PT5M,0.0,0.0,0.0,0.0,0.0
0,0,0,0,27,0.14,78.7,5.9,220,2026-09-22 18:30:00,PT5M,0.0,0.0,0.0,0.0,0.0
0,0,0,0,27,0.14,78.9,5.9,220,2026-09-22 18:35:00,PT5M,0.0,0.0,0.0,0.0,0.0
0,0,0,0,27,0.14,79.1,5.9,220,2026-09-22 18:40:00,PT5M,0.0,0.0,0.0,0.0,0.0
0,0,0,0,27,0.14,79.3,5.8,220,2026-09-22 18:45:00,PT5M,0.0,0.0,0.0,0.0,0.0
0,0,0,0,27,0.14,79.5,5.8,220,2026-09-22 18:50:00,PT5M,0.0,0.0,0.0,0.0,0.0
0,0,0,0,27,0.14,79.7,5.8,220,2026-09-22 18:55:00,PT5M,0.0,0.0,0.0,0.0,0.0
0,0,0,0,27,0.14,79.8,5.8,220,2026-09-22 19:00:00,PT5M,0.0,0.0,0.0,0.0,0.0
0,0,0,0,27,0.14,80.0,5.8,220,2026-09-22 19:05:00,PT5M,0.0,0.0,0.0,0.0,0.0
0,0,0,0,27,0.14,80.2,5.8,221,2026-09-22 19:10:00,PT5M,0.0,0.0,0.0,0.0,0.0
0,0,0,0,27,0.14,80.4,5.7,221,2026-09-22 19:15:00,PT5M,0.0,0.0,0.0,0.0,0.0
0,0,0,0,27,0.14,80.6,5.7,221,2026-09-22 19:20:00,PT5M,0.0,0.0,0.0,0.0,0.0
0,0,0,0,27,0.14,80.8,5.7,221,2026-09-22 19:25:00,PT5M,0.0,0.0,0.0,0.0,0.0
0,0,0,0,27,0.14,81.0,5.7,221,2026-09-22 19:30:00,PT5M,0.0,0.0,0.0,0.0,0.0
0,0,0,0,27,0.14,81.3,5.7,221,2026-09-22 19:35:00,PT5M,0.0,0.0,0.0,0.0,0.0
0,0,0,0,26,0.14,81.5,5.7,221,2026-09-22 19:40:00,PT5M,0.0,0.0,0.0,0.0,0.0
0,0,0,0,26,0.14,81.7,5.7,221,2026-09-22 19:45:00,PT5M,0.0,0.0,0.0,0.0,0.0
0,0,0,0,26,0.14,82.0,5.7,221,2026-09-22 19:50:00,PT5M,0.0,0.0,0.0,0.0,0.0
0,0,0,0,26,0.14,82.2,5.6,221,2026-09-22 19:55:00,PT5M,0.0,0.0,0.0,0.0,0.0
0,0,0,0,26,0.14,82.5,5.6,221,2026-09-22 20:00:00,PT5M,0.0,0.0,0.0,0.0,0.0
0,0,0,0,26,0.14,82.7,5.6,221,2026-09-22 20:05:00,PT5M,0.0,0.0,0.0,0.0,0.0
0,0,0,0,26,0.14,82.9,5.6,221,2026-09-22 20:10:00,PT5M,0.0,0.0,0.0,0.0,0.0
0,0,0,0,26,0.14,83.2,5.6,221,2026-09-22 20:15:00,PT5M,0.0,0.0,0.0,0.0,0.0
0,0,0,0,26,0.14,83.4,5.6,221,2026-09-22 20:20:00,PT5M,0.0,0.0,0.0,0.0,0.0
0,0,0,0,26,0.14,83.7,5.6,221,2026-09-22 20:25:00,PT5M,0.0,0.0,0.0,0.0,0.0
0,0,0,0,26,0.14,83.9,5.6,221,2026-09-22 20:30:00,PT5M,0.0,0.0,0.0,0.0,0.0
0,0,0,0,26,0.14,84.1,5.6,221,2026-09-22 20:35:00,PT5M,0.0,0.0,0.0,0.0,0.0
0,0,0,0,26,0.14,84.1,5.6,221,2026-09-22 20:40:00,PT5M,0.0,0.0,0.0,0.0,0.0
0,0,0,0,26,0.14,84.2,5.6,221,2026-09-22 20:45:00,PT5M,0.0,0.0,0.0,0.0,0.0
0,0,0,0,26,0.14,84.2,5.6,221,2026-09-22 20:50:00,PT5M,0.0,0.0,0.0,0.0,0.0
0,0,0,0,26,0.14,84.2,5.6,221,2026-09-22 20:55:00,PT5M,0.0,0.0,0.0,0.0,0.0
0,0,0,0,26,0.14,84.3,5.6,221,2026-09-22 21:00:00,PT5M,0.0,0.0,0.0,0.0,0.0
0,0,0,0,26,0.14,84.3,5.6,221,2026-09-22 21:05:00,PT5M,0.0,0.0,0.0,0.0,0.0
0,0,0,0,26,0.14,84.4,5.6,221,2026-09-22 21:10:00,PT5M,0.0,0.0,0.0,0.0,0.0
0,0,0,0,26,0.14,84.4,5.7,221,2026-09-22 21:15:00,PT5M,0.0,0.0,0.0,0.0,0.0
0,0,0,0,26,0.14,84.4,5.7,221,2026-09-22 21:20:00,PT5M,0.0,0.0,0.0,0.0,0.0
0,0,0,0,26,0.14,84.5,5.7,221,2026-09-22 21:25:00,PT5M,0.0,0.0,0.0,0.0,0.0
0,0,0,0,26,0.14,84.5,5.7,221,2026-09-22 21:30:00,PT5M,0.0,0.0,0.0,0.0,0.0
0,0,0,0,26,0.14,84.5,5.7,221,2026-09-22 21:35:00,PT5M,0.0,0.0,0.0,0.0,0.0
0,0,0,0,26,0.14,84.5,5.7,221,2026-09-22 21:40:00,PT5M,0.0,0.0,0.0,0.0,0.0
0,0,0,0,26,0.14,84.5,5.7,221,2026-09-22 21:45:00,PT5M,0.0,0.0,0.0,0.0,0.0
0,0,0,0,26,0.14,84.5,5.7,221,2026-09-22 21:50:00,PT5M,0.0,0.0,0.0,0.0,0.0
0,0,0,0,26,0.14,84.5,5.7,221,2026-09-22 21:55:00,PT5M,0.0,0.0,0.0,0.0,0.0
0,0,0,0,26,0.14,84.5,5.7,221,2026-09-22 22:00:00,PT5M,0.0,0.0,0.0,0.0,0.0
0,0,0,0,26,0.14,84.5,5.7,221,2026-09-22 22:05:00,PT5M,0.0,0.0,0.0,0.0,0.0
0,0,0,0,26,0.14,84.5,5.7,221,2026-09-22 22:10:00,PT5M,0.0,0.0,0.0,0.0,0.0
0,0,0,0,26,0.14,84.5,5.7,221,2026-09-22 22:15:00,PT5M,0.0,0.0,0.0,0.0,0.0
0,0,0,0,26,0.14,84.5,5.7,221,2026-09-22 22:20:00,PT5M,0.0,0.0,0.0,0.0,0.0
0,0,0,0,26,0.14,84.5,5.7,221,2026-09-22 22:25:00,PT5M,0.0,0.0,0.0,0.0,0.0
0,0,0,0,26,0.14,84.5,5.7,221,2026-09-22 22:30:00,PT5M,0.0,0.0,0.0,0.0,0.0
0,0,0,0,26,0.14,84.5,5.7,221,2026-09-22 22:35:00,PT5M,0.0,0.0,0.0,0.0,0.0
0,0,0,0,26,0.14,84.6,5.7,221,2026-09-22 22:40:00,PT5M,0.0,0.0,0.0,0.0,0.0
0,0,0,0,26,0.14,84.6,5.7,221,2026-09-22 22:45:00,PT5M,0.0,0.0,0.0,0.0,0.0
0,0,0,0,25,0.14,84.7,5.7,221,2026-09-22 22:50:00,PT5M,0.0,0.0,0.0,0.0,0.0
0,0,0,0,25,0.14,84.7,5.7,221,2026-09-22 22:55:00,PT5M,0.0,0.0,0.0,0.0,0.0
0,0,0,0,25,0.14,84.8,5.7,221,2026-09-22 23:00:00,PT5M,0.0,0.0,0.0,0.0,0.0
0,0,0,0,25,0.14,84.8,5.7,221,2026-09-22 23:05:00,PT5M,0.0,0.0,0.0,0.0,0.0
0,0,0,0,25,0.14,84.8,5.7,221,2026-09-22 23:10:00,PT5M,0.0,0.0,0.0,0.0,0.0
0,0,0,0,25,0.14,84.9,5.7,221,2026-09-22 23:15:00,PT5M,0.0,0.0,0.0,0.0,0.0
0,0,0,0,25,0.14,84.9,5.7,221,2026-09-22 23:20:00,PT5M,0.0,0.0,0.0,0.0,0.0
0,0,0,0,25,0.14,85.0,5.7,221,2026-09-22 23:25:00,PT5M,0.0,0.0,0.0,0.0,0.0
0,0,0,0,25,0.14,85.0,5.7,221,2026-09-22 23:30:00,PT5M,0.0,0.0,0.0,0.0,0.0
0,0,0,0,25,0.14,85.0,5.7,222,2026-09-22 23:35:00,PT5M,0.0,0.0,0.0,0.0,0.0
0,0,0,0,25,0.14,85.0,5.7,222,2026-09-22 23:40:00,PT5M,0.0,0.0,0.0,0.0,0.0
0,0,0,0,25,0.14,85.0,5.7,222,2026-09-22 23:45:00,PT5M,0.0,0.0,0.0,0.0,0.0
0,0,0,0,25,0.14,85.0,5.7,222,2026-09-22 23:50:00,PT5M,0.0,0.0,0.0,0.0,0.0
0,0,0,0,25,0.14,85.0,5.7,222,2026-09-22 23:55:00,PT5M,0.0,0.0,0.0,0.0,0.0
0,0,0,0,25,0.14,85.0,5.7,222,2026-09-23 00:00:00,PT5M,0.0,0.0,0.0,0.0,0.0
0,0,0,0,25,0.14,85.0,5.7,222,2026-09-23 00:05:00,PT5M,0.0,0.0,0.0,0.0,0.0
0,0,0,0,25,0.14,85.0,5.6,222,2026-09-23 00:10:00,PT5M,0.0,0.0,0.0,0.0,0.0
0,0,0,0,25,0.14,85.0,5.6,222,2026-09-23 00:15:00,PT5M,0.0,0.0,0.0,0.0,0.0
0,0,0,0,25,0.14,85.0,5.6,223,2026-09-23 00:20:00,PT5M,0.0,0.0,0.0,0.0,0.0
0,0,0,0,25,0.14,85.0,5.6,223,2026-09-23 00:25:00,PT5M,0.0,0.0,0.0,0.0,0.0
0,0,0,0,25,0.14,85.0,5.6,223,2026-09-23 00:30:00,PT5M,0.0,0.0,0.0,0.0,0.0
0,0,0,0,25,0.14,85.0,5.6,223,2026-09-23 00:35:00,PT5M,0.0,0.0,0.0,0.0,0.0
0,0,0,0,25,0.14,85.0,5.6,223,2026-09-23 00:40:00,PT5M,0.0,0.0,0.0,0.0,0.0
0,0,0,0,25,0.14,85.0,5.6,223,2026-09-23 00:45:00,PT5M,0.0,0.0,0.0,0.0,0.0
0,0,0,0,25,0.14,85.0,5.6,223,2026-09-23 00:50:00,PT5M,0.0,0.0,0.0,0.0,0.0
0,0,0,0,25,0.14,85.0,5.6,223,2026-09-23 00:55:00,PT5M,0.0,0.0,0.0,0.0,0.0
0,0,0,0,25,0.14,85.0,5.6,223,2026-09-23 01:00:00,PT5M,0.0,0.0,0.0,0.0,0.0
0,0,0,0,25,0.14,85.0,5.6,223,2026-09-23 01:05:00,PT5M,0.0,0.0,0.0,0.0,0.0
0,0,0,0,25,0.14,85.0,5.5,223,2026-09-23 01:10:00,PT5M,0.0,0.0,0.0,0.0,0.0
0,0,0,0,25,0.14,85.0,5.5,223,2026-09-23 01:15:00,PT5M,0.0,0.0,0.0,0.0,0.0
0,0,0,0,25,0.14,85.0,5.5,223,2026-09-23 01:20:00,PT5M,0.0,0.0,0.0,0.0,0.0
0,0,0,0,25,0.14,85.0,5.5,223,2026-09-23 01:25:00,PT5M,0.0,0.0,0.0,0.0,0.0
0,0,0,0,25,0.14,85.0,5.5,224,2026-09-23 01:30:00,PT5M,0.0,0.0,0.0,0.0,0.0
0,0,0,0,25,0.14,85.0,5.5,224,2026-09-23 01:35:00,PT5M,0.0,0.0,0.0,0.0,0.0
0,0,0,0,25,0.14,85.0,5.5,224,2026-09-23 01:40:00,PT5M,0.0,0.0,0.0,0.0,0.0
0,0,0,0,25,0.14,85.0,5.5,224,2026-09-23 01:45:00,PT5M,0.0,0.0,0.0,0.0,0.0
0,0,0,0,25,0.14,85.0,5.5,224,2026-09-23 01:50:00,PT5M,0.0,0.0,0.0,0.0,0.0
0,0,0,0,25,0.14,85.0,5.5,224,2026-09-23 01:55:00,PT5M,0.0,0.0,0.0,0.0,0.0
0,0,0,0,25,0.14,85.0,5.5,224,2026-09-23 02:00:00,PT5M,0.0,0.0,0.0,0.0,0.0
0,0,0,0,25,0.14,85.0,5.4,224,2026-09-23 02:05:00,PT5M,0.0,0.0,0.0,0.0,0.0
0,0,0,0,25,0.14,85.0,5.4,224,2026-09-23 02:10:00,PT5M,0.0,0.0,0.0,0.0,0.0
0,0,0,0,25,0.14,85.0,5.4,225,2026-09-23 02:15:00,PT5M,0.0,0.0,0.0,0.0,0.0
0,0,0,0,25,0.14,85.0,5.4,225,2026-09-23 02:20:00,PT5M,0.0,0.0,0.0,0.0,0.0
0,0,0,0,25,0.14,85.0,5.4,225,2026-09-23 02:25:00,PT5M,0.0,0.0,0.0,0.0,0.0
0,0,0,0,25,0.14,85.0,5.4,225,2026-09-23 02:30:00,PT5M,0.0,0.0,0.0,0.0,0.0
0,0,0,0,25,0.14,85.0,5.4,225,2026-09-23 02:35:00,PT5M,0.0,0.0,0.0,0.0,0.0
0,0,0,0,25,0.14,85.1,5.4,225,2026-09-23 02:40:00,PT5M,0.0,0.0,0.0,0.0,0.0
0,0,0,0,25,0.14,85.2,5.4,225,2026-09-23 02:45:00,PT5M,0.0,0.0,0.0,0.0,0.0
0,0,0,0,25,0.14,85.3,5.4,224,2026-09-23 02:50:00,PT5M,0.0,0.0,0.0,0.0,0.0
0,0,0,0,25,0.14,85.4,5.4,224,2026-09-23 02:55:00,PT5M,0.0,0.0,0.0,0.0,0.0
0,0,0,0,25,0.14,85.5,5.4,224,2026-09-23 03:00:00,PT5M,0.0,0.0,0.0,0.0,0.0
0,0,0,0,25,0.14,85.5,5.4,224,2026-09-23 03:05:00,PT5M,0.0,0.0,0.0,0.0,0.0
0,0,0,0,25,0.14,85.6,5.4,224,2026-09-23 03:10:00,PT5M,0.0,0.0,0.0,0.0,0.0
0,0,0,0,25,0.14,85.7,5.4,223,2026-09-23 03:15:00,PT5M,0.0,0.0,0.0,0.0,0.0
0,0,0,0,25,0.14,85.8,5.4,223,2026-09-23 03:20:00,PT5M,0.0,0.0,0.0,0.0,0.0
0,0,0,0,25,0.14,85.9,5.4,223,2026-09-23 03:25:00,PT5M,0.0,0.0,0.0,0.0,0.0
0,0,0,0,25,0.14,86.0,5.4,223,2026-09-23 03:30:00,PT5M,0.0,0.0,0.0,0.0,0.0
0,0,0,0,25,0.14,86.1,5.4,223,2026-09-23 03:35:00,PT5M,0.0,0.0,0.0,0.0,0.0
0,0,0,0,25,0.14,86.2,5.4,223,2026-09-23 03:40:00,PT5M,0.0,0.0,0.0,0.0,0.0
0,0,0,0,25,0.14,86.2,5.5,222,2026-09-23 03:45:00,PT5M,0.0,0.0,0.0,0.0,0.0
0,0,0,0,25,0.14,86.3,5.5,222,2026-09-23 03:50:00,PT5M,0.0,0.0,0.0,0.0,0.0
0,0,0,0,25,0.14,86.4,5.5,222,2026-09-23 03:55:00,PT5M,0.0,0.0,0.0,0.0,0.0
0,0,0,0,25,0.14,86.5,5.5,222,2026-09-23 04:00:00,PT5M,0.0,0.0,0.0,0.0,0.0
0,0,0,0,25,0.14,86.6,5.5,222,2026-09-23 04:05:00,PT5M,0.0,0.0,0.0,0.0,0.0
0,0,0,0,25,0.14,86.7,5.5,222,2026-09-23 04:10:00,PT5M,0.0,0.0,0.0,0.0,0.0
0,0,0,0,25,0.14,86.8,5.5,222,2026-09-23 04:15:00,PT5M,0.0,0.0,0.0,0.0,0.0
0,0,0,0,25,0.14,86.9,5.5,222,2026-09-23 04:20:00,PT5M,0.0,0.0,0.0,0.0,0.0
0,0,0,0,25,0.14,86.9,5.5,221,2026-09-23 04:25:00,PT5M,0.0,0.0,0.0,0.0,0.0
0,0,0,0,25,0.14,87.0,5.5,221,2026-09-23 04:30:00,PT5M,0.0,0.0,0.0,0.0,0.0
0,0,0,0,25,0.14,87.1,5.5,221,2026-09-23 04:35:00,PT5M,0.0,0.0,0.0,0.0,0.0
0,0,0,0,25,0.14,87.2,5.5,221,2026-09-23 04:40:00,PT5M,0.0,0.0,0.0,0.0,0.0
0,0,0,0,25,0.14,87.3,5.5,221,2026-09-23 04:45:00,PT5M,0.0,0.0,0.0,0.0,0.0
0,0,0,0,25,0.14,87.4,5.5,221,2026-09-23 04:50:00,PT5M,0.0,0.0,0.0,0.0,0.0
0,0,0,0,25,0.14,87.5,5.5,220,2026-09-23 04:55:00,PT5M,0.0,0.0,0.0,0.0,0.0
0,0,0,0,25,0.14,87.6,5.5,220,2026-09-23 05:00:00,PT5M,0.0,0.0,0.0,0.0,0.0
0,0,0,0,25,0.14,87.6,5.5,220,2026-09-23 05:05:00,PT5M,0.0,0.0,0.0,0.0,0.0
0,0,0,0,25,0.14,87.7,5.5,220,2026-09-23 05:10:00,PT5M,0.0,0.0,0.0,0.0,0.0
0,0,0,0,25,0.14,87.8,5.5,220,2026-09-23 05:15:00,PT5M,0.0,0.0,0.0,0.0,0.0
0,0,0,0,25,0.14,87.9,5.5,220,2026-09-23 05:20:00,PT5M,0.0,0.0,0.0,0.0,0.0
0,0,0,0,25,0.14,88.0,5.5,219,2026-09-23 05:25:00,PT5M,0.0,0.0,0.0,0.0,0.0
0,0,0,0,25,0.14,88.1,5.5,219,2026-09-23 05:30:00,PT5M,0.0,0.0,0.0,0.0,0.0
0,0,0,0,25,0.14,87.9,5.5,219,2026-09-23 05:35:00,PT5M,0.0,0.0,0.0,0.0,0.0
0,0,0,0,25,0.14,87.5,5.6,219,2026-09-23 05:40:00,PT5M,0.0,0.0,0.0,0.0,0.0
0,0,0,0,25,0.14,87.2,5.6,220,2026-09-23 05:45:00,PT5M,0.0,0.0,0.0,0.0,0.0
0,0,0,0,25,0.14,86.8,5.6,220,2026-09-23 05:50:00,PT5M,0.0,0.0,0.0,0.0,0.0
0,0,0,0,25,0.14,86.4,5.6,220,2026-09-23 05:55:00,PT5M,0.0,0.0,0.0,0.0,0.0
1,1,0,1,25,0.14,86.0,5.6,220,2026-09-23 06:00:00,PT5M,0.0,0.0,0.0,0.0,0.0
7,7,0,7,26,0.14,85.6,5.6,220,2026-09-23 06:05:00,PT5M,0.268,0.5555,0.4193,0.1167,0.0
14,14,0,14,26,0.14,85.2,5.6,221,2026-09-23 06:10:00,PT5M,1.265,2.058,1.6824,0.8476,0.472
23,23,0,23,26,0.14,84.9,5.6,221,2026-09-23 06:15:00,PT5M,2.375,3.8045,3.1274,1.6226,0.9455
32,33,0,33,26,0.14,84.5,5.6,221,2026-09-23 06:20:00,PT5M,3.596,6.0505,4.8878,2.3042,1.1415
43,43,0,43,26,0.14,84.1,5.6,221,2026-09-23 06:25:00,PT5M,4.944,8.5875,6.8616,3.0264,1.3005
55,55,12,54,26,0.14,83.8,5.6,221,2026-09-23 06:30:00,PT5M,6.802,11.848,9.4577,4.1463,1.756
69,69,40,63,26,0.14,83.3,5.6,222,2026-09-23 06:35:00,PT5M,9.284,15.8955,12.7637,5.8043,2.6725
83,83,67,71,26,0.14,82.9,5.6,222,2026-09-23 06:40:00,PT5M,11.976,20.2465,16.3288,7.6232,3.7055
98,98,93,79,26,0.14,82.4,5.6,222,2026-09-23 06:45:00,PT5M,14.948,24.8845,20.1777,9.7183,5.0115
114,114,120,87,26,0.14,82.0,5.6,222,2026-09-23 06:50:00,PT5M,18.211,29.8125,24.317,12.105,6.6095
130,130,145,95,26,0.14,81.6,5.6,222,2026-09-23 06:55:00,PT5M,21.581,34.917,28.5998,14.5622,8.245
147,147,170,102,27,0.14,81.1,5.7,223,2026-09-23 07:00:00,PT5M,25.168,40.337,33.1516,17.1844,9.999
163,163,187,110,27,0.14,80.7,5.7,223,2026-09-23 07:05:00,PT5M,28.542,45.664,37.5534,19.5306,11.42
179,179,203,117,27,0.14,80.3,5.7,223,2026-09-23 07:10:00,PT5M,31.97,51.031,42.0019,21.9381,12.909
195,195,217,125,27,0.14,79.8,5.7,223,2026-09-23 07:15:00,PT5M,35.461,56.49,46.5287,24.3933,14.432
212,212,231,132,27,0.14,79.4,5.7,224,2026-09-23 07:20:00,PT5M,38.98,61.999,51.0951,26.8649,15.961
228,228,244,139,27,0.14,79.0,5.7,224,2026-09-23 07:25:00,PT5M,42.512,67.531,55.6797,29.3443,17.493
245,245,256,146,27,0.14,78.5,5.7,224,2026-09-23 07:30:00,PT5M,46.059,73.0905,60.2859,31.8321,19.0275
262,261,268,153,27,0.14,78.1,5.7,224,2026-09-23 07:35:00,PT5M,49.687,78.745,64.9804,34.3936,20.629
279,278,281,159,27,0.14,77.8,5.7,225,2026-09-23 07:40:00,PT5M,53.427,84.584,69.8252,37.0288,22.27
296,295,293,165,27,0.14,77.4,5.7,225,2026-09-23 07:45:00,PT5M,56.278,88.549,73.2625,39.2935,24.007
313,313,306,171,28,0.14,77.0,5.7,225,2026-09-23 07:50:00,PT5M,58.563,91.318,75.8022,41.3238,25.808
330,330,317,176,28,0.14,76.6,5.8,225,2026-09-23 07:55:00,PT5M,60.767,93.9575,78.2354,43.2986,27.5765
347,347,329,182,28,0.14,76.3,5.8,225,2026-09-23 08:00:00,PT5M,62.883,96.454,80.5517,45.2143,29.312
365,364,340,187,28,0.14,75.9,5.8,225,2026-09-23 08:05:00,PT5M,64.902,98.791,82.738,47.066,31.013
382,381,351,192,28,0.14,75.5,5.8,226,2026-09-23 08:10:00,PT5M,66.812,100.0,84.7778,48.8462,32.6765
399,398,361,197,28,0.14,75.2,5.8,226,2026-09-23 08:15:00,PT5M,68.606,100.0,86.6583,50.5537,34.306
416,415,371,202,28,0.14,74.8,5.8,226,2026-09-23 08:20:00,PT5M,70.246,100.0,88.3399,52.1521,35.867
433,432,381,206,28,0.14,74.5,5.8,226,2026-09-23 08:25:00,PT5M,71.788,100.0,89.8653,53.7107,37.4405
449,448,390,210,28,0.14,74.1,5.8,226,2026-09-23 08:30:00,PT5M,73.252,100.0,91.2899,55.2141,38.9795
466,464,398,215,28,0.14,73.7,5.8,226,2026-09-23 08:35:00,PT5M,74.57,100.0,92.5715,56.5685,40.3665
481,480,405,219,29,0.14,73.2,5.8,226,2026-09-23 08:40:00,PT5M,75.752,100.0,93.7267,57.7773,41.5995
497,495,412,224,29,0.14,72.8,5.9,227,2026-09-23 08:45:00,PT5M,76.875,100.0,94.8465,58.9035,42.7285
512,511,419,228,29,0.14,72.3,5.9,227,2026-09-23 08:50:00,PT5M,77.95,100.0,95.8805,60.0195,43.8815
527,526,425,232,29,0.14,71.8,5.9,227,2026-09-23 08:55:00,PT5M,78.981,100.0,96.8647,61.0973,45.0015
542,540,431,236,29,0.14,71.4,6.0,227,2026-09-23 09:00:00,PT5M,79.97,100.0,97.8013,62.1387,46.09
557,555,439,239,29,0.14,70.9,6.0,227,2026-09-23 09:05:00,PT5M,81.055,100.0,98.6718,63.4382,47.5825
572,570,447,241,29,0.14,70.5,6.0,227,2026-09-23 09:10:00,PT5M,82.117,100.0,99.5149,64.7191,49.0605
587,585,455,244,29,0.14,70.1,6.1,227,2026-09-23 09:15:00,PT5M,83.138,100.0,100.0,65.9543,50.4885
602,600,462,246,29,0.14,69.6,6.1,227,2026-09-23 09:20:00,PT5M,84.119,100.0,100.0,67.1443,51.8665
616,614,470,248,29,0.14,69.2,6.1,227,2026-09-23 09:25:00,PT5M,85.062,100.0,100.0,68.291,53.1965
631,628,477,250,30,0.14,68.7,6.1,227,2026-09-23 09:30:00,PT5M,85.97,100.0,100.0,69.3974,54.4815
644,642,484,252,30,0.14,68.3,6.2,227,2026-09-23 09:35:00,PT5M,86.772,100.0,100.0,70.4017,55.668
657,654,489,255,30,0.14,67.9,6.2,227,2026-09-23 09:40:00,PT5M,87.473,100.0,100.0,71.3093,56.7615
669,666,493,257,30,0.14,67.5,6.3,227,2026-09-23 09:45:00,PT5M,88.093,100.0,100.0,72.1264,57.756
680,678,497,260,30,0.14,67.0,6.3,227,2026-09-23 09:50:00,PT5M,88.677,100.0,100.0,72.9009,58.702
691,689,500,262,30,0.14,66.6,6.3,227,2026-09-23 09:55:00,PT5M,89.235,100.0,100.0,73.6442,59.612
702,699,504,264,30,0.14,66.2,6.4,227,2026-09-23 10:00:00,PT5M,89.765,100.0,100.0,74.3513,60.4785
713,710,507,267,30,0.14,65.8,6.4,227,2026-09-23 10:05:00,PT5M,90.257,100.0,100.0,75.0123,61.2915
723,720,510,269,30,0.14,65.4,6.5,227,2026-09-23 10:10:00,PT5M,90.714,100.0,100.0,75.6308,62.0555
732,729,513,271,30,0.14,65.0,6.5,227,2026-09-23 10:15:00,PT5M,91.144,100.0,100.0,76.2164,62.781
741,738,515,273,30,0.14,64.6,6.5,227,2026-09-23 10:20:00,PT5M,91.55,100.0,100.0,76.7713,63.47
750,747,518,275,31,0.14,64.2,6.6,227,2026-09-23 10:25:00,PT5M,91.936,100.0,100.0,77.3012,64.1295
759,756,520,277,31,0.14,63.8,6.6,227,2026-09-23 10:30:00,PT5M,92.3,100.0,100.0,77.8037,64.7565
766,763,520,280,31,0.14,63.4,6.7,227,2026-09-23 10:35:00,PT5M,92.518,100.0,100.0,78.1201,65.1615
771,768,518,283,31,0.14,63.0,6.7,227,2026-09-23 10:40:00,PT5M,92.592,100.0,100.0,78.2517,65.345
776,773,516,286,31,0.14,62.7,6.7,228,2026-09-23 10:45:00,PT5M,92.644,100.0,100.0,78.3532,65.491
781,778,514,290,31,0.14,62.3,6.8,228,2026-09-23 10:50:00,PT5M,92.672,100.0,100.0,78.4212,65.595
785,782,511,293,31,0.14,62.0,6.8,228,2026-09-23 10:55:00,PT5M,92.674,100.0,100.0,78.4511,65.65
789,785,509,296,31,0.14,61.6,6.8,228,2026-09-23 11:00:00,PT5M,92.638,100.0,100.0,78.4172,65.618
792,789,506,299,31,0.14,61.3,6.8,228,2026-09-23 11:05:00,PT5M,92.591,100.0,100.0,78.3815,65.5925
794,791,503,303,31,0.14,60.9,6.9,228,2026-09-23 11:10:00,PT5M,92.526,100.0,100.0,78.3299,65.553
797,793,499,306,32,0.14,60.6,6.9,228,2026-09-23 11:15:00,PT5M,92.435,100.0,100.0,78.2387,65.4615
798,795,496,309,32,0.14,60.2,6.9,228,2026-09-23 11:20:00,PT5M,92.317,100.0,100.0,78.1062,65.316
799,796,492,312,32,0.14,59.9,7.0,228,2026-09-23 11:25:00,PT5M,92.176,100.0,100.0,77.9425,65.132
800,797,489,315,32,0.14,59.5,7.0,228,2026-09-23 11:30:00,PT5M,92.013,100.0,100.0,77.7488,64.9105
801,798,486,317,32,0.14,59.6,7.0,228,2026-09-23 11:35:00,PT5M,91.919,100.0,100.0,77.6463,64.8005
802,799,484,319,32,0.14,60.2,7.0,228,2026-09-23 11:40:00,PT5M,91.89,100.0,100.0,77.6297,64.795
802,799,482,320,32,0.14,60.8,7.0,228,2026-09-23 11:45:00,PT5M,91.834,100.0,100.0,77.5784,64.748
802,799,480,322,31,0.14,61.4,7.0,228,2026-09-23 11:50:00,PT5M,91.751,100.0,100.0,77.4923,64.659
801,798,478,323,31,0.14,62.0,7.0,228,2026-09-23 11:55:00,PT5M,91.638,100.0,100.0,77.3682,64.525
800,797,475,325,31,0.14,62.6,6.9,228,2026-09-23 12:00:00,PT5M,91.52,100.0,100.0,77.2308,64.37
799,796,473,325,31,0.14,63.2,6.9,229,2026-09-23 12:05:00,PT5M,91.486,100.0,100.0,77.1718,64.2885
797,794,472,325,31,0.14,63.8,6.9,229,2026-09-23 12:10:00,PT5M,91.441,100.0,100.0,77.0968,64.1865
795,792,471,325,31,0.14,64.4,6.9,229,2026-09-23 12:15:00,PT5M,91.367,100.0,100.0,76.9849,64.0405
792,789,469,325,31,0.14,65.0,6.9,229,2026-09-23 12:20:00,PT5M,91.264,100.0,100.0,76.8363,63.851
789,786,467,325,30,0.14,65.7,6.9,229,2026-09-23 12:25:00,PT5M,91.135,100.0,100.0,76.6544,63.6215
785,782,465,324,30,0.14,66.3,6.9,229,2026-09-23 12:30:00,PT5M,90.979,100.0,100.0,76.4387,63.352
780,777,461,325,30,0.14,66.7,6.9,229,2026-09-23 12:35:00,PT5M,90.672,100.0,100.0,76.0404,62.8715
774,771,455,326,30,0.14,67.0,6.9,229,2026-09-23 12:40:00,PT5M,90.211,100.0,100.0,75.4562,62.1765
766,764,449,327,30,0.14,67.2,6.8,229,2026-09-23 12:45:00,PT5M,89.721,100.0,100.0,74.8357,61.4385
759,756,442,327,30,0.14,67.4,6.8,228,2026-09-23 12:50:00,PT5M,89.195,100.0,100.0,74.1639,60.6355
751,748,436,328,30,0.14,67.6,6.8,228,2026-09-23 12:55:00,PT5M,88.642,100.0,100.0,73.4609,59.7975
743,740,430,328,30,0.14,67.9,6.8,228,2026-09-23 13:00:00,PT5M,88.079,100.0,100.0,72.7574,58.9675
734,732,423,329,30,0.14,68.1,6.8,228,2026-09-23 13:05:00,PT5M,87.473,100.0,100.0,72.0083,58.0895
725,722,415,330,30,0.14,68.3,6.8,228,2026-09-23 13:10:00,PT5M,86.796,100.0,100.0,71.1665,57.0995
715,713,407,330,30,0.14,68.5,6.8,227,2026-09-23 13:15:00,PT5M,86.083,100.0,100.0,70.2817,56.06
705,703,399,331,30,0.14,68.8,6.8,227,2026-09-23 13:20:00,PT5M,85.336,100.0,100.0,69.3573,54.976
695,693,391,331,30,0.14,69.0,6.7,227,2026-09-23 13:25:00,PT5M,84.556,100.0,100.0,68.3965,53.8525
684,682,384,331,30,0.14,69.2,6.7,227,2026-09-23 13:30:00,PT5M,83.745,100.0,100.0,67.4018,52.6925
674,672,376,330,30,0.14,69.5,6.7,227,2026-09-23 13:35:00,PT5M,82.899,100.0,99.429,66.369,51.4915
662,660,368,330,29,0.14,69.7,6.7,226,2026-09-23 13:40:00,PT5M,82.025,100.0,98.7445,65.3055,50.2575
651,649,360,329,29,0.14,69.9,6.7,226,2026-09-23 13:45:00,PT5M,81.118,100.0,98.0298,64.2062,48.985
639,638,352,328,29,0.14,70.1,6.7,226,2026-09-23 13:50:00,PT5M,80.178,100.0,97.2859,63.0701,47.6725
627,626,345,326,29,0.14,70.3,6.7,226,2026-09-23 13:55:00,PT5M,79.147,100.0,96.4538,61.8402,46.2635
615,614,337,325,29,0.14,70.5,6.7,225,2026-09-23 14:00:00,PT5M,78.141,100.0,95.6502,60.6318,44.873
603,601,329,323,29,0.14,70.7,6.7,225,2026-09-23 14:05:00,PT5M,77.108,100.0,94.8235,59.3925,43.448
591,589,322,320,29,0.14,70.9,6.7,225,2026-09-23 14:10:00,PT5M,76.051,100.0,93.9754,58.1266,41.994
578,576,314,317,29,0.14,71.1,6.7,225,2026-09-23 14:15:00,PT5M,74.962,100.0,93.0975,56.8265,40.504
565,563,306,315,29,0.14,71.3,6.7,224,2026-09-23 14:20:00,PT5M,73.807,100.0,92.158,55.456,38.9395
551,550,298,312,29,0.14,71.5,6.7,224,2026-09-23 14:25:00,PT5M,72.598,100.0,91.168,54.028,37.3145
538,536,290,308,29,0.14,71.7,6.7,224,2026-09-23 14:30:00,PT5M,71.353,100.0,90.1432,52.5628,35.651
524,523,283,305,29,0.14,71.9,6.6,224,2026-09-23 14:35:00,PT5M,70.139,100.0,89.1508,51.1272,34.016
511,510,276,300,29,0.14,72.2,6.6,223,2026-09-23 14:40:00,PT5M,68.955,100.0,88.1894,49.7206,32.409
498,497,270,296,29,0.14,72.4,6.6,223,2026-09-23 14:45:00,PT5M,67.736,100.0,87.1938,48.2782,30.7655
484,483,263,291,29,0.14,72.7,6.6,223,2026-09-23 14:50:00,PT5M,66.481,100.0,86.163,46.799,29.0845
470,470,256,287,29,0.14,72.9,6.6,223,2026-09-23 14:55:00,PT5M,65.189,100.0,85.0955,45.2825,27.366
457,456,250,282,29,0.14,73.2,6.6,223,2026-09-23 15:00:00,PT5M,63.908,100.0,84.0319,43.7841,25.672
443,443,242,277,29,0.14,73.4,6.6,222,2026-09-23 15:05:00,PT5M,62.553,100.0,82.7061,42.3999,24.2615
429,428,234,272,29,0.14,73.7,6.6,222,2026-09-23 15:10:00,PT5M,61.057,99.343,81.2072,40.9068,22.771
415,414,225,268,29,0.14,73.9,6.6,222,2026-09-23 15:15:00,PT5M,59.506,97.757,79.6378,39.3742,21.255
400,400,216,263,28,0.14,74.2,6.5,222,2026-09-23 15:20:00,PT5M,57.934,96.058,77.9989,37.8691,19.81
386,385,207,257,28,0.14,74.4,6.5,222,2026-09-23 15:25:00,PT5M,56.246,94.264,76.2551,36.2369,18.228
371,371,197,252,28,0.14,74.7,6.5,221,2026-09-23 15:30:00,PT5M,54.487,92.355,74.4172,34.5568,16.619
356,356,187,246,28,0.14,74.9,6.5,221,2026-09-23 15:35:00,PT5M,52.587,90.2395,72.4038,32.7702,14.9345
340,340,176,240,28,0.14,75.1,6.5,221,2026-09-23 15:40:00,PT5M,50.543,87.893,70.2006,30.8854,13.193
325,325,165,234,28,0.14,75.3,6.5,221,2026-09-23 15:45:00,PT5M,48.419,85.352,67.8571,28.9809,11.486
309,309,153,228,28,0.14,75.6,6.5,220,2026-09-23 15:50:00,PT5M,46.206,82.625,65.3736,27.0384,9.787
294,294,142,221,28,0.14,75.8,6.4,220,2026-09-23 15:55:00,PT5M,43.909,79.7215,62.7574,25.0606,8.0965
278,278,130,214,28,0.14,76.0,6.4,220,2026-09-23 16:00:00,PT5M,41.532,76.6595,60.0199,23.0441,6.4045
263,263,120,207,28,0.14,76.2,6.4,219,2026-09-23 16:05:00,PT5M,39.242,73.701,57.378,21.106,4.783
249,249,111,198,28,0.14,76.5,6.4,219,2026-09-23 16:10:00,PT5M,37.054,70.8715,54.8524,19.2556,3.2365
234,234,101,190,28,0.14,76.7,6.4,219,2026-09-23 16:15:00,PT5M,35.046,68.1735,52.4812,17.6108,1.9185
219,220,92,181,28,0.14,76.9,6.4,219,2026-09-23 16:20:00,PT5M,32.615,63.8225,49.0397,16.1903,1.4075
205,205,83,173,28,0.14,77.1,6.4,218,2026-09-23 16:25:00,PT5M,30.09,59.1815,45.4011,14.7789,0.9985
191,191,73,164,28,0.14,77.4,6.3,218,2026-09-23 16:30:00,PT5M,27.569,54.536,41.7619,13.3761,0.602
177,177,64,155,28,0.14,77.6,6.3,218,2026-09-23 16:35:00,PT5M,25.122,50.023,38.2276,12.0164,0.221
163,164,55,145,28,0.14,77.9,6.3,218,2026-09-23 16:40:00,PT5M,22.751,45.5925,34.7726,10.7294,0.0
150,150,45,136,28,0.14,78.2,6.3,217,2026-09-23 16:45:00,PT5M,20.396,41.188,31.339,9.453,0.0
136,137,35,127,28,0.14,78.5,6.3,217,2026-09-23 16:50:00,PT5M,18.089,36.8565,27.9665,8.2115,0.0
123,124,24,117,27,0.14,78.8,6.3,217,2026-09-23 16:55:00,PT5M,15.95,32.7295,24.7812,7.1188,0.0
110,110,12,107,27,0.14,79.2,6.3,217,2026-09-23 17:00:00,PT5M,13.733,28.5915,21.5531,5.9129,0.0
97,97,0,97,27,0.14,79.5,6.3,216,2026-09-23 17:05:00,PT5M,11.625,24.6655,18.4883,4.7617,0.0
84,84,0,84,27,0.14,79.8,6.3,216,2026-09-23 17:10:00,PT5M,10.04,21.342,15.9883,4.0917,0.0
72,72,0,72,27,0.14,80.1,6.3,216,2026-09-23 17:15:00,PT5M,8.466,18.062,13.5164,3.4156,0.0
60,60,0,60,27,0.14,80.4,6.3,216,2026-09-23 17:20:00,PT5M,7.067,14.97,11.2264,2.9076,0.0
49,49,0,49,27,0.14,80.7,6.3,216,2026-09-23 17:25:00,PT5M,5.742,11.996,9.0335,2.4505,0.0
39,39,0,39,27,0.14,81.0,6.2,215,2026-09-23 17:30:00,PT5M,4.412,9.1265,6.8933,1.9307,0.0
30,30,0,30,27,0.14,81.2,6.2,215,2026-09-23 17:35:00,PT5M,3.25,6.6,5.0131,1.4869,0.0
22,22,0,22,27,0.14,81.3,6.2,215,2026-09-23 17:40:00,PT5M,2.244,4.4675,3.4142,1.0738,0.0205
15,15,0,15,27,0.14,81.4,6.2,215,2026-09-23 17:45:00,PT5M,1.322,2.628,2.0094,0.6346,0.016
9,9,0,9,27,0.14,81.5,6.2,215,2026-09-23 17:50:00,PT5M,0.484,1.099,0.8077,0.1603,0.0
3,3,0,3,27,0.14,81.6,6.2,215,2026-09-23 17:55:00,PT5M,0.0,0.0145,0.0076,0.0,0.0
0,0,0,0,27,0.14,81.6,6.2,215,2026-09-23 18:00:00,PT5M,0.0,0.0,0.0,0.0,0.0
0,0,0,0,27,0.14,81.7,6.2,216,2026-09-23 18:05:00,PT5M,0.0,0.0,0.0,0.0,0.0
0,0,0,0,27,0.14,81.8,6.2,216,2026-09-23 18:10:00,PT5M,0.0,0.0,0.0,0.0,0.0
0,0,0,0,27,0.14,81.9,6.2,216,2026-09-23 18:15:00,PT5M,0.0,0.0,0.0,0.0,0.0
0,0,0,0,27,0.14,81.9,6.2,216,2026-09-23 18:20:00,PT5M,0.0,0.0,0.0,0.0,0.0
0,0,0,0,27,0.14,82.0,6.2,216,2026-09-23 18:25:00,PT5M,0.0,0.0,0.0,0.0,0.0
0,0,0,0,27,0.14,82.1,6.2,216,2026-09-23 18:30:00,PT5M,0.0,0.0,0.0,0.0,0.0
0,0,0,0,27,0.14,82.2,6.2,216,2026-09-23 18:35:00,PT5M,0.0,0.0,0.0,0.0,0.0
0,0,0,0,27,0.14,82.2,6.1,216,2026-09-23 18:40:00,PT5M,0.0,0.0,0.0,0.0,0.0
0,0,0,0,27,0.14,82.2,6.1,216,2026-09-23 18:45:00,PT5M,0.0,0.0,0.0,0.0,0.0
0,0,0,0,27,0.14,82.3,6.1,216,2026-09-23 18:50:00,PT5M,0.0,0.0,0.0,0.0,0.0
0,0,0,0,27,0.14,82.3,6.1,216,2026-09-23 18:55:00,PT5M,0.0,0.0,0.0,0.0,0.0
0,0,0,0,27,0.14,82.4,6.1,216,2026-09-23 19:00:00,PT5M,0.0,0.0,0.0,0.0,0.0
0,0,0,0,27,0.14,82.4,6.0,216,2026-09-23 19:05:00,PT5M,0.0,0.0,0.0,0.0,0.0
0,0,0,0,27,0.14,82.4,6.0,216,2026-09-23 19:10:00,PT5M,0.0,0.0,0.0,0.0,0.0
0,0,0,0,27,0.14,82.5,6.0,216,2026-09-23 19:15:00,PT5M,0.0,0.0,0.0,0.0,0.0
0,0,0,0,27,0.14,82.5,6.0,216,2026-09-23 19:20:00,PT5M,0.0,0.0,0.0,0.0,0.0
0,0,0,0,27,0.14,82.6,6.0,216,2026-09-23 19:25:00,PT5M,0.0,0.0,0.0,0.0,0.0
0,0,0,0,27,0.14,82.6,5.9,216,2026-09-23 19:30:00,PT5M,0.0,0.0,0.0,0.0,0.0
0,0,0,0,27,0.14,82.7,5.9,216,2026-09-23 19:35:00,PT5M,0.0,0.0,0.0,0.0,0.0
0,0,0,0,27,0.14,82.7,5.9,216,2026-09-23 19:40:00,PT5M,0.0,0.0,0.0,0.0,0.0
0,0,0,0,26,0.14,82.8,5.9,216,2026-09-23 19:45:00,PT5M,0.0,0.0,0.0,0.0,0.0
0,0,0,0,26,0.14,82.9,5.9,216,2026-09-23 19:50:00,PT5M,0.0,0.0,0.0,0.0,0.0
0,0,0,0,26,0.14,83.0,5.9,217,2026-09-23 19:55:00,PT5M,0.0,0.0,0.0,0.0,0.0
0,0,0,0,26,0.14,83.1,5.9,217,2026-09-23 20:00:00,PT5M,0.0,0.0,0.0,0.0,0.0
0,0,0,0,26,0.14,83.1,5.9,217,2026-09-23 20:05:00,PT5M,0.0,0.0,0.0,0.0,0.0
0,0,0,0,26,0.14,83.2,5.8,217,2026-09-23 20:10:00,PT5M,0.0,0.0,0.0,0.0,0.0
0,0,0,0,26,0.14,83.3,5.8,217,2026-09-23 20:15:00,PT5M,0.0,0.0,0.0,0.0,0.0
0,0,0,0,26,0.14,83.4,5.8,217,2026-09-23 20:20:00,PT5M,0.0,0.0,0.0,0.0,0.0
0,0,0,0,26,0.14,83.5,5.8,217,2026-09-23 20:25:00,PT5M,0.0,0.0,0.0,0.0,0.0
0,0,0,0,26,0.14,83.5,5.8,217,2026-09-23 20:30:00,PT5M,0.0,0.0,0.0,0.0,0.0
0,0,0,0,26,0.14,83.6,5.8,217,2026-09-23 20:35:00,PT5M,0.0,0.0,0.0,0.0,0.0
0,0,0,0,26,0.14,83.7,5.8,217,2026-09-23 20:40:00,PT5M,0.0,0.0,0.0,0.0,0.0
0,0,0,0,26,0.14,83.8,5.8,217,2026-09-23 20:45:00,PT5M,0.0,0.0,0.0,0.0,0.0
0,0,0,0,26,0.14,83.9,5.8,217,2026-09-23 20:50:00,PT5M,0.0,0.0,0.0,0.0,0.0
0,0,0,0,26,0.14,84.0,5.8,217,2026-09-23 20:55:00,PT5M,0.0,0.0,0.0,0.0,0.0
0,0,0,0,26,0.14,84.0,5.7,218,2026-09-23 21:00:00,PT5M,0.0,0.0,0.0,0.0,0.0
0,0,0,0,26,0.14,84.1,5.7,218,2026-09-23 21:05:00,PT5M,0.0,0.0,0.0,0.0,0.0
0,0,0,0,26,0.14,84.2,5.7,218,2026-09-23 21:10:00,PT5M,0.0,0.0,0.0,0.0,0.0
0,0,0,0,26,0.14,84.3,5.7,218,2026-09-23 21:15:00,PT5M,0.0,0.0,0.0,0.0,0.0
0,0,0,0,26,0.14,84.4,5.7,218,2026-09-23 21:20:00,PT5M,0.0,0.0,0.0,0.0,0.0
0,0,0,0,26,0.14,84.4,5.7,218,2026-09-23 21:25:00,PT5M,0.0,0.0,0.0,0.0,0.0
0,0,0,0,26,0.14,84.5,5.7,218,2026-09-23 21:30:00,PT5M,0.0,0.0,0.0,0.0,0.0
0,0,0,0,26,0.14,84.6,5.7,218,2026-09-23 21:35:00,PT5M,0.0,0.0,0.0,0.0,0.0
0,0,0,0,26,0.14,84.7,5.7,218,2026-09-23 21:40:00,PT5M,0.0,0.0,0.0,0.0,0.0
0,0,0,0,26,0.14,84.8,5.7,218,2026-09-23 21:45:00,PT5M,0.0,0.0,0.0,0.0,0.0
0,0,0,0,26,0.14,84.9,5.6,218,2026-09-23 21:50:00,PT5M,0.0,0.0,0.0,0.0,0.0
0,0,0,0,26,0.14,84.9,5.6,218,2026-09-23 21:55:00,PT5M,0.0,0.0,0.0,0.0,0.0
0,0,0,0,26,0.14,85.0,5.6,218,2026-09-23 22:00:00,PT5M,0.0,0.0,0.0,0.0,0.0
0,0,0,0,26,0.14,85.1,5.6,218,2026-09-23 22:05:00,PT5M,0.0,0.0,0.0,0.0,0.0
0,0,0,0,26,0.14,85.2,5.6,218,2026-09-23 22:10:00,PT5M,0.0,0.0,0.0,0.0,0.0
0,0,0,0,26,0.14,85.3,5.5,218,2026-09-23 22:15:00,PT5M,0.0,0.0,0.0,0.0,0.0
0,0,0,0,26,0.14,85.4,5.5,218,2026-09-23 22:20:00,PT5M,0.0,0.0,0.0,0.0,0.0
0,0,0,0,26,0.14,85.4,5.5,218,2026-09-23 22:25:00,PT5M,0.0,0.0,0.0,0.0,0.0
0,0,0,0,26,0.14,85.5,5.5,218,2026-09-23 22:30:00,PT5M,0.0,0.0,0.0,0.0,0.0
0,0,0,0,26,0.14,85.6,5.5,218,2026-09-23 22:35:00,PT5M,0.0,0.0,0.0,0.0,0.0
0,0,0,0,26,0.14,85.8,5.5,218,2026-09-23 22:40:00,PT5M,0.0,0.0,0.0,0.0,0.0
0,0,0,0,26,0.14,85.9,5.4,219,2026-09-23 22:45:00,PT5M,0.0,0.0,0.0,0.0,0.0
0,0,0,0,26,0.14,86.0,5.4,219,2026-09-23 22:50:00,PT5M,0.0,0.0,0.0,0.0,0.0
0,0,0,0,26,0.14,86.1,5.4,219,2026-09-23 22:55:00,PT5M,0.0,0.0,0.0,0.0,0.0
0,0,0,0,26,0.14,86.3,5.4,219,2026-09-23 23:00:00,PT5M,0.0,0.0,0.0,0.0,0.0
0,0,0,0,25,0.14,86.4,5.4,219,2026-09-23 23:05:00,PT5M,0.0,0.0,0.0,0.0,0.0
0,0,0,0,25,0.14,86.5,5.4,219,2026-09-23 23:10:00,PT5M,0.0,0.0,0.0,0.0,0.0
0,0,0,0,25,0.14,86.7,5.4,219,2026-09-23 23:15:00,PT5M,0.0,0.0,0.0,0.0,0.0
0,0,0,0,25,0.14,86.8,5.4,219,2026-09-23 23:20:00,PT5M,0.0,0.0,0.0,0.0,0.0
0,0,0,0,25,0.14,86.9,5.3,219,2026-09-23 23:25:00,PT5M,0.0,0.0,0.0,0.0,0.0
0,0,0,0,25,0.14,87.0,5.3,220,2026-09-23 23:30:00,PT5M,0.0,0.0,0.0,0.0,0.0
0,0,0,0,25,0.14,87.1,5.3,220,2026-09-23 23:35:00,PT5M,0.0,0.0,0.0,0.0,0.0
0,0,0,0,25,0.14,87.0,5.3,220,2026-09-23 23:40:00,PT5M,0.0,0.0,0.0,0.0,0.0
0,0,0,0,25,0.14,87.0,5.4,220,2026-09-23 23:45:00,PT5M,0.0,0.0,0.0,0.0,0.0
0,0,0,0,25,0.14,87.0,5.4,220,2026-09-23 23:50:00,PT5M,0.0,0.0,0.0,0.0,0.0
0,0,0,0,25,0.14,86.9,5.4,220,2026-09-23 23:55:00,PT5M,0.0,0.0,0.0,0.0,0.0
0,0,0,0,25,0.14,86.9,5.4,220,2026-09-24 00:00:00,PT5M,0.0,0.0,0.0,0.0,0.0
0,0,0,0,25,0.14,86.8,5.4,220,2026-09-24 00:05:00,PT5M,0.0,0.0,0.0,0.0,0.0
0,0,0,0,25,0.14,86.8,5.4,220,2026-09-24 00:10:00,PT5M,0.0,0.0,0.0,0.0,0.0
0,0,0,0,25,0.14,86.7,5.4,220,2026-09-24 00:15:00,PT5M,0.0,0.0,0.0,0.0,0.0
0,0,0,0,25,0.14,86.7,5.4,220,2026-09-24 00:20:00,PT5M,0.0,0.0,0.0,0.0,0.0
0,0,0,0,25,0.14,86.6,5.4,220,2026-09-24 00:25:00,PT5M,0.0,0.0,0.0,0.0,0.0
0,0,0,0,25,0.14,86.6,5.5,220,2026-09-24 00:30:00,PT5M,0.0,0.0,0.0,0.0,0.0
0,0,0,0,25,0.14,86.6,5.5,220,2026-09-24 00:35:00,PT5M,0.0,0.0,0.0,0.0,0.0
0,0,0,0,25,0.14,86.6,5.5,220,2026-09-24 00:40:00,PT5M,0.0,0.0,0.0,0.0,0.0
0,0,0,0,25,0.14,86.6,5.5,220,2026-09-24 00:45:00,PT5M,0.0,0.0,0.0,0.0,0.0
0,0,0,0,25,0.14,86.6,5.5,220,2026-09-24 00:50:00,PT5M,0.0,0.0,0.0,0.0,0.0
0,0,0,0,25,0.14,86.6,5.5,220,2026-09-24 00:55:00,PT5M,0.0,0.0,0.0,0.0,0.0
0,0,0,0,25,0.14,86.6,5.5,220,2026-09-24 01:00:00,PT5M,0.0,0.0,0.0,0.0,0.0
0,0,0,0,25,0.14,86.6,5.5,220,2026-09-24 01:05:00,PT5M,0.0,0.0,0.0,0.0,0.0
0,0,0,0,25,0.14,86.6,5.5,220,2026-09-24 01:10:00,PT5M,0.0,0.0,0.0,0.0,0.0
0,0,0,0,25,0.14,86.6,5.5,220,2026-09-24 01:15:00,PT5M,0.0,0.0,0.0,0.0,0.0
0,0,0,0,25,0.14,86.6,5.5,220,2026-09-24 01:20:00,PT5M,0.0,0.0,0.0,0.0,0.0
0,0,0,0,25,0.14,86.6,5.5,220,2026-09-24 01:25:00,PT5M,0.0,0.0,0.0,0.0,0.0
0,0,0,0,25,0.14,86.6,5.5,220,2026-09-24 01:30:00,PT5M,0.0,0.0,0.0,0.0,0.0
0,0,0,0,25,0.14,86.5,5.5,220,2026-09-24 01:35:00,PT5M,0.0,0.0,0.0,0.0,0.0
0,0,0,0,25,0.14,86.4,5.5,220,2026-09-24 01:40:00,PT5M,0.0,0.0,0.0,0.0,0.0
0,0,0,0,25,0.14,86.3,5.5,220,2026-09-24 01:45:00,PT5M,0.0,0.0,0.0,0.0,0.0
0,0,0,0,25,0.14,86.3,5.5,220,2026-09-24 01:50:00,PT5M,0.0,0.0,0.0,0.0,0.0
0,0,0,0,25,0.14,86.2,5.5,220,2026-09-24 01:55:00,PT5M,0.0,0.0,0.0,0.0,0.0
0,0,0,0,25,0.14,86.1,5.5,220,2026-09-24 02:00:00,PT5M,0.0,0.0,0.0,0.0,0.0
0,0,0,0,25,0.14,86.0,5.5,220,2026-09-24 02:05:00,PT5M,0.0,0.0,0.0,0.0,0.0
0,0,0,0,25,0.14,85.9,5.5,220,2026-09-24 02:10:00,PT5M,0.0,0.0,0.0,0.0,0.0
0,0,0,0,25,0.14,85.8,5.5,220,2026-09-24 02:15:00,PT5M,0.0,0.0,0.0,0.0,0.0
0,0,0,0,25,0.14,85.7,5.5,220,2026-09-24 02:20:00,PT5M,0.0,0.0,0.0,0.0,0.0
0,0,0,0,25,0.14,85.7,5.5,221,2026-09-24 02:25:00,PT5M,0.0,0.0,0.0,0.0,0.0
0,0,0,0,25,0.14,85.6,5.5,221,2026-09-24 02:30:00,PT5M,0.0,0.0,0.0,0.0,0.0
0,0,0,0,25,0.14,85.5,5.5,221,2026-09-24 02:35:00,PT5M,0.0,0.0,0.0,0.0,0.0
0,0,0,0,25,0.14,85.5,5.5,221,2026-09-24 02:40:00,PT5M,0.0,0.0,0.0,0.0,0.0
0,0,0,0,25,0.14,85.5,5.6,221,2026-09-24 02:45:00,PT5M,0.0,0.0,0.0,0.0,0.0
0,0,0,0,25,0.14,85.5,5.6,221,2026-09-24 02:50:00,PT5M,0.0,0.0,0.0,0.0,0.0
0,0,0,0,25,0.14,85.5,5.6,221,2026-09-24 02:55:00,PT5M,0.0,0.0,0.0,0.0,0.0
0,0,0,0,25,0.14,85.5,5.6,221,2026-09-24 03:00:00,PT5M,0.0,0.0,0.0,0.0,0.0
0,0,0,0,25,0.14,85.5,5.6,221,2026-09-24 03:05:00,PT5M,0.0,0.0,0.0,0.0,0.0
0,0,0,0,25,0.14,85.5,5.6,221,2026-09-24 03:10:00,PT5M,0.0,0.0,0.0,0.0,0.0
0,0,0,0,25,0.14,85.5,5.6,221,2026-09-24 03:15:00,PT5M,0.0,0.0,0.0,0.0,0.0
0,0,0,0,25,0.14,85.5,5.6,221,2026-09-24 03:20:00,PT5M,0.0,0.0,0.0,0.0,0.0
0,0,0,0,25,0.14,85.5,5.7,221,2026-09-24 03:25:00,PT5M,0.0,0.0,0.0,0.0,0.0
0,0,0,0,25,0.14,85.5,5.7,221,2026-09-24 03:30:00,PT5M,0.0,0.0,0.0,0.0,0.0
0,0,0,0,25,0.14,85.5,5.7,221,2026-09-24 03:35:00,PT5M,0.0,0.0,0.0,0.0,0.0
0,0,0,0,25,0.14,85.4,5.7,221,2026-09-24 03:40:00,PT5M,0.0,0.0,0.0,0.0,0.0
0,0,0,0,25,0.14,85.4,5.7,221,2026-09-24 03:45:00,PT5M,0.0,0.0,0.0,0.0,0.0
0,0,0,0,25,0.14,85.4,5.7,221,2026-09-24 03:50:00,PT5M,0.0,0.0,0.0,0.0,0.0
0,0,0,0,25,0.14,85.3,5.7,221,2026-09-24 03:55:00,PT5M,0.0,0.0,0.0,0.0,0.0
0,0,0,0,25,0.14,85.3,5.7,221,2026-09-24 04:00:00,PT5M,0.0,0.0,0.0,0.0,0.0
0,0,0,0,25,0.14,85.2,5.7,221,2026-09-24 04:05:00,PT5M,0.0,0.0,0.0,0.0,0.0
0,0,0,0,25,0.14,85.2,5.7,221,2026-09-24 04:10:00,PT5M,0.0,0.0,0.0,0.0,0.0
0,0,0,0,25,0.14,85.1,5.7,221,2026-09-24 04:15:00,PT5M,0.0,0.0,0.0,0.0,0.0
0,0,0,0,25,0.14,85.1,5.7,221,2026-09-24 04:20:00,PT5M,0.0,0.0,0.0,0.0,0.0
0,0,0,0,25,0.14,85.1,5.7,221,2026-09-24 04:25:00,PT5M,0.0,0.0,0.0,0.0,0.0
0,0,0,0,25,0.14,85.0,5.7,221,2026-09-24 04:30:00,PT5M,0.0,0.0,0.0,0.0,0.0
0,0,0,0,25,0.14,85.0,5.7,221,2026-09-24 04:35:00,PT5M,0.0,0.0,0.0,0.0,0.0
0,0,0,0,25,0.14,85.0,5.7,221,2026-09-24 04:40:00,PT5M,0.0,0.0,0.0,0.0,0.0
0,0,0,0,25,0.14,85.0,5.7,221,2026-09-24 04:45:00,PT5M,0.0,0.0,0.0,0.0,0.0
0,0,0,0,25,0.14,85.0,5.7,221,2026-09-24 04:50:00,PT5M,0.0,0.0,0.0,0.0,0.0
0,0,0,0,25,0.14,85.0,5.7,221,2026-09-24 04:55:00,PT5M,0.0,0.0,0.0,0.0,0.0
0,0,0,0,25,0.14,85.0,5.7,221,2026-09-24 05:00:00,PT5M,0.0,0.0,0.0,0.0,0.0
0,0,0,0,25,0.14,85.0,5.7,221,2026-09-24 05:05:00,PT5M,0.0,0.0,0.0,0.0,0.0
0,0,0,0,25,0.14,85.0,5.8,221,2026-09-24 05:10:00,PT5M,0.0,0.0,0.0,0.0,0.0
0,0,0,0,25,0.14,85.0,5.8,221,2026-09-24 05:15:00,PT5M,0.0,0.0,0.0,0.0,0.0
0,0,0,0,25,0.14,85.0,5.8,221,2026-09-24 05:20:00,PT5M,0.0,0.0,0.0,0.0,0.0
0,0,0,0,25,0.14,85.0,5.8,221,2026-09-24 05:25:00,PT5M,0.0,0.0,0.0,0.0,0.0
0,0,0,0,25,0.14,85.0,5.8,221,2026-09-24 05:30:00,PT5M,0.0,0.0,0.0,0.0,0.0
0,0,0,0,25,0.14,84.8,5.8,221,2026-09-24 05:35:00,PT5M,0.0,0.0,0.0,0.0,0.0
0,0,0,0,25,0.14,84.4,5.8,221,2026-09-24 05:40:00,PT5M,0.0,0.0,0.0,0.0,0.0
0,0,0,0,25,0.14,83.9,5.9,221,2026-09-24 05:45:00,PT5M,0.0,0.0,0.0,0.0,0.0
0,0,0,0,25,0.14,83.5,5.9,221,2026-09-24 05:50:00,PT5M,0.0,0.0,0.0,0.0,0.0
0,0,0,0,25,0.14,83.1,5.9,221,2026-09-24 05:55:00,PT5M,0.0,0.0,0.0,0.0,0.0
1,1,0,1,25,0.14,82.7,5.9,222,2026-09-24 06:00:00,PT5M,0.0,0.0,0.0,0.0,0.0
7,7,0,7,26,0.14,82.3,6.0,222,2026-09-24 06:05:00,PT5M,0.226,0.553,0.3981,0.0539,0.0
14,14,0,14,26,0.14,81.9,6.0,222,2026-09-24 06:10:00,PT5M,1.141,2.1355,1.6644,0.6176,0.1465
21,21,0,21,26,0.14,81.5,6.0,222,2026-09-24 06:15:00,PT5M,2.152,3.94,3.093,1.211,0.364
30,30,0,30,26,0.14,81.1,6.0,222,2026-09-24 06:20:00,PT5M,3.247,6.2475,4.8262,1.6678,0.2465
40,40,0,40,26,0.14,80.7,6.1,222,2026-09-24 06:25:00,PT5M,4.442,8.7345,6.7012,2.1828,0.1495
50,50,0,50,26,0.14,80.3,6.1,222,2026-09-24 06:30:00,PT5M,5.859,11.659,8.9116,2.8064,0.059
62,62,0,62,26,0.14,79.9,6.1,222,2026-09-24 06:35:00,PT5M,7.355,14.786,11.266,3.444,0.0
74,74,8,73,26,0.14,79.4,6.1,223,2026-09-24 06:40:00,PT5M,9.107,18.213,13.8996,4.3144,0.001
88,88,28,82,26,0.14,78.9,6.2,223,2026-09-24 06:45:00,PT5M,11.453,22.22,17.1197,5.7863,0.686
102,102,47,91,26,0.14,78.5,6.2,223,2026-09-24 06:50:00,PT5M,14.076,26.493,20.6112,7.5408,1.659
116,117,67,100,26,0.14,78.0,6.2,223,2026-09-24 06:55:00,PT5M,16.778,30.885,24.2026,9.3534,2.671
131,132,85,109,27,0.14,77.5,6.3,223,2026-09-24 07:00:00,PT5M,19.58,35.4605,27.938,11.222,3.6995
146,146,100,118,27,0.14,77.1,6.3,223,2026-09-24 07:05:00,PT5M,22.44,40.2185,31.797,13.083,4.6615
162,162,116,126,27,0.14,76.6,6.3,223,2026-09-24 07:10:00,PT5M,25.508,45.2665,35.907,15.109,5.7495
177,178,131,135,27,0.14,76.2,6.4,223,2026-09-24 07:15:00,PT5M,28.689,50.4495,40.1417,17.2363,6.9285
193,193,146,143,27,0.14,75.7,6.4,223,2026-09-24 07:20:00,PT5M,31.945,55.7655,44.4819,19.4081,8.1245
210,210,161,151,27,0.14,75.3,6.5,224,2026-09-24 07:25:00,PT5M,35.272,61.108,48.8697,21.6743,9.436
226,226,175,158,27,0.14,74.8,6.5,224,2026-09-24 07:30:00,PT5M,38.668,66.5225,53.328,24.008,10.8135
242,242,189,166,27,0.14,74.4,6.5,224,2026-09-24 07:35:00,PT5M,42.063,71.9755,57.8062,26.3198,12.1505
259,258,201,173,27,0.14,74.0,6.5,224,2026-09-24 07:40:00,PT5M,45.444,77.514,62.3227,28.5653,13.374
275,275,213,180,27,0.14,73.6,6.6,224,2026-09-24 07:45:00,PT5M,48.196,81.4135,65.6786,30.7134,14.9785
292,291,226,187,28,0.14,73.2,6.6,224,2026-09-24 07:50:00,PT5M,50.536,84.3595,68.3375,32.7345,16.7125
308,308,237,193,28,0.14,72.8,6.6,224,2026-09-24 07:55:00,PT5M,52.872,87.249,70.9649,34.7791,18.495
325,325,249,199,28,0.14,72.5,6.6,224,2026-09-24 08:00:00,PT5M,55.131,90.0045,73.4852,36.7768,20.2575
342,341,261,205,28,0.14,72.1,6.7,224,2026-09-24 08:05:00,PT5M,57.331,92.648,75.9186,38.7434,22.014
359,358,273,211,28,0.14,71.7,6.7,225,2026-09-24 08:10:00,PT5M,59.46,95.156,78.2471,40.6729,23.764
376,375,284,216,28,0.14,71.3,6.7,225,2026-09-24 08:15:00,PT5M,61.482,97.472,80.4238,42.5402,25.492
392,391,296,221,28,0.14,70.9,6.7,225,2026-09-24 08:20:00,PT5M,63.393,99.5855,82.4414,44.3446,27.2005
409,408,307,226,28,0.14,70.6,6.8,225,2026-09-24 08:25:00,PT5M,65.196,100.0,84.2962,46.0958,28.905
426,424,317,231,28,0.14,70.2,6.8,225,2026-09-24 08:30:00,PT5M,66.922,100.0,86.0496,47.7944,30.579
441,440,326,236,28,0.14,69.8,6.8,225,2026-09-24 08:35:00,PT5M,68.427,100.0,87.5751,49.2789,32.045
457,455,333,241,29,0.14,69.5,6.8,225,2026-09-24 08:40:00,PT5M,69.719,100.0,88.8858,50.5522,33.3015
471,470,340,246,29,0.14,69.2,6.8,225,2026-09-24 08:45:00,PT5M,70.949,100.0,90.1245,51.7735,34.515
486,485,347,250,29,0.14,68.8,6.9,225,2026-09-24 08:50:00,PT5M,72.126,100.0,91.3017,52.9503,35.6915
501,499,353,255,29,0.14,68.5,6.9,225,2026-09-24 08:55:00,PT5M,73.256,100.0,92.4512,54.0608,36.7845
515,513,359,259,29,0.14,68.2,6.9,226,2026-09-24 09:00:00,PT5M,74.341,100.0,93.5181,55.1639,37.904
530,528,367,263,29,0.14,67.8,6.9,226,2026-09-24 09:05:00,PT5M,75.499,100.0,94.5837,56.4143,39.2375
544,542,374,267,29,0.14,67.5,7.0,226,2026-09-24 09:10:00,PT5M,76.63,100.0,95.5173,57.7427,40.7435
558,556,381,270,29,0.14,67.2,7.0,226,2026-09-24 09:15:00,PT5M,77.709,100.0,96.4021,59.0159,42.1915
572,570,388,273,29,0.14,66.9,7.0,226,2026-09-24 09:20:00,PT5M,78.748,100.0,97.2506,60.2454,43.5925
586,584,395,276,29,0.14,66.6,7.0,226,2026-09-24 09:25:00,PT5M,79.749,100.0,98.065,61.433,44.948
599,597,402,279,30,0.14,66.2,7.1,226,2026-09-24 09:30:00,PT5M,80.713,100.0,98.8461,62.5799,46.2595
613,610,408,282,30,0.14,65.9,7.1,226,2026-09-24 09:35:00,PT5M,81.64,100.0,99.5942,63.6858,47.5265
626,623,415,284,30,0.14,65.5,7.1,226,2026-09-24 09:40:00,PT5M,82.532,100.0,100.0,64.7523,48.75
638,635,421,286,30,0.14,65.1,7.1,226,2026-09-24 09:45:00,PT5M,83.34,100.0,100.0,65.7266,49.874
650,647,426,289,30,0.14,64.8,7.2,226,2026-09-24 09:50:00,PT5M,84.11,100.0,100.0,66.6577,50.95
661,659,431,291,30,0.14,64.4,7.2,226,2026-09-24 09:55:00,PT5M,84.85,100.0,100.0,67.554,51.987
673,670,437,293,30,0.14,64.0,7.2,226,2026-09-24 10:00:00,PT5M,85.556,100.0,100.0,68.4092,52.9765
684,681,442,295,30,0.14,63.7,7.3,226,2026-09-24 10:05:00,PT5M,86.222,100.0,100.0,69.2178,53.9135
694,691,446,297,30,0.14,63.3,7.3,226,2026-09-24 10:10:00,PT5M,86.847,100.0,100.0,69.9791,54.7975
704,702,451,299,30,0.14,62.9,7.3,226,2026-09-24 10:15:00,PT5M,87.443,100.0,100.0,70.7062,55.6425
714,711,455,300,30,0.14,62.6,7.4,227,2026-09-24 10:20:00,PT5M,88.01,100.0,100.0,71.3987,56.448
724,721,459,302,31,0.14,62.2,7.4,227,2026-09-24 10:25:00,PT5M,88.554,100.0,100.0,72.064,57.2225
733,730,464,303,31,0.14,61.9,7.4,227,2026-09-24 10:30:00,PT5M,89.073,100.0,100.0,72.6998,57.9635
740,737,464,306,31,0.14,61.5,7.4,227,2026-09-24 10:35:00,PT5M,89.319,100.0,100.0,73.0253,58.3605
744,741,460,311,31,0.14,61.2,7.5,227,2026-09-24 10:40:00,PT5M,89.298,100.0,100.0,73.0456,58.418
748,745,456,315,31,0.14,60.9,7.5,227,2026-09-24 10:45:00,PT5M,89.256,100.0,100.0,73.0381,58.4415
751,748,452,319,31,0.14,60.6,7.5,227,2026-09-24 10:50:00,PT5M,89.19,100.0,100.0,72.9982,58.425
754,751,448,323,31,0.14,60.3,7.6,227,2026-09-24 10:55:00,PT5M,89.095,100.0,100.0,72.9176,58.3575
756,753,443,327,31,0.14,59.9,7.6,227,2026-09-24 11:00:00,PT5M,88.963,100.0,100.0,72.7798,58.2145
758,755,439,331,31,0.14,59.6,7.6,227,2026-09-24 11:05:00,PT5M,88.823,100.0,100.0,72.6427,58.08
760,756,434,335,31,0.14,59.3,7.7,228,2026-09-24 11:10:00,PT5M,88.665,100.0,100.0,72.4887,57.9295
760,757,429,339,32,0.14,59.0,7.7,228,2026-09-24 11:15:00,PT5M,88.478,100.0,100.0,72.293,57.726
761,758,424,343,32,0.14,58.7,7.7,228,2026-09-24 11:20:00,PT5M,88.263,100.0,100.0,72.0577,57.4725
761,758,418,347,32,0.14,58.4,7.7,228,2026-09-24 11:25:00,PT5M,88.025,100.0,100.0,71.7926,57.183
760,757,413,350,32,0.14,58.1,7.8,228,2026-09-24 11:30:00,PT5M,87.763,100.0,100.0,71.497,56.857
761,758,410,353,32,0.14,58.1,7.8,228,2026-09-24 11:35:00,PT5M,87.614,100.0,100.0,71.3345,56.6825
761,758,408,354,32,0.14,58.4,7.7,228,2026-09-24 11:40:00,PT5M,87.576,100.0,100.0,71.3021,56.655
762,759,406,356,32,0.14,58.7,7.7,228,2026-09-24 11:45:00,PT5M,87.509,100.0,100.0,71.234,56.586
761,759,404,357,32,0.14,58.9,7.7,227,2026-09-24 11:50:00,PT5M,87.412,100.0,100.0,71.1294,56.4745
761,758,402,358,32,0.14,59.2,7.7,227,2026-09-24 11:55:00,PT5M,87.283,100.0,100.0,70.9862,56.3185
760,757,400,360,32,0.14,59.5,7.6,227,2026-09-24 12:00:00,PT5M,87.157,100.0,100.0,70.8391,56.1525
758,755,398,360,31,0.14,59.8,7.6,227,2026-09-24 12:05:00,PT5M,87.09,100.0,100.0,70.745,56.034
756,753,395,361,31,0.14,60.1,7.6,227,2026-09-24 12:10:00,PT5M,86.998,100.0,100.0,70.6201,55.8795
754,751,393,361,31,0.14,60.4,7.5,226,2026-09-24 12:15:00,PT5M,86.875,100.0,100.0,70.4576,55.6815
751,748,391,362,31,0.14,60.6,7.5,226,2026-09-24 12:20:00,PT5M,86.721,100.0,100.0,70.2581,55.441
748,745,388,362,31,0.14,60.9,7.5,226,2026-09-24 12:25:00,PT5M,86.537,100.0,100.0,70.0225,55.159
744,741,385,362,31,0.14,61.2,7.4,226,2026-09-24 12:30:00,PT5M,86.323,100.0,100.0,69.7512,54.836
739,736,382,362,31,0.14,61.5,7.4,226,2026-09-24 12:35:00,PT5M,86.024,100.0,100.0,69.3785,54.397
733,731,377,363,31,0.14,61.8,7.4,225,2026-09-24 12:40:00,PT5M,85.636,100.0,100.0,68.9,53.837
727,725,372,363,31,0.14,62.1,7.4,225,2026-09-24 12:45:00,PT5M,85.218,100.0,100.0,68.3846,53.234
721,718,367,363,31,0.14,62.4,7.3,225,2026-09-24 12:50:00,PT5M,84.757,100.0,100.0,67.8131,52.563
714,712,362,363,31,0.14,62.7,7.3,225,2026-09-24 12:55:00,PT5M,84.268,100.0,100.0,67.2106,51.8585
707,705,358,362,31,0.14,63.0,7.3,225,2026-09-24 13:00:00,PT5M,83.771,100.0,100.0,66.6094,51.1635
699,697,352,362,31,0.14,63.3,7.3,225,2026-09-24 13:05:00,PT5M,83.202,100.0,100.0,65.9325,50.3895
691,689,347,361,31,0.14,63.6,7.2,225,2026-09-24 13:10:00,PT5M,82.609,100.0,100.0,65.2153,49.5605
683,681,341,361,30,0.14,63.9,7.2,225,2026-09-24 13:15:00,PT5M,81.978,100.0,99.5024,64.4536,48.681
674,672,336,360,30,0.14,64.2,7.2,225,2026-09-24 13:20:00,PT5M,81.313,100.0,98.9727,63.6533,47.759
665,663,330,358,30,0.14,64.6,7.2,225,2026-09-24 13:25:00,PT5M,80.616,100.0,98.4141,62.8179,46.799
656,654,325,357,30,0.14,64.9,7.2,224,2026-09-24 13:30:00,PT5M,79.889,100.0,97.8287,61.9493,45.803
647,645,319,356,30,0.14,65.2,7.1,224,2026-09-24 13:35:00,PT5M,79.132,100.0,97.2159,61.0481,44.772
637,635,313,354,30,0.14,65.5,7.1,224,2026-09-24 13:40:00,PT5M,78.35,100.0,96.5805,60.1195,43.7115
626,625,307,352,30,0.14,65.9,7.1,224,2026-09-24 13:45:00,PT5M,77.535,100.0,95.9152,59.1548,42.612
616,614,302,349,30,0.14,66.3,7.0,224,2026-09-24 13:50:00,PT5M,76.687,100.0,95.2201,58.1539,41.4735
605,604,296,347,30,0.14,66.6,7.0,224,2026-09-24 13:55:00,PT5M,75.803,100.0,94.4927,57.1133,40.292
594,593,290,344,30,0.14,67.0,7.0,224,2026-09-24 14:00:00,PT5M,74.885,100.0,93.7342,56.0358,39.071
583,582,284,341,30,0.14,67.3,7.0,223,2026-09-24 14:05:00,PT5M,73.939,100.0,92.9518,54.9262,37.814
572,570,279,338,30,0.14,67.7,6.9,223,2026-09-24 14:10:00,PT5M,72.971,100.0,92.1502,53.7918,36.53
560,559,273,334,30,0.14,68.0,6.9,223,2026-09-24 14:15:00,PT5M,71.969,100.0,91.3166,52.6214,35.208
548,547,267,330,30,0.14,68.4,6.9,223,2026-09-24 14:20:00,PT5M,70.897,100.0,90.418,51.376,33.8065
536,534,261,327,29,0.14,68.8,6.8,223,2026-09-24 14:25:00,PT5M,69.778,100.0,89.4753,50.0807,32.3525
523,522,254,322,29,0.14,69.1,6.8,223,2026-09-24 14:30:00,PT5M,68.623,100.0,88.4987,48.7473,30.8585
511,510,249,318,29,0.14,69.5,6.8,223,2026-09-24 14:35:00,PT5M,67.5,100.0,87.5473,47.4527,29.4095
498,497,244,313,29,0.14,69.9,6.8,222,2026-09-24 14:40:00,PT5M,66.408,100.0,86.6211,46.1949,28.0025
486,485,238,308,29,0.14,70.3,6.7,222,2026-09-24 14:45:00,PT5M,65.281,100.0,85.662,44.9,26.5565
473,472,233,303,29,0.14,70.6,6.7,222,2026-09-24 14:50:00,PT5M,64.117,100.0,84.6646,43.5694,25.076
461,460,228,297,29,0.14,71.0,6.7,222,2026-09-24 14:55:00,PT5M,62.915,100.0,83.4728,42.3572,23.8545
448,447,223,292,29,0.14,71.4,6.7,221,2026-09-24 15:00:00,PT5M,61.77,100.0,82.2991,41.2409,22.764
435,434,218,286,29,0.14,71.8,6.6,221,2026-09-24 15:05:00,PT5M,60.559,99.5255,81.0673,40.0507,21.5925
422,421,212,280,29,0.14,72.2,6.6,221,2026-09-24 15:10:00,PT5M,59.266,98.156,79.7341,38.7979,20.376
409,408,206,274,29,0.14,72.5,6.6,221,2026-09-24 15:15:00,PT5M,57.924,96.715,78.34,37.508,19.133
395,395,200,268,29,0.14,72.9,6.6,221,2026-09-24 15:20:00,PT5M,56.52,95.189,76.8718,36.1682,17.851
382,381,194,262,29,0.14,73.3,6.6,220,2026-09-24 15:25:00,PT5M,55.056,93.573,75.3278,34.7842,16.539
368,367,187,255,28,0.14,73.7,6.5,220,2026-09-24 15:30:00,PT5M,53.531,91.8745,73.7115,33.3505,15.1875
354,353,180,249,28,0.14,74.1,6.5,220,2026-09-24 15:35:00,PT5M,51.941,90.064,72.0054,31.8766,13.818
340,339,173,242,28,0.14,74.5,6.5,220,2026-09-24 15:40:00,PT5M,50.284,88.107,70.1905,30.3775,12.461
325,325,166,235,28,0.14,74.8,6.5,220,2026-09-24 15:45:00,PT5M,48.552,85.966,68.2433,28.8607,11.138
311,311,158,228,28,0.14,75.2,6.5,220,2026-09-24 15:50:00,PT5M,46.731,83.6475,66.1604,27.3016,9.8145
297,297,150,220,28,0.14,75.6,6.4,219,2026-09-24 15:55:00,PT5M,44.826,81.1625,63.9502,25.7018,8.4895
282,282,142,213,28,0.14,75.9,6.4,219,2026-09-24 16:00:00,PT5M,42.84,78.5235,61.6205,24.0595,7.1565
268,268,134,205,28,0.14,76.3,6.4,219,2026-09-24 16:05:00,PT5M,40.833,75.8285,59.2514,22.4146,5.8375
253,253,126,196,28,0.14,76.7,6.4,219,2026-09-24 16:10:00,PT5M,38.816,73.0995,56.8597,20.7723,4.5325
239,239,118,188,28,0.14,77.1,6.3,219,2026-09-24 16:15:00,PT5M,36.737,70.258,54.3793,19.0947,3.216
225,225,109,180,28,0.14,77.4,6.3,219,2026-09-24 16:20:00,PT5M,34.348,65.7345,50.8669,17.8291,2.9615
211,211,101,171,28,0.14,77.8,6.3,219,2026-09-24 16:25:00,PT5M,32.011,61.196,47.3713,16.6507,2.826
196,197,92,162,28,0.14,78.2,6.3,219,2026-09-24 16:30:00,PT5M,29.471,56.466,43.6787,15.2633,2.476
182,183,83,153,28,0.14,78.6,6.2,218,2026-09-24 16:35:00,PT5M,26.985,51.8525,40.0729,13.8971,2.1175
169,169,74,144,28,0.14,79.0,6.2,218,2026-09-24 16:40:00,PT5M,24.554,47.299,36.5249,12.5831,1.809
155,155,65,135,27,0.14,79.5,6.2,218,2026-09-24 16:45:00,PT5M,22.114,42.7535,32.9767,11.2513,1.4745
141,141,55,125,27,0.14,79.9,6.2,218,2026-09-24 16:50:00,PT5M,19.707,38.27,29.4768,9.9372,1.144
128,128,44,116,27,0.14,80.3,6.1,218,2026-09-24 16:55:00,PT5M,17.357,33.888,26.0574,8.6566,0.826
114,114,31,107,27,0.14,80.8,6.1,217,2026-09-24 17:00:00,PT5M,14.997,29.5755,22.6698,7.3242,0.4185
100,101,15,97,27,0.14,81.2,6.1,217,2026-09-24 17:05:00,PT5M,12.698,25.4445,19.4066,5.9894,0.0
87,87,0,87,27,0.14,81.6,6.1,217,2026-09-24 17:10:00,PT5M,10.439,21.442,16.23,4.648,0.0
74,75,0,75,27,0.14,82.1,6.0,217,2026-09-24 17:15:00,PT5M,8.828,18.1235,13.7203,3.9357,0.0
63,63,0,63,27,0.14,82.5,6.0,217,2026-09-24 17:20:00,PT5M,7.387,14.997,11.3922,3.3818,0.0
51,51,0,51,27,0.14,83.0,6.0,216,2026-09-24 17:25:00,PT5M,6.0,11.9815,9.1481,2.8519,0.0185
41,41,0,41,27,0.14,83.4,6.0,216,2026-09-24 17:30:00,PT5M,4.61,9.055,6.9494,2.2706,0.165
31,32,0,32,27,0.14,83.7,5.9,216,2026-09-24 17:35:00,PT5M,3.398,6.559,5.0617,1.7343,0.237
23,23,0,23,27,0.14,83.8,5.9,216,2026-09-24 17:40:00,PT5M,2.331,4.3995,3.4197,1.2423,0.2625
15,15,0,15,27,0.14,83.8,5.9,216,2026-09-24 17:45:00,PT5M,1.354,2.5765,1.9974,0.7106,0.1315
9,9,0,9,27,0.14,83.9,5.9,216,2026-09-24 17:50:00,PT5M,0.47,1.011,0.7547,0.1853,0.0
3,3,0,3,27,0.14,84.0,5.9,216,2026-09-24 17:55:00,PT5M,0.0,0.0,0.0,0.0,0.0
0,0,0,0,27,0.14,84.1,5.9,216,2026-09-24 18:00:00,PT5M,0.0,0.0,0.0,0.0,0.0
0,0,0,0,27,0.14,84.2,5.9,216,2026-09-24 18:05:00,PT5M,0.0,0.0,0.0,0.0,0.0
0,0,0,0,26,0.14,84.2,5.9,216,2026-09-24 18:10:00,PT5M,0.0,0.0,0.0,0.0,0.0
0,0,0,0,26,0.14,84.3,5.9,216,2026-09-24 18:15:00,PT5M,0.0,0.0,0.0,0.0,0.0
0,0,0,0,26,0.14,84.4,5.9,216,2026-09-24 18:20:00,PT5M,0.0,0.0,0.0,0.0,0.0
0,0,0,0,26,0.14,84.5,5.9,216,2026-09-24 18:25:00,PT5M,0.0,0.0,0.0,0.0,0.0
0,0,0,0,26,0.14,84.6,5.9,216,2026-09-24 18:30:00,PT5M,0.0,0.0,0.0,0.0,0.0
0,0,0,0,26,0.14,84.6,5.9,216,2026-09-24 18:35:00,PT5M,0.0,0.0,0.0,0.0,0.0
0,0,0,0,26,0.14,84.7,5.9,216,2026-09-24 18:40:00,PT5M,0.0,0.0,0.0,0.0,0.0
0,0,0,0,26,0.14,84.7,5.9,216,2026-09-24 18:45:00,PT5M,0.0,0.0,0.0,0.0,0.0
0,0,0,0,26,0.14,84.8,5.9,216,2026-09-24 18:50:00,PT5M,0.0,0.0,0.0,0.0,0.0
0,0,0,0,26,0.14,84.8,5.9,216,2026-09-24 18:55:00,PT5M,0.0,0.0,0.0,0.0,0.0
0,0,0,0,26,0.14,84.8,5.9,216,2026-09-24 19:00:00,PT5M,0.0,0.0,0.0,0.0,0.0
0,0,0,0,26,0.14,84.9,5.9,216,2026-09-24 19:05:00,PT5M,0.0,0.0,0.0,0.0,0.0
0,0,0,0,26,0.14,84.9,5.9,216,2026-09-24 19:10:00,PT5M,0.0,0.0,0.0,0.0,0.0
0,0,0,0,26,0.14,85.0,5.9,217,2026-09-24 19:15:00,PT5M,0.0,0.0,0.0,0.0,0.0
0,0,0,0,26,0.14,85.0,5.9,217,2026-09-24 19:20:00,PT5M,0.0,0.0,0.0,0.0,0.0
0,0,0,0,26,0.14,85.0,5.9,217,2026-09-24 19:25:00,PT5M,0.0,0.0,0.0,0.0,0.0
0,0,0,0,26,0.14,85.1,5.9,217,2026-09-24 19:30:00,PT5M,0.0,0.0,0.0,0.0,0.0
0,0,0,0,26,0.14,85.1,5.9,217,2026-09-24 19:35:00,PT5M,0.0,0.0,0.0,0.0,0.0
0,0,0,0,26,0.14,85.2,5.9,217,2026-09-24 19:40:00,PT5M,0.0,0.0,0.0,0.0,0.0
0,0,0,0,26,0.14,85.3,5.9,217,2026-09-24 19:45:00,PT5M,0.0,0.0,0.0,0.0,0.0
0,0,0,0,26,0.14,85.4,5.9,217,2026-09-24 19:50:00,PT5M,0.0,0.0,0.0,0.0,0.0
0,0,0,0,26,0.14,85.5,5.9,217,2026-09-24 19:55:00,PT5M,0.0,0.0,0.0,0.0,0.0
0,0,0,0,26,0.14,85.5,5.9,217,2026-09-24 20:00:00,PT5M,0.0,0.0,0.0,0.0,0.0
0,0,0,0,26,0.14,85.6,5.9,217,2026-09-24 20:05:00,PT5M,0.0,0.0,0.0,0.0,0.0
0,0,0,0,26,0.14,85.7,5.9,217,2026-09-24 20:10:00,PT5M,0.0,0.0,0.0,0.0,0.0
0,0,0,0,26,0.14,85.8,5.9,217,2026-09-24 20:15:00,PT5M,0.0,0.0,0.0,0.0,0.0
0,0,0,0,26,0.14,85.9,5.9,217,2026-09-24 20:20:00,PT5M,0.0,0.0,0.0,0.0,0.0
0,0,0,0,26,0.14,86.0,5.9,217,2026-09-24 20:25:00,PT5M,0.0,0.0,0.0,0.0,0.0
0,0,0,0,26,0.14,86.0,5.9,217,2026-09-24 20:30:00,PT5M,0.0,0.0,0.0,0.0,0.0
0,0,0,0,26,0.14,86.2,5.9,217,2026-09-24 20:35:00,PT5M,0.0,0.0,0.0,0.0,0.0
0,0,0,0,26,0.14,86.3,5.9,217,2026-09-24 20:40:00,PT5M,0.0,0.0,0.0,0.0,0.0
0,0,0,0,26,0.14,86.4,5.8,217,2026-09-24 20:45:00,PT5M,0.0,0.0,0.0,0.0,0.0
0,0,0,0,26,0.14,86.5,5.8,217,2026-09-24 20:50:00,PT5M,0.0,0.0,0.0,0.0,0.0
0,0,0,0,26,0.14,86.7,5.8,217,2026-09-24 20:55:00,PT5M,0.0,0.0,0.0,0.0,0.0
0,0,0,0,25,0.14,86.8,5.8,217,2026-09-24 21:00:00,PT5M,0.0,0.0,0.0,0.0,0.0
0,0,0,0,25,0.14,86.9,5.8,217,2026-09-24 21:05:00,PT5M,0.0,0.0,0.0,0.0,0.0
0,0,0,0,25,0.14,87.0,5.8,217,2026-09-24 21:10:00,PT5M,0.0,0.0,0.0,0.0,0.0
0,0,0,0,25,0.14,87.2,5.8,217,2026-09-24 21:15:00,PT5M,0.0,0.0,0.0,0.0,0.0
0,0,0,0,25,0.14,87.3,5.8,217,2026-09-24 21:20:00,PT5M,0.0,0.0,0.0,0.0,0.0
0,0,0,0,25,0.14,87.4,5.8,217,2026-09-24 21:25:00,PT5M,0.0,0.0,0.0,0.0,0.0
0,0,0,0,25,0.14,87.6,5.8,217,2026-09-24 21:30:00,PT5M,0.0,0.0,0.0,0.0,0.0
0,0,0,0,25,0.14,87.7,5.8,217,2026-09-24 21:35:00,PT5M,0.0,0.0,0.0,0.0,0.0
0,0,0,0,25,0.14,87.8,5.8,217,2026-09-24 21:40:00,PT5M,0.0,0.0,0.0,0.0,0.0
0,0,0,0,25,0.14,87.8,5.8,217,2026-09-24 21:45:00,PT5M,0.0,0.0,0.0,0.0,0.0
0,0,0,0,25,0.14,87.9,5.8,217,2026-09-24 21:50:00,PT5M,0.0,0.0,0.0,0.0,0.0
0,0,0,0,25,0.14,88.0,5.8,217,2026-09-24 21:55:00,PT5M,0.0,0.0,0.0,0.0,0.0
0,0,0,0,25,0.14,88.1,5.7,218,2026-09-24 22:00:00,PT5M,0.0,0.0,0.0,0.0,0.0
0,0,0,0,25,0.14,88.2,5.7,218,2026-09-24 22:05:00,PT5M,0.0,0.0,0.0,0.0,0.0
0,0,0,0,25,0.14,88.3,5.7,218,2026-09-24 22:10:00,PT5M,0.0,0.0,0.0,0.0,0.0
0,0,0,0,25,0.14,88.4,5.7,218,2026-09-24 22:15:00,PT5M,0.0,0.0,0.0,0.0,0.0
0,0,0,0,25,0.14,88.4,5.7,218,2026-09-24 22:20:00,PT5M,0.0,0.0,0.0,0.0,0.0
0,0,0,0,25,0.14,88.5,5.7,218,2026-09-24 22:25:00,PT5M,0.0,0.0,0.0,0.0,0.0
0,0,0,0,25,0.14,88.6,5.7,218,2026-09-24 22:30:00,PT5M,0.0,0.0,0.0,0.0,0.0
0,0,0,0,25,0.14,88.7,5.7,218,2026-09-24 22:35:00,PT5M,0.0,0.0,0.0,0.0,0.0
0,0,0,0,25,0.14,88.8,5.7,218,2026-09-24 22:40:00,PT5M,0.0,0.0,0.0,0.0,0.0
0,0,0,0,25,0.14,88.9,5.7,218,2026-09-24 22:45:00,PT5M,0.0,0.0,0.0,0.0,0.0
0,0,0,0,25,0.14,89.0,5.7,218,2026-09-24 22:50:00,PT5M,0.0,0.0,0.0,0.0,0.0
0,0,0,0,25,0.14,89.1,5.7,218,2026-09-24 22:55:00,PT5M,0.0,0.0,0.0,0.0,0.0
0,0,0,0,25,0.14,89.1,5.7,218,2026-09-24 23:00:00,PT5M,0.0,0.0,0.0,0.0,0.0
0,0,0,0,25,0.14,89.2,5.7,218,2026-09-24 23:05:00,PT5M,0.0,0.0,0.0,0.0,0.0
0,0,0,0,25,0.14,89.3,5.7,218,2026-09-24 23:10:00,PT5M,0.0,0.0,0.0,0.0,0.0
0,0,0,0,25,0.14,89.4,5.7,218,2026-09-24 23:15:00,PT5M,0.0,0.0,0.0,0.0,0.0
0,0,0,0,25,0.14,89.5,5.7,218,2026-09-24 23:20:00,PT5M,0.0,0.0,0.0,0.0,0.0
0,0,0,0,25,0.14,89.6,5.8,219,2026-09-24 23:25:00,PT5M,0.0,0.0,0.0,0.0,0.0
0,0,0,0,24,0.14,89.7,5.8,219,2026-09-24 23:30:00,PT5M,0.0,0.0,0.0,0.0,0.0
0,0,0,0,24,0.14,89.7,5.8,219,2026-09-24 23:35:00,PT5M,0.0,0.0,0.0,0.0,0.0
0,0,0,0,24,0.14,89.6,5.8,219,2026-09-24 23:40:00,PT5M,0.0,0.0,0.0,0.0,0.0
0,0,0,0,24,0.14,89.6,5.8,219,2026-09-24 23:45:00,PT5M,0.0,0.0,0.0,0.0,0.0
0,0,0,0,24,0.14,89.6,5.8,219,2026-09-24 23:50:00,PT5M,0.0,0.0,0.0,0.0,0.0
0,0,0,0,24,0.14,89.5,5.8,219,2026-09-24 23:55:00,PT5M,0.0,0.0,0.0,0.0,0.0
0,0,0,0,24,0.14,89.5,5.8,219,2026-09-25 00:00:00,PT5M,0.0,0.0,0.0,0.0,0.0
0,0,0,0,25,0.14,89.4,5.8,219,2026-09-25 00:05:00,PT5M,0.0,0.0,0.0,0.0,0.0
0,0,0,0,25,0.14,89.4,5.8,219,2026-09-25 00:10:00,PT5M,0.0,0.0,0.0,0.0,0.0
0,0,0,0,25,0.14,89.3,5.8,219,2026-09-25 00:15:00,PT5M,0.0,0.0,0.0,0.0,0.0
0,0,0,0,25,0.14,89.3,5.8,219,2026-09-25 00:20:00,PT5M,0.0,0.0,0.0,0.0,0.0
0,0,0,0,25,0.14,89.2,5.8,219,2026-09-25 00:25:00,PT5M,0.0,0.0,0.0,0.0,0.0
0,0,0,0,25,0.14,89.2,5.8,219,2026-09-25 00:30:00,PT5M,0.0,0.0,0.0,0.0,0.0
0,0,0,0,25,0.14,89.2,5.8,219,2026-09-25 00:35:00,PT5M,0.0,0.0,0.0,0.0,0.0
0,0,0,0,25,0.14,89.2,5.8,220,2026-09-25 00:40:00,PT5M,0.0,0.0,0.0,0.0,0.0
0,0,0,0,25,0.14,89.2,5.8,220,2026-09-25 00:45:00,PT5M,0.0,0.0,0.0,0.0,0.0
0,0,0,0,25,0.14,89.2,5.8,220,2026-09-25 00:50:00,PT5M,0.0,0.0,0.0,0.0,0.0
0,0,0,0,25,0.14,89.2,5.8,220,2026-09-25 00:55:00,PT5M,0.0,0.0,0.0,0.0,0.0
0,0,0,0,25,0.14,89.2,5.8,220,2026-09-25 01:00:00,PT5M,0.0,0.0,0.0,0.0,0.0
0,0,0,0,25,0.14,89.2,5.8,220,2026-09-25 01:05:00,PT5M,0.0,0.0,0.0,0.0,0.0
0,0,0,0,25,0.14,89.2,5.8,220,2026-09-25 01:10:00,PT5M,0.0,0.0,0.0,0.0,0.0
0,0,0,0,25,0.14,89.2,5.8,220,2026-09-25 01:15:00,PT5M,0.0,0.0,0.0,0.0,0.0
0,0,0,0,25,0.14,89.2,5.8,221,2026-09-25 01:20:00,PT5M,0.0,0.0,0.0,0.0,0.0
0,0,0,0,25,0.14,89.2,5.8,221,2026-09-25 01:25:00,PT5M,0.0,0.0,0.0,0.0,0.0
0,0,0,0,25,0.14,89.2,5.8,221,2026-09-25 01:30:00,PT5M,0.0,0.0,0.0,0.0,0.0
0,0,0,0,25,0.14,89.2,5.8,221,2026-09-25 01:35:00,PT5M,0.0,0.0,0.0,0.0,0.0
0,0,0,0,25,0.14,89.2,5.8,221,2026-09-25 01:40:00,PT5M,0.0,0.0,0.0,0.0,0.0
0,0,0,0,25,0.14,89.2,5.8,221,2026-09-25 01:45:00,PT5M,0.0,0.0,0.0,0.0,0.0
0,0,0,0,25,0.14,89.2,5.8,221,2026-09-25 01:50:00,PT5M,0.0,0.0,0.0,0.0,0.0
0,0,0,0,25,0.14,89.2,5.8,221,2026-09-25 01:55:00,PT5M,0.0,0.0,0.0,0.0,0.0
0,0,0,0,25,0.14,89.2,5.8,221,2026-09-25 02:00:00,PT5M,0.0,0.0,0.0,0.0,0.0
0,0,0,0,25,0.14,89.2,5.8,221,2026-09-25 02:05:00,PT5M,0.0,0.0,0.0,0.0,0.0
0,0,0,0,25,0.14,89.2,5.9,221,2026-09-25 02:10:00,PT5M,0.0,0.0,0.0,0.0,0.0
0,0,0,0,25,0.14,89.2,5.9,221,2026-09-25 02:15:00,PT5M,0.0,0.0,0.0,0.0,0.0
0,0,0,0,25,0.14,89.2,5.9,221,2026-09-25 02:20:00,PT5M,0.0,0.0,0.0,0.0,0.0
0,0,0,0,25,0.14,89.2,5.9,221,2026-09-25 02:25:00,PT5M,0.0,0.0,0.0,0.0,0.0
0,0,0,0,25,0.14,89.2,5.9,222,2026-09-25 02:30:00,PT5M,0.0,0.0,0.0,0.0,0.0
0,0,0,0,25,0.14,89.2,5.9,222,2026-09-25 02:35:00,PT5M,0.0,0.0,0.0,0.0,0.0
0,0,0,0,25,0.14,89.1,5.9,222,2026-09-25 02:40:00,PT5M,0.0,0.0,0.0,0.0,0.0
0,0,0,0,25,0.14,89.1,5.9,222,2026-09-25 02:45:00,PT5M,0.0,0.0,0.0,0.0,0.0
0,0,0,0,25,0.14,89.0,5.9,222,2026-09-25 02:50:00,PT5M,0.0,0.0,0.0,0.0,0.0
0,0,0,0,25,0.14,89.0,5.9,222,2026-09-25 02:55:00,PT5M,0.0,0.0,0.0,0.0,0.0
0,0,0,0,25,0.14,88.9,5.8,222,2026-09-25 03:00:00,PT5M,0.0,0.0,0.0,0.0,0.0
0,0,0,0,25,0.14,88.9,5.8,222,2026-09-25 03:05:00,PT5M,0.0,0.0,0.0,0.0,0.0
0,0,0,0,25,0.14,88.9,5.8,222,2026-09-25 03:10:00,PT5M,0.0,0.0,0.0,0.0,0.0
0,0,0,0,25,0.14,88.8,5.8,222,2026-09-25 03:15:00,PT5M,0.0,0.0,0.0,0.0,0.0
0,0,0,0,25,0.14,88.8,5.8,222,2026-09-25 03:20:00,PT5M,0.0,0.0,0.0,0.0,0.0
0,0,0,0,25,0.14,88.7,5.8,222,2026-09-25 03:25:00,PT5M,0.0,0.0,0.0,0.0,0.0
0,0,0,0,25,0.14,88.7,5.8,222,2026-09-25 03:30:00,PT5M,0.0,0.0,0.0,0.0,0.0
0,0,0,0,25,0.14,88.7,5.8,222,2026-09-25 03:35:00,PT5M,0.0,0.0,0.0,0.0,0.0
0,0,0,0,25,0.14,88.7,5.8,222,2026-09-25 03:40:00,PT5M,0.0,0.0,0.0,0.0,0.0
0,0,0,0,25,0.14,88.7,5.8,222,2026-09-25 03:45:00,PT5M,0.0,0.0,0.0,0.0,0.0
0,0,0,0,25,0.14,88.7,5.8,223,2026-09-25 03:50:00,PT5M,0.0,0.0,0.0,0.0,0.0
0,0,0,0,25,0.14,88.7,5.8,223,2026-09-25 03:55:00,PT5M,0.0,0.0,0.0,0.0,0.0
0,0,0,0,25,0.14,88.7,5.8,223,2026-09-25 04:00:00,PT5M,0.0,0.0,0.0,0.0,0.0
0,0,0,0,25,0.14,88.7,5.8,223,2026-09-25 04:05:00,PT5M,0.0,0.0,0.0,0.0,0.0
0,0,0,0,25,0.14,88.7,5.8,223,2026-09-25 04:10:00,PT5M,0.0,0.0,0.0,0.0,0.0
0,0,0,0,25,0.14,88.7,5.8,223,2026-09-25 04:15:00,PT5M,0.0,0.0,0.0,0.0,0.0
0,0,0,0,25,0.14,88.7,5.8,223,2026-09-25 04:20:00,PT5M,0.0,0.0,0.0,0.0,0.0
0,0,0,0,25,0.14,88.7,5.8,223,2026-09-25 04:25:00,PT5M,0.0,0.0,0.0,0.0,0.0
0,0,0,0,25,0.14,88.7,5.8,224,2026-09-25 04:30:00,PT5M,0.0,0.0,0.0,0.0,0.0
0,0,0,0,25,0.14,88.6,5.8,224,2026-09-25 04:35:00,PT5M,0.0,0.0,0.0,0.0,0.0
0,0,0,0,25,0.14,88.6,5.8,224,2026-09-25 04:40:00,PT5M,0.0,0.0,0.0,0.0,0.0
0,0,0,0,25,0.14,88.5,5.8,224,2026-09-25 04:45:00,PT5M,0.0,0.0,0.0,0.0,0.0
0,0,0,0,25,0.14,88.5,5.8,224,2026-09-25 04:50:00,PT5M,0.0,0.0,0.0,0.0,0.0
0,0,0,0,25,0.14,88.5,5.8,224,2026-09-25 04:55:00,PT5M,0.0,0.0,0.0,0.0,0.0
0,0,0,0,25,0.14,88.4,5.8,224,2026-09-25 05:00:00,PT5M,0.0,0.0,0.0,0.0,0.0
0,0,0,0,25,0.14,88.4,5.8,224,2026-09-25 05:05:00,PT5M,0.0,0.0,0.0,0.0,0.0
0,0,0,0,25,0.14,88.3,5.8,224,2026-09-25 05:10:00,PT5M,0.0,0.0,0.0,0.0,0.0
0,0,0,0,25,0.14,88.3,5.8,224,2026-09-25 05:15:00,PT5M,0.0,0.0,0.0,0.0,0.0
0,0,0,0,25,0.14,88.2,5.9,224,2026-09-25 05:20:00,PT5M,0.0,0.0,0.0,0.0,0.0
0,0,0,0,25,0.14,88.2,5.9,224,2026-09-25 05:25:00,PT5M,0.0,0.0,0.0,0.0,0.0
0,0,0,0,25,0.14,88.1,5.9,224,2026-09-25 05:30:00,PT5M,0.0,0.0,0.0,0.0,0.0
0,0,0,0,25,0.14,88.0,5.9,224,2026-09-25 05:35:00,PT5M,0.0,0.0,0.0,0.0,0.0
0,0,0,0,25,0.14,87.7,5.9,224,2026-09-25 05:40:00,PT5M,0.0,0.0,0.0,0.0,0.0
0,0,0,0,25,0.14,87.4,5.9,224,2026-09-25 05:45:00,PT5M,0.0,0.0,0.0,0.0,0.0
0,0,0,0,25,0.14,87.1,5.9,224,2026-09-25 05:50:00,PT5M,0.0,0.0,0.0,0.0,0.0
0,0,0,0,25,0.14,86.8,5.9,224,2026-09-25 05:55:00,PT5M,0.0,0.0,0.0,0.0,0.0
1,1,0,1,25,0.14,86.5,6.0,224,2026-09-25 06:00:00,PT5M,0.0,0.0,0.0,0.0,0.0
6,6,0,6,25,0.14,86.2,6.0,224,2026-09-25 06:05:00,PT5M,0.139,0.473,0.3148,0.0,0.0
12,12,0,12,25,0.14,85.9,6.0,224,2026-09-25 06:10:00,PT5M,0.957,1.9735,1.492,0.422,0.0
19,19,0,19,25,0.14,85.6,6.0,224,2026-09-25 06:15:00,PT5M,1.864,3.773,2.8687,0.8593,0.0
27,27,0,27,25,0.14,85.3,6.0,224,2026-09-25 06:20:00,PT5M,2.855,6.0205,4.521,1.189,0.0
36,36,0,36,26,0.14,85.0,6.1,224,2026-09-25 06:25:00,PT5M,3.948,8.512,6.3501,1.5459,0.0
45,46,0,46,26,0.14,84.7,6.1,224,2026-09-25 06:30:00,PT5M,5.255,11.487,8.5349,1.9751,0.0
56,57,0,57,26,0.14,84.4,6.1,224,2026-09-25 06:35:00,PT5M,6.66,14.7175,10.9007,2.4193,0.0
69,69,0,69,26,0.14,84.2,6.1,224,2026-09-25 06:40:00,PT5M,8.124,18.0745,13.361,2.887,0.0
82,82,0,82,26,0.14,83.9,6.1,223,2026-09-25 06:45:00,PT5M,9.752,21.6075,15.9916,3.5124,0.0
95,96,17,92,26,0.14,83.7,6.1,223,2026-09-25 06:50:00,PT5M,12.187,25.9575,19.4345,4.9395,0.0
110,110,38,101,26,0.14,83.4,6.1,223,2026-09-25 06:55:00,PT5M,14.842,30.6115,23.1416,6.5424,0.0
125,125,59,110,26,0.14,83.2,6.1,223,2026-09-25 07:00:00,PT5M,17.759,35.589,27.1431,8.3749,0.0
140,140,77,118,26,0.14,82.9,6.2,223,2026-09-25 07:05:00,PT5M,20.666,40.6165,31.1661,10.1659,0.7155
155,156,94,127,26,0.14,82.7,6.2,223,2026-09-25 07:10:00,PT5M,23.609,45.6915,35.2312,11.9868,1.5265
171,171,111,135,26,0.14,82.5,6.2,223,2026-09-25 07:15:00,PT5M,26.793,51.023,39.5454,14.0406,2.563
187,187,127,143,26,0.14,82.2,6.2,223,2026-09-25 07:20:00,PT5M,30.096,56.479,43.9816,16.2104,3.713
204,203,144,150,26,0.14,82.0,6.2,223,2026-09-25 07:25:00,PT5M,33.518,62.0495,48.5343,18.5017,4.9865
220,220,161,158,26,0.14,81.7,6.2,222,2026-09-25 07:30:00,PT5M,37.058,67.7345,53.2033,20.9127,6.3815
237,236,175,165,26,0.14,81.5,6.2,222,2026-09-25 07:35:00,PT5M,40.524,73.3765,57.8145,23.2335,7.6715
253,252,188,172,27,0.14,81.2,6.2,222,2026-09-25 07:40:00,PT5M,43.87,79.0275,62.3736,25.3664,8.7125
269,269,201,179,27,0.14,80.9,6.3,222,2026-09-25 07:45:00,PT5M,46.618,82.904,65.7156,27.5204,10.332
286,285,214,185,27,0.14,80.6,6.3,222,2026-09-25 07:50:00,PT5M,49.085,85.9715,68.4986,29.6714,12.1985
302,301,226,192,27,0.14,80.4,6.3,222,2026-09-25 07:55:00,PT5M,51.428,88.862,71.1298,31.7262,13.994
319,318,239,198,27,0.14,80.1,6.3,222,2026-09-25 08:00:00,PT5M,53.766,91.688,73.7246,33.8074,15.844
335,334,251,204,27,0.14,79.8,6.3,222,2026-09-25 08:05:00,PT5M,56.0,94.3345,76.1757,35.8243,17.6655
352,351,262,209,27,0.14,79.5,6.3,222,2026-09-25 08:10:00,PT5M,58.121,96.7855,78.4704,37.7716,19.4565
369,368,274,215,27,0.14,79.3,6.3,222,2026-09-25 08:15:00,PT5M,60.15,99.059,80.6281,39.6719,21.241
385,384,285,220,27,0.14,79.0,6.3,222,2026-09-25 08:20:00,PT5M,62.08,100.0,82.6718,41.4882,22.955
402,401,296,225,27,0.14,78.7,6.4,222,2026-09-25 08:25:00,PT5M,63.917,100.0,84.5346,43.2994,24.743
418,417,307,230,27,0.14,78.5,6.4,222,2026-09-25 08:30:00,PT5M,65.687,100.0,86.3064,45.0676,26.5095
435,433,317,234,27,0.14,78.2,6.4,222,2026-09-25 08:35:00,PT5M,67.32,100.0,87.9281,46.7119,28.164
450,449,326,239,27,0.14,78.0,6.4,222,2026-09-25 08:40:00,PT5M,68.822,100.0,89.4096,48.2344,29.705
466,464,335,243,27,0.14,77.8,6.4,222,2026-09-25 08:45:00,PT5M,70.265,100.0,90.8215,49.7085,31.207
482,480,343,248,27,0.14,77.5,6.4,222,2026-09-25 08:50:00,PT5M,71.66,100.0,92.1094,51.2106,32.8055
497,495,352,252,28,0.14,77.3,6.4,222,2026-09-25 08:55:00,PT5M,73.009,100.0,93.2402,52.7778,34.569
513,511,361,255,28,0.14,77.1,6.4,222,2026-09-25 09:00:00,PT5M,74.318,100.0,94.3311,54.3049,36.2925
528,526,371,258,28,0.14,76.9,6.5,222,2026-09-25 09:05:00,PT5M,75.728,100.0,95.5169,55.9391,38.1285
544,542,381,261,28,0.14,76.7,6.5,222,2026-09-25 09:10:00,PT5M,77.103,100.0,96.6672,57.5388,39.9305
560,557,392,263,28,0.14,76.4,6.5,222,2026-09-25 09:15:00,PT5M,78.435,100.0,97.7749,59.0951,41.6885
575,573,402,265,28,0.14,76.2,6.5,222,2026-09-25 09:20:00,PT5M,79.726,100.0,98.8423,60.6097,43.4045
591,588,413,267,28,0.14,76.0,6.5,221,2026-09-25 09:25:00,PT5M,80.976,100.0,99.8699,62.0821,45.077
606,603,423,268,28,0.14,75.8,6.5,221,2026-09-25 09:30:00,PT5M,82.187,100.0,100.0,63.5147,46.709
620,617,432,269,28,0.14,75.5,6.5,221,2026-09-25 09:35:00,PT5M,83.291,100.0,100.0,64.8118,48.18
634,631,441,271,28,0.14,75.3,6.5,221,2026-09-25 09:40:00,PT5M,84.291,100.0,100.0,65.9747,49.4895
647,644,448,272,28,0.14,75.0,6.5,221,2026-09-25 09:45:00,PT5M,85.208,100.0,100.0,67.0472,50.702
660,657,456,274,28,0.14,74.8,6.6,221,2026-09-25 09:50:00,PT5M,86.085,100.0,100.0,68.0748,51.865
673,670,463,275,28,0.14,74.5,6.6,221,2026-09-25 09:55:00,PT5M,86.931,100.0,100.0,69.0668,52.9885
685,682,470,276,28,0.14,74.3,6.6,221,2026-09-25 10:00:00,PT5M,87.745,100.0,100.0,70.0203,54.0675
697,694,477,277,28,0.14,74.0,6.6,221,2026-09-25 10:05:00,PT5M,88.516,100.0,100.0,70.9247,55.092
709,705,484,278,29,0.14,73.8,6.6,221,2026-09-25 10:10:00,PT5M,89.248,100.0,100.0,71.7841,56.066
720,717,490,278,29,0.14,73.5,6.6,221,2026-09-25 10:15:00,PT5M,89.95,100.0,100.0,72.6087,57.001
731,727,497,279,29,0.14,73.3,6.6,221,2026-09-25 10:20:00,PT5M,90.624,100.0,100.0,73.4006,57.899
742,738,503,279,29,0.14,73.0,6.6,221,2026-09-25 10:25:00,PT5M,91.274,100.0,100.0,74.1643,58.765
752,748,510,279,29,0.14,72.8,6.7,221,2026-09-25 10:30:00,PT5M,91.898,100.0,100.0,74.8978,59.597
760,756,511,282,29,0.14,72.6,6.7,221,2026-09-25 10:35:00,PT5M,92.184,100.0,100.0,75.2569,60.022
764,760,507,286,29,0.14,72.4,6.7,221,2026-09-25 10:40:00,PT5M,92.139,100.0,100.0,75.2474,60.0445
768,764,502,290,29,0.14,72.1,6.7,221,2026-09-25 10:45:00,PT5M,92.075,100.0,100.0,75.2126,60.036
771,767,498,295,29,0.14,71.9,6.7,221,2026-09-25 10:50:00,PT5M,91.987,100.0,100.0,75.1457,59.988
774,770,493,299,29,0.14,71.7,6.7,221,2026-09-25 10:55:00,PT5M,91.873,100.0,100.0,75.0406,59.891
776,772,489,303,29,0.14,71.5,6.8,221,2026-09-25 11:00:00,PT5M,91.725,100.0,100.0,74.8848,59.728
778,774,484,307,29,0.14,71.3,6.8,221,2026-09-25 11:05:00,PT5M,91.571,100.0,100.0,74.731,59.5745
780,776,479,311,29,0.14,71.1,6.8,221,2026-09-25 11:10:00,PT5M,91.398,100.0,100.0,74.5588,59.403
781,777,473,315,29,0.14,70.9,6.8,221,2026-09-25 11:15:00,PT5M,91.197,100.0,100.0,74.3457,59.179
781,777,468,319,29,0.14,70.7,6.8,221,2026-09-25 11:20:00,PT5M,90.972,100.0,100.0,74.0991,58.913
781,777,462,323,30,0.14,70.5,6.8,221,2026-09-25 11:25:00,PT5M,90.724,100.0,100.0,73.8224,58.6105
781,777,457,327,30,0.14,70.3,6.9,221,2026-09-25 11:30:00,PT5M,90.454,100.0,100.0,73.518,58.275
780,776,451,330,30,0.14,70.3,6.9,221,2026-09-25 11:35:00,PT5M,90.18,100.0,100.0,73.2176,57.951
778,774,446,334,30,0.14,70.6,6.9,221,2026-09-25 11:40:00,PT5M,89.899,100.0,100.0,72.9172,57.633
776,773,440,337,30,0.14,70.8,6.8,221,2026-09-25 11:45:00,PT5M,89.591,100.0,100.0,72.5836,57.2765
774,770,434,340,29,0.14,71.1,6.8,221,2026-09-25 11:50:00,PT5M,89.255,100.0,100.0,72.2161,56.8805
771,767,428,343,29,0.14,71.3,6.8,221,2026-09-25 11:55:00,PT5M,88.89,100.0,100.0,71.8134,56.444
768,764,422,346,29,0.14,71.5,6.8,221,2026-09-25 12:00:00,PT5M,88.538,100.0,100.0,71.4175,56.0085
764,760,416,348,29,0.14,71.8,6.8,220,2026-09-25 12:05:00,PT5M,88.238,100.0,100.0,71.068,55.6145
760,756,410,350,29,0.14,72.0,6.7,220,2026-09-25 12:10:00,PT5M,87.913,100.0,100.0,70.6885,55.186
755,752,404,352,29,0.14,72.3,6.7,220,2026-09-25 12:15:00,PT5M,87.558,100.0,100.0,70.273,54.716
750,747,397,354,29,0.14,72.5,6.7,220,2026-09-25 12:20:00,PT5M,87.172,100.0,100.0,69.8212,54.205
745,741,391,356,29,0.14,72.7,6.7,220,2026-09-25 12:25:00,PT5M,86.756,100.0,100.0,69.3339,53.6535
739,736,385,357,29,0.14,73.0,6.7,220,2026-09-25 12:30:00,PT5M,86.311,100.0,100.0,68.8131,53.0645
732,729,378,359,29,0.14,73.3,6.7,220,2026-09-25 12:35:00,PT5M,85.779,100.0,100.0,68.1898,52.359
724,721,370,360,29,0.14,73.5,6.7,220,2026-09-25 12:40:00,PT5M,85.159,100.0,100.0,67.4627,51.5355
716,713,362,362,29,0.14,73.8,6.7,220,2026-09-25 12:45:00,PT5M,84.506,100.0,100.0,66.6968,50.668
708,705,354,363,29,0.14,74.1,6.7,220,2026-09-25 12:50:00,PT5M,83.81,100.0,100.0,65.8761,49.735
699,696,346,364,29,0.14,74.4,6.6,220,2026-09-25 12:55:00,PT5M,83.048,100.0,100.0,64.9888,48.735
690,687,337,364,29,0.14,74.7,6.6,220,2026-09-25 13:00:00,PT5M,82.315,100.0,100.0,64.1392,47.7805
680,678,329,365,29,0.14,75.0,6.6,220,2026-09-25 13:05:00,PT5M,81.544,100.0,99.8408,63.2472,46.7795
671,668,321,365,29,0.14,75.3,6.6,220,2026-09-25 13:10:00,PT5M,80.71,100.0,99.1413,62.2787,45.69
661,658,313,365,28,0.14,75.6,6.6,220,2026-09-25 13:15:00,PT5M,79.837,100.0,98.4077,61.2663,44.552
650,648,304,365,28,0.14,75.9,6.6,220,2026-09-25 13:20:00,PT5M,78.928,100.0,97.6414,60.2146,43.372
640,638,296,365,28,0.14,76.2,6.6,220,2026-09-25 13:25:00,PT5M,77.986,100.0,96.8446,59.1274,42.154
629,627,288,364,28,0.14,76.5,6.6,220,2026-09-25 13:30:00,PT5M,77.011,100.0,96.0165,58.0055,40.9
621,619,284,361,28,0.14,76.7,6.6,219,2026-09-25 13:35:00,PT5M,76.364,100.0,95.47,57.258,40.062
615,613,285,357,28,0.14,76.9,6.6,219,2026-09-25 13:40:00,PT5M,76.055,100.0,95.2173,56.8927,39.646
609,607,286,353,28,0.14,77.2,6.6,219,2026-09-25 13:45:00,PT5M,75.72,100.0,94.9431,56.4969,39.1955
602,600,287,349,28,0.14,77.4,6.6,219,2026-09-25 13:50:00,PT5M,75.359,100.0,94.6479,56.0701,38.7095
595,593,287,345,28,0.14,77.6,6.6,219,2026-09-25 13:55:00,PT5M,74.972,100.0,94.3317,55.6123,38.188
588,586,288,340,28,0.14,77.8,6.5,219,2026-09-25 14:00:00,PT5M,74.559,100.0,93.9947,55.1233,37.6305
580,579,288,335,28,0.14,78.1,6.5,219,2026-09-25 14:05:00,PT5M,74.126,100.0,93.6441,54.6079,37.041
572,571,289,330,28,0.14,78.3,6.5,219,2026-09-25 14:10:00,PT5M,73.679,100.0,93.2839,54.0741,36.429
564,562,290,325,28,0.14,78.5,6.5,219,2026-09-25 14:15:00,PT5M,73.21,100.0,92.9065,53.5135,35.786
555,554,290,319,28,0.14,78.8,6.5,218,2026-09-25 14:20:00,PT5M,72.671,100.0,92.4665,52.8755,35.059
546,544,290,314,28,0.14,79.0,6.5,218,2026-09-25 14:25:00,PT5M,72.102,100.0,92.0017,52.2023,34.292
537,535,289,308,28,0.14,79.2,6.5,218,2026-09-25 14:30:00,PT5M,71.507,100.0,91.5154,51.4986,33.4905
525,523,285,304,28,0.14,79.5,6.5,218,2026-09-25 14:35:00,PT5M,70.551,100.0,90.6962,50.4058,32.2745
511,509,277,300,28,0.14,79.8,6.5,218,2026-09-25 14:40:00,PT5M,69.225,100.0,89.5339,48.9161,30.6375
496,495,269,296,28,0.14,80.1,6.4,218,2026-09-25 14:45:00,PT5M,67.863,100.0,88.3377,47.3883,28.9605
482,481,261,292,27,0.14,80.4,6.4,218,2026-09-25 14:50:00,PT5M,66.463,100.0,87.105,45.821,27.2425
468,466,252,287,27,0.14,80.8,6.4,218,2026-09-25 14:55:00,PT5M,65.025,100.0,85.8365,44.2135,25.4825
454,452,245,282,27,0.14,81.1,6.4,218,2026-09-25 15:00:00,PT5M,63.623,100.0,84.6019,42.6441,23.7625
439,438,237,277,27,0.14,81.4,6.4,218,2026-09-25 15:05:00,PT5M,62.173,100.0,83.3208,41.0252,21.9915
425,424,229,272,27,0.14,81.7,6.4,218,2026-09-25 15:10:00,PT5M,60.643,100.0,81.7892,39.4968,20.4645
410,409,220,267,27,0.14,82.0,6.3,217,2026-09-25 15:15:00,PT5M,59.113,99.2165,80.2198,38.0062,19.0095
396,395,212,261,27,0.14,82.4,6.3,217,2026-09-25 15:20:00,PT5M,57.474,97.482,78.5305,36.4175,17.466
381,380,203,255,27,0.14,82.7,6.3,217,2026-09-25 15:25:00,PT5M,55.778,95.611,76.7424,34.8136,15.945
366,366,194,249,27,0.14,83.0,6.3,217,2026-09-25 15:30:00,PT5M,54.024,93.7095,74.9108,33.1372,14.3385
352,351,186,243,27,0.14,83.3,6.3,217,2026-09-25 15:35:00,PT5M,52.275,91.7675,73.0602,31.4898,12.7825
337,337,178,237,27,0.14,83.5,6.3,217,2026-09-25 15:40:00,PT5M,50.531,89.744,71.1691,29.8929,11.318
323,322,170,230,27,0.14,83.8,6.3,217,2026-09-25 15:45:00,PT5M,48.712,87.5395,69.1472,28.2768,9.8845
308,308,161,223,27,0.14,84.0,6.3,217,2026-09-25 15:50:00,PT5M,46.811,85.1655,66.9972,26.6248,8.4565
293,293,153,216,27,0.14,84.3,6.3,217,2026-09-25 15:55:00,PT5M,44.831,82.631,64.7254,24.9366,7.031
279,279,144,208,27,0.14,84.5,6.3,217,2026-09-25 16:00:00,PT5M,42.776,79.951,62.3415,23.2105,5.601
264,264,135,201,27,0.14,84.8,6.2,217,2026-09-25 16:05:00,PT5M,40.707,77.224,59.9262,21.4878,4.19
250,250,127,192,27,0.14,85.0,6.2,217,2026-09-25 16:10:00,PT5M,38.632,74.4675,57.4925,19.7715,2.7965
235,235,118,184,27,0.14,85.3,6.2,217,2026-09-25 16:15:00,PT5M,36.503,71.6095,54.9798,18.0262,1.3965
221,221,110,176,26,0.14,85.5,6.2,217,2026-09-25 16:20:00,PT5M,34.028,66.797,51.2746,16.7814,1.259
207,207,101,167,26,0.14,85.8,6.2,217,2026-09-25 16:25:00,PT5M,31.651,62.1765,47.7168,15.5852,1.1255
193,193,92,159,26,0.14,86.0,6.2,217,2026-09-25 16:30:00,PT5M,29.089,57.425,44.0024,14.1756,0.753
179,179,82,150,26,0.14,86.3,6.2,216,2026-09-25 16:35:00,PT5M,26.503,52.675,40.2775,12.7285,0.331
165,165,71,141,26,0.14,86.7,6.2,216,2026-09-25 16:40:00,PT5M,23.915,47.9325,36.5556,11.2744,0.0
151,151,60,132,26,0.14,87.0,6.2,216,2026-09-25 16:45:00,PT5M,21.356,43.229,32.8679,9.8441,0.0
137,137,48,123,26,0.14,87.4,6.2,216,2026-09-25 16:50:00,PT5M,18.871,38.58,29.244,8.498,0.0
123,123,36,114,26,0.14,87.7,6.1,216,2026-09-25 16:55:00,PT5M,16.481,34.1055,25.7569,7.2051,0.0
110,110,22,104,26,0.14,88.0,6.1,216,2026-09-25 17:00:00,PT5M,14.162,29.779,22.3813,5.9427,0.0
96,96,6,95,26,0.14,88.4,6.1,216,2026-09-25 17:05:00,PT5M,11.825,25.537,19.0417,4.6083,0.0
83,83,0,83,26,0.14,88.7,6.1,216,2026-09-25 17:10:00,PT5M,9.951,21.828,16.202,3.7,0.0
71,71,0,71,26,0.14,89.1,6.1,216,2026-09-25 17:15:00,PT5M,8.374,18.435,13.6692,3.0788,0.0
59,59,0,59,26,0.14,89.5,6.1,216,2026-09-25 17:20:00,PT5M,6.966,15.215,11.3075,2.6245,0.0
48,48,0,48,26,0.14,89.8,6.0,216,2026-09-25 17:25:00,PT5M,5.603,12.09,9.0172,2.1888,0.0
38,38,0,38,26,0.14,90.2,6.0,216,2026-09-25 17:30:00,PT5M,4.257,9.1065,6.8093,1.7047,0.0
29,29,0,29,26,0.14,90.3,6.0,216,2026-09-25 17:35:00,PT5M,3.113,6.549,4.9214,1.3046,0.0
21,21,0,21,26,0.14,90.3,6.0,216,2026-09-25 17:40:00,PT5M,2.104,4.2715,3.2448,0.9632,0.0
14,14,0,14,26,0.14,90.3,6.0,216,2026-09-25 17:45:00,PT5M,1.175,2.4095,1.8247,0.5253,0.0
8,8,0,8,26,0.14,90.3,6.0,216,2026-09-25 17:50:00,PT5M,0.334,0.829,0.5945,0.0735,0.0
2,2,0,2,26,0.14,90.3,6.0,216,2026-09-25 17:55:00,PT5M,0.0,0.0,0.0,0.0,0.0
0,0,0,0,26,0.14,90.3,6.0,216,2026-09-25 18:00:00,PT5M,0.0,0.0,0.0,0.0,0.0
0,0,0,0,26,0.14,90.3,6.0,216,2026-09-25 18:05:00,PT5M,0.0,0.0,0.0,0.0,0.0
0,0,0,0,26,0.14,90.3,6.0,216,2026-09-25 18:10:00,PT5M,0.0,0.0,0.0,0.0,0.0
0,0,0,0,26,0.14,90.3,6.0,216,2026-09-25 18:15:00,PT5M,0.0,0.0,0.0,0.0,0.0
0,0,0,0,25,0.14,90.3,6.0,217,2026-09-25 18:20:00,PT5M,0.0,0.0,0.0,0.0,0.0
0,0,0,0,25,0.14,90.3,6.0,217,2026-09-25 18:25:00,PT5M,0.0,0.0,0.0,0.0,0.0
0,0,0,0,25,0.14,90.3,6.0,217,2026-09-25 18:30:00,PT5M,0.0,0.0,0.0,0.0,0.0
0,0,0,0,25,0.14,90.3,6.0,217,2026-09-25 18:35:00,PT5M,0.0,0.0,0.0,0.0,0.0
0,0,0,0,25,0.14,90.3,6.0,217,2026-09-25 18:40:00,PT5M,0.0,0.0,0.0,0.0,0.0
0,0,0,0,25,0.14,90.3,6.0,217,2026-09-25 18:45:00,PT5M,0.0,0.0,0.0,0.0,0.0
0,0,0,0,25,0.14,90.3,5.9,217,2026-09-25 18:50:00,PT5M,0.0,0.0,0.0,0.0,0.0
0,0,0,0,25,0.14,90.3,5.9,218,2026-09-25 18:55:00,PT5M,0.0,0.0,0.0,0.0,0.0
0,0,0,0,25,0.14,90.3,5.9,218,2026-09-25 19:00:00,PT5M,0.0,0.0,0.0,0.0,0.0
0,0,0,0,25,0.14,90.3,5.9,218,2026-09-25 19:05:00,PT5M,0.0,0.0,0.0,0.0,0.0
0,0,0,0,25,0.14,90.3,5.9,218,2026-09-25 19:10:00,PT5M,0.0,0.0,0.0,0.0,0.0
0,0,0,0,25,0.14,90.3,5.8,218,2026-09-25 19:15:00,PT5M,0.0,0.0,0.0,0.0,0.0
0,0,0,0,25,0.14,90.3,5.8,218,2026-09-25 19:20:00,PT5M,0.0,0.0,0.0,0.0,0.0
0,0,0,0,25,0.14,90.3,5.8,218,2026-09-25 19:25:00,PT5M,0.0,0.0,0.0,0.0,0.0
0,0,0,0,25,0.14,90.3,5.8,219,2026-09-25 19:30:00,PT5M,0.0,0.0,0.0,0.0,0.0
0,0,0,0,25,0.14,90.3,5.8,219,2026-09-25 19:35:00,PT5M,0.0,0.0,0.0,0.0,0.0
0,0,0,0,25,0.14,90.3,5.8,219,2026-09-25 19:40:00,PT5M,0.0,0.0,0.0,0.0,0.0
0,0,0,0,25,0.14,90.3,5.8,219,2026-09-25 19:45:00,PT5M,0.0,0.0,0.0,0.0,0.0
0,0,0,0,25,0.14,90.3,5.8,219,2026-09-25 19:50:00,PT5M,0.0,0.0,0.0,0.0,0.0
0,0,0,0,25,0.14,90.3,5.8,219,2026-09-25 19:55:00,PT5M,0.0,0.0,0.0,0.0,0.0
0,0,0,0,25,0.14,90.3,5.8,219,2026-09-25 20:00:00,PT5M,0.0,0.0,0.0,0.0,0.0
0,0,0,0,25,0.14,90.3,5.8,219,2026-09-25 20:05:00,PT5M,0.0,0.0,0.0,0.0,0.0
0,0,0,0,25,0.14,90.3,5.8,220,2026-09-25 20:10:00,PT5M,0.0,0.0,0.0,0.0,0.0
0,0,0,0,25,0.14,90.3,5.8,220,2026-09-25 20:15:00,PT5M,0.0,0.0,0.0,0.0,0.0
0,0,0,0,25,0.14,90.3,5.8,220,2026-09-25 20:20:00,PT5M,0.0,0.0,0.0,0.0,0.0
0,0,0,0,25,0.14,90.3,5.8,220,2026-09-25 20:25:00,PT5M,0.0,0.0,0.0,0.0,0.0
0,0,0,0,25,0.14,90.3,5.7,220,2026-09-25 20:30:00,PT5M,0.0,0.0,0.0,0.0,0.0
0,0,0,0,25,0.14,90.3,5.7,220,2026-09-25 20:35:00,PT5M,0.0,0.0,0.0,0.0,0.0
0,0,0,0,25,0.14,90.4,5.7,220,2026-09-25 20:40:00,PT5M,0.0,0.0,0.0,0.0,0.0
0,0,0,0,25,0.14,90.4,5.7,220,2026-09-25 20:45:00,PT5M,0.0,0.0,0.0,0.0,0.0
0,0,0,0,25,0.14,90.5,5.7,220,2026-09-25 20:50:00,PT5M,0.0,0.0,0.0,0.0,0.0
0,0,0,0,25,0.14,90.5,5.7,221,2026-09-25 20:55:00,PT5M,0.0,0.0,0.0,0.0,0.0
0,0,0,0,25,0.14,90.6,5.7,221,2026-09-25 21:00:00,PT5M,0.0,0.0,0.0,0.0,0.0
0,0,0,0,25,0.14,90.6,5.7,221,2026-09-25 21:05:00,PT5M,0.0,0.0,0.0,0.0,0.0
0,0,0,0,25,0.14,90.6,5.7,221,2026-09-25 21:10:00,PT5M,0.0,0.0,0.0,0.0,0.0
0,0,0,0,25,0.14,90.7,5.6,221,2026-09-25 21:15:00,PT5M,0.0,0.0,0.0,0.0,0.0
0,0,0,0,25,0.14,90.7,5.6,221,2026-09-25 21:20:00,PT5M,0.0,0.0,0.0,0.0,0.0
0,0,0,0,25,0.14,90.8,5.6,221,2026-09-25 21:25:00,PT5M,0.0,0.0,0.0,0.0,0.0
0,0,0,0,25,0.14,90.8,5.6,221,2026-09-25 21:30:00,PT5M,0.0,0.0,0.0,0.0,0.0
0,0,0,0,25,0.14,90.8,5.6,221,2026-09-25 21:35:00,PT5M,0.0,0.0,0.0,0.0,0.0
0,0,0,0,25,0.14,90.8,5.6,222,2026-09-25 21:40:00,PT5M,0.0,0.0,0.0,0.0,0.0
0,0,0,0,25,0.14,90.7,5.6,222,2026-09-25 21:45:00,PT5M,0.0,0.0,0.0,0.0,0.0
0,0,0,0,25,0.14,90.7,5.6,222,2026-09-25 21:50:00,PT5M,0.0,0.0,0.0,0.0,0.0
0,0,0,0,25,0.14,90.6,5.6,222,2026-09-25 21:55:00,PT5M,0.0,0.0,0.0,0.0,0.0
0,0,0,0,25,0.14,90.6,5.6,222,2026-09-25 22:00:00,PT5M,0.0,0.0,0.0,0.0,0.0
0,0,0,0,25,0.14,90.5,5.6,223,2026-09-25 22:05:00,PT5M,0.0,0.0,0.0,0.0,0.0
0,0,0,0,25,0.14,90.5,5.5,223,2026-09-25 22:10:00,PT5M,0.0,0.0,0.0,0.0,0.0
0,0,0,0,25,0.14,90.5,5.5,223,2026-09-25 22:15:00,PT5M,0.0,0.0,0.0,0.0,0.0
0,0,0,0,25,0.14,90.4,5.5,223,2026-09-25 22:20:00,PT5M,0.0,0.0,0.0,0.0,0.0
0,0,0,0,25,0.14,90.4,5.5,223,2026-09-25 22:25:00,PT5M,0.0,0.0,0.0,0.0,0.0
0,0,0,0,25,0.14,90.3,5.5,223,2026-09-25 22:30:00,PT5M,0.0,0.0,0.0,0.0,0.0
0,0,0,0,25,0.14,90.3,5.5,224,2026-09-25 22:35:00,PT5M,0.0,0.0,0.0,0.0,0.0
0,0,0,0,25,0.14,90.4,5.5,224,2026-09-25 22:40:00,PT5M,0.0,0.0,0.0,0.0,0.0
0,0,0,0,25,0.14,90.4,5.5,224,2026-09-25 22:45:00,PT5M,0.0,0.0,0.0,0.0,0.0
0,0,0,0,25,0.14,90.4,5.5,224,2026-09-25 22:50:00,PT5M,0.0,0.0,0.0,0.0,0.0
0,0,0,0,25,0.14,90.5,5.5,224,2026-09-25 22:55:00,PT5M,0.0,0.0,0.0,0.0,0.0
0,0,0,0,25,0.14,90.5,5.5,224,2026-09-25 23:00:00,PT5M,0.0,0.0,0.0,0.0,0.0
0,0,0,0,25,0.14,90.6,5.4,224,2026-09-25 23:05:00,PT5M,0.0,0.0,0.0,0.0,0.0
0,0,0,0,25,0.14,90.6,5.4,224,2026-09-25 23:10:00,PT5M,0.0,0.0,0.0,0.0,0.0
0,0,0,0,25,0.14,90.7,5.4,225,2026-09-25 23:15:00,PT5M,0.0,0.0,0.0,0.0,0.0
0,0,0,0,25,0.14,90.7,5.4,225,2026-09-25 23:20:00,PT5M,0.0,0.0,0.0,0.0,0.0
0,0,0,0,25,0.14,90.8,5.4,225,2026-09-25 23:25:00,PT5M,0.0,0.0,0.0,0.0,0.0
0,0,0,0,25,0.14,90.8,5.4,225,2026-09-25 23:30:00,PT5M,0.0,0.0,0.0,0.0,0.0
0,0,0,0,25,0.14,90.8,5.4,225,2026-09-25 23:35:00,PT5M,0.0,0.0,0.0,0.0,0.0
0,0,0,0,25,0.14,90.7,5.4,225,2026-09-25 23:40:00,PT5M,0.0,0.0,0.0,0.0,0.0
0,0,0,0,25,0.14,90.6,5.4,225,2026-09-25 23:45:00,PT5M,0.0,0.0,0.0,0.0,0.0
0,0,0,0,25,0.14,90.5,5.4,225,2026-09-25 23:50:00,PT5M,0.0,0.0,0.0,0.0,0.0
0,0,0,0,25,0.14,90.4,5.4,225,2026-09-25 23:55:00,PT5M,0.0,0.0,0.0,0.0,0.0
0,0,0,0,25,0.14,90.3,5.4,225,2026-09-26 00:00:00,PT5M,0.0,0.0,0.0,0.0,0.0
0,0,0,0,25,0.14,90.2,5.4,225,2026-09-26 00:05:00,PT5M,0.0,0.0,0.0,0.0,0.0
0,0,0,0,25,0.14,90.1,5.4,225,2026-09-26 00:10:00,PT5M,0.0,0.0,0.0,0.0,0.0
0,0,0,0,25,0.14,90.0,5.4,225,2026-09-26 00:15:00,PT5M,0.0,0.0,0.0,0.0,0.0
0,0,0,0,25,0.14,90.0,5.4,225,2026-09-26 00:20:00,PT5M,0.0,0.0,0.0,0.0,0.0
0,0,0,0,25,0.14,89.9,5.4,225,2026-09-26 00:25:00,PT5M,0.0,0.0,0.0,0.0,0.0
0,0,0,0,25,0.14,89.8,5.4,225,2026-09-26 00:30:00,PT5M,0.0,0.0,0.0,0.0,0.0
0,0,0,0,25,0.14,89.7,5.4,225,2026-09-26 00:35:00,PT5M,0.0,0.0,0.0,0.0,0.0
0,0,0,0,25,0.14,89.7,5.4,225,2026-09-26 00:40:00,PT5M,0.0,0.0,0.0,0.0,0.0
0,0,0,0,25,0.14,89.6,5.4,225,2026-09-26 00:45:00,PT5M,0.0,0.0,0.0,0.0,0.0
0,0,0,0,25,0.14,89.6,5.4,225,2026-09-26 00:50:00,PT5M,0.0,0.0,0.0,0.0,0.0
0,0,0,0,25,0.14,89.5,5.4,225,2026-09-26 00:55:00,PT5M,0.0,0.0,0.0,0.0,0.0
0,0,0,0,25,0.14,89.5,5.4,225,2026-09-26 01:00:00,PT5M,0.0,0.0,0.0,0.0,0.0
0,0,0,0,25,0.14,89.4,5.4,225,2026-09-26 01:05:00,PT5M,0.0,0.0,0.0,0.0,0.0
0,0,0,0,25,0.14,89.4,5.4,225,2026-09-26 01:10:00,PT5M,0.0,0.0,0.0,0.0,0.0
0,0,0,0,25,0.14,89.3,5.4,225,2026-09-26 01:15:00,PT5M,0.0,0.0,0.0,0.0,0.0
0,0,0,0,25,0.14,89.3,5.4,225,2026-09-26 01:20:00,PT5M,0.0,0.0,0.0,0.0,0.0
0,0,0,0,25,0.14,89.3,5.4,225,2026-09-26 01:25:00,PT5M,0.0,0.0,0.0,0.0,0.0
0,0,0,0,25,0.14,89.2,5.4,225,2026-09-26 01:30:00,PT5M,0.0,0.0,0.0,0.0,0.0
0,0,0,0,25,0.14,89.2,5.4,225,2026-09-26 01:35:00,PT5M,0.0,0.0,0.0,0.0,0.0
0,0,0,0,25,0.14,89.2,5.4,225,2026-09-26 01:40:00,PT5M,0.0,0.0,0.0,0.0,0.0
0,0,0,0,25,0.14,89.2,5.4,225,2026-09-26 01:45:00,PT5M,0.0,0.0,0.0,0.0,0.0
0,0,0,0,25,0.14,89.2,5.4,225,2026-09-26 01:50:00,PT5M,0.0,0.0,0.0,0.0,0.0
0,0,0,0,25,0.14,89.2,5.4,225,2026-09-26 01:55:00,PT5M,0.0,0.0,0.0,0.0,0.0
0,0,0,0,25,0.14,89.2,5.4,225,2026-09-26 02:00:00,PT5M,0.0,0.0,0.0,0.0,0.0
0,0,0,0,25,0.14,89.2,5.4,225,2026-09-26 02:05:00,PT5M,0.0,0.0,0.0,0.0,0.0
0,0,0,0,25,0.14,89.2,5.4,225,2026-09-26 02:10:00,PT5M,0.0,0.0,0.0,0.0,0.0
0,0,0,0,25,0.14,89.2,5.4,225,2026-09-26 02:15:00,PT5M,0.0,0.0,0.0,0.0,0.0
0,0,0,0,25,0.14,89.2,5.4,225,2026-09-26 02:20:00,PT5M,0.0,0.0,0.0,0.0,0.0
0,0,0,0,25,0.14,89.2,5.4,225,2026-09-26 02:25:00,PT5M,0.0,0.0,0.0,0.0,0.0
0,0,0,0,25,0.14,89.2,5.4,225,2026-09-26 02:30:00,PT5M,0.0,0.0,0.0,0.0,0.0
0,0,0,0,25,0.14,89.1,5.4,225,2026-09-26 02:35:00,PT5M,0.0,0.0,0.0,0.0,0.0
0,0,0,0,25,0.14,89.0,5.4,225,2026-09-26 02:40:00,PT5M,0.0,0.0,0.0,0.0,0.0
0,0,0,0,25,0.14,89.0,5.4,225,2026-09-26 02:45:00,PT5M,0.0,0.0,0.0,0.0,0.0
0,0,0,0,25,0.14,88.9,5.4,225,2026-09-26 02:50:00,PT5M,0.0,0.0,0.0,0.0,0.0
0,0,0,0,25,0.14,88.8,5.4,225,2026-09-26 02:55:00,PT5M,0.0,0.0,0.0,0.0,0.0
0,0,0,0,25,0.14,88.7,5.4,225,2026-09-26 03:00:00,PT5M,0.0,0.0,0.0,0.0,0.0
0,0,0,0,25,0.14,88.6,5.4,225,2026-09-26 03:05:00,PT5M,0.0,0.0,0.0,0.0,0.0
0,0,0,0,25,0.14,88.5,5.4,225,2026-09-26 03:10:00,PT5M,0.0,0.0,0.0,0.0,0.0
0,0,0,0,25,0.14,88.4,5.4,225,2026-09-26 03:15:00,PT5M,0.0,0.0,0.0,0.0,0.0
0,0,0,0,25,0.14,88.3,5.4,225,2026-09-26 03:20:00,PT5M,0.0,0.0,0.0,0.0,0.0
0,0,0,0,25,0.14,88.2,5.4,225,2026-09-26 03:25:00,PT5M,0.0,0.0,0.0,0.0,0.0
0,0,0,0,25,0.14,88.1,5.4,225,2026-09-26 03:30:00,PT5M,0.0,0.0,0.0,0.0,0.0
0,0,0,0,25,0.14,88.1,5.4,225,2026-09-26 03:35:00,PT5M,0.0,0.0,0.0,0.0,0.0
0,0,0,0,25,0.14,88.0,5.4,225,2026-09-26 03:40:00,PT5M,0.0,0.0,0.0,0.0,0.0
0,0,0,0,25,0.14,88.0,5.4,225,2026-09-26 03:45:00,PT5M,0.0,0.0,0.0,0.0,0.0
0,0,0,0,25,0.14,87.9,5.4,225,2026-09-26 03:50:00,PT5M,0.0,0.0,0.0,0.0,0.0
0,0,0,0,25,0.14,87.9,5.4,225,2026-09-26 03:55:00,PT5M,0.0,0.0,0.0,0.0,0.0
0,0,0,0,25,0.14,87.9,5.4,225,2026-09-26 04:00:00,PT5M,0.0,0.0,0.0,0.0,0.0
0,0,0,0,25,0.14,87.8,5.4,225,2026-09-26 04:05:00,PT5M,0.0,0.0,0.0,0.0,0.0
0,0,0,0,25,0.14,87.8,5.4,225,2026-09-26 04:10:00,PT5M,0.0,0.0,0.0,0.0,0.0
0,0,0,0,25,0.14,87.7,5.4,225,2026-09-26 04:15:00,PT5M,0.0,0.0,0.0,0.0,0.0
0,0,0,0,25,0.14,87.7,5.4,225,2026-09-26 04:20:00,PT5M,0.0,0.0,0.0,0.0,0.0
0,0,0,0,25,0.14,87.6,5.4,225,2026-09-26 04:25:00,PT5M,0.0,0.0,0.0,0.0,0.0
0,0,0,0,25,0.14,87.6,5.4,225,2026-09-26 04:30:00,PT5M,0.0,0.0,0.0,0.0,0.0
0,0,0,0,25,0.14,87.5,5.4,225,2026-09-26 04:35:00,PT5M,0.0,0.0,0.0,0.0,0.0
0,0,0,0,25,0.14,87.5,5.4,225,2026-09-26 04:40:00,PT5M,0.0,0.0,0.0,0.0,0.0
0,0,0,0,25,0.14,87.5,5.4,225,2026-09-26 04:45:00,PT5M,0.0,0.0,0.0,0.0,0.0
0,0,0,0,25,0.14,87.4,5.4,225,2026-09-26 04:50:00,PT5M,0.0,0.0,0.0,0.0,0.0
0,0,0,0,25,0.14,87.4,5.4,225,2026-09-26 04:55:00,PT5M,0.0,0.0,0.0,0.0,0.0
0,0,0,0,25,0.14,87.3,5.4,225,2026-09-26 05:00:00,PT5M,0.0,0.0,0.0,0.0,0.0
0,0,0,0,25,0.14,87.3,5.4,225,2026-09-26 05:05:00,PT5M,0.0,0.0,0.0,0.0,0.0
0,0,0,0,25,0.14,87.2,5.4,225,2026-09-26 05:10:00,PT5M,0.0,0.0,0.0,0.0,0.0
0,0,0,0,25,0.14,87.2,5.4,224,2026-09-26 05:15:00,PT5M,0.0,0.0,0.0,0.0,0.0
0,0,0,0,25,0.14,87.1,5.4,224,2026-09-26 05:20:00,PT5M,0.0,0.0,0.0,0.0,0.0
0,0,0,0,25,0.14,87.1,5.4,224,2026-09-26 05:25:00,PT5M,0.0,0.0,0.0,0.0,0.0
0,0,0,0,25,0.14,87.1,5.4,224,2026-09-26 05:30:00,PT5M,0.0,0.0,0.0,0.0,0.0
0,0,0,0,25,0.14,86.8,5.5,224,2026-09-26 05:35:00,PT5M,0.0,0.0,0.0,0.0,0.0
0,0,0,0,25,0.14,86.3,5.5,224,2026-09-26 05:40:00,PT5M,0.0,0.0,0.0,0.0,0.0
0,0,0,0,25,0.14,85.7,5.5,225,2026-09-26 05:45:00,PT5M,0.0,0.0,0.0,0.0,0.0
0,0,0,0,25,0.14,85.2,5.5,225,2026-09-26 05:50:00,PT5M,0.0,0.0,0.0,0.0,0.0
0,0,0,0,25,0.14,84.7,5.6,225,2026-09-26 05:55:00,PT5M,0.0,0.0,0.0,0.0,0.0
2,2,0,2,25,0.14,84.2,5.6,225,2026-09-26 06:00:00,PT5M,0.0,0.0,0.0,0.0,0.0
8,8,0,8,25,0.14,83.7,5.6,225,2026-09-26 06:05:00,PT5M,0.397,0.771,0.5938,0.2002,0.023
16,16,0,16,25,0.14,83.2,5.6,225,2026-09-26 06:10:00,PT5M,1.417,2.503,1.9886,0.8454,0.331
24,24,0,24,25,0.14,82.7,5.6,225,2026-09-26 06:15:00,PT5M,2.542,4.496,3.5704,1.5136,0.588
34,34,0,34,26,0.14,82.2,5.7,225,2026-09-26 06:20:00,PT5M,3.756,6.9815,5.4536,2.0584,0.5305
44,44,0,44,26,0.14,81.8,5.7,226,2026-09-26 06:25:00,PT5M,5.083,9.6665,7.4953,2.6707,0.4995
56,56,8,55,26,0.14,81.3,5.7,226,2026-09-26 06:30:00,PT5M,6.83,12.991,10.0726,3.5874,0.669
69,69,32,64,26,0.14,80.8,5.7,226,2026-09-26 06:35:00,PT5M,9.109,16.972,13.2474,4.9706,1.246
83,83,54,73,26,0.14,80.4,5.8,226,2026-09-26 06:40:00,PT5M,11.564,21.1785,16.6242,6.5038,1.9495
97,97,77,81,26,0.14,79.9,5.8,226,2026-09-26 06:45:00,PT5M,14.297,25.6535,20.274,8.32,2.9405
112,112,99,90,26,0.14,79.5,5.8,226,2026-09-26 06:50:00,PT5M,17.263,30.363,24.1576,10.3684,4.163
128,128,120,98,26,0.14,79.1,5.8,226,2026-09-26 06:55:00,PT5M,20.323,35.213,28.1597,12.4863,5.433
144,143,140,106,26,0.14,78.7,5.9,226,2026-09-26 07:00:00,PT5M,23.519,40.29,32.3457,14.6923,6.748
159,159,155,115,26,0.14,78.2,5.9,226,2026-09-26 07:05:00,PT5M,26.679,45.4515,36.5591,16.7989,7.9065
176,175,171,123,26,0.14,77.8,5.9,226,2026-09-26 07:10:00,PT5M,30.018,50.874,40.9947,19.0413,9.162
192,191,186,130,27,0.14,77.4,5.9,226,2026-09-26 07:15:00,PT5M,33.438,56.4475,45.5481,21.3279,10.4285
208,208,201,138,27,0.14,77.0,6.0,226,2026-09-26 07:20:00,PT5M,36.918,62.053,50.1467,23.6893,11.783
225,224,214,145,27,0.14,76.6,6.0,226,2026-09-26 07:25:00,PT5M,40.414,67.6775,54.763,26.065,13.1505
242,241,228,153,27,0.14,76.2,6.0,226,2026-09-26 07:30:00,PT5M,43.944,73.3425,59.4166,28.4714,14.5455
258,257,240,160,27,0.14,75.7,6.0,226,2026-09-26 07:35:00,PT5M,47.433,78.9945,64.044,30.822,15.8715
275,274,250,167,27,0.14,75.3,6.1,226,2026-09-26 07:40:00,PT5M,50.878,84.735,68.6972,33.0588,17.021
291,290,261,173,27,0.14,74.9,6.1,226,2026-09-26 07:45:00,PT5M,53.384,88.3575,71.7908,34.9772,18.4105
308,307,271,180,27,0.14,74.5,6.1,226,2026-09-26 07:50:00,PT5M,55.534,91.1865,74.2982,36.7698,19.8815
324,323,281,187,27,0.14,74.1,6.1,226,2026-09-26 07:55:00,PT5M,57.602,93.8835,76.6972,38.5068,21.3205
341,339,291,193,27,0.14,73.7,6.2,226,2026-09-26 08:00:00,PT5M,59.581,96.437,78.9786,40.1834,22.725
357,356,300,199,28,0.14,73.4,6.2,226,2026-09-26 08:05:00,PT5M,61.463,98.8295,81.1293,41.7967,24.0965
373,372,309,205,28,0.14,73.0,6.2,226,2026-09-26 08:10:00,PT5M,63.238,100.0,83.1343,43.3417,25.4345
389,388,317,211,28,0.14,72.6,6.3,226,2026-09-26 08:15:00,PT5M,64.901,100.0,84.9838,44.8182,26.743
406,404,325,216,28,0.14,72.2,6.3,226,2026-09-26 08:20:00,PT5M,66.448,100.0,86.669,46.227,28.0275
421,419,332,222,28,0.14,71.8,6.3,226,2026-09-26 08:25:00,PT5M,67.883,100.0,88.1911,47.5749,29.297
437,435,340,227,28,0.14,71.4,6.4,226,2026-09-26 08:30:00,PT5M,69.246,100.0,89.6246,48.8674,30.526
452,450,346,233,28,0.14,71.0,6.4,226,2026-09-26 08:35:00,PT5M,70.467,100.0,90.8977,50.0363,31.648
467,464,351,239,28,0.14,70.7,6.4,226,2026-09-26 08:40:00,PT5M,71.554,100.0,92.0213,51.0867,32.6655
481,479,355,244,28,0.14,70.3,6.4,226,2026-09-26 08:45:00,PT5M,72.582,100.0,93.0759,52.0881,33.643
495,493,360,249,28,0.14,69.9,6.4,226,2026-09-26 08:50:00,PT5M,73.564,100.0,94.0745,53.0535,34.5935
509,507,364,254,29,0.14,69.5,6.5,226,2026-09-26 08:55:00,PT5M,74.505,100.0,95.051,53.959,35.467
523,520,368,260,29,0.14,69.2,6.5,226,2026-09-26 09:00:00,PT5M,75.41,100.0,95.9531,54.8669,36.3775
537,534,374,264,29,0.14,68.8,6.5,226,2026-09-26 09:05:00,PT5M,76.419,100.0,96.8379,56.0001,37.6225
550,548,379,268,29,0.14,68.5,6.5,226,2026-09-26 09:10:00,PT5M,77.397,100.0,97.6393,57.1547,38.936
564,561,385,272,29,0.14,68.1,6.6,226,2026-09-26 09:15:00,PT5M,78.336,100.0,98.4038,58.2682,40.2065
577,574,390,276,29,0.14,67.7,6.6,226,2026-09-26 09:20:00,PT5M,79.237,100.0,99.1325,59.3415,41.435
590,587,395,279,29,0.14,67.4,6.6,226,2026-09-26 09:25:00,PT5M,80.102,100.0,99.8275,60.3765,42.623
603,600,400,283,29,0.14,67.0,6.6,226,2026-09-26 09:30:00,PT5M,80.932,100.0,100.0,61.3739,43.771
616,613,407,285,29,0.14,66.7,6.7,226,2026-09-26 09:35:00,PT5M,81.863,100.0,100.0,62.4781,45.031
630,627,415,287,30,0.14,66.3,6.7,226,2026-09-26 09:40:00,PT5M,82.892,100.0,100.0,63.6865,46.401
643,640,423,289,30,0.14,65.9,6.7,226,2026-09-26 09:45:00,PT5M,83.836,100.0,100.0,64.8045,47.6755
656,653,430,291,30,0.14,65.5,6.8,226,2026-09-26 09:50:00,PT5M,84.737,100.0,100.0,65.8765,48.9015
669,665,438,292,30,0.14,65.1,6.8,226,2026-09-26 09:55:00,PT5M,85.606,100.0,100.0,66.9137,50.09
681,677,445,293,30,0.14,64.8,6.8,226,2026-09-26 10:00:00,PT5M,86.439,100.0,100.0,67.9101,51.2335
693,689,452,294,30,0.14,64.4,6.8,227,2026-09-26 10:05:00,PT5M,87.228,100.0,100.0,68.8578,52.324
705,701,459,295,30,0.14,64.0,6.9,227,2026-09-26 10:10:00,PT5M,87.973,100.0,100.0,69.7575,53.363
716,712,465,296,30,0.14,63.7,6.9,227,2026-09-26 10:15:00,PT5M,88.687,100.0,100.0,70.6226,54.364
727,723,472,297,30,0.14,63.3,6.9,227,2026-09-26 10:20:00,PT5M,89.371,100.0,100.0,71.4545,55.329
737,733,478,297,30,0.14,62.9,7.0,227,2026-09-26 10:25:00,PT5M,90.028,100.0,100.0,72.2562,56.261
748,743,485,298,31,0.14,62.6,7.0,227,2026-09-26 10:30:00,PT5M,90.659,100.0,100.0,73.0293,57.162
758,753,491,298,31,0.14,62.2,7.0,227,2026-09-26 10:35:00,PT5M,91.261,100.0,100.0,73.76,58.0085
767,763,497,298,31,0.14,61.9,7.0,227,2026-09-26 10:40:00,PT5M,91.836,100.0,100.0,74.4497,58.8015
776,772,504,297,31,0.14,61.6,7.1,227,2026-09-26 10:45:00,PT5M,92.381,100.0,100.0,75.105,59.556
785,780,510,297,31,0.14,61.3,7.1,227,2026-09-26 10:50:00,PT5M,92.893,100.0,100.0,75.7204,60.2645
794,789,516,296,31,0.14,61.0,7.1,227,2026-09-26 10:55:00,PT5M,93.369,100.0,100.0,76.2888,60.916
802,797,522,295,31,0.14,60.6,7.2,227,2026-09-26 11:00:00,PT5M,93.807,100.0,100.0,76.8052,61.503
809,804,528,294,31,0.14,60.3,7.2,227,2026-09-26 11:05:00,PT5M,94.231,100.0,100.0,77.3168,62.0935
816,811,533,294,31,0.14,60.0,7.2,227,2026-09-26 11:10:00,PT5M,94.629,100.0,100.0,77.8032,62.6595
823,818,539,293,31,0.14,59.7,7.3,227,2026-09-26 11:15:00,PT5M,94.922,100.0,100.0,78.172,63.0965
829,824,544,292,32,0.14,59.4,7.3,227,2026-09-26 11:20:00,PT5M,95.261,100.0,100.0,78.5784,63.5635
835,829,549,290,32,0.14,59.1,7.3,227,2026-09-26 11:25:00,PT5M,95.574,100.0,100.0,78.9524,63.9925
840,835,554,289,32,0.14,58.8,7.3,227,2026-09-26 11:30:00,PT5M,95.864,100.0,100.0,79.298,64.388
841,836,552,291,32,0.14,58.8,7.3,227,2026-09-26 11:35:00,PT5M,95.803,100.0,100.0,79.2559,64.363
839,833,544,296,32,0.14,59.0,7.3,227,2026-09-26 11:40:00,PT5M,95.394,100.0,100.0,78.8277,63.9175
835,830,535,301,32,0.14,59.3,7.3,227,2026-09-26 11:45:00,PT5M,95.021,100.0,100.0,78.4292,63.496
832,827,526,305,32,0.14,59.5,7.3,227,2026-09-26 11:50:00,PT5M,94.56,100.0,100.0,77.9363,62.9745
828,823,517,310,32,0.14,59.8,7.2,226,2026-09-26 11:55:00,PT5M,94.072,100.0,100.0,77.4099,62.4135
823,818,508,314,31,0.14,60.0,7.2,226,2026-09-26 12:00:00,PT5M,93.605,100.0,100.0,76.8979,61.861
818,813,500,318,31,0.14,60.3,7.2,226,2026-09-26 12:05:00,PT5M,93.198,100.0,100.0,76.4417,61.3605
813,808,492,321,31,0.14,60.6,7.2,226,2026-09-26 12:10:00,PT5M,92.78,100.0,100.0,75.9705,60.8415
807,802,484,324,31,0.14,60.8,7.2,226,2026-09-26 12:15:00,PT5M,92.334,100.0,100.0,75.4651,60.2825
801,796,476,327,31,0.14,61.1,7.1,225,2026-09-26 12:20:00,PT5M,91.859,100.0,100.0,74.9251,59.684
794,790,468,329,31,0.14,61.3,7.1,225,2026-09-26 12:25:00,PT5M,91.356,100.0,100.0,74.3513,59.0465
787,783,459,332,31,0.14,61.6,7.1,225,2026-09-26 12:30:00,PT5M,90.826,100.0,100.0,73.7458,58.373
780,776,452,333,31,0.14,61.9,7.1,225,2026-09-26 12:35:00,PT5M,90.326,100.0,100.0,73.1542,57.699
773,769,446,334,31,0.14,62.1,7.0,225,2026-09-26 12:40:00,PT5M,89.856,100.0,100.0,72.5763,57.024
766,762,440,335,31,0.14,62.4,7.0,225,2026-09-26 12:45:00,PT5M,89.356,100.0,100.0,71.9621,56.307
758,754,433,336,31,0.14,62.7,7.0,224,2026-09-26 12:50:00,PT5M,88.818,100.0,100.0,71.2975,55.5285
750,746,427,336,31,0.14,63.0,7.0,224,2026-09-26 12:55:00,PT5M,88.255,100.0,100.0,70.6082,54.7255
742,738,421,336,31,0.14,63.2,7.0,224,2026-09-26 13:00:00,PT5M,87.685,100.0,100.0,69.9213,53.9335
733,729,414,336,31,0.14,63.5,7.0,224,2026-09-26 13:05:00,PT5M,87.069,100.0,100.0,69.1803,53.08
724,720,407,337,31,0.14,63.8,6.9,224,2026-09-26 13:10:00,PT5M,86.394,100.0,100.0,68.3669,52.142
714,711,399,337,30,0.14,64.1,6.9,224,2026-09-26 13:15:00,PT5M,85.683,100.0,100.0,67.5122,51.158
704,701,392,337,30,0.14,64.3,6.9,224,2026-09-26 13:20:00,PT5M,84.938,100.0,100.0,66.6201,50.1335
694,691,384,337,30,0.14,64.6,6.9,223,2026-09-26 13:25:00,PT5M,84.161,100.0,100.0,65.6934,49.072
683,680,377,336,30,0.14,64.9,6.9,223,2026-09-26 13:30:00,PT5M,83.353,100.0,100.0,64.7338,47.976
672,669,370,335,30,0.14,65.2,6.9,223,2026-09-26 13:35:00,PT5M,82.514,100.0,100.0,63.7512,46.864
661,658,362,334,30,0.14,65.5,6.8,223,2026-09-26 13:40:00,PT5M,81.647,100.0,100.0,62.7478,45.738
650,647,355,333,30,0.14,65.8,6.8,223,2026-09-26 13:45:00,PT5M,80.748,100.0,99.7864,61.7096,44.5745
638,635,348,331,30,0.14,66.1,6.8,223,2026-09-26 13:50:00,PT5M,79.758,100.0,98.9387,60.5773,43.314
626,624,340,330,30,0.14,66.5,6.8,222,2026-09-26 13:55:00,PT5M,78.795,100.0,98.1207,59.4693,42.0755
614,612,333,327,30,0.14,66.8,6.7,222,2026-09-26 14:00:00,PT5M,77.798,100.0,97.2719,58.3241,40.797
602,599,325,325,30,0.14,67.1,6.7,222,2026-09-26 14:05:00,PT5M,76.762,100.0,96.3888,57.1352,39.4705
589,587,318,323,30,0.14,67.4,6.7,222,2026-09-26 14:10:00,PT5M,75.693,100.0,95.475,55.911,38.1065
576,574,310,320,30,0.14,67.8,6.7,221,2026-09-26 14:15:00,PT5M,74.589,100.0,94.5284,54.6496,36.7035
563,561,302,317,30,0.14,68.1,6.6,221,2026-09-26 14:20:00,PT5M,73.4,100.0,93.5018,53.2982,35.206
549,547,294,314,30,0.14,68.4,6.6,221,2026-09-26 14:25:00,PT5M,72.175,100.0,92.441,51.909,33.669
536,534,286,310,29,0.14,68.8,6.6,221,2026-09-26 14:30:00,PT5M,70.915,100.0,91.3468,50.4832,32.094
522,521,279,306,29,0.14,69.1,6.6,221,2026-09-26 14:35:00,PT5M,69.751,100.0,90.3346,49.1674,30.6415
510,508,274,302,29,0.14,69.4,6.6,220,2026-09-26 14:40:00,PT5M,68.685,100.0,89.4073,47.9627,29.312
497,495,269,297,29,0.14,69.7,6.6,220,2026-09-26 14:45:00,PT5M,67.583,100.0,88.4466,46.7194,27.9415
484,483,263,292,29,0.14,70.0,6.5,220,2026-09-26 14:50:00,PT5M,66.446,100.0,87.4535,45.4385,26.531
471,469,258,287,29,0.14,70.3,6.5,220,2026-09-26 14:55:00,PT5M,65.272,100.0,86.4259,44.1181,25.079
458,457,253,281,29,0.14,70.6,6.5,220,2026-09-26 15:00:00,PT5M,64.149,100.0,85.3452,42.9528,23.8755
445,443,247,276,29,0.14,70.9,6.5,220,2026-09-26 15:05:00,PT5M,62.933,100.0,84.0848,41.7812,22.744
431,430,240,271,29,0.14,71.2,6.5,219,2026-09-26 15:10:00,PT5M,61.599,100.0,82.6802,40.5178,21.544
417,416,233,265,29,0.14,71.5,6.5,219,2026-09-26 15:15:00,PT5M,60.21,100.0,81.1818,39.2382,20.363
403,402,226,260,29,0.14,71.8,6.4,219,2026-09-26 15:20:00,PT5M,58.753,98.43,79.6353,37.8707,19.076
389,388,218,254,29,0.14,72.2,6.4,219,2026-09-26 15:25:00,PT5M,57.281,96.754,78.0559,36.5061,17.808
375,374,211,248,29,0.14,72.5,6.4,219,2026-09-26 15:30:00,PT5M,55.693,94.9205,76.3387,35.0473,16.4655
360,359,203,242,29,0.14,72.8,6.4,219,2026-09-26 15:35:00,PT5M,54.031,92.964,74.5217,33.5403,15.098
346,345,194,236,29,0.14,73.1,6.4,218,2026-09-26 15:40:00,PT5M,52.29,90.833,72.5755,32.0045,13.747
331,330,185,229,28,0.14,73.4,6.4,218,2026-09-26 15:45:00,PT5M,50.457,88.5055,70.4822,30.4318,12.4085
316,315,176,223,28,0.14,73.7,6.4,218,2026-09-26 15:50:00,PT5M,48.528,85.991,68.245,28.811,11.065
301,300,167,216,28,0.14,74.1,6.4,218,2026-09-26 15:55:00,PT5M,46.506,83.3005,65.8712,27.1408,9.7115
286,285,157,209,28,0.14,74.4,6.4,217,2026-09-26 16:00:00,PT5M,44.396,80.449,63.371,25.421,8.343
271,270,148,201,28,0.14,74.7,6.3,217,2026-09-26 16:05:00,PT5M,42.307,77.6065,60.8854,23.7286,7.0075
256,256,140,193,28,0.14,75.1,6.3,217,2026-09-26 16:10:00,PT5M,40.252,74.799,58.4343,22.0697,5.705
242,241,132,185,28,0.14,75.4,6.3,217,2026-09-26 16:15:00,PT5M,38.107,71.728,55.802,20.412,4.486
227,227,123,176,28,0.14,75.7,6.3,217,2026-09-26 16:20:00,PT5M,35.522,66.803,51.9854,19.0586,4.241
212,212,114,168,28,0.14,76.0,6.3,216,2026-09-26 16:25:00,PT5M,32.89,61.949,48.184,17.596,3.831
198,198,105,159,28,0.14,76.4,6.3,216,2026-09-26 16:30:00,PT5M,30.248,57.0785,44.3691,16.1269,3.4175
184,183,95,150,28,0.14,76.7,6.3,216,2026-09-26 16:35:00,PT5M,27.791,52.4735,40.7816,14.8004,3.1085
169,169,86,141,28,0.14,77.1,6.3,216,2026-09-26 16:40:00,PT5M,25.249,47.794,37.1146,13.3834,2.704
155,155,76,132,28,0.14,77.5,6.3,215,2026-09-26 16:45:00,PT5M,22.703,43.1295,33.4536,11.9524,2.2765
141,142,65,123,28,0.14,77.9,6.2,215,2026-09-26 16:50:00,PT5M,20.198,38.537,29.8499,10.5461,1.859
128,128,54,113,28,0.14,78.3,6.2,215,2026-09-26 16:55:00,PT5M,17.76,34.0615,26.3396,9.1804,1.4585
114,114,39,104,27,0.14,78.6,6.2,215,2026-09-26 17:00:00,PT5M,15.259,29.613,22.8136,7.7044,0.905
100,100,23,95,27,0.14,79.0,6.2,215,2026-09-26 17:05:00,PT5M,12.833,25.348,19.4197,6.2463,0.318
86,86,6,85,27,0.14,79.4,6.2,215,2026-09-26 17:10:00,PT5M,10.485,21.2315,16.141,4.829,0.0
73,73,0,73,27,0.14,79.8,6.2,214,2026-09-26 17:15:00,PT5M,8.676,17.689,13.4196,3.9324,0.0
61,61,0,61,27,0.14,80.2,6.2,214,2026-09-26 17:20:00,PT5M,7.225,14.534,11.0718,3.3782,0.0
50,50,0,50,27,0.14,80.6,6.2,214,2026-09-26 17:25:00,PT5M,5.801,11.482,8.791,2.811,0.12
39,40,0,40,27,0.14,81.0,6.1,214,2026-09-26 17:30:00,PT5M,4.409,8.575,6.6016,2.2164,0.243
30,30,0,30,27,0.14,81.2,6.1,214,2026-09-26 17:35:00,PT5M,3.215,6.1455,4.7573,1.6727,0.2845
21,21,0,21,27,0.14,81.3,6.1,214,2026-09-26 17:40:00,PT5M,2.141,4.0015,3.1202,1.1618,0.2805
14,14,0,14,27,0.14,81.4,6.1,214,2026-09-26 17:45:00,PT5M,1.167,2.241,1.7323,0.6017,0.093
7,7,0,7,27,0.14,81.5,6.1,214,2026-09-26 17:50:00,PT5M,0.291,0.6915,0.5018,0.0802,0.0
2,2,0,2,27,0.14,81.5,6.1,214,2026-09-26 17:55:00,PT5M,0.0,0.0,0.0,0.0,0.0
0,0,0,0,27,0.14,81.6,6.1,214,2026-09-26 18:00:00,PT5M,0.0,0.0,0.0,0.0,0.0
0,0,0,0,27,0.14,81.7,6.0,214,2026-09-26 18:05:00,PT5M,0.0,0.0,0.0,0.0,0.0
0,0,0,0,27,0.14,81.8,6.0,214,2026-09-26 18:10:00,PT5M,0.0,0.0,0.0,0.0,0.0
0,0,0,0,27,0.14,81.9,6.0,214,2026-09-26 18:15:00,PT5M,0.0,0.0,0.0,0.0,0.0
0,0,0,0,27,0.14,81.9,6.0,215,2026-09-26 18:20:00,PT5M,0.0,0.0,0.0,0.0,0.0
0,0,0,0,27,0.14,82.0,6.0,215,2026-09-26 18:25:00,PT5M,0.0,0.0,0.0,0.0,0.0
0,0,0,0,27,0.14,82.1,6.0,215,2026-09-26 18:30:00,PT5M,0.0,0.0,0.0,0.0,0.0
0,0,0,0,27,0.14,82.2,6.0,215,2026-09-26 18:35:00,PT5M,0.0,0.0,0.0,0.0,0.0
0,0,0,0,27,0.14,82.3,5.9,215,2026-09-26 18:40:00,PT5M,0.0,0.0,0.0,0.0,0.0
0,0,0,0,27,0.14,82.3,5.9,215,2026-09-26 18:45:00,PT5M,0.0,0.0,0.0,0.0,0.0
0,0,0,0,27,0.14,82.4,5.9,215,2026-09-26 18:50:00,PT5M,0.0,0.0,0.0,0.0,0.0
0,0,0,0,27,0.14,82.5,5.9,215,2026-09-26 18:55:00,PT5M,0.0,0.0,0.0,0.0,0.0
0,0,0,0,27,0.14,82.6,5.9,215,2026-09-26 19:00:00,PT5M,0.0,0.0,0.0,0.0,0.0
0,0,0,0,26,0.14,82.7,5.9,215,2026-09-26 19:05:00,PT5M,0.0,0.0,0.0,0.0,0.0
0,0,0,0,26,0.14,82.7,5.9,215,2026-09-26 19:10:00,PT5M,0.0,0.0,0.0,0.0,0.0
0,0,0,0,26,0.14,82.8,5.8,216,2026-09-26 19:15:00,PT5M,0.0,0.0,0.0,0.0,0.0
0,0,0,0,26,0.14,82.9,5.8,216,2026-09-26 19:20:00,PT5M,0.0,0.0,0.0,0.0,0.0
0,0,0,0,26,0.14,83.0,5.8,216,2026-09-26 19:25:00,PT5M,0.0,0.0,0.0,0.0,0.0
0,0,0,0,26,0.14,83.1,5.8,216,2026-09-26 19:30:00,PT5M,0.0,0.0,0.0,0.0,0.0
0,0,0,0,26,0.14,83.1,5.8,216,2026-09-26 19:35:00,PT5M,0.0,0.0,0.0,0.0,0.0
0,0,0,0,26,0.14,83.2,5.8,216,2026-09-26 19:40:00,PT5M,0.0,0.0,0.0,0.0,0.0
0,0,0,0,26,0.14,83.2,5.8,216,2026-09-26 19:45:00,PT5M,0.0,0.0,0.0,0.0,0.0
0,0,0,0,26,0.14,83.2,5.8,216,2026-09-26 19:50:00,PT5M,0.0,0.0,0.0,0.0,0.0
0,0,0,0,26,0.14,83.3,5.7,216,2026-09-26 19:55:00,PT5M,0.0,0.0,0.0,0.0,0.0
0,0,0,0,26,0.14,83.3,5.7,216,2026-09-26 20:00:00,PT5M,0.0,0.0,0.0,0.0,0.0
0,0,0,0,26,0.14,83.3,5.7,217,2026-09-26 20:05:00,PT5M,0.0,0.0,0.0,0.0,0.0
0,0,0,0,26,0.14,83.4,5.7,217,2026-09-26 20:10:00,PT5M,0.0,0.0,0.0,0.0,0.0
0,0,0,0,26,0.14,83.4,5.7,217,2026-09-26 20:15:00,PT5M,0.0,0.0,0.0,0.0,0.0
0,0,0,0,26,0.14,83.5,5.7,217,2026-09-26 20:20:00,PT5M,0.0,0.0,0.0,0.0,0.0
0,0,0,0,26,0.14,83.5,5.7,217,2026-09-26 20:25:00,PT5M,0.0,0.0,0.0,0.0,0.0
0,0,0,0,26,0.14,83.5,5.6,217,2026-09-26 20:30:00,PT5M,0.0,0.0,0.0,0.0,0.0
0,0,0,0,26,0.14,83.6,5.6,217,2026-09-26 20:35:00,PT5M,0.0,0.0,0.0,0.0,0.0
0,0,0,0,26,0.14,83.7,5.6,217,2026-09-26 20:40:00,PT5M,0.0,0.0,0.0,0.0,0.0
0,0,0,0,26,0.14,83.8,5.6,217,2026-09-26 20:45:00,PT5M,0.0,0.0,0.0,0.0,0.0
0,0,0,0,26,0.14,83.9,5.6,217,2026-09-26 20:50:00,PT5M,0.0,0.0,0.0,0.0,0.0
0,0,0,0,26,0.14,83.9,5.6,218,2026-09-26 20:55:00,PT5M,0.0,0.0,0.0,0.0,0.0
0,0,0,0,26,0.14,84.0,5.6,218,2026-09-26 21:00:00,PT5M,0.0,0.0,0.0,0.0,0.0
0,0,0,0,26,0.14,84.1,5.6,218,2026-09-26 21:05:00,PT5M,0.0,0.0,0.0,0.0,0.0
0,0,0,0,26,0.14,84.2,5.5,218,2026-09-26 21:10:00,PT5M,0.0,0.0,0.0,0.0,0.0
0,0,0,0,26,0.14,84.3,5.5,218,2026-09-26 21:15:00,PT5M,0.0,0.0,0.0,0.0,0.0
0,0,0,0,26,0.14,84.3,5.5,218,2026-09-26 21:20:00,PT5M,0.0,0.0,0.0,0.0,0.0
0,0,0,0,26,0.14,84.4,5.5,218,2026-09-26 21:25:00,PT5M,0.0,0.0,0.0,0.0,0.0
0,0,0,0,26,0.14,84.5,5.5,218,2026-09-26 21:30:00,PT5M,0.0,0.0,0.0,0.0,0.0
0,0,0,0,26,0.14,84.6,5.5,218,2026-09-26 21:35:00,PT5M,0.0,0.0,0.0,0.0,0.0
0,0,0,0,26,0.14,84.6,5.5,218,2026-09-26 21:40:00,PT5M,0.0,0.0,0.0,0.0,0.0
0,0,0,0,26,0.14,84.7,5.4,219,2026-09-26 21:45:00,PT5M,0.0,0.0,0.0,0.0,0.0
0,0,0,0,26,0.14,84.7,5.4,219,2026-09-26 21:50:00,PT5M,0.0,0.0,0.0,0.0,0.0
0,0,0,0,26,0.14,84.7,5.4,219,2026-09-26 21:55:00,PT5M,0.0,0.0,0.0,0.0,0.0
0,0,0,0,26,0.14,84.8,5.4,219,2026-09-26 22:00:00,PT5M,0.0,0.0,0.0,0.0,0.0
0,0,0,0,26,0.14,84.8,5.4,219,2026-09-26 22:05:00,PT5M,0.0,0.0,0.0,0.0,0.0
0,0,0,0,26,0.14,84.9,5.4,219,2026-09-26 22:10:00,PT5M,0.0,0.0,0.0,0.0,0.0
0,0,0,0,26,0.14,84.9,5.4,219,2026-09-26 22:15:00,PT5M,0.0,0.0,0.0,0.0,0.0
0,0,0,0,26,0.14,84.9,5.4,219,2026-09-26 22:20:00,PT5M,0.0,0.0,0.0,0.0,0.0
0,0,0,0,25,0.14,85.0,5.3,219,2026-09-26 22:25:00,PT5M,0.0,0.0,0.0,0.0,0.0
0,0,0,0,25,0.14,85.0,5.3,220,2026-09-26 22:30:00,PT5M,0.0,0.0,0.0,0.0,0.0
0,0,0,0,25,0.14,85.1,5.3,220,2026-09-26 22:35:00,PT5M,0.0,0.0,0.0,0.0,0.0
0,0,0,0,25,0.14,85.2,5.3,220,2026-09-26 22:40:00,PT5M,0.0,0.0,0.0,0.0,0.0
0,0,0,0,25,0.14,85.2,5.3,220,2026-09-26 22:45:00,PT5M,0.0,0.0,0.0,0.0,0.0
0,0,0,0,25,0.14,85.3,5.3,220,2026-09-26 22:50:00,PT5M,0.0,0.0,0.0,0.0,0.0
0,0,0,0,25,0.14,85.4,5.2,220,2026-09-26 22:55:00,PT5M,0.0,0.0,0.0,0.0,0.0
0,0,0,0,25,0.14,85.5,5.2,221,2026-09-26 23:00:00,PT5M,0.0,0.0,0.0,0.0,0.0
0,0,0,0,25,0.14,85.6,5.2,221,2026-09-26 23:05:00,PT5M,0.0,0.0,0.0,0.0,0.0
0,0,0,0,25,0.14,85.7,5.2,221,2026-09-26 23:10:00,PT5M,0.0,0.0,0.0,0.0,0.0
0,0,0,0,25,0.14,85.7,5.2,221,2026-09-26 23:15:00,PT5M,0.0,0.0,0.0,0.0,0.0
0,0,0,0,25,0.14,85.8,5.1,221,2026-09-26 23:20:00,PT5M,0.0,0.0,0.0,0.0,0.0
0,0,0,0,25,0.14,85.9,5.1,222,2026-09-26 23:25:00,PT5M,0.0,0.0,0.0,0.0,0.0
0,0,0,0,25,0.14,86.0,5.1,222,2026-09-26 23:30:00,PT5M,0.0,0.0,0.0,0.0,0.0
0,0,0,0,25,0.14,86.0,5.1,222,2026-09-26 23:35:00,PT5M,0.0,0.0,0.0,0.0,0.0
0,0,0,0,25,0.14,86.0,5.1,222,2026-09-26 23:40:00,PT5M,0.0,0.0,0.0,0.0,0.0
0,0,0,0,25,0.14,86.0,5.1,221,2026-09-26 23:45:00,PT5M,0.0,0.0,0.0,0.0,0.0
0,0,0,0,25,0.14,86.0,5.1,221,2026-09-26 23:50:00,PT5M,0.0,0.0,0.0,0.0,0.0
0,0,0,0,25,0.14,86.0,5.1,221,2026-09-26 23:55:00,PT5M,0.0,0.0,0.0,0.0,0.0
0,0,0,0,25,0.14,86.0,5.1,221,2026-09-27 00:00:00,PT5M,0.0,0.0,0.0,0.0,0.0
0,0,0,0,25,0.14,86.0,5.1,221,2026-09-27 00:05:00,PT5M,0.0,0.0,0.0,0.0,0.0
0,0,0,0,25,0.14,86.0,5.1,221,2026-09-27 00:10:00,PT5M,0.0,0.0,0.0,0.0,0.0
0,0,0,0,25,0.14,86.0,5.1,221,2026-09-27 00:15:00,PT5M,0.0,0.0,0.0,0.0,0.0
0,0,0,0,25,0.14,86.0,5.1,221,2026-09-27 00:20:00,PT5M,0.0,0.0,0.0,0.0,0.0
0,0,0,0,25,0.14,86.0,5.1,220,2026-09-27 00:25:00,PT5M,0.0,0.0,0.0,0.0,0.0
0,0,0,0,25,0.14,86.0,5.1,220,2026-09-27 00:30:00,PT5M,0.0,0.0,0.0,0.0,0.0
0,0,0,0,25,0.14,86.0,5.1,220,2026-09-27 00:35:00,PT5M,0.0,0.0,0.0,0.0,0.0
0,0,0,0,25,0.14,86.0,5.1,220,2026-09-27 00:40:00,PT5M,0.0,0.0,0.0,0.0,0.0
0,0,0,0,25,0.14,85.9,5.1,220,2026-09-27 00:45:00,PT5M,0.0,0.0,0.0,0.0,0.0
0,0,0,0,25,0.14,85.9,5.1,220,2026-09-27 00:50:00,PT5M,0.0,0.0,0.0,0.0,0.0
0,0,0,0,25,0.14,85.8,5.1,220,2026-09-27 00:55:00,PT5M,0.0,0.0,0.0,0.0,0.0
0,0,0,0,25,0.14,85.8,5.1,220,2026-09-27 01:00:00,PT5M,0.0,0.0,0.0,0.0,0.0
0,0,0,0,25,0.14,85.7,5.1,220,2026-09-27 01:05:00,PT5M,0.0,0.0,0.0,0.0,0.0
0,0,0,0,25,0.14,85.7,5.1,220,2026-09-27 01:10:00,PT5M,0.0,0.0,0.0,0.0,0.0
0,0,0,0,25,0.14,85.7,5.1,220,2026-09-27 01:15:00,PT5M,0.0,0.0,0.0,0.0,0.0
0,0,0,0,25,0.14,85.6,5.1,220,2026-09-27 01:20:00,PT5M,0.0,0.0,0.0,0.0,0.0
0,0,0,0,25,0.14,85.6,5.1,219,2026-09-27 01:25:00,PT5M,0.0,0.0,0.0,0.0,0.0
0,0,0,0,25,0.14,85.5,5.0,219,2026-09-27 01:30:00,PT5M,0.0,0.0,0.0,0.0,0.0
0,0,0,0,25,0.14,85.5,5.0,219,2026-09-27 01:35:00,PT5M,0.0,0.0,0.0,0.0,0.0
0,0,0,0,25,0.14,85.5,5.0,219,2026-09-27 01:40:00,PT5M,0.0,0.0,0.0,0.0,0.0
0,0,0,0,25,0.14,85.5,5.0,219,2026-09-27 01:45:00,PT5M,0.0,0.0,0.0,0.0,0.0
0,0,0,0,25,0.14,85.5,5.0,219,2026-09-27 01:50:00,PT5M,0.0,0.0,0.0,0.0,0.0
0,0,0,0,25,0.14,85.5,5.0,219,2026-09-27 01:55:00,PT5M,0.0,0.0,0.0,0.0,0.0
0,0,0,0,25,0.14,85.5,5.0,219,2026-09-27 02:00:00,PT5M,0.0,0.0,0.0,0.0,0.0
0,0,0,0,25,0.14,85.5,5.0,219,2026-09-27 02:05:00,PT5M,0.0,0.0,0.0,0.0,0.0
0,0,0,0,25,0.14,85.5,5.0,219,2026-09-27 02:10:00,PT5M,0.0,0.0,0.0,0.0,0.0
0,0,0,0,25,0.14,85.5,4.9,219,2026-09-27 02:15:00,PT5M,0.0,0.0,0.0,0.0,0.0
0,0,0,0,25,0.14,85.5,4.9,219,2026-09-27 02:20:00,PT5M,0.0,0.0,0.0,0.0,0.0
0,0,0,0,25,0.14,85.5,4.9,219,2026-09-27 02:25:00,PT5M,0.0,0.0,0.0,0.0,0.0
0,0,0,0,25,0.14,85.5,4.9,219,2026-09-27 02:30:00,PT5M,0.0,0.0,0.0,0.0,0.0
0,0,0,0,25,0.14,85.5,4.9,219,2026-09-27 02:35:00,PT5M,0.0,0.0,0.0,0.0,0.0
0,0,0,0,25,0.14,85.4,4.9,219,2026-09-27 02:40:00,PT5M,0.0,0.0,0.0,0.0,0.0
0,0,0,0,25,0.14,85.4,4.9,219,2026-09-27 02:45:00,PT5M,0.0,0.0,0.0,0.0,0.0
0,0,0,0,25,0.14,85.3,4.9,219,2026-09-27 02:50:00,PT5M,0.0,0.0,0.0,0.0,0.0
0,0,0,0,25,0.14,85.3,4.9,219,2026-09-27 02:55:00,PT5M,0.0,0.0,0.0,0.0,0.0
0,0,0,0,25,0.14,85.3,4.9,219,2026-09-27 03:00:00,PT5M,0.0,0.0,0.0,0.0,0.0
0,0,0,0,25,0.14,85.2,4.9,219,2026-09-27 03:05:00,PT5M,0.0,0.0,0.0,0.0,0.0
0,0,0,0,25,0.14,85.2,4.9,219,2026-09-27 03:10:00,PT5M,0.0,0.0,0.0,0.0,0.0
0,0,0,0,25,0.14,85.1,4.9,219,2026-09-27 03:15:00,PT5M,0.0,0.0,0.0,0.0,0.0
0,0,0,0,25,0.14,85.1,4.9,218,2026-09-27 03:20:00,PT5M,0.0,0.0,0.0,0.0,0.0
0,0,0,0,25,0.14,85.0,4.8,218,2026-09-27 03:25:00,PT5M,0.0,0.0,0.0,0.0,0.0
0,0,0,0,25,0.14,85.0,4.8,218,2026-09-27 03:30:00,PT5M,0.0,0.0,0.0,0.0,0.0
0,0,0,0,25,0.14,85.0,4.8,218,2026-09-27 03:35:00,PT5M,0.0,0.0,0.0,0.0,0.0
0,0,0,0,25,0.14,85.0,4.8,218,2026-09-27 03:40:00,PT5M,0.0,0.0,0.0,0.0,0.0
0,0,0,0,25,0.14,85.0,4.8,218,2026-09-27 03:45:00,PT5M,0.0,0.0,0.0,0.0,0.0
0,0,0,0,25,0.14,85.0,4.8,218,2026-09-27 03:50:00,PT5M,0.0,0.0,0.0,0.0,0.0
0,0,0,0,25,0.14,85.0,4.8,218,2026-09-27 03:55:00,PT5M,0.0,0.0,0.0,0.0,0.0
0,0,0,0,25,0.14,85.0,4.8,218,2026-09-27 04:00:00,PT5M,0.0,0.0,0.0,0.0,0.0
0,0,0,0,25,0.14,85.0,4.8,218,2026-09-27 04:05:00,PT5M,0.0,0.0,0.0,0.0,0.0
0,0,0,0,25,0.14,85.0,4.8,218,2026-09-27 04:10:00,PT5M,0.0,0.0,0.0,0.0,0.0
0,0,0,0,25,0.14,85.0,4.8,218,2026-09-27 04:15:00,PT5M,0.0,0.0,0.0,0.0,0.0
0,0,0,0,25,0.14,85.0,4.8,218,2026-09-27 04:20:00,PT5M,0.0,0.0,0.0,0.0,0.0
0,0,0,0,25,0.14,85.0,4.8,218,2026-09-27 04:25:00,PT5M,0.0,0.0,0.0,0.0,0.0
0,0,0,0,25,0.14,85.0,4.8,218,2026-09-27 04:30:00,PT5M,0.0,0.0,0.0,0.0,0.0
0,0,0,0,25,0.14,85.0,4.8,218,2026-09-27 04:35:00,PT5M,0.0,0.0,0.0,0.0,0.0
0,0,0,0,25,0.14,85.0,4.8,218,2026-09-27 04:40:00,PT5M,0.0,0.0,0.0,0.0,0.0
0,0,0,0,25,0.14,85.0,4.8,218,2026-09-27 04:45:00,PT5M,0.0,0.0,0.0,0.0,0.0
0,0,0,0,25,0.14,85.0,4.8,218,2026-09-27 04:50:00,PT5M,0.0,0.0,0.0,0.0,0.0
0,0,0,0,25,0.14,85.0,4.8,218,2026-09-27 04:55:00,PT5M,0.0,0.0,0.0,0.0,0.0
0,0,0,0,25,0.14,85.0,4.8,218,2026-09-27 05:00:00,PT5M,0.0,0.0,0.0,0.0,0.0
0,0,0,0,25,0.14,85.0,4.8,218,2026-09-27 05:05:00,PT5M,0.0,0.0,0.0,0.0,0.0
0,0,0,0,25,0.14,85.0,4.8,218,2026-09-27 05:10:00,PT5M,0.0,0.0,0.0,0.0,0.0
0,0,0,0,25,0.14,85.0,4.8,218,2026-09-27 05:15:00,PT5M,0.0,0.0,0.0,0.0,0.0
0,0,0,0,25,0.14,85.0,4.8,218,2026-09-27 05:20:00,PT5M,0.0,0.0,0.0,0.0,0.0
0,0,0,0,25,0.14,85.0,4.8,217,2026-09-27 05:25:00,PT5M,0.0,0.0,0.0,0.0,0.0
0,0,0,0,25,0.14,85.0,4.8,217,2026-09-27 05:30:00,PT5M,0.0,0.0,0.0,0.0,0.0
0,0,0,0,25,0.14,84.5,4.8,218,2026-09-27 05:35:00,PT5M,0.0,0.0,0.0,0.0,0.0
0,0,0,0,25,0.14,83.5,4.7,218,2026-09-27 05:40:00,PT5M,0.0,0.0,0.0,0.0,0.0
0,0,0,0,25,0.14,82.6,4.6,218,2026-09-27 05:45:00,PT5M,0.0,0.0,0.0,0.0,0.0
0,0,0,0,25,0.14,81.6,4.6,219,2026-09-27 05:50:00,PT5M,0.0,0.0,0.0,0.0,0.0
0,0,0,0,25,0.14,80.7,4.5,219,2026-09-27 05:55:00,PT5M,0.0,0.0,0.0,0.0,0.0
1,1,0,1,26,0.14,79.8,4.5,220,2026-09-27 06:00:00,PT5M,0.0,0.0,0.0,0.0,0.0
6,6,0,6,26,0.14,78.9,4.4,220,2026-09-27 06:05:00,PT5M,0.098,0.4195,0.2672,0.0,0.0
12,12,0,12,26,0.14,78.0,4.4,221,2026-09-27 06:10:00,PT5M,0.904,1.8435,1.3985,0.4095,0.0
19,19,0,19,26,0.14,77.1,4.3,221,2026-09-27 06:15:00,PT5M,1.862,3.4995,2.7238,1.0002,0.2245
28,28,0,28,26,0.14,76.2,4.3,222,2026-09-27 06:20:00,PT5M,2.979,5.499,4.3053,1.6527,0.459
38,39,0,39,26,0.14,75.3,4.2,222,2026-09-27 06:25:00,PT5M,4.294,7.9175,6.2011,2.3869,0.6705
51,51,0,51,26,0.14,74.5,4.2,223,2026-09-27 06:30:00,PT5M,5.935,10.92,8.5586,3.3114,0.95
64,64,0,64,27,0.14,73.6,4.1,223,2026-09-27 06:35:00,PT5M,7.633,15.5695,11.81,3.456,0.0
78,78,21,74,27,0.14,72.8,4.1,224,2026-09-27 06:40:00,PT5M,9.942,19.723,15.0898,4.7942,0.161
93,93,48,83,27,0.14,72.0,4.0,224,2026-09-27 06:45:00,PT5M,12.791,24.4165,18.9096,6.6724,1.1655
109,109,77,91,27,0.14,71.1,4.0,225,2026-09-27 06:50:00,PT5M,15.98,29.4505,23.0696,8.8904,2.5095
125,125,106,99,27,0.14,70.3,3.9,226,2026-09-27 06:55:00,PT5M,19.396,34.7985,27.5024,11.2896,3.9935
143,142,134,107,27,0.14,69.5,3.9,226,2026-09-27 07:00:00,PT5M,23.071,40.4595,32.2227,13.9193,5.6825
160,159,157,114,27,0.14,68.7,3.8,227,2026-09-27 07:05:00,PT5M,26.716,46.1295,36.9335,16.4985,7.3025
177,176,179,121,27,0.14,68.0,3.8,228,2026-09-27 07:10:00,PT5M,30.498,51.925,41.7752,19.2208,9.071
195,194,201,128,28,0.14,67.2,3.7,228,2026-09-27 07:15:00,PT5M,34.479,57.9285,46.8206,22.1374,11.0295
213,212,223,134,28,0.14,66.4,3.7,229,2026-09-27 07:20:00,PT5M,38.583,64.0555,51.9894,25.1766,13.1105
232,230,245,140,28,0.14,65.7,3.6,230,2026-09-27 07:25:00,PT5M,42.83,70.3145,57.2953,28.3647,15.3455
250,249,266,146,28,0.14,64.9,3.6,230,2026-09-27 07:30:00,PT5M,47.221,76.7125,62.7426,31.6994,17.7295
270,268,288,151,28,0.14,64.2,3.6,231,2026-09-27 07:35:00,PT5M,51.758,83.2705,68.3433,35.1727,20.2455
289,288,310,155,28,0.14,63.5,3.5,232,2026-09-27 07:40:00,PT5M,56.487,90.1085,74.1822,38.7918,22.8655
310,308,332,159,28,0.14,62.8,3.5,233,2026-09-27 07:45:00,PT5M,60.053,94.499,78.1822,41.9238,25.607
330,328,355,162,29,0.14,62.1,3.4,233,2026-09-27 07:50:00,PT5M,63.243,98.118,81.598,44.888,28.368
351,348,378,165,29,0.14,61.4,3.4,234,2026-09-27 07:55:00,PT5M,66.318,100.0,84.8672,47.7688,31.074
372,369,400,167,29,0.14,60.7,3.3,235,2026-09-27 08:00:00,PT5M,69.359,100.0,88.0674,50.6506,33.8125
393,390,424,169,29,0.14,60.0,3.3,236,2026-09-27 08:05:00,PT5M,72.3,100.0,91.1281,53.4719,36.526
415,412,447,170,29,0.14,59.3,3.3,237,2026-09-27 08:10:00,PT5M,75.122,100.0,94.0251,56.2189,39.2055
436,433,470,170,29,0.14,58.6,3.2,238,2026-09-27 08:15:00,PT5M,77.808,100.0,96.7369,58.8791,41.8425
458,455,494,170,29,0.14,58.0,3.2,239,2026-09-27 08:20:00,PT5M,80.339,100.0,99.239,61.439,44.4285
480,476,517,169,29,0.14,57.3,3.1,239,2026-09-27 08:25:00,PT5M,82.704,100.0,100.0,63.8896,46.956
502,498,541,168,30,0.14,56.7,3.1,240,2026-09-27 08:30:00,PT5M,84.966,100.0,100.0,66.2318,49.3705
521,517,555,169,30,0.14,56.0,3.1,241,2026-09-27 08:35:00,PT5M,86.488,100.0,100.0,67.8299,51.037
537,533,559,173,30,0.14,55.2,3.0,242,2026-09-27 08:40:00,PT5M,87.185,100.0,100.0,68.5543,51.786
553,548,562,177,30,0.14,54.5,3.0,243,2026-09-27 08:45:00,PT5M,87.831,100.0,100.0,69.2331,52.4945
568,564,565,181,30,0.14,53.7,2.9,243,2026-09-27 08:50:00,PT5M,88.436,100.0,100.0,69.8774,53.174
583,578,568,185,30,0.14,53.0,2.9,244,2026-09-27 08:55:00,PT5M,89.006,100.0,100.0,70.4924,53.8295
598,593,571,189,31,0.14,52.3,2.9,245,2026-09-27 09:00:00,PT5M,89.547,100.0,100.0,71.1852,54.659
612,608,575,192,31,0.14,51.6,2.8,245,2026-09-27 09:05:00,PT5M,90.162,100.0,100.0,72.0023,55.658
627,622,578,196,31,0.14,50.9,2.8,246,2026-09-27 09:10:00,PT5M,90.728,100.0,100.0,72.7651,56.598
641,636,581,199,31,0.14,50.2,2.7,247,2026-09-27 09:15:00,PT5M,91.265,100.0,100.0,73.494,57.4995
655,650,584,202,31,0.14,49.5,2.7,248,2026-09-27 09:20:00,PT5M,91.775,100.0,100.0,74.1908,58.3645
668,663,587,206,31,0.14,48.8,2.7,248,2026-09-27 09:25:00,PT5M,92.259,100.0,100.0,74.8569,59.1945
681,676,589,209,32,0.14,48.2,2.6,249,2026-09-27 09:30:00,PT5M,92.718,100.0,100.0,75.4925,59.989
694,689,593,212,32,0.14,47.5,2.6,250,2026-09-27 09:35:00,PT5M,93.222,100.0,100.0,76.1773,60.8365
708,702,597,214,32,0.14,46.9,2.5,251,2026-09-27 09:40:00,PT5M,93.769,100.0,100.0,76.9098,61.736
720,714,601,216,32,0.14,46.3,2.5,252,2026-09-27 09:45:00,PT5M,94.239,100.0,100.0,77.5559,62.5405
732,726,604,218,32,0.14,45.6,2.5,253,2026-09-27 09:50:00,PT5M,94.679,100.0,100.0,78.1659,63.3035
744,738,607,221,33,0.14,45.0,2.4,254,2026-09-27 09:55:00,PT5M,95.098,100.0,100.0,78.7498,64.036
755,749,610,223,33,0.14,44.4,2.4,255,2026-09-27 10:00:00,PT5M,95.494,100.0,100.0,79.3024,64.7295
766,760,613,225,33,0.14,43.8,2.4,256,2026-09-27 10:05:00,PT5M,95.879,100.0,100.0,79.8387,65.402
777,771,616,226,33,0.14,43.2,2.3,257,2026-09-27 10:10:00,PT5M,96.251,100.0,100.0,80.3573,66.0525
787,781,619,228,33,0.14,42.7,2.3,258,2026-09-27 10:15:00,PT5M,96.6,100.0,100.0,80.8466,66.668
796,790,622,229,33,0.14,42.1,2.3,259,2026-09-27 10:20:00,PT5M,96.925,100.0,100.0,81.3063,67.249
806,800,625,230,34,0.14,41.5,2.2,260,2026-09-27 10:25:00,PT5M,97.231,100.0,100.0,81.7418,67.801
815,809,627,232,34,0.14,41.0,2.2,262,2026-09-27 10:30:00,PT5M,97.517,100.0,100.0,82.1525,68.324
823,816,629,233,34,0.14,40.4,2.2,263,2026-09-27 10:35:00,PT5M,97.718,100.0,100.0,82.4619,68.731
830,823,629,235,34,0.14,39.9,2.1,264,2026-09-27 10:40:00,PT5M,97.837,100.0,100.0,82.6722,69.0235
836,830,629,237,34,0.14,39.4,2.1,265,2026-09-27 10:45:00,PT5M,97.933,100.0,100.0,82.8525,69.2795
842,836,629,239,34,0.14,38.8,2.1,267,2026-09-27 10:50:00,PT5M,98.006,100.0,100.0,83.001,69.496
848,841,629,241,35,0.14,38.3,2.1,268,2026-09-27 10:55:00,PT5M,98.053,100.0,100.0,83.1075,69.656
853,846,628,243,35,0.14,37.8,2.0,269,2026-09-27 11:00:00,PT5M,98.077,100.0,100.0,83.1765,69.7655
857,851,628,245,35,0.14,37.3,2.0,271,2026-09-27 11:05:00,PT5M,98.09,100.0,100.0,83.2447,69.8835
861,855,627,247,35,0.14,36.8,2.0,272,2026-09-27 11:10:00,PT5M,98.087,100.0,100.0,83.2967,69.985
865,858,626,248,35,0.14,36.3,2.0,274,2026-09-27 11:15:00,PT5M,98.059,100.0,100.0,83.3074,70.0305
868,861,625,250,36,0.14,35.8,2.0,275,2026-09-27 11:20:00,PT5M,98.011,100.0,100.0,83.2886,70.038
871,864,624,252,36,0.14,35.4,1.9,277,2026-09-27 11:25:00,PT5M,97.943,100.0,100.0,83.2414,70.0095
873,866,623,253,36,0.14,34.9,1.9,278,2026-09-27 11:30:00,PT5M,97.854,100.0,100.0,83.1663,69.947
875,868,623,254,36,0.14,34.6,1.9,279,2026-09-27 11:35:00,PT5M,97.823,100.0,100.0,83.1451,69.9345
877,870,624,254,36,0.14,34.5,1.9,278,2026-09-27 11:40:00,PT5M,97.848,100.0,100.0,83.1746,69.968
878,872,624,254,36,0.14,34.4,1.9,277,2026-09-27 11:45:00,PT5M,97.85,100.0,100.0,83.1737,69.9645
879,873,625,254,36,0.14,34.3,1.9,276,2026-09-27 11:50:00,PT5M,97.828,100.0,100.0,83.1411,69.9225
880,873,625,254,36,0.14,34.2,1.9,276,2026-09-27 11:55:00,PT5M,97.781,100.0,100.0,83.076,69.841
880,873,625,254,36,0.14,34.1,1.9,275,2026-09-27 12:00:00,PT5M,97.762,100.0,100.0,83.0309,69.7725
879,873,625,254,36,0.14,34.0,1.9,274,2026-09-27 12:05:00,PT5M,97.782,100.0,100.0,83.018,69.73
878,872,625,253,36,0.14,33.9,1.9,273,2026-09-27 12:10:00,PT5M,97.784,100.0,100.0,82.9803,69.6565
877,870,625,253,36,0.14,33.8,1.9,273,2026-09-27 12:15:00,PT5M,97.762,100.0,100.0,82.9115,69.5455
875,868,624,252,36,0.14,33.7,1.8,272,2026-09-27 12:20:00,PT5M,97.717,100.0,100.0,82.8122,69.3975
872,865,624,252,36,0.14,33.7,1.8,271,2026-09-27 12:25:00,PT5M,97.65,100.0,100.0,82.6839,69.214
869,862,623,251,36,0.14,33.6,1.8,270,2026-09-27 12:30:00,PT5M,97.561,100.0,100.0,82.5278,68.9975
865,859,622,250,36,0.14,33.5,1.8,270,2026-09-27 12:35:00,PT5M,97.453,100.0,100.0,82.3464,68.75
861,855,622,250,36,0.14,33.4,1.8,269,2026-09-27 12:40:00,PT5M,97.324,100.0,100.0,82.1366,68.4675
857,850,620,249,37,0.14,33.3,1.8,268,2026-09-27 12:45:00,PT5M,97.175,100.0,100.0,81.8981,68.1485
852,845,619,248,37,0.14,33.2,1.8,267,2026-09-27 12:50:00,PT5M,97.0,100.0,100.0,81.6187,67.775
846,840,618,247,37,0.14,33.1,1.8,266,2026-09-27 12:55:00,PT5M,96.809,100.0,100.0,81.3235,67.386
840,834,616,246,37,0.14,33.0,1.8,266,2026-09-27 13:00:00,PT5M,96.607,100.0,100.0,81.0278,67.006
833,827,615,245,37,0.14,32.9,1.8,265,2026-09-27 13:05:00,PT5M,96.375,100.0,100.0,80.6892,66.5715
826,820,612,244,37,0.14,32.8,1.8,264,2026-09-27 13:10:00,PT5M,96.109,100.0,100.0,80.3011,66.0735
819,813,610,243,37,0.14,32.7,1.8,263,2026-09-27 13:15:00,PT5M,95.818,100.0,100.0,79.8806,65.5365
811,805,607,242,37,0.14,32.6,1.8,262,2026-09-27 13:20:00,PT5M,95.504,100.0,100.0,79.4316,64.966
802,796,605,240,37,0.14,32.5,1.8,262,2026-09-27 13:25:00,PT5M,95.168,100.0,100.0,78.9564,64.3655
794,788,602,239,37,0.14,32.4,1.8,261,2026-09-27 13:30:00,PT5M,94.809,100.0,100.0,78.454,63.734
784,778,599,238,37,0.14,32.3,1.8,260,2026-09-27 13:35:00,PT5M,94.432,100.0,100.0,77.9404,63.0975
775,769,597,236,37,0.14,32.3,1.8,259,2026-09-27 13:40:00,PT5M,94.036,100.0,100.0,77.4136,62.453
765,759,594,234,37,0.14,32.2,1.8,258,2026-09-27 13:45:00,PT5M,93.617,100.0,100.0,76.8591,61.7765
754,748,590,233,37,0.14,32.1,1.8,257,2026-09-27 13:50:00,PT5M,93.176,100.0,100.0,76.2771,61.0675
743,738,587,231,37,0.14,32.0,1.8,257,2026-09-27 13:55:00,PT5M,92.711,100.0,100.0,75.666,60.325
732,726,584,229,37,0.14,31.9,1.8,256,2026-09-27 14:00:00,PT5M,92.223,100.0,100.0,75.0262,59.5485
720,715,580,227,37,0.14,31.8,1.8,255,2026-09-27 14:05:00,PT5M,91.712,100.0,100.0,74.356,58.735
708,703,577,225,37,0.14,31.7,1.8,254,2026-09-27 14:10:00,PT5M,91.178,100.0,100.0,73.6583,57.89
696,691,573,223,37,0.14,31.6,1.8,253,2026-09-27 14:15:00,PT5M,90.612,100.0,100.0,72.9231,57.0025
683,677,568,221,37,0.14,31.5,1.8,253,2026-09-27 14:20:00,PT5M,89.97,100.0,100.0,72.104,56.024
669,664,563,219,37,0.14,31.4,1.8,252,2026-09-27 14:25:00,PT5M,89.303,100.0,100.0,71.2559,55.013
655,650,557,216,37,0.14,31.4,1.8,251,2026-09-27 14:30:00,PT5M,88.608,100.0,100.0,70.3759,53.9665
638,633,544,217,37,0.14,31.5,1.8,251,2026-09-27 14:35:00,PT5M,87.426,100.0,100.0,68.9316,52.286
618,613,523,220,37,0.14,31.9,1.8,251,2026-09-27 14:40:00,PT5M,85.701,100.0,100.0,66.9474,50.0685
598,593,503,223,37,0.14,32.3,1.7,251,2026-09-27 14:45:00,PT5M,83.958,100.0,100.0,65.0023,47.9415
577,573,483,225,37,0.14,32.8,1.7,251,2026-09-27 14:50:00,PT5M,82.162,100.0,100.0,63.0171,45.786
557,553,463,226,37,0.14,33.2,1.7,252,2026-09-27 14:55:00,PT5M,80.312,100.0,99.6335,60.9905,43.6005
538,534,445,226,36,0.14,33.6,1.6,252,2026-09-27 15:00:00,PT5M,78.527,100.0,98.0048,59.0492,41.5185
518,514,426,226,36,0.14,34.0,1.6,252,2026-09-27 15:05:00,PT5M,76.65,100.0,96.2623,57.0377,39.386
498,495,408,226,36,0.14,34.5,1.6,253,2026-09-27 15:10:00,PT5M,74.673,100.0,94.3953,54.9507,37.2
478,475,389,225,36,0.14,34.9,1.6,253,2026-09-27 15:15:00,PT5M,72.63,100.0,92.4447,52.8153,34.9815
459,456,370,224,36,0.14,35.4,1.5,253,2026-09-27 15:20:00,PT5M,70.527,100.0,90.3835,50.6705,32.799
439,437,352,222,36,0.14,35.9,1.5,254,2026-09-27 15:25:00,PT5M,68.335,100.0,88.2405,48.4295,30.514
420,417,333,220,36,0.14,36.3,1.5,254,2026-09-27 15:30:00,PT5M,66.063,100.0,85.9911,46.1349,28.199
400,398,315,217,35,0.14,36.8,1.4,254,2026-09-27 15:35:00,PT5M,63.707,100.0,83.6206,43.7934,25.8705
381,379,297,214,35,0.14,37.3,1.4,255,2026-09-27 15:40:00,PT5M,61.237,98.932,81.0761,41.3979,23.542
362,360,278,210,35,0.14,37.8,1.4,255,2026-09-27 15:45:00,PT5M,58.658,96.104,78.3661,38.9499,21.212
343,341,260,206,35,0.14,38.3,1.4,255,2026-09-27 15:50:00,PT5M,55.979,93.0805,75.5058,36.4522,18.8775
324,323,242,201,35,0.14,38.8,1.3,256,2026-09-27 15:55:00,PT5M,53.21,89.8785,72.5089,33.9111,16.5415
306,304,224,196,35,0.14,39.3,1.3,256,2026-09-27 16:00:00,PT5M,50.364,86.5205,69.3934,31.3346,14.2075
287,286,207,190,34,0.14,39.8,1.3,257,2026-09-27 16:05:00,PT5M,47.544,83.133,66.2747,28.8133,11.955
269,268,189,184,34,0.14,40.3,1.2,257,2026-09-27 16:10:00,PT5M,44.644,79.617,63.0505,26.2375,9.671
252,251,172,177,34,0.14,40.8,1.2,258,2026-09-27 16:15:00,PT5M,41.576,75.573,59.4689,23.6831,7.579
234,234,156,170,34,0.14,41.4,1.2,258,2026-09-27 16:20:00,PT5M,37.979,69.7465,54.6985,21.2595,6.2115
217,217,139,163,34,0.14,41.9,1.2,259,2026-09-27 16:25:00,PT5M,34.484,64.0975,50.0698,18.8982,4.8705
201,200,123,155,34,0.14,42.4,1.1,259,2026-09-27 16:30:00,PT5M,31.097,58.574,45.5583,16.6357,3.62
184,184,105,147,34,0.14,43.0,1.1,260,2026-09-27 16:35:00,PT5M,27.782,53.156,41.1365,14.4275,2.408
168,168,88,139,33,0.14,43.6,1.1,261,2026-09-27 16:40:00,PT5M,24.668,47.94,36.9162,12.4198,1.396
152,152,70,130,33,0.14,44.1,1.0,261,2026-09-27 16:45:00,PT5M,21.564,42.6935,32.6846,10.4434,0.4345
137,137,53,121,33,0.14,44.7,1.0,262,2026-09-27 16:50:00,PT5M,18.628,37.6735,28.6518,8.6042,0.0
122,122,35,112,33,0.14,45.3,1.0,263,2026-09-27 16:55:00,PT5M,15.882,32.8795,24.8279,6.9361,0.0
107,107,16,103,33,0.14,45.9,1.0,264,2026-09-27 17:00:00,PT5M,13.246,28.2725,21.1546,5.3374,0.0
92,93,0,93,33,0.14,46.5,0.9,264,2026-09-27 17:05:00,PT5M,10.918,24.0775,17.8439,3.9921,0.0
79,79,0,79,32,0.14,47.1,0.9,265,2026-09-27 17:10:00,PT5M,9.213,20.56,15.185,3.241,0.0
66,66,0,66,32,0.14,47.7,0.9,266,2026-09-27 17:15:00,PT5M,7.656,17.2085,12.6835,2.6285,0.0
54,55,0,55,32,0.14,48.4,0.9,267,2026-09-27 17:20:00,PT5M,6.268,14.0445,10.3608,2.1752,0.0
44,44,0,44,32,0.14,49.0,0.8,268,2026-09-27 17:25:00,PT5M,4.922,10.988,8.1146,1.7294,0.0
34,34,0,34,32,0.14,49.7,0.8,269,2026-09-27 17:30:00,PT5M,3.65,8.145,6.0158,1.2842,0.0
26,26,0,26,32,0.14,50.2,0.8,269,2026-09-27 17:35:00,PT5M,2.609,5.754,4.2642,0.9538,0.0
18,18,0,18,32,0.14,50.5,0.8,266,2026-09-27 17:40:00,PT5M,1.69,3.6245,2.7081,0.6719,0.0
12,12,0,12,31,0.14,50.9,0.9,264,2026-09-27 17:45:00,PT5M,0.851,1.852,1.3778,0.3242,0.0
6,6,0,6,31,0.14,51.3,0.9,261,2026-09-27 17:50:00,PT5M,0.094,0.4325,0.2722,0.0,0.0
1,1,0,1,31,0.14,51.7,0.9,259,2026-09-27 17:55:00,PT5M,0.0,0.0,0.0,0.0,0.0
0,0,0,0,31,0.14,52.0,1.0,257,2026-09-27 18:00:00,PT5M,0.0,0.0,0.0,0.0,0.0
0,0,0,0,31,0.14,52.4,1.0,255,2026-09-27 18:05:00,PT5M,0.0,0.0,0.0,0.0,0.0
0,0,0,0,31,0.14,52.8,1.0,254,2026-09-27 18:10:00,PT5M,0.0,0.0,0.0,0.0,0.0
0,0,0,0,31,0.14,53.2,1.1,252,2026-09-27 18:15:00,PT5M,0.0,0.0,0.0,0.0,0.0
0,0,0,0,31,0.14,53.6,1.1,250,2026-09-27 18:20:00,PT5M,0.0,0.0,0.0,0.0,0.0
0,0,0,0,31,0.14,54.0,1.1,249,2026-09-27 18:25:00,PT5M,0.0,0.0,0.0,0.0,0.0
0,0,0,0,31,0.14,54.4,1.2,248,2026-09-27 18:30:00,PT5M,0.0,0.0,0.0,0.0,0.0
0,0,0,0,30,0.14,54.8,1.2,246,2026-09-27 18:35:00,PT5M,0.0,0.0,0.0,0.0,0.0
0,0,0,0,30,0.14,55.2,1.3,245,2026-09-27 18:40:00,PT5M,0.0,0.0,0.0,0.0,0.0
0,0,0,0,30,0.14,55.6,1.3,244,2026-09-27 18:45:00,PT5M,0.0,0.0,0.0,0.0,0.0
0,0,0,0,30,0.14,56.0,1.3,243,2026-09-27 18:50:00,PT5M,0.0,0.0,0.0,0.0,0.0
0,0,0,0,30,0.14,56.5,1.4,242,2026-09-27 18:55:00,PT5M,0.0,0.0,0.0,0.0,0.0
0,0,0,0,30,0.14,56.9,1.4,241,2026-09-27 19:00:00,PT5M,0.0,0.0,0.0,0.0,0.0
0,0,0,0,30,0.14,57.3,1.5,240,2026-09-27 19:05:00,PT5M,0.0,0.0,0.0,0.0,0.0
0,0,0,0,30,0.14,57.7,1.5,240,2026-09-27 19:10:00,PT5M,0.0,0.0,0.0,0.0,0.0
0,0,0,0,30,0.14,58.2,1.5,239,2026-09-27 19:15:00,PT5M,0.0,0.0,0.0,0.0,0.0
0,0,0,0,29,0.14,58.6,1.6,238,2026-09-27 19:20:00,PT5M,0.0,0.0,0.0,0.0,0.0
0,0,0,0,29,0.14,59.0,1.6,237,2026-09-27 19:25:00,PT5M,0.0,0.0,0.0,0.0,0.0
0,0,0,0,29,0.14,59.5,1.7,237,2026-09-27 19:30:00,PT5M,0.0,0.0,0.0,0.0,0.0
0,0,0,0,29,0.14,59.9,1.7,236,2026-09-27 19:35:00,PT5M,0.0,0.0,0.0,0.0,0.0
0,0,0,0,29,0.14,60.4,1.7,235,2026-09-27 19:40:00,PT5M,0.0,0.0,0.0,0.0,0.0
0,0,0,0,29,0.14,60.8,1.8,235,2026-09-27 19:45:00,PT5M,0.0,0.0,0.0,0.0,0.0
0,0,0,0,29,0.14,61.3,1.8,234,2026-09-27 19:50:00,PT5M,0.0,0.0,0.0,0.0,0.0
0,0,0,0,29,0.14,61.8,1.9,234,2026-09-27 19:55:00,PT5M,0.0,0.0,0.0,0.0,0.0
0,0,0,0,29,0.14,62.2,1.9,233,2026-09-27 20:00:00,PT5M,0.0,0.0,0.0,0.0,0.0
0,0,0,0,28,0.14,62.7,2.0,233,2026-09-27 20:05:00,PT5M,0.0,0.0,0.0,0.0,0.0
0,0,0,0,28,0.14,63.2,2.0,232,2026-09-27 20:10:00,PT5M,0.0,0.0,0.0,0.0,0.0
0,0,0,0,28,0.14,63.6,2.0,232,2026-09-27 20:15:00,PT5M,0.0,0.0,0.0,0.0,0.0
0,0,0,0,28,0.14,64.1,2.1,231,2026-09-27 20:20:00,PT5M,0.0,0.0,0.0,0.0,0.0
0,0,0,0,28,0.14,64.6,2.1,231,2026-09-27 20:25:00,PT5M,0.0,0.0,0.0,0.0,0.0
0,0,0,0,28,0.14,65.1,2.2,231,2026-09-27 20:30:00,PT5M,0.0,0.0,0.0,0.0,0.0
0,0,0,0,28,0.14,65.4,2.2,230,2026-09-27 20:35:00,PT5M,0.0,0.0,0.0,0.0,0.0
0,0,0,0,28,0.14,65.6,2.2,230,2026-09-27 20:40:00,PT5M,0.0,0.0,0.0,0.0,0.0
0,0,0,0,28,0.14,65.7,2.2,230,2026-09-27 20:45:00,PT5M,0.0,0.0,0.0,0.0,0.0
0,0,0,0,28,0.14,65.9,2.2,230,2026-09-27 20:50:00,PT5M,0.0,0.0,0.0,0.0,0.0
0,0,0,0,28,0.14,66.0,2.2,229,2026-09-27 20:55:00,PT5M,0.0,0.0,0.0,0.0,0.0
0,0,0,0,28,0.14,66.2,2.2,229,2026-09-27 21:00:00,PT5M,0.0,0.0,0.0,0.0,0.0
0,0,0,0,28,0.14,66.3,2.2,229,2026-09-27 21:05:00,PT5M,0.0,0.0,0.0,0.0,0.0
0,0,0,0,28,0.14,66.5,2.2,229,2026-09-27 21:10:00,PT5M,0.0,0.0,0.0,0.0,0.0
0,0,0,0,28,0.14,66.6,2.2,228,2026-09-27 21:15:00,PT5M,0.0,0.0,0.0,0.0,0.0
0,0,0,0,28,0.14,66.8,2.2,228,2026-09-27 21:20:00,PT5M,0.0,0.0,0.0,0.0,0.0
0,0,0,0,27,0.14,66.9,2.2,228,2026-09-27 21:25:00,PT5M,0.0,0.0,0.0,0.0,0.0
0,0,0,0,27,0.14,67.1,2.2,228,2026-09-27 21:30:00,PT5M,0.0,0.0,0.0,0.0,0.0
0,0,0,0,27,0.14,67.2,2.2,227,2026-09-27 21:35:00,PT5M,0.0,0.0,0.0,0.0,0.0
0,0,0,0,27,0.14,67.4,2.2,227,2026-09-27 21:40:00,PT5M,0.0,0.0,0.0,0.0,0.0
0,0,0,0,27,0.14,67.5,2.2,227,2026-09-27 21:45:00,PT5M,0.0,0.0,0.0,0.0,0.0
0,0,0,0,27,0.14,67.7,2.2,227,2026-09-27 21:50:00,PT5M,0.0,0.0,0.0,0.0,0.0
0,0,0,0,27,0.14,67.8,2.2,226,2026-09-27 21:55:00,PT5M,0.0,0.0,0.0,0.0,0.0
0,0,0,0,27,0.14,68.0,2.2,226,2026-09-27 22:00:00,PT5M,0.0,0.0,0.0,0.0,0.0
0,0,0,0,27,0.14,68.1,2.2,226,2026-09-27 22:05:00,PT5M,0.0,0.0,0.0,0.0,0.0
0,0,0,0,27,0.14,68.3,2.2,226,2026-09-27 22:10:00,PT5M,0.0,0.0,0.0,0.0,0.0
0,0,0,0,27,0.14,68.5,2.2,225,2026-09-27 22:15:00,PT5M,0.0,0.0,0.0,0.0,0.0
0,0,0,0,27,0.14,68.6,2.2,225,2026-09-27 22:20:00,PT5M,0.0,0.0,0.0,0.0,0.0
0,0,0,0,27,0.14,68.8,2.2,225,2026-09-27 22:25:00,PT5M,0.0,0.0,0.0,0.0,0.0
0,0,0,0,27,0.14,68.9,2.2,225,2026-09-27 22:30:00,PT5M,0.0,0.0,0.0,0.0,0.0
0,0,0,0,27,0.14,69.1,2.2,224,2026-09-27 22:35:00,PT5M,0.0,0.0,0.0,0.0,0.0
0,0,0,0,27,0.14,69.2,2.2,224,2026-09-27 22:40:00,PT5M,0.0,0.0,0.0,0.0,0.0
0,0,0,0,27,0.14,69.4,2.2,224,2026-09-27 22:45:00,PT5M,0.0,0.0,0.0,0.0,0.0
0,0,0,0,27,0.14,69.6,2.2,224,2026-09-27 22:50:00,PT5M,0.0,0.0,0.0,0.0,0.0
0,0,0,0,27,0.14,69.7,2.2,223,2026-09-27 22:55:00,PT5M,0.0,0.0,0.0,0.0,0.0
0,0,0,0,27,0.14,69.9,2.3,223,2026-09-27 23:00:00,PT5M,0.0,0.0,0.0,0.0,0.0
0,0,0,0,27,0.14,70.0,2.3,223,2026-09-27 23:05:00,PT5M,0.0,0.0,0.0,0.0,0.0
0,0,0,0,27,0.14,70.2,2.3,223,2026-09-27 23:10:00,PT5M,0.0,0.0,0.0,0.0,0.0
0,0,0,0,27,0.14,70.4,2.3,222,2026-09-27 23:15:00,PT5M,0.0,0.0,0.0,0.0,0.0
0,0,0,0,27,0.14,70.5,2.3,222,2026-09-27 23:20:00,PT5M,0.0,0.0,0.0,0.0,0.0
0,0,0,0,27,0.14,70.7,2.3,222,2026-09-27 23:25:00,PT5M,0.0,0.0,0.0,0.0,0.0
0,0,0,0,27,0.14,70.9,2.3,222,2026-09-27 23:30:00,PT5M,0.0,0.0,0.0,0.0,0.0
0,0,0,0,27,0.14,71.0,2.3,221,2026-09-27 23:35:00,PT5M,0.0,0.0,0.0,0.0,0.0
0,0,0,0,26,0.14,71.3,2.3,222,2026-09-27 23:40:00,PT5M,0.0,0.0,0.0,0.0,0.0
0,0,0,0,26,0.14,71.5,2.3,222,2026-09-27 23:45:00,PT5M,0.0,0.0,0.0,0.0,0.0
0,0,0,0,26,0.14,71.7,2.3,222,2026-09-27 23:50:00,PT5M,0.0,0.0,0.0,0.0,0.0
0,0,0,0,26,0.14,71.9,2.3,222,2026-09-27 23:55:00,PT5M,0.0,0.0,0.0,0.0,0.0
0,0,0,0,26,0.14,72.1,2.3,222,2026-09-28 00:00:00,PT5M,0.0,0.0,0.0,0.0,0.0
0,0,0,0,26,0.14,72.3,2.3,222,2026-09-28 00:05:00,PT5M,0.0,0.0,0.0,0.0,0.0
0,0,0,0,26,0.14,72.5,2.3,223,2026-09-28 00:10:00,PT5M,0.0,0.0,0.0,0.0,0.0
0,0,0,0,26,0.14,72.8,2.2,223,2026-09-28 00:15:00,PT5M,0.0,0.0,0.0,0.0,0.0
0,0,0,0,26,0.14,73.0,2.2,223,2026-09-28 00:20:00,PT5M,0.0,0.0,0.0,0.0,0.0
0,0,0,0,26,0.14,73.2,2.2,223,2026-09-28 00:25:00,PT5M,0.0,0.0,0.0,0.0,0.0
0,0,0,0,26,0.14,73.4,2.2,223,2026-09-28 00:30:00,PT5M,0.0,0.0,0.0,0.0,0.0
0,0,0,0,26,0.14,73.6,2.2,223,2026-09-28 00:35:00,PT5M,0.0,0.0,0.0,0.0,0.0
0,0,0,0,26,0.14,73.9,2.2,223,2026-09-28 00:40:00,PT5M,0.0,0.0,0.0,0.0,0.0
0,0,0,0,26,0.14,74.1,2.2,224,2026-09-28 00:45:00,PT5M,0.0,0.0,0.0,0.0,0.0
0,0,0,0,26,0.14,74.3,2.2,224,2026-09-28 00:50:00,PT5M,0.0,0.0,0.0,0.0,0.0
0,0,0,0,26,0.14,74.5,2.2,224,2026-09-28 00:55:00,PT5M,0.0,0.0,0.0,0.0,0.0
0,0,0,0,26,0.14,74.7,2.2,224,2026-09-28 01:00:00,PT5M,0.0,0.0,0.0,0.0,0.0
0,0,0,0,26,0.14,75.0,2.2,224,2026-09-28 01:05:00,PT5M,0.0,0.0,0.0,0.0,0.0
0,0,0,0,26,0.14,75.2,2.2,224,2026-09-28 01:10:00,PT5M,0.0,0.0,0.0,0.0,0.0
0,0,0,0,26,0.14,75.4,2.2,224,2026-09-28 01:15:00,PT5M,0.0,0.0,0.0,0.0,0.0
0,0,0,0,26,0.14,75.6,2.2,225,2026-09-28 01:20:00,PT5M,0.0,0.0,0.0,0.0,0.0
0,0,0,0,26,0.14,75.9,2.2,225,2026-09-28 01:25:00,PT5M,0.0,0.0,0.0,0.0,0.0
0,0,0,0,26,0.14,76.1,2.2,225,2026-09-28 01:30:00,PT5M,0.0,0.0,0.0,0.0,0.0
0,0,0,0,26,0.14,76.3,2.2,225,2026-09-28 01:35:00,PT5M,0.0,0.0,0.0,0.0,0.0
0,0,0,0,26,0.14,76.5,2.2,225,2026-09-28 01:40:00,PT5M,0.0,0.0,0.0,0.0,0.0
0,0,0,0,26,0.14,76.8,2.2,225,2026-09-28 01:45:00,PT5M,0.0,0.0,0.0,0.0,0.0
0,0,0,0,25,0.14,77.0,2.2,226,2026-09-28 01:50:00,PT5M,0.0,0.0,0.0,0.0,0.0
0,0,0,0,25,0.14,77.2,2.2,226,2026-09-28 01:55:00,PT5M,0.0,0.0,0.0,0.0,0.0
0,0,0,0,25,0.14,77.5,2.2,226,2026-09-28 02:00:00,PT5M,0.0,0.0,0.0,0.0,0.0
0,0,0,0,25,0.14,77.7,2.2,226,2026-09-28 02:05:00,PT5M,0.0,0.0,0.0,0.0,0.0
0,0,0,0,25,0.14,77.9,2.2,226,2026-09-28 02:10:00,PT5M,0.0,0.0,0.0,0.0,0.0
0,0,0,0,25,0.14,78.2,2.2,226,2026-09-28 02:15:00,PT5M,0.0,0.0,0.0,0.0,0.0
0,0,0,0,25,0.14,78.4,2.2,226,2026-09-28 02:20:00,PT5M,0.0,0.0,0.0,0.0,0.0
0,0,0,0,25,0.14,78.6,2.2,227,2026-09-28 02:25:00,PT5M,0.0,0.0,0.0,0.0,0.0
0,0,0,0,25,0.14,78.9,2.2,227,2026-09-28 02:30:00,PT5M,0.0,0.0,0.0,0.0,0.0
0,0,0,0,25,0.14,79.0,2.2,227,2026-09-28 02:35:00,PT5M,0.0,0.0,0.0,0.0,0.0
0,0,0,0,25,0.14,79.1,2.2,227,2026-09-28 02:40:00,PT5M,0.0,0.0,0.0,0.0,0.0
0,0,0,0,25,0.14,79.2,2.2,226,2026-09-28 02:45:00,PT5M,0.0,0.0,0.0,0.0,0.0
0,0,0,0,25,0.14,79.3,2.2,226,2026-09-28 02:50:00,PT5M,0.0,0.0,0.0,0.0,0.0
0,0,0,0,25,0.14,79.4,2.1,226,2026-09-28 02:55:00,PT5M,0.0,0.0,0.0,0.0,0.0
0,0,0,0,25,0.14,79.5,2.1,226,2026-09-28 03:00:00,PT5M,0.0,0.0,0.0,0.0,0.0
0,0,0,0,25,0.14,79.6,2.1,226,2026-09-28 03:05:00,PT5M,0.0,0.0,0.0,0.0,0.0
0,0,0,0,25,0.14,79.7,2.1,225,2026-09-28 03:10:00,PT5M,0.0,0.0,0.0,0.0,0.0
0,0,0,0,25,0.14,79.8,2.1,225,2026-09-28 03:15:00,PT5M,0.0,0.0,0.0,0.0,0.0
0,0,0,0,25,0.14,79.9,2.1,225,2026-09-28 03:20:00,PT5M,0.0,0.0,0.0,0.0,0.0
0,0,0,0,25,0.14,80.0,2.1,225,2026-09-28 03:25:00,PT5M,0.0,0.0,0.0,0.0,0.0
0,0,0,0,25,0.14,80.1,2.1,224,2026-09-28 03:30:00,PT5M,0.0,0.0,0.0,0.0,0.0
0,0,0,0,25,0.14,80.1,2.0,224,2026-09-28 03:35:00,PT5M,0.0,0.0,0.0,0.0,0.0
0,0,0,0,25,0.14,80.2,2.0,224,2026-09-28 03:40:00,PT5M,0.0,0.0,0.0,0.0,0.0
0,0,0,0,25,0.14,80.3,2.0,224,2026-09-28 03:45:00,PT5M,0.0,0.0,0.0,0.0,0.0
0,0,0,0,25,0.14,80.4,2.0,224,2026-09-28 03:50:00,PT5M,0.0,0.0,0.0,0.0,0.0
0,0,0,0,25,0.14,80.5,2.0,223,2026-09-28 03:55:00,PT5M,0.0,0.0,0.0,0.0,0.0
0,0,0,0,25,0.14,80.6,2.0,223,2026-09-28 04:00:00,PT5M,0.0,0.0,0.0,0.0,0.0
0,0,0,0,25,0.14,80.7,2.0,223,2026-09-28 04:05:00,PT5M,0.0,0.0,0.0,0.0,0.0
0,0,0,0,25,0.14,80.8,2.0,223,2026-09-28 04:10:00,PT5M,0.0,0.0,0.0,0.0,0.0
0,0,0,0,25,0.14,80.9,2.0,222,2026-09-28 04:15:00,PT5M,0.0,0.0,0.0,0.0,0.0
0,0,0,0,25,0.14,81.0,1.9,222,2026-09-28 04:20:00,PT5M,0.0,0.0,0.0,0.0,0.0
0,0,0,0,25,0.14,81.1,1.9,222,2026-09-28 04:25:00,PT5M,0.0,0.0,0.0,0.0,0.0
0,0,0,0,25,0.14,81.2,1.9,222,2026-09-28 04:30:00,PT5M,0.0,0.0,0.0,0.0,0.0
0,0,0,0,25,0.14,81.3,1.9,221,2026-09-28 04:35:00,PT5M,0.0,0.0,0.0,0.0,0.0
0,0,0,0,25,0.14,81.4,1.9,221,2026-09-28 04:40:00,PT5M,0.0,0.0,0.0,0.0,0.0
0,0,0,0,25,0.14,81.5,1.9,221,2026-09-28 04:45:00,PT5M,0.0,0.0,0.0,0.0,0.0
0,0,0,0,25,0.14,81.6,1.9,221,2026-09-28 04:50:00,PT5M,0.0,0.0,0.0,0.0,0.0
0,0,0,0,25,0.14,81.7,1.9,220,2026-09-28 04:55:00,PT5M,0.0,0.0,0.0,0.0,0.0
0,0,0,0,25,0.14,81.7,1.9,220,2026-09-28 05:00:00,PT5M,0.0,0.0,0.0,0.0,0.0
0,0,0,0,25,0.14,81.8,1.8,220,2026-09-28 05:05:00,PT5M,0.0,0.0,0.0,0.0,0.0
0,0,0,0,25,0.14,81.9,1.8,219,2026-09-28 05:10:00,PT5M,0.0,0.0,0.0,0.0,0.0
0,0,0,0,25,0.14,82.0,1.8,219,2026-09-28 05:15:00,PT5M,0.0,0.0,0.0,0.0,0.0
0,0,0,0,24,0.14,82.1,1.8,219,2026-09-28 05:20:00,PT5M,0.0,0.0,0.0,0.0,0.0
0,0,0,0,24,0.14,82.2,1.8,219,2026-09-28 05:25:00,PT5M,0.0,0.0,0.0,0.0,0.0
0,0,0,0,24,0.14,82.3,1.8,218,2026-09-28 05:30:00,PT5M,0.0,0.0,0.0,0.0,0.0
0,0,0,0,25,0.14,81.9,1.8,219,2026-09-28 05:35:00,PT5M,0.0,0.0,0.0,0.0,0.0
0,0,0,0,25,0.14,81.1,1.8,219,2026-09-28 05:40:00,PT5M,0.0,0.0,0.0,0.0,0.0
0,0,0,0,25,0.14,80.2,1.8,220,2026-09-28 05:45:00,PT5M,0.0,0.0,0.0,0.0,0.0
0,0,0,0,25,0.14,79.3,1.8,221,2026-09-28 05:50:00,PT5M,0.0,0.0,0.0,0.0,0.0
0,0,0,0,25,0.14,78.5,1.9,221,2026-09-28 05:55:00,PT5M,0.0,0.0,0.0,0.0,0.0
2,2,0,2,25,0.14,77.7,1.9,222,2026-09-28 06:00:00,PT5M,0.0,0.0,0.0,0.0,0.0
8,9,0,9,25,0.14,76.9,1.9,223,2026-09-28 06:05:00,PT5M,0.459,0.864,0.6722,0.2458,0.054
16,16,0,16,26,0.14,76.0,1.9,224,2026-09-28 06:10:00,PT5M,1.492,2.536,2.0415,0.9425,0.448
25,25,0,25,26,0.14,75.2,2.0,224,2026-09-28 06:15:00,PT5M,2.636,4.481,3.607,1.665,0.791
35,35,0,35,26,0.14,74.4,2.0,225,2026-09-28 06:20:00,PT5M,3.879,6.898,5.4679,2.2901,0.86
46,46,0,46,26,0.14,73.7,2.0,225,2026-09-28 06:25:00,PT5M,5.256,9.566,7.5244,2.9876,0.946
58,58,16,56,26,0.14,72.9,2.0,226,2026-09-28 06:30:00,PT5M,7.258,13.078,10.3211,4.1949,1.438
72,71,43,65,26,0.14,72.1,2.0,227,2026-09-28 06:35:00,PT5M,9.718,17.1775,13.644,5.792,2.2585
86,86,69,73,26,0.14,71.4,2.1,227,2026-09-28 06:40:00,PT5M,12.437,21.589,17.2538,7.6202,3.285
101,101,96,82,27,0.14,70.6,2.1,228,2026-09-28 06:45:00,PT5M,15.455,26.293,21.1591,9.7509,4.617
117,117,122,90,27,0.14,69.9,2.1,228,2026-09-28 06:50:00,PT5M,18.744,31.2695,25.3363,12.1517,6.2185
134,134,148,97,27,0.14,69.1,2.1,229,2026-09-28 06:55:00,PT5M,22.183,36.452,29.6929,14.6731,7.914
151,151,172,105,27,0.14,68.4,2.2,229,2026-09-28 07:00:00,PT5M,25.768,41.8745,34.245,17.291,9.6615
168,167,191,112,27,0.14,67.7,2.2,230,2026-09-28 07:05:00,PT5M,29.336,47.3765,38.8308,19.8412,11.2955
185,184,210,120,27,0.14,67.0,2.2,230,2026-09-28 07:10:00,PT5M,33.039,53.067,43.5799,22.4981,13.011
203,201,228,127,27,0.14,66.3,2.2,231,2026-09-28 07:15:00,PT5M,36.844,58.9255,48.4657,25.2223,14.7625
220,219,245,134,28,0.14,65.6,2.2,231,2026-09-28 07:20:00,PT5M,40.708,64.8105,53.3933,28.0227,16.6055
238,237,262,140,28,0.14,64.9,2.3,232,2026-09-28 07:25:00,PT5M,44.628,70.7525,58.3775,30.8785,18.5035
256,254,278,146,28,0.14,64.2,2.3,232,2026-09-28 07:30:00,PT5M,48.604,76.755,63.4201,33.7879,20.453
274,272,293,152,28,0.14,63.6,2.3,233,2026-09-28 07:35:00,PT5M,52.636,82.846,68.5357,36.7363,22.426
292,290,308,158,28,0.14,62.9,2.3,233,2026-09-28 07:40:00,PT5M,56.767,89.1405,73.8054,39.7286,24.3935
311,308,324,164,28,0.14,62.2,2.4,234,2026-09-28 07:45:00,PT5M,59.604,92.853,77.1032,42.1048,26.355
329,327,339,169,28,0.14,61.6,2.4,234,2026-09-28 07:50:00,PT5M,62.105,95.913,79.8984,44.3116,28.297
348,345,353,174,29,0.14,61.0,2.4,235,2026-09-28 07:55:00,PT5M,64.518,98.83,82.5767,46.4593,30.206
366,363,368,178,29,0.14,60.3,2.4,235,2026-09-28 08:00:00,PT5M,66.834,100.0,85.1263,48.5417,32.078
385,382,382,182,29,0.14,59.7,2.5,235,2026-09-28 08:05:00,PT5M,69.04,100.0,87.5363,50.5437,33.8965
403,400,396,186,29,0.14,59.1,2.5,236,2026-09-28 08:10:00,PT5M,71.183,100.0,89.8472,52.5188,35.7205
422,419,410,189,29,0.14,58.5,2.5,236,2026-09-28 08:15:00,PT5M,73.19,100.0,91.9757,54.4043,37.4965
441,437,424,193,29,0.14,57.9,2.5,237,2026-09-28 08:20:00,PT5M,75.051,100.0,93.9065,56.1955,39.225
459,456,437,196,30,0.14,57.3,2.6,237,2026-09-28 08:25:00,PT5M,76.771,100.0,95.6454,57.8966,40.909
477,474,450,198,30,0.14,56.7,2.6,237,2026-09-28 08:30:00,PT5M,78.401,100.0,97.2699,59.5321,42.5495
495,491,462,201,30,0.14,56.0,2.6,238,2026-09-28 08:35:00,PT5M,79.868,100.0,98.7164,61.0196,44.0555
513,509,473,204,30,0.14,55.1,2.6,239,2026-09-28 08:40:00,PT5M,81.181,100.0,99.9983,62.3637,45.4275
530,526,483,207,30,0.14,54.3,2.6,239,2026-09-28 08:45:00,PT5M,82.427,100.0,100.0,63.6507,46.7515
547,543,493,209,30,0.14,53.4,2.5,240,2026-09-28 08:50:00,PT5M,83.616,100.0,100.0,64.8626,47.984
564,559,503,211,31,0.14,52.6,2.5,241,2026-09-28 08:55:00,PT5M,84.753,100.0,100.0,66.0636,49.2425
581,576,513,213,31,0.14,51.8,2.5,241,2026-09-28 09:00:00,PT5M,85.848,100.0,100.0,67.2317,50.4765
598,593,524,214,31,0.14,51.0,2.5,242,2026-09-28 09:05:00,PT5M,86.998,100.0,100.0,68.5386,51.9245
614,609,534,215,31,0.14,50.3,2.5,243,2026-09-28 09:10:00,PT5M,88.085,100.0,100.0,69.8671,53.4705
631,626,544,216,31,0.14,49.5,2.5,244,2026-09-28 09:15:00,PT5M,89.171,100.0,100.0,71.1923,55.011
647,642,555,217,32,0.14,48.8,2.4,244,2026-09-28 09:20:00,PT5M,90.17,100.0,100.0,72.4284,56.4605
663,658,565,218,32,0.14,48.0,2.4,245,2026-09-28 09:25:00,PT5M,91.131,100.0,100.0,73.6237,57.8665
679,673,575,218,32,0.14,47.3,2.4,246,2026-09-28 09:30:00,PT5M,92.055,100.0,100.0,74.7792,59.2305
695,689,585,218,32,0.14,46.6,2.4,247,2026-09-28 09:35:00,PT5M,92.944,100.0,100.0,75.8969,60.554
710,704,595,218,32,0.14,45.9,2.4,247,2026-09-28 09:40:00,PT5M,93.798,100.0,100.0,76.9764,61.8365
725,718,604,218,33,0.14,45.2,2.4,248,2026-09-28 09:45:00,PT5M,94.567,100.0,100.0,77.9631,63.019
739,732,612,217,33,0.14,44.5,2.4,249,2026-09-28 09:50:00,PT5M,95.298,100.0,100.0,78.907,64.1545
753,746,621,217,33,0.14,43.9,2.3,250,2026-09-28 09:55:00,PT5M,96.001,100.0,100.0,79.8192,65.255
766,760,629,217,33,0.14,43.2,2.3,251,2026-09-28 10:00:00,PT5M,96.674,100.0,100.0,80.694,66.3115
780,773,638,216,33,0.14,42.6,2.3,252,2026-09-28 10:05:00,PT5M,97.329,100.0,100.0,81.5469,67.3425
793,786,647,214,33,0.14,41.9,2.3,252,2026-09-28 10:10:00,PT5M,97.966,100.0,100.0,82.3778,68.348
805,798,656,213,34,0.14,41.3,2.3,253,2026-09-28 10:15:00,PT5M,98.573,100.0,100.0,83.174,69.3145
818,810,664,211,34,0.14,40.7,2.3,254,2026-09-28 10:20:00,PT5M,99.151,100.0,100.0,83.9362,70.2425
829,822,673,209,34,0.14,40.1,2.3,255,2026-09-28 10:25:00,PT5M,99.706,100.0,100.0,84.6712,71.1395
841,834,682,207,34,0.14,39.5,2.3,256,2026-09-28 10:30:00,PT5M,100.0,100.0,100.0,85.1413,71.768
852,845,690,205,34,0.14,38.9,2.3,257,2026-09-28 10:35:00,PT5M,100.0,100.0,100.0,85.3131,72.0945
863,855,699,202,35,0.14,38.3,2.3,258,2026-09-28 10:40:00,PT5M,100.0,100.0,100.0,85.4802,72.412
873,865,707,199,35,0.14,37.7,2.2,259,2026-09-28 10:45:00,PT5M,100.0,100.0,100.0,85.641,72.7175
883,875,716,197,35,0.14,37.2,2.2,260,2026-09-28 10:50:00,PT5M,100.0,100.0,100.0,85.7934,73.007
892,884,724,194,35,0.14,36.6,2.2,260,2026-09-28 10:55:00,PT5M,100.0,100.0,100.0,85.9292,73.265
901,893,732,191,35,0.14,36.1,2.2,261,2026-09-28 11:00:00,PT5M,100.0,100.0,100.0,86.0526,73.4995
910,901,740,188,36,0.14,35.5,2.2,262,2026-09-28 11:05:00,PT5M,100.0,100.0,100.0,86.1868,73.7545
918,909,747,185,36,0.14,35.0,2.2,263,2026-09-28 11:10:00,PT5M,100.0,100.0,100.0,86.3197,74.007
925,916,755,182,36,0.14,34.5,2.2,264,2026-09-28 11:15:00,PT5M,100.0,100.0,100.0,86.4355,74.227
932,923,762,179,36,0.14,34.0,2.2,265,2026-09-28 11:20:00,PT5M,100.0,100.0,100.0,86.5415,74.4285
938,929,769,176,36,0.14,33.5,2.2,266,2026-09-28 11:25:00,PT5M,100.0,100.0,100.0,86.6394,74.6145
944,935,776,173,37,0.14,33.0,2.2,267,2026-09-28 11:30:00,PT5M,100.0,100.0,100.0,86.7305,74.7875
946,937,776,173,37,0.14,32.8,2.2,267,2026-09-28 11:35:00,PT5M,100.0,100.0,100.0,86.7555,74.835
945,936,768,178,37,0.14,32.9,2.1,267,2026-09-28 11:40:00,PT5M,100.0,100.0,100.0,86.7134,74.755
943,934,761,182,37,0.14,32.9,2.1,266,2026-09-28 11:45:00,PT5M,100.0,100.0,100.0,86.6629,74.659
940,931,753,187,37,0.14,33.0,2.0,266,2026-09-28 11:50:00,PT5M,100.0,100.0,100.0,86.6039,74.547
937,928,745,191,37,0.14,33.1,2.0,265,2026-09-28 11:55:00,PT5M,100.0,100.0,100.0,86.5363,74.4185
933,925,737,195,37,0.14,33.2,1.9,265,2026-09-28 12:00:00,PT5M,100.0,100.0,100.0,86.4602,74.274
929,920,728,200,37,0.14,33.3,1.9,264,2026-09-28 12:05:00,PT5M,100.0,100.0,100.0,86.3739,74.11
923,915,718,205,37,0.14,33.4,1.9,264,2026-09-28 12:10:00,PT5M,100.0,100.0,100.0,86.2779,73.9275
918,909,708,211,37,0.14,33.4,1.8,263,2026-09-28 12:15:00,PT5M,100.0,100.0,100.0,86.1742,73.7305
911,903,698,216,36,0.14,33.5,1.8,262,2026-09-28 12:20:00,PT5M,100.0,100.0,100.0,86.0631,73.5195
905,897,688,221,36,0.14,33.6,1.7,262,2026-09-28 12:25:00,PT5M,100.0,100.0,100.0,85.9447,73.2945
897,889,678,225,36,0.14,33.7,1.7,261,2026-09-28 12:30:00,PT5M,100.0,100.0,100.0,85.8205,73.0585
889,881,666,231,36,0.14,33.8,1.6,260,2026-09-28 12:35:00,PT5M,99.79,100.0,100.0,85.4681,72.578
880,872,654,236,36,0.14,33.9,1.6,260,2026-09-28 12:40:00,PT5M,99.163,100.0,100.0,84.6796,71.644
870,862,641,242,36,0.14,33.9,1.5,259,2026-09-28 12:45:00,PT5M,98.511,100.0,100.0,83.8573,70.6685
859,852,628,247,36,0.14,34.0,1.5,258,2026-09-28 12:50:00,PT5M,97.829,100.0,100.0,82.9911,69.6365
849,842,615,252,36,0.14,34.1,1.5,257,2026-09-28 12:55:00,PT5M,97.124,100.0,100.0,82.1042,68.586
838,831,602,257,36,0.14,34.2,1.4,256,2026-09-28 13:00:00,PT5M,96.404,100.0,100.0,81.215,67.5445
826,820,590,261,36,0.14,34.3,1.4,255,2026-09-28 13:05:00,PT5M,95.666,100.0,100.0,80.2949,66.4605
815,808,579,264,36,0.14,34.4,1.3,254,2026-09-28 13:10:00,PT5M,94.909,100.0,100.0,79.3456,65.338
803,797,567,268,36,0.14,34.4,1.3,253,2026-09-28 13:15:00,PT5M,94.121,100.0,100.0,78.3594,64.1735
791,785,555,270,36,0.14,34.5,1.2,251,2026-09-28 13:20:00,PT5M,93.301,100.0,100.0,77.3371,62.969
778,772,544,273,36,0.14,34.6,1.2,250,2026-09-28 13:25:00,PT5M,92.451,100.0,100.0,76.2821,61.7295
765,759,532,275,36,0.14,34.7,1.2,249,2026-09-28 13:30:00,PT5M,91.61,100.0,100.0,75.2337,60.4945
752,746,521,277,36,0.14,34.8,1.1,247,2026-09-28 13:35:00,PT5M,90.7,100.0,100.0,74.1247,59.2065
739,733,510,279,36,0.14,34.9,1.1,245,2026-09-28 13:40:00,PT5M,89.761,100.0,100.0,72.9942,57.9035
725,720,498,280,36,0.14,35.0,1.1,244,2026-09-28 13:45:00,PT5M,88.789,100.0,100.0,71.8277,56.562
711,706,487,281,36,0.14,35.1,1.0,242,2026-09-28 13:50:00,PT5M,87.782,100.0,100.0,70.6225,55.1785
697,692,476,282,36,0.14,35.1,1.0,240,2026-09-28 13:55:00,PT5M,86.74,100.0,100.0,69.3792,53.754
682,677,464,282,36,0.14,35.2,1.0,238,2026-09-28 14:00:00,PT5M,85.663,100.0,100.0,68.0975,52.288
668,663,453,282,36,0.14,35.3,0.9,235,2026-09-28 14:05:00,PT5M,84.559,100.0,100.0,66.7846,50.787
653,648,443,282,36,0.14,35.4,0.9,233,2026-09-28 14:10:00,PT5M,83.433,100.0,100.0,65.4478,49.2605
638,633,432,281,36,0.14,35.5,0.9,230,2026-09-28 14:15:00,PT5M,82.255,100.0,100.0,64.0556,47.6755
622,618,420,280,36,0.14,35.6,0.8,228,2026-09-28 14:20:00,PT5M,81.002,100.0,99.4204,62.5836,46.0065
606,602,409,279,36,0.14,35.7,0.8,225,2026-09-28 14:25:00,PT5M,79.713,100.0,98.3516,61.0744,44.299
590,586,397,278,36,0.14,35.8,0.8,221,2026-09-28 14:30:00,PT5M,78.386,100.0,97.2465,59.5255,42.5505
572,568,381,278,36,0.14,36.0,0.8,221,2026-09-28 14:35:00,PT5M,76.626,100.0,95.6886,57.5634,40.4065
551,548,359,279,36,0.14,36.4,0.8,222,2026-09-28 14:40:00,PT5M,74.404,100.0,93.6874,55.1206,37.765
530,527,338,279,36,0.14,36.8,0.8,224,2026-09-28 14:45:00,PT5M,72.161,100.0,91.6515,52.6705,35.1285
510,507,317,278,36,0.14,37.1,0.8,226,2026-09-28 14:50:00,PT5M,69.871,100.0,89.5544,50.1876,32.472
489,487,297,277,35,0.14,37.5,0.8,228,2026-09-28 14:55:00,PT5M,67.548,100.0,87.4082,47.6878,29.813
470,467,279,275,35,0.14,37.9,0.8,229,2026-09-28 15:00:00,PT5M,65.273,100.0,85.2895,45.2565,27.241
450,448,260,273,35,0.14,38.3,0.8,231,2026-09-28 15:05:00,PT5M,62.901,100.0,83.0457,42.7563,24.6255
431,429,241,270,35,0.14,38.7,0.8,232,2026-09-28 15:10:00,PT5M,60.428,98.8305,80.6395,40.2165,22.0255
411,410,223,267,35,0.14,39.2,0.8,234,2026-09-28 15:15:00,PT5M,57.946,96.492,78.233,37.659,19.4
392,391,204,263,35,0.14,39.6,0.8,236,2026-09-28 15:20:00,PT5M,55.361,94.0355,75.7157,35.0063,16.6865
373,372,187,258,35,0.14,40.0,0.8,237,2026-09-28 15:25:00,PT5M,52.724,91.4825,73.1229,32.3251,13.9655
354,353,169,253,35,0.14,40.4,0.8,239,2026-09-28 15:30:00,PT5M,50.037,88.82,70.4488,29.6252,11.254
336,335,152,248,34,0.14,40.8,0.9,240,2026-09-28 15:35:00,PT5M,47.238,85.979,67.6277,26.8483,8.497
317,316,134,242,34,0.14,41.3,0.9,242,2026-09-28 15:40:00,PT5M,44.348,82.925,64.6514,24.0446,5.771
299,298,117,235,34,0.14,41.7,0.9,243,2026-09-28 15:45:00,PT5M,41.429,79.731,61.5876,21.2704,3.127
281,281,100,228,34,0.14,42.2,0.9,244,2026-09-28 15:50:00,PT5M,38.704,76.627,58.6631,18.7449,0.781
263,263,84,221,34,0.14,42.6,0.9,246,2026-09-28 15:55:00,PT5M,35.747,73.1955,55.4564,16.0376,0.0
246,246,68,213,34,0.14,43.1,0.9,247,2026-09-28 16:00:00,PT5M,32.787,69.662,52.1946,13.3794,0.0
229,230,54,205,34,0.14,43.5,0.9,248,2026-09-28 16:05:00,PT5M,29.878,66.1195,48.9522,10.8038,0.0
213,213,40,196,34,0.14,44.0,0.9,249,2026-09-28 16:10:00,PT5M,27.031,62.5975,45.7499,8.3121,0.0
198,198,27,187,33,0.14,44.5,1.0,251,2026-09-28 16:15:00,PT5M,24.596,58.984,42.6947,6.4973,0.0
182,183,14,177,33,0.14,44.9,1.0,252,2026-09-28 16:20:00,PT5M,22.067,54.249,39.0046,5.1294,0.0
168,168,2,168,33,0.14,45.4,1.0,253,2026-09-28 16:25:00,PT5M,19.608,49.647,35.4177,3.7983,0.0
153,154,0,154,33,0.14,45.9,1.0,254,2026-09-28 16:30:00,PT5M,17.966,45.872,32.6531,3.2789,0.0
140,140,0,140,33,0.14,46.4,1.0,255,2026-09-28 16:35:00,PT5M,16.438,40.2095,28.9491,3.9269,0.0
126,127,0,127,33,0.14,46.9,1.0,256,2026-09-28 16:40:00,PT5M,14.918,36.6665,26.3644,3.4716,0.0
114,114,0,114,33,0.14,47.4,1.0,257,2026-09-28 16:45:00,PT5M,13.405,33.1365,23.7898,3.0202,0.0
101,102,0,102,33,0.14,47.9,1.1,258,2026-09-28 16:50:00,PT5M,11.931,29.668,21.2661,2.5959,0.0
90,90,0,90,32,0.14,48.4,1.1,259,2026-09-28 16:55:00,PT5M,10.51,26.296,18.8183,2.2017,0.0
78,78,0,78,32,0.14,48.9,1.1,260,2026-09-28 17:00:00,PT5M,9.107,22.829,16.329,1.885,0.0
67,67,0,67,32,0.14,49.4,1.1,261,2026-09-28 17:05:00,PT5M,7.787,19.5555,13.9808,1.5932,0.0
57,57,0,57,32,0.14,50.0,1.1,262,2026-09-28 17:10:00,PT5M,6.449,16.3225,11.6455,1.2525,0.0
47,47,0,47,32,0.14,50.5,1.1,263,2026-09-28 17:15:00,PT5M,5.265,13.3705,9.531,0.999,0.0
38,39,0,39,32,0.14,51.1,1.2,263,2026-09-28 17:20:00,PT5M,4.223,10.6715,7.6169,0.8291,0.0
31,31,0,31,32,0.14,51.6,1.2,264,2026-09-28 17:25:00,PT5M,3.223,8.138,5.8098,0.6362,0.0
24,24,0,24,32,0.14,52.2,1.2,265,2026-09-28 17:30:00,PT5M,2.305,5.854,4.1729,0.4371,0.0
18,18,0,18,31,0.14,52.7,1.2,264,2026-09-28 17:35:00,PT5M,1.577,4.002,2.8533,0.3007,0.0
12,13,0,13,31,0.14,53.3,1.2,261,2026-09-28 17:40:00,PT5M,0.939,2.4315,1.7245,0.1535,0.0
8,8,0,8,31,0.14,53.8,1.3,259,2026-09-28 17:45:00,PT5M,0.349,1.1655,0.7787,0.0,0.0
4,4,0,4,31,0.14,54.4,1.3,257,2026-09-28 17:50:00,PT5M,0.0,0.229,0.1205,0.0,0.0
1,1,0,1,31,0.14,54.9,1.3,254,2026-09-28 17:55:00,PT5M,0.0,0.0,0.0,0.0,0.0
0,0,0,0,31,0.14,55.5,1.3,252,2026-09-28 18:00:00,PT5M,0.0,0.0,0.0,0.0,0.0
0,0,0,0,31,0.14,56.1,1.4,250,2026-09-28 18:05:00,PT5M,0.0,0.0,0.0,0.0,0.0
0,0,0,0,30,0.14,56.7,1.4,248,2026-09-28 18:10:00,PT5M,0.0,0.0,0.0,0.0,0.0
0,0,0,0,30,0.14,57.2,1.4,246,2026-09-28 18:15:00,PT5M,0.0,0.0,0.0,0.0,0.0
0,0,0,0,30,0.14,57.8,1.4,244,2026-09-28 18:20:00,PT5M,0.0,0.0,0.0,0.0,0.0
0,0,0,0,30,0.14,58.4,1.5,243,2026-09-28 18:25:00,PT5M,0.0,0.0,0.0,0.0,0.0
0,0,0,0,30,0.14,59.1,1.5,241,2026-09-28 18:30:00,PT5M,0.0,0.0,0.0,0.0,0.0
0,0,0,0,30,0.14,59.7,1.6,239,2026-09-28 18:35:00,PT5M,0.0,0.0,0.0,0.0,0.0
0,0,0,0,30,0.14,60.3,1.6,238,2026-09-28 18:40:00,PT5M,0.0,0.0,0.0,0.0,0.0
0,0,0,0,29,0.14,60.9,1.6,236,2026-09-28 18:45:00,PT5M,0.0,0.0,0.0,0.0,0.0
0,0,0,0,29,0.14,61.6,1.7,235,2026-09-28 18:50:00,PT5M,0.0,0.0,0.0,0.0,0.0
0,0,0,0,29,0.14,62.2,1.7,234,2026-09-28 18:55:00,PT5M,0.0,0.0,0.0,0.0,0.0
0,0,0,0,29,0.14,62.9,1.8,232,2026-09-28 19:00:00,PT5M,0.0,0.0,0.0,0.0,0.0
0,0,0,0,29,0.14,63.5,1.8,231,2026-09-28 19:05:00,PT5M,0.0,0.0,0.0,0.0,0.0
0,0,0,0,29,0.14,64.2,1.8,230,2026-09-28 19:10:00,PT5M,0.0,0.0,0.0,0.0,0.0
0,0,0,0,29,0.14,64.8,1.9,229,2026-09-28 19:15:00,PT5M,0.0,0.0,0.0,0.0,0.0
0,0,0,0,28,0.14,65.5,1.9,228,2026-09-28 19:20:00,PT5M,0.0,0.0,0.0,0.0,0.0
0,0,0,0,28,0.14,66.2,2.0,227,2026-09-28 19:25:00,PT5M,0.0,0.0,0.0,0.0,0.0
0,0,0,0,28,0.14,66.9,2.0,226,2026-09-28 19:30:00,PT5M,0.0,0.0,0.0,0.0,0.0
0,0,0,0,28,0.14,67.6,2.1,225,2026-09-28 19:35:00,PT5M,0.0,0.0,0.0,0.0,0.0
0,0,0,0,28,0.14,68.3,2.1,224,2026-09-28 19:40:00,PT5M,0.0,0.0,0.0,0.0,0.0
0,0,0,0,28,0.14,69.1,2.2,224,2026-09-28 19:45:00,PT5M,0.0,0.0,0.0,0.0,0.0
0,0,0,0,28,0.14,69.8,2.2,223,2026-09-28 19:50:00,PT5M,0.0,0.0,0.0,0.0,0.0
0,0,0,0,27,0.14,70.5,2.3,222,2026-09-28 19:55:00,PT5M,0.0,0.0,0.0,0.0,0.0
0,0,0,0,27,0.14,71.3,2.3,221,2026-09-28 20:00:00,PT5M,0.0,0.0,0.0,0.0,0.0
0,0,0,0,27,0.14,72.0,2.4,221,2026-09-28 20:05:00,PT5M,0.0,0.0,0.0,0.0,0.0
0,0,0,0,27,0.14,72.8,2.4,220,2026-09-28 20:10:00,PT5M,0.0,0.0,0.0,0.0,0.0
0,0,0,0,27,0.14,73.6,2.5,219,2026-09-28 20:15:00,PT5M,0.0,0.0,0.0,0.0,0.0
0,0,0,0,27,0.14,74.3,2.5,219,2026-09-28 20:20:00,PT5M,0.0,0.0,0.0,0.0,0.0
0,0,0,0,27,0.14,75.1,2.6,218,2026-09-28 20:25:00,PT5M,0.0,0.0,0.0,0.0,0.0
0,0,0,0,26,0.14,75.9,2.6,218,2026-09-28 20:30:00,PT5M,0.0,0.0,0.0,0.0,0.0
0,0,0,0,26,0.14,76.4,2.6,218,2026-09-28 20:35:00,PT5M,0.0,0.0,0.0,0.0,0.0
0,0,0,0,26,0.14,76.7,2.6,218,2026-09-28 20:40:00,PT5M,0.0,0.0,0.0,0.0,0.0
0,0,0,0,26,0.14,77.0,2.6,218,2026-09-28 20:45:00,PT5M,0.0,0.0,0.0,0.0,0.0
0,0,0,0,26,0.14,77.2,2.6,219,2026-09-28 20:50:00,PT5M,0.0,0.0,0.0,0.0,0.0
0,0,0,0,26,0.14,77.5,2.5,219,2026-09-28 20:55:00,PT5M,0.0,0.0,0.0,0.0,0.0
0,0,0,0,26,0.14,77.7,2.5,220,2026-09-28 21:00:00,PT5M,0.0,0.0,0.0,0.0,0.0
0,0,0,0,26,0.14,78.0,2.5,220,2026-09-28 21:05:00,PT5M,0.0,0.0,0.0,0.0,0.0
0,0,0,0,26,0.14,78.2,2.5,221,2026-09-28 21:10:00,PT5M,0.0,0.0,0.0,0.0,0.0
0,0,0,0,26,0.14,78.5,2.4,221,2026-09-28 21:15:00,PT5M,0.0,0.0,0.0,0.0,0.0
0,0,0,0,26,0.14,78.8,2.4,221,2026-09-28 21:20:00,PT5M,0.0,0.0,0.0,0.0,0.0
0,0,0,0,26,0.14,79.0,2.4,222,2026-09-28 21:25:00,PT5M,0.0,0.0,0.0,0.0,0.0
0,0,0,0,26,0.14,79.3,2.4,222,2026-09-28 21:30:00,PT5M,0.0,0.0,0.0,0.0,0.0
0,0,0,0,26,0.14,79.6,2.3,223,2026-09-28 21:35:00,PT5M,0.0,0.0,0.0,0.0,0.0
0,0,0,0,26,0.14,79.8,2.3,223,2026-09-28 21:40:00,PT5M,0.0,0.0,0.0,0.0,0.0
0,0,0,0,26,0.14,80.1,2.3,224,2026-09-28 21:45:00,PT5M,0.0,0.0,0.0,0.0,0.0
0,0,0,0,26,0.14,80.4,2.3,225,2026-09-28 21:50:00,PT5M,0.0,0.0,0.0,0.0,0.0
0,0,0,0,26,0.14,80.6,2.3,225,2026-09-28 21:55:00,PT5M,0.0,0.0,0.0,0.0,0.0
0,0,0,0,26,0.14,80.9,2.2,226,2026-09-28 22:00:00,PT5M,0.0,0.0,0.0,0.0,0.0
0,0,0,0,26,0.14,81.2,2.2,226,2026-09-28 22:05:00,PT5M,0.0,0.0,0.0,0.0,0.0
0,0,0,0,26,0.14,81.4,2.2,227,2026-09-28 22:10:00,PT5M,0.0,0.0,0.0,0.0,0.0
0,0,0,0,26,0.14,81.7,2.2,227,2026-09-28 22:15:00,PT5M,0.0,0.0,0.0,0.0,0.0
0,0,0,0,26,0.14,82.0,2.2,228,2026-09-28 22:20:00,PT5M,0.0,0.0,0.0,0.0,0.0
0,0,0,0,26,0.14,82.3,2.1,229,2026-09-28 22:25:00,PT5M,0.0,0.0,0.0,0.0,0.0
0,0,0,0,26,0.14,82.5,2.1,229,2026-09-28 22:30:00,PT5M,0.0,0.0,0.0,0.0,0.0
0,0,0,0,26,0.14,82.8,2.1,230,2026-09-28 22:35:00,PT5M,0.0,0.0,0.0,0.0,0.0
0,0,0,0,26,0.14,83.1,2.1,230,2026-09-28 22:40:00,PT5M,0.0,0.0,0.0,0.0,0.0
0,0,0,0,25,0.14,83.4,2.1,231,2026-09-28 22:45:00,PT5M,0.0,0.0,0.0,0.0,0.0
0,0,0,0,25,0.14,83.6,2.0,232,2026-09-28 22:50:00,PT5M,0.0,0.0,0.0,0.0,0.0
0,0,0,0,25,0.14,83.9,2.0,232,2026-09-28 22:55:00,PT5M,0.0,0.0,0.0,0.0,0.0
0,0,0,0,25,0.14,84.2,2.0,233,2026-09-28 23:00:00,PT5M,0.0,0.0,0.0,0.0,0.0
0,0,0,0,25,0.14,84.5,2.0,234,2026-09-28 23:05:00,PT5M,0.0,0.0,0.0,0.0,0.0
0,0,0,0,25,0.14,84.8,2.0,235,2026-09-28 23:10:00,PT5M,0.0,0.0,0.0,0.0,0.0
0,0,0,0,25,0.14,85.0,1.9,235,2026-09-28 23:15:00,PT5M,0.0,0.0,0.0,0.0,0.0
0,0,0,0,25,0.14,85.3,1.9,236,2026-09-28 23:20:00,PT5M,0.0,0.0,0.0,0.0,0.0
0,0,0,0,25,0.14,85.6,1.9,237,2026-09-28 23:25:00,PT5M,0.0,0.0,0.0,0.0,0.0
0,0,0,0,25,0.14,85.9,1.9,238,2026-09-28 23:30:00,PT5M,0.0,0.0,0.0,0.0,0.0
0,0,0,0,25,0.14,86.1,1.9,238,2026-09-28 23:35:00,PT5M,0.0,0.0,0.0,0.0,0.0
0,0,0,0,25,0.14,86.2,1.9,237,2026-09-28 23:40:00,PT5M,0.0,0.0,0.0,0.0,0.0
0,0,0,0,25,0.14,86.3,1.9,237,2026-09-28 23:45:00,PT5M,0.0,0.0,0.0,0.0,0.0
0,0,0,0,25,0.14,86.4,1.9,237,2026-09-28 23:50:00,PT5M,0.0,0.0,0.0,0.0,0.0
0,0,0,0,25,0.14,86.5,1.9,236,2026-09-28 23:55:00,PT5M,0.0,0.0,0.0,0.0,0.0
0,0,0,0,25,0.14,86.6,1.9,236,2026-09-29 00:00:00,PT5M,0.0,0.0,0.0,0.0,0.0
0,0,0,0,25,0.14,86.7,1.9,236,2026-09-29 00:05:00,PT5M,0.0,0.0,0.0,0.0,0.0
0,0,0,0,25,0.14,86.8,1.9,235,2026-09-29 00:10:00,PT5M,0.0,0.0,0.0,0.0,0.0
0,0,0,0,25,0.14,86.9,1.9,235,2026-09-29 00:15:00,PT5M,0.0,0.0,0.0,0.0,0.0
0,0,0,0,25,0.14,87.0,1.9,235,2026-09-29 00:20:00,PT5M,0.0,0.0,0.0,0.0,0.0
0,0,0,0,25,0.14,87.1,1.9,234,2026-09-29 00:25:00,PT5M,0.0,0.0,0.0,0.0,0.0
0,0,0,0,25,0.14,87.2,1.9,234,2026-09-29 00:30:00,PT5M,0.0,0.0,0.0,0.0,0.0
0,0,0,0,25,0.14,87.3,1.9,234,2026-09-29 00:35:00,PT5M,0.0,0.0,0.0,0.0,0.0
0,0,0,0,25,0.14,87.4,1.9,233,2026-09-29 00:40:00,PT5M,0.0,0.0,0.0,0.0,0.0
0,0,0,0,25,0.14,87.5,1.9,233,2026-09-29 00:45:00,PT5M,0.0,0.0,0.0,0.0,0.0
0,0,0,0,25,0.14,87.6,1.9,232,2026-09-29 00:50:00,PT5M,0.0,0.0,0.0,0.0,0.0
0,0,0,0,25,0.14,87.7,1.9,232,2026-09-29 00:55:00,PT5M,0.0,0.0,0.0,0.0,0.0
0,0,0,0,25,0.14,87.8,1.9,232,2026-09-29 01:00:00,PT5M,0.0,0.0,0.0,0.0,0.0
0,0,0,0,25,0.14,87.9,1.9,231,2026-09-29 01:05:00,PT5M,0.0,0.0,0.0,0.0,0.0
0,0,0,0,25,0.14,88.0,1.8,231,2026-09-29 01:10:00,PT5M,0.0,0.0,0.0,0.0,0.0
0,0,0,0,25,0.14,88.1,1.8,231,2026-09-29 01:15:00,PT5M,0.0,0.0,0.0,0.0,0.0
0,0,0,0,25,0.14,88.2,1.8,230,2026-09-29 01:20:00,PT5M,0.0,0.0,0.0,0.0,0.0
0,0,0,0,25,0.14,88.3,1.8,230,2026-09-29 01:25:00,PT5M,0.0,0.0,0.0,0.0,0.0
0,0,0,0,25,0.14,88.4,1.8,230,2026-09-29 01:30:00,PT5M,0.0,0.0,0.0,0.0,0.0
0,0,0,0,25,0.14,88.5,1.8,229,2026-09-29 01:35:00,PT5M,0.0,0.0,0.0,0.0,0.0
0,0,0,0,25,0.14,88.6,1.8,229,2026-09-29 01:40:00,PT5M,0.0,0.0,0.0,0.0,0.0
0,0,0,0,24,0.14,88.7,1.8,228,2026-09-29 01:45:00,PT5M,0.0,0.0,0.0,0.0,0.0
0,0,0,0,24,0.14,88.8,1.8,228,2026-09-29 01:50:00,PT5M,0.0,0.0,0.0,0.0,0.0
0,0,0,0,24,0.14,88.9,1.8,228,2026-09-29 01:55:00,PT5M,0.0,0.0,0.0,0.0,0.0
0,0,0,0,24,0.14,89.0,1.8,227,2026-09-29 02:00:00,PT5M,0.0,0.0,0.0,0.0,0.0
0,0,0,0,24,0.14,89.1,1.8,227,2026-09-29 02:05:00,PT5M,0.0,0.0,0.0,0.0,0.0
0,0,0,0,24,0.14,89.2,1.8,227,2026-09-29 02:10:00,PT5M,0.0,0.0,0.0,0.0,0.0
0,0,0,0,24,0.14,89.3,1.8,226,2026-09-29 02:15:00,PT5M,0.0,0.0,0.0,0.0,0.0
0,0,0,0,24,0.14,89.4,1.8,226,2026-09-29 02:20:00,PT5M,0.0,0.0,0.0,0.0,0.0
0,0,0,0,24,0.14,89.5,1.8,226,2026-09-29 02:25:00,PT5M,0.0,0.0,0.0,0.0,0.0
0,0,0,0,24,0.14,89.6,1.8,225,2026-09-29 02:30:00,PT5M,0.0,0.0,0.0,0.0,0.0
0,0,0,0,24,0.14,89.7,1.8,225,2026-09-29 02:35:00,PT5M,0.0,0.0,0.0,0.0,0.0
0,0,0,0,24,0.14,89.7,1.8,225,2026-09-29 02:40:00,PT5M,0.0,0.0,0.0,0.0,0.0
0,0,0,0,24,0.14,89.7,1.8,225,2026-09-29 02:45:00,PT5M,0.0,0.0,0.0,0.0,0.0
0,0,0,0,24,0.14,89.7,1.8,225,2026-09-29 02:50:00,PT5M,0.0,0.0,0.0,0.0,0.0
0,0,0,0,24,0.14,89.7,1.8,226,2026-09-29 02:55:00,PT5M,0.0,0.0,0.0,0.0,0.0
0,0,0,0,24,0.14,89.7,1.8,226,2026-09-29 03:00:00,PT5M,0.0,0.0,0.0,0.0,0.0
0,0,0,0,24,0.14,89.7,1.8,226,2026-09-29 03:05:00,PT5M,0.0,0.0,0.0,0.0,0.0
0,0,0,0,24,0.14,89.7,1.8,226,2026-09-29 03:10:00,PT5M,0.0,0.0,0.0,0.0,0.0
0,0,0,0,24,0.14,89.7,1.8,226,2026-09-29 03:15:00,PT5M,0.0,0.0,0.0,0.0,0.0
0,0,0,0,24,0.14,89.7,1.8,226,2026-09-29 03:20:00,PT5M,0.0,0.0,0.0,0.0,0.0
0,0,0,0,24,0.14,89.7,1.8,226,2026-09-29 03:25:00,PT5M,0.0,0.0,0.0,0.0,0.0
0,0,0,0,24,0.14,89.7,1.7,226,2026-09-29 03:30:00,PT5M,0.0,0.0,0.0,0.0,0.0
0,0,0,0,24,0.14,89.7,1.7,227,2026-09-29 03:35:00,PT5M,0.0,0.0,0.0,0.0,0.0
0,0,0,0,24,0.14,89.7,1.7,227,2026-09-29 03:40:00,PT5M,0.0,0.0,0.0,0.0,0.0
0,0,0,0,24,0.14,89.7,1.7,227,2026-09-29 03:45:00,PT5M,0.0,0.0,0.0,0.0,0.0
0,0,0,0,24,0.14,89.7,1.7,227,2026-09-29 03:50:00,PT5M,0.0,0.0,0.0,0.0,0.0
0,0,0,0,24,0.14,89.7,1.7,227,2026-09-29 03:55:00,PT5M,0.0,0.0,0.0,0.0,0.0
0,0,0,0,24,0.14,89.7,1.7,227,2026-09-29 04:00:00,PT5M,0.0,0.0,0.0,0.0,0.0
0,0,0,0,24,0.14,89.7,1.7,227,2026-09-29 04:05:00,PT5M,0.0,0.0,0.0,0.0,0.0
0,0,0,0,24,0.14,89.7,1.7,228,2026-09-29 04:10:00,PT5M,0.0,0.0,0.0,0.0,0.0
0,0,0,0,24,0.14,89.7,1.7,228,2026-09-29 04:15:00,PT5M,0.0,0.0,0.0,0.0,0.0
0,0,0,0,24,0.14,89.7,1.7,228,2026-09-29 04:20:00,PT5M,0.0,0.0,0.0,0.0,0.0
0,0,0,0,24,0.14,89.7,1.7,228,2026-09-29 04:25:00,PT5M,0.0,0.0,0.0,0.0,0.0
0,0,0,0,24,0.14,89.7,1.7,228,2026-09-29 04:30:00,PT5M,0.0,0.0,0.0,0.0,0.0
0,0,0,0,24,0.14,89.7,1.6,228,2026-09-29 04:35:00,PT5M,0.0,0.0,0.0,0.0,0.0
0,0,0,0,24,0.14,89.7,1.6,228,2026-09-29 04:40:00,PT5M,0.0,0.0,0.0,0.0,0.0
0,0,0,0,24,0.14,89.7,1.6,229,2026-09-29 04:45:00,PT5M,0.0,0.0,0.0,0.0,0.0
0,0,0,0,24,0.14,89.7,1.6,229,2026-09-29 04:50:00,PT5M,0.0,0.0,0.0,0.0,0.0
0,0,0,0,24,0.14,89.7,1.6,229,2026-09-29 04:55:00,PT5M,0.0,0.0,0.0,0.0,0.0
0,0,0,0,24,0.14,89.7,1.6,229,2026-09-29 05:00:00,PT5M,0.0,0.0,0.0,0.0,0.0
0,0,0,0,24,0.14,89.7,1.6,229,2026-09-29 05:05:00,PT5M,0.0,0.0,0.0,0.0,0.0
0,0,0,0,24,0.14,89.7,1.6,229,2026-09-29 05:10:00,PT5M,0.0,0.0,0.0,0.0,0.0
0,0,0,0,24,0.14,89.7,1.6,230,2026-09-29 05:15:00,PT5M,0.0,0.0,0.0,0.0,0.0
0,0,0,0,24,0.14,89.7,1.6,230,2026-09-29 05:20:00,PT5M,0.0,0.0,0.0,0.0,0.0
0,0,0,0,24,0.14,89.7,1.6,230,2026-09-29 05:25:00,PT5M,0.0,0.0,0.0,0.0,0.0
0,0,0,0,24,0.14,89.7,1.6,230,2026-09-29 05:30:00,PT5M,0.0,0.0,0.0,0.0,0.0
0,0,0,0,24,0.14,89.3,1.6,230,2026-09-29 05:35:00,PT5M,0.0,0.0,0.0,0.0,0.0
0,0,0,0,24,0.14,88.6,1.6,230,2026-09-29 05:40:00,PT5M,0.0,0.0,0.0,0.0,0.0
0,0,0,0,24,0.14,87.8,1.7,231,2026-09-29 05:45:00,PT5M,0.0,0.0,0.0,0.0,0.0
0,0,0,0,24,0.14,87.1,1.7,231,2026-09-29 05:50:00,PT5M,0.0,0.0,0.0,0.0,0.0
0,0,0,0,24,0.14,86.4,1.7,231,2026-09-29 05:55:00,PT5M,0.0,0.0,0.0,0.0,0.0
3,3,0,3,25,0.14,85.6,1.8,231,2026-09-29 06:00:00,PT5M,0.0,0.0,0.0,0.0,0.0
11,11,0,11,25,0.14,84.9,1.8,231,2026-09-29 06:05:00,PT5M,0.825,1.2775,1.0632,0.5868,0.3725
20,21,9,20,25,0.14,84.2,1.8,231,2026-09-29 06:10:00,PT5M,2.117,3.1175,2.6436,1.5904,1.1165
31,32,43,28,25,0.14,83.5,1.9,231,2026-09-29 06:15:00,PT5M,3.81,5.6895,4.7992,2.8208,1.9305
44,44,83,36,25,0.14,82.8,1.9,232,2026-09-29 06:20:00,PT5M,6.099,9.22,7.7416,4.4564,2.978
57,57,115,43,25,0.14,82.2,1.9,232,2026-09-29 06:25:00,PT5M,8.675,13.1175,11.0131,6.3369,4.2325
72,71,147,51,25,0.14,81.5,2.0,232,2026-09-29 06:30:00,PT5M,11.778,17.7245,14.9077,8.6483,5.8315
87,87,181,57,25,0.14,80.8,2.0,232,2026-09-29 06:35:00,PT5M,15.246,22.805,19.2244,11.2676,7.687
104,103,213,64,26,0.14,80.1,2.0,232,2026-09-29 06:40:00,PT5M,18.898,28.1015,23.7419,14.0541,9.6945
121,120,245,70,26,0.14,79.5,2.1,232,2026-09-29 06:45:00,PT5M,22.811,33.623,28.5014,17.1206,11.999
139,138,275,76,26,0.14,78.8,2.1,232,2026-09-29 06:50:00,PT5M,26.81,39.22,33.3415,20.2785,14.4
158,156,304,81,26,0.14,78.2,2.2,232,2026-09-29 06:55:00,PT5M,30.956,45.0255,38.3609,23.5511,16.8865
177,175,328,87,26,0.14,77.5,2.2,232,2026-09-29 07:00:00,PT5M,35.174,50.995,43.5007,26.8473,19.353
195,193,348,93,26,0.14,76.9,2.2,232,2026-09-29 07:05:00,PT5M,39.369,57.0875,48.6944,30.0436,21.6505
214,211,368,98,26,0.14,76.3,2.3,232,2026-09-29 07:10:00,PT5M,43.788,63.5525,54.1902,33.3858,24.0235
233,230,387,103,26,0.14,75.6,2.3,233,2026-09-29 07:15:00,PT5M,48.257,70.056,59.73,36.784,26.458
252,249,405,108,27,0.14,75.0,2.3,233,2026-09-29 07:20:00,PT5M,52.733,76.5875,65.2878,40.1782,28.8785
271,268,421,112,27,0.14,74.4,2.4,233,2026-09-29 07:25:00,PT5M,57.207,83.127,70.8489,43.5651,31.287
290,287,436,117,27,0.14,73.8,2.4,233,2026-09-29 07:30:00,PT5M,61.681,89.6805,76.4173,46.9447,33.6815
309,306,451,121,27,0.14,73.2,2.4,233,2026-09-29 07:35:00,PT5M,66.17,96.277,82.0155,50.3245,36.063
328,325,464,126,27,0.14,72.6,2.5,233,2026-09-29 07:40:00,PT5M,70.768,100.0,87.7806,53.7554,38.4435
347,344,478,130,27,0.14,72.0,2.5,233,2026-09-29 07:45:00,PT5M,73.267,100.0,90.7109,55.8231,40.123
367,363,491,133,27,0.14,71.4,2.6,233,2026-09-29 07:50:00,PT5M,75.356,100.0,93.0915,57.6205,41.658
385,381,503,137,27,0.14,70.8,2.6,233,2026-09-29 07:55:00,PT5M,77.34,100.0,95.3402,59.3398,43.139
404,400,514,140,28,0.14,70.3,2.6,233,2026-09-29 08:00:00,PT5M,79.208,100.0,97.4424,60.9736,44.562
423,418,525,144,28,0.14,69.7,2.7,233,2026-09-29 08:05:00,PT5M,80.921,100.0,99.3494,62.4926,45.9065
441,437,534,147,28,0.14,69.1,2.7,233,2026-09-29 08:10:00,PT5M,82.467,100.0,100.0,63.8899,47.17
459,455,543,151,28,0.14,68.6,2.7,233,2026-09-29 08:15:00,PT5M,83.929,100.0,100.0,65.2461,48.431
477,472,551,154,28,0.14,68.0,2.8,233,2026-09-29 08:20:00,PT5M,85.159,100.0,100.0,66.4201,49.5545
495,490,559,157,28,0.14,67.5,2.8,233,2026-09-29 08:25:00,PT5M,86.234,100.0,100.0,67.4856,50.6115
512,507,566,161,28,0.14,66.9,2.8,234,2026-09-29 08:30:00,PT5M,87.229,100.0,100.0,68.4922,51.6285
529,524,572,164,28,0.14,66.2,2.9,234,2026-09-29 08:35:00,PT5M,88.071,100.0,100.0,69.3563,52.5125
545,540,576,168,29,0.14,65.4,2.8,234,2026-09-29 08:40:00,PT5M,88.773,100.0,100.0,70.0559,53.21
561,555,580,172,29,0.14,64.6,2.8,235,2026-09-29 08:45:00,PT5M,89.423,100.0,100.0,70.7436,53.9315
576,571,583,176,29,0.14,63.8,2.8,235,2026-09-29 08:50:00,PT5M,90.032,100.0,100.0,71.3976,54.626
592,586,586,180,29,0.14,63.0,2.8,236,2026-09-29 08:55:00,PT5M,90.604,100.0,100.0,72.0211,55.296
606,600,589,183,29,0.14,62.2,2.8,236,2026-09-29 09:00:00,PT5M,91.15,100.0,100.0,72.6974,56.0895
622,615,594,186,29,0.14,61.4,2.8,237,2026-09-29 09:05:00,PT5M,91.783,100.0,100.0,73.5478,57.1355
636,630,598,189,30,0.14,60.7,2.8,238,2026-09-29 09:10:00,PT5M,92.381,100.0,100.0,74.3592,58.139
651,644,602,192,30,0.14,59.9,2.8,238,2026-09-29 09:15:00,PT5M,92.948,100.0,100.0,75.1359,59.1045
665,658,606,195,30,0.14,59.2,2.8,239,2026-09-29 09:20:00,PT5M,93.484,100.0,100.0,75.8777,60.0315
679,672,609,197,30,0.14,58.4,2.7,239,2026-09-29 09:25:00,PT5M,93.991,100.0,100.0,76.586,60.921
692,685,612,200,30,0.14,57.7,2.7,240,2026-09-29 09:30:00,PT5M,94.471,100.0,100.0,77.2629,61.775
704,698,614,203,30,0.14,57.0,2.7,240,2026-09-29 09:35:00,PT5M,94.857,100.0,100.0,77.8223,62.4905
716,709,615,207,31,0.14,56.3,2.7,241,2026-09-29 09:40:00,PT5M,95.152,100.0,100.0,78.2662,63.0685
727,720,614,210,31,0.14,55.6,2.7,241,2026-09-29 09:45:00,PT5M,95.373,100.0,100.0,78.6254,63.552
737,730,614,214,31,0.14,54.9,2.7,242,2026-09-29 09:50:00,PT5M,95.566,100.0,100.0,78.9494,63.994
747,740,612,218,31,0.14,54.2,2.7,243,2026-09-29 09:55:00,PT5M,95.743,100.0,100.0,79.2506,64.407
756,749,611,222,31,0.14,53.5,2.7,243,2026-09-29 10:00:00,PT5M,95.899,100.0,100.0,79.5216,64.7815
766,758,610,226,31,0.14,52.9,2.7,244,2026-09-29 10:05:00,PT5M,96.047,100.0,100.0,79.7783,65.136
774,767,609,229,32,0.14,52.2,2.7,244,2026-09-29 10:10:00,PT5M,96.185,100.0,100.0,80.0189,65.469
782,775,608,232,32,0.14,51.6,2.7,245,2026-09-29 10:15:00,PT5M,96.303,100.0,100.0,80.2325,65.7685
790,783,607,236,32,0.14,51.0,2.7,245,2026-09-29 10:20:00,PT5M,96.399,100.0,100.0,80.4177,66.034
797,790,606,239,32,0.14,50.3,2.7,246,2026-09-29 10:25:00,PT5M,96.479,100.0,100.0,80.5808,66.272
804,797,604,242,32,0.14,49.7,2.6,247,2026-09-29 10:30:00,PT5M,96.542,100.0,100.0,80.7215,66.4825
811,804,604,244,32,0.14,49.1,2.6,247,2026-09-29 10:35:00,PT5M,96.646,100.0,100.0,80.9194,66.765
818,810,604,246,33,0.14,48.5,2.6,248,2026-09-29 10:40:00,PT5M,96.79,100.0,100.0,81.1739,67.119
824,817,605,248,33,0.14,47.9,2.6,249,2026-09-29 10:45:00,PT5M,96.911,100.0,100.0,81.3989,67.4375
830,823,605,249,33,0.14,47.3,2.6,249,2026-09-29 10:50:00,PT5M,97.007,100.0,100.0,81.5904,67.715
836,828,606,251,33,0.14,46.7,2.6,250,2026-09-29 10:55:00,PT5M,97.074,100.0,100.0,81.7361,67.9315
841,833,606,252,33,0.14,46.2,2.6,250,2026-09-29 11:00:00,PT5M,97.119,100.0,100.0,81.8498,68.107
845,838,606,254,33,0.14,45.6,2.6,251,2026-09-29 11:05:00,PT5M,97.146,100.0,100.0,81.9549,68.2825
849,842,605,256,34,0.14,45.0,2.6,252,2026-09-29 11:10:00,PT5M,97.149,100.0,100.0,82.0335,68.429
853,845,604,258,34,0.14,44.5,2.6,252,2026-09-29 11:15:00,PT5M,97.126,100.0,100.0,82.0699,68.519
855,848,603,259,34,0.14,44.0,2.6,253,2026-09-29 11:20:00,PT5M,97.082,100.0,100.0,82.0765,68.571
858,850,602,261,34,0.14,43.4,2.6,253,2026-09-29 11:25:00,PT5M,97.017,100.0,100.0,82.0544,68.5875
860,852,601,262,34,0.14,42.9,2.6,254,2026-09-29 11:30:00,PT5M,96.931,100.0,100.0,82.0049,68.571
862,854,600,263,34,0.14,42.6,2.6,253,2026-09-29 11:35:00,PT5M,96.906,100.0,100.0,82.001,68.586
864,856,601,263,34,0.14,42.7,2.5,252,2026-09-29 11:40:00,PT5M,96.939,100.0,100.0,82.0382,68.627
865,858,602,263,34,0.14,42.7,2.5,250,2026-09-29 11:45:00,PT5M,96.948,100.0,100.0,82.044,68.63
866,859,602,263,34,0.14,42.7,2.4,248,2026-09-29 11:50:00,PT5M,96.933,100.0,100.0,82.0185,68.595
867,859,602,263,34,0.14,42.7,2.4,245,2026-09-29 11:55:00,PT5M,96.894,100.0,100.0,81.9614,68.5215
866,859,602,263,34,0.14,42.7,2.3,243,2026-09-29 12:00:00,PT5M,96.899,100.0,100.0,81.9408,68.478
866,858,602,263,34,0.14,42.8,2.3,241,2026-09-29 12:05:00,PT5M,96.921,100.0,100.0,81.9294,68.4365
865,857,601,263,34,0.14,42.8,2.3,239,2026-09-29 12:10:00,PT5M,96.917,100.0,100.0,81.8846,68.355
863,855,601,263,34,0.14,42.8,2.2,236,2026-09-29 12:15:00,PT5M,96.89,100.0,100.0,81.81,68.2375
861,853,600,263,34,0.14,42.8,2.2,234,2026-09-29 12:20:00,PT5M,96.839,100.0,100.0,81.704,68.082
858,850,599,263,34,0.14,42.9,2.2,231,2026-09-29 12:25:00,PT5M,96.765,100.0,100.0,81.5684,67.891
854,847,598,262,34,0.14,42.9,2.2,229,2026-09-29 12:30:00,PT5M,96.67,100.0,100.0,81.406,67.668
850,843,595,263,34,0.14,42.9,2.2,226,2026-09-29 12:35:00,PT5M,96.494,100.0,100.0,81.1682,67.3745
845,837,591,263,34,0.14,42.9,2.2,224,2026-09-29 12:40:00,PT5M,96.238,100.0,100.0,80.8546,67.009
839,832,587,264,34,0.14,42.9,2.2,221,2026-09-29 12:45:00,PT5M,95.957,100.0,100.0,80.5051,66.598
833,825,583,264,34,0.14,43.0,2.2,218,2026-09-29 12:50:00,PT5M,95.649,100.0,100.0,80.1153,66.1345
826,819,579,265,34,0.14,43.0,2.2,216,2026-09-29 12:55:00,PT5M,95.323,100.0,100.0,79.7096,65.657
819,812,575,265,34,0.14,43.0,2.2,213,2026-09-29 13:00:00,PT5M,94.987,100.0,100.0,79.3044,65.1895
811,804,570,265,34,0.14,43.0,2.2,211,2026-09-29 13:05:00,PT5M,94.62,100.0,100.0,78.8497,64.656
803,796,566,265,34,0.14,43.1,2.2,208,2026-09-29 13:10:00,PT5M,94.224,100.0,100.0,78.3543,64.071
794,788,562,265,34,0.14,43.1,2.2,206,2026-09-29 13:15:00,PT5M,93.801,100.0,100.0,77.8242,63.4445
786,779,557,264,34,0.14,43.1,2.3,203,2026-09-29 13:20:00,PT5M,93.352,100.0,100.0,77.2623,62.781
776,770,552,264,34,0.14,43.1,2.3,201,2026-09-29 13:25:00,PT5M,92.878,100.0,100.0,76.6706,62.0835
767,760,547,263,34,0.14,43.1,2.3,199,2026-09-29 13:30:00,PT5M,92.38,100.0,100.0,76.0503,61.353
757,751,544,262,34,0.14,43.2,2.4,196,2026-09-29 13:35:00,PT5M,91.924,100.0,100.0,75.4574,60.637
748,741,541,260,34,0.14,43.2,2.4,194,2026-09-29 13:40:00,PT5M,91.509,100.0,100.0,74.8909,59.934
738,732,538,258,34,0.14,43.2,2.4,192,2026-09-29 13:45:00,PT5M,91.07,100.0,100.0,74.2953,59.1975
728,721,535,256,34,0.14,43.2,2.5,190,2026-09-29 13:50:00,PT5M,90.607,100.0,100.0,73.6712,58.4285
717,711,532,253,34,0.14,43.3,2.5,188,2026-09-29 13:55:00,PT5M,90.119,100.0,100.0,73.0174,57.6255
706,700,529,251,34,0.14,43.3,2.6,186,2026-09-29 14:00:00,PT5M,89.609,100.0,100.0,72.3364,56.7905
695,689,525,249,34,0.14,43.3,2.7,185,2026-09-29 14:05:00,PT5M,89.055,100.0,100.0,71.6042,55.898
683,677,521,246,34,0.14,43.3,2.7,183,2026-09-29 14:10:00,PT5M,88.464,100.0,100.0,70.8301,54.959
670,665,517,244,34,0.14,43.3,2.8,181,2026-09-29 14:15:00,PT5M,87.821,100.0,100.0,69.9984,53.9575
658,652,511,242,34,0.14,43.4,2.8,180,2026-09-29 14:20:00,PT5M,87.117,100.0,100.0,69.0997,52.8835
644,639,506,240,34,0.14,43.4,2.9,178,2026-09-29 14:25:00,PT5M,86.384,100.0,100.0,68.1688,51.7745
631,625,500,238,34,0.14,43.4,3.0,177,2026-09-29 14:30:00,PT5M,85.619,100.0,100.0,67.203,50.628
612,607,484,239,34,0.14,43.6,3.0,177,2026-09-29 14:35:00,PT5M,84.139,100.0,100.0,65.4535,48.636
590,585,458,243,34,0.14,44.1,2.9,178,2026-09-29 14:40:00,PT5M,81.924,100.0,100.0,62.9062,45.7895
568,563,433,246,34,0.14,44.5,2.9,179,2026-09-29 14:45:00,PT5M,79.65,100.0,98.8928,60.4072,43.088
546,542,408,249,34,0.14,45.0,2.9,180,2026-09-29 14:50:00,PT5M,77.315,100.0,96.7289,57.9011,40.428
524,521,384,250,34,0.14,45.4,2.8,181,2026-09-29 14:55:00,PT5M,74.951,100.0,94.5204,55.3816,37.7685
503,500,362,251,34,0.14,45.9,2.8,182,2026-09-29 15:00:00,PT5M,72.614,100.0,92.3189,52.9091,35.174
482,479,340,251,33,0.14,46.4,2.8,183,2026-09-29 15:05:00,PT5M,70.187,100.0,90.0038,50.3702,32.5345
462,459,317,250,33,0.14,46.8,2.7,184,2026-09-29 15:10:00,PT5M,67.657,100.0,87.5585,47.7555,29.8435
441,438,296,249,33,0.14,47.3,2.7,185,2026-09-29 15:15:00,PT5M,65.058,100.0,84.9932,45.1228,27.1805
420,418,274,247,33,0.14,47.8,2.7,186,2026-09-29 15:20:00,PT5M,62.386,100.0,82.3641,42.4079,24.427
400,398,253,244,33,0.14,48.3,2.6,188,2026-09-29 15:25:00,PT5M,59.644,97.635,79.6389,39.6491,21.653
380,378,232,241,33,0.14,48.7,2.6,189,2026-09-29 15:30:00,PT5M,56.833,94.814,76.8227,36.8433,18.852
360,359,212,237,33,0.14,49.2,2.6,190,2026-09-29 15:35:00,PT5M,54.005,91.9375,73.9691,34.0409,16.0725
341,339,192,233,32,0.14,49.7,2.6,192,2026-09-29 15:40:00,PT5M,51.058,88.8205,70.9327,31.1833,13.2955
322,321,173,228,32,0.14,50.2,2.5,193,2026-09-29 15:45:00,PT5M,48.045,85.528,67.7726,28.3174,10.562
303,302,154,222,32,0.14,50.8,2.5,194,2026-09-29 15:50:00,PT5M,44.978,82.0765,64.5032,25.4528,7.8795
284,284,135,216,32,0.14,51.3,2.5,196,2026-09-29 15:55:00,PT5M,41.867,78.484,61.1388,22.5952,5.25
266,266,117,209,32,0.14,51.8,2.5,197,2026-09-29 16:00:00,PT5M,38.726,74.7745,57.6986,19.7534,2.6775
249,248,100,202,32,0.14,52.3,2.5,198,2026-09-29 16:05:00,PT5M,35.873,71.317,54.5274,17.2186,0.429
232,231,85,194,32,0.14,52.9,2.4,200,2026-09-29 16:10:00,PT5M,32.87,67.6835,51.1926,14.5474,0.0
215,215,69,186,32,0.14,53.4,2.4,201,2026-09-29 16:15:00,PT5M,29.88,63.3745,47.5084,12.2516,0.0
199,199,55,177,31,0.14,53.9,2.4,203,2026-09-29 16:20:00,PT5M,26.923,58.234,43.4022,10.4438,0.0
183,183,40,168,31,0.14,54.5,2.4,204,2026-09-29 16:25:00,PT5M,24.056,53.2435,39.4176,8.6944,0.0
168,168,26,159,31,0.14,55.0,2.4,206,2026-09-29 16:30:00,PT5M,21.496,48.5275,35.7229,7.2691,0.0
153,153,13,149,31,0.14,55.6,2.4,207,2026-09-29 16:35:00,PT5M,18.918,43.8545,32.0423,5.7937,0.0
139,139,0,139,31,0.14,56.2,2.4,209,2026-09-29 16:40:00,PT5M,16.503,39.3315,28.5178,4.4882,0.0
125,126,0,126,31,0.14,56.7,2.4,210,2026-09-29 16:45:00,PT5M,14.893,35.619,25.8012,3.9848,0.0
112,112,0,112,31,0.14,57.3,2.4,212,2026-09-29 16:50:00,PT5M,13.314,31.9565,23.1257,3.5023,0.0
99,100,0,100,30,0.14,57.9,2.4,213,2026-09-29 16:55:00,PT5M,11.785,28.386,20.5222,3.0478,0.0
87,87,0,87,30,0.14,58.5,2.4,215,2026-09-29 17:00:00,PT5M,10.257,24.903,17.9653,2.5487,0.0
75,75,0,75,30,0.14,59.1,2.4,217,2026-09-29 17:05:00,PT5M,8.814,21.606,15.5465,2.0815,0.0
63,64,0,64,30,0.14,59.7,2.4,218,2026-09-29 17:10:00,PT5M,7.337,18.316,13.1153,1.5587,0.0
53,53,0,53,30,0.14,60.3,2.4,220,2026-09-29 17:15:00,PT5M,6.038,15.2295,10.8756,1.2004,0.0
43,43,0,43,30,0.14,60.9,2.4,221,2026-09-29 17:20:00,PT5M,4.875,12.308,8.787,0.963,0.0
34,34,0,34,30,0.14,61.6,2.4,223,2026-09-29 17:25:00,PT5M,3.739,9.491,6.7663,0.7117,0.0
27,27,0,27,30,0.14,62.2,2.4,224,2026-09-29 17:30:00,PT5M,2.709,6.9125,4.9213,0.4967,0.0
20,20,0,20,29,0.14,62.7,2.4,225,2026-09-29 17:35:00,PT5M,1.878,4.798,3.4148,0.3412,0.0
14,14,0,14,29,0.14,63.0,2.4,226,2026-09-29 17:40:00,PT5M,1.136,2.826,2.0255,0.2465,0.0
9,9,0,9,29,0.14,63.4,2.4,226,2026-09-29 17:45:00,PT5M,0.455,1.3005,0.9,0.01,0.0
4,4,0,4,29,0.14,63.7,2.4,227,2026-09-29 17:50:00,PT5M,0.0,0.2065,0.1087,0.0,0.0
0,0,0,0,29,0.14,64.1,2.4,227,2026-09-29 17:55:00,PT5M,0.0,0.0,0.0,0.0,0.0
0,0,0,0,29,0.14,64.4,2.4,228,2026-09-29 18:00:00,PT5M,0.0,0.0,0.0,0.0,0.0
0,0,0,0,29,0.14,64.7,2.4,228,2026-09-29 18:05:00,PT5M,0.0,0.0,0.0,0.0,0.0
0,0,0,0,29,0.14,65.1,2.3,229,2026-09-29 18:10:00,PT5M,0.0,0.0,0.0,0.0,0.0
0,0,0,0,29,0.14,65.4,2.3,229,2026-09-29 18:15:00,PT5M,0.0,0.0,0.0,0.0,0.0
0,0,0,0,29,0.14,65.8,2.3,230,2026-09-29 18:20:00,PT5M,0.0,0.0,0.0,0.0,0.0
0,0,0,0,29,0.14,66.1,2.3,230,2026-09-29 18:25:00,PT5M,0.0,0.0,0.0,0.0,0.0
0,0,0,0,29,0.14,66.5,2.3,231,2026-09-29 18:30:00,PT5M,0.0,0.0,0.0,0.0,0.0
0,0,0,0,29,0.14,66.9,2.3,231,2026-09-29 18:35:00,PT5M,0.0,0.0,0.0,0.0,0.0
0,0,0,0,28,0.14,67.2,2.3,232,2026-09-29 18:40:00,PT5M,0.0,0.0,0.0,0.0,0.0
0,0,0,0,28,0.14,67.6,2.3,232,2026-09-29 18:45:00,PT5M,0.0,0.0,0.0,0.0,0.0
0,0,0,0,28,0.14,68.0,2.3,233,2026-09-29 18:50:00,PT5M,0.0,0.0,0.0,0.0,0.0
0,0,0,0,28,0.14,68.3,2.3,233,2026-09-29 18:55:00,PT5M,0.0,0.0,0.0,0.0,0.0
0,0,0,0,28,0.14,68.7,2.3,234,2026-09-29 19:00:00,PT5M,0.0,0.0,0.0,0.0,0.0
0,0,0,0,28,0.14,69.1,2.3,234,2026-09-29 19:05:00,PT5M,0.0,0.0,0.0,0.0,0.0
0,0,0,0,28,0.14,69.4,2.3,235,2026-09-29 19:10:00,PT5M,0.0,0.0,0.0,0.0,0.0
0,0,0,0,28,0.14,69.8,2.3,235,2026-09-29 19:15:00,PT5M,0.0,0.0,0.0,0.0,0.0
0,0,0,0,28,0.14,70.2,2.3,236,2026-09-29 19:20:00,PT5M,0.0,0.0,0.0,0.0,0.0
0,0,0,0,28,0.14,70.6,2.3,236,2026-09-29 19:25:00,PT5M,0.0,0.0,0.0,0.0,0.0
0,0,0,0,28,0.14,70.9,2.3,237,2026-09-29 19:30:00,PT5M,0.0,0.0,0.0,0.0,0.0
0,0,0,0,28,0.14,71.3,2.3,237,2026-09-29 19:35:00,PT5M,0.0,0.0,0.0,0.0,0.0
0,0,0,0,28,0.14,71.7,2.3,238,2026-09-29 19:40:00,PT5M,0.0,0.0,0.0,0.0,0.0
0,0,0,0,27,0.14,72.1,2.3,238,2026-09-29 19:45:00,PT5M,0.0,0.0,0.0,0.0,0.0
0,0,0,0,27,0.14,72.5,2.3,239,2026-09-29 19:50:00,PT5M,0.0,0.0,0.0,0.0,0.0
0,0,0,0,27,0.14,72.9,2.3,239,2026-09-29 19:55:00,PT5M,0.0,0.0,0.0,0.0,0.0
0,0,0,0,27,0.14,73.3,2.2,240,2026-09-29 20:00:00,PT5M,0.0,0.0,0.0,0.0,0.0
0,0,0,0,27,0.14,73.7,2.2,240,2026-09-29 20:05:00,PT5M,0.0,0.0,0.0,0.0,0.0
0,0,0,0,27,0.14,74.1,2.2,241,2026-09-29 20:10:00,PT5M,0.0,0.0,0.0,0.0,0.0
0,0,0,0,27,0.14,74.5,2.2,242,2026-09-29 20:15:00,PT5M,0.0,0.0,0.0,0.0,0.0
0,0,0,0,27,0.14,74.9,2.2,242,2026-09-29 20:20:00,PT5M,0.0,0.0,0.0,0.0,0.0
0,0,0,0,27,0.14,75.3,2.2,243,2026-09-29 20:25:00,PT5M,0.0,0.0,0.0,0.0,0.0
0,0,0,0,27,0.14,75.7,2.2,243,2026-09-29 20:30:00,PT5M,0.0,0.0,0.0,0.0,0.0
0,0,0,0,27,0.14,76.0,2.2,243,2026-09-29 20:35:00,PT5M,0.0,0.0,0.0,0.0,0.0
0,0,0,0,27,0.14,76.3,2.2,243,2026-09-29 20:40:00,PT5M,0.0,0.0,0.0,0.0,0.0
0,0,0,0,27,0.14,76.5,2.1,242,2026-09-29 20:45:00,PT5M,0.0,0.0,0.0,0.0,0.0
0,0,0,0,27,0.14,76.7,2.1,242,2026-09-29 20:50:00,PT5M,0.0,0.0,0.0,0.0,0.0
0,0,0,0,27,0.14,76.9,2.1,242,2026-09-29 20:55:00,PT5M,0.0,0.0,0.0,0.0,0.0
0,0,0,0,27,0.14,77.2,2.0,241,2026-09-29 21:00:00,PT5M,0.0,0.0,0.0,0.0,0.0
0,0,0,0,27,0.14,77.4,2.0,241,2026-09-29 21:05:00,PT5M,0.0,0.0,0.0,0.0,0.0
0,0,0,0,27,0.14,77.6,2.0,240,2026-09-29 21:10:00,PT5M,0.0,0.0,0.0,0.0,0.0
0,0,0,0,26,0.14,77.9,1.9,240,2026-09-29 21:15:00,PT5M,0.0,0.0,0.0,0.0,0.0
0,0,0,0,26,0.14,78.1,1.9,239,2026-09-29 21:20:00,PT5M,0.0,0.0,0.0,0.0,0.0
0,0,0,0,26,0.14,78.3,1.9,239,2026-09-29 21:25:00,PT5M,0.0,0.0,0.0,0.0,0.0
0,0,0,0,26,0.14,78.6,1.8,238,2026-09-29 21:30:00,PT5M,0.0,0.0,0.0,0.0,0.0
0,0,0,0,26,0.14,78.8,1.8,237,2026-09-29 21:35:00,PT5M,0.0,0.0,0.0,0.0,0.0
0,0,0,0,26,0.14,79.0,1.8,237,2026-09-29 21:40:00,PT5M,0.0,0.0,0.0,0.0,0.0
0,0,0,0,26,0.14,79.3,1.7,236,2026-09-29 21:45:00,PT5M,0.0,0.0,0.0,0.0,0.0
0,0,0,0,26,0.14,79.5,1.7,236,2026-09-29 21:50:00,PT5M,0.0,0.0,0.0,0.0,0.0
0,0,0,0,26,0.14,79.8,1.7,235,2026-09-29 21:55:00,PT5M,0.0,0.0,0.0,0.0,0.0
0,0,0,0,26,0.14,80.0,1.6,234,2026-09-29 22:00:00,PT5M,0.0,0.0,0.0,0.0,0.0
0,0,0,0,26,0.14,80.2,1.6,233,2026-09-29 22:05:00,PT5M,0.0,0.0,0.0,0.0,0.0
0,0,0,0,26,0.14,80.5,1.6,233,2026-09-29 22:10:00,PT5M,0.0,0.0,0.0,0.0,0.0
0,0,0,0,26,0.14,80.7,1.5,232,2026-09-29 22:15:00,PT5M,0.0,0.0,0.0,0.0,0.0
0,0,0,0,26,0.14,81.0,1.5,231,2026-09-29 22:20:00,PT5M,0.0,0.0,0.0,0.0,0.0
0,0,0,0,26,0.14,81.2,1.5,230,2026-09-29 22:25:00,PT5M,0.0,0.0,0.0,0.0,0.0
0,0,0,0,26,0.14,81.4,1.4,229,2026-09-29 22:30:00,PT5M,0.0,0.0,0.0,0.0,0.0
0,0,0,0,26,0.14,81.7,1.4,228,2026-09-29 22:35:00,PT5M,0.0,0.0,0.0,0.0,0.0
0,0,0,0,26,0.14,81.9,1.4,227,2026-09-29 22:40:00,PT5M,0.0,0.0,0.0,0.0,0.0
0,0,0,0,26,0.14,82.2,1.3,226,2026-09-29 22:45:00,PT5M,0.0,0.0,0.0,0.0,0.0
0,0,0,0,26,0.14,82.4,1.3,225,2026-09-29 22:50:00,PT5M,0.0,0.0,0.0,0.0,0.0
0,0,0,0,26,0.14,82.7,1.3,224,2026-09-29 22:55:00,PT5M,0.0,0.0,0.0,0.0,0.0
0,0,0,0,26,0.14,82.9,1.3,223,2026-09-29 23:00:00,PT5M,0.0,0.0,0.0,0.0,0.0
0,0,0,0,26,0.14,83.2,1.2,222,2026-09-29 23:05:00,PT5M,0.0,0.0,0.0,0.0,0.0
0,0,0,0,26,0.14,83.4,1.2,220,2026-09-29 23:10:00,PT5M,0.0,0.0,0.0,0.0,0.0
0,0,0,0,26,0.14,83.7,1.2,219,2026-09-29 23:15:00,PT5M,0.0,0.0,0.0,0.0,0.0
0,0,0,0,26,0.14,83.9,1.1,218,2026-09-29 23:20:00,PT5M,0.0,0.0,0.0,0.0,0.0
0,0,0,0,26,0.14,84.2,1.1,216,2026-09-29 23:25:00,PT5M,0.0,0.0,0.0,0.0,0.0
0,0,0,0,26,0.14,84.4,1.1,214,2026-09-29 23:30:00,PT5M,0.0,0.0,0.0,0.0,0.0
0,0,0,0,26,0.14,84.6,1.1,214,2026-09-29 23:35:00,PT5M,0.0,0.0,0.0,0.0,0.0
0,0,0,0,26,0.14,84.6,1.1,215,2026-09-29 23:40:00,PT5M,0.0,0.0,0.0,0.0,0.0
0,0,0,0,26,0.14,84.7,1.1,215,2026-09-29 23:45:00,PT5M,0.0,0.0,0.0,0.0,0.0
0,0,0,0,26,0.14,84.7,1.2,216,2026-09-29 23:50:00,PT5M,0.0,0.0,0.0,0.0,0.0
0,0,0,0,26,0.14,84.8,1.2,216,2026-09-29 23:55:00,PT5M,0.0,0.0,0.0,0.0,0.0
0,0,0,0,26,0.14,84.8,1.2,217,2026-09-30 00:00:00,PT5M,0.0,0.0,0.0,0.0,0.0
0,0,0,0,26,0.14,84.9,1.2,217,2026-09-30 00:05:00,PT5M,0.0,0.0,0.0,0.0,0.0
0,0,0,0,25,0.14,85.0,1.2,218,2026-09-30 00:10:00,PT5M,0.0,0.0,0.0,0.0,0.0
0,0,0,0,25,0.14,85.0,1.3,218,2026-09-30 00:15:00,PT5M,0.0,0.0,0.0,0.0,0.0
0,0,0,0,25,0.14,85.1,1.3,219,2026-09-30 00:20:00,PT5M,0.0,0.0,0.0,0.0,0.0
0,0,0,0,25,0.14,85.1,1.3,219,2026-09-30 00:25:00,PT5M,0.0,0.0,0.0,0.0,0.0
0,0,0,0,25,0.14,85.2,1.3,220,2026-09-30 00:30:00,PT5M,0.0,0.0,0.0,0.0,0.0
0,0,0,0,25,0.14,85.2,1.4,220,2026-09-30 00:35:00,PT5M,0.0,0.0,0.0,0.0,0.0
0,0,0,0,25,0.14,85.3,1.4,221,2026-09-30 00:40:00,PT5M,0.0,0.0,0.0,0.0,0.0
0,0,0,0,25,0.14,85.3,1.4,221,2026-09-30 00:45:00,PT5M,0.0,0.0,0.0,0.0,0.0
0,0,0,0,25,0.14,85.4,1.4,221,2026-09-30 00:50:00,PT5M,0.0,0.0,0.0,0.0,0.0
0,0,0,0,25,0.14,85.4,1.5,222,2026-09-30 00:55:00,PT5M,0.0,0.0,0.0,0.0,0.0
0,0,0,0,25,0.14,85.5,1.5,222,2026-09-30 01:00:00,PT5M,0.0,0.0,0.0,0.0,0.0
0,0,0,0,25,0.14,85.6,1.5,222,2026-09-30 01:05:00,PT5M,0.0,0.0,0.0,0.0,0.0
0,0,0,0,25,0.14,85.6,1.5,223,2026-09-30 01:10:00,PT5M,0.0,0.0,0.0,0.0,0.0
0,0,0,0,25,0.14,85.7,1.5,223,2026-09-30 01:15:00,PT5M,0.0,0.0,0.0,0.0,0.0
0,0,0,0,25,0.14,85.7,1.6,223,2026-09-30 01:20:00,PT5M,0.0,0.0,0.0,0.0,0.0
0,0,0,0,25,0.14,85.8,1.6,224,2026-09-30 01:25:00,PT5M,0.0,0.0,0.0,0.0,0.0
0,0,0,0,25,0.14,85.8,1.6,224,2026-09-30 01:30:00,PT5M,0.0,0.0,0.0,0.0,0.0
0,0,0,0,25,0.14,85.9,1.6,224,2026-09-30 01:35:00,PT5M,0.0,0.0,0.0,0.0,0.0
0,0,0,0,25,0.14,85.9,1.7,225,2026-09-30 01:40:00,PT5M,0.0,0.0,0.0,0.0,0.0
0,0,0,0,25,0.14,86.0,1.7,225,2026-09-30 01:45:00,PT5M,0.0,0.0,0.0,0.0,0.0
0,0,0,0,25,0.14,86.1,1.7,225,2026-09-30 01:50:00,PT5M,0.0,0.0,0.0,0.0,0.0
0,0,0,0,25,0.14,86.1,1.7,225,2026-09-30 01:55:00,PT5M,0.0,0.0,0.0,0.0,0.0
0,0,0,0,25,0.14,86.2,1.8,226,2026-09-30 02:00:00,PT5M,0.0,0.0,0.0,0.0,0.0
0,0,0,0,25,0.14,86.2,1.8,226,2026-09-30 02:05:00,PT5M,0.0,0.0,0.0,0.0,0.0
0,0,0,0,25,0.14,86.3,1.8,226,2026-09-30 02:10:00,PT5M,0.0,0.0,0.0,0.0,0.0
0,0,0,0,25,0.14,86.3,1.8,226,2026-09-30 02:15:00,PT5M,0.0,0.0,0.0,0.0,0.0
0,0,0,0,25,0.14,86.4,1.9,227,2026-09-30 02:20:00,PT5M,0.0,0.0,0.0,0.0,0.0
0,0,0,0,25,0.14,86.5,1.9,227,2026-09-30 02:25:00,PT5M,0.0,0.0,0.0,0.0,0.0
0,0,0,0,25,0.14,86.5,1.9,227,2026-09-30 02:30:00,PT5M,0.0,0.0,0.0,0.0,0.0
0,0,0,0,25,0.14,86.6,1.9,227,2026-09-30 02:35:00,PT5M,0.0,0.0,0.0,0.0,0.0
0,0,0,0,25,0.14,86.7,1.9,227,2026-09-30 02:40:00,PT5M,0.0,0.0,0.0,0.0,0.0
0,0,0,0,25,0.14,86.8,1.9,227,2026-09-30 02:45:00,PT5M,0.0,0.0,0.0,0.0,0.0
0,0,0,0,25,0.14,86.8,1.9,226,2026-09-30 02:50:00,PT5M,0.0,0.0,0.0,0.0,0.0
0,0,0,0,25,0.14,86.9,1.9,226,2026-09-30 02:55:00,PT5M,0.0,0.0,0.0,0.0,0.0
0,0,0,0,25,0.14,87.0,1.9,226,2026-09-30 03:00:00,PT5M,0.0,0.0,0.0,0.0,0.0
0,0,0,0,25,0.14,87.1,1.9,226,2026-09-30 03:05:00,PT5M,0.0,0.0,0.0,0.0,0.0
0,0,0,0,25,0.14,87.2,1.9,225,2026-09-30 03:10:00,PT5M,0.0,0.0,0.0,0.0,0.0
0,0,0,0,25,0.14,87.3,1.8,225,2026-09-30 03:15:00,PT5M,0.0,0.0,0.0,0.0,0.0
0,0,0,0,25,0.14,87.4,1.8,225,2026-09-30 03:20:00,PT5M,0.0,0.0,0.0,0.0,0.0
0,0,0,0,25,0.14,87.4,1.8,225,2026-09-30 03:25:00,PT5M,0.0,0.0,0.0,0.0,0.0
0,0,0,0,25,0.14,87.5,1.8,224,2026-09-30 03:30:00,PT5M,0.0,0.0,0.0,0.0,0.0
0,0,0,0,25,0.14,87.6,1.8,224,2026-09-30 03:35:00,PT5M,0.0,0.0,0.0,0.0,0.0
0,0,0,0,25,0.14,87.7,1.8,224,2026-09-30 03:40:00,PT5M,0.0,0.0,0.0,0.0,0.0
0,0,0,0,25,0.14,87.8,1.8,224,2026-09-30 03:45:00,PT5M,0.0,0.0,0.0,0.0,0.0
0,0,0,0,25,0.14,87.9,1.8,223,2026-09-30 03:50:00,PT5M,0.0,0.0,0.0,0.0,0.0
0,0,0,0,24,0.14,88.0,1.8,223,2026-09-30 03:55:00,PT5M,0.0,0.0,0.0,0.0,0.0
0,0,0,0,24,0.14,88.1,1.8,223,2026-09-30 04:00:00,PT5M,0.0,0.0,0.0,0.0,0.0
0,0,0,0,24,0.14,88.1,1.8,223,2026-09-30 04:05:00,PT5M,0.0,0.0,0.0,0.0,0.0
0,0,0,0,24,0.14,88.2,1.8,222,2026-09-30 04:10:00,PT5M,0.0,0.0,0.0,0.0,0.0
0,0,0,0,24,0.14,88.3,1.8,222,2026-09-30 04:15:00,PT5M,0.0,0.0,0.0,0.0,0.0
0,0,0,0,24,0.14,88.4,1.7,222,2026-09-30 04:20:00,PT5M,0.0,0.0,0.0,0.0,0.0
0,0,0,0,24,0.14,88.5,1.7,221,2026-09-30 04:25:00,PT5M,0.0,0.0,0.0,0.0,0.0
0,0,0,0,24,0.14,88.6,1.7,221,2026-09-30 04:30:00,PT5M,0.0,0.0,0.0,0.0,0.0
0,0,0,0,24,0.14,88.7,1.7,221,2026-09-30 04:35:00,PT5M,0.0,0.0,0.0,0.0,0.0
0,0,0,0,24,0.14,88.8,1.7,221,2026-09-30 04:40:00,PT5M,0.0,0.0,0.0,0.0,0.0
0,0,0,0,24,0.14,88.8,1.7,220,2026-09-30 04:45:00,PT5M,0.0,0.0,0.0,0.0,0.0
0,0,0,0,24,0.14,88.9,1.7,220,2026-09-30 04:50:00,PT5M,0.0,0.0,0.0,0.0,0.0
0,0,0,0,24,0.14,89.0,1.7,220,2026-09-30 04:55:00,PT5M,0.0,0.0,0.0,0.0,0.0
0,0,0,0,24,0.14,89.1,1.7,220,2026-09-30 05:00:00,PT5M,0.0,0.0,0.0,0.0,0.0
0,0,0,0,24,0.14,89.2,1.7,219,2026-09-30 05:05:00,PT5M,0.0,0.0,0.0,0.0,0.0
0,0,0,0,24,0.14,89.3,1.7,219,2026-09-30 05:10:00,PT5M,0.0,0.0,0.0,0.0,0.0
0,0,0,0,24,0.14,89.4,1.7,219,2026-09-30 05:15:00,PT5M,0.0,0.0,0.0,0.0,0.0
0,0,0,0,24,0.14,89.5,1.7,218,2026-09-30 05:20:00,PT5M,0.0,0.0,0.0,0.0,0.0
0,0,0,0,24,0.14,89.6,1.7,218,2026-09-30 05:25:00,PT5M,0.0,0.0,0.0,0.0,0.0
0,0,0,0,24,0.14,89.6,1.6,218,2026-09-30 05:30:00,PT5M,0.0,0.0,0.0,0.0,0.0
0,0,0,0,24,0.14,89.3,1.7,218,2026-09-30 05:35:00,PT5M,0.0,0.0,0.0,0.0,0.0
0,0,0,0,24,0.14,88.5,1.7,218,2026-09-30 05:40:00,PT5M,0.0,0.0,0.0,0.0,0.0
0,0,0,0,24,0.14,87.8,1.7,218,2026-09-30 05:45:00,PT5M,0.0,0.0,0.0,0.0,0.0
0,0,0,0,24,0.14,87.0,1.7,218,2026-09-30 05:50:00,PT5M,0.0,0.0,0.0,0.0,0.0
0,0,0,0,25,0.14,86.3,1.8,218,2026-09-30 05:55:00,PT5M,0.0,0.0,0.0,0.0,0.0
3,3,0,3,25,0.14,85.5,1.8,218,2026-09-30 06:00:00,PT5M,0.0,0.0,0.0,0.0,0.0
9,10,0,10,25,0.14,84.8,1.8,218,2026-09-30 06:05:00,PT5M,0.6,1.053,0.8384,0.3616,0.147
18,18,0,18,25,0.14,84.0,1.9,219,2026-09-30 06:10:00,PT5M,1.712,2.8475,2.3096,1.1144,0.5765
27,27,0,27,25,0.14,83.3,1.9,219,2026-09-30 06:15:00,PT5M,2.952,4.99,4.0246,1.8794,0.914
38,38,0,38,25,0.14,82.6,1.9,219,2026-09-30 06:20:00,PT5M,4.305,7.6565,6.0689,2.5411,0.9535
50,50,28,47,25,0.14,81.9,2.0,219,2026-09-30 06:25:00,PT5M,6.304,11.1165,8.8369,3.7711,1.4915
63,63,58,55,25,0.14,81.2,2.0,219,2026-09-30 06:30:00,PT5M,8.876,15.395,12.307,5.445,2.357
78,78,91,63,26,0.14,80.5,2.0,219,2026-09-30 06:35:00,PT5M,11.811,20.1825,16.217,7.405,3.4395
94,93,123,71,26,0.14,79.8,2.1,219,2026-09-30 06:40:00,PT5M,15.03,25.3135,20.4423,9.6177,4.7465
111,110,156,78,26,0.14,79.1,2.1,219,2026-09-30 06:45:00,PT5M,18.618,30.835,25.0479,12.1881,6.401
128,127,187,84,26,0.14,78.4,2.1,219,2026-09-30 06:50:00,PT5M,22.384,36.5055,29.8162,14.9518,8.2625
146,144,219,90,26,0.14,77.8,2.2,219,2026-09-30 06:55:00,PT5M,26.328,42.4185,34.7965,17.8595,10.2375
164,162,246,96,26,0.14,77.1,2.2,219,2026-09-30 07:00:00,PT5M,30.389,48.5495,39.947,20.831,12.2285
181,179,266,103,26,0.14,76.5,2.2,220,2026-09-30 07:05:00,PT5M,34.289,54.559,44.9572,23.6208,14.019
199,197,284,109,26,0.14,75.8,2.2,220,2026-09-30 07:10:00,PT5M,38.206,60.578,49.9805,26.4315,15.834
216,214,301,115,27,0.14,75.2,2.3,220,2026-09-30 07:15:00,PT5M,42.192,66.6815,55.081,29.303,17.7025
234,232,317,121,27,0.14,74.5,2.3,220,2026-09-30 07:20:00,PT5M,46.206,72.822,60.2142,32.1978,19.59
252,249,332,127,27,0.14,73.9,2.3,220,2026-09-30 07:25:00,PT5M,50.25,78.9895,65.3758,35.1242,21.5105
270,267,347,132,27,0.14,73.3,2.4,220,2026-09-30 07:30:00,PT5M,54.337,85.204,70.5825,38.0915,23.47
288,285,360,138,27,0.14,72.6,2.4,220,2026-09-30 07:35:00,PT5M,58.36,91.3815,75.7395,40.9805,25.3385
305,302,371,143,27,0.14,72.0,2.4,220,2026-09-30 07:40:00,PT5M,62.391,97.682,80.9649,43.8171,27.1
323,320,383,148,27,0.14,71.4,2.5,220,2026-09-30 07:45:00,PT5M,64.691,100.0,83.6596,45.7224,28.65
341,337,394,153,27,0.14,70.8,2.5,220,2026-09-30 07:50:00,PT5M,66.738,100.0,85.9929,47.4831,30.153
359,355,405,158,28,0.14,70.2,2.5,220,2026-09-30 07:55:00,PT5M,68.699,100.0,88.2147,49.1833,31.6185
376,372,415,163,28,0.14,69.6,2.6,220,2026-09-30 08:00:00,PT5M,70.565,100.0,90.3131,50.8169,33.043
394,390,424,167,28,0.14,69.0,2.6,220,2026-09-30 08:05:00,PT5M,72.323,100.0,92.2698,52.3762,34.4235
411,407,434,172,28,0.14,68.4,2.6,220,2026-09-30 08:10:00,PT5M,73.961,100.0,94.1009,53.8211,35.6945
428,424,443,176,28,0.14,67.9,2.7,220,2026-09-30 08:15:00,PT5M,75.47,100.0,95.7249,55.2151,36.985
445,441,451,180,28,0.14,67.3,2.7,220,2026-09-30 08:20:00,PT5M,76.838,100.0,97.1571,56.5189,38.231
462,458,459,184,28,0.14,66.7,2.7,221,2026-09-30 08:25:00,PT5M,78.079,100.0,98.4179,57.7401,39.4345
479,474,467,188,28,0.14,66.2,2.8,221,2026-09-30 08:30:00,PT5M,79.246,100.0,99.5838,58.9082,40.6035
496,491,475,192,29,0.14,65.5,2.8,221,2026-09-30 08:35:00,PT5M,80.421,100.0,100.0,60.1021,41.8145
513,507,484,195,29,0.14,64.6,2.7,222,2026-09-30 08:40:00,PT5M,81.608,100.0,100.0,61.3233,43.0665
529,524,493,198,29,0.14,63.8,2.7,223,2026-09-30 08:45:00,PT5M,82.738,100.0,100.0,62.4957,44.277
546,540,502,200,29,0.14,63.0,2.7,225,2026-09-30 08:50:00,PT5M,83.82,100.0,100.0,63.6866,45.566
562,557,511,203,29,0.14,62.2,2.7,226,2026-09-30 08:55:00,PT5M,84.859,100.0,100.0,64.9349,47.0025
578,573,519,205,29,0.14,61.4,2.7,227,2026-09-30 09:00:00,PT5M,85.866,100.0,100.0,66.15,48.405
595,589,529,207,30,0.14,60.6,2.7,228,2026-09-30 09:05:00,PT5M,86.931,100.0,100.0,67.4266,49.872
611,605,538,208,30,0.14,59.9,2.7,229,2026-09-30 09:10:00,PT5M,87.987,100.0,100.0,68.6918,51.3255
627,621,547,210,30,0.14,59.1,2.7,230,2026-09-30 09:15:00,PT5M,88.956,100.0,100.0,69.8684,52.689
643,637,556,211,30,0.14,58.4,2.7,232,2026-09-30 09:20:00,PT5M,89.891,100.0,100.0,71.0092,54.015
659,652,565,212,30,0.14,57.7,2.7,233,2026-09-30 09:25:00,PT5M,90.793,100.0,100.0,72.1149,55.304
674,667,574,212,30,0.14,56.9,2.7,234,2026-09-30 09:30:00,PT5M,91.663,100.0,100.0,73.1862,56.5565
690,683,584,213,31,0.14,56.2,2.7,235,2026-09-30 09:35:00,PT5M,92.571,100.0,100.0,74.3024,57.86
705,698,595,212,31,0.14,55.5,2.7,237,2026-09-30 09:40:00,PT5M,93.515,100.0,100.0,75.4611,59.212
721,713,605,211,31,0.14,54.8,2.7,238,2026-09-30 09:45:00,PT5M,94.377,100.0,100.0,76.5323,60.4715
735,728,615,211,31,0.14,54.1,2.7,239,2026-09-30 09:50:00,PT5M,95.201,100.0,100.0,77.5623,61.687
750,742,625,210,31,0.14,53.4,2.7,240,2026-09-30 09:55:00,PT5M,95.998,100.0,100.0,78.5628,62.8705
764,756,635,208,31,0.14,52.8,2.7,241,2026-09-30 10:00:00,PT5M,96.765,100.0,100.0,79.5274,64.013
778,770,645,207,32,0.14,52.1,2.7,243,2026-09-30 10:05:00,PT5M,97.515,100.0,100.0,80.4724,65.1335
792,784,656,205,32,0.14,51.5,2.7,244,2026-09-30 10:10:00,PT5M,98.245,100.0,100.0,81.3945,66.2285
805,797,666,202,32,0.14,50.8,2.7,245,2026-09-30 10:15:00,PT5M,98.947,100.0,100.0,82.2852,67.289
818,810,677,200,32,0.14,50.2,2.7,246,2026-09-30 10:20:00,PT5M,99.62,100.0,100.0,83.1434,68.314
831,822,687,197,32,0.14,49.6,2.7,247,2026-09-30 10:25:00,PT5M,100.0,100.0,100.0,83.7055,69.04
843,834,698,194,32,0.14,49.0,2.7,249,2026-09-30 10:30:00,PT5M,100.0,100.0,100.0,83.8847,69.3805
855,846,707,191,33,0.14,48.3,2.7,250,2026-09-30 10:35:00,PT5M,100.0,100.0,100.0,84.0608,69.715
865,856,714,189,33,0.14,47.7,2.7,251,2026-09-30 10:40:00,PT5M,100.0,100.0,100.0,84.2334,70.043
875,866,722,187,33,0.14,47.2,2.7,252,2026-09-30 10:45:00,PT5M,100.0,100.0,100.0,84.4008,70.361
885,875,730,185,33,0.14,46.6,2.8,253,2026-09-30 10:50:00,PT5M,100.0,100.0,100.0,84.5608,70.665
894,884,737,182,33,0.14,46.0,2.8,254,2026-09-30 10:55:00,PT5M,100.0,100.0,100.0,84.7042,70.9375
903,893,745,179,33,0.14,45.4,2.8,255,2026-09-30 11:00:00,PT5M,100.0,100.0,100.0,84.841,71.1975
911,901,752,177,34,0.14,44.9,2.8,256,2026-09-30 11:05:00,PT5M,100.0,100.0,100.0,84.9892,71.479
918,909,760,174,34,0.14,44.3,2.8,257,2026-09-30 11:10:00,PT5M,100.0,100.0,100.0,85.1352,71.7565
926,916,767,171,34,0.14,43.8,2.8,259,2026-09-30 11:15:00,PT5M,100.0,100.0,100.0,85.2658,72.0045
932,922,774,168,34,0.14,43.2,2.9,260,2026-09-30 11:20:00,PT5M,100.0,100.0,100.0,85.3884,72.2375
939,928,781,165,34,0.14,42.7,2.9,261,2026-09-30 11:25:00,PT5M,100.0,100.0,100.0,85.5039,72.457
944,934,787,161,34,0.14,42.2,2.9,262,2026-09-30 11:30:00,PT5M,100.0,100.0,100.0,85.6139,72.666
946,936,786,163,34,0.14,42.0,2.9,261,2026-09-30 11:35:00,PT5M,100.0,100.0,100.0,85.6363,72.7085
943,933,775,169,34,0.14,42.3,2.8,259,2026-09-30 11:40:00,PT5M,100.0,100.0,100.0,85.5702,72.583
940,930,765,175,34,0.14,42.6,2.8,256,2026-09-30 11:45:00,PT5M,100.0,100.0,100.0,85.4966,72.443
936,926,755,181,34,0.14,43.0,2.7,254,2026-09-30 11:50:00,PT5M,100.0,100.0,100.0,85.415,72.288
931,922,744,187,34,0.14,43.3,2.7,251,2026-09-30 11:55:00,PT5M,100.0,100.0,100.0,85.326,72.119
926,917,733,192,34,0.14,43.6,2.6,248,2026-09-30 12:00:00,PT5M,100.0,100.0,100.0,85.2295,71.9355
921,911,721,199,34,0.14,43.9,2.6,245,2026-09-30 12:05:00,PT5M,100.0,100.0,100.0,85.1226,71.7325
914,905,708,206,34,0.14,44.2,2.5,242,2026-09-30 12:10:00,PT5M,100.0,100.0,100.0,85.0066,71.512
907,898,695,213,34,0.14,44.5,2.5,239,2026-09-30 12:15:00,PT5M,100.0,100.0,100.0,84.8839,71.279
899,890,682,220,34,0.14,44.8,2.5,236,2026-09-30 12:20:00,PT5M,100.0,100.0,100.0,84.7547,71.0335
891,882,669,226,34,0.14,45.1,2.5,233,2026-09-30 12:25:00,PT5M,100.0,100.0,100.0,84.6197,70.777
883,874,656,233,34,0.14,45.5,2.5,230,2026-09-30 12:30:00,PT5M,99.665,100.0,100.0,84.145,70.1765
874,865,643,239,34,0.14,45.8,2.5,227,2026-09-30 12:35:00,PT5M,99.058,100.0,100.0,83.3809,69.271
864,856,630,245,33,0.14,46.1,2.5,224,2026-09-30 12:40:00,PT5M,98.428,100.0,100.0,82.5772,68.311
854,846,617,250,33,0.14,46.5,2.5,221,2026-09-30 12:45:00,PT5M,97.769,100.0,100.0,81.7345,67.303
844,836,604,256,33,0.14,46.8,2.6,218,2026-09-30 12:50:00,PT5M,97.078,100.0,100.0,80.8501,66.2445
833,825,591,261,33,0.14,47.1,2.6,215,2026-09-30 12:55:00,PT5M,96.365,100.0,100.0,79.9487,65.1735
822,814,578,266,33,0.14,47.5,2.6,212,2026-09-30 13:00:00,PT5M,95.636,100.0,100.0,79.0434,64.1095
811,803,566,269,33,0.14,47.8,2.7,209,2026-09-30 13:05:00,PT5M,94.901,100.0,100.0,78.1176,63.012
800,792,555,272,33,0.14,48.1,2.7,206,2026-09-30 13:10:00,PT5M,94.165,100.0,100.0,77.1869,61.906
788,781,544,275,33,0.14,48.5,2.8,204,2026-09-30 13:15:00,PT5M,93.398,100.0,100.0,76.2209,60.761
776,769,534,277,33,0.14,48.8,2.9,201,2026-09-30 13:20:00,PT5M,92.6,100.0,100.0,75.2211,59.5795
764,757,523,279,33,0.14,49.2,2.9,199,2026-09-30 13:25:00,PT5M,91.815,100.0,100.0,74.2332,58.409
751,744,512,280,33,0.14,49.5,3.0,197,2026-09-30 13:30:00,PT5M,90.955,100.0,100.0,73.1687,57.1605
738,731,501,282,33,0.14,49.9,3.1,195,2026-09-30 13:35:00,PT5M,90.008,100.0,100.0,72.0265,55.8425
724,717,488,284,33,0.14,50.3,3.2,193,2026-09-30 13:40:00,PT5M,88.965,100.0,100.0,70.7964,54.444
709,703,476,285,33,0.14,50.6,3.3,191,2026-09-30 13:45:00,PT5M,87.888,100.0,100.0,69.5301,53.0075
695,689,464,286,32,0.14,51.0,3.3,189,2026-09-30 13:50:00,PT5M,86.775,100.0,100.0,68.2258,51.531
680,674,451,287,32,0.14,51.3,3.4,187,2026-09-30 13:55:00,PT5M,85.626,100.0,100.0,66.8834,50.0145
665,659,439,287,32,0.14,51.7,3.5,186,2026-09-30 14:00:00,PT5M,84.441,100.0,100.0,65.5024,48.457
649,644,427,288,32,0.14,52.1,3.6,184,2026-09-30 14:05:00,PT5M,83.195,100.0,100.0,64.0558,46.83
634,629,413,288,32,0.14,52.5,3.7,183,2026-09-30 14:10:00,PT5M,81.888,100.0,100.0,62.5459,45.1375
618,613,400,288,32,0.14,52.8,3.8,182,2026-09-30 14:15:00,PT5M,80.508,100.0,100.0,60.9602,43.3665
601,597,386,288,32,0.14,53.2,3.9,180,2026-09-30 14:20:00,PT5M,79.064,100.0,98.8192,59.3088,41.5285
585,581,373,288,32,0.14,53.6,4.0,179,2026-09-30 14:25:00,PT5M,77.578,100.0,97.5411,57.6149,39.6475
568,564,359,287,32,0.14,54.0,4.2,178,2026-09-30 14:30:00,PT5M,76.018,100.0,96.1892,55.8468,37.692
550,546,342,287,32,0.14,54.4,4.2,177,2026-09-30 14:35:00,PT5M,74.117,100.0,94.5493,53.6847,35.295
529,526,320,287,32,0.14,54.9,4.0,178,2026-09-30 14:40:00,PT5M,71.832,100.0,92.5738,51.0902,32.422
509,506,299,287,32,0.14,55.5,3.9,178,2026-09-30 14:45:00,PT5M,69.498,100.0,90.4587,48.5373,29.672
489,486,279,286,31,0.14,56.0,3.8,178,2026-09-30 14:50:00,PT5M,67.116,100.0,88.2135,46.0185,27.03
469,466,260,284,31,0.14,56.5,3.7,178,2026-09-30 14:55:00,PT5M,64.726,100.0,85.9414,43.5106,24.416
450,447,242,281,31,0.14,57.0,3.6,178,2026-09-30 15:00:00,PT5M,62.354,100.0,83.6818,41.0262,21.8305
431,429,224,278,31,0.14,57.6,3.5,178,2026-09-30 15:05:00,PT5M,59.955,100.0,81.3518,38.5582,19.3005
412,410,207,274,31,0.14,58.1,3.4,179,2026-09-30 15:10:00,PT5M,57.574,98.3835,79.0523,36.0957,16.7645
393,392,191,270,31,0.14,58.7,3.3,179,2026-09-30 15:15:00,PT5M,55.107,96.0345,76.6474,33.5666,14.1795
375,374,175,265,31,0.14,59.2,3.2,179,2026-09-30 15:20:00,PT5M,52.592,93.597,74.1732,31.0108,11.587
357,356,160,259,31,0.14,59.8,3.1,180,2026-09-30 15:25:00,PT5M,50.035,91.0685,71.6312,28.4388,9.0015
339,338,144,253,30,0.14,60.3,3.0,180,2026-09-30 15:30:00,PT5M,47.439,88.445,69.0208,25.8572,6.433
321,320,129,247,30,0.14,60.9,2.8,180,2026-09-30 15:35:00,PT5M,44.741,85.654,66.2738,23.2082,3.828
303,303,114,240,30,0.14,61.5,2.7,181,2026-09-30 15:40:00,PT5M,41.982,82.6625,63.3924,20.5716,1.3015
286,285,98,233,30,0.14,62.1,2.6,181,2026-09-30 15:45:00,PT5M,39.421,79.766,60.6549,18.1871,0.0
269,268,84,225,30,0.14,62.6,2.5,181,2026-09-30 15:50:00,PT5M,36.624,76.538,57.631,15.617,0.0
252,252,70,217,30,0.14,63.2,2.4,182,2026-09-30 15:55:00,PT5M,33.823,73.218,54.5569,13.0891,0.0
236,236,56,209,30,0.14,63.8,2.3,182,2026-09-30 16:00:00,PT5M,31.028,69.8255,51.4474,10.6086,0.0
220,220,43,200,30,0.14,64.4,2.2,183,2026-09-30 16:05:00,PT5M,28.245,66.3745,48.3128,8.1772,0.0
204,204,30,191,30,0.14,65.0,2.1,183,2026-09-30 16:10:00,PT5M,25.783,63.1785,45.4645,6.1015,0.0
189,189,17,182,29,0.14,65.7,2.0,184,2026-09-30 16:15:00,PT5M,23.21,59.0585,42.0773,4.3427,0.0
174,175,6,172,29,0.14,66.3,1.9,185,2026-09-30 16:20:00,PT5M,20.803,54.387,38.4785,3.1275,0.0
160,161,0,161,29,0.14,66.9,1.8,186,2026-09-30 16:25:00,PT5M,18.882,50.241,35.3865,2.3775,0.0
146,147,0,147,29,0.14,67.5,1.7,187,2026-09-30 16:30:00,PT5M,17.377,46.5175,32.7139,2.0401,0.0
133,134,0,134,29,0.14,68.2,1.6,188,2026-09-30 16:35:00,PT5M,15.893,42.812,30.0607,1.7253,0.0
121,121,0,121,29,0.14,68.8,1.5,189,2026-09-30 16:40:00,PT5M,14.424,39.1055,27.414,1.434,0.0
109,109,0,109,29,0.14,69.5,1.4,190,2026-09-30 16:45:00,PT5M,12.965,35.368,24.7559,1.1741,0.0
97,97,0,97,29,0.14,70.1,1.2,192,2026-09-30 16:50:00,PT5M,11.542,31.727,22.1655,0.9185,0.0
86,86,0,86,28,0.14,70.8,1.1,194,2026-09-30 16:55:00,PT5M,10.168,28.1795,19.6476,0.6884,0.0
75,75,0,75,28,0.14,71.5,1.0,196,2026-09-30 17:00:00,PT5M,8.803,24.725,17.1829,0.4231,0.0
64,64,0,64,28,0.14,72.2,0.9,199,2026-09-30 17:05:00,PT5M,7.505,21.4215,14.8294,0.1806,0.0
54,54,0,54,28,0.14,72.9,0.9,202,2026-09-30 17:10:00,PT5M,6.197,18.131,12.4779,0.0,0.0
45,45,0,45,28,0.14,73.6,0.8,207,2026-09-30 17:15:00,PT5M,5.058,15.037,10.31,0.0,0.0
37,37,0,37,28,0.14,74.3,0.7,212,2026-09-30 17:20:00,PT5M,4.036,12.0915,8.2757,0.0,0.0
29,29,0,29,28,0.14,75.0,0.6,219,2026-09-30 17:25:00,PT5M,3.039,9.165,6.2632,0.0,0.0
22,22,0,22,28,0.14,75.7,0.5,228,2026-09-30 17:30:00,PT5M,2.155,6.55,4.4681,0.0,0.0
16,16,0,16,28,0.14,76.2,0.5,232,2026-09-30 17:35:00,PT5M,1.442,4.3805,2.9886,0.0,0.0
11,11,0,11,27,0.14,76.4,0.5,230,2026-09-30 17:40:00,PT5M,0.806,2.453,1.6728,0.0,0.0
7,7,0,7,27,0.14,76.7,0.5,227,2026-09-30 17:45:00,PT5M,0.225,1.019,0.6429,0.0,0.0
3,3,0,3,27,0.14,76.9,0.5,225,2026-09-30 17:50:00,PT5M,0.0,0.155,0.0816,0.0,0.0
0,0,0,0,27,0.14,77.2,0.5,223,2026-09-30 17:55:00,PT5M,0.0,0.0,0.0,0.0,0.0
0,0,0,0,27,0.14,77.4,0.5,221,2026-09-30 18:00:00,PT5M,0.0,0.0,0.0,0.0,0.0
0,0,0,0,27,0.14,77.7,0.5,219,2026-09-30 18:05:00,PT5M,0.0,0.0,0.0,0.0,0.0
0,0,0,0,27,0.14,77.9,0.5,217,2026-09-30 18:10:00,PT5M,0.0,0.0,0.0,0.0,0.0
0,0,0,0,27,0.14,78.2,0.5,215,2026-09-30 18:15:00,PT5M,0.0,0.0,0.0,0.0,0.0
0,0,0,0,27,0.14,78.5,0.5,213,2026-09-30 18:20:00,PT5M,0.0,0.0,0.0,0.0,0.0
0,0,0,0,27,0.14,78.7,0.6,211,2026-09-30 18:25:00,PT5M,0.0,0.0,0.0,0.0,0.0
0,0,0,0,27,0.14,79.0,0.6,209,2026-09-30 18:30:00,PT5M,0.0,0.0,0.0,0.0,0.0
0,0,0,0,27,0.14,79.2,0.6,207,2026-09-30 18:35:00,PT5M,0.0,0.0,0.0,0.0,0.0
0,0,0,0,27,0.14,79.5,0.6,205,2026-09-30 18:40:00,PT5M,0.0,0.0,0.0,0.0,0.0
0,0,0,0,27,0.14,79.8,0.6,204,2026-09-30 18:45:00,PT5M,0.0,0.0,0.0,0.0,0.0
0,0,0,0,27,0.14,80.0,0.6,202,2026-09-30 18:50:00,PT5M,0.0,0.0,0.0,0.0,0.0
0,0,0,0,27,0.14,80.3,0.6,201,2026-09-30 18:55:00,PT5M,0.0,0.0,0.0,0.0,0.0
0,0,0,0,27,0.14,80.5,0.6,199,2026-09-30 19:00:00,PT5M,0.0,0.0,0.0,0.0,0.0
0,0,0,0,27,0.14,80.8,0.6,198,2026-09-30 19:05:00,PT5M,0.0,0.0,0.0,0.0,0.0
0,0,0,0,27,0.14,81.1,0.7,196,2026-09-30 19:10:00,PT5M,0.0,0.0,0.0,0.0,0.0
0,0,0,0,27,0.14,81.3,0.7,195,2026-09-30 19:15:00,PT5M,0.0,0.0,0.0,0.0,0.0
0,0,0,0,27,0.14,81.6,0.7,194,2026-09-30 19:20:00,PT5M,0.0,0.0,0.0,0.0,0.0
0,0,0,0,27,0.14,81.9,0.7,193,2026-09-30 19:25:00,PT5M,0.0,0.0,0.0,0.0,0.0
0,0,0,0,27,0.14,82.2,0.7,191,2026-09-30 19:30:00,PT5M,0.0,0.0,0.0,0.0,0.0
0,0,0,0,27,0.14,82.4,0.7,190,2026-09-30 19:35:00,PT5M,0.0,0.0,0.0,0.0,0.0
0,0,0,0,26,0.14,82.7,0.7,189,2026-09-30 19:40:00,PT5M,0.0,0.0,0.0,0.0,0.0
0,0,0,0,26,0.14,83.0,0.7,188,2026-09-30 19:45:00,PT5M,0.0,0.0,0.0,0.0,0.0
0,0,0,0,26,0.14,83.2,0.8,187,2026-09-30 19:50:00,PT5M,0.0,0.0,0.0,0.0,0.0
0,0,0,0,26,0.14,83.5,0.8,186,2026-09-30 19:55:00,PT5M,0.0,0.0,0.0,0.0,0.0
0,0,0,0,26,0.14,83.8,0.8,185,2026-09-30 20:00:00,PT5M,0.0,0.0,0.0,0.0,0.0
0,0,0,0,26,0.14,84.1,0.8,184,2026-09-30 20:05:00,PT5M,0.0,0.0,0.0,0.0,0.0
0,0,0,0,26,0.14,84.3,0.8,183,2026-09-30 20:10:00,PT5M,0.0,0.0,0.0,0.0,0.0
0,0,0,0,26,0.14,84.6,0.8,183,2026-09-30 20:15:00,PT5M,0.0,0.0,0.0,0.0,0.0
0,0,0,0,26,0.14,84.9,0.9,182,2026-09-30 20:20:00,PT5M,0.0,0.0,0.0,0.0,0.0
0,0,0,0,26,0.14,85.2,0.9,181,2026-09-30 20:25:00,PT5M,0.0,0.0,0.0,0.0,0.0
0,0,0,0,26,0.14,85.5,0.9,180,2026-09-30 20:30:00,PT5M,0.0,0.0,0.0,0.0,0.0
0,0,0,0,26,0.14,85.6,0.9,182,2026-09-30 20:35:00,PT5M,0.0,0.0,0.0,0.0,0.0
0,0,0,0,26,0.14,85.7,0.9,185,2026-09-30 20:40:00,PT5M,0.0,0.0,0.0,0.0,0.0
0,0,0,0,26,0.14,85.7,1.0,188,2026-09-30 20:45:00,PT5M,0.0,0.0,0.0,0.0,0.0
0,0,0,0,26,0.14,85.8,1.0,191,2026-09-30 20:50:00,PT5M,0.0,0.0,0.0,0.0,0.0
0,0,0,0,26,0.14,85.9,1.0,193,2026-09-30 20:55:00,PT5M,0.0,0.0,0.0,0.0,0.0
0,0,0,0,26,0.14,85.9,1.1,196,2026-09-30 21:00:00,PT5M,0.0,0.0,0.0,0.0,0.0
0,0,0,0,26,0.14,86.0,1.1,198,2026-09-30 21:05:00,PT5M,0.0,0.0,0.0,0.0,0.0
0,0,0,0,26,0.14,86.0,1.1,200,2026-09-30 21:10:00,PT5M,0.0,0.0,0.0,0.0,0.0
0,0,0,0,26,0.14,86.1,1.2,202,2026-09-30 21:15:00,PT5M,0.0,0.0,0.0,0.0,0.0
0,0,0,0,26,0.14,86.1,1.2,204,2026-09-30 21:20:00,PT5M,0.0,0.0,0.0,0.0,0.0
0,0,0,0,26,0.14,86.2,1.3,206,2026-09-30 21:25:00,PT5M,0.0,0.0,0.0,0.0,0.0
0,0,0,0,26,0.14,86.2,1.3,208,2026-09-30 21:30:00,PT5M,0.0,0.0,0.0,0.0,0.0
0,0,0,0,26,0.14,86.3,1.3,209,2026-09-30 21:35:00,PT5M,0.0,0.0,0.0,0.0,0.0
0,0,0,0,26,0.14,86.4,1.4,211,2026-09-30 21:40:00,PT5M,0.0,0.0,0.0,0.0,0.0
0,0,0,0,26,0.14,86.4,1.4,212,2026-09-30 21:45:00,PT5M,0.0,0.0,0.0,0.0,0.0
0,0,0,0,26,0.14,86.5,1.5,213,2026-09-30 21:50:00,PT5M,0.0,0.0,0.0,0.0,0.0
0,0,0,0,26,0.14,86.5,1.5,215,2026-09-30 21:55:00,PT5M,0.0,0.0,0.0,0.0,0.0
0,0,0,0,26,0.14,86.6,1.6,216,2026-09-30 22:00:00,PT5M,0.0,0.0,0.0,0.0,0.0
0,0,0,0,26,0.14,86.6,1.6,217,2026-09-30 22:05:00,PT5M,0.0,0.0,0.0,0.0,0.0
0,0,0,0,26,0.14,86.7,1.7,218,2026-09-30 22:10:00,PT5M,0.0,0.0,0.0,0.0,0.0
0,0,0,0,26,0.14,86.8,1.7,219,2026-09-30 22:15:00,PT5M,0.0,0.0,0.0,0.0,0.0
0,0,0,0,26,0.14,86.8,1.8,219,2026-09-30 22:20:00,PT5M,0.0,0.0,0.0,0.0,0.0
0,0,0,0,26,0.14,86.9,1.8,220,2026-09-30 22:25:00,PT5M,0.0,0.0,0.0,0.0,0.0
0,0,0,0,26,0.14,86.9,1.9,221,2026-09-30 22:30:00,PT5M,0.0,0.0,0.0,0.0,0.0
0,0,0,0,26,0.14,87.0,1.9,222,2026-09-30 22:35:00,PT5M,0.0,0.0,0.0,0.0,0.0
0,0,0,0,25,0.14,87.0,2.0,223,2026-09-30 22:40:00,PT5M,0.0,0.0,0.0,0.0,0.0
0,0,0,0,25,0.14,87.1,2.0,223,2026-09-30 22:45:00,PT5M,0.0,0.0,0.0,0.0,0.0
0,0,0,0,25,0.14,87.1,2.1,224,2026-09-30 22:50:00,PT5M,0.0,0.0,0.0,0.0,0.0
0,0,0,0,25,0.14,87.2,2.1,224,2026-09-30 22:55:00,PT5M,0.0,0.0,0.0,0.0,0.0
0,0,0,0,25,0.14,87.3,2.2,225,2026-09-30 23:00:00,PT5M,0.0,0.0,0.0,0.0,0.0
0,0,0,0,25,0.14,87.3,2.3,226,2026-09-30 23:05:00,PT5M,0.0,0.0,0.0,0.0,0.0
0,0,0,0,25,0.14,87.4,2.3,226,2026-09-30 23:10:00,PT5M,0.0,0.0,0.0,0.0,0.0
0,0,0,0,25,0.14,87.4,2.4,227,2026-09-30 23:15:00,PT5M,0.0,0.0,0.0,0.0,0.0
0,0,0,0,25,0.14,87.5,2.4,227,2026-09-30 23:20:00,PT5M,0.0,0.0,0.0,0.0,0.0
0,0,0,0,25,0.14,87.5,2.5,228,2026-09-30 23:25:00,PT5M,0.0,0.0,0.0,0.0,0.0
0,0,0,0,25,0.14,87.6,2.5,228,2026-09-30 23:30:00,PT5M,0.0,0.0,0.0,0.0,0.0
0,0,0,0,25,0.14,87.7,2.5,228,2026-09-30 23:35:00,PT5M,0.0,0.0,0.0,0.0,0.0
0,0,0,0,25,0.14,87.7,2.5,228,2026-09-30 23:40:00,PT5M,0.0,0.0,0.0,0.0,0.0
0,0,0,0,25,0.14,87.8,2.5,228,2026-09-30 23:45:00,PT5M,0.0,0.0,0.0,0.0,0.0
0,0,0,0,25,0.14,87.9,2.5,228,2026-09-30 23:50:00,PT5M,0.0,0.0,0.0,0.0,0.0
0,0,0,0,25,0.14,88.0,2.5,228,2026-09-30 23:55:00,PT5M,0.0,0.0,0.0,0.0,0.0
0,0,0,0,25,0.14,88.0,2.5,228,2026-10-01 00:00:00,PT5M,0.0,0.0,0.0,0.0,0.0
0,0,0,0,25,0.14,88.1,2.5,228,2026-10-01 00:05:00,PT5M,0.0,0.0,0.0,0.0,0.0
0,0,0,0,25,0.14,88.2,2.5,228,2026-10-01 00:10:00,PT5M,0.0,0.0,0.0,0.0,0.0
0,0,0,0,25,0.14,88.2,2.5,228,2026-10-01 00:15:00,PT5M,0.0,0.0,0.0,0.0,0.0
0,0,0,0,25,0.14,88.3,2.5,228,2026-10-01 00:20:00,PT5M,0.0,0.0,0.0,0.0,0.0
0,0,0,0,25,0.14,88.4,2.4,228,2026-10-01 00:25:00,PT5M,0.0,0.0,0.0,0.0,0.0
0,0,0,0,25,0.14,88.5,2.4,228,2026-10-01 00:30:00,PT5M,0.0,0.0,0.0,0.0,0.0
0,0,0,0,25,0.14,88.5,2.4,228,2026-10-01 00:35:00,PT5M,0.0,0.0,0.0,0.0,0.0
0,0,0,0,25,0.14,88.6,2.4,228,2026-10-01 00:40:00,PT5M,0.0,0.0,0.0,0.0,0.0
0,0,0,0,25,0.14,88.7,2.4,228,2026-10-01 00:45:00,PT5M,0.0,0.0,0.0,0.0,0.0
0,0,0,0,25,0.14,88.8,2.4,228,2026-10-01 00:50:00,PT5M,0.0,0.0,0.0,0.0,0.0
0,0,0,0,25,0.14,88.8,2.4,228,2026-10-01 00:55:00,PT5M,0.0,0.0,0.0,0.0,0.0
0,0,0,0,25,0.14,88.9,2.4,228,2026-10-01 01:00:00,PT5M,0.0,0.0,0.0,0.0,0.0
0,0,0,0,25,0.14,89.0,2.4,228,2026-10-01 01:05:00,PT5M,0.0,0.0,0.0,0.0,0.0
0,0,0,0,25,0.14,89.0,2.4,228,2026-10-01 01:10:00,PT5M,0.0,0.0,0.0,0.0,0.0
0,0,0,0,25,0.14,89.1,2.3,227,2026-10-01 01:15:00,PT5M,0.0,0.0,0.0,0.0,0.0
0,0,0,0,25,0.14,89.2,2.3,227,2026-10-01 01:20:00,PT5M,0.0,0.0,0.0,0.0,0.0
0,0,0,0,25,0.14,89.3,2.3,227,2026-10-01 01:25:00,PT5M,0.0,0.0,0.0,0.0,0.0
0,0,0,0,25,0.14,89.3,2.3,227,2026-10-01 01:30:00,PT5M,0.0,0.0,0.0,0.0,0.0
0,0,0,0,25,0.14,89.4,2.3,227,2026-10-01 01:35:00,PT5M,0.0,0.0,0.0,0.0,0.0
0,0,0,0,25,0.14,89.5,2.3,227,2026-10-01 01:40:00,PT5M,0.0,0.0,0.0,0.0,0.0
0,0,0,0,25,0.14,89.6,2.3,227,2026-10-01 01:45:00,PT5M,0.0,0.0,0.0,0.0,0.0
0,0,0,0,25,0.14,89.6,2.3,227,2026-10-01 01:50:00,PT5M,0.0,0.0,0.0,0.0,0.0
0,0,0,0,25,0.14,89.7,2.3,227,2026-10-01 01:55:00,PT5M,0.0,0.0,0.0,0.0,0.0
0,0,0,0,25,0.14,89.8,2.3,227,2026-10-01 02:00:00,PT5M,0.0,0.0,0.0,0.0,0.0
0,0,0,0,25,0.14,89.9,2.2,227,2026-10-01 02:05:00,PT5M,0.0,0.0,0.0,0.0,0.0
0,0,0,0,25,0.14,89.9,2.2,227,2026-10-01 02:10:00,PT5M,0.0,0.0,0.0,0.0,0.0
0,0,0,0,25,0.14,90.0,2.2,227,2026-10-01 02:15:00,PT5M,0.0,0.0,0.0,0.0,0.0
0,0,0,0,25,0.14,90.1,2.2,227,2026-10-01 02:20:00,PT5M,0.0,0.0,0.0,0.0,0.0
0,0,0,0,24,0.14,90.1,2.2,227,2026-10-01 02:25:00,PT5M,0.0,0.0,0.0,0.0,0.0
0,0,0,0,24,0.14,90.2,2.2,227,2026-10-01 02:30:00,PT5M,0.0,0.0,0.0,0.0,0.0
0,0,0,0,24,0.14,90.3,2.2,227,2026-10-01 02:35:00,PT5M,0.0,0.0,0.0,0.0,0.0
0,0,0,0,24,0.14,90.3,2.2,227,2026-10-01 02:40:00,PT5M,0.0,0.0,0.0,0.0,0.0
0,0,0,0,24,0.14,90.3,2.2,226,2026-10-01 02:45:00,PT5M,0.0,0.0,0.0,0.0,0.0
0,0,0,0,24,0.14,90.3,2.2,226,2026-10-01 02:50:00,PT5M,0.0,0.0,0.0,0.0,0.0
0,0,0,0,24,0.14,90.3,2.1,226,2026-10-01 02:55:00,PT5M,0.0,0.0,0.0,0.0,0.0
0,0,0,0,24,0.14,90.3,2.1,226,2026-10-01 03:00:00,PT5M,0.0,0.0,0.0,0.0,0.0
0,0,0,0,24,0.14,90.4,2.1,226,2026-10-01 03:05:00,PT5M,0.0,0.0,0.0,0.0,0.0
0,0,0,0,24,0.14,90.4,2.1,226,2026-10-01 03:10:00,PT5M,0.0,0.0,0.0,0.0,0.0
0,0,0,0,24,0.14,90.4,2.1,226,2026-10-01 03:15:00,PT5M,0.0,0.0,0.0,0.0,0.0
0,0,0,0,24,0.14,90.4,2.1,225,2026-10-01 03:20:00,PT5M,0.0,0.0,0.0,0.0,0.0
0,0,0,0,24,0.14,90.4,2.1,225,2026-10-01 03:25:00,PT5M,0.0,0.0,0.0,0.0,0.0
0,0,0,0,24,0.14,90.4,2.1,225,2026-10-01 03:30:00,PT5M,0.0,0.0,0.0,0.0,0.0
0,0,0,0,24,0.14,90.4,2.1,225,2026-10-01 03:35:00,PT5M,0.0,0.0,0.0,0.0,0.0
0,0,0,0,24,0.14,90.5,2.1,225,2026-10-01 03:40:00,PT5M,0.0,0.0,0.0,0.0,0.0
0,0,0,0,24,0.14,90.5,2.0,225,2026-10-01 03:45:00,PT5M,0.0,0.0,0.0,0.0,0.0
0,0,0,0,24,0.14,90.5,2.0,224,2026-10-01 03:50:00,PT5M,0.0,0.0,0.0,0.0,0.0
0,0,0,0,24,0.14,90.5,2.0,224,2026-10-01 03:55:00,PT5M,0.0,0.0,0.0,0.0,0.0
0,0,0,0,24,0.14,90.5,2.0,224,2026-10-01 04:00:00,PT5M,0.0,0.0,0.0,0.0,0.0
0,0,0,0,24,0.14,90.5,2.0,224,2026-10-01 04:05:00,PT5M,0.0,0.0,0.0,0.0,0.0
0,0,0,0,24,0.14,90.5,2.0,224,2026-10-01 04:10:00,PT5M,0.0,0.0,0.0,0.0,0.0
0,0,0,0,24,0.14,90.6,2.0,224,2026-10-01 04:15:00,PT5M,0.0,0.0,0.0,0.0,0.0
0,0,0,0,24,0.14,90.6,2.0,223,2026-10-01 04:20:00,PT5M,0.0,0.0,0.0,0.0,0.0
0,0,0,0,24,0.14,90.6,2.0,223,2026-10-01 04:25:00,PT5M,0.0,0.0,0.0,0.0,0.0
0,0,0,0,24,0.14,90.6,2.0,223,2026-10-01 04:30:00,PT5M,0.0,0.0,0.0,0.0,0.0
0,0,0,0,24,0.14,90.6,2.0,223,2026-10-01 04:35:00,PT5M,0.0,0.0,0.0,0.0,0.0
0,0,0,0,24,0.14,90.6,1.9,223,2026-10-01 04:40:00,PT5M,0.0,0.0,0.0,0.0,0.0
0,0,0,0,24,0.14,90.6,1.9,222,2026-10-01 04:45:00,PT5M,0.0,0.0,0.0,0.0,0.0
0,0,0,0,24,0.14,90.7,1.9,222,2026-10-01 04:50:00,PT5M,0.0,0.0,0.0,0.0,0.0
0,0,0,0,24,0.14,90.7,1.9,222,2026-10-01 04:55:00,PT5M,0.0,0.0,0.0,0.0,0.0
0,0,0,0,24,0.14,90.7,1.9,222,2026-10-01 05:00:00,PT5M,0.0,0.0,0.0,0.0,0.0
0,0,0,0,24,0.14,90.7,1.9,222,2026-10-01 05:05:00,PT5M,0.0,0.0,0.0,0.0,0.0
0,0,0,0,24,0.14,90.7,1.9,222,2026-10-01 05:10:00,PT5M,0.0,0.0,0.0,0.0,0.0
0,0,0,0,24,0.14,90.7,1.9,221,2026-10-01 05:15:00,PT5M,0.0,0.0,0.0,0.0,0.0
0,0,0,0,24,0.14,90.7,1.9,221,2026-10-01 05:20:00,PT5M,0.0,0.0,0.0,0.0,0.0
0,0,0,0,24,0.14,90.8,1.9,221,2026-10-01 05:25:00,PT5M,0.0,0.0,0.0,0.0,0.0
0,0,0,0,24,0.14,90.8,1.8,221,2026-10-01 05:30:00,PT5M,0.0,0.0,0.0,0.0,0.0
0,0,0,0,24,0.14,90.4,1.9,221,2026-10-01 05:35:00,PT5M,0.0,0.0,0.0,0.0,0.0
0,0,0,0,24,0.14,89.6,1.9,221,2026-10-01 05:40:00,PT5M,0.0,0.0,0.0,0.0,0.0
0,0,0,0,24,0.14,88.9,1.9,222,2026-10-01 05:45:00,PT5M,0.0,0.0,0.0,0.0,0.0
0,0,0,0,24,0.14,88.2,1.9,222,2026-10-01 05:50:00,PT5M,0.0,0.0,0.0,0.0,0.0
0,0,0,0,25,0.14,87.4,1.9,223,2026-10-01 05:55:00,PT5M,0.0,0.0,0.0,0.0,0.0
2,2,0,2,25,0.14,86.7,2.0,223,2026-10-01 06:00:00,PT5M,0.0,0.0,0.0,0.0,0.0
7,7,0,7,25,0.14,86.0,2.0,223,2026-10-01 06:05:00,PT5M,0.282,0.7375,0.5217,0.0423,0.0
13,13,0,13,25,0.14,85.3,2.0,224,2026-10-01 06:10:00,PT5M,1.125,2.2885,1.7374,0.5126,0.0
21,21,0,21,25,0.14,84.6,2.0,224,2026-10-01 06:15:00,PT5M,2.07,4.138,3.1584,0.9816,0.002
29,29,0,29,25,0.14,83.9,2.0,225,2026-10-01 06:20:00,PT5M,3.116,6.369,4.8281,1.4039,0.0
38,39,0,39,25,0.14,83.2,2.1,225,2026-10-01 06:25:00,PT5M,4.307,8.9395,6.7451,1.8689,0.0
49,49,0,49,25,0.14,82.5,2.1,225,2026-10-01 06:30:00,PT5M,5.74,11.962,9.0147,2.4653,0.0
61,61,0,61,25,0.14,81.8,2.1,226,2026-10-01 06:35:00,PT5M,7.24,15.184,11.421,3.059,0.0
74,74,0,74,26,0.14,81.1,2.1,226,2026-10-01 06:40:00,PT5M,8.817,18.5405,13.9345,3.6995,0.0
88,88,14,86,26,0.14,80.5,2.2,227,2026-10-01 06:45:00,PT5M,11.081,22.5885,17.1375,5.0245,0.0
104,103,39,95,26,0.14,79.8,2.2,227,2026-10-01 06:50:00,PT5M,13.981,27.284,20.9825,6.9795,0.678
120,119,65,103,26,0.14,79.1,2.2,227,2026-10-01 06:55:00,PT5M,17.127,32.2815,25.1029,9.1511,1.9725
136,136,90,112,26,0.14,78.5,2.2,228,2026-10-01 07:00:00,PT5M,20.429,37.5275,29.4281,11.4299,3.3305
153,152,113,120,26,0.14,77.9,2.2,228,2026-10-01 07:05:00,PT5M,23.886,42.989,33.94,13.832,4.783
171,170,135,128,26,0.14,77.2,2.3,228,2026-10-01 07:10:00,PT5M,27.565,48.7345,38.7067,16.4233,6.3955
188,187,158,135,26,0.14,76.6,2.3,229,2026-10-01 07:15:00,PT5M,31.464,54.671,43.678,19.25,8.257
207,205,181,142,27,0.14,76.0,2.3,229,2026-10-01 07:20:00,PT5M,35.544,60.7895,48.8309,22.2571,10.2985
226,224,204,148,27,0.14,75.3,2.3,229,2026-10-01 07:25:00,PT5M,39.818,67.094,54.1736,25.4624,12.542
245,243,228,154,27,0.14,74.7,2.4,229,2026-10-01 07:30:00,PT5M,44.285,73.589,59.7079,28.8621,14.981
265,262,251,160,27,0.14,74.1,2.4,230,2026-10-01 07:35:00,PT5M,48.856,80.199,65.352,32.36,17.513
284,282,273,164,27,0.14,73.5,2.4,230,2026-10-01 07:40:00,PT5M,53.569,87.049,71.1898,35.9482,20.089
305,302,297,169,27,0.14,72.9,2.4,230,2026-10-01 07:45:00,PT5M,57.094,91.2065,75.0477,39.1403,22.9815
325,322,320,172,27,0.14,72.3,2.4,231,2026-10-01 07:50:00,PT5M,60.489,95.0755,78.6921,42.2859,25.9025
347,343,344,175,27,0.14,71.7,2.5,231,2026-10-01 07:55:00,PT5M,63.818,98.812,82.2356,45.4004,28.824
368,364,368,178,28,0.14,71.1,2.5,231,2026-10-01 08:00:00,PT5M,67.067,100.0,85.6614,48.4726,31.737
390,385,393,180,28,0.14,70.6,2.5,231,2026-10-01 08:05:00,PT5M,70.187,100.0,88.9156,51.4584,34.602
412,407,418,181,28,0.14,70.0,2.5,232,2026-10-01 08:10:00,PT5M,73.224,100.0,92.039,54.409,37.475
434,429,443,181,28,0.14,69.4,2.6,232,2026-10-01 08:15:00,PT5M,76.127,100.0,94.9772,57.2768,40.311
456,451,468,180,28,0.14,68.9,2.6,232,2026-10-01 08:20:00,PT5M,78.874,100.0,97.7,60.048,43.104
479,473,494,179,28,0.14,68.3,2.6,232,2026-10-01 08:25:00,PT5M,81.467,100.0,100.0,62.7165,45.8405
501,496,519,178,28,0.14,67.7,2.6,233,2026-10-01 08:30:00,PT5M,83.954,100.0,100.0,65.3083,48.5265
521,515,535,179,28,0.14,67.1,2.6,233,2026-10-01 08:35:00,PT5M,85.557,100.0,100.0,66.9731,50.247
537,531,539,183,29,0.14,66.3,2.6,234,2026-10-01 08:40:00,PT5M,86.309,100.0,100.0,67.7327,51.0135
552,546,543,187,29,0.14,65.5,2.6,235,2026-10-01 08:45:00,PT5M,87.008,100.0,100.0,68.4457,51.739
568,561,546,191,29,0.14,64.7,2.6,236,2026-10-01 08:50:00,PT5M,87.665,100.0,100.0,69.094,52.3795
582,576,549,195,29,0.14,63.9,2.6,237,2026-10-01 08:55:00,PT5M,88.338,100.0,100.0,69.7959,53.1075
597,590,552,199,29,0.14,63.1,2.6,238,2026-10-01 09:00:00,PT5M,88.926,100.0,100.0,70.4192,53.7625
612,605,557,202,29,0.14,62.4,2.6,239,2026-10-01 09:05:00,PT5M,89.618,100.0,100.0,71.2688,54.754
627,620,562,205,29,0.14,61.6,2.5,240,2026-10-01 09:10:00,PT5M,90.292,100.0,100.0,72.1391,55.801
641,634,567,208,30,0.14,60.9,2.5,241,2026-10-01 09:15:00,PT5M,90.928,100.0,100.0,72.9667,56.801
655,648,571,210,30,0.14,60.2,2.5,242,2026-10-01 09:20:00,PT5M,91.531,100.0,100.0,73.7566,57.759
669,661,576,213,30,0.14,59.4,2.5,243,2026-10-01 09:25:00,PT5M,92.101,100.0,100.0,74.5081,58.674
682,675,580,215,30,0.14,58.7,2.5,244,2026-10-01 09:30:00,PT5M,92.64,100.0,100.0,75.224,59.549
694,687,581,219,30,0.14,58.0,2.5,245,2026-10-01 09:35:00,PT5M,93.013,100.0,100.0,75.7493,60.2115
705,697,580,223,30,0.14,57.3,2.5,246,2026-10-01 09:40:00,PT5M,93.224,100.0,100.0,76.0877,60.6645
714,707,578,228,31,0.14,56.6,2.5,247,2026-10-01 09:45:00,PT5M,93.364,100.0,100.0,76.3445,61.0265
724,716,576,232,31,0.14,56.0,2.5,249,2026-10-01 09:50:00,PT5M,93.475,100.0,100.0,76.5642,61.344
733,725,573,237,31,0.14,55.3,2.5,250,2026-10-01 09:55:00,PT5M,93.568,100.0,100.0,76.7588,61.63
741,733,570,241,31,0.14,54.6,2.5,251,2026-10-01 10:00:00,PT5M,93.64,100.0,100.0,76.9224,61.876
749,741,567,246,31,0.14,54.0,2.5,252,2026-10-01 10:05:00,PT5M,93.681,100.0,100.0,77.0465,62.075
756,748,563,251,31,0.14,53.4,2.5,253,2026-10-01 10:10:00,PT5M,93.692,100.0,100.0,77.1325,62.2285
762,755,560,256,31,0.14,52.7,2.5,254,2026-10-01 10:15:00,PT5M,93.685,100.0,100.0,77.1934,62.3505
769,761,556,260,32,0.14,52.1,2.5,255,2026-10-01 10:20:00,PT5M,93.66,100.0,100.0,77.2297,62.442
774,767,552,265,32,0.14,51.5,2.5,256,2026-10-01 10:25:00,PT5M,93.619,100.0,100.0,77.2437,62.5055
780,772,547,270,32,0.14,50.9,2.5,257,2026-10-01 10:30:00,PT5M,93.564,100.0,100.0,77.238,62.544
786,778,545,273,32,0.14,50.3,2.5,258,2026-10-01 10:35:00,PT5M,93.615,100.0,100.0,77.3321,62.677
792,784,545,276,32,0.14,49.7,2.5,259,2026-10-01 10:40:00,PT5M,93.768,100.0,100.0,77.5222,62.9005
798,790,545,278,32,0.14,49.1,2.5,260,2026-10-01 10:45:00,PT5M,93.897,100.0,100.0,77.681,63.086
804,796,545,280,33,0.14,48.5,2.5,261,2026-10-01 10:50:00,PT5M,94.0,100.0,100.0,77.8042,63.2275
809,801,545,282,33,0.14,47.9,2.5,262,2026-10-01 10:55:00,PT5M,94.07,100.0,100.0,77.8761,63.301
813,806,545,284,33,0.14,47.4,2.5,263,2026-10-01 11:00:00,PT5M,94.12,100.0,100.0,77.9218,63.343
818,810,544,286,33,0.14,46.8,2.5,264,2026-10-01 11:05:00,PT5M,94.162,100.0,100.0,77.9681,63.393
821,813,543,288,33,0.14,46.3,2.5,265,2026-10-01 11:10:00,PT5M,94.185,100.0,100.0,77.9913,63.4165
824,817,543,290,33,0.14,45.7,2.6,267,2026-10-01 11:15:00,PT5M,94.178,100.0,100.0,77.9688,63.38
827,819,542,292,33,0.14,45.2,2.6,268,2026-10-01 11:20:00,PT5M,94.148,100.0,100.0,77.9151,63.305
829,822,541,293,34,0.14,44.6,2.6,269,2026-10-01 11:25:00,PT5M,94.096,100.0,100.0,77.8326,63.195
831,823,539,295,34,0.14,44.1,2.6,270,2026-10-01 11:30:00,PT5M,94.022,100.0,100.0,77.722,63.0515
831,823,536,297,34,0.14,44.0,2.6,269,2026-10-01 11:35:00,PT5M,93.895,100.0,100.0,77.5666,62.8705
830,822,530,300,34,0.14,44.2,2.5,267,2026-10-01 11:40:00,PT5M,93.589,100.0,100.0,77.2393,62.524
827,820,524,304,34,0.14,44.3,2.4,265,2026-10-01 11:45:00,PT5M,93.26,100.0,100.0,76.8824,62.142
825,817,517,307,34,0.14,44.5,2.3,262,2026-10-01 11:50:00,PT5M,92.904,100.0,100.0,76.4922,61.721
822,814,511,310,34,0.14,44.7,2.2,260,2026-10-01 11:55:00,PT5M,92.523,100.0,100.0,76.0701,61.262
818,811,505,313,34,0.14,44.9,2.2,257,2026-10-01 12:00:00,PT5M,92.203,100.0,100.0,75.7027,60.852
814,807,498,316,34,0.14,45.1,2.1,254,2026-10-01 12:05:00,PT5M,91.879,100.0,100.0,75.324,60.424
809,802,490,319,34,0.14,45.3,2.0,251,2026-10-01 12:10:00,PT5M,91.519,100.0,100.0,74.9024,59.947
804,797,483,322,34,0.14,45.5,2.0,247,2026-10-01 12:15:00,PT5M,91.133,100.0,100.0,74.4488,59.4325
798,791,475,325,34,0.14,45.7,1.9,244,2026-10-01 12:20:00,PT5M,90.718,100.0,100.0,73.9604,58.878
792,785,468,327,33,0.14,45.9,1.9,240,2026-10-01 12:25:00,PT5M,90.275,100.0,100.0,73.4384,58.285
785,779,460,330,33,0.14,46.2,1.9,237,2026-10-01 12:30:00,PT5M,89.806,100.0,100.0,72.886,57.6575
779,772,453,331,33,0.14,46.4,1.8,233,2026-10-01 12:35:00,PT5M,89.366,100.0,100.0,72.3568,57.048
773,766,448,333,33,0.14,46.6,1.8,229,2026-10-01 12:40:00,PT5M,88.955,100.0,100.0,71.8516,56.458
766,760,442,333,33,0.14,46.8,1.8,225,2026-10-01 12:45:00,PT5M,88.508,100.0,100.0,71.2996,55.8115
759,752,436,334,33,0.14,47.0,1.8,221,2026-10-01 12:50:00,PT5M,88.026,100.0,100.0,70.7037,55.113
751,745,430,335,33,0.14,47.2,1.8,217,2026-10-01 12:55:00,PT5M,87.527,100.0,100.0,70.0952,54.406
743,737,424,335,33,0.14,47.4,1.8,213,2026-10-01 13:00:00,PT5M,87.022,100.0,100.0,69.4904,53.7115
735,729,418,335,33,0.14,47.6,1.9,209,2026-10-01 13:05:00,PT5M,86.473,100.0,100.0,68.8228,52.937
726,721,412,335,33,0.14,47.8,1.9,205,2026-10-01 13:10:00,PT5M,85.897,100.0,100.0,68.1223,52.1245
718,712,407,334,33,0.14,48.0,2.0,202,2026-10-01 13:15:00,PT5M,85.288,100.0,100.0,67.3838,51.2695
708,703,401,334,33,0.14,48.2,2.0,198,2026-10-01 13:20:00,PT5M,84.647,100.0,100.0,66.6094,50.375
699,693,395,333,33,0.14,48.5,2.1,195,2026-10-01 13:25:00,PT5M,83.977,100.0,100.0,65.8034,49.4465
689,684,389,331,33,0.14,48.7,2.1,192,2026-10-01 13:30:00,PT5M,83.278,100.0,100.0,64.9657,48.484
679,674,385,330,33,0.14,48.9,2.2,189,2026-10-01 13:35:00,PT5M,82.614,100.0,100.0,64.1704,47.5705
670,665,380,327,33,0.14,49.1,2.3,187,2026-10-01 13:40:00,PT5M,81.983,100.0,100.0,63.4141,46.7015
660,655,376,325,33,0.14,49.3,2.4,184,2026-10-01 13:45:00,PT5M,81.322,100.0,100.0,62.6244,45.796
650,645,372,322,33,0.14,49.5,2.4,182,2026-10-01 13:50:00,PT5M,80.631,100.0,99.4612,61.8008,44.853
639,634,368,319,33,0.14,49.8,2.5,180,2026-10-01 13:55:00,PT5M,79.909,100.0,98.8755,60.9425,43.872
628,623,363,316,33,0.14,50.0,2.6,178,2026-10-01 14:00:00,PT5M,79.155,100.0,98.2623,60.0477,42.8505
617,612,359,313,33,0.14,50.2,2.7,176,2026-10-01 14:05:00,PT5M,78.333,100.0,97.5853,59.0807,41.753
606,601,355,309,33,0.14,50.4,2.8,174,2026-10-01 14:10:00,PT5M,77.548,100.0,96.9477,58.1483,40.688
594,589,350,306,33,0.14,50.6,2.9,173,2026-10-01 14:15:00,PT5M,76.694,100.0,96.2463,57.1417,39.544
582,577,345,302,33,0.14,50.9,3.0,171,2026-10-01 14:20:00,PT5M,75.798,100.0,95.5066,56.0894,38.351
569,565,340,298,33,0.14,51.1,3.1,170,2026-10-01 14:25:00,PT5M,74.871,100.0,94.7386,55.0034,37.122
557,552,335,294,33,0.14,51.3,3.2,168,2026-10-01 14:30:00,PT5M,73.914,100.0,93.9429,53.8851,35.8585
539,535,321,292,33,0.14,51.6,3.2,168,2026-10-01 14:35:00,PT5M,72.194,100.0,92.4631,51.9249,33.682
518,514,298,292,32,0.14,52.0,3.2,167,2026-10-01 14:40:00,PT5M,69.701,100.0,90.2825,49.1195,30.5955
496,493,276,292,32,0.14,52.4,3.1,167,2026-10-01 14:45:00,PT5M,67.167,100.0,87.9535,46.3805,27.672
475,473,255,290,32,0.14,52.7,3.1,167,2026-10-01 14:50:00,PT5M,64.594,100.0,85.5387,43.6493,24.7985
455,452,235,288,32,0.14,53.1,3.0,167,2026-10-01 14:55:00,PT5M,62.035,100.0,83.1199,40.9501,21.973
435,433,216,285,32,0.14,53.5,2.9,166,2026-10-01 15:00:00,PT5M,59.524,99.8305,80.7376,38.3104,19.2175
415,413,197,281,32,0.14,53.9,2.9,166,2026-10-01 15:05:00,PT5M,56.889,97.401,78.2108,35.5672,16.377
396,394,178,278,32,0.14,54.3,2.8,166,2026-10-01 15:10:00,PT5M,54.161,94.814,75.557,32.765,13.508
376,375,160,273,32,0.14,54.7,2.8,165,2026-10-01 15:15:00,PT5M,51.391,92.0815,72.8067,29.9753,10.7005
357,356,142,268,32,0.14,55.1,2.7,165,2026-10-01 15:20:00,PT5M,48.58,89.3215,70.0225,27.1375,7.8385
338,337,124,263,32,0.14,55.5,2.7,165,2026-10-01 15:25:00,PT5M,45.74,86.479,67.1812,24.2988,5.001
320,319,108,256,31,0.14,55.9,2.6,164,2026-10-01 15:30:00,PT5M,43.101,83.7755,64.5083,21.6937,2.4265
302,302,92,250,31,0.14,56.3,2.5,164,2026-10-01 15:35:00,PT5M,40.275,80.8085,61.6081,18.9419,0.0
285,285,77,242,31,0.14,56.7,2.5,164,2026-10-01 15:40:00,PT5M,37.526,77.7835,58.7138,16.3382,0.0
268,268,63,235,31,0.14,57.1,2.4,163,2026-10-01 15:45:00,PT5M,34.767,74.63,55.7472,13.7868,0.0
251,252,49,226,31,0.14,57.5,2.4,163,2026-10-01 15:50:00,PT5M,32.006,71.3725,52.7249,11.2871,0.0
235,235,36,218,31,0.14,57.9,2.3,162,2026-10-01 15:55:00,PT5M,29.252,68.0295,49.6609,8.8431,0.0
220,220,23,209,31,0.14,58.4,2.2,162,2026-10-01 16:00:00,PT5M,26.829,64.934,46.8839,6.7741,0.0
204,205,11,200,31,0.14,58.8,2.2,161,2026-10-01 16:05:00,PT5M,24.155,61.545,43.8336,4.4764,0.0
189,190,0,190,31,0.14,59.2,2.1,161,2026-10-01 16:10:00,PT5M,21.597,58.239,40.8819,2.3121,0.0
175,176,0,176,31,0.14,59.6,2.1,160,2026-10-01 16:15:00,PT5M,20.223,55.1755,38.6188,1.8272,0.0
162,162,0,162,30,0.14,60.1,2.0,160,2026-10-01 16:20:00,PT5M,18.87,51.585,36.0881,1.6519,0.0
148,149,0,149,30,0.14,60.5,2.0,159,2026-10-01 16:25:00,PT5M,17.453,47.965,33.5117,1.3943,0.0
135,136,0,136,30,0.14,61.0,1.9,158,2026-10-01 16:30:00,PT5M,16.024,44.34,30.9269,1.1211,0.0
123,123,0,123,30,0.14,61.4,1.8,158,2026-10-01 16:35:00,PT5M,14.606,38.624,27.2468,1.9652,0.0
111,111,0,111,30,0.14,61.9,1.8,157,2026-10-01 16:40:00,PT5M,13.193,34.903,24.6191,1.7669,0.0
99,100,0,100,30,0.14,62.3,1.7,156,2026-10-01 16:45:00,PT5M,11.8,31.25,22.0367,1.5633,0.0
88,89,0,89,30,0.14,62.8,1.7,155,2026-10-01 16:50:00,PT5M,10.45,27.7045,19.5312,1.3688,0.0
78,78,0,78,30,0.14,63.2,1.6,154,2026-10-01 16:55:00,PT5M,9.146,24.259,17.1001,1.1919,0.0
67,68,0,68,30,0.14,63.7,1.6,153,2026-10-01 17:00:00,PT5M,7.869,20.765,14.6563,1.0817,0.0
58,58,0,58,30,0.14,64.2,1.5,152,2026-10-01 17:05:00,PT5M,6.647,17.5055,12.3619,0.9321,0.0
48,49,0,49,29,0.14,64.6,1.5,151,2026-10-01 17:10:00,PT5M,5.442,14.376,10.144,0.74,0.0
40,40,0,40,29,0.14,65.1,1.4,150,2026-10-01 17:15:00,PT5M,4.402,11.5685,8.1738,0.6302,0.0
32,32,0,32,29,0.14,65.6,1.3,149,2026-10-01 17:20:00,PT5M,3.469,8.987,6.3732,0.5648,0.0
25,25,0,25,29,0.14,66.1,1.3,147,2026-10-01 17:25:00,PT5M,2.564,6.555,4.6645,0.4635,0.0
19,19,0,19,29,0.14,66.5,1.2,146,2026-10-01 17:30:00,PT5M,1.778,4.5375,3.2303,0.3257,0.0
14,14,0,14,29,0.14,67.0,1.2,146,2026-10-01 17:35:00,PT5M,1.151,2.9775,2.1123,0.1897,0.0
10,10,0,10,29,0.14,67.3,1.2,147,2026-10-01 17:40:00,PT5M,0.596,1.7635,1.2105,0.0,0.0
6,6,0,6,29,0.14,67.6,1.1,149,2026-10-01 17:45:00,PT5M,0.084,0.658,0.3861,0.0,0.0
2,2,0,2,29,0.14,68.0,1.1,151,2026-10-01 17:50:00,PT5M,0.0,0.024,0.0126,0.0,0.0
0,0,0,0,29,0.14,68.3,1.1,153,2026-10-01 17:55:00,PT5M,0.0,0.0,0.0,0.0,0.0
0,0,0,0,29,0.14,68.7,1.0,155,2026-10-01 18:00:00,PT5M,0.0,0.0,0.0,0.0,0.0
0,0,0,0,29,0.14,69.0,1.0,157,2026-10-01 18:05:00,PT5M,0.0,0.0,0.0,0.0,0.0
0,0,0,0,29,0.14,69.4,1.0,159,2026-10-01 18:10:00,PT5M,0.0,0.0,0.0,0.0,0.0
0,0,0,0,28,0.14,69.7,1.0,162,2026-10-01 18:15:00,PT5M,0.0,0.0,0.0,0.0,0.0
0,0,0,0,28,0.14,70.1,0.9,164,2026-10-01 18:20:00,PT5M,0.0,0.0,0.0,0.0,0.0
0,0,0,0,28,0.14,70.4,0.9,167,2026-10-01 18:25:00,PT5M,0.0,0.0,0.0,0.0,0.0
0,0,0,0,28,0.14,70.8,0.9,170,2026-10-01 18:30:00,PT5M,0.0,0.0,0.0,0.0,0.0
0,0,0,0,28,0.14,71.1,0.9,173,2026-10-01 18:35:00,PT5M,0.0,0.0,0.0,0.0,0.0
0,0,0,0,28,0.14,71.5,0.9,176,2026-10-01 18:40:00,PT5M,0.0,0.0,0.0,0.0,0.0
0,0,0,0,28,0.14,71.9,0.8,179,2026-10-01 18:45:00,PT5M,0.0,0.0,0.0,0.0,0.0
0,0,0,0,28,0.14,72.2,0.8,182,2026-10-01 18:50:00,PT5M,0.0,0.0,0.0,0.0,0.0
0,0,0,0,28,0.14,72.6,0.8,186,2026-10-01 18:55:00,PT5M,0.0,0.0,0.0,0.0,0.0
0,0,0,0,28,0.14,72.9,0.8,189,2026-10-01 19:00:00,PT5M,0.0,0.0,0.0,0.0,0.0
0,0,0,0,28,0.14,73.3,0.8,192,2026-10-01 19:05:00,PT5M,0.0,0.0,0.0,0.0,0.0
0,0,0,0,28,0.14,73.7,0.8,196,2026-10-01 19:10:00,PT5M,0.0,0.0,0.0,0.0,0.0
0,0,0,0,28,0.14,74.1,0.8,199,2026-10-01 19:15:00,PT5M,0.0,0.0,0.0,0.0,0.0
0,0,0,0,27,0.14,74.4,0.8,203,2026-10-01 19:20:00,PT5M,0.0,0.0,0.0,0.0,0.0
0,0,0,0,27,0.14,74.8,0.8,206,2026-10-01 19:25:00,PT5M,0.0,0.0,0.0,0.0,0.0
0,0,0,0,27,0.14,75.2,0.8,209,2026-10-01 19:30:00,PT5M,0.0,0.0,0.0,0.0,0.0
0,0,0,0,27,0.14,75.6,0.9,212,2026-10-01 19:35:00,PT5M,0.0,0.0,0.0,0.0,0.0
0,0,0,0,27,0.14,76.0,0.9,215,2026-10-01 19:40:00,PT5M,0.0,0.0,0.0,0.0,0.0
0,0,0,0,27,0.14,76.4,0.9,218,2026-10-01 19:45:00,PT5M,0.0,0.0,0.0,0.0,0.0
0,0,0,0,27,0.14,76.7,0.9,221,2026-10-01 19:50:00,PT5M,0.0,0.0,0.0,0.0,0.0
0,0,0,0,27,0.14,77.1,0.9,223,2026-10-01 19:55:00,PT5M,0.0,0.0,0.0,0.0,0.0
0,0,0,0,27,0.14,77.5,1.0,226,2026-10-01 20:00:00,PT5M,0.0,0.0,0.0,0.0,0.0
0,0,0,0,27,0.14,77.9,1.0,228,2026-10-01 20:05:00,PT5M,0.0,0.0,0.0,0.0,0.0
0,0,0,0,27,0.14,78.3,1.0,230,2026-10-01 20:10:00,PT5M,0.0,0.0,0.0,0.0,0.0
0,0,0,0,27,0.14,78.7,1.1,233,2026-10-01 20:15:00,PT5M,0.0,0.0,0.0,0.0,0.0
0,0,0,0,27,0.14,79.1,1.1,235,2026-10-01 20:20:00,PT5M,0.0,0.0,0.0,0.0,0.0
0,0,0,0,27,0.14,79.5,1.1,236,2026-10-01 20:25:00,PT5M,0.0,0.0,0.0,0.0,0.0
0,0,0,0,26,0.14,79.9,1.1,238,2026-10-01 20:30:00,PT5M,0.0,0.0,0.0,0.0,0.0
0,0,0,0,26,0.14,80.2,1.2,239,2026-10-01 20:35:00,PT5M,0.0,0.0,0.0,0.0,0.0
0,0,0,0,26,0.14,80.4,1.2,238,2026-10-01 20:40:00,PT5M,0.0,0.0,0.0,0.0,0.0
0,0,0,0,26,0.14,80.5,1.2,238,2026-10-01 20:45:00,PT5M,0.0,0.0,0.0,0.0,0.0
0,0,0,0,26,0.14,80.7,1.3,238,2026-10-01 20:50:00,PT5M,0.0,0.0,0.0,0.0,0.0
0,0,0,0,26,0.14,80.9,1.3,237,2026-10-01 20:55:00,PT5M,0.0,0.0,0.0,0.0,0.0
0,0,0,0,26,0.14,81.0,1.3,237,2026-10-01 21:00:00,PT5M,0.0,0.0,0.0,0.0,0.0
0,0,0,0,26,0.14,81.2,1.3,237,2026-10-01 21:05:00,PT5M,0.0,0.0,0.0,0.0,0.0
0,0,0,0,26,0.14,81.3,1.3,236,2026-10-01 21:10:00,PT5M,0.0,0.0,0.0,0.0,0.0
0,0,0,0,26,0.14,81.5,1.4,236,2026-10-01 21:15:00,PT5M,0.0,0.0,0.0,0.0,0.0
0,0,0,0,26,0.14,81.7,1.4,236,2026-10-01 21:20:00,PT5M,0.0,0.0,0.0,0.0,0.0
0,0,0,0,26,0.14,81.8,1.4,236,2026-10-01 21:25:00,PT5M,0.0,0.0,0.0,0.0,0.0
0,0,0,0,26,0.14,82.0,1.4,235,2026-10-01 21:30:00,PT5M,0.0,0.0,0.0,0.0,0.0
0,0,0,0,26,0.14,82.1,1.5,235,2026-10-01 21:35:00,PT5M,0.0,0.0,0.0,0.0,0.0
0,0,0,0,26,0.14,82.3,1.5,235,2026-10-01 21:40:00,PT5M,0.0,0.0,0.0,0.0,0.0
0,0,0,0,26,0.14,82.5,1.5,235,2026-10-01 21:45:00,PT5M,0.0,0.0,0.0,0.0,0.0
0,0,0,0,26,0.14,82.6,1.5,234,2026-10-01 21:50:00,PT5M,0.0,0.0,0.0,0.0,0.0
0,0,0,0,26,0.14,82.8,1.6,234,2026-10-01 21:55:00,PT5M,0.0,0.0,0.0,0.0,0.0
0,0,0,0,26,0.14,83.0,1.6,234,2026-10-01 22:00:00,PT5M,0.0,0.0,0.0,0.0,0.0
0,0,0,0,26,0.14,83.1,1.6,234,2026-10-01 22:05:00,PT5M,0.0,0.0,0.0,0.0,0.0
0,0,0,0,26,0.14,83.3,1.6,234,2026-10-01 22:10:00,PT5M,0.0,0.0,0.0,0.0,0.0
0,0,0,0,26,0.14,83.4,1.7,233,2026-10-01 22:15:00,PT5M,0.0,0.0,0.0,0.0,0.0
0,0,0,0,26,0.14,83.6,1.7,233,2026-10-01 22:20:00,PT5M,0.0,0.0,0.0,0.0,0.0
0,0,0,0,26,0.14,83.8,1.7,233,2026-10-01 22:25:00,PT5M,0.0,0.0,0.0,0.0,0.0
0,0,0,0,26,0.14,83.9,1.7,233,2026-10-01 22:30:00,PT5M,0.0,0.0,0.0,0.0,0.0
0,0,0,0,26,0.14,84.1,1.8,233,2026-10-01 22:35:00,PT5M,0.0,0.0,0.0,0.0,0.0
0,0,0,0,26,0.14,84.3,1.8,232,2026-10-01 22:40:00,PT5M,0.0,0.0,0.0,0.0,0.0
0,0,0,0,26,0.14,84.4,1.8,232,2026-10-01 22:45:00,PT5M,0.0,0.0,0.0,0.0,0.0
0,0,0,0,26,0.14,84.6,1.8,232,2026-10-01 22:50:00,PT5M,0.0,0.0,0.0,0.0,0.0
0,0,0,0,26,0.14,84.8,1.9,232,2026-10-01 22:55:00,PT5M,0.0,0.0,0.0,0.0,0.0
0,0,0,0,25,0.14,84.9,1.9,232,2026-10-01 23:00:00,PT5M,0.0,0.0,0.0,0.0,0.0
0,0,0,0,25,0.14,85.1,1.9,232,2026-10-01 23:05:00,PT5M,0.0,0.0,0.0,0.0,0.0
0,0,0,0,25,0.14,85.3,1.9,232,2026-10-01 23:10:00,PT5M,0.0,0.0,0.0,0.0,0.0
0,0,0,0,25,0.14,85.5,2.0,231,2026-10-01 23:15:00,PT5M,0.0,0.0,0.0,0.0,0.0
0,0,0,0,25,0.14,85.6,2.0,231,2026-10-01 23:20:00,PT5M,0.0,0.0,0.0,0.0,0.0
0,0,0,0,25,0.14,85.8,2.0,231,2026-10-01 23:25:00,PT5M,0.0,0.0,0.0,0.0,0.0
0,0,0,0,25,0.14,86.0,2.0,231,2026-10-01 23:30:00,PT5M,0.0,0.0,0.0,0.0,0.0
0,0,0,0,25,0.14,86.1,2.1,231,2026-10-01 23:35:00,PT5M,0.0,0.0,0.0,0.0,0.0
0,0,0,0,25,0.14,86.1,2.1,230,2026-10-01 23:40:00,PT5M,0.0,0.0,0.0,0.0,0.0
0,0,0,0,25,0.14,86.2,2.0,230,2026-10-01 23:45:00,PT5M,0.0,0.0,0.0,0.0,0.0
0,0,0,0,25,0.14,86.2,2.0,229,2026-10-01 23:50:00,PT5M,0.0,0.0,0.0,0.0,0.0
0,0,0,0,25,0.14,86.3,2.0,229,2026-10-01 23:55:00,PT5M,0.0,0.0,0.0,0.0,0.0
0,0,0,0,25,0.14,86.4,2.0,229,2026-10-02 00:00:00,PT5M,0.0,0.0,0.0,0.0,0.0
