gti,ghi,dni,dhi,air_temp,albedo,relative_humidity,wind_speed_10m,wind_direction_10m,period_end,period,power,power_p10,power_p25,power_p75,power_p90
838,843,748,173,38,0.15,27.3,3.8,246,2026-09-10 13:50:00,PT5M,100.0,100.0,100.0,99.5826,99.207
827,831,743,173,38,0.15,27.4,3.8,245,2026-09-10 13:55:00,PT5M,100.0,100.0,100.0,97.7785,95.779
815,819,737,174,38,0.15,27.4,3.7,245,2026-09-10 14:00:00,PT5M,100.0,100.0,100.0,96.759,93.842
802,806,732,174,38,0.15,27.5,3.7,244,2026-09-10 14:05:00,PT5M,100.0,100.0,100.0,97.4387,95.1335
789,793,726,174,38,0.15,27.5,3.7,244,2026-09-10 14:10:00,PT5M,100.0,100.0,100.0,97.2553,94.785
740,744,612,229,38,0.15,27.6,3.6,243,2026-09-10 14:15:00,PT5M,95.504,100.0,100.0,89.4625,84.025
727,731,605,229,38,0.15,27.7,3.6,243,2026-09-10 14:20:00,PT5M,94.831,100.0,100.0,88.5558,82.908
713,717,598,228,38,0.15,27.7,3.6,242,2026-09-10 14:25:00,PT5M,94.118,100.0,100.0,86.8444,80.298
698,702,589,228,38,0.15,27.8,3.5,242,2026-09-10 14:30:00,PT5M,93.309,100.0,99.7978,86.8202,80.98
683,687,582,227,38,0.15,27.9,3.6,240,2026-09-10 14:35:00,PT5M,92.522,100.0,100.0,84.9919,78.2145
668,673,575,225,38,0.15,28.1,3.6,239,2026-09-10 14:40:00,PT5M,91.76,100.0,98.4883,85.0317,78.976
653,657,568,223,38,0.15,28.3,3.7,238,2026-09-10 14:45:00,PT5M,90.963,100.0,97.8147,84.1113,77.9445
638,642,561,220,38,0.15,28.5,3.7,236,2026-09-10 14:50:00,PT5M,90.13,100.0,97.5859,82.6741,75.9635
613,617,523,232,38,0.15,28.7,3.8,235,2026-09-10 14:55:00,PT5M,87.379,100.0,99.1262,75.6318,65.059
597,601,516,229,38,0.15,28.9,3.9,233,2026-09-10 15:00:00,PT5M,86.437,100.0,97.9123,74.9617,64.6335
572,576,478,238,38,0.15,29.1,3.9,232,2026-09-10 15:05:00,PT5M,83.559,100.0,96.8485,70.2695,58.3085
556,560,473,234,38,0.15,29.3,4.0,231,2026-09-10 15:10:00,PT5M,82.65,100.0,96.2648,69.0352,56.7815
541,545,467,229,38,0.15,29.5,4.1,230,2026-09-10 15:15:00,PT5M,81.698,100.0,95.0265,68.3695,56.3735
509,512,405,246,38,0.15,29.7,4.1,229,2026-09-10 15:20:00,PT5M,76.712,100.0,89.9613,63.4627,51.538
493,497,399,240,38,0.15,29.9,4.2,228,2026-09-10 15:25:00,PT5M,75.609,100.0,88.973,62.245,50.217
469,473,366,244,38,0.15,30.1,4.3,226,2026-09-10 15:30:00,PT5M,72.408,97.458,85.592,59.224,47.358
460,464,386,229,38,0.15,30.5,4.4,226,2026-09-10 15:35:00,PT5M,73.177,98.928,86.7299,59.6241,47.426
437,441,355,231,37,0.15,31.1,4.5,227,2026-09-10 15:40:00,PT5M,69.938,95.552,83.4188,56.4572,44.324
414,418,325,231,37,0.15,31.6,4.6,227,2026-09-10 15:45:00,PT5M,66.56,93.019,80.4856,52.6344,40.101
391,395,295,231,37,0.15,32.2,4.6,227,2026-09-10 15:50:00,PT5M,63.011,89.916,77.1713,48.8507,36.106
369,372,266,229,37,0.15,32.8,4.7,228,2026-09-10 15:55:00,PT5M,59.332,86.3695,73.562,45.102,32.2945
342,345,222,230,36,0.15,33.4,4.8,228,2026-09-10 16:00:00,PT5M,54.12,81.9015,68.7416,39.4984,26.3385
321,324,197,225,36,0.15,34.0,4.9,228,2026-09-10 16:05:00,PT5M,50.394,78.8175,65.3535,35.4345,21.9705
300,303,172,220,36,0.15,34.6,5.0,229,2026-09-10 16:10:00,PT5M,46.618,75.012,61.562,31.674,18.224
280,282,149,213,36,0.15,35.3,5.1,229,2026-09-10 16:15:00,PT5M,42.815,71.0405,57.6703,27.9597,14.5895
259,261,126,206,36,0.15,35.9,5.2,229,2026-09-10 16:20:00,PT5M,39.007,66.933,53.7047,24.3093,11.081
238,240,97,198,35,0.15,36.6,5.3,230,2026-09-10 16:25:00,PT5M,34.615,61.6155,48.8256,20.4044,7.6145
219,221,78,189,35,0.15,37.3,5.4,230,2026-09-10 16:30:00,PT5M,30.906,55.951,44.0874,17.7246,5.861
202,203,61,179,35,0.15,37.8,5.5,230,2026-09-10 16:35:00,PT5M,27.538,50.8555,39.8102,15.2658,4.2205
185,186,49,168,35,0.15,38.2,5.5,230,2026-09-10 16:40:00,PT5M,24.641,46.448,36.1182,13.1638,2.834
168,169,39,156,35,0.15,38.5,5.5,230,2026-09-10 16:45:00,PT5M,22.012,42.1595,32.6158,11.4082,1.8645
152,153,26,144,35,0.15,38.9,5.5,230,2026-09-10 16:50:00,PT5M,19.401,37.956,29.1666,9.6354,0.846
136,137,13,133,34,0.15,39.3,5.5,230,2026-09-10 16:55:00,PT5M,16.761,33.711,25.6819,7.8401,0.0
122,122,0,122,34,0.15,39.7,5.5,230,2026-09-10 17:00:00,PT5M,14.312,29.6105,22.3637,6.2603,0.0
108,108,0,108,34,0.15,40.1,5.5,229,2026-09-10 17:05:00,PT5M,12.688,26.3255,19.8655,5.5105,0.0
96,96,0,96,34,0.15,40.5,5.5,229,2026-09-10 17:10:00,PT5M,11.22,23.2025,17.5265,4.9135,0.0
83,84,0,84,34,0.15,40.9,5.5,229,2026-09-10 17:15:00,PT5M,9.803,20.2255,15.2884,4.3176,0.0
72,72,0,72,34,0.15,41.3,5.5,229,2026-09-10 17:20:00,PT5M,8.309,17.222,13.0,3.618,0.0
61,61,0,61,34,0.15,41.8,5.5,229,2026-09-10 17:25:00,PT5M,6.972,14.366,10.8635,3.0805,0.0
51,51,0,51,33,0.15,42.2,5.5,229,2026-09-10 17:30:00,PT5M,5.754,11.708,8.8876,2.6204,0.0
40,40,0,40,33,0.15,42.6,5.5,228,2026-09-10 17:35:00,PT5M,4.466,8.034,6.3439,2.5881,0.898
31,31,0,31,33,0.15,43.0,5.5,227,2026-09-10 17:40:00,PT5M,3.235,5.7925,4.581,1.889,0.6775
23,23,0,23,33,0.15,43.5,5.5,226,2026-09-10 17:45:00,PT5M,2.239,4.0185,3.1756,1.3024,0.4595
16,16,0,16,33,0.15,43.9,5.5,225,2026-09-10 17:50:00,PT5M,1.363,2.586,2.0067,0.7193,0.14
10,10,0,10,33,0.15,44.3,5.5,224,2026-09-10 17:55:00,PT5M,0.585,1.287,0.9545,0.2155,0.0
5,5,0,5,33,0.15,44.8,5.5,223,2026-09-10 18:00:00,PT5M,0.0,0.1415,0.0745,0.0,0.0
1,1,0,1,32,0.15,45.2,5.5,222,2026-09-10 18:05:00,PT5M,0.0,0.0,0.0,0.0,0.0
0,0,0,0,32,0.15,45.7,5.5,221,2026-09-10 18:10:00,PT5M,0.0,0.0,0.0,0.0,0.0
0,0,0,0,32,0.15,46.2,5.6,220,2026-09-10 18:15:00,PT5M,0.0,0.0,0.0,0.0,0.0
0,0,0,0,32,0.15,46.6,5.6,219,2026-09-10 18:20:00,PT5M,0.0,0.0,0.0,0.0,0.0
0,0,0,0,32,0.15,47.1,5.6,218,2026-09-10 18:25:00,PT5M,0.0,0.0,0.0,0.0,0.0
0,0,0,0,32,0.15,47.6,5.6,218,2026-09-10 18:30:00,PT5M,0.0,0.0,0.0,0.0,0.0
0,0,0,0,32,0.15,48.2,5.7,217,2026-09-10 18:35:00,PT5M,0.0,0.0,0.0,0.0,0.0
0,0,0,0,31,0.15,49.0,5.7,217,2026-09-10 18:40:00,PT5M,0.0,0.0,0.0,0.0,0.0
0,0,0,0,31,0.15,49.8,5.7,217,2026-09-10 18:45:00,PT5M,0.0,0.0,0.0,0.0,0.0
0,0,0,0,31,0.15,50.6,5.8,217,2026-09-10 18:50:00,PT5M,0.0,0.0,0.0,0.0,0.0
0,0,0,0,31,0.15,51.5,5.8,217,2026-09-10 18:55:00,PT5M,0.0,0.0,0.0,0.0,0.0
0,0,0,0,31,0.15,52.3,5.9,217,2026-09-10 19:00:00,PT5M,0.0,0.0,0.0,0.0,0.0
0,0,0,0,31,0.15,53.2,5.9,217,2026-09-10 19:05:00,PT5M,0.0,0.0,0.0,0.0,0.0
0,0,0,0,30,0.15,54.0,6.0,217,2026-09-10 19:10:00,PT5M,0.0,0.0,0.0,0.0,0.0
0,0,0,0,30,0.15,54.9,6.0,217,2026-09-10 19:15:00,PT5M,0.0,0.0,0.0,0.0,0.0
0,0,0,0,30,0.15,55.8,6.0,217,2026-09-10 19:20:00,PT5M,0.0,0.0,0.0,0.0,0.0
0,0,0,0,30,0.15,56.7,6.1,217,2026-09-10 19:25:00,PT5M,0.0,0.0,0.0,0.0,0.0
0,0,0,0,30,0.15,57.7,6.1,217,2026-09-10 19:30:00,PT5M,0.0,0.0,0.0,0.0,0.0
0,0,0,0,30,0.15,58.4,6.1,217,2026-09-10 19:35:00,PT5M,0.0,0.0,0.0,0.0,0.0
0,0,0,0,29,0.15,58.9,6.0,218,2026-09-10 19:40:00,PT5M,0.0,0.0,0.0,0.0,0.0
0,0,0,0,29,0.15,59.5,5.9,218,2026-09-10 19:45:00,PT5M,0.0,0.0,0.0,0.0,0.0
0,0,0,0,29,0.15,60.1,5.8,218,2026-09-10 19:50:00,PT5M,0.0,0.0,0.0,0.0,0.0
0,0,0,0,29,0.15,60.6,5.7,219,2026-09-10 19:55:00,PT5M,0.0,0.0,0.0,0.0,0.0
0,0,0,0,29,0.15,61.2,5.7,219,2026-09-10 20:00:00,PT5M,0.0,0.0,0.0,0.0,0.0
0,0,0,0,29,0.15,61.8,5.6,219,2026-09-10 20:05:00,PT5M,0.0,0.0,0.0,0.0,0.0
0,0,0,0,29,0.15,62.3,5.5,220,2026-09-10 20:10:00,PT5M,0.0,0.0,0.0,0.0,0.0
0,0,0,0,29,0.15,62.9,5.4,220,2026-09-10 20:15:00,PT5M,0.0,0.0,0.0,0.0,0.0
0,0,0,0,29,0.15,63.5,5.3,221,2026-09-10 20:20:00,PT5M,0.0,0.0,0.0,0.0,0.0
0,0,0,0,28,0.15,64.1,5.2,221,2026-09-10 20:25:00,PT5M,0.0,0.0,0.0,0.0,0.0
0,0,0,0,28,0.15,64.7,5.1,222,2026-09-10 20:30:00,PT5M,0.0,0.0,0.0,0.0,0.0
0,0,0,0,28,0.15,65.1,5.1,222,2026-09-10 20:35:00,PT5M,0.0,0.0,0.0,0.0,0.0
0,0,0,0,28,0.15,65.3,5.0,222,2026-09-10 20:40:00,PT5M,0.0,0.0,0.0,0.0,0.0
0,0,0,0,28,0.15,65.5,5.0,222,2026-09-10 20:45:00,PT5M,0.0,0.0,0.0,0.0,0.0
0,0,0,0,28,0.15,65.7,4.9,222,2026-09-10 20:50:00,PT5M,0.0,0.0,0.0,0.0,0.0
0,0,0,0,28,0.15,65.9,4.8,222,2026-09-10 20:55:00,PT5M,0.0,0.0,0.0,0.0,0.0
0,0,0,0,28,0.15,66.1,4.8,222,2026-09-10 21:00:00,PT5M,0.0,0.0,0.0,0.0,0.0
0,0,0,0,28,0.15,66.3,4.7,222,2026-09-10 21:05:00,PT5M,0.0,0.0,0.0,0.0,0.0
0,0,0,0,28,0.15,66.4,4.7,223,2026-09-10 21:10:00,PT5M,0.0,0.0,0.0,0.0,0.0
0,0,0,0,28,0.15,66.6,4.6,223,2026-09-10 21:15:00,PT5M,0.0,0.0,0.0,0.0,0.0
0,0,0,0,28,0.15,66.8,4.5,223,2026-09-10 21:20:00,PT5M,0.0,0.0,0.0,0.0,0.0
0,0,0,0,28,0.15,67.0,4.5,223,2026-09-10 21:25:00,PT5M,0.0,0.0,0.0,0.0,0.0
0,0,0,0,28,0.15,67.2,4.4,223,2026-09-10 21:30:00,PT5M,0.0,0.0,0.0,0.0,0.0
0,0,0,0,28,0.15,67.4,4.4,223,2026-09-10 21:35:00,PT5M,0.0,0.0,0.0,0.0,0.0
0,0,0,0,28,0.15,67.5,4.4,223,2026-09-10 21:40:00,PT5M,0.0,0.0,0.0,0.0,0.0
0,0,0,0,28,0.15,67.7,4.3,224,2026-09-10 21:45:00,PT5M,0.0,0.0,0.0,0.0,0.0
0,0,0,0,28,0.15,67.8,4.3,224,2026-09-10 21:50:00,PT5M,0.0,0.0,0.0,0.0,0.0
0,0,0,0,27,0.15,67.9,4.3,224,2026-09-10 21:55:00,PT5M,0.0,0.0,0.0,0.0,0.0
0,0,0,0,27,0.15,68.1,4.3,224,2026-09-10 22:00:00,PT5M,0.0,0.0,0.0,0.0,0.0
0,0,0,0,27,0.15,68.2,4.2,224,2026-09-10 22:05:00,PT5M,0.0,0.0,0.0,0.0,0.0
0,0,0,0,27,0.15,68.3,4.2,224,2026-09-10 22:10:00,PT5M,0.0,0.0,0.0,0.0,0.0
0,0,0,0,27,0.15,68.5,4.2,224,2026-09-10 22:15:00,PT5M,0.0,0.0,0.0,0.0,0.0
0,0,0,0,27,0.15,68.6,4.2,225,2026-09-10 22:20:00,PT5M,0.0,0.0,0.0,0.0,0.0
0,0,0,0,27,0.15,68.7,4.1,225,2026-09-10 22:25:00,PT5M,0.0,0.0,0.0,0.0,0.0
0,0,0,0,27,0.15,68.9,4.1,225,2026-09-10 22:30:00,PT5M,0.0,0.0,0.0,0.0,0.0
0,0,0,0,27,0.15,69.0,4.1,225,2026-09-10 22:35:00,PT5M,0.0,0.0,0.0,0.0,0.0
0,0,0,0,27,0.15,69.3,4.1,225,2026-09-10 22:40:00,PT5M,0.0,0.0,0.0,0.0,0.0
0,0,0,0,27,0.15,69.5,4.1,225,2026-09-10 22:45:00,PT5M,0.0,0.0,0.0,0.0,0.0
0,0,0,0,27,0.15,69.8,4.1,224,2026-09-10 22:50:00,PT5M,0.0,0.0,0.0,0.0,0.0
0,0,0,0,27,0.15,70.0,4.0,224,2026-09-10 22:55:00,PT5M,0.0,0.0,0.0,0.0,0.0
0,0,0,0,27,0.15,70.2,4.0,224,2026-09-10 23:00:00,PT5M,0.0,0.0,0.0,0.0,0.0
0,0,0,0,27,0.15,70.5,4.0,224,2026-09-10 23:05:00,PT5M,0.0,0.0,0.0,0.0,0.0
0,0,0,0,27,0.15,70.7,4.0,224,2026-09-10 23:10:00,PT5M,0.0,0.0,0.0,0.0,0.0
0,0,0,0,27,0.15,71.0,4.0,224,2026-09-10 23:15:00,PT5M,0.0,0.0,0.0,0.0,0.0
0,0,0,0,27,0.15,71.2,4.0,223,2026-09-10 23:20:00,PT5M,0.0,0.0,0.0,0.0,0.0
0,0,0,0,27,0.15,71.5,4.0,223,2026-09-10 23:25:00,PT5M,0.0,0.0,0.0,0.0,0.0
0,0,0,0,27,0.15,71.7,4.0,223,2026-09-10 23:30:00,PT5M,0.0,0.0,0.0,0.0,0.0
0,0,0,0,27,0.15,71.9,4.0,223,2026-09-10 23:35:00,PT5M,0.0,0.0,0.0,0.0,0.0
0,0,0,0,27,0.15,72.0,3.9,223,2026-09-10 23:40:00,PT5M,0.0,0.0,0.0,0.0,0.0
0,0,0,0,27,0.15,72.1,3.9,223,2026-09-10 23:45:00,PT5M,0.0,0.0,0.0,0.0,0.0
0,0,0,0,27,0.15,72.2,3.9,223,2026-09-10 23:50:00,PT5M,0.0,0.0,0.0,0.0,0.0
0,0,0,0,27,0.15,72.3,3.9,223,2026-09-10 23:55:00,PT5M,0.0,0.0,0.0,0.0,0.0
0,0,0,0,27,0.15,72.4,3.9,223,2026-09-11 00:00:00,PT5M,0.0,0.0,0.0,0.0,0.0
0,0,0,0,27,0.15,72.5,3.9,223,2026-09-11 00:05:00,PT5M,0.0,0.0,0.0,0.0,0.0
0,0,0,0,27,0.15,72.7,3.9,223,2026-09-11 00:10:00,PT5M,0.0,0.0,0.0,0.0,0.0
0,0,0,0,27,0.15,72.8,3.9,223,2026-09-11 00:15:00,PT5M,0.0,0.0,0.0,0.0,0.0
0,0,0,0,27,0.15,72.9,3.9,223,2026-09-11 00:20:00,PT5M,0.0,0.0,0.0,0.0,0.0
0,0,0,0,26,0.15,73.0,3.8,223,2026-09-11 00:25:00,PT5M,0.0,0.0,0.0,0.0,0.0
0,0,0,0,26,0.15,73.1,3.8,223,2026-09-11 00:30:00,PT5M,0.0,0.0,0.0,0.0,0.0
0,0,0,0,26,0.15,73.2,3.8,223,2026-09-11 00:35:00,PT5M,0.0,0.0,0.0,0.0,0.0
0,0,0,0,26,0.15,73.4,3.8,223,2026-09-11 00:40:00,PT5M,0.0,0.0,0.0,0.0,0.0
0,0,0,0,26,0.15,73.6,3.8,223,2026-09-11 00:45:00,PT5M,0.0,0.0,0.0,0.0,0.0
0,0,0,0,26,0.15,73.8,3.8,223,2026-09-11 00:50:00,PT5M,0.0,0.0,0.0,0.0,0.0
0,0,0,0,26,0.15,74.0,3.8,223,2026-09-11 00:55:00,PT5M,0.0,0.0,0.0,0.0,0.0
0,0,0,0,26,0.15,74.1,3.8,223,2026-09-11 01:00:00,PT5M,0.0,0.0,0.0,0.0,0.0
0,0,0,0,26,0.15,74.3,3.7,223,2026-09-11 01:05:00,PT5M,0.0,0.0,0.0,0.0,0.0
0,0,0,0,26,0.15,74.5,3.7,223,2026-09-11 01:10:00,PT5M,0.0,0.0,0.0,0.0,0.0
0,0,0,0,26,0.15,74.7,3.7,223,2026-09-11 01:15:00,PT5M,0.0,0.0,0.0,0.0,0.0
0,0,0,0,26,0.15,74.9,3.7,223,2026-09-11 01:20:00,PT5M,0.0,0.0,0.0,0.0,0.0
0,0,0,0,26,0.15,75.1,3.7,223,2026-09-11 01:25:00,PT5M,0.0,0.0,0.0,0.0,0.0
0,0,0,0,26,0.15,75.3,3.7,223,2026-09-11 01:30:00,PT5M,0.0,0.0,0.0,0.0,0.0
0,0,0,0,26,0.15,75.4,3.7,223,2026-09-11 01:35:00,PT5M,0.0,0.0,0.0,0.0,0.0
0,0,0,0,26,0.15,75.6,3.7,223,2026-09-11 01:40:00,PT5M,0.0,0.0,0.0,0.0,0.0
0,0,0,0,26,0.15,75.7,3.6,223,2026-09-11 01:45:00,PT5M,0.0,0.0,0.0,0.0,0.0
0,0,0,0,26,0.15,75.9,3.6,223,2026-09-11 01:50:00,PT5M,0.0,0.0,0.0,0.0,0.0
0,0,0,0,26,0.15,76.0,3.6,224,2026-09-11 01:55:00,PT5M,0.0,0.0,0.0,0.0,0.0
0,0,0,0,26,0.15,76.2,3.6,224,2026-09-11 02:00:00,PT5M,0.0,0.0,0.0,0.0,0.0
0,0,0,0,26,0.15,76.3,3.6,224,2026-09-11 02:05:00,PT5M,0.0,0.0,0.0,0.0,0.0
0,0,0,0,26,0.15,76.5,3.6,224,2026-09-11 02:10:00,PT5M,0.0,0.0,0.0,0.0,0.0
0,0,0,0,26,0.15,76.6,3.6,224,2026-09-11 02:15:00,PT5M,0.0,0.0,0.0,0.0,0.0
0,0,0,0,26,0.15,76.8,3.6,225,2026-09-11 02:20:00,PT5M,0.0,0.0,0.0,0.0,0.0
0,0,0,0,26,0.15,77.0,3.6,225,2026-09-11 02:25:00,PT5M,0.0,0.0,0.0,0.0,0.0
0,0,0,0,26,0.15,77.1,3.5,225,2026-09-11 02:30:00,PT5M,0.0,0.0,0.0,0.0,0.0
0,0,0,0,26,0.15,77.2,3.5,225,2026-09-11 02:35:00,PT5M,0.0,0.0,0.0,0.0,0.0
0,0,0,0,26,0.15,77.2,3.5,225,2026-09-11 02:40:00,PT5M,0.0,0.0,0.0,0.0,0.0
0,0,0,0,26,0.15,77.3,3.5,225,2026-09-11 02:45:00,PT5M,0.0,0.0,0.0,0.0,0.0
0,0,0,0,26,0.15,77.3,3.5,226,2026-09-11 02:50:00,PT5M,0.0,0.0,0.0,0.0,0.0
0,0,0,0,26,0.15,77.3,3.5,226,2026-09-11 02:55:00,PT5M,0.0,0.0,0.0,0.0,0.0
0,0,0,0,26,0.15,77.4,3.5,226,2026-09-11 03:00:00,PT5M,0.0,0.0,0.0,0.0,0.0
0,0,0,0,26,0.15,77.4,3.5,226,2026-09-11 03:05:00,PT5M,0.0,0.0,0.0,0.0,0.0
0,0,0,0,26,0.15,77.5,3.4,226,2026-09-11 03:10:00,PT5M,0.0,0.0,0.0,0.0,0.0
0,0,0,0,26,0.15,77.5,3.4,227,2026-09-11 03:15:00,PT5M,0.0,0.0,0.0,0.0,0.0
0,0,0,0,26,0.15,77.5,3.4,227,2026-09-11 03:20:00,PT5M,0.0,0.0,0.0,0.0,0.0
0,0,0,0,26,0.15,77.6,3.4,227,2026-09-11 03:25:00,PT5M,0.0,0.0,0.0,0.0,0.0
0,0,0,0,26,0.15,77.6,3.4,227,2026-09-11 03:30:00,PT5M,0.0,0.0,0.0,0.0,0.0
0,0,0,0,26,0.15,77.6,3.4,227,2026-09-11 03:35:00,PT5M,0.0,0.0,0.0,0.0,0.0
0,0,0,0,26,0.15,77.5,3.4,227,2026-09-11 03:40:00,PT5M,0.0,0.0,0.0,0.0,0.0
0,0,0,0,26,0.15,77.4,3.4,227,2026-09-11 03:45:00,PT5M,0.0,0.0,0.0,0.0,0.0
0,0,0,0,26,0.15,77.3,3.4,227,2026-09-11 03:50:00,PT5M,0.0,0.0,0.0,0.0,0.0
0,0,0,0,26,0.15,77.3,3.4,226,2026-09-11 03:55:00,PT5M,0.0,0.0,0.0,0.0,0.0
0,0,0,0,26,0.15,77.2,3.4,226,2026-09-11 04:00:00,PT5M,0.0,0.0,0.0,0.0,0.0
0,0,0,0,26,0.15,77.1,3.4,226,2026-09-11 04:05:00,PT5M,0.0,0.0,0.0,0.0,0.0
0,0,0,0,26,0.15,77.0,3.4,226,2026-09-11 04:10:00,PT5M,0.0,0.0,0.0,0.0,0.0
0,0,0,0,26,0.15,76.9,3.4,226,2026-09-11 04:15:00,PT5M,0.0,0.0,0.0,0.0,0.0
0,0,0,0,25,0.15,76.9,3.4,225,2026-09-11 04:20:00,PT5M,0.0,0.0,0.0,0.0,0.0
0,0,0,0,25,0.15,76.8,3.4,225,2026-09-11 04:25:00,PT5M,0.0,0.0,0.0,0.0,0.0
0,0,0,0,25,0.15,76.7,3.4,225,2026-09-11 04:30:00,PT5M,0.0,0.0,0.0,0.0,0.0
0,0,0,0,25,0.15,76.6,3.4,225,2026-09-11 04:35:00,PT5M,0.0,0.0,0.0,0.0,0.0
0,0,0,0,25,0.15,76.5,3.4,225,2026-09-11 04:40:00,PT5M,0.0,0.0,0.0,0.0,0.0
0,0,0,0,25,0.15,76.4,3.4,225,2026-09-11 04:45:00,PT5M,0.0,0.0,0.0,0.0,0.0
0,0,0,0,25,0.15,76.4,3.4,225,2026-09-11 04:50:00,PT5M,0.0,0.0,0.0,0.0,0.0
0,0,0,0,25,0.15,76.3,3.4,225,2026-09-11 04:55:00,PT5M,0.0,0.0,0.0,0.0,0.0
0,0,0,0,25,0.15,76.2,3.4,224,2026-09-11 05:00:00,PT5M,0.0,0.0,0.0,0.0,0.0
0,0,0,0,25,0.15,76.1,3.4,224,2026-09-11 05:05:00,PT5M,0.0,0.0,0.0,0.0,0.0
0,0,0,0,25,0.15,76.0,3.4,224,2026-09-11 05:10:00,PT5M,0.0,0.0,0.0,0.0,0.0
0,0,0,0,25,0.15,76.0,3.4,224,2026-09-11 05:15:00,PT5M,0.0,0.0,0.0,0.0,0.0
0,0,0,0,25,0.15,75.9,3.5,224,2026-09-11 05:20:00,PT5M,0.0,0.0,0.0,0.0,0.0
0,0,0,0,25,0.15,75.8,3.5,224,2026-09-11 05:25:00,PT5M,0.0,0.0,0.0,0.0,0.0
0,0,0,0,25,0.15,75.7,3.5,224,2026-09-11 05:30:00,PT5M,0.0,0.0,0.0,0.0,0.0
0,0,0,0,25,0.15,75.6,3.5,224,2026-09-11 05:35:00,PT5M,0.0,0.0,0.0,0.0,0.0
0,0,0,0,25,0.15,75.3,3.4,224,2026-09-11 05:40:00,PT5M,0.0,0.0,0.0,0.0,0.0
0,0,0,0,25,0.15,75.1,3.4,224,2026-09-11 05:45:00,PT5M,0.0,0.0,0.0,0.0,0.0
0,0,0,0,25,0.15,74.9,3.4,225,2026-09-11 05:50:00,PT5M,0.0,0.0,0.0,0.0,0.0
0,0,0,0,25,0.15,74.7,3.4,225,2026-09-11 05:55:00,PT5M,0.0,0.0,0.0,0.0,0.0
0,0,0,0,25,0.15,74.4,3.4,225,2026-09-11 06:00:00,PT5M,0.0,0.0,0.0,0.0,0.0
4,4,0,4,25,0.15,74.2,3.4,225,2026-09-11 06:05:00,PT5M,0.0,0.026,0.0137,0.0,0.0
11,11,0,11,26,0.15,74.0,3.4,225,2026-09-11 06:10:00,PT5M,0.862,1.408,1.1494,0.5746,0.316
20,20,0,20,26,0.15,73.8,3.4,226,2026-09-11 06:15:00,PT5M,1.96,3.0035,2.5092,1.4108,0.9165
29,29,0,29,26,0.15,73.5,3.4,226,2026-09-11 06:20:00,PT5M,3.163,5.098,4.1814,2.1446,1.228
39,39,0,39,26,0.15,73.3,3.3,226,2026-09-11 06:25:00,PT5M,4.458,7.5345,6.0772,2.8388,1.3815
51,51,7,50,26,0.15,73.1,3.3,226,2026-09-11 06:30:00,PT5M,6.077,10.458,8.3828,3.7712,1.696
63,64,35,59,26,0.15,72.6,3.4,226,2026-09-11 06:35:00,PT5M,8.541,14.3845,11.6165,5.4655,2.6975
78,79,70,67,26,0.15,71.8,3.4,227,2026-09-11 06:40:00,PT5M,11.514,18.9015,15.4021,7.6259,4.1265
94,95,106,75,26,0.15,70.9,3.5,227,2026-09-11 06:45:00,PT5M,14.886,23.8275,19.592,10.18,5.9445
111,112,143,82,26,0.15,70.1,3.5,227,2026-09-11 06:50:00,PT5M,18.724,29.179,24.2265,13.2215,8.269
129,131,182,89,26,0.15,69.4,3.6,227,2026-09-11 06:55:00,PT5M,22.936,34.9195,29.243,16.629,10.9525
148,150,221,94,27,0.15,68.6,3.6,228,2026-09-11 07:00:00,PT5M,27.496,41.075,34.6427,20.3493,13.917
167,170,257,100,27,0.15,67.8,3.7,228,2026-09-11 07:05:00,PT5M,32.177,47.4425,40.2113,24.1427,16.9115
186,190,290,105,27,0.15,67.0,3.7,228,2026-09-11 07:10:00,PT5M,37.034,54.079,46.0049,28.0631,19.989
207,210,323,109,27,0.15,66.3,3.8,228,2026-09-11 07:15:00,PT5M,42.179,60.981,52.0746,32.2834,23.377
228,231,356,112,27,0.15,65.5,3.8,229,2026-09-11 07:20:00,PT5M,47.521,68.0885,58.3458,36.6962,26.9535
249,253,390,115,27,0.15,64.8,3.9,229,2026-09-11 07:25:00,PT5M,53.05,75.3855,64.8053,41.2947,30.7145
271,275,423,116,28,0.15,64.1,3.9,229,2026-09-11 07:30:00,PT5M,58.767,82.8665,71.4507,46.0833,34.6675
292,296,447,119,28,0.15,63.1,4.0,229,2026-09-11 07:35:00,PT5M,63.909,89.6145,77.438,50.38,38.2035
310,315,460,124,28,0.15,61.8,4.1,230,2026-09-11 07:40:00,PT5M,68.359,95.9235,82.8664,53.8516,40.7945
329,334,473,128,28,0.15,60.5,4.1,230,2026-09-11 07:45:00,PT5M,72.453,100.0,87.8456,57.0604,43.2065
348,353,485,132,29,0.15,59.2,4.2,230,2026-09-11 07:50:00,PT5M,74.543,100.0,90.1077,58.9783,44.9695
367,372,497,137,29,0.15,58.0,4.2,231,2026-09-11 07:55:00,PT5M,76.535,100.0,92.259,60.811,46.659
386,391,508,140,29,0.15,56.8,4.3,231,2026-09-11 08:00:00,PT5M,78.423,100.0,94.2912,62.5548,48.273
405,409,519,144,29,0.15,55.7,4.3,231,2026-09-11 08:05:00,PT5M,80.196,100.0,96.1899,64.2021,49.807
423,428,529,148,29,0.15,54.5,4.4,232,2026-09-11 08:10:00,PT5M,81.84,100.0,97.9355,65.7445,51.258
442,446,538,151,30,0.15,53.4,4.4,232,2026-09-11 08:15:00,PT5M,83.342,100.0,99.5096,67.1744,52.623
460,464,547,155,30,0.15,52.3,4.5,232,2026-09-11 08:20:00,PT5M,84.76,100.0,100.0,68.5529,53.966
478,482,555,158,30,0.15,51.2,4.6,232,2026-09-11 08:25:00,PT5M,85.929,100.0,100.0,69.7272,55.145
495,500,563,162,30,0.15,50.2,4.6,233,2026-09-11 08:30:00,PT5M,86.975,100.0,100.0,70.8061,56.2535
513,517,570,165,31,0.15,49.2,4.6,233,2026-09-11 08:35:00,PT5M,87.941,100.0,100.0,71.8305,57.3305
530,534,576,168,31,0.15,48.4,4.6,233,2026-09-11 08:40:00,PT5M,88.839,100.0,100.0,72.7064,58.1865
547,551,582,172,31,0.15,47.5,4.6,233,2026-09-11 08:45:00,PT5M,89.679,100.0,100.0,73.599,59.1265
563,568,588,175,31,0.15,46.7,4.6,233,2026-09-11 08:50:00,PT5M,90.466,100.0,100.0,74.4721,60.077
580,584,594,178,31,0.15,45.9,4.6,233,2026-09-11 08:55:00,PT5M,91.209,100.0,100.0,75.3043,60.9895
596,600,599,180,32,0.15,45.1,4.5,233,2026-09-11 09:00:00,PT5M,91.913,100.0,100.0,76.1946,62.0475
612,616,606,183,32,0.15,44.3,4.5,234,2026-09-11 09:05:00,PT5M,92.647,100.0,100.0,77.183,63.265
628,632,613,185,32,0.15,43.5,4.5,234,2026-09-11 09:10:00,PT5M,93.409,100.0,100.0,78.1998,64.511
644,648,619,187,32,0.15,42.8,4.5,234,2026-09-11 09:15:00,PT5M,94.135,100.0,100.0,79.1729,65.7065
659,663,626,188,33,0.15,42.0,4.5,234,2026-09-11 09:20:00,PT5M,94.826,100.0,100.0,80.1033,66.8525
674,678,632,190,33,0.15,41.3,4.5,234,2026-09-11 09:25:00,PT5M,95.483,100.0,100.0,80.9922,67.95
689,693,638,191,33,0.15,40.6,4.4,234,2026-09-11 09:30:00,PT5M,96.11,100.0,100.0,81.8434,69.003
704,708,644,193,33,0.15,40.0,4.4,234,2026-09-11 09:35:00,PT5M,96.711,100.0,100.0,82.6481,69.991
718,722,650,194,33,0.15,39.4,4.4,235,2026-09-11 09:40:00,PT5M,97.289,100.0,100.0,83.4095,70.9175
731,735,655,195,33,0.15,38.9,4.4,235,2026-09-11 09:45:00,PT5M,97.81,100.0,100.0,84.1026,71.7655
744,748,659,197,34,0.15,38.4,4.4,235,2026-09-11 09:50:00,PT5M,98.272,100.0,100.0,84.7249,72.532
757,761,663,198,34,0.15,37.9,4.4,235,2026-09-11 09:55:00,PT5M,98.711,100.0,100.0,85.3167,73.2615
769,773,667,199,34,0.15,37.4,4.4,236,2026-09-11 10:00:00,PT5M,99.128,100.0,100.0,85.8793,73.955
781,785,671,201,34,0.15,36.9,4.3,236,2026-09-11 10:05:00,PT5M,99.521,100.0,100.0,86.4078,74.6055
792,796,674,202,34,0.15,36.4,4.3,236,2026-09-11 10:10:00,PT5M,99.891,100.0,100.0,86.9057,75.2185
803,807,678,203,35,0.15,35.9,4.3,236,2026-09-11 10:15:00,PT5M,100.0,100.0,100.0,87.1349,75.556
814,817,681,204,35,0.15,35.4,4.3,237,2026-09-11 10:20:00,PT5M,100.0,100.0,100.0,87.2476,75.77
824,827,684,205,35,0.15,34.9,4.3,237,2026-09-11 10:25:00,PT5M,100.0,100.0,100.0,87.3534,75.971
834,837,687,205,35,0.15,34.5,4.3,237,2026-09-11 10:30:00,PT5M,100.0,100.0,100.0,87.4528,76.16
842,845,688,208,35,0.15,34.0,4.3,237,2026-09-11 10:35:00,PT5M,100.0,100.0,100.0,87.5326,76.3115
848,852,685,211,35,0.15,33.7,4.3,238,2026-09-11 10:40:00,PT5M,100.0,100.0,100.0,87.5928,76.426
854,858,682,215,35,0.15,33.3,4.3,238,2026-09-11 10:45:00,PT5M,100.0,100.0,100.0,87.6468,76.5285
860,863,679,218,36,0.15,32.9,4.3,238,2026-09-11 10:50:00,PT5M,100.0,100.0,100.0,87.6928,76.616
865,868,677,221,36,0.15,32.6,4.3,238,2026-09-11 10:55:00,PT5M,100.0,100.0,100.0,87.7291,76.685
870,873,673,225,36,0.15,32.2,4.3,238,2026-09-11 11:00:00,PT5M,100.0,100.0,100.0,87.7497,76.724
874,877,670,228,36,0.15,31.9,4.4,238,2026-09-11 11:05:00,PT5M,100.0,100.0,100.0,87.7565,76.737
877,880,667,231,36,0.15,31.5,4.4,238,2026-09-11 11:10:00,PT5M,100.0,100.0,100.0,87.8294,76.8755
880,883,663,235,36,0.15,31.2,4.4,238,2026-09-11 11:15:00,PT5M,100.0,100.0,100.0,87.8423,76.9
883,886,660,238,36,0.15,30.8,4.4,239,2026-09-11 11:20:00,PT5M,100.0,100.0,100.0,87.8378,76.8915
885,888,656,241,37,0.15,30.5,4.4,239,2026-09-11 11:25:00,PT5M,100.0,100.0,100.0,87.8228,76.863
886,889,652,244,37,0.15,30.1,4.4,239,2026-09-11 11:30:00,PT5M,100.0,100.0,100.0,87.7991,76.818
888,891,650,246,37,0.15,29.9,4.5,239,2026-09-11 11:35:00,PT5M,100.0,100.0,100.0,87.7805,76.7825
889,892,648,248,37,0.15,29.7,4.5,239,2026-09-11 11:40:00,PT5M,100.0,100.0,100.0,87.7676,76.758
890,893,646,249,37,0.15,29.5,4.5,239,2026-09-11 11:45:00,PT5M,99.954,100.0,100.0,87.7,76.671
890,893,644,251,37,0.15,29.4,4.5,240,2026-09-11 11:50:00,PT5M,99.781,100.0,100.0,87.493,76.4335
890,893,641,253,37,0.15,29.2,4.6,240,2026-09-11 11:55:00,PT5M,99.59,100.0,100.0,87.2602,76.163
889,892,638,254,37,0.15,29.0,4.6,240,2026-09-11 12:00:00,PT5M,99.382,100.0,100.0,87.0025,75.8605
888,891,635,256,37,0.15,28.8,4.6,240,2026-09-11 12:05:00,PT5M,99.195,100.0,100.0,86.7578,75.564
886,889,632,257,37,0.15,28.7,4.7,240,2026-09-11 12:10:00,PT5M,99.058,100.0,100.0,86.5553,75.3025
884,887,629,259,38,0.15,28.5,4.7,241,2026-09-11 12:15:00,PT5M,98.904,100.0,100.0,86.3282,75.0095
881,884,626,260,38,0.15,28.3,4.7,241,2026-09-11 12:20:00,PT5M,98.732,100.0,100.0,86.0751,74.6835
878,880,622,261,38,0.15,28.2,4.7,241,2026-09-11 12:25:00,PT5M,98.519,100.0,100.0,85.7708,74.297
873,876,618,263,38,0.15,28.0,4.8,241,2026-09-11 12:30:00,PT5M,98.267,100.0,100.0,85.4169,73.8515
866,869,608,267,38,0.15,27.9,4.8,241,2026-09-11 12:35:00,PT5M,97.76,100.0,100.0,84.7634,73.066
857,859,594,273,38,0.15,28.0,4.8,240,2026-09-11 12:40:00,PT5M,96.997,100.0,100.0,83.8106,71.9425
846,849,580,279,38,0.15,28.0,4.8,240,2026-09-11 12:45:00,PT5M,96.211,100.0,100.0,82.8283,70.7835
836,839,566,285,38,0.15,28.0,4.8,239,2026-09-11 12:50:00,PT5M,95.4,100.0,100.0,81.8142,69.5865
825,828,552,290,38,0.15,28.1,4.8,238,2026-09-11 12:55:00,PT5M,94.557,100.0,100.0,80.7525,68.328
814,816,538,295,38,0.15,28.1,4.8,238,2026-09-11 13:00:00,PT5M,93.767,100.0,100.0,79.7412,67.1175
802,805,524,300,38,0.15,28.2,4.8,237,2026-09-11 13:05:00,PT5M,92.887,100.0,100.0,78.6514,65.839
790,793,510,304,38,0.15,28.2,4.8,236,2026-09-11 13:10:00,PT5M,91.982,100.0,100.0,77.5364,64.535
778,780,497,308,38,0.15,28.2,4.8,236,2026-09-11 13:15:00,PT5M,91.032,100.0,100.0,76.3575,63.15
765,768,483,311,38,0.15,28.3,4.8,235,2026-09-11 13:20:00,PT5M,90.046,100.0,100.0,75.1362,61.717
752,755,470,315,38,0.15,28.3,4.8,234,2026-09-11 13:25:00,PT5M,89.024,100.0,100.0,73.8748,60.24
739,742,456,318,38,0.15,28.4,4.9,234,2026-09-11 13:30:00,PT5M,87.968,100.0,100.0,72.5767,58.724
726,729,444,319,38,0.15,28.5,4.9,233,2026-09-11 13:35:00,PT5M,86.965,100.0,100.0,71.3326,57.263
714,716,434,320,38,0.15,28.7,4.9,232,2026-09-11 13:40:00,PT5M,86.014,100.0,100.0,70.1416,55.856
701,704,424,321,38,0.15,28.9,4.9,231,2026-09-11 13:45:00,PT5M,85.032,100.0,100.0,68.9178,54.4145
688,691,413,321,38,0.15,29.1,4.9,230,2026-09-11 13:50:00,PT5M,84.022,100.0,100.0,67.6646,52.9425
675,677,403,321,38,0.15,29.3,5.0,229,2026-09-11 13:55:00,PT5M,82.977,100.0,99.5799,66.3741,51.431
661,664,393,320,38,0.15,29.5,5.0,228,2026-09-11 14:00:00,PT5M,81.897,100.0,98.7472,65.0468,49.881
648,650,383,320,38,0.15,29.7,5.0,227,2026-09-11 14:05:00,PT5M,80.781,100.0,97.8807,63.6813,48.291
634,636,373,319,38,0.15,29.9,5.0,226,2026-09-11 14:10:00,PT5M,79.628,100.0,96.9803,62.2757,46.658
620,622,363,317,38,0.15,30.1,5.1,224,2026-09-11 14:15:00,PT5M,78.44,100.0,96.0468,60.8332,44.9865
605,608,353,316,38,0.15,30.3,5.1,224,2026-09-11 14:20:00,PT5M,77.182,100.0,95.0441,59.3199,43.2435
591,593,342,314,38,0.15,30.5,5.1,223,2026-09-11 14:25:00,PT5M,75.917,100.0,94.0359,57.7981,41.4905
576,578,332,312,38,0.15,30.7,5.2,222,2026-09-11 14:30:00,PT5M,74.571,100.0,92.9502,56.1918,39.65
559,562,318,310,38,0.15,31.0,5.2,221,2026-09-11 14:35:00,PT5M,72.942,100.0,91.6051,54.2789,37.4815
541,544,301,309,38,0.15,31.3,5.3,220,2026-09-11 14:40:00,PT5M,71.029,100.0,89.9005,52.1575,35.1725
523,525,285,308,38,0.15,31.5,5.3,220,2026-09-11 14:45:00,PT5M,69.075,100.0,88.1152,50.0348,32.898
505,507,269,305,37,0.15,31.8,5.4,219,2026-09-11 14:50:00,PT5M,67.08,100.0,86.2781,47.8819,30.603
487,489,254,303,37,0.15,32.1,5.5,219,2026-09-11 14:55:00,PT5M,65.045,100.0,84.3894,45.7006,28.29
469,471,239,299,37,0.15,32.4,5.6,218,2026-09-11 15:00:00,PT5M,62.97,99.9795,82.4484,43.4916,25.9605
451,454,224,296,37,0.15,32.7,5.6,218,2026-09-11 15:05:00,PT5M,60.872,98.0585,80.4435,41.3005,23.6855
434,436,210,291,37,0.15,33.0,5.7,217,2026-09-11 15:10:00,PT5M,58.856,96.233,78.5278,39.1842,21.479
417,419,197,286,37,0.15,33.3,5.8,217,2026-09-11 15:15:00,PT5M,56.769,94.309,76.5266,37.0114,19.229
400,402,184,281,37,0.15,33.6,5.8,217,2026-09-11 15:20:00,PT5M,54.644,92.3185,74.4724,34.8156,16.9695
383,385,171,276,37,0.15,34.0,5.9,216,2026-09-11 15:25:00,PT5M,52.475,90.2565,72.3597,32.5903,14.6935
367,369,158,270,37,0.15,34.3,6.0,216,2026-09-11 15:30:00,PT5M,50.26,88.1145,70.1831,30.3369,12.4055
352,354,150,263,37,0.15,34.6,6.0,215,2026-09-11 15:35:00,PT5M,48.495,86.328,68.4068,28.5832,10.662
340,342,146,256,36,0.15,35.0,6.1,215,2026-09-11 15:40:00,PT5M,47.169,84.889,67.0213,27.3167,9.449
327,329,142,248,36,0.15,35.4,6.1,215,2026-09-11 15:45:00,PT5M,45.792,83.34,65.5538,26.0302,8.244
314,316,137,240,36,0.15,35.8,6.2,215,2026-09-11 15:50:00,PT5M,44.369,81.6335,63.9816,24.7564,7.1045
301,303,132,233,36,0.15,36.2,6.2,215,2026-09-11 15:55:00,PT5M,42.872,79.767,62.2901,23.4539,5.977
288,290,126,225,36,0.15,36.6,6.3,215,2026-09-11 16:00:00,PT5M,41.301,77.743,60.4807,22.1213,4.859
275,277,121,217,36,0.15,37.1,6.3,215,2026-09-11 16:05:00,PT5M,39.658,75.5735,58.5606,20.7554,3.7425
262,264,115,208,36,0.15,37.5,6.3,215,2026-09-11 16:10:00,PT5M,37.946,73.271,56.5378,19.3542,2.621
249,250,108,200,35,0.15,37.9,6.4,215,2026-09-11 16:15:00,PT5M,36.392,71.0695,54.643,18.141,1.7145
235,237,102,192,35,0.15,38.4,6.4,215,2026-09-11 16:20:00,PT5M,34.552,68.5275,52.4335,16.6705,0.5765
222,223,95,183,35,0.15,38.8,6.5,215,2026-09-11 16:25:00,PT5M,32.549,64.9555,49.6048,15.4932,0.1425
208,210,88,174,35,0.15,39.2,6.5,214,2026-09-11 16:30:00,PT5M,30.364,60.5775,46.2656,14.4624,0.1505
195,197,82,165,35,0.15,39.7,6.6,214,2026-09-11 16:35:00,PT5M,28.264,56.3705,43.0567,13.4713,0.1575
183,184,77,156,35,0.15,40.1,6.6,214,2026-09-11 16:40:00,PT5M,26.262,52.315,39.9739,12.5501,0.209
170,171,72,147,34,0.15,40.5,6.6,214,2026-09-11 16:45:00,PT5M,24.231,48.2525,36.8737,11.5883,0.2095
157,158,66,137,34,0.15,40.9,6.6,214,2026-09-11 16:50:00,PT5M,22.167,44.1185,33.7202,10.6138,0.2155
145,146,59,128,34,0.15,41.3,6.6,214,2026-09-11 16:55:00,PT5M,20.085,40.028,30.5811,9.5889,0.142
132,133,52,118,34,0.15,41.8,6.6,214,2026-09-11 17:00:00,PT5M,18.016,35.979,27.4701,8.5619,0.053
119,120,44,109,34,0.15,42.2,6.7,214,2026-09-11 17:05:00,PT5M,15.988,32.0215,24.4265,7.5495,0.0
106,107,31,99,34,0.15,42.7,6.7,214,2026-09-11 17:10:00,PT5M,13.797,27.9965,21.2703,6.3237,0.0
93,94,18,90,33,0.15,43.1,6.7,214,2026-09-11 17:15:00,PT5M,11.746,24.1965,18.2988,5.1932,0.0
81,81,5,80,33,0.15,43.5,6.7,214,2026-09-11 17:20:00,PT5M,9.641,20.3785,15.2922,3.9898,0.0
69,69,0,69,33,0.15,44.0,6.7,214,2026-09-11 17:25:00,PT5M,8.043,17.064,12.7908,3.2952,0.0
58,58,0,58,33,0.15,44.5,6.8,214,2026-09-11 17:30:00,PT5M,6.699,14.0055,10.5445,2.8535,0.0
47,47,0,47,33,0.15,45.0,6.8,214,2026-09-11 17:35:00,PT5M,5.301,10.951,8.2746,2.3274,0.0
37,37,0,37,33,0.15,45.7,6.8,214,2026-09-11 17:40:00,PT5M,3.996,8.131,6.1723,1.8197,0.0
28,28,0,28,32,0.15,46.4,6.8,214,2026-09-11 17:45:00,PT5M,2.885,5.742,4.3887,1.3813,0.028
19,19,0,19,32,0.15,47.1,6.8,214,2026-09-11 17:50:00,PT5M,1.853,3.5055,2.7227,0.9833,0.2005
12,12,0,12,32,0.15,47.8,6.8,214,2026-09-11 17:55:00,PT5M,0.902,1.7545,1.3507,0.4533,0.0495
6,6,0,6,32,0.15,48.5,6.8,214,2026-09-11 18:00:00,PT5M,0.0,0.1905,0.1003,0.0,0.0
1,1,0,1,32,0.15,49.3,6.8,214,2026-09-11 18:05:00,PT5M,0.0,0.0,0.0,0.0,0.0
0,0,0,0,31,0.15,50.0,6.8,214,2026-09-11 18:10:00,PT5M,0.0,0.0,0.0,0.0,0.0
0,0,0,0,31,0.15,50.8,6.8,214,2026-09-11 18:15:00,PT5M,0.0,0.0,0.0,0.0,0.0
0,0,0,0,31,0.15,51.5,6.8,214,2026-09-11 18:20:00,PT5M,0.0,0.0,0.0,0.0,0.0
0,0,0,0,31,0.15,52.3,6.8,214,2026-09-11 18:25:00,PT5M,0.0,0.0,0.0,0.0,0.0
0,0,0,0,31,0.15,53.1,6.8,214,2026-09-11 18:30:00,PT5M,0.0,0.0,0.0,0.0,0.0
0,0,0,0,30,0.15,53.8,6.8,214,2026-09-11 18:35:00,PT5M,0.0,0.0,0.0,0.0,0.0
0,0,0,0,30,0.15,54.5,6.7,214,2026-09-11 18:40:00,PT5M,0.0,0.0,0.0,0.0,0.0
0,0,0,0,30,0.15,55.2,6.7,215,2026-09-11 18:45:00,PT5M,0.0,0.0,0.0,0.0,0.0
0,0,0,0,30,0.15,55.9,6.6,215,2026-09-11 18:50:00,PT5M,0.0,0.0,0.0,0.0,0.0
0,0,0,0,30,0.15,56.6,6.6,215,2026-09-11 18:55:00,PT5M,0.0,0.0,0.0,0.0,0.0
0,0,0,0,30,0.15,57.3,6.6,215,2026-09-11 19:00:00,PT5M,0.0,0.0,0.0,0.0,0.0
0,0,0,0,30,0.15,58.0,6.5,215,2026-09-11 19:05:00,PT5M,0.0,0.0,0.0,0.0,0.0
0,0,0,0,29,0.15,58.7,6.5,216,2026-09-11 19:10:00,PT5M,0.0,0.0,0.0,0.0,0.0
0,0,0,0,29,0.15,59.4,6.5,216,2026-09-11 19:15:00,PT5M,0.0,0.0,0.0,0.0,0.0
0,0,0,0,29,0.15,60.1,6.4,216,2026-09-11 19:20:00,PT5M,0.0,0.0,0.0,0.0,0.0
0,0,0,0,29,0.15,60.9,6.4,216,2026-09-11 19:25:00,PT5M,0.0,0.0,0.0,0.0,0.0
0,0,0,0,29,0.15,61.6,6.4,217,2026-09-11 19:30:00,PT5M,0.0,0.0,0.0,0.0,0.0
0,0,0,0,29,0.15,62.2,6.4,217,2026-09-11 19:35:00,PT5M,0.0,0.0,0.0,0.0,0.0
0,0,0,0,29,0.15,62.6,6.3,217,2026-09-11 19:40:00,PT5M,0.0,0.0,0.0,0.0,0.0
0,0,0,0,29,0.15,63.0,6.3,217,2026-09-11 19:45:00,PT5M,0.0,0.0,0.0,0.0,0.0
0,0,0,0,29,0.15,63.4,6.3,217,2026-09-11 19:50:00,PT5M,0.0,0.0,0.0,0.0,0.0
0,0,0,0,28,0.15,63.8,6.3,217,2026-09-11 19:55:00,PT5M,0.0,0.0,0.0,0.0,0.0
0,0,0,0,28,0.15,64.2,6.3,217,2026-09-11 20:00:00,PT5M,0.0,0.0,0.0,0.0,0.0
0,0,0,0,28,0.15,64.6,6.2,218,2026-09-11 20:05:00,PT5M,0.0,0.0,0.0,0.0,0.0
0,0,0,0,28,0.15,65.0,6.2,218,2026-09-11 20:10:00,PT5M,0.0,0.0,0.0,0.0,0.0
0,0,0,0,28,0.15,65.5,6.2,218,2026-09-11 20:15:00,PT5M,0.0,0.0,0.0,0.0,0.0
0,0,0,0,28,0.15,65.9,6.2,218,2026-09-11 20:20:00,PT5M,0.0,0.0,0.0,0.0,0.0
0,0,0,0,28,0.15,66.3,6.2,218,2026-09-11 20:25:00,PT5M,0.0,0.0,0.0,0.0,0.0
0,0,0,0,28,0.15,66.7,6.1,218,2026-09-11 20:30:00,PT5M,0.0,0.0,0.0,0.0,0.0
0,0,0,0,28,0.15,67.0,6.1,219,2026-09-11 20:35:00,PT5M,0.0,0.0,0.0,0.0,0.0
0,0,0,0,28,0.15,67.0,6.0,219,2026-09-11 20:40:00,PT5M,0.0,0.0,0.0,0.0,0.0
0,0,0,0,28,0.15,67.1,6.0,219,2026-09-11 20:45:00,PT5M,0.0,0.0,0.0,0.0,0.0
0,0,0,0,28,0.15,67.2,5.9,219,2026-09-11 20:50:00,PT5M,0.0,0.0,0.0,0.0,0.0
0,0,0,0,28,0.15,67.2,5.9,220,2026-09-11 20:55:00,PT5M,0.0,0.0,0.0,0.0,0.0
0,0,0,0,28,0.15,67.3,5.8,220,2026-09-11 21:00:00,PT5M,0.0,0.0,0.0,0.0,0.0
0,0,0,0,28,0.15,67.3,5.8,220,2026-09-11 21:05:00,PT5M,0.0,0.0,0.0,0.0,0.0
0,0,0,0,27,0.15,67.4,5.7,221,2026-09-11 21:10:00,PT5M,0.0,0.0,0.0,0.0,0.0
0,0,0,0,27,0.15,67.5,5.7,221,2026-09-11 21:15:00,PT5M,0.0,0.0,0.0,0.0,0.0
0,0,0,0,27,0.15,67.5,5.6,221,2026-09-11 21:20:00,PT5M,0.0,0.0,0.0,0.0,0.0
0,0,0,0,27,0.15,67.6,5.6,222,2026-09-11 21:25:00,PT5M,0.0,0.0,0.0,0.0,0.0
0,0,0,0,27,0.15,67.6,5.5,222,2026-09-11 21:30:00,PT5M,0.0,0.0,0.0,0.0,0.0
0,0,0,0,27,0.15,67.7,5.5,222,2026-09-11 21:35:00,PT5M,0.0,0.0,0.0,0.0,0.0
0,0,0,0,27,0.15,67.6,5.4,222,2026-09-11 21:40:00,PT5M,0.0,0.0,0.0,0.0,0.0
0,0,0,0,27,0.15,67.6,5.4,223,2026-09-11 21:45:00,PT5M,0.0,0.0,0.0,0.0,0.0
0,0,0,0,27,0.15,67.5,5.3,223,2026-09-11 21:50:00,PT5M,0.0,0.0,0.0,0.0,0.0
0,0,0,0,27,0.15,67.5,5.3,223,2026-09-11 21:55:00,PT5M,0.0,0.0,0.0,0.0,0.0
0,0,0,0,27,0.15,67.5,5.2,224,2026-09-11 22:00:00,PT5M,0.0,0.0,0.0,0.0,0.0
0,0,0,0,27,0.15,67.4,5.2,224,2026-09-11 22:05:00,PT5M,0.0,0.0,0.0,0.0,0.0
0,0,0,0,27,0.15,67.4,5.1,224,2026-09-11 22:10:00,PT5M,0.0,0.0,0.0,0.0,0.0
0,0,0,0,27,0.15,67.3,5.1,225,2026-09-11 22:15:00,PT5M,0.0,0.0,0.0,0.0,0.0
0,0,0,0,27,0.15,67.3,5.0,225,2026-09-11 22:20:00,PT5M,0.0,0.0,0.0,0.0,0.0
0,0,0,0,27,0.15,67.3,5.0,225,2026-09-11 22:25:00,PT5M,0.0,0.0,0.0,0.0,0.0
0,0,0,0,27,0.15,67.2,4.9,226,2026-09-11 22:30:00,PT5M,0.0,0.0,0.0,0.0,0.0
0,0,0,0,27,0.15,67.4,4.9,226,2026-09-11 22:35:00,PT5M,0.0,0.0,0.0,0.0,0.0
0,0,0,0,27,0.15,67.7,4.8,226,2026-09-11 22:40:00,PT5M,0.0,0.0,0.0,0.0,0.0
0,0,0,0,27,0.15,68.1,4.8,226,2026-09-11 22:45:00,PT5M,0.0,0.0,0.0,0.0,0.0
0,0,0,0,27,0.15,68.4,4.7,226,2026-09-11 22:50:00,PT5M,0.0,0.0,0.0,0.0,0.0
0,0,0,0,27,0.15,68.7,4.7,226,2026-09-11 22:55:00,PT5M,0.0,0.0,0.0,0.0,0.0
0,0,0,0,27,0.15,69.1,4.6,226,2026-09-11 23:00:00,PT5M,0.0,0.0,0.0,0.0,0.0
0,0,0,0,27,0.15,69.4,4.6,226,2026-09-11 23:05:00,PT5M,0.0,0.0,0.0,0.0,0.0
0,0,0,0,27,0.15,69.8,4.5,226,2026-09-11 23:10:00,PT5M,0.0,0.0,0.0,0.0,0.0
0,0,0,0,27,0.15,70.1,4.5,226,2026-09-11 23:15:00,PT5M,0.0,0.0,0.0,0.0,0.0
0,0,0,0,27,0.15,70.5,4.4,226,2026-09-11 23:20:00,PT5M,0.0,0.0,0.0,0.0,0.0
0,0,0,0,27,0.15,70.8,4.4,226,2026-09-11 23:25:00,PT5M,0.0,0.0,0.0,0.0,0.0
0,0,0,0,26,0.15,71.2,4.3,226,2026-09-11 23:30:00,PT5M,0.0,0.0,0.0,0.0,0.0
0,0,0,0,26,0.15,71.5,4.3,226,2026-09-11 23:35:00,PT5M,0.0,0.0,0.0,0.0,0.0
0,0,0,0,26,0.15,71.7,4.3,225,2026-09-11 23:40:00,PT5M,0.0,0.0,0.0,0.0,0.0
0,0,0,0,26,0.15,72.0,4.3,225,2026-09-11 23:45:00,PT5M,0.0,0.0,0.0,0.0,0.0
0,0,0,0,26,0.15,72.2,4.3,225,2026-09-11 23:50:00,PT5M,0.0,0.0,0.0,0.0,0.0
0,0,0,0,26,0.15,72.5,4.3,225,2026-09-11 23:55:00,PT5M,0.0,0.0,0.0,0.0,0.0
0,0,0,0,26,0.15,72.7,4.2,224,2026-09-12 00:00:00,PT5M,0.0,0.0,0.0,0.0,0.0
0,0,0,0,26,0.15,73.0,4.2,224,2026-09-12 00:05:00,PT5M,0.0,0.0,0.0,0.0,0.0
0,0,0,0,26,0.15,73.3,4.2,224,2026-09-12 00:10:00,PT5M,0.0,0.0,0.0,0.0,0.0
0,0,0,0,26,0.15,73.5,4.2,223,2026-09-12 00:15:00,PT5M,0.0,0.0,0.0,0.0,0.0
0,0,0,0,26,0.15,73.8,4.2,223,2026-09-12 00:20:00,PT5M,0.0,0.0,0.0,0.0,0.0
0,0,0,0,26,0.15,74.0,4.2,223,2026-09-12 00:25:00,PT5M,0.0,0.0,0.0,0.0,0.0
0,0,0,0,26,0.15,74.3,4.2,222,2026-09-12 00:30:00,PT5M,0.0,0.0,0.0,0.0,0.0
0,0,0,0,26,0.15,74.4,4.2,222,2026-09-12 00:35:00,PT5M,0.0,0.0,0.0,0.0,0.0
0,0,0,0,26,0.15,74.5,4.2,222,2026-09-12 00:40:00,PT5M,0.0,0.0,0.0,0.0,0.0
0,0,0,0,26,0.15,74.6,4.2,222,2026-09-12 00:45:00,PT5M,0.0,0.0,0.0,0.0,0.0
0,0,0,0,26,0.15,74.7,4.2,222,2026-09-12 00:50:00,PT5M,0.0,0.0,0.0,0.0,0.0
0,0,0,0,26,0.15,74.7,4.2,222,2026-09-12 00:55:00,PT5M,0.0,0.0,0.0,0.0,0.0
0,0,0,0,26,0.15,74.8,4.2,222,2026-09-12 01:00:00,PT5M,0.0,0.0,0.0,0.0,0.0
0,0,0,0,26,0.15,74.9,4.2,222,2026-09-12 01:05:00,PT5M,0.0,0.0,0.0,0.0,0.0
0,0,0,0,26,0.15,75.0,4.2,222,2026-09-12 01:10:00,PT5M,0.0,0.0,0.0,0.0,0.0
0,0,0,0,26,0.15,75.0,4.2,221,2026-09-12 01:15:00,PT5M,0.0,0.0,0.0,0.0,0.0
0,0,0,0,26,0.15,75.1,4.2,221,2026-09-12 01:20:00,PT5M,0.0,0.0,0.0,0.0,0.0
0,0,0,0,26,0.15,75.2,4.2,221,2026-09-12 01:25:00,PT5M,0.0,0.0,0.0,0.0,0.0
0,0,0,0,26,0.15,75.3,4.2,221,2026-09-12 01:30:00,PT5M,0.0,0.0,0.0,0.0,0.0
0,0,0,0,26,0.15,75.4,4.2,221,2026-09-12 01:35:00,PT5M,0.0,0.0,0.0,0.0,0.0
0,0,0,0,26,0.15,75.6,4.2,221,2026-09-12 01:40:00,PT5M,0.0,0.0,0.0,0.0,0.0
0,0,0,0,26,0.15,75.8,4.2,221,2026-09-12 01:45:00,PT5M,0.0,0.0,0.0,0.0,0.0
0,0,0,0,26,0.15,76.0,4.2,221,2026-09-12 01:50:00,PT5M,0.0,0.0,0.0,0.0,0.0
0,0,0,0,26,0.15,76.2,4.2,222,2026-09-12 01:55:00,PT5M,0.0,0.0,0.0,0.0,0.0
0,0,0,0,26,0.15,76.3,4.2,222,2026-09-12 02:00:00,PT5M,0.0,0.0,0.0,0.0,0.0
0,0,0,0,26,0.15,76.5,4.2,222,2026-09-12 02:05:00,PT5M,0.0,0.0,0.0,0.0,0.0
0,0,0,0,26,0.15,76.7,4.2,222,2026-09-12 02:10:00,PT5M,0.0,0.0,0.0,0.0,0.0
0,0,0,0,26,0.15,76.9,4.2,222,2026-09-12 02:15:00,PT5M,0.0,0.0,0.0,0.0,0.0
0,0,0,0,26,0.15,77.1,4.2,222,2026-09-12 02:20:00,PT5M,0.0,0.0,0.0,0.0,0.0
0,0,0,0,25,0.15,77.3,4.2,222,2026-09-12 02:25:00,PT5M,0.0,0.0,0.0,0.0,0.0
0,0,0,0,25,0.15,77.5,4.2,222,2026-09-12 02:30:00,PT5M,0.0,0.0,0.0,0.0,0.0
0,0,0,0,25,0.15,77.6,4.2,222,2026-09-12 02:35:00,PT5M,0.0,0.0,0.0,0.0,0.0
0,0,0,0,25,0.15,77.7,4.2,222,2026-09-12 02:40:00,PT5M,0.0,0.0,0.0,0.0,0.0
0,0,0,0,25,0.15,77.7,4.2,222,2026-09-12 02:45:00,PT5M,0.0,0.0,0.0,0.0,0.0
0,0,0,0,25,0.15,77.7,4.2,222,2026-09-12 02:50:00,PT5M,0.0,0.0,0.0,0.0,0.0
0,0,0,0,25,0.15,77.8,4.2,222,2026-09-12 02:55:00,PT5M,0.0,0.0,0.0,0.0,0.0
0,0,0,0,25,0.15,77.8,4.2,222,2026-09-12 03:00:00,PT5M,0.0,0.0,0.0,0.0,0.0
0,0,0,0,25,0.15,77.8,4.2,222,2026-09-12 03:05:00,PT5M,0.0,0.0,0.0,0.0,0.0
0,0,0,0,25,0.15,77.9,4.2,222,2026-09-12 03:10:00,PT5M,0.0,0.0,0.0,0.0,0.0
0,0,0,0,25,0.15,77.9,4.2,222,2026-09-12 03:15:00,PT5M,0.0,0.0,0.0,0.0,0.0
0,0,0,0,25,0.15,78.0,4.2,222,2026-09-12 03:20:00,PT5M,0.0,0.0,0.0,0.0,0.0
0,0,0,0,25,0.15,78.0,4.2,222,2026-09-12 03:25:00,PT5M,0.0,0.0,0.0,0.0,0.0
0,0,0,0,25,0.15,78.0,4.2,222,2026-09-12 03:30:00,PT5M,0.0,0.0,0.0,0.0,0.0
0,0,0,0,25,0.15,78.1,4.2,222,2026-09-12 03:35:00,PT5M,0.0,0.0,0.0,0.0,0.0
0,0,0,0,25,0.15,78.1,4.2,223,2026-09-12 03:40:00,PT5M,0.0,0.0,0.0,0.0,0.0
0,0,0,0,25,0.15,78.2,4.1,223,2026-09-12 03:45:00,PT5M,0.0,0.0,0.0,0.0,0.0
0,0,0,0,25,0.15,78.2,4.1,223,2026-09-12 03:50:00,PT5M,0.0,0.0,0.0,0.0,0.0
0,0,0,0,25,0.15,78.2,4.1,224,2026-09-12 03:55:00,PT5M,0.0,0.0,0.0,0.0,0.0
0,0,0,0,25,0.15,78.3,4.1,224,2026-09-12 04:00:00,PT5M,0.0,0.0,0.0,0.0,0.0
0,0,0,0,25,0.15,78.3,4.1,224,2026-09-12 04:05:00,PT5M,0.0,0.0,0.0,0.0,0.0
0,0,0,0,25,0.15,78.4,4.1,225,2026-09-12 04:10:00,PT5M,0.0,0.0,0.0,0.0,0.0
0,0,0,0,25,0.15,78.4,4.1,225,2026-09-12 04:15:00,PT5M,0.0,0.0,0.0,0.0,0.0
0,0,0,0,25,0.15,78.4,4.1,225,2026-09-12 04:20:00,PT5M,0.0,0.0,0.0,0.0,0.0
0,0,0,0,25,0.15,78.5,4.0,226,2026-09-12 04:25:00,PT5M,0.0,0.0,0.0,0.0,0.0
0,0,0,0,25,0.15,78.5,4.0,226,2026-09-12 04:30:00,PT5M,0.0,0.0,0.0,0.0,0.0
0,0,0,0,25,0.15,78.5,4.0,226,2026-09-12 04:35:00,PT5M,0.0,0.0,0.0,0.0,0.0
0,0,0,0,25,0.15,78.5,4.0,226,2026-09-12 04:40:00,PT5M,0.0,0.0,0.0,0.0,0.0
0,0,0,0,25,0.15,78.5,4.0,226,2026-09-12 04:45:00,PT5M,0.0,0.0,0.0,0.0,0.0
0,0,0,0,25,0.15,78.5,4.0,226,2026-09-12 04:50:00,PT5M,0.0,0.0,0.0,0.0,0.0
0,0,0,0,25,0.15,78.5,4.0,226,2026-09-12 04:55:00,PT5M,0.0,0.0,0.0,0.0,0.0
0,0,0,0,25,0.15,78.5,3.9,226,2026-09-12 05:00:00,PT5M,0.0,0.0,0.0,0.0,0.0
0,0,0,0,25,0.15,78.5,3.9,225,2026-09-12 05:05:00,PT5M,0.0,0.0,0.0,0.0,0.0
0,0,0,0,25,0.15,78.5,3.9,225,2026-09-12 05:10:00,PT5M,0.0,0.0,0.0,0.0,0.0
0,0,0,0,25,0.15,78.5,3.9,225,2026-09-12 05:15:00,PT5M,0.0,0.0,0.0,0.0,0.0
0,0,0,0,25,0.15,78.5,3.9,225,2026-09-12 05:20:00,PT5M,0.0,0.0,0.0,0.0,0.0
0,0,0,0,25,0.15,78.5,3.8,225,2026-09-12 05:25:00,PT5M,0.0,0.0,0.0,0.0,0.0
0,0,0,0,25,0.15,78.5,3.8,225,2026-09-12 05:30:00,PT5M,0.0,0.0,0.0,0.0,0.0
0,0,0,0,25,0.15,78.4,3.8,225,2026-09-12 05:35:00,PT5M,0.0,0.0,0.0,0.0,0.0
0,0,0,0,25,0.15,78.3,3.8,225,2026-09-12 05:40:00,PT5M,0.0,0.0,0.0,0.0,0.0
0,0,0,0,25,0.15,78.1,3.7,225,2026-09-12 05:45:00,PT5M,0.0,0.0,0.0,0.0,0.0
0,0,0,0,25,0.15,78.0,3.7,225,2026-09-12 05:50:00,PT5M,0.0,0.0,0.0,0.0,0.0
0,0,0,0,25,0.15,77.8,3.6,225,2026-09-12 05:55:00,PT5M,0.0,0.0,0.0,0.0,0.0
0,0,0,0,25,0.15,77.6,3.6,226,2026-09-12 06:00:00,PT5M,0.0,0.0,0.0,0.0,0.0
6,6,0,6,25,0.15,77.5,3.6,226,2026-09-12 06:05:00,PT5M,0.115,0.185,0.1518,0.0782,0.045
15,15,9,14,25,0.15,77.3,3.5,226,2026-09-12 06:10:00,PT5M,1.343,2.007,1.6925,0.9935,0.679
24,26,44,22,25,0.15,77.2,3.5,226,2026-09-12 06:15:00,PT5M,2.897,4.263,3.6159,2.1781,1.531
36,38,101,29,25,0.15,77.0,3.4,226,2026-09-12 06:20:00,PT5M,5.286,7.947,6.6865,3.8855,2.625
50,51,145,36,25,0.15,76.9,3.4,226,2026-09-12 06:25:00,PT5M,8.074,12.2125,10.2521,5.8959,3.9355
63,66,182,43,25,0.15,76.7,3.3,226,2026-09-12 06:30:00,PT5M,11.338,17.0995,14.3703,8.3057,5.5765
79,81,222,49,26,0.15,76.2,3.3,226,2026-09-12 06:35:00,PT5M,15.11,22.6425,19.0744,11.1456,7.5775
95,98,262,54,26,0.15,75.4,3.4,227,2026-09-12 06:40:00,PT5M,19.16,28.534,24.0936,14.2264,9.786
113,116,300,59,26,0.15,74.6,3.4,227,2026-09-12 06:45:00,PT5M,23.373,34.559,29.2603,17.4857,12.187
131,134,337,63,26,0.15,73.8,3.5,228,2026-09-12 06:50:00,PT5M,27.743,40.669,34.546,20.94,14.817
149,153,373,67,26,0.15,73.0,3.5,228,2026-09-12 06:55:00,PT5M,32.249,46.9275,39.9744,24.5236,17.5705
169,173,407,70,26,0.15,72.2,3.5,228,2026-09-12 07:00:00,PT5M,36.998,53.5065,45.6865,28.3095,20.4895
188,192,432,74,27,0.15,71.4,3.6,229,2026-09-12 07:05:00,PT5M,41.684,60.1195,51.3867,31.9813,23.2485
207,211,453,77,27,0.15,70.6,3.6,229,2026-09-12 07:10:00,PT5M,46.282,66.7005,57.0284,35.5356,25.8635
226,230,472,81,27,0.15,69.9,3.6,229,2026-09-12 07:15:00,PT5M,50.941,73.366,62.7434,39.1386,28.516
245,249,490,85,27,0.15,69.1,3.7,230,2026-09-12 07:20:00,PT5M,55.628,80.0735,68.4938,42.7622,31.1825
264,269,507,88,27,0.15,68.4,3.7,230,2026-09-12 07:25:00,PT5M,60.31,86.7825,74.2427,46.3773,33.8375
283,288,523,91,27,0.15,67.6,3.7,230,2026-09-12 07:30:00,PT5M,64.989,93.489,79.9888,49.9892,36.489
303,307,537,94,28,0.15,66.7,3.8,230,2026-09-12 07:35:00,PT5M,69.619,100.0,85.6972,53.5408,39.07
322,326,549,97,28,0.15,65.6,3.8,230,2026-09-12 07:40:00,PT5M,74.222,100.0,91.4101,57.0339,41.564
341,345,562,100,28,0.15,64.5,3.8,230,2026-09-12 07:45:00,PT5M,78.314,100.0,96.5024,60.1256,43.7555
360,364,574,103,28,0.15,63.5,3.8,230,2026-09-12 07:50:00,PT5M,80.2,100.0,98.6208,61.7792,45.2
379,383,585,106,28,0.15,62.4,3.9,230,2026-09-12 07:55:00,PT5M,81.998,100.0,100.0,63.3665,46.5975
398,402,596,108,29,0.15,61.4,3.9,230,2026-09-12 08:00:00,PT5M,83.699,100.0,100.0,64.8809,47.944
416,421,606,111,29,0.15,60.4,3.9,230,2026-09-12 08:05:00,PT5M,85.292,100.0,100.0,66.3149,49.235
435,439,615,113,29,0.15,59.4,3.9,230,2026-09-12 08:10:00,PT5M,86.757,100.0,100.0,67.6542,50.461
453,458,624,115,29,0.15,58.4,4.0,230,2026-09-12 08:15:00,PT5M,88.08,100.0,100.0,68.8898,51.618
472,476,633,117,30,0.15,57.4,4.0,230,2026-09-12 08:20:00,PT5M,89.252,100.0,100.0,70.0165,52.704
490,494,640,120,30,0.15,56.5,4.0,230,2026-09-12 08:25:00,PT5M,90.236,100.0,100.0,71.0105,53.707
507,512,647,122,30,0.15,55.6,4.0,230,2026-09-12 08:30:00,PT5M,91.1,100.0,100.0,71.9187,54.655
525,529,654,124,30,0.15,54.6,4.1,230,2026-09-12 08:35:00,PT5M,91.88,100.0,100.0,72.7632,55.5575
542,546,659,127,31,0.15,53.7,4.1,230,2026-09-12 08:40:00,PT5M,92.588,100.0,100.0,73.5512,56.4175
559,563,665,129,31,0.15,52.7,4.2,230,2026-09-12 08:45:00,PT5M,93.249,100.0,100.0,74.269,57.1865
575,579,670,131,31,0.15,51.8,4.3,230,2026-09-12 08:50:00,PT5M,93.868,100.0,100.0,75.1188,58.244
591,595,675,133,31,0.15,50.8,4.3,230,2026-09-12 08:55:00,PT5M,94.452,100.0,100.0,75.9407,59.28
607,611,679,136,31,0.15,49.9,4.4,230,2026-09-12 09:00:00,PT5M,95.005,100.0,100.0,76.7287,60.2795
624,627,685,137,32,0.15,49.0,4.4,230,2026-09-12 09:05:00,PT5M,95.601,100.0,100.0,77.5613,61.325
640,643,691,138,32,0.15,48.2,4.5,230,2026-09-12 09:10:00,PT5M,96.223,100.0,100.0,78.4207,62.398
655,659,697,139,32,0.15,47.3,4.5,229,2026-09-12 09:15:00,PT5M,96.9,100.0,100.0,79.3319,63.52
671,675,703,140,32,0.15,46.5,4.6,229,2026-09-12 09:20:00,PT5M,97.458,100.0,100.0,80.1209,64.517
686,690,709,141,33,0.15,45.6,4.7,229,2026-09-12 09:25:00,PT5M,97.989,100.0,100.0,80.8795,65.4805
701,705,715,142,33,0.15,44.8,4.7,229,2026-09-12 09:30:00,PT5M,98.494,100.0,100.0,81.6085,66.411
715,718,719,143,33,0.15,44.1,4.7,229,2026-09-12 09:35:00,PT5M,98.906,100.0,100.0,82.2215,67.205
728,732,721,145,33,0.15,43.5,4.7,230,2026-09-12 09:40:00,PT5M,99.228,100.0,100.0,82.7206,67.8635
741,744,723,148,33,0.15,42.8,4.7,230,2026-09-12 09:45:00,PT5M,99.5,100.0,100.0,83.1613,68.456
753,756,723,150,34,0.15,42.2,4.7,230,2026-09-12 09:50:00,PT5M,99.724,100.0,100.0,83.5456,68.9845
764,767,724,153,34,0.15,41.6,4.7,231,2026-09-12 09:55:00,PT5M,99.933,100.0,100.0,83.9088,69.4865
775,778,724,155,34,0.15,40.9,4.6,231,2026-09-12 10:00:00,PT5M,100.0,100.0,100.0,84.1234,69.834
786,789,724,158,34,0.15,40.3,4.6,231,2026-09-12 10:05:00,PT5M,100.0,100.0,100.0,84.2621,70.0975
796,799,725,160,34,0.15,39.7,4.6,232,2026-09-12 10:10:00,PT5M,100.0,100.0,100.0,84.3942,70.3485
806,809,725,163,35,0.15,39.2,4.6,232,2026-09-12 10:15:00,PT5M,100.0,100.0,100.0,84.5197,70.587
815,818,724,165,35,0.15,38.6,4.6,232,2026-09-12 10:20:00,PT5M,100.0,100.0,100.0,84.6384,70.8125
824,827,724,167,35,0.15,38.0,4.5,233,2026-09-12 10:25:00,PT5M,100.0,100.0,100.0,84.7513,71.027
832,835,724,170,35,0.15,37.5,4.5,233,2026-09-12 10:30:00,PT5M,100.0,100.0,100.0,84.8587,71.231
839,842,721,173,35,0.15,37.0,4.5,233,2026-09-12 10:35:00,PT5M,100.0,100.0,100.0,84.9397,71.385
845,847,716,177,35,0.15,36.7,4.5,234,2026-09-12 10:40:00,PT5M,100.0,100.0,100.0,84.9937,71.4875
850,852,711,182,36,0.15,36.3,4.6,234,2026-09-12 10:45:00,PT5M,100.0,100.0,100.0,85.041,71.5775
854,856,706,186,36,0.15,36.0,4.6,234,2026-09-12 10:50:00,PT5M,100.0,100.0,100.0,85.0805,71.6525
858,860,700,191,36,0.15,35.6,4.6,234,2026-09-12 10:55:00,PT5M,100.0,100.0,100.0,85.1102,71.709
861,864,695,195,36,0.15,35.3,4.6,234,2026-09-12 11:00:00,PT5M,100.0,100.0,100.0,85.1221,71.7315
864,867,689,199,36,0.15,35.0,4.7,235,2026-09-12 11:05:00,PT5M,99.907,100.0,100.0,85.0293,71.639
866,869,684,204,36,0.15,34.6,4.7,235,2026-09-12 11:10:00,PT5M,99.674,100.0,100.0,84.8061,71.4245
868,871,678,208,36,0.15,34.3,4.7,235,2026-09-12 11:15:00,PT5M,99.429,100.0,100.0,84.5692,71.195
870,872,672,212,37,0.15,34.0,4.8,235,2026-09-12 11:20:00,PT5M,99.166,100.0,100.0,84.2981,70.9165
870,873,666,216,37,0.15,33.7,4.8,236,2026-09-12 11:25:00,PT5M,98.889,100.0,100.0,84.0032,70.6055
871,873,660,220,37,0.15,33.4,4.8,236,2026-09-12 11:30:00,PT5M,98.595,100.0,100.0,83.6837,70.263
869,871,650,226,37,0.15,33.1,4.8,236,2026-09-12 11:35:00,PT5M,98.112,100.0,100.0,83.133,69.6515
865,867,637,234,37,0.15,32.9,4.8,236,2026-09-12 11:40:00,PT5M,97.44,100.0,100.0,82.3516,68.7715
860,862,623,242,37,0.15,32.7,4.8,236,2026-09-12 11:45:00,PT5M,96.749,100.0,100.0,81.5437,67.8585
854,857,608,249,37,0.15,32.5,4.8,236,2026-09-12 11:50:00,PT5M,96.009,100.0,100.0,80.6769,66.8775
848,851,594,257,37,0.15,32.2,4.8,236,2026-09-12 11:55:00,PT5M,95.255,100.0,100.0,79.79,65.871
842,844,580,264,37,0.15,32.0,4.8,236,2026-09-12 12:00:00,PT5M,94.487,100.0,100.0,78.8833,64.8395
835,837,566,271,37,0.15,31.8,4.8,237,2026-09-12 12:05:00,PT5M,93.749,100.0,100.0,78.0008,63.827
828,830,552,278,38,0.15,31.6,4.8,237,2026-09-12 12:10:00,PT5M,93.056,100.0,100.0,77.1578,62.849
820,822,539,285,38,0.15,31.4,4.8,237,2026-09-12 12:15:00,PT5M,92.344,100.0,100.0,76.2908,61.8425
812,814,525,291,38,0.15,31.2,4.8,237,2026-09-12 12:20:00,PT5M,91.613,100.0,100.0,75.4001,60.808
803,805,511,297,38,0.15,31.0,4.8,237,2026-09-12 12:25:00,PT5M,90.909,100.0,100.0,74.529,59.7865
794,796,497,303,38,0.15,30.8,4.8,237,2026-09-12 12:30:00,PT5M,90.103,100.0,100.0,73.5506,58.653
785,787,485,308,38,0.15,30.7,4.8,237,2026-09-12 12:35:00,PT5M,89.346,100.0,100.0,72.6302,57.5855
776,778,473,311,38,0.15,30.8,4.8,236,2026-09-12 12:40:00,PT5M,88.636,100.0,100.0,71.7663,56.583
767,769,462,315,38,0.15,30.8,4.9,235,2026-09-12 12:45:00,PT5M,87.901,100.0,100.0,70.8729,55.547
758,760,451,318,38,0.15,30.9,4.9,234,2026-09-12 12:50:00,PT5M,87.139,100.0,100.0,69.9474,54.4745
748,750,440,321,38,0.15,30.9,5.0,233,2026-09-12 12:55:00,PT5M,86.342,100.0,100.0,68.9757,53.3455
738,740,429,324,38,0.15,31.0,5.0,232,2026-09-12 13:00:00,PT5M,85.52,100.0,100.0,67.9787,52.191
727,729,418,326,38,0.15,31.0,5.0,231,2026-09-12 13:05:00,PT5M,84.687,100.0,100.0,66.9807,51.0445
716,718,407,328,38,0.15,31.1,5.1,231,2026-09-12 13:10:00,PT5M,83.828,100.0,100.0,65.9546,49.868
705,707,397,330,38,0.15,31.1,5.1,230,2026-09-12 13:15:00,PT5M,82.923,100.0,100.0,64.8699,48.6215
694,696,386,332,38,0.15,31.2,5.2,229,2026-09-12 13:20:00,PT5M,81.984,100.0,100.0,63.7469,47.333
682,684,376,333,38,0.15,31.2,5.2,228,2026-09-12 13:25:00,PT5M,81.012,100.0,99.4354,62.5886,46.007
671,673,365,333,38,0.15,31.3,5.3,228,2026-09-12 13:30:00,PT5M,80.009,100.0,98.6197,61.3983,44.648
660,662,358,333,38,0.15,31.4,5.4,227,2026-09-12 13:35:00,PT5M,79.216,100.0,97.9854,60.4466,43.5535
652,654,354,331,38,0.15,31.6,5.5,226,2026-09-12 13:40:00,PT5M,78.637,100.0,97.5375,59.7365,42.7255
643,645,351,328,38,0.15,31.8,5.6,226,2026-09-12 13:45:00,PT5M,78.033,100.0,97.0666,58.9994,41.8685
634,636,347,326,38,0.15,32.0,5.8,225,2026-09-12 13:50:00,PT5M,77.405,100.0,96.5744,58.2356,40.9825
624,626,343,324,38,0.15,32.1,5.9,225,2026-09-12 13:55:00,PT5M,76.69,100.0,95.9978,57.3822,40.0045
614,617,339,321,38,0.15,32.3,6.0,224,2026-09-12 14:00:00,PT5M,76.009,100.0,95.4582,56.5598,39.055
604,606,335,318,38,0.15,32.5,6.2,224,2026-09-12 14:05:00,PT5M,75.3,100.0,94.8931,55.7069,38.0725
594,596,330,315,38,0.15,32.7,6.3,223,2026-09-12 14:10:00,PT5M,74.559,100.0,94.3003,54.8177,37.05
583,585,326,311,38,0.15,32.9,6.5,223,2026-09-12 14:15:00,PT5M,73.79,100.0,93.682,53.898,35.9945
572,575,322,308,38,0.15,33.1,6.6,222,2026-09-12 14:20:00,PT5M,72.994,100.0,93.0389,52.9491,34.908
561,563,317,304,37,0.15,33.3,6.7,222,2026-09-12 14:25:00,PT5M,72.154,100.0,92.3547,51.9533,33.772
549,551,312,301,37,0.15,33.5,6.9,222,2026-09-12 14:30:00,PT5M,71.25,100.0,91.6105,50.8895,32.5645
535,538,303,298,37,0.15,33.8,7.0,221,2026-09-12 14:35:00,PT5M,70.025,100.0,90.5755,49.4745,30.9785
520,522,291,296,37,0.15,34.3,7.1,221,2026-09-12 14:40:00,PT5M,68.474,100.0,89.2426,47.7054,29.013
504,506,279,293,37,0.15,34.8,7.2,221,2026-09-12 14:45:00,PT5M,66.885,100.0,87.8699,45.9001,27.013
488,490,267,290,37,0.15,35.3,7.3,221,2026-09-12 14:50:00,PT5M,65.259,100.0,86.4584,44.0596,24.9795
472,474,255,287,36,0.15,35.9,7.4,221,2026-09-12 14:55:00,PT5M,63.595,100.0,85.0044,42.1856,22.9165
456,458,243,283,36,0.15,36.4,7.5,221,2026-09-12 15:00:00,PT5M,61.895,100.0,83.3746,40.4154,21.083
440,442,232,279,36,0.15,37.0,7.6,221,2026-09-12 15:05:00,PT5M,60.18,100.0,81.7425,38.6175,19.2105
425,427,221,275,36,0.15,37.5,7.7,221,2026-09-12 15:10:00,PT5M,58.501,99.616,80.1401,36.8619,17.386
409,411,211,270,35,0.15,38.1,7.8,221,2026-09-12 15:15:00,PT5M,56.829,98.068,78.5334,35.1246,15.59
394,396,200,265,35,0.15,38.7,7.9,221,2026-09-12 15:20:00,PT5M,55.077,96.4145,76.8332,33.3208,13.7395
379,381,190,259,35,0.15,39.2,8.0,221,2026-09-12 15:25:00,PT5M,53.278,94.6925,75.0747,31.4813,11.8635
364,365,180,253,35,0.15,39.8,8.1,221,2026-09-12 15:30:00,PT5M,51.433,92.8945,73.2545,29.6115,9.9715
350,351,173,247,34,0.15,40.7,8.1,220,2026-09-12 15:35:00,PT5M,49.859,91.31,71.675,28.043,8.408
337,338,168,239,34,0.15,42.0,8.0,220,2026-09-12 15:40:00,PT5M,48.558,89.9425,70.339,26.777,7.1735
324,325,164,232,34,0.15,43.2,7.9,220,2026-09-12 15:45:00,PT5M,47.221,88.4875,68.9399,25.5021,5.9545
311,312,159,224,33,0.15,44.5,7.8,220,2026-09-12 15:50:00,PT5M,45.838,86.8865,67.4421,24.2339,4.7895
297,299,154,217,33,0.15,45.9,7.7,220,2026-09-12 15:55:00,PT5M,44.396,85.152,65.8462,22.9458,3.64
284,286,149,209,32,0.15,47.3,7.6,220,2026-09-12 16:00:00,PT5M,42.896,83.289,64.1551,21.6369,2.503
271,273,144,201,32,0.15,48.7,7.5,220,2026-09-12 16:05:00,PT5M,41.342,81.3125,62.3788,20.3052,1.3715
258,259,139,193,32,0.15,50.2,7.5,220,2026-09-12 16:10:00,PT5M,39.74,79.2395,60.5289,18.9511,0.2405
244,246,133,185,31,0.15,51.7,7.4,220,2026-09-12 16:15:00,PT5M,38.093,77.075,58.6095,17.5765,0.0
231,233,128,177,31,0.15,53.3,7.3,220,2026-09-12 16:20:00,PT5M,36.407,74.831,56.6298,16.1842,0.0
218,220,122,168,30,0.15,54.9,7.2,220,2026-09-12 16:25:00,PT5M,34.444,71.1685,53.7724,15.1156,0.0
205,207,117,160,30,0.15,56.6,7.1,220,2026-09-12 16:30:00,PT5M,32.271,66.7705,50.4283,14.1137,0.0
193,194,113,151,30,0.15,57.7,7.0,220,2026-09-12 16:35:00,PT5M,30.294,62.4975,47.2429,13.3451,0.0
181,183,111,143,30,0.15,58.4,6.8,219,2026-09-12 16:40:00,PT5M,28.481,58.405,44.2302,12.7318,0.0
170,171,108,134,29,0.15,59.0,6.7,219,2026-09-12 16:45:00,PT5M,26.6,54.267,41.1613,12.0387,0.0
158,159,105,126,29,0.15,59.6,6.5,219,2026-09-12 16:50:00,PT5M,24.642,50.055,38.017,11.267,0.0
146,147,101,117,29,0.15,60.3,6.3,219,2026-09-12 16:55:00,PT5M,22.629,45.802,34.8251,10.4329,0.0
134,135,96,109,29,0.15,60.9,6.2,219,2026-09-12 17:00:00,PT5M,20.588,41.548,31.6194,9.5566,0.0
122,123,90,100,29,0.15,61.6,6.0,218,2026-09-12 17:05:00,PT5M,18.531,37.331,28.4256,8.6364,0.0
109,110,79,92,29,0.15,62.3,5.9,218,2026-09-12 17:10:00,PT5M,16.273,33.012,25.0829,7.4631,0.0
97,98,67,83,29,0.15,63.0,5.7,218,2026-09-12 17:15:00,PT5M,14.106,28.8695,21.8761,6.3359,0.0
85,85,54,75,28,0.15,63.6,5.6,217,2026-09-12 17:20:00,PT5M,11.875,24.6885,18.6188,5.1312,0.0
73,73,40,66,28,0.15,64.3,5.4,217,2026-09-12 17:25:00,PT5M,9.81,20.6285,15.5039,4.1161,0.0
61,61,24,58,28,0.15,65.0,5.3,217,2026-09-12 17:30:00,PT5M,7.867,16.66,12.4948,3.2392,0.0
50,50,7,49,28,0.15,65.5,5.2,217,2026-09-12 17:35:00,PT5M,5.932,12.7555,9.5233,2.3407,0.0
40,40,0,40,28,0.15,65.7,5.1,217,2026-09-12 17:40:00,PT5M,4.44,9.4435,7.0734,1.8066,0.0
30,30,0,30,28,0.15,65.9,5.0,217,2026-09-12 17:45:00,PT5M,3.241,6.6725,5.047,1.435,0.0
21,21,0,21,28,0.15,66.1,5.0,217,2026-09-12 17:50:00,PT5M,2.1,3.944,3.0705,1.1295,0.256
13,13,0,13,28,0.15,66.3,4.9,218,2026-09-12 17:55:00,PT5M,1.034,1.896,1.4877,0.5803,0.172
6,6,0,6,28,0.15,66.4,4.8,218,2026-09-12 18:00:00,PT5M,0.0,0.142,0.0747,0.0,0.0
0,0,0,0,28,0.15,66.6,4.7,218,2026-09-12 18:05:00,PT5M,0.0,0.0,0.0,0.0,0.0
0,0,0,0,28,0.15,66.8,4.7,219,2026-09-12 18:10:00,PT5M,0.0,0.0,0.0,0.0,0.0
0,0,0,0,28,0.15,67.0,4.6,219,2026-09-12 18:15:00,PT5M,0.0,0.0,0.0,0.0,0.0
0,0,0,0,28,0.15,67.2,4.5,219,2026-09-12 18:20:00,PT5M,0.0,0.0,0.0,0.0,0.0
0,0,0,0,28,0.15,67.4,4.4,220,2026-09-12 18:25:00,PT5M,0.0,0.0,0.0,0.0,0.0
0,0,0,0,28,0.15,67.6,4.4,220,2026-09-12 18:30:00,PT5M,0.0,0.0,0.0,0.0,0.0
0,0,0,0,28,0.15,67.7,4.3,221,2026-09-12 18:35:00,PT5M,0.0,0.0,0.0,0.0,0.0
0,0,0,0,28,0.15,67.7,4.3,221,2026-09-12 18:40:00,PT5M,0.0,0.0,0.0,0.0,0.0
0,0,0,0,28,0.15,67.6,4.3,222,2026-09-12 18:45:00,PT5M,0.0,0.0,0.0,0.0,0.0
0,0,0,0,28,0.15,67.6,4.2,223,2026-09-12 18:50:00,PT5M,0.0,0.0,0.0,0.0,0.0
0,0,0,0,28,0.15,67.6,4.2,224,2026-09-12 18:55:00,PT5M,0.0,0.0,0.0,0.0,0.0
0,0,0,0,28,0.15,67.5,4.2,225,2026-09-12 19:00:00,PT5M,0.0,0.0,0.0,0.0,0.0
0,0,0,0,28,0.15,67.5,4.2,225,2026-09-12 19:05:00,PT5M,0.0,0.0,0.0,0.0,0.0
0,0,0,0,28,0.15,67.5,4.1,226,2026-09-12 19:10:00,PT5M,0.0,0.0,0.0,0.0,0.0
0,0,0,0,28,0.15,67.4,4.1,227,2026-09-12 19:15:00,PT5M,0.0,0.0,0.0,0.0,0.0
0,0,0,0,28,0.15,67.4,4.1,228,2026-09-12 19:20:00,PT5M,0.0,0.0,0.0,0.0,0.0
0,0,0,0,28,0.15,67.4,4.1,229,2026-09-12 19:25:00,PT5M,0.0,0.0,0.0,0.0,0.0
0,0,0,0,28,0.15,67.3,4.1,230,2026-09-12 19:30:00,PT5M,0.0,0.0,0.0,0.0,0.0
0,0,0,0,28,0.15,67.5,4.0,230,2026-09-12 19:35:00,PT5M,0.0,0.0,0.0,0.0,0.0
0,0,0,0,27,0.15,67.9,4.0,231,2026-09-12 19:40:00,PT5M,0.0,0.0,0.0,0.0,0.0
0,0,0,0,27,0.15,68.2,4.0,231,2026-09-12 19:45:00,PT5M,0.0,0.0,0.0,0.0,0.0
0,0,0,0,27,0.15,68.6,3.9,231,2026-09-12 19:50:00,PT5M,0.0,0.0,0.0,0.0,0.0
0,0,0,0,27,0.15,69.0,3.9,232,2026-09-12 19:55:00,PT5M,0.0,0.0,0.0,0.0,0.0
0,0,0,0,27,0.15,69.4,3.9,232,2026-09-12 20:00:00,PT5M,0.0,0.0,0.0,0.0,0.0
0,0,0,0,27,0.15,69.7,3.8,233,2026-09-12 20:05:00,PT5M,0.0,0.0,0.0,0.0,0.0
0,0,0,0,27,0.15,70.1,3.8,233,2026-09-12 20:10:00,PT5M,0.0,0.0,0.0,0.0,0.0
0,0,0,0,27,0.15,70.5,3.8,233,2026-09-12 20:15:00,PT5M,0.0,0.0,0.0,0.0,0.0
0,0,0,0,27,0.15,70.9,3.7,234,2026-09-12 20:20:00,PT5M,0.0,0.0,0.0,0.0,0.0
0,0,0,0,27,0.15,71.3,3.7,234,2026-09-12 20:25:00,PT5M,0.0,0.0,0.0,0.0,0.0
0,0,0,0,27,0.15,71.7,3.7,235,2026-09-12 20:30:00,PT5M,0.0,0.0,0.0,0.0,0.0
0,0,0,0,27,0.15,72.1,3.6,235,2026-09-12 20:35:00,PT5M,0.0,0.0,0.0,0.0,0.0
0,0,0,0,27,0.15,72.5,3.6,235,2026-09-12 20:40:00,PT5M,0.0,0.0,0.0,0.0,0.0
0,0,0,0,27,0.15,72.9,3.6,235,2026-09-12 20:45:00,PT5M,0.0,0.0,0.0,0.0,0.0
0,0,0,0,27,0.15,73.3,3.5,234,2026-09-12 20:50:00,PT5M,0.0,0.0,0.0,0.0,0.0
0,0,0,0,27,0.15,73.7,3.5,234,2026-09-12 20:55:00,PT5M,0.0,0.0,0.0,0.0,0.0
0,0,0,0,27,0.15,74.1,3.5,234,2026-09-12 21:00:00,PT5M,0.0,0.0,0.0,0.0,0.0
0,0,0,0,26,0.15,74.5,3.5,234,2026-09-12 21:05:00,PT5M,0.0,0.0,0.0,0.0,0.0
0,0,0,0,26,0.15,74.9,3.4,233,2026-09-12 21:10:00,PT5M,0.0,0.0,0.0,0.0,0.0
0,0,0,0,26,0.15,75.3,3.4,233,2026-09-12 21:15:00,PT5M,0.0,0.0,0.0,0.0,0.0
0,0,0,0,26,0.15,75.7,3.4,233,2026-09-12 21:20:00,PT5M,0.0,0.0,0.0,0.0,0.0
0,0,0,0,26,0.15,76.1,3.3,233,2026-09-12 21:25:00,PT5M,0.0,0.0,0.0,0.0,0.0
0,0,0,0,26,0.15,76.6,3.3,233,2026-09-12 21:30:00,PT5M,0.0,0.0,0.0,0.0,0.0
0,0,0,0,26,0.15,76.8,3.3,232,2026-09-12 21:35:00,PT5M,0.0,0.0,0.0,0.0,0.0
0,0,0,0,26,0.15,76.9,3.3,231,2026-09-12 21:40:00,PT5M,0.0,0.0,0.0,0.0,0.0
0,0,0,0,26,0.15,77.1,3.3,231,2026-09-12 21:45:00,PT5M,0.0,0.0,0.0,0.0,0.0
0,0,0,0,26,0.15,77.2,3.3,230,2026-09-12 21:50:00,PT5M,0.0,0.0,0.0,0.0,0.0
0,0,0,0,26,0.15,77.3,3.3,229,2026-09-12 21:55:00,PT5M,0.0,0.0,0.0,0.0,0.0
0,0,0,0,26,0.15,77.4,3.4,228,2026-09-12 22:00:00,PT5M,0.0,0.0,0.0,0.0,0.0
0,0,0,0,26,0.15,77.5,3.4,228,2026-09-12 22:05:00,PT5M,0.0,0.0,0.0,0.0,0.0
0,0,0,0,26,0.15,77.6,3.4,227,2026-09-12 22:10:00,PT5M,0.0,0.0,0.0,0.0,0.0
0,0,0,0,26,0.15,77.7,3.4,226,2026-09-12 22:15:00,PT5M,0.0,0.0,0.0,0.0,0.0
0,0,0,0,26,0.15,77.9,3.4,226,2026-09-12 22:20:00,PT5M,0.0,0.0,0.0,0.0,0.0
0,0,0,0,26,0.15,78.0,3.4,225,2026-09-12 22:25:00,PT5M,0.0,0.0,0.0,0.0,0.0
0,0,0,0,26,0.15,78.1,3.5,224,2026-09-12 22:30:00,PT5M,0.0,0.0,0.0,0.0,0.0
0,0,0,0,26,0.15,78.1,3.5,224,2026-09-12 22:35:00,PT5M,0.0,0.0,0.0,0.0,0.0
0,0,0,0,26,0.15,78.1,3.5,224,2026-09-12 22:40:00,PT5M,0.0,0.0,0.0,0.0,0.0
0,0,0,0,26,0.15,78.1,3.5,224,2026-09-12 22:45:00,PT5M,0.0,0.0,0.0,0.0,0.0
0,0,0,0,26,0.15,78.1,3.5,224,2026-09-12 22:50:00,PT5M,0.0,0.0,0.0,0.0,0.0
0,0,0,0,26,0.15,78.1,3.5,224,2026-09-12 22:55:00,PT5M,0.0,0.0,0.0,0.0,0.0
0,0,0,0,26,0.15,78.1,3.5,224,2026-09-12 23:00:00,PT5M,0.0,0.0,0.0,0.0,0.0
0,0,0,0,26,0.15,78.1,3.5,224,2026-09-12 23:05:00,PT5M,0.0,0.0,0.0,0.0,0.0
0,0,0,0,26,0.15,78.1,3.5,225,2026-09-12 23:10:00,PT5M,0.0,0.0,0.0,0.0,0.0
0,0,0,0,26,0.15,78.1,3.5,225,2026-09-12 23:15:00,PT5M,0.0,0.0,0.0,0.0,0.0
0,0,0,0,26,0.15,78.1,3.5,225,2026-09-12 23:20:00,PT5M,0.0,0.0,0.0,0.0,0.0
0,0,0,0,26,0.15,78.1,3.5,225,2026-09-12 23:25:00,PT5M,0.0,0.0,0.0,0.0,0.0
0,0,0,0,26,0.15,78.1,3.5,225,2026-09-12 23:30:00,PT5M,0.0,0.0,0.0,0.0,0.0
0,0,0,0,26,0.15,78.1,3.5,225,2026-09-12 23:35:00,PT5M,0.0,0.0,0.0,0.0,0.0
0,0,0,0,26,0.15,78.1,3.5,224,2026-09-12 23:40:00,PT5M,0.0,0.0,0.0,0.0,0.0
0,0,0,0,26,0.15,78.1,3.4,224,2026-09-12 23:45:00,PT5M,0.0,0.0,0.0,0.0,0.0
0,0,0,0,26,0.15,78.1,3.4,223,2026-09-12 23:50:00,PT5M,0.0,0.0,0.0,0.0,0.0
0,0,0,0,26,0.15,78.1,3.4,222,2026-09-12 23:55:00,PT5M,0.0,0.0,0.0,0.0,0.0
0,0,0,0,26,0.15,78.1,3.3,222,2026-09-13 00:00:00,PT5M,0.0,0.0,0.0,0.0,0.0
0,0,0,0,25,0.15,78.1,3.3,221,2026-09-13 00:05:00,PT5M,0.0,0.0,0.0,0.0,0.0
0,0,0,0,25,0.15,78.1,3.3,220,2026-09-13 00:10:00,PT5M,0.0,0.0,0.0,0.0,0.0
0,0,0,0,25,0.15,78.1,3.2,220,2026-09-13 00:15:00,PT5M,0.0,0.0,0.0,0.0,0.0
0,0,0,0,25,0.15,78.1,3.2,219,2026-09-13 00:20:00,PT5M,0.0,0.0,0.0,0.0,0.0
0,0,0,0,25,0.15,78.1,3.2,218,2026-09-13 00:25:00,PT5M,0.0,0.0,0.0,0.0,0.0
0,0,0,0,25,0.15,78.1,3.2,218,2026-09-13 00:30:00,PT5M,0.0,0.0,0.0,0.0,0.0
0,0,0,0,25,0.15,78.1,3.1,217,2026-09-13 00:35:00,PT5M,0.0,0.0,0.0,0.0,0.0
0,0,0,0,25,0.15,78.1,3.2,217,2026-09-13 00:40:00,PT5M,0.0,0.0,0.0,0.0,0.0
0,0,0,0,25,0.15,78.1,3.2,218,2026-09-13 00:45:00,PT5M,0.0,0.0,0.0,0.0,0.0
0,0,0,0,25,0.15,78.1,3.2,218,2026-09-13 00:50:00,PT5M,0.0,0.0,0.0,0.0,0.0
0,0,0,0,25,0.15,78.0,3.2,218,2026-09-13 00:55:00,PT5M,0.0,0.0,0.0,0.0,0.0
0,0,0,0,25,0.15,78.0,3.2,218,2026-09-13 01:00:00,PT5M,0.0,0.0,0.0,0.0,0.0
0,0,0,0,25,0.15,78.0,3.2,218,2026-09-13 01:05:00,PT5M,0.0,0.0,0.0,0.0,0.0
0,0,0,0,25,0.15,78.0,3.3,218,2026-09-13 01:10:00,PT5M,0.0,0.0,0.0,0.0,0.0
0,0,0,0,25,0.15,78.0,3.3,218,2026-09-13 01:15:00,PT5M,0.0,0.0,0.0,0.0,0.0
0,0,0,0,25,0.15,78.0,3.3,219,2026-09-13 01:20:00,PT5M,0.0,0.0,0.0,0.0,0.0
0,0,0,0,25,0.15,78.0,3.3,219,2026-09-13 01:25:00,PT5M,0.0,0.0,0.0,0.0,0.0
0,0,0,0,25,0.15,78.0,3.3,219,2026-09-13 01:30:00,PT5M,0.0,0.0,0.0,0.0,0.0
0,0,0,0,25,0.15,78.1,3.3,219,2026-09-13 01:35:00,PT5M,0.0,0.0,0.0,0.0,0.0
0,0,0,0,25,0.15,78.4,3.3,219,2026-09-13 01:40:00,PT5M,0.0,0.0,0.0,0.0,0.0
0,0,0,0,25,0.15,78.6,3.3,219,2026-09-13 01:45:00,PT5M,0.0,0.0,0.0,0.0,0.0
0,0,0,0,25,0.15,78.9,3.3,219,2026-09-13 01:50:00,PT5M,0.0,0.0,0.0,0.0,0.0
0,0,0,0,25,0.15,79.1,3.3,218,2026-09-13 01:55:00,PT5M,0.0,0.0,0.0,0.0,0.0
0,0,0,0,25,0.15,79.3,3.3,218,2026-09-13 02:00:00,PT5M,0.0,0.0,0.0,0.0,0.0
0,0,0,0,25,0.15,79.6,3.3,218,2026-09-13 02:05:00,PT5M,0.0,0.0,0.0,0.0,0.0
0,0,0,0,25,0.15,79.8,3.3,218,2026-09-13 02:10:00,PT5M,0.0,0.0,0.0,0.0,0.0
0,0,0,0,25,0.15,80.1,3.3,218,2026-09-13 02:15:00,PT5M,0.0,0.0,0.0,0.0,0.0
0,0,0,0,25,0.15,80.3,3.3,218,2026-09-13 02:20:00,PT5M,0.0,0.0,0.0,0.0,0.0
0,0,0,0,25,0.15,80.5,3.3,218,2026-09-13 02:25:00,PT5M,0.0,0.0,0.0,0.0,0.0
0,0,0,0,25,0.15,80.8,3.3,218,2026-09-13 02:30:00,PT5M,0.0,0.0,0.0,0.0,0.0
0,0,0,0,25,0.15,81.0,3.3,218,2026-09-13 02:35:00,PT5M,0.0,0.0,0.0,0.0,0.0
0,0,0,0,25,0.15,81.1,3.3,218,2026-09-13 02:40:00,PT5M,0.0,0.0,0.0,0.0,0.0
0,0,0,0,25,0.15,81.3,3.2,219,2026-09-13 02:45:00,PT5M,0.0,0.0,0.0,0.0,0.0
0,0,0,0,25,0.15,81.5,3.2,220,2026-09-13 02:50:00,PT5M,0.0,0.0,0.0,0.0,0.0
0,0,0,0,25,0.15,81.6,3.2,220,2026-09-13 02:55:00,PT5M,0.0,0.0,0.0,0.0,0.0
0,0,0,0,25,0.15,81.8,3.2,221,2026-09-13 03:00:00,PT5M,0.0,0.0,0.0,0.0,0.0
0,0,0,0,25,0.15,82.0,3.2,221,2026-09-13 03:05:00,PT5M,0.0,0.0,0.0,0.0,0.0
0,0,0,0,25,0.15,82.1,3.2,222,2026-09-13 03:10:00,PT5M,0.0,0.0,0.0,0.0,0.0
0,0,0,0,25,0.15,82.3,3.2,223,2026-09-13 03:15:00,PT5M,0.0,0.0,0.0,0.0,0.0
0,0,0,0,25,0.15,82.5,3.1,223,2026-09-13 03:20:00,PT5M,0.0,0.0,0.0,0.0,0.0
0,0,0,0,25,0.15,82.6,3.1,224,2026-09-13 03:25:00,PT5M,0.0,0.0,0.0,0.0,0.0
0,0,0,0,25,0.15,82.8,3.1,225,2026-09-13 03:30:00,PT5M,0.0,0.0,0.0,0.0,0.0
0,0,0,0,25,0.15,82.9,3.1,225,2026-09-13 03:35:00,PT5M,0.0,0.0,0.0,0.0,0.0
0,0,0,0,25,0.15,83.0,3.1,226,2026-09-13 03:40:00,PT5M,0.0,0.0,0.0,0.0,0.0
0,0,0,0,25,0.15,83.0,3.1,226,2026-09-13 03:45:00,PT5M,0.0,0.0,0.0,0.0,0.0
0,0,0,0,25,0.15,83.0,3.1,227,2026-09-13 03:50:00,PT5M,0.0,0.0,0.0,0.0,0.0
0,0,0,0,25,0.15,83.1,3.1,227,2026-09-13 03:55:00,PT5M,0.0,0.0,0.0,0.0,0.0
0,0,0,0,25,0.15,83.1,3.1,228,2026-09-13 04:00:00,PT5M,0.0,0.0,0.0,0.0,0.0
0,0,0,0,25,0.15,83.2,3.1,229,2026-09-13 04:05:00,PT5M,0.0,0.0,0.0,0.0,0.0
0,0,0,0,25,0.15,83.2,3.1,229,2026-09-13 04:10:00,PT5M,0.0,0.0,0.0,0.0,0.0
0,0,0,0,25,0.15,83.2,3.1,230,2026-09-13 04:15:00,PT5M,0.0,0.0,0.0,0.0,0.0
0,0,0,0,25,0.15,83.3,3.1,230,2026-09-13 04:20:00,PT5M,0.0,0.0,0.0,0.0,0.0
0,0,0,0,25,0.15,83.3,3.1,231,2026-09-13 04:25:00,PT5M,0.0,0.0,0.0,0.0,0.0
0,0,0,0,25,0.15,83.4,3.1,231,2026-09-13 04:30:00,PT5M,0.0,0.0,0.0,0.0,0.0
0,0,0,0,25,0.15,83.5,3.0,232,2026-09-13 04:35:00,PT5M,0.0,0.0,0.0,0.0,0.0
0,0,0,0,25,0.15,83.6,3.0,231,2026-09-13 04:40:00,PT5M,0.0,0.0,0.0,0.0,0.0
0,0,0,0,25,0.15,83.7,2.9,231,2026-09-13 04:45:00,PT5M,0.0,0.0,0.0,0.0,0.0
0,0,0,0,24,0.15,83.8,2.9,231,2026-09-13 04:50:00,PT5M,0.0,0.0,0.0,0.0,0.0
0,0,0,0,24,0.15,84.0,2.8,231,2026-09-13 04:55:00,PT5M,0.0,0.0,0.0,0.0,0.0
0,0,0,0,24,0.15,84.1,2.8,230,2026-09-13 05:00:00,PT5M,0.0,0.0,0.0,0.0,0.0
0,0,0,0,24,0.15,84.2,2.7,230,2026-09-13 05:05:00,PT5M,0.0,0.0,0.0,0.0,0.0
0,0,0,0,24,0.15,84.3,2.7,230,2026-09-13 05:10:00,PT5M,0.0,0.0,0.0,0.0,0.0
0,0,0,0,24,0.15,84.5,2.6,229,2026-09-13 05:15:00,PT5M,0.0,0.0,0.0,0.0,0.0
0,0,0,0,24,0.15,84.6,2.5,229,2026-09-13 05:20:00,PT5M,0.0,0.0,0.0,0.0,0.0
0,0,0,0,24,0.15,84.7,2.5,229,2026-09-13 05:25:00,PT5M,0.0,0.0,0.0,0.0,0.0
0,0,0,0,24,0.15,84.9,2.4,229,2026-09-13 05:30:00,PT5M,0.0,0.0,0.0,0.0,0.0
0,0,0,0,24,0.15,84.8,2.4,228,2026-09-13 05:35:00,PT5M,0.0,0.0,0.0,0.0,0.0
0,0,0,0,24,0.15,84.6,2.4,227,2026-09-13 05:40:00,PT5M,0.0,0.0,0.0,0.0,0.0
0,0,0,0,24,0.15,84.4,2.3,226,2026-09-13 05:45:00,PT5M,0.0,0.0,0.0,0.0,0.0
0,0,0,0,24,0.15,84.2,2.3,225,2026-09-13 05:50:00,PT5M,0.0,0.0,0.0,0.0,0.0
0,0,0,0,25,0.15,84.0,2.2,225,2026-09-13 05:55:00,PT5M,0.0,0.0,0.0,0.0,0.0
0,0,0,0,25,0.15,83.8,2.2,224,2026-09-13 06:00:00,PT5M,0.0,0.0,0.0,0.0,0.0
5,5,0,5,25,0.15,83.5,2.2,223,2026-09-13 06:05:00,PT5M,0.007,0.0985,0.0552,0.0,0.0
13,13,0,13,25,0.15,83.3,2.1,222,2026-09-13 06:10:00,PT5M,1.064,1.8185,1.4611,0.6669,0.3095
22,22,0,22,25,0.15,83.1,2.1,221,2026-09-13 06:15:00,PT5M,2.255,3.8985,3.12,1.39,0.6115
32,32,2,32,25,0.15,82.9,2.1,220,2026-09-13 06:20:00,PT5M,3.58,6.606,5.1726,1.9874,0.554
43,43,30,40,25,0.15,82.7,2.0,219,2026-09-13 06:25:00,PT5M,5.401,9.942,7.791,3.011,0.86
55,55,57,48,25,0.15,82.5,2.0,217,2026-09-13 06:30:00,PT5M,7.664,13.9195,10.9563,4.3717,1.4085
68,69,87,56,25,0.15,81.9,2.0,218,2026-09-13 06:35:00,PT5M,10.442,18.5595,14.7143,6.1697,2.3245
82,84,120,63,25,0.15,81.0,2.1,220,2026-09-13 06:40:00,PT5M,13.551,23.599,18.8393,8.2627,3.503
98,100,152,71,25,0.15,80.1,2.2,221,2026-09-13 06:45:00,PT5M,17.017,28.972,23.309,10.725,5.062
114,116,185,77,25,0.15,79.2,2.3,223,2026-09-13 06:50:00,PT5M,20.727,34.534,27.9937,13.4603,6.92
131,134,217,83,26,0.15,78.3,2.4,224,2026-09-13 06:55:00,PT5M,24.647,40.312,32.8916,16.4024,8.982
149,152,250,88,26,0.15,77.4,2.5,225,2026-09-13 07:00:00,PT5M,28.865,46.4545,38.1225,19.6075,11.2755
167,170,277,94,26,0.15,76.5,2.6,226,2026-09-13 07:05:00,PT5M,33.045,52.6455,43.3609,22.7291,13.4445
185,188,301,99,26,0.15,75.6,2.7,227,2026-09-13 07:10:00,PT5M,37.355,59.013,48.7538,25.9562,15.697
203,207,324,104,26,0.15,74.8,2.8,228,2026-09-13 07:15:00,PT5M,41.792,65.5235,54.2821,29.3019,18.0605
222,225,347,108,26,0.15,73.9,2.9,229,2026-09-13 07:20:00,PT5M,46.351,72.159,59.9339,32.7681,20.543
241,244,369,112,27,0.15,73.1,3.0,230,2026-09-13 07:25:00,PT5M,51.002,78.88,65.6744,36.3296,23.124
261,264,391,116,27,0.15,72.3,3.1,231,2026-09-13 07:30:00,PT5M,55.749,85.687,71.5056,39.9924,25.811
279,283,408,120,27,0.15,71.3,3.2,232,2026-09-13 07:35:00,PT5M,60.213,92.223,77.0601,43.3659,28.203
297,300,420,125,27,0.15,70.0,3.3,232,2026-09-13 07:40:00,PT5M,64.344,98.477,82.3084,46.3796,30.211
315,318,431,130,28,0.15,68.8,3.3,232,2026-09-13 07:45:00,PT5M,67.99,100.0,86.8892,49.0908,32.081
333,336,442,134,28,0.15,67.6,3.3,233,2026-09-13 07:50:00,PT5M,69.984,100.0,89.1468,50.8212,33.574
351,354,453,139,28,0.15,66.4,3.4,233,2026-09-13 07:55:00,PT5M,71.902,100.0,91.3056,52.4984,35.0345
369,372,463,143,28,0.15,65.2,3.4,234,2026-09-13 08:00:00,PT5M,73.734,100.0,93.3879,54.0801,36.391
386,390,473,147,28,0.15,64.1,3.4,234,2026-09-13 08:05:00,PT5M,75.469,100.0,95.3084,55.6296,37.7735
404,407,482,151,29,0.15,62.9,3.5,235,2026-09-13 08:10:00,PT5M,77.092,100.0,97.0822,57.1018,39.11
422,425,491,155,29,0.15,61.8,3.5,235,2026-09-13 08:15:00,PT5M,78.591,100.0,98.6922,58.4898,40.398
439,442,500,159,29,0.15,60.7,3.5,235,2026-09-13 08:20:00,PT5M,79.958,100.0,100.0,59.7886,41.6355
456,460,508,162,29,0.15,59.7,3.6,236,2026-09-13 08:25:00,PT5M,81.163,100.0,100.0,60.9796,42.814
473,477,515,166,30,0.15,58.6,3.6,236,2026-09-13 08:30:00,PT5M,82.268,100.0,100.0,62.1039,43.9555
489,493,520,170,30,0.15,57.6,3.6,237,2026-09-13 08:35:00,PT5M,83.086,100.0,100.0,62.925,44.7795
504,507,521,175,30,0.15,56.6,3.6,237,2026-09-13 08:40:00,PT5M,83.631,100.0,100.0,63.4508,45.288
518,522,522,181,30,0.15,55.6,3.5,238,2026-09-13 08:45:00,PT5M,84.133,100.0,100.0,63.9418,45.769
533,536,522,186,30,0.15,54.7,3.5,238,2026-09-13 08:50:00,PT5M,84.594,100.0,100.0,64.3962,46.2175
546,549,523,191,31,0.15,53.7,3.5,239,2026-09-13 08:55:00,PT5M,85.023,100.0,100.0,64.8412,46.677
560,562,523,196,31,0.15,52.8,3.5,239,2026-09-13 09:00:00,PT5M,85.424,100.0,100.0,65.3878,47.3545
573,576,524,201,31,0.15,51.9,3.5,240,2026-09-13 09:05:00,PT5M,85.875,100.0,100.0,65.9835,48.0805
586,589,525,205,31,0.15,51.0,3.4,241,2026-09-13 09:10:00,PT5M,86.348,100.0,100.0,66.5989,48.824
599,602,526,209,31,0.15,50.1,3.4,241,2026-09-13 09:15:00,PT5M,86.794,100.0,100.0,67.183,49.5325
612,615,527,214,32,0.15,49.2,3.4,242,2026-09-13 09:20:00,PT5M,87.249,100.0,100.0,67.7712,50.2405
624,627,528,218,32,0.15,48.4,3.4,242,2026-09-13 09:25:00,PT5M,87.64,100.0,100.0,68.2908,50.876
636,639,529,222,32,0.15,47.5,3.4,243,2026-09-13 09:30:00,PT5M,88.007,100.0,100.0,68.7815,51.478
648,650,530,226,32,0.15,46.8,3.3,244,2026-09-13 09:35:00,PT5M,88.418,100.0,100.0,69.3288,52.148
660,662,532,230,33,0.15,46.2,3.3,244,2026-09-13 09:40:00,PT5M,88.874,100.0,100.0,69.934,52.8875
671,674,533,233,33,0.15,45.6,3.3,245,2026-09-13 09:45:00,PT5M,89.275,100.0,100.0,70.4787,53.5615
682,684,534,237,33,0.15,45.0,3.2,245,2026-09-13 09:50:00,PT5M,89.628,100.0,100.0,70.9696,54.1765
692,695,534,241,33,0.15,44.4,3.2,246,2026-09-13 09:55:00,PT5M,89.962,100.0,100.0,71.4376,54.765
702,705,535,244,33,0.15,43.9,3.2,246,2026-09-13 10:00:00,PT5M,90.278,100.0,100.0,71.8828,55.3265
712,714,535,248,33,0.15,43.3,3.1,247,2026-09-13 10:05:00,PT5M,90.572,100.0,100.0,72.2997,55.854
721,723,535,251,34,0.15,42.7,3.1,248,2026-09-13 10:10:00,PT5M,90.846,100.0,100.0,72.6918,56.3525
730,732,535,255,34,0.15,42.2,3.1,248,2026-09-13 10:15:00,PT5M,91.099,100.0,100.0,73.0582,56.821
738,741,535,258,34,0.15,41.7,3.0,249,2026-09-13 10:20:00,PT5M,91.332,100.0,100.0,73.4002,57.261
746,748,535,261,34,0.15,41.1,3.0,249,2026-09-13 10:25:00,PT5M,91.547,100.0,100.0,73.7199,57.675
754,756,535,264,34,0.15,40.6,3.0,250,2026-09-13 10:30:00,PT5M,91.746,100.0,100.0,74.0197,58.0655
759,761,530,269,34,0.15,40.1,2.9,251,2026-09-13 10:35:00,PT5M,91.62,100.0,100.0,73.9295,58.0075
760,762,518,277,35,0.15,39.7,2.9,253,2026-09-13 10:40:00,PT5M,91.233,100.0,100.0,73.5114,57.5615
761,763,508,285,35,0.15,39.3,2.8,254,2026-09-13 10:45:00,PT5M,90.787,100.0,100.0,73.0286,57.0455
762,764,497,292,35,0.15,38.9,2.7,256,2026-09-13 10:50:00,PT5M,90.329,100.0,100.0,72.5264,56.5035
762,764,486,299,35,0.15,38.5,2.7,257,2026-09-13 10:55:00,PT5M,89.854,100.0,100.0,71.9993,55.9295
762,763,475,306,35,0.15,38.1,2.6,259,2026-09-13 11:00:00,PT5M,89.352,100.0,100.0,71.4297,55.299
761,762,464,313,35,0.15,37.7,2.6,261,2026-09-13 11:05:00,PT5M,88.835,100.0,100.0,70.8377,54.6395
759,761,453,320,35,0.15,37.3,2.5,263,2026-09-13 11:10:00,PT5M,88.321,100.0,100.0,70.2558,53.9965
758,759,442,326,36,0.15,36.9,2.5,265,2026-09-13 11:15:00,PT5M,87.797,100.0,100.0,69.6618,53.3395
755,757,432,333,36,0.15,36.5,2.4,267,2026-09-13 11:20:00,PT5M,87.247,100.0,100.0,69.0289,52.632
752,754,421,339,36,0.15,36.1,2.4,269,2026-09-13 11:25:00,PT5M,86.679,100.0,100.0,68.3711,51.8935
749,751,411,345,36,0.15,35.8,2.3,271,2026-09-13 11:30:00,PT5M,86.092,100.0,100.0,67.6889,51.1255
745,747,399,350,36,0.15,35.5,2.3,273,2026-09-13 11:35:00,PT5M,85.443,100.0,100.0,66.9307,50.269
740,742,388,356,36,0.15,35.2,2.3,273,2026-09-13 11:40:00,PT5M,84.729,100.0,100.0,66.0938,49.3215
735,736,376,362,36,0.15,35.0,2.2,274,2026-09-13 11:45:00,PT5M,83.994,100.0,100.0,65.2314,48.3445
728,730,364,367,36,0.15,34.7,2.2,274,2026-09-13 11:50:00,PT5M,83.206,100.0,100.0,64.3095,47.302
722,723,352,372,36,0.15,34.5,2.2,275,2026-09-13 11:55:00,PT5M,82.498,100.0,100.0,63.4636,46.332
715,716,340,377,37,0.15,34.2,2.2,275,2026-09-13 12:00:00,PT5M,81.686,100.0,100.0,62.5103,45.2515
708,709,329,381,37,0.15,34.0,2.1,276,2026-09-13 12:05:00,PT5M,80.893,100.0,100.0,61.5725,44.1835
700,701,317,385,37,0.15,33.7,2.1,276,2026-09-13 12:10:00,PT5M,80.117,100.0,99.5854,60.6486,43.1265
692,693,306,388,37,0.15,33.5,2.1,277,2026-09-13 12:15:00,PT5M,79.319,100.0,98.9382,59.6998,42.042
684,685,295,391,37,0.15,33.3,2.1,277,2026-09-13 12:20:00,PT5M,78.495,100.0,98.2673,58.7227,40.927
675,676,283,394,37,0.15,33.0,2.1,278,2026-09-13 12:25:00,PT5M,77.616,100.0,97.5459,57.6861,39.7485
665,667,272,397,37,0.15,32.8,2.0,278,2026-09-13 12:30:00,PT5M,76.708,100.0,96.7974,56.6186,38.5375
657,658,262,399,37,0.15,32.9,2.0,276,2026-09-13 12:35:00,PT5M,75.897,100.0,96.1269,55.6671,37.4595
649,650,254,400,37,0.15,33.3,1.8,270,2026-09-13 12:40:00,PT5M,75.182,100.0,95.534,54.83,36.5125
641,642,245,401,37,0.15,33.7,1.7,263,2026-09-13 12:45:00,PT5M,74.434,100.0,94.9105,53.9575,35.528
632,633,237,402,37,0.15,34.1,1.7,256,2026-09-13 12:50:00,PT5M,73.651,100.0,94.2549,53.0471,34.503
623,625,228,402,37,0.15,34.6,1.6,248,2026-09-13 12:55:00,PT5M,72.818,100.0,93.5566,52.0794,33.414
614,616,220,403,36,0.15,35.0,1.6,240,2026-09-13 13:00:00,PT5M,71.962,100.0,92.8338,51.0902,32.305
605,606,212,402,36,0.15,35.4,1.6,232,2026-09-13 13:05:00,PT5M,71.107,100.0,92.1048,50.1092,31.2105
595,597,204,402,36,0.15,35.9,1.7,225,2026-09-13 13:10:00,PT5M,70.207,100.0,91.333,49.081,30.067
585,587,196,401,36,0.15,36.3,1.8,218,2026-09-13 13:15:00,PT5M,69.252,100.0,90.5132,47.9908,28.855
575,577,188,400,36,0.15,36.8,1.9,211,2026-09-13 13:20:00,PT5M,68.258,100.0,89.6566,46.8594,27.6
565,567,180,398,36,0.15,37.3,2.0,206,2026-09-13 13:25:00,PT5M,67.228,100.0,88.7648,45.6912,26.3075
555,556,172,396,36,0.15,37.7,2.1,201,2026-09-13 13:30:00,PT5M,66.167,100.0,87.8419,44.4921,24.984
546,548,168,394,35,0.15,38.3,2.3,197,2026-09-13 13:35:00,PT5M,65.364,100.0,87.135,43.593,23.9985
540,542,167,390,35,0.15,39.0,2.5,194,2026-09-13 13:40:00,PT5M,64.823,100.0,86.6492,42.9968,23.3525
533,535,165,386,35,0.15,39.7,2.7,191,2026-09-13 13:45:00,PT5M,64.258,100.0,86.1416,42.3744,22.6785
527,528,164,382,35,0.15,40.4,3.0,189,2026-09-13 13:50:00,PT5M,63.667,100.0,85.6101,41.7239,21.9745
519,521,163,377,35,0.15,41.1,3.2,187,2026-09-13 13:55:00,PT5M,63.048,100.0,85.0532,41.0428,21.2375
512,514,161,373,35,0.15,41.8,3.4,186,2026-09-13 14:00:00,PT5M,62.4,100.0,84.4696,40.3304,20.467
504,506,160,368,34,0.15,42.6,3.6,184,2026-09-13 14:05:00,PT5M,61.723,100.0,83.8597,39.5863,19.6625
496,498,158,363,34,0.15,43.3,3.9,183,2026-09-13 14:10:00,PT5M,61.011,100.0,83.2185,38.8035,18.816
488,490,157,358,34,0.15,44.1,4.1,182,2026-09-13 14:15:00,PT5M,60.271,100.0,82.5517,37.9903,17.937
480,481,155,353,34,0.15,44.9,4.3,181,2026-09-13 14:20:00,PT5M,59.504,100.0,81.8602,37.1478,17.0265
471,472,153,348,34,0.15,45.6,4.6,180,2026-09-13 14:25:00,PT5M,58.692,100.0,81.1264,36.2576,16.066
462,463,151,342,34,0.15,46.5,4.8,179,2026-09-13 14:30:00,PT5M,57.828,100.0,80.3437,35.3123,15.0475
451,453,146,338,34,0.15,46.9,4.9,179,2026-09-13 14:35:00,PT5M,56.755,99.7375,79.377,34.133,13.7725
440,441,140,333,34,0.15,46.9,4.9,180,2026-09-13 14:40:00,PT5M,55.466,98.712,78.2267,32.7053,12.22
428,430,133,328,33,0.15,47.0,4.9,181,2026-09-13 14:45:00,PT5M,54.139,97.6505,77.0394,31.2386,10.6275
417,418,127,323,33,0.15,47.0,4.9,182,2026-09-13 14:50:00,PT5M,52.774,96.5005,75.7876,29.7604,9.0475
405,406,120,318,33,0.15,47.1,4.9,183,2026-09-13 14:55:00,PT5M,51.369,95.006,74.3355,28.4025,7.732
393,394,114,313,33,0.15,47.1,4.9,184,2026-09-13 15:00:00,PT5M,49.924,93.448,72.831,27.017,6.4
381,382,107,307,33,0.15,47.1,4.9,185,2026-09-13 15:05:00,PT5M,48.465,91.848,71.2978,25.6322,5.082
369,370,101,301,33,0.15,47.2,4.9,186,2026-09-13 15:10:00,PT5M,47.231,90.443,69.9738,24.4882,4.019
357,358,95,295,33,0.15,47.2,4.9,187,2026-09-13 15:15:00,PT5M,45.745,88.6935,68.3491,23.1409,2.7965
345,346,89,288,33,0.15,47.3,4.9,188,2026-09-13 15:20:00,PT5M,44.215,86.921,66.6915,21.7385,1.509
333,334,83,281,33,0.15,47.3,5.0,189,2026-09-13 15:25:00,PT5M,42.627,85.0575,64.9585,20.2955,0.1965
321,322,76,275,33,0.15,47.3,5.0,190,2026-09-13 15:30:00,PT5M,40.986,83.1005,63.1512,18.8208,0.0
310,311,73,267,33,0.15,47.3,5.0,192,2026-09-13 15:35:00,PT5M,39.603,81.3935,61.5976,17.6084,0.0
299,301,72,259,33,0.15,47.3,5.0,194,2026-09-13 15:40:00,PT5M,38.49,79.959,60.3154,16.6646,0.0
289,290,70,250,33,0.15,47.2,5.1,196,2026-09-13 15:45:00,PT5M,37.359,78.4535,58.9873,15.7307,0.0
278,279,69,242,33,0.15,47.2,5.1,198,2026-09-13 15:50:00,PT5M,36.213,76.846,57.5984,14.8276,0.0
268,269,67,233,33,0.15,47.1,5.1,200,2026-09-13 15:55:00,PT5M,35.022,75.121,56.1264,13.9176,0.0
257,258,65,224,33,0.15,47.1,5.2,202,2026-09-13 16:00:00,PT5M,33.785,73.2825,54.5728,12.9972,0.0
246,247,63,215,33,0.15,47.0,5.3,204,2026-09-13 16:05:00,PT5M,32.5,71.339,52.9412,12.0588,0.0
234,235,61,206,33,0.15,47.0,5.3,206,2026-09-13 16:10:00,PT5M,31.168,69.301,51.2377,11.0983,0.0
223,224,59,197,33,0.15,46.9,5.4,208,2026-09-13 16:15:00,PT5M,29.79,67.1765,49.4668,10.1132,0.0
212,213,56,188,33,0.15,46.8,5.5,210,2026-09-13 16:20:00,PT5M,28.367,64.971,47.6319,9.1021,0.0
200,201,53,179,33,0.15,46.8,5.6,212,2026-09-13 16:25:00,PT5M,26.966,61.634,45.212,8.72,0.0
189,190,50,170,33,0.15,46.7,5.6,213,2026-09-13 16:30:00,PT5M,25.434,57.8605,42.5003,8.3677,0.0
178,178,46,161,33,0.15,46.9,5.7,215,2026-09-13 16:35:00,PT5M,23.804,54.0345,39.7145,7.8935,0.0
166,167,42,152,33,0.15,47.3,5.7,215,2026-09-13 16:40:00,PT5M,22.112,50.1695,36.8789,7.3451,0.0
154,155,38,142,33,0.15,47.8,5.7,216,2026-09-13 16:45:00,PT5M,20.391,46.2885,34.021,6.761,0.0
143,143,33,133,32,0.15,48.2,5.8,217,2026-09-13 16:50:00,PT5M,18.63,42.3675,31.1232,6.1368,0.0
131,132,27,124,32,0.15,48.6,5.8,218,2026-09-13 16:55:00,PT5M,16.856,38.4465,28.2192,5.4928,0.0
120,120,21,114,32,0.15,49.1,5.8,218,2026-09-13 17:00:00,PT5M,15.183,34.654,25.4307,4.9353,0.0
108,108,14,105,32,0.15,49.5,5.8,219,2026-09-13 17:05:00,PT5M,13.398,30.8065,22.5602,4.2358,0.0
96,96,4,96,32,0.15,50.0,5.9,220,2026-09-13 17:10:00,PT5M,11.52,26.959,19.6457,3.3943,0.0
84,85,0,85,32,0.15,50.4,5.9,221,2026-09-13 17:15:00,PT5M,9.952,23.4635,17.0632,2.8408,0.0
73,73,0,73,32,0.15,50.9,5.9,221,2026-09-13 17:20:00,PT5M,8.501,20.1375,14.6254,2.3766,0.0
62,62,0,62,31,0.15,51.4,6.0,222,2026-09-13 17:25:00,PT5M,7.197,16.9505,12.3303,2.0637,0.0
52,52,0,52,31,0.15,51.8,6.0,223,2026-09-13 17:30:00,PT5M,5.95,13.827,10.0957,1.8043,0.0
41,42,0,42,31,0.15,52.6,6.0,223,2026-09-13 17:35:00,PT5M,4.629,10.6785,7.8129,1.4451,0.0
32,32,0,32,31,0.15,53.6,5.9,223,2026-09-13 17:40:00,PT5M,3.429,7.818,5.739,1.119,0.0
24,24,0,24,31,0.15,54.7,5.8,222,2026-09-13 17:45:00,PT5M,2.396,5.355,3.9533,0.8387,0.0
16,16,0,16,30,0.15,55.8,5.7,222,2026-09-13 17:50:00,PT5M,1.443,3.035,2.2809,0.6051,0.0
10,10,0,10,30,0.15,56.9,5.6,222,2026-09-13 17:55:00,PT5M,0.578,1.288,0.9517,0.2043,0.0
4,4,0,4,30,0.15,58.1,5.6,221,2026-09-13 18:00:00,PT5M,0.0,0.075,0.0395,0.0,0.0
0,0,0,0,29,0.15,59.2,5.5,221,2026-09-13 18:05:00,PT5M,0.0,0.0,0.0,0.0,0.0
0,0,0,0,29,0.15,60.4,5.4,221,2026-09-13 18:10:00,PT5M,0.0,0.0,0.0,0.0,0.0
0,0,0,0,29,0.15,61.6,5.3,221,2026-09-13 18:15:00,PT5M,0.0,0.0,0.0,0.0,0.0
0,0,0,0,29,0.15,62.9,5.2,220,2026-09-13 18:20:00,PT5M,0.0,0.0,0.0,0.0,0.0
0,0,0,0,28,0.15,64.2,5.2,220,2026-09-13 18:25:00,PT5M,0.0,0.0,0.0,0.0,0.0
0,0,0,0,28,0.15,65.5,5.1,220,2026-09-13 18:30:00,PT5M,0.0,0.0,0.0,0.0,0.0
0,0,0,0,28,0.15,66.4,5.0,220,2026-09-13 18:35:00,PT5M,0.0,0.0,0.0,0.0,0.0
0,0,0,0,28,0.15,67.1,4.9,220,2026-09-13 18:40:00,PT5M,0.0,0.0,0.0,0.0,0.0
0,0,0,0,28,0.15,67.7,4.8,221,2026-09-13 18:45:00,PT5M,0.0,0.0,0.0,0.0,0.0
0,0,0,0,27,0.15,68.3,4.7,221,2026-09-13 18:50:00,PT5M,0.0,0.0,0.0,0.0,0.0
0,0,0,0,27,0.15,69.0,4.6,222,2026-09-13 18:55:00,PT5M,0.0,0.0,0.0,0.0,0.0
0,0,0,0,27,0.15,69.6,4.5,223,2026-09-13 19:00:00,PT5M,0.0,0.0,0.0,0.0,0.0
0,0,0,0,27,0.15,70.3,4.4,224,2026-09-13 19:05:00,PT5M,0.0,0.0,0.0,0.0,0.0
0,0,0,0,27,0.15,71.0,4.3,224,2026-09-13 19:10:00,PT5M,0.0,0.0,0.0,0.0,0.0
0,0,0,0,27,0.15,71.6,4.2,225,2026-09-13 19:15:00,PT5M,0.0,0.0,0.0,0.0,0.0
0,0,0,0,27,0.15,72.3,4.1,226,2026-09-13 19:20:00,PT5M,0.0,0.0,0.0,0.0,0.0
0,0,0,0,27,0.15,73.0,4.0,227,2026-09-13 19:25:00,PT5M,0.0,0.0,0.0,0.0,0.0
0,0,0,0,27,0.15,73.7,3.9,228,2026-09-13 19:30:00,PT5M,0.0,0.0,0.0,0.0,0.0
0,0,0,0,26,0.15,74.2,3.9,228,2026-09-13 19:35:00,PT5M,0.0,0.0,0.0,0.0,0.0
0,0,0,0,26,0.15,74.6,3.9,229,2026-09-13 19:40:00,PT5M,0.0,0.0,0.0,0.0,0.0
0,0,0,0,26,0.15,75.1,3.9,229,2026-09-13 19:45:00,PT5M,0.0,0.0,0.0,0.0,0.0
0,0,0,0,26,0.15,75.5,3.9,229,2026-09-13 19:50:00,PT5M,0.0,0.0,0.0,0.0,0.0
0,0,0,0,26,0.15,75.9,3.9,229,2026-09-13 19:55:00,PT5M,0.0,0.0,0.0,0.0,0.0
0,0,0,0,26,0.15,76.3,3.9,230,2026-09-13 20:00:00,PT5M,0.0,0.0,0.0,0.0,0.0
0,0,0,0,26,0.15,76.7,3.9,230,2026-09-13 20:05:00,PT5M,0.0,0.0,0.0,0.0,0.0
0,0,0,0,26,0.15,77.1,3.9,230,2026-09-13 20:10:00,PT5M,0.0,0.0,0.0,0.0,0.0
0,0,0,0,26,0.15,77.6,4.0,230,2026-09-13 20:15:00,PT5M,0.0,0.0,0.0,0.0,0.0
0,0,0,0,26,0.15,78.0,4.0,231,2026-09-13 20:20:00,PT5M,0.0,0.0,0.0,0.0,0.0
0,0,0,0,26,0.15,78.4,4.0,231,2026-09-13 20:25:00,PT5M,0.0,0.0,0.0,0.0,0.0
0,0,0,0,26,0.15,78.8,4.0,231,2026-09-13 20:30:00,PT5M,0.0,0.0,0.0,0.0,0.0
0,0,0,0,26,0.15,79.1,4.0,231,2026-09-13 20:35:00,PT5M,0.0,0.0,0.0,0.0,0.0
0,0,0,0,26,0.15,79.2,3.9,231,2026-09-13 20:40:00,PT5M,0.0,0.0,0.0,0.0,0.0
0,0,0,0,26,0.15,79.4,3.9,231,2026-09-13 20:45:00,PT5M,0.0,0.0,0.0,0.0,0.0
0,0,0,0,26,0.15,79.5,3.8,231,2026-09-13 20:50:00,PT5M,0.0,0.0,0.0,0.0,0.0
0,0,0,0,26,0.15,79.6,3.8,231,2026-09-13 20:55:00,PT5M,0.0,0.0,0.0,0.0,0.0
0,0,0,0,26,0.15,79.7,3.7,231,2026-09-13 21:00:00,PT5M,0.0,0.0,0.0,0.0,0.0
0,0,0,0,26,0.15,79.8,3.7,230,2026-09-13 21:05:00,PT5M,0.0,0.0,0.0,0.0,0.0
0,0,0,0,26,0.15,80.0,3.6,230,2026-09-13 21:10:00,PT5M,0.0,0.0,0.0,0.0,0.0
0,0,0,0,26,0.15,80.1,3.6,230,2026-09-13 21:15:00,PT5M,0.0,0.0,0.0,0.0,0.0
0,0,0,0,25,0.15,80.2,3.5,230,2026-09-13 21:20:00,PT5M,0.0,0.0,0.0,0.0,0.0
0,0,0,0,25,0.15,80.3,3.5,230,2026-09-13 21:25:00,PT5M,0.0,0.0,0.0,0.0,0.0
0,0,0,0,25,0.15,80.4,3.4,230,2026-09-13 21:30:00,PT5M,0.0,0.0,0.0,0.0,0.0
0,0,0,0,25,0.15,80.5,3.4,230,2026-09-13 21:35:00,PT5M,0.0,0.0,0.0,0.0,0.0
0,0,0,0,25,0.15,80.5,3.3,230,2026-09-13 21:40:00,PT5M,0.0,0.0,0.0,0.0,0.0
0,0,0,0,25,0.15,80.5,3.3,230,2026-09-13 21:45:00,PT5M,0.0,0.0,0.0,0.0,0.0
0,0,0,0,25,0.15,80.5,3.3,230,2026-09-13 21:50:00,PT5M,0.0,0.0,0.0,0.0,0.0
0,0,0,0,25,0.15,80.5,3.2,231,2026-09-13 21:55:00,PT5M,0.0,0.0,0.0,0.0,0.0
0,0,0,0,25,0.15,80.5,3.2,231,2026-09-13 22:00:00,PT5M,0.0,0.0,0.0,0.0,0.0
0,0,0,0,25,0.15,80.5,3.1,231,2026-09-13 22:05:00,PT5M,0.0,0.0,0.0,0.0,0.0
0,0,0,0,25,0.15,80.5,3.1,231,2026-09-13 22:10:00,PT5M,0.0,0.0,0.0,0.0,0.0
0,0,0,0,25,0.15,80.5,3.1,231,2026-09-13 22:15:00,PT5M,0.0,0.0,0.0,0.0,0.0
0,0,0,0,25,0.15,80.5,3.0,231,2026-09-13 22:20:00,PT5M,0.0,0.0,0.0,0.0,0.0
0,0,0,0,25,0.15,80.5,3.0,232,2026-09-13 22:25:00,PT5M,0.0,0.0,0.0,0.0,0.0
0,0,0,0,25,0.15,80.5,2.9,232,2026-09-13 22:30:00,PT5M,0.0,0.0,0.0,0.0,0.0
0,0,0,0,25,0.15,80.5,2.9,232,2026-09-13 22:35:00,PT5M,0.0,0.0,0.0,0.0,0.0
0,0,0,0,25,0.15,80.6,2.9,232,2026-09-13 22:40:00,PT5M,0.0,0.0,0.0,0.0,0.0
0,0,0,0,25,0.15,80.7,2.8,232,2026-09-13 22:45:00,PT5M,0.0,0.0,0.0,0.0,0.0
0,0,0,0,25,0.15,80.8,2.8,232,2026-09-13 22:50:00,PT5M,0.0,0.0,0.0,0.0,0.0
0,0,0,0,25,0.15,80.9,2.8,232,2026-09-13 22:55:00,PT5M,0.0,0.0,0.0,0.0,0.0
0,0,0,0,25,0.15,80.9,2.8,232,2026-09-13 23:00:00,PT5M,0.0,0.0,0.0,0.0,0.0
0,0,0,0,25,0.15,81.0,2.7,232,2026-09-13 23:05:00,PT5M,0.0,0.0,0.0,0.0,0.0
0,0,0,0,25,0.15,81.1,2.7,232,2026-09-13 23:10:00,PT5M,0.0,0.0,0.0,0.0,0.0
0,0,0,0,25,0.15,81.2,2.7,232,2026-09-13 23:15:00,PT5M,0.0,0.0,0.0,0.0,0.0
0,0,0,0,25,0.15,81.3,2.6,231,2026-09-13 23:20:00,PT5M,0.0,0.0,0.0,0.0,0.0
0,0,0,0,25,0.15,81.3,2.6,231,2026-09-13 23:25:00,PT5M,0.0,0.0,0.0,0.0,0.0
0,0,0,0,25,0.15,81.4,2.6,231,2026-09-13 23:30:00,PT5M,0.0,0.0,0.0,0.0,0.0
0,0,0,0,25,0.15,81.5,2.5,231,2026-09-13 23:35:00,PT5M,0.0,0.0,0.0,0.0,0.0
0,0,0,0,25,0.15,81.5,2.5,231,2026-09-13 23:40:00,PT5M,0.0,0.0,0.0,0.0,0.0
0,0,0,0,25,0.15,81.6,2.5,231,2026-09-13 23:45:00,PT5M,0.0,0.0,0.0,0.0,0.0
0,0,0,0,25,0.15,81.6,2.5,232,2026-09-13 23:50:00,PT5M,0.0,0.0,0.0,0.0,0.0
0,0,0,0,25,0.15,81.6,2.5,232,2026-09-13 23:55:00,PT5M,0.0,0.0,0.0,0.0,0.0
0,0,0,0,25,0.15,81.7,2.4,232,2026-09-14 00:00:00,PT5M,0.0,0.0,0.0,0.0,0.0
0,0,0,0,25,0.15,81.7,2.4,232,2026-09-14 00:05:00,PT5M,0.0,0.0,0.0,0.0,0.0
0,0,0,0,25,0.15,81.8,2.4,232,2026-09-14 00:10:00,PT5M,0.0,0.0,0.0,0.0,0.0
0,0,0,0,25,0.15,81.8,2.4,232,2026-09-14 00:15:00,PT5M,0.0,0.0,0.0,0.0,0.0
0,0,0,0,25,0.15,81.8,2.3,232,2026-09-14 00:20:00,PT5M,0.0,0.0,0.0,0.0,0.0
0,0,0,0,25,0.15,81.9,2.3,232,2026-09-14 00:25:00,PT5M,0.0,0.0,0.0,0.0,0.0
0,0,0,0,25,0.15,81.9,2.3,232,2026-09-14 00:30:00,PT5M,0.0,0.0,0.0,0.0,0.0
0,0,0,0,25,0.15,82.0,2.3,232,2026-09-14 00:35:00,PT5M,0.0,0.0,0.0,0.0,0.0
0,0,0,0,25,0.15,82.1,2.2,232,2026-09-14 00:40:00,PT5M,0.0,0.0,0.0,0.0,0.0
0,0,0,0,25,0.15,82.1,2.2,231,2026-09-14 00:45:00,PT5M,0.0,0.0,0.0,0.0,0.0
0,0,0,0,25,0.15,82.2,2.2,231,2026-09-14 00:50:00,PT5M,0.0,0.0,0.0,0.0,0.0
0,0,0,0,25,0.15,82.3,2.1,230,2026-09-14 00:55:00,PT5M,0.0,0.0,0.0,0.0,0.0
0,0,0,0,25,0.15,82.4,2.1,230,2026-09-14 01:00:00,PT5M,0.0,0.0,0.0,0.0,0.0
0,0,0,0,25,0.15,82.5,2.1,230,2026-09-14 01:05:00,PT5M,0.0,0.0,0.0,0.0,0.0
0,0,0,0,25,0.15,82.5,2.0,229,2026-09-14 01:10:00,PT5M,0.0,0.0,0.0,0.0,0.0
0,0,0,0,25,0.15,82.6,2.0,229,2026-09-14 01:15:00,PT5M,0.0,0.0,0.0,0.0,0.0
0,0,0,0,25,0.15,82.7,2.0,228,2026-09-14 01:20:00,PT5M,0.0,0.0,0.0,0.0,0.0
0,0,0,0,25,0.15,82.8,2.0,228,2026-09-14 01:25:00,PT5M,0.0,0.0,0.0,0.0,0.0
0,0,0,0,25,0.15,82.9,1.9,227,2026-09-14 01:30:00,PT5M,0.0,0.0,0.0,0.0,0.0
0,0,0,0,25,0.15,83.0,1.9,227,2026-09-14 01:35:00,PT5M,0.0,0.0,0.0,0.0,0.0
0,0,0,0,25,0.15,83.0,1.9,226,2026-09-14 01:40:00,PT5M,0.0,0.0,0.0,0.0,0.0
0,0,0,0,25,0.15,83.1,1.9,225,2026-09-14 01:45:00,PT5M,0.0,0.0,0.0,0.0,0.0
0,0,0,0,25,0.15,83.2,1.8,225,2026-09-14 01:50:00,PT5M,0.0,0.0,0.0,0.0,0.0
0,0,0,0,25,0.15,83.3,1.8,224,2026-09-14 01:55:00,PT5M,0.0,0.0,0.0,0.0,0.0
0,0,0,0,25,0.15,83.4,1.8,223,2026-09-14 02:00:00,PT5M,0.0,0.0,0.0,0.0,0.0
0,0,0,0,25,0.15,83.4,1.8,222,2026-09-14 02:05:00,PT5M,0.0,0.0,0.0,0.0,0.0
0,0,0,0,25,0.15,83.5,1.7,221,2026-09-14 02:10:00,PT5M,0.0,0.0,0.0,0.0,0.0
0,0,0,0,25,0.15,83.6,1.7,221,2026-09-14 02:15:00,PT5M,0.0,0.0,0.0,0.0,0.0
0,0,0,0,25,0.15,83.7,1.7,220,2026-09-14 02:20:00,PT5M,0.0,0.0,0.0,0.0,0.0
0,0,0,0,24,0.15,83.8,1.7,219,2026-09-14 02:25:00,PT5M,0.0,0.0,0.0,0.0,0.0
0,0,0,0,24,0.15,83.9,1.7,218,2026-09-14 02:30:00,PT5M,0.0,0.0,0.0,0.0,0.0
0,0,0,0,24,0.15,84.0,1.6,217,2026-09-14 02:35:00,PT5M,0.0,0.0,0.0,0.0,0.0
0,0,0,0,24,0.15,84.1,1.6,217,2026-09-14 02:40:00,PT5M,0.0,0.0,0.0,0.0,0.0
0,0,0,0,24,0.15,84.2,1.6,217,2026-09-14 02:45:00,PT5M,0.0,0.0,0.0,0.0,0.0
0,0,0,0,24,0.15,84.3,1.6,217,2026-09-14 02:50:00,PT5M,0.0,0.0,0.0,0.0,0.0
0,0,0,0,24,0.15,84.5,1.6,217,2026-09-14 02:55:00,PT5M,0.0,0.0,0.0,0.0,0.0
0,0,0,0,24,0.15,84.6,1.6,216,2026-09-14 03:00:00,PT5M,0.0,0.0,0.0,0.0,0.0
0,0,0,0,24,0.15,84.7,1.6,216,2026-09-14 03:05:00,PT5M,0.0,0.0,0.0,0.0,0.0
0,0,0,0,24,0.15,84.8,1.6,216,2026-09-14 03:10:00,PT5M,0.0,0.0,0.0,0.0,0.0
0,0,0,0,24,0.15,85.0,1.6,216,2026-09-14 03:15:00,PT5M,0.0,0.0,0.0,0.0,0.0
0,0,0,0,24,0.15,85.1,1.6,215,2026-09-14 03:20:00,PT5M,0.0,0.0,0.0,0.0,0.0
0,0,0,0,24,0.15,85.2,1.6,215,2026-09-14 03:25:00,PT5M,0.0,0.0,0.0,0.0,0.0
0,0,0,0,24,0.15,85.4,1.6,215,2026-09-14 03:30:00,PT5M,0.0,0.0,0.0,0.0,0.0
0,0,0,0,24,0.15,85.4,1.6,215,2026-09-14 03:35:00,PT5M,0.0,0.0,0.0,0.0,0.0
0,0,0,0,24,0.15,85.5,1.6,217,2026-09-14 03:40:00,PT5M,0.0,0.0,0.0,0.0,0.0
0,0,0,0,24,0.15,85.5,1.6,218,2026-09-14 03:45:00,PT5M,0.0,0.0,0.0,0.0,0.0
0,0,0,0,24,0.15,85.6,1.6,219,2026-09-14 03:50:00,PT5M,0.0,0.0,0.0,0.0,0.0
0,0,0,0,24,0.15,85.6,1.6,221,2026-09-14 03:55:00,PT5M,0.0,0.0,0.0,0.0,0.0
0,0,0,0,24,0.15,85.7,1.6,222,2026-09-14 04:00:00,PT5M,0.0,0.0,0.0,0.0,0.0
0,0,0,0,24,0.15,85.7,1.6,223,2026-09-14 04:05:00,PT5M,0.0,0.0,0.0,0.0,0.0
0,0,0,0,24,0.15,85.7,1.6,224,2026-09-14 04:10:00,PT5M,0.0,0.0,0.0,0.0,0.0
0,0,0,0,24,0.15,85.8,1.7,226,2026-09-14 04:15:00,PT5M,0.0,0.0,0.0,0.0,0.0
0,0,0,0,24,0.15,85.8,1.7,227,2026-09-14 04:20:00,PT5M,0.0,0.0,0.0,0.0,0.0
0,0,0,0,24,0.15,85.9,1.7,228,2026-09-14 04:25:00,PT5M,0.0,0.0,0.0,0.0,0.0
0,0,0,0,24,0.15,85.9,1.7,229,2026-09-14 04:30:00,PT5M,0.0,0.0,0.0,0.0,0.0
0,0,0,0,24,0.15,86.0,1.7,230,2026-09-14 04:35:00,PT5M,0.0,0.0,0.0,0.0,0.0
0,0,0,0,24,0.15,86.1,1.7,230,2026-09-14 04:40:00,PT5M,0.0,0.0,0.0,0.0,0.0
0,0,0,0,24,0.15,86.1,1.7,230,2026-09-14 04:45:00,PT5M,0.0,0.0,0.0,0.0,0.0
0,0,0,0,24,0.15,86.2,1.7,231,2026-09-14 04:50:00,PT5M,0.0,0.0,0.0,0.0,0.0
0,0,0,0,24,0.15,86.3,1.7,231,2026-09-14 04:55:00,PT5M,0.0,0.0,0.0,0.0,0.0
0,0,0,0,24,0.15,86.4,1.7,231,2026-09-14 05:00:00,PT5M,0.0,0.0,0.0,0.0,0.0
0,0,0,0,24,0.15,86.5,1.7,231,2026-09-14 05:05:00,PT5M,0.0,0.0,0.0,0.0,0.0
0,0,0,0,24,0.15,86.6,1.7,231,2026-09-14 05:10:00,PT5M,0.0,0.0,0.0,0.0,0.0
0,0,0,0,24,0.15,86.7,1.7,232,2026-09-14 05:15:00,PT5M,0.0,0.0,0.0,0.0,0.0
0,0,0,0,24,0.15,86.8,1.7,232,2026-09-14 05:20:00,PT5M,0.0,0.0,0.0,0.0,0.0
0,0,0,0,24,0.15,86.8,1.6,232,2026-09-14 05:25:00,PT5M,0.0,0.0,0.0,0.0,0.0
0,0,0,0,24,0.15,86.9,1.6,232,2026-09-14 05:30:00,PT5M,0.0,0.0,0.0,0.0,0.0
0,0,0,0,24,0.15,86.9,1.6,233,2026-09-14 05:35:00,PT5M,0.0,0.0,0.0,0.0,0.0
0,0,0,0,24,0.15,86.6,1.6,234,2026-09-14 05:40:00,PT5M,0.0,0.0,0.0,0.0,0.0
0,0,0,0,24,0.15,86.4,1.6,235,2026-09-14 05:45:00,PT5M,0.0,0.0,0.0,0.0,0.0
0,0,0,0,24,0.15,86.2,1.6,237,2026-09-14 05:50:00,PT5M,0.0,0.0,0.0,0.0,0.0
0,0,0,0,24,0.15,86.0,1.5,238,2026-09-14 05:55:00,PT5M,0.0,0.0,0.0,0.0,0.0
0,0,0,0,24,0.15,85.8,1.5,239,2026-09-14 06:00:00,PT5M,0.0,0.0,0.0,0.0,0.0
5,5,0,5,24,0.15,85.6,1.5,241,2026-09-14 06:05:00,PT5M,0.0,0.096,0.0505,0.0,0.0
11,11,0,11,24,0.15,85.4,1.5,242,2026-09-14 06:10:00,PT5M,0.859,1.5815,1.2393,0.4787,0.1365
19,19,0,19,24,0.15,85.1,1.5,244,2026-09-14 06:15:00,PT5M,1.864,3.34,2.6408,1.0872,0.388
27,27,0,27,24,0.15,84.9,1.4,245,2026-09-14 06:20:00,PT5M,2.95,5.5295,4.3076,1.5924,0.3705
37,37,0,37,24,0.15,84.7,1.4,247,2026-09-14 06:25:00,PT5M,4.105,7.917,6.1113,2.0987,0.293
47,47,0,47,24,0.15,84.5,1.4,248,2026-09-14 06:30:00,PT5M,5.436,10.6875,8.1999,2.6721,0.1845
58,58,0,58,24,0.15,84.0,1.4,249,2026-09-14 06:35:00,PT5M,6.952,13.796,10.554,3.35,0.108
71,71,12,69,25,0.15,83.2,1.4,248,2026-09-14 06:40:00,PT5M,8.852,17.35,13.3246,4.3794,0.354
84,85,34,78,25,0.15,82.4,1.3,248,2026-09-14 06:45:00,PT5M,11.284,21.4455,16.6321,5.9359,1.1225
98,99,57,87,25,0.15,81.6,1.3,248,2026-09-14 06:50:00,PT5M,14.052,25.867,20.2703,7.8337,2.237
113,114,79,95,25,0.15,80.9,1.3,247,2026-09-14 06:55:00,PT5M,16.945,30.4335,24.0441,9.8459,3.4565
129,130,102,104,25,0.15,80.1,1.3,247,2026-09-14 07:00:00,PT5M,20.107,35.337,28.1227,12.0913,4.877
144,146,122,112,25,0.15,79.4,1.2,246,2026-09-14 07:05:00,PT5M,23.34,40.4555,32.348,14.332,6.2245
161,162,142,120,25,0.15,78.6,1.2,246,2026-09-14 07:10:00,PT5M,26.807,45.9185,36.8655,16.7485,7.6955
177,179,162,127,26,0.15,77.9,1.2,245,2026-09-14 07:15:00,PT5M,30.443,51.5805,41.5678,19.3182,9.3055
194,196,181,135,26,0.15,77.2,1.2,245,2026-09-14 07:20:00,PT5M,34.217,57.399,46.4179,22.0161,11.035
212,213,200,142,26,0.15,76.4,1.2,244,2026-09-14 07:25:00,PT5M,38.117,63.3485,51.3965,24.8375,12.8855
229,231,220,148,26,0.15,75.7,1.1,244,2026-09-14 07:30:00,PT5M,42.114,69.4415,56.4967,27.7313,14.7865
247,249,237,154,26,0.15,75.0,1.1,243,2026-09-14 07:35:00,PT5M,46.087,75.485,61.5594,30.6146,16.689
264,266,253,161,26,0.15,74.3,1.2,242,2026-09-14 07:40:00,PT5M,50.005,81.526,66.5947,33.4153,18.484
282,284,269,167,27,0.15,73.5,1.2,242,2026-09-14 07:45:00,PT5M,53.618,86.904,71.1367,36.0993,20.332
300,302,284,172,27,0.15,72.8,1.2,241,2026-09-14 07:50:00,PT5M,56.312,90.266,74.1822,38.4418,22.358
318,320,300,178,27,0.15,72.1,1.2,240,2026-09-14 07:55:00,PT5M,58.929,93.5065,77.1274,40.7306,24.3515
336,338,315,182,27,0.15,71.4,1.3,240,2026-09-14 08:00:00,PT5M,61.461,96.604,79.957,42.965,26.318
354,357,330,187,27,0.15,70.7,1.3,239,2026-09-14 08:05:00,PT5M,63.929,99.5865,82.6958,45.1622,28.2715
373,375,346,191,27,0.15,70.0,1.3,239,2026-09-14 08:10:00,PT5M,66.317,100.0,85.3217,47.3123,30.2075
391,394,361,195,28,0.15,69.3,1.3,238,2026-09-14 08:15:00,PT5M,68.585,100.0,87.7828,49.3872,32.1085
410,412,376,198,28,0.15,68.7,1.4,238,2026-09-14 08:20:00,PT5M,70.693,100.0,90.0372,51.3488,33.9385
428,431,391,201,28,0.15,68.0,1.4,237,2026-09-14 08:25:00,PT5M,72.683,100.0,92.1174,53.2486,35.757
446,449,405,204,28,0.15,67.4,1.4,237,2026-09-14 08:30:00,PT5M,74.567,100.0,94.0567,55.0773,37.536
463,465,414,208,28,0.15,66.8,1.4,236,2026-09-14 08:35:00,PT5M,75.904,100.0,95.4645,56.3435,38.7385
477,480,417,214,28,0.15,66.3,1.4,235,2026-09-14 08:40:00,PT5M,76.717,100.0,96.3714,57.0626,39.373
491,494,419,219,29,0.15,65.7,1.4,234,2026-09-14 08:45:00,PT5M,77.473,100.0,97.2108,57.7352,39.9705
505,507,421,225,29,0.15,65.2,1.4,233,2026-09-14 08:50:00,PT5M,78.178,100.0,97.9919,58.3641,40.531
518,521,423,230,29,0.15,64.7,1.4,232,2026-09-14 08:55:00,PT5M,78.841,100.0,98.7236,58.9584,41.0635
532,534,425,236,29,0.15,64.2,1.4,231,2026-09-14 09:00:00,PT5M,79.465,100.0,99.4094,59.5206,41.57
545,547,427,241,29,0.15,63.7,1.4,230,2026-09-14 09:05:00,PT5M,80.117,100.0,100.0,60.0984,42.081
557,559,429,246,29,0.15,63.2,1.4,229,2026-09-14 09:10:00,PT5M,80.758,100.0,100.0,60.7028,42.6525
570,572,430,251,29,0.15,62.8,1.4,228,2026-09-14 09:15:00,PT5M,81.367,100.0,100.0,61.3573,43.348
582,584,432,256,29,0.15,62.3,1.4,227,2026-09-14 09:20:00,PT5M,81.945,100.0,100.0,62.0487,44.1415
594,596,433,260,30,0.15,61.8,1.4,226,2026-09-14 09:25:00,PT5M,82.494,100.0,100.0,62.7056,44.8955
605,607,434,265,30,0.15,61.3,1.4,225,2026-09-14 09:30:00,PT5M,83.015,100.0,100.0,63.3295,45.612
616,618,435,270,30,0.15,60.7,1.4,226,2026-09-14 09:35:00,PT5M,83.496,100.0,100.0,63.9153,46.292
627,629,436,274,30,0.15,59.9,1.4,227,2026-09-14 09:40:00,PT5M,83.939,100.0,100.0,64.4656,46.939
637,639,436,279,30,0.15,59.1,1.3,228,2026-09-14 09:45:00,PT5M,84.321,100.0,100.0,64.9479,47.5115
647,648,435,284,30,0.15,58.4,1.3,229,2026-09-14 09:50:00,PT5M,84.657,100.0,100.0,65.3778,48.026
656,658,434,288,31,0.15,57.6,1.3,231,2026-09-14 09:55:00,PT5M,84.97,100.0,100.0,65.7798,48.508
665,666,433,293,31,0.15,56.9,1.3,232,2026-09-14 10:00:00,PT5M,85.261,100.0,100.0,66.1542,48.9575
673,675,433,297,31,0.15,56.1,1.2,234,2026-09-14 10:05:00,PT5M,85.527,100.0,100.0,66.4965,49.3685
681,682,431,302,31,0.15,55.4,1.2,235,2026-09-14 10:10:00,PT5M,85.771,100.0,100.0,66.8116,49.7475
688,690,430,306,32,0.15,54.7,1.2,237,2026-09-14 10:15:00,PT5M,85.991,100.0,100.0,67.0974,50.0925
695,697,429,310,32,0.15,54.0,1.2,239,2026-09-14 10:20:00,PT5M,86.187,100.0,100.0,67.3542,50.404
702,704,428,314,32,0.15,53.3,1.1,241,2026-09-14 10:25:00,PT5M,86.365,100.0,100.0,67.5879,50.688
708,710,426,318,32,0.15,52.7,1.1,242,2026-09-14 10:30:00,PT5M,86.522,100.0,100.0,67.7965,50.943
713,714,422,323,32,0.15,52.1,1.1,245,2026-09-14 10:35:00,PT5M,86.482,100.0,100.0,67.7555,50.901
715,717,414,329,32,0.15,51.5,1.1,248,2026-09-14 10:40:00,PT5M,86.25,100.0,100.0,67.4685,50.5645
717,719,407,335,33,0.15,51.0,1.1,251,2026-09-14 10:45:00,PT5M,86.0,100.0,100.0,67.1579,50.1995
719,720,400,340,33,0.15,50.5,1.1,254,2026-09-14 10:50:00,PT5M,85.73,100.0,100.0,66.8208,49.802
720,721,392,346,33,0.15,50.0,1.1,257,2026-09-14 10:55:00,PT5M,85.438,100.0,100.0,66.4541,49.368
720,722,385,351,33,0.15,49.5,1.1,260,2026-09-14 11:00:00,PT5M,85.11,100.0,100.0,66.0369,48.8705
720,722,377,357,33,0.15,49.0,1.1,263,2026-09-14 11:05:00,PT5M,84.763,100.0,100.0,65.5957,48.3445
720,721,370,362,33,0.15,48.6,1.1,267,2026-09-14 11:10:00,PT5M,84.416,100.0,100.0,65.1603,47.8295
719,721,362,366,34,0.15,48.1,1.1,270,2026-09-14 11:15:00,PT5M,84.053,100.0,100.0,64.7065,47.294
718,719,355,371,34,0.15,47.6,1.1,273,2026-09-14 11:20:00,PT5M,83.663,100.0,100.0,64.2144,46.71
716,718,347,375,34,0.15,47.1,1.1,276,2026-09-14 11:25:00,PT5M,83.256,100.0,100.0,63.6995,46.098
714,716,340,380,34,0.15,46.7,1.1,279,2026-09-14 11:30:00,PT5M,82.826,100.0,100.0,63.1571,45.4545
711,712,331,384,34,0.15,46.2,1.1,282,2026-09-14 11:35:00,PT5M,82.323,100.0,100.0,62.5678,44.7875
707,708,322,388,34,0.15,45.8,1.1,284,2026-09-14 11:40:00,PT5M,81.747,100.0,100.0,61.9318,44.0975
703,704,313,392,34,0.15,45.4,1.0,287,2026-09-14 11:45:00,PT5M,81.146,100.0,100.0,61.2669,43.375
698,699,304,396,35,0.15,44.9,1.0,290,2026-09-14 11:50:00,PT5M,80.493,100.0,100.0,60.5441,42.5895
692,694,294,400,35,0.15,44.5,1.0,293,2026-09-14 11:55:00,PT5M,79.814,100.0,99.8366,59.7914,41.7705
687,688,285,403,35,0.15,44.1,1.0,296,2026-09-14 12:00:00,PT5M,79.111,100.0,99.2107,59.0113,40.921
680,682,276,406,35,0.15,43.7,1.0,300,2026-09-14 12:05:00,PT5M,78.435,100.0,98.6149,58.2551,40.0925
674,675,267,409,35,0.15,43.2,0.9,303,2026-09-14 12:10:00,PT5M,77.776,100.0,98.0388,57.5132,39.276
667,669,259,411,35,0.15,42.8,0.9,307,2026-09-14 12:15:00,PT5M,77.09,100.0,97.4389,56.7411,38.4265
660,661,250,412,35,0.15,42.4,0.9,310,2026-09-14 12:20:00,PT5M,76.371,100.0,96.8093,55.9327,37.5375
653,654,241,414,35,0.15,42.0,0.9,314,2026-09-14 12:25:00,PT5M,75.6,100.0,96.132,55.068,36.5885
645,646,232,415,36,0.15,41.6,0.9,318,2026-09-14 12:30:00,PT5M,74.8,100.0,95.4283,54.1717,35.6055
635,637,223,417,36,0.15,41.5,0.9,323,2026-09-14 12:35:00,PT5M,73.879,100.0,94.6234,53.1346,34.464
625,626,211,418,36,0.15,41.5,0.8,330,2026-09-14 12:40:00,PT5M,72.838,100.0,93.7174,51.9586,33.1665
614,615,201,419,36,0.15,41.5,0.7,340,2026-09-14 12:45:00,PT5M,71.79,100.0,92.8062,50.7738,31.8585
603,605,190,419,36,0.15,41.5,0.7,351,2026-09-14 12:50:00,PT5M,70.67,100.0,91.826,49.514,30.473
592,593,179,419,36,0.15,41.5,0.6,3,2026-09-14 12:55:00,PT5M,69.496,100.0,90.797,48.195,29.0235
581,582,169,418,36,0.15,41.5,0.6,16,2026-09-14 13:00:00,PT5M,68.306,100.0,89.7499,46.8621,27.562
569,571,159,418,36,0.15,41.6,0.7,28,2026-09-14 13:05:00,PT5M,67.126,100.0,88.7056,45.5464,26.124
558,559,149,416,36,0.15,41.6,0.7,39,2026-09-14 13:10:00,PT5M,65.896,100.0,87.6149,44.1771,24.6295
546,547,139,415,36,0.15,41.6,0.8,47,2026-09-14 13:15:00,PT5M,64.605,100.0,86.4678,42.7422,23.065
534,535,130,413,35,0.15,41.6,0.9,54,2026-09-14 13:20:00,PT5M,63.278,100.0,85.2861,41.2699,21.462
522,523,120,411,35,0.15,41.6,1.0,59,2026-09-14 13:25:00,PT5M,61.918,100.0,84.0711,39.7649,19.8265
509,511,111,408,35,0.15,41.6,1.1,64,2026-09-14 13:30:00,PT5M,60.531,100.0,82.8283,38.2337,18.1655
498,499,103,404,35,0.15,42.0,1.3,67,2026-09-14 13:35:00,PT5M,59.244,100.0,81.6752,36.8128,16.624
487,488,96,401,35,0.15,42.8,1.6,69,2026-09-14 13:40:00,PT5M,58.092,100.0,80.6474,35.5366,15.236
476,478,90,397,35,0.15,43.6,1.8,70,2026-09-14 13:45:00,PT5M,56.887,99.978,79.5661,34.2079,13.796
465,467,83,393,35,0.15,44.4,2.0,71,2026-09-14 13:50:00,PT5M,55.655,98.98,78.4573,32.8527,12.33
454,456,77,388,34,0.15,45.3,2.3,72,2026-09-14 13:55:00,PT5M,54.393,97.952,77.3184,31.4676,10.834
443,444,70,383,34,0.15,46.1,2.5,73,2026-09-14 14:00:00,PT5M,53.103,96.8945,76.1508,30.0552,9.3115
432,433,64,378,34,0.15,47.0,2.7,74,2026-09-14 14:05:00,PT5M,51.784,95.8075,74.9539,28.6141,7.7605
421,422,58,373,34,0.15,47.8,3.0,74,2026-09-14 14:10:00,PT5M,50.429,94.6845,73.721,27.137,6.1735
409,411,52,367,33,0.15,48.7,3.2,75,2026-09-14 14:15:00,PT5M,49.048,93.534,72.4613,25.6347,4.562
398,399,46,361,33,0.15,49.7,3.4,75,2026-09-14 14:20:00,PT5M,47.642,92.3565,71.1756,24.1084,2.9275
386,388,40,355,33,0.15,50.6,3.7,75,2026-09-14 14:25:00,PT5M,46.195,91.142,69.8509,22.5391,1.248
375,376,34,349,32,0.15,51.5,3.9,75,2026-09-14 14:30:00,PT5M,44.711,89.898,68.4932,20.9288,0.0
364,365,29,342,32,0.15,52.3,4.0,76,2026-09-14 14:35:00,PT5M,43.345,88.7225,67.2275,19.4625,0.0
354,356,26,336,32,0.15,52.9,4.0,75,2026-09-14 14:40:00,PT5M,42.492,88.0145,66.4508,18.5332,0.0
345,346,22,329,32,0.15,53.5,3.9,75,2026-09-14 14:45:00,PT5M,41.22,86.8875,65.2551,17.1849,0.0
335,336,19,322,32,0.15,54.1,3.9,75,2026-09-14 14:50:00,PT5M,39.923,85.592,63.9589,15.8871,0.0
325,326,15,315,32,0.15,54.7,3.8,75,2026-09-14 14:55:00,PT5M,38.602,84.1415,62.5698,14.6342,0.0
315,316,11,308,32,0.15,55.3,3.8,75,2026-09-14 15:00:00,PT5M,37.257,82.6505,61.1479,13.3661,0.0
305,306,8,301,31,0.15,55.9,3.7,74,2026-09-14 15:05:00,PT5M,35.888,81.0995,59.6831,12.0929,0.0
295,296,4,293,31,0.15,56.5,3.7,74,2026-09-14 15:10:00,PT5M,34.497,79.487,58.1756,10.8184,0.0
285,286,0,286,31,0.15,57.2,3.6,74,2026-09-14 15:15:00,PT5M,33.1,77.7865,56.6188,9.5812,0.0
275,276,0,276,31,0.15,57.8,3.6,74,2026-09-14 15:20:00,PT5M,31.889,76.302,55.2639,8.5141,0.0
265,266,0,266,31,0.15,58.5,3.5,73,2026-09-14 15:25:00,PT5M,30.658,74.7695,53.8742,7.4418,0.0
255,255,0,255,31,0.15,59.1,3.5,73,2026-09-14 15:30:00,PT5M,29.421,73.1975,52.4609,6.3811,0.0
245,245,0,245,31,0.15,59.5,3.4,73,2026-09-14 15:35:00,PT5M,28.203,69.0675,49.7103,6.6957,0.0
235,236,0,236,31,0.15,59.6,3.3,73,2026-09-14 15:40:00,PT5M,27.003,67.3195,48.2219,5.7841,0.0
225,226,0,226,31,0.15,59.7,3.1,73,2026-09-14 15:45:00,PT5M,25.831,65.524,46.7217,4.9403,0.0
215,216,0,216,31,0.15,59.7,3.0,73,2026-09-14 15:50:00,PT5M,24.692,63.6585,45.2003,4.1837,0.0
205,206,0,206,31,0.15,59.8,2.9,73,2026-09-14 15:55:00,PT5M,23.554,61.6785,43.6192,3.4888,0.0
196,196,0,196,31,0.15,59.9,2.7,74,2026-09-14 16:00:00,PT5M,22.417,59.6535,42.0148,2.8192,0.0
186,186,0,186,31,0.15,60.0,2.6,74,2026-09-14 16:05:00,PT5M,21.29,57.6145,40.4078,2.1722,0.0
176,177,0,177,31,0.15,60.1,2.5,74,2026-09-14 16:10:00,PT5M,20.171,55.573,38.8033,1.5387,0.0
166,167,0,167,31,0.15,60.2,2.3,74,2026-09-14 16:15:00,PT5M,19.048,53.4785,37.169,0.927,0.0
157,157,0,157,30,0.15,60.3,2.2,74,2026-09-14 16:20:00,PT5M,17.924,51.338,35.51,0.338,0.0
147,148,0,148,30,0.15,60.4,2.1,74,2026-09-14 16:25:00,PT5M,17.075,48.415,33.5695,0.5805,0.0
138,138,0,138,30,0.15,60.5,1.9,74,2026-09-14 16:30:00,PT5M,16.131,45.296,31.4807,0.7813,0.0
128,129,0,129,30,0.15,60.6,1.8,75,2026-09-14 16:35:00,PT5M,15.123,42.152,29.3486,0.8974,0.0
119,120,0,120,30,0.15,60.7,1.8,75,2026-09-14 16:40:00,PT5M,14.084,39.0055,27.2004,0.9676,0.0
110,110,0,110,30,0.15,60.9,1.7,76,2026-09-14 16:45:00,PT5M,13.027,35.859,25.0436,1.0104,0.0
101,101,0,101,30,0.15,61.0,1.7,77,2026-09-14 16:50:00,PT5M,11.939,32.6935,22.8622,1.0158,0.0
92,92,0,92,30,0.15,61.2,1.6,77,2026-09-14 16:55:00,PT5M,10.843,29.547,20.687,0.999,0.0
83,83,0,83,30,0.15,61.3,1.6,78,2026-09-14 17:00:00,PT5M,9.756,26.454,18.5443,0.9677,0.0
74,74,0,74,30,0.15,61.5,1.5,79,2026-09-14 17:05:00,PT5M,8.67,23.3535,16.398,0.942,0.0
65,65,0,65,30,0.15,61.6,1.4,80,2026-09-14 17:10:00,PT5M,7.581,20.1795,14.2117,0.9503,0.0
56,57,0,57,30,0.15,61.8,1.4,81,2026-09-14 17:15:00,PT5M,6.486,17.141,12.0938,0.8782,0.0
48,48,0,48,30,0.15,61.9,1.3,82,2026-09-14 17:20:00,PT5M,5.41,14.218,10.0457,0.7743,0.0
40,41,0,41,30,0.15,62.1,1.3,83,2026-09-14 17:25:00,PT5M,4.465,11.552,8.1949,0.7351,0.0
33,33,0,33,30,0.15,62.2,1.2,85,2026-09-14 17:30:00,PT5M,3.576,9.0715,6.4683,0.6837,0.0
26,27,0,27,30,0.15,62.7,1.2,84,2026-09-14 17:35:00,PT5M,2.693,6.754,4.8303,0.5557,0.0
20,21,0,21,30,0.15,63.5,1.1,80,2026-09-14 17:40:00,PT5M,1.934,4.823,3.4545,0.4135,0.0
15,15,0,15,30,0.15,64.3,1.1,77,2026-09-14 17:45:00,PT5M,1.274,3.1695,2.2716,0.2764,0.0
10,10,0,10,30,0.15,65.1,1.0,73,2026-09-14 17:50:00,PT5M,0.66,1.794,1.2568,0.0632,0.0
6,6,0,6,29,0.15,66.0,1.0,68,2026-09-14 17:55:00,PT5M,0.097,0.6235,0.3741,0.0,0.0
2,2,0,2,29,0.15,66.8,0.9,63,2026-09-14 18:00:00,PT5M,0.0,0.0,0.0,0.0,0.0
0,0,0,0,29,0.15,67.6,0.9,58,2026-09-14 18:05:00,PT5M,0.0,0.0,0.0,0.0,0.0
0,0,0,0,29,0.15,68.5,0.9,52,2026-09-14 18:10:00,PT5M,0.0,0.0,0.0,0.0,0.0
0,0,0,0,29,0.15,69.4,0.9,47,2026-09-14 18:15:00,PT5M,0.0,0.0,0.0,0.0,0.0
0,0,0,0,29,0.15,70.3,0.9,41,2026-09-14 18:20:00,PT5M,0.0,0.0,0.0,0.0,0.0
0,0,0,0,28,0.15,71.2,0.9,35,2026-09-14 18:25:00,PT5M,0.0,0.0,0.0,0.0,0.0
0,0,0,0,28,0.15,72.1,0.9,29,2026-09-14 18:30:00,PT5M,0.0,0.0,0.0,0.0,0.0
0,0,0,0,28,0.15,72.6,0.8,26,2026-09-14 18:35:00,PT5M,0.0,0.0,0.0,0.0,0.0
0,0,0,0,28,0.15,72.7,0.7,23,2026-09-14 18:40:00,PT5M,0.0,0.0,0.0,0.0,0.0
0,0,0,0,28,0.15,72.8,0.5,19,2026-09-14 18:45:00,PT5M,0.0,0.0,0.0,0.0,0.0
0,0,0,0,28,0.15,72.9,0.4,11,2026-09-14 18:50:00,PT5M,0.0,0.0,0.0,0.0,0.0
0,0,0,0,28,0.15,73.0,0.3,357,2026-09-14 18:55:00,PT5M,0.0,0.0,0.0,0.0,0.0
0,0,0,0,28,0.15,73.1,0.2,327,2026-09-14 19:00:00,PT5M,0.0,0.0,0.0,0.0,0.0
0,0,0,0,28,0.15,73.2,0.2,282,2026-09-14 19:05:00,PT5M,0.0,0.0,0.0,0.0,0.0
0,0,0,0,28,0.15,73.3,0.3,255,2026-09-14 19:10:00,PT5M,0.0,0.0,0.0,0.0,0.0
0,0,0,0,28,0.15,73.4,0.4,243,2026-09-14 19:15:00,PT5M,0.0,0.0,0.0,0.0,0.0
0,0,0,0,28,0.15,73.5,0.6,237,2026-09-14 19:20:00,PT5M,0.0,0.0,0.0,0.0,0.0
0,0,0,0,28,0.15,73.6,0.7,233,2026-09-14 19:25:00,PT5M,0.0,0.0,0.0,0.0,0.0
0,0,0,0,28,0.15,73.7,0.8,230,2026-09-14 19:30:00,PT5M,0.0,0.0,0.0,0.0,0.0
0,0,0,0,27,0.15,74.1,0.9,229,2026-09-14 19:35:00,PT5M,0.0,0.0,0.0,0.0,0.0
0,0,0,0,27,0.15,74.6,1.0,229,2026-09-14 19:40:00,PT5M,0.0,0.0,0.0,0.0,0.0
0,0,0,0,27,0.15,75.2,1.0,229,2026-09-14 19:45:00,PT5M,0.0,0.0,0.0,0.0,0.0
0,0,0,0,27,0.15,75.8,1.1,229,2026-09-14 19:50:00,PT5M,0.0,0.0,0.0,0.0,0.0
0,0,0,0,27,0.15,76.4,1.1,229,2026-09-14 19:55:00,PT5M,0.0,0.0,0.0,0.0,0.0
0,0,0,0,27,0.15,77.0,1.2,228,2026-09-14 20:00:00,PT5M,0.0,0.0,0.0,0.0,0.0
0,0,0,0,27,0.15,77.6,1.2,228,2026-09-14 20:05:00,PT5M,0.0,0.0,0.0,0.0,0.0
0,0,0,0,27,0.15,78.2,1.3,228,2026-09-14 20:10:00,PT5M,0.0,0.0,0.0,0.0,0.0
0,0,0,0,26,0.15,78.9,1.3,228,2026-09-14 20:15:00,PT5M,0.0,0.0,0.0,0.0,0.0
0,0,0,0,26,0.15,79.5,1.4,228,2026-09-14 20:20:00,PT5M,0.0,0.0,0.0,0.0,0.0
0,0,0,0,26,0.15,80.1,1.4,228,2026-09-14 20:25:00,PT5M,0.0,0.0,0.0,0.0,0.0
0,0,0,0,26,0.15,80.8,1.5,228,2026-09-14 20:30:00,PT5M,0.0,0.0,0.0,0.0,0.0
0,0,0,0,26,0.15,81.2,1.5,227,2026-09-14 20:35:00,PT5M,0.0,0.0,0.0,0.0,0.0
0,0,0,0,26,0.15,81.4,1.4,227,2026-09-14 20:40:00,PT5M,0.0,0.0,0.0,0.0,0.0
0,0,0,0,26,0.15,81.7,1.4,226,2026-09-14 20:45:00,PT5M,0.0,0.0,0.0,0.0,0.0
0,0,0,0,26,0.15,81.9,1.3,225,2026-09-14 20:50:00,PT5M,0.0,0.0,0.0,0.0,0.0
0,0,0,0,26,0.15,82.2,1.3,225,2026-09-14 20:55:00,PT5M,0.0,0.0,0.0,0.0,0.0
0,0,0,0,26,0.15,82.4,1.3,224,2026-09-14 21:00:00,PT5M,0.0,0.0,0.0,0.0,0.0
0,0,0,0,26,0.15,82.7,1.2,223,2026-09-14 21:05:00,PT5M,0.0,0.0,0.0,0.0,0.0
0,0,0,0,26,0.15,82.9,1.2,222,2026-09-14 21:10:00,PT5M,0.0,0.0,0.0,0.0,0.0
0,0,0,0,26,0.15,83.1,1.1,221,2026-09-14 21:15:00,PT5M,0.0,0.0,0.0,0.0,0.0
0,0,0,0,26,0.15,83.4,1.1,220,2026-09-14 21:20:00,PT5M,0.0,0.0,0.0,0.0,0.0
0,0,0,0,26,0.15,83.6,1.1,219,2026-09-14 21:25:00,PT5M,0.0,0.0,0.0,0.0,0.0
0,0,0,0,26,0.15,83.9,1.0,218,2026-09-14 21:30:00,PT5M,0.0,0.0,0.0,0.0,0.0
0,0,0,0,26,0.15,84.1,1.0,217,2026-09-14 21:35:00,PT5M,0.0,0.0,0.0,0.0,0.0
0,0,0,0,26,0.15,84.3,1.0,218,2026-09-14 21:40:00,PT5M,0.0,0.0,0.0,0.0,0.0
0,0,0,0,25,0.15,84.5,1.0,218,2026-09-14 21:45:00,PT5M,0.0,0.0,0.0,0.0,0.0
0,0,0,0,25,0.15,84.8,1.1,218,2026-09-14 21:50:00,PT5M,0.0,0.0,0.0,0.0,0.0
0,0,0,0,25,0.15,85.0,1.1,219,2026-09-14 21:55:00,PT5M,0.0,0.0,0.0,0.0,0.0
0,0,0,0,25,0.15,85.2,1.1,219,2026-09-14 22:00:00,PT5M,0.0,0.0,0.0,0.0,0.0
0,0,0,0,25,0.15,85.4,1.1,220,2026-09-14 22:05:00,PT5M,0.0,0.0,0.0,0.0,0.0
0,0,0,0,25,0.15,85.6,1.1,220,2026-09-14 22:10:00,PT5M,0.0,0.0,0.0,0.0,0.0
0,0,0,0,25,0.15,85.8,1.1,220,2026-09-14 22:15:00,PT5M,0.0,0.0,0.0,0.0,0.0
0,0,0,0,25,0.15,86.0,1.2,221,2026-09-14 22:20:00,PT5M,0.0,0.0,0.0,0.0,0.0
0,0,0,0,25,0.15,86.3,1.2,221,2026-09-14 22:25:00,PT5M,0.0,0.0,0.0,0.0,0.0
0,0,0,0,25,0.15,86.5,1.2,221,2026-09-14 22:30:00,PT5M,0.0,0.0,0.0,0.0,0.0
0,0,0,0,25,0.15,86.6,1.2,222,2026-09-14 22:35:00,PT5M,0.0,0.0,0.0,0.0,0.0
0,0,0,0,25,0.15,86.8,1.2,222,2026-09-14 22:40:00,PT5M,0.0,0.0,0.0,0.0,0.0
0,0,0,0,25,0.15,86.9,1.2,223,2026-09-14 22:45:00,PT5M,0.0,0.0,0.0,0.0,0.0
0,0,0,0,25,0.15,87.0,1.2,224,2026-09-14 22:50:00,PT5M,0.0,0.0,0.0,0.0,0.0
0,0,0,0,25,0.15,87.2,1.2,224,2026-09-14 22:55:00,PT5M,0.0,0.0,0.0,0.0,0.0
0,0,0,0,25,0.15,87.3,1.2,225,2026-09-14 23:00:00,PT5M,0.0,0.0,0.0,0.0,0.0
0,0,0,0,25,0.15,87.4,1.2,225,2026-09-14 23:05:00,PT5M,0.0,0.0,0.0,0.0,0.0
0,0,0,0,25,0.15,87.6,1.2,226,2026-09-14 23:10:00,PT5M,0.0,0.0,0.0,0.0,0.0
0,0,0,0,25,0.15,87.7,1.2,226,2026-09-14 23:15:00,PT5M,0.0,0.0,0.0,0.0,0.0
0,0,0,0,25,0.15,87.8,1.2,227,2026-09-14 23:20:00,PT5M,0.0,0.0,0.0,0.0,0.0
0,0,0,0,25,0.15,88.0,1.2,228,2026-09-14 23:25:00,PT5M,0.0,0.0,0.0,0.0,0.0
0,0,0,0,25,0.15,88.1,1.2,228,2026-09-14 23:30:00,PT5M,0.0,0.0,0.0,0.0,0.0
0,0,0,0,25,0.15,88.2,1.2,229,2026-09-14 23:35:00,PT5M,0.0,0.0,0.0,0.0,0.0
0,0,0,0,25,0.15,88.3,1.3,231,2026-09-14 23:40:00,PT5M,0.0,0.0,0.0,0.0,0.0
0,0,0,0,25,0.15,88.4,1.3,233,2026-09-14 23:45:00,PT5M,0.0,0.0,0.0,0.0,0.0
0,0,0,0,25,0.15,88.5,1.3,235,2026-09-14 23:50:00,PT5M,0.0,0.0,0.0,0.0,0.0
0,0,0,0,25,0.15,88.5,1.4,237,2026-09-14 23:55:00,PT5M,0.0,0.0,0.0,0.0,0.0
0,0,0,0,25,0.15,88.6,1.4,238,2026-09-15 00:00:00,PT5M,0.0,0.0,0.0,0.0,0.0
0,0,0,0,25,0.15,88.7,1.5,240,2026-09-15 00:05:00,PT5M,0.0,0.0,0.0,0.0,0.0
0,0,0,0,25,0.15,88.8,1.5,241,2026-09-15 00:10:00,PT5M,0.0,0.0,0.0,0.0,0.0
0,0,0,0,25,0.15,88.9,1.6,242,2026-09-15 00:15:00,PT5M,0.0,0.0,0.0,0.0,0.0
0,0,0,0,25,0.15,89.0,1.6,244,2026-09-15 00:20:00,PT5M,0.0,0.0,0.0,0.0,0.0
0,0,0,0,25,0.15,89.1,1.7,245,2026-09-15 00:25:00,PT5M,0.0,0.0,0.0,0.0,0.0
0,0,0,0,25,0.15,89.2,1.7,246,2026-09-15 00:30:00,PT5M,0.0,0.0,0.0,0.0,0.0
0,0,0,0,25,0.15,89.2,1.7,246,2026-09-15 00:35:00,PT5M,0.0,0.0,0.0,0.0,0.0
0,0,0,0,25,0.15,89.1,1.7,247,2026-09-15 00:40:00,PT5M,0.0,0.0,0.0,0.0,0.0
0,0,0,0,25,0.15,89.1,1.7,247,2026-09-15 00:45:00,PT5M,0.0,0.0,0.0,0.0,0.0
0,0,0,0,25,0.15,89.1,1.6,247,2026-09-15 00:50:00,PT5M,0.0,0.0,0.0,0.0,0.0
0,0,0,0,25,0.15,89.0,1.6,247,2026-09-15 00:55:00,PT5M,0.0,0.0,0.0,0.0,0.0
0,0,0,0,25,0.15,89.0,1.6,247,2026-09-15 01:00:00,PT5M,0.0,0.0,0.0,0.0,0.0
0,0,0,0,25,0.15,88.9,1.6,248,2026-09-15 01:05:00,PT5M,0.0,0.0,0.0,0.0,0.0
0,0,0,0,25,0.15,88.9,1.5,248,2026-09-15 01:10:00,PT5M,0.0,0.0,0.0,0.0,0.0
0,0,0,0,25,0.15,88.8,1.5,248,2026-09-15 01:15:00,PT5M,0.0,0.0,0.0,0.0,0.0
0,0,0,0,25,0.15,88.8,1.5,248,2026-09-15 01:20:00,PT5M,0.0,0.0,0.0,0.0,0.0
0,0,0,0,25,0.15,88.7,1.4,249,2026-09-15 01:25:00,PT5M,0.0,0.0,0.0,0.0,0.0
0,0,0,0,25,0.15,88.7,1.4,249,2026-09-15 01:30:00,PT5M,0.0,0.0,0.0,0.0,0.0
0,0,0,0,25,0.15,88.7,1.4,248,2026-09-15 01:35:00,PT5M,0.0,0.0,0.0,0.0,0.0
0,0,0,0,25,0.15,88.7,1.4,246,2026-09-15 01:40:00,PT5M,0.0,0.0,0.0,0.0,0.0
0,0,0,0,25,0.15,88.8,1.4,245,2026-09-15 01:45:00,PT5M,0.0,0.0,0.0,0.0,0.0
0,0,0,0,25,0.15,88.8,1.4,243,2026-09-15 01:50:00,PT5M,0.0,0.0,0.0,0.0,0.0
0,0,0,0,25,0.15,88.9,1.4,241,2026-09-15 01:55:00,PT5M,0.0,0.0,0.0,0.0,0.0
0,0,0,0,25,0.15,88.9,1.5,240,2026-09-15 02:00:00,PT5M,0.0,0.0,0.0,0.0,0.0
0,0,0,0,25,0.15,89.0,1.5,238,2026-09-15 02:05:00,PT5M,0.0,0.0,0.0,0.0,0.0
0,0,0,0,25,0.15,89.0,1.5,237,2026-09-15 02:10:00,PT5M,0.0,0.0,0.0,0.0,0.0
0,0,0,0,25,0.15,89.1,1.5,235,2026-09-15 02:15:00,PT5M,0.0,0.0,0.0,0.0,0.0
0,0,0,0,25,0.15,89.1,1.5,234,2026-09-15 02:20:00,PT5M,0.0,0.0,0.0,0.0,0.0
0,0,0,0,25,0.15,89.1,1.5,232,2026-09-15 02:25:00,PT5M,0.0,0.0,0.0,0.0,0.0
0,0,0,0,25,0.15,89.2,1.6,231,2026-09-15 02:30:00,PT5M,0.0,0.0,0.0,0.0,0.0
0,0,0,0,25,0.15,89.2,1.6,230,2026-09-15 02:35:00,PT5M,0.0,0.0,0.0,0.0,0.0
0,0,0,0,25,0.15,89.1,1.6,231,2026-09-15 02:40:00,PT5M,0.0,0.0,0.0,0.0,0.0
0,0,0,0,25,0.15,89.1,1.6,231,2026-09-15 02:45:00,PT5M,0.0,0.0,0.0,0.0,0.0
0,0,0,0,25,0.15,89.1,1.6,232,2026-09-15 02:50:00,PT5M,0.0,0.0,0.0,0.0,0.0
0,0,0,0,25,0.15,89.0,1.6,232,2026-09-15 02:55:00,PT5M,0.0,0.0,0.0,0.0,0.0
0,0,0,0,25,0.15,89.0,1.6,232,2026-09-15 03:00:00,PT5M,0.0,0.0,0.0,0.0,0.0
0,0,0,0,25,0.15,88.9,1.6,233,2026-09-15 03:05:00,PT5M,0.0,0.0,0.0,0.0,0.0
0,0,0,0,25,0.15,88.9,1.7,233,2026-09-15 03:10:00,PT5M,0.0,0.0,0.0,0.0,0.0
0,0,0,0,25,0.15,88.8,1.7,233,2026-09-15 03:15:00,PT5M,0.0,0.0,0.0,0.0,0.0
0,0,0,0,25,0.15,88.8,1.7,234,2026-09-15 03:20:00,PT5M,0.0,0.0,0.0,0.0,0.0
0,0,0,0,25,0.15,88.7,1.7,234,2026-09-15 03:25:00,PT5M,0.0,0.0,0.0,0.0,0.0
0,0,0,0,25,0.15,88.7,1.7,234,2026-09-15 03:30:00,PT5M,0.0,0.0,0.0,0.0,0.0
0,0,0,0,25,0.15,88.7,1.7,234,2026-09-15 03:35:00,PT5M,0.0,0.0,0.0,0.0,0.0
0,0,0,0,25,0.15,88.7,1.7,233,2026-09-15 03:40:00,PT5M,0.0,0.0,0.0,0.0,0.0
0,0,0,0,25,0.15,88.8,1.7,233,2026-09-15 03:45:00,PT5M,0.0,0.0,0.0,0.0,0.0
0,0,0,0,25,0.15,88.8,1.6,232,2026-09-15 03:50:00,PT5M,0.0,0.0,0.0,0.0,0.0
0,0,0,0,25,0.15,88.9,1.6,231,2026-09-15 03:55:00,PT5M,0.0,0.0,0.0,0.0,0.0
0,0,0,0,25,0.15,88.9,1.6,231,2026-09-15 04:00:00,PT5M,0.0,0.0,0.0,0.0,0.0
0,0,0,0,25,0.15,89.0,1.5,230,2026-09-15 04:05:00,PT5M,0.0,0.0,0.0,0.0,0.0
0,0,0,0,25,0.15,89.0,1.5,229,2026-09-15 04:10:00,PT5M,0.0,0.0,0.0,0.0,0.0
0,0,0,0,25,0.15,89.0,1.5,228,2026-09-15 04:15:00,PT5M,0.0,0.0,0.0,0.0,0.0
0,0,0,0,25,0.15,89.1,1.5,227,2026-09-15 04:20:00,PT5M,0.0,0.0,0.0,0.0,0.0
0,0,0,0,25,0.15,89.1,1.4,226,2026-09-15 04:25:00,PT5M,0.0,0.0,0.0,0.0,0.0
0,0,0,0,25,0.15,89.2,1.4,225,2026-09-15 04:30:00,PT5M,0.0,0.0,0.0,0.0,0.0
0,0,0,0,25,0.15,89.1,1.4,224,2026-09-15 04:35:00,PT5M,0.0,0.0,0.0,0.0,0.0
0,0,0,0,25,0.15,89.1,1.4,223,2026-09-15 04:40:00,PT5M,0.0,0.0,0.0,0.0,0.0
0,0,0,0,25,0.15,89.0,1.3,221,2026-09-15 04:45:00,PT5M,0.0,0.0,0.0,0.0,0.0
0,0,0,0,25,0.15,88.9,1.3,220,2026-09-15 04:50:00,PT5M,0.0,0.0,0.0,0.0,0.0
0,0,0,0,25,0.15,88.8,1.3,218,2026-09-15 04:55:00,PT5M,0.0,0.0,0.0,0.0,0.0
0,0,0,0,25,0.15,88.7,1.2,216,2026-09-15 05:00:00,PT5M,0.0,0.0,0.0,0.0,0.0
0,0,0,0,25,0.15,88.6,1.2,214,2026-09-15 05:05:00,PT5M,0.0,0.0,0.0,0.0,0.0
0,0,0,0,25,0.15,88.5,1.2,212,2026-09-15 05:10:00,PT5M,0.0,0.0,0.0,0.0,0.0
0,0,0,0,25,0.15,88.4,1.2,210,2026-09-15 05:15:00,PT5M,0.0,0.0,0.0,0.0,0.0
0,0,0,0,25,0.15,88.3,1.1,208,2026-09-15 05:20:00,PT5M,0.0,0.0,0.0,0.0,0.0
0,0,0,0,25,0.15,88.3,1.1,205,2026-09-15 05:25:00,PT5M,0.0,0.0,0.0,0.0,0.0
0,0,0,0,25,0.15,88.2,1.1,203,2026-09-15 05:30:00,PT5M,0.0,0.0,0.0,0.0,0.0
0,0,0,0,25,0.15,87.9,1.1,202,2026-09-15 05:35:00,PT5M,0.0,0.0,0.0,0.0,0.0
0,0,0,0,25,0.15,87.5,1.1,202,2026-09-15 05:40:00,PT5M,0.0,0.0,0.0,0.0,0.0
0,0,0,0,25,0.15,87.1,1.1,203,2026-09-15 05:45:00,PT5M,0.0,0.0,0.0,0.0,0.0
0,0,0,0,25,0.15,86.7,1.1,203,2026-09-15 05:50:00,PT5M,0.0,0.0,0.0,0.0,0.0
0,0,0,0,25,0.15,86.4,1.1,204,2026-09-15 05:55:00,PT5M,0.0,0.0,0.0,0.0,0.0
0,0,0,0,25,0.15,86.0,1.1,204,2026-09-15 06:00:00,PT5M,0.0,0.0,0.0,0.0,0.0
3,3,0,3,25,0.15,85.6,1.1,205,2026-09-15 06:05:00,PT5M,0.0,0.0,0.0,0.0,0.0
6,6,0,6,25,0.15,85.2,1.1,205,2026-09-15 06:10:00,PT5M,0.143,0.635,0.4019,0.0,0.0
11,11,0,11,25,0.15,84.8,1.2,205,2026-09-15 06:15:00,PT5M,0.716,1.767,1.2691,0.1629,0.0
16,16,0,16,25,0.15,84.4,1.2,206,2026-09-15 06:20:00,PT5M,1.358,3.034,2.2401,0.4759,0.0
21,21,0,21,25,0.15,84.1,1.2,206,2026-09-15 06:25:00,PT5M,2.065,4.3425,3.2637,0.8663,0.0
28,28,0,28,25,0.15,83.7,1.2,206,2026-09-15 06:30:00,PT5M,2.907,6.154,4.6159,1.1981,0.0
35,35,0,35,26,0.15,83.3,1.2,207,2026-09-15 06:35:00,PT5M,3.914,8.4105,6.2805,1.5475,0.0
44,44,0,44,26,0.15,82.9,1.2,207,2026-09-15 06:40:00,PT5M,5.013,10.9295,8.1269,1.8991,0.0
54,54,0,54,26,0.15,82.6,1.2,207,2026-09-15 06:45:00,PT5M,6.248,13.799,10.2221,2.2739,0.0
65,65,0,65,26,0.15,82.2,1.2,208,2026-09-15 06:50:00,PT5M,7.689,17.012,12.5958,2.7822,0.0
77,77,0,77,26,0.15,81.8,1.2,208,2026-09-15 06:55:00,PT5M,9.177,20.412,15.0901,3.2639,0.0
90,90,0,90,26,0.15,81.5,1.2,208,2026-09-15 07:00:00,PT5M,10.752,24.0885,17.7711,3.7329,0.0
103,103,0,103,26,0.15,81.1,1.3,209,2026-09-15 07:05:00,PT5M,12.375,27.791,20.4886,4.2614,0.0
117,117,0,117,26,0.15,80.8,1.3,209,2026-09-15 07:10:00,PT5M,14.075,31.631,23.3148,4.8352,0.0
131,132,0,132,26,0.15,80.4,1.3,209,2026-09-15 07:15:00,PT5M,15.85,35.6425,26.2669,5.4331,0.0
147,147,16,142,26,0.15,80.0,1.3,210,2026-09-15 07:20:00,PT5M,18.687,40.798,30.3242,7.0498,0.0
163,164,35,151,26,0.15,79.7,1.3,210,2026-09-15 07:25:00,PT5M,21.681,46.181,34.5755,8.7865,0.0
180,181,54,160,26,0.15,79.3,1.3,210,2026-09-15 07:30:00,PT5M,25.112,52.0735,39.302,10.922,0.0
196,197,70,169,26,0.15,79.0,1.3,211,2026-09-15 07:35:00,PT5M,28.228,59.875,44.884,11.572,0.0
210,211,81,177,26,0.15,78.6,1.3,211,2026-09-15 07:40:00,PT5M,30.834,64.664,48.639,13.029,0.0
225,226,92,185,26,0.15,78.3,1.3,211,2026-09-15 07:45:00,PT5M,33.384,68.933,52.0937,14.6743,0.0
239,240,103,193,27,0.15,77.9,1.4,211,2026-09-15 07:50:00,PT5M,35.837,71.9705,54.8543,16.8197,0.0
254,256,114,201,27,0.15,77.6,1.4,212,2026-09-15 07:55:00,PT5M,38.036,74.6995,57.3323,18.7397,1.3725
270,271,125,209,27,0.15,77.2,1.4,212,2026-09-15 08:00:00,PT5M,40.43,77.5655,59.9747,20.8853,3.2945
285,286,136,216,27,0.15,76.9,1.4,212,2026-09-15 08:05:00,PT5M,42.807,80.36,62.5714,23.0426,5.254
301,302,148,223,27,0.15,76.6,1.4,213,2026-09-15 08:10:00,PT5M,45.16,83.077,65.116,25.204,7.243
316,318,160,230,27,0.15,76.2,1.4,213,2026-09-15 08:15:00,PT5M,47.455,85.65,67.5573,27.3527,9.26
332,334,172,236,27,0.15,75.9,1.4,213,2026-09-15 08:20:00,PT5M,49.688,88.069,69.8882,29.4878,11.307
348,350,184,242,27,0.15,75.5,1.4,213,2026-09-15 08:25:00,PT5M,51.867,90.321,72.1056,31.6284,13.413
364,366,195,248,27,0.15,75.2,1.4,214,2026-09-15 08:30:00,PT5M,53.995,92.517,74.2694,33.7206,15.473
378,379,202,254,27,0.15,74.8,1.5,214,2026-09-15 08:35:00,PT5M,55.519,94.079,75.8134,35.2246,16.959
389,391,203,261,27,0.15,74.2,1.5,214,2026-09-15 08:40:00,PT5M,56.443,95.0915,76.784,36.102,17.7945
400,402,205,268,27,0.15,73.6,1.5,214,2026-09-15 08:45:00,PT5M,57.32,96.0365,77.6968,36.9432,18.6035
411,413,206,275,27,0.15,73.0,1.5,214,2026-09-15 08:50:00,PT5M,58.149,96.92,78.5545,37.7435,19.378
422,423,206,281,27,0.15,72.4,1.5,215,2026-09-15 08:55:00,PT5M,58.944,97.7545,79.3702,38.5178,20.1335
432,433,207,288,28,0.15,71.9,1.5,215,2026-09-15 09:00:00,PT5M,59.706,98.2455,79.9896,39.4224,21.1665
442,443,208,294,28,0.15,71.3,1.6,215,2026-09-15 09:05:00,PT5M,60.471,98.7135,80.5983,40.3437,22.2285
452,453,208,301,28,0.15,70.7,1.6,215,2026-09-15 09:10:00,PT5M,61.205,99.1565,81.1791,41.2309,23.2535
462,463,208,308,28,0.15,70.2,1.6,215,2026-09-15 09:15:00,PT5M,61.913,99.58,81.7374,42.0886,24.246
471,472,208,314,28,0.15,69.6,1.6,216,2026-09-15 09:20:00,PT5M,62.595,99.985,82.2736,42.9164,25.205
480,481,208,320,28,0.15,69.1,1.6,216,2026-09-15 09:25:00,PT5M,63.253,100.0,82.7895,43.7165,26.133
489,490,208,326,28,0.15,68.5,1.6,216,2026-09-15 09:30:00,PT5M,63.886,100.0,83.2844,44.4876,27.0285
499,500,210,332,28,0.15,68.0,1.7,216,2026-09-15 09:35:00,PT5M,64.681,100.0,83.9454,45.4166,28.078
509,510,213,337,28,0.15,67.5,1.7,216,2026-09-15 09:40:00,PT5M,65.631,100.0,84.7657,46.4963,29.2745
519,521,216,342,28,0.15,66.9,1.7,216,2026-09-15 09:45:00,PT5M,66.531,100.0,85.5423,47.5197,30.409
529,530,219,347,29,0.15,66.4,1.7,216,2026-09-15 09:50:00,PT5M,67.386,100.0,86.2799,48.4921,31.487
539,540,222,351,29,0.15,65.9,1.7,217,2026-09-15 09:55:00,PT5M,68.214,100.0,86.995,49.433,32.5295
548,549,225,356,29,0.15,65.4,1.7,217,2026-09-15 10:00:00,PT5M,69.012,100.0,87.6854,50.3386,33.532
557,558,228,360,29,0.15,64.9,1.8,217,2026-09-15 10:05:00,PT5M,69.787,100.0,88.3588,51.2152,34.5
566,567,231,363,29,0.15,64.4,1.8,217,2026-09-15 10:10:00,PT5M,70.542,100.0,89.0162,52.0678,35.4405
575,576,234,367,29,0.15,63.9,1.8,217,2026-09-15 10:15:00,PT5M,71.265,100.0,89.6468,52.8832,36.339
583,584,237,370,29,0.15,63.4,1.8,217,2026-09-15 10:20:00,PT5M,71.959,100.0,90.2532,53.6648,37.1995
591,592,240,373,29,0.15,62.9,1.8,217,2026-09-15 10:25:00,PT5M,72.626,100.0,90.837,54.415,38.0245
599,600,243,376,29,0.15,62.4,1.8,218,2026-09-15 10:30:00,PT5M,73.266,100.0,91.3981,55.1339,38.8145
604,605,243,380,29,0.15,61.9,1.9,218,2026-09-15 10:35:00,PT5M,73.646,100.0,91.7339,55.5581,39.2785
608,609,240,384,30,0.15,61.4,1.9,218,2026-09-15 10:40:00,PT5M,73.77,100.0,91.8489,55.6911,39.4195
611,612,237,388,30,0.15,60.9,1.9,218,2026-09-15 10:45:00,PT5M,73.869,100.0,91.9445,55.7935,39.525
613,615,234,392,30,0.15,60.5,1.9,218,2026-09-15 10:50:00,PT5M,73.942,100.0,92.0209,55.8631,39.5915
616,617,231,396,30,0.15,60.0,1.9,218,2026-09-15 10:55:00,PT5M,73.982,100.0,92.072,55.892,39.6105
618,619,228,399,30,0.15,59.5,1.9,218,2026-09-15 11:00:00,PT5M,73.967,100.0,92.0841,55.8499,39.544
619,620,225,402,30,0.15,59.1,2.0,218,2026-09-15 11:05:00,PT5M,73.932,100.0,92.0799,55.7841,39.4505
620,621,222,405,30,0.15,58.6,2.0,219,2026-09-15 11:10:00,PT5M,73.902,100.0,92.0743,55.7297,39.374
621,622,219,408,30,0.15,58.2,2.0,219,2026-09-15 11:15:00,PT5M,73.851,100.0,92.0512,55.6508,39.27
622,623,216,411,30,0.15,57.7,2.0,219,2026-09-15 11:20:00,PT5M,73.753,100.0,91.9938,55.5122,39.095
622,623,213,413,30,0.15,57.3,2.0,219,2026-09-15 11:25:00,PT5M,73.624,100.0,91.9119,55.3361,38.8765
621,622,209,415,31,0.15,56.8,2.1,219,2026-09-15 11:30:00,PT5M,73.465,100.0,91.8055,55.1245,38.6175
620,621,206,417,31,0.15,56.5,2.1,219,2026-09-15 11:35:00,PT5M,73.287,100.0,91.6949,54.8791,38.3115
618,619,201,420,31,0.15,56.2,2.1,218,2026-09-15 11:40:00,PT5M,72.982,100.0,91.4725,54.4915,37.8495
616,617,196,421,31,0.15,55.9,2.1,217,2026-09-15 11:45:00,PT5M,72.648,100.0,91.2259,54.0701,37.3495
613,614,191,423,31,0.15,55.6,2.1,217,2026-09-15 11:50:00,PT5M,72.265,100.0,90.9365,53.5935,36.7885
610,611,187,425,31,0.15,55.3,2.1,216,2026-09-15 11:55:00,PT5M,71.849,100.0,90.6192,53.0788,36.185
606,607,182,426,31,0.15,55.0,2.1,216,2026-09-15 12:00:00,PT5M,71.405,100.0,90.2778,52.5322,35.546
602,603,177,427,31,0.15,54.7,2.1,215,2026-09-15 12:05:00,PT5M,70.964,100.0,89.9437,51.9843,34.902
598,599,172,427,31,0.15,54.4,2.1,214,2026-09-15 12:10:00,PT5M,70.51,100.0,89.6002,51.4198,34.238
593,594,167,428,31,0.15,54.1,2.1,214,2026-09-15 12:15:00,PT5M,70.028,100.0,89.2324,50.8236,33.539
588,589,162,428,31,0.15,53.8,2.1,213,2026-09-15 12:20:00,PT5M,69.504,100.0,88.8271,50.1809,32.7895
583,584,157,428,31,0.15,53.5,2.1,212,2026-09-15 12:25:00,PT5M,68.936,100.0,88.3817,49.4903,31.9885
577,578,152,428,32,0.15,53.3,2.1,212,2026-09-15 12:30:00,PT5M,68.337,100.0,87.9085,48.7655,31.1505
570,571,146,427,32,0.15,53.0,2.1,211,2026-09-15 12:35:00,PT5M,67.603,100.0,87.3127,47.8933,30.154
562,563,139,427,32,0.15,52.7,2.1,210,2026-09-15 12:40:00,PT5M,66.733,100.0,86.5927,46.8733,28.999
554,555,132,426,32,0.15,52.4,2.1,210,2026-09-15 12:45:00,PT5M,65.83,100.0,85.8423,45.8177,27.806
545,546,125,425,32,0.15,52.1,2.1,209,2026-09-15 12:50:00,PT5M,64.889,100.0,85.0571,44.7209,26.569
537,538,118,423,32,0.15,51.9,2.1,209,2026-09-15 12:55:00,PT5M,63.893,100.0,84.2235,43.5625,25.2645
528,529,111,421,32,0.15,51.6,2.1,208,2026-09-15 13:00:00,PT5M,62.888,100.0,83.3777,42.3983,23.957
518,520,105,419,32,0.15,51.3,2.2,207,2026-09-15 13:05:00,PT5M,61.9,100.0,82.5399,41.2601,22.6835
509,510,98,417,32,0.15,51.0,2.2,207,2026-09-15 13:10:00,PT5M,60.867,100.0,81.6627,40.0713,21.3545
500,501,92,414,32,0.15,50.8,2.2,206,2026-09-15 13:15:00,PT5M,59.775,99.5935,80.7318,38.8182,19.9565
490,491,85,411,32,0.15,50.5,2.2,206,2026-09-15 13:20:00,PT5M,58.647,98.774,79.7661,37.5279,18.52
480,481,79,407,32,0.15,50.2,2.2,205,2026-09-15 13:25:00,PT5M,57.491,97.927,78.7728,36.2092,17.055
470,471,73,404,32,0.15,50.0,2.2,205,2026-09-15 13:30:00,PT5M,56.312,97.0555,77.7556,34.8684,15.5685
461,462,68,400,32,0.15,49.7,2.2,204,2026-09-15 13:35:00,PT5M,55.212,96.2455,76.8082,33.6158,14.1785
453,454,64,395,33,0.15,49.5,2.2,203,2026-09-15 13:40:00,PT5M,54.191,95.4975,75.9309,32.4511,12.8845
444,445,60,391,33,0.15,49.2,2.2,203,2026-09-15 13:45:00,PT5M,53.149,94.7275,75.0321,31.2659,11.5705
435,436,56,386,33,0.15,48.9,2.2,202,2026-09-15 13:50:00,PT5M,52.082,93.9315,74.1077,30.0563,10.2325
426,427,52,382,33,0.15,48.7,2.2,202,2026-09-15 13:55:00,PT5M,50.989,93.109,73.1571,28.8209,8.869
417,418,48,377,33,0.15,48.4,2.2,201,2026-09-15 14:00:00,PT5M,49.87,92.26,72.1802,27.5598,7.48
408,409,44,371,33,0.15,48.2,2.3,201,2026-09-15 14:05:00,PT5M,48.725,91.384,71.1767,26.2733,6.066
398,399,40,366,33,0.15,47.9,2.3,200,2026-09-15 14:10:00,PT5M,47.546,90.475,70.1398,24.9522,4.617
389,390,36,360,33,0.15,47.7,2.3,199,2026-09-15 14:15:00,PT5M,46.344,89.541,69.0789,23.6091,3.147
379,380,32,354,33,0.15,47.4,2.3,199,2026-09-15 14:20:00,PT5M,45.119,88.582,67.9939,22.2441,1.656
370,371,28,348,33,0.15,47.2,2.3,198,2026-09-15 14:25:00,PT5M,44.233,87.961,67.2474,21.2186,0.505
360,361,24,342,33,0.15,46.9,2.3,198,2026-09-15 14:30:00,PT5M,42.939,86.9365,66.0952,19.7828,0.0
351,352,21,335,33,0.15,47.0,2.3,198,2026-09-15 14:35:00,PT5M,41.78,84.8235,64.4341,19.1259,0.0
343,344,19,329,33,0.15,47.4,2.4,200,2026-09-15 14:40:00,PT5M,40.752,83.599,63.3027,18.2013,0.0
334,335,17,323,33,0.15,47.8,2.4,201,2026-09-15 14:45:00,PT5M,39.699,82.335,62.1386,17.2594,0.0
326,327,15,316,33,0.15,48.2,2.5,202,2026-09-15 14:50:00,PT5M,38.62,81.029,60.9402,16.2998,0.0
317,318,12,309,33,0.15,48.6,2.5,203,2026-09-15 14:55:00,PT5M,37.515,79.6775,59.7054,15.3246,0.0
309,310,10,302,33,0.15,49.0,2.6,204,2026-09-15 15:00:00,PT5M,36.386,78.282,58.4362,14.3358,0.0
300,301,8,296,33,0.15,49.4,2.6,205,2026-09-15 15:05:00,PT5M,35.223,76.843,57.1279,13.3181,0.0
291,292,5,289,32,0.15,49.8,2.7,206,2026-09-15 15:10:00,PT5M,34.016,75.339,55.7646,12.2674,0.0
282,283,2,282,32,0.15,50.2,2.7,207,2026-09-15 15:15:00,PT5M,32.776,73.775,54.3541,11.1979,0.0
273,274,0,274,32,0.15,50.6,2.8,208,2026-09-15 15:20:00,PT5M,31.592,72.239,52.9848,10.1992,0.0
264,265,0,265,32,0.15,51.1,2.9,209,2026-09-15 15:25:00,PT5M,30.47,70.735,51.6618,9.2782,0.0
255,256,0,256,32,0.15,51.5,2.9,210,2026-09-15 15:30:00,PT5M,29.336,69.1815,50.307,8.365,0.0
245,246,0,246,32,0.15,51.9,3.0,211,2026-09-15 15:35:00,PT5M,28.115,67.5235,48.856,7.374,0.0
234,235,0,235,32,0.15,52.4,3.0,212,2026-09-15 15:40:00,PT5M,26.819,65.763,47.3155,6.3225,0.0
224,224,0,224,32,0.15,52.8,3.1,213,2026-09-15 15:45:00,PT5M,25.564,63.954,45.7689,5.3591,0.0
213,213,0,213,32,0.15,53.2,3.2,213,2026-09-15 15:50:00,PT5M,24.342,62.0375,44.1814,4.5026,0.0
202,203,0,203,31,0.15,53.7,3.2,214,2026-09-15 15:55:00,PT5M,23.13,60.0735,42.5736,3.6864,0.0
192,192,0,192,31,0.15,54.1,3.3,215,2026-09-15 16:00:00,PT5M,21.925,58.0335,40.9292,2.9208,0.0
181,182,0,182,31,0.15,54.6,3.3,215,2026-09-15 16:05:00,PT5M,20.737,55.983,39.2872,2.1868,0.0
171,172,0,172,31,0.15,55.0,3.4,216,2026-09-15 16:10:00,PT5M,19.565,53.9345,37.6539,1.4761,0.0
161,161,0,161,31,0.15,55.5,3.5,217,2026-09-15 16:15:00,PT5M,18.397,51.835,35.9957,0.7983,0.0
151,151,0,151,31,0.15,56.0,3.5,217,2026-09-15 16:20:00,PT5M,17.235,49.6895,34.316,0.154,0.0
141,142,0,142,31,0.15,56.4,3.6,218,2026-09-15 16:25:00,PT5M,16.367,46.6985,32.3307,0.4033,0.0
131,132,0,132,31,0.15,56.9,3.6,218,2026-09-15 16:30:00,PT5M,15.38,43.608,30.2366,0.5234,0.0
122,123,0,123,30,0.15,57.4,3.7,219,2026-09-15 16:35:00,PT5M,14.373,40.4905,28.1188,0.6272,0.0
113,113,0,113,30,0.15,57.9,3.8,220,2026-09-15 16:40:00,PT5M,13.368,37.3705,26.0007,0.7353,0.0
104,105,0,105,30,0.15,58.4,3.8,220,2026-09-15 16:45:00,PT5M,12.347,34.2565,23.8781,0.8159,0.0
95,96,0,96,30,0.15,58.9,3.9,221,2026-09-15 16:50:00,PT5M,11.294,31.1285,21.733,0.855,0.0
87,87,0,87,30,0.15,59.4,4.0,221,2026-09-15 16:55:00,PT5M,10.237,28.0325,19.6029,0.8711,0.0
78,78,0,78,30,0.15,59.9,4.0,221,2026-09-15 17:00:00,PT5M,9.189,24.998,17.5094,0.8686,0.0
70,70,0,70,30,0.15,60.4,4.1,222,2026-09-15 17:05:00,PT5M,8.146,21.9555,15.414,0.878,0.0
61,61,0,61,30,0.15,60.9,4.2,222,2026-09-15 17:10:00,PT5M,7.115,18.9495,13.3436,0.8864,0.0
53,53,0,53,30,0.15,61.4,4.2,223,2026-09-15 17:15:00,PT5M,6.065,16.0385,11.3141,0.8159,0.0
45,45,0,45,29,0.15,61.9,4.3,223,2026-09-15 17:20:00,PT5M,5.053,13.267,9.3761,0.7299,0.0
38,38,0,38,29,0.15,62.4,4.4,224,2026-09-15 17:25:00,PT5M,4.162,10.748,7.6283,0.6957,0.0
31,31,0,31,29,0.15,63.0,4.4,224,2026-09-15 17:30:00,PT5M,3.314,8.372,5.9761,0.6519,0.0
25,25,0,25,29,0.15,63.4,4.4,224,2026-09-15 17:35:00,PT5M,2.475,6.1805,4.4252,0.5248,0.0
19,19,0,19,29,0.15,63.7,4.4,224,2026-09-15 17:40:00,PT5M,1.761,4.344,3.1205,0.4015,0.0
14,14,0,14,29,0.15,63.9,4.4,225,2026-09-15 17:45:00,PT5M,1.132,2.818,2.0194,0.2446,0.0
9,9,0,9,29,0.15,64.2,4.3,225,2026-09-15 17:50:00,PT5M,0.546,1.574,1.087,0.005,0.0
5,5,0,5,29,0.15,64.5,4.3,225,2026-09-15 17:55:00,PT5M,0.01,0.452,0.2426,0.0,0.0
2,2,0,2,29,0.15,64.8,4.2,225,2026-09-15 18:00:00,PT5M,0.0,0.0,0.0,0.0,0.0
0,0,0,0,29,0.15,65.1,4.2,225,2026-09-15 18:05:00,PT5M,0.0,0.0,0.0,0.0,0.0
0,0,0,0,29,0.15,65.4,4.2,225,2026-09-15 18:10:00,PT5M,0.0,0.0,0.0,0.0,0.0
0,0,0,0,28,0.15,65.7,4.1,226,2026-09-15 18:15:00,PT5M,0.0,0.0,0.0,0.0,0.0
0,0,0,0,28,0.15,66.0,4.1,226,2026-09-15 18:20:00,PT5M,0.0,0.0,0.0,0.0,0.0
0,0,0,0,28,0.15,66.3,4.1,226,2026-09-15 18:25:00,PT5M,0.0,0.0,0.0,0.0,0.0
0,0,0,0,28,0.15,66.6,4.0,226,2026-09-15 18:30:00,PT5M,0.0,0.0,0.0,0.0,0.0
0,0,0,0,28,0.15,66.9,4.0,226,2026-09-15 18:35:00,PT5M,0.0,0.0,0.0,0.0,0.0
0,0,0,0,28,0.15,67.2,4.0,227,2026-09-15 18:40:00,PT5M,0.0,0.0,0.0,0.0,0.0
0,0,0,0,28,0.15,67.5,3.9,227,2026-09-15 18:45:00,PT5M,0.0,0.0,0.0,0.0,0.0
0,0,0,0,28,0.15,67.8,3.9,227,2026-09-15 18:50:00,PT5M,0.0,0.0,0.0,0.0,0.0
0,0,0,0,28,0.15,68.1,3.8,227,2026-09-15 18:55:00,PT5M,0.0,0.0,0.0,0.0,0.0
0,0,0,0,28,0.15,68.4,3.8,228,2026-09-15 19:00:00,PT5M,0.0,0.0,0.0,0.0,0.0
0,0,0,0,28,0.15,68.7,3.8,228,2026-09-15 19:05:00,PT5M,0.0,0.0,0.0,0.0,0.0
0,0,0,0,28,0.15,69.1,3.7,228,2026-09-15 19:10:00,PT5M,0.0,0.0,0.0,0.0,0.0
0,0,0,0,27,0.15,69.4,3.7,228,2026-09-15 19:15:00,PT5M,0.0,0.0,0.0,0.0,0.0
0,0,0,0,27,0.15,69.7,3.7,229,2026-09-15 19:20:00,PT5M,0.0,0.0,0.0,0.0,0.0
0,0,0,0,27,0.15,70.0,3.6,229,2026-09-15 19:25:00,PT5M,0.0,0.0,0.0,0.0,0.0
0,0,0,0,27,0.15,70.3,3.6,229,2026-09-15 19:30:00,PT5M,0.0,0.0,0.0,0.0,0.0
0,0,0,0,27,0.15,70.6,3.6,229,2026-09-15 19:35:00,PT5M,0.0,0.0,0.0,0.0,0.0
0,0,0,0,27,0.15,71.0,3.5,230,2026-09-15 19:40:00,PT5M,0.0,0.0,0.0,0.0,0.0
0,0,0,0,27,0.15,71.3,3.5,230,2026-09-15 19:45:00,PT5M,0.0,0.0,0.0,0.0,0.0
0,0,0,0,27,0.15,71.6,3.4,230,2026-09-15 19:50:00,PT5M,0.0,0.0,0.0,0.0,0.0
0,0,0,0,27,0.15,71.9,3.4,230,2026-09-15 19:55:00,PT5M,0.0,0.0,0.0,0.0,0.0
0,0,0,0,27,0.15,72.3,3.4,231,2026-09-15 20:00:00,PT5M,0.0,0.0,0.0,0.0,0.0
0,0,0,0,27,0.15,72.6,3.3,231,2026-09-15 20:05:00,PT5M,0.0,0.0,0.0,0.0,0.0
0,0,0,0,27,0.15,72.9,3.3,231,2026-09-15 20:10:00,PT5M,0.0,0.0,0.0,0.0,0.0
0,0,0,0,27,0.15,73.3,3.3,232,2026-09-15 20:15:00,PT5M,0.0,0.0,0.0,0.0,0.0
0,0,0,0,26,0.15,73.6,3.2,232,2026-09-15 20:20:00,PT5M,0.0,0.0,0.0,0.0,0.0
0,0,0,0,26,0.15,73.9,3.2,232,2026-09-15 20:25:00,PT5M,0.0,0.0,0.0,0.0,0.0
0,0,0,0,26,0.15,74.3,3.2,233,2026-09-15 20:30:00,PT5M,0.0,0.0,0.0,0.0,0.0
0,0,0,0,26,0.15,74.6,3.1,233,2026-09-15 20:35:00,PT5M,0.0,0.0,0.0,0.0,0.0
0,0,0,0,26,0.15,74.8,3.1,232,2026-09-15 20:40:00,PT5M,0.0,0.0,0.0,0.0,0.0
0,0,0,0,26,0.15,75.0,3.1,232,2026-09-15 20:45:00,PT5M,0.0,0.0,0.0,0.0,0.0
0,0,0,0,26,0.15,75.2,3.1,232,2026-09-15 20:50:00,PT5M,0.0,0.0,0.0,0.0,0.0
0,0,0,0,26,0.15,75.4,3.1,232,2026-09-15 20:55:00,PT5M,0.0,0.0,0.0,0.0,0.0
0,0,0,0,26,0.15,75.6,3.0,231,2026-09-15 21:00:00,PT5M,0.0,0.0,0.0,0.0,0.0
0,0,0,0,26,0.15,75.8,3.0,231,2026-09-15 21:05:00,PT5M,0.0,0.0,0.0,0.0,0.0
0,0,0,0,26,0.15,76.1,3.0,231,2026-09-15 21:10:00,PT5M,0.0,0.0,0.0,0.0,0.0
0,0,0,0,26,0.15,76.3,3.0,231,2026-09-15 21:15:00,PT5M,0.0,0.0,0.0,0.0,0.0
0,0,0,0,26,0.15,76.5,3.0,230,2026-09-15 21:20:00,PT5M,0.0,0.0,0.0,0.0,0.0
0,0,0,0,26,0.15,76.7,3.0,230,2026-09-15 21:25:00,PT5M,0.0,0.0,0.0,0.0,0.0
0,0,0,0,26,0.15,76.9,2.9,230,2026-09-15 21:30:00,PT5M,0.0,0.0,0.0,0.0,0.0
0,0,0,0,26,0.15,77.1,2.9,229,2026-09-15 21:35:00,PT5M,0.0,0.0,0.0,0.0,0.0
0,0,0,0,26,0.15,77.4,2.9,229,2026-09-15 21:40:00,PT5M,0.0,0.0,0.0,0.0,0.0
0,0,0,0,26,0.15,77.6,2.9,229,2026-09-15 21:45:00,PT5M,0.0,0.0,0.0,0.0,0.0
0,0,0,0,26,0.15,77.8,2.9,229,2026-09-15 21:50:00,PT5M,0.0,0.0,0.0,0.0,0.0
0,0,0,0,26,0.15,78.0,2.9,228,2026-09-15 21:55:00,PT5M,0.0,0.0,0.0,0.0,0.0
0,0,0,0,26,0.15,78.2,2.8,228,2026-09-15 22:00:00,PT5M,0.0,0.0,0.0,0.0,0.0
0,0,0,0,26,0.15,78.5,2.8,228,2026-09-15 22:05:00,PT5M,0.0,0.0,0.0,0.0,0.0
0,0,0,0,26,0.15,78.7,2.8,227,2026-09-15 22:10:00,PT5M,0.0,0.0,0.0,0.0,0.0
0,0,0,0,26,0.15,78.9,2.8,227,2026-09-15 22:15:00,PT5M,0.0,0.0,0.0,0.0,0.0
0,0,0,0,26,0.15,79.1,2.8,227,2026-09-15 22:20:00,PT5M,0.0,0.0,0.0,0.0,0.0
0,0,0,0,26,0.15,79.3,2.8,226,2026-09-15 22:25:00,PT5M,0.0,0.0,0.0,0.0,0.0
0,0,0,0,25,0.15,79.6,2.7,226,2026-09-15 22:30:00,PT5M,0.0,0.0,0.0,0.0,0.0
0,0,0,0,25,0.15,79.8,2.7,226,2026-09-15 22:35:00,PT5M,0.0,0.0,0.0,0.0,0.0
0,0,0,0,25,0.15,80.0,2.7,225,2026-09-15 22:40:00,PT5M,0.0,0.0,0.0,0.0,0.0
0,0,0,0,25,0.15,80.3,2.7,225,2026-09-15 22:45:00,PT5M,0.0,0.0,0.0,0.0,0.0
0,0,0,0,25,0.15,80.5,2.7,225,2026-09-15 22:50:00,PT5M,0.0,0.0,0.0,0.0,0.0
0,0,0,0,25,0.15,80.7,2.7,224,2026-09-15 22:55:00,PT5M,0.0,0.0,0.0,0.0,0.0
0,0,0,0,25,0.15,80.9,2.6,224,2026-09-15 23:00:00,PT5M,0.0,0.0,0.0,0.0,0.0
0,0,0,0,25,0.15,81.2,2.6,224,2026-09-15 23:05:00,PT5M,0.0,0.0,0.0,0.0,0.0
0,0,0,0,25,0.15,81.4,2.6,223,2026-09-15 23:10:00,PT5M,0.0,0.0,0.0,0.0,0.0
0,0,0,0,25,0.15,81.6,2.6,223,2026-09-15 23:15:00,PT5M,0.0,0.0,0.0,0.0,0.0
0,0,0,0,25,0.15,81.9,2.6,223,2026-09-15 23:20:00,PT5M,0.0,0.0,0.0,0.0,0.0
0,0,0,0,25,0.15,82.1,2.6,222,2026-09-15 23:25:00,PT5M,0.0,0.0,0.0,0.0,0.0
0,0,0,0,25,0.15,82.3,2.6,222,2026-09-15 23:30:00,PT5M,0.0,0.0,0.0,0.0,0.0
0,0,0,0,25,0.15,82.5,2.5,222,2026-09-15 23:35:00,PT5M,0.0,0.0,0.0,0.0,0.0
0,0,0,0,25,0.15,82.6,2.5,222,2026-09-15 23:40:00,PT5M,0.0,0.0,0.0,0.0,0.0
0,0,0,0,25,0.15,82.7,2.5,223,2026-09-15 23:45:00,PT5M,0.0,0.0,0.0,0.0,0.0
0,0,0,0,25,0.15,82.8,2.5,223,2026-09-15 23:50:00,PT5M,0.0,0.0,0.0,0.0,0.0
0,0,0,0,25,0.15,82.9,2.4,223,2026-09-15 23:55:00,PT5M,0.0,0.0,0.0,0.0,0.0
0,0,0,0,25,0.15,83.0,2.4,223,2026-09-16 00:00:00,PT5M,0.0,0.0,0.0,0.0,0.0
0,0,0,0,25,0.15,83.1,2.4,224,2026-09-16 00:05:00,PT5M,0.0,0.0,0.0,0.0,0.0
0,0,0,0,25,0.15,83.2,2.4,224,2026-09-16 00:10:00,PT5M,0.0,0.0,0.0,0.0,0.0
0,0,0,0,25,0.15,83.3,2.4,224,2026-09-16 00:15:00,PT5M,0.0,0.0,0.0,0.0,0.0
0,0,0,0,25,0.15,83.4,2.3,225,2026-09-16 00:20:00,PT5M,0.0,0.0,0.0,0.0,0.0
0,0,0,0,25,0.15,83.4,2.3,225,2026-09-16 00:25:00,PT5M,0.0,0.0,0.0,0.0,0.0
0,0,0,0,25,0.15,83.5,2.3,225,2026-09-16 00:30:00,PT5M,0.0,0.0,0.0,0.0,0.0
0,0,0,0,25,0.15,83.6,2.3,226,2026-09-16 00:35:00,PT5M,0.0,0.0,0.0,0.0,0.0
0,0,0,0,25,0.15,83.7,2.3,226,2026-09-16 00:40:00,PT5M,0.0,0.0,0.0,0.0,0.0
0,0,0,0,25,0.15,83.8,2.2,226,2026-09-16 00:45:00,PT5M,0.0,0.0,0.0,0.0,0.0
0,0,0,0,25,0.15,83.9,2.2,227,2026-09-16 00:50:00,PT5M,0.0,0.0,0.0,0.0,0.0
0,0,0,0,25,0.15,84.0,2.2,227,2026-09-16 00:55:00,PT5M,0.0,0.0,0.0,0.0,0.0
0,0,0,0,25,0.15,84.1,2.2,228,2026-09-16 01:00:00,PT5M,0.0,0.0,0.0,0.0,0.0
0,0,0,0,25,0.15,84.2,2.1,228,2026-09-16 01:05:00,PT5M,0.0,0.0,0.0,0.0,0.0
0,0,0,0,25,0.15,84.3,2.1,228,2026-09-16 01:10:00,PT5M,0.0,0.0,0.0,0.0,0.0
0,0,0,0,25,0.15,84.4,2.1,229,2026-09-16 01:15:00,PT5M,0.0,0.0,0.0,0.0,0.0
0,0,0,0,25,0.15,84.5,2.1,229,2026-09-16 01:20:00,PT5M,0.0,0.0,0.0,0.0,0.0
0,0,0,0,25,0.15,84.6,2.1,230,2026-09-16 01:25:00,PT5M,0.0,0.0,0.0,0.0,0.0
0,0,0,0,25,0.15,84.7,2.0,230,2026-09-16 01:30:00,PT5M,0.0,0.0,0.0,0.0,0.0
0,0,0,0,25,0.15,84.8,2.0,231,2026-09-16 01:35:00,PT5M,0.0,0.0,0.0,0.0,0.0
0,0,0,0,24,0.15,84.9,2.0,231,2026-09-16 01:40:00,PT5M,0.0,0.0,0.0,0.0,0.0
0,0,0,0,24,0.15,85.0,2.0,231,2026-09-16 01:45:00,PT5M,0.0,0.0,0.0,0.0,0.0
0,0,0,0,24,0.15,85.1,2.0,232,2026-09-16 01:50:00,PT5M,0.0,0.0,0.0,0.0,0.0
0,0,0,0,24,0.15,85.2,1.9,232,2026-09-16 01:55:00,PT5M,0.0,0.0,0.0,0.0,0.0
0,0,0,0,24,0.15,85.3,1.9,233,2026-09-16 02:00:00,PT5M,0.0,0.0,0.0,0.0,0.0
0,0,0,0,24,0.15,85.4,1.9,233,2026-09-16 02:05:00,PT5M,0.0,0.0,0.0,0.0,0.0
0,0,0,0,24,0.15,85.5,1.9,234,2026-09-16 02:10:00,PT5M,0.0,0.0,0.0,0.0,0.0
0,0,0,0,24,0.15,85.6,1.9,234,2026-09-16 02:15:00,PT5M,0.0,0.0,0.0,0.0,0.0
0,0,0,0,24,0.15,85.7,1.8,235,2026-09-16 02:20:00,PT5M,0.0,0.0,0.0,0.0,0.0
0,0,0,0,24,0.15,85.8,1.8,235,2026-09-16 02:25:00,PT5M,0.0,0.0,0.0,0.0,0.0
0,0,0,0,24,0.15,85.9,1.8,236,2026-09-16 02:30:00,PT5M,0.0,0.0,0.0,0.0,0.0
0,0,0,0,24,0.15,86.0,1.8,236,2026-09-16 02:35:00,PT5M,0.0,0.0,0.0,0.0,0.0
0,0,0,0,24,0.15,86.0,1.8,236,2026-09-16 02:40:00,PT5M,0.0,0.0,0.0,0.0,0.0
0,0,0,0,24,0.15,86.0,1.8,236,2026-09-16 02:45:00,PT5M,0.0,0.0,0.0,0.0,0.0
0,0,0,0,24,0.15,86.0,1.7,236,2026-09-16 02:50:00,PT5M,0.0,0.0,0.0,0.0,0.0
0,0,0,0,24,0.15,86.0,1.7,236,2026-09-16 02:55:00,PT5M,0.0,0.0,0.0,0.0,0.0
0,0,0,0,24,0.15,86.0,1.7,236,2026-09-16 03:00:00,PT5M,0.0,0.0,0.0,0.0,0.0
0,0,0,0,24,0.15,86.0,1.7,236,2026-09-16 03:05:00,PT5M,0.0,0.0,0.0,0.0,0.0
0,0,0,0,24,0.15,86.1,1.7,236,2026-09-16 03:10:00,PT5M,0.0,0.0,0.0,0.0,0.0
0,0,0,0,24,0.15,86.1,1.7,236,2026-09-16 03:15:00,PT5M,0.0,0.0,0.0,0.0,0.0
0,0,0,0,24,0.15,86.1,1.6,236,2026-09-16 03:20:00,PT5M,0.0,0.0,0.0,0.0,0.0
0,0,0,0,24,0.15,86.1,1.6,236,2026-09-16 03:25:00,PT5M,0.0,0.0,0.0,0.0,0.0
0,0,0,0,24,0.15,86.1,1.6,236,2026-09-16 03:30:00,PT5M,0.0,0.0,0.0,0.0,0.0
0,0,0,0,24,0.15,86.1,1.6,236,2026-09-16 03:35:00,PT5M,0.0,0.0,0.0,0.0,0.0
0,0,0,0,24,0.15,86.2,1.6,236,2026-09-16 03:40:00,PT5M,0.0,0.0,0.0,0.0,0.0
0,0,0,0,24,0.15,86.2,1.6,236,2026-09-16 03:45:00,PT5M,0.0,0.0,0.0,0.0,0.0
0,0,0,0,24,0.15,86.2,1.6,236,2026-09-16 03:50:00,PT5M,0.0,0.0,0.0,0.0,0.0
0,0,0,0,24,0.15,86.2,1.5,236,2026-09-16 03:55:00,PT5M,0.0,0.0,0.0,0.0,0.0
0,0,0,0,24,0.15,86.2,1.5,236,2026-09-16 04:00:00,PT5M,0.0,0.0,0.0,0.0,0.0
0,0,0,0,24,0.15,86.2,1.5,236,2026-09-16 04:05:00,PT5M,0.0,0.0,0.0,0.0,0.0
0,0,0,0,24,0.15,86.2,1.5,236,2026-09-16 04:10:00,PT5M,0.0,0.0,0.0,0.0,0.0
0,0,0,0,24,0.15,86.3,1.5,236,2026-09-16 04:15:00,PT5M,0.0,0.0,0.0,0.0,0.0
0,0,0,0,24,0.15,86.3,1.5,236,2026-09-16 04:20:00,PT5M,0.0,0.0,0.0,0.0,0.0
0,0,0,0,24,0.15,86.3,1.4,236,2026-09-16 04:25:00,PT5M,0.0,0.0,0.0,0.0,0.0
0,0,0,0,24,0.15,86.3,1.4,236,2026-09-16 04:30:00,PT5M,0.0,0.0,0.0,0.0,0.0
0,0,0,0,24,0.15,86.3,1.4,236,2026-09-16 04:35:00,PT5M,0.0,0.0,0.0,0.0,0.0
0,0,0,0,24,0.15,86.3,1.4,236,2026-09-16 04:40:00,PT5M,0.0,0.0,0.0,0.0,0.0
0,0,0,0,24,0.15,86.3,1.4,235,2026-09-16 04:45:00,PT5M,0.0,0.0,0.0,0.0,0.0
0,0,0,0,24,0.15,86.4,1.4,235,2026-09-16 04:50:00,PT5M,0.0,0.0,0.0,0.0,0.0
0,0,0,0,24,0.15,86.4,1.3,235,2026-09-16 04:55:00,PT5M,0.0,0.0,0.0,0.0,0.0
0,0,0,0,24,0.15,86.4,1.3,235,2026-09-16 05:00:00,PT5M,0.0,0.0,0.0,0.0,0.0
0,0,0,0,24,0.15,86.4,1.3,235,2026-09-16 05:05:00,PT5M,0.0,0.0,0.0,0.0,0.0
0,0,0,0,24,0.15,86.4,1.3,235,2026-09-16 05:10:00,PT5M,0.0,0.0,0.0,0.0,0.0
0,0,0,0,24,0.15,86.4,1.3,235,2026-09-16 05:15:00,PT5M,0.0,0.0,0.0,0.0,0.0
0,0,0,0,24,0.15,86.4,1.3,235,2026-09-16 05:20:00,PT5M,0.0,0.0,0.0,0.0,0.0
0,0,0,0,24,0.15,86.5,1.2,235,2026-09-16 05:25:00,PT5M,0.0,0.0,0.0,0.0,0.0
0,0,0,0,24,0.15,86.5,1.2,235,2026-09-16 05:30:00,PT5M,0.0,0.0,0.0,0.0,0.0
0,0,0,0,24,0.15,86.3,1.2,235,2026-09-16 05:35:00,PT5M,0.0,0.0,0.0,0.0,0.0
0,0,0,0,24,0.15,86.1,1.2,234,2026-09-16 05:40:00,PT5M,0.0,0.0,0.0,0.0,0.0
0,0,0,0,24,0.15,85.8,1.2,234,2026-09-16 05:45:00,PT5M,0.0,0.0,0.0,0.0,0.0
0,0,0,0,24,0.15,85.5,1.2,233,2026-09-16 05:50:00,PT5M,0.0,0.0,0.0,0.0,0.0
0,0,0,0,24,0.15,85.3,1.1,233,2026-09-16 05:55:00,PT5M,0.0,0.0,0.0,0.0,0.0
0,0,0,0,24,0.15,85.0,1.1,232,2026-09-16 06:00:00,PT5M,0.0,0.0,0.0,0.0,0.0
2,2,0,2,25,0.15,84.7,1.1,231,2026-09-16 06:05:00,PT5M,0.0,0.0475,0.025,0.0,0.0
6,6,0,6,25,0.15,84.4,1.1,231,2026-09-16 06:10:00,PT5M,0.046,0.622,0.3492,0.0,0.0
9,9,0,9,25,0.15,84.2,1.1,230,2026-09-16 06:15:00,PT5M,0.543,1.7135,1.159,0.0,0.0
14,14,0,14,25,0.15,83.9,1.0,230,2026-09-16 06:20:00,PT5M,1.097,2.9245,2.0588,0.1352,0.0
19,19,0,19,25,0.15,83.6,1.0,229,2026-09-16 06:25:00,PT5M,1.706,4.4515,3.151,0.261,0.0
24,24,0,24,25,0.15,83.4,1.0,228,2026-09-16 06:30:00,PT5M,2.43,6.385,4.5115,0.3485,0.0
30,31,0,31,25,0.15,83.1,1.0,227,2026-09-16 06:35:00,PT5M,3.286,8.7485,6.161,0.411,0.0
38,38,0,38,25,0.15,82.9,1.0,227,2026-09-16 06:40:00,PT5M,4.21,11.3705,7.9786,0.4414,0.0
46,46,0,46,25,0.15,82.6,0.9,226,2026-09-16 06:45:00,PT5M,5.252,14.1745,9.948,0.556,0.0
55,55,0,55,25,0.15,82.3,0.9,225,2026-09-16 06:50:00,PT5M,6.468,17.314,12.1763,0.7597,0.0
65,65,0,65,25,0.15,82.1,0.9,224,2026-09-16 06:55:00,PT5M,7.714,20.5995,14.4957,0.9323,0.0
76,76,0,76,25,0.15,81.8,0.9,223,2026-09-16 07:00:00,PT5M,9.032,24.1445,16.9858,1.0782,0.0
87,87,0,87,25,0.15,81.6,0.9,222,2026-09-16 07:05:00,PT5M,10.392,27.6615,19.4811,1.3029,0.0
98,99,0,99,25,0.15,81.3,0.9,221,2026-09-16 07:10:00,PT5M,11.825,31.3465,22.0993,1.5507,0.0
110,111,0,111,25,0.15,81.0,0.8,220,2026-09-16 07:15:00,PT5M,13.318,35.167,24.8173,1.8187,0.0
123,124,0,124,25,0.15,80.8,0.8,219,2026-09-16 07:20:00,PT5M,14.849,39.0845,27.6043,2.0937,0.0
137,137,0,137,25,0.15,80.5,0.8,218,2026-09-16 07:25:00,PT5M,16.402,43.0675,30.4362,2.3678,0.0
150,151,0,151,25,0.15,80.3,0.8,217,2026-09-16 07:30:00,PT5M,17.984,47.1385,33.3282,2.6398,0.0
164,164,0,164,25,0.15,80.0,0.8,216,2026-09-16 07:35:00,PT5M,19.418,53.386,37.2956,1.5404,0.0
176,176,0,176,25,0.15,79.8,0.8,215,2026-09-16 07:40:00,PT5M,20.626,56.968,39.7531,1.4989,0.0
188,189,8,186,25,0.15,79.5,0.7,213,2026-09-16 07:45:00,PT5M,22.489,60.68,42.5892,2.3888,0.0
201,202,16,195,25,0.15,79.3,0.7,212,2026-09-16 07:50:00,PT5M,24.642,63.6485,45.1714,4.1126,0.0
214,215,24,203,25,0.15,79.0,0.7,211,2026-09-16 07:55:00,PT5M,26.782,66.547,47.7106,5.8534,0.0
227,228,32,212,25,0.15,78.8,0.7,209,2026-09-16 08:00:00,PT5M,28.592,69.0545,49.8877,7.2963,0.0
240,241,40,221,26,0.15,78.5,0.7,208,2026-09-16 08:05:00,PT5M,30.672,71.751,52.2922,9.0518,0.0
254,254,48,229,26,0.15,78.3,0.7,206,2026-09-16 08:10:00,PT5M,32.712,74.318,54.6095,10.8145,0.0
267,268,55,237,26,0.15,78.0,0.7,204,2026-09-16 08:15:00,PT5M,34.729,76.7765,56.8589,12.5991,0.0
281,281,63,245,26,0.15,77.8,0.7,203,2026-09-16 08:20:00,PT5M,36.722,79.122,59.0374,14.4066,0.0
294,295,71,253,26,0.15,77.5,0.6,201,2026-09-16 08:25:00,PT5M,38.72,81.361,61.1623,16.2777,0.0
308,309,79,261,26,0.15,77.3,0.6,199,2026-09-16 08:30:00,PT5M,40.702,83.51,63.2322,18.1718,0.0
321,322,86,268,26,0.15,77.1,0.6,199,2026-09-16 08:35:00,PT5M,42.48,85.4725,65.1073,19.8527,0.0
333,334,91,276,26,0.15,76.9,0.7,200,2026-09-16 08:40:00,PT5M,44.049,87.1255,66.7205,21.3775,0.9725
345,346,96,283,26,0.15,76.8,0.7,201,2026-09-16 08:45:00,PT5M,45.577,88.706,68.2761,22.8779,2.448
357,358,101,290,26,0.15,76.6,0.7,201,2026-09-16 08:50:00,PT5M,47.061,90.2185,69.7751,24.3469,3.9035
369,370,107,297,26,0.15,76.4,0.7,202,2026-09-16 08:55:00,PT5M,48.297,91.3195,70.94,25.654,5.2745
381,382,112,303,26,0.15,76.3,0.7,203,2026-09-16 09:00:00,PT5M,49.724,92.395,72.1821,27.2659,7.053
393,394,117,310,26,0.15,76.1,0.7,203,2026-09-16 09:05:00,PT5M,51.179,93.4885,73.4468,28.9112,8.8695
405,406,123,316,26,0.15,75.9,0.7,204,2026-09-16 09:10:00,PT5M,52.622,94.5635,74.6961,30.5479,10.6805
417,418,129,322,26,0.15,75.8,0.8,205,2026-09-16 09:15:00,PT5M,54.035,95.604,75.9131,32.1569,12.466
429,430,134,328,26,0.15,75.6,0.8,205,2026-09-16 09:20:00,PT5M,55.418,96.6345,77.1105,33.7255,14.2015
441,442,140,333,26,0.15,75.4,0.8,206,2026-09-16 09:25:00,PT5M,56.771,97.632,78.2764,35.2656,15.91
452,453,146,339,26,0.15,75.3,0.8,206,2026-09-16 09:30:00,PT5M,58.094,98.5965,79.4108,36.7772,17.5915
464,465,151,344,26,0.15,75.1,0.8,207,2026-09-16 09:35:00,PT5M,59.327,99.4985,80.4695,38.1845,19.1555
474,475,155,349,26,0.15,74.9,0.8,207,2026-09-16 09:40:00,PT5M,60.47,100.0,81.4539,39.4861,20.6
485,486,159,354,26,0.15,74.8,0.9,208,2026-09-16 09:45:00,PT5M,61.555,100.0,82.3828,40.7272,21.9815
495,496,163,358,26,0.15,74.6,0.9,208,2026-09-16 09:50:00,PT5M,62.596,100.0,83.2693,41.9227,23.316
504,505,167,363,26,0.15,74.5,0.9,209,2026-09-16 09:55:00,PT5M,63.607,100.0,84.1267,43.0873,24.619
514,515,171,367,26,0.15,74.3,0.9,209,2026-09-16 10:00:00,PT5M,64.586,100.0,84.9541,44.2179,25.886
523,524,175,371,26,0.15,74.1,0.9,210,2026-09-16 10:05:00,PT5M,65.521,100.0,85.7409,45.3011,27.1025
532,533,179,376,26,0.15,74.0,0.9,210,2026-09-16 10:10:00,PT5M,66.416,100.0,86.4899,46.3421,28.275
541,542,182,380,26,0.15,73.8,1.0,210,2026-09-16 10:15:00,PT5M,67.282,100.0,87.2117,47.3523,29.415
550,551,186,383,26,0.15,73.7,1.0,211,2026-09-16 10:20:00,PT5M,68.118,100.0,87.9056,48.3304,30.521
558,559,189,387,26,0.15,73.5,1.0,211,2026-09-16 10:25:00,PT5M,68.928,100.0,88.5748,49.2812,31.5985
566,567,193,390,26,0.15,73.3,1.0,211,2026-09-16 10:30:00,PT5M,69.712,100.0,89.2196,50.2044,32.647
575,576,197,393,26,0.15,73.2,1.0,212,2026-09-16 10:35:00,PT5M,70.526,100.0,89.8859,51.1661,33.7415
583,584,202,396,26,0.15,73.0,1.0,212,2026-09-16 10:40:00,PT5M,71.37,100.0,90.5742,52.1658,34.8815
592,593,206,398,26,0.15,72.9,1.1,212,2026-09-16 10:45:00,PT5M,72.183,100.0,91.233,53.133,35.9875
600,601,211,400,26,0.15,72.7,1.1,213,2026-09-16 10:50:00,PT5M,72.975,100.0,91.8734,54.0766,37.0675
607,608,216,402,26,0.15,72.6,1.1,213,2026-09-16 10:55:00,PT5M,73.711,100.0,92.4623,54.9597,38.083
615,616,221,403,26,0.15,72.4,1.1,213,2026-09-16 11:00:00,PT5M,74.383,100.0,93.0001,55.7659,39.01
622,623,225,405,27,0.15,72.2,1.1,214,2026-09-16 11:05:00,PT5M,75.04,100.0,93.5221,56.5579,39.9235
629,630,230,406,27,0.15,72.1,1.1,214,2026-09-16 11:10:00,PT5M,75.702,100.0,94.0401,57.3639,40.859
636,637,236,406,27,0.15,71.9,1.2,214,2026-09-16 11:15:00,PT5M,76.336,100.0,94.532,58.14,41.763
642,643,241,407,27,0.15,71.8,1.2,214,2026-09-16 11:20:00,PT5M,76.918,100.0,94.9824,58.8536,42.595
648,649,246,407,27,0.15,71.6,1.2,215,2026-09-16 11:25:00,PT5M,77.466,100.0,95.4036,59.5284,43.384
654,655,251,407,27,0.15,71.5,1.2,215,2026-09-16 11:30:00,PT5M,77.982,100.0,95.797,60.167,44.133
657,658,252,407,27,0.15,71.2,1.2,215,2026-09-16 11:35:00,PT5M,78.184,100.0,95.9679,60.4001,44.394
657,657,250,409,27,0.15,70.9,1.3,214,2026-09-16 11:40:00,PT5M,78.071,100.0,95.9173,60.2247,44.1625
656,657,248,411,27,0.15,70.6,1.3,214,2026-09-16 11:45:00,PT5M,77.928,100.0,95.8419,60.0141,43.891
655,656,245,412,27,0.15,70.3,1.4,214,2026-09-16 11:50:00,PT5M,77.739,100.0,95.7271,59.7509,43.561
654,655,242,413,27,0.15,70.0,1.4,213,2026-09-16 11:55:00,PT5M,77.511,100.0,95.5791,59.4429,43.181
652,653,240,414,27,0.15,69.7,1.4,213,2026-09-16 12:00:00,PT5M,77.254,100.0,95.4069,59.1011,42.763
650,651,237,415,27,0.15,69.4,1.5,213,2026-09-16 12:05:00,PT5M,77.03,100.0,95.2723,58.7877,42.369
648,649,234,415,27,0.15,69.1,1.5,212,2026-09-16 12:10:00,PT5M,76.8,100.0,95.1363,58.4637,41.9605
645,646,231,416,27,0.15,68.8,1.5,212,2026-09-16 12:15:00,PT5M,76.541,100.0,94.9754,58.1066,41.515
642,642,228,416,27,0.15,68.6,1.6,212,2026-09-16 12:20:00,PT5M,76.232,100.0,94.7704,57.6936,41.0085
638,639,224,416,27,0.15,68.3,1.6,212,2026-09-16 12:25:00,PT5M,75.885,100.0,94.5318,57.2382,40.4555
634,635,221,416,27,0.15,68.0,1.7,211,2026-09-16 12:30:00,PT5M,75.506,100.0,94.2652,56.7468,39.863
630,631,218,415,27,0.15,67.7,1.7,211,2026-09-16 12:35:00,PT5M,75.152,100.0,94.0051,56.2989,39.3305
626,627,216,414,27,0.15,67.4,1.7,211,2026-09-16 12:40:00,PT5M,74.822,100.0,93.7522,55.8918,38.854
622,623,214,413,28,0.15,67.1,1.8,211,2026-09-16 12:45:00,PT5M,74.46,100.0,93.4715,55.4485,38.3375
618,618,212,412,28,0.15,66.8,1.8,210,2026-09-16 12:50:00,PT5M,74.057,100.0,93.1567,54.9573,37.767
613,614,210,410,28,0.15,66.5,1.8,210,2026-09-16 12:55:00,PT5M,73.608,100.0,92.8043,54.4117,37.1345
608,609,207,408,28,0.15,66.3,1.9,210,2026-09-16 13:00:00,PT5M,73.135,100.0,92.4257,53.8443,36.482
602,603,205,406,28,0.15,66.0,1.9,210,2026-09-16 13:05:00,PT5M,72.68,100.0,92.0568,53.3032,35.8635
597,597,203,404,28,0.15,65.7,2.0,210,2026-09-16 13:10:00,PT5M,72.165,100.0,91.6386,52.6914,35.1645
591,591,200,402,28,0.15,65.4,2.0,210,2026-09-16 13:15:00,PT5M,71.6,100.0,91.1784,52.0216,34.4005
584,585,198,399,28,0.15,65.1,2.0,209,2026-09-16 13:20:00,PT5M,70.999,100.0,90.686,51.312,33.593
578,578,195,396,28,0.15,64.9,2.1,209,2026-09-16 13:25:00,PT5M,70.367,100.0,90.1656,50.5684,32.749
571,572,193,393,28,0.15,64.6,2.1,209,2026-09-16 13:30:00,PT5M,69.708,100.0,89.6206,49.7954,31.8735
563,564,189,390,28,0.15,64.3,2.2,209,2026-09-16 13:35:00,PT5M,68.964,100.0,88.9921,48.9359,30.91
555,556,186,387,28,0.15,64.0,2.2,209,2026-09-16 13:40:00,PT5M,68.135,100.0,88.2805,47.9895,29.858
546,547,182,384,28,0.15,63.8,2.2,209,2026-09-16 13:45:00,PT5M,67.281,100.0,87.5457,47.0163,28.7775
537,538,178,380,28,0.15,63.5,2.3,208,2026-09-16 13:50:00,PT5M,66.398,100.0,86.7837,46.0123,27.6645
528,529,174,376,28,0.15,63.2,2.3,208,2026-09-16 13:55:00,PT5M,65.484,100.0,85.9931,44.9749,26.516
519,520,170,372,28,0.15,63.0,2.3,208,2026-09-16 14:00:00,PT5M,64.539,100.0,85.1737,43.9043,25.3325
509,510,166,368,29,0.15,62.7,2.4,208,2026-09-16 14:05:00,PT5M,63.563,100.0,84.3256,42.8004,24.1135
500,501,162,364,29,0.15,62.4,2.4,208,2026-09-16 14:10:00,PT5M,62.55,100.0,83.4436,41.6564,22.8515
490,491,158,359,29,0.15,62.2,2.5,208,2026-09-16 14:15:00,PT5M,61.508,100.0,82.5345,40.4815,21.557
480,481,154,354,29,0.15,61.9,2.5,208,2026-09-16 14:20:00,PT5M,60.436,100.0,81.5967,39.2753,20.23
469,470,149,349,29,0.15,61.6,2.5,208,2026-09-16 14:25:00,PT5M,59.304,99.7715,80.6023,38.0057,18.8365
458,459,145,344,29,0.15,61.4,2.6,208,2026-09-16 14:30:00,PT5M,58.132,98.864,79.5695,36.6945,17.4
448,449,141,339,29,0.15,61.4,2.6,208,2026-09-16 14:35:00,PT5M,57.0,97.9965,78.5768,35.4232,16.0035
437,438,137,333,29,0.15,61.6,2.6,208,2026-09-16 14:40:00,PT5M,55.909,97.1695,77.6247,34.1933,14.6485
427,428,133,327,29,0.15,61.9,2.6,209,2026-09-16 14:45:00,PT5M,54.787,96.3135,76.6427,32.9313,13.2605
416,417,130,321,29,0.15,62.1,2.6,209,2026-09-16 14:50:00,PT5M,53.635,95.4385,75.6365,31.6335,11.8315
405,406,126,315,29,0.15,62.3,2.6,209,2026-09-16 14:55:00,PT5M,52.451,94.5435,74.6046,30.2974,10.3585
394,395,122,308,28,0.15,62.6,2.6,210,2026-09-16 15:00:00,PT5M,51.236,93.6175,73.5417,28.9303,8.8545
383,384,118,302,28,0.15,62.8,2.6,210,2026-09-16 15:05:00,PT5M,49.979,92.3205,72.2636,27.6944,7.6375
372,373,113,296,28,0.15,63.1,2.6,211,2026-09-16 15:10:00,PT5M,48.646,90.8675,70.8675,26.4245,6.4245
360,361,107,290,28,0.15,63.3,2.7,211,2026-09-16 15:15:00,PT5M,47.492,89.507,69.6048,25.3792,5.477
349,350,102,283,28,0.15,63.6,2.7,211,2026-09-16 15:20:00,PT5M,46.073,87.908,68.0911,24.0549,4.238
337,338,97,277,28,0.15,63.8,2.7,212,2026-09-16 15:25:00,PT5M,44.591,86.216,66.4985,22.6835,2.966
325,326,91,270,28,0.15,64.0,2.7,212,2026-09-16 15:30:00,PT5M,43.055,84.431,64.8315,21.2785,1.679
313,314,85,263,28,0.15,64.3,2.7,212,2026-09-16 15:35:00,PT5M,41.465,82.546,63.0862,19.8438,0.384
301,302,79,256,28,0.15,64.5,2.7,213,2026-09-16 15:40:00,PT5M,39.819,80.551,61.2565,18.3815,0.0
289,289,73,248,28,0.15,64.8,2.7,213,2026-09-16 15:45:00,PT5M,38.144,78.4315,59.3476,16.9404,0.0
276,277,67,241,28,0.15,65.1,2.7,214,2026-09-16 15:50:00,PT5M,36.42,76.156,57.3333,15.5067,0.0
264,265,60,233,28,0.15,65.3,2.7,214,2026-09-16 15:55:00,PT5M,34.636,73.7155,55.2038,14.0682,0.0
251,252,53,225,28,0.15,65.6,2.7,214,2026-09-16 16:00:00,PT5M,32.79,71.1245,52.9657,12.6143,0.0
239,240,47,216,28,0.15,65.8,2.7,215,2026-09-16 16:05:00,PT5M,30.978,68.5465,50.7506,11.2054,0.0
227,227,42,208,28,0.15,66.1,2.7,215,2026-09-16 16:10:00,PT5M,29.205,66.002,48.5715,9.8385,0.0
214,215,36,199,27,0.15,66.3,2.8,215,2026-09-16 16:15:00,PT5M,27.384,63.354,46.3153,8.4527,0.0
202,203,30,190,27,0.15,66.6,2.8,216,2026-09-16 16:20:00,PT5M,25.839,60.8715,44.2769,7.4011,0.0
190,191,24,181,27,0.15,66.9,2.8,216,2026-09-16 16:25:00,PT5M,24.152,56.806,41.338,6.966,0.0
178,178,18,171,27,0.15,67.1,2.8,217,2026-09-16 16:30:00,PT5M,22.353,52.736,38.3438,6.3622,0.0
166,166,12,162,27,0.15,67.4,2.8,217,2026-09-16 16:35:00,PT5M,20.564,48.6485,35.3451,5.7829,0.0
154,155,6,153,27,0.15,67.6,2.8,217,2026-09-16 16:40:00,PT5M,18.803,44.6575,32.4104,5.1956,0.0
142,143,0,143,27,0.15,67.9,2.8,218,2026-09-16 16:45:00,PT5M,17.098,40.7375,29.5396,4.6564,0.0
131,131,0,131,27,0.15,68.2,2.8,218,2026-09-16 16:50:00,PT5M,15.706,37.1455,26.9898,4.4222,0.0
119,119,0,119,27,0.15,68.4,2.8,218,2026-09-16 16:55:00,PT5M,14.303,33.573,24.4449,4.1611,0.0
108,108,0,108,27,0.15,68.7,2.8,219,2026-09-16 17:00:00,PT5M,12.904,30.053,21.9296,3.8784,0.0
96,96,0,96,27,0.15,69.0,2.9,219,2026-09-16 17:05:00,PT5M,11.491,26.6055,19.4459,3.5361,0.0
84,84,0,84,27,0.15,69.3,2.9,219,2026-09-16 17:10:00,PT5M,10.092,23.2825,17.0343,3.1497,0.0
73,73,0,73,27,0.15,69.5,2.9,220,2026-09-16 17:15:00,PT5M,8.646,19.9835,14.613,2.679,0.0
62,62,0,62,27,0.15,69.8,2.9,220,2026-09-16 17:20:00,PT5M,7.269,16.797,12.2837,2.2543,0.0
52,52,0,52,27,0.15,70.1,2.9,220,2026-09-16 17:25:00,PT5M,6.041,13.8015,10.1254,1.9566,0.0
42,43,0,43,26,0.15,70.3,2.9,221,2026-09-16 17:30:00,PT5M,4.848,10.918,8.0427,1.6533,0.0
33,34,0,34,26,0.15,70.5,2.9,221,2026-09-16 17:35:00,PT5M,3.637,8.135,6.0043,1.2697,0.0
25,25,0,25,26,0.15,70.7,2.9,221,2026-09-16 17:40:00,PT5M,2.6,5.8075,4.2881,0.9119,0.0
18,18,0,18,26,0.15,70.8,2.9,221,2026-09-16 17:45:00,PT5M,1.703,3.7915,2.8022,0.6038,0.0
12,12,0,12,26,0.15,70.9,2.9,221,2026-09-16 17:50:00,PT5M,0.892,2.0255,1.4886,0.2954,0.0
6,6,0,6,26,0.15,71.0,2.9,221,2026-09-16 17:55:00,PT5M,0.168,0.625,0.4085,0.0,0.0
2,2,0,2,26,0.15,71.1,2.9,221,2026-09-16 18:00:00,PT5M,0.0,0.0,0.0,0.0,0.0
0,0,0,0,26,0.15,71.2,2.9,221,2026-09-16 18:05:00,PT5M,0.0,0.0,0.0,0.0,0.0
0,0,0,0,26,0.15,71.4,3.0,221,2026-09-16 18:10:00,PT5M,0.0,0.0,0.0,0.0,0.0
0,0,0,0,26,0.15,71.5,3.0,221,2026-09-16 18:15:00,PT5M,0.0,0.0,0.0,0.0,0.0
0,0,0,0,26,0.15,71.6,3.0,221,2026-09-16 18:20:00,PT5M,0.0,0.0,0.0,0.0,0.0
0,0,0,0,26,0.15,71.7,3.0,221,2026-09-16 18:25:00,PT5M,0.0,0.0,0.0,0.0,0.0
0,0,0,0,26,0.15,71.8,3.0,220,2026-09-16 18:30:00,PT5M,0.0,0.0,0.0,0.0,0.0
0,0,0,0,26,0.15,72.0,3.0,220,2026-09-16 18:35:00,PT5M,0.0,0.0,0.0,0.0,0.0
0,0,0,0,26,0.15,72.1,3.0,220,2026-09-16 18:40:00,PT5M,0.0,0.0,0.0,0.0,0.0
0,0,0,0,26,0.15,72.2,3.0,220,2026-09-16 18:45:00,PT5M,0.0,0.0,0.0,0.0,0.0
0,0,0,0,26,0.15,72.3,3.0,220,2026-09-16 18:50:00,PT5M,0.0,0.0,0.0,0.0,0.0
0,0,0,0,26,0.15,72.4,3.0,220,2026-09-16 18:55:00,PT5M,0.0,0.0,0.0,0.0,0.0
0,0,0,0,26,0.15,72.5,3.0,220,2026-09-16 19:00:00,PT5M,0.0,0.0,0.0,0.0,0.0
0,0,0,0,26,0.15,72.7,3.0,220,2026-09-16 19:05:00,PT5M,0.0,0.0,0.0,0.0,0.0
0,0,0,0,26,0.15,72.8,3.0,220,2026-09-16 19:10:00,PT5M,0.0,0.0,0.0,0.0,0.0
0,0,0,0,26,0.15,72.9,3.0,220,2026-09-16 19:15:00,PT5M,0.0,0.0,0.0,0.0,0.0
0,0,0,0,26,0.15,73.0,3.0,220,2026-09-16 19:20:00,PT5M,0.0,0.0,0.0,0.0,0.0
0,0,0,0,26,0.15,73.2,3.0,220,2026-09-16 19:25:00,PT5M,0.0,0.0,0.0,0.0,0.0
0,0,0,0,26,0.15,73.3,3.0,220,2026-09-16 19:30:00,PT5M,0.0,0.0,0.0,0.0,0.0
0,0,0,0,26,0.15,73.4,3.1,220,2026-09-16 19:35:00,PT5M,0.0,0.0,0.0,0.0,0.0
0,0,0,0,26,0.15,73.5,3.1,220,2026-09-16 19:40:00,PT5M,0.0,0.0,0.0,0.0,0.0
0,0,0,0,26,0.15,73.6,3.1,220,2026-09-16 19:45:00,PT5M,0.0,0.0,0.0,0.0,0.0
0,0,0,0,26,0.15,73.8,3.1,220,2026-09-16 19:50:00,PT5M,0.0,0.0,0.0,0.0,0.0
0,0,0,0,26,0.15,73.9,3.1,220,2026-09-16 19:55:00,PT5M,0.0,0.0,0.0,0.0,0.0
0,0,0,0,26,0.15,74.0,3.1,220,2026-09-16 20:00:00,PT5M,0.0,0.0,0.0,0.0,0.0
0,0,0,0,26,0.15,74.1,3.1,220,2026-09-16 20:05:00,PT5M,0.0,0.0,0.0,0.0,0.0
0,0,0,0,26,0.15,74.2,3.1,220,2026-09-16 20:10:00,PT5M,0.0,0.0,0.0,0.0,0.0
0,0,0,0,26,0.15,74.4,3.1,220,2026-09-16 20:15:00,PT5M,0.0,0.0,0.0,0.0,0.0
0,0,0,0,26,0.15,74.5,3.1,220,2026-09-16 20:20:00,PT5M,0.0,0.0,0.0,0.0,0.0
0,0,0,0,26,0.15,74.6,3.1,220,2026-09-16 20:25:00,PT5M,0.0,0.0,0.0,0.0,0.0
0,0,0,0,26,0.15,74.7,3.1,220,2026-09-16 20:30:00,PT5M,0.0,0.0,0.0,0.0,0.0
0,0,0,0,26,0.15,74.8,3.1,220,2026-09-16 20:35:00,PT5M,0.0,0.0,0.0,0.0,0.0
0,0,0,0,26,0.15,74.9,3.1,220,2026-09-16 20:40:00,PT5M,0.0,0.0,0.0,0.0,0.0
0,0,0,0,26,0.15,75.0,3.1,220,2026-09-16 20:45:00,PT5M,0.0,0.0,0.0,0.0,0.0
0,0,0,0,25,0.15,75.1,3.1,220,2026-09-16 20:50:00,PT5M,0.0,0.0,0.0,0.0,0.0
0,0,0,0,25,0.15,75.2,3.1,221,2026-09-16 20:55:00,PT5M,0.0,0.0,0.0,0.0,0.0
0,0,0,0,25,0.15,75.3,3.1,221,2026-09-16 21:00:00,PT5M,0.0,0.0,0.0,0.0,0.0
0,0,0,0,25,0.15,75.4,3.1,221,2026-09-16 21:05:00,PT5M,0.0,0.0,0.0,0.0,0.0
0,0,0,0,25,0.15,75.5,3.1,221,2026-09-16 21:10:00,PT5M,0.0,0.0,0.0,0.0,0.0
0,0,0,0,25,0.15,75.5,3.1,221,2026-09-16 21:15:00,PT5M,0.0,0.0,0.0,0.0,0.0
0,0,0,0,25,0.15,75.6,3.1,221,2026-09-16 21:20:00,PT5M,0.0,0.0,0.0,0.0,0.0
0,0,0,0,25,0.15,75.7,3.1,222,2026-09-16 21:25:00,PT5M,0.0,0.0,0.0,0.0,0.0
0,0,0,0,25,0.15,75.8,3.1,222,2026-09-16 21:30:00,PT5M,0.0,0.0,0.0,0.0,0.0
0,0,0,0,25,0.15,75.9,3.1,222,2026-09-16 21:35:00,PT5M,0.0,0.0,0.0,0.0,0.0
0,0,0,0,25,0.15,76.0,3.1,222,2026-09-16 21:40:00,PT5M,0.0,0.0,0.0,0.0,0.0
0,0,0,0,25,0.15,76.1,3.1,222,2026-09-16 21:45:00,PT5M,0.0,0.0,0.0,0.0,0.0
0,0,0,0,25,0.15,76.2,3.1,223,2026-09-16 21:50:00,PT5M,0.0,0.0,0.0,0.0,0.0
0,0,0,0,25,0.15,76.3,3.1,223,2026-09-16 21:55:00,PT5M,0.0,0.0,0.0,0.0,0.0
0,0,0,0,25,0.15,76.3,3.1,223,2026-09-16 22:00:00,PT5M,0.0,0.0,0.0,0.0,0.0
0,0,0,0,25,0.15,76.4,3.1,223,2026-09-16 22:05:00,PT5M,0.0,0.0,0.0,0.0,0.0
0,0,0,0,25,0.15,76.5,3.1,223,2026-09-16 22:10:00,PT5M,0.0,0.0,0.0,0.0,0.0
0,0,0,0,25,0.15,76.6,3.1,223,2026-09-16 22:15:00,PT5M,0.0,0.0,0.0,0.0,0.0
0,0,0,0,25,0.15,76.7,3.1,224,2026-09-16 22:20:00,PT5M,0.0,0.0,0.0,0.0,0.0
0,0,0,0,25,0.15,76.8,3.1,224,2026-09-16 22:25:00,PT5M,0.0,0.0,0.0,0.0,0.0
0,0,0,0,25,0.15,76.9,3.1,224,2026-09-16 22:30:00,PT5M,0.0,0.0,0.0,0.0,0.0
0,0,0,0,25,0.15,77.0,3.1,224,2026-09-16 22:35:00,PT5M,0.0,0.0,0.0,0.0,0.0
0,0,0,0,25,0.15,77.1,3.1,224,2026-09-16 22:40:00,PT5M,0.0,0.0,0.0,0.0,0.0
0,0,0,0,25,0.15,77.1,3.1,225,2026-09-16 22:45:00,PT5M,0.0,0.0,0.0,0.0,0.0
0,0,0,0,25,0.15,77.2,3.1,225,2026-09-16 22:50:00,PT5M,0.0,0.0,0.0,0.0,0.0
0,0,0,0,25,0.15,77.3,3.1,225,2026-09-16 22:55:00,PT5M,0.0,0.0,0.0,0.0,0.0
0,0,0,0,25,0.15,77.4,3.1,225,2026-09-16 23:00:00,PT5M,0.0,0.0,0.0,0.0,0.0
0,0,0,0,25,0.15,77.5,3.1,225,2026-09-16 23:05:00,PT5M,0.0,0.0,0.0,0.0,0.0
0,0,0,0,25,0.15,77.6,3.0,225,2026-09-16 23:10:00,PT5M,0.0,0.0,0.0,0.0,0.0
0,0,0,0,25,0.15,77.7,3.0,226,2026-09-16 23:15:00,PT5M,0.0,0.0,0.0,0.0,0.0
0,0,0,0,25,0.15,77.8,3.0,226,2026-09-16 23:20:00,PT5M,0.0,0.0,0.0,0.0,0.0
0,0,0,0,25,0.15,77.9,3.0,226,2026-09-16 23:25:00,PT5M,0.0,0.0,0.0,0.0,0.0
0,0,0,0,25,0.15,78.0,3.0,226,2026-09-16 23:30:00,PT5M,0.0,0.0,0.0,0.0,0.0
0,0,0,0,25,0.15,78.0,3.0,226,2026-09-16 23:35:00,PT5M,0.0,0.0,0.0,0.0,0.0
0,0,0,0,25,0.15,78.0,3.0,226,2026-09-16 23:40:00,PT5M,0.0,0.0,0.0,0.0,0.0
0,0,0,0,25,0.15,78.0,3.0,226,2026-09-16 23:45:00,PT5M,0.0,0.0,0.0,0.0,0.0
0,0,0,0,25,0.15,78.0,3.0,226,2026-09-16 23:50:00,PT5M,0.0,0.0,0.0,0.0,0.0
0,0,0,0,25,0.15,78.0,3.0,226,2026-09-16 23:55:00,PT5M,0.0,0.0,0.0,0.0,0.0
0,0,0,0,25,0.15,78.0,3.0,226,2026-09-17 00:00:00,PT5M,0.0,0.0,0.0,0.0,0.0
0,0,0,0,25,0.15,78.0,3.0,226,2026-09-17 00:05:00,PT5M,0.0,0.0,0.0,0.0,0.0
0,0,0,0,25,0.15,78.0,3.0,226,2026-09-17 00:10:00,PT5M,0.0,0.0,0.0,0.0,0.0
0,0,0,0,25,0.15,78.0,2.9,226,2026-09-17 00:15:00,PT5M,0.0,0.0,0.0,0.0,0.0
0,0,0,0,25,0.15,78.0,2.9,226,2026-09-17 00:20:00,PT5M,0.0,0.0,0.0,0.0,0.0
0,0,0,0,25,0.15,78.0,2.9,226,2026-09-17 00:25:00,PT5M,0.0,0.0,0.0,0.0,0.0
0,0,0,0,25,0.15,78.0,2.9,226,2026-09-17 00:30:00,PT5M,0.0,0.0,0.0,0.0,0.0
0,0,0,0,25,0.15,78.0,2.9,226,2026-09-17 00:35:00,PT5M,0.0,0.0,0.0,0.0,0.0
0,0,0,0,25,0.15,78.0,2.9,226,2026-09-17 00:40:00,PT5M,0.0,0.0,0.0,0.0,0.0
0,0,0,0,25,0.15,78.0,2.9,226,2026-09-17 00:45:00,PT5M,0.0,0.0,0.0,0.0,0.0
0,0,0,0,25,0.15,78.0,2.9,226,2026-09-17 00:50:00,PT5M,0.0,0.0,0.0,0.0,0.0
0,0,0,0,25,0.15,78.0,2.8,226,2026-09-17 00:55:00,PT5M,0.0,0.0,0.0,0.0,0.0
0,0,0,0,25,0.15,78.0,2.8,226,2026-09-17 01:00:00,PT5M,0.0,0.0,0.0,0.0,0.0
0,0,0,0,25,0.15,78.0,2.8,226,2026-09-17 01:05:00,PT5M,0.0,0.0,0.0,0.0,0.0
0,0,0,0,25,0.15,78.0,2.8,226,2026-09-17 01:10:00,PT5M,0.0,0.0,0.0,0.0,0.0
0,0,0,0,25,0.15,78.0,2.8,226,2026-09-17 01:15:00,PT5M,0.0,0.0,0.0,0.0,0.0
0,0,0,0,25,0.15,78.0,2.8,226,2026-09-17 01:20:00,PT5M,0.0,0.0,0.0,0.0,0.0
0,0,0,0,25,0.15,78.0,2.8,226,2026-09-17 01:25:00,PT5M,0.0,0.0,0.0,0.0,0.0
0,0,0,0,25,0.15,78.0,2.8,226,2026-09-17 01:30:00,PT5M,0.0,0.0,0.0,0.0,0.0
0,0,0,0,25,0.15,78.0,2.8,226,2026-09-17 01:35:00,PT5M,0.0,0.0,0.0,0.0,0.0
0,0,0,0,25,0.15,78.0,2.7,226,2026-09-17 01:40:00,PT5M,0.0,0.0,0.0,0.0,0.0
0,0,0,0,25,0.15,78.0,2.7,226,2026-09-17 01:45:00,PT5M,0.0,0.0,0.0,0.0,0.0
0,0,0,0,25,0.15,78.0,2.7,226,2026-09-17 01:50:00,PT5M,0.0,0.0,0.0,0.0,0.0
0,0,0,0,25,0.15,78.0,2.7,226,2026-09-17 01:55:00,PT5M,0.0,0.0,0.0,0.0,0.0
0,0,0,0,25,0.15,78.0,2.7,227,2026-09-17 02:00:00,PT5M,0.0,0.0,0.0,0.0,0.0
0,0,0,0,25,0.15,78.0,2.7,227,2026-09-17 02:05:00,PT5M,0.0,0.0,0.0,0.0,0.0
0,0,0,0,25,0.15,78.0,2.7,227,2026-09-17 02:10:00,PT5M,0.0,0.0,0.0,0.0,0.0
0,0,0,0,25,0.15,78.0,2.7,227,2026-09-17 02:15:00,PT5M,0.0,0.0,0.0,0.0,0.0
0,0,0,0,25,0.15,78.0,2.6,227,2026-09-17 02:20:00,PT5M,0.0,0.0,0.0,0.0,0.0
0,0,0,0,25,0.15,78.0,2.6,227,2026-09-17 02:25:00,PT5M,0.0,0.0,0.0,0.0,0.0
0,0,0,0,25,0.15,78.0,2.6,227,2026-09-17 02:30:00,PT5M,0.0,0.0,0.0,0.0,0.0
0,0,0,0,25,0.15,77.9,2.6,227,2026-09-17 02:35:00,PT5M,0.0,0.0,0.0,0.0,0.0
0,0,0,0,25,0.15,77.9,2.6,227,2026-09-17 02:40:00,PT5M,0.0,0.0,0.0,0.0,0.0
0,0,0,0,25,0.15,77.9,2.6,227,2026-09-17 02:45:00,PT5M,0.0,0.0,0.0,0.0,0.0
0,0,0,0,25,0.15,77.9,2.6,227,2026-09-17 02:50:00,PT5M,0.0,0.0,0.0,0.0,0.0
0,0,0,0,25,0.15,77.8,2.6,227,2026-09-17 02:55:00,PT5M,0.0,0.0,0.0,0.0,0.0
0,0,0,0,25,0.15,77.8,2.6,227,2026-09-17 03:00:00,PT5M,0.0,0.0,0.0,0.0,0.0
0,0,0,0,25,0.15,77.8,2.6,227,2026-09-17 03:05:00,PT5M,0.0,0.0,0.0,0.0,0.0
0,0,0,0,25,0.15,77.8,2.6,227,2026-09-17 03:10:00,PT5M,0.0,0.0,0.0,0.0,0.0
0,0,0,0,25,0.15,77.7,2.6,227,2026-09-17 03:15:00,PT5M,0.0,0.0,0.0,0.0,0.0
0,0,0,0,25,0.15,77.7,2.6,227,2026-09-17 03:20:00,PT5M,0.0,0.0,0.0,0.0,0.0
0,0,0,0,25,0.15,77.7,2.6,227,2026-09-17 03:25:00,PT5M,0.0,0.0,0.0,0.0,0.0
0,0,0,0,25,0.15,77.6,2.6,227,2026-09-17 03:30:00,PT5M,0.0,0.0,0.0,0.0,0.0
0,0,0,0,25,0.15,77.6,2.6,227,2026-09-17 03:35:00,PT5M,0.0,0.0,0.0,0.0,0.0
0,0,0,0,25,0.15,77.6,2.6,227,2026-09-17 03:40:00,PT5M,0.0,0.0,0.0,0.0,0.0
0,0,0,0,25,0.15,77.6,2.6,227,2026-09-17 03:45:00,PT5M,0.0,0.0,0.0,0.0,0.0
0,0,0,0,25,0.15,77.5,2.6,227,2026-09-17 03:50:00,PT5M,0.0,0.0,0.0,0.0,0.0
0,0,0,0,25,0.15,77.5,2.6,227,2026-09-17 03:55:00,PT5M,0.0,0.0,0.0,0.0,0.0
0,0,0,0,25,0.15,77.5,2.6,227,2026-09-17 04:00:00,PT5M,0.0,0.0,0.0,0.0,0.0
0,0,0,0,25,0.15,77.5,2.6,227,2026-09-17 04:05:00,PT5M,0.0,0.0,0.0,0.0,0.0
0,0,0,0,25,0.15,77.4,2.6,227,2026-09-17 04:10:00,PT5M,0.0,0.0,0.0,0.0,0.0
0,0,0,0,25,0.15,77.4,2.6,227,2026-09-17 04:15:00,PT5M,0.0,0.0,0.0,0.0,0.0
0,0,0,0,25,0.15,77.4,2.6,227,2026-09-17 04:20:00,PT5M,0.0,0.0,0.0,0.0,0.0
0,0,0,0,25,0.15,77.3,2.6,227,2026-09-17 04:25:00,PT5M,0.0,0.0,0.0,0.0,0.0
0,0,0,0,25,0.15,77.3,2.6,227,2026-09-17 04:30:00,PT5M,0.0,0.0,0.0,0.0,0.0
0,0,0,0,25,0.15,77.3,2.6,227,2026-09-17 04:35:00,PT5M,0.0,0.0,0.0,0.0,0.0
0,0,0,0,25,0.15,77.3,2.6,227,2026-09-17 04:40:00,PT5M,0.0,0.0,0.0,0.0,0.0
0,0,0,0,25,0.15,77.2,2.6,227,2026-09-17 04:45:00,PT5M,0.0,0.0,0.0,0.0,0.0
0,0,0,0,25,0.15,77.2,2.6,227,2026-09-17 04:50:00,PT5M,0.0,0.0,0.0,0.0,0.0
0,0,0,0,25,0.15,77.2,2.6,227,2026-09-17 04:55:00,PT5M,0.0,0.0,0.0,0.0,0.0
0,0,0,0,25,0.15,77.2,2.6,227,2026-09-17 05:00:00,PT5M,0.0,0.0,0.0,0.0,0.0
0,0,0,0,25,0.15,77.1,2.6,227,2026-09-17 05:05:00,PT5M,0.0,0.0,0.0,0.0,0.0
0,0,0,0,25,0.15,77.1,2.6,227,2026-09-17 05:10:00,PT5M,0.0,0.0,0.0,0.0,0.0
0,0,0,0,25,0.15,77.1,2.6,227,2026-09-17 05:15:00,PT5M,0.0,0.0,0.0,0.0,0.0
0,0,0,0,25,0.15,77.1,2.6,227,2026-09-17 05:20:00,PT5M,0.0,0.0,0.0,0.0,0.0
0,0,0,0,25,0.15,77.0,2.6,227,2026-09-17 05:25:00,PT5M,0.0,0.0,0.0,0.0,0.0
0,0,0,0,25,0.15,77.0,2.6,227,2026-09-17 05:30:00,PT5M,0.0,0.0,0.0,0.0,0.0
0,0,0,0,25,0.15,76.9,2.6,227,2026-09-17 05:35:00,PT5M,0.0,0.0,0.0,0.0,0.0
0,0,0,0,25,0.15,76.8,2.6,227,2026-09-17 05:40:00,PT5M,0.0,0.0,0.0,0.0,0.0
0,0,0,0,25,0.15,76.7,2.6,227,2026-09-17 05:45:00,PT5M,0.0,0.0,0.0,0.0,0.0
0,0,0,0,25,0.15,76.5,2.6,228,2026-09-17 05:50:00,PT5M,0.0,0.0,0.0,0.0,0.0
0,0,0,0,25,0.15,76.4,2.6,228,2026-09-17 05:55:00,PT5M,0.0,0.0,0.0,0.0,0.0
0,0,0,0,25,0.15,76.3,2.6,228,2026-09-17 06:00:00,PT5M,0.0,0.0,0.0,0.0,0.0
4,4,0,4,25,0.15,76.2,2.6,229,2026-09-17 06:05:00,PT5M,0.0,0.1505,0.0792,0.0,0.0
9,9,0,9,25,0.15,76.0,2.6,229,2026-09-17 06:10:00,PT5M,0.51,1.2895,0.9203,0.0997,0.0
15,15,0,15,25,0.15,75.9,2.6,229,2026-09-17 06:15:00,PT5M,1.284,2.905,2.1371,0.4309,0.0
21,21,0,21,25,0.15,75.8,2.6,230,2026-09-17 06:20:00,PT5M,2.142,4.9365,3.6128,0.6712,0.0
29,29,0,29,25,0.15,75.7,2.6,230,2026-09-17 06:25:00,PT5M,3.088,7.1865,5.2451,0.9309,0.0
38,38,0,38,25,0.15,75.6,2.6,230,2026-09-17 06:30:00,PT5M,4.218,9.8775,7.1966,1.2394,0.0
47,47,0,47,25,0.15,75.4,2.6,231,2026-09-17 06:35:00,PT5M,5.484,12.8975,9.3858,1.5822,0.0
58,58,0,58,25,0.15,75.3,2.6,231,2026-09-17 06:40:00,PT5M,6.755,16.0235,11.6331,1.8769,0.0
69,69,0,69,25,0.15,75.2,2.6,232,2026-09-17 06:45:00,PT5M,8.14,19.297,14.012,2.268,0.0
81,81,0,81,25,0.15,75.1,2.6,232,2026-09-17 06:50:00,PT5M,9.703,22.7625,16.5763,2.8297,0.0
93,93,0,93,25,0.15,74.9,2.6,232,2026-09-17 06:55:00,PT5M,11.235,26.2315,19.1278,3.3422,0.0
106,107,0,107,25,0.15,74.8,2.6,233,2026-09-17 07:00:00,PT5M,12.817,29.8365,21.7745,3.8595,0.0
119,119,9,117,25,0.15,74.7,2.6,233,2026-09-17 07:05:00,PT5M,14.832,33.982,24.9108,4.7532,0.0
132,132,21,126,25,0.15,74.6,2.6,233,2026-09-17 07:10:00,PT5M,17.054,38.315,28.2438,5.8642,0.0
145,145,32,135,25,0.15,74.5,2.6,234,2026-09-17 07:15:00,PT5M,19.245,42.6385,31.5572,6.9328,0.0
158,159,43,144,25,0.15,74.3,2.6,234,2026-09-17 07:20:00,PT5M,21.626,47.1605,35.065,8.187,0.0
172,173,53,153,25,0.15,74.2,2.7,234,2026-09-17 07:25:00,PT5M,24.065,51.737,38.629,9.501,0.0
186,187,64,162,25,0.15,74.1,2.7,235,2026-09-17 07:30:00,PT5M,26.572,56.4035,42.2725,10.8715,0.0
200,201,75,171,26,0.15,74.0,2.7,235,2026-09-17 07:35:00,PT5M,29.234,61.218,46.0674,12.4006,0.0
215,216,87,179,26,0.15,73.8,2.7,235,2026-09-17 07:40:00,PT5M,32.048,66.2195,50.0327,14.0633,0.0
231,231,100,187,26,0.15,73.7,2.7,236,2026-09-17 07:45:00,PT5M,34.802,70.564,53.6238,15.9802,0.0
246,247,112,195,26,0.15,73.6,2.7,236,2026-09-17 07:50:00,PT5M,37.222,73.57,56.3522,18.0918,0.874
262,263,125,203,26,0.15,73.5,2.7,236,2026-09-17 07:55:00,PT5M,39.847,76.7205,59.2538,20.4402,2.9735
278,279,138,210,26,0.15,73.4,2.7,237,2026-09-17 08:00:00,PT5M,42.441,79.7765,62.0909,22.7911,5.1055
294,295,151,217,26,0.15,73.3,2.7,237,2026-09-17 08:05:00,PT5M,44.996,82.722,64.8515,25.1405,7.27
311,312,164,224,26,0.15,73.1,2.7,237,2026-09-17 08:10:00,PT5M,47.505,85.5395,67.5228,27.4872,9.4705
327,328,177,230,26,0.15,73.0,2.7,238,2026-09-17 08:15:00,PT5M,49.957,88.2185,70.0943,29.8197,11.6955
344,345,190,236,26,0.15,72.9,2.7,238,2026-09-17 08:20:00,PT5M,52.347,90.7495,72.5585,32.1355,13.9445
361,362,204,242,26,0.15,72.8,2.7,238,2026-09-17 08:25:00,PT5M,54.678,93.106,74.9029,34.4531,16.25
378,379,217,247,26,0.15,72.7,2.7,239,2026-09-17 08:30:00,PT5M,56.955,95.3425,77.1586,36.7514,18.5675
394,395,227,253,26,0.15,72.1,2.7,239,2026-09-17 08:35:00,PT5M,58.76,97.0855,78.931,38.589,20.4345
408,409,234,259,26,0.15,71.1,2.7,240,2026-09-17 08:40:00,PT5M,60.197,98.4505,80.3301,40.0639,21.9435
422,423,240,265,26,0.15,70.1,2.7,241,2026-09-17 08:45:00,PT5M,61.58,99.7915,81.691,41.469,23.3685
436,436,247,271,27,0.15,69.2,2.7,241,2026-09-17 08:50:00,PT5M,62.911,100.0,82.9551,42.8669,24.8265
449,450,253,276,27,0.15,68.3,2.7,242,2026-09-17 08:55:00,PT5M,64.2,100.0,84.1647,44.2353,26.2665
463,464,259,282,27,0.15,67.3,2.8,243,2026-09-17 09:00:00,PT5M,65.447,100.0,85.2343,45.6597,27.8505
477,478,266,287,27,0.15,66.4,2.8,243,2026-09-17 09:05:00,PT5M,66.736,100.0,86.2623,47.2097,29.6355
490,491,273,291,27,0.15,65.5,2.8,244,2026-09-17 09:10:00,PT5M,68.007,100.0,87.2698,48.7442,31.407
504,505,280,296,28,0.15,64.6,2.8,245,2026-09-17 09:15:00,PT5M,69.239,100.0,88.2371,50.2409,33.142
517,518,286,300,28,0.15,63.7,2.8,246,2026-09-17 09:20:00,PT5M,70.433,100.0,89.1656,51.7004,34.8405
531,532,293,304,28,0.15,62.9,2.8,246,2026-09-17 09:25:00,PT5M,71.59,100.0,90.0565,53.1235,36.503
544,545,300,308,28,0.15,62.0,2.8,247,2026-09-17 09:30:00,PT5M,72.71,100.0,90.91,54.51,38.1295
556,557,306,312,28,0.15,61.2,2.9,248,2026-09-17 09:35:00,PT5M,73.729,100.0,91.6805,55.7775,39.6205
568,569,311,315,28,0.15,60.4,2.9,248,2026-09-17 09:40:00,PT5M,74.649,100.0,92.3719,56.9261,40.975
580,580,315,319,29,0.15,59.6,2.9,249,2026-09-17 09:45:00,PT5M,75.499,100.0,92.9982,57.9998,42.25
591,591,320,323,29,0.15,58.8,2.9,250,2026-09-17 09:50:00,PT5M,76.303,100.0,93.5825,59.0235,43.4715
601,602,324,326,29,0.15,58.0,2.9,250,2026-09-17 09:55:00,PT5M,77.076,100.0,94.1386,60.0134,44.6565
612,612,328,330,29,0.15,57.2,2.9,251,2026-09-17 10:00:00,PT5M,77.818,100.0,94.6675,60.9685,45.8035
622,622,332,333,29,0.15,56.4,3.0,252,2026-09-17 10:05:00,PT5M,78.528,100.0,95.1698,61.8862,46.908
632,632,336,336,30,0.15,55.7,3.0,252,2026-09-17 10:10:00,PT5M,79.206,100.0,95.6434,62.7686,47.9745
641,642,339,338,30,0.15,54.9,3.0,253,2026-09-17 10:15:00,PT5M,79.854,100.0,96.0911,63.6169,49.003
650,651,343,341,30,0.15,54.2,3.0,253,2026-09-17 10:20:00,PT5M,80.473,100.0,96.5135,64.4325,49.9955
659,660,347,343,30,0.15,53.5,3.0,254,2026-09-17 10:25:00,PT5M,81.066,100.0,96.9131,65.2189,50.956
668,668,350,346,30,0.15,52.7,3.1,255,2026-09-17 10:30:00,PT5M,81.633,100.0,97.2898,65.9762,51.8845
676,676,354,348,31,0.15,52.0,3.1,255,2026-09-17 10:35:00,PT5M,82.23,100.0,97.7111,66.7489,52.8155
684,684,358,349,31,0.15,51.3,3.1,256,2026-09-17 10:40:00,PT5M,82.738,100.0,98.0583,67.4177,53.629
692,692,361,351,31,0.15,50.7,3.1,256,2026-09-17 10:45:00,PT5M,83.217,100.0,98.3812,68.0528,54.4045
699,699,365,353,31,0.15,50.0,3.1,257,2026-09-17 10:50:00,PT5M,83.663,100.0,98.6778,68.6482,55.1345
706,706,368,354,31,0.15,49.3,3.2,257,2026-09-17 10:55:00,PT5M,84.075,100.0,98.9482,69.2018,55.8155
712,712,371,355,31,0.15,48.7,3.2,258,2026-09-17 11:00:00,PT5M,84.437,100.0,99.1899,69.6841,56.406
718,718,374,356,32,0.15,48.0,3.2,259,2026-09-17 11:05:00,PT5M,84.779,100.0,99.4109,70.1471,56.978
724,724,377,357,32,0.15,47.4,3.2,259,2026-09-17 11:10:00,PT5M,85.111,100.0,99.6129,70.6091,57.557
729,729,380,357,32,0.15,46.8,3.3,260,2026-09-17 11:15:00,PT5M,85.415,100.0,99.7924,71.0376,58.0975
734,734,383,358,32,0.15,46.1,3.3,260,2026-09-17 11:20:00,PT5M,85.679,100.0,99.9482,71.4098,58.567
739,739,386,358,32,0.15,45.5,3.3,261,2026-09-17 11:25:00,PT5M,85.914,100.0,100.0,71.7455,58.9935
743,743,389,358,33,0.15,44.9,3.3,261,2026-09-17 11:30:00,PT5M,86.122,100.0,100.0,72.047,59.379
744,745,388,360,33,0.15,44.6,3.3,261,2026-09-17 11:35:00,PT5M,86.095,100.0,100.0,72.0247,59.361
744,744,384,362,33,0.15,44.4,3.3,261,2026-09-17 11:40:00,PT5M,85.833,100.0,99.9888,71.6772,58.9365
742,742,379,365,33,0.15,44.2,3.3,260,2026-09-17 11:45:00,PT5M,85.545,100.0,99.7942,71.2958,58.471
740,740,374,368,33,0.15,44.1,3.3,260,2026-09-17 11:50:00,PT5M,85.222,100.0,99.5731,70.8709,57.9545
738,738,369,370,33,0.15,43.9,3.2,259,2026-09-17 11:55:00,PT5M,84.857,100.0,99.3194,70.3946,57.378
735,735,364,372,33,0.15,43.8,3.2,259,2026-09-17 12:00:00,PT5M,84.467,100.0,99.0473,69.8867,56.764
731,731,358,374,33,0.15,43.6,3.2,258,2026-09-17 12:05:00,PT5M,84.139,100.0,98.8448,69.4332,56.1975
728,728,352,377,33,0.15,43.5,3.2,257,2026-09-17 12:10:00,PT5M,83.9,100.0,98.7387,69.0613,55.706
723,723,346,379,33,0.15,43.3,3.1,257,2026-09-17 12:15:00,PT5M,83.517,100.0,98.4952,68.5388,55.058
718,719,340,380,33,0.15,43.2,3.1,256,2026-09-17 12:20:00,PT5M,83.088,100.0,98.2141,67.9619,54.348
713,713,334,382,33,0.15,43.0,3.1,256,2026-09-17 12:25:00,PT5M,82.629,100.0,97.9087,67.3493,53.597
708,708,328,384,33,0.15,42.9,3.1,255,2026-09-17 12:30:00,PT5M,82.141,100.0,97.58,66.702,52.8065
701,701,321,385,33,0.15,42.7,3.1,255,2026-09-17 12:35:00,PT5M,81.569,100.0,97.1711,65.9669,51.9245
694,694,313,387,33,0.15,42.6,3.0,254,2026-09-17 12:40:00,PT5M,80.912,100.0,96.6823,65.1417,50.948
686,686,305,388,33,0.15,42.4,3.0,253,2026-09-17 12:45:00,PT5M,80.225,100.0,96.1682,64.2818,49.9325
678,678,297,389,33,0.15,42.3,3.0,253,2026-09-17 12:50:00,PT5M,79.496,100.0,95.6215,63.3705,48.857
670,670,289,390,33,0.15,42.1,3.0,252,2026-09-17 12:55:00,PT5M,78.725,100.0,95.0426,62.4074,47.721
661,662,281,390,33,0.15,42.0,3.0,252,2026-09-17 13:00:00,PT5M,77.94,100.0,94.4447,61.4353,46.5805
652,653,273,390,33,0.15,41.8,2.9,251,2026-09-17 13:05:00,PT5M,77.157,100.0,93.837,60.477,45.4645
643,643,266,390,34,0.15,41.7,2.9,250,2026-09-17 13:10:00,PT5M,76.314,100.0,93.1853,59.4427,44.258
633,634,258,390,34,0.15,41.5,2.9,250,2026-09-17 13:15:00,PT5M,75.426,100.0,92.496,58.356,42.9925
624,624,250,389,34,0.15,41.4,2.9,249,2026-09-17 13:20:00,PT5M,74.5,100.0,91.7729,57.2271,41.681
614,614,243,388,34,0.15,41.2,2.9,248,2026-09-17 13:25:00,PT5M,73.54,100.0,91.0181,56.0619,40.331
603,604,235,387,34,0.15,41.1,2.9,248,2026-09-17 13:30:00,PT5M,72.547,100.0,90.2317,54.8623,38.9455
593,594,228,385,34,0.15,40.9,2.8,247,2026-09-17 13:35:00,PT5M,71.579,100.0,89.4613,53.6967,37.602
584,584,222,383,34,0.15,40.8,2.8,246,2026-09-17 13:40:00,PT5M,70.637,100.0,88.708,52.566,36.3015
574,574,216,380,34,0.15,40.6,2.8,246,2026-09-17 13:45:00,PT5M,69.668,100.0,87.9293,51.4067,34.971
563,564,210,378,34,0.15,40.5,2.8,245,2026-09-17 13:50:00,PT5M,68.645,100.0,87.0984,50.1916,33.583
553,554,204,375,34,0.15,40.4,2.8,244,2026-09-17 13:55:00,PT5M,67.611,100.0,86.2583,48.9637,32.1805
542,543,198,371,34,0.15,40.2,2.8,243,2026-09-17 14:00:00,PT5M,66.544,100.0,85.3868,47.7012,30.742
531,532,192,368,34,0.15,40.1,2.8,243,2026-09-17 14:05:00,PT5M,65.452,100.0,84.492,46.412,29.2755
520,521,186,364,34,0.15,39.9,2.7,242,2026-09-17 14:10:00,PT5M,64.331,100.0,83.5702,45.0918,27.776
509,510,180,360,34,0.15,39.8,2.7,241,2026-09-17 14:15:00,PT5M,63.18,100.0,82.6197,43.7403,26.244
498,499,175,355,34,0.15,39.7,2.7,241,2026-09-17 14:20:00,PT5M,61.997,99.315,81.6377,42.3563,24.679
486,487,169,351,34,0.15,39.5,2.7,240,2026-09-17 14:25:00,PT5M,60.746,98.4525,80.5912,40.9008,23.0395
474,475,162,346,34,0.15,39.4,2.7,239,2026-09-17 14:30:00,PT5M,59.456,97.552,79.5062,39.4058,21.36
462,463,157,341,34,0.15,39.5,2.7,239,2026-09-17 14:35:00,PT5M,58.213,96.6945,78.4661,37.9599,19.7315
451,452,152,335,34,0.15,40.0,2.7,238,2026-09-17 14:40:00,PT5M,57.017,95.878,77.4698,36.5642,18.156
439,440,146,330,34,0.15,40.5,2.8,238,2026-09-17 14:45:00,PT5M,55.786,94.779,76.3083,35.2637,16.793
427,428,141,324,34,0.15,41.0,2.8,238,2026-09-17 14:50:00,PT5M,54.522,93.6315,75.1056,33.9384,15.4125
415,416,136,318,33,0.15,41.5,2.8,237,2026-09-17 14:55:00,PT5M,53.224,92.433,73.86,32.588,14.015
403,404,131,311,33,0.15,42.0,2.9,237,2026-09-17 15:00:00,PT5M,51.891,91.1805,72.5693,31.2127,12.6015
391,392,125,305,33,0.15,42.5,2.9,237,2026-09-17 15:05:00,PT5M,50.523,89.782,71.1853,29.8607,11.264
379,380,119,299,33,0.15,43.0,2.9,236,2026-09-17 15:10:00,PT5M,49.066,88.286,69.7078,28.4242,9.846
366,367,112,293,33,0.15,43.5,2.9,236,2026-09-17 15:15:00,PT5M,47.563,86.7315,68.1777,26.9483,8.3945
354,355,105,287,33,0.15,44.0,3.0,236,2026-09-17 15:20:00,PT5M,46.235,85.322,66.8068,25.6632,7.148
341,342,99,280,32,0.15,44.5,3.0,236,2026-09-17 15:25:00,PT5M,44.62,83.592,65.1312,24.1088,5.648
328,329,92,273,32,0.15,45.1,3.0,235,2026-09-17 15:30:00,PT5M,42.95,81.7635,63.3778,22.5222,4.1365
316,317,85,266,32,0.15,45.6,3.1,235,2026-09-17 15:35:00,PT5M,41.223,79.8155,61.5345,20.9115,2.6305
303,304,78,259,32,0.15,46.2,3.1,235,2026-09-17 15:40:00,PT5M,39.439,77.7425,59.5984,19.2796,1.1355
290,291,70,251,32,0.15,46.7,3.1,235,2026-09-17 15:45:00,PT5M,37.63,75.539,57.5818,17.6782,0.0
277,277,63,243,31,0.15,47.3,3.1,234,2026-09-17 15:50:00,PT5M,35.77,73.18,55.4592,16.0808,0.0
263,264,55,235,31,0.15,47.8,3.2,234,2026-09-17 15:55:00,PT5M,33.851,70.6655,53.2267,14.4753,0.0
250,251,47,227,31,0.15,48.4,3.2,234,2026-09-17 16:00:00,PT5M,31.873,68.003,50.8885,12.8575,0.0
237,238,40,219,31,0.15,49.0,3.2,234,2026-09-17 16:05:00,PT5M,29.91,65.32,48.5465,11.2735,0.0
225,225,33,210,31,0.15,49.6,3.3,234,2026-09-17 16:10:00,PT5M,27.968,62.6355,46.2138,9.7222,0.0
212,212,26,201,31,0.15,50.2,3.3,233,2026-09-17 16:15:00,PT5M,26.299,60.1295,44.1042,8.4938,0.0
199,200,19,192,30,0.15,50.8,3.3,233,2026-09-17 16:20:00,PT5M,24.324,57.0535,41.5498,7.0982,0.0
186,187,11,182,30,0.15,51.4,3.4,233,2026-09-17 16:25:00,PT5M,22.552,52.9735,38.5631,6.5409,0.0
174,174,4,173,30,0.15,52.1,3.4,233,2026-09-17 16:30:00,PT5M,20.695,48.9075,35.5434,5.8466,0.0
161,162,0,162,30,0.15,52.7,3.4,232,2026-09-17 16:35:00,PT5M,19.073,45.1095,32.7762,5.3698,0.0
149,150,0,150,30,0.15,53.3,3.4,232,2026-09-17 16:40:00,PT5M,17.713,41.6125,30.2915,5.1345,0.0
137,137,0,137,29,0.15,54.0,3.5,232,2026-09-17 16:45:00,PT5M,16.327,38.103,27.7879,4.8661,0.0
125,125,0,125,29,0.15,54.6,3.5,232,2026-09-17 16:50:00,PT5M,14.902,34.573,25.255,4.549,0.0
113,113,0,113,29,0.15,55.3,3.5,232,2026-09-17 16:55:00,PT5M,13.478,31.0775,22.7407,4.2153,0.0
101,102,0,102,29,0.15,56.0,3.6,232,2026-09-17 17:00:00,PT5M,12.072,27.653,20.2724,3.8716,0.0
90,90,0,90,29,0.15,56.7,3.6,231,2026-09-17 17:05:00,PT5M,10.662,24.33,17.8556,3.4684,0.0
78,78,0,78,29,0.15,57.4,3.6,231,2026-09-17 17:10:00,PT5M,9.292,21.1675,15.5422,3.0418,0.0
67,67,0,67,28,0.15,58.1,3.7,231,2026-09-17 17:15:00,PT5M,7.878,18.0265,13.2192,2.5368,0.0
57,57,0,57,28,0.15,58.8,3.7,231,2026-09-17 17:20:00,PT5M,6.568,14.9995,11.0056,2.1304,0.0
47,47,0,47,28,0.15,59.5,3.7,231,2026-09-17 17:25:00,PT5M,5.404,12.2175,8.99,1.818,0.0
38,38,0,38,28,0.15,60.3,3.7,230,2026-09-17 17:30:00,PT5M,4.277,9.565,7.0601,1.4939,0.0
30,30,0,30,28,0.15,60.7,3.8,230,2026-09-17 17:35:00,PT5M,3.177,7.0895,5.2362,1.1178,0.0
23,23,0,23,28,0.15,60.9,3.8,230,2026-09-17 17:40:00,PT5M,2.26,5.042,3.7242,0.7958,0.0
16,16,0,16,28,0.15,61.1,3.8,230,2026-09-17 17:45:00,PT5M,1.453,3.266,2.4072,0.4988,0.0
11,11,0,11,28,0.15,61.3,3.8,229,2026-09-17 17:50:00,PT5M,0.718,1.7135,1.2419,0.1941,0.0
6,6,0,6,28,0.15,61.5,3.8,229,2026-09-17 17:55:00,PT5M,0.049,0.4165,0.2424,0.0,0.0
1,1,0,1,28,0.15,61.7,3.8,229,2026-09-17 18:00:00,PT5M,0.0,0.0,0.0,0.0,0.0
0,0,0,0,28,0.15,61.8,3.8,228,2026-09-17 18:05:00,PT5M,0.0,0.0,0.0,0.0,0.0
0,0,0,0,28,0.15,62.0,3.8,228,2026-09-17 18:10:00,PT5M,0.0,0.0,0.0,0.0,0.0
0,0,0,0,28,0.15,62.2,3.8,228,2026-09-17 18:15:00,PT5M,0.0,0.0,0.0,0.0,0.0
0,0,0,0,28,0.15,62.4,3.8,227,2026-09-17 18:20:00,PT5M,0.0,0.0,0.0,0.0,0.0
0,0,0,0,28,0.15,62.6,3.9,227,2026-09-17 18:25:00,PT5M,0.0,0.0,0.0,0.0,0.0
0,0,0,0,28,0.15,62.8,3.9,227,2026-09-17 18:30:00,PT5M,0.0,0.0,0.0,0.0,0.0
0,0,0,0,28,0.15,63.0,3.9,226,2026-09-17 18:35:00,PT5M,0.0,0.0,0.0,0.0,0.0
0,0,0,0,27,0.15,63.2,3.9,226,2026-09-17 18:40:00,PT5M,0.0,0.0,0.0,0.0,0.0
0,0,0,0,27,0.15,63.4,3.9,226,2026-09-17 18:45:00,PT5M,0.0,0.0,0.0,0.0,0.0
0,0,0,0,27,0.15,63.5,3.9,225,2026-09-17 18:50:00,PT5M,0.0,0.0,0.0,0.0,0.0
0,0,0,0,27,0.15,63.7,3.9,225,2026-09-17 18:55:00,PT5M,0.0,0.0,0.0,0.0,0.0
0,0,0,0,27,0.15,63.9,3.9,225,2026-09-17 19:00:00,PT5M,0.0,0.0,0.0,0.0,0.0
0,0,0,0,27,0.15,64.1,3.9,224,2026-09-17 19:05:00,PT5M,0.0,0.0,0.0,0.0,0.0
0,0,0,0,27,0.15,64.3,3.9,224,2026-09-17 19:10:00,PT5M,0.0,0.0,0.0,0.0,0.0
0,0,0,0,27,0.15,64.5,4.0,224,2026-09-17 19:15:00,PT5M,0.0,0.0,0.0,0.0,0.0
0,0,0,0,27,0.15,64.7,4.0,223,2026-09-17 19:20:00,PT5M,0.0,0.0,0.0,0.0,0.0
0,0,0,0,27,0.15,64.9,4.0,223,2026-09-17 19:25:00,PT5M,0.0,0.0,0.0,0.0,0.0
0,0,0,0,27,0.15,65.1,4.0,223,2026-09-17 19:30:00,PT5M,0.0,0.0,0.0,0.0,0.0
0,0,0,0,27,0.15,65.3,4.0,222,2026-09-17 19:35:00,PT5M,0.0,0.0,0.0,0.0,0.0
0,0,0,0,27,0.15,65.5,4.0,222,2026-09-17 19:40:00,PT5M,0.0,0.0,0.0,0.0,0.0
0,0,0,0,27,0.15,65.7,4.0,222,2026-09-17 19:45:00,PT5M,0.0,0.0,0.0,0.0,0.0
0,0,0,0,27,0.15,65.9,4.0,222,2026-09-17 19:50:00,PT5M,0.0,0.0,0.0,0.0,0.0
0,0,0,0,27,0.15,66.1,4.0,221,2026-09-17 19:55:00,PT5M,0.0,0.0,0.0,0.0,0.0
0,0,0,0,27,0.15,66.3,4.0,221,2026-09-17 20:00:00,PT5M,0.0,0.0,0.0,0.0,0.0
0,0,0,0,27,0.15,66.5,4.1,221,2026-09-17 20:05:00,PT5M,0.0,0.0,0.0,0.0,0.0
0,0,0,0,27,0.15,66.7,4.1,220,2026-09-17 20:10:00,PT5M,0.0,0.0,0.0,0.0,0.0
0,0,0,0,27,0.15,66.9,4.1,220,2026-09-17 20:15:00,PT5M,0.0,0.0,0.0,0.0,0.0
0,0,0,0,27,0.15,67.1,4.1,220,2026-09-17 20:20:00,PT5M,0.0,0.0,0.0,0.0,0.0
0,0,0,0,27,0.15,67.3,4.1,220,2026-09-17 20:25:00,PT5M,0.0,0.0,0.0,0.0,0.0
0,0,0,0,27,0.15,67.5,4.1,219,2026-09-17 20:30:00,PT5M,0.0,0.0,0.0,0.0,0.0
0,0,0,0,27,0.15,67.8,4.1,219,2026-09-17 20:35:00,PT5M,0.0,0.0,0.0,0.0,0.0
0,0,0,0,27,0.15,68.0,4.1,219,2026-09-17 20:40:00,PT5M,0.0,0.0,0.0,0.0,0.0
0,0,0,0,27,0.15,68.3,4.2,219,2026-09-17 20:45:00,PT5M,0.0,0.0,0.0,0.0,0.0
0,0,0,0,27,0.15,68.6,4.2,219,2026-09-17 20:50:00,PT5M,0.0,0.0,0.0,0.0,0.0
0,0,0,0,27,0.15,68.9,4.2,219,2026-09-17 20:55:00,PT5M,0.0,0.0,0.0,0.0,0.0
0,0,0,0,27,0.15,69.1,4.2,220,2026-09-17 21:00:00,PT5M,0.0,0.0,0.0,0.0,0.0
0,0,0,0,27,0.15,69.4,4.2,220,2026-09-17 21:05:00,PT5M,0.0,0.0,0.0,0.0,0.0
0,0,0,0,27,0.15,69.7,4.2,220,2026-09-17 21:10:00,PT5M,0.0,0.0,0.0,0.0,0.0
0,0,0,0,27,0.15,70.0,4.3,220,2026-09-17 21:15:00,PT5M,0.0,0.0,0.0,0.0,0.0
0,0,0,0,27,0.15,70.3,4.3,220,2026-09-17 21:20:00,PT5M,0.0,0.0,0.0,0.0,0.0
0,0,0,0,27,0.15,70.5,4.3,220,2026-09-17 21:25:00,PT5M,0.0,0.0,0.0,0.0,0.0
0,0,0,0,27,0.15,70.8,4.3,220,2026-09-17 21:30:00,PT5M,0.0,0.0,0.0,0.0,0.0
0,0,0,0,27,0.15,71.1,4.3,220,2026-09-17 21:35:00,PT5M,0.0,0.0,0.0,0.0,0.0
0,0,0,0,27,0.15,71.4,4.3,220,2026-09-17 21:40:00,PT5M,0.0,0.0,0.0,0.0,0.0
0,0,0,0,27,0.15,71.7,4.3,220,2026-09-17 21:45:00,PT5M,0.0,0.0,0.0,0.0,0.0
0,0,0,0,27,0.15,72.0,4.4,220,2026-09-17 21:50:00,PT5M,0.0,0.0,0.0,0.0,0.0
0,0,0,0,27,0.15,72.3,4.4,220,2026-09-17 21:55:00,PT5M,0.0,0.0,0.0,0.0,0.0
0,0,0,0,27,0.15,72.6,4.4,220,2026-09-17 22:00:00,PT5M,0.0,0.0,0.0,0.0,0.0
0,0,0,0,26,0.15,72.8,4.4,220,2026-09-17 22:05:00,PT5M,0.0,0.0,0.0,0.0,0.0
0,0,0,0,26,0.15,73.1,4.4,220,2026-09-17 22:10:00,PT5M,0.0,0.0,0.0,0.0,0.0
0,0,0,0,26,0.15,73.4,4.4,221,2026-09-17 22:15:00,PT5M,0.0,0.0,0.0,0.0,0.0
0,0,0,0,26,0.15,73.7,4.5,221,2026-09-17 22:20:00,PT5M,0.0,0.0,0.0,0.0,0.0
0,0,0,0,26,0.15,74.0,4.5,221,2026-09-17 22:25:00,PT5M,0.0,0.0,0.0,0.0,0.0
0,0,0,0,26,0.15,74.3,4.5,221,2026-09-17 22:30:00,PT5M,0.0,0.0,0.0,0.0,0.0
0,0,0,0,26,0.15,74.6,4.5,221,2026-09-17 22:35:00,PT5M,0.0,0.0,0.0,0.0,0.0
0,0,0,0,26,0.15,74.9,4.5,221,2026-09-17 22:40:00,PT5M,0.0,0.0,0.0,0.0,0.0
0,0,0,0,26,0.15,75.2,4.5,221,2026-09-17 22:45:00,PT5M,0.0,0.0,0.0,0.0,0.0
0,0,0,0,26,0.15,75.5,4.5,221,2026-09-17 22:50:00,PT5M,0.0,0.0,0.0,0.0,0.0
0,0,0,0,26,0.15,75.8,4.6,221,2026-09-17 22:55:00,PT5M,0.0,0.0,0.0,0.0,0.0
0,0,0,0,26,0.15,76.1,4.6,221,2026-09-17 23:00:00,PT5M,0.0,0.0,0.0,0.0,0.0
0,0,0,0,26,0.15,76.4,4.6,221,2026-09-17 23:05:00,PT5M,0.0,0.0,0.0,0.0,0.0
0,0,0,0,26,0.15,76.7,4.6,221,2026-09-17 23:10:00,PT5M,0.0,0.0,0.0,0.0,0.0
0,0,0,0,26,0.15,77.1,4.6,221,2026-09-17 23:15:00,PT5M,0.0,0.0,0.0,0.0,0.0
0,0,0,0,26,0.15,77.4,4.6,221,2026-09-17 23:20:00,PT5M,0.0,0.0,0.0,0.0,0.0
0,0,0,0,26,0.15,77.7,4.7,221,2026-09-17 23:25:00,PT5M,0.0,0.0,0.0,0.0,0.0
0,0,0,0,26,0.15,78.0,4.7,222,2026-09-17 23:30:00,PT5M,0.0,0.0,0.0,0.0,0.0
0,0,0,0,26,0.15,78.2,4.7,222,2026-09-17 23:35:00,PT5M,0.0,0.0,0.0,0.0,0.0
0,0,0,0,26,0.15,78.2,4.6,222,2026-09-17 23:40:00,PT5M,0.0,0.0,0.0,0.0,0.0
0,0,0,0,26,0.15,78.3,4.6,222,2026-09-17 23:45:00,PT5M,0.0,0.0,0.0,0.0,0.0
0,0,0,0,26,0.15,78.4,4.6,222,2026-09-17 23:50:00,PT5M,0.0,0.0,0.0,0.0,0.0
0,0,0,0,26,0.15,78.4,4.6,222,2026-09-17 23:55:00,PT5M,0.0,0.0,0.0,0.0,0.0
0,0,0,0,26,0.15,78.5,4.6,222,2026-09-18 00:00:00,PT5M,0.0,0.0,0.0,0.0,0.0
0,0,0,0,26,0.15,78.6,4.5,222,2026-09-18 00:05:00,PT5M,0.0,0.0,0.0,0.0,0.0
0,0,0,0,26,0.15,78.6,4.5,222,2026-09-18 00:10:00,PT5M,0.0,0.0,0.0,0.0,0.0
0,0,0,0,26,0.15,78.7,4.5,222,2026-09-18 00:15:00,PT5M,0.0,0.0,0.0,0.0,0.0
0,0,0,0,26,0.15,78.8,4.5,222,2026-09-18 00:20:00,PT5M,0.0,0.0,0.0,0.0,0.0
0,0,0,0,26,0.15,78.8,4.5,222,2026-09-18 00:25:00,PT5M,0.0,0.0,0.0,0.0,0.0
0,0,0,0,26,0.15,78.9,4.4,223,2026-09-18 00:30:00,PT5M,0.0,0.0,0.0,0.0,0.0
0,0,0,0,26,0.15,79.0,4.4,223,2026-09-18 00:35:00,PT5M,0.0,0.0,0.0,0.0,0.0
0,0,0,0,26,0.15,79.0,4.4,223,2026-09-18 00:40:00,PT5M,0.0,0.0,0.0,0.0,0.0
0,0,0,0,26,0.15,79.1,4.4,223,2026-09-18 00:45:00,PT5M,0.0,0.0,0.0,0.0,0.0
0,0,0,0,26,0.15,79.2,4.4,223,2026-09-18 00:50:00,PT5M,0.0,0.0,0.0,0.0,0.0
0,0,0,0,26,0.15,79.2,4.3,223,2026-09-18 00:55:00,PT5M,0.0,0.0,0.0,0.0,0.0
0,0,0,0,26,0.15,79.3,4.3,223,2026-09-18 01:00:00,PT5M,0.0,0.0,0.0,0.0,0.0
0,0,0,0,26,0.15,79.3,4.3,223,2026-09-18 01:05:00,PT5M,0.0,0.0,0.0,0.0,0.0
0,0,0,0,26,0.15,79.4,4.3,223,2026-09-18 01:10:00,PT5M,0.0,0.0,0.0,0.0,0.0
0,0,0,0,26,0.15,79.5,4.3,223,2026-09-18 01:15:00,PT5M,0.0,0.0,0.0,0.0,0.0
0,0,0,0,26,0.15,79.5,4.2,223,2026-09-18 01:20:00,PT5M,0.0,0.0,0.0,0.0,0.0
0,0,0,0,26,0.15,79.6,4.2,224,2026-09-18 01:25:00,PT5M,0.0,0.0,0.0,0.0,0.0
0,0,0,0,26,0.15,79.7,4.2,224,2026-09-18 01:30:00,PT5M,0.0,0.0,0.0,0.0,0.0
0,0,0,0,26,0.15,79.7,4.2,224,2026-09-18 01:35:00,PT5M,0.0,0.0,0.0,0.0,0.0
0,0,0,0,26,0.15,79.8,4.2,224,2026-09-18 01:40:00,PT5M,0.0,0.0,0.0,0.0,0.0
0,0,0,0,26,0.15,79.9,4.1,224,2026-09-18 01:45:00,PT5M,0.0,0.0,0.0,0.0,0.0
0,0,0,0,26,0.15,79.9,4.1,224,2026-09-18 01:50:00,PT5M,0.0,0.0,0.0,0.0,0.0
0,0,0,0,26,0.15,80.0,4.1,224,2026-09-18 01:55:00,PT5M,0.0,0.0,0.0,0.0,0.0
0,0,0,0,26,0.15,80.1,4.1,224,2026-09-18 02:00:00,PT5M,0.0,0.0,0.0,0.0,0.0
0,0,0,0,26,0.15,80.1,4.1,224,2026-09-18 02:05:00,PT5M,0.0,0.0,0.0,0.0,0.0
0,0,0,0,26,0.15,80.2,4.0,224,2026-09-18 02:10:00,PT5M,0.0,0.0,0.0,0.0,0.0
0,0,0,0,25,0.15,80.3,4.0,225,2026-09-18 02:15:00,PT5M,0.0,0.0,0.0,0.0,0.0
0,0,0,0,25,0.15,80.3,4.0,225,2026-09-18 02:20:00,PT5M,0.0,0.0,0.0,0.0,0.0
0,0,0,0,25,0.15,80.4,4.0,225,2026-09-18 02:25:00,PT5M,0.0,0.0,0.0,0.0,0.0
0,0,0,0,25,0.15,80.5,4.0,225,2026-09-18 02:30:00,PT5M,0.0,0.0,0.0,0.0,0.0
0,0,0,0,25,0.15,80.5,4.0,225,2026-09-18 02:35:00,PT5M,0.0,0.0,0.0,0.0,0.0
0,0,0,0,25,0.15,80.4,4.0,225,2026-09-18 02:40:00,PT5M,0.0,0.0,0.0,0.0,0.0
0,0,0,0,25,0.15,80.4,4.0,225,2026-09-18 02:45:00,PT5M,0.0,0.0,0.0,0.0,0.0
0,0,0,0,25,0.15,80.4,4.0,225,2026-09-18 02:50:00,PT5M,0.0,0.0,0.0,0.0,0.0
0,0,0,0,25,0.15,80.3,4.0,225,2026-09-18 02:55:00,PT5M,0.0,0.0,0.0,0.0,0.0
0,0,0,0,25,0.15,80.3,4.0,225,2026-09-18 03:00:00,PT5M,0.0,0.0,0.0,0.0,0.0
0,0,0,0,25,0.15,80.2,4.0,225,2026-09-18 03:05:00,PT5M,0.0,0.0,0.0,0.0,0.0
0,0,0,0,25,0.15,80.2,4.0,225,2026-09-18 03:10:00,PT5M,0.0,0.0,0.0,0.0,0.0
0,0,0,0,25,0.15,80.1,4.0,225,2026-09-18 03:15:00,PT5M,0.0,0.0,0.0,0.0,0.0
0,0,0,0,25,0.15,80.1,4.0,225,2026-09-18 03:20:00,PT5M,0.0,0.0,0.0,0.0,0.0
0,0,0,0,25,0.15,80.1,4.0,225,2026-09-18 03:25:00,PT5M,0.0,0.0,0.0,0.0,0.0
0,0,0,0,25,0.15,80.0,4.0,225,2026-09-18 03:30:00,PT5M,0.0,0.0,0.0,0.0,0.0
0,0,0,0,25,0.15,80.0,4.0,225,2026-09-18 03:35:00,PT5M,0.0,0.0,0.0,0.0,0.0
0,0,0,0,25,0.15,79.9,4.0,225,2026-09-18 03:40:00,PT5M,0.0,0.0,0.0,0.0,0.0
0,0,0,0,25,0.15,79.9,4.0,225,2026-09-18 03:45:00,PT5M,0.0,0.0,0.0,0.0,0.0
0,0,0,0,25,0.15,79.9,4.1,225,2026-09-18 03:50:00,PT5M,0.0,0.0,0.0,0.0,0.0
0,0,0,0,25,0.15,79.8,4.1,225,2026-09-18 03:55:00,PT5M,0.0,0.0,0.0,0.0,0.0
0,0,0,0,25,0.15,79.8,4.1,225,2026-09-18 04:00:00,PT5M,0.0,0.0,0.0,0.0,0.0
0,0,0,0,25,0.15,79.7,4.1,224,2026-09-18 04:05:00,PT5M,0.0,0.0,0.0,0.0,0.0
0,0,0,0,25,0.15,79.7,4.1,224,2026-09-18 04:10:00,PT5M,0.0,0.0,0.0,0.0,0.0
0,0,0,0,25,0.15,79.7,4.1,224,2026-09-18 04:15:00,PT5M,0.0,0.0,0.0,0.0,0.0
0,0,0,0,25,0.15,79.6,4.1,224,2026-09-18 04:20:00,PT5M,0.0,0.0,0.0,0.0,0.0
0,0,0,0,25,0.15,79.6,4.1,224,2026-09-18 04:25:00,PT5M,0.0,0.0,0.0,0.0,0.0
0,0,0,0,25,0.15,79.5,4.1,224,2026-09-18 04:30:00,PT5M,0.0,0.0,0.0,0.0,0.0
0,0,0,0,25,0.15,79.5,4.1,224,2026-09-18 04:35:00,PT5M,0.0,0.0,0.0,0.0,0.0
0,0,0,0,25,0.15,79.5,4.1,224,2026-09-18 04:40:00,PT5M,0.0,0.0,0.0,0.0,0.0
0,0,0,0,25,0.15,79.4,4.1,224,2026-09-18 04:45:00,PT5M,0.0,0.0,0.0,0.0,0.0
0,0,0,0,25,0.15,79.4,4.1,224,2026-09-18 04:50:00,PT5M,0.0,0.0,0.0,0.0,0.0
0,0,0,0,25,0.15,79.3,4.1,224,2026-09-18 04:55:00,PT5M,0.0,0.0,0.0,0.0,0.0
0,0,0,0,25,0.15,79.3,4.1,224,2026-09-18 05:00:00,PT5M,0.0,0.0,0.0,0.0,0.0
0,0,0,0,25,0.15,79.2,4.1,224,2026-09-18 05:05:00,PT5M,0.0,0.0,0.0,0.0,0.0
0,0,0,0,25,0.15,79.2,4.1,224,2026-09-18 05:10:00,PT5M,0.0,0.0,0.0,0.0,0.0
0,0,0,0,25,0.15,79.2,4.2,224,2026-09-18 05:15:00,PT5M,0.0,0.0,0.0,0.0,0.0
0,0,0,0,25,0.15,79.1,4.2,224,2026-09-18 05:20:00,PT5M,0.0,0.0,0.0,0.0,0.0
0,0,0,0,25,0.15,79.1,4.2,224,2026-09-18 05:25:00,PT5M,0.0,0.0,0.0,0.0,0.0
0,0,0,0,25,0.15,79.0,4.2,224,2026-09-18 05:30:00,PT5M,0.0,0.0,0.0,0.0,0.0
0,0,0,0,25,0.15,78.7,4.2,224,2026-09-18 05:35:00,PT5M,0.0,0.0,0.0,0.0,0.0
0,0,0,0,26,0.15,78.1,4.2,224,2026-09-18 05:40:00,PT5M,0.0,0.0,0.0,0.0,0.0
0,0,0,0,26,0.15,77.5,4.3,224,2026-09-18 05:45:00,PT5M,0.0,0.0,0.0,0.0,0.0
0,0,0,0,26,0.15,76.9,4.3,225,2026-09-18 05:50:00,PT5M,0.0,0.0,0.0,0.0,0.0
0,0,0,0,26,0.15,76.4,4.3,225,2026-09-18 05:55:00,PT5M,0.0,0.0,0.0,0.0,0.0
0,0,0,0,26,0.15,75.8,4.4,225,2026-09-18 06:00:00,PT5M,0.0,0.0,0.0,0.0,0.0
6,6,0,6,26,0.15,75.2,4.4,225,2026-09-18 06:05:00,PT5M,0.104,0.2645,0.1885,0.0195,0.0
13,13,0,13,26,0.15,74.6,4.4,225,2026-09-18 06:10:00,PT5M,1.098,1.8755,1.5072,0.6888,0.3205
22,22,0,22,26,0.15,74.1,4.5,225,2026-09-18 06:15:00,PT5M,2.201,3.655,2.9663,1.4357,0.747
31,31,0,31,26,0.15,73.5,4.5,225,2026-09-18 06:20:00,PT5M,3.421,5.8795,4.7149,2.1271,0.9625
42,42,0,42,26,0.15,73.0,4.5,225,2026-09-18 06:25:00,PT5M,4.764,8.3695,6.6616,2.8664,1.1585
54,54,19,52,27,0.15,72.4,4.6,226,2026-09-18 06:30:00,PT5M,6.761,11.816,9.4215,4.1005,1.706
67,68,51,60,27,0.15,71.9,4.6,226,2026-09-18 06:35:00,PT5M,9.391,16.06,12.9009,5.8811,2.722
82,83,83,68,27,0.15,71.3,4.6,226,2026-09-18 06:40:00,PT5M,12.34,20.737,16.7594,7.9206,3.943
98,98,115,76,27,0.15,70.8,4.7,226,2026-09-18 06:45:00,PT5M,15.623,25.789,20.9734,10.2726,5.457
114,115,147,83,27,0.15,70.2,4.7,226,2026-09-18 06:50:00,PT5M,19.271,31.2245,25.5622,12.9798,7.3175
132,133,180,90,27,0.15,69.7,4.7,226,2026-09-18 06:55:00,PT5M,23.142,36.933,30.4003,15.8837,9.351
150,151,213,96,27,0.15,69.2,4.8,226,2026-09-18 07:00:00,PT5M,27.293,43.015,35.5676,19.0184,11.571
167,168,236,102,27,0.15,68.7,4.8,226,2026-09-18 07:05:00,PT5M,31.201,48.9225,40.528,21.874,13.4795
185,186,257,109,27,0.15,68.2,4.8,226,2026-09-18 07:10:00,PT5M,35.19,54.9255,45.5769,24.8031,15.4545
203,204,277,115,28,0.15,67.6,4.9,227,2026-09-18 07:15:00,PT5M,39.292,61.1115,50.7758,27.8082,17.4725
221,222,296,121,28,0.15,67.1,4.9,227,2026-09-18 07:20:00,PT5M,43.47,67.347,56.0366,30.9034,19.593
239,240,314,126,28,0.15,66.6,4.9,227,2026-09-18 07:25:00,PT5M,47.702,73.6405,61.3536,34.0504,21.7635
257,259,332,132,28,0.15,66.1,5.0,227,2026-09-18 07:30:00,PT5M,51.993,79.996,66.7312,37.2548,23.99
276,277,349,137,28,0.15,65.6,5.0,227,2026-09-18 07:35:00,PT5M,56.348,86.429,72.1798,40.5162,26.267
294,296,366,142,28,0.15,65.1,5.0,227,2026-09-18 07:40:00,PT5M,60.755,92.9685,77.7092,43.8008,28.5415
313,315,383,146,28,0.15,64.7,5.1,227,2026-09-18 07:45:00,PT5M,64.403,98.1215,82.1493,46.6567,30.6845
332,334,399,150,28,0.15,64.2,5.1,227,2026-09-18 07:50:00,PT5M,66.954,100.0,85.0242,48.8838,32.62
352,353,415,154,28,0.15,63.7,5.1,227,2026-09-18 07:55:00,PT5M,69.417,100.0,87.7835,51.0505,34.52
371,372,431,157,29,0.15,63.2,5.2,227,2026-09-18 08:00:00,PT5M,71.782,100.0,90.4149,53.1491,36.379
390,391,446,160,29,0.15,62.8,5.2,228,2026-09-18 08:05:00,PT5M,74.037,100.0,92.9025,55.1715,38.192
409,410,461,163,29,0.15,62.3,5.2,228,2026-09-18 08:10:00,PT5M,76.166,100.0,95.2254,57.1066,39.9525
428,429,475,166,29,0.15,61.8,5.3,228,2026-09-18 08:15:00,PT5M,78.157,100.0,97.3667,58.9473,41.658
447,448,490,168,29,0.15,61.4,5.3,228,2026-09-18 08:20:00,PT5M,80.004,100.0,99.3192,60.6888,43.3045
466,467,503,170,29,0.15,60.9,5.3,228,2026-09-18 08:25:00,PT5M,81.672,100.0,100.0,62.3084,44.8805
485,486,517,172,29,0.15,60.4,5.4,228,2026-09-18 08:30:00,PT5M,83.238,100.0,100.0,63.8546,46.409
503,503,527,175,29,0.15,59.9,5.4,228,2026-09-18 08:35:00,PT5M,84.484,100.0,100.0,65.083,47.6215
519,520,533,178,29,0.15,59.3,5.4,228,2026-09-18 08:40:00,PT5M,85.426,100.0,100.0,66.0045,48.5245
535,536,539,182,30,0.15,58.7,5.4,229,2026-09-18 08:45:00,PT5M,86.31,100.0,100.0,66.8785,49.3895
551,552,545,185,30,0.15,58.1,5.5,229,2026-09-18 08:50:00,PT5M,87.199,100.0,100.0,67.7651,50.274
567,568,550,188,30,0.15,57.6,5.5,229,2026-09-18 08:55:00,PT5M,87.987,100.0,100.0,68.531,51.02
583,583,556,192,30,0.15,57.0,5.5,229,2026-09-18 09:00:00,PT5M,88.735,100.0,100.0,69.294,51.7965
598,598,561,194,30,0.15,56.4,5.5,229,2026-09-18 09:05:00,PT5M,89.518,100.0,100.0,70.1104,52.643
613,614,567,197,30,0.15,55.9,5.5,229,2026-09-18 09:10:00,PT5M,90.257,100.0,100.0,70.8963,53.471
628,629,572,200,30,0.15,55.3,5.6,230,2026-09-18 09:15:00,PT5M,90.964,100.0,100.0,71.768,54.491
643,643,577,203,31,0.15,54.8,5.6,230,2026-09-18 09:20:00,PT5M,91.641,100.0,100.0,72.6197,55.5
657,657,581,206,31,0.15,54.2,5.6,230,2026-09-18 09:25:00,PT5M,92.289,100.0,100.0,73.4393,56.474
672,671,586,208,31,0.15,53.7,5.6,230,2026-09-18 09:30:00,PT5M,92.91,100.0,100.0,74.2279,57.4135
685,685,590,211,31,0.15,53.1,5.6,230,2026-09-18 09:35:00,PT5M,93.504,100.0,100.0,74.9859,58.319
699,698,595,213,31,0.15,52.6,5.7,231,2026-09-18 09:40:00,PT5M,94.073,100.0,100.0,75.7149,59.192
711,711,598,216,31,0.15,52.1,5.7,231,2026-09-18 09:45:00,PT5M,94.571,100.0,100.0,76.3655,59.98
723,723,601,218,31,0.15,51.6,5.7,231,2026-09-18 09:50:00,PT5M,95.03,100.0,100.0,76.9721,60.7195
735,735,604,221,32,0.15,51.1,5.7,231,2026-09-18 09:55:00,PT5M,95.468,100.0,100.0,77.553,61.429
747,746,606,223,32,0.15,50.6,5.8,231,2026-09-18 10:00:00,PT5M,95.884,100.0,100.0,78.1061,62.1055
758,757,610,225,32,0.15,50.1,5.8,231,2026-09-18 10:05:00,PT5M,96.311,100.0,100.0,78.6663,62.7855
769,768,614,226,32,0.15,49.6,5.8,232,2026-09-18 10:10:00,PT5M,96.746,100.0,100.0,79.2321,63.469
780,779,618,227,32,0.15,49.1,5.8,232,2026-09-18 10:15:00,PT5M,97.154,100.0,100.0,79.7656,64.1155
790,789,621,228,32,0.15,48.6,5.8,232,2026-09-18 10:20:00,PT5M,97.536,100.0,100.0,80.2684,64.727
800,799,625,229,32,0.15,48.1,5.9,232,2026-09-18 10:25:00,PT5M,97.898,100.0,100.0,80.7464,65.3095
809,808,629,229,33,0.15,47.7,5.9,232,2026-09-18 10:30:00,PT5M,98.238,100.0,100.0,81.1985,65.8625
818,817,631,231,33,0.15,47.2,5.9,232,2026-09-18 10:35:00,PT5M,98.491,100.0,100.0,81.5486,66.3
825,824,632,232,33,0.15,46.7,5.9,233,2026-09-18 10:40:00,PT5M,98.66,100.0,100.0,81.7995,66.6245
832,831,633,234,33,0.15,46.3,5.9,233,2026-09-18 10:45:00,PT5M,98.805,100.0,100.0,82.0211,66.915
839,838,634,235,33,0.15,45.8,6.0,233,2026-09-18 10:50:00,PT5M,98.927,100.0,100.0,82.2131,67.17
845,844,634,237,33,0.15,45.4,6.0,233,2026-09-18 10:55:00,PT5M,99.025,100.0,100.0,82.3724,67.3845
850,849,635,238,34,0.15,44.9,6.0,233,2026-09-18 11:00:00,PT5M,99.093,100.0,100.0,82.482,67.5315
855,854,635,240,34,0.15,44.5,6.0,233,2026-09-18 11:05:00,PT5M,99.138,100.0,100.0,82.5696,67.6575
860,859,634,241,34,0.15,44.1,6.1,234,2026-09-18 11:10:00,PT5M,99.161,100.0,100.0,82.641,67.7725
864,862,634,243,34,0.15,43.6,6.1,234,2026-09-18 11:15:00,PT5M,99.165,100.0,100.0,82.6871,67.8565
867,866,633,245,34,0.15,43.2,6.1,234,2026-09-18 11:20:00,PT5M,99.146,100.0,100.0,82.6957,67.89
870,869,632,246,34,0.15,42.8,6.1,234,2026-09-18 11:25:00,PT5M,99.108,100.0,100.0,82.6788,67.892
873,871,631,247,34,0.15,42.4,6.1,234,2026-09-18 11:30:00,PT5M,99.05,100.0,100.0,82.6355,67.862
873,872,626,251,34,0.15,42.1,6.2,234,2026-09-18 11:35:00,PT5M,98.817,100.0,100.0,82.3915,67.608
871,870,618,256,34,0.15,42.1,6.2,234,2026-09-18 11:40:00,PT5M,98.408,100.0,100.0,81.9446,67.127
868,867,609,261,34,0.15,42.0,6.2,234,2026-09-18 11:45:00,PT5M,97.98,100.0,100.0,81.4721,66.6145
865,864,601,266,35,0.15,41.9,6.2,234,2026-09-18 11:50:00,PT5M,97.529,100.0,100.0,80.9703,66.067
861,860,592,270,35,0.15,41.9,6.2,234,2026-09-18 11:55:00,PT5M,97.037,100.0,100.0,80.4196,65.4635
857,856,582,275,35,0.15,41.8,6.2,234,2026-09-18 12:00:00,PT5M,96.526,100.0,100.0,79.8439,64.8295
852,851,573,280,35,0.15,41.7,6.3,233,2026-09-18 12:05:00,PT5M,96.074,100.0,100.0,79.3201,64.241
847,846,562,286,35,0.15,41.7,6.3,233,2026-09-18 12:10:00,PT5M,95.605,100.0,100.0,78.7724,63.6225
841,840,552,291,35,0.15,41.6,6.3,233,2026-09-18 12:15:00,PT5M,95.097,100.0,100.0,78.1786,62.9515
834,833,541,296,35,0.15,41.5,6.3,233,2026-09-18 12:20:00,PT5M,94.556,100.0,100.0,77.5458,62.236
827,826,530,301,35,0.15,41.5,6.3,233,2026-09-18 12:25:00,PT5M,94.063,100.0,100.0,76.9556,61.5585
819,819,519,305,35,0.15,41.4,6.3,233,2026-09-18 12:30:00,PT5M,93.475,100.0,100.0,76.2658,60.777
812,811,509,309,35,0.15,41.3,6.3,233,2026-09-18 12:35:00,PT5M,92.921,100.0,100.0,75.606,60.022
805,804,500,312,35,0.15,41.3,6.3,233,2026-09-18 12:40:00,PT5M,92.397,100.0,100.0,74.9712,59.2875
797,796,491,315,35,0.15,41.2,6.4,232,2026-09-18 12:45:00,PT5M,91.847,100.0,100.0,74.306,58.5185
789,788,483,318,35,0.15,41.1,6.4,232,2026-09-18 12:50:00,PT5M,91.263,100.0,100.0,73.597,57.697
781,780,474,321,35,0.15,41.1,6.4,232,2026-09-18 12:55:00,PT5M,90.644,100.0,100.0,72.8451,56.8255
772,771,465,323,35,0.15,41.0,6.4,232,2026-09-18 13:00:00,PT5M,90.008,100.0,100.0,72.0809,55.946
763,762,456,325,35,0.15,40.9,6.4,232,2026-09-18 13:05:00,PT5M,89.377,100.0,100.0,71.3328,55.0925
753,753,448,326,35,0.15,40.9,6.4,232,2026-09-18 13:10:00,PT5M,88.711,100.0,100.0,70.5334,54.173
744,743,441,327,35,0.15,40.8,6.4,232,2026-09-18 13:15:00,PT5M,88.01,100.0,100.0,69.6932,53.2075
734,733,433,327,35,0.15,40.7,6.5,232,2026-09-18 13:20:00,PT5M,87.275,100.0,100.0,68.8148,52.2
723,723,425,328,35,0.15,40.7,6.5,231,2026-09-18 13:25:00,PT5M,86.507,100.0,100.0,67.9002,51.1535
713,712,416,328,35,0.15,40.6,6.5,231,2026-09-18 13:30:00,PT5M,85.708,100.0,100.0,66.9528,50.0725
699,699,404,330,35,0.15,40.5,6.5,231,2026-09-18 13:35:00,PT5M,84.573,100.0,100.0,65.6386,48.597
683,683,387,333,35,0.15,40.5,6.5,231,2026-09-18 13:40:00,PT5M,83.096,100.0,100.0,63.9537,46.725
667,667,370,335,35,0.15,40.4,6.5,231,2026-09-18 13:45:00,PT5M,81.586,100.0,100.0,62.2361,44.8205
651,651,353,337,35,0.15,40.3,6.5,231,2026-09-18 13:50:00,PT5M,79.984,100.0,99.5418,60.4262,42.8235
634,634,337,339,35,0.15,40.3,6.6,231,2026-09-18 13:55:00,PT5M,78.4,100.0,98.1657,58.6343,40.8445
618,618,321,340,35,0.15,40.2,6.6,231,2026-09-18 14:00:00,PT5M,76.775,100.0,96.7489,56.8011,38.824
601,601,306,340,35,0.15,40.1,6.6,230,2026-09-18 14:05:00,PT5M,75.108,100.0,95.29,54.926,36.7615
585,585,290,340,35,0.15,40.1,6.6,230,2026-09-18 14:10:00,PT5M,73.398,100.0,93.7892,53.0068,34.654
568,568,275,339,35,0.15,40.0,6.6,230,2026-09-18 14:15:00,PT5M,71.648,100.0,92.2474,51.0486,32.5085
551,552,261,338,35,0.15,40.0,6.6,230,2026-09-18 14:20:00,PT5M,69.859,100.0,90.6655,49.0525,30.326
534,535,246,336,35,0.15,39.9,6.6,230,2026-09-18 14:25:00,PT5M,67.983,100.0,88.9977,46.9683,28.0545
517,518,231,334,35,0.15,39.8,6.7,230,2026-09-18 14:30:00,PT5M,66.068,100.0,87.2298,44.9062,25.86
502,503,220,331,35,0.15,40.0,6.7,230,2026-09-18 14:35:00,PT5M,64.443,100.0,85.6524,43.2336,24.1445
489,489,212,326,35,0.15,40.3,6.7,230,2026-09-18 14:40:00,PT5M,63.123,100.0,84.3555,41.8905,22.7805
475,476,205,322,35,0.15,40.6,6.7,230,2026-09-18 14:45:00,PT5M,61.754,100.0,82.9813,40.5267,21.4215
462,462,197,317,35,0.15,41.0,6.7,230,2026-09-18 14:50:00,PT5M,60.346,100.0,81.5783,39.1137,20.004
448,449,190,311,35,0.15,41.3,6.7,230,2026-09-18 14:55:00,PT5M,58.899,99.2535,80.1379,37.6601,18.5445
434,435,182,306,34,0.15,41.7,6.7,230,2026-09-18 15:00:00,PT5M,57.413,97.7615,78.6487,36.1773,17.0645
421,421,175,300,34,0.15,42.0,6.7,230,2026-09-18 15:05:00,PT5M,55.938,96.2385,77.1484,34.7276,15.6375
407,408,167,295,34,0.15,42.4,6.7,230,2026-09-18 15:10:00,PT5M,54.396,94.608,75.5599,33.2321,14.184
393,394,159,289,34,0.15,42.7,6.7,230,2026-09-18 15:15:00,PT5M,52.808,92.903,73.9103,31.7057,12.713
379,380,151,282,34,0.15,43.1,6.7,230,2026-09-18 15:20:00,PT5M,51.167,91.1165,72.1927,30.1413,11.2175
365,366,143,276,34,0.15,43.4,6.7,229,2026-09-18 15:25:00,PT5M,49.465,89.2385,70.3981,28.5319,9.6915
351,352,135,269,34,0.15,43.8,6.7,229,2026-09-18 15:30:00,PT5M,47.709,87.2665,68.5284,26.8896,8.1515
337,338,126,263,34,0.15,44.2,6.7,229,2026-09-18 15:35:00,PT5M,45.832,85.1285,66.514,25.15,6.5355
322,323,117,256,33,0.15,44.5,6.7,229,2026-09-18 15:40:00,PT5M,43.836,82.8165,64.3517,23.3203,4.8555
308,308,107,248,33,0.15,44.9,6.7,229,2026-09-18 15:45:00,PT5M,42.037,80.599,62.3325,21.7415,3.475
293,294,98,241,33,0.15,45.3,6.7,229,2026-09-18 15:50:00,PT5M,39.951,77.999,59.9759,19.9261,1.903
278,279,88,233,33,0.15,45.7,6.7,229,2026-09-18 15:55:00,PT5M,37.807,75.24,57.5083,18.1057,0.374
264,264,78,225,33,0.15,46.0,6.7,229,2026-09-18 16:00:00,PT5M,35.608,72.341,54.9408,16.2752,0.0
249,250,69,217,33,0.15,46.4,6.7,229,2026-09-18 16:05:00,PT5M,33.407,69.3955,52.348,14.466,0.0
235,236,60,208,33,0.15,46.8,6.7,229,2026-09-18 16:10:00,PT5M,31.21,66.42,49.7413,12.6787,0.0
221,222,51,199,32,0.15,47.2,6.7,229,2026-09-18 16:15:00,PT5M,28.975,63.349,47.0663,10.8837,0.0
207,208,42,190,32,0.15,47.6,6.7,229,2026-09-18 16:20:00,PT5M,26.776,59.856,44.1862,9.3658,0.0
194,194,33,181,32,0.15,48.0,6.8,229,2026-09-18 16:25:00,PT5M,24.657,55.462,40.8699,8.4441,0.0
180,181,23,172,32,0.15,48.4,6.8,229,2026-09-18 16:30:00,PT5M,22.708,51.3145,37.7638,7.6522,0.0
166,167,14,162,32,0.15,48.8,6.8,229,2026-09-18 16:35:00,PT5M,20.465,46.91,34.3832,6.5468,0.0
153,153,3,152,32,0.15,49.2,6.8,229,2026-09-18 16:40:00,PT5M,18.214,42.5375,31.0156,5.4124,0.0
139,140,0,140,32,0.15,49.7,6.8,229,2026-09-18 16:45:00,PT5M,16.517,38.724,28.2047,4.8293,0.0
126,127,0,127,32,0.15,50.1,6.8,229,2026-09-18 16:50:00,PT5M,14.981,35.0845,25.5616,4.4004,0.0
114,114,0,114,31,0.15,50.5,6.8,229,2026-09-18 16:55:00,PT5M,13.463,31.491,22.9513,3.9747,0.0
101,102,0,102,31,0.15,50.9,6.8,229,2026-09-18 17:00:00,PT5M,11.98,27.9835,20.4028,3.5572,0.0
89,89,0,89,31,0.15,51.4,6.8,229,2026-09-18 17:05:00,PT5M,10.5,24.568,17.9041,3.0959,0.0
77,77,0,77,31,0.15,51.8,6.8,229,2026-09-18 17:10:00,PT5M,9.079,21.3155,15.5192,2.6388,0.0
66,66,0,66,31,0.15,52.3,6.8,229,2026-09-18 17:15:00,PT5M,7.617,18.0735,13.1203,2.1137,0.0
55,55,0,55,31,0.15,52.7,6.8,229,2026-09-18 17:20:00,PT5M,6.299,15.025,10.8916,1.7064,0.0
45,46,0,46,31,0.15,53.1,6.8,229,2026-09-18 17:25:00,PT5M,5.13,12.1445,8.8218,1.4382,0.0
36,37,0,37,31,0.15,53.6,6.8,229,2026-09-18 17:30:00,PT5M,3.998,9.433,6.8585,1.1375,0.0
29,29,0,29,30,0.15,54.0,6.8,229,2026-09-18 17:35:00,PT5M,2.962,6.9665,5.0696,0.8544,0.0
22,22,0,22,30,0.15,54.3,6.8,228,2026-09-18 17:40:00,PT5M,2.126,4.9535,3.6141,0.6379,0.0
16,16,0,16,30,0.15,54.6,6.8,228,2026-09-18 17:45:00,PT5M,1.365,3.0915,2.2737,0.4563,0.0
10,10,0,10,30,0.15,54.9,6.7,228,2026-09-18 17:50:00,PT5M,0.656,1.579,1.1418,0.1702,0.0
5,5,0,5,30,0.15,55.2,6.7,228,2026-09-18 17:55:00,PT5M,0.0,0.304,0.16,0.0,0.0
1,1,0,1,30,0.15,55.5,6.7,228,2026-09-18 18:00:00,PT5M,0.0,0.0,0.0,0.0,0.0
0,0,0,0,30,0.15,55.8,6.7,228,2026-09-18 18:05:00,PT5M,0.0,0.0,0.0,0.0,0.0
0,0,0,0,30,0.15,56.2,6.7,228,2026-09-18 18:10:00,PT5M,0.0,0.0,0.0,0.0,0.0
0,0,0,0,30,0.15,56.5,6.7,228,2026-09-18 18:15:00,PT5M,0.0,0.0,0.0,0.0,0.0
0,0,0,0,30,0.15,56.8,6.6,228,2026-09-18 18:20:00,PT5M,0.0,0.0,0.0,0.0,0.0
0,0,0,0,30,0.15,57.1,6.6,228,2026-09-18 18:25:00,PT5M,0.0,0.0,0.0,0.0,0.0
0,0,0,0,30,0.15,57.4,6.6,228,2026-09-18 18:30:00,PT5M,0.0,0.0,0.0,0.0,0.0
0,0,0,0,29,0.15,57.8,6.6,227,2026-09-18 18:35:00,PT5M,0.0,0.0,0.0,0.0,0.0
0,0,0,0,29,0.15,58.1,6.6,227,2026-09-18 18:40:00,PT5M,0.0,0.0,0.0,0.0,0.0
0,0,0,0,29,0.15,58.4,6.6,227,2026-09-18 18:45:00,PT5M,0.0,0.0,0.0,0.0,0.0
0,0,0,0,29,0.15,58.8,6.5,227,2026-09-18 18:50:00,PT5M,0.0,0.0,0.0,0.0,0.0
0,0,0,0,29,0.15,59.1,6.5,227,2026-09-18 18:55:00,PT5M,0.0,0.0,0.0,0.0,0.0
0,0,0,0,29,0.15,59.4,6.5,227,2026-09-18 19:00:00,PT5M,0.0,0.0,0.0,0.0,0.0
0,0,0,0,29,0.15,59.8,6.5,227,2026-09-18 19:05:00,PT5M,0.0,0.0,0.0,0.0,0.0
0,0,0,0,29,0.15,60.1,6.5,227,2026-09-18 19:10:00,PT5M,0.0,0.0,0.0,0.0,0.0
0,0,0,0,29,0.15,60.5,6.5,227,2026-09-18 19:15:00,PT5M,0.0,0.0,0.0,0.0,0.0
0,0,0,0,29,0.15,60.8,6.5,227,2026-09-18 19:20:00,PT5M,0.0,0.0,0.0,0.0,0.0
0,0,0,0,29,0.15,61.2,6.4,226,2026-09-18 19:25:00,PT5M,0.0,0.0,0.0,0.0,0.0
0,0,0,0,29,0.15,61.5,6.4,226,2026-09-18 19:30:00,PT5M,0.0,0.0,0.0,0.0,0.0
0,0,0,0,28,0.15,61.9,6.4,226,2026-09-18 19:35:00,PT5M,0.0,0.0,0.0,0.0,0.0
0,0,0,0,28,0.15,62.2,6.4,226,2026-09-18 19:40:00,PT5M,0.0,0.0,0.0,0.0,0.0
0,0,0,0,28,0.15,62.6,6.4,226,2026-09-18 19:45:00,PT5M,0.0,0.0,0.0,0.0,0.0
0,0,0,0,28,0.15,62.9,6.4,226,2026-09-18 19:50:00,PT5M,0.0,0.0,0.0,0.0,0.0
0,0,0,0,28,0.15,63.3,6.3,226,2026-09-18 19:55:00,PT5M,0.0,0.0,0.0,0.0,0.0
0,0,0,0,28,0.15,63.7,6.3,226,2026-09-18 20:00:00,PT5M,0.0,0.0,0.0,0.0,0.0
0,0,0,0,28,0.15,64.0,6.3,226,2026-09-18 20:05:00,PT5M,0.0,0.0,0.0,0.0,0.0
0,0,0,0,28,0.15,64.4,6.3,225,2026-09-18 20:10:00,PT5M,0.0,0.0,0.0,0.0,0.0
0,0,0,0,28,0.15,64.8,6.3,225,2026-09-18 20:15:00,PT5M,0.0,0.0,0.0,0.0,0.0
0,0,0,0,28,0.15,65.1,6.3,225,2026-09-18 20:20:00,PT5M,0.0,0.0,0.0,0.0,0.0
0,0,0,0,28,0.15,65.5,6.2,225,2026-09-18 20:25:00,PT5M,0.0,0.0,0.0,0.0,0.0
0,0,0,0,28,0.15,65.9,6.2,225,2026-09-18 20:30:00,PT5M,0.0,0.0,0.0,0.0,0.0
0,0,0,0,28,0.15,66.2,6.2,225,2026-09-18 20:35:00,PT5M,0.0,0.0,0.0,0.0,0.0
0,0,0,0,27,0.15,66.4,6.2,225,2026-09-18 20:40:00,PT5M,0.0,0.0,0.0,0.0,0.0
0,0,0,0,27,0.15,66.6,6.2,225,2026-09-18 20:45:00,PT5M,0.0,0.0,0.0,0.0,0.0
0,0,0,0,27,0.15,66.8,6.1,225,2026-09-18 20:50:00,PT5M,0.0,0.0,0.0,0.0,0.0
0,0,0,0,27,0.15,67.1,6.1,224,2026-09-18 20:55:00,PT5M,0.0,0.0,0.0,0.0,0.0
0,0,0,0,27,0.15,67.3,6.1,224,2026-09-18 21:00:00,PT5M,0.0,0.0,0.0,0.0,0.0
0,0,0,0,27,0.15,67.5,6.1,224,2026-09-18 21:05:00,PT5M,0.0,0.0,0.0,0.0,0.0
0,0,0,0,27,0.15,67.7,6.1,224,2026-09-18 21:10:00,PT5M,0.0,0.0,0.0,0.0,0.0
0,0,0,0,27,0.15,68.0,6.0,224,2026-09-18 21:15:00,PT5M,0.0,0.0,0.0,0.0,0.0
0,0,0,0,27,0.15,68.2,6.0,224,2026-09-18 21:20:00,PT5M,0.0,0.0,0.0,0.0,0.0
0,0,0,0,27,0.15,68.4,6.0,224,2026-09-18 21:25:00,PT5M,0.0,0.0,0.0,0.0,0.0
0,0,0,0,27,0.15,68.6,6.0,223,2026-09-18 21:30:00,PT5M,0.0,0.0,0.0,0.0,0.0
0,0,0,0,27,0.15,68.9,6.0,223,2026-09-18 21:35:00,PT5M,0.0,0.0,0.0,0.0,0.0
0,0,0,0,27,0.15,69.1,5.9,223,2026-09-18 21:40:00,PT5M,0.0,0.0,0.0,0.0,0.0
0,0,0,0,27,0.15,69.3,5.9,223,2026-09-18 21:45:00,PT5M,0.0,0.0,0.0,0.0,0.0
0,0,0,0,27,0.15,69.6,5.9,223,2026-09-18 21:50:00,PT5M,0.0,0.0,0.0,0.0,0.0
0,0,0,0,27,0.15,69.8,5.9,223,2026-09-18 21:55:00,PT5M,0.0,0.0,0.0,0.0,0.0
0,0,0,0,27,0.15,70.0,5.8,223,2026-09-18 22:00:00,PT5M,0.0,0.0,0.0,0.0,0.0
0,0,0,0,27,0.15,70.3,5.8,222,2026-09-18 22:05:00,PT5M,0.0,0.0,0.0,0.0,0.0
0,0,0,0,27,0.15,70.5,5.8,222,2026-09-18 22:10:00,PT5M,0.0,0.0,0.0,0.0,0.0
0,0,0,0,27,0.15,70.7,5.8,222,2026-09-18 22:15:00,PT5M,0.0,0.0,0.0,0.0,0.0
0,0,0,0,27,0.15,71.0,5.8,222,2026-09-18 22:20:00,PT5M,0.0,0.0,0.0,0.0,0.0
0,0,0,0,27,0.15,71.2,5.7,222,2026-09-18 22:25:00,PT5M,0.0,0.0,0.0,0.0,0.0
0,0,0,0,27,0.15,71.4,5.7,222,2026-09-18 22:30:00,PT5M,0.0,0.0,0.0,0.0,0.0
0,0,0,0,27,0.15,71.7,5.7,222,2026-09-18 22:35:00,PT5M,0.0,0.0,0.0,0.0,0.0
0,0,0,0,27,0.15,71.9,5.7,221,2026-09-18 22:40:00,PT5M,0.0,0.0,0.0,0.0,0.0
0,0,0,0,27,0.15,72.2,5.7,221,2026-09-18 22:45:00,PT5M,0.0,0.0,0.0,0.0,0.0
0,0,0,0,27,0.15,72.4,5.6,221,2026-09-18 22:50:00,PT5M,0.0,0.0,0.0,0.0,0.0
0,0,0,0,27,0.15,72.6,5.6,221,2026-09-18 22:55:00,PT5M,0.0,0.0,0.0,0.0,0.0
0,0,0,0,27,0.15,72.9,5.6,221,2026-09-18 23:00:00,PT5M,0.0,0.0,0.0,0.0,0.0
0,0,0,0,27,0.15,73.1,5.6,221,2026-09-18 23:05:00,PT5M,0.0,0.0,0.0,0.0,0.0
0,0,0,0,26,0.15,73.4,5.6,221,2026-09-18 23:10:00,PT5M,0.0,0.0,0.0,0.0,0.0
0,0,0,0,26,0.15,73.6,5.5,220,2026-09-18 23:15:00,PT5M,0.0,0.0,0.0,0.0,0.0
0,0,0,0,26,0.15,73.9,5.5,220,2026-09-18 23:20:00,PT5M,0.0,0.0,0.0,0.0,0.0
0,0,0,0,26,0.15,74.1,5.5,220,2026-09-18 23:25:00,PT5M,0.0,0.0,0.0,0.0,0.0
0,0,0,0,26,0.15,74.4,5.5,220,2026-09-18 23:30:00,PT5M,0.0,0.0,0.0,0.0,0.0
0,0,0,0,26,0.15,74.5,5.4,220,2026-09-18 23:35:00,PT5M,0.0,0.0,0.0,0.0,0.0
0,0,0,0,26,0.15,74.5,5.4,220,2026-09-18 23:40:00,PT5M,0.0,0.0,0.0,0.0,0.0
0,0,0,0,26,0.15,74.5,5.4,220,2026-09-18 23:45:00,PT5M,0.0,0.0,0.0,0.0,0.0
0,0,0,0,26,0.15,74.6,5.3,220,2026-09-18 23:50:00,PT5M,0.0,0.0,0.0,0.0,0.0
0,0,0,0,26,0.15,74.6,5.3,221,2026-09-18 23:55:00,PT5M,0.0,0.0,0.0,0.0,0.0
0,0,0,0,26,0.15,74.6,5.3,221,2026-09-19 00:00:00,PT5M,0.0,0.0,0.0,0.0,0.0
0,0,0,0,26,0.15,74.6,5.2,221,2026-09-19 00:05:00,PT5M,0.0,0.0,0.0,0.0,0.0
0,0,0,0,26,0.15,74.7,5.2,221,2026-09-19 00:10:00,PT5M,0.0,0.0,0.0,0.0,0.0
0,0,0,0,26,0.15,74.7,5.2,221,2026-09-19 00:15:00,PT5M,0.0,0.0,0.0,0.0,0.0
0,0,0,0,26,0.15,74.7,5.1,222,2026-09-19 00:20:00,PT5M,0.0,0.0,0.0,0.0,0.0
0,0,0,0,26,0.15,74.7,5.1,222,2026-09-19 00:25:00,PT5M,0.0,0.0,0.0,0.0,0.0
0,0,0,0,26,0.15,74.7,5.0,222,2026-09-19 00:30:00,PT5M,0.0,0.0,0.0,0.0,0.0
0,0,0,0,26,0.15,74.8,5.0,222,2026-09-19 00:35:00,PT5M,0.0,0.0,0.0,0.0,0.0
0,0,0,0,26,0.15,74.8,5.0,222,2026-09-19 00:40:00,PT5M,0.0,0.0,0.0,0.0,0.0
0,0,0,0,26,0.15,74.8,4.9,223,2026-09-19 00:45:00,PT5M,0.0,0.0,0.0,0.0,0.0
0,0,0,0,26,0.15,74.8,4.9,223,2026-09-19 00:50:00,PT5M,0.0,0.0,0.0,0.0,0.0
0,0,0,0,26,0.15,74.9,4.9,223,2026-09-19 00:55:00,PT5M,0.0,0.0,0.0,0.0,0.0
0,0,0,0,26,0.15,74.9,4.8,223,2026-09-19 01:00:00,PT5M,0.0,0.0,0.0,0.0,0.0
0,0,0,0,26,0.15,74.9,4.8,223,2026-09-19 01:05:00,PT5M,0.0,0.0,0.0,0.0,0.0
0,0,0,0,26,0.15,74.9,4.8,224,2026-09-19 01:10:00,PT5M,0.0,0.0,0.0,0.0,0.0
0,0,0,0,26,0.15,75.0,4.7,224,2026-09-19 01:15:00,PT5M,0.0,0.0,0.0,0.0,0.0
0,0,0,0,26,0.15,75.0,4.7,224,2026-09-19 01:20:00,PT5M,0.0,0.0,0.0,0.0,0.0
0,0,0,0,26,0.15,75.0,4.6,224,2026-09-19 01:25:00,PT5M,0.0,0.0,0.0,0.0,0.0
0,0,0,0,26,0.15,75.0,4.6,225,2026-09-19 01:30:00,PT5M,0.0,0.0,0.0,0.0,0.0
0,0,0,0,26,0.15,75.1,4.6,225,2026-09-19 01:35:00,PT5M,0.0,0.0,0.0,0.0,0.0
0,0,0,0,26,0.15,75.1,4.5,225,2026-09-19 01:40:00,PT5M,0.0,0.0,0.0,0.0,0.0
0,0,0,0,26,0.15,75.1,4.5,225,2026-09-19 01:45:00,PT5M,0.0,0.0,0.0,0.0,0.0
0,0,0,0,26,0.15,75.1,4.5,226,2026-09-19 01:50:00,PT5M,0.0,0.0,0.0,0.0,0.0
0,0,0,0,26,0.15,75.2,4.4,226,2026-09-19 01:55:00,PT5M,0.0,0.0,0.0,0.0,0.0
0,0,0,0,26,0.15,75.2,4.4,226,2026-09-19 02:00:00,PT5M,0.0,0.0,0.0,0.0,0.0
0,0,0,0,26,0.15,75.2,4.4,226,2026-09-19 02:05:00,PT5M,0.0,0.0,0.0,0.0,0.0
0,0,0,0,26,0.15,75.2,4.3,227,2026-09-19 02:10:00,PT5M,0.0,0.0,0.0,0.0,0.0
0,0,0,0,26,0.15,75.2,4.3,227,2026-09-19 02:15:00,PT5M,0.0,0.0,0.0,0.0,0.0
0,0,0,0,26,0.15,75.3,4.3,227,2026-09-19 02:20:00,PT5M,0.0,0.0,0.0,0.0,0.0
0,0,0,0,26,0.15,75.3,4.2,227,2026-09-19 02:25:00,PT5M,0.0,0.0,0.0,0.0,0.0
0,0,0,0,26,0.15,75.3,4.2,228,2026-09-19 02:30:00,PT5M,0.0,0.0,0.0,0.0,0.0
0,0,0,0,26,0.15,75.3,4.2,228,2026-09-19 02:35:00,PT5M,0.0,0.0,0.0,0.0,0.0
0,0,0,0,26,0.15,75.4,4.2,228,2026-09-19 02:40:00,PT5M,0.0,0.0,0.0,0.0,0.0
0,0,0,0,26,0.15,75.4,4.1,228,2026-09-19 02:45:00,PT5M,0.0,0.0,0.0,0.0,0.0
0,0,0,0,26,0.15,75.5,4.1,227,2026-09-19 02:50:00,PT5M,0.0,0.0,0.0,0.0,0.0
0,0,0,0,26,0.15,75.5,4.1,227,2026-09-19 02:55:00,PT5M,0.0,0.0,0.0,0.0,0.0
0,0,0,0,26,0.15,75.5,4.1,227,2026-09-19 03:00:00,PT5M,0.0,0.0,0.0,0.0,0.0
0,0,0,0,26,0.15,75.6,4.1,227,2026-09-19 03:05:00,PT5M,0.0,0.0,0.0,0.0,0.0
0,0,0,0,26,0.15,75.6,4.0,227,2026-09-19 03:10:00,PT5M,0.0,0.0,0.0,0.0,0.0
0,0,0,0,26,0.15,75.6,4.0,227,2026-09-19 03:15:00,PT5M,0.0,0.0,0.0,0.0,0.0
0,0,0,0,26,0.15,75.7,4.0,227,2026-09-19 03:20:00,PT5M,0.0,0.0,0.0,0.0,0.0
0,0,0,0,26,0.15,75.7,4.0,227,2026-09-19 03:25:00,PT5M,0.0,0.0,0.0,0.0,0.0
0,0,0,0,26,0.15,75.7,4.0,226,2026-09-19 03:30:00,PT5M,0.0,0.0,0.0,0.0,0.0
0,0,0,0,26,0.15,75.8,4.0,226,2026-09-19 03:35:00,PT5M,0.0,0.0,0.0,0.0,0.0
0,0,0,0,26,0.15,75.8,3.9,226,2026-09-19 03:40:00,PT5M,0.0,0.0,0.0,0.0,0.0
0,0,0,0,26,0.15,75.9,3.9,226,2026-09-19 03:45:00,PT5M,0.0,0.0,0.0,0.0,0.0
0,0,0,0,26,0.15,75.9,3.9,226,2026-09-19 03:50:00,PT5M,0.0,0.0,0.0,0.0,0.0
0,0,0,0,26,0.15,75.9,3.9,226,2026-09-19 03:55:00,PT5M,0.0,0.0,0.0,0.0,0.0
0,0,0,0,26,0.15,76.0,3.9,226,2026-09-19 04:00:00,PT5M,0.0,0.0,0.0,0.0,0.0
0,0,0,0,26,0.15,76.0,3.8,225,2026-09-19 04:05:00,PT5M,0.0,0.0,0.0,0.0,0.0
0,0,0,0,26,0.15,76.0,3.8,225,2026-09-19 04:10:00,PT5M,0.0,0.0,0.0,0.0,0.0
0,0,0,0,26,0.15,76.1,3.8,225,2026-09-19 04:15:00,PT5M,0.0,0.0,0.0,0.0,0.0
0,0,0,0,26,0.15,76.1,3.8,225,2026-09-19 04:20:00,PT5M,0.0,0.0,0.0,0.0,0.0
0,0,0,0,26,0.15,76.2,3.8,225,2026-09-19 04:25:00,PT5M,0.0,0.0,0.0,0.0,0.0
0,0,0,0,26,0.15,76.2,3.8,225,2026-09-19 04:30:00,PT5M,0.0,0.0,0.0,0.0,0.0
0,0,0,0,26,0.15,76.2,3.7,225,2026-09-19 04:35:00,PT5M,0.0,0.0,0.0,0.0,0.0
0,0,0,0,26,0.15,76.3,3.7,224,2026-09-19 04:40:00,PT5M,0.0,0.0,0.0,0.0,0.0
0,0,0,0,26,0.15,76.3,3.7,224,2026-09-19 04:45:00,PT5M,0.0,0.0,0.0,0.0,0.0
0,0,0,0,26,0.15,76.3,3.7,224,2026-09-19 04:50:00,PT5M,0.0,0.0,0.0,0.0,0.0
0,0,0,0,26,0.15,76.4,3.7,224,2026-09-19 04:55:00,PT5M,0.0,0.0,0.0,0.0,0.0
0,0,0,0,26,0.15,76.4,3.7,224,2026-09-19 05:00:00,PT5M,0.0,0.0,0.0,0.0,0.0
0,0,0,0,26,0.15,76.4,3.6,224,2026-09-19 05:05:00,PT5M,0.0,0.0,0.0,0.0,0.0
0,0,0,0,26,0.15,76.5,3.6,223,2026-09-19 05:10:00,PT5M,0.0,0.0,0.0,0.0,0.0
0,0,0,0,25,0.15,76.5,3.6,223,2026-09-19 05:15:00,PT5M,0.0,0.0,0.0,0.0,0.0
0,0,0,0,25,0.15,76.6,3.6,223,2026-09-19 05:20:00,PT5M,0.0,0.0,0.0,0.0,0.0
0,0,0,0,25,0.15,76.6,3.6,223,2026-09-19 05:25:00,PT5M,0.0,0.0,0.0,0.0,0.0
0,0,0,0,25,0.15,76.6,3.5,223,2026-09-19 05:30:00,PT5M,0.0,0.0,0.0,0.0,0.0
0,0,0,0,26,0.15,76.4,3.6,223,2026-09-19 05:35:00,PT5M,0.0,0.0,0.0,0.0,0.0
0,0,0,0,26,0.15,75.8,3.6,223,2026-09-19 05:40:00,PT5M,0.0,0.0,0.0,0.0,0.0
0,0,0,0,26,0.15,75.2,3.7,224,2026-09-19 05:45:00,PT5M,0.0,0.0,0.0,0.0,0.0
0,0,0,0,26,0.15,74.6,3.7,224,2026-09-19 05:50:00,PT5M,0.0,0.0,0.0,0.0,0.0
0,0,0,0,26,0.15,74.1,3.8,224,2026-09-19 05:55:00,PT5M,0.0,0.0,0.0,0.0,0.0
1,1,0,1,26,0.15,73.5,3.8,225,2026-09-19 06:00:00,PT5M,0.0,0.0,0.0,0.0,0.0
7,7,0,7,26,0.15,73.0,3.9,225,2026-09-19 06:05:00,PT5M,0.204,0.413,0.314,0.094,0.0
14,14,0,14,26,0.15,72.4,3.9,225,2026-09-19 06:10:00,PT5M,1.249,2.108,1.7011,0.7969,0.39
23,23,0,23,27,0.15,71.9,4.0,226,2026-09-19 06:15:00,PT5M,2.402,3.981,3.233,1.571,0.823
33,33,0,33,27,0.15,71.3,4.0,226,2026-09-19 06:20:00,PT5M,3.651,6.354,5.0736,2.2284,0.948
44,44,8,43,27,0.15,70.8,4.1,226,2026-09-19 06:25:00,PT5M,5.118,9.0085,7.1656,3.0704,1.2275
56,56,31,52,27,0.15,70.3,4.1,226,2026-09-19 06:30:00,PT5M,7.215,12.5055,9.9994,4.4306,1.9245
69,69,58,60,27,0.15,69.7,4.2,227,2026-09-19 06:35:00,PT5M,9.749,16.5725,13.3403,6.1577,2.9255
83,83,84,69,27,0.15,69.2,4.2,227,2026-09-19 06:40:00,PT5M,12.473,20.89,16.9029,8.0431,4.056
98,98,111,77,27,0.15,68.7,4.3,227,2026-09-19 06:45:00,PT5M,15.468,25.4775,20.7361,10.1999,5.4585
113,114,136,84,27,0.15,68.2,4.3,228,2026-09-19 06:50:00,PT5M,18.757,30.3505,24.8587,12.6553,7.1635
130,131,162,92,28,0.15,67.7,4.4,228,2026-09-19 06:55:00,PT5M,22.204,35.4115,29.1552,15.2528,8.9965
147,148,187,99,28,0.15,67.2,4.4,228,2026-09-19 07:00:00,PT5M,25.863,40.7605,33.7037,18.0223,10.9655
164,165,207,106,28,0.15,66.7,4.5,228,2026-09-19 07:05:00,PT5M,29.465,46.209,38.2775,20.6525,12.721
181,182,228,113,28,0.15,66.2,4.5,229,2026-09-19 07:10:00,PT5M,33.351,52.06,43.1977,23.5043,14.642
199,200,248,120,28,0.15,65.7,4.6,229,2026-09-19 07:15:00,PT5M,37.357,58.0625,48.2545,26.4595,16.6515
217,218,267,126,28,0.15,65.2,4.6,229,2026-09-19 07:20:00,PT5M,41.447,64.1695,53.406,29.488,18.7245
235,236,286,132,28,0.15,64.7,4.7,229,2026-09-19 07:25:00,PT5M,45.598,70.346,58.623,32.573,20.85
253,254,303,138,28,0.15,64.2,4.7,229,2026-09-19 07:30:00,PT5M,49.812,76.5925,63.9068,35.7172,23.0315
272,273,320,144,29,0.15,63.8,4.8,230,2026-09-19 07:35:00,PT5M,54.02,82.896,69.2176,38.8224,25.144
290,291,335,149,29,0.15,63.3,4.8,230,2026-09-19 07:40:00,PT5M,58.224,89.2025,74.5282,41.9198,27.2455
308,309,350,154,29,0.15,62.8,4.9,230,2026-09-19 07:45:00,PT5M,61.653,94.0765,78.7177,44.5883,29.2295
327,328,365,159,29,0.15,62.4,4.9,230,2026-09-19 07:50:00,PT5M,64.06,97.134,81.4671,46.6529,30.986
345,346,379,164,29,0.15,61.9,5.0,230,2026-09-19 07:55:00,PT5M,66.429,100.0,84.149,48.709,32.7605
364,365,393,168,29,0.15,61.4,5.0,231,2026-09-19 08:00:00,PT5M,68.698,100.0,86.7001,50.6959,34.4935
382,383,407,173,29,0.15,61.0,5.1,231,2026-09-19 08:05:00,PT5M,70.854,100.0,89.1032,52.6048,36.18
401,401,420,176,29,0.15,60.5,5.1,231,2026-09-19 08:10:00,PT5M,72.886,100.0,91.3425,54.4295,37.818
419,420,432,180,30,0.15,60.1,5.2,231,2026-09-19 08:15:00,PT5M,74.781,100.0,93.4012,56.1608,39.402
438,438,445,184,30,0.15,59.6,5.2,231,2026-09-19 08:20:00,PT5M,76.535,100.0,95.2729,57.7971,40.9325
456,456,456,187,30,0.15,59.2,5.3,232,2026-09-19 08:25:00,PT5M,78.121,100.0,96.9202,59.3218,42.402
474,474,467,190,30,0.15,58.8,5.3,232,2026-09-19 08:30:00,PT5M,79.611,100.0,98.4431,60.7789,43.8295
491,491,477,193,30,0.15,58.2,5.4,232,2026-09-19 08:35:00,PT5M,80.94,100.0,99.8015,62.0785,45.1025
508,508,486,197,30,0.15,57.5,5.4,232,2026-09-19 08:40:00,PT5M,82.117,100.0,100.0,63.2234,46.2185
525,525,494,200,30,0.15,56.9,5.5,232,2026-09-19 08:45:00,PT5M,83.229,100.0,100.0,64.3148,47.2915
541,541,502,203,31,0.15,56.2,5.5,232,2026-09-19 08:50:00,PT5M,84.285,100.0,100.0,65.359,48.325
558,557,510,206,31,0.15,55.6,5.6,232,2026-09-19 08:55:00,PT5M,85.291,100.0,100.0,66.3624,49.326
574,573,517,209,31,0.15,54.9,5.7,232,2026-09-19 09:00:00,PT5M,86.25,100.0,100.0,67.3266,50.295
590,590,526,211,31,0.15,54.3,5.7,232,2026-09-19 09:05:00,PT5M,87.278,100.0,100.0,68.373,51.358
606,606,535,213,31,0.15,53.7,5.8,231,2026-09-19 09:10:00,PT5M,88.279,100.0,100.0,69.4001,52.4085
622,622,544,214,31,0.15,53.0,5.8,231,2026-09-19 09:15:00,PT5M,89.277,100.0,100.0,70.4297,53.4665
638,637,553,216,31,0.15,52.4,5.9,231,2026-09-19 09:20:00,PT5M,90.191,100.0,100.0,71.3613,54.414
653,653,561,217,32,0.15,51.8,5.9,231,2026-09-19 09:25:00,PT5M,91.066,100.0,100.0,72.361,55.526
669,668,569,218,32,0.15,51.2,6.0,231,2026-09-19 09:30:00,PT5M,91.905,100.0,100.0,73.3745,56.6965
682,682,575,220,32,0.15,50.7,6.1,231,2026-09-19 09:35:00,PT5M,92.571,100.0,100.0,74.2024,57.67
695,694,578,222,32,0.15,50.1,6.1,231,2026-09-19 09:40:00,PT5M,93.071,100.0,100.0,74.8508,58.452
707,706,581,225,32,0.15,49.5,6.2,231,2026-09-19 09:45:00,PT5M,93.495,100.0,100.0,75.415,59.1425
719,718,583,228,32,0.15,48.9,6.2,231,2026-09-19 09:50:00,PT5M,93.881,100.0,100.0,75.9352,59.7835
730,729,584,231,33,0.15,48.4,6.3,231,2026-09-19 09:55:00,PT5M,94.244,100.0,100.0,76.4275,60.392
741,739,586,234,33,0.15,47.8,6.3,231,2026-09-19 10:00:00,PT5M,94.584,100.0,100.0,76.8898,60.9645
751,750,587,237,33,0.15,47.3,6.4,231,2026-09-19 10:05:00,PT5M,94.901,100.0,100.0,77.3223,61.501
761,759,588,239,33,0.15,46.7,6.4,231,2026-09-19 10:10:00,PT5M,95.194,100.0,100.0,77.7251,62.0025
770,769,589,242,33,0.15,46.2,6.5,231,2026-09-19 10:15:00,PT5M,95.463,100.0,100.0,78.0983,62.4695
779,778,590,245,33,0.15,45.7,6.6,231,2026-09-19 10:20:00,PT5M,95.709,100.0,100.0,78.443,62.903
787,786,591,247,34,0.15,45.1,6.6,231,2026-09-19 10:25:00,PT5M,95.937,100.0,100.0,78.7647,63.309
796,794,592,249,34,0.15,44.6,6.7,231,2026-09-19 10:30:00,PT5M,96.146,100.0,100.0,79.0626,63.687
804,802,594,251,34,0.15,44.1,6.7,231,2026-09-19 10:35:00,PT5M,96.393,100.0,100.0,79.4043,64.114
812,810,596,252,34,0.15,43.6,6.8,231,2026-09-19 10:40:00,PT5M,96.679,100.0,100.0,79.7911,64.5915
820,818,599,253,34,0.15,43.1,6.8,231,2026-09-19 10:45:00,PT5M,96.941,100.0,100.0,80.1486,65.035
827,826,602,254,34,0.15,42.6,6.9,231,2026-09-19 10:50:00,PT5M,97.177,100.0,100.0,80.4739,65.4405
834,832,604,255,34,0.15,42.2,7.0,231,2026-09-19 10:55:00,PT5M,97.386,100.0,100.0,80.7642,65.804
840,839,606,255,35,0.15,41.7,7.0,231,2026-09-19 11:00:00,PT5M,97.563,100.0,100.0,81.002,66.0965
846,845,608,256,35,0.15,41.2,7.1,231,2026-09-19 11:05:00,PT5M,97.724,100.0,100.0,81.2274,66.38
852,850,610,256,35,0.15,40.7,7.1,231,2026-09-19 11:10:00,PT5M,97.869,100.0,100.0,81.4432,66.6595
857,855,612,257,35,0.15,40.3,7.2,231,2026-09-19 11:15:00,PT5M,97.992,100.0,100.0,81.6299,66.9035
861,860,614,257,35,0.15,39.8,7.2,231,2026-09-19 11:20:00,PT5M,98.091,100.0,100.0,81.7789,67.0975
865,864,615,258,35,0.15,39.4,7.3,231,2026-09-19 11:25:00,PT5M,98.168,100.0,100.0,81.8991,67.2565
869,867,617,258,36,0.15,38.9,7.4,231,2026-09-19 11:30:00,PT5M,98.224,100.0,100.0,81.9922,67.383
870,868,614,260,36,0.15,38.8,7.4,231,2026-09-19 11:35:00,PT5M,98.114,100.0,100.0,81.8943,67.296
869,868,608,264,36,0.15,38.8,7.4,231,2026-09-19 11:40:00,PT5M,97.837,100.0,100.0,81.6033,66.9925
868,866,602,267,36,0.15,38.9,7.4,231,2026-09-19 11:45:00,PT5M,97.539,100.0,100.0,81.2848,66.6555
866,864,596,271,36,0.15,39.0,7.4,231,2026-09-19 11:50:00,PT5M,97.218,100.0,100.0,80.9367,66.283
863,862,589,275,36,0.15,39.1,7.4,231,2026-09-19 11:55:00,PT5M,96.865,100.0,100.0,80.5495,65.865
860,858,582,278,35,0.15,39.2,7.4,231,2026-09-19 12:00:00,PT5M,96.484,100.0,100.0,80.1269,65.405
857,855,575,282,35,0.15,39.3,7.4,231,2026-09-19 12:05:00,PT5M,96.182,100.0,100.0,79.7775,65.013
852,851,568,285,35,0.15,39.4,7.5,231,2026-09-19 12:10:00,PT5M,95.86,100.0,100.0,79.4013,64.588
848,846,560,289,35,0.15,39.5,7.5,231,2026-09-19 12:15:00,PT5M,95.502,100.0,100.0,78.9823,64.114
842,841,553,292,35,0.15,39.5,7.5,232,2026-09-19 12:20:00,PT5M,95.118,100.0,100.0,78.5312,63.6025
836,835,545,295,35,0.15,39.6,7.5,232,2026-09-19 12:25:00,PT5M,94.708,100.0,100.0,78.0483,63.054
830,829,537,298,35,0.15,39.7,7.5,232,2026-09-19 12:30:00,PT5M,94.348,100.0,100.0,77.6096,62.5445
823,822,528,301,35,0.15,39.8,7.5,232,2026-09-19 12:35:00,PT5M,93.835,100.0,100.0,77.0026,61.853
815,813,518,305,35,0.15,39.9,7.5,232,2026-09-19 12:40:00,PT5M,93.238,100.0,100.0,76.2954,61.0465
806,805,508,308,35,0.15,40.0,7.5,232,2026-09-19 12:45:00,PT5M,92.615,100.0,100.0,75.5571,60.2045
797,796,498,311,35,0.15,40.1,7.5,232,2026-09-19 12:50:00,PT5M,91.957,100.0,100.0,74.7731,59.307
788,787,487,314,35,0.15,40.2,7.5,232,2026-09-19 12:55:00,PT5M,91.268,100.0,100.0,73.9501,58.3635
778,777,477,317,35,0.15,40.3,7.6,232,2026-09-19 13:00:00,PT5M,90.561,100.0,100.0,73.115,57.413
768,767,467,319,35,0.15,40.3,7.6,233,2026-09-19 13:05:00,PT5M,89.842,100.0,100.0,72.2765,56.467
757,756,457,321,35,0.15,40.4,7.6,233,2026-09-19 13:10:00,PT5M,89.072,100.0,100.0,71.3683,55.4345
747,746,447,323,35,0.15,40.5,7.6,233,2026-09-19 13:15:00,PT5M,88.267,100.0,100.0,70.4189,54.355
735,735,437,325,35,0.15,40.6,7.6,233,2026-09-19 13:20:00,PT5M,87.425,100.0,100.0,69.4282,53.2305
724,723,427,326,35,0.15,40.7,7.6,233,2026-09-19 13:25:00,PT5M,86.55,100.0,100.0,68.4014,52.067
712,712,417,327,35,0.15,40.8,7.6,233,2026-09-19 13:30:00,PT5M,85.642,100.0,100.0,67.3391,50.866
699,699,405,328,35,0.15,40.9,7.6,233,2026-09-19 13:35:00,PT5M,84.579,100.0,100.0,66.1101,49.4875
685,685,392,330,35,0.15,41.0,7.6,233,2026-09-19 13:40:00,PT5M,83.359,100.0,100.0,64.713,47.931
671,670,378,331,35,0.15,41.1,7.6,233,2026-09-19 13:45:00,PT5M,82.107,100.0,100.0,63.2826,46.34
656,656,365,332,35,0.15,41.2,7.7,234,2026-09-19 13:50:00,PT5M,80.816,100.0,99.821,61.811,44.706
641,641,352,333,35,0.15,41.3,7.7,234,2026-09-19 13:55:00,PT5M,79.437,100.0,98.6238,60.2502,42.9815
627,626,339,333,35,0.15,41.3,7.7,234,2026-09-19 14:00:00,PT5M,78.074,100.0,97.4447,58.7033,41.269
611,611,327,333,35,0.15,41.4,7.7,234,2026-09-19 14:05:00,PT5M,76.671,100.0,96.2278,57.1142,39.5125
596,596,314,332,35,0.15,41.5,7.7,234,2026-09-19 14:10:00,PT5M,75.225,100.0,94.9702,55.4798,37.7085
581,581,302,331,35,0.15,41.6,7.7,234,2026-09-19 14:15:00,PT5M,73.741,100.0,93.6754,53.8066,35.865
566,566,289,329,35,0.15,41.7,7.7,234,2026-09-19 14:20:00,PT5M,72.214,100.0,92.3387,52.0893,33.9765
550,550,276,327,35,0.15,41.8,7.7,234,2026-09-19 14:25:00,PT5M,70.599,100.0,90.9171,50.2809,31.994
534,534,264,325,35,0.15,41.9,7.7,234,2026-09-19 14:30:00,PT5M,68.946,100.0,89.4093,48.4827,30.065
519,519,253,322,35,0.15,42.1,7.7,234,2026-09-19 14:35:00,PT5M,67.457,100.0,87.9732,46.9408,28.4755
505,506,245,318,34,0.15,42.5,7.7,234,2026-09-19 14:40:00,PT5M,66.133,100.0,86.6913,45.5747,27.0715
491,492,237,314,34,0.15,42.8,7.6,234,2026-09-19 14:45:00,PT5M,64.769,100.0,85.341,44.197,25.6815
477,478,229,309,34,0.15,43.1,7.6,234,2026-09-19 14:50:00,PT5M,63.366,100.0,83.9622,42.7698,24.2325
463,464,221,304,34,0.15,43.5,7.6,234,2026-09-19 14:55:00,PT5M,61.951,100.0,82.5625,41.3395,22.7885
449,450,213,299,34,0.15,43.8,7.5,233,2026-09-19 15:00:00,PT5M,60.47,99.644,81.0876,39.8524,21.296
435,436,205,294,34,0.15,44.2,7.5,233,2026-09-19 15:05:00,PT5M,58.993,98.134,79.5932,38.3928,19.852
421,421,196,289,34,0.15,44.5,7.4,233,2026-09-19 15:10:00,PT5M,57.415,96.4865,77.9786,36.8514,18.3435
406,407,187,283,34,0.15,44.9,7.4,233,2026-09-19 15:15:00,PT5M,55.785,94.7585,76.297,35.273,16.8115
392,392,178,278,33,0.15,45.3,7.4,233,2026-09-19 15:20:00,PT5M,54.096,92.9405,74.5401,33.6519,15.2515
377,378,169,272,33,0.15,45.6,7.3,232,2026-09-19 15:25:00,PT5M,52.339,91.022,72.6981,31.9799,13.656
363,363,160,266,33,0.15,46.0,7.3,232,2026-09-19 15:30:00,PT5M,50.521,89.0005,70.773,30.269,12.0415
348,348,150,259,33,0.15,46.4,7.2,232,2026-09-19 15:35:00,PT5M,48.639,86.855,68.7524,28.5256,10.423
333,334,141,253,33,0.15,46.7,7.2,232,2026-09-19 15:40:00,PT5M,46.69,84.576,66.6297,26.7503,8.804
318,319,131,246,33,0.15,47.1,7.2,232,2026-09-19 15:45:00,PT5M,44.696,82.14,64.403,24.989,7.252
303,304,121,239,33,0.15,47.5,7.1,231,2026-09-19 15:50:00,PT5M,42.624,79.5315,62.0487,23.1993,5.7165
288,289,111,231,33,0.15,47.9,7.1,231,2026-09-19 15:55:00,PT5M,40.7,76.9815,59.7952,21.6048,4.4185
274,274,101,223,32,0.15,48.3,7.1,231,2026-09-19 16:00:00,PT5M,38.487,74.0595,57.2091,19.7649,2.9145
259,260,92,215,32,0.15,48.7,7.0,231,2026-09-19 16:05:00,PT5M,36.31,71.158,54.6508,17.9692,1.462
245,245,83,207,32,0.15,49.1,7.0,230,2026-09-19 16:10:00,PT5M,34.181,68.2705,52.1225,16.2395,0.0915
230,231,74,198,32,0.15,49.5,6.9,230,2026-09-19 16:15:00,PT5M,32.003,65.301,49.528,14.478,0.0
216,217,66,189,32,0.15,49.9,6.9,230,2026-09-19 16:20:00,PT5M,29.807,61.7355,46.6112,13.0028,0.0
202,203,57,180,32,0.15,50.3,6.9,230,2026-09-19 16:25:00,PT5M,27.549,57.2675,43.1901,11.9079,0.0
188,189,48,171,32,0.15,50.7,6.8,229,2026-09-19 16:30:00,PT5M,25.259,52.8395,39.7748,10.7432,0.0
175,175,39,161,32,0.15,51.1,6.8,229,2026-09-19 16:35:00,PT5M,22.983,48.4485,36.3857,9.5803,0.0
161,162,29,152,31,0.15,51.5,6.8,229,2026-09-19 16:40:00,PT5M,20.743,44.1275,33.0504,8.4356,0.0
148,148,19,142,31,0.15,51.9,6.7,229,2026-09-19 16:45:00,PT5M,18.683,39.995,29.8997,7.4663,0.0
135,135,9,132,31,0.15,52.3,6.7,229,2026-09-19 16:50:00,PT5M,16.505,35.7645,26.6414,6.3686,0.0
122,122,0,122,31,0.15,52.8,6.6,228,2026-09-19 16:55:00,PT5M,14.454,31.695,23.5281,5.3799,0.0
109,109,0,109,31,0.15,53.2,6.6,228,2026-09-19 17:00:00,PT5M,12.939,28.218,20.9804,4.8976,0.0
96,96,0,96,31,0.15,53.6,6.6,228,2026-09-19 17:05:00,PT5M,11.404,24.8185,18.4641,4.3439,0.0
84,84,0,84,31,0.15,54.1,6.5,227,2026-09-19 17:10:00,PT5M,9.926,21.5775,16.0583,3.7937,0.0
72,72,0,72,30,0.15,54.5,6.5,227,2026-09-19 17:15:00,PT5M,8.377,18.3165,13.6082,3.1458,0.0
60,61,0,61,30,0.15,55.0,6.5,227,2026-09-19 17:20:00,PT5M,6.989,15.2605,11.3423,2.6357,0.0
50,50,0,50,30,0.15,55.4,6.4,227,2026-09-19 17:25:00,PT5M,5.735,12.349,9.216,2.254,0.0
40,40,0,40,30,0.15,55.9,6.4,226,2026-09-19 17:30:00,PT5M,4.495,9.585,7.1739,1.8161,0.0
31,31,0,31,30,0.15,56.2,6.4,226,2026-09-19 17:35:00,PT5M,3.312,7.0495,5.2791,1.3449,0.0
23,23,0,23,30,0.15,56.5,6.4,226,2026-09-19 17:40:00,PT5M,2.317,4.953,3.7043,0.9297,0.0
16,16,0,16,30,0.15,56.7,6.4,226,2026-09-19 17:45:00,PT5M,1.437,3.092,2.308,0.566,0.0
10,10,0,10,30,0.15,56.9,6.4,226,2026-09-19 17:50:00,PT5M,0.648,1.5105,1.1019,0.1941,0.0
5,5,0,5,30,0.15,57.2,6.4,226,2026-09-19 17:55:00,PT5M,0.0,0.2415,0.1271,0.0,0.0
1,1,0,1,30,0.15,57.4,6.4,226,2026-09-19 18:00:00,PT5M,0.0,0.0,0.0,0.0,0.0
0,0,0,0,30,0.15,57.6,6.4,226,2026-09-19 18:05:00,PT5M,0.0,0.0,0.0,0.0,0.0
0,0,0,0,30,0.15,57.9,6.4,226,2026-09-19 18:10:00,PT5M,0.0,0.0,0.0,0.0,0.0
0,0,0,0,29,0.15,58.1,6.4,226,2026-09-19 18:15:00,PT5M,0.0,0.0,0.0,0.0,0.0
0,0,0,0,29,0.15,58.4,6.5,225,2026-09-19 18:20:00,PT5M,0.0,0.0,0.0,0.0,0.0
0,0,0,0,29,0.15,58.6,6.5,225,2026-09-19 18:25:00,PT5M,0.0,0.0,0.0,0.0,0.0
0,0,0,0,29,0.15,58.9,6.5,225,2026-09-19 18:30:00,PT5M,0.0,0.0,0.0,0.0,0.0
0,0,0,0,29,0.15,59.1,6.5,225,2026-09-19 18:35:00,PT5M,0.0,0.0,0.0,0.0,0.0
0,0,0,0,29,0.15,59.4,6.5,225,2026-09-19 18:40:00,PT5M,0.0,0.0,0.0,0.0,0.0
0,0,0,0,29,0.15,59.6,6.5,225,2026-09-19 18:45:00,PT5M,0.0,0.0,0.0,0.0,0.0
0,0,0,0,29,0.15,59.9,6.5,225,2026-09-19 18:50:00,PT5M,0.0,0.0,0.0,0.0,0.0
0,0,0,0,29,0.15,60.1,6.5,225,2026-09-19 18:55:00,PT5M,0.0,0.0,0.0,0.0,0.0
0,0,0,0,29,0.15,60.4,6.5,225,2026-09-19 19:00:00,PT5M,0.0,0.0,0.0,0.0,0.0
0,0,0,0,29,0.15,60.6,6.5,225,2026-09-19 19:05:00,PT5M,0.0,0.0,0.0,0.0,0.0
0,0,0,0,29,0.15,60.9,6.6,225,2026-09-19 19:10:00,PT5M,0.0,0.0,0.0,0.0,0.0
0,0,0,0,29,0.15,61.1,6.6,224,2026-09-19 19:15:00,PT5M,0.0,0.0,0.0,0.0,0.0
0,0,0,0,29,0.15,61.4,6.6,224,2026-09-19 19:20:00,PT5M,0.0,0.0,0.0,0.0,0.0
0,0,0,0,28,0.15,61.6,6.6,224,2026-09-19 19:25:00,PT5M,0.0,0.0,0.0,0.0,0.0
0,0,0,0,28,0.15,61.9,6.6,224,2026-09-19 19:30:00,PT5M,0.0,0.0,0.0,0.0,0.0
0,0,0,0,28,0.15,62.2,6.6,224,2026-09-19 19:35:00,PT5M,0.0,0.0,0.0,0.0,0.0
0,0,0,0,28,0.15,62.4,6.6,224,2026-09-19 19:40:00,PT5M,0.0,0.0,0.0,0.0,0.0
0,0,0,0,28,0.15,62.7,6.6,224,2026-09-19 19:45:00,PT5M,0.0,0.0,0.0,0.0,0.0
0,0,0,0,28,0.15,63.0,6.6,224,2026-09-19 19:50:00,PT5M,0.0,0.0,0.0,0.0,0.0
0,0,0,0,28,0.15,63.2,6.6,224,2026-09-19 19:55:00,PT5M,0.0,0.0,0.0,0.0,0.0
0,0,0,0,28,0.15,63.5,6.7,224,2026-09-19 20:00:00,PT5M,0.0,0.0,0.0,0.0,0.0
0,0,0,0,28,0.15,63.8,6.7,224,2026-09-19 20:05:00,PT5M,0.0,0.0,0.0,0.0,0.0
0,0,0,0,28,0.15,64.0,6.7,224,2026-09-19 20:10:00,PT5M,0.0,0.0,0.0,0.0,0.0
0,0,0,0,28,0.15,64.3,6.7,223,2026-09-19 20:15:00,PT5M,0.0,0.0,0.0,0.0,0.0
0,0,0,0,28,0.15,64.6,6.7,223,2026-09-19 20:20:00,PT5M,0.0,0.0,0.0,0.0,0.0
0,0,0,0,28,0.15,64.9,6.7,223,2026-09-19 20:25:00,PT5M,0.0,0.0,0.0,0.0,0.0
0,0,0,0,28,0.15,65.1,6.7,223,2026-09-19 20:30:00,PT5M,0.0,0.0,0.0,0.0,0.0
0,0,0,0,28,0.15,65.3,6.7,223,2026-09-19 20:35:00,PT5M,0.0,0.0,0.0,0.0,0.0
0,0,0,0,28,0.15,65.4,6.7,223,2026-09-19 20:40:00,PT5M,0.0,0.0,0.0,0.0,0.0
0,0,0,0,27,0.15,65.5,6.7,223,2026-09-19 20:45:00,PT5M,0.0,0.0,0.0,0.0,0.0
0,0,0,0,27,0.15,65.6,6.7,223,2026-09-19 20:50:00,PT5M,0.0,0.0,0.0,0.0,0.0
0,0,0,0,27,0.15,65.7,6.6,224,2026-09-19 20:55:00,PT5M,0.0,0.0,0.0,0.0,0.0
0,0,0,0,27,0.15,65.8,6.6,224,2026-09-19 21:00:00,PT5M,0.0,0.0,0.0,0.0,0.0
0,0,0,0,27,0.15,65.9,6.6,224,2026-09-19 21:05:00,PT5M,0.0,0.0,0.0,0.0,0.0
0,0,0,0,27,0.15,66.0,6.6,224,2026-09-19 21:10:00,PT5M,0.0,0.0,0.0,0.0,0.0
0,0,0,0,27,0.15,66.1,6.6,224,2026-09-19 21:15:00,PT5M,0.0,0.0,0.0,0.0,0.0
0,0,0,0,27,0.15,66.2,6.6,224,2026-09-19 21:20:00,PT5M,0.0,0.0,0.0,0.0,0.0
0,0,0,0,27,0.15,66.3,6.5,224,2026-09-19 21:25:00,PT5M,0.0,0.0,0.0,0.0,0.0
0,0,0,0,27,0.15,66.4,6.5,224,2026-09-19 21:30:00,PT5M,0.0,0.0,0.0,0.0,0.0
0,0,0,0,27,0.15,66.5,6.5,224,2026-09-19 21:35:00,PT5M,0.0,0.0,0.0,0.0,0.0
0,0,0,0,27,0.15,66.6,6.5,224,2026-09-19 21:40:00,PT5M,0.0,0.0,0.0,0.0,0.0
0,0,0,0,27,0.15,66.7,6.5,224,2026-09-19 21:45:00,PT5M,0.0,0.0,0.0,0.0,0.0
0,0,0,0,27,0.15,66.8,6.4,224,2026-09-19 21:50:00,PT5M,0.0,0.0,0.0,0.0,0.0
0,0,0,0,27,0.15,66.9,6.4,225,2026-09-19 21:55:00,PT5M,0.0,0.0,0.0,0.0,0.0
0,0,0,0,27,0.15,67.0,6.4,225,2026-09-19 22:00:00,PT5M,0.0,0.0,0.0,0.0,0.0
0,0,0,0,27,0.15,67.1,6.4,225,2026-09-19 22:05:00,PT5M,0.0,0.0,0.0,0.0,0.0
0,0,0,0,27,0.15,67.2,6.4,225,2026-09-19 22:10:00,PT5M,0.0,0.0,0.0,0.0,0.0
0,0,0,0,27,0.15,67.3,6.4,225,2026-09-19 22:15:00,PT5M,0.0,0.0,0.0,0.0,0.0
0,0,0,0,27,0.15,67.4,6.3,225,2026-09-19 22:20:00,PT5M,0.0,0.0,0.0,0.0,0.0
0,0,0,0,27,0.15,67.5,6.3,225,2026-09-19 22:25:00,PT5M,0.0,0.0,0.0,0.0,0.0
0,0,0,0,27,0.15,67.6,6.3,225,2026-09-19 22:30:00,PT5M,0.0,0.0,0.0,0.0,0.0
0,0,0,0,27,0.15,67.7,6.3,225,2026-09-19 22:35:00,PT5M,0.0,0.0,0.0,0.0,0.0
0,0,0,0,27,0.15,67.8,6.3,225,2026-09-19 22:40:00,PT5M,0.0,0.0,0.0,0.0,0.0
0,0,0,0,27,0.15,67.9,6.2,225,2026-09-19 22:45:00,PT5M,0.0,0.0,0.0,0.0,0.0
0,0,0,0,27,0.15,68.0,6.2,226,2026-09-19 22:50:00,PT5M,0.0,0.0,0.0,0.0,0.0
0,0,0,0,27,0.15,68.1,6.2,226,2026-09-19 22:55:00,PT5M,0.0,0.0,0.0,0.0,0.0
0,0,0,0,27,0.15,68.2,6.2,226,2026-09-19 23:00:00,PT5M,0.0,0.0,0.0,0.0,0.0
0,0,0,0,27,0.15,68.3,6.2,226,2026-09-19 23:05:00,PT5M,0.0,0.0,0.0,0.0,0.0
0,0,0,0,27,0.15,68.4,6.2,226,2026-09-19 23:10:00,PT5M,0.0,0.0,0.0,0.0,0.0
0,0,0,0,27,0.15,68.5,6.1,226,2026-09-19 23:15:00,PT5M,0.0,0.0,0.0,0.0,0.0
0,0,0,0,27,0.15,68.6,6.1,226,2026-09-19 23:20:00,PT5M,0.0,0.0,0.0,0.0,0.0
0,0,0,0,27,0.15,68.7,6.1,226,2026-09-19 23:25:00,PT5M,0.0,0.0,0.0,0.0,0.0
0,0,0,0,27,0.15,68.8,6.1,226,2026-09-19 23:30:00,PT5M,0.0,0.0,0.0,0.0,0.0
0,0,0,0,27,0.15,68.9,6.1,226,2026-09-19 23:35:00,PT5M,0.0,0.0,0.0,0.0,0.0
0,0,0,0,27,0.15,69.0,6.0,226,2026-09-19 23:40:00,PT5M,0.0,0.0,0.0,0.0,0.0
0,0,0,0,27,0.15,69.1,6.0,226,2026-09-19 23:45:00,PT5M,0.0,0.0,0.0,0.0,0.0
0,0,0,0,27,0.15,69.2,6.0,226,2026-09-19 23:50:00,PT5M,0.0,0.0,0.0,0.0,0.0
0,0,0,0,27,0.15,69.3,6.0,226,2026-09-19 23:55:00,PT5M,0.0,0.0,0.0,0.0,0.0
0,0,0,0,27,0.15,69.4,5.9,226,2026-09-20 00:00:00,PT5M,0.0,0.0,0.0,0.0,0.0
0,0,0,0,27,0.15,69.5,5.9,226,2026-09-20 00:05:00,PT5M,0.0,0.0,0.0,0.0,0.0
0,0,0,0,26,0.15,69.6,5.9,227,2026-09-20 00:10:00,PT5M,0.0,0.0,0.0,0.0,0.0
0,0,0,0,26,0.15,69.7,5.8,227,2026-09-20 00:15:00,PT5M,0.0,0.0,0.0,0.0,0.0
0,0,0,0,26,0.15,69.8,5.8,227,2026-09-20 00:20:00,PT5M,0.0,0.0,0.0,0.0,0.0
0,0,0,0,26,0.15,69.9,5.8,227,2026-09-20 00:25:00,PT5M,0.0,0.0,0.0,0.0,0.0
0,0,0,0,26,0.15,70.0,5.7,227,2026-09-20 00:30:00,PT5M,0.0,0.0,0.0,0.0,0.0
0,0,0,0,26,0.15,70.1,5.7,227,2026-09-20 00:35:00,PT5M,0.0,0.0,0.0,0.0,0.0
0,0,0,0,26,0.15,70.2,5.7,227,2026-09-20 00:40:00,PT5M,0.0,0.0,0.0,0.0,0.0
0,0,0,0,26,0.15,70.3,5.7,227,2026-09-20 00:45:00,PT5M,0.0,0.0,0.0,0.0,0.0
0,0,0,0,26,0.15,70.4,5.6,227,2026-09-20 00:50:00,PT5M,0.0,0.0,0.0,0.0,0.0
0,0,0,0,26,0.15,70.5,5.6,227,2026-09-20 00:55:00,PT5M,0.0,0.0,0.0,0.0,0.0
0,0,0,0,26,0.15,70.6,5.6,227,2026-09-20 01:00:00,PT5M,0.0,0.0,0.0,0.0,0.0
0,0,0,0,26,0.15,70.7,5.5,227,2026-09-20 01:05:00,PT5M,0.0,0.0,0.0,0.0,0.0
0,0,0,0,26,0.15,70.8,5.5,227,2026-09-20 01:10:00,PT5M,0.0,0.0,0.0,0.0,0.0
0,0,0,0,26,0.15,70.9,5.5,227,2026-09-20 01:15:00,PT5M,0.0,0.0,0.0,0.0,0.0
0,0,0,0,26,0.15,71.0,5.5,227,2026-09-20 01:20:00,PT5M,0.0,0.0,0.0,0.0,0.0
0,0,0,0,26,0.15,71.1,5.4,227,2026-09-20 01:25:00,PT5M,0.0,0.0,0.0,0.0,0.0
0,0,0,0,26,0.15,71.2,5.4,227,2026-09-20 01:30:00,PT5M,0.0,0.0,0.0,0.0,0.0
0,0,0,0,26,0.15,71.4,5.4,227,2026-09-20 01:35:00,PT5M,0.0,0.0,0.0,0.0,0.0
0,0,0,0,26,0.15,71.5,5.3,227,2026-09-20 01:40:00,PT5M,0.0,0.0,0.0,0.0,0.0
0,0,0,0,26,0.15,71.6,5.3,227,2026-09-20 01:45:00,PT5M,0.0,0.0,0.0,0.0,0.0
0,0,0,0,26,0.15,71.7,5.3,227,2026-09-20 01:50:00,PT5M,0.0,0.0,0.0,0.0,0.0
0,0,0,0,26,0.15,71.8,5.2,227,2026-09-20 01:55:00,PT5M,0.0,0.0,0.0,0.0,0.0
0,0,0,0,26,0.15,71.9,5.2,227,2026-09-20 02:00:00,PT5M,0.0,0.0,0.0,0.0,0.0
0,0,0,0,26,0.15,72.0,5.2,227,2026-09-20 02:05:00,PT5M,0.0,0.0,0.0,0.0,0.0
0,0,0,0,26,0.15,72.1,5.2,227,2026-09-20 02:10:00,PT5M,0.0,0.0,0.0,0.0,0.0
0,0,0,0,26,0.15,72.2,5.1,227,2026-09-20 02:15:00,PT5M,0.0,0.0,0.0,0.0,0.0
0,0,0,0,26,0.15,72.3,5.1,227,2026-09-20 02:20:00,PT5M,0.0,0.0,0.0,0.0,0.0
0,0,0,0,26,0.15,72.4,5.1,227,2026-09-20 02:25:00,PT5M,0.0,0.0,0.0,0.0,0.0
0,0,0,0,26,0.15,72.5,5.0,227,2026-09-20 02:30:00,PT5M,0.0,0.0,0.0,0.0,0.0
0,0,0,0,26,0.15,72.6,5.0,227,2026-09-20 02:35:00,PT5M,0.0,0.0,0.0,0.0,0.0
0,0,0,0,26,0.15,72.7,5.0,227,2026-09-20 02:40:00,PT5M,0.0,0.0,0.0,0.0,0.0
0,0,0,0,26,0.15,72.9,5.0,227,2026-09-20 02:45:00,PT5M,0.0,0.0,0.0,0.0,0.0
0,0,0,0,26,0.15,73.0,5.0,227,2026-09-20 02:50:00,PT5M,0.0,0.0,0.0,0.0,0.0
0,0,0,0,26,0.15,73.1,4.9,227,2026-09-20 02:55:00,PT5M,0.0,0.0,0.0,0.0,0.0
0,0,0,0,26,0.15,73.2,4.9,227,2026-09-20 03:00:00,PT5M,0.0,0.0,0.0,0.0,0.0
0,0,0,0,26,0.15,73.3,4.9,227,2026-09-20 03:05:00,PT5M,0.0,0.0,0.0,0.0,0.0
0,0,0,0,26,0.15,73.4,4.9,226,2026-09-20 03:10:00,PT5M,0.0,0.0,0.0,0.0,0.0
0,0,0,0,26,0.15,73.5,4.9,226,2026-09-20 03:15:00,PT5M,0.0,0.0,0.0,0.0,0.0
0,0,0,0,26,0.15,73.6,4.8,226,2026-09-20 03:20:00,PT5M,0.0,0.0,0.0,0.0,0.0
0,0,0,0,26,0.15,73.7,4.8,226,2026-09-20 03:25:00,PT5M,0.0,0.0,0.0,0.0,0.0
0,0,0,0,26,0.15,73.8,4.8,226,2026-09-20 03:30:00,PT5M,0.0,0.0,0.0,0.0,0.0
0,0,0,0,26,0.15,74.0,4.8,226,2026-09-20 03:35:00,PT5M,0.0,0.0,0.0,0.0,0.0
0,0,0,0,26,0.15,74.1,4.8,226,2026-09-20 03:40:00,PT5M,0.0,0.0,0.0,0.0,0.0
0,0,0,0,26,0.15,74.2,4.7,225,2026-09-20 03:45:00,PT5M,0.0,0.0,0.0,0.0,0.0
0,0,0,0,26,0.15,74.3,4.7,225,2026-09-20 03:50:00,PT5M,0.0,0.0,0.0,0.0,0.0
0,0,0,0,26,0.15,74.4,4.7,225,2026-09-20 03:55:00,PT5M,0.0,0.0,0.0,0.0,0.0
0,0,0,0,26,0.15,74.5,4.7,225,2026-09-20 04:00:00,PT5M,0.0,0.0,0.0,0.0,0.0
0,0,0,0,26,0.15,74.6,4.7,225,2026-09-20 04:05:00,PT5M,0.0,0.0,0.0,0.0,0.0
0,0,0,0,26,0.15,74.7,4.6,225,2026-09-20 04:10:00,PT5M,0.0,0.0,0.0,0.0,0.0
0,0,0,0,26,0.15,74.9,4.6,225,2026-09-20 04:15:00,PT5M,0.0,0.0,0.0,0.0,0.0
0,0,0,0,25,0.15,75.0,4.6,224,2026-09-20 04:20:00,PT5M,0.0,0.0,0.0,0.0,0.0
0,0,0,0,25,0.15,75.1,4.6,224,2026-09-20 04:25:00,PT5M,0.0,0.0,0.0,0.0,0.0
0,0,0,0,25,0.15,75.2,4.6,224,2026-09-20 04:30:00,PT5M,0.0,0.0,0.0,0.0,0.0
0,0,0,0,25,0.15,75.3,4.5,224,2026-09-20 04:35:00,PT5M,0.0,0.0,0.0,0.0,0.0
0,0,0,0,25,0.15,75.4,4.5,224,2026-09-20 04:40:00,PT5M,0.0,0.0,0.0,0.0,0.0
0,0,0,0,25,0.15,75.5,4.5,224,2026-09-20 04:45:00,PT5M,0.0,0.0,0.0,0.0,0.0
0,0,0,0,25,0.15,75.6,4.5,224,2026-09-20 04:50:00,PT5M,0.0,0.0,0.0,0.0,0.0
0,0,0,0,25,0.15,75.8,4.5,223,2026-09-20 04:55:00,PT5M,0.0,0.0,0.0,0.0,0.0
0,0,0,0,25,0.15,75.9,4.4,223,2026-09-20 05:00:00,PT5M,0.0,0.0,0.0,0.0,0.0
0,0,0,0,25,0.15,76.0,4.4,223,2026-09-20 05:05:00,PT5M,0.0,0.0,0.0,0.0,0.0
0,0,0,0,25,0.15,76.1,4.4,223,2026-09-20 05:10:00,PT5M,0.0,0.0,0.0,0.0,0.0
0,0,0,0,25,0.15,76.2,4.4,223,2026-09-20 05:15:00,PT5M,0.0,0.0,0.0,0.0,0.0
0,0,0,0,25,0.15,76.3,4.4,223,2026-09-20 05:20:00,PT5M,0.0,0.0,0.0,0.0,0.0
0,0,0,0,25,0.15,76.4,4.3,222,2026-09-20 05:25:00,PT5M,0.0,0.0,0.0,0.0,0.0
0,0,0,0,25,0.15,76.6,4.3,222,2026-09-20 05:30:00,PT5M,0.0,0.0,0.0,0.0,0.0
0,0,0,0,25,0.15,76.4,4.3,222,2026-09-20 05:35:00,PT5M,0.0,0.0,0.0,0.0,0.0
0,0,0,0,25,0.15,75.8,4.4,223,2026-09-20 05:40:00,PT5M,0.0,0.0,0.0,0.0,0.0
0,0,0,0,26,0.15,75.3,4.5,223,2026-09-20 05:45:00,PT5M,0.0,0.0,0.0,0.0,0.0
0,0,0,0,26,0.15,74.8,4.5,223,2026-09-20 05:50:00,PT5M,0.0,0.0,0.0,0.0,0.0
0,0,0,0,26,0.15,74.3,4.6,224,2026-09-20 05:55:00,PT5M,0.0,0.0,0.0,0.0,0.0
0,0,0,0,26,0.15,73.8,4.6,224,2026-09-20 06:00:00,PT5M,0.0,0.0,0.0,0.0,0.0
5,5,0,5,26,0.15,73.3,4.7,224,2026-09-20 06:05:00,PT5M,0.0,0.223,0.1174,0.0,0.0
10,11,0,11,26,0.15,72.8,4.7,225,2026-09-20 06:10:00,PT5M,0.722,1.594,1.1809,0.2631,0.0
17,17,0,17,26,0.15,72.3,4.8,225,2026-09-20 06:15:00,PT5M,1.64,3.4185,2.576,0.704,0.0
26,26,0,26,26,0.15,71.8,4.9,225,2026-09-20 06:20:00,PT5M,2.7,5.704,4.281,1.119,0.0
36,36,0,36,27,0.15,71.3,4.9,226,2026-09-20 06:25:00,PT5M,3.917,8.234,6.1891,1.6449,0.0
47,47,0,47,27,0.15,70.8,5.0,226,2026-09-20 06:30:00,PT5M,5.416,11.2955,8.5104,2.3216,0.0
59,59,0,59,27,0.15,70.3,5.0,226,2026-09-20 06:35:00,PT5M,7.032,14.6475,11.0401,3.0239,0.0
72,72,7,71,27,0.15,69.8,5.1,226,2026-09-20 06:40:00,PT5M,8.816,18.266,13.7896,3.8424,0.0
86,86,32,80,27,0.15,69.3,5.1,227,2026-09-20 06:45:00,PT5M,11.388,22.6825,17.3324,5.4436,0.0935
101,101,57,89,27,0.15,68.9,5.2,227,2026-09-20 06:50:00,PT5M,14.332,27.465,21.244,7.42,1.199
117,117,83,97,27,0.15,68.4,5.3,227,2026-09-20 06:55:00,PT5M,17.392,32.396,25.2887,9.4953,2.388
133,133,109,105,27,0.15,67.9,5.3,228,2026-09-20 07:00:00,PT5M,20.779,37.769,29.721,11.837,3.789
149,149,130,113,28,0.15,67.5,5.4,228,2026-09-20 07:05:00,PT5M,24.085,43.0845,34.0846,14.0854,5.0855
165,166,150,120,28,0.15,67.0,5.4,228,2026-09-20 07:10:00,PT5M,27.54,48.556,38.6009,16.4791,6.524
182,182,169,128,28,0.15,66.6,5.5,228,2026-09-20 07:15:00,PT5M,31.159,54.205,43.2883,19.0297,8.113
199,199,188,135,28,0.15,66.1,5.5,228,2026-09-20 07:20:00,PT5M,34.911,59.988,48.1092,21.7128,9.834
216,217,207,141,28,0.15,65.7,5.6,229,2026-09-20 07:25:00,PT5M,38.795,65.893,53.0569,24.5331,11.697
234,234,226,148,28,0.15,65.2,5.7,229,2026-09-20 07:30:00,PT5M,42.784,71.8925,58.104,27.464,13.6755
252,252,245,154,28,0.15,64.8,5.7,229,2026-09-20 07:35:00,PT5M,46.891,78.0295,63.2794,30.5026,15.7525
270,271,264,159,28,0.15,64.3,5.8,229,2026-09-20 07:40:00,PT5M,51.126,84.3625,68.6186,33.6334,17.8895
289,289,283,164,28,0.15,63.9,5.8,230,2026-09-20 07:45:00,PT5M,54.78,89.327,72.9623,36.5977,20.233
308,308,303,169,29,0.15,63.5,5.9,230,2026-09-20 07:50:00,PT5M,57.779,92.8325,76.2279,39.3301,22.7255
327,328,322,173,29,0.15,63.0,6.0,230,2026-09-20 07:55:00,PT5M,60.715,96.217,79.4,42.03,25.213
347,347,342,176,29,0.15,62.6,6.0,230,2026-09-20 08:00:00,PT5M,63.579,99.467,82.4671,44.6909,27.691
366,367,361,179,29,0.15,62.2,6.1,230,2026-09-20 08:05:00,PT5M,66.356,100.0,85.4104,47.3016,30.152
386,387,381,182,29,0.15,61.8,6.1,231,2026-09-20 08:10:00,PT5M,69.001,100.0,88.1796,49.8224,32.561
406,407,401,184,29,0.15,61.4,6.2,231,2026-09-20 08:15:00,PT5M,71.562,100.0,90.818,52.306,34.975
427,427,420,186,29,0.15,61.0,6.3,231,2026-09-20 08:20:00,PT5M,73.995,100.0,93.2797,54.7103,37.3535
447,447,440,187,29,0.15,60.6,6.3,231,2026-09-20 08:25:00,PT5M,76.272,100.0,95.523,57.021,39.6945
467,467,460,188,30,0.15,60.1,6.4,231,2026-09-20 08:30:00,PT5M,78.454,100.0,97.6421,59.2659,41.996
486,485,472,190,30,0.15,59.7,6.4,231,2026-09-20 08:35:00,PT5M,80.008,100.0,99.1879,60.8281,43.5655
501,501,478,194,30,0.15,59.1,6.4,231,2026-09-20 08:40:00,PT5M,80.955,100.0,100.0,61.7851,44.5315
517,516,483,198,30,0.15,58.6,6.5,231,2026-09-20 08:45:00,PT5M,81.848,100.0,100.0,62.697,45.4605
532,532,488,202,30,0.15,58.0,6.5,231,2026-09-20 08:50:00,PT5M,82.694,100.0,100.0,63.5688,46.3555
547,547,493,206,30,0.15,57.5,6.5,231,2026-09-20 08:55:00,PT5M,83.499,100.0,100.0,64.4067,47.223
562,561,497,210,30,0.15,57.0,6.5,231,2026-09-20 09:00:00,PT5M,84.267,100.0,100.0,65.2144,48.0665
577,576,503,213,30,0.15,56.5,6.6,231,2026-09-20 09:05:00,PT5M,85.113,100.0,100.0,66.1738,49.128
592,591,509,216,31,0.15,55.9,6.6,231,2026-09-20 09:10:00,PT5M,85.936,100.0,100.0,67.1963,50.33
606,605,515,219,31,0.15,55.4,6.6,231,2026-09-20 09:15:00,PT5M,86.724,100.0,100.0,68.1801,51.49
620,619,520,222,31,0.15,54.9,6.6,231,2026-09-20 09:20:00,PT5M,87.478,100.0,100.0,69.1265,52.6095
634,633,526,224,31,0.15,54.4,6.6,231,2026-09-20 09:25:00,PT5M,88.201,100.0,100.0,70.0381,53.691
648,647,531,227,31,0.15,53.9,6.7,231,2026-09-20 09:30:00,PT5M,88.918,100.0,100.0,70.9399,54.759
661,660,535,230,31,0.15,53.4,6.7,231,2026-09-20 09:35:00,PT5M,89.507,100.0,100.0,71.7183,55.708
673,672,537,233,31,0.15,52.9,6.7,231,2026-09-20 09:40:00,PT5M,90.002,100.0,100.0,72.4083,56.5735
684,683,539,236,31,0.15,52.5,6.7,231,2026-09-20 09:45:00,PT5M,90.423,100.0,100.0,73.0172,57.3515
695,694,541,239,32,0.15,52.0,6.8,231,2026-09-20 09:50:00,PT5M,90.809,100.0,100.0,73.5859,58.0845
706,704,542,243,32,0.15,51.5,6.8,231,2026-09-20 09:55:00,PT5M,91.175,100.0,100.0,74.1305,58.79
716,714,543,246,32,0.15,51.0,6.8,231,2026-09-20 10:00:00,PT5M,91.519,100.0,100.0,74.6472,59.462
725,724,544,249,32,0.15,50.6,6.8,231,2026-09-20 10:05:00,PT5M,91.839,100.0,100.0,75.1337,60.0985
735,733,544,252,32,0.15,50.1,6.9,231,2026-09-20 10:10:00,PT5M,92.136,100.0,100.0,75.5926,60.703
744,742,545,255,32,0.15,49.7,6.9,231,2026-09-20 10:15:00,PT5M,92.411,100.0,100.0,76.0242,61.2755
752,750,545,258,32,0.15,49.2,6.9,231,2026-09-20 10:20:00,PT5M,92.663,100.0,100.0,76.428,61.816
760,758,546,261,32,0.15,48.8,6.9,231,2026-09-20 10:25:00,PT5M,92.899,100.0,100.0,76.8114,62.332
768,766,546,263,33,0.15,48.3,7.0,231,2026-09-20 10:30:00,PT5M,93.115,100.0,100.0,77.1708,62.8205
775,774,547,265,33,0.15,47.9,7.0,231,2026-09-20 10:35:00,PT5M,93.372,100.0,100.0,77.567,63.342
783,781,550,267,33,0.15,47.4,7.0,231,2026-09-20 10:40:00,PT5M,93.668,100.0,100.0,77.9977,63.894
791,789,552,268,33,0.15,47.0,7.0,231,2026-09-20 10:45:00,PT5M,93.939,100.0,100.0,78.3982,64.411
798,796,554,269,33,0.15,46.6,7.0,231,2026-09-20 10:50:00,PT5M,94.186,100.0,100.0,78.7678,64.891
804,802,556,270,33,0.15,46.2,7.1,231,2026-09-20 10:55:00,PT5M,94.406,100.0,100.0,79.102,65.328
810,808,558,271,33,0.15,45.7,7.1,231,2026-09-20 11:00:00,PT5M,94.592,100.0,100.0,79.3794,65.6875
816,814,560,272,33,0.15,45.3,7.1,231,2026-09-20 11:05:00,PT5M,94.758,100.0,100.0,79.6422,66.0375
821,819,561,274,34,0.15,44.9,7.1,231,2026-09-20 11:10:00,PT5M,94.903,100.0,100.0,79.8896,66.377
825,823,562,275,34,0.15,44.5,7.2,231,2026-09-20 11:15:00,PT5M,95.027,100.0,100.0,80.1075,66.6795
830,828,563,276,34,0.15,44.1,7.2,231,2026-09-20 11:20:00,PT5M,95.124,100.0,100.0,80.2835,66.9265
833,831,563,276,34,0.15,43.7,7.2,231,2026-09-20 11:25:00,PT5M,95.201,100.0,100.0,80.4323,67.14
836,834,564,277,34,0.15,43.3,7.2,231,2026-09-20 11:30:00,PT5M,95.256,100.0,100.0,80.5523,67.3185
838,836,562,279,34,0.15,43.1,7.3,231,2026-09-20 11:35:00,PT5M,95.194,100.0,100.0,80.504,67.2825
838,836,558,282,34,0.15,43.1,7.3,231,2026-09-20 11:40:00,PT5M,95.012,100.0,100.0,80.283,67.0265
838,835,554,285,34,0.15,43.1,7.3,230,2026-09-20 11:45:00,PT5M,94.809,100.0,100.0,80.0332,66.7345
837,834,550,287,34,0.15,43.1,7.3,230,2026-09-20 11:50:00,PT5M,94.581,100.0,100.0,79.7512,66.404
835,833,545,290,34,0.15,43.1,7.3,230,2026-09-20 11:55:00,PT5M,94.328,100.0,100.0,79.4364,66.0335
833,831,540,292,34,0.15,43.1,7.3,230,2026-09-20 12:00:00,PT5M,94.046,100.0,100.0,79.0847,65.619
830,828,536,295,34,0.15,43.1,7.3,230,2026-09-20 12:05:00,PT5M,93.845,100.0,100.0,78.8071,65.2725
827,825,531,297,34,0.15,43.1,7.3,230,2026-09-20 12:10:00,PT5M,93.68,100.0,100.0,78.5587,64.949
824,822,526,299,34,0.15,43.1,7.3,230,2026-09-20 12:15:00,PT5M,93.433,100.0,100.0,78.2214,64.5305
819,817,521,301,34,0.15,43.1,7.3,230,2026-09-20 12:20:00,PT5M,93.159,100.0,100.0,77.8503,64.072
815,813,515,303,34,0.15,43.1,7.3,230,2026-09-20 12:25:00,PT5M,92.859,100.0,100.0,77.4469,63.5755
810,808,510,304,34,0.15,43.1,7.4,230,2026-09-20 12:30:00,PT5M,92.534,100.0,100.0,77.0124,63.0425
804,802,504,306,34,0.15,43.0,7.4,230,2026-09-20 12:35:00,PT5M,92.127,100.0,100.0,76.5028,62.4405
797,795,496,309,34,0.15,43.0,7.4,230,2026-09-20 12:40:00,PT5M,91.637,100.0,100.0,75.9159,61.7665
789,788,488,311,34,0.15,43.0,7.4,230,2026-09-20 12:45:00,PT5M,91.121,100.0,100.0,75.2968,61.0545
782,780,481,313,34,0.15,43.0,7.4,230,2026-09-20 12:50:00,PT5M,90.57,100.0,100.0,74.6292,60.282
773,772,473,314,34,0.15,43.0,7.4,230,2026-09-20 12:55:00,PT5M,89.99,100.0,100.0,73.9253,59.4665
765,763,465,316,34,0.15,43.0,7.4,230,2026-09-20 13:00:00,PT5M,89.395,100.0,100.0,73.2126,58.648
756,754,457,317,34,0.15,43.0,7.4,230,2026-09-20 13:05:00,PT5M,88.789,100.0,100.0,72.4961,57.832
747,745,450,318,34,0.15,43.0,7.4,230,2026-09-20 13:10:00,PT5M,88.135,100.0,100.0,71.7105,56.928
737,736,442,319,34,0.15,43.0,7.4,230,2026-09-20 13:15:00,PT5M,87.446,100.0,100.0,70.8831,55.976
727,726,434,319,34,0.15,43.0,7.4,229,2026-09-20 13:20:00,PT5M,86.726,100.0,100.0,70.0186,54.9815
717,716,426,320,34,0.15,43.0,7.5,229,2026-09-20 13:25:00,PT5M,85.974,100.0,100.0,69.1182,53.9475
706,705,419,320,34,0.15,43.0,7.5,229,2026-09-20 13:30:00,PT5M,85.191,100.0,100.0,68.1836,52.8765
696,695,412,319,34,0.15,43.0,7.5,229,2026-09-20 13:35:00,PT5M,84.44,100.0,100.0,67.2677,51.812
685,684,406,318,34,0.15,43.0,7.5,229,2026-09-20 13:40:00,PT5M,83.723,100.0,100.0,66.3728,50.757
675,674,400,317,34,0.15,43.0,7.5,229,2026-09-20 13:45:00,PT5M,82.979,100.0,100.0,65.4482,49.67
664,663,394,315,34,0.15,42.9,7.5,229,2026-09-20 13:50:00,PT5M,82.206,100.0,99.9199,64.4921,48.549
653,652,388,313,34,0.15,42.9,7.5,229,2026-09-20 13:55:00,PT5M,81.402,100.0,99.3022,63.5018,47.391
642,641,382,311,34,0.15,42.9,7.5,229,2026-09-20 14:00:00,PT5M,80.566,100.0,98.6554,62.4766,46.1955
630,629,375,309,34,0.15,42.9,7.5,229,2026-09-20 14:05:00,PT5M,79.687,100.0,97.9704,61.4036,44.948
618,617,369,307,34,0.15,42.9,7.5,229,2026-09-20 14:10:00,PT5M,78.763,100.0,97.2445,60.2815,43.6475
605,605,362,305,34,0.15,42.9,7.5,229,2026-09-20 14:15:00,PT5M,77.807,100.0,96.4888,59.1252,42.311
593,592,355,302,34,0.15,42.9,7.6,229,2026-09-20 14:20:00,PT5M,76.767,100.0,95.6514,57.8826,40.886
579,579,347,300,34,0.15,42.9,7.6,229,2026-09-20 14:25:00,PT5M,75.695,100.0,94.7868,56.6032,39.42
566,565,339,297,34,0.15,42.9,7.6,229,2026-09-20 14:30:00,PT5M,74.587,100.0,93.8875,55.2865,37.9155
551,551,329,295,34,0.15,43.1,7.6,229,2026-09-20 14:35:00,PT5M,73.259,100.0,92.7755,53.7425,36.177
535,535,316,293,34,0.15,43.4,7.6,229,2026-09-20 14:40:00,PT5M,71.707,100.0,91.4467,51.9673,34.201
519,519,304,291,34,0.15,43.8,7.6,229,2026-09-20 14:45:00,PT5M,70.11,100.0,89.971,50.249,32.3735
502,502,291,288,34,0.15,44.2,7.6,228,2026-09-20 14:50:00,PT5M,68.469,100.0,88.4066,48.5314,30.587
486,486,279,285,34,0.15,44.5,7.5,228,2026-09-20 14:55:00,PT5M,66.783,100.0,86.7877,46.7783,28.7735
470,470,267,282,34,0.15,44.9,7.5,228,2026-09-20 15:00:00,PT5M,65.063,100.0,85.1242,45.0018,26.946
454,454,255,278,33,0.15,45.3,7.5,228,2026-09-20 15:05:00,PT5M,63.357,100.0,83.4519,43.2621,25.176
438,438,243,274,33,0.15,45.6,7.5,228,2026-09-20 15:10:00,PT5M,61.567,99.718,81.6461,41.4879,23.416
422,422,231,270,33,0.15,46.0,7.5,228,2026-09-20 15:15:00,PT5M,59.724,97.8705,79.8008,39.6472,21.5775
406,406,219,265,33,0.15,46.4,7.5,228,2026-09-20 15:20:00,PT5M,57.868,95.982,77.9277,37.8083,19.754
389,390,207,261,33,0.15,46.8,7.5,228,2026-09-20 15:25:00,PT5M,55.9,93.949,75.9255,35.8745,17.851
373,374,195,255,33,0.15,47.2,7.5,228,2026-09-20 15:30:00,PT5M,53.87,91.8215,73.8441,33.8959,15.9185
357,357,182,250,33,0.15,47.6,7.5,228,2026-09-20 15:35:00,PT5M,51.708,89.551,71.625,31.791,13.865
340,341,169,244,32,0.15,48.0,7.5,228,2026-09-20 15:40:00,PT5M,49.415,87.108,69.2531,29.5769,11.722
324,324,156,238,32,0.15,48.4,7.5,227,2026-09-20 15:45:00,PT5M,47.066,84.4845,66.7596,27.3724,9.6475
308,308,142,232,32,0.15,48.8,7.5,227,2026-09-20 15:50:00,PT5M,44.647,81.6925,64.1443,25.1497,7.6015
291,292,129,225,32,0.15,49.2,7.4,227,2026-09-20 15:55:00,PT5M,42.163,78.7415,61.4145,22.9115,5.5845
275,276,116,218,32,0.15,49.6,7.4,227,2026-09-20 16:00:00,PT5M,39.622,75.646,58.5817,20.6623,3.598
259,260,104,210,32,0.15,50.1,7.4,227,2026-09-20 16:05:00,PT5M,37.351,72.7955,56.0057,18.6963,1.9065
244,245,93,202,32,0.15,50.5,7.4,227,2026-09-20 16:10:00,PT5M,34.913,69.7655,53.2561,16.5699,0.0605
229,229,81,193,31,0.15,50.9,7.4,227,2026-09-20 16:15:00,PT5M,32.445,66.649,50.4468,14.4432,0.0
214,214,70,185,31,0.15,51.3,7.4,227,2026-09-20 16:20:00,PT5M,29.953,62.743,47.2106,12.6954,0.0
199,200,59,176,31,0.15,51.8,7.4,227,2026-09-20 16:25:00,PT5M,27.422,58.055,43.5444,11.2996,0.0
185,185,48,167,31,0.15,52.2,7.4,227,2026-09-20 16:30:00,PT5M,24.911,53.44,39.926,9.896,0.0
171,171,38,158,31,0.15,52.6,7.4,227,2026-09-20 16:35:00,PT5M,22.503,48.891,36.3912,8.6148,0.0
157,158,28,148,31,0.15,53.1,7.4,227,2026-09-20 16:40:00,PT5M,20.357,44.6675,33.1518,7.5622,0.0
144,144,17,139,31,0.15,53.5,7.4,226,2026-09-20 16:45:00,PT5M,18.095,40.328,29.7964,6.3936,0.0
131,131,7,129,31,0.15,54.0,7.4,226,2026-09-20 16:50:00,PT5M,15.9,36.0675,26.5143,5.2857,0.0
118,118,0,118,30,0.15,54.5,7.3,226,2026-09-20 16:55:00,PT5M,14.012,32.1405,23.5532,4.4708,0.0
105,106,0,106,30,0.15,54.9,7.3,226,2026-09-20 17:00:00,PT5M,12.512,28.6495,21.0053,4.0187,0.0
93,93,0,93,30,0.15,55.4,7.3,226,2026-09-20 17:05:00,PT5M,10.985,25.213,18.4733,3.4967,0.0
80,80,0,80,30,0.15,55.9,7.3,226,2026-09-20 17:10:00,PT5M,9.513,21.91,16.0376,2.9884,0.0
69,69,0,69,30,0.15,56.3,7.3,226,2026-09-20 17:15:00,PT5M,7.99,18.5955,13.5718,2.4082,0.0
58,58,0,58,30,0.15,56.8,7.3,226,2026-09-20 17:20:00,PT5M,6.639,15.4775,11.2908,1.9872,0.0
47,47,0,47,30,0.15,57.3,7.3,226,2026-09-20 17:25:00,PT5M,5.411,12.517,9.1509,1.6711,0.0
38,38,0,38,29,0.15,57.8,7.3,226,2026-09-20 17:30:00,PT5M,4.192,9.654,7.0667,1.3173,0.0
30,30,0,30,29,0.15,58.2,7.3,226,2026-09-20 17:35:00,PT5M,3.092,7.0525,5.1764,1.0076,0.0
22,22,0,22,29,0.15,58.4,7.2,226,2026-09-20 17:40:00,PT5M,2.182,4.932,3.6293,0.7347,0.0
15,15,0,15,29,0.15,58.6,7.2,226,2026-09-20 17:45:00,PT5M,1.348,3.0045,2.2198,0.4762,0.0
10,10,0,10,29,0.15,58.8,7.2,226,2026-09-20 17:50:00,PT5M,0.585,1.4075,1.0179,0.1521,0.0
4,4,0,4,29,0.15,59.0,7.2,226,2026-09-20 17:55:00,PT5M,0.0,0.1905,0.1003,0.0,0.0
0,0,0,0,29,0.15,59.3,7.1,226,2026-09-20 18:00:00,PT5M,0.0,0.0,0.0,0.0,0.0
0,0,0,0,29,0.15,59.5,7.1,226,2026-09-20 18:05:00,PT5M,0.0,0.0,0.0,0.0,0.0
0,0,0,0,29,0.15,59.7,7.1,226,2026-09-20 18:10:00,PT5M,0.0,0.0,0.0,0.0,0.0
0,0,0,0,29,0.15,59.9,7.0,226,2026-09-20 18:15:00,PT5M,0.0,0.0,0.0,0.0,0.0
0,0,0,0,29,0.15,60.2,7.0,226,2026-09-20 18:20:00,PT5M,0.0,0.0,0.0,0.0,0.0
0,0,0,0,29,0.15,60.4,7.0,226,2026-09-20 18:25:00,PT5M,0.0,0.0,0.0,0.0,0.0
0,0,0,0,29,0.15,60.6,6.9,226,2026-09-20 18:30:00,PT5M,0.0,0.0,0.0,0.0,0.0
0,0,0,0,29,0.15,60.8,6.9,226,2026-09-20 18:35:00,PT5M,0.0,0.0,0.0,0.0,0.0
0,0,0,0,29,0.15,61.1,6.9,226,2026-09-20 18:40:00,PT5M,0.0,0.0,0.0,0.0,0.0
0,0,0,0,29,0.15,61.3,6.9,226,2026-09-20 18:45:00,PT5M,0.0,0.0,0.0,0.0,0.0
0,0,0,0,29,0.15,61.5,6.8,226,2026-09-20 18:50:00,PT5M,0.0,0.0,0.0,0.0,0.0
0,0,0,0,28,0.15,61.8,6.8,226,2026-09-20 18:55:00,PT5M,0.0,0.0,0.0,0.0,0.0
0,0,0,0,28,0.15,62.0,6.8,226,2026-09-20 19:00:00,PT5M,0.0,0.0,0.0,0.0,0.0
0,0,0,0,28,0.15,62.2,6.7,227,2026-09-20 19:05:00,PT5M,0.0,0.0,0.0,0.0,0.0
0,0,0,0,28,0.15,62.5,6.7,227,2026-09-20 19:10:00,PT5M,0.0,0.0,0.0,0.0,0.0
0,0,0,0,28,0.15,62.7,6.7,227,2026-09-20 19:15:00,PT5M,0.0,0.0,0.0,0.0,0.0
0,0,0,0,28,0.15,62.9,6.7,227,2026-09-20 19:20:00,PT5M,0.0,0.0,0.0,0.0,0.0
0,0,0,0,28,0.15,63.2,6.6,227,2026-09-20 19:25:00,PT5M,0.0,0.0,0.0,0.0,0.0
0,0,0,0,28,0.15,63.4,6.6,227,2026-09-20 19:30:00,PT5M,0.0,0.0,0.0,0.0,0.0
0,0,0,0,28,0.15,63.6,6.6,227,2026-09-20 19:35:00,PT5M,0.0,0.0,0.0,0.0,0.0
0,0,0,0,28,0.15,63.9,6.5,227,2026-09-20 19:40:00,PT5M,0.0,0.0,0.0,0.0,0.0
0,0,0,0,28,0.15,64.1,6.5,227,2026-09-20 19:45:00,PT5M,0.0,0.0,0.0,0.0,0.0
0,0,0,0,28,0.15,64.4,6.5,227,2026-09-20 19:50:00,PT5M,0.0,0.0,0.0,0.0,0.0
0,0,0,0,28,0.15,64.6,6.4,227,2026-09-20 19:55:00,PT5M,0.0,0.0,0.0,0.0,0.0
0,0,0,0,28,0.15,64.9,6.4,227,2026-09-20 20:00:00,PT5M,0.0,0.0,0.0,0.0,0.0
0,0,0,0,28,0.15,65.1,6.4,227,2026-09-20 20:05:00,PT5M,0.0,0.0,0.0,0.0,0.0
0,0,0,0,28,0.15,65.3,6.4,227,2026-09-20 20:10:00,PT5M,0.0,0.0,0.0,0.0,0.0
0,0,0,0,28,0.15,65.6,6.3,227,2026-09-20 20:15:00,PT5M,0.0,0.0,0.0,0.0,0.0
0,0,0,0,28,0.15,65.8,6.3,227,2026-09-20 20:20:00,PT5M,0.0,0.0,0.0,0.0,0.0
0,0,0,0,28,0.15,66.1,6.3,228,2026-09-20 20:25:00,PT5M,0.0,0.0,0.0,0.0,0.0
0,0,0,0,27,0.15,66.3,6.2,228,2026-09-20 20:30:00,PT5M,0.0,0.0,0.0,0.0,0.0
0,0,0,0,27,0.15,66.5,6.2,228,2026-09-20 20:35:00,PT5M,0.0,0.0,0.0,0.0,0.0
0,0,0,0,27,0.15,66.7,6.2,228,2026-09-20 20:40:00,PT5M,0.0,0.0,0.0,0.0,0.0
0,0,0,0,27,0.15,66.8,6.2,228,2026-09-20 20:45:00,PT5M,0.0,0.0,0.0,0.0,0.0
0,0,0,0,27,0.15,66.9,6.2,228,2026-09-20 20:50:00,PT5M,0.0,0.0,0.0,0.0,0.0
0,0,0,0,27,0.15,67.1,6.2,228,2026-09-20 20:55:00,PT5M,0.0,0.0,0.0,0.0,0.0
0,0,0,0,27,0.15,67.2,6.2,228,2026-09-20 21:00:00,PT5M,0.0,0.0,0.0,0.0,0.0
0,0,0,0,27,0.15,67.3,6.2,228,2026-09-20 21:05:00,PT5M,0.0,0.0,0.0,0.0,0.0
0,0,0,0,27,0.15,67.5,6.2,228,2026-09-20 21:10:00,PT5M,0.0,0.0,0.0,0.0,0.0
0,0,0,0,27,0.15,67.6,6.2,228,2026-09-20 21:15:00,PT5M,0.0,0.0,0.0,0.0,0.0
0,0,0,0,27,0.15,67.7,6.2,228,2026-09-20 21:20:00,PT5M,0.0,0.0,0.0,0.0,0.0
0,0,0,0,27,0.15,67.9,6.2,228,2026-09-20 21:25:00,PT5M,0.0,0.0,0.0,0.0,0.0
0,0,0,0,27,0.15,68.0,6.2,228,2026-09-20 21:30:00,PT5M,0.0,0.0,0.0,0.0,0.0
0,0,0,0,27,0.15,68.1,6.2,229,2026-09-20 21:35:00,PT5M,0.0,0.0,0.0,0.0,0.0
0,0,0,0,27,0.15,68.3,6.2,229,2026-09-20 21:40:00,PT5M,0.0,0.0,0.0,0.0,0.0
0,0,0,0,27,0.15,68.4,6.2,229,2026-09-20 21:45:00,PT5M,0.0,0.0,0.0,0.0,0.0
0,0,0,0,27,0.15,68.5,6.2,229,2026-09-20 21:50:00,PT5M,0.0,0.0,0.0,0.0,0.0
0,0,0,0,27,0.15,68.7,6.2,229,2026-09-20 21:55:00,PT5M,0.0,0.0,0.0,0.0,0.0
0,0,0,0,27,0.15,68.8,6.2,229,2026-09-20 22:00:00,PT5M,0.0,0.0,0.0,0.0,0.0
0,0,0,0,27,0.15,69.0,6.2,229,2026-09-20 22:05:00,PT5M,0.0,0.0,0.0,0.0,0.0
0,0,0,0,27,0.15,69.1,6.2,229,2026-09-20 22:10:00,PT5M,0.0,0.0,0.0,0.0,0.0
0,0,0,0,27,0.15,69.2,6.2,229,2026-09-20 22:15:00,PT5M,0.0,0.0,0.0,0.0,0.0
0,0,0,0,27,0.15,69.4,6.2,229,2026-09-20 22:20:00,PT5M,0.0,0.0,0.0,0.0,0.0
0,0,0,0,27,0.15,69.5,6.2,229,2026-09-20 22:25:00,PT5M,0.0,0.0,0.0,0.0,0.0
0,0,0,0,27,0.15,69.7,6.1,229,2026-09-20 22:30:00,PT5M,0.0,0.0,0.0,0.0,0.0
0,0,0,0,27,0.15,69.8,6.1,229,2026-09-20 22:35:00,PT5M,0.0,0.0,0.0,0.0,0.0
0,0,0,0,27,0.15,69.9,6.1,230,2026-09-20 22:40:00,PT5M,0.0,0.0,0.0,0.0,0.0
0,0,0,0,27,0.15,70.1,6.1,230,2026-09-20 22:45:00,PT5M,0.0,0.0,0.0,0.0,0.0
0,0,0,0,27,0.15,70.2,6.1,230,2026-09-20 22:50:00,PT5M,0.0,0.0,0.0,0.0,0.0
0,0,0,0,27,0.15,70.4,6.1,230,2026-09-20 22:55:00,PT5M,0.0,0.0,0.0,0.0,0.0
0,0,0,0,27,0.15,70.5,6.1,230,2026-09-20 23:00:00,PT5M,0.0,0.0,0.0,0.0,0.0
0,0,0,0,27,0.15,70.6,6.1,230,2026-09-20 23:05:00,PT5M,0.0,0.0,0.0,0.0,0.0
0,0,0,0,27,0.15,70.8,6.1,230,2026-09-20 23:10:00,PT5M,0.0,0.0,0.0,0.0,0.0
0,0,0,0,27,0.15,70.9,6.1,230,2026-09-20 23:15:00,PT5M,0.0,0.0,0.0,0.0,0.0
0,0,0,0,27,0.15,71.1,6.1,230,2026-09-20 23:20:00,PT5M,0.0,0.0,0.0,0.0,0.0
0,0,0,0,27,0.15,71.2,6.1,230,2026-09-20 23:25:00,PT5M,0.0,0.0,0.0,0.0,0.0
0,0,0,0,27,0.15,71.3,6.1,230,2026-09-20 23:30:00,PT5M,0.0,0.0,0.0,0.0,0.0
0,0,0,0,27,0.15,71.5,6.1,230,2026-09-20 23:35:00,PT5M,0.0,0.0,0.0,0.0,0.0
0,0,0,0,27,0.15,71.6,6.1,230,2026-09-20 23:40:00,PT5M,0.0,0.0,0.0,0.0,0.0
0,0,0,0,27,0.15,71.8,6.1,230,2026-09-20 23:45:00,PT5M,0.0,0.0,0.0,0.0,0.0
0,0,0,0,27,0.15,71.9,6.1,231,2026-09-20 23:50:00,PT5M,0.0,0.0,0.0,0.0,0.0
0,0,0,0,27,0.15,72.1,6.1,231,2026-09-20 23:55:00,PT5M,0.0,0.0,0.0,0.0,0.0
0,0,0,0,27,0.15,72.3,6.1,231,2026-09-21 00:00:00,PT5M,0.0,0.0,0.0,0.0,0.0
0,0,0,0,26,0.15,72.4,6.1,231,2026-09-21 00:05:00,PT5M,0.0,0.0,0.0,0.0,0.0
0,0,0,0,26,0.15,72.6,6.1,231,2026-09-21 00:10:00,PT5M,0.0,0.0,0.0,0.0,0.0
0,0,0,0,26,0.15,72.7,6.1,231,2026-09-21 00:15:00,PT5M,0.0,0.0,0.0,0.0,0.0
0,0,0,0,26,0.15,72.9,6.1,231,2026-09-21 00:20:00,PT5M,0.0,0.0,0.0,0.0,0.0
0,0,0,0,26,0.15,73.0,6.1,231,2026-09-21 00:25:00,PT5M,0.0,0.0,0.0,0.0,0.0
0,0,0,0,26,0.15,73.2,6.0,231,2026-09-21 00:30:00,PT5M,0.0,0.0,0.0,0.0,0.0
0,0,0,0,26,0.14,73.3,6.0,231,2026-09-21 00:35:00,PT5M,0.0,0.0,0.0,0.0,0.0
0,0,0,0,26,0.14,73.5,6.0,231,2026-09-21 00:40:00,PT5M,0.0,0.0,0.0,0.0,0.0
0,0,0,0,26,0.14,73.6,6.0,231,2026-09-21 00:45:00,PT5M,0.0,0.0,0.0,0.0,0.0
0,0,0,0,26,0.14,73.8,6.0,231,2026-09-21 00:50:00,PT5M,0.0,0.0,0.0,0.0,0.0
0,0,0,0,26,0.14,74.0,6.0,231,2026-09-21 00:55:00,PT5M,0.0,0.0,0.0,0.0,0.0
0,0,0,0,26,0.14,74.1,6.0,231,2026-09-21 01:00:00,PT5M,0.0,0.0,0.0,0.0,0.0
0,0,0,0,26,0.14,74.3,6.0,231,2026-09-21 01:05:00,PT5M,0.0,0.0,0.0,0.0,0.0
0,0,0,0,26,0.14,74.4,6.0,232,2026-09-21 01:10:00,PT5M,0.0,0.0,0.0,0.0,0.0
0,0,0,0,26,0.14,74.6,6.0,232,2026-09-21 01:15:00,PT5M,0.0,0.0,0.0,0.0,0.0
0,0,0,0,26,0.14,74.8,6.0,232,2026-09-21 01:20:00,PT5M,0.0,0.0,0.0,0.0,0.0
0,0,0,0,26,0.14,74.9,6.0,232,2026-09-21 01:25:00,PT5M,0.0,0.0,0.0,0.0,0.0
0,0,0,0,26,0.14,75.1,6.0,232,2026-09-21 01:30:00,PT5M,0.0,0.0,0.0,0.0,0.0
0,0,0,0,26,0.14,75.2,6.0,232,2026-09-21 01:35:00,PT5M,0.0,0.0,0.0,0.0,0.0
0,0,0,0,26,0.14,75.4,6.0,232,2026-09-21 01:40:00,PT5M,0.0,0.0,0.0,0.0,0.0
0,0,0,0,26,0.14,75.6,6.0,232,2026-09-21 01:45:00,PT5M,0.0,0.0,0.0,0.0,0.0
0,0,0,0,26,0.14,75.7,6.0,232,2026-09-21 01:50:00,PT5M,0.0,0.0,0.0,0.0,0.0
0,0,0,0,26,0.14,75.9,6.0,232,2026-09-21 01:55:00,PT5M,0.0,0.0,0.0,0.0,0.0
0,0,0,0,26,0.14,76.0,6.0,232,2026-09-21 02:00:00,PT5M,0.0,0.0,0.0,0.0,0.0
0,0,0,0,26,0.14,76.2,5.9,232,2026-09-21 02:05:00,PT5M,0.0,0.0,0.0,0.0,0.0
0,0,0,0,26,0.14,76.4,5.9,232,2026-09-21 02:10:00,PT5M,0.0,0.0,0.0,0.0,0.0
0,0,0,0,25,0.14,76.5,5.9,232,2026-09-21 02:15:00,PT5M,0.0,0.0,0.0,0.0,0.0
0,0,0,0,25,0.14,76.7,5.9,232,2026-09-21 02:20:00,PT5M,0.0,0.0,0.0,0.0,0.0
0,0,0,0,25,0.14,76.9,5.9,232,2026-09-21 02:25:00,PT5M,0.0,0.0,0.0,0.0,0.0
0,0,0,0,25,0.14,77.0,5.9,233,2026-09-21 02:30:00,PT5M,0.0,0.0,0.0,0.0,0.0
0,0,0,0,25,0.14,77.1,5.9,233,2026-09-21 02:35:00,PT5M,0.0,0.0,0.0,0.0,0.0
0,0,0,0,25,0.14,77.0,5.9,233,2026-09-21 02:40:00,PT5M,0.0,0.0,0.0,0.0,0.0
0,0,0,0,25,0.14,76.9,5.9,233,2026-09-21 02:45:00,PT5M,0.0,0.0,0.0,0.0,0.0
0,0,0,0,25,0.14,76.8,5.9,233,2026-09-21 02:50:00,PT5M,0.0,0.0,0.0,0.0,0.0
0,0,0,0,25,0.14,76.7,5.9,233,2026-09-21 02:55:00,PT5M,0.0,0.0,0.0,0.0,0.0
0,0,0,0,25,0.14,76.6,5.9,233,2026-09-21 03:00:00,PT5M,0.0,0.0,0.0,0.0,0.0
0,0,0,0,25,0.14,76.5,5.9,233,2026-09-21 03:05:00,PT5M,0.0,0.0,0.0,0.0,0.0
0,0,0,0,25,0.14,76.4,5.9,233,2026-09-21 03:10:00,PT5M,0.0,0.0,0.0,0.0,0.0
0,0,0,0,25,0.14,76.3,5.8,233,2026-09-21 03:15:00,PT5M,0.0,0.0,0.0,0.0,0.0
0,0,0,0,25,0.14,76.3,5.8,233,2026-09-21 03:20:00,PT5M,0.0,0.0,0.0,0.0,0.0
0,0,0,0,25,0.14,76.2,5.8,233,2026-09-21 03:25:00,PT5M,0.0,0.0,0.0,0.0,0.0
0,0,0,0,26,0.14,76.1,5.8,233,2026-09-21 03:30:00,PT5M,0.0,0.0,0.0,0.0,0.0
0,0,0,0,26,0.14,76.0,5.8,233,2026-09-21 03:35:00,PT5M,0.0,0.0,0.0,0.0,0.0
0,0,0,0,26,0.14,75.9,5.8,234,2026-09-21 03:40:00,PT5M,0.0,0.0,0.0,0.0,0.0
0,0,0,0,26,0.14,75.8,5.8,234,2026-09-21 03:45:00,PT5M,0.0,0.0,0.0,0.0,0.0
0,0,0,0,26,0.14,75.7,5.8,234,2026-09-21 03:50:00,PT5M,0.0,0.0,0.0,0.0,0.0
0,0,0,0,26,0.14,75.6,5.8,234,2026-09-21 03:55:00,PT5M,0.0,0.0,0.0,0.0,0.0
0,0,0,0,26,0.14,75.5,5.8,234,2026-09-21 04:00:00,PT5M,0.0,0.0,0.0,0.0,0.0
0,0,0,0,26,0.14,75.5,5.8,234,2026-09-21 04:05:00,PT5M,0.0,0.0,0.0,0.0,0.0
0,0,0,0,26,0.14,75.4,5.7,234,2026-09-21 04:10:00,PT5M,0.0,0.0,0.0,0.0,0.0
0,0,0,0,26,0.14,75.3,5.7,234,2026-09-21 04:15:00,PT5M,0.0,0.0,0.0,0.0,0.0
0,0,0,0,26,0.14,75.2,5.7,234,2026-09-21 04:20:00,PT5M,0.0,0.0,0.0,0.0,0.0
0,0,0,0,26,0.14,75.1,5.7,234,2026-09-21 04:25:00,PT5M,0.0,0.0,0.0,0.0,0.0
0,0,0,0,26,0.14,75.0,5.7,234,2026-09-21 04:30:00,PT5M,0.0,0.0,0.0,0.0,0.0
0,0,0,0,26,0.14,74.9,5.7,234,2026-09-21 04:35:00,PT5M,0.0,0.0,0.0,0.0,0.0
0,0,0,0,26,0.14,74.8,5.7,234,2026-09-21 04:40:00,PT5M,0.0,0.0,0.0,0.0,0.0
0,0,0,0,26,0.14,74.8,5.7,234,2026-09-21 04:45:00,PT5M,0.0,0.0,0.0,0.0,0.0
0,0,0,0,26,0.14,74.7,5.7,235,2026-09-21 04:50:00,PT5M,0.0,0.0,0.0,0.0,0.0
0,0,0,0,26,0.14,74.6,5.7,235,2026-09-21 04:55:00,PT5M,0.0,0.0,0.0,0.0,0.0
0,0,0,0,26,0.14,74.5,5.7,235,2026-09-21 05:00:00,PT5M,0.0,0.0,0.0,0.0,0.0
0,0,0,0,26,0.14,74.4,5.7,235,2026-09-21 05:05:00,PT5M,0.0,0.0,0.0,0.0,0.0
0,0,0,0,26,0.14,74.3,5.6,235,2026-09-21 05:10:00,PT5M,0.0,0.0,0.0,0.0,0.0
0,0,0,0,26,0.14,74.2,5.6,235,2026-09-21 05:15:00,PT5M,0.0,0.0,0.0,0.0,0.0
0,0,0,0,26,0.14,74.2,5.6,235,2026-09-21 05:20:00,PT5M,0.0,0.0,0.0,0.0,0.0
0,0,0,0,26,0.14,74.1,5.6,235,2026-09-21 05:25:00,PT5M,0.0,0.0,0.0,0.0,0.0
0,0,0,0,26,0.14,74.0,5.6,235,2026-09-21 05:30:00,PT5M,0.0,0.0,0.0,0.0,0.0
0,0,0,0,26,0.14,73.7,5.6,235,2026-09-21 05:35:00,PT5M,0.0,0.0,0.0,0.0,0.0
0,0,0,0,26,0.14,73.3,5.7,235,2026-09-21 05:40:00,PT5M,0.0,0.0,0.0,0.0,0.0
0,0,0,0,26,0.14,72.8,5.7,235,2026-09-21 05:45:00,PT5M,0.0,0.0,0.0,0.0,0.0
0,0,0,0,26,0.14,72.4,5.7,235,2026-09-21 05:50:00,PT5M,0.0,0.0,0.0,0.0,0.0
0,0,0,0,26,0.14,72.0,5.8,235,2026-09-21 05:55:00,PT5M,0.0,0.0,0.0,0.0,0.0
1,1,0,1,26,0.14,71.6,5.8,235,2026-09-21 06:00:00,PT5M,0.0,0.0,0.0,0.0,0.0
5,5,0,5,26,0.14,71.1,5.8,235,2026-09-21 06:05:00,PT5M,0.0,0.2335,0.1229,0.0,0.0
10,10,0,10,27,0.14,70.7,5.9,235,2026-09-21 06:10:00,PT5M,0.59,1.4425,1.0387,0.1413,0.0
15,15,0,15,27,0.14,70.3,5.9,235,2026-09-21 06:15:00,PT5M,1.352,2.9755,2.2065,0.4975,0.0
22,22,0,22,27,0.14,69.9,5.9,235,2026-09-21 06:20:00,PT5M,2.186,4.828,3.5765,0.7955,0.0
29,29,0,29,27,0.14,69.5,6.0,235,2026-09-21 06:25:00,PT5M,3.099,6.858,5.0774,1.1206,0.0
38,38,0,38,27,0.14,69.1,6.0,235,2026-09-21 06:30:00,PT5M,4.19,9.305,6.8821,1.4979,0.0
47,47,0,47,27,0.14,68.7,6.0,235,2026-09-21 06:35:00,PT5M,5.37,13.388,9.5899,1.1501,0.0
56,57,0,57,27,0.14,68.3,6.1,235,2026-09-21 06:40:00,PT5M,6.554,16.386,11.7287,1.3793,0.0
67,67,0,67,27,0.14,67.9,6.1,235,2026-09-21 06:45:00,PT5M,7.858,19.502,13.9863,1.7297,0.0
78,78,0,78,27,0.14,67.5,6.1,235,2026-09-21 06:50:00,PT5M,9.327,22.7815,16.4082,2.2458,0.0
90,90,0,90,27,0.14,67.1,6.2,235,2026-09-21 06:55:00,PT5M,10.734,26.024,18.7812,2.6868,0.0
102,102,0,102,28,0.14,66.7,6.2,235,2026-09-21 07:00:00,PT5M,12.201,29.4075,21.2569,3.1451,0.0
114,114,0,114,28,0.14,66.3,6.2,235,2026-09-21 07:05:00,PT5M,13.668,32.9105,23.7955,3.5405,0.0
127,127,0,127,28,0.14,65.9,6.3,235,2026-09-21 07:10:00,PT5M,15.186,36.5875,26.4498,3.9222,0.0
139,140,8,137,28,0.14,65.5,6.3,235,2026-09-21 07:15:00,PT5M,17.172,40.712,29.5613,4.7827,0.0
153,153,18,147,28,0.14,65.1,6.3,235,2026-09-21 07:20:00,PT5M,19.392,45.0775,32.9105,5.8735,0.0
166,166,29,156,28,0.14,64.8,6.4,235,2026-09-21 07:25:00,PT5M,21.51,49.336,36.155,6.865,0.0
180,180,39,165,28,0.14,64.4,6.4,235,2026-09-21 07:30:00,PT5M,23.856,53.8475,39.6407,8.0713,0.0
193,194,49,174,28,0.14,64.0,6.4,235,2026-09-21 07:35:00,PT5M,26.208,58.3865,43.1438,9.2722,0.0
207,208,58,183,28,0.14,63.6,6.5,235,2026-09-21 07:40:00,PT5M,28.512,62.9435,46.6335,10.3905,0.0
221,222,68,192,28,0.14,63.3,6.5,235,2026-09-21 07:45:00,PT5M,30.795,66.627,49.6536,11.9364,0.0
236,236,78,200,28,0.14,62.9,6.5,235,2026-09-21 07:50:00,PT5M,33.09,69.5805,52.2952,13.8848,0.0
250,251,87,208,29,0.14,62.5,6.6,235,2026-09-21 07:55:00,PT5M,35.352,72.442,54.8727,15.8313,0.0
265,265,97,216,29,0.14,62.2,6.6,235,2026-09-21 08:00:00,PT5M,37.576,75.204,57.3799,17.7721,0.0
279,280,107,224,29,0.14,61.8,6.6,235,2026-09-21 08:05:00,PT5M,39.782,77.89,59.8385,19.7255,1.674
294,295,117,232,29,0.14,61.4,6.7,235,2026-09-21 08:10:00,PT5M,41.741,80.26,62.0138,21.4682,3.222
309,309,127,239,29,0.14,61.1,6.7,235,2026-09-21 08:15:00,PT5M,43.867,82.706,64.3082,23.4258,5.028
324,324,137,246,29,0.14,60.7,6.7,235,2026-09-21 08:20:00,PT5M,45.933,84.9975,66.4929,25.3731,6.8685
339,339,147,253,29,0.14,60.4,6.8,235,2026-09-21 08:25:00,PT5M,47.97,87.1375,68.5841,27.3559,8.8025
354,354,157,259,29,0.14,60.0,6.8,235,2026-09-21 08:30:00,PT5M,49.956,89.1695,70.5943,29.3177,10.7425
369,369,166,265,29,0.14,59.7,6.8,235,2026-09-21 08:35:00,PT5M,51.826,91.0755,72.4833,31.1687,12.5765
383,384,174,272,29,0.14,59.4,6.8,235,2026-09-21 08:40:00,PT5M,53.583,92.88,74.2653,32.9007,14.286
398,398,183,277,29,0.14,59.1,6.8,236,2026-09-21 08:45:00,PT5M,55.283,94.67,76.0127,34.5533,15.896
412,412,191,283,29,0.14,58.8,6.8,236,2026-09-21 08:50:00,PT5M,56.935,96.329,77.6683,36.2017,17.541
426,427,200,289,30,0.14,58.5,6.8,236,2026-09-21 08:55:00,PT5M,58.544,97.922,79.2689,37.8191,19.166
441,441,208,294,30,0.14,58.2,6.8,236,2026-09-21 09:00:00,PT5M,60.111,99.453,80.817,39.405,20.769
455,455,218,298,30,0.14,57.9,6.8,237,2026-09-21 09:05:00,PT5M,61.711,100.0,82.3486,41.0734,22.499
470,470,226,303,30,0.14,57.6,6.7,237,2026-09-21 09:10:00,PT5M,63.237,100.0,83.674,42.8,24.406
484,484,236,307,30,0.14,57.3,6.7,237,2026-09-21 09:15:00,PT5M,64.756,100.0,84.993,44.519,26.305
499,498,245,311,30,0.14,57.0,6.7,237,2026-09-21 09:20:00,PT5M,66.238,100.0,86.2753,46.2007,28.1665
513,513,254,315,30,0.14,56.7,6.7,237,2026-09-21 09:25:00,PT5M,67.682,100.0,87.5204,47.8436,29.9885
527,527,263,319,30,0.14,56.4,6.7,238,2026-09-21 09:30:00,PT5M,69.09,100.0,88.7302,49.4498,31.773
541,541,272,322,30,0.14,56.1,6.7,238,2026-09-21 09:35:00,PT5M,70.462,100.0,89.8964,51.0276,33.536
555,554,281,325,30,0.14,55.8,6.7,238,2026-09-21 09:40:00,PT5M,71.798,100.0,91.0187,52.5773,35.278
568,568,290,327,30,0.14,55.5,6.7,238,2026-09-21 09:45:00,PT5M,73.056,100.0,92.0667,54.0453,36.935
581,581,299,330,30,0.14,55.2,6.7,239,2026-09-21 09:50:00,PT5M,74.271,100.0,93.0736,55.4684,38.5455
595,594,307,332,30,0.14,54.9,6.7,239,2026-09-21 09:55:00,PT5M,75.451,100.0,94.0465,56.8555,40.119
607,607,316,334,30,0.14,54.6,6.6,239,2026-09-21 10:00:00,PT5M,76.593,100.0,94.9843,58.2017,41.649
620,619,325,335,30,0.14,54.4,6.6,239,2026-09-21 10:05:00,PT5M,77.698,100.0,95.8882,59.5078,43.136
632,632,333,337,31,0.14,54.1,6.6,240,2026-09-21 10:10:00,PT5M,78.767,100.0,96.758,60.776,44.5835
645,644,342,338,31,0.14,53.8,6.6,240,2026-09-21 10:15:00,PT5M,79.802,100.0,97.5962,62.0078,45.9925
657,656,351,339,31,0.14,53.5,6.6,240,2026-09-21 10:20:00,PT5M,80.802,100.0,98.4017,63.2023,47.362
668,667,360,339,31,0.14,53.2,6.6,240,2026-09-21 10:25:00,PT5M,81.838,100.0,99.2451,64.4309,48.764
680,679,369,339,31,0.14,53.0,6.6,240,2026-09-21 10:30:00,PT5M,82.781,100.0,99.997,65.565,50.07
691,689,377,339,31,0.14,52.7,6.6,241,2026-09-21 10:35:00,PT5M,83.63,100.0,100.0,66.5924,51.258
701,699,384,339,31,0.14,52.4,6.6,241,2026-09-21 10:40:00,PT5M,84.387,100.0,100.0,67.5146,52.329
710,709,391,339,31,0.14,52.1,6.6,241,2026-09-21 10:45:00,PT5M,85.111,100.0,100.0,68.4002,53.36
719,718,399,339,31,0.14,51.9,6.6,241,2026-09-21 10:50:00,PT5M,85.801,100.0,100.0,69.2468,54.3475
728,727,406,339,31,0.14,51.6,6.5,242,2026-09-21 10:55:00,PT5M,86.455,100.0,100.0,70.0503,55.2855
737,735,413,338,31,0.14,51.3,6.5,242,2026-09-21 11:00:00,PT5M,87.056,100.0,100.0,70.7802,56.1315
745,744,420,337,31,0.14,51.1,6.5,242,2026-09-21 11:05:00,PT5M,87.653,100.0,100.0,71.5156,56.9915
753,752,428,335,31,0.14,50.8,6.5,242,2026-09-21 11:10:00,PT5M,88.242,100.0,100.0,72.2502,57.857
761,759,436,334,31,0.14,50.6,6.5,243,2026-09-21 11:15:00,PT5M,88.797,100.0,100.0,72.9425,58.673
768,766,443,332,31,0.14,50.3,6.5,243,2026-09-21 11:20:00,PT5M,89.315,100.0,100.0,73.5853,59.428
775,773,451,330,32,0.14,50.0,6.5,243,2026-09-21 11:25:00,PT5M,89.805,100.0,100.0,74.1942,60.144
782,780,458,327,32,0.14,49.8,6.5,243,2026-09-21 11:30:00,PT5M,90.267,100.0,100.0,74.7694,60.821
783,781,458,328,32,0.14,49.6,6.5,243,2026-09-21 11:35:00,PT5M,90.247,100.0,100.0,74.7644,60.8295
780,778,449,333,32,0.14,49.4,6.5,243,2026-09-21 11:40:00,PT5M,89.748,100.0,100.0,74.1801,60.1685
777,775,441,337,32,0.14,49.3,6.5,243,2026-09-21 11:45:00,PT5M,89.224,100.0,100.0,73.5637,59.469
772,771,432,341,32,0.14,49.1,6.6,242,2026-09-21 11:50:00,PT5M,88.673,100.0,100.0,72.9135,58.7295
768,766,423,345,32,0.14,49.0,6.6,242,2026-09-21 11:55:00,PT5M,88.093,100.0,100.0,72.2277,57.9485
763,761,414,349,32,0.14,48.9,6.6,242,2026-09-21 12:00:00,PT5M,87.491,100.0,100.0,71.5126,57.1315
757,755,405,352,32,0.14,48.7,6.6,242,2026-09-21 12:05:00,PT5M,86.968,100.0,100.0,70.8701,56.3815
751,749,396,356,32,0.14,48.6,6.7,241,2026-09-21 12:10:00,PT5M,86.414,100.0,100.0,70.1898,55.5875
745,743,387,359,32,0.14,48.4,6.7,241,2026-09-21 12:15:00,PT5M,85.829,100.0,100.0,69.473,54.752
738,736,378,361,32,0.14,48.3,6.7,241,2026-09-21 12:20:00,PT5M,85.213,100.0,100.0,68.7196,53.875
730,729,369,364,32,0.14,48.2,6.7,241,2026-09-21 12:25:00,PT5M,84.567,100.0,100.0,67.931,52.958
723,721,360,366,32,0.14,48.0,6.8,240,2026-09-21 12:30:00,PT5M,83.891,100.0,100.0,67.1081,52.003
715,713,351,368,32,0.14,47.9,6.8,240,2026-09-21 12:35:00,PT5M,83.201,100.0,100.0,66.2673,51.0265
706,705,342,370,32,0.14,47.7,6.8,240,2026-09-21 12:40:00,PT5M,82.458,100.0,99.5464,65.3696,49.9895
698,696,333,372,32,0.14,47.6,6.8,240,2026-09-21 12:45:00,PT5M,81.685,100.0,98.9329,64.4371,48.9135
689,688,324,373,32,0.14,47.5,6.8,239,2026-09-21 12:50:00,PT5M,80.866,100.0,98.2841,63.4479,47.771
679,678,315,374,32,0.14,47.3,6.9,239,2026-09-21 12:55:00,PT5M,80.014,100.0,97.6066,62.4214,46.5875
670,669,306,374,32,0.14,47.2,6.9,239,2026-09-21 13:00:00,PT5M,79.158,100.0,96.9172,61.3988,45.415
660,659,298,375,32,0.14,47.1,6.9,238,2026-09-21 13:05:00,PT5M,78.286,100.0,96.207,60.365,44.2355
649,649,289,375,32,0.14,46.9,6.9,238,2026-09-21 13:10:00,PT5M,77.344,100.0,95.4432,59.2448,42.955
639,638,280,375,32,0.14,46.8,7.0,238,2026-09-21 13:15:00,PT5M,76.362,100.0,94.6441,58.0799,41.6255
628,628,271,374,32,0.14,46.7,7.0,238,2026-09-21 13:20:00,PT5M,75.345,100.0,93.8126,56.8774,40.256
617,617,262,374,33,0.14,46.5,7.0,237,2026-09-21 13:25:00,PT5M,74.295,100.0,92.9494,55.6406,38.851
606,605,253,373,33,0.14,46.4,7.1,237,2026-09-21 13:30:00,PT5M,73.214,100.0,92.0563,54.3717,37.413
594,594,244,371,33,0.14,46.3,7.1,237,2026-09-21 13:35:00,PT5M,72.045,100.0,91.0755,53.0145,35.8865
582,581,234,370,33,0.14,46.1,7.1,237,2026-09-21 13:40:00,PT5M,70.788,100.0,90.0072,51.5688,34.271
569,569,225,368,33,0.14,46.0,7.1,237,2026-09-21 13:45:00,PT5M,69.502,100.0,88.9104,50.0936,32.6255
556,556,215,366,33,0.14,45.9,7.2,236,2026-09-21 13:50:00,PT5M,68.182,100.0,87.7804,48.5836,30.9445
543,543,206,364,33,0.14,45.7,7.2,236,2026-09-21 13:55:00,PT5M,66.814,100.0,86.6029,47.0251,29.2145
530,530,196,361,33,0.14,45.6,7.2,236,2026-09-21 14:00:00,PT5M,65.432,100.0,85.4122,45.4518,27.469
517,517,187,358,33,0.14,45.5,7.2,236,2026-09-21 14:05:00,PT5M,64.015,100.0,84.1881,43.8419,25.6855
504,504,178,355,33,0.14,45.3,7.3,235,2026-09-21 14:10:00,PT5M,62.564,100.0,82.9305,42.1975,23.867
491,491,169,351,33,0.14,45.2,7.3,235,2026-09-21 14:15:00,PT5M,61.083,100.0,81.6429,40.5231,22.0185
477,477,160,347,33,0.14,45.1,7.3,235,2026-09-21 14:20:00,PT5M,59.558,98.9905,80.3116,38.8044,20.1255
464,464,151,342,33,0.14,44.9,7.3,235,2026-09-21 14:25:00,PT5M,57.977,97.7795,78.9253,37.0287,18.1745
450,450,143,338,33,0.14,44.8,7.4,234,2026-09-21 14:30:00,PT5M,56.368,96.539,77.5103,35.2257,16.197
439,439,138,332,33,0.14,44.9,7.4,234,2026-09-21 14:35:00,PT5M,55.206,95.6425,76.488,33.924,14.7695
431,431,138,326,33,0.14,45.3,7.3,234,2026-09-21 14:40:00,PT5M,54.493,95.099,75.8642,33.1218,13.887
422,423,138,320,33,0.14,45.6,7.2,234,2026-09-21 14:45:00,PT5M,53.752,94.5345,75.2161,32.2879,12.9695
414,414,137,313,33,0.14,46.0,7.2,235,2026-09-21 14:50:00,PT5M,52.985,93.951,74.5457,31.4243,12.019
404,405,136,307,33,0.14,46.3,7.1,235,2026-09-21 14:55:00,PT5M,52.189,93.2975,73.8247,30.5533,11.0805
395,396,136,300,32,0.14,46.7,7.0,235,2026-09-21 15:00:00,PT5M,51.384,92.4165,72.9797,29.7883,10.3515
386,386,136,293,32,0.14,47.0,7.0,235,2026-09-21 15:05:00,PT5M,50.596,91.535,72.1425,29.0495,9.657
377,377,135,286,32,0.14,47.4,6.9,235,2026-09-21 15:10:00,PT5M,49.76,90.5845,71.2462,28.2738,8.9355
367,367,134,279,32,0.14,47.7,6.8,235,2026-09-21 15:15:00,PT5M,48.891,89.5855,70.3088,27.4732,8.1965
357,357,133,272,32,0.14,48.1,6.8,235,2026-09-21 15:20:00,PT5M,47.979,88.529,69.3208,26.6372,7.429
347,347,132,265,32,0.14,48.5,6.7,235,2026-09-21 15:25:00,PT5M,47.02,87.4065,68.2757,25.7643,6.6335
336,337,130,258,32,0.14,48.8,6.7,235,2026-09-21 15:30:00,PT5M,46.019,86.215,67.1744,24.8636,5.823
325,326,129,250,32,0.14,49.2,6.6,235,2026-09-21 15:35:00,PT5M,44.97,84.8785,65.9741,23.9659,5.0615
315,315,127,243,31,0.14,49.6,6.5,235,2026-09-21 15:40:00,PT5M,43.877,83.509,64.7356,23.0184,4.245
303,304,124,235,31,0.14,50.0,6.5,235,2026-09-21 15:45:00,PT5M,42.746,81.995,63.403,22.089,3.497
292,292,122,227,31,0.14,50.4,6.4,235,2026-09-21 15:50:00,PT5M,41.544,80.329,61.9568,21.1312,2.759
280,281,119,219,31,0.14,50.8,6.3,235,2026-09-21 15:55:00,PT5M,40.269,78.5145,60.3979,20.1401,2.0235
268,269,116,211,31,0.14,51.1,6.3,235,2026-09-21 16:00:00,PT5M,38.923,76.562,58.7327,19.1133,1.284
256,257,112,203,31,0.14,51.5,6.2,235,2026-09-21 16:05:00,PT5M,37.533,74.5245,57.0019,18.0641,0.5415
244,245,109,195,31,0.14,51.9,6.2,236,2026-09-21 16:10:00,PT5M,36.107,72.4195,55.2185,16.9955,0.0
232,233,105,186,31,0.14,52.3,6.1,236,2026-09-21 16:15:00,PT5M,34.617,70.2095,53.3496,15.8844,0.0
220,220,101,178,31,0.14,52.8,6.0,236,2026-09-21 16:20:00,PT5M,33.143,67.036,50.9811,15.3049,0.0
208,208,97,169,30,0.14,53.2,6.0,236,2026-09-21 16:25:00,PT5M,31.216,62.8175,47.8481,14.5839,0.0
195,195,93,160,30,0.14,53.6,5.9,236,2026-09-21 16:30:00,PT5M,29.208,58.592,44.673,13.743,0.0
182,183,87,151,30,0.14,54.0,5.8,236,2026-09-21 16:35:00,PT5M,27.101,54.309,41.4208,12.7812,0.0
170,170,80,143,30,0.14,54.4,5.8,236,2026-09-21 16:40:00,PT5M,24.923,49.962,38.1012,11.7448,0.0
157,157,73,134,30,0.14,54.8,5.7,236,2026-09-21 16:45:00,PT5M,22.716,45.5945,34.7571,10.6749,0.0
144,144,65,125,30,0.14,55.3,5.7,236,2026-09-21 16:50:00,PT5M,20.5,41.2385,31.4148,9.5852,0.0
131,131,56,116,30,0.14,55.7,5.6,236,2026-09-21 16:55:00,PT5M,18.305,36.936,28.1106,8.4994,0.0
118,119,47,107,30,0.14,56.1,5.5,236,2026-09-21 17:00:00,PT5M,16.148,32.7275,24.8739,7.4221,0.0
105,105,33,98,29,0.14,56.6,5.5,236,2026-09-21 17:05:00,PT5M,13.863,28.4725,21.5521,6.1739,0.0
92,93,19,88,29,0.14,57.0,5.4,236,2026-09-21 17:10:00,PT5M,11.737,24.5115,18.4603,5.0137,0.0
80,80,5,79,29,0.14,57.4,5.3,237,2026-09-21 17:15:00,PT5M,9.578,20.554,15.3547,3.8013,0.0
68,68,0,68,29,0.14,57.9,5.3,237,2026-09-21 17:20:00,PT5M,7.975,17.1435,12.8004,3.1496,0.0
56,57,0,57,29,0.14,58.3,5.2,237,2026-09-21 17:25:00,PT5M,6.611,13.9785,10.4886,2.7334,0.0
46,46,0,46,29,0.14,58.8,5.2,237,2026-09-21 17:30:00,PT5M,5.207,10.856,8.1801,2.2339,0.0
36,36,0,36,29,0.14,59.1,5.1,237,2026-09-21 17:35:00,PT5M,3.891,8.003,6.0552,1.7268,0.0
26,26,0,26,29,0.14,59.3,5.1,237,2026-09-21 17:40:00,PT5M,2.74,5.5665,4.2276,1.2524,0.0
18,18,0,18,29,0.14,59.5,5.1,236,2026-09-21 17:45:00,PT5M,1.694,3.2965,2.5374,0.8506,0.0915
11,11,0,11,29,0.14,59.6,5.1,236,2026-09-21 17:50:00,PT5M,0.754,1.56,1.1782,0.3298,0.0
5,5,0,5,29,0.14,59.8,5.2,236,2026-09-21 17:55:00,PT5M,0.0,0.1495,0.0787,0.0,0.0
0,0,0,0,29,0.14,60.0,5.2,236,2026-09-21 18:00:00,PT5M,0.0,0.0,0.0,0.0,0.0
0,0,0,0,29,0.14,60.2,5.2,235,2026-09-21 18:05:00,PT5M,0.0,0.0,0.0,0.0,0.0
0,0,0,0,29,0.14,60.4,5.2,235,2026-09-21 18:10:00,PT5M,0.0,0.0,0.0,0.0,0.0
0,0,0,0,29,0.14,60.5,5.2,235,2026-09-21 18:15:00,PT5M,0.0,0.0,0.0,0.0,0.0
0,0,0,0,29,0.14,60.7,5.2,234,2026-09-21 18:20:00,PT5M,0.0,0.0,0.0,0.0,0.0
0,0,0,0,28,0.14,60.9,5.2,234,2026-09-21 18:25:00,PT5M,0.0,0.0,0.0,0.0,0.0
0,0,0,0,28,0.14,61.1,5.2,234,2026-09-21 18:30:00,PT5M,0.0,0.0,0.0,0.0,0.0
0,0,0,0,28,0.14,61.3,5.2,234,2026-09-21 18:35:00,PT5M,0.0,0.0,0.0,0.0,0.0
0,0,0,0,28,0.14,61.4,5.2,233,2026-09-21 18:40:00,PT5M,0.0,0.0,0.0,0.0,0.0
0,0,0,0,28,0.14,61.6,5.2,233,2026-09-21 18:45:00,PT5M,0.0,0.0,0.0,0.0,0.0
0,0,0,0,28,0.14,61.8,5.2,233,2026-09-21 18:50:00,PT5M,0.0,0.0,0.0,0.0,0.0
0,0,0,0,28,0.14,62.0,5.2,233,2026-09-21 18:55:00,PT5M,0.0,0.0,0.0,0.0,0.0
0,0,0,0,28,0.14,62.2,5.2,232,2026-09-21 19:00:00,PT5M,0.0,0.0,0.0,0.0,0.0
0,0,0,0,28,0.14,62.4,5.2,232,2026-09-21 19:05:00,PT5M,0.0,0.0,0.0,0.0,0.0
0,0,0,0,28,0.14,62.5,5.3,232,2026-09-21 19:10:00,PT5M,0.0,0.0,0.0,0.0,0.0
0,0,0,0,28,0.14,62.7,5.3,232,2026-09-21 19:15:00,PT5M,0.0,0.0,0.0,0.0,0.0
0,0,0,0,28,0.14,62.9,5.3,232,2026-09-21 19:20:00,PT5M,0.0,0.0,0.0,0.0,0.0
0,0,0,0,28,0.14,63.1,5.3,231,2026-09-21 19:25:00,PT5M,0.0,0.0,0.0,0.0,0.0
0,0,0,0,28,0.14,63.3,5.3,231,2026-09-21 19:30:00,PT5M,0.0,0.0,0.0,0.0,0.0
0,0,0,0,28,0.14,63.5,5.3,231,2026-09-21 19:35:00,PT5M,0.0,0.0,0.0,0.0,0.0
0,0,0,0,28,0.14,63.7,5.3,231,2026-09-21 19:40:00,PT5M,0.0,0.0,0.0,0.0,0.0
0,0,0,0,28,0.14,63.9,5.3,230,2026-09-21 19:45:00,PT5M,0.0,0.0,0.0,0.0,0.0
0,0,0,0,28,0.14,64.0,5.3,230,2026-09-21 19:50:00,PT5M,0.0,0.0,0.0,0.0,0.0
0,0,0,0,28,0.14,64.2,5.3,230,2026-09-21 19:55:00,PT5M,0.0,0.0,0.0,0.0,0.0
0,0,0,0,28,0.14,64.4,5.3,230,2026-09-21 20:00:00,PT5M,0.0,0.0,0.0,0.0,0.0
0,0,0,0,28,0.14,64.6,5.3,229,2026-09-21 20:05:00,PT5M,0.0,0.0,0.0,0.0,0.0
0,0,0,0,28,0.14,64.8,5.3,229,2026-09-21 20:10:00,PT5M,0.0,0.0,0.0,0.0,0.0
0,0,0,0,28,0.14,65.0,5.4,229,2026-09-21 20:15:00,PT5M,0.0,0.0,0.0,0.0,0.0
0,0,0,0,28,0.14,65.2,5.4,229,2026-09-21 20:20:00,PT5M,0.0,0.0,0.0,0.0,0.0
0,0,0,0,28,0.14,65.4,5.4,228,2026-09-21 20:25:00,PT5M,0.0,0.0,0.0,0.0,0.0
0,0,0,0,28,0.14,65.6,5.4,228,2026-09-21 20:30:00,PT5M,0.0,0.0,0.0,0.0,0.0
0,0,0,0,28,0.14,65.7,5.4,228,2026-09-21 20:35:00,PT5M,0.0,0.0,0.0,0.0,0.0
0,0,0,0,28,0.14,65.8,5.4,228,2026-09-21 20:40:00,PT5M,0.0,0.0,0.0,0.0,0.0
0,0,0,0,28,0.14,65.9,5.4,229,2026-09-21 20:45:00,PT5M,0.0,0.0,0.0,0.0,0.0
0,0,0,0,28,0.14,66.0,5.4,229,2026-09-21 20:50:00,PT5M,0.0,0.0,0.0,0.0,0.0
0,0,0,0,28,0.14,66.1,5.3,229,2026-09-21 20:55:00,PT5M,0.0,0.0,0.0,0.0,0.0
0,0,0,0,28,0.14,66.2,5.3,229,2026-09-21 21:00:00,PT5M,0.0,0.0,0.0,0.0,0.0
0,0,0,0,28,0.14,66.3,5.3,230,2026-09-21 21:05:00,PT5M,0.0,0.0,0.0,0.0,0.0
0,0,0,0,28,0.14,66.4,5.3,230,2026-09-21 21:10:00,PT5M,0.0,0.0,0.0,0.0,0.0
0,0,0,0,27,0.14,66.5,5.3,230,2026-09-21 21:15:00,PT5M,0.0,0.0,0.0,0.0,0.0
0,0,0,0,27,0.14,66.6,5.3,230,2026-09-21 21:20:00,PT5M,0.0,0.0,0.0,0.0,0.0
0,0,0,0,27,0.14,66.7,5.3,231,2026-09-21 21:25:00,PT5M,0.0,0.0,0.0,0.0,0.0
0,0,0,0,27,0.14,66.8,5.3,231,2026-09-21 21:30:00,PT5M,0.0,0.0,0.0,0.0,0.0
0,0,0,0,27,0.14,66.9,5.3,231,2026-09-21 21:35:00,PT5M,0.0,0.0,0.0,0.0,0.0
0,0,0,0,27,0.14,67.0,5.3,231,2026-09-21 21:40:00,PT5M,0.0,0.0,0.0,0.0,0.0
0,0,0,0,27,0.14,67.1,5.3,232,2026-09-21 21:45:00,PT5M,0.0,0.0,0.0,0.0,0.0
0,0,0,0,27,0.14,67.2,5.3,232,2026-09-21 21:50:00,PT5M,0.0,0.0,0.0,0.0,0.0
0,0,0,0,27,0.14,67.3,5.3,232,2026-09-21 21:55:00,PT5M,0.0,0.0,0.0,0.0,0.0
0,0,0,0,27,0.14,67.4,5.2,232,2026-09-21 22:00:00,PT5M,0.0,0.0,0.0,0.0,0.0
0,0,0,0,27,0.14,67.5,5.2,232,2026-09-21 22:05:00,PT5M,0.0,0.0,0.0,0.0,0.0
0,0,0,0,27,0.14,67.6,5.2,233,2026-09-21 22:10:00,PT5M,0.0,0.0,0.0,0.0,0.0
0,0,0,0,27,0.14,67.7,5.2,233,2026-09-21 22:15:00,PT5M,0.0,0.0,0.0,0.0,0.0
0,0,0,0,27,0.14,67.8,5.2,233,2026-09-21 22:20:00,PT5M,0.0,0.0,0.0,0.0,0.0
0,0,0,0,27,0.14,67.9,5.2,233,2026-09-21 22:25:00,PT5M,0.0,0.0,0.0,0.0,0.0
0,0,0,0,27,0.14,68.0,5.2,234,2026-09-21 22:30:00,PT5M,0.0,0.0,0.0,0.0,0.0
0,0,0,0,27,0.14,68.1,5.2,234,2026-09-21 22:35:00,PT5M,0.0,0.0,0.0,0.0,0.0
0,0,0,0,27,0.14,68.2,5.2,234,2026-09-21 22:40:00,PT5M,0.0,0.0,0.0,0.0,0.0
0,0,0,0,27,0.14,68.3,5.2,234,2026-09-21 22:45:00,PT5M,0.0,0.0,0.0,0.0,0.0
0,0,0,0,27,0.14,68.4,5.2,235,2026-09-21 22:50:00,PT5M,0.0,0.0,0.0,0.0,0.0
0,0,0,0,27,0.14,68.5,5.2,235,2026-09-21 22:55:00,PT5M,0.0,0.0,0.0,0.0,0.0
0,0,0,0,27,0.14,68.6,5.2,235,2026-09-21 23:00:00,PT5M,0.0,0.0,0.0,0.0,0.0
0,0,0,0,27,0.14,68.7,5.2,236,2026-09-21 23:05:00,PT5M,0.0,0.0,0.0,0.0,0.0
0,0,0,0,27,0.14,68.8,5.2,236,2026-09-21 23:10:00,PT5M,0.0,0.0,0.0,0.0,0.0
0,0,0,0,27,0.14,68.9,5.1,236,2026-09-21 23:15:00,PT5M,0.0,0.0,0.0,0.0,0.0
0,0,0,0,27,0.14,69.0,5.1,236,2026-09-21 23:20:00,PT5M,0.0,0.0,0.0,0.0,0.0
0,0,0,0,27,0.14,69.1,5.1,237,2026-09-21 23:25:00,PT5M,0.0,0.0,0.0,0.0,0.0
0,0,0,0,27,0.14,69.2,5.1,237,2026-09-21 23:30:00,PT5M,0.0,0.0,0.0,0.0,0.0
0,0,0,0,27,0.14,69.3,5.1,237,2026-09-21 23:35:00,PT5M,0.0,0.0,0.0,0.0,0.0
0,0,0,0,27,0.14,69.2,5.1,236,2026-09-21 23:40:00,PT5M,0.0,0.0,0.0,0.0,0.0
0,0,0,0,27,0.14,69.1,5.2,236,2026-09-21 23:45:00,PT5M,0.0,0.0,0.0,0.0,0.0
0,0,0,0,27,0.14,69.0,5.2,235,2026-09-21 23:50:00,PT5M,0.0,0.0,0.0,0.0,0.0
0,0,0,0,27,0.14,69.0,5.2,235,2026-09-21 23:55:00,PT5M,0.0,0.0,0.0,0.0,0.0
0,0,0,0,27,0.14,68.9,5.2,235,2026-09-22 00:00:00,PT5M,0.0,0.0,0.0,0.0,0.0
0,0,0,0,27,0.14,68.8,5.2,234,2026-09-22 00:05:00,PT5M,0.0,0.0,0.0,0.0,0.0
0,0,0,0,27,0.14,68.8,5.2,234,2026-09-22 00:10:00,PT5M,0.0,0.0,0.0,0.0,0.0
0,0,0,0,27,0.14,68.7,5.2,233,2026-09-22 00:15:00,PT5M,0.0,0.0,0.0,0.0,0.0
0,0,0,0,27,0.14,68.6,5.3,233,2026-09-22 00:20:00,PT5M,0.0,0.0,0.0,0.0,0.0
0,0,0,0,27,0.14,68.5,5.3,233,2026-09-22 00:25:00,PT5M,0.0,0.0,0.0,0.0,0.0
0,0,0,0,27,0.14,68.5,5.3,232,2026-09-22 00:30:00,PT5M,0.0,0.0,0.0,0.0,0.0
0,0,0,0,27,0.14,68.4,5.3,232,2026-09-22 00:35:00,PT5M,0.0,0.0,0.0,0.0,0.0
0,0,0,0,27,0.14,68.3,5.3,231,2026-09-22 00:40:00,PT5M,0.0,0.0,0.0,0.0,0.0
0,0,0,0,27,0.14,68.3,5.3,231,2026-09-22 00:45:00,PT5M,0.0,0.0,0.0,0.0,0.0
0,0,0,0,27,0.14,68.2,5.3,230,2026-09-22 00:50:00,PT5M,0.0,0.0,0.0,0.0,0.0
0,0,0,0,27,0.14,68.1,5.4,230,2026-09-22 00:55:00,PT5M,0.0,0.0,0.0,0.0,0.0
0,0,0,0,27,0.14,68.0,5.4,230,2026-09-22 01:00:00,PT5M,0.0,0.0,0.0,0.0,0.0
0,0,0,0,27,0.14,68.0,5.4,229,2026-09-22 01:05:00,PT5M,0.0,0.0,0.0,0.0,0.0
0,0,0,0,27,0.14,67.9,5.4,229,2026-09-22 01:10:00,PT5M,0.0,0.0,0.0,0.0,0.0
0,0,0,0,27,0.14,67.8,5.4,229,2026-09-22 01:15:00,PT5M,0.0,0.0,0.0,0.0,0.0
0,0,0,0,27,0.14,67.8,5.5,228,2026-09-22 01:20:00,PT5M,0.0,0.0,0.0,0.0,0.0
0,0,0,0,27,0.14,67.7,5.5,228,2026-09-22 01:25:00,PT5M,0.0,0.0,0.0,0.0,0.0
0,0,0,0,27,0.14,67.6,5.5,227,2026-09-22 01:30:00,PT5M,0.0,0.0,0.0,0.0,0.0
0,0,0,0,27,0.14,67.6,5.5,227,2026-09-22 01:35:00,PT5M,0.0,0.0,0.0,0.0,0.0
0,0,0,0,27,0.14,67.5,5.5,227,2026-09-22 01:40:00,PT5M,0.0,0.0,0.0,0.0,0.0
0,0,0,0,27,0.14,67.4,5.5,226,2026-09-22 01:45:00,PT5M,0.0,0.0,0.0,0.0,0.0
0,0,0,0,27,0.14,67.3,5.6,226,2026-09-22 01:50:00,PT5M,0.0,0.0,0.0,0.0,0.0
0,0,0,0,27,0.14,67.3,5.6,226,2026-09-22 01:55:00,PT5M,0.0,0.0,0.0,0.0,0.0
0,0,0,0,27,0.14,67.2,5.6,225,2026-09-22 02:00:00,PT5M,0.0,0.0,0.0,0.0,0.0
0,0,0,0,27,0.14,67.1,5.6,225,2026-09-22 02:05:00,PT5M,0.0,0.0,0.0,0.0,0.0
0,0,0,0,27,0.14,67.1,5.6,224,2026-09-22 02:10:00,PT5M,0.0,0.0,0.0,0.0,0.0
0,0,0,0,27,0.14,67.0,5.7,224,2026-09-22 02:15:00,PT5M,0.0,0.0,0.0,0.0,0.0
0,0,0,0,27,0.14,66.9,5.7,224,2026-09-22 02:20:00,PT5M,0.0,0.0,0.0,0.0,0.0
0,0,0,0,27,0.14,66.9,5.7,223,2026-09-22 02:25:00,PT5M,0.0,0.0,0.0,0.0,0.0
0,0,0,0,27,0.14,66.8,5.7,223,2026-09-22 02:30:00,PT5M,0.0,0.0,0.0,0.0,0.0
0,0,0,0,27,0.14,66.8,5.7,223,2026-09-22 02:35:00,PT5M,0.0,0.0,0.0,0.0,0.0
0,0,0,0,27,0.14,66.9,5.8,223,2026-09-22 02:40:00,PT5M,0.0,0.0,0.0,0.0,0.0
0,0,0,0,27,0.14,66.9,5.8,223,2026-09-22 02:45:00,PT5M,0.0,0.0,0.0,0.0,0.0
0,0,0,0,27,0.14,67.0,5.8,223,2026-09-22 02:50:00,PT5M,0.0,0.0,0.0,0.0,0.0
0,0,0,0,27,0.14,67.1,5.8,223,2026-09-22 02:55:00,PT5M,0.0,0.0,0.0,0.0,0.0
0,0,0,0,27,0.14,67.1,5.8,223,2026-09-22 03:00:00,PT5M,0.0,0.0,0.0,0.0,0.0
0,0,0,0,27,0.14,67.2,5.8,223,2026-09-22 03:05:00,PT5M,0.0,0.0,0.0,0.0,0.0
0,0,0,0,27,0.14,67.3,5.8,223,2026-09-22 03:10:00,PT5M,0.0,0.0,0.0,0.0,0.0
0,0,0,0,27,0.14,67.3,5.9,224,2026-09-22 03:15:00,PT5M,0.0,0.0,0.0,0.0,0.0
0,0,0,0,27,0.14,67.4,5.9,224,2026-09-22 03:20:00,PT5M,0.0,0.0,0.0,0.0,0.0
0,0,0,0,27,0.14,67.5,5.9,224,2026-09-22 03:25:00,PT5M,0.0,0.0,0.0,0.0,0.0
0,0,0,0,27,0.14,67.5,5.9,224,2026-09-22 03:30:00,PT5M,0.0,0.0,0.0,0.0,0.0
0,0,0,0,27,0.14,67.6,5.9,224,2026-09-22 03:35:00,PT5M,0.0,0.0,0.0,0.0,0.0
0,0,0,0,27,0.14,67.7,5.9,224,2026-09-22 03:40:00,PT5M,0.0,0.0,0.0,0.0,0.0
0,0,0,0,27,0.14,67.7,6.0,224,2026-09-22 03:45:00,PT5M,0.0,0.0,0.0,0.0,0.0
0,0,0,0,27,0.14,67.8,6.0,224,2026-09-22 03:50:00,PT5M,0.0,0.0,0.0,0.0,0.0
0,0,0,0,27,0.14,67.9,6.0,224,2026-09-22 03:55:00,PT5M,0.0,0.0,0.0,0.0,0.0
0,0,0,0,27,0.14,67.9,6.0,224,2026-09-22 04:00:00,PT5M,0.0,0.0,0.0,0.0,0.0
0,0,0,0,27,0.14,68.0,6.0,224,2026-09-22 04:05:00,PT5M,0.0,0.0,0.0,0.0,0.0
0,0,0,0,27,0.14,68.1,6.0,224,2026-09-22 04:10:00,PT5M,0.0,0.0,0.0,0.0,0.0
0,0,0,0,27,0.14,68.2,6.0,225,2026-09-22 04:15:00,PT5M,0.0,0.0,0.0,0.0,0.0
0,0,0,0,27,0.14,68.2,6.1,225,2026-09-22 04:20:00,PT5M,0.0,0.0,0.0,0.0,0.0
0,0,0,0,27,0.14,68.3,6.1,225,2026-09-22 04:25:00,PT5M,0.0,0.0,0.0,0.0,0.0
0,0,0,0,27,0.14,68.4,6.1,225,2026-09-22 04:30:00,PT5M,0.0,0.0,0.0,0.0,0.0
0,0,0,0,27,0.14,68.4,6.1,225,2026-09-22 04:35:00,PT5M,0.0,0.0,0.0,0.0,0.0
0,0,0,0,27,0.14,68.5,6.1,225,2026-09-22 04:40:00,PT5M,0.0,0.0,0.0,0.0,0.0
0,0,0,0,27,0.14,68.6,6.1,225,2026-09-22 04:45:00,PT5M,0.0,0.0,0.0,0.0,0.0
0,0,0,0,27,0.14,68.6,6.2,225,2026-09-22 04:50:00,PT5M,0.0,0.0,0.0,0.0,0.0
0,0,0,0,27,0.14,68.7,6.2,225,2026-09-22 04:55:00,PT5M,0.0,0.0,0.0,0.0,0.0
0,0,0,0,27,0.14,68.8,6.2,225,2026-09-22 05:00:00,PT5M,0.0,0.0,0.0,0.0,0.0
0,0,0,0,27,0.14,68.8,6.2,225,2026-09-22 05:05:00,PT5M,0.0,0.0,0.0,0.0,0.0
0,0,0,0,27,0.14,68.9,6.2,225,2026-09-22 05:10:00,PT5M,0.0,0.0,0.0,0.0,0.0
0,0,0,0,27,0.14,69.0,6.2,225,2026-09-22 05:15:00,PT5M,0.0,0.0,0.0,0.0,0.0
0,0,0,0,27,0.14,69.1,6.3,225,2026-09-22 05:20:00,PT5M,0.0,0.0,0.0,0.0,0.0
0,0,0,0,27,0.14,69.1,6.3,226,2026-09-22 05:25:00,PT5M,0.0,0.0,0.0,0.0,0.0
0,0,0,0,27,0.14,69.2,6.3,226,2026-09-22 05:30:00,PT5M,0.0,0.0,0.0,0.0,0.0
0,0,0,0,27,0.14,69.1,6.3,226,2026-09-22 05:35:00,PT5M,0.0,0.0,0.0,0.0,0.0
0,0,0,0,27,0.14,68.9,6.3,226,2026-09-22 05:40:00,PT5M,0.0,0.0,0.0,0.0,0.0
0,0,0,0,27,0.14,68.6,6.2,226,2026-09-22 05:45:00,PT5M,0.0,0.0,0.0,0.0,0.0
0,0,0,0,27,0.14,68.4,6.2,227,2026-09-22 05:50:00,PT5M,0.0,0.0,0.0,0.0,0.0
0,0,0,0,27,0.14,68.1,6.2,227,2026-09-22 05:55:00,PT5M,0.0,0.0,0.0,0.0,0.0
0,0,0,0,27,0.14,67.9,6.2,227,2026-09-22 06:00:00,PT5M,0.0,0.0,0.0,0.0,0.0
3,3,0,3,27,0.14,67.6,6.2,227,2026-09-22 06:05:00,PT5M,0.0,0.185,0.0974,0.0,0.0
7,7,0,7,27,0.14,67.4,6.2,228,2026-09-22 06:10:00,PT5M,0.281,1.0435,0.6823,0.0,0.0
12,12,0,12,27,0.14,67.1,6.1,228,2026-09-22 06:15:00,PT5M,0.888,2.311,1.6369,0.1391,0.0
17,17,0,17,27,0.14,66.9,6.1,228,2026-09-22 06:20:00,PT5M,1.577,3.972,2.8375,0.3165,0.0
24,24,0,24,27,0.14,66.6,6.1,228,2026-09-22 06:25:00,PT5M,2.357,6.013,4.2812,0.4328,0.0
31,31,0,31,27,0.14,66.4,6.1,229,2026-09-22 06:30:00,PT5M,3.313,8.538,6.063,0.563,0.0
39,39,0,39,27,0.14,66.2,6.1,229,2026-09-22 06:35:00,PT5M,4.372,11.353,8.0462,0.6978,0.0
48,48,0,48,27,0.14,65.9,6.0,229,2026-09-22 06:40:00,PT5M,5.471,14.249,10.0909,0.8511,0.0
58,58,0,58,27,0.14,65.7,6.0,229,2026-09-22 06:45:00,PT5M,6.716,17.428,12.3538,1.0782,0.0
69,69,0,69,27,0.14,65.4,6.0,230,2026-09-22 06:50:00,PT5M,8.14,20.831,14.8194,1.4606,0.0
80,80,0,80,27,0.14,65.2,6.0,230,2026-09-22 06:55:00,PT5M,9.54,24.2835,17.2996,1.7804,0.0
92,93,0,93,27,0.14,65.0,6.0,230,2026-09-22 07:00:00,PT5M,11.029,27.922,19.9199,2.1381,0.0
105,105,0,105,27,0.14,64.7,6.0,231,2026-09-22 07:05:00,PT5M,12.541,31.4555,22.4958,2.5862,0.0
118,118,0,118,28,0.14,64.5,5.9,231,2026-09-22 07:10:00,PT5M,14.118,35.0915,25.1565,3.0795,0.0
131,132,0,132,28,0.14,64.3,5.9,231,2026-09-22 07:15:00,PT5M,15.743,38.791,27.8733,3.6127,0.0
145,146,4,144,28,0.14,64.0,5.9,231,2026-09-22 07:20:00,PT5M,17.641,42.764,30.8634,4.4186,0.0
160,160,18,154,28,0.14,63.8,5.9,232,2026-09-22 07:25:00,PT5M,20.272,47.461,34.5818,5.9622,0.0
175,176,33,163,28,0.14,63.6,5.9,232,2026-09-22 07:30:00,PT5M,22.892,52.2115,38.3231,7.4609,0.0
191,191,48,172,28,0.14,63.3,5.9,232,2026-09-22 07:35:00,PT5M,25.856,59.6685,43.6518,8.0602,0.0
207,207,64,180,28,0.14,63.1,5.8,233,2026-09-22 07:40:00,PT5M,28.961,65.0205,47.9394,9.9826,0.0
224,224,81,188,28,0.14,62.9,5.8,233,2026-09-22 07:45:00,PT5M,32.155,69.5135,51.817,12.493,0.0
241,242,98,196,28,0.14,62.6,5.8,233,2026-09-22 07:50:00,PT5M,35.404,73.342,55.371,15.437,0.0
259,260,116,203,28,0.14,62.4,5.8,233,2026-09-22 07:55:00,PT5M,38.454,76.881,58.6784,18.2296,0.027
278,278,135,210,28,0.14,62.2,5.8,234,2026-09-22 08:00:00,PT5M,41.747,80.5855,62.188,21.306,2.9085
296,297,155,216,28,0.14,62.0,5.8,234,2026-09-22 08:05:00,PT5M,45.018,84.172,65.625,24.411,5.864
316,316,174,222,28,0.14,61.7,5.8,234,2026-09-22 08:10:00,PT5M,48.254,87.6175,68.9713,27.5367,8.8905
335,335,195,227,28,0.14,61.5,5.7,235,2026-09-22 08:15:00,PT5M,51.465,90.9355,72.2386,30.6914,11.9945
356,356,216,231,28,0.14,61.3,5.7,235,2026-09-22 08:20:00,PT5M,54.636,94.108,75.4104,33.8616,15.164
376,376,238,235,28,0.14,61.1,5.7,235,2026-09-22 08:25:00,PT5M,57.704,97.104,78.4405,36.9675,18.304
397,397,260,238,28,0.14,60.9,5.7,236,2026-09-22 08:30:00,PT5M,60.785,100.0,81.4333,40.1367,21.5525
414,414,274,242,28,0.14,60.7,5.7,236,2026-09-22 08:35:00,PT5M,62.875,100.0,83.4955,42.2545,23.6955
428,427,278,249,28,0.14,60.5,5.8,235,2026-09-22 08:40:00,PT5M,63.977,100.0,84.6411,43.3129,24.7145
441,440,282,255,28,0.14,60.3,5.8,235,2026-09-22 08:45:00,PT5M,65.027,100.0,85.7264,44.3276,25.6975
454,453,285,261,28,0.14,60.1,5.9,234,2026-09-22 08:50:00,PT5M,66.034,100.0,86.7623,45.3057,26.6495
466,466,288,267,28,0.14,59.9,5.9,234,2026-09-22 08:55:00,PT5M,67.004,100.0,87.7266,46.2814,27.6305
479,478,292,272,28,0.14,59.8,6.0,234,2026-09-22 09:00:00,PT5M,67.94,100.0,88.5155,47.3645,28.846
492,491,296,277,29,0.14,59.6,6.1,233,2026-09-22 09:05:00,PT5M,68.958,100.0,89.3842,48.5318,30.1475
504,503,301,282,29,0.14,59.4,6.1,233,2026-09-22 09:10:00,PT5M,69.961,100.0,90.2404,49.6816,31.4295
517,516,305,287,29,0.14,59.2,6.2,232,2026-09-22 09:15:00,PT5M,70.927,100.0,91.063,50.791,32.668
529,528,309,291,29,0.14,59.1,6.2,232,2026-09-22 09:20:00,PT5M,71.86,100.0,91.856,51.864,33.867
541,540,313,296,29,0.14,58.9,6.3,232,2026-09-22 09:25:00,PT5M,72.759,100.0,92.6189,52.8991,35.0245
552,551,317,300,29,0.14,58.7,6.3,231,2026-09-22 09:30:00,PT5M,73.625,100.0,93.3526,53.8974,36.142
563,562,321,304,29,0.14,58.6,6.4,231,2026-09-22 09:35:00,PT5M,74.395,100.0,93.9857,54.8043,37.172
573,572,323,309,29,0.14,58.4,6.5,231,2026-09-22 09:40:00,PT5M,75.07,100.0,94.5189,55.6211,38.1165
583,582,324,313,29,0.14,58.2,6.5,230,2026-09-22 09:45:00,PT5M,75.673,100.0,94.9864,56.3596,38.977
592,591,326,317,29,0.14,58.0,6.6,230,2026-09-22 09:50:00,PT5M,76.242,100.0,95.4241,57.0599,39.7955
601,600,327,321,29,0.14,57.9,6.6,230,2026-09-22 09:55:00,PT5M,76.786,100.0,95.8407,57.7313,40.5815
610,608,328,325,29,0.14,57.7,6.7,229,2026-09-22 10:00:00,PT5M,77.302,100.0,96.2343,58.3697,41.33
618,617,328,330,29,0.14,57.5,6.8,229,2026-09-22 10:05:00,PT5M,77.779,100.0,96.595,58.963,42.028
625,624,329,334,29,0.14,57.4,6.8,229,2026-09-22 10:10:00,PT5M,78.222,100.0,96.9264,59.5176,42.683
633,632,329,337,29,0.14,57.2,6.9,228,2026-09-22 10:15:00,PT5M,78.64,100.0,97.2371,60.0429,43.305
640,639,329,341,29,0.14,57.0,6.9,228,2026-09-22 10:20:00,PT5M,79.034,100.0,97.5279,60.5401,43.895
647,645,329,345,29,0.14,56.9,7.0,228,2026-09-22 10:25:00,PT5M,79.407,100.0,97.8014,61.0126,44.457
653,652,329,348,29,0.14,56.7,7.1,228,2026-09-22 10:30:00,PT5M,79.759,100.0,98.0574,61.4606,44.9915
659,658,330,351,29,0.14,56.5,7.1,227,2026-09-22 10:35:00,PT5M,80.147,100.0,98.3733,61.9207,45.5165
666,665,332,354,29,0.14,56.4,7.2,227,2026-09-22 10:40:00,PT5M,80.57,100.0,98.7489,62.3911,46.0295
672,671,333,356,29,0.14,56.2,7.3,227,2026-09-22 10:45:00,PT5M,80.966,100.0,99.1025,62.8295,46.506
678,677,335,359,29,0.14,56.0,7.3,227,2026-09-22 10:50:00,PT5M,81.331,100.0,99.4318,63.2302,46.939
683,682,336,361,29,0.14,55.9,7.4,226,2026-09-22 10:55:00,PT5M,81.663,100.0,99.7356,63.5904,47.3245
689,687,337,363,29,0.14,55.7,7.4,226,2026-09-22 11:00:00,PT5M,81.932,100.0,99.9959,63.8681,47.61
693,692,339,364,30,0.14,55.5,7.5,226,2026-09-22 11:05:00,PT5M,82.208,100.0,100.0,64.1601,47.9165
698,696,340,366,30,0.14,55.4,7.6,226,2026-09-22 11:10:00,PT5M,82.477,100.0,100.0,64.4486,48.2225
702,700,341,367,30,0.14,55.2,7.6,225,2026-09-22 11:15:00,PT5M,82.711,100.0,100.0,64.6934,48.477
705,704,342,369,30,0.14,55.1,7.7,225,2026-09-22 11:20:00,PT5M,82.906,100.0,100.0,64.8884,48.672
708,707,343,370,30,0.14,54.9,7.8,225,2026-09-22 11:25:00,PT5M,83.073,100.0,100.0,65.0499,48.8285
711,710,344,371,30,0.14,54.7,7.8,225,2026-09-22 11:30:00,PT5M,83.212,100.0,100.0,65.1778,48.9465
711,710,341,373,30,0.14,54.6,7.8,224,2026-09-22 11:35:00,PT5M,83.107,100.0,100.0,65.0473,48.793
709,708,335,376,30,0.14,54.6,7.8,224,2026-09-22 11:40:00,PT5M,82.754,100.0,100.0,64.6532,48.362
706,705,329,379,30,0.14,54.5,7.8,224,2026-09-22 11:45:00,PT5M,82.375,100.0,100.0,64.2279,47.895
703,702,323,381,30,0.14,54.5,7.8,224,2026-09-22 11:50:00,PT5M,81.965,100.0,100.0,63.7664,47.387
700,698,316,384,30,0.14,54.4,7.7,224,2026-09-22 11:55:00,PT5M,81.525,100.0,99.7805,63.2695,46.839
696,694,310,386,30,0.14,54.4,7.7,224,2026-09-22 12:00:00,PT5M,81.064,100.0,99.3821,62.7459,46.259
691,690,303,388,30,0.14,54.3,7.7,224,2026-09-22 12:05:00,PT5M,80.634,100.0,99.0203,62.2477,45.6995
686,685,296,391,30,0.14,54.3,7.7,224,2026-09-22 12:10:00,PT5M,80.165,100.0,98.6252,61.7048,45.09
681,680,289,393,30,0.14,54.2,7.6,224,2026-09-22 12:15:00,PT5M,79.664,100.0,98.2032,61.1248,44.439
675,674,282,394,30,0.14,54.1,7.6,224,2026-09-22 12:20:00,PT5M,79.132,100.0,97.7543,60.5097,43.749
669,668,275,396,30,0.14,54.1,7.6,224,2026-09-22 12:25:00,PT5M,78.567,100.0,97.277,59.857,43.0175
663,662,268,397,30,0.14,54.0,7.6,224,2026-09-22 12:30:00,PT5M,77.972,100.0,96.7733,59.1707,42.249
655,654,261,398,30,0.14,54.0,7.6,224,2026-09-22 12:35:00,PT5M,77.292,100.0,96.1877,58.3963,41.3895
647,646,252,399,30,0.14,53.9,7.5,224,2026-09-22 12:40:00,PT5M,76.524,100.0,95.5182,57.5298,40.4345
639,638,244,400,30,0.14,53.9,7.5,224,2026-09-22 12:45:00,PT5M,75.723,100.0,94.8198,56.6262,39.4385
630,629,236,401,30,0.14,53.8,7.5,224,2026-09-22 12:50:00,PT5M,74.871,100.0,94.0802,55.6618,38.373
621,621,228,401,30,0.14,53.8,7.5,224,2026-09-22 12:55:00,PT5M,73.985,100.0,93.3097,54.6603,37.2675
612,611,219,401,30,0.14,53.7,7.4,224,2026-09-22 13:00:00,PT5M,73.096,100.0,92.5294,53.6626,36.172
602,602,212,400,30,0.14,53.7,7.4,224,2026-09-22 13:05:00,PT5M,72.199,100.0,91.7382,52.6598,35.074
593,592,204,399,30,0.14,53.6,7.4,224,2026-09-22 13:10:00,PT5M,71.226,100.0,90.8833,51.5687,33.8765
583,583,197,398,30,0.14,53.5,7.4,224,2026-09-22 13:15:00,PT5M,70.223,100.0,90.0032,50.4428,32.64
573,573,189,396,30,0.14,53.5,7.3,224,2026-09-22 13:20:00,PT5M,69.185,100.0,89.0907,49.2793,31.3635
563,562,182,394,30,0.14,53.4,7.3,224,2026-09-22 13:25:00,PT5M,68.115,100.0,88.1484,48.0816,30.051
552,552,175,392,30,0.14,53.4,7.3,224,2026-09-22 13:30:00,PT5M,67.016,100.0,87.1783,46.8537,28.707
542,542,168,389,30,0.14,53.3,7.3,224,2026-09-22 13:35:00,PT5M,65.945,100.0,86.2465,45.6435,27.3715
532,532,162,386,30,0.14,53.3,7.2,224,2026-09-22 13:40:00,PT5M,64.903,100.0,85.3537,44.4523,26.046
522,522,156,383,30,0.14,53.2,7.2,224,2026-09-22 13:45:00,PT5M,63.834,100.0,84.4345,43.2335,24.6925
512,512,151,379,30,0.14,53.2,7.2,224,2026-09-22 13:50:00,PT5M,62.733,100.0,83.4842,41.9818,23.305
501,501,145,375,30,0.14,53.1,7.2,224,2026-09-22 13:55:00,PT5M,61.601,100.0,82.5038,40.6982,21.885
491,491,139,371,30,0.14,53.1,7.2,224,2026-09-22 14:00:00,PT5M,60.438,100.0,81.4934,39.3826,20.432
480,480,133,367,30,0.14,53.0,7.1,223,2026-09-22 14:05:00,PT5M,59.24,99.539,80.4497,38.0303,18.941
469,469,128,362,30,0.14,53.0,7.1,223,2026-09-22 14:10:00,PT5M,58.01,98.6035,79.3746,36.6454,17.4165
458,458,122,357,30,0.14,52.9,7.1,223,2026-09-22 14:15:00,PT5M,56.751,97.6395,78.2709,35.2311,15.8625
447,447,116,352,30,0.14,52.8,7.1,223,2026-09-22 14:20:00,PT5M,55.446,96.6315,77.1222,33.7698,14.2605
435,436,110,347,30,0.14,52.8,7.0,223,2026-09-22 14:25:00,PT5M,54.092,95.576,75.9253,32.2587,12.608
424,424,105,342,30,0.14,52.7,7.0,223,2026-09-22 14:30:00,PT5M,52.712,94.4935,74.7019,30.7221,10.9305
414,414,101,336,30,0.14,52.8,7.0,223,2026-09-22 14:35:00,PT5M,51.751,93.748,73.8543,29.6477,9.754
405,406,100,330,30,0.14,52.9,7.0,223,2026-09-22 14:40:00,PT5M,50.885,93.026,73.0641,28.7059,8.744
397,397,99,323,30,0.14,53.1,6.9,223,2026-09-22 14:45:00,PT5M,49.991,92.2955,72.2562,27.7258,7.6865
388,388,97,317,30,0.14,53.2,6.9,223,2026-09-22 14:50:00,PT5M,49.069,91.5425,71.4231,26.7149,6.5955
379,379,96,310,30,0.14,53.4,6.8,223,2026-09-22 14:55:00,PT5M,48.117,90.765,70.5629,25.6711,5.469
369,370,94,304,30,0.14,53.5,6.8,223,2026-09-22 15:00:00,PT5M,47.163,89.988,69.7021,24.6239,4.338
360,361,93,297,30,0.14,53.7,6.8,223,2026-09-22 15:05:00,PT5M,46.196,89.042,68.7462,23.6458,3.35
351,351,91,290,30,0.14,53.8,6.7,223,2026-09-22 15:10:00,PT5M,45.162,87.823,67.6148,22.7092,2.501
341,341,89,283,30,0.14,54.0,6.7,223,2026-09-22 15:15:00,PT5M,44.092,86.55,66.4379,21.7461,1.634
331,331,86,276,30,0.14,54.1,6.7,223,2026-09-22 15:20:00,PT5M,42.973,85.21,65.2026,20.7434,0.736
321,321,84,269,30,0.14,54.3,6.6,223,2026-09-22 15:25:00,PT5M,41.806,83.7985,63.907,19.705,0.0
310,311,81,262,30,0.14,54.4,6.6,223,2026-09-22 15:30:00,PT5M,40.593,82.247,62.5158,18.6702,0.0
300,300,78,254,30,0.14,54.6,6.6,223,2026-09-22 15:35:00,PT5M,39.277,80.6255,61.039,17.515,0.0
288,289,74,247,30,0.14,54.8,6.5,223,2026-09-22 15:40:00,PT5M,37.866,78.8585,59.4406,16.2914,0.0
277,278,70,239,30,0.14,54.9,6.5,223,2026-09-22 15:45:00,PT5M,36.433,76.962,57.7637,15.1023,0.0
266,266,65,231,30,0.14,55.1,6.5,223,2026-09-22 15:50:00,PT5M,34.943,74.9235,55.985,13.901,0.0
254,254,61,223,30,0.14,55.2,6.4,223,2026-09-22 15:55:00,PT5M,33.397,72.748,54.1077,12.6863,0.0
242,243,56,215,30,0.14,55.4,6.4,223,2026-09-22 16:00:00,PT5M,31.793,70.4435,52.135,11.451,0.0
231,231,51,207,29,0.14,55.5,6.3,223,2026-09-22 16:05:00,PT5M,30.183,68.098,50.1379,10.2281,0.0
219,219,47,198,29,0.14,55.7,6.3,223,2026-09-22 16:10:00,PT5M,28.57,65.723,48.1239,9.0161,0.0
207,208,42,189,29,0.14,55.8,6.3,223,2026-09-22 16:15:00,PT5M,26.909,63.255,46.0382,7.7798,0.0
195,196,37,180,29,0.14,56.0,6.2,223,2026-09-22 16:20:00,PT5M,25.348,59.7695,43.4643,7.2317,0.0
184,184,32,172,29,0.14,56.2,6.2,223,2026-09-22 16:25:00,PT5M,23.705,55.791,40.5921,6.8179,0.0
172,173,27,162,29,0.14,56.3,6.2,223,2026-09-22 16:30:00,PT5M,22.181,51.987,37.8681,6.4939,0.0
161,161,21,153,29,0.14,56.5,6.1,223,2026-09-22 16:35:00,PT5M,20.451,48.0085,34.9547,5.9473,0.0
149,149,16,144,29,0.14,56.6,6.1,223,2026-09-22 16:40:00,PT5M,18.742,44.0755,32.0752,5.4088,0.0
138,138,10,135,29,0.14,56.8,6.1,223,2026-09-22 16:45:00,PT5M,17.003,40.1205,29.1699,4.8361,0.0
126,127,4,126,29,0.14,57.0,6.0,223,2026-09-22 16:50:00,PT5M,15.256,36.178,26.2674,4.2446,0.0
115,115,0,115,29,0.14,57.1,6.0,223,2026-09-22 16:55:00,PT5M,13.696,32.4185,23.5498,3.8422,0.0
103,104,0,104,29,0.14,57.3,6.0,223,2026-09-22 17:00:00,PT5M,12.322,28.949,21.0729,3.5711,0.0
92,92,0,92,29,0.14,57.4,5.9,223,2026-09-22 17:05:00,PT5M,10.916,25.551,18.6185,3.2135,0.0
80,80,0,80,29,0.14,57.6,5.9,223,2026-09-22 17:10:00,PT5M,9.509,22.2385,16.2086,2.8094,0.0
69,69,0,69,29,0.14,57.8,5.9,223,2026-09-22 17:15:00,PT5M,8.07,18.9295,13.7854,2.3546,0.0
58,59,0,59,29,0.14,57.9,5.8,223,2026-09-22 17:20:00,PT5M,6.783,15.7825,11.5195,2.0465,0.0
48,48,0,48,29,0.14,58.1,5.8,223,2026-09-22 17:25:00,PT5M,5.564,12.7365,9.3389,1.7891,0.0
39,39,0,39,29,0.14,58.3,5.7,223,2026-09-22 17:30:00,PT5M,4.32,9.768,7.1873,1.4527,0.0
30,30,0,30,29,0.14,58.5,5.7,223,2026-09-22 17:35:00,PT5M,3.177,7.1075,5.2457,1.1083,0.0
22,22,0,22,29,0.14,58.8,5.7,223,2026-09-22 17:40:00,PT5M,2.179,4.8175,3.5677,0.7903,0.0
15,15,0,15,29,0.14,59.1,5.6,223,2026-09-22 17:45:00,PT5M,1.276,2.8085,2.0826,0.4694,0.0
9,9,0,9,29,0.14,59.4,5.6,223,2026-09-22 17:50:00,PT5M,0.471,1.178,0.8431,0.0989,0.0
4,4,0,4,29,0.14,59.7,5.6,223,2026-09-22 17:55:00,PT5M,0.0,0.083,0.0437,0.0,0.0
0,0,0,0,29,0.14,60.0,5.5,223,2026-09-22 18:00:00,PT5M,0.0,0.0,0.0,0.0,0.0
0,0,0,0,29,0.14,60.3,5.5,223,2026-09-22 18:05:00,PT5M,0.0,0.0,0.0,0.0,0.0
0,0,0,0,29,0.14,60.6,5.5,222,2026-09-22 18:10:00,PT5M,0.0,0.0,0.0,0.0,0.0
0,0,0,0,29,0.14,60.9,5.4,222,2026-09-22 18:15:00,PT5M,0.0,0.0,0.0,0.0,0.0
0,0,0,0,29,0.14,61.2,5.4,222,2026-09-22 18:20:00,PT5M,0.0,0.0,0.0,0.0,0.0
0,0,0,0,29,0.14,61.5,5.4,222,2026-09-22 18:25:00,PT5M,0.0,0.0,0.0,0.0,0.0
0,0,0,0,29,0.14,61.8,5.3,222,2026-09-22 18:30:00,PT5M,0.0,0.0,0.0,0.0,0.0
0,0,0,0,28,0.14,62.1,5.3,222,2026-09-22 18:35:00,PT5M,0.0,0.0,0.0,0.0,0.0
0,0,0,0,28,0.14,62.4,5.3,222,2026-09-22 18:40:00,PT5M,0.0,0.0,0.0,0.0,0.0
0,0,0,0,28,0.14,62.7,5.2,222,2026-09-22 18:45:00,PT5M,0.0,0.0,0.0,0.0,0.0
0,0,0,0,28,0.14,63.0,5.2,222,2026-09-22 18:50:00,PT5M,0.0,0.0,0.0,0.0,0.0
0,0,0,0,28,0.14,63.3,5.2,222,2026-09-22 18:55:00,PT5M,0.0,0.0,0.0,0.0,0.0
0,0,0,0,28,0.14,63.7,5.1,222,2026-09-22 19:00:00,PT5M,0.0,0.0,0.0,0.0,0.0
0,0,0,0,28,0.14,64.0,5.1,222,2026-09-22 19:05:00,PT5M,0.0,0.0,0.0,0.0,0.0
0,0,0,0,28,0.14,64.3,5.0,222,2026-09-22 19:10:00,PT5M,0.0,0.0,0.0,0.0,0.0
0,0,0,0,28,0.14,64.6,5.0,222,2026-09-22 19:15:00,PT5M,0.0,0.0,0.0,0.0,0.0
0,0,0,0,28,0.14,64.9,5.0,222,2026-09-22 19:20:00,PT5M,0.0,0.0,0.0,0.0,0.0
0,0,0,0,28,0.14,65.3,4.9,222,2026-09-22 19:25:00,PT5M,0.0,0.0,0.0,0.0,0.0
0,0,0,0,28,0.14,65.6,4.9,221,2026-09-22 19:30:00,PT5M,0.0,0.0,0.0,0.0,0.0
0,0,0,0,28,0.14,65.9,4.9,221,2026-09-22 19:35:00,PT5M,0.0,0.0,0.0,0.0,0.0
0,0,0,0,28,0.14,66.3,4.8,221,2026-09-22 19:40:00,PT5M,0.0,0.0,0.0,0.0,0.0
0,0,0,0,28,0.14,66.6,4.8,221,2026-09-22 19:45:00,PT5M,0.0,0.0,0.0,0.0,0.0
0,0,0,0,28,0.14,66.9,4.8,221,2026-09-22 19:50:00,PT5M,0.0,0.0,0.0,0.0,0.0
0,0,0,0,28,0.14,67.2,4.7,221,2026-09-22 19:55:00,PT5M,0.0,0.0,0.0,0.0,0.0
0,0,0,0,28,0.14,67.6,4.7,221,2026-09-22 20:00:00,PT5M,0.0,0.0,0.0,0.0,0.0
0,0,0,0,28,0.14,67.9,4.7,221,2026-09-22 20:05:00,PT5M,0.0,0.0,0.0,0.0,0.0
0,0,0,0,28,0.14,68.3,4.6,221,2026-09-22 20:10:00,PT5M,0.0,0.0,0.0,0.0,0.0
0,0,0,0,28,0.14,68.6,4.6,221,2026-09-22 20:15:00,PT5M,0.0,0.0,0.0,0.0,0.0
0,0,0,0,28,0.14,68.9,4.6,221,2026-09-22 20:20:00,PT5M,0.0,0.0,0.0,0.0,0.0
0,0,0,0,28,0.14,69.3,4.5,221,2026-09-22 20:25:00,PT5M,0.0,0.0,0.0,0.0,0.0
0,0,0,0,27,0.14,69.6,4.5,221,2026-09-22 20:30:00,PT5M,0.0,0.0,0.0,0.0,0.0
0,0,0,0,27,0.14,69.9,4.5,220,2026-09-22 20:35:00,PT5M,0.0,0.0,0.0,0.0,0.0
0,0,0,0,27,0.14,70.0,4.5,221,2026-09-22 20:40:00,PT5M,0.0,0.0,0.0,0.0,0.0
0,0,0,0,27,0.14,70.2,4.5,221,2026-09-22 20:45:00,PT5M,0.0,0.0,0.0,0.0,0.0
0,0,0,0,27,0.14,70.3,4.5,221,2026-09-22 20:50:00,PT5M,0.0,0.0,0.0,0.0,0.0
0,0,0,0,27,0.14,70.4,4.5,221,2026-09-22 20:55:00,PT5M,0.0,0.0,0.0,0.0,0.0
0,0,0,0,27,0.14,70.6,4.5,221,2026-09-22 21:00:00,PT5M,0.0,0.0,0.0,0.0,0.0
0,0,0,0,27,0.14,70.7,4.5,221,2026-09-22 21:05:00,PT5M,0.0,0.0,0.0,0.0,0.0
0,0,0,0,27,0.14,70.8,4.5,221,2026-09-22 21:10:00,PT5M,0.0,0.0,0.0,0.0,0.0
0,0,0,0,27,0.14,71.0,4.5,221,2026-09-22 21:15:00,PT5M,0.0,0.0,0.0,0.0,0.0
0,0,0,0,27,0.14,71.1,4.5,221,2026-09-22 21:20:00,PT5M,0.0,0.0,0.0,0.0,0.0
0,0,0,0,27,0.14,71.3,4.5,221,2026-09-22 21:25:00,PT5M,0.0,0.0,0.0,0.0,0.0
0,0,0,0,27,0.14,71.4,4.5,221,2026-09-22 21:30:00,PT5M,0.0,0.0,0.0,0.0,0.0
0,0,0,0,27,0.14,71.5,4.5,221,2026-09-22 21:35:00,PT5M,0.0,0.0,0.0,0.0,0.0
0,0,0,0,27,0.14,71.7,4.5,221,2026-09-22 21:40:00,PT5M,0.0,0.0,0.0,0.0,0.0
0,0,0,0,27,0.14,71.8,4.5,221,2026-09-22 21:45:00,PT5M,0.0,0.0,0.0,0.0,0.0
0,0,0,0,27,0.14,72.0,4.5,221,2026-09-22 21:50:00,PT5M,0.0,0.0,0.0,0.0,0.0
0,0,0,0,27,0.14,72.1,4.5,221,2026-09-22 21:55:00,PT5M,0.0,0.0,0.0,0.0,0.0
0,0,0,0,27,0.14,72.2,4.5,221,2026-09-22 22:00:00,PT5M,0.0,0.0,0.0,0.0,0.0
0,0,0,0,27,0.14,72.4,4.5,221,2026-09-22 22:05:00,PT5M,0.0,0.0,0.0,0.0,0.0
0,0,0,0,27,0.14,72.5,4.5,221,2026-09-22 22:10:00,PT5M,0.0,0.0,0.0,0.0,0.0
0,0,0,0,27,0.14,72.7,4.5,221,2026-09-22 22:15:00,PT5M,0.0,0.0,0.0,0.0,0.0
0,0,0,0,27,0.14,72.8,4.5,222,2026-09-22 22:20:00,PT5M,0.0,0.0,0.0,0.0,0.0
0,0,0,0,27,0.14,73.0,4.5,222,2026-09-22 22:25:00,PT5M,0.0,0.0,0.0,0.0,0.0
0,0,0,0,27,0.14,73.1,4.5,222,2026-09-22 22:30:00,PT5M,0.0,0.0,0.0,0.0,0.0
0,0,0,0,27,0.14,73.2,4.5,222,2026-09-22 22:35:00,PT5M,0.0,0.0,0.0,0.0,0.0
0,0,0,0,27,0.14,73.4,4.5,222,2026-09-22 22:40:00,PT5M,0.0,0.0,0.0,0.0,0.0
0,0,0,0,27,0.14,73.5,4.5,222,2026-09-22 22:45:00,PT5M,0.0,0.0,0.0,0.0,0.0
0,0,0,0,27,0.14,73.7,4.5,222,2026-09-22 22:50:00,PT5M,0.0,0.0,0.0,0.0,0.0
0,0,0,0,26,0.14,73.8,4.5,222,2026-09-22 22:55:00,PT5M,0.0,0.0,0.0,0.0,0.0
0,0,0,0,26,0.14,74.0,4.5,222,2026-09-22 23:00:00,PT5M,0.0,0.0,0.0,0.0,0.0
0,0,0,0,26,0.14,74.1,4.5,222,2026-09-22 23:05:00,PT5M,0.0,0.0,0.0,0.0,0.0
0,0,0,0,26,0.14,74.3,4.5,222,2026-09-22 23:10:00,PT5M,0.0,0.0,0.0,0.0,0.0
0,0,0,0,26,0.14,74.4,4.5,222,2026-09-22 23:15:00,PT5M,0.0,0.0,0.0,0.0,0.0
0,0,0,0,26,0.14,74.5,4.5,222,2026-09-22 23:20:00,PT5M,0.0,0.0,0.0,0.0,0.0
0,0,0,0,26,0.14,74.7,4.5,222,2026-09-22 23:25:00,PT5M,0.0,0.0,0.0,0.0,0.0
0,0,0,0,26,0.14,74.8,4.5,222,2026-09-22 23:30:00,PT5M,0.0,0.0,0.0,0.0,0.0
0,0,0,0,26,0.14,74.9,4.5,222,2026-09-22 23:35:00,PT5M,0.0,0.0,0.0,0.0,0.0
0,0,0,0,26,0.14,75.0,4.5,222,2026-09-22 23:40:00,PT5M,0.0,0.0,0.0,0.0,0.0
0,0,0,0,26,0.14,75.0,4.5,222,2026-09-22 23:45:00,PT5M,0.0,0.0,0.0,0.0,0.0
0,0,0,0,26,0.14,75.0,4.5,222,2026-09-22 23:50:00,PT5M,0.0,0.0,0.0,0.0,0.0
0,0,0,0,26,0.14,75.0,4.5,223,2026-09-22 23:55:00,PT5M,0.0,0.0,0.0,0.0,0.0
0,0,0,0,26,0.14,75.1,4.5,223,2026-09-23 00:00:00,PT5M,0.0,0.0,0.0,0.0,0.0
0,0,0,0,26,0.14,75.1,4.5,223,2026-09-23 00:05:00,PT5M,0.0,0.0,0.0,0.0,0.0
0,0,0,0,26,0.14,75.1,4.5,223,2026-09-23 00:10:00,PT5M,0.0,0.0,0.0,0.0,0.0
0,0,0,0,26,0.14,75.1,4.5,223,2026-09-23 00:15:00,PT5M,0.0,0.0,0.0,0.0,0.0
0,0,0,0,26,0.14,75.2,4.5,223,2026-09-23 00:20:00,PT5M,0.0,0.0,0.0,0.0,0.0
0,0,0,0,26,0.14,75.2,4.5,223,2026-09-23 00:25:00,PT5M,0.0,0.0,0.0,0.0,0.0
0,0,0,0,26,0.14,75.2,4.5,223,2026-09-23 00:30:00,PT5M,0.0,0.0,0.0,0.0,0.0
0,0,0,0,26,0.14,75.2,4.5,223,2026-09-23 00:35:00,PT5M,0.0,0.0,0.0,0.0,0.0
0,0,0,0,26,0.14,75.3,4.5,223,2026-09-23 00:40:00,PT5M,0.0,0.0,0.0,0.0,0.0
0,0,0,0,26,0.14,75.3,4.5,223,2026-09-23 00:45:00,PT5M,0.0,0.0,0.0,0.0,0.0
0,0,0,0,26,0.14,75.3,4.5,223,2026-09-23 00:50:00,PT5M,0.0,0.0,0.0,0.0,0.0
0,0,0,0,26,0.14,75.3,4.5,223,2026-09-23 00:55:00,PT5M,0.0,0.0,0.0,0.0,0.0
0,0,0,0,26,0.14,75.4,4.5,223,2026-09-23 01:00:00,PT5M,0.0,0.0,0.0,0.0,0.0
0,0,0,0,26,0.14,75.4,4.5,223,2026-09-23 01:05:00,PT5M,0.0,0.0,0.0,0.0,0.0
0,0,0,0,26,0.14,75.4,4.5,223,2026-09-23 01:10:00,PT5M,0.0,0.0,0.0,0.0,0.0
0,0,0,0,26,0.14,75.4,4.5,223,2026-09-23 01:15:00,PT5M,0.0,0.0,0.0,0.0,0.0
0,0,0,0,26,0.14,75.5,4.5,223,2026-09-23 01:20:00,PT5M,0.0,0.0,0.0,0.0,0.0
0,0,0,0,26,0.14,75.5,4.5,223,2026-09-23 01:25:00,PT5M,0.0,0.0,0.0,0.0,0.0
0,0,0,0,26,0.14,75.5,4.5,223,2026-09-23 01:30:00,PT5M,0.0,0.0,0.0,0.0,0.0
0,0,0,0,26,0.14,75.5,4.5,224,2026-09-23 01:35:00,PT5M,0.0,0.0,0.0,0.0,0.0
0,0,0,0,26,0.14,75.6,4.5,224,2026-09-23 01:40:00,PT5M,0.0,0.0,0.0,0.0,0.0
0,0,0,0,26,0.14,75.6,4.5,224,2026-09-23 01:45:00,PT5M,0.0,0.0,0.0,0.0,0.0
0,0,0,0,26,0.14,75.6,4.5,224,2026-09-23 01:50:00,PT5M,0.0,0.0,0.0,0.0,0.0
0,0,0,0,26,0.14,75.6,4.5,224,2026-09-23 01:55:00,PT5M,0.0,0.0,0.0,0.0,0.0
0,0,0,0,26,0.14,75.7,4.5,224,2026-09-23 02:00:00,PT5M,0.0,0.0,0.0,0.0,0.0
0,0,0,0,26,0.14,75.7,4.5,224,2026-09-23 02:05:00,PT5M,0.0,0.0,0.0,0.0,0.0
0,0,0,0,26,0.14,75.7,4.5,224,2026-09-23 02:10:00,PT5M,0.0,0.0,0.0,0.0,0.0
0,0,0,0,26,0.14,75.7,4.5,224,2026-09-23 02:15:00,PT5M,0.0,0.0,0.0,0.0,0.0
0,0,0,0,26,0.14,75.8,4.5,224,2026-09-23 02:20:00,PT5M,0.0,0.0,0.0,0.0,0.0
0,0,0,0,26,0.14,75.8,4.5,224,2026-09-23 02:25:00,PT5M,0.0,0.0,0.0,0.0,0.0
0,0,0,0,26,0.14,75.8,4.5,224,2026-09-23 02:30:00,PT5M,0.0,0.0,0.0,0.0,0.0
0,0,0,0,26,0.14,75.8,4.4,224,2026-09-23 02:35:00,PT5M,0.0,0.0,0.0,0.0,0.0
0,0,0,0,26,0.14,75.8,4.4,224,2026-09-23 02:40:00,PT5M,0.0,0.0,0.0,0.0,0.0
0,0,0,0,26,0.14,75.8,4.4,224,2026-09-23 02:45:00,PT5M,0.0,0.0,0.0,0.0,0.0
0,0,0,0,26,0.14,75.7,4.4,225,2026-09-23 02:50:00,PT5M,0.0,0.0,0.0,0.0,0.0
0,0,0,0,26,0.14,75.7,4.4,225,2026-09-23 02:55:00,PT5M,0.0,0.0,0.0,0.0,0.0
0,0,0,0,26,0.14,75.7,4.4,225,2026-09-23 03:00:00,PT5M,0.0,0.0,0.0,0.0,0.0
0,0,0,0,26,0.14,75.6,4.4,225,2026-09-23 03:05:00,PT5M,0.0,0.0,0.0,0.0,0.0
0,0,0,0,26,0.14,75.6,4.3,225,2026-09-23 03:10:00,PT5M,0.0,0.0,0.0,0.0,0.0
0,0,0,0,26,0.14,75.6,4.3,225,2026-09-23 03:15:00,PT5M,0.0,0.0,0.0,0.0,0.0
0,0,0,0,26,0.14,75.6,4.3,226,2026-09-23 03:20:00,PT5M,0.0,0.0,0.0,0.0,0.0
0,0,0,0,26,0.14,75.5,4.3,226,2026-09-23 03:25:00,PT5M,0.0,0.0,0.0,0.0,0.0
0,0,0,0,26,0.14,75.5,4.3,226,2026-09-23 03:30:00,PT5M,0.0,0.0,0.0,0.0,0.0
0,0,0,0,26,0.14,75.5,4.3,226,2026-09-23 03:35:00,PT5M,0.0,0.0,0.0,0.0,0.0
0,0,0,0,26,0.14,75.5,4.2,226,2026-09-23 03:40:00,PT5M,0.0,0.0,0.0,0.0,0.0
0,0,0,0,26,0.14,75.4,4.2,226,2026-09-23 03:45:00,PT5M,0.0,0.0,0.0,0.0,0.0
0,0,0,0,26,0.14,75.4,4.2,227,2026-09-23 03:50:00,PT5M,0.0,0.0,0.0,0.0,0.0
0,0,0,0,26,0.14,75.4,4.2,227,2026-09-23 03:55:00,PT5M,0.0,0.0,0.0,0.0,0.0
0,0,0,0,26,0.14,75.4,4.2,227,2026-09-23 04:00:00,PT5M,0.0,0.0,0.0,0.0,0.0
0,0,0,0,26,0.14,75.3,4.2,227,2026-09-23 04:05:00,PT5M,0.0,0.0,0.0,0.0,0.0
0,0,0,0,26,0.14,75.3,4.2,227,2026-09-23 04:10:00,PT5M,0.0,0.0,0.0,0.0,0.0
0,0,0,0,26,0.14,75.3,4.1,227,2026-09-23 04:15:00,PT5M,0.0,0.0,0.0,0.0,0.0
0,0,0,0,26,0.14,75.2,4.1,228,2026-09-23 04:20:00,PT5M,0.0,0.0,0.0,0.0,0.0
0,0,0,0,26,0.14,75.2,4.1,228,2026-09-23 04:25:00,PT5M,0.0,0.0,0.0,0.0,0.0
0,0,0,0,26,0.14,75.2,4.1,228,2026-09-23 04:30:00,PT5M,0.0,0.0,0.0,0.0,0.0
0,0,0,0,26,0.14,75.2,4.1,228,2026-09-23 04:35:00,PT5M,0.0,0.0,0.0,0.0,0.0
0,0,0,0,26,0.14,75.1,4.1,228,2026-09-23 04:40:00,PT5M,0.0,0.0,0.0,0.0,0.0
0,0,0,0,26,0.14,75.1,4.0,228,2026-09-23 04:45:00,PT5M,0.0,0.0,0.0,0.0,0.0
0,0,0,0,26,0.14,75.1,4.0,229,2026-09-23 04:50:00,PT5M,0.0,0.0,0.0,0.0,0.0
0,0,0,0,26,0.14,75.1,4.0,229,2026-09-23 04:55:00,PT5M,0.0,0.0,0.0,0.0,0.0
0,0,0,0,26,0.14,75.0,4.0,229,2026-09-23 05:00:00,PT5M,0.0,0.0,0.0,0.0,0.0
0,0,0,0,26,0.14,75.0,4.0,229,2026-09-23 05:05:00,PT5M,0.0,0.0,0.0,0.0,0.0
0,0,0,0,26,0.14,75.0,4.0,229,2026-09-23 05:10:00,PT5M,0.0,0.0,0.0,0.0,0.0
0,0,0,0,26,0.14,74.9,4.0,230,2026-09-23 05:15:00,PT5M,0.0,0.0,0.0,0.0,0.0
0,0,0,0,26,0.14,74.9,3.9,230,2026-09-23 05:20:00,PT5M,0.0,0.0,0.0,0.0,0.0
0,0,0,0,26,0.14,74.9,3.9,230,2026-09-23 05:25:00,PT5M,0.0,0.0,0.0,0.0,0.0
0,0,0,0,26,0.14,74.9,3.9,230,2026-09-23 05:30:00,PT5M,0.0,0.0,0.0,0.0,0.0
0,0,0,0,26,0.14,74.5,3.9,230,2026-09-23 05:35:00,PT5M,0.0,0.0,0.0,0.0,0.0
0,0,0,0,26,0.14,73.9,3.9,231,2026-09-23 05:40:00,PT5M,0.0,0.0,0.0,0.0,0.0
0,0,0,0,26,0.14,73.3,3.9,231,2026-09-23 05:45:00,PT5M,0.0,0.0,0.0,0.0,0.0
0,0,0,0,26,0.14,72.8,3.9,232,2026-09-23 05:50:00,PT5M,0.0,0.0,0.0,0.0,0.0
0,0,0,0,26,0.14,72.2,3.9,232,2026-09-23 05:55:00,PT5M,0.0,0.0,0.0,0.0,0.0
1,1,0,1,26,0.14,71.6,3.9,232,2026-09-23 06:00:00,PT5M,0.0,0.0,0.0,0.0,0.0
5,5,0,5,27,0.14,71.0,3.9,233,2026-09-23 06:05:00,PT5M,0.0,0.213,0.1121,0.0,0.0
10,10,0,10,27,0.14,70.4,3.9,233,2026-09-23 06:10:00,PT5M,0.645,1.444,1.0655,0.2245,0.0
16,16,0,16,27,0.14,69.9,3.9,233,2026-09-23 06:15:00,PT5M,1.44,2.806,2.1589,0.7211,0.074
23,23,0,23,27,0.14,69.3,3.9,234,2026-09-23 06:20:00,PT5M,2.333,4.4845,3.4653,1.2007,0.1815
31,31,0,31,27,0.14,68.8,3.9,234,2026-09-23 06:25:00,PT5M,3.342,6.525,5.0172,1.6668,0.159
40,41,0,41,27,0.14,68.2,3.9,235,2026-09-23 06:30:00,PT5M,4.575,9.1325,6.9736,2.1764,0.0175
51,51,0,51,27,0.14,67.7,3.9,235,2026-09-23 06:35:00,PT5M,5.926,13.3735,9.8457,2.0063,0.0
63,63,0,63,27,0.14,67.1,3.9,235,2026-09-23 06:40:00,PT5M,7.327,16.544,12.178,2.476,0.0
75,75,0,75,28,0.14,66.6,3.9,236,2026-09-23 06:45:00,PT5M,8.898,19.89,14.6832,3.1128,0.0
89,89,0,89,28,0.14,66.0,3.9,236,2026-09-23 06:50:00,PT5M,10.669,23.4325,17.3865,3.9515,0.0
103,104,11,101,28,0.14,65.5,3.9,237,2026-09-23 06:55:00,PT5M,12.845,27.4185,20.5151,5.1749,0.0
119,119,33,110,28,0.14,65.0,3.9,237,2026-09-23 07:00:00,PT5M,15.672,32.1375,24.3379,7.0061,0.0
134,134,53,119,28,0.14,64.5,3.9,237,2026-09-23 07:05:00,PT5M,18.622,37.0775,28.3353,8.9087,0.1665
150,150,73,128,28,0.14,64.0,3.9,238,2026-09-23 07:10:00,PT5M,21.787,42.199,32.53,11.044,1.375
166,167,93,136,28,0.14,63.5,3.9,238,2026-09-23 07:15:00,PT5M,25.186,47.5645,36.964,13.408,2.8075
183,184,114,144,28,0.14,62.9,3.9,238,2026-09-23 07:20:00,PT5M,28.669,53.0145,41.4822,15.8558,4.3235
201,201,135,152,28,0.14,62.4,3.9,239,2026-09-23 07:25:00,PT5M,32.472,58.772,46.3139,18.6301,6.172
219,219,157,159,29,0.14,61.9,3.9,239,2026-09-23 07:30:00,PT5M,36.491,64.7375,51.3573,21.6247,8.2445
238,238,179,165,29,0.14,61.5,3.9,240,2026-09-23 07:35:00,PT5M,40.66,70.8615,56.5553,24.7647,10.4585
257,257,200,171,29,0.14,61.0,3.9,240,2026-09-23 07:40:00,PT5M,44.971,77.1925,61.9294,28.0126,12.7495
276,276,223,177,29,0.14,60.5,3.9,240,2026-09-23 07:45:00,PT5M,48.762,82.017,66.2643,31.2597,15.507
296,296,246,182,29,0.14,60.0,3.9,241,2026-09-23 07:50:00,PT5M,52.283,85.939,69.9964,34.5696,18.627
316,316,270,186,29,0.14,59.5,3.9,241,2026-09-23 07:55:00,PT5M,55.772,89.7635,73.662,37.882,21.7805
337,337,294,189,29,0.14,59.1,3.9,242,2026-09-23 08:00:00,PT5M,59.214,93.4705,77.2434,41.1846,24.9575
358,358,318,192,29,0.14,58.6,3.9,242,2026-09-23 08:05:00,PT5M,62.593,97.037,80.7211,44.4649,28.149
380,379,344,194,29,0.14,58.1,3.9,242,2026-09-23 08:10:00,PT5M,65.889,100.0,84.0695,47.7085,31.3455
402,401,369,195,30,0.14,57.7,3.9,243,2026-09-23 08:15:00,PT5M,69.055,100.0,87.2368,50.8732,34.509
424,423,396,196,30,0.14,57.2,3.9,243,2026-09-23 08:20:00,PT5M,72.128,100.0,90.2577,53.9983,37.681
447,445,422,195,30,0.14,56.8,3.9,244,2026-09-23 08:25:00,PT5M,75.06,100.0,93.0718,57.0482,40.837
469,468,449,194,30,0.14,56.3,3.9,244,2026-09-23 08:30:00,PT5M,77.894,100.0,95.7566,60.0314,43.9545
489,488,467,195,30,0.14,55.8,3.9,244,2026-09-23 08:35:00,PT5M,79.854,100.0,97.6182,62.0898,46.1015
506,504,475,199,30,0.14,55.1,4.0,243,2026-09-23 08:40:00,PT5M,80.966,100.0,98.6944,63.2376,47.2815
522,520,482,202,30,0.14,54.4,4.0,243,2026-09-23 08:45:00,PT5M,82.019,100.0,99.7358,64.3022,48.3565
538,536,489,206,30,0.14,53.8,4.0,242,2026-09-23 08:50:00,PT5M,83.021,100.0,100.0,65.3534,49.452
554,552,496,209,31,0.14,53.2,4.1,242,2026-09-23 08:55:00,PT5M,83.98,100.0,100.0,66.3677,50.516
570,567,503,212,31,0.14,52.5,4.1,241,2026-09-23 09:00:00,PT5M,84.896,100.0,100.0,67.3439,51.5465
586,583,512,214,31,0.14,51.9,4.2,241,2026-09-23 09:05:00,PT5M,85.912,100.0,100.0,68.4565,52.746
602,599,521,216,31,0.14,51.3,4.2,240,2026-09-23 09:10:00,PT5M,86.904,100.0,100.0,69.6701,54.159
617,615,529,217,31,0.14,50.7,4.2,240,2026-09-23 09:15:00,PT5M,87.855,100.0,100.0,70.8379,55.522
633,630,538,219,31,0.14,50.1,4.3,239,2026-09-23 09:20:00,PT5M,88.802,100.0,100.0,71.9962,56.8705
648,645,546,220,31,0.14,49.5,4.3,239,2026-09-23 09:25:00,PT5M,89.671,100.0,100.0,73.0715,58.1315
663,660,554,221,32,0.14,48.9,4.4,239,2026-09-23 09:30:00,PT5M,90.504,100.0,100.0,74.1051,59.3455
677,674,562,222,32,0.14,48.4,4.4,238,2026-09-23 09:35:00,PT5M,91.303,100.0,100.0,75.0988,60.5145
691,688,570,222,32,0.14,47.8,4.4,238,2026-09-23 09:40:00,PT5M,92.07,100.0,100.0,76.0547,61.6405
705,702,577,223,32,0.14,47.2,4.5,237,2026-09-23 09:45:00,PT5M,92.753,100.0,100.0,76.9162,62.6625
718,715,583,224,32,0.14,46.7,4.5,237,2026-09-23 09:50:00,PT5M,93.398,100.0,100.0,77.7322,63.6325
731,728,590,225,32,0.14,46.1,4.6,237,2026-09-23 09:55:00,PT5M,94.017,100.0,100.0,78.5159,64.5645
743,740,596,225,33,0.14,45.6,4.6,236,2026-09-23 10:00:00,PT5M,94.607,100.0,100.0,79.262,65.451
755,752,602,226,33,0.14,45.1,4.7,236,2026-09-23 10:05:00,PT5M,95.161,100.0,100.0,79.9634,66.285
767,764,608,226,33,0.14,44.5,4.7,235,2026-09-23 10:10:00,PT5M,95.677,100.0,100.0,80.6186,67.0655
778,775,613,227,33,0.14,44.0,4.8,235,2026-09-23 10:15:00,PT5M,96.168,100.0,100.0,81.2417,67.8075
789,785,618,227,33,0.14,43.5,4.8,235,2026-09-23 10:20:00,PT5M,96.634,100.0,100.0,81.8332,68.512
800,796,624,227,33,0.14,43.0,4.8,234,2026-09-23 10:25:00,PT5M,97.08,100.0,100.0,82.3987,69.185
810,806,629,227,33,0.14,42.5,4.9,234,2026-09-23 10:30:00,PT5M,97.504,100.0,100.0,82.9361,69.8245
819,815,633,228,34,0.14,42.0,4.9,234,2026-09-23 10:35:00,PT5M,97.841,100.0,100.0,83.3807,70.366
827,823,635,228,34,0.14,41.5,5.0,233,2026-09-23 10:40:00,PT5M,98.094,100.0,100.0,83.7353,70.812
835,831,638,229,34,0.14,41.0,5.0,233,2026-09-23 10:45:00,PT5M,98.324,100.0,100.0,84.0598,71.2215
842,838,640,230,34,0.14,40.5,5.1,233,2026-09-23 10:50:00,PT5M,98.53,100.0,100.0,84.3513,71.59
849,845,642,231,34,0.14,40.1,5.1,232,2026-09-23 10:55:00,PT5M,98.712,100.0,100.0,84.6075,71.913
855,851,644,231,34,0.14,39.6,5.2,232,2026-09-23 11:00:00,PT5M,98.865,100.0,100.0,84.8092,72.1585
861,857,646,232,34,0.14,39.2,5.2,232,2026-09-23 11:05:00,PT5M,98.998,100.0,100.0,85.0006,72.4025
866,862,647,233,35,0.14,38.7,5.3,231,2026-09-23 11:10:00,PT5M,99.108,100.0,100.0,85.1716,72.6285
871,866,648,234,35,0.14,38.2,5.3,231,2026-09-23 11:15:00,PT5M,99.197,100.0,100.0,85.3083,72.808
875,871,649,234,35,0.14,37.8,5.4,231,2026-09-23 11:20:00,PT5M,99.264,100.0,100.0,85.4084,72.938
879,874,650,235,35,0.14,37.4,5.4,231,2026-09-23 11:25:00,PT5M,99.312,100.0,100.0,85.4817,73.034
882,878,651,236,35,0.14,36.9,5.4,230,2026-09-23 11:30:00,PT5M,99.339,100.0,100.0,85.5261,73.094
882,877,645,240,35,0.14,36.8,5.5,230,2026-09-23 11:35:00,PT5M,99.083,100.0,100.0,85.2353,72.772
878,874,633,246,35,0.14,36.9,5.5,230,2026-09-23 11:40:00,PT5M,98.542,100.0,100.0,84.6059,72.063
874,870,621,253,35,0.14,37.0,5.6,230,2026-09-23 11:45:00,PT5M,97.981,100.0,100.0,83.9483,71.3185
869,865,610,260,35,0.14,37.1,5.6,230,2026-09-23 11:50:00,PT5M,97.399,100.0,100.0,83.2619,70.538
864,860,597,266,35,0.14,37.2,5.7,231,2026-09-23 11:55:00,PT5M,96.793,100.0,100.0,82.5435,69.7185
858,854,585,272,35,0.14,37.3,5.7,231,2026-09-23 12:00:00,PT5M,96.184,100.0,100.0,81.814,68.8805
852,848,574,278,35,0.14,37.4,5.8,231,2026-09-23 12:05:00,PT5M,95.656,100.0,100.0,81.1607,68.1145
846,842,563,283,35,0.14,37.5,5.8,231,2026-09-23 12:10:00,PT5M,95.12,100.0,100.0,80.4947,67.3315
839,835,552,287,35,0.14,37.6,5.8,231,2026-09-23 12:15:00,PT5M,94.557,100.0,100.0,79.7949,66.5085
831,828,542,292,35,0.14,37.7,5.9,231,2026-09-23 12:20:00,PT5M,93.968,100.0,100.0,79.0625,65.647
824,820,531,296,35,0.14,37.9,5.9,231,2026-09-23 12:25:00,PT5M,93.421,100.0,100.0,78.3657,64.8155
815,812,520,300,35,0.14,38.0,6.0,231,2026-09-23 12:30:00,PT5M,92.785,100.0,100.0,77.5745,63.8845
807,804,510,303,35,0.14,38.1,6.0,231,2026-09-23 12:35:00,PT5M,92.182,100.0,100.0,76.8351,63.0225
799,796,501,305,35,0.14,38.2,6.1,231,2026-09-23 12:40:00,PT5M,91.611,100.0,100.0,76.1452,62.2255
791,788,493,308,35,0.14,38.3,6.1,231,2026-09-23 12:45:00,PT5M,91.013,100.0,100.0,75.4217,61.389
782,779,484,310,35,0.14,38.4,6.2,231,2026-09-23 12:50:00,PT5M,90.38,100.0,100.0,74.6484,60.4895
773,770,476,311,35,0.14,38.5,6.2,231,2026-09-23 12:55:00,PT5M,89.721,100.0,100.0,73.8455,59.557
763,761,467,313,35,0.14,38.6,6.2,231,2026-09-23 13:00:00,PT5M,89.05,100.0,100.0,73.0397,58.63
753,751,457,315,35,0.14,38.7,6.3,232,2026-09-23 13:05:00,PT5M,88.336,100.0,100.0,72.1886,57.6555
743,740,447,317,35,0.14,38.9,6.3,232,2026-09-23 13:10:00,PT5M,87.554,100.0,100.0,71.249,56.574
732,729,437,319,35,0.14,39.0,6.4,232,2026-09-23 13:15:00,PT5M,86.736,100.0,100.0,70.2668,55.444
721,718,427,320,35,0.14,39.1,6.4,232,2026-09-23 13:20:00,PT5M,85.883,100.0,100.0,69.2446,54.2695
709,707,417,321,34,0.14,39.2,6.5,232,2026-09-23 13:25:00,PT5M,84.997,100.0,100.0,68.1862,53.056
698,695,407,322,34,0.14,39.3,6.5,232,2026-09-23 13:30:00,PT5M,84.079,100.0,100.0,67.0932,51.8055
685,682,395,324,34,0.14,39.4,6.6,232,2026-09-23 13:35:00,PT5M,83.005,100.0,100.0,65.8313,50.3745
670,668,382,325,34,0.14,39.5,6.6,232,2026-09-23 13:40:00,PT5M,81.779,100.0,99.1527,64.4053,48.7685
656,654,369,326,34,0.14,39.6,6.6,232,2026-09-23 13:45:00,PT5M,80.517,100.0,98.0928,62.9412,47.1225
642,640,355,327,34,0.14,39.8,6.7,232,2026-09-23 13:50:00,PT5M,79.217,100.0,96.9972,61.4368,45.434
627,625,342,327,34,0.14,39.9,6.7,232,2026-09-23 13:55:00,PT5M,77.825,100.0,95.8121,59.8379,43.649
612,610,330,327,34,0.14,40.0,6.8,232,2026-09-23 14:00:00,PT5M,76.455,100.0,94.651,58.259,41.882
597,596,317,327,34,0.14,40.1,6.8,232,2026-09-23 14:05:00,PT5M,75.053,100.0,93.4609,56.6451,40.0775
582,581,305,326,34,0.14,40.2,6.9,232,2026-09-23 14:10:00,PT5M,73.624,100.0,92.245,55.003,38.2435
567,566,293,324,34,0.14,40.3,6.9,232,2026-09-23 14:15:00,PT5M,72.159,100.0,90.9945,53.3235,36.371
552,551,281,322,34,0.14,40.5,6.9,232,2026-09-23 14:20:00,PT5M,70.628,100.0,89.6811,51.5749,34.4265
536,535,269,320,34,0.14,40.6,7.0,232,2026-09-23 14:25:00,PT5M,69.04,100.0,88.3128,49.7672,32.421
520,520,257,317,34,0.14,40.7,7.0,232,2026-09-23 14:30:00,PT5M,67.416,100.0,86.9091,47.9229,30.3785
506,506,248,314,34,0.14,40.9,7.0,232,2026-09-23 14:35:00,PT5M,66.024,100.0,85.7118,46.3362,28.6165
494,493,242,309,34,0.14,41.3,7.0,232,2026-09-23 14:40:00,PT5M,64.864,100.0,84.7231,45.0049,27.131
481,480,236,304,34,0.14,41.7,7.0,232,2026-09-23 14:45:00,PT5M,63.67,100.0,83.7028,43.6372,25.607
468,467,230,299,34,0.14,42.0,7.0,232,2026-09-23 14:50:00,PT5M,62.44,100.0,82.5894,42.2906,24.1555
454,454,223,294,33,0.14,42.4,6.9,231,2026-09-23 14:55:00,PT5M,61.174,99.5285,81.3602,40.9878,22.8195
441,441,217,289,33,0.14,42.8,6.9,231,2026-09-23 15:00:00,PT5M,59.953,98.359,80.1664,39.7396,21.547
428,428,211,284,33,0.14,43.2,6.9,231,2026-09-23 15:05:00,PT5M,58.626,97.0285,78.8375,38.4145,20.2235
414,414,202,279,33,0.14,43.6,6.8,230,2026-09-23 15:10:00,PT5M,57.163,95.504,77.3421,36.9839,18.822
401,400,194,274,33,0.14,43.9,6.8,230,2026-09-23 15:15:00,PT5M,55.646,93.8995,75.7791,35.5129,17.3925
387,386,186,268,33,0.14,44.3,6.8,230,2026-09-23 15:20:00,PT5M,54.06,92.1385,74.101,34.019,15.9815
372,372,177,263,33,0.14,44.7,6.8,229,2026-09-23 15:25:00,PT5M,52.409,90.337,72.3708,32.4472,14.481
358,358,168,257,33,0.14,45.1,6.7,229,2026-09-23 15:30:00,PT5M,50.69,88.426,70.5507,30.8293,12.954
344,344,159,251,32,0.14,45.5,6.7,229,2026-09-23 15:35:00,PT5M,48.901,86.396,68.6349,29.1671,11.406
330,330,150,244,32,0.14,45.9,6.7,229,2026-09-23 15:40:00,PT5M,47.046,84.2255,66.6138,27.4782,9.8665
315,315,141,238,32,0.14,46.4,6.6,228,2026-09-23 15:45:00,PT5M,45.122,81.8745,64.4651,25.7789,8.3695
300,301,131,231,32,0.14,46.8,6.6,228,2026-09-23 15:50:00,PT5M,43.112,79.3465,62.1825,24.0415,6.8775
286,286,121,224,32,0.14,47.2,6.6,228,2026-09-23 15:55:00,PT5M,41.019,76.6485,59.7711,22.2669,5.3895
271,271,111,217,32,0.14,47.6,6.6,227,2026-09-23 16:00:00,PT5M,38.849,73.7935,57.2405,20.4575,3.9045
257,257,102,209,32,0.14,48.0,6.5,227,2026-09-23 16:05:00,PT5M,36.985,71.256,55.0221,18.9479,2.714
243,243,95,200,31,0.14,48.5,6.5,227,2026-09-23 16:10:00,PT5M,34.991,68.6185,52.6894,17.2926,1.3635
229,229,87,191,31,0.14,48.9,6.5,226,2026-09-23 16:15:00,PT5M,32.945,65.881,50.2795,15.6105,0.009
215,215,79,183,31,0.14,49.4,6.5,226,2026-09-23 16:20:00,PT5M,30.779,61.8035,47.1074,14.4506,0.0
201,202,71,174,31,0.14,49.8,6.4,226,2026-09-23 16:25:00,PT5M,28.509,57.428,43.7293,13.2887,0.0
188,188,63,165,31,0.14,50.3,6.4,225,2026-09-23 16:30:00,PT5M,26.219,53.0255,40.3275,12.1105,0.0
174,175,54,155,31,0.14,50.7,6.4,225,2026-09-23 16:35:00,PT5M,23.937,48.689,36.9642,10.9098,0.0
161,161,45,146,31,0.14,51.2,6.3,225,2026-09-23 16:40:00,PT5M,21.68,44.384,33.6293,9.7307,0.0
147,148,36,137,31,0.14,51.6,6.3,224,2026-09-23 16:45:00,PT5M,19.434,40.1005,30.3109,8.5571,0.0
134,135,26,127,30,0.14,52.1,6.3,224,2026-09-23 16:50:00,PT5M,17.346,35.998,27.1627,7.5293,0.0
121,122,16,117,30,0.14,52.6,6.3,224,2026-09-23 16:55:00,PT5M,15.195,31.87,23.9712,6.4188,0.0
108,109,4,108,30,0.14,53.0,6.2,223,2026-09-23 17:00:00,PT5M,13.078,27.8425,20.8487,5.3073,0.0
95,96,0,96,30,0.14,53.5,6.2,223,2026-09-23 17:05:00,PT5M,11.357,24.315,18.1769,4.5371,0.0
83,83,0,83,30,0.14,54.0,6.2,223,2026-09-23 17:10:00,PT5M,9.808,21.038,15.7184,3.8976,0.0
71,71,0,71,30,0.14,54.5,6.2,222,2026-09-23 17:15:00,PT5M,8.271,17.8055,13.2891,3.2529,0.0
59,60,0,60,30,0.14,55.0,6.2,222,2026-09-23 17:20:00,PT5M,6.904,14.755,11.036,2.772,0.0
49,49,0,49,29,0.14,55.5,6.1,222,2026-09-23 17:25:00,PT5M,5.609,11.819,8.8774,2.3406,0.0
39,39,0,39,29,0.14,56.0,6.1,221,2026-09-23 17:30:00,PT5M,4.308,8.987,6.7706,1.8454,0.0
30,30,0,30,29,0.14,56.4,6.1,221,2026-09-23 17:35:00,PT5M,3.157,6.483,4.9075,1.4065,0.0
22,22,0,22,29,0.14,56.6,6.1,221,2026-09-23 17:40:00,PT5M,2.156,4.368,3.3202,0.9918,0.0
15,15,0,15,29,0.14,56.8,6.1,222,2026-09-23 17:45:00,PT5M,1.248,2.55,1.9333,0.5627,0.0
8,8,0,8,29,0.14,57.0,6.1,222,2026-09-23 17:50:00,PT5M,0.432,1.0445,0.7544,0.1096,0.0
3,3,0,3,29,0.14,57.2,6.1,222,2026-09-23 17:55:00,PT5M,0.0,0.0135,0.0071,0.0,0.0
0,0,0,0,29,0.14,57.5,6.1,223,2026-09-23 18:00:00,PT5M,0.0,0.0,0.0,0.0,0.0
0,0,0,0,29,0.14,57.7,6.1,223,2026-09-23 18:05:00,PT5M,0.0,0.0,0.0,0.0,0.0
0,0,0,0,29,0.14,57.9,6.1,223,2026-09-23 18:10:00,PT5M,0.0,0.0,0.0,0.0,0.0
0,0,0,0,29,0.14,58.1,6.1,223,2026-09-23 18:15:00,PT5M,0.0,0.0,0.0,0.0,0.0
0,0,0,0,29,0.14,58.3,6.1,224,2026-09-23 18:20:00,PT5M,0.0,0.0,0.0,0.0,0.0
0,0,0,0,29,0.14,58.6,6.1,224,2026-09-23 18:25:00,PT5M,0.0,0.0,0.0,0.0,0.0
0,0,0,0,29,0.14,58.8,6.1,224,2026-09-23 18:30:00,PT5M,0.0,0.0,0.0,0.0,0.0
0,0,0,0,29,0.14,59.0,6.2,224,2026-09-23 18:35:00,PT5M,0.0,0.0,0.0,0.0,0.0
0,0,0,0,29,0.14,59.2,6.2,225,2026-09-23 18:40:00,PT5M,0.0,0.0,0.0,0.0,0.0
0,0,0,0,29,0.14,59.5,6.2,225,2026-09-23 18:45:00,PT5M,0.0,0.0,0.0,0.0,0.0
0,0,0,0,29,0.14,59.7,6.2,225,2026-09-23 18:50:00,PT5M,0.0,0.0,0.0,0.0,0.0
0,0,0,0,29,0.14,59.9,6.2,226,2026-09-23 18:55:00,PT5M,0.0,0.0,0.0,0.0,0.0
0,0,0,0,29,0.14,60.1,6.2,226,2026-09-23 19:00:00,PT5M,0.0,0.0,0.0,0.0,0.0
0,0,0,0,29,0.14,60.4,6.2,226,2026-09-23 19:05:00,PT5M,0.0,0.0,0.0,0.0,0.0
0,0,0,0,28,0.14,60.6,6.2,226,2026-09-23 19:10:00,PT5M,0.0,0.0,0.0,0.0,0.0
0,0,0,0,28,0.14,60.8,6.2,227,2026-09-23 19:15:00,PT5M,0.0,0.0,0.0,0.0,0.0
0,0,0,0,28,0.14,61.1,6.2,227,2026-09-23 19:20:00,PT5M,0.0,0.0,0.0,0.0,0.0
0,0,0,0,28,0.14,61.3,6.2,227,2026-09-23 19:25:00,PT5M,0.0,0.0,0.0,0.0,0.0
0,0,0,0,28,0.14,61.5,6.2,227,2026-09-23 19:30:00,PT5M,0.0,0.0,0.0,0.0,0.0
0,0,0,0,28,0.14,61.8,6.2,228,2026-09-23 19:35:00,PT5M,0.0,0.0,0.0,0.0,0.0
0,0,0,0,28,0.14,62.0,6.2,228,2026-09-23 19:40:00,PT5M,0.0,0.0,0.0,0.0,0.0
0,0,0,0,28,0.14,62.2,6.2,228,2026-09-23 19:45:00,PT5M,0.0,0.0,0.0,0.0,0.0
0,0,0,0,28,0.14,62.5,6.3,229,2026-09-23 19:50:00,PT5M,0.0,0.0,0.0,0.0,0.0
0,0,0,0,28,0.14,62.7,6.3,229,2026-09-23 19:55:00,PT5M,0.0,0.0,0.0,0.0,0.0
0,0,0,0,28,0.14,62.9,6.3,229,2026-09-23 20:00:00,PT5M,0.0,0.0,0.0,0.0,0.0
0,0,0,0,28,0.14,63.2,6.3,229,2026-09-23 20:05:00,PT5M,0.0,0.0,0.0,0.0,0.0
0,0,0,0,28,0.14,63.4,6.3,230,2026-09-23 20:10:00,PT5M,0.0,0.0,0.0,0.0,0.0
0,0,0,0,28,0.14,63.7,6.3,230,2026-09-23 20:15:00,PT5M,0.0,0.0,0.0,0.0,0.0
0,0,0,0,28,0.14,63.9,6.3,230,2026-09-23 20:20:00,PT5M,0.0,0.0,0.0,0.0,0.0
0,0,0,0,28,0.14,64.2,6.3,230,2026-09-23 20:25:00,PT5M,0.0,0.0,0.0,0.0,0.0
0,0,0,0,28,0.14,64.4,6.3,231,2026-09-23 20:30:00,PT5M,0.0,0.0,0.0,0.0,0.0
0,0,0,0,28,0.14,64.5,6.3,231,2026-09-23 20:35:00,PT5M,0.0,0.0,0.0,0.0,0.0
0,0,0,0,28,0.14,64.5,6.3,231,2026-09-23 20:40:00,PT5M,0.0,0.0,0.0,0.0,0.0
0,0,0,0,28,0.14,64.5,6.3,231,2026-09-23 20:45:00,PT5M,0.0,0.0,0.0,0.0,0.0
0,0,0,0,28,0.14,64.5,6.3,230,2026-09-23 20:50:00,PT5M,0.0,0.0,0.0,0.0,0.0
0,0,0,0,28,0.14,64.5,6.3,230,2026-09-23 20:55:00,PT5M,0.0,0.0,0.0,0.0,0.0
0,0,0,0,28,0.14,64.5,6.3,230,2026-09-23 21:00:00,PT5M,0.0,0.0,0.0,0.0,0.0
0,0,0,0,28,0.14,64.5,6.3,230,2026-09-23 21:05:00,PT5M,0.0,0.0,0.0,0.0,0.0
0,0,0,0,28,0.14,64.5,6.2,230,2026-09-23 21:10:00,PT5M,0.0,0.0,0.0,0.0,0.0
0,0,0,0,28,0.14,64.5,6.2,230,2026-09-23 21:15:00,PT5M,0.0,0.0,0.0,0.0,0.0
0,0,0,0,28,0.14,64.5,6.2,230,2026-09-23 21:20:00,PT5M,0.0,0.0,0.0,0.0,0.0
0,0,0,0,28,0.14,64.5,6.2,230,2026-09-23 21:25:00,PT5M,0.0,0.0,0.0,0.0,0.0
0,0,0,0,28,0.14,64.5,6.2,230,2026-09-23 21:30:00,PT5M,0.0,0.0,0.0,0.0,0.0
0,0,0,0,28,0.14,64.5,6.2,230,2026-09-23 21:35:00,PT5M,0.0,0.0,0.0,0.0,0.0
0,0,0,0,28,0.14,64.5,6.2,230,2026-09-23 21:40:00,PT5M,0.0,0.0,0.0,0.0,0.0
0,0,0,0,28,0.14,64.5,6.2,230,2026-09-23 21:45:00,PT5M,0.0,0.0,0.0,0.0,0.0
0,0,0,0,28,0.14,64.5,6.2,230,2026-09-23 21:50:00,PT5M,0.0,0.0,0.0,0.0,0.0
0,0,0,0,28,0.14,64.5,6.1,229,2026-09-23 21:55:00,PT5M,0.0,0.0,0.0,0.0,0.0
0,0,0,0,28,0.14,64.5,6.1,229,2026-09-23 22:00:00,PT5M,0.0,0.0,0.0,0.0,0.0
0,0,0,0,28,0.14,64.5,6.1,229,2026-09-23 22:05:00,PT5M,0.0,0.0,0.0,0.0,0.0
0,0,0,0,28,0.14,64.5,6.1,229,2026-09-23 22:10:00,PT5M,0.0,0.0,0.0,0.0,0.0
0,0,0,0,28,0.14,64.5,6.1,229,2026-09-23 22:15:00,PT5M,0.0,0.0,0.0,0.0,0.0
0,0,0,0,28,0.14,64.5,6.1,229,2026-09-23 22:20:00,PT5M,0.0,0.0,0.0,0.0,0.0
0,0,0,0,28,0.14,64.5,6.1,229,2026-09-23 22:25:00,PT5M,0.0,0.0,0.0,0.0,0.0
0,0,0,0,28,0.14,64.5,6.1,229,2026-09-23 22:30:00,PT5M,0.0,0.0,0.0,0.0,0.0
0,0,0,0,28,0.14,64.5,6.1,229,2026-09-23 22:35:00,PT5M,0.0,0.0,0.0,0.0,0.0
0,0,0,0,28,0.14,64.5,6.1,229,2026-09-23 22:40:00,PT5M,0.0,0.0,0.0,0.0,0.0
0,0,0,0,28,0.14,64.5,6.0,229,2026-09-23 22:45:00,PT5M,0.0,0.0,0.0,0.0,0.0
0,0,0,0,28,0.14,64.5,6.0,228,2026-09-23 22:50:00,PT5M,0.0,0.0,0.0,0.0,0.0
0,0,0,0,28,0.14,64.5,6.0,228,2026-09-23 22:55:00,PT5M,0.0,0.0,0.0,0.0,0.0
0,0,0,0,28,0.14,64.5,6.0,228,2026-09-23 23:00:00,PT5M,0.0,0.0,0.0,0.0,0.0
0,0,0,0,28,0.14,64.5,6.0,228,2026-09-23 23:05:00,PT5M,0.0,0.0,0.0,0.0,0.0
0,0,0,0,28,0.14,64.5,6.0,228,2026-09-23 23:10:00,PT5M,0.0,0.0,0.0,0.0,0.0
0,0,0,0,28,0.14,64.5,6.0,228,2026-09-23 23:15:00,PT5M,0.0,0.0,0.0,0.0,0.0
0,0,0,0,28,0.14,64.5,6.0,228,2026-09-23 23:20:00,PT5M,0.0,0.0,0.0,0.0,0.0
0,0,0,0,28,0.14,64.5,6.0,228,2026-09-23 23:25:00,PT5M,0.0,0.0,0.0,0.0,0.0
0,0,0,0,28,0.14,64.5,6.0,228,2026-09-23 23:30:00,PT5M,0.0,0.0,0.0,0.0,0.0
0,0,0,0,28,0.14,64.5,5.9,228,2026-09-23 23:35:00,PT5M,0.0,0.0,0.0,0.0,0.0
0,0,0,0,28,0.14,64.6,5.9,228,2026-09-23 23:40:00,PT5M,0.0,0.0,0.0,0.0,0.0
0,0,0,0,28,0.14,64.6,5.9,228,2026-09-23 23:45:00,PT5M,0.0,0.0,0.0,0.0,0.0
0,0,0,0,28,0.14,64.6,5.9,228,2026-09-23 23:50:00,PT5M,0.0,0.0,0.0,0.0,0.0
0,0,0,0,28,0.14,64.7,5.9,228,2026-09-23 23:55:00,PT5M,0.0,0.0,0.0,0.0,0.0
0,0,0,0,28,0.14,64.7,5.9,228,2026-09-24 00:00:00,PT5M,0.0,0.0,0.0,0.0,0.0
0,0,0,0,28,0.14,64.8,5.8,228,2026-09-24 00:05:00,PT5M,0.0,0.0,0.0,0.0,0.0
0,0,0,0,28,0.14,64.8,5.8,228,2026-09-24 00:10:00,PT5M,0.0,0.0,0.0,0.0,0.0
0,0,0,0,28,0.14,64.9,5.8,228,2026-09-24 00:15:00,PT5M,0.0,0.0,0.0,0.0,0.0
0,0,0,0,28,0.14,64.9,5.8,229,2026-09-24 00:20:00,PT5M,0.0,0.0,0.0,0.0,0.0
0,0,0,0,28,0.14,64.9,5.8,229,2026-09-24 00:25:00,PT5M,0.0,0.0,0.0,0.0,0.0
0,0,0,0,28,0.14,65.0,5.8,229,2026-09-24 00:30:00,PT5M,0.0,0.0,0.0,0.0,0.0
0,0,0,0,28,0.14,65.0,5.8,229,2026-09-24 00:35:00,PT5M,0.0,0.0,0.0,0.0,0.0
0,0,0,0,28,0.14,65.1,5.7,229,2026-09-24 00:40:00,PT5M,0.0,0.0,0.0,0.0,0.0
0,0,0,0,28,0.14,65.1,5.7,229,2026-09-24 00:45:00,PT5M,0.0,0.0,0.0,0.0,0.0
0,0,0,0,27,0.14,65.1,5.7,229,2026-09-24 00:50:00,PT5M,0.0,0.0,0.0,0.0,0.0
0,0,0,0,27,0.14,65.2,5.7,229,2026-09-24 00:55:00,PT5M,0.0,0.0,0.0,0.0,0.0
0,0,0,0,27,0.14,65.2,5.7,229,2026-09-24 01:00:00,PT5M,0.0,0.0,0.0,0.0,0.0
0,0,0,0,27,0.14,65.3,5.7,229,2026-09-24 01:05:00,PT5M,0.0,0.0,0.0,0.0,0.0
0,0,0,0,27,0.14,65.3,5.7,229,2026-09-24 01:10:00,PT5M,0.0,0.0,0.0,0.0,0.0
0,0,0,0,27,0.14,65.3,5.6,230,2026-09-24 01:15:00,PT5M,0.0,0.0,0.0,0.0,0.0
0,0,0,0,27,0.14,65.4,5.6,230,2026-09-24 01:20:00,PT5M,0.0,0.0,0.0,0.0,0.0
0,0,0,0,27,0.14,65.4,5.6,230,2026-09-24 01:25:00,PT5M,0.0,0.0,0.0,0.0,0.0
0,0,0,0,27,0.14,65.5,5.6,230,2026-09-24 01:30:00,PT5M,0.0,0.0,0.0,0.0,0.0
0,0,0,0,27,0.14,65.5,5.6,230,2026-09-24 01:35:00,PT5M,0.0,0.0,0.0,0.0,0.0
0,0,0,0,27,0.14,65.6,5.6,230,2026-09-24 01:40:00,PT5M,0.0,0.0,0.0,0.0,0.0
0,0,0,0,27,0.14,65.6,5.5,230,2026-09-24 01:45:00,PT5M,0.0,0.0,0.0,0.0,0.0
0,0,0,0,27,0.14,65.6,5.5,230,2026-09-24 01:50:00,PT5M,0.0,0.0,0.0,0.0,0.0
0,0,0,0,27,0.14,65.7,5.5,230,2026-09-24 01:55:00,PT5M,0.0,0.0,0.0,0.0,0.0
0,0,0,0,27,0.14,65.7,5.5,230,2026-09-24 02:00:00,PT5M,0.0,0.0,0.0,0.0,0.0
0,0,0,0,27,0.14,65.8,5.5,230,2026-09-24 02:05:00,PT5M,0.0,0.0,0.0,0.0,0.0
0,0,0,0,27,0.14,65.8,5.5,231,2026-09-24 02:10:00,PT5M,0.0,0.0,0.0,0.0,0.0
0,0,0,0,27,0.14,65.8,5.5,231,2026-09-24 02:15:00,PT5M,0.0,0.0,0.0,0.0,0.0
0,0,0,0,27,0.14,65.9,5.4,231,2026-09-24 02:20:00,PT5M,0.0,0.0,0.0,0.0,0.0
0,0,0,0,27,0.14,65.9,5.4,231,2026-09-24 02:25:00,PT5M,0.0,0.0,0.0,0.0,0.0
0,0,0,0,27,0.14,66.0,5.4,231,2026-09-24 02:30:00,PT5M,0.0,0.0,0.0,0.0,0.0
0,0,0,0,27,0.14,66.1,5.4,231,2026-09-24 02:35:00,PT5M,0.0,0.0,0.0,0.0,0.0
0,0,0,0,27,0.14,66.2,5.4,231,2026-09-24 02:40:00,PT5M,0.0,0.0,0.0,0.0,0.0
0,0,0,0,27,0.14,66.3,5.4,231,2026-09-24 02:45:00,PT5M,0.0,0.0,0.0,0.0,0.0
0,0,0,0,27,0.14,66.4,5.4,231,2026-09-24 02:50:00,PT5M,0.0,0.0,0.0,0.0,0.0
0,0,0,0,27,0.14,66.5,5.4,231,2026-09-24 02:55:00,PT5M,0.0,0.0,0.0,0.0,0.0
0,0,0,0,27,0.14,66.7,5.4,231,2026-09-24 03:00:00,PT5M,0.0,0.0,0.0,0.0,0.0
0,0,0,0,27,0.14,66.8,5.4,231,2026-09-24 03:05:00,PT5M,0.0,0.0,0.0,0.0,0.0
0,0,0,0,27,0.14,66.9,5.4,231,2026-09-24 03:10:00,PT5M,0.0,0.0,0.0,0.0,0.0
0,0,0,0,27,0.14,67.0,5.4,230,2026-09-24 03:15:00,PT5M,0.0,0.0,0.0,0.0,0.0
0,0,0,0,27,0.14,67.2,5.4,230,2026-09-24 03:20:00,PT5M,0.0,0.0,0.0,0.0,0.0
0,0,0,0,27,0.14,67.3,5.4,230,2026-09-24 03:25:00,PT5M,0.0,0.0,0.0,0.0,0.0
0,0,0,0,27,0.14,67.4,5.4,230,2026-09-24 03:30:00,PT5M,0.0,0.0,0.0,0.0,0.0
0,0,0,0,27,0.14,67.5,5.4,230,2026-09-24 03:35:00,PT5M,0.0,0.0,0.0,0.0,0.0
0,0,0,0,27,0.14,67.7,5.4,230,2026-09-24 03:40:00,PT5M,0.0,0.0,0.0,0.0,0.0
0,0,0,0,27,0.14,67.8,5.4,230,2026-09-24 03:45:00,PT5M,0.0,0.0,0.0,0.0,0.0
0,0,0,0,27,0.14,67.9,5.4,230,2026-09-24 03:50:00,PT5M,0.0,0.0,0.0,0.0,0.0
0,0,0,0,27,0.14,68.0,5.4,230,2026-09-24 03:55:00,PT5M,0.0,0.0,0.0,0.0,0.0
0,0,0,0,27,0.14,68.2,5.4,230,2026-09-24 04:00:00,PT5M,0.0,0.0,0.0,0.0,0.0
0,0,0,0,27,0.14,68.3,5.4,230,2026-09-24 04:05:00,PT5M,0.0,0.0,0.0,0.0,0.0
0,0,0,0,27,0.14,68.4,5.4,230,2026-09-24 04:10:00,PT5M,0.0,0.0,0.0,0.0,0.0
0,0,0,0,27,0.14,68.5,5.4,230,2026-09-24 04:15:00,PT5M,0.0,0.0,0.0,0.0,0.0
0,0,0,0,27,0.14,68.7,5.4,230,2026-09-24 04:20:00,PT5M,0.0,0.0,0.0,0.0,0.0
0,0,0,0,27,0.14,68.8,5.4,230,2026-09-24 04:25:00,PT5M,0.0,0.0,0.0,0.0,0.0
0,0,0,0,27,0.14,68.9,5.4,230,2026-09-24 04:30:00,PT5M,0.0,0.0,0.0,0.0,0.0
0,0,0,0,27,0.14,69.0,5.4,229,2026-09-24 04:35:00,PT5M,0.0,0.0,0.0,0.0,0.0
0,0,0,0,27,0.14,69.2,5.4,229,2026-09-24 04:40:00,PT5M,0.0,0.0,0.0,0.0,0.0
0,0,0,0,27,0.14,69.3,5.4,229,2026-09-24 04:45:00,PT5M,0.0,0.0,0.0,0.0,0.0
0,0,0,0,27,0.14,69.4,5.4,229,2026-09-24 04:50:00,PT5M,0.0,0.0,0.0,0.0,0.0
0,0,0,0,27,0.14,69.6,5.4,229,2026-09-24 04:55:00,PT5M,0.0,0.0,0.0,0.0,0.0
0,0,0,0,27,0.14,69.7,5.4,229,2026-09-24 05:00:00,PT5M,0.0,0.0,0.0,0.0,0.0
0,0,0,0,27,0.14,69.8,5.4,229,2026-09-24 05:05:00,PT5M,0.0,0.0,0.0,0.0,0.0
0,0,0,0,27,0.14,69.9,5.4,229,2026-09-24 05:10:00,PT5M,0.0,0.0,0.0,0.0,0.0
0,0,0,0,27,0.14,70.1,5.5,229,2026-09-24 05:15:00,PT5M,0.0,0.0,0.0,0.0,0.0
0,0,0,0,27,0.14,70.2,5.5,229,2026-09-24 05:20:00,PT5M,0.0,0.0,0.0,0.0,0.0
0,0,0,0,27,0.14,70.3,5.5,229,2026-09-24 05:25:00,PT5M,0.0,0.0,0.0,0.0,0.0
0,0,0,0,27,0.14,70.5,5.5,229,2026-09-24 05:30:00,PT5M,0.0,0.0,0.0,0.0,0.0
0,0,0,0,27,0.14,70.3,5.5,229,2026-09-24 05:35:00,PT5M,0.0,0.0,0.0,0.0,0.0
0,0,0,0,27,0.14,69.8,5.5,229,2026-09-24 05:40:00,PT5M,0.0,0.0,0.0,0.0,0.0
0,0,0,0,27,0.14,69.3,5.5,229,2026-09-24 05:45:00,PT5M,0.0,0.0,0.0,0.0,0.0
0,0,0,0,27,0.14,68.9,5.6,229,2026-09-24 05:50:00,PT5M,0.0,0.0,0.0,0.0,0.0
0,0,0,0,27,0.14,68.4,5.6,230,2026-09-24 05:55:00,PT5M,0.0,0.0,0.0,0.0,0.0
1,1,0,1,27,0.14,68.0,5.6,230,2026-09-24 06:00:00,PT5M,0.0,0.0,0.0,0.0,0.0
5,5,0,5,27,0.14,67.5,5.7,230,2026-09-24 06:05:00,PT5M,0.035,0.3615,0.2068,0.0,0.0
11,11,0,11,27,0.14,67.1,5.7,230,2026-09-24 06:10:00,PT5M,0.79,1.8085,1.326,0.254,0.0
18,18,0,18,28,0.14,66.6,5.7,230,2026-09-24 06:15:00,PT5M,1.644,3.6695,2.71,0.578,0.0
25,25,0,25,28,0.14,66.2,5.8,230,2026-09-24 06:20:00,PT5M,2.589,5.995,4.3816,0.7964,0.0
34,34,0,34,28,0.14,65.7,5.8,231,2026-09-24 06:25:00,PT5M,3.645,8.444,6.1707,1.1193,0.0
43,43,0,43,28,0.14,65.3,5.8,231,2026-09-24 06:30:00,PT5M,4.921,11.3385,8.2986,1.5434,0.0
54,54,0,54,28,0.14,64.8,5.9,231,2026-09-24 06:35:00,PT5M,6.292,14.454,10.5877,1.9963,0.0
66,66,0,66,28,0.14,64.4,5.9,231,2026-09-24 06:40:00,PT5M,7.695,17.6465,12.9325,2.4575,0.0
78,78,0,78,28,0.14,64.0,5.9,231,2026-09-24 06:45:00,PT5M,9.262,20.9975,15.4385,3.0855,0.0
92,92,0,92,28,0.14,63.6,6.0,231,2026-09-24 06:50:00,PT5M,11.013,24.5295,18.1268,3.8992,0.0
106,106,17,102,28,0.14,63.1,6.0,231,2026-09-24 06:55:00,PT5M,13.429,28.75,21.4926,5.3654,0.0
121,121,37,112,28,0.14,62.7,6.0,232,2026-09-24 07:00:00,PT5M,16.127,33.331,25.1816,7.0724,0.0
136,137,55,121,29,0.14,62.3,6.1,232,2026-09-24 07:05:00,PT5M,19.011,38.2115,29.1164,8.9056,0.0
152,153,75,130,29,0.14,61.9,6.1,232,2026-09-24 07:10:00,PT5M,22.198,43.471,33.3941,11.0019,0.925
169,169,95,138,29,0.14,61.5,6.1,232,2026-09-24 07:15:00,PT5M,25.497,48.8555,37.7907,13.2033,2.1385
186,186,116,146,29,0.14,61.1,6.2,232,2026-09-24 07:20:00,PT5M,29.094,54.5835,42.5093,15.6787,3.6045
204,204,137,154,29,0.14,60.7,6.2,232,2026-09-24 07:25:00,PT5M,32.887,60.451,47.3941,18.3799,5.323
222,222,158,161,29,0.14,60.3,6.2,233,2026-09-24 07:30:00,PT5M,36.882,66.5475,52.4952,21.2688,7.2165
241,241,179,168,29,0.14,59.9,6.3,233,2026-09-24 07:35:00,PT5M,41.012,72.767,57.7249,24.2991,9.257
260,259,200,174,29,0.14,59.5,6.3,233,2026-09-24 07:40:00,PT5M,45.269,79.1705,63.1116,27.4264,11.3675
279,279,222,180,29,0.14,59.1,6.3,233,2026-09-24 07:45:00,PT5M,48.955,83.9565,67.3765,30.5335,13.9535
299,298,244,185,29,0.14,58.7,6.4,233,2026-09-24 07:50:00,PT5M,52.397,87.929,71.0977,33.6963,16.865
319,318,267,189,30,0.14,58.3,6.4,233,2026-09-24 07:55:00,PT5M,55.799,91.793,74.7429,36.8551,19.805
339,339,290,193,30,0.14,57.9,6.4,233,2026-09-24 08:00:00,PT5M,59.147,95.528,78.2946,39.9994,22.766
360,359,314,196,30,0.14,57.5,6.5,233,2026-09-24 08:05:00,PT5M,62.453,99.1635,81.774,43.132,25.7425
382,381,338,198,30,0.14,57.2,6.5,234,2026-09-24 08:10:00,PT5M,65.696,100.0,85.1559,46.2361,28.7215
404,402,364,200,30,0.14,56.8,6.5,234,2026-09-24 08:15:00,PT5M,68.831,100.0,88.3759,49.2861,31.695
426,424,389,200,30,0.14,56.4,6.6,234,2026-09-24 08:20:00,PT5M,71.809,100.0,91.3826,52.2354,34.6185
448,446,415,200,30,0.14,56.0,6.6,234,2026-09-24 08:25:00,PT5M,74.673,100.0,94.2124,55.1336,37.5475
470,468,441,200,30,0.14,55.7,6.6,234,2026-09-24 08:30:00,PT5M,77.436,100.0,96.9078,57.9642,40.439
490,488,459,200,30,0.14,55.2,6.7,234,2026-09-24 08:35:00,PT5M,79.474,100.0,98.9118,60.0362,42.5415
508,506,470,203,31,0.14,54.6,6.7,234,2026-09-24 08:40:00,PT5M,80.807,100.0,100.0,61.3586,43.8545
525,523,480,206,31,0.14,54.0,6.7,235,2026-09-24 08:45:00,PT5M,82.073,100.0,100.0,62.6244,45.12
542,540,490,208,31,0.14,53.4,6.7,235,2026-09-24 08:50:00,PT5M,83.281,100.0,100.0,63.8129,46.291
559,556,500,211,31,0.14,52.8,6.7,235,2026-09-24 08:55:00,PT5M,84.436,100.0,100.0,64.9892,47.4865
575,573,509,213,31,0.14,52.3,6.8,235,2026-09-24 09:00:00,PT5M,85.543,100.0,100.0,66.1262,48.6505
592,590,521,214,31,0.14,51.7,6.8,235,2026-09-24 09:05:00,PT5M,86.729,100.0,100.0,67.3572,49.922
609,606,532,214,31,0.14,51.2,6.8,236,2026-09-24 09:10:00,PT5M,87.867,100.0,100.0,68.6994,51.448
626,623,543,215,32,0.14,50.6,6.8,236,2026-09-24 09:15:00,PT5M,89.001,100.0,100.0,70.0353,52.9655
642,639,554,215,32,0.14,50.1,6.8,236,2026-09-24 09:20:00,PT5M,90.046,100.0,100.0,71.2792,54.3885
659,655,565,216,32,0.14,49.5,6.9,236,2026-09-24 09:25:00,PT5M,91.051,100.0,100.0,72.4805,55.7665
675,671,575,215,32,0.14,49.0,6.9,236,2026-09-24 09:30:00,PT5M,92.017,100.0,100.0,73.6394,57.099
689,686,584,216,32,0.14,48.5,6.9,237,2026-09-24 09:35:00,PT5M,92.808,100.0,100.0,74.6115,58.234
703,699,589,217,32,0.14,48.0,6.9,237,2026-09-24 09:40:00,PT5M,93.431,100.0,100.0,75.4023,59.176
716,712,594,219,32,0.14,47.4,6.9,237,2026-09-24 09:45:00,PT5M,93.971,100.0,100.0,76.1026,60.0205
728,724,599,221,33,0.14,46.9,6.9,237,2026-09-24 09:50:00,PT5M,94.477,100.0,100.0,76.7633,60.8205
740,736,603,222,33,0.14,46.4,7.0,237,2026-09-24 09:55:00,PT5M,94.958,100.0,100.0,77.3946,61.587
752,748,607,223,33,0.14,45.9,7.0,237,2026-09-24 10:00:00,PT5M,95.414,100.0,100.0,77.994,62.3155
763,759,611,225,33,0.14,45.4,7.0,238,2026-09-24 10:05:00,PT5M,95.834,100.0,100.0,78.5506,62.995
773,769,614,227,33,0.14,45.0,7.0,238,2026-09-24 10:10:00,PT5M,96.22,100.0,100.0,79.0674,63.6295
784,779,617,228,33,0.14,44.5,7.0,238,2026-09-24 10:15:00,PT5M,96.581,100.0,100.0,79.5536,64.2285
793,789,620,229,33,0.14,44.0,7.1,238,2026-09-24 10:20:00,PT5M,96.919,100.0,100.0,80.0119,64.795
803,798,623,231,34,0.14,43.5,7.1,238,2026-09-24 10:25:00,PT5M,97.239,100.0,100.0,80.448,65.3355
812,807,625,232,34,0.14,43.1,7.1,239,2026-09-24 10:30:00,PT5M,97.539,100.0,100.0,80.8593,65.847
820,816,628,233,34,0.14,42.6,7.1,239,2026-09-24 10:35:00,PT5M,97.816,100.0,100.0,81.2542,66.348
829,824,631,234,34,0.14,42.2,7.1,239,2026-09-24 10:40:00,PT5M,98.07,100.0,100.0,81.6324,66.838
836,832,633,235,34,0.14,41.7,7.2,239,2026-09-24 10:45:00,PT5M,98.301,100.0,100.0,81.9826,67.2955
843,839,635,236,34,0.14,41.3,7.2,239,2026-09-24 10:50:00,PT5M,98.508,100.0,100.0,82.3017,67.7155
850,845,638,236,34,0.14,40.8,7.2,239,2026-09-24 10:55:00,PT5M,98.688,100.0,100.0,82.5838,68.0895
856,852,640,237,35,0.14,40.4,7.2,240,2026-09-24 11:00:00,PT5M,98.841,100.0,100.0,82.8197,68.4
862,857,641,238,35,0.14,40.0,7.2,240,2026-09-24 11:05:00,PT5M,98.976,100.0,100.0,83.0471,68.7105
867,862,643,238,35,0.14,39.6,7.3,240,2026-09-24 11:10:00,PT5M,99.086,100.0,100.0,83.2518,69.0005
872,867,644,239,35,0.14,39.1,7.3,240,2026-09-24 11:15:00,PT5M,99.174,100.0,100.0,83.4224,69.2455
876,871,645,240,35,0.14,38.7,7.3,240,2026-09-24 11:20:00,PT5M,99.24,100.0,100.0,83.56,69.4475
880,875,645,241,35,0.14,38.3,7.3,240,2026-09-24 11:25:00,PT5M,99.287,100.0,100.0,83.672,69.618
883,878,646,241,35,0.14,37.9,7.3,241,2026-09-24 11:30:00,PT5M,99.313,100.0,100.0,83.7567,69.7555
885,880,645,242,35,0.14,37.7,7.3,240,2026-09-24 11:35:00,PT5M,99.279,100.0,100.0,83.7427,69.7595
886,881,643,244,35,0.14,37.7,7.4,240,2026-09-24 11:40:00,PT5M,99.185,100.0,100.0,83.6289,69.628
887,882,641,246,35,0.14,37.6,7.4,240,2026-09-24 11:45:00,PT5M,99.068,100.0,100.0,83.4854,69.4605
886,881,638,248,35,0.14,37.6,7.4,239,2026-09-24 11:50:00,PT5M,98.928,100.0,100.0,83.3114,69.256
886,881,636,249,35,0.14,37.6,7.4,239,2026-09-24 11:55:00,PT5M,98.763,100.0,100.0,83.1056,69.0135
884,880,633,251,36,0.14,37.6,7.4,238,2026-09-24 12:00:00,PT5M,98.603,100.0,100.0,82.8975,68.762
883,878,630,253,36,0.14,37.6,7.4,238,2026-09-24 12:05:00,PT5M,98.503,100.0,100.0,82.7433,68.559
880,876,627,254,36,0.14,37.5,7.4,238,2026-09-24 12:10:00,PT5M,98.385,100.0,100.0,82.5647,68.326
878,873,624,255,36,0.14,37.5,7.5,237,2026-09-24 12:15:00,PT5M,98.241,100.0,100.0,82.3536,68.0545
874,869,620,256,36,0.14,37.5,7.5,237,2026-09-24 12:20:00,PT5M,98.073,100.0,100.0,82.1122,67.747
870,866,617,257,36,0.14,37.5,7.5,236,2026-09-24 12:25:00,PT5M,97.883,100.0,100.0,81.8425,67.4055
866,861,613,258,36,0.14,37.4,7.5,236,2026-09-24 12:30:00,PT5M,97.67,100.0,100.0,81.5442,67.0305
861,856,608,260,36,0.14,37.4,7.5,235,2026-09-24 12:35:00,PT5M,97.377,100.0,100.0,81.1612,66.5665
854,850,602,262,36,0.14,37.4,7.5,235,2026-09-24 12:40:00,PT5M,97.003,100.0,100.0,80.6912,66.01
847,843,595,264,36,0.14,37.4,7.5,235,2026-09-24 12:45:00,PT5M,96.606,100.0,100.0,80.1913,65.4175
840,836,589,265,36,0.14,37.4,7.6,234,2026-09-24 12:50:00,PT5M,96.181,100.0,100.0,79.6497,64.771
832,828,582,267,36,0.14,37.3,7.6,234,2026-09-24 12:55:00,PT5M,95.733,100.0,100.0,79.0825,64.0965
824,820,576,268,36,0.14,37.3,7.6,233,2026-09-24 13:00:00,PT5M,95.271,100.0,100.0,78.5102,63.425
815,811,569,270,36,0.14,37.3,7.6,233,2026-09-24 13:05:00,PT5M,94.78,100.0,100.0,77.9055,62.718
806,802,562,271,36,0.14,37.3,7.6,233,2026-09-24 13:10:00,PT5M,94.245,100.0,100.0,77.2398,61.9345
797,793,554,272,36,0.14,37.2,7.7,232,2026-09-24 13:15:00,PT5M,93.68,100.0,100.0,76.5374,61.1085
787,783,547,274,36,0.14,37.2,7.7,232,2026-09-24 13:20:00,PT5M,93.086,100.0,100.0,75.8013,60.2445
776,772,539,274,36,0.14,37.2,7.7,232,2026-09-24 13:25:00,PT5M,92.464,100.0,100.0,75.0338,59.346
766,762,532,275,36,0.14,37.2,7.7,231,2026-09-24 13:30:00,PT5M,91.857,100.0,100.0,74.2783,58.457
755,751,525,275,36,0.14,37.1,7.7,231,2026-09-24 13:35:00,PT5M,91.238,100.0,100.0,73.518,57.5695
745,741,520,275,36,0.14,37.1,7.8,230,2026-09-24 13:40:00,PT5M,90.659,100.0,100.0,72.8046,56.735
734,730,514,274,36,0.14,37.1,7.8,230,2026-09-24 13:45:00,PT5M,90.052,100.0,100.0,72.0594,55.8655
