gti,ghi,dni,dhi,air_temp,albedo,relative_humidity,wind_speed_10m,wind_direction_10m,period_end,period,power,power_p10,power_p25,power_p75,power_p90
439,501,475,201,36,0.15,34.9,8.4,229,2026-08-23 15:35:00,PT5M,71.758,92.2295,82.5323,60.9837,51.2865
414,469,412,216,36,0.15,35.2,8.4,228,2026-08-23 15:40:00,PT5M,68.582,89.3005,79.4863,57.6777,47.8635
395,447,379,220,35,0.15,35.4,8.4,228,2026-08-23 15:45:00,PT5M,67.376,90.154,79.3642,55.3878,44.598
380,431,373,214,35,0.15,35.6,8.4,227,2026-08-23 15:50:00,PT5M,64.005,88.9215,77.1187,50.8913,39.0885
361,408,341,217,35,0.15,35.9,8.3,227,2026-08-23 15:55:00,PT5M,60.509,88.942,75.4735,45.5445,32.076
327,361,215,244,35,0.15,36.1,8.3,227,2026-08-23 16:00:00,PT5M,59.015,87.7185,74.1219,43.9081,30.3115
306,335,167,247,35,0.15,36.3,8.3,226,2026-08-23 16:05:00,PT5M,55.336,84.4875,70.6786,39.9934,26.1845
280,298,84,256,35,0.15,36.6,8.3,226,2026-08-23 16:10:00,PT5M,51.535,80.23,66.6374,36.4326,22.84
246,255,0,255,35,0.15,36.8,8.3,225,2026-08-23 16:15:00,PT5M,39.757,64.5795,52.8213,26.6927,14.9345
221,229,0,229,35,0.15,37.0,8.3,225,2026-08-23 16:20:00,PT5M,30.706,48.0355,39.8266,21.5854,13.3765
202,209,0,209,35,0.15,37.3,8.3,225,2026-08-23 16:25:00,PT5M,27.078,53.63,41.0525,13.1035,0.526
183,190,0,190,34,0.15,37.5,8.3,224,2026-08-23 16:30:00,PT5M,23.472,48.865,36.8365,10.1075,0.0
170,176,0,176,34,0.15,37.9,8.3,224,2026-08-23 16:35:00,PT5M,21.635,40.677,31.6569,11.6131,2.593
166,172,0,172,34,0.15,38.4,8.3,224,2026-08-23 16:40:00,PT5M,19.795,40.0125,30.4356,9.1544,0.0
149,155,0,155,34,0.15,38.9,8.3,224,2026-08-23 16:45:00,PT5M,17.208,38.629,28.482,5.934,0.0
136,141,0,141,34,0.15,39.5,8.2,224,2026-08-23 16:50:00,PT5M,15.452,36.1815,26.3621,4.5419,0.0
121,126,0,126,33,0.15,40.0,8.2,224,2026-08-23 16:55:00,PT5M,12.834,32.3035,23.0809,2.5871,0.0
107,111,0,111,33,0.15,40.6,8.2,224,2026-08-23 17:00:00,PT5M,11.28,29.6695,20.9585,1.6015,0.0
94,97,0,97,33,0.15,41.1,8.2,224,2026-08-23 17:05:00,PT5M,9.553,25.701,18.0518,1.0542,0.0
80,82,0,82,33,0.15,41.7,8.1,224,2026-08-23 17:10:00,PT5M,9.105,23.065,16.4522,1.7578,0.0
70,72,0,72,32,0.15,42.3,8.1,224,2026-08-23 17:15:00,PT5M,8.38,20.234,14.6188,2.1412,0.0
55,57,0,57,32,0.15,42.9,8.1,224,2026-08-23 17:20:00,PT5M,7.456,16.9075,12.4304,2.4816,0.0
46,47,0,47,32,0.15,43.5,8.0,224,2026-08-23 17:25:00,PT5M,6.555,13.4845,10.202,2.908,0.0
41,42,0,42,32,0.15,44.1,8.0,224,2026-08-23 17:30:00,PT5M,5.849,10.852,8.4821,3.2159,0.846
37,38,0,38,32,0.15,44.7,8.0,224,2026-08-23 17:35:00,PT5M,5.26,9.392,7.4347,3.0853,1.128
31,32,0,32,31,0.15,45.2,7.9,224,2026-08-23 17:40:00,PT5M,4.611,8.403,6.6068,2.6152,0.819
26,27,0,27,31,0.15,45.8,7.9,224,2026-08-23 17:45:00,PT5M,3.87,9.19,6.67,1.07,0.0
24,25,0,25,31,0.15,46.4,7.8,224,2026-08-23 17:50:00,PT5M,3.364,5.972,4.7366,1.9914,0.756
23,24,0,24,31,0.15,47.0,7.8,224,2026-08-23 17:55:00,PT5M,2.776,5.076,3.9865,1.5655,0.476
19,20,0,20,31,0.15,47.6,7.7,224,2026-08-23 18:00:00,PT5M,2.093,3.193,2.6719,1.5141,0.993
12,12,0,12,31,0.15,48.2,7.7,224,2026-08-23 18:05:00,PT5M,1.019,1.612,1.3311,0.7069,0.426
5,5,0,5,30,0.15,48.8,7.6,224,2026-08-23 18:10:00,PT5M,0.007,0.13,0.0717,0.0,0.0
0,0,0,0,30,0.15,49.4,7.6,224,2026-08-23 18:15:00,PT5M,0.0,0.0,0.0,0.0,0.0
0,0,0,0,30,0.15,50.0,7.5,224,2026-08-23 18:20:00,PT5M,0.0,0.0,0.0,0.0,0.0
0,0,0,0,30,0.15,50.7,7.5,224,2026-08-23 18:25:00,PT5M,0.0,0.0,0.0,0.0,0.0
0,0,0,0,30,0.15,51.3,7.5,223,2026-08-23 18:30:00,PT5M,0.0,0.0,0.0,0.0,0.0
0,0,0,0,30,0.15,51.9,7.4,223,2026-08-23 18:35:00,PT5M,0.0,0.0,0.0,0.0,0.0
0,0,0,0,29,0.15,52.5,7.4,223,2026-08-23 18:40:00,PT5M,0.0,0.0,0.0,0.0,0.0
0,0,0,0,29,0.15,53.1,7.3,223,2026-08-23 18:45:00,PT5M,0.0,0.0,0.0,0.0,0.0
0,0,0,0,29,0.15,53.7,7.3,223,2026-08-23 18:50:00,PT5M,0.0,0.0,0.0,0.0,0.0
0,0,0,0,29,0.15,54.3,7.3,222,2026-08-23 18:55:00,PT5M,0.0,0.0,0.0,0.0,0.0
0,0,0,0,29,0.15,54.9,7.2,222,2026-08-23 19:00:00,PT5M,0.0,0.0,0.0,0.0,0.0
0,0,0,0,29,0.15,55.5,7.2,222,2026-08-23 19:05:00,PT5M,0.0,0.0,0.0,0.0,0.0
0,0,0,0,29,0.15,56.1,7.2,222,2026-08-23 19:10:00,PT5M,0.0,0.0,0.0,0.0,0.0
0,0,0,0,29,0.15,56.7,7.1,222,2026-08-23 19:15:00,PT5M,0.0,0.0,0.0,0.0,0.0
0,0,0,0,29,0.15,57.3,7.1,221,2026-08-23 19:20:00,PT5M,0.0,0.0,0.0,0.0,0.0
0,0,0,0,29,0.15,58.0,7.1,221,2026-08-23 19:25:00,PT5M,0.0,0.0,0.0,0.0,0.0
0,0,0,0,28,0.15,58.6,7.0,221,2026-08-23 19:30:00,PT5M,0.0,0.0,0.0,0.0,0.0
0,0,0,0,28,0.15,59.1,7.0,221,2026-08-23 19:35:00,PT5M,0.0,0.0,0.0,0.0,0.0
0,0,0,0,28,0.15,59.6,7.0,221,2026-08-23 19:40:00,PT5M,0.0,0.0,0.0,0.0,0.0
0,0,0,0,28,0.15,60.0,7.0,221,2026-08-23 19:45:00,PT5M,0.0,0.0,0.0,0.0,0.0
0,0,0,0,28,0.15,60.4,7.0,221,2026-08-23 19:50:00,PT5M,0.0,0.0,0.0,0.0,0.0
0,0,0,0,28,0.15,60.8,6.9,222,2026-08-23 19:55:00,PT5M,0.0,0.0,0.0,0.0,0.0
0,0,0,0,28,0.15,61.2,6.9,222,2026-08-23 20:00:00,PT5M,0.0,0.0,0.0,0.0,0.0
0,0,0,0,28,0.15,61.7,6.9,222,2026-08-23 20:05:00,PT5M,0.0,0.0,0.0,0.0,0.0
0,0,0,0,28,0.15,62.1,6.9,222,2026-08-23 20:10:00,PT5M,0.0,0.0,0.0,0.0,0.0
0,0,0,0,28,0.15,62.5,6.9,222,2026-08-23 20:15:00,PT5M,0.0,0.0,0.0,0.0,0.0
0,0,0,0,28,0.15,63.0,6.8,222,2026-08-23 20:20:00,PT5M,0.0,0.0,0.0,0.0,0.0
0,0,0,0,28,0.15,63.4,6.8,222,2026-08-23 20:25:00,PT5M,0.0,0.0,0.0,0.0,0.0
0,0,0,0,28,0.15,63.9,6.8,223,2026-08-23 20:30:00,PT5M,0.0,0.0,0.0,0.0,0.0
0,0,0,0,28,0.15,64.2,6.8,223,2026-08-23 20:35:00,PT5M,0.0,0.0,0.0,0.0,0.0
0,0,0,0,28,0.15,64.4,6.8,223,2026-08-23 20:40:00,PT5M,0.0,0.0,0.0,0.0,0.0
0,0,0,0,28,0.15,64.6,6.8,223,2026-08-23 20:45:00,PT5M,0.0,0.0,0.0,0.0,0.0
0,0,0,0,27,0.15,64.7,6.8,223,2026-08-23 20:50:00,PT5M,0.0,0.0,0.0,0.0,0.0
0,0,0,0,27,0.15,64.9,6.7,223,2026-08-23 20:55:00,PT5M,0.0,0.0,0.0,0.0,0.0
0,0,0,0,27,0.15,65.1,6.7,223,2026-08-23 21:00:00,PT5M,0.0,0.0,0.0,0.0,0.0
0,0,0,0,27,0.15,65.3,6.7,223,2026-08-23 21:05:00,PT5M,0.0,0.0,0.0,0.0,0.0
0,0,0,0,27,0.15,65.5,6.7,223,2026-08-23 21:10:00,PT5M,0.0,0.0,0.0,0.0,0.0
0,0,0,0,27,0.15,65.7,6.7,223,2026-08-23 21:15:00,PT5M,0.0,0.0,0.0,0.0,0.0
0,0,0,0,27,0.15,65.9,6.7,224,2026-08-23 21:20:00,PT5M,0.0,0.0,0.0,0.0,0.0
0,0,0,0,27,0.15,66.1,6.7,224,2026-08-23 21:25:00,PT5M,0.0,0.0,0.0,0.0,0.0
0,0,0,0,27,0.15,66.3,6.7,224,2026-08-23 21:30:00,PT5M,0.0,0.0,0.0,0.0,0.0
0,0,0,0,27,0.15,66.5,6.6,224,2026-08-23 21:35:00,PT5M,0.0,0.0,0.0,0.0,0.0
0,0,0,0,27,0.15,66.7,6.6,224,2026-08-23 21:40:00,PT5M,0.0,0.0,0.0,0.0,0.0
0,0,0,0,27,0.15,66.9,6.5,225,2026-08-23 21:45:00,PT5M,0.0,0.0,0.0,0.0,0.0
0,0,0,0,27,0.15,67.1,6.5,225,2026-08-23 21:50:00,PT5M,0.0,0.0,0.0,0.0,0.0
0,0,0,0,27,0.15,67.3,6.4,225,2026-08-23 21:55:00,PT5M,0.0,0.0,0.0,0.0,0.0
0,0,0,0,27,0.15,67.5,6.4,226,2026-08-23 22:00:00,PT5M,0.0,0.0,0.0,0.0,0.0
0,0,0,0,27,0.15,67.7,6.3,226,2026-08-23 22:05:00,PT5M,0.0,0.0,0.0,0.0,0.0
0,0,0,0,27,0.15,67.9,6.3,227,2026-08-23 22:10:00,PT5M,0.0,0.0,0.0,0.0,0.0
0,0,0,0,27,0.15,68.1,6.2,227,2026-08-23 22:15:00,PT5M,0.0,0.0,0.0,0.0,0.0
0,0,0,0,27,0.15,68.3,6.1,227,2026-08-23 22:20:00,PT5M,0.0,0.0,0.0,0.0,0.0
0,0,0,0,27,0.15,68.5,6.1,228,2026-08-23 22:25:00,PT5M,0.0,0.0,0.0,0.0,0.0
0,0,0,0,27,0.15,68.7,6.0,228,2026-08-23 22:30:00,PT5M,0.0,0.0,0.0,0.0,0.0
0,0,0,0,27,0.15,68.9,6.0,228,2026-08-23 22:35:00,PT5M,0.0,0.0,0.0,0.0,0.0
0,0,0,0,27,0.15,69.1,5.9,228,2026-08-23 22:40:00,PT5M,0.0,0.0,0.0,0.0,0.0
0,0,0,0,27,0.15,69.3,5.8,227,2026-08-23 22:45:00,PT5M,0.0,0.0,0.0,0.0,0.0
0,0,0,0,27,0.15,69.5,5.8,227,2026-08-23 22:50:00,PT5M,0.0,0.0,0.0,0.0,0.0
0,0,0,0,26,0.15,69.7,5.7,226,2026-08-23 22:55:00,PT5M,0.0,0.0,0.0,0.0,0.0
0,0,0,0,26,0.15,69.9,5.6,226,2026-08-23 23:00:00,PT5M,0.0,0.0,0.0,0.0,0.0
0,0,0,0,26,0.15,70.2,5.6,225,2026-08-23 23:05:00,PT5M,0.0,0.0,0.0,0.0,0.0
0,0,0,0,26,0.15,70.4,5.5,225,2026-08-23 23:10:00,PT5M,0.0,0.0,0.0,0.0,0.0
0,0,0,0,26,0.15,70.6,5.4,225,2026-08-23 23:15:00,PT5M,0.0,0.0,0.0,0.0,0.0
0,0,0,0,26,0.15,70.8,5.3,224,2026-08-23 23:20:00,PT5M,0.0,0.0,0.0,0.0,0.0
0,0,0,0,26,0.15,71.0,5.3,223,2026-08-23 23:25:00,PT5M,0.0,0.0,0.0,0.0,0.0
0,0,0,0,26,0.15,71.2,5.2,223,2026-08-23 23:30:00,PT5M,0.0,0.0,0.0,0.0,0.0
0,0,0,0,26,0.15,71.4,5.2,223,2026-08-23 23:35:00,PT5M,0.0,0.0,0.0,0.0,0.0
0,0,0,0,26,0.15,71.6,5.1,223,2026-08-23 23:40:00,PT5M,0.0,0.0,0.0,0.0,0.0
0,0,0,0,26,0.15,71.8,5.1,222,2026-08-23 23:45:00,PT5M,0.0,0.0,0.0,0.0,0.0
0,0,0,0,26,0.15,72.0,5.1,222,2026-08-23 23:50:00,PT5M,0.0,0.0,0.0,0.0,0.0
0,0,0,0,26,0.15,72.1,5.0,222,2026-08-23 23:55:00,PT5M,0.0,0.0,0.0,0.0,0.0
0,0,0,0,26,0.15,72.3,5.0,222,2026-08-24 00:00:00,PT5M,0.0,0.0,0.0,0.0,0.0
0,0,0,0,26,0.15,72.5,5.0,222,2026-08-24 00:05:00,PT5M,0.0,0.0,0.0,0.0,0.0
0,0,0,0,26,0.15,72.7,4.9,222,2026-08-24 00:10:00,PT5M,0.0,0.0,0.0,0.0,0.0
0,0,0,0,26,0.15,72.9,4.9,222,2026-08-24 00:15:00,PT5M,0.0,0.0,0.0,0.0,0.0
0,0,0,0,26,0.15,73.0,4.9,222,2026-08-24 00:20:00,PT5M,0.0,0.0,0.0,0.0,0.0
0,0,0,0,26,0.15,73.2,4.9,222,2026-08-24 00:25:00,PT5M,0.0,0.0,0.0,0.0,0.0
0,0,0,0,26,0.15,73.4,4.8,222,2026-08-24 00:30:00,PT5M,0.0,0.0,0.0,0.0,0.0
0,0,0,0,26,0.15,73.5,4.8,222,2026-08-24 00:35:00,PT5M,0.0,0.0,0.0,0.0,0.0
0,0,0,0,26,0.15,73.4,4.8,222,2026-08-24 00:40:00,PT5M,0.0,0.0,0.0,0.0,0.0
0,0,0,0,26,0.15,73.4,4.7,223,2026-08-24 00:45:00,PT5M,0.0,0.0,0.0,0.0,0.0
0,0,0,0,26,0.15,73.4,4.7,223,2026-08-24 00:50:00,PT5M,0.0,0.0,0.0,0.0,0.0
0,0,0,0,26,0.15,73.3,4.7,224,2026-08-24 00:55:00,PT5M,0.0,0.0,0.0,0.0,0.0
0,0,0,0,26,0.15,73.3,4.6,224,2026-08-24 01:00:00,PT5M,0.0,0.0,0.0,0.0,0.0
0,0,0,0,26,0.15,73.2,4.6,225,2026-08-24 01:05:00,PT5M,0.0,0.0,0.0,0.0,0.0
0,0,0,0,26,0.15,73.2,4.6,225,2026-08-24 01:10:00,PT5M,0.0,0.0,0.0,0.0,0.0
0,0,0,0,26,0.15,73.2,4.6,226,2026-08-24 01:15:00,PT5M,0.0,0.0,0.0,0.0,0.0
0,0,0,0,26,0.15,73.1,4.5,226,2026-08-24 01:20:00,PT5M,0.0,0.0,0.0,0.0,0.0
0,0,0,0,26,0.15,73.1,4.5,227,2026-08-24 01:25:00,PT5M,0.0,0.0,0.0,0.0,0.0
0,0,0,0,26,0.15,73.1,4.5,227,2026-08-24 01:30:00,PT5M,0.0,0.0,0.0,0.0,0.0
0,0,0,0,26,0.15,73.0,4.5,228,2026-08-24 01:35:00,PT5M,0.0,0.0,0.0,0.0,0.0
0,0,0,0,26,0.15,73.0,4.4,227,2026-08-24 01:40:00,PT5M,0.0,0.0,0.0,0.0,0.0
0,0,0,0,26,0.15,73.0,4.4,227,2026-08-24 01:45:00,PT5M,0.0,0.0,0.0,0.0,0.0
0,0,0,0,26,0.15,73.0,4.4,227,2026-08-24 01:50:00,PT5M,0.0,0.0,0.0,0.0,0.0
0,0,0,0,26,0.15,73.0,4.4,226,2026-08-24 01:55:00,PT5M,0.0,0.0,0.0,0.0,0.0
0,0,0,0,26,0.15,73.0,4.4,226,2026-08-24 02:00:00,PT5M,0.0,0.0,0.0,0.0,0.0
0,0,0,0,26,0.15,73.0,4.4,226,2026-08-24 02:05:00,PT5M,0.0,0.0,0.0,0.0,0.0
0,0,0,0,26,0.15,73.0,4.4,225,2026-08-24 02:10:00,PT5M,0.0,0.0,0.0,0.0,0.0
0,0,0,0,26,0.15,73.0,4.4,225,2026-08-24 02:15:00,PT5M,0.0,0.0,0.0,0.0,0.0
0,0,0,0,26,0.15,73.0,4.3,225,2026-08-24 02:20:00,PT5M,0.0,0.0,0.0,0.0,0.0
0,0,0,0,26,0.15,73.0,4.3,225,2026-08-24 02:25:00,PT5M,0.0,0.0,0.0,0.0,0.0
0,0,0,0,26,0.15,73.0,4.3,224,2026-08-24 02:30:00,PT5M,0.0,0.0,0.0,0.0,0.0
0,0,0,0,26,0.15,73.0,4.3,224,2026-08-24 02:35:00,PT5M,0.0,0.0,0.0,0.0,0.0
0,0,0,0,26,0.15,73.1,4.3,224,2026-08-24 02:40:00,PT5M,0.0,0.0,0.0,0.0,0.0
0,0,0,0,26,0.15,73.2,4.2,224,2026-08-24 02:45:00,PT5M,0.0,0.0,0.0,0.0,0.0
0,0,0,0,26,0.15,73.3,4.2,224,2026-08-24 02:50:00,PT5M,0.0,0.0,0.0,0.0,0.0
0,0,0,0,26,0.15,73.3,4.2,224,2026-08-24 02:55:00,PT5M,0.0,0.0,0.0,0.0,0.0
0,0,0,0,26,0.15,73.4,4.1,224,2026-08-24 03:00:00,PT5M,0.0,0.0,0.0,0.0,0.0
0,0,0,0,26,0.15,73.5,4.1,224,2026-08-24 03:05:00,PT5M,0.0,0.0,0.0,0.0,0.0
0,0,0,0,26,0.15,73.6,4.0,224,2026-08-24 03:10:00,PT5M,0.0,0.0,0.0,0.0,0.0
0,0,0,0,26,0.15,73.6,4.0,224,2026-08-24 03:15:00,PT5M,0.0,0.0,0.0,0.0,0.0
0,0,0,0,26,0.15,73.7,4.0,224,2026-08-24 03:20:00,PT5M,0.0,0.0,0.0,0.0,0.0
0,0,0,0,26,0.15,73.8,3.9,224,2026-08-24 03:25:00,PT5M,0.0,0.0,0.0,0.0,0.0
0,0,0,0,26,0.15,73.8,3.9,224,2026-08-24 03:30:00,PT5M,0.0,0.0,0.0,0.0,0.0
0,0,0,0,26,0.15,73.9,3.9,224,2026-08-24 03:35:00,PT5M,0.0,0.0,0.0,0.0,0.0
0,0,0,0,26,0.15,73.9,3.9,223,2026-08-24 03:40:00,PT5M,0.0,0.0,0.0,0.0,0.0
0,0,0,0,26,0.15,74.0,3.8,222,2026-08-24 03:45:00,PT5M,0.0,0.0,0.0,0.0,0.0
0,0,0,0,26,0.15,74.0,3.8,221,2026-08-24 03:50:00,PT5M,0.0,0.0,0.0,0.0,0.0
0,0,0,0,26,0.15,74.1,3.8,221,2026-08-24 03:55:00,PT5M,0.0,0.0,0.0,0.0,0.0
0,0,0,0,26,0.15,74.1,3.8,220,2026-08-24 04:00:00,PT5M,0.0,0.0,0.0,0.0,0.0
0,0,0,0,25,0.15,74.1,3.8,219,2026-08-24 04:05:00,PT5M,0.0,0.0,0.0,0.0,0.0
0,0,0,0,25,0.15,74.2,3.7,218,2026-08-24 04:10:00,PT5M,0.0,0.0,0.0,0.0,0.0
0,0,0,0,25,0.15,74.2,3.7,218,2026-08-24 04:15:00,PT5M,0.0,0.0,0.0,0.0,0.0
0,0,0,0,25,0.15,74.2,3.7,217,2026-08-24 04:20:00,PT5M,0.0,0.0,0.0,0.0,0.0
0,0,0,0,25,0.15,74.3,3.7,216,2026-08-24 04:25:00,PT5M,0.0,0.0,0.0,0.0,0.0
0,0,0,0,25,0.15,74.3,3.7,215,2026-08-24 04:30:00,PT5M,0.0,0.0,0.0,0.0,0.0
0,0,0,0,25,0.15,74.3,3.7,215,2026-08-24 04:35:00,PT5M,0.0,0.0,0.0,0.0,0.0
0,0,0,0,25,0.15,74.4,3.7,215,2026-08-24 04:40:00,PT5M,0.0,0.0,0.0,0.0,0.0
0,0,0,0,25,0.15,74.4,3.7,214,2026-08-24 04:45:00,PT5M,0.0,0.0,0.0,0.0,0.0
0,0,0,0,25,0.15,74.5,3.8,214,2026-08-24 04:50:00,PT5M,0.0,0.0,0.0,0.0,0.0
0,0,0,0,25,0.15,74.5,3.8,214,2026-08-24 04:55:00,PT5M,0.0,0.0,0.0,0.0,0.0
0,0,0,0,25,0.15,74.5,3.8,213,2026-08-24 05:00:00,PT5M,0.0,0.0,0.0,0.0,0.0
0,0,0,0,25,0.15,74.6,3.8,213,2026-08-24 05:05:00,PT5M,0.0,0.0,0.0,0.0,0.0
0,0,0,0,25,0.15,74.6,3.9,213,2026-08-24 05:10:00,PT5M,0.0,0.0,0.0,0.0,0.0
0,0,0,0,25,0.15,74.7,3.9,213,2026-08-24 05:15:00,PT5M,0.0,0.0,0.0,0.0,0.0
0,0,0,0,25,0.15,74.7,3.9,212,2026-08-24 05:20:00,PT5M,0.0,0.0,0.0,0.0,0.0
0,0,0,0,25,0.15,74.7,4.0,212,2026-08-24 05:25:00,PT5M,0.0,0.0,0.0,0.0,0.0
0,0,0,0,25,0.15,74.8,4.0,212,2026-08-24 05:30:00,PT5M,0.0,0.0,0.0,0.0,0.0
0,0,0,0,25,0.15,74.8,4.0,212,2026-08-24 05:35:00,PT5M,0.0,0.0,0.0,0.0,0.0
0,0,0,0,25,0.15,74.8,4.0,214,2026-08-24 05:40:00,PT5M,0.0,0.0,0.0,0.0,0.0
0,0,0,0,25,0.15,74.8,4.0,215,2026-08-24 05:45:00,PT5M,0.0,0.0,0.0,0.0,0.0
0,0,0,0,26,0.15,74.8,4.0,216,2026-08-24 05:50:00,PT5M,0.0,0.0,0.0,0.0,0.0
0,0,0,0,26,0.15,74.8,4.0,217,2026-08-24 05:55:00,PT5M,0.0,0.0,0.0,0.0,0.0
0,0,0,0,26,0.15,74.8,4.0,218,2026-08-24 06:00:00,PT5M,0.0,0.0,0.0,0.0,0.0
1,1,0,1,26,0.15,74.8,4.1,220,2026-08-24 06:05:00,PT5M,0.0,0.0,0.0,0.0,0.0
8,8,0,8,26,0.15,74.8,4.1,221,2026-08-24 06:10:00,PT5M,0.384,0.6705,0.5348,0.2332,0.0975
16,16,0,16,26,0.15,74.8,4.1,222,2026-08-24 06:15:00,PT5M,1.512,2.1485,1.847,1.177,0.8755
25,26,1,26,26,0.15,74.8,4.1,223,2026-08-24 06:20:00,PT5M,2.785,4.088,3.4708,2.0992,1.482
32,37,36,34,26,0.15,74.8,4.1,224,2026-08-24 06:25:00,PT5M,4.596,7.0655,5.8957,3.2963,2.1265
41,49,70,41,26,0.15,74.8,4.2,225,2026-08-24 06:30:00,PT5M,6.842,10.503,8.7688,4.9152,3.181
50,62,102,49,26,0.15,74.5,4.2,226,2026-08-24 06:35:00,PT5M,9.629,14.6695,12.2819,6.9761,4.5885
61,77,136,56,26,0.15,74.0,4.2,227,2026-08-24 06:40:00,PT5M,12.769,19.3375,16.226,9.312,6.2005
72,92,169,63,26,0.15,73.4,4.2,227,2026-08-24 06:45:00,PT5M,16.135,24.267,20.4149,11.8551,8.003
85,108,202,69,26,0.15,72.9,4.2,228,2026-08-24 06:50:00,PT5M,19.74,29.39,24.8189,14.6611,10.09
98,125,233,75,26,0.15,72.4,4.3,228,2026-08-24 06:55:00,PT5M,23.58,34.7095,29.4375,17.7225,12.4505
112,143,264,80,26,0.15,71.8,4.3,229,2026-08-24 07:00:00,PT5M,27.599,40.28,34.2731,20.9249,14.918
127,161,295,85,27,0.15,71.3,4.3,230,2026-08-24 07:05:00,PT5M,31.872,46.18,39.4024,24.3416,17.564
142,178,316,90,27,0.15,70.8,4.3,230,2026-08-24 07:10:00,PT5M,35.915,51.955,44.357,27.473,19.875
157,196,335,96,27,0.15,70.3,4.3,231,2026-08-24 07:15:00,PT5M,40.054,57.7935,49.3904,30.7176,22.3145
173,214,354,101,27,0.15,69.8,4.4,231,2026-08-24 07:20:00,PT5M,44.269,63.6365,54.4623,34.0757,24.9015
189,231,371,105,27,0.15,69.3,4.4,232,2026-08-24 07:25:00,PT5M,48.525,69.531,59.5806,37.4694,27.519
205,250,388,110,27,0.15,68.7,4.4,232,2026-08-24 07:30:00,PT5M,52.808,75.4535,64.7265,40.8895,30.1625
221,267,402,115,27,0.15,68.0,4.4,232,2026-08-24 07:35:00,PT5M,56.978,81.2645,69.7602,44.1958,32.6915
236,285,414,120,28,0.15,66.9,4.5,233,2026-08-24 07:40:00,PT5M,61.016,86.9655,74.6734,47.3586,35.0665
252,302,424,125,28,0.15,65.8,4.5,233,2026-08-24 07:45:00,PT5M,65.092,92.916,79.736,50.448,37.268
268,320,435,129,28,0.15,64.8,4.6,233,2026-08-24 07:50:00,PT5M,67.875,96.5535,82.9687,52.7813,39.1965
285,337,445,134,28,0.15,63.8,4.6,233,2026-08-24 07:55:00,PT5M,69.767,98.642,84.9641,54.5699,40.892
301,355,455,138,28,0.15,62.8,4.7,233,2026-08-24 08:00:00,PT5M,71.574,100.0,86.8616,56.2864,42.527
317,372,464,143,29,0.15,61.8,4.7,233,2026-08-24 08:05:00,PT5M,73.287,100.0,88.6494,57.9246,44.098
333,389,473,147,29,0.15,60.9,4.7,233,2026-08-24 08:10:00,PT5M,74.896,100.0,90.3139,59.4781,45.6015
348,406,481,151,29,0.15,59.9,4.8,234,2026-08-24 08:15:00,PT5M,76.387,100.0,91.8689,60.9051,46.971
364,423,488,155,29,0.15,59.0,4.8,234,2026-08-24 08:20:00,PT5M,77.75,100.0,93.2337,62.2663,48.3305
380,440,496,159,29,0.15,58.1,4.9,234,2026-08-24 08:25:00,PT5M,78.98,100.0,94.4355,63.5245,49.614
395,456,502,163,30,0.15,57.2,4.9,234,2026-08-24 08:30:00,PT5M,80.06,100.0,95.4392,64.6808,50.839
410,472,507,167,30,0.15,56.2,4.9,234,2026-08-24 08:35:00,PT5M,80.972,100.0,96.2904,65.6536,51.8665
425,487,511,172,30,0.15,55.1,5.0,235,2026-08-24 08:40:00,PT5M,81.746,100.0,97.0231,66.4689,52.719
439,503,514,176,30,0.15,54.0,5.0,235,2026-08-24 08:45:00,PT5M,82.467,100.0,97.6965,67.2375,53.5305
453,517,517,180,31,0.15,53.0,5.0,236,2026-08-24 08:50:00,PT5M,83.142,100.0,98.3212,67.9628,54.301
467,532,520,185,31,0.15,51.9,5.0,236,2026-08-24 08:55:00,PT5M,83.775,100.0,98.9024,68.6476,55.0325
481,546,523,189,31,0.15,50.9,5.0,237,2026-08-24 09:00:00,PT5M,84.374,100.0,99.4474,69.3006,55.734
494,560,525,193,31,0.15,49.9,5.0,238,2026-08-24 09:05:00,PT5M,84.941,100.0,99.9584,69.9236,56.4075
507,574,528,197,31,0.15,49.0,5.0,238,2026-08-24 09:10:00,PT5M,85.58,100.0,100.0,70.6276,57.17
521,588,532,201,32,0.15,48.0,5.0,239,2026-08-24 09:15:00,PT5M,86.207,100.0,100.0,71.4257,58.122
534,602,535,204,32,0.15,47.1,5.0,239,2026-08-24 09:20:00,PT5M,86.803,100.0,100.0,72.2235,59.1015
546,615,538,208,32,0.15,46.2,5.0,240,2026-08-24 09:25:00,PT5M,87.371,100.0,100.0,72.9868,60.0405
559,628,541,211,32,0.15,45.3,5.1,240,2026-08-24 09:30:00,PT5M,87.911,100.0,100.0,73.7152,60.9385
571,641,545,214,32,0.15,44.5,5.0,240,2026-08-24 09:35:00,PT5M,88.484,100.0,100.0,74.4677,61.8525
584,654,549,216,33,0.15,43.9,5.0,240,2026-08-24 09:40:00,PT5M,89.089,100.0,100.0,75.2437,62.7825
596,667,553,219,33,0.15,43.3,5.0,240,2026-08-24 09:45:00,PT5M,89.669,100.0,100.0,75.9882,63.675
607,679,557,221,33,0.15,42.7,4.9,240,2026-08-24 09:50:00,PT5M,90.21,100.0,100.0,76.6855,64.513
618,691,560,224,33,0.15,42.1,4.9,240,2026-08-24 09:55:00,PT5M,90.683,100.0,100.0,77.3019,65.2585
629,702,563,226,33,0.15,41.5,4.9,240,2026-08-24 10:00:00,PT5M,91.136,100.0,100.0,77.892,65.972
640,713,566,229,33,0.15,40.9,4.8,240,2026-08-24 10:05:00,PT5M,91.568,100.0,100.0,78.4543,66.6515
650,724,568,231,34,0.15,40.4,4.8,240,2026-08-24 10:10:00,PT5M,91.977,100.0,100.0,78.9851,67.292
659,734,571,233,34,0.15,39.8,4.8,239,2026-08-24 10:15:00,PT5M,92.364,100.0,100.0,79.4871,67.8975
669,744,573,235,34,0.15,39.3,4.7,239,2026-08-24 10:20:00,PT5M,92.729,100.0,100.0,79.96,68.4675
678,753,575,237,34,0.15,38.7,4.7,239,2026-08-24 10:25:00,PT5M,93.072,100.0,100.0,80.4046,69.0035
686,763,577,239,34,0.15,38.2,4.7,239,2026-08-24 10:30:00,PT5M,93.393,100.0,100.0,80.8203,69.5045
694,771,578,242,35,0.15,37.7,4.7,239,2026-08-24 10:35:00,PT5M,93.644,100.0,100.0,81.1621,69.928
702,778,578,244,35,0.15,37.4,4.7,238,2026-08-24 10:40:00,PT5M,93.82,100.0,100.0,81.4239,70.267
708,785,578,247,35,0.15,37.0,4.8,238,2026-08-24 10:45:00,PT5M,93.976,100.0,100.0,81.6596,70.5745
715,791,577,250,35,0.15,36.7,4.8,238,2026-08-24 10:50:00,PT5M,94.111,100.0,100.0,81.868,70.849
720,797,577,252,35,0.15,36.3,4.9,237,2026-08-24 10:55:00,PT5M,94.226,100.0,100.0,82.0491,71.0895
726,803,576,254,35,0.15,36.0,4.9,237,2026-08-24 11:00:00,PT5M,94.318,100.0,100.0,82.1979,71.2895
731,808,575,257,35,0.15,35.6,5.0,237,2026-08-24 11:05:00,PT5M,94.383,100.0,100.0,82.304,71.4325
736,813,575,259,35,0.15,35.3,5.0,236,2026-08-24 11:10:00,PT5M,94.426,100.0,100.0,82.3759,71.5305
740,817,574,261,36,0.15,35.0,5.1,236,2026-08-24 11:15:00,PT5M,94.46,100.0,100.0,82.4462,71.6335
743,821,572,263,36,0.15,34.6,5.1,236,2026-08-24 11:20:00,PT5M,94.478,100.0,100.0,82.4987,71.717
747,824,571,265,36,0.15,34.3,5.2,236,2026-08-24 11:25:00,PT5M,94.472,100.0,100.0,82.5125,71.7485
750,827,570,267,36,0.15,34.0,5.2,235,2026-08-24 11:30:00,PT5M,94.446,100.0,100.0,82.4962,71.741
752,829,568,269,36,0.15,33.7,5.3,235,2026-08-24 11:35:00,PT5M,94.359,100.0,100.0,82.4131,71.6615
753,830,565,272,36,0.15,33.5,5.3,235,2026-08-24 11:40:00,PT5M,94.212,100.0,100.0,82.2654,71.513
754,830,561,274,36,0.15,33.3,5.3,234,2026-08-24 11:45:00,PT5M,94.046,100.0,100.0,82.0915,71.332
754,830,558,277,36,0.15,33.1,5.4,234,2026-08-24 11:50:00,PT5M,93.859,100.0,100.0,81.8884,71.1145
754,830,554,279,36,0.15,32.9,5.4,233,2026-08-24 11:55:00,PT5M,93.65,100.0,100.0,81.6555,70.86
753,829,550,281,36,0.15,32.7,5.4,233,2026-08-24 12:00:00,PT5M,93.416,100.0,100.0,81.3888,70.564
752,827,546,283,36,0.15,32.5,5.5,233,2026-08-24 12:05:00,PT5M,93.157,100.0,100.0,81.0885,70.2265
750,825,542,285,36,0.15,32.3,5.5,232,2026-08-24 12:10:00,PT5M,92.888,100.0,100.0,80.7685,69.8605
748,823,537,287,37,0.15,32.1,5.6,232,2026-08-24 12:15:00,PT5M,92.676,100.0,100.0,80.4978,69.537
745,820,533,290,37,0.15,31.8,5.6,232,2026-08-24 12:20:00,PT5M,92.433,100.0,100.0,80.1864,69.164
742,816,528,291,37,0.15,31.6,5.6,231,2026-08-24 12:25:00,PT5M,92.163,100.0,100.0,79.8395,68.748
739,812,523,293,37,0.15,31.4,5.7,231,2026-08-24 12:30:00,PT5M,91.936,100.0,100.0,79.5275,68.3595
735,807,517,295,37,0.15,31.3,5.7,230,2026-08-24 12:35:00,PT5M,91.626,100.0,100.0,79.1738,67.9665
730,803,512,297,37,0.15,31.3,5.8,230,2026-08-24 12:40:00,PT5M,91.299,100.0,100.0,78.7492,67.454
726,797,507,298,37,0.15,31.2,5.9,230,2026-08-24 12:45:00,PT5M,90.949,100.0,100.0,78.2953,66.9065
721,791,502,299,37,0.15,31.1,6.0,229,2026-08-24 12:50:00,PT5M,90.575,100.0,100.0,77.8097,66.3205
715,785,496,300,37,0.15,31.1,6.0,229,2026-08-24 12:55:00,PT5M,90.177,100.0,100.0,77.2922,65.6955
709,779,491,301,37,0.15,31.0,6.1,228,2026-08-24 13:00:00,PT5M,89.747,100.0,100.0,76.7267,65.008
703,772,485,302,37,0.15,30.9,6.2,228,2026-08-24 13:05:00,PT5M,89.291,100.0,100.0,76.1257,64.2765
696,764,479,303,37,0.15,30.9,6.3,228,2026-08-24 13:10:00,PT5M,88.82,100.0,100.0,75.5152,63.5405
689,756,474,303,37,0.15,30.8,6.4,227,2026-08-24 13:15:00,PT5M,88.34,100.0,100.0,74.9039,62.811
682,748,468,304,37,0.15,30.8,6.4,227,2026-08-24 13:20:00,PT5M,87.815,100.0,100.0,74.2218,61.9875
674,740,462,304,37,0.15,30.7,6.5,227,2026-08-24 13:25:00,PT5M,87.259,100.0,100.0,73.499,61.1145
666,731,456,304,37,0.15,30.6,6.6,226,2026-08-24 13:30:00,PT5M,86.674,100.0,100.0,72.7392,60.1975
658,722,452,303,37,0.15,30.7,6.7,226,2026-08-24 13:35:00,PT5M,86.132,100.0,100.0,72.0296,59.337
650,714,448,301,37,0.15,30.7,6.7,226,2026-08-24 13:40:00,PT5M,85.635,100.0,99.8969,71.3731,58.537
641,705,444,300,37,0.15,30.8,6.8,227,2026-08-24 13:45:00,PT5M,85.114,100.0,99.5409,70.6871,57.7025
633,696,440,298,37,0.15,30.9,6.8,227,2026-08-24 13:50:00,PT5M,84.569,100.0,99.1661,69.9719,56.834
624,686,437,296,37,0.15,30.9,6.9,227,2026-08-24 13:55:00,PT5M,84.004,100.0,98.7767,69.2313,55.9355
615,677,433,293,37,0.15,31.0,6.9,227,2026-08-24 14:00:00,PT5M,83.413,100.0,98.3675,68.4585,54.999
605,666,429,291,37,0.15,31.1,7.0,227,2026-08-24 14:05:00,PT5M,82.797,100.0,97.9396,67.6544,54.0255
596,656,425,289,37,0.15,31.1,7.0,227,2026-08-24 14:10:00,PT5M,82.154,100.0,97.4914,66.8166,53.0125
586,645,421,286,37,0.15,31.2,7.1,227,2026-08-24 14:15:00,PT5M,81.486,100.0,97.0226,65.9494,51.966
575,634,417,283,37,0.15,31.3,7.2,227,2026-08-24 14:20:00,PT5M,80.79,100.0,96.5295,65.0505,50.8845
565,623,412,280,37,0.15,31.4,7.2,228,2026-08-24 14:25:00,PT5M,80.07,100.0,96.0171,64.1229,49.77
554,611,408,277,36,0.15,31.4,7.3,228,2026-08-24 14:30:00,PT5M,79.322,100.0,95.4815,63.1625,48.6185
541,597,398,276,36,0.15,31.6,7.3,228,2026-08-24 14:35:00,PT5M,78.164,100.0,94.6019,61.7261,46.9315
526,580,384,276,36,0.15,31.8,7.3,228,2026-08-24 14:40:00,PT5M,76.638,100.0,93.4114,59.8646,44.768
511,563,369,275,36,0.15,32.0,7.2,228,2026-08-24 14:45:00,PT5M,75.075,100.0,92.1824,57.9676,42.5705
496,547,355,274,36,0.15,32.3,7.2,228,2026-08-24 14:50:00,PT5M,73.474,100.0,90.88,56.068,40.402
481,530,341,273,36,0.15,32.5,7.2,228,2026-08-24 14:55:00,PT5M,71.813,100.0,89.4224,54.2036,38.3545
466,513,327,271,36,0.15,32.8,7.2,228,2026-08-24 15:00:00,PT5M,70.14,100.0,87.9439,52.3361,36.312
451,496,314,269,36,0.15,33.0,7.1,228,2026-08-24 15:05:00,PT5M,68.428,100.0,86.4167,50.4393,34.249
436,480,300,267,36,0.15,33.3,7.1,228,2026-08-24 15:10:00,PT5M,66.676,100.0,84.8389,48.5131,32.166
421,463,288,264,36,0.15,33.5,7.1,228,2026-08-24 15:15:00,PT5M,64.974,99.782,83.2937,46.6543,30.166
406,447,276,260,36,0.15,33.7,7.1,228,2026-08-24 15:20:00,PT5M,63.246,98.3285,81.7102,44.7818,28.1635
392,431,264,256,36,0.15,34.0,7.0,228,2026-08-24 15:25:00,PT5M,61.478,96.8115,80.0743,42.8817,26.1445
377,415,252,252,36,0.15,34.2,7.0,228,2026-08-24 15:30:00,PT5M,59.67,95.229,78.385,40.955,24.111
364,401,246,246,36,0.15,34.5,7.0,228,2026-08-24 15:35:00,PT5M,58.351,94.0025,77.1146,39.5874,22.6995
353,389,245,239,36,0.15,34.7,7.0,227,2026-08-24 15:40:00,PT5M,57.534,93.146,76.2769,38.7911,21.922
342,378,244,232,35,0.15,34.9,7.0,227,2026-08-24 15:45:00,PT5M,56.674,92.225,75.3847,37.9633,21.123
330,365,243,225,35,0.15,35.1,7.0,226,2026-08-24 15:50:00,PT5M,55.766,91.2265,74.4291,37.1029,20.3055
318,353,241,218,35,0.15,35.3,7.0,226,2026-08-24 15:55:00,PT5M,54.795,90.103,73.3779,36.2121,19.487
306,340,239,211,35,0.15,35.6,7.0,226,2026-08-24 16:00:00,PT5M,53.749,88.7515,72.1711,35.3269,18.7465
294,327,236,203,35,0.15,35.8,7.0,225,2026-08-24 16:05:00,PT5M,52.615,87.3025,70.8713,34.3587,17.9275
282,314,233,196,35,0.15,36.0,7.0,225,2026-08-24 16:10:00,PT5M,51.396,85.703,69.452,33.34,17.089
269,301,230,189,35,0.15,36.2,7.0,224,2026-08-24 16:15:00,PT5M,50.096,83.9675,67.9228,32.2692,16.2245
256,288,226,181,35,0.15,36.5,6.9,224,2026-08-24 16:20:00,PT5M,48.721,82.112,66.2949,31.1471,15.33
244,274,222,174,35,0.15,36.7,6.9,223,2026-08-24 16:25:00,PT5M,47.275,80.147,64.5758,29.9742,14.403
231,260,218,166,35,0.15,36.9,6.9,223,2026-08-24 16:30:00,PT5M,45.762,78.079,62.7707,28.7533,13.445
218,247,213,159,35,0.15,37.2,6.9,222,2026-08-24 16:35:00,PT5M,43.44,73.876,59.4587,27.4213,13.004
205,233,208,151,34,0.15,37.7,6.9,222,2026-08-24 16:40:00,PT5M,40.876,69.2625,55.816,25.936,12.4895
192,219,202,143,34,0.15,38.1,6.8,221,2026-08-24 16:45:00,PT5M,38.256,64.644,52.1442,24.3678,11.868
179,205,195,136,34,0.15,38.6,6.8,220,2026-08-24 16:50:00,PT5M,35.592,60.0005,48.4384,22.7456,11.1835
166,190,188,128,34,0.15,39.0,6.8,220,2026-08-24 16:55:00,PT5M,32.874,55.312,44.6833,21.0647,10.436
153,176,180,120,34,0.15,39.5,6.7,219,2026-08-24 17:00:00,PT5M,30.126,50.6085,40.9061,19.3459,9.6435
140,162,171,112,33,0.15,40.0,6.7,218,2026-08-24 17:05:00,PT5M,27.366,45.9165,37.1293,17.6027,8.8155
127,148,161,104,33,0.15,40.4,6.7,218,2026-08-24 17:10:00,PT5M,24.621,41.2725,33.3848,15.8572,7.9695
115,134,147,96,33,0.15,40.9,6.6,217,2026-08-24 17:15:00,PT5M,21.808,36.627,29.6073,14.0087,6.989
102,119,129,89,33,0.15,41.4,6.6,216,2026-08-24 17:20:00,PT5M,18.913,32.0005,25.801,12.025,5.8255
90,104,110,81,33,0.15,41.9,6.6,215,2026-08-24 17:25:00,PT5M,16.134,27.5715,22.1536,10.1144,4.6965
78,90,90,73,33,0.15,42.4,6.6,215,2026-08-24 17:30:00,PT5M,13.425,23.241,18.5912,8.2588,3.609
67,76,64,65,32,0.15,43.0,6.5,214,2026-08-24 17:35:00,PT5M,10.692,18.8515,14.9864,6.3976,2.5325
57,62,33,57,32,0.15,43.7,6.5,215,2026-08-24 17:40:00,PT5M,8.023,14.574,11.4708,4.5752,1.472
47,49,4,49,32,0.15,44.3,6.6,215,2026-08-24 17:45:00,PT5M,5.678,10.693,8.3174,3.0386,0.663
37,38,0,38,32,0.15,45.0,6.6,215,2026-08-24 17:50:00,PT5M,4.159,7.7815,6.0655,2.2525,0.5365
27,28,0,28,31,0.15,45.7,6.6,215,2026-08-24 17:55:00,PT5M,2.922,5.314,4.1809,1.6631,0.53
18,19,0,19,31,0.15,46.5,6.6,215,2026-08-24 18:00:00,PT5M,1.793,3.0885,2.4748,1.1112,0.4975
11,11,0,11,31,0.15,47.2,6.6,215,2026-08-24 18:05:00,PT5M,0.785,1.468,1.1445,0.4255,0.102
4,5,0,5,31,0.15,47.9,6.6,216,2026-08-24 18:10:00,PT5M,0.0,0.0835,0.0439,0.0,0.0
0,0,0,0,31,0.15,48.7,6.6,216,2026-08-24 18:15:00,PT5M,0.0,0.0,0.0,0.0,0.0
0,0,0,0,30,0.15,49.4,6.6,216,2026-08-24 18:20:00,PT5M,0.0,0.0,0.0,0.0,0.0
0,0,0,0,30,0.15,50.2,6.6,216,2026-08-24 18:25:00,PT5M,0.0,0.0,0.0,0.0,0.0
0,0,0,0,30,0.15,51.0,6.6,216,2026-08-24 18:30:00,PT5M,0.0,0.0,0.0,0.0,0.0
0,0,0,0,30,0.15,51.7,6.6,217,2026-08-24 18:35:00,PT5M,0.0,0.0,0.0,0.0,0.0
0,0,0,0,30,0.15,52.3,6.5,217,2026-08-24 18:40:00,PT5M,0.0,0.0,0.0,0.0,0.0
0,0,0,0,30,0.15,52.9,6.5,217,2026-08-24 18:45:00,PT5M,0.0,0.0,0.0,0.0,0.0
0,0,0,0,29,0.15,53.5,6.5,218,2026-08-24 18:50:00,PT5M,0.0,0.0,0.0,0.0,0.0
0,0,0,0,29,0.15,54.1,6.5,218,2026-08-24 18:55:00,PT5M,0.0,0.0,0.0,0.0,0.0
0,0,0,0,29,0.15,54.7,6.5,218,2026-08-24 19:00:00,PT5M,0.0,0.0,0.0,0.0,0.0
0,0,0,0,29,0.15,55.3,6.4,219,2026-08-24 19:05:00,PT5M,0.0,0.0,0.0,0.0,0.0
0,0,0,0,29,0.15,56.0,6.4,219,2026-08-24 19:10:00,PT5M,0.0,0.0,0.0,0.0,0.0
0,0,0,0,29,0.15,56.6,6.4,219,2026-08-24 19:15:00,PT5M,0.0,0.0,0.0,0.0,0.0
0,0,0,0,29,0.15,57.3,6.4,220,2026-08-24 19:20:00,PT5M,0.0,0.0,0.0,0.0,0.0
0,0,0,0,29,0.15,57.9,6.3,220,2026-08-24 19:25:00,PT5M,0.0,0.0,0.0,0.0,0.0
0,0,0,0,29,0.15,58.6,6.3,220,2026-08-24 19:30:00,PT5M,0.0,0.0,0.0,0.0,0.0
0,0,0,0,28,0.15,59.1,6.3,221,2026-08-24 19:35:00,PT5M,0.0,0.0,0.0,0.0,0.0
0,0,0,0,28,0.15,59.6,6.2,221,2026-08-24 19:40:00,PT5M,0.0,0.0,0.0,0.0,0.0
0,0,0,0,28,0.15,60.0,6.2,221,2026-08-24 19:45:00,PT5M,0.0,0.0,0.0,0.0,0.0
0,0,0,0,28,0.15,60.4,6.1,221,2026-08-24 19:50:00,PT5M,0.0,0.0,0.0,0.0,0.0
0,0,0,0,28,0.15,60.8,6.1,221,2026-08-24 19:55:00,PT5M,0.0,0.0,0.0,0.0,0.0
0,0,0,0,28,0.15,61.2,6.0,221,2026-08-24 20:00:00,PT5M,0.0,0.0,0.0,0.0,0.0
0,0,0,0,28,0.15,61.7,6.0,221,2026-08-24 20:05:00,PT5M,0.0,0.0,0.0,0.0,0.0
0,0,0,0,28,0.15,62.1,5.9,221,2026-08-24 20:10:00,PT5M,0.0,0.0,0.0,0.0,0.0
0,0,0,0,28,0.15,62.5,5.9,222,2026-08-24 20:15:00,PT5M,0.0,0.0,0.0,0.0,0.0
0,0,0,0,28,0.15,63.0,5.8,222,2026-08-24 20:20:00,PT5M,0.0,0.0,0.0,0.0,0.0
0,0,0,0,28,0.15,63.4,5.7,222,2026-08-24 20:25:00,PT5M,0.0,0.0,0.0,0.0,0.0
0,0,0,0,28,0.15,63.8,5.7,222,2026-08-24 20:30:00,PT5M,0.0,0.0,0.0,0.0,0.0
0,0,0,0,28,0.15,64.1,5.6,222,2026-08-24 20:35:00,PT5M,0.0,0.0,0.0,0.0,0.0
0,0,0,0,27,0.15,64.3,5.6,222,2026-08-24 20:40:00,PT5M,0.0,0.0,0.0,0.0,0.0
0,0,0,0,27,0.15,64.4,5.6,222,2026-08-24 20:45:00,PT5M,0.0,0.0,0.0,0.0,0.0
0,0,0,0,27,0.15,64.5,5.5,222,2026-08-24 20:50:00,PT5M,0.0,0.0,0.0,0.0,0.0
0,0,0,0,27,0.15,64.6,5.5,223,2026-08-24 20:55:00,PT5M,0.0,0.0,0.0,0.0,0.0
0,0,0,0,27,0.15,64.8,5.5,223,2026-08-24 21:00:00,PT5M,0.0,0.0,0.0,0.0,0.0
0,0,0,0,27,0.15,64.9,5.4,223,2026-08-24 21:05:00,PT5M,0.0,0.0,0.0,0.0,0.0
0,0,0,0,27,0.15,65.0,5.4,223,2026-08-24 21:10:00,PT5M,0.0,0.0,0.0,0.0,0.0
0,0,0,0,27,0.15,65.1,5.4,223,2026-08-24 21:15:00,PT5M,0.0,0.0,0.0,0.0,0.0
0,0,0,0,27,0.15,65.3,5.3,223,2026-08-24 21:20:00,PT5M,0.0,0.0,0.0,0.0,0.0
0,0,0,0,27,0.15,65.4,5.3,223,2026-08-24 21:25:00,PT5M,0.0,0.0,0.0,0.0,0.0
0,0,0,0,27,0.15,65.5,5.3,223,2026-08-24 21:30:00,PT5M,0.0,0.0,0.0,0.0,0.0
0,0,0,0,27,0.15,65.7,5.2,224,2026-08-24 21:35:00,PT5M,0.0,0.0,0.0,0.0,0.0
0,0,0,0,27,0.15,65.9,5.2,224,2026-08-24 21:40:00,PT5M,0.0,0.0,0.0,0.0,0.0
0,0,0,0,27,0.15,66.1,5.2,224,2026-08-24 21:45:00,PT5M,0.0,0.0,0.0,0.0,0.0
0,0,0,0,27,0.15,66.4,5.2,224,2026-08-24 21:50:00,PT5M,0.0,0.0,0.0,0.0,0.0
0,0,0,0,27,0.15,66.6,5.2,224,2026-08-24 21:55:00,PT5M,0.0,0.0,0.0,0.0,0.0
0,0,0,0,27,0.15,66.8,5.2,224,2026-08-24 22:00:00,PT5M,0.0,0.0,0.0,0.0,0.0
0,0,0,0,27,0.15,67.1,5.2,224,2026-08-24 22:05:00,PT5M,0.0,0.0,0.0,0.0,0.0
0,0,0,0,27,0.15,67.3,5.1,224,2026-08-24 22:10:00,PT5M,0.0,0.0,0.0,0.0,0.0
0,0,0,0,27,0.15,67.5,5.1,225,2026-08-24 22:15:00,PT5M,0.0,0.0,0.0,0.0,0.0
0,0,0,0,27,0.15,67.8,5.1,225,2026-08-24 22:20:00,PT5M,0.0,0.0,0.0,0.0,0.0
0,0,0,0,27,0.15,68.0,5.1,225,2026-08-24 22:25:00,PT5M,0.0,0.0,0.0,0.0,0.0
0,0,0,0,26,0.15,68.2,5.1,225,2026-08-24 22:30:00,PT5M,0.0,0.0,0.0,0.0,0.0
0,0,0,0,26,0.15,68.4,5.1,225,2026-08-24 22:35:00,PT5M,0.0,0.0,0.0,0.0,0.0
0,0,0,0,26,0.15,68.6,5.1,225,2026-08-24 22:40:00,PT5M,0.0,0.0,0.0,0.0,0.0
0,0,0,0,26,0.15,68.8,5.0,225,2026-08-24 22:45:00,PT5M,0.0,0.0,0.0,0.0,0.0
0,0,0,0,26,0.15,68.9,5.0,225,2026-08-24 22:50:00,PT5M,0.0,0.0,0.0,0.0,0.0
0,0,0,0,26,0.15,69.1,5.0,225,2026-08-24 22:55:00,PT5M,0.0,0.0,0.0,0.0,0.0
0,0,0,0,26,0.15,69.3,5.0,225,2026-08-24 23:00:00,PT5M,0.0,0.0,0.0,0.0,0.0
0,0,0,0,26,0.15,69.5,4.9,225,2026-08-24 23:05:00,PT5M,0.0,0.0,0.0,0.0,0.0
0,0,0,0,26,0.15,69.6,4.9,225,2026-08-24 23:10:00,PT5M,0.0,0.0,0.0,0.0,0.0
0,0,0,0,26,0.15,69.8,4.9,225,2026-08-24 23:15:00,PT5M,0.0,0.0,0.0,0.0,0.0
0,0,0,0,26,0.15,70.0,4.9,225,2026-08-24 23:20:00,PT5M,0.0,0.0,0.0,0.0,0.0
0,0,0,0,26,0.15,70.2,4.8,225,2026-08-24 23:25:00,PT5M,0.0,0.0,0.0,0.0,0.0
0,0,0,0,26,0.15,70.3,4.8,225,2026-08-24 23:30:00,PT5M,0.0,0.0,0.0,0.0,0.0
0,0,0,0,26,0.15,70.4,4.8,225,2026-08-24 23:35:00,PT5M,0.0,0.0,0.0,0.0,0.0
0,0,0,0,26,0.15,70.4,4.8,225,2026-08-24 23:40:00,PT5M,0.0,0.0,0.0,0.0,0.0
0,0,0,0,26,0.15,70.4,4.8,225,2026-08-24 23:45:00,PT5M,0.0,0.0,0.0,0.0,0.0
0,0,0,0,26,0.15,70.4,4.8,225,2026-08-24 23:50:00,PT5M,0.0,0.0,0.0,0.0,0.0
0,0,0,0,26,0.15,70.4,4.8,226,2026-08-24 23:55:00,PT5M,0.0,0.0,0.0,0.0,0.0
0,0,0,0,26,0.15,70.4,4.7,226,2026-08-25 00:00:00,PT5M,0.0,0.0,0.0,0.0,0.0
0,0,0,0,26,0.15,70.4,4.7,226,2026-08-25 00:05:00,PT5M,0.0,0.0,0.0,0.0,0.0
0,0,0,0,26,0.15,70.4,4.7,226,2026-08-25 00:10:00,PT5M,0.0,0.0,0.0,0.0,0.0
0,0,0,0,26,0.15,70.4,4.7,226,2026-08-25 00:15:00,PT5M,0.0,0.0,0.0,0.0,0.0
0,0,0,0,26,0.15,70.4,4.7,226,2026-08-25 00:20:00,PT5M,0.0,0.0,0.0,0.0,0.0
0,0,0,0,26,0.15,70.4,4.7,227,2026-08-25 00:25:00,PT5M,0.0,0.0,0.0,0.0,0.0
0,0,0,0,26,0.15,70.4,4.7,227,2026-08-25 00:30:00,PT5M,0.0,0.0,0.0,0.0,0.0
0,0,0,0,26,0.15,70.5,4.7,227,2026-08-25 00:35:00,PT5M,0.0,0.0,0.0,0.0,0.0
0,0,0,0,26,0.15,70.6,4.7,227,2026-08-25 00:40:00,PT5M,0.0,0.0,0.0,0.0,0.0
0,0,0,0,26,0.15,70.7,4.7,227,2026-08-25 00:45:00,PT5M,0.0,0.0,0.0,0.0,0.0
0,0,0,0,26,0.15,70.8,4.7,227,2026-08-25 00:50:00,PT5M,0.0,0.0,0.0,0.0,0.0
0,0,0,0,26,0.15,70.9,4.7,227,2026-08-25 00:55:00,PT5M,0.0,0.0,0.0,0.0,0.0
0,0,0,0,26,0.15,71.0,4.7,227,2026-08-25 01:00:00,PT5M,0.0,0.0,0.0,0.0,0.0
0,0,0,0,26,0.15,71.1,4.7,228,2026-08-25 01:05:00,PT5M,0.0,0.0,0.0,0.0,0.0
0,0,0,0,26,0.15,71.2,4.8,228,2026-08-25 01:10:00,PT5M,0.0,0.0,0.0,0.0,0.0
0,0,0,0,26,0.15,71.3,4.8,228,2026-08-25 01:15:00,PT5M,0.0,0.0,0.0,0.0,0.0
0,0,0,0,26,0.15,71.4,4.8,228,2026-08-25 01:20:00,PT5M,0.0,0.0,0.0,0.0,0.0
0,0,0,0,26,0.15,71.5,4.8,228,2026-08-25 01:25:00,PT5M,0.0,0.0,0.0,0.0,0.0
0,0,0,0,26,0.15,71.6,4.8,228,2026-08-25 01:30:00,PT5M,0.0,0.0,0.0,0.0,0.0
0,0,0,0,26,0.15,71.7,4.8,228,2026-08-25 01:35:00,PT5M,0.0,0.0,0.0,0.0,0.0
0,0,0,0,26,0.15,71.8,4.8,228,2026-08-25 01:40:00,PT5M,0.0,0.0,0.0,0.0,0.0
0,0,0,0,26,0.15,71.9,4.8,228,2026-08-25 01:45:00,PT5M,0.0,0.0,0.0,0.0,0.0
0,0,0,0,26,0.15,72.1,4.8,228,2026-08-25 01:50:00,PT5M,0.0,0.0,0.0,0.0,0.0
0,0,0,0,26,0.15,72.2,4.8,228,2026-08-25 01:55:00,PT5M,0.0,0.0,0.0,0.0,0.0
0,0,0,0,26,0.15,72.3,4.8,228,2026-08-25 02:00:00,PT5M,0.0,0.0,0.0,0.0,0.0
0,0,0,0,26,0.15,72.4,4.8,228,2026-08-25 02:05:00,PT5M,0.0,0.0,0.0,0.0,0.0
0,0,0,0,26,0.15,72.5,4.8,228,2026-08-25 02:10:00,PT5M,0.0,0.0,0.0,0.0,0.0
0,0,0,0,26,0.15,72.6,4.8,228,2026-08-25 02:15:00,PT5M,0.0,0.0,0.0,0.0,0.0
0,0,0,0,26,0.15,72.7,4.8,228,2026-08-25 02:20:00,PT5M,0.0,0.0,0.0,0.0,0.0
0,0,0,0,26,0.15,72.8,4.8,228,2026-08-25 02:25:00,PT5M,0.0,0.0,0.0,0.0,0.0
0,0,0,0,26,0.15,72.9,4.7,228,2026-08-25 02:30:00,PT5M,0.0,0.0,0.0,0.0,0.0
0,0,0,0,26,0.15,73.0,4.7,228,2026-08-25 02:35:00,PT5M,0.0,0.0,0.0,0.0,0.0
0,0,0,0,26,0.15,72.9,4.7,228,2026-08-25 02:40:00,PT5M,0.0,0.0,0.0,0.0,0.0
0,0,0,0,26,0.15,72.9,4.7,228,2026-08-25 02:45:00,PT5M,0.0,0.0,0.0,0.0,0.0
0,0,0,0,26,0.15,72.9,4.6,228,2026-08-25 02:50:00,PT5M,0.0,0.0,0.0,0.0,0.0
0,0,0,0,26,0.15,72.8,4.6,228,2026-08-25 02:55:00,PT5M,0.0,0.0,0.0,0.0,0.0
0,0,0,0,26,0.15,72.8,4.6,228,2026-08-25 03:00:00,PT5M,0.0,0.0,0.0,0.0,0.0
0,0,0,0,26,0.15,72.7,4.6,228,2026-08-25 03:05:00,PT5M,0.0,0.0,0.0,0.0,0.0
0,0,0,0,26,0.15,72.7,4.5,228,2026-08-25 03:10:00,PT5M,0.0,0.0,0.0,0.0,0.0
0,0,0,0,26,0.15,72.7,4.5,228,2026-08-25 03:15:00,PT5M,0.0,0.0,0.0,0.0,0.0
0,0,0,0,26,0.15,72.6,4.5,228,2026-08-25 03:20:00,PT5M,0.0,0.0,0.0,0.0,0.0
0,0,0,0,26,0.15,72.6,4.4,229,2026-08-25 03:25:00,PT5M,0.0,0.0,0.0,0.0,0.0
0,0,0,0,26,0.15,72.6,4.4,229,2026-08-25 03:30:00,PT5M,0.0,0.0,0.0,0.0,0.0
0,0,0,0,26,0.15,72.5,4.4,229,2026-08-25 03:35:00,PT5M,0.0,0.0,0.0,0.0,0.0
0,0,0,0,26,0.15,72.4,4.3,228,2026-08-25 03:40:00,PT5M,0.0,0.0,0.0,0.0,0.0
0,0,0,0,26,0.15,72.3,4.3,228,2026-08-25 03:45:00,PT5M,0.0,0.0,0.0,0.0,0.0
0,0,0,0,26,0.15,72.3,4.3,228,2026-08-25 03:50:00,PT5M,0.0,0.0,0.0,0.0,0.0
0,0,0,0,26,0.15,72.2,4.3,228,2026-08-25 03:55:00,PT5M,0.0,0.0,0.0,0.0,0.0
0,0,0,0,26,0.15,72.1,4.2,228,2026-08-25 04:00:00,PT5M,0.0,0.0,0.0,0.0,0.0
0,0,0,0,26,0.15,72.0,4.2,227,2026-08-25 04:05:00,PT5M,0.0,0.0,0.0,0.0,0.0
0,0,0,0,26,0.15,72.0,4.2,227,2026-08-25 04:10:00,PT5M,0.0,0.0,0.0,0.0,0.0
0,0,0,0,26,0.15,71.9,4.1,227,2026-08-25 04:15:00,PT5M,0.0,0.0,0.0,0.0,0.0
0,0,0,0,26,0.15,71.8,4.1,227,2026-08-25 04:20:00,PT5M,0.0,0.0,0.0,0.0,0.0
0,0,0,0,26,0.15,71.7,4.1,226,2026-08-25 04:25:00,PT5M,0.0,0.0,0.0,0.0,0.0
0,0,0,0,26,0.15,71.7,4.0,226,2026-08-25 04:30:00,PT5M,0.0,0.0,0.0,0.0,0.0
0,0,0,0,26,0.15,71.6,4.0,226,2026-08-25 04:35:00,PT5M,0.0,0.0,0.0,0.0,0.0
0,0,0,0,26,0.15,71.6,4.0,226,2026-08-25 04:40:00,PT5M,0.0,0.0,0.0,0.0,0.0
0,0,0,0,26,0.15,71.6,3.9,226,2026-08-25 04:45:00,PT5M,0.0,0.0,0.0,0.0,0.0
0,0,0,0,25,0.15,71.6,3.9,226,2026-08-25 04:50:00,PT5M,0.0,0.0,0.0,0.0,0.0
0,0,0,0,25,0.15,71.6,3.9,226,2026-08-25 04:55:00,PT5M,0.0,0.0,0.0,0.0,0.0
0,0,0,0,25,0.15,71.6,3.8,226,2026-08-25 05:00:00,PT5M,0.0,0.0,0.0,0.0,0.0
0,0,0,0,25,0.15,71.6,3.8,226,2026-08-25 05:05:00,PT5M,0.0,0.0,0.0,0.0,0.0
0,0,0,0,25,0.15,71.6,3.8,226,2026-08-25 05:10:00,PT5M,0.0,0.0,0.0,0.0,0.0
0,0,0,0,25,0.15,71.6,3.7,226,2026-08-25 05:15:00,PT5M,0.0,0.0,0.0,0.0,0.0
0,0,0,0,25,0.15,71.6,3.7,226,2026-08-25 05:20:00,PT5M,0.0,0.0,0.0,0.0,0.0
0,0,0,0,25,0.15,71.6,3.7,226,2026-08-25 05:25:00,PT5M,0.0,0.0,0.0,0.0,0.0
0,0,0,0,25,0.15,71.6,3.6,226,2026-08-25 05:30:00,PT5M,0.0,0.0,0.0,0.0,0.0
0,0,0,0,25,0.15,71.6,3.6,226,2026-08-25 05:35:00,PT5M,0.0,0.0,0.0,0.0,0.0
0,0,0,0,25,0.15,71.6,3.6,226,2026-08-25 05:40:00,PT5M,0.0,0.0,0.0,0.0,0.0
0,0,0,0,25,0.15,71.6,3.6,226,2026-08-25 05:45:00,PT5M,0.0,0.0,0.0,0.0,0.0
0,0,0,0,25,0.15,71.6,3.6,226,2026-08-25 05:50:00,PT5M,0.0,0.0,0.0,0.0,0.0
0,0,0,0,25,0.15,71.6,3.6,226,2026-08-25 05:55:00,PT5M,0.0,0.0,0.0,0.0,0.0
0,0,0,0,25,0.15,71.6,3.5,226,2026-08-25 06:00:00,PT5M,0.0,0.0,0.0,0.0,0.0
1,1,0,1,25,0.15,71.6,3.5,226,2026-08-25 06:05:00,PT5M,0.0,0.0,0.0,0.0,0.0
6,7,0,7,25,0.15,71.6,3.5,226,2026-08-25 06:10:00,PT5M,0.187,0.4965,0.3499,0.0241,0.0
13,13,0,13,25,0.15,71.6,3.5,226,2026-08-25 06:15:00,PT5M,1.08,2.01,1.5695,0.5905,0.15
20,21,0,21,26,0.15,71.6,3.5,226,2026-08-25 06:20:00,PT5M,2.064,3.889,3.0245,1.1035,0.239
28,29,0,29,26,0.15,71.6,3.5,226,2026-08-25 06:25:00,PT5M,3.117,6.3875,4.8383,1.3957,0.0
37,38,0,38,26,0.15,71.6,3.5,226,2026-08-25 06:30:00,PT5M,4.252,9.0045,6.7533,1.7507,0.0
47,49,0,49,26,0.15,71.5,3.5,226,2026-08-25 06:35:00,PT5M,5.659,12.06,9.0279,2.2901,0.0
58,61,7,60,26,0.15,71.1,3.5,226,2026-08-25 06:40:00,PT5M,7.431,15.546,11.702,3.16,0.0
69,75,36,69,26,0.15,70.8,3.5,227,2026-08-25 06:45:00,PT5M,9.996,19.8375,15.1757,4.8163,0.1545
80,90,67,77,26,0.15,70.4,3.5,227,2026-08-25 06:50:00,PT5M,13.021,24.5125,19.0691,6.9729,1.5295
93,106,100,84,26,0.15,70.1,3.6,227,2026-08-25 06:55:00,PT5M,16.497,29.574,23.3795,9.6145,3.42
106,123,135,91,26,0.15,69.7,3.6,227,2026-08-25 07:00:00,PT5M,20.308,34.9995,28.0402,12.5758,5.6165
120,142,173,97,26,0.15,69.4,3.6,227,2026-08-25 07:05:00,PT5M,24.659,41.014,33.2668,16.0512,8.304
135,160,207,102,26,0.15,69.1,3.6,228,2026-08-25 07:10:00,PT5M,29.069,47.1525,38.5865,19.5515,10.9855
151,179,241,107,26,0.15,68.7,3.7,228,2026-08-25 07:15:00,PT5M,33.858,53.678,44.2894,23.4266,14.038
167,200,277,111,26,0.15,68.4,3.7,228,2026-08-25 07:20:00,PT5M,39.004,60.5505,50.3441,27.6639,17.4575
184,221,315,114,27,0.15,68.1,3.7,228,2026-08-25 07:25:00,PT5M,44.502,67.762,56.7439,32.2601,21.242
202,243,353,115,27,0.15,67.7,3.7,228,2026-08-25 07:30:00,PT5M,50.286,75.236,63.4174,37.1546,25.336
219,263,379,118,27,0.15,67.2,3.8,228,2026-08-25 07:35:00,PT5M,55.299,82.056,69.3814,41.2166,28.542
235,280,392,123,27,0.15,66.5,3.8,229,2026-08-25 07:40:00,PT5M,59.315,88.041,74.4337,44.1963,30.589
251,297,403,128,27,0.15,65.8,3.9,229,2026-08-25 07:45:00,PT5M,63.381,94.1305,79.5647,47.1973,32.6315
267,315,415,133,27,0.15,65.1,3.9,229,2026-08-25 07:50:00,PT5M,66.175,97.8675,82.855,49.495,34.4825
283,332,426,137,27,0.15,64.4,3.9,229,2026-08-25 07:55:00,PT5M,68.176,100.0,85.0039,51.3481,36.2025
299,350,437,142,28,0.15,63.7,4.0,229,2026-08-25 08:00:00,PT5M,70.096,100.0,87.0926,53.0994,37.802
315,367,447,146,28,0.15,63.0,4.0,230,2026-08-25 08:05:00,PT5M,71.929,100.0,89.0432,54.8148,39.4115
331,384,456,150,28,0.15,62.3,4.1,230,2026-08-25 08:10:00,PT5M,73.661,100.0,90.872,56.45,40.9595
346,401,466,154,28,0.15,61.6,4.1,230,2026-08-25 08:15:00,PT5M,75.28,100.0,92.5613,57.9987,42.445
362,419,475,157,28,0.15,61.0,4.2,230,2026-08-25 08:20:00,PT5M,76.774,100.0,94.0937,59.4543,43.866
378,436,484,161,28,0.15,60.3,4.2,230,2026-08-25 08:25:00,PT5M,78.139,100.0,95.4637,60.8143,45.2215
394,452,492,165,29,0.15,59.7,4.2,231,2026-08-25 08:30:00,PT5M,79.356,100.0,96.6336,62.0784,46.528
409,469,499,168,29,0.15,58.9,4.3,231,2026-08-25 08:35:00,PT5M,80.424,100.0,97.629,63.219,47.734
424,484,505,172,29,0.15,58.0,4.3,231,2026-08-25 08:40:00,PT5M,81.365,100.0,98.476,64.254,48.8535
439,500,510,176,29,0.15,57.1,4.3,232,2026-08-25 08:45:00,PT5M,82.251,100.0,99.2607,65.2413,49.932
453,515,516,179,29,0.15,56.3,4.3,232,2026-08-25 08:50:00,PT5M,83.086,100.0,99.9912,66.1808,50.9655
467,530,521,183,30,0.15,55.4,4.3,233,2026-08-25 08:55:00,PT5M,83.877,100.0,100.0,67.0775,51.9575
481,545,525,186,30,0.15,54.6,4.3,233,2026-08-25 09:00:00,PT5M,84.683,100.0,100.0,67.9767,52.9405
495,560,530,189,30,0.15,53.8,4.3,234,2026-08-25 09:05:00,PT5M,85.397,100.0,100.0,68.8523,53.9615
509,575,535,192,30,0.15,52.9,4.3,234,2026-08-25 09:10:00,PT5M,86.139,100.0,100.0,69.8535,55.196
523,589,541,195,30,0.15,52.1,4.3,235,2026-08-25 09:15:00,PT5M,86.91,100.0,100.0,70.8842,56.4605
536,604,547,197,30,0.15,51.4,4.3,235,2026-08-25 09:20:00,PT5M,87.647,100.0,100.0,71.8746,57.679
550,618,552,199,31,0.15,50.6,4.3,236,2026-08-25 09:25:00,PT5M,88.354,100.0,100.0,72.8282,58.8545
563,632,558,201,31,0.15,49.8,4.3,236,2026-08-25 09:30:00,PT5M,89.03,100.0,100.0,73.7442,59.9865
576,646,564,203,31,0.15,49.0,4.3,236,2026-08-25 09:35:00,PT5M,89.722,100.0,100.0,74.6525,61.0895
589,660,570,205,31,0.15,48.2,4.4,236,2026-08-25 09:40:00,PT5M,90.432,100.0,100.0,75.5554,62.166
602,673,576,206,31,0.15,47.4,4.4,235,2026-08-25 09:45:00,PT5M,91.116,100.0,100.0,76.426,63.2045
614,687,582,207,32,0.15,46.6,4.4,235,2026-08-25 09:50:00,PT5M,91.755,100.0,100.0,77.2431,64.182
626,699,587,209,32,0.15,45.9,4.4,235,2026-08-25 09:55:00,PT5M,92.33,100.0,100.0,77.985,65.074
638,712,592,210,32,0.15,45.1,4.4,234,2026-08-25 10:00:00,PT5M,92.883,100.0,100.0,78.6985,65.932
649,724,597,211,32,0.15,44.4,4.5,234,2026-08-25 10:05:00,PT5M,93.414,100.0,100.0,79.3832,66.755
660,735,602,213,32,0.15,43.7,4.5,234,2026-08-25 10:10:00,PT5M,93.922,100.0,100.0,80.0362,67.5385
670,747,606,213,33,0.15,42.9,4.5,233,2026-08-25 10:15:00,PT5M,94.407,100.0,100.0,80.6596,68.2865
681,757,611,214,33,0.15,42.2,4.5,233,2026-08-25 10:20:00,PT5M,94.868,100.0,100.0,81.2524,68.998
691,768,616,215,33,0.15,41.6,4.5,233,2026-08-25 10:25:00,PT5M,95.307,100.0,100.0,81.8162,69.674
700,778,620,216,33,0.15,40.9,4.6,232,2026-08-25 10:30:00,PT5M,95.724,100.0,100.0,82.3519,70.3165
708,787,621,218,33,0.15,40.5,4.6,232,2026-08-25 10:35:00,PT5M,95.959,100.0,100.0,82.6774,70.7235
715,793,618,222,33,0.15,40.4,4.7,231,2026-08-25 10:40:00,PT5M,96.01,100.0,100.0,82.7905,70.8925
721,799,615,225,33,0.15,40.3,4.8,230,2026-08-25 10:45:00,PT5M,96.044,100.0,100.0,82.8805,71.033
726,804,613,229,33,0.15,40.1,4.9,229,2026-08-25 10:50:00,PT5M,96.061,100.0,100.0,82.9478,71.1455
731,809,610,232,33,0.15,40.0,5.0,228,2026-08-25 10:55:00,PT5M,96.058,100.0,100.0,82.9874,71.2235
736,814,606,236,34,0.15,39.9,5.0,228,2026-08-25 11:00:00,PT5M,96.036,100.0,100.0,82.9991,71.2655
740,818,603,239,34,0.15,39.8,5.1,227,2026-08-25 11:05:00,PT5M,95.989,100.0,100.0,82.9697,71.252
744,821,600,243,34,0.15,39.7,5.2,226,2026-08-25 11:10:00,PT5M,95.925,100.0,100.0,82.9686,71.3075
747,825,597,246,34,0.15,39.6,5.3,226,2026-08-25 11:15:00,PT5M,95.85,100.0,100.0,82.9065,71.257
750,827,593,249,34,0.15,39.5,5.4,225,2026-08-25 11:20:00,PT5M,95.761,100.0,100.0,82.8299,71.1915
752,829,590,252,34,0.15,39.4,5.5,224,2026-08-25 11:25:00,PT5M,95.651,100.0,100.0,82.7154,71.073
754,831,586,255,34,0.15,39.3,5.6,224,2026-08-25 11:30:00,PT5M,95.522,100.0,100.0,82.5722,70.917
756,832,582,258,34,0.15,39.2,5.7,223,2026-08-25 11:35:00,PT5M,95.373,100.0,100.0,82.4132,70.749
757,833,578,262,34,0.15,39.1,5.7,223,2026-08-25 11:40:00,PT5M,95.203,100.0,100.0,82.2382,70.5695
757,833,573,265,34,0.15,39.1,5.8,222,2026-08-25 11:45:00,PT5M,95.015,100.0,100.0,82.0386,70.3595
757,833,569,268,34,0.15,39.1,5.8,222,2026-08-25 11:50:00,PT5M,94.806,100.0,100.0,81.8107,70.1145
757,832,564,270,34,0.15,39.0,5.9,222,2026-08-25 11:55:00,PT5M,94.577,100.0,100.0,81.5548,69.8345
756,831,560,273,34,0.15,39.0,5.9,221,2026-08-25 12:00:00,PT5M,94.323,100.0,100.0,81.2658,69.514
754,829,554,276,34,0.15,39.0,6.0,221,2026-08-25 12:05:00,PT5M,94.032,100.0,100.0,80.9301,69.138
752,826,549,279,34,0.15,38.9,6.0,220,2026-08-25 12:10:00,PT5M,93.75,100.0,100.0,80.5955,68.756
750,824,544,282,34,0.15,38.9,6.1,220,2026-08-25 12:15:00,PT5M,93.524,100.0,100.0,80.3097,68.4165
747,820,538,284,34,0.15,38.9,6.1,219,2026-08-25 12:20:00,PT5M,93.269,100.0,100.0,79.9861,68.031
744,816,533,287,34,0.15,38.8,6.2,219,2026-08-25 12:25:00,PT5M,92.98,100.0,100.0,79.6197,67.595
740,812,527,289,34,0.15,38.8,6.2,219,2026-08-25 12:30:00,PT5M,92.666,100.0,100.0,79.2202,67.1185
736,807,520,292,34,0.15,38.7,6.3,219,2026-08-25 12:35:00,PT5M,92.402,100.0,100.0,78.8509,66.6545
731,802,514,294,34,0.15,38.6,6.3,219,2026-08-25 12:40:00,PT5M,92.045,100.0,100.0,78.3694,66.061
726,796,508,296,34,0.15,38.5,6.3,220,2026-08-25 12:45:00,PT5M,91.666,100.0,100.0,77.8604,65.435
721,790,502,298,34,0.15,38.4,6.4,220,2026-08-25 12:50:00,PT5M,91.262,100.0,100.0,77.3201,64.772
715,784,496,299,34,0.15,38.3,6.4,220,2026-08-25 12:55:00,PT5M,90.833,100.0,100.0,76.748,64.071
709,777,490,301,34,0.15,38.1,6.4,221,2026-08-25 13:00:00,PT5M,90.371,100.0,100.0,76.1275,63.308
703,770,483,302,34,0.15,38.0,6.4,221,2026-08-25 13:05:00,PT5M,89.882,100.0,100.0,75.4733,62.505
696,762,477,303,34,0.15,37.9,6.5,221,2026-08-25 13:10:00,PT5M,89.38,100.0,100.0,74.8137,61.7035
689,754,470,304,34,0.15,37.8,6.5,222,2026-08-25 13:15:00,PT5M,88.864,100.0,100.0,74.1469,60.901
681,746,464,305,34,0.15,37.7,6.5,222,2026-08-25 13:20:00,PT5M,88.303,100.0,100.0,73.4127,60.011
673,737,457,306,34,0.15,37.6,6.5,223,2026-08-25 13:25:00,PT5M,87.71,100.0,100.0,72.6392,59.075
665,728,451,306,34,0.15,37.5,6.6,223,2026-08-25 13:30:00,PT5M,87.086,100.0,100.0,71.8286,58.0965
656,719,444,306,34,0.15,37.4,6.6,223,2026-08-25 13:35:00,PT5M,86.435,100.0,100.0,70.9981,57.1045
648,709,438,306,35,0.15,37.3,6.6,224,2026-08-25 13:40:00,PT5M,85.759,100.0,100.0,70.1503,56.102
638,699,432,306,35,0.15,37.2,6.7,225,2026-08-25 13:45:00,PT5M,85.054,100.0,100.0,69.27,55.064
629,689,425,305,35,0.15,37.1,6.7,225,2026-08-25 13:50:00,PT5M,84.323,100.0,100.0,68.3604,53.9935
619,679,419,304,35,0.15,37.0,6.8,226,2026-08-25 13:55:00,PT5M,83.568,100.0,99.7127,67.4233,52.8925
609,668,412,303,35,0.15,36.9,6.8,226,2026-08-25 14:00:00,PT5M,82.783,100.0,99.114,66.452,51.7535
599,657,406,302,35,0.15,36.8,6.8,227,2026-08-25 14:05:00,PT5M,81.968,100.0,98.4893,65.4467,50.577
588,645,399,300,35,0.15,36.7,6.9,227,2026-08-25 14:10:00,PT5M,81.123,100.0,97.8385,64.4075,49.363
578,634,393,298,35,0.15,36.6,6.9,228,2026-08-25 14:15:00,PT5M,80.246,100.0,97.1605,63.3315,48.108
567,622,386,296,35,0.15,36.5,7.0,228,2026-08-25 14:20:00,PT5M,79.338,100.0,96.4569,62.2191,46.8115
555,609,379,294,35,0.15,36.4,7.0,229,2026-08-25 14:25:00,PT5M,78.399,100.0,95.7253,61.0727,45.4785
544,597,373,292,35,0.15,36.3,7.1,229,2026-08-25 14:30:00,PT5M,77.427,100.0,94.9643,59.8897,44.1055
531,583,363,290,35,0.15,36.3,7.1,229,2026-08-25 14:35:00,PT5M,76.209,100.0,93.9882,58.4298,42.428
517,567,351,289,35,0.15,36.5,7.1,229,2026-08-25 14:40:00,PT5M,74.759,100.0,92.805,56.713,40.471
503,552,339,287,35,0.15,36.7,7.1,228,2026-08-25 14:45:00,PT5M,73.313,100.0,91.6259,55.0001,38.518
489,536,327,285,35,0.15,36.9,7.1,228,2026-08-25 14:50:00,PT5M,71.83,100.0,90.2902,53.3698,36.755
474,520,316,283,35,0.15,37.2,7.1,227,2026-08-25 14:55:00,PT5M,70.31,100.0,88.9071,51.7129,34.975
460,504,304,280,35,0.15,37.4,7.1,226,2026-08-25 15:00:00,PT5M,68.753,100.0,87.4795,50.0265,33.172
446,489,293,277,35,0.15,37.6,7.1,226,2026-08-25 15:05:00,PT5M,67.16,100.0,86.0081,48.3119,31.348
431,473,281,273,35,0.15,37.8,7.1,225,2026-08-25 15:10:00,PT5M,65.528,100.0,84.4887,46.5673,29.502
417,457,271,269,34,0.15,38.0,7.1,225,2026-08-25 15:15:00,PT5M,63.952,100.0,83.0104,44.8936,27.7405
403,442,261,265,34,0.15,38.3,7.1,224,2026-08-25 15:20:00,PT5M,62.348,98.7255,81.4937,43.2023,25.9705
389,427,251,260,34,0.15,38.5,7.1,224,2026-08-25 15:25:00,PT5M,60.704,97.227,79.9263,41.4817,24.181
375,411,241,255,34,0.15,38.7,7.1,223,2026-08-25 15:30:00,PT5M,59.021,95.6675,78.3083,39.7337,22.3745
362,397,235,249,34,0.15,38.9,7.0,223,2026-08-25 15:35:00,PT5M,57.642,94.341,76.9569,38.3271,20.943
350,385,232,243,34,0.15,39.1,7.0,223,2026-08-25 15:40:00,PT5M,56.577,93.2545,75.8806,37.2734,19.8995
338,372,228,236,34,0.15,39.4,6.9,223,2026-08-25 15:45:00,PT5M,55.469,92.1005,74.7484,36.1896,18.8375
326,359,225,229,34,0.15,39.6,6.8,223,2026-08-25 15:50:00,PT5M,54.313,90.8045,73.5187,35.1073,17.8215
314,346,221,222,34,0.15,39.8,6.8,224,2026-08-25 15:55:00,PT5M,53.1,89.4455,72.2289,33.9711,16.7545
301,332,217,214,34,0.15,40.0,6.7,224,2026-08-25 16:00:00,PT5M,51.868,87.9795,70.8737,32.8623,15.7565
289,319,213,207,34,0.15,40.3,6.7,224,2026-08-25 16:05:00,PT5M,50.506,86.3115,69.3507,31.6613,14.7005
276,305,208,200,33,0.15,40.5,6.6,224,2026-08-25 16:10:00,PT5M,49.07,84.504,67.7192,30.4208,13.636
263,292,204,192,33,0.15,40.7,6.5,225,2026-08-25 16:15:00,PT5M,47.565,82.5715,65.9892,29.1408,12.5585
250,278,198,185,33,0.15,40.9,6.5,225,2026-08-25 16:20:00,PT5M,45.995,80.5285,64.1702,27.8198,11.4615
237,264,193,177,33,0.15,41.2,6.4,225,2026-08-25 16:25:00,PT5M,44.366,78.387,62.2715,26.4605,10.345
224,250,187,170,33,0.15,41.4,6.3,226,2026-08-25 16:30:00,PT5M,42.68,76.153,60.2971,25.0629,9.207
211,236,179,162,33,0.15,41.7,6.3,225,2026-08-25 16:35:00,PT5M,40.08,71.556,56.646,23.514,8.604
198,221,170,155,33,0.15,42.1,6.2,225,2026-08-25 16:40:00,PT5M,37.222,66.6475,52.7089,21.7351,7.7965
185,207,160,147,33,0.15,42.5,6.1,225,2026-08-25 16:45:00,PT5M,34.377,61.788,48.8036,19.9504,6.966
172,192,150,139,33,0.15,42.9,6.1,224,2026-08-25 16:50:00,PT5M,31.553,56.9585,44.9241,18.1819,6.1475
159,178,139,132,32,0.15,43.3,6.0,224,2026-08-25 16:55:00,PT5M,28.759,52.1595,41.0749,16.4431,5.3585
146,163,128,124,32,0.15,43.7,5.9,223,2026-08-25 17:00:00,PT5M,25.98,47.383,37.2446,14.7154,4.577
133,149,116,116,32,0.15,44.2,5.9,223,2026-08-25 17:05:00,PT5M,23.253,42.6745,33.4747,13.0313,3.8315
121,135,103,108,32,0.15,44.6,5.8,223,2026-08-25 17:10:00,PT5M,20.602,38.0705,29.7958,11.4082,3.1335
109,121,88,99,32,0.15,45.0,5.7,222,2026-08-25 17:15:00,PT5M,17.936,33.515,26.1353,9.7367,2.357
97,107,69,91,32,0.15,45.4,5.7,222,2026-08-25 17:20:00,PT5M,15.335,29.1175,22.5888,8.0812,1.5525
85,93,51,83,31,0.15,45.9,5.6,221,2026-08-25 17:25:00,PT5M,12.802,24.8615,19.149,6.455,0.7425
74,80,32,74,31,0.15,46.3,5.6,221,2026-08-25 17:30:00,PT5M,10.4,20.7485,15.8465,4.9535,0.0515
64,67,11,65,31,0.15,46.8,5.6,221,2026-08-25 17:35:00,PT5M,8.163,16.7605,12.6879,3.6381,0.0
53,55,0,55,31,0.15,47.4,5.7,221,2026-08-25 17:40:00,PT5M,6.383,13.2805,10.0132,2.7528,0.0
42,44,0,44,31,0.15,47.9,5.7,221,2026-08-25 17:45:00,PT5M,4.904,10.1795,7.6805,2.1275,0.0
32,34,0,34,31,0.15,48.5,5.8,221,2026-08-25 17:50:00,PT5M,3.623,7.438,5.6309,1.6151,0.0
24,25,0,25,31,0.15,49.1,5.9,221,2026-08-25 17:55:00,PT5M,2.516,5.0175,3.8326,1.1994,0.0145
16,17,0,17,30,0.15,49.6,6.0,221,2026-08-25 18:00:00,PT5M,1.5,2.881,2.2268,0.7732,0.119
9,10,0,10,30,0.15,50.2,6.1,221,2026-08-25 18:05:00,PT5M,0.589,1.242,0.9327,0.2453,0.0
4,4,0,4,30,0.15,50.8,6.1,221,2026-08-25 18:10:00,PT5M,0.0,0.0405,0.0213,0.0,0.0
0,0,0,0,30,0.15,51.4,6.2,221,2026-08-25 18:15:00,PT5M,0.0,0.0,0.0,0.0,0.0
0,0,0,0,30,0.15,52.0,6.3,221,2026-08-25 18:20:00,PT5M,0.0,0.0,0.0,0.0,0.0
0,0,0,0,30,0.15,52.6,6.4,221,2026-08-25 18:25:00,PT5M,0.0,0.0,0.0,0.0,0.0
0,0,0,0,29,0.15,53.2,6.5,221,2026-08-25 18:30:00,PT5M,0.0,0.0,0.0,0.0,0.0
0,0,0,0,29,0.15,53.8,6.5,221,2026-08-25 18:35:00,PT5M,0.0,0.0,0.0,0.0,0.0
0,0,0,0,29,0.15,54.2,6.5,222,2026-08-25 18:40:00,PT5M,0.0,0.0,0.0,0.0,0.0
0,0,0,0,29,0.15,54.6,6.5,222,2026-08-25 18:45:00,PT5M,0.0,0.0,0.0,0.0,0.0
0,0,0,0,29,0.15,55.0,6.5,222,2026-08-25 18:50:00,PT5M,0.0,0.0,0.0,0.0,0.0
0,0,0,0,29,0.15,55.5,6.5,223,2026-08-25 18:55:00,PT5M,0.0,0.0,0.0,0.0,0.0
0,0,0,0,29,0.15,55.9,6.5,223,2026-08-25 19:00:00,PT5M,0.0,0.0,0.0,0.0,0.0
0,0,0,0,29,0.15,56.4,6.5,223,2026-08-25 19:05:00,PT5M,0.0,0.0,0.0,0.0,0.0
0,0,0,0,29,0.15,56.8,6.5,224,2026-08-25 19:10:00,PT5M,0.0,0.0,0.0,0.0,0.0
0,0,0,0,28,0.15,57.2,6.5,224,2026-08-25 19:15:00,PT5M,0.0,0.0,0.0,0.0,0.0
0,0,0,0,28,0.15,57.7,6.5,224,2026-08-25 19:20:00,PT5M,0.0,0.0,0.0,0.0,0.0
0,0,0,0,28,0.15,58.1,6.5,225,2026-08-25 19:25:00,PT5M,0.0,0.0,0.0,0.0,0.0
0,0,0,0,28,0.15,58.6,6.5,225,2026-08-25 19:30:00,PT5M,0.0,0.0,0.0,0.0,0.0
0,0,0,0,28,0.15,59.0,6.5,225,2026-08-25 19:35:00,PT5M,0.0,0.0,0.0,0.0,0.0
0,0,0,0,28,0.15,59.3,6.4,225,2026-08-25 19:40:00,PT5M,0.0,0.0,0.0,0.0,0.0
0,0,0,0,28,0.15,59.6,6.4,225,2026-08-25 19:45:00,PT5M,0.0,0.0,0.0,0.0,0.0
0,0,0,0,28,0.15,60.0,6.3,226,2026-08-25 19:50:00,PT5M,0.0,0.0,0.0,0.0,0.0
0,0,0,0,28,0.15,60.3,6.3,226,2026-08-25 19:55:00,PT5M,0.0,0.0,0.0,0.0,0.0
0,0,0,0,28,0.15,60.6,6.2,226,2026-08-25 20:00:00,PT5M,0.0,0.0,0.0,0.0,0.0
0,0,0,0,28,0.15,61.0,6.2,226,2026-08-25 20:05:00,PT5M,0.0,0.0,0.0,0.0,0.0
0,0,0,0,28,0.15,61.3,6.1,226,2026-08-25 20:10:00,PT5M,0.0,0.0,0.0,0.0,0.0
0,0,0,0,27,0.15,61.6,6.1,226,2026-08-25 20:15:00,PT5M,0.0,0.0,0.0,0.0,0.0
0,0,0,0,27,0.15,62.0,6.0,227,2026-08-25 20:20:00,PT5M,0.0,0.0,0.0,0.0,0.0
0,0,0,0,27,0.15,62.3,6.0,227,2026-08-25 20:25:00,PT5M,0.0,0.0,0.0,0.0,0.0
0,0,0,0,27,0.15,62.6,5.9,227,2026-08-25 20:30:00,PT5M,0.0,0.0,0.0,0.0,0.0
0,0,0,0,27,0.15,63.0,5.8,227,2026-08-25 20:35:00,PT5M,0.0,0.0,0.0,0.0,0.0
0,0,0,0,27,0.15,63.2,5.8,227,2026-08-25 20:40:00,PT5M,0.0,0.0,0.0,0.0,0.0
0,0,0,0,27,0.15,63.5,5.7,227,2026-08-25 20:45:00,PT5M,0.0,0.0,0.0,0.0,0.0
0,0,0,0,27,0.15,63.8,5.6,227,2026-08-25 20:50:00,PT5M,0.0,0.0,0.0,0.0,0.0
0,0,0,0,27,0.15,64.1,5.5,227,2026-08-25 20:55:00,PT5M,0.0,0.0,0.0,0.0,0.0
0,0,0,0,27,0.15,64.4,5.5,227,2026-08-25 21:00:00,PT5M,0.0,0.0,0.0,0.0,0.0
0,0,0,0,27,0.15,64.7,5.4,227,2026-08-25 21:05:00,PT5M,0.0,0.0,0.0,0.0,0.0
0,0,0,0,27,0.15,65.0,5.3,227,2026-08-25 21:10:00,PT5M,0.0,0.0,0.0,0.0,0.0
0,0,0,0,27,0.15,65.3,5.2,227,2026-08-25 21:15:00,PT5M,0.0,0.0,0.0,0.0,0.0
0,0,0,0,27,0.15,65.6,5.1,227,2026-08-25 21:20:00,PT5M,0.0,0.0,0.0,0.0,0.0
0,0,0,0,27,0.15,65.9,5.1,227,2026-08-25 21:25:00,PT5M,0.0,0.0,0.0,0.0,0.0
0,0,0,0,27,0.15,66.1,5.0,227,2026-08-25 21:30:00,PT5M,0.0,0.0,0.0,0.0,0.0
0,0,0,0,27,0.15,66.4,4.9,227,2026-08-25 21:35:00,PT5M,0.0,0.0,0.0,0.0,0.0
0,0,0,0,27,0.15,66.5,4.9,226,2026-08-25 21:40:00,PT5M,0.0,0.0,0.0,0.0,0.0
0,0,0,0,27,0.15,66.7,4.9,226,2026-08-25 21:45:00,PT5M,0.0,0.0,0.0,0.0,0.0
0,0,0,0,27,0.15,66.9,4.9,226,2026-08-25 21:50:00,PT5M,0.0,0.0,0.0,0.0,0.0
0,0,0,0,27,0.15,67.1,4.9,226,2026-08-25 21:55:00,PT5M,0.0,0.0,0.0,0.0,0.0
0,0,0,0,27,0.15,67.2,4.9,226,2026-08-25 22:00:00,PT5M,0.0,0.0,0.0,0.0,0.0
0,0,0,0,26,0.15,67.4,4.8,225,2026-08-25 22:05:00,PT5M,0.0,0.0,0.0,0.0,0.0
0,0,0,0,26,0.15,67.6,4.8,225,2026-08-25 22:10:00,PT5M,0.0,0.0,0.0,0.0,0.0
0,0,0,0,26,0.15,67.7,4.8,225,2026-08-25 22:15:00,PT5M,0.0,0.0,0.0,0.0,0.0
0,0,0,0,26,0.15,67.9,4.8,225,2026-08-25 22:20:00,PT5M,0.0,0.0,0.0,0.0,0.0
0,0,0,0,26,0.15,68.1,4.8,224,2026-08-25 22:25:00,PT5M,0.0,0.0,0.0,0.0,0.0
0,0,0,0,26,0.15,68.2,4.7,224,2026-08-25 22:30:00,PT5M,0.0,0.0,0.0,0.0,0.0
0,0,0,0,26,0.15,68.4,4.7,224,2026-08-25 22:35:00,PT5M,0.0,0.0,0.0,0.0,0.0
0,0,0,0,26,0.15,68.6,4.7,224,2026-08-25 22:40:00,PT5M,0.0,0.0,0.0,0.0,0.0
0,0,0,0,26,0.15,68.8,4.6,224,2026-08-25 22:45:00,PT5M,0.0,0.0,0.0,0.0,0.0
0,0,0,0,26,0.15,69.0,4.6,224,2026-08-25 22:50:00,PT5M,0.0,0.0,0.0,0.0,0.0
0,0,0,0,26,0.15,69.2,4.6,224,2026-08-25 22:55:00,PT5M,0.0,0.0,0.0,0.0,0.0
0,0,0,0,26,0.15,69.5,4.5,225,2026-08-25 23:00:00,PT5M,0.0,0.0,0.0,0.0,0.0
0,0,0,0,26,0.15,69.7,4.5,225,2026-08-25 23:05:00,PT5M,0.0,0.0,0.0,0.0,0.0
0,0,0,0,26,0.15,69.9,4.4,225,2026-08-25 23:10:00,PT5M,0.0,0.0,0.0,0.0,0.0
0,0,0,0,26,0.15,70.1,4.4,225,2026-08-25 23:15:00,PT5M,0.0,0.0,0.0,0.0,0.0
0,0,0,0,26,0.15,70.3,4.3,225,2026-08-25 23:20:00,PT5M,0.0,0.0,0.0,0.0,0.0
0,0,0,0,26,0.15,70.5,4.3,225,2026-08-25 23:25:00,PT5M,0.0,0.0,0.0,0.0,0.0
0,0,0,0,26,0.15,70.7,4.3,225,2026-08-25 23:30:00,PT5M,0.0,0.0,0.0,0.0,0.0
0,0,0,0,26,0.15,70.8,4.2,225,2026-08-25 23:35:00,PT5M,0.0,0.0,0.0,0.0,0.0
0,0,0,0,26,0.15,70.9,4.2,225,2026-08-25 23:40:00,PT5M,0.0,0.0,0.0,0.0,0.0
0,0,0,0,26,0.15,71.0,4.2,224,2026-08-25 23:45:00,PT5M,0.0,0.0,0.0,0.0,0.0
0,0,0,0,26,0.15,71.1,4.2,224,2026-08-25 23:50:00,PT5M,0.0,0.0,0.0,0.0,0.0
0,0,0,0,26,0.15,71.1,4.2,224,2026-08-25 23:55:00,PT5M,0.0,0.0,0.0,0.0,0.0
0,0,0,0,26,0.15,71.2,4.2,224,2026-08-26 00:00:00,PT5M,0.0,0.0,0.0,0.0,0.0
0,0,0,0,26,0.15,71.3,4.2,223,2026-08-26 00:05:00,PT5M,0.0,0.0,0.0,0.0,0.0
0,0,0,0,26,0.15,71.3,4.2,223,2026-08-26 00:10:00,PT5M,0.0,0.0,0.0,0.0,0.0
0,0,0,0,26,0.15,71.4,4.2,223,2026-08-26 00:15:00,PT5M,0.0,0.0,0.0,0.0,0.0
0,0,0,0,26,0.15,71.5,4.2,223,2026-08-26 00:20:00,PT5M,0.0,0.0,0.0,0.0,0.0
0,0,0,0,26,0.15,71.6,4.2,222,2026-08-26 00:25:00,PT5M,0.0,0.0,0.0,0.0,0.0
0,0,0,0,26,0.15,71.6,4.2,222,2026-08-26 00:30:00,PT5M,0.0,0.0,0.0,0.0,0.0
0,0,0,0,26,0.15,71.7,4.2,222,2026-08-26 00:35:00,PT5M,0.0,0.0,0.0,0.0,0.0
0,0,0,0,26,0.15,71.8,4.2,223,2026-08-26 00:40:00,PT5M,0.0,0.0,0.0,0.0,0.0
0,0,0,0,26,0.15,71.9,4.2,224,2026-08-26 00:45:00,PT5M,0.0,0.0,0.0,0.0,0.0
0,0,0,0,26,0.15,71.9,4.2,224,2026-08-26 00:50:00,PT5M,0.0,0.0,0.0,0.0,0.0
0,0,0,0,26,0.15,72.0,4.2,225,2026-08-26 00:55:00,PT5M,0.0,0.0,0.0,0.0,0.0
0,0,0,0,26,0.15,72.1,4.2,225,2026-08-26 01:00:00,PT5M,0.0,0.0,0.0,0.0,0.0
0,0,0,0,26,0.15,72.1,4.2,226,2026-08-26 01:05:00,PT5M,0.0,0.0,0.0,0.0,0.0
0,0,0,0,26,0.15,72.2,4.2,226,2026-08-26 01:10:00,PT5M,0.0,0.0,0.0,0.0,0.0
0,0,0,0,26,0.15,72.3,4.2,227,2026-08-26 01:15:00,PT5M,0.0,0.0,0.0,0.0,0.0
0,0,0,0,26,0.15,72.4,4.2,227,2026-08-26 01:20:00,PT5M,0.0,0.0,0.0,0.0,0.0
0,0,0,0,26,0.15,72.4,4.2,228,2026-08-26 01:25:00,PT5M,0.0,0.0,0.0,0.0,0.0
0,0,0,0,26,0.15,72.5,4.2,229,2026-08-26 01:30:00,PT5M,0.0,0.0,0.0,0.0,0.0
0,0,0,0,26,0.15,72.5,4.3,229,2026-08-26 01:35:00,PT5M,0.0,0.0,0.0,0.0,0.0
0,0,0,0,26,0.15,72.5,4.3,229,2026-08-26 01:40:00,PT5M,0.0,0.0,0.0,0.0,0.0
0,0,0,0,26,0.15,72.5,4.3,228,2026-08-26 01:45:00,PT5M,0.0,0.0,0.0,0.0,0.0
0,0,0,0,25,0.15,72.5,4.2,228,2026-08-26 01:50:00,PT5M,0.0,0.0,0.0,0.0,0.0
0,0,0,0,25,0.15,72.5,4.2,228,2026-08-26 01:55:00,PT5M,0.0,0.0,0.0,0.0,0.0
0,0,0,0,25,0.15,72.5,4.2,228,2026-08-26 02:00:00,PT5M,0.0,0.0,0.0,0.0,0.0
0,0,0,0,25,0.15,72.5,4.2,228,2026-08-26 02:05:00,PT5M,0.0,0.0,0.0,0.0,0.0
0,0,0,0,25,0.15,72.5,4.2,228,2026-08-26 02:10:00,PT5M,0.0,0.0,0.0,0.0,0.0
0,0,0,0,25,0.15,72.5,4.2,227,2026-08-26 02:15:00,PT5M,0.0,0.0,0.0,0.0,0.0
0,0,0,0,25,0.15,72.5,4.2,227,2026-08-26 02:20:00,PT5M,0.0,0.0,0.0,0.0,0.0
0,0,0,0,25,0.15,72.5,4.2,227,2026-08-26 02:25:00,PT5M,0.0,0.0,0.0,0.0,0.0
0,0,0,0,25,0.15,72.5,4.2,227,2026-08-26 02:30:00,PT5M,0.0,0.0,0.0,0.0,0.0
0,0,0,0,25,0.15,72.5,4.2,227,2026-08-26 02:35:00,PT5M,0.0,0.0,0.0,0.0,0.0
0,0,0,0,25,0.15,72.6,4.2,227,2026-08-26 02:40:00,PT5M,0.0,0.0,0.0,0.0,0.0
0,0,0,0,25,0.15,72.7,4.2,227,2026-08-26 02:45:00,PT5M,0.0,0.0,0.0,0.0,0.0
0,0,0,0,25,0.15,72.8,4.2,227,2026-08-26 02:50:00,PT5M,0.0,0.0,0.0,0.0,0.0
0,0,0,0,25,0.15,72.8,4.2,227,2026-08-26 02:55:00,PT5M,0.0,0.0,0.0,0.0,0.0
0,0,0,0,25,0.15,72.9,4.2,226,2026-08-26 03:00:00,PT5M,0.0,0.0,0.0,0.0,0.0
0,0,0,0,25,0.15,73.0,4.2,226,2026-08-26 03:05:00,PT5M,0.0,0.0,0.0,0.0,0.0
0,0,0,0,25,0.15,73.0,4.2,226,2026-08-26 03:10:00,PT5M,0.0,0.0,0.0,0.0,0.0
0,0,0,0,25,0.15,73.1,4.2,226,2026-08-26 03:15:00,PT5M,0.0,0.0,0.0,0.0,0.0
0,0,0,0,25,0.15,73.2,4.2,226,2026-08-26 03:20:00,PT5M,0.0,0.0,0.0,0.0,0.0
0,0,0,0,25,0.15,73.3,4.2,226,2026-08-26 03:25:00,PT5M,0.0,0.0,0.0,0.0,0.0
0,0,0,0,25,0.15,73.3,4.2,226,2026-08-26 03:30:00,PT5M,0.0,0.0,0.0,0.0,0.0
0,0,0,0,25,0.15,73.3,4.2,226,2026-08-26 03:35:00,PT5M,0.0,0.0,0.0,0.0,0.0
0,0,0,0,25,0.15,73.2,4.2,226,2026-08-26 03:40:00,PT5M,0.0,0.0,0.0,0.0,0.0
0,0,0,0,25,0.15,73.0,4.2,226,2026-08-26 03:45:00,PT5M,0.0,0.0,0.0,0.0,0.0
0,0,0,0,25,0.15,72.9,4.2,225,2026-08-26 03:50:00,PT5M,0.0,0.0,0.0,0.0,0.0
0,0,0,0,25,0.15,72.7,4.2,225,2026-08-26 03:55:00,PT5M,0.0,0.0,0.0,0.0,0.0
0,0,0,0,25,0.15,72.6,4.2,225,2026-08-26 04:00:00,PT5M,0.0,0.0,0.0,0.0,0.0
0,0,0,0,25,0.15,72.4,4.2,225,2026-08-26 04:05:00,PT5M,0.0,0.0,0.0,0.0,0.0
0,0,0,0,25,0.15,72.3,4.3,225,2026-08-26 04:10:00,PT5M,0.0,0.0,0.0,0.0,0.0
0,0,0,0,25,0.15,72.1,4.3,225,2026-08-26 04:15:00,PT5M,0.0,0.0,0.0,0.0,0.0
0,0,0,0,25,0.15,72.0,4.3,224,2026-08-26 04:20:00,PT5M,0.0,0.0,0.0,0.0,0.0
0,0,0,0,25,0.15,71.8,4.3,224,2026-08-26 04:25:00,PT5M,0.0,0.0,0.0,0.0,0.0
0,0,0,0,25,0.15,71.7,4.3,224,2026-08-26 04:30:00,PT5M,0.0,0.0,0.0,0.0,0.0
0,0,0,0,25,0.15,71.6,4.3,224,2026-08-26 04:35:00,PT5M,0.0,0.0,0.0,0.0,0.0
0,0,0,0,25,0.15,71.5,4.3,225,2026-08-26 04:40:00,PT5M,0.0,0.0,0.0,0.0,0.0
0,0,0,0,25,0.15,71.4,4.3,225,2026-08-26 04:45:00,PT5M,0.0,0.0,0.0,0.0,0.0
0,0,0,0,25,0.15,71.3,4.3,225,2026-08-26 04:50:00,PT5M,0.0,0.0,0.0,0.0,0.0
0,0,0,0,25,0.15,71.3,4.2,226,2026-08-26 04:55:00,PT5M,0.0,0.0,0.0,0.0,0.0
0,0,0,0,25,0.15,71.2,4.2,226,2026-08-26 05:00:00,PT5M,0.0,0.0,0.0,0.0,0.0
0,0,0,0,25,0.15,71.1,4.2,227,2026-08-26 05:05:00,PT5M,0.0,0.0,0.0,0.0,0.0
0,0,0,0,25,0.15,71.1,4.2,227,2026-08-26 05:10:00,PT5M,0.0,0.0,0.0,0.0,0.0
0,0,0,0,25,0.15,71.0,4.2,227,2026-08-26 05:15:00,PT5M,0.0,0.0,0.0,0.0,0.0
0,0,0,0,25,0.15,70.9,4.2,228,2026-08-26 05:20:00,PT5M,0.0,0.0,0.0,0.0,0.0
0,0,0,0,25,0.15,70.8,4.1,228,2026-08-26 05:25:00,PT5M,0.0,0.0,0.0,0.0,0.0
0,0,0,0,25,0.15,70.8,4.1,229,2026-08-26 05:30:00,PT5M,0.0,0.0,0.0,0.0,0.0
0,0,0,0,25,0.15,70.7,4.1,229,2026-08-26 05:35:00,PT5M,0.0,0.0,0.0,0.0,0.0
0,0,0,0,25,0.15,70.5,4.1,229,2026-08-26 05:40:00,PT5M,0.0,0.0,0.0,0.0,0.0
0,0,0,0,26,0.15,70.4,4.1,230,2026-08-26 05:45:00,PT5M,0.0,0.0,0.0,0.0,0.0
0,0,0,0,26,0.15,70.2,4.1,230,2026-08-26 05:50:00,PT5M,0.0,0.0,0.0,0.0,0.0
0,0,0,0,26,0.15,70.1,4.1,230,2026-08-26 05:55:00,PT5M,0.0,0.0,0.0,0.0,0.0
0,0,0,0,26,0.15,70.0,4.2,230,2026-08-26 06:00:00,PT5M,0.0,0.0,0.0,0.0,0.0
1,1,0,1,26,0.15,69.8,4.2,230,2026-08-26 06:05:00,PT5M,0.0,0.0,0.0,0.0,0.0
5,6,0,6,26,0.15,69.7,4.2,231,2026-08-26 06:10:00,PT5M,0.053,0.3605,0.2148,0.0,0.0
11,11,0,11,26,0.15,69.5,4.2,231,2026-08-26 06:15:00,PT5M,0.806,1.7485,1.302,0.31,0.0
17,18,0,18,26,0.15,69.4,4.2,231,2026-08-26 06:20:00,PT5M,1.64,3.324,2.5263,0.7537,0.0
24,25,0,25,26,0.15,69.3,4.2,231,2026-08-26 06:25:00,PT5M,2.536,5.3215,4.002,1.07,0.0
31,33,0,33,26,0.15,69.1,4.2,232,2026-08-26 06:30:00,PT5M,3.513,7.5335,5.629,1.397,0.0
40,42,0,42,26,0.15,68.7,4.2,232,2026-08-26 06:35:00,PT5M,4.747,10.173,7.6027,1.8913,0.0
51,53,0,53,26,0.15,68.0,4.2,232,2026-08-26 06:40:00,PT5M,6.171,13.1805,9.8601,2.4819,0.0
63,65,0,65,26,0.15,67.3,4.3,232,2026-08-26 06:45:00,PT5M,7.672,16.339,12.2335,3.1105,0.0
76,79,8,77,26,0.15,66.6,4.3,232,2026-08-26 06:50:00,PT5M,9.661,20.0025,15.1038,4.2182,0.0
87,94,36,86,26,0.15,65.9,4.3,233,2026-08-26 06:55:00,PT5M,12.618,24.648,18.9495,6.2865,0.588
100,110,66,94,27,0.15,65.2,4.3,233,2026-08-26 07:00:00,PT5M,15.916,29.7015,23.1714,8.6606,2.1305
114,127,99,102,27,0.15,64.5,4.3,233,2026-08-26 07:05:00,PT5M,19.66,35.329,27.9067,11.4133,3.991
128,145,130,109,27,0.15,63.9,4.4,233,2026-08-26 07:10:00,PT5M,23.651,40.989,32.7761,14.5259,6.313
143,164,163,115,27,0.15,63.2,4.4,233,2026-08-26 07:15:00,PT5M,28.076,47.089,38.0827,18.0693,9.063
159,184,198,120,27,0.15,62.6,4.4,234,2026-08-26 07:20:00,PT5M,32.938,53.615,43.8205,22.0555,12.261
176,204,235,124,27,0.15,61.9,4.4,234,2026-08-26 07:25:00,PT5M,38.183,60.5075,49.9325,26.4335,15.8585
194,226,274,127,28,0.15,61.3,4.4,234,2026-08-26 07:30:00,PT5M,43.831,67.777,56.434,31.228,19.885
210,246,301,131,28,0.15,60.6,4.5,234,2026-08-26 07:35:00,PT5M,48.679,76.559,63.3524,34.0056,20.799
225,262,314,136,28,0.15,59.7,4.5,234,2026-08-26 07:40:00,PT5M,52.446,82.32,68.1689,36.7231,22.572
240,279,326,142,28,0.15,58.8,4.5,235,2026-08-26 07:45:00,PT5M,56.271,88.235,73.0939,39.4481,24.307
256,296,339,147,28,0.15,58.0,4.5,235,2026-08-26 07:50:00,PT5M,59.029,92.0155,76.39,41.668,26.0425
271,313,351,152,29,0.15,57.2,4.5,235,2026-08-26 07:55:00,PT5M,61.12,94.572,78.726,43.514,27.668
287,330,363,157,29,0.15,56.4,4.6,235,2026-08-26 08:00:00,PT5M,63.191,96.9955,80.9826,45.3994,29.3865
302,347,374,161,29,0.15,55.6,4.6,235,2026-08-26 08:05:00,PT5M,65.178,99.2855,83.129,47.227,31.0705
317,364,385,165,29,0.15,54.8,4.6,236,2026-08-26 08:10:00,PT5M,67.069,100.0,85.1492,48.9888,32.716
333,380,396,170,29,0.15,54.0,4.6,236,2026-08-26 08:15:00,PT5M,68.854,100.0,87.0276,50.6804,34.3235
348,397,406,174,30,0.15,53.3,4.6,236,2026-08-26 08:20:00,PT5M,70.521,100.0,88.7475,52.2945,35.89
364,414,416,177,30,0.15,52.5,4.7,236,2026-08-26 08:25:00,PT5M,72.067,100.0,90.3046,53.8294,37.415
379,430,426,181,30,0.15,51.8,4.7,236,2026-08-26 08:30:00,PT5M,73.482,100.0,91.6691,55.2949,38.926
394,447,434,185,30,0.15,51.1,4.7,236,2026-08-26 08:35:00,PT5M,74.737,100.0,92.8664,56.6076,40.2905
409,462,441,189,30,0.15,50.4,4.7,237,2026-08-26 08:40:00,PT5M,75.853,100.0,93.9235,57.7825,41.5185
423,478,448,192,31,0.15,49.7,4.7,237,2026-08-26 08:45:00,PT5M,76.914,100.0,94.9145,58.9135,42.7125
438,493,455,196,31,0.15,49.0,4.7,237,2026-08-26 08:50:00,PT5M,77.921,100.0,95.8425,59.9995,43.8695
452,508,461,199,31,0.15,48.3,4.7,238,2026-08-26 08:55:00,PT5M,78.884,100.0,96.7345,61.0335,44.9675
466,523,468,203,31,0.15,47.6,4.7,238,2026-08-26 09:00:00,PT5M,79.806,100.0,97.5512,62.0608,46.0895
479,538,474,206,31,0.15,46.9,4.6,238,2026-08-26 09:05:00,PT5M,80.691,100.0,98.3128,63.0692,47.209
493,552,481,209,31,0.15,46.3,4.6,239,2026-08-26 09:10:00,PT5M,81.607,100.0,98.9788,64.2352,48.6
507,567,488,211,32,0.15,45.6,4.6,239,2026-08-26 09:15:00,PT5M,82.54,100.0,99.6629,65.4171,50.006
521,582,495,213,32,0.15,45.0,4.6,239,2026-08-26 09:20:00,PT5M,83.438,100.0,100.0,66.558,51.3655
534,596,503,215,32,0.15,44.4,4.6,240,2026-08-26 09:25:00,PT5M,84.302,100.0,100.0,67.6586,52.679
547,611,510,217,32,0.15,43.8,4.6,240,2026-08-26 09:30:00,PT5M,85.134,100.0,100.0,68.7211,53.949
560,624,515,219,32,0.15,43.2,4.6,240,2026-08-26 09:35:00,PT5M,85.886,100.0,100.0,69.6836,55.101
572,637,520,222,33,0.15,42.7,4.7,240,2026-08-26 09:40:00,PT5M,86.503,100.0,100.0,70.4917,56.081
584,649,524,224,33,0.15,42.1,4.7,240,2026-08-26 09:45:00,PT5M,87.096,100.0,100.0,71.2694,57.025
595,661,527,227,33,0.15,41.6,4.7,240,2026-08-26 09:50:00,PT5M,87.641,100.0,100.0,71.9902,57.904
606,673,530,229,33,0.15,41.1,4.7,239,2026-08-26 09:55:00,PT5M,88.128,100.0,100.0,72.6427,58.7055
617,684,533,232,33,0.15,40.6,4.8,239,2026-08-26 10:00:00,PT5M,88.595,100.0,100.0,73.2687,59.4745
627,694,536,234,34,0.15,40.1,4.8,239,2026-08-26 10:05:00,PT5M,89.04,100.0,100.0,73.8652,60.2075
637,705,539,236,34,0.15,39.6,4.8,239,2026-08-26 10:10:00,PT5M,89.462,100.0,100.0,74.4301,60.901
646,715,541,239,34,0.15,39.1,4.8,239,2026-08-26 10:15:00,PT5M,89.862,100.0,100.0,74.9659,61.559
655,724,544,241,34,0.15,38.6,4.9,239,2026-08-26 10:20:00,PT5M,90.239,100.0,100.0,75.4721,62.1815
664,734,546,243,34,0.15,38.2,4.9,238,2026-08-26 10:25:00,PT5M,90.594,100.0,100.0,75.9498,62.7695
673,742,548,244,34,0.15,37.7,4.9,238,2026-08-26 10:30:00,PT5M,90.928,100.0,100.0,76.4001,63.3245
680,750,548,247,35,0.15,37.3,4.9,238,2026-08-26 10:35:00,PT5M,91.118,100.0,100.0,76.6756,63.677
686,756,545,252,35,0.15,37.0,4.9,238,2026-08-26 10:40:00,PT5M,91.161,100.0,100.0,76.7733,63.824
691,761,542,256,35,0.15,36.7,4.9,237,2026-08-26 10:45:00,PT5M,91.187,100.0,100.0,76.8488,63.944
696,766,539,260,35,0.15,36.4,5.0,237,2026-08-26 10:50:00,PT5M,91.195,100.0,100.0,76.9005,64.035
701,771,536,264,35,0.15,36.1,5.0,236,2026-08-26 10:55:00,PT5M,91.185,100.0,100.0,76.9271,64.0945
705,775,532,267,35,0.15,35.7,5.0,236,2026-08-26 11:00:00,PT5M,91.155,100.0,100.0,76.9244,64.1165
709,779,529,271,35,0.15,35.4,5.0,235,2026-08-26 11:05:00,PT5M,91.098,100.0,100.0,76.8767,64.077
713,782,525,275,35,0.15,35.1,5.0,235,2026-08-26 11:10:00,PT5M,91.023,100.0,100.0,76.8017,64.002
716,785,522,278,36,0.15,34.9,5.0,235,2026-08-26 11:15:00,PT5M,90.941,100.0,100.0,76.7304,63.9405
718,787,518,282,36,0.15,34.6,5.0,234,2026-08-26 11:20:00,PT5M,90.844,100.0,100.0,76.6427,63.861
721,789,515,285,36,0.15,34.3,5.0,234,2026-08-26 11:25:00,PT5M,90.8,100.0,100.0,76.5908,63.802
722,791,511,288,36,0.15,34.0,5.0,233,2026-08-26 11:30:00,PT5M,90.661,100.0,100.0,76.4344,63.63
723,791,506,292,36,0.15,33.8,5.0,233,2026-08-26 11:35:00,PT5M,90.459,100.0,100.0,76.2205,63.4055
723,791,501,296,36,0.15,33.7,5.0,233,2026-08-26 11:40:00,PT5M,90.193,100.0,100.0,75.9495,63.13
723,790,495,299,36,0.15,33.6,5.0,232,2026-08-26 11:45:00,PT5M,89.907,100.0,100.0,75.6522,62.8225
722,789,489,303,36,0.15,33.5,5.0,232,2026-08-26 11:50:00,PT5M,89.599,100.0,100.0,75.3253,62.4785
721,787,484,306,36,0.15,33.4,5.0,231,2026-08-26 11:55:00,PT5M,89.267,100.0,100.0,74.967,62.0965
719,785,477,309,36,0.15,33.3,5.0,231,2026-08-26 12:00:00,PT5M,88.901,100.0,100.0,74.566,61.664
717,782,471,312,36,0.15,33.2,5.0,230,2026-08-26 12:05:00,PT5M,88.503,100.0,100.0,74.1243,61.183
714,779,465,315,36,0.15,33.2,5.1,230,2026-08-26 12:10:00,PT5M,88.122,100.0,100.0,73.6928,60.706
711,775,458,318,37,0.15,33.1,5.1,230,2026-08-26 12:15:00,PT5M,87.798,100.0,100.0,73.3114,60.273
708,771,452,321,37,0.15,33.0,5.1,229,2026-08-26 12:20:00,PT5M,87.452,100.0,100.0,72.9014,59.8055
704,766,445,323,37,0.15,32.9,5.1,229,2026-08-26 12:25:00,PT5M,87.061,100.0,100.0,72.437,59.275
699,761,438,326,37,0.15,32.8,5.1,228,2026-08-26 12:30:00,PT5M,86.643,100.0,100.0,71.9385,58.704
695,756,432,328,37,0.15,32.8,5.1,228,2026-08-26 12:35:00,PT5M,86.269,100.0,100.0,71.4792,58.168
690,751,427,329,37,0.15,32.9,5.1,228,2026-08-26 12:40:00,PT5M,85.939,100.0,100.0,71.0598,57.668
686,746,422,330,37,0.15,33.0,5.2,228,2026-08-26 12:45:00,PT5M,85.584,100.0,100.0,70.61,57.133
681,740,417,331,37,0.15,33.1,5.2,228,2026-08-26 12:50:00,PT5M,85.203,100.0,100.0,70.128,56.56
675,734,412,332,37,0.15,33.2,5.2,228,2026-08-26 12:55:00,PT5M,84.795,100.0,99.9779,69.6121,55.947
669,728,407,332,37,0.15,33.3,5.3,228,2026-08-26 13:00:00,PT5M,84.351,100.0,99.656,69.046,55.271
663,721,401,333,36,0.15,33.4,5.3,228,2026-08-26 13:05:00,PT5M,83.881,100.0,99.3142,68.4478,54.5575
657,714,396,333,36,0.15,33.5,5.3,228,2026-08-26 13:10:00,PT5M,83.398,100.0,98.9517,67.8443,53.8455
650,707,391,333,36,0.15,33.6,5.3,227,2026-08-26 13:15:00,PT5M,82.9,100.0,98.57,67.23,53.1265
643,699,385,333,36,0.15,33.7,5.4,227,2026-08-26 13:20:00,PT5M,82.355,100.0,98.1618,66.5482,52.3215
635,691,380,332,36,0.15,33.7,5.4,227,2026-08-26 13:25:00,PT5M,81.777,100.0,97.7283,65.8257,51.469
628,682,374,332,36,0.15,33.8,5.4,227,2026-08-26 13:30:00,PT5M,81.167,100.0,97.2686,65.0654,50.5735
619,673,368,331,36,0.15,34.0,5.4,227,2026-08-26 13:35:00,PT5M,80.474,100.0,96.7295,64.2185,49.588
610,663,361,331,36,0.15,34.2,5.3,228,2026-08-26 13:40:00,PT5M,79.695,100.0,96.1074,63.2826,48.511
601,653,353,330,36,0.15,34.4,5.3,228,2026-08-26 13:45:00,PT5M,78.886,100.0,95.4586,62.3134,47.3975
591,642,346,329,36,0.15,34.6,5.2,228,2026-08-26 13:50:00,PT5M,78.05,100.0,94.7863,61.3137,46.2505
581,631,339,328,36,0.15,34.8,5.1,228,2026-08-26 13:55:00,PT5M,77.126,100.0,94.0289,60.2231,45.01
571,620,332,327,36,0.15,35.0,5.0,229,2026-08-26 14:00:00,PT5M,76.235,100.0,93.3084,59.1616,43.795
561,609,325,325,36,0.15,35.2,5.0,229,2026-08-26 14:05:00,PT5M,75.312,100.0,92.5599,58.0641,42.5405
550,598,318,323,36,0.15,35.4,4.9,229,2026-08-26 14:10:00,PT5M,74.358,100.0,91.7843,56.9317,41.2475
540,586,310,321,36,0.15,35.6,4.8,229,2026-08-26 14:15:00,PT5M,73.37,100.0,90.9789,55.7611,39.9125
529,574,303,319,36,0.15,35.8,4.7,230,2026-08-26 14:20:00,PT5M,72.349,100.0,90.1455,54.5525,38.535
517,562,296,316,36,0.15,36.0,4.7,230,2026-08-26 14:25:00,PT5M,71.296,100.0,89.2833,53.3087,37.1195
506,549,289,313,35,0.15,36.2,4.6,230,2026-08-26 14:30:00,PT5M,70.207,100.0,88.3885,52.0255,35.6615
494,537,281,310,35,0.15,36.4,4.5,230,2026-08-26 14:35:00,PT5M,69.043,100.0,87.4335,50.6525,34.1005
482,524,273,307,35,0.15,36.6,4.4,230,2026-08-26 14:40:00,PT5M,67.847,100.0,86.4567,49.2373,32.488
470,510,265,304,35,0.15,36.8,4.4,230,2026-08-26 14:45:00,PT5M,66.618,100.0,85.4482,47.7878,30.84
458,497,257,300,35,0.15,37.0,4.3,230,2026-08-26 14:50:00,PT5M,65.355,100.0,84.3731,46.3369,29.22
446,484,249,296,35,0.15,37.3,4.2,230,2026-08-26 14:55:00,PT5M,64.058,100.0,83.1674,44.9486,27.7495
433,470,242,292,35,0.15,37.5,4.2,229,2026-08-26 15:00:00,PT5M,62.725,99.1955,81.9197,43.5303,26.2545
421,457,234,288,35,0.15,37.7,4.1,229,2026-08-26 15:05:00,PT5M,61.357,97.976,80.6298,42.0842,24.738
408,443,226,283,35,0.15,37.9,4.0,229,2026-08-26 15:10:00,PT5M,59.954,96.706,79.2968,40.6112,23.202
396,429,219,278,35,0.15,38.1,4.0,229,2026-08-26 15:15:00,PT5M,58.603,95.462,78.0022,39.2038,21.744
383,416,212,273,35,0.15,38.3,3.9,229,2026-08-26 15:20:00,PT5M,57.26,94.2075,76.7057,37.8143,20.3125
371,402,205,267,35,0.15,38.5,3.9,229,2026-08-26 15:25:00,PT5M,55.842,92.86,75.3248,36.3592,18.824
358,389,197,262,34,0.15,38.8,3.8,228,2026-08-26 15:30:00,PT5M,54.383,91.4515,73.8924,34.8736,17.3145
347,376,193,255,34,0.15,39.0,3.7,228,2026-08-26 15:35:00,PT5M,53.145,90.2035,72.6492,33.6408,16.0865
336,365,191,248,34,0.15,39.2,3.7,228,2026-08-26 15:40:00,PT5M,52.141,89.1265,71.6067,32.6753,15.1555
325,353,188,241,34,0.15,39.4,3.7,229,2026-08-26 15:45:00,PT5M,51.094,87.9805,70.5076,31.6804,14.2075
313,341,186,234,34,0.15,39.6,3.7,229,2026-08-26 15:50:00,PT5M,49.999,86.7535,69.3432,30.6548,13.2445
302,329,183,227,34,0.15,39.8,3.7,229,2026-08-26 15:55:00,PT5M,48.851,85.336,68.0533,29.6487,12.366
290,317,180,219,34,0.15,40.0,3.7,229,2026-08-26 16:00:00,PT5M,47.638,83.829,66.6856,28.5904,11.447
278,304,176,212,34,0.15,40.2,3.6,229,2026-08-26 16:05:00,PT5M,46.351,82.1745,65.2052,27.4968,10.5275
266,291,172,204,34,0.15,40.4,3.6,229,2026-08-26 16:10:00,PT5M,44.991,80.381,63.617,26.365,9.601
254,279,168,197,34,0.15,40.7,3.6,229,2026-08-26 16:15:00,PT5M,43.561,78.461,61.9291,25.1929,8.661
242,266,164,189,34,0.15,40.9,3.6,229,2026-08-26 16:20:00,PT5M,42.064,76.427,60.1495,23.9785,7.701
230,253,159,181,34,0.15,41.1,3.6,229,2026-08-26 16:25:00,PT5M,40.503,74.2875,58.284,22.722,6.7185
217,239,154,173,34,0.15,41.3,3.6,230,2026-08-26 16:30:00,PT5M,38.883,72.0515,56.3398,21.4262,5.7145
205,226,148,165,34,0.15,41.5,3.5,229,2026-08-26 16:35:00,PT5M,36.611,67.618,52.9302,20.2918,5.604
193,213,142,157,33,0.15,41.8,3.6,229,2026-08-26 16:40:00,PT5M,34.226,63.1725,49.4607,18.9913,5.2795
180,199,135,149,33,0.15,42.1,3.6,228,2026-08-26 16:45:00,PT5M,31.812,58.7355,45.982,17.642,4.8885
168,186,128,141,33,0.15,42.3,3.6,228,2026-08-26 16:50:00,PT5M,29.383,54.2955,42.4946,16.2714,4.4705
156,172,120,133,33,0.15,42.6,3.6,227,2026-08-26 16:55:00,PT5M,26.949,49.857,39.0056,14.8924,4.041
143,159,112,124,33,0.15,42.8,3.6,227,2026-08-26 17:00:00,PT5M,24.497,45.4135,35.5055,13.4885,3.5805
131,146,102,116,33,0.15,43.1,3.6,226,2026-08-26 17:05:00,PT5M,22.065,41.0125,32.0372,12.0928,3.1175
119,132,93,107,33,0.15,43.4,3.6,226,2026-08-26 17:10:00,PT5M,19.678,36.6905,28.6318,10.7242,2.6655
107,119,80,99,33,0.15,43.6,3.6,226,2026-08-26 17:15:00,PT5M,17.228,32.379,25.2021,9.2539,2.077
96,105,64,91,33,0.15,43.9,3.6,225,2026-08-26 17:20:00,PT5M,14.834,28.22,21.8791,7.7889,1.448
84,92,48,82,33,0.15,44.2,3.6,225,2026-08-26 17:25:00,PT5M,12.457,24.153,18.6127,6.3013,0.761
74,79,31,73,32,0.15,44.4,3.6,224,2026-08-26 17:30:00,PT5M,10.198,20.213,15.469,4.927,0.183
63,67,12,65,32,0.15,44.9,3.6,224,2026-08-26 17:35:00,PT5M,8.07,16.3445,12.4249,3.7151,0.0
53,54,0,54,32,0.15,45.4,3.6,223,2026-08-26 17:40:00,PT5M,6.299,12.878,9.7616,2.8364,0.0
42,43,0,43,32,0.15,45.9,3.6,222,2026-08-26 17:45:00,PT5M,4.843,9.8215,7.4632,2.2228,0.0
32,33,0,33,32,0.15,46.5,3.5,222,2026-08-26 17:50:00,PT5M,3.587,7.143,5.4585,1.7155,0.031
24,24,0,24,32,0.15,47.0,3.5,221,2026-08-26 17:55:00,PT5M,2.484,4.752,3.6777,1.2903,0.216
16,16,0,16,31,0.15,47.6,3.5,221,2026-08-26 18:00:00,PT5M,1.466,2.703,2.117,0.815,0.229
9,9,0,9,31,0.15,48.2,3.5,220,2026-08-26 18:05:00,PT5M,0.549,1.133,0.8564,0.2416,0.0
3,3,0,3,31,0.15,48.8,3.4,219,2026-08-26 18:10:00,PT5M,0.0,0.0,0.0,0.0,0.0
0,0,0,0,31,0.15,49.3,3.4,219,2026-08-26 18:15:00,PT5M,0.0,0.0,0.0,0.0,0.0
0,0,0,0,31,0.15,49.9,3.4,218,2026-08-26 18:20:00,PT5M,0.0,0.0,0.0,0.0,0.0
0,0,0,0,30,0.15,50.5,3.4,218,2026-08-26 18:25:00,PT5M,0.0,0.0,0.0,0.0,0.0
0,0,0,0,30,0.15,51.2,3.4,217,2026-08-26 18:30:00,PT5M,0.0,0.0,0.0,0.0,0.0
0,0,0,0,30,0.15,51.7,3.4,217,2026-08-26 18:35:00,PT5M,0.0,0.0,0.0,0.0,0.0
0,0,0,0,30,0.15,52.2,3.4,217,2026-08-26 18:40:00,PT5M,0.0,0.0,0.0,0.0,0.0
0,0,0,0,30,0.15,52.7,3.4,218,2026-08-26 18:45:00,PT5M,0.0,0.0,0.0,0.0,0.0
0,0,0,0,30,0.15,53.2,3.4,218,2026-08-26 18:50:00,PT5M,0.0,0.0,0.0,0.0,0.0
0,0,0,0,30,0.15,53.7,3.4,219,2026-08-26 18:55:00,PT5M,0.0,0.0,0.0,0.0,0.0
0,0,0,0,29,0.15,54.2,3.4,219,2026-08-26 19:00:00,PT5M,0.0,0.0,0.0,0.0,0.0
0,0,0,0,29,0.15,54.7,3.5,220,2026-08-26 19:05:00,PT5M,0.0,0.0,0.0,0.0,0.0
0,0,0,0,29,0.15,55.2,3.5,220,2026-08-26 19:10:00,PT5M,0.0,0.0,0.0,0.0,0.0
0,0,0,0,29,0.15,55.7,3.5,221,2026-08-26 19:15:00,PT5M,0.0,0.0,0.0,0.0,0.0
0,0,0,0,29,0.15,56.2,3.5,221,2026-08-26 19:20:00,PT5M,0.0,0.0,0.0,0.0,0.0
0,0,0,0,29,0.15,56.7,3.5,222,2026-08-26 19:25:00,PT5M,0.0,0.0,0.0,0.0,0.0
0,0,0,0,29,0.15,57.3,3.5,222,2026-08-26 19:30:00,PT5M,0.0,0.0,0.0,0.0,0.0
0,0,0,0,29,0.15,57.7,3.6,223,2026-08-26 19:35:00,PT5M,0.0,0.0,0.0,0.0,0.0
0,0,0,0,29,0.15,58.1,3.6,223,2026-08-26 19:40:00,PT5M,0.0,0.0,0.0,0.0,0.0
0,0,0,0,28,0.15,58.5,3.6,223,2026-08-26 19:45:00,PT5M,0.0,0.0,0.0,0.0,0.0
0,0,0,0,28,0.15,58.8,3.7,223,2026-08-26 19:50:00,PT5M,0.0,0.0,0.0,0.0,0.0
0,0,0,0,28,0.15,59.2,3.7,224,2026-08-26 19:55:00,PT5M,0.0,0.0,0.0,0.0,0.0
0,0,0,0,28,0.15,59.6,3.7,224,2026-08-26 20:00:00,PT5M,0.0,0.0,0.0,0.0,0.0
0,0,0,0,28,0.15,60.0,3.8,224,2026-08-26 20:05:00,PT5M,0.0,0.0,0.0,0.0,0.0
0,0,0,0,28,0.15,60.4,3.8,224,2026-08-26 20:10:00,PT5M,0.0,0.0,0.0,0.0,0.0
0,0,0,0,28,0.15,60.8,3.8,224,2026-08-26 20:15:00,PT5M,0.0,0.0,0.0,0.0,0.0
0,0,0,0,28,0.15,61.2,3.9,225,2026-08-26 20:20:00,PT5M,0.0,0.0,0.0,0.0,0.0
0,0,0,0,28,0.15,61.6,3.9,225,2026-08-26 20:25:00,PT5M,0.0,0.0,0.0,0.0,0.0
0,0,0,0,28,0.15,62.0,3.9,225,2026-08-26 20:30:00,PT5M,0.0,0.0,0.0,0.0,0.0
0,0,0,0,28,0.15,62.3,4.0,225,2026-08-26 20:35:00,PT5M,0.0,0.0,0.0,0.0,0.0
0,0,0,0,28,0.15,62.7,4.0,225,2026-08-26 20:40:00,PT5M,0.0,0.0,0.0,0.0,0.0
0,0,0,0,28,0.15,63.0,4.0,225,2026-08-26 20:45:00,PT5M,0.0,0.0,0.0,0.0,0.0
0,0,0,0,28,0.15,63.4,4.0,225,2026-08-26 20:50:00,PT5M,0.0,0.0,0.0,0.0,0.0
0,0,0,0,28,0.15,63.7,4.0,225,2026-08-26 20:55:00,PT5M,0.0,0.0,0.0,0.0,0.0
0,0,0,0,27,0.15,64.1,4.1,225,2026-08-26 21:00:00,PT5M,0.0,0.0,0.0,0.0,0.0
0,0,0,0,27,0.15,64.4,4.1,226,2026-08-26 21:05:00,PT5M,0.0,0.0,0.0,0.0,0.0
0,0,0,0,27,0.15,64.8,4.1,226,2026-08-26 21:10:00,PT5M,0.0,0.0,0.0,0.0,0.0
0,0,0,0,27,0.15,65.1,4.1,226,2026-08-26 21:15:00,PT5M,0.0,0.0,0.0,0.0,0.0
0,0,0,0,27,0.15,65.5,4.1,226,2026-08-26 21:20:00,PT5M,0.0,0.0,0.0,0.0,0.0
0,0,0,0,27,0.15,65.8,4.1,226,2026-08-26 21:25:00,PT5M,0.0,0.0,0.0,0.0,0.0
0,0,0,0,27,0.15,66.2,4.2,226,2026-08-26 21:30:00,PT5M,0.0,0.0,0.0,0.0,0.0
0,0,0,0,27,0.15,66.5,4.2,226,2026-08-26 21:35:00,PT5M,0.0,0.0,0.0,0.0,0.0
0,0,0,0,27,0.15,66.8,4.2,226,2026-08-26 21:40:00,PT5M,0.0,0.0,0.0,0.0,0.0
0,0,0,0,27,0.15,67.0,4.3,226,2026-08-26 21:45:00,PT5M,0.0,0.0,0.0,0.0,0.0
0,0,0,0,27,0.15,67.3,4.3,226,2026-08-26 21:50:00,PT5M,0.0,0.0,0.0,0.0,0.0
0,0,0,0,27,0.15,67.6,4.4,226,2026-08-26 21:55:00,PT5M,0.0,0.0,0.0,0.0,0.0
0,0,0,0,27,0.15,67.8,4.4,226,2026-08-26 22:00:00,PT5M,0.0,0.0,0.0,0.0,0.0
0,0,0,0,27,0.15,68.1,4.4,226,2026-08-26 22:05:00,PT5M,0.0,0.0,0.0,0.0,0.0
0,0,0,0,27,0.15,68.4,4.5,226,2026-08-26 22:10:00,PT5M,0.0,0.0,0.0,0.0,0.0
0,0,0,0,27,0.15,68.7,4.5,227,2026-08-26 22:15:00,PT5M,0.0,0.0,0.0,0.0,0.0
0,0,0,0,27,0.15,68.9,4.6,227,2026-08-26 22:20:00,PT5M,0.0,0.0,0.0,0.0,0.0
0,0,0,0,27,0.15,69.2,4.6,227,2026-08-26 22:25:00,PT5M,0.0,0.0,0.0,0.0,0.0
0,0,0,0,26,0.15,69.5,4.6,227,2026-08-26 22:30:00,PT5M,0.0,0.0,0.0,0.0,0.0
0,0,0,0,26,0.15,69.7,4.7,227,2026-08-26 22:35:00,PT5M,0.0,0.0,0.0,0.0,0.0
0,0,0,0,26,0.15,69.8,4.7,228,2026-08-26 22:40:00,PT5M,0.0,0.0,0.0,0.0,0.0
0,0,0,0,26,0.15,70.0,4.7,228,2026-08-26 22:45:00,PT5M,0.0,0.0,0.0,0.0,0.0
0,0,0,0,26,0.15,70.1,4.7,229,2026-08-26 22:50:00,PT5M,0.0,0.0,0.0,0.0,0.0
0,0,0,0,26,0.15,70.3,4.7,229,2026-08-26 22:55:00,PT5M,0.0,0.0,0.0,0.0,0.0
0,0,0,0,26,0.15,70.4,4.7,230,2026-08-26 23:00:00,PT5M,0.0,0.0,0.0,0.0,0.0
0,0,0,0,26,0.15,70.5,4.7,230,2026-08-26 23:05:00,PT5M,0.0,0.0,0.0,0.0,0.0
0,0,0,0,26,0.15,70.7,4.7,231,2026-08-26 23:10:00,PT5M,0.0,0.0,0.0,0.0,0.0
0,0,0,0,26,0.15,70.8,4.7,232,2026-08-26 23:15:00,PT5M,0.0,0.0,0.0,0.0,0.0
0,0,0,0,26,0.15,71.0,4.7,232,2026-08-26 23:20:00,PT5M,0.0,0.0,0.0,0.0,0.0
0,0,0,0,26,0.15,71.1,4.7,233,2026-08-26 23:25:00,PT5M,0.0,0.0,0.0,0.0,0.0
0,0,0,0,26,0.15,71.3,4.7,233,2026-08-26 23:30:00,PT5M,0.0,0.0,0.0,0.0,0.0
0,0,0,0,26,0.15,71.3,4.7,233,2026-08-26 23:35:00,PT5M,0.0,0.0,0.0,0.0,0.0
0,0,0,0,26,0.15,71.4,4.6,233,2026-08-26 23:40:00,PT5M,0.0,0.0,0.0,0.0,0.0
0,0,0,0,26,0.15,71.4,4.6,233,2026-08-26 23:45:00,PT5M,0.0,0.0,0.0,0.0,0.0
0,0,0,0,26,0.15,71.4,4.5,232,2026-08-26 23:50:00,PT5M,0.0,0.0,0.0,0.0,0.0
0,0,0,0,26,0.15,71.5,4.4,232,2026-08-26 23:55:00,PT5M,0.0,0.0,0.0,0.0,0.0
0,0,0,0,26,0.15,71.5,4.4,232,2026-08-27 00:00:00,PT5M,0.0,0.0,0.0,0.0,0.0
0,0,0,0,26,0.15,71.5,4.3,231,2026-08-27 00:05:00,PT5M,0.0,0.0,0.0,0.0,0.0
0,0,0,0,26,0.15,71.6,4.2,231,2026-08-27 00:10:00,PT5M,0.0,0.0,0.0,0.0,0.0
0,0,0,0,26,0.15,71.6,4.2,231,2026-08-27 00:15:00,PT5M,0.0,0.0,0.0,0.0,0.0
0,0,0,0,26,0.15,71.6,4.1,230,2026-08-27 00:20:00,PT5M,0.0,0.0,0.0,0.0,0.0
0,0,0,0,26,0.15,71.7,4.1,230,2026-08-27 00:25:00,PT5M,0.0,0.0,0.0,0.0,0.0
0,0,0,0,26,0.15,71.7,4.0,229,2026-08-27 00:30:00,PT5M,0.0,0.0,0.0,0.0,0.0
0,0,0,0,26,0.15,71.7,4.0,229,2026-08-27 00:35:00,PT5M,0.0,0.0,0.0,0.0,0.0
0,0,0,0,26,0.15,71.7,3.9,228,2026-08-27 00:40:00,PT5M,0.0,0.0,0.0,0.0,0.0
0,0,0,0,26,0.15,71.6,3.9,227,2026-08-27 00:45:00,PT5M,0.0,0.0,0.0,0.0,0.0
0,0,0,0,26,0.15,71.6,3.9,227,2026-08-27 00:50:00,PT5M,0.0,0.0,0.0,0.0,0.0
0,0,0,0,26,0.15,71.6,3.9,226,2026-08-27 00:55:00,PT5M,0.0,0.0,0.0,0.0,0.0
0,0,0,0,26,0.15,71.5,3.9,225,2026-08-27 01:00:00,PT5M,0.0,0.0,0.0,0.0,0.0
0,0,0,0,26,0.15,71.5,3.9,225,2026-08-27 01:05:00,PT5M,0.0,0.0,0.0,0.0,0.0
0,0,0,0,26,0.15,71.5,3.9,224,2026-08-27 01:10:00,PT5M,0.0,0.0,0.0,0.0,0.0
0,0,0,0,26,0.15,71.4,3.9,223,2026-08-27 01:15:00,PT5M,0.0,0.0,0.0,0.0,0.0
0,0,0,0,26,0.15,71.4,3.9,223,2026-08-27 01:20:00,PT5M,0.0,0.0,0.0,0.0,0.0
0,0,0,0,26,0.15,71.3,3.8,222,2026-08-27 01:25:00,PT5M,0.0,0.0,0.0,0.0,0.0
0,0,0,0,26,0.15,71.3,3.8,221,2026-08-27 01:30:00,PT5M,0.0,0.0,0.0,0.0,0.0
0,0,0,0,26,0.15,71.3,3.8,221,2026-08-27 01:35:00,PT5M,0.0,0.0,0.0,0.0,0.0
0,0,0,0,26,0.15,71.4,3.9,221,2026-08-27 01:40:00,PT5M,0.0,0.0,0.0,0.0,0.0
0,0,0,0,26,0.15,71.6,3.9,222,2026-08-27 01:45:00,PT5M,0.0,0.0,0.0,0.0,0.0
0,0,0,0,26,0.15,71.7,3.9,222,2026-08-27 01:50:00,PT5M,0.0,0.0,0.0,0.0,0.0
0,0,0,0,26,0.15,71.8,4.0,223,2026-08-27 01:55:00,PT5M,0.0,0.0,0.0,0.0,0.0
0,0,0,0,26,0.15,71.9,4.0,223,2026-08-27 02:00:00,PT5M,0.0,0.0,0.0,0.0,0.0
0,0,0,0,26,0.15,72.0,4.0,224,2026-08-27 02:05:00,PT5M,0.0,0.0,0.0,0.0,0.0
0,0,0,0,26,0.15,72.1,4.0,224,2026-08-27 02:10:00,PT5M,0.0,0.0,0.0,0.0,0.0
0,0,0,0,26,0.15,72.2,4.1,225,2026-08-27 02:15:00,PT5M,0.0,0.0,0.0,0.0,0.0
0,0,0,0,26,0.15,72.3,4.1,225,2026-08-27 02:20:00,PT5M,0.0,0.0,0.0,0.0,0.0
0,0,0,0,26,0.15,72.4,4.1,225,2026-08-27 02:25:00,PT5M,0.0,0.0,0.0,0.0,0.0
0,0,0,0,26,0.15,72.5,4.2,226,2026-08-27 02:30:00,PT5M,0.0,0.0,0.0,0.0,0.0
0,0,0,0,26,0.15,72.7,4.2,226,2026-08-27 02:35:00,PT5M,0.0,0.0,0.0,0.0,0.0
0,0,0,0,26,0.15,73.0,4.2,226,2026-08-27 02:40:00,PT5M,0.0,0.0,0.0,0.0,0.0
0,0,0,0,26,0.15,73.3,4.1,226,2026-08-27 02:45:00,PT5M,0.0,0.0,0.0,0.0,0.0
0,0,0,0,26,0.15,73.6,4.1,227,2026-08-27 02:50:00,PT5M,0.0,0.0,0.0,0.0,0.0
0,0,0,0,26,0.15,73.9,4.1,227,2026-08-27 02:55:00,PT5M,0.0,0.0,0.0,0.0,0.0
0,0,0,0,26,0.15,74.2,4.1,227,2026-08-27 03:00:00,PT5M,0.0,0.0,0.0,0.0,0.0
0,0,0,0,26,0.15,74.5,4.1,227,2026-08-27 03:05:00,PT5M,0.0,0.0,0.0,0.0,0.0
0,0,0,0,26,0.15,74.8,4.1,227,2026-08-27 03:10:00,PT5M,0.0,0.0,0.0,0.0,0.0
0,0,0,0,25,0.15,75.1,4.1,227,2026-08-27 03:15:00,PT5M,0.0,0.0,0.0,0.0,0.0
0,0,0,0,25,0.15,75.4,4.1,228,2026-08-27 03:20:00,PT5M,0.0,0.0,0.0,0.0,0.0
0,0,0,0,25,0.15,75.7,4.1,228,2026-08-27 03:25:00,PT5M,0.0,0.0,0.0,0.0,0.0
0,0,0,0,25,0.15,76.0,4.0,228,2026-08-27 03:30:00,PT5M,0.0,0.0,0.0,0.0,0.0
0,0,0,0,25,0.15,76.2,4.0,228,2026-08-27 03:35:00,PT5M,0.0,0.0,0.0,0.0,0.0
0,0,0,0,25,0.15,76.4,4.1,228,2026-08-27 03:40:00,PT5M,0.0,0.0,0.0,0.0,0.0
0,0,0,0,25,0.15,76.6,4.1,227,2026-08-27 03:45:00,PT5M,0.0,0.0,0.0,0.0,0.0
0,0,0,0,25,0.15,76.7,4.1,227,2026-08-27 03:50:00,PT5M,0.0,0.0,0.0,0.0,0.0
0,0,0,0,25,0.15,76.9,4.1,227,2026-08-27 03:55:00,PT5M,0.0,0.0,0.0,0.0,0.0
0,0,0,0,25,0.15,77.0,4.1,227,2026-08-27 04:00:00,PT5M,0.0,0.0,0.0,0.0,0.0
0,0,0,0,25,0.15,77.2,4.1,226,2026-08-27 04:05:00,PT5M,0.0,0.0,0.0,0.0,0.0
0,0,0,0,25,0.15,77.3,4.2,226,2026-08-27 04:10:00,PT5M,0.0,0.0,0.0,0.0,0.0
0,0,0,0,25,0.15,77.5,4.2,226,2026-08-27 04:15:00,PT5M,0.0,0.0,0.0,0.0,0.0
0,0,0,0,25,0.15,77.6,4.2,226,2026-08-27 04:20:00,PT5M,0.0,0.0,0.0,0.0,0.0
0,0,0,0,25,0.15,77.8,4.2,225,2026-08-27 04:25:00,PT5M,0.0,0.0,0.0,0.0,0.0
0,0,0,0,25,0.15,78.0,4.2,225,2026-08-27 04:30:00,PT5M,0.0,0.0,0.0,0.0,0.0
0,0,0,0,25,0.15,78.1,4.2,225,2026-08-27 04:35:00,PT5M,0.0,0.0,0.0,0.0,0.0
0,0,0,0,25,0.15,78.1,4.2,225,2026-08-27 04:40:00,PT5M,0.0,0.0,0.0,0.0,0.0
0,0,0,0,25,0.15,78.1,4.2,225,2026-08-27 04:45:00,PT5M,0.0,0.0,0.0,0.0,0.0
0,0,0,0,25,0.15,78.2,4.2,225,2026-08-27 04:50:00,PT5M,0.0,0.0,0.0,0.0,0.0
0,0,0,0,25,0.15,78.2,4.2,225,2026-08-27 04:55:00,PT5M,0.0,0.0,0.0,0.0,0.0
0,0,0,0,25,0.15,78.2,4.2,225,2026-08-27 05:00:00,PT5M,0.0,0.0,0.0,0.0,0.0
0,0,0,0,25,0.15,78.3,4.2,226,2026-08-27 05:05:00,PT5M,0.0,0.0,0.0,0.0,0.0
0,0,0,0,25,0.15,78.3,4.2,226,2026-08-27 05:10:00,PT5M,0.0,0.0,0.0,0.0,0.0
0,0,0,0,25,0.15,78.4,4.2,226,2026-08-27 05:15:00,PT5M,0.0,0.0,0.0,0.0,0.0
0,0,0,0,25,0.15,78.4,4.2,226,2026-08-27 05:20:00,PT5M,0.0,0.0,0.0,0.0,0.0
0,0,0,0,25,0.15,78.4,4.2,226,2026-08-27 05:25:00,PT5M,0.0,0.0,0.0,0.0,0.0
0,0,0,0,25,0.15,78.5,4.2,226,2026-08-27 05:30:00,PT5M,0.0,0.0,0.0,0.0,0.0
0,0,0,0,25,0.15,78.4,4.2,226,2026-08-27 05:35:00,PT5M,0.0,0.0,0.0,0.0,0.0
0,0,0,0,25,0.15,78.2,4.2,226,2026-08-27 05:40:00,PT5M,0.0,0.0,0.0,0.0,0.0
0,0,0,0,25,0.15,78.0,4.2,226,2026-08-27 05:45:00,PT5M,0.0,0.0,0.0,0.0,0.0
0,0,0,0,25,0.15,77.8,4.2,226,2026-08-27 05:50:00,PT5M,0.0,0.0,0.0,0.0,0.0
0,0,0,0,25,0.15,77.6,4.1,226,2026-08-27 05:55:00,PT5M,0.0,0.0,0.0,0.0,0.0
0,0,0,0,25,0.15,77.4,4.1,226,2026-08-27 06:00:00,PT5M,0.0,0.0,0.0,0.0,0.0
1,1,0,1,25,0.15,77.2,4.1,225,2026-08-27 06:05:00,PT5M,0.0,0.0,0.0,0.0,0.0
5,5,0,5,25,0.15,77.0,4.1,225,2026-08-27 06:10:00,PT5M,0.0,0.264,0.1389,0.0,0.0
10,10,0,10,25,0.15,76.8,4.1,225,2026-08-27 06:15:00,PT5M,0.633,1.4945,1.0864,0.1796,0.0
15,16,0,16,25,0.15,76.6,4.1,225,2026-08-27 06:20:00,PT5M,1.372,2.894,2.173,0.571,0.0
21,22,0,22,25,0.15,76.5,4.1,225,2026-08-27 06:25:00,PT5M,2.173,4.578,3.4388,0.9072,0.0
28,29,0,29,25,0.15,76.3,4.1,225,2026-08-27 06:30:00,PT5M,3.06,6.5535,4.8987,1.2213,0.0
36,37,0,37,25,0.15,75.8,4.1,225,2026-08-27 06:35:00,PT5M,4.184,8.962,6.6987,1.6693,0.0
46,47,0,47,26,0.15,75.1,4.1,225,2026-08-27 06:40:00,PT5M,5.472,11.711,8.7556,2.1884,0.0
57,59,0,59,26,0.15,74.4,4.2,225,2026-08-27 06:45:00,PT5M,6.84,14.6425,10.9465,2.7335,0.0
69,71,0,71,26,0.15,73.7,4.2,225,2026-08-27 06:50:00,PT5M,8.41,17.879,13.3936,3.4264,0.0
82,85,0,85,26,0.15,73.0,4.2,225,2026-08-27 06:55:00,PT5M,10.174,21.324,16.0423,4.3057,0.0
96,100,7,98,26,0.15,72.3,4.3,225,2026-08-27 07:00:00,PT5M,12.235,25.1455,19.0299,5.4401,0.0
109,116,33,107,26,0.15,71.6,4.3,224,2026-08-27 07:05:00,PT5M,15.324,30.1205,23.1115,7.5365,0.5275
122,132,59,116,26,0.15,71.0,4.3,224,2026-08-27 07:10:00,PT5M,18.71,35.2685,27.4249,9.9951,2.1515
137,149,86,123,27,0.15,70.3,4.4,224,2026-08-27 07:15:00,PT5M,22.497,40.847,32.1547,12.8393,4.147
152,168,115,131,27,0.15,69.7,4.4,224,2026-08-27 07:20:00,PT5M,26.57,46.7215,37.1759,15.9641,6.4185
168,187,146,137,27,0.15,69.0,4.4,224,2026-08-27 07:25:00,PT5M,31.122,53.0765,42.6768,19.5672,9.1675
184,207,179,142,27,0.15,68.4,4.4,224,2026-08-27 07:30:00,PT5M,36.065,59.814,48.5643,23.5657,12.316
200,226,203,148,27,0.15,67.6,4.5,224,2026-08-27 07:35:00,PT5M,40.446,68.3155,55.1139,25.7781,12.5765
215,242,218,155,27,0.15,66.6,4.6,225,2026-08-27 07:40:00,PT5M,43.988,73.892,59.7267,28.2493,14.084
229,259,232,161,28,0.15,65.7,4.6,225,2026-08-27 07:45:00,PT5M,47.583,79.6075,64.4377,30.7283,15.5585
244,275,246,167,28,0.15,64.8,4.7,226,2026-08-27 07:50:00,PT5M,50.457,83.5425,67.8701,33.0439,17.3715
260,292,260,173,28,0.15,64.0,4.8,226,2026-08-27 07:55:00,PT5M,52.953,86.5525,70.6367,35.2693,19.3535
275,309,274,178,28,0.15,63.1,4.8,226,2026-08-27 08:00:00,PT5M,55.381,89.4425,73.3078,37.4542,21.3195
290,326,287,183,28,0.15,62.2,4.9,227,2026-08-27 08:05:00,PT5M,57.707,92.1625,75.8412,39.5728,23.2515
306,343,300,188,29,0.15,61.4,5.0,227,2026-08-27 08:10:00,PT5M,59.923,94.699,78.2259,41.6201,25.147
321,360,313,193,29,0.15,60.5,5.1,228,2026-08-27 08:15:00,PT5M,62.046,97.0705,80.4796,43.6124,27.0215
337,377,326,198,29,0.15,59.7,5.1,228,2026-08-27 08:20:00,PT5M,64.067,99.2605,82.5896,45.5444,28.8735
352,394,338,202,29,0.15,58.9,5.2,228,2026-08-27 08:25:00,PT5M,65.982,100.0,84.5491,47.4149,30.704
368,411,350,206,29,0.15,58.1,5.3,229,2026-08-27 08:30:00,PT5M,67.783,100.0,86.3698,49.1962,32.4675
383,428,360,210,30,0.15,57.2,5.3,229,2026-08-27 08:35:00,PT5M,69.276,100.0,87.8523,50.6997,33.9805
397,443,366,215,30,0.15,56.1,5.3,230,2026-08-27 08:40:00,PT5M,70.464,100.0,89.04,51.888,35.169
411,458,373,220,30,0.15,55.0,5.4,230,2026-08-27 08:45:00,PT5M,71.618,100.0,90.1824,53.0536,36.345
425,472,379,225,30,0.15,54.0,5.4,231,2026-08-27 08:50:00,PT5M,72.717,100.0,91.2622,54.1718,37.4805
438,487,385,229,30,0.15,52.9,5.4,232,2026-08-27 08:55:00,PT5M,73.769,100.0,92.29,55.248,38.5785
452,501,391,233,31,0.15,51.9,5.4,232,2026-08-27 09:00:00,PT5M,74.781,100.0,93.2715,56.2905,39.6485
465,516,397,237,31,0.15,51.0,5.4,233,2026-08-27 09:05:00,PT5M,75.786,100.0,94.2473,57.3247,40.709
479,530,405,240,31,0.15,50.0,5.5,233,2026-08-27 09:10:00,PT5M,76.857,100.0,95.2849,58.4291,41.8435
492,545,412,243,31,0.15,49.0,5.5,234,2026-08-27 09:15:00,PT5M,77.929,100.0,96.3158,59.5422,42.9935
506,559,420,246,31,0.15,48.1,5.5,235,2026-08-27 09:20:00,PT5M,78.959,100.0,97.1669,60.7511,44.3635
519,573,428,248,32,0.15,47.2,5.5,235,2026-08-27 09:25:00,PT5M,79.95,100.0,97.9726,61.9274,45.7065
532,587,436,250,32,0.15,46.3,5.5,236,2026-08-27 09:30:00,PT5M,80.901,100.0,98.7431,63.0589,47.0005
544,600,441,253,32,0.15,45.5,5.5,236,2026-08-27 09:35:00,PT5M,81.681,100.0,99.347,64.015,48.115
555,612,445,256,32,0.15,44.8,5.5,236,2026-08-27 09:40:00,PT5M,82.293,100.0,99.788,64.798,49.052
566,623,448,260,32,0.15,44.2,5.5,236,2026-08-27 09:45:00,PT5M,82.877,100.0,100.0,65.5481,49.9515
576,634,451,263,33,0.15,43.5,5.5,236,2026-08-27 09:50:00,PT5M,83.404,100.0,100.0,66.2335,50.7795
586,645,453,266,33,0.15,42.9,5.5,236,2026-08-27 09:55:00,PT5M,83.875,100.0,100.0,66.8553,51.537
596,655,455,269,33,0.15,42.3,5.5,236,2026-08-27 10:00:00,PT5M,84.322,100.0,100.0,67.4473,52.2595
605,664,456,272,33,0.15,41.6,5.5,236,2026-08-27 10:05:00,PT5M,84.722,100.0,100.0,67.9841,52.9195
614,673,457,276,34,0.15,41.0,5.5,237,2026-08-27 10:10:00,PT5M,85.079,100.0,100.0,68.4687,53.519
622,682,457,280,34,0.15,40.4,5.5,237,2026-08-27 10:15:00,PT5M,85.413,100.0,100.0,68.9243,54.084
630,690,458,283,34,0.15,39.8,5.5,237,2026-08-27 10:20:00,PT5M,85.723,100.0,100.0,69.3496,54.613
638,698,458,286,34,0.15,39.2,5.5,237,2026-08-27 10:25:00,PT5M,86.012,100.0,100.0,69.7481,55.11
645,706,458,289,34,0.15,38.7,5.5,237,2026-08-27 10:30:00,PT5M,86.279,100.0,100.0,70.119,55.5745
652,713,457,293,35,0.15,38.2,5.5,237,2026-08-27 10:35:00,PT5M,86.473,100.0,100.0,70.3912,55.917
657,718,455,297,35,0.15,37.9,5.5,237,2026-08-27 10:40:00,PT5M,86.589,100.0,100.0,70.5585,56.1305
663,724,453,300,35,0.15,37.5,5.5,237,2026-08-27 10:45:00,PT5M,86.684,100.0,100.0,70.6987,56.3115
668,729,451,304,35,0.15,37.1,5.5,237,2026-08-27 10:50:00,PT5M,86.759,100.0,100.0,70.8129,56.461
672,733,449,307,35,0.15,36.8,5.5,237,2026-08-27 10:55:00,PT5M,86.811,100.0,100.0,70.8968,56.5735
676,737,447,310,35,0.15,36.5,5.5,236,2026-08-27 11:00:00,PT5M,86.838,100.0,100.0,70.9464,56.6435
680,741,445,314,35,0.15,36.1,5.5,236,2026-08-27 11:05:00,PT5M,86.829,100.0,100.0,70.9419,56.643
683,744,442,317,36,0.15,35.8,5.5,236,2026-08-27 11:10:00,PT5M,86.8,100.0,100.0,70.9105,56.6095
686,747,440,320,36,0.15,35.5,5.5,236,2026-08-27 11:15:00,PT5M,86.765,100.0,100.0,70.8813,56.5855
689,749,437,322,36,0.15,35.1,5.5,236,2026-08-27 11:20:00,PT5M,86.713,100.0,100.0,70.8325,56.5395
691,751,435,325,36,0.15,34.8,5.5,236,2026-08-27 11:25:00,PT5M,86.631,100.0,100.0,70.7384,56.4345
693,753,432,328,36,0.15,34.5,5.5,236,2026-08-27 11:30:00,PT5M,86.524,100.0,100.0,70.6111,56.289
694,753,428,330,36,0.15,34.2,5.5,236,2026-08-27 11:35:00,PT5M,86.345,100.0,100.0,70.4053,56.059
694,753,424,334,36,0.15,34.0,5.5,235,2026-08-27 11:40:00,PT5M,86.096,100.0,100.0,70.1247,55.75
693,752,419,336,36,0.15,33.8,5.5,235,2026-08-27 11:45:00,PT5M,85.824,100.0,100.0,69.8153,55.407
692,751,414,339,37,0.15,33.6,5.5,235,2026-08-27 11:50:00,PT5M,85.528,100.0,100.0,69.4754,55.0275
691,749,409,342,37,0.15,33.5,5.5,234,2026-08-27 11:55:00,PT5M,85.206,100.0,100.0,69.1031,54.61
689,747,404,344,37,0.15,33.3,5.5,234,2026-08-27 12:00:00,PT5M,84.839,100.0,100.0,68.6774,54.1315
687,744,398,347,37,0.15,33.1,5.5,233,2026-08-27 12:05:00,PT5M,84.441,100.0,100.0,68.2139,53.609
684,741,392,350,37,0.15,32.9,5.5,233,2026-08-27 12:10:00,PT5M,84.06,100.0,100.0,67.7608,53.091
681,737,386,352,37,0.15,32.7,5.5,232,2026-08-27 12:15:00,PT5M,83.727,100.0,100.0,67.3502,52.6105
678,733,380,354,37,0.15,32.5,5.5,232,2026-08-27 12:20:00,PT5M,83.371,100.0,99.831,66.911,52.0965
674,728,374,356,37,0.15,32.4,5.5,232,2026-08-27 12:25:00,PT5M,82.973,100.0,99.5233,66.4227,51.527
669,723,367,358,37,0.15,32.2,5.5,231,2026-08-27 12:30:00,PT5M,82.54,100.0,99.1868,65.8932,50.9105
664,717,359,361,37,0.15,32.1,5.6,231,2026-08-27 12:35:00,PT5M,81.977,100.0,98.7467,65.2073,50.114
657,709,349,364,37,0.15,32.0,5.6,231,2026-08-27 12:40:00,PT5M,81.285,100.0,98.2031,64.3669,49.14
650,701,340,366,37,0.15,32.0,5.7,230,2026-08-27 12:45:00,PT5M,80.579,100.0,97.6487,63.5093,48.146
642,692,330,368,37,0.15,32.0,5.7,230,2026-08-27 12:50:00,PT5M,79.821,100.0,97.0465,62.5955,47.092
634,684,320,370,37,0.15,32.0,5.8,230,2026-08-27 12:55:00,PT5M,79.034,100.0,96.4198,61.6482,46.0005
626,674,311,372,37,0.15,31.9,5.8,230,2026-08-27 13:00:00,PT5M,78.2,100.0,95.7568,60.6432,44.8415
618,665,301,373,37,0.15,31.9,5.9,229,2026-08-27 13:05:00,PT5M,77.339,100.0,95.0692,59.6088,43.651
610,655,292,374,37,0.15,31.9,5.9,229,2026-08-27 13:10:00,PT5M,76.475,100.0,94.3702,58.5798,42.4735
601,646,283,375,37,0.15,31.8,6.0,229,2026-08-27 13:15:00,PT5M,75.597,100.0,93.6538,57.5402,41.2885
592,635,274,375,37,0.15,31.8,6.0,229,2026-08-27 13:20:00,PT5M,74.657,100.0,92.8899,56.4241,40.014
582,625,265,375,37,0.15,31.8,6.1,229,2026-08-27 13:25:00,PT5M,73.68,100.0,92.0931,55.2669,38.6945
573,614,256,375,37,0.15,31.7,6.1,228,2026-08-27 13:30:00,PT5M,72.668,100.0,91.264,54.072,37.335
564,604,248,374,37,0.15,31.8,6.2,228,2026-08-27 13:35:00,PT5M,71.746,100.0,90.496,52.996,36.1205
555,595,242,372,37,0.15,32.0,6.3,228,2026-08-27 13:40:00,PT5M,70.917,100.0,89.793,52.041,35.052
547,586,236,370,37,0.15,32.2,6.4,228,2026-08-27 13:45:00,PT5M,70.058,100.0,89.0622,51.0538,33.9495
538,576,230,368,37,0.15,32.4,6.4,228,2026-08-27 13:50:00,PT5M,69.17,100.0,88.3047,50.0353,32.8135
529,566,224,365,37,0.15,32.6,6.5,228,2026-08-27 13:55:00,PT5M,68.255,100.0,87.5226,48.9874,31.646
519,556,219,363,37,0.15,32.8,6.6,228,2026-08-27 14:00:00,PT5M,67.309,100.0,86.7121,47.9059,30.4425
510,546,213,360,37,0.15,32.9,6.7,227,2026-08-27 14:05:00,PT5M,66.339,100.0,85.8797,46.7983,29.211
500,535,207,356,37,0.15,33.1,6.8,227,2026-08-27 14:10:00,PT5M,65.346,100.0,85.0265,45.6655,27.9525
490,525,202,353,37,0.15,33.3,6.9,227,2026-08-27 14:15:00,PT5M,64.312,100.0,84.1356,44.4884,26.6465
480,514,196,349,37,0.15,33.5,6.9,227,2026-08-27 14:20:00,PT5M,63.256,100.0,83.2262,43.2858,25.312
470,503,191,345,37,0.15,33.7,7.0,227,2026-08-27 14:25:00,PT5M,62.171,100.0,82.2899,42.0521,23.9445
460,492,185,341,37,0.15,33.9,7.1,227,2026-08-27 14:30:00,PT5M,61.051,99.5645,81.3209,40.7811,22.5375
448,478,176,337,37,0.15,34.1,7.2,227,2026-08-27 14:35:00,PT5M,59.574,98.458,80.0389,39.1091,20.69
434,463,164,333,37,0.15,34.3,7.2,227,2026-08-27 14:40:00,PT5M,57.779,97.105,78.4766,37.0814,18.453
420,447,153,329,36,0.15,34.4,7.3,227,2026-08-27 14:45:00,PT5M,55.957,95.6495,76.8474,35.0666,16.2645
406,432,141,324,36,0.15,34.6,7.4,226,2026-08-27 14:50:00,PT5M,54.109,94.0005,75.1042,33.1138,14.2175
392,417,131,319,36,0.15,34.8,7.4,226,2026-08-27 14:55:00,PT5M,52.237,92.3095,73.3274,31.1466,12.1645
379,402,120,314,36,0.15,35.0,7.5,226,2026-08-27 15:00:00,PT5M,50.342,90.5765,71.5177,29.1663,10.1075
365,387,110,308,36,0.15,35.2,7.6,226,2026-08-27 15:05:00,PT5M,48.423,88.7975,69.6724,27.1736,8.0485
351,372,99,302,36,0.15,35.3,7.6,226,2026-08-27 15:10:00,PT5M,46.68,87.192,68.0018,25.3582,6.168
338,358,90,295,36,0.15,35.5,7.7,226,2026-08-27 15:15:00,PT5M,44.797,85.42,66.1772,23.4168,4.174
325,343,81,289,36,0.15,35.7,7.8,226,2026-08-27 15:20:00,PT5M,42.894,83.603,64.3194,21.4686,2.185
312,329,72,282,36,0.15,35.9,7.8,226,2026-08-27 15:25:00,PT5M,40.972,81.74,62.4285,19.5155,0.204
300,315,63,275,36,0.15,36.1,7.9,226,2026-08-27 15:30:00,PT5M,39.03,79.8295,60.5031,17.5569,0.0
288,303,57,267,36,0.15,36.4,7.9,226,2026-08-27 15:35:00,PT5M,37.424,78.1565,58.8618,15.9862,0.0
279,293,54,260,36,0.15,36.7,7.9,225,2026-08-27 15:40:00,PT5M,36.155,76.7235,57.5065,14.8035,0.0
269,283,51,252,35,0.15,37.1,7.9,225,2026-08-27 15:45:00,PT5M,34.852,75.2255,56.1009,13.6031,0.0
259,272,48,244,35,0.15,37.4,7.9,224,2026-08-27 15:50:00,PT5M,33.515,73.592,54.6078,12.4222,0.0
249,261,44,237,35,0.15,37.8,7.8,224,2026-08-27 15:55:00,PT5M,32.176,71.9325,53.1001,11.2519,0.0
239,251,41,229,35,0.15,38.2,7.8,223,2026-08-27 16:00:00,PT5M,30.814,70.163,51.5237,10.1043,0.0
229,240,37,221,35,0.15,38.6,7.8,223,2026-08-27 16:05:00,PT5M,29.418,68.2845,49.8737,8.9623,0.0
219,229,33,212,35,0.15,39.0,7.8,222,2026-08-27 16:10:00,PT5M,27.986,66.3035,48.1528,7.8192,0.0
208,218,29,204,35,0.15,39.4,7.8,222,2026-08-27 16:15:00,PT5M,26.813,64.5195,46.6582,6.9678,0.0
198,207,25,196,34,0.15,39.8,7.8,221,2026-08-27 16:20:00,PT5M,25.298,62.336,44.7914,5.8046,0.0
188,196,20,187,34,0.15,40.1,7.8,221,2026-08-27 16:25:00,PT5M,23.743,60.067,42.8606,4.6254,0.0
178,185,16,179,34,0.15,40.6,7.7,221,2026-08-27 16:30:00,PT5M,22.179,57.644,40.8445,3.5135,0.0
168,175,11,170,34,0.15,41.0,7.7,220,2026-08-27 16:35:00,PT5M,20.842,51.5425,36.9999,4.6841,0.0
158,164,6,161,34,0.15,41.5,7.7,221,2026-08-27 16:40:00,PT5M,19.386,47.96,34.4247,4.3473,0.0
148,153,1,152,34,0.15,42.0,7.7,221,2026-08-27 16:45:00,PT5M,17.891,44.3285,31.8052,3.9768,0.0
137,142,0,142,33,0.15,42.6,7.6,222,2026-08-27 16:50:00,PT5M,16.633,41.016,29.4659,3.8001,0.0
127,132,0,132,33,0.15,43.1,7.6,222,2026-08-27 16:55:00,PT5M,15.442,37.7865,27.2021,3.6819,0.0
117,121,0,121,33,0.15,43.6,7.6,222,2026-08-27 17:00:00,PT5M,14.203,34.5245,24.8984,3.5076,0.0
107,110,0,110,33,0.15,44.2,7.5,223,2026-08-27 17:05:00,PT5M,12.956,31.281,22.6006,3.3114,0.0
97,100,0,100,33,0.15,44.7,7.5,223,2026-08-27 17:10:00,PT5M,11.713,28.0845,20.3294,3.0966,0.0
86,89,0,89,32,0.15,45.3,7.5,224,2026-08-27 17:15:00,PT5M,10.45,24.8075,18.0065,2.8935,0.0
76,79,0,79,32,0.15,45.8,7.4,224,2026-08-27 17:20:00,PT5M,9.204,21.5825,15.7189,2.6891,0.0
66,68,0,68,32,0.15,46.4,7.4,224,2026-08-27 17:25:00,PT5M,7.915,18.428,13.4481,2.3819,0.0
57,59,0,59,32,0.15,47.0,7.4,225,2026-08-27 17:30:00,PT5M,6.677,15.4035,11.2698,2.0842,0.0
48,49,0,49,32,0.15,47.6,7.3,225,2026-08-27 17:35:00,PT5M,5.561,12.538,9.233,1.889,0.0
39,40,0,40,32,0.15,48.2,7.3,224,2026-08-27 17:40:00,PT5M,4.467,9.8435,7.2967,1.6373,0.0
31,32,0,32,31,0.15,48.7,7.3,224,2026-08-27 17:45:00,PT5M,3.378,7.3465,5.4666,1.2894,0.0
24,25,0,25,31,0.15,49.3,7.3,224,2026-08-27 17:50:00,PT5M,2.45,5.2705,3.9344,0.9656,0.0
17,18,0,18,31,0.15,49.9,7.3,223,2026-08-27 17:55:00,PT5M,1.63,3.4765,2.6018,0.6582,0.0
11,12,0,12,31,0.15,50.5,7.3,223,2026-08-27 18:00:00,PT5M,0.871,1.961,1.4447,0.2973,0.0
6,7,0,7,31,0.15,51.1,7.2,222,2026-08-27 18:05:00,PT5M,0.186,0.6535,0.432,0.0,0.0
2,2,0,2,31,0.15,51.8,7.2,222,2026-08-27 18:10:00,PT5M,0.0,0.0,0.0,0.0,0.0
0,0,0,0,30,0.15,52.4,7.2,221,2026-08-27 18:15:00,PT5M,0.0,0.0,0.0,0.0,0.0
0,0,0,0,30,0.15,53.0,7.2,221,2026-08-27 18:20:00,PT5M,0.0,0.0,0.0,0.0,0.0
0,0,0,0,30,0.15,53.7,7.2,221,2026-08-27 18:25:00,PT5M,0.0,0.0,0.0,0.0,0.0
0,0,0,0,30,0.15,54.3,7.2,220,2026-08-27 18:30:00,PT5M,0.0,0.0,0.0,0.0,0.0
0,0,0,0,30,0.15,55.0,7.1,220,2026-08-27 18:35:00,PT5M,0.0,0.0,0.0,0.0,0.0
0,0,0,0,30,0.15,55.7,7.0,220,2026-08-27 18:40:00,PT5M,0.0,0.0,0.0,0.0,0.0
0,0,0,0,29,0.15,56.4,7.0,220,2026-08-27 18:45:00,PT5M,0.0,0.0,0.0,0.0,0.0
0,0,0,0,29,0.15,57.1,6.9,220,2026-08-27 18:50:00,PT5M,0.0,0.0,0.0,0.0,0.0
0,0,0,0,29,0.15,57.8,6.8,221,2026-08-27 18:55:00,PT5M,0.0,0.0,0.0,0.0,0.0
0,0,0,0,29,0.15,58.5,6.7,221,2026-08-27 19:00:00,PT5M,0.0,0.0,0.0,0.0,0.0
0,0,0,0,29,0.15,59.2,6.6,221,2026-08-27 19:05:00,PT5M,0.0,0.0,0.0,0.0,0.0
0,0,0,0,29,0.15,60.0,6.5,221,2026-08-27 19:10:00,PT5M,0.0,0.0,0.0,0.0,0.0
0,0,0,0,29,0.15,60.7,6.5,221,2026-08-27 19:15:00,PT5M,0.0,0.0,0.0,0.0,0.0
0,0,0,0,28,0.15,61.5,6.4,221,2026-08-27 19:20:00,PT5M,0.0,0.0,0.0,0.0,0.0
0,0,0,0,28,0.15,62.2,6.3,221,2026-08-27 19:25:00,PT5M,0.0,0.0,0.0,0.0,0.0
0,0,0,0,28,0.15,63.0,6.2,222,2026-08-27 19:30:00,PT5M,0.0,0.0,0.0,0.0,0.0
0,0,0,0,28,0.15,63.6,6.1,222,2026-08-27 19:35:00,PT5M,0.0,0.0,0.0,0.0,0.0
0,0,0,0,28,0.15,63.9,6.0,222,2026-08-27 19:40:00,PT5M,0.0,0.0,0.0,0.0,0.0
0,0,0,0,28,0.15,64.2,5.9,221,2026-08-27 19:45:00,PT5M,0.0,0.0,0.0,0.0,0.0
0,0,0,0,28,0.15,64.6,5.8,221,2026-08-27 19:50:00,PT5M,0.0,0.0,0.0,0.0,0.0
0,0,0,0,28,0.15,64.9,5.7,221,2026-08-27 19:55:00,PT5M,0.0,0.0,0.0,0.0,0.0
0,0,0,0,28,0.15,65.3,5.5,221,2026-08-27 20:00:00,PT5M,0.0,0.0,0.0,0.0,0.0
0,0,0,0,28,0.15,65.6,5.4,221,2026-08-27 20:05:00,PT5M,0.0,0.0,0.0,0.0,0.0
0,0,0,0,27,0.15,66.0,5.3,221,2026-08-27 20:10:00,PT5M,0.0,0.0,0.0,0.0,0.0
0,0,0,0,27,0.15,66.4,5.2,221,2026-08-27 20:15:00,PT5M,0.0,0.0,0.0,0.0,0.0
0,0,0,0,27,0.15,66.7,5.1,220,2026-08-27 20:20:00,PT5M,0.0,0.0,0.0,0.0,0.0
0,0,0,0,27,0.15,67.1,5.0,220,2026-08-27 20:25:00,PT5M,0.0,0.0,0.0,0.0,0.0
0,0,0,0,27,0.15,67.4,4.9,220,2026-08-27 20:30:00,PT5M,0.0,0.0,0.0,0.0,0.0
0,0,0,0,27,0.15,67.7,4.8,220,2026-08-27 20:35:00,PT5M,0.0,0.0,0.0,0.0,0.0
0,0,0,0,27,0.15,67.8,4.8,220,2026-08-27 20:40:00,PT5M,0.0,0.0,0.0,0.0,0.0
0,0,0,0,27,0.15,68.0,4.8,220,2026-08-27 20:45:00,PT5M,0.0,0.0,0.0,0.0,0.0
0,0,0,0,27,0.15,68.1,4.8,221,2026-08-27 20:50:00,PT5M,0.0,0.0,0.0,0.0,0.0
0,0,0,0,27,0.15,68.2,4.8,221,2026-08-27 20:55:00,PT5M,0.0,0.0,0.0,0.0,0.0
0,0,0,0,27,0.15,68.4,4.8,221,2026-08-27 21:00:00,PT5M,0.0,0.0,0.0,0.0,0.0
0,0,0,0,27,0.15,68.5,4.8,221,2026-08-27 21:05:00,PT5M,0.0,0.0,0.0,0.0,0.0
0,0,0,0,27,0.15,68.6,4.8,221,2026-08-27 21:10:00,PT5M,0.0,0.0,0.0,0.0,0.0
0,0,0,0,27,0.15,68.8,4.8,222,2026-08-27 21:15:00,PT5M,0.0,0.0,0.0,0.0,0.0
0,0,0,0,27,0.15,68.9,4.8,222,2026-08-27 21:20:00,PT5M,0.0,0.0,0.0,0.0,0.0
0,0,0,0,27,0.15,69.0,4.8,222,2026-08-27 21:25:00,PT5M,0.0,0.0,0.0,0.0,0.0
0,0,0,0,27,0.15,69.2,4.7,222,2026-08-27 21:30:00,PT5M,0.0,0.0,0.0,0.0,0.0
0,0,0,0,27,0.15,69.2,4.7,223,2026-08-27 21:35:00,PT5M,0.0,0.0,0.0,0.0,0.0
0,0,0,0,27,0.15,69.2,4.7,223,2026-08-27 21:40:00,PT5M,0.0,0.0,0.0,0.0,0.0
0,0,0,0,27,0.15,69.1,4.7,223,2026-08-27 21:45:00,PT5M,0.0,0.0,0.0,0.0,0.0
0,0,0,0,27,0.15,69.1,4.7,223,2026-08-27 21:50:00,PT5M,0.0,0.0,0.0,0.0,0.0
0,0,0,0,27,0.15,69.1,4.7,223,2026-08-27 21:55:00,PT5M,0.0,0.0,0.0,0.0,0.0
0,0,0,0,27,0.15,69.0,4.7,223,2026-08-27 22:00:00,PT5M,0.0,0.0,0.0,0.0,0.0
0,0,0,0,27,0.15,69.0,4.7,223,2026-08-27 22:05:00,PT5M,0.0,0.0,0.0,0.0,0.0
0,0,0,0,27,0.15,69.0,4.7,224,2026-08-27 22:10:00,PT5M,0.0,0.0,0.0,0.0,0.0
0,0,0,0,27,0.15,68.9,4.7,224,2026-08-27 22:15:00,PT5M,0.0,0.0,0.0,0.0,0.0
0,0,0,0,27,0.15,68.9,4.7,224,2026-08-27 22:20:00,PT5M,0.0,0.0,0.0,0.0,0.0
0,0,0,0,27,0.15,68.9,4.7,224,2026-08-27 22:25:00,PT5M,0.0,0.0,0.0,0.0,0.0
0,0,0,0,27,0.15,68.8,4.7,224,2026-08-27 22:30:00,PT5M,0.0,0.0,0.0,0.0,0.0
0,0,0,0,27,0.15,68.9,4.7,224,2026-08-27 22:35:00,PT5M,0.0,0.0,0.0,0.0,0.0
0,0,0,0,27,0.15,69.1,4.7,224,2026-08-27 22:40:00,PT5M,0.0,0.0,0.0,0.0,0.0
0,0,0,0,27,0.15,69.3,4.7,224,2026-08-27 22:45:00,PT5M,0.0,0.0,0.0,0.0,0.0
0,0,0,0,27,0.15,69.5,4.6,224,2026-08-27 22:50:00,PT5M,0.0,0.0,0.0,0.0,0.0
0,0,0,0,27,0.15,69.8,4.6,224,2026-08-27 22:55:00,PT5M,0.0,0.0,0.0,0.0,0.0
0,0,0,0,27,0.15,70.0,4.6,224,2026-08-27 23:00:00,PT5M,0.0,0.0,0.0,0.0,0.0
0,0,0,0,26,0.15,70.2,4.5,224,2026-08-27 23:05:00,PT5M,0.0,0.0,0.0,0.0,0.0
0,0,0,0,26,0.15,70.4,4.5,224,2026-08-27 23:10:00,PT5M,0.0,0.0,0.0,0.0,0.0
0,0,0,0,26,0.15,70.6,4.5,223,2026-08-27 23:15:00,PT5M,0.0,0.0,0.0,0.0,0.0
0,0,0,0,26,0.15,70.8,4.5,223,2026-08-27 23:20:00,PT5M,0.0,0.0,0.0,0.0,0.0
0,0,0,0,26,0.15,71.0,4.4,223,2026-08-27 23:25:00,PT5M,0.0,0.0,0.0,0.0,0.0
0,0,0,0,26,0.15,71.2,4.4,223,2026-08-27 23:30:00,PT5M,0.0,0.0,0.0,0.0,0.0
0,0,0,0,26,0.15,71.4,4.4,223,2026-08-27 23:35:00,PT5M,0.0,0.0,0.0,0.0,0.0
0,0,0,0,26,0.15,71.5,4.4,223,2026-08-27 23:40:00,PT5M,0.0,0.0,0.0,0.0,0.0
0,0,0,0,26,0.15,71.7,4.4,223,2026-08-27 23:45:00,PT5M,0.0,0.0,0.0,0.0,0.0
0,0,0,0,26,0.15,71.8,4.4,222,2026-08-27 23:50:00,PT5M,0.0,0.0,0.0,0.0,0.0
0,0,0,0,26,0.15,72.0,4.4,222,2026-08-27 23:55:00,PT5M,0.0,0.0,0.0,0.0,0.0
0,0,0,0,26,0.15,72.1,4.4,222,2026-08-28 00:00:00,PT5M,0.0,0.0,0.0,0.0,0.0
0,0,0,0,26,0.15,72.3,4.4,222,2026-08-28 00:05:00,PT5M,0.0,0.0,0.0,0.0,0.0
0,0,0,0,26,0.15,72.4,4.4,221,2026-08-28 00:10:00,PT5M,0.0,0.0,0.0,0.0,0.0
0,0,0,0,26,0.15,72.6,4.4,221,2026-08-28 00:15:00,PT5M,0.0,0.0,0.0,0.0,0.0
0,0,0,0,26,0.15,72.7,4.5,221,2026-08-28 00:20:00,PT5M,0.0,0.0,0.0,0.0,0.0
0,0,0,0,26,0.15,72.8,4.5,221,2026-08-28 00:25:00,PT5M,0.0,0.0,0.0,0.0,0.0
0,0,0,0,26,0.15,73.0,4.5,221,2026-08-28 00:30:00,PT5M,0.0,0.0,0.0,0.0,0.0
0,0,0,0,26,0.15,73.1,4.5,221,2026-08-28 00:35:00,PT5M,0.0,0.0,0.0,0.0,0.0
0,0,0,0,26,0.15,73.2,4.5,221,2026-08-28 00:40:00,PT5M,0.0,0.0,0.0,0.0,0.0
0,0,0,0,26,0.15,73.2,4.5,221,2026-08-28 00:45:00,PT5M,0.0,0.0,0.0,0.0,0.0
0,0,0,0,26,0.15,73.3,4.6,221,2026-08-28 00:50:00,PT5M,0.0,0.0,0.0,0.0,0.0
0,0,0,0,26,0.15,73.4,4.6,222,2026-08-28 00:55:00,PT5M,0.0,0.0,0.0,0.0,0.0
0,0,0,0,26,0.15,73.5,4.6,222,2026-08-28 01:00:00,PT5M,0.0,0.0,0.0,0.0,0.0
0,0,0,0,26,0.15,73.5,4.7,222,2026-08-28 01:05:00,PT5M,0.0,0.0,0.0,0.0,0.0
0,0,0,0,26,0.15,73.6,4.7,222,2026-08-28 01:10:00,PT5M,0.0,0.0,0.0,0.0,0.0
0,0,0,0,26,0.15,73.7,4.7,223,2026-08-28 01:15:00,PT5M,0.0,0.0,0.0,0.0,0.0
0,0,0,0,26,0.15,73.8,4.7,223,2026-08-28 01:20:00,PT5M,0.0,0.0,0.0,0.0,0.0
0,0,0,0,26,0.15,73.8,4.8,223,2026-08-28 01:25:00,PT5M,0.0,0.0,0.0,0.0,0.0
0,0,0,0,26,0.15,73.9,4.8,223,2026-08-28 01:30:00,PT5M,0.0,0.0,0.0,0.0,0.0
0,0,0,0,26,0.15,74.0,4.8,223,2026-08-28 01:35:00,PT5M,0.0,0.0,0.0,0.0,0.0
0,0,0,0,26,0.15,74.0,4.8,223,2026-08-28 01:40:00,PT5M,0.0,0.0,0.0,0.0,0.0
0,0,0,0,26,0.15,74.1,4.8,223,2026-08-28 01:45:00,PT5M,0.0,0.0,0.0,0.0,0.0
0,0,0,0,26,0.15,74.2,4.8,223,2026-08-28 01:50:00,PT5M,0.0,0.0,0.0,0.0,0.0
0,0,0,0,26,0.15,74.3,4.8,223,2026-08-28 01:55:00,PT5M,0.0,0.0,0.0,0.0,0.0
0,0,0,0,26,0.15,74.3,4.8,223,2026-08-28 02:00:00,PT5M,0.0,0.0,0.0,0.0,0.0
0,0,0,0,26,0.15,74.4,4.8,222,2026-08-28 02:05:00,PT5M,0.0,0.0,0.0,0.0,0.0
0,0,0,0,26,0.15,74.5,4.8,222,2026-08-28 02:10:00,PT5M,0.0,0.0,0.0,0.0,0.0
0,0,0,0,26,0.15,74.6,4.8,222,2026-08-28 02:15:00,PT5M,0.0,0.0,0.0,0.0,0.0
0,0,0,0,26,0.15,74.6,4.8,222,2026-08-28 02:20:00,PT5M,0.0,0.0,0.0,0.0,0.0
0,0,0,0,26,0.15,74.7,4.8,222,2026-08-28 02:25:00,PT5M,0.0,0.0,0.0,0.0,0.0
0,0,0,0,26,0.15,74.8,4.8,222,2026-08-28 02:30:00,PT5M,0.0,0.0,0.0,0.0,0.0
0,0,0,0,26,0.15,74.9,4.8,221,2026-08-28 02:35:00,PT5M,0.0,0.0,0.0,0.0,0.0
0,0,0,0,26,0.15,75.0,4.8,221,2026-08-28 02:40:00,PT5M,0.0,0.0,0.0,0.0,0.0
0,0,0,0,26,0.15,75.1,4.8,221,2026-08-28 02:45:00,PT5M,0.0,0.0,0.0,0.0,0.0
0,0,0,0,26,0.15,75.2,4.8,220,2026-08-28 02:50:00,PT5M,0.0,0.0,0.0,0.0,0.0
0,0,0,0,26,0.15,75.3,4.8,220,2026-08-28 02:55:00,PT5M,0.0,0.0,0.0,0.0,0.0
0,0,0,0,26,0.15,75.4,4.8,219,2026-08-28 03:00:00,PT5M,0.0,0.0,0.0,0.0,0.0
0,0,0,0,26,0.15,75.6,4.8,219,2026-08-28 03:05:00,PT5M,0.0,0.0,0.0,0.0,0.0
0,0,0,0,26,0.15,75.7,4.8,218,2026-08-28 03:10:00,PT5M,0.0,0.0,0.0,0.0,0.0
0,0,0,0,26,0.15,75.8,4.8,218,2026-08-28 03:15:00,PT5M,0.0,0.0,0.0,0.0,0.0
0,0,0,0,26,0.15,75.9,4.8,218,2026-08-28 03:20:00,PT5M,0.0,0.0,0.0,0.0,0.0
0,0,0,0,26,0.15,76.0,4.9,217,2026-08-28 03:25:00,PT5M,0.0,0.0,0.0,0.0,0.0
0,0,0,0,26,0.15,76.1,4.9,217,2026-08-28 03:30:00,PT5M,0.0,0.0,0.0,0.0,0.0
0,0,0,0,26,0.15,76.2,4.9,217,2026-08-28 03:35:00,PT5M,0.0,0.0,0.0,0.0,0.0
0,0,0,0,26,0.15,76.2,4.9,217,2026-08-28 03:40:00,PT5M,0.0,0.0,0.0,0.0,0.0
0,0,0,0,25,0.15,76.3,4.9,218,2026-08-28 03:45:00,PT5M,0.0,0.0,0.0,0.0,0.0
0,0,0,0,25,0.15,76.3,4.9,218,2026-08-28 03:50:00,PT5M,0.0,0.0,0.0,0.0,0.0
0,0,0,0,25,0.15,76.4,4.9,218,2026-08-28 03:55:00,PT5M,0.0,0.0,0.0,0.0,0.0
0,0,0,0,25,0.15,76.4,4.9,219,2026-08-28 04:00:00,PT5M,0.0,0.0,0.0,0.0,0.0
0,0,0,0,25,0.15,76.4,4.9,219,2026-08-28 04:05:00,PT5M,0.0,0.0,0.0,0.0,0.0
0,0,0,0,25,0.15,76.5,4.9,219,2026-08-28 04:10:00,PT5M,0.0,0.0,0.0,0.0,0.0
0,0,0,0,25,0.15,76.5,4.9,220,2026-08-28 04:15:00,PT5M,0.0,0.0,0.0,0.0,0.0
0,0,0,0,25,0.15,76.5,4.9,220,2026-08-28 04:20:00,PT5M,0.0,0.0,0.0,0.0,0.0
0,0,0,0,25,0.15,76.6,4.9,220,2026-08-28 04:25:00,PT5M,0.0,0.0,0.0,0.0,0.0
0,0,0,0,25,0.15,76.6,4.9,221,2026-08-28 04:30:00,PT5M,0.0,0.0,0.0,0.0,0.0
0,0,0,0,25,0.15,76.6,4.9,221,2026-08-28 04:35:00,PT5M,0.0,0.0,0.0,0.0,0.0
0,0,0,0,25,0.15,76.6,4.9,221,2026-08-28 04:40:00,PT5M,0.0,0.0,0.0,0.0,0.0
0,0,0,0,25,0.15,76.6,4.9,221,2026-08-28 04:45:00,PT5M,0.0,0.0,0.0,0.0,0.0
0,0,0,0,25,0.15,76.6,5.0,221,2026-08-28 04:50:00,PT5M,0.0,0.0,0.0,0.0,0.0
0,0,0,0,25,0.15,76.6,5.0,221,2026-08-28 04:55:00,PT5M,0.0,0.0,0.0,0.0,0.0
0,0,0,0,25,0.15,76.6,5.0,221,2026-08-28 05:00:00,PT5M,0.0,0.0,0.0,0.0,0.0
0,0,0,0,25,0.15,76.6,5.0,221,2026-08-28 05:05:00,PT5M,0.0,0.0,0.0,0.0,0.0
0,0,0,0,25,0.15,76.6,5.0,221,2026-08-28 05:10:00,PT5M,0.0,0.0,0.0,0.0,0.0
0,0,0,0,25,0.15,76.6,5.0,222,2026-08-28 05:15:00,PT5M,0.0,0.0,0.0,0.0,0.0
0,0,0,0,25,0.15,76.6,5.1,222,2026-08-28 05:20:00,PT5M,0.0,0.0,0.0,0.0,0.0
0,0,0,0,25,0.15,76.6,5.1,222,2026-08-28 05:25:00,PT5M,0.0,0.0,0.0,0.0,0.0
0,0,0,0,25,0.15,76.6,5.1,222,2026-08-28 05:30:00,PT5M,0.0,0.0,0.0,0.0,0.0
0,0,0,0,25,0.15,76.2,5.1,222,2026-08-28 05:35:00,PT5M,0.0,0.0,0.0,0.0,0.0
0,0,0,0,25,0.15,75.5,5.1,222,2026-08-28 05:40:00,PT5M,0.0,0.0,0.0,0.0,0.0
0,0,0,0,26,0.15,74.8,5.1,222,2026-08-28 05:45:00,PT5M,0.0,0.0,0.0,0.0,0.0
0,0,0,0,26,0.15,74.0,5.1,223,2026-08-28 05:50:00,PT5M,0.0,0.0,0.0,0.0,0.0
0,0,0,0,26,0.15,73.3,5.2,223,2026-08-28 05:55:00,PT5M,0.0,0.0,0.0,0.0,0.0
0,0,0,0,26,0.15,72.6,5.2,223,2026-08-28 06:00:00,PT5M,0.0,0.0,0.0,0.0,0.0
1,1,0,1,26,0.15,71.9,5.2,223,2026-08-28 06:05:00,PT5M,0.0,0.0,0.0,0.0,0.0
7,7,0,7,26,0.15,71.2,5.2,224,2026-08-28 06:10:00,PT5M,0.235,0.5615,0.4068,0.0632,0.0
13,14,0,14,26,0.15,70.5,5.2,224,2026-08-28 06:15:00,PT5M,1.138,2.136,1.6633,0.6127,0.14
21,21,0,21,27,0.15,69.8,5.2,224,2026-08-28 06:20:00,PT5M,2.147,3.9415,3.0915,1.2025,0.3525
29,30,0,30,27,0.15,69.1,5.2,224,2026-08-28 06:25:00,PT5M,3.255,6.289,4.8518,1.6582,0.221
39,40,0,40,27,0.15,68.5,5.2,225,2026-08-28 06:30:00,PT5M,4.491,8.875,6.7983,2.1837,0.107
50,51,0,51,27,0.15,67.8,5.3,225,2026-08-28 06:35:00,PT5M,5.99,11.953,9.1284,2.8516,0.027
61,64,14,62,27,0.15,67.2,5.3,225,2026-08-28 06:40:00,PT5M,7.968,15.635,12.0032,3.9328,0.301
72,78,43,70,27,0.15,66.5,5.3,225,2026-08-28 06:45:00,PT5M,10.605,20.0315,15.5662,5.6438,1.1785
83,93,74,78,27,0.15,65.9,5.3,226,2026-08-28 06:50:00,PT5M,13.656,24.828,19.5359,7.7761,2.484
96,109,106,86,27,0.15,65.2,5.3,226,2026-08-28 06:55:00,PT5M,17.081,30.0215,23.8917,10.2703,4.1405
110,126,139,93,28,0.15,64.6,5.3,226,2026-08-28 07:00:00,PT5M,20.77,35.4915,28.518,13.022,6.0485
124,144,171,99,28,0.15,64.0,5.3,226,2026-08-28 07:05:00,PT5M,24.812,41.366,33.5245,16.0995,8.258
139,161,198,105,28,0.15,63.4,5.4,226,2026-08-28 07:10:00,PT5M,28.761,47.1955,38.4632,19.0588,10.3265
154,179,225,111,28,0.15,62.8,5.4,227,2026-08-28 07:15:00,PT5M,32.962,53.3,43.666,22.258,12.624
169,198,251,117,28,0.15,62.2,5.4,227,2026-08-28 07:20:00,PT5M,37.385,59.633,49.0943,25.6757,15.137
186,217,278,121,28,0.15,61.6,5.4,227,2026-08-28 07:25:00,PT5M,41.997,66.1535,54.7107,29.2833,17.8405
202,236,305,125,28,0.15,61.0,5.4,227,2026-08-28 07:30:00,PT5M,46.792,72.845,60.5039,33.0801,20.739
219,255,327,130,29,0.15,60.4,5.4,228,2026-08-28 07:35:00,PT5M,51.309,79.308,66.0451,36.5729,23.31
235,273,342,135,29,0.15,59.8,5.4,228,2026-08-28 07:40:00,PT5M,55.452,85.475,71.2533,39.6507,25.429
251,291,358,140,29,0.15,59.2,5.5,228,2026-08-28 07:45:00,PT5M,59.656,91.7945,76.5707,42.7413,27.5175
267,309,373,144,29,0.15,58.7,5.5,228,2026-08-28 07:50:00,PT5M,62.618,95.7615,80.0617,45.1743,29.4745
284,327,388,148,29,0.15,58.1,5.5,228,2026-08-28 07:55:00,PT5M,65.017,98.669,82.7283,47.3057,31.365
300,345,402,152,29,0.15,57.6,5.5,229,2026-08-28 08:00:00,PT5M,67.334,100.0,85.2882,49.3798,33.2205
317,363,417,156,29,0.15,57.0,5.5,229,2026-08-28 08:05:00,PT5M,69.561,100.0,87.7304,51.3916,35.0385
334,382,431,159,30,0.15,56.5,5.5,229,2026-08-28 08:10:00,PT5M,71.685,100.0,90.0384,53.3316,36.813
350,400,444,162,30,0.15,55.9,5.6,229,2026-08-28 08:15:00,PT5M,73.693,100.0,92.193,55.193,38.5425
367,418,458,165,30,0.15,55.4,5.6,230,2026-08-28 08:20:00,PT5M,75.572,100.0,94.1775,56.9665,40.221
384,437,471,168,30,0.15,54.9,5.6,230,2026-08-28 08:25:00,PT5M,77.317,100.0,95.9843,58.6497,41.8485
401,455,484,170,30,0.15,54.3,5.6,230,2026-08-28 08:30:00,PT5M,78.907,100.0,97.6135,60.2005,43.364
417,472,494,173,30,0.15,53.7,5.6,230,2026-08-28 08:35:00,PT5M,80.248,100.0,98.944,61.552,44.725
432,489,502,176,30,0.15,53.0,5.6,230,2026-08-28 08:40:00,PT5M,81.36,100.0,100.0,62.6861,45.879
448,505,510,180,31,0.15,52.3,5.6,230,2026-08-28 08:45:00,PT5M,82.413,100.0,100.0,63.7744,46.999
463,521,517,183,31,0.15,51.6,5.6,230,2026-08-28 08:50:00,PT5M,83.41,100.0,100.0,64.8156,48.08
478,537,524,185,31,0.15,50.9,5.6,230,2026-08-28 08:55:00,PT5M,84.36,100.0,100.0,65.8171,49.128
493,553,531,188,31,0.15,50.2,5.5,230,2026-08-28 09:00:00,PT5M,85.32,100.0,100.0,66.8364,50.2005
507,569,538,191,31,0.15,49.6,5.5,230,2026-08-28 09:05:00,PT5M,86.2,100.0,100.0,67.7795,51.2005
522,585,547,192,31,0.15,48.9,5.5,230,2026-08-28 09:10:00,PT5M,87.144,100.0,100.0,68.7951,52.2805
537,600,556,194,32,0.15,48.3,5.5,231,2026-08-28 09:15:00,PT5M,88.087,100.0,100.0,69.8184,53.376
552,616,564,195,32,0.15,47.6,5.5,231,2026-08-28 09:20:00,PT5M,88.991,100.0,100.0,70.895,54.608
566,631,573,196,32,0.15,47.0,5.5,231,2026-08-28 09:25:00,PT5M,89.858,100.0,100.0,71.9828,55.8945
580,647,581,196,32,0.15,46.4,5.5,231,2026-08-28 09:30:00,PT5M,90.69,100.0,100.0,73.0324,57.14
594,661,588,197,32,0.15,45.7,5.5,231,2026-08-28 09:35:00,PT5M,91.42,100.0,100.0,73.9587,58.243
607,675,594,199,33,0.15,45.1,5.5,231,2026-08-28 09:40:00,PT5M,92.051,100.0,100.0,74.7634,59.204
619,688,600,200,33,0.15,44.5,5.4,231,2026-08-28 09:45:00,PT5M,92.654,100.0,100.0,75.5348,60.127
631,701,605,201,33,0.15,44.0,5.4,231,2026-08-28 09:50:00,PT5M,93.195,100.0,100.0,76.2363,60.973
643,713,609,203,33,0.15,43.4,5.4,231,2026-08-28 09:55:00,PT5M,93.685,100.0,100.0,76.8792,61.7535
654,725,613,204,33,0.15,42.8,5.4,231,2026-08-28 10:00:00,PT5M,94.151,100.0,100.0,77.4923,62.499
665,737,617,206,33,0.15,42.2,5.4,231,2026-08-28 10:05:00,PT5M,94.585,100.0,100.0,78.0658,63.198
676,748,620,207,34,0.15,41.7,5.4,231,2026-08-28 10:10:00,PT5M,94.985,100.0,100.0,78.5966,63.8465
686,758,623,209,34,0.15,41.1,5.4,231,2026-08-28 10:15:00,PT5M,95.363,100.0,100.0,79.0993,64.4615
695,768,626,210,34,0.15,40.6,5.4,231,2026-08-28 10:20:00,PT5M,95.718,100.0,100.0,79.5727,65.0415
705,778,629,212,34,0.15,40.1,5.4,231,2026-08-28 10:25:00,PT5M,96.051,100.0,100.0,80.0181,65.588
714,788,632,213,34,0.15,39.5,5.3,231,2026-08-28 10:30:00,PT5M,96.365,100.0,100.0,80.4389,66.105
722,796,633,215,35,0.15,39.0,5.3,231,2026-08-28 10:35:00,PT5M,96.6,100.0,100.0,80.7755,66.533
729,804,634,217,35,0.15,38.5,5.3,231,2026-08-28 10:40:00,PT5M,96.752,100.0,100.0,81.0241,66.8685
736,811,634,219,35,0.15,38.0,5.3,231,2026-08-28 10:45:00,PT5M,96.885,100.0,100.0,81.2484,67.175
743,818,634,221,35,0.15,37.5,5.3,232,2026-08-28 10:50:00,PT5M,96.997,100.0,100.0,81.4459,67.4495
749,824,634,223,35,0.15,37.0,5.3,232,2026-08-28 10:55:00,PT5M,97.088,100.0,100.0,81.6154,67.6895
755,830,633,225,35,0.15,36.5,5.3,232,2026-08-28 11:00:00,PT5M,97.158,100.0,100.0,81.7548,67.8915
760,835,633,227,36,0.15,36.1,5.3,232,2026-08-28 11:05:00,PT5M,97.195,100.0,100.0,81.8418,68.0235
765,840,632,229,36,0.15,35.6,5.3,232,2026-08-28 11:10:00,PT5M,97.208,100.0,100.0,81.899,68.1205
769,844,631,231,36,0.15,35.1,5.2,232,2026-08-28 11:15:00,PT5M,97.21,100.0,100.0,81.9537,68.2225
773,848,630,233,36,0.15,34.7,5.2,232,2026-08-28 11:20:00,PT5M,97.195,100.0,100.0,81.9881,68.3015
776,852,628,235,36,0.15,34.2,5.2,232,2026-08-28 11:25:00,PT5M,97.159,100.0,100.0,81.9861,68.33
779,855,627,237,36,0.15,33.8,5.2,232,2026-08-28 11:30:00,PT5M,97.105,100.0,100.0,81.9576,68.3245
781,856,623,240,37,0.15,33.6,5.2,232,2026-08-28 11:35:00,PT5M,96.947,100.0,100.0,81.8215,68.208
781,856,617,244,36,0.15,33.7,5.3,232,2026-08-28 11:40:00,PT5M,96.687,100.0,100.0,81.5807,67.9845
780,855,610,249,36,0.15,33.7,5.3,231,2026-08-28 11:45:00,PT5M,96.409,100.0,100.0,81.3158,67.7315
779,853,604,253,36,0.15,33.8,5.4,231,2026-08-28 11:50:00,PT5M,96.112,100.0,100.0,81.0251,67.4465
778,852,597,257,36,0.15,33.9,5.4,231,2026-08-28 11:55:00,PT5M,95.787,100.0,100.0,80.6986,67.1185
776,849,590,261,36,0.15,34.0,5.4,231,2026-08-28 12:00:00,PT5M,95.422,100.0,100.0,80.323,66.7335
774,846,582,265,36,0.15,34.1,5.5,230,2026-08-28 12:05:00,PT5M,95.039,100.0,100.0,79.9229,66.318
771,842,575,269,36,0.15,34.1,5.5,230,2026-08-28 12:10:00,PT5M,94.686,100.0,100.0,79.5462,65.92
767,839,567,272,36,0.15,34.2,5.6,230,2026-08-28 12:15:00,PT5M,94.372,100.0,100.0,79.202,65.5485
764,834,560,276,36,0.15,34.3,5.6,230,2026-08-28 12:20:00,PT5M,94.039,100.0,100.0,78.8324,65.146
759,829,552,279,36,0.15,34.4,5.7,229,2026-08-28 12:25:00,PT5M,93.671,100.0,100.0,78.4197,64.693
755,824,544,283,36,0.15,34.5,5.7,229,2026-08-28 12:30:00,PT5M,93.265,100.0,100.0,77.9608,64.1865
749,818,536,286,36,0.15,34.5,5.8,229,2026-08-28 12:35:00,PT5M,92.835,100.0,100.0,77.4716,63.644
744,811,528,289,36,0.15,34.6,5.8,229,2026-08-28 12:40:00,PT5M,92.382,100.0,100.0,76.9533,63.067
738,805,520,292,36,0.15,34.7,5.9,228,2026-08-28 12:45:00,PT5M,91.984,100.0,100.0,76.4848,62.535
731,797,511,295,36,0.15,34.8,5.9,228,2026-08-28 12:50:00,PT5M,91.486,100.0,100.0,75.9099,61.891
725,790,503,298,36,0.15,34.9,5.9,228,2026-08-28 12:55:00,PT5M,90.962,100.0,100.0,75.302,61.2075
717,782,495,300,36,0.15,35.0,6.0,228,2026-08-28 13:00:00,PT5M,90.405,100.0,100.0,74.6463,60.463
710,773,487,302,36,0.15,35.0,6.0,228,2026-08-28 13:05:00,PT5M,89.829,100.0,100.0,73.9682,59.693
702,765,479,304,36,0.15,35.1,6.1,227,2026-08-28 13:10:00,PT5M,89.249,100.0,100.0,73.2953,58.9365
694,756,471,305,36,0.15,35.2,6.1,227,2026-08-28 13:15:00,PT5M,88.647,100.0,100.0,72.6002,58.1575
686,747,463,306,36,0.15,35.3,6.2,227,2026-08-28 13:20:00,PT5M,88.002,100.0,100.0,71.8431,57.2995
677,737,455,307,36,0.15,35.4,6.2,227,2026-08-28 13:25:00,PT5M,87.325,100.0,100.0,71.0463,56.395
668,727,447,308,36,0.15,35.5,6.3,227,2026-08-28 13:30:00,PT5M,86.616,100.0,100.0,70.2118,55.4475
658,716,439,309,36,0.15,35.5,6.3,226,2026-08-28 13:35:00,PT5M,85.818,100.0,100.0,69.2625,54.362
647,705,429,310,36,0.15,35.6,6.4,226,2026-08-28 13:40:00,PT5M,84.929,100.0,100.0,68.198,53.1395
637,693,419,310,36,0.15,35.7,6.4,226,2026-08-28 13:45:00,PT5M,84.01,100.0,100.0,67.1008,51.882
626,681,409,311,36,0.15,35.8,6.5,226,2026-08-28 13:50:00,PT5M,83.062,100.0,100.0,65.9723,50.591
614,668,400,311,36,0.15,35.9,6.5,226,2026-08-28 13:55:00,PT5M,82.085,100.0,99.3579,64.8121,49.266
603,656,390,311,36,0.15,36.0,6.6,225,2026-08-28 14:00:00,PT5M,81.076,100.0,98.5352,63.6168,47.903
591,643,381,310,36,0.15,36.0,6.6,225,2026-08-28 14:05:00,PT5M,80.033,100.0,97.6814,62.3846,46.5005
579,630,371,310,35,0.15,36.1,6.6,225,2026-08-28 14:10:00,PT5M,78.957,100.0,96.7978,61.1162,45.059
567,617,362,309,35,0.15,36.2,6.7,225,2026-08-28 14:15:00,PT5M,77.845,100.0,95.8818,59.8082,43.5745
555,603,352,307,35,0.15,36.3,6.7,225,2026-08-28 14:20:00,PT5M,76.699,100.0,94.9355,58.4625,42.049
543,590,343,306,35,0.15,36.4,6.8,225,2026-08-28 14:25:00,PT5M,75.479,100.0,93.9174,57.0406,40.4455
530,576,333,304,35,0.15,36.5,6.8,224,2026-08-28 14:30:00,PT5M,74.262,100.0,92.9051,55.6189,38.8395
517,562,324,301,35,0.15,36.6,6.9,224,2026-08-28 14:35:00,PT5M,73.041,100.0,91.8752,54.2068,37.2555
505,548,316,299,35,0.15,36.9,6.8,224,2026-08-28 14:40:00,PT5M,71.86,100.0,90.87,52.85,35.7405
492,535,307,296,35,0.15,37.2,6.8,224,2026-08-28 14:45:00,PT5M,70.643,100.0,89.8066,51.4794,34.2315
479,521,299,292,35,0.15,37.4,6.8,224,2026-08-28 14:50:00,PT5M,69.392,100.0,88.6117,50.1723,32.874
466,507,290,289,35,0.15,37.7,6.8,224,2026-08-28 14:55:00,PT5M,68.104,100.0,87.3753,48.8327,31.488
453,492,282,285,35,0.15,38.0,6.8,224,2026-08-28 15:00:00,PT5M,66.78,100.0,86.0981,47.4619,30.075
440,478,273,281,35,0.15,38.2,6.8,224,2026-08-28 15:05:00,PT5M,65.405,100.0,84.7615,46.0485,28.627
427,464,264,277,35,0.15,38.5,6.7,224,2026-08-28 15:10:00,PT5M,63.983,100.0,83.3685,44.5975,27.15
414,450,256,272,34,0.15,38.8,6.7,224,2026-08-28 15:15:00,PT5M,62.617,99.4795,82.018,43.216,25.7545
400,435,248,268,34,0.15,39.1,6.7,224,2026-08-28 15:20:00,PT5M,61.208,98.085,80.6166,41.7994,24.331
387,421,240,263,34,0.15,39.3,6.7,224,2026-08-28 15:25:00,PT5M,59.757,96.6315,79.1643,40.3497,22.8825
374,407,232,257,34,0.15,39.6,6.7,224,2026-08-28 15:30:00,PT5M,58.258,95.112,77.6545,38.8615,21.404
361,392,225,252,34,0.15,39.9,6.7,224,2026-08-28 15:35:00,PT5M,56.77,93.5,76.1013,37.4387,20.04
348,378,217,246,34,0.15,40.2,6.6,223,2026-08-28 15:40:00,PT5M,55.348,91.9635,74.619,36.077,18.7325
335,364,210,240,34,0.15,40.5,6.6,223,2026-08-28 15:45:00,PT5M,53.821,90.292,73.0159,34.6261,17.35
322,350,203,234,34,0.15,40.7,6.6,223,2026-08-28 15:50:00,PT5M,52.235,88.523,71.3336,33.1364,15.947
308,336,195,227,34,0.15,41.0,6.6,223,2026-08-28 15:55:00,PT5M,50.58,86.5965,69.5357,31.6243,14.5635
295,321,187,221,33,0.15,41.3,6.6,223,2026-08-28 16:00:00,PT5M,48.848,84.5095,67.6169,30.0791,13.1865
282,307,179,214,33,0.15,41.6,6.6,223,2026-08-28 16:05:00,PT5M,47.061,82.3025,65.6089,28.5131,11.8195
268,293,171,207,33,0.15,41.9,6.6,223,2026-08-28 16:10:00,PT5M,45.224,79.9885,63.5208,26.9272,10.4595
255,278,163,199,33,0.15,42.2,6.5,223,2026-08-28 16:15:00,PT5M,43.318,77.5495,61.3343,25.3017,9.0865
242,264,155,192,33,0.15,42.5,6.5,223,2026-08-28 16:20:00,PT5M,41.351,75.0,59.0607,23.6413,7.702
229,249,146,184,33,0.15,42.8,6.5,223,2026-08-28 16:25:00,PT5M,39.326,72.349,56.7062,21.9458,6.303
216,235,137,177,33,0.15,43.1,6.5,223,2026-08-28 16:30:00,PT5M,37.183,69.2905,54.0814,20.2846,5.0755
203,221,129,169,33,0.15,43.4,6.5,223,2026-08-28 16:35:00,PT5M,34.67,64.6135,50.4295,18.9105,4.7265
190,207,120,160,33,0.15,43.8,6.5,223,2026-08-28 16:40:00,PT5M,32.177,60.0635,46.8539,17.5001,4.2905
177,193,112,152,32,0.15,44.1,6.4,223,2026-08-28 16:45:00,PT5M,29.675,55.534,43.2848,16.0652,3.816
165,179,103,144,32,0.15,44.4,6.4,222,2026-08-28 16:50:00,PT5M,27.178,51.021,39.7267,14.6293,3.335
152,166,93,135,32,0.15,44.7,6.4,222,2026-08-28 16:55:00,PT5M,24.696,46.5295,36.1871,13.2049,2.8625
140,152,83,127,32,0.15,45.0,6.4,222,2026-08-28 17:00:00,PT5M,22.32,42.162,32.763,11.877,2.478
128,139,72,118,32,0.15,45.4,6.4,222,2026-08-28 17:05:00,PT5M,19.878,37.7525,29.2855,10.4705,2.0035
116,125,61,109,32,0.15,45.7,6.4,222,2026-08-28 17:10:00,PT5M,17.506,33.4185,25.8809,9.1311,1.5935
104,112,46,101,32,0.15,46.0,6.4,222,2026-08-28 17:15:00,PT5M,15.067,29.141,22.4742,7.6598,0.993
92,98,29,92,32,0.15,46.3,6.3,222,2026-08-28 17:20:00,PT5M,12.72,25.0525,19.2107,6.2293,0.3875
81,85,13,83,32,0.15,46.7,6.3,222,2026-08-28 17:25:00,PT5M,10.447,21.1075,16.0577,4.8363,0.0
70,73,0,73,32,0.15,47.0,6.3,222,2026-08-28 17:30:00,PT5M,8.469,17.4695,13.206,3.732,0.0
58,60,0,60,31,0.15,47.4,6.3,222,2026-08-28 17:35:00,PT5M,7.017,13.055,10.1948,3.8392,0.979
47,49,0,49,31,0.15,47.8,6.2,222,2026-08-28 17:40:00,PT5M,5.559,10.1725,7.9871,3.1309,0.9455
37,38,0,38,31,0.15,48.3,6.2,222,2026-08-28 17:45:00,PT5M,4.161,7.5435,5.9412,2.3808,0.7785
28,29,0,29,31,0.15,48.7,6.1,222,2026-08-28 17:50:00,PT5M,2.999,5.384,4.2542,1.7438,0.614
20,20,0,20,31,0.15,49.1,6.1,222,2026-08-28 17:55:00,PT5M,1.983,3.5215,2.7927,1.1733,0.4445
13,13,0,13,31,0.15,49.6,6.1,222,2026-08-28 18:00:00,PT5M,1.069,2.034,1.5769,0.5611,0.104
7,7,0,7,31,0.15,50.0,6.0,223,2026-08-28 18:05:00,PT5M,0.263,0.674,0.4793,0.0467,0.0
2,2,0,2,31,0.15,50.5,6.0,223,2026-08-28 18:10:00,PT5M,0.0,0.0,0.0,0.0,0.0
0,0,0,0,31,0.15,50.9,5.9,223,2026-08-28 18:15:00,PT5M,0.0,0.0,0.0,0.0,0.0
0,0,0,0,30,0.15,51.4,5.9,223,2026-08-28 18:20:00,PT5M,0.0,0.0,0.0,0.0,0.0
0,0,0,0,30,0.15,51.8,5.8,223,2026-08-28 18:25:00,PT5M,0.0,0.0,0.0,0.0,0.0
0,0,0,0,30,0.15,52.3,5.8,223,2026-08-28 18:30:00,PT5M,0.0,0.0,0.0,0.0,0.0
0,0,0,0,30,0.15,52.8,5.8,223,2026-08-28 18:35:00,PT5M,0.0,0.0,0.0,0.0,0.0
0,0,0,0,30,0.15,53.3,5.7,224,2026-08-28 18:40:00,PT5M,0.0,0.0,0.0,0.0,0.0
0,0,0,0,30,0.15,53.7,5.7,224,2026-08-28 18:45:00,PT5M,0.0,0.0,0.0,0.0,0.0
0,0,0,0,30,0.15,54.2,5.6,224,2026-08-28 18:50:00,PT5M,0.0,0.0,0.0,0.0,0.0
0,0,0,0,30,0.15,54.7,5.6,224,2026-08-28 18:55:00,PT5M,0.0,0.0,0.0,0.0,0.0
0,0,0,0,30,0.15,55.2,5.5,224,2026-08-28 19:00:00,PT5M,0.0,0.0,0.0,0.0,0.0
0,0,0,0,29,0.15,55.7,5.5,224,2026-08-28 19:05:00,PT5M,0.0,0.0,0.0,0.0,0.0
0,0,0,0,29,0.15,56.2,5.5,225,2026-08-28 19:10:00,PT5M,0.0,0.0,0.0,0.0,0.0
0,0,0,0,29,0.15,56.7,5.4,225,2026-08-28 19:15:00,PT5M,0.0,0.0,0.0,0.0,0.0
0,0,0,0,29,0.15,57.2,5.4,225,2026-08-28 19:20:00,PT5M,0.0,0.0,0.0,0.0,0.0
0,0,0,0,29,0.15,57.8,5.3,225,2026-08-28 19:25:00,PT5M,0.0,0.0,0.0,0.0,0.0
0,0,0,0,29,0.15,58.3,5.3,225,2026-08-28 19:30:00,PT5M,0.0,0.0,0.0,0.0,0.0
0,0,0,0,29,0.15,58.8,5.2,225,2026-08-28 19:35:00,PT5M,0.0,0.0,0.0,0.0,0.0
0,0,0,0,29,0.15,59.4,5.2,226,2026-08-28 19:40:00,PT5M,0.0,0.0,0.0,0.0,0.0
0,0,0,0,29,0.15,59.9,5.1,226,2026-08-28 19:45:00,PT5M,0.0,0.0,0.0,0.0,0.0
0,0,0,0,29,0.15,60.4,5.1,226,2026-08-28 19:50:00,PT5M,0.0,0.0,0.0,0.0,0.0
0,0,0,0,28,0.15,61.0,5.1,226,2026-08-28 19:55:00,PT5M,0.0,0.0,0.0,0.0,0.0
0,0,0,0,28,0.15,61.5,5.0,226,2026-08-28 20:00:00,PT5M,0.0,0.0,0.0,0.0,0.0
0,0,0,0,28,0.15,62.1,5.0,226,2026-08-28 20:05:00,PT5M,0.0,0.0,0.0,0.0,0.0
0,0,0,0,28,0.15,62.7,4.9,227,2026-08-28 20:10:00,PT5M,0.0,0.0,0.0,0.0,0.0
0,0,0,0,28,0.15,63.2,4.9,227,2026-08-28 20:15:00,PT5M,0.0,0.0,0.0,0.0,0.0
0,0,0,0,28,0.15,63.8,4.8,227,2026-08-28 20:20:00,PT5M,0.0,0.0,0.0,0.0,0.0
0,0,0,0,28,0.15,64.4,4.8,227,2026-08-28 20:25:00,PT5M,0.0,0.0,0.0,0.0,0.0
0,0,0,0,28,0.15,65.0,4.8,227,2026-08-28 20:30:00,PT5M,0.0,0.0,0.0,0.0,0.0
0,0,0,0,28,0.15,65.4,4.7,228,2026-08-28 20:35:00,PT5M,0.0,0.0,0.0,0.0,0.0
0,0,0,0,28,0.15,65.5,4.7,228,2026-08-28 20:40:00,PT5M,0.0,0.0,0.0,0.0,0.0
0,0,0,0,28,0.15,65.7,4.7,228,2026-08-28 20:45:00,PT5M,0.0,0.0,0.0,0.0,0.0
0,0,0,0,27,0.15,65.9,4.7,228,2026-08-28 20:50:00,PT5M,0.0,0.0,0.0,0.0,0.0
0,0,0,0,27,0.15,66.1,4.7,227,2026-08-28 20:55:00,PT5M,0.0,0.0,0.0,0.0,0.0
0,0,0,0,27,0.15,66.2,4.6,227,2026-08-28 21:00:00,PT5M,0.0,0.0,0.0,0.0,0.0
0,0,0,0,27,0.15,66.4,4.6,227,2026-08-28 21:05:00,PT5M,0.0,0.0,0.0,0.0,0.0
0,0,0,0,27,0.15,66.6,4.6,227,2026-08-28 21:10:00,PT5M,0.0,0.0,0.0,0.0,0.0
0,0,0,0,27,0.15,66.7,4.6,227,2026-08-28 21:15:00,PT5M,0.0,0.0,0.0,0.0,0.0
0,0,0,0,27,0.15,66.9,4.6,227,2026-08-28 21:20:00,PT5M,0.0,0.0,0.0,0.0,0.0
0,0,0,0,27,0.15,67.1,4.6,227,2026-08-28 21:25:00,PT5M,0.0,0.0,0.0,0.0,0.0
0,0,0,0,27,0.15,67.3,4.5,227,2026-08-28 21:30:00,PT5M,0.0,0.0,0.0,0.0,0.0
0,0,0,0,27,0.15,67.4,4.5,227,2026-08-28 21:35:00,PT5M,0.0,0.0,0.0,0.0,0.0
0,0,0,0,27,0.15,67.6,4.5,227,2026-08-28 21:40:00,PT5M,0.0,0.0,0.0,0.0,0.0
0,0,0,0,27,0.15,67.8,4.5,227,2026-08-28 21:45:00,PT5M,0.0,0.0,0.0,0.0,0.0
0,0,0,0,27,0.15,68.0,4.5,227,2026-08-28 21:50:00,PT5M,0.0,0.0,0.0,0.0,0.0
0,0,0,0,27,0.15,68.1,4.4,227,2026-08-28 21:55:00,PT5M,0.0,0.0,0.0,0.0,0.0
0,0,0,0,27,0.15,68.3,4.4,227,2026-08-28 22:00:00,PT5M,0.0,0.0,0.0,0.0,0.0
0,0,0,0,27,0.15,68.5,4.4,227,2026-08-28 22:05:00,PT5M,0.0,0.0,0.0,0.0,0.0
0,0,0,0,27,0.15,68.7,4.4,227,2026-08-28 22:10:00,PT5M,0.0,0.0,0.0,0.0,0.0
0,0,0,0,27,0.15,68.9,4.4,227,2026-08-28 22:15:00,PT5M,0.0,0.0,0.0,0.0,0.0
0,0,0,0,27,0.15,69.0,4.4,227,2026-08-28 22:20:00,PT5M,0.0,0.0,0.0,0.0,0.0
0,0,0,0,27,0.15,69.2,4.3,227,2026-08-28 22:25:00,PT5M,0.0,0.0,0.0,0.0,0.0
0,0,0,0,27,0.15,69.4,4.3,227,2026-08-28 22:30:00,PT5M,0.0,0.0,0.0,0.0,0.0
0,0,0,0,26,0.15,69.6,4.3,227,2026-08-28 22:35:00,PT5M,0.0,0.0,0.0,0.0,0.0
0,0,0,0,26,0.15,69.8,4.3,227,2026-08-28 22:40:00,PT5M,0.0,0.0,0.0,0.0,0.0
0,0,0,0,26,0.15,69.9,4.3,227,2026-08-28 22:45:00,PT5M,0.0,0.0,0.0,0.0,0.0
0,0,0,0,26,0.15,70.1,4.3,227,2026-08-28 22:50:00,PT5M,0.0,0.0,0.0,0.0,0.0
0,0,0,0,26,0.15,70.3,4.2,227,2026-08-28 22:55:00,PT5M,0.0,0.0,0.0,0.0,0.0
0,0,0,0,26,0.15,70.5,4.2,227,2026-08-28 23:00:00,PT5M,0.0,0.0,0.0,0.0,0.0
0,0,0,0,26,0.15,70.7,4.2,227,2026-08-28 23:05:00,PT5M,0.0,0.0,0.0,0.0,0.0
0,0,0,0,26,0.15,70.9,4.2,227,2026-08-28 23:10:00,PT5M,0.0,0.0,0.0,0.0,0.0
0,0,0,0,26,0.15,71.1,4.2,227,2026-08-28 23:15:00,PT5M,0.0,0.0,0.0,0.0,0.0
0,0,0,0,26,0.15,71.2,4.1,227,2026-08-28 23:20:00,PT5M,0.0,0.0,0.0,0.0,0.0
0,0,0,0,26,0.15,71.4,4.1,227,2026-08-28 23:25:00,PT5M,0.0,0.0,0.0,0.0,0.0
0,0,0,0,26,0.15,71.6,4.1,227,2026-08-28 23:30:00,PT5M,0.0,0.0,0.0,0.0,0.0
0,0,0,0,26,0.15,71.8,4.1,227,2026-08-28 23:35:00,PT5M,0.0,0.0,0.0,0.0,0.0
0,0,0,0,26,0.15,71.8,4.1,227,2026-08-28 23:40:00,PT5M,0.0,0.0,0.0,0.0,0.0
0,0,0,0,26,0.15,71.9,4.1,227,2026-08-28 23:45:00,PT5M,0.0,0.0,0.0,0.0,0.0
0,0,0,0,26,0.15,72.0,4.1,227,2026-08-28 23:50:00,PT5M,0.0,0.0,0.0,0.0,0.0
0,0,0,0,26,0.15,72.1,4.1,227,2026-08-28 23:55:00,PT5M,0.0,0.0,0.0,0.0,0.0
0,0,0,0,26,0.15,72.2,4.1,227,2026-08-29 00:00:00,PT5M,0.0,0.0,0.0,0.0,0.0
0,0,0,0,26,0.15,72.3,4.1,226,2026-08-29 00:05:00,PT5M,0.0,0.0,0.0,0.0,0.0
0,0,0,0,26,0.15,72.3,4.1,226,2026-08-29 00:10:00,PT5M,0.0,0.0,0.0,0.0,0.0
0,0,0,0,26,0.15,72.4,4.1,226,2026-08-29 00:15:00,PT5M,0.0,0.0,0.0,0.0,0.0
0,0,0,0,26,0.15,72.5,4.1,226,2026-08-29 00:20:00,PT5M,0.0,0.0,0.0,0.0,0.0
0,0,0,0,26,0.15,72.6,4.1,226,2026-08-29 00:25:00,PT5M,0.0,0.0,0.0,0.0,0.0
0,0,0,0,26,0.15,72.7,4.1,226,2026-08-29 00:30:00,PT5M,0.0,0.0,0.0,0.0,0.0
0,0,0,0,26,0.15,72.8,4.1,226,2026-08-29 00:35:00,PT5M,0.0,0.0,0.0,0.0,0.0
0,0,0,0,26,0.15,72.8,4.1,226,2026-08-29 00:40:00,PT5M,0.0,0.0,0.0,0.0,0.0
0,0,0,0,26,0.15,72.9,4.1,226,2026-08-29 00:45:00,PT5M,0.0,0.0,0.0,0.0,0.0
0,0,0,0,26,0.15,73.0,4.1,226,2026-08-29 00:50:00,PT5M,0.0,0.0,0.0,0.0,0.0
0,0,0,0,26,0.15,73.1,4.1,226,2026-08-29 00:55:00,PT5M,0.0,0.0,0.0,0.0,0.0
0,0,0,0,26,0.15,73.2,4.1,226,2026-08-29 01:00:00,PT5M,0.0,0.0,0.0,0.0,0.0
0,0,0,0,26,0.15,73.3,4.1,225,2026-08-29 01:05:00,PT5M,0.0,0.0,0.0,0.0,0.0
0,0,0,0,26,0.15,73.4,4.1,225,2026-08-29 01:10:00,PT5M,0.0,0.0,0.0,0.0,0.0
0,0,0,0,26,0.15,73.4,4.1,225,2026-08-29 01:15:00,PT5M,0.0,0.0,0.0,0.0,0.0
0,0,0,0,26,0.15,73.5,4.1,225,2026-08-29 01:20:00,PT5M,0.0,0.0,0.0,0.0,0.0
0,0,0,0,26,0.15,73.6,4.1,225,2026-08-29 01:25:00,PT5M,0.0,0.0,0.0,0.0,0.0
0,0,0,0,26,0.15,73.7,4.1,225,2026-08-29 01:30:00,PT5M,0.0,0.0,0.0,0.0,0.0
0,0,0,0,26,0.15,73.8,4.1,225,2026-08-29 01:35:00,PT5M,0.0,0.0,0.0,0.0,0.0
0,0,0,0,26,0.15,73.9,4.1,225,2026-08-29 01:40:00,PT5M,0.0,0.0,0.0,0.0,0.0
0,0,0,0,26,0.15,73.9,4.0,225,2026-08-29 01:45:00,PT5M,0.0,0.0,0.0,0.0,0.0
0,0,0,0,25,0.15,74.0,4.0,225,2026-08-29 01:50:00,PT5M,0.0,0.0,0.0,0.0,0.0
0,0,0,0,25,0.15,74.1,4.0,225,2026-08-29 01:55:00,PT5M,0.0,0.0,0.0,0.0,0.0
0,0,0,0,25,0.15,74.2,4.0,225,2026-08-29 02:00:00,PT5M,0.0,0.0,0.0,0.0,0.0
0,0,0,0,25,0.15,74.3,4.0,224,2026-08-29 02:05:00,PT5M,0.0,0.0,0.0,0.0,0.0
0,0,0,0,25,0.15,74.4,4.0,224,2026-08-29 02:10:00,PT5M,0.0,0.0,0.0,0.0,0.0
0,0,0,0,25,0.15,74.5,4.0,224,2026-08-29 02:15:00,PT5M,0.0,0.0,0.0,0.0,0.0
0,0,0,0,25,0.15,74.6,4.0,224,2026-08-29 02:20:00,PT5M,0.0,0.0,0.0,0.0,0.0
0,0,0,0,25,0.15,74.6,4.0,224,2026-08-29 02:25:00,PT5M,0.0,0.0,0.0,0.0,0.0
0,0,0,0,25,0.15,74.7,4.0,224,2026-08-29 02:30:00,PT5M,0.0,0.0,0.0,0.0,0.0
0,0,0,0,25,0.15,74.8,4.0,224,2026-08-29 02:35:00,PT5M,0.0,0.0,0.0,0.0,0.0
0,0,0,0,25,0.15,74.7,4.0,224,2026-08-29 02:40:00,PT5M,0.0,0.0,0.0,0.0,0.0
0,0,0,0,25,0.15,74.7,4.0,224,2026-08-29 02:45:00,PT5M,0.0,0.0,0.0,0.0,0.0
0,0,0,0,25,0.15,74.7,4.0,224,2026-08-29 02:50:00,PT5M,0.0,0.0,0.0,0.0,0.0
0,0,0,0,25,0.15,74.7,4.0,224,2026-08-29 02:55:00,PT5M,0.0,0.0,0.0,0.0,0.0
0,0,0,0,25,0.15,74.7,4.0,225,2026-08-29 03:00:00,PT5M,0.0,0.0,0.0,0.0,0.0
0,0,0,0,25,0.15,74.7,4.0,225,2026-08-29 03:05:00,PT5M,0.0,0.0,0.0,0.0,0.0
0,0,0,0,25,0.15,74.7,4.0,225,2026-08-29 03:10:00,PT5M,0.0,0.0,0.0,0.0,0.0
0,0,0,0,25,0.15,74.7,4.0,225,2026-08-29 03:15:00,PT5M,0.0,0.0,0.0,0.0,0.0
0,0,0,0,25,0.15,74.6,4.0,225,2026-08-29 03:20:00,PT5M,0.0,0.0,0.0,0.0,0.0
0,0,0,0,25,0.15,74.6,4.0,225,2026-08-29 03:25:00,PT5M,0.0,0.0,0.0,0.0,0.0
0,0,0,0,25,0.15,74.6,4.0,225,2026-08-29 03:30:00,PT5M,0.0,0.0,0.0,0.0,0.0
0,0,0,0,25,0.15,74.6,4.0,225,2026-08-29 03:35:00,PT5M,0.0,0.0,0.0,0.0,0.0
0,0,0,0,25,0.15,74.6,4.0,226,2026-08-29 03:40:00,PT5M,0.0,0.0,0.0,0.0,0.0
0,0,0,0,25,0.15,74.6,4.0,226,2026-08-29 03:45:00,PT5M,0.0,0.0,0.0,0.0,0.0
0,0,0,0,25,0.15,74.6,4.0,226,2026-08-29 03:50:00,PT5M,0.0,0.0,0.0,0.0,0.0
0,0,0,0,25,0.15,74.5,4.0,226,2026-08-29 03:55:00,PT5M,0.0,0.0,0.0,0.0,0.0
0,0,0,0,25,0.15,74.5,4.0,226,2026-08-29 04:00:00,PT5M,0.0,0.0,0.0,0.0,0.0
0,0,0,0,25,0.15,74.5,4.0,226,2026-08-29 04:05:00,PT5M,0.0,0.0,0.0,0.0,0.0
0,0,0,0,25,0.15,74.5,4.0,226,2026-08-29 04:10:00,PT5M,0.0,0.0,0.0,0.0,0.0
0,0,0,0,25,0.15,74.5,4.0,226,2026-08-29 04:15:00,PT5M,0.0,0.0,0.0,0.0,0.0
0,0,0,0,25,0.15,74.5,4.0,226,2026-08-29 04:20:00,PT5M,0.0,0.0,0.0,0.0,0.0
0,0,0,0,25,0.15,74.5,4.0,227,2026-08-29 04:25:00,PT5M,0.0,0.0,0.0,0.0,0.0
0,0,0,0,25,0.15,74.4,4.0,227,2026-08-29 04:30:00,PT5M,0.0,0.0,0.0,0.0,0.0
0,0,0,0,25,0.15,74.4,4.0,227,2026-08-29 04:35:00,PT5M,0.0,0.0,0.0,0.0,0.0
0,0,0,0,25,0.15,74.4,4.0,227,2026-08-29 04:40:00,PT5M,0.0,0.0,0.0,0.0,0.0
0,0,0,0,25,0.15,74.4,4.0,227,2026-08-29 04:45:00,PT5M,0.0,0.0,0.0,0.0,0.0
0,0,0,0,25,0.15,74.4,4.0,227,2026-08-29 04:50:00,PT5M,0.0,0.0,0.0,0.0,0.0
0,0,0,0,25,0.15,74.4,4.0,227,2026-08-29 04:55:00,PT5M,0.0,0.0,0.0,0.0,0.0
0,0,0,0,25,0.15,74.4,4.0,227,2026-08-29 05:00:00,PT5M,0.0,0.0,0.0,0.0,0.0
0,0,0,0,25,0.15,74.4,4.0,227,2026-08-29 05:05:00,PT5M,0.0,0.0,0.0,0.0,0.0
0,0,0,0,25,0.15,74.3,4.0,228,2026-08-29 05:10:00,PT5M,0.0,0.0,0.0,0.0,0.0
0,0,0,0,25,0.15,74.3,4.0,228,2026-08-29 05:15:00,PT5M,0.0,0.0,0.0,0.0,0.0
0,0,0,0,25,0.15,74.3,4.0,228,2026-08-29 05:20:00,PT5M,0.0,0.0,0.0,0.0,0.0
0,0,0,0,25,0.15,74.3,4.0,228,2026-08-29 05:25:00,PT5M,0.0,0.0,0.0,0.0,0.0
0,0,0,0,25,0.15,74.3,4.0,228,2026-08-29 05:30:00,PT5M,0.0,0.0,0.0,0.0,0.0
0,0,0,0,25,0.15,73.9,4.0,228,2026-08-29 05:35:00,PT5M,0.0,0.0,0.0,0.0,0.0
0,0,0,0,25,0.15,73.1,4.0,228,2026-08-29 05:40:00,PT5M,0.0,0.0,0.0,0.0,0.0
0,0,0,0,26,0.15,72.4,4.0,229,2026-08-29 05:45:00,PT5M,0.0,0.0,0.0,0.0,0.0
0,0,0,0,26,0.15,71.6,4.0,229,2026-08-29 05:50:00,PT5M,0.0,0.0,0.0,0.0,0.0
0,0,0,0,26,0.15,70.9,4.0,229,2026-08-29 05:55:00,PT5M,0.0,0.0,0.0,0.0,0.0
0,0,0,0,26,0.15,70.2,4.0,229,2026-08-29 06:00:00,PT5M,0.0,0.0,0.0,0.0,0.0
2,2,0,2,26,0.15,69.5,4.0,230,2026-08-29 06:05:00,PT5M,0.0,0.0,0.0,0.0,0.0
8,8,0,8,26,0.15,68.8,4.0,230,2026-08-29 06:10:00,PT5M,0.367,0.716,0.5507,0.1833,0.018
15,15,0,15,26,0.15,68.1,3.9,230,2026-08-29 06:15:00,PT5M,1.355,2.296,1.8503,0.8597,0.414
23,24,0,24,27,0.15,67.4,3.9,230,2026-08-29 06:20:00,PT5M,2.444,4.1545,3.3442,1.5438,0.7335
32,33,0,33,27,0.15,66.7,3.9,231,2026-08-29 06:25:00,PT5M,3.618,6.5195,5.1451,2.0909,0.7165
42,43,0,43,27,0.15,66.0,3.9,231,2026-08-29 06:30:00,PT5M,4.912,9.088,7.1099,2.7141,0.736
52,55,11,53,27,0.15,65.3,3.9,231,2026-08-29 06:35:00,PT5M,6.692,12.3435,9.6664,3.7176,1.0405
62,68,39,62,27,0.15,64.7,3.9,231,2026-08-29 06:40:00,PT5M,9.134,16.368,12.9413,5.3267,1.9
74,82,67,70,27,0.15,64.0,3.9,232,2026-08-29 06:45:00,PT5M,11.868,20.7285,16.5313,7.2047,3.0075
86,97,96,78,27,0.15,63.4,3.9,232,2026-08-29 06:50:00,PT5M,14.948,25.4125,20.4555,9.4405,4.4835
99,113,126,86,28,0.15,62.7,3.9,232,2026-08-29 06:55:00,PT5M,18.351,30.41,24.6977,12.0043,6.292
113,130,156,93,28,0.15,62.1,3.9,232,2026-08-29 07:00:00,PT5M,21.968,35.673,29.181,14.755,8.263
127,148,186,99,28,0.15,61.5,3.8,233,2026-08-29 07:05:00,PT5M,25.964,41.4185,34.0978,17.8302,10.5095
142,165,212,105,28,0.15,60.8,3.8,233,2026-08-29 07:10:00,PT5M,29.923,47.275,39.0555,20.7905,12.571
157,183,237,111,28,0.15,60.2,3.8,233,2026-08-29 07:15:00,PT5M,34.092,53.337,44.2208,23.9632,14.847
173,201,262,117,28,0.15,59.6,3.8,233,2026-08-29 07:20:00,PT5M,38.439,59.5915,49.5717,27.3063,17.2865
189,220,287,122,28,0.15,59.0,3.8,234,2026-08-29 07:25:00,PT5M,42.925,65.994,55.0664,30.7836,19.856
206,239,311,126,29,0.15,58.4,3.8,234,2026-08-29 07:30:00,PT5M,47.546,72.5275,60.6939,34.3981,22.5645
222,257,330,131,29,0.15,57.8,3.8,234,2026-08-29 07:35:00,PT5M,51.834,78.7815,66.0167,37.6513,24.8865
238,275,342,137,29,0.15,57.3,3.8,234,2026-08-29 07:40:00,PT5M,55.694,84.6875,70.9535,40.4345,26.7005
253,292,353,142,29,0.15,56.7,3.8,235,2026-08-29 07:45:00,PT5M,59.565,90.707,75.9553,43.1747,28.423
269,309,365,148,29,0.15,56.1,3.8,235,2026-08-29 07:50:00,PT5M,62.114,94.256,79.0306,45.1974,29.972
285,326,375,153,29,0.15,55.5,3.8,235,2026-08-29 07:55:00,PT5M,64.144,96.839,81.3516,46.9364,31.449
301,343,386,158,29,0.15,55.0,3.7,235,2026-08-29 08:00:00,PT5M,66.082,99.282,83.5554,48.6086,32.882
316,360,395,163,30,0.15,54.4,3.7,236,2026-08-29 08:05:00,PT5M,67.92,100.0,85.6318,50.2082,34.267
332,377,404,168,30,0.15,53.9,3.7,236,2026-08-29 08:10:00,PT5M,69.647,100.0,87.5657,51.7283,35.601
348,393,413,172,30,0.15,53.4,3.7,236,2026-08-29 08:15:00,PT5M,71.253,100.0,89.3417,53.1643,36.884
363,410,421,177,30,0.15,52.8,3.7,236,2026-08-29 08:20:00,PT5M,72.731,100.0,90.9489,54.5131,38.1165
378,426,429,181,30,0.15,52.3,3.7,237,2026-08-29 08:25:00,PT5M,74.077,100.0,92.3804,55.7736,39.3
393,442,436,186,30,0.15,51.8,3.7,237,2026-08-29 08:30:00,PT5M,75.283,100.0,93.6174,56.9486,40.447
408,458,443,190,30,0.15,51.2,3.7,237,2026-08-29 08:35:00,PT5M,76.399,100.0,94.7748,58.0232,41.4845
423,474,449,194,31,0.15,50.5,3.6,237,2026-08-29 08:40:00,PT5M,77.44,100.0,95.8052,59.0748,42.5455
437,489,455,198,31,0.15,49.8,3.6,237,2026-08-29 08:45:00,PT5M,78.422,100.0,96.7635,60.0805,43.5725
452,504,461,202,31,0.15,49.1,3.5,238,2026-08-29 08:50:00,PT5M,79.347,100.0,97.6564,61.0376,44.5585
466,519,466,206,31,0.15,48.5,3.5,238,2026-08-29 08:55:00,PT5M,80.224,100.0,98.4937,61.9543,45.511
480,534,471,210,31,0.15,47.8,3.4,238,2026-08-29 09:00:00,PT5M,81.059,100.0,99.2819,62.8361,46.435
493,548,476,213,32,0.15,47.2,3.4,238,2026-08-29 09:05:00,PT5M,81.855,100.0,100.0,63.6856,47.3325
507,563,482,217,32,0.15,46.5,3.4,238,2026-08-29 09:10:00,PT5M,82.708,100.0,100.0,64.6036,48.309
521,577,488,219,32,0.15,45.9,3.3,238,2026-08-29 09:15:00,PT5M,83.554,100.0,100.0,65.5217,49.292
534,592,494,222,32,0.15,45.3,3.3,238,2026-08-29 09:20:00,PT5M,84.362,100.0,100.0,66.5318,50.484
547,605,500,225,32,0.15,44.7,3.2,239,2026-08-29 09:25:00,PT5M,85.135,100.0,100.0,67.514,51.6545
560,619,506,227,33,0.15,44.1,3.2,239,2026-08-29 09:30:00,PT5M,85.875,100.0,100.0,68.4592,52.7845
572,632,509,230,33,0.15,43.5,3.1,239,2026-08-29 09:35:00,PT5M,86.446,100.0,100.0,69.2129,53.7025
583,643,510,234,33,0.15,42.9,3.1,239,2026-08-29 09:40:00,PT5M,86.853,100.0,100.0,69.7791,54.412
594,654,511,238,33,0.15,42.4,3.0,239,2026-08-29 09:45:00,PT5M,87.235,100.0,100.0,70.314,55.0845
604,664,511,242,33,0.15,41.8,3.0,239,2026-08-29 09:50:00,PT5M,87.557,100.0,100.0,70.7796,55.6795
613,674,511,246,33,0.15,41.2,3.0,240,2026-08-29 09:55:00,PT5M,87.836,100.0,100.0,71.1944,56.2165
622,683,510,250,34,0.15,40.7,2.9,240,2026-08-29 10:00:00,PT5M,88.095,100.0,100.0,71.5824,56.7205
631,692,509,254,34,0.15,40.2,2.9,240,2026-08-29 10:05:00,PT5M,88.323,100.0,100.0,71.9312,57.178
639,701,508,258,34,0.15,39.6,2.8,240,2026-08-29 10:10:00,PT5M,88.519,100.0,100.0,72.2385,57.5855
647,709,506,262,34,0.15,39.1,2.8,240,2026-08-29 10:15:00,PT5M,88.696,100.0,100.0,72.5199,57.961
655,716,505,266,34,0.15,38.6,2.7,241,2026-08-29 10:20:00,PT5M,88.852,100.0,100.0,72.7736,58.3025
662,724,503,270,35,0.15,38.1,2.7,241,2026-08-29 10:25:00,PT5M,88.989,100.0,100.0,73.0016,58.6125
668,730,501,274,35,0.15,37.6,2.6,241,2026-08-29 10:30:00,PT5M,89.109,100.0,100.0,73.2066,58.894
676,738,503,276,35,0.15,37.1,2.6,241,2026-08-29 10:35:00,PT5M,89.397,100.0,100.0,73.6067,59.395
684,747,507,277,35,0.15,36.6,2.6,242,2026-08-29 10:40:00,PT5M,89.845,100.0,100.0,74.1942,60.108
692,756,511,278,35,0.15,36.1,2.5,242,2026-08-29 10:45:00,PT5M,90.267,100.0,100.0,74.7517,60.7875
700,764,515,278,36,0.15,35.6,2.5,242,2026-08-29 10:50:00,PT5M,90.665,100.0,100.0,75.28,61.433
708,772,519,279,36,0.15,35.2,2.4,242,2026-08-29 10:55:00,PT5M,90.97,100.0,100.0,75.7092,61.974
715,779,523,279,36,0.15,34.7,2.4,243,2026-08-29 11:00:00,PT5M,91.309,100.0,100.0,76.1637,62.5325
721,787,527,279,36,0.15,34.2,2.3,243,2026-08-29 11:05:00,PT5M,91.614,100.0,100.0,76.565,63.0205
727,793,531,279,36,0.15,33.8,2.3,243,2026-08-29 11:10:00,PT5M,91.899,100.0,100.0,76.9435,63.483
733,800,535,279,36,0.15,33.4,2.3,243,2026-08-29 11:15:00,PT5M,92.171,100.0,100.0,77.3181,63.95
739,805,539,279,37,0.15,32.9,2.2,244,2026-08-29 11:20:00,PT5M,92.422,100.0,100.0,77.668,64.389
744,811,542,278,37,0.15,32.5,2.2,244,2026-08-29 11:25:00,PT5M,92.645,100.0,100.0,77.9742,64.77
748,816,546,278,37,0.15,32.1,2.1,244,2026-08-29 11:30:00,PT5M,92.846,100.0,100.0,78.2505,65.114
751,818,545,279,37,0.15,31.9,2.1,244,2026-08-29 11:35:00,PT5M,92.824,100.0,100.0,78.2645,65.1605
751,818,540,283,37,0.15,31.9,2.1,243,2026-08-29 11:40:00,PT5M,92.581,100.0,100.0,78.0191,64.913
750,817,534,286,37,0.15,32.0,2.1,242,2026-08-29 11:45:00,PT5M,92.319,100.0,100.0,77.7479,64.6335
750,816,528,290,37,0.15,32.0,2.2,241,2026-08-29 11:50:00,PT5M,92.037,100.0,100.0,77.4499,64.321
748,814,522,293,37,0.15,32.1,2.2,240,2026-08-29 11:55:00,PT5M,91.781,100.0,100.0,77.1683,64.0165
746,811,516,296,37,0.15,32.1,2.2,239,2026-08-29 12:00:00,PT5M,91.423,100.0,100.0,76.7764,63.594
744,808,510,300,37,0.15,32.2,2.2,239,2026-08-29 12:05:00,PT5M,91.04,100.0,100.0,76.3516,63.1315
741,805,503,303,37,0.15,32.2,2.2,238,2026-08-29 12:10:00,PT5M,90.688,100.0,100.0,75.9503,62.686
738,801,496,306,37,0.15,32.2,2.2,237,2026-08-29 12:15:00,PT5M,90.374,100.0,100.0,75.5806,62.266
734,797,489,309,37,0.15,32.3,2.3,236,2026-08-29 12:20:00,PT5M,90.039,100.0,100.0,75.1829,61.812
730,792,482,312,37,0.15,32.3,2.3,235,2026-08-29 12:25:00,PT5M,89.673,100.0,100.0,74.7472,61.3135
725,787,474,315,37,0.15,32.4,2.3,234,2026-08-29 12:30:00,PT5M,89.261,100.0,100.0,74.2562,60.7515
719,780,466,318,37,0.15,32.4,2.3,233,2026-08-29 12:35:00,PT5M,88.767,100.0,100.0,73.6533,60.0505
713,773,456,322,37,0.15,32.5,2.3,233,2026-08-29 12:40:00,PT5M,88.191,100.0,100.0,72.9397,59.213
706,765,447,325,37,0.15,32.5,2.4,232,2026-08-29 12:45:00,PT5M,87.591,100.0,100.0,72.1976,58.343
699,757,437,328,37,0.15,32.6,2.4,231,2026-08-29 12:50:00,PT5M,86.963,100.0,100.0,71.4217,57.434
692,749,428,330,37,0.15,32.6,2.4,230,2026-08-29 12:55:00,PT5M,86.307,100.0,100.0,70.6115,56.485
684,740,418,333,37,0.15,32.7,2.4,230,2026-08-29 13:00:00,PT5M,85.613,100.0,100.0,69.7498,55.4725
676,731,409,335,37,0.15,32.7,2.5,229,2026-08-29 13:05:00,PT5M,84.894,100.0,100.0,68.8616,54.432
667,722,400,337,37,0.15,32.8,2.5,228,2026-08-29 13:10:00,PT5M,84.164,100.0,100.0,67.9722,53.399
659,712,390,338,37,0.15,32.8,2.5,227,2026-08-29 13:15:00,PT5M,83.41,100.0,99.7624,67.0576,52.34
650,702,381,340,37,0.15,32.9,2.5,227,2026-08-29 13:20:00,PT5M,82.607,100.0,99.1359,66.0781,51.2015
640,692,372,341,37,0.15,32.9,2.6,226,2026-08-29 13:25:00,PT5M,81.768,100.0,98.4796,65.0564,50.0155
631,681,363,341,37,0.15,32.9,2.6,225,2026-08-29 13:30:00,PT5M,80.896,100.0,97.7941,63.9979,48.789
621,670,354,342,37,0.15,33.0,2.6,225,2026-08-29 13:35:00,PT5M,79.991,100.0,97.0676,62.9144,47.545
611,659,345,342,37,0.15,33.0,2.6,224,2026-08-29 13:40:00,PT5M,78.996,100.0,96.2433,61.7487,46.2255
600,648,336,342,37,0.15,33.1,2.7,223,2026-08-29 13:45:00,PT5M,78.029,100.0,95.4492,60.6088,44.93
590,636,327,341,37,0.15,33.1,2.7,223,2026-08-29 13:50:00,PT5M,77.033,100.0,94.6285,59.4375,43.601
579,624,318,340,37,0.15,33.2,2.7,222,2026-08-29 13:55:00,PT5M,76.008,100.0,93.7811,58.2349,42.2385
568,612,309,339,37,0.15,33.2,2.7,222,2026-08-29 14:00:00,PT5M,74.951,100.0,92.9044,56.9976,40.839
557,600,300,338,37,0.15,33.3,2.8,221,2026-08-29 14:05:00,PT5M,73.859,100.0,91.9958,55.7222,39.3985
546,588,292,336,37,0.15,33.3,2.8,220,2026-08-29 14:10:00,PT5M,72.732,100.0,91.0546,54.4094,37.9185
534,575,283,334,37,0.15,33.4,2.8,220,2026-08-29 14:15:00,PT5M,71.569,100.0,90.0813,53.0567,36.395
522,562,274,332,37,0.15,33.4,2.8,219,2026-08-29 14:20:00,PT5M,70.37,100.0,89.0752,51.6648,34.8295
511,549,265,330,37,0.15,33.5,2.9,219,2026-08-29 14:25:00,PT5M,69.138,100.0,88.0377,50.2383,33.228
498,536,257,327,37,0.15,33.5,2.9,218,2026-08-29 14:30:00,PT5M,67.86,100.0,86.9571,48.7629,31.575
486,523,247,324,36,0.15,33.7,2.9,218,2026-08-29 14:35:00,PT5M,66.523,100.0,85.8201,47.2259,29.858
474,509,238,321,36,0.15,34.0,2.9,219,2026-08-29 14:40:00,PT5M,65.163,100.0,84.6264,45.6996,28.182
461,495,229,317,36,0.15,34.2,2.9,219,2026-08-29 14:45:00,PT5M,63.767,100.0,83.3064,44.2276,26.6415
448,481,220,313,36,0.15,34.5,2.9,220,2026-08-29 14:50:00,PT5M,62.335,99.5925,81.9439,42.7261,25.0775
435,468,211,309,36,0.15,34.8,2.9,220,2026-08-29 14:55:00,PT5M,60.887,98.2635,80.5585,41.2155,23.5105
423,453,202,305,36,0.15,35.1,2.9,221,2026-08-29 15:00:00,PT5M,59.385,96.867,79.112,39.658,21.903
410,439,193,300,36,0.15,35.4,2.8,221,2026-08-29 15:05:00,PT5M,57.845,95.416,77.6189,38.0711,20.274
397,425,185,295,36,0.15,35.7,2.8,222,2026-08-29 15:10:00,PT5M,56.276,93.917,76.0867,36.4653,18.635
384,412,177,290,36,0.15,36.0,2.8,222,2026-08-29 15:15:00,PT5M,54.749,92.4335,74.5826,34.9154,17.0645
371,398,169,284,35,0.15,36.3,2.8,223,2026-08-29 15:20:00,PT5M,53.184,90.8915,73.0297,33.3383,15.4765
359,384,160,278,35,0.15,36.5,2.8,223,2026-08-29 15:25:00,PT5M,51.578,89.23,71.3945,31.7615,13.926
346,370,152,272,35,0.15,36.9,2.8,224,2026-08-29 15:30:00,PT5M,49.928,87.557,69.7324,30.1236,12.299
333,356,144,266,35,0.15,37.2,2.8,224,2026-08-29 15:35:00,PT5M,48.163,85.7555,67.9482,28.3778,10.5705
319,341,134,260,35,0.15,37.5,2.8,225,2026-08-29 15:40:00,PT5M,46.292,83.8245,66.0456,26.5384,8.7595
306,327,125,253,35,0.15,37.8,2.8,225,2026-08-29 15:45:00,PT5M,44.374,81.8215,64.0829,24.6651,6.9265
293,313,116,246,35,0.15,38.1,2.7,226,2026-08-29 15:50:00,PT5M,42.411,79.7295,62.052,22.77,5.0925
280,298,106,239,35,0.15,38.4,2.7,226,2026-08-29 15:55:00,PT5M,40.648,77.728,60.1635,21.1325,3.568
267,284,97,232,35,0.15,38.7,2.7,227,2026-08-29 16:00:00,PT5M,38.615,75.366,57.9573,19.2727,1.864
254,270,88,224,34,0.15,39.0,2.7,228,2026-08-29 16:05:00,PT5M,36.539,72.877,55.6639,17.4141,0.201
241,256,78,216,34,0.15,39.4,2.7,228,2026-08-29 16:10:00,PT5M,34.423,70.272,53.2906,15.5554,0.0
228,242,69,208,34,0.15,39.7,2.7,229,2026-08-29 16:15:00,PT5M,32.268,67.561,50.843,13.693,0.0
215,228,59,200,34,0.15,40.0,2.7,229,2026-08-29 16:20:00,PT5M,30.079,64.7555,48.3295,11.8285,0.0
203,214,50,192,34,0.15,40.3,2.7,230,2026-08-29 16:25:00,PT5M,27.861,61.866,45.7581,9.9639,0.0
190,200,41,183,34,0.15,40.7,2.7,230,2026-08-29 16:30:00,PT5M,25.684,58.572,42.9932,8.3748,0.0
178,187,31,174,34,0.15,41.0,2.7,231,2026-08-29 16:35:00,PT5M,23.597,54.283,39.7473,7.4467,0.0
166,174,22,165,34,0.15,41.4,2.7,231,2026-08-29 16:40:00,PT5M,21.682,50.257,36.7212,6.6428,0.0
154,161,12,156,33,0.15,41.7,2.7,232,2026-08-29 16:45:00,PT5M,19.575,46.05,33.509,5.641,0.0
143,148,3,147,33,0.15,42.0,2.7,233,2026-08-29 16:50:00,PT5M,17.527,41.9325,30.3718,4.6822,0.0
131,136,0,136,33,0.15,42.4,2.6,233,2026-08-29 16:55:00,PT5M,15.927,38.221,27.6605,4.1935,0.0
119,123,0,123,33,0.15,42.7,2.6,234,2026-08-29 17:00:00,PT5M,14.493,34.7305,25.1441,3.8419,0.0
108,111,0,111,33,0.15,43.1,2.6,234,2026-08-29 17:05:00,PT5M,13.074,31.2895,22.6609,3.4871,0.0
96,100,0,100,33,0.15,43.5,2.6,235,2026-08-29 17:10:00,PT5M,11.688,27.936,20.2394,3.1366,0.0
85,88,0,88,33,0.15,43.8,2.6,235,2026-08-29 17:15:00,PT5M,10.293,24.654,17.8513,2.7347,0.0
74,77,0,77,33,0.15,44.2,2.6,236,2026-08-29 17:20:00,PT5M,8.95,21.5165,15.5638,2.3362,0.0
64,66,0,66,33,0.15,44.6,2.6,237,2026-08-29 17:25:00,PT5M,7.563,18.386,13.2592,1.8668,0.0
54,56,0,56,32,0.15,44.9,2.6,237,2026-08-29 17:30:00,PT5M,6.292,15.3945,11.0827,1.5013,0.0
45,46,0,46,32,0.15,45.3,2.6,237,2026-08-29 17:35:00,PT5M,5.197,12.5875,9.0867,1.3073,0.0
37,38,0,38,32,0.15,45.8,2.7,237,2026-08-29 17:40:00,PT5M,4.15,9.8905,7.1713,1.1287,0.0
29,30,0,30,32,0.15,46.2,2.7,236,2026-08-29 17:45:00,PT5M,3.126,7.3635,5.3562,0.8958,0.0
22,23,0,23,32,0.15,46.6,2.7,235,2026-08-29 17:50:00,PT5M,2.263,5.2185,3.8185,0.7075,0.0
16,17,0,17,32,0.15,47.1,2.8,235,2026-08-29 17:55:00,PT5M,1.481,3.3425,2.4607,0.5013,0.0
11,11,0,11,32,0.15,47.5,2.8,234,2026-08-29 18:00:00,PT5M,0.752,1.783,1.2946,0.2094,0.0
6,6,0,6,31,0.15,48.0,2.8,234,2026-08-29 18:05:00,PT5M,0.083,0.467,0.2851,0.0,0.0
1,2,0,2,31,0.15,48.4,2.9,233,2026-08-29 18:10:00,PT5M,0.0,0.0,0.0,0.0,0.0
0,0,0,0,31,0.15,48.9,2.9,233,2026-08-29 18:15:00,PT5M,0.0,0.0,0.0,0.0,0.0
0,0,0,0,31,0.15,49.4,3.0,232,2026-08-29 18:20:00,PT5M,0.0,0.0,0.0,0.0,0.0
0,0,0,0,31,0.15,49.8,3.0,231,2026-08-29 18:25:00,PT5M,0.0,0.0,0.0,0.0,0.0
0,0,0,0,31,0.15,50.3,3.0,231,2026-08-29 18:30:00,PT5M,0.0,0.0,0.0,0.0,0.0
0,0,0,0,31,0.15,50.8,3.1,231,2026-08-29 18:35:00,PT5M,0.0,0.0,0.0,0.0,0.0
0,0,0,0,31,0.15,51.3,3.1,230,2026-08-29 18:40:00,PT5M,0.0,0.0,0.0,0.0,0.0
0,0,0,0,30,0.15,51.8,3.2,230,2026-08-29 18:45:00,PT5M,0.0,0.0,0.0,0.0,0.0
0,0,0,0,30,0.15,52.3,3.2,229,2026-08-29 18:50:00,PT5M,0.0,0.0,0.0,0.0,0.0
0,0,0,0,30,0.15,52.8,3.2,229,2026-08-29 18:55:00,PT5M,0.0,0.0,0.0,0.0,0.0
0,0,0,0,30,0.15,53.3,3.3,228,2026-08-29 19:00:00,PT5M,0.0,0.0,0.0,0.0,0.0
0,0,0,0,30,0.15,53.8,3.3,228,2026-08-29 19:05:00,PT5M,0.0,0.0,0.0,0.0,0.0
0,0,0,0,30,0.15,54.3,3.4,227,2026-08-29 19:10:00,PT5M,0.0,0.0,0.0,0.0,0.0
0,0,0,0,30,0.15,54.8,3.4,227,2026-08-29 19:15:00,PT5M,0.0,0.0,0.0,0.0,0.0
0,0,0,0,29,0.15,55.4,3.4,227,2026-08-29 19:20:00,PT5M,0.0,0.0,0.0,0.0,0.0
0,0,0,0,29,0.15,55.9,3.5,226,2026-08-29 19:25:00,PT5M,0.0,0.0,0.0,0.0,0.0
0,0,0,0,29,0.15,56.4,3.5,226,2026-08-29 19:30:00,PT5M,0.0,0.0,0.0,0.0,0.0
0,0,0,0,29,0.15,57.0,3.6,226,2026-08-29 19:35:00,PT5M,0.0,0.0,0.0,0.0,0.0
0,0,0,0,29,0.15,57.5,3.6,225,2026-08-29 19:40:00,PT5M,0.0,0.0,0.0,0.0,0.0
0,0,0,0,29,0.15,58.1,3.6,225,2026-08-29 19:45:00,PT5M,0.0,0.0,0.0,0.0,0.0
0,0,0,0,29,0.15,58.6,3.7,225,2026-08-29 19:50:00,PT5M,0.0,0.0,0.0,0.0,0.0
0,0,0,0,29,0.15,59.2,3.7,224,2026-08-29 19:55:00,PT5M,0.0,0.0,0.0,0.0,0.0
0,0,0,0,28,0.15,59.8,3.8,224,2026-08-29 20:00:00,PT5M,0.0,0.0,0.0,0.0,0.0
0,0,0,0,28,0.15,60.4,3.8,224,2026-08-29 20:05:00,PT5M,0.0,0.0,0.0,0.0,0.0
0,0,0,0,28,0.15,61.0,3.8,223,2026-08-29 20:10:00,PT5M,0.0,0.0,0.0,0.0,0.0
0,0,0,0,28,0.15,61.5,3.9,223,2026-08-29 20:15:00,PT5M,0.0,0.0,0.0,0.0,0.0
0,0,0,0,28,0.15,62.1,3.9,223,2026-08-29 20:20:00,PT5M,0.0,0.0,0.0,0.0,0.0
0,0,0,0,28,0.15,62.8,4.0,222,2026-08-29 20:25:00,PT5M,0.0,0.0,0.0,0.0,0.0
0,0,0,0,28,0.15,63.4,4.0,222,2026-08-29 20:30:00,PT5M,0.0,0.0,0.0,0.0,0.0
0,0,0,0,28,0.15,63.8,4.0,222,2026-08-29 20:35:00,PT5M,0.0,0.0,0.0,0.0,0.0
0,0,0,0,27,0.15,64.0,4.0,222,2026-08-29 20:40:00,PT5M,0.0,0.0,0.0,0.0,0.0
0,0,0,0,27,0.15,64.2,4.0,222,2026-08-29 20:45:00,PT5M,0.0,0.0,0.0,0.0,0.0
0,0,0,0,27,0.15,64.4,4.0,222,2026-08-29 20:50:00,PT5M,0.0,0.0,0.0,0.0,0.0
0,0,0,0,27,0.15,64.6,4.0,222,2026-08-29 20:55:00,PT5M,0.0,0.0,0.0,0.0,0.0
0,0,0,0,27,0.15,64.8,3.9,222,2026-08-29 21:00:00,PT5M,0.0,0.0,0.0,0.0,0.0
0,0,0,0,27,0.15,65.0,3.9,222,2026-08-29 21:05:00,PT5M,0.0,0.0,0.0,0.0,0.0
0,0,0,0,27,0.15,65.3,3.9,222,2026-08-29 21:10:00,PT5M,0.0,0.0,0.0,0.0,0.0
0,0,0,0,27,0.15,65.5,3.9,222,2026-08-29 21:15:00,PT5M,0.0,0.0,0.0,0.0,0.0
0,0,0,0,27,0.15,65.7,3.9,222,2026-08-29 21:20:00,PT5M,0.0,0.0,0.0,0.0,0.0
0,0,0,0,27,0.15,65.9,3.9,222,2026-08-29 21:25:00,PT5M,0.0,0.0,0.0,0.0,0.0
0,0,0,0,27,0.15,66.1,3.9,222,2026-08-29 21:30:00,PT5M,0.0,0.0,0.0,0.0,0.0
0,0,0,0,27,0.15,66.3,3.8,222,2026-08-29 21:35:00,PT5M,0.0,0.0,0.0,0.0,0.0
0,0,0,0,27,0.15,66.6,3.8,222,2026-08-29 21:40:00,PT5M,0.0,0.0,0.0,0.0,0.0
0,0,0,0,27,0.15,66.8,3.8,222,2026-08-29 21:45:00,PT5M,0.0,0.0,0.0,0.0,0.0
0,0,0,0,27,0.15,67.0,3.8,222,2026-08-29 21:50:00,PT5M,0.0,0.0,0.0,0.0,0.0
0,0,0,0,27,0.15,67.2,3.8,222,2026-08-29 21:55:00,PT5M,0.0,0.0,0.0,0.0,0.0
0,0,0,0,27,0.15,67.5,3.8,222,2026-08-29 22:00:00,PT5M,0.0,0.0,0.0,0.0,0.0
0,0,0,0,27,0.15,67.7,3.7,222,2026-08-29 22:05:00,PT5M,0.0,0.0,0.0,0.0,0.0
0,0,0,0,27,0.15,67.9,3.7,222,2026-08-29 22:10:00,PT5M,0.0,0.0,0.0,0.0,0.0
0,0,0,0,27,0.15,68.1,3.7,222,2026-08-29 22:15:00,PT5M,0.0,0.0,0.0,0.0,0.0
0,0,0,0,27,0.15,68.3,3.7,222,2026-08-29 22:20:00,PT5M,0.0,0.0,0.0,0.0,0.0
0,0,0,0,27,0.15,68.6,3.7,222,2026-08-29 22:25:00,PT5M,0.0,0.0,0.0,0.0,0.0
0,0,0,0,27,0.15,68.8,3.7,222,2026-08-29 22:30:00,PT5M,0.0,0.0,0.0,0.0,0.0
0,0,0,0,26,0.15,69.0,3.7,222,2026-08-29 22:35:00,PT5M,0.0,0.0,0.0,0.0,0.0
0,0,0,0,26,0.15,69.3,3.6,222,2026-08-29 22:40:00,PT5M,0.0,0.0,0.0,0.0,0.0
0,0,0,0,26,0.15,69.5,3.6,222,2026-08-29 22:45:00,PT5M,0.0,0.0,0.0,0.0,0.0
0,0,0,0,26,0.15,69.7,3.6,222,2026-08-29 22:50:00,PT5M,0.0,0.0,0.0,0.0,0.0
0,0,0,0,26,0.15,69.9,3.6,222,2026-08-29 22:55:00,PT5M,0.0,0.0,0.0,0.0,0.0
0,0,0,0,26,0.15,70.2,3.6,222,2026-08-29 23:00:00,PT5M,0.0,0.0,0.0,0.0,0.0
0,0,0,0,26,0.15,70.4,3.6,222,2026-08-29 23:05:00,PT5M,0.0,0.0,0.0,0.0,0.0
0,0,0,0,26,0.15,70.6,3.5,222,2026-08-29 23:10:00,PT5M,0.0,0.0,0.0,0.0,0.0
0,0,0,0,26,0.15,70.9,3.5,222,2026-08-29 23:15:00,PT5M,0.0,0.0,0.0,0.0,0.0
0,0,0,0,26,0.15,71.1,3.5,222,2026-08-29 23:20:00,PT5M,0.0,0.0,0.0,0.0,0.0
0,0,0,0,26,0.15,71.4,3.5,222,2026-08-29 23:25:00,PT5M,0.0,0.0,0.0,0.0,0.0
0,0,0,0,26,0.15,71.6,3.5,222,2026-08-29 23:30:00,PT5M,0.0,0.0,0.0,0.0,0.0
0,0,0,0,26,0.15,71.7,3.5,222,2026-08-29 23:35:00,PT5M,0.0,0.0,0.0,0.0,0.0
0,0,0,0,26,0.15,71.7,3.5,222,2026-08-29 23:40:00,PT5M,0.0,0.0,0.0,0.0,0.0
0,0,0,0,26,0.15,71.8,3.5,222,2026-08-29 23:45:00,PT5M,0.0,0.0,0.0,0.0,0.0
0,0,0,0,26,0.15,71.8,3.5,222,2026-08-29 23:50:00,PT5M,0.0,0.0,0.0,0.0,0.0
0,0,0,0,26,0.15,71.8,3.5,222,2026-08-29 23:55:00,PT5M,0.0,0.0,0.0,0.0,0.0
0,0,0,0,26,0.15,71.8,3.5,222,2026-08-30 00:00:00,PT5M,0.0,0.0,0.0,0.0,0.0
0,0,0,0,26,0.15,71.9,3.5,223,2026-08-30 00:05:00,PT5M,0.0,0.0,0.0,0.0,0.0
0,0,0,0,26,0.15,71.9,3.5,223,2026-08-30 00:10:00,PT5M,0.0,0.0,0.0,0.0,0.0
0,0,0,0,26,0.15,71.9,3.5,223,2026-08-30 00:15:00,PT5M,0.0,0.0,0.0,0.0,0.0
0,0,0,0,26,0.15,71.9,3.5,223,2026-08-30 00:20:00,PT5M,0.0,0.0,0.0,0.0,0.0
0,0,0,0,26,0.15,71.9,3.5,223,2026-08-30 00:25:00,PT5M,0.0,0.0,0.0,0.0,0.0
0,0,0,0,26,0.15,72.0,3.5,223,2026-08-30 00:30:00,PT5M,0.0,0.0,0.0,0.0,0.0
0,0,0,0,26,0.15,72.0,3.5,224,2026-08-30 00:35:00,PT5M,0.0,0.0,0.0,0.0,0.0
0,0,0,0,26,0.15,72.0,3.5,224,2026-08-30 00:40:00,PT5M,0.0,0.0,0.0,0.0,0.0
0,0,0,0,26,0.15,72.0,3.5,224,2026-08-30 00:45:00,PT5M,0.0,0.0,0.0,0.0,0.0
0,0,0,0,26,0.15,72.0,3.5,224,2026-08-30 00:50:00,PT5M,0.0,0.0,0.0,0.0,0.0
0,0,0,0,26,0.15,72.1,3.5,224,2026-08-30 00:55:00,PT5M,0.0,0.0,0.0,0.0,0.0
0,0,0,0,26,0.15,72.1,3.5,224,2026-08-30 01:00:00,PT5M,0.0,0.0,0.0,0.0,0.0
0,0,0,0,26,0.15,72.1,3.5,225,2026-08-30 01:05:00,PT5M,0.0,0.0,0.0,0.0,0.0
0,0,0,0,26,0.15,72.1,3.5,225,2026-08-30 01:10:00,PT5M,0.0,0.0,0.0,0.0,0.0
0,0,0,0,26,0.15,72.2,3.5,225,2026-08-30 01:15:00,PT5M,0.0,0.0,0.0,0.0,0.0
0,0,0,0,26,0.15,72.2,3.5,225,2026-08-30 01:20:00,PT5M,0.0,0.0,0.0,0.0,0.0
0,0,0,0,26,0.15,72.2,3.5,225,2026-08-30 01:25:00,PT5M,0.0,0.0,0.0,0.0,0.0
0,0,0,0,26,0.15,72.2,3.5,225,2026-08-30 01:30:00,PT5M,0.0,0.0,0.0,0.0,0.0
0,0,0,0,26,0.15,72.2,3.5,225,2026-08-30 01:35:00,PT5M,0.0,0.0,0.0,0.0,0.0
0,0,0,0,26,0.15,72.3,3.5,226,2026-08-30 01:40:00,PT5M,0.0,0.0,0.0,0.0,0.0
0,0,0,0,26,0.15,72.3,3.5,226,2026-08-30 01:45:00,PT5M,0.0,0.0,0.0,0.0,0.0
0,0,0,0,25,0.15,72.3,3.5,226,2026-08-30 01:50:00,PT5M,0.0,0.0,0.0,0.0,0.0
0,0,0,0,25,0.15,72.3,3.5,226,2026-08-30 01:55:00,PT5M,0.0,0.0,0.0,0.0,0.0
0,0,0,0,25,0.15,72.4,3.5,226,2026-08-30 02:00:00,PT5M,0.0,0.0,0.0,0.0,0.0
0,0,0,0,25,0.15,72.4,3.5,226,2026-08-30 02:05:00,PT5M,0.0,0.0,0.0,0.0,0.0
0,0,0,0,25,0.15,72.4,3.5,227,2026-08-30 02:10:00,PT5M,0.0,0.0,0.0,0.0,0.0
0,0,0,0,25,0.15,72.4,3.5,227,2026-08-30 02:15:00,PT5M,0.0,0.0,0.0,0.0,0.0
0,0,0,0,25,0.15,72.4,3.5,227,2026-08-30 02:20:00,PT5M,0.0,0.0,0.0,0.0,0.0
0,0,0,0,25,0.15,72.5,3.5,227,2026-08-30 02:25:00,PT5M,0.0,0.0,0.0,0.0,0.0
0,0,0,0,25,0.15,72.5,3.5,227,2026-08-30 02:30:00,PT5M,0.0,0.0,0.0,0.0,0.0
0,0,0,0,25,0.15,72.5,3.5,227,2026-08-30 02:35:00,PT5M,0.0,0.0,0.0,0.0,0.0
0,0,0,0,25,0.15,72.5,3.6,227,2026-08-30 02:40:00,PT5M,0.0,0.0,0.0,0.0,0.0
0,0,0,0,25,0.15,72.6,3.6,227,2026-08-30 02:45:00,PT5M,0.0,0.0,0.0,0.0,0.0
0,0,0,0,25,0.15,72.6,3.6,227,2026-08-30 02:50:00,PT5M,0.0,0.0,0.0,0.0,0.0
0,0,0,0,25,0.15,72.6,3.6,227,2026-08-30 02:55:00,PT5M,0.0,0.0,0.0,0.0,0.0
0,0,0,0,25,0.15,72.6,3.6,227,2026-08-30 03:00:00,PT5M,0.0,0.0,0.0,0.0,0.0
0,0,0,0,25,0.15,72.7,3.6,227,2026-08-30 03:05:00,PT5M,0.0,0.0,0.0,0.0,0.0
0,0,0,0,25,0.15,72.7,3.6,227,2026-08-30 03:10:00,PT5M,0.0,0.0,0.0,0.0,0.0
0,0,0,0,25,0.15,72.7,3.6,227,2026-08-30 03:15:00,PT5M,0.0,0.0,0.0,0.0,0.0
0,0,0,0,25,0.15,72.7,3.6,227,2026-08-30 03:20:00,PT5M,0.0,0.0,0.0,0.0,0.0
0,0,0,0,25,0.15,72.7,3.6,227,2026-08-30 03:25:00,PT5M,0.0,0.0,0.0,0.0,0.0
0,0,0,0,25,0.15,72.8,3.7,227,2026-08-30 03:30:00,PT5M,0.0,0.0,0.0,0.0,0.0
0,0,0,0,25,0.15,72.8,3.7,227,2026-08-30 03:35:00,PT5M,0.0,0.0,0.0,0.0,0.0
0,0,0,0,25,0.15,72.8,3.7,227,2026-08-30 03:40:00,PT5M,0.0,0.0,0.0,0.0,0.0
0,0,0,0,25,0.15,72.8,3.7,227,2026-08-30 03:45:00,PT5M,0.0,0.0,0.0,0.0,0.0
0,0,0,0,25,0.15,72.9,3.7,227,2026-08-30 03:50:00,PT5M,0.0,0.0,0.0,0.0,0.0
0,0,0,0,25,0.15,72.9,3.7,227,2026-08-30 03:55:00,PT5M,0.0,0.0,0.0,0.0,0.0
0,0,0,0,25,0.15,72.9,3.7,227,2026-08-30 04:00:00,PT5M,0.0,0.0,0.0,0.0,0.0
0,0,0,0,25,0.15,72.9,3.7,227,2026-08-30 04:05:00,PT5M,0.0,0.0,0.0,0.0,0.0
0,0,0,0,25,0.15,73.0,3.7,227,2026-08-30 04:10:00,PT5M,0.0,0.0,0.0,0.0,0.0
0,0,0,0,25,0.15,73.0,3.7,227,2026-08-30 04:15:00,PT5M,0.0,0.0,0.0,0.0,0.0
0,0,0,0,25,0.15,73.0,3.7,227,2026-08-30 04:20:00,PT5M,0.0,0.0,0.0,0.0,0.0
0,0,0,0,25,0.15,73.0,3.8,226,2026-08-30 04:25:00,PT5M,0.0,0.0,0.0,0.0,0.0
0,0,0,0,25,0.15,73.1,3.8,226,2026-08-30 04:30:00,PT5M,0.0,0.0,0.0,0.0,0.0
0,0,0,0,25,0.15,73.1,3.8,226,2026-08-30 04:35:00,PT5M,0.0,0.0,0.0,0.0,0.0
0,0,0,0,25,0.15,73.1,3.8,226,2026-08-30 04:40:00,PT5M,0.0,0.0,0.0,0.0,0.0
0,0,0,0,25,0.15,73.1,3.8,226,2026-08-30 04:45:00,PT5M,0.0,0.0,0.0,0.0,0.0
0,0,0,0,25,0.15,73.2,3.8,226,2026-08-30 04:50:00,PT5M,0.0,0.0,0.0,0.0,0.0
0,0,0,0,25,0.15,73.2,3.8,226,2026-08-30 04:55:00,PT5M,0.0,0.0,0.0,0.0,0.0
0,0,0,0,25,0.15,73.2,3.8,226,2026-08-30 05:00:00,PT5M,0.0,0.0,0.0,0.0,0.0
0,0,0,0,25,0.15,73.2,3.8,226,2026-08-30 05:05:00,PT5M,0.0,0.0,0.0,0.0,0.0
0,0,0,0,25,0.15,73.3,3.8,226,2026-08-30 05:10:00,PT5M,0.0,0.0,0.0,0.0,0.0
0,0,0,0,25,0.15,73.3,3.9,226,2026-08-30 05:15:00,PT5M,0.0,0.0,0.0,0.0,0.0
0,0,0,0,25,0.15,73.3,3.9,226,2026-08-30 05:20:00,PT5M,0.0,0.0,0.0,0.0,0.0
0,0,0,0,25,0.15,73.3,3.9,226,2026-08-30 05:25:00,PT5M,0.0,0.0,0.0,0.0,0.0
0,0,0,0,25,0.15,73.4,3.9,226,2026-08-30 05:30:00,PT5M,0.0,0.0,0.0,0.0,0.0
0,0,0,0,25,0.15,73.0,3.9,226,2026-08-30 05:35:00,PT5M,0.0,0.0,0.0,0.0,0.0
0,0,0,0,25,0.15,72.3,3.9,227,2026-08-30 05:40:00,PT5M,0.0,0.0,0.0,0.0,0.0
0,0,0,0,26,0.15,71.6,3.9,227,2026-08-30 05:45:00,PT5M,0.0,0.0,0.0,0.0,0.0
0,0,0,0,26,0.15,71.0,3.9,228,2026-08-30 05:50:00,PT5M,0.0,0.0,0.0,0.0,0.0
0,0,0,0,26,0.15,70.3,3.9,228,2026-08-30 05:55:00,PT5M,0.0,0.0,0.0,0.0,0.0
0,0,0,0,26,0.15,69.6,3.9,228,2026-08-30 06:00:00,PT5M,0.0,0.0,0.0,0.0,0.0
2,3,0,2,26,0.15,69.0,4.0,229,2026-08-30 06:05:00,PT5M,0.0,0.0,0.0,0.0,0.0
10,11,9,10,26,0.15,68.3,4.0,229,2026-08-30 06:10:00,PT5M,0.743,1.1145,0.9385,0.5475,0.3715
16,21,38,18,26,0.15,67.7,4.0,230,2026-08-30 06:15:00,PT5M,2.137,2.882,2.5291,1.7449,1.392
23,33,91,25,26,0.15,67.1,4.0,230,2026-08-30 06:20:00,PT5M,4.215,5.642,4.966,3.464,2.788
32,46,154,31,27,0.15,66.5,4.0,230,2026-08-30 06:25:00,PT5M,7.198,9.7315,8.5314,5.8646,4.6645
42,60,198,37,27,0.15,65.8,4.0,231,2026-08-30 06:30:00,PT5M,10.426,14.148,12.3849,8.4671,6.704
54,76,240,43,27,0.15,65.2,4.0,231,2026-08-30 06:35:00,PT5M,14.198,19.306,16.8864,11.5096,9.09
67,92,280,48,27,0.15,64.6,4.0,232,2026-08-30 06:40:00,PT5M,18.249,24.8755,21.7366,14.7614,11.6225
81,110,316,53,27,0.15,64.0,4.1,232,2026-08-30 06:45:00,PT5M,22.42,30.6215,26.7365,18.1035,14.2185
96,128,350,58,27,0.15,63.4,4.1,232,2026-08-30 06:50:00,PT5M,26.655,36.4075,31.7878,21.5222,16.9025
112,146,381,62,27,0.15,62.8,4.1,233,2026-08-30 06:55:00,PT5M,30.959,42.2585,36.906,25.012,19.6595
128,165,410,66,28,0.15,62.2,4.1,233,2026-08-30 07:00:00,PT5M,35.422,48.381,42.2424,28.6016,22.463
145,184,437,69,28,0.15,61.7,4.1,234,2026-08-30 07:05:00,PT5M,40.046,54.729,47.7738,32.3182,25.363
162,204,463,73,28,0.15,61.1,4.1,234,2026-08-30 07:10:00,PT5M,44.852,61.367,53.544,36.16,28.337
179,224,486,76,28,0.15,60.5,4.1,234,2026-08-30 07:15:00,PT5M,49.747,68.139,59.4268,40.0672,31.355
197,244,508,79,28,0.15,60.0,4.2,235,2026-08-30 07:20:00,PT5M,54.687,74.9855,65.3702,44.0038,34.3885
215,264,529,81,28,0.15,59.4,4.2,235,2026-08-30 07:25:00,PT5M,59.635,81.8665,71.3356,47.9344,37.4035
234,284,548,84,28,0.15,58.9,4.2,235,2026-08-30 07:30:00,PT5M,64.574,88.751,77.2985,51.8495,40.397
252,304,566,86,29,0.15,58.3,4.2,236,2026-08-30 07:35:00,PT5M,69.51,95.6435,83.2642,55.7558,43.3765
270,324,583,88,29,0.15,57.8,4.2,236,2026-08-30 07:40:00,PT5M,74.465,100.0,89.2661,59.6639,46.3425
289,344,599,90,29,0.15,57.3,4.2,237,2026-08-30 07:45:00,PT5M,79.531,100.0,95.4436,63.6184,49.2965
307,364,613,92,29,0.15,56.7,4.3,237,2026-08-30 07:50:00,PT5M,82.272,100.0,98.6357,65.9083,51.1805
326,384,627,94,29,0.15,56.2,4.3,237,2026-08-30 07:55:00,PT5M,84.272,100.0,100.0,67.6765,52.74
344,404,640,96,29,0.15,55.7,4.3,238,2026-08-30 08:00:00,PT5M,86.169,100.0,100.0,69.3659,54.2425
363,423,652,98,29,0.15,55.2,4.3,238,2026-08-30 08:05:00,PT5M,87.9,100.0,100.0,70.9271,55.651
381,443,662,100,30,0.15,54.7,4.3,238,2026-08-30 08:10:00,PT5M,89.458,100.0,100.0,72.3554,56.9625
399,462,671,102,30,0.15,54.2,4.3,239,2026-08-30 08:15:00,PT5M,90.877,100.0,100.0,73.6783,58.199
416,481,680,104,30,0.15,53.7,4.3,239,2026-08-30 08:20:00,PT5M,92.145,100.0,100.0,74.8916,59.363
434,499,688,105,30,0.15,53.2,4.4,239,2026-08-30 08:25:00,PT5M,93.254,100.0,100.0,76.0195,60.508
452,518,696,107,30,0.15,52.7,4.4,240,2026-08-30 08:30:00,PT5M,94.208,100.0,100.0,77.0396,61.5875
469,536,703,109,30,0.15,52.1,4.4,240,2026-08-30 08:35:00,PT5M,95.192,100.0,100.0,78.0618,62.644
486,554,710,111,31,0.15,51.3,4.3,240,2026-08-30 08:40:00,PT5M,95.972,100.0,100.0,78.9131,63.5595
503,572,717,113,31,0.15,50.5,4.3,240,2026-08-30 08:45:00,PT5M,96.696,100.0,100.0,79.7152,64.432
519,589,723,114,31,0.15,49.8,4.3,240,2026-08-30 08:50:00,PT5M,97.372,100.0,100.0,80.4718,65.261
536,606,729,116,31,0.15,49.0,4.2,240,2026-08-30 08:55:00,PT5M,98.008,100.0,100.0,81.1904,66.054
552,623,735,117,31,0.15,48.3,4.2,240,2026-08-30 09:00:00,PT5M,98.608,100.0,100.0,81.8754,66.8155
568,640,740,119,32,0.15,47.6,4.2,240,2026-08-30 09:05:00,PT5M,99.189,100.0,100.0,82.5427,67.5605
583,656,746,120,32,0.15,46.8,4.1,240,2026-08-30 09:10:00,PT5M,99.752,100.0,100.0,83.2039,68.31
599,672,751,121,32,0.15,46.2,4.1,240,2026-08-30 09:15:00,PT5M,100.0,100.0,100.0,83.6284,68.8935
614,688,757,122,32,0.15,45.5,4.0,240,2026-08-30 09:20:00,PT5M,100.0,100.0,100.0,83.8629,69.339
628,704,762,123,32,0.15,44.8,4.0,240,2026-08-30 09:25:00,PT5M,100.0,100.0,100.0,84.0903,69.771
642,719,766,124,32,0.15,44.1,4.0,240,2026-08-30 09:30:00,PT5M,100.0,100.0,100.0,84.3105,70.1895
636,708,697,157,33,0.15,43.5,3.9,240,2026-08-30 09:35:00,PT5M,98.262,100.0,100.0,82.7857,68.8565
649,721,701,159,33,0.15,42.8,3.9,240,2026-08-30 09:40:00,PT5M,98.68,100.0,100.0,83.4097,69.666
661,735,704,161,33,0.15,42.2,3.9,240,2026-08-30 09:45:00,PT5M,99.113,100.0,100.0,84.0417,70.477
673,747,706,163,33,0.15,41.6,3.8,240,2026-08-30 09:50:00,PT5M,99.432,100.0,100.0,84.5472,71.1505
685,759,708,165,33,0.15,40.9,3.8,240,2026-08-30 09:55:00,PT5M,99.713,100.0,100.0,85.0056,71.7685
696,771,709,167,34,0.15,40.3,3.8,240,2026-08-30 10:00:00,PT5M,99.975,100.0,100.0,85.4376,72.3535
707,782,711,169,34,0.15,39.7,3.7,240,2026-08-30 10:05:00,PT5M,100.0,100.0,100.0,85.6239,72.685
717,792,712,171,34,0.15,39.2,3.7,240,2026-08-30 10:10:00,PT5M,100.0,100.0,100.0,85.776,72.974
727,803,713,173,34,0.15,38.6,3.6,240,2026-08-30 10:15:00,PT5M,100.0,100.0,100.0,85.9208,73.249
736,812,714,175,34,0.15,38.0,3.6,240,2026-08-30 10:20:00,PT5M,100.0,100.0,100.0,86.0579,73.5095
745,822,714,177,35,0.15,37.5,3.6,240,2026-08-30 10:25:00,PT5M,100.0,100.0,100.0,86.1879,73.7565
754,831,715,179,35,0.15,36.9,3.5,241,2026-08-30 10:30:00,PT5M,100.0,100.0,100.0,86.3115,73.9915
763,840,717,180,35,0.15,36.4,3.5,241,2026-08-30 10:35:00,PT5M,100.0,100.0,100.0,86.4289,74.2145
771,849,720,181,35,0.15,35.8,3.5,241,2026-08-30 10:40:00,PT5M,100.0,100.0,100.0,86.5402,74.426
780,857,723,181,35,0.15,35.3,3.4,241,2026-08-30 10:45:00,PT5M,100.0,100.0,100.0,86.6455,74.626
787,866,725,181,36,0.15,34.8,3.4,241,2026-08-30 10:50:00,PT5M,100.0,100.0,100.0,86.7439,74.813
795,873,728,182,36,0.15,34.3,3.4,241,2026-08-30 10:55:00,PT5M,100.0,100.0,100.0,86.8339,74.984
802,881,730,182,36,0.15,33.8,3.3,241,2026-08-30 11:00:00,PT5M,100.0,100.0,100.0,86.9136,75.1355
808,887,733,182,36,0.15,33.3,3.3,241,2026-08-30 11:05:00,PT5M,100.0,100.0,100.0,86.9705,75.2435
814,894,735,182,36,0.15,32.8,3.3,241,2026-08-30 11:10:00,PT5M,100.0,100.0,100.0,87.0255,75.348
820,900,737,182,37,0.15,32.3,3.2,241,2026-08-30 11:15:00,PT5M,100.0,100.0,100.0,87.0889,75.4685
825,905,739,182,37,0.15,31.8,3.2,241,2026-08-30 11:20:00,PT5M,100.0,100.0,100.0,87.1471,75.579
829,910,741,182,37,0.15,31.4,3.1,241,2026-08-30 11:25:00,PT5M,100.0,100.0,100.0,87.1873,75.6555
834,914,743,182,37,0.15,30.9,3.1,241,2026-08-30 11:30:00,PT5M,100.0,100.0,100.0,87.2184,75.7145
836,916,741,184,37,0.15,30.7,3.1,241,2026-08-30 11:35:00,PT5M,100.0,100.0,100.0,87.2323,75.741
836,916,734,188,37,0.15,30.7,3.1,240,2026-08-30 11:40:00,PT5M,100.0,100.0,100.0,87.2302,75.737
836,915,727,192,37,0.15,30.6,3.1,239,2026-08-30 11:45:00,PT5M,100.0,100.0,100.0,87.221,75.7195
835,914,721,196,37,0.15,30.6,3.2,238,2026-08-30 11:50:00,PT5M,100.0,100.0,100.0,87.2039,75.687
833,912,713,201,37,0.15,30.6,3.2,237,2026-08-30 11:55:00,PT5M,100.0,100.0,100.0,87.1752,75.6325
831,909,706,205,37,0.15,30.5,3.2,237,2026-08-30 12:00:00,PT5M,100.0,100.0,100.0,87.1381,75.562
828,906,698,209,37,0.15,30.5,3.2,236,2026-08-30 12:05:00,PT5M,100.0,100.0,100.0,87.0928,75.476
825,902,689,214,37,0.15,30.5,3.3,235,2026-08-30 12:10:00,PT5M,100.0,100.0,100.0,87.0392,75.374
822,898,681,218,37,0.15,30.5,3.3,235,2026-08-30 12:15:00,PT5M,100.0,100.0,100.0,86.9778,75.2575
817,893,672,223,37,0.15,30.4,3.3,234,2026-08-30 12:20:00,PT5M,99.713,100.0,100.0,86.6219,74.8395
813,888,664,227,37,0.15,30.4,3.3,233,2026-08-30 12:25:00,PT5M,99.332,100.0,100.0,86.1641,74.3125
808,882,655,231,37,0.15,30.4,3.4,233,2026-08-30 12:30:00,PT5M,98.901,100.0,100.0,85.6449,73.714
803,877,648,234,37,0.15,30.3,3.4,232,2026-08-30 12:35:00,PT5M,98.566,100.0,100.0,85.251,73.267
799,872,643,236,37,0.15,30.3,3.4,231,2026-08-30 12:40:00,PT5M,98.328,100.0,100.0,84.9837,72.9735
794,867,639,238,37,0.15,30.3,3.4,231,2026-08-30 12:45:00,PT5M,98.071,100.0,100.0,84.6907,72.648
789,862,634,239,37,0.15,30.3,3.5,230,2026-08-30 12:50:00,PT5M,97.794,100.0,100.0,84.3695,72.287
783,856,629,240,37,0.15,30.2,3.5,229,2026-08-30 12:55:00,PT5M,97.496,100.0,100.0,84.0178,71.887
777,849,624,241,37,0.15,30.2,3.5,229,2026-08-30 13:00:00,PT5M,97.174,100.0,100.0,83.6242,71.429
771,842,620,242,38,0.15,30.2,3.6,228,2026-08-30 13:05:00,PT5M,96.84,100.0,100.0,83.2165,70.955
764,835,615,243,38,0.15,30.1,3.6,228,2026-08-30 13:10:00,PT5M,96.5,100.0,100.0,82.8134,70.495
757,828,611,243,38,0.15,30.1,3.6,227,2026-08-30 13:15:00,PT5M,96.139,100.0,100.0,82.3826,70.0015
750,820,606,244,38,0.15,30.1,3.6,226,2026-08-30 13:20:00,PT5M,95.748,100.0,100.0,81.9011,69.4385
742,811,601,244,38,0.15,30.1,3.7,226,2026-08-30 13:25:00,PT5M,95.332,100.0,100.0,81.3846,68.8315
734,802,596,244,38,0.15,30.0,3.7,225,2026-08-30 13:30:00,PT5M,94.891,100.0,100.0,80.8354,68.185
725,793,591,244,38,0.15,30.0,3.7,225,2026-08-30 13:35:00,PT5M,94.427,100.0,100.0,80.2325,67.457
716,783,586,244,38,0.15,30.0,3.8,224,2026-08-30 13:40:00,PT5M,93.939,100.0,100.0,79.5756,66.648
706,773,581,243,38,0.15,29.9,3.8,224,2026-08-30 13:45:00,PT5M,93.427,100.0,100.0,78.8925,65.811
697,763,576,243,38,0.15,29.9,3.8,223,2026-08-30 13:50:00,PT5M,92.894,100.0,100.0,78.1842,64.945
687,752,571,242,38,0.15,29.9,3.9,223,2026-08-30 13:55:00,PT5M,92.34,100.0,100.0,77.4502,64.049
676,741,566,242,38,0.15,29.9,3.9,222,2026-08-30 14:00:00,PT5M,91.762,100.0,100.0,76.687,63.119
665,730,560,240,38,0.15,29.8,3.9,222,2026-08-30 14:05:00,PT5M,91.168,100.0,100.0,75.903,62.164
654,718,555,239,38,0.15,29.8,4.0,221,2026-08-30 14:10:00,PT5M,90.558,100.0,100.0,75.0985,61.1845
643,706,550,237,38,0.15,29.8,4.0,221,2026-08-30 14:15:00,PT5M,89.924,100.0,100.0,74.2629,60.1675
631,694,545,236,38,0.15,29.8,4.0,220,2026-08-30 14:20:00,PT5M,89.266,100.0,100.0,73.3973,59.115
619,681,540,234,38,0.15,29.7,4.1,220,2026-08-30 14:25:00,PT5M,88.585,100.0,100.0,72.5045,58.0315
607,668,534,232,38,0.15,29.7,4.1,219,2026-08-30 14:30:00,PT5M,87.863,100.0,100.0,71.5648,56.896
593,652,523,232,38,0.15,29.8,4.1,219,2026-08-30 14:35:00,PT5M,86.809,100.0,100.0,70.2601,55.3655
577,635,509,233,38,0.15,30.1,4.1,219,2026-08-30 14:40:00,PT5M,85.492,100.0,100.0,68.677,53.543
561,618,494,234,37,0.15,30.4,4.2,218,2026-08-30 14:45:00,PT5M,84.135,100.0,100.0,67.15,51.863
545,600,479,235,37,0.15,30.7,4.2,218,2026-08-30 14:50:00,PT5M,82.738,100.0,99.888,65.588,50.1525
529,583,464,235,37,0.15,31.0,4.2,218,2026-08-30 14:55:00,PT5M,81.299,100.0,98.6085,63.9895,48.4105
513,565,450,235,37,0.15,31.3,4.2,217,2026-08-30 15:00:00,PT5M,79.818,100.0,97.2803,62.3557,46.639
497,547,435,234,37,0.15,31.6,4.2,217,2026-08-30 15:05:00,PT5M,78.262,100.0,95.8649,60.6591,44.816
481,529,420,234,37,0.15,31.9,4.2,217,2026-08-30 15:10:00,PT5M,76.647,100.0,94.3746,58.9194,42.964
465,512,406,232,37,0.15,32.2,4.2,217,2026-08-30 15:15:00,PT5M,75.081,100.0,92.9173,57.2447,41.1915
449,494,392,230,36,0.15,32.5,4.3,216,2026-08-30 15:20:00,PT5M,73.462,100.0,91.3967,55.5273,39.3855
433,477,378,228,36,0.15,32.8,4.3,216,2026-08-30 15:25:00,PT5M,71.79,100.0,89.8121,53.7679,37.5475
417,459,364,226,36,0.15,33.1,4.3,216,2026-08-30 15:30:00,PT5M,70.073,100.0,88.1711,51.9749,35.686
401,443,353,222,36,0.15,33.4,4.3,215,2026-08-30 15:35:00,PT5M,68.499,100.0,86.6087,50.3893,34.09
387,427,344,218,36,0.15,33.7,4.3,215,2026-08-30 15:40:00,PT5M,67.083,100.0,85.2001,48.9659,32.66
372,411,335,213,36,0.15,34.1,4.3,215,2026-08-30 15:45:00,PT5M,65.599,100.0,83.7053,47.4927,31.1965
357,395,325,209,36,0.15,34.4,4.4,215,2026-08-30 15:50:00,PT5M,64.038,98.378,82.1114,45.9646,29.698
342,379,315,204,35,0.15,34.7,4.4,214,2026-08-30 15:55:00,PT5M,62.359,96.528,80.3424,44.3756,28.19
327,362,305,199,35,0.15,35.1,4.4,214,2026-08-30 16:00:00,PT5M,60.57,94.488,78.4213,42.7187,26.652
312,346,294,193,35,0.15,35.4,4.4,214,2026-08-30 16:05:00,PT5M,58.701,92.301,76.3849,41.0171,25.101
297,330,284,188,35,0.15,35.7,4.4,213,2026-08-30 16:10:00,PT5M,56.763,89.9885,74.2498,39.2762,23.5375
282,313,274,182,35,0.15,36.1,4.4,213,2026-08-30 16:15:00,PT5M,54.737,87.53,71.9962,37.4778,21.944
267,297,263,176,35,0.15,36.4,4.5,213,2026-08-30 16:20:00,PT5M,52.633,84.943,69.638,35.628,20.323
252,281,252,169,35,0.15,36.8,4.5,213,2026-08-30 16:25:00,PT5M,50.456,82.2375,67.1828,33.7292,18.6745
237,264,240,163,34,0.15,37.1,4.5,212,2026-08-30 16:30:00,PT5M,47.831,78.491,63.9676,31.6944,17.171
222,248,228,156,34,0.15,37.5,4.5,212,2026-08-30 16:35:00,PT5M,44.426,73.0235,59.4771,29.3749,15.8285
207,232,215,149,34,0.15,37.9,4.5,212,2026-08-30 16:40:00,PT5M,40.992,67.6085,55.0005,26.9835,14.3755
193,216,201,142,34,0.15,38.2,4.5,212,2026-08-30 16:45:00,PT5M,37.6,62.2615,50.5795,24.6205,12.9385
178,200,187,135,34,0.15,38.6,4.6,211,2026-08-30 16:50:00,PT5M,34.237,56.9525,46.1923,22.2817,11.5215
164,184,172,128,34,0.15,39.0,4.6,211,2026-08-30 16:55:00,PT5M,30.938,51.7145,41.8728,20.0032,10.1615
150,168,157,120,34,0.15,39.4,4.6,211,2026-08-30 17:00:00,PT5M,27.695,46.551,37.619,17.771,8.839
136,152,141,113,33,0.15,39.7,4.6,211,2026-08-30 17:05:00,PT5M,24.543,41.504,33.4697,15.6163,7.582
123,137,124,105,33,0.15,40.1,4.6,210,2026-08-30 17:10:00,PT5M,21.514,36.5865,29.4468,13.5812,6.4415
109,122,102,97,33,0.15,40.5,4.6,210,2026-08-30 17:15:00,PT5M,18.389,31.705,25.3973,11.3807,5.073
96,106,80,89,33,0.15,40.9,4.7,210,2026-08-30 17:20:00,PT5M,15.464,27.113,21.595,9.333,3.815
84,92,57,80,33,0.15,41.3,4.7,210,2026-08-30 17:25:00,PT5M,12.651,22.6935,17.9364,7.3656,2.6085
72,78,34,72,33,0.15,41.7,4.7,209,2026-08-30 17:30:00,PT5M,10.087,18.5195,14.5251,5.6489,1.6545
62,65,11,63,33,0.15,42.2,4.7,210,2026-08-30 17:35:00,PT5M,7.841,14.6575,11.4286,4.2534,1.0245
51,53,0,53,32,0.15,42.6,4.7,210,2026-08-30 17:40:00,PT5M,6.047,11.3145,8.8193,3.2747,0.7795
40,42,0,42,32,0.15,43.1,4.7,210,2026-08-30 17:45:00,PT5M,4.598,8.454,6.6274,2.5686,0.742
30,32,0,32,32,0.15,43.5,4.6,211,2026-08-30 17:50:00,PT5M,3.375,6.0345,4.7747,1.9753,0.7155
22,23,0,23,32,0.15,44.0,4.6,211,2026-08-30 17:55:00,PT5M,2.26,3.8295,3.086,1.434,0.6905
14,15,0,15,32,0.15,44.5,4.6,212,2026-08-30 18:00:00,PT5M,1.234,2.1075,1.6937,0.7743,0.3605
7,8,0,8,32,0.15,45.0,4.6,212,2026-08-30 18:05:00,PT5M,0.242,0.5665,0.4128,0.0712,0.0
2,2,0,2,32,0.15,45.5,4.6,213,2026-08-30 18:10:00,PT5M,0.0,0.0,0.0,0.0,0.0
0,0,0,0,31,0.15,46.0,4.6,213,2026-08-30 18:15:00,PT5M,0.0,0.0,0.0,0.0,0.0
0,0,0,0,31,0.15,46.5,4.6,214,2026-08-30 18:20:00,PT5M,0.0,0.0,0.0,0.0,0.0
0,0,0,0,31,0.15,47.0,4.5,214,2026-08-30 18:25:00,PT5M,0.0,0.0,0.0,0.0,0.0
0,0,0,0,31,0.15,47.5,4.5,215,2026-08-30 18:30:00,PT5M,0.0,0.0,0.0,0.0,0.0
0,0,0,0,31,0.15,48.0,4.5,215,2026-08-30 18:35:00,PT5M,0.0,0.0,0.0,0.0,0.0
0,0,0,0,31,0.15,48.5,4.5,216,2026-08-30 18:40:00,PT5M,0.0,0.0,0.0,0.0,0.0
0,0,0,0,31,0.15,49.1,4.5,216,2026-08-30 18:45:00,PT5M,0.0,0.0,0.0,0.0,0.0
0,0,0,0,30,0.15,49.6,4.5,217,2026-08-30 18:50:00,PT5M,0.0,0.0,0.0,0.0,0.0
0,0,0,0,30,0.15,50.1,4.5,217,2026-08-30 18:55:00,PT5M,0.0,0.0,0.0,0.0,0.0
0,0,0,0,30,0.15,50.7,4.5,218,2026-08-30 19:00:00,PT5M,0.0,0.0,0.0,0.0,0.0
0,0,0,0,30,0.15,51.2,4.4,218,2026-08-30 19:05:00,PT5M,0.0,0.0,0.0,0.0,0.0
0,0,0,0,30,0.15,51.8,4.4,219,2026-08-30 19:10:00,PT5M,0.0,0.0,0.0,0.0,0.0
0,0,0,0,30,0.15,52.4,4.4,219,2026-08-30 19:15:00,PT5M,0.0,0.0,0.0,0.0,0.0
0,0,0,0,30,0.15,53.0,4.4,220,2026-08-30 19:20:00,PT5M,0.0,0.0,0.0,0.0,0.0
0,0,0,0,29,0.15,53.5,4.4,221,2026-08-30 19:25:00,PT5M,0.0,0.0,0.0,0.0,0.0
0,0,0,0,29,0.15,54.1,4.4,221,2026-08-30 19:30:00,PT5M,0.0,0.0,0.0,0.0,0.0
0,0,0,0,29,0.15,54.7,4.4,222,2026-08-30 19:35:00,PT5M,0.0,0.0,0.0,0.0,0.0
0,0,0,0,29,0.15,55.3,4.4,222,2026-08-30 19:40:00,PT5M,0.0,0.0,0.0,0.0,0.0
0,0,0,0,29,0.15,55.9,4.4,223,2026-08-30 19:45:00,PT5M,0.0,0.0,0.0,0.0,0.0
0,0,0,0,29,0.15,56.6,4.4,223,2026-08-30 19:50:00,PT5M,0.0,0.0,0.0,0.0,0.0
0,0,0,0,29,0.15,57.2,4.4,224,2026-08-30 19:55:00,PT5M,0.0,0.0,0.0,0.0,0.0
0,0,0,0,28,0.15,57.8,4.4,224,2026-08-30 20:00:00,PT5M,0.0,0.0,0.0,0.0,0.0
0,0,0,0,28,0.15,58.5,4.3,225,2026-08-30 20:05:00,PT5M,0.0,0.0,0.0,0.0,0.0
0,0,0,0,28,0.15,59.1,4.3,225,2026-08-30 20:10:00,PT5M,0.0,0.0,0.0,0.0,0.0
0,0,0,0,28,0.15,59.8,4.3,226,2026-08-30 20:15:00,PT5M,0.0,0.0,0.0,0.0,0.0
0,0,0,0,28,0.15,60.4,4.3,226,2026-08-30 20:20:00,PT5M,0.0,0.0,0.0,0.0,0.0
0,0,0,0,28,0.15,61.1,4.3,227,2026-08-30 20:25:00,PT5M,0.0,0.0,0.0,0.0,0.0
0,0,0,0,28,0.15,61.8,4.3,228,2026-08-30 20:30:00,PT5M,0.0,0.0,0.0,0.0,0.0
0,0,0,0,28,0.15,62.2,4.3,228,2026-08-30 20:35:00,PT5M,0.0,0.0,0.0,0.0,0.0
0,0,0,0,28,0.15,62.3,4.3,228,2026-08-30 20:40:00,PT5M,0.0,0.0,0.0,0.0,0.0
0,0,0,0,27,0.15,62.5,4.3,228,2026-08-30 20:45:00,PT5M,0.0,0.0,0.0,0.0,0.0
0,0,0,0,27,0.15,62.6,4.3,228,2026-08-30 20:50:00,PT5M,0.0,0.0,0.0,0.0,0.0
0,0,0,0,27,0.15,62.8,4.3,228,2026-08-30 20:55:00,PT5M,0.0,0.0,0.0,0.0,0.0
0,0,0,0,27,0.15,62.9,4.3,228,2026-08-30 21:00:00,PT5M,0.0,0.0,0.0,0.0,0.0
0,0,0,0,27,0.15,63.1,4.3,228,2026-08-30 21:05:00,PT5M,0.0,0.0,0.0,0.0,0.0
0,0,0,0,27,0.15,63.2,4.3,228,2026-08-30 21:10:00,PT5M,0.0,0.0,0.0,0.0,0.0
0,0,0,0,27,0.15,63.3,4.3,228,2026-08-30 21:15:00,PT5M,0.0,0.0,0.0,0.0,0.0
0,0,0,0,27,0.15,63.5,4.3,228,2026-08-30 21:20:00,PT5M,0.0,0.0,0.0,0.0,0.0
0,0,0,0,27,0.15,63.6,4.3,228,2026-08-30 21:25:00,PT5M,0.0,0.0,0.0,0.0,0.0
0,0,0,0,27,0.15,63.8,4.3,228,2026-08-30 21:30:00,PT5M,0.0,0.0,0.0,0.0,0.0
0,0,0,0,27,0.15,63.9,4.3,228,2026-08-30 21:35:00,PT5M,0.0,0.0,0.0,0.0,0.0
0,0,0,0,27,0.15,64.1,4.3,228,2026-08-30 21:40:00,PT5M,0.0,0.0,0.0,0.0,0.0
0,0,0,0,27,0.15,64.2,4.3,228,2026-08-30 21:45:00,PT5M,0.0,0.0,0.0,0.0,0.0
0,0,0,0,27,0.15,64.4,4.3,228,2026-08-30 21:50:00,PT5M,0.0,0.0,0.0,0.0,0.0
0,0,0,0,27,0.15,64.5,4.3,228,2026-08-30 21:55:00,PT5M,0.0,0.0,0.0,0.0,0.0
0,0,0,0,27,0.15,64.7,4.3,228,2026-08-30 22:00:00,PT5M,0.0,0.0,0.0,0.0,0.0
0,0,0,0,27,0.15,64.8,4.3,228,2026-08-30 22:05:00,PT5M,0.0,0.0,0.0,0.0,0.0
0,0,0,0,27,0.15,65.0,4.3,228,2026-08-30 22:10:00,PT5M,0.0,0.0,0.0,0.0,0.0
0,0,0,0,27,0.15,65.1,4.3,228,2026-08-30 22:15:00,PT5M,0.0,0.0,0.0,0.0,0.0
0,0,0,0,27,0.15,65.3,4.3,228,2026-08-30 22:20:00,PT5M,0.0,0.0,0.0,0.0,0.0
0,0,0,0,27,0.15,65.4,4.3,228,2026-08-30 22:25:00,PT5M,0.0,0.0,0.0,0.0,0.0
0,0,0,0,27,0.15,65.6,4.3,228,2026-08-30 22:30:00,PT5M,0.0,0.0,0.0,0.0,0.0
0,0,0,0,27,0.15,65.7,4.3,228,2026-08-30 22:35:00,PT5M,0.0,0.0,0.0,0.0,0.0
0,0,0,0,27,0.15,65.9,4.3,229,2026-08-30 22:40:00,PT5M,0.0,0.0,0.0,0.0,0.0
0,0,0,0,27,0.15,66.0,4.3,229,2026-08-30 22:45:00,PT5M,0.0,0.0,0.0,0.0,0.0
0,0,0,0,27,0.15,66.2,4.3,229,2026-08-30 22:50:00,PT5M,0.0,0.0,0.0,0.0,0.0
0,0,0,0,27,0.15,66.4,4.3,229,2026-08-30 22:55:00,PT5M,0.0,0.0,0.0,0.0,0.0
0,0,0,0,27,0.15,66.5,4.3,229,2026-08-30 23:00:00,PT5M,0.0,0.0,0.0,0.0,0.0
0,0,0,0,27,0.15,66.7,4.3,229,2026-08-30 23:05:00,PT5M,0.0,0.0,0.0,0.0,0.0
0,0,0,0,27,0.15,66.8,4.3,229,2026-08-30 23:10:00,PT5M,0.0,0.0,0.0,0.0,0.0
0,0,0,0,27,0.15,67.0,4.3,229,2026-08-30 23:15:00,PT5M,0.0,0.0,0.0,0.0,0.0
0,0,0,0,27,0.15,67.1,4.3,229,2026-08-30 23:20:00,PT5M,0.0,0.0,0.0,0.0,0.0
0,0,0,0,27,0.15,67.3,4.3,229,2026-08-30 23:25:00,PT5M,0.0,0.0,0.0,0.0,0.0
0,0,0,0,27,0.15,67.4,4.3,229,2026-08-30 23:30:00,PT5M,0.0,0.0,0.0,0.0,0.0
0,0,0,0,27,0.15,67.6,4.3,229,2026-08-30 23:35:00,PT5M,0.0,0.0,0.0,0.0,0.0
0,0,0,0,27,0.15,67.7,4.3,229,2026-08-30 23:40:00,PT5M,0.0,0.0,0.0,0.0,0.0
0,0,0,0,26,0.15,67.8,4.3,229,2026-08-30 23:45:00,PT5M,0.0,0.0,0.0,0.0,0.0
0,0,0,0,26,0.15,67.9,4.3,229,2026-08-30 23:50:00,PT5M,0.0,0.0,0.0,0.0,0.0
0,0,0,0,26,0.15,68.0,4.3,228,2026-08-30 23:55:00,PT5M,0.0,0.0,0.0,0.0,0.0
0,0,0,0,26,0.15,68.1,4.3,228,2026-08-31 00:00:00,PT5M,0.0,0.0,0.0,0.0,0.0
0,0,0,0,26,0.15,68.2,4.3,228,2026-08-31 00:05:00,PT5M,0.0,0.0,0.0,0.0,0.0
0,0,0,0,26,0.15,68.4,4.3,228,2026-08-31 00:10:00,PT5M,0.0,0.0,0.0,0.0,0.0
0,0,0,0,26,0.15,68.5,4.3,228,2026-08-31 00:15:00,PT5M,0.0,0.0,0.0,0.0,0.0
0,0,0,0,26,0.15,68.6,4.3,228,2026-08-31 00:20:00,PT5M,0.0,0.0,0.0,0.0,0.0
0,0,0,0,26,0.15,68.7,4.3,228,2026-08-31 00:25:00,PT5M,0.0,0.0,0.0,0.0,0.0
0,0,0,0,26,0.15,68.8,4.3,228,2026-08-31 00:30:00,PT5M,0.0,0.0,0.0,0.0,0.0
0,0,0,0,26,0.15,68.9,4.3,228,2026-08-31 00:35:00,PT5M,0.0,0.0,0.0,0.0,0.0
0,0,0,0,26,0.15,69.0,4.3,228,2026-08-31 00:40:00,PT5M,0.0,0.0,0.0,0.0,0.0
0,0,0,0,26,0.15,69.1,4.3,228,2026-08-31 00:45:00,PT5M,0.0,0.0,0.0,0.0,0.0
0,0,0,0,26,0.15,69.3,4.3,228,2026-08-31 00:50:00,PT5M,0.0,0.0,0.0,0.0,0.0
0,0,0,0,26,0.15,69.4,4.3,227,2026-08-31 00:55:00,PT5M,0.0,0.0,0.0,0.0,0.0
0,0,0,0,26,0.15,69.5,4.3,227,2026-08-31 01:00:00,PT5M,0.0,0.0,0.0,0.0,0.0
0,0,0,0,26,0.15,69.6,4.3,227,2026-08-31 01:05:00,PT5M,0.0,0.0,0.0,0.0,0.0
0,0,0,0,26,0.15,69.7,4.3,227,2026-08-31 01:10:00,PT5M,0.0,0.0,0.0,0.0,0.0
0,0,0,0,26,0.15,69.8,4.3,227,2026-08-31 01:15:00,PT5M,0.0,0.0,0.0,0.0,0.0
0,0,0,0,26,0.15,69.9,4.3,227,2026-08-31 01:20:00,PT5M,0.0,0.0,0.0,0.0,0.0
0,0,0,0,26,0.15,70.1,4.3,227,2026-08-31 01:25:00,PT5M,0.0,0.0,0.0,0.0,0.0
0,0,0,0,26,0.15,70.2,4.3,227,2026-08-31 01:30:00,PT5M,0.0,0.0,0.0,0.0,0.0
0,0,0,0,26,0.15,70.3,4.3,227,2026-08-31 01:35:00,PT5M,0.0,0.0,0.0,0.0,0.0
0,0,0,0,26,0.15,70.4,4.3,227,2026-08-31 01:40:00,PT5M,0.0,0.0,0.0,0.0,0.0
0,0,0,0,26,0.15,70.5,4.3,227,2026-08-31 01:45:00,PT5M,0.0,0.0,0.0,0.0,0.0
0,0,0,0,26,0.15,70.6,4.3,227,2026-08-31 01:50:00,PT5M,0.0,0.0,0.0,0.0,0.0
0,0,0,0,26,0.15,70.8,4.3,227,2026-08-31 01:55:00,PT5M,0.0,0.0,0.0,0.0,0.0
0,0,0,0,26,0.15,70.9,4.3,226,2026-08-31 02:00:00,PT5M,0.0,0.0,0.0,0.0,0.0
0,0,0,0,26,0.15,71.0,4.3,226,2026-08-31 02:05:00,PT5M,0.0,0.0,0.0,0.0,0.0
0,0,0,0,26,0.15,71.1,4.3,226,2026-08-31 02:10:00,PT5M,0.0,0.0,0.0,0.0,0.0
0,0,0,0,26,0.15,71.2,4.3,226,2026-08-31 02:15:00,PT5M,0.0,0.0,0.0,0.0,0.0
0,0,0,0,26,0.15,71.3,4.3,226,2026-08-31 02:20:00,PT5M,0.0,0.0,0.0,0.0,0.0
0,0,0,0,26,0.15,71.5,4.3,226,2026-08-31 02:25:00,PT5M,0.0,0.0,0.0,0.0,0.0
0,0,0,0,26,0.15,71.6,4.3,226,2026-08-31 02:30:00,PT5M,0.0,0.0,0.0,0.0,0.0
0,0,0,0,26,0.15,71.6,4.3,226,2026-08-31 02:35:00,PT5M,0.0,0.0,0.0,0.0,0.0
0,0,0,0,26,0.15,71.7,4.3,226,2026-08-31 02:40:00,PT5M,0.0,0.0,0.0,0.0,0.0
0,0,0,0,26,0.15,71.7,4.3,226,2026-08-31 02:45:00,PT5M,0.0,0.0,0.0,0.0,0.0
0,0,0,0,26,0.15,71.7,4.3,226,2026-08-31 02:50:00,PT5M,0.0,0.0,0.0,0.0,0.0
0,0,0,0,26,0.15,71.7,4.4,226,2026-08-31 02:55:00,PT5M,0.0,0.0,0.0,0.0,0.0
0,0,0,0,26,0.15,71.7,4.4,226,2026-08-31 03:00:00,PT5M,0.0,0.0,0.0,0.0,0.0
0,0,0,0,25,0.15,71.7,4.4,226,2026-08-31 03:05:00,PT5M,0.0,0.0,0.0,0.0,0.0
0,0,0,0,25,0.15,71.7,4.4,226,2026-08-31 03:10:00,PT5M,0.0,0.0,0.0,0.0,0.0
0,0,0,0,25,0.15,71.7,4.4,226,2026-08-31 03:15:00,PT5M,0.0,0.0,0.0,0.0,0.0
0,0,0,0,25,0.15,71.7,4.4,226,2026-08-31 03:20:00,PT5M,0.0,0.0,0.0,0.0,0.0
0,0,0,0,25,0.15,71.8,4.4,226,2026-08-31 03:25:00,PT5M,0.0,0.0,0.0,0.0,0.0
0,0,0,0,25,0.15,71.8,4.4,226,2026-08-31 03:30:00,PT5M,0.0,0.0,0.0,0.0,0.0
0,0,0,0,25,0.15,71.8,4.4,226,2026-08-31 03:35:00,PT5M,0.0,0.0,0.0,0.0,0.0
0,0,0,0,25,0.15,71.8,4.4,226,2026-08-31 03:40:00,PT5M,0.0,0.0,0.0,0.0,0.0
0,0,0,0,25,0.15,71.8,4.5,226,2026-08-31 03:45:00,PT5M,0.0,0.0,0.0,0.0,0.0
0,0,0,0,25,0.15,71.8,4.5,226,2026-08-31 03:50:00,PT5M,0.0,0.0,0.0,0.0,0.0
0,0,0,0,25,0.15,71.8,4.5,226,2026-08-31 03:55:00,PT5M,0.0,0.0,0.0,0.0,0.0
0,0,0,0,25,0.15,71.8,4.5,226,2026-08-31 04:00:00,PT5M,0.0,0.0,0.0,0.0,0.0
0,0,0,0,25,0.15,71.8,4.5,226,2026-08-31 04:05:00,PT5M,0.0,0.0,0.0,0.0,0.0
0,0,0,0,25,0.15,71.9,4.5,226,2026-08-31 04:10:00,PT5M,0.0,0.0,0.0,0.0,0.0
0,0,0,0,25,0.15,71.9,4.5,226,2026-08-31 04:15:00,PT5M,0.0,0.0,0.0,0.0,0.0
0,0,0,0,25,0.15,71.9,4.5,226,2026-08-31 04:20:00,PT5M,0.0,0.0,0.0,0.0,0.0
0,0,0,0,25,0.15,71.9,4.5,226,2026-08-31 04:25:00,PT5M,0.0,0.0,0.0,0.0,0.0
0,0,0,0,25,0.15,71.9,4.5,226,2026-08-31 04:30:00,PT5M,0.0,0.0,0.0,0.0,0.0
0,0,0,0,25,0.15,71.9,4.6,226,2026-08-31 04:35:00,PT5M,0.0,0.0,0.0,0.0,0.0
0,0,0,0,25,0.15,71.9,4.6,227,2026-08-31 04:40:00,PT5M,0.0,0.0,0.0,0.0,0.0
0,0,0,0,25,0.15,71.9,4.6,227,2026-08-31 04:45:00,PT5M,0.0,0.0,0.0,0.0,0.0
0,0,0,0,25,0.15,71.9,4.6,227,2026-08-31 04:50:00,PT5M,0.0,0.0,0.0,0.0,0.0
0,0,0,0,25,0.15,71.9,4.6,227,2026-08-31 04:55:00,PT5M,0.0,0.0,0.0,0.0,0.0
0,0,0,0,25,0.15,72.0,4.6,227,2026-08-31 05:00:00,PT5M,0.0,0.0,0.0,0.0,0.0
0,0,0,0,25,0.15,72.0,4.6,227,2026-08-31 05:05:00,PT5M,0.0,0.0,0.0,0.0,0.0
0,0,0,0,25,0.15,72.0,4.6,227,2026-08-31 05:10:00,PT5M,0.0,0.0,0.0,0.0,0.0
0,0,0,0,25,0.15,72.0,4.6,227,2026-08-31 05:15:00,PT5M,0.0,0.0,0.0,0.0,0.0
0,0,0,0,25,0.15,72.0,4.6,227,2026-08-31 05:20:00,PT5M,0.0,0.0,0.0,0.0,0.0
0,0,0,0,25,0.15,72.0,4.7,227,2026-08-31 05:25:00,PT5M,0.0,0.0,0.0,0.0,0.0
0,0,0,0,25,0.15,72.0,4.7,227,2026-08-31 05:30:00,PT5M,0.0,0.0,0.0,0.0,0.0
0,0,0,0,25,0.15,71.7,4.7,227,2026-08-31 05:35:00,PT5M,0.0,0.0,0.0,0.0,0.0
0,0,0,0,25,0.15,71.1,4.7,227,2026-08-31 05:40:00,PT5M,0.0,0.0,0.0,0.0,0.0
0,0,0,0,26,0.15,70.5,4.6,228,2026-08-31 05:45:00,PT5M,0.0,0.0,0.0,0.0,0.0
0,0,0,0,26,0.15,69.8,4.6,228,2026-08-31 05:50:00,PT5M,0.0,0.0,0.0,0.0,0.0
0,0,0,0,26,0.15,69.2,4.6,228,2026-08-31 05:55:00,PT5M,0.0,0.0,0.0,0.0,0.0
0,0,0,0,26,0.15,68.6,4.6,229,2026-08-31 06:00:00,PT5M,0.0,0.0,0.0,0.0,0.0
2,2,0,2,26,0.15,68.0,4.6,229,2026-08-31 06:05:00,PT5M,0.0,0.0,0.0,0.0,0.0
9,10,0,10,26,0.15,67.4,4.6,230,2026-08-31 06:10:00,PT5M,0.607,0.9995,0.8136,0.4004,0.2145
18,18,0,18,26,0.15,66.9,4.6,230,2026-08-31 06:15:00,PT5M,1.772,2.609,2.2125,1.3315,0.935
27,28,5,28,27,0.15,66.3,4.6,230,2026-08-31 06:20:00,PT5M,3.093,4.667,3.9214,2.2646,1.519
35,39,38,36,27,0.15,65.7,4.6,231,2026-08-31 06:25:00,PT5M,4.953,7.6845,6.3906,3.5154,2.2215
45,52,69,44,27,0.15,65.1,4.6,231,2026-08-31 06:30:00,PT5M,7.228,11.2065,9.3219,5.1341,3.2495
55,65,102,51,27,0.15,64.6,4.6,231,2026-08-31 06:35:00,PT5M,10.054,15.479,12.9092,7.1988,4.629
67,80,138,59,27,0.15,64.0,4.6,232,2026-08-31 06:40:00,PT5M,13.374,20.3695,17.0558,9.6922,6.3785
80,96,174,65,27,0.15,63.5,4.6,232,2026-08-31 06:45:00,PT5M,16.899,25.515,21.4337,12.3643,8.283
93,113,208,71,27,0.15,62.9,4.6,233,2026-08-31 06:50:00,PT5M,20.697,30.908,26.0711,15.3229,10.486
108,131,243,77,27,0.15,62.4,4.5,233,2026-08-31 06:55:00,PT5M,24.73,36.532,30.9415,18.5185,12.928
123,149,276,82,28,0.15,61.8,4.5,233,2026-08-31 07:00:00,PT5M,28.987,42.486,36.0916,21.8824,15.488
139,168,307,87,28,0.15,61.3,4.5,234,2026-08-31 07:05:00,PT5M,33.426,48.686,41.4574,25.3946,18.166
155,186,331,92,28,0.15,60.8,4.5,234,2026-08-31 07:10:00,PT5M,37.71,54.8305,46.7206,28.6994,20.5895
171,205,353,97,28,0.15,60.2,4.5,234,2026-08-31 07:15:00,PT5M,42.113,61.1345,52.1242,32.1018,23.0915
188,223,374,102,28,0.15,59.7,4.5,235,2026-08-31 07:20:00,PT5M,46.596,67.543,57.6206,35.5714,25.649
205,242,394,106,28,0.15,59.2,4.5,235,2026-08-31 07:25:00,PT5M,51.118,74.01,63.1662,39.0698,28.226
222,261,413,110,28,0.15,58.7,4.5,236,2026-08-31 07:30:00,PT5M,55.673,80.5185,68.7494,42.5966,30.8275
239,280,430,114,29,0.15,58.2,4.5,236,2026-08-31 07:35:00,PT5M,60.191,87.011,74.3066,46.0754,33.371
256,299,445,118,29,0.15,57.7,4.5,236,2026-08-31 07:40:00,PT5M,64.673,93.5135,79.852,49.494,35.8325
273,317,460,122,29,0.15,57.2,4.5,237,2026-08-31 07:45:00,PT5M,69.255,100.0,85.5621,52.9479,38.271
291,336,475,126,29,0.15,56.7,4.5,237,2026-08-31 07:50:00,PT5M,71.96,100.0,88.7039,55.2161,40.146
308,355,489,129,29,0.15,56.2,4.5,238,2026-08-31 07:55:00,PT5M,74.138,100.0,91.1298,57.1462,41.853
325,374,502,132,29,0.15,55.7,4.5,238,2026-08-31 08:00:00,PT5M,76.219,100.0,93.4342,59.0038,43.5095
343,393,514,135,29,0.15,55.3,4.5,238,2026-08-31 08:05:00,PT5M,78.138,100.0,95.5382,60.7378,45.077
360,411,525,138,29,0.15,54.8,4.5,239,2026-08-31 08:10:00,PT5M,79.889,100.0,97.4334,62.3446,46.554
377,429,535,141,30,0.15,54.3,4.5,239,2026-08-31 08:15:00,PT5M,81.577,100.0,99.232,63.922,48.032
394,447,545,144,30,0.15,53.9,4.5,240,2026-08-31 08:20:00,PT5M,83.061,100.0,100.0,65.3342,49.3795
411,466,555,147,30,0.15,53.4,4.5,240,2026-08-31 08:25:00,PT5M,84.399,100.0,100.0,66.6438,50.6635
427,483,564,150,30,0.15,53.0,4.5,240,2026-08-31 08:30:00,PT5M,85.571,100.0,100.0,67.8379,51.8775
444,501,571,153,30,0.15,52.3,4.5,240,2026-08-31 08:35:00,PT5M,86.581,100.0,100.0,68.8571,52.905
460,517,577,157,30,0.15,51.5,4.5,240,2026-08-31 08:40:00,PT5M,87.444,100.0,100.0,69.7777,53.8775
475,534,582,160,31,0.15,50.7,4.4,240,2026-08-31 08:45:00,PT5M,88.253,100.0,100.0,70.6549,54.816
491,550,587,163,31,0.15,49.9,4.4,240,2026-08-31 08:50:00,PT5M,89.013,100.0,100.0,71.4888,55.7165
506,566,592,167,31,0.15,49.2,4.4,240,2026-08-31 08:55:00,PT5M,89.732,100.0,100.0,72.2873,56.5865
521,582,597,170,31,0.15,48.4,4.4,240,2026-08-31 09:00:00,PT5M,90.415,100.0,100.0,73.0553,57.431
535,597,602,173,31,0.15,47.7,4.4,239,2026-08-31 09:05:00,PT5M,91.079,100.0,100.0,73.8061,58.26
550,613,608,175,31,0.15,46.9,4.4,239,2026-08-31 09:10:00,PT5M,91.841,100.0,100.0,74.6644,59.205
565,628,615,176,32,0.15,46.2,4.4,239,2026-08-31 09:15:00,PT5M,92.583,100.0,100.0,75.6243,60.361
580,644,621,178,32,0.15,45.5,4.4,239,2026-08-31 09:20:00,PT5M,93.291,100.0,100.0,76.571,61.5225
594,659,628,180,32,0.15,44.8,4.4,239,2026-08-31 09:25:00,PT5M,93.966,100.0,100.0,77.48,62.642
608,674,634,181,32,0.15,44.1,4.3,239,2026-08-31 09:30:00,PT5M,94.611,100.0,100.0,78.3544,63.723
622,688,640,182,32,0.15,43.5,4.3,238,2026-08-31 09:35:00,PT5M,95.226,100.0,100.0,79.1892,64.7555
635,702,645,183,33,0.15,42.8,4.3,238,2026-08-31 09:40:00,PT5M,95.814,100.0,100.0,79.9822,65.733
648,716,651,185,33,0.15,42.1,4.3,238,2026-08-31 09:45:00,PT5M,96.375,100.0,100.0,80.7413,66.6705
660,729,655,186,33,0.15,41.5,4.3,238,2026-08-31 09:50:00,PT5M,96.862,100.0,100.0,81.4138,67.51
672,741,659,187,33,0.15,40.9,4.3,238,2026-08-31 09:55:00,PT5M,97.312,100.0,100.0,82.0409,68.2965
684,754,663,189,33,0.15,40.2,4.3,238,2026-08-31 10:00:00,PT5M,97.74,100.0,100.0,82.6389,69.0475
695,765,667,190,33,0.15,39.6,4.3,237,2026-08-31 10:05:00,PT5M,98.146,100.0,100.0,83.206,69.7595
706,777,670,191,34,0.15,39.0,4.3,237,2026-08-31 10:10:00,PT5M,98.529,100.0,100.0,83.7411,70.4315
717,788,674,192,34,0.15,38.4,4.2,237,2026-08-31 10:15:00,PT5M,98.889,100.0,100.0,84.2458,71.0665
727,798,677,193,34,0.15,37.8,4.2,237,2026-08-31 10:20:00,PT5M,99.227,100.0,100.0,84.7212,71.6655
737,809,680,194,34,0.15,37.3,4.2,237,2026-08-31 10:25:00,PT5M,99.542,100.0,100.0,85.1662,72.2275
746,818,683,195,34,0.15,36.7,4.2,236,2026-08-31 10:30:00,PT5M,99.841,100.0,100.0,85.5891,72.762
754,827,685,196,35,0.15,36.1,4.2,236,2026-08-31 10:35:00,PT5M,100.0,100.0,100.0,85.8537,73.1215
762,835,686,198,35,0.15,35.6,4.2,236,2026-08-31 10:40:00,PT5M,100.0,100.0,100.0,85.9405,73.2865
769,843,686,200,35,0.15,35.1,4.2,236,2026-08-31 10:45:00,PT5M,100.0,100.0,100.0,86.0213,73.44
776,850,686,202,35,0.15,34.5,4.2,236,2026-08-31 10:50:00,PT5M,100.0,100.0,100.0,86.0955,73.581
782,856,686,204,35,0.15,34.0,4.2,235,2026-08-31 10:55:00,PT5M,100.0,100.0,100.0,86.161,73.7055
788,862,686,206,35,0.15,33.5,4.1,235,2026-08-31 11:00:00,PT5M,100.0,100.0,100.0,86.2165,73.811
793,868,686,207,36,0.15,33.0,4.1,235,2026-08-31 11:05:00,PT5M,100.0,100.0,100.0,86.2489,73.8725
798,873,685,209,36,0.15,32.5,4.1,235,2026-08-31 11:10:00,PT5M,100.0,100.0,100.0,86.281,73.9335
803,877,685,211,36,0.15,32.0,4.1,235,2026-08-31 11:15:00,PT5M,100.0,100.0,100.0,86.3213,74.01
807,881,684,212,36,0.15,31.5,4.1,234,2026-08-31 11:20:00,PT5M,100.0,100.0,100.0,86.3547,74.0735
810,885,683,214,36,0.15,31.0,4.1,234,2026-08-31 11:25:00,PT5M,100.0,100.0,100.0,86.3705,74.1035
813,888,682,215,37,0.15,30.6,4.1,234,2026-08-31 11:30:00,PT5M,100.0,100.0,100.0,86.3771,74.116
814,888,676,219,37,0.15,30.3,4.1,234,2026-08-31 11:35:00,PT5M,100.0,100.0,100.0,86.3421,74.0495
812,886,665,226,37,0.15,30.4,4.1,233,2026-08-31 11:40:00,PT5M,99.679,100.0,100.0,85.9455,73.585
810,883,654,232,37,0.15,30.4,4.2,232,2026-08-31 11:45:00,PT5M,99.156,100.0,100.0,85.3396,72.9045
807,879,643,238,37,0.15,30.4,4.2,232,2026-08-31 11:50:00,PT5M,98.612,100.0,100.0,84.7046,72.1875
803,875,631,245,37,0.15,30.4,4.3,231,2026-08-31 11:55:00,PT5M,98.018,100.0,100.0,84.0082,71.399
799,870,619,251,37,0.15,30.4,4.3,231,2026-08-31 12:00:00,PT5M,97.408,100.0,100.0,83.2888,70.581
795,864,607,258,37,0.15,30.5,4.4,230,2026-08-31 12:05:00,PT5M,96.776,100.0,100.0,82.5394,69.726
790,858,595,264,37,0.15,30.5,4.4,229,2026-08-31 12:10:00,PT5M,96.188,100.0,100.0,81.8267,68.901
784,852,582,270,37,0.15,30.5,4.4,229,2026-08-31 12:15:00,PT5M,95.623,100.0,100.0,81.1306,68.087
778,845,570,276,37,0.15,30.5,4.5,228,2026-08-31 12:20:00,PT5M,95.038,100.0,100.0,80.4082,67.241
772,838,558,282,37,0.15,30.5,4.5,228,2026-08-31 12:25:00,PT5M,94.433,100.0,100.0,79.6598,66.3635
765,830,545,288,37,0.15,30.5,4.6,227,2026-08-31 12:30:00,PT5M,93.771,100.0,100.0,78.8447,65.4105
758,821,533,293,37,0.15,30.6,4.6,227,2026-08-31 12:35:00,PT5M,93.085,100.0,100.0,78.0234,64.4675
750,813,520,298,37,0.15,30.6,4.7,226,2026-08-31 12:40:00,PT5M,92.457,100.0,100.0,77.2788,63.618
742,803,508,303,37,0.15,30.6,4.7,226,2026-08-31 12:45:00,PT5M,91.728,100.0,100.0,76.428,62.6575
734,794,495,308,37,0.15,30.6,4.8,225,2026-08-31 12:50:00,PT5M,90.974,100.0,100.0,75.5461,61.6605
725,784,483,312,37,0.15,30.6,4.8,225,2026-08-31 12:55:00,PT5M,90.192,100.0,100.0,74.6288,60.6215
716,774,471,316,37,0.15,30.6,4.9,224,2026-08-31 13:00:00,PT5M,89.374,100.0,100.0,73.6619,59.5205
706,763,459,319,37,0.15,30.7,4.9,224,2026-08-31 13:05:00,PT5M,88.538,100.0,100.0,72.6772,58.402
697,753,447,322,37,0.15,30.7,5.0,223,2026-08-31 13:10:00,PT5M,87.698,100.0,100.0,71.7001,57.3015
687,742,436,325,37,0.15,30.7,5.0,223,2026-08-31 13:15:00,PT5M,86.827,100.0,100.0,70.6854,56.1575
676,730,424,327,37,0.15,30.7,5.0,223,2026-08-31 13:20:00,PT5M,85.911,100.0,100.0,69.6107,54.94
666,719,413,329,37,0.15,30.7,5.1,222,2026-08-31 13:25:00,PT5M,84.959,100.0,100.0,68.4937,53.6745
655,707,402,331,37,0.15,30.7,5.1,222,2026-08-31 13:30:00,PT5M,83.974,100.0,100.0,67.3395,52.368
645,695,392,331,37,0.15,30.8,5.2,221,2026-08-31 13:35:00,PT5M,83.075,100.0,99.8713,66.2787,51.1615
635,685,385,331,37,0.15,30.8,5.2,221,2026-08-31 13:40:00,PT5M,82.266,100.0,99.2168,65.3152,50.059
625,674,377,330,37,0.15,30.8,5.3,221,2026-08-31 13:45:00,PT5M,81.427,100.0,98.5351,64.3189,48.921
615,663,370,329,37,0.15,30.8,5.3,220,2026-08-31 13:50:00,PT5M,80.56,100.0,97.8287,63.2913,47.749
605,652,362,328,37,0.15,30.8,5.4,220,2026-08-31 13:55:00,PT5M,79.665,100.0,97.0971,62.2329,46.5435
594,640,355,327,37,0.15,30.8,5.4,219,2026-08-31 14:00:00,PT5M,78.739,100.0,96.3382,61.1398,45.3
583,629,348,325,37,0.15,30.9,5.5,219,2026-08-31 14:05:00,PT5M,77.741,100.0,95.5102,59.9718,43.979
572,617,341,323,37,0.15,30.9,5.5,219,2026-08-31 14:10:00,PT5M,76.774,100.0,94.7161,58.8319,42.6835
561,605,334,321,37,0.15,30.9,5.6,218,2026-08-31 14:15:00,PT5M,75.774,100.0,93.894,57.654,41.3455
549,592,327,318,37,0.15,30.9,5.7,218,2026-08-31 14:20:00,PT5M,74.743,100.0,93.0445,56.4415,39.9695
537,580,320,315,37,0.15,30.9,5.7,218,2026-08-31 14:25:00,PT5M,73.683,100.0,92.1687,55.1973,38.5595
525,567,312,312,37,0.15,30.9,5.8,217,2026-08-31 14:30:00,PT5M,72.575,100.0,91.2489,53.9011,37.094
514,554,306,309,37,0.15,31.1,5.8,217,2026-08-31 14:35:00,PT5M,71.486,100.0,90.3507,52.6213,35.6425
502,541,299,305,37,0.15,31.3,5.8,217,2026-08-31 14:40:00,PT5M,70.449,100.0,89.5047,51.3933,34.2425
490,528,293,301,36,0.15,31.6,5.8,217,2026-08-31 14:45:00,PT5M,69.38,100.0,88.6289,50.1311,32.8065
478,515,287,297,36,0.15,31.8,5.8,217,2026-08-31 14:50:00,PT5M,68.28,100.0,87.6097,48.9503,31.553
465,502,281,292,36,0.15,32.1,5.8,217,2026-08-31 14:55:00,PT5M,67.146,100.0,86.5504,47.7416,30.277
453,489,274,288,36,0.15,32.3,5.8,217,2026-08-31 15:00:00,PT5M,65.98,100.0,85.4539,46.5061,28.979
440,475,267,283,36,0.15,32.6,5.8,217,2026-08-31 15:05:00,PT5M,64.75,100.0,84.2813,45.2187,27.64
427,462,260,279,36,0.15,32.8,5.8,217,2026-08-31 15:10:00,PT5M,63.475,100.0,83.0486,43.9014,26.2845
415,448,254,274,36,0.15,33.1,5.8,217,2026-08-31 15:15:00,PT5M,62.238,99.485,81.8414,42.6346,24.991
402,434,247,268,36,0.15,33.4,5.8,217,2026-08-31 15:20:00,PT5M,60.959,98.244,80.5824,41.3356,23.674
389,421,240,263,35,0.15,33.6,5.8,217,2026-08-31 15:25:00,PT5M,59.638,96.9425,79.2716,40.0044,22.3335
376,407,233,257,35,0.15,33.9,5.9,217,2026-08-31 15:30:00,PT5M,58.266,95.571,77.8999,38.6321,20.961
363,393,226,252,35,0.15,34.2,5.9,217,2026-08-31 15:35:00,PT5M,56.838,94.036,76.4156,37.2604,19.64
350,379,219,246,35,0.15,34.4,5.9,217,2026-08-31 15:40:00,PT5M,55.407,92.5045,74.9317,35.8823,18.3095
336,364,212,240,35,0.15,34.7,5.9,217,2026-08-31 15:45:00,PT5M,53.87,90.833,73.3239,34.4161,16.907
323,350,204,233,35,0.15,35.0,5.9,217,2026-08-31 15:50:00,PT5M,52.27,89.0525,71.6289,32.9111,15.4875
310,335,196,227,35,0.15,35.3,5.9,217,2026-08-31 15:55:00,PT5M,50.598,87.098,69.8082,31.3878,14.098
296,321,188,220,34,0.15,35.5,5.9,217,2026-08-31 16:00:00,PT5M,48.844,84.982,67.8637,29.8243,12.706
283,306,180,213,34,0.15,35.8,5.9,217,2026-08-31 16:05:00,PT5M,47.035,82.745,65.8294,28.2406,11.325
269,292,172,206,34,0.15,36.1,5.9,217,2026-08-31 16:10:00,PT5M,45.178,80.406,63.7187,26.6373,9.95
256,277,164,199,34,0.15,36.4,5.9,217,2026-08-31 16:15:00,PT5M,43.253,77.9415,61.5098,24.9962,8.5645
242,263,155,191,34,0.15,36.7,5.9,217,2026-08-31 16:20:00,PT5M,41.266,75.3665,59.2133,23.3187,7.1655
229,248,146,184,34,0.15,37.0,5.9,217,2026-08-31 16:25:00,PT5M,39.221,72.688,56.8349,21.6071,5.754
216,234,137,176,34,0.15,37.3,5.9,217,2026-08-31 16:30:00,PT5M,36.923,69.0305,53.8214,20.0246,4.8155
203,220,130,168,34,0.15,37.6,5.9,217,2026-08-31 16:35:00,PT5M,34.491,64.4545,50.261,18.721,4.5275
190,207,124,159,33,0.15,37.9,5.9,217,2026-08-31 16:40:00,PT5M,32.176,60.055,46.8489,17.5031,4.297
178,193,117,151,33,0.15,38.2,5.9,217,2026-08-31 16:45:00,PT5M,29.825,55.641,43.4121,16.2379,4.009
165,180,109,142,33,0.15,38.5,5.9,217,2026-08-31 16:50:00,PT5M,27.453,51.215,39.9591,14.9469,3.691
153,166,101,134,33,0.15,38.8,6.0,217,2026-08-31 16:55:00,PT5M,25.058,46.775,36.4878,13.6282,3.341
141,153,92,125,33,0.15,39.1,6.0,217,2026-08-31 17:00:00,PT5M,22.652,42.343,33.0155,12.2885,2.961
128,139,83,116,33,0.15,39.4,6.0,217,2026-08-31 17:05:00,PT5M,20.353,38.048,29.666,11.04,2.658
116,126,72,107,33,0.15,39.8,6.0,217,2026-08-31 17:10:00,PT5M,18.009,33.721,26.2783,9.7397,2.297
104,112,57,99,33,0.15,40.1,6.0,217,2026-08-31 17:15:00,PT5M,15.509,29.3755,22.807,8.211,1.6425
92,99,40,90,32,0.15,40.4,6.0,217,2026-08-31 17:20:00,PT5M,13.148,25.262,19.5237,6.7723,1.034
81,85,24,81,32,0.15,40.7,6.0,217,2026-08-31 17:25:00,PT5M,10.794,21.209,16.2755,5.3125,0.379
70,73,6,72,32,0.15,41.1,6.0,217,2026-08-31 17:30:00,PT5M,8.665,17.3815,13.2526,4.0774,0.0
58,60,0,60,32,0.15,41.5,6.0,217,2026-08-31 17:35:00,PT5M,7.029,14.0655,10.7324,3.3256,0.0
47,49,0,49,32,0.15,42.0,6.0,217,2026-08-31 17:40:00,PT5M,5.536,10.975,8.3986,2.6734,0.097
37,38,0,38,32,0.15,42.5,6.0,218,2026-08-31 17:45:00,PT5M,4.148,8.132,6.2448,2.0512,0.164
28,28,0,28,32,0.15,43.0,5.9,218,2026-08-31 17:50:00,PT5M,2.987,5.7445,4.4383,1.5357,0.2295
19,20,0,20,31,0.15,43.6,5.9,219,2026-08-31 17:55:00,PT5M,1.936,3.566,2.7939,1.0781,0.306
12,13,0,13,31,0.15,44.1,5.9,219,2026-08-31 18:00:00,PT5M,0.983,1.904,1.4677,0.4983,0.062
6,6,0,6,31,0.15,44.6,5.9,219,2026-08-31 18:05:00,PT5M,0.086,0.362,0.2313,0.0,0.0
1,1,0,1,31,0.15,45.2,5.9,220,2026-08-31 18:10:00,PT5M,0.0,0.0,0.0,0.0,0.0
0,0,0,0,31,0.15,45.7,5.9,220,2026-08-31 18:15:00,PT5M,0.0,0.0,0.0,0.0,0.0
0,0,0,0,31,0.15,46.3,5.8,221,2026-08-31 18:20:00,PT5M,0.0,0.0,0.0,0.0,0.0
0,0,0,0,31,0.15,46.9,5.8,221,2026-08-31 18:25:00,PT5M,0.0,0.0,0.0,0.0,0.0
0,0,0,0,31,0.15,47.4,5.8,222,2026-08-31 18:30:00,PT5M,0.0,0.0,0.0,0.0,0.0
0,0,0,0,30,0.15,48.0,5.8,222,2026-08-31 18:35:00,PT5M,0.0,0.0,0.0,0.0,0.0
0,0,0,0,30,0.15,48.6,5.8,222,2026-08-31 18:40:00,PT5M,0.0,0.0,0.0,0.0,0.0
0,0,0,0,30,0.15,49.2,5.8,223,2026-08-31 18:45:00,PT5M,0.0,0.0,0.0,0.0,0.0
0,0,0,0,30,0.15,49.8,5.8,223,2026-08-31 18:50:00,PT5M,0.0,0.0,0.0,0.0,0.0
0,0,0,0,30,0.15,50.4,5.7,224,2026-08-31 18:55:00,PT5M,0.0,0.0,0.0,0.0,0.0
0,0,0,0,30,0.15,51.0,5.7,224,2026-08-31 19:00:00,PT5M,0.0,0.0,0.0,0.0,0.0
0,0,0,0,30,0.15,51.6,5.7,225,2026-08-31 19:05:00,PT5M,0.0,0.0,0.0,0.0,0.0
0,0,0,0,29,0.15,52.3,5.7,225,2026-08-31 19:10:00,PT5M,0.0,0.0,0.0,0.0,0.0
0,0,0,0,29,0.15,52.9,5.7,225,2026-08-31 19:15:00,PT5M,0.0,0.0,0.0,0.0,0.0
0,0,0,0,29,0.15,53.6,5.7,226,2026-08-31 19:20:00,PT5M,0.0,0.0,0.0,0.0,0.0
0,0,0,0,29,0.15,54.2,5.7,226,2026-08-31 19:25:00,PT5M,0.0,0.0,0.0,0.0,0.0
0,0,0,0,29,0.15,54.9,5.7,227,2026-08-31 19:30:00,PT5M,0.0,0.0,0.0,0.0,0.0
0,0,0,0,29,0.15,55.6,5.7,227,2026-08-31 19:35:00,PT5M,0.0,0.0,0.0,0.0,0.0
0,0,0,0,29,0.15,56.3,5.6,228,2026-08-31 19:40:00,PT5M,0.0,0.0,0.0,0.0,0.0
0,0,0,0,29,0.15,57.0,5.6,228,2026-08-31 19:45:00,PT5M,0.0,0.0,0.0,0.0,0.0
0,0,0,0,28,0.15,57.7,5.6,228,2026-08-31 19:50:00,PT5M,0.0,0.0,0.0,0.0,0.0
0,0,0,0,28,0.15,58.4,5.6,229,2026-08-31 19:55:00,PT5M,0.0,0.0,0.0,0.0,0.0
0,0,0,0,28,0.15,59.1,5.6,229,2026-08-31 20:00:00,PT5M,0.0,0.0,0.0,0.0,0.0
0,0,0,0,28,0.15,59.8,5.6,230,2026-08-31 20:05:00,PT5M,0.0,0.0,0.0,0.0,0.0
0,0,0,0,28,0.15,60.6,5.6,230,2026-08-31 20:10:00,PT5M,0.0,0.0,0.0,0.0,0.0
0,0,0,0,28,0.15,61.3,5.6,231,2026-08-31 20:15:00,PT5M,0.0,0.0,0.0,0.0,0.0
0,0,0,0,28,0.15,62.1,5.6,231,2026-08-31 20:20:00,PT5M,0.0,0.0,0.0,0.0,0.0
0,0,0,0,27,0.15,62.8,5.6,232,2026-08-31 20:25:00,PT5M,0.0,0.0,0.0,0.0,0.0
0,0,0,0,27,0.15,63.6,5.6,232,2026-08-31 20:30:00,PT5M,0.0,0.0,0.0,0.0,0.0
0,0,0,0,27,0.15,64.1,5.5,232,2026-08-31 20:35:00,PT5M,0.0,0.0,0.0,0.0,0.0
0,0,0,0,27,0.15,64.2,5.5,232,2026-08-31 20:40:00,PT5M,0.0,0.0,0.0,0.0,0.0
0,0,0,0,27,0.15,64.3,5.5,232,2026-08-31 20:45:00,PT5M,0.0,0.0,0.0,0.0,0.0
0,0,0,0,27,0.15,64.4,5.4,232,2026-08-31 20:50:00,PT5M,0.0,0.0,0.0,0.0,0.0
0,0,0,0,27,0.15,64.5,5.4,231,2026-08-31 20:55:00,PT5M,0.0,0.0,0.0,0.0,0.0
0,0,0,0,27,0.15,64.6,5.4,231,2026-08-31 21:00:00,PT5M,0.0,0.0,0.0,0.0,0.0
0,0,0,0,27,0.15,64.8,5.4,231,2026-08-31 21:05:00,PT5M,0.0,0.0,0.0,0.0,0.0
0,0,0,0,27,0.15,64.9,5.3,231,2026-08-31 21:10:00,PT5M,0.0,0.0,0.0,0.0,0.0
0,0,0,0,27,0.15,65.0,5.3,231,2026-08-31 21:15:00,PT5M,0.0,0.0,0.0,0.0,0.0
0,0,0,0,27,0.15,65.1,5.3,230,2026-08-31 21:20:00,PT5M,0.0,0.0,0.0,0.0,0.0
0,0,0,0,27,0.15,65.2,5.2,230,2026-08-31 21:25:00,PT5M,0.0,0.0,0.0,0.0,0.0
0,0,0,0,27,0.15,65.3,5.2,230,2026-08-31 21:30:00,PT5M,0.0,0.0,0.0,0.0,0.0
0,0,0,0,27,0.15,65.5,5.2,230,2026-08-31 21:35:00,PT5M,0.0,0.0,0.0,0.0,0.0
0,0,0,0,27,0.15,65.6,5.1,230,2026-08-31 21:40:00,PT5M,0.0,0.0,0.0,0.0,0.0
0,0,0,0,27,0.15,65.7,5.1,229,2026-08-31 21:45:00,PT5M,0.0,0.0,0.0,0.0,0.0
0,0,0,0,27,0.15,65.8,5.1,229,2026-08-31 21:50:00,PT5M,0.0,0.0,0.0,0.0,0.0
0,0,0,0,27,0.15,65.9,5.0,229,2026-08-31 21:55:00,PT5M,0.0,0.0,0.0,0.0,0.0
0,0,0,0,27,0.15,66.1,5.0,229,2026-08-31 22:00:00,PT5M,0.0,0.0,0.0,0.0,0.0
0,0,0,0,27,0.15,66.2,5.0,229,2026-08-31 22:05:00,PT5M,0.0,0.0,0.0,0.0,0.0
0,0,0,0,27,0.15,66.3,4.9,228,2026-08-31 22:10:00,PT5M,0.0,0.0,0.0,0.0,0.0
0,0,0,0,27,0.15,66.4,4.9,228,2026-08-31 22:15:00,PT5M,0.0,0.0,0.0,0.0,0.0
0,0,0,0,27,0.15,66.5,4.9,228,2026-08-31 22:20:00,PT5M,0.0,0.0,0.0,0.0,0.0
0,0,0,0,27,0.15,66.7,4.9,228,2026-08-31 22:25:00,PT5M,0.0,0.0,0.0,0.0,0.0
0,0,0,0,27,0.15,66.8,4.8,227,2026-08-31 22:30:00,PT5M,0.0,0.0,0.0,0.0,0.0
0,0,0,0,27,0.15,66.9,4.8,227,2026-08-31 22:35:00,PT5M,0.0,0.0,0.0,0.0,0.0
0,0,0,0,27,0.15,67.0,4.8,227,2026-08-31 22:40:00,PT5M,0.0,0.0,0.0,0.0,0.0
0,0,0,0,27,0.15,67.2,4.7,227,2026-08-31 22:45:00,PT5M,0.0,0.0,0.0,0.0,0.0
0,0,0,0,27,0.15,67.3,4.7,226,2026-08-31 22:50:00,PT5M,0.0,0.0,0.0,0.0,0.0
0,0,0,0,27,0.15,67.4,4.7,226,2026-08-31 22:55:00,PT5M,0.0,0.0,0.0,0.0,0.0
0,0,0,0,27,0.15,67.5,4.6,226,2026-08-31 23:00:00,PT5M,0.0,0.0,0.0,0.0,0.0
0,0,0,0,26,0.15,67.6,4.6,226,2026-08-31 23:05:00,PT5M,0.0,0.0,0.0,0.0,0.0
0,0,0,0,26,0.15,67.8,4.6,225,2026-08-31 23:10:00,PT5M,0.0,0.0,0.0,0.0,0.0
0,0,0,0,26,0.15,67.9,4.6,225,2026-08-31 23:15:00,PT5M,0.0,0.0,0.0,0.0,0.0
0,0,0,0,26,0.15,68.0,4.5,225,2026-08-31 23:20:00,PT5M,0.0,0.0,0.0,0.0,0.0
0,0,0,0,26,0.15,68.1,4.5,225,2026-08-31 23:25:00,PT5M,0.0,0.0,0.0,0.0,0.0
0,0,0,0,26,0.15,68.3,4.5,224,2026-08-31 23:30:00,PT5M,0.0,0.0,0.0,0.0,0.0
0,0,0,0,26,0.15,68.4,4.5,224,2026-08-31 23:35:00,PT5M,0.0,0.0,0.0,0.0,0.0
0,0,0,0,26,0.15,68.6,4.5,224,2026-08-31 23:40:00,PT5M,0.0,0.0,0.0,0.0,0.0
0,0,0,0,26,0.15,68.7,4.5,224,2026-08-31 23:45:00,PT5M,0.0,0.0,0.0,0.0,0.0
0,0,0,0,26,0.15,68.9,4.5,224,2026-08-31 23:50:00,PT5M,0.0,0.0,0.0,0.0,0.0
0,0,0,0,26,0.15,69.0,4.5,224,2026-08-31 23:55:00,PT5M,0.0,0.0,0.0,0.0,0.0
0,0,0,0,26,0.15,69.2,4.5,224,2026-09-01 00:00:00,PT5M,0.0,0.0,0.0,0.0,0.0
0,0,0,0,26,0.15,69.4,4.5,224,2026-09-01 00:05:00,PT5M,0.0,0.0,0.0,0.0,0.0
0,0,0,0,26,0.15,69.5,4.5,224,2026-09-01 00:10:00,PT5M,0.0,0.0,0.0,0.0,0.0
0,0,0,0,26,0.15,69.7,4.5,224,2026-09-01 00:15:00,PT5M,0.0,0.0,0.0,0.0,0.0
0,0,0,0,26,0.15,69.9,4.5,224,2026-09-01 00:20:00,PT5M,0.0,0.0,0.0,0.0,0.0
0,0,0,0,26,0.15,70.0,4.5,224,2026-09-01 00:25:00,PT5M,0.0,0.0,0.0,0.0,0.0
0,0,0,0,26,0.15,70.2,4.5,224,2026-09-01 00:30:00,PT5M,0.0,0.0,0.0,0.0,0.0
0,0,0,0,26,0.15,70.3,4.6,223,2026-09-01 00:35:00,PT5M,0.0,0.0,0.0,0.0,0.0
0,0,0,0,26,0.15,70.5,4.6,223,2026-09-01 00:40:00,PT5M,0.0,0.0,0.0,0.0,0.0
0,0,0,0,26,0.15,70.7,4.6,223,2026-09-01 00:45:00,PT5M,0.0,0.0,0.0,0.0,0.0
0,0,0,0,26,0.15,70.8,4.6,223,2026-09-01 00:50:00,PT5M,0.0,0.0,0.0,0.0,0.0
0,0,0,0,26,0.15,71.0,4.6,223,2026-09-01 00:55:00,PT5M,0.0,0.0,0.0,0.0,0.0
0,0,0,0,26,0.15,71.2,4.6,223,2026-09-01 01:00:00,PT5M,0.0,0.0,0.0,0.0,0.0
0,0,0,0,26,0.15,71.3,4.6,223,2026-09-01 01:05:00,PT5M,0.0,0.0,0.0,0.0,0.0
0,0,0,0,26,0.15,71.5,4.6,223,2026-09-01 01:10:00,PT5M,0.0,0.0,0.0,0.0,0.0
0,0,0,0,26,0.15,71.7,4.6,223,2026-09-01 01:15:00,PT5M,0.0,0.0,0.0,0.0,0.0
0,0,0,0,26,0.15,71.8,4.6,223,2026-09-01 01:20:00,PT5M,0.0,0.0,0.0,0.0,0.0
0,0,0,0,26,0.15,72.0,4.6,223,2026-09-01 01:25:00,PT5M,0.0,0.0,0.0,0.0,0.0
0,0,0,0,26,0.15,72.2,4.6,223,2026-09-01 01:30:00,PT5M,0.0,0.0,0.0,0.0,0.0
0,0,0,0,26,0.15,72.4,4.7,223,2026-09-01 01:35:00,PT5M,0.0,0.0,0.0,0.0,0.0
0,0,0,0,26,0.15,72.5,4.7,223,2026-09-01 01:40:00,PT5M,0.0,0.0,0.0,0.0,0.0
0,0,0,0,26,0.15,72.7,4.7,223,2026-09-01 01:45:00,PT5M,0.0,0.0,0.0,0.0,0.0
0,0,0,0,26,0.15,72.9,4.7,223,2026-09-01 01:50:00,PT5M,0.0,0.0,0.0,0.0,0.0
0,0,0,0,26,0.15,73.0,4.7,223,2026-09-01 01:55:00,PT5M,0.0,0.0,0.0,0.0,0.0
0,0,0,0,26,0.15,73.2,4.7,223,2026-09-01 02:00:00,PT5M,0.0,0.0,0.0,0.0,0.0
0,0,0,0,26,0.15,73.4,4.7,223,2026-09-01 02:05:00,PT5M,0.0,0.0,0.0,0.0,0.0
0,0,0,0,26,0.15,73.5,4.7,223,2026-09-01 02:10:00,PT5M,0.0,0.0,0.0,0.0,0.0
0,0,0,0,26,0.15,73.7,4.7,223,2026-09-01 02:15:00,PT5M,0.0,0.0,0.0,0.0,0.0
0,0,0,0,26,0.15,73.9,4.7,223,2026-09-01 02:20:00,PT5M,0.0,0.0,0.0,0.0,0.0
0,0,0,0,25,0.15,74.1,4.7,223,2026-09-01 02:25:00,PT5M,0.0,0.0,0.0,0.0,0.0
0,0,0,0,25,0.15,74.2,4.7,222,2026-09-01 02:30:00,PT5M,0.0,0.0,0.0,0.0,0.0
0,0,0,0,25,0.15,74.3,4.8,223,2026-09-01 02:35:00,PT5M,0.0,0.0,0.0,0.0,0.0
0,0,0,0,25,0.15,74.3,4.8,223,2026-09-01 02:40:00,PT5M,0.0,0.0,0.0,0.0,0.0
0,0,0,0,25,0.15,74.3,4.8,223,2026-09-01 02:45:00,PT5M,0.0,0.0,0.0,0.0,0.0
0,0,0,0,25,0.15,74.3,4.8,223,2026-09-01 02:50:00,PT5M,0.0,0.0,0.0,0.0,0.0
0,0,0,0,25,0.15,74.3,4.9,223,2026-09-01 02:55:00,PT5M,0.0,0.0,0.0,0.0,0.0
0,0,0,0,25,0.15,74.3,4.9,223,2026-09-01 03:00:00,PT5M,0.0,0.0,0.0,0.0,0.0
0,0,0,0,25,0.15,74.3,4.9,224,2026-09-01 03:05:00,PT5M,0.0,0.0,0.0,0.0,0.0
0,0,0,0,25,0.15,74.3,5.0,224,2026-09-01 03:10:00,PT5M,0.0,0.0,0.0,0.0,0.0
0,0,0,0,25,0.15,74.3,5.0,224,2026-09-01 03:15:00,PT5M,0.0,0.0,0.0,0.0,0.0
0,0,0,0,25,0.15,74.3,5.0,224,2026-09-01 03:20:00,PT5M,0.0,0.0,0.0,0.0,0.0
0,0,0,0,25,0.15,74.3,5.0,224,2026-09-01 03:25:00,PT5M,0.0,0.0,0.0,0.0,0.0
0,0,0,0,25,0.15,74.3,5.1,224,2026-09-01 03:30:00,PT5M,0.0,0.0,0.0,0.0,0.0
0,0,0,0,25,0.15,74.3,5.1,225,2026-09-01 03:35:00,PT5M,0.0,0.0,0.0,0.0,0.0
0,0,0,0,25,0.15,74.3,5.1,225,2026-09-01 03:40:00,PT5M,0.0,0.0,0.0,0.0,0.0
0,0,0,0,25,0.15,74.3,5.2,225,2026-09-01 03:45:00,PT5M,0.0,0.0,0.0,0.0,0.0
0,0,0,0,25,0.15,74.3,5.2,225,2026-09-01 03:50:00,PT5M,0.0,0.0,0.0,0.0,0.0
0,0,0,0,25,0.15,74.3,5.2,225,2026-09-01 03:55:00,PT5M,0.0,0.0,0.0,0.0,0.0
0,0,0,0,25,0.15,74.3,5.3,225,2026-09-01 04:00:00,PT5M,0.0,0.0,0.0,0.0,0.0
0,0,0,0,25,0.15,74.3,5.3,225,2026-09-01 04:05:00,PT5M,0.0,0.0,0.0,0.0,0.0
0,0,0,0,25,0.15,74.3,5.3,226,2026-09-01 04:10:00,PT5M,0.0,0.0,0.0,0.0,0.0
0,0,0,0,25,0.15,74.3,5.3,226,2026-09-01 04:15:00,PT5M,0.0,0.0,0.0,0.0,0.0
0,0,0,0,25,0.15,74.3,5.4,226,2026-09-01 04:20:00,PT5M,0.0,0.0,0.0,0.0,0.0
0,0,0,0,25,0.15,74.3,5.4,226,2026-09-01 04:25:00,PT5M,0.0,0.0,0.0,0.0,0.0
0,0,0,0,25,0.15,74.3,5.4,226,2026-09-01 04:30:00,PT5M,0.0,0.0,0.0,0.0,0.0
0,0,0,0,25,0.15,74.3,5.5,226,2026-09-01 04:35:00,PT5M,0.0,0.0,0.0,0.0,0.0
0,0,0,0,25,0.15,74.3,5.5,226,2026-09-01 04:40:00,PT5M,0.0,0.0,0.0,0.0,0.0
0,0,0,0,25,0.15,74.3,5.5,227,2026-09-01 04:45:00,PT5M,0.0,0.0,0.0,0.0,0.0
0,0,0,0,25,0.15,74.3,5.6,227,2026-09-01 04:50:00,PT5M,0.0,0.0,0.0,0.0,0.0
0,0,0,0,25,0.15,74.3,5.6,227,2026-09-01 04:55:00,PT5M,0.0,0.0,0.0,0.0,0.0
0,0,0,0,25,0.15,74.3,5.6,227,2026-09-01 05:00:00,PT5M,0.0,0.0,0.0,0.0,0.0
0,0,0,0,25,0.15,74.3,5.6,227,2026-09-01 05:05:00,PT5M,0.0,0.0,0.0,0.0,0.0
0,0,0,0,25,0.15,74.3,5.7,227,2026-09-01 05:10:00,PT5M,0.0,0.0,0.0,0.0,0.0
0,0,0,0,25,0.15,74.3,5.7,227,2026-09-01 05:15:00,PT5M,0.0,0.0,0.0,0.0,0.0
0,0,0,0,25,0.15,74.3,5.7,227,2026-09-01 05:20:00,PT5M,0.0,0.0,0.0,0.0,0.0
0,0,0,0,25,0.15,74.3,5.8,228,2026-09-01 05:25:00,PT5M,0.0,0.0,0.0,0.0,0.0
0,0,0,0,25,0.15,74.3,5.8,228,2026-09-01 05:30:00,PT5M,0.0,0.0,0.0,0.0,0.0
0,0,0,0,25,0.15,74.0,5.8,228,2026-09-01 05:35:00,PT5M,0.0,0.0,0.0,0.0,0.0
0,0,0,0,25,0.15,73.5,5.8,228,2026-09-01 05:40:00,PT5M,0.0,0.0,0.0,0.0,0.0
0,0,0,0,26,0.15,73.0,5.8,228,2026-09-01 05:45:00,PT5M,0.0,0.0,0.0,0.0,0.0
0,0,0,0,26,0.15,72.5,5.8,228,2026-09-01 05:50:00,PT5M,0.0,0.0,0.0,0.0,0.0
0,0,0,0,26,0.15,72.0,5.9,228,2026-09-01 05:55:00,PT5M,0.0,0.0,0.0,0.0,0.0
0,0,0,0,26,0.15,71.4,5.9,228,2026-09-01 06:00:00,PT5M,0.0,0.0,0.0,0.0,0.0
2,2,0,2,26,0.15,70.9,5.9,228,2026-09-01 06:05:00,PT5M,0.0,0.0,0.0,0.0,0.0
8,9,0,9,26,0.15,70.4,5.9,228,2026-09-01 06:10:00,PT5M,0.465,0.847,0.666,0.264,0.083
16,16,0,16,26,0.15,69.9,5.9,228,2026-09-01 06:15:00,PT5M,1.483,2.2865,1.9059,1.0601,0.6795
24,25,0,25,26,0.15,69.4,5.9,228,2026-09-01 06:20:00,PT5M,2.608,4.016,3.349,1.867,1.2
33,35,0,35,26,0.15,68.9,5.9,228,2026-09-01 06:25:00,PT5M,3.837,6.1605,5.0599,2.6141,1.5135
44,46,0,46,26,0.15,68.5,5.9,228,2026-09-01 06:30:00,PT5M,5.227,8.61,7.0075,3.4465,1.844
54,58,23,55,27,0.15,68.0,5.9,228,2026-09-01 06:35:00,PT5M,7.395,12.0765,9.8589,4.9311,2.7135
65,72,53,63,27,0.15,67.5,5.9,228,2026-09-01 06:40:00,PT5M,9.981,16.0655,13.1833,6.7787,3.8965
77,86,82,71,27,0.15,67.0,6.0,229,2026-09-01 06:45:00,PT5M,12.88,20.4345,16.856,8.904,5.3255
90,102,112,79,27,0.15,66.5,6.0,229,2026-09-01 06:50:00,PT5M,16.114,25.141,20.865,11.363,7.087
104,118,142,87,27,0.15,66.1,6.0,229,2026-09-01 06:55:00,PT5M,19.632,30.1475,25.1664,14.0976,9.1165
118,135,172,94,27,0.15,65.6,6.0,229,2026-09-01 07:00:00,PT5M,23.378,35.456,29.7347,17.0213,11.3
133,153,199,100,27,0.15,65.1,6.0,229,2026-09-01 07:05:00,PT5M,27.297,41.03,34.5248,20.0692,13.564
148,170,221,107,27,0.15,64.7,6.0,229,2026-09-01 07:10:00,PT5M,31.116,46.5945,39.2624,22.9696,15.6375
163,188,242,114,27,0.15,64.2,6.0,229,2026-09-01 07:15:00,PT5M,35.078,52.3445,44.1655,25.9905,17.8115
179,205,262,120,27,0.15,63.8,6.0,229,2026-09-01 07:20:00,PT5M,39.149,58.2315,49.1923,29.1057,20.0665
195,223,281,126,28,0.15,63.3,6.0,229,2026-09-01 07:25:00,PT5M,43.287,64.2065,54.2971,32.2769,22.3675
211,241,300,132,28,0.15,62.9,6.0,229,2026-09-01 07:30:00,PT5M,47.49,70.2575,59.4727,35.5073,24.7225
228,260,318,137,28,0.15,62.4,6.1,229,2026-09-01 07:35:00,PT5M,51.824,76.502,64.8122,38.8358,27.146
245,279,337,142,28,0.15,62.0,6.1,229,2026-09-01 07:40:00,PT5M,56.31,82.8875,70.2979,42.3221,29.7325
262,298,356,146,28,0.15,61.6,6.1,229,2026-09-01 07:45:00,PT5M,60.895,89.492,75.9458,45.8442,32.298
280,317,374,150,28,0.15,61.1,6.1,229,2026-09-01 07:50:00,PT5M,64.006,93.3355,79.4423,48.5697,34.6765
297,337,393,154,28,0.15,60.7,6.1,229,2026-09-01 07:55:00,PT5M,66.765,96.5305,82.4308,51.0992,36.9995
315,356,411,157,28,0.15,60.3,6.1,229,2026-09-01 08:00:00,PT5M,69.431,99.579,85.2981,53.5639,39.283
333,376,429,160,28,0.15,59.8,6.1,229,2026-09-01 08:05:00,PT5M,71.994,100.0,88.0306,55.9574,41.524
351,395,447,163,28,0.15,59.4,6.1,229,2026-09-01 08:10:00,PT5M,74.439,100.0,90.6101,58.2679,43.7135
369,415,464,165,29,0.15,59.0,6.1,229,2026-09-01 08:15:00,PT5M,76.753,100.0,93.019,60.487,45.847
387,435,481,167,29,0.15,58.6,6.1,229,2026-09-01 08:20:00,PT5M,78.923,100.0,95.2406,62.6054,47.919
405,454,498,168,29,0.15,58.2,6.2,230,2026-09-01 08:25:00,PT5M,80.941,100.0,97.2455,64.6365,49.962
423,474,514,170,29,0.15,57.8,6.2,230,2026-09-01 08:30:00,PT5M,82.786,100.0,98.961,66.611,52.053
440,492,525,172,29,0.15,57.1,6.2,230,2026-09-01 08:35:00,PT5M,84.129,100.0,100.0,68.0645,53.606
455,508,530,176,29,0.15,56.2,6.2,230,2026-09-01 08:40:00,PT5M,84.992,100.0,100.0,69.0138,54.633
470,524,534,181,29,0.15,55.2,6.1,230,2026-09-01 08:45:00,PT5M,85.795,100.0,100.0,69.9108,55.6145
485,540,539,185,30,0.15,54.3,6.1,230,2026-09-01 08:50:00,PT5M,86.54,100.0,100.0,70.7529,56.544
500,555,543,189,30,0.15,53.4,6.1,230,2026-09-01 08:55:00,PT5M,87.296,100.0,100.0,71.6089,57.49
514,570,546,193,30,0.15,52.5,6.1,230,2026-09-01 09:00:00,PT5M,87.95,100.0,100.0,72.3666,58.341
528,585,550,196,30,0.15,51.7,6.1,230,2026-09-01 09:05:00,PT5M,88.583,100.0,100.0,73.1046,59.1735
542,600,555,199,30,0.15,50.8,6.1,230,2026-09-01 09:10:00,PT5M,89.32,100.0,100.0,73.9618,60.139
557,615,561,202,31,0.15,50.0,6.1,230,2026-09-01 09:15:00,PT5M,90.024,100.0,100.0,74.7664,61.034
570,629,566,205,31,0.15,49.2,6.0,230,2026-09-01 09:20:00,PT5M,90.69,100.0,100.0,75.5589,61.9405
584,643,570,207,31,0.15,48.3,6.0,230,2026-09-01 09:25:00,PT5M,91.319,100.0,100.0,76.4037,62.9795
597,657,575,210,31,0.15,47.6,6.0,230,2026-09-01 09:30:00,PT5M,91.915,100.0,100.0,77.1579,63.876
610,671,579,212,31,0.15,46.8,6.0,230,2026-09-01 09:35:00,PT5M,92.479,100.0,100.0,77.9524,64.878
622,684,583,214,32,0.15,46.0,6.0,230,2026-09-01 09:40:00,PT5M,93.012,100.0,100.0,78.6817,65.784
634,696,587,216,32,0.15,45.2,6.0,230,2026-09-01 09:45:00,PT5M,93.517,100.0,100.0,79.3749,66.6465
646,708,590,219,32,0.15,44.5,6.0,230,2026-09-01 09:50:00,PT5M,93.94,100.0,100.0,79.9713,67.399
657,720,593,221,32,0.15,43.8,5.9,230,2026-09-01 09:55:00,PT5M,94.328,100.0,100.0,80.5235,68.099
668,731,595,224,32,0.15,43.1,5.9,230,2026-09-01 10:00:00,PT5M,94.693,100.0,100.0,81.0451,68.7615
678,742,596,226,33,0.15,42.4,5.9,230,2026-09-01 10:05:00,PT5M,95.021,100.0,100.0,81.5181,69.365
688,752,598,229,33,0.15,41.7,5.9,230,2026-09-01 10:10:00,PT5M,95.315,100.0,100.0,81.9463,69.914
697,762,599,232,33,0.15,41.0,5.9,230,2026-09-01 10:15:00,PT5M,95.585,100.0,100.0,82.3426,70.424
706,771,600,234,33,0.15,40.3,5.9,230,2026-09-01 10:20:00,PT5M,95.833,100.0,100.0,82.7093,70.8975
715,780,600,237,34,0.15,39.7,5.9,230,2026-09-01 10:25:00,PT5M,96.058,100.0,100.0,83.0453,71.3335
723,788,601,239,34,0.15,39.0,5.9,230,2026-09-01 10:30:00,PT5M,96.267,100.0,100.0,83.3591,71.7415
731,797,603,241,34,0.15,38.4,5.8,230,2026-09-01 10:35:00,PT5M,96.518,100.0,100.0,83.7337,72.2275
739,805,606,242,34,0.15,37.8,5.8,230,2026-09-01 10:40:00,PT5M,96.808,100.0,100.0,84.1669,72.7895
747,814,608,243,34,0.15,37.2,5.8,230,2026-09-01 10:45:00,PT5M,97.075,100.0,100.0,84.5699,73.315
755,821,611,244,35,0.15,36.6,5.8,230,2026-09-01 10:50:00,PT5M,97.318,100.0,100.0,84.9414,73.802
762,829,614,245,35,0.15,36.0,5.8,230,2026-09-01 10:55:00,PT5M,97.537,100.0,100.0,85.2801,74.2485
768,836,616,246,35,0.15,35.4,5.8,230,2026-09-01 11:00:00,PT5M,97.729,100.0,100.0,85.5816,74.6485
774,842,618,246,35,0.15,34.8,5.8,231,2026-09-01 11:05:00,PT5M,97.891,100.0,100.0,85.8304,74.9755
780,848,620,247,35,0.15,34.3,5.7,231,2026-09-01 11:10:00,PT5M,98.037,100.0,100.0,86.0632,75.2865
785,854,622,248,36,0.15,33.7,5.7,231,2026-09-01 11:15:00,PT5M,98.168,100.0,100.0,86.2858,75.5915
790,859,624,248,36,0.15,33.2,5.7,231,2026-09-01 11:20:00,PT5M,98.279,100.0,100.0,86.4808,75.862
794,863,626,248,36,0.15,32.6,5.7,231,2026-09-01 11:25:00,PT5M,98.366,100.0,100.0,86.6349,76.0765
798,868,627,248,36,0.15,32.1,5.7,231,2026-09-01 11:30:00,PT5M,98.433,100.0,100.0,86.7603,76.2545
801,871,628,249,36,0.15,31.8,5.7,231,2026-09-01 11:35:00,PT5M,98.451,100.0,100.0,86.807,76.327
803,873,627,251,36,0.15,31.8,5.8,230,2026-09-01 11:40:00,PT5M,98.42,100.0,100.0,86.7757,76.2955
805,874,626,252,36,0.15,31.9,5.9,230,2026-09-01 11:45:00,PT5M,98.37,100.0,100.0,86.7178,76.2305
806,875,624,253,36,0.15,31.9,6.0,230,2026-09-01 11:50:00,PT5M,98.289,100.0,100.0,86.6192,76.116
806,875,622,255,36,0.15,31.9,6.1,230,2026-09-01 11:55:00,PT5M,98.162,100.0,100.0,86.4625,75.9325
806,875,619,256,36,0.15,31.9,6.1,230,2026-09-01 12:00:00,PT5M,98.016,100.0,100.0,86.2786,75.7145
805,874,617,257,36,0.15,31.9,6.2,229,2026-09-01 12:05:00,PT5M,97.854,100.0,100.0,86.0702,75.4645
804,873,615,258,36,0.15,31.9,6.3,229,2026-09-01 12:10:00,PT5M,97.746,100.0,100.0,85.9091,75.2555
803,871,612,260,36,0.15,31.9,6.4,229,2026-09-01 12:15:00,PT5M,97.654,100.0,100.0,85.805,75.1405
801,869,609,261,36,0.15,31.9,6.5,229,2026-09-01 12:20:00,PT5M,97.544,100.0,100.0,85.6258,74.899
798,866,607,261,36,0.15,31.9,6.6,229,2026-09-01 12:25:00,PT5M,97.414,100.0,100.0,85.4189,74.623
795,862,603,263,36,0.15,31.9,6.6,229,2026-09-01 12:30:00,PT5M,97.227,100.0,100.0,85.1422,74.2655
790,857,597,265,36,0.15,31.9,6.7,228,2026-09-01 12:35:00,PT5M,96.901,100.0,100.0,84.6804,73.6815
784,850,588,268,36,0.15,31.9,6.8,228,2026-09-01 12:40:00,PT5M,96.438,100.0,100.0,84.0369,72.8755
778,843,580,272,36,0.15,31.9,6.9,228,2026-09-01 12:45:00,PT5M,95.953,100.0,100.0,83.3648,72.035
771,836,571,275,36,0.15,31.9,7.0,228,2026-09-01 12:50:00,PT5M,95.445,100.0,100.0,82.6615,71.156
764,828,563,277,36,0.15,31.9,7.1,228,2026-09-01 12:55:00,PT5M,94.912,100.0,100.0,81.9235,70.2335
756,819,554,280,36,0.15,31.9,7.1,228,2026-09-01 13:00:00,PT5M,94.351,100.0,100.0,81.141,69.2515
748,811,545,283,36,0.15,31.9,7.2,227,2026-09-01 13:05:00,PT5M,93.76,100.0,100.0,80.3276,68.238
739,801,536,285,36,0.15,31.9,7.3,227,2026-09-01 13:10:00,PT5M,93.147,100.0,100.0,79.5062,67.229
731,792,527,288,36,0.15,32.0,7.4,227,2026-09-01 13:15:00,PT5M,92.579,100.0,100.0,78.7203,66.247
721,782,518,290,36,0.15,32.0,7.5,227,2026-09-01 13:20:00,PT5M,91.9,100.0,100.0,77.8076,65.124
712,771,508,292,36,0.15,32.0,7.6,227,2026-09-01 13:25:00,PT5M,91.187,100.0,100.0,76.8546,63.955
702,760,499,293,36,0.15,32.0,7.6,227,2026-09-01 13:30:00,PT5M,90.444,100.0,100.0,75.8671,62.7475
693,750,492,294,36,0.15,32.0,7.7,227,2026-09-01 13:35:00,PT5M,89.791,100.0,100.0,75.0005,61.6885
684,741,487,293,36,0.15,32.0,7.8,227,2026-09-01 13:40:00,PT5M,89.232,100.0,100.0,74.2578,60.7805
675,731,481,293,36,0.15,32.0,7.9,226,2026-09-01 13:45:00,PT5M,88.645,100.0,100.0,73.4831,59.837
665,721,476,292,36,0.15,32.0,8.0,226,2026-09-01 13:50:00,PT5M,88.034,100.0,100.0,72.6806,58.862
655,711,471,291,36,0.15,32.0,8.1,226,2026-09-01 13:55:00,PT5M,87.397,100.0,100.0,71.8478,57.853
645,700,465,289,36,0.15,32.0,8.1,226,2026-09-01 14:00:00,PT5M,86.73,100.0,100.0,70.9808,56.806
635,689,460,288,36,0.15,32.0,8.2,226,2026-09-01 14:05:00,PT5M,86.054,100.0,100.0,70.1019,55.7445
624,678,455,285,36,0.15,32.0,8.3,226,2026-09-01 14:10:00,PT5M,85.371,100.0,100.0,69.2136,54.6715
614,666,451,283,36,0.15,32.0,8.4,226,2026-09-01 14:15:00,PT5M,84.659,100.0,100.0,68.2901,53.5575
602,654,446,280,36,0.15,32.0,8.5,226,2026-09-01 14:20:00,PT5M,83.92,100.0,100.0,67.335,52.408
591,642,441,278,36,0.15,32.0,8.6,226,2026-09-01 14:25:00,PT5M,83.154,100.0,99.9585,66.3495,51.225
579,629,435,275,36,0.15,32.0,8.7,226,2026-09-01 14:30:00,PT5M,82.337,100.0,99.3662,65.3078,49.981
566,616,428,273,36,0.15,32.2,8.7,225,2026-09-01 14:35:00,PT5M,81.343,100.0,98.5648,64.1212,48.621
552,601,418,271,36,0.15,32.5,8.7,225,2026-09-01 14:40:00,PT5M,80.203,100.0,97.5922,62.8138,47.163
538,585,408,269,36,0.15,32.9,8.7,225,2026-09-01 14:45:00,PT5M,79.026,100.0,96.576,61.476,45.6805
524,570,398,267,36,0.15,33.2,8.6,225,2026-09-01 14:50:00,PT5M,77.811,100.0,95.5152,60.1068,44.1725
510,555,388,265,36,0.15,33.5,8.6,225,2026-09-01 14:55:00,PT5M,76.556,100.0,94.4068,58.7052,42.639
495,539,378,262,36,0.15,33.9,8.6,224,2026-09-01 15:00:00,PT5M,75.262,100.0,93.2509,57.2731,41.0825
480,523,367,260,35,0.15,34.2,8.6,224,2026-09-01 15:05:00,PT5M,73.875,100.0,91.9579,55.7921,39.517
466,507,356,257,35,0.15,34.6,8.6,224,2026-09-01 15:10:00,PT5M,72.422,100.0,90.5983,54.2457,37.8865
451,491,345,254,35,0.15,35.0,8.6,224,2026-09-01 15:15:00,PT5M,71.005,100.0,89.2571,52.7529,36.3255
436,475,335,251,35,0.15,35.3,8.6,224,2026-09-01 15:20:00,PT5M,69.534,100.0,87.8484,51.2196,34.736
421,459,324,247,35,0.15,35.7,8.5,224,2026-09-01 15:25:00,PT5M,68.008,100.0,86.3698,49.6462,33.12
406,443,313,243,35,0.15,36.0,8.5,223,2026-09-01 15:30:00,PT5M,66.415,100.0,84.8094,48.0206,31.465
392,427,303,239,35,0.15,36.4,8.5,223,2026-09-01 15:35:00,PT5M,64.826,99.7805,83.2228,46.4292,29.8715
377,411,293,234,34,0.15,36.8,8.5,223,2026-09-01 15:40:00,PT5M,63.239,98.135,81.605,44.873,28.343
362,395,283,229,34,0.15,37.2,8.5,223,2026-09-01 15:45:00,PT5M,61.578,96.371,79.8898,43.2662,26.785
347,379,273,224,34,0.15,37.6,8.5,223,2026-09-01 15:50:00,PT5M,59.832,94.46,78.057,41.607,25.204
333,363,262,219,34,0.15,38.0,8.4,222,2026-09-01 15:55:00,PT5M,57.976,92.331,76.0573,39.8947,23.621
318,347,251,213,34,0.15,38.3,8.4,222,2026-09-01 16:00:00,PT5M,56.011,90.004,73.9018,38.1202,22.018
303,331,241,207,34,0.15,38.7,8.4,222,2026-09-01 16:05:00,PT5M,54.024,87.608,71.6995,36.3485,20.44
288,315,231,200,33,0.15,39.1,8.4,222,2026-09-01 16:10:00,PT5M,52.03,85.173,69.4734,34.5866,18.887
273,299,221,193,33,0.15,39.6,8.4,222,2026-09-01 16:15:00,PT5M,50.011,82.651,67.1897,32.8323,17.371
259,283,211,186,33,0.15,40.0,8.4,221,2026-09-01 16:20:00,PT5M,47.865,79.9475,64.7502,30.9798,15.7825
244,267,200,179,33,0.15,40.4,8.4,221,2026-09-01 16:25:00,PT5M,45.649,77.1215,62.2132,29.0848,14.1765
229,251,189,172,33,0.15,40.8,8.3,221,2026-09-01 16:30:00,PT5M,42.927,72.971,58.7394,27.1146,12.883
215,236,179,164,33,0.15,41.2,8.3,221,2026-09-01 16:35:00,PT5M,39.823,67.8605,54.5793,25.0667,11.7855
201,220,167,156,33,0.15,41.7,8.3,221,2026-09-01 16:40:00,PT5M,36.733,62.7725,50.4378,23.0282,10.6935
186,205,156,148,32,0.15,42.1,8.3,220,2026-09-01 16:45:00,PT5M,33.669,57.7705,46.3538,20.9842,9.5675
172,189,143,140,32,0.15,42.5,8.3,220,2026-09-01 16:50:00,PT5M,30.64,52.808,42.3072,18.9728,8.472
159,174,130,132,32,0.15,43.0,8.3,220,2026-09-01 16:55:00,PT5M,27.642,47.881,38.2939,16.9901,7.403
145,159,117,124,32,0.15,43.4,8.3,220,2026-09-01 17:00:00,PT5M,24.693,43.02,34.3386,15.0474,6.366
132,144,103,115,32,0.15,43.9,8.3,220,2026-09-01 17:05:00,PT5M,21.825,38.2665,30.4783,13.1717,5.3835
119,129,88,107,32,0.15,44.4,8.2,219,2026-09-01 17:10:00,PT5M,19.07,33.6745,26.7565,11.3835,4.4655
105,114,68,98,32,0.15,44.8,8.2,219,2026-09-01 17:15:00,PT5M,16.229,29.095,23.0005,9.4575,3.363
93,100,47,89,31,0.15,45.3,8.2,219,2026-09-01 17:20:00,PT5M,13.54,24.7495,19.4396,7.6404,2.3305
81,86,27,80,31,0.15,45.8,8.2,219,2026-09-01 17:25:00,PT5M,10.939,20.533,15.9884,5.8896,1.345
69,72,6,71,31,0.15,46.2,8.2,219,2026-09-01 17:30:00,PT5M,8.632,16.621,12.8367,4.4273,0.643
58,60,0,60,31,0.15,46.7,8.2,219,2026-09-01 17:35:00,PT5M,7.0,13.402,10.3694,3.6306,0.598
47,48,0,48,31,0.15,47.1,8.1,219,2026-09-01 17:40:00,PT5M,5.538,10.435,8.1153,2.9607,0.641
37,38,0,38,31,0.15,47.6,8.1,219,2026-09-01 17:45:00,PT5M,4.188,7.715,6.0443,2.3317,0.661
28,29,0,29,31,0.15,48.0,8.1,219,2026-09-01 17:50:00,PT5M,3.044,5.4755,4.3237,1.7643,0.6125
20,20,0,20,31,0.15,48.5,8.0,219,2026-09-01 17:55:00,PT5M,1.989,3.45,2.7579,1.2201,0.528
12,13,0,13,30,0.15,48.9,8.0,219,2026-09-01 18:00:00,PT5M,1.016,1.8465,1.4531,0.5789,0.1855
6,6,0,6,30,0.15,49.4,7.9,219,2026-09-01 18:05:00,PT5M,0.101,0.315,0.2136,0.0,0.0
1,1,0,1,30,0.15,49.9,7.9,219,2026-09-01 18:10:00,PT5M,0.0,0.0,0.0,0.0,0.0
0,0,0,0,30,0.15,50.3,7.9,219,2026-09-01 18:15:00,PT5M,0.0,0.0,0.0,0.0,0.0
0,0,0,0,30,0.15,50.8,7.8,219,2026-09-01 18:20:00,PT5M,0.0,0.0,0.0,0.0,0.0
0,0,0,0,30,0.15,51.3,7.8,219,2026-09-01 18:25:00,PT5M,0.0,0.0,0.0,0.0,0.0
0,0,0,0,30,0.15,51.8,7.8,220,2026-09-01 18:30:00,PT5M,0.0,0.0,0.0,0.0,0.0
0,0,0,0,30,0.15,52.2,7.7,220,2026-09-01 18:35:00,PT5M,0.0,0.0,0.0,0.0,0.0
0,0,0,0,30,0.15,52.7,7.7,220,2026-09-01 18:40:00,PT5M,0.0,0.0,0.0,0.0,0.0
0,0,0,0,29,0.15,53.2,7.7,220,2026-09-01 18:45:00,PT5M,0.0,0.0,0.0,0.0,0.0
0,0,0,0,29,0.15,53.7,7.6,220,2026-09-01 18:50:00,PT5M,0.0,0.0,0.0,0.0,0.0
0,0,0,0,29,0.15,54.2,7.6,220,2026-09-01 18:55:00,PT5M,0.0,0.0,0.0,0.0,0.0
0,0,0,0,29,0.15,54.7,7.5,220,2026-09-01 19:00:00,PT5M,0.0,0.0,0.0,0.0,0.0
0,0,0,0,29,0.15,55.3,7.5,220,2026-09-01 19:05:00,PT5M,0.0,0.0,0.0,0.0,0.0
0,0,0,0,29,0.15,55.8,7.5,220,2026-09-01 19:10:00,PT5M,0.0,0.0,0.0,0.0,0.0
0,0,0,0,29,0.15,56.3,7.4,220,2026-09-01 19:15:00,PT5M,0.0,0.0,0.0,0.0,0.0
0,0,0,0,29,0.15,56.8,7.4,220,2026-09-01 19:20:00,PT5M,0.0,0.0,0.0,0.0,0.0
0,0,0,0,29,0.15,57.4,7.4,221,2026-09-01 19:25:00,PT5M,0.0,0.0,0.0,0.0,0.0
0,0,0,0,28,0.15,57.9,7.3,221,2026-09-01 19:30:00,PT5M,0.0,0.0,0.0,0.0,0.0
0,0,0,0,28,0.15,58.5,7.3,221,2026-09-01 19:35:00,PT5M,0.0,0.0,0.0,0.0,0.0
0,0,0,0,28,0.15,59.0,7.2,221,2026-09-01 19:40:00,PT5M,0.0,0.0,0.0,0.0,0.0
0,0,0,0,28,0.15,59.6,7.2,221,2026-09-01 19:45:00,PT5M,0.0,0.0,0.0,0.0,0.0
0,0,0,0,28,0.15,60.1,7.2,221,2026-09-01 19:50:00,PT5M,0.0,0.0,0.0,0.0,0.0
0,0,0,0,28,0.15,60.7,7.1,221,2026-09-01 19:55:00,PT5M,0.0,0.0,0.0,0.0,0.0
0,0,0,0,28,0.15,61.3,7.1,221,2026-09-01 20:00:00,PT5M,0.0,0.0,0.0,0.0,0.0
0,0,0,0,28,0.15,61.9,7.1,221,2026-09-01 20:05:00,PT5M,0.0,0.0,0.0,0.0,0.0
0,0,0,0,28,0.15,62.4,7.0,222,2026-09-01 20:10:00,PT5M,0.0,0.0,0.0,0.0,0.0
0,0,0,0,27,0.15,63.0,7.0,222,2026-09-01 20:15:00,PT5M,0.0,0.0,0.0,0.0,0.0
0,0,0,0,27,0.15,63.6,7.0,222,2026-09-01 20:20:00,PT5M,0.0,0.0,0.0,0.0,0.0
0,0,0,0,27,0.15,64.2,6.9,222,2026-09-01 20:25:00,PT5M,0.0,0.0,0.0,0.0,0.0
0,0,0,0,27,0.15,64.9,6.9,222,2026-09-01 20:30:00,PT5M,0.0,0.0,0.0,0.0,0.0
0,0,0,0,27,0.15,65.2,6.9,222,2026-09-01 20:35:00,PT5M,0.0,0.0,0.0,0.0,0.0
0,0,0,0,27,0.15,65.4,6.8,222,2026-09-01 20:40:00,PT5M,0.0,0.0,0.0,0.0,0.0
0,0,0,0,27,0.15,65.5,6.8,222,2026-09-01 20:45:00,PT5M,0.0,0.0,0.0,0.0,0.0
0,0,0,0,27,0.15,65.6,6.8,222,2026-09-01 20:50:00,PT5M,0.0,0.0,0.0,0.0,0.0
0,0,0,0,27,0.15,65.7,6.8,222,2026-09-01 20:55:00,PT5M,0.0,0.0,0.0,0.0,0.0
0,0,0,0,27,0.15,65.9,6.8,222,2026-09-01 21:00:00,PT5M,0.0,0.0,0.0,0.0,0.0
0,0,0,0,27,0.15,66.0,6.7,222,2026-09-01 21:05:00,PT5M,0.0,0.0,0.0,0.0,0.0
0,0,0,0,27,0.15,66.1,6.7,222,2026-09-01 21:10:00,PT5M,0.0,0.0,0.0,0.0,0.0
0,0,0,0,27,0.15,66.3,6.7,222,2026-09-01 21:15:00,PT5M,0.0,0.0,0.0,0.0,0.0
0,0,0,0,27,0.15,66.4,6.7,222,2026-09-01 21:20:00,PT5M,0.0,0.0,0.0,0.0,0.0
0,0,0,0,27,0.15,66.5,6.7,222,2026-09-01 21:25:00,PT5M,0.0,0.0,0.0,0.0,0.0
0,0,0,0,27,0.15,66.7,6.6,222,2026-09-01 21:30:00,PT5M,0.0,0.0,0.0,0.0,0.0
0,0,0,0,27,0.15,66.8,6.6,222,2026-09-01 21:35:00,PT5M,0.0,0.0,0.0,0.0,0.0
0,0,0,0,27,0.15,66.9,6.6,222,2026-09-01 21:40:00,PT5M,0.0,0.0,0.0,0.0,0.0
0,0,0,0,27,0.15,67.0,6.6,222,2026-09-01 21:45:00,PT5M,0.0,0.0,0.0,0.0,0.0
0,0,0,0,27,0.15,67.2,6.6,222,2026-09-01 21:50:00,PT5M,0.0,0.0,0.0,0.0,0.0
0,0,0,0,27,0.15,67.3,6.5,222,2026-09-01 21:55:00,PT5M,0.0,0.0,0.0,0.0,0.0
0,0,0,0,27,0.15,67.4,6.5,222,2026-09-01 22:00:00,PT5M,0.0,0.0,0.0,0.0,0.0
0,0,0,0,26,0.15,67.6,6.5,223,2026-09-01 22:05:00,PT5M,0.0,0.0,0.0,0.0,0.0
0,0,0,0,26,0.15,67.7,6.5,223,2026-09-01 22:10:00,PT5M,0.0,0.0,0.0,0.0,0.0
0,0,0,0,26,0.15,67.8,6.5,223,2026-09-01 22:15:00,PT5M,0.0,0.0,0.0,0.0,0.0
0,0,0,0,26,0.15,68.0,6.4,223,2026-09-01 22:20:00,PT5M,0.0,0.0,0.0,0.0,0.0
0,0,0,0,26,0.15,68.1,6.4,223,2026-09-01 22:25:00,PT5M,0.0,0.0,0.0,0.0,0.0
0,0,0,0,26,0.15,68.2,6.4,223,2026-09-01 22:30:00,PT5M,0.0,0.0,0.0,0.0,0.0
0,0,0,0,26,0.15,68.4,6.4,223,2026-09-01 22:35:00,PT5M,0.0,0.0,0.0,0.0,0.0
0,0,0,0,26,0.15,68.5,6.4,223,2026-09-01 22:40:00,PT5M,0.0,0.0,0.0,0.0,0.0
0,0,0,0,26,0.15,68.7,6.3,223,2026-09-01 22:45:00,PT5M,0.0,0.0,0.0,0.0,0.0
0,0,0,0,26,0.15,68.8,6.3,223,2026-09-01 22:50:00,PT5M,0.0,0.0,0.0,0.0,0.0
0,0,0,0,26,0.15,68.9,6.3,223,2026-09-01 22:55:00,PT5M,0.0,0.0,0.0,0.0,0.0
0,0,0,0,26,0.15,69.1,6.3,223,2026-09-01 23:00:00,PT5M,0.0,0.0,0.0,0.0,0.0
0,0,0,0,26,0.15,69.2,6.3,223,2026-09-01 23:05:00,PT5M,0.0,0.0,0.0,0.0,0.0
0,0,0,0,26,0.15,69.3,6.2,223,2026-09-01 23:10:00,PT5M,0.0,0.0,0.0,0.0,0.0
0,0,0,0,26,0.15,69.5,6.2,223,2026-09-01 23:15:00,PT5M,0.0,0.0,0.0,0.0,0.0
0,0,0,0,26,0.15,69.6,6.2,223,2026-09-01 23:20:00,PT5M,0.0,0.0,0.0,0.0,0.0
0,0,0,0,26,0.15,69.8,6.2,223,2026-09-01 23:25:00,PT5M,0.0,0.0,0.0,0.0,0.0
0,0,0,0,26,0.15,69.9,6.2,223,2026-09-01 23:30:00,PT5M,0.0,0.0,0.0,0.0,0.0
0,0,0,0,26,0.15,70.0,6.2,223,2026-09-01 23:35:00,PT5M,0.0,0.0,0.0,0.0,0.0
0,0,0,0,26,0.15,69.9,6.1,223,2026-09-01 23:40:00,PT5M,0.0,0.0,0.0,0.0,0.0
0,0,0,0,26,0.15,69.9,6.1,223,2026-09-01 23:45:00,PT5M,0.0,0.0,0.0,0.0,0.0
0,0,0,0,26,0.15,69.9,6.1,223,2026-09-01 23:50:00,PT5M,0.0,0.0,0.0,0.0,0.0
0,0,0,0,26,0.15,69.9,6.1,223,2026-09-01 23:55:00,PT5M,0.0,0.0,0.0,0.0,0.0
0,0,0,0,26,0.15,69.9,6.1,223,2026-09-02 00:00:00,PT5M,0.0,0.0,0.0,0.0,0.0
0,0,0,0,26,0.15,69.9,6.1,223,2026-09-02 00:05:00,PT5M,0.0,0.0,0.0,0.0,0.0
0,0,0,0,26,0.15,69.9,6.1,223,2026-09-02 00:10:00,PT5M,0.0,0.0,0.0,0.0,0.0
0,0,0,0,26,0.15,69.8,6.1,223,2026-09-02 00:15:00,PT5M,0.0,0.0,0.0,0.0,0.0
0,0,0,0,26,0.15,69.8,6.1,224,2026-09-02 00:20:00,PT5M,0.0,0.0,0.0,0.0,0.0
0,0,0,0,26,0.15,69.8,6.1,224,2026-09-02 00:25:00,PT5M,0.0,0.0,0.0,0.0,0.0
0,0,0,0,26,0.15,69.8,6.1,224,2026-09-02 00:30:00,PT5M,0.0,0.0,0.0,0.0,0.0
0,0,0,0,26,0.15,69.8,6.1,224,2026-09-02 00:35:00,PT5M,0.0,0.0,0.0,0.0,0.0
0,0,0,0,26,0.15,69.8,6.1,224,2026-09-02 00:40:00,PT5M,0.0,0.0,0.0,0.0,0.0
0,0,0,0,26,0.15,69.8,6.1,224,2026-09-02 00:45:00,PT5M,0.0,0.0,0.0,0.0,0.0
0,0,0,0,26,0.15,69.8,6.1,224,2026-09-02 00:50:00,PT5M,0.0,0.0,0.0,0.0,0.0
0,0,0,0,26,0.15,69.7,6.1,224,2026-09-02 00:55:00,PT5M,0.0,0.0,0.0,0.0,0.0
0,0,0,0,26,0.15,69.7,6.0,224,2026-09-02 01:00:00,PT5M,0.0,0.0,0.0,0.0,0.0
0,0,0,0,26,0.15,69.7,6.0,224,2026-09-02 01:05:00,PT5M,0.0,0.0,0.0,0.0,0.0
0,0,0,0,26,0.15,69.7,6.0,224,2026-09-02 01:10:00,PT5M,0.0,0.0,0.0,0.0,0.0
0,0,0,0,26,0.15,69.7,6.0,224,2026-09-02 01:15:00,PT5M,0.0,0.0,0.0,0.0,0.0
0,0,0,0,26,0.15,69.7,6.0,224,2026-09-02 01:20:00,PT5M,0.0,0.0,0.0,0.0,0.0
0,0,0,0,26,0.15,69.7,6.0,224,2026-09-02 01:25:00,PT5M,0.0,0.0,0.0,0.0,0.0
0,0,0,0,26,0.15,69.7,6.0,224,2026-09-02 01:30:00,PT5M,0.0,0.0,0.0,0.0,0.0
0,0,0,0,26,0.15,69.6,6.0,224,2026-09-02 01:35:00,PT5M,0.0,0.0,0.0,0.0,0.0
0,0,0,0,26,0.15,69.6,6.0,224,2026-09-02 01:40:00,PT5M,0.0,0.0,0.0,0.0,0.0
0,0,0,0,26,0.15,69.6,6.0,224,2026-09-02 01:45:00,PT5M,0.0,0.0,0.0,0.0,0.0
0,0,0,0,26,0.15,69.6,6.0,225,2026-09-02 01:50:00,PT5M,0.0,0.0,0.0,0.0,0.0
0,0,0,0,26,0.15,69.6,6.0,225,2026-09-02 01:55:00,PT5M,0.0,0.0,0.0,0.0,0.0
0,0,0,0,26,0.15,69.6,6.0,225,2026-09-02 02:00:00,PT5M,0.0,0.0,0.0,0.0,0.0
0,0,0,0,26,0.15,69.6,6.0,225,2026-09-02 02:05:00,PT5M,0.0,0.0,0.0,0.0,0.0
0,0,0,0,26,0.15,69.5,6.0,225,2026-09-02 02:10:00,PT5M,0.0,0.0,0.0,0.0,0.0
0,0,0,0,26,0.15,69.5,6.0,225,2026-09-02 02:15:00,PT5M,0.0,0.0,0.0,0.0,0.0
0,0,0,0,26,0.15,69.5,6.0,225,2026-09-02 02:20:00,PT5M,0.0,0.0,0.0,0.0,0.0
0,0,0,0,26,0.15,69.5,5.9,225,2026-09-02 02:25:00,PT5M,0.0,0.0,0.0,0.0,0.0
0,0,0,0,26,0.15,69.5,5.9,225,2026-09-02 02:30:00,PT5M,0.0,0.0,0.0,0.0,0.0
0,0,0,0,26,0.15,69.5,5.9,225,2026-09-02 02:35:00,PT5M,0.0,0.0,0.0,0.0,0.0
0,0,0,0,26,0.15,69.6,5.9,225,2026-09-02 02:40:00,PT5M,0.0,0.0,0.0,0.0,0.0
0,0,0,0,26,0.15,69.8,5.9,225,2026-09-02 02:45:00,PT5M,0.0,0.0,0.0,0.0,0.0
0,0,0,0,26,0.15,69.9,5.9,225,2026-09-02 02:50:00,PT5M,0.0,0.0,0.0,0.0,0.0
0,0,0,0,26,0.15,70.0,5.9,225,2026-09-02 02:55:00,PT5M,0.0,0.0,0.0,0.0,0.0
0,0,0,0,26,0.15,70.1,5.9,225,2026-09-02 03:00:00,PT5M,0.0,0.0,0.0,0.0,0.0
0,0,0,0,26,0.15,70.2,5.9,225,2026-09-02 03:05:00,PT5M,0.0,0.0,0.0,0.0,0.0
0,0,0,0,26,0.15,70.3,5.9,225,2026-09-02 03:10:00,PT5M,0.0,0.0,0.0,0.0,0.0
0,0,0,0,26,0.15,70.4,5.9,225,2026-09-02 03:15:00,PT5M,0.0,0.0,0.0,0.0,0.0
0,0,0,0,26,0.15,70.5,5.9,225,2026-09-02 03:20:00,PT5M,0.0,0.0,0.0,0.0,0.0
0,0,0,0,26,0.15,70.6,5.9,225,2026-09-02 03:25:00,PT5M,0.0,0.0,0.0,0.0,0.0
0,0,0,0,26,0.15,70.7,5.8,225,2026-09-02 03:30:00,PT5M,0.0,0.0,0.0,0.0,0.0
0,0,0,0,26,0.15,70.8,5.8,225,2026-09-02 03:35:00,PT5M,0.0,0.0,0.0,0.0,0.0
0,0,0,0,26,0.15,70.9,5.8,225,2026-09-02 03:40:00,PT5M,0.0,0.0,0.0,0.0,0.0
0,0,0,0,26,0.15,71.0,5.8,225,2026-09-02 03:45:00,PT5M,0.0,0.0,0.0,0.0,0.0
0,0,0,0,26,0.15,71.1,5.8,225,2026-09-02 03:50:00,PT5M,0.0,0.0,0.0,0.0,0.0
0,0,0,0,26,0.15,71.2,5.8,225,2026-09-02 03:55:00,PT5M,0.0,0.0,0.0,0.0,0.0
0,0,0,0,26,0.15,71.4,5.8,225,2026-09-02 04:00:00,PT5M,0.0,0.0,0.0,0.0,0.0
0,0,0,0,25,0.15,71.5,5.8,225,2026-09-02 04:05:00,PT5M,0.0,0.0,0.0,0.0,0.0
0,0,0,0,25,0.15,71.6,5.8,225,2026-09-02 04:10:00,PT5M,0.0,0.0,0.0,0.0,0.0
0,0,0,0,25,0.15,71.7,5.8,225,2026-09-02 04:15:00,PT5M,0.0,0.0,0.0,0.0,0.0
0,0,0,0,25,0.15,71.8,5.8,225,2026-09-02 04:20:00,PT5M,0.0,0.0,0.0,0.0,0.0
0,0,0,0,25,0.15,71.9,5.8,225,2026-09-02 04:25:00,PT5M,0.0,0.0,0.0,0.0,0.0
0,0,0,0,25,0.15,72.0,5.8,225,2026-09-02 04:30:00,PT5M,0.0,0.0,0.0,0.0,0.0
0,0,0,0,25,0.15,72.1,5.7,225,2026-09-02 04:35:00,PT5M,0.0,0.0,0.0,0.0,0.0
0,0,0,0,25,0.15,72.2,5.7,225,2026-09-02 04:40:00,PT5M,0.0,0.0,0.0,0.0,0.0
0,0,0,0,25,0.15,72.3,5.7,225,2026-09-02 04:45:00,PT5M,0.0,0.0,0.0,0.0,0.0
0,0,0,0,25,0.15,72.4,5.7,225,2026-09-02 04:50:00,PT5M,0.0,0.0,0.0,0.0,0.0
0,0,0,0,25,0.15,72.6,5.7,225,2026-09-02 04:55:00,PT5M,0.0,0.0,0.0,0.0,0.0
0,0,0,0,25,0.15,72.7,5.7,225,2026-09-02 05:00:00,PT5M,0.0,0.0,0.0,0.0,0.0
0,0,0,0,25,0.15,72.8,5.7,225,2026-09-02 05:05:00,PT5M,0.0,0.0,0.0,0.0,0.0
0,0,0,0,25,0.15,72.9,5.7,225,2026-09-02 05:10:00,PT5M,0.0,0.0,0.0,0.0,0.0
0,0,0,0,25,0.15,73.0,5.7,225,2026-09-02 05:15:00,PT5M,0.0,0.0,0.0,0.0,0.0
0,0,0,0,25,0.15,73.1,5.7,225,2026-09-02 05:20:00,PT5M,0.0,0.0,0.0,0.0,0.0
0,0,0,0,25,0.15,73.2,5.7,225,2026-09-02 05:25:00,PT5M,0.0,0.0,0.0,0.0,0.0
0,0,0,0,25,0.15,73.3,5.7,225,2026-09-02 05:30:00,PT5M,0.0,0.0,0.0,0.0,0.0
0,0,0,0,25,0.15,73.0,5.7,225,2026-09-02 05:35:00,PT5M,0.0,0.0,0.0,0.0,0.0
0,0,0,0,25,0.15,72.3,5.7,225,2026-09-02 05:40:00,PT5M,0.0,0.0,0.0,0.0,0.0
0,0,0,0,26,0.15,71.7,5.7,226,2026-09-02 05:45:00,PT5M,0.0,0.0,0.0,0.0,0.0
0,0,0,0,26,0.15,71.0,5.7,226,2026-09-02 05:50:00,PT5M,0.0,0.0,0.0,0.0,0.0
0,0,0,0,26,0.15,70.3,5.7,226,2026-09-02 05:55:00,PT5M,0.0,0.0,0.0,0.0,0.0
0,0,0,0,26,0.15,69.7,5.7,227,2026-09-02 06:00:00,PT5M,0.0,0.0,0.0,0.0,0.0
2,2,0,2,26,0.15,69.0,5.7,227,2026-09-02 06:05:00,PT5M,0.0,0.0,0.0,0.0,0.0
9,9,0,9,26,0.15,68.4,5.7,227,2026-09-02 06:10:00,PT5M,0.516,0.9145,0.7257,0.3063,0.1175
16,17,0,17,26,0.15,67.7,5.7,227,2026-09-02 06:15:00,PT5M,1.561,2.464,2.0363,1.0857,0.658
25,26,0,26,27,0.15,67.1,5.7,228,2026-09-02 06:20:00,PT5M,2.719,4.275,3.5379,1.9001,1.163
35,36,0,36,27,0.15,66.5,5.7,228,2026-09-02 06:25:00,PT5M,3.99,6.502,5.3121,2.6679,1.478
45,47,12,46,27,0.15,65.8,5.7,228,2026-09-02 06:30:00,PT5M,5.651,9.269,7.5552,3.7468,2.033
55,60,40,54,27,0.15,65.2,5.7,228,2026-09-02 06:35:00,PT5M,8.025,13.0035,10.6452,5.4048,3.0465
66,74,69,63,27,0.15,64.6,5.7,229,2026-09-02 06:40:00,PT5M,10.7,17.1585,14.0992,7.3008,4.2415
78,88,98,71,27,0.15,64.0,5.7,229,2026-09-02 06:45:00,PT5M,13.613,21.624,17.8292,9.3968,5.602
91,104,126,78,27,0.15,63.4,5.7,229,2026-09-02 06:50:00,PT5M,16.829,26.4085,21.8708,11.7872,7.2495
105,120,154,86,28,0.15,62.8,5.7,230,2026-09-02 06:55:00,PT5M,20.312,31.489,26.1945,14.4295,9.135
119,137,181,93,28,0.15,62.3,5.7,230,2026-09-02 07:00:00,PT5M,23.901,36.7565,30.6669,17.1351,11.0455
134,154,205,100,28,0.15,61.7,5.8,230,2026-09-02 07:05:00,PT5M,27.627,42.263,35.33,19.924,12.991
149,171,223,107,28,0.15,61.1,5.8,230,2026-09-02 07:10:00,PT5M,31.209,47.7195,39.8986,22.5194,14.6985
164,187,239,114,28,0.15,60.5,5.8,231,2026-09-02 07:15:00,PT5M,34.879,53.3135,44.5812,25.1768,16.4445
179,204,255,121,28,0.15,60.0,5.8,231,2026-09-02 07:20:00,PT5M,38.6,58.9915,49.3322,27.8678,18.2085
195,221,269,128,28,0.15,59.4,5.8,231,2026-09-02 07:25:00,PT5M,42.331,64.7055,54.1069,30.5551,19.9565
210,238,283,134,29,0.15,58.9,5.8,231,2026-09-02 07:30:00,PT5M,46.071,70.4425,58.8979,33.2441,21.6995
226,255,296,141,29,0.15,58.3,5.8,232,2026-09-02 07:35:00,PT5M,49.816,76.2415,63.7239,35.9081,23.3905
242,272,308,147,29,0.15,57.8,5.8,232,2026-09-02 07:40:00,PT5M,53.569,82.0295,68.548,38.59,25.1085
258,289,319,153,29,0.15,57.3,5.8,232,2026-09-02 07:45:00,PT5M,57.373,87.9795,73.4814,41.2646,26.7665
273,307,330,159,29,0.15,56.7,5.8,232,2026-09-02 07:50:00,PT5M,59.73,91.1755,76.28,43.18,28.2845
289,324,341,165,29,0.15,56.2,5.8,233,2026-09-02 07:55:00,PT5M,61.809,93.866,78.6808,44.9372,29.752
305,341,351,171,29,0.15,55.7,5.8,233,2026-09-02 08:00:00,PT5M,63.794,96.4125,80.9613,46.6267,31.1755
321,357,360,177,29,0.15,55.2,5.8,233,2026-09-02 08:05:00,PT5M,65.675,98.799,83.1084,48.2416,32.551
337,374,369,182,30,0.15,54.7,5.8,234,2026-09-02 08:10:00,PT5M,67.414,100.0,85.0806,49.7474,33.847
352,391,377,187,30,0.15,54.2,5.9,234,2026-09-02 08:15:00,PT5M,69.068,100.0,86.9301,51.2059,35.1295
368,407,385,192,30,0.15,53.7,5.9,234,2026-09-02 08:20:00,PT5M,70.593,100.0,88.6093,52.5767,36.3615
383,424,393,198,30,0.15,53.2,5.9,234,2026-09-02 08:25:00,PT5M,71.987,100.0,90.1112,53.8628,37.5505
398,440,400,203,30,0.15,52.7,5.9,235,2026-09-02 08:30:00,PT5M,73.253,100.0,91.4382,55.0678,38.7005
413,456,408,207,30,0.15,52.1,5.9,235,2026-09-02 08:35:00,PT5M,74.592,100.0,92.7967,56.3873,40.0025
429,473,418,211,31,0.15,51.3,5.9,234,2026-09-02 08:40:00,PT5M,76.009,100.0,94.194,57.824,41.457
445,490,428,214,31,0.15,50.6,6.0,234,2026-09-02 08:45:00,PT5M,77.359,100.0,95.5074,59.2106,42.8765
460,506,437,218,31,0.15,49.9,6.0,234,2026-09-02 08:50:00,PT5M,78.645,100.0,96.7455,60.5445,44.2535
476,523,446,221,31,0.15,49.2,6.0,233,2026-09-02 08:55:00,PT5M,79.876,100.0,97.917,61.835,45.5975
491,539,455,224,31,0.15,48.5,6.1,233,2026-09-02 09:00:00,PT5M,81.058,100.0,99.029,63.087,46.9125
506,555,465,226,31,0.15,47.8,6.1,233,2026-09-02 09:05:00,PT5M,82.209,100.0,100.0,64.3148,48.2095
521,571,476,228,32,0.15,47.1,6.1,232,2026-09-02 09:10:00,PT5M,83.458,100.0,100.0,65.6541,49.63
537,588,487,229,32,0.15,46.5,6.2,232,2026-09-02 09:15:00,PT5M,84.658,100.0,100.0,66.9307,50.9755
552,604,497,230,32,0.15,45.8,6.2,232,2026-09-02 09:20:00,PT5M,85.812,100.0,100.0,68.1947,52.3385
567,620,508,231,32,0.15,45.2,6.2,232,2026-09-02 09:25:00,PT5M,86.921,100.0,100.0,69.421,53.6705
581,636,519,232,32,0.15,44.5,6.3,231,2026-09-02 09:30:00,PT5M,87.987,100.0,100.0,70.7349,55.2075
596,652,530,232,32,0.15,43.9,6.3,231,2026-09-02 09:35:00,PT5M,89.081,100.0,100.0,72.081,56.7805
611,668,543,231,33,0.15,43.3,6.3,231,2026-09-02 09:40:00,PT5M,90.221,100.0,100.0,73.4615,58.3775
626,684,555,230,33,0.15,42.7,6.4,231,2026-09-02 09:45:00,PT5M,91.299,100.0,100.0,74.7766,59.906
640,699,567,229,33,0.15,42.1,6.4,230,2026-09-02 09:50:00,PT5M,92.282,100.0,100.0,75.9886,61.324
654,714,578,227,33,0.15,41.5,6.4,230,2026-09-02 09:55:00,PT5M,93.224,100.0,100.0,77.1553,62.693
668,729,590,226,33,0.15,40.9,6.5,230,2026-09-02 10:00:00,PT5M,94.132,100.0,100.0,78.2838,64.02
681,744,601,224,34,0.15,40.3,6.5,230,2026-09-02 10:05:00,PT5M,94.994,100.0,100.0,79.3595,65.288
694,758,611,223,34,0.15,39.7,6.5,229,2026-09-02 10:10:00,PT5M,95.813,100.0,100.0,80.3851,66.4995
707,772,622,221,34,0.15,39.2,6.6,229,2026-09-02 10:15:00,PT5M,96.6,100.0,100.0,81.3737,67.6695
720,785,632,219,34,0.15,38.6,6.6,229,2026-09-02 10:20:00,PT5M,97.356,100.0,100.0,82.3262,68.799
732,798,643,216,34,0.15,38.1,6.7,229,2026-09-02 10:25:00,PT5M,98.082,100.0,100.0,83.2438,69.889
744,811,654,214,34,0.15,37.6,6.7,228,2026-09-02 10:30:00,PT5M,98.784,100.0,100.0,84.1332,70.947
755,823,663,212,35,0.15,37.0,6.7,228,2026-09-02 10:35:00,PT5M,99.398,100.0,100.0,84.9417,71.9305
765,834,671,210,35,0.15,36.5,6.8,228,2026-09-02 10:40:00,PT5M,99.922,100.0,100.0,85.6672,72.8375
775,845,679,208,35,0.15,36.0,6.8,228,2026-09-02 10:45:00,PT5M,100.0,100.0,100.0,85.9429,73.291
785,855,687,206,35,0.15,35.5,6.8,227,2026-09-02 10:50:00,PT5M,100.0,100.0,100.0,86.1355,73.657
794,865,695,204,35,0.15,35.0,6.9,227,2026-09-02 10:55:00,PT5M,100.0,100.0,100.0,86.3215,74.0105
803,874,702,201,35,0.15,34.5,6.9,227,2026-09-02 11:00:00,PT5M,100.0,100.0,100.0,86.4986,74.347
811,883,710,199,36,0.15,34.0,6.9,227,2026-09-02 11:05:00,PT5M,100.0,100.0,100.0,86.6539,74.642
819,892,718,196,36,0.15,33.6,7.0,227,2026-09-02 11:10:00,PT5M,100.0,100.0,100.0,86.8136,74.9455
827,900,725,193,36,0.15,33.1,7.0,226,2026-09-02 11:15:00,PT5M,100.0,100.0,100.0,86.9807,75.263
834,907,732,190,36,0.15,32.6,7.0,226,2026-09-02 11:20:00,PT5M,100.0,100.0,100.0,87.1397,75.565
840,915,740,187,36,0.15,32.2,7.1,226,2026-09-02 11:25:00,PT5M,100.0,100.0,100.0,87.2813,75.834
846,921,747,184,37,0.15,31.7,7.1,226,2026-09-02 11:30:00,PT5M,100.0,100.0,100.0,87.4142,76.0865
850,925,749,184,37,0.15,31.5,7.2,226,2026-09-02 11:35:00,PT5M,100.0,100.0,100.0,87.4552,76.1645
851,926,745,186,37,0.15,31.5,7.2,226,2026-09-02 11:40:00,PT5M,100.0,100.0,100.0,87.4052,76.0695
852,927,741,189,37,0.15,31.6,7.3,226,2026-09-02 11:45:00,PT5M,100.0,100.0,100.0,87.3478,75.9605
852,926,737,192,37,0.15,31.6,7.3,225,2026-09-02 11:50:00,PT5M,100.0,100.0,100.0,87.2802,75.832
851,925,732,195,37,0.15,31.6,7.4,225,2026-09-02 11:55:00,PT5M,100.0,100.0,100.0,87.2021,75.6835
850,924,726,198,37,0.15,31.6,7.4,225,2026-09-02 12:00:00,PT5M,100.0,100.0,100.0,87.1163,75.5205
848,922,721,201,37,0.15,31.6,7.5,225,2026-09-02 12:05:00,PT5M,100.0,100.0,100.0,87.0226,75.3425
846,919,716,204,37,0.15,31.7,7.5,225,2026-09-02 12:10:00,PT5M,100.0,100.0,100.0,86.921,75.1495
844,917,710,207,37,0.15,31.7,7.6,225,2026-09-02 12:15:00,PT5M,100.0,100.0,100.0,86.8118,74.942
840,913,705,210,37,0.15,31.7,7.6,225,2026-09-02 12:20:00,PT5M,100.0,100.0,100.0,86.6955,74.721
837,909,699,212,37,0.15,31.7,7.7,225,2026-09-02 12:25:00,PT5M,100.0,100.0,100.0,86.5721,74.4865
833,904,693,215,37,0.15,31.7,7.8,225,2026-09-02 12:30:00,PT5M,100.0,100.0,100.0,86.4373,74.2305
827,898,685,219,37,0.15,31.8,7.8,225,2026-09-02 12:35:00,PT5M,100.0,100.0,100.0,86.2955,73.961
821,891,676,223,36,0.15,31.8,7.9,225,2026-09-02 12:40:00,PT5M,100.0,100.0,100.0,86.1481,73.681
814,884,667,227,36,0.15,31.8,7.9,225,2026-09-02 12:45:00,PT5M,100.0,100.0,100.0,85.995,73.39
807,876,657,231,36,0.15,31.8,8.0,225,2026-09-02 12:50:00,PT5M,99.667,100.0,100.0,85.502,72.753
800,868,648,234,36,0.15,31.8,8.0,225,2026-09-02 12:55:00,PT5M,99.154,100.0,100.0,84.82,71.919
792,859,639,238,36,0.15,31.9,8.1,225,2026-09-02 13:00:00,PT5M,98.617,100.0,100.0,84.1004,71.035
783,850,629,241,36,0.15,31.9,8.1,225,2026-09-02 13:05:00,PT5M,98.052,100.0,100.0,83.3538,70.125
774,840,619,245,36,0.15,31.9,8.2,225,2026-09-02 13:10:00,PT5M,97.462,100.0,100.0,82.5933,69.211
765,830,609,248,36,0.15,31.9,8.2,225,2026-09-02 13:15:00,PT5M,96.844,100.0,100.0,81.7924,68.2455
756,820,599,251,36,0.15,31.9,8.3,225,2026-09-02 13:20:00,PT5M,96.194,100.0,100.0,80.9464,67.223
746,809,589,254,36,0.15,32.0,8.3,225,2026-09-02 13:25:00,PT5M,95.513,100.0,100.0,80.063,66.1575
735,798,578,257,36,0.15,32.0,8.4,225,2026-09-02 13:30:00,PT5M,94.803,100.0,100.0,79.1467,65.0555
725,787,569,259,36,0.15,32.0,8.4,225,2026-09-02 13:35:00,PT5M,94.126,100.0,100.0,78.2602,63.9805
715,776,561,260,36,0.15,32.0,8.5,225,2026-09-02 13:40:00,PT5M,93.481,100.0,100.0,77.4036,62.9335
705,765,553,261,36,0.15,32.0,8.5,225,2026-09-02 13:45:00,PT5M,92.809,100.0,100.0,76.5177,61.855
694,753,545,262,36,0.15,32.1,8.6,225,2026-09-02 13:50:00,PT5M,92.112,100.0,100.0,75.6046,60.7475
683,741,537,262,36,0.15,32.1,8.7,225,2026-09-02 13:55:00,PT5M,91.388,100.0,100.0,74.6622,59.6085
671,729,529,262,36,0.15,32.1,8.7,225,2026-09-02 14:00:00,PT5M,90.66,100.0,100.0,73.7129,58.46
660,717,522,262,36,0.15,32.1,8.8,225,2026-09-02 14:05:00,PT5M,89.892,100.0,100.0,72.7231,57.2705
648,704,514,261,36,0.15,32.1,8.8,225,2026-09-02 14:10:00,PT5M,89.117,100.0,100.0,71.7252,56.072
636,691,507,260,36,0.15,32.1,8.9,225,2026-09-02 14:15:00,PT5M,88.311,100.0,100.0,70.6921,54.8345
623,678,500,259,36,0.15,32.2,8.9,225,2026-09-02 14:20:00,PT5M,87.476,100.0,100.0,69.6279,53.564
611,664,492,258,36,0.15,32.2,9.0,225,2026-09-02 14:25:00,PT5M,86.613,100.0,100.0,68.5341,52.2625
598,650,485,256,36,0.15,32.2,9.0,225,2026-09-02 14:30:00,PT5M,85.692,100.0,100.0,67.3791,50.897
584,636,475,255,36,0.15,32.4,9.0,225,2026-09-02 14:35:00,PT5M,84.657,100.0,100.0,66.1281,49.4515
570,620,464,254,36,0.15,32.7,9.0,225,2026-09-02 14:40:00,PT5M,83.537,100.0,100.0,64.8726,48.074
555,605,454,253,36,0.15,33.0,8.9,225,2026-09-02 14:45:00,PT5M,82.38,100.0,100.0,63.5869,46.6725
540,589,443,252,36,0.15,33.3,8.9,224,2026-09-02 14:50:00,PT5M,81.184,100.0,100.0,62.269,45.245
526,573,433,250,36,0.15,33.6,8.8,224,2026-09-02 14:55:00,PT5M,79.949,100.0,98.9771,60.9209,43.795
511,557,422,248,35,0.15,33.9,8.7,224,2026-09-02 15:00:00,PT5M,78.672,100.0,97.8051,59.5389,42.3185
495,540,410,246,35,0.15,34.2,8.7,224,2026-09-02 15:05:00,PT5M,77.302,100.0,96.4948,58.1092,40.835
480,524,398,244,35,0.15,34.6,8.6,224,2026-09-02 15:10:00,PT5M,75.875,100.0,95.1263,56.6237,39.297
465,507,387,242,35,0.15,34.9,8.6,224,2026-09-02 15:15:00,PT5M,74.47,100.0,93.7628,55.1772,37.813
449,491,376,239,35,0.15,35.2,8.5,223,2026-09-02 15:20:00,PT5M,73.01,100.0,92.3307,53.6893,36.3
434,474,364,236,35,0.15,35.6,8.5,223,2026-09-02 15:25:00,PT5M,71.504,100.0,90.8374,52.1706,34.77
419,457,352,233,35,0.15,35.9,8.4,223,2026-09-02 15:30:00,PT5M,69.923,100.0,89.2535,50.5925,33.1945
403,440,340,229,34,0.15,36.2,8.4,223,2026-09-02 15:35:00,PT5M,68.196,100.0,87.4994,48.8926,31.519
387,423,326,226,34,0.15,36.6,8.3,223,2026-09-02 15:40:00,PT5M,66.319,100.0,85.5674,47.0706,29.7465
371,405,312,222,34,0.15,36.9,8.3,223,2026-09-02 15:45:00,PT5M,64.362,100.0,83.5301,45.1939,27.942
355,388,299,218,34,0.15,37.3,8.2,222,2026-09-02 15:50:00,PT5M,62.31,98.51,81.3623,43.2577,26.11
338,370,284,214,34,0.15,37.6,8.2,222,2026-09-02 15:55:00,PT5M,60.136,96.0175,79.0207,41.2513,24.2545
322,352,270,209,34,0.15,38.0,8.1,222,2026-09-02 16:00:00,PT5M,57.85,93.3245,76.5205,39.1795,22.3755
306,335,256,204,34,0.15,38.4,8.0,222,2026-09-02 16:05:00,PT5M,55.544,90.565,73.9758,37.1122,20.523
291,318,243,198,33,0.15,38.7,8.0,222,2026-09-02 16:10:00,PT5M,53.234,87.768,71.4095,35.0585,18.7
275,301,230,191,33,0.15,39.1,7.9,222,2026-09-02 16:15:00,PT5M,50.847,84.8325,68.7338,32.9602,16.8615
260,284,217,185,33,0.15,39.5,7.9,221,2026-09-02 16:20:00,PT5M,48.452,81.8335,66.0209,30.8831,15.0705
244,267,204,178,33,0.15,39.9,7.8,221,2026-09-02 16:25:00,PT5M,45.937,78.6625,63.1607,28.7133,13.2115
229,251,190,171,33,0.15,40.2,7.8,221,2026-09-02 16:30:00,PT5M,42.839,73.9275,59.2011,26.4769,11.7505
214,234,177,164,33,0.15,40.6,7.7,221,2026-09-02 16:35:00,PT5M,39.535,68.545,54.8032,24.2668,10.525
200,219,165,156,33,0.15,41.0,7.7,221,2026-09-02 16:40:00,PT5M,36.332,63.2715,50.5105,22.1535,9.3925
185,203,152,148,32,0.15,41.4,7.6,220,2026-09-02 16:45:00,PT5M,33.173,58.116,46.3007,20.0453,8.23
171,187,139,140,32,0.15,41.8,7.6,220,2026-09-02 16:50:00,PT5M,30.067,53.0165,42.1455,17.9885,7.1175
157,172,125,132,32,0.15,42.2,7.5,220,2026-09-02 16:55:00,PT5M,27.008,47.966,38.0383,15.9777,6.05
143,156,110,124,32,0.15,42.6,7.5,220,2026-09-02 17:00:00,PT5M,24.019,43.0,34.0088,14.0292,5.038
130,141,95,115,32,0.15,43.0,7.4,219,2026-09-02 17:05:00,PT5M,21.129,38.1595,30.0923,12.1657,4.0985
117,127,79,106,32,0.15,43.4,7.4,219,2026-09-02 17:10:00,PT5M,18.411,33.542,26.3746,10.4474,3.28
104,112,59,98,32,0.15,43.9,7.3,219,2026-09-02 17:15:00,PT5M,15.528,28.8535,22.5413,8.5147,2.2025
91,97,38,89,32,0.15,44.3,7.3,219,2026-09-02 17:20:00,PT5M,12.861,24.462,18.9667,6.7553,1.26
79,83,17,80,31,0.15,44.7,7.2,219,2026-09-02 17:25:00,PT5M,10.312,20.2215,15.5274,5.0966,0.4025
68,70,0,70,31,0.15,45.1,7.1,218,2026-09-02 17:30:00,PT5M,8.173,16.4095,12.5079,3.8381,0.0
56,58,0,58,31,0.15,45.6,7.1,218,2026-09-02 17:35:00,PT5M,6.705,13.2995,10.1757,3.2343,0.1105
45,46,0,46,31,0.15,46.1,7.1,218,2026-09-02 17:40:00,PT5M,5.225,10.2675,7.8789,2.5711,0.1825
35,36,0,36,31,0.15,46.5,7.0,219,2026-09-02 17:45:00,PT5M,3.902,7.5405,5.817,1.987,0.2635
26,27,0,27,31,0.15,47.0,7.0,219,2026-09-02 17:50:00,PT5M,2.785,5.301,4.1092,1.4608,0.269
18,19,0,19,31,0.15,47.5,6.9,219,2026-09-02 17:55:00,PT5M,1.762,3.281,2.5615,0.9625,0.243
11,11,0,11,30,0.15,48.0,6.9,219,2026-09-02 18:00:00,PT5M,0.833,1.5985,1.2359,0.4301,0.0675
5,5,0,5,30,0.15,48.5,6.9,220,2026-09-02 18:05:00,PT5M,0.0,0.159,0.0837,0.0,0.0
0,0,0,0,30,0.15,49.0,6.8,220,2026-09-02 18:10:00,PT5M,0.0,0.0,0.0,0.0,0.0
0,0,0,0,30,0.15,49.5,6.8,220,2026-09-02 18:15:00,PT5M,0.0,0.0,0.0,0.0,0.0
0,0,0,0,30,0.15,50.0,6.7,220,2026-09-02 18:20:00,PT5M,0.0,0.0,0.0,0.0,0.0
0,0,0,0,30,0.15,50.5,6.7,220,2026-09-02 18:25:00,PT5M,0.0,0.0,0.0,0.0,0.0
0,0,0,0,30,0.15,51.0,6.7,221,2026-09-02 18:30:00,PT5M,0.0,0.0,0.0,0.0,0.0
0,0,0,0,30,0.15,51.5,6.6,221,2026-09-02 18:35:00,PT5M,0.0,0.0,0.0,0.0,0.0
0,0,0,0,30,0.15,52.0,6.6,221,2026-09-02 18:40:00,PT5M,0.0,0.0,0.0,0.0,0.0
0,0,0,0,29,0.15,52.6,6.5,221,2026-09-02 18:45:00,PT5M,0.0,0.0,0.0,0.0,0.0
0,0,0,0,29,0.15,53.1,6.5,222,2026-09-02 18:50:00,PT5M,0.0,0.0,0.0,0.0,0.0
0,0,0,0,29,0.15,53.7,6.5,222,2026-09-02 18:55:00,PT5M,0.0,0.0,0.0,0.0,0.0
0,0,0,0,29,0.15,54.2,6.4,222,2026-09-02 19:00:00,PT5M,0.0,0.0,0.0,0.0,0.0
0,0,0,0,29,0.15,54.8,6.4,222,2026-09-02 19:05:00,PT5M,0.0,0.0,0.0,0.0,0.0
0,0,0,0,29,0.15,55.3,6.3,223,2026-09-02 19:10:00,PT5M,0.0,0.0,0.0,0.0,0.0
0,0,0,0,29,0.15,55.9,6.3,223,2026-09-02 19:15:00,PT5M,0.0,0.0,0.0,0.0,0.0
0,0,0,0,29,0.15,56.5,6.3,223,2026-09-02 19:20:00,PT5M,0.0,0.0,0.0,0.0,0.0
0,0,0,0,28,0.15,57.0,6.2,223,2026-09-02 19:25:00,PT5M,0.0,0.0,0.0,0.0,0.0
0,0,0,0,28,0.15,57.6,6.2,224,2026-09-02 19:30:00,PT5M,0.0,0.0,0.0,0.0,0.0
0,0,0,0,28,0.15,58.2,6.2,224,2026-09-02 19:35:00,PT5M,0.0,0.0,0.0,0.0,0.0
0,0,0,0,28,0.15,58.8,6.1,224,2026-09-02 19:40:00,PT5M,0.0,0.0,0.0,0.0,0.0
0,0,0,0,28,0.15,59.4,6.1,224,2026-09-02 19:45:00,PT5M,0.0,0.0,0.0,0.0,0.0
0,0,0,0,28,0.15,60.0,6.0,225,2026-09-02 19:50:00,PT5M,0.0,0.0,0.0,0.0,0.0
0,0,0,0,28,0.15,60.7,6.0,225,2026-09-02 19:55:00,PT5M,0.0,0.0,0.0,0.0,0.0
0,0,0,0,28,0.15,61.3,6.0,225,2026-09-02 20:00:00,PT5M,0.0,0.0,0.0,0.0,0.0
0,0,0,0,28,0.15,61.9,5.9,225,2026-09-02 20:05:00,PT5M,0.0,0.0,0.0,0.0,0.0
0,0,0,0,27,0.15,62.6,5.9,226,2026-09-02 20:10:00,PT5M,0.0,0.0,0.0,0.0,0.0
0,0,0,0,27,0.15,63.2,5.9,226,2026-09-02 20:15:00,PT5M,0.0,0.0,0.0,0.0,0.0
0,0,0,0,27,0.15,63.9,5.8,226,2026-09-02 20:20:00,PT5M,0.0,0.0,0.0,0.0,0.0
0,0,0,0,27,0.15,64.5,5.8,227,2026-09-02 20:25:00,PT5M,0.0,0.0,0.0,0.0,0.0
0,0,0,0,27,0.15,65.2,5.7,227,2026-09-02 20:30:00,PT5M,0.0,0.0,0.0,0.0,0.0
0,0,0,0,27,0.15,65.6,5.7,227,2026-09-02 20:35:00,PT5M,0.0,0.0,0.0,0.0,0.0
0,0,0,0,27,0.15,65.7,5.7,227,2026-09-02 20:40:00,PT5M,0.0,0.0,0.0,0.0,0.0
0,0,0,0,27,0.15,65.8,5.7,227,2026-09-02 20:45:00,PT5M,0.0,0.0,0.0,0.0,0.0
0,0,0,0,27,0.15,65.9,5.7,227,2026-09-02 20:50:00,PT5M,0.0,0.0,0.0,0.0,0.0
0,0,0,0,27,0.15,66.0,5.7,227,2026-09-02 20:55:00,PT5M,0.0,0.0,0.0,0.0,0.0
0,0,0,0,27,0.15,66.1,5.7,227,2026-09-02 21:00:00,PT5M,0.0,0.0,0.0,0.0,0.0
0,0,0,0,27,0.15,66.2,5.7,226,2026-09-02 21:05:00,PT5M,0.0,0.0,0.0,0.0,0.0
0,0,0,0,27,0.15,66.3,5.7,226,2026-09-02 21:10:00,PT5M,0.0,0.0,0.0,0.0,0.0
0,0,0,0,27,0.15,66.4,5.7,226,2026-09-02 21:15:00,PT5M,0.0,0.0,0.0,0.0,0.0
0,0,0,0,27,0.15,66.5,5.7,226,2026-09-02 21:20:00,PT5M,0.0,0.0,0.0,0.0,0.0
0,0,0,0,27,0.15,66.7,5.7,226,2026-09-02 21:25:00,PT5M,0.0,0.0,0.0,0.0,0.0
0,0,0,0,27,0.15,66.8,5.7,226,2026-09-02 21:30:00,PT5M,0.0,0.0,0.0,0.0,0.0
0,0,0,0,27,0.15,66.9,5.7,226,2026-09-02 21:35:00,PT5M,0.0,0.0,0.0,0.0,0.0
0,0,0,0,26,0.15,67.0,5.6,226,2026-09-02 21:40:00,PT5M,0.0,0.0,0.0,0.0,0.0
0,0,0,0,26,0.15,67.1,5.6,226,2026-09-02 21:45:00,PT5M,0.0,0.0,0.0,0.0,0.0
0,0,0,0,26,0.15,67.2,5.6,226,2026-09-02 21:50:00,PT5M,0.0,0.0,0.0,0.0,0.0
0,0,0,0,26,0.15,67.3,5.6,226,2026-09-02 21:55:00,PT5M,0.0,0.0,0.0,0.0,0.0
0,0,0,0,26,0.15,67.4,5.6,225,2026-09-02 22:00:00,PT5M,0.0,0.0,0.0,0.0,0.0
0,0,0,0,26,0.15,67.5,5.6,225,2026-09-02 22:05:00,PT5M,0.0,0.0,0.0,0.0,0.0
0,0,0,0,26,0.15,67.6,5.6,225,2026-09-02 22:10:00,PT5M,0.0,0.0,0.0,0.0,0.0
0,0,0,0,26,0.15,67.8,5.6,225,2026-09-02 22:15:00,PT5M,0.0,0.0,0.0,0.0,0.0
0,0,0,0,26,0.15,67.9,5.6,225,2026-09-02 22:20:00,PT5M,0.0,0.0,0.0,0.0,0.0
0,0,0,0,26,0.15,68.0,5.6,225,2026-09-02 22:25:00,PT5M,0.0,0.0,0.0,0.0,0.0
0,0,0,0,26,0.15,68.1,5.6,225,2026-09-02 22:30:00,PT5M,0.0,0.0,0.0,0.0,0.0
0,0,0,0,26,0.15,68.2,5.6,225,2026-09-02 22:35:00,PT5M,0.0,0.0,0.0,0.0,0.0
0,0,0,0,26,0.15,68.3,5.6,225,2026-09-02 22:40:00,PT5M,0.0,0.0,0.0,0.0,0.0
0,0,0,0,26,0.15,68.4,5.6,225,2026-09-02 22:45:00,PT5M,0.0,0.0,0.0,0.0,0.0
0,0,0,0,26,0.15,68.5,5.6,224,2026-09-02 22:50:00,PT5M,0.0,0.0,0.0,0.0,0.0
0,0,0,0,26,0.15,68.7,5.6,224,2026-09-02 22:55:00,PT5M,0.0,0.0,0.0,0.0,0.0
0,0,0,0,26,0.15,68.8,5.6,224,2026-09-02 23:00:00,PT5M,0.0,0.0,0.0,0.0,0.0
0,0,0,0,26,0.15,68.9,5.5,224,2026-09-02 23:05:00,PT5M,0.0,0.0,0.0,0.0,0.0
0,0,0,0,26,0.15,69.0,5.5,224,2026-09-02 23:10:00,PT5M,0.0,0.0,0.0,0.0,0.0
0,0,0,0,26,0.15,69.1,5.5,224,2026-09-02 23:15:00,PT5M,0.0,0.0,0.0,0.0,0.0
0,0,0,0,26,0.15,69.2,5.5,224,2026-09-02 23:20:00,PT5M,0.0,0.0,0.0,0.0,0.0
0,0,0,0,26,0.15,69.3,5.5,224,2026-09-02 23:25:00,PT5M,0.0,0.0,0.0,0.0,0.0
0,0,0,0,26,0.15,69.5,5.5,224,2026-09-02 23:30:00,PT5M,0.0,0.0,0.0,0.0,0.0
0,0,0,0,26,0.15,69.5,5.5,224,2026-09-02 23:35:00,PT5M,0.0,0.0,0.0,0.0,0.0
0,0,0,0,26,0.15,69.6,5.5,224,2026-09-02 23:40:00,PT5M,0.0,0.0,0.0,0.0,0.0
0,0,0,0,26,0.15,69.7,5.5,224,2026-09-02 23:45:00,PT5M,0.0,0.0,0.0,0.0,0.0
0,0,0,0,26,0.15,69.8,5.5,224,2026-09-02 23:50:00,PT5M,0.0,0.0,0.0,0.0,0.0
0,0,0,0,26,0.15,69.9,5.4,224,2026-09-02 23:55:00,PT5M,0.0,0.0,0.0,0.0,0.0
0,0,0,0,26,0.15,70.0,5.4,224,2026-09-03 00:00:00,PT5M,0.0,0.0,0.0,0.0,0.0
0,0,0,0,26,0.15,70.0,5.4,224,2026-09-03 00:05:00,PT5M,0.0,0.0,0.0,0.0,0.0
0,0,0,0,26,0.15,70.1,5.4,225,2026-09-03 00:10:00,PT5M,0.0,0.0,0.0,0.0,0.0
0,0,0,0,26,0.15,70.2,5.4,225,2026-09-03 00:15:00,PT5M,0.0,0.0,0.0,0.0,0.0
0,0,0,0,26,0.15,70.3,5.3,225,2026-09-03 00:20:00,PT5M,0.0,0.0,0.0,0.0,0.0
0,0,0,0,26,0.15,70.4,5.3,225,2026-09-03 00:25:00,PT5M,0.0,0.0,0.0,0.0,0.0
0,0,0,0,26,0.15,70.4,5.3,225,2026-09-03 00:30:00,PT5M,0.0,0.0,0.0,0.0,0.0
0,0,0,0,26,0.15,70.5,5.3,225,2026-09-03 00:35:00,PT5M,0.0,0.0,0.0,0.0,0.0
0,0,0,0,26,0.15,70.6,5.3,225,2026-09-03 00:40:00,PT5M,0.0,0.0,0.0,0.0,0.0
0,0,0,0,26,0.15,70.7,5.3,226,2026-09-03 00:45:00,PT5M,0.0,0.0,0.0,0.0,0.0
0,0,0,0,26,0.15,70.8,5.2,226,2026-09-03 00:50:00,PT5M,0.0,0.0,0.0,0.0,0.0
0,0,0,0,26,0.15,70.9,5.2,226,2026-09-03 00:55:00,PT5M,0.0,0.0,0.0,0.0,0.0
0,0,0,0,26,0.15,70.9,5.2,226,2026-09-03 01:00:00,PT5M,0.0,0.0,0.0,0.0,0.0
0,0,0,0,26,0.15,71.0,5.2,226,2026-09-03 01:05:00,PT5M,0.0,0.0,0.0,0.0,0.0
0,0,0,0,26,0.15,71.1,5.2,226,2026-09-03 01:10:00,PT5M,0.0,0.0,0.0,0.0,0.0
0,0,0,0,26,0.15,71.2,5.2,227,2026-09-03 01:15:00,PT5M,0.0,0.0,0.0,0.0,0.0
0,0,0,0,25,0.15,71.3,5.1,227,2026-09-03 01:20:00,PT5M,0.0,0.0,0.0,0.0,0.0
0,0,0,0,25,0.15,71.3,5.1,227,2026-09-03 01:25:00,PT5M,0.0,0.0,0.0,0.0,0.0
0,0,0,0,25,0.15,71.4,5.1,227,2026-09-03 01:30:00,PT5M,0.0,0.0,0.0,0.0,0.0
0,0,0,0,25,0.15,71.5,5.1,227,2026-09-03 01:35:00,PT5M,0.0,0.0,0.0,0.0,0.0
0,0,0,0,25,0.15,71.6,5.1,227,2026-09-03 01:40:00,PT5M,0.0,0.0,0.0,0.0,0.0
0,0,0,0,25,0.15,71.7,5.1,228,2026-09-03 01:45:00,PT5M,0.0,0.0,0.0,0.0,0.0
0,0,0,0,25,0.15,71.8,5.0,228,2026-09-03 01:50:00,PT5M,0.0,0.0,0.0,0.0,0.0
0,0,0,0,25,0.15,71.8,5.0,228,2026-09-03 01:55:00,PT5M,0.0,0.0,0.0,0.0,0.0
0,0,0,0,25,0.15,71.9,5.0,228,2026-09-03 02:00:00,PT5M,0.0,0.0,0.0,0.0,0.0
0,0,0,0,25,0.15,72.0,5.0,228,2026-09-03 02:05:00,PT5M,0.0,0.0,0.0,0.0,0.0
0,0,0,0,25,0.15,72.1,5.0,228,2026-09-03 02:10:00,PT5M,0.0,0.0,0.0,0.0,0.0
0,0,0,0,25,0.15,72.2,5.0,229,2026-09-03 02:15:00,PT5M,0.0,0.0,0.0,0.0,0.0
0,0,0,0,25,0.15,72.3,4.9,229,2026-09-03 02:20:00,PT5M,0.0,0.0,0.0,0.0,0.0
0,0,0,0,25,0.15,72.4,4.9,229,2026-09-03 02:25:00,PT5M,0.0,0.0,0.0,0.0,0.0
0,0,0,0,25,0.15,72.4,4.9,229,2026-09-03 02:30:00,PT5M,0.0,0.0,0.0,0.0,0.0
0,0,0,0,25,0.15,72.5,4.9,229,2026-09-03 02:35:00,PT5M,0.0,0.0,0.0,0.0,0.0
0,0,0,0,25,0.15,72.6,4.9,229,2026-09-03 02:40:00,PT5M,0.0,0.0,0.0,0.0,0.0
0,0,0,0,25,0.15,72.7,4.8,229,2026-09-03 02:45:00,PT5M,0.0,0.0,0.0,0.0,0.0
0,0,0,0,25,0.15,72.8,4.8,229,2026-09-03 02:50:00,PT5M,0.0,0.0,0.0,0.0,0.0
0,0,0,0,25,0.15,72.9,4.8,229,2026-09-03 02:55:00,PT5M,0.0,0.0,0.0,0.0,0.0
0,0,0,0,25,0.15,72.9,4.8,229,2026-09-03 03:00:00,PT5M,0.0,0.0,0.0,0.0,0.0
0,0,0,0,25,0.15,73.0,4.8,229,2026-09-03 03:05:00,PT5M,0.0,0.0,0.0,0.0,0.0
0,0,0,0,25,0.15,73.1,4.7,229,2026-09-03 03:10:00,PT5M,0.0,0.0,0.0,0.0,0.0
0,0,0,0,25,0.15,73.2,4.7,229,2026-09-03 03:15:00,PT5M,0.0,0.0,0.0,0.0,0.0
0,0,0,0,25,0.15,73.3,4.7,229,2026-09-03 03:20:00,PT5M,0.0,0.0,0.0,0.0,0.0
0,0,0,0,25,0.15,73.4,4.7,229,2026-09-03 03:25:00,PT5M,0.0,0.0,0.0,0.0,0.0
0,0,0,0,25,0.15,73.5,4.7,229,2026-09-03 03:30:00,PT5M,0.0,0.0,0.0,0.0,0.0
0,0,0,0,25,0.15,73.5,4.6,229,2026-09-03 03:35:00,PT5M,0.0,0.0,0.0,0.0,0.0
0,0,0,0,25,0.15,73.6,4.6,229,2026-09-03 03:40:00,PT5M,0.0,0.0,0.0,0.0,0.0
0,0,0,0,25,0.15,73.7,4.6,229,2026-09-03 03:45:00,PT5M,0.0,0.0,0.0,0.0,0.0
0,0,0,0,25,0.15,73.8,4.6,229,2026-09-03 03:50:00,PT5M,0.0,0.0,0.0,0.0,0.0
0,0,0,0,25,0.15,73.9,4.6,229,2026-09-03 03:55:00,PT5M,0.0,0.0,0.0,0.0,0.0
0,0,0,0,25,0.15,74.0,4.5,229,2026-09-03 04:00:00,PT5M,0.0,0.0,0.0,0.0,0.0
0,0,0,0,25,0.15,74.1,4.5,229,2026-09-03 04:05:00,PT5M,0.0,0.0,0.0,0.0,0.0
0,0,0,0,25,0.15,74.1,4.5,229,2026-09-03 04:10:00,PT5M,0.0,0.0,0.0,0.0,0.0
0,0,0,0,25,0.15,74.2,4.5,228,2026-09-03 04:15:00,PT5M,0.0,0.0,0.0,0.0,0.0
0,0,0,0,25,0.15,74.3,4.5,228,2026-09-03 04:20:00,PT5M,0.0,0.0,0.0,0.0,0.0
0,0,0,0,25,0.15,74.4,4.4,228,2026-09-03 04:25:00,PT5M,0.0,0.0,0.0,0.0,0.0
0,0,0,0,25,0.15,74.5,4.4,228,2026-09-03 04:30:00,PT5M,0.0,0.0,0.0,0.0,0.0
0,0,0,0,25,0.15,74.6,4.4,228,2026-09-03 04:35:00,PT5M,0.0,0.0,0.0,0.0,0.0
0,0,0,0,25,0.15,74.7,4.4,228,2026-09-03 04:40:00,PT5M,0.0,0.0,0.0,0.0,0.0
0,0,0,0,25,0.15,74.8,4.4,228,2026-09-03 04:45:00,PT5M,0.0,0.0,0.0,0.0,0.0
0,0,0,0,25,0.15,74.8,4.3,228,2026-09-03 04:50:00,PT5M,0.0,0.0,0.0,0.0,0.0
0,0,0,0,25,0.15,74.9,4.3,228,2026-09-03 04:55:00,PT5M,0.0,0.0,0.0,0.0,0.0
0,0,0,0,25,0.15,75.0,4.3,228,2026-09-03 05:00:00,PT5M,0.0,0.0,0.0,0.0,0.0
0,0,0,0,25,0.15,75.1,4.3,228,2026-09-03 05:05:00,PT5M,0.0,0.0,0.0,0.0,0.0
0,0,0,0,25,0.15,75.2,4.3,228,2026-09-03 05:10:00,PT5M,0.0,0.0,0.0,0.0,0.0
0,0,0,0,25,0.15,75.3,4.2,228,2026-09-03 05:15:00,PT5M,0.0,0.0,0.0,0.0,0.0
0,0,0,0,25,0.15,75.4,4.2,228,2026-09-03 05:20:00,PT5M,0.0,0.0,0.0,0.0,0.0
0,0,0,0,25,0.15,75.5,4.2,228,2026-09-03 05:25:00,PT5M,0.0,0.0,0.0,0.0,0.0
0,0,0,0,25,0.15,75.5,4.2,228,2026-09-03 05:30:00,PT5M,0.0,0.0,0.0,0.0,0.0
0,0,0,0,25,0.15,75.2,4.2,228,2026-09-03 05:35:00,PT5M,0.0,0.0,0.0,0.0,0.0
0,0,0,0,25,0.15,74.4,4.2,228,2026-09-03 05:40:00,PT5M,0.0,0.0,0.0,0.0,0.0
0,0,0,0,25,0.15,73.7,4.2,229,2026-09-03 05:45:00,PT5M,0.0,0.0,0.0,0.0,0.0
0,0,0,0,25,0.15,72.9,4.3,229,2026-09-03 05:50:00,PT5M,0.0,0.0,0.0,0.0,0.0
0,0,0,0,25,0.15,72.2,4.3,229,2026-09-03 05:55:00,PT5M,0.0,0.0,0.0,0.0,0.0
0,0,0,0,25,0.15,71.4,4.3,229,2026-09-03 06:00:00,PT5M,0.0,0.0,0.0,0.0,0.0
3,3,0,3,26,0.15,70.7,4.4,229,2026-09-03 06:05:00,PT5M,0.0,0.0,0.0,0.0,0.0
10,11,0,11,26,0.15,70.0,4.4,230,2026-09-03 06:10:00,PT5M,0.774,1.2145,1.0058,0.5422,0.3335
19,20,0,20,26,0.15,69.2,4.4,230,2026-09-03 06:15:00,PT5M,1.985,2.887,2.4597,1.5103,1.083
27,30,21,28,26,0.15,68.5,4.5,230,2026-09-03 06:20:00,PT5M,3.456,5.0735,4.3073,2.6047,1.8385
36,41,55,36,26,0.15,67.8,4.5,230,2026-09-03 06:25:00,PT5M,5.453,8.0995,6.8459,4.0601,2.8065
46,54,86,44,26,0.15,67.2,4.5,231,2026-09-03 06:30:00,PT5M,7.827,11.6565,9.8425,5.8115,3.9975
57,68,117,51,27,0.15,66.5,4.5,231,2026-09-03 06:35:00,PT5M,10.793,15.9705,13.518,8.068,5.6155
70,83,151,58,27,0.15,65.8,4.6,231,2026-09-03 06:40:00,PT5M,14.083,20.725,17.5787,10.5873,7.441
83,99,185,65,27,0.15,65.1,4.6,231,2026-09-03 06:45:00,PT5M,17.602,25.755,21.893,13.311,9.449
97,116,217,72,27,0.15,64.5,4.6,231,2026-09-03 06:50:00,PT5M,21.364,31.0215,26.4468,16.2812,11.7065
112,133,249,77,27,0.15,63.8,4.7,232,2026-09-03 06:55:00,PT5M,25.32,36.4985,31.2033,19.4367,14.1415
128,151,279,83,27,0.15,63.2,4.7,232,2026-09-03 07:00:00,PT5M,29.486,42.2575,36.2077,22.7643,16.7145
144,170,307,88,27,0.15,62.5,4.7,232,2026-09-03 07:05:00,PT5M,33.799,48.2975,41.4297,26.1683,19.3005
160,188,329,94,28,0.15,61.9,4.7,232,2026-09-03 07:10:00,PT5M,38.038,54.393,46.6458,29.4302,21.683
177,207,349,99,28,0.15,61.3,4.8,232,2026-09-03 07:15:00,PT5M,42.367,60.6275,51.9776,32.7564,24.1065
193,225,368,105,28,0.15,60.6,4.8,233,2026-09-03 07:20:00,PT5M,46.749,66.9475,57.3796,36.1184,26.5505
210,244,385,110,28,0.15,60.0,4.8,233,2026-09-03 07:25:00,PT5M,51.138,73.3005,62.8023,39.4737,28.9755
227,263,402,115,28,0.15,59.4,4.9,233,2026-09-03 07:30:00,PT5M,55.531,79.672,68.2366,42.8254,31.39
245,281,417,119,28,0.15,58.8,4.9,233,2026-09-03 07:35:00,PT5M,59.928,86.113,73.7094,46.1466,33.743
262,300,432,124,28,0.15,58.2,4.9,233,2026-09-03 07:40:00,PT5M,64.34,92.56,79.1924,49.4876,36.12
279,319,445,128,29,0.15,57.7,5.0,234,2026-09-03 07:45:00,PT5M,68.856,99.233,84.8436,52.8684,38.479
297,338,459,133,29,0.15,57.1,5.0,234,2026-09-03 07:50:00,PT5M,71.268,100.0,87.6669,54.8691,40.1095
314,356,471,137,29,0.15,56.5,5.0,234,2026-09-03 07:55:00,PT5M,73.393,100.0,90.1117,56.6743,41.627
332,375,483,140,29,0.15,55.9,5.0,234,2026-09-03 08:00:00,PT5M,75.412,100.0,92.4251,58.3989,43.0865
349,394,495,144,29,0.15,55.4,5.1,234,2026-09-03 08:05:00,PT5M,77.346,100.0,94.6323,60.0597,44.5015
366,412,507,147,29,0.15,54.8,5.1,234,2026-09-03 08:10:00,PT5M,79.179,100.0,96.7121,61.6459,45.8655
384,431,518,151,30,0.15,54.3,5.1,235,2026-09-03 08:15:00,PT5M,80.868,100.0,98.6098,63.1262,47.158
401,449,528,154,30,0.15,53.7,5.2,235,2026-09-03 08:20:00,PT5M,82.404,100.0,100.0,64.4951,48.3765
418,467,538,157,30,0.15,53.2,5.2,235,2026-09-03 08:25:00,PT5M,83.836,100.0,100.0,65.8076,49.5815
434,485,547,160,30,0.15,52.7,5.2,235,2026-09-03 08:30:00,PT5M,85.034,100.0,100.0,66.9322,50.64
450,501,554,163,30,0.15,52.0,5.2,235,2026-09-03 08:35:00,PT5M,85.985,100.0,100.0,67.8253,51.481
466,517,557,167,30,0.15,51.3,5.3,235,2026-09-03 08:40:00,PT5M,86.704,100.0,100.0,68.4967,52.1095
481,533,560,172,30,0.15,50.6,5.3,234,2026-09-03 08:45:00,PT5M,87.363,100.0,100.0,69.1209,52.7025
495,548,563,176,31,0.15,49.9,5.3,234,2026-09-03 08:50:00,PT5M,87.967,100.0,100.0,69.6978,53.255
509,563,566,180,31,0.15,49.2,5.3,234,2026-09-03 08:55:00,PT5M,88.525,100.0,100.0,70.2361,53.7755
523,577,568,184,31,0.15,48.6,5.3,234,2026-09-03 09:00:00,PT5M,89.044,100.0,100.0,70.743,54.2715
537,592,569,188,31,0.15,47.9,5.3,233,2026-09-03 09:05:00,PT5M,89.533,100.0,100.0,71.2262,54.7495
551,606,573,192,31,0.15,47.2,5.3,233,2026-09-03 09:10:00,PT5M,90.112,100.0,100.0,71.787,55.294
564,620,576,195,32,0.15,46.6,5.4,233,2026-09-03 09:15:00,PT5M,90.654,100.0,100.0,72.3422,55.861
578,634,579,199,32,0.15,46.0,5.4,233,2026-09-03 09:20:00,PT5M,91.162,100.0,100.0,72.8673,56.4015
590,647,581,202,32,0.15,45.3,5.4,232,2026-09-03 09:25:00,PT5M,91.638,100.0,100.0,73.4633,57.1055
603,660,583,205,32,0.15,44.7,5.4,232,2026-09-03 09:30:00,PT5M,92.084,100.0,100.0,74.0677,57.8525
615,673,586,208,32,0.15,44.1,5.4,232,2026-09-03 09:35:00,PT5M,92.571,100.0,100.0,74.7166,58.647
628,686,590,210,32,0.15,43.5,5.4,232,2026-09-03 09:40:00,PT5M,93.097,100.0,100.0,75.4081,59.4875
640,699,594,212,33,0.15,42.9,5.5,231,2026-09-03 09:45:00,PT5M,93.595,100.0,100.0,76.0663,60.29
651,711,597,215,33,0.15,42.3,5.5,231,2026-09-03 09:50:00,PT5M,94.005,100.0,100.0,76.6271,60.9865
662,722,599,217,33,0.15,41.8,5.5,231,2026-09-03 09:55:00,PT5M,94.389,100.0,100.0,77.1564,61.6465
673,733,601,220,33,0.15,41.2,5.5,231,2026-09-03 10:00:00,PT5M,94.75,100.0,100.0,77.6569,62.2725
683,744,603,222,33,0.15,40.6,5.5,230,2026-09-03 10:05:00,PT5M,95.087,100.0,100.0,78.1262,62.861
693,754,605,224,33,0.15,40.1,5.5,230,2026-09-03 10:10:00,PT5M,95.4,100.0,100.0,78.5645,63.412
703,764,607,226,34,0.15,39.5,5.5,230,2026-09-03 10:15:00,PT5M,95.688,100.0,100.0,78.9717,63.9265
712,773,608,229,34,0.15,39.0,5.6,230,2026-09-03 10:20:00,PT5M,95.954,100.0,100.0,79.3509,64.4075
720,782,609,231,34,0.15,38.5,5.6,229,2026-09-03 10:25:00,PT5M,96.196,100.0,100.0,79.7002,64.8535
729,791,611,233,34,0.15,38.0,5.6,229,2026-09-03 10:30:00,PT5M,96.422,100.0,100.0,80.0286,65.274
737,800,613,234,34,0.15,37.4,5.6,229,2026-09-03 10:35:00,PT5M,96.689,100.0,100.0,80.3822,65.7055
745,808,616,234,35,0.15,36.9,5.6,229,2026-09-03 10:40:00,PT5M,96.994,100.0,100.0,80.7577,66.1445
753,817,620,235,35,0.15,36.4,5.6,229,2026-09-03 10:45:00,PT5M,97.276,100.0,100.0,81.1047,66.55
761,825,623,235,35,0.15,35.9,5.7,228,2026-09-03 10:50:00,PT5M,97.533,100.0,100.0,81.4206,66.919
768,832,626,236,35,0.15,35.5,5.7,228,2026-09-03 10:55:00,PT5M,97.766,100.0,100.0,81.7047,67.249
774,839,629,236,35,0.15,35.0,5.7,228,2026-09-03 11:00:00,PT5M,97.973,100.0,100.0,81.9538,67.536
780,845,631,237,35,0.15,34.5,5.7,228,2026-09-03 11:05:00,PT5M,98.134,100.0,100.0,82.1329,67.7315
786,851,632,238,36,0.15,34.0,5.7,227,2026-09-03 11:10:00,PT5M,98.264,100.0,100.0,82.284,67.9015
791,856,634,238,36,0.15,33.6,5.7,227,2026-09-03 11:15:00,PT5M,98.38,100.0,100.0,82.4266,68.068
796,861,635,239,36,0.15,33.1,5.8,227,2026-09-03 11:20:00,PT5M,98.477,100.0,100.0,82.5423,68.2005
800,866,636,240,36,0.15,32.7,5.8,227,2026-09-03 11:25:00,PT5M,98.551,100.0,100.0,82.6205,68.2825
804,870,637,240,36,0.15,32.3,5.8,227,2026-09-03 11:30:00,PT5M,98.607,100.0,100.0,82.6738,68.3335
805,871,633,244,36,0.15,32.1,5.8,226,2026-09-03 11:35:00,PT5M,98.441,100.0,100.0,82.5018,68.156
804,869,624,249,36,0.15,32.1,5.9,226,2026-09-03 11:40:00,PT5M,98.055,100.0,100.0,82.1076,67.7545
802,867,616,254,36,0.15,32.1,5.9,227,2026-09-03 11:45:00,PT5M,97.652,100.0,100.0,81.6902,67.324
800,864,606,260,36,0.15,32.2,6.0,227,2026-09-03 11:50:00,PT5M,97.207,100.0,100.0,81.2223,66.8355
797,861,596,265,36,0.15,32.2,6.0,227,2026-09-03 11:55:00,PT5M,96.729,100.0,100.0,80.7135,66.299
794,857,587,271,36,0.15,32.3,6.1,227,2026-09-03 12:00:00,PT5M,96.234,100.0,100.0,80.1816,65.734
790,853,577,276,36,0.15,32.3,6.2,227,2026-09-03 12:05:00,PT5M,95.714,100.0,100.0,79.6177,65.1305
786,848,566,282,36,0.15,32.3,6.2,227,2026-09-03 12:10:00,PT5M,95.254,100.0,100.0,79.1069,64.574
781,842,556,287,36,0.15,32.4,6.3,227,2026-09-03 12:15:00,PT5M,94.796,100.0,100.0,78.5923,64.0085
776,836,545,292,36,0.15,32.4,6.3,227,2026-09-03 12:20:00,PT5M,94.316,100.0,100.0,78.05,63.41
771,830,535,297,36,0.15,32.5,6.4,227,2026-09-03 12:25:00,PT5M,93.815,100.0,100.0,77.4808,62.7795
764,823,524,302,36,0.15,32.5,6.4,227,2026-09-03 12:30:00,PT5M,93.332,100.0,100.0,76.921,62.1505
758,816,514,306,36,0.15,32.5,6.5,227,2026-09-03 12:35:00,PT5M,92.807,100.0,100.0,76.3131,61.468
752,809,505,310,36,0.15,32.6,6.5,227,2026-09-03 12:40:00,PT5M,92.314,100.0,100.0,75.7327,60.809
746,802,496,313,36,0.15,32.6,6.6,227,2026-09-03 12:45:00,PT5M,91.797,100.0,100.0,75.1233,60.1165
739,794,487,316,36,0.15,32.7,6.7,227,2026-09-03 12:50:00,PT5M,91.252,100.0,100.0,74.4802,59.385
731,786,478,319,36,0.15,32.7,6.7,227,2026-09-03 12:55:00,PT5M,90.677,100.0,100.0,73.7983,58.607
724,778,469,321,36,0.15,32.7,6.8,227,2026-09-03 13:00:00,PT5M,90.066,100.0,100.0,73.0697,57.7725
716,769,461,323,36,0.15,32.8,6.8,227,2026-09-03 13:05:00,PT5M,89.452,100.0,100.0,72.342,56.9425
708,761,453,325,36,0.15,32.8,6.9,227,2026-09-03 13:10:00,PT5M,88.846,100.0,100.0,71.6339,56.1425
699,751,445,326,36,0.15,32.9,6.9,228,2026-09-03 13:15:00,PT5M,88.201,100.0,100.0,70.8739,55.279
691,742,437,327,36,0.15,32.9,7.0,228,2026-09-03 13:20:00,PT5M,87.515,100.0,100.0,70.0624,54.3545
682,732,429,327,36,0.15,32.9,7.0,228,2026-09-03 13:25:00,PT5M,86.796,100.0,100.0,69.2121,53.386
672,722,421,328,36,0.15,33.0,7.1,228,2026-09-03 13:30:00,PT5M,86.044,100.0,100.0,68.3248,52.377
662,711,413,328,36,0.15,33.0,7.2,228,2026-09-03 13:35:00,PT5M,85.261,100.0,100.0,67.3934,51.312
652,700,405,328,36,0.15,33.1,7.2,228,2026-09-03 13:40:00,PT5M,84.447,100.0,100.0,66.4186,50.1925
642,689,397,328,36,0.15,33.1,7.3,228,2026-09-03 13:45:00,PT5M,83.601,100.0,100.0,65.4097,49.037
632,678,390,327,36,0.15,33.1,7.3,228,2026-09-03 13:50:00,PT5M,82.728,100.0,100.0,64.3717,47.8505
621,666,382,326,36,0.15,33.2,7.4,228,2026-09-03 13:55:00,PT5M,81.824,100.0,100.0,63.3004,46.6285
610,654,374,325,36,0.15,33.2,7.4,228,2026-09-03 14:00:00,PT5M,80.886,100.0,99.5796,62.1924,45.3675
598,642,365,324,36,0.15,33.3,7.5,228,2026-09-03 14:05:00,PT5M,79.903,100.0,98.7695,61.0365,44.056
587,630,357,323,36,0.15,33.3,7.5,228,2026-09-03 14:10:00,PT5M,78.875,100.0,97.9178,59.8322,42.693
575,617,348,321,36,0.15,33.3,7.6,228,2026-09-03 14:15:00,PT5M,77.767,100.0,96.9904,58.5436,41.242
563,604,340,319,36,0.15,33.4,7.7,228,2026-09-03 14:20:00,PT5M,76.669,100.0,96.0745,57.2635,39.798
550,591,331,317,36,0.15,33.4,7.7,228,2026-09-03 14:25:00,PT5M,75.534,100.0,95.1234,55.9446,38.3135
538,577,322,315,36,0.15,33.5,7.8,228,2026-09-03 14:30:00,PT5M,74.334,100.0,94.1103,54.5577,36.7585
525,563,314,313,35,0.15,33.6,7.8,228,2026-09-03 14:35:00,PT5M,73.148,100.0,92.9914,53.3046,35.445
512,550,306,309,35,0.15,33.9,7.8,228,2026-09-03 14:40:00,PT5M,72.002,100.0,91.8677,52.1363,34.2565
500,536,298,306,35,0.15,34.3,7.7,228,2026-09-03 14:45:00,PT5M,70.816,100.0,90.6983,50.9337,33.039
487,523,290,303,35,0.15,34.6,7.7,228,2026-09-03 14:50:00,PT5M,69.59,100.0,89.4631,49.7169,31.8305
474,509,282,299,35,0.15,34.9,7.7,227,2026-09-03 14:55:00,PT5M,68.323,100.0,88.1974,48.4486,30.561
461,495,274,295,35,0.15,35.2,7.7,227,2026-09-03 15:00:00,PT5M,67.012,100.0,86.8806,47.1434,29.261
447,480,266,290,35,0.15,35.5,7.7,227,2026-09-03 15:05:00,PT5M,65.658,100.0,85.5127,45.8033,27.9335
434,466,258,286,35,0.15,35.9,7.7,227,2026-09-03 15:10:00,PT5M,64.308,100.0,84.1374,44.4786,26.6315
421,452,251,281,34,0.15,36.2,7.6,227,2026-09-03 15:15:00,PT5M,62.971,100.0,82.7628,43.1792,25.366
408,438,243,275,34,0.15,36.5,7.6,227,2026-09-03 15:20:00,PT5M,61.586,99.0995,81.3296,41.8424,24.0725
394,424,236,270,34,0.15,36.9,7.6,226,2026-09-03 15:25:00,PT5M,60.152,97.551,79.8354,40.4686,22.753
381,409,228,264,34,0.15,37.2,7.6,226,2026-09-03 15:30:00,PT5M,58.656,95.9185,78.2675,39.0445,21.3935
367,395,220,258,34,0.15,37.5,7.6,226,2026-09-03 15:35:00,PT5M,57.147,94.252,76.6756,37.6184,20.042
354,380,212,252,34,0.15,37.9,7.6,226,2026-09-03 15:40:00,PT5M,55.531,92.4505,74.962,36.1,18.6115
340,365,204,246,34,0.15,38.2,7.6,226,2026-09-03 15:45:00,PT5M,53.848,90.5385,73.1585,34.5375,17.1575
326,350,195,239,33,0.15,38.6,7.5,225,2026-09-03 15:50:00,PT5M,52.098,88.49,71.2514,32.9446,15.706
312,335,186,233,33,0.15,39.0,7.5,225,2026-09-03 15:55:00,PT5M,50.265,86.255,69.2068,31.3232,14.275
298,320,177,226,33,0.15,39.3,7.5,225,2026-09-03 16:00:00,PT5M,48.345,83.8485,67.0307,29.6593,12.8415
284,305,168,219,33,0.15,39.7,7.5,225,2026-09-03 16:05:00,PT5M,46.368,81.32,64.7635,27.9725,11.416
270,290,159,211,33,0.15,40.1,7.5,225,2026-09-03 16:10:00,PT5M,44.343,78.689,62.4195,26.2665,9.997
256,275,150,204,33,0.15,40.4,7.5,225,2026-09-03 16:15:00,PT5M,42.245,75.9255,59.9713,24.5187,8.5645
242,260,140,196,33,0.15,40.8,7.4,224,2026-09-03 16:20:00,PT5M,40.082,73.0435,57.4299,22.7341,7.1205
228,245,131,188,33,0.15,41.2,7.4,224,2026-09-03 16:25:00,PT5M,37.856,70.047,54.7984,20.9136,5.665
214,230,121,180,32,0.15,41.6,7.4,224,2026-09-03 16:30:00,PT5M,35.321,65.6155,51.2652,19.3768,5.0265
201,215,110,171,32,0.15,42.0,7.4,224,2026-09-03 16:35:00,PT5M,32.64,60.7795,47.45,17.83,4.5005
187,200,100,163,32,0.15,42.3,7.4,224,2026-09-03 16:40:00,PT5M,30.101,56.138,43.8045,16.3975,4.064
174,186,89,154,32,0.15,42.7,7.4,223,2026-09-03 16:45:00,PT5M,27.424,51.3975,40.0414,14.8066,3.4505
161,171,78,145,32,0.15,43.1,7.3,223,2026-09-03 16:50:00,PT5M,24.788,46.711,36.3262,13.2498,2.865
147,157,66,136,32,0.15,43.5,7.3,223,2026-09-03 16:55:00,PT5M,22.182,42.0715,32.65,11.714,2.2925
135,143,54,127,32,0.15,44.0,7.3,223,2026-09-03 17:00:00,PT5M,19.634,37.518,29.0465,10.2215,1.75
122,129,42,118,31,0.15,44.4,7.3,223,2026-09-03 17:05:00,PT5M,17.193,33.1275,25.5794,8.8066,1.2585
110,115,28,108,31,0.15,44.8,7.3,222,2026-09-03 17:10:00,PT5M,14.836,28.902,22.239,7.433,0.77
97,102,12,99,31,0.15,45.2,7.3,222,2026-09-03 17:15:00,PT5M,12.492,24.796,18.9677,6.0163,0.188
85,88,0,88,31,0.15,45.6,7.3,222,2026-09-03 17:20:00,PT5M,10.416,21.0465,16.0109,4.8211,0.0
73,75,0,75,31,0.15,46.1,7.2,222,2026-09-03 17:25:00,PT5M,8.794,17.796,13.5318,4.0562,0.0
61,63,0,63,31,0.15,46.5,7.2,222,2026-09-03 17:30:00,PT5M,7.351,14.7585,11.2496,3.4524,0.0
50,52,0,52,31,0.15,46.9,7.2,222,2026-09-03 17:35:00,PT5M,5.987,11.83,9.0622,2.9118,0.144
40,41,0,41,31,0.15,47.3,7.1,222,2026-09-03 17:40:00,PT5M,4.611,9.0425,6.9433,2.2787,0.1795
31,32,0,32,30,0.15,47.7,7.1,222,2026-09-03 17:45:00,PT5M,3.409,6.61,5.0937,1.7243,0.208
23,24,0,24,30,0.15,48.1,7.0,222,2026-09-03 17:50:00,PT5M,2.393,4.5925,3.5506,1.2354,0.1935
16,16,0,16,30,0.15,48.5,7.0,222,2026-09-03 17:55:00,PT5M,1.465,2.8115,2.1737,0.7563,0.1185
10,10,0,10,30,0.15,48.9,6.9,222,2026-09-03 18:00:00,PT5M,0.622,1.3025,0.9802,0.2638,0.0
4,4,0,4,30,0.15,49.4,6.9,222,2026-09-03 18:05:00,PT5M,0.0,0.094,0.0495,0.0,0.0
0,0,0,0,30,0.15,49.8,6.8,222,2026-09-03 18:10:00,PT5M,0.0,0.0,0.0,0.0,0.0
0,0,0,0,30,0.15,50.2,6.8,222,2026-09-03 18:15:00,PT5M,0.0,0.0,0.0,0.0,0.0
0,0,0,0,30,0.15,50.6,6.7,222,2026-09-03 18:20:00,PT5M,0.0,0.0,0.0,0.0,0.0
0,0,0,0,30,0.15,51.1,6.7,222,2026-09-03 18:25:00,PT5M,0.0,0.0,0.0,0.0,0.0
0,0,0,0,30,0.15,51.5,6.6,223,2026-09-03 18:30:00,PT5M,0.0,0.0,0.0,0.0,0.0
0,0,0,0,29,0.15,52.0,6.6,223,2026-09-03 18:35:00,PT5M,0.0,0.0,0.0,0.0,0.0
0,0,0,0,29,0.15,52.4,6.5,223,2026-09-03 18:40:00,PT5M,0.0,0.0,0.0,0.0,0.0
0,0,0,0,29,0.15,52.8,6.5,223,2026-09-03 18:45:00,PT5M,0.0,0.0,0.0,0.0,0.0
0,0,0,0,29,0.15,53.3,6.4,223,2026-09-03 18:50:00,PT5M,0.0,0.0,0.0,0.0,0.0
0,0,0,0,29,0.15,53.8,6.4,223,2026-09-03 18:55:00,PT5M,0.0,0.0,0.0,0.0,0.0
0,0,0,0,29,0.15,54.2,6.3,223,2026-09-03 19:00:00,PT5M,0.0,0.0,0.0,0.0,0.0
0,0,0,0,29,0.15,54.7,6.3,223,2026-09-03 19:05:00,PT5M,0.0,0.0,0.0,0.0,0.0
0,0,0,0,29,0.15,55.2,6.2,223,2026-09-03 19:10:00,PT5M,0.0,0.0,0.0,0.0,0.0
0,0,0,0,29,0.15,55.6,6.2,223,2026-09-03 19:15:00,PT5M,0.0,0.0,0.0,0.0,0.0
0,0,0,0,29,0.15,56.1,6.1,223,2026-09-03 19:20:00,PT5M,0.0,0.0,0.0,0.0,0.0
0,0,0,0,28,0.15,56.6,6.1,223,2026-09-03 19:25:00,PT5M,0.0,0.0,0.0,0.0,0.0
0,0,0,0,28,0.15,57.1,6.0,224,2026-09-03 19:30:00,PT5M,0.0,0.0,0.0,0.0,0.0
0,0,0,0,28,0.15,57.6,6.0,224,2026-09-03 19:35:00,PT5M,0.0,0.0,0.0,0.0,0.0
0,0,0,0,28,0.15,58.1,5.9,224,2026-09-03 19:40:00,PT5M,0.0,0.0,0.0,0.0,0.0
0,0,0,0,28,0.15,58.6,5.9,224,2026-09-03 19:45:00,PT5M,0.0,0.0,0.0,0.0,0.0
0,0,0,0,28,0.15,59.1,5.8,224,2026-09-03 19:50:00,PT5M,0.0,0.0,0.0,0.0,0.0
0,0,0,0,28,0.15,59.6,5.8,224,2026-09-03 19:55:00,PT5M,0.0,0.0,0.0,0.0,0.0
0,0,0,0,28,0.15,60.1,5.7,224,2026-09-03 20:00:00,PT5M,0.0,0.0,0.0,0.0,0.0
0,0,0,0,28,0.15,60.6,5.7,224,2026-09-03 20:05:00,PT5M,0.0,0.0,0.0,0.0,0.0
0,0,0,0,28,0.15,61.1,5.6,224,2026-09-03 20:10:00,PT5M,0.0,0.0,0.0,0.0,0.0
0,0,0,0,27,0.15,61.7,5.6,225,2026-09-03 20:15:00,PT5M,0.0,0.0,0.0,0.0,0.0
0,0,0,0,27,0.15,62.2,5.5,225,2026-09-03 20:20:00,PT5M,0.0,0.0,0.0,0.0,0.0
0,0,0,0,27,0.15,62.7,5.5,225,2026-09-03 20:25:00,PT5M,0.0,0.0,0.0,0.0,0.0
0,0,0,0,27,0.15,63.3,5.4,225,2026-09-03 20:30:00,PT5M,0.0,0.0,0.0,0.0,0.0
0,0,0,0,27,0.15,63.6,5.4,225,2026-09-03 20:35:00,PT5M,0.0,0.0,0.0,0.0,0.0
0,0,0,0,27,0.15,63.7,5.3,225,2026-09-03 20:40:00,PT5M,0.0,0.0,0.0,0.0,0.0
0,0,0,0,27,0.15,63.8,5.3,225,2026-09-03 20:45:00,PT5M,0.0,0.0,0.0,0.0,0.0
0,0,0,0,27,0.15,64.0,5.3,225,2026-09-03 20:50:00,PT5M,0.0,0.0,0.0,0.0,0.0
0,0,0,0,27,0.15,64.1,5.3,225,2026-09-03 20:55:00,PT5M,0.0,0.0,0.0,0.0,0.0
0,0,0,0,27,0.15,64.2,5.2,225,2026-09-03 21:00:00,PT5M,0.0,0.0,0.0,0.0,0.0
0,0,0,0,27,0.15,64.3,5.2,225,2026-09-03 21:05:00,PT5M,0.0,0.0,0.0,0.0,0.0
0,0,0,0,27,0.15,64.4,5.2,225,2026-09-03 21:10:00,PT5M,0.0,0.0,0.0,0.0,0.0
0,0,0,0,27,0.15,64.5,5.2,225,2026-09-03 21:15:00,PT5M,0.0,0.0,0.0,0.0,0.0
0,0,0,0,27,0.15,64.7,5.1,225,2026-09-03 21:20:00,PT5M,0.0,0.0,0.0,0.0,0.0
0,0,0,0,27,0.15,64.8,5.1,225,2026-09-03 21:25:00,PT5M,0.0,0.0,0.0,0.0,0.0
0,0,0,0,27,0.15,64.9,5.1,225,2026-09-03 21:30:00,PT5M,0.0,0.0,0.0,0.0,0.0
0,0,0,0,27,0.15,65.0,5.1,225,2026-09-03 21:35:00,PT5M,0.0,0.0,0.0,0.0,0.0
0,0,0,0,27,0.15,65.1,5.0,225,2026-09-03 21:40:00,PT5M,0.0,0.0,0.0,0.0,0.0
0,0,0,0,27,0.15,65.2,5.0,225,2026-09-03 21:45:00,PT5M,0.0,0.0,0.0,0.0,0.0
0,0,0,0,27,0.15,65.4,5.0,225,2026-09-03 21:50:00,PT5M,0.0,0.0,0.0,0.0,0.0
0,0,0,0,27,0.15,65.5,5.0,225,2026-09-03 21:55:00,PT5M,0.0,0.0,0.0,0.0,0.0
0,0,0,0,27,0.15,65.6,4.9,225,2026-09-03 22:00:00,PT5M,0.0,0.0,0.0,0.0,0.0
0,0,0,0,27,0.15,65.7,4.9,225,2026-09-03 22:05:00,PT5M,0.0,0.0,0.0,0.0,0.0
0,0,0,0,27,0.15,65.8,4.9,225,2026-09-03 22:10:00,PT5M,0.0,0.0,0.0,0.0,0.0
0,0,0,0,26,0.15,66.0,4.9,225,2026-09-03 22:15:00,PT5M,0.0,0.0,0.0,0.0,0.0
0,0,0,0,26,0.15,66.1,4.8,226,2026-09-03 22:20:00,PT5M,0.0,0.0,0.0,0.0,0.0
0,0,0,0,26,0.15,66.2,4.8,226,2026-09-03 22:25:00,PT5M,0.0,0.0,0.0,0.0,0.0
0,0,0,0,26,0.15,66.3,4.8,226,2026-09-03 22:30:00,PT5M,0.0,0.0,0.0,0.0,0.0
0,0,0,0,26,0.15,66.4,4.7,226,2026-09-03 22:35:00,PT5M,0.0,0.0,0.0,0.0,0.0
0,0,0,0,26,0.15,66.6,4.7,226,2026-09-03 22:40:00,PT5M,0.0,0.0,0.0,0.0,0.0
0,0,0,0,26,0.15,66.7,4.7,226,2026-09-03 22:45:00,PT5M,0.0,0.0,0.0,0.0,0.0
0,0,0,0,26,0.15,66.8,4.7,226,2026-09-03 22:50:00,PT5M,0.0,0.0,0.0,0.0,0.0
0,0,0,0,26,0.15,66.9,4.6,226,2026-09-03 22:55:00,PT5M,0.0,0.0,0.0,0.0,0.0
0,0,0,0,26,0.15,67.0,4.6,226,2026-09-03 23:00:00,PT5M,0.0,0.0,0.0,0.0,0.0
0,0,0,0,26,0.15,67.2,4.6,226,2026-09-03 23:05:00,PT5M,0.0,0.0,0.0,0.0,0.0
0,0,0,0,26,0.15,67.3,4.6,226,2026-09-03 23:10:00,PT5M,0.0,0.0,0.0,0.0,0.0
0,0,0,0,26,0.15,67.4,4.5,226,2026-09-03 23:15:00,PT5M,0.0,0.0,0.0,0.0,0.0
0,0,0,0,26,0.15,67.5,4.5,226,2026-09-03 23:20:00,PT5M,0.0,0.0,0.0,0.0,0.0
0,0,0,0,26,0.15,67.7,4.5,226,2026-09-03 23:25:00,PT5M,0.0,0.0,0.0,0.0,0.0
0,0,0,0,26,0.15,67.8,4.5,226,2026-09-03 23:30:00,PT5M,0.0,0.0,0.0,0.0,0.0
0,0,0,0,26,0.15,67.9,4.4,226,2026-09-03 23:35:00,PT5M,0.0,0.0,0.0,0.0,0.0
0,0,0,0,26,0.15,68.0,4.4,226,2026-09-03 23:40:00,PT5M,0.0,0.0,0.0,0.0,0.0
0,0,0,0,26,0.15,68.1,4.4,226,2026-09-03 23:45:00,PT5M,0.0,0.0,0.0,0.0,0.0
0,0,0,0,26,0.15,68.3,4.3,226,2026-09-03 23:50:00,PT5M,0.0,0.0,0.0,0.0,0.0
0,0,0,0,26,0.15,68.4,4.3,226,2026-09-03 23:55:00,PT5M,0.0,0.0,0.0,0.0,0.0
0,0,0,0,26,0.15,68.5,4.3,227,2026-09-04 00:00:00,PT5M,0.0,0.0,0.0,0.0,0.0
0,0,0,0,26,0.15,68.6,4.2,227,2026-09-04 00:05:00,PT5M,0.0,0.0,0.0,0.0,0.0
0,0,0,0,26,0.15,68.8,4.2,227,2026-09-04 00:10:00,PT5M,0.0,0.0,0.0,0.0,0.0
0,0,0,0,26,0.15,68.9,4.2,227,2026-09-04 00:15:00,PT5M,0.0,0.0,0.0,0.0,0.0
0,0,0,0,26,0.15,69.0,4.1,227,2026-09-04 00:20:00,PT5M,0.0,0.0,0.0,0.0,0.0
0,0,0,0,26,0.15,69.1,4.1,227,2026-09-04 00:25:00,PT5M,0.0,0.0,0.0,0.0,0.0
0,0,0,0,26,0.15,69.3,4.1,227,2026-09-04 00:30:00,PT5M,0.0,0.0,0.0,0.0,0.0
0,0,0,0,26,0.15,69.4,4.0,227,2026-09-04 00:35:00,PT5M,0.0,0.0,0.0,0.0,0.0
0,0,0,0,26,0.15,69.5,4.0,228,2026-09-04 00:40:00,PT5M,0.0,0.0,0.0,0.0,0.0
0,0,0,0,26,0.15,69.6,3.9,228,2026-09-04 00:45:00,PT5M,0.0,0.0,0.0,0.0,0.0
0,0,0,0,26,0.15,69.8,3.9,228,2026-09-04 00:50:00,PT5M,0.0,0.0,0.0,0.0,0.0
0,0,0,0,25,0.15,69.9,3.9,228,2026-09-04 00:55:00,PT5M,0.0,0.0,0.0,0.0,0.0
0,0,0,0,25,0.15,70.0,3.8,228,2026-09-04 01:00:00,PT5M,0.0,0.0,0.0,0.0,0.0
0,0,0,0,25,0.15,70.1,3.8,228,2026-09-04 01:05:00,PT5M,0.0,0.0,0.0,0.0,0.0
0,0,0,0,25,0.15,70.3,3.8,228,2026-09-04 01:10:00,PT5M,0.0,0.0,0.0,0.0,0.0
0,0,0,0,25,0.15,70.4,3.7,229,2026-09-04 01:15:00,PT5M,0.0,0.0,0.0,0.0,0.0
0,0,0,0,25,0.15,70.5,3.7,229,2026-09-04 01:20:00,PT5M,0.0,0.0,0.0,0.0,0.0
0,0,0,0,25,0.15,70.7,3.7,229,2026-09-04 01:25:00,PT5M,0.0,0.0,0.0,0.0,0.0
0,0,0,0,25,0.15,70.8,3.6,229,2026-09-04 01:30:00,PT5M,0.0,0.0,0.0,0.0,0.0
0,0,0,0,25,0.15,70.9,3.6,229,2026-09-04 01:35:00,PT5M,0.0,0.0,0.0,0.0,0.0
0,0,0,0,25,0.15,71.0,3.6,229,2026-09-04 01:40:00,PT5M,0.0,0.0,0.0,0.0,0.0
0,0,0,0,25,0.15,71.2,3.5,230,2026-09-04 01:45:00,PT5M,0.0,0.0,0.0,0.0,0.0
0,0,0,0,25,0.15,71.3,3.5,230,2026-09-04 01:50:00,PT5M,0.0,0.0,0.0,0.0,0.0
0,0,0,0,25,0.15,71.4,3.5,230,2026-09-04 01:55:00,PT5M,0.0,0.0,0.0,0.0,0.0
0,0,0,0,25,0.15,71.6,3.4,230,2026-09-04 02:00:00,PT5M,0.0,0.0,0.0,0.0,0.0
0,0,0,0,25,0.15,71.7,3.4,230,2026-09-04 02:05:00,PT5M,0.0,0.0,0.0,0.0,0.0
0,0,0,0,25,0.15,71.8,3.4,230,2026-09-04 02:10:00,PT5M,0.0,0.0,0.0,0.0,0.0
0,0,0,0,25,0.15,71.9,3.3,231,2026-09-04 02:15:00,PT5M,0.0,0.0,0.0,0.0,0.0
0,0,0,0,25,0.15,72.1,3.3,231,2026-09-04 02:20:00,PT5M,0.0,0.0,0.0,0.0,0.0
0,0,0,0,25,0.15,72.2,3.3,231,2026-09-04 02:25:00,PT5M,0.0,0.0,0.0,0.0,0.0
0,0,0,0,25,0.15,72.3,3.2,231,2026-09-04 02:30:00,PT5M,0.0,0.0,0.0,0.0,0.0
0,0,0,0,25,0.15,72.4,3.2,231,2026-09-04 02:35:00,PT5M,0.0,0.0,0.0,0.0,0.0
0,0,0,0,25,0.15,72.5,3.2,231,2026-09-04 02:40:00,PT5M,0.0,0.0,0.0,0.0,0.0
0,0,0,0,25,0.15,72.6,3.1,232,2026-09-04 02:45:00,PT5M,0.0,0.0,0.0,0.0,0.0
0,0,0,0,25,0.15,72.7,3.1,232,2026-09-04 02:50:00,PT5M,0.0,0.0,0.0,0.0,0.0
0,0,0,0,25,0.15,72.7,3.1,232,2026-09-04 02:55:00,PT5M,0.0,0.0,0.0,0.0,0.0
0,0,0,0,25,0.15,72.8,3.1,232,2026-09-04 03:00:00,PT5M,0.0,0.0,0.0,0.0,0.0
0,0,0,0,25,0.15,72.9,3.1,232,2026-09-04 03:05:00,PT5M,0.0,0.0,0.0,0.0,0.0
0,0,0,0,25,0.15,72.9,3.0,232,2026-09-04 03:10:00,PT5M,0.0,0.0,0.0,0.0,0.0
0,0,0,0,25,0.15,73.0,3.0,232,2026-09-04 03:15:00,PT5M,0.0,0.0,0.0,0.0,0.0
0,0,0,0,25,0.15,73.1,3.0,232,2026-09-04 03:20:00,PT5M,0.0,0.0,0.0,0.0,0.0
0,0,0,0,25,0.15,73.2,3.0,232,2026-09-04 03:25:00,PT5M,0.0,0.0,0.0,0.0,0.0
0,0,0,0,25,0.15,73.2,3.0,232,2026-09-04 03:30:00,PT5M,0.0,0.0,0.0,0.0,0.0
0,0,0,0,25,0.15,73.3,2.9,232,2026-09-04 03:35:00,PT5M,0.0,0.0,0.0,0.0,0.0
0,0,0,0,25,0.15,73.4,2.9,232,2026-09-04 03:40:00,PT5M,0.0,0.0,0.0,0.0,0.0
0,0,0,0,25,0.15,73.5,2.9,233,2026-09-04 03:45:00,PT5M,0.0,0.0,0.0,0.0,0.0
0,0,0,0,25,0.15,73.5,2.9,233,2026-09-04 03:50:00,PT5M,0.0,0.0,0.0,0.0,0.0
0,0,0,0,25,0.15,73.6,2.9,233,2026-09-04 03:55:00,PT5M,0.0,0.0,0.0,0.0,0.0
0,0,0,0,25,0.15,73.7,2.8,233,2026-09-04 04:00:00,PT5M,0.0,0.0,0.0,0.0,0.0
0,0,0,0,24,0.15,73.7,2.8,233,2026-09-04 04:05:00,PT5M,0.0,0.0,0.0,0.0,0.0
0,0,0,0,24,0.15,73.8,2.8,233,2026-09-04 04:10:00,PT5M,0.0,0.0,0.0,0.0,0.0
0,0,0,0,24,0.15,73.9,2.8,233,2026-09-04 04:15:00,PT5M,0.0,0.0,0.0,0.0,0.0
0,0,0,0,24,0.15,74.0,2.7,233,2026-09-04 04:20:00,PT5M,0.0,0.0,0.0,0.0,0.0
0,0,0,0,24,0.15,74.0,2.7,233,2026-09-04 04:25:00,PT5M,0.0,0.0,0.0,0.0,0.0
0,0,0,0,24,0.15,74.1,2.7,234,2026-09-04 04:30:00,PT5M,0.0,0.0,0.0,0.0,0.0
0,0,0,0,24,0.15,74.2,2.7,234,2026-09-04 04:35:00,PT5M,0.0,0.0,0.0,0.0,0.0
0,0,0,0,24,0.15,74.3,2.7,234,2026-09-04 04:40:00,PT5M,0.0,0.0,0.0,0.0,0.0
0,0,0,0,24,0.15,74.3,2.6,234,2026-09-04 04:45:00,PT5M,0.0,0.0,0.0,0.0,0.0
0,0,0,0,24,0.15,74.4,2.6,234,2026-09-04 04:50:00,PT5M,0.0,0.0,0.0,0.0,0.0
0,0,0,0,24,0.15,74.5,2.6,234,2026-09-04 04:55:00,PT5M,0.0,0.0,0.0,0.0,0.0
0,0,0,0,24,0.15,74.6,2.6,234,2026-09-04 05:00:00,PT5M,0.0,0.0,0.0,0.0,0.0
0,0,0,0,24,0.15,74.6,2.6,234,2026-09-04 05:05:00,PT5M,0.0,0.0,0.0,0.0,0.0
0,0,0,0,24,0.15,74.7,2.5,234,2026-09-04 05:10:00,PT5M,0.0,0.0,0.0,0.0,0.0
0,0,0,0,24,0.15,74.8,2.5,235,2026-09-04 05:15:00,PT5M,0.0,0.0,0.0,0.0,0.0
0,0,0,0,24,0.15,74.9,2.5,235,2026-09-04 05:20:00,PT5M,0.0,0.0,0.0,0.0,0.0
0,0,0,0,24,0.15,74.9,2.5,235,2026-09-04 05:25:00,PT5M,0.0,0.0,0.0,0.0,0.0
0,0,0,0,24,0.15,75.0,2.5,235,2026-09-04 05:30:00,PT5M,0.0,0.0,0.0,0.0,0.0
0,0,0,0,24,0.15,74.7,2.4,235,2026-09-04 05:35:00,PT5M,0.0,0.0,0.0,0.0,0.0
0,0,0,0,24,0.15,73.9,2.5,235,2026-09-04 05:40:00,PT5M,0.0,0.0,0.0,0.0,0.0
0,0,0,0,25,0.15,73.2,2.5,235,2026-09-04 05:45:00,PT5M,0.0,0.0,0.0,0.0,0.0
0,0,0,0,25,0.15,72.4,2.5,235,2026-09-04 05:50:00,PT5M,0.0,0.0,0.0,0.0,0.0
0,0,0,0,25,0.15,71.7,2.5,235,2026-09-04 05:55:00,PT5M,0.0,0.0,0.0,0.0,0.0
0,0,0,0,25,0.15,71.0,2.5,235,2026-09-04 06:00:00,PT5M,0.0,0.0,0.0,0.0,0.0
2,2,0,2,25,0.15,70.3,2.5,235,2026-09-04 06:05:00,PT5M,0.0,0.0,0.0,0.0,0.0
7,7,0,7,25,0.15,69.6,2.5,235,2026-09-04 06:10:00,PT5M,0.26,0.7135,0.4987,0.0213,0.0
13,13,0,13,25,0.15,68.9,2.5,235,2026-09-04 06:15:00,PT5M,1.074,2.2225,1.6785,0.4695,0.0
20,20,0,20,26,0.15,68.2,2.6,235,2026-09-04 06:20:00,PT5M,1.991,4.0925,3.097,0.885,0.0
27,28,0,28,26,0.15,67.6,2.6,235,2026-09-04 06:25:00,PT5M,3.014,6.319,4.7534,1.2746,0.0
36,38,0,38,26,0.15,66.9,2.6,235,2026-09-04 06:30:00,PT5M,4.198,8.9115,6.6787,1.7173,0.0
47,48,0,48,26,0.15,66.2,2.6,236,2026-09-04 06:35:00,PT5M,5.612,11.948,8.9467,2.2773,0.0
58,60,0,60,26,0.15,65.6,2.6,236,2026-09-04 06:40:00,PT5M,7.078,15.17,11.3369,2.8191,0.0
70,73,0,73,26,0.15,64.9,2.6,236,2026-09-04 06:45:00,PT5M,8.621,18.5275,13.8349,3.4071,0.0
83,87,13,84,26,0.15,64.3,2.6,236,2026-09-04 06:50:00,PT5M,10.83,22.5635,17.0054,4.6546,0.0
96,101,37,93,27,0.15,63.6,2.6,236,2026-09-04 06:55:00,PT5M,13.648,27.227,20.7947,6.5013,0.069
109,117,63,101,27,0.15,63.0,2.7,236,2026-09-04 07:00:00,PT5M,16.712,32.1975,24.8621,8.5619,1.2265
123,133,87,110,27,0.15,62.4,2.7,236,2026-09-04 07:05:00,PT5M,19.89,37.3475,29.078,10.702,2.4325
137,149,107,118,27,0.15,61.8,2.7,236,2026-09-04 07:10:00,PT5M,23.158,42.6685,33.4265,12.8895,3.6475
151,165,128,126,27,0.15,61.2,2.7,236,2026-09-04 07:15:00,PT5M,26.64,48.1915,37.9827,15.2973,5.0885
166,182,149,133,27,0.15,60.6,2.7,236,2026-09-04 07:20:00,PT5M,30.315,53.9165,42.7366,17.8934,6.7135
182,199,170,140,27,0.15,60.0,2.7,236,2026-09-04 07:25:00,PT5M,34.144,59.7965,47.6451,20.6429,8.4915
198,217,191,147,28,0.15,59.4,2.7,236,2026-09-04 07:30:00,PT5M,38.141,65.836,52.7171,23.5649,10.446
214,235,212,153,28,0.15,58.8,2.7,236,2026-09-04 07:35:00,PT5M,42.368,72.102,58.0172,26.7188,12.634
231,254,235,158,28,0.15,58.2,2.8,236,2026-09-04 07:40:00,PT5M,46.819,78.6085,63.55,30.088,15.0295
248,274,258,163,28,0.15,57.7,2.8,236,2026-09-04 07:45:00,PT5M,51.481,85.447,69.3575,33.6045,17.515
266,293,282,167,28,0.15,57.1,2.8,236,2026-09-04 07:50:00,PT5M,55.055,89.6605,73.2681,36.8419,20.4495
284,314,306,171,28,0.15,56.6,2.8,236,2026-09-04 07:55:00,PT5M,58.532,93.663,77.0217,40.0423,23.401
303,334,331,174,28,0.15,56.0,2.8,236,2026-09-04 08:00:00,PT5M,61.954,97.5485,80.6876,43.2204,26.3595
322,356,356,176,29,0.15,55.5,2.8,236,2026-09-04 08:05:00,PT5M,65.335,100.0,84.2831,46.3869,29.333
341,377,382,177,29,0.15,54.9,2.8,236,2026-09-04 08:10:00,PT5M,68.622,100.0,87.7498,49.4942,32.2785
361,399,409,178,29,0.15,54.4,2.8,236,2026-09-04 08:15:00,PT5M,71.834,100.0,91.0955,52.5725,35.2365
381,421,436,177,29,0.15,53.9,2.9,236,2026-09-04 08:20:00,PT5M,74.917,100.0,94.2619,55.5721,38.161
401,444,464,176,29,0.15,53.3,2.9,236,2026-09-04 08:25:00,PT5M,77.848,100.0,97.2201,58.4759,41.0405
421,466,491,174,29,0.15,52.8,2.9,236,2026-09-04 08:30:00,PT5M,80.619,100.0,99.9658,61.2722,43.8595
440,486,509,175,29,0.15,52.2,2.9,236,2026-09-04 08:35:00,PT5M,82.492,100.0,100.0,63.1439,45.73
455,503,516,178,30,0.15,51.4,2.8,237,2026-09-04 08:40:00,PT5M,83.496,100.0,100.0,64.1097,46.6615
471,519,523,181,30,0.15,50.7,2.8,237,2026-09-04 08:45:00,PT5M,84.439,100.0,100.0,64.9964,47.4975
486,535,529,185,30,0.15,50.0,2.7,237,2026-09-04 08:50:00,PT5M,85.323,100.0,100.0,65.8641,48.3505
501,550,535,188,30,0.15,49.2,2.7,238,2026-09-04 08:55:00,PT5M,86.16,100.0,100.0,66.693,49.172
515,566,541,191,30,0.15,48.5,2.6,238,2026-09-04 09:00:00,PT5M,87.004,100.0,100.0,67.5359,50.014
530,581,546,194,31,0.15,47.9,2.6,238,2026-09-04 09:05:00,PT5M,87.768,100.0,100.0,68.3067,50.791
545,597,554,196,31,0.15,47.2,2.5,239,2026-09-04 09:10:00,PT5M,88.607,100.0,100.0,69.1955,51.7245
559,612,560,198,31,0.15,46.5,2.5,239,2026-09-04 09:15:00,PT5M,89.407,100.0,100.0,70.1647,52.846
573,627,567,200,31,0.15,45.8,2.4,239,2026-09-04 09:20:00,PT5M,90.169,100.0,100.0,71.0919,53.922
587,642,574,201,31,0.15,45.2,2.4,240,2026-09-04 09:25:00,PT5M,90.896,100.0,100.0,71.98,54.955
601,656,580,203,32,0.15,44.5,2.3,240,2026-09-04 09:30:00,PT5M,91.589,100.0,100.0,72.8296,55.9455
615,670,587,204,32,0.15,43.9,2.3,241,2026-09-04 09:35:00,PT5M,92.32,100.0,100.0,73.7216,56.9825
628,685,596,204,32,0.15,43.3,2.2,241,2026-09-04 09:40:00,PT5M,93.087,100.0,100.0,74.6541,58.064
642,699,604,205,32,0.15,42.7,2.2,242,2026-09-04 09:45:00,PT5M,93.819,100.0,100.0,75.5475,59.1025
655,713,611,205,32,0.15,42.1,2.1,242,2026-09-04 09:50:00,PT5M,94.462,100.0,100.0,76.3439,60.037
667,726,617,205,33,0.15,41.5,2.1,243,2026-09-04 09:55:00,PT5M,95.078,100.0,100.0,77.1088,60.936
680,739,624,206,33,0.15,40.9,2.0,243,2026-09-04 10:00:00,PT5M,95.667,100.0,100.0,77.8423,61.7995
691,752,630,206,33,0.15,40.3,2.0,244,2026-09-04 10:05:00,PT5M,96.218,100.0,100.0,78.5307,62.6115
703,764,636,206,33,0.15,39.7,1.9,244,2026-09-04 10:10:00,PT5M,96.733,100.0,100.0,79.1764,63.375
714,776,642,207,34,0.15,39.2,1.9,245,2026-09-04 10:15:00,PT5M,97.223,100.0,100.0,79.792,64.1035
725,787,647,207,34,0.15,38.6,1.8,246,2026-09-04 10:20:00,PT5M,97.688,100.0,100.0,80.3778,64.798
735,798,652,207,34,0.15,38.1,1.8,246,2026-09-04 10:25:00,PT5M,98.129,100.0,100.0,80.9345,65.459
745,809,658,206,34,0.15,37.6,1.8,247,2026-09-04 10:30:00,PT5M,98.553,100.0,100.0,81.4704,66.0955
754,818,662,207,34,0.15,37.0,1.7,248,2026-09-04 10:35:00,PT5M,98.892,100.0,100.0,81.896,66.599
763,827,665,208,35,0.15,36.5,1.7,249,2026-09-04 10:40:00,PT5M,99.146,100.0,100.0,82.2105,66.968
771,835,667,208,35,0.15,36.0,1.6,249,2026-09-04 10:45:00,PT5M,99.379,100.0,100.0,82.499,67.3065
778,843,670,209,35,0.15,35.5,1.6,250,2026-09-04 10:50:00,PT5M,99.59,100.0,100.0,82.7598,67.612
785,851,672,210,35,0.15,35.0,1.5,251,2026-09-04 10:55:00,PT5M,99.778,100.0,100.0,82.9901,67.8805
792,857,675,210,35,0.15,34.5,1.5,252,2026-09-04 11:00:00,PT5M,99.944,100.0,100.0,83.1901,68.111
798,864,677,211,36,0.15,34.0,1.4,253,2026-09-04 11:05:00,PT5M,100.0,100.0,100.0,83.2579,68.1895
804,870,678,211,36,0.15,33.6,1.4,254,2026-09-04 11:10:00,PT5M,100.0,100.0,100.0,83.2753,68.2225
809,875,680,212,36,0.15,33.1,1.4,256,2026-09-04 11:15:00,PT5M,100.0,100.0,100.0,83.2971,68.264
814,880,681,213,36,0.15,32.6,1.3,257,2026-09-04 11:20:00,PT5M,100.0,100.0,100.0,83.3108,68.29
818,885,682,213,36,0.15,32.2,1.3,258,2026-09-04 11:25:00,PT5M,100.0,100.0,100.0,83.3113,68.291
822,889,683,214,37,0.15,31.7,1.2,260,2026-09-04 11:30:00,PT5M,100.0,100.0,100.0,83.3055,68.28
824,891,682,216,37,0.15,31.6,1.2,259,2026-09-04 11:35:00,PT5M,100.0,100.0,100.0,83.2966,68.263
825,892,677,219,37,0.15,31.6,1.2,255,2026-09-04 11:40:00,PT5M,100.0,100.0,100.0,83.2858,68.2425
826,892,673,222,37,0.15,31.7,1.2,251,2026-09-04 11:45:00,PT5M,100.0,100.0,100.0,83.269,68.2105
825,891,668,225,37,0.15,31.8,1.2,247,2026-09-04 11:50:00,PT5M,99.814,100.0,100.0,83.058,67.977
824,890,663,228,37,0.15,31.9,1.2,243,2026-09-04 11:55:00,PT5M,99.555,100.0,100.0,82.7671,67.6575
823,888,657,231,37,0.15,32.0,1.2,239,2026-09-04 12:00:00,PT5M,99.279,100.0,100.0,82.4537,67.3105
821,886,652,234,37,0.15,32.1,1.2,235,2026-09-04 12:05:00,PT5M,98.992,100.0,100.0,82.1244,66.943
819,884,647,237,37,0.15,32.2,1.2,231,2026-09-04 12:10:00,PT5M,98.792,100.0,100.0,81.8775,66.654
816,881,642,239,37,0.15,32.2,1.2,227,2026-09-04 12:15:00,PT5M,98.587,100.0,100.0,81.6199,66.349
813,877,637,242,36,0.15,32.3,1.3,223,2026-09-04 12:20:00,PT5M,98.365,100.0,100.0,81.3403,66.0175
809,873,631,244,36,0.15,32.4,1.3,220,2026-09-04 12:25:00,PT5M,98.124,100.0,100.0,81.0364,65.657
805,868,625,247,36,0.15,32.5,1.3,216,2026-09-04 12:30:00,PT5M,97.827,100.0,100.0,80.6683,65.225
799,862,617,250,36,0.15,32.6,1.4,213,2026-09-04 12:35:00,PT5M,97.389,100.0,100.0,80.1538,64.6415
792,854,606,255,36,0.15,32.7,1.4,210,2026-09-04 12:40:00,PT5M,96.814,100.0,100.0,79.4982,63.9135
784,845,595,259,36,0.15,32.8,1.5,208,2026-09-04 12:45:00,PT5M,96.217,100.0,100.0,78.816,63.1545
776,837,584,264,36,0.15,32.9,1.5,205,2026-09-04 12:50:00,PT5M,95.598,100.0,100.0,78.1067,62.364
768,828,573,268,36,0.15,32.9,1.6,203,2026-09-04 12:55:00,PT5M,94.954,100.0,100.0,77.3635,61.5315
759,818,562,271,36,0.15,33.0,1.6,201,2026-09-04 13:00:00,PT5M,94.282,100.0,100.0,76.5831,60.6535
750,808,551,275,36,0.15,33.1,1.7,199,2026-09-04 13:05:00,PT5M,93.592,100.0,100.0,75.7878,59.7635
741,798,541,278,36,0.15,33.2,1.7,197,2026-09-04 13:10:00,PT5M,92.887,100.0,100.0,74.9868,58.876
731,787,530,281,36,0.15,33.3,1.8,195,2026-09-04 13:15:00,PT5M,92.148,100.0,100.0,74.1375,57.9275
721,776,519,284,36,0.15,33.4,1.9,193,2026-09-04 13:20:00,PT5M,91.443,100.0,100.0,73.3138,56.997
711,765,508,286,36,0.15,33.5,1.9,192,2026-09-04 13:25:00,PT5M,90.638,100.0,100.0,72.3849,55.9565
700,753,498,288,36,0.15,33.6,2.0,190,2026-09-04 13:30:00,PT5M,89.803,100.0,100.0,71.4225,54.8795
689,742,488,290,36,0.15,33.6,2.1,189,2026-09-04 13:35:00,PT5M,88.998,100.0,100.0,70.4875,53.8275
679,731,480,290,36,0.15,33.7,2.1,188,2026-09-04 13:40:00,PT5M,88.225,100.0,100.0,69.5821,52.803
668,719,471,291,36,0.15,33.8,2.2,186,2026-09-04 13:45:00,PT5M,87.423,100.0,100.0,68.6452,51.7445
657,707,463,291,36,0.15,33.9,2.3,185,2026-09-04 13:50:00,PT5M,86.596,100.0,100.0,67.6808,50.6565
646,695,454,291,36,0.15,34.0,2.3,184,2026-09-04 13:55:00,PT5M,85.741,100.0,100.0,66.686,49.536
635,683,446,291,36,0.15,34.1,2.4,183,2026-09-04 14:00:00,PT5M,84.854,100.0,100.0,65.6564,48.378
623,670,437,290,36,0.15,34.2,2.5,182,2026-09-04 14:05:00,PT5M,83.926,100.0,100.0,64.5821,47.172
611,657,428,290,36,0.15,34.3,2.6,181,2026-09-04 14:10:00,PT5M,82.955,100.0,100.0,63.4616,45.917
598,644,419,289,36,0.15,34.4,2.6,181,2026-09-04 14:15:00,PT5M,81.949,100.0,100.0,62.3014,44.618
586,631,410,288,36,0.15,34.5,2.7,180,2026-09-04 14:20:00,PT5M,80.909,100.0,100.0,61.1051,43.281
573,617,401,287,36,0.15,34.6,2.8,179,2026-09-04 14:25:00,PT5M,79.837,100.0,99.799,59.875,41.9085
560,603,391,285,36,0.15,34.7,2.9,178,2026-09-04 14:30:00,PT5M,78.695,100.0,98.8191,58.5709,40.4585
546,587,379,284,36,0.15,34.8,2.9,179,2026-09-04 14:35:00,PT5M,77.378,100.0,97.6898,57.0662,38.785
531,571,366,284,36,0.15,35.1,2.9,180,2026-09-04 14:40:00,PT5M,75.901,100.0,96.423,55.379,36.9085
516,555,353,283,36,0.15,35.3,2.9,181,2026-09-04 14:45:00,PT5M,74.359,100.0,95.0502,53.6678,35.045
501,539,339,281,36,0.15,35.5,2.9,182,2026-09-04 14:50:00,PT5M,72.804,100.0,93.5671,52.0409,33.3535
485,522,326,279,36,0.15,35.8,2.9,183,2026-09-04 14:55:00,PT5M,71.205,100.0,92.0307,50.3793,31.6355
470,506,313,277,35,0.15,36.0,3.0,184,2026-09-04 15:00:00,PT5M,69.562,100.0,90.4406,48.6834,29.892
455,489,300,275,35,0.15,36.3,3.0,185,2026-09-04 15:05:00,PT5M,67.856,100.0,88.773,46.939,28.113
440,473,287,272,35,0.15,36.5,3.0,186,2026-09-04 15:10:00,PT5M,66.142,100.0,87.0801,45.2039,26.359
425,457,275,268,35,0.15,36.8,3.0,188,2026-09-04 15:15:00,PT5M,64.429,100.0,85.3847,43.4733,24.6125
410,440,263,265,35,0.15,37.0,3.0,189,2026-09-04 15:20:00,PT5M,62.665,100.0,83.5939,41.7361,22.8995
395,424,251,261,35,0.15,37.3,3.0,190,2026-09-04 15:25:00,PT5M,60.85,100.0,81.7649,39.9351,21.111
380,408,239,256,35,0.15,37.5,3.0,191,2026-09-04 15:30:00,PT5M,58.97,98.655,79.8565,38.0835,19.285
365,392,227,251,35,0.15,37.8,3.1,192,2026-09-04 15:35:00,PT5M,57.03,96.613,77.8628,36.1972,17.447
350,375,215,246,35,0.15,38.1,3.1,193,2026-09-04 15:40:00,PT5M,55.078,94.5065,75.8295,34.3265,15.6495
335,359,203,241,34,0.15,38.3,3.1,194,2026-09-04 15:45:00,PT5M,53.013,92.237,73.6569,32.3691,13.789
320,343,190,235,34,0.15,38.6,3.1,195,2026-09-04 15:50:00,PT5M,50.882,89.822,71.3764,30.3876,11.942
305,327,178,229,34,0.15,38.8,3.2,196,2026-09-04 15:55:00,PT5M,48.677,87.2265,68.9659,28.3881,10.1275
290,311,165,223,34,0.15,39.1,3.2,197,2026-09-04 16:00:00,PT5M,46.396,84.464,66.4315,26.3605,8.328
276,295,154,216,34,0.15,39.4,3.2,198,2026-09-04 16:05:00,PT5M,44.121,81.6625,63.8794,24.3626,6.5795
261,279,143,209,34,0.15,39.7,3.2,199,2026-09-04 16:10:00,PT5M,41.865,78.849,61.3299,22.4001,4.881
247,264,132,201,34,0.15,39.9,3.3,200,2026-09-04 16:15:00,PT5M,39.561,75.914,58.6938,20.4282,3.208
233,249,121,194,34,0.15,40.2,3.3,201,2026-09-04 16:20:00,PT5M,37.214,72.8815,55.9861,18.4419,1.5465
219,234,110,186,34,0.15,40.5,3.3,201,2026-09-04 16:25:00,PT5M,34.831,69.7625,53.2157,16.4463,0.0
205,219,99,177,33,0.15,40.8,3.3,202,2026-09-04 16:30:00,PT5M,32.432,65.3575,49.7609,15.1031,0.0
192,204,88,169,33,0.15,41.1,3.4,203,2026-09-04 16:35:00,PT5M,29.762,60.5225,45.9515,13.5725,0.0
178,189,77,160,33,0.15,41.3,3.4,204,2026-09-04 16:40:00,PT5M,27.13,55.767,42.2019,12.0581,0.0
165,175,66,152,33,0.15,41.6,3.4,205,2026-09-04 16:45:00,PT5M,24.557,51.091,38.522,10.592,0.0
152,161,55,143,33,0.15,41.9,3.5,206,2026-09-04 16:50:00,PT5M,22.054,46.494,34.9169,9.1911,0.0
140,147,43,134,33,0.15,42.2,3.5,206,2026-09-04 16:55:00,PT5M,19.607,41.909,31.3447,7.8693,0.0
127,134,31,124,33,0.15,42.5,3.5,207,2026-09-04 17:00:00,PT5M,17.246,37.466,27.8879,6.6041,0.0
115,120,19,115,33,0.15,42.8,3.6,208,2026-09-04 17:05:00,PT5M,15.066,33.219,24.6201,5.5119,0.0
103,107,5,106,33,0.15,43.1,3.6,209,2026-09-04 17:10:00,PT5M,12.833,28.9655,21.3237,4.3423,0.0
91,94,0,94,32,0.15,43.4,3.6,210,2026-09-04 17:15:00,PT5M,11.049,25.255,18.5257,3.5723,0.0
78,81,0,81,32,0.15,43.7,3.7,210,2026-09-04 17:20:00,PT5M,9.504,21.8555,16.0047,3.0033,0.0
67,69,0,69,32,0.15,44.0,3.7,211,2026-09-04 17:25:00,PT5M,7.98,18.5035,13.5186,2.4414,0.0
56,58,0,58,32,0.15,44.3,3.8,212,2026-09-04 17:30:00,PT5M,6.631,15.344,11.2167,2.0453,0.0
46,47,0,47,32,0.15,44.7,3.7,212,2026-09-04 17:35:00,PT5M,5.369,12.31,9.0221,1.7159,0.0
36,38,0,38,32,0.15,45.1,3.7,212,2026-09-04 17:40:00,PT5M,4.111,9.3805,6.8844,1.3376,0.0
28,29,0,29,32,0.15,45.5,3.6,212,2026-09-04 17:45:00,PT5M,3.019,6.823,5.0211,1.0169,0.0
21,21,0,21,32,0.15,46.0,3.6,212,2026-09-04 17:50:00,PT5M,2.081,4.628,3.4215,0.7405,0.0
14,15,0,15,31,0.15,46.4,3.5,213,2026-09-04 17:55:00,PT5M,1.221,2.6225,1.9586,0.4834,0.0
8,9,0,9,31,0.15,46.8,3.5,213,2026-09-04 18:00:00,PT5M,0.443,1.0895,0.7833,0.1027,0.0
3,3,0,3,31,0.15,47.3,3.4,213,2026-09-04 18:05:00,PT5M,0.0,0.052,0.0274,0.0,0.0
0,0,0,0,31,0.15,47.7,3.4,213,2026-09-04 18:10:00,PT5M,0.0,0.0,0.0,0.0,0.0
0,0,0,0,31,0.15,48.2,3.3,213,2026-09-04 18:15:00,PT5M,0.0,0.0,0.0,0.0,0.0
0,0,0,0,31,0.15,48.6,3.3,213,2026-09-04 18:20:00,PT5M,0.0,0.0,0.0,0.0,0.0
0,0,0,0,31,0.15,49.1,3.2,214,2026-09-04 18:25:00,PT5M,0.0,0.0,0.0,0.0,0.0
0,0,0,0,31,0.15,49.5,3.2,214,2026-09-04 18:30:00,PT5M,0.0,0.0,0.0,0.0,0.0
0,0,0,0,30,0.15,50.0,3.1,214,2026-09-04 18:35:00,PT5M,0.0,0.0,0.0,0.0,0.0
0,0,0,0,30,0.15,50.5,3.1,214,2026-09-04 18:40:00,PT5M,0.0,0.0,0.0,0.0,0.0
0,0,0,0,30,0.15,51.0,3.0,214,2026-09-04 18:45:00,PT5M,0.0,0.0,0.0,0.0,0.0
0,0,0,0,30,0.15,51.4,3.0,215,2026-09-04 18:50:00,PT5M,0.0,0.0,0.0,0.0,0.0
0,0,0,0,30,0.15,51.9,2.9,215,2026-09-04 18:55:00,PT5M,0.0,0.0,0.0,0.0,0.0
0,0,0,0,30,0.15,52.4,2.9,215,2026-09-04 19:00:00,PT5M,0.0,0.0,0.0,0.0,0.0
0,0,0,0,30,0.15,52.9,2.8,215,2026-09-04 19:05:00,PT5M,0.0,0.0,0.0,0.0,0.0
0,0,0,0,30,0.15,53.4,2.8,215,2026-09-04 19:10:00,PT5M,0.0,0.0,0.0,0.0,0.0
0,0,0,0,29,0.15,53.9,2.7,216,2026-09-04 19:15:00,PT5M,0.0,0.0,0.0,0.0,0.0
0,0,0,0,29,0.15,54.4,2.7,216,2026-09-04 19:20:00,PT5M,0.0,0.0,0.0,0.0,0.0
0,0,0,0,29,0.15,54.9,2.6,216,2026-09-04 19:25:00,PT5M,0.0,0.0,0.0,0.0,0.0
0,0,0,0,29,0.15,55.5,2.6,216,2026-09-04 19:30:00,PT5M,0.0,0.0,0.0,0.0,0.0
0,0,0,0,29,0.15,56.0,2.5,217,2026-09-04 19:35:00,PT5M,0.0,0.0,0.0,0.0,0.0
0,0,0,0,29,0.15,56.5,2.5,217,2026-09-04 19:40:00,PT5M,0.0,0.0,0.0,0.0,0.0
0,0,0,0,29,0.15,57.1,2.4,217,2026-09-04 19:45:00,PT5M,0.0,0.0,0.0,0.0,0.0
0,0,0,0,29,0.15,57.6,2.4,218,2026-09-04 19:50:00,PT5M,0.0,0.0,0.0,0.0,0.0
0,0,0,0,28,0.15,58.2,2.4,218,2026-09-04 19:55:00,PT5M,0.0,0.0,0.0,0.0,0.0
0,0,0,0,28,0.15,58.7,2.3,218,2026-09-04 20:00:00,PT5M,0.0,0.0,0.0,0.0,0.0
0,0,0,0,28,0.15,59.3,2.3,219,2026-09-04 20:05:00,PT5M,0.0,0.0,0.0,0.0,0.0
0,0,0,0,28,0.15,59.9,2.2,219,2026-09-04 20:10:00,PT5M,0.0,0.0,0.0,0.0,0.0
0,0,0,0,28,0.15,60.4,2.2,219,2026-09-04 20:15:00,PT5M,0.0,0.0,0.0,0.0,0.0
0,0,0,0,28,0.15,61.0,2.1,220,2026-09-04 20:20:00,PT5M,0.0,0.0,0.0,0.0,0.0
0,0,0,0,28,0.15,61.6,2.1,220,2026-09-04 20:25:00,PT5M,0.0,0.0,0.0,0.0,0.0
0,0,0,0,28,0.15,62.2,2.0,221,2026-09-04 20:30:00,PT5M,0.0,0.0,0.0,0.0,0.0
0,0,0,0,27,0.15,62.5,2.0,221,2026-09-04 20:35:00,PT5M,0.0,0.0,0.0,0.0,0.0
0,0,0,0,27,0.15,62.7,2.0,221,2026-09-04 20:40:00,PT5M,0.0,0.0,0.0,0.0,0.0
0,0,0,0,27,0.15,62.8,2.0,222,2026-09-04 20:45:00,PT5M,0.0,0.0,0.0,0.0,0.0
0,0,0,0,27,0.15,62.9,2.1,222,2026-09-04 20:50:00,PT5M,0.0,0.0,0.0,0.0,0.0
0,0,0,0,27,0.15,63.0,2.1,222,2026-09-04 20:55:00,PT5M,0.0,0.0,0.0,0.0,0.0
0,0,0,0,27,0.15,63.1,2.1,223,2026-09-04 21:00:00,PT5M,0.0,0.0,0.0,0.0,0.0
0,0,0,0,27,0.15,63.3,2.1,223,2026-09-04 21:05:00,PT5M,0.0,0.0,0.0,0.0,0.0
0,0,0,0,27,0.15,63.4,2.1,223,2026-09-04 21:10:00,PT5M,0.0,0.0,0.0,0.0,0.0
0,0,0,0,27,0.15,63.5,2.2,223,2026-09-04 21:15:00,PT5M,0.0,0.0,0.0,0.0,0.0
0,0,0,0,27,0.15,63.6,2.2,224,2026-09-04 21:20:00,PT5M,0.0,0.0,0.0,0.0,0.0
0,0,0,0,27,0.15,63.8,2.2,224,2026-09-04 21:25:00,PT5M,0.0,0.0,0.0,0.0,0.0
0,0,0,0,27,0.15,63.9,2.2,224,2026-09-04 21:30:00,PT5M,0.0,0.0,0.0,0.0,0.0
0,0,0,0,27,0.15,64.0,2.3,225,2026-09-04 21:35:00,PT5M,0.0,0.0,0.0,0.0,0.0
0,0,0,0,27,0.15,64.1,2.3,225,2026-09-04 21:40:00,PT5M,0.0,0.0,0.0,0.0,0.0
0,0,0,0,27,0.15,64.3,2.3,225,2026-09-04 21:45:00,PT5M,0.0,0.0,0.0,0.0,0.0
0,0,0,0,27,0.15,64.4,2.3,225,2026-09-04 21:50:00,PT5M,0.0,0.0,0.0,0.0,0.0
0,0,0,0,27,0.15,64.5,2.3,226,2026-09-04 21:55:00,PT5M,0.0,0.0,0.0,0.0,0.0
0,0,0,0,27,0.15,64.7,2.4,226,2026-09-04 22:00:00,PT5M,0.0,0.0,0.0,0.0,0.0
0,0,0,0,27,0.15,64.8,2.4,226,2026-09-04 22:05:00,PT5M,0.0,0.0,0.0,0.0,0.0
0,0,0,0,27,0.15,64.9,2.4,226,2026-09-04 22:10:00,PT5M,0.0,0.0,0.0,0.0,0.0
0,0,0,0,27,0.15,65.0,2.4,226,2026-09-04 22:15:00,PT5M,0.0,0.0,0.0,0.0,0.0
0,0,0,0,27,0.15,65.2,2.4,227,2026-09-04 22:20:00,PT5M,0.0,0.0,0.0,0.0,0.0
0,0,0,0,27,0.15,65.3,2.5,227,2026-09-04 22:25:00,PT5M,0.0,0.0,0.0,0.0,0.0
0,0,0,0,27,0.15,65.4,2.5,227,2026-09-04 22:30:00,PT5M,0.0,0.0,0.0,0.0,0.0
0,0,0,0,27,0.15,65.5,2.5,227,2026-09-04 22:35:00,PT5M,0.0,0.0,0.0,0.0,0.0
0,0,0,0,27,0.15,65.7,2.5,227,2026-09-04 22:40:00,PT5M,0.0,0.0,0.0,0.0,0.0
0,0,0,0,27,0.15,65.8,2.6,228,2026-09-04 22:45:00,PT5M,0.0,0.0,0.0,0.0,0.0
0,0,0,0,27,0.15,65.9,2.6,228,2026-09-04 22:50:00,PT5M,0.0,0.0,0.0,0.0,0.0
0,0,0,0,26,0.15,66.1,2.6,228,2026-09-04 22:55:00,PT5M,0.0,0.0,0.0,0.0,0.0
0,0,0,0,26,0.15,66.2,2.6,228,2026-09-04 23:00:00,PT5M,0.0,0.0,0.0,0.0,0.0
0,0,0,0,26,0.15,66.3,2.6,228,2026-09-04 23:05:00,PT5M,0.0,0.0,0.0,0.0,0.0
0,0,0,0,26,0.15,66.5,2.7,229,2026-09-04 23:10:00,PT5M,0.0,0.0,0.0,0.0,0.0
0,0,0,0,26,0.15,66.6,2.7,229,2026-09-04 23:15:00,PT5M,0.0,0.0,0.0,0.0,0.0
0,0,0,0,26,0.15,66.7,2.7,229,2026-09-04 23:20:00,PT5M,0.0,0.0,0.0,0.0,0.0
0,0,0,0,26,0.15,66.8,2.7,229,2026-09-04 23:25:00,PT5M,0.0,0.0,0.0,0.0,0.0
0,0,0,0,26,0.15,67.0,2.8,229,2026-09-04 23:30:00,PT5M,0.0,0.0,0.0,0.0,0.0
0,0,0,0,26,0.15,67.1,2.8,229,2026-09-04 23:35:00,PT5M,0.0,0.0,0.0,0.0,0.0
0,0,0,0,26,0.15,67.1,2.8,229,2026-09-04 23:40:00,PT5M,0.0,0.0,0.0,0.0,0.0
0,0,0,0,26,0.15,67.2,2.8,229,2026-09-04 23:45:00,PT5M,0.0,0.0,0.0,0.0,0.0
0,0,0,0,26,0.15,67.3,2.8,230,2026-09-04 23:50:00,PT5M,0.0,0.0,0.0,0.0,0.0
0,0,0,0,26,0.15,67.3,2.8,230,2026-09-04 23:55:00,PT5M,0.0,0.0,0.0,0.0,0.0
0,0,0,0,26,0.15,67.4,2.8,230,2026-09-05 00:00:00,PT5M,0.0,0.0,0.0,0.0,0.0
0,0,0,0,26,0.15,67.5,2.8,230,2026-09-05 00:05:00,PT5M,0.0,0.0,0.0,0.0,0.0
0,0,0,0,26,0.15,67.5,2.8,230,2026-09-05 00:10:00,PT5M,0.0,0.0,0.0,0.0,0.0
0,0,0,0,26,0.15,67.6,2.8,230,2026-09-05 00:15:00,PT5M,0.0,0.0,0.0,0.0,0.0
0,0,0,0,26,0.15,67.7,2.8,230,2026-09-05 00:20:00,PT5M,0.0,0.0,0.0,0.0,0.0
0,0,0,0,26,0.15,67.7,2.8,230,2026-09-05 00:25:00,PT5M,0.0,0.0,0.0,0.0,0.0
0,0,0,0,26,0.15,67.8,2.8,230,2026-09-05 00:30:00,PT5M,0.0,0.0,0.0,0.0,0.0
0,0,0,0,26,0.15,67.9,2.8,230,2026-09-05 00:35:00,PT5M,0.0,0.0,0.0,0.0,0.0
0,0,0,0,26,0.15,68.0,2.8,230,2026-09-05 00:40:00,PT5M,0.0,0.0,0.0,0.0,0.0
0,0,0,0,26,0.15,68.0,2.9,230,2026-09-05 00:45:00,PT5M,0.0,0.0,0.0,0.0,0.0
0,0,0,0,26,0.15,68.1,2.9,230,2026-09-05 00:50:00,PT5M,0.0,0.0,0.0,0.0,0.0
0,0,0,0,26,0.15,68.2,2.9,230,2026-09-05 00:55:00,PT5M,0.0,0.0,0.0,0.0,0.0
0,0,0,0,26,0.15,68.2,2.9,230,2026-09-05 01:00:00,PT5M,0.0,0.0,0.0,0.0,0.0
0,0,0,0,26,0.15,68.3,2.9,230,2026-09-05 01:05:00,PT5M,0.0,0.0,0.0,0.0,0.0
0,0,0,0,26,0.15,68.4,2.9,230,2026-09-05 01:10:00,PT5M,0.0,0.0,0.0,0.0,0.0
0,0,0,0,26,0.15,68.4,2.9,230,2026-09-05 01:15:00,PT5M,0.0,0.0,0.0,0.0,0.0
0,0,0,0,26,0.15,68.5,2.9,230,2026-09-05 01:20:00,PT5M,0.0,0.0,0.0,0.0,0.0
0,0,0,0,26,0.15,68.6,2.9,230,2026-09-05 01:25:00,PT5M,0.0,0.0,0.0,0.0,0.0
0,0,0,0,26,0.15,68.6,2.9,230,2026-09-05 01:30:00,PT5M,0.0,0.0,0.0,0.0,0.0
0,0,0,0,26,0.15,68.7,2.9,230,2026-09-05 01:35:00,PT5M,0.0,0.0,0.0,0.0,0.0
0,0,0,0,26,0.15,68.8,2.9,230,2026-09-05 01:40:00,PT5M,0.0,0.0,0.0,0.0,0.0
0,0,0,0,26,0.15,68.8,2.9,230,2026-09-05 01:45:00,PT5M,0.0,0.0,0.0,0.0,0.0
0,0,0,0,26,0.15,68.9,2.9,230,2026-09-05 01:50:00,PT5M,0.0,0.0,0.0,0.0,0.0
0,0,0,0,26,0.15,69.0,2.9,230,2026-09-05 01:55:00,PT5M,0.0,0.0,0.0,0.0,0.0
0,0,0,0,26,0.15,69.0,2.9,230,2026-09-05 02:00:00,PT5M,0.0,0.0,0.0,0.0,0.0
0,0,0,0,26,0.15,69.1,3.0,230,2026-09-05 02:05:00,PT5M,0.0,0.0,0.0,0.0,0.0
0,0,0,0,26,0.15,69.2,3.0,230,2026-09-05 02:10:00,PT5M,0.0,0.0,0.0,0.0,0.0
0,0,0,0,26,0.15,69.2,3.0,230,2026-09-05 02:15:00,PT5M,0.0,0.0,0.0,0.0,0.0
0,0,0,0,26,0.15,69.3,3.0,230,2026-09-05 02:20:00,PT5M,0.0,0.0,0.0,0.0,0.0
0,0,0,0,26,0.15,69.4,3.0,230,2026-09-05 02:25:00,PT5M,0.0,0.0,0.0,0.0,0.0
0,0,0,0,26,0.15,69.5,3.0,230,2026-09-05 02:30:00,PT5M,0.0,0.0,0.0,0.0,0.0
0,0,0,0,26,0.15,69.5,3.0,230,2026-09-05 02:35:00,PT5M,0.0,0.0,0.0,0.0,0.0
0,0,0,0,26,0.15,69.6,3.0,230,2026-09-05 02:40:00,PT5M,0.0,0.0,0.0,0.0,0.0
0,0,0,0,26,0.15,69.6,3.0,230,2026-09-05 02:45:00,PT5M,0.0,0.0,0.0,0.0,0.0
0,0,0,0,26,0.15,69.7,3.0,230,2026-09-05 02:50:00,PT5M,0.0,0.0,0.0,0.0,0.0
0,0,0,0,26,0.15,69.7,3.0,230,2026-09-05 02:55:00,PT5M,0.0,0.0,0.0,0.0,0.0
0,0,0,0,26,0.15,69.8,3.0,230,2026-09-05 03:00:00,PT5M,0.0,0.0,0.0,0.0,0.0
0,0,0,0,26,0.15,69.8,3.0,230,2026-09-05 03:05:00,PT5M,0.0,0.0,0.0,0.0,0.0
0,0,0,0,26,0.15,69.8,3.0,230,2026-09-05 03:10:00,PT5M,0.0,0.0,0.0,0.0,0.0
0,0,0,0,26,0.15,69.9,3.0,230,2026-09-05 03:15:00,PT5M,0.0,0.0,0.0,0.0,0.0
0,0,0,0,26,0.15,69.9,3.1,230,2026-09-05 03:20:00,PT5M,0.0,0.0,0.0,0.0,0.0
0,0,0,0,26,0.15,70.0,3.1,230,2026-09-05 03:25:00,PT5M,0.0,0.0,0.0,0.0,0.0
0,0,0,0,26,0.15,70.0,3.1,230,2026-09-05 03:30:00,PT5M,0.0,0.0,0.0,0.0,0.0
0,0,0,0,26,0.15,70.1,3.1,230,2026-09-05 03:35:00,PT5M,0.0,0.0,0.0,0.0,0.0
0,0,0,0,26,0.15,70.1,3.1,230,2026-09-05 03:40:00,PT5M,0.0,0.0,0.0,0.0,0.0
0,0,0,0,26,0.15,70.2,3.1,230,2026-09-05 03:45:00,PT5M,0.0,0.0,0.0,0.0,0.0
0,0,0,0,26,0.15,70.2,3.1,230,2026-09-05 03:50:00,PT5M,0.0,0.0,0.0,0.0,0.0
0,0,0,0,26,0.15,70.3,3.1,230,2026-09-05 03:55:00,PT5M,0.0,0.0,0.0,0.0,0.0
0,0,0,0,26,0.15,70.3,3.1,230,2026-09-05 04:00:00,PT5M,0.0,0.0,0.0,0.0,0.0
0,0,0,0,26,0.15,70.4,3.1,230,2026-09-05 04:05:00,PT5M,0.0,0.0,0.0,0.0,0.0
0,0,0,0,26,0.15,70.4,3.1,230,2026-09-05 04:10:00,PT5M,0.0,0.0,0.0,0.0,0.0
0,0,0,0,26,0.15,70.5,3.1,230,2026-09-05 04:15:00,PT5M,0.0,0.0,0.0,0.0,0.0
0,0,0,0,26,0.15,70.5,3.2,230,2026-09-05 04:20:00,PT5M,0.0,0.0,0.0,0.0,0.0
0,0,0,0,26,0.15,70.6,3.2,230,2026-09-05 04:25:00,PT5M,0.0,0.0,0.0,0.0,0.0
0,0,0,0,26,0.15,70.6,3.2,230,2026-09-05 04:30:00,PT5M,0.0,0.0,0.0,0.0,0.0
0,0,0,0,26,0.15,70.7,3.2,230,2026-09-05 04:35:00,PT5M,0.0,0.0,0.0,0.0,0.0
0,0,0,0,26,0.15,70.7,3.2,230,2026-09-05 04:40:00,PT5M,0.0,0.0,0.0,0.0,0.0
0,0,0,0,26,0.15,70.8,3.2,230,2026-09-05 04:45:00,PT5M,0.0,0.0,0.0,0.0,0.0
0,0,0,0,26,0.15,70.8,3.2,230,2026-09-05 04:50:00,PT5M,0.0,0.0,0.0,0.0,0.0
0,0,0,0,26,0.15,70.9,3.2,230,2026-09-05 04:55:00,PT5M,0.0,0.0,0.0,0.0,0.0
0,0,0,0,26,0.15,70.9,3.2,230,2026-09-05 05:00:00,PT5M,0.0,0.0,0.0,0.0,0.0
0,0,0,0,26,0.15,70.9,3.2,230,2026-09-05 05:05:00,PT5M,0.0,0.0,0.0,0.0,0.0
0,0,0,0,26,0.15,71.0,3.2,230,2026-09-05 05:10:00,PT5M,0.0,0.0,0.0,0.0,0.0
0,0,0,0,26,0.15,71.0,3.2,230,2026-09-05 05:15:00,PT5M,0.0,0.0,0.0,0.0,0.0
0,0,0,0,26,0.15,71.1,3.2,230,2026-09-05 05:20:00,PT5M,0.0,0.0,0.0,0.0,0.0
0,0,0,0,26,0.15,71.1,3.3,230,2026-09-05 05:25:00,PT5M,0.0,0.0,0.0,0.0,0.0
0,0,0,0,26,0.15,71.2,3.3,230,2026-09-05 05:30:00,PT5M,0.0,0.0,0.0,0.0,0.0
0,0,0,0,26,0.15,70.9,3.3,230,2026-09-05 05:35:00,PT5M,0.0,0.0,0.0,0.0,0.0
0,0,0,0,26,0.15,70.3,3.3,230,2026-09-05 05:40:00,PT5M,0.0,0.0,0.0,0.0,0.0
0,0,0,0,26,0.15,69.6,3.3,231,2026-09-05 05:45:00,PT5M,0.0,0.0,0.0,0.0,0.0
0,0,0,0,26,0.15,69.0,3.3,231,2026-09-05 05:50:00,PT5M,0.0,0.0,0.0,0.0,0.0
0,0,0,0,26,0.15,68.4,3.3,231,2026-09-05 05:55:00,PT5M,0.0,0.0,0.0,0.0,0.0
0,0,0,0,26,0.15,67.8,3.3,231,2026-09-05 06:00:00,PT5M,0.0,0.0,0.0,0.0,0.0
2,2,0,2,26,0.15,67.2,3.3,232,2026-09-05 06:05:00,PT5M,0.0,0.0,0.0,0.0,0.0
7,8,0,8,27,0.15,66.6,3.3,232,2026-09-05 06:10:00,PT5M,0.337,0.807,0.5844,0.0896,0.0
14,14,0,14,27,0.15,66.0,3.3,232,2026-09-05 06:15:00,PT5M,1.189,2.3415,1.7956,0.5824,0.0365
21,21,0,21,27,0.15,65.4,3.3,232,2026-09-05 06:20:00,PT5M,2.145,4.1095,3.1789,1.1111,0.1805
29,30,0,30,27,0.15,64.8,3.3,233,2026-09-05 06:25:00,PT5M,3.205,6.2795,4.8231,1.5869,0.1305
38,40,0,40,27,0.15,64.3,3.3,233,2026-09-05 06:30:00,PT5M,4.432,8.812,6.7372,2.1268,0.052
49,51,0,51,27,0.15,63.7,3.3,233,2026-09-05 06:35:00,PT5M,5.892,11.764,8.9825,2.8015,0.02
61,63,0,63,27,0.15,63.1,3.3,234,2026-09-05 06:40:00,PT5M,7.399,14.8805,11.3366,3.4614,0.0
73,76,4,75,28,0.15,62.6,3.3,234,2026-09-05 06:45:00,PT5M,9.1,18.2395,13.9102,4.2898,0.0
86,90,28,84,28,0.15,62.0,3.4,234,2026-09-05 06:50:00,PT5M,11.78,22.5785,17.4633,6.0967,0.9815
99,105,54,93,28,0.15,61.5,3.4,234,2026-09-05 06:55:00,PT5M,14.765,27.2365,21.3288,8.2012,2.2935
112,122,81,102,28,0.15,60.9,3.4,235,2026-09-05 07:00:00,PT5M,17.94,32.1435,25.4154,10.4646,3.7365
127,138,106,110,28,0.15,60.4,3.4,235,2026-09-05 07:05:00,PT5M,21.377,37.4,29.81,12.944,5.354
142,155,129,117,28,0.15,59.9,3.4,235,2026-09-05 07:10:00,PT5M,24.897,42.807,34.3232,15.4708,6.987
157,172,152,125,28,0.15,59.4,3.4,235,2026-09-05 07:15:00,PT5M,28.645,48.4695,39.0788,18.2112,8.8205
172,189,175,132,28,0.15,58.8,3.4,236,2026-09-05 07:20:00,PT5M,32.6,54.3505,44.0474,21.1526,10.8495
188,208,198,138,29,0.15,58.3,3.4,236,2026-09-05 07:25:00,PT5M,36.736,60.461,49.2226,24.2494,13.011
205,226,221,144,29,0.15,57.8,3.4,236,2026-09-05 07:30:00,PT5M,41.028,66.675,54.5262,27.5298,15.381
222,245,244,150,29,0.15,57.3,3.4,236,2026-09-05 07:35:00,PT5M,45.491,73.0665,60.0042,30.9778,17.9155
239,264,268,155,29,0.15,56.8,3.4,237,2026-09-05 07:40:00,PT5M,50.127,79.6605,65.6707,34.5833,20.5935
257,284,291,159,29,0.15,56.3,3.4,237,2026-09-05 07:45:00,PT5M,54.99,86.6025,71.6279,38.3521,23.3775
275,305,316,163,29,0.15,55.8,3.4,237,2026-09-05 07:50:00,PT5M,58.493,90.635,75.4096,41.5764,26.351
294,325,341,166,29,0.15,55.3,3.4,237,2026-09-05 07:55:00,PT5M,61.926,94.5225,79.0818,44.7702,29.3295
313,346,365,168,29,0.15,54.8,3.5,237,2026-09-05 08:00:00,PT5M,65.247,98.2335,82.608,47.886,32.2605
332,368,391,170,30,0.15,54.4,3.5,238,2026-09-05 08:05:00,PT5M,68.529,100.0,86.0582,50.9998,35.223
352,389,416,171,30,0.15,53.9,3.5,238,2026-09-05 08:10:00,PT5M,71.708,100.0,89.3646,54.0514,38.16
372,411,442,171,30,0.15,53.4,3.5,238,2026-09-05 08:15:00,PT5M,74.766,100.0,92.5047,57.0273,41.062
392,433,468,171,30,0.15,53.0,3.5,238,2026-09-05 08:20:00,PT5M,77.685,100.0,95.4558,59.9142,43.92
412,456,495,170,30,0.15,52.5,3.5,239,2026-09-05 08:25:00,PT5M,80.442,100.0,98.1888,62.6952,46.7225
433,478,521,168,30,0.15,52.0,3.5,239,2026-09-05 08:30:00,PT5M,83.034,100.0,100.0,65.363,49.4585
451,498,537,169,30,0.15,51.4,3.5,239,2026-09-05 08:35:00,PT5M,84.724,100.0,100.0,67.0924,51.2235
467,514,542,173,31,0.15,50.6,3.4,239,2026-09-05 08:40:00,PT5M,85.605,100.0,100.0,67.9642,52.087
482,530,546,177,31,0.15,49.7,3.4,239,2026-09-05 08:45:00,PT5M,86.365,100.0,100.0,68.7258,52.85
497,546,550,181,31,0.15,48.9,3.3,239,2026-09-05 08:50:00,PT5M,87.071,100.0,100.0,69.4387,53.569
511,561,554,185,31,0.15,48.2,3.3,239,2026-09-05 08:55:00,PT5M,87.733,100.0,100.0,70.1141,54.2565
526,576,557,189,31,0.15,47.4,3.3,239,2026-09-05 09:00:00,PT5M,88.355,100.0,100.0,70.7553,54.915
540,591,561,192,32,0.15,46.6,3.2,239,2026-09-05 09:05:00,PT5M,88.981,100.0,100.0,71.3773,55.5335
554,606,567,195,32,0.15,45.9,3.2,239,2026-09-05 09:10:00,PT5M,89.693,100.0,100.0,72.1217,56.307
568,621,572,198,32,0.15,45.1,3.1,239,2026-09-05 09:15:00,PT5M,90.366,100.0,100.0,72.8313,57.0495
582,635,577,200,32,0.15,44.4,3.1,238,2026-09-05 09:20:00,PT5M,91.003,100.0,100.0,73.5086,57.763
596,649,582,203,32,0.15,43.7,3.0,238,2026-09-05 09:25:00,PT5M,91.605,100.0,100.0,74.2908,58.7075
609,663,586,205,33,0.15,43.0,3.0,238,2026-09-05 09:30:00,PT5M,92.174,100.0,100.0,75.0353,59.61
622,677,591,207,33,0.15,42.3,3.0,238,2026-09-05 09:35:00,PT5M,92.782,100.0,100.0,75.8218,60.557
635,691,598,208,33,0.15,41.7,2.9,238,2026-09-05 09:40:00,PT5M,93.427,100.0,100.0,76.6489,61.548
648,704,604,209,33,0.15,41.0,2.9,238,2026-09-05 09:45:00,PT5M,94.035,100.0,100.0,77.4326,62.49
661,717,609,211,34,0.15,40.3,2.8,238,2026-09-05 09:50:00,PT5M,94.557,100.0,100.0,78.1202,63.3265
673,730,613,212,34,0.15,39.7,2.8,238,2026-09-05 09:55:00,PT5M,95.054,100.0,100.0,78.7769,64.127
684,742,618,213,34,0.15,39.1,2.7,238,2026-09-05 10:00:00,PT5M,95.525,100.0,100.0,79.4013,64.8895
695,753,622,215,34,0.15,38.5,2.7,238,2026-09-05 10:05:00,PT5M,95.959,100.0,100.0,79.9793,65.597
706,765,625,216,34,0.15,37.8,2.7,238,2026-09-05 10:10:00,PT5M,96.357,100.0,100.0,80.513,66.253
716,775,629,217,35,0.15,37.2,2.6,238,2026-09-05 10:15:00,PT5M,96.73,100.0,100.0,81.0153,66.8715
726,786,632,219,35,0.15,36.7,2.6,237,2026-09-05 10:20:00,PT5M,97.08,100.0,100.0,81.4876,67.454
736,796,635,220,35,0.15,36.1,2.5,237,2026-09-05 10:25:00,PT5M,97.406,100.0,100.0,81.9299,68.001
745,805,638,221,35,0.15,35.5,2.5,237,2026-09-05 10:30:00,PT5M,97.717,100.0,100.0,82.3517,68.5225
754,814,641,222,35,0.15,35.0,2.4,237,2026-09-05 10:35:00,PT5M,98.005,100.0,100.0,82.7337,68.989
762,823,644,223,36,0.15,34.4,2.4,237,2026-09-05 10:40:00,PT5M,98.27,100.0,100.0,83.0758,69.4005
770,831,647,224,36,0.15,33.9,2.4,237,2026-09-05 10:45:00,PT5M,98.512,100.0,100.0,83.3888,69.7775
777,839,649,224,36,0.15,33.3,2.3,237,2026-09-05 10:50:00,PT5M,98.732,100.0,100.0,83.673,70.1195
784,847,652,225,36,0.15,32.8,2.3,237,2026-09-05 10:55:00,PT5M,98.928,100.0,100.0,83.9246,70.421
791,854,654,226,36,0.15,32.3,2.2,236,2026-09-05 11:00:00,PT5M,99.1,100.0,100.0,84.1418,70.679
797,860,656,226,37,0.15,31.8,2.2,236,2026-09-05 11:05:00,PT5M,99.236,100.0,100.0,84.2976,70.8525
803,866,658,227,37,0.15,31.3,2.1,236,2026-09-05 11:10:00,PT5M,99.351,100.0,100.0,84.4394,71.0185
808,871,659,228,37,0.15,30.8,2.1,236,2026-09-05 11:15:00,PT5M,99.451,100.0,100.0,84.5707,71.178
813,876,660,229,37,0.15,30.3,2.0,236,2026-09-05 11:20:00,PT5M,99.532,100.0,100.0,84.6728,71.299
817,881,662,229,38,0.15,29.8,2.0,236,2026-09-05 11:25:00,PT5M,99.591,100.0,100.0,84.7376,71.369
821,885,663,230,38,0.15,29.4,2.0,236,2026-09-05 11:30:00,PT5M,99.633,100.0,100.0,84.7785,71.409
823,886,660,232,38,0.15,29.2,1.9,235,2026-09-05 11:35:00,PT5M,99.513,100.0,100.0,84.6535,71.2795
822,886,653,237,38,0.15,29.2,1.9,233,2026-09-05 11:40:00,PT5M,99.234,100.0,100.0,84.3674,70.987
822,885,647,241,38,0.15,29.3,1.9,231,2026-09-05 11:45:00,PT5M,98.938,100.0,100.0,84.0575,70.6645
820,883,639,245,38,0.15,29.3,1.8,230,2026-09-05 11:50:00,PT5M,98.587,100.0,100.0,83.6815,70.266
818,881,631,250,38,0.15,29.4,1.8,228,2026-09-05 11:55:00,PT5M,98.215,100.0,100.0,83.2774,69.833
816,878,624,254,38,0.15,29.5,1.8,226,2026-09-05 12:00:00,PT5M,97.824,100.0,100.0,82.8474,69.368
813,874,616,258,38,0.15,29.5,1.8,224,2026-09-05 12:05:00,PT5M,97.423,100.0,100.0,82.4014,68.8815
810,871,609,262,38,0.15,29.6,1.8,222,2026-09-05 12:10:00,PT5M,97.116,100.0,100.0,82.0441,68.479
806,867,602,266,38,0.15,29.6,1.7,220,2026-09-05 12:15:00,PT5M,96.797,100.0,100.0,81.6683,68.052
802,862,594,269,38,0.15,29.7,1.7,218,2026-09-05 12:20:00,PT5M,96.457,100.0,100.0,81.2651,67.592
798,857,587,272,38,0.15,29.7,1.7,216,2026-09-05 12:25:00,PT5M,96.097,100.0,100.0,80.8357,67.1
792,851,579,276,38,0.15,29.8,1.7,214,2026-09-05 12:30:00,PT5M,95.679,100.0,100.0,80.3379,66.5305
787,845,572,278,38,0.15,29.8,1.7,212,2026-09-05 12:35:00,PT5M,95.294,100.0,100.0,79.8669,65.982
782,840,566,280,38,0.15,29.9,1.7,210,2026-09-05 12:40:00,PT5M,94.944,100.0,100.0,79.4261,65.4595
776,834,560,282,38,0.15,29.9,1.7,208,2026-09-05 12:45:00,PT5M,94.573,100.0,100.0,78.958,64.904
770,827,553,284,38,0.15,30.0,1.7,206,2026-09-05 12:50:00,PT5M,94.18,100.0,100.0,78.4624,64.316
764,820,547,285,38,0.15,30.1,1.7,204,2026-09-05 12:55:00,PT5M,93.76,100.0,100.0,77.9279,63.6785
757,813,541,287,38,0.15,30.1,1.7,202,2026-09-05 13:00:00,PT5M,93.313,100.0,100.0,77.3564,62.995
750,805,535,288,38,0.15,30.2,1.7,200,2026-09-05 13:05:00,PT5M,92.85,100.0,100.0,76.7734,62.304
742,797,528,289,38,0.15,30.2,1.7,197,2026-09-05 13:10:00,PT5M,92.451,100.0,100.0,76.2647,61.6965
734,788,522,290,38,0.15,30.3,1.7,195,2026-09-05 13:15:00,PT5M,91.937,100.0,100.0,75.6212,60.9365
726,779,515,291,38,0.15,30.3,1.7,193,2026-09-05 13:20:00,PT5M,91.392,100.0,100.0,74.9381,60.129
717,770,509,291,38,0.15,30.4,1.8,191,2026-09-05 13:25:00,PT5M,90.817,100.0,100.0,74.2191,59.2805
708,760,502,292,38,0.15,30.5,1.8,190,2026-09-05 13:30:00,PT5M,90.213,100.0,100.0,73.4667,58.3945
698,750,494,292,38,0.15,30.5,1.8,188,2026-09-05 13:35:00,PT5M,89.521,100.0,100.0,72.6123,57.394
688,738,485,293,38,0.15,30.6,1.8,186,2026-09-05 13:40:00,PT5M,88.738,100.0,100.0,71.6541,56.278
677,727,477,294,38,0.15,30.6,1.8,184,2026-09-05 13:45:00,PT5M,87.926,100.0,100.0,70.6642,55.128
665,715,468,294,38,0.15,30.7,1.9,182,2026-09-05 13:50:00,PT5M,87.089,100.0,100.0,69.6472,53.949
654,702,459,294,38,0.15,30.7,1.9,181,2026-09-05 13:55:00,PT5M,86.222,100.0,100.0,68.5973,52.7345
642,690,450,294,38,0.15,30.8,1.9,179,2026-09-05 14:00:00,PT5M,85.322,100.0,100.0,67.5112,51.481
630,677,441,293,38,0.15,30.9,1.9,177,2026-09-05 14:05:00,PT5M,84.39,100.0,100.0,66.3903,50.19
618,664,433,293,38,0.15,30.9,2.0,176,2026-09-05 14:10:00,PT5M,83.425,100.0,100.0,65.2335,48.8605
606,651,424,292,38,0.15,31.0,2.0,174,2026-09-05 14:15:00,PT5M,82.424,100.0,100.0,64.0361,47.4865
593,637,415,291,38,0.15,31.0,2.0,173,2026-09-05 14:20:00,PT5M,81.391,100.0,99.9773,62.8047,46.0765
580,623,406,289,38,0.15,31.1,2.1,171,2026-09-05 14:25:00,PT5M,80.326,100.0,99.1128,61.5392,44.6305
567,609,396,288,38,0.15,31.1,2.1,170,2026-09-05 14:30:00,PT5M,79.187,100.0,98.1783,60.1957,43.103
553,594,386,286,37,0.15,31.3,2.1,170,2026-09-05 14:35:00,PT5M,77.941,100.0,97.0644,58.8176,41.606
538,578,374,285,37,0.15,31.5,2.1,172,2026-09-05 14:40:00,PT5M,76.603,100.0,95.8245,57.3815,40.0815
524,563,363,283,37,0.15,31.7,2.1,174,2026-09-05 14:45:00,PT5M,75.225,100.0,94.5384,55.9116,38.529
509,547,351,281,37,0.15,32.0,2.1,175,2026-09-05 14:50:00,PT5M,73.788,100.0,93.1856,54.3904,36.932
494,531,340,279,37,0.15,32.2,2.2,177,2026-09-05 14:55:00,PT5M,72.333,100.0,91.8069,52.8591,35.332
479,515,328,276,37,0.15,32.4,2.2,179,2026-09-05 15:00:00,PT5M,70.834,100.0,90.376,51.292,33.7035
464,499,316,273,37,0.15,32.7,2.2,180,2026-09-05 15:05:00,PT5M,69.236,100.0,88.7991,49.6729,32.0655
449,482,303,271,37,0.15,32.9,2.2,182,2026-09-05 15:10:00,PT5M,67.599,100.0,87.1795,48.0185,30.3955
434,466,291,267,37,0.15,33.2,2.2,184,2026-09-05 15:15:00,PT5M,65.949,100.0,85.5318,46.3662,28.741
419,450,279,264,37,0.15,33.4,2.2,185,2026-09-05 15:20:00,PT5M,64.243,100.0,83.8132,44.6728,27.059
404,434,267,260,36,0.15,33.7,2.2,187,2026-09-05 15:25:00,PT5M,62.478,99.6085,82.02,42.936,25.3475
389,417,255,256,36,0.15,33.9,2.3,189,2026-09-05 15:30:00,PT5M,60.639,97.6855,80.1368,41.1412,23.5925
373,401,242,252,36,0.15,34.2,2.3,190,2026-09-05 15:35:00,PT5M,58.662,95.5955,78.1004,39.2236,21.7285
358,384,228,247,36,0.15,34.4,2.3,192,2026-09-05 15:40:00,PT5M,56.543,93.34,75.9095,37.1765,19.746
342,367,215,242,36,0.15,34.7,2.3,193,2026-09-05 15:45:00,PT5M,54.4,91.0155,73.671,35.129,17.7845
327,350,201,237,36,0.15,34.9,2.3,195,2026-09-05 15:50:00,PT5M,52.129,88.47,71.2555,33.0025,15.788
311,333,187,231,36,0.15,35.2,2.4,196,2026-09-05 15:55:00,PT5M,49.77,85.7255,68.6936,30.8464,13.8145
296,316,172,225,36,0.15,35.4,2.4,197,2026-09-05 16:00:00,PT5M,47.326,82.8005,65.9965,28.6555,11.8515
280,300,159,219,36,0.15,35.7,2.4,199,2026-09-05 16:05:00,PT5M,44.89,79.8375,63.2831,26.4969,9.9425
266,284,147,212,35,0.15,36.0,2.5,200,2026-09-05 16:10:00,PT5M,42.476,76.866,60.5757,24.3763,8.086
251,268,135,204,35,0.15,36.2,2.5,201,2026-09-05 16:15:00,PT5M,40.006,73.773,57.7778,22.2342,6.239
236,252,122,196,35,0.15,36.5,2.5,203,2026-09-05 16:20:00,PT5M,37.488,70.5725,54.9006,20.0754,4.4035
222,236,110,188,35,0.15,36.8,2.6,204,2026-09-05 16:25:00,PT5M,34.929,67.241,51.935,17.923,2.617
207,220,97,180,35,0.15,37.0,2.6,205,2026-09-05 16:30:00,PT5M,32.336,62.5555,48.2407,16.4313,2.1165
193,205,85,172,35,0.15,37.3,2.6,206,2026-09-05 16:35:00,PT5M,29.515,57.6225,44.3082,14.7218,1.4075
179,190,72,163,35,0.15,37.6,2.7,207,2026-09-05 16:40:00,PT5M,26.747,52.7665,40.4412,13.0528,0.7275
166,175,60,154,35,0.15,37.9,2.7,208,2026-09-05 16:45:00,PT5M,24.052,48.017,36.665,11.439,0.087
153,161,47,145,35,0.15,38.2,2.8,209,2026-09-05 16:50:00,PT5M,21.442,43.3715,32.9837,9.9003,0.0
139,146,34,136,34,0.15,38.4,2.8,210,2026-09-05 16:55:00,PT5M,18.902,38.806,29.3776,8.4264,0.0
127,132,21,126,34,0.15,38.7,2.8,211,2026-09-05 17:00:00,PT5M,16.58,34.4825,26.0022,7.1578,0.0
114,119,7,117,34,0.15,39.0,2.9,212,2026-09-05 17:05:00,PT5M,14.256,30.1975,22.6461,5.8659,0.0
102,105,0,105,34,0.15,39.3,2.9,213,2026-09-05 17:10:00,PT5M,12.312,26.3665,19.709,4.915,0.0
89,92,0,92,34,0.15,39.6,3.0,214,2026-09-05 17:15:00,PT5M,10.743,23.0135,17.2011,4.2849,0.0
76,79,0,79,34,0.15,39.9,3.0,215,2026-09-05 17:20:00,PT5M,9.174,19.736,14.7329,3.6151,0.0
65,67,0,67,34,0.15,40.2,3.1,216,2026-09-05 17:25:00,PT5M,7.66,16.555,12.3415,2.9785,0.0
54,56,0,56,34,0.15,40.5,3.1,217,2026-09-05 17:30:00,PT5M,6.326,13.5585,10.1325,2.5195,0.0
44,45,0,45,34,0.15,40.9,3.1,217,2026-09-05 17:35:00,PT5M,5.076,10.7605,8.0678,2.0842,0.0
35,36,0,36,33,0.15,41.4,3.1,217,2026-09-05 17:40:00,PT5M,3.849,8.108,6.0905,1.6075,0.0
27,28,0,28,33,0.15,41.9,3.1,217,2026-09-05 17:45:00,PT5M,2.807,5.858,4.4128,1.2012,0.0
19,20,0,20,33,0.15,42.4,3.1,218,2026-09-05 17:50:00,PT5M,1.912,3.951,2.9851,0.8389,0.0
13,14,0,14,33,0.15,42.9,3.0,218,2026-09-05 17:55:00,PT5M,1.093,2.2935,1.7248,0.4612,0.0
8,8,0,8,33,0.15,43.5,3.0,218,2026-09-05 18:00:00,PT5M,0.345,0.887,0.6303,0.0597,0.0
3,3,0,3,33,0.15,44.0,3.0,218,2026-09-05 18:05:00,PT5M,0.0,0.0,0.0,0.0,0.0
0,0,0,0,32,0.15,44.5,3.0,218,2026-09-05 18:10:00,PT5M,0.0,0.0,0.0,0.0,0.0
0,0,0,0,32,0.15,45.1,3.0,218,2026-09-05 18:15:00,PT5M,0.0,0.0,0.0,0.0,0.0
0,0,0,0,32,0.15,45.6,2.9,218,2026-09-05 18:20:00,PT5M,0.0,0.0,0.0,0.0,0.0
0,0,0,0,32,0.15,46.2,2.9,218,2026-09-05 18:25:00,PT5M,0.0,0.0,0.0,0.0,0.0
0,0,0,0,32,0.15,46.8,2.9,218,2026-09-05 18:30:00,PT5M,0.0,0.0,0.0,0.0,0.0
0,0,0,0,32,0.15,47.3,2.9,219,2026-09-05 18:35:00,PT5M,0.0,0.0,0.0,0.0,0.0
0,0,0,0,31,0.15,47.9,2.9,219,2026-09-05 18:40:00,PT5M,0.0,0.0,0.0,0.0,0.0
0,0,0,0,31,0.15,48.5,2.8,219,2026-09-05 18:45:00,PT5M,0.0,0.0,0.0,0.0,0.0
0,0,0,0,31,0.15,49.1,2.8,219,2026-09-05 18:50:00,PT5M,0.0,0.0,0.0,0.0,0.0
0,0,0,0,31,0.15,49.7,2.8,219,2026-09-05 18:55:00,PT5M,0.0,0.0,0.0,0.0,0.0
0,0,0,0,31,0.15,50.3,2.8,219,2026-09-05 19:00:00,PT5M,0.0,0.0,0.0,0.0,0.0
0,0,0,0,31,0.15,51.0,2.8,219,2026-09-05 19:05:00,PT5M,0.0,0.0,0.0,0.0,0.0
0,0,0,0,30,0.15,51.6,2.7,219,2026-09-05 19:10:00,PT5M,0.0,0.0,0.0,0.0,0.0
0,0,0,0,30,0.15,52.2,2.7,219,2026-09-05 19:15:00,PT5M,0.0,0.0,0.0,0.0,0.0
0,0,0,0,30,0.15,52.9,2.7,220,2026-09-05 19:20:00,PT5M,0.0,0.0,0.0,0.0,0.0
0,0,0,0,30,0.15,53.5,2.7,220,2026-09-05 19:25:00,PT5M,0.0,0.0,0.0,0.0,0.0
0,0,0,0,30,0.15,54.2,2.7,220,2026-09-05 19:30:00,PT5M,0.0,0.0,0.0,0.0,0.0
0,0,0,0,30,0.15,54.9,2.6,220,2026-09-05 19:35:00,PT5M,0.0,0.0,0.0,0.0,0.0
0,0,0,0,29,0.15,55.6,2.6,220,2026-09-05 19:40:00,PT5M,0.0,0.0,0.0,0.0,0.0
0,0,0,0,29,0.15,56.3,2.6,220,2026-09-05 19:45:00,PT5M,0.0,0.0,0.0,0.0,0.0
0,0,0,0,29,0.15,57.0,2.6,220,2026-09-05 19:50:00,PT5M,0.0,0.0,0.0,0.0,0.0
0,0,0,0,29,0.15,57.7,2.6,221,2026-09-05 19:55:00,PT5M,0.0,0.0,0.0,0.0,0.0
0,0,0,0,29,0.15,58.4,2.5,221,2026-09-05 20:00:00,PT5M,0.0,0.0,0.0,0.0,0.0
0,0,0,0,29,0.15,59.1,2.5,221,2026-09-05 20:05:00,PT5M,0.0,0.0,0.0,0.0,0.0
0,0,0,0,28,0.15,59.9,2.5,221,2026-09-05 20:10:00,PT5M,0.0,0.0,0.0,0.0,0.0
0,0,0,0,28,0.15,60.6,2.5,221,2026-09-05 20:15:00,PT5M,0.0,0.0,0.0,0.0,0.0
0,0,0,0,28,0.15,61.4,2.5,221,2026-09-05 20:20:00,PT5M,0.0,0.0,0.0,0.0,0.0
0,0,0,0,28,0.15,62.1,2.4,221,2026-09-05 20:25:00,PT5M,0.0,0.0,0.0,0.0,0.0
0,0,0,0,28,0.15,62.9,2.4,222,2026-09-05 20:30:00,PT5M,0.0,0.0,0.0,0.0,0.0
0,0,0,0,28,0.15,63.4,2.4,222,2026-09-05 20:35:00,PT5M,0.0,0.0,0.0,0.0,0.0
0,0,0,0,28,0.15,63.5,2.4,222,2026-09-05 20:40:00,PT5M,0.0,0.0,0.0,0.0,0.0
0,0,0,0,28,0.15,63.7,2.4,222,2026-09-05 20:45:00,PT5M,0.0,0.0,0.0,0.0,0.0
0,0,0,0,28,0.15,63.8,2.4,222,2026-09-05 20:50:00,PT5M,0.0,0.0,0.0,0.0,0.0
0,0,0,0,28,0.15,64.0,2.4,222,2026-09-05 20:55:00,PT5M,0.0,0.0,0.0,0.0,0.0
0,0,0,0,28,0.15,64.1,2.4,222,2026-09-05 21:00:00,PT5M,0.0,0.0,0.0,0.0,0.0
0,0,0,0,27,0.15,64.3,2.4,222,2026-09-05 21:05:00,PT5M,0.0,0.0,0.0,0.0,0.0
0,0,0,0,27,0.15,64.4,2.4,222,2026-09-05 21:10:00,PT5M,0.0,0.0,0.0,0.0,0.0
0,0,0,0,27,0.15,64.6,2.4,222,2026-09-05 21:15:00,PT5M,0.0,0.0,0.0,0.0,0.0
0,0,0,0,27,0.15,64.7,2.4,222,2026-09-05 21:20:00,PT5M,0.0,0.0,0.0,0.0,0.0
0,0,0,0,27,0.15,64.9,2.4,222,2026-09-05 21:25:00,PT5M,0.0,0.0,0.0,0.0,0.0
0,0,0,0,27,0.15,65.0,2.5,222,2026-09-05 21:30:00,PT5M,0.0,0.0,0.0,0.0,0.0
0,0,0,0,27,0.15,65.1,2.5,222,2026-09-05 21:35:00,PT5M,0.0,0.0,0.0,0.0,0.0
0,0,0,0,27,0.15,65.3,2.5,222,2026-09-05 21:40:00,PT5M,0.0,0.0,0.0,0.0,0.0
0,0,0,0,27,0.15,65.4,2.5,222,2026-09-05 21:45:00,PT5M,0.0,0.0,0.0,0.0,0.0
0,0,0,0,27,0.15,65.6,2.5,222,2026-09-05 21:50:00,PT5M,0.0,0.0,0.0,0.0,0.0
0,0,0,0,27,0.15,65.7,2.5,222,2026-09-05 21:55:00,PT5M,0.0,0.0,0.0,0.0,0.0
0,0,0,0,27,0.15,65.9,2.5,222,2026-09-05 22:00:00,PT5M,0.0,0.0,0.0,0.0,0.0
0,0,0,0,27,0.15,66.0,2.5,222,2026-09-05 22:05:00,PT5M,0.0,0.0,0.0,0.0,0.0
0,0,0,0,27,0.15,66.2,2.5,222,2026-09-05 22:10:00,PT5M,0.0,0.0,0.0,0.0,0.0
0,0,0,0,27,0.15,66.3,2.5,222,2026-09-05 22:15:00,PT5M,0.0,0.0,0.0,0.0,0.0
0,0,0,0,27,0.15,66.5,2.5,222,2026-09-05 22:20:00,PT5M,0.0,0.0,0.0,0.0,0.0
0,0,0,0,27,0.15,66.7,2.5,222,2026-09-05 22:25:00,PT5M,0.0,0.0,0.0,0.0,0.0
0,0,0,0,27,0.15,66.8,2.5,222,2026-09-05 22:30:00,PT5M,0.0,0.0,0.0,0.0,0.0
0,0,0,0,27,0.15,67.0,2.5,222,2026-09-05 22:35:00,PT5M,0.0,0.0,0.0,0.0,0.0
0,0,0,0,27,0.15,67.1,2.5,222,2026-09-05 22:40:00,PT5M,0.0,0.0,0.0,0.0,0.0
0,0,0,0,27,0.15,67.3,2.5,222,2026-09-05 22:45:00,PT5M,0.0,0.0,0.0,0.0,0.0
0,0,0,0,27,0.15,67.4,2.5,222,2026-09-05 22:50:00,PT5M,0.0,0.0,0.0,0.0,0.0
0,0,0,0,27,0.15,67.6,2.5,222,2026-09-05 22:55:00,PT5M,0.0,0.0,0.0,0.0,0.0
0,0,0,0,27,0.15,67.7,2.5,222,2026-09-05 23:00:00,PT5M,0.0,0.0,0.0,0.0,0.0
0,0,0,0,27,0.15,67.9,2.5,222,2026-09-05 23:05:00,PT5M,0.0,0.0,0.0,0.0,0.0
0,0,0,0,27,0.15,68.0,2.5,222,2026-09-05 23:10:00,PT5M,0.0,0.0,0.0,0.0,0.0
0,0,0,0,26,0.15,68.2,2.5,222,2026-09-05 23:15:00,PT5M,0.0,0.0,0.0,0.0,0.0
0,0,0,0,26,0.15,68.4,2.5,222,2026-09-05 23:20:00,PT5M,0.0,0.0,0.0,0.0,0.0
0,0,0,0,26,0.15,68.5,2.5,222,2026-09-05 23:25:00,PT5M,0.0,0.0,0.0,0.0,0.0
0,0,0,0,26,0.15,68.7,2.5,222,2026-09-05 23:30:00,PT5M,0.0,0.0,0.0,0.0,0.0
0,0,0,0,26,0.15,68.8,2.6,222,2026-09-05 23:35:00,PT5M,0.0,0.0,0.0,0.0,0.0
0,0,0,0,26,0.15,69.0,2.6,222,2026-09-05 23:40:00,PT5M,0.0,0.0,0.0,0.0,0.0
0,0,0,0,26,0.15,69.1,2.6,222,2026-09-05 23:45:00,PT5M,0.0,0.0,0.0,0.0,0.0
0,0,0,0,26,0.15,69.2,2.6,222,2026-09-05 23:50:00,PT5M,0.0,0.0,0.0,0.0,0.0
0,0,0,0,26,0.15,69.4,2.7,222,2026-09-05 23:55:00,PT5M,0.0,0.0,0.0,0.0,0.0
0,0,0,0,26,0.15,69.5,2.7,222,2026-09-06 00:00:00,PT5M,0.0,0.0,0.0,0.0,0.0
0,0,0,0,26,0.15,69.6,2.7,222,2026-09-06 00:05:00,PT5M,0.0,0.0,0.0,0.0,0.0
0,0,0,0,26,0.15,69.8,2.7,222,2026-09-06 00:10:00,PT5M,0.0,0.0,0.0,0.0,0.0
0,0,0,0,26,0.15,69.9,2.8,222,2026-09-06 00:15:00,PT5M,0.0,0.0,0.0,0.0,0.0
0,0,0,0,26,0.15,70.1,2.8,222,2026-09-06 00:20:00,PT5M,0.0,0.0,0.0,0.0,0.0
0,0,0,0,26,0.15,70.2,2.8,222,2026-09-06 00:25:00,PT5M,0.0,0.0,0.0,0.0,0.0
0,0,0,0,26,0.15,70.3,2.8,222,2026-09-06 00:30:00,PT5M,0.0,0.0,0.0,0.0,0.0
0,0,0,0,26,0.15,70.5,2.9,222,2026-09-06 00:35:00,PT5M,0.0,0.0,0.0,0.0,0.0
0,0,0,0,26,0.15,70.6,2.9,222,2026-09-06 00:40:00,PT5M,0.0,0.0,0.0,0.0,0.0
0,0,0,0,26,0.15,70.8,2.9,222,2026-09-06 00:45:00,PT5M,0.0,0.0,0.0,0.0,0.0
0,0,0,0,26,0.15,70.9,2.9,222,2026-09-06 00:50:00,PT5M,0.0,0.0,0.0,0.0,0.0
0,0,0,0,26,0.15,71.1,3.0,222,2026-09-06 00:55:00,PT5M,0.0,0.0,0.0,0.0,0.0
0,0,0,0,26,0.15,71.2,3.0,222,2026-09-06 01:00:00,PT5M,0.0,0.0,0.0,0.0,0.0
0,0,0,0,26,0.15,71.3,3.0,222,2026-09-06 01:05:00,PT5M,0.0,0.0,0.0,0.0,0.0
0,0,0,0,26,0.15,71.5,3.0,222,2026-09-06 01:10:00,PT5M,0.0,0.0,0.0,0.0,0.0
0,0,0,0,26,0.15,71.6,3.1,222,2026-09-06 01:15:00,PT5M,0.0,0.0,0.0,0.0,0.0
0,0,0,0,26,0.15,71.8,3.1,222,2026-09-06 01:20:00,PT5M,0.0,0.0,0.0,0.0,0.0
0,0,0,0,26,0.15,71.9,3.1,222,2026-09-06 01:25:00,PT5M,0.0,0.0,0.0,0.0,0.0
0,0,0,0,26,0.15,72.1,3.2,222,2026-09-06 01:30:00,PT5M,0.0,0.0,0.0,0.0,0.0
0,0,0,0,26,0.15,72.2,3.2,222,2026-09-06 01:35:00,PT5M,0.0,0.0,0.0,0.0,0.0
0,0,0,0,26,0.15,72.3,3.2,222,2026-09-06 01:40:00,PT5M,0.0,0.0,0.0,0.0,0.0
0,0,0,0,26,0.15,72.5,3.2,222,2026-09-06 01:45:00,PT5M,0.0,0.0,0.0,0.0,0.0
0,0,0,0,26,0.15,72.6,3.3,222,2026-09-06 01:50:00,PT5M,0.0,0.0,0.0,0.0,0.0
0,0,0,0,26,0.15,72.8,3.3,222,2026-09-06 01:55:00,PT5M,0.0,0.0,0.0,0.0,0.0
0,0,0,0,26,0.15,72.9,3.3,222,2026-09-06 02:00:00,PT5M,0.0,0.0,0.0,0.0,0.0
0,0,0,0,26,0.15,73.1,3.3,222,2026-09-06 02:05:00,PT5M,0.0,0.0,0.0,0.0,0.0
0,0,0,0,26,0.15,73.2,3.4,222,2026-09-06 02:10:00,PT5M,0.0,0.0,0.0,0.0,0.0
0,0,0,0,26,0.15,73.4,3.4,222,2026-09-06 02:15:00,PT5M,0.0,0.0,0.0,0.0,0.0
0,0,0,0,26,0.15,73.5,3.4,222,2026-09-06 02:20:00,PT5M,0.0,0.0,0.0,0.0,0.0
0,0,0,0,26,0.15,73.7,3.4,222,2026-09-06 02:25:00,PT5M,0.0,0.0,0.0,0.0,0.0
0,0,0,0,26,0.15,73.8,3.5,221,2026-09-06 02:30:00,PT5M,0.0,0.0,0.0,0.0,0.0
0,0,0,0,26,0.15,73.9,3.5,222,2026-09-06 02:35:00,PT5M,0.0,0.0,0.0,0.0,0.0
0,0,0,0,26,0.15,73.9,3.5,222,2026-09-06 02:40:00,PT5M,0.0,0.0,0.0,0.0,0.0
0,0,0,0,26,0.15,73.9,3.5,222,2026-09-06 02:45:00,PT5M,0.0,0.0,0.0,0.0,0.0
0,0,0,0,26,0.15,73.9,3.5,222,2026-09-06 02:50:00,PT5M,0.0,0.0,0.0,0.0,0.0
0,0,0,0,26,0.15,73.9,3.5,222,2026-09-06 02:55:00,PT5M,0.0,0.0,0.0,0.0,0.0
0,0,0,0,26,0.15,73.9,3.5,222,2026-09-06 03:00:00,PT5M,0.0,0.0,0.0,0.0,0.0
0,0,0,0,25,0.15,74.0,3.6,222,2026-09-06 03:05:00,PT5M,0.0,0.0,0.0,0.0,0.0
0,0,0,0,25,0.15,74.0,3.6,222,2026-09-06 03:10:00,PT5M,0.0,0.0,0.0,0.0,0.0
0,0,0,0,25,0.15,74.0,3.6,222,2026-09-06 03:15:00,PT5M,0.0,0.0,0.0,0.0,0.0
0,0,0,0,25,0.15,74.0,3.6,223,2026-09-06 03:20:00,PT5M,0.0,0.0,0.0,0.0,0.0
0,0,0,0,25,0.15,74.0,3.6,223,2026-09-06 03:25:00,PT5M,0.0,0.0,0.0,0.0,0.0
0,0,0,0,25,0.15,74.0,3.6,223,2026-09-06 03:30:00,PT5M,0.0,0.0,0.0,0.0,0.0
0,0,0,0,25,0.15,74.0,3.6,223,2026-09-06 03:35:00,PT5M,0.0,0.0,0.0,0.0,0.0
0,0,0,0,25,0.15,74.0,3.7,223,2026-09-06 03:40:00,PT5M,0.0,0.0,0.0,0.0,0.0
0,0,0,0,25,0.15,74.1,3.7,223,2026-09-06 03:45:00,PT5M,0.0,0.0,0.0,0.0,0.0
0,0,0,0,25,0.15,74.1,3.7,223,2026-09-06 03:50:00,PT5M,0.0,0.0,0.0,0.0,0.0
0,0,0,0,25,0.15,74.1,3.7,223,2026-09-06 03:55:00,PT5M,0.0,0.0,0.0,0.0,0.0
0,0,0,0,25,0.15,74.1,3.7,223,2026-09-06 04:00:00,PT5M,0.0,0.0,0.0,0.0,0.0
0,0,0,0,25,0.15,74.1,3.7,223,2026-09-06 04:05:00,PT5M,0.0,0.0,0.0,0.0,0.0
0,0,0,0,25,0.15,74.1,3.7,224,2026-09-06 04:10:00,PT5M,0.0,0.0,0.0,0.0,0.0
0,0,0,0,25,0.15,74.1,3.7,224,2026-09-06 04:15:00,PT5M,0.0,0.0,0.0,0.0,0.0
0,0,0,0,25,0.15,74.1,3.8,224,2026-09-06 04:20:00,PT5M,0.0,0.0,0.0,0.0,0.0
0,0,0,0,25,0.15,74.1,3.8,224,2026-09-06 04:25:00,PT5M,0.0,0.0,0.0,0.0,0.0
0,0,0,0,25,0.15,74.2,3.8,224,2026-09-06 04:30:00,PT5M,0.0,0.0,0.0,0.0,0.0
0,0,0,0,25,0.15,74.2,3.8,224,2026-09-06 04:35:00,PT5M,0.0,0.0,0.0,0.0,0.0
0,0,0,0,25,0.15,74.2,3.8,224,2026-09-06 04:40:00,PT5M,0.0,0.0,0.0,0.0,0.0
0,0,0,0,25,0.15,74.2,3.8,224,2026-09-06 04:45:00,PT5M,0.0,0.0,0.0,0.0,0.0
0,0,0,0,25,0.15,74.2,3.8,224,2026-09-06 04:50:00,PT5M,0.0,0.0,0.0,0.0,0.0
0,0,0,0,25,0.15,74.2,3.9,224,2026-09-06 04:55:00,PT5M,0.0,0.0,0.0,0.0,0.0
0,0,0,0,25,0.15,74.2,3.9,224,2026-09-06 05:00:00,PT5M,0.0,0.0,0.0,0.0,0.0
0,0,0,0,25,0.15,74.2,3.9,225,2026-09-06 05:05:00,PT5M,0.0,0.0,0.0,0.0,0.0
0,0,0,0,25,0.15,74.2,3.9,225,2026-09-06 05:10:00,PT5M,0.0,0.0,0.0,0.0,0.0
0,0,0,0,25,0.15,74.3,3.9,225,2026-09-06 05:15:00,PT5M,0.0,0.0,0.0,0.0,0.0
0,0,0,0,25,0.15,74.3,3.9,225,2026-09-06 05:20:00,PT5M,0.0,0.0,0.0,0.0,0.0
0,0,0,0,25,0.15,74.3,3.9,225,2026-09-06 05:25:00,PT5M,0.0,0.0,0.0,0.0,0.0
0,0,0,0,25,0.15,74.3,4.0,225,2026-09-06 05:30:00,PT5M,0.0,0.0,0.0,0.0,0.0
0,0,0,0,25,0.15,73.9,4.0,225,2026-09-06 05:35:00,PT5M,0.0,0.0,0.0,0.0,0.0
0,0,0,0,25,0.15,73.1,4.0,225,2026-09-06 05:40:00,PT5M,0.0,0.0,0.0,0.0,0.0
0,0,0,0,26,0.15,72.3,4.0,226,2026-09-06 05:45:00,PT5M,0.0,0.0,0.0,0.0,0.0
0,0,0,0,26,0.15,71.5,4.0,226,2026-09-06 05:50:00,PT5M,0.0,0.0,0.0,0.0,0.0
0,0,0,0,26,0.15,70.8,4.0,226,2026-09-06 05:55:00,PT5M,0.0,0.0,0.0,0.0,0.0
0,0,0,0,26,0.15,70.0,4.1,227,2026-09-06 06:00:00,PT5M,0.0,0.0,0.0,0.0,0.0
4,4,0,4,26,0.15,69.3,4.1,227,2026-09-06 06:05:00,PT5M,0.0,0.0,0.0,0.0,0.0
11,12,7,12,26,0.15,68.5,4.1,227,2026-09-06 06:10:00,PT5M,0.968,1.405,1.198,0.738,0.531
19,22,28,20,27,0.15,67.8,4.1,228,2026-09-06 06:15:00,PT5M,2.34,3.151,2.7668,1.9132,1.529
27,34,71,27,27,0.15,67.1,4.1,228,2026-09-06 06:20:00,PT5M,4.314,5.77,5.0803,3.5477,2.858
38,46,118,34,27,0.15,66.4,4.2,228,2026-09-06 06:25:00,PT5M,6.904,9.2855,8.1574,5.6506,4.5225
49,60,158,41,27,0.15,65.7,4.2,228,2026-09-06 06:30:00,PT5M,9.931,13.404,11.7589,8.1031,6.458
61,76,198,47,27,0.15,65.0,4.2,229,2026-09-06 06:35:00,PT5M,13.567,18.3625,16.0909,11.0431,8.7715
75,92,236,53,27,0.15,64.3,4.2,229,2026-09-06 06:40:00,PT5M,17.416,23.638,20.6907,14.1413,11.194
90,109,272,59,28,0.15,63.6,4.2,229,2026-09-06 06:45:00,PT5M,21.428,29.137,25.4853,17.3707,13.719
105,127,306,64,28,0.15,62.9,4.2,230,2026-09-06 06:50:00,PT5M,25.57,34.764,30.4089,20.7311,16.376
121,146,338,69,28,0.15,62.2,4.3,230,2026-09-06 06:55:00,PT5M,29.812,40.5215,35.4485,24.1755,19.1025
138,164,367,73,28,0.15,61.6,4.3,230,2026-09-06 07:00:00,PT5M,34.196,46.507,40.6754,27.7166,21.885
155,184,395,78,28,0.15,60.9,4.3,230,2026-09-06 07:05:00,PT5M,38.773,52.778,46.1439,31.4021,24.768
173,203,419,82,28,0.15,60.3,4.3,231,2026-09-06 07:10:00,PT5M,43.474,59.2455,51.7747,35.1733,27.7025
191,223,442,86,28,0.15,59.7,4.3,231,2026-09-06 07:15:00,PT5M,48.262,65.843,57.515,39.009,30.681
209,243,464,89,29,0.15,59.0,4.4,231,2026-09-06 07:20:00,PT5M,53.097,72.517,63.3179,42.8761,33.677
227,262,484,93,29,0.15,58.4,4.4,231,2026-09-06 07:25:00,PT5M,58.028,79.3585,69.2544,46.8016,36.6975
245,282,503,96,29,0.15,57.8,4.4,232,2026-09-06 07:30:00,PT5M,62.866,86.074,75.0805,50.6515,39.658
264,302,520,99,29,0.15,57.2,4.4,232,2026-09-06 07:35:00,PT5M,67.707,92.8145,80.9213,54.4927,42.5995
283,322,537,102,29,0.15,56.6,4.4,232,2026-09-06 07:40:00,PT5M,72.574,99.629,86.8132,58.3348,45.519
301,342,552,105,29,0.15,56.0,4.5,232,2026-09-06 07:45:00,PT5M,77.51,100.0,92.8361,62.1839,48.39
320,362,566,107,30,0.15,55.4,4.5,233,2026-09-06 07:50:00,PT5M,79.662,100.0,95.2541,64.0699,50.0365
338,382,580,110,30,0.15,54.8,4.5,233,2026-09-06 07:55:00,PT5M,81.71,100.0,97.5432,65.8768,51.6265
357,402,593,112,30,0.15,54.3,4.5,233,2026-09-06 08:00:00,PT5M,83.649,100.0,99.6982,67.5998,53.155
375,421,606,115,30,0.15,53.7,4.5,233,2026-09-06 08:05:00,PT5M,85.493,100.0,100.0,69.2504,54.6315
394,441,618,116,30,0.15,53.1,4.6,234,2026-09-06 08:10:00,PT5M,87.224,100.0,100.0,70.8153,56.047
412,460,629,118,30,0.15,52.6,4.6,234,2026-09-06 08:15:00,PT5M,88.799,100.0,100.0,72.2624,57.379
430,479,641,120,30,0.15,52.0,4.6,234,2026-09-06 08:20:00,PT5M,90.208,100.0,100.0,73.5856,58.625
448,498,651,121,31,0.15,51.5,4.6,234,2026-09-06 08:25:00,PT5M,91.44,100.0,100.0,74.7824,59.79
466,517,661,123,31,0.15,51.0,4.7,234,2026-09-06 08:30:00,PT5M,92.531,100.0,100.0,75.8834,60.9
483,536,670,124,31,0.15,50.3,4.6,235,2026-09-06 08:35:00,PT5M,93.531,100.0,100.0,76.9405,62.0085
501,554,679,125,31,0.15,49.6,4.6,234,2026-09-06 08:40:00,PT5M,94.452,100.0,100.0,77.9954,63.184
518,572,688,127,31,0.15,49.0,4.6,234,2026-09-06 08:45:00,PT5M,95.308,100.0,100.0,78.9941,64.311
535,590,696,128,31,0.15,48.3,4.6,234,2026-09-06 08:50:00,PT5M,96.107,100.0,100.0,79.9383,65.386
551,607,704,129,32,0.15,47.6,4.5,234,2026-09-06 08:55:00,PT5M,96.857,100.0,100.0,80.8383,66.421
568,624,711,130,32,0.15,47.0,4.5,234,2026-09-06 09:00:00,PT5M,97.668,100.0,100.0,81.7756,67.472
584,641,718,131,32,0.15,46.3,4.5,234,2026-09-06 09:05:00,PT5M,98.31,100.0,100.0,82.5813,68.425
599,657,724,132,32,0.15,45.7,4.4,234,2026-09-06 09:10:00,PT5M,98.9,100.0,100.0,83.3497,69.354
615,673,729,133,32,0.15,45.0,4.4,234,2026-09-06 09:15:00,PT5M,99.456,100.0,100.0,84.086,70.2525
630,689,735,134,33,0.15,44.4,4.4,234,2026-09-06 09:20:00,PT5M,99.98,100.0,100.0,84.6863,70.9215
644,704,740,135,33,0.15,43.8,4.4,234,2026-09-06 09:25:00,PT5M,100.0,100.0,100.0,85.0139,71.526
658,719,745,136,33,0.15,43.2,4.3,234,2026-09-06 09:30:00,PT5M,100.0,100.0,100.0,85.3195,72.1065
672,734,749,137,33,0.15,42.6,4.3,233,2026-09-06 09:35:00,PT5M,100.0,100.0,100.0,85.5787,72.599
686,748,754,138,33,0.15,42.0,4.3,233,2026-09-06 09:40:00,PT5M,100.0,100.0,100.0,85.7908,73.002
699,761,758,139,34,0.15,41.5,4.2,233,2026-09-06 09:45:00,PT5M,100.0,100.0,100.0,85.9942,73.3885
712,775,762,140,34,0.15,40.9,4.2,233,2026-09-06 09:50:00,PT5M,100.0,100.0,100.0,86.1831,73.7475
724,788,766,141,34,0.15,40.3,4.2,233,2026-09-06 09:55:00,PT5M,100.0,100.0,100.0,86.365,74.093
736,800,769,141,34,0.15,39.8,4.2,233,2026-09-06 10:00:00,PT5M,100.0,100.0,100.0,86.5392,74.424
748,812,773,142,34,0.15,39.3,4.1,233,2026-09-06 10:05:00,PT5M,100.0,100.0,100.0,86.7039,74.737
759,824,776,143,34,0.15,38.7,4.1,233,2026-09-06 10:10:00,PT5M,100.0,100.0,100.0,86.8602,75.034
770,835,779,143,35,0.15,38.2,4.1,233,2026-09-06 10:15:00,PT5M,100.0,100.0,100.0,87.0089,75.3165
780,846,782,144,35,0.15,37.7,4.0,232,2026-09-06 10:20:00,PT5M,100.0,100.0,100.0,87.1499,75.5845
790,856,784,145,35,0.15,37.2,4.0,232,2026-09-06 10:25:00,PT5M,100.0,100.0,100.0,87.2839,75.839
800,866,787,145,35,0.15,36.7,4.0,232,2026-09-06 10:30:00,PT5M,100.0,100.0,100.0,87.4113,76.081
809,875,789,146,35,0.15,36.2,4.0,232,2026-09-06 10:35:00,PT5M,100.0,100.0,100.0,87.5452,76.3355
817,884,791,146,36,0.15,35.7,3.9,232,2026-09-06 10:40:00,PT5M,100.0,100.0,100.0,87.6852,76.6015
825,893,793,147,36,0.15,35.2,3.9,232,2026-09-06 10:45:00,PT5M,100.0,100.0,100.0,87.8186,76.855
833,901,795,147,36,0.15,34.7,3.9,232,2026-09-06 10:50:00,PT5M,100.0,100.0,100.0,87.9441,77.0935
840,908,797,147,36,0.15,34.3,3.8,232,2026-09-06 10:55:00,PT5M,100.0,100.0,100.0,88.0605,77.3145
847,915,799,148,36,0.15,33.8,3.8,231,2026-09-06 11:00:00,PT5M,100.0,100.0,100.0,88.1662,77.5155
853,921,800,148,36,0.15,33.3,3.8,231,2026-09-06 11:05:00,PT5M,100.0,100.0,100.0,88.2478,77.6705
859,927,802,149,37,0.15,32.9,3.8,231,2026-09-06 11:10:00,PT5M,100.0,100.0,100.0,88.3365,77.839
864,933,803,149,37,0.15,32.4,3.7,231,2026-09-06 11:15:00,PT5M,100.0,100.0,100.0,88.427,78.011
869,938,804,149,37,0.15,32.0,3.7,231,2026-09-06 11:20:00,PT5M,100.0,100.0,100.0,88.506,78.161
873,942,805,149,37,0.15,31.6,3.7,231,2026-09-06 11:25:00,PT5M,100.0,100.0,100.0,88.5705,78.2835
877,946,806,150,37,0.15,31.2,3.6,231,2026-09-06 11:30:00,PT5M,100.0,100.0,100.0,88.6265,78.39
859,926,752,181,37,0.15,31.0,3.7,231,2026-09-06 11:35:00,PT5M,100.0,100.0,100.0,88.6281,78.393
857,923,740,188,37,0.15,31.1,3.8,231,2026-09-06 11:40:00,PT5M,100.0,100.0,100.0,88.576,78.294
855,920,728,195,37,0.15,31.1,3.9,231,2026-09-06 11:45:00,PT5M,100.0,100.0,100.0,88.5165,78.181
851,916,716,202,37,0.15,31.2,4.0,231,2026-09-06 11:50:00,PT5M,100.0,100.0,100.0,88.4431,78.0415
847,912,703,209,37,0.15,31.3,4.1,231,2026-09-06 11:55:00,PT5M,100.0,100.0,100.0,88.3618,77.887
843,906,690,217,37,0.15,31.3,4.2,232,2026-09-06 12:00:00,PT5M,100.0,100.0,100.0,88.2723,77.717
838,901,677,224,37,0.15,31.4,4.3,232,2026-09-06 12:05:00,PT5M,100.0,100.0,100.0,88.1744,77.531
833,895,665,230,37,0.15,31.5,4.4,232,2026-09-06 12:10:00,PT5M,99.717,100.0,100.0,87.7875,77.0505
827,888,652,237,37,0.15,31.6,4.5,232,2026-09-06 12:15:00,PT5M,99.172,100.0,100.0,87.1793,76.3855
821,881,639,243,37,0.15,31.6,4.6,232,2026-09-06 12:20:00,PT5M,98.609,100.0,100.0,86.4966,75.595
814,874,627,249,37,0.15,31.7,4.7,232,2026-09-06 12:25:00,PT5M,98.026,100.0,100.0,85.7859,74.7695
806,866,613,256,37,0.15,31.8,4.8,232,2026-09-06 12:30:00,PT5M,97.384,100.0,100.0,85.0037,73.861
799,857,600,262,37,0.15,31.9,4.8,232,2026-09-06 12:35:00,PT5M,96.718,100.0,100.0,84.1769,72.8895
790,848,587,267,37,0.15,31.9,4.9,232,2026-09-06 12:40:00,PT5M,96.031,100.0,100.0,83.3109,71.8625
782,838,574,273,37,0.15,32.0,5.0,233,2026-09-06 12:45:00,PT5M,95.321,100.0,100.0,82.4144,70.798
773,828,561,278,37,0.15,32.1,5.1,233,2026-09-06 12:50:00,PT5M,94.587,100.0,100.0,81.4864,69.6955
763,818,548,283,37,0.15,32.2,5.2,233,2026-09-06 12:55:00,PT5M,93.824,100.0,100.0,80.5145,68.5355
754,807,535,287,37,0.15,32.2,5.3,233,2026-09-06 13:00:00,PT5M,93.032,100.0,100.0,79.5041,67.3285
744,797,522,292,37,0.15,32.3,5.4,233,2026-09-06 13:05:00,PT5M,92.298,100.0,100.0,78.5598,66.195
733,785,510,296,37,0.15,32.4,5.5,233,2026-09-06 13:10:00,PT5M,91.479,100.0,100.0,77.5426,64.9995
723,774,497,299,37,0.15,32.5,5.6,233,2026-09-06 13:15:00,PT5M,90.613,100.0,100.0,76.4545,63.7115
712,762,485,302,37,0.15,32.5,5.7,233,2026-09-06 13:20:00,PT5M,89.711,100.0,100.0,75.3231,62.3735
701,749,472,305,37,0.15,32.6,5.8,233,2026-09-06 13:25:00,PT5M,88.775,100.0,100.0,74.1518,60.9905
689,737,460,308,37,0.15,32.7,5.9,233,2026-09-06 13:30:00,PT5M,87.806,100.0,100.0,72.9441,59.568
677,724,448,310,37,0.15,32.8,6.0,233,2026-09-06 13:35:00,PT5M,86.803,100.0,100.0,71.6888,58.0855
665,711,436,312,37,0.15,32.8,6.1,233,2026-09-06 13:40:00,PT5M,85.768,100.0,100.0,70.389,56.5475
653,698,424,313,36,0.15,32.9,6.2,234,2026-09-06 13:45:00,PT5M,84.699,100.0,100.0,69.054,54.973
640,684,412,314,36,0.15,33.0,6.3,234,2026-09-06 13:50:00,PT5M,83.601,100.0,99.5131,67.6889,53.3675
628,671,400,315,36,0.15,33.1,6.4,234,2026-09-06 13:55:00,PT5M,82.469,100.0,98.6498,66.2882,51.725
615,657,388,316,36,0.15,33.1,6.5,234,2026-09-06 14:00:00,PT5M,81.302,100.0,97.753,64.851,50.0445
602,643,377,316,36,0.15,33.2,6.6,234,2026-09-06 14:05:00,PT5M,80.097,100.0,96.8196,63.3744,48.3235
589,629,365,315,36,0.15,33.3,6.7,234,2026-09-06 14:10:00,PT5M,78.856,100.0,95.8518,61.8602,46.5635
575,614,354,315,36,0.15,33.4,6.8,234,2026-09-06 14:15:00,PT5M,77.533,100.0,94.8048,60.2612,44.716
562,599,343,314,36,0.15,33.5,6.9,234,2026-09-06 14:20:00,PT5M,76.223,100.0,93.7711,58.6749,42.881
548,585,331,312,36,0.15,33.5,7.0,234,2026-09-06 14:25:00,PT5M,74.876,100.0,92.7004,57.0516,41.009
534,570,320,311,36,0.15,33.6,7.1,234,2026-09-06 14:30:00,PT5M,73.452,100.0,91.5554,55.3486,39.055
520,555,309,309,36,0.15,33.8,7.1,234,2026-09-06 14:35:00,PT5M,72.05,100.0,90.4144,53.6856,37.157
506,540,299,306,36,0.15,34.0,7.0,234,2026-09-06 14:40:00,PT5M,70.682,100.0,89.2301,52.1339,35.44
492,525,289,303,36,0.15,34.3,7.0,234,2026-09-06 14:45:00,PT5M,69.276,100.0,87.9383,50.6137,33.817
479,510,278,300,36,0.15,34.5,6.9,234,2026-09-06 14:50:00,PT5M,67.831,100.0,86.601,49.061,32.1675
465,495,268,296,36,0.15,34.8,6.8,233,2026-09-06 14:55:00,PT5M,66.348,100.0,85.2177,47.4783,30.495
451,480,259,292,36,0.15,35.0,6.7,233,2026-09-06 15:00:00,PT5M,64.824,100.0,83.785,45.863,28.7975
436,465,247,289,35,0.15,35.3,6.7,233,2026-09-06 15:05:00,PT5M,63.175,99.324,82.2005,44.1495,27.026
422,449,235,285,35,0.15,35.5,6.6,233,2026-09-06 15:10:00,PT5M,61.459,97.61,80.4855,42.4325,25.308
408,434,224,282,35,0.15,35.8,6.5,233,2026-09-06 15:15:00,PT5M,59.72,95.89,78.7565,40.6835,23.55
393,419,212,277,35,0.15,36.0,6.4,232,2026-09-06 15:20:00,PT5M,57.965,94.1235,76.9955,38.9345,21.8065
379,403,201,273,35,0.15,36.3,6.3,232,2026-09-06 15:25:00,PT5M,56.11,92.2235,75.1168,37.1032,19.9965
364,388,189,268,35,0.15,36.6,6.3,232,2026-09-06 15:30:00,PT5M,54.181,90.2155,73.1462,35.2158,18.1465
