gti,ghi,dni,dhi,air_temp,albedo,relative_humidity,wind_speed_10m,wind_direction_10m,period_end,period,power,power_p10,power_p25,power_p75,power_p90
0,0,0,0,26,0.15,76.8,5.3,223,2026-09-03 00:20:00,PT5M,0.0,0.0,0.0,0.0,0.0
0,0,0,0,26,0.15,77.2,5.3,223,2026-09-03 00:25:00,PT5M,0.0,0.0,0.0,0.0,0.0
0,0,0,0,26,0.15,77.5,5.2,223,2026-09-03 00:30:00,PT5M,0.0,0.0,0.0,0.0,0.0
0,0,0,0,26,0.15,77.8,5.2,223,2026-09-03 00:35:00,PT5M,0.0,0.0,0.0,0.0,0.0
0,0,0,0,26,0.15,77.9,5.2,223,2026-09-03 00:40:00,PT5M,0.0,0.0,0.0,0.0,0.0
0,0,0,0,26,0.15,78.1,5.1,223,2026-09-03 00:45:00,PT5M,0.0,0.0,0.0,0.0,0.0
0,0,0,0,26,0.15,78.3,5.1,223,2026-09-03 00:50:00,PT5M,0.0,0.0,0.0,0.0,0.0
0,0,0,0,26,0.15,78.4,5.0,223,2026-09-03 00:55:00,PT5M,0.0,0.0,0.0,0.0,0.0
0,0,0,0,26,0.15,78.6,5.0,223,2026-09-03 01:00:00,PT5M,0.0,0.0,0.0,0.0,0.0
0,0,0,0,26,0.15,78.7,5.0,223,2026-09-03 01:05:00,PT5M,0.0,0.0,0.0,0.0,0.0
0,0,0,0,26,0.15,78.9,4.9,223,2026-09-03 01:10:00,PT5M,0.0,0.0,0.0,0.0,0.0
0,0,0,0,26,0.15,79.0,4.9,223,2026-09-03 01:15:00,PT5M,0.0,0.0,0.0,0.0,0.0
0,0,0,0,26,0.15,79.2,4.8,223,2026-09-03 01:20:00,PT5M,0.0,0.0,0.0,0.0,0.0
0,0,0,0,26,0.15,79.3,4.8,223,2026-09-03 01:25:00,PT5M,0.0,0.0,0.0,0.0,0.0
0,0,0,0,26,0.15,79.5,4.8,222,2026-09-03 01:30:00,PT5M,0.0,0.0,0.0,0.0,0.0
0,0,0,0,26,0.15,79.6,4.7,223,2026-09-03 01:35:00,PT5M,0.0,0.0,0.0,0.0,0.0
0,0,0,0,26,0.15,79.7,4.7,223,2026-09-03 01:40:00,PT5M,0.0,0.0,0.0,0.0,0.0
0,0,0,0,26,0.15,79.8,4.7,223,2026-09-03 01:45:00,PT5M,0.0,0.0,0.0,0.0,0.0
0,0,0,0,26,0.15,79.9,4.7,223,2026-09-03 01:50:00,PT5M,0.0,0.0,0.0,0.0,0.0
0,0,0,0,26,0.15,79.9,4.7,223,2026-09-03 01:55:00,PT5M,0.0,0.0,0.0,0.0,0.0
0,0,0,0,26,0.15,80.0,4.6,224,2026-09-03 02:00:00,PT5M,0.0,0.0,0.0,0.0,0.0
0,0,0,0,26,0.15,80.1,4.6,224,2026-09-03 02:05:00,PT5M,0.0,0.0,0.0,0.0,0.0
0,0,0,0,26,0.15,80.2,4.6,224,2026-09-03 02:10:00,PT5M,0.0,0.0,0.0,0.0,0.0
0,0,0,0,26,0.15,80.2,4.6,224,2026-09-03 02:15:00,PT5M,0.0,0.0,0.0,0.0,0.0
0,0,0,0,26,0.15,80.3,4.6,224,2026-09-03 02:20:00,PT5M,0.0,0.0,0.0,0.0,0.0
0,0,0,0,26,0.15,80.4,4.6,225,2026-09-03 02:25:00,PT5M,0.0,0.0,0.0,0.0,0.0
0,0,0,0,26,0.15,80.5,4.5,225,2026-09-03 02:30:00,PT5M,0.0,0.0,0.0,0.0,0.0
0,0,0,0,26,0.15,80.5,4.5,225,2026-09-03 02:35:00,PT5M,0.0,0.0,0.0,0.0,0.0
0,0,0,0,26,0.15,80.5,4.5,225,2026-09-03 02:40:00,PT5M,0.0,0.0,0.0,0.0,0.0
0,0,0,0,26,0.15,80.4,4.5,225,2026-09-03 02:45:00,PT5M,0.0,0.0,0.0,0.0,0.0
0,0,0,0,26,0.15,80.4,4.5,225,2026-09-03 02:50:00,PT5M,0.0,0.0,0.0,0.0,0.0
0,0,0,0,26,0.15,80.3,4.5,225,2026-09-03 02:55:00,PT5M,0.0,0.0,0.0,0.0,0.0
0,0,0,0,26,0.15,80.3,4.5,225,2026-09-03 03:00:00,PT5M,0.0,0.0,0.0,0.0,0.0
0,0,0,0,26,0.15,80.2,4.5,225,2026-09-03 03:05:00,PT5M,0.0,0.0,0.0,0.0,0.0
0,0,0,0,26,0.15,80.2,4.5,226,2026-09-03 03:10:00,PT5M,0.0,0.0,0.0,0.0,0.0
0,0,0,0,26,0.15,80.2,4.5,226,2026-09-03 03:15:00,PT5M,0.0,0.0,0.0,0.0,0.0
0,0,0,0,25,0.15,80.1,4.5,226,2026-09-03 03:20:00,PT5M,0.0,0.0,0.0,0.0,0.0
0,0,0,0,25,0.15,80.1,4.5,226,2026-09-03 03:25:00,PT5M,0.0,0.0,0.0,0.0,0.0
0,0,0,0,25,0.15,80.0,4.5,226,2026-09-03 03:30:00,PT5M,0.0,0.0,0.0,0.0,0.0
0,0,0,0,25,0.15,80.0,4.5,226,2026-09-03 03:35:00,PT5M,0.0,0.0,0.0,0.0,0.0
0,0,0,0,25,0.15,79.9,4.5,225,2026-09-03 03:40:00,PT5M,0.0,0.0,0.0,0.0,0.0
0,0,0,0,25,0.15,79.8,4.5,225,2026-09-03 03:45:00,PT5M,0.0,0.0,0.0,0.0,0.0
0,0,0,0,25,0.15,79.7,4.5,224,2026-09-03 03:50:00,PT5M,0.0,0.0,0.0,0.0,0.0
0,0,0,0,25,0.15,79.6,4.5,224,2026-09-03 03:55:00,PT5M,0.0,0.0,0.0,0.0,0.0
0,0,0,0,25,0.15,79.6,4.5,223,2026-09-03 04:00:00,PT5M,0.0,0.0,0.0,0.0,0.0
0,0,0,0,25,0.15,79.5,4.5,223,2026-09-03 04:05:00,PT5M,0.0,0.0,0.0,0.0,0.0
0,0,0,0,25,0.15,79.4,4.5,223,2026-09-03 04:10:00,PT5M,0.0,0.0,0.0,0.0,0.0
0,0,0,0,25,0.15,79.3,4.5,222,2026-09-03 04:15:00,PT5M,0.0,0.0,0.0,0.0,0.0
0,0,0,0,25,0.15,79.2,4.5,222,2026-09-03 04:20:00,PT5M,0.0,0.0,0.0,0.0,0.0
0,0,0,0,25,0.15,79.1,4.5,221,2026-09-03 04:25:00,PT5M,0.0,0.0,0.0,0.0,0.0
0,0,0,0,25,0.15,79.1,4.5,221,2026-09-03 04:30:00,PT5M,0.0,0.0,0.0,0.0,0.0
0,0,0,0,25,0.15,79.0,4.5,221,2026-09-03 04:35:00,PT5M,0.0,0.0,0.0,0.0,0.0
0,0,0,0,25,0.15,79.0,4.5,221,2026-09-03 04:40:00,PT5M,0.0,0.0,0.0,0.0,0.0
0,0,0,0,25,0.15,79.0,4.5,221,2026-09-03 04:45:00,PT5M,0.0,0.0,0.0,0.0,0.0
0,0,0,0,25,0.15,79.0,4.4,221,2026-09-03 04:50:00,PT5M,0.0,0.0,0.0,0.0,0.0
0,0,0,0,25,0.15,79.0,4.4,221,2026-09-03 04:55:00,PT5M,0.0,0.0,0.0,0.0,0.0
0,0,0,0,25,0.15,79.0,4.4,222,2026-09-03 05:00:00,PT5M,0.0,0.0,0.0,0.0,0.0
0,0,0,0,25,0.15,79.0,4.4,222,2026-09-03 05:05:00,PT5M,0.0,0.0,0.0,0.0,0.0
0,0,0,0,25,0.15,79.0,4.4,222,2026-09-03 05:10:00,PT5M,0.0,0.0,0.0,0.0,0.0
0,0,0,0,25,0.15,79.0,4.4,222,2026-09-03 05:15:00,PT5M,0.0,0.0,0.0,0.0,0.0
0,0,0,0,25,0.15,79.0,4.4,223,2026-09-03 05:20:00,PT5M,0.0,0.0,0.0,0.0,0.0
0,0,0,0,25,0.15,79.0,4.4,223,2026-09-03 05:25:00,PT5M,0.0,0.0,0.0,0.0,0.0
0,0,0,0,25,0.15,79.0,4.4,223,2026-09-03 05:30:00,PT5M,0.0,0.0,0.0,0.0,0.0
0,0,0,0,25,0.15,78.9,4.4,223,2026-09-03 05:35:00,PT5M,0.0,0.0,0.0,0.0,0.0
0,0,0,0,25,0.15,78.8,4.3,224,2026-09-03 05:40:00,PT5M,0.0,0.0,0.0,0.0,0.0
0,0,0,0,25,0.15,78.6,4.3,224,2026-09-03 05:45:00,PT5M,0.0,0.0,0.0,0.0,0.0
0,0,0,0,25,0.15,78.4,4.3,225,2026-09-03 05:50:00,PT5M,0.0,0.0,0.0,0.0,0.0
0,0,0,0,25,0.15,78.3,4.3,225,2026-09-03 05:55:00,PT5M,0.0,0.0,0.0,0.0,0.0
0,0,0,0,25,0.15,78.1,4.3,226,2026-09-03 06:00:00,PT5M,0.0,0.0,0.0,0.0,0.0
3,3,0,3,25,0.15,78.0,4.2,226,2026-09-03 06:05:00,PT5M,0.0,0.0,0.0,0.0,0.0
12,12,0,12,25,0.15,77.8,4.2,227,2026-09-03 06:10:00,PT5M,0.904,1.3175,1.1216,0.6864,0.4905
20,22,23,20,25,0.15,77.7,4.2,227,2026-09-03 06:15:00,PT5M,2.249,3.113,2.7037,1.7943,1.385
31,33,68,27,25,0.15,77.5,4.2,228,2026-09-03 06:20:00,PT5M,4.213,5.9695,5.1375,3.2885,2.4565
43,46,119,34,25,0.15,77.3,4.1,228,2026-09-03 06:25:00,PT5M,6.859,9.912,8.4658,5.2522,3.806
56,60,157,41,25,0.15,77.2,4.1,229,2026-09-03 06:30:00,PT5M,9.831,14.251,12.1573,7.5047,5.411
71,75,196,47,25,0.15,76.7,4.1,229,2026-09-03 06:35:00,PT5M,13.418,19.3975,16.5651,10.2709,7.4385
86,91,236,53,26,0.15,75.9,4.1,229,2026-09-03 06:40:00,PT5M,17.317,24.943,21.3306,13.3034,9.691
103,108,274,58,26,0.15,75.1,4.1,229,2026-09-03 06:45:00,PT5M,21.399,30.69,26.2889,16.5091,12.108
120,126,311,63,26,0.15,74.3,4.1,230,2026-09-03 06:50:00,PT5M,25.638,36.532,31.3716,19.9044,14.744
138,145,346,67,26,0.15,73.6,4.1,230,2026-09-03 06:55:00,PT5M,30.024,42.506,36.5934,23.4546,17.542
157,164,380,71,26,0.15,72.8,4.1,230,2026-09-03 07:00:00,PT5M,34.591,48.7365,42.0359,27.1461,20.4455
176,183,409,74,26,0.15,72.1,4.1,230,2026-09-03 07:05:00,PT5M,39.248,55.1475,47.616,30.88,23.3485
194,202,429,79,27,0.15,71.3,4.1,230,2026-09-03 07:10:00,PT5M,43.706,61.4435,53.0414,34.3706,25.9685
213,221,448,83,27,0.15,70.6,4.1,230,2026-09-03 07:15:00,PT5M,48.227,67.8355,58.5471,37.9069,28.6185
231,239,465,87,27,0.15,69.9,4.1,230,2026-09-03 07:20:00,PT5M,52.864,74.364,64.1796,41.5484,31.364
250,258,481,91,27,0.15,69.1,4.1,231,2026-09-03 07:25:00,PT5M,57.401,80.8125,69.7226,45.0794,33.9895
269,277,496,95,27,0.15,68.4,4.1,231,2026-09-03 07:30:00,PT5M,61.92,87.249,75.2508,48.5892,36.591
287,296,508,99,27,0.15,67.5,4.1,231,2026-09-03 07:35:00,PT5M,66.353,93.614,80.7007,52.0053,39.092
306,314,519,103,28,0.15,66.2,4.2,231,2026-09-03 07:40:00,PT5M,70.706,99.9425,86.0934,55.3186,41.4695
324,333,529,107,28,0.15,65.0,4.2,232,2026-09-03 07:45:00,PT5M,75.163,100.0,91.6719,58.6541,43.7955
342,351,539,110,28,0.15,63.9,4.3,232,2026-09-03 07:50:00,PT5M,77.16,100.0,93.8947,60.4253,45.3635
361,369,548,114,28,0.15,62.7,4.3,232,2026-09-03 07:55:00,PT5M,78.853,100.0,95.7054,62.0006,46.833
379,388,556,118,29,0.15,61.6,4.4,232,2026-09-03 08:00:00,PT5M,80.454,100.0,97.409,63.499,48.239
397,406,564,122,29,0.15,60.5,4.4,232,2026-09-03 08:05:00,PT5M,81.951,100.0,99.0241,64.8779,49.5115
414,423,571,125,29,0.15,59.4,4.5,233,2026-09-03 08:10:00,PT5M,83.33,100.0,100.0,66.1976,50.778
432,441,577,129,29,0.15,58.3,4.5,233,2026-09-03 08:15:00,PT5M,84.577,100.0,100.0,67.4144,51.9675
449,458,584,132,29,0.15,57.3,4.6,233,2026-09-03 08:20:00,PT5M,85.68,100.0,100.0,68.5205,53.0765
466,475,589,136,30,0.15,56.2,4.6,233,2026-09-03 08:25:00,PT5M,86.627,100.0,100.0,69.5112,54.1065
483,492,594,140,30,0.15,55.2,4.7,234,2026-09-03 08:30:00,PT5M,87.418,100.0,100.0,70.3867,55.058
500,509,600,143,30,0.15,54.3,4.7,234,2026-09-03 08:35:00,PT5M,88.297,100.0,100.0,71.3741,56.143
518,527,608,145,30,0.15,53.4,4.7,234,2026-09-03 08:40:00,PT5M,89.27,100.0,100.0,72.4766,57.362
535,544,617,147,31,0.15,52.5,4.6,234,2026-09-03 08:45:00,PT5M,90.187,100.0,100.0,73.5294,58.537
552,561,624,149,31,0.15,51.6,4.6,234,2026-09-03 08:50:00,PT5M,91.052,100.0,100.0,74.4333,59.476
569,578,632,150,31,0.15,50.7,4.5,234,2026-09-03 08:55:00,PT5M,91.875,100.0,100.0,75.3945,60.5615
586,595,639,152,31,0.15,49.8,4.5,234,2026-09-03 09:00:00,PT5M,92.658,100.0,100.0,76.3446,61.662
602,611,646,153,31,0.15,49.0,4.5,235,2026-09-03 09:05:00,PT5M,93.414,100.0,100.0,77.3845,62.9575
619,628,655,154,32,0.15,48.2,4.4,235,2026-09-03 09:10:00,PT5M,94.257,100.0,100.0,78.5191,64.3545
636,645,664,154,32,0.15,47.4,4.4,235,2026-09-03 09:15:00,PT5M,95.064,100.0,100.0,79.6111,65.703
652,661,673,154,32,0.15,46.6,4.3,235,2026-09-03 09:20:00,PT5M,95.838,100.0,100.0,80.6638,67.0065
668,677,682,154,32,0.15,45.8,4.3,235,2026-09-03 09:25:00,PT5M,96.579,100.0,100.0,81.6769,68.2645
684,693,690,154,33,0.15,45.0,4.3,235,2026-09-03 09:30:00,PT5M,97.29,100.0,100.0,82.6534,69.48
698,707,696,155,33,0.15,44.3,4.2,235,2026-09-03 09:35:00,PT5M,97.842,100.0,100.0,83.4383,70.4745
712,721,699,157,33,0.15,43.6,4.2,235,2026-09-03 09:40:00,PT5M,98.286,100.0,100.0,84.0823,71.2985
725,734,702,159,33,0.15,43.0,4.2,235,2026-09-03 09:45:00,PT5M,98.654,100.0,100.0,84.644,72.0345
737,746,703,161,33,0.15,42.3,4.2,234,2026-09-03 09:50:00,PT5M,98.94,100.0,100.0,85.1086,72.66
749,757,705,163,34,0.15,41.7,4.2,234,2026-09-03 09:55:00,PT5M,99.207,100.0,100.0,85.5475,73.2535
760,769,706,166,34,0.15,41.0,4.2,233,2026-09-03 10:00:00,PT5M,99.457,100.0,100.0,85.9625,73.817
771,780,707,168,34,0.15,40.4,4.2,233,2026-09-03 10:05:00,PT5M,99.689,100.0,100.0,86.3511,74.3465
781,790,708,170,34,0.15,39.8,4.2,233,2026-09-03 10:10:00,PT5M,99.903,100.0,100.0,86.7137,74.843
792,800,709,172,34,0.15,39.2,4.2,232,2026-09-03 10:15:00,PT5M,100.0,100.0,100.0,86.9523,75.209
801,810,709,174,35,0.15,38.6,4.1,232,2026-09-03 10:20:00,PT5M,100.0,100.0,100.0,87.0865,75.464
810,819,710,176,35,0.15,38.0,4.1,232,2026-09-03 10:25:00,PT5M,100.0,100.0,100.0,87.2139,75.706
819,827,710,178,35,0.15,37.4,4.1,231,2026-09-03 10:30:00,PT5M,100.0,100.0,100.0,87.3355,75.937
826,835,707,182,35,0.15,37.0,4.1,231,2026-09-03 10:35:00,PT5M,100.0,100.0,100.0,87.4226,76.1025
832,840,701,187,35,0.15,36.6,4.1,231,2026-09-03 10:40:00,PT5M,100.0,100.0,100.0,87.4757,76.2035
837,845,695,192,35,0.15,36.3,4.1,230,2026-09-03 10:45:00,PT5M,100.0,100.0,100.0,87.5234,76.294
841,849,689,197,36,0.15,35.9,4.1,230,2026-09-03 10:50:00,PT5M,100.0,100.0,100.0,87.5644,76.372
845,853,683,202,36,0.15,35.6,4.1,230,2026-09-03 10:55:00,PT5M,99.942,100.0,100.0,87.5393,76.3765
849,857,677,207,36,0.15,35.3,4.1,230,2026-09-03 11:00:00,PT5M,99.731,100.0,100.0,87.352,76.2105
852,860,671,212,36,0.15,34.9,4.1,229,2026-09-03 11:05:00,PT5M,99.498,100.0,100.0,87.1203,75.98
854,862,665,217,36,0.15,34.6,4.1,229,2026-09-03 11:10:00,PT5M,99.255,100.0,100.0,86.8826,75.747
856,864,658,222,36,0.15,34.3,4.1,229,2026-09-03 11:15:00,PT5M,99.001,100.0,100.0,86.6378,75.5105
858,865,652,227,36,0.15,34.0,4.1,229,2026-09-03 11:20:00,PT5M,98.733,100.0,100.0,86.3708,75.2445
859,866,645,232,37,0.15,33.7,4.0,228,2026-09-03 11:25:00,PT5M,98.447,100.0,100.0,86.0704,74.931
859,867,638,236,37,0.15,33.3,4.0,228,2026-09-03 11:30:00,PT5M,98.145,100.0,100.0,85.7465,74.5875
857,864,627,243,37,0.15,33.1,4.1,228,2026-09-03 11:35:00,PT5M,97.603,100.0,100.0,85.1758,73.991
852,859,611,253,37,0.15,32.8,4.1,228,2026-09-03 11:40:00,PT5M,96.822,100.0,100.0,84.2588,72.9515
847,854,595,262,37,0.15,32.6,4.1,227,2026-09-03 11:45:00,PT5M,96.028,100.0,100.0,83.3224,71.887
840,847,578,271,37,0.15,32.3,4.1,227,2026-09-03 11:50:00,PT5M,95.194,100.0,100.0,82.3358,70.763
834,840,562,279,37,0.15,32.1,4.2,227,2026-09-03 11:55:00,PT5M,94.333,100.0,100.0,81.3135,69.5955
826,833,546,288,37,0.15,31.8,4.2,227,2026-09-03 12:00:00,PT5M,93.457,100.0,100.0,80.2696,68.4005
819,825,530,296,37,0.15,31.6,4.2,226,2026-09-03 12:05:00,PT5M,92.62,100.0,100.0,79.2576,67.231
811,817,514,304,38,0.15,31.4,4.3,226,2026-09-03 12:10:00,PT5M,91.802,100.0,100.0,78.257,66.066
802,809,498,311,38,0.15,31.1,4.3,226,2026-09-03 12:15:00,PT5M,90.99,100.0,100.0,77.2558,64.8945
793,800,483,318,38,0.15,30.9,4.3,226,2026-09-03 12:20:00,PT5M,90.157,100.0,100.0,76.2278,63.691
784,790,467,325,38,0.15,30.7,4.3,225,2026-09-03 12:25:00,PT5M,89.302,100.0,100.0,75.172,62.4545
774,780,452,331,38,0.15,30.4,4.4,225,2026-09-03 12:30:00,PT5M,88.392,100.0,100.0,74.0517,61.145
766,772,440,335,38,0.15,30.3,4.4,225,2026-09-03 12:35:00,PT5M,87.692,100.0,100.0,73.1736,60.1065
760,766,433,338,38,0.15,30.3,4.4,224,2026-09-03 12:40:00,PT5M,87.208,100.0,100.0,72.5448,59.3475
753,759,426,339,38,0.15,30.2,4.5,223,2026-09-03 12:45:00,PT5M,86.699,100.0,100.0,71.8856,58.553
746,752,418,341,38,0.15,30.2,4.5,222,2026-09-03 12:50:00,PT5M,86.163,100.0,100.0,71.1932,57.72
739,744,411,343,38,0.15,30.1,4.6,221,2026-09-03 12:55:00,PT5M,85.595,100.0,100.0,70.4597,56.8375
731,737,404,344,38,0.15,30.1,4.6,220,2026-09-03 13:00:00,PT5M,84.991,100.0,100.0,69.6781,55.896
723,728,396,345,38,0.15,30.1,4.6,219,2026-09-03 13:05:00,PT5M,84.368,100.0,99.8549,68.8811,54.9425
714,720,389,346,38,0.15,30.0,4.7,218,2026-09-03 13:10:00,PT5M,83.737,100.0,99.3865,68.0875,54.0025
706,711,382,346,38,0.15,30.0,4.7,218,2026-09-03 13:15:00,PT5M,83.064,100.0,98.8901,67.2379,52.994
697,702,374,346,38,0.15,29.9,4.8,217,2026-09-03 13:20:00,PT5M,82.351,100.0,98.3647,66.3373,51.9245
687,692,367,347,38,0.15,29.9,4.8,216,2026-09-03 13:25:00,PT5M,81.604,100.0,97.8106,65.3974,50.811
677,683,360,346,38,0.15,29.8,4.9,215,2026-09-03 13:30:00,PT5M,80.824,100.0,97.2274,64.4206,49.657
667,672,352,346,38,0.15,30.0,4.9,215,2026-09-03 13:35:00,PT5M,79.988,100.0,96.5972,63.3788,48.43
656,661,343,346,38,0.15,30.4,5.0,215,2026-09-03 13:40:00,PT5M,79.039,100.0,95.8624,62.2156,47.074
644,649,334,345,38,0.15,30.8,5.0,216,2026-09-03 13:45:00,PT5M,78.114,100.0,95.1535,61.0745,45.7385
633,638,326,344,38,0.15,31.2,5.1,216,2026-09-03 13:50:00,PT5M,77.161,100.0,94.4176,59.9044,44.373
621,626,317,343,37,0.15,31.6,5.2,216,2026-09-03 13:55:00,PT5M,76.177,100.0,93.6525,58.7015,42.973
609,614,309,341,37,0.15,32.0,5.2,217,2026-09-03 14:00:00,PT5M,75.159,100.0,92.8556,57.4624,41.535
597,601,301,340,37,0.15,32.4,5.3,217,2026-09-03 14:05:00,PT5M,74.107,100.0,92.0262,56.1878,40.06
584,589,292,338,37,0.15,32.8,5.3,217,2026-09-03 14:10:00,PT5M,73.021,100.0,91.1644,54.8776,38.548
572,576,284,335,37,0.15,33.2,5.4,218,2026-09-03 14:15:00,PT5M,71.896,100.0,90.2673,53.5247,36.99
559,563,276,333,37,0.15,33.6,5.5,218,2026-09-03 14:20:00,PT5M,70.738,100.0,89.338,52.138,35.3975
546,550,267,330,36,0.15,34.1,5.5,218,2026-09-03 14:25:00,PT5M,69.546,100.0,88.3752,50.7168,33.77
532,537,259,327,36,0.15,34.5,5.6,218,2026-09-03 14:30:00,PT5M,68.294,100.0,87.355,49.233,32.0775
520,524,251,323,36,0.15,34.8,5.6,219,2026-09-03 14:35:00,PT5M,67.098,100.0,86.3766,47.8194,30.468
507,512,246,319,36,0.15,34.9,5.7,221,2026-09-03 14:40:00,PT5M,65.984,100.0,85.4655,46.5025,28.9685
495,499,240,314,36,0.15,35.1,5.7,222,2026-09-03 14:45:00,PT5M,64.838,100.0,84.5232,45.1528,27.4355
483,487,234,309,36,0.15,35.2,5.7,224,2026-09-03 14:50:00,PT5M,63.659,100.0,83.5045,43.8135,25.952
470,474,227,305,36,0.15,35.4,5.7,225,2026-09-03 14:55:00,PT5M,62.447,100.0,82.3606,42.5334,24.6105
457,461,221,299,36,0.15,35.5,5.8,226,2026-09-03 15:00:00,PT5M,61.201,99.1535,81.1757,41.2263,23.2485
444,448,215,294,36,0.15,35.7,5.8,228,2026-09-03 15:05:00,PT5M,59.952,98.0055,79.9798,39.9242,21.8985
431,435,209,289,36,0.15,35.8,5.9,229,2026-09-03 15:10:00,PT5M,58.685,96.819,78.7552,38.6148,20.551
419,422,204,283,36,0.15,36.0,5.9,230,2026-09-03 15:15:00,PT5M,57.433,95.626,77.5342,37.3318,19.24
406,409,198,277,36,0.15,36.1,6.0,232,2026-09-03 15:20:00,PT5M,56.146,94.379,76.2683,36.0237,17.913
393,396,193,270,35,0.15,36.3,6.0,233,2026-09-03 15:25:00,PT5M,54.822,93.0755,74.9551,34.6889,16.5685
379,383,187,264,35,0.15,36.4,6.1,234,2026-09-03 15:30:00,PT5M,53.447,91.7025,73.5811,33.3129,15.1915
366,370,182,257,35,0.15,36.7,6.1,235,2026-09-03 15:35:00,PT5M,52.073,90.3135,72.1992,31.9468,13.8325
353,357,177,250,35,0.15,37.1,6.1,234,2026-09-03 15:40:00,PT5M,50.704,88.8505,70.7808,30.6272,12.5575
340,343,172,243,35,0.15,37.5,6.0,234,2026-09-03 15:45:00,PT5M,49.292,87.373,69.3343,29.2497,11.211
327,330,167,235,35,0.15,37.8,6.0,233,2026-09-03 15:50:00,PT5M,47.842,85.8105,67.8251,27.8589,9.8735
313,317,162,228,35,0.15,38.2,6.0,232,2026-09-03 15:55:00,PT5M,46.342,84.099,66.2138,26.4702,8.585
300,303,156,220,35,0.15,38.6,6.0,232,2026-09-03 16:00:00,PT5M,44.78,82.2505,64.501,25.059,7.3095
286,289,150,212,35,0.15,39.0,5.9,231,2026-09-03 16:05:00,PT5M,43.16,80.274,62.6934,23.6266,6.046
273,276,144,204,34,0.15,39.4,5.9,231,2026-09-03 16:10:00,PT5M,41.484,78.1825,60.7987,22.1693,4.7855
259,262,138,196,34,0.15,39.8,5.9,230,2026-09-03 16:15:00,PT5M,39.758,75.992,58.8282,20.6878,3.524
246,249,132,188,34,0.15,40.2,5.9,229,2026-09-03 16:20:00,PT5M,37.987,73.715,56.7909,19.1831,2.259
232,235,126,180,34,0.15,40.6,5.8,229,2026-09-03 16:25:00,PT5M,36.176,71.362,54.6946,17.6574,0.99
219,222,119,172,34,0.15,41.0,5.8,228,2026-09-03 16:30:00,PT5M,34.071,67.479,51.6539,16.4881,0.663
206,209,114,163,34,0.15,41.5,5.8,228,2026-09-03 16:35:00,PT5M,31.977,63.257,48.4399,15.5141,0.697
194,196,110,155,34,0.15,41.9,5.8,227,2026-09-03 16:40:00,PT5M,29.992,59.1735,45.3504,14.6336,0.8105
182,184,106,146,34,0.15,42.4,5.8,227,2026-09-03 16:45:00,PT5M,27.955,55.049,42.2148,13.6952,0.861
169,171,101,137,33,0.15,42.9,5.8,227,2026-09-03 16:50:00,PT5M,25.878,50.886,39.0399,12.7161,0.87
157,159,95,129,33,0.15,43.3,5.8,226,2026-09-03 16:55:00,PT5M,23.753,46.6785,35.8189,11.6871,0.8275
144,146,89,120,33,0.15,43.8,5.8,226,2026-09-03 17:00:00,PT5M,21.606,42.465,32.5842,10.6278,0.747
132,134,82,111,33,0.15,44.3,5.8,226,2026-09-03 17:05:00,PT5M,19.543,38.363,29.4481,9.6379,0.723
119,121,73,102,33,0.15,44.8,5.8,226,2026-09-03 17:10:00,PT5M,17.371,34.206,26.2314,8.5106,0.536
106,108,60,94,33,0.15,45.3,5.7,225,2026-09-03 17:15:00,PT5M,15.071,30.0175,22.9374,7.2046,0.1245
94,95,47,85,33,0.15,45.8,5.7,225,2026-09-03 17:20:00,PT5M,12.852,25.9875,19.7653,5.9387,0.0
81,82,32,76,32,0.15,46.3,5.7,225,2026-09-03 17:25:00,PT5M,10.663,22.008,16.634,4.692,0.0
70,70,17,67,32,0.15,46.8,5.7,224,2026-09-03 17:30:00,PT5M,8.682,18.202,13.6924,3.6716,0.0
58,58,0,58,32,0.15,47.4,5.7,224,2026-09-03 17:35:00,PT5M,6.773,14.4605,10.819,2.727,0.0
47,47,0,47,32,0.15,48.0,5.8,224,2026-09-03 17:40:00,PT5M,5.285,11.197,8.3965,2.1735,0.0
36,36,0,36,32,0.15,48.6,5.8,224,2026-09-03 17:45:00,PT5M,3.96,8.2745,6.2308,1.6892,0.0
27,27,0,27,32,0.15,49.2,5.8,224,2026-09-03 17:50:00,PT5M,2.817,5.7465,4.3588,1.2752,0.0
18,18,0,18,31,0.15,49.8,5.8,224,2026-09-03 17:55:00,PT5M,1.755,3.374,2.6071,0.9029,0.136
11,11,0,11,31,0.15,50.4,5.8,223,2026-09-03 18:00:00,PT5M,0.789,1.5645,1.1972,0.3808,0.0135
5,5,0,5,31,0.15,51.1,5.8,223,2026-09-03 18:05:00,PT5M,0.0,0.113,0.0595,0.0,0.0
0,0,0,0,31,0.15,51.7,5.9,223,2026-09-03 18:10:00,PT5M,0.0,0.0,0.0,0.0,0.0
0,0,0,0,31,0.15,52.4,5.9,223,2026-09-03 18:15:00,PT5M,0.0,0.0,0.0,0.0,0.0
0,0,0,0,30,0.15,53.0,5.9,223,2026-09-03 18:20:00,PT5M,0.0,0.0,0.0,0.0,0.0
0,0,0,0,30,0.15,53.7,5.9,223,2026-09-03 18:25:00,PT5M,0.0,0.0,0.0,0.0,0.0
0,0,0,0,30,0.15,54.4,5.9,222,2026-09-03 18:30:00,PT5M,0.0,0.0,0.0,0.0,0.0
0,0,0,0,30,0.15,55.0,5.9,222,2026-09-03 18:35:00,PT5M,0.0,0.0,0.0,0.0,0.0
0,0,0,0,30,0.15,55.4,5.9,222,2026-09-03 18:40:00,PT5M,0.0,0.0,0.0,0.0,0.0
0,0,0,0,30,0.15,55.9,5.8,222,2026-09-03 18:45:00,PT5M,0.0,0.0,0.0,0.0,0.0
0,0,0,0,30,0.15,56.4,5.8,221,2026-09-03 18:50:00,PT5M,0.0,0.0,0.0,0.0,0.0
0,0,0,0,29,0.15,56.9,5.7,221,2026-09-03 18:55:00,PT5M,0.0,0.0,0.0,0.0,0.0
0,0,0,0,29,0.15,57.4,5.7,221,2026-09-03 19:00:00,PT5M,0.0,0.0,0.0,0.0,0.0
0,0,0,0,29,0.15,58.0,5.7,221,2026-09-03 19:05:00,PT5M,0.0,0.0,0.0,0.0,0.0
0,0,0,0,29,0.15,58.5,5.6,220,2026-09-03 19:10:00,PT5M,0.0,0.0,0.0,0.0,0.0
0,0,0,0,29,0.15,59.0,5.6,220,2026-09-03 19:15:00,PT5M,0.0,0.0,0.0,0.0,0.0
0,0,0,0,29,0.15,59.5,5.5,220,2026-09-03 19:20:00,PT5M,0.0,0.0,0.0,0.0,0.0
0,0,0,0,29,0.15,60.1,5.5,219,2026-09-03 19:25:00,PT5M,0.0,0.0,0.0,0.0,0.0
0,0,0,0,29,0.15,60.6,5.4,219,2026-09-03 19:30:00,PT5M,0.0,0.0,0.0,0.0,0.0
0,0,0,0,29,0.15,61.2,5.4,219,2026-09-03 19:35:00,PT5M,0.0,0.0,0.0,0.0,0.0
0,0,0,0,29,0.15,61.8,5.3,219,2026-09-03 19:40:00,PT5M,0.0,0.0,0.0,0.0,0.0
0,0,0,0,28,0.15,62.4,5.3,219,2026-09-03 19:45:00,PT5M,0.0,0.0,0.0,0.0,0.0
0,0,0,0,28,0.15,63.0,5.2,219,2026-09-03 19:50:00,PT5M,0.0,0.0,0.0,0.0,0.0
0,0,0,0,28,0.15,63.6,5.1,219,2026-09-03 19:55:00,PT5M,0.0,0.0,0.0,0.0,0.0
0,0,0,0,28,0.15,64.3,5.1,219,2026-09-03 20:00:00,PT5M,0.0,0.0,0.0,0.0,0.0
0,0,0,0,28,0.15,64.9,5.0,219,2026-09-03 20:05:00,PT5M,0.0,0.0,0.0,0.0,0.0
0,0,0,0,28,0.15,65.5,5.0,218,2026-09-03 20:10:00,PT5M,0.0,0.0,0.0,0.0,0.0
0,0,0,0,28,0.15,66.2,4.9,218,2026-09-03 20:15:00,PT5M,0.0,0.0,0.0,0.0,0.0
0,0,0,0,28,0.15,66.9,4.8,218,2026-09-03 20:20:00,PT5M,0.0,0.0,0.0,0.0,0.0
0,0,0,0,28,0.15,67.5,4.8,218,2026-09-03 20:25:00,PT5M,0.0,0.0,0.0,0.0,0.0
0,0,0,0,28,0.15,68.2,4.7,218,2026-09-03 20:30:00,PT5M,0.0,0.0,0.0,0.0,0.0
0,0,0,0,27,0.15,68.7,4.7,218,2026-09-03 20:35:00,PT5M,0.0,0.0,0.0,0.0,0.0
0,0,0,0,27,0.15,69.0,4.7,219,2026-09-03 20:40:00,PT5M,0.0,0.0,0.0,0.0,0.0
0,0,0,0,27,0.15,69.4,4.7,219,2026-09-03 20:45:00,PT5M,0.0,0.0,0.0,0.0,0.0
0,0,0,0,27,0.15,69.7,4.7,220,2026-09-03 20:50:00,PT5M,0.0,0.0,0.0,0.0,0.0
0,0,0,0,27,0.15,70.1,4.7,220,2026-09-03 20:55:00,PT5M,0.0,0.0,0.0,0.0,0.0
0,0,0,0,27,0.15,70.4,4.7,220,2026-09-03 21:00:00,PT5M,0.0,0.0,0.0,0.0,0.0
0,0,0,0,27,0.15,70.8,4.7,221,2026-09-03 21:05:00,PT5M,0.0,0.0,0.0,0.0,0.0
0,0,0,0,27,0.15,71.1,4.7,221,2026-09-03 21:10:00,PT5M,0.0,0.0,0.0,0.0,0.0
0,0,0,0,27,0.15,71.5,4.7,222,2026-09-03 21:15:00,PT5M,0.0,0.0,0.0,0.0,0.0
0,0,0,0,27,0.15,71.8,4.7,222,2026-09-03 21:20:00,PT5M,0.0,0.0,0.0,0.0,0.0
0,0,0,0,27,0.15,72.2,4.7,223,2026-09-03 21:25:00,PT5M,0.0,0.0,0.0,0.0,0.0
0,0,0,0,27,0.15,72.5,4.7,223,2026-09-03 21:30:00,PT5M,0.0,0.0,0.0,0.0,0.0
0,0,0,0,27,0.15,72.8,4.7,223,2026-09-03 21:35:00,PT5M,0.0,0.0,0.0,0.0,0.0
0,0,0,0,27,0.15,73.1,4.6,223,2026-09-03 21:40:00,PT5M,0.0,0.0,0.0,0.0,0.0
0,0,0,0,27,0.15,73.4,4.6,223,2026-09-03 21:45:00,PT5M,0.0,0.0,0.0,0.0,0.0
0,0,0,0,26,0.15,73.6,4.6,223,2026-09-03 21:50:00,PT5M,0.0,0.0,0.0,0.0,0.0
0,0,0,0,26,0.15,73.9,4.5,223,2026-09-03 21:55:00,PT5M,0.0,0.0,0.0,0.0,0.0
0,0,0,0,26,0.15,74.1,4.5,223,2026-09-03 22:00:00,PT5M,0.0,0.0,0.0,0.0,0.0
0,0,0,0,26,0.15,74.4,4.5,223,2026-09-03 22:05:00,PT5M,0.0,0.0,0.0,0.0,0.0
0,0,0,0,26,0.15,74.6,4.4,223,2026-09-03 22:10:00,PT5M,0.0,0.0,0.0,0.0,0.0
0,0,0,0,26,0.15,74.9,4.4,223,2026-09-03 22:15:00,PT5M,0.0,0.0,0.0,0.0,0.0
0,0,0,0,26,0.15,75.2,4.4,222,2026-09-03 22:20:00,PT5M,0.0,0.0,0.0,0.0,0.0
0,0,0,0,26,0.15,75.4,4.4,222,2026-09-03 22:25:00,PT5M,0.0,0.0,0.0,0.0,0.0
0,0,0,0,26,0.15,75.7,4.3,222,2026-09-03 22:30:00,PT5M,0.0,0.0,0.0,0.0,0.0
0,0,0,0,26,0.15,75.9,4.3,222,2026-09-03 22:35:00,PT5M,0.0,0.0,0.0,0.0,0.0
0,0,0,0,26,0.15,76.2,4.2,223,2026-09-03 22:40:00,PT5M,0.0,0.0,0.0,0.0,0.0
0,0,0,0,26,0.15,76.5,4.2,224,2026-09-03 22:45:00,PT5M,0.0,0.0,0.0,0.0,0.0
0,0,0,0,26,0.15,76.7,4.1,224,2026-09-03 22:50:00,PT5M,0.0,0.0,0.0,0.0,0.0
0,0,0,0,26,0.15,77.0,4.0,225,2026-09-03 22:55:00,PT5M,0.0,0.0,0.0,0.0,0.0
0,0,0,0,26,0.15,77.3,4.0,226,2026-09-03 23:00:00,PT5M,0.0,0.0,0.0,0.0,0.0
0,0,0,0,26,0.15,77.5,3.9,226,2026-09-03 23:05:00,PT5M,0.0,0.0,0.0,0.0,0.0
0,0,0,0,26,0.15,77.8,3.9,227,2026-09-03 23:10:00,PT5M,0.0,0.0,0.0,0.0,0.0
0,0,0,0,26,0.15,78.1,3.8,228,2026-09-03 23:15:00,PT5M,0.0,0.0,0.0,0.0,0.0
0,0,0,0,25,0.15,78.3,3.8,229,2026-09-03 23:20:00,PT5M,0.0,0.0,0.0,0.0,0.0
0,0,0,0,25,0.15,78.6,3.7,229,2026-09-03 23:25:00,PT5M,0.0,0.0,0.0,0.0,0.0
0,0,0,0,25,0.15,78.9,3.7,230,2026-09-03 23:30:00,PT5M,0.0,0.0,0.0,0.0,0.0
0,0,0,0,25,0.15,79.1,3.6,230,2026-09-03 23:35:00,PT5M,0.0,0.0,0.0,0.0,0.0
0,0,0,0,25,0.15,79.1,3.5,230,2026-09-03 23:40:00,PT5M,0.0,0.0,0.0,0.0,0.0
0,0,0,0,25,0.15,79.2,3.5,229,2026-09-03 23:45:00,PT5M,0.0,0.0,0.0,0.0,0.0
0,0,0,0,25,0.15,79.3,3.4,228,2026-09-03 23:50:00,PT5M,0.0,0.0,0.0,0.0,0.0
0,0,0,0,25,0.15,79.4,3.4,227,2026-09-03 23:55:00,PT5M,0.0,0.0,0.0,0.0,0.0
0,0,0,0,25,0.15,79.5,3.3,227,2026-09-04 00:00:00,PT5M,0.0,0.0,0.0,0.0,0.0
0,0,0,0,25,0.15,79.5,3.3,226,2026-09-04 00:05:00,PT5M,0.0,0.0,0.0,0.0,0.0
0,0,0,0,25,0.15,79.6,3.3,225,2026-09-04 00:10:00,PT5M,0.0,0.0,0.0,0.0,0.0
0,0,0,0,25,0.15,79.7,3.2,224,2026-09-04 00:15:00,PT5M,0.0,0.0,0.0,0.0,0.0
0,0,0,0,25,0.15,79.8,3.2,223,2026-09-04 00:20:00,PT5M,0.0,0.0,0.0,0.0,0.0
0,0,0,0,25,0.15,79.9,3.1,222,2026-09-04 00:25:00,PT5M,0.0,0.0,0.0,0.0,0.0
0,0,0,0,25,0.15,79.9,3.1,221,2026-09-04 00:30:00,PT5M,0.0,0.0,0.0,0.0,0.0
0,0,0,0,25,0.15,80.0,3.1,221,2026-09-04 00:35:00,PT5M,0.0,0.0,0.0,0.0,0.0
0,0,0,0,25,0.15,80.0,3.1,222,2026-09-04 00:40:00,PT5M,0.0,0.0,0.0,0.0,0.0
0,0,0,0,25,0.15,80.0,3.1,222,2026-09-04 00:45:00,PT5M,0.0,0.0,0.0,0.0,0.0
0,0,0,0,25,0.15,80.0,3.1,222,2026-09-04 00:50:00,PT5M,0.0,0.0,0.0,0.0,0.0
0,0,0,0,25,0.15,80.0,3.1,223,2026-09-04 00:55:00,PT5M,0.0,0.0,0.0,0.0,0.0
0,0,0,0,25,0.15,80.0,3.1,223,2026-09-04 01:00:00,PT5M,0.0,0.0,0.0,0.0,0.0
0,0,0,0,25,0.15,80.0,3.1,223,2026-09-04 01:05:00,PT5M,0.0,0.0,0.0,0.0,0.0
0,0,0,0,25,0.15,80.0,3.1,224,2026-09-04 01:10:00,PT5M,0.0,0.0,0.0,0.0,0.0
0,0,0,0,25,0.15,80.0,3.1,224,2026-09-04 01:15:00,PT5M,0.0,0.0,0.0,0.0,0.0
0,0,0,0,25,0.15,80.0,3.1,224,2026-09-04 01:20:00,PT5M,0.0,0.0,0.0,0.0,0.0
0,0,0,0,25,0.15,80.0,3.1,225,2026-09-04 01:25:00,PT5M,0.0,0.0,0.0,0.0,0.0
0,0,0,0,25,0.15,80.0,3.1,225,2026-09-04 01:30:00,PT5M,0.0,0.0,0.0,0.0,0.0
0,0,0,0,25,0.15,80.0,3.1,225,2026-09-04 01:35:00,PT5M,0.0,0.0,0.0,0.0,0.0
0,0,0,0,25,0.15,80.1,3.1,226,2026-09-04 01:40:00,PT5M,0.0,0.0,0.0,0.0,0.0
0,0,0,0,25,0.15,80.2,3.1,226,2026-09-04 01:45:00,PT5M,0.0,0.0,0.0,0.0,0.0
0,0,0,0,25,0.15,80.2,3.1,227,2026-09-04 01:50:00,PT5M,0.0,0.0,0.0,0.0,0.0
0,0,0,0,25,0.15,80.3,3.1,227,2026-09-04 01:55:00,PT5M,0.0,0.0,0.0,0.0,0.0
0,0,0,0,25,0.15,80.4,3.1,228,2026-09-04 02:00:00,PT5M,0.0,0.0,0.0,0.0,0.0
0,0,0,0,25,0.15,80.5,3.2,228,2026-09-04 02:05:00,PT5M,0.0,0.0,0.0,0.0,0.0
0,0,0,0,25,0.15,80.6,3.2,229,2026-09-04 02:10:00,PT5M,0.0,0.0,0.0,0.0,0.0
0,0,0,0,25,0.15,80.6,3.2,230,2026-09-04 02:15:00,PT5M,0.0,0.0,0.0,0.0,0.0
0,0,0,0,25,0.15,80.7,3.2,230,2026-09-04 02:20:00,PT5M,0.0,0.0,0.0,0.0,0.0
0,0,0,0,25,0.15,80.8,3.2,231,2026-09-04 02:25:00,PT5M,0.0,0.0,0.0,0.0,0.0
0,0,0,0,25,0.15,80.9,3.2,231,2026-09-04 02:30:00,PT5M,0.0,0.0,0.0,0.0,0.0
0,0,0,0,25,0.15,80.9,3.2,231,2026-09-04 02:35:00,PT5M,0.0,0.0,0.0,0.0,0.0
0,0,0,0,25,0.15,81.0,3.2,231,2026-09-04 02:40:00,PT5M,0.0,0.0,0.0,0.0,0.0
0,0,0,0,25,0.15,81.0,3.2,231,2026-09-04 02:45:00,PT5M,0.0,0.0,0.0,0.0,0.0
0,0,0,0,25,0.15,81.1,3.1,230,2026-09-04 02:50:00,PT5M,0.0,0.0,0.0,0.0,0.0
0,0,0,0,25,0.15,81.1,3.1,230,2026-09-04 02:55:00,PT5M,0.0,0.0,0.0,0.0,0.0
0,0,0,0,25,0.15,81.2,3.1,230,2026-09-04 03:00:00,PT5M,0.0,0.0,0.0,0.0,0.0
0,0,0,0,25,0.15,81.2,3.1,229,2026-09-04 03:05:00,PT5M,0.0,0.0,0.0,0.0,0.0
0,0,0,0,25,0.15,81.2,3.1,229,2026-09-04 03:10:00,PT5M,0.0,0.0,0.0,0.0,0.0
0,0,0,0,25,0.15,81.3,3.0,229,2026-09-04 03:15:00,PT5M,0.0,0.0,0.0,0.0,0.0
0,0,0,0,25,0.15,81.3,3.0,229,2026-09-04 03:20:00,PT5M,0.0,0.0,0.0,0.0,0.0
0,0,0,0,25,0.15,81.4,3.0,228,2026-09-04 03:25:00,PT5M,0.0,0.0,0.0,0.0,0.0
0,0,0,0,25,0.15,81.4,3.0,228,2026-09-04 03:30:00,PT5M,0.0,0.0,0.0,0.0,0.0
0,0,0,0,25,0.15,81.4,3.0,227,2026-09-04 03:35:00,PT5M,0.0,0.0,0.0,0.0,0.0
0,0,0,0,25,0.15,81.4,3.0,227,2026-09-04 03:40:00,PT5M,0.0,0.0,0.0,0.0,0.0
0,0,0,0,25,0.15,81.4,3.0,227,2026-09-04 03:45:00,PT5M,0.0,0.0,0.0,0.0,0.0
0,0,0,0,25,0.15,81.4,3.0,226,2026-09-04 03:50:00,PT5M,0.0,0.0,0.0,0.0,0.0
0,0,0,0,25,0.15,81.4,3.0,226,2026-09-04 03:55:00,PT5M,0.0,0.0,0.0,0.0,0.0
0,0,0,0,25,0.15,81.4,3.0,225,2026-09-04 04:00:00,PT5M,0.0,0.0,0.0,0.0,0.0
0,0,0,0,25,0.15,81.4,3.0,225,2026-09-04 04:05:00,PT5M,0.0,0.0,0.0,0.0,0.0
0,0,0,0,25,0.15,81.4,3.0,224,2026-09-04 04:10:00,PT5M,0.0,0.0,0.0,0.0,0.0
0,0,0,0,25,0.15,81.4,3.0,224,2026-09-04 04:15:00,PT5M,0.0,0.0,0.0,0.0,0.0
0,0,0,0,25,0.15,81.4,3.0,223,2026-09-04 04:20:00,PT5M,0.0,0.0,0.0,0.0,0.0
0,0,0,0,25,0.15,81.4,3.0,223,2026-09-04 04:25:00,PT5M,0.0,0.0,0.0,0.0,0.0
0,0,0,0,25,0.15,81.4,3.0,223,2026-09-04 04:30:00,PT5M,0.0,0.0,0.0,0.0,0.0
0,0,0,0,25,0.15,81.4,3.0,222,2026-09-04 04:35:00,PT5M,0.0,0.0,0.0,0.0,0.0
0,0,0,0,25,0.15,81.3,3.0,222,2026-09-04 04:40:00,PT5M,0.0,0.0,0.0,0.0,0.0
0,0,0,0,25,0.15,81.3,3.0,223,2026-09-04 04:45:00,PT5M,0.0,0.0,0.0,0.0,0.0
0,0,0,0,25,0.15,81.3,3.0,223,2026-09-04 04:50:00,PT5M,0.0,0.0,0.0,0.0,0.0
0,0,0,0,25,0.15,81.2,3.0,223,2026-09-04 04:55:00,PT5M,0.0,0.0,0.0,0.0,0.0
0,0,0,0,25,0.15,81.2,3.0,223,2026-09-04 05:00:00,PT5M,0.0,0.0,0.0,0.0,0.0
0,0,0,0,25,0.15,81.1,3.0,223,2026-09-04 05:05:00,PT5M,0.0,0.0,0.0,0.0,0.0
0,0,0,0,25,0.15,81.1,3.0,223,2026-09-04 05:10:00,PT5M,0.0,0.0,0.0,0.0,0.0
0,0,0,0,25,0.15,81.1,3.0,223,2026-09-04 05:15:00,PT5M,0.0,0.0,0.0,0.0,0.0
0,0,0,0,25,0.15,81.0,3.0,223,2026-09-04 05:20:00,PT5M,0.0,0.0,0.0,0.0,0.0
0,0,0,0,25,0.15,81.0,3.0,223,2026-09-04 05:25:00,PT5M,0.0,0.0,0.0,0.0,0.0
0,0,0,0,25,0.15,80.9,3.0,224,2026-09-04 05:30:00,PT5M,0.0,0.0,0.0,0.0,0.0
0,0,0,0,25,0.15,80.9,3.0,224,2026-09-04 05:35:00,PT5M,0.0,0.0,0.0,0.0,0.0
0,0,0,0,25,0.15,80.8,3.0,224,2026-09-04 05:40:00,PT5M,0.0,0.0,0.0,0.0,0.0
0,0,0,0,25,0.15,80.8,3.1,225,2026-09-04 05:45:00,PT5M,0.0,0.0,0.0,0.0,0.0
0,0,0,0,25,0.15,80.8,3.1,225,2026-09-04 05:50:00,PT5M,0.0,0.0,0.0,0.0,0.0
0,0,0,0,25,0.15,80.7,3.1,225,2026-09-04 05:55:00,PT5M,0.0,0.0,0.0,0.0,0.0
0,0,0,0,25,0.15,80.7,3.1,225,2026-09-04 06:00:00,PT5M,0.0,0.0,0.0,0.0,0.0
3,3,0,3,25,0.15,80.7,3.1,226,2026-09-04 06:05:00,PT5M,0.0,0.0,0.0,0.0,0.0
11,11,0,11,25,0.15,80.6,3.1,226,2026-09-04 06:10:00,PT5M,0.755,1.2545,1.0179,0.4921,0.2555
19,19,0,19,25,0.15,80.6,3.1,226,2026-09-04 06:15:00,PT5M,1.938,3.0155,2.5051,1.3709,0.8605
29,29,11,29,25,0.15,80.5,3.1,227,2026-09-04 06:20:00,PT5M,3.314,5.4305,4.4279,2.2001,1.1975
40,41,42,37,25,0.15,80.5,3.1,227,2026-09-04 06:25:00,PT5M,5.178,8.722,7.0432,3.3128,1.634
51,53,69,44,25,0.15,80.5,3.1,227,2026-09-04 06:30:00,PT5M,7.39,12.4485,10.0523,4.7277,2.3315
64,66,100,52,25,0.15,80.0,3.1,227,2026-09-04 06:35:00,PT5M,10.186,16.9055,13.7225,6.6495,3.4665
79,81,138,59,25,0.15,79.0,3.2,227,2026-09-04 06:40:00,PT5M,13.552,21.9975,17.9969,9.1071,5.1065
94,98,175,65,26,0.15,78.1,3.2,227,2026-09-04 06:45:00,PT5M,17.175,27.3385,22.5241,11.8259,7.0115
111,115,213,71,26,0.15,77.2,3.3,226,2026-09-04 06:50:00,PT5M,21.139,32.9405,27.3502,14.9278,9.3375
128,133,251,76,26,0.15,76.2,3.3,226,2026-09-04 06:55:00,PT5M,25.395,38.803,32.4517,18.3383,11.987
147,152,290,80,26,0.15,75.3,3.3,226,2026-09-04 07:00:00,PT5M,29.979,45.048,37.9099,22.0481,14.91
165,171,326,84,26,0.15,74.5,3.4,225,2026-09-04 07:05:00,PT5M,34.736,51.538,43.579,25.893,17.934
184,191,356,88,26,0.15,73.6,3.4,225,2026-09-04 07:10:00,PT5M,39.48,58.075,49.2667,29.6933,20.885
204,210,386,91,27,0.15,72.7,3.5,225,2026-09-04 07:15:00,PT5M,44.43,64.83,55.1667,33.6933,24.03
223,231,415,94,27,0.15,71.9,3.5,225,2026-09-04 07:20:00,PT5M,49.552,71.7575,61.2389,37.8651,27.3465
244,251,444,96,27,0.15,71.0,3.5,224,2026-09-04 07:25:00,PT5M,54.806,78.8145,67.4418,42.1702,30.7975
264,272,473,98,27,0.15,70.2,3.6,224,2026-09-04 07:30:00,PT5M,60.188,85.9865,73.7659,46.6101,34.3895
284,292,495,100,27,0.15,69.2,3.6,224,2026-09-04 07:35:00,PT5M,65.312,92.972,79.8697,50.7543,37.652
303,311,510,103,28,0.15,68.0,3.7,224,2026-09-04 07:40:00,PT5M,69.927,99.562,85.5241,54.3299,40.292
322,330,524,106,28,0.15,66.8,3.8,225,2026-09-04 07:45:00,PT5M,74.691,100.0,91.4007,57.9813,42.942
341,350,538,109,28,0.15,65.7,3.9,225,2026-09-04 07:50:00,PT5M,76.928,100.0,93.7743,60.0817,44.9195
360,369,552,111,28,0.15,64.6,4.0,226,2026-09-04 07:55:00,PT5M,78.96,100.0,95.9168,62.0032,46.7415
379,388,565,113,28,0.15,63.5,4.1,226,2026-09-04 08:00:00,PT5M,80.898,100.0,97.9125,63.8835,48.57
398,407,577,116,29,0.15,62.4,4.1,226,2026-09-04 08:05:00,PT5M,82.731,100.0,99.7823,65.6797,50.333
417,426,589,118,29,0.15,61.3,4.2,226,2026-09-04 08:10:00,PT5M,84.444,100.0,100.0,67.3814,52.0245
436,445,601,119,29,0.15,60.3,4.3,227,2026-09-04 08:15:00,PT5M,86.02,100.0,100.0,68.9774,53.6385
455,463,612,121,29,0.15,59.3,4.4,227,2026-09-04 08:20:00,PT5M,87.446,100.0,100.0,70.4576,55.1675
473,482,622,123,30,0.15,58.3,4.5,227,2026-09-04 08:25:00,PT5M,88.704,100.0,100.0,71.7251,56.4435
491,500,632,124,30,0.15,57.3,4.6,228,2026-09-04 08:30:00,PT5M,89.8,100.0,100.0,72.955,57.794
509,518,640,126,30,0.15,56.3,4.6,228,2026-09-04 08:35:00,PT5M,90.715,100.0,100.0,74.0061,58.9675
526,535,646,129,30,0.15,55.2,4.6,228,2026-09-04 08:40:00,PT5M,91.467,100.0,100.0,74.8923,59.9745
543,552,652,131,31,0.15,54.2,4.6,228,2026-09-04 08:45:00,PT5M,92.167,100.0,100.0,75.732,60.94
560,568,657,133,31,0.15,53.2,4.6,228,2026-09-04 08:50:00,PT5M,92.822,100.0,100.0,76.5283,61.8635
576,585,662,136,31,0.15,52.2,4.6,229,2026-09-04 08:55:00,PT5M,93.44,100.0,100.0,77.2729,62.722
592,601,667,138,31,0.15,51.3,4.6,229,2026-09-04 09:00:00,PT5M,94.023,100.0,100.0,78.1391,63.843
608,616,672,140,31,0.15,50.3,4.6,229,2026-09-04 09:05:00,PT5M,94.591,100.0,100.0,78.9855,64.94
624,632,679,141,32,0.15,49.4,4.6,229,2026-09-04 09:10:00,PT5M,95.242,100.0,100.0,79.922,66.1335
640,648,685,142,32,0.15,48.5,4.6,230,2026-09-04 09:15:00,PT5M,95.862,100.0,100.0,80.8212,67.284
655,664,691,143,32,0.15,47.6,4.6,230,2026-09-04 09:20:00,PT5M,96.453,100.0,100.0,81.6848,68.393
671,679,697,144,32,0.15,46.8,4.6,230,2026-09-04 09:25:00,PT5M,97.087,100.0,100.0,82.5849,69.5325
686,694,703,145,33,0.15,45.9,4.5,230,2026-09-04 09:30:00,PT5M,97.615,100.0,100.0,83.3723,70.5535
699,707,705,148,33,0.15,45.1,4.5,230,2026-09-04 09:35:00,PT5M,97.916,100.0,100.0,83.8983,71.282
710,719,702,152,33,0.15,44.4,4.5,230,2026-09-04 09:40:00,PT5M,97.997,100.0,100.0,84.1699,71.725
721,730,699,156,33,0.15,43.8,4.5,230,2026-09-04 09:45:00,PT5M,98.059,100.0,100.0,84.4158,72.1365
732,740,695,161,33,0.15,43.1,4.4,231,2026-09-04 09:50:00,PT5M,98.047,100.0,100.0,84.5733,72.4465
741,749,691,166,34,0.15,42.4,4.4,231,2026-09-04 09:55:00,PT5M,98.005,100.0,100.0,84.6947,72.715
750,758,686,171,34,0.15,41.8,4.4,231,2026-09-04 10:00:00,PT5M,97.98,100.0,100.0,84.8268,72.9885
759,767,682,176,34,0.15,41.2,4.3,231,2026-09-04 10:05:00,PT5M,97.942,100.0,100.0,84.9375,73.233
767,775,677,181,34,0.15,40.5,4.3,231,2026-09-04 10:10:00,PT5M,97.89,100.0,100.0,85.0268,73.4495
775,783,672,186,34,0.15,39.9,4.2,231,2026-09-04 10:15:00,PT5M,97.824,100.0,100.0,85.095,73.6385
782,790,667,191,35,0.15,39.3,4.2,231,2026-09-04 10:20:00,PT5M,97.744,100.0,100.0,85.1429,73.8015
789,797,662,197,35,0.15,38.7,4.2,231,2026-09-04 10:25:00,PT5M,97.648,100.0,100.0,85.1679,73.9355
796,803,657,201,35,0.15,38.2,4.1,231,2026-09-04 10:30:00,PT5M,97.545,100.0,100.0,85.1805,74.052
803,810,656,204,35,0.15,37.7,4.1,231,2026-09-04 10:35:00,PT5M,97.63,100.0,100.0,85.4041,74.4005
812,819,659,205,35,0.15,37.3,4.1,231,2026-09-04 10:40:00,PT5M,97.897,100.0,100.0,85.8325,74.974
820,827,661,206,36,0.15,36.9,4.1,230,2026-09-04 10:45:00,PT5M,98.143,100.0,100.0,86.2337,75.515
827,835,664,207,36,0.15,36.6,4.1,230,2026-09-04 10:50:00,PT5M,98.369,100.0,100.0,86.6076,76.022
835,842,666,207,36,0.15,36.2,4.0,230,2026-09-04 10:55:00,PT5M,98.572,100.0,100.0,86.9501,76.49
842,849,668,208,36,0.15,35.9,4.0,230,2026-09-04 11:00:00,PT5M,98.754,100.0,100.0,87.2618,76.9185
848,855,670,208,36,0.15,35.5,4.0,229,2026-09-04 11:05:00,PT5M,98.91,100.0,100.0,87.5247,77.2775
854,861,672,209,36,0.15,35.2,4.0,229,2026-09-04 11:10:00,PT5M,99.052,100.0,100.0,87.778,77.631
859,867,674,209,36,0.15,34.8,4.0,229,2026-09-04 11:15:00,PT5M,99.18,100.0,100.0,88.0207,77.977
864,872,676,209,36,0.15,34.5,3.9,229,2026-09-04 11:20:00,PT5M,99.289,100.0,100.0,88.235,78.286
869,876,677,209,37,0.15,34.1,3.9,228,2026-09-04 11:25:00,PT5M,99.379,100.0,100.0,88.4155,78.548
873,880,679,210,37,0.15,33.8,3.9,228,2026-09-04 11:30:00,PT5M,99.452,100.0,100.0,88.5711,78.778
874,881,674,213,37,0.15,33.5,3.9,228,2026-09-04 11:35:00,PT5M,99.207,100.0,100.0,88.3209,78.523
871,878,662,220,37,0.15,33.3,3.9,228,2026-09-04 11:40:00,PT5M,98.647,100.0,100.0,87.6693,77.789
868,875,650,227,37,0.15,33.0,3.8,228,2026-09-04 11:45:00,PT5M,98.072,100.0,100.0,86.9959,77.027
864,870,637,235,37,0.15,32.8,3.8,228,2026-09-04 11:50:00,PT5M,97.449,100.0,100.0,86.2626,76.1945
859,866,625,242,37,0.15,32.5,3.8,228,2026-09-04 11:55:00,PT5M,96.803,100.0,100.0,85.4979,75.323
854,861,612,249,37,0.15,32.3,3.8,228,2026-09-04 12:00:00,PT5M,96.142,100.0,100.0,84.7111,74.423
848,855,600,255,38,0.15,32.0,3.8,228,2026-09-04 12:05:00,PT5M,95.466,100.0,100.0,83.902,73.494
842,849,587,262,38,0.15,31.8,3.8,228,2026-09-04 12:10:00,PT5M,94.87,100.0,100.0,83.167,72.634
836,842,575,268,38,0.15,31.6,3.7,227,2026-09-04 12:15:00,PT5M,94.271,100.0,100.0,82.422,71.7575
829,836,563,274,38,0.15,31.3,3.7,227,2026-09-04 12:20:00,PT5M,93.654,100.0,100.0,81.6513,70.8485
822,828,551,280,38,0.15,31.1,3.7,227,2026-09-04 12:25:00,PT5M,93.016,100.0,100.0,80.8525,69.905
814,820,538,285,38,0.15,30.9,3.7,227,2026-09-04 12:30:00,PT5M,92.323,100.0,100.0,79.9866,68.8835
805,811,523,292,38,0.15,30.8,3.7,226,2026-09-04 12:35:00,PT5M,91.581,100.0,100.0,79.0412,67.755
794,800,506,299,38,0.15,30.8,3.7,225,2026-09-04 12:40:00,PT5M,90.647,100.0,100.0,77.9262,66.477
782,788,489,306,38,0.15,30.9,3.7,223,2026-09-04 12:45:00,PT5M,89.689,100.0,100.0,76.7308,65.068
771,776,473,312,38,0.15,30.9,3.7,221,2026-09-04 12:50:00,PT5M,88.704,100.0,100.0,75.5021,63.62
759,764,457,318,38,0.15,31.0,3.7,219,2026-09-04 12:55:00,PT5M,87.688,100.0,100.0,74.2301,62.1175
747,752,441,323,38,0.15,31.1,3.7,218,2026-09-04 13:00:00,PT5M,86.636,100.0,100.0,72.9099,60.556
734,740,425,328,38,0.15,31.1,3.8,216,2026-09-04 13:05:00,PT5M,85.564,100.0,99.5546,71.5734,58.9815
722,727,410,332,38,0.15,31.2,3.8,214,2026-09-04 13:10:00,PT5M,84.48,100.0,98.7171,70.2429,57.429
709,714,395,336,38,0.15,31.2,3.8,213,2026-09-04 13:15:00,PT5M,83.349,100.0,97.8498,68.8482,55.797
695,700,380,340,38,0.15,31.3,3.8,211,2026-09-04 13:20:00,PT5M,82.177,100.0,96.9504,67.4036,54.107
682,687,365,343,38,0.15,31.4,3.9,210,2026-09-04 13:25:00,PT5M,80.967,100.0,96.0175,65.9165,52.3705
668,673,351,345,38,0.15,31.4,3.9,208,2026-09-04 13:30:00,PT5M,79.72,100.0,95.0495,64.3905,50.5935
656,661,340,346,38,0.15,31.8,4.0,206,2026-09-04 13:35:00,PT5M,78.616,100.0,94.1965,63.0355,49.0125
645,650,331,346,37,0.15,32.5,4.2,204,2026-09-04 13:40:00,PT5M,77.765,100.0,93.5697,61.9603,47.7355
634,638,323,345,37,0.15,33.3,4.3,202,2026-09-04 13:45:00,PT5M,76.883,100.0,92.9141,60.8519,46.4235
622,627,315,344,37,0.15,34.0,4.5,200,2026-09-04 13:50:00,PT5M,75.972,100.0,92.2312,59.7128,45.079
611,615,306,342,37,0.15,34.8,4.7,199,2026-09-04 13:55:00,PT5M,75.029,100.0,91.5187,58.5393,43.698
599,603,298,341,37,0.15,35.6,4.9,197,2026-09-04 14:00:00,PT5M,74.052,100.0,90.7751,57.3289,42.2775
587,591,290,339,36,0.15,36.4,5.0,196,2026-09-04 14:05:00,PT5M,73.041,100.0,89.9997,56.0823,40.819
574,579,282,336,36,0.15,37.3,5.2,194,2026-09-04 14:10:00,PT5M,71.994,100.0,89.1908,54.7972,39.3195
562,566,274,334,36,0.15,38.1,5.4,193,2026-09-04 14:15:00,PT5M,70.908,100.0,88.3472,53.4688,37.773
549,553,266,331,36,0.15,39.0,5.6,192,2026-09-04 14:20:00,PT5M,69.789,100.0,87.4721,52.1059,36.1905
537,541,258,328,35,0.15,39.9,5.8,191,2026-09-04 14:25:00,PT5M,68.635,100.0,86.5634,50.7066,34.5705
523,527,250,325,35,0.15,40.8,6.0,190,2026-09-04 14:30:00,PT5M,67.418,100.0,85.5948,49.2412,32.8815
509,513,239,322,35,0.15,41.3,6.0,190,2026-09-04 14:35:00,PT5M,65.898,100.0,84.3493,47.4467,30.84
493,497,226,319,35,0.15,41.3,6.0,191,2026-09-04 14:40:00,PT5M,64.094,99.7155,82.8419,45.3461,28.4725
477,481,213,316,35,0.15,41.3,5.9,191,2026-09-04 14:45:00,PT5M,62.256,98.436,81.2978,43.2142,26.076
461,465,200,313,35,0.15,41.3,5.8,192,2026-09-04 14:50:00,PT5M,60.405,97.138,79.7378,41.0722,23.672
446,449,188,309,35,0.15,41.4,5.8,193,2026-09-04 14:55:00,PT5M,58.505,95.687,78.0742,38.9358,21.323
430,433,176,305,35,0.15,41.4,5.7,194,2026-09-04 15:00:00,PT5M,56.572,93.979,76.2596,36.8844,19.165
414,417,164,300,35,0.15,41.4,5.6,195,2026-09-04 15:05:00,PT5M,54.608,92.2165,74.4016,34.8144,16.9995
399,402,153,295,35,0.15,41.4,5.6,196,2026-09-04 15:10:00,PT5M,52.658,90.438,72.5419,32.7741,14.878
384,387,142,290,35,0.15,41.5,5.5,196,2026-09-04 15:15:00,PT5M,50.718,88.6385,70.6758,30.7602,12.7975
369,372,131,284,35,0.15,41.5,5.5,197,2026-09-04 15:20:00,PT5M,48.747,86.7815,68.7648,28.7292,10.7125
354,357,121,278,35,0.15,41.5,5.4,198,2026-09-04 15:25:00,PT5M,46.746,84.865,66.8083,26.6837,8.627
339,342,111,272,35,0.15,41.5,5.3,199,2026-09-04 15:30:00,PT5M,44.701,82.8765,64.793,24.609,6.5255
327,329,105,265,35,0.15,41.7,5.3,200,2026-09-04 15:35:00,PT5M,43.357,81.425,63.3925,23.3215,5.289
317,319,103,257,35,0.15,42.1,5.2,201,2026-09-04 15:40:00,PT5M,42.265,80.19,62.2252,22.3048,4.34
306,308,101,249,35,0.15,42.4,5.1,201,2026-09-04 15:45:00,PT5M,41.135,78.8855,61.0034,21.2666,3.3845
295,297,99,241,35,0.15,42.8,5.0,202,2026-09-04 15:50:00,PT5M,39.98,77.495,59.7244,20.2356,2.465
284,286,97,233,34,0.15,43.1,4.9,203,2026-09-04 15:55:00,PT5M,38.79,75.9805,58.3636,19.2164,1.5995
273,275,95,225,34,0.15,43.5,4.8,204,2026-09-04 16:00:00,PT5M,37.548,74.34,56.9119,18.1841,0.756
262,264,92,217,34,0.15,43.9,4.7,205,2026-09-04 16:05:00,PT5M,36.252,72.5785,55.3709,17.1331,0.0
250,252,89,209,34,0.15,44.2,4.6,205,2026-09-04 16:10:00,PT5M,34.902,70.7045,53.7451,16.0589,0.0
239,241,86,200,34,0.15,44.6,4.5,206,2026-09-04 16:15:00,PT5M,33.498,68.7285,52.0401,14.9559,0.0
227,229,82,192,34,0.15,45.0,4.5,207,2026-09-04 16:20:00,PT5M,32.043,66.6605,50.2624,13.8236,0.0
215,217,78,183,33,0.15,45.3,4.4,208,2026-09-04 16:25:00,PT5M,30.538,64.509,48.4172,12.6588,0.0
204,205,74,175,33,0.15,45.7,4.3,209,2026-09-04 16:30:00,PT5M,28.917,60.926,45.7636,12.0704,0.0
192,194,70,166,33,0.15,46.1,4.2,210,2026-09-04 16:35:00,PT5M,27.134,57.0555,42.8819,11.3861,0.0
180,181,65,157,33,0.15,46.4,4.2,212,2026-09-04 16:40:00,PT5M,25.272,53.1755,39.9578,10.5862,0.0
168,169,60,148,33,0.15,46.7,4.1,214,2026-09-04 16:45:00,PT5M,23.383,49.278,37.0117,9.7543,0.0
156,157,54,139,33,0.15,47.1,4.0,216,2026-09-04 16:50:00,PT5M,21.48,45.366,34.0514,8.9086,0.0
144,145,48,130,33,0.15,47.4,4.0,218,2026-09-04 16:55:00,PT5M,19.552,41.4345,31.0689,8.0351,0.0
132,133,41,121,33,0.15,47.7,4.0,220,2026-09-04 17:00:00,PT5M,17.627,37.5205,28.0971,7.1569,0.0
120,121,34,112,32,0.15,48.1,3.9,222,2026-09-04 17:05:00,PT5M,15.73,33.662,25.1677,6.2923,0.0
108,109,25,103,32,0.15,48.4,3.9,225,2026-09-04 17:10:00,PT5M,13.825,29.855,22.2617,5.3883,0.0
96,97,14,94,32,0.15,48.8,3.9,227,2026-09-04 17:15:00,PT5M,11.912,26.1335,19.3969,4.4271,0.0
85,85,2,84,32,0.15,49.1,3.8,229,2026-09-04 17:20:00,PT5M,9.992,22.477,16.5629,3.4211,0.0
73,73,0,73,32,0.15,49.5,3.8,231,2026-09-04 17:25:00,PT5M,8.467,19.2275,14.1303,2.8037,0.0
62,62,0,62,32,0.15,49.8,3.8,234,2026-09-04 17:30:00,PT5M,7.159,16.158,11.8952,2.4228,0.0
51,52,0,52,32,0.15,50.2,3.8,235,2026-09-04 17:35:00,PT5M,5.9,13.1065,9.6928,2.1072,0.0
42,42,0,42,32,0.15,50.6,3.7,237,2026-09-04 17:40:00,PT5M,4.603,10.1185,7.5058,1.7002,0.0
32,33,0,33,32,0.15,51.0,3.7,239,2026-09-04 17:45:00,PT5M,3.453,7.4445,5.5538,1.3522,0.0
24,24,0,24,31,0.15,51.4,3.6,240,2026-09-04 17:50:00,PT5M,2.442,5.083,3.832,1.052,0.0
17,17,0,17,31,0.15,51.9,3.6,242,2026-09-04 17:55:00,PT5M,1.49,2.9285,2.2471,0.7329,0.0515
10,10,0,10,31,0.15,52.3,3.5,244,2026-09-04 18:00:00,PT5M,0.611,1.3015,0.9744,0.2476,0.0
4,4,0,4,31,0.15,52.7,3.5,245,2026-09-04 18:05:00,PT5M,0.0,0.056,0.0295,0.0,0.0
0,0,0,0,31,0.15,53.1,3.4,247,2026-09-04 18:10:00,PT5M,0.0,0.0,0.0,0.0,0.0
0,0,0,0,31,0.15,53.6,3.4,249,2026-09-04 18:15:00,PT5M,0.0,0.0,0.0,0.0,0.0
0,0,0,0,31,0.15,54.0,3.4,251,2026-09-04 18:20:00,PT5M,0.0,0.0,0.0,0.0,0.0
0,0,0,0,30,0.15,54.5,3.3,253,2026-09-04 18:25:00,PT5M,0.0,0.0,0.0,0.0,0.0
0,0,0,0,30,0.15,54.9,3.3,255,2026-09-04 18:30:00,PT5M,0.0,0.0,0.0,0.0,0.0
0,0,0,0,30,0.15,55.2,3.3,255,2026-09-04 18:35:00,PT5M,0.0,0.0,0.0,0.0,0.0
0,0,0,0,30,0.15,55.5,3.3,253,2026-09-04 18:40:00,PT5M,0.0,0.0,0.0,0.0,0.0
0,0,0,0,30,0.15,55.7,3.2,251,2026-09-04 18:45:00,PT5M,0.0,0.0,0.0,0.0,0.0
0,0,0,0,30,0.15,56.0,3.2,249,2026-09-04 18:50:00,PT5M,0.0,0.0,0.0,0.0,0.0
0,0,0,0,30,0.15,56.2,3.2,247,2026-09-04 18:55:00,PT5M,0.0,0.0,0.0,0.0,0.0
0,0,0,0,30,0.15,56.5,3.2,245,2026-09-04 19:00:00,PT5M,0.0,0.0,0.0,0.0,0.0
0,0,0,0,30,0.15,56.7,3.2,243,2026-09-04 19:05:00,PT5M,0.0,0.0,0.0,0.0,0.0
0,0,0,0,30,0.15,57.0,3.2,241,2026-09-04 19:10:00,PT5M,0.0,0.0,0.0,0.0,0.0
0,0,0,0,30,0.15,57.2,3.2,239,2026-09-04 19:15:00,PT5M,0.0,0.0,0.0,0.0,0.0
0,0,0,0,30,0.15,57.5,3.2,237,2026-09-04 19:20:00,PT5M,0.0,0.0,0.0,0.0,0.0
0,0,0,0,30,0.15,57.7,3.3,235,2026-09-04 19:25:00,PT5M,0.0,0.0,0.0,0.0,0.0
0,0,0,0,29,0.15,58.0,3.3,233,2026-09-04 19:30:00,PT5M,0.0,0.0,0.0,0.0,0.0
0,0,0,0,29,0.15,58.4,3.3,232,2026-09-04 19:35:00,PT5M,0.0,0.0,0.0,0.0,0.0
0,0,0,0,29,0.15,58.9,3.4,231,2026-09-04 19:40:00,PT5M,0.0,0.0,0.0,0.0,0.0
0,0,0,0,29,0.15,59.5,3.5,230,2026-09-04 19:45:00,PT5M,0.0,0.0,0.0,0.0,0.0
0,0,0,0,29,0.15,60.1,3.6,228,2026-09-04 19:50:00,PT5M,0.0,0.0,0.0,0.0,0.0
0,0,0,0,29,0.15,60.7,3.7,227,2026-09-04 19:55:00,PT5M,0.0,0.0,0.0,0.0,0.0
0,0,0,0,29,0.15,61.3,3.8,227,2026-09-04 20:00:00,PT5M,0.0,0.0,0.0,0.0,0.0
0,0,0,0,29,0.15,61.9,3.9,226,2026-09-04 20:05:00,PT5M,0.0,0.0,0.0,0.0,0.0
0,0,0,0,29,0.15,62.6,4.0,225,2026-09-04 20:10:00,PT5M,0.0,0.0,0.0,0.0,0.0
0,0,0,0,29,0.15,63.2,4.1,224,2026-09-04 20:15:00,PT5M,0.0,0.0,0.0,0.0,0.0
0,0,0,0,28,0.15,63.8,4.2,223,2026-09-04 20:20:00,PT5M,0.0,0.0,0.0,0.0,0.0
0,0,0,0,28,0.15,64.4,4.2,222,2026-09-04 20:25:00,PT5M,0.0,0.0,0.0,0.0,0.0
0,0,0,0,28,0.15,65.1,4.3,222,2026-09-04 20:30:00,PT5M,0.0,0.0,0.0,0.0,0.0
0,0,0,0,28,0.15,65.6,4.4,221,2026-09-04 20:35:00,PT5M,0.0,0.0,0.0,0.0,0.0
0,0,0,0,28,0.15,66.1,4.4,221,2026-09-04 20:40:00,PT5M,0.0,0.0,0.0,0.0,0.0
0,0,0,0,28,0.15,66.5,4.4,221,2026-09-04 20:45:00,PT5M,0.0,0.0,0.0,0.0,0.0
0,0,0,0,28,0.15,67.0,4.4,221,2026-09-04 20:50:00,PT5M,0.0,0.0,0.0,0.0,0.0
0,0,0,0,28,0.15,67.5,4.4,221,2026-09-04 20:55:00,PT5M,0.0,0.0,0.0,0.0,0.0
0,0,0,0,28,0.15,67.9,4.5,221,2026-09-04 21:00:00,PT5M,0.0,0.0,0.0,0.0,0.0
0,0,0,0,28,0.15,68.4,4.5,221,2026-09-04 21:05:00,PT5M,0.0,0.0,0.0,0.0,0.0
0,0,0,0,28,0.15,68.9,4.5,221,2026-09-04 21:10:00,PT5M,0.0,0.0,0.0,0.0,0.0
0,0,0,0,27,0.15,69.4,4.5,221,2026-09-04 21:15:00,PT5M,0.0,0.0,0.0,0.0,0.0
0,0,0,0,27,0.15,69.8,4.5,221,2026-09-04 21:20:00,PT5M,0.0,0.0,0.0,0.0,0.0
0,0,0,0,27,0.15,70.3,4.5,221,2026-09-04 21:25:00,PT5M,0.0,0.0,0.0,0.0,0.0
0,0,0,0,27,0.15,70.8,4.5,221,2026-09-04 21:30:00,PT5M,0.0,0.0,0.0,0.0,0.0
0,0,0,0,27,0.15,71.1,4.5,222,2026-09-04 21:35:00,PT5M,0.0,0.0,0.0,0.0,0.0
0,0,0,0,27,0.15,71.3,4.4,222,2026-09-04 21:40:00,PT5M,0.0,0.0,0.0,0.0,0.0
0,0,0,0,27,0.15,71.4,4.4,222,2026-09-04 21:45:00,PT5M,0.0,0.0,0.0,0.0,0.0
0,0,0,0,27,0.15,71.5,4.3,222,2026-09-04 21:50:00,PT5M,0.0,0.0,0.0,0.0,0.0
0,0,0,0,27,0.15,71.7,4.3,223,2026-09-04 21:55:00,PT5M,0.0,0.0,0.0,0.0,0.0
0,0,0,0,27,0.15,71.8,4.2,223,2026-09-04 22:00:00,PT5M,0.0,0.0,0.0,0.0,0.0
0,0,0,0,27,0.15,72.0,4.1,223,2026-09-04 22:05:00,PT5M,0.0,0.0,0.0,0.0,0.0
0,0,0,0,27,0.15,72.1,4.1,224,2026-09-04 22:10:00,PT5M,0.0,0.0,0.0,0.0,0.0
0,0,0,0,27,0.15,72.2,4.0,224,2026-09-04 22:15:00,PT5M,0.0,0.0,0.0,0.0,0.0
0,0,0,0,27,0.15,72.4,4.0,224,2026-09-04 22:20:00,PT5M,0.0,0.0,0.0,0.0,0.0
0,0,0,0,27,0.15,72.5,3.9,224,2026-09-04 22:25:00,PT5M,0.0,0.0,0.0,0.0,0.0
0,0,0,0,27,0.15,72.7,3.8,225,2026-09-04 22:30:00,PT5M,0.0,0.0,0.0,0.0,0.0
0,0,0,0,27,0.15,72.8,3.8,225,2026-09-04 22:35:00,PT5M,0.0,0.0,0.0,0.0,0.0
0,0,0,0,27,0.15,73.0,3.8,225,2026-09-04 22:40:00,PT5M,0.0,0.0,0.0,0.0,0.0
0,0,0,0,27,0.15,73.1,3.7,225,2026-09-04 22:45:00,PT5M,0.0,0.0,0.0,0.0,0.0
0,0,0,0,27,0.15,73.2,3.7,225,2026-09-04 22:50:00,PT5M,0.0,0.0,0.0,0.0,0.0
0,0,0,0,27,0.15,73.4,3.7,225,2026-09-04 22:55:00,PT5M,0.0,0.0,0.0,0.0,0.0
0,0,0,0,27,0.15,73.5,3.6,225,2026-09-04 23:00:00,PT5M,0.0,0.0,0.0,0.0,0.0
0,0,0,0,27,0.15,73.7,3.6,225,2026-09-04 23:05:00,PT5M,0.0,0.0,0.0,0.0,0.0
0,0,0,0,26,0.15,73.8,3.6,225,2026-09-04 23:10:00,PT5M,0.0,0.0,0.0,0.0,0.0
0,0,0,0,26,0.15,74.0,3.5,225,2026-09-04 23:15:00,PT5M,0.0,0.0,0.0,0.0,0.0
0,0,0,0,26,0.15,74.1,3.5,225,2026-09-04 23:20:00,PT5M,0.0,0.0,0.0,0.0,0.0
0,0,0,0,26,0.15,74.3,3.4,225,2026-09-04 23:25:00,PT5M,0.0,0.0,0.0,0.0,0.0
0,0,0,0,26,0.15,74.4,3.4,225,2026-09-04 23:30:00,PT5M,0.0,0.0,0.0,0.0,0.0
0,0,0,0,26,0.15,74.5,3.4,225,2026-09-04 23:35:00,PT5M,0.0,0.0,0.0,0.0,0.0
0,0,0,0,26,0.15,74.5,3.4,225,2026-09-04 23:40:00,PT5M,0.0,0.0,0.0,0.0,0.0
0,0,0,0,26,0.15,74.6,3.4,224,2026-09-04 23:45:00,PT5M,0.0,0.0,0.0,0.0,0.0
0,0,0,0,26,0.15,74.6,3.4,224,2026-09-04 23:50:00,PT5M,0.0,0.0,0.0,0.0,0.0
0,0,0,0,26,0.15,74.6,3.3,224,2026-09-04 23:55:00,PT5M,0.0,0.0,0.0,0.0,0.0
0,0,0,0,26,0.15,74.7,3.3,224,2026-09-05 00:00:00,PT5M,0.0,0.0,0.0,0.0,0.0
0,0,0,0,26,0.15,74.7,3.3,224,2026-09-05 00:05:00,PT5M,0.0,0.0,0.0,0.0,0.0
0,0,0,0,26,0.15,74.7,3.3,223,2026-09-05 00:10:00,PT5M,0.0,0.0,0.0,0.0,0.0
0,0,0,0,26,0.15,74.8,3.3,223,2026-09-05 00:15:00,PT5M,0.0,0.0,0.0,0.0,0.0
0,0,0,0,26,0.15,74.8,3.3,223,2026-09-05 00:20:00,PT5M,0.0,0.0,0.0,0.0,0.0
0,0,0,0,26,0.15,74.8,3.3,223,2026-09-05 00:25:00,PT5M,0.0,0.0,0.0,0.0,0.0
0,0,0,0,26,0.15,74.9,3.3,223,2026-09-05 00:30:00,PT5M,0.0,0.0,0.0,0.0,0.0
0,0,0,0,26,0.15,74.9,3.3,223,2026-09-05 00:35:00,PT5M,0.0,0.0,0.0,0.0,0.0
0,0,0,0,26,0.15,74.9,3.2,223,2026-09-05 00:40:00,PT5M,0.0,0.0,0.0,0.0,0.0
0,0,0,0,26,0.15,74.9,3.2,223,2026-09-05 00:45:00,PT5M,0.0,0.0,0.0,0.0,0.0
0,0,0,0,26,0.15,74.9,3.2,224,2026-09-05 00:50:00,PT5M,0.0,0.0,0.0,0.0,0.0
0,0,0,0,26,0.15,74.9,3.2,224,2026-09-05 00:55:00,PT5M,0.0,0.0,0.0,0.0,0.0
0,0,0,0,26,0.15,74.9,3.2,224,2026-09-05 01:00:00,PT5M,0.0,0.0,0.0,0.0,0.0
0,0,0,0,26,0.15,74.9,3.2,225,2026-09-05 01:05:00,PT5M,0.0,0.0,0.0,0.0,0.0
0,0,0,0,26,0.15,74.9,3.2,225,2026-09-05 01:10:00,PT5M,0.0,0.0,0.0,0.0,0.0
0,0,0,0,26,0.15,74.9,3.2,225,2026-09-05 01:15:00,PT5M,0.0,0.0,0.0,0.0,0.0
0,0,0,0,26,0.15,74.9,3.2,225,2026-09-05 01:20:00,PT5M,0.0,0.0,0.0,0.0,0.0
0,0,0,0,26,0.15,74.9,3.2,226,2026-09-05 01:25:00,PT5M,0.0,0.0,0.0,0.0,0.0
0,0,0,0,26,0.15,74.9,3.2,226,2026-09-05 01:30:00,PT5M,0.0,0.0,0.0,0.0,0.0
0,0,0,0,26,0.15,74.9,3.2,226,2026-09-05 01:35:00,PT5M,0.0,0.0,0.0,0.0,0.0
0,0,0,0,26,0.15,75.0,3.2,226,2026-09-05 01:40:00,PT5M,0.0,0.0,0.0,0.0,0.0
0,0,0,0,26,0.15,75.1,3.1,226,2026-09-05 01:45:00,PT5M,0.0,0.0,0.0,0.0,0.0
0,0,0,0,26,0.15,75.2,3.1,226,2026-09-05 01:50:00,PT5M,0.0,0.0,0.0,0.0,0.0
0,0,0,0,26,0.15,75.4,3.1,226,2026-09-05 01:55:00,PT5M,0.0,0.0,0.0,0.0,0.0
0,0,0,0,26,0.15,75.5,3.1,226,2026-09-05 02:00:00,PT5M,0.0,0.0,0.0,0.0,0.0
0,0,0,0,26,0.15,75.6,3.1,226,2026-09-05 02:05:00,PT5M,0.0,0.0,0.0,0.0,0.0
0,0,0,0,26,0.15,75.7,3.0,225,2026-09-05 02:10:00,PT5M,0.0,0.0,0.0,0.0,0.0
0,0,0,0,26,0.15,75.8,3.0,225,2026-09-05 02:15:00,PT5M,0.0,0.0,0.0,0.0,0.0
0,0,0,0,26,0.15,75.9,3.0,225,2026-09-05 02:20:00,PT5M,0.0,0.0,0.0,0.0,0.0
0,0,0,0,26,0.15,76.0,3.0,225,2026-09-05 02:25:00,PT5M,0.0,0.0,0.0,0.0,0.0
0,0,0,0,26,0.15,76.1,3.0,225,2026-09-05 02:30:00,PT5M,0.0,0.0,0.0,0.0,0.0
0,0,0,0,26,0.15,76.3,3.0,225,2026-09-05 02:35:00,PT5M,0.0,0.0,0.0,0.0,0.0
0,0,0,0,25,0.15,76.6,2.9,225,2026-09-05 02:40:00,PT5M,0.0,0.0,0.0,0.0,0.0
0,0,0,0,25,0.15,76.9,2.9,225,2026-09-05 02:45:00,PT5M,0.0,0.0,0.0,0.0,0.0
0,0,0,0,25,0.15,77.1,2.9,225,2026-09-05 02:50:00,PT5M,0.0,0.0,0.0,0.0,0.0
0,0,0,0,25,0.15,77.4,2.9,225,2026-09-05 02:55:00,PT5M,0.0,0.0,0.0,0.0,0.0
0,0,0,0,25,0.15,77.7,2.8,225,2026-09-05 03:00:00,PT5M,0.0,0.0,0.0,0.0,0.0
0,0,0,0,25,0.15,78.0,2.8,225,2026-09-05 03:05:00,PT5M,0.0,0.0,0.0,0.0,0.0
0,0,0,0,25,0.15,78.2,2.8,225,2026-09-05 03:10:00,PT5M,0.0,0.0,0.0,0.0,0.0
0,0,0,0,25,0.15,78.5,2.8,225,2026-09-05 03:15:00,PT5M,0.0,0.0,0.0,0.0,0.0
0,0,0,0,25,0.15,78.8,2.7,225,2026-09-05 03:20:00,PT5M,0.0,0.0,0.0,0.0,0.0
0,0,0,0,25,0.15,79.1,2.7,225,2026-09-05 03:25:00,PT5M,0.0,0.0,0.0,0.0,0.0
0,0,0,0,25,0.15,79.3,2.7,225,2026-09-05 03:30:00,PT5M,0.0,0.0,0.0,0.0,0.0
0,0,0,0,25,0.15,79.5,2.7,225,2026-09-05 03:35:00,PT5M,0.0,0.0,0.0,0.0,0.0
0,0,0,0,25,0.15,79.5,2.7,225,2026-09-05 03:40:00,PT5M,0.0,0.0,0.0,0.0,0.0
0,0,0,0,25,0.15,79.6,2.6,225,2026-09-05 03:45:00,PT5M,0.0,0.0,0.0,0.0,0.0
0,0,0,0,25,0.15,79.6,2.6,225,2026-09-05 03:50:00,PT5M,0.0,0.0,0.0,0.0,0.0
0,0,0,0,25,0.15,79.6,2.6,226,2026-09-05 03:55:00,PT5M,0.0,0.0,0.0,0.0,0.0
0,0,0,0,25,0.15,79.7,2.6,226,2026-09-05 04:00:00,PT5M,0.0,0.0,0.0,0.0,0.0
0,0,0,0,25,0.15,79.7,2.6,226,2026-09-05 04:05:00,PT5M,0.0,0.0,0.0,0.0,0.0
0,0,0,0,25,0.15,79.8,2.6,226,2026-09-05 04:10:00,PT5M,0.0,0.0,0.0,0.0,0.0
0,0,0,0,25,0.15,79.8,2.5,226,2026-09-05 04:15:00,PT5M,0.0,0.0,0.0,0.0,0.0
0,0,0,0,25,0.15,79.8,2.5,226,2026-09-05 04:20:00,PT5M,0.0,0.0,0.0,0.0,0.0
0,0,0,0,25,0.15,79.9,2.5,226,2026-09-05 04:25:00,PT5M,0.0,0.0,0.0,0.0,0.0
0,0,0,0,25,0.15,79.9,2.5,227,2026-09-05 04:30:00,PT5M,0.0,0.0,0.0,0.0,0.0
0,0,0,0,25,0.15,79.9,2.5,227,2026-09-05 04:35:00,PT5M,0.0,0.0,0.0,0.0,0.0
0,0,0,0,25,0.15,79.8,2.4,226,2026-09-05 04:40:00,PT5M,0.0,0.0,0.0,0.0,0.0
0,0,0,0,25,0.15,79.6,2.4,226,2026-09-05 04:45:00,PT5M,0.0,0.0,0.0,0.0,0.0
0,0,0,0,25,0.15,79.5,2.4,226,2026-09-05 04:50:00,PT5M,0.0,0.0,0.0,0.0,0.0
0,0,0,0,25,0.15,79.4,2.4,225,2026-09-05 04:55:00,PT5M,0.0,0.0,0.0,0.0,0.0
0,0,0,0,25,0.15,79.3,2.3,225,2026-09-05 05:00:00,PT5M,0.0,0.0,0.0,0.0,0.0
0,0,0,0,25,0.15,79.2,2.3,225,2026-09-05 05:05:00,PT5M,0.0,0.0,0.0,0.0,0.0
0,0,0,0,25,0.15,79.0,2.3,225,2026-09-05 05:10:00,PT5M,0.0,0.0,0.0,0.0,0.0
0,0,0,0,25,0.15,78.9,2.3,224,2026-09-05 05:15:00,PT5M,0.0,0.0,0.0,0.0,0.0
0,0,0,0,25,0.15,78.8,2.3,224,2026-09-05 05:20:00,PT5M,0.0,0.0,0.0,0.0,0.0
0,0,0,0,25,0.15,78.7,2.2,224,2026-09-05 05:25:00,PT5M,0.0,0.0,0.0,0.0,0.0
0,0,0,0,25,0.15,78.6,2.2,223,2026-09-05 05:30:00,PT5M,0.0,0.0,0.0,0.0,0.0
0,0,0,0,25,0.15,78.4,2.2,223,2026-09-05 05:35:00,PT5M,0.0,0.0,0.0,0.0,0.0
0,0,0,0,25,0.15,78.3,2.2,222,2026-09-05 05:40:00,PT5M,0.0,0.0,0.0,0.0,0.0
0,0,0,0,25,0.15,78.1,2.3,221,2026-09-05 05:45:00,PT5M,0.0,0.0,0.0,0.0,0.0
0,0,0,0,25,0.15,78.0,2.3,220,2026-09-05 05:50:00,PT5M,0.0,0.0,0.0,0.0,0.0
0,0,0,0,25,0.15,77.8,2.3,219,2026-09-05 05:55:00,PT5M,0.0,0.0,0.0,0.0,0.0
0,0,0,0,25,0.15,77.6,2.3,218,2026-09-05 06:00:00,PT5M,0.0,0.0,0.0,0.0,0.0
3,3,0,3,25,0.15,77.5,2.4,218,2026-09-05 06:05:00,PT5M,0.0,0.0,0.0,0.0,0.0
11,11,0,11,25,0.15,77.3,2.4,217,2026-09-05 06:10:00,PT5M,0.822,1.329,1.0888,0.5552,0.315
20,20,0,20,25,0.15,77.2,2.4,216,2026-09-05 06:15:00,PT5M,2.037,3.103,2.598,1.476,0.971
30,30,19,29,25,0.15,77.0,2.4,215,2026-09-05 06:20:00,PT5M,3.517,5.63,4.6291,2.4049,1.404
41,42,53,37,25,0.15,76.9,2.5,215,2026-09-05 06:25:00,PT5M,5.51,9.037,7.3663,3.6537,1.983
53,54,82,44,25,0.15,76.7,2.5,214,2026-09-05 06:30:00,PT5M,7.859,12.8775,10.5003,5.2177,2.8405
66,68,114,52,26,0.15,76.3,2.6,214,2026-09-05 06:35:00,PT5M,10.831,17.4855,14.3333,7.3287,4.1765
80,83,150,59,26,0.15,75.5,2.7,216,2026-09-05 06:40:00,PT5M,14.192,22.565,18.5988,9.7852,5.819
96,99,186,65,26,0.15,74.8,2.7,217,2026-09-05 06:45:00,PT5M,17.831,27.9155,23.1385,12.5235,7.7465
112,116,223,71,26,0.15,74.0,2.8,218,2026-09-05 06:50:00,PT5M,21.77,33.4865,27.9365,15.6035,10.0535
130,134,259,76,26,0.15,73.3,2.9,219,2026-09-05 06:55:00,PT5M,26.004,39.33,33.0176,18.9904,12.678
148,153,295,80,26,0.15,72.6,3.0,220,2026-09-05 07:00:00,PT5M,30.446,45.446,38.3406,22.5514,15.446
167,172,327,84,26,0.15,71.9,3.1,222,2026-09-05 07:05:00,PT5M,35.041,51.7955,43.859,26.223,18.2865
185,191,354,89,27,0.15,71.2,3.2,222,2026-09-05 07:10:00,PT5M,39.6,58.1745,49.3759,29.8241,21.0255
204,210,380,93,27,0.15,70.5,3.3,223,2026-09-05 07:15:00,PT5M,44.325,64.7395,55.0693,33.5807,23.9105
223,230,405,96,27,0.15,69.8,3.4,224,2026-09-05 07:20:00,PT5M,49.184,71.4445,60.8999,37.4681,26.9235
243,249,430,99,27,0.15,69.1,3.5,225,2026-09-05 07:25:00,PT5M,54.134,78.2475,66.8251,41.4429,30.0205
262,270,454,101,27,0.15,68.4,3.6,226,2026-09-05 07:30:00,PT5M,59.178,85.1375,72.8407,45.5153,33.2185
282,289,473,104,27,0.15,67.4,3.6,226,2026-09-05 07:35:00,PT5M,63.959,91.8095,78.6169,49.3011,36.1085
300,308,487,108,28,0.15,66.2,3.7,227,2026-09-05 07:40:00,PT5M,68.435,98.2605,84.1324,52.7376,38.6095
319,326,500,112,28,0.15,65.0,3.7,227,2026-09-05 07:45:00,PT5M,73.075,100.0,89.9037,56.2463,41.1
338,345,513,115,28,0.15,63.7,3.7,228,2026-09-05 07:50:00,PT5M,75.211,100.0,92.1723,58.2497,42.984
356,364,526,118,28,0.15,62.6,3.8,228,2026-09-05 07:55:00,PT5M,77.187,100.0,94.278,60.096,44.7135
375,383,537,121,29,0.15,61.4,3.8,229,2026-09-05 08:00:00,PT5M,79.074,100.0,96.2427,61.9053,46.453
394,401,549,124,29,0.15,60.3,3.8,229,2026-09-05 08:05:00,PT5M,80.861,100.0,98.0881,63.6339,48.129
412,420,560,127,29,0.15,59.2,3.9,230,2026-09-05 08:10:00,PT5M,82.531,100.0,99.7915,65.2705,49.7355
431,438,570,129,29,0.15,58.1,3.9,230,2026-09-05 08:15:00,PT5M,84.069,100.0,100.0,66.8048,51.2665
449,457,580,131,29,0.15,57.0,4.0,231,2026-09-05 08:20:00,PT5M,85.464,100.0,100.0,68.2306,52.72
467,475,590,134,30,0.15,55.9,4.0,231,2026-09-05 08:25:00,PT5M,86.696,100.0,100.0,69.536,54.0915
485,493,599,136,30,0.15,54.9,4.0,232,2026-09-05 08:30:00,PT5M,87.778,100.0,100.0,70.7291,55.3845
502,510,607,138,30,0.15,53.9,4.1,232,2026-09-05 08:35:00,PT5M,88.785,100.0,100.0,71.8724,56.6505
520,528,616,140,30,0.15,53.0,4.1,232,2026-09-05 08:40:00,PT5M,89.728,100.0,100.0,72.8796,57.7155
537,545,623,142,31,0.15,52.1,4.1,232,2026-09-05 08:45:00,PT5M,90.616,100.0,100.0,73.9297,58.9115
554,562,631,144,31,0.15,51.2,4.1,233,2026-09-05 08:50:00,PT5M,91.455,100.0,100.0,74.9326,60.062
571,579,638,146,31,0.15,50.3,4.1,233,2026-09-05 08:55:00,PT5M,92.252,100.0,100.0,75.896,61.175
588,596,646,147,31,0.15,49.4,4.1,233,2026-09-05 09:00:00,PT5M,93.012,100.0,100.0,76.9341,62.4635
604,612,653,148,31,0.15,48.5,4.1,233,2026-09-05 09:05:00,PT5M,93.761,100.0,100.0,77.9918,63.799
621,629,662,149,32,0.15,47.7,4.2,233,2026-09-05 09:10:00,PT5M,94.582,100.0,100.0,79.128,65.219
637,645,671,149,32,0.15,46.9,4.2,233,2026-09-05 09:15:00,PT5M,95.368,100.0,100.0,80.2227,66.5915
654,662,679,149,32,0.15,46.1,4.2,233,2026-09-05 09:20:00,PT5M,96.122,100.0,100.0,81.2793,67.9205
670,678,688,149,32,0.15,45.3,4.2,233,2026-09-05 09:25:00,PT5M,96.844,100.0,100.0,82.2974,69.205
685,693,696,149,33,0.15,44.5,4.2,234,2026-09-05 09:30:00,PT5M,97.6,100.0,100.0,83.3431,70.5115
701,709,704,149,33,0.15,43.7,4.2,234,2026-09-05 09:35:00,PT5M,98.261,100.0,100.0,84.2744,71.686
716,724,712,148,33,0.15,43.1,4.2,233,2026-09-05 09:40:00,PT5M,98.899,100.0,100.0,85.1626,72.7995
731,739,720,148,33,0.15,42.4,4.1,233,2026-09-05 09:45:00,PT5M,99.504,100.0,100.0,86.0103,73.8655
745,753,727,148,33,0.15,41.8,4.1,233,2026-09-05 09:50:00,PT5M,100.0,100.0,100.0,86.7347,74.7955
759,766,733,147,34,0.15,41.2,4.1,233,2026-09-05 09:55:00,PT5M,100.0,100.0,100.0,86.9563,75.2165
772,780,739,147,34,0.15,40.5,4.0,233,2026-09-05 10:00:00,PT5M,100.0,100.0,100.0,87.171,75.6245
785,793,746,146,34,0.15,39.9,4.0,232,2026-09-05 10:05:00,PT5M,100.0,100.0,100.0,87.3768,76.0155
798,805,752,146,34,0.15,39.3,4.0,232,2026-09-05 10:10:00,PT5M,100.0,100.0,100.0,87.5749,76.392
810,817,758,145,34,0.15,38.7,4.0,232,2026-09-05 10:15:00,PT5M,100.0,100.0,100.0,87.7655,76.754
822,829,764,144,35,0.15,38.1,3.9,232,2026-09-05 10:20:00,PT5M,100.0,100.0,100.0,87.9491,77.103
833,841,769,143,35,0.15,37.6,3.9,232,2026-09-05 10:25:00,PT5M,100.0,100.0,100.0,88.1257,77.4385
844,852,775,142,35,0.15,37.0,3.9,231,2026-09-05 10:30:00,PT5M,100.0,100.0,100.0,88.2965,77.763
852,860,774,144,35,0.15,36.5,3.8,231,2026-09-05 10:35:00,PT5M,100.0,100.0,100.0,88.4065,77.972
857,864,766,151,35,0.15,36.1,3.8,231,2026-09-05 10:40:00,PT5M,100.0,100.0,100.0,88.4562,78.0665
861,868,757,157,36,0.15,35.7,3.8,231,2026-09-05 10:45:00,PT5M,100.0,100.0,100.0,88.5005,78.1505
865,872,749,163,36,0.15,35.3,3.8,231,2026-09-05 10:50:00,PT5M,100.0,100.0,100.0,88.5381,78.222
868,875,740,169,36,0.15,34.9,3.8,231,2026-09-05 10:55:00,PT5M,100.0,100.0,100.0,88.5676,78.278
870,877,732,175,36,0.15,34.5,3.7,231,2026-09-05 11:00:00,PT5M,100.0,100.0,100.0,88.5878,78.3165
872,879,723,181,36,0.15,34.1,3.7,231,2026-09-05 11:05:00,PT5M,100.0,100.0,100.0,88.5852,78.3115
874,881,714,187,36,0.15,33.7,3.7,231,2026-09-05 11:10:00,PT5M,100.0,100.0,100.0,88.5894,78.3195
875,882,705,193,37,0.15,33.3,3.7,231,2026-09-05 11:15:00,PT5M,100.0,100.0,100.0,88.5965,78.333
875,882,696,199,37,0.15,33.0,3.7,231,2026-09-05 11:20:00,PT5M,100.0,100.0,100.0,88.5939,78.328
875,882,688,205,37,0.15,32.6,3.7,231,2026-09-05 11:25:00,PT5M,100.0,100.0,100.0,88.577,78.296
875,882,679,211,37,0.15,32.2,3.6,231,2026-09-05 11:30:00,PT5M,99.725,100.0,100.0,88.2778,77.975
872,879,666,218,37,0.15,31.9,3.6,230,2026-09-05 11:35:00,PT5M,99.127,100.0,100.0,87.5846,77.196
867,874,650,228,37,0.15,31.7,3.6,230,2026-09-05 11:40:00,PT5M,98.348,100.0,100.0,86.6414,76.105
862,868,634,237,37,0.15,31.5,3.6,230,2026-09-05 11:45:00,PT5M,97.556,100.0,100.0,85.6786,74.9885
856,862,617,246,37,0.15,31.3,3.6,230,2026-09-05 11:50:00,PT5M,96.714,100.0,100.0,84.6537,73.799
849,855,600,255,38,0.15,31.0,3.6,229,2026-09-05 11:55:00,PT5M,95.853,100.0,100.0,83.6029,72.5775
842,847,584,264,38,0.15,30.8,3.6,229,2026-09-05 12:00:00,PT5M,94.977,100.0,100.0,82.5304,71.328
834,840,568,272,38,0.15,30.6,3.6,229,2026-09-05 12:05:00,PT5M,94.087,100.0,100.0,81.4843,70.1415
826,832,552,280,38,0.15,30.4,3.6,229,2026-09-05 12:10:00,PT5M,93.287,100.0,100.0,80.4754,68.9445
817,823,536,288,38,0.15,30.2,3.6,228,2026-09-05 12:15:00,PT5M,92.474,100.0,100.0,79.4468,67.722
808,814,520,295,38,0.15,30.0,3.6,228,2026-09-05 12:20:00,PT5M,91.709,100.0,100.0,78.46,66.5355
799,805,505,302,38,0.15,29.8,3.5,228,2026-09-05 12:25:00,PT5M,90.861,100.0,100.0,77.3839,65.254
789,795,489,309,38,0.15,29.6,3.5,227,2026-09-05 12:30:00,PT5M,89.956,100.0,100.0,76.2399,63.895
779,784,473,315,38,0.15,29.5,3.6,226,2026-09-05 12:35:00,PT5M,89.032,100.0,100.0,75.072,62.5075
768,773,458,321,38,0.15,29.6,3.6,225,2026-09-05 12:40:00,PT5M,88.091,100.0,100.0,73.8847,61.0985
757,762,443,326,38,0.15,29.7,3.6,223,2026-09-05 12:45:00,PT5M,87.125,100.0,100.0,72.6679,59.656
746,751,428,331,38,0.15,29.8,3.6,222,2026-09-05 12:50:00,PT5M,86.133,100.0,100.0,71.4211,58.18
735,740,414,335,38,0.15,29.9,3.7,220,2026-09-05 12:55:00,PT5M,85.107,100.0,100.0,70.1307,56.6515
723,728,400,339,38,0.15,29.9,3.7,219,2026-09-05 13:00:00,PT5M,84.047,100.0,99.2957,68.7983,55.074
711,716,386,343,38,0.15,30.0,3.8,217,2026-09-05 13:05:00,PT5M,82.969,100.0,98.4822,67.4558,53.4935
699,703,372,346,38,0.15,30.1,3.8,216,2026-09-05 13:10:00,PT5M,81.882,100.0,97.6462,66.1178,51.9295
686,690,358,348,38,0.15,30.2,3.9,214,2026-09-05 13:15:00,PT5M,80.744,100.0,96.7764,64.7116,50.282
673,678,345,350,38,0.15,30.3,3.9,213,2026-09-05 13:20:00,PT5M,79.568,100.0,95.8738,63.2622,48.5865
660,665,332,352,38,0.15,30.4,4.0,212,2026-09-05 13:25:00,PT5M,78.309,100.0,94.8908,61.7272,46.803
647,651,319,354,38,0.15,30.5,4.0,210,2026-09-05 13:30:00,PT5M,77.063,100.0,93.9214,60.2046,45.0315
635,639,308,354,38,0.15,30.9,4.1,208,2026-09-05 13:35:00,PT5M,75.92,100.0,93.0313,58.8087,43.408
623,627,298,354,38,0.15,31.8,4.2,206,2026-09-05 13:40:00,PT5M,74.881,100.0,92.2223,57.5397,41.932
611,615,288,353,37,0.15,32.7,4.3,204,2026-09-05 13:45:00,PT5M,73.811,100.0,91.3831,56.2389,40.4235
599,603,279,352,37,0.15,33.6,4.5,202,2026-09-05 13:50:00,PT5M,72.712,100.0,90.5154,54.9086,38.885
587,590,269,351,37,0.15,34.5,4.6,200,2026-09-05 13:55:00,PT5M,71.582,100.0,89.6172,53.5468,37.3145
574,578,260,349,36,0.15,35.5,4.8,198,2026-09-05 14:00:00,PT5M,70.417,100.0,88.6849,52.1491,35.7075
561,565,251,347,36,0.15,36.5,4.9,196,2026-09-05 14:05:00,PT5M,69.219,100.0,87.7203,50.7177,34.066
549,552,242,345,36,0.15,37.5,5.1,194,2026-09-05 14:10:00,PT5M,67.985,100.0,86.7207,49.2493,32.3865
536,539,232,342,35,0.15,38.5,5.3,193,2026-09-05 14:15:00,PT5M,66.714,100.0,85.6861,47.7419,30.6665
523,526,224,339,35,0.15,39.6,5.4,191,2026-09-05 14:20:00,PT5M,65.41,100.0,84.6178,46.2022,28.9145
510,513,215,336,35,0.15,40.7,5.6,190,2026-09-05 14:25:00,PT5M,64.073,100.0,83.5164,44.6296,27.13
496,499,206,333,35,0.15,41.8,5.8,188,2026-09-05 14:30:00,PT5M,62.679,100.0,82.3592,42.9988,25.286
482,485,196,329,34,0.15,42.5,5.8,188,2026-09-05 14:35:00,PT5M,61.187,99.0285,81.1033,41.2707,23.3455
468,471,186,325,34,0.15,42.8,5.7,189,2026-09-05 14:40:00,PT5M,59.615,97.9005,79.7649,39.4651,21.3295
454,457,176,321,34,0.15,43.0,5.7,190,2026-09-05 14:45:00,PT5M,58.012,96.739,78.3943,37.6297,19.285
439,442,167,316,34,0.15,43.3,5.6,191,2026-09-05 14:50:00,PT5M,56.379,95.5435,76.9916,35.7664,17.2145
425,428,157,311,34,0.15,43.5,5.5,192,2026-09-05 14:55:00,PT5M,54.716,94.126,75.4578,33.9742,15.306
411,413,148,306,34,0.15,43.8,5.4,193,2026-09-05 15:00:00,PT5M,53.024,92.6175,73.8623,32.1857,13.4305
396,399,139,300,34,0.15,44.0,5.4,194,2026-09-05 15:05:00,PT5M,51.304,91.062,72.2289,30.3791,11.546
383,385,130,294,34,0.15,44.3,5.3,195,2026-09-05 15:10:00,PT5M,49.604,89.501,70.6021,28.6059,9.707
369,371,122,288,34,0.15,44.5,5.2,196,2026-09-05 15:15:00,PT5M,47.907,87.9185,68.9653,26.8487,7.8955
355,357,114,282,34,0.15,44.8,5.2,197,2026-09-05 15:20:00,PT5M,46.181,86.3055,67.2988,25.0632,6.0565
341,344,106,275,34,0.15,45.0,5.1,198,2026-09-05 15:25:00,PT5M,44.647,84.862,65.8124,23.4816,4.432
328,330,98,268,33,0.15,45.3,5.0,199,2026-09-05 15:30:00,PT5M,42.854,83.136,64.0547,21.6533,2.572
316,318,92,261,33,0.15,45.3,4.9,200,2026-09-05 15:35:00,PT5M,41.332,81.5985,62.5245,20.1395,1.0655
305,307,89,253,33,0.15,45.2,4.8,201,2026-09-05 15:40:00,PT5M,40.08,80.2505,61.222,18.938,0.0
294,295,87,245,34,0.15,45.0,4.6,202,2026-09-05 15:45:00,PT5M,38.795,78.8365,59.8691,17.7209,0.0
282,284,83,237,34,0.15,44.9,4.5,203,2026-09-05 15:50:00,PT5M,37.497,77.3355,58.4643,16.5297,0.0
271,273,80,229,34,0.15,44.7,4.3,204,2026-09-05 15:55:00,PT5M,36.174,75.717,56.9858,15.3622,0.0
260,261,77,221,34,0.15,44.6,4.2,205,2026-09-05 16:00:00,PT5M,34.809,73.9825,55.4263,14.1917,0.0
248,250,73,213,34,0.15,44.4,4.0,206,2026-09-05 16:05:00,PT5M,33.402,72.0745,53.7556,13.0484,0.0
237,238,69,204,34,0.15,44.2,3.9,207,2026-09-05 16:10:00,PT5M,31.955,70.1315,52.0476,11.8624,0.0
225,227,66,196,34,0.15,44.1,3.7,208,2026-09-05 16:15:00,PT5M,30.467,68.101,50.274,10.66,0.0
214,215,62,187,34,0.15,43.9,3.6,210,2026-09-05 16:20:00,PT5M,28.942,65.9945,48.443,9.441,0.0
202,204,57,179,34,0.15,43.8,3.4,211,2026-09-05 16:25:00,PT5M,27.383,63.8185,46.5593,8.2067,0.0
191,192,53,170,34,0.15,43.6,3.3,213,2026-09-05 16:30:00,PT5M,25.836,60.1,43.8694,7.8026,0.0
180,181,49,162,34,0.15,43.8,3.2,214,2026-09-05 16:35:00,PT5M,24.224,56.271,41.0906,7.3574,0.0
169,170,45,153,34,0.15,44.2,3.1,215,2026-09-05 16:40:00,PT5M,22.599,52.4355,38.3022,6.8958,0.0
157,159,40,144,33,0.15,44.6,3.1,216,2026-09-05 16:45:00,PT5M,20.936,48.5935,35.4923,6.3797,0.0
146,147,35,136,33,0.15,45.0,3.0,218,2026-09-05 16:50:00,PT5M,19.25,44.739,32.665,5.835,0.0
135,136,29,127,33,0.15,45.5,2.9,219,2026-09-05 16:55:00,PT5M,17.524,40.848,29.7996,5.2484,0.0
124,125,23,118,33,0.15,45.9,2.9,220,2026-09-05 17:00:00,PT5M,15.896,37.0705,27.0403,4.7517,0.0
113,114,16,109,33,0.15,46.4,2.8,221,2026-09-05 17:05:00,PT5M,14.167,33.222,24.1958,4.1382,0.0
102,102,8,101,33,0.15,46.8,2.7,223,2026-09-05 17:10:00,PT5M,12.406,29.4055,21.353,3.459,0.0
91,91,0,91,33,0.15,47.2,2.7,224,2026-09-05 17:15:00,PT5M,10.732,25.7735,18.6484,2.8156,0.0
79,80,0,80,32,0.15,47.7,2.6,226,2026-09-05 17:20:00,PT5M,9.341,22.496,16.2646,2.4174,0.0
68,69,0,69,32,0.15,48.2,2.6,227,2026-09-05 17:25:00,PT5M,7.961,19.2385,13.8964,2.0256,0.0
58,58,0,58,32,0.15,48.6,2.5,229,2026-09-05 17:30:00,PT5M,6.72,16.0905,11.6518,1.7882,0.0
48,48,0,48,32,0.15,49.0,2.6,230,2026-09-05 17:35:00,PT5M,5.507,12.969,9.4343,1.5797,0.0
39,39,0,39,32,0.15,49.2,2.7,232,2026-09-05 17:40:00,PT5M,4.263,9.9445,7.2532,1.2728,0.0
30,30,0,30,32,0.15,49.5,2.9,232,2026-09-05 17:45:00,PT5M,3.176,7.2665,5.3289,1.0231,0.0
22,22,0,22,32,0.15,49.8,3.0,233,2026-09-05 17:50:00,PT5M,2.211,4.864,3.6073,0.8147,0.0
15,15,0,15,32,0.15,50.0,3.2,234,2026-09-05 17:55:00,PT5M,1.303,2.7515,2.0654,0.5406,0.0
9,9,0,9,32,0.15,50.3,3.3,235,2026-09-05 18:00:00,PT5M,0.469,1.099,0.8006,0.1374,0.0
3,3,0,3,31,0.15,50.5,3.5,235,2026-09-05 18:05:00,PT5M,0.0,0.007,0.0037,0.0,0.0
0,0,0,0,31,0.15,50.8,3.6,236,2026-09-05 18:10:00,PT5M,0.0,0.0,0.0,0.0,0.0
0,0,0,0,31,0.15,51.1,3.8,237,2026-09-05 18:15:00,PT5M,0.0,0.0,0.0,0.0,0.0
0,0,0,0,31,0.15,51.3,4.0,237,2026-09-05 18:20:00,PT5M,0.0,0.0,0.0,0.0,0.0
0,0,0,0,31,0.15,51.6,4.1,238,2026-09-05 18:25:00,PT5M,0.0,0.0,0.0,0.0,0.0
0,0,0,0,31,0.15,51.9,4.3,238,2026-09-05 18:30:00,PT5M,0.0,0.0,0.0,0.0,0.0
0,0,0,0,31,0.15,52.3,4.3,238,2026-09-05 18:35:00,PT5M,0.0,0.0,0.0,0.0,0.0
0,0,0,0,31,0.15,52.8,4.3,238,2026-09-05 18:40:00,PT5M,0.0,0.0,0.0,0.0,0.0
0,0,0,0,31,0.15,53.3,4.3,238,2026-09-05 18:45:00,PT5M,0.0,0.0,0.0,0.0,0.0
0,0,0,0,30,0.15,53.9,4.2,238,2026-09-05 18:50:00,PT5M,0.0,0.0,0.0,0.0,0.0
0,0,0,0,30,0.15,54.4,4.2,238,2026-09-05 18:55:00,PT5M,0.0,0.0,0.0,0.0,0.0
0,0,0,0,30,0.15,55.0,4.2,238,2026-09-05 19:00:00,PT5M,0.0,0.0,0.0,0.0,0.0
0,0,0,0,30,0.15,55.6,4.1,238,2026-09-05 19:05:00,PT5M,0.0,0.0,0.0,0.0,0.0
0,0,0,0,30,0.15,56.1,4.1,238,2026-09-05 19:10:00,PT5M,0.0,0.0,0.0,0.0,0.0
0,0,0,0,30,0.15,56.7,4.0,238,2026-09-05 19:15:00,PT5M,0.0,0.0,0.0,0.0,0.0
0,0,0,0,30,0.15,57.3,4.0,238,2026-09-05 19:20:00,PT5M,0.0,0.0,0.0,0.0,0.0
0,0,0,0,30,0.15,57.9,4.0,238,2026-09-05 19:25:00,PT5M,0.0,0.0,0.0,0.0,0.0
0,0,0,0,29,0.15,58.5,3.9,238,2026-09-05 19:30:00,PT5M,0.0,0.0,0.0,0.0,0.0
0,0,0,0,29,0.15,59.2,3.9,238,2026-09-05 19:35:00,PT5M,0.0,0.0,0.0,0.0,0.0
0,0,0,0,29,0.15,60.2,3.8,238,2026-09-05 19:40:00,PT5M,0.0,0.0,0.0,0.0,0.0
0,0,0,0,29,0.15,61.1,3.8,238,2026-09-05 19:45:00,PT5M,0.0,0.0,0.0,0.0,0.0
0,0,0,0,29,0.15,62.1,3.8,238,2026-09-05 19:50:00,PT5M,0.0,0.0,0.0,0.0,0.0
0,0,0,0,29,0.15,63.1,3.7,238,2026-09-05 19:55:00,PT5M,0.0,0.0,0.0,0.0,0.0
0,0,0,0,28,0.15,64.1,3.7,238,2026-09-05 20:00:00,PT5M,0.0,0.0,0.0,0.0,0.0
0,0,0,0,28,0.15,65.1,3.6,239,2026-09-05 20:05:00,PT5M,0.0,0.0,0.0,0.0,0.0
0,0,0,0,28,0.15,66.2,3.6,239,2026-09-05 20:10:00,PT5M,0.0,0.0,0.0,0.0,0.0
0,0,0,0,28,0.15,67.2,3.5,239,2026-09-05 20:15:00,PT5M,0.0,0.0,0.0,0.0,0.0
0,0,0,0,28,0.15,68.3,3.5,239,2026-09-05 20:20:00,PT5M,0.0,0.0,0.0,0.0,0.0
0,0,0,0,28,0.15,69.4,3.4,239,2026-09-05 20:25:00,PT5M,0.0,0.0,0.0,0.0,0.0
0,0,0,0,27,0.15,70.5,3.4,240,2026-09-05 20:30:00,PT5M,0.0,0.0,0.0,0.0,0.0
0,0,0,0,27,0.15,71.4,3.3,240,2026-09-05 20:35:00,PT5M,0.0,0.0,0.0,0.0,0.0
0,0,0,0,27,0.15,72.0,3.3,239,2026-09-05 20:40:00,PT5M,0.0,0.0,0.0,0.0,0.0
0,0,0,0,27,0.15,72.6,3.2,239,2026-09-05 20:45:00,PT5M,0.0,0.0,0.0,0.0,0.0
0,0,0,0,27,0.15,73.2,3.2,239,2026-09-05 20:50:00,PT5M,0.0,0.0,0.0,0.0,0.0
0,0,0,0,27,0.15,73.8,3.1,239,2026-09-05 20:55:00,PT5M,0.0,0.0,0.0,0.0,0.0
0,0,0,0,27,0.15,74.4,3.1,239,2026-09-05 21:00:00,PT5M,0.0,0.0,0.0,0.0,0.0
0,0,0,0,27,0.15,75.1,3.0,238,2026-09-05 21:05:00,PT5M,0.0,0.0,0.0,0.0,0.0
0,0,0,0,26,0.15,75.7,3.0,238,2026-09-05 21:10:00,PT5M,0.0,0.0,0.0,0.0,0.0
0,0,0,0,26,0.15,76.3,2.9,238,2026-09-05 21:15:00,PT5M,0.0,0.0,0.0,0.0,0.0
0,0,0,0,26,0.15,77.0,2.9,238,2026-09-05 21:20:00,PT5M,0.0,0.0,0.0,0.0,0.0
0,0,0,0,26,0.15,77.6,2.8,237,2026-09-05 21:25:00,PT5M,0.0,0.0,0.0,0.0,0.0
0,0,0,0,26,0.15,78.3,2.8,237,2026-09-05 21:30:00,PT5M,0.0,0.0,0.0,0.0,0.0
0,0,0,0,26,0.15,78.8,2.7,237,2026-09-05 21:35:00,PT5M,0.0,0.0,0.0,0.0,0.0
0,0,0,0,26,0.15,79.0,2.7,237,2026-09-05 21:40:00,PT5M,0.0,0.0,0.0,0.0,0.0
0,0,0,0,26,0.15,79.2,2.7,237,2026-09-05 21:45:00,PT5M,0.0,0.0,0.0,0.0,0.0
0,0,0,0,26,0.15,79.5,2.7,237,2026-09-05 21:50:00,PT5M,0.0,0.0,0.0,0.0,0.0
0,0,0,0,26,0.15,79.7,2.7,237,2026-09-05 21:55:00,PT5M,0.0,0.0,0.0,0.0,0.0
0,0,0,0,26,0.15,79.9,2.7,237,2026-09-05 22:00:00,PT5M,0.0,0.0,0.0,0.0,0.0
0,0,0,0,26,0.15,80.2,2.7,237,2026-09-05 22:05:00,PT5M,0.0,0.0,0.0,0.0,0.0
0,0,0,0,26,0.15,80.4,2.7,237,2026-09-05 22:10:00,PT5M,0.0,0.0,0.0,0.0,0.0
0,0,0,0,26,0.15,80.7,2.6,237,2026-09-05 22:15:00,PT5M,0.0,0.0,0.0,0.0,0.0
0,0,0,0,26,0.15,80.9,2.6,237,2026-09-05 22:20:00,PT5M,0.0,0.0,0.0,0.0,0.0
0,0,0,0,26,0.15,81.1,2.6,237,2026-09-05 22:25:00,PT5M,0.0,0.0,0.0,0.0,0.0
0,0,0,0,26,0.15,81.4,2.6,238,2026-09-05 22:30:00,PT5M,0.0,0.0,0.0,0.0,0.0
0,0,0,0,26,0.15,81.5,2.6,237,2026-09-05 22:35:00,PT5M,0.0,0.0,0.0,0.0,0.0
0,0,0,0,26,0.15,81.6,2.6,237,2026-09-05 22:40:00,PT5M,0.0,0.0,0.0,0.0,0.0
0,0,0,0,26,0.15,81.6,2.6,236,2026-09-05 22:45:00,PT5M,0.0,0.0,0.0,0.0,0.0
0,0,0,0,26,0.15,81.7,2.7,236,2026-09-05 22:50:00,PT5M,0.0,0.0,0.0,0.0,0.0
0,0,0,0,26,0.15,81.7,2.7,235,2026-09-05 22:55:00,PT5M,0.0,0.0,0.0,0.0,0.0
0,0,0,0,26,0.15,81.7,2.7,235,2026-09-05 23:00:00,PT5M,0.0,0.0,0.0,0.0,0.0
0,0,0,0,26,0.15,81.8,2.7,235,2026-09-05 23:05:00,PT5M,0.0,0.0,0.0,0.0,0.0
0,0,0,0,26,0.15,81.8,2.7,234,2026-09-05 23:10:00,PT5M,0.0,0.0,0.0,0.0,0.0
0,0,0,0,26,0.15,81.9,2.7,234,2026-09-05 23:15:00,PT5M,0.0,0.0,0.0,0.0,0.0
0,0,0,0,26,0.15,81.9,2.7,233,2026-09-05 23:20:00,PT5M,0.0,0.0,0.0,0.0,0.0
0,0,0,0,26,0.15,81.9,2.8,233,2026-09-05 23:25:00,PT5M,0.0,0.0,0.0,0.0,0.0
0,0,0,0,26,0.15,82.0,2.8,233,2026-09-05 23:30:00,PT5M,0.0,0.0,0.0,0.0,0.0
0,0,0,0,26,0.15,82.0,2.8,232,2026-09-05 23:35:00,PT5M,0.0,0.0,0.0,0.0,0.0
0,0,0,0,26,0.15,82.0,2.8,232,2026-09-05 23:40:00,PT5M,0.0,0.0,0.0,0.0,0.0
0,0,0,0,26,0.15,82.0,2.8,232,2026-09-05 23:45:00,PT5M,0.0,0.0,0.0,0.0,0.0
0,0,0,0,26,0.15,82.0,2.8,231,2026-09-05 23:50:00,PT5M,0.0,0.0,0.0,0.0,0.0
0,0,0,0,26,0.15,82.0,2.8,231,2026-09-05 23:55:00,PT5M,0.0,0.0,0.0,0.0,0.0
0,0,0,0,26,0.15,82.0,2.8,231,2026-09-06 00:00:00,PT5M,0.0,0.0,0.0,0.0,0.0
0,0,0,0,26,0.15,82.0,2.8,231,2026-09-06 00:05:00,PT5M,0.0,0.0,0.0,0.0,0.0
0,0,0,0,26,0.15,82.0,2.8,230,2026-09-06 00:10:00,PT5M,0.0,0.0,0.0,0.0,0.0
0,0,0,0,26,0.15,82.0,2.8,230,2026-09-06 00:15:00,PT5M,0.0,0.0,0.0,0.0,0.0
0,0,0,0,26,0.15,82.0,2.8,230,2026-09-06 00:20:00,PT5M,0.0,0.0,0.0,0.0,0.0
0,0,0,0,26,0.15,82.0,2.8,230,2026-09-06 00:25:00,PT5M,0.0,0.0,0.0,0.0,0.0
0,0,0,0,26,0.15,82.0,2.8,230,2026-09-06 00:30:00,PT5M,0.0,0.0,0.0,0.0,0.0
0,0,0,0,26,0.15,82.0,2.8,229,2026-09-06 00:35:00,PT5M,0.0,0.0,0.0,0.0,0.0
0,0,0,0,26,0.15,82.0,2.8,229,2026-09-06 00:40:00,PT5M,0.0,0.0,0.0,0.0,0.0
0,0,0,0,26,0.15,82.0,2.8,228,2026-09-06 00:45:00,PT5M,0.0,0.0,0.0,0.0,0.0
0,0,0,0,26,0.15,82.0,2.8,228,2026-09-06 00:50:00,PT5M,0.0,0.0,0.0,0.0,0.0
0,0,0,0,26,0.15,82.0,2.8,227,2026-09-06 00:55:00,PT5M,0.0,0.0,0.0,0.0,0.0
0,0,0,0,26,0.15,82.0,2.8,227,2026-09-06 01:00:00,PT5M,0.0,0.0,0.0,0.0,0.0
0,0,0,0,26,0.15,82.0,2.8,226,2026-09-06 01:05:00,PT5M,0.0,0.0,0.0,0.0,0.0
0,0,0,0,26,0.15,82.0,2.8,226,2026-09-06 01:10:00,PT5M,0.0,0.0,0.0,0.0,0.0
0,0,0,0,26,0.15,82.0,2.9,225,2026-09-06 01:15:00,PT5M,0.0,0.0,0.0,0.0,0.0
0,0,0,0,26,0.15,82.0,2.9,225,2026-09-06 01:20:00,PT5M,0.0,0.0,0.0,0.0,0.0
0,0,0,0,26,0.15,82.0,2.9,224,2026-09-06 01:25:00,PT5M,0.0,0.0,0.0,0.0,0.0
0,0,0,0,26,0.15,82.0,2.9,224,2026-09-06 01:30:00,PT5M,0.0,0.0,0.0,0.0,0.0
0,0,0,0,26,0.15,82.0,2.9,224,2026-09-06 01:35:00,PT5M,0.0,0.0,0.0,0.0,0.0
0,0,0,0,26,0.15,82.1,2.9,223,2026-09-06 01:40:00,PT5M,0.0,0.0,0.0,0.0,0.0
0,0,0,0,26,0.15,82.1,3.0,223,2026-09-06 01:45:00,PT5M,0.0,0.0,0.0,0.0,0.0
0,0,0,0,26,0.15,82.1,3.0,223,2026-09-06 01:50:00,PT5M,0.0,0.0,0.0,0.0,0.0
0,0,0,0,26,0.15,82.2,3.0,223,2026-09-06 01:55:00,PT5M,0.0,0.0,0.0,0.0,0.0
0,0,0,0,26,0.15,82.2,3.1,223,2026-09-06 02:00:00,PT5M,0.0,0.0,0.0,0.0,0.0
0,0,0,0,25,0.15,82.3,3.1,223,2026-09-06 02:05:00,PT5M,0.0,0.0,0.0,0.0,0.0
0,0,0,0,25,0.15,82.3,3.1,223,2026-09-06 02:10:00,PT5M,0.0,0.0,0.0,0.0,0.0
0,0,0,0,25,0.15,82.3,3.2,223,2026-09-06 02:15:00,PT5M,0.0,0.0,0.0,0.0,0.0
0,0,0,0,25,0.15,82.4,3.2,223,2026-09-06 02:20:00,PT5M,0.0,0.0,0.0,0.0,0.0
0,0,0,0,25,0.15,82.4,3.2,223,2026-09-06 02:25:00,PT5M,0.0,0.0,0.0,0.0,0.0
0,0,0,0,25,0.15,82.5,3.2,223,2026-09-06 02:30:00,PT5M,0.0,0.0,0.0,0.0,0.0
0,0,0,0,25,0.15,82.4,3.2,223,2026-09-06 02:35:00,PT5M,0.0,0.0,0.0,0.0,0.0
0,0,0,0,25,0.15,82.4,3.2,223,2026-09-06 02:40:00,PT5M,0.0,0.0,0.0,0.0,0.0
0,0,0,0,25,0.15,82.3,3.2,223,2026-09-06 02:45:00,PT5M,0.0,0.0,0.0,0.0,0.0
0,0,0,0,25,0.15,82.2,3.2,223,2026-09-06 02:50:00,PT5M,0.0,0.0,0.0,0.0,0.0
0,0,0,0,25,0.15,82.1,3.2,223,2026-09-06 02:55:00,PT5M,0.0,0.0,0.0,0.0,0.0
0,0,0,0,25,0.15,82.0,3.2,224,2026-09-06 03:00:00,PT5M,0.0,0.0,0.0,0.0,0.0
0,0,0,0,25,0.15,81.9,3.2,224,2026-09-06 03:05:00,PT5M,0.0,0.0,0.0,0.0,0.0
0,0,0,0,25,0.15,81.9,3.2,224,2026-09-06 03:10:00,PT5M,0.0,0.0,0.0,0.0,0.0
0,0,0,0,25,0.15,81.8,3.2,224,2026-09-06 03:15:00,PT5M,0.0,0.0,0.0,0.0,0.0
0,0,0,0,25,0.15,81.7,3.1,224,2026-09-06 03:20:00,PT5M,0.0,0.0,0.0,0.0,0.0
0,0,0,0,25,0.15,81.6,3.1,225,2026-09-06 03:25:00,PT5M,0.0,0.0,0.0,0.0,0.0
0,0,0,0,25,0.15,81.5,3.1,225,2026-09-06 03:30:00,PT5M,0.0,0.0,0.0,0.0,0.0
0,0,0,0,25,0.15,81.5,3.1,225,2026-09-06 03:35:00,PT5M,0.0,0.0,0.0,0.0,0.0
0,0,0,0,25,0.15,81.5,3.1,225,2026-09-06 03:40:00,PT5M,0.0,0.0,0.0,0.0,0.0
0,0,0,0,25,0.15,81.6,3.1,224,2026-09-06 03:45:00,PT5M,0.0,0.0,0.0,0.0,0.0
0,0,0,0,25,0.15,81.6,3.2,224,2026-09-06 03:50:00,PT5M,0.0,0.0,0.0,0.0,0.0
0,0,0,0,25,0.15,81.7,3.2,224,2026-09-06 03:55:00,PT5M,0.0,0.0,0.0,0.0,0.0
0,0,0,0,25,0.15,81.7,3.2,224,2026-09-06 04:00:00,PT5M,0.0,0.0,0.0,0.0,0.0
0,0,0,0,25,0.15,81.7,3.2,224,2026-09-06 04:05:00,PT5M,0.0,0.0,0.0,0.0,0.0
0,0,0,0,25,0.15,81.8,3.2,223,2026-09-06 04:10:00,PT5M,0.0,0.0,0.0,0.0,0.0
0,0,0,0,25,0.15,81.8,3.2,223,2026-09-06 04:15:00,PT5M,0.0,0.0,0.0,0.0,0.0
0,0,0,0,25,0.15,81.9,3.2,223,2026-09-06 04:20:00,PT5M,0.0,0.0,0.0,0.0,0.0
0,0,0,0,25,0.15,81.9,3.2,223,2026-09-06 04:25:00,PT5M,0.0,0.0,0.0,0.0,0.0
0,0,0,0,25,0.15,81.9,3.2,223,2026-09-06 04:30:00,PT5M,0.0,0.0,0.0,0.0,0.0
0,0,0,0,25,0.15,81.9,3.3,222,2026-09-06 04:35:00,PT5M,0.0,0.0,0.0,0.0,0.0
0,0,0,0,25,0.15,81.8,3.3,222,2026-09-06 04:40:00,PT5M,0.0,0.0,0.0,0.0,0.0
0,0,0,0,25,0.15,81.6,3.3,222,2026-09-06 04:45:00,PT5M,0.0,0.0,0.0,0.0,0.0
0,0,0,0,25,0.15,81.5,3.3,222,2026-09-06 04:50:00,PT5M,0.0,0.0,0.0,0.0,0.0
0,0,0,0,25,0.15,81.4,3.3,222,2026-09-06 04:55:00,PT5M,0.0,0.0,0.0,0.0,0.0
0,0,0,0,25,0.15,81.3,3.3,221,2026-09-06 05:00:00,PT5M,0.0,0.0,0.0,0.0,0.0
0,0,0,0,25,0.15,81.1,3.3,221,2026-09-06 05:05:00,PT5M,0.0,0.0,0.0,0.0,0.0
0,0,0,0,25,0.15,81.0,3.3,221,2026-09-06 05:10:00,PT5M,0.0,0.0,0.0,0.0,0.0
0,0,0,0,25,0.15,80.9,3.4,221,2026-09-06 05:15:00,PT5M,0.0,0.0,0.0,0.0,0.0
0,0,0,0,25,0.15,80.8,3.4,221,2026-09-06 05:20:00,PT5M,0.0,0.0,0.0,0.0,0.0
0,0,0,0,25,0.15,80.6,3.4,221,2026-09-06 05:25:00,PT5M,0.0,0.0,0.0,0.0,0.0
0,0,0,0,25,0.15,80.5,3.4,220,2026-09-06 05:30:00,PT5M,0.0,0.0,0.0,0.0,0.0
0,0,0,0,25,0.15,80.4,3.4,220,2026-09-06 05:35:00,PT5M,0.0,0.0,0.0,0.0,0.0
0,0,0,0,25,0.15,80.3,3.4,220,2026-09-06 05:40:00,PT5M,0.0,0.0,0.0,0.0,0.0
0,0,0,0,25,0.15,80.3,3.4,221,2026-09-06 05:45:00,PT5M,0.0,0.0,0.0,0.0,0.0
0,0,0,0,25,0.15,80.2,3.5,221,2026-09-06 05:50:00,PT5M,0.0,0.0,0.0,0.0,0.0
0,0,0,0,25,0.15,80.1,3.5,221,2026-09-06 05:55:00,PT5M,0.0,0.0,0.0,0.0,0.0
0,0,0,0,25,0.15,80.0,3.5,221,2026-09-06 06:00:00,PT5M,0.0,0.0,0.0,0.0,0.0
4,4,0,4,25,0.15,79.9,3.5,221,2026-09-06 06:05:00,PT5M,0.0,0.0,0.0,0.0,0.0
11,11,0,11,25,0.15,79.9,3.5,221,2026-09-06 06:10:00,PT5M,0.838,1.3095,1.0862,0.5898,0.3665
20,20,0,20,25,0.15,79.8,3.6,221,2026-09-06 06:15:00,PT5M,2.036,3.037,2.5628,1.5092,1.035
30,30,14,29,25,0.15,79.7,3.6,221,2026-09-06 06:20:00,PT5M,3.457,5.4775,4.5204,2.3936,1.4365
41,42,45,37,25,0.15,79.6,3.6,221,2026-09-06 06:25:00,PT5M,5.362,8.742,7.1409,3.5831,1.982
52,54,72,45,25,0.15,79.5,3.6,222,2026-09-06 06:30:00,PT5M,7.621,12.445,10.1599,5.0821,2.797
65,67,104,53,25,0.15,79.2,3.6,222,2026-09-06 06:35:00,PT5M,10.484,16.877,13.8487,7.1193,4.091
80,83,142,59,25,0.15,78.6,3.7,221,2026-09-06 06:40:00,PT5M,13.929,21.957,18.1542,9.7038,5.901
96,99,181,66,26,0.15,77.9,3.7,221,2026-09-06 06:45:00,PT5M,17.65,27.294,22.7257,12.5743,8.006
113,117,221,71,26,0.15,77.3,3.8,221,2026-09-06 06:50:00,PT5M,21.73,32.897,27.6073,15.8527,10.563
131,135,261,76,26,0.15,76.7,3.8,221,2026-09-06 06:55:00,PT5M,26.155,38.8175,32.8194,19.4906,13.4925
150,155,302,80,26,0.15,76.1,3.9,221,2026-09-06 07:00:00,PT5M,30.855,45.07,38.3365,23.3735,16.64
169,174,339,83,26,0.15,75.5,3.9,221,2026-09-06 07:05:00,PT5M,35.742,51.583,44.0792,27.4048,19.901
188,194,371,87,26,0.15,74.9,4.0,221,2026-09-06 07:10:00,PT5M,40.664,58.085,49.8328,31.4952,23.243
208,214,403,89,26,0.15,74.3,4.0,221,2026-09-06 07:15:00,PT5M,45.808,64.5825,55.6892,35.9268,27.0335
228,235,434,91,27,0.15,73.7,4.1,220,2026-09-06 07:20:00,PT5M,51.138,71.2745,61.736,40.54,31.0015
249,256,466,93,27,0.15,73.2,4.1,220,2026-09-06 07:25:00,PT5M,56.613,77.993,67.8654,45.3606,35.233
271,278,497,93,27,0.15,72.6,4.2,220,2026-09-06 07:30:00,PT5M,62.317,84.866,74.1847,50.4493,39.768
291,298,519,95,27,0.15,71.7,4.2,221,2026-09-06 07:35:00,PT5M,67.381,91.2915,79.9653,54.7967,43.4705
309,317,530,99,27,0.15,70.4,4.3,221,2026-09-06 07:40:00,PT5M,71.796,97.348,85.2442,58.3478,46.244
328,335,540,103,27,0.15,69.2,4.4,222,2026-09-06 07:45:00,PT5M,76.278,100.0,90.6493,61.9067,48.972
346,354,550,106,28,0.15,67.9,4.4,223,2026-09-06 07:50:00,PT5M,78.064,100.0,92.549,63.579,50.542
364,372,559,110,28,0.15,66.8,4.5,224,2026-09-06 07:55:00,PT5M,79.764,100.0,94.3872,65.1408,51.9795
382,390,568,113,28,0.15,65.6,4.6,224,2026-09-06 08:00:00,PT5M,81.369,100.0,96.0832,66.6548,53.4115
400,408,576,116,28,0.15,64.4,4.7,225,2026-09-06 08:05:00,PT5M,82.868,100.0,97.6585,68.0775,54.7655
418,426,583,119,29,0.15,63.3,4.7,226,2026-09-06 08:10:00,PT5M,84.246,100.0,99.0931,69.3989,56.036
436,443,590,123,29,0.15,62.2,4.8,226,2026-09-06 08:15:00,PT5M,85.487,100.0,100.0,70.6075,57.2155
453,461,597,126,29,0.15,61.1,4.9,227,2026-09-06 08:20:00,PT5M,86.582,100.0,100.0,71.6978,58.3015
470,478,602,129,29,0.15,60.0,5.0,227,2026-09-06 08:25:00,PT5M,87.511,100.0,100.0,72.6586,59.291
487,495,607,132,29,0.15,59.0,5.1,228,2026-09-06 08:30:00,PT5M,88.296,100.0,100.0,73.5057,60.194
504,511,612,135,30,0.15,58.0,5.1,228,2026-09-06 08:35:00,PT5M,89.066,100.0,100.0,74.3786,61.1595
521,528,618,138,30,0.15,56.9,5.0,228,2026-09-06 08:40:00,PT5M,89.831,100.0,100.0,75.2849,62.193
537,545,624,141,30,0.15,55.9,5.0,228,2026-09-06 08:45:00,PT5M,90.545,100.0,100.0,76.1439,63.1825
554,561,629,144,30,0.15,55.0,5.0,229,2026-09-06 08:50:00,PT5M,91.214,100.0,100.0,76.9008,64.0185
570,577,634,146,31,0.15,54.0,4.9,229,2026-09-06 08:55:00,PT5M,91.847,100.0,100.0,77.7075,64.9815
585,592,638,149,31,0.15,53.1,4.9,229,2026-09-06 09:00:00,PT5M,92.445,100.0,100.0,78.5908,66.1215
601,608,643,151,31,0.15,52.2,4.8,229,2026-09-06 09:05:00,PT5M,93.043,100.0,100.0,79.4714,67.2565
617,624,649,152,31,0.15,51.2,4.8,229,2026-09-06 09:10:00,PT5M,93.709,100.0,100.0,80.4276,68.474
632,639,656,154,31,0.15,50.4,4.8,229,2026-09-06 09:15:00,PT5M,94.344,100.0,100.0,81.3458,69.647
647,655,661,155,32,0.15,49.5,4.7,229,2026-09-06 09:20:00,PT5M,94.949,100.0,100.0,82.2266,70.776
662,669,667,156,32,0.15,48.6,4.7,229,2026-09-06 09:25:00,PT5M,95.526,100.0,100.0,83.0723,71.8635
677,684,673,158,32,0.15,47.8,4.6,229,2026-09-06 09:30:00,PT5M,96.076,100.0,100.0,83.8838,72.9105
692,699,680,158,32,0.15,47.0,4.6,230,2026-09-06 09:35:00,PT5M,96.735,100.0,100.0,84.8257,74.107
708,715,690,157,32,0.15,46.4,4.6,230,2026-09-06 09:40:00,PT5M,97.544,100.0,100.0,85.9397,75.4955
723,730,700,156,33,0.15,45.8,4.5,231,2026-09-06 09:45:00,PT5M,98.264,100.0,100.0,86.956,76.7785
738,745,708,155,33,0.15,45.1,4.5,232,2026-09-06 09:50:00,PT5M,98.907,100.0,100.0,87.8795,77.9545
752,759,716,154,33,0.15,44.5,4.5,233,2026-09-06 09:55:00,PT5M,99.528,100.0,100.0,88.7742,79.0955
766,773,724,153,33,0.15,43.9,4.5,233,2026-09-06 10:00:00,PT5M,100.0,100.0,100.0,89.5128,80.074
780,787,733,151,33,0.15,43.3,4.5,234,2026-09-06 10:05:00,PT5M,100.0,100.0,100.0,89.7707,80.564
793,800,741,150,34,0.15,42.7,4.4,235,2026-09-06 10:10:00,PT5M,100.0,100.0,100.0,90.0204,81.0385
806,813,749,148,34,0.15,42.1,4.4,235,2026-09-06 10:15:00,PT5M,100.0,100.0,100.0,90.2623,81.498
819,826,757,147,34,0.15,41.5,4.4,236,2026-09-06 10:20:00,PT5M,100.0,100.0,100.0,90.4967,81.9435
831,838,765,145,34,0.15,41.0,4.4,237,2026-09-06 10:25:00,PT5M,100.0,100.0,100.0,90.7238,82.375
843,850,773,142,34,0.15,40.4,4.4,238,2026-09-06 10:30:00,PT5M,100.0,100.0,100.0,90.9449,82.795
852,859,774,143,35,0.15,39.9,4.3,238,2026-09-06 10:35:00,PT5M,100.0,100.0,100.0,91.0883,83.0675
858,865,769,148,35,0.15,39.5,4.3,238,2026-09-06 10:40:00,PT5M,100.0,100.0,100.0,91.1554,83.195
863,870,763,152,35,0.15,39.1,4.3,239,2026-09-06 10:45:00,PT5M,100.0,100.0,100.0,91.2165,83.311
868,875,758,157,35,0.15,38.7,4.2,239,2026-09-06 10:50:00,PT5M,100.0,100.0,100.0,91.2709,83.4145
873,879,752,161,35,0.15,38.3,4.2,239,2026-09-06 10:55:00,PT5M,100.0,100.0,100.0,91.317,83.502
876,883,747,165,35,0.15,37.9,4.1,239,2026-09-06 11:00:00,PT5M,100.0,100.0,100.0,91.3541,83.5725
880,886,741,170,36,0.15,37.5,4.1,240,2026-09-06 11:05:00,PT5M,100.0,100.0,100.0,91.3717,83.606
882,889,735,174,36,0.15,37.1,4.1,240,2026-09-06 11:10:00,PT5M,100.0,100.0,100.0,91.3938,83.648
884,891,729,178,36,0.15,36.7,4.0,240,2026-09-06 11:15:00,PT5M,100.0,100.0,100.0,91.4167,83.6915
886,892,723,183,36,0.15,36.4,4.0,240,2026-09-06 11:20:00,PT5M,100.0,100.0,100.0,91.4294,83.7155
887,893,717,187,36,0.15,36.0,4.0,240,2026-09-06 11:25:00,PT5M,100.0,100.0,100.0,91.4299,83.7165
888,894,711,191,36,0.15,35.6,3.9,241,2026-09-06 11:30:00,PT5M,100.0,100.0,100.0,91.423,83.7035
887,893,703,196,36,0.15,35.4,3.9,241,2026-09-06 11:35:00,PT5M,100.0,100.0,100.0,91.353,83.5705
886,892,694,202,36,0.15,35.2,3.9,240,2026-09-06 11:40:00,PT5M,100.0,100.0,100.0,91.2217,83.321
884,889,684,208,37,0.15,35.0,3.8,240,2026-09-06 11:45:00,PT5M,99.738,100.0,100.0,90.8216,82.7965
880,886,673,214,37,0.15,34.9,3.8,240,2026-09-06 11:50:00,PT5M,99.22,100.0,100.0,90.1512,81.989
877,883,663,221,37,0.15,34.7,3.8,240,2026-09-06 11:55:00,PT5M,98.687,100.0,100.0,89.459,81.1535
873,879,652,227,37,0.15,34.6,3.7,239,2026-09-06 12:00:00,PT5M,98.137,100.0,100.0,88.7424,80.287
868,874,642,232,37,0.15,34.4,3.7,239,2026-09-06 12:05:00,PT5M,97.574,100.0,100.0,88.006,79.3945
863,869,631,238,37,0.15,34.2,3.7,239,2026-09-06 12:10:00,PT5M,97.104,100.0,100.0,87.3694,78.608
858,863,620,244,37,0.15,34.1,3.7,239,2026-09-06 12:15:00,PT5M,96.618,100.0,100.0,86.7097,77.792
852,858,610,249,37,0.15,33.9,3.6,238,2026-09-06 12:20:00,PT5M,96.114,100.0,100.0,86.0242,76.943
846,851,599,254,37,0.15,33.8,3.6,238,2026-09-06 12:25:00,PT5M,95.592,100.0,100.0,85.3298,76.0935
839,844,588,259,37,0.15,33.6,3.6,238,2026-09-06 12:30:00,PT5M,95.011,100.0,100.0,84.5417,75.119
829,834,573,266,37,0.15,33.7,3.5,236,2026-09-06 12:35:00,PT5M,94.191,100.0,100.0,83.457,73.796
817,822,554,275,37,0.15,34.1,3.5,233,2026-09-06 12:40:00,PT5M,93.134,100.0,100.0,82.0802,72.1315
804,809,535,283,37,0.15,34.4,3.5,230,2026-09-06 12:45:00,PT5M,92.053,100.0,100.0,80.6732,70.431
791,796,516,290,37,0.15,34.8,3.5,227,2026-09-06 12:50:00,PT5M,91.029,100.0,100.0,79.3171,68.776
778,783,498,297,37,0.15,35.2,3.5,224,2026-09-06 12:55:00,PT5M,89.898,100.0,100.0,77.8419,66.991
765,770,480,303,37,0.15,35.6,3.6,221,2026-09-06 13:00:00,PT5M,88.736,100.0,100.0,76.3267,65.158
751,756,462,309,37,0.15,35.9,3.6,218,2026-09-06 13:05:00,PT5M,87.556,100.0,100.0,74.7981,63.3155
737,742,445,315,36,0.15,36.3,3.6,216,2026-09-06 13:10:00,PT5M,86.364,100.0,99.3985,73.3295,61.598
723,728,428,319,36,0.15,36.7,3.7,213,2026-09-06 13:15:00,PT5M,85.122,100.0,98.5147,71.7293,59.6755
709,713,411,324,36,0.15,37.1,3.8,210,2026-09-06 13:20:00,PT5M,83.844,100.0,97.6022,70.0858,57.703
695,699,395,327,36,0.15,37.5,3.8,208,2026-09-06 13:25:00,PT5M,82.529,100.0,96.6582,68.3998,55.683
680,684,379,331,36,0.15,37.9,3.9,205,2026-09-06 13:30:00,PT5M,81.181,100.0,95.6847,66.6773,53.6235
667,671,366,332,36,0.15,38.4,4.0,203,2026-09-06 13:35:00,PT5M,80.069,100.0,94.8867,65.2513,51.915
656,660,357,332,36,0.15,39.1,4.1,202,2026-09-06 13:40:00,PT5M,79.196,100.0,94.2758,64.1162,50.544
644,648,348,332,35,0.15,39.8,4.2,201,2026-09-06 13:45:00,PT5M,78.29,100.0,93.6334,62.9466,49.137
632,637,340,331,35,0.15,40.6,4.3,200,2026-09-06 13:50:00,PT5M,77.297,100.0,92.9057,61.6883,47.64
620,625,331,331,35,0.15,41.3,4.4,199,2026-09-06 13:55:00,PT5M,76.333,100.0,92.2088,60.4572,46.1685
608,612,322,329,35,0.15,42.1,4.5,198,2026-09-06 14:00:00,PT5M,75.336,100.0,91.481,59.191,44.66
596,600,313,328,34,0.15,42.8,4.6,198,2026-09-06 14:05:00,PT5M,74.303,100.0,90.7188,57.8872,43.1125
583,587,304,326,34,0.15,43.6,4.7,197,2026-09-06 14:10:00,PT5M,73.235,100.0,89.9239,56.5461,41.5255
571,575,296,324,34,0.15,44.4,4.8,196,2026-09-06 14:15:00,PT5M,72.129,100.0,89.0942,55.1638,39.8945
558,562,287,322,34,0.15,45.2,4.9,195,2026-09-06 14:20:00,PT5M,70.989,100.0,88.2313,53.7467,38.228
545,548,279,319,33,0.15,46.1,5.0,195,2026-09-06 14:25:00,PT5M,69.814,100.0,87.3337,52.2943,36.526
531,535,269,317,33,0.15,46.9,5.1,194,2026-09-06 14:30:00,PT5M,68.567,100.0,86.3675,50.7665,34.7455
518,521,260,314,33,0.15,47.3,5.1,194,2026-09-06 14:35:00,PT5M,67.246,100.0,85.3304,49.1616,32.885
504,507,251,311,33,0.15,47.2,5.1,195,2026-09-06 14:40:00,PT5M,65.863,100.0,84.2332,47.4928,30.959
490,493,241,307,33,0.15,47.1,5.1,196,2026-09-06 14:45:00,PT5M,64.443,99.887,83.0974,45.7886,28.999
476,479,232,304,33,0.15,47.0,5.1,197,2026-09-06 14:50:00,PT5M,62.986,98.9675,81.9233,44.0487,27.0045
462,465,223,300,33,0.15,46.9,5.1,198,2026-09-06 14:55:00,PT5M,61.492,97.79,80.5959,42.3881,25.194
447,451,213,296,33,0.15,46.8,5.1,199,2026-09-06 15:00:00,PT5M,59.99,96.5325,79.2226,40.7574,23.4475
433,436,204,291,33,0.15,46.7,5.1,200,2026-09-06 15:05:00,PT5M,58.423,95.189,77.7732,39.0728,21.657
419,422,196,286,33,0.15,46.6,5.1,201,2026-09-06 15:10:00,PT5M,56.882,93.8405,76.3335,37.4305,19.9235
405,408,187,281,33,0.15,46.6,5.1,202,2026-09-06 15:15:00,PT5M,55.331,92.4545,74.8694,35.7926,18.2075
392,394,179,275,33,0.15,46.5,5.1,203,2026-09-06 15:20:00,PT5M,53.739,91.0025,73.351,34.127,16.4755
378,380,171,270,33,0.15,46.4,5.1,204,2026-09-06 15:25:00,PT5M,52.104,89.4805,71.7755,32.4325,14.7275
364,366,162,264,33,0.15,46.3,5.1,205,2026-09-06 15:30:00,PT5M,50.414,87.8765,70.1308,30.6972,12.9515
350,353,155,257,33,0.15,46.1,5.1,206,2026-09-06 15:35:00,PT5M,48.832,86.3745,68.5909,29.0731,11.2895
337,340,150,250,33,0.15,45.8,5.2,206,2026-09-06 15:40:00,PT5M,47.366,84.9845,67.1649,27.5671,9.7475
324,326,145,242,34,0.15,45.5,5.2,207,2026-09-06 15:45:00,PT5M,45.862,83.456,65.648,26.076,8.268
311,313,140,234,34,0.15,45.2,5.3,208,2026-09-06 15:50:00,PT5M,44.335,81.8875,64.0991,24.5709,6.7825
297,300,134,227,34,0.15,44.9,5.3,208,2026-09-06 15:55:00,PT5M,42.764,80.185,62.4589,23.0691,5.343
284,286,128,219,34,0.15,44.7,5.3,209,2026-09-06 16:00:00,PT5M,41.142,78.353,60.7264,21.5576,3.931
271,273,123,211,34,0.15,44.4,5.4,209,2026-09-06 16:05:00,PT5M,39.474,76.4045,58.9108,20.0372,2.5435
257,260,117,203,34,0.15,44.1,5.4,210,2026-09-06 16:10:00,PT5M,37.762,74.3605,57.0241,18.4999,1.1635
244,246,111,194,34,0.15,43.8,5.5,210,2026-09-06 16:15:00,PT5M,36.013,72.2355,55.0772,16.9488,0.0
231,233,105,186,34,0.15,43.5,5.5,211,2026-09-06 16:20:00,PT5M,34.231,70.0355,53.0752,15.3868,0.0
218,220,99,177,34,0.15,43.3,5.6,211,2026-09-06 16:25:00,PT5M,32.638,67.969,51.233,14.043,0.0
205,207,93,169,34,0.15,43.0,5.6,212,2026-09-06 16:30:00,PT5M,30.564,63.7305,48.0198,13.1082,0.0
192,194,86,160,34,0.15,43.0,5.7,212,2026-09-06 16:35:00,PT5M,28.443,59.5355,44.8072,12.0788,0.0
180,181,79,152,34,0.15,43.3,5.7,213,2026-09-06 16:40:00,PT5M,26.306,55.288,41.5594,11.0526,0.0
167,169,72,144,34,0.15,43.5,5.7,214,2026-09-06 16:45:00,PT5M,24.166,51.04,38.31,10.022,0.0
155,156,64,135,34,0.15,43.8,5.8,215,2026-09-06 16:50:00,PT5M,22.036,46.798,35.0684,9.0036,0.0
143,144,56,126,34,0.15,44.0,5.8,216,2026-09-06 16:55:00,PT5M,19.896,42.5515,31.8198,7.9722,0.0
130,132,48,118,34,0.15,44.3,5.8,216,2026-09-06 17:00:00,PT5M,17.789,38.352,28.6115,6.9665,0.0
118,119,38,109,33,0.15,44.6,5.9,217,2026-09-06 17:05:00,PT5M,15.734,34.234,25.4707,5.9973,0.0
106,107,27,100,33,0.15,44.9,5.9,218,2026-09-06 17:10:00,PT5M,13.655,30.158,22.3406,4.9694,0.0
94,94,14,91,33,0.15,45.1,6.0,219,2026-09-06 17:15:00,PT5M,11.639,26.238,19.3226,3.9554,0.0
82,82,0,82,33,0.15,45.4,6.0,219,2026-09-06 17:20:00,PT5M,9.612,22.3695,16.3264,2.8976,0.0
70,71,0,71,33,0.15,45.7,6.0,220,2026-09-06 17:25:00,PT5M,8.155,19.0695,13.8994,2.4106,0.0
59,59,0,59,33,0.15,46.0,6.1,221,2026-09-06 17:30:00,PT5M,6.846,15.8845,11.603,2.089,0.0
46,46,0,46,33,0.15,46.6,6.1,221,2026-09-06 17:35:00,PT5M,5.222,10.5305,8.0159,2.4281,0.0
36,36,0,36,32,0.15,47.5,6.0,222,2026-09-06 17:40:00,PT5M,3.841,7.575,5.8062,1.8758,0.107
26,27,0,27,32,0.15,48.5,6.0,222,2026-09-06 17:45:00,PT5M,2.701,5.2055,4.0191,1.3829,0.1965
19,19,0,19,32,0.15,49.5,5.9,223,2026-09-06 17:50:00,PT5M,1.742,3.342,2.5841,0.8999,0.142
12,12,0,12,32,0.15,50.5,5.9,223,2026-09-06 17:55:00,PT5M,0.907,1.8965,1.4278,0.3862,0.0
7,7,0,7,31,0.15,51.5,5.9,224,2026-09-06 18:00:00,PT5M,0.186,0.5865,0.3968,0.0,0.0
2,2,0,2,31,0.15,52.6,5.8,224,2026-09-06 18:05:00,PT5M,0.0,0.0,0.0,0.0,0.0
0,0,0,0,31,0.15,53.6,5.8,225,2026-09-06 18:10:00,PT5M,0.0,0.0,0.0,0.0,0.0
0,0,0,0,30,0.15,54.7,5.7,225,2026-09-06 18:15:00,PT5M,0.0,0.0,0.0,0.0,0.0
0,0,0,0,30,0.15,55.9,5.7,226,2026-09-06 18:20:00,PT5M,0.0,0.0,0.0,0.0,0.0
0,0,0,0,30,0.15,57.0,5.6,226,2026-09-06 18:25:00,PT5M,0.0,0.0,0.0,0.0,0.0
0,0,0,0,29,0.15,58.2,5.6,227,2026-09-06 18:30:00,PT5M,0.0,0.0,0.0,0.0,0.0
0,0,0,0,29,0.15,59.1,5.6,227,2026-09-06 18:35:00,PT5M,0.0,0.0,0.0,0.0,0.0
0,0,0,0,29,0.15,59.6,5.5,228,2026-09-06 18:40:00,PT5M,0.0,0.0,0.0,0.0,0.0
0,0,0,0,29,0.15,60.2,5.4,228,2026-09-06 18:45:00,PT5M,0.0,0.0,0.0,0.0,0.0
0,0,0,0,29,0.15,60.7,5.3,229,2026-09-06 18:50:00,PT5M,0.0,0.0,0.0,0.0,0.0
0,0,0,0,29,0.15,61.3,5.3,229,2026-09-06 18:55:00,PT5M,0.0,0.0,0.0,0.0,0.0
0,0,0,0,29,0.15,61.9,5.2,230,2026-09-06 19:00:00,PT5M,0.0,0.0,0.0,0.0,0.0
0,0,0,0,29,0.15,62.4,5.1,230,2026-09-06 19:05:00,PT5M,0.0,0.0,0.0,0.0,0.0
0,0,0,0,28,0.15,63.0,5.0,231,2026-09-06 19:10:00,PT5M,0.0,0.0,0.0,0.0,0.0
0,0,0,0,28,0.15,63.6,5.0,232,2026-09-06 19:15:00,PT5M,0.0,0.0,0.0,0.0,0.0
0,0,0,0,28,0.15,64.2,4.9,232,2026-09-06 19:20:00,PT5M,0.0,0.0,0.0,0.0,0.0
0,0,0,0,28,0.15,64.8,4.8,233,2026-09-06 19:25:00,PT5M,0.0,0.0,0.0,0.0,0.0
0,0,0,0,28,0.15,65.4,4.8,233,2026-09-06 19:30:00,PT5M,0.0,0.0,0.0,0.0,0.0
0,0,0,0,28,0.15,66.0,4.7,234,2026-09-06 19:35:00,PT5M,0.0,0.0,0.0,0.0,0.0
0,0,0,0,28,0.15,66.5,4.6,235,2026-09-06 19:40:00,PT5M,0.0,0.0,0.0,0.0,0.0
0,0,0,0,28,0.15,67.0,4.5,236,2026-09-06 19:45:00,PT5M,0.0,0.0,0.0,0.0,0.0
0,0,0,0,28,0.15,67.6,4.4,236,2026-09-06 19:50:00,PT5M,0.0,0.0,0.0,0.0,0.0
0,0,0,0,27,0.15,68.1,4.3,237,2026-09-06 19:55:00,PT5M,0.0,0.0,0.0,0.0,0.0
0,0,0,0,27,0.15,68.7,4.2,238,2026-09-06 20:00:00,PT5M,0.0,0.0,0.0,0.0,0.0
0,0,0,0,27,0.15,69.2,4.1,239,2026-09-06 20:05:00,PT5M,0.0,0.0,0.0,0.0,0.0
0,0,0,0,27,0.15,69.8,4.0,240,2026-09-06 20:10:00,PT5M,0.0,0.0,0.0,0.0,0.0
0,0,0,0,27,0.15,70.3,3.9,241,2026-09-06 20:15:00,PT5M,0.0,0.0,0.0,0.0,0.0
0,0,0,0,27,0.15,70.9,3.8,243,2026-09-06 20:20:00,PT5M,0.0,0.0,0.0,0.0,0.0
0,0,0,0,27,0.15,71.4,3.8,244,2026-09-06 20:25:00,PT5M,0.0,0.0,0.0,0.0,0.0
0,0,0,0,27,0.15,72.0,3.7,245,2026-09-06 20:30:00,PT5M,0.0,0.0,0.0,0.0,0.0
0,0,0,0,27,0.15,72.5,3.6,245,2026-09-06 20:35:00,PT5M,0.0,0.0,0.0,0.0,0.0
0,0,0,0,27,0.15,72.8,3.5,245,2026-09-06 20:40:00,PT5M,0.0,0.0,0.0,0.0,0.0
0,0,0,0,27,0.15,73.1,3.4,244,2026-09-06 20:45:00,PT5M,0.0,0.0,0.0,0.0,0.0
0,0,0,0,27,0.15,73.4,3.3,243,2026-09-06 20:50:00,PT5M,0.0,0.0,0.0,0.0,0.0
0,0,0,0,27,0.15,73.8,3.3,243,2026-09-06 20:55:00,PT5M,0.0,0.0,0.0,0.0,0.0
0,0,0,0,27,0.15,74.1,3.2,242,2026-09-06 21:00:00,PT5M,0.0,0.0,0.0,0.0,0.0
0,0,0,0,26,0.15,74.4,3.1,241,2026-09-06 21:05:00,PT5M,0.0,0.0,0.0,0.0,0.0
0,0,0,0,26,0.15,74.8,3.0,240,2026-09-06 21:10:00,PT5M,0.0,0.0,0.0,0.0,0.0
0,0,0,0,26,0.15,75.1,2.9,239,2026-09-06 21:15:00,PT5M,0.0,0.0,0.0,0.0,0.0
0,0,0,0,26,0.15,75.5,2.9,238,2026-09-06 21:20:00,PT5M,0.0,0.0,0.0,0.0,0.0
0,0,0,0,26,0.15,75.8,2.8,237,2026-09-06 21:25:00,PT5M,0.0,0.0,0.0,0.0,0.0
0,0,0,0,26,0.15,76.1,2.7,236,2026-09-06 21:30:00,PT5M,0.0,0.0,0.0,0.0,0.0
0,0,0,0,26,0.15,76.4,2.7,235,2026-09-06 21:35:00,PT5M,0.0,0.0,0.0,0.0,0.0
0,0,0,0,26,0.15,76.6,2.7,235,2026-09-06 21:40:00,PT5M,0.0,0.0,0.0,0.0,0.0
0,0,0,0,26,0.15,76.9,2.7,234,2026-09-06 21:45:00,PT5M,0.0,0.0,0.0,0.0,0.0
0,0,0,0,26,0.15,77.1,2.7,233,2026-09-06 21:50:00,PT5M,0.0,0.0,0.0,0.0,0.0
0,0,0,0,26,0.15,77.3,2.7,232,2026-09-06 21:55:00,PT5M,0.0,0.0,0.0,0.0,0.0
0,0,0,0,26,0.15,77.6,2.7,231,2026-09-06 22:00:00,PT5M,0.0,0.0,0.0,0.0,0.0
0,0,0,0,26,0.15,77.8,2.7,231,2026-09-06 22:05:00,PT5M,0.0,0.0,0.0,0.0,0.0
0,0,0,0,26,0.15,78.0,2.7,230,2026-09-06 22:10:00,PT5M,0.0,0.0,0.0,0.0,0.0
0,0,0,0,26,0.15,78.3,2.7,229,2026-09-06 22:15:00,PT5M,0.0,0.0,0.0,0.0,0.0
0,0,0,0,26,0.15,78.5,2.7,228,2026-09-06 22:20:00,PT5M,0.0,0.0,0.0,0.0,0.0
0,0,0,0,26,0.15,78.7,2.7,228,2026-09-06 22:25:00,PT5M,0.0,0.0,0.0,0.0,0.0
0,0,0,0,26,0.15,79.0,2.8,227,2026-09-06 22:30:00,PT5M,0.0,0.0,0.0,0.0,0.0
0,0,0,0,26,0.15,79.1,2.8,227,2026-09-06 22:35:00,PT5M,0.0,0.0,0.0,0.0,0.0
0,0,0,0,26,0.15,79.0,2.8,227,2026-09-06 22:40:00,PT5M,0.0,0.0,0.0,0.0,0.0
0,0,0,0,26,0.15,79.0,2.8,228,2026-09-06 22:45:00,PT5M,0.0,0.0,0.0,0.0,0.0
0,0,0,0,26,0.15,79.0,2.9,228,2026-09-06 22:50:00,PT5M,0.0,0.0,0.0,0.0,0.0
0,0,0,0,26,0.15,78.9,2.9,228,2026-09-06 22:55:00,PT5M,0.0,0.0,0.0,0.0,0.0
0,0,0,0,26,0.15,78.9,3.0,229,2026-09-06 23:00:00,PT5M,0.0,0.0,0.0,0.0,0.0
0,0,0,0,26,0.15,78.8,3.0,229,2026-09-06 23:05:00,PT5M,0.0,0.0,0.0,0.0,0.0
0,0,0,0,26,0.15,78.8,3.0,230,2026-09-06 23:10:00,PT5M,0.0,0.0,0.0,0.0,0.0
0,0,0,0,26,0.15,78.8,3.1,230,2026-09-06 23:15:00,PT5M,0.0,0.0,0.0,0.0,0.0
0,0,0,0,26,0.15,78.7,3.1,230,2026-09-06 23:20:00,PT5M,0.0,0.0,0.0,0.0,0.0
0,0,0,0,26,0.15,78.7,3.1,231,2026-09-06 23:25:00,PT5M,0.0,0.0,0.0,0.0,0.0
0,0,0,0,26,0.15,78.6,3.2,231,2026-09-06 23:30:00,PT5M,0.0,0.0,0.0,0.0,0.0
0,0,0,0,26,0.15,78.7,3.2,231,2026-09-06 23:35:00,PT5M,0.0,0.0,0.0,0.0,0.0
0,0,0,0,26,0.15,78.7,3.2,230,2026-09-06 23:40:00,PT5M,0.0,0.0,0.0,0.0,0.0
0,0,0,0,26,0.15,78.8,3.1,229,2026-09-06 23:45:00,PT5M,0.0,0.0,0.0,0.0,0.0
0,0,0,0,26,0.15,78.9,3.1,228,2026-09-06 23:50:00,PT5M,0.0,0.0,0.0,0.0,0.0
0,0,0,0,26,0.15,79.0,3.1,227,2026-09-06 23:55:00,PT5M,0.0,0.0,0.0,0.0,0.0
0,0,0,0,26,0.15,79.0,3.1,226,2026-09-07 00:00:00,PT5M,0.0,0.0,0.0,0.0,0.0
0,0,0,0,26,0.15,79.1,3.1,225,2026-09-07 00:05:00,PT5M,0.0,0.0,0.0,0.0,0.0
0,0,0,0,26,0.15,79.2,3.0,224,2026-09-07 00:10:00,PT5M,0.0,0.0,0.0,0.0,0.0
0,0,0,0,26,0.15,79.3,3.0,223,2026-09-07 00:15:00,PT5M,0.0,0.0,0.0,0.0,0.0
0,0,0,0,26,0.15,79.4,3.0,222,2026-09-07 00:20:00,PT5M,0.0,0.0,0.0,0.0,0.0
0,0,0,0,26,0.15,79.4,3.0,221,2026-09-07 00:25:00,PT5M,0.0,0.0,0.0,0.0,0.0
0,0,0,0,26,0.15,79.5,3.0,220,2026-09-07 00:30:00,PT5M,0.0,0.0,0.0,0.0,0.0
0,0,0,0,26,0.15,79.6,3.0,219,2026-09-07 00:35:00,PT5M,0.0,0.0,0.0,0.0,0.0
0,0,0,0,26,0.15,79.7,3.0,219,2026-09-07 00:40:00,PT5M,0.0,0.0,0.0,0.0,0.0
0,0,0,0,26,0.15,79.7,3.0,219,2026-09-07 00:45:00,PT5M,0.0,0.0,0.0,0.0,0.0
0,0,0,0,26,0.15,79.8,3.0,218,2026-09-07 00:50:00,PT5M,0.0,0.0,0.0,0.0,0.0
0,0,0,0,26,0.15,79.9,3.0,218,2026-09-07 00:55:00,PT5M,0.0,0.0,0.0,0.0,0.0
0,0,0,0,26,0.15,80.0,3.0,218,2026-09-07 01:00:00,PT5M,0.0,0.0,0.0,0.0,0.0
0,0,0,0,26,0.15,80.1,3.0,217,2026-09-07 01:05:00,PT5M,0.0,0.0,0.0,0.0,0.0
0,0,0,0,26,0.15,80.1,3.0,217,2026-09-07 01:10:00,PT5M,0.0,0.0,0.0,0.0,0.0
0,0,0,0,26,0.15,80.2,3.1,217,2026-09-07 01:15:00,PT5M,0.0,0.0,0.0,0.0,0.0
0,0,0,0,25,0.15,80.3,3.1,217,2026-09-07 01:20:00,PT5M,0.0,0.0,0.0,0.0,0.0
0,0,0,0,25,0.15,80.4,3.1,216,2026-09-07 01:25:00,PT5M,0.0,0.0,0.0,0.0,0.0
0,0,0,0,25,0.15,80.5,3.1,216,2026-09-07 01:30:00,PT5M,0.0,0.0,0.0,0.0,0.0
0,0,0,0,25,0.15,80.6,3.1,216,2026-09-07 01:35:00,PT5M,0.0,0.0,0.0,0.0,0.0
0,0,0,0,25,0.15,80.7,3.2,216,2026-09-07 01:40:00,PT5M,0.0,0.0,0.0,0.0,0.0
0,0,0,0,25,0.15,80.8,3.2,216,2026-09-07 01:45:00,PT5M,0.0,0.0,0.0,0.0,0.0
0,0,0,0,25,0.15,80.9,3.2,216,2026-09-07 01:50:00,PT5M,0.0,0.0,0.0,0.0,0.0
0,0,0,0,25,0.15,81.1,3.3,216,2026-09-07 01:55:00,PT5M,0.0,0.0,0.0,0.0,0.0
0,0,0,0,25,0.15,81.2,3.3,216,2026-09-07 02:00:00,PT5M,0.0,0.0,0.0,0.0,0.0
0,0,0,0,25,0.15,81.3,3.4,217,2026-09-07 02:05:00,PT5M,0.0,0.0,0.0,0.0,0.0
0,0,0,0,25,0.15,81.4,3.4,217,2026-09-07 02:10:00,PT5M,0.0,0.0,0.0,0.0,0.0
0,0,0,0,25,0.15,81.5,3.5,217,2026-09-07 02:15:00,PT5M,0.0,0.0,0.0,0.0,0.0
0,0,0,0,25,0.15,81.7,3.5,217,2026-09-07 02:20:00,PT5M,0.0,0.0,0.0,0.0,0.0
0,0,0,0,25,0.15,81.8,3.6,217,2026-09-07 02:25:00,PT5M,0.0,0.0,0.0,0.0,0.0
0,0,0,0,25,0.15,81.9,3.6,217,2026-09-07 02:30:00,PT5M,0.0,0.0,0.0,0.0,0.0
0,0,0,0,25,0.15,82.0,3.6,217,2026-09-07 02:35:00,PT5M,0.0,0.0,0.0,0.0,0.0
0,0,0,0,25,0.15,82.2,3.7,217,2026-09-07 02:40:00,PT5M,0.0,0.0,0.0,0.0,0.0
0,0,0,0,25,0.15,82.3,3.7,218,2026-09-07 02:45:00,PT5M,0.0,0.0,0.0,0.0,0.0
0,0,0,0,25,0.15,82.4,3.7,218,2026-09-07 02:50:00,PT5M,0.0,0.0,0.0,0.0,0.0
0,0,0,0,25,0.15,82.5,3.7,218,2026-09-07 02:55:00,PT5M,0.0,0.0,0.0,0.0,0.0
0,0,0,0,25,0.15,82.7,3.7,218,2026-09-07 03:00:00,PT5M,0.0,0.0,0.0,0.0,0.0
0,0,0,0,25,0.15,82.8,3.7,219,2026-09-07 03:05:00,PT5M,0.0,0.0,0.0,0.0,0.0
0,0,0,0,25,0.15,82.9,3.7,219,2026-09-07 03:10:00,PT5M,0.0,0.0,0.0,0.0,0.0
0,0,0,0,25,0.15,83.0,3.7,219,2026-09-07 03:15:00,PT5M,0.0,0.0,0.0,0.0,0.0
0,0,0,0,25,0.15,83.2,3.7,219,2026-09-07 03:20:00,PT5M,0.0,0.0,0.0,0.0,0.0
0,0,0,0,25,0.15,83.3,3.7,219,2026-09-07 03:25:00,PT5M,0.0,0.0,0.0,0.0,0.0
0,0,0,0,25,0.15,83.4,3.8,220,2026-09-07 03:30:00,PT5M,0.0,0.0,0.0,0.0,0.0
0,0,0,0,25,0.15,83.4,3.8,220,2026-09-07 03:35:00,PT5M,0.0,0.0,0.0,0.0,0.0
0,0,0,0,25,0.15,83.3,3.8,220,2026-09-07 03:40:00,PT5M,0.0,0.0,0.0,0.0,0.0
0,0,0,0,25,0.15,83.2,3.8,221,2026-09-07 03:45:00,PT5M,0.0,0.0,0.0,0.0,0.0
0,0,0,0,25,0.15,83.0,3.8,221,2026-09-07 03:50:00,PT5M,0.0,0.0,0.0,0.0,0.0
0,0,0,0,25,0.15,82.9,3.8,221,2026-09-07 03:55:00,PT5M,0.0,0.0,0.0,0.0,0.0
0,0,0,0,25,0.15,82.8,3.8,222,2026-09-07 04:00:00,PT5M,0.0,0.0,0.0,0.0,0.0
0,0,0,0,25,0.15,82.7,3.8,222,2026-09-07 04:05:00,PT5M,0.0,0.0,0.0,0.0,0.0
0,0,0,0,25,0.15,82.5,3.8,222,2026-09-07 04:10:00,PT5M,0.0,0.0,0.0,0.0,0.0
0,0,0,0,25,0.15,82.4,3.9,223,2026-09-07 04:15:00,PT5M,0.0,0.0,0.0,0.0,0.0
0,0,0,0,25,0.15,82.3,3.9,223,2026-09-07 04:20:00,PT5M,0.0,0.0,0.0,0.0,0.0
0,0,0,0,25,0.15,82.2,3.9,223,2026-09-07 04:25:00,PT5M,0.0,0.0,0.0,0.0,0.0
0,0,0,0,25,0.15,82.0,3.9,224,2026-09-07 04:30:00,PT5M,0.0,0.0,0.0,0.0,0.0
0,0,0,0,25,0.15,82.0,3.9,224,2026-09-07 04:35:00,PT5M,0.0,0.0,0.0,0.0,0.0
0,0,0,0,25,0.15,82.0,3.9,224,2026-09-07 04:40:00,PT5M,0.0,0.0,0.0,0.0,0.0
0,0,0,0,25,0.15,82.1,3.9,224,2026-09-07 04:45:00,PT5M,0.0,0.0,0.0,0.0,0.0
0,0,0,0,25,0.15,82.1,3.9,224,2026-09-07 04:50:00,PT5M,0.0,0.0,0.0,0.0,0.0
0,0,0,0,25,0.15,82.2,3.9,224,2026-09-07 04:55:00,PT5M,0.0,0.0,0.0,0.0,0.0
0,0,0,0,25,0.15,82.2,3.9,223,2026-09-07 05:00:00,PT5M,0.0,0.0,0.0,0.0,0.0
0,0,0,0,25,0.15,82.2,3.9,223,2026-09-07 05:05:00,PT5M,0.0,0.0,0.0,0.0,0.0
0,0,0,0,25,0.15,82.3,3.8,223,2026-09-07 05:10:00,PT5M,0.0,0.0,0.0,0.0,0.0
0,0,0,0,25,0.15,82.3,3.8,223,2026-09-07 05:15:00,PT5M,0.0,0.0,0.0,0.0,0.0
0,0,0,0,25,0.15,82.4,3.8,223,2026-09-07 05:20:00,PT5M,0.0,0.0,0.0,0.0,0.0
0,0,0,0,25,0.15,82.4,3.8,223,2026-09-07 05:25:00,PT5M,0.0,0.0,0.0,0.0,0.0
0,0,0,0,25,0.15,82.4,3.8,223,2026-09-07 05:30:00,PT5M,0.0,0.0,0.0,0.0,0.0
0,0,0,0,25,0.15,82.4,3.8,223,2026-09-07 05:35:00,PT5M,0.0,0.0,0.0,0.0,0.0
0,0,0,0,25,0.15,82.2,3.8,223,2026-09-07 05:40:00,PT5M,0.0,0.0,0.0,0.0,0.0
0,0,0,0,25,0.15,82.1,3.7,224,2026-09-07 05:45:00,PT5M,0.0,0.0,0.0,0.0,0.0
0,0,0,0,25,0.15,81.9,3.7,224,2026-09-07 05:50:00,PT5M,0.0,0.0,0.0,0.0,0.0
0,0,0,0,25,0.15,81.7,3.7,224,2026-09-07 05:55:00,PT5M,0.0,0.0,0.0,0.0,0.0
0,0,0,0,25,0.15,81.6,3.6,225,2026-09-07 06:00:00,PT5M,0.0,0.0,0.0,0.0,0.0
3,3,0,3,25,0.15,81.4,3.6,225,2026-09-07 06:05:00,PT5M,0.0,0.0,0.0,0.0,0.0
8,8,0,8,25,0.15,81.2,3.6,226,2026-09-07 06:10:00,PT5M,0.401,0.862,0.6436,0.1584,0.0
14,14,0,14,25,0.15,81.1,3.5,226,2026-09-07 06:15:00,PT5M,1.248,2.125,1.7096,0.7864,0.371
22,22,0,22,25,0.15,80.9,3.5,226,2026-09-07 06:20:00,PT5M,2.182,3.5765,2.9159,1.4481,0.7875
30,30,0,30,25,0.15,80.7,3.4,227,2026-09-07 06:25:00,PT5M,3.197,5.357,4.3338,2.0602,1.037
39,39,0,39,25,0.15,80.6,3.4,227,2026-09-07 06:30:00,PT5M,4.363,7.4945,6.0111,2.7149,1.2315
49,49,0,49,26,0.15,80.2,3.4,227,2026-09-07 06:35:00,PT5M,5.763,11.2335,8.6422,2.8838,0.2925
61,61,0,61,26,0.15,79.7,3.5,227,2026-09-07 06:40:00,PT5M,7.24,14.1685,10.8865,3.5935,0.3115
74,74,0,74,26,0.15,79.1,3.5,228,2026-09-07 06:45:00,PT5M,8.815,17.226,13.2418,4.3882,0.404
88,89,14,86,26,0.15,78.6,3.5,228,2026-09-07 06:50:00,PT5M,11.121,20.9915,16.3159,5.9261,1.2505
103,104,40,95,26,0.15,78.0,3.6,228,2026-09-07 06:55:00,PT5M,14.021,25.356,19.9867,8.0553,2.686
119,120,66,103,26,0.15,77.5,3.6,228,2026-09-07 07:00:00,PT5M,17.229,30.0845,23.9949,10.4631,4.3735
135,137,92,112,26,0.15,76.9,3.7,228,2026-09-07 07:05:00,PT5M,20.631,35.1135,28.2532,13.0088,6.1485
151,154,118,119,26,0.15,76.4,3.7,228,2026-09-07 07:10:00,PT5M,24.31,40.508,32.8351,15.7849,8.112
169,171,144,127,26,0.15,75.9,3.7,228,2026-09-07 07:15:00,PT5M,28.278,46.2135,37.7176,18.8384,10.3425
187,190,170,133,26,0.15,75.4,3.8,228,2026-09-07 07:20:00,PT5M,32.513,52.1955,42.872,22.154,12.8305
206,209,197,140,26,0.15,74.8,3.8,228,2026-09-07 07:25:00,PT5M,36.979,58.412,48.2593,25.6987,15.546
225,228,224,145,27,0.15,74.3,3.9,228,2026-09-07 07:30:00,PT5M,41.701,64.879,53.8997,29.5023,18.523
243,247,246,151,27,0.15,73.4,3.9,228,2026-09-07 07:35:00,PT5M,46.059,71.1105,59.2438,32.8742,21.0075
260,264,261,157,27,0.15,72.2,4.0,229,2026-09-07 07:40:00,PT5M,49.931,76.9335,64.1426,35.7194,22.9285
278,282,276,163,27,0.15,70.9,4.0,229,2026-09-07 07:45:00,PT5M,53.815,82.827,69.0842,38.5458,24.803
295,300,290,169,27,0.15,69.7,4.1,229,2026-09-07 07:50:00,PT5M,56.419,85.957,71.9651,40.8729,26.881
313,318,305,174,28,0.15,68.5,4.1,229,2026-09-07 07:55:00,PT5M,58.944,88.958,74.7406,43.1474,28.93
331,335,319,180,28,0.15,67.3,4.2,230,2026-09-07 08:00:00,PT5M,61.383,91.8215,77.403,45.363,30.9445
349,353,333,184,28,0.15,66.2,4.2,230,2026-09-07 08:05:00,PT5M,63.729,94.535,79.9424,47.5156,32.923
367,371,346,189,28,0.15,65.1,4.3,230,2026-09-07 08:10:00,PT5M,65.971,97.0805,82.3442,49.5978,34.8615
384,389,360,193,28,0.15,64.0,4.3,230,2026-09-07 08:15:00,PT5M,68.097,99.435,84.5904,51.6036,36.759
402,407,373,198,29,0.15,62.9,4.4,231,2026-09-07 08:20:00,PT5M,70.072,100.0,86.6436,53.5004,38.5855
420,425,385,201,29,0.15,61.8,4.4,231,2026-09-07 08:25:00,PT5M,71.937,100.0,88.5351,55.3389,40.4
438,443,397,205,29,0.15,60.7,4.5,231,2026-09-07 08:30:00,PT5M,73.686,100.0,90.2668,57.1052,42.182
454,459,407,209,29,0.15,59.6,4.5,231,2026-09-07 08:35:00,PT5M,75.102,100.0,91.6549,58.5491,43.651
470,475,413,214,30,0.15,58.4,4.5,231,2026-09-07 08:40:00,PT5M,76.198,100.0,92.718,59.678,44.8095
485,490,419,219,30,0.15,57.3,4.5,231,2026-09-07 08:45:00,PT5M,77.233,100.0,93.7085,60.7575,45.929
500,505,424,223,30,0.15,56.1,4.6,231,2026-09-07 08:50:00,PT5M,78.208,100.0,94.6338,61.7822,46.9985
515,520,429,228,30,0.15,55.0,4.6,231,2026-09-07 08:55:00,PT5M,79.135,100.0,95.5039,62.7661,48.0335
529,535,434,232,31,0.15,53.9,4.6,231,2026-09-07 09:00:00,PT5M,80.018,100.0,96.3235,63.7125,49.037
544,549,440,236,31,0.15,52.8,4.6,231,2026-09-07 09:05:00,PT5M,80.916,100.0,97.1386,64.6934,50.0925
559,564,446,240,31,0.15,51.8,4.7,231,2026-09-07 09:10:00,PT5M,81.878,100.0,98.0056,65.7504,51.235
573,579,453,243,31,0.15,50.8,4.7,231,2026-09-07 09:15:00,PT5M,82.797,100.0,98.8502,66.7438,52.2955
588,593,459,246,31,0.15,49.8,4.7,231,2026-09-07 09:20:00,PT5M,83.674,100.0,99.6274,67.7206,53.362
602,607,466,248,32,0.15,48.8,4.7,231,2026-09-07 09:25:00,PT5M,84.511,100.0,100.0,68.7878,54.6365
615,620,472,251,32,0.15,47.8,4.8,231,2026-09-07 09:30:00,PT5M,85.31,100.0,100.0,69.8213,55.881
629,634,477,254,32,0.15,46.9,4.8,231,2026-09-07 09:35:00,PT5M,86.078,100.0,100.0,70.8035,57.056
642,647,483,256,32,0.15,46.1,4.8,231,2026-09-07 09:40:00,PT5M,86.815,100.0,100.0,71.7347,58.162
655,660,488,258,33,0.15,45.3,4.8,231,2026-09-07 09:45:00,PT5M,87.504,100.0,100.0,72.6077,59.2005
667,672,493,261,33,0.15,44.4,4.8,231,2026-09-07 09:50:00,PT5M,88.116,100.0,100.0,73.3902,60.1365
678,683,497,263,33,0.15,43.7,4.8,232,2026-09-07 09:55:00,PT5M,88.699,100.0,100.0,74.1356,61.028
690,695,501,265,33,0.15,42.9,4.8,232,2026-09-07 10:00:00,PT5M,89.253,100.0,100.0,74.8438,61.875
701,706,505,267,33,0.15,42.1,4.8,232,2026-09-07 10:05:00,PT5M,89.766,100.0,100.0,75.4986,62.6575
711,716,508,270,34,0.15,41.4,4.9,232,2026-09-07 10:10:00,PT5M,90.24,100.0,100.0,76.1037,63.3805
721,726,511,272,34,0.15,40.6,4.9,232,2026-09-07 10:15:00,PT5M,90.686,100.0,100.0,76.6731,64.061
731,736,514,274,34,0.15,39.9,4.9,232,2026-09-07 10:20:00,PT5M,91.106,100.0,100.0,77.2086,64.7005
740,745,517,276,34,0.15,39.2,4.9,232,2026-09-07 10:25:00,PT5M,91.501,100.0,100.0,77.712,65.3015
749,754,520,278,34,0.15,38.5,4.9,232,2026-09-07 10:30:00,PT5M,91.877,100.0,100.0,78.1899,65.871
756,761,519,281,35,0.15,37.9,4.9,232,2026-09-07 10:35:00,PT5M,92.05,100.0,100.0,78.4344,66.18
761,766,515,286,35,0.15,37.5,5.0,232,2026-09-07 10:40:00,PT5M,92.027,100.0,100.0,78.4527,66.2355
766,771,511,290,35,0.15,37.0,5.0,232,2026-09-07 10:45:00,PT5M,91.985,100.0,100.0,78.4455,66.2595
770,775,507,294,35,0.15,36.6,5.0,233,2026-09-07 10:50:00,PT5M,91.922,100.0,100.0,78.4099,66.2485
774,779,503,299,35,0.15,36.2,5.1,233,2026-09-07 10:55:00,PT5M,91.837,100.0,100.0,78.3427,66.1975
777,782,499,303,35,0.15,35.7,5.1,233,2026-09-07 11:00:00,PT5M,91.725,100.0,100.0,78.2389,66.101
780,784,494,307,36,0.15,35.3,5.1,233,2026-09-07 11:05:00,PT5M,91.577,100.0,100.0,78.073,65.919
782,787,490,311,36,0.15,34.9,5.1,233,2026-09-07 11:10:00,PT5M,91.425,100.0,100.0,77.9131,65.752
784,788,485,314,36,0.15,34.5,5.2,233,2026-09-07 11:15:00,PT5M,91.264,100.0,100.0,77.7466,65.5805
785,790,481,318,36,0.15,34.1,5.2,233,2026-09-07 11:20:00,PT5M,91.077,100.0,100.0,77.5401,65.3565
786,791,476,322,36,0.15,33.7,5.2,233,2026-09-07 11:25:00,PT5M,90.864,100.0,100.0,77.2926,65.078
787,791,471,325,36,0.15,33.3,5.3,233,2026-09-07 11:30:00,PT5M,90.63,100.0,100.0,77.0157,64.7625
787,791,466,329,36,0.15,33.0,5.3,233,2026-09-07 11:35:00,PT5M,90.394,100.0,100.0,76.7434,64.4575
786,790,461,332,37,0.15,32.8,5.3,233,2026-09-07 11:40:00,PT5M,90.159,100.0,100.0,76.4808,64.17
785,789,456,335,37,0.15,32.6,5.3,233,2026-09-07 11:45:00,PT5M,89.898,100.0,100.0,76.1843,63.8415
783,787,451,338,37,0.15,32.4,5.3,232,2026-09-07 11:50:00,PT5M,89.578,100.0,100.0,75.8164,63.4305
781,785,445,341,37,0.15,32.2,5.3,232,2026-09-07 11:55:00,PT5M,89.235,100.0,100.0,75.4179,62.982
778,783,439,344,37,0.15,32.0,5.3,232,2026-09-07 12:00:00,PT5M,88.868,100.0,100.0,74.988,62.4955
775,779,433,346,37,0.15,31.8,5.3,232,2026-09-07 12:05:00,PT5M,88.49,100.0,100.0,74.5397,61.984
772,776,427,349,37,0.15,31.6,5.3,232,2026-09-07 12:10:00,PT5M,88.202,100.0,100.0,74.1746,61.5495
768,772,421,351,37,0.15,31.4,5.3,232,2026-09-07 12:15:00,PT5M,87.89,100.0,100.0,73.7784,61.0775
764,768,415,353,37,0.15,31.2,5.3,232,2026-09-07 12:20:00,PT5M,87.552,100.0,100.0,73.3496,60.567
759,763,410,355,37,0.15,31.1,5.3,232,2026-09-07 12:25:00,PT5M,87.188,100.0,100.0,72.8877,60.017
754,757,403,357,38,0.15,30.9,5.3,232,2026-09-07 12:30:00,PT5M,86.76,100.0,100.0,72.3505,59.3815
748,752,396,359,38,0.15,30.8,5.3,232,2026-09-07 12:35:00,PT5M,86.305,100.0,100.0,71.7684,58.685
741,745,390,360,38,0.15,30.8,5.3,231,2026-09-07 12:40:00,PT5M,85.824,100.0,100.0,71.1435,57.9305
735,739,383,361,38,0.15,30.9,5.3,231,2026-09-07 12:45:00,PT5M,85.315,100.0,100.0,70.4845,57.1365
728,732,376,363,38,0.15,30.9,5.3,230,2026-09-07 12:50:00,PT5M,84.777,100.0,99.7631,69.7909,56.303
720,724,370,363,38,0.15,30.9,5.3,230,2026-09-07 12:55:00,PT5M,84.2,100.0,99.355,69.045,55.405
713,717,363,364,38,0.15,31.0,5.4,229,2026-09-07 13:00:00,PT5M,83.59,100.0,98.9213,68.2587,54.46
705,708,356,364,38,0.15,31.0,5.4,229,2026-09-07 13:05:00,PT5M,82.959,100.0,98.4603,67.4577,53.506
696,700,349,365,38,0.15,31.0,5.4,228,2026-09-07 13:10:00,PT5M,82.279,100.0,97.9424,66.6156,52.518
687,691,342,365,38,0.15,31.1,5.4,228,2026-09-07 13:15:00,PT5M,81.569,100.0,97.4156,65.7224,51.46
678,682,334,365,38,0.15,31.1,5.4,228,2026-09-07 13:20:00,PT5M,80.821,100.0,96.8576,64.7844,50.351
669,673,327,365,38,0.15,31.1,5.4,227,2026-09-07 13:25:00,PT5M,80.038,100.0,96.2693,63.8067,49.198
659,663,320,364,38,0.15,31.2,5.4,227,2026-09-07 13:30:00,PT5M,79.221,100.0,95.6505,62.7915,48.0045
649,653,313,363,37,0.15,31.3,5.4,226,2026-09-07 13:35:00,PT5M,78.374,100.0,94.9829,61.7651,46.8165
639,642,306,362,37,0.15,31.6,5.4,225,2026-09-07 13:40:00,PT5M,77.495,100.0,94.265,60.725,45.6315
628,632,298,361,37,0.15,31.9,5.4,224,2026-09-07 13:45:00,PT5M,76.585,100.0,93.5197,59.6503,44.4085
618,621,291,360,37,0.15,32.2,5.4,223,2026-09-07 13:50:00,PT5M,75.646,100.0,92.7484,58.5436,43.151
607,610,284,358,37,0.15,32.5,5.4,222,2026-09-07 13:55:00,PT5M,74.675,100.0,91.9487,57.4013,41.8545
595,599,277,356,37,0.15,32.8,5.4,221,2026-09-07 14:00:00,PT5M,73.668,100.0,91.1167,56.2193,40.515
584,587,270,353,37,0.15,33.1,5.4,220,2026-09-07 14:05:00,PT5M,72.637,100.0,90.2638,55.0102,39.1455
572,576,263,350,37,0.15,33.4,5.4,220,2026-09-07 14:10:00,PT5M,71.579,100.0,89.3874,53.7706,37.7425
560,564,256,347,37,0.15,33.7,5.5,219,2026-09-07 14:15:00,PT5M,70.484,100.0,88.479,52.489,36.293
548,552,249,344,37,0.15,34.0,5.5,218,2026-09-07 14:20:00,PT5M,69.356,100.0,87.5407,51.1713,34.8045
536,539,243,340,36,0.15,34.3,5.5,217,2026-09-07 14:25:00,PT5M,68.195,100.0,86.5721,49.8179,33.278
524,527,235,337,36,0.15,34.6,5.5,216,2026-09-07 14:30:00,PT5M,66.959,100.0,85.5345,48.3835,31.665
511,514,228,333,36,0.15,35.1,5.5,215,2026-09-07 14:35:00,PT5M,65.691,100.0,84.4665,46.9155,30.017
498,501,220,328,36,0.15,35.6,5.5,214,2026-09-07 14:40:00,PT5M,64.397,100.0,83.2733,45.5207,28.5315
485,488,213,324,36,0.15,36.2,5.4,213,2026-09-07 14:45:00,PT5M,63.084,99.0775,82.0276,44.1404,27.0905
471,474,206,319,36,0.15,36.8,5.4,212,2026-09-07 14:50:00,PT5M,61.721,97.8315,80.7262,42.7158,25.6105
458,461,198,314,36,0.15,37.4,5.4,211,2026-09-07 14:55:00,PT5M,60.322,96.537,79.3822,41.2618,24.107
444,447,191,309,35,0.15,38.0,5.3,210,2026-09-07 15:00:00,PT5M,58.885,95.144,77.9684,39.8016,22.626
431,434,183,304,35,0.15,38.6,5.3,209,2026-09-07 15:05:00,PT5M,57.41,93.741,76.5313,38.2887,21.079
418,420,176,298,35,0.15,39.2,5.3,208,2026-09-07 15:10:00,PT5M,55.97,92.3475,75.1157,36.8243,19.5925
404,407,169,292,35,0.15,39.8,5.3,207,2026-09-07 15:15:00,PT5M,54.511,90.915,73.6707,35.3513,18.107
391,393,163,286,35,0.15,40.5,5.2,205,2026-09-07 15:20:00,PT5M,53.012,89.4235,72.1756,33.8484,16.6005
377,380,156,279,35,0.15,41.1,5.2,204,2026-09-07 15:25:00,PT5M,51.47,87.868,70.6265,32.3135,15.072
364,366,149,272,34,0.15,41.8,5.2,203,2026-09-07 15:30:00,PT5M,49.873,86.2365,69.0114,30.7346,13.5095
351,353,144,265,34,0.15,42.3,5.2,203,2026-09-07 15:35:00,PT5M,48.419,84.707,67.5176,29.3204,12.131
339,341,140,258,34,0.15,42.6,5.3,203,2026-09-07 15:40:00,PT5M,47.106,83.272,66.1404,28.0716,10.94
327,329,136,250,34,0.15,43.0,5.3,203,2026-09-07 15:45:00,PT5M,45.741,81.7435,64.6894,26.7926,9.7385
314,316,131,243,34,0.15,43.3,5.3,203,2026-09-07 15:50:00,PT5M,44.34,80.093,63.1571,25.5229,8.587
301,304,126,235,34,0.15,43.7,5.4,204,2026-09-07 15:55:00,PT5M,42.874,78.289,61.5132,24.2348,7.459
289,291,121,227,34,0.15,44.0,5.4,204,2026-09-07 16:00:00,PT5M,41.337,76.3335,59.7559,22.9181,6.3405
276,278,116,219,34,0.15,44.4,5.4,204,2026-09-07 16:05:00,PT5M,39.729,74.234,57.8892,21.5688,5.224
263,265,111,211,33,0.15,44.7,5.5,204,2026-09-07 16:10:00,PT5M,38.054,72.0035,55.9219,20.1861,4.1045
250,252,105,203,33,0.15,45.1,5.5,204,2026-09-07 16:15:00,PT5M,36.537,69.875,54.083,18.991,3.199
237,239,99,194,33,0.15,45.5,5.5,205,2026-09-07 16:20:00,PT5M,34.736,67.411,51.9331,17.5389,2.061
224,225,92,186,33,0.15,45.8,5.6,205,2026-09-07 16:25:00,PT5M,32.863,64.65,49.5927,16.1333,1.076
210,212,86,177,33,0.15,46.2,5.6,205,2026-09-07 16:30:00,PT5M,30.759,60.3795,46.3485,15.1695,1.1385
197,199,78,168,33,0.15,46.5,5.7,205,2026-09-07 16:35:00,PT5M,28.531,56.0825,43.0316,14.0304,0.9795
184,185,70,159,33,0.15,46.9,5.8,206,2026-09-07 16:40:00,PT5M,26.233,51.743,39.6591,12.8069,0.723
171,172,61,150,33,0.15,47.2,5.8,206,2026-09-07 16:45:00,PT5M,23.943,47.3755,36.2757,11.6103,0.5105
157,159,52,141,32,0.15,47.5,5.9,207,2026-09-07 16:50:00,PT5M,21.669,43.0795,32.9375,10.4005,0.2585
144,145,43,132,32,0.15,47.8,6.0,207,2026-09-07 16:55:00,PT5M,19.401,38.8085,29.6153,9.1867,0.0
131,132,33,123,32,0.15,48.1,6.1,208,2026-09-07 17:00:00,PT5M,17.181,34.6135,26.3558,8.0062,0.0
119,119,22,113,32,0.15,48.4,6.1,208,2026-09-07 17:05:00,PT5M,15.137,30.6525,23.3029,6.9711,0.0
106,106,10,104,32,0.15,48.8,6.2,208,2026-09-07 17:10:00,PT5M,12.97,26.667,20.1788,5.7612,0.0
93,93,0,93,32,0.15,49.1,6.3,209,2026-09-07 17:15:00,PT5M,11.04,23.0175,17.3438,4.7362,0.0
81,81,0,81,32,0.15,49.4,6.4,209,2026-09-07 17:20:00,PT5M,9.469,19.7935,14.9029,4.0351,0.0
69,69,0,69,32,0.15,49.8,6.5,210,2026-09-07 17:25:00,PT5M,7.983,16.677,12.5587,3.4073,0.0
57,58,0,58,32,0.15,50.1,6.5,210,2026-09-07 17:30:00,PT5M,6.65,13.7265,10.3744,2.9256,0.0
47,47,0,47,32,0.15,50.5,6.6,210,2026-09-07 17:35:00,PT5M,5.335,10.857,8.2413,2.4287,0.0
37,37,0,37,31,0.15,51.1,6.5,210,2026-09-07 17:40:00,PT5M,4.039,8.1075,6.1803,1.8977,0.0
28,28,0,28,31,0.15,51.6,6.5,211,2026-09-07 17:45:00,PT5M,2.95,5.814,4.4573,1.4427,0.086
20,20,0,20,31,0.15,52.2,6.5,211,2026-09-07 17:50:00,PT5M,1.983,3.801,2.9398,1.0262,0.165
13,13,0,13,31,0.15,52.7,6.4,211,2026-09-07 17:55:00,PT5M,1.095,2.157,1.6539,0.5361,0.033
7,7,0,7,31,0.15,53.3,6.4,211,2026-09-07 18:00:00,PT5M,0.288,0.733,0.5222,0.0538,0.0
2,2,0,2,31,0.15,53.9,6.3,212,2026-09-07 18:05:00,PT5M,0.0,0.0,0.0,0.0,0.0
0,0,0,0,31,0.15,54.5,6.3,212,2026-09-07 18:10:00,PT5M,0.0,0.0,0.0,0.0,0.0
0,0,0,0,31,0.15,55.1,6.3,212,2026-09-07 18:15:00,PT5M,0.0,0.0,0.0,0.0,0.0
0,0,0,0,30,0.15,55.6,6.2,213,2026-09-07 18:20:00,PT5M,0.0,0.0,0.0,0.0,0.0
0,0,0,0,30,0.15,56.2,6.2,213,2026-09-07 18:25:00,PT5M,0.0,0.0,0.0,0.0,0.0
0,0,0,0,30,0.15,56.9,6.2,213,2026-09-07 18:30:00,PT5M,0.0,0.0,0.0,0.0,0.0
0,0,0,0,30,0.15,57.5,6.1,213,2026-09-07 18:35:00,PT5M,0.0,0.0,0.0,0.0,0.0
0,0,0,0,30,0.15,58.1,6.1,214,2026-09-07 18:40:00,PT5M,0.0,0.0,0.0,0.0,0.0
0,0,0,0,30,0.15,58.7,6.0,214,2026-09-07 18:45:00,PT5M,0.0,0.0,0.0,0.0,0.0
0,0,0,0,30,0.15,59.3,6.0,214,2026-09-07 18:50:00,PT5M,0.0,0.0,0.0,0.0,0.0
0,0,0,0,29,0.15,60.0,6.0,215,2026-09-07 18:55:00,PT5M,0.0,0.0,0.0,0.0,0.0
0,0,0,0,29,0.15,60.6,5.9,215,2026-09-07 19:00:00,PT5M,0.0,0.0,0.0,0.0,0.0
0,0,0,0,29,0.15,61.3,5.9,215,2026-09-07 19:05:00,PT5M,0.0,0.0,0.0,0.0,0.0
0,0,0,0,29,0.15,62.0,5.9,215,2026-09-07 19:10:00,PT5M,0.0,0.0,0.0,0.0,0.0
0,0,0,0,29,0.15,62.6,5.8,216,2026-09-07 19:15:00,PT5M,0.0,0.0,0.0,0.0,0.0
0,0,0,0,29,0.15,63.3,5.8,216,2026-09-07 19:20:00,PT5M,0.0,0.0,0.0,0.0,0.0
0,0,0,0,29,0.15,64.0,5.8,216,2026-09-07 19:25:00,PT5M,0.0,0.0,0.0,0.0,0.0
0,0,0,0,29,0.15,64.7,5.7,217,2026-09-07 19:30:00,PT5M,0.0,0.0,0.0,0.0,0.0
0,0,0,0,28,0.15,65.4,5.7,217,2026-09-07 19:35:00,PT5M,0.0,0.0,0.0,0.0,0.0
0,0,0,0,28,0.15,66.1,5.7,217,2026-09-07 19:40:00,PT5M,0.0,0.0,0.0,0.0,0.0
0,0,0,0,28,0.15,66.8,5.6,218,2026-09-07 19:45:00,PT5M,0.0,0.0,0.0,0.0,0.0
0,0,0,0,28,0.15,67.6,5.6,218,2026-09-07 19:50:00,PT5M,0.0,0.0,0.0,0.0,0.0
0,0,0,0,28,0.15,68.3,5.6,218,2026-09-07 19:55:00,PT5M,0.0,0.0,0.0,0.0,0.0
0,0,0,0,28,0.15,69.0,5.5,219,2026-09-07 20:00:00,PT5M,0.0,0.0,0.0,0.0,0.0
0,0,0,0,28,0.15,69.8,5.5,219,2026-09-07 20:05:00,PT5M,0.0,0.0,0.0,0.0,0.0
0,0,0,0,27,0.15,70.6,5.5,220,2026-09-07 20:10:00,PT5M,0.0,0.0,0.0,0.0,0.0
0,0,0,0,27,0.15,71.3,5.4,220,2026-09-07 20:15:00,PT5M,0.0,0.0,0.0,0.0,0.0
0,0,0,0,27,0.15,72.1,5.4,220,2026-09-07 20:20:00,PT5M,0.0,0.0,0.0,0.0,0.0
0,0,0,0,27,0.15,72.9,5.4,221,2026-09-07 20:25:00,PT5M,0.0,0.0,0.0,0.0,0.0
0,0,0,0,27,0.15,73.7,5.3,221,2026-09-07 20:30:00,PT5M,0.0,0.0,0.0,0.0,0.0
0,0,0,0,27,0.15,74.1,5.3,221,2026-09-07 20:35:00,PT5M,0.0,0.0,0.0,0.0,0.0
0,0,0,0,27,0.15,74.2,5.3,221,2026-09-07 20:40:00,PT5M,0.0,0.0,0.0,0.0,0.0
0,0,0,0,27,0.15,74.3,5.3,221,2026-09-07 20:45:00,PT5M,0.0,0.0,0.0,0.0,0.0
0,0,0,0,27,0.15,74.4,5.2,221,2026-09-07 20:50:00,PT5M,0.0,0.0,0.0,0.0,0.0
0,0,0,0,27,0.15,74.4,5.2,221,2026-09-07 20:55:00,PT5M,0.0,0.0,0.0,0.0,0.0
0,0,0,0,27,0.15,74.5,5.2,222,2026-09-07 21:00:00,PT5M,0.0,0.0,0.0,0.0,0.0
0,0,0,0,27,0.15,74.6,5.2,222,2026-09-07 21:05:00,PT5M,0.0,0.0,0.0,0.0,0.0
0,0,0,0,27,0.15,74.7,5.1,222,2026-09-07 21:10:00,PT5M,0.0,0.0,0.0,0.0,0.0
0,0,0,0,27,0.15,74.7,5.1,222,2026-09-07 21:15:00,PT5M,0.0,0.0,0.0,0.0,0.0
0,0,0,0,27,0.15,74.8,5.1,222,2026-09-07 21:20:00,PT5M,0.0,0.0,0.0,0.0,0.0
0,0,0,0,27,0.15,74.9,5.1,222,2026-09-07 21:25:00,PT5M,0.0,0.0,0.0,0.0,0.0
0,0,0,0,27,0.15,75.0,5.0,222,2026-09-07 21:30:00,PT5M,0.0,0.0,0.0,0.0,0.0
0,0,0,0,27,0.15,75.0,5.0,222,2026-09-07 21:35:00,PT5M,0.0,0.0,0.0,0.0,0.0
0,0,0,0,27,0.15,75.1,5.0,222,2026-09-07 21:40:00,PT5M,0.0,0.0,0.0,0.0,0.0
0,0,0,0,27,0.15,75.2,5.0,222,2026-09-07 21:45:00,PT5M,0.0,0.0,0.0,0.0,0.0
0,0,0,0,27,0.15,75.3,4.9,222,2026-09-07 21:50:00,PT5M,0.0,0.0,0.0,0.0,0.0
0,0,0,0,27,0.15,75.3,4.9,222,2026-09-07 21:55:00,PT5M,0.0,0.0,0.0,0.0,0.0
0,0,0,0,27,0.15,75.4,4.9,222,2026-09-07 22:00:00,PT5M,0.0,0.0,0.0,0.0,0.0
0,0,0,0,27,0.15,75.5,4.9,223,2026-09-07 22:05:00,PT5M,0.0,0.0,0.0,0.0,0.0
0,0,0,0,27,0.15,75.6,4.8,223,2026-09-07 22:10:00,PT5M,0.0,0.0,0.0,0.0,0.0
0,0,0,0,27,0.15,75.6,4.8,223,2026-09-07 22:15:00,PT5M,0.0,0.0,0.0,0.0,0.0
0,0,0,0,27,0.15,75.7,4.8,223,2026-09-07 22:20:00,PT5M,0.0,0.0,0.0,0.0,0.0
0,0,0,0,27,0.15,75.8,4.8,223,2026-09-07 22:25:00,PT5M,0.0,0.0,0.0,0.0,0.0
0,0,0,0,27,0.15,75.9,4.8,223,2026-09-07 22:30:00,PT5M,0.0,0.0,0.0,0.0,0.0
0,0,0,0,27,0.15,75.9,4.7,223,2026-09-07 22:35:00,PT5M,0.0,0.0,0.0,0.0,0.0
0,0,0,0,27,0.15,76.0,4.7,223,2026-09-07 22:40:00,PT5M,0.0,0.0,0.0,0.0,0.0
0,0,0,0,27,0.15,76.1,4.7,223,2026-09-07 22:45:00,PT5M,0.0,0.0,0.0,0.0,0.0
0,0,0,0,27,0.15,76.2,4.7,223,2026-09-07 22:50:00,PT5M,0.0,0.0,0.0,0.0,0.0
0,0,0,0,27,0.15,76.2,4.6,223,2026-09-07 22:55:00,PT5M,0.0,0.0,0.0,0.0,0.0
0,0,0,0,27,0.15,76.3,4.6,223,2026-09-07 23:00:00,PT5M,0.0,0.0,0.0,0.0,0.0
0,0,0,0,27,0.15,76.4,4.6,224,2026-09-07 23:05:00,PT5M,0.0,0.0,0.0,0.0,0.0
0,0,0,0,26,0.15,76.5,4.6,224,2026-09-07 23:10:00,PT5M,0.0,0.0,0.0,0.0,0.0
0,0,0,0,26,0.15,76.5,4.5,224,2026-09-07 23:15:00,PT5M,0.0,0.0,0.0,0.0,0.0
0,0,0,0,26,0.15,76.6,4.5,224,2026-09-07 23:20:00,PT5M,0.0,0.0,0.0,0.0,0.0
0,0,0,0,26,0.15,76.7,4.5,224,2026-09-07 23:25:00,PT5M,0.0,0.0,0.0,0.0,0.0
0,0,0,0,26,0.15,76.8,4.5,224,2026-09-07 23:30:00,PT5M,0.0,0.0,0.0,0.0,0.0
0,0,0,0,26,0.15,76.8,4.5,224,2026-09-07 23:35:00,PT5M,0.0,0.0,0.0,0.0,0.0
0,0,0,0,26,0.15,76.8,4.5,224,2026-09-07 23:40:00,PT5M,0.0,0.0,0.0,0.0,0.0
0,0,0,0,26,0.15,76.7,4.5,224,2026-09-07 23:45:00,PT5M,0.0,0.0,0.0,0.0,0.0
0,0,0,0,26,0.15,76.7,4.5,224,2026-09-07 23:50:00,PT5M,0.0,0.0,0.0,0.0,0.0
0,0,0,0,26,0.15,76.7,4.5,224,2026-09-07 23:55:00,PT5M,0.0,0.0,0.0,0.0,0.0
0,0,0,0,26,0.15,76.7,4.5,224,2026-09-08 00:00:00,PT5M,0.0,0.0,0.0,0.0,0.0
0,0,0,0,26,0.15,76.6,4.5,224,2026-09-08 00:05:00,PT5M,0.0,0.0,0.0,0.0,0.0
0,0,0,0,26,0.15,76.6,4.5,224,2026-09-08 00:10:00,PT5M,0.0,0.0,0.0,0.0,0.0
0,0,0,0,26,0.15,76.6,4.5,224,2026-09-08 00:15:00,PT5M,0.0,0.0,0.0,0.0,0.0
0,0,0,0,26,0.15,76.5,4.5,224,2026-09-08 00:20:00,PT5M,0.0,0.0,0.0,0.0,0.0
0,0,0,0,26,0.15,76.5,4.5,224,2026-09-08 00:25:00,PT5M,0.0,0.0,0.0,0.0,0.0
0,0,0,0,26,0.15,76.5,4.5,224,2026-09-08 00:30:00,PT5M,0.0,0.0,0.0,0.0,0.0
0,0,0,0,26,0.15,76.5,4.6,224,2026-09-08 00:35:00,PT5M,0.0,0.0,0.0,0.0,0.0
0,0,0,0,26,0.15,76.4,4.6,224,2026-09-08 00:40:00,PT5M,0.0,0.0,0.0,0.0,0.0
0,0,0,0,26,0.15,76.4,4.6,224,2026-09-08 00:45:00,PT5M,0.0,0.0,0.0,0.0,0.0
0,0,0,0,26,0.15,76.4,4.6,224,2026-09-08 00:50:00,PT5M,0.0,0.0,0.0,0.0,0.0
0,0,0,0,26,0.15,76.3,4.6,224,2026-09-08 00:55:00,PT5M,0.0,0.0,0.0,0.0,0.0
0,0,0,0,26,0.15,76.3,4.6,224,2026-09-08 01:00:00,PT5M,0.0,0.0,0.0,0.0,0.0
0,0,0,0,26,0.15,76.3,4.6,224,2026-09-08 01:05:00,PT5M,0.0,0.0,0.0,0.0,0.0
0,0,0,0,26,0.15,76.3,4.6,224,2026-09-08 01:10:00,PT5M,0.0,0.0,0.0,0.0,0.0
0,0,0,0,26,0.15,76.2,4.6,224,2026-09-08 01:15:00,PT5M,0.0,0.0,0.0,0.0,0.0
0,0,0,0,26,0.15,76.2,4.6,224,2026-09-08 01:20:00,PT5M,0.0,0.0,0.0,0.0,0.0
0,0,0,0,26,0.15,76.2,4.6,224,2026-09-08 01:25:00,PT5M,0.0,0.0,0.0,0.0,0.0
0,0,0,0,26,0.15,76.2,4.6,224,2026-09-08 01:30:00,PT5M,0.0,0.0,0.0,0.0,0.0
0,0,0,0,26,0.15,76.1,4.6,224,2026-09-08 01:35:00,PT5M,0.0,0.0,0.0,0.0,0.0
0,0,0,0,26,0.15,76.1,4.7,224,2026-09-08 01:40:00,PT5M,0.0,0.0,0.0,0.0,0.0
0,0,0,0,26,0.15,76.1,4.7,224,2026-09-08 01:45:00,PT5M,0.0,0.0,0.0,0.0,0.0
0,0,0,0,26,0.15,76.0,4.7,224,2026-09-08 01:50:00,PT5M,0.0,0.0,0.0,0.0,0.0
0,0,0,0,26,0.15,76.0,4.7,224,2026-09-08 01:55:00,PT5M,0.0,0.0,0.0,0.0,0.0
0,0,0,0,26,0.15,76.0,4.7,224,2026-09-08 02:00:00,PT5M,0.0,0.0,0.0,0.0,0.0
0,0,0,0,26,0.15,76.0,4.7,224,2026-09-08 02:05:00,PT5M,0.0,0.0,0.0,0.0,0.0
0,0,0,0,26,0.15,75.9,4.7,224,2026-09-08 02:10:00,PT5M,0.0,0.0,0.0,0.0,0.0
0,0,0,0,26,0.15,75.9,4.7,224,2026-09-08 02:15:00,PT5M,0.0,0.0,0.0,0.0,0.0
0,0,0,0,26,0.15,75.9,4.7,224,2026-09-08 02:20:00,PT5M,0.0,0.0,0.0,0.0,0.0
0,0,0,0,26,0.15,75.8,4.7,224,2026-09-08 02:25:00,PT5M,0.0,0.0,0.0,0.0,0.0
0,0,0,0,26,0.15,75.8,4.7,224,2026-09-08 02:30:00,PT5M,0.0,0.0,0.0,0.0,0.0
0,0,0,0,26,0.15,75.8,4.7,224,2026-09-08 02:35:00,PT5M,0.0,0.0,0.0,0.0,0.0
0,0,0,0,26,0.15,75.6,4.7,225,2026-09-08 02:40:00,PT5M,0.0,0.0,0.0,0.0,0.0
0,0,0,0,26,0.15,75.5,4.7,225,2026-09-08 02:45:00,PT5M,0.0,0.0,0.0,0.0,0.0
0,0,0,0,26,0.15,75.4,4.7,225,2026-09-08 02:50:00,PT5M,0.0,0.0,0.0,0.0,0.0
0,0,0,0,26,0.15,75.3,4.7,226,2026-09-08 02:55:00,PT5M,0.0,0.0,0.0,0.0,0.0
0,0,0,0,26,0.15,75.2,4.7,226,2026-09-08 03:00:00,PT5M,0.0,0.0,0.0,0.0,0.0
0,0,0,0,26,0.15,75.1,4.7,226,2026-09-08 03:05:00,PT5M,0.0,0.0,0.0,0.0,0.0
0,0,0,0,26,0.15,75.0,4.7,227,2026-09-08 03:10:00,PT5M,0.0,0.0,0.0,0.0,0.0
0,0,0,0,26,0.15,74.8,4.7,227,2026-09-08 03:15:00,PT5M,0.0,0.0,0.0,0.0,0.0
0,0,0,0,26,0.15,74.7,4.7,227,2026-09-08 03:20:00,PT5M,0.0,0.0,0.0,0.0,0.0
0,0,0,0,26,0.15,74.6,4.7,228,2026-09-08 03:25:00,PT5M,0.0,0.0,0.0,0.0,0.0
0,0,0,0,26,0.15,74.5,4.7,228,2026-09-08 03:30:00,PT5M,0.0,0.0,0.0,0.0,0.0
0,0,0,0,26,0.15,74.4,4.7,228,2026-09-08 03:35:00,PT5M,0.0,0.0,0.0,0.0,0.0
0,0,0,0,26,0.15,74.3,4.7,229,2026-09-08 03:40:00,PT5M,0.0,0.0,0.0,0.0,0.0
0,0,0,0,26,0.15,74.2,4.7,229,2026-09-08 03:45:00,PT5M,0.0,0.0,0.0,0.0,0.0
0,0,0,0,26,0.15,74.0,4.8,229,2026-09-08 03:50:00,PT5M,0.0,0.0,0.0,0.0,0.0
0,0,0,0,26,0.15,73.9,4.8,230,2026-09-08 03:55:00,PT5M,0.0,0.0,0.0,0.0,0.0
0,0,0,0,26,0.15,73.8,4.8,230,2026-09-08 04:00:00,PT5M,0.0,0.0,0.0,0.0,0.0
0,0,0,0,26,0.15,73.7,4.8,230,2026-09-08 04:05:00,PT5M,0.0,0.0,0.0,0.0,0.0
0,0,0,0,26,0.15,73.6,4.8,231,2026-09-08 04:10:00,PT5M,0.0,0.0,0.0,0.0,0.0
0,0,0,0,26,0.15,73.5,4.8,231,2026-09-08 04:15:00,PT5M,0.0,0.0,0.0,0.0,0.0
0,0,0,0,26,0.15,73.4,4.8,231,2026-09-08 04:20:00,PT5M,0.0,0.0,0.0,0.0,0.0
0,0,0,0,26,0.15,73.3,4.8,232,2026-09-08 04:25:00,PT5M,0.0,0.0,0.0,0.0,0.0
0,0,0,0,26,0.15,73.2,4.8,232,2026-09-08 04:30:00,PT5M,0.0,0.0,0.0,0.0,0.0
0,0,0,0,26,0.15,73.0,4.8,232,2026-09-08 04:35:00,PT5M,0.0,0.0,0.0,0.0,0.0
0,0,0,0,26,0.15,72.9,4.8,233,2026-09-08 04:40:00,PT5M,0.0,0.0,0.0,0.0,0.0
0,0,0,0,26,0.15,72.8,4.8,233,2026-09-08 04:45:00,PT5M,0.0,0.0,0.0,0.0,0.0
0,0,0,0,26,0.15,72.7,4.8,233,2026-09-08 04:50:00,PT5M,0.0,0.0,0.0,0.0,0.0
0,0,0,0,26,0.15,72.6,4.8,234,2026-09-08 04:55:00,PT5M,0.0,0.0,0.0,0.0,0.0
0,0,0,0,26,0.15,72.5,4.8,234,2026-09-08 05:00:00,PT5M,0.0,0.0,0.0,0.0,0.0
0,0,0,0,26,0.15,72.4,4.8,234,2026-09-08 05:05:00,PT5M,0.0,0.0,0.0,0.0,0.0
0,0,0,0,26,0.15,72.3,4.8,235,2026-09-08 05:10:00,PT5M,0.0,0.0,0.0,0.0,0.0
0,0,0,0,26,0.15,72.2,4.8,235,2026-09-08 05:15:00,PT5M,0.0,0.0,0.0,0.0,0.0
0,0,0,0,26,0.15,72.1,4.8,235,2026-09-08 05:20:00,PT5M,0.0,0.0,0.0,0.0,0.0
0,0,0,0,26,0.15,71.9,4.8,235,2026-09-08 05:25:00,PT5M,0.0,0.0,0.0,0.0,0.0
0,0,0,0,26,0.15,71.8,4.8,236,2026-09-08 05:30:00,PT5M,0.0,0.0,0.0,0.0,0.0
0,0,0,0,26,0.15,71.5,4.8,236,2026-09-08 05:35:00,PT5M,0.0,0.0,0.0,0.0,0.0
0,0,0,0,27,0.15,71.0,4.8,236,2026-09-08 05:40:00,PT5M,0.0,0.0,0.0,0.0,0.0
0,0,0,0,27,0.15,70.5,4.8,236,2026-09-08 05:45:00,PT5M,0.0,0.0,0.0,0.0,0.0
0,0,0,0,27,0.15,69.9,4.8,236,2026-09-08 05:50:00,PT5M,0.0,0.0,0.0,0.0,0.0
0,0,0,0,27,0.15,69.4,4.9,235,2026-09-08 05:55:00,PT5M,0.0,0.0,0.0,0.0,0.0
0,0,0,0,27,0.15,68.9,4.9,235,2026-09-08 06:00:00,PT5M,0.0,0.0,0.0,0.0,0.0
3,4,0,4,27,0.15,68.4,4.9,235,2026-09-08 06:05:00,PT5M,0.0,0.0,0.0,0.0,0.0
10,10,0,10,27,0.15,67.9,4.9,235,2026-09-08 06:10:00,PT5M,0.703,1.223,0.9767,0.4293,0.183
18,18,0,18,27,0.15,67.4,4.9,235,2026-09-08 06:15:00,PT5M,1.758,2.7095,2.2588,1.2572,0.8065
27,27,0,27,27,0.15,66.9,4.9,235,2026-09-08 06:20:00,PT5M,2.928,4.614,3.8154,2.0406,1.242
38,38,0,38,27,0.15,66.4,4.9,235,2026-09-08 06:25:00,PT5M,4.21,6.8975,5.6245,2.7955,1.5225
49,49,10,48,28,0.15,65.9,4.9,235,2026-09-08 06:30:00,PT5M,5.877,9.7815,7.932,3.822,1.9725
62,62,40,57,28,0.15,65.4,4.9,235,2026-09-08 06:35:00,PT5M,8.332,13.625,11.1177,5.5463,3.039
75,77,71,65,28,0.15,65.0,4.9,235,2026-09-08 06:40:00,PT5M,11.138,17.944,14.72,7.556,4.332
90,92,103,73,28,0.15,64.5,4.9,234,2026-09-08 06:45:00,PT5M,14.247,22.6165,18.6519,9.8421,5.8775
106,108,135,80,28,0.15,64.0,4.9,234,2026-09-08 06:50:00,PT5M,17.718,27.6445,22.9424,12.4936,7.7915
122,125,167,87,28,0.15,63.5,4.9,234,2026-09-08 06:55:00,PT5M,21.472,32.983,27.5303,15.4137,9.961
140,143,198,93,28,0.15,63.1,4.9,234,2026-09-08 07:00:00,PT5M,25.429,38.6055,32.3639,18.4941,12.2525
157,161,225,100,28,0.15,62.6,4.9,234,2026-09-08 07:05:00,PT5M,29.403,44.3205,37.2542,21.5518,14.4855
174,178,246,106,28,0.15,62.1,5.0,234,2026-09-08 07:10:00,PT5M,33.321,50.026,42.113,24.529,16.616
192,196,267,112,28,0.15,61.7,5.0,234,2026-09-08 07:15:00,PT5M,37.365,55.932,47.1369,27.5931,18.798
209,214,286,118,29,0.15,61.2,5.0,234,2026-09-08 07:20:00,PT5M,41.503,61.91,52.2433,30.7627,21.096
227,232,305,124,29,0.15,60.8,5.0,234,2026-09-08 07:25:00,PT5M,45.695,67.9555,57.4109,33.9791,23.4345
246,250,323,129,29,0.15,60.3,5.0,233,2026-09-08 07:30:00,PT5M,49.947,74.065,62.6405,37.2535,25.829
264,268,341,135,29,0.15,59.9,5.0,233,2026-09-08 07:35:00,PT5M,54.27,80.2765,67.9574,40.5826,28.2635
282,287,358,139,29,0.15,59.5,5.0,233,2026-09-08 07:40:00,PT5M,58.631,86.588,73.345,43.917,30.674
301,306,375,144,29,0.15,59.0,5.0,233,2026-09-08 07:45:00,PT5M,62.949,92.858,78.6903,47.2077,33.04
320,325,391,148,29,0.15,58.6,5.0,233,2026-09-08 07:50:00,PT5M,65.54,95.918,81.5282,49.5518,35.162
339,344,407,152,29,0.15,58.2,5.0,233,2026-09-08 07:55:00,PT5M,68.044,98.8415,84.2529,51.8351,37.2465
358,363,423,155,29,0.15,57.8,5.0,233,2026-09-08 08:00:00,PT5M,70.454,100.0,86.8566,54.0514,39.2885
376,382,439,159,29,0.15,57.3,5.0,233,2026-09-08 08:05:00,PT5M,72.761,100.0,89.327,56.195,41.285
395,401,454,162,30,0.15,56.9,5.0,233,2026-09-08 08:10:00,PT5M,74.949,100.0,91.6445,58.2535,43.227
414,420,469,164,30,0.15,56.5,5.0,233,2026-09-08 08:15:00,PT5M,77.005,100.0,93.79,60.22,45.113
433,439,483,167,30,0.15,56.1,5.0,232,2026-09-08 08:20:00,PT5M,78.919,100.0,95.7508,62.0872,46.938
452,458,497,169,30,0.15,55.7,5.1,232,2026-09-08 08:25:00,PT5M,80.669,100.0,97.4943,63.8437,48.7005
471,477,511,171,30,0.15,55.3,5.1,232,2026-09-08 08:30:00,PT5M,82.281,100.0,99.0568,65.5052,50.4065
489,495,521,174,30,0.15,54.7,5.1,232,2026-09-08 08:35:00,PT5M,83.565,100.0,100.0,66.8761,51.8555
505,511,528,177,30,0.15,53.9,5.1,232,2026-09-08 08:40:00,PT5M,84.536,100.0,100.0,67.9129,52.9515
522,527,534,181,30,0.15,53.2,5.1,232,2026-09-08 08:45:00,PT5M,85.449,100.0,100.0,68.8985,54.0025
538,543,540,184,31,0.15,52.4,5.1,232,2026-09-08 08:50:00,PT5M,86.361,100.0,100.0,69.8842,55.0545
554,559,546,187,31,0.15,51.7,5.1,232,2026-09-08 08:55:00,PT5M,87.17,100.0,100.0,70.7416,55.9555
569,575,551,191,31,0.15,51.0,5.2,232,2026-09-08 09:00:00,PT5M,87.936,100.0,100.0,71.5894,56.877
585,590,556,194,31,0.15,50.2,5.2,232,2026-09-08 09:05:00,PT5M,88.691,100.0,100.0,72.435,57.804
600,606,562,196,31,0.15,49.5,5.2,233,2026-09-08 09:10:00,PT5M,89.474,100.0,100.0,73.3211,58.783
615,621,568,199,32,0.15,48.8,5.2,233,2026-09-08 09:15:00,PT5M,90.223,100.0,100.0,74.1746,59.7305
630,636,574,202,32,0.15,48.2,5.2,233,2026-09-08 09:20:00,PT5M,90.938,100.0,100.0,75.0614,60.772
645,650,579,204,32,0.15,47.5,5.3,233,2026-09-08 09:25:00,PT5M,91.622,100.0,100.0,75.9733,61.889
659,664,584,206,32,0.15,46.8,5.3,233,2026-09-08 09:30:00,PT5M,92.276,100.0,100.0,76.8481,62.9625
673,678,590,208,32,0.15,46.2,5.3,233,2026-09-08 09:35:00,PT5M,92.9,100.0,100.0,77.6858,63.9925
687,692,594,210,32,0.15,45.5,5.3,233,2026-09-08 09:40:00,PT5M,93.498,100.0,100.0,78.4906,64.9835
700,705,599,212,33,0.15,44.9,5.3,233,2026-09-08 09:45:00,PT5M,94.05,100.0,100.0,79.24,65.9105
712,718,602,215,33,0.15,44.3,5.3,233,2026-09-08 09:50:00,PT5M,94.533,100.0,100.0,79.9077,66.7445
724,730,606,217,33,0.15,43.6,5.4,233,2026-09-08 09:55:00,PT5M,94.993,100.0,100.0,80.5453,67.542
736,741,609,219,33,0.15,43.0,5.4,233,2026-09-08 10:00:00,PT5M,95.432,100.0,100.0,81.1549,68.305
748,753,612,221,33,0.15,42.4,5.4,233,2026-09-08 10:05:00,PT5M,95.86,100.0,100.0,81.7455,69.042
759,764,616,222,33,0.15,41.9,5.4,233,2026-09-08 10:10:00,PT5M,96.277,100.0,100.0,82.3191,69.7565
770,775,619,224,34,0.15,41.3,5.4,233,2026-09-08 10:15:00,PT5M,96.669,100.0,100.0,82.8598,70.431
780,785,623,225,34,0.15,40.7,5.5,233,2026-09-08 10:20:00,PT5M,97.037,100.0,100.0,83.3688,71.067
790,795,626,226,34,0.15,40.1,5.5,233,2026-09-08 10:25:00,PT5M,97.382,100.0,100.0,83.8475,71.666
799,804,629,227,34,0.15,39.6,5.5,233,2026-09-08 10:30:00,PT5M,97.71,100.0,100.0,84.3029,72.236
808,813,632,228,34,0.15,39.0,5.5,233,2026-09-08 10:35:00,PT5M,98.014,100.0,100.0,84.7276,72.7695
817,822,635,229,35,0.15,38.5,5.5,233,2026-09-08 10:40:00,PT5M,98.295,100.0,100.0,85.1228,73.2675
825,830,638,230,35,0.15,38.0,5.5,233,2026-09-08 10:45:00,PT5M,98.553,100.0,100.0,85.4885,73.73
833,838,641,231,35,0.15,37.4,5.6,233,2026-09-08 10:50:00,PT5M,98.787,100.0,100.0,85.8225,74.154
841,845,643,231,35,0.15,36.9,5.6,233,2026-09-08 10:55:00,PT5M,98.997,100.0,100.0,86.1227,74.5355
847,852,646,232,35,0.15,36.4,5.6,233,2026-09-08 11:00:00,PT5M,99.182,100.0,100.0,86.3841,74.8655
854,859,648,232,35,0.15,35.9,5.6,233,2026-09-08 11:05:00,PT5M,99.339,100.0,100.0,86.5947,75.1245
860,865,650,233,36,0.15,35.4,5.6,233,2026-09-08 11:10:00,PT5M,99.482,100.0,100.0,86.8019,75.3895
865,870,652,233,36,0.15,34.9,5.7,233,2026-09-08 11:15:00,PT5M,99.61,100.0,100.0,86.9968,75.6445
870,875,654,233,36,0.15,34.5,5.7,233,2026-09-08 11:20:00,PT5M,99.716,100.0,100.0,87.1552,75.85
875,879,656,233,36,0.15,34.0,5.7,233,2026-09-08 11:25:00,PT5M,99.8,100.0,100.0,87.2773,76.0065
879,884,658,233,36,0.15,33.5,5.7,234,2026-09-08 11:30:00,PT5M,99.866,100.0,100.0,87.3736,76.13
881,886,657,235,36,0.15,33.3,5.7,233,2026-09-08 11:35:00,PT5M,99.818,100.0,100.0,87.3377,76.105
882,887,653,237,36,0.15,33.2,5.7,233,2026-09-08 11:40:00,PT5M,99.657,100.0,100.0,87.1727,75.9365
882,887,649,240,36,0.15,33.2,5.7,233,2026-09-08 11:45:00,PT5M,99.472,100.0,100.0,86.9754,75.728
881,886,645,242,36,0.15,33.2,5.7,233,2026-09-08 11:50:00,PT5M,99.233,100.0,100.0,86.7108,75.4405
880,885,640,245,36,0.15,33.2,5.7,233,2026-09-08 11:55:00,PT5M,98.975,100.0,100.0,86.4199,75.12
879,883,635,248,36,0.15,33.2,5.7,233,2026-09-08 12:00:00,PT5M,98.7,100.0,100.0,86.1039,74.767
876,881,630,251,36,0.15,33.1,5.6,232,2026-09-08 12:05:00,PT5M,98.417,100.0,100.0,85.7709,74.389
874,878,625,254,36,0.15,33.1,5.6,232,2026-09-08 12:10:00,PT5M,98.201,100.0,100.0,85.4962,74.0615
871,875,619,256,36,0.15,33.1,5.6,232,2026-09-08 12:15:00,PT5M,97.967,100.0,100.0,85.1959,73.7015
867,871,614,259,36,0.15,33.1,5.6,232,2026-09-08 12:20:00,PT5M,97.714,100.0,100.0,84.8684,73.307
863,867,608,262,36,0.15,33.1,5.6,232,2026-09-08 12:25:00,PT5M,97.437,100.0,100.0,84.5088,72.873
858,862,601,265,36,0.15,33.0,5.6,232,2026-09-08 12:30:00,PT5M,97.102,100.0,100.0,84.0785,72.357
852,856,594,267,36,0.15,33.0,5.6,231,2026-09-08 12:35:00,PT5M,96.746,100.0,100.0,83.6196,71.8055
846,851,588,270,36,0.15,33.0,5.6,231,2026-09-08 12:40:00,PT5M,96.369,100.0,100.0,83.134,71.222
840,844,581,272,36,0.15,33.0,5.5,231,2026-09-08 12:45:00,PT5M,95.97,100.0,100.0,82.6192,70.603
833,837,574,275,36,0.15,33.0,5.5,231,2026-09-08 12:50:00,PT5M,95.549,100.0,100.0,82.0745,69.947
826,830,567,277,36,0.15,32.9,5.5,231,2026-09-08 12:55:00,PT5M,95.1,100.0,100.0,81.486,69.233
818,822,560,279,36,0.15,32.9,5.5,231,2026-09-08 13:00:00,PT5M,94.626,100.0,100.0,80.8641,68.478
810,814,553,280,37,0.15,32.9,5.5,230,2026-09-08 13:05:00,PT5M,94.145,100.0,100.0,80.2442,67.733
802,806,547,281,37,0.15,32.9,5.5,230,2026-09-08 13:10:00,PT5M,93.657,100.0,100.0,79.6246,66.995
793,797,540,282,37,0.15,32.9,5.5,230,2026-09-08 13:15:00,PT5M,93.131,100.0,100.0,78.9431,66.1735
784,788,533,283,37,0.15,32.8,5.5,230,2026-09-08 13:20:00,PT5M,92.576,100.0,100.0,78.2236,65.306
774,779,526,284,37,0.15,32.8,5.5,230,2026-09-08 13:25:00,PT5M,92.056,100.0,100.0,77.5323,64.4605
764,769,520,284,37,0.15,32.8,5.4,230,2026-09-08 13:30:00,PT5M,91.442,100.0,100.0,76.7417,63.511
755,759,514,284,37,0.15,32.8,5.4,229,2026-09-08 13:35:00,PT5M,90.861,100.0,100.0,75.9912,62.608
745,749,509,283,37,0.15,32.7,5.4,229,2026-09-08 13:40:00,PT5M,90.315,100.0,100.0,75.2824,61.7525
735,739,504,282,37,0.15,32.7,5.4,229,2026-09-08 13:45:00,PT5M,89.742,100.0,100.0,74.5417,60.861
725,729,499,281,37,0.15,32.7,5.4,229,2026-09-08 13:50:00,PT5M,89.149,100.0,100.0,73.7769,59.9415
714,718,494,280,37,0.15,32.7,5.4,229,2026-09-08 13:55:00,PT5M,88.53,100.0,100.0,72.9805,58.9855
703,707,489,278,37,0.15,32.7,5.4,228,2026-09-08 14:00:00,PT5M,87.882,100.0,100.0,72.1502,57.991
692,696,484,276,37,0.15,32.6,5.4,228,2026-09-08 14:05:00,PT5M,87.216,100.0,100.0,71.2976,56.9705
680,684,479,274,37,0.15,32.6,5.4,228,2026-09-08 14:10:00,PT5M,86.533,100.0,100.0,70.4225,55.9225
668,673,474,272,37,0.15,32.6,5.3,228,2026-09-08 14:15:00,PT5M,85.822,100.0,100.0,69.5131,54.8345
656,660,469,270,37,0.15,32.6,5.3,228,2026-09-08 14:20:00,PT5M,85.086,100.0,100.0,68.5744,53.7135
643,648,464,267,37,0.15,32.6,5.3,228,2026-09-08 14:25:00,PT5M,84.322,100.0,100.0,67.6031,52.5555
630,635,458,265,37,0.15,32.5,5.3,227,2026-09-08 14:30:00,PT5M,83.476,100.0,100.0,66.5771,51.3675
613,618,444,265,37,0.15,32.7,5.3,227,2026-09-08 14:35:00,PT5M,82.083,100.0,99.1554,65.0106,49.645
593,598,423,267,36,0.15,33.2,5.3,227,2026-09-08 14:40:00,PT5M,80.133,100.0,97.4493,62.8167,47.2315
573,577,401,269,36,0.15,33.6,5.3,227,2026-09-08 14:45:00,PT5M,78.133,100.0,95.6824,60.5836,44.7885
553,557,381,270,36,0.15,34.1,5.4,226,2026-09-08 14:50:00,PT5M,76.084,100.0,93.8558,58.3122,42.317
533,537,361,271,36,0.15,34.6,5.4,226,2026-09-08 14:55:00,PT5M,73.973,100.0,91.9556,55.9904,39.8055
514,518,341,271,36,0.15,35.0,5.4,226,2026-09-08 15:00:00,PT5M,71.832,100.0,90.0128,53.6512,37.288
494,498,320,270,35,0.15,35.5,5.4,225,2026-09-08 15:05:00,PT5M,69.57,100.0,87.895,51.245,34.752
474,478,300,270,35,0.15,36.0,5.4,225,2026-09-08 15:10:00,PT5M,67.275,100.0,85.7313,48.8187,32.2075
455,459,281,268,35,0.15,36.5,5.4,225,2026-09-08 15:15:00,PT5M,64.934,100.0,83.5024,46.3656,29.6535
436,439,262,266,35,0.15,37.0,5.4,225,2026-09-08 15:20:00,PT5M,62.534,97.99,81.1947,43.8733,27.078
417,420,243,263,35,0.15,37.5,5.4,224,2026-09-08 15:25:00,PT5M,60.071,95.665,78.8044,41.3376,24.477
398,401,224,260,35,0.15,38.0,5.5,224,2026-09-08 15:30:00,PT5M,57.586,93.2775,76.3707,38.8013,21.8945
381,384,209,256,34,0.15,38.5,5.5,224,2026-09-08 15:35:00,PT5M,55.264,90.957,74.0495,36.4785,19.571
364,367,196,251,34,0.15,39.0,5.5,224,2026-09-08 15:40:00,PT5M,53.147,88.745,71.8825,34.4115,17.549
348,351,183,245,34,0.15,39.5,5.5,223,2026-09-08 15:45:00,PT5M,50.958,86.404,69.6135,32.3025,15.512
332,334,170,239,34,0.15,40.1,5.5,223,2026-09-08 15:50:00,PT5M,48.705,83.8925,67.2244,30.1856,13.5175
316,318,157,233,34,0.15,40.6,5.5,223,2026-09-08 15:55:00,PT5M,46.371,81.2,64.7018,28.0402,11.542
299,302,144,227,33,0.15,41.2,5.5,223,2026-09-08 16:00:00,PT5M,43.96,78.335,62.0518,25.8682,9.585
284,286,131,219,33,0.15,41.7,5.6,222,2026-09-08 16:05:00,PT5M,41.562,75.44,59.3922,23.7318,7.684
268,270,120,212,33,0.15,42.3,5.6,222,2026-09-08 16:10:00,PT5M,39.192,72.5435,56.7451,21.6389,5.8405
253,254,108,204,33,0.15,42.9,5.6,222,2026-09-08 16:15:00,PT5M,36.996,69.765,54.2426,19.7494,4.227
237,239,97,196,33,0.15,43.5,5.6,222,2026-09-08 16:20:00,PT5M,34.535,66.6725,51.4492,17.6208,2.3975
222,224,85,187,33,0.15,44.1,5.6,221,2026-09-08 16:25:00,PT5M,32.023,63.14,48.4001,15.6459,0.906
207,209,74,179,32,0.15,44.7,5.6,221,2026-09-08 16:30:00,PT5M,29.392,58.3535,44.6346,14.1494,0.4305
193,194,62,170,32,0.15,45.3,5.7,221,2026-09-08 16:35:00,PT5M,26.773,53.7255,40.9583,12.5877,0.0
179,180,51,161,32,0.15,45.9,5.7,221,2026-09-08 16:40:00,PT5M,24.204,49.1715,37.3446,11.0634,0.0
164,165,39,152,32,0.15,46.6,5.7,220,2026-09-08 16:45:00,PT5M,21.706,44.693,33.8042,9.6078,0.0
151,151,27,142,32,0.15,47.2,5.7,220,2026-09-08 16:50:00,PT5M,19.427,40.4365,30.4845,8.3695,0.0
137,138,15,133,31,0.15,47.9,5.7,220,2026-09-08 16:55:00,PT5M,17.055,36.0995,27.0783,7.0317,0.0
124,124,3,123,31,0.15,48.5,5.7,220,2026-09-08 17:00:00,PT5M,14.791,31.894,23.7924,5.7896,0.0
111,111,0,111,31,0.15,49.2,5.8,219,2026-09-08 17:05:00,PT5M,13.079,28.283,21.081,5.077,0.0
98,98,0,98,31,0.15,49.9,5.8,219,2026-09-08 17:10:00,PT5M,11.52,24.907,18.5657,4.4743,0.0
85,85,0,85,31,0.15,50.6,5.8,219,2026-09-08 17:15:00,PT5M,10.014,21.681,16.1544,3.8736,0.0
73,73,0,73,31,0.15,51.3,5.8,219,2026-09-08 17:20:00,PT5M,8.464,18.4665,13.7284,3.1996,0.0
61,61,0,61,30,0.15,52.0,5.8,218,2026-09-08 17:25:00,PT5M,7.043,15.414,11.4487,2.6373,0.0
51,51,0,51,30,0.15,52.7,5.8,218,2026-09-08 17:30:00,PT5M,5.779,12.5175,9.3255,2.2325,0.0
41,41,0,41,30,0.15,53.2,5.8,218,2026-09-08 17:35:00,PT5M,4.58,9.8,7.3273,1.8327,0.0
32,33,0,33,30,0.15,53.5,5.8,218,2026-09-08 17:40:00,PT5M,3.449,7.2885,5.4698,1.4282,0.0
25,25,0,25,30,0.15,53.8,5.7,219,2026-09-08 17:45:00,PT5M,2.504,5.206,3.9261,1.0819,0.0
18,18,0,18,30,0.15,54.2,5.6,219,2026-09-08 17:50:00,PT5M,1.655,3.3795,2.5626,0.7474,0.0
12,12,0,12,30,0.15,54.5,5.6,219,2026-09-08 17:55:00,PT5M,0.866,1.8535,1.3857,0.3463,0.0
6,6,0,6,30,0.15,54.8,5.5,219,2026-09-08 18:00:00,PT5M,0.137,0.4985,0.3273,0.0,0.0
2,2,0,2,30,0.15,55.1,5.5,219,2026-09-08 18:05:00,PT5M,0.0,0.0,0.0,0.0,0.0
0,0,0,0,29,0.15,55.4,5.4,220,2026-09-08 18:10:00,PT5M,0.0,0.0,0.0,0.0,0.0
0,0,0,0,29,0.15,55.8,5.3,220,2026-09-08 18:15:00,PT5M,0.0,0.0,0.0,0.0,0.0
0,0,0,0,29,0.15,56.1,5.3,220,2026-09-08 18:20:00,PT5M,0.0,0.0,0.0,0.0,0.0
0,0,0,0,29,0.15,56.4,5.2,220,2026-09-08 18:25:00,PT5M,0.0,0.0,0.0,0.0,0.0
0,0,0,0,29,0.15,56.8,5.2,220,2026-09-08 18:30:00,PT5M,0.0,0.0,0.0,0.0,0.0
0,0,0,0,29,0.15,57.1,5.1,221,2026-09-08 18:35:00,PT5M,0.0,0.0,0.0,0.0,0.0
0,0,0,0,29,0.15,57.4,5.0,221,2026-09-08 18:40:00,PT5M,0.0,0.0,0.0,0.0,0.0
0,0,0,0,29,0.15,57.8,5.0,221,2026-09-08 18:45:00,PT5M,0.0,0.0,0.0,0.0,0.0
0,0,0,0,29,0.15,58.1,4.9,221,2026-09-08 18:50:00,PT5M,0.0,0.0,0.0,0.0,0.0
0,0,0,0,29,0.15,58.5,4.9,222,2026-09-08 18:55:00,PT5M,0.0,0.0,0.0,0.0,0.0
0,0,0,0,29,0.15,58.8,4.8,222,2026-09-08 19:00:00,PT5M,0.0,0.0,0.0,0.0,0.0
0,0,0,0,29,0.15,59.2,4.8,222,2026-09-08 19:05:00,PT5M,0.0,0.0,0.0,0.0,0.0
0,0,0,0,29,0.15,59.5,4.7,222,2026-09-08 19:10:00,PT5M,0.0,0.0,0.0,0.0,0.0
0,0,0,0,28,0.15,59.9,4.6,223,2026-09-08 19:15:00,PT5M,0.0,0.0,0.0,0.0,0.0
0,0,0,0,28,0.15,60.2,4.6,223,2026-09-08 19:20:00,PT5M,0.0,0.0,0.0,0.0,0.0
0,0,0,0,28,0.15,60.6,4.5,223,2026-09-08 19:25:00,PT5M,0.0,0.0,0.0,0.0,0.0
0,0,0,0,28,0.15,60.9,4.5,224,2026-09-08 19:30:00,PT5M,0.0,0.0,0.0,0.0,0.0
0,0,0,0,28,0.15,61.3,4.4,224,2026-09-08 19:35:00,PT5M,0.0,0.0,0.0,0.0,0.0
0,0,0,0,28,0.15,61.6,4.3,224,2026-09-08 19:40:00,PT5M,0.0,0.0,0.0,0.0,0.0
0,0,0,0,28,0.15,62.0,4.3,225,2026-09-08 19:45:00,PT5M,0.0,0.0,0.0,0.0,0.0
0,0,0,0,28,0.15,62.4,4.2,225,2026-09-08 19:50:00,PT5M,0.0,0.0,0.0,0.0,0.0
0,0,0,0,28,0.15,62.8,4.2,225,2026-09-08 19:55:00,PT5M,0.0,0.0,0.0,0.0,0.0
0,0,0,0,28,0.15,63.1,4.1,226,2026-09-08 20:00:00,PT5M,0.0,0.0,0.0,0.0,0.0
0,0,0,0,28,0.15,63.5,4.1,226,2026-09-08 20:05:00,PT5M,0.0,0.0,0.0,0.0,0.0
0,0,0,0,28,0.15,63.9,4.0,226,2026-09-08 20:10:00,PT5M,0.0,0.0,0.0,0.0,0.0
0,0,0,0,28,0.15,64.3,3.9,227,2026-09-08 20:15:00,PT5M,0.0,0.0,0.0,0.0,0.0
0,0,0,0,27,0.15,64.6,3.9,227,2026-09-08 20:20:00,PT5M,0.0,0.0,0.0,0.0,0.0
0,0,0,0,27,0.15,65.0,3.8,228,2026-09-08 20:25:00,PT5M,0.0,0.0,0.0,0.0,0.0
0,0,0,0,27,0.15,65.4,3.8,228,2026-09-08 20:30:00,PT5M,0.0,0.0,0.0,0.0,0.0
0,0,0,0,27,0.15,65.7,3.8,228,2026-09-08 20:35:00,PT5M,0.0,0.0,0.0,0.0,0.0
0,0,0,0,27,0.15,65.8,3.8,228,2026-09-08 20:40:00,PT5M,0.0,0.0,0.0,0.0,0.0
0,0,0,0,27,0.15,65.9,3.8,228,2026-09-08 20:45:00,PT5M,0.0,0.0,0.0,0.0,0.0
0,0,0,0,27,0.15,66.0,3.8,228,2026-09-08 20:50:00,PT5M,0.0,0.0,0.0,0.0,0.0
0,0,0,0,27,0.15,66.1,3.8,228,2026-09-08 20:55:00,PT5M,0.0,0.0,0.0,0.0,0.0
0,0,0,0,27,0.15,66.3,3.8,228,2026-09-08 21:00:00,PT5M,0.0,0.0,0.0,0.0,0.0
0,0,0,0,27,0.15,66.4,3.8,227,2026-09-08 21:05:00,PT5M,0.0,0.0,0.0,0.0,0.0
0,0,0,0,27,0.15,66.5,3.8,227,2026-09-08 21:10:00,PT5M,0.0,0.0,0.0,0.0,0.0
0,0,0,0,27,0.15,66.6,3.8,227,2026-09-08 21:15:00,PT5M,0.0,0.0,0.0,0.0,0.0
0,0,0,0,27,0.15,66.7,3.8,227,2026-09-08 21:20:00,PT5M,0.0,0.0,0.0,0.0,0.0
0,0,0,0,27,0.15,66.9,3.7,227,2026-09-08 21:25:00,PT5M,0.0,0.0,0.0,0.0,0.0
0,0,0,0,27,0.15,67.0,3.7,227,2026-09-08 21:30:00,PT5M,0.0,0.0,0.0,0.0,0.0
0,0,0,0,27,0.15,67.1,3.7,227,2026-09-08 21:35:00,PT5M,0.0,0.0,0.0,0.0,0.0
0,0,0,0,27,0.15,67.2,3.7,227,2026-09-08 21:40:00,PT5M,0.0,0.0,0.0,0.0,0.0
0,0,0,0,27,0.15,67.4,3.7,227,2026-09-08 21:45:00,PT5M,0.0,0.0,0.0,0.0,0.0
0,0,0,0,27,0.15,67.5,3.7,226,2026-09-08 21:50:00,PT5M,0.0,0.0,0.0,0.0,0.0
0,0,0,0,27,0.15,67.6,3.7,226,2026-09-08 21:55:00,PT5M,0.0,0.0,0.0,0.0,0.0
0,0,0,0,27,0.15,67.7,3.7,226,2026-09-08 22:00:00,PT5M,0.0,0.0,0.0,0.0,0.0
0,0,0,0,27,0.15,67.8,3.7,226,2026-09-08 22:05:00,PT5M,0.0,0.0,0.0,0.0,0.0
0,0,0,0,27,0.15,68.0,3.7,226,2026-09-08 22:10:00,PT5M,0.0,0.0,0.0,0.0,0.0
0,0,0,0,27,0.15,68.1,3.7,226,2026-09-08 22:15:00,PT5M,0.0,0.0,0.0,0.0,0.0
0,0,0,0,27,0.15,68.2,3.7,226,2026-09-08 22:20:00,PT5M,0.0,0.0,0.0,0.0,0.0
0,0,0,0,27,0.15,68.3,3.7,226,2026-09-08 22:25:00,PT5M,0.0,0.0,0.0,0.0,0.0
0,0,0,0,27,0.15,68.5,3.7,225,2026-09-08 22:30:00,PT5M,0.0,0.0,0.0,0.0,0.0
0,0,0,0,27,0.15,68.6,3.7,225,2026-09-08 22:35:00,PT5M,0.0,0.0,0.0,0.0,0.0
0,0,0,0,27,0.15,68.7,3.7,225,2026-09-08 22:40:00,PT5M,0.0,0.0,0.0,0.0,0.0
0,0,0,0,27,0.15,68.8,3.7,225,2026-09-08 22:45:00,PT5M,0.0,0.0,0.0,0.0,0.0
0,0,0,0,27,0.15,69.0,3.7,225,2026-09-08 22:50:00,PT5M,0.0,0.0,0.0,0.0,0.0
0,0,0,0,27,0.15,69.1,3.7,225,2026-09-08 22:55:00,PT5M,0.0,0.0,0.0,0.0,0.0
0,0,0,0,27,0.15,69.2,3.7,225,2026-09-08 23:00:00,PT5M,0.0,0.0,0.0,0.0,0.0
0,0,0,0,26,0.15,69.3,3.7,225,2026-09-08 23:05:00,PT5M,0.0,0.0,0.0,0.0,0.0
0,0,0,0,26,0.15,69.5,3.7,224,2026-09-08 23:10:00,PT5M,0.0,0.0,0.0,0.0,0.0
0,0,0,0,26,0.15,69.6,3.7,224,2026-09-08 23:15:00,PT5M,0.0,0.0,0.0,0.0,0.0
0,0,0,0,26,0.15,69.7,3.7,224,2026-09-08 23:20:00,PT5M,0.0,0.0,0.0,0.0,0.0
0,0,0,0,26,0.15,69.8,3.7,224,2026-09-08 23:25:00,PT5M,0.0,0.0,0.0,0.0,0.0
0,0,0,0,26,0.15,70.0,3.7,224,2026-09-08 23:30:00,PT5M,0.0,0.0,0.0,0.0,0.0
0,0,0,0,26,0.15,70.1,3.7,224,2026-09-08 23:35:00,PT5M,0.0,0.0,0.0,0.0,0.0
0,0,0,0,26,0.15,70.2,3.8,224,2026-09-08 23:40:00,PT5M,0.0,0.0,0.0,0.0,0.0
0,0,0,0,26,0.15,70.3,3.8,224,2026-09-08 23:45:00,PT5M,0.0,0.0,0.0,0.0,0.0
0,0,0,0,26,0.15,70.4,3.8,224,2026-09-08 23:50:00,PT5M,0.0,0.0,0.0,0.0,0.0
0,0,0,0,26,0.15,70.5,3.8,224,2026-09-08 23:55:00,PT5M,0.0,0.0,0.0,0.0,0.0
0,0,0,0,26,0.15,70.5,3.8,224,2026-09-09 00:00:00,PT5M,0.0,0.0,0.0,0.0,0.0
0,0,0,0,26,0.15,70.6,3.8,225,2026-09-09 00:05:00,PT5M,0.0,0.0,0.0,0.0,0.0
0,0,0,0,26,0.15,70.7,3.8,225,2026-09-09 00:10:00,PT5M,0.0,0.0,0.0,0.0,0.0
0,0,0,0,26,0.15,70.8,3.8,225,2026-09-09 00:15:00,PT5M,0.0,0.0,0.0,0.0,0.0
0,0,0,0,26,0.15,70.9,3.8,225,2026-09-09 00:20:00,PT5M,0.0,0.0,0.0,0.0,0.0
0,0,0,0,26,0.15,71.0,3.8,225,2026-09-09 00:25:00,PT5M,0.0,0.0,0.0,0.0,0.0
0,0,0,0,26,0.15,71.1,3.8,225,2026-09-09 00:30:00,PT5M,0.0,0.0,0.0,0.0,0.0
0,0,0,0,26,0.15,71.2,3.8,225,2026-09-09 00:35:00,PT5M,0.0,0.0,0.0,0.0,0.0
0,0,0,0,26,0.15,71.3,3.8,225,2026-09-09 00:40:00,PT5M,0.0,0.0,0.0,0.0,0.0
0,0,0,0,26,0.15,71.4,3.8,225,2026-09-09 00:45:00,PT5M,0.0,0.0,0.0,0.0,0.0
0,0,0,0,26,0.15,71.5,3.8,225,2026-09-09 00:50:00,PT5M,0.0,0.0,0.0,0.0,0.0
0,0,0,0,26,0.15,71.6,3.8,225,2026-09-09 00:55:00,PT5M,0.0,0.0,0.0,0.0,0.0
0,0,0,0,26,0.15,71.7,3.8,225,2026-09-09 01:00:00,PT5M,0.0,0.0,0.0,0.0,0.0
0,0,0,0,26,0.15,71.8,3.8,226,2026-09-09 01:05:00,PT5M,0.0,0.0,0.0,0.0,0.0
0,0,0,0,26,0.15,71.9,3.8,226,2026-09-09 01:10:00,PT5M,0.0,0.0,0.0,0.0,0.0
0,0,0,0,26,0.15,72.0,3.8,226,2026-09-09 01:15:00,PT5M,0.0,0.0,0.0,0.0,0.0
0,0,0,0,26,0.15,72.1,3.8,226,2026-09-09 01:20:00,PT5M,0.0,0.0,0.0,0.0,0.0
0,0,0,0,26,0.15,72.1,3.8,226,2026-09-09 01:25:00,PT5M,0.0,0.0,0.0,0.0,0.0
0,0,0,0,26,0.15,72.2,3.8,226,2026-09-09 01:30:00,PT5M,0.0,0.0,0.0,0.0,0.0
0,0,0,0,26,0.15,72.3,3.8,226,2026-09-09 01:35:00,PT5M,0.0,0.0,0.0,0.0,0.0
0,0,0,0,26,0.15,72.4,3.8,226,2026-09-09 01:40:00,PT5M,0.0,0.0,0.0,0.0,0.0
0,0,0,0,26,0.15,72.5,3.8,226,2026-09-09 01:45:00,PT5M,0.0,0.0,0.0,0.0,0.0
0,0,0,0,26,0.15,72.6,3.8,226,2026-09-09 01:50:00,PT5M,0.0,0.0,0.0,0.0,0.0
0,0,0,0,26,0.15,72.7,3.8,226,2026-09-09 01:55:00,PT5M,0.0,0.0,0.0,0.0,0.0
0,0,0,0,26,0.15,72.8,3.8,227,2026-09-09 02:00:00,PT5M,0.0,0.0,0.0,0.0,0.0
0,0,0,0,26,0.15,72.9,3.8,227,2026-09-09 02:05:00,PT5M,0.0,0.0,0.0,0.0,0.0
0,0,0,0,26,0.15,73.0,3.8,227,2026-09-09 02:10:00,PT5M,0.0,0.0,0.0,0.0,0.0
0,0,0,0,26,0.15,73.1,3.8,227,2026-09-09 02:15:00,PT5M,0.0,0.0,0.0,0.0,0.0
0,0,0,0,26,0.15,73.2,3.8,227,2026-09-09 02:20:00,PT5M,0.0,0.0,0.0,0.0,0.0
0,0,0,0,26,0.15,73.3,3.8,227,2026-09-09 02:25:00,PT5M,0.0,0.0,0.0,0.0,0.0
0,0,0,0,26,0.15,73.4,3.8,227,2026-09-09 02:30:00,PT5M,0.0,0.0,0.0,0.0,0.0
0,0,0,0,26,0.15,73.5,3.8,227,2026-09-09 02:35:00,PT5M,0.0,0.0,0.0,0.0,0.0
0,0,0,0,26,0.15,73.6,3.8,227,2026-09-09 02:40:00,PT5M,0.0,0.0,0.0,0.0,0.0
0,0,0,0,26,0.15,73.7,3.8,227,2026-09-09 02:45:00,PT5M,0.0,0.0,0.0,0.0,0.0
0,0,0,0,26,0.15,73.7,3.8,227,2026-09-09 02:50:00,PT5M,0.0,0.0,0.0,0.0,0.0
0,0,0,0,26,0.15,73.8,3.8,227,2026-09-09 02:55:00,PT5M,0.0,0.0,0.0,0.0,0.0
0,0,0,0,26,0.15,73.9,3.8,227,2026-09-09 03:00:00,PT5M,0.0,0.0,0.0,0.0,0.0
0,0,0,0,26,0.15,74.0,3.8,228,2026-09-09 03:05:00,PT5M,0.0,0.0,0.0,0.0,0.0
0,0,0,0,26,0.15,74.1,3.8,228,2026-09-09 03:10:00,PT5M,0.0,0.0,0.0,0.0,0.0
0,0,0,0,26,0.15,74.2,3.8,228,2026-09-09 03:15:00,PT5M,0.0,0.0,0.0,0.0,0.0
0,0,0,0,25,0.15,74.3,3.8,228,2026-09-09 03:20:00,PT5M,0.0,0.0,0.0,0.0,0.0
0,0,0,0,25,0.15,74.4,3.8,228,2026-09-09 03:25:00,PT5M,0.0,0.0,0.0,0.0,0.0
0,0,0,0,25,0.15,74.4,3.8,228,2026-09-09 03:30:00,PT5M,0.0,0.0,0.0,0.0,0.0
0,0,0,0,25,0.15,74.5,3.8,228,2026-09-09 03:35:00,PT5M,0.0,0.0,0.0,0.0,0.0
0,0,0,0,25,0.15,74.6,3.8,228,2026-09-09 03:40:00,PT5M,0.0,0.0,0.0,0.0,0.0
0,0,0,0,25,0.15,74.7,3.8,228,2026-09-09 03:45:00,PT5M,0.0,0.0,0.0,0.0,0.0
0,0,0,0,25,0.15,74.8,3.8,228,2026-09-09 03:50:00,PT5M,0.0,0.0,0.0,0.0,0.0
0,0,0,0,25,0.15,74.9,3.8,228,2026-09-09 03:55:00,PT5M,0.0,0.0,0.0,0.0,0.0
0,0,0,0,25,0.15,75.0,3.8,228,2026-09-09 04:00:00,PT5M,0.0,0.0,0.0,0.0,0.0
0,0,0,0,25,0.15,75.0,3.8,228,2026-09-09 04:05:00,PT5M,0.0,0.0,0.0,0.0,0.0
0,0,0,0,25,0.15,75.1,3.7,228,2026-09-09 04:10:00,PT5M,0.0,0.0,0.0,0.0,0.0
0,0,0,0,25,0.15,75.2,3.7,228,2026-09-09 04:15:00,PT5M,0.0,0.0,0.0,0.0,0.0
0,0,0,0,25,0.15,75.3,3.7,228,2026-09-09 04:20:00,PT5M,0.0,0.0,0.0,0.0,0.0
0,0,0,0,25,0.15,75.4,3.7,229,2026-09-09 04:25:00,PT5M,0.0,0.0,0.0,0.0,0.0
0,0,0,0,25,0.15,75.5,3.7,229,2026-09-09 04:30:00,PT5M,0.0,0.0,0.0,0.0,0.0
0,0,0,0,25,0.15,75.6,3.7,229,2026-09-09 04:35:00,PT5M,0.0,0.0,0.0,0.0,0.0
0,0,0,0,25,0.15,75.7,3.7,229,2026-09-09 04:40:00,PT5M,0.0,0.0,0.0,0.0,0.0
0,0,0,0,25,0.15,75.7,3.7,229,2026-09-09 04:45:00,PT5M,0.0,0.0,0.0,0.0,0.0
0,0,0,0,25,0.15,75.8,3.7,229,2026-09-09 04:50:00,PT5M,0.0,0.0,0.0,0.0,0.0
0,0,0,0,25,0.15,75.9,3.7,229,2026-09-09 04:55:00,PT5M,0.0,0.0,0.0,0.0,0.0
0,0,0,0,25,0.15,76.0,3.7,229,2026-09-09 05:00:00,PT5M,0.0,0.0,0.0,0.0,0.0
0,0,0,0,25,0.15,76.1,3.7,229,2026-09-09 05:05:00,PT5M,0.0,0.0,0.0,0.0,0.0
0,0,0,0,25,0.15,76.2,3.7,229,2026-09-09 05:10:00,PT5M,0.0,0.0,0.0,0.0,0.0
0,0,0,0,25,0.15,76.3,3.7,229,2026-09-09 05:15:00,PT5M,0.0,0.0,0.0,0.0,0.0
0,0,0,0,25,0.15,76.4,3.7,229,2026-09-09 05:20:00,PT5M,0.0,0.0,0.0,0.0,0.0
0,0,0,0,25,0.15,76.5,3.7,229,2026-09-09 05:25:00,PT5M,0.0,0.0,0.0,0.0,0.0
0,0,0,0,25,0.15,76.5,3.7,229,2026-09-09 05:30:00,PT5M,0.0,0.0,0.0,0.0,0.0
0,0,0,0,25,0.15,76.1,3.7,230,2026-09-09 05:35:00,PT5M,0.0,0.0,0.0,0.0,0.0
0,0,0,0,25,0.15,75.3,3.7,230,2026-09-09 05:40:00,PT5M,0.0,0.0,0.0,0.0,0.0
0,0,0,0,25,0.15,74.4,3.7,230,2026-09-09 05:45:00,PT5M,0.0,0.0,0.0,0.0,0.0
0,0,0,0,26,0.15,73.5,3.7,230,2026-09-09 05:50:00,PT5M,0.0,0.0,0.0,0.0,0.0
0,0,0,0,26,0.15,72.7,3.7,231,2026-09-09 05:55:00,PT5M,0.0,0.0,0.0,0.0,0.0
0,0,0,0,26,0.15,71.8,3.7,231,2026-09-09 06:00:00,PT5M,0.0,0.0,0.0,0.0,0.0
4,4,0,4,26,0.15,71.0,3.8,231,2026-09-09 06:05:00,PT5M,0.0,0.0,0.0,0.0,0.0
12,12,0,12,26,0.15,70.2,3.8,232,2026-09-09 06:10:00,PT5M,1.003,1.529,1.2798,0.7262,0.477
22,22,0,22,26,0.15,69.4,3.8,232,2026-09-09 06:15:00,PT5M,2.233,3.2115,2.748,1.718,1.2545
31,32,20,30,26,0.15,68.6,3.8,232,2026-09-09 06:20:00,PT5M,3.752,5.523,4.6841,2.8199,1.981
43,44,51,38,27,0.15,67.8,3.8,232,2026-09-09 06:25:00,PT5M,5.766,8.5695,7.2415,4.2905,2.9625
55,56,81,46,27,0.15,67.0,3.8,233,2026-09-09 06:30:00,PT5M,8.207,12.238,10.3285,6.0855,4.176
69,70,114,54,27,0.15,66.2,3.8,233,2026-09-09 06:35:00,PT5M,11.258,16.6675,14.1051,8.4109,5.8485
84,86,147,61,27,0.15,65.5,3.8,233,2026-09-09 06:40:00,PT5M,14.577,21.475,18.2075,10.9465,7.679
99,102,180,68,27,0.15,64.7,3.8,234,2026-09-09 06:45:00,PT5M,18.136,26.558,22.5686,13.7034,9.714
116,119,213,75,27,0.15,64.0,3.8,234,2026-09-09 06:50:00,PT5M,21.95,31.8855,27.1791,16.7209,12.0145
133,137,244,81,27,0.15,63.2,3.9,234,2026-09-09 06:55:00,PT5M,25.937,37.415,31.978,19.896,14.459
151,155,274,86,28,0.15,62.5,3.9,234,2026-09-09 07:00:00,PT5M,30.138,43.241,37.0342,23.2418,17.035
169,173,299,92,28,0.15,61.8,3.9,235,2026-09-09 07:05:00,PT5M,34.381,49.239,42.2009,26.5611,19.523
187,192,320,98,28,0.15,61.1,3.9,235,2026-09-09 07:10:00,PT5M,38.595,55.3135,47.3941,29.7959,21.8765
205,210,339,104,28,0.15,60.4,3.9,235,2026-09-09 07:15:00,PT5M,42.889,61.5125,52.6907,33.0873,24.2655
224,228,357,109,28,0.15,59.7,3.9,235,2026-09-09 07:20:00,PT5M,47.225,67.784,58.0453,36.4047,26.666
242,247,374,115,28,0.15,59.0,3.9,236,2026-09-09 07:25:00,PT5M,51.562,74.0805,63.4136,39.7104,29.0435
261,266,390,120,28,0.15,58.3,3.9,236,2026-09-09 07:30:00,PT5M,55.902,80.442,68.8176,42.9864,31.362
279,284,404,125,29,0.15,57.6,3.9,236,2026-09-09 07:35:00,PT5M,60.244,86.772,74.2059,46.2821,33.716
298,303,418,130,29,0.15,57.0,4.0,236,2026-09-09 07:40:00,PT5M,64.604,93.1615,79.634,49.574,36.0465
316,322,431,135,29,0.15,56.3,4.0,237,2026-09-09 07:45:00,PT5M,68.794,99.3205,84.8603,52.7277,38.2675
335,340,444,139,29,0.15,55.7,4.0,237,2026-09-09 07:50:00,PT5M,70.995,100.0,87.3689,54.6211,39.884
354,359,457,144,29,0.15,55.1,4.0,237,2026-09-09 07:55:00,PT5M,73.094,100.0,89.75,56.438,41.447
372,377,468,148,29,0.15,54.4,4.0,237,2026-09-09 08:00:00,PT5M,75.087,100.0,91.9986,58.1754,42.9545
391,396,480,152,29,0.15,53.8,4.0,238,2026-09-09 08:05:00,PT5M,76.995,100.0,94.1397,59.8503,44.4195
409,414,491,155,30,0.15,53.2,4.0,238,2026-09-09 08:10:00,PT5M,78.801,100.0,96.1502,61.4518,45.837
427,433,501,159,30,0.15,52.6,4.0,238,2026-09-09 08:15:00,PT5M,80.462,100.0,97.9757,62.9483,47.1855
445,451,511,162,30,0.15,52.0,4.1,238,2026-09-09 08:20:00,PT5M,81.97,100.0,99.6047,64.3353,48.4635
463,469,521,166,30,0.15,51.4,4.1,239,2026-09-09 08:25:00,PT5M,83.3,100.0,100.0,65.5971,49.664
481,486,530,169,30,0.15,50.8,4.1,239,2026-09-09 08:30:00,PT5M,84.493,100.0,100.0,66.762,50.8035
498,504,538,172,30,0.15,50.2,4.1,239,2026-09-09 08:35:00,PT5M,85.594,100.0,100.0,67.8503,51.8805
515,521,546,175,31,0.15,49.5,4.1,239,2026-09-09 08:40:00,PT5M,86.676,100.0,100.0,68.93,52.958
532,537,553,178,31,0.15,48.8,4.0,239,2026-09-09 08:45:00,PT5M,87.628,100.0,100.0,69.8922,53.9295
549,554,560,181,31,0.15,48.1,4.0,240,2026-09-09 08:50:00,PT5M,88.519,100.0,100.0,70.7998,54.852
565,570,567,184,31,0.15,47.4,4.0,240,2026-09-09 08:55:00,PT5M,89.361,100.0,100.0,71.6671,55.742
581,586,573,186,31,0.15,46.7,4.0,240,2026-09-09 09:00:00,PT5M,90.156,100.0,100.0,72.4939,56.5975
597,602,580,189,31,0.15,46.1,4.0,240,2026-09-09 09:05:00,PT5M,90.962,100.0,100.0,73.3165,57.435
613,618,588,190,32,0.15,45.4,4.0,240,2026-09-09 09:10:00,PT5M,91.804,100.0,100.0,74.2132,58.381
629,634,595,192,32,0.15,44.8,3.9,240,2026-09-09 09:15:00,PT5M,92.605,100.0,100.0,75.1977,59.5305
645,650,603,193,32,0.15,44.2,3.9,240,2026-09-09 09:20:00,PT5M,93.367,100.0,100.0,76.1689,60.69
660,665,610,194,32,0.15,43.6,3.9,241,2026-09-09 09:25:00,PT5M,94.092,100.0,100.0,77.0978,61.8025
675,680,617,196,32,0.15,43.0,3.9,241,2026-09-09 09:30:00,PT5M,94.782,100.0,100.0,77.9865,62.87
689,694,624,197,32,0.15,42.4,3.9,241,2026-09-09 09:35:00,PT5M,95.439,100.0,100.0,78.8366,63.894
704,709,630,198,33,0.15,41.8,3.9,241,2026-09-09 09:40:00,PT5M,96.065,100.0,100.0,79.6503,64.8765
717,722,636,198,33,0.15,41.2,3.9,241,2026-09-09 09:45:00,PT5M,96.639,100.0,100.0,80.4043,65.7925
730,735,641,200,33,0.15,40.6,3.8,241,2026-09-09 09:50:00,PT5M,97.143,100.0,100.0,81.0788,66.6205
743,748,646,201,33,0.15,40.0,3.8,242,2026-09-09 09:55:00,PT5M,97.621,100.0,100.0,81.721,67.4105
755,760,651,202,33,0.15,39.5,3.8,242,2026-09-09 10:00:00,PT5M,98.075,100.0,100.0,82.3332,68.165
767,772,655,203,34,0.15,38.9,3.8,242,2026-09-09 10:05:00,PT5M,98.493,100.0,100.0,82.8985,68.863
779,783,658,204,34,0.15,38.4,3.8,242,2026-09-09 10:10:00,PT5M,98.875,100.0,100.0,83.4203,69.5105
790,794,662,205,34,0.15,37.9,3.8,242,2026-09-09 10:15:00,PT5M,99.234,100.0,100.0,83.9119,70.1215
800,805,665,206,34,0.15,37.3,3.7,242,2026-09-09 10:20:00,PT5M,99.569,100.0,100.0,84.3729,70.696
810,815,668,207,34,0.15,36.8,3.7,242,2026-09-09 10:25:00,PT5M,99.883,100.0,100.0,84.8067,71.2375
820,825,672,208,34,0.15,36.3,3.7,243,2026-09-09 10:30:00,PT5M,100.0,100.0,100.0,85.0376,71.571
829,833,673,210,35,0.15,35.8,3.7,243,2026-09-09 10:35:00,PT5M,100.0,100.0,100.0,85.1345,71.755
837,841,674,211,35,0.15,35.3,3.7,243,2026-09-09 10:40:00,PT5M,100.0,100.0,100.0,85.2142,71.9065
844,848,674,213,35,0.15,34.8,3.7,243,2026-09-09 10:45:00,PT5M,100.0,100.0,100.0,85.2871,72.045
851,855,674,215,35,0.15,34.3,3.7,243,2026-09-09 10:50:00,PT5M,100.0,100.0,100.0,85.3529,72.17
857,861,674,217,35,0.15,33.9,3.6,244,2026-09-09 10:55:00,PT5M,100.0,100.0,100.0,85.4092,72.277
863,867,674,219,35,0.15,33.4,3.6,244,2026-09-09 11:00:00,PT5M,100.0,100.0,100.0,85.451,72.3565
868,873,674,220,36,0.15,32.9,3.6,244,2026-09-09 11:05:00,PT5M,100.0,100.0,100.0,85.4742,72.4005
873,877,674,222,36,0.15,32.5,3.6,244,2026-09-09 11:10:00,PT5M,100.0,100.0,100.0,85.5071,72.463
878,882,673,224,36,0.15,32.0,3.6,244,2026-09-09 11:15:00,PT5M,100.0,100.0,100.0,85.5416,72.5285
881,886,673,225,36,0.15,31.6,3.6,244,2026-09-09 11:20:00,PT5M,100.0,100.0,100.0,85.5613,72.566
885,889,672,227,36,0.15,31.2,3.6,245,2026-09-09 11:25:00,PT5M,100.0,100.0,100.0,85.5692,72.581
888,892,671,228,37,0.15,30.7,3.5,245,2026-09-09 11:30:00,PT5M,100.0,100.0,100.0,85.5692,72.581
889,893,668,231,37,0.15,30.5,3.5,245,2026-09-09 11:35:00,PT5M,100.0,100.0,100.0,85.5639,72.571
889,893,662,235,37,0.15,30.4,3.6,244,2026-09-09 11:40:00,PT5M,100.0,100.0,100.0,85.5544,72.553
887,892,655,238,37,0.15,30.3,3.6,244,2026-09-09 11:45:00,PT5M,99.912,100.0,100.0,85.4493,72.4325
886,890,648,243,37,0.15,30.2,3.6,244,2026-09-09 11:50:00,PT5M,99.539,100.0,100.0,85.0479,72.0055
883,887,641,247,37,0.15,30.1,3.6,244,2026-09-09 11:55:00,PT5M,99.149,100.0,100.0,84.6227,71.5485
880,884,634,251,37,0.15,30.0,3.6,243,2026-09-09 12:00:00,PT5M,98.743,100.0,100.0,84.1743,71.062
877,881,626,255,37,0.15,29.9,3.6,243,2026-09-09 12:05:00,PT5M,98.337,100.0,100.0,83.718,70.5605
873,877,618,259,37,0.15,29.8,3.6,243,2026-09-09 12:10:00,PT5M,97.989,100.0,100.0,83.3124,70.103
869,873,610,263,37,0.15,29.7,3.7,243,2026-09-09 12:15:00,PT5M,97.625,100.0,100.0,82.8839,69.6165
864,868,603,267,37,0.15,29.6,3.7,242,2026-09-09 12:20:00,PT5M,97.241,100.0,100.0,82.4289,69.0975
858,862,594,270,37,0.15,29.5,3.7,242,2026-09-09 12:25:00,PT5M,96.828,100.0,100.0,81.9372,68.535
852,856,585,274,37,0.15,29.5,3.7,242,2026-09-09 12:30:00,PT5M,96.362,100.0,100.0,81.3828,67.901
846,850,578,277,37,0.15,29.4,3.7,241,2026-09-09 12:35:00,PT5M,95.933,100.0,100.0,80.8477,67.2705
840,844,571,280,37,0.15,29.3,3.7,241,2026-09-09 12:40:00,PT5M,95.54,100.0,100.0,80.3321,66.6445
834,838,564,282,37,0.15,29.2,3.8,241,2026-09-09 12:45:00,PT5M,95.126,100.0,100.0,79.7897,65.9865
827,831,558,284,37,0.15,29.1,3.8,241,2026-09-09 12:50:00,PT5M,94.689,100.0,100.0,79.2182,65.294
820,823,551,286,37,0.15,29.0,3.8,240,2026-09-09 12:55:00,PT5M,94.224,100.0,100.0,78.6045,64.5465
812,816,544,288,37,0.15,28.9,3.8,240,2026-09-09 13:00:00,PT5M,93.733,100.0,100.0,77.9598,63.7635
804,808,537,289,37,0.15,28.8,3.8,240,2026-09-09 13:05:00,PT5M,93.238,100.0,100.0,77.3206,62.9945
796,799,531,290,38,0.15,28.7,3.8,240,2026-09-09 13:10:00,PT5M,92.811,100.0,100.0,76.7542,62.3025
787,791,524,291,38,0.15,28.6,3.8,239,2026-09-09 13:15:00,PT5M,92.268,100.0,100.0,76.0522,61.4575
778,782,518,292,38,0.15,28.5,3.9,239,2026-09-09 13:20:00,PT5M,91.694,100.0,100.0,75.3124,60.5685
768,772,511,292,38,0.15,28.5,3.9,239,2026-09-09 13:25:00,PT5M,91.091,100.0,100.0,74.5389,59.6415
758,762,505,292,38,0.15,28.4,3.9,239,2026-09-09 13:30:00,PT5M,90.461,100.0,100.0,73.735,58.681
748,752,498,292,38,0.15,28.3,3.9,238,2026-09-09 13:35:00,PT5M,89.803,100.0,100.0,72.9106,57.707
738,741,491,292,38,0.15,28.2,3.9,238,2026-09-09 13:40:00,PT5M,89.118,100.0,100.0,72.067,56.7205
727,731,484,292,38,0.15,28.1,3.9,238,2026-09-09 13:45:00,PT5M,88.405,100.0,100.0,71.1919,55.6995
716,719,477,291,38,0.15,28.0,4.0,238,2026-09-09 13:50:00,PT5M,87.67,100.0,100.0,70.2921,54.6515
704,708,471,291,38,0.15,27.9,4.0,238,2026-09-09 13:55:00,PT5M,86.906,100.0,100.0,69.3597,53.5675
692,696,464,290,38,0.15,27.8,4.0,237,2026-09-09 14:00:00,PT5M,86.112,100.0,100.0,68.3939,52.447
680,684,457,289,38,0.15,27.8,4.0,237,2026-09-09 14:05:00,PT5M,85.287,100.0,100.0,67.3931,51.288
668,671,450,287,38,0.15,27.7,4.0,237,2026-09-09 14:10:00,PT5M,84.43,100.0,100.0,66.3561,50.089
655,659,443,286,38,0.15,27.6,4.0,237,2026-09-09 14:15:00,PT5M,83.543,100.0,100.0,65.2846,48.8515
642,646,435,284,38,0.15,27.5,4.1,236,2026-09-09 14:20:00,PT5M,82.625,100.0,100.0,64.1795,47.578
629,632,428,282,38,0.15,27.4,4.1,236,2026-09-09 14:25:00,PT5M,81.676,100.0,100.0,63.0408,46.2685
615,618,420,280,38,0.15,27.3,4.1,236,2026-09-09 14:30:00,PT5M,80.637,100.0,99.468,61.806,44.8575
598,602,406,280,38,0.15,27.4,4.1,236,2026-09-09 14:35:00,PT5M,79.191,100.0,98.1862,60.1958,43.0995
579,583,387,281,38,0.15,27.7,4.2,235,2026-09-09 14:40:00,PT5M,77.327,100.0,96.4775,58.1765,40.9405
560,563,368,282,38,0.15,28.0,4.2,234,2026-09-09 14:45:00,PT5M,75.415,100.0,94.711,56.119,38.752
541,544,349,282,38,0.15,28.3,4.3,233,2026-09-09 14:50:00,PT5M,73.44,100.0,92.872,54.008,36.5185
522,525,331,281,38,0.15,28.6,4.3,233,2026-09-09 14:55:00,PT5M,71.439,100.0,90.9963,51.8817,34.2795
503,507,313,280,37,0.15,28.9,4.3,232,2026-09-09 15:00:00,PT5M,69.389,100.0,89.06,49.718,32.0135
484,487,295,279,37,0.15,29.1,4.4,231,2026-09-09 15:05:00,PT5M,67.236,100.0,86.9704,47.5016,29.74
466,469,277,277,37,0.15,29.4,4.4,231,2026-09-09 15:10:00,PT5M,65.077,100.0,84.8669,45.2871,27.4755
447,450,260,274,37,0.15,29.7,4.5,230,2026-09-09 15:15:00,PT5M,62.866,100.0,82.6949,43.0371,25.1905
429,432,243,272,37,0.15,30.1,4.5,230,2026-09-09 15:20:00,PT5M,60.598,98.314,80.4482,40.7478,22.882
411,414,226,268,37,0.15,30.4,4.6,229,2026-09-09 15:25:00,PT5M,58.314,96.0355,78.1671,38.4609,20.5925
393,396,209,264,37,0.15,30.7,4.6,228,2026-09-09 15:30:00,PT5M,55.917,93.6125,75.7564,36.0776,18.2215
376,379,196,259,36,0.15,31.0,4.7,228,2026-09-09 15:35:00,PT5M,53.728,91.336,73.5214,33.9346,16.12
360,363,184,254,36,0.15,31.3,4.7,227,2026-09-09 15:40:00,PT5M,51.742,89.1775,71.4446,32.0394,14.3065
345,347,173,248,36,0.15,31.6,4.8,227,2026-09-09 15:45:00,PT5M,49.686,86.891,69.2673,30.1047,12.481
329,331,161,241,36,0.15,32.0,4.8,226,2026-09-09 15:50:00,PT5M,47.57,84.4265,66.9678,28.1722,10.7135
313,315,150,235,36,0.15,32.3,4.9,226,2026-09-09 15:55:00,PT5M,45.37,81.783,64.5344,26.2056,8.957
298,300,138,228,36,0.15,32.6,4.9,225,2026-09-09 16:00:00,PT5M,43.093,78.969,61.9748,24.2112,7.217
282,284,127,221,36,0.15,33.0,5.0,225,2026-09-09 16:05:00,PT5M,40.827,76.1255,59.4049,22.2491,5.5285
267,269,116,213,35,0.15,33.3,5.0,224,2026-09-09 16:10:00,PT5M,38.585,73.28,56.8452,20.3248,3.89
252,254,106,205,35,0.15,33.6,5.1,224,2026-09-09 16:15:00,PT5M,36.513,70.544,54.4238,18.6022,2.482
237,239,95,196,35,0.15,34.0,5.1,223,2026-09-09 16:20:00,PT5M,34.172,67.4815,51.703,16.641,0.8625
222,224,85,188,35,0.15,34.3,5.2,223,2026-09-09 16:25:00,PT5M,31.765,63.82,48.6358,14.8942,0.0
208,209,74,179,35,0.15,34.7,5.2,222,2026-09-09 16:30:00,PT5M,29.236,59.065,44.9352,13.5368,0.0
194,195,65,170,35,0.15,35.1,5.3,222,2026-09-09 16:35:00,PT5M,26.85,54.5375,41.4221,12.2779,0.0
180,182,56,161,35,0.15,35.4,5.3,222,2026-09-09 16:40:00,PT5M,24.611,50.1695,38.0626,11.1594,0.0
167,168,47,152,34,0.15,35.8,5.4,221,2026-09-09 16:45:00,PT5M,22.382,45.8555,34.7363,10.0277,0.0
154,155,38,142,34,0.15,36.2,5.5,221,2026-09-09 16:50:00,PT5M,20.167,41.5635,31.4281,8.9059,0.0
141,141,29,133,34,0.15,36.5,5.5,220,2026-09-09 16:55:00,PT5M,17.97,37.3095,28.1485,7.7915,0.0
128,128,18,123,34,0.15,36.9,5.6,220,2026-09-09 17:00:00,PT5M,15.931,33.247,25.0445,6.8175,0.0
115,115,8,113,34,0.15,37.3,5.6,219,2026-09-09 17:05:00,PT5M,13.866,29.225,21.9496,5.7824,0.0
102,102,0,102,34,0.15,37.7,5.7,219,2026-09-09 17:10:00,PT5M,11.972,25.48,19.0814,4.8626,0.0
89,89,0,89,34,0.15,38.1,5.7,219,2026-09-09 17:15:00,PT5M,10.482,22.2385,16.6695,4.2945,0.0
77,77,0,77,34,0.15,38.5,5.8,218,2026-09-09 17:20:00,PT5M,8.915,18.9735,14.2089,3.6211,0.0
65,65,0,65,33,0.15,38.9,5.8,218,2026-09-09 17:25:00,PT5M,7.487,15.884,11.9064,3.0676,0.0
54,54,0,54,33,0.15,39.3,5.9,218,2026-09-09 17:30:00,PT5M,6.192,12.967,9.7577,2.6263,0.0
44,44,0,44,33,0.15,39.8,5.9,217,2026-09-09 17:35:00,PT5M,4.907,10.1115,7.6462,2.1678,0.0
35,35,0,35,33,0.15,40.3,5.8,218,2026-09-09 17:40:00,PT5M,3.688,7.508,5.6985,1.6775,0.0
26,26,0,26,33,0.15,40.8,5.8,218,2026-09-09 17:45:00,PT5M,2.671,5.3505,4.0812,1.2608,0.0
19,19,0,19,33,0.15,41.3,5.7,218,2026-09-09 17:50:00,PT5M,1.75,3.433,2.6358,0.8642,0.067
12,12,0,12,32,0.15,41.8,5.7,218,2026-09-09 17:55:00,PT5M,0.9,1.828,1.3884,0.4116,0.0
6,6,0,6,32,0.15,42.4,5.6,218,2026-09-09 18:00:00,PT5M,0.096,0.394,0.2528,0.0,0.0
1,1,0,1,32,0.15,42.9,5.6,218,2026-09-09 18:05:00,PT5M,0.0,0.0,0.0,0.0,0.0
0,0,0,0,32,0.15,43.5,5.5,218,2026-09-09 18:10:00,PT5M,0.0,0.0,0.0,0.0,0.0
0,0,0,0,32,0.15,44.1,5.4,218,2026-09-09 18:15:00,PT5M,0.0,0.0,0.0,0.0,0.0
0,0,0,0,32,0.15,44.6,5.4,218,2026-09-09 18:20:00,PT5M,0.0,0.0,0.0,0.0,0.0
0,0,0,0,32,0.15,45.2,5.3,218,2026-09-09 18:25:00,PT5M,0.0,0.0,0.0,0.0,0.0
0,0,0,0,31,0.15,45.8,5.3,218,2026-09-09 18:30:00,PT5M,0.0,0.0,0.0,0.0,0.0
0,0,0,0,31,0.15,46.4,5.2,218,2026-09-09 18:35:00,PT5M,0.0,0.0,0.0,0.0,0.0
0,0,0,0,31,0.15,47.0,5.2,218,2026-09-09 18:40:00,PT5M,0.0,0.0,0.0,0.0,0.0
0,0,0,0,31,0.15,47.6,5.1,218,2026-09-09 18:45:00,PT5M,0.0,0.0,0.0,0.0,0.0
0,0,0,0,31,0.15,48.2,5.1,218,2026-09-09 18:50:00,PT5M,0.0,0.0,0.0,0.0,0.0
0,0,0,0,31,0.15,48.8,5.0,218,2026-09-09 18:55:00,PT5M,0.0,0.0,0.0,0.0,0.0
0,0,0,0,31,0.15,49.5,4.9,218,2026-09-09 19:00:00,PT5M,0.0,0.0,0.0,0.0,0.0
0,0,0,0,30,0.15,50.1,4.9,218,2026-09-09 19:05:00,PT5M,0.0,0.0,0.0,0.0,0.0
0,0,0,0,30,0.15,50.8,4.8,218,2026-09-09 19:10:00,PT5M,0.0,0.0,0.0,0.0,0.0
0,0,0,0,30,0.15,51.4,4.8,219,2026-09-09 19:15:00,PT5M,0.0,0.0,0.0,0.0,0.0
0,0,0,0,30,0.15,52.1,4.7,219,2026-09-09 19:20:00,PT5M,0.0,0.0,0.0,0.0,0.0
0,0,0,0,30,0.15,52.8,4.7,219,2026-09-09 19:25:00,PT5M,0.0,0.0,0.0,0.0,0.0
0,0,0,0,30,0.15,53.5,4.6,219,2026-09-09 19:30:00,PT5M,0.0,0.0,0.0,0.0,0.0
0,0,0,0,29,0.15,54.2,4.5,219,2026-09-09 19:35:00,PT5M,0.0,0.0,0.0,0.0,0.0
0,0,0,0,29,0.15,54.9,4.5,219,2026-09-09 19:40:00,PT5M,0.0,0.0,0.0,0.0,0.0
0,0,0,0,29,0.15,55.6,4.4,219,2026-09-09 19:45:00,PT5M,0.0,0.0,0.0,0.0,0.0
0,0,0,0,29,0.15,56.3,4.4,219,2026-09-09 19:50:00,PT5M,0.0,0.0,0.0,0.0,0.0
0,0,0,0,29,0.15,57.1,4.3,219,2026-09-09 19:55:00,PT5M,0.0,0.0,0.0,0.0,0.0
0,0,0,0,29,0.15,57.8,4.3,219,2026-09-09 20:00:00,PT5M,0.0,0.0,0.0,0.0,0.0
0,0,0,0,29,0.15,58.6,4.2,219,2026-09-09 20:05:00,PT5M,0.0,0.0,0.0,0.0,0.0
0,0,0,0,28,0.15,59.3,4.2,219,2026-09-09 20:10:00,PT5M,0.0,0.0,0.0,0.0,0.0
0,0,0,0,28,0.15,60.1,4.1,219,2026-09-09 20:15:00,PT5M,0.0,0.0,0.0,0.0,0.0
0,0,0,0,28,0.15,60.9,4.0,220,2026-09-09 20:20:00,PT5M,0.0,0.0,0.0,0.0,0.0
0,0,0,0,28,0.15,61.7,4.0,220,2026-09-09 20:25:00,PT5M,0.0,0.0,0.0,0.0,0.0
0,0,0,0,28,0.15,62.5,3.9,220,2026-09-09 20:30:00,PT5M,0.0,0.0,0.0,0.0,0.0
0,0,0,0,28,0.15,62.9,3.9,220,2026-09-09 20:35:00,PT5M,0.0,0.0,0.0,0.0,0.0
0,0,0,0,28,0.15,63.0,3.9,220,2026-09-09 20:40:00,PT5M,0.0,0.0,0.0,0.0,0.0
0,0,0,0,28,0.15,63.0,3.8,220,2026-09-09 20:45:00,PT5M,0.0,0.0,0.0,0.0,0.0
0,0,0,0,28,0.15,63.0,3.8,220,2026-09-09 20:50:00,PT5M,0.0,0.0,0.0,0.0,0.0
0,0,0,0,28,0.15,63.0,3.8,220,2026-09-09 20:55:00,PT5M,0.0,0.0,0.0,0.0,0.0
0,0,0,0,28,0.15,63.0,3.7,221,2026-09-09 21:00:00,PT5M,0.0,0.0,0.0,0.0,0.0
0,0,0,0,28,0.15,63.0,3.7,221,2026-09-09 21:05:00,PT5M,0.0,0.0,0.0,0.0,0.0
0,0,0,0,28,0.15,63.1,3.7,221,2026-09-09 21:10:00,PT5M,0.0,0.0,0.0,0.0,0.0
0,0,0,0,28,0.15,63.1,3.7,221,2026-09-09 21:15:00,PT5M,0.0,0.0,0.0,0.0,0.0
0,0,0,0,28,0.15,63.1,3.6,221,2026-09-09 21:20:00,PT5M,0.0,0.0,0.0,0.0,0.0
0,0,0,0,28,0.15,63.1,3.6,221,2026-09-09 21:25:00,PT5M,0.0,0.0,0.0,0.0,0.0
0,0,0,0,28,0.15,63.1,3.6,222,2026-09-09 21:30:00,PT5M,0.0,0.0,0.0,0.0,0.0
0,0,0,0,28,0.15,63.1,3.6,222,2026-09-09 21:35:00,PT5M,0.0,0.0,0.0,0.0,0.0
0,0,0,0,27,0.15,63.2,3.5,222,2026-09-09 21:40:00,PT5M,0.0,0.0,0.0,0.0,0.0
0,0,0,0,27,0.15,63.2,3.5,222,2026-09-09 21:45:00,PT5M,0.0,0.0,0.0,0.0,0.0
0,0,0,0,27,0.15,63.2,3.5,222,2026-09-09 21:50:00,PT5M,0.0,0.0,0.0,0.0,0.0
0,0,0,0,27,0.15,63.2,3.4,222,2026-09-09 21:55:00,PT5M,0.0,0.0,0.0,0.0,0.0
0,0,0,0,27,0.15,63.2,3.4,223,2026-09-09 22:00:00,PT5M,0.0,0.0,0.0,0.0,0.0
0,0,0,0,27,0.15,63.3,3.4,223,2026-09-09 22:05:00,PT5M,0.0,0.0,0.0,0.0,0.0
0,0,0,0,27,0.15,63.3,3.4,223,2026-09-09 22:10:00,PT5M,0.0,0.0,0.0,0.0,0.0
0,0,0,0,27,0.15,63.3,3.3,223,2026-09-09 22:15:00,PT5M,0.0,0.0,0.0,0.0,0.0
0,0,0,0,27,0.15,63.3,3.3,223,2026-09-09 22:20:00,PT5M,0.0,0.0,0.0,0.0,0.0
0,0,0,0,27,0.15,63.3,3.3,223,2026-09-09 22:25:00,PT5M,0.0,0.0,0.0,0.0,0.0
0,0,0,0,27,0.15,63.3,3.2,224,2026-09-09 22:30:00,PT5M,0.0,0.0,0.0,0.0,0.0
0,0,0,0,27,0.15,63.4,3.2,224,2026-09-09 22:35:00,PT5M,0.0,0.0,0.0,0.0,0.0
0,0,0,0,27,0.15,63.4,3.2,224,2026-09-09 22:40:00,PT5M,0.0,0.0,0.0,0.0,0.0
0,0,0,0,27,0.15,63.4,3.2,224,2026-09-09 22:45:00,PT5M,0.0,0.0,0.0,0.0,0.0
0,0,0,0,27,0.15,63.4,3.1,224,2026-09-09 22:50:00,PT5M,0.0,0.0,0.0,0.0,0.0
0,0,0,0,27,0.15,63.4,3.1,225,2026-09-09 22:55:00,PT5M,0.0,0.0,0.0,0.0,0.0
0,0,0,0,27,0.15,63.4,3.1,225,2026-09-09 23:00:00,PT5M,0.0,0.0,0.0,0.0,0.0
0,0,0,0,27,0.15,63.5,3.1,225,2026-09-09 23:05:00,PT5M,0.0,0.0,0.0,0.0,0.0
0,0,0,0,27,0.15,63.5,3.0,225,2026-09-09 23:10:00,PT5M,0.0,0.0,0.0,0.0,0.0
0,0,0,0,27,0.15,63.5,3.0,226,2026-09-09 23:15:00,PT5M,0.0,0.0,0.0,0.0,0.0
0,0,0,0,27,0.15,63.5,3.0,226,2026-09-09 23:20:00,PT5M,0.0,0.0,0.0,0.0,0.0
0,0,0,0,27,0.15,63.5,2.9,226,2026-09-09 23:25:00,PT5M,0.0,0.0,0.0,0.0,0.0
0,0,0,0,27,0.15,63.6,2.9,226,2026-09-09 23:30:00,PT5M,0.0,0.0,0.0,0.0,0.0
0,0,0,0,27,0.15,63.6,2.9,226,2026-09-09 23:35:00,PT5M,0.0,0.0,0.0,0.0,0.0
0,0,0,0,27,0.15,63.8,2.9,226,2026-09-09 23:40:00,PT5M,0.0,0.0,0.0,0.0,0.0
0,0,0,0,27,0.15,63.9,2.9,226,2026-09-09 23:45:00,PT5M,0.0,0.0,0.0,0.0,0.0
0,0,0,0,27,0.15,64.0,2.9,227,2026-09-09 23:50:00,PT5M,0.0,0.0,0.0,0.0,0.0
0,0,0,0,27,0.15,64.1,2.9,227,2026-09-09 23:55:00,PT5M,0.0,0.0,0.0,0.0,0.0
0,0,0,0,27,0.15,64.3,2.9,227,2026-09-10 00:00:00,PT5M,0.0,0.0,0.0,0.0,0.0
0,0,0,0,27,0.15,64.4,2.9,227,2026-09-10 00:05:00,PT5M,0.0,0.0,0.0,0.0,0.0
0,0,0,0,27,0.15,64.5,2.9,227,2026-09-10 00:10:00,PT5M,0.0,0.0,0.0,0.0,0.0
0,0,0,0,27,0.15,64.7,2.9,227,2026-09-10 00:15:00,PT5M,0.0,0.0,0.0,0.0,0.0
0,0,0,0,27,0.15,64.8,2.9,227,2026-09-10 00:20:00,PT5M,0.0,0.0,0.0,0.0,0.0
0,0,0,0,27,0.15,64.9,2.9,227,2026-09-10 00:25:00,PT5M,0.0,0.0,0.0,0.0,0.0
0,0,0,0,27,0.15,65.0,2.9,227,2026-09-10 00:30:00,PT5M,0.0,0.0,0.0,0.0,0.0
0,0,0,0,27,0.15,65.2,2.9,227,2026-09-10 00:35:00,PT5M,0.0,0.0,0.0,0.0,0.0
0,0,0,0,27,0.15,65.3,2.9,227,2026-09-10 00:40:00,PT5M,0.0,0.0,0.0,0.0,0.0
0,0,0,0,27,0.15,65.4,2.9,227,2026-09-10 00:45:00,PT5M,0.0,0.0,0.0,0.0,0.0
0,0,0,0,27,0.15,65.6,2.9,227,2026-09-10 00:50:00,PT5M,0.0,0.0,0.0,0.0,0.0
0,0,0,0,27,0.15,65.7,2.9,227,2026-09-10 00:55:00,PT5M,0.0,0.0,0.0,0.0,0.0
0,0,0,0,27,0.15,65.8,2.9,227,2026-09-10 01:00:00,PT5M,0.0,0.0,0.0,0.0,0.0
0,0,0,0,27,0.15,66.0,2.9,227,2026-09-10 01:05:00,PT5M,0.0,0.0,0.0,0.0,0.0
0,0,0,0,27,0.15,66.1,2.9,227,2026-09-10 01:10:00,PT5M,0.0,0.0,0.0,0.0,0.0
0,0,0,0,27,0.15,66.2,2.9,227,2026-09-10 01:15:00,PT5M,0.0,0.0,0.0,0.0,0.0
0,0,0,0,27,0.15,66.4,2.9,227,2026-09-10 01:20:00,PT5M,0.0,0.0,0.0,0.0,0.0
0,0,0,0,27,0.15,66.5,2.9,227,2026-09-10 01:25:00,PT5M,0.0,0.0,0.0,0.0,0.0
0,0,0,0,27,0.15,66.6,2.9,227,2026-09-10 01:30:00,PT5M,0.0,0.0,0.0,0.0,0.0
0,0,0,0,27,0.15,66.8,2.9,227,2026-09-10 01:35:00,PT5M,0.0,0.0,0.0,0.0,0.0
0,0,0,0,26,0.15,66.9,2.9,227,2026-09-10 01:40:00,PT5M,0.0,0.0,0.0,0.0,0.0
0,0,0,0,26,0.15,67.0,2.8,227,2026-09-10 01:45:00,PT5M,0.0,0.0,0.0,0.0,0.0
0,0,0,0,26,0.15,67.2,2.8,228,2026-09-10 01:50:00,PT5M,0.0,0.0,0.0,0.0,0.0
0,0,0,0,26,0.15,67.3,2.8,228,2026-09-10 01:55:00,PT5M,0.0,0.0,0.0,0.0,0.0
0,0,0,0,26,0.15,67.4,2.8,228,2026-09-10 02:00:00,PT5M,0.0,0.0,0.0,0.0,0.0
0,0,0,0,26,0.15,67.6,2.8,228,2026-09-10 02:05:00,PT5M,0.0,0.0,0.0,0.0,0.0
0,0,0,0,26,0.15,67.7,2.8,228,2026-09-10 02:10:00,PT5M,0.0,0.0,0.0,0.0,0.0
0,0,0,0,26,0.15,67.8,2.8,228,2026-09-10 02:15:00,PT5M,0.0,0.0,0.0,0.0,0.0
0,0,0,0,26,0.15,68.0,2.8,228,2026-09-10 02:20:00,PT5M,0.0,0.0,0.0,0.0,0.0
0,0,0,0,26,0.15,68.1,2.8,228,2026-09-10 02:25:00,PT5M,0.0,0.0,0.0,0.0,0.0
0,0,0,0,26,0.15,68.2,2.8,228,2026-09-10 02:30:00,PT5M,0.0,0.0,0.0,0.0,0.0
0,0,0,0,26,0.15,68.4,2.8,228,2026-09-10 02:35:00,PT5M,0.0,0.0,0.0,0.0,0.0
0,0,0,0,26,0.15,68.5,2.8,228,2026-09-10 02:40:00,PT5M,0.0,0.0,0.0,0.0,0.0
0,0,0,0,26,0.15,68.6,2.8,228,2026-09-10 02:45:00,PT5M,0.0,0.0,0.0,0.0,0.0
0,0,0,0,26,0.15,68.7,2.8,229,2026-09-10 02:50:00,PT5M,0.0,0.0,0.0,0.0,0.0
0,0,0,0,26,0.15,68.8,2.9,229,2026-09-10 02:55:00,PT5M,0.0,0.0,0.0,0.0,0.0
0,0,0,0,26,0.15,68.9,2.9,229,2026-09-10 03:00:00,PT5M,0.0,0.0,0.0,0.0,0.0
0,0,0,0,26,0.15,69.0,2.9,229,2026-09-10 03:05:00,PT5M,0.0,0.0,0.0,0.0,0.0
0,0,0,0,26,0.15,69.2,2.9,230,2026-09-10 03:10:00,PT5M,0.0,0.0,0.0,0.0,0.0
0,0,0,0,26,0.15,69.3,2.9,230,2026-09-10 03:15:00,PT5M,0.0,0.0,0.0,0.0,0.0
0,0,0,0,26,0.15,69.4,2.9,230,2026-09-10 03:20:00,PT5M,0.0,0.0,0.0,0.0,0.0
0,0,0,0,26,0.15,69.5,2.9,230,2026-09-10 03:25:00,PT5M,0.0,0.0,0.0,0.0,0.0
0,0,0,0,26,0.15,69.6,2.9,231,2026-09-10 03:30:00,PT5M,0.0,0.0,0.0,0.0,0.0
0,0,0,0,26,0.15,69.7,2.9,231,2026-09-10 03:35:00,PT5M,0.0,0.0,0.0,0.0,0.0
0,0,0,0,26,0.15,69.9,2.9,231,2026-09-10 03:40:00,PT5M,0.0,0.0,0.0,0.0,0.0
0,0,0,0,26,0.15,70.0,2.9,231,2026-09-10 03:45:00,PT5M,0.0,0.0,0.0,0.0,0.0
0,0,0,0,26,0.15,70.1,2.9,231,2026-09-10 03:50:00,PT5M,0.0,0.0,0.0,0.0,0.0
0,0,0,0,26,0.15,70.2,2.9,232,2026-09-10 03:55:00,PT5M,0.0,0.0,0.0,0.0,0.0
0,0,0,0,26,0.15,70.3,2.9,232,2026-09-10 04:00:00,PT5M,0.0,0.0,0.0,0.0,0.0
0,0,0,0,26,0.15,70.4,2.9,232,2026-09-10 04:05:00,PT5M,0.0,0.0,0.0,0.0,0.0
0,0,0,0,26,0.15,70.6,2.9,232,2026-09-10 04:10:00,PT5M,0.0,0.0,0.0,0.0,0.0
0,0,0,0,26,0.15,70.7,2.9,233,2026-09-10 04:15:00,PT5M,0.0,0.0,0.0,0.0,0.0
0,0,0,0,26,0.15,70.8,2.9,233,2026-09-10 04:20:00,PT5M,0.0,0.0,0.0,0.0,0.0
0,0,0,0,26,0.15,70.9,2.9,233,2026-09-10 04:25:00,PT5M,0.0,0.0,0.0,0.0,0.0
0,0,0,0,26,0.15,71.0,3.0,233,2026-09-10 04:30:00,PT5M,0.0,0.0,0.0,0.0,0.0
0,0,0,0,26,0.15,71.1,3.0,233,2026-09-10 04:35:00,PT5M,0.0,0.0,0.0,0.0,0.0
0,0,0,0,26,0.15,71.3,3.0,234,2026-09-10 04:40:00,PT5M,0.0,0.0,0.0,0.0,0.0
0,0,0,0,26,0.15,71.4,3.0,234,2026-09-10 04:45:00,PT5M,0.0,0.0,0.0,0.0,0.0
0,0,0,0,26,0.15,71.5,3.0,234,2026-09-10 04:50:00,PT5M,0.0,0.0,0.0,0.0,0.0
0,0,0,0,26,0.15,71.6,3.0,234,2026-09-10 04:55:00,PT5M,0.0,0.0,0.0,0.0,0.0
0,0,0,0,26,0.15,71.7,3.0,234,2026-09-10 05:00:00,PT5M,0.0,0.0,0.0,0.0,0.0
0,0,0,0,26,0.15,71.9,3.0,235,2026-09-10 05:05:00,PT5M,0.0,0.0,0.0,0.0,0.0
0,0,0,0,26,0.15,72.0,3.0,235,2026-09-10 05:10:00,PT5M,0.0,0.0,0.0,0.0,0.0
0,0,0,0,26,0.15,72.1,3.0,235,2026-09-10 05:15:00,PT5M,0.0,0.0,0.0,0.0,0.0
0,0,0,0,26,0.15,72.2,3.0,235,2026-09-10 05:20:00,PT5M,0.0,0.0,0.0,0.0,0.0
0,0,0,0,25,0.15,72.3,3.0,235,2026-09-10 05:25:00,PT5M,0.0,0.0,0.0,0.0,0.0
0,0,0,0,25,0.15,72.5,3.0,236,2026-09-10 05:30:00,PT5M,0.0,0.0,0.0,0.0,0.0
0,0,0,0,26,0.15,72.2,3.0,236,2026-09-10 05:35:00,PT5M,0.0,0.0,0.0,0.0,0.0
0,0,0,0,26,0.15,71.7,3.0,236,2026-09-10 05:40:00,PT5M,0.0,0.0,0.0,0.0,0.0
0,0,0,0,26,0.15,71.1,3.0,236,2026-09-10 05:45:00,PT5M,0.0,0.0,0.0,0.0,0.0
0,0,0,0,26,0.15,70.5,3.0,236,2026-09-10 05:50:00,PT5M,0.0,0.0,0.0,0.0,0.0
0,0,0,0,26,0.15,70.0,3.1,236,2026-09-10 05:55:00,PT5M,0.0,0.0,0.0,0.0,0.0
0,0,0,0,26,0.15,69.4,3.1,236,2026-09-10 06:00:00,PT5M,0.0,0.0,0.0,0.0,0.0
5,5,0,5,26,0.15,68.9,3.1,236,2026-09-10 06:05:00,PT5M,0.0,0.0115,0.0061,0.0,0.0
12,12,0,12,26,0.15,68.3,3.1,236,2026-09-10 06:10:00,PT5M,0.968,1.52,1.2585,0.6775,0.416
21,21,0,21,26,0.15,67.8,3.1,236,2026-09-10 06:15:00,PT5M,2.151,3.2035,2.7049,1.5971,1.0985
31,31,0,31,27,0.15,67.2,3.1,236,2026-09-10 06:20:00,PT5M,3.445,5.3885,4.4679,2.4221,1.5015
42,42,26,40,27,0.15,66.7,3.1,236,2026-09-10 06:25:00,PT5M,5.204,8.297,6.8319,3.5761,2.111
54,54,52,48,27,0.15,66.2,3.1,236,2026-09-10 06:30:00,PT5M,7.415,11.7955,9.7205,5.1095,3.0345
67,68,82,56,27,0.15,65.7,3.1,236,2026-09-10 06:35:00,PT5M,10.146,15.977,13.2149,7.0771,4.315
81,83,114,64,27,0.15,65.1,3.1,236,2026-09-10 06:40:00,PT5M,13.215,20.5925,17.0978,9.3322,5.8375
97,99,145,71,27,0.15,64.6,3.1,236,2026-09-10 06:45:00,PT5M,16.624,25.5645,21.3294,11.9186,7.6835
113,115,177,78,27,0.15,64.1,3.1,236,2026-09-10 06:50:00,PT5M,20.26,30.732,25.7715,14.7485,9.788
130,133,208,85,27,0.15,63.6,3.1,236,2026-09-10 06:55:00,PT5M,24.096,36.1215,30.4251,17.7669,12.0705
148,151,238,91,27,0.15,63.1,3.1,236,2026-09-10 07:00:00,PT5M,28.178,41.8325,35.3645,20.9915,14.5235
165,169,265,97,28,0.15,62.6,3.1,236,2026-09-10 07:05:00,PT5M,32.329,47.7505,40.4454,24.2126,16.9075
183,187,288,103,28,0.15,62.1,3.1,236,2026-09-10 07:10:00,PT5M,36.583,53.882,45.6876,27.4784,19.284
202,206,311,108,28,0.15,61.6,3.1,236,2026-09-10 07:15:00,PT5M,40.965,60.22,51.099,30.831,21.71
220,224,333,113,28,0.15,61.2,3.2,236,2026-09-10 07:20:00,PT5M,45.465,66.66,56.6201,34.3099,24.27
239,243,354,118,28,0.15,60.7,3.2,236,2026-09-10 07:25:00,PT5M,49.993,73.145,62.1781,37.8079,26.841
258,263,374,122,28,0.15,60.2,3.2,236,2026-09-10 07:30:00,PT5M,54.577,79.696,67.7973,41.3567,29.458
277,282,393,127,28,0.15,59.7,3.2,236,2026-09-10 07:35:00,PT5M,59.146,86.252,73.4121,44.8799,32.04
296,301,410,131,28,0.15,59.3,3.2,236,2026-09-10 07:40:00,PT5M,63.701,92.846,79.0402,48.3618,34.556
315,320,426,135,28,0.15,58.8,3.2,236,2026-09-10 07:45:00,PT5M,68.046,99.1095,84.3949,51.6971,36.9825
335,339,443,138,29,0.15,58.3,3.2,236,2026-09-10 07:50:00,PT5M,70.526,100.0,87.146,53.906,38.9475
354,359,459,142,29,0.15,57.9,3.2,236,2026-09-10 07:55:00,PT5M,72.909,100.0,89.774,56.044,40.865
373,378,474,145,29,0.15,57.4,3.2,236,2026-09-10 08:00:00,PT5M,75.188,100.0,92.2701,58.1059,42.7315
392,397,489,148,29,0.15,57.0,3.2,236,2026-09-10 08:05:00,PT5M,77.322,100.0,94.5849,60.0591,44.522
411,416,503,150,29,0.15,56.5,3.2,236,2026-09-10 08:10:00,PT5M,79.302,100.0,96.7051,61.8989,46.2355
430,435,516,153,29,0.15,56.1,3.2,236,2026-09-10 08:15:00,PT5M,81.143,100.0,98.6474,63.6386,47.884
449,454,529,155,29,0.15,55.7,3.2,236,2026-09-10 08:20:00,PT5M,82.837,100.0,100.0,65.2736,49.466
468,473,541,158,29,0.15,55.2,3.2,236,2026-09-10 08:25:00,PT5M,84.415,100.0,100.0,66.8466,51.0345
487,492,553,160,29,0.15,54.8,3.2,236,2026-09-10 08:30:00,PT5M,85.796,100.0,100.0,68.2608,52.4785
504,509,562,162,30,0.15,54.2,3.2,237,2026-09-10 08:35:00,PT5M,86.933,100.0,100.0,69.4372,53.6905
521,526,569,165,30,0.15,53.3,3.2,237,2026-09-10 08:40:00,PT5M,87.841,100.0,100.0,70.385,54.674
538,543,575,169,30,0.15,52.5,3.1,238,2026-09-10 08:45:00,PT5M,88.692,100.0,100.0,71.2547,55.5605
554,559,581,172,30,0.15,51.7,3.1,238,2026-09-10 08:50:00,PT5M,89.489,100.0,100.0,72.1069,56.4625
571,575,587,175,30,0.15,50.8,3.0,239,2026-09-10 08:55:00,PT5M,90.244,100.0,100.0,72.9238,57.335
586,591,592,177,31,0.15,50.0,2.9,240,2026-09-10 09:00:00,PT5M,90.958,100.0,100.0,73.7049,58.1765
602,607,598,180,31,0.15,49.3,2.9,241,2026-09-10 09:05:00,PT5M,91.696,100.0,100.0,74.5189,59.059
618,623,605,182,31,0.15,48.5,2.8,241,2026-09-10 09:10:00,PT5M,92.468,100.0,100.0,75.5054,60.2385
634,639,612,183,31,0.15,47.7,2.8,242,2026-09-10 09:15:00,PT5M,93.204,100.0,100.0,76.4682,61.4055
649,654,618,185,31,0.15,47.0,2.7,243,2026-09-10 09:20:00,PT5M,93.905,100.0,100.0,77.3908,62.5275
664,669,625,187,32,0.15,46.3,2.7,244,2026-09-10 09:25:00,PT5M,94.573,100.0,100.0,78.2748,63.606
679,684,631,188,32,0.15,45.5,2.6,245,2026-09-10 09:30:00,PT5M,95.21,100.0,100.0,79.1221,64.6425
693,698,635,190,32,0.15,44.8,2.6,246,2026-09-10 09:35:00,PT5M,95.749,100.0,100.0,79.8464,65.5335
706,711,639,192,32,0.15,44.1,2.5,246,2026-09-10 09:40:00,PT5M,96.193,100.0,100.0,80.4496,66.28
719,723,641,195,32,0.15,43.5,2.5,247,2026-09-10 09:45:00,PT5M,96.586,100.0,100.0,80.9915,66.956
731,735,643,197,33,0.15,42.8,2.4,248,2026-09-10 09:50:00,PT5M,96.919,100.0,100.0,81.4627,67.5515
742,747,645,200,33,0.15,42.1,2.4,250,2026-09-10 09:55:00,PT5M,97.232,100.0,100.0,81.9057,68.1115
753,758,646,202,33,0.15,41.5,2.3,251,2026-09-10 10:00:00,PT5M,97.525,100.0,100.0,82.321,68.637
764,768,647,205,33,0.15,40.8,2.3,252,2026-09-10 10:05:00,PT5M,97.796,100.0,100.0,82.7031,69.119
774,778,648,207,33,0.15,40.2,2.3,253,2026-09-10 10:10:00,PT5M,98.047,100.0,100.0,83.057,69.5655
784,788,649,210,34,0.15,39.6,2.2,254,2026-09-10 10:15:00,PT5M,98.277,100.0,100.0,83.3817,69.9755
793,797,650,212,34,0.15,39.0,2.2,255,2026-09-10 10:20:00,PT5M,98.485,100.0,100.0,83.6763,70.348
802,806,651,214,34,0.15,38.4,2.1,257,2026-09-10 10:25:00,PT5M,98.675,100.0,100.0,83.9455,70.6885
811,815,651,217,34,0.15,37.8,2.1,258,2026-09-10 10:30:00,PT5M,98.849,100.0,100.0,84.1916,70.9995
819,823,652,219,34,0.15,37.2,2.1,260,2026-09-10 10:35:00,PT5M,99.003,100.0,100.0,84.4224,71.2995
827,830,652,221,35,0.15,36.6,2.0,261,2026-09-10 10:40:00,PT5M,99.136,100.0,100.0,84.637,71.5875
834,838,653,223,35,0.15,36.1,2.0,263,2026-09-10 10:45:00,PT5M,99.248,100.0,100.0,84.824,71.842
840,844,653,225,35,0.15,35.5,1.9,264,2026-09-10 10:50:00,PT5M,99.34,100.0,100.0,84.9834,72.062
847,850,653,227,35,0.15,35.0,1.9,266,2026-09-10 10:55:00,PT5M,99.409,100.0,100.0,85.11,72.2405
852,856,653,228,36,0.15,34.4,1.9,268,2026-09-10 11:00:00,PT5M,99.453,100.0,100.0,85.1956,72.3635
858,861,652,230,36,0.15,33.9,1.9,269,2026-09-10 11:05:00,PT5M,99.475,100.0,100.0,85.2423,72.4325
862,866,652,232,36,0.15,33.4,1.8,271,2026-09-10 11:10:00,PT5M,99.485,100.0,100.0,85.2876,72.5095
867,870,651,233,36,0.15,32.9,1.8,273,2026-09-10 11:15:00,PT5M,99.48,100.0,100.0,85.3179,72.5715
870,874,651,235,36,0.15,32.4,1.8,275,2026-09-10 11:20:00,PT5M,99.454,100.0,100.0,85.3113,72.5825
874,877,650,236,37,0.15,31.9,1.8,277,2026-09-10 11:25:00,PT5M,99.41,100.0,100.0,85.2758,72.5545
876,880,649,238,37,0.15,31.4,1.7,279,2026-09-10 11:30:00,PT5M,99.347,100.0,100.0,85.2128,72.4915
878,881,646,240,37,0.15,31.2,1.7,279,2026-09-10 11:35:00,PT5M,99.175,100.0,100.0,85.0247,72.289
877,880,640,244,37,0.15,31.2,1.6,277,2026-09-10 11:40:00,PT5M,98.897,100.0,100.0,84.7151,71.951
876,879,633,248,37,0.15,31.2,1.6,275,2026-09-10 11:45:00,PT5M,98.595,100.0,100.0,84.3734,71.5735
874,877,626,252,37,0.15,31.1,1.5,273,2026-09-10 11:50:00,PT5M,98.241,100.0,100.0,83.9686,71.123
871,875,619,256,37,0.15,31.1,1.4,270,2026-09-10 11:55:00,PT5M,97.87,100.0,100.0,83.5394,70.6415
868,872,612,260,37,0.15,31.1,1.4,267,2026-09-10 12:00:00,PT5M,97.482,100.0,100.0,83.0862,70.1295
865,868,604,264,37,0.15,31.1,1.3,264,2026-09-10 12:05:00,PT5M,97.094,100.0,100.0,82.6242,69.601
861,864,596,268,37,0.15,31.1,1.3,261,2026-09-10 12:10:00,PT5M,96.749,100.0,100.0,82.1966,69.099
856,859,588,272,37,0.15,31.1,1.2,258,2026-09-10 12:15:00,PT5M,96.386,100.0,100.0,81.7441,68.566
851,854,579,276,37,0.15,31.1,1.2,254,2026-09-10 12:20:00,PT5M,96.003,100.0,100.0,81.2653,68.001
845,848,571,281,37,0.15,31.1,1.2,250,2026-09-10 12:25:00,PT5M,95.584,100.0,100.0,80.7427,67.385
839,842,561,285,37,0.15,31.1,1.1,246,2026-09-10 12:30:00,PT5M,95.118,100.0,100.0,80.164,66.705
832,835,552,289,37,0.15,31.1,1.1,241,2026-09-10 12:35:00,PT5M,94.63,100.0,100.0,79.581,66.0365
825,828,543,292,37,0.15,31.0,1.1,237,2026-09-10 12:40:00,PT5M,94.118,100.0,100.0,78.9927,65.3795
817,820,533,296,37,0.15,31.0,1.1,232,2026-09-10 12:45:00,PT5M,93.665,100.0,100.0,78.4566,64.7685
809,812,524,299,37,0.15,31.0,1.1,227,2026-09-10 12:50:00,PT5M,93.107,100.0,100.0,77.8083,64.039
801,804,515,302,37,0.15,31.0,1.1,223,2026-09-10 12:55:00,PT5M,92.515,100.0,100.0,77.111,63.247
792,795,505,305,37,0.15,31.0,1.1,218,2026-09-10 13:00:00,PT5M,91.897,100.0,100.0,76.3825,62.419
783,786,497,307,37,0.15,31.0,1.1,214,2026-09-10 13:05:00,PT5M,91.282,100.0,100.0,75.6675,61.614
774,777,488,309,37,0.15,31.0,1.1,209,2026-09-10 13:10:00,PT5M,90.663,100.0,100.0,74.9509,60.8095
764,767,480,310,37,0.15,31.0,1.2,205,2026-09-10 13:15:00,PT5M,89.999,100.0,100.0,74.1693,59.922
754,757,472,311,37,0.15,31.0,1.2,201,2026-09-10 13:20:00,PT5M,89.303,100.0,100.0,73.3477,58.9875
744,747,464,312,37,0.15,31.0,1.3,198,2026-09-10 13:25:00,PT5M,88.574,100.0,100.0,72.4872,58.0085
733,736,455,312,37,0.15,31.0,1.3,195,2026-09-10 13:30:00,PT5M,87.815,100.0,100.0,71.5918,56.9905
720,724,444,314,37,0.15,30.9,1.4,191,2026-09-10 13:35:00,PT5M,86.844,100.0,100.0,70.4487,55.6925
706,709,430,317,37,0.15,30.9,1.4,189,2026-09-10 13:40:00,PT5M,85.656,100.0,100.0,69.0544,54.1125
692,695,416,319,37,0.15,30.9,1.5,186,2026-09-10 13:45:00,PT5M,84.433,100.0,100.0,67.623,52.4935
677,680,402,320,37,0.15,30.9,1.5,184,2026-09-10 13:50:00,PT5M,83.18,100.0,100.0,66.1595,50.8405
663,666,389,321,37,0.15,30.9,1.6,181,2026-09-10 13:55:00,PT5M,81.89,100.0,99.1234,64.6566,49.146
648,651,375,322,37,0.15,30.9,1.7,179,2026-09-10 14:00:00,PT5M,80.562,100.0,98.0109,63.1131,47.4085
633,635,362,322,37,0.15,30.9,1.7,177,2026-09-10 14:05:00,PT5M,79.197,100.0,96.8636,61.5304,45.63
617,620,349,322,37,0.15,30.9,1.8,176,2026-09-10 14:10:00,PT5M,77.752,100.0,95.6396,59.8644,43.765
602,605,336,322,37,0.15,30.9,1.9,174,2026-09-10 14:15:00,PT5M,76.315,100.0,94.4265,58.2035,41.9025
587,589,323,321,37,0.15,30.9,1.9,173,2026-09-10 14:20:00,PT5M,74.84,100.0,93.1768,56.5032,39.9995
571,574,311,320,37,0.15,30.9,2.0,171,2026-09-10 14:25:00,PT5M,73.323,100.0,91.8869,54.7591,38.051
555,558,297,318,37,0.15,30.8,2.1,170,2026-09-10 14:30:00,PT5M,71.72,100.0,90.515,52.925,36.009
539,542,285,316,37,0.15,31.0,2.2,170,2026-09-10 14:35:00,PT5M,70.096,100.0,89.1296,51.0624,33.9315
523,526,272,314,37,0.15,31.5,2.2,172,2026-09-10 14:40:00,PT5M,68.447,100.0,87.6477,49.2463,31.965
507,509,259,311,37,0.15,31.9,2.2,174,2026-09-10 14:45:00,PT5M,66.759,100.0,86.0737,47.4443,30.0605
491,493,247,308,36,0.15,32.3,2.3,175,2026-09-10 14:50:00,PT5M,65.03,100.0,84.4505,45.6095,28.1305
475,477,234,305,36,0.15,32.8,2.3,177,2026-09-10 14:55:00,PT5M,63.262,100.0,82.779,43.745,26.179
459,461,222,301,36,0.15,33.2,2.3,178,2026-09-10 15:00:00,PT5M,61.454,98.7025,81.0582,41.8498,24.2055
442,445,210,297,36,0.15,33.7,2.4,180,2026-09-10 15:05:00,PT5M,59.607,96.9345,79.2527,39.9613,22.2795
427,429,198,292,36,0.15,34.2,2.4,181,2026-09-10 15:10:00,PT5M,57.743,95.147,77.429,38.057,20.339
411,413,186,287,36,0.15,34.6,2.5,183,2026-09-10 15:15:00,PT5M,55.833,93.287,75.5453,36.1207,18.379
395,397,175,282,35,0.15,35.1,2.5,184,2026-09-10 15:20:00,PT5M,53.876,91.352,73.5999,34.1521,16.4
379,381,163,277,35,0.15,35.6,2.6,185,2026-09-10 15:25:00,PT5M,51.866,89.335,71.5862,32.1458,14.397
364,366,151,271,35,0.15,36.1,2.6,187,2026-09-10 15:30:00,PT5M,49.799,87.2275,69.4979,30.1001,12.3705
350,352,143,265,35,0.15,36.6,2.7,188,2026-09-10 15:35:00,PT5M,48.061,85.343,67.6828,28.4392,10.779
337,339,138,257,35,0.15,37.1,2.7,189,2026-09-10 15:40:00,PT5M,46.647,83.677,66.1362,27.1578,9.617
325,326,133,250,34,0.15,37.6,2.8,190,2026-09-10 15:45:00,PT5M,45.175,81.9125,64.5102,25.8398,8.4375
312,313,127,243,34,0.15,38.1,2.8,191,2026-09-10 15:50:00,PT5M,43.66,79.9965,62.7842,24.5358,7.3235
299,300,121,235,34,0.15,38.6,2.9,192,2026-09-10 15:55:00,PT5M,42.066,77.917,60.9346,23.1974,6.215
285,287,115,227,34,0.15,39.2,3.0,193,2026-09-10 16:00:00,PT5M,40.394,75.679,58.9647,21.8233,5.109
272,274,110,219,34,0.15,39.7,3.0,194,2026-09-10 16:05:00,PT5M,38.948,73.6375,57.2053,20.6907,4.2585
259,261,104,211,34,0.15,40.3,3.1,195,2026-09-10 16:10:00,PT5M,37.295,71.3735,55.2308,19.3592,3.2165
246,248,99,202,33,0.15,40.8,3.1,196,2026-09-10 16:15:00,PT5M,35.579,68.9995,53.1684,17.9896,2.1585
233,235,93,193,33,0.15,41.4,3.2,197,2026-09-10 16:20:00,PT5M,33.805,66.523,51.0247,16.5853,1.087
220,222,87,185,33,0.15,42.0,3.2,197,2026-09-10 16:25:00,PT5M,31.922,63.243,48.4065,15.4375,0.601
207,208,81,176,33,0.15,42.6,3.3,198,2026-09-10 16:30:00,PT5M,29.857,59.048,45.2204,14.4936,0.666
194,195,74,167,33,0.15,43.1,3.4,199,2026-09-10 16:35:00,PT5M,27.68,54.811,41.9592,13.4008,0.549
180,182,66,158,33,0.15,43.8,3.4,200,2026-09-10 16:40:00,PT5M,25.438,50.488,38.622,12.254,0.388
167,168,58,148,32,0.15,44.4,3.5,200,2026-09-10 16:45:00,PT5M,23.202,46.227,35.3202,11.0838,0.177
154,155,49,139,32,0.15,45.0,3.6,201,2026-09-10 16:50:00,PT5M,20.973,41.9825,32.0305,9.9155,0.0
141,142,40,130,32,0.15,45.6,3.6,202,2026-09-10 16:55:00,PT5M,18.758,37.773,28.7657,8.7503,0.0
128,129,30,120,32,0.15,46.2,3.7,202,2026-09-10 17:00:00,PT5M,16.593,33.6455,25.5679,7.6181,0.0
115,116,20,111,32,0.15,46.9,3.8,203,2026-09-10 17:05:00,PT5M,14.565,29.697,22.5291,6.6009,0.0
102,103,5,101,31,0.15,47.6,3.8,204,2026-09-10 17:10:00,PT5M,12.333,25.632,19.3324,5.3336,0.0
89,90,0,90,31,0.15,48.2,3.9,204,2026-09-10 17:15:00,PT5M,10.592,22.155,16.6777,4.5063,0.0
77,77,0,77,31,0.15,48.9,3.9,205,2026-09-10 17:20:00,PT5M,8.99,18.8705,14.1902,3.7898,0.0
65,65,0,65,31,0.15,49.6,4.0,205,2026-09-10 17:25:00,PT5M,7.55,15.7705,11.8765,3.2235,0.0
54,54,0,54,31,0.15,50.3,4.1,206,2026-09-10 17:30:00,PT5M,6.231,12.821,9.6994,2.7626,0.0
43,43,0,43,31,0.15,50.8,4.1,206,2026-09-10 17:35:00,PT5M,4.879,9.9425,7.544,2.214,0.0
34,34,0,34,31,0.15,51.2,4.1,207,2026-09-10 17:40:00,PT5M,3.607,7.2825,5.5414,1.6726,0.0
25,25,0,25,30,0.15,51.6,4.1,207,2026-09-10 17:45:00,PT5M,2.557,5.112,3.9017,1.2123,0.002
18,18,0,18,30,0.15,51.9,4.1,208,2026-09-10 17:50:00,PT5M,1.615,3.1735,2.4352,0.7948,0.0565
11,11,0,11,30,0.15,52.3,4.1,208,2026-09-10 17:55:00,PT5M,0.767,1.6435,1.2283,0.3057,0.0
5,5,0,5,30,0.15,52.7,4.1,209,2026-09-10 18:00:00,PT5M,0.0,0.2445,0.1287,0.0,0.0
1,1,0,1,30,0.15,53.1,4.1,209,2026-09-10 18:05:00,PT5M,0.0,0.0,0.0,0.0,0.0
0,0,0,0,30,0.15,53.5,4.1,210,2026-09-10 18:10:00,PT5M,0.0,0.0,0.0,0.0,0.0
0,0,0,0,30,0.15,53.9,4.1,210,2026-09-10 18:15:00,PT5M,0.0,0.0,0.0,0.0,0.0
0,0,0,0,30,0.15,54.3,4.1,211,2026-09-10 18:20:00,PT5M,0.0,0.0,0.0,0.0,0.0
0,0,0,0,30,0.15,54.7,4.0,211,2026-09-10 18:25:00,PT5M,0.0,0.0,0.0,0.0,0.0
0,0,0,0,30,0.15,55.1,4.0,212,2026-09-10 18:30:00,PT5M,0.0,0.0,0.0,0.0,0.0
0,0,0,0,29,0.15,55.5,4.0,212,2026-09-10 18:35:00,PT5M,0.0,0.0,0.0,0.0,0.0
0,0,0,0,29,0.15,55.9,4.0,213,2026-09-10 18:40:00,PT5M,0.0,0.0,0.0,0.0,0.0
0,0,0,0,29,0.15,56.3,4.0,213,2026-09-10 18:45:00,PT5M,0.0,0.0,0.0,0.0,0.0
0,0,0,0,29,0.15,56.7,4.0,214,2026-09-10 18:50:00,PT5M,0.0,0.0,0.0,0.0,0.0
0,0,0,0,29,0.15,57.1,4.0,214,2026-09-10 18:55:00,PT5M,0.0,0.0,0.0,0.0,0.0
0,0,0,0,29,0.15,57.6,4.0,215,2026-09-10 19:00:00,PT5M,0.0,0.0,0.0,0.0,0.0
0,0,0,0,29,0.15,58.0,4.0,215,2026-09-10 19:05:00,PT5M,0.0,0.0,0.0,0.0,0.0
0,0,0,0,29,0.15,58.4,4.0,216,2026-09-10 19:10:00,PT5M,0.0,0.0,0.0,0.0,0.0
0,0,0,0,29,0.15,58.8,4.0,216,2026-09-10 19:15:00,PT5M,0.0,0.0,0.0,0.0,0.0
0,0,0,0,29,0.15,59.3,4.0,217,2026-09-10 19:20:00,PT5M,0.0,0.0,0.0,0.0,0.0
0,0,0,0,28,0.15,59.7,4.0,217,2026-09-10 19:25:00,PT5M,0.0,0.0,0.0,0.0,0.0
0,0,0,0,28,0.15,60.2,4.0,218,2026-09-10 19:30:00,PT5M,0.0,0.0,0.0,0.0,0.0
0,0,0,0,28,0.15,60.6,4.0,218,2026-09-10 19:35:00,PT5M,0.0,0.0,0.0,0.0,0.0
0,0,0,0,28,0.15,61.1,4.0,219,2026-09-10 19:40:00,PT5M,0.0,0.0,0.0,0.0,0.0
0,0,0,0,28,0.15,61.5,4.0,219,2026-09-10 19:45:00,PT5M,0.0,0.0,0.0,0.0,0.0
0,0,0,0,28,0.15,62.0,4.0,220,2026-09-10 19:50:00,PT5M,0.0,0.0,0.0,0.0,0.0
0,0,0,0,28,0.15,62.4,4.0,220,2026-09-10 19:55:00,PT5M,0.0,0.0,0.0,0.0,0.0
0,0,0,0,28,0.15,62.9,4.0,221,2026-09-10 20:00:00,PT5M,0.0,0.0,0.0,0.0,0.0
0,0,0,0,28,0.15,63.4,4.0,221,2026-09-10 20:05:00,PT5M,0.0,0.0,0.0,0.0,0.0
0,0,0,0,28,0.15,63.8,4.0,222,2026-09-10 20:10:00,PT5M,0.0,0.0,0.0,0.0,0.0
0,0,0,0,27,0.15,64.3,4.0,222,2026-09-10 20:15:00,PT5M,0.0,0.0,0.0,0.0,0.0
0,0,0,0,27,0.15,64.8,4.0,223,2026-09-10 20:20:00,PT5M,0.0,0.0,0.0,0.0,0.0
0,0,0,0,27,0.15,65.3,4.0,223,2026-09-10 20:25:00,PT5M,0.0,0.0,0.0,0.0,0.0
0,0,0,0,27,0.15,65.7,4.0,224,2026-09-10 20:30:00,PT5M,0.0,0.0,0.0,0.0,0.0
0,0,0,0,27,0.15,66.0,4.0,224,2026-09-10 20:35:00,PT5M,0.0,0.0,0.0,0.0,0.0
0,0,0,0,27,0.15,66.0,4.0,224,2026-09-10 20:40:00,PT5M,0.0,0.0,0.0,0.0,0.0
0,0,0,0,27,0.15,66.1,4.0,224,2026-09-10 20:45:00,PT5M,0.0,0.0,0.0,0.0,0.0
0,0,0,0,27,0.15,66.1,4.0,224,2026-09-10 20:50:00,PT5M,0.0,0.0,0.0,0.0,0.0
0,0,0,0,27,0.15,66.1,4.0,224,2026-09-10 20:55:00,PT5M,0.0,0.0,0.0,0.0,0.0
0,0,0,0,27,0.15,66.2,4.0,224,2026-09-10 21:00:00,PT5M,0.0,0.0,0.0,0.0,0.0
0,0,0,0,27,0.15,66.2,4.0,224,2026-09-10 21:05:00,PT5M,0.0,0.0,0.0,0.0,0.0
0,0,0,0,27,0.15,66.2,3.9,224,2026-09-10 21:10:00,PT5M,0.0,0.0,0.0,0.0,0.0
0,0,0,0,27,0.15,66.2,3.9,224,2026-09-10 21:15:00,PT5M,0.0,0.0,0.0,0.0,0.0
0,0,0,0,27,0.15,66.3,3.9,224,2026-09-10 21:20:00,PT5M,0.0,0.0,0.0,0.0,0.0
0,0,0,0,27,0.15,66.3,3.9,224,2026-09-10 21:25:00,PT5M,0.0,0.0,0.0,0.0,0.0
0,0,0,0,27,0.15,66.3,3.9,224,2026-09-10 21:30:00,PT5M,0.0,0.0,0.0,0.0,0.0
0,0,0,0,27,0.15,66.4,3.9,224,2026-09-10 21:35:00,PT5M,0.0,0.0,0.0,0.0,0.0
0,0,0,0,27,0.15,66.4,3.9,224,2026-09-10 21:40:00,PT5M,0.0,0.0,0.0,0.0,0.0
0,0,0,0,27,0.15,66.4,3.9,224,2026-09-10 21:45:00,PT5M,0.0,0.0,0.0,0.0,0.0
0,0,0,0,27,0.15,66.5,3.8,224,2026-09-10 21:50:00,PT5M,0.0,0.0,0.0,0.0,0.0
0,0,0,0,27,0.15,66.5,3.8,224,2026-09-10 21:55:00,PT5M,0.0,0.0,0.0,0.0,0.0
0,0,0,0,27,0.15,66.5,3.8,224,2026-09-10 22:00:00,PT5M,0.0,0.0,0.0,0.0,0.0
0,0,0,0,27,0.15,66.6,3.8,224,2026-09-10 22:05:00,PT5M,0.0,0.0,0.0,0.0,0.0
0,0,0,0,27,0.15,66.6,3.8,224,2026-09-10 22:10:00,PT5M,0.0,0.0,0.0,0.0,0.0
0,0,0,0,27,0.15,66.6,3.8,224,2026-09-10 22:15:00,PT5M,0.0,0.0,0.0,0.0,0.0
0,0,0,0,27,0.15,66.6,3.8,224,2026-09-10 22:20:00,PT5M,0.0,0.0,0.0,0.0,0.0
0,0,0,0,27,0.15,66.7,3.8,224,2026-09-10 22:25:00,PT5M,0.0,0.0,0.0,0.0,0.0
0,0,0,0,27,0.15,66.7,3.8,224,2026-09-10 22:30:00,PT5M,0.0,0.0,0.0,0.0,0.0
0,0,0,0,27,0.15,66.7,3.7,224,2026-09-10 22:35:00,PT5M,0.0,0.0,0.0,0.0,0.0
0,0,0,0,27,0.15,66.8,3.7,224,2026-09-10 22:40:00,PT5M,0.0,0.0,0.0,0.0,0.0
0,0,0,0,27,0.15,66.8,3.7,224,2026-09-10 22:45:00,PT5M,0.0,0.0,0.0,0.0,0.0
0,0,0,0,27,0.15,66.8,3.7,224,2026-09-10 22:50:00,PT5M,0.0,0.0,0.0,0.0,0.0
0,0,0,0,27,0.15,66.9,3.7,224,2026-09-10 22:55:00,PT5M,0.0,0.0,0.0,0.0,0.0
0,0,0,0,27,0.15,66.9,3.7,224,2026-09-10 23:00:00,PT5M,0.0,0.0,0.0,0.0,0.0
0,0,0,0,27,0.15,66.9,3.7,224,2026-09-10 23:05:00,PT5M,0.0,0.0,0.0,0.0,0.0
0,0,0,0,27,0.15,66.9,3.7,224,2026-09-10 23:10:00,PT5M,0.0,0.0,0.0,0.0,0.0
0,0,0,0,27,0.15,67.0,3.6,224,2026-09-10 23:15:00,PT5M,0.0,0.0,0.0,0.0,0.0
0,0,0,0,26,0.15,67.0,3.6,224,2026-09-10 23:20:00,PT5M,0.0,0.0,0.0,0.0,0.0
0,0,0,0,26,0.15,67.0,3.6,224,2026-09-10 23:25:00,PT5M,0.0,0.0,0.0,0.0,0.0
0,0,0,0,26,0.15,67.1,3.6,224,2026-09-10 23:30:00,PT5M,0.0,0.0,0.0,0.0,0.0
0,0,0,0,26,0.15,67.1,3.6,224,2026-09-10 23:35:00,PT5M,0.0,0.0,0.0,0.0,0.0
0,0,0,0,26,0.15,67.2,3.6,224,2026-09-10 23:40:00,PT5M,0.0,0.0,0.0,0.0,0.0
0,0,0,0,26,0.15,67.3,3.6,224,2026-09-10 23:45:00,PT5M,0.0,0.0,0.0,0.0,0.0
0,0,0,0,26,0.15,67.4,3.6,224,2026-09-10 23:50:00,PT5M,0.0,0.0,0.0,0.0,0.0
0,0,0,0,26,0.15,67.4,3.6,224,2026-09-10 23:55:00,PT5M,0.0,0.0,0.0,0.0,0.0
0,0,0,0,26,0.15,67.5,3.6,224,2026-09-11 00:00:00,PT5M,0.0,0.0,0.0,0.0,0.0
0,0,0,0,26,0.15,67.6,3.6,224,2026-09-11 00:05:00,PT5M,0.0,0.0,0.0,0.0,0.0
0,0,0,0,26,0.15,67.7,3.6,225,2026-09-11 00:10:00,PT5M,0.0,0.0,0.0,0.0,0.0
0,0,0,0,26,0.15,67.7,3.6,225,2026-09-11 00:15:00,PT5M,0.0,0.0,0.0,0.0,0.0
0,0,0,0,26,0.15,67.8,3.6,225,2026-09-11 00:20:00,PT5M,0.0,0.0,0.0,0.0,0.0
0,0,0,0,26,0.15,67.9,3.5,225,2026-09-11 00:25:00,PT5M,0.0,0.0,0.0,0.0,0.0
0,0,0,0,26,0.15,68.0,3.5,225,2026-09-11 00:30:00,PT5M,0.0,0.0,0.0,0.0,0.0
0,0,0,0,26,0.15,68.0,3.5,225,2026-09-11 00:35:00,PT5M,0.0,0.0,0.0,0.0,0.0
0,0,0,0,26,0.15,68.1,3.5,225,2026-09-11 00:40:00,PT5M,0.0,0.0,0.0,0.0,0.0
0,0,0,0,26,0.15,68.2,3.5,225,2026-09-11 00:45:00,PT5M,0.0,0.0,0.0,0.0,0.0
0,0,0,0,26,0.15,68.3,3.5,225,2026-09-11 00:50:00,PT5M,0.0,0.0,0.0,0.0,0.0
0,0,0,0,26,0.15,68.4,3.5,225,2026-09-11 00:55:00,PT5M,0.0,0.0,0.0,0.0,0.0
0,0,0,0,26,0.15,68.4,3.5,226,2026-09-11 01:00:00,PT5M,0.0,0.0,0.0,0.0,0.0
0,0,0,0,26,0.15,68.5,3.5,226,2026-09-11 01:05:00,PT5M,0.0,0.0,0.0,0.0,0.0
0,0,0,0,26,0.15,68.6,3.5,226,2026-09-11 01:10:00,PT5M,0.0,0.0,0.0,0.0,0.0
0,0,0,0,26,0.15,68.7,3.5,226,2026-09-11 01:15:00,PT5M,0.0,0.0,0.0,0.0,0.0
0,0,0,0,26,0.15,68.8,3.5,226,2026-09-11 01:20:00,PT5M,0.0,0.0,0.0,0.0,0.0
0,0,0,0,26,0.15,68.8,3.5,226,2026-09-11 01:25:00,PT5M,0.0,0.0,0.0,0.0,0.0
0,0,0,0,26,0.15,68.9,3.5,226,2026-09-11 01:30:00,PT5M,0.0,0.0,0.0,0.0,0.0
0,0,0,0,26,0.15,69.0,3.5,226,2026-09-11 01:35:00,PT5M,0.0,0.0,0.0,0.0,0.0
0,0,0,0,26,0.15,69.1,3.5,226,2026-09-11 01:40:00,PT5M,0.0,0.0,0.0,0.0,0.0
0,0,0,0,26,0.15,69.1,3.5,226,2026-09-11 01:45:00,PT5M,0.0,0.0,0.0,0.0,0.0
0,0,0,0,26,0.15,69.2,3.4,227,2026-09-11 01:50:00,PT5M,0.0,0.0,0.0,0.0,0.0
0,0,0,0,26,0.15,69.3,3.4,227,2026-09-11 01:55:00,PT5M,0.0,0.0,0.0,0.0,0.0
0,0,0,0,26,0.15,69.4,3.4,227,2026-09-11 02:00:00,PT5M,0.0,0.0,0.0,0.0,0.0
0,0,0,0,26,0.15,69.5,3.4,227,2026-09-11 02:05:00,PT5M,0.0,0.0,0.0,0.0,0.0
0,0,0,0,26,0.15,69.5,3.4,227,2026-09-11 02:10:00,PT5M,0.0,0.0,0.0,0.0,0.0
0,0,0,0,26,0.15,69.6,3.4,227,2026-09-11 02:15:00,PT5M,0.0,0.0,0.0,0.0,0.0
0,0,0,0,26,0.15,69.7,3.4,227,2026-09-11 02:20:00,PT5M,0.0,0.0,0.0,0.0,0.0
0,0,0,0,26,0.15,69.8,3.4,227,2026-09-11 02:25:00,PT5M,0.0,0.0,0.0,0.0,0.0
0,0,0,0,26,0.15,69.9,3.4,227,2026-09-11 02:30:00,PT5M,0.0,0.0,0.0,0.0,0.0
0,0,0,0,26,0.15,69.9,3.4,227,2026-09-11 02:35:00,PT5M,0.0,0.0,0.0,0.0,0.0
0,0,0,0,26,0.15,70.0,3.4,227,2026-09-11 02:40:00,PT5M,0.0,0.0,0.0,0.0,0.0
0,0,0,0,26,0.15,70.0,3.3,228,2026-09-11 02:45:00,PT5M,0.0,0.0,0.0,0.0,0.0
0,0,0,0,26,0.15,70.1,3.3,228,2026-09-11 02:50:00,PT5M,0.0,0.0,0.0,0.0,0.0
0,0,0,0,26,0.15,70.2,3.3,228,2026-09-11 02:55:00,PT5M,0.0,0.0,0.0,0.0,0.0
0,0,0,0,26,0.15,70.2,3.3,228,2026-09-11 03:00:00,PT5M,0.0,0.0,0.0,0.0,0.0
0,0,0,0,26,0.15,70.3,3.3,228,2026-09-11 03:05:00,PT5M,0.0,0.0,0.0,0.0,0.0
0,0,0,0,26,0.15,70.3,3.2,228,2026-09-11 03:10:00,PT5M,0.0,0.0,0.0,0.0,0.0
0,0,0,0,26,0.15,70.4,3.2,228,2026-09-11 03:15:00,PT5M,0.0,0.0,0.0,0.0,0.0
0,0,0,0,26,0.15,70.5,3.2,228,2026-09-11 03:20:00,PT5M,0.0,0.0,0.0,0.0,0.0
0,0,0,0,26,0.15,70.5,3.2,228,2026-09-11 03:25:00,PT5M,0.0,0.0,0.0,0.0,0.0
0,0,0,0,26,0.15,70.6,3.1,228,2026-09-11 03:30:00,PT5M,0.0,0.0,0.0,0.0,0.0
0,0,0,0,26,0.15,70.6,3.1,228,2026-09-11 03:35:00,PT5M,0.0,0.0,0.0,0.0,0.0
0,0,0,0,26,0.15,70.7,3.1,228,2026-09-11 03:40:00,PT5M,0.0,0.0,0.0,0.0,0.0
0,0,0,0,25,0.15,70.8,3.1,228,2026-09-11 03:45:00,PT5M,0.0,0.0,0.0,0.0,0.0
0,0,0,0,25,0.15,70.8,3.1,228,2026-09-11 03:50:00,PT5M,0.0,0.0,0.0,0.0,0.0
0,0,0,0,25,0.15,70.9,3.0,228,2026-09-11 03:55:00,PT5M,0.0,0.0,0.0,0.0,0.0
0,0,0,0,25,0.15,70.9,3.0,228,2026-09-11 04:00:00,PT5M,0.0,0.0,0.0,0.0,0.0
0,0,0,0,25,0.15,71.0,3.0,228,2026-09-11 04:05:00,PT5M,0.0,0.0,0.0,0.0,0.0
0,0,0,0,25,0.15,71.0,3.0,228,2026-09-11 04:10:00,PT5M,0.0,0.0,0.0,0.0,0.0
0,0,0,0,25,0.15,71.1,3.0,229,2026-09-11 04:15:00,PT5M,0.0,0.0,0.0,0.0,0.0
0,0,0,0,25,0.15,71.2,2.9,229,2026-09-11 04:20:00,PT5M,0.0,0.0,0.0,0.0,0.0
0,0,0,0,25,0.15,71.2,2.9,229,2026-09-11 04:25:00,PT5M,0.0,0.0,0.0,0.0,0.0
0,0,0,0,25,0.15,71.3,2.9,229,2026-09-11 04:30:00,PT5M,0.0,0.0,0.0,0.0,0.0
0,0,0,0,25,0.15,71.3,2.9,229,2026-09-11 04:35:00,PT5M,0.0,0.0,0.0,0.0,0.0
0,0,0,0,25,0.15,71.4,2.8,229,2026-09-11 04:40:00,PT5M,0.0,0.0,0.0,0.0,0.0
0,0,0,0,25,0.15,71.5,2.8,229,2026-09-11 04:45:00,PT5M,0.0,0.0,0.0,0.0,0.0
0,0,0,0,25,0.15,71.5,2.8,229,2026-09-11 04:50:00,PT5M,0.0,0.0,0.0,0.0,0.0
0,0,0,0,25,0.15,71.6,2.8,229,2026-09-11 04:55:00,PT5M,0.0,0.0,0.0,0.0,0.0
0,0,0,0,25,0.15,71.6,2.8,229,2026-09-11 05:00:00,PT5M,0.0,0.0,0.0,0.0,0.0
0,0,0,0,25,0.15,71.7,2.7,229,2026-09-11 05:05:00,PT5M,0.0,0.0,0.0,0.0,0.0
0,0,0,0,25,0.15,71.8,2.7,229,2026-09-11 05:10:00,PT5M,0.0,0.0,0.0,0.0,0.0
0,0,0,0,25,0.15,71.8,2.7,229,2026-09-11 05:15:00,PT5M,0.0,0.0,0.0,0.0,0.0
0,0,0,0,25,0.15,71.9,2.7,229,2026-09-11 05:20:00,PT5M,0.0,0.0,0.0,0.0,0.0
0,0,0,0,25,0.15,71.9,2.7,230,2026-09-11 05:25:00,PT5M,0.0,0.0,0.0,0.0,0.0
0,0,0,0,25,0.15,72.0,2.6,230,2026-09-11 05:30:00,PT5M,0.0,0.0,0.0,0.0,0.0
0,0,0,0,25,0.15,71.7,2.6,230,2026-09-11 05:35:00,PT5M,0.0,0.0,0.0,0.0,0.0
0,0,0,0,25,0.15,71.0,2.6,230,2026-09-11 05:40:00,PT5M,0.0,0.0,0.0,0.0,0.0
0,0,0,0,26,0.15,70.3,2.6,231,2026-09-11 05:45:00,PT5M,0.0,0.0,0.0,0.0,0.0
0,0,0,0,26,0.15,69.6,2.7,231,2026-09-11 05:50:00,PT5M,0.0,0.0,0.0,0.0,0.0
0,0,0,0,26,0.15,68.9,2.7,231,2026-09-11 05:55:00,PT5M,0.0,0.0,0.0,0.0,0.0
0,0,0,0,26,0.15,68.2,2.7,232,2026-09-11 06:00:00,PT5M,0.0,0.0,0.0,0.0,0.0
4,4,0,4,26,0.15,67.5,2.7,232,2026-09-11 06:05:00,PT5M,0.0,0.022,0.0116,0.0,0.0
12,12,0,12,26,0.15,66.8,2.7,232,2026-09-11 06:10:00,PT5M,0.905,1.4225,1.1774,0.6326,0.3875
20,20,0,20,26,0.15,66.2,2.7,233,2026-09-11 06:15:00,PT5M,2.042,3.0165,2.5549,1.5291,1.0675
30,30,0,30,27,0.15,65.5,2.7,233,2026-09-11 06:20:00,PT5M,3.305,5.113,4.2566,2.3534,1.497
41,41,11,40,27,0.15,64.9,2.7,233,2026-09-11 06:25:00,PT5M,4.837,7.738,6.3638,3.3102,1.936
53,54,40,49,27,0.15,64.2,2.7,234,2026-09-11 06:30:00,PT5M,7.057,11.2175,9.2467,4.8673,2.8965
66,67,74,57,27,0.15,63.6,2.7,234,2026-09-11 06:35:00,PT5M,9.868,15.4665,12.8145,6.9215,4.2695
81,83,109,64,27,0.15,63.0,2.7,234,2026-09-11 06:40:00,PT5M,13.022,20.1785,16.7885,9.2555,5.8655
97,99,145,71,27,0.15,62.4,2.7,235,2026-09-11 06:45:00,PT5M,16.573,25.3135,21.1732,11.9728,7.8325
114,116,180,78,27,0.15,61.8,2.8,235,2026-09-11 06:50:00,PT5M,20.399,30.6955,25.8181,14.9799,10.1025
131,134,216,84,28,0.15,61.2,2.8,236,2026-09-11 06:55:00,PT5M,24.462,36.3435,30.7153,18.2087,12.5805
149,153,251,89,28,0.15,60.6,2.8,236,2026-09-11 07:00:00,PT5M,28.818,42.4045,35.9687,21.6673,15.2315
168,171,279,95,28,0.15,60.0,2.8,236,2026-09-11 07:05:00,PT5M,33.116,48.452,41.1874,25.0446,17.78
186,189,303,100,28,0.15,59.4,2.8,237,2026-09-11 07:10:00,PT5M,37.435,54.56,46.448,28.422,20.31
204,208,326,105,28,0.15,58.8,2.8,237,2026-09-11 07:15:00,PT5M,41.859,60.8025,51.8291,31.8889,22.9155
223,227,348,110,28,0.15,58.2,2.8,237,2026-09-11 07:20:00,PT5M,46.384,67.167,57.3222,35.4458,25.601
242,246,370,114,28,0.15,57.6,2.8,238,2026-09-11 07:25:00,PT5M,50.973,73.6105,62.8873,39.0587,28.3355
261,265,390,118,29,0.15,57.1,2.8,238,2026-09-11 07:30:00,PT5M,55.63,80.129,68.524,42.736,31.131
280,284,409,123,29,0.15,56.5,2.8,238,2026-09-11 07:35:00,PT5M,60.213,86.5865,74.0936,46.3324,33.8395
299,303,424,127,29,0.15,56.0,2.8,238,2026-09-11 07:40:00,PT5M,64.715,93.013,79.6084,49.8216,36.417
318,322,440,131,29,0.15,55.4,2.9,239,2026-09-11 07:45:00,PT5M,68.918,98.8155,84.6533,53.1827,39.0205
337,341,455,134,29,0.15,54.9,2.9,239,2026-09-11 07:50:00,PT5M,71.281,100.0,87.0776,55.4844,41.267
356,360,470,138,29,0.15,54.4,2.9,239,2026-09-11 07:55:00,PT5M,73.555,100.0,89.3945,57.7155,43.4595
375,379,485,141,29,0.15,53.8,2.9,240,2026-09-11 08:00:00,PT5M,75.731,100.0,91.5936,59.8684,45.5915
394,399,499,143,29,0.15,53.3,2.9,240,2026-09-11 08:05:00,PT5M,77.826,100.0,93.6907,61.9613,47.6825
413,418,513,146,30,0.15,52.8,2.9,240,2026-09-11 08:10:00,PT5M,79.822,100.0,95.747,63.897,49.564
432,437,527,148,30,0.15,52.3,2.9,241,2026-09-11 08:15:00,PT5M,81.676,100.0,97.5457,65.8063,51.523
451,456,541,150,30,0.15,51.8,2.9,241,2026-09-11 08:20:00,PT5M,83.437,100.0,99.2167,67.6573,53.455
470,475,554,152,30,0.15,51.3,2.9,241,2026-09-11 08:25:00,PT5M,84.951,100.0,100.0,69.3073,55.2275
489,493,566,153,30,0.15,50.8,2.9,242,2026-09-11 08:30:00,PT5M,86.335,100.0,100.0,70.8237,56.863
507,511,576,155,30,0.15,50.2,2.9,242,2026-09-11 08:35:00,PT5M,87.472,100.0,100.0,72.0841,58.2345
524,528,583,158,31,0.15,49.5,2.8,242,2026-09-11 08:40:00,PT5M,88.378,100.0,100.0,73.0659,59.2845
540,545,590,161,31,0.15,48.8,2.7,242,2026-09-11 08:45:00,PT5M,89.226,100.0,100.0,73.9949,60.2865
557,561,596,163,31,0.15,48.1,2.7,242,2026-09-11 08:50:00,PT5M,90.02,100.0,100.0,74.8705,61.2355
573,577,602,166,31,0.15,47.5,2.6,242,2026-09-11 08:55:00,PT5M,90.77,100.0,100.0,75.705,62.146
589,593,608,168,31,0.15,46.8,2.5,242,2026-09-11 09:00:00,PT5M,91.479,100.0,100.0,76.5006,63.0195
605,609,614,170,32,0.15,46.2,2.4,243,2026-09-11 09:05:00,PT5M,92.184,100.0,100.0,77.3927,64.08
621,625,620,172,32,0.15,45.5,2.3,243,2026-09-11 09:10:00,PT5M,92.888,100.0,100.0,78.3361,65.239
636,640,626,174,32,0.15,44.9,2.3,243,2026-09-11 09:15:00,PT5M,93.56,100.0,100.0,79.2402,66.352
651,655,631,176,32,0.15,44.3,2.2,243,2026-09-11 09:20:00,PT5M,94.202,100.0,100.0,80.1078,67.4225
666,670,637,178,32,0.15,43.7,2.1,243,2026-09-11 09:25:00,PT5M,94.815,100.0,100.0,80.9394,68.451
681,685,642,180,32,0.15,43.1,2.0,244,2026-09-11 09:30:00,PT5M,95.401,100.0,100.0,81.7373,69.4395
695,698,646,182,33,0.15,42.5,1.9,244,2026-09-11 09:35:00,PT5M,95.892,100.0,100.0,82.4193,70.2935
707,711,648,185,33,0.15,41.9,1.8,244,2026-09-11 09:40:00,PT5M,96.293,100.0,100.0,82.9911,71.019
720,724,650,187,33,0.15,41.4,1.8,245,2026-09-11 09:45:00,PT5M,96.643,100.0,100.0,83.5008,71.6725
732,735,651,190,33,0.15,40.8,1.7,245,2026-09-11 09:50:00,PT5M,96.938,100.0,100.0,83.9445,72.25
743,747,652,193,33,0.15,40.2,1.6,245,2026-09-11 09:55:00,PT5M,97.216,100.0,100.0,84.3644,72.7975
754,757,653,196,34,0.15,39.7,1.5,246,2026-09-11 10:00:00,PT5M,97.476,100.0,100.0,84.7596,73.3145
764,768,653,199,34,0.15,39.1,1.4,246,2026-09-11 10:05:00,PT5M,97.728,100.0,100.0,85.1393,73.809
775,778,654,201,34,0.15,38.6,1.4,247,2026-09-11 10:10:00,PT5M,97.969,100.0,100.0,85.5029,74.283
784,788,655,204,34,0.15,38.1,1.3,247,2026-09-11 10:15:00,PT5M,98.19,100.0,100.0,85.8392,74.723
794,797,656,206,34,0.15,37.6,1.2,248,2026-09-11 10:20:00,PT5M,98.39,100.0,100.0,86.147,75.128
802,806,657,208,35,0.15,37.1,1.1,249,2026-09-11 10:25:00,PT5M,98.572,100.0,100.0,86.4301,75.502
811,814,657,210,35,0.15,36.6,1.0,250,2026-09-11 10:30:00,PT5M,98.739,100.0,100.0,86.6924,75.85
819,822,658,213,35,0.15,36.1,1.0,251,2026-09-11 10:35:00,PT5M,98.885,100.0,100.0,86.9405,76.19
826,830,658,215,35,0.15,35.6,0.9,252,2026-09-11 10:40:00,PT5M,99.012,100.0,100.0,87.1761,76.5235
834,837,658,217,35,0.15,35.1,0.8,254,2026-09-11 10:45:00,PT5M,99.118,100.0,100.0,87.3842,76.8235
840,843,658,218,36,0.15,34.6,0.7,256,2026-09-11 10:50:00,PT5M,99.204,100.0,100.0,87.5642,77.088
846,849,658,220,36,0.15,34.2,0.6,258,2026-09-11 10:55:00,PT5M,99.267,100.0,100.0,87.7117,77.3115
852,855,658,222,36,0.15,33.7,0.6,261,2026-09-11 11:00:00,PT5M,99.306,100.0,100.0,87.8191,77.4805
857,860,658,224,36,0.15,33.3,0.5,265,2026-09-11 11:05:00,PT5M,99.324,100.0,100.0,87.8918,77.6025
862,865,657,225,36,0.15,32.8,0.4,270,2026-09-11 11:10:00,PT5M,99.33,100.0,100.0,87.9602,77.727
866,869,656,227,37,0.15,32.4,0.3,277,2026-09-11 11:15:00,PT5M,99.32,100.0,100.0,88.0104,77.8315
870,873,656,229,37,0.15,31.9,0.3,288,2026-09-11 11:20:00,PT5M,99.29,100.0,100.0,88.0254,77.887
873,876,655,230,37,0.15,31.5,0.2,303,2026-09-11 11:25:00,PT5M,99.241,100.0,100.0,88.0112,77.904
876,879,654,232,37,0.15,31.1,0.2,323,2026-09-11 11:30:00,PT5M,99.175,100.0,100.0,87.9712,77.8875
875,878,647,236,37,0.15,30.9,0.2,320,2026-09-11 11:35:00,PT5M,98.836,100.0,100.0,87.5654,77.4215
871,874,634,244,37,0.15,31.0,0.2,289,2026-09-11 11:40:00,PT5M,98.228,100.0,100.0,86.7987,76.512
866,869,620,251,37,0.15,31.0,0.3,265,2026-09-11 11:45:00,PT5M,97.599,100.0,100.0,86.0029,75.566
861,864,606,259,37,0.15,31.0,0.3,251,2026-09-11 11:50:00,PT5M,96.919,100.0,100.0,85.1442,74.5465
855,858,592,266,37,0.15,31.1,0.4,242,2026-09-11 11:55:00,PT5M,96.224,100.0,100.0,84.2637,73.499
849,852,579,273,37,0.15,31.1,0.5,236,2026-09-11 12:00:00,PT5M,95.513,100.0,100.0,83.4079,72.513
842,845,564,281,37,0.15,31.2,0.6,233,2026-09-11 12:05:00,PT5M,94.81,100.0,100.0,82.5028,71.426
835,837,550,288,37,0.15,31.2,0.7,230,2026-09-11 12:10:00,PT5M,94.142,100.0,100.0,81.624,70.3575
827,829,535,295,37,0.15,31.3,0.8,228,2026-09-11 12:15:00,PT5M,93.455,100.0,100.0,80.7194,69.257
818,821,520,302,37,0.15,31.3,0.9,227,2026-09-11 12:20:00,PT5M,92.817,100.0,100.0,79.8569,68.1925
809,812,506,309,37,0.15,31.4,1.0,225,2026-09-11 12:25:00,PT5M,92.072,100.0,100.0,78.8783,67.0035
800,803,491,315,37,0.15,31.4,1.1,224,2026-09-11 12:30:00,PT5M,91.284,100.0,100.0,77.8471,65.7535
791,793,477,321,37,0.15,31.5,1.3,223,2026-09-11 12:35:00,PT5M,90.529,100.0,100.0,76.8684,64.5735
782,784,465,325,37,0.15,31.5,1.4,223,2026-09-11 12:40:00,PT5M,89.805,100.0,100.0,75.941,63.463
772,775,452,330,37,0.15,31.5,1.5,222,2026-09-11 12:45:00,PT5M,89.053,100.0,100.0,74.9801,62.314
762,765,440,334,37,0.15,31.6,1.6,222,2026-09-11 12:50:00,PT5M,88.272,100.0,100.0,73.9836,61.1235
752,755,428,338,37,0.15,31.6,1.7,221,2026-09-11 12:55:00,PT5M,87.45,100.0,100.0,72.9316,59.8645
742,744,416,341,37,0.15,31.7,1.8,221,2026-09-11 13:00:00,PT5M,86.599,100.0,100.0,71.8487,58.573
731,734,404,344,37,0.15,31.7,1.9,220,2026-09-11 13:05:00,PT5M,85.752,100.0,100.0,70.7838,57.312
720,723,393,346,37,0.15,31.8,2.0,220,2026-09-11 13:10:00,PT5M,84.896,100.0,100.0,69.7118,56.0455
709,712,382,348,37,0.15,31.8,2.1,220,2026-09-11 13:15:00,PT5M,83.989,100.0,99.4066,68.5714,54.695
698,700,372,349,37,0.15,31.9,2.2,220,2026-09-11 13:20:00,PT5M,83.044,100.0,98.7006,67.3874,53.296
686,689,361,350,37,0.15,31.9,2.3,219,2026-09-11 13:25:00,PT5M,82.063,100.0,97.9619,66.1641,51.8545
674,677,351,351,37,0.15,32.0,2.4,219,2026-09-11 13:30:00,PT5M,80.994,100.0,97.1372,64.8508,50.3215
661,664,338,352,37,0.15,32.0,2.5,219,2026-09-11 13:35:00,PT5M,79.827,100.0,96.2367,63.4173,48.648
647,650,325,353,37,0.15,32.0,2.6,219,2026-09-11 13:40:00,PT5M,78.506,100.0,95.2036,61.8084,46.78
633,635,311,354,37,0.15,32.1,2.8,219,2026-09-11 13:45:00,PT5M,77.152,100.0,94.1367,60.1673,44.8805
618,621,298,354,37,0.15,32.1,2.9,218,2026-09-11 13:50:00,PT5M,75.766,100.0,93.0368,58.4952,42.951
604,606,285,354,37,0.15,32.2,3.0,218,2026-09-11 13:55:00,PT5M,74.344,100.0,91.9006,56.7874,40.986
589,591,273,353,37,0.15,32.2,3.1,218,2026-09-11 14:00:00,PT5M,72.884,100.0,90.7258,55.0422,38.984
574,577,261,352,37,0.15,32.3,3.2,218,2026-09-11 14:05:00,PT5M,71.397,100.0,89.5225,53.2715,36.958
560,562,249,350,37,0.15,32.3,3.3,218,2026-09-11 14:10:00,PT5M,69.881,100.0,88.2899,51.4721,34.9035
545,547,237,348,37,0.15,32.4,3.4,218,2026-09-11 14:15:00,PT5M,68.328,100.0,87.0195,49.6365,32.8135
530,532,226,345,37,0.15,32.4,3.5,218,2026-09-11 14:20:00,PT5M,66.742,100.0,85.7141,47.7699,30.6945
515,517,214,342,37,0.15,32.5,3.6,218,2026-09-11 14:25:00,PT5M,65.113,100.0,84.3643,45.8617,28.535
500,502,203,339,37,0.15,32.5,3.7,218,2026-09-11 14:30:00,PT5M,63.422,100.0,82.9525,43.8915,26.3135
485,487,193,334,37,0.15,32.7,3.8,218,2026-09-11 14:35:00,PT5M,61.88,99.4665,81.662,42.098,24.2935
472,474,186,330,36,0.15,33.0,3.9,218,2026-09-11 14:40:00,PT5M,60.492,98.507,80.4996,40.4844,22.477
459,461,179,325,36,0.15,33.3,3.9,218,2026-09-11 14:45:00,PT5M,59.072,97.514,79.3043,38.8397,20.63
446,448,171,319,36,0.15,33.6,3.9,218,2026-09-11 14:50:00,PT5M,57.621,96.336,77.997,37.245,18.906
432,434,164,314,36,0.15,33.9,4.0,219,2026-09-11 14:55:00,PT5M,56.139,95.0165,76.6005,35.6775,17.2615
419,421,157,308,36,0.15,34.2,4.0,219,2026-09-11 15:00:00,PT5M,54.625,93.648,75.1631,34.0869,15.602
405,407,148,303,36,0.15,34.5,4.1,219,2026-09-11 15:05:00,PT5M,53.014,92.127,73.5995,32.4285,13.901
392,394,140,297,36,0.15,34.8,4.1,219,2026-09-11 15:10:00,PT5M,51.356,90.49,71.9525,30.7595,12.222
378,380,131,292,36,0.15,35.1,4.2,219,2026-09-11 15:15:00,PT5M,49.654,88.723,70.2163,29.0917,10.585
364,366,122,286,35,0.15,35.4,4.2,220,2026-09-11 15:20:00,PT5M,47.907,86.9385,68.4496,27.3644,8.8755
351,352,113,280,35,0.15,35.7,4.3,220,2026-09-11 15:25:00,PT5M,46.107,85.086,66.6219,25.5921,7.128
337,339,105,273,35,0.15,36.1,4.3,220,2026-09-11 15:30:00,PT5M,44.478,83.3665,64.9453,24.0107,5.5895
324,326,98,267,35,0.15,36.4,4.4,220,2026-09-11 15:35:00,PT5M,42.81,81.5275,63.1873,22.4327,4.0925
313,314,92,259,35,0.15,36.7,4.4,220,2026-09-11 15:40:00,PT5M,41.321,79.785,61.5649,21.0771,2.857
301,302,87,252,35,0.15,37.1,4.5,220,2026-09-11 15:45:00,PT5M,39.781,77.926,59.857,19.705,1.636
288,290,81,245,35,0.15,37.4,4.5,221,2026-09-11 15:50:00,PT5M,38.207,75.916,58.0535,18.3605,0.498
276,277,75,237,35,0.15,37.7,4.6,221,2026-09-11 15:55:00,PT5M,36.566,73.745,56.1336,16.9984,0.0
264,265,69,229,34,0.15,38.1,4.6,221,2026-09-11 16:00:00,PT5M,34.858,71.4175,54.0995,15.6165,0.0
251,253,64,221,34,0.15,38.4,4.7,221,2026-09-11 16:05:00,PT5M,33.177,69.09,52.0783,14.2757,0.0
239,240,59,212,34,0.15,38.8,4.7,221,2026-09-11 16:10:00,PT5M,31.529,66.785,50.0845,12.9735,0.0
227,228,54,204,34,0.15,39.1,4.8,221,2026-09-11 16:15:00,PT5M,29.826,64.369,48.0062,11.6458,0.0
215,216,48,195,34,0.15,39.5,4.8,222,2026-09-11 16:20:00,PT5M,28.068,61.845,45.8451,10.2909,0.0
203,204,42,186,34,0.15,39.8,4.9,222,2026-09-11 16:25:00,PT5M,26.368,58.5425,43.3017,9.4343,0.0
190,191,37,177,34,0.15,40.2,4.9,222,2026-09-11 16:30:00,PT5M,24.618,54.5735,40.3838,8.8522,0.0
178,179,31,167,34,0.15,40.6,5.0,222,2026-09-11 16:35:00,PT5M,22.79,50.5235,37.3863,8.1937,0.0
166,167,24,158,33,0.15,40.9,5.0,222,2026-09-11 16:40:00,PT5M,21.109,46.686,34.5704,7.6476,0.0
154,154,17,149,33,0.15,41.3,5.1,222,2026-09-11 16:45:00,PT5M,19.226,42.684,31.5721,6.8799,0.0
142,142,10,139,33,0.15,41.7,5.1,222,2026-09-11 16:50:00,PT5M,17.336,38.6865,28.5729,6.0991,0.0
130,130,2,129,33,0.15,42.1,5.2,223,2026-09-11 16:55:00,PT5M,15.452,34.7185,25.5921,5.3119,0.0
118,118,0,118,33,0.15,42.5,5.2,223,2026-09-11 17:00:00,PT5M,13.919,31.14,22.9825,4.8555,0.0
106,106,0,106,33,0.15,42.9,5.2,223,2026-09-11 17:05:00,PT5M,12.511,27.7595,20.5364,4.4856,0.0
94,94,0,94,33,0.15,43.2,5.3,223,2026-09-11 17:10:00,PT5M,11.066,24.459,18.1148,4.0172,0.0
82,82,0,82,33,0.15,43.6,5.3,223,2026-09-11 17:15:00,PT5M,9.656,21.287,15.7775,3.5345,0.0
70,71,0,71,32,0.15,44.0,5.4,223,2026-09-11 17:20:00,PT5M,8.183,18.0985,13.4016,2.9644,0.0
60,60,0,60,32,0.15,44.5,5.4,223,2026-09-11 17:25:00,PT5M,6.865,15.0955,11.1968,2.5332,0.0
49,50,0,50,32,0.15,44.9,5.5,223,2026-09-11 17:30:00,PT5M,5.649,12.2365,9.116,2.182,0.0
40,40,0,40,32,0.15,45.4,5.5,224,2026-09-11 17:35:00,PT5M,4.38,9.4035,7.0239,1.7361,0.0
31,31,0,31,32,0.15,45.9,5.5,224,2026-09-11 17:40:00,PT5M,3.203,6.876,5.1361,1.2699,0.0
23,23,0,23,32,0.15,46.5,5.4,224,2026-09-11 17:45:00,PT5M,2.23,4.7925,3.5787,0.8813,0.0
16,16,0,16,32,0.15,47.1,5.4,225,2026-09-11 17:50:00,PT5M,1.359,2.9315,2.1866,0.5314,0.0
10,10,0,10,31,0.15,47.7,5.4,225,2026-09-11 17:55:00,PT5M,0.577,1.374,0.9965,0.1575,0.0
4,4,0,4,31,0.15,48.4,5.3,225,2026-09-11 18:00:00,PT5M,0.0,0.1835,0.0966,0.0,0.0
0,0,0,0,31,0.15,49.0,5.3,226,2026-09-11 18:05:00,PT5M,0.0,0.0,0.0,0.0,0.0
0,0,0,0,31,0.15,49.6,5.3,226,2026-09-11 18:10:00,PT5M,0.0,0.0,0.0,0.0,0.0
0,0,0,0,31,0.15,50.3,5.2,226,2026-09-11 18:15:00,PT5M,0.0,0.0,0.0,0.0,0.0
0,0,0,0,31,0.15,50.9,5.2,227,2026-09-11 18:20:00,PT5M,0.0,0.0,0.0,0.0,0.0
0,0,0,0,31,0.15,51.6,5.2,227,2026-09-11 18:25:00,PT5M,0.0,0.0,0.0,0.0,0.0
0,0,0,0,30,0.15,52.2,5.2,227,2026-09-11 18:30:00,PT5M,0.0,0.0,0.0,0.0,0.0
0,0,0,0,30,0.15,52.9,5.1,228,2026-09-11 18:35:00,PT5M,0.0,0.0,0.0,0.0,0.0
0,0,0,0,30,0.15,53.6,5.1,228,2026-09-11 18:40:00,PT5M,0.0,0.0,0.0,0.0,0.0
0,0,0,0,30,0.15,54.3,5.1,229,2026-09-11 18:45:00,PT5M,0.0,0.0,0.0,0.0,0.0
0,0,0,0,30,0.15,55.0,5.0,229,2026-09-11 18:50:00,PT5M,0.0,0.0,0.0,0.0,0.0
0,0,0,0,30,0.15,55.7,5.0,229,2026-09-11 18:55:00,PT5M,0.0,0.0,0.0,0.0,0.0
0,0,0,0,29,0.15,56.4,5.0,230,2026-09-11 19:00:00,PT5M,0.0,0.0,0.0,0.0,0.0
0,0,0,0,29,0.15,57.2,5.0,230,2026-09-11 19:05:00,PT5M,0.0,0.0,0.0,0.0,0.0
0,0,0,0,29,0.15,57.9,4.9,230,2026-09-11 19:10:00,PT5M,0.0,0.0,0.0,0.0,0.0
0,0,0,0,29,0.15,58.7,4.9,231,2026-09-11 19:15:00,PT5M,0.0,0.0,0.0,0.0,0.0
0,0,0,0,29,0.15,59.4,4.9,231,2026-09-11 19:20:00,PT5M,0.0,0.0,0.0,0.0,0.0
0,0,0,0,29,0.15,60.2,4.8,232,2026-09-11 19:25:00,PT5M,0.0,0.0,0.0,0.0,0.0
0,0,0,0,28,0.15,61.0,4.8,232,2026-09-11 19:30:00,PT5M,0.0,0.0,0.0,0.0,0.0
0,0,0,0,28,0.15,61.8,4.8,233,2026-09-11 19:35:00,PT5M,0.0,0.0,0.0,0.0,0.0
0,0,0,0,28,0.15,62.6,4.8,233,2026-09-11 19:40:00,PT5M,0.0,0.0,0.0,0.0,0.0
0,0,0,0,28,0.15,63.4,4.7,233,2026-09-11 19:45:00,PT5M,0.0,0.0,0.0,0.0,0.0
0,0,0,0,28,0.15,64.3,4.7,234,2026-09-11 19:50:00,PT5M,0.0,0.0,0.0,0.0,0.0
0,0,0,0,28,0.15,65.1,4.7,234,2026-09-11 19:55:00,PT5M,0.0,0.0,0.0,0.0,0.0
0,0,0,0,28,0.15,66.0,4.7,235,2026-09-11 20:00:00,PT5M,0.0,0.0,0.0,0.0,0.0
0,0,0,0,27,0.15,66.8,4.6,235,2026-09-11 20:05:00,PT5M,0.0,0.0,0.0,0.0,0.0
0,0,0,0,27,0.15,67.7,4.6,236,2026-09-11 20:10:00,PT5M,0.0,0.0,0.0,0.0,0.0
0,0,0,0,27,0.15,68.6,4.6,236,2026-09-11 20:15:00,PT5M,0.0,0.0,0.0,0.0,0.0
0,0,0,0,27,0.15,69.5,4.6,237,2026-09-11 20:20:00,PT5M,0.0,0.0,0.0,0.0,0.0
0,0,0,0,27,0.15,70.4,4.5,237,2026-09-11 20:25:00,PT5M,0.0,0.0,0.0,0.0,0.0
0,0,0,0,27,0.15,71.3,4.5,237,2026-09-11 20:30:00,PT5M,0.0,0.0,0.0,0.0,0.0
0,0,0,0,27,0.15,71.9,4.5,238,2026-09-11 20:35:00,PT5M,0.0,0.0,0.0,0.0,0.0
0,0,0,0,27,0.15,72.0,4.5,237,2026-09-11 20:40:00,PT5M,0.0,0.0,0.0,0.0,0.0
0,0,0,0,26,0.15,72.1,4.4,237,2026-09-11 20:45:00,PT5M,0.0,0.0,0.0,0.0,0.0
0,0,0,0,26,0.15,72.2,4.4,236,2026-09-11 20:50:00,PT5M,0.0,0.0,0.0,0.0,0.0
0,0,0,0,26,0.15,72.3,4.4,236,2026-09-11 20:55:00,PT5M,0.0,0.0,0.0,0.0,0.0
0,0,0,0,26,0.15,72.5,4.3,236,2026-09-11 21:00:00,PT5M,0.0,0.0,0.0,0.0,0.0
0,0,0,0,26,0.15,72.6,4.3,235,2026-09-11 21:05:00,PT5M,0.0,0.0,0.0,0.0,0.0
0,0,0,0,26,0.15,72.7,4.3,235,2026-09-11 21:10:00,PT5M,0.0,0.0,0.0,0.0,0.0
0,0,0,0,26,0.15,72.8,4.3,235,2026-09-11 21:15:00,PT5M,0.0,0.0,0.0,0.0,0.0
0,0,0,0,26,0.15,72.9,4.2,234,2026-09-11 21:20:00,PT5M,0.0,0.0,0.0,0.0,0.0
0,0,0,0,26,0.15,73.1,4.2,234,2026-09-11 21:25:00,PT5M,0.0,0.0,0.0,0.0,0.0
0,0,0,0,26,0.15,73.2,4.2,233,2026-09-11 21:30:00,PT5M,0.0,0.0,0.0,0.0,0.0
0,0,0,0,26,0.15,73.3,4.2,233,2026-09-11 21:35:00,PT5M,0.0,0.0,0.0,0.0,0.0
0,0,0,0,26,0.15,73.4,4.1,233,2026-09-11 21:40:00,PT5M,0.0,0.0,0.0,0.0,0.0
0,0,0,0,26,0.15,73.5,4.1,232,2026-09-11 21:45:00,PT5M,0.0,0.0,0.0,0.0,0.0
0,0,0,0,26,0.15,73.7,4.1,232,2026-09-11 21:50:00,PT5M,0.0,0.0,0.0,0.0,0.0
0,0,0,0,26,0.15,73.8,4.1,231,2026-09-11 21:55:00,PT5M,0.0,0.0,0.0,0.0,0.0
0,0,0,0,26,0.15,73.9,4.0,231,2026-09-11 22:00:00,PT5M,0.0,0.0,0.0,0.0,0.0
0,0,0,0,26,0.15,74.0,4.0,230,2026-09-11 22:05:00,PT5M,0.0,0.0,0.0,0.0,0.0
0,0,0,0,26,0.15,74.1,4.0,230,2026-09-11 22:10:00,PT5M,0.0,0.0,0.0,0.0,0.0
0,0,0,0,26,0.15,74.3,4.0,229,2026-09-11 22:15:00,PT5M,0.0,0.0,0.0,0.0,0.0
0,0,0,0,26,0.15,74.4,3.9,229,2026-09-11 22:20:00,PT5M,0.0,0.0,0.0,0.0,0.0
0,0,0,0,26,0.15,74.5,3.9,229,2026-09-11 22:25:00,PT5M,0.0,0.0,0.0,0.0,0.0
0,0,0,0,26,0.15,74.6,3.9,228,2026-09-11 22:30:00,PT5M,0.0,0.0,0.0,0.0,0.0
0,0,0,0,26,0.15,74.8,3.9,228,2026-09-11 22:35:00,PT5M,0.0,0.0,0.0,0.0,0.0
0,0,0,0,26,0.15,74.9,3.8,227,2026-09-11 22:40:00,PT5M,0.0,0.0,0.0,0.0,0.0
0,0,0,0,26,0.15,75.0,3.8,227,2026-09-11 22:45:00,PT5M,0.0,0.0,0.0,0.0,0.0
0,0,0,0,26,0.15,75.1,3.8,226,2026-09-11 22:50:00,PT5M,0.0,0.0,0.0,0.0,0.0
0,0,0,0,26,0.15,75.2,3.8,226,2026-09-11 22:55:00,PT5M,0.0,0.0,0.0,0.0,0.0
0,0,0,0,26,0.15,75.4,3.7,225,2026-09-11 23:00:00,PT5M,0.0,0.0,0.0,0.0,0.0
0,0,0,0,26,0.15,75.5,3.7,225,2026-09-11 23:05:00,PT5M,0.0,0.0,0.0,0.0,0.0
0,0,0,0,26,0.15,75.6,3.7,224,2026-09-11 23:10:00,PT5M,0.0,0.0,0.0,0.0,0.0
0,0,0,0,26,0.15,75.7,3.7,224,2026-09-11 23:15:00,PT5M,0.0,0.0,0.0,0.0,0.0
0,0,0,0,26,0.15,75.9,3.7,223,2026-09-11 23:20:00,PT5M,0.0,0.0,0.0,0.0,0.0
0,0,0,0,25,0.15,76.0,3.6,222,2026-09-11 23:25:00,PT5M,0.0,0.0,0.0,0.0,0.0
0,0,0,0,25,0.15,76.1,3.6,222,2026-09-11 23:30:00,PT5M,0.0,0.0,0.0,0.0,0.0
0,0,0,0,25,0.15,76.2,3.6,222,2026-09-11 23:35:00,PT5M,0.0,0.0,0.0,0.0,0.0
0,0,0,0,25,0.15,76.2,3.6,222,2026-09-11 23:40:00,PT5M,0.0,0.0,0.0,0.0,0.0
0,0,0,0,25,0.15,76.2,3.6,222,2026-09-11 23:45:00,PT5M,0.0,0.0,0.0,0.0,0.0
0,0,0,0,25,0.15,76.2,3.5,222,2026-09-11 23:50:00,PT5M,0.0,0.0,0.0,0.0,0.0
0,0,0,0,25,0.15,76.2,3.5,222,2026-09-11 23:55:00,PT5M,0.0,0.0,0.0,0.0,0.0
0,0,0,0,25,0.15,76.2,3.5,222,2026-09-12 00:00:00,PT5M,0.0,0.0,0.0,0.0,0.0
0,0,0,0,25,0.15,76.2,3.5,223,2026-09-12 00:05:00,PT5M,0.0,0.0,0.0,0.0,0.0
0,0,0,0,25,0.15,76.2,3.5,223,2026-09-12 00:10:00,PT5M,0.0,0.0,0.0,0.0,0.0
0,0,0,0,25,0.15,76.2,3.5,223,2026-09-12 00:15:00,PT5M,0.0,0.0,0.0,0.0,0.0
0,0,0,0,25,0.15,76.2,3.4,223,2026-09-12 00:20:00,PT5M,0.0,0.0,0.0,0.0,0.0
0,0,0,0,25,0.15,76.2,3.4,223,2026-09-12 00:25:00,PT5M,0.0,0.0,0.0,0.0,0.0
0,0,0,0,25,0.15,76.2,3.4,223,2026-09-12 00:30:00,PT5M,0.0,0.0,0.0,0.0,0.0
0,0,0,0,25,0.15,76.2,3.4,223,2026-09-12 00:35:00,PT5M,0.0,0.0,0.0,0.0,0.0
0,0,0,0,25,0.15,76.2,3.4,224,2026-09-12 00:40:00,PT5M,0.0,0.0,0.0,0.0,0.0
0,0,0,0,25,0.15,76.2,3.4,224,2026-09-12 00:45:00,PT5M,0.0,0.0,0.0,0.0,0.0
0,0,0,0,25,0.15,76.2,3.3,224,2026-09-12 00:50:00,PT5M,0.0,0.0,0.0,0.0,0.0
0,0,0,0,25,0.15,76.2,3.3,224,2026-09-12 00:55:00,PT5M,0.0,0.0,0.0,0.0,0.0
0,0,0,0,25,0.15,76.2,3.3,224,2026-09-12 01:00:00,PT5M,0.0,0.0,0.0,0.0,0.0
0,0,0,0,25,0.15,76.2,3.3,224,2026-09-12 01:05:00,PT5M,0.0,0.0,0.0,0.0,0.0
0,0,0,0,25,0.15,76.2,3.3,225,2026-09-12 01:10:00,PT5M,0.0,0.0,0.0,0.0,0.0
0,0,0,0,25,0.15,76.2,3.2,225,2026-09-12 01:15:00,PT5M,0.0,0.0,0.0,0.0,0.0
0,0,0,0,25,0.15,76.2,3.2,225,2026-09-12 01:20:00,PT5M,0.0,0.0,0.0,0.0,0.0
0,0,0,0,25,0.15,76.2,3.2,225,2026-09-12 01:25:00,PT5M,0.0,0.0,0.0,0.0,0.0
0,0,0,0,25,0.15,76.2,3.2,225,2026-09-12 01:30:00,PT5M,0.0,0.0,0.0,0.0,0.0
0,0,0,0,25,0.15,76.1,3.2,226,2026-09-12 01:35:00,PT5M,0.0,0.0,0.0,0.0,0.0
0,0,0,0,25,0.15,76.1,3.2,226,2026-09-12 01:40:00,PT5M,0.0,0.0,0.0,0.0,0.0
0,0,0,0,25,0.15,76.1,3.1,226,2026-09-12 01:45:00,PT5M,0.0,0.0,0.0,0.0,0.0
0,0,0,0,25,0.15,76.1,3.1,226,2026-09-12 01:50:00,PT5M,0.0,0.0,0.0,0.0,0.0
0,0,0,0,25,0.15,76.1,3.1,226,2026-09-12 01:55:00,PT5M,0.0,0.0,0.0,0.0,0.0
0,0,0,0,25,0.15,76.1,3.1,226,2026-09-12 02:00:00,PT5M,0.0,0.0,0.0,0.0,0.0
0,0,0,0,25,0.15,76.1,3.1,227,2026-09-12 02:05:00,PT5M,0.0,0.0,0.0,0.0,0.0
0,0,0,0,25,0.15,76.1,3.1,227,2026-09-12 02:10:00,PT5M,0.0,0.0,0.0,0.0,0.0
0,0,0,0,25,0.15,76.1,3.0,227,2026-09-12 02:15:00,PT5M,0.0,0.0,0.0,0.0,0.0
0,0,0,0,25,0.15,76.1,3.0,227,2026-09-12 02:20:00,PT5M,0.0,0.0,0.0,0.0,0.0
0,0,0,0,25,0.15,76.1,3.0,227,2026-09-12 02:25:00,PT5M,0.0,0.0,0.0,0.0,0.0
0,0,0,0,25,0.15,76.1,3.0,228,2026-09-12 02:30:00,PT5M,0.0,0.0,0.0,0.0,0.0
0,0,0,0,25,0.15,76.1,3.0,228,2026-09-12 02:35:00,PT5M,0.0,0.0,0.0,0.0,0.0
0,0,0,0,25,0.15,76.0,3.0,228,2026-09-12 02:40:00,PT5M,0.0,0.0,0.0,0.0,0.0
0,0,0,0,25,0.15,75.9,3.0,227,2026-09-12 02:45:00,PT5M,0.0,0.0,0.0,0.0,0.0
0,0,0,0,25,0.15,75.9,3.1,227,2026-09-12 02:50:00,PT5M,0.0,0.0,0.0,0.0,0.0
0,0,0,0,25,0.15,75.8,3.1,227,2026-09-12 02:55:00,PT5M,0.0,0.0,0.0,0.0,0.0
0,0,0,0,25,0.15,75.7,3.1,227,2026-09-12 03:00:00,PT5M,0.0,0.0,0.0,0.0,0.0
0,0,0,0,25,0.15,75.6,3.1,227,2026-09-12 03:05:00,PT5M,0.0,0.0,0.0,0.0,0.0
0,0,0,0,25,0.15,75.6,3.1,227,2026-09-12 03:10:00,PT5M,0.0,0.0,0.0,0.0,0.0
0,0,0,0,25,0.15,75.5,3.2,227,2026-09-12 03:15:00,PT5M,0.0,0.0,0.0,0.0,0.0
0,0,0,0,25,0.15,75.4,3.2,227,2026-09-12 03:20:00,PT5M,0.0,0.0,0.0,0.0,0.0
0,0,0,0,25,0.15,75.3,3.2,227,2026-09-12 03:25:00,PT5M,0.0,0.0,0.0,0.0,0.0
0,0,0,0,25,0.15,75.3,3.2,227,2026-09-12 03:30:00,PT5M,0.0,0.0,0.0,0.0,0.0
0,0,0,0,25,0.15,75.2,3.3,227,2026-09-12 03:35:00,PT5M,0.0,0.0,0.0,0.0,0.0
0,0,0,0,25,0.15,75.1,3.3,227,2026-09-12 03:40:00,PT5M,0.0,0.0,0.0,0.0,0.0
0,0,0,0,25,0.15,75.0,3.3,226,2026-09-12 03:45:00,PT5M,0.0,0.0,0.0,0.0,0.0
0,0,0,0,25,0.15,75.0,3.3,226,2026-09-12 03:50:00,PT5M,0.0,0.0,0.0,0.0,0.0
0,0,0,0,25,0.15,74.9,3.4,226,2026-09-12 03:55:00,PT5M,0.0,0.0,0.0,0.0,0.0
0,0,0,0,25,0.15,74.8,3.4,226,2026-09-12 04:00:00,PT5M,0.0,0.0,0.0,0.0,0.0
0,0,0,0,25,0.15,74.7,3.4,226,2026-09-12 04:05:00,PT5M,0.0,0.0,0.0,0.0,0.0
0,0,0,0,25,0.15,74.6,3.4,226,2026-09-12 04:10:00,PT5M,0.0,0.0,0.0,0.0,0.0
0,0,0,0,25,0.15,74.6,3.5,226,2026-09-12 04:15:00,PT5M,0.0,0.0,0.0,0.0,0.0
0,0,0,0,25,0.15,74.5,3.5,226,2026-09-12 04:20:00,PT5M,0.0,0.0,0.0,0.0,0.0
0,0,0,0,25,0.15,74.4,3.5,226,2026-09-12 04:25:00,PT5M,0.0,0.0,0.0,0.0,0.0
0,0,0,0,25,0.15,74.3,3.5,226,2026-09-12 04:30:00,PT5M,0.0,0.0,0.0,0.0,0.0
0,0,0,0,25,0.15,74.3,3.5,226,2026-09-12 04:35:00,PT5M,0.0,0.0,0.0,0.0,0.0
0,0,0,0,25,0.15,74.2,3.6,226,2026-09-12 04:40:00,PT5M,0.0,0.0,0.0,0.0,0.0
0,0,0,0,25,0.15,74.1,3.6,226,2026-09-12 04:45:00,PT5M,0.0,0.0,0.0,0.0,0.0
0,0,0,0,25,0.15,74.0,3.6,226,2026-09-12 04:50:00,PT5M,0.0,0.0,0.0,0.0,0.0
0,0,0,0,25,0.15,74.0,3.6,225,2026-09-12 04:55:00,PT5M,0.0,0.0,0.0,0.0,0.0
0,0,0,0,25,0.15,73.9,3.7,225,2026-09-12 05:00:00,PT5M,0.0,0.0,0.0,0.0,0.0
0,0,0,0,25,0.15,73.8,3.7,225,2026-09-12 05:05:00,PT5M,0.0,0.0,0.0,0.0,0.0
0,0,0,0,25,0.15,73.7,3.7,225,2026-09-12 05:10:00,PT5M,0.0,0.0,0.0,0.0,0.0
0,0,0,0,25,0.15,73.7,3.7,225,2026-09-12 05:15:00,PT5M,0.0,0.0,0.0,0.0,0.0
0,0,0,0,25,0.15,73.6,3.8,225,2026-09-12 05:20:00,PT5M,0.0,0.0,0.0,0.0,0.0
0,0,0,0,25,0.15,73.5,3.8,225,2026-09-12 05:25:00,PT5M,0.0,0.0,0.0,0.0,0.0
0,0,0,0,25,0.15,73.5,3.8,225,2026-09-12 05:30:00,PT5M,0.0,0.0,0.0,0.0,0.0
0,0,0,0,25,0.15,73.2,3.8,225,2026-09-12 05:35:00,PT5M,0.0,0.0,0.0,0.0,0.0
0,0,0,0,26,0.15,72.7,3.8,226,2026-09-12 05:40:00,PT5M,0.0,0.0,0.0,0.0,0.0
0,0,0,0,26,0.15,72.3,3.8,226,2026-09-12 05:45:00,PT5M,0.0,0.0,0.0,0.0,0.0
0,0,0,0,26,0.15,71.9,3.8,227,2026-09-12 05:50:00,PT5M,0.0,0.0,0.0,0.0,0.0
0,0,0,0,26,0.15,71.4,3.8,227,2026-09-12 05:55:00,PT5M,0.0,0.0,0.0,0.0,0.0
0,0,0,0,26,0.15,71.0,3.8,228,2026-09-12 06:00:00,PT5M,0.0,0.0,0.0,0.0,0.0
4,4,0,4,26,0.15,70.6,3.8,228,2026-09-12 06:05:00,PT5M,0.0,0.037,0.0195,0.0,0.0
9,9,0,9,26,0.15,70.1,3.8,229,2026-09-12 06:10:00,PT5M,0.559,1.1975,0.895,0.223,0.0
16,16,0,16,26,0.15,69.7,3.8,229,2026-09-12 06:15:00,PT5M,1.421,2.779,2.1357,0.7063,0.063
23,23,0,23,26,0.15,69.3,3.8,230,2026-09-12 06:20:00,PT5M,2.365,4.6985,3.5931,1.1369,0.0315
31,32,0,32,26,0.15,68.9,3.8,230,2026-09-12 06:25:00,PT5M,3.386,6.897,5.2339,1.5381,0.0
41,41,0,41,27,0.15,68.4,3.8,230,2026-09-12 06:30:00,PT5M,4.571,9.5045,7.1675,1.9745,0.0
51,51,0,51,27,0.15,68.0,3.8,231,2026-09-12 06:35:00,PT5M,5.96,12.4735,9.3881,2.5319,0.0
63,63,0,63,27,0.15,67.6,3.8,231,2026-09-12 06:40:00,PT5M,7.403,15.583,11.7082,3.0978,0.0
76,76,0,76,27,0.15,67.2,3.8,232,2026-09-12 06:45:00,PT5M,8.958,18.8345,14.1561,3.7599,0.0
89,90,10,88,27,0.15,66.8,3.8,232,2026-09-12 06:50:00,PT5M,11.091,22.663,17.1814,5.0006,0.0
104,104,33,97,27,0.15,66.4,3.8,233,2026-09-12 06:55:00,PT5M,13.789,27.077,20.7826,6.7954,0.501
119,120,56,106,27,0.15,66.0,3.8,233,2026-09-12 07:00:00,PT5M,16.776,31.849,24.709,8.843,1.703
134,135,77,114,27,0.15,65.6,3.8,234,2026-09-12 07:05:00,PT5M,19.864,36.8155,28.7857,10.9423,2.9125
150,151,97,123,27,0.15,65.2,3.8,234,2026-09-12 07:10:00,PT5M,23.025,41.914,32.9664,13.0836,4.136
166,168,118,131,27,0.15,64.8,3.8,235,2026-09-12 07:15:00,PT5M,26.478,47.3275,37.4512,15.5048,5.6285
183,185,138,138,27,0.15,64.4,3.8,235,2026-09-12 07:20:00,PT5M,30.117,52.9815,42.1507,18.0833,7.2525
200,202,159,146,28,0.15,64.0,3.8,236,2026-09-12 07:25:00,PT5M,33.914,58.746,46.9833,20.8447,9.082
218,220,179,152,28,0.15,63.6,3.8,236,2026-09-12 07:30:00,PT5M,37.882,64.674,51.9828,23.7812,11.09
236,238,201,159,28,0.15,63.3,3.8,237,2026-09-12 07:35:00,PT5M,42.08,70.827,57.2098,26.9502,13.333
255,257,223,164,28,0.15,62.9,3.8,237,2026-09-12 07:40:00,PT5M,46.499,77.2235,62.6695,30.3285,15.7745
274,277,246,170,28,0.15,62.5,3.8,238,2026-09-12 07:45:00,PT5M,50.854,83.2955,67.9282,33.7798,18.4125
294,297,270,174,28,0.15,62.1,3.8,238,2026-09-12 07:50:00,PT5M,54.391,87.327,71.7255,37.0565,21.455
314,317,294,178,28,0.15,61.7,3.8,239,2026-09-12 07:55:00,PT5M,57.883,91.2465,75.4424,40.3236,24.5195
335,338,318,181,28,0.15,61.4,3.8,239,2026-09-12 08:00:00,PT5M,61.319,95.04,79.0666,43.5714,27.598
356,359,344,183,28,0.15,61.0,3.8,240,2026-09-12 08:05:00,PT5M,64.71,98.7255,82.6126,46.8074,30.6945
378,381,370,185,28,0.15,60.6,3.8,240,2026-09-12 08:10:00,PT5M,68.005,100.0,86.0234,49.9866,33.7695
399,403,396,185,29,0.15,60.3,3.8,240,2026-09-12 08:15:00,PT5M,71.218,100.0,89.3017,53.1343,36.8585
422,425,423,185,29,0.15,59.9,3.8,241,2026-09-12 08:20:00,PT5M,74.3,100.0,92.3955,56.2045,39.918
444,447,450,184,29,0.15,59.6,3.8,241,2026-09-12 08:25:00,PT5M,77.218,100.0,95.2617,59.1743,42.9345
467,470,478,183,29,0.15,59.2,3.8,242,2026-09-12 08:30:00,PT5M,80.006,100.0,97.952,62.06,45.908
487,490,496,183,29,0.15,58.7,3.8,242,2026-09-12 08:35:00,PT5M,81.975,100.0,99.8526,64.0974,48.007
504,507,505,186,29,0.15,58.0,3.7,243,2026-09-12 08:40:00,PT5M,83.153,100.0,100.0,65.3038,49.239
521,524,514,189,29,0.15,57.3,3.6,244,2026-09-12 08:45:00,PT5M,84.264,100.0,100.0,66.4561,50.4285
537,541,523,191,29,0.15,56.6,3.6,245,2026-09-12 08:50:00,PT5M,85.315,100.0,100.0,67.5569,51.574
554,557,531,194,30,0.15,55.9,3.5,245,2026-09-12 08:55:00,PT5M,86.314,100.0,100.0,68.5864,52.631
570,573,539,196,30,0.15,55.2,3.4,246,2026-09-12 09:00:00,PT5M,87.316,100.0,100.0,69.6579,53.765
586,590,548,198,30,0.15,54.6,3.3,247,2026-09-12 09:05:00,PT5M,88.291,100.0,100.0,70.715,54.896
603,606,557,199,30,0.15,53.9,3.2,248,2026-09-12 09:10:00,PT5M,89.277,100.0,100.0,71.7941,56.059
619,622,567,200,30,0.15,53.3,3.1,249,2026-09-12 09:15:00,PT5M,90.22,100.0,100.0,72.8927,57.2975
635,638,576,201,30,0.15,52.6,3.1,250,2026-09-12 09:20:00,PT5M,91.123,100.0,100.0,74.0401,58.665
651,654,585,201,30,0.15,52.0,3.0,251,2026-09-12 09:25:00,PT5M,91.986,100.0,100.0,75.1442,59.986
666,669,594,202,31,0.15,51.4,2.9,252,2026-09-12 09:30:00,PT5M,92.813,100.0,100.0,76.2085,61.264
681,684,601,203,31,0.15,50.8,2.8,253,2026-09-12 09:35:00,PT5M,93.537,100.0,100.0,77.147,62.3955
694,698,607,204,31,0.15,50.1,2.8,254,2026-09-12 09:40:00,PT5M,94.16,100.0,100.0,77.96,63.3795
708,711,613,205,31,0.15,49.5,2.7,255,2026-09-12 09:45:00,PT5M,94.721,100.0,100.0,78.7026,64.2855
721,724,617,207,31,0.15,49.0,2.6,257,2026-09-12 09:50:00,PT5M,95.225,100.0,100.0,79.3792,65.1175
733,736,622,208,31,0.15,48.4,2.5,258,2026-09-12 09:55:00,PT5M,95.703,100.0,100.0,80.0235,65.9115
745,748,626,209,31,0.15,47.8,2.5,260,2026-09-12 10:00:00,PT5M,96.158,100.0,100.0,80.638,66.6695
756,759,630,210,32,0.15,47.2,2.4,261,2026-09-12 10:05:00,PT5M,96.576,100.0,100.0,81.2052,67.371
767,770,634,212,32,0.15,46.7,2.3,263,2026-09-12 10:10:00,PT5M,96.96,100.0,100.0,81.7305,68.0235
778,781,637,213,32,0.15,46.1,2.3,265,2026-09-12 10:15:00,PT5M,97.321,100.0,100.0,82.226,68.64
788,791,640,214,32,0.15,45.6,2.2,267,2026-09-12 10:20:00,PT5M,97.658,100.0,100.0,82.6904,69.219
798,801,643,215,32,0.15,45.0,2.2,269,2026-09-12 10:25:00,PT5M,97.976,100.0,100.0,83.1297,69.7675
808,810,646,217,32,0.15,44.5,2.1,271,2026-09-12 10:30:00,PT5M,98.275,100.0,100.0,83.5439,70.2855
817,819,649,217,33,0.15,44.0,2.0,273,2026-09-12 10:35:00,PT5M,98.552,100.0,100.0,83.9417,70.792
825,828,652,218,33,0.15,43.4,2.0,275,2026-09-12 10:40:00,PT5M,98.807,100.0,100.0,84.3233,71.2875
833,836,654,219,33,0.15,42.9,1.9,278,2026-09-12 10:45:00,PT5M,99.039,100.0,100.0,84.6761,71.749
841,843,657,220,33,0.15,42.4,1.9,280,2026-09-12 10:50:00,PT5M,99.249,100.0,100.0,84.9995,72.1745
848,851,659,220,33,0.15,41.9,1.9,283,2026-09-12 10:55:00,PT5M,99.435,100.0,100.0,85.29,72.559
855,857,662,221,33,0.15,41.4,1.8,286,2026-09-12 11:00:00,PT5M,99.595,100.0,100.0,85.5363,72.883
861,864,664,221,33,0.15,40.9,1.8,289,2026-09-12 11:05:00,PT5M,99.733,100.0,100.0,85.749,73.163
867,869,666,222,34,0.15,40.4,1.8,292,2026-09-12 11:10:00,PT5M,99.859,100.0,100.0,85.9605,73.4515
872,875,668,222,34,0.15,40.0,1.8,295,2026-09-12 11:15:00,PT5M,99.968,100.0,100.0,86.154,73.721
877,880,670,222,34,0.15,39.5,1.7,298,2026-09-12 11:20:00,PT5M,100.0,100.0,100.0,86.2534,73.881
882,884,671,222,34,0.15,39.0,1.7,301,2026-09-12 11:25:00,PT5M,100.0,100.0,100.0,86.311,73.9905
886,888,673,222,34,0.15,38.6,1.7,304,2026-09-12 11:30:00,PT5M,100.0,100.0,100.0,86.3602,74.084
887,889,670,225,34,0.15,38.2,1.7,305,2026-09-12 11:35:00,PT5M,100.0,100.0,100.0,86.3573,74.0785
885,887,661,230,34,0.15,38.0,1.7,303,2026-09-12 11:40:00,PT5M,99.607,100.0,100.0,85.9093,73.581
883,885,652,235,34,0.15,37.7,1.6,301,2026-09-12 11:45:00,PT5M,99.194,100.0,100.0,85.4326,73.047
880,882,643,241,35,0.15,37.5,1.6,300,2026-09-12 11:50:00,PT5M,98.727,100.0,100.0,84.8904,72.437
876,878,633,246,35,0.15,37.3,1.5,298,2026-09-12 11:55:00,PT5M,98.245,100.0,100.0,84.3258,71.798
872,874,624,251,35,0.15,37.0,1.5,296,2026-09-12 12:00:00,PT5M,97.746,100.0,100.0,83.7368,71.128
867,870,613,257,35,0.15,36.8,1.5,294,2026-09-12 12:05:00,PT5M,97.263,100.0,100.0,83.1548,70.457
862,864,603,262,35,0.15,36.6,1.4,292,2026-09-12 12:10:00,PT5M,96.809,100.0,100.0,82.5929,69.798
856,859,592,268,35,0.15,36.4,1.4,289,2026-09-12 12:15:00,PT5M,96.337,100.0,100.0,82.0067,69.109
850,852,581,273,35,0.15,36.1,1.4,287,2026-09-12 12:20:00,PT5M,95.846,100.0,100.0,81.3947,68.388
843,845,570,278,35,0.15,35.9,1.3,284,2026-09-12 12:25:00,PT5M,95.306,100.0,100.0,80.7244,67.6005
836,838,559,283,35,0.15,35.7,1.3,282,2026-09-12 12:30:00,PT5M,94.732,100.0,100.0,80.0128,66.765
827,830,546,289,35,0.15,35.5,1.3,279,2026-09-12 12:35:00,PT5M,94.077,100.0,100.0,79.2028,65.8155
818,820,533,295,35,0.15,35.3,1.3,276,2026-09-12 12:40:00,PT5M,93.419,100.0,100.0,78.3737,64.8325
808,811,519,300,35,0.15,35.0,1.2,273,2026-09-12 12:45:00,PT5M,92.661,100.0,100.0,77.4389,63.7385
798,800,506,305,36,0.15,34.8,1.2,270,2026-09-12 12:50:00,PT5M,91.875,100.0,100.0,76.47,62.605
788,790,493,310,36,0.15,34.6,1.2,267,2026-09-12 12:55:00,PT5M,91.052,100.0,100.0,75.4504,61.4085
777,779,480,314,36,0.15,34.4,1.2,264,2026-09-12 13:00:00,PT5M,90.203,100.0,100.0,74.404,60.1845
766,768,467,318,36,0.15,34.2,1.2,261,2026-09-12 13:05:00,PT5M,89.364,100.0,100.0,73.3814,58.9965
755,757,456,321,36,0.15,34.0,1.2,258,2026-09-12 13:10:00,PT5M,88.52,100.0,100.0,72.3537,57.8035
744,746,445,323,36,0.15,33.8,1.2,255,2026-09-12 13:15:00,PT5M,87.631,100.0,100.0,71.2652,56.5355
732,734,433,325,36,0.15,33.6,1.2,252,2026-09-12 13:20:00,PT5M,86.706,100.0,100.0,70.1357,55.222
720,722,422,327,36,0.15,33.4,1.2,249,2026-09-12 13:25:00,PT5M,85.747,100.0,100.0,68.9686,53.8675
708,710,411,328,36,0.15,33.2,1.2,246,2026-09-12 13:30:00,PT5M,84.755,100.0,100.0,67.7666,52.4765
696,698,401,329,36,0.15,33.0,1.3,243,2026-09-12 13:35:00,PT5M,83.791,100.0,100.0,66.591,51.1105
684,686,392,329,36,0.15,32.8,1.3,241,2026-09-12 13:40:00,PT5M,82.856,100.0,100.0,65.4434,49.7715
672,674,383,328,37,0.15,32.6,1.3,238,2026-09-12 13:45:00,PT5M,81.892,100.0,99.5186,64.2654,48.401
660,662,374,328,37,0.15,32.4,1.3,235,2026-09-12 13:50:00,PT5M,80.899,100.0,98.7408,63.0572,46.999
647,650,365,327,37,0.15,32.2,1.4,233,2026-09-12 13:55:00,PT5M,79.874,100.0,97.9324,61.8156,45.5625
635,637,356,326,37,0.15,32.0,1.4,230,2026-09-12 14:00:00,PT5M,78.815,100.0,97.0915,60.5385,44.089
622,624,347,324,37,0.15,31.8,1.4,228,2026-09-12 14:05:00,PT5M,77.667,100.0,96.1638,59.1702,42.5225
608,611,338,323,37,0.15,31.6,1.5,226,2026-09-12 14:10:00,PT5M,76.523,100.0,95.2432,57.8028,40.954
595,597,329,321,37,0.15,31.4,1.5,224,2026-09-12 14:15:00,PT5M,75.344,100.0,94.289,56.399,39.348
581,584,319,319,37,0.15,31.2,1.5,222,2026-09-12 14:20:00,PT5M,74.13,100.0,93.2999,54.9601,37.7065
567,570,310,317,37,0.15,31.0,1.6,220,2026-09-12 14:25:00,PT5M,72.867,100.0,92.2633,53.4707,36.0135
553,555,300,314,37,0.15,30.8,1.6,218,2026-09-12 14:30:00,PT5M,71.531,100.0,91.1554,51.9066,34.244
538,540,289,312,37,0.15,31.0,1.6,218,2026-09-12 14:35:00,PT5M,70.05,100.0,89.9084,50.1916,32.3185
522,524,276,310,37,0.15,31.5,1.6,220,2026-09-12 14:40:00,PT5M,68.42,100.0,88.4378,48.4022,30.3855
506,508,263,307,37,0.15,32.0,1.6,222,2026-09-12 14:45:00,PT5M,66.75,100.0,86.8812,46.6188,28.5
490,492,251,304,37,0.15,32.5,1.6,224,2026-09-12 14:50:00,PT5M,65.04,100.0,85.2757,44.8043,26.5915
473,475,239,300,36,0.15,33.0,1.6,226,2026-09-12 14:55:00,PT5M,63.289,100.0,83.6189,42.9591,24.6615
457,459,227,297,36,0.15,33.6,1.6,228,2026-09-12 15:00:00,PT5M,61.498,100.0,81.9116,41.0844,22.7115
441,443,214,292,36,0.15,34.1,1.5,230,2026-09-12 15:05:00,PT5M,59.69,98.5955,80.1662,39.2138,20.7845
425,427,202,288,36,0.15,34.7,1.5,232,2026-09-12 15:10:00,PT5M,57.844,96.8215,78.3581,37.3299,18.8665
410,411,191,283,36,0.15,35.2,1.5,234,2026-09-12 15:15:00,PT5M,55.951,94.9155,76.4583,35.4437,16.9865
394,396,179,278,35,0.15,35.8,1.5,236,2026-09-12 15:20:00,PT5M,54.012,93.0085,74.5361,33.4879,15.0155
378,380,167,273,35,0.15,36.4,1.5,238,2026-09-12 15:25:00,PT5M,52.015,91.0155,72.5412,31.4888,13.0145
362,364,156,267,35,0.15,37.0,1.5,240,2026-09-12 15:30:00,PT5M,49.964,88.931,70.4726,29.4554,10.997
347,349,145,261,35,0.15,37.6,1.5,242,2026-09-12 15:35:00,PT5M,47.923,86.8115,68.3903,27.4557,9.0345
332,334,134,255,34,0.15,38.2,1.5,244,2026-09-12 15:40:00,PT5M,45.892,84.65,66.2906,25.4934,7.134
317,318,124,248,34,0.15,38.8,1.5,246,2026-09-12 15:45:00,PT5M,43.815,82.3705,64.107,23.523,5.2595
302,303,113,241,34,0.15,39.5,1.5,248,2026-09-12 15:50:00,PT5M,41.699,79.934,61.8224,21.5756,3.464
287,288,103,233,34,0.15,40.1,1.5,250,2026-09-12 15:55:00,PT5M,39.743,77.563,59.6479,19.8381,1.923
272,273,92,226,34,0.15,40.8,1.6,252,2026-09-12 16:00:00,PT5M,37.513,74.8255,57.1508,17.8752,0.2005
258,259,82,218,33,0.15,41.5,1.6,254,2026-09-12 16:05:00,PT5M,35.286,72.038,54.6288,15.9432,0.0
243,244,73,210,33,0.15,42.2,1.6,256,2026-09-12 16:10:00,PT5M,33.068,69.2185,52.0943,14.0417,0.0
229,230,63,201,33,0.15,42.8,1.6,258,2026-09-12 16:15:00,PT5M,30.815,66.2845,49.4829,12.1471,0.0
215,216,53,192,33,0.15,43.6,1.6,260,2026-09-12 16:20:00,PT5M,28.532,63.261,46.8101,10.2539,0.0
201,202,44,184,33,0.15,44.3,1.6,262,2026-09-12 16:25:00,PT5M,26.335,59.33,43.7005,8.9695,0.0
187,188,34,174,32,0.15,45.0,1.7,263,2026-09-12 16:30:00,PT5M,24.129,54.9345,40.3422,7.9158,0.0
174,175,25,165,32,0.15,45.8,1.7,265,2026-09-12 16:35:00,PT5M,22.122,50.7755,37.2025,7.0415,0.0
161,161,15,156,32,0.15,46.5,1.7,267,2026-09-12 16:40:00,PT5M,19.939,46.409,33.8704,6.0076,0.0
148,148,5,146,32,0.15,47.3,1.7,268,2026-09-12 16:45:00,PT5M,17.819,42.169,30.6346,5.0034,0.0
135,135,0,135,32,0.15,48.1,1.8,270,2026-09-12 16:50:00,PT5M,16.006,38.2355,27.7055,4.3065,0.0
122,123,0,123,31,0.15,48.9,1.8,271,2026-09-12 16:55:00,PT5M,14.522,34.6455,25.1131,3.9309,0.0
110,110,0,110,31,0.15,49.7,1.8,273,2026-09-12 17:00:00,PT5M,13.054,31.099,22.5512,3.5568,0.0
98,98,0,98,31,0.15,50.5,1.9,274,2026-09-12 17:05:00,PT5M,11.616,27.638,20.0485,3.1835,0.0
86,86,0,86,31,0.15,51.4,1.9,276,2026-09-12 17:10:00,PT5M,10.166,24.2605,17.584,2.748,0.0
74,75,0,75,30,0.15,52.2,1.9,277,2026-09-12 17:15:00,PT5M,8.754,21.0045,15.2015,2.3065,0.0
63,64,0,64,30,0.15,53.1,2.0,278,2026-09-12 17:20:00,PT5M,7.327,17.7685,12.8224,1.8316,0.0
53,53,0,53,30,0.15,54.0,2.0,280,2026-09-12 17:25:00,PT5M,6.07,14.733,10.6294,1.5106,0.0
43,44,0,44,30,0.15,54.9,2.0,281,2026-09-12 17:30:00,PT5M,4.914,11.8435,8.561,1.267,0.0
35,35,0,35,30,0.15,55.6,2.0,281,2026-09-12 17:35:00,PT5M,3.77,9.061,6.5547,0.9853,0.0
27,27,0,27,30,0.15,56.0,1.9,280,2026-09-12 17:40:00,PT5M,2.763,6.578,4.7709,0.7551,0.0
20,20,0,20,30,0.15,56.5,1.9,280,2026-09-12 17:45:00,PT5M,1.914,4.552,3.3024,0.5256,0.0
14,14,0,14,29,0.15,57.0,1.8,279,2026-09-12 17:50:00,PT5M,1.136,2.637,1.926,0.346,0.0
8,8,0,8,29,0.15,57.5,1.8,278,2026-09-12 17:55:00,PT5M,0.427,1.1595,0.8125,0.0415,0.0
4,4,0,4,29,0.15,58.0,1.7,277,2026-09-12 18:00:00,PT5M,0.0,0.126,0.0663,0.0,0.0
0,0,0,0,29,0.15,58.5,1.6,276,2026-09-12 18:05:00,PT5M,0.0,0.0,0.0,0.0,0.0
0,0,0,0,29,0.15,58.9,1.6,275,2026-09-12 18:10:00,PT5M,0.0,0.0,0.0,0.0,0.0
0,0,0,0,29,0.15,59.4,1.5,274,2026-09-12 18:15:00,PT5M,0.0,0.0,0.0,0.0,0.0
0,0,0,0,29,0.15,59.9,1.5,273,2026-09-12 18:20:00,PT5M,0.0,0.0,0.0,0.0,0.0
0,0,0,0,29,0.15,60.5,1.4,272,2026-09-12 18:25:00,PT5M,0.0,0.0,0.0,0.0,0.0
0,0,0,0,29,0.15,61.0,1.4,271,2026-09-12 18:30:00,PT5M,0.0,0.0,0.0,0.0,0.0
0,0,0,0,29,0.15,61.5,1.3,269,2026-09-12 18:35:00,PT5M,0.0,0.0,0.0,0.0,0.0
0,0,0,0,29,0.15,62.0,1.3,268,2026-09-12 18:40:00,PT5M,0.0,0.0,0.0,0.0,0.0
0,0,0,0,28,0.15,62.5,1.2,266,2026-09-12 18:45:00,PT5M,0.0,0.0,0.0,0.0,0.0
0,0,0,0,28,0.15,63.0,1.1,264,2026-09-12 18:50:00,PT5M,0.0,0.0,0.0,0.0,0.0
0,0,0,0,28,0.15,63.6,1.1,262,2026-09-12 18:55:00,PT5M,0.0,0.0,0.0,0.0,0.0
0,0,0,0,28,0.15,64.1,1.0,260,2026-09-12 19:00:00,PT5M,0.0,0.0,0.0,0.0,0.0
0,0,0,0,28,0.15,64.7,1.0,257,2026-09-12 19:05:00,PT5M,0.0,0.0,0.0,0.0,0.0
0,0,0,0,28,0.15,65.2,1.0,255,2026-09-12 19:10:00,PT5M,0.0,0.0,0.0,0.0,0.0
0,0,0,0,28,0.15,65.8,0.9,252,2026-09-12 19:15:00,PT5M,0.0,0.0,0.0,0.0,0.0
0,0,0,0,28,0.15,66.3,0.9,249,2026-09-12 19:20:00,PT5M,0.0,0.0,0.0,0.0,0.0
0,0,0,0,28,0.15,66.9,0.8,245,2026-09-12 19:25:00,PT5M,0.0,0.0,0.0,0.0,0.0
0,0,0,0,28,0.15,67.4,0.8,241,2026-09-12 19:30:00,PT5M,0.0,0.0,0.0,0.0,0.0
0,0,0,0,28,0.15,68.0,0.8,237,2026-09-12 19:35:00,PT5M,0.0,0.0,0.0,0.0,0.0
0,0,0,0,27,0.15,68.6,0.7,232,2026-09-12 19:40:00,PT5M,0.0,0.0,0.0,0.0,0.0
0,0,0,0,27,0.15,69.2,0.7,228,2026-09-12 19:45:00,PT5M,0.0,0.0,0.0,0.0,0.0
0,0,0,0,27,0.15,69.8,0.7,222,2026-09-12 19:50:00,PT5M,0.0,0.0,0.0,0.0,0.0
0,0,0,0,27,0.15,70.4,0.7,217,2026-09-12 19:55:00,PT5M,0.0,0.0,0.0,0.0,0.0
0,0,0,0,27,0.15,71.0,0.7,212,2026-09-12 20:00:00,PT5M,0.0,0.0,0.0,0.0,0.0
0,0,0,0,27,0.15,71.6,0.7,206,2026-09-12 20:05:00,PT5M,0.0,0.0,0.0,0.0,0.0
0,0,0,0,27,0.15,72.2,0.7,201,2026-09-12 20:10:00,PT5M,0.0,0.0,0.0,0.0,0.0
0,0,0,0,27,0.15,72.8,0.7,196,2026-09-12 20:15:00,PT5M,0.0,0.0,0.0,0.0,0.0
0,0,0,0,27,0.15,73.4,0.7,191,2026-09-12 20:20:00,PT5M,0.0,0.0,0.0,0.0,0.0
0,0,0,0,27,0.15,74.0,0.8,186,2026-09-12 20:25:00,PT5M,0.0,0.0,0.0,0.0,0.0
0,0,0,0,27,0.15,74.6,0.8,182,2026-09-12 20:30:00,PT5M,0.0,0.0,0.0,0.0,0.0
0,0,0,0,27,0.15,75.0,0.8,183,2026-09-12 20:35:00,PT5M,0.0,0.0,0.0,0.0,0.0
0,0,0,0,27,0.15,75.0,0.9,187,2026-09-12 20:40:00,PT5M,0.0,0.0,0.0,0.0,0.0
0,0,0,0,26,0.15,75.0,0.9,191,2026-09-12 20:45:00,PT5M,0.0,0.0,0.0,0.0,0.0
0,0,0,0,26,0.15,75.0,1.0,195,2026-09-12 20:50:00,PT5M,0.0,0.0,0.0,0.0,0.0
0,0,0,0,26,0.15,75.1,1.1,198,2026-09-12 20:55:00,PT5M,0.0,0.0,0.0,0.0,0.0
0,0,0,0,26,0.15,75.1,1.2,201,2026-09-12 21:00:00,PT5M,0.0,0.0,0.0,0.0,0.0
0,0,0,0,26,0.15,75.1,1.2,203,2026-09-12 21:05:00,PT5M,0.0,0.0,0.0,0.0,0.0
0,0,0,0,26,0.15,75.1,1.3,206,2026-09-12 21:10:00,PT5M,0.0,0.0,0.0,0.0,0.0
0,0,0,0,26,0.15,75.1,1.4,207,2026-09-12 21:15:00,PT5M,0.0,0.0,0.0,0.0,0.0
0,0,0,0,26,0.15,75.2,1.5,209,2026-09-12 21:20:00,PT5M,0.0,0.0,0.0,0.0,0.0
0,0,0,0,26,0.15,75.2,1.5,211,2026-09-12 21:25:00,PT5M,0.0,0.0,0.0,0.0,0.0
0,0,0,0,26,0.15,75.2,1.6,212,2026-09-12 21:30:00,PT5M,0.0,0.0,0.0,0.0,0.0
0,0,0,0,26,0.15,75.2,1.7,213,2026-09-12 21:35:00,PT5M,0.0,0.0,0.0,0.0,0.0
0,0,0,0,26,0.15,75.2,1.8,214,2026-09-12 21:40:00,PT5M,0.0,0.0,0.0,0.0,0.0
0,0,0,0,26,0.15,75.3,1.9,215,2026-09-12 21:45:00,PT5M,0.0,0.0,0.0,0.0,0.0
0,0,0,0,26,0.15,75.3,2.0,216,2026-09-12 21:50:00,PT5M,0.0,0.0,0.0,0.0,0.0
0,0,0,0,26,0.15,75.3,2.0,217,2026-09-12 21:55:00,PT5M,0.0,0.0,0.0,0.0,0.0
0,0,0,0,26,0.15,75.3,2.1,218,2026-09-12 22:00:00,PT5M,0.0,0.0,0.0,0.0,0.0
0,0,0,0,26,0.15,75.3,2.2,219,2026-09-12 22:05:00,PT5M,0.0,0.0,0.0,0.0,0.0
0,0,0,0,26,0.15,75.4,2.3,219,2026-09-12 22:10:00,PT5M,0.0,0.0,0.0,0.0,0.0
0,0,0,0,26,0.15,75.4,2.4,220,2026-09-12 22:15:00,PT5M,0.0,0.0,0.0,0.0,0.0
0,0,0,0,26,0.15,75.4,2.5,221,2026-09-12 22:20:00,PT5M,0.0,0.0,0.0,0.0,0.0
0,0,0,0,26,0.15,75.4,2.6,221,2026-09-12 22:25:00,PT5M,0.0,0.0,0.0,0.0,0.0
0,0,0,0,26,0.15,75.5,2.6,222,2026-09-12 22:30:00,PT5M,0.0,0.0,0.0,0.0,0.0
0,0,0,0,26,0.15,75.5,2.7,222,2026-09-12 22:35:00,PT5M,0.0,0.0,0.0,0.0,0.0
0,0,0,0,26,0.15,75.5,2.8,223,2026-09-12 22:40:00,PT5M,0.0,0.0,0.0,0.0,0.0
0,0,0,0,26,0.15,75.5,2.9,223,2026-09-12 22:45:00,PT5M,0.0,0.0,0.0,0.0,0.0
0,0,0,0,26,0.15,75.5,3.0,223,2026-09-12 22:50:00,PT5M,0.0,0.0,0.0,0.0,0.0
0,0,0,0,26,0.15,75.6,3.1,224,2026-09-12 22:55:00,PT5M,0.0,0.0,0.0,0.0,0.0
0,0,0,0,26,0.15,75.6,3.2,224,2026-09-12 23:00:00,PT5M,0.0,0.0,0.0,0.0,0.0
0,0,0,0,26,0.15,75.6,3.3,225,2026-09-12 23:05:00,PT5M,0.0,0.0,0.0,0.0,0.0
0,0,0,0,26,0.15,75.6,3.3,225,2026-09-12 23:10:00,PT5M,0.0,0.0,0.0,0.0,0.0
0,0,0,0,26,0.15,75.6,3.4,225,2026-09-12 23:15:00,PT5M,0.0,0.0,0.0,0.0,0.0
0,0,0,0,26,0.15,75.7,3.5,225,2026-09-12 23:20:00,PT5M,0.0,0.0,0.0,0.0,0.0
0,0,0,0,25,0.15,75.7,3.6,226,2026-09-12 23:25:00,PT5M,0.0,0.0,0.0,0.0,0.0
0,0,0,0,25,0.15,75.7,3.7,226,2026-09-12 23:30:00,PT5M,0.0,0.0,0.0,0.0,0.0
0,0,0,0,25,0.15,75.7,3.7,226,2026-09-12 23:35:00,PT5M,0.0,0.0,0.0,0.0,0.0
0,0,0,0,25,0.15,75.6,3.8,226,2026-09-12 23:40:00,PT5M,0.0,0.0,0.0,0.0,0.0
0,0,0,0,25,0.15,75.5,3.8,226,2026-09-12 23:45:00,PT5M,0.0,0.0,0.0,0.0,0.0
0,0,0,0,25,0.15,75.4,3.8,226,2026-09-12 23:50:00,PT5M,0.0,0.0,0.0,0.0,0.0
0,0,0,0,25,0.15,75.3,3.8,226,2026-09-12 23:55:00,PT5M,0.0,0.0,0.0,0.0,0.0
0,0,0,0,25,0.15,75.2,3.8,227,2026-09-13 00:00:00,PT5M,0.0,0.0,0.0,0.0,0.0
0,0,0,0,25,0.15,75.1,3.8,227,2026-09-13 00:05:00,PT5M,0.0,0.0,0.0,0.0,0.0
0,0,0,0,25,0.15,75.0,3.8,227,2026-09-13 00:10:00,PT5M,0.0,0.0,0.0,0.0,0.0
0,0,0,0,25,0.15,75.0,3.8,227,2026-09-13 00:15:00,PT5M,0.0,0.0,0.0,0.0,0.0
0,0,0,0,26,0.15,74.9,3.8,227,2026-09-13 00:20:00,PT5M,0.0,0.0,0.0,0.0,0.0
0,0,0,0,26,0.15,74.8,3.8,227,2026-09-13 00:25:00,PT5M,0.0,0.0,0.0,0.0,0.0
0,0,0,0,26,0.15,74.7,3.8,227,2026-09-13 00:30:00,PT5M,0.0,0.0,0.0,0.0,0.0
0,0,0,0,26,0.15,74.6,3.8,227,2026-09-13 00:35:00,PT5M,0.0,0.0,0.0,0.0,0.0
0,0,0,0,26,0.15,74.5,3.8,227,2026-09-13 00:40:00,PT5M,0.0,0.0,0.0,0.0,0.0
0,0,0,0,26,0.15,74.4,3.8,227,2026-09-13 00:45:00,PT5M,0.0,0.0,0.0,0.0,0.0
0,0,0,0,26,0.15,74.3,3.8,227,2026-09-13 00:50:00,PT5M,0.0,0.0,0.0,0.0,0.0
0,0,0,0,26,0.15,74.2,3.8,228,2026-09-13 00:55:00,PT5M,0.0,0.0,0.0,0.0,0.0
0,0,0,0,26,0.15,74.2,3.8,228,2026-09-13 01:00:00,PT5M,0.0,0.0,0.0,0.0,0.0
0,0,0,0,26,0.15,74.1,3.8,228,2026-09-13 01:05:00,PT5M,0.0,0.0,0.0,0.0,0.0
0,0,0,0,26,0.15,74.0,3.8,228,2026-09-13 01:10:00,PT5M,0.0,0.0,0.0,0.0,0.0
0,0,0,0,26,0.15,73.9,3.8,228,2026-09-13 01:15:00,PT5M,0.0,0.0,0.0,0.0,0.0
0,0,0,0,26,0.15,73.8,3.8,228,2026-09-13 01:20:00,PT5M,0.0,0.0,0.0,0.0,0.0
0,0,0,0,26,0.15,73.7,3.8,228,2026-09-13 01:25:00,PT5M,0.0,0.0,0.0,0.0,0.0
0,0,0,0,26,0.15,73.6,3.8,228,2026-09-13 01:30:00,PT5M,0.0,0.0,0.0,0.0,0.0
0,0,0,0,26,0.15,73.5,3.8,228,2026-09-13 01:35:00,PT5M,0.0,0.0,0.0,0.0,0.0
0,0,0,0,26,0.15,73.5,3.8,228,2026-09-13 01:40:00,PT5M,0.0,0.0,0.0,0.0,0.0
0,0,0,0,26,0.15,73.4,3.8,228,2026-09-13 01:45:00,PT5M,0.0,0.0,0.0,0.0,0.0
0,0,0,0,26,0.15,73.3,3.8,229,2026-09-13 01:50:00,PT5M,0.0,0.0,0.0,0.0,0.0
0,0,0,0,26,0.15,73.2,3.8,229,2026-09-13 01:55:00,PT5M,0.0,0.0,0.0,0.0,0.0
0,0,0,0,26,0.15,73.1,3.8,229,2026-09-13 02:00:00,PT5M,0.0,0.0,0.0,0.0,0.0
0,0,0,0,26,0.15,73.0,3.8,229,2026-09-13 02:05:00,PT5M,0.0,0.0,0.0,0.0,0.0
0,0,0,0,26,0.15,72.9,3.8,229,2026-09-13 02:10:00,PT5M,0.0,0.0,0.0,0.0,0.0
0,0,0,0,26,0.15,72.9,3.8,229,2026-09-13 02:15:00,PT5M,0.0,0.0,0.0,0.0,0.0
0,0,0,0,26,0.15,72.8,3.8,229,2026-09-13 02:20:00,PT5M,0.0,0.0,0.0,0.0,0.0
0,0,0,0,26,0.15,72.7,3.8,229,2026-09-13 02:25:00,PT5M,0.0,0.0,0.0,0.0,0.0
0,0,0,0,26,0.15,72.6,3.8,229,2026-09-13 02:30:00,PT5M,0.0,0.0,0.0,0.0,0.0
0,0,0,0,26,0.15,72.5,3.8,229,2026-09-13 02:35:00,PT5M,0.0,0.0,0.0,0.0,0.0
0,0,0,0,26,0.15,72.5,3.8,229,2026-09-13 02:40:00,PT5M,0.0,0.0,0.0,0.0,0.0
0,0,0,0,26,0.15,72.4,3.8,229,2026-09-13 02:45:00,PT5M,0.0,0.0,0.0,0.0,0.0
0,0,0,0,26,0.15,72.4,3.8,229,2026-09-13 02:50:00,PT5M,0.0,0.0,0.0,0.0,0.0
0,0,0,0,26,0.15,72.3,3.8,229,2026-09-13 02:55:00,PT5M,0.0,0.0,0.0,0.0,0.0
0,0,0,0,26,0.15,72.3,3.8,228,2026-09-13 03:00:00,PT5M,0.0,0.0,0.0,0.0,0.0
0,0,0,0,26,0.15,72.2,3.8,228,2026-09-13 03:05:00,PT5M,0.0,0.0,0.0,0.0,0.0
0,0,0,0,26,0.15,72.2,3.8,228,2026-09-13 03:10:00,PT5M,0.0,0.0,0.0,0.0,0.0
0,0,0,0,26,0.15,72.1,3.8,228,2026-09-13 03:15:00,PT5M,0.0,0.0,0.0,0.0,0.0
0,0,0,0,26,0.15,72.1,3.8,228,2026-09-13 03:20:00,PT5M,0.0,0.0,0.0,0.0,0.0
0,0,0,0,26,0.15,72.0,3.8,228,2026-09-13 03:25:00,PT5M,0.0,0.0,0.0,0.0,0.0
0,0,0,0,26,0.15,72.0,3.8,228,2026-09-13 03:30:00,PT5M,0.0,0.0,0.0,0.0,0.0
0,0,0,0,26,0.15,71.9,3.7,227,2026-09-13 03:35:00,PT5M,0.0,0.0,0.0,0.0,0.0
0,0,0,0,26,0.15,71.9,3.7,227,2026-09-13 03:40:00,PT5M,0.0,0.0,0.0,0.0,0.0
0,0,0,0,26,0.15,71.8,3.7,227,2026-09-13 03:45:00,PT5M,0.0,0.0,0.0,0.0,0.0
0,0,0,0,26,0.15,71.8,3.7,227,2026-09-13 03:50:00,PT5M,0.0,0.0,0.0,0.0,0.0
0,0,0,0,26,0.15,71.7,3.7,227,2026-09-13 03:55:00,PT5M,0.0,0.0,0.0,0.0,0.0
0,0,0,0,26,0.15,71.7,3.7,227,2026-09-13 04:00:00,PT5M,0.0,0.0,0.0,0.0,0.0
0,0,0,0,26,0.15,71.7,3.7,227,2026-09-13 04:05:00,PT5M,0.0,0.0,0.0,0.0,0.0
0,0,0,0,26,0.15,71.6,3.7,226,2026-09-13 04:10:00,PT5M,0.0,0.0,0.0,0.0,0.0
0,0,0,0,26,0.15,71.6,3.7,226,2026-09-13 04:15:00,PT5M,0.0,0.0,0.0,0.0,0.0
0,0,0,0,26,0.15,71.5,3.7,226,2026-09-13 04:20:00,PT5M,0.0,0.0,0.0,0.0,0.0
0,0,0,0,26,0.15,71.5,3.7,226,2026-09-13 04:25:00,PT5M,0.0,0.0,0.0,0.0,0.0
0,0,0,0,26,0.15,71.4,3.7,226,2026-09-13 04:30:00,PT5M,0.0,0.0,0.0,0.0,0.0
0,0,0,0,26,0.15,71.4,3.7,226,2026-09-13 04:35:00,PT5M,0.0,0.0,0.0,0.0,0.0
0,0,0,0,26,0.15,71.3,3.7,226,2026-09-13 04:40:00,PT5M,0.0,0.0,0.0,0.0,0.0
0,0,0,0,26,0.15,71.3,3.7,225,2026-09-13 04:45:00,PT5M,0.0,0.0,0.0,0.0,0.0
0,0,0,0,26,0.15,71.2,3.7,225,2026-09-13 04:50:00,PT5M,0.0,0.0,0.0,0.0,0.0
0,0,0,0,26,0.15,71.2,3.7,225,2026-09-13 04:55:00,PT5M,0.0,0.0,0.0,0.0,0.0
0,0,0,0,26,0.15,71.1,3.6,225,2026-09-13 05:00:00,PT5M,0.0,0.0,0.0,0.0,0.0
0,0,0,0,26,0.15,71.1,3.6,225,2026-09-13 05:05:00,PT5M,0.0,0.0,0.0,0.0,0.0
0,0,0,0,26,0.15,71.0,3.6,225,2026-09-13 05:10:00,PT5M,0.0,0.0,0.0,0.0,0.0
0,0,0,0,26,0.15,71.0,3.6,224,2026-09-13 05:15:00,PT5M,0.0,0.0,0.0,0.0,0.0
0,0,0,0,26,0.15,70.9,3.6,224,2026-09-13 05:20:00,PT5M,0.0,0.0,0.0,0.0,0.0
0,0,0,0,26,0.15,70.9,3.6,224,2026-09-13 05:25:00,PT5M,0.0,0.0,0.0,0.0,0.0
0,0,0,0,26,0.15,70.8,3.6,224,2026-09-13 05:30:00,PT5M,0.0,0.0,0.0,0.0,0.0
0,0,0,0,26,0.15,70.5,3.6,224,2026-09-13 05:35:00,PT5M,0.0,0.0,0.0,0.0,0.0
0,0,0,0,26,0.15,70.0,3.6,225,2026-09-13 05:40:00,PT5M,0.0,0.0,0.0,0.0,0.0
0,0,0,0,26,0.15,69.4,3.6,225,2026-09-13 05:45:00,PT5M,0.0,0.0,0.0,0.0,0.0
0,0,0,0,26,0.15,68.9,3.6,226,2026-09-13 05:50:00,PT5M,0.0,0.0,0.0,0.0,0.0
0,0,0,0,26,0.15,68.4,3.6,226,2026-09-13 05:55:00,PT5M,0.0,0.0,0.0,0.0,0.0
0,0,0,0,26,0.15,67.9,3.6,227,2026-09-13 06:00:00,PT5M,0.0,0.0,0.0,0.0,0.0
3,3,0,3,27,0.15,67.3,3.6,227,2026-09-13 06:05:00,PT5M,0.0,0.021,0.0111,0.0,0.0
9,9,0,9,27,0.15,66.8,3.6,228,2026-09-13 06:10:00,PT5M,0.489,1.0765,0.7982,0.1798,0.0
15,15,0,15,27,0.15,66.3,3.6,228,2026-09-13 06:15:00,PT5M,1.318,2.4075,1.8914,0.7446,0.2285
22,22,0,22,27,0.15,65.8,3.6,229,2026-09-13 06:20:00,PT5M,2.247,3.9635,3.1504,1.3436,0.5305
30,30,0,30,27,0.15,65.3,3.6,229,2026-09-13 06:25:00,PT5M,3.28,5.8475,4.6313,1.9287,0.7125
40,40,0,40,27,0.15,64.8,3.6,230,2026-09-13 06:30:00,PT5M,4.509,8.1815,6.4419,2.5761,0.8365
50,50,0,50,27,0.15,64.3,3.6,230,2026-09-13 06:35:00,PT5M,5.933,12.1795,9.2206,2.6454,0.0
62,62,0,62,27,0.15,63.8,3.6,231,2026-09-13 06:40:00,PT5M,7.389,15.2725,11.5381,3.2399,0.0
75,75,0,75,28,0.15,63.3,3.6,231,2026-09-13 06:45:00,PT5M,8.969,18.5205,13.996,3.942,0.0
89,89,5,88,28,0.15,62.8,3.6,232,2026-09-13 06:50:00,PT5M,10.992,22.205,16.8935,5.0905,0.0
103,104,29,97,28,0.15,62.3,3.6,232,2026-09-13 06:55:00,PT5M,13.756,26.6585,20.5467,6.9653,0.8535
119,119,53,106,28,0.15,61.8,3.6,233,2026-09-13 07:00:00,PT5M,16.84,31.5075,24.5596,9.1204,2.1725
134,135,75,115,28,0.15,61.4,3.6,233,2026-09-13 07:05:00,PT5M,20.002,36.5145,28.6926,11.3114,3.4895
150,151,96,123,28,0.15,60.9,3.6,234,2026-09-13 07:10:00,PT5M,23.234,41.6275,32.9146,13.5534,4.8405
166,168,117,131,28,0.15,60.4,3.7,234,2026-09-13 07:15:00,PT5M,26.775,47.072,37.4575,16.0925,6.478
183,185,138,138,28,0.15,60.0,3.7,235,2026-09-13 07:20:00,PT5M,30.518,52.7735,42.2312,18.8048,8.2625
201,203,159,146,28,0.15,59.5,3.7,235,2026-09-13 07:25:00,PT5M,34.439,58.6085,47.1596,21.7184,10.2695
219,221,181,152,29,0.15,59.1,3.7,235,2026-09-13 07:30:00,PT5M,38.55,64.6285,52.2753,24.8247,12.4715
237,239,203,159,29,0.15,58.6,3.7,236,2026-09-13 07:35:00,PT5M,42.85,70.837,57.5798,28.1202,14.863
256,258,226,164,29,0.15,58.2,3.7,236,2026-09-13 07:40:00,PT5M,47.313,77.2405,63.0641,31.5619,17.3855
276,278,249,169,29,0.15,57.7,3.7,237,2026-09-13 07:45:00,PT5M,51.665,83.215,68.27,35.06,20.115
295,298,272,174,29,0.15,57.3,3.7,237,2026-09-13 07:50:00,PT5M,55.211,87.1775,72.0352,38.3868,23.2445
316,318,296,177,29,0.15,56.9,3.7,238,2026-09-13 07:55:00,PT5M,58.711,91.029,75.7202,41.7018,26.393
336,339,321,181,29,0.15,56.4,3.7,238,2026-09-13 08:00:00,PT5M,62.154,94.756,79.3127,44.9953,29.552
357,360,345,183,29,0.15,56.0,3.7,239,2026-09-13 08:05:00,PT5M,65.522,98.3335,82.7909,48.2531,32.7105
379,382,371,185,29,0.15,55.6,3.7,239,2026-09-13 08:10:00,PT5M,68.767,100.0,86.1028,51.4312,35.8285
400,403,396,185,30,0.15,55.1,3.7,240,2026-09-13 08:15:00,PT5M,71.931,100.0,89.2852,54.5768,38.9575
422,425,423,186,30,0.15,54.7,3.7,240,2026-09-13 08:20:00,PT5M,74.966,100.0,92.2873,57.6447,42.055
445,448,449,185,30,0.15,54.3,3.7,241,2026-09-13 08:25:00,PT5M,77.839,100.0,95.0635,60.6145,45.112
467,470,476,184,30,0.15,53.9,3.8,241,2026-09-13 08:30:00,PT5M,80.587,100.0,97.6717,63.5023,48.1255
487,490,492,185,30,0.15,53.3,3.8,241,2026-09-13 08:35:00,PT5M,82.444,100.0,99.4395,65.4485,50.152
503,506,499,189,30,0.15,52.4,3.8,241,2026-09-13 08:40:00,PT5M,83.439,100.0,100.0,66.4693,51.196
519,522,505,192,30,0.15,51.6,3.9,241,2026-09-13 08:45:00,PT5M,84.376,100.0,100.0,67.4405,52.198
535,538,511,196,31,0.15,50.8,3.9,241,2026-09-13 08:50:00,PT5M,85.258,100.0,100.0,68.3606,53.1525
551,554,516,200,31,0.15,50.0,4.0,241,2026-09-13 08:55:00,PT5M,86.096,100.0,100.0,69.2429,54.0745
566,569,521,203,31,0.15,49.2,4.0,240,2026-09-13 09:00:00,PT5M,86.891,100.0,100.0,70.0592,54.91
582,584,528,206,31,0.15,48.5,4.1,240,2026-09-13 09:05:00,PT5M,87.745,100.0,100.0,70.9703,55.8725
597,600,535,209,31,0.15,47.7,4.1,240,2026-09-13 09:10:00,PT5M,88.624,100.0,100.0,71.9664,56.974
612,615,542,211,31,0.15,47.0,4.2,240,2026-09-13 09:15:00,PT5M,89.504,100.0,100.0,73.0658,58.271
627,630,549,213,32,0.15,46.2,4.2,240,2026-09-13 09:20:00,PT5M,90.299,100.0,100.0,74.0743,59.4715
642,645,556,215,32,0.15,45.5,4.3,240,2026-09-13 09:25:00,PT5M,91.058,100.0,100.0,75.0401,60.6235
657,659,562,217,32,0.15,44.8,4.3,240,2026-09-13 09:30:00,PT5M,91.782,100.0,100.0,75.9644,61.728
671,673,568,218,32,0.15,44.1,4.4,239,2026-09-13 09:35:00,PT5M,92.473,100.0,100.0,76.863,62.8135
684,687,574,220,32,0.15,43.4,4.4,239,2026-09-13 09:40:00,PT5M,93.133,100.0,100.0,77.7372,63.8805
698,700,580,221,32,0.15,42.8,4.5,239,2026-09-13 09:45:00,PT5M,93.727,100.0,100.0,78.5336,64.859
710,713,584,223,33,0.15,42.1,4.5,239,2026-09-13 09:50:00,PT5M,94.266,100.0,100.0,79.2639,65.7615
723,725,589,225,33,0.15,41.4,4.5,239,2026-09-13 09:55:00,PT5M,94.778,100.0,100.0,79.9596,66.6225
734,737,593,226,33,0.15,40.8,4.6,239,2026-09-13 10:00:00,PT5M,95.266,100.0,100.0,80.6228,67.4435
746,748,597,228,33,0.15,40.2,4.6,239,2026-09-13 10:05:00,PT5M,95.716,100.0,100.0,81.236,68.2035
757,759,600,229,33,0.15,39.5,4.7,239,2026-09-13 10:10:00,PT5M,96.131,100.0,100.0,81.8044,68.91
767,770,604,231,33,0.15,38.9,4.7,238,2026-09-13 10:15:00,PT5M,96.522,100.0,100.0,82.3412,69.578
778,780,607,232,34,0.15,38.3,4.8,238,2026-09-13 10:20:00,PT5M,96.888,100.0,100.0,82.8453,70.2065
787,789,610,234,34,0.15,37.7,4.8,238,2026-09-13 10:25:00,PT5M,97.234,100.0,100.0,83.3229,70.8025
797,799,613,235,34,0.15,37.1,4.9,238,2026-09-13 10:30:00,PT5M,97.561,100.0,100.0,83.7749,71.367
806,808,616,236,34,0.15,36.6,4.9,238,2026-09-13 10:35:00,PT5M,97.865,100.0,100.0,84.1976,71.8965
814,816,619,237,34,0.15,36.0,5.0,238,2026-09-13 10:40:00,PT5M,98.146,100.0,100.0,84.5907,72.3905
822,824,621,238,34,0.15,35.4,5.0,238,2026-09-13 10:45:00,PT5M,98.403,100.0,100.0,84.9532,72.848
830,832,624,239,35,0.15,34.9,5.1,238,2026-09-13 10:50:00,PT5M,98.637,100.0,100.0,85.2843,73.2665
837,839,626,240,35,0.15,34.3,5.1,238,2026-09-13 10:55:00,PT5M,98.846,100.0,100.0,85.5804,73.641
844,846,629,241,35,0.15,33.8,5.2,237,2026-09-13 11:00:00,PT5M,99.026,100.0,100.0,85.827,73.9475
850,852,631,241,35,0.15,33.3,5.2,237,2026-09-13 11:05:00,PT5M,99.178,100.0,100.0,86.0348,74.2055
856,858,632,242,35,0.15,32.8,5.3,237,2026-09-13 11:10:00,PT5M,99.31,100.0,100.0,86.2318,74.461
861,863,634,243,35,0.15,32.3,5.3,237,2026-09-13 11:15:00,PT5M,99.424,100.0,100.0,86.4082,74.6935
866,867,635,244,36,0.15,31.8,5.4,237,2026-09-13 11:20:00,PT5M,99.516,100.0,100.0,86.5446,74.87
870,872,636,244,36,0.15,31.3,5.4,237,2026-09-13 11:25:00,PT5M,99.587,100.0,100.0,86.6501,75.0065
874,876,637,245,36,0.15,30.8,5.5,237,2026-09-13 11:30:00,PT5M,99.64,100.0,100.0,86.7292,75.109
876,878,636,247,36,0.15,30.6,5.5,237,2026-09-13 11:35:00,PT5M,99.572,100.0,100.0,86.6569,75.033
876,878,632,250,36,0.15,30.6,5.6,236,2026-09-13 11:40:00,PT5M,99.384,100.0,100.0,86.4342,74.779
876,878,628,253,36,0.15,30.6,5.6,235,2026-09-13 11:45:00,PT5M,99.177,100.0,100.0,86.1843,74.4905
875,877,622,256,36,0.15,30.6,5.7,235,2026-09-13 11:50:00,PT5M,98.914,100.0,100.0,85.8655,74.1215
874,875,617,259,36,0.15,30.6,5.7,234,2026-09-13 11:55:00,PT5M,98.633,100.0,100.0,85.5206,73.719
872,873,612,262,36,0.15,30.6,5.8,233,2026-09-13 12:00:00,PT5M,98.335,100.0,100.0,85.1513,73.2855
869,871,607,264,36,0.15,30.7,5.8,233,2026-09-13 12:05:00,PT5M,98.087,100.0,100.0,84.8259,72.8905
867,868,603,266,36,0.15,30.7,5.9,232,2026-09-13 12:10:00,PT5M,97.887,100.0,100.0,84.5433,72.5335
864,865,599,268,36,0.15,30.7,5.9,232,2026-09-13 12:15:00,PT5M,97.669,100.0,100.0,84.2353,72.1445
860,862,594,270,36,0.15,30.7,6.0,231,2026-09-13 12:20:00,PT5M,97.431,100.0,100.0,83.8999,71.7215
856,857,589,272,36,0.15,30.7,6.0,231,2026-09-13 12:25:00,PT5M,97.138,100.0,100.0,83.498,71.2215
851,852,584,273,36,0.15,30.7,6.1,230,2026-09-13 12:30:00,PT5M,96.821,100.0,100.0,83.0649,70.684
845,847,578,275,36,0.15,30.7,6.1,230,2026-09-13 12:35:00,PT5M,96.482,100.0,100.0,82.6038,70.113
840,841,573,277,36,0.15,30.8,6.2,229,2026-09-13 12:40:00,PT5M,96.122,100.0,100.0,82.1159,69.51
833,835,567,278,36,0.15,30.8,6.2,229,2026-09-13 12:45:00,PT5M,95.741,100.0,100.0,81.5999,68.8725
827,828,561,279,36,0.15,30.8,6.3,228,2026-09-13 12:50:00,PT5M,95.336,100.0,100.0,81.0518,68.1955
820,821,556,280,36,0.15,30.8,6.4,228,2026-09-13 12:55:00,PT5M,94.904,100.0,100.0,80.4611,67.462
812,814,550,281,36,0.15,30.8,6.4,227,2026-09-13 13:00:00,PT5M,94.451,100.0,100.0,79.8486,66.706
804,806,544,282,36,0.15,30.8,6.5,227,2026-09-13 13:05:00,PT5M,93.971,100.0,100.0,79.2183,65.9405
795,797,537,284,36,0.15,30.8,6.5,226,2026-09-13 13:10:00,PT5M,93.449,100.0,100.0,78.5371,65.116
786,788,530,285,36,0.15,30.9,6.6,226,2026-09-13 13:15:00,PT5M,92.962,100.0,100.0,77.8744,64.295
777,779,522,286,36,0.15,30.9,6.6,225,2026-09-13 13:20:00,PT5M,92.372,100.0,100.0,77.1012,63.357
767,769,515,287,36,0.15,30.9,6.7,225,2026-09-13 13:25:00,PT5M,91.753,100.0,100.0,76.2943,62.381
757,759,508,287,36,0.15,30.9,6.8,224,2026-09-13 13:30:00,PT5M,91.106,100.0,100.0,75.4557,61.37
747,749,502,287,36,0.15,30.9,6.8,224,2026-09-13 13:35:00,PT5M,90.492,100.0,100.0,74.6578,60.4065
737,739,497,287,36,0.15,30.9,6.9,224,2026-09-13 13:40:00,PT5M,89.912,100.0,100.0,73.9015,59.4915
727,729,491,286,36,0.15,30.9,6.9,223,2026-09-13 13:45:00,PT5M,89.308,100.0,100.0,73.1175,58.5455
717,719,486,285,36,0.15,30.9,7.0,223,2026-09-13 13:50:00,PT5M,88.679,100.0,100.0,72.3048,57.5675
706,708,480,284,36,0.15,31.0,7.1,222,2026-09-13 13:55:00,PT5M,88.021,100.0,100.0,71.4592,56.553
695,697,475,282,36,0.15,31.0,7.1,222,2026-09-13 14:00:00,PT5M,87.334,100.0,100.0,70.5803,55.5015
683,685,470,281,36,0.15,31.0,7.2,222,2026-09-13 14:05:00,PT5M,86.628,100.0,100.0,69.6793,54.425
671,673,464,279,36,0.15,31.0,7.2,221,2026-09-13 14:10:00,PT5M,85.902,100.0,100.0,68.7531,53.3185
659,661,459,276,36,0.15,31.0,7.3,221,2026-09-13 14:15:00,PT5M,85.148,100.0,100.0,67.7951,52.177
647,649,454,274,36,0.15,31.0,7.4,220,2026-09-13 14:20:00,PT5M,84.366,100.0,100.0,66.8058,51.001
634,636,448,272,36,0.15,31.0,7.4,220,2026-09-13 14:25:00,PT5M,83.531,100.0,100.0,65.7589,49.7635
620,623,441,269,36,0.15,31.1,7.5,220,2026-09-13 14:30:00,PT5M,82.63,100.0,100.0,64.6408,48.45
606,608,431,268,36,0.15,31.2,7.5,220,2026-09-13 14:35:00,PT5M,81.521,100.0,99.7531,63.2889,46.8795
589,592,419,267,36,0.15,31.5,7.5,219,2026-09-13 14:40:00,PT5M,80.195,100.0,98.6868,61.7032,45.06
573,575,407,266,36,0.15,31.9,7.4,219,2026-09-13 14:45:00,PT5M,78.827,100.0,97.4572,60.1968,43.429
556,559,394,264,36,0.15,32.2,7.4,219,2026-09-13 14:50:00,PT5M,77.414,100.0,96.1742,58.6538,41.769
540,542,382,262,36,0.15,32.5,7.3,219,2026-09-13 14:55:00,PT5M,75.957,100.0,94.8383,57.0757,40.082
523,525,370,260,36,0.15,32.9,7.3,219,2026-09-13 15:00:00,PT5M,74.453,100.0,93.4458,55.4602,38.366
506,509,357,258,35,0.15,33.2,7.3,219,2026-09-13 15:05:00,PT5M,72.922,100.0,92.0091,53.8349,36.656
490,492,346,255,35,0.15,33.5,7.2,219,2026-09-13 15:10:00,PT5M,71.403,100.0,90.5356,52.2704,35.0505
473,475,334,252,35,0.15,33.9,7.2,219,2026-09-13 15:15:00,PT5M,69.83,100.0,89.0223,50.6377,33.364
457,459,322,248,35,0.15,34.2,7.1,219,2026-09-13 15:20:00,PT5M,68.203,100.0,87.4406,48.9654,31.651
440,442,311,244,35,0.15,34.6,7.1,218,2026-09-13 15:25:00,PT5M,66.509,100.0,85.7787,47.2393,29.896
423,425,299,240,35,0.15,34.9,7.1,218,2026-09-13 15:30:00,PT5M,64.748,100.0,84.0319,45.4641,28.108
406,408,286,236,35,0.15,35.3,7.0,218,2026-09-13 15:35:00,PT5M,62.845,99.4835,82.1281,43.5619,26.2065
389,391,272,231,34,0.15,35.7,7.0,218,2026-09-13 15:40:00,PT5M,60.795,97.3935,80.0571,41.5329,24.1965
371,373,259,226,34,0.15,36.0,6.9,218,2026-09-13 15:45:00,PT5M,58.664,95.149,77.8663,39.4617,22.179
354,356,245,221,34,0.15,36.4,6.9,218,2026-09-13 15:50:00,PT5M,56.43,92.692,75.5149,37.3451,20.168
337,339,231,216,34,0.15,36.8,6.9,218,2026-09-13 15:55:00,PT5M,54.098,90.044,73.0166,35.1794,18.152
320,322,217,210,34,0.15,37.2,6.8,218,2026-09-13 16:00:00,PT5M,51.724,87.265,70.4295,33.0185,16.183
303,304,203,204,34,0.15,37.5,6.8,217,2026-09-13 16:05:00,PT5M,49.254,84.327,67.7132,30.7948,14.181
286,288,189,197,33,0.15,37.9,6.8,217,2026-09-13 16:10:00,PT5M,46.748,81.3165,64.9416,28.5544,12.1795
269,271,176,191,33,0.15,38.3,6.7,217,2026-09-13 16:15:00,PT5M,44.181,78.1835,62.0768,26.2852,10.1785
253,254,162,183,33,0.15,38.7,6.7,217,2026-09-13 16:20:00,PT5M,41.562,74.941,59.1296,23.9944,8.183
236,238,148,176,33,0.15,39.1,6.6,217,2026-09-13 16:25:00,PT5M,38.483,70.06,55.1022,21.8638,6.906
220,222,135,168,33,0.15,39.5,6.6,217,2026-09-13 16:30:00,PT5M,35.288,64.7645,50.8017,19.7743,5.8115
205,206,122,160,33,0.15,39.9,6.6,217,2026-09-13 16:35:00,PT5M,32.202,59.629,46.637,17.767,4.775
189,191,109,152,33,0.15,40.4,6.5,217,2026-09-13 16:40:00,PT5M,29.23,54.5615,42.5621,15.8979,3.8985
174,176,96,143,32,0.15,40.8,6.5,216,2026-09-13 16:45:00,PT5M,26.444,49.7265,38.6977,14.1903,3.1615
160,161,82,135,32,0.15,41.2,6.4,216,2026-09-13 16:50:00,PT5M,23.585,44.8215,34.7619,12.4081,2.3485
145,146,68,126,32,0.15,41.6,6.4,216,2026-09-13 16:55:00,PT5M,20.812,40.0185,30.9205,10.7035,1.6055
131,131,54,117,32,0.15,42.1,6.4,216,2026-09-13 17:00:00,PT5M,18.153,35.359,27.2086,9.0974,0.947
117,117,38,107,32,0.15,42.5,6.3,216,2026-09-13 17:05:00,PT5M,15.589,30.852,23.622,7.556,0.326
102,103,20,98,32,0.15,43.0,6.3,216,2026-09-13 17:10:00,PT5M,13.062,26.4805,20.1243,5.9997,0.0
89,89,1,89,31,0.15,43.4,6.2,216,2026-09-13 17:15:00,PT5M,10.64,22.291,16.772,4.508,0.0
76,76,0,76,31,0.15,43.9,6.2,215,2026-09-13 17:20:00,PT5M,8.903,18.8175,14.1211,3.6849,0.0
63,64,0,64,31,0.15,44.3,6.2,215,2026-09-13 17:25:00,PT5M,7.421,15.6155,11.7338,3.1082,0.0
52,52,0,52,31,0.15,44.8,6.1,215,2026-09-13 17:30:00,PT5M,6.032,12.549,9.4619,2.6021,0.0
41,41,0,41,31,0.15,45.2,6.1,215,2026-09-13 17:35:00,PT5M,4.634,9.5765,7.2353,2.0327,0.0
32,32,0,32,31,0.15,45.7,6.1,215,2026-09-13 17:40:00,PT5M,3.409,6.9455,5.2703,1.5477,0.0
23,23,0,23,31,0.15,46.1,6.1,215,2026-09-13 17:45:00,PT5M,2.369,4.7645,3.6298,1.1082,0.0
16,16,0,16,31,0.15,46.6,6.1,216,2026-09-13 17:50:00,PT5M,1.423,2.844,2.1709,0.6751,0.002
9,9,0,9,30,0.15,47.0,6.1,216,2026-09-13 17:55:00,PT5M,0.569,1.2365,0.9203,0.2177,0.0
4,4,0,4,30,0.15,47.5,6.1,216,2026-09-13 18:00:00,PT5M,0.0,0.067,0.0353,0.0,0.0
0,0,0,0,30,0.15,48.0,6.1,216,2026-09-13 18:05:00,PT5M,0.0,0.0,0.0,0.0,0.0
0,0,0,0,30,0.15,48.4,6.1,216,2026-09-13 18:10:00,PT5M,0.0,0.0,0.0,0.0,0.0
0,0,0,0,30,0.15,48.9,6.1,217,2026-09-13 18:15:00,PT5M,0.0,0.0,0.0,0.0,0.0
0,0,0,0,30,0.15,49.4,6.1,217,2026-09-13 18:20:00,PT5M,0.0,0.0,0.0,0.0,0.0
0,0,0,0,30,0.15,49.9,6.0,217,2026-09-13 18:25:00,PT5M,0.0,0.0,0.0,0.0,0.0
0,0,0,0,30,0.15,50.4,6.0,217,2026-09-13 18:30:00,PT5M,0.0,0.0,0.0,0.0,0.0
0,0,0,0,30,0.15,50.8,6.0,217,2026-09-13 18:35:00,PT5M,0.0,0.0,0.0,0.0,0.0
0,0,0,0,30,0.15,51.3,6.0,218,2026-09-13 18:40:00,PT5M,0.0,0.0,0.0,0.0,0.0
0,0,0,0,29,0.15,51.8,6.0,218,2026-09-13 18:45:00,PT5M,0.0,0.0,0.0,0.0,0.0
0,0,0,0,29,0.15,52.4,6.0,218,2026-09-13 18:50:00,PT5M,0.0,0.0,0.0,0.0,0.0
0,0,0,0,29,0.15,52.9,6.0,218,2026-09-13 18:55:00,PT5M,0.0,0.0,0.0,0.0,0.0
0,0,0,0,29,0.15,53.4,6.0,218,2026-09-13 19:00:00,PT5M,0.0,0.0,0.0,0.0,0.0
0,0,0,0,29,0.15,53.9,6.0,219,2026-09-13 19:05:00,PT5M,0.0,0.0,0.0,0.0,0.0
0,0,0,0,29,0.15,54.4,6.0,219,2026-09-13 19:10:00,PT5M,0.0,0.0,0.0,0.0,0.0
0,0,0,0,29,0.15,55.0,6.0,219,2026-09-13 19:15:00,PT5M,0.0,0.0,0.0,0.0,0.0
0,0,0,0,29,0.15,55.5,6.0,219,2026-09-13 19:20:00,PT5M,0.0,0.0,0.0,0.0,0.0
0,0,0,0,29,0.15,56.1,6.0,219,2026-09-13 19:25:00,PT5M,0.0,0.0,0.0,0.0,0.0
0,0,0,0,28,0.15,56.6,6.0,220,2026-09-13 19:30:00,PT5M,0.0,0.0,0.0,0.0,0.0
0,0,0,0,28,0.15,57.2,6.0,220,2026-09-13 19:35:00,PT5M,0.0,0.0,0.0,0.0,0.0
0,0,0,0,28,0.15,57.7,6.0,220,2026-09-13 19:40:00,PT5M,0.0,0.0,0.0,0.0,0.0
0,0,0,0,28,0.15,58.3,6.0,220,2026-09-13 19:45:00,PT5M,0.0,0.0,0.0,0.0,0.0
0,0,0,0,28,0.15,58.9,6.0,221,2026-09-13 19:50:00,PT5M,0.0,0.0,0.0,0.0,0.0
0,0,0,0,28,0.15,59.4,6.0,221,2026-09-13 19:55:00,PT5M,0.0,0.0,0.0,0.0,0.0
0,0,0,0,28,0.15,60.0,6.0,221,2026-09-13 20:00:00,PT5M,0.0,0.0,0.0,0.0,0.0
0,0,0,0,28,0.15,60.6,6.0,221,2026-09-13 20:05:00,PT5M,0.0,0.0,0.0,0.0,0.0
0,0,0,0,28,0.15,61.2,6.0,221,2026-09-13 20:10:00,PT5M,0.0,0.0,0.0,0.0,0.0
0,0,0,0,28,0.15,61.8,6.0,222,2026-09-13 20:15:00,PT5M,0.0,0.0,0.0,0.0,0.0
0,0,0,0,27,0.15,62.4,6.0,222,2026-09-13 20:20:00,PT5M,0.0,0.0,0.0,0.0,0.0
0,0,0,0,27,0.15,63.0,6.0,222,2026-09-13 20:25:00,PT5M,0.0,0.0,0.0,0.0,0.0
0,0,0,0,27,0.15,63.7,5.9,222,2026-09-13 20:30:00,PT5M,0.0,0.0,0.0,0.0,0.0
0,0,0,0,27,0.15,64.0,5.9,222,2026-09-13 20:35:00,PT5M,0.0,0.0,0.0,0.0,0.0
0,0,0,0,27,0.15,64.1,5.9,222,2026-09-13 20:40:00,PT5M,0.0,0.0,0.0,0.0,0.0
0,0,0,0,27,0.15,64.2,5.9,223,2026-09-13 20:45:00,PT5M,0.0,0.0,0.0,0.0,0.0
0,0,0,0,27,0.15,64.4,5.9,223,2026-09-13 20:50:00,PT5M,0.0,0.0,0.0,0.0,0.0
0,0,0,0,27,0.15,64.5,5.9,223,2026-09-13 20:55:00,PT5M,0.0,0.0,0.0,0.0,0.0
0,0,0,0,27,0.15,64.6,5.9,223,2026-09-13 21:00:00,PT5M,0.0,0.0,0.0,0.0,0.0
0,0,0,0,27,0.15,64.7,5.9,223,2026-09-13 21:05:00,PT5M,0.0,0.0,0.0,0.0,0.0
0,0,0,0,27,0.15,64.8,5.9,223,2026-09-13 21:10:00,PT5M,0.0,0.0,0.0,0.0,0.0
0,0,0,0,27,0.15,64.9,5.9,223,2026-09-13 21:15:00,PT5M,0.0,0.0,0.0,0.0,0.0
0,0,0,0,27,0.15,65.0,5.9,223,2026-09-13 21:20:00,PT5M,0.0,0.0,0.0,0.0,0.0
0,0,0,0,27,0.15,65.1,5.9,223,2026-09-13 21:25:00,PT5M,0.0,0.0,0.0,0.0,0.0
0,0,0,0,27,0.15,65.2,5.9,223,2026-09-13 21:30:00,PT5M,0.0,0.0,0.0,0.0,0.0
0,0,0,0,27,0.15,65.3,5.9,223,2026-09-13 21:35:00,PT5M,0.0,0.0,0.0,0.0,0.0
0,0,0,0,27,0.15,65.4,5.9,224,2026-09-13 21:40:00,PT5M,0.0,0.0,0.0,0.0,0.0
0,0,0,0,27,0.15,65.5,5.9,224,2026-09-13 21:45:00,PT5M,0.0,0.0,0.0,0.0,0.0
0,0,0,0,27,0.15,65.6,5.9,224,2026-09-13 21:50:00,PT5M,0.0,0.0,0.0,0.0,0.0
0,0,0,0,27,0.15,65.7,5.9,224,2026-09-13 21:55:00,PT5M,0.0,0.0,0.0,0.0,0.0
0,0,0,0,27,0.15,65.9,5.9,224,2026-09-13 22:00:00,PT5M,0.0,0.0,0.0,0.0,0.0
0,0,0,0,27,0.15,66.0,5.9,224,2026-09-13 22:05:00,PT5M,0.0,0.0,0.0,0.0,0.0
0,0,0,0,27,0.15,66.1,5.9,224,2026-09-13 22:10:00,PT5M,0.0,0.0,0.0,0.0,0.0
0,0,0,0,27,0.15,66.2,5.9,224,2026-09-13 22:15:00,PT5M,0.0,0.0,0.0,0.0,0.0
0,0,0,0,27,0.15,66.3,5.9,224,2026-09-13 22:20:00,PT5M,0.0,0.0,0.0,0.0,0.0
0,0,0,0,27,0.15,66.4,5.9,224,2026-09-13 22:25:00,PT5M,0.0,0.0,0.0,0.0,0.0
0,0,0,0,27,0.15,66.5,5.9,224,2026-09-13 22:30:00,PT5M,0.0,0.0,0.0,0.0,0.0
0,0,0,0,27,0.15,66.6,5.9,225,2026-09-13 22:35:00,PT5M,0.0,0.0,0.0,0.0,0.0
0,0,0,0,27,0.15,66.7,5.9,225,2026-09-13 22:40:00,PT5M,0.0,0.0,0.0,0.0,0.0
0,0,0,0,27,0.15,66.8,5.9,225,2026-09-13 22:45:00,PT5M,0.0,0.0,0.0,0.0,0.0
0,0,0,0,27,0.15,67.0,5.9,225,2026-09-13 22:50:00,PT5M,0.0,0.0,0.0,0.0,0.0
0,0,0,0,27,0.15,67.1,5.9,225,2026-09-13 22:55:00,PT5M,0.0,0.0,0.0,0.0,0.0
0,0,0,0,26,0.15,67.2,5.9,225,2026-09-13 23:00:00,PT5M,0.0,0.0,0.0,0.0,0.0
0,0,0,0,26,0.15,67.3,5.9,225,2026-09-13 23:05:00,PT5M,0.0,0.0,0.0,0.0,0.0
0,0,0,0,26,0.15,67.4,5.9,225,2026-09-13 23:10:00,PT5M,0.0,0.0,0.0,0.0,0.0
0,0,0,0,26,0.15,67.5,5.9,225,2026-09-13 23:15:00,PT5M,0.0,0.0,0.0,0.0,0.0
0,0,0,0,26,0.15,67.6,5.9,225,2026-09-13 23:20:00,PT5M,0.0,0.0,0.0,0.0,0.0
0,0,0,0,26,0.15,67.7,5.9,226,2026-09-13 23:25:00,PT5M,0.0,0.0,0.0,0.0,0.0
0,0,0,0,26,0.15,67.8,5.9,226,2026-09-13 23:30:00,PT5M,0.0,0.0,0.0,0.0,0.0
0,0,0,0,26,0.15,67.9,5.9,226,2026-09-13 23:35:00,PT5M,0.0,0.0,0.0,0.0,0.0
0,0,0,0,26,0.15,68.0,5.8,226,2026-09-13 23:40:00,PT5M,0.0,0.0,0.0,0.0,0.0
0,0,0,0,26,0.15,68.1,5.8,226,2026-09-13 23:45:00,PT5M,0.0,0.0,0.0,0.0,0.0
0,0,0,0,26,0.15,68.2,5.8,226,2026-09-13 23:50:00,PT5M,0.0,0.0,0.0,0.0,0.0
0,0,0,0,26,0.15,68.2,5.8,226,2026-09-13 23:55:00,PT5M,0.0,0.0,0.0,0.0,0.0
0,0,0,0,26,0.15,68.3,5.8,226,2026-09-14 00:00:00,PT5M,0.0,0.0,0.0,0.0,0.0
0,0,0,0,26,0.15,68.4,5.8,226,2026-09-14 00:05:00,PT5M,0.0,0.0,0.0,0.0,0.0
0,0,0,0,26,0.15,68.5,5.7,226,2026-09-14 00:10:00,PT5M,0.0,0.0,0.0,0.0,0.0
0,0,0,0,26,0.15,68.6,5.7,226,2026-09-14 00:15:00,PT5M,0.0,0.0,0.0,0.0,0.0
0,0,0,0,26,0.15,68.6,5.7,226,2026-09-14 00:20:00,PT5M,0.0,0.0,0.0,0.0,0.0
0,0,0,0,26,0.15,68.7,5.7,226,2026-09-14 00:25:00,PT5M,0.0,0.0,0.0,0.0,0.0
0,0,0,0,26,0.15,68.8,5.7,226,2026-09-14 00:30:00,PT5M,0.0,0.0,0.0,0.0,0.0
0,0,0,0,26,0.15,68.9,5.6,226,2026-09-14 00:35:00,PT5M,0.0,0.0,0.0,0.0,0.0
0,0,0,0,26,0.15,68.9,5.6,227,2026-09-14 00:40:00,PT5M,0.0,0.0,0.0,0.0,0.0
0,0,0,0,26,0.15,69.0,5.6,227,2026-09-14 00:45:00,PT5M,0.0,0.0,0.0,0.0,0.0
0,0,0,0,26,0.15,69.1,5.6,227,2026-09-14 00:50:00,PT5M,0.0,0.0,0.0,0.0,0.0
0,0,0,0,26,0.15,69.2,5.6,227,2026-09-14 00:55:00,PT5M,0.0,0.0,0.0,0.0,0.0
0,0,0,0,26,0.15,69.3,5.6,227,2026-09-14 01:00:00,PT5M,0.0,0.0,0.0,0.0,0.0
0,0,0,0,26,0.15,69.3,5.5,227,2026-09-14 01:05:00,PT5M,0.0,0.0,0.0,0.0,0.0
0,0,0,0,26,0.15,69.4,5.5,227,2026-09-14 01:10:00,PT5M,0.0,0.0,0.0,0.0,0.0
0,0,0,0,26,0.15,69.5,5.5,227,2026-09-14 01:15:00,PT5M,0.0,0.0,0.0,0.0,0.0
0,0,0,0,26,0.15,69.6,5.5,227,2026-09-14 01:20:00,PT5M,0.0,0.0,0.0,0.0,0.0
0,0,0,0,26,0.15,69.7,5.5,227,2026-09-14 01:25:00,PT5M,0.0,0.0,0.0,0.0,0.0
0,0,0,0,26,0.15,69.7,5.5,227,2026-09-14 01:30:00,PT5M,0.0,0.0,0.0,0.0,0.0
0,0,0,0,26,0.15,69.8,5.4,227,2026-09-14 01:35:00,PT5M,0.0,0.0,0.0,0.0,0.0
0,0,0,0,26,0.15,69.9,5.4,227,2026-09-14 01:40:00,PT5M,0.0,0.0,0.0,0.0,0.0
0,0,0,0,26,0.15,70.0,5.4,227,2026-09-14 01:45:00,PT5M,0.0,0.0,0.0,0.0,0.0
0,0,0,0,26,0.15,70.1,5.4,227,2026-09-14 01:50:00,PT5M,0.0,0.0,0.0,0.0,0.0
0,0,0,0,26,0.15,70.1,5.4,228,2026-09-14 01:55:00,PT5M,0.0,0.0,0.0,0.0,0.0
0,0,0,0,26,0.15,70.2,5.4,228,2026-09-14 02:00:00,PT5M,0.0,0.0,0.0,0.0,0.0
0,0,0,0,26,0.15,70.3,5.3,228,2026-09-14 02:05:00,PT5M,0.0,0.0,0.0,0.0,0.0
0,0,0,0,26,0.15,70.4,5.3,228,2026-09-14 02:10:00,PT5M,0.0,0.0,0.0,0.0,0.0
0,0,0,0,26,0.15,70.5,5.3,228,2026-09-14 02:15:00,PT5M,0.0,0.0,0.0,0.0,0.0
0,0,0,0,26,0.15,70.5,5.3,228,2026-09-14 02:20:00,PT5M,0.0,0.0,0.0,0.0,0.0
0,0,0,0,25,0.15,70.6,5.3,228,2026-09-14 02:25:00,PT5M,0.0,0.0,0.0,0.0,0.0
0,0,0,0,25,0.15,70.7,5.2,228,2026-09-14 02:30:00,PT5M,0.0,0.0,0.0,0.0,0.0
0,0,0,0,25,0.15,70.7,5.2,228,2026-09-14 02:35:00,PT5M,0.0,0.0,0.0,0.0,0.0
0,0,0,0,25,0.15,70.6,5.3,228,2026-09-14 02:40:00,PT5M,0.0,0.0,0.0,0.0,0.0
0,0,0,0,25,0.15,70.6,5.3,228,2026-09-14 02:45:00,PT5M,0.0,0.0,0.0,0.0,0.0
0,0,0,0,25,0.15,70.5,5.3,228,2026-09-14 02:50:00,PT5M,0.0,0.0,0.0,0.0,0.0
0,0,0,0,25,0.15,70.4,5.3,228,2026-09-14 02:55:00,PT5M,0.0,0.0,0.0,0.0,0.0
0,0,0,0,25,0.15,70.3,5.3,228,2026-09-14 03:00:00,PT5M,0.0,0.0,0.0,0.0,0.0
0,0,0,0,25,0.15,70.3,5.3,228,2026-09-14 03:05:00,PT5M,0.0,0.0,0.0,0.0,0.0
0,0,0,0,25,0.15,70.2,5.3,228,2026-09-14 03:10:00,PT5M,0.0,0.0,0.0,0.0,0.0
0,0,0,0,25,0.15,70.1,5.4,228,2026-09-14 03:15:00,PT5M,0.0,0.0,0.0,0.0,0.0
0,0,0,0,25,0.15,70.1,5.4,228,2026-09-14 03:20:00,PT5M,0.0,0.0,0.0,0.0,0.0
0,0,0,0,25,0.15,70.0,5.4,228,2026-09-14 03:25:00,PT5M,0.0,0.0,0.0,0.0,0.0
0,0,0,0,25,0.15,69.9,5.4,228,2026-09-14 03:30:00,PT5M,0.0,0.0,0.0,0.0,0.0
0,0,0,0,25,0.15,69.8,5.4,228,2026-09-14 03:35:00,PT5M,0.0,0.0,0.0,0.0,0.0
0,0,0,0,25,0.15,69.8,5.4,228,2026-09-14 03:40:00,PT5M,0.0,0.0,0.0,0.0,0.0
0,0,0,0,25,0.15,69.7,5.4,228,2026-09-14 03:45:00,PT5M,0.0,0.0,0.0,0.0,0.0
0,0,0,0,25,0.15,69.6,5.5,228,2026-09-14 03:50:00,PT5M,0.0,0.0,0.0,0.0,0.0
0,0,0,0,25,0.15,69.5,5.5,228,2026-09-14 03:55:00,PT5M,0.0,0.0,0.0,0.0,0.0
0,0,0,0,25,0.15,69.5,5.5,228,2026-09-14 04:00:00,PT5M,0.0,0.0,0.0,0.0,0.0
0,0,0,0,26,0.15,69.4,5.5,228,2026-09-14 04:05:00,PT5M,0.0,0.0,0.0,0.0,0.0
0,0,0,0,26,0.15,69.3,5.5,228,2026-09-14 04:10:00,PT5M,0.0,0.0,0.0,0.0,0.0
0,0,0,0,26,0.15,69.3,5.5,228,2026-09-14 04:15:00,PT5M,0.0,0.0,0.0,0.0,0.0
0,0,0,0,26,0.15,69.2,5.5,227,2026-09-14 04:20:00,PT5M,0.0,0.0,0.0,0.0,0.0
0,0,0,0,26,0.15,69.1,5.5,227,2026-09-14 04:25:00,PT5M,0.0,0.0,0.0,0.0,0.0
0,0,0,0,26,0.15,69.0,5.6,227,2026-09-14 04:30:00,PT5M,0.0,0.0,0.0,0.0,0.0
0,0,0,0,26,0.15,69.0,5.6,227,2026-09-14 04:35:00,PT5M,0.0,0.0,0.0,0.0,0.0
0,0,0,0,26,0.15,68.9,5.6,227,2026-09-14 04:40:00,PT5M,0.0,0.0,0.0,0.0,0.0
0,0,0,0,26,0.15,68.8,5.6,227,2026-09-14 04:45:00,PT5M,0.0,0.0,0.0,0.0,0.0
0,0,0,0,26,0.15,68.8,5.6,227,2026-09-14 04:50:00,PT5M,0.0,0.0,0.0,0.0,0.0
0,0,0,0,26,0.15,68.7,5.6,227,2026-09-14 04:55:00,PT5M,0.0,0.0,0.0,0.0,0.0
0,0,0,0,26,0.15,68.6,5.6,227,2026-09-14 05:00:00,PT5M,0.0,0.0,0.0,0.0,0.0
0,0,0,0,26,0.15,68.6,5.7,227,2026-09-14 05:05:00,PT5M,0.0,0.0,0.0,0.0,0.0
0,0,0,0,26,0.15,68.5,5.7,227,2026-09-14 05:10:00,PT5M,0.0,0.0,0.0,0.0,0.0
0,0,0,0,26,0.15,68.4,5.7,227,2026-09-14 05:15:00,PT5M,0.0,0.0,0.0,0.0,0.0
0,0,0,0,26,0.15,68.3,5.7,227,2026-09-14 05:20:00,PT5M,0.0,0.0,0.0,0.0,0.0
0,0,0,0,26,0.15,68.3,5.7,227,2026-09-14 05:25:00,PT5M,0.0,0.0,0.0,0.0,0.0
0,0,0,0,26,0.15,68.2,5.7,227,2026-09-14 05:30:00,PT5M,0.0,0.0,0.0,0.0,0.0
0,0,0,0,26,0.15,68.0,5.7,227,2026-09-14 05:35:00,PT5M,0.0,0.0,0.0,0.0,0.0
0,0,0,0,26,0.15,67.6,5.8,227,2026-09-14 05:40:00,PT5M,0.0,0.0,0.0,0.0,0.0
0,0,0,0,26,0.15,67.2,5.8,228,2026-09-14 05:45:00,PT5M,0.0,0.0,0.0,0.0,0.0
0,0,0,0,26,0.15,66.8,5.8,228,2026-09-14 05:50:00,PT5M,0.0,0.0,0.0,0.0,0.0
0,0,0,0,26,0.15,66.4,5.9,228,2026-09-14 05:55:00,PT5M,0.0,0.0,0.0,0.0,0.0
0,0,0,0,26,0.15,66.1,5.9,228,2026-09-14 06:00:00,PT5M,0.0,0.0,0.0,0.0,0.0
3,3,0,3,26,0.15,65.7,5.9,229,2026-09-14 06:05:00,PT5M,0.0,0.0475,0.025,0.0,0.0
8,8,0,8,26,0.15,65.3,5.9,229,2026-09-14 06:10:00,PT5M,0.374,0.9955,0.7011,0.0469,0.0
14,14,0,14,27,0.15,64.9,6.0,229,2026-09-14 06:15:00,PT5M,1.106,2.381,1.777,0.435,0.0
20,20,0,20,27,0.15,64.6,6.0,229,2026-09-14 06:20:00,PT5M,1.922,3.978,3.0041,0.8399,0.0
28,28,0,28,27,0.15,64.2,6.0,230,2026-09-14 06:25:00,PT5M,2.815,5.864,4.4197,1.2103,0.0
36,36,0,36,27,0.15,63.8,6.0,230,2026-09-14 06:30:00,PT5M,3.876,8.1995,6.1515,1.6005,0.0
45,45,0,45,27,0.15,63.5,6.1,230,2026-09-14 06:35:00,PT5M,5.083,12.145,8.7998,1.3662,0.0
55,55,0,55,27,0.15,63.1,6.1,230,2026-09-14 06:40:00,PT5M,6.295,15.046,10.9007,1.6893,0.0
66,66,0,66,27,0.15,62.8,6.1,230,2026-09-14 06:45:00,PT5M,7.611,18.06,13.1104,2.1116,0.0
77,78,0,78,27,0.15,62.4,6.2,231,2026-09-14 06:50:00,PT5M,9.112,21.2525,15.5016,2.7224,0.0
90,90,0,90,27,0.15,62.1,6.2,231,2026-09-14 06:55:00,PT5M,10.622,24.469,17.9098,3.3342,0.0
103,103,0,103,28,0.15,61.7,6.2,231,2026-09-14 07:00:00,PT5M,12.175,27.7955,20.3962,3.9538,0.0
116,116,0,116,28,0.15,61.4,6.2,231,2026-09-14 07:05:00,PT5M,13.763,31.2965,22.991,4.535,0.0
130,130,6,128,28,0.15,61.0,6.3,232,2026-09-14 07:10:00,PT5M,15.696,35.252,25.9885,5.4035,0.0
144,144,20,138,28,0.15,60.7,6.3,232,2026-09-14 07:15:00,PT5M,18.221,39.8255,29.5916,6.8504,0.0
158,159,35,147,28,0.15,60.3,6.3,232,2026-09-14 07:20:00,PT5M,20.741,44.4075,33.1968,8.2852,0.0
173,174,49,157,28,0.15,60.0,6.4,232,2026-09-14 07:25:00,PT5M,23.523,49.251,37.0638,9.9822,0.0
189,190,64,166,28,0.15,59.7,6.4,232,2026-09-14 07:30:00,PT5M,26.449,54.285,41.0993,11.7987,0.0
205,206,80,174,28,0.15,59.3,6.4,233,2026-09-14 07:35:00,PT5M,29.61,59.5105,45.3468,13.8732,0.0
222,223,97,182,28,0.15,59.0,6.4,233,2026-09-14 07:40:00,PT5M,33.016,65.026,49.8631,16.1689,1.006
239,240,115,190,29,0.15,58.7,6.5,233,2026-09-14 07:45:00,PT5M,36.232,69.9735,53.9904,18.4736,2.4905
257,258,133,197,29,0.15,58.4,6.5,233,2026-09-14 07:50:00,PT5M,39.538,73.8825,57.6138,21.4622,5.1935
275,277,152,204,29,0.15,58.0,6.5,233,2026-09-14 07:55:00,PT5M,42.843,77.727,61.2027,24.4833,7.959
294,295,171,210,29,0.15,57.7,6.6,233,2026-09-14 08:00:00,PT5M,46.136,81.5105,64.7539,27.5181,10.7615
313,315,192,216,29,0.15,57.4,6.6,234,2026-09-14 08:05:00,PT5M,49.432,85.243,68.2796,30.5844,13.621
332,334,213,221,29,0.15,57.1,6.6,234,2026-09-14 08:10:00,PT5M,52.713,88.89,71.7532,33.6728,16.536
352,354,234,225,29,0.15,56.8,6.6,234,2026-09-14 08:15:00,PT5M,55.887,92.336,75.0704,36.7036,19.438
373,375,256,229,29,0.15,56.4,6.7,234,2026-09-14 08:20:00,PT5M,59.036,95.6595,78.3112,39.7608,22.4125
393,395,279,232,29,0.15,56.1,6.7,234,2026-09-14 08:25:00,PT5M,62.101,98.783,81.407,42.795,25.419
414,416,302,234,30,0.15,55.8,6.7,235,2026-09-14 08:30:00,PT5M,65.091,100.0,84.3873,45.7947,28.4275
432,434,317,237,30,0.15,55.3,6.8,235,2026-09-14 08:35:00,PT5M,67.25,100.0,86.5639,47.9361,30.553
447,449,325,243,30,0.15,54.6,6.8,235,2026-09-14 08:40:00,PT5M,68.585,100.0,87.9542,49.2158,31.783
462,464,332,248,30,0.15,54.0,6.8,235,2026-09-14 08:45:00,PT5M,69.858,100.0,89.2703,50.4457,32.974
477,479,338,252,30,0.15,53.3,6.9,234,2026-09-14 08:50:00,PT5M,71.069,100.0,90.516,51.622,34.119
492,494,345,257,30,0.15,52.6,6.9,234,2026-09-14 08:55:00,PT5M,72.232,100.0,91.7051,52.7589,35.2325
506,508,351,262,30,0.15,52.0,6.9,234,2026-09-14 09:00:00,PT5M,73.348,100.0,92.8387,53.8573,36.315
521,522,358,266,31,0.15,51.3,7.0,234,2026-09-14 09:05:00,PT5M,74.478,100.0,93.9974,54.9586,37.3905
535,537,365,270,31,0.15,50.7,7.0,234,2026-09-14 09:10:00,PT5M,75.589,100.0,95.0982,56.0798,38.521
549,551,372,274,31,0.15,50.1,7.0,234,2026-09-14 09:15:00,PT5M,76.677,100.0,96.0285,57.3255,39.9085
563,565,378,277,31,0.15,49.5,7.1,234,2026-09-14 09:20:00,PT5M,77.714,100.0,96.9058,58.5222,41.249
577,579,385,281,31,0.15,48.9,7.1,234,2026-09-14 09:25:00,PT5M,78.714,100.0,97.7503,59.6777,42.5445
590,592,391,284,31,0.15,48.3,7.1,234,2026-09-14 09:30:00,PT5M,79.677,100.0,98.5622,60.7918,43.7945
604,606,398,287,31,0.15,47.7,7.2,234,2026-09-14 09:35:00,PT5M,80.674,100.0,99.4037,61.9443,45.087
618,619,406,289,32,0.15,47.1,7.2,234,2026-09-14 09:40:00,PT5M,81.702,100.0,100.0,63.1326,46.4195
631,633,413,291,32,0.15,46.5,7.2,234,2026-09-14 09:45:00,PT5M,82.661,100.0,100.0,64.2455,47.671
644,646,420,293,32,0.15,45.9,7.3,234,2026-09-14 09:50:00,PT5M,83.563,100.0,100.0,65.2954,48.854
656,658,427,295,32,0.15,45.4,7.3,234,2026-09-14 09:55:00,PT5M,84.432,100.0,100.0,66.3084,49.9965
669,670,434,297,32,0.15,44.8,7.4,234,2026-09-14 10:00:00,PT5M,85.269,100.0,100.0,67.284,51.097
681,683,441,298,32,0.15,44.3,7.4,234,2026-09-14 10:05:00,PT5M,86.072,100.0,100.0,68.2189,52.1505
693,694,448,299,32,0.15,43.7,7.4,234,2026-09-14 10:10:00,PT5M,86.842,100.0,100.0,69.116,53.162
704,706,454,300,33,0.15,43.2,7.5,234,2026-09-14 10:15:00,PT5M,87.58,100.0,100.0,69.9763,54.1325
715,717,461,301,33,0.15,42.7,7.5,234,2026-09-14 10:20:00,PT5M,88.287,100.0,100.0,70.8004,55.062
726,728,467,302,33,0.15,42.1,7.5,234,2026-09-14 10:25:00,PT5M,88.966,100.0,100.0,71.5926,55.956
737,738,474,302,33,0.15,41.6,7.6,234,2026-09-14 10:30:00,PT5M,89.618,100.0,100.0,72.3533,56.8145
747,748,480,302,33,0.15,41.1,7.6,234,2026-09-14 10:35:00,PT5M,90.241,100.0,100.0,73.0702,57.616
756,758,487,302,33,0.15,40.6,7.6,234,2026-09-14 10:40:00,PT5M,90.834,100.0,100.0,73.7424,58.3595
766,767,493,302,33,0.15,40.1,7.7,233,2026-09-14 10:45:00,PT5M,91.398,100.0,100.0,74.3806,59.0645
775,776,500,302,34,0.15,39.6,7.7,233,2026-09-14 10:50:00,PT5M,91.931,100.0,100.0,74.9815,59.7265
784,785,506,301,34,0.15,39.1,7.7,233,2026-09-14 10:55:00,PT5M,92.431,100.0,100.0,75.5418,60.341
792,793,512,300,34,0.15,38.7,7.8,233,2026-09-14 11:00:00,PT5M,92.89,100.0,100.0,76.0445,60.883
800,801,518,299,34,0.15,38.2,7.8,233,2026-09-14 11:05:00,PT5M,93.323,100.0,100.0,76.5154,61.388
807,808,524,298,34,0.15,37.7,7.8,233,2026-09-14 11:10:00,PT5M,93.744,100.0,100.0,76.9827,61.897
814,815,530,297,34,0.15,37.3,7.9,233,2026-09-14 11:15:00,PT5M,94.144,100.0,100.0,77.4261,62.3795
821,822,536,295,34,0.15,36.8,7.9,233,2026-09-14 11:20:00,PT5M,94.509,100.0,100.0,77.8206,62.8005
827,828,542,294,35,0.15,36.4,7.9,233,2026-09-14 11:25:00,PT5M,94.77,100.0,100.0,78.1037,63.1035
833,834,548,292,35,0.15,35.9,8.0,233,2026-09-14 11:30:00,PT5M,95.088,100.0,100.0,78.4375,63.4515
833,834,542,296,35,0.15,35.7,8.0,233,2026-09-14 11:35:00,PT5M,94.835,100.0,100.0,78.1308,63.0965
826,827,526,304,35,0.15,35.8,8.0,233,2026-09-14 11:40:00,PT5M,94.091,100.0,100.0,77.2636,62.1185
819,821,510,313,35,0.15,35.8,8.1,233,2026-09-14 11:45:00,PT5M,93.252,100.0,100.0,76.2957,61.0345
812,813,493,321,35,0.15,35.9,8.1,232,2026-09-14 11:50:00,PT5M,92.363,100.0,100.0,75.2693,59.8845
804,805,476,329,35,0.15,36.0,8.1,232,2026-09-14 11:55:00,PT5M,91.452,100.0,100.0,74.2157,58.7025
795,796,460,337,35,0.15,36.0,8.1,232,2026-09-14 12:00:00,PT5M,90.522,100.0,100.0,73.1381,57.492
787,788,444,344,35,0.15,36.1,8.2,232,2026-09-14 12:05:00,PT5M,89.646,100.0,100.0,72.1108,56.3285
777,779,429,350,35,0.15,36.1,8.2,231,2026-09-14 12:10:00,PT5M,88.806,100.0,100.0,71.1155,55.1935
768,769,414,356,35,0.15,36.2,8.2,231,2026-09-14 12:15:00,PT5M,87.943,100.0,100.0,70.0933,54.028
758,759,399,362,35,0.15,36.2,8.2,231,2026-09-14 12:20:00,PT5M,87.048,100.0,100.0,69.0346,52.822
748,749,384,367,35,0.15,36.3,8.2,231,2026-09-14 12:25:00,PT5M,86.099,100.0,100.0,67.9164,51.5515
737,738,369,372,35,0.15,36.4,8.3,230,2026-09-14 12:30:00,PT5M,85.121,100.0,100.0,66.7658,50.2455
726,727,355,376,35,0.15,36.4,8.3,230,2026-09-14 12:35:00,PT5M,84.14,100.0,100.0,65.6098,48.932
714,715,340,380,35,0.15,36.5,8.3,230,2026-09-14 12:40:00,PT5M,83.094,100.0,100.0,64.3867,47.5495
702,704,326,383,35,0.15,36.5,8.3,230,2026-09-14 12:45:00,PT5M,82.017,100.0,100.0,63.1297,46.1305
691,692,312,386,35,0.15,36.6,8.4,229,2026-09-14 12:50:00,PT5M,80.905,100.0,99.9763,61.8337,44.669
678,680,299,389,34,0.15,36.6,8.4,229,2026-09-14 12:55:00,PT5M,79.744,100.0,99.0068,60.4812,43.144
666,667,286,391,34,0.15,36.7,8.4,229,2026-09-14 13:00:00,PT5M,78.562,100.0,98.0135,59.1105,41.6035
653,655,272,393,34,0.15,36.8,8.4,229,2026-09-14 13:05:00,PT5M,77.373,100.0,97.0043,57.7417,40.073
640,642,259,394,34,0.15,36.8,8.5,229,2026-09-14 13:10:00,PT5M,76.134,100.0,95.9495,56.3185,38.484
627,629,246,395,34,0.15,36.9,8.5,228,2026-09-14 13:15:00,PT5M,74.838,100.0,94.845,54.831,36.824
614,615,234,395,34,0.15,36.9,8.5,228,2026-09-14 13:20:00,PT5M,73.502,100.0,93.7022,53.3018,35.121
601,602,221,395,34,0.15,37.0,8.5,228,2026-09-14 13:25:00,PT5M,72.129,100.0,92.5223,51.7357,33.381
587,588,209,394,34,0.15,37.1,8.6,228,2026-09-14 13:30:00,PT5M,70.697,100.0,91.283,50.111,31.583
574,575,198,393,34,0.15,37.1,8.6,227,2026-09-14 13:35:00,PT5M,69.313,100.0,90.0903,48.5357,29.8355
561,562,188,391,34,0.15,37.2,8.6,227,2026-09-14 13:40:00,PT5M,67.955,100.0,88.9226,46.9874,28.116
548,549,177,389,34,0.15,37.2,8.7,227,2026-09-14 13:45:00,PT5M,66.568,100.0,87.7242,45.4118,26.3705
535,536,168,387,34,0.15,37.3,8.7,227,2026-09-14 13:50:00,PT5M,65.151,100.0,86.4946,43.8074,24.5975
522,523,158,384,34,0.15,37.4,8.7,227,2026-09-14 13:55:00,PT5M,63.701,100.0,85.2309,42.1711,22.7935
508,510,148,381,34,0.15,37.4,8.7,226,2026-09-14 14:00:00,PT5M,62.218,100.0,83.9329,40.5031,20.959
495,496,139,377,34,0.15,37.5,8.8,226,2026-09-14 14:05:00,PT5M,60.703,100.0,82.6011,38.8049,19.096
482,483,130,373,34,0.15,37.5,8.8,226,2026-09-14 14:10:00,PT5M,59.151,100.0,81.232,37.07,17.1965
468,470,121,368,34,0.15,37.6,8.8,226,2026-09-14 14:15:00,PT5M,57.569,99.867,79.8307,35.3073,15.271
455,456,112,364,34,0.15,37.6,8.8,226,2026-09-14 14:20:00,PT5M,55.958,98.5955,78.3984,33.5176,13.3205
441,443,103,359,34,0.15,37.7,8.9,225,2026-09-14 14:25:00,PT5M,54.442,97.4155,77.0593,31.8247,11.4685
428,429,95,353,34,0.15,37.8,8.9,225,2026-09-14 14:30:00,PT5M,52.75,96.056,75.5423,29.9577,9.444
417,418,90,347,34,0.15,37.9,8.9,225,2026-09-14 14:35:00,PT5M,51.47,95.002,74.3812,28.5588,7.938
409,410,89,341,34,0.15,38.1,8.9,225,2026-09-14 14:40:00,PT5M,50.6,94.252,73.5744,27.6256,6.948
400,401,87,335,34,0.15,38.4,8.9,225,2026-09-14 14:45:00,PT5M,49.7,93.4775,72.7404,26.6596,5.9225
391,393,86,329,34,0.15,38.6,8.9,225,2026-09-14 14:50:00,PT5M,48.771,92.678,71.8796,25.6624,4.864
382,384,84,322,33,0.15,38.8,8.9,225,2026-09-14 14:55:00,PT5M,47.813,91.8075,70.9676,24.6584,3.8185
373,375,83,315,33,0.15,39.1,8.9,225,2026-09-14 15:00:00,PT5M,46.824,90.651,69.8905,23.7575,2.997
364,365,81,309,33,0.15,39.3,8.9,225,2026-09-14 15:05:00,PT5M,45.807,89.434,68.7682,22.8458,2.18
355,356,79,302,33,0.15,39.5,8.9,225,2026-09-14 15:10:00,PT5M,44.764,88.155,67.601,21.927,1.373
345,346,77,295,33,0.15,39.8,8.9,225,2026-09-14 15:15:00,PT5M,43.685,86.764,66.3578,21.0122,0.606
335,337,74,288,33,0.15,40.0,8.9,225,2026-09-14 15:20:00,PT5M,42.568,85.3685,65.0942,20.0418,0.0
326,327,72,281,33,0.15,40.2,8.9,225,2026-09-14 15:25:00,PT5M,41.396,83.8965,63.7643,19.0277,0.0
315,316,69,274,33,0.15,40.5,8.9,225,2026-09-14 15:30:00,PT5M,40.178,82.3465,62.3716,17.9844,0.0
305,306,67,266,32,0.15,40.7,8.9,225,2026-09-14 15:35:00,PT5M,38.969,80.762,60.965,16.973,0.0
295,296,65,258,32,0.15,41.0,8.9,224,2026-09-14 15:40:00,PT5M,37.769,79.136,59.5407,15.9973,0.0
285,286,62,251,32,0.15,41.2,8.9,224,2026-09-14 15:45:00,PT5M,36.541,77.4125,58.052,15.03,0.0
274,275,60,243,32,0.15,41.5,8.9,224,2026-09-14 15:50:00,PT5M,35.28,75.5585,56.4789,14.0811,0.0
264,265,56,235,32,0.15,41.7,8.9,224,2026-09-14 15:55:00,PT5M,33.961,73.5625,54.8036,13.1184,0.0
253,254,53,226,32,0.15,42.0,8.9,224,2026-09-14 16:00:00,PT5M,32.579,71.426,53.0245,12.1335,0.0
242,243,50,218,32,0.15,42.2,8.9,224,2026-09-14 16:05:00,PT5M,31.203,69.2705,51.2382,11.1678,0.0
231,232,48,209,32,0.15,42.5,8.9,224,2026-09-14 16:10:00,PT5M,29.838,67.1145,49.4569,10.2191,0.0
220,221,45,200,31,0.15,42.7,9.0,224,2026-09-14 16:15:00,PT5M,28.418,64.858,47.5966,9.2394,0.0
209,209,42,191,31,0.15,43.0,9.0,224,2026-09-14 16:20:00,PT5M,26.943,62.504,45.659,8.227,0.0
197,198,39,182,31,0.15,43.3,9.0,224,2026-09-14 16:25:00,PT5M,25.578,58.9745,43.1548,8.0012,0.0
186,187,35,173,31,0.15,43.5,9.0,224,2026-09-14 16:30:00,PT5M,24.07,55.165,40.4355,7.7045,0.0
174,175,31,164,31,0.15,43.8,9.0,224,2026-09-14 16:35:00,PT5M,22.431,51.278,37.6134,7.2486,0.0
163,163,26,154,31,0.15,44.1,9.0,224,2026-09-14 16:40:00,PT5M,20.875,47.5165,34.8966,6.8534,0.0
151,152,20,145,31,0.15,44.3,9.0,224,2026-09-14 16:45:00,PT5M,19.111,43.52,31.9576,6.2644,0.0
139,140,14,135,31,0.15,44.6,9.0,224,2026-09-14 16:50:00,PT5M,17.312,39.544,29.0129,5.6111,0.0
128,128,7,126,30,0.15,44.9,9.0,224,2026-09-14 16:55:00,PT5M,15.515,35.5945,26.083,4.947,0.0
116,116,0,116,30,0.15,45.1,9.0,224,2026-09-14 17:00:00,PT5M,13.747,31.7135,23.2029,4.2911,0.0
104,104,0,104,30,0.15,45.4,9.0,224,2026-09-14 17:05:00,PT5M,12.334,28.247,20.7091,3.9589,0.0
92,92,0,92,30,0.15,45.7,9.0,224,2026-09-14 17:10:00,PT5M,10.901,24.8555,18.2454,3.5566,0.0
80,80,0,80,30,0.15,46.0,9.0,224,2026-09-14 17:15:00,PT5M,9.445,21.5235,15.802,3.088,0.0
69,69,0,69,30,0.15,46.3,9.0,224,2026-09-14 17:20:00,PT5M,7.997,18.2365,13.3861,2.6079,0.0
58,58,0,58,30,0.15,46.5,9.0,224,2026-09-14 17:25:00,PT5M,6.703,15.1305,11.1385,2.2675,0.0
48,48,0,48,30,0.15,46.8,9.0,224,2026-09-14 17:30:00,PT5M,5.464,12.132,8.9734,1.9546,0.0
38,38,0,38,30,0.15,47.2,9.0,224,2026-09-14 17:35:00,PT5M,4.178,9.2135,6.8282,1.5278,0.0
29,29,0,29,29,0.15,47.6,8.9,224,2026-09-14 17:40:00,PT5M,3.044,6.64,4.9366,1.1514,0.0
21,21,0,21,29,0.15,48.0,8.9,224,2026-09-14 17:45:00,PT5M,2.073,4.4705,3.3348,0.8112,0.0
14,14,0,14,29,0.15,48.4,8.9,223,2026-09-14 17:50:00,PT5M,1.191,2.5415,1.9018,0.4802,0.0
8,8,0,8,29,0.15,48.8,8.8,223,2026-09-14 17:55:00,PT5M,0.399,1.0045,0.7177,0.0803,0.0
3,3,0,3,29,0.15,49.2,8.8,223,2026-09-14 18:00:00,PT5M,0.0,0.0105,0.0055,0.0,0.0
0,0,0,0,29,0.15,49.6,8.8,223,2026-09-14 18:05:00,PT5M,0.0,0.0,0.0,0.0,0.0
0,0,0,0,29,0.15,50.0,8.7,223,2026-09-14 18:10:00,PT5M,0.0,0.0,0.0,0.0,0.0
0,0,0,0,29,0.15,50.5,8.7,223,2026-09-14 18:15:00,PT5M,0.0,0.0,0.0,0.0,0.0
0,0,0,0,29,0.15,50.9,8.7,223,2026-09-14 18:20:00,PT5M,0.0,0.0,0.0,0.0,0.0
0,0,0,0,29,0.15,51.3,8.7,223,2026-09-14 18:25:00,PT5M,0.0,0.0,0.0,0.0,0.0
0,0,0,0,29,0.15,51.7,8.6,223,2026-09-14 18:30:00,PT5M,0.0,0.0,0.0,0.0,0.0
0,0,0,0,29,0.15,52.2,8.6,223,2026-09-14 18:35:00,PT5M,0.0,0.0,0.0,0.0,0.0
0,0,0,0,29,0.15,52.6,8.6,223,2026-09-14 18:40:00,PT5M,0.0,0.0,0.0,0.0,0.0
0,0,0,0,29,0.15,53.1,8.5,223,2026-09-14 18:45:00,PT5M,0.0,0.0,0.0,0.0,0.0
0,0,0,0,28,0.15,53.5,8.5,223,2026-09-14 18:50:00,PT5M,0.0,0.0,0.0,0.0,0.0
0,0,0,0,28,0.15,54.0,8.5,223,2026-09-14 18:55:00,PT5M,0.0,0.0,0.0,0.0,0.0
0,0,0,0,28,0.15,54.4,8.4,223,2026-09-14 19:00:00,PT5M,0.0,0.0,0.0,0.0,0.0
0,0,0,0,28,0.15,54.9,8.4,223,2026-09-14 19:05:00,PT5M,0.0,0.0,0.0,0.0,0.0
0,0,0,0,28,0.15,55.3,8.4,222,2026-09-14 19:10:00,PT5M,0.0,0.0,0.0,0.0,0.0
0,0,0,0,28,0.15,55.8,8.3,222,2026-09-14 19:15:00,PT5M,0.0,0.0,0.0,0.0,0.0
0,0,0,0,28,0.15,56.3,8.3,222,2026-09-14 19:20:00,PT5M,0.0,0.0,0.0,0.0,0.0
0,0,0,0,28,0.15,56.8,8.3,222,2026-09-14 19:25:00,PT5M,0.0,0.0,0.0,0.0,0.0
0,0,0,0,28,0.15,57.2,8.3,222,2026-09-14 19:30:00,PT5M,0.0,0.0,0.0,0.0,0.0
0,0,0,0,28,0.15,57.7,8.2,222,2026-09-14 19:35:00,PT5M,0.0,0.0,0.0,0.0,0.0
0,0,0,0,28,0.15,58.2,8.2,222,2026-09-14 19:40:00,PT5M,0.0,0.0,0.0,0.0,0.0
0,0,0,0,28,0.15,58.7,8.2,222,2026-09-14 19:45:00,PT5M,0.0,0.0,0.0,0.0,0.0
0,0,0,0,28,0.15,59.2,8.1,222,2026-09-14 19:50:00,PT5M,0.0,0.0,0.0,0.0,0.0
0,0,0,0,28,0.15,59.7,8.1,222,2026-09-14 19:55:00,PT5M,0.0,0.0,0.0,0.0,0.0
0,0,0,0,28,0.15,60.2,8.1,222,2026-09-14 20:00:00,PT5M,0.0,0.0,0.0,0.0,0.0
0,0,0,0,27,0.15,60.7,8.0,222,2026-09-14 20:05:00,PT5M,0.0,0.0,0.0,0.0,0.0
0,0,0,0,27,0.15,61.2,8.0,222,2026-09-14 20:10:00,PT5M,0.0,0.0,0.0,0.0,0.0
0,0,0,0,27,0.15,61.7,8.0,222,2026-09-14 20:15:00,PT5M,0.0,0.0,0.0,0.0,0.0
0,0,0,0,27,0.15,62.2,7.9,222,2026-09-14 20:20:00,PT5M,0.0,0.0,0.0,0.0,0.0
0,0,0,0,27,0.15,62.8,7.9,221,2026-09-14 20:25:00,PT5M,0.0,0.0,0.0,0.0,0.0
0,0,0,0,27,0.15,63.3,7.9,221,2026-09-14 20:30:00,PT5M,0.0,0.0,0.0,0.0,0.0
0,0,0,0,27,0.15,63.7,7.8,221,2026-09-14 20:35:00,PT5M,0.0,0.0,0.0,0.0,0.0
0,0,0,0,27,0.15,63.9,7.8,221,2026-09-14 20:40:00,PT5M,0.0,0.0,0.0,0.0,0.0
0,0,0,0,27,0.15,64.1,7.8,221,2026-09-14 20:45:00,PT5M,0.0,0.0,0.0,0.0,0.0
0,0,0,0,27,0.15,64.3,7.8,221,2026-09-14 20:50:00,PT5M,0.0,0.0,0.0,0.0,0.0
0,0,0,0,27,0.15,64.5,7.7,221,2026-09-14 20:55:00,PT5M,0.0,0.0,0.0,0.0,0.0
0,0,0,0,27,0.15,64.7,7.7,221,2026-09-14 21:00:00,PT5M,0.0,0.0,0.0,0.0,0.0
0,0,0,0,27,0.15,65.0,7.7,221,2026-09-14 21:05:00,PT5M,0.0,0.0,0.0,0.0,0.0
0,0,0,0,27,0.15,65.2,7.6,221,2026-09-14 21:10:00,PT5M,0.0,0.0,0.0,0.0,0.0
0,0,0,0,27,0.15,65.4,7.6,221,2026-09-14 21:15:00,PT5M,0.0,0.0,0.0,0.0,0.0
0,0,0,0,27,0.15,65.6,7.6,221,2026-09-14 21:20:00,PT5M,0.0,0.0,0.0,0.0,0.0
0,0,0,0,27,0.15,65.8,7.6,221,2026-09-14 21:25:00,PT5M,0.0,0.0,0.0,0.0,0.0
0,0,0,0,27,0.15,66.1,7.5,221,2026-09-14 21:30:00,PT5M,0.0,0.0,0.0,0.0,0.0
0,0,0,0,27,0.15,66.3,7.5,221,2026-09-14 21:35:00,PT5M,0.0,0.0,0.0,0.0,0.0
0,0,0,0,27,0.15,66.5,7.5,221,2026-09-14 21:40:00,PT5M,0.0,0.0,0.0,0.0,0.0
0,0,0,0,27,0.15,66.7,7.4,221,2026-09-14 21:45:00,PT5M,0.0,0.0,0.0,0.0,0.0
0,0,0,0,27,0.15,66.9,7.4,221,2026-09-14 21:50:00,PT5M,0.0,0.0,0.0,0.0,0.0
0,0,0,0,27,0.15,67.2,7.4,221,2026-09-14 21:55:00,PT5M,0.0,0.0,0.0,0.0,0.0
0,0,0,0,27,0.15,67.4,7.4,221,2026-09-14 22:00:00,PT5M,0.0,0.0,0.0,0.0,0.0
0,0,0,0,26,0.15,67.6,7.3,221,2026-09-14 22:05:00,PT5M,0.0,0.0,0.0,0.0,0.0
0,0,0,0,26,0.15,67.9,7.3,221,2026-09-14 22:10:00,PT5M,0.0,0.0,0.0,0.0,0.0
0,0,0,0,26,0.15,68.1,7.3,221,2026-09-14 22:15:00,PT5M,0.0,0.0,0.0,0.0,0.0
0,0,0,0,26,0.15,68.3,7.2,221,2026-09-14 22:20:00,PT5M,0.0,0.0,0.0,0.0,0.0
0,0,0,0,26,0.15,68.5,7.2,221,2026-09-14 22:25:00,PT5M,0.0,0.0,0.0,0.0,0.0
0,0,0,0,26,0.15,68.8,7.2,221,2026-09-14 22:30:00,PT5M,0.0,0.0,0.0,0.0,0.0
0,0,0,0,26,0.15,69.0,7.1,221,2026-09-14 22:35:00,PT5M,0.0,0.0,0.0,0.0,0.0
0,0,0,0,26,0.15,69.2,7.1,221,2026-09-14 22:40:00,PT5M,0.0,0.0,0.0,0.0,0.0
0,0,0,0,26,0.15,69.5,7.1,221,2026-09-14 22:45:00,PT5M,0.0,0.0,0.0,0.0,0.0
0,0,0,0,26,0.15,69.7,7.1,221,2026-09-14 22:50:00,PT5M,0.0,0.0,0.0,0.0,0.0
0,0,0,0,26,0.15,69.9,7.0,221,2026-09-14 22:55:00,PT5M,0.0,0.0,0.0,0.0,0.0
0,0,0,0,26,0.15,70.2,7.0,220,2026-09-14 23:00:00,PT5M,0.0,0.0,0.0,0.0,0.0
0,0,0,0,26,0.15,70.4,7.0,220,2026-09-14 23:05:00,PT5M,0.0,0.0,0.0,0.0,0.0
0,0,0,0,26,0.15,70.6,6.9,220,2026-09-14 23:10:00,PT5M,0.0,0.0,0.0,0.0,0.0
0,0,0,0,26,0.15,70.9,6.9,220,2026-09-14 23:15:00,PT5M,0.0,0.0,0.0,0.0,0.0
0,0,0,0,26,0.15,71.1,6.9,220,2026-09-14 23:20:00,PT5M,0.0,0.0,0.0,0.0,0.0
0,0,0,0,26,0.15,71.4,6.9,220,2026-09-14 23:25:00,PT5M,0.0,0.0,0.0,0.0,0.0
0,0,0,0,26,0.15,71.6,6.8,220,2026-09-14 23:30:00,PT5M,0.0,0.0,0.0,0.0,0.0
0,0,0,0,26,0.15,71.7,6.8,220,2026-09-14 23:35:00,PT5M,0.0,0.0,0.0,0.0,0.0
0,0,0,0,26,0.15,71.8,6.8,220,2026-09-14 23:40:00,PT5M,0.0,0.0,0.0,0.0,0.0
0,0,0,0,26,0.15,71.9,6.8,220,2026-09-14 23:45:00,PT5M,0.0,0.0,0.0,0.0,0.0
0,0,0,0,26,0.15,71.9,6.8,221,2026-09-14 23:50:00,PT5M,0.0,0.0,0.0,0.0,0.0
0,0,0,0,26,0.15,72.0,6.8,221,2026-09-14 23:55:00,PT5M,0.0,0.0,0.0,0.0,0.0
0,0,0,0,26,0.15,72.0,6.8,221,2026-09-15 00:00:00,PT5M,0.0,0.0,0.0,0.0,0.0
0,0,0,0,26,0.15,72.1,6.7,221,2026-09-15 00:05:00,PT5M,0.0,0.0,0.0,0.0,0.0
0,0,0,0,26,0.15,72.2,6.7,221,2026-09-15 00:10:00,PT5M,0.0,0.0,0.0,0.0,0.0
0,0,0,0,26,0.15,72.2,6.7,221,2026-09-15 00:15:00,PT5M,0.0,0.0,0.0,0.0,0.0
0,0,0,0,26,0.15,72.3,6.7,221,2026-09-15 00:20:00,PT5M,0.0,0.0,0.0,0.0,0.0
0,0,0,0,26,0.15,72.3,6.7,221,2026-09-15 00:25:00,PT5M,0.0,0.0,0.0,0.0,0.0
0,0,0,0,26,0.15,72.4,6.7,221,2026-09-15 00:30:00,PT5M,0.0,0.0,0.0,0.0,0.0
0,0,0,0,26,0.15,72.5,6.7,221,2026-09-15 00:35:00,PT5M,0.0,0.0,0.0,0.0,0.0
0,0,0,0,26,0.15,72.5,6.7,221,2026-09-15 00:40:00,PT5M,0.0,0.0,0.0,0.0,0.0
0,0,0,0,26,0.15,72.6,6.7,221,2026-09-15 00:45:00,PT5M,0.0,0.0,0.0,0.0,0.0
0,0,0,0,26,0.15,72.6,6.6,221,2026-09-15 00:50:00,PT5M,0.0,0.0,0.0,0.0,0.0
0,0,0,0,26,0.15,72.7,6.6,222,2026-09-15 00:55:00,PT5M,0.0,0.0,0.0,0.0,0.0
0,0,0,0,26,0.15,72.8,6.6,222,2026-09-15 01:00:00,PT5M,0.0,0.0,0.0,0.0,0.0
0,0,0,0,26,0.15,72.8,6.6,222,2026-09-15 01:05:00,PT5M,0.0,0.0,0.0,0.0,0.0
0,0,0,0,26,0.15,72.9,6.6,222,2026-09-15 01:10:00,PT5M,0.0,0.0,0.0,0.0,0.0
0,0,0,0,26,0.15,72.9,6.6,222,2026-09-15 01:15:00,PT5M,0.0,0.0,0.0,0.0,0.0
0,0,0,0,26,0.15,73.0,6.6,222,2026-09-15 01:20:00,PT5M,0.0,0.0,0.0,0.0,0.0
0,0,0,0,26,0.15,73.1,6.6,222,2026-09-15 01:25:00,PT5M,0.0,0.0,0.0,0.0,0.0
0,0,0,0,26,0.15,73.1,6.6,222,2026-09-15 01:30:00,PT5M,0.0,0.0,0.0,0.0,0.0
0,0,0,0,26,0.15,73.2,6.6,222,2026-09-15 01:35:00,PT5M,0.0,0.0,0.0,0.0,0.0
0,0,0,0,26,0.15,73.2,6.5,222,2026-09-15 01:40:00,PT5M,0.0,0.0,0.0,0.0,0.0
0,0,0,0,26,0.15,73.3,6.5,222,2026-09-15 01:45:00,PT5M,0.0,0.0,0.0,0.0,0.0
0,0,0,0,26,0.15,73.4,6.5,222,2026-09-15 01:50:00,PT5M,0.0,0.0,0.0,0.0,0.0
0,0,0,0,26,0.15,73.4,6.5,222,2026-09-15 01:55:00,PT5M,0.0,0.0,0.0,0.0,0.0
0,0,0,0,26,0.15,73.5,6.5,223,2026-09-15 02:00:00,PT5M,0.0,0.0,0.0,0.0,0.0
0,0,0,0,26,0.15,73.5,6.5,223,2026-09-15 02:05:00,PT5M,0.0,0.0,0.0,0.0,0.0
0,0,0,0,26,0.15,73.6,6.5,223,2026-09-15 02:10:00,PT5M,0.0,0.0,0.0,0.0,0.0
0,0,0,0,25,0.15,73.7,6.5,223,2026-09-15 02:15:00,PT5M,0.0,0.0,0.0,0.0,0.0
0,0,0,0,25,0.15,73.7,6.5,223,2026-09-15 02:20:00,PT5M,0.0,0.0,0.0,0.0,0.0
0,0,0,0,25,0.15,73.8,6.5,223,2026-09-15 02:25:00,PT5M,0.0,0.0,0.0,0.0,0.0
0,0,0,0,25,0.15,73.8,6.4,223,2026-09-15 02:30:00,PT5M,0.0,0.0,0.0,0.0,0.0
0,0,0,0,25,0.15,73.8,6.4,223,2026-09-15 02:35:00,PT5M,0.0,0.0,0.0,0.0,0.0
0,0,0,0,25,0.15,73.7,6.4,223,2026-09-15 02:40:00,PT5M,0.0,0.0,0.0,0.0,0.0
0,0,0,0,25,0.15,73.5,6.4,223,2026-09-15 02:45:00,PT5M,0.0,0.0,0.0,0.0,0.0
0,0,0,0,25,0.15,73.4,6.4,223,2026-09-15 02:50:00,PT5M,0.0,0.0,0.0,0.0,0.0
0,0,0,0,26,0.15,73.3,6.4,223,2026-09-15 02:55:00,PT5M,0.0,0.0,0.0,0.0,0.0
0,0,0,0,26,0.15,73.1,6.4,223,2026-09-15 03:00:00,PT5M,0.0,0.0,0.0,0.0,0.0
0,0,0,0,26,0.15,73.0,6.4,223,2026-09-15 03:05:00,PT5M,0.0,0.0,0.0,0.0,0.0
0,0,0,0,26,0.15,72.8,6.4,224,2026-09-15 03:10:00,PT5M,0.0,0.0,0.0,0.0,0.0
0,0,0,0,26,0.15,72.7,6.4,224,2026-09-15 03:15:00,PT5M,0.0,0.0,0.0,0.0,0.0
0,0,0,0,26,0.15,72.6,6.4,224,2026-09-15 03:20:00,PT5M,0.0,0.0,0.0,0.0,0.0
0,0,0,0,26,0.15,72.4,6.4,224,2026-09-15 03:25:00,PT5M,0.0,0.0,0.0,0.0,0.0
0,0,0,0,26,0.15,72.3,6.4,224,2026-09-15 03:30:00,PT5M,0.0,0.0,0.0,0.0,0.0
0,0,0,0,26,0.15,72.2,6.4,224,2026-09-15 03:35:00,PT5M,0.0,0.0,0.0,0.0,0.0
0,0,0,0,26,0.15,72.0,6.4,224,2026-09-15 03:40:00,PT5M,0.0,0.0,0.0,0.0,0.0
0,0,0,0,26,0.15,71.9,6.4,224,2026-09-15 03:45:00,PT5M,0.0,0.0,0.0,0.0,0.0
0,0,0,0,26,0.15,71.8,6.4,224,2026-09-15 03:50:00,PT5M,0.0,0.0,0.0,0.0,0.0
0,0,0,0,26,0.15,71.6,6.4,224,2026-09-15 03:55:00,PT5M,0.0,0.0,0.0,0.0,0.0
0,0,0,0,26,0.15,71.5,6.4,224,2026-09-15 04:00:00,PT5M,0.0,0.0,0.0,0.0,0.0
0,0,0,0,26,0.15,71.4,6.4,224,2026-09-15 04:05:00,PT5M,0.0,0.0,0.0,0.0,0.0
0,0,0,0,26,0.15,71.2,6.4,224,2026-09-15 04:10:00,PT5M,0.0,0.0,0.0,0.0,0.0
0,0,0,0,26,0.15,71.1,6.4,224,2026-09-15 04:15:00,PT5M,0.0,0.0,0.0,0.0,0.0
0,0,0,0,26,0.15,71.0,6.4,224,2026-09-15 04:20:00,PT5M,0.0,0.0,0.0,0.0,0.0
0,0,0,0,26,0.15,70.8,6.4,224,2026-09-15 04:25:00,PT5M,0.0,0.0,0.0,0.0,0.0
0,0,0,0,26,0.15,70.7,6.4,224,2026-09-15 04:30:00,PT5M,0.0,0.0,0.0,0.0,0.0
0,0,0,0,26,0.15,70.6,6.4,224,2026-09-15 04:35:00,PT5M,0.0,0.0,0.0,0.0,0.0
0,0,0,0,26,0.15,70.4,6.4,224,2026-09-15 04:40:00,PT5M,0.0,0.0,0.0,0.0,0.0
0,0,0,0,26,0.15,70.3,6.4,224,2026-09-15 04:45:00,PT5M,0.0,0.0,0.0,0.0,0.0
0,0,0,0,26,0.15,70.2,6.4,225,2026-09-15 04:50:00,PT5M,0.0,0.0,0.0,0.0,0.0
0,0,0,0,26,0.15,70.1,6.4,225,2026-09-15 04:55:00,PT5M,0.0,0.0,0.0,0.0,0.0
0,0,0,0,26,0.15,69.9,6.4,225,2026-09-15 05:00:00,PT5M,0.0,0.0,0.0,0.0,0.0
0,0,0,0,26,0.15,69.8,6.4,225,2026-09-15 05:05:00,PT5M,0.0,0.0,0.0,0.0,0.0
0,0,0,0,26,0.15,69.7,6.4,225,2026-09-15 05:10:00,PT5M,0.0,0.0,0.0,0.0,0.0
0,0,0,0,26,0.15,69.5,6.4,225,2026-09-15 05:15:00,PT5M,0.0,0.0,0.0,0.0,0.0
0,0,0,0,26,0.15,69.4,6.4,225,2026-09-15 05:20:00,PT5M,0.0,0.0,0.0,0.0,0.0
0,0,0,0,26,0.15,69.3,6.4,225,2026-09-15 05:25:00,PT5M,0.0,0.0,0.0,0.0,0.0
0,0,0,0,26,0.15,69.1,6.4,225,2026-09-15 05:30:00,PT5M,0.0,0.0,0.0,0.0,0.0
0,0,0,0,26,0.15,68.8,6.4,225,2026-09-15 05:35:00,PT5M,0.0,0.0,0.0,0.0,0.0
0,0,0,0,26,0.15,68.4,6.4,225,2026-09-15 05:40:00,PT5M,0.0,0.0,0.0,0.0,0.0
0,0,0,0,26,0.15,67.9,6.4,225,2026-09-15 05:45:00,PT5M,0.0,0.0,0.0,0.0,0.0
0,0,0,0,26,0.15,67.5,6.4,225,2026-09-15 05:50:00,PT5M,0.0,0.0,0.0,0.0,0.0
0,0,0,0,26,0.15,67.0,6.5,225,2026-09-15 05:55:00,PT5M,0.0,0.0,0.0,0.0,0.0
0,0,0,0,26,0.15,66.6,6.5,225,2026-09-15 06:00:00,PT5M,0.0,0.0,0.0,0.0,0.0
3,3,0,3,27,0.15,66.1,6.5,225,2026-09-15 06:05:00,PT5M,0.0,0.115,0.0605,0.0,0.0
8,8,0,8,27,0.15,65.7,6.5,225,2026-09-15 06:10:00,PT5M,0.335,1.08,0.7271,0.0,0.0
13,13,0,13,27,0.15,65.2,6.6,225,2026-09-15 06:15:00,PT5M,1.045,2.6485,1.8889,0.2011,0.0
19,19,0,19,27,0.15,64.8,6.6,225,2026-09-15 06:20:00,PT5M,1.847,4.8035,3.403,0.291,0.0
27,27,0,27,27,0.15,64.4,6.6,225,2026-09-15 06:25:00,PT5M,2.74,7.147,5.0594,0.4206,0.0
35,35,0,35,27,0.15,63.9,6.6,225,2026-09-15 06:30:00,PT5M,3.812,9.8665,6.9985,0.6255,0.0
44,44,0,44,27,0.15,63.5,6.7,225,2026-09-15 06:35:00,PT5M,5.045,12.936,9.1981,0.8919,0.0
55,55,0,55,27,0.15,63.1,6.7,225,2026-09-15 06:40:00,PT5M,6.308,16.118,11.4711,1.1449,0.0
66,66,0,66,27,0.15,62.6,6.7,225,2026-09-15 06:45:00,PT5M,7.697,19.443,13.879,1.515,0.0
78,78,0,78,27,0.15,62.2,6.7,226,2026-09-15 06:50:00,PT5M,9.287,22.9685,16.4877,2.0863,0.0
91,91,0,91,28,0.15,61.8,6.8,226,2026-09-15 06:55:00,PT5M,10.892,26.523,19.1187,2.6653,0.0
105,105,0,105,28,0.15,61.4,6.8,226,2026-09-15 07:00:00,PT5M,12.563,30.249,21.8713,3.2547,0.0
119,119,14,116,28,0.15,61.0,6.8,226,2026-09-15 07:05:00,PT5M,14.916,34.689,25.3227,4.5093,0.0
133,134,30,125,28,0.15,60.6,6.8,226,2026-09-15 07:10:00,PT5M,17.469,39.354,28.9872,5.9508,0.0
148,149,47,134,28,0.15,60.2,6.8,226,2026-09-15 07:15:00,PT5M,20.327,44.3345,32.9623,7.6917,0.0
164,165,64,143,28,0.15,59.8,6.9,226,2026-09-15 07:20:00,PT5M,23.381,49.508,37.1318,9.6302,0.0
180,181,82,151,28,0.15,59.4,6.9,226,2026-09-15 07:25:00,PT5M,26.615,54.8455,41.4729,11.7571,0.0
196,197,100,159,28,0.15,59.0,6.9,226,2026-09-15 07:30:00,PT5M,29.9,60.238,45.8671,13.9329,0.0
213,214,118,167,28,0.15,58.6,6.9,226,2026-09-15 07:35:00,PT5M,33.453,65.9175,50.5393,16.3667,0.9885
230,232,136,175,29,0.15,58.2,7.0,226,2026-09-15 07:40:00,PT5M,37.112,71.748,55.3412,18.8828,2.476
248,250,155,181,29,0.15,57.8,7.0,226,2026-09-15 07:45:00,PT5M,40.726,77.0385,59.8375,21.6145,4.4135
266,268,175,188,29,0.15,57.4,7.0,226,2026-09-15 07:50:00,PT5M,44.035,80.89,63.432,24.638,7.18
285,287,195,194,29,0.15,57.1,7.0,226,2026-09-15 07:55:00,PT5M,47.335,84.6665,66.9828,27.6872,10.0035
304,306,215,199,29,0.15,56.7,7.1,226,2026-09-15 08:00:00,PT5M,50.615,88.3555,70.4781,30.7519,12.8745
324,325,236,204,29,0.15,56.3,7.1,226,2026-09-15 08:05:00,PT5M,53.83,91.9145,73.8741,33.7859,15.7455
344,345,258,208,29,0.15,55.9,7.1,226,2026-09-15 08:10:00,PT5M,57.078,95.431,77.2635,36.8925,18.725
364,366,281,211,29,0.15,55.6,7.1,226,2026-09-15 08:15:00,PT5M,60.255,98.7775,80.5297,39.9803,21.7325
385,387,304,214,29,0.15,55.2,7.2,226,2026-09-15 08:20:00,PT5M,63.348,100.0,83.6674,43.0286,24.7405
406,408,328,215,29,0.15,54.8,7.2,226,2026-09-15 08:25:00,PT5M,66.335,100.0,86.6389,46.0311,27.757
427,429,352,217,30,0.15,54.5,7.2,226,2026-09-15 08:30:00,PT5M,69.238,100.0,89.5185,48.9575,30.7045
446,448,368,219,30,0.15,54.0,7.2,226,2026-09-15 08:35:00,PT5M,71.272,100.0,91.5193,51.0247,32.8015
461,463,375,224,30,0.15,53.3,7.3,226,2026-09-15 08:40:00,PT5M,72.493,100.0,92.7419,52.2441,34.0195
476,478,382,228,30,0.15,52.6,7.3,227,2026-09-15 08:45:00,PT5M,73.656,100.0,93.893,53.419,35.205
491,493,388,233,30,0.15,52.0,7.3,227,2026-09-15 08:50:00,PT5M,74.763,100.0,94.9787,54.5473,36.3525
506,508,395,237,30,0.15,51.4,7.3,227,2026-09-15 08:55:00,PT5M,75.825,100.0,96.0094,55.6406,37.474
521,522,401,241,31,0.15,50.7,7.3,227,2026-09-15 09:00:00,PT5M,76.844,100.0,96.901,56.787,38.735
535,537,407,245,31,0.15,50.1,7.4,227,2026-09-15 09:05:00,PT5M,77.872,100.0,97.7227,58.0213,40.155
550,551,414,248,31,0.15,49.5,7.4,228,2026-09-15 09:10:00,PT5M,78.865,100.0,98.5105,59.2195,41.538
564,566,420,252,31,0.15,48.9,7.4,228,2026-09-15 09:15:00,PT5M,79.823,100.0,99.2645,60.3815,42.8835
578,580,426,255,31,0.15,48.3,7.4,228,2026-09-15 09:20:00,PT5M,80.748,100.0,99.9872,61.5088,44.193
592,593,432,259,31,0.15,47.7,7.5,228,2026-09-15 09:25:00,PT5M,81.64,100.0,100.0,62.6014,45.466
605,607,437,262,31,0.15,47.1,7.5,228,2026-09-15 09:30:00,PT5M,82.501,100.0,100.0,63.6608,46.704
619,621,444,265,32,0.15,46.5,7.5,229,2026-09-15 09:35:00,PT5M,83.4,100.0,100.0,64.765,47.993
633,634,451,267,32,0.15,46.0,7.5,229,2026-09-15 09:40:00,PT5M,84.337,100.0,100.0,65.9141,49.333
646,648,458,269,32,0.15,45.4,7.6,229,2026-09-15 09:45:00,PT5M,85.204,100.0,100.0,66.9888,50.5945
659,661,465,271,32,0.15,44.9,7.6,229,2026-09-15 09:50:00,PT5M,86.021,100.0,100.0,68.0097,51.799
672,673,471,272,32,0.15,44.3,7.6,229,2026-09-15 09:55:00,PT5M,86.809,100.0,100.0,68.9996,52.9705
685,686,478,274,32,0.15,43.8,7.7,230,2026-09-15 10:00:00,PT5M,87.568,100.0,100.0,69.957,54.1065
697,698,484,275,33,0.15,43.2,7.7,230,2026-09-15 10:05:00,PT5M,88.308,100.0,100.0,70.8912,55.2155
709,710,491,276,33,0.15,42.7,7.7,230,2026-09-15 10:10:00,PT5M,89.029,100.0,100.0,71.804,56.301
720,721,498,277,33,0.15,42.2,7.7,230,2026-09-15 10:15:00,PT5M,89.719,100.0,100.0,72.6824,57.349
732,733,505,277,33,0.15,41.7,7.8,230,2026-09-15 10:20:00,PT5M,90.379,100.0,100.0,73.5277,58.361
743,744,512,277,33,0.15,41.2,7.8,231,2026-09-15 10:25:00,PT5M,91.014,100.0,100.0,74.3448,59.342
753,754,518,277,33,0.15,40.7,7.8,231,2026-09-15 10:30:00,PT5M,91.624,100.0,100.0,75.134,60.2925
764,764,525,277,34,0.15,40.2,7.8,231,2026-09-15 10:35:00,PT5M,92.205,100.0,100.0,75.8808,61.1885
773,774,532,277,34,0.15,39.7,7.9,231,2026-09-15 10:40:00,PT5M,92.704,100.0,100.0,76.5311,61.975
783,784,538,276,34,0.15,39.2,7.9,231,2026-09-15 10:45:00,PT5M,93.227,100.0,100.0,77.2015,62.778
792,793,545,275,34,0.15,38.7,7.9,232,2026-09-15 10:50:00,PT5M,93.722,100.0,100.0,77.8381,63.542
801,802,551,275,34,0.15,38.3,7.9,232,2026-09-15 10:55:00,PT5M,94.188,100.0,100.0,78.4383,64.263
809,810,558,273,34,0.15,37.8,8.0,232,2026-09-15 11:00:00,PT5M,94.617,100.0,100.0,78.9836,64.913
817,818,564,272,34,0.15,37.4,8.0,232,2026-09-15 11:05:00,PT5M,95.024,100.0,100.0,79.5037,65.535
825,826,570,271,35,0.15,36.9,8.0,232,2026-09-15 11:10:00,PT5M,95.417,100.0,100.0,80.0191,66.1605
832,833,576,269,35,0.15,36.5,8.0,232,2026-09-15 11:15:00,PT5M,95.788,100.0,100.0,80.5098,66.759
839,839,582,267,35,0.15,36.0,8.1,233,2026-09-15 11:20:00,PT5M,96.13,100.0,100.0,80.9563,67.2995
845,846,589,266,35,0.15,35.6,8.1,233,2026-09-15 11:25:00,PT5M,96.45,100.0,100.0,81.3731,67.8035
851,852,595,264,35,0.15,35.2,8.1,233,2026-09-15 11:30:00,PT5M,96.747,100.0,100.0,81.7604,68.272
851,852,590,267,35,0.15,34.9,8.1,233,2026-09-15 11:35:00,PT5M,96.53,100.0,100.0,81.5371,68.043
846,847,575,275,35,0.15,34.9,8.2,233,2026-09-15 11:40:00,PT5M,95.803,100.0,100.0,80.7059,67.118
840,841,560,283,35,0.15,34.9,8.2,233,2026-09-15 11:45:00,PT5M,95.059,100.0,100.0,79.8503,66.162
834,834,545,291,35,0.15,34.8,8.2,232,2026-09-15 11:50:00,PT5M,94.273,100.0,100.0,78.9435,65.1465
827,827,530,299,35,0.15,34.8,8.2,232,2026-09-15 11:55:00,PT5M,93.522,100.0,100.0,78.0646,64.1525
819,820,515,306,35,0.15,34.8,8.2,232,2026-09-15 12:00:00,PT5M,92.69,100.0,100.0,77.0984,63.0655
811,812,500,313,35,0.15,34.7,8.2,232,2026-09-15 12:05:00,PT5M,91.914,100.0,100.0,76.1827,62.024
803,804,485,320,35,0.15,34.7,8.2,232,2026-09-15 12:10:00,PT5M,91.16,100.0,100.0,75.2829,60.993
795,795,471,326,35,0.15,34.7,8.3,232,2026-09-15 12:15:00,PT5M,90.384,100.0,100.0,74.3561,59.9305
785,786,456,332,35,0.15,34.6,8.3,232,2026-09-15 12:20:00,PT5M,89.571,100.0,100.0,73.3855,58.818
776,776,441,338,35,0.15,34.6,8.3,231,2026-09-15 12:25:00,PT5M,88.716,100.0,100.0,72.3665,57.6515
766,766,427,343,36,0.15,34.6,8.3,231,2026-09-15 12:30:00,PT5M,87.833,100.0,100.0,71.3149,56.448
755,756,413,348,36,0.15,34.5,8.3,231,2026-09-15 12:35:00,PT5M,86.924,100.0,100.0,70.2337,55.212
744,745,398,353,36,0.15,34.5,8.3,231,2026-09-15 12:40:00,PT5M,85.986,100.0,100.0,69.12,53.94
733,734,385,357,36,0.15,34.5,8.3,231,2026-09-15 12:45:00,PT5M,85.018,100.0,100.0,67.9717,52.6295
722,723,371,361,36,0.15,34.4,8.3,231,2026-09-15 12:50:00,PT5M,84.016,100.0,100.0,66.7837,51.274
710,711,357,364,36,0.15,34.4,8.4,231,2026-09-15 12:55:00,PT5M,82.972,100.0,100.0,65.5436,49.8575
698,699,344,367,36,0.15,34.4,8.4,230,2026-09-15 13:00:00,PT5M,81.871,100.0,99.4923,64.2497,48.39
686,687,331,369,36,0.15,34.3,8.4,230,2026-09-15 13:05:00,PT5M,80.797,100.0,98.5999,62.9941,46.971
674,675,318,371,36,0.15,34.3,8.4,230,2026-09-15 13:10:00,PT5M,79.676,100.0,97.6694,61.6826,45.488
661,662,305,373,36,0.15,34.3,8.4,230,2026-09-15 13:15:00,PT5M,78.504,100.0,96.6966,60.3114,43.9375
649,650,293,374,36,0.15,34.2,8.4,230,2026-09-15 13:20:00,PT5M,77.293,100.0,95.6882,58.8978,42.3415
636,637,281,374,36,0.15,34.2,8.4,230,2026-09-15 13:25:00,PT5M,76.046,100.0,94.6452,57.4468,40.707
622,624,269,375,36,0.15,34.2,8.5,230,2026-09-15 13:30:00,PT5M,74.766,100.0,93.5696,55.9624,39.0385
610,611,258,374,36,0.15,34.1,8.5,229,2026-09-15 13:35:00,PT5M,73.511,100.0,92.5191,54.5029,37.395
597,598,247,373,36,0.15,34.1,8.5,229,2026-09-15 13:40:00,PT5M,72.282,100.0,91.4946,53.0694,35.7775
584,586,237,372,36,0.15,34.1,8.5,229,2026-09-15 13:45:00,PT5M,71.023,100.0,90.4398,51.6062,34.1305
572,573,228,370,36,0.15,34.1,8.5,229,2026-09-15 13:50:00,PT5M,69.732,100.0,89.353,50.111,32.4515
559,560,218,368,36,0.15,34.0,8.5,229,2026-09-15 13:55:00,PT5M,68.407,100.0,88.2322,48.5818,30.7385
546,547,208,366,36,0.15,34.0,8.5,229,2026-09-15 14:00:00,PT5M,67.035,100.0,87.0644,47.0056,28.9785
532,533,199,363,36,0.15,34.0,8.6,229,2026-09-15 14:05:00,PT5M,65.646,100.0,85.8796,45.4124,27.2015
519,520,189,360,36,0.15,33.9,8.6,228,2026-09-15 14:10:00,PT5M,64.216,100.0,84.6551,43.7769,25.381
506,507,180,356,36,0.15,33.9,8.6,228,2026-09-15 14:15:00,PT5M,62.755,100.0,83.3989,42.1111,23.531
492,493,171,352,36,0.15,33.9,8.6,228,2026-09-15 14:20:00,PT5M,61.263,100.0,82.1103,40.4157,21.6525
478,480,162,348,36,0.15,33.8,8.6,228,2026-09-15 14:25:00,PT5M,59.714,99.712,80.7652,38.6628,19.716
465,466,153,344,36,0.15,33.8,8.6,228,2026-09-15 14:30:00,PT5M,58.118,98.502,79.3724,36.8636,17.734
453,454,147,339,36,0.15,33.9,8.6,228,2026-09-15 14:35:00,PT5M,56.847,97.5,78.243,35.451,16.194
443,444,144,333,36,0.15,34.3,8.7,228,2026-09-15 14:40:00,PT5M,55.899,96.713,77.3797,34.4183,15.085
433,434,142,327,35,0.15,34.6,8.7,228,2026-09-15 14:45:00,PT5M,54.922,95.9035,76.4909,33.3531,13.9405
423,424,139,321,35,0.15,35.0,8.7,228,2026-09-15 14:50:00,PT5M,53.916,95.072,75.5767,32.2553,12.76
413,414,136,314,35,0.15,35.3,8.7,228,2026-09-15 14:55:00,PT5M,52.88,94.2115,74.6331,31.1269,11.5485
402,403,134,308,35,0.15,35.7,8.8,228,2026-09-15 15:00:00,PT5M,51.812,93.0555,73.5187,30.1053,10.5685
392,393,130,302,35,0.15,36.0,8.8,228,2026-09-15 15:05:00,PT5M,50.711,91.833,72.3538,29.0682,9.589
381,382,127,295,35,0.15,36.4,8.8,228,2026-09-15 15:10:00,PT5M,49.56,90.519,71.117,28.003,8.601
370,371,123,289,35,0.15,36.7,8.8,228,2026-09-15 15:15:00,PT5M,48.367,89.1445,69.8285,26.9055,7.5895
359,360,119,283,34,0.15,37.1,8.9,228,2026-09-15 15:20:00,PT5M,47.132,87.706,68.4864,25.7776,6.558
347,348,115,276,34,0.15,37.5,8.9,227,2026-09-15 15:25:00,PT5M,45.837,86.1285,67.0427,24.6313,5.5455
336,337,110,269,34,0.15,37.8,8.9,227,2026-09-15 15:30:00,PT5M,44.492,84.53,65.5643,23.4197,4.454
324,325,106,262,34,0.15,38.2,8.9,227,2026-09-15 15:35:00,PT5M,43.382,83.1425,64.3082,22.4558,3.6215
313,314,102,255,34,0.15,38.6,9.0,227,2026-09-15 15:40:00,PT5M,42.05,81.499,62.8123,21.2877,2.601
301,302,98,247,34,0.15,39.0,9.0,227,2026-09-15 15:45:00,PT5M,40.678,79.7335,61.2332,20.1228,1.6225
290,291,94,240,33,0.15,39.4,9.0,227,2026-09-15 15:50:00,PT5M,39.251,77.8105,59.5451,18.9569,0.6915
278,279,89,232,33,0.15,39.8,9.0,227,2026-09-15 15:55:00,PT5M,37.755,75.7315,57.7423,17.7677,0.0
266,267,84,224,33,0.15,40.2,9.0,227,2026-09-15 16:00:00,PT5M,36.187,73.4995,55.8248,16.5492,0.0
253,254,79,216,33,0.15,40.6,9.1,227,2026-09-15 16:05:00,PT5M,34.626,71.248,53.9004,15.3516,0.0
241,242,75,207,33,0.15,41.0,9.1,227,2026-09-15 16:10:00,PT5M,33.078,68.9975,51.9827,14.1733,0.0
229,230,70,198,33,0.15,41.4,9.1,227,2026-09-15 16:15:00,PT5M,31.47,66.6385,49.9794,12.9606,0.0
217,218,66,190,33,0.15,41.8,9.1,227,2026-09-15 16:20:00,PT5M,29.803,64.1755,47.8935,11.7125,0.0
205,206,61,181,32,0.15,42.2,9.2,227,2026-09-15 16:25:00,PT5M,28.099,60.2055,44.9969,11.2011,0.0
193,193,55,172,32,0.15,42.6,9.2,227,2026-09-15 16:30:00,PT5M,26.262,56.131,41.9823,10.5417,0.0
180,181,50,163,32,0.15,43.1,9.2,227,2026-09-15 16:35:00,PT5M,24.365,52.0245,38.9224,9.8076,0.0
168,169,44,153,32,0.15,43.5,9.2,227,2026-09-15 16:40:00,PT5M,22.436,47.9175,35.8471,9.0249,0.0
156,156,37,144,32,0.15,43.9,9.3,227,2026-09-15 16:45:00,PT5M,20.493,43.7725,32.7452,8.2408,0.0
143,144,30,135,32,0.15,44.4,9.3,227,2026-09-15 16:50:00,PT5M,18.518,39.657,29.6436,7.3924,0.0
131,132,22,125,31,0.15,44.8,9.3,227,2026-09-15 16:55:00,PT5M,16.664,35.6915,26.6783,6.6497,0.0
119,119,14,116,31,0.15,45.3,9.3,227,2026-09-15 17:00:00,PT5M,14.715,31.676,23.6417,5.7883,0.0
107,107,4,106,31,0.15,45.7,9.4,227,2026-09-15 17:05:00,PT5M,12.759,27.7465,20.647,4.871,0.0
94,94,0,94,31,0.15,46.2,9.4,227,2026-09-15 17:10:00,PT5M,11.149,24.283,18.0615,4.2365,0.0
82,82,0,82,31,0.15,46.7,9.4,227,2026-09-15 17:15:00,PT5M,9.643,21.0005,15.6205,3.6655,0.0
70,71,0,71,31,0.15,47.2,9.4,227,2026-09-15 17:20:00,PT5M,8.172,17.783,13.2303,3.1137,0.0
59,59,0,59,30,0.15,47.6,9.4,227,2026-09-15 17:25:00,PT5M,6.851,14.73,10.9978,2.7042,0.0
49,49,0,49,30,0.15,48.1,9.5,227,2026-09-15 17:30:00,PT5M,5.57,11.7685,8.8323,2.3077,0.0
39,39,0,39,30,0.15,48.6,9.4,227,2026-09-15 17:35:00,PT5M,4.252,8.9035,6.7001,1.8039,0.0
30,30,0,30,30,0.15,49.0,9.4,227,2026-09-15 17:40:00,PT5M,3.104,6.401,4.8392,1.3688,0.0
21,21,0,21,30,0.15,49.5,9.3,226,2026-09-15 17:45:00,PT5M,2.107,4.2545,3.2372,0.9768,0.0
14,14,0,14,30,0.15,49.9,9.3,226,2026-09-15 17:50:00,PT5M,1.196,2.451,1.8565,0.5355,0.0
8,8,0,8,30,0.15,50.3,9.2,226,2026-09-15 17:55:00,PT5M,0.376,0.918,0.6613,0.0907,0.0
3,3,0,3,30,0.15,50.8,9.1,226,2026-09-15 18:00:00,PT5M,0.0,0.0,0.0,0.0,0.0
0,0,0,0,30,0.15,51.3,9.1,226,2026-09-15 18:05:00,PT5M,0.0,0.0,0.0,0.0,0.0
0,0,0,0,30,0.15,51.7,9.0,226,2026-09-15 18:10:00,PT5M,0.0,0.0,0.0,0.0,0.0
0,0,0,0,29,0.15,52.2,8.9,226,2026-09-15 18:15:00,PT5M,0.0,0.0,0.0,0.0,0.0
0,0,0,0,29,0.15,52.6,8.9,226,2026-09-15 18:20:00,PT5M,0.0,0.0,0.0,0.0,0.0
0,0,0,0,29,0.15,53.1,8.8,226,2026-09-15 18:25:00,PT5M,0.0,0.0,0.0,0.0,0.0
0,0,0,0,29,0.15,53.6,8.7,226,2026-09-15 18:30:00,PT5M,0.0,0.0,0.0,0.0,0.0
0,0,0,0,29,0.15,54.1,8.7,225,2026-09-15 18:35:00,PT5M,0.0,0.0,0.0,0.0,0.0
0,0,0,0,29,0.15,54.6,8.6,225,2026-09-15 18:40:00,PT5M,0.0,0.0,0.0,0.0,0.0
0,0,0,0,29,0.15,55.0,8.5,225,2026-09-15 18:45:00,PT5M,0.0,0.0,0.0,0.0,0.0
0,0,0,0,29,0.15,55.5,8.5,225,2026-09-15 18:50:00,PT5M,0.0,0.0,0.0,0.0,0.0
0,0,0,0,29,0.15,56.0,8.4,225,2026-09-15 18:55:00,PT5M,0.0,0.0,0.0,0.0,0.0
0,0,0,0,29,0.15,56.5,8.3,225,2026-09-15 19:00:00,PT5M,0.0,0.0,0.0,0.0,0.0
0,0,0,0,29,0.15,57.1,8.3,225,2026-09-15 19:05:00,PT5M,0.0,0.0,0.0,0.0,0.0
0,0,0,0,28,0.15,57.6,8.2,225,2026-09-15 19:10:00,PT5M,0.0,0.0,0.0,0.0,0.0
0,0,0,0,28,0.15,58.1,8.1,224,2026-09-15 19:15:00,PT5M,0.0,0.0,0.0,0.0,0.0
0,0,0,0,28,0.15,58.6,8.1,224,2026-09-15 19:20:00,PT5M,0.0,0.0,0.0,0.0,0.0
0,0,0,0,28,0.15,59.1,8.0,224,2026-09-15 19:25:00,PT5M,0.0,0.0,0.0,0.0,0.0
0,0,0,0,28,0.15,59.7,8.0,224,2026-09-15 19:30:00,PT5M,0.0,0.0,0.0,0.0,0.0
0,0,0,0,28,0.15,60.2,7.9,224,2026-09-15 19:35:00,PT5M,0.0,0.0,0.0,0.0,0.0
0,0,0,0,28,0.15,60.7,7.8,224,2026-09-15 19:40:00,PT5M,0.0,0.0,0.0,0.0,0.0
0,0,0,0,28,0.15,61.3,7.8,224,2026-09-15 19:45:00,PT5M,0.0,0.0,0.0,0.0,0.0
0,0,0,0,28,0.15,61.8,7.7,223,2026-09-15 19:50:00,PT5M,0.0,0.0,0.0,0.0,0.0
0,0,0,0,28,0.15,62.4,7.6,223,2026-09-15 19:55:00,PT5M,0.0,0.0,0.0,0.0,0.0
0,0,0,0,27,0.15,63.0,7.6,223,2026-09-15 20:00:00,PT5M,0.0,0.0,0.0,0.0,0.0
0,0,0,0,27,0.15,63.5,7.5,223,2026-09-15 20:05:00,PT5M,0.0,0.0,0.0,0.0,0.0
0,0,0,0,27,0.15,64.1,7.4,223,2026-09-15 20:10:00,PT5M,0.0,0.0,0.0,0.0,0.0
0,0,0,0,27,0.15,64.7,7.4,223,2026-09-15 20:15:00,PT5M,0.0,0.0,0.0,0.0,0.0
0,0,0,0,27,0.15,65.3,7.3,223,2026-09-15 20:20:00,PT5M,0.0,0.0,0.0,0.0,0.0
0,0,0,0,27,0.15,65.9,7.2,222,2026-09-15 20:25:00,PT5M,0.0,0.0,0.0,0.0,0.0
0,0,0,0,27,0.15,66.5,7.2,222,2026-09-15 20:30:00,PT5M,0.0,0.0,0.0,0.0,0.0
0,0,0,0,27,0.15,66.8,7.1,222,2026-09-15 20:35:00,PT5M,0.0,0.0,0.0,0.0,0.0
0,0,0,0,27,0.15,67.0,7.1,222,2026-09-15 20:40:00,PT5M,0.0,0.0,0.0,0.0,0.0
0,0,0,0,27,0.15,67.1,7.1,222,2026-09-15 20:45:00,PT5M,0.0,0.0,0.0,0.0,0.0
0,0,0,0,27,0.15,67.2,7.1,222,2026-09-15 20:50:00,PT5M,0.0,0.0,0.0,0.0,0.0
0,0,0,0,27,0.15,67.4,7.0,222,2026-09-15 20:55:00,PT5M,0.0,0.0,0.0,0.0,0.0
0,0,0,0,27,0.15,67.5,7.0,222,2026-09-15 21:00:00,PT5M,0.0,0.0,0.0,0.0,0.0
0,0,0,0,27,0.15,67.6,7.0,222,2026-09-15 21:05:00,PT5M,0.0,0.0,0.0,0.0,0.0
0,0,0,0,27,0.15,67.8,7.0,222,2026-09-15 21:10:00,PT5M,0.0,0.0,0.0,0.0,0.0
0,0,0,0,27,0.15,67.9,6.9,222,2026-09-15 21:15:00,PT5M,0.0,0.0,0.0,0.0,0.0
0,0,0,0,27,0.15,68.0,6.9,222,2026-09-15 21:20:00,PT5M,0.0,0.0,0.0,0.0,0.0
0,0,0,0,27,0.15,68.2,6.9,222,2026-09-15 21:25:00,PT5M,0.0,0.0,0.0,0.0,0.0
0,0,0,0,27,0.15,68.3,6.9,222,2026-09-15 21:30:00,PT5M,0.0,0.0,0.0,0.0,0.0
0,0,0,0,27,0.15,68.4,6.9,222,2026-09-15 21:35:00,PT5M,0.0,0.0,0.0,0.0,0.0
0,0,0,0,27,0.15,68.6,6.8,222,2026-09-15 21:40:00,PT5M,0.0,0.0,0.0,0.0,0.0
0,0,0,0,27,0.15,68.7,6.8,223,2026-09-15 21:45:00,PT5M,0.0,0.0,0.0,0.0,0.0
0,0,0,0,27,0.15,68.8,6.8,223,2026-09-15 21:50:00,PT5M,0.0,0.0,0.0,0.0,0.0
0,0,0,0,26,0.15,69.0,6.8,223,2026-09-15 21:55:00,PT5M,0.0,0.0,0.0,0.0,0.0
0,0,0,0,26,0.15,69.1,6.7,223,2026-09-15 22:00:00,PT5M,0.0,0.0,0.0,0.0,0.0
0,0,0,0,26,0.15,69.3,6.7,223,2026-09-15 22:05:00,PT5M,0.0,0.0,0.0,0.0,0.0
0,0,0,0,26,0.15,69.4,6.7,223,2026-09-15 22:10:00,PT5M,0.0,0.0,0.0,0.0,0.0
0,0,0,0,26,0.15,69.5,6.7,223,2026-09-15 22:15:00,PT5M,0.0,0.0,0.0,0.0,0.0
0,0,0,0,26,0.15,69.7,6.6,223,2026-09-15 22:20:00,PT5M,0.0,0.0,0.0,0.0,0.0
0,0,0,0,26,0.15,69.8,6.6,223,2026-09-15 22:25:00,PT5M,0.0,0.0,0.0,0.0,0.0
0,0,0,0,26,0.15,70.0,6.6,223,2026-09-15 22:30:00,PT5M,0.0,0.0,0.0,0.0,0.0
0,0,0,0,26,0.15,70.1,6.6,223,2026-09-15 22:35:00,PT5M,0.0,0.0,0.0,0.0,0.0
0,0,0,0,26,0.15,70.2,6.5,223,2026-09-15 22:40:00,PT5M,0.0,0.0,0.0,0.0,0.0
0,0,0,0,26,0.15,70.4,6.5,223,2026-09-15 22:45:00,PT5M,0.0,0.0,0.0,0.0,0.0
0,0,0,0,26,0.15,70.5,6.5,223,2026-09-15 22:50:00,PT5M,0.0,0.0,0.0,0.0,0.0
0,0,0,0,26,0.15,70.7,6.5,223,2026-09-15 22:55:00,PT5M,0.0,0.0,0.0,0.0,0.0
0,0,0,0,26,0.15,70.8,6.5,223,2026-09-15 23:00:00,PT5M,0.0,0.0,0.0,0.0,0.0
0,0,0,0,26,0.15,70.9,6.4,223,2026-09-15 23:05:00,PT5M,0.0,0.0,0.0,0.0,0.0
0,0,0,0,26,0.15,71.1,6.4,223,2026-09-15 23:10:00,PT5M,0.0,0.0,0.0,0.0,0.0
0,0,0,0,26,0.15,71.2,6.4,223,2026-09-15 23:15:00,PT5M,0.0,0.0,0.0,0.0,0.0
0,0,0,0,26,0.15,71.4,6.4,223,2026-09-15 23:20:00,PT5M,0.0,0.0,0.0,0.0,0.0
0,0,0,0,26,0.15,71.5,6.3,223,2026-09-15 23:25:00,PT5M,0.0,0.0,0.0,0.0,0.0
0,0,0,0,26,0.15,71.7,6.3,223,2026-09-15 23:30:00,PT5M,0.0,0.0,0.0,0.0,0.0
0,0,0,0,26,0.15,71.7,6.3,223,2026-09-15 23:35:00,PT5M,0.0,0.0,0.0,0.0,0.0
0,0,0,0,26,0.15,71.6,6.3,223,2026-09-15 23:40:00,PT5M,0.0,0.0,0.0,0.0,0.0
0,0,0,0,26,0.15,71.6,6.3,223,2026-09-15 23:45:00,PT5M,0.0,0.0,0.0,0.0,0.0
0,0,0,0,26,0.15,71.5,6.3,223,2026-09-15 23:50:00,PT5M,0.0,0.0,0.0,0.0,0.0
0,0,0,0,26,0.15,71.5,6.3,224,2026-09-15 23:55:00,PT5M,0.0,0.0,0.0,0.0,0.0
0,0,0,0,26,0.15,71.4,6.2,224,2026-09-16 00:00:00,PT5M,0.0,0.0,0.0,0.0,0.0
0,0,0,0,26,0.15,71.3,6.2,224,2026-09-16 00:05:00,PT5M,0.0,0.0,0.0,0.0,0.0
0,0,0,0,26,0.15,71.3,6.2,224,2026-09-16 00:10:00,PT5M,0.0,0.0,0.0,0.0,0.0
0,0,0,0,26,0.15,71.2,6.2,224,2026-09-16 00:15:00,PT5M,0.0,0.0,0.0,0.0,0.0
0,0,0,0,26,0.15,71.1,6.2,224,2026-09-16 00:20:00,PT5M,0.0,0.0,0.0,0.0,0.0
0,0,0,0,26,0.15,71.1,6.2,224,2026-09-16 00:25:00,PT5M,0.0,0.0,0.0,0.0,0.0
0,0,0,0,26,0.15,71.0,6.2,224,2026-09-16 00:30:00,PT5M,0.0,0.0,0.0,0.0,0.0
0,0,0,0,26,0.15,71.0,6.2,225,2026-09-16 00:35:00,PT5M,0.0,0.0,0.0,0.0,0.0
0,0,0,0,26,0.15,70.9,6.2,225,2026-09-16 00:40:00,PT5M,0.0,0.0,0.0,0.0,0.0
0,0,0,0,26,0.15,70.8,6.2,225,2026-09-16 00:45:00,PT5M,0.0,0.0,0.0,0.0,0.0
0,0,0,0,26,0.15,70.8,6.1,225,2026-09-16 00:50:00,PT5M,0.0,0.0,0.0,0.0,0.0
0,0,0,0,26,0.15,70.7,6.1,225,2026-09-16 00:55:00,PT5M,0.0,0.0,0.0,0.0,0.0
0,0,0,0,26,0.15,70.7,6.1,225,2026-09-16 01:00:00,PT5M,0.0,0.0,0.0,0.0,0.0
0,0,0,0,26,0.15,70.6,6.1,225,2026-09-16 01:05:00,PT5M,0.0,0.0,0.0,0.0,0.0
0,0,0,0,26,0.15,70.5,6.1,226,2026-09-16 01:10:00,PT5M,0.0,0.0,0.0,0.0,0.0
0,0,0,0,26,0.15,70.5,6.1,226,2026-09-16 01:15:00,PT5M,0.0,0.0,0.0,0.0,0.0
0,0,0,0,26,0.15,70.4,6.1,226,2026-09-16 01:20:00,PT5M,0.0,0.0,0.0,0.0,0.0
0,0,0,0,26,0.15,70.4,6.1,226,2026-09-16 01:25:00,PT5M,0.0,0.0,0.0,0.0,0.0
0,0,0,0,26,0.15,70.3,6.1,226,2026-09-16 01:30:00,PT5M,0.0,0.0,0.0,0.0,0.0
0,0,0,0,26,0.15,70.2,6.1,226,2026-09-16 01:35:00,PT5M,0.0,0.0,0.0,0.0,0.0
0,0,0,0,26,0.15,70.2,6.0,226,2026-09-16 01:40:00,PT5M,0.0,0.0,0.0,0.0,0.0
0,0,0,0,26,0.15,70.1,6.0,226,2026-09-16 01:45:00,PT5M,0.0,0.0,0.0,0.0,0.0
0,0,0,0,26,0.15,70.1,6.0,227,2026-09-16 01:50:00,PT5M,0.0,0.0,0.0,0.0,0.0
0,0,0,0,26,0.15,70.0,6.0,227,2026-09-16 01:55:00,PT5M,0.0,0.0,0.0,0.0,0.0
0,0,0,0,26,0.15,69.9,6.0,227,2026-09-16 02:00:00,PT5M,0.0,0.0,0.0,0.0,0.0
0,0,0,0,26,0.15,69.9,6.0,227,2026-09-16 02:05:00,PT5M,0.0,0.0,0.0,0.0,0.0
0,0,0,0,26,0.15,69.8,6.0,227,2026-09-16 02:10:00,PT5M,0.0,0.0,0.0,0.0,0.0
0,0,0,0,26,0.15,69.8,6.0,227,2026-09-16 02:15:00,PT5M,0.0,0.0,0.0,0.0,0.0
0,0,0,0,26,0.15,69.7,6.0,227,2026-09-16 02:20:00,PT5M,0.0,0.0,0.0,0.0,0.0
0,0,0,0,26,0.15,69.6,6.0,228,2026-09-16 02:25:00,PT5M,0.0,0.0,0.0,0.0,0.0
0,0,0,0,26,0.15,69.6,6.0,228,2026-09-16 02:30:00,PT5M,0.0,0.0,0.0,0.0,0.0
0,0,0,0,26,0.15,69.5,5.9,228,2026-09-16 02:35:00,PT5M,0.0,0.0,0.0,0.0,0.0
0,0,0,0,26,0.15,69.5,6.0,228,2026-09-16 02:40:00,PT5M,0.0,0.0,0.0,0.0,0.0
0,0,0,0,26,0.15,69.5,6.0,227,2026-09-16 02:45:00,PT5M,0.0,0.0,0.0,0.0,0.0
0,0,0,0,26,0.15,69.5,6.0,227,2026-09-16 02:50:00,PT5M,0.0,0.0,0.0,0.0,0.0
0,0,0,0,26,0.15,69.5,6.0,227,2026-09-16 02:55:00,PT5M,0.0,0.0,0.0,0.0,0.0
0,0,0,0,26,0.15,69.5,6.0,227,2026-09-16 03:00:00,PT5M,0.0,0.0,0.0,0.0,0.0
0,0,0,0,26,0.15,69.5,6.0,227,2026-09-16 03:05:00,PT5M,0.0,0.0,0.0,0.0,0.0
0,0,0,0,26,0.15,69.5,6.0,227,2026-09-16 03:10:00,PT5M,0.0,0.0,0.0,0.0,0.0
0,0,0,0,26,0.15,69.4,6.0,227,2026-09-16 03:15:00,PT5M,0.0,0.0,0.0,0.0,0.0
0,0,0,0,26,0.15,69.4,6.0,227,2026-09-16 03:20:00,PT5M,0.0,0.0,0.0,0.0,0.0
0,0,0,0,26,0.15,69.4,6.0,227,2026-09-16 03:25:00,PT5M,0.0,0.0,0.0,0.0,0.0
0,0,0,0,26,0.15,69.4,6.0,226,2026-09-16 03:30:00,PT5M,0.0,0.0,0.0,0.0,0.0
0,0,0,0,26,0.15,69.4,6.0,226,2026-09-16 03:35:00,PT5M,0.0,0.0,0.0,0.0,0.0
0,0,0,0,26,0.15,69.4,6.0,226,2026-09-16 03:40:00,PT5M,0.0,0.0,0.0,0.0,0.0
0,0,0,0,26,0.15,69.4,6.0,226,2026-09-16 03:45:00,PT5M,0.0,0.0,0.0,0.0,0.0
0,0,0,0,26,0.15,69.4,6.0,226,2026-09-16 03:50:00,PT5M,0.0,0.0,0.0,0.0,0.0
0,0,0,0,26,0.15,69.3,6.0,226,2026-09-16 03:55:00,PT5M,0.0,0.0,0.0,0.0,0.0
0,0,0,0,26,0.15,69.3,6.0,226,2026-09-16 04:00:00,PT5M,0.0,0.0,0.0,0.0,0.0
0,0,0,0,26,0.15,69.3,6.0,226,2026-09-16 04:05:00,PT5M,0.0,0.0,0.0,0.0,0.0
0,0,0,0,26,0.15,69.3,6.0,226,2026-09-16 04:10:00,PT5M,0.0,0.0,0.0,0.0,0.0
0,0,0,0,26,0.15,69.3,6.0,225,2026-09-16 04:15:00,PT5M,0.0,0.0,0.0,0.0,0.0
0,0,0,0,26,0.15,69.3,6.0,225,2026-09-16 04:20:00,PT5M,0.0,0.0,0.0,0.0,0.0
0,0,0,0,26,0.15,69.3,6.0,225,2026-09-16 04:25:00,PT5M,0.0,0.0,0.0,0.0,0.0
0,0,0,0,26,0.15,69.3,6.0,225,2026-09-16 04:30:00,PT5M,0.0,0.0,0.0,0.0,0.0
0,0,0,0,26,0.15,69.3,6.0,225,2026-09-16 04:35:00,PT5M,0.0,0.0,0.0,0.0,0.0
0,0,0,0,26,0.15,69.2,6.0,225,2026-09-16 04:40:00,PT5M,0.0,0.0,0.0,0.0,0.0
0,0,0,0,26,0.15,69.2,6.0,225,2026-09-16 04:45:00,PT5M,0.0,0.0,0.0,0.0,0.0
0,0,0,0,26,0.15,69.2,6.0,225,2026-09-16 04:50:00,PT5M,0.0,0.0,0.0,0.0,0.0
0,0,0,0,26,0.15,69.2,6.1,224,2026-09-16 04:55:00,PT5M,0.0,0.0,0.0,0.0,0.0
0,0,0,0,26,0.15,69.2,6.1,224,2026-09-16 05:00:00,PT5M,0.0,0.0,0.0,0.0,0.0
0,0,0,0,26,0.15,69.2,6.1,224,2026-09-16 05:05:00,PT5M,0.0,0.0,0.0,0.0,0.0
0,0,0,0,26,0.15,69.2,6.1,224,2026-09-16 05:10:00,PT5M,0.0,0.0,0.0,0.0,0.0
0,0,0,0,26,0.15,69.2,6.1,224,2026-09-16 05:15:00,PT5M,0.0,0.0,0.0,0.0,0.0
0,0,0,0,26,0.15,69.1,6.1,224,2026-09-16 05:20:00,PT5M,0.0,0.0,0.0,0.0,0.0
0,0,0,0,26,0.15,69.1,6.1,224,2026-09-16 05:25:00,PT5M,0.0,0.0,0.0,0.0,0.0
0,0,0,0,26,0.15,69.1,6.1,224,2026-09-16 05:30:00,PT5M,0.0,0.0,0.0,0.0,0.0
0,0,0,0,26,0.15,68.8,6.1,224,2026-09-16 05:35:00,PT5M,0.0,0.0,0.0,0.0,0.0
0,0,0,0,26,0.15,68.3,6.1,224,2026-09-16 05:40:00,PT5M,0.0,0.0,0.0,0.0,0.0
0,0,0,0,26,0.15,67.8,6.1,224,2026-09-16 05:45:00,PT5M,0.0,0.0,0.0,0.0,0.0
0,0,0,0,26,0.15,67.2,6.1,224,2026-09-16 05:50:00,PT5M,0.0,0.0,0.0,0.0,0.0
0,0,0,0,27,0.15,66.7,6.2,225,2026-09-16 05:55:00,PT5M,0.0,0.0,0.0,0.0,0.0
0,0,0,0,27,0.15,66.2,6.2,225,2026-09-16 06:00:00,PT5M,0.0,0.0,0.0,0.0,0.0
6,7,0,7,27,0.15,65.7,6.2,225,2026-09-16 06:05:00,PT5M,0.188,0.329,0.2622,0.1138,0.047
15,15,0,15,27,0.15,65.1,6.2,225,2026-09-16 06:10:00,PT5M,1.351,2.0605,1.7244,0.9776,0.6415
24,25,4,24,27,0.15,64.6,6.2,226,2026-09-16 06:15:00,PT5M,2.66,3.9785,3.3539,1.9661,1.3415
35,36,38,32,27,0.15,64.1,6.2,226,2026-09-16 06:20:00,PT5M,4.47,6.8755,5.736,3.204,2.0645
47,48,71,40,27,0.15,63.6,6.2,226,2026-09-16 06:25:00,PT5M,6.673,10.2625,8.5622,4.7838,3.0835
61,61,102,48,27,0.15,63.1,6.3,226,2026-09-16 06:30:00,PT5M,9.434,14.4455,12.0716,6.7964,4.4225
75,76,138,55,28,0.15,62.6,6.3,226,2026-09-16 06:35:00,PT5M,12.712,19.3105,16.1848,9.2392,6.1135
91,92,173,62,28,0.15,62.1,6.3,227,2026-09-16 06:40:00,PT5M,16.244,24.524,20.6018,11.8862,7.964
107,109,208,69,28,0.15,61.7,6.3,227,2026-09-16 06:45:00,PT5M,20.01,29.979,25.2568,14.7632,10.041
125,127,241,75,28,0.15,61.2,6.3,227,2026-09-16 06:50:00,PT5M,24.017,35.657,30.1432,17.8908,12.377
143,145,273,80,28,0.15,60.7,6.3,227,2026-09-16 06:55:00,PT5M,28.202,41.555,35.2298,21.1742,14.849
162,164,305,85,28,0.15,60.2,6.4,227,2026-09-16 07:00:00,PT5M,32.592,47.7425,40.5658,24.6182,17.4415
180,182,327,91,28,0.15,59.8,6.4,228,2026-09-16 07:05:00,PT5M,36.78,53.8895,45.7849,27.7751,19.6705
198,200,347,96,28,0.15,59.3,6.4,228,2026-09-16 07:10:00,PT5M,41.07,60.172,51.1235,31.0165,21.968
216,219,366,102,29,0.15,58.8,6.4,228,2026-09-16 07:15:00,PT5M,45.42,66.5475,56.5396,34.3004,24.2925
235,237,384,107,29,0.15,58.4,6.4,228,2026-09-16 07:20:00,PT5M,49.794,72.9685,61.9909,37.5971,26.6195
253,256,400,112,29,0.15,57.9,6.4,228,2026-09-16 07:25:00,PT5M,54.162,79.396,67.4428,40.8812,28.928
272,274,415,116,29,0.15,57.5,6.5,229,2026-09-16 07:30:00,PT5M,58.527,85.8285,72.896,44.158,31.2255
291,293,430,121,29,0.15,57.0,6.5,229,2026-09-16 07:35:00,PT5M,62.893,92.283,78.3612,47.4248,33.503
309,312,443,126,29,0.15,56.6,6.5,229,2026-09-16 07:40:00,PT5M,67.291,98.8325,83.8915,50.6905,35.7495
328,330,456,130,29,0.15,56.2,6.5,229,2026-09-16 07:45:00,PT5M,70.905,100.0,88.3676,53.4424,37.7255
347,349,469,134,29,0.15,55.7,6.5,229,2026-09-16 07:50:00,PT5M,73.0,100.0,90.7673,55.2327,39.2415
365,367,481,138,30,0.15,55.3,6.6,230,2026-09-16 07:55:00,PT5M,74.996,100.0,93.0433,56.9487,40.7055
384,386,492,141,30,0.15,54.9,6.6,230,2026-09-16 08:00:00,PT5M,76.886,100.0,95.1865,58.5855,42.1145
402,404,502,145,30,0.15,54.4,6.6,230,2026-09-16 08:05:00,PT5M,78.629,100.0,97.1458,60.1122,43.4465
420,422,511,149,30,0.15,54.0,6.6,230,2026-09-16 08:10:00,PT5M,80.216,100.0,98.9081,61.5239,44.7005
438,440,520,153,30,0.15,53.6,6.6,230,2026-09-16 08:15:00,PT5M,81.665,100.0,100.0,62.8374,45.892
455,457,528,156,30,0.15,53.2,6.6,231,2026-09-16 08:20:00,PT5M,82.97,100.0,100.0,64.0485,47.0185
473,475,536,160,30,0.15,52.8,6.7,231,2026-09-16 08:25:00,PT5M,84.095,100.0,100.0,65.135,48.0705
490,492,543,163,30,0.15,52.4,6.7,231,2026-09-16 08:30:00,PT5M,85.181,100.0,100.0,66.2105,49.1365
507,509,550,166,31,0.15,51.7,6.7,231,2026-09-16 08:35:00,PT5M,86.206,100.0,100.0,67.2176,50.1275
525,526,559,169,31,0.15,50.9,6.7,231,2026-09-16 08:40:00,PT5M,87.24,100.0,100.0,68.289,51.2325
542,543,567,172,31,0.15,50.0,6.7,231,2026-09-16 08:45:00,PT5M,88.216,100.0,100.0,69.3129,52.2995
559,560,575,174,31,0.15,49.2,6.7,231,2026-09-16 08:50:00,PT5M,89.14,100.0,100.0,70.2916,53.3275
575,577,583,176,31,0.15,48.4,6.7,231,2026-09-16 08:55:00,PT5M,90.02,100.0,100.0,71.2348,54.3275
592,593,590,178,31,0.15,47.6,6.7,230,2026-09-16 09:00:00,PT5M,90.859,100.0,100.0,72.1817,55.3715
609,610,599,180,32,0.15,46.8,6.8,230,2026-09-16 09:05:00,PT5M,91.755,100.0,100.0,73.3074,56.704
625,626,608,181,32,0.15,46.0,6.8,230,2026-09-16 09:10:00,PT5M,92.645,100.0,100.0,74.4264,58.029
642,643,616,182,32,0.15,45.3,6.8,230,2026-09-16 09:15:00,PT5M,93.497,100.0,100.0,75.5044,59.3105
658,659,625,183,32,0.15,44.5,6.8,230,2026-09-16 09:20:00,PT5M,94.313,100.0,100.0,76.5436,60.5505
674,675,634,183,32,0.15,43.8,6.8,230,2026-09-16 09:25:00,PT5M,95.096,100.0,100.0,77.5466,61.7515
689,690,642,183,32,0.15,43.1,6.8,230,2026-09-16 09:30:00,PT5M,95.846,100.0,100.0,78.5129,62.9125
704,705,650,184,33,0.15,42.4,6.8,230,2026-09-16 09:35:00,PT5M,96.565,100.0,100.0,79.454,64.0535
719,720,658,184,33,0.15,41.7,6.8,230,2026-09-16 09:40:00,PT5M,97.255,100.0,100.0,80.3724,65.1775
734,734,665,184,33,0.15,41.0,6.8,229,2026-09-16 09:45:00,PT5M,97.874,100.0,100.0,81.213,66.2175
748,748,672,184,33,0.15,40.3,6.8,229,2026-09-16 09:50:00,PT5M,98.447,100.0,100.0,82.0023,67.2015
761,762,678,184,33,0.15,39.6,6.9,229,2026-09-16 09:55:00,PT5M,98.996,100.0,100.0,82.7639,68.1545
774,775,685,184,34,0.15,39.0,6.9,229,2026-09-16 10:00:00,PT5M,99.522,100.0,100.0,83.4973,69.0745
787,787,691,185,34,0.15,38.3,6.9,229,2026-09-16 10:05:00,PT5M,100.0,100.0,100.0,84.1755,69.933
799,800,696,185,34,0.15,37.7,6.9,229,2026-09-16 10:10:00,PT5M,100.0,100.0,100.0,84.37,70.3025
811,811,701,185,34,0.15,37.1,6.9,229,2026-09-16 10:15:00,PT5M,100.0,100.0,100.0,84.5595,70.6625
822,823,707,185,34,0.15,36.5,6.9,229,2026-09-16 10:20:00,PT5M,100.0,100.0,100.0,84.7445,71.014
833,834,712,185,34,0.15,35.9,6.9,229,2026-09-16 10:25:00,PT5M,100.0,100.0,100.0,84.925,71.357
844,844,717,184,35,0.15,35.3,6.9,229,2026-09-16 10:30:00,PT5M,100.0,100.0,100.0,85.1013,71.692
854,854,722,184,35,0.15,34.7,6.9,228,2026-09-16 10:35:00,PT5M,100.0,100.0,100.0,85.2621,71.9975
864,864,727,183,35,0.15,34.1,7.0,228,2026-09-16 10:40:00,PT5M,100.0,100.0,100.0,85.4071,72.273
874,874,732,183,35,0.15,33.6,7.0,228,2026-09-16 10:45:00,PT5M,100.0,100.0,100.0,85.5463,72.5375
882,882,737,182,35,0.15,33.0,7.0,228,2026-09-16 10:50:00,PT5M,100.0,100.0,100.0,85.6784,72.7885
891,891,742,181,36,0.15,32.5,7.0,228,2026-09-16 10:55:00,PT5M,100.0,100.0,100.0,85.8015,73.0225
899,899,746,180,36,0.15,31.9,7.0,228,2026-09-16 11:00:00,PT5M,100.0,100.0,100.0,85.9029,73.215
906,906,751,179,36,0.15,31.4,7.0,228,2026-09-16 11:05:00,PT5M,100.0,100.0,100.0,86.0034,73.406
914,913,756,178,36,0.15,30.9,7.0,228,2026-09-16 11:10:00,PT5M,100.0,100.0,100.0,86.1142,73.6165
920,920,761,176,36,0.15,30.4,7.0,228,2026-09-16 11:15:00,PT5M,100.0,100.0,100.0,86.2197,73.817
927,926,765,175,36,0.15,29.9,7.0,228,2026-09-16 11:20:00,PT5M,100.0,100.0,100.0,86.3081,73.985
932,932,770,173,37,0.15,29.4,7.1,227,2026-09-16 11:25:00,PT5M,100.0,100.0,100.0,86.3881,74.137
937,937,775,171,37,0.15,28.9,7.1,227,2026-09-16 11:30:00,PT5M,100.0,100.0,100.0,86.4602,74.274
962,962,826,143,37,0.15,28.7,7.1,227,2026-09-16 11:35:00,PT5M,100.0,100.0,100.0,86.5415,74.4285
965,964,827,143,37,0.15,28.7,7.2,227,2026-09-16 11:40:00,PT5M,100.0,100.0,100.0,86.6315,74.5995
967,966,827,143,37,0.15,28.7,7.2,227,2026-09-16 11:45:00,PT5M,100.0,100.0,100.0,86.7139,74.756
968,968,827,143,37,0.15,28.7,7.3,226,2026-09-16 11:50:00,PT5M,100.0,100.0,100.0,86.7863,74.8935
969,969,828,143,37,0.15,28.7,7.3,226,2026-09-16 11:55:00,PT5M,100.0,100.0,100.0,86.8494,75.0135
969,969,828,143,37,0.15,28.7,7.4,226,2026-09-16 12:00:00,PT5M,100.0,100.0,100.0,86.905,75.119
969,969,828,143,37,0.15,28.7,7.5,226,2026-09-16 12:05:00,PT5M,100.0,100.0,100.0,86.9523,75.209
969,968,827,143,37,0.15,28.7,7.5,225,2026-09-16 12:10:00,PT5M,100.0,100.0,100.0,86.9915,75.2835
967,967,827,143,37,0.15,28.7,7.6,225,2026-09-16 12:15:00,PT5M,100.0,100.0,100.0,87.0231,75.3435
966,965,827,143,37,0.15,28.7,7.6,225,2026-09-16 12:20:00,PT5M,100.0,100.0,100.0,87.0434,75.382
963,963,826,143,37,0.15,28.7,7.7,225,2026-09-16 12:25:00,PT5M,100.0,100.0,100.0,87.0549,75.404
961,960,825,143,37,0.15,28.7,7.7,224,2026-09-16 12:30:00,PT5M,100.0,100.0,100.0,87.0586,75.411
957,957,825,142,37,0.15,28.7,7.8,224,2026-09-16 12:35:00,PT5M,100.0,100.0,100.0,87.0428,75.381
953,953,824,142,37,0.15,28.7,7.9,224,2026-09-16 12:40:00,PT5M,100.0,100.0,100.0,87.0068,75.3125
949,949,823,142,37,0.15,28.7,7.9,224,2026-09-16 12:45:00,PT5M,100.0,100.0,100.0,86.9623,75.228
944,944,822,142,37,0.15,28.7,8.0,224,2026-09-16 12:50:00,PT5M,100.0,100.0,100.0,86.9055,75.12
939,938,820,142,37,0.15,28.7,8.0,223,2026-09-16 12:55:00,PT5M,100.0,100.0,100.0,86.8331,74.9825
933,932,819,141,37,0.15,28.7,8.1,223,2026-09-16 13:00:00,PT5M,100.0,100.0,100.0,86.7621,74.8475
926,926,818,141,37,0.15,28.7,8.2,223,2026-09-16 13:05:00,PT5M,100.0,100.0,100.0,86.7018,74.733
919,919,816,141,37,0.15,28.7,8.2,223,2026-09-16 13:10:00,PT5M,100.0,100.0,100.0,86.6221,74.5815
912,912,814,140,37,0.15,28.7,8.3,223,2026-09-16 13:15:00,PT5M,100.0,100.0,100.0,86.5273,74.4015
904,904,812,140,37,0.15,28.7,8.3,222,2026-09-16 13:20:00,PT5M,100.0,100.0,100.0,86.4231,74.2035
895,895,810,139,37,0.15,28.7,8.4,222,2026-09-16 13:25:00,PT5M,100.0,100.0,100.0,86.3113,73.991
886,886,808,139,37,0.15,28.7,8.5,222,2026-09-16 13:30:00,PT5M,100.0,100.0,100.0,86.1931,73.7665
877,877,806,138,37,0.15,28.7,8.5,222,2026-09-16 13:35:00,PT5M,100.0,100.0,100.0,86.0815,73.5545
867,867,803,138,37,0.15,28.7,8.6,222,2026-09-16 13:40:00,PT5M,100.0,100.0,100.0,85.9758,73.3535
857,857,801,137,37,0.15,28.7,8.7,221,2026-09-16 13:45:00,PT5M,100.0,100.0,100.0,85.8639,73.141
846,846,798,137,37,0.15,28.7,8.7,221,2026-09-16 13:50:00,PT5M,100.0,100.0,100.0,85.7452,72.9155
835,835,795,136,37,0.15,28.7,8.8,221,2026-09-16 13:55:00,PT5M,100.0,100.0,100.0,85.6194,72.6765
823,823,792,136,37,0.15,28.7,8.8,221,2026-09-16 14:00:00,PT5M,100.0,100.0,100.0,85.486,72.423
811,811,788,135,37,0.15,28.7,8.9,221,2026-09-16 14:05:00,PT5M,100.0,100.0,100.0,85.3447,72.1545
798,798,785,134,37,0.15,28.7,9.0,220,2026-09-16 14:10:00,PT5M,100.0,100.0,100.0,85.1937,71.8675
785,785,781,133,37,0.15,28.7,9.0,220,2026-09-16 14:15:00,PT5M,100.0,100.0,100.0,85.0352,71.5665
771,772,777,133,37,0.15,28.7,9.1,220,2026-09-16 14:20:00,PT5M,100.0,100.0,100.0,84.87,71.2525
757,758,773,132,37,0.15,28.8,9.1,220,2026-09-16 14:25:00,PT5M,100.0,100.0,100.0,84.6921,70.9145
743,744,769,131,37,0.15,28.8,9.2,220,2026-09-16 14:30:00,PT5M,100.0,100.0,100.0,84.5053,70.5595
703,704,690,163,37,0.15,28.9,9.2,220,2026-09-16 14:35:00,PT5M,96.949,100.0,100.0,81.2387,67.099
687,688,681,163,37,0.15,29.2,9.2,220,2026-09-16 14:40:00,PT5M,96.212,100.0,100.0,80.2575,65.898
670,671,672,163,37,0.15,29.6,9.1,220,2026-09-16 14:45:00,PT5M,95.442,100.0,100.0,79.2491,64.675
654,655,663,163,36,0.15,29.9,9.1,220,2026-09-16 14:50:00,PT5M,94.638,100.0,100.0,78.317,63.6275
637,638,653,163,36,0.15,30.3,9.1,220,2026-09-16 14:55:00,PT5M,93.797,100.0,100.0,77.3481,62.5435
619,621,643,162,36,0.15,30.6,9.0,221,2026-09-16 15:00:00,PT5M,92.918,100.0,100.0,76.3427,61.4245
602,603,633,162,36,0.15,31.0,9.0,221,2026-09-16 15:05:00,PT5M,92.016,100.0,100.0,75.3305,60.313
584,586,622,162,36,0.15,31.3,9.0,221,2026-09-16 15:10:00,PT5M,91.038,100.0,100.0,74.2727,59.1835
567,568,611,162,36,0.15,31.7,8.9,221,2026-09-16 15:15:00,PT5M,90.002,100.0,100.0,73.2157,58.1075
548,550,599,161,36,0.15,32.0,8.9,221,2026-09-16 15:20:00,PT5M,88.904,100.0,100.0,72.079,56.936
530,532,587,161,35,0.15,32.4,8.9,221,2026-09-16 15:25:00,PT5M,87.732,100.0,100.0,70.8781,55.709
511,513,574,160,35,0.15,32.8,8.8,221,2026-09-16 15:30:00,PT5M,86.481,100.0,100.0,69.6144,54.434
493,494,561,159,35,0.15,33.1,8.8,222,2026-09-16 15:35:00,PT5M,85.14,100.0,100.0,68.2798,53.105
474,475,548,157,35,0.15,33.5,8.8,222,2026-09-16 15:40:00,PT5M,83.696,100.0,100.0,66.8668,51.72
454,456,533,156,35,0.15,33.9,8.7,222,2026-09-16 15:45:00,PT5M,82.018,100.0,98.7669,65.2691,50.1945
435,437,518,154,35,0.15,34.3,8.7,222,2026-09-16 15:50:00,PT5M,80.208,100.0,96.8227,63.5933,48.6395
415,417,503,152,34,0.15,34.7,8.7,222,2026-09-16 15:55:00,PT5M,78.231,100.0,94.666,61.796,47.004
395,397,487,150,34,0.15,35.1,8.6,222,2026-09-16 16:00:00,PT5M,76.094,100.0,92.3066,59.8814,45.2895
376,378,472,147,34,0.15,35.5,8.6,222,2026-09-16 16:05:00,PT5M,73.936,100.0,89.9157,57.9563,43.574
357,359,458,144,34,0.15,35.9,8.5,223,2026-09-16 16:10:00,PT5M,71.784,100.0,87.5287,56.0393,41.8685
338,340,444,140,34,0.15,36.3,8.5,223,2026-09-16 16:15:00,PT5M,69.527,98.9465,85.0107,54.0433,40.1075
318,320,428,136,34,0.15,36.7,8.5,223,2026-09-16 16:20:00,PT5M,67.088,95.902,82.253,51.923,38.274
299,301,413,131,33,0.15,37.2,8.4,223,2026-09-16 16:25:00,PT5M,62.534,89.2665,76.6035,48.4645,35.8015
280,282,397,126,33,0.15,37.6,8.4,223,2026-09-16 16:30:00,PT5M,58.113,82.9055,71.1615,45.0645,33.3205
261,263,380,122,33,0.15,38.0,8.4,223,2026-09-16 16:35:00,PT5M,53.658,76.505,65.6825,41.6335,30.811
242,244,360,117,33,0.15,38.5,8.3,224,2026-09-16 16:40:00,PT5M,49.172,70.142,60.2087,38.1353,28.202
222,224,340,112,33,0.15,38.9,8.3,224,2026-09-16 16:45:00,PT5M,44.726,63.8345,54.7829,34.6691,25.6175
204,205,319,106,33,0.15,39.4,8.3,224,2026-09-16 16:50:00,PT5M,40.323,57.5955,49.4136,31.2324,23.0505
185,187,297,101,33,0.15,39.8,8.2,224,2026-09-16 16:55:00,PT5M,35.98,51.449,44.1214,27.8386,20.511
167,168,273,95,32,0.15,40.3,8.2,224,2026-09-16 17:00:00,PT5M,31.787,45.4985,39.0035,24.5705,18.0755
148,150,244,89,32,0.15,40.8,8.2,225,2026-09-16 17:05:00,PT5M,27.551,39.5925,33.8885,21.2135,15.5095
130,131,211,83,32,0.15,41.2,8.1,225,2026-09-16 17:10:00,PT5M,23.395,33.8725,28.9094,17.8806,12.9175
112,113,177,77,32,0.15,41.7,8.1,225,2026-09-16 17:15:00,PT5M,19.464,28.459,24.1981,14.7299,10.469
95,96,142,70,32,0.15,42.2,8.1,225,2026-09-16 17:20:00,PT5M,15.791,23.328,19.7578,11.8242,8.254
79,80,108,63,32,0.15,42.7,8.0,225,2026-09-16 17:25:00,PT5M,12.374,18.455,15.5745,9.1735,6.293
65,65,74,55,31,0.15,43.2,8.0,225,2026-09-16 17:30:00,PT5M,9.326,14.0165,11.7946,6.8574,4.6355
51,52,43,47,31,0.15,43.7,8.0,226,2026-09-16 17:35:00,PT5M,6.671,10.0735,8.4618,4.8802,3.2685
39,40,16,38,31,0.15,44.2,7.9,226,2026-09-16 17:40:00,PT5M,4.625,6.9695,5.8589,3.3911,2.2805
29,29,0,29,31,0.15,44.7,7.9,226,2026-09-16 17:45:00,PT5M,3.082,4.527,3.8425,2.3215,1.637
19,19,0,19,31,0.15,45.2,7.9,226,2026-09-16 17:50:00,PT5M,1.847,2.6625,2.2762,1.4178,1.0315
11,11,0,11,31,0.15,45.7,7.9,226,2026-09-16 17:55:00,PT5M,0.718,1.156,0.9485,0.4875,0.28
3,3,0,3,31,0.15,46.3,7.8,226,2026-09-16 18:00:00,PT5M,0.0,0.0,0.0,0.0,0.0
0,0,0,0,31,0.15,46.8,7.8,226,2026-09-16 18:05:00,PT5M,0.0,0.0,0.0,0.0,0.0
0,0,0,0,30,0.15,47.3,7.8,226,2026-09-16 18:10:00,PT5M,0.0,0.0,0.0,0.0,0.0
0,0,0,0,30,0.15,47.9,7.7,226,2026-09-16 18:15:00,PT5M,0.0,0.0,0.0,0.0,0.0
0,0,0,0,30,0.15,48.4,7.7,226,2026-09-16 18:20:00,PT5M,0.0,0.0,0.0,0.0,0.0
0,0,0,0,30,0.15,49.0,7.7,227,2026-09-16 18:25:00,PT5M,0.0,0.0,0.0,0.0,0.0
0,0,0,0,30,0.15,49.5,7.7,227,2026-09-16 18:30:00,PT5M,0.0,0.0,0.0,0.0,0.0
0,0,0,0,30,0.15,50.1,7.6,227,2026-09-16 18:35:00,PT5M,0.0,0.0,0.0,0.0,0.0
0,0,0,0,30,0.15,50.7,7.6,227,2026-09-16 18:40:00,PT5M,0.0,0.0,0.0,0.0,0.0
0,0,0,0,30,0.15,51.3,7.6,227,2026-09-16 18:45:00,PT5M,0.0,0.0,0.0,0.0,0.0
0,0,0,0,29,0.15,51.8,7.5,227,2026-09-16 18:50:00,PT5M,0.0,0.0,0.0,0.0,0.0
0,0,0,0,29,0.15,52.4,7.5,227,2026-09-16 18:55:00,PT5M,0.0,0.0,0.0,0.0,0.0
0,0,0,0,29,0.15,53.0,7.5,227,2026-09-16 19:00:00,PT5M,0.0,0.0,0.0,0.0,0.0
0,0,0,0,29,0.15,53.7,7.5,228,2026-09-16 19:05:00,PT5M,0.0,0.0,0.0,0.0,0.0
0,0,0,0,29,0.15,54.3,7.4,228,2026-09-16 19:10:00,PT5M,0.0,0.0,0.0,0.0,0.0
0,0,0,0,29,0.15,54.9,7.4,228,2026-09-16 19:15:00,PT5M,0.0,0.0,0.0,0.0,0.0
0,0,0,0,29,0.15,55.5,7.4,228,2026-09-16 19:20:00,PT5M,0.0,0.0,0.0,0.0,0.0
0,0,0,0,29,0.15,56.2,7.3,228,2026-09-16 19:25:00,PT5M,0.0,0.0,0.0,0.0,0.0
0,0,0,0,29,0.15,56.8,7.3,228,2026-09-16 19:30:00,PT5M,0.0,0.0,0.0,0.0,0.0
0,0,0,0,28,0.15,57.5,7.3,228,2026-09-16 19:35:00,PT5M,0.0,0.0,0.0,0.0,0.0
0,0,0,0,28,0.15,58.1,7.3,228,2026-09-16 19:40:00,PT5M,0.0,0.0,0.0,0.0,0.0
0,0,0,0,28,0.15,58.8,7.2,228,2026-09-16 19:45:00,PT5M,0.0,0.0,0.0,0.0,0.0
0,0,0,0,28,0.15,59.5,7.2,229,2026-09-16 19:50:00,PT5M,0.0,0.0,0.0,0.0,0.0
0,0,0,0,28,0.15,60.2,7.2,229,2026-09-16 19:55:00,PT5M,0.0,0.0,0.0,0.0,0.0
0,0,0,0,28,0.15,60.9,7.1,229,2026-09-16 20:00:00,PT5M,0.0,0.0,0.0,0.0,0.0
0,0,0,0,28,0.15,61.6,7.1,229,2026-09-16 20:05:00,PT5M,0.0,0.0,0.0,0.0,0.0
0,0,0,0,28,0.15,62.3,7.1,229,2026-09-16 20:10:00,PT5M,0.0,0.0,0.0,0.0,0.0
0,0,0,0,27,0.15,63.0,7.1,229,2026-09-16 20:15:00,PT5M,0.0,0.0,0.0,0.0,0.0
0,0,0,0,27,0.15,63.7,7.0,229,2026-09-16 20:20:00,PT5M,0.0,0.0,0.0,0.0,0.0
0,0,0,0,27,0.15,64.4,7.0,229,2026-09-16 20:25:00,PT5M,0.0,0.0,0.0,0.0,0.0
0,0,0,0,27,0.15,65.2,7.0,230,2026-09-16 20:30:00,PT5M,0.0,0.0,0.0,0.0,0.0
0,0,0,0,27,0.15,65.6,6.9,230,2026-09-16 20:35:00,PT5M,0.0,0.0,0.0,0.0,0.0
0,0,0,0,27,0.15,65.7,6.9,230,2026-09-16 20:40:00,PT5M,0.0,0.0,0.0,0.0,0.0
0,0,0,0,27,0.15,65.7,6.9,230,2026-09-16 20:45:00,PT5M,0.0,0.0,0.0,0.0,0.0
0,0,0,0,27,0.15,65.8,6.8,230,2026-09-16 20:50:00,PT5M,0.0,0.0,0.0,0.0,0.0
0,0,0,0,27,0.15,65.9,6.8,229,2026-09-16 20:55:00,PT5M,0.0,0.0,0.0,0.0,0.0
0,0,0,0,27,0.15,66.0,6.7,229,2026-09-16 21:00:00,PT5M,0.0,0.0,0.0,0.0,0.0
0,0,0,0,27,0.15,66.0,6.7,229,2026-09-16 21:05:00,PT5M,0.0,0.0,0.0,0.0,0.0
0,0,0,0,27,0.15,66.1,6.7,229,2026-09-16 21:10:00,PT5M,0.0,0.0,0.0,0.0,0.0
0,0,0,0,27,0.15,66.2,6.6,229,2026-09-16 21:15:00,PT5M,0.0,0.0,0.0,0.0,0.0
0,0,0,0,27,0.15,66.3,6.6,229,2026-09-16 21:20:00,PT5M,0.0,0.0,0.0,0.0,0.0
0,0,0,0,27,0.15,66.3,6.5,229,2026-09-16 21:25:00,PT5M,0.0,0.0,0.0,0.0,0.0
0,0,0,0,27,0.15,66.4,6.5,229,2026-09-16 21:30:00,PT5M,0.0,0.0,0.0,0.0,0.0
0,0,0,0,27,0.15,66.5,6.5,229,2026-09-16 21:35:00,PT5M,0.0,0.0,0.0,0.0,0.0
0,0,0,0,27,0.15,66.6,6.4,229,2026-09-16 21:40:00,PT5M,0.0,0.0,0.0,0.0,0.0
0,0,0,0,27,0.15,66.6,6.4,229,2026-09-16 21:45:00,PT5M,0.0,0.0,0.0,0.0,0.0
0,0,0,0,27,0.15,66.7,6.3,229,2026-09-16 21:50:00,PT5M,0.0,0.0,0.0,0.0,0.0
0,0,0,0,27,0.15,66.8,6.3,229,2026-09-16 21:55:00,PT5M,0.0,0.0,0.0,0.0,0.0
0,0,0,0,27,0.15,66.9,6.3,229,2026-09-16 22:00:00,PT5M,0.0,0.0,0.0,0.0,0.0
0,0,0,0,27,0.15,66.9,6.2,229,2026-09-16 22:05:00,PT5M,0.0,0.0,0.0,0.0,0.0
0,0,0,0,27,0.15,67.0,6.2,229,2026-09-16 22:10:00,PT5M,0.0,0.0,0.0,0.0,0.0
0,0,0,0,27,0.15,67.1,6.1,229,2026-09-16 22:15:00,PT5M,0.0,0.0,0.0,0.0,0.0
0,0,0,0,27,0.15,67.2,6.1,229,2026-09-16 22:20:00,PT5M,0.0,0.0,0.0,0.0,0.0
0,0,0,0,26,0.15,67.2,6.1,229,2026-09-16 22:25:00,PT5M,0.0,0.0,0.0,0.0,0.0
0,0,0,0,26,0.15,67.3,6.0,229,2026-09-16 22:30:00,PT5M,0.0,0.0,0.0,0.0,0.0
0,0,0,0,26,0.15,67.4,6.0,229,2026-09-16 22:35:00,PT5M,0.0,0.0,0.0,0.0,0.0
0,0,0,0,26,0.15,67.5,5.9,229,2026-09-16 22:40:00,PT5M,0.0,0.0,0.0,0.0,0.0
0,0,0,0,26,0.15,67.6,5.9,228,2026-09-16 22:45:00,PT5M,0.0,0.0,0.0,0.0,0.0
0,0,0,0,26,0.15,67.6,5.9,228,2026-09-16 22:50:00,PT5M,0.0,0.0,0.0,0.0,0.0
0,0,0,0,26,0.15,67.7,5.8,228,2026-09-16 22:55:00,PT5M,0.0,0.0,0.0,0.0,0.0
0,0,0,0,26,0.15,67.8,5.8,228,2026-09-16 23:00:00,PT5M,0.0,0.0,0.0,0.0,0.0
0,0,0,0,26,0.15,67.9,5.7,228,2026-09-16 23:05:00,PT5M,0.0,0.0,0.0,0.0,0.0
0,0,0,0,26,0.15,67.9,5.7,228,2026-09-16 23:10:00,PT5M,0.0,0.0,0.0,0.0,0.0
0,0,0,0,26,0.15,68.0,5.7,228,2026-09-16 23:15:00,PT5M,0.0,0.0,0.0,0.0,0.0
0,0,0,0,26,0.15,68.1,5.6,228,2026-09-16 23:20:00,PT5M,0.0,0.0,0.0,0.0,0.0
0,0,0,0,26,0.15,68.2,5.6,228,2026-09-16 23:25:00,PT5M,0.0,0.0,0.0,0.0,0.0
0,0,0,0,26,0.15,68.2,5.5,228,2026-09-16 23:30:00,PT5M,0.0,0.0,0.0,0.0,0.0
0,0,0,0,26,0.15,68.3,5.5,228,2026-09-16 23:35:00,PT5M,0.0,0.0,0.0,0.0,0.0
0,0,0,0,26,0.15,68.4,5.5,228,2026-09-16 23:40:00,PT5M,0.0,0.0,0.0,0.0,0.0
0,0,0,0,26,0.15,68.5,5.5,228,2026-09-16 23:45:00,PT5M,0.0,0.0,0.0,0.0,0.0
0,0,0,0,26,0.15,68.6,5.5,228,2026-09-16 23:50:00,PT5M,0.0,0.0,0.0,0.0,0.0
0,0,0,0,26,0.15,68.7,5.4,228,2026-09-16 23:55:00,PT5M,0.0,0.0,0.0,0.0,0.0
0,0,0,0,26,0.15,68.9,5.4,228,2026-09-17 00:00:00,PT5M,0.0,0.0,0.0,0.0,0.0
0,0,0,0,26,0.15,69.0,5.4,228,2026-09-17 00:05:00,PT5M,0.0,0.0,0.0,0.0,0.0
0,0,0,0,26,0.15,69.1,5.4,228,2026-09-17 00:10:00,PT5M,0.0,0.0,0.0,0.0,0.0
0,0,0,0,26,0.15,69.2,5.4,227,2026-09-17 00:15:00,PT5M,0.0,0.0,0.0,0.0,0.0
