gti,ghi,dni,dhi,air_temp,albedo,relative_humidity,wind_speed_10m,wind_direction_10m,period_end,period,power,power_p10,power_p25,power_p75,power_p90
81,84,0,84,26,0.15,72.7,2.6,246,2026-08-14 06:50:00,PT5M,10.025,10.3005,10.17,9.88,9.7495
94,97,2,97,26,0.15,72.1,2.6,246,2026-08-14 06:55:00,PT5M,11.842,12.437,12.1552,11.5288,11.247
105,111,20,107,26,0.15,71.4,2.6,245,2026-08-14 07:00:00,PT5M,14.286,15.054,14.6902,13.8818,13.518
117,126,39,116,26,0.15,70.7,2.6,245,2026-08-14 07:05:00,PT5M,16.846,17.7075,17.2994,16.3926,15.9845
129,140,52,126,26,0.15,70.1,2.6,244,2026-08-14 07:10:00,PT5M,19.382,20.3995,19.9175,18.8465,18.3645
142,157,79,134,26,0.15,69.4,2.6,244,2026-08-14 07:15:00,PT5M,23.042,24.7375,23.9344,22.1496,21.3465
154,172,90,144,26,0.15,68.8,2.6,243,2026-08-14 07:20:00,PT5M,25.692,27.506,26.6467,24.7373,23.878
167,186,100,153,27,0.15,68.1,2.6,243,2026-08-14 07:25:00,PT5M,28.356,31.895,30.2186,26.4934,24.817
180,201,109,163,27,0.15,67.5,2.6,243,2026-08-14 07:30:00,PT5M,30.883,34.7265,32.9059,28.8601,27.0395
193,216,118,172,27,0.15,66.7,2.6,242,2026-08-14 07:35:00,PT5M,33.549,37.701,35.7342,31.3638,29.397
208,235,146,178,27,0.15,65.8,2.6,242,2026-08-14 07:40:00,PT5M,38.04,45.3505,41.8876,34.1924,30.7295
221,250,154,186,27,0.15,65.0,2.6,242,2026-08-14 07:45:00,PT5M,40.8,44.605,42.8026,38.7974,36.995
235,265,162,195,28,0.15,64.1,2.7,242,2026-08-14 07:50:00,PT5M,43.215,51.404,47.5249,38.9051,35.026
251,285,191,199,28,0.15,63.3,2.7,242,2026-08-14 07:55:00,PT5M,47.381,56.6915,52.2812,42.4808,38.0705
264,300,199,207,28,0.15,62.5,2.7,242,2026-08-14 08:00:00,PT5M,49.39,59.8185,54.8786,43.9014,38.9615
278,315,207,214,28,0.15,61.6,2.7,242,2026-08-14 08:05:00,PT5M,51.314,60.803,56.3081,46.3199,41.825
292,330,215,222,28,0.15,60.8,2.7,242,2026-08-14 08:10:00,PT5M,53.151,63.732,58.7199,47.5821,42.57
306,345,222,230,29,0.15,60.0,2.8,243,2026-08-14 08:15:00,PT5M,54.895,66.534,61.0207,48.7693,43.256
322,366,251,231,29,0.15,59.3,2.8,243,2026-08-14 08:20:00,PT5M,58.627,69.2095,64.1966,53.0574,48.0445
336,381,258,238,29,0.15,58.5,2.8,243,2026-08-14 08:25:00,PT5M,60.163,68.579,64.5924,55.7336,51.747
350,396,264,244,29,0.15,57.7,2.8,243,2026-08-14 08:30:00,PT5M,61.623,71.0115,66.5642,56.6818,52.2345
363,411,270,251,29,0.15,56.9,2.8,243,2026-08-14 08:35:00,PT5M,63.001,74.3665,68.9827,57.0193,51.6355
382,436,315,244,30,0.15,56.1,2.8,243,2026-08-14 08:40:00,PT5M,67.552,80.253,74.2366,60.8674,54.851
402,461,359,236,30,0.15,55.2,2.7,243,2026-08-14 08:45:00,PT5M,71.692,87.4235,79.9716,63.4124,55.9605
417,479,379,236,30,0.15,54.4,2.7,244,2026-08-14 08:50:00,PT5M,73.785,91.419,83.0659,64.5041,56.151
432,498,399,235,30,0.15,53.6,2.7,244,2026-08-14 08:55:00,PT5M,75.787,96.88,86.8884,64.6856,54.694
452,522,438,227,31,0.15,52.8,2.6,245,2026-08-14 09:00:00,PT5M,79.068,100.0,90.6086,67.5274,57.1405
471,545,474,218,31,0.15,52.0,2.6,245,2026-08-14 09:05:00,PT5M,82.003,100.0,93.9883,70.0177,59.2305
486,563,491,217,31,0.15,51.2,2.5,246,2026-08-14 09:10:00,PT5M,83.499,100.0,95.9062,71.0918,59.925
502,581,509,215,31,0.15,50.5,2.5,246,2026-08-14 09:15:00,PT5M,85.031,100.0,97.8211,72.2409,60.7295
517,599,527,212,31,0.15,49.7,2.5,247,2026-08-14 09:20:00,PT5M,86.519,100.0,99.6025,73.4355,61.66
533,616,545,209,32,0.15,49.0,2.4,247,2026-08-14 09:25:00,PT5M,87.982,100.0,100.0,74.6377,62.6275
548,634,563,205,32,0.15,48.3,2.4,247,2026-08-14 09:30:00,PT5M,89.338,100.0,100.0,75.7082,63.441
563,651,579,202,32,0.15,47.7,2.3,248,2026-08-14 09:35:00,PT5M,90.541,100.0,100.0,76.596,64.045
577,667,593,200,32,0.15,47.1,2.3,248,2026-08-14 09:40:00,PT5M,91.577,100.0,100.0,77.2891,64.4295
593,685,612,195,33,0.15,46.6,2.2,248,2026-08-14 09:45:00,PT5M,92.901,100.0,100.0,78.3662,65.2845
606,699,622,194,33,0.15,46.1,2.2,248,2026-08-14 09:50:00,PT5M,93.701,100.0,100.0,78.9465,65.667
619,713,632,192,33,0.15,45.5,2.1,248,2026-08-14 09:55:00,PT5M,94.409,100.0,100.0,79.3456,65.788
631,726,639,192,33,0.15,45.0,2.0,248,2026-08-14 10:00:00,PT5M,95.026,100.0,100.0,79.6823,65.8725
642,739,647,191,33,0.15,44.5,2.0,248,2026-08-14 10:05:00,PT5M,95.586,100.0,100.0,79.9923,65.9575
652,749,646,194,33,0.15,44.0,1.9,248,2026-08-14 10:10:00,PT5M,95.762,100.0,100.0,80.2786,66.343
661,758,645,197,34,0.15,43.5,1.8,248,2026-08-14 10:15:00,PT5M,95.918,100.0,100.0,80.5369,66.6935
669,766,644,201,34,0.15,43.0,1.8,248,2026-08-14 10:20:00,PT5M,96.054,100.0,100.0,80.7677,67.0095
677,775,643,204,34,0.15,42.6,1.7,248,2026-08-14 10:25:00,PT5M,96.17,100.0,100.0,80.9702,67.29
685,783,642,207,34,0.15,42.1,1.6,248,2026-08-14 10:30:00,PT5M,96.266,100.0,100.0,81.1457,67.537
693,790,641,209,34,0.15,41.6,1.6,249,2026-08-14 10:35:00,PT5M,96.41,100.0,100.0,81.3518,67.799
700,798,642,211,34,0.15,41.2,1.5,251,2026-08-14 10:40:00,PT5M,96.609,100.0,100.0,81.5966,68.085
708,806,643,213,35,0.15,40.8,1.5,252,2026-08-14 10:45:00,PT5M,96.786,100.0,100.0,81.8123,68.3355
714,813,644,215,35,0.15,40.4,1.5,254,2026-08-14 10:50:00,PT5M,96.943,100.0,100.0,82.0011,68.553
721,820,644,216,35,0.15,40.0,1.4,256,2026-08-14 10:55:00,PT5M,97.078,100.0,100.0,82.1604,68.734
727,826,644,218,35,0.15,39.6,1.4,258,2026-08-14 11:00:00,PT5M,97.19,100.0,100.0,82.2873,68.8745
732,832,645,219,35,0.15,39.2,1.4,261,2026-08-14 11:05:00,PT5M,97.279,100.0,100.0,82.3808,68.972
737,837,645,221,35,0.15,38.8,1.3,263,2026-08-14 11:10:00,PT5M,97.341,100.0,100.0,82.4218,68.994
742,842,645,222,35,0.15,38.4,1.3,265,2026-08-14 11:15:00,PT5M,97.391,100.0,100.0,82.4584,69.0185
746,846,645,223,36,0.15,38.1,1.3,268,2026-08-14 11:20:00,PT5M,97.426,100.0,100.0,82.4841,69.036
750,850,644,225,36,0.15,37.7,1.2,271,2026-08-14 11:25:00,PT5M,97.44,100.0,100.0,82.4784,69.0125
754,853,644,226,36,0.15,37.3,1.2,273,2026-08-14 11:30:00,PT5M,97.432,100.0,100.0,82.4354,68.938
756,856,642,228,36,0.15,37.0,1.2,275,2026-08-14 11:35:00,PT5M,97.346,100.0,100.0,82.3534,68.8595
757,857,639,230,36,0.15,36.7,1.2,276,2026-08-14 11:40:00,PT5M,97.183,100.0,100.0,82.2338,68.779
758,858,636,233,36,0.15,36.4,1.1,276,2026-08-14 11:45:00,PT5M,97.002,100.0,100.0,82.0907,68.67
759,858,632,235,36,0.15,36.1,1.1,277,2026-08-14 11:50:00,PT5M,96.8,100.0,100.0,81.9197,68.527
759,858,628,237,36,0.15,35.8,1.1,277,2026-08-14 11:55:00,PT5M,96.577,100.0,100.0,81.7209,68.35
759,857,625,239,36,0.15,35.5,1.1,278,2026-08-14 12:00:00,PT5M,96.332,100.0,100.0,81.493,68.1375
758,856,621,241,37,0.15,35.2,1.0,278,2026-08-14 12:05:00,PT5M,96.064,100.0,100.0,81.235,67.8885
757,854,616,244,37,0.15,34.9,1.0,279,2026-08-14 12:10:00,PT5M,95.773,100.0,100.0,80.9467,67.6025
755,852,612,246,37,0.15,34.7,1.0,280,2026-08-14 12:15:00,PT5M,95.538,100.0,100.0,80.7069,67.3585
752,849,608,248,37,0.15,34.4,1.0,281,2026-08-14 12:20:00,PT5M,95.304,100.0,100.0,80.4606,67.101
750,845,603,250,37,0.15,34.1,1.0,281,2026-08-14 12:25:00,PT5M,95.046,100.0,100.0,80.1831,66.806
747,842,598,252,37,0.15,33.8,0.9,282,2026-08-14 12:30:00,PT5M,94.765,100.0,100.0,79.8755,66.4745
743,837,592,254,37,0.15,33.7,0.9,283,2026-08-14 12:35:00,PT5M,94.46,100.0,100.0,79.5252,66.0835
739,832,586,256,37,0.15,33.6,0.8,284,2026-08-14 12:40:00,PT5M,94.133,100.0,100.0,79.1343,65.635
734,827,580,258,37,0.15,33.5,0.8,285,2026-08-14 12:45:00,PT5M,93.784,100.0,100.0,78.7156,65.1535
729,821,574,260,37,0.15,33.4,0.7,287,2026-08-14 12:50:00,PT5M,93.412,100.0,100.0,78.268,64.638
723,815,568,262,37,0.15,33.4,0.6,288,2026-08-14 12:55:00,PT5M,93.018,100.0,100.0,77.7914,64.087
717,808,562,264,37,0.15,33.3,0.6,291,2026-08-14 13:00:00,PT5M,92.601,100.0,100.0,77.2836,63.4975
711,801,555,266,37,0.15,33.2,0.5,293,2026-08-14 13:05:00,PT5M,92.155,100.0,100.0,76.7324,62.8515
705,793,549,267,37,0.15,33.1,0.4,297,2026-08-14 13:10:00,PT5M,91.688,100.0,100.0,76.1588,62.182
698,785,542,269,37,0.15,33.0,0.4,301,2026-08-14 13:15:00,PT5M,91.208,100.0,100.0,75.5817,61.5175
690,777,535,270,37,0.15,33.0,0.3,307,2026-08-14 13:20:00,PT5M,90.706,100.0,100.0,74.9763,60.819
682,769,529,271,37,0.15,32.9,0.3,315,2026-08-14 13:25:00,PT5M,90.169,100.0,100.0,74.319,60.0535
674,760,522,272,38,0.15,32.8,0.2,326,2026-08-14 13:30:00,PT5M,89.603,100.0,100.0,73.6256,59.2455
665,749,513,273,37,0.15,32.9,0.1,320,2026-08-14 13:35:00,PT5M,88.972,100.0,100.0,72.8436,58.3275
655,738,503,275,37,0.15,33.3,0.1,207,2026-08-14 13:40:00,PT5M,88.175,100.0,100.0,71.874,57.2025
645,726,492,277,37,0.15,33.6,0.3,183,2026-08-14 13:45:00,PT5M,87.348,100.0,100.0,70.8712,56.0415
634,714,482,279,37,0.15,33.9,0.5,178,2026-08-14 13:50:00,PT5M,86.493,100.0,100.0,69.838,54.848
623,701,471,280,37,0.15,34.3,0.7,176,2026-08-14 13:55:00,PT5M,85.611,100.0,100.0,68.7752,53.6225
612,688,461,281,37,0.15,34.6,0.9,175,2026-08-14 14:00:00,PT5M,84.699,100.0,100.0,67.679,52.3605
600,676,451,281,37,0.15,34.9,1.1,174,2026-08-14 14:05:00,PT5M,83.754,100.0,100.0,66.5469,51.06
589,662,440,282,36,0.15,35.3,1.3,173,2026-08-14 14:10:00,PT5M,82.776,100.0,100.0,65.3784,49.72
577,649,430,282,36,0.15,35.6,1.5,173,2026-08-14 14:15:00,PT5M,81.765,100.0,99.3563,64.1737,48.341
565,635,420,281,36,0.15,36.0,1.7,173,2026-08-14 14:20:00,PT5M,80.72,100.0,98.5094,62.9306,46.9195
553,622,410,281,36,0.15,36.3,1.9,173,2026-08-14 14:25:00,PT5M,79.641,100.0,97.632,61.65,45.4575
540,608,400,280,36,0.15,36.7,2.1,172,2026-08-14 14:30:00,PT5M,78.53,100.0,96.725,60.335,43.959
527,593,388,279,36,0.15,37.0,2.3,174,2026-08-14 14:35:00,PT5M,77.239,100.0,95.6261,58.8519,42.303
513,577,375,279,36,0.15,37.4,2.4,177,2026-08-14 14:40:00,PT5M,75.813,100.0,94.3364,57.2896,40.618
499,561,362,278,35,0.15,37.7,2.6,180,2026-08-14 14:45:00,PT5M,74.353,100.0,93.0087,55.6973,38.9065
485,545,349,276,35,0.15,38.0,2.7,182,2026-08-14 14:50:00,PT5M,72.827,100.0,91.6106,54.0434,37.1375
471,529,337,274,35,0.15,38.4,2.9,184,2026-08-14 14:55:00,PT5M,71.305,100.0,90.2123,52.3977,35.3805
457,513,324,272,35,0.15,38.7,3.0,186,2026-08-14 15:00:00,PT5M,69.748,100.0,88.7737,50.7223,33.5985
442,496,312,269,35,0.15,39.1,3.2,188,2026-08-14 15:05:00,PT5M,68.158,100.0,87.2964,49.0196,31.7945
428,480,300,266,35,0.15,39.4,3.4,190,2026-08-14 15:10:00,PT5M,66.533,100.0,85.7782,47.2878,29.9665
414,464,289,263,35,0.15,39.8,3.5,191,2026-08-14 15:15:00,PT5M,64.932,100.0,84.2741,45.5899,28.1815
400,449,278,259,35,0.15,40.1,3.7,193,2026-08-14 15:20:00,PT5M,63.34,100.0,82.7694,43.9106,26.4235
386,433,268,254,34,0.15,40.5,3.9,194,2026-08-14 15:25:00,PT5M,61.714,98.7825,81.2234,42.2046,24.6455
372,418,257,250,34,0.15,40.9,4.1,195,2026-08-14 15:30:00,PT5M,60.055,97.26,79.6363,40.4737,22.85
359,403,249,245,34,0.15,41.1,4.1,197,2026-08-14 15:35:00,PT5M,58.524,95.7695,78.1266,38.9214,21.2785
347,389,241,240,34,0.15,41.2,4.0,200,2026-08-14 15:40:00,PT5M,57.106,94.2925,76.6775,37.5345,19.9195
334,375,234,234,34,0.15,41.3,3.9,203,2026-08-14 15:45:00,PT5M,55.636,92.736,75.162,36.11,18.536
322,361,226,229,34,0.15,41.4,3.9,207,2026-08-14 15:50:00,PT5M,54.111,91.0915,73.5741,34.6479,17.1305
309,347,218,223,34,0.15,41.5,3.8,210,2026-08-14 15:55:00,PT5M,52.518,89.3385,71.8969,33.1391,15.6975
296,333,209,217,34,0.15,41.6,3.8,214,2026-08-14 16:00:00,PT5M,50.914,87.486,70.1621,31.6659,14.342
283,319,201,211,34,0.15,41.7,3.8,217,2026-08-14 16:05:00,PT5M,49.181,85.352,68.2181,30.1439,13.01
270,304,192,205,34,0.15,41.8,3.8,221,2026-08-14 16:10:00,PT5M,47.37,83.122,66.1865,28.5535,11.618
257,290,183,199,34,0.15,41.9,3.8,224,2026-08-14 16:15:00,PT5M,45.482,80.742,64.0396,26.9244,10.222
245,275,174,192,34,0.15,42.0,3.8,228,2026-08-14 16:20:00,PT5M,43.525,78.2295,61.7902,25.2598,8.8205
232,261,165,185,34,0.15,42.1,3.9,231,2026-08-14 16:25:00,PT5M,41.502,75.5965,59.4462,23.5578,7.4075
219,247,155,178,34,0.15,42.2,3.9,235,2026-08-14 16:30:00,PT5M,39.42,72.854,57.0166,21.8234,5.986
207,233,147,171,34,0.15,42.8,4.0,237,2026-08-14 16:35:00,PT5M,37.527,70.247,54.7478,20.3062,4.807
195,220,142,163,33,0.15,43.9,4.0,238,2026-08-14 16:40:00,PT5M,35.355,65.9665,51.4661,19.2439,4.7435
183,207,137,154,33,0.15,45.0,4.0,240,2026-08-14 16:45:00,PT5M,33.11,61.728,48.1719,18.0481,4.492
171,194,131,146,33,0.15,46.1,4.1,241,2026-08-14 16:50:00,PT5M,30.831,57.4845,44.8589,16.8031,4.1775
159,181,124,138,32,0.15,47.3,4.1,242,2026-08-14 16:55:00,PT5M,28.532,53.23,41.5307,15.5333,3.834
147,168,117,129,32,0.15,48.5,4.2,243,2026-08-14 17:00:00,PT5M,26.223,48.967,38.1933,14.2527,3.479
136,155,110,121,32,0.15,49.7,4.2,244,2026-08-14 17:05:00,PT5M,23.89,44.691,34.8377,12.9423,3.089
124,142,102,113,31,0.15,51.0,4.2,245,2026-08-14 17:10:00,PT5M,21.573,40.4495,31.5078,11.6382,2.6965
113,129,93,104,31,0.15,52.3,4.3,247,2026-08-14 17:15:00,PT5M,19.292,36.277,28.2313,10.3527,2.307
102,115,80,96,31,0.15,53.6,4.3,248,2026-08-14 17:20:00,PT5M,16.882,32.0495,24.8648,8.8992,1.7145
91,102,65,88,30,0.15,55.0,4.4,249,2026-08-14 17:25:00,PT5M,14.592,28.029,21.664,7.52,1.155
80,89,50,79,30,0.15,56.4,4.4,250,2026-08-14 17:30:00,PT5M,12.303,24.0775,18.5,6.106,0.5285
70,77,32,71,30,0.15,57.6,4.4,250,2026-08-14 17:35:00,PT5M,9.996,20.111,15.3196,4.6724,0.0
61,64,11,62,30,0.15,58.4,4.3,250,2026-08-14 17:40:00,PT5M,7.833,16.246,12.2608,3.4052,0.0
51,53,0,53,29,0.15,59.3,4.2,249,2026-08-14 17:45:00,PT5M,6.111,12.8275,9.6459,2.5761,0.0
41,42,0,42,29,0.15,60.2,4.2,249,2026-08-14 17:50:00,PT5M,4.698,9.7885,7.3772,2.0188,0.0
31,32,0,32,29,0.15,61.2,4.1,248,2026-08-14 17:55:00,PT5M,3.477,7.133,5.4012,1.5528,0.0
23,23,0,23,29,0.15,62.1,4.0,248,2026-08-14 18:00:00,PT5M,2.399,4.7015,3.6108,1.1872,0.0965
15,16,0,16,29,0.15,63.0,3.9,247,2026-08-14 18:05:00,PT5M,1.4,2.654,2.06,0.74,0.146
9,9,0,9,28,0.15,64.0,3.8,247,2026-08-14 18:10:00,PT5M,0.498,1.0495,0.7883,0.2077,0.0
3,3,0,3,28,0.15,65.0,3.7,246,2026-08-14 18:15:00,PT5M,0.0,0.0,0.0,0.0,0.0
0,0,0,0,28,0.15,66.0,3.7,246,2026-08-14 18:20:00,PT5M,0.0,0.0,0.0,0.0,0.0
0,0,0,0,28,0.15,67.0,3.6,245,2026-08-14 18:25:00,PT5M,0.0,0.0,0.0,0.0,0.0
0,0,0,0,28,0.15,68.0,3.5,245,2026-08-14 18:30:00,PT5M,0.0,0.0,0.0,0.0,0.0
0,0,0,0,28,0.15,68.7,3.4,244,2026-08-14 18:35:00,PT5M,0.0,0.0,0.0,0.0,0.0
0,0,0,0,27,0.15,68.9,3.4,243,2026-08-14 18:40:00,PT5M,0.0,0.0,0.0,0.0,0.0
0,0,0,0,27,0.15,69.1,3.4,243,2026-08-14 18:45:00,PT5M,0.0,0.0,0.0,0.0,0.0
0,0,0,0,27,0.15,69.3,3.4,242,2026-08-14 18:50:00,PT5M,0.0,0.0,0.0,0.0,0.0
0,0,0,0,27,0.15,69.5,3.4,242,2026-08-14 18:55:00,PT5M,0.0,0.0,0.0,0.0,0.0
0,0,0,0,27,0.15,69.7,3.4,241,2026-08-14 19:00:00,PT5M,0.0,0.0,0.0,0.0,0.0
0,0,0,0,27,0.15,69.9,3.4,240,2026-08-14 19:05:00,PT5M,0.0,0.0,0.0,0.0,0.0
0,0,0,0,27,0.15,70.1,3.4,240,2026-08-14 19:10:00,PT5M,0.0,0.0,0.0,0.0,0.0
0,0,0,0,27,0.15,70.3,3.4,239,2026-08-14 19:15:00,PT5M,0.0,0.0,0.0,0.0,0.0
0,0,0,0,27,0.15,70.5,3.3,239,2026-08-14 19:20:00,PT5M,0.0,0.0,0.0,0.0,0.0
0,0,0,0,27,0.15,70.7,3.3,238,2026-08-14 19:25:00,PT5M,0.0,0.0,0.0,0.0,0.0
0,0,0,0,27,0.15,70.9,3.3,238,2026-08-14 19:30:00,PT5M,0.0,0.0,0.0,0.0,0.0
0,0,0,0,27,0.15,71.1,3.3,237,2026-08-14 19:35:00,PT5M,0.0,0.0,0.0,0.0,0.0
0,0,0,0,27,0.15,71.2,3.3,236,2026-08-14 19:40:00,PT5M,0.0,0.0,0.0,0.0,0.0
0,0,0,0,27,0.15,71.4,3.4,235,2026-08-14 19:45:00,PT5M,0.0,0.0,0.0,0.0,0.0
0,0,0,0,27,0.15,71.5,3.4,234,2026-08-14 19:50:00,PT5M,0.0,0.0,0.0,0.0,0.0
0,0,0,0,27,0.15,71.6,3.4,233,2026-08-14 19:55:00,PT5M,0.0,0.0,0.0,0.0,0.0
0,0,0,0,27,0.15,71.8,3.4,233,2026-08-14 20:00:00,PT5M,0.0,0.0,0.0,0.0,0.0
0,0,0,0,27,0.15,71.9,3.4,232,2026-08-14 20:05:00,PT5M,0.0,0.0,0.0,0.0,0.0
0,0,0,0,27,0.15,72.1,3.4,231,2026-08-14 20:10:00,PT5M,0.0,0.0,0.0,0.0,0.0
0,0,0,0,27,0.15,72.2,3.5,230,2026-08-14 20:15:00,PT5M,0.0,0.0,0.0,0.0,0.0
0,0,0,0,27,0.15,72.3,3.5,229,2026-08-14 20:20:00,PT5M,0.0,0.0,0.0,0.0,0.0
0,0,0,0,27,0.15,72.5,3.5,228,2026-08-14 20:25:00,PT5M,0.0,0.0,0.0,0.0,0.0
0,0,0,0,27,0.15,72.6,3.5,228,2026-08-14 20:30:00,PT5M,0.0,0.0,0.0,0.0,0.0
0,0,0,0,27,0.15,72.7,3.6,227,2026-08-14 20:35:00,PT5M,0.0,0.0,0.0,0.0,0.0
0,0,0,0,27,0.15,72.8,3.6,227,2026-08-14 20:40:00,PT5M,0.0,0.0,0.0,0.0,0.0
0,0,0,0,26,0.15,72.8,3.6,227,2026-08-14 20:45:00,PT5M,0.0,0.0,0.0,0.0,0.0
0,0,0,0,26,0.15,72.8,3.6,227,2026-08-14 20:50:00,PT5M,0.0,0.0,0.0,0.0,0.0
0,0,0,0,26,0.15,72.9,3.6,227,2026-08-14 20:55:00,PT5M,0.0,0.0,0.0,0.0,0.0
0,0,0,0,26,0.15,72.9,3.7,227,2026-08-14 21:00:00,PT5M,0.0,0.0,0.0,0.0,0.0
0,0,0,0,26,0.15,72.9,3.7,227,2026-08-14 21:05:00,PT5M,0.0,0.0,0.0,0.0,0.0
0,0,0,0,26,0.15,73.0,3.7,227,2026-08-14 21:10:00,PT5M,0.0,0.0,0.0,0.0,0.0
0,0,0,0,26,0.15,73.0,3.7,227,2026-08-14 21:15:00,PT5M,0.0,0.0,0.0,0.0,0.0
0,0,0,0,26,0.15,73.0,3.8,227,2026-08-14 21:20:00,PT5M,0.0,0.0,0.0,0.0,0.0
0,0,0,0,26,0.15,73.1,3.8,227,2026-08-14 21:25:00,PT5M,0.0,0.0,0.0,0.0,0.0
0,0,0,0,26,0.15,73.1,3.8,227,2026-08-14 21:30:00,PT5M,0.0,0.0,0.0,0.0,0.0
0,0,0,0,26,0.15,73.1,3.8,227,2026-08-14 21:35:00,PT5M,0.0,0.0,0.0,0.0,0.0
0,0,0,0,26,0.15,73.2,3.8,227,2026-08-14 21:40:00,PT5M,0.0,0.0,0.0,0.0,0.0
0,0,0,0,26,0.15,73.2,3.8,227,2026-08-14 21:45:00,PT5M,0.0,0.0,0.0,0.0,0.0
0,0,0,0,26,0.15,73.2,3.8,227,2026-08-14 21:50:00,PT5M,0.0,0.0,0.0,0.0,0.0
0,0,0,0,26,0.15,73.3,3.8,227,2026-08-14 21:55:00,PT5M,0.0,0.0,0.0,0.0,0.0
0,0,0,0,26,0.15,73.3,3.8,227,2026-08-14 22:00:00,PT5M,0.0,0.0,0.0,0.0,0.0
0,0,0,0,26,0.15,73.3,3.8,227,2026-08-14 22:05:00,PT5M,0.0,0.0,0.0,0.0,0.0
0,0,0,0,26,0.15,73.4,3.8,226,2026-08-14 22:10:00,PT5M,0.0,0.0,0.0,0.0,0.0
0,0,0,0,26,0.15,73.4,3.8,226,2026-08-14 22:15:00,PT5M,0.0,0.0,0.0,0.0,0.0
0,0,0,0,26,0.15,73.4,3.8,226,2026-08-14 22:20:00,PT5M,0.0,0.0,0.0,0.0,0.0
0,0,0,0,26,0.15,73.5,3.8,226,2026-08-14 22:25:00,PT5M,0.0,0.0,0.0,0.0,0.0
0,0,0,0,26,0.15,73.5,3.8,226,2026-08-14 22:30:00,PT5M,0.0,0.0,0.0,0.0,0.0
0,0,0,0,26,0.15,73.5,3.8,226,2026-08-14 22:35:00,PT5M,0.0,0.0,0.0,0.0,0.0
0,0,0,0,26,0.15,73.6,3.8,226,2026-08-14 22:40:00,PT5M,0.0,0.0,0.0,0.0,0.0
0,0,0,0,26,0.15,73.6,3.8,226,2026-08-14 22:45:00,PT5M,0.0,0.0,0.0,0.0,0.0
0,0,0,0,26,0.15,73.6,3.8,226,2026-08-14 22:50:00,PT5M,0.0,0.0,0.0,0.0,0.0
0,0,0,0,26,0.15,73.7,3.8,226,2026-08-14 22:55:00,PT5M,0.0,0.0,0.0,0.0,0.0
0,0,0,0,26,0.15,73.7,3.8,227,2026-08-14 23:00:00,PT5M,0.0,0.0,0.0,0.0,0.0
0,0,0,0,26,0.15,73.7,3.9,227,2026-08-14 23:05:00,PT5M,0.0,0.0,0.0,0.0,0.0
0,0,0,0,26,0.15,73.8,3.9,227,2026-08-14 23:10:00,PT5M,0.0,0.0,0.0,0.0,0.0
0,0,0,0,26,0.15,73.8,3.9,227,2026-08-14 23:15:00,PT5M,0.0,0.0,0.0,0.0,0.0
0,0,0,0,26,0.15,73.8,3.9,227,2026-08-14 23:20:00,PT5M,0.0,0.0,0.0,0.0,0.0
0,0,0,0,26,0.15,73.9,3.9,227,2026-08-14 23:25:00,PT5M,0.0,0.0,0.0,0.0,0.0
0,0,0,0,26,0.15,73.9,4.0,227,2026-08-14 23:30:00,PT5M,0.0,0.0,0.0,0.0,0.0
0,0,0,0,26,0.15,73.9,3.9,227,2026-08-14 23:35:00,PT5M,0.0,0.0,0.0,0.0,0.0
0,0,0,0,26,0.15,73.8,3.9,227,2026-08-14 23:40:00,PT5M,0.0,0.0,0.0,0.0,0.0
0,0,0,0,26,0.15,73.8,3.9,228,2026-08-14 23:45:00,PT5M,0.0,0.0,0.0,0.0,0.0
0,0,0,0,26,0.15,73.8,3.8,228,2026-08-14 23:50:00,PT5M,0.0,0.0,0.0,0.0,0.0
0,0,0,0,26,0.15,73.7,3.8,228,2026-08-14 23:55:00,PT5M,0.0,0.0,0.0,0.0,0.0
0,0,0,0,26,0.15,73.7,3.8,228,2026-08-15 00:00:00,PT5M,0.0,0.0,0.0,0.0,0.0
0,0,0,0,26,0.15,73.6,3.7,228,2026-08-15 00:05:00,PT5M,0.0,0.0,0.0,0.0,0.0
0,0,0,0,26,0.15,73.6,3.7,229,2026-08-15 00:10:00,PT5M,0.0,0.0,0.0,0.0,0.0
0,0,0,0,26,0.15,73.6,3.7,229,2026-08-15 00:15:00,PT5M,0.0,0.0,0.0,0.0,0.0
0,0,0,0,25,0.15,73.5,3.6,229,2026-08-15 00:20:00,PT5M,0.0,0.0,0.0,0.0,0.0
0,0,0,0,25,0.15,73.5,3.6,229,2026-08-15 00:25:00,PT5M,0.0,0.0,0.0,0.0,0.0
0,0,0,0,25,0.15,73.4,3.6,229,2026-08-15 00:30:00,PT5M,0.0,0.0,0.0,0.0,0.0
0,0,0,0,25,0.15,73.4,3.5,230,2026-08-15 00:35:00,PT5M,0.0,0.0,0.0,0.0,0.0
0,0,0,0,25,0.15,73.4,3.5,230,2026-08-15 00:40:00,PT5M,0.0,0.0,0.0,0.0,0.0
0,0,0,0,25,0.15,73.3,3.5,231,2026-08-15 00:45:00,PT5M,0.0,0.0,0.0,0.0,0.0
0,0,0,0,25,0.15,73.3,3.4,231,2026-08-15 00:50:00,PT5M,0.0,0.0,0.0,0.0,0.0
0,0,0,0,25,0.15,73.2,3.4,232,2026-08-15 00:55:00,PT5M,0.0,0.0,0.0,0.0,0.0
0,0,0,0,25,0.15,73.2,3.4,232,2026-08-15 01:00:00,PT5M,0.0,0.0,0.0,0.0,0.0
0,0,0,0,25,0.15,73.2,3.3,233,2026-08-15 01:05:00,PT5M,0.0,0.0,0.0,0.0,0.0
0,0,0,0,25,0.15,73.1,3.3,233,2026-08-15 01:10:00,PT5M,0.0,0.0,0.0,0.0,0.0
0,0,0,0,25,0.15,73.1,3.3,233,2026-08-15 01:15:00,PT5M,0.0,0.0,0.0,0.0,0.0
0,0,0,0,25,0.15,73.1,3.2,234,2026-08-15 01:20:00,PT5M,0.0,0.0,0.0,0.0,0.0
0,0,0,0,25,0.15,73.0,3.2,235,2026-08-15 01:25:00,PT5M,0.0,0.0,0.0,0.0,0.0
0,0,0,0,25,0.15,73.0,3.2,235,2026-08-15 01:30:00,PT5M,0.0,0.0,0.0,0.0,0.0
0,0,0,0,25,0.15,73.0,3.2,235,2026-08-15 01:35:00,PT5M,0.0,0.0,0.0,0.0,0.0
0,0,0,0,25,0.15,73.0,3.2,235,2026-08-15 01:40:00,PT5M,0.0,0.0,0.0,0.0,0.0
0,0,0,0,25,0.15,73.1,3.2,235,2026-08-15 01:45:00,PT5M,0.0,0.0,0.0,0.0,0.0
0,0,0,0,25,0.15,73.1,3.2,234,2026-08-15 01:50:00,PT5M,0.0,0.0,0.0,0.0,0.0
0,0,0,0,25,0.15,73.1,3.2,234,2026-08-15 01:55:00,PT5M,0.0,0.0,0.0,0.0,0.0
0,0,0,0,25,0.15,73.2,3.2,234,2026-08-15 02:00:00,PT5M,0.0,0.0,0.0,0.0,0.0
0,0,0,0,25,0.15,73.2,3.2,234,2026-08-15 02:05:00,PT5M,0.0,0.0,0.0,0.0,0.0
0,0,0,0,25,0.15,73.2,3.2,233,2026-08-15 02:10:00,PT5M,0.0,0.0,0.0,0.0,0.0
0,0,0,0,25,0.15,73.3,3.2,233,2026-08-15 02:15:00,PT5M,0.0,0.0,0.0,0.0,0.0
0,0,0,0,25,0.15,73.3,3.3,233,2026-08-15 02:20:00,PT5M,0.0,0.0,0.0,0.0,0.0
0,0,0,0,25,0.15,73.3,3.3,233,2026-08-15 02:25:00,PT5M,0.0,0.0,0.0,0.0,0.0
0,0,0,0,25,0.15,73.4,3.3,233,2026-08-15 02:30:00,PT5M,0.0,0.0,0.0,0.0,0.0
0,0,0,0,25,0.15,73.4,3.3,233,2026-08-15 02:35:00,PT5M,0.0,0.0,0.0,0.0,0.0
0,0,0,0,25,0.15,73.4,3.3,233,2026-08-15 02:40:00,PT5M,0.0,0.0,0.0,0.0,0.0
0,0,0,0,25,0.15,73.4,3.3,233,2026-08-15 02:45:00,PT5M,0.0,0.0,0.0,0.0,0.0
0,0,0,0,25,0.15,73.4,3.2,233,2026-08-15 02:50:00,PT5M,0.0,0.0,0.0,0.0,0.0
0,0,0,0,25,0.15,73.4,3.2,233,2026-08-15 02:55:00,PT5M,0.0,0.0,0.0,0.0,0.0
0,0,0,0,25,0.15,73.4,3.2,234,2026-08-15 03:00:00,PT5M,0.0,0.0,0.0,0.0,0.0
0,0,0,0,25,0.15,73.4,3.2,234,2026-08-15 03:05:00,PT5M,0.0,0.0,0.0,0.0,0.0
0,0,0,0,25,0.15,73.4,3.2,234,2026-08-15 03:10:00,PT5M,0.0,0.0,0.0,0.0,0.0
0,0,0,0,25,0.15,73.4,3.2,234,2026-08-15 03:15:00,PT5M,0.0,0.0,0.0,0.0,0.0
0,0,0,0,25,0.15,73.4,3.2,235,2026-08-15 03:20:00,PT5M,0.0,0.0,0.0,0.0,0.0
0,0,0,0,25,0.15,73.4,3.2,235,2026-08-15 03:25:00,PT5M,0.0,0.0,0.0,0.0,0.0
0,0,0,0,25,0.15,73.4,3.2,235,2026-08-15 03:30:00,PT5M,0.0,0.0,0.0,0.0,0.0
0,0,0,0,25,0.15,73.4,3.1,235,2026-08-15 03:35:00,PT5M,0.0,0.0,0.0,0.0,0.0
0,0,0,0,25,0.15,73.3,3.1,235,2026-08-15 03:40:00,PT5M,0.0,0.0,0.0,0.0,0.0
0,0,0,0,25,0.15,73.3,3.1,235,2026-08-15 03:45:00,PT5M,0.0,0.0,0.0,0.0,0.0
0,0,0,0,25,0.15,73.2,3.0,235,2026-08-15 03:50:00,PT5M,0.0,0.0,0.0,0.0,0.0
0,0,0,0,25,0.15,73.2,3.0,235,2026-08-15 03:55:00,PT5M,0.0,0.0,0.0,0.0,0.0
0,0,0,0,25,0.15,73.2,3.0,235,2026-08-15 04:00:00,PT5M,0.0,0.0,0.0,0.0,0.0
0,0,0,0,25,0.15,73.1,2.9,235,2026-08-15 04:05:00,PT5M,0.0,0.0,0.0,0.0,0.0
0,0,0,0,25,0.15,73.1,2.9,235,2026-08-15 04:10:00,PT5M,0.0,0.0,0.0,0.0,0.0
0,0,0,0,25,0.15,73.1,2.8,234,2026-08-15 04:15:00,PT5M,0.0,0.0,0.0,0.0,0.0
0,0,0,0,25,0.15,73.0,2.8,234,2026-08-15 04:20:00,PT5M,0.0,0.0,0.0,0.0,0.0
0,0,0,0,25,0.15,73.0,2.8,234,2026-08-15 04:25:00,PT5M,0.0,0.0,0.0,0.0,0.0
0,0,0,0,25,0.15,72.9,2.7,234,2026-08-15 04:30:00,PT5M,0.0,0.0,0.0,0.0,0.0
0,0,0,0,25,0.15,72.9,2.7,234,2026-08-15 04:35:00,PT5M,0.0,0.0,0.0,0.0,0.0
0,0,0,0,25,0.15,73.0,2.7,234,2026-08-15 04:40:00,PT5M,0.0,0.0,0.0,0.0,0.0
0,0,0,0,25,0.15,73.0,2.7,233,2026-08-15 04:45:00,PT5M,0.0,0.0,0.0,0.0,0.0
0,0,0,0,25,0.15,73.1,2.7,233,2026-08-15 04:50:00,PT5M,0.0,0.0,0.0,0.0,0.0
0,0,0,0,25,0.15,73.1,2.7,233,2026-08-15 04:55:00,PT5M,0.0,0.0,0.0,0.0,0.0
0,0,0,0,25,0.15,73.1,2.7,233,2026-08-15 05:00:00,PT5M,0.0,0.0,0.0,0.0,0.0
0,0,0,0,25,0.15,73.2,2.7,232,2026-08-15 05:05:00,PT5M,0.0,0.0,0.0,0.0,0.0
0,0,0,0,25,0.15,73.2,2.7,232,2026-08-15 05:10:00,PT5M,0.0,0.0,0.0,0.0,0.0
0,0,0,0,25,0.15,73.2,2.7,232,2026-08-15 05:15:00,PT5M,0.0,0.0,0.0,0.0,0.0
0,0,0,0,25,0.15,73.3,2.7,232,2026-08-15 05:20:00,PT5M,0.0,0.0,0.0,0.0,0.0
0,0,0,0,25,0.15,73.3,2.7,231,2026-08-15 05:25:00,PT5M,0.0,0.0,0.0,0.0,0.0
0,0,0,0,25,0.15,73.3,2.7,231,2026-08-15 05:30:00,PT5M,0.0,0.0,0.0,0.0,0.0
0,0,0,0,25,0.15,73.3,2.7,231,2026-08-15 05:35:00,PT5M,0.0,0.0,0.0,0.0,0.0
0,0,0,0,25,0.15,73.2,2.7,231,2026-08-15 05:40:00,PT5M,0.0,0.0,0.0,0.0,0.0
0,0,0,0,25,0.15,73.1,2.7,231,2026-08-15 05:45:00,PT5M,0.0,0.0,0.0,0.0,0.0
0,0,0,0,25,0.15,73.0,2.8,230,2026-08-15 05:50:00,PT5M,0.0,0.0,0.0,0.0,0.0
0,0,0,0,25,0.15,72.9,2.8,230,2026-08-15 05:55:00,PT5M,0.0,0.0,0.0,0.0,0.0
0,0,0,0,25,0.15,72.8,2.8,230,2026-08-15 06:00:00,PT5M,0.0,0.0,0.0,0.0,0.0
1,1,0,1,25,0.15,72.6,2.8,230,2026-08-15 06:05:00,PT5M,0.0,0.0,0.0,0.0,0.0
6,6,0,6,25,0.15,72.5,2.8,230,2026-08-15 06:10:00,PT5M,0.122,0.3145,0.2233,0.0207,0.0
13,13,0,13,25,0.15,72.4,2.8,230,2026-08-15 06:15:00,PT5M,1.075,1.8095,1.4616,0.6884,0.3405
20,21,0,21,25,0.15,72.3,2.9,230,2026-08-15 06:20:00,PT5M,2.139,3.52,2.8658,1.4122,0.758
29,30,0,30,25,0.15,72.2,2.9,229,2026-08-15 06:25:00,PT5M,3.3,5.8375,4.6355,1.9645,0.7625
39,40,0,40,25,0.15,72.1,2.9,229,2026-08-15 06:30:00,PT5M,4.565,8.307,6.5344,2.5956,0.823
48,52,19,49,26,0.15,71.9,2.9,229,2026-08-15 06:35:00,PT5M,6.468,11.614,9.1764,3.7596,1.322
57,65,50,57,26,0.15,71.4,2.9,230,2026-08-15 06:40:00,PT5M,8.99,15.653,12.4968,5.4832,2.327
66,79,82,65,26,0.15,71.0,2.9,231,2026-08-15 06:45:00,PT5M,11.864,20.1005,16.1989,7.5291,3.6275
77,94,116,72,26,0.15,70.6,2.9,231,2026-08-15 06:50:00,PT5M,15.112,24.8965,20.2617,9.9623,5.3275
88,111,150,79,26,0.15,70.2,2.9,232,2026-08-15 06:55:00,PT5M,18.81,30.138,24.772,12.848,7.482
101,128,186,85,26,0.15,69.8,3.0,232,2026-08-15 07:00:00,PT5M,22.706,35.586,29.4848,15.9272,9.826
114,146,223,90,26,0.15,69.4,3.0,233,2026-08-15 07:05:00,PT5M,27.022,41.5185,34.6516,19.3924,12.5255
128,164,255,95,26,0.15,69.0,3.0,233,2026-08-15 07:10:00,PT5M,31.436,47.6265,39.9572,22.9148,15.2455
142,183,285,99,26,0.15,68.6,3.0,234,2026-08-15 07:15:00,PT5M,35.99,53.9145,45.4238,26.5562,18.0655
157,202,316,103,27,0.15,68.2,3.0,234,2026-08-15 07:20:00,PT5M,40.801,60.472,51.154,30.448,21.13
173,222,346,106,27,0.15,67.8,3.0,235,2026-08-15 07:25:00,PT5M,45.787,67.211,57.0626,34.5114,24.363
189,242,376,109,27,0.15,67.4,3.0,236,2026-08-15 07:30:00,PT5M,50.95,74.1225,63.1459,38.7541,27.7775
205,261,398,112,27,0.15,66.8,3.0,236,2026-08-15 07:35:00,PT5M,55.648,80.6425,68.8028,42.4932,30.6535
221,278,411,117,27,0.15,65.9,3.0,237,2026-08-15 07:40:00,PT5M,59.749,86.667,73.9161,45.5819,32.831
236,296,423,122,27,0.15,65.1,3.1,237,2026-08-15 07:45:00,PT5M,63.883,92.8035,79.1041,48.6619,34.9625
252,313,435,126,28,0.15,64.3,3.1,238,2026-08-15 07:50:00,PT5M,67.067,97.3535,83.007,51.127,36.7805
268,331,447,130,28,0.15,63.6,3.1,238,2026-08-15 07:55:00,PT5M,69.051,99.777,85.2223,52.8797,38.325
283,348,457,134,28,0.15,62.8,3.1,239,2026-08-15 08:00:00,PT5M,70.945,100.0,87.3255,54.5645,39.8215
299,366,468,138,28,0.15,62.0,3.1,239,2026-08-15 08:05:00,PT5M,72.741,100.0,89.3063,56.1757,41.2665
315,383,477,142,28,0.15,61.3,3.1,240,2026-08-15 08:10:00,PT5M,74.431,100.0,91.1528,57.7092,42.659
331,400,486,145,28,0.15,60.5,3.1,240,2026-08-15 08:15:00,PT5M,76.0,100.0,92.846,59.154,43.992
346,417,495,149,29,0.15,59.8,3.1,241,2026-08-15 08:20:00,PT5M,77.437,100.0,94.3304,60.5436,45.339
362,434,503,152,29,0.15,59.1,3.2,241,2026-08-15 08:25:00,PT5M,78.738,100.0,95.6675,61.8085,46.5715
377,450,511,156,29,0.15,58.4,3.2,242,2026-08-15 08:30:00,PT5M,79.895,100.0,96.7755,63.0145,47.8215
392,466,517,159,29,0.15,57.5,3.2,242,2026-08-15 08:35:00,PT5M,80.898,100.0,97.7175,64.0785,48.9405
407,482,523,163,29,0.15,56.6,3.1,242,2026-08-15 08:40:00,PT5M,81.801,100.0,98.5581,65.0439,49.962
421,498,528,167,30,0.15,55.7,3.1,243,2026-08-15 08:45:00,PT5M,82.708,100.0,99.3946,66.0214,51.003
436,513,533,171,30,0.15,54.7,3.0,243,2026-08-15 08:50:00,PT5M,83.504,100.0,100.0,66.8922,51.941
450,529,538,174,30,0.15,53.8,3.0,243,2026-08-15 08:55:00,PT5M,84.257,100.0,100.0,67.7207,52.8375
464,544,542,178,30,0.15,53.0,3.0,244,2026-08-15 09:00:00,PT5M,84.973,100.0,100.0,68.5156,53.7035
478,558,546,181,31,0.15,52.1,2.9,244,2026-08-15 09:05:00,PT5M,85.654,100.0,100.0,69.2774,54.538
492,573,550,184,31,0.15,51.2,2.9,244,2026-08-15 09:10:00,PT5M,86.302,100.0,100.0,70.0081,55.343
505,587,556,187,31,0.15,50.4,2.9,245,2026-08-15 09:15:00,PT5M,87.027,100.0,100.0,70.8288,56.25
519,602,561,190,31,0.15,49.6,2.8,245,2026-08-15 09:20:00,PT5M,87.735,100.0,100.0,71.635,57.1445
532,616,566,192,32,0.15,48.8,2.8,246,2026-08-15 09:25:00,PT5M,88.413,100.0,100.0,72.4119,58.0105
545,630,572,194,32,0.15,48.0,2.7,246,2026-08-15 09:30:00,PT5M,89.062,100.0,100.0,73.1594,58.8465
557,643,575,197,32,0.15,47.3,2.7,247,2026-08-15 09:35:00,PT5M,89.564,100.0,100.0,73.7585,59.533
569,655,575,201,32,0.15,46.7,2.7,247,2026-08-15 09:40:00,PT5M,89.923,100.0,100.0,74.2969,60.233
580,666,576,205,32,0.15,46.1,2.6,248,2026-08-15 09:45:00,PT5M,90.261,100.0,100.0,74.8076,60.899
590,677,576,208,32,0.15,45.5,2.6,248,2026-08-15 09:50:00,PT5M,90.577,100.0,100.0,75.2896,61.5305
600,687,576,212,33,0.15,45.0,2.6,249,2026-08-15 09:55:00,PT5M,90.841,100.0,100.0,75.7089,62.0895
610,697,575,216,33,0.15,44.4,2.5,250,2026-08-15 10:00:00,PT5M,91.059,100.0,100.0,76.0719,62.583
619,707,574,220,33,0.15,43.9,2.5,250,2026-08-15 10:05:00,PT5M,91.261,100.0,100.0,76.4123,63.048
628,715,573,224,33,0.15,43.3,2.4,251,2026-08-15 10:10:00,PT5M,91.442,100.0,100.0,76.722,63.4735
636,724,571,227,33,0.15,42.8,2.4,252,2026-08-15 10:15:00,PT5M,91.605,100.0,100.0,77.006,63.8665
644,732,570,231,34,0.15,42.3,2.4,253,2026-08-15 10:20:00,PT5M,91.748,100.0,100.0,77.263,64.226
652,740,568,235,34,0.15,41.8,2.3,254,2026-08-15 10:25:00,PT5M,91.871,100.0,100.0,77.4928,64.552
659,747,566,239,34,0.15,41.2,2.3,254,2026-08-15 10:30:00,PT5M,91.976,100.0,100.0,77.6981,64.8475
665,753,562,243,34,0.15,40.8,2.3,256,2026-08-15 10:35:00,PT5M,91.943,100.0,100.0,77.7348,64.947
670,757,555,249,34,0.15,40.5,2.2,257,2026-08-15 10:40:00,PT5M,91.782,100.0,100.0,77.6143,64.863
675,761,548,255,34,0.15,40.2,2.2,259,2026-08-15 10:45:00,PT5M,91.607,100.0,100.0,77.4746,64.755
678,764,541,261,34,0.15,39.8,2.2,260,2026-08-15 10:50:00,PT5M,91.416,100.0,100.0,77.3128,64.6195
682,767,534,266,34,0.15,39.5,2.1,262,2026-08-15 10:55:00,PT5M,91.208,100.0,100.0,77.1272,64.454
685,770,527,272,34,0.15,39.2,2.1,264,2026-08-15 11:00:00,PT5M,90.982,100.0,100.0,76.9151,64.2545
688,772,520,277,35,0.15,38.9,2.1,265,2026-08-15 11:05:00,PT5M,90.737,100.0,100.0,76.6746,64.018
690,773,513,282,35,0.15,38.5,2.1,267,2026-08-15 11:10:00,PT5M,90.526,100.0,100.0,76.4436,63.769
692,774,506,288,35,0.15,38.2,2.1,269,2026-08-15 11:15:00,PT5M,90.251,100.0,100.0,76.1575,63.473
693,775,499,293,35,0.15,37.9,2.0,271,2026-08-15 11:20:00,PT5M,89.97,100.0,100.0,75.8694,63.1785
694,775,492,298,35,0.15,37.6,2.0,273,2026-08-15 11:25:00,PT5M,89.667,100.0,100.0,75.5478,62.84
694,775,484,302,35,0.15,37.3,2.0,275,2026-08-15 11:30:00,PT5M,89.338,100.0,100.0,75.184,62.445
694,774,477,307,35,0.15,37.0,2.0,276,2026-08-15 11:35:00,PT5M,88.994,100.0,100.0,74.7977,62.0205
694,773,470,311,35,0.15,36.8,2.0,278,2026-08-15 11:40:00,PT5M,88.632,100.0,100.0,74.3862,61.5645
693,771,463,315,35,0.15,36.5,1.9,279,2026-08-15 11:45:00,PT5M,88.249,100.0,100.0,73.9471,61.075
692,769,456,319,35,0.15,36.3,1.9,281,2026-08-15 11:50:00,PT5M,87.845,100.0,100.0,73.48,60.551
690,766,448,323,36,0.15,36.1,1.9,282,2026-08-15 11:55:00,PT5M,87.416,100.0,100.0,72.9802,59.9875
688,763,441,327,36,0.15,35.8,1.8,284,2026-08-15 12:00:00,PT5M,86.963,100.0,100.0,72.4488,59.3855
685,760,434,330,36,0.15,35.6,1.8,285,2026-08-15 12:05:00,PT5M,86.483,100.0,100.0,71.8832,58.743
682,756,426,334,36,0.15,35.4,1.8,287,2026-08-15 12:10:00,PT5M,85.977,100.0,100.0,71.2843,58.0605
679,752,419,337,36,0.15,35.1,1.7,289,2026-08-15 12:15:00,PT5M,85.532,100.0,100.0,70.7391,57.425
675,747,411,340,36,0.15,34.9,1.7,290,2026-08-15 12:20:00,PT5M,85.083,100.0,99.9833,70.1827,56.772
671,742,403,343,36,0.15,34.7,1.7,292,2026-08-15 12:25:00,PT5M,84.605,100.0,99.6192,69.5908,56.0775
666,736,395,346,36,0.15,34.4,1.7,294,2026-08-15 12:30:00,PT5M,84.099,100.0,99.2335,68.9645,55.343
662,731,389,348,36,0.15,34.3,1.6,296,2026-08-15 12:35:00,PT5M,83.674,100.0,98.9003,68.4477,54.7435
658,726,384,349,36,0.15,34.2,1.6,297,2026-08-15 12:40:00,PT5M,83.331,100.0,98.6205,68.0415,54.2805
654,721,379,350,36,0.15,34.2,1.6,299,2026-08-15 12:45:00,PT5M,82.961,100.0,98.3194,67.6026,53.7795
649,716,374,351,36,0.15,34.2,1.5,301,2026-08-15 12:50:00,PT5M,82.563,100.0,97.9964,67.1296,53.239
644,710,368,352,36,0.15,34.1,1.5,303,2026-08-15 12:55:00,PT5M,82.136,100.0,97.6513,66.6207,52.6565
639,704,363,352,36,0.15,34.1,1.5,304,2026-08-15 13:00:00,PT5M,81.678,100.0,97.283,66.073,52.028
633,698,358,353,36,0.15,34.0,1.5,306,2026-08-15 13:05:00,PT5M,81.18,100.0,96.889,65.471,51.3325
627,691,353,353,36,0.15,34.0,1.4,308,2026-08-15 13:10:00,PT5M,80.659,100.0,96.4727,64.8453,50.6125
621,684,347,353,37,0.15,33.9,1.4,310,2026-08-15 13:15:00,PT5M,80.13,100.0,96.0387,64.2213,49.903
615,677,342,353,37,0.15,33.9,1.4,312,2026-08-15 13:20:00,PT5M,79.532,100.0,95.5436,63.5204,49.1095
608,669,336,353,37,0.15,33.8,1.4,315,2026-08-15 13:25:00,PT5M,78.921,100.0,95.0513,62.7907,48.273
601,661,331,352,37,0.15,33.8,1.4,317,2026-08-15 13:30:00,PT5M,78.276,100.0,94.532,62.02,47.389
593,652,325,351,37,0.15,33.9,1.3,320,2026-08-15 13:35:00,PT5M,77.563,100.0,93.9583,61.1677,46.4115
584,643,318,350,37,0.15,34.1,1.3,323,2026-08-15 13:40:00,PT5M,76.784,100.0,93.3308,60.2372,45.3445
576,633,311,349,37,0.15,34.2,1.2,327,2026-08-15 13:45:00,PT5M,75.976,100.0,92.6778,59.2742,44.242
567,623,305,348,36,0.15,34.4,1.2,331,2026-08-15 13:50:00,PT5M,75.141,100.0,92.0007,58.2813,43.107
557,613,298,346,36,0.15,34.6,1.2,336,2026-08-15 13:55:00,PT5M,74.28,100.0,91.3008,57.2592,41.94
548,602,292,344,36,0.15,34.8,1.2,340,2026-08-15 14:00:00,PT5M,73.39,100.0,90.5752,56.2048,40.7375
538,592,285,342,36,0.15,35.0,1.1,345,2026-08-15 14:05:00,PT5M,72.468,100.0,89.8217,55.1143,39.4955
529,581,279,340,36,0.15,35.2,1.1,349,2026-08-15 14:10:00,PT5M,71.514,100.0,89.0395,53.9885,38.215
519,570,272,337,36,0.15,35.3,1.1,354,2026-08-15 14:15:00,PT5M,70.529,100.0,88.2303,52.8277,36.896
508,558,266,334,36,0.15,35.5,1.2,359,2026-08-15 14:20:00,PT5M,69.51,100.0,87.3918,51.6282,35.534
498,547,259,331,36,0.15,35.7,1.2,3,2026-08-15 14:25:00,PT5M,68.458,100.0,86.5245,50.3915,34.131
487,535,253,328,36,0.15,35.9,1.2,7,2026-08-15 14:30:00,PT5M,67.376,100.0,85.5404,49.2116,32.863
475,522,243,325,36,0.15,36.3,1.2,12,2026-08-15 14:35:00,PT5M,66.065,100.0,84.3536,47.7764,31.316
463,507,233,322,36,0.15,37.0,1.3,16,2026-08-15 14:40:00,PT5M,64.563,99.618,83.0127,46.1133,29.508
450,492,222,319,35,0.15,37.7,1.4,20,2026-08-15 14:45:00,PT5M,63.028,98.377,81.6324,44.4236,27.679
437,478,211,315,35,0.15,38.4,1.5,23,2026-08-15 14:50:00,PT5M,61.469,97.099,80.2213,42.7167,25.839
424,463,201,311,35,0.15,39.1,1.5,26,2026-08-15 14:55:00,PT5M,59.871,95.767,78.7633,40.9787,23.975
411,448,191,307,35,0.15,39.8,1.6,29,2026-08-15 15:00:00,PT5M,58.241,94.388,77.2654,39.2166,22.094
398,434,181,302,34,0.15,40.5,1.7,32,2026-08-15 15:05:00,PT5M,56.578,92.9595,75.7258,37.4302,20.1965
385,419,171,297,34,0.15,41.2,1.8,34,2026-08-15 15:10:00,PT5M,54.885,91.4825,74.1465,35.6235,18.2875
372,405,161,292,34,0.15,42.0,1.9,36,2026-08-15 15:15:00,PT5M,53.21,89.999,72.5723,33.8477,16.421
359,391,152,286,34,0.15,42.8,2.0,38,2026-08-15 15:20:00,PT5M,51.538,88.494,70.9882,32.0878,14.582
347,376,144,281,33,0.15,43.6,2.1,39,2026-08-15 15:25:00,PT5M,49.835,86.9365,69.3618,30.3082,12.7335
334,362,135,274,33,0.15,44.4,2.2,41,2026-08-15 15:30:00,PT5M,48.101,85.3255,67.6925,28.5095,10.8765
323,350,129,268,33,0.15,45.0,2.2,42,2026-08-15 15:35:00,PT5M,46.701,83.897,66.2775,27.1245,9.505
313,340,127,261,33,0.15,45.4,2.2,42,2026-08-15 15:40:00,PT5M,45.622,82.582,65.0743,26.1697,8.662
303,329,124,254,33,0.15,45.9,2.1,42,2026-08-15 15:45:00,PT5M,44.499,81.259,63.8461,25.1519,7.739
293,318,121,247,33,0.15,46.3,2.1,42,2026-08-15 15:50:00,PT5M,43.33,79.861,62.5565,24.1035,6.799
282,307,118,240,33,0.15,46.8,2.1,43,2026-08-15 15:55:00,PT5M,42.105,78.372,61.1926,23.0174,5.838
272,296,115,232,33,0.15,47.2,2.0,43,2026-08-15 16:00:00,PT5M,40.855,76.774,59.7594,21.9506,4.936
261,284,111,225,32,0.15,47.7,2.0,43,2026-08-15 16:05:00,PT5M,39.547,75.037,58.2256,20.8684,4.057
250,272,107,217,32,0.15,48.2,1.9,43,2026-08-15 16:10:00,PT5M,38.385,73.373,56.7994,19.9706,3.397
240,261,103,210,32,0.15,48.6,1.9,44,2026-08-15 16:15:00,PT5M,36.946,71.3655,55.0612,18.8308,2.5265
229,249,98,202,32,0.15,49.1,1.8,44,2026-08-15 16:20:00,PT5M,35.442,69.2365,53.2283,17.6557,1.6475
218,237,93,194,32,0.15,49.6,1.8,44,2026-08-15 16:25:00,PT5M,33.874,66.9945,51.3056,16.4424,0.7535
207,225,88,186,32,0.15,50.1,1.7,45,2026-08-15 16:30:00,PT5M,32.245,64.647,49.2984,15.1916,0.0
196,213,85,178,32,0.15,50.3,1.6,45,2026-08-15 16:35:00,PT5M,30.825,62.297,47.3889,14.2611,0.0
186,203,84,169,32,0.15,50.4,1.6,46,2026-08-15 16:40:00,PT5M,29.454,58.7225,44.8582,14.0498,0.1855
175,192,82,160,32,0.15,50.4,1.5,47,2026-08-15 16:45:00,PT5M,27.922,55.0975,42.2247,13.6193,0.7465
165,181,80,152,32,0.15,50.5,1.4,48,2026-08-15 16:50:00,PT5M,26.292,51.415,39.5144,13.0696,1.169
154,169,78,143,32,0.15,50.5,1.3,50,2026-08-15 16:55:00,PT5M,24.585,47.6775,36.7387,12.4313,1.4925
144,158,74,134,32,0.15,50.6,1.2,51,2026-08-15 17:00:00,PT5M,22.811,43.8915,33.9058,11.7162,1.7305
133,146,70,125,32,0.15,50.6,1.1,53,2026-08-15 17:05:00,PT5M,20.959,40.056,31.0099,10.9081,1.862
122,135,65,116,32,0.15,50.7,1.0,55,2026-08-15 17:10:00,PT5M,19.07,36.22,28.0962,10.0438,1.92
112,123,60,107,32,0.15,50.7,0.9,58,2026-08-15 17:15:00,PT5M,17.166,32.384,25.1753,9.1567,1.948
101,111,50,99,32,0.15,50.8,0.8,61,2026-08-15 17:20:00,PT5M,15.082,28.5035,22.1458,8.0182,1.6605
90,98,38,90,32,0.15,50.8,0.7,64,2026-08-15 17:25:00,PT5M,13.039,24.766,19.211,6.867,1.312
80,86,26,81,32,0.15,50.9,0.7,69,2026-08-15 17:30:00,PT5M,10.993,21.11,16.3176,5.6684,0.876
70,74,9,72,32,0.15,51.1,0.6,73,2026-08-15 17:35:00,PT5M,8.858,17.441,13.3753,4.3407,0.275
59,61,0,61,31,0.15,51.6,0.5,78,2026-08-15 17:40:00,PT5M,7.141,14.218,10.8657,3.4163,0.064
48,50,0,50,31,0.15,52.1,0.4,85,2026-08-15 17:45:00,PT5M,5.744,11.341,8.6897,2.7983,0.147
38,40,0,40,31,0.15,52.5,0.3,97,2026-08-15 17:50:00,PT5M,4.375,8.586,6.5913,2.1587,0.164
29,30,0,30,31,0.15,53.0,0.2,118,2026-08-15 17:55:00,PT5M,3.21,6.206,4.7868,1.6332,0.214
21,22,0,22,31,0.15,53.5,0.2,150,2026-08-15 18:00:00,PT5M,2.183,4.042,3.1614,1.2046,0.324
14,15,0,15,31,0.15,54.0,0.2,179,2026-08-15 18:05:00,PT5M,1.237,2.2845,1.7883,0.6857,0.1895
8,8,0,8,30,0.15,54.5,0.3,196,2026-08-15 18:10:00,PT5M,0.384,0.8665,0.6379,0.1301,0.0
3,3,0,3,30,0.15,55.0,0.4,206,2026-08-15 18:15:00,PT5M,0.0,0.0,0.0,0.0,0.0
0,0,0,0,30,0.15,55.5,0.5,212,2026-08-15 18:20:00,PT5M,0.0,0.0,0.0,0.0,0.0
0,0,0,0,30,0.15,56.0,0.6,216,2026-08-15 18:25:00,PT5M,0.0,0.0,0.0,0.0,0.0
0,0,0,0,30,0.15,56.5,0.7,219,2026-08-15 18:30:00,PT5M,0.0,0.0,0.0,0.0,0.0
0,0,0,0,30,0.15,56.9,0.8,220,2026-08-15 18:35:00,PT5M,0.0,0.0,0.0,0.0,0.0
0,0,0,0,30,0.15,57.1,0.9,221,2026-08-15 18:40:00,PT5M,0.0,0.0,0.0,0.0,0.0
0,0,0,0,30,0.15,57.4,0.9,222,2026-08-15 18:45:00,PT5M,0.0,0.0,0.0,0.0,0.0
0,0,0,0,30,0.15,57.7,1.0,222,2026-08-15 18:50:00,PT5M,0.0,0.0,0.0,0.0,0.0
0,0,0,0,29,0.15,58.0,1.1,223,2026-08-15 18:55:00,PT5M,0.0,0.0,0.0,0.0,0.0
0,0,0,0,29,0.15,58.3,1.1,223,2026-08-15 19:00:00,PT5M,0.0,0.0,0.0,0.0,0.0
0,0,0,0,29,0.15,58.6,1.2,223,2026-08-15 19:05:00,PT5M,0.0,0.0,0.0,0.0,0.0
0,0,0,0,29,0.15,58.8,1.3,224,2026-08-15 19:10:00,PT5M,0.0,0.0,0.0,0.0,0.0
0,0,0,0,29,0.15,59.1,1.3,224,2026-08-15 19:15:00,PT5M,0.0,0.0,0.0,0.0,0.0
0,0,0,0,29,0.15,59.4,1.4,224,2026-08-15 19:20:00,PT5M,0.0,0.0,0.0,0.0,0.0
0,0,0,0,29,0.15,59.7,1.5,225,2026-08-15 19:25:00,PT5M,0.0,0.0,0.0,0.0,0.0
0,0,0,0,29,0.15,60.0,1.5,225,2026-08-15 19:30:00,PT5M,0.0,0.0,0.0,0.0,0.0
0,0,0,0,29,0.15,60.3,1.6,225,2026-08-15 19:35:00,PT5M,0.0,0.0,0.0,0.0,0.0
0,0,0,0,29,0.15,60.6,1.6,226,2026-08-15 19:40:00,PT5M,0.0,0.0,0.0,0.0,0.0
0,0,0,0,29,0.15,60.9,1.7,226,2026-08-15 19:45:00,PT5M,0.0,0.0,0.0,0.0,0.0
0,0,0,0,29,0.15,61.2,1.7,227,2026-08-15 19:50:00,PT5M,0.0,0.0,0.0,0.0,0.0
0,0,0,0,29,0.15,61.5,1.8,228,2026-08-15 19:55:00,PT5M,0.0,0.0,0.0,0.0,0.0
0,0,0,0,29,0.15,61.8,1.8,228,2026-08-15 20:00:00,PT5M,0.0,0.0,0.0,0.0,0.0
0,0,0,0,28,0.15,62.1,1.9,228,2026-08-15 20:05:00,PT5M,0.0,0.0,0.0,0.0,0.0
0,0,0,0,28,0.15,62.4,2.0,229,2026-08-15 20:10:00,PT5M,0.0,0.0,0.0,0.0,0.0
0,0,0,0,28,0.15,62.7,2.0,229,2026-08-15 20:15:00,PT5M,0.0,0.0,0.0,0.0,0.0
0,0,0,0,28,0.15,63.0,2.1,230,2026-08-15 20:20:00,PT5M,0.0,0.0,0.0,0.0,0.0
0,0,0,0,28,0.15,63.3,2.1,230,2026-08-15 20:25:00,PT5M,0.0,0.0,0.0,0.0,0.0
0,0,0,0,28,0.15,63.6,2.2,230,2026-08-15 20:30:00,PT5M,0.0,0.0,0.0,0.0,0.0
0,0,0,0,28,0.15,63.9,2.2,231,2026-08-15 20:35:00,PT5M,0.0,0.0,0.0,0.0,0.0
0,0,0,0,28,0.15,64.2,2.3,232,2026-08-15 20:40:00,PT5M,0.0,0.0,0.0,0.0,0.0
0,0,0,0,28,0.15,64.5,2.3,233,2026-08-15 20:45:00,PT5M,0.0,0.0,0.0,0.0,0.0
0,0,0,0,28,0.15,64.8,2.3,233,2026-08-15 20:50:00,PT5M,0.0,0.0,0.0,0.0,0.0
0,0,0,0,28,0.15,65.1,2.4,234,2026-08-15 20:55:00,PT5M,0.0,0.0,0.0,0.0,0.0
0,0,0,0,28,0.15,65.4,2.4,235,2026-08-15 21:00:00,PT5M,0.0,0.0,0.0,0.0,0.0
0,0,0,0,28,0.15,65.6,2.5,235,2026-08-15 21:05:00,PT5M,0.0,0.0,0.0,0.0,0.0
0,0,0,0,28,0.15,65.9,2.5,236,2026-08-15 21:10:00,PT5M,0.0,0.0,0.0,0.0,0.0
0,0,0,0,28,0.15,66.2,2.5,237,2026-08-15 21:15:00,PT5M,0.0,0.0,0.0,0.0,0.0
0,0,0,0,27,0.15,66.5,2.6,237,2026-08-15 21:20:00,PT5M,0.0,0.0,0.0,0.0,0.0
0,0,0,0,27,0.15,66.8,2.6,238,2026-08-15 21:25:00,PT5M,0.0,0.0,0.0,0.0,0.0
0,0,0,0,27,0.15,67.1,2.7,238,2026-08-15 21:30:00,PT5M,0.0,0.0,0.0,0.0,0.0
0,0,0,0,27,0.15,67.3,2.7,239,2026-08-15 21:35:00,PT5M,0.0,0.0,0.0,0.0,0.0
0,0,0,0,27,0.15,67.5,2.7,238,2026-08-15 21:40:00,PT5M,0.0,0.0,0.0,0.0,0.0
0,0,0,0,27,0.15,67.6,2.7,238,2026-08-15 21:45:00,PT5M,0.0,0.0,0.0,0.0,0.0
0,0,0,0,27,0.15,67.7,2.8,238,2026-08-15 21:50:00,PT5M,0.0,0.0,0.0,0.0,0.0
0,0,0,0,27,0.15,67.9,2.8,238,2026-08-15 21:55:00,PT5M,0.0,0.0,0.0,0.0,0.0
0,0,0,0,27,0.15,68.0,2.8,238,2026-08-15 22:00:00,PT5M,0.0,0.0,0.0,0.0,0.0
0,0,0,0,27,0.15,68.1,2.8,238,2026-08-15 22:05:00,PT5M,0.0,0.0,0.0,0.0,0.0
0,0,0,0,27,0.15,68.2,2.9,238,2026-08-15 22:10:00,PT5M,0.0,0.0,0.0,0.0,0.0
0,0,0,0,27,0.15,68.4,2.9,238,2026-08-15 22:15:00,PT5M,0.0,0.0,0.0,0.0,0.0
0,0,0,0,27,0.15,68.5,2.9,238,2026-08-15 22:20:00,PT5M,0.0,0.0,0.0,0.0,0.0
0,0,0,0,27,0.15,68.6,2.9,238,2026-08-15 22:25:00,PT5M,0.0,0.0,0.0,0.0,0.0
0,0,0,0,27,0.15,68.8,3.0,237,2026-08-15 22:30:00,PT5M,0.0,0.0,0.0,0.0,0.0
0,0,0,0,27,0.15,68.8,3.0,237,2026-08-15 22:35:00,PT5M,0.0,0.0,0.0,0.0,0.0
0,0,0,0,27,0.15,68.8,3.0,237,2026-08-15 22:40:00,PT5M,0.0,0.0,0.0,0.0,0.0
0,0,0,0,27,0.15,68.8,3.0,236,2026-08-15 22:45:00,PT5M,0.0,0.0,0.0,0.0,0.0
0,0,0,0,27,0.15,68.8,3.0,235,2026-08-15 22:50:00,PT5M,0.0,0.0,0.0,0.0,0.0
0,0,0,0,27,0.15,68.8,3.0,235,2026-08-15 22:55:00,PT5M,0.0,0.0,0.0,0.0,0.0
0,0,0,0,27,0.15,68.8,3.0,234,2026-08-15 23:00:00,PT5M,0.0,0.0,0.0,0.0,0.0
0,0,0,0,27,0.15,68.8,3.0,234,2026-08-15 23:05:00,PT5M,0.0,0.0,0.0,0.0,0.0
0,0,0,0,27,0.15,68.8,3.0,233,2026-08-15 23:10:00,PT5M,0.0,0.0,0.0,0.0,0.0
0,0,0,0,27,0.15,68.8,3.0,232,2026-08-15 23:15:00,PT5M,0.0,0.0,0.0,0.0,0.0
0,0,0,0,27,0.15,68.8,3.0,232,2026-08-15 23:20:00,PT5M,0.0,0.0,0.0,0.0,0.0
0,0,0,0,27,0.15,68.8,3.0,231,2026-08-15 23:25:00,PT5M,0.0,0.0,0.0,0.0,0.0
0,0,0,0,27,0.15,68.8,3.0,231,2026-08-15 23:30:00,PT5M,0.0,0.0,0.0,0.0,0.0
0,0,0,0,27,0.15,68.9,3.0,230,2026-08-15 23:35:00,PT5M,0.0,0.0,0.0,0.0,0.0
0,0,0,0,27,0.15,69.0,3.0,230,2026-08-15 23:40:00,PT5M,0.0,0.0,0.0,0.0,0.0
0,0,0,0,27,0.15,69.1,3.0,229,2026-08-15 23:45:00,PT5M,0.0,0.0,0.0,0.0,0.0
0,0,0,0,27,0.15,69.2,3.1,229,2026-08-15 23:50:00,PT5M,0.0,0.0,0.0,0.0,0.0
0,0,0,0,27,0.15,69.3,3.1,228,2026-08-15 23:55:00,PT5M,0.0,0.0,0.0,0.0,0.0
0,0,0,0,27,0.15,69.4,3.1,228,2026-08-16 00:00:00,PT5M,0.0,0.0,0.0,0.0,0.0
0,0,0,0,26,0.15,69.5,3.1,227,2026-08-16 00:05:00,PT5M,0.0,0.0,0.0,0.0,0.0
0,0,0,0,26,0.15,69.6,3.1,227,2026-08-16 00:10:00,PT5M,0.0,0.0,0.0,0.0,0.0
0,0,0,0,26,0.15,69.7,3.2,226,2026-08-16 00:15:00,PT5M,0.0,0.0,0.0,0.0,0.0
0,0,0,0,26,0.15,69.8,3.2,226,2026-08-16 00:20:00,PT5M,0.0,0.0,0.0,0.0,0.0
0,0,0,0,26,0.15,69.9,3.2,226,2026-08-16 00:25:00,PT5M,0.0,0.0,0.0,0.0,0.0
0,0,0,0,26,0.15,70.0,3.2,225,2026-08-16 00:30:00,PT5M,0.0,0.0,0.0,0.0,0.0
0,0,0,0,26,0.15,70.0,3.2,225,2026-08-16 00:35:00,PT5M,0.0,0.0,0.0,0.0,0.0
0,0,0,0,26,0.15,70.0,3.2,225,2026-08-16 00:40:00,PT5M,0.0,0.0,0.0,0.0,0.0
0,0,0,0,26,0.15,70.0,3.2,225,2026-08-16 00:45:00,PT5M,0.0,0.0,0.0,0.0,0.0
0,0,0,0,26,0.15,70.0,3.1,225,2026-08-16 00:50:00,PT5M,0.0,0.0,0.0,0.0,0.0
0,0,0,0,26,0.15,70.0,3.1,225,2026-08-16 00:55:00,PT5M,0.0,0.0,0.0,0.0,0.0
0,0,0,0,26,0.15,70.0,3.1,226,2026-08-16 01:00:00,PT5M,0.0,0.0,0.0,0.0,0.0
0,0,0,0,26,0.15,70.0,3.1,226,2026-08-16 01:05:00,PT5M,0.0,0.0,0.0,0.0,0.0
0,0,0,0,26,0.15,70.0,3.0,226,2026-08-16 01:10:00,PT5M,0.0,0.0,0.0,0.0,0.0
0,0,0,0,26,0.15,70.0,3.0,226,2026-08-16 01:15:00,PT5M,0.0,0.0,0.0,0.0,0.0
0,0,0,0,26,0.15,70.0,3.0,226,2026-08-16 01:20:00,PT5M,0.0,0.0,0.0,0.0,0.0
0,0,0,0,26,0.15,70.0,2.9,226,2026-08-16 01:25:00,PT5M,0.0,0.0,0.0,0.0,0.0
0,0,0,0,26,0.15,70.0,2.9,226,2026-08-16 01:30:00,PT5M,0.0,0.0,0.0,0.0,0.0
0,0,0,0,26,0.15,70.0,2.9,226,2026-08-16 01:35:00,PT5M,0.0,0.0,0.0,0.0,0.0
0,0,0,0,26,0.15,70.0,2.9,226,2026-08-16 01:40:00,PT5M,0.0,0.0,0.0,0.0,0.0
0,0,0,0,26,0.15,70.0,2.9,226,2026-08-16 01:45:00,PT5M,0.0,0.0,0.0,0.0,0.0
0,0,0,0,26,0.15,70.0,2.9,226,2026-08-16 01:50:00,PT5M,0.0,0.0,0.0,0.0,0.0
0,0,0,0,26,0.15,70.0,2.9,226,2026-08-16 01:55:00,PT5M,0.0,0.0,0.0,0.0,0.0
0,0,0,0,26,0.15,70.0,2.9,226,2026-08-16 02:00:00,PT5M,0.0,0.0,0.0,0.0,0.0
0,0,0,0,26,0.15,70.0,2.9,226,2026-08-16 02:05:00,PT5M,0.0,0.0,0.0,0.0,0.0
0,0,0,0,26,0.15,70.0,2.9,226,2026-08-16 02:10:00,PT5M,0.0,0.0,0.0,0.0,0.0
0,0,0,0,26,0.15,70.0,2.9,225,2026-08-16 02:15:00,PT5M,0.0,0.0,0.0,0.0,0.0
0,0,0,0,26,0.15,70.0,3.0,225,2026-08-16 02:20:00,PT5M,0.0,0.0,0.0,0.0,0.0
0,0,0,0,26,0.15,70.0,3.0,225,2026-08-16 02:25:00,PT5M,0.0,0.0,0.0,0.0,0.0
0,0,0,0,26,0.15,70.0,3.0,225,2026-08-16 02:30:00,PT5M,0.0,0.0,0.0,0.0,0.0
0,0,0,0,26,0.15,69.9,3.0,225,2026-08-16 02:35:00,PT5M,0.0,0.0,0.0,0.0,0.0
0,0,0,0,26,0.15,69.9,3.0,226,2026-08-16 02:40:00,PT5M,0.0,0.0,0.0,0.0,0.0
0,0,0,0,26,0.15,69.8,3.0,226,2026-08-16 02:45:00,PT5M,0.0,0.0,0.0,0.0,0.0
0,0,0,0,26,0.15,69.7,3.0,227,2026-08-16 02:50:00,PT5M,0.0,0.0,0.0,0.0,0.0
0,0,0,0,26,0.15,69.6,3.0,227,2026-08-16 02:55:00,PT5M,0.0,0.0,0.0,0.0,0.0
0,0,0,0,26,0.15,69.6,3.0,227,2026-08-16 03:00:00,PT5M,0.0,0.0,0.0,0.0,0.0
0,0,0,0,26,0.15,69.5,3.0,228,2026-08-16 03:05:00,PT5M,0.0,0.0,0.0,0.0,0.0
0,0,0,0,26,0.15,69.4,3.0,228,2026-08-16 03:10:00,PT5M,0.0,0.0,0.0,0.0,0.0
0,0,0,0,26,0.15,69.3,3.0,229,2026-08-16 03:15:00,PT5M,0.0,0.0,0.0,0.0,0.0
0,0,0,0,26,0.15,69.3,3.0,229,2026-08-16 03:20:00,PT5M,0.0,0.0,0.0,0.0,0.0
0,0,0,0,26,0.15,69.2,3.0,230,2026-08-16 03:25:00,PT5M,0.0,0.0,0.0,0.0,0.0
0,0,0,0,26,0.15,69.1,3.0,230,2026-08-16 03:30:00,PT5M,0.0,0.0,0.0,0.0,0.0
0,0,0,0,26,0.15,69.1,3.0,230,2026-08-16 03:35:00,PT5M,0.0,0.0,0.0,0.0,0.0
0,0,0,0,26,0.15,69.2,3.0,230,2026-08-16 03:40:00,PT5M,0.0,0.0,0.0,0.0,0.0
0,0,0,0,26,0.15,69.3,3.0,230,2026-08-16 03:45:00,PT5M,0.0,0.0,0.0,0.0,0.0
0,0,0,0,26,0.15,69.3,3.0,230,2026-08-16 03:50:00,PT5M,0.0,0.0,0.0,0.0,0.0
0,0,0,0,26,0.15,69.4,3.0,230,2026-08-16 03:55:00,PT5M,0.0,0.0,0.0,0.0,0.0
0,0,0,0,26,0.15,69.5,2.9,230,2026-08-16 04:00:00,PT5M,0.0,0.0,0.0,0.0,0.0
0,0,0,0,26,0.15,69.5,2.9,230,2026-08-16 04:05:00,PT5M,0.0,0.0,0.0,0.0,0.0
0,0,0,0,26,0.15,69.6,2.9,230,2026-08-16 04:10:00,PT5M,0.0,0.0,0.0,0.0,0.0
0,0,0,0,26,0.15,69.7,2.9,230,2026-08-16 04:15:00,PT5M,0.0,0.0,0.0,0.0,0.0
0,0,0,0,26,0.15,69.7,2.9,229,2026-08-16 04:20:00,PT5M,0.0,0.0,0.0,0.0,0.0
0,0,0,0,26,0.15,69.8,2.9,229,2026-08-16 04:25:00,PT5M,0.0,0.0,0.0,0.0,0.0
0,0,0,0,26,0.15,69.9,2.9,229,2026-08-16 04:30:00,PT5M,0.0,0.0,0.0,0.0,0.0
0,0,0,0,26,0.15,69.9,2.9,229,2026-08-16 04:35:00,PT5M,0.0,0.0,0.0,0.0,0.0
0,0,0,0,26,0.15,70.0,2.9,229,2026-08-16 04:40:00,PT5M,0.0,0.0,0.0,0.0,0.0
0,0,0,0,26,0.15,70.1,2.9,229,2026-08-16 04:45:00,PT5M,0.0,0.0,0.0,0.0,0.0
0,0,0,0,26,0.15,70.1,2.9,229,2026-08-16 04:50:00,PT5M,0.0,0.0,0.0,0.0,0.0
0,0,0,0,26,0.15,70.2,2.9,229,2026-08-16 04:55:00,PT5M,0.0,0.0,0.0,0.0,0.0
0,0,0,0,26,0.15,70.3,2.8,229,2026-08-16 05:00:00,PT5M,0.0,0.0,0.0,0.0,0.0
0,0,0,0,25,0.15,70.3,2.8,229,2026-08-16 05:05:00,PT5M,0.0,0.0,0.0,0.0,0.0
0,0,0,0,25,0.15,70.4,2.8,229,2026-08-16 05:10:00,PT5M,0.0,0.0,0.0,0.0,0.0
0,0,0,0,25,0.15,70.5,2.8,229,2026-08-16 05:15:00,PT5M,0.0,0.0,0.0,0.0,0.0
0,0,0,0,25,0.15,70.5,2.8,229,2026-08-16 05:20:00,PT5M,0.0,0.0,0.0,0.0,0.0
0,0,0,0,25,0.15,70.6,2.8,229,2026-08-16 05:25:00,PT5M,0.0,0.0,0.0,0.0,0.0
0,0,0,0,25,0.15,70.7,2.8,229,2026-08-16 05:30:00,PT5M,0.0,0.0,0.0,0.0,0.0
0,0,0,0,25,0.15,70.7,2.8,229,2026-08-16 05:35:00,PT5M,0.0,0.0,0.0,0.0,0.0
0,0,0,0,25,0.15,70.7,2.7,229,2026-08-16 05:40:00,PT5M,0.0,0.0,0.0,0.0,0.0
0,0,0,0,25,0.15,70.7,2.7,229,2026-08-16 05:45:00,PT5M,0.0,0.0,0.0,0.0,0.0
0,0,0,0,25,0.15,70.7,2.7,230,2026-08-16 05:50:00,PT5M,0.0,0.0,0.0,0.0,0.0
0,0,0,0,25,0.15,70.7,2.7,230,2026-08-16 05:55:00,PT5M,0.0,0.0,0.0,0.0,0.0
0,0,0,0,25,0.15,70.7,2.6,230,2026-08-16 06:00:00,PT5M,0.0,0.0,0.0,0.0,0.0
1,1,0,1,25,0.15,70.7,2.6,230,2026-08-16 06:05:00,PT5M,0.0,0.0,0.0,0.0,0.0
6,6,0,6,25,0.15,70.7,2.6,230,2026-08-16 06:10:00,PT5M,0.148,0.3555,0.2572,0.0388,0.0
13,13,0,13,25,0.15,70.7,2.6,230,2026-08-16 06:15:00,PT5M,1.117,1.8055,1.4794,0.7546,0.4285
21,22,0,22,26,0.15,70.7,2.5,230,2026-08-16 06:20:00,PT5M,2.196,3.5305,2.8984,1.4936,0.8615
30,31,0,31,26,0.15,70.8,2.5,230,2026-08-16 06:25:00,PT5M,3.369,5.9055,4.704,2.034,0.8325
40,41,0,41,26,0.15,70.8,2.5,230,2026-08-16 06:30:00,PT5M,4.637,8.401,6.618,2.656,0.873
48,52,21,50,26,0.15,70.5,2.5,230,2026-08-16 06:35:00,PT5M,6.601,11.7865,9.3302,3.8718,1.4155
57,66,53,58,26,0.15,70.1,2.5,230,2026-08-16 06:40:00,PT5M,9.15,15.8575,12.6802,5.6198,2.4425
67,80,85,65,26,0.15,69.6,2.5,230,2026-08-16 06:45:00,PT5M,12.04,20.349,16.4131,7.6669,3.731
78,95,118,72,26,0.15,69.2,2.5,229,2026-08-16 06:50:00,PT5M,15.294,25.138,20.475,10.113,5.45
89,111,152,79,26,0.15,68.7,2.5,229,2026-08-16 06:55:00,PT5M,18.988,30.3125,24.9482,13.0278,7.6635
102,129,188,85,26,0.15,68.3,2.5,229,2026-08-16 07:00:00,PT5M,22.871,35.718,29.6325,16.1095,10.024
115,147,224,90,26,0.15,67.9,2.5,229,2026-08-16 07:05:00,PT5M,27.168,41.598,34.7626,19.5734,12.738
129,165,255,95,26,0.15,67.4,2.5,229,2026-08-16 07:10:00,PT5M,31.545,47.6345,40.013,23.077,15.4555
144,183,285,100,26,0.15,67.0,2.5,229,2026-08-16 07:15:00,PT5M,36.068,53.8545,45.4292,26.7068,18.2815
159,202,315,104,27,0.15,66.6,2.5,229,2026-08-16 07:20:00,PT5M,40.843,60.3365,51.1026,30.5834,21.3495
174,222,344,107,27,0.15,66.2,2.5,228,2026-08-16 07:25:00,PT5M,45.788,66.994,56.9489,34.6271,24.582
191,242,374,110,27,0.15,65.7,2.5,228,2026-08-16 07:30:00,PT5M,50.908,73.617,62.8599,38.9561,28.199
207,261,396,113,27,0.15,65.2,2.6,228,2026-08-16 07:35:00,PT5M,55.601,79.7985,68.3363,42.8657,31.4035
222,279,410,118,27,0.15,64.6,2.6,228,2026-08-16 07:40:00,PT5M,59.747,85.584,73.3452,46.1488,33.91
238,296,422,122,27,0.15,64.0,2.7,228,2026-08-16 07:45:00,PT5M,63.942,91.484,78.4376,49.4464,36.4
254,314,435,126,27,0.15,63.4,2.7,228,2026-08-16 07:50:00,PT5M,67.178,95.768,82.2251,52.1309,38.588
270,332,447,130,28,0.15,62.8,2.7,227,2026-08-16 07:55:00,PT5M,69.246,98.1435,84.455,54.037,40.3485
286,349,459,134,28,0.15,62.3,2.8,227,2026-08-16 08:00:00,PT5M,71.231,100.0,86.5147,55.9473,42.1915
302,367,470,138,28,0.15,61.7,2.8,227,2026-08-16 08:05:00,PT5M,73.126,100.0,88.4684,57.7836,43.975
318,385,481,142,28,0.15,61.1,2.9,227,2026-08-16 08:10:00,PT5M,74.917,100.0,90.2983,59.5357,45.692
334,402,491,145,28,0.15,60.6,2.9,227,2026-08-16 08:15:00,PT5M,76.593,100.0,91.9891,61.1969,47.34
349,420,501,148,28,0.15,60.0,2.9,227,2026-08-16 08:20:00,PT5M,78.141,100.0,93.5552,62.7268,48.8535
365,437,511,151,29,0.15,59.5,3.0,227,2026-08-16 08:25:00,PT5M,79.556,100.0,94.9252,64.1868,50.354
381,454,520,154,29,0.15,58.9,3.0,226,2026-08-16 08:30:00,PT5M,80.825,100.0,96.1013,65.5487,51.7995
396,471,527,158,29,0.15,58.2,3.1,227,2026-08-16 08:35:00,PT5M,81.943,100.0,97.1088,66.7772,53.1275
411,487,532,161,29,0.15,57.3,3.1,227,2026-08-16 08:40:00,PT5M,82.836,100.0,97.8805,67.7915,54.251
426,502,537,165,29,0.15,56.4,3.1,227,2026-08-16 08:45:00,PT5M,83.675,100.0,98.5919,68.7581,55.3325
441,518,542,169,29,0.15,55.5,3.2,228,2026-08-16 08:50:00,PT5M,84.466,100.0,99.2515,69.6805,56.373
455,533,547,172,30,0.15,54.6,3.2,228,2026-08-16 08:55:00,PT5M,85.215,100.0,99.8687,70.5613,57.3725
469,548,551,176,30,0.15,53.8,3.2,229,2026-08-16 09:00:00,PT5M,85.927,100.0,100.0,71.4072,58.339
483,563,555,179,30,0.15,53.0,3.3,229,2026-08-16 09:05:00,PT5M,86.606,100.0,100.0,72.222,59.276
497,577,559,183,30,0.15,52.1,3.3,229,2026-08-16 09:10:00,PT5M,87.253,100.0,100.0,73.0061,60.1835
511,592,565,185,30,0.15,51.3,3.4,230,2026-08-16 09:15:00,PT5M,87.985,100.0,100.0,73.8923,61.2085
524,607,570,188,31,0.15,50.5,3.4,230,2026-08-16 09:20:00,PT5M,88.694,100.0,100.0,74.7569,62.213
538,621,575,190,31,0.15,49.7,3.4,230,2026-08-16 09:25:00,PT5M,89.374,100.0,100.0,75.6455,63.2895
551,635,580,192,31,0.15,49.0,3.5,231,2026-08-16 09:30:00,PT5M,90.025,100.0,100.0,76.5657,64.452
563,649,584,195,31,0.15,48.2,3.5,231,2026-08-16 09:35:00,PT5M,90.582,100.0,100.0,77.3433,65.428
575,661,587,198,31,0.15,47.4,3.5,231,2026-08-16 09:40:00,PT5M,91.05,100.0,100.0,77.9834,66.223
587,674,589,201,32,0.15,46.6,3.5,232,2026-08-16 09:45:00,PT5M,91.495,100.0,100.0,78.5939,66.9825
598,686,591,204,32,0.15,45.9,3.6,232,2026-08-16 09:50:00,PT5M,91.918,100.0,100.0,79.1761,67.708
609,697,593,207,32,0.15,45.1,3.6,233,2026-08-16 09:55:00,PT5M,92.283,100.0,100.0,79.6882,68.3525
620,708,594,210,32,0.15,44.4,3.6,233,2026-08-16 10:00:00,PT5M,92.606,100.0,100.0,80.1488,68.937
630,718,594,213,32,0.15,43.6,3.6,234,2026-08-16 10:05:00,PT5M,92.911,100.0,100.0,80.5851,69.4915
639,728,595,216,33,0.15,42.9,3.6,234,2026-08-16 10:10:00,PT5M,93.196,100.0,100.0,80.9925,70.009
649,738,595,219,33,0.15,42.2,3.7,234,2026-08-16 10:15:00,PT5M,93.461,100.0,100.0,81.373,70.4935
657,747,596,222,33,0.15,41.5,3.7,235,2026-08-16 10:20:00,PT5M,93.705,100.0,100.0,81.7257,70.944
666,756,596,225,33,0.15,40.9,3.7,235,2026-08-16 10:25:00,PT5M,93.929,100.0,100.0,82.0518,71.362
674,764,596,228,33,0.15,40.2,3.7,236,2026-08-16 10:30:00,PT5M,94.133,100.0,100.0,82.3514,71.7475
681,771,595,231,34,0.15,39.6,3.7,236,2026-08-16 10:35:00,PT5M,94.269,100.0,100.0,82.5923,72.083
688,778,593,235,34,0.15,39.2,3.7,236,2026-08-16 10:40:00,PT5M,94.344,100.0,100.0,82.7829,72.3775
694,784,591,238,34,0.15,38.8,3.7,236,2026-08-16 10:45:00,PT5M,94.4,100.0,100.0,82.9483,72.6415
700,790,589,241,34,0.15,38.4,3.7,236,2026-08-16 10:50:00,PT5M,94.436,100.0,100.0,83.0872,72.873
705,795,586,245,34,0.15,38.0,3.7,236,2026-08-16 10:55:00,PT5M,94.453,100.0,100.0,83.1998,73.0715
710,800,584,248,34,0.15,37.6,3.7,236,2026-08-16 11:00:00,PT5M,94.448,100.0,100.0,83.2816,73.2315
714,804,581,251,34,0.15,37.2,3.7,236,2026-08-16 11:05:00,PT5M,94.421,100.0,100.0,83.3312,73.35
718,808,579,254,34,0.15,36.8,3.7,236,2026-08-16 11:10:00,PT5M,94.364,100.0,100.0,83.3279,73.395
722,811,576,257,35,0.15,36.4,3.7,236,2026-08-16 11:15:00,PT5M,94.3,100.0,100.0,83.3249,73.447
725,814,573,260,35,0.15,36.0,3.7,236,2026-08-16 11:20:00,PT5M,94.223,100.0,100.0,83.3111,73.49
728,817,570,263,35,0.15,35.6,3.7,236,2026-08-16 11:25:00,PT5M,94.124,100.0,100.0,83.2642,73.49
730,819,567,265,35,0.15,35.3,3.7,236,2026-08-16 11:30:00,PT5M,94.002,100.0,100.0,83.1801,73.44
731,819,560,270,35,0.15,35.0,3.7,236,2026-08-16 11:35:00,PT5M,93.696,100.0,100.0,82.827,73.0445
729,816,550,276,35,0.15,34.9,3.6,236,2026-08-16 11:40:00,PT5M,93.207,100.0,100.0,82.2064,72.3055
728,813,540,282,35,0.15,34.7,3.6,236,2026-08-16 11:45:00,PT5M,92.701,100.0,100.0,81.563,71.5385
725,810,529,288,35,0.15,34.6,3.5,236,2026-08-16 11:50:00,PT5M,92.177,100.0,100.0,80.8948,70.7405
723,806,519,293,35,0.15,34.5,3.5,236,2026-08-16 11:55:00,PT5M,91.694,100.0,100.0,80.2602,69.9695
720,802,508,299,35,0.15,34.3,3.4,236,2026-08-16 12:00:00,PT5M,91.124,100.0,100.0,79.531,69.097
716,797,498,304,35,0.15,34.2,3.3,237,2026-08-16 12:05:00,PT5M,90.53,100.0,100.0,78.7702,68.186
712,792,487,309,35,0.15,34.0,3.3,237,2026-08-16 12:10:00,PT5M,89.911,100.0,100.0,77.9765,67.235
708,787,476,314,35,0.15,33.9,3.2,237,2026-08-16 12:15:00,PT5M,89.357,100.0,100.0,77.2398,66.334
703,780,466,319,35,0.15,33.8,3.1,237,2026-08-16 12:20:00,PT5M,88.797,100.0,100.0,76.489,65.4115
697,774,455,324,35,0.15,33.6,3.1,237,2026-08-16 12:25:00,PT5M,88.209,100.0,100.0,75.7489,64.5345
692,767,444,328,35,0.15,33.5,3.0,237,2026-08-16 12:30:00,PT5M,87.593,100.0,100.0,74.9277,63.5285
687,761,435,331,35,0.15,33.4,2.9,238,2026-08-16 12:35:00,PT5M,87.059,100.0,99.9246,74.1934,62.614
682,755,428,333,35,0.15,33.3,2.8,238,2026-08-16 12:40:00,PT5M,86.606,100.0,99.6671,73.5449,61.7895
677,749,422,335,35,0.15,33.2,2.7,239,2026-08-16 12:45:00,PT5M,86.127,100.0,99.3894,72.8646,60.928
671,742,414,337,35,0.15,33.1,2.5,240,2026-08-16 12:50:00,PT5M,85.621,100.0,99.0913,72.1507,60.027
665,735,407,339,35,0.15,33.0,2.4,240,2026-08-16 12:55:00,PT5M,85.087,100.0,98.7723,71.4017,59.0845
659,728,400,340,36,0.15,32.9,2.3,241,2026-08-16 13:00:00,PT5M,84.522,100.0,98.4294,70.6146,58.0975
652,721,393,341,36,0.15,32.8,2.2,242,2026-08-16 13:05:00,PT5M,83.918,100.0,98.0609,69.7751,57.046
645,713,386,342,36,0.15,32.7,2.0,243,2026-08-16 13:10:00,PT5M,83.293,100.0,97.6693,68.9167,55.9775
638,704,379,343,36,0.15,32.6,1.9,244,2026-08-16 13:15:00,PT5M,82.659,100.0,97.2564,68.0616,54.9235
631,696,372,343,36,0.15,32.5,1.8,246,2026-08-16 13:20:00,PT5M,81.992,100.0,96.8183,67.1657,53.8215
623,687,365,343,36,0.15,32.4,1.7,247,2026-08-16 13:25:00,PT5M,81.28,100.0,96.3492,66.2108,52.648
615,678,357,343,36,0.15,32.3,1.5,249,2026-08-16 13:30:00,PT5M,80.534,100.0,95.8514,65.2166,51.4305
606,668,350,343,36,0.15,32.4,1.4,252,2026-08-16 13:35:00,PT5M,79.714,100.0,95.2695,64.1585,50.158
596,657,342,343,36,0.15,32.5,1.2,255,2026-08-16 13:40:00,PT5M,78.765,100.0,94.5482,62.9818,48.7765
587,646,333,342,36,0.15,32.6,1.1,260,2026-08-16 13:45:00,PT5M,77.842,100.0,93.8544,61.8296,47.418
577,635,325,341,36,0.15,32.8,0.9,266,2026-08-16 13:50:00,PT5M,76.893,100.0,93.1362,60.6498,46.0305
567,624,317,340,36,0.15,32.9,0.8,274,2026-08-16 13:55:00,PT5M,75.919,100.0,92.3943,59.4437,44.6155
557,613,309,339,36,0.15,33.0,0.7,286,2026-08-16 14:00:00,PT5M,74.914,100.0,91.6235,58.2045,43.1655
546,601,302,337,36,0.15,33.2,0.6,300,2026-08-16 14:05:00,PT5M,73.879,100.0,90.8242,56.9338,41.6825
536,589,294,335,36,0.15,33.3,0.6,318,2026-08-16 14:10:00,PT5M,72.812,100.0,89.9951,55.6289,40.1635
525,577,286,333,36,0.15,33.4,0.6,335,2026-08-16 14:15:00,PT5M,71.715,100.0,89.1376,54.2924,38.6115
514,565,278,330,36,0.15,33.6,0.7,349,2026-08-16 14:20:00,PT5M,70.583,100.0,88.2482,52.9178,37.0185
503,552,270,327,36,0.15,33.7,0.8,0,2026-08-16 14:25:00,PT5M,69.42,100.0,87.3294,51.5106,35.3915
491,540,262,324,36,0.15,33.8,0.9,8,2026-08-16 14:30:00,PT5M,68.227,100.0,86.3812,50.0728,33.7335
479,526,252,322,35,0.15,34.2,1.1,13,2026-08-16 14:35:00,PT5M,66.837,100.0,85.2659,48.4081,31.8215
466,511,241,319,35,0.15,34.8,1.2,16,2026-08-16 14:40:00,PT5M,65.285,100.0,83.9681,46.6019,29.7865
453,496,229,316,35,0.15,35.4,1.2,18,2026-08-16 14:45:00,PT5M,63.697,99.535,82.5588,44.8352,27.859
440,481,218,313,35,0.15,36.0,1.3,20,2026-08-16 14:50:00,PT5M,62.075,98.235,81.1063,43.0437,25.915
427,466,207,310,35,0.15,36.6,1.4,22,2026-08-16 14:55:00,PT5M,60.433,96.8955,79.6235,41.2425,23.9705
413,451,196,306,35,0.15,37.3,1.5,23,2026-08-16 15:00:00,PT5M,58.747,95.4915,78.0859,39.4081,22.0025
400,436,185,302,35,0.15,37.9,1.6,25,2026-08-16 15:05:00,PT5M,57.027,94.032,76.503,37.551,20.022
387,421,174,297,34,0.15,38.6,1.7,26,2026-08-16 15:10:00,PT5M,55.274,92.5165,74.875,35.673,18.0315
374,407,164,292,34,0.15,39.3,1.8,27,2026-08-16 15:15:00,PT5M,53.539,90.988,73.2487,33.8293,16.09
361,392,155,287,34,0.15,39.9,1.9,28,2026-08-16 15:20:00,PT5M,51.803,89.4285,71.6056,32.0004,14.1775
348,378,145,281,34,0.15,40.6,2.0,29,2026-08-16 15:25:00,PT5M,50.035,87.811,69.9168,30.1532,12.259
336,364,136,275,34,0.15,41.3,2.1,30,2026-08-16 15:30:00,PT5M,48.234,86.1315,68.1797,28.2883,10.3365
324,351,130,269,34,0.15,42.0,2.2,31,2026-08-16 15:35:00,PT5M,46.84,84.7655,66.8005,26.8795,8.9145
315,341,129,261,33,0.15,42.6,2.2,32,2026-08-16 15:40:00,PT5M,45.849,83.656,65.7471,25.9509,8.042
305,331,127,254,33,0.15,43.2,2.3,33,2026-08-16 15:45:00,PT5M,44.82,82.5515,64.6784,24.9616,7.0885
294,320,125,246,33,0.15,43.8,2.3,34,2026-08-16 15:50:00,PT5M,43.753,81.3835,63.5582,23.9478,6.1225
284,309,123,239,33,0.15,44.4,2.3,35,2026-08-16 15:55:00,PT5M,42.636,80.1275,62.368,22.904,5.1445
273,298,121,231,33,0.15,45.0,2.3,36,2026-08-16 16:00:00,PT5M,41.502,78.7555,61.1088,21.8952,4.2485
263,286,118,223,33,0.15,45.7,2.4,37,2026-08-16 16:05:00,PT5M,40.313,77.2485,59.7524,20.8736,3.3775
252,275,116,215,32,0.15,46.3,2.4,38,2026-08-16 16:10:00,PT5M,39.063,75.6055,58.2956,19.8304,2.5205
241,263,112,207,32,0.15,47.0,2.4,39,2026-08-16 16:15:00,PT5M,37.753,73.837,56.7443,18.7617,1.669
230,252,109,199,32,0.15,47.7,2.5,40,2026-08-16 16:20:00,PT5M,36.383,71.953,55.1037,17.6623,0.813
219,240,106,191,32,0.15,48.3,2.5,41,2026-08-16 16:25:00,PT5M,34.957,69.9655,53.3822,16.5318,0.0
208,228,102,183,32,0.15,49.0,2.5,41,2026-08-16 16:30:00,PT5M,33.694,68.099,51.8016,15.5864,0.0
197,215,96,175,32,0.15,49.5,2.5,42,2026-08-16 16:35:00,PT5M,31.996,65.4445,49.6002,14.3918,0.0
185,203,90,167,32,0.15,49.8,2.4,43,2026-08-16 16:40:00,PT5M,29.92,61.158,46.3608,13.4792,0.0
174,190,83,158,32,0.15,50.2,2.2,44,2026-08-16 16:45:00,PT5M,27.784,56.9215,43.1193,12.4487,0.0
163,178,76,150,32,0.15,50.5,2.1,46,2026-08-16 16:50:00,PT5M,25.633,52.7145,39.8862,11.3798,0.0
151,165,68,142,31,0.15,50.8,2.0,47,2026-08-16 16:55:00,PT5M,23.486,48.517,36.66,10.312,0.0
140,152,60,133,31,0.15,51.1,1.8,49,2026-08-16 17:00:00,PT5M,21.348,44.3305,33.4439,9.2521,0.0
129,140,52,124,31,0.15,51.5,1.7,51,2026-08-16 17:05:00,PT5M,19.211,40.1575,30.2353,8.1867,0.0
118,128,43,116,31,0.15,51.8,1.6,53,2026-08-16 17:10:00,PT5M,17.113,36.044,27.0765,7.1495,0.0
108,116,33,107,31,0.15,52.1,1.5,55,2026-08-16 17:15:00,PT5M,15.075,32.028,23.9975,6.1525,0.0
97,103,20,98,31,0.15,52.4,1.3,58,2026-08-16 17:20:00,PT5M,13.003,28.0585,20.9268,5.0792,0.0
87,91,7,89,31,0.15,52.8,1.2,62,2026-08-16 17:25:00,PT5M,10.973,24.188,17.9281,4.0179,0.0
76,79,0,79,31,0.15,53.1,1.1,66,2026-08-16 17:30:00,PT5M,9.226,20.694,15.2617,3.1903,0.0
65,67,0,67,31,0.15,53.5,1.0,71,2026-08-16 17:35:00,PT5M,7.762,17.5325,12.9043,2.6197,0.0
54,56,0,56,31,0.15,53.8,0.9,79,2026-08-16 17:40:00,PT5M,6.415,14.5065,10.6736,2.1564,0.0
44,45,0,45,31,0.15,54.2,0.8,88,2026-08-16 17:45:00,PT5M,5.116,11.5495,8.502,1.73,0.0
34,36,0,36,31,0.15,54.5,0.7,100,2026-08-16 17:50:00,PT5M,3.856,8.7255,6.4189,1.2931,0.0
26,27,0,27,30,0.15,54.9,0.7,114,2026-08-16 17:55:00,PT5M,2.795,6.288,4.6334,0.9566,0.0
19,19,0,19,30,0.15,55.3,0.7,128,2026-08-16 18:00:00,PT5M,1.854,4.0435,3.0063,0.7017,0.0
12,13,0,13,30,0.15,55.6,0.7,141,2026-08-16 18:05:00,PT5M,0.993,2.1805,1.618,0.368,0.0
7,7,0,7,30,0.15,56.0,0.8,153,2026-08-16 18:10:00,PT5M,0.223,0.678,0.4625,0.0,0.0
2,2,0,2,30,0.15,56.4,0.9,162,2026-08-16 18:15:00,PT5M,0.0,0.0,0.0,0.0,0.0
0,0,0,0,30,0.15,56.8,1.0,169,2026-08-16 18:20:00,PT5M,0.0,0.0,0.0,0.0,0.0
0,0,0,0,30,0.15,57.1,1.2,174,2026-08-16 18:25:00,PT5M,0.0,0.0,0.0,0.0,0.0
0,0,0,0,30,0.15,57.5,1.3,178,2026-08-16 18:30:00,PT5M,0.0,0.0,0.0,0.0,0.0
0,0,0,0,29,0.15,57.8,1.4,182,2026-08-16 18:35:00,PT5M,0.0,0.0,0.0,0.0,0.0
0,0,0,0,29,0.15,57.9,1.5,186,2026-08-16 18:40:00,PT5M,0.0,0.0,0.0,0.0,0.0
0,0,0,0,29,0.15,58.1,1.5,190,2026-08-16 18:45:00,PT5M,0.0,0.0,0.0,0.0,0.0
0,0,0,0,29,0.15,58.2,1.6,194,2026-08-16 18:50:00,PT5M,0.0,0.0,0.0,0.0,0.0
0,0,0,0,29,0.15,58.3,1.7,197,2026-08-16 18:55:00,PT5M,0.0,0.0,0.0,0.0,0.0
0,0,0,0,29,0.15,58.5,1.8,200,2026-08-16 19:00:00,PT5M,0.0,0.0,0.0,0.0,0.0
0,0,0,0,29,0.15,58.6,1.9,202,2026-08-16 19:05:00,PT5M,0.0,0.0,0.0,0.0,0.0
0,0,0,0,29,0.15,58.7,2.0,205,2026-08-16 19:10:00,PT5M,0.0,0.0,0.0,0.0,0.0
0,0,0,0,29,0.15,58.9,2.0,207,2026-08-16 19:15:00,PT5M,0.0,0.0,0.0,0.0,0.0
0,0,0,0,29,0.15,59.0,2.1,209,2026-08-16 19:20:00,PT5M,0.0,0.0,0.0,0.0,0.0
0,0,0,0,29,0.15,59.1,2.2,211,2026-08-16 19:25:00,PT5M,0.0,0.0,0.0,0.0,0.0
0,0,0,0,29,0.15,59.3,2.3,212,2026-08-16 19:30:00,PT5M,0.0,0.0,0.0,0.0,0.0
0,0,0,0,29,0.15,59.5,2.4,214,2026-08-16 19:35:00,PT5M,0.0,0.0,0.0,0.0,0.0
0,0,0,0,29,0.15,59.7,2.4,215,2026-08-16 19:40:00,PT5M,0.0,0.0,0.0,0.0,0.0
0,0,0,0,29,0.15,60.0,2.4,217,2026-08-16 19:45:00,PT5M,0.0,0.0,0.0,0.0,0.0
0,0,0,0,28,0.15,60.3,2.4,218,2026-08-16 19:50:00,PT5M,0.0,0.0,0.0,0.0,0.0
0,0,0,0,28,0.15,60.5,2.4,219,2026-08-16 19:55:00,PT5M,0.0,0.0,0.0,0.0,0.0
0,0,0,0,28,0.15,60.8,2.4,221,2026-08-16 20:00:00,PT5M,0.0,0.0,0.0,0.0,0.0
0,0,0,0,28,0.15,61.1,2.4,222,2026-08-16 20:05:00,PT5M,0.0,0.0,0.0,0.0,0.0
0,0,0,0,28,0.15,61.4,2.4,224,2026-08-16 20:10:00,PT5M,0.0,0.0,0.0,0.0,0.0
0,0,0,0,28,0.15,61.6,2.4,225,2026-08-16 20:15:00,PT5M,0.0,0.0,0.0,0.0,0.0
0,0,0,0,28,0.15,61.9,2.4,227,2026-08-16 20:20:00,PT5M,0.0,0.0,0.0,0.0,0.0
0,0,0,0,28,0.15,62.2,2.5,228,2026-08-16 20:25:00,PT5M,0.0,0.0,0.0,0.0,0.0
0,0,0,0,28,0.15,62.5,2.5,229,2026-08-16 20:30:00,PT5M,0.0,0.0,0.0,0.0,0.0
0,0,0,0,28,0.15,62.8,2.5,230,2026-08-16 20:35:00,PT5M,0.0,0.0,0.0,0.0,0.0
0,0,0,0,28,0.15,63.1,2.5,230,2026-08-16 20:40:00,PT5M,0.0,0.0,0.0,0.0,0.0
0,0,0,0,28,0.15,63.4,2.5,230,2026-08-16 20:45:00,PT5M,0.0,0.0,0.0,0.0,0.0
0,0,0,0,28,0.15,63.7,2.5,229,2026-08-16 20:50:00,PT5M,0.0,0.0,0.0,0.0,0.0
0,0,0,0,28,0.15,64.0,2.5,229,2026-08-16 20:55:00,PT5M,0.0,0.0,0.0,0.0,0.0
0,0,0,0,28,0.15,64.3,2.5,229,2026-08-16 21:00:00,PT5M,0.0,0.0,0.0,0.0,0.0
0,0,0,0,28,0.15,64.6,2.5,229,2026-08-16 21:05:00,PT5M,0.0,0.0,0.0,0.0,0.0
0,0,0,0,28,0.15,65.0,2.5,229,2026-08-16 21:10:00,PT5M,0.0,0.0,0.0,0.0,0.0
0,0,0,0,27,0.15,65.3,2.5,229,2026-08-16 21:15:00,PT5M,0.0,0.0,0.0,0.0,0.0
0,0,0,0,27,0.15,65.6,2.5,229,2026-08-16 21:20:00,PT5M,0.0,0.0,0.0,0.0,0.0
0,0,0,0,27,0.15,65.9,2.5,228,2026-08-16 21:25:00,PT5M,0.0,0.0,0.0,0.0,0.0
0,0,0,0,27,0.15,66.3,2.5,228,2026-08-16 21:30:00,PT5M,0.0,0.0,0.0,0.0,0.0
0,0,0,0,27,0.15,66.5,2.5,228,2026-08-16 21:35:00,PT5M,0.0,0.0,0.0,0.0,0.0
0,0,0,0,27,0.15,66.6,2.5,229,2026-08-16 21:40:00,PT5M,0.0,0.0,0.0,0.0,0.0
0,0,0,0,27,0.15,66.7,2.5,229,2026-08-16 21:45:00,PT5M,0.0,0.0,0.0,0.0,0.0
0,0,0,0,27,0.15,66.8,2.5,229,2026-08-16 21:50:00,PT5M,0.0,0.0,0.0,0.0,0.0
0,0,0,0,27,0.15,66.9,2.5,229,2026-08-16 21:55:00,PT5M,0.0,0.0,0.0,0.0,0.0
0,0,0,0,27,0.15,67.0,2.5,230,2026-08-16 22:00:00,PT5M,0.0,0.0,0.0,0.0,0.0
0,0,0,0,27,0.15,67.1,2.5,230,2026-08-16 22:05:00,PT5M,0.0,0.0,0.0,0.0,0.0
0,0,0,0,27,0.15,67.2,2.5,230,2026-08-16 22:10:00,PT5M,0.0,0.0,0.0,0.0,0.0
0,0,0,0,27,0.15,67.3,2.5,231,2026-08-16 22:15:00,PT5M,0.0,0.0,0.0,0.0,0.0
0,0,0,0,27,0.15,67.4,2.4,231,2026-08-16 22:20:00,PT5M,0.0,0.0,0.0,0.0,0.0
0,0,0,0,27,0.15,67.5,2.4,231,2026-08-16 22:25:00,PT5M,0.0,0.0,0.0,0.0,0.0
0,0,0,0,27,0.15,67.6,2.4,232,2026-08-16 22:30:00,PT5M,0.0,0.0,0.0,0.0,0.0
0,0,0,0,27,0.15,67.6,2.4,232,2026-08-16 22:35:00,PT5M,0.0,0.0,0.0,0.0,0.0
0,0,0,0,27,0.15,67.6,2.4,231,2026-08-16 22:40:00,PT5M,0.0,0.0,0.0,0.0,0.0
0,0,0,0,27,0.15,67.7,2.4,231,2026-08-16 22:45:00,PT5M,0.0,0.0,0.0,0.0,0.0
0,0,0,0,27,0.15,67.7,2.4,230,2026-08-16 22:50:00,PT5M,0.0,0.0,0.0,0.0,0.0
0,0,0,0,27,0.15,67.7,2.4,230,2026-08-16 22:55:00,PT5M,0.0,0.0,0.0,0.0,0.0
0,0,0,0,27,0.15,67.8,2.4,229,2026-08-16 23:00:00,PT5M,0.0,0.0,0.0,0.0,0.0
0,0,0,0,27,0.15,67.8,2.4,229,2026-08-16 23:05:00,PT5M,0.0,0.0,0.0,0.0,0.0
0,0,0,0,27,0.15,67.8,2.4,229,2026-08-16 23:10:00,PT5M,0.0,0.0,0.0,0.0,0.0
0,0,0,0,27,0.15,67.9,2.4,228,2026-08-16 23:15:00,PT5M,0.0,0.0,0.0,0.0,0.0
0,0,0,0,27,0.15,67.9,2.4,228,2026-08-16 23:20:00,PT5M,0.0,0.0,0.0,0.0,0.0
0,0,0,0,27,0.15,67.9,2.3,227,2026-08-16 23:25:00,PT5M,0.0,0.0,0.0,0.0,0.0
0,0,0,0,27,0.15,67.9,2.3,227,2026-08-16 23:30:00,PT5M,0.0,0.0,0.0,0.0,0.0
0,0,0,0,27,0.15,68.0,2.3,227,2026-08-16 23:35:00,PT5M,0.0,0.0,0.0,0.0,0.0
0,0,0,0,27,0.15,68.2,2.3,227,2026-08-16 23:40:00,PT5M,0.0,0.0,0.0,0.0,0.0
0,0,0,0,27,0.15,68.3,2.3,226,2026-08-16 23:45:00,PT5M,0.0,0.0,0.0,0.0,0.0
0,0,0,0,27,0.15,68.4,2.3,226,2026-08-16 23:50:00,PT5M,0.0,0.0,0.0,0.0,0.0
0,0,0,0,26,0.15,68.6,2.3,226,2026-08-16 23:55:00,PT5M,0.0,0.0,0.0,0.0,0.0
0,0,0,0,26,0.15,68.7,2.2,226,2026-08-17 00:00:00,PT5M,0.0,0.0,0.0,0.0,0.0
0,0,0,0,26,0.15,68.8,2.2,226,2026-08-17 00:05:00,PT5M,0.0,0.0,0.0,0.0,0.0
0,0,0,0,26,0.15,69.0,2.2,226,2026-08-17 00:10:00,PT5M,0.0,0.0,0.0,0.0,0.0
0,0,0,0,26,0.15,69.1,2.2,226,2026-08-17 00:15:00,PT5M,0.0,0.0,0.0,0.0,0.0
0,0,0,0,26,0.15,69.2,2.2,225,2026-08-17 00:20:00,PT5M,0.0,0.0,0.0,0.0,0.0
0,0,0,0,26,0.15,69.4,2.1,225,2026-08-17 00:25:00,PT5M,0.0,0.0,0.0,0.0,0.0
0,0,0,0,26,0.15,69.5,2.1,225,2026-08-17 00:30:00,PT5M,0.0,0.0,0.0,0.0,0.0
0,0,0,0,26,0.15,69.6,2.1,225,2026-08-17 00:35:00,PT5M,0.0,0.0,0.0,0.0,0.0
0,0,0,0,26,0.15,69.6,2.1,224,2026-08-17 00:40:00,PT5M,0.0,0.0,0.0,0.0,0.0
0,0,0,0,26,0.15,69.6,2.0,224,2026-08-17 00:45:00,PT5M,0.0,0.0,0.0,0.0,0.0
0,0,0,0,26,0.15,69.7,2.0,223,2026-08-17 00:50:00,PT5M,0.0,0.0,0.0,0.0,0.0
0,0,0,0,26,0.15,69.7,2.0,223,2026-08-17 00:55:00,PT5M,0.0,0.0,0.0,0.0,0.0
0,0,0,0,26,0.15,69.7,2.0,222,2026-08-17 01:00:00,PT5M,0.0,0.0,0.0,0.0,0.0
0,0,0,0,26,0.15,69.8,1.9,222,2026-08-17 01:05:00,PT5M,0.0,0.0,0.0,0.0,0.0
0,0,0,0,26,0.15,69.8,1.9,221,2026-08-17 01:10:00,PT5M,0.0,0.0,0.0,0.0,0.0
0,0,0,0,26,0.15,69.8,1.9,220,2026-08-17 01:15:00,PT5M,0.0,0.0,0.0,0.0,0.0
0,0,0,0,26,0.15,69.9,1.8,220,2026-08-17 01:20:00,PT5M,0.0,0.0,0.0,0.0,0.0
0,0,0,0,26,0.15,69.9,1.8,219,2026-08-17 01:25:00,PT5M,0.0,0.0,0.0,0.0,0.0
0,0,0,0,26,0.15,69.9,1.8,218,2026-08-17 01:30:00,PT5M,0.0,0.0,0.0,0.0,0.0
0,0,0,0,26,0.15,70.0,1.8,218,2026-08-17 01:35:00,PT5M,0.0,0.0,0.0,0.0,0.0
0,0,0,0,26,0.15,70.0,1.8,218,2026-08-17 01:40:00,PT5M,0.0,0.0,0.0,0.0,0.0
0,0,0,0,26,0.15,70.0,1.8,218,2026-08-17 01:45:00,PT5M,0.0,0.0,0.0,0.0,0.0
0,0,0,0,26,0.15,70.1,1.8,218,2026-08-17 01:50:00,PT5M,0.0,0.0,0.0,0.0,0.0
0,0,0,0,26,0.15,70.1,1.8,218,2026-08-17 01:55:00,PT5M,0.0,0.0,0.0,0.0,0.0
0,0,0,0,26,0.15,70.1,1.8,218,2026-08-17 02:00:00,PT5M,0.0,0.0,0.0,0.0,0.0
0,0,0,0,26,0.15,70.2,1.8,218,2026-08-17 02:05:00,PT5M,0.0,0.0,0.0,0.0,0.0
0,0,0,0,26,0.15,70.2,1.8,218,2026-08-17 02:10:00,PT5M,0.0,0.0,0.0,0.0,0.0
0,0,0,0,26,0.15,70.2,1.8,218,2026-08-17 02:15:00,PT5M,0.0,0.0,0.0,0.0,0.0
0,0,0,0,26,0.15,70.3,1.8,218,2026-08-17 02:20:00,PT5M,0.0,0.0,0.0,0.0,0.0
0,0,0,0,26,0.15,70.3,1.8,218,2026-08-17 02:25:00,PT5M,0.0,0.0,0.0,0.0,0.0
0,0,0,0,26,0.15,70.3,1.8,218,2026-08-17 02:30:00,PT5M,0.0,0.0,0.0,0.0,0.0
0,0,0,0,26,0.15,70.3,1.8,218,2026-08-17 02:35:00,PT5M,0.0,0.0,0.0,0.0,0.0
0,0,0,0,26,0.15,70.3,1.8,219,2026-08-17 02:40:00,PT5M,0.0,0.0,0.0,0.0,0.0
0,0,0,0,26,0.15,70.3,1.8,219,2026-08-17 02:45:00,PT5M,0.0,0.0,0.0,0.0,0.0
0,0,0,0,26,0.15,70.3,1.9,220,2026-08-17 02:50:00,PT5M,0.0,0.0,0.0,0.0,0.0
0,0,0,0,26,0.15,70.3,1.9,220,2026-08-17 02:55:00,PT5M,0.0,0.0,0.0,0.0,0.0
0,0,0,0,26,0.15,70.3,1.9,221,2026-08-17 03:00:00,PT5M,0.0,0.0,0.0,0.0,0.0
0,0,0,0,26,0.15,70.3,1.9,221,2026-08-17 03:05:00,PT5M,0.0,0.0,0.0,0.0,0.0
0,0,0,0,26,0.15,70.3,1.9,221,2026-08-17 03:10:00,PT5M,0.0,0.0,0.0,0.0,0.0
0,0,0,0,26,0.15,70.3,2.0,222,2026-08-17 03:15:00,PT5M,0.0,0.0,0.0,0.0,0.0
0,0,0,0,26,0.15,70.3,2.0,222,2026-08-17 03:20:00,PT5M,0.0,0.0,0.0,0.0,0.0
0,0,0,0,26,0.15,70.3,2.0,222,2026-08-17 03:25:00,PT5M,0.0,0.0,0.0,0.0,0.0
0,0,0,0,26,0.15,70.3,2.0,223,2026-08-17 03:30:00,PT5M,0.0,0.0,0.0,0.0,0.0
0,0,0,0,26,0.15,70.3,2.1,224,2026-08-17 03:35:00,PT5M,0.0,0.0,0.0,0.0,0.0
0,0,0,0,26,0.15,70.4,2.1,225,2026-08-17 03:40:00,PT5M,0.0,0.0,0.0,0.0,0.0
0,0,0,0,26,0.15,70.4,2.1,225,2026-08-17 03:45:00,PT5M,0.0,0.0,0.0,0.0,0.0
0,0,0,0,26,0.15,70.4,2.1,226,2026-08-17 03:50:00,PT5M,0.0,0.0,0.0,0.0,0.0
0,0,0,0,26,0.15,70.5,2.2,227,2026-08-17 03:55:00,PT5M,0.0,0.0,0.0,0.0,0.0
0,0,0,0,26,0.15,70.5,2.2,228,2026-08-17 04:00:00,PT5M,0.0,0.0,0.0,0.0,0.0
0,0,0,0,25,0.15,70.5,2.2,229,2026-08-17 04:05:00,PT5M,0.0,0.0,0.0,0.0,0.0
0,0,0,0,25,0.15,70.6,2.2,230,2026-08-17 04:10:00,PT5M,0.0,0.0,0.0,0.0,0.0
0,0,0,0,25,0.15,70.6,2.3,231,2026-08-17 04:15:00,PT5M,0.0,0.0,0.0,0.0,0.0
0,0,0,0,25,0.15,70.7,2.3,232,2026-08-17 04:20:00,PT5M,0.0,0.0,0.0,0.0,0.0
0,0,0,0,25,0.15,70.7,2.3,232,2026-08-17 04:25:00,PT5M,0.0,0.0,0.0,0.0,0.0
0,0,0,0,25,0.15,70.7,2.3,233,2026-08-17 04:30:00,PT5M,0.0,0.0,0.0,0.0,0.0
0,0,0,0,25,0.15,70.8,2.4,234,2026-08-17 04:35:00,PT5M,0.0,0.0,0.0,0.0,0.0
0,0,0,0,25,0.15,70.9,2.3,234,2026-08-17 04:40:00,PT5M,0.0,0.0,0.0,0.0,0.0
0,0,0,0,25,0.15,71.0,2.3,234,2026-08-17 04:45:00,PT5M,0.0,0.0,0.0,0.0,0.0
0,0,0,0,25,0.15,71.1,2.3,235,2026-08-17 04:50:00,PT5M,0.0,0.0,0.0,0.0,0.0
0,0,0,0,25,0.15,71.2,2.3,235,2026-08-17 04:55:00,PT5M,0.0,0.0,0.0,0.0,0.0
0,0,0,0,25,0.15,71.3,2.3,235,2026-08-17 05:00:00,PT5M,0.0,0.0,0.0,0.0,0.0
0,0,0,0,25,0.15,71.4,2.3,236,2026-08-17 05:05:00,PT5M,0.0,0.0,0.0,0.0,0.0
0,0,0,0,25,0.15,71.5,2.3,236,2026-08-17 05:10:00,PT5M,0.0,0.0,0.0,0.0,0.0
0,0,0,0,25,0.15,71.6,2.3,236,2026-08-17 05:15:00,PT5M,0.0,0.0,0.0,0.0,0.0
0,0,0,0,25,0.15,71.7,2.3,237,2026-08-17 05:20:00,PT5M,0.0,0.0,0.0,0.0,0.0
0,0,0,0,25,0.15,71.9,2.3,237,2026-08-17 05:25:00,PT5M,0.0,0.0,0.0,0.0,0.0
0,0,0,0,25,0.15,72.0,2.3,238,2026-08-17 05:30:00,PT5M,0.0,0.0,0.0,0.0,0.0
0,0,0,0,25,0.15,72.0,2.2,237,2026-08-17 05:35:00,PT5M,0.0,0.0,0.0,0.0,0.0
0,0,0,0,25,0.15,71.9,2.3,237,2026-08-17 05:40:00,PT5M,0.0,0.0,0.0,0.0,0.0
0,0,0,0,25,0.15,71.8,2.3,237,2026-08-17 05:45:00,PT5M,0.0,0.0,0.0,0.0,0.0
0,0,0,0,25,0.15,71.8,2.3,236,2026-08-17 05:50:00,PT5M,0.0,0.0,0.0,0.0,0.0
0,0,0,0,25,0.15,71.7,2.3,236,2026-08-17 05:55:00,PT5M,0.0,0.0,0.0,0.0,0.0
0,0,0,0,25,0.15,71.6,2.3,235,2026-08-17 06:00:00,PT5M,0.0,0.0,0.0,0.0,0.0
1,1,0,1,25,0.15,71.6,2.3,235,2026-08-17 06:05:00,PT5M,0.0,0.0,0.0,0.0,0.0
8,8,0,8,25,0.15,71.5,2.3,234,2026-08-17 06:10:00,PT5M,0.374,0.59,0.4877,0.2603,0.158
16,17,5,16,25,0.15,71.4,2.3,234,2026-08-17 06:15:00,PT5M,1.57,2.144,1.8721,1.2679,0.996
22,27,35,24,25,0.15,71.4,2.3,233,2026-08-17 06:20:00,PT5M,3.066,4.2475,3.6878,2.4442,1.8845
28,38,83,31,25,0.15,71.3,2.3,233,2026-08-17 06:25:00,PT5M,5.309,7.6275,6.5292,4.0888,2.9905
35,51,119,38,25,0.15,71.2,2.3,232,2026-08-17 06:30:00,PT5M,7.811,11.2865,9.6402,5.9818,4.3355
44,65,153,45,26,0.15,70.8,2.3,232,2026-08-17 06:35:00,PT5M,10.81,15.6445,13.3544,8.2656,5.9755
55,80,192,51,26,0.15,70.2,2.4,232,2026-08-17 06:40:00,PT5M,14.314,20.6455,17.6463,10.9817,7.9825
66,96,229,57,26,0.15,69.5,2.4,232,2026-08-17 06:45:00,PT5M,18.13,26.0585,22.3028,13.9572,10.2015
78,113,265,62,26,0.15,68.9,2.5,232,2026-08-17 06:50:00,PT5M,22.056,31.5275,27.0409,17.0711,12.5845
91,130,300,66,26,0.15,68.2,2.6,233,2026-08-17 06:55:00,PT5M,26.169,37.1425,31.9444,20.3936,15.1955
105,148,333,71,26,0.15,67.6,2.6,233,2026-08-17 07:00:00,PT5M,30.408,42.952,37.01,23.806,17.864
120,167,366,74,26,0.15,67.0,2.7,233,2026-08-17 07:05:00,PT5M,34.926,49.1195,42.3961,27.4559,20.7325
135,185,389,78,27,0.15,66.3,2.7,233,2026-08-17 07:10:00,PT5M,39.294,55.2365,47.6847,30.9033,23.3515
150,203,409,83,27,0.15,65.7,2.8,233,2026-08-17 07:15:00,PT5M,43.624,61.373,52.9654,34.2826,25.875
166,221,427,87,27,0.15,65.1,2.9,233,2026-08-17 07:20:00,PT5M,48.0,67.585,58.3077,37.6923,28.415
182,239,443,91,27,0.15,64.5,2.9,233,2026-08-17 07:25:00,PT5M,52.388,73.7545,63.6333,41.1427,31.0215
198,257,459,95,27,0.15,63.9,3.0,233,2026-08-17 07:30:00,PT5M,56.766,79.86,68.9205,44.6115,33.672
214,276,473,99,27,0.15,63.1,3.0,233,2026-08-17 07:35:00,PT5M,61.111,85.9725,74.1958,48.0262,36.2495
230,294,485,103,28,0.15,62.1,3.0,234,2026-08-17 07:40:00,PT5M,65.433,92.128,79.4828,51.3832,38.738
247,312,497,107,28,0.15,61.1,3.1,235,2026-08-17 07:45:00,PT5M,69.876,98.496,84.9389,54.8131,41.256
263,330,508,110,28,0.15,60.1,3.1,235,2026-08-17 07:50:00,PT5M,73.083,100.0,88.7996,57.3664,43.221
280,348,520,114,28,0.15,59.1,3.1,236,2026-08-17 07:55:00,PT5M,74.967,100.0,90.8731,59.0609,44.745
296,366,530,117,28,0.15,58.2,3.2,236,2026-08-17 08:00:00,PT5M,76.766,100.0,92.8507,60.6813,46.2045
313,384,540,120,29,0.15,57.2,3.2,237,2026-08-17 08:05:00,PT5M,78.472,100.0,94.7215,62.2225,47.5975
329,402,549,123,29,0.15,56.3,3.2,237,2026-08-17 08:10:00,PT5M,80.072,100.0,96.5012,63.6428,48.856
345,420,558,127,29,0.15,55.4,3.3,238,2026-08-17 08:15:00,PT5M,81.549,100.0,98.1003,64.9977,50.101
362,437,567,130,29,0.15,54.5,3.3,238,2026-08-17 08:20:00,PT5M,82.892,100.0,99.5359,66.2481,51.268
378,455,575,132,30,0.15,53.6,3.3,239,2026-08-17 08:25:00,PT5M,84.095,100.0,100.0,67.39,52.355
394,472,582,135,30,0.15,52.8,3.3,239,2026-08-17 08:30:00,PT5M,85.142,100.0,100.0,68.4252,53.3795
409,488,587,139,30,0.15,51.9,3.3,239,2026-08-17 08:35:00,PT5M,85.98,100.0,100.0,69.2824,54.254
424,504,591,143,30,0.15,50.9,3.3,239,2026-08-17 08:40:00,PT5M,86.662,100.0,100.0,70.007,55.017
439,520,594,147,30,0.15,50.0,3.3,239,2026-08-17 08:45:00,PT5M,87.294,100.0,100.0,70.689,55.744
454,535,597,150,31,0.15,49.1,3.2,238,2026-08-17 08:50:00,PT5M,87.882,100.0,100.0,71.3304,56.4335
468,550,599,154,31,0.15,48.3,3.2,238,2026-08-17 08:55:00,PT5M,88.432,100.0,100.0,71.9346,57.0865
482,565,601,158,31,0.15,47.4,3.2,238,2026-08-17 09:00:00,PT5M,88.95,100.0,100.0,72.509,57.7115
496,579,603,162,31,0.15,46.5,3.1,237,2026-08-17 09:05:00,PT5M,89.438,100.0,100.0,73.0556,58.311
510,594,605,166,31,0.15,45.7,3.1,237,2026-08-17 09:10:00,PT5M,89.899,100.0,100.0,73.5764,58.8855
523,608,609,169,32,0.15,44.9,3.1,236,2026-08-17 09:15:00,PT5M,90.457,100.0,100.0,74.2094,59.586
537,622,612,172,32,0.15,44.1,3.0,236,2026-08-17 09:20:00,PT5M,90.989,100.0,100.0,74.8166,60.261
550,636,615,175,32,0.15,43.3,3.0,235,2026-08-17 09:25:00,PT5M,91.494,100.0,100.0,75.5006,61.106
563,650,618,177,32,0.15,42.5,3.0,235,2026-08-17 09:30:00,PT5M,91.974,100.0,100.0,76.1658,61.938
576,663,622,180,33,0.15,41.8,2.9,235,2026-08-17 09:35:00,PT5M,92.51,100.0,100.0,76.8705,62.7945
589,677,627,181,33,0.15,41.2,2.9,235,2026-08-17 09:40:00,PT5M,93.102,100.0,100.0,77.6144,63.675
601,691,633,182,33,0.15,40.5,2.9,235,2026-08-17 09:45:00,PT5M,93.668,100.0,100.0,78.3256,64.517
614,704,638,184,33,0.15,39.9,2.9,235,2026-08-17 09:50:00,PT5M,94.209,100.0,100.0,79.0048,65.3205
625,716,642,185,33,0.15,39.3,2.9,235,2026-08-17 09:55:00,PT5M,94.685,100.0,100.0,79.6076,66.0375
637,728,646,187,34,0.15,38.7,2.9,235,2026-08-17 10:00:00,PT5M,95.121,100.0,100.0,80.1615,66.6975
648,740,649,188,34,0.15,38.1,2.9,235,2026-08-17 10:05:00,PT5M,95.537,100.0,100.0,80.6886,67.3245
659,751,653,189,34,0.15,37.5,2.9,235,2026-08-17 10:10:00,PT5M,95.932,100.0,100.0,81.1849,67.912
669,762,656,191,34,0.15,36.9,2.8,235,2026-08-17 10:15:00,PT5M,96.305,100.0,100.0,81.6521,68.464
679,773,659,192,34,0.15,36.4,2.8,235,2026-08-17 10:20:00,PT5M,96.656,100.0,100.0,82.0902,68.9805
688,783,662,193,34,0.15,35.8,2.8,235,2026-08-17 10:25:00,PT5M,96.985,100.0,100.0,82.4994,69.462
698,793,665,194,35,0.15,35.3,2.8,235,2026-08-17 10:30:00,PT5M,97.293,100.0,100.0,82.8809,69.9095
706,801,666,196,35,0.15,34.9,2.8,235,2026-08-17 10:35:00,PT5M,97.519,100.0,100.0,83.174,70.263
713,809,666,198,35,0.15,34.6,2.8,235,2026-08-17 10:40:00,PT5M,97.668,100.0,100.0,83.3843,70.5285
721,816,666,201,35,0.15,34.3,2.8,235,2026-08-17 10:45:00,PT5M,97.797,100.0,100.0,83.5688,70.763
727,823,665,203,35,0.15,34.0,2.8,235,2026-08-17 10:50:00,PT5M,97.908,100.0,100.0,83.7295,70.9685
733,830,665,205,35,0.15,33.7,2.7,235,2026-08-17 10:55:00,PT5M,97.999,100.0,100.0,83.8634,71.141
739,836,664,207,35,0.15,33.4,2.7,235,2026-08-17 11:00:00,PT5M,98.07,100.0,100.0,83.9687,71.277
745,841,663,209,36,0.15,33.1,2.7,235,2026-08-17 11:05:00,PT5M,98.119,100.0,100.0,84.0405,71.3695
750,846,662,211,36,0.15,32.8,2.7,236,2026-08-17 11:10:00,PT5M,98.145,100.0,100.0,84.0658,71.394
754,851,661,213,36,0.15,32.6,2.7,236,2026-08-17 11:15:00,PT5M,98.159,100.0,100.0,84.0905,71.4285
758,855,660,215,36,0.15,32.3,2.7,236,2026-08-17 11:20:00,PT5M,98.16,100.0,100.0,84.1052,71.4555
762,858,659,217,36,0.15,32.0,2.7,236,2026-08-17 11:25:00,PT5M,98.14,100.0,100.0,84.0868,71.4385
765,861,658,219,36,0.15,31.7,2.7,236,2026-08-17 11:30:00,PT5M,98.1,100.0,100.0,84.0331,71.3725
767,863,654,222,36,0.15,31.5,2.7,236,2026-08-17 11:35:00,PT5M,97.937,100.0,100.0,83.8501,71.1715
767,863,648,226,36,0.15,31.4,2.6,237,2026-08-17 11:40:00,PT5M,97.649,100.0,100.0,83.5353,70.8325
767,862,641,230,36,0.15,31.3,2.6,238,2026-08-17 11:45:00,PT5M,97.344,100.0,100.0,83.1974,70.465
767,861,635,234,37,0.15,31.2,2.6,239,2026-08-17 11:50:00,PT5M,97.02,100.0,100.0,82.8329,70.064
766,860,629,237,37,0.15,31.0,2.6,240,2026-08-17 11:55:00,PT5M,96.676,100.0,100.0,82.4407,69.6285
764,858,622,241,37,0.15,30.9,2.6,240,2026-08-17 12:00:00,PT5M,96.31,100.0,100.0,82.0192,69.157
762,855,615,245,37,0.15,30.8,2.6,241,2026-08-17 12:05:00,PT5M,95.921,100.0,100.0,81.567,68.648
760,852,608,248,37,0.15,30.7,2.6,242,2026-08-17 12:10:00,PT5M,95.51,100.0,100.0,81.0852,68.1025
757,848,601,252,37,0.15,30.5,2.5,243,2026-08-17 12:15:00,PT5M,95.166,100.0,100.0,80.6628,67.6095
754,844,594,255,37,0.15,30.4,2.5,244,2026-08-17 12:20:00,PT5M,94.81,100.0,100.0,80.221,67.0905
750,839,586,259,37,0.15,30.3,2.5,245,2026-08-17 12:25:00,PT5M,94.43,100.0,100.0,79.7481,66.534
746,834,579,262,37,0.15,30.2,2.5,246,2026-08-17 12:30:00,PT5M,94.025,100.0,100.0,79.2437,65.94
741,829,572,264,37,0.15,30.0,2.5,247,2026-08-17 12:35:00,PT5M,93.659,100.0,100.0,78.7719,65.373
737,824,567,266,37,0.15,30.0,2.4,248,2026-08-17 12:40:00,PT5M,93.331,100.0,100.0,78.3326,64.8335
732,819,561,268,37,0.15,29.9,2.3,249,2026-08-17 12:45:00,PT5M,92.981,100.0,100.0,77.8662,64.2625
727,813,555,270,37,0.15,29.8,2.2,250,2026-08-17 12:50:00,PT5M,92.609,100.0,100.0,77.3721,63.6585
722,807,550,271,37,0.15,29.7,2.1,251,2026-08-17 12:55:00,PT5M,92.214,100.0,100.0,76.8487,63.0195
716,800,544,273,37,0.15,29.6,2.0,252,2026-08-17 13:00:00,PT5M,91.795,100.0,100.0,76.2931,62.341
710,793,538,274,37,0.15,29.5,2.0,253,2026-08-17 13:05:00,PT5M,91.348,100.0,100.0,75.6967,61.61
703,786,532,275,37,0.15,29.5,1.9,254,2026-08-17 13:10:00,PT5M,90.882,100.0,100.0,75.0828,60.863
696,778,526,276,38,0.15,29.4,1.8,256,2026-08-17 13:15:00,PT5M,90.404,100.0,100.0,74.4677,60.1245
689,770,520,277,38,0.15,29.3,1.7,258,2026-08-17 13:20:00,PT5M,89.899,100.0,100.0,73.8148,59.3385
681,761,514,277,38,0.15,29.2,1.6,259,2026-08-17 13:25:00,PT5M,89.422,100.0,100.0,73.1775,58.557
673,752,507,278,38,0.15,29.1,1.6,261,2026-08-17 13:30:00,PT5M,88.854,100.0,100.0,72.443,57.6725
664,743,501,278,38,0.15,29.2,1.4,263,2026-08-17 13:35:00,PT5M,88.276,100.0,100.0,71.7065,56.7935
656,733,495,278,38,0.15,29.3,1.3,264,2026-08-17 13:40:00,PT5M,87.686,100.0,100.0,70.9668,55.919
647,724,489,278,38,0.15,29.5,1.1,266,2026-08-17 13:45:00,PT5M,87.07,100.0,100.0,70.1979,55.0125
637,713,482,277,37,0.15,29.6,1.0,269,2026-08-17 13:50:00,PT5M,86.43,100.0,100.0,69.4021,54.0765
628,703,476,277,37,0.15,29.7,0.9,272,2026-08-17 13:55:00,PT5M,85.768,100.0,100.0,68.5812,53.1125
618,692,470,276,37,0.15,29.9,0.7,276,2026-08-17 14:00:00,PT5M,85.08,100.0,100.0,67.7308,52.116
608,681,463,275,37,0.15,30.0,0.6,282,2026-08-17 14:05:00,PT5M,84.363,100.0,100.0,66.848,51.084
597,669,457,274,37,0.15,30.2,0.5,292,2026-08-17 14:10:00,PT5M,83.619,100.0,100.0,65.9346,50.018
587,658,450,273,37,0.15,30.3,0.4,307,2026-08-17 14:15:00,PT5M,82.847,100.0,100.0,64.9894,48.917
576,646,444,271,37,0.15,30.5,0.3,331,2026-08-17 14:20:00,PT5M,82.045,100.0,100.0,64.0092,47.7765
564,633,437,270,37,0.15,30.6,0.3,358,2026-08-17 14:25:00,PT5M,81.215,100.0,99.4326,62.9974,46.601
553,621,431,268,37,0.15,30.8,0.4,19,2026-08-17 14:30:00,PT5M,80.358,100.0,98.7601,61.9559,45.3935
539,605,417,268,37,0.15,31.0,0.5,32,2026-08-17 14:35:00,PT5M,79.029,100.0,97.674,60.384,43.603
523,587,398,270,37,0.15,31.5,0.6,41,2026-08-17 14:40:00,PT5M,77.264,100.0,96.1729,58.3551,41.3365
507,568,380,271,37,0.15,31.9,0.7,48,2026-08-17 14:45:00,PT5M,75.457,100.0,94.5433,56.3707,39.1925
491,550,362,272,37,0.15,32.4,0.8,53,2026-08-17 14:50:00,PT5M,73.609,100.0,92.8545,54.3635,37.042
476,532,344,272,37,0.15,32.8,0.9,57,2026-08-17 14:55:00,PT5M,71.693,100.0,91.0945,52.2915,34.8295
460,514,326,272,36,0.15,33.3,1.0,60,2026-08-17 15:00:00,PT5M,69.768,100.0,89.3153,50.2207,32.6275
444,496,309,271,36,0.15,33.7,1.1,62,2026-08-17 15:05:00,PT5M,67.802,100.0,87.4838,48.1202,30.406
429,478,293,269,36,0.15,34.2,1.2,64,2026-08-17 15:10:00,PT5M,65.794,100.0,85.5984,45.9896,28.165
413,460,277,267,36,0.15,34.7,1.3,66,2026-08-17 15:15:00,PT5M,63.808,100.0,83.7193,43.8967,25.976
398,443,262,264,36,0.15,35.1,1.4,67,2026-08-17 15:20:00,PT5M,61.818,99.825,81.8214,41.8146,23.811
383,426,247,261,36,0.15,35.6,1.5,68,2026-08-17 15:25:00,PT5M,59.788,97.944,79.8698,39.7062,21.632
368,408,233,257,36,0.15,36.1,1.7,69,2026-08-17 15:30:00,PT5M,57.717,95.994,77.8625,37.5715,19.44
355,393,223,252,36,0.15,36.6,1.7,69,2026-08-17 15:35:00,PT5M,56.025,94.353,76.1973,35.8527,17.697
342,380,217,246,35,0.15,37.1,1.7,67,2026-08-17 15:40:00,PT5M,54.757,93.088,74.9309,34.5831,16.426
330,366,211,239,35,0.15,37.6,1.7,66,2026-08-17 15:45:00,PT5M,53.401,91.7075,73.562,33.24,15.0945
318,353,205,233,35,0.15,38.1,1.6,64,2026-08-17 15:50:00,PT5M,51.998,90.2475,72.129,31.867,13.7485
305,339,199,226,35,0.15,38.6,1.6,63,2026-08-17 15:55:00,PT5M,50.537,88.6885,70.6164,30.4576,12.3855
293,326,193,220,35,0.15,39.1,1.6,61,2026-08-17 16:00:00,PT5M,49.028,86.912,68.9666,29.0894,11.144
280,312,186,213,35,0.15,39.6,1.6,59,2026-08-17 16:05:00,PT5M,47.45,85.048,67.2381,27.6619,9.852
267,298,179,206,35,0.15,40.1,1.6,58,2026-08-17 16:10:00,PT5M,45.804,83.0405,65.4018,26.2062,8.5675
255,284,172,199,34,0.15,40.6,1.6,56,2026-08-17 16:15:00,PT5M,44.094,80.901,63.4658,24.7222,7.287
242,270,165,192,34,0.15,41.2,1.6,54,2026-08-17 16:20:00,PT5M,42.325,78.6465,61.4413,23.2087,6.0035
229,256,158,184,34,0.15,41.7,1.6,53,2026-08-17 16:25:00,PT5M,40.502,76.2885,59.3367,21.6673,4.7155
217,242,150,177,34,0.15,42.2,1.6,51,2026-08-17 16:30:00,PT5M,38.63,73.838,57.1602,20.0998,3.422
204,229,142,169,34,0.15,42.7,1.5,49,2026-08-17 16:35:00,PT5M,36.573,70.713,54.5411,18.6049,2.433
192,215,134,161,34,0.15,42.9,1.5,47,2026-08-17 16:40:00,PT5M,34.085,66.0085,50.8866,17.2834,2.1615
180,201,125,153,34,0.15,43.2,1.5,45,2026-08-17 16:45:00,PT5M,31.576,61.3755,47.2597,15.8923,1.7765
168,188,116,146,34,0.15,43.5,1.5,43,2026-08-17 16:50:00,PT5M,29.073,56.7645,43.6472,14.4988,1.3815
156,174,107,138,33,0.15,43.7,1.4,41,2026-08-17 16:55:00,PT5M,26.591,52.2085,40.0737,13.1083,0.9735
144,161,97,129,33,0.15,44.0,1.4,39,2026-08-17 17:00:00,PT5M,24.133,47.679,36.5254,11.7406,0.587
132,147,87,121,33,0.15,44.3,1.4,37,2026-08-17 17:05:00,PT5M,21.696,43.18,33.0032,10.3888,0.212
121,134,76,113,33,0.15,44.6,1.4,34,2026-08-17 17:10:00,PT5M,19.4,38.841,29.6319,9.1681,0.0
110,121,65,104,33,0.15,44.8,1.3,32,2026-08-17 17:15:00,PT5M,17.085,34.5205,26.2614,7.9086,0.0
99,108,50,96,33,0.15,45.1,1.3,29,2026-08-17 17:20:00,PT5M,14.665,30.176,22.8286,6.5014,0.0
88,95,34,87,33,0.15,45.4,1.3,27,2026-08-17 17:25:00,PT5M,12.404,26.078,19.6007,5.2073,0.0
77,82,18,79,33,0.15,45.7,1.3,24,2026-08-17 17:30:00,PT5M,10.205,22.0955,16.4631,3.9469,0.0
68,70,1,70,33,0.15,46.1,1.2,22,2026-08-17 17:35:00,PT5M,8.149,18.259,13.47,2.828,0.0
57,59,0,59,33,0.15,46.8,1.1,21,2026-08-17 17:40:00,PT5M,6.765,15.056,11.1286,2.4014,0.0
46,48,0,48,32,0.15,47.5,1.0,20,2026-08-17 17:45:00,PT5M,5.426,11.9645,8.8673,1.9847,0.0
37,38,0,38,32,0.15,48.2,0.8,19,2026-08-17 17:50:00,PT5M,4.122,9.0235,6.7017,1.5423,0.0
28,29,0,29,32,0.15,48.9,0.7,17,2026-08-17 17:55:00,PT5M,3.017,6.493,4.8464,1.1876,0.0
20,21,0,21,32,0.15,49.6,0.6,13,2026-08-17 18:00:00,PT5M,2.019,4.1455,3.1382,0.8998,0.0
13,14,0,14,32,0.15,50.3,0.4,9,2026-08-17 18:05:00,PT5M,1.097,2.2215,1.6888,0.5052,0.0
7,7,0,7,31,0.15,51.1,0.3,0,2026-08-17 18:10:00,PT5M,0.265,0.672,0.4792,0.0508,0.0
2,2,0,2,31,0.15,51.8,0.2,342,2026-08-17 18:15:00,PT5M,0.0,0.0,0.0,0.0,0.0
0,0,0,0,31,0.15,52.6,0.2,305,2026-08-17 18:20:00,PT5M,0.0,0.0,0.0,0.0,0.0
0,0,0,0,31,0.15,53.3,0.2,263,2026-08-17 18:25:00,PT5M,0.0,0.0,0.0,0.0,0.0
0,0,0,0,31,0.15,54.1,0.3,242,2026-08-17 18:30:00,PT5M,0.0,0.0,0.0,0.0,0.0
0,0,0,0,30,0.15,54.8,0.4,229,2026-08-17 18:35:00,PT5M,0.0,0.0,0.0,0.0,0.0
0,0,0,0,30,0.15,55.3,0.5,218,2026-08-17 18:40:00,PT5M,0.0,0.0,0.0,0.0,0.0
0,0,0,0,30,0.15,55.8,0.5,211,2026-08-17 18:45:00,PT5M,0.0,0.0,0.0,0.0,0.0
0,0,0,0,30,0.15,56.4,0.6,205,2026-08-17 18:50:00,PT5M,0.0,0.0,0.0,0.0,0.0
0,0,0,0,30,0.15,56.9,0.7,201,2026-08-17 18:55:00,PT5M,0.0,0.0,0.0,0.0,0.0
0,0,0,0,30,0.15,57.5,0.8,198,2026-08-17 19:00:00,PT5M,0.0,0.0,0.0,0.0,0.0
0,0,0,0,29,0.15,58.0,0.9,195,2026-08-17 19:05:00,PT5M,0.0,0.0,0.0,0.0,0.0
0,0,0,0,29,0.15,58.6,1.0,193,2026-08-17 19:10:00,PT5M,0.0,0.0,0.0,0.0,0.0
0,0,0,0,29,0.15,59.2,1.1,192,2026-08-17 19:15:00,PT5M,0.0,0.0,0.0,0.0,0.0
0,0,0,0,29,0.15,59.7,1.2,190,2026-08-17 19:20:00,PT5M,0.0,0.0,0.0,0.0,0.0
0,0,0,0,29,0.15,60.3,1.4,189,2026-08-17 19:25:00,PT5M,0.0,0.0,0.0,0.0,0.0
0,0,0,0,29,0.15,60.9,1.5,188,2026-08-17 19:30:00,PT5M,0.0,0.0,0.0,0.0,0.0
0,0,0,0,29,0.15,61.7,1.6,188,2026-08-17 19:35:00,PT5M,0.0,0.0,0.0,0.0,0.0
0,0,0,0,28,0.15,62.6,1.6,188,2026-08-17 19:40:00,PT5M,0.0,0.0,0.0,0.0,0.0
0,0,0,0,28,0.15,63.5,1.7,189,2026-08-17 19:45:00,PT5M,0.0,0.0,0.0,0.0,0.0
0,0,0,0,28,0.15,64.4,1.8,189,2026-08-17 19:50:00,PT5M,0.0,0.0,0.0,0.0,0.0
0,0,0,0,28,0.15,65.4,1.9,190,2026-08-17 19:55:00,PT5M,0.0,0.0,0.0,0.0,0.0
0,0,0,0,28,0.15,66.4,1.9,190,2026-08-17 20:00:00,PT5M,0.0,0.0,0.0,0.0,0.0
0,0,0,0,27,0.15,67.4,2.0,190,2026-08-17 20:05:00,PT5M,0.0,0.0,0.0,0.0,0.0
0,0,0,0,27,0.15,68.4,2.1,191,2026-08-17 20:10:00,PT5M,0.0,0.0,0.0,0.0,0.0
0,0,0,0,27,0.15,69.4,2.2,191,2026-08-17 20:15:00,PT5M,0.0,0.0,0.0,0.0,0.0
0,0,0,0,27,0.15,70.4,2.3,191,2026-08-17 20:20:00,PT5M,0.0,0.0,0.0,0.0,0.0
0,0,0,0,27,0.15,71.5,2.3,191,2026-08-17 20:25:00,PT5M,0.0,0.0,0.0,0.0,0.0
0,0,0,0,26,0.15,72.6,2.4,192,2026-08-17 20:30:00,PT5M,0.0,0.0,0.0,0.0,0.0
0,0,0,0,26,0.15,73.4,2.4,193,2026-08-17 20:35:00,PT5M,0.0,0.0,0.0,0.0,0.0
0,0,0,0,26,0.15,73.9,2.4,195,2026-08-17 20:40:00,PT5M,0.0,0.0,0.0,0.0,0.0
0,0,0,0,26,0.15,74.5,2.4,197,2026-08-17 20:45:00,PT5M,0.0,0.0,0.0,0.0,0.0
0,0,0,0,26,0.15,75.0,2.4,198,2026-08-17 20:50:00,PT5M,0.0,0.0,0.0,0.0,0.0
0,0,0,0,26,0.15,75.6,2.4,200,2026-08-17 20:55:00,PT5M,0.0,0.0,0.0,0.0,0.0
0,0,0,0,26,0.15,76.2,2.4,202,2026-08-17 21:00:00,PT5M,0.0,0.0,0.0,0.0,0.0
0,0,0,0,26,0.15,76.7,2.4,204,2026-08-17 21:05:00,PT5M,0.0,0.0,0.0,0.0,0.0
0,0,0,0,26,0.15,77.3,2.4,206,2026-08-17 21:10:00,PT5M,0.0,0.0,0.0,0.0,0.0
0,0,0,0,26,0.15,77.9,2.4,208,2026-08-17 21:15:00,PT5M,0.0,0.0,0.0,0.0,0.0
0,0,0,0,25,0.15,78.5,2.4,210,2026-08-17 21:20:00,PT5M,0.0,0.0,0.0,0.0,0.0
0,0,0,0,25,0.15,79.1,2.4,212,2026-08-17 21:25:00,PT5M,0.0,0.0,0.0,0.0,0.0
0,0,0,0,25,0.15,79.7,2.4,214,2026-08-17 21:30:00,PT5M,0.0,0.0,0.0,0.0,0.0
0,0,0,0,25,0.15,80.0,2.5,216,2026-08-17 21:35:00,PT5M,0.0,0.0,0.0,0.0,0.0
0,0,0,0,25,0.15,80.0,2.5,217,2026-08-17 21:40:00,PT5M,0.0,0.0,0.0,0.0,0.0
0,0,0,0,25,0.15,80.1,2.5,218,2026-08-17 21:45:00,PT5M,0.0,0.0,0.0,0.0,0.0
0,0,0,0,25,0.15,80.1,2.5,219,2026-08-17 21:50:00,PT5M,0.0,0.0,0.0,0.0,0.0
0,0,0,0,25,0.15,80.2,2.6,220,2026-08-17 21:55:00,PT5M,0.0,0.0,0.0,0.0,0.0
0,0,0,0,25,0.15,80.2,2.6,221,2026-08-17 22:00:00,PT5M,0.0,0.0,0.0,0.0,0.0
0,0,0,0,25,0.15,80.2,2.6,222,2026-08-17 22:05:00,PT5M,0.0,0.0,0.0,0.0,0.0
0,0,0,0,25,0.15,80.3,2.7,223,2026-08-17 22:10:00,PT5M,0.0,0.0,0.0,0.0,0.0
0,0,0,0,25,0.15,80.3,2.7,225,2026-08-17 22:15:00,PT5M,0.0,0.0,0.0,0.0,0.0
0,0,0,0,25,0.15,80.4,2.7,225,2026-08-17 22:20:00,PT5M,0.0,0.0,0.0,0.0,0.0
0,0,0,0,25,0.15,80.4,2.8,226,2026-08-17 22:25:00,PT5M,0.0,0.0,0.0,0.0,0.0
0,0,0,0,25,0.15,80.5,2.8,227,2026-08-17 22:30:00,PT5M,0.0,0.0,0.0,0.0,0.0
0,0,0,0,25,0.15,80.5,2.8,228,2026-08-17 22:35:00,PT5M,0.0,0.0,0.0,0.0,0.0
0,0,0,0,25,0.15,80.4,2.8,228,2026-08-17 22:40:00,PT5M,0.0,0.0,0.0,0.0,0.0
0,0,0,0,25,0.15,80.4,2.8,229,2026-08-17 22:45:00,PT5M,0.0,0.0,0.0,0.0,0.0
0,0,0,0,25,0.15,80.3,2.9,229,2026-08-17 22:50:00,PT5M,0.0,0.0,0.0,0.0,0.0
0,0,0,0,25,0.15,80.3,2.9,229,2026-08-17 22:55:00,PT5M,0.0,0.0,0.0,0.0,0.0
0,0,0,0,25,0.15,80.2,2.9,230,2026-08-17 23:00:00,PT5M,0.0,0.0,0.0,0.0,0.0
0,0,0,0,25,0.15,80.2,2.9,230,2026-08-17 23:05:00,PT5M,0.0,0.0,0.0,0.0,0.0
0,0,0,0,25,0.15,80.2,2.9,230,2026-08-17 23:10:00,PT5M,0.0,0.0,0.0,0.0,0.0
0,0,0,0,25,0.15,80.1,2.9,231,2026-08-17 23:15:00,PT5M,0.0,0.0,0.0,0.0,0.0
0,0,0,0,25,0.15,80.1,2.9,231,2026-08-17 23:20:00,PT5M,0.0,0.0,0.0,0.0,0.0
0,0,0,0,25,0.15,80.0,2.9,231,2026-08-17 23:25:00,PT5M,0.0,0.0,0.0,0.0,0.0
0,0,0,0,25,0.15,80.0,2.9,232,2026-08-17 23:30:00,PT5M,0.0,0.0,0.0,0.0,0.0
0,0,0,0,25,0.15,80.2,2.9,232,2026-08-17 23:35:00,PT5M,0.0,0.0,0.0,0.0,0.0
0,0,0,0,25,0.15,80.6,2.8,232,2026-08-17 23:40:00,PT5M,0.0,0.0,0.0,0.0,0.0
0,0,0,0,25,0.15,81.0,2.8,232,2026-08-17 23:45:00,PT5M,0.0,0.0,0.0,0.0,0.0
0,0,0,0,25,0.15,81.4,2.8,232,2026-08-17 23:50:00,PT5M,0.0,0.0,0.0,0.0,0.0
0,0,0,0,25,0.15,81.8,2.7,231,2026-08-17 23:55:00,PT5M,0.0,0.0,0.0,0.0,0.0
0,0,0,0,25,0.15,82.2,2.7,231,2026-08-18 00:00:00,PT5M,0.0,0.0,0.0,0.0,0.0
0,0,0,0,25,0.15,82.6,2.6,231,2026-08-18 00:05:00,PT5M,0.0,0.0,0.0,0.0,0.0
0,0,0,0,25,0.15,83.0,2.6,231,2026-08-18 00:10:00,PT5M,0.0,0.0,0.0,0.0,0.0
0,0,0,0,24,0.15,83.4,2.5,231,2026-08-18 00:15:00,PT5M,0.0,0.0,0.0,0.0,0.0
0,0,0,0,24,0.15,83.8,2.5,231,2026-08-18 00:20:00,PT5M,0.0,0.0,0.0,0.0,0.0
0,0,0,0,24,0.15,84.3,2.4,230,2026-08-18 00:25:00,PT5M,0.0,0.0,0.0,0.0,0.0
0,0,0,0,24,0.15,84.7,2.4,230,2026-08-18 00:30:00,PT5M,0.0,0.0,0.0,0.0,0.0
0,0,0,0,24,0.15,84.9,2.3,230,2026-08-18 00:35:00,PT5M,0.0,0.0,0.0,0.0,0.0
0,0,0,0,24,0.15,84.9,2.3,228,2026-08-18 00:40:00,PT5M,0.0,0.0,0.0,0.0,0.0
0,0,0,0,24,0.15,84.9,2.2,227,2026-08-18 00:45:00,PT5M,0.0,0.0,0.0,0.0,0.0
0,0,0,0,24,0.15,84.9,2.2,225,2026-08-18 00:50:00,PT5M,0.0,0.0,0.0,0.0,0.0
0,0,0,0,24,0.15,84.9,2.2,224,2026-08-18 00:55:00,PT5M,0.0,0.0,0.0,0.0,0.0
0,0,0,0,24,0.15,84.9,2.1,222,2026-08-18 01:00:00,PT5M,0.0,0.0,0.0,0.0,0.0
0,0,0,0,24,0.15,84.9,2.1,220,2026-08-18 01:05:00,PT5M,0.0,0.0,0.0,0.0,0.0
0,0,0,0,24,0.15,84.9,2.1,219,2026-08-18 01:10:00,PT5M,0.0,0.0,0.0,0.0,0.0
0,0,0,0,24,0.15,84.9,2.1,217,2026-08-18 01:15:00,PT5M,0.0,0.0,0.0,0.0,0.0
0,0,0,0,24,0.15,84.9,2.0,215,2026-08-18 01:20:00,PT5M,0.0,0.0,0.0,0.0,0.0
0,0,0,0,24,0.15,84.9,2.0,213,2026-08-18 01:25:00,PT5M,0.0,0.0,0.0,0.0,0.0
0,0,0,0,24,0.15,84.9,2.0,211,2026-08-18 01:30:00,PT5M,0.0,0.0,0.0,0.0,0.0
0,0,0,0,24,0.15,84.9,2.0,211,2026-08-18 01:35:00,PT5M,0.0,0.0,0.0,0.0,0.0
0,0,0,0,24,0.15,84.8,2.0,211,2026-08-18 01:40:00,PT5M,0.0,0.0,0.0,0.0,0.0
0,0,0,0,24,0.15,84.8,2.0,212,2026-08-18 01:45:00,PT5M,0.0,0.0,0.0,0.0,0.0
0,0,0,0,24,0.15,84.7,2.0,213,2026-08-18 01:50:00,PT5M,0.0,0.0,0.0,0.0,0.0
0,0,0,0,24,0.15,84.7,1.9,213,2026-08-18 01:55:00,PT5M,0.0,0.0,0.0,0.0,0.0
0,0,0,0,24,0.15,84.6,1.9,214,2026-08-18 02:00:00,PT5M,0.0,0.0,0.0,0.0,0.0
0,0,0,0,24,0.15,84.6,1.9,215,2026-08-18 02:05:00,PT5M,0.0,0.0,0.0,0.0,0.0
0,0,0,0,24,0.15,84.5,1.9,216,2026-08-18 02:10:00,PT5M,0.0,0.0,0.0,0.0,0.0
0,0,0,0,24,0.15,84.5,1.9,216,2026-08-18 02:15:00,PT5M,0.0,0.0,0.0,0.0,0.0
0,0,0,0,24,0.15,84.5,1.9,217,2026-08-18 02:20:00,PT5M,0.0,0.0,0.0,0.0,0.0
0,0,0,0,24,0.15,84.4,1.9,218,2026-08-18 02:25:00,PT5M,0.0,0.0,0.0,0.0,0.0
0,0,0,0,24,0.15,84.4,1.9,218,2026-08-18 02:30:00,PT5M,0.0,0.0,0.0,0.0,0.0
0,0,0,0,24,0.15,84.3,1.9,219,2026-08-18 02:35:00,PT5M,0.0,0.0,0.0,0.0,0.0
0,0,0,0,24,0.15,84.2,2.0,219,2026-08-18 02:40:00,PT5M,0.0,0.0,0.0,0.0,0.0
0,0,0,0,24,0.15,84.0,2.1,219,2026-08-18 02:45:00,PT5M,0.0,0.0,0.0,0.0,0.0
0,0,0,0,24,0.15,83.9,2.1,219,2026-08-18 02:50:00,PT5M,0.0,0.0,0.0,0.0,0.0
0,0,0,0,24,0.15,83.8,2.2,219,2026-08-18 02:55:00,PT5M,0.0,0.0,0.0,0.0,0.0
0,0,0,0,24,0.15,83.6,2.2,219,2026-08-18 03:00:00,PT5M,0.0,0.0,0.0,0.0,0.0
0,0,0,0,24,0.15,83.5,2.3,219,2026-08-18 03:05:00,PT5M,0.0,0.0,0.0,0.0,0.0
0,0,0,0,24,0.15,83.4,2.3,219,2026-08-18 03:10:00,PT5M,0.0,0.0,0.0,0.0,0.0
0,0,0,0,24,0.15,83.2,2.4,219,2026-08-18 03:15:00,PT5M,0.0,0.0,0.0,0.0,0.0
0,0,0,0,24,0.15,83.1,2.4,219,2026-08-18 03:20:00,PT5M,0.0,0.0,0.0,0.0,0.0
0,0,0,0,24,0.15,83.0,2.5,219,2026-08-18 03:25:00,PT5M,0.0,0.0,0.0,0.0,0.0
0,0,0,0,24,0.15,82.9,2.5,219,2026-08-18 03:30:00,PT5M,0.0,0.0,0.0,0.0,0.0
0,0,0,0,24,0.15,82.8,2.6,219,2026-08-18 03:35:00,PT5M,0.0,0.0,0.0,0.0,0.0
0,0,0,0,24,0.15,82.8,2.6,219,2026-08-18 03:40:00,PT5M,0.0,0.0,0.0,0.0,0.0
0,0,0,0,24,0.15,82.8,2.6,220,2026-08-18 03:45:00,PT5M,0.0,0.0,0.0,0.0,0.0
0,0,0,0,24,0.15,82.8,2.6,221,2026-08-18 03:50:00,PT5M,0.0,0.0,0.0,0.0,0.0
0,0,0,0,24,0.15,82.8,2.6,221,2026-08-18 03:55:00,PT5M,0.0,0.0,0.0,0.0,0.0
0,0,0,0,24,0.15,82.8,2.6,222,2026-08-18 04:00:00,PT5M,0.0,0.0,0.0,0.0,0.0
0,0,0,0,24,0.15,82.8,2.6,222,2026-08-18 04:05:00,PT5M,0.0,0.0,0.0,0.0,0.0
0,0,0,0,24,0.15,82.8,2.6,223,2026-08-18 04:10:00,PT5M,0.0,0.0,0.0,0.0,0.0
0,0,0,0,24,0.15,82.8,2.6,223,2026-08-18 04:15:00,PT5M,0.0,0.0,0.0,0.0,0.0
0,0,0,0,24,0.15,82.8,2.7,224,2026-08-18 04:20:00,PT5M,0.0,0.0,0.0,0.0,0.0
0,0,0,0,24,0.15,82.8,2.7,224,2026-08-18 04:25:00,PT5M,0.0,0.0,0.0,0.0,0.0
0,0,0,0,24,0.15,82.8,2.7,225,2026-08-18 04:30:00,PT5M,0.0,0.0,0.0,0.0,0.0
0,0,0,0,24,0.15,82.8,2.7,225,2026-08-18 04:35:00,PT5M,0.0,0.0,0.0,0.0,0.0
0,0,0,0,24,0.15,82.8,2.7,225,2026-08-18 04:40:00,PT5M,0.0,0.0,0.0,0.0,0.0
0,0,0,0,24,0.15,82.8,2.7,225,2026-08-18 04:45:00,PT5M,0.0,0.0,0.0,0.0,0.0
0,0,0,0,24,0.15,82.8,2.7,225,2026-08-18 04:50:00,PT5M,0.0,0.0,0.0,0.0,0.0
0,0,0,0,24,0.15,82.8,2.7,225,2026-08-18 04:55:00,PT5M,0.0,0.0,0.0,0.0,0.0
0,0,0,0,24,0.15,82.8,2.8,225,2026-08-18 05:00:00,PT5M,0.0,0.0,0.0,0.0,0.0
0,0,0,0,24,0.15,82.8,2.8,225,2026-08-18 05:05:00,PT5M,0.0,0.0,0.0,0.0,0.0
0,0,0,0,24,0.15,82.8,2.8,225,2026-08-18 05:10:00,PT5M,0.0,0.0,0.0,0.0,0.0
0,0,0,0,24,0.15,82.8,2.8,225,2026-08-18 05:15:00,PT5M,0.0,0.0,0.0,0.0,0.0
0,0,0,0,23,0.15,82.8,2.8,225,2026-08-18 05:20:00,PT5M,0.0,0.0,0.0,0.0,0.0
0,0,0,0,23,0.15,82.8,2.8,225,2026-08-18 05:25:00,PT5M,0.0,0.0,0.0,0.0,0.0
0,0,0,0,23,0.15,82.8,2.8,225,2026-08-18 05:30:00,PT5M,0.0,0.0,0.0,0.0,0.0
0,0,0,0,23,0.15,82.7,2.8,225,2026-08-18 05:35:00,PT5M,0.0,0.0,0.0,0.0,0.0
0,0,0,0,24,0.15,82.5,2.9,225,2026-08-18 05:40:00,PT5M,0.0,0.0,0.0,0.0,0.0
0,0,0,0,24,0.15,82.3,2.9,225,2026-08-18 05:45:00,PT5M,0.0,0.0,0.0,0.0,0.0
0,0,0,0,24,0.15,82.2,2.9,225,2026-08-18 05:50:00,PT5M,0.0,0.0,0.0,0.0,0.0
0,0,0,0,24,0.15,82.0,2.9,226,2026-08-18 05:55:00,PT5M,0.0,0.0,0.0,0.0,0.0
0,0,0,0,24,0.15,81.8,2.9,226,2026-08-18 06:00:00,PT5M,0.0,0.0,0.0,0.0,0.0
1,1,0,1,24,0.15,81.7,2.9,226,2026-08-18 06:05:00,PT5M,0.0,0.0,0.0,0.0,0.0
7,7,0,7,24,0.15,81.5,3.0,226,2026-08-18 06:10:00,PT5M,0.301,0.495,0.4031,0.1989,0.107
15,16,0,16,24,0.15,81.4,3.0,226,2026-08-18 06:15:00,PT5M,1.425,1.946,1.6992,1.1508,0.904
24,25,4,25,24,0.15,81.2,3.0,226,2026-08-18 06:20:00,PT5M,2.675,3.631,3.1781,2.1719,1.719
31,35,34,32,24,0.15,81.0,3.0,226,2026-08-18 06:25:00,PT5M,4.401,6.1735,5.3339,3.4681,2.6285
38,47,66,40,24,0.15,80.9,3.0,226,2026-08-18 06:30:00,PT5M,6.53,9.2235,7.9476,5.1124,3.8365
47,60,97,48,24,0.15,80.4,3.1,226,2026-08-18 06:35:00,PT5M,9.184,13.0435,11.2153,7.1527,5.3245
57,75,133,55,24,0.15,79.7,3.1,227,2026-08-18 06:40:00,PT5M,12.425,17.5705,15.1331,9.7169,7.2795
68,90,170,61,24,0.15,79.0,3.2,227,2026-08-18 06:45:00,PT5M,15.901,22.4315,19.338,12.464,9.3705
80,107,205,67,24,0.15,78.3,3.2,227,2026-08-18 06:50:00,PT5M,19.653,27.584,23.8271,15.4789,11.722
93,124,240,73,25,0.15,77.6,3.3,227,2026-08-18 06:55:00,PT5M,23.679,33.01,28.59,18.768,14.348
106,142,275,78,25,0.15,76.9,3.3,227,2026-08-18 07:00:00,PT5M,27.892,38.702,33.5814,22.2026,17.082
121,161,308,83,25,0.15,76.2,3.4,228,2026-08-18 07:05:00,PT5M,32.345,44.7125,38.8541,25.8359,19.9775
136,179,332,88,25,0.15,75.5,3.4,228,2026-08-18 07:10:00,PT5M,36.634,50.658,44.0149,29.2531,22.61
151,197,352,93,25,0.15,74.9,3.4,228,2026-08-18 07:15:00,PT5M,40.919,56.6645,49.206,32.632,25.1735
167,215,372,98,25,0.15,74.2,3.5,228,2026-08-18 07:20:00,PT5M,45.267,62.7715,54.4797,36.0543,27.7625
182,233,389,103,26,0.15,73.5,3.5,228,2026-08-18 07:25:00,PT5M,49.64,68.983,59.8204,39.4596,30.297
198,252,406,108,26,0.15,72.9,3.6,228,2026-08-18 07:30:00,PT5M,54.015,75.1725,65.1503,42.8797,32.8575
215,270,421,112,26,0.15,71.9,3.6,228,2026-08-18 07:35:00,PT5M,58.384,81.3825,70.4883,46.2797,35.3855
231,289,436,117,26,0.15,70.6,3.7,229,2026-08-18 07:40:00,PT5M,62.752,87.634,75.8476,49.6564,37.87
247,307,449,121,26,0.15,69.3,3.7,229,2026-08-18 07:45:00,PT5M,67.163,94.018,81.297,53.029,40.308
264,325,463,125,27,0.15,68.0,3.8,229,2026-08-18 07:50:00,PT5M,70.479,98.5765,85.2669,55.6911,42.3815
281,344,475,129,27,0.15,66.8,3.8,229,2026-08-18 07:55:00,PT5M,72.583,100.0,87.5559,57.6101,44.134
297,362,487,133,27,0.15,65.6,3.8,230,2026-08-18 08:00:00,PT5M,74.586,100.0,89.73,59.442,45.812
314,380,499,136,27,0.15,64.4,3.9,230,2026-08-18 08:05:00,PT5M,76.481,100.0,91.7792,61.1828,47.414
330,399,510,140,28,0.15,63.2,3.9,230,2026-08-18 08:10:00,PT5M,78.255,100.0,93.6871,62.8229,48.9335
347,417,520,143,28,0.15,62.1,4.0,230,2026-08-18 08:15:00,PT5M,79.899,100.0,95.4398,64.3582,50.371
363,434,530,146,28,0.15,61.0,4.0,230,2026-08-18 08:20:00,PT5M,81.399,100.0,97.0182,65.7798,51.722
380,452,539,150,28,0.15,59.9,4.1,231,2026-08-18 08:25:00,PT5M,82.815,100.0,98.48,67.15,53.051
396,470,547,153,29,0.15,58.8,4.1,231,2026-08-18 08:30:00,PT5M,84.002,100.0,99.6644,68.3396,54.243
412,487,555,156,29,0.15,57.7,4.1,231,2026-08-18 08:35:00,PT5M,85.069,100.0,100.0,69.4393,55.372
427,504,563,159,29,0.15,56.7,4.1,232,2026-08-18 08:40:00,PT5M,86.065,100.0,100.0,70.4913,56.4745
443,520,570,162,29,0.15,55.7,4.1,233,2026-08-18 08:45:00,PT5M,86.995,100.0,100.0,71.4855,57.5265
458,537,576,165,29,0.15,54.7,4.1,234,2026-08-18 08:50:00,PT5M,87.866,100.0,100.0,72.4252,58.528
473,553,583,168,30,0.15,53.7,4.1,235,2026-08-18 08:55:00,PT5M,88.686,100.0,100.0,73.3157,59.482
488,569,589,170,30,0.15,52.7,4.1,236,2026-08-18 09:00:00,PT5M,89.461,100.0,100.0,74.1641,60.3965
503,585,595,173,30,0.15,51.8,4.1,236,2026-08-18 09:05:00,PT5M,90.215,100.0,100.0,74.9931,61.293
518,600,601,175,30,0.15,50.8,4.1,237,2026-08-18 09:10:00,PT5M,90.954,100.0,100.0,75.7837,62.13
532,616,609,176,31,0.15,49.9,4.1,238,2026-08-18 09:15:00,PT5M,91.774,100.0,100.0,76.594,62.9315
547,632,617,177,31,0.15,49.0,4.1,239,2026-08-18 09:20:00,PT5M,92.554,100.0,100.0,77.4703,63.8945
561,647,624,179,31,0.15,48.2,4.1,240,2026-08-18 09:25:00,PT5M,93.296,100.0,100.0,78.3094,64.821
575,662,631,179,31,0.15,47.3,4.1,241,2026-08-18 09:30:00,PT5M,94.002,100.0,100.0,79.1133,65.713
589,677,637,181,32,0.15,46.5,4.1,241,2026-08-18 09:35:00,PT5M,94.609,100.0,100.0,79.864,66.593
601,690,642,183,32,0.15,45.8,4.1,241,2026-08-18 09:40:00,PT5M,95.12,100.0,100.0,80.5702,67.475
614,704,646,184,32,0.15,45.1,4.1,241,2026-08-18 09:45:00,PT5M,95.603,100.0,100.0,81.2409,68.3145
626,716,650,186,32,0.15,44.4,4.1,242,2026-08-18 09:50:00,PT5M,96.06,100.0,100.0,81.8776,69.113
637,728,653,188,32,0.15,43.7,4.1,242,2026-08-18 09:55:00,PT5M,96.443,100.0,100.0,82.4267,69.8115
649,740,655,190,33,0.15,43.1,4.1,242,2026-08-18 10:00:00,PT5M,96.789,100.0,100.0,82.9295,70.4555
659,751,657,192,33,0.15,42.4,4.1,242,2026-08-18 10:05:00,PT5M,97.113,100.0,100.0,83.4027,71.063
669,762,659,194,33,0.15,41.8,4.1,242,2026-08-18 10:10:00,PT5M,97.413,100.0,100.0,83.8411,71.626
679,772,661,196,33,0.15,41.1,4.1,243,2026-08-18 10:15:00,PT5M,97.69,100.0,100.0,84.2492,72.152
689,782,663,198,33,0.15,40.5,4.0,243,2026-08-18 10:20:00,PT5M,97.944,100.0,100.0,84.6263,72.64
698,792,664,199,34,0.15,39.9,4.0,243,2026-08-18 10:25:00,PT5M,98.176,100.0,100.0,84.9738,73.0915
707,801,665,201,34,0.15,39.3,4.0,243,2026-08-18 10:30:00,PT5M,98.386,100.0,100.0,85.292,73.507
715,809,666,203,34,0.15,38.8,4.0,243,2026-08-18 10:35:00,PT5M,98.582,100.0,100.0,85.5775,73.873
723,817,668,204,34,0.15,38.3,3.9,244,2026-08-18 10:40:00,PT5M,98.765,100.0,100.0,85.8313,74.1905
730,825,668,206,34,0.15,37.9,3.9,244,2026-08-18 10:45:00,PT5M,98.926,100.0,100.0,86.0565,74.4735
737,832,669,207,34,0.15,37.5,3.8,244,2026-08-18 10:50:00,PT5M,99.066,100.0,100.0,86.2541,74.723
743,839,670,209,35,0.15,37.1,3.8,244,2026-08-18 10:55:00,PT5M,99.184,100.0,100.0,86.4221,74.936
749,845,670,210,35,0.15,36.7,3.7,244,2026-08-18 11:00:00,PT5M,99.28,100.0,100.0,86.5589,75.1095
755,851,670,212,35,0.15,36.3,3.6,244,2026-08-18 11:05:00,PT5M,99.345,100.0,100.0,86.6515,75.227
760,856,670,213,35,0.15,35.9,3.6,244,2026-08-18 11:10:00,PT5M,99.378,100.0,100.0,86.7485,75.3815
765,861,670,215,35,0.15,35.5,3.5,244,2026-08-18 11:15:00,PT5M,99.4,100.0,100.0,86.7815,75.4245
769,865,669,217,35,0.15,35.1,3.5,245,2026-08-18 11:20:00,PT5M,99.406,100.0,100.0,86.8017,75.4575
772,869,668,218,36,0.15,34.7,3.4,245,2026-08-18 11:25:00,PT5M,99.392,100.0,100.0,86.7893,75.4465
776,872,667,220,36,0.15,34.4,3.3,245,2026-08-18 11:30:00,PT5M,99.357,100.0,100.0,86.7412,75.3865
779,875,666,221,36,0.15,34.1,3.3,245,2026-08-18 11:35:00,PT5M,99.307,100.0,100.0,86.6833,75.3215
781,877,665,222,36,0.15,33.8,3.2,245,2026-08-18 11:40:00,PT5M,99.244,100.0,100.0,86.6174,75.253
783,879,664,224,36,0.15,33.6,3.2,246,2026-08-18 11:45:00,PT5M,99.16,100.0,100.0,86.5242,75.1515
784,880,662,225,36,0.15,33.4,3.1,246,2026-08-18 11:50:00,PT5M,99.057,100.0,100.0,86.404,75.016
785,881,661,226,36,0.15,33.1,3.0,246,2026-08-18 11:55:00,PT5M,98.932,100.0,100.0,86.2538,74.843
785,881,659,228,36,0.15,32.9,3.0,247,2026-08-18 12:00:00,PT5M,98.785,100.0,100.0,86.0736,74.633
785,881,657,229,37,0.15,32.7,2.9,247,2026-08-18 12:05:00,PT5M,98.613,100.0,100.0,85.8601,74.382
785,880,654,230,37,0.15,32.4,2.8,247,2026-08-18 12:10:00,PT5M,98.417,100.0,100.0,85.6138,74.0905
783,879,652,232,37,0.15,32.2,2.8,248,2026-08-18 12:15:00,PT5M,98.291,100.0,100.0,85.4291,73.853
782,877,649,233,37,0.15,32.0,2.7,248,2026-08-18 12:20:00,PT5M,98.149,100.0,100.0,85.2197,73.583
780,874,646,234,37,0.15,31.8,2.7,249,2026-08-18 12:25:00,PT5M,97.982,100.0,100.0,84.9772,73.2725
777,871,642,235,37,0.15,31.6,2.6,249,2026-08-18 12:30:00,PT5M,97.793,100.0,100.0,84.7048,72.925
773,866,635,239,37,0.15,31.4,2.5,250,2026-08-18 12:35:00,PT5M,97.417,100.0,100.0,84.1896,72.2845
766,859,624,243,37,0.15,31.3,2.5,250,2026-08-18 12:40:00,PT5M,96.856,100.0,100.0,83.4346,71.355
760,851,614,248,37,0.15,31.1,2.4,250,2026-08-18 12:45:00,PT5M,96.272,100.0,100.0,82.6512,70.392
753,842,603,253,37,0.15,31.0,2.4,251,2026-08-18 12:50:00,PT5M,95.666,100.0,100.0,81.8402,69.3965
745,834,592,257,37,0.15,30.9,2.3,251,2026-08-18 12:55:00,PT5M,95.037,100.0,100.0,81.0004,68.367
737,825,581,261,37,0.15,30.7,2.3,252,2026-08-18 13:00:00,PT5M,94.383,100.0,100.0,80.1264,67.295
729,815,570,265,38,0.15,30.6,2.2,252,2026-08-18 13:05:00,PT5M,93.694,100.0,100.0,79.2045,66.1635
721,805,559,269,38,0.15,30.5,2.2,253,2026-08-18 13:10:00,PT5M,92.976,100.0,100.0,78.2568,65.009
712,795,547,273,38,0.15,30.3,2.1,253,2026-08-18 13:15:00,PT5M,92.245,100.0,100.0,77.3089,63.866
702,785,536,276,38,0.15,30.2,2.1,254,2026-08-18 13:20:00,PT5M,91.482,100.0,100.0,76.317,62.668
693,774,525,279,38,0.15,30.1,2.0,254,2026-08-18 13:25:00,PT5M,90.684,100.0,100.0,75.2787,61.4135
683,762,513,282,38,0.15,30.0,2.0,255,2026-08-18 13:30:00,PT5M,89.915,100.0,100.0,74.2647,60.179
672,750,500,285,38,0.15,29.9,1.9,256,2026-08-18 13:35:00,PT5M,88.944,100.0,100.0,73.0472,58.7395
660,736,485,290,38,0.15,29.8,1.9,257,2026-08-18 13:40:00,PT5M,87.829,100.0,100.0,71.6851,57.155
648,722,470,293,38,0.15,29.8,1.9,258,2026-08-18 13:45:00,PT5M,86.68,100.0,100.0,70.2879,55.5345
635,708,455,296,38,0.15,29.7,1.8,259,2026-08-18 13:50:00,PT5M,85.5,100.0,100.0,68.8592,53.882
623,693,440,299,38,0.15,29.7,1.8,260,2026-08-18 13:55:00,PT5M,84.288,100.0,100.0,67.3978,52.196
610,678,426,301,38,0.15,29.7,1.7,261,2026-08-18 14:00:00,PT5M,83.041,100.0,100.0,65.9008,50.474
597,664,412,303,38,0.15,29.6,1.7,262,2026-08-18 14:05:00,PT5M,81.766,100.0,99.1568,64.3752,48.723
584,649,398,304,38,0.15,29.6,1.7,264,2026-08-18 14:10:00,PT5M,80.464,100.0,98.1056,62.8224,46.9445
571,634,385,305,38,0.15,29.5,1.6,265,2026-08-18 14:15:00,PT5M,79.126,100.0,97.0189,61.2331,45.129
558,619,371,306,38,0.15,29.5,1.6,266,2026-08-18 14:20:00,PT5M,77.749,100.0,95.8955,59.6025,43.27
544,603,358,305,38,0.15,29.4,1.6,268,2026-08-18 14:25:00,PT5M,76.335,100.0,94.7355,57.9345,41.3735
531,588,345,305,38,0.15,29.4,1.5,269,2026-08-18 14:30:00,PT5M,74.847,100.0,93.4041,56.2899,39.588
517,572,332,304,38,0.15,29.6,1.4,271,2026-08-18 14:35:00,PT5M,73.394,100.0,92.1005,54.6875,37.851
503,557,320,303,38,0.15,30.0,1.3,275,2026-08-18 14:40:00,PT5M,71.974,100.0,90.8345,53.1135,36.1385
490,542,308,301,38,0.15,30.4,1.1,279,2026-08-18 14:45:00,PT5M,70.516,100.0,89.5223,51.5097,34.4035
476,526,297,298,38,0.15,30.8,1.0,284,2026-08-18 14:50:00,PT5M,69.022,100.0,88.1654,49.8786,32.649
462,511,285,296,37,0.15,31.2,0.8,291,2026-08-18 14:55:00,PT5M,67.489,100.0,86.7603,48.2177,30.873
449,496,274,293,37,0.15,31.7,0.7,300,2026-08-18 15:00:00,PT5M,65.918,100.0,85.3072,46.5288,29.078
435,480,262,289,37,0.15,32.1,0.6,313,2026-08-18 15:05:00,PT5M,64.292,100.0,83.7846,44.7994,27.2555
421,464,250,286,37,0.15,32.5,0.6,328,2026-08-18 15:10:00,PT5M,62.61,99.814,82.1907,43.0293,25.406
407,449,239,282,37,0.15,33.0,0.6,345,2026-08-18 15:15:00,PT5M,60.949,98.29,80.6018,41.2962,23.608
394,434,228,278,37,0.15,33.4,0.6,0,2026-08-18 15:20:00,PT5M,59.28,96.676,78.9618,39.5982,21.884
380,418,218,273,37,0.15,33.9,0.7,13,2026-08-18 15:25:00,PT5M,57.605,95.0785,77.3276,37.8824,20.1315
366,403,207,268,37,0.15,34.4,0.8,23,2026-08-18 15:30:00,PT5M,55.852,93.3745,75.6004,36.1036,18.3295
353,388,197,263,36,0.15,35.0,0.9,26,2026-08-18 15:35:00,PT5M,54.06,91.608,73.8218,34.2982,16.512
339,373,186,258,36,0.15,35.7,1.0,26,2026-08-18 15:40:00,PT5M,52.225,89.7795,71.9902,32.4598,14.6705
326,357,175,252,36,0.15,36.5,1.1,25,2026-08-18 15:45:00,PT5M,50.338,87.8595,70.0858,30.5902,12.8165
312,342,165,246,35,0.15,37.3,1.2,25,2026-08-18 15:50:00,PT5M,48.396,85.8375,68.1017,28.6903,10.9545
299,327,154,240,35,0.15,38.2,1.3,24,2026-08-18 15:55:00,PT5M,46.391,83.697,66.0254,26.7566,9.085
285,312,143,233,35,0.15,39.0,1.4,24,2026-08-18 16:00:00,PT5M,44.353,81.408,63.8553,24.8507,7.298
272,297,133,226,35,0.15,39.9,1.5,24,2026-08-18 16:05:00,PT5M,42.278,79.0055,61.6079,22.9481,5.5505
259,282,123,219,34,0.15,40.8,1.6,24,2026-08-18 16:10:00,PT5M,40.171,76.4995,59.2909,21.0511,3.8425
245,267,112,212,34,0.15,41.7,1.7,23,2026-08-18 16:15:00,PT5M,38.012,73.864,56.8812,19.1428,2.16
232,252,102,204,34,0.15,42.6,1.8,23,2026-08-18 16:20:00,PT5M,36.024,71.3315,54.6066,17.4414,0.7165
220,238,92,196,34,0.15,43.6,1.9,23,2026-08-18 16:25:00,PT5M,33.782,68.4845,52.0462,15.5178,0.0
207,224,81,188,33,0.15,44.6,2.0,23,2026-08-18 16:30:00,PT5M,31.504,65.538,49.4163,13.5917,0.0
195,210,74,180,33,0.15,45.3,2.0,22,2026-08-18 16:35:00,PT5M,29.522,62.2795,46.7625,12.2815,0.0
184,198,68,171,33,0.15,45.7,2.0,21,2026-08-18 16:40:00,PT5M,27.721,58.244,43.7855,11.6565,0.0
173,186,63,162,33,0.15,46.1,1.9,20,2026-08-18 16:45:00,PT5M,25.831,54.196,40.7597,10.9023,0.0
162,174,57,153,33,0.15,46.6,1.8,18,2026-08-18 16:50:00,PT5M,23.9,50.1355,37.7079,10.0921,0.0
151,162,50,145,33,0.15,47.0,1.7,17,2026-08-18 16:55:00,PT5M,21.947,46.0915,34.6544,9.2396,0.0
140,150,43,136,32,0.15,47.5,1.7,15,2026-08-18 17:00:00,PT5M,19.979,41.9955,31.5664,8.3916,0.0
129,137,36,127,32,0.15,48.0,1.6,13,2026-08-18 17:05:00,PT5M,17.994,37.9445,28.4941,7.4939,0.0
118,125,28,118,32,0.15,48.4,1.6,11,2026-08-18 17:10:00,PT5M,16.029,33.9435,25.4575,6.6005,0.0
107,113,19,108,32,0.15,48.9,1.5,9,2026-08-18 17:15:00,PT5M,14.189,30.118,22.5725,5.8055,0.0
97,101,6,99,32,0.15,49.4,1.4,7,2026-08-18 17:20:00,PT5M,12.122,26.158,19.5092,4.7348,0.0
86,89,0,89,32,0.15,49.9,1.4,4,2026-08-18 17:25:00,PT5M,10.449,22.6895,16.8913,4.0067,0.0
74,77,0,77,32,0.15,50.3,1.3,1,2026-08-18 17:30:00,PT5M,8.943,19.4445,14.47,3.416,0.0
63,65,0,65,32,0.15,50.7,1.2,357,2026-08-18 17:35:00,PT5M,7.511,16.3155,12.1449,2.8771,0.0
52,54,0,54,32,0.15,51.0,1.1,351,2026-08-18 17:40:00,PT5M,6.186,13.3305,9.9462,2.4258,0.0
42,43,0,43,31,0.15,51.2,1.0,344,2026-08-18 17:45:00,PT5M,4.888,10.445,7.8127,1.9633,0.0
33,34,0,34,31,0.15,51.5,1.0,335,2026-08-18 17:50:00,PT5M,3.657,7.738,5.8049,1.5091,0.0
25,26,0,26,31,0.15,51.8,0.9,326,2026-08-18 17:55:00,PT5M,2.631,5.5065,4.1444,1.1176,0.0
18,18,0,18,31,0.15,52.1,0.9,316,2026-08-18 18:00:00,PT5M,1.714,3.5215,2.6653,0.7627,0.0
11,12,0,12,31,0.15,52.3,0.9,306,2026-08-18 18:05:00,PT5M,0.879,1.8465,1.3882,0.3698,0.0
6,6,0,6,31,0.15,52.6,1.0,296,2026-08-18 18:10:00,PT5M,0.126,0.466,0.3049,0.0,0.0
1,1,0,1,31,0.15,52.9,1.0,287,2026-08-18 18:15:00,PT5M,0.0,0.0,0.0,0.0,0.0
0,0,0,0,31,0.15,53.2,1.1,280,2026-08-18 18:20:00,PT5M,0.0,0.0,0.0,0.0,0.0
0,0,0,0,31,0.15,53.5,1.2,274,2026-08-18 18:25:00,PT5M,0.0,0.0,0.0,0.0,0.0
0,0,0,0,31,0.15,53.7,1.3,268,2026-08-18 18:30:00,PT5M,0.0,0.0,0.0,0.0,0.0
0,0,0,0,31,0.15,53.9,1.4,262,2026-08-18 18:35:00,PT5M,0.0,0.0,0.0,0.0,0.0
0,0,0,0,30,0.15,54.0,1.5,254,2026-08-18 18:40:00,PT5M,0.0,0.0,0.0,0.0,0.0
0,0,0,0,30,0.15,54.1,1.6,248,2026-08-18 18:45:00,PT5M,0.0,0.0,0.0,0.0,0.0
0,0,0,0,30,0.15,54.2,1.7,242,2026-08-18 18:50:00,PT5M,0.0,0.0,0.0,0.0,0.0
0,0,0,0,30,0.15,54.3,1.8,237,2026-08-18 18:55:00,PT5M,0.0,0.0,0.0,0.0,0.0
0,0,0,0,30,0.15,54.3,2.0,232,2026-08-18 19:00:00,PT5M,0.0,0.0,0.0,0.0,0.0
0,0,0,0,30,0.15,54.4,2.1,228,2026-08-18 19:05:00,PT5M,0.0,0.0,0.0,0.0,0.0
0,0,0,0,30,0.15,54.5,2.3,225,2026-08-18 19:10:00,PT5M,0.0,0.0,0.0,0.0,0.0
0,0,0,0,30,0.15,54.6,2.4,222,2026-08-18 19:15:00,PT5M,0.0,0.0,0.0,0.0,0.0
0,0,0,0,30,0.15,54.7,2.6,219,2026-08-18 19:20:00,PT5M,0.0,0.0,0.0,0.0,0.0
0,0,0,0,30,0.15,54.8,2.8,217,2026-08-18 19:25:00,PT5M,0.0,0.0,0.0,0.0,0.0
0,0,0,0,29,0.15,54.9,2.9,215,2026-08-18 19:30:00,PT5M,0.0,0.0,0.0,0.0,0.0
0,0,0,0,29,0.15,55.1,3.0,214,2026-08-18 19:35:00,PT5M,0.0,0.0,0.0,0.0,0.0
0,0,0,0,29,0.15,55.6,3.0,214,2026-08-18 19:40:00,PT5M,0.0,0.0,0.0,0.0,0.0
0,0,0,0,29,0.15,56.1,3.0,214,2026-08-18 19:45:00,PT5M,0.0,0.0,0.0,0.0,0.0
0,0,0,0,29,0.15,56.5,2.9,213,2026-08-18 19:50:00,PT5M,0.0,0.0,0.0,0.0,0.0
0,0,0,0,29,0.15,57.0,2.9,213,2026-08-18 19:55:00,PT5M,0.0,0.0,0.0,0.0,0.0
0,0,0,0,29,0.15,57.5,2.9,213,2026-08-18 20:00:00,PT5M,0.0,0.0,0.0,0.0,0.0
0,0,0,0,29,0.15,58.0,2.8,213,2026-08-18 20:05:00,PT5M,0.0,0.0,0.0,0.0,0.0
0,0,0,0,29,0.15,58.5,2.8,212,2026-08-18 20:10:00,PT5M,0.0,0.0,0.0,0.0,0.0
0,0,0,0,28,0.15,58.9,2.8,212,2026-08-18 20:15:00,PT5M,0.0,0.0,0.0,0.0,0.0
0,0,0,0,28,0.15,59.4,2.8,212,2026-08-18 20:20:00,PT5M,0.0,0.0,0.0,0.0,0.0
0,0,0,0,28,0.15,59.9,2.7,212,2026-08-18 20:25:00,PT5M,0.0,0.0,0.0,0.0,0.0
0,0,0,0,28,0.15,60.4,2.7,211,2026-08-18 20:30:00,PT5M,0.0,0.0,0.0,0.0,0.0
0,0,0,0,28,0.15,60.9,2.7,211,2026-08-18 20:35:00,PT5M,0.0,0.0,0.0,0.0,0.0
0,0,0,0,28,0.15,61.3,2.7,212,2026-08-18 20:40:00,PT5M,0.0,0.0,0.0,0.0,0.0
0,0,0,0,28,0.15,61.8,2.7,212,2026-08-18 20:45:00,PT5M,0.0,0.0,0.0,0.0,0.0
0,0,0,0,28,0.15,62.2,2.6,212,2026-08-18 20:50:00,PT5M,0.0,0.0,0.0,0.0,0.0
0,0,0,0,28,0.15,62.6,2.6,212,2026-08-18 20:55:00,PT5M,0.0,0.0,0.0,0.0,0.0
0,0,0,0,28,0.15,63.1,2.6,212,2026-08-18 21:00:00,PT5M,0.0,0.0,0.0,0.0,0.0
0,0,0,0,28,0.15,63.5,2.6,213,2026-08-18 21:05:00,PT5M,0.0,0.0,0.0,0.0,0.0
0,0,0,0,27,0.15,64.0,2.6,213,2026-08-18 21:10:00,PT5M,0.0,0.0,0.0,0.0,0.0
0,0,0,0,27,0.15,64.4,2.6,213,2026-08-18 21:15:00,PT5M,0.0,0.0,0.0,0.0,0.0
0,0,0,0,27,0.15,64.9,2.6,213,2026-08-18 21:20:00,PT5M,0.0,0.0,0.0,0.0,0.0
0,0,0,0,27,0.15,65.3,2.5,213,2026-08-18 21:25:00,PT5M,0.0,0.0,0.0,0.0,0.0
0,0,0,0,27,0.15,65.8,2.5,214,2026-08-18 21:30:00,PT5M,0.0,0.0,0.0,0.0,0.0
0,0,0,0,27,0.15,66.1,2.5,214,2026-08-18 21:35:00,PT5M,0.0,0.0,0.0,0.0,0.0
0,0,0,0,27,0.15,66.4,2.5,214,2026-08-18 21:40:00,PT5M,0.0,0.0,0.0,0.0,0.0
0,0,0,0,27,0.15,66.6,2.5,214,2026-08-18 21:45:00,PT5M,0.0,0.0,0.0,0.0,0.0
0,0,0,0,27,0.15,66.9,2.6,215,2026-08-18 21:50:00,PT5M,0.0,0.0,0.0,0.0,0.0
0,0,0,0,27,0.15,67.2,2.6,215,2026-08-18 21:55:00,PT5M,0.0,0.0,0.0,0.0,0.0
0,0,0,0,27,0.15,67.4,2.6,215,2026-08-18 22:00:00,PT5M,0.0,0.0,0.0,0.0,0.0
0,0,0,0,27,0.15,67.7,2.6,216,2026-08-18 22:05:00,PT5M,0.0,0.0,0.0,0.0,0.0
0,0,0,0,27,0.15,68.0,2.6,216,2026-08-18 22:10:00,PT5M,0.0,0.0,0.0,0.0,0.0
0,0,0,0,27,0.15,68.3,2.6,216,2026-08-18 22:15:00,PT5M,0.0,0.0,0.0,0.0,0.0
0,0,0,0,27,0.15,68.5,2.6,217,2026-08-18 22:20:00,PT5M,0.0,0.0,0.0,0.0,0.0
0,0,0,0,27,0.15,68.8,2.6,217,2026-08-18 22:25:00,PT5M,0.0,0.0,0.0,0.0,0.0
0,0,0,0,27,0.15,69.1,2.6,217,2026-08-18 22:30:00,PT5M,0.0,0.0,0.0,0.0,0.0
0,0,0,0,27,0.15,69.3,2.6,218,2026-08-18 22:35:00,PT5M,0.0,0.0,0.0,0.0,0.0
0,0,0,0,27,0.15,69.4,2.6,218,2026-08-18 22:40:00,PT5M,0.0,0.0,0.0,0.0,0.0
0,0,0,0,26,0.15,69.6,2.6,219,2026-08-18 22:45:00,PT5M,0.0,0.0,0.0,0.0,0.0
0,0,0,0,26,0.15,69.7,2.6,220,2026-08-18 22:50:00,PT5M,0.0,0.0,0.0,0.0,0.0
0,0,0,0,26,0.15,69.8,2.6,221,2026-08-18 22:55:00,PT5M,0.0,0.0,0.0,0.0,0.0
0,0,0,0,26,0.15,70.0,2.6,222,2026-08-18 23:00:00,PT5M,0.0,0.0,0.0,0.0,0.0
0,0,0,0,26,0.15,70.1,2.6,222,2026-08-18 23:05:00,PT5M,0.0,0.0,0.0,0.0,0.0
0,0,0,0,26,0.15,70.3,2.6,223,2026-08-18 23:10:00,PT5M,0.0,0.0,0.0,0.0,0.0
0,0,0,0,26,0.15,70.4,2.6,224,2026-08-18 23:15:00,PT5M,0.0,0.0,0.0,0.0,0.0
0,0,0,0,26,0.15,70.5,2.6,225,2026-08-18 23:20:00,PT5M,0.0,0.0,0.0,0.0,0.0
0,0,0,0,26,0.15,70.7,2.6,225,2026-08-18 23:25:00,PT5M,0.0,0.0,0.0,0.0,0.0
0,0,0,0,26,0.15,70.8,2.6,226,2026-08-18 23:30:00,PT5M,0.0,0.0,0.0,0.0,0.0
0,0,0,0,26,0.15,71.0,2.6,227,2026-08-18 23:35:00,PT5M,0.0,0.0,0.0,0.0,0.0
0,0,0,0,26,0.15,71.1,2.6,226,2026-08-18 23:40:00,PT5M,0.0,0.0,0.0,0.0,0.0
0,0,0,0,26,0.15,71.2,2.6,226,2026-08-18 23:45:00,PT5M,0.0,0.0,0.0,0.0,0.0
0,0,0,0,26,0.15,71.4,2.6,226,2026-08-18 23:50:00,PT5M,0.0,0.0,0.0,0.0,0.0
0,0,0,0,26,0.15,71.5,2.6,226,2026-08-18 23:55:00,PT5M,0.0,0.0,0.0,0.0,0.0
0,0,0,0,26,0.15,71.7,2.6,226,2026-08-19 00:00:00,PT5M,0.0,0.0,0.0,0.0,0.0
0,0,0,0,26,0.15,71.8,2.6,226,2026-08-19 00:05:00,PT5M,0.0,0.0,0.0,0.0,0.0
0,0,0,0,26,0.15,71.9,2.5,226,2026-08-19 00:10:00,PT5M,0.0,0.0,0.0,0.0,0.0
0,0,0,0,26,0.15,72.1,2.5,226,2026-08-19 00:15:00,PT5M,0.0,0.0,0.0,0.0,0.0
0,0,0,0,26,0.15,72.2,2.5,226,2026-08-19 00:20:00,PT5M,0.0,0.0,0.0,0.0,0.0
0,0,0,0,26,0.15,72.4,2.5,226,2026-08-19 00:25:00,PT5M,0.0,0.0,0.0,0.0,0.0
0,0,0,0,26,0.15,72.5,2.5,226,2026-08-19 00:30:00,PT5M,0.0,0.0,0.0,0.0,0.0
0,0,0,0,26,0.15,72.7,2.5,226,2026-08-19 00:35:00,PT5M,0.0,0.0,0.0,0.0,0.0
0,0,0,0,26,0.15,72.8,2.5,226,2026-08-19 00:40:00,PT5M,0.0,0.0,0.0,0.0,0.0
0,0,0,0,26,0.15,72.9,2.5,226,2026-08-19 00:45:00,PT5M,0.0,0.0,0.0,0.0,0.0
0,0,0,0,26,0.15,73.1,2.5,226,2026-08-19 00:50:00,PT5M,0.0,0.0,0.0,0.0,0.0
0,0,0,0,26,0.15,73.2,2.5,226,2026-08-19 00:55:00,PT5M,0.0,0.0,0.0,0.0,0.0
0,0,0,0,26,0.15,73.4,2.4,226,2026-08-19 01:00:00,PT5M,0.0,0.0,0.0,0.0,0.0
0,0,0,0,26,0.15,73.5,2.4,226,2026-08-19 01:05:00,PT5M,0.0,0.0,0.0,0.0,0.0
0,0,0,0,26,0.15,73.7,2.4,226,2026-08-19 01:10:00,PT5M,0.0,0.0,0.0,0.0,0.0
0,0,0,0,26,0.15,73.8,2.4,226,2026-08-19 01:15:00,PT5M,0.0,0.0,0.0,0.0,0.0
0,0,0,0,26,0.15,74.0,2.4,226,2026-08-19 01:20:00,PT5M,0.0,0.0,0.0,0.0,0.0
0,0,0,0,26,0.15,74.1,2.4,226,2026-08-19 01:25:00,PT5M,0.0,0.0,0.0,0.0,0.0
0,0,0,0,25,0.15,74.3,2.4,226,2026-08-19 01:30:00,PT5M,0.0,0.0,0.0,0.0,0.0
0,0,0,0,25,0.15,74.4,2.4,226,2026-08-19 01:35:00,PT5M,0.0,0.0,0.0,0.0,0.0
0,0,0,0,25,0.15,74.5,2.4,225,2026-08-19 01:40:00,PT5M,0.0,0.0,0.0,0.0,0.0
0,0,0,0,25,0.15,74.7,2.4,225,2026-08-19 01:45:00,PT5M,0.0,0.0,0.0,0.0,0.0
0,0,0,0,25,0.15,74.8,2.3,225,2026-08-19 01:50:00,PT5M,0.0,0.0,0.0,0.0,0.0
0,0,0,0,25,0.15,75.0,2.3,225,2026-08-19 01:55:00,PT5M,0.0,0.0,0.0,0.0,0.0
0,0,0,0,25,0.15,75.1,2.3,225,2026-08-19 02:00:00,PT5M,0.0,0.0,0.0,0.0,0.0
0,0,0,0,25,0.15,75.3,2.3,225,2026-08-19 02:05:00,PT5M,0.0,0.0,0.0,0.0,0.0
0,0,0,0,25,0.15,75.4,2.3,225,2026-08-19 02:10:00,PT5M,0.0,0.0,0.0,0.0,0.0
0,0,0,0,25,0.15,75.6,2.3,225,2026-08-19 02:15:00,PT5M,0.0,0.0,0.0,0.0,0.0
0,0,0,0,25,0.15,75.7,2.3,225,2026-08-19 02:20:00,PT5M,0.0,0.0,0.0,0.0,0.0
0,0,0,0,25,0.15,75.9,2.3,225,2026-08-19 02:25:00,PT5M,0.0,0.0,0.0,0.0,0.0
0,0,0,0,25,0.15,76.0,2.3,225,2026-08-19 02:30:00,PT5M,0.0,0.0,0.0,0.0,0.0
0,0,0,0,25,0.15,76.1,2.3,225,2026-08-19 02:35:00,PT5M,0.0,0.0,0.0,0.0,0.0
0,0,0,0,25,0.15,76.1,2.3,225,2026-08-19 02:40:00,PT5M,0.0,0.0,0.0,0.0,0.0
0,0,0,0,25,0.15,76.1,2.3,225,2026-08-19 02:45:00,PT5M,0.0,0.0,0.0,0.0,0.0
0,0,0,0,25,0.15,76.1,2.3,226,2026-08-19 02:50:00,PT5M,0.0,0.0,0.0,0.0,0.0
0,0,0,0,25,0.15,76.0,2.3,226,2026-08-19 02:55:00,PT5M,0.0,0.0,0.0,0.0,0.0
0,0,0,0,25,0.15,76.0,2.3,226,2026-08-19 03:00:00,PT5M,0.0,0.0,0.0,0.0,0.0
0,0,0,0,25,0.15,76.0,2.3,226,2026-08-19 03:05:00,PT5M,0.0,0.0,0.0,0.0,0.0
0,0,0,0,25,0.15,76.0,2.3,226,2026-08-19 03:10:00,PT5M,0.0,0.0,0.0,0.0,0.0
0,0,0,0,25,0.15,76.0,2.3,226,2026-08-19 03:15:00,PT5M,0.0,0.0,0.0,0.0,0.0
0,0,0,0,25,0.15,76.0,2.3,226,2026-08-19 03:20:00,PT5M,0.0,0.0,0.0,0.0,0.0
0,0,0,0,25,0.15,75.9,2.3,227,2026-08-19 03:25:00,PT5M,0.0,0.0,0.0,0.0,0.0
0,0,0,0,25,0.15,75.9,2.3,227,2026-08-19 03:30:00,PT5M,0.0,0.0,0.0,0.0,0.0
0,0,0,0,25,0.15,75.9,2.3,227,2026-08-19 03:35:00,PT5M,0.0,0.0,0.0,0.0,0.0
0,0,0,0,25,0.15,75.9,2.3,227,2026-08-19 03:40:00,PT5M,0.0,0.0,0.0,0.0,0.0
0,0,0,0,25,0.15,75.9,2.3,227,2026-08-19 03:45:00,PT5M,0.0,0.0,0.0,0.0,0.0
0,0,0,0,25,0.15,75.8,2.4,227,2026-08-19 03:50:00,PT5M,0.0,0.0,0.0,0.0,0.0
0,0,0,0,25,0.15,75.8,2.4,227,2026-08-19 03:55:00,PT5M,0.0,0.0,0.0,0.0,0.0
0,0,0,0,25,0.15,75.8,2.4,227,2026-08-19 04:00:00,PT5M,0.0,0.0,0.0,0.0,0.0
0,0,0,0,25,0.15,75.8,2.4,228,2026-08-19 04:05:00,PT5M,0.0,0.0,0.0,0.0,0.0
0,0,0,0,25,0.15,75.8,2.4,228,2026-08-19 04:10:00,PT5M,0.0,0.0,0.0,0.0,0.0
0,0,0,0,24,0.15,75.8,2.4,228,2026-08-19 04:15:00,PT5M,0.0,0.0,0.0,0.0,0.0
0,0,0,0,24,0.15,75.7,2.4,228,2026-08-19 04:20:00,PT5M,0.0,0.0,0.0,0.0,0.0
0,0,0,0,24,0.15,75.7,2.4,228,2026-08-19 04:25:00,PT5M,0.0,0.0,0.0,0.0,0.0
0,0,0,0,24,0.15,75.7,2.4,228,2026-08-19 04:30:00,PT5M,0.0,0.0,0.0,0.0,0.0
0,0,0,0,24,0.15,75.7,2.4,228,2026-08-19 04:35:00,PT5M,0.0,0.0,0.0,0.0,0.0
0,0,0,0,24,0.15,75.7,2.4,229,2026-08-19 04:40:00,PT5M,0.0,0.0,0.0,0.0,0.0
0,0,0,0,24,0.15,75.7,2.4,229,2026-08-19 04:45:00,PT5M,0.0,0.0,0.0,0.0,0.0
0,0,0,0,24,0.15,75.6,2.4,229,2026-08-19 04:50:00,PT5M,0.0,0.0,0.0,0.0,0.0
0,0,0,0,24,0.15,75.6,2.4,229,2026-08-19 04:55:00,PT5M,0.0,0.0,0.0,0.0,0.0
0,0,0,0,24,0.15,75.6,2.4,229,2026-08-19 05:00:00,PT5M,0.0,0.0,0.0,0.0,0.0
0,0,0,0,24,0.15,75.6,2.4,229,2026-08-19 05:05:00,PT5M,0.0,0.0,0.0,0.0,0.0
0,0,0,0,24,0.15,75.6,2.5,229,2026-08-19 05:10:00,PT5M,0.0,0.0,0.0,0.0,0.0
0,0,0,0,24,0.15,75.6,2.5,229,2026-08-19 05:15:00,PT5M,0.0,0.0,0.0,0.0,0.0
0,0,0,0,24,0.15,75.5,2.5,230,2026-08-19 05:20:00,PT5M,0.0,0.0,0.0,0.0,0.0
0,0,0,0,24,0.15,75.5,2.5,230,2026-08-19 05:25:00,PT5M,0.0,0.0,0.0,0.0,0.0
0,0,0,0,24,0.15,75.5,2.5,230,2026-08-19 05:30:00,PT5M,0.0,0.0,0.0,0.0,0.0
0,0,0,0,24,0.15,75.1,2.5,230,2026-08-19 05:35:00,PT5M,0.0,0.0,0.0,0.0,0.0
0,0,0,0,24,0.15,74.4,2.5,230,2026-08-19 05:40:00,PT5M,0.0,0.0,0.0,0.0,0.0
0,0,0,0,24,0.15,73.6,2.5,231,2026-08-19 05:45:00,PT5M,0.0,0.0,0.0,0.0,0.0
0,0,0,0,25,0.15,72.9,2.6,231,2026-08-19 05:50:00,PT5M,0.0,0.0,0.0,0.0,0.0
0,0,0,0,25,0.15,72.2,2.6,231,2026-08-19 05:55:00,PT5M,0.0,0.0,0.0,0.0,0.0
0,0,0,0,25,0.15,71.5,2.6,232,2026-08-19 06:00:00,PT5M,0.0,0.0,0.0,0.0,0.0
1,1,0,1,25,0.15,70.8,2.6,232,2026-08-19 06:05:00,PT5M,0.0,0.0,0.0,0.0,0.0
6,6,0,6,25,0.15,70.1,2.6,232,2026-08-19 06:10:00,PT5M,0.18,0.3835,0.2871,0.0729,0.0
13,14,0,14,25,0.15,69.4,2.7,232,2026-08-19 06:15:00,PT5M,1.168,1.92,1.5638,0.7722,0.416
21,22,0,22,25,0.15,68.7,2.7,233,2026-08-19 06:20:00,PT5M,2.264,3.578,2.9556,1.5724,0.95
31,32,0,32,26,0.15,68.1,2.7,233,2026-08-19 06:25:00,PT5M,3.468,5.7385,4.663,2.273,1.1975
41,42,0,42,26,0.15,67.4,2.7,233,2026-08-19 06:30:00,PT5M,4.799,8.137,6.5558,3.0422,1.461
50,54,23,51,26,0.15,66.8,2.8,234,2026-08-19 06:35:00,PT5M,6.854,11.5275,9.3137,4.3943,2.1805
59,67,53,59,26,0.15,66.1,2.8,234,2026-08-19 06:40:00,PT5M,9.406,15.5465,12.6378,6.1742,3.2655
69,82,83,67,26,0.15,65.5,2.8,234,2026-08-19 06:45:00,PT5M,12.257,19.9555,16.3088,8.2052,4.5585
81,97,114,75,26,0.15,64.8,2.8,234,2026-08-19 06:50:00,PT5M,15.426,24.7035,20.3088,10.5432,6.1485
93,113,144,82,26,0.15,64.2,2.8,235,2026-08-19 06:55:00,PT5M,18.932,29.797,24.6503,13.2137,8.067
106,130,175,89,27,0.15,63.6,2.9,235,2026-08-19 07:00:00,PT5M,22.626,35.141,29.2127,16.0393,10.111
119,148,205,95,27,0.15,63.0,2.9,235,2026-08-19 07:05:00,PT5M,26.584,40.8265,34.0799,19.0881,12.3415
133,165,228,102,27,0.15,62.4,2.9,235,2026-08-19 07:10:00,PT5M,30.443,46.5,38.8939,21.9921,14.386
148,182,249,108,27,0.15,61.7,2.9,236,2026-08-19 07:15:00,PT5M,34.366,52.293,43.8011,24.9309,16.439
163,199,270,114,27,0.15,61.2,2.9,236,2026-08-19 07:20:00,PT5M,38.403,58.23,48.8381,27.9679,18.576
178,217,289,120,27,0.15,60.6,3.0,236,2026-08-19 07:25:00,PT5M,42.517,64.3115,53.9876,31.0464,20.7225
193,235,308,126,27,0.15,60.0,3.0,236,2026-08-19 07:30:00,PT5M,46.689,70.4155,59.1764,34.2016,22.9625
209,253,325,131,28,0.15,59.4,3.0,236,2026-08-19 07:35:00,PT5M,50.923,76.585,64.4291,37.4169,25.261
225,271,343,136,28,0.15,58.8,3.0,237,2026-08-19 07:40:00,PT5M,55.227,82.839,69.7594,40.6946,27.615
241,290,360,141,28,0.15,58.3,3.1,237,2026-08-19 07:45:00,PT5M,59.586,89.216,75.1805,43.9915,29.956
257,308,376,145,28,0.15,57.7,3.1,237,2026-08-19 07:50:00,PT5M,63.071,94.017,79.3581,46.7839,32.125
273,327,393,149,28,0.15,57.1,3.1,237,2026-08-19 07:55:00,PT5M,65.632,97.1015,82.1946,49.0694,34.1625
290,346,409,153,28,0.15,56.6,3.1,237,2026-08-19 08:00:00,PT5M,68.105,100.0,84.9153,51.2947,36.165
307,364,425,156,28,0.15,56.1,3.2,238,2026-08-19 08:05:00,PT5M,70.482,100.0,87.5107,53.4533,38.127
323,383,440,160,29,0.15,55.5,3.2,238,2026-08-19 08:10:00,PT5M,72.75,100.0,89.9645,55.5355,40.042
340,402,455,162,29,0.15,55.0,3.2,238,2026-08-19 08:15:00,PT5M,74.897,100.0,92.2593,57.5347,41.908
357,421,470,165,29,0.15,54.5,3.2,238,2026-08-19 08:20:00,PT5M,76.91,100.0,94.3787,59.4413,43.719
374,440,485,167,29,0.15,53.9,3.2,238,2026-08-19 08:25:00,PT5M,78.781,100.0,96.312,61.25,45.4715
391,458,499,169,29,0.15,53.4,3.3,239,2026-08-19 08:30:00,PT5M,80.497,100.0,98.032,62.962,47.18
406,476,508,173,29,0.15,52.8,3.3,239,2026-08-19 08:35:00,PT5M,81.77,100.0,99.311,64.229,48.4415
421,492,513,177,29,0.15,51.9,3.2,239,2026-08-19 08:40:00,PT5M,82.647,100.0,100.0,65.0857,49.28
436,507,517,181,30,0.15,51.1,3.2,239,2026-08-19 08:45:00,PT5M,83.464,100.0,100.0,65.8948,50.082
451,523,521,185,30,0.15,50.3,3.1,240,2026-08-19 08:50:00,PT5M,84.225,100.0,100.0,66.6563,50.844
465,538,525,190,30,0.15,49.6,3.1,240,2026-08-19 08:55:00,PT5M,84.938,100.0,100.0,67.3749,51.5675
479,552,529,194,30,0.15,48.8,3.0,240,2026-08-19 09:00:00,PT5M,85.609,100.0,100.0,68.058,52.2615
493,567,532,198,31,0.15,48.0,3.0,241,2026-08-19 09:05:00,PT5M,86.26,100.0,100.0,68.7229,52.939
506,581,536,201,31,0.15,47.3,3.0,241,2026-08-19 09:10:00,PT5M,86.905,100.0,100.0,69.3587,53.5665
520,596,541,204,31,0.15,46.6,2.9,241,2026-08-19 09:15:00,PT5M,87.673,100.0,100.0,70.1567,54.3915
533,610,546,207,31,0.15,45.8,2.9,242,2026-08-19 09:20:00,PT5M,88.351,100.0,100.0,70.8689,55.1345
546,624,550,210,31,0.15,45.1,2.8,242,2026-08-19 09:25:00,PT5M,88.994,100.0,100.0,71.5488,55.8475
559,637,555,213,32,0.15,44.4,2.8,243,2026-08-19 09:30:00,PT5M,89.603,100.0,100.0,72.2728,56.675
572,651,560,215,32,0.15,43.8,2.8,243,2026-08-19 09:35:00,PT5M,90.25,100.0,100.0,73.0908,57.647
585,665,566,216,32,0.15,43.1,2.7,243,2026-08-19 09:40:00,PT5M,90.934,100.0,100.0,73.9398,58.6445
597,678,572,218,32,0.15,42.4,2.7,244,2026-08-19 09:45:00,PT5M,91.586,100.0,100.0,74.7508,59.5985
610,692,578,219,32,0.15,41.8,2.6,244,2026-08-19 09:50:00,PT5M,92.208,100.0,100.0,75.5256,60.511
621,704,582,221,33,0.15,41.1,2.6,245,2026-08-19 09:55:00,PT5M,92.749,100.0,100.0,76.2087,61.322
632,716,587,223,33,0.15,40.5,2.5,245,2026-08-19 10:00:00,PT5M,93.256,100.0,100.0,76.8507,62.0855
643,728,591,224,33,0.15,39.9,2.5,246,2026-08-19 10:05:00,PT5M,93.737,100.0,100.0,77.4599,62.81
654,739,595,225,33,0.15,39.3,2.5,246,2026-08-19 10:10:00,PT5M,94.192,100.0,100.0,78.0336,63.4905
664,750,599,227,33,0.15,38.7,2.4,247,2026-08-19 10:15:00,PT5M,94.621,100.0,100.0,78.5744,64.132
674,760,603,228,34,0.15,38.1,2.4,247,2026-08-19 10:20:00,PT5M,95.023,100.0,100.0,79.0812,64.733
684,771,606,229,34,0.15,37.5,2.3,248,2026-08-19 10:25:00,PT5M,95.401,100.0,100.0,79.557,65.297
693,780,610,230,34,0.15,36.9,2.3,248,2026-08-19 10:30:00,PT5M,95.754,100.0,100.0,80.0016,65.824
702,790,613,231,34,0.15,36.4,2.3,249,2026-08-19 10:35:00,PT5M,96.085,100.0,100.0,80.4395,66.358
710,798,617,232,34,0.15,35.8,2.2,250,2026-08-19 10:40:00,PT5M,96.397,100.0,100.0,80.8754,66.9055
718,807,620,232,35,0.15,35.3,2.2,250,2026-08-19 10:45:00,PT5M,96.684,100.0,100.0,81.2811,67.418
726,815,623,233,35,0.15,34.7,2.2,251,2026-08-19 10:50:00,PT5M,96.948,100.0,100.0,81.6588,67.898
733,823,626,233,35,0.15,34.2,2.1,252,2026-08-19 10:55:00,PT5M,97.187,100.0,100.0,82.0051,68.341
740,830,629,234,35,0.15,33.7,2.1,252,2026-08-19 11:00:00,PT5M,97.402,100.0,100.0,82.3196,68.745
746,837,632,234,36,0.15,33.2,2.0,253,2026-08-19 11:05:00,PT5M,97.582,100.0,100.0,82.5862,69.0895
752,843,634,235,36,0.15,32.7,2.0,254,2026-08-19 11:10:00,PT5M,97.729,100.0,100.0,82.7995,69.3625
757,849,636,235,36,0.15,32.2,2.0,254,2026-08-19 11:15:00,PT5M,97.863,100.0,100.0,83.0096,69.641
762,854,638,236,36,0.15,31.7,1.9,255,2026-08-19 11:20:00,PT5M,97.981,100.0,100.0,83.2065,69.909
767,859,639,236,36,0.15,31.2,1.9,256,2026-08-19 11:25:00,PT5M,98.075,100.0,100.0,83.3676,70.1305
771,863,641,236,37,0.15,30.8,1.9,257,2026-08-19 11:30:00,PT5M,98.148,100.0,100.0,83.4946,70.306
775,867,642,236,37,0.15,30.5,1.8,258,2026-08-19 11:35:00,PT5M,98.224,100.0,100.0,83.6319,70.4985
778,871,644,237,37,0.15,30.4,1.8,258,2026-08-19 11:40:00,PT5M,98.304,100.0,100.0,83.7811,70.71
780,873,645,237,37,0.15,30.3,1.7,259,2026-08-19 11:45:00,PT5M,98.365,100.0,100.0,83.9055,70.8915
783,876,646,237,37,0.15,30.3,1.7,260,2026-08-19 11:50:00,PT5M,98.404,100.0,100.0,84.0011,71.038
784,878,647,237,37,0.15,30.2,1.6,261,2026-08-19 11:55:00,PT5M,98.421,100.0,100.0,84.0676,71.149
786,879,647,237,37,0.15,30.1,1.5,261,2026-08-19 12:00:00,PT5M,98.415,100.0,100.0,84.1037,71.223
786,880,647,237,37,0.15,30.0,1.5,262,2026-08-19 12:05:00,PT5M,98.377,100.0,100.0,84.0991,71.2485
787,880,647,237,37,0.15,29.9,1.4,263,2026-08-19 12:10:00,PT5M,98.309,100.0,100.0,84.0558,71.2275
786,879,646,238,37,0.15,29.9,1.4,264,2026-08-19 12:15:00,PT5M,98.314,100.0,100.0,84.0777,71.2645
785,878,645,238,37,0.15,29.8,1.3,265,2026-08-19 12:20:00,PT5M,98.298,100.0,100.0,84.0706,71.2655
784,877,644,238,37,0.15,29.7,1.3,266,2026-08-19 12:25:00,PT5M,98.258,100.0,100.0,84.0314,71.227
782,875,642,239,37,0.15,29.6,1.2,268,2026-08-19 12:30:00,PT5M,98.194,100.0,100.0,83.9608,71.1505
780,872,641,239,37,0.15,29.5,1.2,269,2026-08-19 12:35:00,PT5M,98.108,100.0,100.0,83.8606,71.0375
777,869,639,240,37,0.15,29.5,1.1,271,2026-08-19 12:40:00,PT5M,98.0,100.0,100.0,83.7313,70.889
774,866,637,240,37,0.15,29.4,1.1,272,2026-08-19 12:45:00,PT5M,97.871,100.0,100.0,83.5747,70.7075
770,862,635,240,37,0.15,29.3,1.0,274,2026-08-19 12:50:00,PT5M,97.722,100.0,100.0,83.3904,70.4915
766,857,633,240,37,0.15,29.2,1.0,276,2026-08-19 12:55:00,PT5M,97.552,100.0,100.0,83.1778,70.2405
761,852,631,240,37,0.15,29.1,0.9,278,2026-08-19 13:00:00,PT5M,97.36,100.0,100.0,82.9308,69.944
756,847,628,240,37,0.15,29.1,0.9,281,2026-08-19 13:05:00,PT5M,97.152,100.0,100.0,82.6551,69.6075
751,841,626,239,37,0.15,29.0,0.8,283,2026-08-19 13:10:00,PT5M,96.933,100.0,100.0,82.3706,69.264
745,835,624,239,37,0.15,28.9,0.8,286,2026-08-19 13:15:00,PT5M,96.703,100.0,100.0,82.0851,68.9285
739,828,622,238,37,0.15,28.8,0.8,290,2026-08-19 13:20:00,PT5M,96.448,100.0,100.0,81.7575,68.5355
732,821,620,237,38,0.15,28.8,0.7,293,2026-08-19 13:25:00,PT5M,96.166,100.0,100.0,81.3883,68.088
725,814,617,236,38,0.15,28.7,0.7,297,2026-08-19 13:30:00,PT5M,95.86,100.0,100.0,80.9868,67.6005
717,805,613,236,38,0.15,28.6,0.7,301,2026-08-19 13:35:00,PT5M,95.47,100.0,100.0,80.4721,66.9735
709,796,608,236,38,0.15,28.5,0.6,306,2026-08-19 13:40:00,PT5M,94.997,100.0,100.0,79.8472,66.212
699,786,603,236,38,0.15,28.5,0.6,311,2026-08-19 13:45:00,PT5M,94.499,100.0,100.0,79.1932,65.4175
690,776,598,236,38,0.15,28.4,0.6,316,2026-08-19 13:50:00,PT5M,93.98,100.0,100.0,78.5137,64.5935
680,766,592,235,38,0.15,28.3,0.6,321,2026-08-19 13:55:00,PT5M,93.441,100.0,100.0,77.8102,63.742
670,755,587,235,38,0.15,28.2,0.6,327,2026-08-19 14:00:00,PT5M,92.878,100.0,100.0,77.078,62.8575
660,743,581,234,38,0.15,28.2,0.6,333,2026-08-19 14:05:00,PT5M,92.291,100.0,100.0,76.3168,61.9395
649,732,576,234,38,0.15,28.1,0.6,338,2026-08-19 14:10:00,PT5M,91.678,100.0,100.0,75.5246,60.986
638,720,570,233,38,0.15,28.0,0.6,344,2026-08-19 14:15:00,PT5M,91.04,100.0,100.0,74.7024,59.998
627,708,564,232,38,0.15,27.9,0.6,349,2026-08-19 14:20:00,PT5M,90.375,100.0,100.0,73.8463,58.97
615,695,558,230,38,0.15,27.9,0.7,353,2026-08-19 14:25:00,PT5M,89.686,100.0,100.0,72.9618,57.9095
603,682,552,229,38,0.15,27.8,0.7,358,2026-08-19 14:30:00,PT5M,88.972,100.0,100.0,72.0481,56.816
589,667,541,230,38,0.15,27.9,0.7,360,2026-08-19 14:35:00,PT5M,87.936,100.0,100.0,70.8621,55.495
574,649,525,232,38,0.15,28.3,0.8,360,2026-08-19 14:40:00,PT5M,86.599,100.0,100.0,69.3764,53.8755
558,632,509,234,38,0.15,28.7,0.8,359,2026-08-19 14:45:00,PT5M,85.238,100.0,100.0,67.8717,52.2415
543,614,493,235,38,0.15,29.1,0.8,359,2026-08-19 14:50:00,PT5M,83.835,100.0,100.0,66.3311,50.577
527,597,478,236,37,0.15,29.5,0.9,359,2026-08-19 14:55:00,PT5M,82.389,100.0,100.0,64.7532,48.8805
511,579,462,236,37,0.15,29.9,0.9,359,2026-08-19 15:00:00,PT5M,80.898,100.0,98.6585,63.1375,47.1525
495,561,447,236,37,0.15,30.3,0.9,359,2026-08-19 15:05:00,PT5M,79.343,100.0,97.2177,61.4683,45.3805
479,543,431,236,37,0.15,30.8,1.0,359,2026-08-19 15:10:00,PT5M,77.72,100.0,95.6963,59.7437,43.5645
464,525,416,235,37,0.15,31.2,1.0,359,2026-08-19 15:15:00,PT5M,76.126,100.0,94.1894,58.0626,41.805
448,508,402,234,37,0.15,31.6,1.0,359,2026-08-19 15:20:00,PT5M,74.519,100.0,92.6571,56.3809,40.056
433,490,388,232,37,0.15,32.0,1.1,358,2026-08-19 15:25:00,PT5M,72.857,100.0,91.0288,54.6852,38.33
417,473,373,230,36,0.15,32.5,1.1,358,2026-08-19 15:30:00,PT5M,71.14,100.0,89.361,52.919,36.5195
402,456,361,227,36,0.15,32.9,1.1,358,2026-08-19 15:35:00,PT5M,69.591,100.0,87.8299,51.3521,34.9365
387,440,352,223,36,0.15,33.4,1.2,358,2026-08-19 15:40:00,PT5M,68.187,100.0,86.4114,49.9626,33.56
373,424,343,219,36,0.15,33.9,1.2,358,2026-08-19 15:45:00,PT5M,66.719,100.0,84.9134,48.5246,32.149
358,408,333,214,36,0.15,34.3,1.2,358,2026-08-19 15:50:00,PT5M,65.18,99.656,83.325,47.035,30.704
344,392,323,209,36,0.15,34.8,1.3,358,2026-08-19 15:55:00,PT5M,63.548,97.8815,81.618,45.478,29.2145
329,375,312,204,36,0.15,35.3,1.3,358,2026-08-19 16:00:00,PT5M,61.807,95.894,79.7472,43.8668,27.72
314,359,302,199,35,0.15,35.8,1.3,358,2026-08-19 16:05:00,PT5M,59.983,93.755,77.7574,42.2086,26.211
299,343,291,194,35,0.15,36.3,1.4,358,2026-08-19 16:10:00,PT5M,58.085,91.4795,75.6608,40.5092,24.6905
285,326,280,188,35,0.15,36.8,1.4,358,2026-08-19 16:15:00,PT5M,56.09,89.0395,73.4316,38.7484,23.1405
270,310,269,182,35,0.15,37.3,1.4,358,2026-08-19 16:20:00,PT5M,54.008,86.454,71.0846,36.9314,21.562
255,294,258,176,35,0.15,37.8,1.5,358,2026-08-19 16:25:00,PT5M,51.846,83.7375,68.6307,35.0613,19.9545
241,277,246,170,35,0.15,38.3,1.5,357,2026-08-19 16:30:00,PT5M,49.61,80.8985,66.0774,33.1426,18.3215
226,261,235,163,35,0.15,38.9,1.5,357,2026-08-19 16:35:00,PT5M,46.953,76.9735,62.753,31.153,16.9325
212,245,224,156,34,0.15,39.4,1.6,357,2026-08-19 16:40:00,PT5M,43.725,71.683,58.4395,29.0105,15.767
198,230,213,149,34,0.15,39.9,1.6,357,2026-08-19 16:45:00,PT5M,40.501,66.4675,54.1674,26.8346,14.5345
184,214,201,142,34,0.15,40.5,1.6,357,2026-08-19 16:50:00,PT5M,37.288,61.288,49.9194,24.6566,13.288
171,198,188,134,34,0.15,41.1,1.7,357,2026-08-19 16:55:00,PT5M,34.073,56.118,45.6754,22.4706,12.028
157,183,175,127,34,0.15,41.6,1.7,357,2026-08-19 17:00:00,PT5M,30.897,50.9535,41.4529,20.3411,10.8405
144,167,162,119,34,0.15,42.2,1.7,357,2026-08-19 17:05:00,PT5M,27.776,45.9255,37.3282,18.2238,9.6265
131,152,147,111,33,0.15,42.8,1.8,357,2026-08-19 17:10:00,PT5M,24.744,41.031,33.316,16.172,8.457
118,137,132,103,33,0.15,43.4,1.8,357,2026-08-19 17:15:00,PT5M,21.805,36.278,29.4222,14.1878,7.332
105,122,111,95,33,0.15,44.0,1.8,357,2026-08-19 17:20:00,PT5M,18.683,31.442,25.3982,11.9678,5.924
93,107,89,87,33,0.15,44.6,1.9,357,2026-08-19 17:25:00,PT5M,15.799,26.931,21.6579,9.9401,4.667
81,92,67,79,33,0.15,45.2,1.9,357,2026-08-19 17:30:00,PT5M,13.001,22.5655,18.0349,7.9671,3.4365
71,78,44,70,33,0.15,45.7,1.8,356,2026-08-19 17:35:00,PT5M,10.419,18.428,14.6342,6.2038,2.41
61,65,20,62,33,0.15,46.1,1.7,354,2026-08-19 17:40:00,PT5M,8.108,14.573,11.5106,4.7054,1.643
51,53,0,53,33,0.15,46.5,1.6,352,2026-08-19 17:45:00,PT5M,6.058,11.05,8.6853,3.4307,1.066
40,42,0,42,32,0.15,46.9,1.5,350,2026-08-19 17:50:00,PT5M,4.598,8.2525,6.5214,2.6746,0.9435
30,31,0,31,32,0.15,47.3,1.4,347,2026-08-19 17:55:00,PT5M,3.367,5.878,4.6886,2.0454,0.856
22,22,0,22,32,0.15,47.7,1.3,344,2026-08-19 18:00:00,PT5M,2.247,3.755,3.0407,1.4533,0.739
14,14,0,14,32,0.15,48.1,1.3,340,2026-08-19 18:05:00,PT5M,1.215,2.0775,1.6689,0.7611,0.3525
7,7,0,7,32,0.15,48.6,1.2,336,2026-08-19 18:10:00,PT5M,0.234,0.527,0.3882,0.0798,0.0
1,2,0,2,32,0.15,49.0,1.1,331,2026-08-19 18:15:00,PT5M,0.0,0.0,0.0,0.0,0.0
0,0,0,0,32,0.15,49.4,1.0,326,2026-08-19 18:20:00,PT5M,0.0,0.0,0.0,0.0,0.0
0,0,0,0,31,0.15,49.8,1.0,320,2026-08-19 18:25:00,PT5M,0.0,0.0,0.0,0.0,0.0
0,0,0,0,31,0.15,50.3,0.9,313,2026-08-19 18:30:00,PT5M,0.0,0.0,0.0,0.0,0.0
0,0,0,0,31,0.15,50.7,0.9,305,2026-08-19 18:35:00,PT5M,0.0,0.0,0.0,0.0,0.0
0,0,0,0,31,0.15,51.1,0.9,297,2026-08-19 18:40:00,PT5M,0.0,0.0,0.0,0.0,0.0
0,0,0,0,31,0.15,51.6,0.9,289,2026-08-19 18:45:00,PT5M,0.0,0.0,0.0,0.0,0.0
0,0,0,0,31,0.15,52.0,0.9,281,2026-08-19 18:50:00,PT5M,0.0,0.0,0.0,0.0,0.0
0,0,0,0,31,0.15,52.5,0.9,274,2026-08-19 18:55:00,PT5M,0.0,0.0,0.0,0.0,0.0
0,0,0,0,31,0.15,52.9,1.0,267,2026-08-19 19:00:00,PT5M,0.0,0.0,0.0,0.0,0.0
0,0,0,0,30,0.15,53.4,1.0,261,2026-08-19 19:05:00,PT5M,0.0,0.0,0.0,0.0,0.0
0,0,0,0,30,0.15,53.9,1.1,256,2026-08-19 19:10:00,PT5M,0.0,0.0,0.0,0.0,0.0
0,0,0,0,30,0.15,54.3,1.2,251,2026-08-19 19:15:00,PT5M,0.0,0.0,0.0,0.0,0.0
0,0,0,0,30,0.15,54.8,1.3,247,2026-08-19 19:20:00,PT5M,0.0,0.0,0.0,0.0,0.0
0,0,0,0,30,0.15,55.3,1.4,244,2026-08-19 19:25:00,PT5M,0.0,0.0,0.0,0.0,0.0
0,0,0,0,30,0.15,55.8,1.5,241,2026-08-19 19:30:00,PT5M,0.0,0.0,0.0,0.0,0.0
0,0,0,0,30,0.15,56.3,1.6,238,2026-08-19 19:35:00,PT5M,0.0,0.0,0.0,0.0,0.0
0,0,0,0,29,0.15,56.7,1.7,236,2026-08-19 19:40:00,PT5M,0.0,0.0,0.0,0.0,0.0
0,0,0,0,29,0.15,57.2,1.8,234,2026-08-19 19:45:00,PT5M,0.0,0.0,0.0,0.0,0.0
0,0,0,0,29,0.15,57.7,1.9,232,2026-08-19 19:50:00,PT5M,0.0,0.0,0.0,0.0,0.0
0,0,0,0,29,0.15,58.3,2.0,230,2026-08-19 19:55:00,PT5M,0.0,0.0,0.0,0.0,0.0
0,0,0,0,29,0.15,58.8,2.1,229,2026-08-19 20:00:00,PT5M,0.0,0.0,0.0,0.0,0.0
0,0,0,0,29,0.15,59.3,2.2,228,2026-08-19 20:05:00,PT5M,0.0,0.0,0.0,0.0,0.0
0,0,0,0,29,0.15,59.8,2.3,226,2026-08-19 20:10:00,PT5M,0.0,0.0,0.0,0.0,0.0
0,0,0,0,29,0.15,60.3,2.4,225,2026-08-19 20:15:00,PT5M,0.0,0.0,0.0,0.0,0.0
0,0,0,0,28,0.15,60.9,2.5,224,2026-08-19 20:20:00,PT5M,0.0,0.0,0.0,0.0,0.0
0,0,0,0,28,0.15,61.4,2.7,223,2026-08-19 20:25:00,PT5M,0.0,0.0,0.0,0.0,0.0
0,0,0,0,28,0.15,61.9,2.8,223,2026-08-19 20:30:00,PT5M,0.0,0.0,0.0,0.0,0.0
0,0,0,0,28,0.15,62.3,2.8,222,2026-08-19 20:35:00,PT5M,0.0,0.0,0.0,0.0,0.0
0,0,0,0,28,0.15,62.6,2.8,222,2026-08-19 20:40:00,PT5M,0.0,0.0,0.0,0.0,0.0
0,0,0,0,28,0.15,62.8,2.8,222,2026-08-19 20:45:00,PT5M,0.0,0.0,0.0,0.0,0.0
0,0,0,0,28,0.15,63.0,2.8,222,2026-08-19 20:50:00,PT5M,0.0,0.0,0.0,0.0,0.0
0,0,0,0,28,0.15,63.3,2.8,222,2026-08-19 20:55:00,PT5M,0.0,0.0,0.0,0.0,0.0
0,0,0,0,28,0.15,63.5,2.8,222,2026-08-19 21:00:00,PT5M,0.0,0.0,0.0,0.0,0.0
0,0,0,0,28,0.15,63.8,2.8,222,2026-08-19 21:05:00,PT5M,0.0,0.0,0.0,0.0,0.0
0,0,0,0,28,0.15,64.0,2.8,222,2026-08-19 21:10:00,PT5M,0.0,0.0,0.0,0.0,0.0
0,0,0,0,28,0.15,64.2,2.8,222,2026-08-19 21:15:00,PT5M,0.0,0.0,0.0,0.0,0.0
0,0,0,0,28,0.15,64.5,2.8,223,2026-08-19 21:20:00,PT5M,0.0,0.0,0.0,0.0,0.0
0,0,0,0,27,0.15,64.7,2.9,223,2026-08-19 21:25:00,PT5M,0.0,0.0,0.0,0.0,0.0
0,0,0,0,27,0.15,65.0,2.9,223,2026-08-19 21:30:00,PT5M,0.0,0.0,0.0,0.0,0.0
0,0,0,0,27,0.15,65.2,2.9,223,2026-08-19 21:35:00,PT5M,0.0,0.0,0.0,0.0,0.0
0,0,0,0,27,0.15,65.5,2.9,223,2026-08-19 21:40:00,PT5M,0.0,0.0,0.0,0.0,0.0
0,0,0,0,27,0.15,65.7,2.9,223,2026-08-19 21:45:00,PT5M,0.0,0.0,0.0,0.0,0.0
0,0,0,0,27,0.15,66.0,2.9,223,2026-08-19 21:50:00,PT5M,0.0,0.0,0.0,0.0,0.0
0,0,0,0,27,0.15,66.2,2.9,223,2026-08-19 21:55:00,PT5M,0.0,0.0,0.0,0.0,0.0
0,0,0,0,27,0.15,66.5,2.9,223,2026-08-19 22:00:00,PT5M,0.0,0.0,0.0,0.0,0.0
0,0,0,0,27,0.15,66.7,2.9,223,2026-08-19 22:05:00,PT5M,0.0,0.0,0.0,0.0,0.0
0,0,0,0,27,0.15,67.0,2.9,223,2026-08-19 22:10:00,PT5M,0.0,0.0,0.0,0.0,0.0
0,0,0,0,27,0.15,67.2,2.9,223,2026-08-19 22:15:00,PT5M,0.0,0.0,0.0,0.0,0.0
0,0,0,0,27,0.15,67.5,2.9,223,2026-08-19 22:20:00,PT5M,0.0,0.0,0.0,0.0,0.0
0,0,0,0,27,0.15,67.7,2.9,223,2026-08-19 22:25:00,PT5M,0.0,0.0,0.0,0.0,0.0
0,0,0,0,27,0.15,68.0,2.9,223,2026-08-19 22:30:00,PT5M,0.0,0.0,0.0,0.0,0.0
0,0,0,0,27,0.15,68.2,2.9,223,2026-08-19 22:35:00,PT5M,0.0,0.0,0.0,0.0,0.0
0,0,0,0,27,0.15,68.5,2.9,223,2026-08-19 22:40:00,PT5M,0.0,0.0,0.0,0.0,0.0
0,0,0,0,27,0.15,68.8,2.9,223,2026-08-19 22:45:00,PT5M,0.0,0.0,0.0,0.0,0.0
0,0,0,0,27,0.15,69.0,2.9,223,2026-08-19 22:50:00,PT5M,0.0,0.0,0.0,0.0,0.0
0,0,0,0,26,0.15,69.3,2.9,223,2026-08-19 22:55:00,PT5M,0.0,0.0,0.0,0.0,0.0
0,0,0,0,26,0.15,69.5,2.9,223,2026-08-19 23:00:00,PT5M,0.0,0.0,0.0,0.0,0.0
0,0,0,0,26,0.15,69.8,2.9,223,2026-08-19 23:05:00,PT5M,0.0,0.0,0.0,0.0,0.0
0,0,0,0,26,0.15,70.1,2.9,223,2026-08-19 23:10:00,PT5M,0.0,0.0,0.0,0.0,0.0
0,0,0,0,26,0.15,70.3,2.9,223,2026-08-19 23:15:00,PT5M,0.0,0.0,0.0,0.0,0.0
0,0,0,0,26,0.15,70.6,2.9,224,2026-08-19 23:20:00,PT5M,0.0,0.0,0.0,0.0,0.0
0,0,0,0,26,0.15,70.9,2.9,224,2026-08-19 23:25:00,PT5M,0.0,0.0,0.0,0.0,0.0
0,0,0,0,26,0.15,71.2,2.9,224,2026-08-19 23:30:00,PT5M,0.0,0.0,0.0,0.0,0.0
0,0,0,0,26,0.15,71.3,2.9,224,2026-08-19 23:35:00,PT5M,0.0,0.0,0.0,0.0,0.0
0,0,0,0,26,0.15,71.4,2.9,224,2026-08-19 23:40:00,PT5M,0.0,0.0,0.0,0.0,0.0
0,0,0,0,26,0.15,71.5,2.9,224,2026-08-19 23:45:00,PT5M,0.0,0.0,0.0,0.0,0.0
0,0,0,0,26,0.15,71.6,2.9,224,2026-08-19 23:50:00,PT5M,0.0,0.0,0.0,0.0,0.0
0,0,0,0,26,0.15,71.7,2.9,224,2026-08-19 23:55:00,PT5M,0.0,0.0,0.0,0.0,0.0
0,0,0,0,26,0.15,71.8,2.9,224,2026-08-20 00:00:00,PT5M,0.0,0.0,0.0,0.0,0.0
0,0,0,0,26,0.15,71.9,2.9,224,2026-08-20 00:05:00,PT5M,0.0,0.0,0.0,0.0,0.0
0,0,0,0,26,0.15,72.0,2.9,224,2026-08-20 00:10:00,PT5M,0.0,0.0,0.0,0.0,0.0
0,0,0,0,26,0.15,72.1,2.9,224,2026-08-20 00:15:00,PT5M,0.0,0.0,0.0,0.0,0.0
0,0,0,0,26,0.15,72.2,2.9,224,2026-08-20 00:20:00,PT5M,0.0,0.0,0.0,0.0,0.0
0,0,0,0,26,0.15,72.3,2.9,224,2026-08-20 00:25:00,PT5M,0.0,0.0,0.0,0.0,0.0
0,0,0,0,26,0.15,72.4,2.9,224,2026-08-20 00:30:00,PT5M,0.0,0.0,0.0,0.0,0.0
0,0,0,0,26,0.15,72.5,2.9,224,2026-08-20 00:35:00,PT5M,0.0,0.0,0.0,0.0,0.0
0,0,0,0,26,0.15,72.6,3.0,224,2026-08-20 00:40:00,PT5M,0.0,0.0,0.0,0.0,0.0
0,0,0,0,26,0.15,72.7,3.0,224,2026-08-20 00:45:00,PT5M,0.0,0.0,0.0,0.0,0.0
0,0,0,0,26,0.15,72.8,3.0,224,2026-08-20 00:50:00,PT5M,0.0,0.0,0.0,0.0,0.0
0,0,0,0,26,0.15,72.9,3.0,224,2026-08-20 00:55:00,PT5M,0.0,0.0,0.0,0.0,0.0
0,0,0,0,26,0.15,72.9,3.0,224,2026-08-20 01:00:00,PT5M,0.0,0.0,0.0,0.0,0.0
0,0,0,0,26,0.15,73.0,3.0,224,2026-08-20 01:05:00,PT5M,0.0,0.0,0.0,0.0,0.0
0,0,0,0,26,0.15,73.1,3.0,224,2026-08-20 01:10:00,PT5M,0.0,0.0,0.0,0.0,0.0
0,0,0,0,26,0.15,73.2,3.0,224,2026-08-20 01:15:00,PT5M,0.0,0.0,0.0,0.0,0.0
0,0,0,0,26,0.15,73.3,3.0,224,2026-08-20 01:20:00,PT5M,0.0,0.0,0.0,0.0,0.0
0,0,0,0,26,0.15,73.4,3.0,224,2026-08-20 01:25:00,PT5M,0.0,0.0,0.0,0.0,0.0
0,0,0,0,26,0.15,73.5,3.0,224,2026-08-20 01:30:00,PT5M,0.0,0.0,0.0,0.0,0.0
0,0,0,0,26,0.15,73.6,3.0,224,2026-08-20 01:35:00,PT5M,0.0,0.0,0.0,0.0,0.0
0,0,0,0,25,0.15,73.7,3.0,224,2026-08-20 01:40:00,PT5M,0.0,0.0,0.0,0.0,0.0
0,0,0,0,25,0.15,73.8,3.0,224,2026-08-20 01:45:00,PT5M,0.0,0.0,0.0,0.0,0.0
0,0,0,0,25,0.15,73.9,3.0,224,2026-08-20 01:50:00,PT5M,0.0,0.0,0.0,0.0,0.0
0,0,0,0,25,0.15,74.0,3.0,224,2026-08-20 01:55:00,PT5M,0.0,0.0,0.0,0.0,0.0
0,0,0,0,25,0.15,74.1,3.0,224,2026-08-20 02:00:00,PT5M,0.0,0.0,0.0,0.0,0.0
0,0,0,0,25,0.15,74.2,3.0,224,2026-08-20 02:05:00,PT5M,0.0,0.0,0.0,0.0,0.0
0,0,0,0,25,0.15,74.3,3.0,224,2026-08-20 02:10:00,PT5M,0.0,0.0,0.0,0.0,0.0
0,0,0,0,25,0.15,74.4,3.0,224,2026-08-20 02:15:00,PT5M,0.0,0.0,0.0,0.0,0.0
0,0,0,0,25,0.15,74.5,3.0,224,2026-08-20 02:20:00,PT5M,0.0,0.0,0.0,0.0,0.0
0,0,0,0,25,0.15,74.6,3.0,224,2026-08-20 02:25:00,PT5M,0.0,0.0,0.0,0.0,0.0
0,0,0,0,25,0.15,74.7,3.0,224,2026-08-20 02:30:00,PT5M,0.0,0.0,0.0,0.0,0.0
0,0,0,0,25,0.15,74.8,3.0,224,2026-08-20 02:35:00,PT5M,0.0,0.0,0.0,0.0,0.0
0,0,0,0,25,0.15,74.9,3.1,224,2026-08-20 02:40:00,PT5M,0.0,0.0,0.0,0.0,0.0
0,0,0,0,25,0.15,74.9,3.1,224,2026-08-20 02:45:00,PT5M,0.0,0.0,0.0,0.0,0.0
0,0,0,0,25,0.15,75.0,3.1,224,2026-08-20 02:50:00,PT5M,0.0,0.0,0.0,0.0,0.0
0,0,0,0,25,0.15,75.1,3.1,224,2026-08-20 02:55:00,PT5M,0.0,0.0,0.0,0.0,0.0
0,0,0,0,25,0.15,75.2,3.1,224,2026-08-20 03:00:00,PT5M,0.0,0.0,0.0,0.0,0.0
0,0,0,0,25,0.15,75.2,3.1,224,2026-08-20 03:05:00,PT5M,0.0,0.0,0.0,0.0,0.0
0,0,0,0,25,0.15,75.3,3.1,224,2026-08-20 03:10:00,PT5M,0.0,0.0,0.0,0.0,0.0
0,0,0,0,25,0.15,75.4,3.1,224,2026-08-20 03:15:00,PT5M,0.0,0.0,0.0,0.0,0.0
0,0,0,0,25,0.15,75.5,3.1,224,2026-08-20 03:20:00,PT5M,0.0,0.0,0.0,0.0,0.0
0,0,0,0,25,0.15,75.5,3.1,224,2026-08-20 03:25:00,PT5M,0.0,0.0,0.0,0.0,0.0
0,0,0,0,25,0.15,75.6,3.1,224,2026-08-20 03:30:00,PT5M,0.0,0.0,0.0,0.0,0.0
0,0,0,0,25,0.15,75.7,3.1,224,2026-08-20 03:35:00,PT5M,0.0,0.0,0.0,0.0,0.0
0,0,0,0,25,0.15,75.8,3.1,224,2026-08-20 03:40:00,PT5M,0.0,0.0,0.0,0.0,0.0
0,0,0,0,25,0.15,75.8,3.1,224,2026-08-20 03:45:00,PT5M,0.0,0.0,0.0,0.0,0.0
0,0,0,0,25,0.15,75.9,3.1,224,2026-08-20 03:50:00,PT5M,0.0,0.0,0.0,0.0,0.0
0,0,0,0,25,0.15,76.0,3.1,224,2026-08-20 03:55:00,PT5M,0.0,0.0,0.0,0.0,0.0
0,0,0,0,25,0.15,76.1,3.1,224,2026-08-20 04:00:00,PT5M,0.0,0.0,0.0,0.0,0.0
0,0,0,0,25,0.15,76.1,3.1,224,2026-08-20 04:05:00,PT5M,0.0,0.0,0.0,0.0,0.0
0,0,0,0,25,0.15,76.2,3.2,224,2026-08-20 04:10:00,PT5M,0.0,0.0,0.0,0.0,0.0
0,0,0,0,25,0.15,76.3,3.2,224,2026-08-20 04:15:00,PT5M,0.0,0.0,0.0,0.0,0.0
0,0,0,0,25,0.15,76.4,3.2,224,2026-08-20 04:20:00,PT5M,0.0,0.0,0.0,0.0,0.0
0,0,0,0,25,0.15,76.4,3.2,225,2026-08-20 04:25:00,PT5M,0.0,0.0,0.0,0.0,0.0
0,0,0,0,25,0.15,76.5,3.2,225,2026-08-20 04:30:00,PT5M,0.0,0.0,0.0,0.0,0.0
0,0,0,0,25,0.15,76.6,3.2,225,2026-08-20 04:35:00,PT5M,0.0,0.0,0.0,0.0,0.0
0,0,0,0,25,0.15,76.7,3.2,225,2026-08-20 04:40:00,PT5M,0.0,0.0,0.0,0.0,0.0
0,0,0,0,25,0.15,76.7,3.2,225,2026-08-20 04:45:00,PT5M,0.0,0.0,0.0,0.0,0.0
0,0,0,0,25,0.15,76.8,3.2,225,2026-08-20 04:50:00,PT5M,0.0,0.0,0.0,0.0,0.0
0,0,0,0,25,0.15,76.9,3.2,225,2026-08-20 04:55:00,PT5M,0.0,0.0,0.0,0.0,0.0
0,0,0,0,25,0.15,77.0,3.2,225,2026-08-20 05:00:00,PT5M,0.0,0.0,0.0,0.0,0.0
0,0,0,0,25,0.15,77.1,3.2,225,2026-08-20 05:05:00,PT5M,0.0,0.0,0.0,0.0,0.0
0,0,0,0,25,0.15,77.1,3.2,225,2026-08-20 05:10:00,PT5M,0.0,0.0,0.0,0.0,0.0
0,0,0,0,25,0.15,77.2,3.2,225,2026-08-20 05:15:00,PT5M,0.0,0.0,0.0,0.0,0.0
0,0,0,0,25,0.15,77.3,3.2,225,2026-08-20 05:20:00,PT5M,0.0,0.0,0.0,0.0,0.0
0,0,0,0,25,0.15,77.4,3.2,225,2026-08-20 05:25:00,PT5M,0.0,0.0,0.0,0.0,0.0
0,0,0,0,25,0.15,77.4,3.2,225,2026-08-20 05:30:00,PT5M,0.0,0.0,0.0,0.0,0.0
0,0,0,0,25,0.15,77.1,3.3,225,2026-08-20 05:35:00,PT5M,0.0,0.0,0.0,0.0,0.0
0,0,0,0,25,0.15,76.5,3.3,225,2026-08-20 05:40:00,PT5M,0.0,0.0,0.0,0.0,0.0
0,0,0,0,25,0.15,75.8,3.3,225,2026-08-20 05:45:00,PT5M,0.0,0.0,0.0,0.0,0.0
0,0,0,0,25,0.15,75.1,3.4,225,2026-08-20 05:50:00,PT5M,0.0,0.0,0.0,0.0,0.0
0,0,0,0,25,0.15,74.5,3.4,226,2026-08-20 05:55:00,PT5M,0.0,0.0,0.0,0.0,0.0
0,0,0,0,25,0.15,73.8,3.4,226,2026-08-20 06:00:00,PT5M,0.0,0.0,0.0,0.0,0.0
1,1,0,1,25,0.15,73.2,3.5,226,2026-08-20 06:05:00,PT5M,0.0,0.0,0.0,0.0,0.0
7,7,0,7,26,0.15,72.5,3.5,226,2026-08-20 06:10:00,PT5M,0.281,0.484,0.3878,0.1742,0.078
15,15,0,15,26,0.15,71.9,3.5,226,2026-08-20 06:15:00,PT5M,1.363,1.993,1.6946,1.0314,0.733
23,24,0,24,26,0.15,71.3,3.6,226,2026-08-20 06:20:00,PT5M,2.55,3.6595,3.1339,1.9661,1.4405
32,34,10,34,26,0.15,70.6,3.6,226,2026-08-20 06:25:00,PT5M,3.964,5.913,4.9898,2.9382,2.015
40,46,39,42,26,0.15,70.0,3.6,226,2026-08-20 06:30:00,PT5M,5.893,8.8085,7.4274,4.3586,2.9775
49,59,68,50,26,0.15,69.4,3.6,227,2026-08-20 06:35:00,PT5M,8.366,12.483,10.5328,6.1992,4.249
59,73,102,57,26,0.15,68.8,3.7,227,2026-08-20 06:40:00,PT5M,11.337,16.8565,14.242,8.432,5.8175
70,88,137,65,27,0.15,68.2,3.7,227,2026-08-20 06:45:00,PT5M,14.665,21.6635,18.3484,10.9816,7.6665
82,104,171,71,27,0.15,67.6,3.7,227,2026-08-20 06:50:00,PT5M,18.232,26.742,22.7109,13.7531,9.722
95,122,205,78,27,0.15,67.0,3.8,227,2026-08-20 06:55:00,PT5M,22.092,32.133,27.3767,16.8073,12.051
109,139,238,84,27,0.15,66.4,3.8,227,2026-08-20 07:00:00,PT5M,26.105,37.758,32.2381,19.9719,14.452
123,158,269,89,27,0.15,65.9,3.8,227,2026-08-20 07:05:00,PT5M,30.379,43.7195,37.4002,23.3578,17.0385
138,175,292,95,27,0.15,65.3,3.9,227,2026-08-20 07:10:00,PT5M,34.437,49.553,42.3927,26.4813,19.321
153,193,311,101,27,0.15,64.7,3.9,227,2026-08-20 07:15:00,PT5M,38.546,55.502,47.4701,29.6219,21.59
168,211,329,107,27,0.15,64.2,3.9,227,2026-08-20 07:20:00,PT5M,42.689,61.5245,52.6023,32.7757,23.8535
184,229,346,112,28,0.15,63.6,4.0,228,2026-08-20 07:25:00,PT5M,46.859,67.607,57.7788,35.9392,26.111
200,247,362,118,28,0.15,63.1,4.0,228,2026-08-20 07:30:00,PT5M,51.033,73.7615,62.9952,39.0708,28.3045
216,265,376,123,28,0.15,62.5,4.0,228,2026-08-20 07:35:00,PT5M,55.212,79.886,68.1981,42.2259,30.538
232,283,390,129,28,0.15,62.0,4.1,228,2026-08-20 07:40:00,PT5M,59.399,86.0445,73.4227,45.3753,32.7535
248,301,403,134,28,0.15,61.4,4.1,228,2026-08-20 07:45:00,PT5M,63.621,92.319,78.725,48.517,34.923
265,319,416,139,28,0.15,60.9,4.1,228,2026-08-20 07:50:00,PT5M,66.785,96.8155,82.5903,50.9797,36.7545
281,337,428,143,28,0.15,60.4,4.2,228,2026-08-20 07:55:00,PT5M,68.928,99.527,85.0325,52.8235,38.329
297,355,439,148,28,0.15,59.9,4.2,228,2026-08-20 08:00:00,PT5M,70.974,100.0,87.354,54.594,39.8515
314,373,451,152,29,0.15,59.4,4.2,228,2026-08-20 08:05:00,PT5M,72.942,100.0,89.5773,56.3067,41.3345
330,391,462,156,29,0.15,58.8,4.2,228,2026-08-20 08:10:00,PT5M,74.819,100.0,91.6856,57.9524,42.772
346,409,472,160,29,0.15,58.3,4.3,228,2026-08-20 08:15:00,PT5M,76.565,100.0,93.6276,59.5024,44.1455
363,427,482,164,29,0.15,57.8,4.3,228,2026-08-20 08:20:00,PT5M,78.17,100.0,95.3895,60.9505,45.4525
379,444,492,167,29,0.15,57.3,4.3,229,2026-08-20 08:25:00,PT5M,79.63,100.0,96.965,62.295,46.693
395,461,501,171,29,0.15,56.9,4.4,229,2026-08-20 08:30:00,PT5M,80.931,100.0,98.3247,63.5373,47.8825
410,479,510,174,29,0.15,56.2,4.4,229,2026-08-20 08:35:00,PT5M,82.182,100.0,99.6065,64.7575,49.075
426,496,520,177,30,0.15,55.3,4.4,229,2026-08-20 08:40:00,PT5M,83.42,100.0,100.0,65.9855,50.294
442,513,529,179,30,0.15,54.4,4.4,229,2026-08-20 08:45:00,PT5M,84.586,100.0,100.0,67.1552,51.467
458,530,538,182,30,0.15,53.6,4.4,230,2026-08-20 08:50:00,PT5M,85.687,100.0,100.0,68.2697,52.5935
473,547,547,184,30,0.15,52.7,4.4,230,2026-08-20 08:55:00,PT5M,86.788,100.0,100.0,69.3912,53.7335
489,564,555,186,30,0.15,51.9,4.3,230,2026-08-20 09:00:00,PT5M,87.776,100.0,100.0,70.4073,54.775
504,580,564,188,31,0.15,51.1,4.3,230,2026-08-20 09:05:00,PT5M,88.718,100.0,100.0,71.3567,55.731
519,596,572,190,31,0.15,50.3,4.3,231,2026-08-20 09:10:00,PT5M,89.642,100.0,100.0,72.3236,56.7365
534,613,582,191,31,0.15,49.5,4.3,231,2026-08-20 09:15:00,PT5M,90.629,100.0,100.0,73.3661,57.829
549,629,592,191,31,0.15,48.7,4.3,231,2026-08-20 09:20:00,PT5M,91.572,100.0,100.0,74.3691,58.886
564,645,601,192,31,0.15,47.9,4.3,231,2026-08-20 09:25:00,PT5M,92.474,100.0,100.0,75.4148,60.061
578,661,611,192,31,0.15,47.2,4.3,231,2026-08-20 09:30:00,PT5M,93.337,100.0,100.0,76.4825,61.313
592,676,619,193,32,0.15,46.5,4.3,232,2026-08-20 09:35:00,PT5M,94.094,100.0,100.0,77.4298,62.4315
605,690,625,194,32,0.15,45.7,4.3,232,2026-08-20 09:40:00,PT5M,94.749,100.0,100.0,78.2598,63.419
618,704,632,195,32,0.15,45.0,4.3,232,2026-08-20 09:45:00,PT5M,95.374,100.0,100.0,79.0535,64.3645
631,717,638,195,32,0.15,44.3,4.3,232,2026-08-20 09:50:00,PT5M,95.969,100.0,100.0,79.8106,65.2675
643,730,643,197,32,0.15,43.6,4.3,233,2026-08-20 09:55:00,PT5M,96.478,100.0,100.0,80.4701,66.0625
655,743,647,198,33,0.15,43.0,4.3,233,2026-08-20 10:00:00,PT5M,96.958,100.0,100.0,81.0935,66.815
666,755,652,199,33,0.15,42.3,4.2,233,2026-08-20 10:05:00,PT5M,97.402,100.0,100.0,81.673,67.5165
677,766,655,200,33,0.15,41.6,4.2,234,2026-08-20 10:10:00,PT5M,97.811,100.0,100.0,82.2065,68.162
688,777,659,201,33,0.15,41.0,4.2,234,2026-08-20 10:15:00,PT5M,98.195,100.0,100.0,82.7076,68.7685
698,788,662,202,33,0.15,40.4,4.2,234,2026-08-20 10:20:00,PT5M,98.557,100.0,100.0,83.1796,69.3395
708,798,666,204,34,0.15,39.7,4.2,234,2026-08-20 10:25:00,PT5M,98.895,100.0,100.0,83.6203,69.8725
717,808,669,204,34,0.15,39.1,4.2,235,2026-08-20 10:30:00,PT5M,99.21,100.0,100.0,84.0313,70.37
725,817,669,207,34,0.15,38.5,4.2,235,2026-08-20 10:35:00,PT5M,99.382,100.0,100.0,84.293,70.7125
732,824,667,210,34,0.15,37.9,4.2,235,2026-08-20 10:40:00,PT5M,99.413,100.0,100.0,84.408,70.903
738,830,665,213,34,0.15,37.3,4.2,235,2026-08-20 10:45:00,PT5M,99.424,100.0,100.0,84.4969,71.062
745,836,663,216,35,0.15,36.8,4.2,236,2026-08-20 10:50:00,PT5M,99.416,100.0,100.0,84.5602,71.1895
750,842,661,219,35,0.15,36.2,4.2,236,2026-08-20 10:55:00,PT5M,99.388,100.0,100.0,84.5964,71.2835
755,847,658,222,35,0.15,35.6,4.2,236,2026-08-20 11:00:00,PT5M,99.339,100.0,100.0,84.6024,71.339
760,852,655,226,35,0.15,35.1,4.2,236,2026-08-20 11:05:00,PT5M,99.268,100.0,100.0,84.5727,71.3465
764,856,653,229,35,0.15,34.5,4.2,237,2026-08-20 11:10:00,PT5M,99.173,100.0,100.0,84.4998,71.2935
768,859,650,231,36,0.15,34.0,4.2,237,2026-08-20 11:15:00,PT5M,99.068,100.0,100.0,84.4267,71.249
771,862,647,234,36,0.15,33.5,4.1,237,2026-08-20 11:20:00,PT5M,98.948,100.0,100.0,84.3401,71.1925
774,865,644,237,36,0.15,33.0,4.1,237,2026-08-20 11:25:00,PT5M,98.808,100.0,100.0,84.2203,71.091
776,867,640,240,36,0.15,32.5,4.1,238,2026-08-20 11:30:00,PT5M,98.647,100.0,100.0,84.0664,70.9435
778,869,637,243,36,0.15,32.2,4.2,238,2026-08-20 11:35:00,PT5M,98.488,100.0,100.0,83.9093,70.788
779,870,633,246,36,0.15,32.1,4.2,238,2026-08-20 11:40:00,PT5M,98.33,100.0,100.0,83.7479,70.6235
780,870,629,248,36,0.15,32.0,4.2,237,2026-08-20 11:45:00,PT5M,98.153,100.0,100.0,83.5617,70.429
780,870,626,251,36,0.15,31.9,4.2,237,2026-08-20 11:50:00,PT5M,97.955,100.0,100.0,83.3471,70.1995
780,870,621,253,36,0.15,31.9,4.3,237,2026-08-20 11:55:00,PT5M,97.735,100.0,100.0,83.1031,69.934
780,869,617,256,36,0.15,31.8,4.3,237,2026-08-20 12:00:00,PT5M,97.493,100.0,100.0,82.8298,69.6325
778,867,613,258,36,0.15,31.7,4.3,237,2026-08-20 12:05:00,PT5M,97.226,100.0,100.0,82.5239,69.2915
777,865,608,261,36,0.15,31.6,4.4,236,2026-08-20 12:10:00,PT5M,96.933,100.0,100.0,82.184,68.9095
775,862,603,263,37,0.15,31.5,4.4,236,2026-08-20 12:15:00,PT5M,96.717,100.0,100.0,81.9138,68.5905
772,859,598,265,37,0.15,31.5,4.4,236,2026-08-20 12:20:00,PT5M,96.475,100.0,100.0,81.61,68.231
769,855,592,268,37,0.15,31.4,4.5,236,2026-08-20 12:25:00,PT5M,96.206,100.0,100.0,81.2723,67.8315
765,851,587,270,37,0.15,31.3,4.5,236,2026-08-20 12:30:00,PT5M,95.913,100.0,100.0,80.9035,67.3945
763,849,586,270,37,0.15,31.2,4.5,235,2026-08-20 12:35:00,PT5M,95.827,100.0,100.0,80.7822,67.2415
762,848,589,267,37,0.15,31.1,4.6,235,2026-08-20 12:40:00,PT5M,95.951,100.0,100.0,80.9112,67.375
761,847,592,264,37,0.15,31.1,4.6,235,2026-08-20 12:45:00,PT5M,96.056,100.0,100.0,81.0155,67.4785
759,845,596,262,37,0.15,31.0,4.6,235,2026-08-20 12:50:00,PT5M,96.14,100.0,100.0,81.0913,67.547
756,843,599,259,37,0.15,30.9,4.7,235,2026-08-20 12:55:00,PT5M,96.205,100.0,100.0,81.141,67.583
754,840,601,256,37,0.15,30.8,4.7,235,2026-08-20 13:00:00,PT5M,96.248,100.0,100.0,81.1561,67.573
750,837,604,253,37,0.15,30.7,4.7,234,2026-08-20 13:05:00,PT5M,96.271,100.0,100.0,81.1389,67.5195
747,834,607,250,37,0.15,30.7,4.8,234,2026-08-20 13:10:00,PT5M,96.28,100.0,100.0,81.1095,67.4555
743,830,610,247,37,0.15,30.6,4.8,234,2026-08-20 13:15:00,PT5M,96.28,100.0,100.0,81.0808,67.401
738,825,612,244,37,0.15,30.5,4.8,234,2026-08-20 13:20:00,PT5M,96.255,100.0,100.0,81.0079,67.285
733,820,614,241,37,0.15,30.4,4.9,234,2026-08-20 13:25:00,PT5M,96.207,100.0,100.0,80.8994,67.122
727,815,617,237,37,0.15,30.4,4.9,234,2026-08-20 13:30:00,PT5M,96.136,100.0,100.0,80.7591,66.9195
720,807,615,236,37,0.15,30.3,5.0,233,2026-08-20 13:35:00,PT5M,95.863,100.0,100.0,80.388,66.46
712,798,610,236,37,0.15,30.2,5.0,233,2026-08-20 13:40:00,PT5M,95.385,100.0,100.0,79.7847,65.744
702,788,605,236,37,0.15,30.1,5.0,233,2026-08-20 13:45:00,PT5M,94.883,100.0,100.0,79.153,64.9955
693,778,599,236,37,0.15,30.1,5.1,233,2026-08-20 13:50:00,PT5M,94.359,100.0,100.0,78.4945,64.216
683,767,594,235,37,0.15,30.0,5.1,233,2026-08-20 13:55:00,PT5M,93.816,100.0,100.0,77.8126,63.409
673,756,589,235,37,0.15,29.9,5.1,233,2026-08-20 14:00:00,PT5M,93.248,100.0,100.0,77.1004,62.567
662,745,583,234,37,0.15,29.8,5.2,233,2026-08-20 14:05:00,PT5M,92.646,100.0,100.0,76.3481,61.6795
651,733,577,234,37,0.15,29.8,5.2,232,2026-08-20 14:10:00,PT5M,92.007,100.0,100.0,75.5525,60.743
640,721,570,233,37,0.15,29.7,5.2,232,2026-08-20 14:15:00,PT5M,91.342,100.0,100.0,74.7254,59.77
629,708,564,233,37,0.15,29.6,5.3,232,2026-08-20 14:20:00,PT5M,90.648,100.0,100.0,73.8617,58.7535
617,695,557,232,37,0.15,29.5,5.3,232,2026-08-20 14:25:00,PT5M,89.929,100.0,100.0,72.9682,57.703
604,682,551,231,37,0.15,29.5,5.3,232,2026-08-20 14:30:00,PT5M,89.183,100.0,100.0,72.0428,56.616
591,667,540,231,37,0.15,29.6,5.3,232,2026-08-20 14:35:00,PT5M,88.181,100.0,100.0,70.8402,55.233
576,650,525,233,37,0.15,29.9,5.3,232,2026-08-20 14:40:00,PT5M,86.946,100.0,100.0,69.4658,53.733
561,633,511,234,37,0.15,30.2,5.3,232,2026-08-20 14:45:00,PT5M,85.688,100.0,100.0,68.0743,52.2215
546,617,497,235,37,0.15,30.6,5.3,232,2026-08-20 14:50:00,PT5M,84.388,100.0,100.0,66.6472,50.68
530,599,482,235,37,0.15,30.9,5.3,232,2026-08-20 14:55:00,PT5M,83.043,100.0,100.0,65.1815,49.1055
515,582,468,235,37,0.15,31.3,5.3,232,2026-08-20 15:00:00,PT5M,81.652,100.0,99.6259,63.6781,47.501
499,565,454,235,36,0.15,31.6,5.3,232,2026-08-20 15:05:00,PT5M,80.213,100.0,98.2909,62.1351,45.8645
484,547,440,235,36,0.15,32.0,5.3,232,2026-08-20 15:10:00,PT5M,78.721,100.0,96.8931,60.5489,44.1935
469,530,427,233,36,0.15,32.4,5.3,232,2026-08-20 15:15:00,PT5M,77.264,100.0,95.4884,59.0396,42.637
453,513,414,231,36,0.15,32.7,5.3,232,2026-08-20 15:20:00,PT5M,75.792,100.0,94.0812,57.5028,41.042
438,496,401,229,36,0.15,33.1,5.3,232,2026-08-20 15:25:00,PT5M,74.266,100.0,92.6083,55.9237,39.415
422,479,388,227,36,0.15,33.5,5.3,232,2026-08-20 15:30:00,PT5M,72.685,100.0,91.0681,54.3019,37.7565
407,462,377,224,36,0.15,33.8,5.3,232,2026-08-20 15:35:00,PT5M,71.187,100.0,89.5791,52.7949,36.2415
393,446,367,220,35,0.15,34.2,5.3,232,2026-08-20 15:40:00,PT5M,69.788,100.0,88.1564,51.4196,34.8875
378,430,357,216,35,0.15,34.6,5.3,232,2026-08-20 15:45:00,PT5M,68.31,100.0,86.6381,49.9819,33.486
363,414,347,211,35,0.15,35.0,5.3,232,2026-08-20 15:50:00,PT5M,66.758,100.0,85.0261,48.4899,32.048
348,397,337,207,35,0.15,35.4,5.3,232,2026-08-20 15:55:00,PT5M,65.108,99.6515,83.2885,46.9275,30.5645
333,380,326,202,35,0.15,35.8,5.3,232,2026-08-20 16:00:00,PT5M,63.34,97.614,81.3787,45.3013,29.066
318,364,315,197,35,0.15,36.2,5.3,231,2026-08-20 16:05:00,PT5M,61.46,95.3845,79.3147,43.6053,27.5355
303,347,303,192,35,0.15,36.6,5.3,231,2026-08-20 16:10:00,PT5M,59.473,92.9715,77.1035,41.8425,25.9745
288,330,291,187,34,0.15,37.0,5.3,231,2026-08-20 16:15:00,PT5M,57.382,90.385,74.7517,40.0123,24.379
273,313,279,181,34,0.15,37.5,5.3,231,2026-08-20 16:20:00,PT5M,55.198,87.6445,72.2748,38.1212,22.7515
258,296,267,175,34,0.15,37.9,5.3,231,2026-08-20 16:25:00,PT5M,52.928,84.7635,69.6833,36.1727,21.0925
243,280,254,169,34,0.15,38.3,5.3,231,2026-08-20 16:30:00,PT5M,50.578,81.751,66.9846,34.1714,19.405
228,263,242,162,34,0.15,38.8,5.3,231,2026-08-20 16:35:00,PT5M,47.766,77.511,63.421,32.111,18.021
214,247,231,155,34,0.15,39.2,5.3,231,2026-08-20 16:40:00,PT5M,44.508,72.165,59.0641,29.9519,16.851
200,232,220,148,33,0.15,39.7,5.3,231,2026-08-20 16:45:00,PT5M,41.245,66.8775,54.7356,27.7544,15.6125
186,216,208,141,33,0.15,40.1,5.3,231,2026-08-20 16:50:00,PT5M,37.983,61.567,50.3954,25.5706,14.399
172,200,196,134,33,0.15,40.6,5.3,231,2026-08-20 16:55:00,PT5M,34.73,56.3275,46.0969,23.3631,13.1325
158,184,182,126,33,0.15,41.0,5.3,231,2026-08-20 17:00:00,PT5M,31.465,51.0915,41.7946,21.1354,11.8385
144,168,168,118,33,0.15,41.5,5.3,231,2026-08-20 17:05:00,PT5M,28.27,45.965,37.583,18.957,10.575
131,153,153,110,33,0.15,42.0,5.3,231,2026-08-20 17:10:00,PT5M,25.158,40.9705,33.4802,16.8358,9.3455
118,138,137,102,33,0.15,42.5,5.3,231,2026-08-20 17:15:00,PT5M,22.114,36.101,29.4755,14.7525,8.127
105,122,115,95,32,0.15,43.0,5.3,231,2026-08-20 17:20:00,PT5M,18.909,31.1765,25.3655,12.4525,6.6415
93,107,92,87,32,0.15,43.4,5.3,231,2026-08-20 17:25:00,PT5M,15.944,26.5845,21.5442,10.3438,5.3035
81,92,69,78,32,0.15,43.9,5.3,231,2026-08-20 17:30:00,PT5M,13.062,22.1365,17.838,8.286,3.9875
70,78,45,70,32,0.15,44.4,5.2,231,2026-08-20 17:35:00,PT5M,10.427,17.954,14.3885,6.4655,2.9
60,64,20,61,32,0.15,44.9,5.2,231,2026-08-20 17:40:00,PT5M,8.068,14.0785,11.2314,4.9046,2.0575
50,52,0,52,32,0.15,45.4,5.2,231,2026-08-20 17:45:00,PT5M,5.991,10.548,8.3894,3.5926,1.434
40,41,0,41,32,0.15,45.9,5.1,231,2026-08-20 17:50:00,PT5M,4.534,7.8295,6.2684,2.7996,1.2385
30,31,0,31,31,0.15,46.4,5.1,232,2026-08-20 17:55:00,PT5M,3.308,5.5745,4.5009,2.1151,1.0415
21,22,0,22,31,0.15,46.9,5.1,232,2026-08-20 18:00:00,PT5M,2.19,3.553,2.9074,1.4726,0.827
13,14,0,14,31,0.15,47.4,5.0,232,2026-08-20 18:05:00,PT5M,1.162,1.961,1.5825,0.7415,0.363
7,7,0,7,31,0.15,48.0,5.0,232,2026-08-20 18:10:00,PT5M,0.198,0.4395,0.3251,0.0709,0.0
1,1,0,1,31,0.15,48.5,4.9,232,2026-08-20 18:15:00,PT5M,0.0,0.0,0.0,0.0,0.0
0,0,0,0,31,0.15,49.0,4.9,232,2026-08-20 18:20:00,PT5M,0.0,0.0,0.0,0.0,0.0
0,0,0,0,31,0.15,49.6,4.9,232,2026-08-20 18:25:00,PT5M,0.0,0.0,0.0,0.0,0.0
0,0,0,0,31,0.15,50.1,4.8,232,2026-08-20 18:30:00,PT5M,0.0,0.0,0.0,0.0,0.0
0,0,0,0,30,0.15,50.7,4.8,232,2026-08-20 18:35:00,PT5M,0.0,0.0,0.0,0.0,0.0
0,0,0,0,30,0.15,51.2,4.7,232,2026-08-20 18:40:00,PT5M,0.0,0.0,0.0,0.0,0.0
0,0,0,0,30,0.15,51.8,4.7,233,2026-08-20 18:45:00,PT5M,0.0,0.0,0.0,0.0,0.0
0,0,0,0,30,0.15,52.3,4.7,233,2026-08-20 18:50:00,PT5M,0.0,0.0,0.0,0.0,0.0
0,0,0,0,30,0.15,52.9,4.6,233,2026-08-20 18:55:00,PT5M,0.0,0.0,0.0,0.0,0.0
0,0,0,0,30,0.15,53.5,4.6,233,2026-08-20 19:00:00,PT5M,0.0,0.0,0.0,0.0,0.0
0,0,0,0,30,0.15,54.1,4.6,233,2026-08-20 19:05:00,PT5M,0.0,0.0,0.0,0.0,0.0
0,0,0,0,29,0.15,54.7,4.5,233,2026-08-20 19:10:00,PT5M,0.0,0.0,0.0,0.0,0.0
0,0,0,0,29,0.15,55.3,4.5,233,2026-08-20 19:15:00,PT5M,0.0,0.0,0.0,0.0,0.0
0,0,0,0,29,0.15,55.9,4.4,233,2026-08-20 19:20:00,PT5M,0.0,0.0,0.0,0.0,0.0
0,0,0,0,29,0.15,56.5,4.4,234,2026-08-20 19:25:00,PT5M,0.0,0.0,0.0,0.0,0.0
0,0,0,0,29,0.15,57.1,4.4,234,2026-08-20 19:30:00,PT5M,0.0,0.0,0.0,0.0,0.0
0,0,0,0,29,0.15,57.8,4.3,234,2026-08-20 19:35:00,PT5M,0.0,0.0,0.0,0.0,0.0
0,0,0,0,29,0.15,58.4,4.3,234,2026-08-20 19:40:00,PT5M,0.0,0.0,0.0,0.0,0.0
0,0,0,0,29,0.15,59.1,4.2,234,2026-08-20 19:45:00,PT5M,0.0,0.0,0.0,0.0,0.0
0,0,0,0,28,0.15,59.7,4.2,234,2026-08-20 19:50:00,PT5M,0.0,0.0,0.0,0.0,0.0
0,0,0,0,28,0.15,60.4,4.2,234,2026-08-20 19:55:00,PT5M,0.0,0.0,0.0,0.0,0.0
0,0,0,0,28,0.15,61.1,4.1,234,2026-08-20 20:00:00,PT5M,0.0,0.0,0.0,0.0,0.0
0,0,0,0,28,0.15,61.7,4.1,235,2026-08-20 20:05:00,PT5M,0.0,0.0,0.0,0.0,0.0
0,0,0,0,28,0.15,62.4,4.1,235,2026-08-20 20:10:00,PT5M,0.0,0.0,0.0,0.0,0.0
0,0,0,0,28,0.15,63.1,4.0,235,2026-08-20 20:15:00,PT5M,0.0,0.0,0.0,0.0,0.0
0,0,0,0,28,0.15,63.8,4.0,235,2026-08-20 20:20:00,PT5M,0.0,0.0,0.0,0.0,0.0
0,0,0,0,27,0.15,64.5,3.9,235,2026-08-20 20:25:00,PT5M,0.0,0.0,0.0,0.0,0.0
0,0,0,0,27,0.15,65.2,3.9,235,2026-08-20 20:30:00,PT5M,0.0,0.0,0.0,0.0,0.0
0,0,0,0,27,0.15,65.7,3.9,235,2026-08-20 20:35:00,PT5M,0.0,0.0,0.0,0.0,0.0
0,0,0,0,27,0.15,65.8,3.9,235,2026-08-20 20:40:00,PT5M,0.0,0.0,0.0,0.0,0.0
0,0,0,0,27,0.15,65.9,3.9,235,2026-08-20 20:45:00,PT5M,0.0,0.0,0.0,0.0,0.0
0,0,0,0,27,0.15,66.1,3.9,234,2026-08-20 20:50:00,PT5M,0.0,0.0,0.0,0.0,0.0
0,0,0,0,27,0.15,66.2,3.9,234,2026-08-20 20:55:00,PT5M,0.0,0.0,0.0,0.0,0.0
0,0,0,0,27,0.15,66.3,3.9,234,2026-08-20 21:00:00,PT5M,0.0,0.0,0.0,0.0,0.0
0,0,0,0,27,0.15,66.5,3.9,233,2026-08-20 21:05:00,PT5M,0.0,0.0,0.0,0.0,0.0
0,0,0,0,27,0.15,66.6,3.9,233,2026-08-20 21:10:00,PT5M,0.0,0.0,0.0,0.0,0.0
0,0,0,0,27,0.15,66.7,3.9,233,2026-08-20 21:15:00,PT5M,0.0,0.0,0.0,0.0,0.0
0,0,0,0,27,0.15,66.8,3.9,232,2026-08-20 21:20:00,PT5M,0.0,0.0,0.0,0.0,0.0
0,0,0,0,27,0.15,67.0,3.9,232,2026-08-20 21:25:00,PT5M,0.0,0.0,0.0,0.0,0.0
0,0,0,0,27,0.15,67.1,3.9,232,2026-08-20 21:30:00,PT5M,0.0,0.0,0.0,0.0,0.0
0,0,0,0,27,0.15,67.2,3.9,231,2026-08-20 21:35:00,PT5M,0.0,0.0,0.0,0.0,0.0
0,0,0,0,27,0.15,67.4,3.9,231,2026-08-20 21:40:00,PT5M,0.0,0.0,0.0,0.0,0.0
0,0,0,0,27,0.15,67.5,3.9,231,2026-08-20 21:45:00,PT5M,0.0,0.0,0.0,0.0,0.0
0,0,0,0,27,0.15,67.6,3.9,230,2026-08-20 21:50:00,PT5M,0.0,0.0,0.0,0.0,0.0
0,0,0,0,27,0.15,67.8,3.9,230,2026-08-20 21:55:00,PT5M,0.0,0.0,0.0,0.0,0.0
0,0,0,0,27,0.15,67.9,3.9,230,2026-08-20 22:00:00,PT5M,0.0,0.0,0.0,0.0,0.0
0,0,0,0,27,0.15,68.0,3.9,229,2026-08-20 22:05:00,PT5M,0.0,0.0,0.0,0.0,0.0
0,0,0,0,27,0.15,68.2,3.9,229,2026-08-20 22:10:00,PT5M,0.0,0.0,0.0,0.0,0.0
0,0,0,0,27,0.15,68.3,3.9,229,2026-08-20 22:15:00,PT5M,0.0,0.0,0.0,0.0,0.0
0,0,0,0,27,0.15,68.5,4.0,229,2026-08-20 22:20:00,PT5M,0.0,0.0,0.0,0.0,0.0
0,0,0,0,27,0.15,68.6,4.0,228,2026-08-20 22:25:00,PT5M,0.0,0.0,0.0,0.0,0.0
0,0,0,0,27,0.15,68.7,4.0,228,2026-08-20 22:30:00,PT5M,0.0,0.0,0.0,0.0,0.0
0,0,0,0,27,0.15,68.9,4.0,228,2026-08-20 22:35:00,PT5M,0.0,0.0,0.0,0.0,0.0
0,0,0,0,27,0.15,69.0,4.0,227,2026-08-20 22:40:00,PT5M,0.0,0.0,0.0,0.0,0.0
0,0,0,0,27,0.15,69.1,4.0,227,2026-08-20 22:45:00,PT5M,0.0,0.0,0.0,0.0,0.0
0,0,0,0,26,0.15,69.3,4.0,227,2026-08-20 22:50:00,PT5M,0.0,0.0,0.0,0.0,0.0
0,0,0,0,26,0.15,69.4,4.0,226,2026-08-20 22:55:00,PT5M,0.0,0.0,0.0,0.0,0.0
0,0,0,0,26,0.15,69.5,4.0,226,2026-08-20 23:00:00,PT5M,0.0,0.0,0.0,0.0,0.0
0,0,0,0,26,0.15,69.7,4.0,226,2026-08-20 23:05:00,PT5M,0.0,0.0,0.0,0.0,0.0
0,0,0,0,26,0.15,69.8,4.0,225,2026-08-20 23:10:00,PT5M,0.0,0.0,0.0,0.0,0.0
0,0,0,0,26,0.15,70.0,4.0,225,2026-08-20 23:15:00,PT5M,0.0,0.0,0.0,0.0,0.0
0,0,0,0,26,0.15,70.1,4.0,225,2026-08-20 23:20:00,PT5M,0.0,0.0,0.0,0.0,0.0
0,0,0,0,26,0.15,70.2,4.0,224,2026-08-20 23:25:00,PT5M,0.0,0.0,0.0,0.0,0.0
0,0,0,0,26,0.15,70.4,4.0,224,2026-08-20 23:30:00,PT5M,0.0,0.0,0.0,0.0,0.0
0,0,0,0,26,0.15,70.5,4.0,224,2026-08-20 23:35:00,PT5M,0.0,0.0,0.0,0.0,0.0
0,0,0,0,26,0.15,70.5,4.0,224,2026-08-20 23:40:00,PT5M,0.0,0.0,0.0,0.0,0.0
0,0,0,0,26,0.15,70.6,4.1,224,2026-08-20 23:45:00,PT5M,0.0,0.0,0.0,0.0,0.0
0,0,0,0,26,0.15,70.6,4.1,224,2026-08-20 23:50:00,PT5M,0.0,0.0,0.0,0.0,0.0
0,0,0,0,26,0.15,70.7,4.1,225,2026-08-20 23:55:00,PT5M,0.0,0.0,0.0,0.0,0.0
0,0,0,0,26,0.15,70.8,4.1,225,2026-08-21 00:00:00,PT5M,0.0,0.0,0.0,0.0,0.0
0,0,0,0,26,0.15,70.8,4.1,225,2026-08-21 00:05:00,PT5M,0.0,0.0,0.0,0.0,0.0
0,0,0,0,26,0.15,70.9,4.1,225,2026-08-21 00:10:00,PT5M,0.0,0.0,0.0,0.0,0.0
0,0,0,0,26,0.15,70.9,4.1,225,2026-08-21 00:15:00,PT5M,0.0,0.0,0.0,0.0,0.0
0,0,0,0,26,0.15,71.0,4.1,225,2026-08-21 00:20:00,PT5M,0.0,0.0,0.0,0.0,0.0
0,0,0,0,26,0.15,71.0,4.1,225,2026-08-21 00:25:00,PT5M,0.0,0.0,0.0,0.0,0.0
0,0,0,0,26,0.15,71.1,4.1,225,2026-08-21 00:30:00,PT5M,0.0,0.0,0.0,0.0,0.0
0,0,0,0,26,0.15,71.2,4.1,225,2026-08-21 00:35:00,PT5M,0.0,0.0,0.0,0.0,0.0
0,0,0,0,26,0.15,71.2,4.1,225,2026-08-21 00:40:00,PT5M,0.0,0.0,0.0,0.0,0.0
0,0,0,0,26,0.15,71.3,4.1,226,2026-08-21 00:45:00,PT5M,0.0,0.0,0.0,0.0,0.0
0,0,0,0,26,0.15,71.3,4.2,226,2026-08-21 00:50:00,PT5M,0.0,0.0,0.0,0.0,0.0
0,0,0,0,26,0.15,71.4,4.2,226,2026-08-21 00:55:00,PT5M,0.0,0.0,0.0,0.0,0.0
0,0,0,0,26,0.15,71.5,4.2,226,2026-08-21 01:00:00,PT5M,0.0,0.0,0.0,0.0,0.0
0,0,0,0,26,0.15,71.5,4.2,226,2026-08-21 01:05:00,PT5M,0.0,0.0,0.0,0.0,0.0
0,0,0,0,26,0.15,71.6,4.2,226,2026-08-21 01:10:00,PT5M,0.0,0.0,0.0,0.0,0.0
0,0,0,0,26,0.15,71.6,4.2,226,2026-08-21 01:15:00,PT5M,0.0,0.0,0.0,0.0,0.0
0,0,0,0,26,0.15,71.7,4.2,226,2026-08-21 01:20:00,PT5M,0.0,0.0,0.0,0.0,0.0
0,0,0,0,26,0.15,71.7,4.2,226,2026-08-21 01:25:00,PT5M,0.0,0.0,0.0,0.0,0.0
0,0,0,0,26,0.15,71.8,4.2,227,2026-08-21 01:30:00,PT5M,0.0,0.0,0.0,0.0,0.0
0,0,0,0,26,0.15,71.9,4.2,227,2026-08-21 01:35:00,PT5M,0.0,0.0,0.0,0.0,0.0
0,0,0,0,26,0.15,71.9,4.2,227,2026-08-21 01:40:00,PT5M,0.0,0.0,0.0,0.0,0.0
0,0,0,0,26,0.15,72.0,4.2,227,2026-08-21 01:45:00,PT5M,0.0,0.0,0.0,0.0,0.0
0,0,0,0,26,0.15,72.0,4.2,227,2026-08-21 01:50:00,PT5M,0.0,0.0,0.0,0.0,0.0
0,0,0,0,26,0.15,72.1,4.3,227,2026-08-21 01:55:00,PT5M,0.0,0.0,0.0,0.0,0.0
0,0,0,0,26,0.15,72.1,4.3,227,2026-08-21 02:00:00,PT5M,0.0,0.0,0.0,0.0,0.0
0,0,0,0,26,0.15,72.2,4.3,227,2026-08-21 02:05:00,PT5M,0.0,0.0,0.0,0.0,0.0
0,0,0,0,26,0.15,72.3,4.3,227,2026-08-21 02:10:00,PT5M,0.0,0.0,0.0,0.0,0.0
0,0,0,0,26,0.15,72.3,4.3,227,2026-08-21 02:15:00,PT5M,0.0,0.0,0.0,0.0,0.0
0,0,0,0,26,0.15,72.4,4.3,228,2026-08-21 02:20:00,PT5M,0.0,0.0,0.0,0.0,0.0
0,0,0,0,26,0.15,72.4,4.3,228,2026-08-21 02:25:00,PT5M,0.0,0.0,0.0,0.0,0.0
0,0,0,0,26,0.15,72.5,4.3,228,2026-08-21 02:30:00,PT5M,0.0,0.0,0.0,0.0,0.0
0,0,0,0,26,0.15,72.6,4.3,228,2026-08-21 02:35:00,PT5M,0.0,0.0,0.0,0.0,0.0
0,0,0,0,26,0.15,72.6,4.3,228,2026-08-21 02:40:00,PT5M,0.0,0.0,0.0,0.0,0.0
0,0,0,0,26,0.15,72.7,4.3,228,2026-08-21 02:45:00,PT5M,0.0,0.0,0.0,0.0,0.0
0,0,0,0,26,0.15,72.7,4.3,228,2026-08-21 02:50:00,PT5M,0.0,0.0,0.0,0.0,0.0
0,0,0,0,25,0.15,72.8,4.3,227,2026-08-21 02:55:00,PT5M,0.0,0.0,0.0,0.0,0.0
0,0,0,0,25,0.15,72.9,4.3,227,2026-08-21 03:00:00,PT5M,0.0,0.0,0.0,0.0,0.0
0,0,0,0,25,0.15,72.9,4.4,227,2026-08-21 03:05:00,PT5M,0.0,0.0,0.0,0.0,0.0
0,0,0,0,25,0.15,73.0,4.4,227,2026-08-21 03:10:00,PT5M,0.0,0.0,0.0,0.0,0.0
0,0,0,0,25,0.15,73.0,4.4,227,2026-08-21 03:15:00,PT5M,0.0,0.0,0.0,0.0,0.0
0,0,0,0,25,0.15,73.1,4.4,227,2026-08-21 03:20:00,PT5M,0.0,0.0,0.0,0.0,0.0
0,0,0,0,25,0.15,73.2,4.4,227,2026-08-21 03:25:00,PT5M,0.0,0.0,0.0,0.0,0.0
0,0,0,0,25,0.15,73.2,4.4,227,2026-08-21 03:30:00,PT5M,0.0,0.0,0.0,0.0,0.0
0,0,0,0,25,0.15,73.3,4.4,227,2026-08-21 03:35:00,PT5M,0.0,0.0,0.0,0.0,0.0
0,0,0,0,25,0.15,73.3,4.4,227,2026-08-21 03:40:00,PT5M,0.0,0.0,0.0,0.0,0.0
0,0,0,0,25,0.15,73.4,4.4,227,2026-08-21 03:45:00,PT5M,0.0,0.0,0.0,0.0,0.0
0,0,0,0,25,0.15,73.5,4.4,227,2026-08-21 03:50:00,PT5M,0.0,0.0,0.0,0.0,0.0
0,0,0,0,25,0.15,73.5,4.4,226,2026-08-21 03:55:00,PT5M,0.0,0.0,0.0,0.0,0.0
0,0,0,0,25,0.15,73.6,4.4,226,2026-08-21 04:00:00,PT5M,0.0,0.0,0.0,0.0,0.0
0,0,0,0,25,0.15,73.6,4.4,226,2026-08-21 04:05:00,PT5M,0.0,0.0,0.0,0.0,0.0
0,0,0,0,25,0.15,73.7,4.4,226,2026-08-21 04:10:00,PT5M,0.0,0.0,0.0,0.0,0.0
0,0,0,0,25,0.15,73.8,4.4,226,2026-08-21 04:15:00,PT5M,0.0,0.0,0.0,0.0,0.0
0,0,0,0,25,0.15,73.8,4.4,226,2026-08-21 04:20:00,PT5M,0.0,0.0,0.0,0.0,0.0
0,0,0,0,25,0.15,73.9,4.4,226,2026-08-21 04:25:00,PT5M,0.0,0.0,0.0,0.0,0.0
0,0,0,0,25,0.15,74.0,4.5,226,2026-08-21 04:30:00,PT5M,0.0,0.0,0.0,0.0,0.0
0,0,0,0,25,0.15,74.0,4.5,226,2026-08-21 04:35:00,PT5M,0.0,0.0,0.0,0.0,0.0
0,0,0,0,25,0.15,74.1,4.5,226,2026-08-21 04:40:00,PT5M,0.0,0.0,0.0,0.0,0.0
0,0,0,0,25,0.15,74.1,4.5,226,2026-08-21 04:45:00,PT5M,0.0,0.0,0.0,0.0,0.0
0,0,0,0,25,0.15,74.2,4.5,226,2026-08-21 04:50:00,PT5M,0.0,0.0,0.0,0.0,0.0
0,0,0,0,25,0.15,74.3,4.5,226,2026-08-21 04:55:00,PT5M,0.0,0.0,0.0,0.0,0.0
0,0,0,0,25,0.15,74.3,4.5,225,2026-08-21 05:00:00,PT5M,0.0,0.0,0.0,0.0,0.0
0,0,0,0,25,0.15,74.4,4.5,225,2026-08-21 05:05:00,PT5M,0.0,0.0,0.0,0.0,0.0
0,0,0,0,25,0.15,74.4,4.5,225,2026-08-21 05:10:00,PT5M,0.0,0.0,0.0,0.0,0.0
0,0,0,0,25,0.15,74.5,4.5,225,2026-08-21 05:15:00,PT5M,0.0,0.0,0.0,0.0,0.0
0,0,0,0,25,0.15,74.6,4.5,225,2026-08-21 05:20:00,PT5M,0.0,0.0,0.0,0.0,0.0
0,0,0,0,25,0.15,74.6,4.5,225,2026-08-21 05:25:00,PT5M,0.0,0.0,0.0,0.0,0.0
0,0,0,0,25,0.15,74.7,4.5,225,2026-08-21 05:30:00,PT5M,0.0,0.0,0.0,0.0,0.0
0,0,0,0,25,0.15,74.5,4.5,225,2026-08-21 05:35:00,PT5M,0.0,0.0,0.0,0.0,0.0
0,0,0,0,25,0.15,74.0,4.5,225,2026-08-21 05:40:00,PT5M,0.0,0.0,0.0,0.0,0.0
0,0,0,0,25,0.15,73.5,4.6,225,2026-08-21 05:45:00,PT5M,0.0,0.0,0.0,0.0,0.0
0,0,0,0,25,0.15,73.0,4.6,225,2026-08-21 05:50:00,PT5M,0.0,0.0,0.0,0.0,0.0
0,0,0,0,25,0.15,72.6,4.6,225,2026-08-21 05:55:00,PT5M,0.0,0.0,0.0,0.0,0.0
0,0,0,0,26,0.15,72.1,4.6,225,2026-08-21 06:00:00,PT5M,0.0,0.0,0.0,0.0,0.0
1,1,0,1,26,0.15,71.6,4.6,225,2026-08-21 06:05:00,PT5M,0.0,0.0,0.0,0.0,0.0
5,6,0,6,26,0.15,71.2,4.6,224,2026-08-21 06:10:00,PT5M,0.042,0.24,0.1462,0.0,0.0
11,12,0,12,26,0.15,70.7,4.6,224,2026-08-21 06:15:00,PT5M,0.861,1.6405,1.2713,0.4507,0.0815
18,18,0,18,26,0.15,70.3,4.7,224,2026-08-21 06:20:00,PT5M,1.759,3.079,2.4537,1.0643,0.439
25,26,0,26,26,0.15,69.8,4.7,224,2026-08-21 06:25:00,PT5M,2.741,4.9305,3.8933,1.5887,0.5515
34,35,0,35,26,0.15,69.4,4.7,224,2026-08-21 06:30:00,PT5M,3.835,7.0385,5.521,2.149,0.6315
43,45,0,45,26,0.15,68.9,4.7,224,2026-08-21 06:35:00,PT5M,5.155,9.6165,7.5031,2.8069,0.6935
54,56,0,56,26,0.15,68.5,4.7,224,2026-08-21 06:40:00,PT5M,6.599,12.5185,9.7145,3.4835,0.6795
66,68,0,68,26,0.15,68.0,4.7,224,2026-08-21 06:45:00,PT5M,8.073,15.5275,11.9964,4.1496,0.6185
78,82,9,80,27,0.15,67.6,4.7,224,2026-08-21 06:50:00,PT5M,10.009,19.044,14.7642,5.2538,0.974
89,96,32,89,27,0.15,67.2,4.8,224,2026-08-21 06:55:00,PT5M,12.672,23.321,18.2766,7.0674,2.023
101,110,55,98,27,0.15,66.7,4.8,224,2026-08-21 07:00:00,PT5M,15.473,27.8035,21.9626,8.9834,3.1425
113,126,77,106,27,0.15,66.3,4.8,224,2026-08-21 07:05:00,PT5M,18.518,32.595,25.9268,11.1092,4.441
126,141,95,114,27,0.15,65.9,4.8,224,2026-08-21 07:10:00,PT5M,21.387,37.2785,29.7508,13.0232,5.4955
139,156,111,123,27,0.15,65.5,4.8,224,2026-08-21 07:15:00,PT5M,24.432,42.191,33.7787,15.0853,6.673
152,171,127,131,27,0.15,65.0,4.8,223,2026-08-21 07:20:00,PT5M,27.601,47.259,37.9471,17.2549,7.943
165,187,143,139,27,0.15,64.6,4.8,223,2026-08-21 07:25:00,PT5M,30.858,52.435,42.2141,19.5019,9.281
179,203,158,146,27,0.15,64.2,4.9,223,2026-08-21 07:30:00,PT5M,34.193,57.6985,46.5641,21.8219,10.6875
193,219,174,154,27,0.15,63.8,4.9,223,2026-08-21 07:35:00,PT5M,37.665,63.1085,51.0561,24.2739,12.2215
208,236,190,161,27,0.15,63.4,4.9,223,2026-08-21 07:40:00,PT5M,41.281,68.73,55.7276,26.8344,13.832
223,253,205,168,28,0.15,63.0,4.9,223,2026-08-21 07:45:00,PT5M,44.983,74.455,60.4943,29.4717,15.511
238,270,221,174,28,0.15,62.6,4.9,223,2026-08-21 07:50:00,PT5M,48.149,78.9085,64.3379,31.9601,17.3895
253,288,237,180,28,0.15,62.2,4.9,223,2026-08-21 07:55:00,PT5M,50.921,82.2565,67.4131,34.4289,19.5855
268,305,253,186,28,0.15,61.8,4.9,223,2026-08-21 08:00:00,PT5M,53.63,85.4855,70.3958,36.8642,21.7745
284,323,269,191,28,0.15,61.4,4.9,223,2026-08-21 08:05:00,PT5M,56.294,88.6215,73.3082,39.2798,23.9665
300,341,285,196,28,0.15,61.0,5.0,223,2026-08-21 08:10:00,PT5M,58.902,91.6455,76.1351,41.6689,26.1585
315,359,301,200,28,0.15,60.6,5.0,223,2026-08-21 08:15:00,PT5M,61.413,94.495,78.8243,44.0017,28.331
331,377,317,204,28,0.15,60.3,5.0,223,2026-08-21 08:20:00,PT5M,63.819,97.1555,81.3642,46.2738,30.4825
348,395,333,208,28,0.15,59.9,5.0,223,2026-08-21 08:25:00,PT5M,66.112,99.6145,83.7446,48.4794,32.6095
364,414,348,211,28,0.15,59.5,5.0,223,2026-08-21 08:30:00,PT5M,68.289,100.0,85.9492,50.6288,34.734
379,431,360,215,29,0.15,58.9,5.1,223,2026-08-21 08:35:00,PT5M,70.044,100.0,87.7248,52.3632,36.45
394,446,369,220,29,0.15,58.2,5.1,223,2026-08-21 08:40:00,PT5M,71.408,100.0,89.1122,53.7038,37.7695
408,462,376,224,29,0.15,57.5,5.2,223,2026-08-21 08:45:00,PT5M,72.691,100.0,90.4028,54.9792,39.038
422,477,384,228,29,0.15,56.7,5.2,223,2026-08-21 08:50:00,PT5M,73.928,100.0,91.6359,56.2201,40.2825
436,493,392,232,29,0.15,56.0,5.3,223,2026-08-21 08:55:00,PT5M,75.106,100.0,92.8018,57.4102,41.4835
450,508,399,236,29,0.15,55.3,5.4,223,2026-08-21 09:00:00,PT5M,76.234,100.0,93.9082,58.5598,42.6525
464,522,405,240,30,0.15,54.6,5.4,222,2026-08-21 09:05:00,PT5M,77.281,100.0,94.9189,59.6431,43.7685
477,537,411,244,30,0.15,54.0,5.5,222,2026-08-21 09:10:00,PT5M,78.282,100.0,95.8688,60.6952,44.8665
491,551,418,248,30,0.15,53.3,5.6,222,2026-08-21 09:15:00,PT5M,79.336,100.0,96.8604,61.8116,46.039
504,566,425,251,30,0.15,52.6,5.6,222,2026-08-21 09:20:00,PT5M,80.35,100.0,97.8294,62.8706,47.1385
517,580,432,254,30,0.15,52.0,5.7,222,2026-08-21 09:25:00,PT5M,81.328,100.0,98.7346,63.9214,48.255
530,594,438,257,30,0.15,51.3,5.7,222,2026-08-21 09:30:00,PT5M,82.27,100.0,99.6002,64.9398,49.342
543,608,445,260,31,0.15,50.7,5.8,222,2026-08-21 09:35:00,PT5M,83.178,100.0,100.0,66.018,50.5735
555,621,451,263,31,0.15,50.1,5.9,222,2026-08-21 09:40:00,PT5M,84.052,100.0,100.0,67.092,51.8275
568,635,457,265,31,0.15,49.4,5.9,222,2026-08-21 09:45:00,PT5M,84.893,100.0,100.0,68.1285,53.04
580,647,464,268,31,0.15,48.8,6.0,222,2026-08-21 09:50:00,PT5M,85.703,100.0,100.0,69.1291,54.212
591,660,469,270,31,0.15,48.2,6.1,222,2026-08-21 09:55:00,PT5M,86.424,100.0,100.0,70.0308,55.2765
602,672,474,272,31,0.15,47.6,6.1,222,2026-08-21 10:00:00,PT5M,87.118,100.0,100.0,70.9001,56.3035
613,683,479,274,32,0.15,47.0,6.2,222,2026-08-21 10:05:00,PT5M,87.794,100.0,100.0,71.7466,57.3035
624,695,484,276,32,0.15,46.5,6.3,222,2026-08-21 10:10:00,PT5M,88.448,100.0,100.0,72.5641,58.268
634,706,489,278,32,0.15,45.9,6.3,222,2026-08-21 10:15:00,PT5M,89.073,100.0,100.0,73.3464,59.192
644,717,494,279,32,0.15,45.3,6.4,222,2026-08-21 10:20:00,PT5M,89.668,100.0,100.0,74.0925,60.074
654,727,499,280,32,0.15,44.8,6.4,222,2026-08-21 10:25:00,PT5M,90.234,100.0,100.0,74.804,60.9165
663,737,504,281,32,0.15,44.2,6.5,222,2026-08-21 10:30:00,PT5M,90.771,100.0,100.0,75.4805,61.7185
673,747,510,282,33,0.15,43.7,6.6,222,2026-08-21 10:35:00,PT5M,91.348,100.0,100.0,76.214,62.593
682,758,517,282,33,0.15,43.1,6.6,222,2026-08-21 10:40:00,PT5M,91.959,100.0,100.0,76.9992,63.535
691,768,524,281,33,0.15,42.6,6.7,222,2026-08-21 10:45:00,PT5M,92.541,100.0,100.0,77.7512,64.44
700,778,531,281,33,0.15,42.1,6.8,222,2026-08-21 10:50:00,PT5M,93.033,100.0,100.0,78.4088,65.2465
708,787,538,280,33,0.15,41.6,6.8,222,2026-08-21 10:55:00,PT5M,93.555,100.0,100.0,79.0905,66.072
717,796,544,279,33,0.15,41.1,6.9,222,2026-08-21 11:00:00,PT5M,94.046,100.0,100.0,79.7333,66.8515
724,804,551,278,34,0.15,40.6,6.9,222,2026-08-21 11:05:00,PT5M,94.512,100.0,100.0,80.3388,67.5825
732,813,558,276,34,0.15,40.1,7.0,222,2026-08-21 11:10:00,PT5M,94.951,100.0,100.0,80.901,68.2555
739,821,565,274,34,0.15,39.6,7.1,222,2026-08-21 11:15:00,PT5M,95.377,100.0,100.0,81.4614,68.937
745,828,572,272,34,0.15,39.1,7.1,222,2026-08-21 11:20:00,PT5M,95.782,100.0,100.0,82.003,69.6015
752,835,579,270,34,0.15,38.6,7.2,222,2026-08-21 11:25:00,PT5M,96.158,100.0,100.0,82.5022,70.2115
757,842,585,268,34,0.15,38.1,7.3,222,2026-08-21 11:30:00,PT5M,96.507,100.0,100.0,82.9622,70.7715
762,847,590,267,34,0.15,37.8,7.3,222,2026-08-21 11:35:00,PT5M,96.732,100.0,100.0,83.2685,71.151
765,850,591,267,35,0.15,37.7,7.3,222,2026-08-21 11:40:00,PT5M,96.837,100.0,100.0,83.4251,71.354
768,853,593,266,35,0.15,37.5,7.3,222,2026-08-21 11:45:00,PT5M,96.919,100.0,100.0,83.5521,71.5215
770,856,595,266,35,0.15,37.4,7.3,223,2026-08-21 11:50:00,PT5M,96.978,100.0,100.0,83.6485,71.6515
772,858,596,266,35,0.15,37.2,7.3,223,2026-08-21 11:55:00,PT5M,97.014,100.0,100.0,83.714,71.7435
774,859,597,266,35,0.15,37.1,7.3,223,2026-08-21 12:00:00,PT5M,97.024,100.0,100.0,83.745,71.7935
774,860,598,266,35,0.15,36.9,7.4,223,2026-08-21 12:05:00,PT5M,96.996,100.0,100.0,83.7278,71.786
774,860,597,266,35,0.15,36.8,7.4,223,2026-08-21 12:10:00,PT5M,96.934,100.0,100.0,83.6661,71.7245
774,860,597,266,35,0.15,36.6,7.4,223,2026-08-21 12:15:00,PT5M,96.942,100.0,100.0,83.6656,71.7165
773,859,596,267,35,0.15,36.5,7.4,223,2026-08-21 12:20:00,PT5M,96.923,100.0,100.0,83.6293,71.6645
772,857,595,267,35,0.15,36.3,7.4,223,2026-08-21 12:25:00,PT5M,96.878,100.0,100.0,83.5587,71.571
770,855,593,267,35,0.15,36.2,7.4,223,2026-08-21 12:30:00,PT5M,96.807,100.0,100.0,83.4538,71.4355
768,853,592,267,35,0.15,36.0,7.4,223,2026-08-21 12:35:00,PT5M,96.713,100.0,100.0,83.3303,71.2855
765,850,590,268,35,0.15,35.9,7.4,223,2026-08-21 12:40:00,PT5M,96.596,100.0,100.0,83.1883,71.121
762,846,588,268,35,0.15,35.7,7.4,223,2026-08-21 12:45:00,PT5M,96.457,100.0,100.0,83.0177,70.922
758,842,586,268,35,0.15,35.6,7.4,223,2026-08-21 12:50:00,PT5M,96.296,100.0,100.0,82.817,70.6855
754,838,584,268,35,0.15,35.4,7.4,224,2026-08-21 12:55:00,PT5M,96.113,100.0,100.0,82.5864,70.412
750,833,582,267,35,0.15,35.3,7.5,224,2026-08-21 13:00:00,PT5M,95.905,100.0,100.0,82.316,70.0855
745,828,580,267,36,0.15,35.1,7.5,224,2026-08-21 13:05:00,PT5M,95.679,100.0,100.0,82.0158,69.7185
740,822,578,266,36,0.15,35.0,7.5,224,2026-08-21 13:10:00,PT5M,95.445,100.0,100.0,81.7113,69.3505
734,816,576,266,36,0.15,34.8,7.5,224,2026-08-21 13:15:00,PT5M,95.199,100.0,100.0,81.4055,68.991
728,810,574,265,36,0.15,34.7,7.5,224,2026-08-21 13:20:00,PT5M,94.923,100.0,100.0,81.0464,68.557
721,803,572,264,36,0.15,34.6,7.5,224,2026-08-21 13:25:00,PT5M,94.618,100.0,100.0,80.6459,68.0705
714,795,569,262,36,0.15,34.4,7.5,224,2026-08-21 13:30:00,PT5M,94.289,100.0,100.0,80.2124,67.543
706,787,565,262,36,0.15,34.3,7.5,224,2026-08-21 13:35:00,PT5M,93.874,100.0,100.0,79.6742,66.894
698,778,561,262,36,0.15,34.1,7.5,224,2026-08-21 13:40:00,PT5M,93.373,100.0,100.0,79.0332,66.127
689,768,555,261,36,0.15,34.0,7.5,224,2026-08-21 13:45:00,PT5M,92.847,100.0,100.0,78.3617,65.3245
680,758,550,261,36,0.15,33.9,7.6,224,2026-08-21 13:50:00,PT5M,92.297,100.0,100.0,77.6609,64.488
670,748,545,260,36,0.15,33.7,7.6,224,2026-08-21 13:55:00,PT5M,91.728,100.0,100.0,76.9364,63.6235
660,737,540,259,36,0.15,33.6,7.6,225,2026-08-21 14:00:00,PT5M,91.131,100.0,100.0,76.1776,62.719
650,726,535,258,36,0.15,33.5,7.6,225,2026-08-21 14:05:00,PT5M,90.508,100.0,100.0,75.3869,61.7775
639,715,529,257,36,0.15,33.3,7.6,225,2026-08-21 14:10:00,PT5M,89.873,100.0,100.0,74.578,60.812
628,703,524,256,36,0.15,33.2,7.6,225,2026-08-21 14:15:00,PT5M,89.191,100.0,100.0,73.716,59.788
617,691,518,254,36,0.15,33.0,7.6,225,2026-08-21 14:20:00,PT5M,88.479,100.0,100.0,72.8153,58.7175
606,678,512,252,36,0.15,32.9,7.6,225,2026-08-21 14:25:00,PT5M,87.74,100.0,100.0,71.8824,57.61
594,666,506,251,37,0.15,32.8,7.6,225,2026-08-21 14:30:00,PT5M,86.974,100.0,100.0,70.9622,56.551
581,652,499,249,36,0.15,32.8,7.6,225,2026-08-21 14:35:00,PT5M,86.144,100.0,100.0,70.0379,55.542
569,638,492,247,36,0.15,33.1,7.6,225,2026-08-21 14:40:00,PT5M,85.303,100.0,100.0,69.0906,54.499
556,624,485,246,36,0.15,33.4,7.6,225,2026-08-21 14:45:00,PT5M,84.428,100.0,100.0,68.112,53.427
543,610,477,244,36,0.15,33.6,7.5,225,2026-08-21 14:50:00,PT5M,83.52,100.0,99.9363,67.1037,52.3285
529,596,470,241,36,0.15,33.9,7.5,225,2026-08-21 14:55:00,PT5M,82.575,100.0,99.0879,66.0621,51.2
515,581,462,239,36,0.15,34.1,7.5,225,2026-08-21 15:00:00,PT5M,81.593,100.0,98.1759,65.0101,50.085
502,566,453,237,36,0.15,34.4,7.4,225,2026-08-21 15:05:00,PT5M,80.537,100.0,97.1978,63.8762,48.881
487,550,444,234,36,0.15,34.7,7.4,225,2026-08-21 15:10:00,PT5M,79.401,100.0,96.126,62.676,47.623
473,535,436,232,36,0.15,35.0,7.4,225,2026-08-21 15:15:00,PT5M,78.306,100.0,95.081,61.531,46.433
459,519,427,229,35,0.15,35.2,7.3,225,2026-08-21 15:20:00,PT5M,77.195,100.0,94.0089,60.3811,45.248
445,504,419,225,35,0.15,35.5,7.3,225,2026-08-21 15:25:00,PT5M,76.032,100.0,92.8746,59.1894,44.0305
430,488,410,222,35,0.15,35.8,7.3,225,2026-08-21 15:30:00,PT5M,74.815,100.0,91.6752,57.9548,42.78
415,471,400,219,35,0.15,36.1,7.2,225,2026-08-21 15:35:00,PT5M,73.386,100.0,90.2599,56.5121,41.325
399,454,387,216,35,0.15,36.3,7.2,225,2026-08-21 15:40:00,PT5M,71.735,100.0,88.6147,54.8553,39.663
384,437,374,213,35,0.15,36.6,7.2,225,2026-08-21 15:45:00,PT5M,70.007,100.0,86.8738,53.1402,37.9595
368,419,360,209,35,0.15,36.9,7.1,225,2026-08-21 15:50:00,PT5M,68.219,100.0,85.0495,51.3885,36.2405
352,401,347,206,35,0.15,37.2,7.1,224,2026-08-21 15:55:00,PT5M,66.299,98.146,83.0603,49.5377,34.452
336,384,333,202,34,0.15,37.5,7.1,224,2026-08-21 16:00:00,PT5M,64.248,95.856,80.8835,47.6125,32.64
321,366,319,197,34,0.15,37.8,7.1,224,2026-08-21 16:05:00,PT5M,62.131,93.4385,78.6084,45.6536,30.8235
305,348,306,192,34,0.15,38.1,7.0,224,2026-08-21 16:10:00,PT5M,59.959,90.913,76.2503,43.6677,29.005
289,331,292,187,34,0.15,38.4,7.0,224,2026-08-21 16:15:00,PT5M,57.687,88.219,73.7562,41.6178,27.155
274,314,279,182,34,0.15,38.7,7.0,224,2026-08-21 16:20:00,PT5M,55.323,85.372,71.138,39.508,25.274
259,296,265,176,34,0.15,39.0,6.9,224,2026-08-21 16:25:00,PT5M,52.877,82.3885,68.4091,37.3449,23.3655
243,279,250,170,34,0.15,39.3,6.9,224,2026-08-21 16:30:00,PT5M,50.355,79.277,65.5769,35.1331,21.433
228,262,237,164,34,0.15,39.6,6.9,224,2026-08-21 16:35:00,PT5M,47.236,74.6715,61.6755,32.7965,19.8005
214,245,223,157,34,0.15,40.0,6.8,224,2026-08-21 16:40:00,PT5M,43.732,69.196,57.1339,30.3301,18.268
199,229,210,150,33,0.15,40.3,6.8,224,2026-08-21 16:45:00,PT5M,40.259,63.817,52.6577,27.8603,16.701
185,212,196,143,33,0.15,40.6,6.8,224,2026-08-21 16:50:00,PT5M,36.805,58.485,48.2153,25.3947,15.125
170,196,181,135,33,0.15,40.9,6.7,224,2026-08-21 16:55:00,PT5M,33.412,53.2305,43.8426,22.9814,13.5935
156,180,165,128,33,0.15,41.2,6.7,224,2026-08-21 17:00:00,PT5M,30.065,48.0405,39.5256,20.6044,12.0895
143,164,149,120,33,0.15,41.6,6.7,224,2026-08-21 17:05:00,PT5M,26.764,42.916,35.2649,18.2631,10.612
129,148,132,112,33,0.15,41.9,6.6,224,2026-08-21 17:10:00,PT5M,23.548,37.907,31.1052,15.9908,9.189
116,133,113,104,33,0.15,42.2,6.6,224,2026-08-21 17:15:00,PT5M,20.426,33.0585,27.0746,13.7774,7.7935
103,117,89,96,33,0.15,42.6,6.6,224,2026-08-21 17:20:00,PT5M,17.233,28.2495,23.0311,11.4349,6.2165
91,101,65,87,32,0.15,42.9,6.6,224,2026-08-21 17:25:00,PT5M,14.334,23.829,19.3313,9.3367,4.839
80,87,41,79,32,0.15,43.3,6.5,224,2026-08-21 17:30:00,PT5M,11.517,19.5555,15.7477,7.2863,3.4785
69,73,18,70,32,0.15,43.7,6.5,224,2026-08-21 17:35:00,PT5M,9.044,15.6565,12.5242,5.5638,2.4315
58,60,0,60,32,0.15,44.1,6.5,224,2026-08-21 17:40:00,PT5M,7.015,12.214,9.7513,4.2787,1.816
47,48,0,48,32,0.15,44.6,6.4,224,2026-08-21 17:45:00,PT5M,5.505,9.4355,7.5737,3.4363,1.5745
37,38,0,38,32,0.15,45.0,6.4,225,2026-08-21 17:50:00,PT5M,4.135,6.956,5.6197,2.6503,1.314
27,28,0,28,32,0.15,45.5,6.3,225,2026-08-21 17:55:00,PT5M,2.987,4.92,4.0044,1.9696,1.054
19,20,0,20,32,0.15,46.0,6.3,225,2026-08-21 18:00:00,PT5M,1.942,3.115,2.5594,1.3246,0.769
12,13,0,13,31,0.15,46.5,6.3,225,2026-08-21 18:05:00,PT5M,0.982,1.6815,1.3502,0.6138,0.2825
6,6,0,6,31,0.15,47.0,6.2,225,2026-08-21 18:10:00,PT5M,0.088,0.2715,0.1846,0.0,0.0
1,1,0,1,31,0.15,47.5,6.2,226,2026-08-21 18:15:00,PT5M,0.0,0.0,0.0,0.0,0.0
0,0,0,0,31,0.15,47.9,6.2,226,2026-08-21 18:20:00,PT5M,0.0,0.0,0.0,0.0,0.0
0,0,0,0,31,0.15,48.5,6.1,226,2026-08-21 18:25:00,PT5M,0.0,0.0,0.0,0.0,0.0
0,0,0,0,31,0.15,49.0,6.1,226,2026-08-21 18:30:00,PT5M,0.0,0.0,0.0,0.0,0.0
0,0,0,0,31,0.15,49.5,6.0,227,2026-08-21 18:35:00,PT5M,0.0,0.0,0.0,0.0,0.0
0,0,0,0,31,0.15,50.0,6.0,227,2026-08-21 18:40:00,PT5M,0.0,0.0,0.0,0.0,0.0
0,0,0,0,30,0.15,50.5,6.0,227,2026-08-21 18:45:00,PT5M,0.0,0.0,0.0,0.0,0.0
0,0,0,0,30,0.15,51.1,5.9,227,2026-08-21 18:50:00,PT5M,0.0,0.0,0.0,0.0,0.0
0,0,0,0,30,0.15,51.6,5.9,228,2026-08-21 18:55:00,PT5M,0.0,0.0,0.0,0.0,0.0
0,0,0,0,30,0.15,52.1,5.9,228,2026-08-21 19:00:00,PT5M,0.0,0.0,0.0,0.0,0.0
0,0,0,0,30,0.15,52.7,5.8,228,2026-08-21 19:05:00,PT5M,0.0,0.0,0.0,0.0,0.0
0,0,0,0,30,0.15,53.2,5.8,229,2026-08-21 19:10:00,PT5M,0.0,0.0,0.0,0.0,0.0
0,0,0,0,30,0.15,53.8,5.8,229,2026-08-21 19:15:00,PT5M,0.0,0.0,0.0,0.0,0.0
0,0,0,0,30,0.15,54.4,5.7,229,2026-08-21 19:20:00,PT5M,0.0,0.0,0.0,0.0,0.0
0,0,0,0,29,0.15,54.9,5.7,229,2026-08-21 19:25:00,PT5M,0.0,0.0,0.0,0.0,0.0
0,0,0,0,29,0.15,55.5,5.6,230,2026-08-21 19:30:00,PT5M,0.0,0.0,0.0,0.0,0.0
0,0,0,0,29,0.15,56.1,5.6,230,2026-08-21 19:35:00,PT5M,0.0,0.0,0.0,0.0,0.0
0,0,0,0,29,0.15,56.7,5.6,230,2026-08-21 19:40:00,PT5M,0.0,0.0,0.0,0.0,0.0
0,0,0,0,29,0.15,57.3,5.5,231,2026-08-21 19:45:00,PT5M,0.0,0.0,0.0,0.0,0.0
0,0,0,0,29,0.15,57.9,5.5,231,2026-08-21 19:50:00,PT5M,0.0,0.0,0.0,0.0,0.0
0,0,0,0,29,0.15,58.5,5.5,231,2026-08-21 19:55:00,PT5M,0.0,0.0,0.0,0.0,0.0
0,0,0,0,29,0.15,59.1,5.4,231,2026-08-21 20:00:00,PT5M,0.0,0.0,0.0,0.0,0.0
0,0,0,0,29,0.15,59.8,5.4,232,2026-08-21 20:05:00,PT5M,0.0,0.0,0.0,0.0,0.0
0,0,0,0,28,0.15,60.4,5.4,232,2026-08-21 20:10:00,PT5M,0.0,0.0,0.0,0.0,0.0
0,0,0,0,28,0.15,61.0,5.3,232,2026-08-21 20:15:00,PT5M,0.0,0.0,0.0,0.0,0.0
0,0,0,0,28,0.15,61.7,5.3,233,2026-08-21 20:20:00,PT5M,0.0,0.0,0.0,0.0,0.0
0,0,0,0,28,0.15,62.3,5.3,233,2026-08-21 20:25:00,PT5M,0.0,0.0,0.0,0.0,0.0
0,0,0,0,28,0.15,63.0,5.2,233,2026-08-21 20:30:00,PT5M,0.0,0.0,0.0,0.0,0.0
0,0,0,0,28,0.15,63.4,5.2,233,2026-08-21 20:35:00,PT5M,0.0,0.0,0.0,0.0,0.0
0,0,0,0,28,0.15,63.5,5.2,233,2026-08-21 20:40:00,PT5M,0.0,0.0,0.0,0.0,0.0
0,0,0,0,28,0.15,63.6,5.1,233,2026-08-21 20:45:00,PT5M,0.0,0.0,0.0,0.0,0.0
0,0,0,0,28,0.15,63.7,5.1,233,2026-08-21 20:50:00,PT5M,0.0,0.0,0.0,0.0,0.0
0,0,0,0,28,0.15,63.8,5.1,233,2026-08-21 20:55:00,PT5M,0.0,0.0,0.0,0.0,0.0
0,0,0,0,28,0.15,64.0,5.0,232,2026-08-21 21:00:00,PT5M,0.0,0.0,0.0,0.0,0.0
0,0,0,0,28,0.15,64.1,5.0,232,2026-08-21 21:05:00,PT5M,0.0,0.0,0.0,0.0,0.0
0,0,0,0,28,0.15,64.2,5.0,232,2026-08-21 21:10:00,PT5M,0.0,0.0,0.0,0.0,0.0
0,0,0,0,27,0.15,64.3,4.9,232,2026-08-21 21:15:00,PT5M,0.0,0.0,0.0,0.0,0.0
0,0,0,0,27,0.15,64.4,4.9,231,2026-08-21 21:20:00,PT5M,0.0,0.0,0.0,0.0,0.0
0,0,0,0,27,0.15,64.5,4.9,231,2026-08-21 21:25:00,PT5M,0.0,0.0,0.0,0.0,0.0
0,0,0,0,27,0.15,64.6,4.8,231,2026-08-21 21:30:00,PT5M,0.0,0.0,0.0,0.0,0.0
0,0,0,0,27,0.15,64.7,4.8,231,2026-08-21 21:35:00,PT5M,0.0,0.0,0.0,0.0,0.0
0,0,0,0,27,0.15,64.9,4.8,231,2026-08-21 21:40:00,PT5M,0.0,0.0,0.0,0.0,0.0
0,0,0,0,27,0.15,65.0,4.7,230,2026-08-21 21:45:00,PT5M,0.0,0.0,0.0,0.0,0.0
0,0,0,0,27,0.15,65.1,4.7,230,2026-08-21 21:50:00,PT5M,0.0,0.0,0.0,0.0,0.0
0,0,0,0,27,0.15,65.2,4.7,230,2026-08-21 21:55:00,PT5M,0.0,0.0,0.0,0.0,0.0
0,0,0,0,27,0.15,65.3,4.6,230,2026-08-21 22:00:00,PT5M,0.0,0.0,0.0,0.0,0.0
0,0,0,0,27,0.15,65.4,4.6,229,2026-08-21 22:05:00,PT5M,0.0,0.0,0.0,0.0,0.0
0,0,0,0,27,0.15,65.5,4.6,229,2026-08-21 22:10:00,PT5M,0.0,0.0,0.0,0.0,0.0
0,0,0,0,27,0.15,65.7,4.5,229,2026-08-21 22:15:00,PT5M,0.0,0.0,0.0,0.0,0.0
0,0,0,0,27,0.15,65.8,4.5,228,2026-08-21 22:20:00,PT5M,0.0,0.0,0.0,0.0,0.0
0,0,0,0,27,0.15,65.9,4.5,228,2026-08-21 22:25:00,PT5M,0.0,0.0,0.0,0.0,0.0
0,0,0,0,27,0.15,66.0,4.4,228,2026-08-21 22:30:00,PT5M,0.0,0.0,0.0,0.0,0.0
0,0,0,0,27,0.15,66.1,4.4,228,2026-08-21 22:35:00,PT5M,0.0,0.0,0.0,0.0,0.0
0,0,0,0,27,0.15,66.2,4.4,227,2026-08-21 22:40:00,PT5M,0.0,0.0,0.0,0.0,0.0
0,0,0,0,27,0.15,66.4,4.3,227,2026-08-21 22:45:00,PT5M,0.0,0.0,0.0,0.0,0.0
0,0,0,0,27,0.15,66.5,4.3,227,2026-08-21 22:50:00,PT5M,0.0,0.0,0.0,0.0,0.0
0,0,0,0,27,0.15,66.6,4.3,226,2026-08-21 22:55:00,PT5M,0.0,0.0,0.0,0.0,0.0
0,0,0,0,27,0.15,66.7,4.2,226,2026-08-21 23:00:00,PT5M,0.0,0.0,0.0,0.0,0.0
0,0,0,0,27,0.15,66.8,4.2,226,2026-08-21 23:05:00,PT5M,0.0,0.0,0.0,0.0,0.0
0,0,0,0,27,0.15,66.9,4.2,225,2026-08-21 23:10:00,PT5M,0.0,0.0,0.0,0.0,0.0
0,0,0,0,26,0.15,67.1,4.1,225,2026-08-21 23:15:00,PT5M,0.0,0.0,0.0,0.0,0.0
0,0,0,0,26,0.15,67.2,4.1,225,2026-08-21 23:20:00,PT5M,0.0,0.0,0.0,0.0,0.0
0,0,0,0,26,0.15,67.3,4.1,225,2026-08-21 23:25:00,PT5M,0.0,0.0,0.0,0.0,0.0
0,0,0,0,26,0.15,67.4,4.0,224,2026-08-21 23:30:00,PT5M,0.0,0.0,0.0,0.0,0.0
0,0,0,0,26,0.15,67.6,4.0,224,2026-08-21 23:35:00,PT5M,0.0,0.0,0.0,0.0,0.0
0,0,0,0,26,0.15,67.8,4.0,224,2026-08-21 23:40:00,PT5M,0.0,0.0,0.0,0.0,0.0
0,0,0,0,26,0.15,67.9,4.0,224,2026-08-21 23:45:00,PT5M,0.0,0.0,0.0,0.0,0.0
0,0,0,0,26,0.15,68.1,4.1,224,2026-08-21 23:50:00,PT5M,0.0,0.0,0.0,0.0,0.0
0,0,0,0,26,0.15,68.3,4.1,224,2026-08-21 23:55:00,PT5M,0.0,0.0,0.0,0.0,0.0
0,0,0,0,26,0.15,68.5,4.1,224,2026-08-22 00:00:00,PT5M,0.0,0.0,0.0,0.0,0.0
0,0,0,0,26,0.15,68.7,4.1,225,2026-08-22 00:05:00,PT5M,0.0,0.0,0.0,0.0,0.0
0,0,0,0,26,0.15,68.8,4.1,225,2026-08-22 00:10:00,PT5M,0.0,0.0,0.0,0.0,0.0
0,0,0,0,26,0.15,69.0,4.1,225,2026-08-22 00:15:00,PT5M,0.0,0.0,0.0,0.0,0.0
0,0,0,0,26,0.15,69.2,4.1,225,2026-08-22 00:20:00,PT5M,0.0,0.0,0.0,0.0,0.0
0,0,0,0,26,0.15,69.4,4.1,225,2026-08-22 00:25:00,PT5M,0.0,0.0,0.0,0.0,0.0
0,0,0,0,26,0.15,69.6,4.1,225,2026-08-22 00:30:00,PT5M,0.0,0.0,0.0,0.0,0.0
0,0,0,0,26,0.15,69.8,4.1,225,2026-08-22 00:35:00,PT5M,0.0,0.0,0.0,0.0,0.0
0,0,0,0,26,0.15,70.0,4.1,225,2026-08-22 00:40:00,PT5M,0.0,0.0,0.0,0.0,0.0
0,0,0,0,26,0.15,70.2,4.1,225,2026-08-22 00:45:00,PT5M,0.0,0.0,0.0,0.0,0.0
0,0,0,0,26,0.15,70.3,4.1,225,2026-08-22 00:50:00,PT5M,0.0,0.0,0.0,0.0,0.0
0,0,0,0,26,0.15,70.5,4.1,225,2026-08-22 00:55:00,PT5M,0.0,0.0,0.0,0.0,0.0
0,0,0,0,26,0.15,70.7,4.1,225,2026-08-22 01:00:00,PT5M,0.0,0.0,0.0,0.0,0.0
0,0,0,0,26,0.15,70.9,4.1,226,2026-08-22 01:05:00,PT5M,0.0,0.0,0.0,0.0,0.0
0,0,0,0,26,0.15,71.1,4.1,226,2026-08-22 01:10:00,PT5M,0.0,0.0,0.0,0.0,0.0
0,0,0,0,26,0.15,71.3,4.2,226,2026-08-22 01:15:00,PT5M,0.0,0.0,0.0,0.0,0.0
0,0,0,0,26,0.15,71.5,4.2,226,2026-08-22 01:20:00,PT5M,0.0,0.0,0.0,0.0,0.0
0,0,0,0,26,0.15,71.7,4.2,226,2026-08-22 01:25:00,PT5M,0.0,0.0,0.0,0.0,0.0
0,0,0,0,26,0.15,71.9,4.2,226,2026-08-22 01:30:00,PT5M,0.0,0.0,0.0,0.0,0.0
0,0,0,0,26,0.15,72.1,4.2,226,2026-08-22 01:35:00,PT5M,0.0,0.0,0.0,0.0,0.0
0,0,0,0,26,0.15,72.2,4.2,226,2026-08-22 01:40:00,PT5M,0.0,0.0,0.0,0.0,0.0
0,0,0,0,26,0.15,72.4,4.2,226,2026-08-22 01:45:00,PT5M,0.0,0.0,0.0,0.0,0.0
0,0,0,0,26,0.15,72.6,4.2,226,2026-08-22 01:50:00,PT5M,0.0,0.0,0.0,0.0,0.0
0,0,0,0,26,0.15,72.8,4.2,226,2026-08-22 01:55:00,PT5M,0.0,0.0,0.0,0.0,0.0
0,0,0,0,26,0.15,73.0,4.2,226,2026-08-22 02:00:00,PT5M,0.0,0.0,0.0,0.0,0.0
0,0,0,0,26,0.15,73.2,4.2,226,2026-08-22 02:05:00,PT5M,0.0,0.0,0.0,0.0,0.0
0,0,0,0,25,0.15,73.4,4.2,227,2026-08-22 02:10:00,PT5M,0.0,0.0,0.0,0.0,0.0
0,0,0,0,25,0.15,73.6,4.2,227,2026-08-22 02:15:00,PT5M,0.0,0.0,0.0,0.0,0.0
0,0,0,0,25,0.15,73.8,4.2,227,2026-08-22 02:20:00,PT5M,0.0,0.0,0.0,0.0,0.0
0,0,0,0,25,0.15,74.0,4.2,227,2026-08-22 02:25:00,PT5M,0.0,0.0,0.0,0.0,0.0
0,0,0,0,25,0.15,74.2,4.2,227,2026-08-22 02:30:00,PT5M,0.0,0.0,0.0,0.0,0.0
0,0,0,0,25,0.15,74.3,4.2,227,2026-08-22 02:35:00,PT5M,0.0,0.0,0.0,0.0,0.0
0,0,0,0,25,0.15,74.4,4.2,227,2026-08-22 02:40:00,PT5M,0.0,0.0,0.0,0.0,0.0
0,0,0,0,25,0.15,74.4,4.2,227,2026-08-22 02:45:00,PT5M,0.0,0.0,0.0,0.0,0.0
0,0,0,0,25,0.15,74.4,4.2,226,2026-08-22 02:50:00,PT5M,0.0,0.0,0.0,0.0,0.0
0,0,0,0,25,0.15,74.5,4.2,226,2026-08-22 02:55:00,PT5M,0.0,0.0,0.0,0.0,0.0
0,0,0,0,25,0.15,74.5,4.2,226,2026-08-22 03:00:00,PT5M,0.0,0.0,0.0,0.0,0.0
0,0,0,0,25,0.15,74.6,4.2,226,2026-08-22 03:05:00,PT5M,0.0,0.0,0.0,0.0,0.0
0,0,0,0,25,0.15,74.6,4.2,226,2026-08-22 03:10:00,PT5M,0.0,0.0,0.0,0.0,0.0
0,0,0,0,25,0.15,74.6,4.2,226,2026-08-22 03:15:00,PT5M,0.0,0.0,0.0,0.0,0.0
0,0,0,0,25,0.15,74.7,4.2,226,2026-08-22 03:20:00,PT5M,0.0,0.0,0.0,0.0,0.0
0,0,0,0,25,0.15,74.7,4.2,226,2026-08-22 03:25:00,PT5M,0.0,0.0,0.0,0.0,0.0
0,0,0,0,25,0.15,74.7,4.2,225,2026-08-22 03:30:00,PT5M,0.0,0.0,0.0,0.0,0.0
0,0,0,0,25,0.15,74.8,4.2,225,2026-08-22 03:35:00,PT5M,0.0,0.0,0.0,0.0,0.0
0,0,0,0,25,0.15,74.8,4.2,225,2026-08-22 03:40:00,PT5M,0.0,0.0,0.0,0.0,0.0
0,0,0,0,25,0.15,74.8,4.2,225,2026-08-22 03:45:00,PT5M,0.0,0.0,0.0,0.0,0.0
0,0,0,0,25,0.15,74.9,4.2,225,2026-08-22 03:50:00,PT5M,0.0,0.0,0.0,0.0,0.0
0,0,0,0,25,0.15,74.9,4.1,225,2026-08-22 03:55:00,PT5M,0.0,0.0,0.0,0.0,0.0
0,0,0,0,25,0.15,75.0,4.1,225,2026-08-22 04:00:00,PT5M,0.0,0.0,0.0,0.0,0.0
0,0,0,0,25,0.15,75.0,4.1,224,2026-08-22 04:05:00,PT5M,0.0,0.0,0.0,0.0,0.0
0,0,0,0,25,0.15,75.0,4.1,224,2026-08-22 04:10:00,PT5M,0.0,0.0,0.0,0.0,0.0
0,0,0,0,25,0.15,75.1,4.1,224,2026-08-22 04:15:00,PT5M,0.0,0.0,0.0,0.0,0.0
0,0,0,0,25,0.15,75.1,4.1,224,2026-08-22 04:20:00,PT5M,0.0,0.0,0.0,0.0,0.0
0,0,0,0,25,0.15,75.1,4.1,224,2026-08-22 04:25:00,PT5M,0.0,0.0,0.0,0.0,0.0
0,0,0,0,25,0.15,75.2,4.1,224,2026-08-22 04:30:00,PT5M,0.0,0.0,0.0,0.0,0.0
0,0,0,0,25,0.15,75.2,4.1,224,2026-08-22 04:35:00,PT5M,0.0,0.0,0.0,0.0,0.0
0,0,0,0,25,0.15,75.3,4.1,223,2026-08-22 04:40:00,PT5M,0.0,0.0,0.0,0.0,0.0
0,0,0,0,25,0.15,75.3,4.1,223,2026-08-22 04:45:00,PT5M,0.0,0.0,0.0,0.0,0.0
0,0,0,0,25,0.15,75.3,4.1,223,2026-08-22 04:50:00,PT5M,0.0,0.0,0.0,0.0,0.0
0,0,0,0,25,0.15,75.4,4.1,223,2026-08-22 04:55:00,PT5M,0.0,0.0,0.0,0.0,0.0
0,0,0,0,25,0.15,75.4,4.1,223,2026-08-22 05:00:00,PT5M,0.0,0.0,0.0,0.0,0.0
0,0,0,0,25,0.15,75.4,4.1,223,2026-08-22 05:05:00,PT5M,0.0,0.0,0.0,0.0,0.0
0,0,0,0,25,0.15,75.5,4.1,223,2026-08-22 05:10:00,PT5M,0.0,0.0,0.0,0.0,0.0
0,0,0,0,25,0.15,75.5,4.1,222,2026-08-22 05:15:00,PT5M,0.0,0.0,0.0,0.0,0.0
0,0,0,0,25,0.15,75.6,4.0,222,2026-08-22 05:20:00,PT5M,0.0,0.0,0.0,0.0,0.0
0,0,0,0,25,0.15,75.6,4.0,222,2026-08-22 05:25:00,PT5M,0.0,0.0,0.0,0.0,0.0
0,0,0,0,25,0.15,75.6,4.0,222,2026-08-22 05:30:00,PT5M,0.0,0.0,0.0,0.0,0.0
0,0,0,0,25,0.15,75.5,4.0,222,2026-08-22 05:35:00,PT5M,0.0,0.0,0.0,0.0,0.0
0,0,0,0,25,0.15,75.2,4.1,222,2026-08-22 05:40:00,PT5M,0.0,0.0,0.0,0.0,0.0
0,0,0,0,25,0.15,74.9,4.1,222,2026-08-22 05:45:00,PT5M,0.0,0.0,0.0,0.0,0.0
0,0,0,0,25,0.15,74.6,4.1,222,2026-08-22 05:50:00,PT5M,0.0,0.0,0.0,0.0,0.0
0,0,0,0,25,0.15,74.3,4.1,222,2026-08-22 05:55:00,PT5M,0.0,0.0,0.0,0.0,0.0
0,0,0,0,25,0.15,73.9,4.1,222,2026-08-22 06:00:00,PT5M,0.0,0.0,0.0,0.0,0.0
1,1,0,1,26,0.15,73.6,4.1,222,2026-08-22 06:05:00,PT5M,0.0,0.0,0.0,0.0,0.0
5,5,0,5,26,0.15,73.3,4.1,222,2026-08-22 06:10:00,PT5M,0.024,0.2575,0.1469,0.0,0.0
11,11,0,11,26,0.15,73.0,4.1,222,2026-08-22 06:15:00,PT5M,0.806,1.657,1.2539,0.3581,0.0
17,18,0,18,26,0.15,72.7,4.1,222,2026-08-22 06:20:00,PT5M,1.668,3.1845,2.4661,0.8699,0.1515
24,25,0,25,26,0.15,72.4,4.1,222,2026-08-22 06:25:00,PT5M,2.61,5.1075,3.9245,1.2955,0.1125
32,34,0,34,26,0.15,72.1,4.1,222,2026-08-22 06:30:00,PT5M,3.653,7.233,5.5372,1.7688,0.073
41,43,0,43,26,0.15,71.8,4.2,222,2026-08-22 06:35:00,PT5M,4.897,9.779,7.4664,2.3276,0.015
51,53,0,53,26,0.15,71.6,4.2,222,2026-08-22 06:40:00,PT5M,6.233,12.5865,9.5769,2.8891,0.0
62,65,0,65,26,0.15,71.3,4.2,222,2026-08-22 06:45:00,PT5M,7.587,15.449,11.7248,3.4492,0.0
74,77,0,77,26,0.15,71.0,4.2,223,2026-08-22 06:50:00,PT5M,9.087,18.478,14.0296,4.1444,0.0
86,89,0,89,26,0.15,70.7,4.2,223,2026-08-22 06:55:00,PT5M,10.752,21.688,16.5077,4.9963,0.0
98,103,13,100,26,0.15,70.4,4.2,223,2026-08-22 07:00:00,PT5M,12.888,25.4125,19.4797,6.2963,0.3635
110,117,31,109,26,0.15,70.1,4.2,223,2026-08-22 07:05:00,PT5M,15.425,29.6705,22.9225,7.9275,1.1795
122,131,48,118,26,0.15,69.8,4.2,223,2026-08-22 07:10:00,PT5M,18.077,34.1915,26.5582,9.5958,1.9625
134,146,63,127,26,0.15,69.5,4.2,223,2026-08-22 07:15:00,PT5M,20.862,38.903,30.3571,11.3669,2.821
147,161,79,136,27,0.15,69.2,4.2,223,2026-08-22 07:20:00,PT5M,23.786,43.7865,34.3124,13.2596,3.7855
160,176,94,144,27,0.15,69.0,4.3,223,2026-08-22 07:25:00,PT5M,26.813,48.7945,38.382,15.244,4.8315
174,192,109,153,27,0.15,68.7,4.3,223,2026-08-22 07:30:00,PT5M,29.802,53.7735,42.4184,17.1856,5.8305
187,207,124,161,27,0.15,68.4,4.3,223,2026-08-22 07:35:00,PT5M,32.956,58.927,46.6247,19.2873,6.985
201,223,137,169,27,0.15,68.1,4.3,223,2026-08-22 07:40:00,PT5M,36.123,64.115,50.8554,21.3906,8.131
215,239,151,176,27,0.15,67.8,4.3,223,2026-08-22 07:45:00,PT5M,39.331,69.4465,55.181,23.481,9.2155
229,255,164,183,27,0.15,67.6,4.3,223,2026-08-22 07:50:00,PT5M,42.21,73.647,58.7555,25.6645,10.773
244,271,177,190,27,0.15,67.3,4.3,223,2026-08-22 07:55:00,PT5M,44.817,76.907,61.7062,27.9278,12.727
258,288,191,197,27,0.15,67.0,4.3,223,2026-08-22 08:00:00,PT5M,47.362,80.0435,64.5625,30.1615,14.6805
273,304,204,204,27,0.15,66.7,4.3,223,2026-08-22 08:05:00,PT5M,49.839,83.046,67.3161,32.3619,16.632
287,320,217,210,27,0.15,66.5,4.3,223,2026-08-22 08:10:00,PT5M,52.24,85.9015,69.9563,34.5237,18.5785
302,337,229,216,27,0.15,66.2,4.4,223,2026-08-22 08:15:00,PT5M,54.511,88.547,72.4244,36.5976,20.475
317,354,242,221,27,0.15,65.9,4.4,223,2026-08-22 08:20:00,PT5M,56.736,91.0585,74.8002,38.6718,22.4135
332,370,254,227,27,0.15,65.7,4.4,223,2026-08-22 08:25:00,PT5M,58.862,93.381,77.0296,40.6944,24.343
347,387,267,232,28,0.15,65.4,4.4,223,2026-08-22 08:30:00,PT5M,60.907,95.509,79.1183,42.6957,26.305
361,403,277,237,28,0.15,64.9,4.4,223,2026-08-22 08:35:00,PT5M,62.712,97.3725,80.9541,44.4699,28.0515
375,418,286,242,28,0.15,64.2,4.4,224,2026-08-22 08:40:00,PT5M,64.297,99.0075,82.5654,46.0286,29.5865
389,433,295,247,28,0.15,63.4,4.4,225,2026-08-22 08:45:00,PT5M,65.817,100.0,84.0935,47.5405,31.091
403,449,303,252,28,0.15,62.7,4.5,225,2026-08-22 08:50:00,PT5M,67.274,100.0,85.5448,49.0032,32.559
417,464,311,256,28,0.15,62.0,4.5,226,2026-08-22 08:55:00,PT5M,68.67,100.0,86.9239,50.4161,33.987
430,478,319,261,28,0.15,61.3,4.5,226,2026-08-22 09:00:00,PT5M,70.016,100.0,88.2418,51.7902,35.3865
444,493,327,265,28,0.15,60.6,4.6,227,2026-08-22 09:05:00,PT5M,71.278,100.0,89.4577,53.0983,36.736
457,507,334,270,29,0.15,59.9,4.6,227,2026-08-22 09:10:00,PT5M,72.497,100.0,90.6133,54.3807,38.0755
470,522,342,274,29,0.15,59.2,4.6,228,2026-08-22 09:15:00,PT5M,73.754,100.0,91.794,55.714,39.4775
484,536,349,277,29,0.15,58.6,4.6,228,2026-08-22 09:20:00,PT5M,74.971,100.0,92.9281,57.0139,40.852
497,551,357,281,29,0.15,57.9,4.7,229,2026-08-22 09:25:00,PT5M,76.148,100.0,94.0161,58.2799,42.198
510,565,365,284,29,0.15,57.3,4.7,229,2026-08-22 09:30:00,PT5M,77.314,100.0,95.0877,59.5403,43.5435
522,577,370,288,29,0.15,56.6,4.7,230,2026-08-22 09:35:00,PT5M,78.218,100.0,95.7867,60.6493,44.837
532,589,372,293,29,0.15,56.0,4.7,230,2026-08-22 09:40:00,PT5M,78.886,100.0,96.2807,61.4913,45.8355
543,599,374,297,29,0.15,55.3,4.8,230,2026-08-22 09:45:00,PT5M,79.526,100.0,96.7518,62.3002,46.7965
553,610,376,302,30,0.15,54.7,4.8,231,2026-08-22 09:50:00,PT5M,80.134,100.0,97.1966,63.0714,47.7145
562,620,377,306,30,0.15,54.1,4.8,231,2026-08-22 09:55:00,PT5M,80.664,100.0,97.5732,63.7548,48.536
571,629,377,311,30,0.15,53.5,4.9,232,2026-08-22 10:00:00,PT5M,81.17,100.0,97.9313,64.4087,49.323
580,639,378,315,30,0.15,52.9,4.9,232,2026-08-22 10:05:00,PT5M,81.663,100.0,98.2817,65.0443,50.087
589,648,379,319,30,0.15,52.3,4.9,233,2026-08-22 10:10:00,PT5M,82.14,100.0,98.6234,65.6566,50.821
597,656,380,323,30,0.15,51.7,5.0,233,2026-08-22 10:15:00,PT5M,82.589,100.0,98.9429,66.2351,51.516
605,664,381,326,30,0.15,51.1,5.0,234,2026-08-22 10:20:00,PT5M,83.011,100.0,99.242,66.78,52.1715
612,672,382,330,30,0.15,50.6,5.0,234,2026-08-22 10:25:00,PT5M,83.405,100.0,99.5192,67.2908,52.7875
620,680,383,333,31,0.15,50.0,5.1,234,2026-08-22 10:30:00,PT5M,83.772,100.0,99.7752,67.7688,53.3655
627,688,386,336,31,0.15,49.4,5.1,235,2026-08-22 10:35:00,PT5M,84.303,100.0,100.0,68.4272,54.1385
636,698,392,337,31,0.15,48.9,5.1,235,2026-08-22 10:40:00,PT5M,84.987,100.0,100.0,69.2557,55.097
645,707,398,337,31,0.15,48.3,5.1,236,2026-08-22 10:45:00,PT5M,85.641,100.0,100.0,70.0497,56.017
653,716,403,338,31,0.15,47.8,5.2,236,2026-08-22 10:50:00,PT5M,86.264,100.0,100.0,70.8082,56.8975
661,725,409,338,31,0.15,47.2,5.2,236,2026-08-22 10:55:00,PT5M,86.853,100.0,100.0,71.5267,57.7325
668,733,415,339,31,0.15,46.7,5.2,237,2026-08-22 11:00:00,PT5M,87.408,100.0,100.0,72.2035,58.519
676,741,421,338,32,0.15,46.2,5.3,237,2026-08-22 11:05:00,PT5M,87.928,100.0,100.0,72.8322,59.2455
683,749,427,338,32,0.15,45.7,5.3,238,2026-08-22 11:10:00,PT5M,88.415,100.0,100.0,73.4142,59.913
689,756,433,337,32,0.15,45.2,5.4,238,2026-08-22 11:15:00,PT5M,88.892,100.0,100.0,73.9962,60.5895
695,763,439,336,32,0.15,44.7,5.4,238,2026-08-22 11:20:00,PT5M,89.348,100.0,100.0,74.5588,61.248
701,769,444,335,32,0.15,44.2,5.4,239,2026-08-22 11:25:00,PT5M,89.767,100.0,100.0,75.0709,61.844
707,776,450,334,32,0.15,43.7,5.5,239,2026-08-22 11:30:00,PT5M,90.153,100.0,100.0,75.539,62.386
710,779,452,335,32,0.15,43.3,5.5,239,2026-08-22 11:35:00,PT5M,90.291,100.0,100.0,75.7294,62.6235
711,780,449,337,32,0.15,43.0,5.5,239,2026-08-22 11:40:00,PT5M,90.181,100.0,100.0,75.642,62.5565
712,781,447,339,32,0.15,42.8,5.5,239,2026-08-22 11:45:00,PT5M,90.048,100.0,100.0,75.5256,62.455
712,781,444,340,32,0.15,42.5,5.5,239,2026-08-22 11:50:00,PT5M,89.888,100.0,100.0,75.3748,62.3125
712,781,441,342,33,0.15,42.2,5.5,239,2026-08-22 11:55:00,PT5M,89.701,100.0,100.0,75.1899,62.1295
712,780,438,344,33,0.15,42.0,5.5,238,2026-08-22 12:00:00,PT5M,89.485,100.0,100.0,74.9681,61.9025
711,778,435,345,33,0.15,41.7,5.5,238,2026-08-22 12:05:00,PT5M,89.239,100.0,100.0,74.709,61.6315
709,777,432,347,33,0.15,41.5,5.6,238,2026-08-22 12:10:00,PT5M,88.975,100.0,100.0,74.4234,61.3265
707,774,428,348,33,0.15,41.2,5.6,238,2026-08-22 12:15:00,PT5M,88.781,100.0,100.0,74.2002,61.077
705,772,425,349,33,0.15,41.0,5.6,238,2026-08-22 12:20:00,PT5M,88.555,100.0,100.0,73.9371,60.7805
702,768,421,350,33,0.15,40.7,5.6,238,2026-08-22 12:25:00,PT5M,88.298,100.0,100.0,73.6356,60.439
699,765,417,351,33,0.15,40.4,5.6,238,2026-08-22 12:30:00,PT5M,88.012,100.0,100.0,73.2978,60.0545
695,760,412,353,33,0.15,40.2,5.6,238,2026-08-22 12:35:00,PT5M,87.639,100.0,100.0,72.8421,59.5245
690,754,405,354,33,0.15,40.0,5.6,237,2026-08-22 12:40:00,PT5M,87.182,100.0,100.0,72.2725,58.8535
685,748,399,355,33,0.15,39.7,5.6,237,2026-08-22 12:45:00,PT5M,86.697,100.0,100.0,71.6701,58.1455
679,742,393,356,33,0.15,39.5,5.6,237,2026-08-22 12:50:00,PT5M,86.184,100.0,100.0,71.0335,57.3975
673,735,387,357,33,0.15,39.2,5.7,237,2026-08-22 12:55:00,PT5M,85.643,100.0,100.0,70.363,56.6105
667,728,381,358,33,0.15,39.0,5.7,237,2026-08-22 13:00:00,PT5M,85.064,100.0,100.0,69.6419,55.7615
660,720,374,358,34,0.15,38.7,5.7,237,2026-08-22 13:05:00,PT5M,84.444,100.0,100.0,68.8703,54.8535
653,712,367,359,34,0.15,38.5,5.7,237,2026-08-22 13:10:00,PT5M,83.8,100.0,99.5213,68.0787,53.929
646,704,360,359,34,0.15,38.3,5.7,237,2026-08-22 13:15:00,PT5M,83.149,100.0,99.0072,67.2908,53.018
638,695,354,359,34,0.15,38.0,5.7,236,2026-08-22 13:20:00,PT5M,82.444,100.0,98.4595,66.4285,52.014
630,686,347,359,34,0.15,37.8,5.7,236,2026-08-22 13:25:00,PT5M,81.664,100.0,97.8445,65.4835,50.9205
621,677,340,359,34,0.15,37.6,5.7,236,2026-08-22 13:30:00,PT5M,80.885,100.0,97.236,64.534,49.8175
614,669,335,358,34,0.15,37.3,5.7,236,2026-08-22 13:35:00,PT5M,80.191,100.0,96.706,63.676,48.812
606,661,331,356,34,0.15,37.1,5.8,236,2026-08-22 13:40:00,PT5M,79.586,100.0,96.2576,62.9144,47.9095
599,652,327,353,34,0.15,36.9,5.8,236,2026-08-22 13:45:00,PT5M,78.954,100.0,95.7853,62.1227,46.974
591,644,324,351,34,0.15,36.6,5.8,236,2026-08-22 13:50:00,PT5M,78.297,100.0,95.2909,61.3031,46.008
582,635,320,348,34,0.15,36.4,5.8,236,2026-08-22 13:55:00,PT5M,77.616,100.0,94.7755,60.4565,45.0125
574,626,316,346,34,0.15,36.2,5.8,235,2026-08-22 14:00:00,PT5M,76.906,100.0,94.2347,59.5773,43.981
565,616,312,343,34,0.15,36.0,5.8,235,2026-08-22 14:05:00,PT5M,76.167,100.0,93.6686,58.6654,42.9135
556,606,308,340,34,0.15,35.8,5.8,235,2026-08-22 14:10:00,PT5M,75.399,100.0,93.0769,57.7211,41.8105
547,596,304,336,35,0.15,35.5,5.8,235,2026-08-22 14:15:00,PT5M,74.6,100.0,92.4579,56.7421,40.6695
537,586,300,333,35,0.15,35.3,5.9,235,2026-08-22 14:20:00,PT5M,73.767,100.0,91.8101,55.7239,39.4845
527,575,296,329,35,0.15,35.1,5.9,235,2026-08-22 14:25:00,PT5M,72.905,100.0,91.1365,54.6735,38.2645
517,565,292,325,35,0.15,34.9,5.9,235,2026-08-22 14:30:00,PT5M,72.014,100.0,90.4366,53.5914,37.0105
507,554,288,321,35,0.15,34.9,5.9,234,2026-08-22 14:35:00,PT5M,71.191,100.0,89.7739,52.6081,35.883
497,544,286,316,35,0.15,35.3,5.9,234,2026-08-22 14:40:00,PT5M,70.486,100.0,89.1223,51.8497,35.0765
487,533,284,311,34,0.15,35.6,5.9,234,2026-08-22 14:45:00,PT5M,69.752,100.0,88.3949,51.1091,34.33
477,522,282,306,34,0.15,36.0,6.0,233,2026-08-22 14:50:00,PT5M,68.988,100.0,87.6356,50.3404,33.557
467,511,279,301,34,0.15,36.3,6.0,233,2026-08-22 14:55:00,PT5M,68.192,100.0,86.8417,49.5423,32.757
456,500,277,295,34,0.15,36.7,6.0,233,2026-08-22 15:00:00,PT5M,67.365,100.0,86.0136,48.7164,31.932
445,488,273,290,34,0.15,37.0,6.0,232,2026-08-22 15:05:00,PT5M,66.441,100.0,85.0481,47.8339,31.087
433,476,268,286,34,0.15,37.4,6.0,232,2026-08-22 15:10:00,PT5M,65.411,100.0,83.9786,46.8434,30.132
422,464,263,281,34,0.15,37.7,6.1,232,2026-08-22 15:15:00,PT5M,64.415,99.5945,82.9302,45.8998,29.2355
410,451,259,275,34,0.15,38.1,6.1,231,2026-08-22 15:20:00,PT5M,63.395,98.4555,81.8476,44.9424,28.3345
399,439,254,270,33,0.15,38.5,6.1,231,2026-08-22 15:25:00,PT5M,62.325,97.2475,80.705,43.945,27.4025
387,426,249,264,33,0.15,38.8,6.1,230,2026-08-22 15:30:00,PT5M,61.202,95.965,79.498,42.906,26.439
374,412,243,259,33,0.15,39.2,6.2,230,2026-08-22 15:35:00,PT5M,59.874,94.4935,78.0945,41.6535,25.2545
361,398,235,253,33,0.15,39.6,6.2,230,2026-08-22 15:40:00,PT5M,58.339,92.8195,76.4863,40.1917,23.8585
347,383,226,248,33,0.15,40.0,6.2,229,2026-08-22 15:45:00,PT5M,56.779,91.08,74.8319,38.7261,22.478
334,368,217,242,33,0.15,40.4,6.2,229,2026-08-22 15:50:00,PT5M,55.098,89.1715,73.0311,37.1649,21.0245
320,353,208,236,33,0.15,40.7,6.3,229,2026-08-22 15:55:00,PT5M,53.327,87.103,71.1036,35.5504,19.551
307,338,198,230,32,0.15,41.1,6.3,228,2026-08-22 16:00:00,PT5M,51.467,84.8385,69.0307,33.9033,18.0955
293,323,190,223,32,0.15,41.5,6.3,228,2026-08-22 16:05:00,PT5M,49.634,82.573,66.97,32.298,16.695
280,309,182,216,32,0.15,41.9,6.3,228,2026-08-22 16:10:00,PT5M,47.841,80.3315,64.941,30.741,15.3505
266,294,175,208,32,0.15,42.3,6.4,227,2026-08-22 16:15:00,PT5M,45.968,77.9435,62.7969,29.1391,13.9925
253,279,167,201,32,0.15,42.8,6.4,227,2026-08-22 16:20:00,PT5M,44.02,75.423,60.5476,27.4924,12.617
239,265,158,193,32,0.15,43.2,6.4,227,2026-08-22 16:25:00,PT5M,42.002,72.7805,58.2009,25.8031,11.2235
226,250,149,185,32,0.15,43.6,6.4,226,2026-08-22 16:30:00,PT5M,39.919,69.988,55.7445,24.0935,9.85
213,235,141,177,32,0.15,44.0,6.5,226,2026-08-22 16:35:00,PT5M,37.471,65.9205,52.4442,22.4978,9.0215
199,220,131,168,31,0.15,44.4,6.5,226,2026-08-22 16:40:00,PT5M,34.791,61.225,48.7034,20.8786,8.357
186,206,122,160,31,0.15,44.9,6.5,225,2026-08-22 16:45:00,PT5M,32.095,56.5675,44.9751,19.2149,7.6225
173,191,112,151,31,0.15,45.3,6.6,225,2026-08-22 16:50:00,PT5M,29.406,51.94,41.2658,17.5462,6.872
160,177,101,143,31,0.15,45.8,6.6,225,2026-08-22 16:55:00,PT5M,26.738,47.349,37.5857,15.8903,6.127
148,162,90,134,31,0.15,46.2,6.6,225,2026-08-22 17:00:00,PT5M,24.193,42.8985,34.0378,14.3482,5.4875
135,148,79,125,31,0.15,46.7,6.6,224,2026-08-22 17:05:00,PT5M,21.569,38.398,30.4262,12.7118,4.74
123,134,66,116,31,0.15,47.1,6.7,224,2026-08-22 17:10:00,PT5M,19.016,34.0095,26.9072,11.1248,4.0225
111,120,52,107,31,0.15,47.6,6.7,224,2026-08-22 17:15:00,PT5M,16.506,29.7315,23.4667,9.5453,3.2805
99,106,35,98,30,0.15,48.0,6.7,223,2026-08-22 17:20:00,PT5M,13.941,25.505,20.0272,7.8548,2.377
88,92,17,89,30,0.15,48.5,6.8,223,2026-08-22 17:25:00,PT5M,11.586,21.5805,16.8462,6.3258,1.5915
77,79,0,79,30,0.15,49.0,6.8,223,2026-08-22 17:30:00,PT5M,9.3,17.7785,13.7623,4.8377,0.8215
64,67,0,67,30,0.15,49.4,6.8,223,2026-08-22 17:35:00,PT5M,7.791,14.7855,11.4723,4.1097,0.7965
53,55,0,55,30,0.15,49.8,6.7,223,2026-08-22 17:40:00,PT5M,6.383,11.9075,9.2906,3.4754,0.8585
43,44,0,44,30,0.15,50.2,6.7,223,2026-08-22 17:45:00,PT5M,4.977,9.1695,7.1835,2.7705,0.7845
33,34,0,34,30,0.15,50.5,6.7,223,2026-08-22 17:50:00,PT5M,3.716,6.739,5.307,2.125,0.693
25,26,0,26,30,0.15,50.9,6.7,223,2026-08-22 17:55:00,PT5M,2.654,4.735,3.7492,1.5588,0.573
17,18,0,18,30,0.15,51.3,6.6,223,2026-08-22 18:00:00,PT5M,1.683,2.9425,2.3459,1.0201,0.4235
11,11,0,11,30,0.15,51.7,6.6,223,2026-08-22 18:05:00,PT5M,0.794,1.533,1.1829,0.4051,0.055
5,5,0,5,29,0.15,52.1,6.6,223,2026-08-22 18:10:00,PT5M,0.0,0.1525,0.0803,0.0,0.0
0,0,0,0,29,0.15,52.4,6.5,223,2026-08-22 18:15:00,PT5M,0.0,0.0,0.0,0.0,0.0
0,0,0,0,29,0.15,52.8,6.5,223,2026-08-22 18:20:00,PT5M,0.0,0.0,0.0,0.0,0.0
0,0,0,0,29,0.15,53.2,6.5,223,2026-08-22 18:25:00,PT5M,0.0,0.0,0.0,0.0,0.0
0,0,0,0,29,0.15,53.6,6.4,223,2026-08-22 18:30:00,PT5M,0.0,0.0,0.0,0.0,0.0
0,0,0,0,29,0.15,54.0,6.4,223,2026-08-22 18:35:00,PT5M,0.0,0.0,0.0,0.0,0.0
0,0,0,0,29,0.15,54.4,6.4,223,2026-08-22 18:40:00,PT5M,0.0,0.0,0.0,0.0,0.0
0,0,0,0,29,0.15,54.8,6.3,223,2026-08-22 18:45:00,PT5M,0.0,0.0,0.0,0.0,0.0
0,0,0,0,29,0.15,55.2,6.3,223,2026-08-22 18:50:00,PT5M,0.0,0.0,0.0,0.0,0.0
0,0,0,0,29,0.15,55.7,6.3,223,2026-08-22 18:55:00,PT5M,0.0,0.0,0.0,0.0,0.0
0,0,0,0,29,0.15,56.1,6.2,223,2026-08-22 19:00:00,PT5M,0.0,0.0,0.0,0.0,0.0
0,0,0,0,29,0.15,56.5,6.2,223,2026-08-22 19:05:00,PT5M,0.0,0.0,0.0,0.0,0.0
0,0,0,0,28,0.15,56.9,6.2,223,2026-08-22 19:10:00,PT5M,0.0,0.0,0.0,0.0,0.0
0,0,0,0,28,0.15,57.3,6.1,223,2026-08-22 19:15:00,PT5M,0.0,0.0,0.0,0.0,0.0
0,0,0,0,28,0.15,57.8,6.1,223,2026-08-22 19:20:00,PT5M,0.0,0.0,0.0,0.0,0.0
0,0,0,0,28,0.15,58.2,6.1,223,2026-08-22 19:25:00,PT5M,0.0,0.0,0.0,0.0,0.0
0,0,0,0,28,0.15,58.6,6.1,223,2026-08-22 19:30:00,PT5M,0.0,0.0,0.0,0.0,0.0
0,0,0,0,28,0.15,59.1,6.0,223,2026-08-22 19:35:00,PT5M,0.0,0.0,0.0,0.0,0.0
0,0,0,0,28,0.15,59.5,6.0,223,2026-08-22 19:40:00,PT5M,0.0,0.0,0.0,0.0,0.0
0,0,0,0,28,0.15,60.0,6.0,223,2026-08-22 19:45:00,PT5M,0.0,0.0,0.0,0.0,0.0
0,0,0,0,28,0.15,60.4,5.9,223,2026-08-22 19:50:00,PT5M,0.0,0.0,0.0,0.0,0.0
0,0,0,0,28,0.15,60.9,5.9,223,2026-08-22 19:55:00,PT5M,0.0,0.0,0.0,0.0,0.0
0,0,0,0,28,0.15,61.3,5.9,223,2026-08-22 20:00:00,PT5M,0.0,0.0,0.0,0.0,0.0
0,0,0,0,28,0.15,61.8,5.8,223,2026-08-22 20:05:00,PT5M,0.0,0.0,0.0,0.0,0.0
0,0,0,0,28,0.15,62.2,5.8,223,2026-08-22 20:10:00,PT5M,0.0,0.0,0.0,0.0,0.0
0,0,0,0,27,0.15,62.7,5.8,223,2026-08-22 20:15:00,PT5M,0.0,0.0,0.0,0.0,0.0
0,0,0,0,27,0.15,63.2,5.7,223,2026-08-22 20:20:00,PT5M,0.0,0.0,0.0,0.0,0.0
0,0,0,0,27,0.15,63.7,5.7,224,2026-08-22 20:25:00,PT5M,0.0,0.0,0.0,0.0,0.0
0,0,0,0,27,0.15,64.1,5.7,224,2026-08-22 20:30:00,PT5M,0.0,0.0,0.0,0.0,0.0
0,0,0,0,27,0.15,64.5,5.6,224,2026-08-22 20:35:00,PT5M,0.0,0.0,0.0,0.0,0.0
0,0,0,0,27,0.15,64.7,5.6,224,2026-08-22 20:40:00,PT5M,0.0,0.0,0.0,0.0,0.0
0,0,0,0,27,0.15,64.9,5.6,224,2026-08-22 20:45:00,PT5M,0.0,0.0,0.0,0.0,0.0
0,0,0,0,27,0.15,65.1,5.5,224,2026-08-22 20:50:00,PT5M,0.0,0.0,0.0,0.0,0.0
0,0,0,0,27,0.15,65.3,5.5,224,2026-08-22 20:55:00,PT5M,0.0,0.0,0.0,0.0,0.0
0,0,0,0,27,0.15,65.5,5.5,224,2026-08-22 21:00:00,PT5M,0.0,0.0,0.0,0.0,0.0
0,0,0,0,27,0.15,65.7,5.5,224,2026-08-22 21:05:00,PT5M,0.0,0.0,0.0,0.0,0.0
0,0,0,0,27,0.15,65.9,5.4,224,2026-08-22 21:10:00,PT5M,0.0,0.0,0.0,0.0,0.0
0,0,0,0,27,0.15,66.1,5.4,223,2026-08-22 21:15:00,PT5M,0.0,0.0,0.0,0.0,0.0
0,0,0,0,27,0.15,66.3,5.4,223,2026-08-22 21:20:00,PT5M,0.0,0.0,0.0,0.0,0.0
0,0,0,0,27,0.15,66.5,5.3,223,2026-08-22 21:25:00,PT5M,0.0,0.0,0.0,0.0,0.0
0,0,0,0,27,0.15,66.8,5.3,223,2026-08-22 21:30:00,PT5M,0.0,0.0,0.0,0.0,0.0
0,0,0,0,27,0.15,67.0,5.3,223,2026-08-22 21:35:00,PT5M,0.0,0.0,0.0,0.0,0.0
0,0,0,0,27,0.15,67.2,5.2,223,2026-08-22 21:40:00,PT5M,0.0,0.0,0.0,0.0,0.0
0,0,0,0,27,0.15,67.4,5.2,223,2026-08-22 21:45:00,PT5M,0.0,0.0,0.0,0.0,0.0
0,0,0,0,27,0.15,67.6,5.2,223,2026-08-22 21:50:00,PT5M,0.0,0.0,0.0,0.0,0.0
0,0,0,0,27,0.15,67.8,5.1,223,2026-08-22 21:55:00,PT5M,0.0,0.0,0.0,0.0,0.0
0,0,0,0,27,0.15,68.0,5.1,223,2026-08-22 22:00:00,PT5M,0.0,0.0,0.0,0.0,0.0
0,0,0,0,26,0.15,68.2,5.1,223,2026-08-22 22:05:00,PT5M,0.0,0.0,0.0,0.0,0.0
0,0,0,0,26,0.15,68.5,5.0,223,2026-08-22 22:10:00,PT5M,0.0,0.0,0.0,0.0,0.0
0,0,0,0,26,0.15,68.7,5.0,223,2026-08-22 22:15:00,PT5M,0.0,0.0,0.0,0.0,0.0
0,0,0,0,26,0.15,68.9,5.0,223,2026-08-22 22:20:00,PT5M,0.0,0.0,0.0,0.0,0.0
0,0,0,0,26,0.15,69.1,5.0,223,2026-08-22 22:25:00,PT5M,0.0,0.0,0.0,0.0,0.0
0,0,0,0,26,0.15,69.3,4.9,223,2026-08-22 22:30:00,PT5M,0.0,0.0,0.0,0.0,0.0
0,0,0,0,26,0.15,69.6,4.9,223,2026-08-22 22:35:00,PT5M,0.0,0.0,0.0,0.0,0.0
0,0,0,0,26,0.15,69.8,4.9,223,2026-08-22 22:40:00,PT5M,0.0,0.0,0.0,0.0,0.0
0,0,0,0,26,0.15,70.0,4.8,223,2026-08-22 22:45:00,PT5M,0.0,0.0,0.0,0.0,0.0
0,0,0,0,26,0.15,70.2,4.8,223,2026-08-22 22:50:00,PT5M,0.0,0.0,0.0,0.0,0.0
0,0,0,0,26,0.15,70.4,4.8,223,2026-08-22 22:55:00,PT5M,0.0,0.0,0.0,0.0,0.0
0,0,0,0,26,0.15,70.7,4.7,223,2026-08-22 23:00:00,PT5M,0.0,0.0,0.0,0.0,0.0
0,0,0,0,26,0.15,70.9,4.7,223,2026-08-22 23:05:00,PT5M,0.0,0.0,0.0,0.0,0.0
0,0,0,0,26,0.15,71.1,4.7,223,2026-08-22 23:10:00,PT5M,0.0,0.0,0.0,0.0,0.0
0,0,0,0,26,0.15,71.3,4.6,223,2026-08-22 23:15:00,PT5M,0.0,0.0,0.0,0.0,0.0
0,0,0,0,26,0.15,71.6,4.6,223,2026-08-22 23:20:00,PT5M,0.0,0.0,0.0,0.0,0.0
0,0,0,0,26,0.15,71.8,4.6,223,2026-08-22 23:25:00,PT5M,0.0,0.0,0.0,0.0,0.0
0,0,0,0,26,0.15,72.0,4.5,223,2026-08-22 23:30:00,PT5M,0.0,0.0,0.0,0.0,0.0
0,0,0,0,26,0.15,72.2,4.5,223,2026-08-22 23:35:00,PT5M,0.0,0.0,0.0,0.0,0.0
0,0,0,0,26,0.15,72.2,4.5,223,2026-08-22 23:40:00,PT5M,0.0,0.0,0.0,0.0,0.0
0,0,0,0,26,0.15,72.3,4.5,223,2026-08-22 23:45:00,PT5M,0.0,0.0,0.0,0.0,0.0
0,0,0,0,26,0.15,72.4,4.5,224,2026-08-22 23:50:00,PT5M,0.0,0.0,0.0,0.0,0.0
0,0,0,0,26,0.15,72.5,4.5,224,2026-08-22 23:55:00,PT5M,0.0,0.0,0.0,0.0,0.0
0,0,0,0,26,0.15,72.5,4.5,224,2026-08-23 00:00:00,PT5M,0.0,0.0,0.0,0.0,0.0
0,0,0,0,26,0.15,72.6,4.5,224,2026-08-23 00:05:00,PT5M,0.0,0.0,0.0,0.0,0.0
0,0,0,0,26,0.15,72.7,4.5,224,2026-08-23 00:10:00,PT5M,0.0,0.0,0.0,0.0,0.0
0,0,0,0,26,0.15,72.7,4.5,224,2026-08-23 00:15:00,PT5M,0.0,0.0,0.0,0.0,0.0
0,0,0,0,26,0.15,72.8,4.5,224,2026-08-23 00:20:00,PT5M,0.0,0.0,0.0,0.0,0.0
0,0,0,0,26,0.15,72.9,4.5,224,2026-08-23 00:25:00,PT5M,0.0,0.0,0.0,0.0,0.0
0,0,0,0,26,0.15,73.0,4.5,224,2026-08-23 00:30:00,PT5M,0.0,0.0,0.0,0.0,0.0
0,0,0,0,26,0.15,73.0,4.5,224,2026-08-23 00:35:00,PT5M,0.0,0.0,0.0,0.0,0.0
0,0,0,0,26,0.15,73.1,4.5,225,2026-08-23 00:40:00,PT5M,0.0,0.0,0.0,0.0,0.0
0,0,0,0,26,0.15,73.2,4.5,225,2026-08-23 00:45:00,PT5M,0.0,0.0,0.0,0.0,0.0
0,0,0,0,26,0.15,73.2,4.5,225,2026-08-23 00:50:00,PT5M,0.0,0.0,0.0,0.0,0.0
0,0,0,0,25,0.15,73.3,4.5,225,2026-08-23 00:55:00,PT5M,0.0,0.0,0.0,0.0,0.0
0,0,0,0,25,0.15,73.4,4.5,225,2026-08-23 01:00:00,PT5M,0.0,0.0,0.0,0.0,0.0
0,0,0,0,25,0.15,73.5,4.5,225,2026-08-23 01:05:00,PT5M,0.0,0.0,0.0,0.0,0.0
0,0,0,0,25,0.15,73.5,4.4,225,2026-08-23 01:10:00,PT5M,0.0,0.0,0.0,0.0,0.0
0,0,0,0,25,0.15,73.6,4.4,225,2026-08-23 01:15:00,PT5M,0.0,0.0,0.0,0.0,0.0
0,0,0,0,25,0.15,73.7,4.4,225,2026-08-23 01:20:00,PT5M,0.0,0.0,0.0,0.0,0.0
0,0,0,0,25,0.15,73.7,4.4,225,2026-08-23 01:25:00,PT5M,0.0,0.0,0.0,0.0,0.0
0,0,0,0,25,0.15,73.8,4.4,226,2026-08-23 01:30:00,PT5M,0.0,0.0,0.0,0.0,0.0
0,0,0,0,25,0.15,73.9,4.4,226,2026-08-23 01:35:00,PT5M,0.0,0.0,0.0,0.0,0.0
0,0,0,0,25,0.15,74.0,4.4,226,2026-08-23 01:40:00,PT5M,0.0,0.0,0.0,0.0,0.0
0,0,0,0,25,0.15,74.0,4.4,226,2026-08-23 01:45:00,PT5M,0.0,0.0,0.0,0.0,0.0
0,0,0,0,25,0.15,74.1,4.4,226,2026-08-23 01:50:00,PT5M,0.0,0.0,0.0,0.0,0.0
0,0,0,0,25,0.15,74.2,4.4,226,2026-08-23 01:55:00,PT5M,0.0,0.0,0.0,0.0,0.0
0,0,0,0,25,0.15,74.2,4.4,226,2026-08-23 02:00:00,PT5M,0.0,0.0,0.0,0.0,0.0
0,0,0,0,25,0.15,74.3,4.4,226,2026-08-23 02:05:00,PT5M,0.0,0.0,0.0,0.0,0.0
0,0,0,0,25,0.15,74.4,4.4,226,2026-08-23 02:10:00,PT5M,0.0,0.0,0.0,0.0,0.0
0,0,0,0,25,0.15,74.5,4.4,226,2026-08-23 02:15:00,PT5M,0.0,0.0,0.0,0.0,0.0
0,0,0,0,25,0.15,74.5,4.4,227,2026-08-23 02:20:00,PT5M,0.0,0.0,0.0,0.0,0.0
0,0,0,0,25,0.15,74.6,4.4,227,2026-08-23 02:25:00,PT5M,0.0,0.0,0.0,0.0,0.0
0,0,0,0,25,0.15,74.7,4.4,227,2026-08-23 02:30:00,PT5M,0.0,0.0,0.0,0.0,0.0
0,0,0,0,25,0.15,74.7,4.4,227,2026-08-23 02:35:00,PT5M,0.0,0.0,0.0,0.0,0.0
0,0,0,0,25,0.15,74.8,4.4,227,2026-08-23 02:40:00,PT5M,0.0,0.0,0.0,0.0,0.0
0,0,0,0,25,0.15,74.8,4.4,226,2026-08-23 02:45:00,PT5M,0.0,0.0,0.0,0.0,0.0
0,0,0,0,25,0.15,74.8,4.4,226,2026-08-23 02:50:00,PT5M,0.0,0.0,0.0,0.0,0.0
0,0,0,0,25,0.15,74.8,4.4,226,2026-08-23 02:55:00,PT5M,0.0,0.0,0.0,0.0,0.0
0,0,0,0,25,0.15,74.9,4.4,226,2026-08-23 03:00:00,PT5M,0.0,0.0,0.0,0.0,0.0
0,0,0,0,25,0.15,74.9,4.4,226,2026-08-23 03:05:00,PT5M,0.0,0.0,0.0,0.0,0.0
0,0,0,0,25,0.15,74.9,4.4,226,2026-08-23 03:10:00,PT5M,0.0,0.0,0.0,0.0,0.0
0,0,0,0,25,0.15,74.9,4.5,226,2026-08-23 03:15:00,PT5M,0.0,0.0,0.0,0.0,0.0
0,0,0,0,25,0.15,75.0,4.5,225,2026-08-23 03:20:00,PT5M,0.0,0.0,0.0,0.0,0.0
0,0,0,0,25,0.15,75.0,4.5,225,2026-08-23 03:25:00,PT5M,0.0,0.0,0.0,0.0,0.0
0,0,0,0,25,0.15,75.0,4.5,225,2026-08-23 03:30:00,PT5M,0.0,0.0,0.0,0.0,0.0
0,0,0,0,25,0.15,75.0,4.5,225,2026-08-23 03:35:00,PT5M,0.0,0.0,0.0,0.0,0.0
0,0,0,0,25,0.15,75.1,4.5,225,2026-08-23 03:40:00,PT5M,0.0,0.0,0.0,0.0,0.0
0,0,0,0,25,0.15,75.1,4.5,225,2026-08-23 03:45:00,PT5M,0.0,0.0,0.0,0.0,0.0
0,0,0,0,25,0.15,75.1,4.5,224,2026-08-23 03:50:00,PT5M,0.0,0.0,0.0,0.0,0.0
0,0,0,0,25,0.15,75.1,4.5,224,2026-08-23 03:55:00,PT5M,0.0,0.0,0.0,0.0,0.0
0,0,0,0,25,0.15,75.2,4.5,224,2026-08-23 04:00:00,PT5M,0.0,0.0,0.0,0.0,0.0
0,0,0,0,25,0.15,75.2,4.5,224,2026-08-23 04:05:00,PT5M,0.0,0.0,0.0,0.0,0.0
0,0,0,0,25,0.15,75.2,4.5,224,2026-08-23 04:10:00,PT5M,0.0,0.0,0.0,0.0,0.0
0,0,0,0,25,0.15,75.2,4.5,224,2026-08-23 04:15:00,PT5M,0.0,0.0,0.0,0.0,0.0
0,0,0,0,25,0.15,75.3,4.6,224,2026-08-23 04:20:00,PT5M,0.0,0.0,0.0,0.0,0.0
0,0,0,0,25,0.15,75.3,4.6,223,2026-08-23 04:25:00,PT5M,0.0,0.0,0.0,0.0,0.0
0,0,0,0,25,0.15,75.3,4.6,223,2026-08-23 04:30:00,PT5M,0.0,0.0,0.0,0.0,0.0
0,0,0,0,25,0.15,75.3,4.6,223,2026-08-23 04:35:00,PT5M,0.0,0.0,0.0,0.0,0.0
0,0,0,0,25,0.15,75.4,4.6,223,2026-08-23 04:40:00,PT5M,0.0,0.0,0.0,0.0,0.0
0,0,0,0,25,0.15,75.4,4.6,223,2026-08-23 04:45:00,PT5M,0.0,0.0,0.0,0.0,0.0
0,0,0,0,25,0.15,75.4,4.6,223,2026-08-23 04:50:00,PT5M,0.0,0.0,0.0,0.0,0.0
0,0,0,0,25,0.15,75.4,4.6,223,2026-08-23 04:55:00,PT5M,0.0,0.0,0.0,0.0,0.0
0,0,0,0,25,0.15,75.5,4.6,222,2026-08-23 05:00:00,PT5M,0.0,0.0,0.0,0.0,0.0
0,0,0,0,25,0.15,75.5,4.6,222,2026-08-23 05:05:00,PT5M,0.0,0.0,0.0,0.0,0.0
0,0,0,0,25,0.15,75.5,4.6,222,2026-08-23 05:10:00,PT5M,0.0,0.0,0.0,0.0,0.0
0,0,0,0,25,0.15,75.5,4.6,222,2026-08-23 05:15:00,PT5M,0.0,0.0,0.0,0.0,0.0
0,0,0,0,25,0.15,75.6,4.7,222,2026-08-23 05:20:00,PT5M,0.0,0.0,0.0,0.0,0.0
0,0,0,0,25,0.15,75.6,4.7,222,2026-08-23 05:25:00,PT5M,0.0,0.0,0.0,0.0,0.0
0,0,0,0,25,0.15,75.6,4.7,222,2026-08-23 05:30:00,PT5M,0.0,0.0,0.0,0.0,0.0
0,0,0,0,25,0.15,75.3,4.7,222,2026-08-23 05:35:00,PT5M,0.0,0.0,0.0,0.0,0.0
0,0,0,0,25,0.15,74.8,4.7,222,2026-08-23 05:40:00,PT5M,0.0,0.0,0.0,0.0,0.0
0,0,0,0,25,0.15,74.2,4.7,222,2026-08-23 05:45:00,PT5M,0.0,0.0,0.0,0.0,0.0
0,0,0,0,25,0.15,73.6,4.7,222,2026-08-23 05:50:00,PT5M,0.0,0.0,0.0,0.0,0.0
0,0,0,0,25,0.15,73.1,4.8,222,2026-08-23 05:55:00,PT5M,0.0,0.0,0.0,0.0,0.0
0,0,0,0,26,0.15,72.5,4.8,223,2026-08-23 06:00:00,PT5M,0.0,0.0,0.0,0.0,0.0
1,1,0,1,26,0.15,72.0,4.8,223,2026-08-23 06:05:00,PT5M,0.0,0.0,0.0,0.0,0.0
7,7,0,7,26,0.15,71.4,4.8,223,2026-08-23 06:10:00,PT5M,0.282,0.5415,0.4186,0.1454,0.0225
14,15,0,15,26,0.15,70.9,4.8,223,2026-08-23 06:15:00,PT5M,1.311,2.034,1.6915,0.9305,0.588
23,24,0,24,26,0.15,70.3,4.9,223,2026-08-23 06:20:00,PT5M,2.451,3.7685,3.1444,1.7576,1.1335
32,33,0,33,26,0.15,69.8,4.9,224,2026-08-23 06:25:00,PT5M,3.692,5.9965,4.9049,2.4791,1.3875
42,44,9,43,26,0.15,69.3,4.9,224,2026-08-23 06:30:00,PT5M,5.202,8.603,6.992,3.412,1.801
51,56,34,52,26,0.15,68.8,4.9,224,2026-08-23 06:35:00,PT5M,7.383,12.057,9.843,4.923,2.709
61,70,63,60,26,0.15,68.2,4.9,224,2026-08-23 06:40:00,PT5M,9.985,16.0545,13.1794,6.7906,3.9155
72,84,92,68,27,0.15,67.7,5.0,224,2026-08-23 06:45:00,PT5M,12.813,20.3405,16.7748,8.8512,5.2855
84,99,120,76,27,0.15,67.2,5.0,225,2026-08-23 06:50:00,PT5M,15.945,24.9185,20.6678,11.2222,6.9715
96,115,148,83,27,0.15,66.7,5.0,225,2026-08-23 06:55:00,PT5M,19.372,29.778,24.8488,13.8952,8.966
110,132,176,90,27,0.15,66.2,5.0,225,2026-08-23 07:00:00,PT5M,22.97,34.8645,29.2302,16.7098,11.0755
124,149,205,97,27,0.15,65.7,5.0,225,2026-08-23 07:05:00,PT5M,26.896,40.3815,33.9935,19.7985,13.4105
138,167,228,103,27,0.15,65.2,5.0,225,2026-08-23 07:10:00,PT5M,30.73,45.933,38.7314,22.7286,15.527
153,184,249,110,27,0.15,64.7,5.1,225,2026-08-23 07:15:00,PT5M,34.681,51.647,43.6103,25.7517,17.715
168,202,269,116,27,0.15,64.2,5.1,226,2026-08-23 07:20:00,PT5M,38.744,57.499,48.6149,28.8731,19.989
183,219,289,122,28,0.15,63.8,5.1,226,2026-08-23 07:25:00,PT5M,42.881,63.492,53.7287,32.0333,22.27
199,237,307,127,28,0.15,63.3,5.1,226,2026-08-23 07:30:00,PT5M,47.078,69.5075,58.8828,35.2732,24.6485
215,256,325,133,28,0.15,62.8,5.1,226,2026-08-23 07:35:00,PT5M,51.337,75.595,64.1042,38.5698,27.079
231,274,343,138,28,0.15,62.3,5.2,226,2026-08-23 07:40:00,PT5M,55.662,81.777,69.4065,41.9175,29.547
247,292,359,142,28,0.15,61.9,5.2,226,2026-08-23 07:45:00,PT5M,60.052,88.11,74.8191,45.2849,31.994
264,311,376,147,28,0.15,61.4,5.2,227,2026-08-23 07:50:00,PT5M,63.423,92.578,78.7675,48.0785,34.268
281,330,393,151,28,0.15,61.0,5.2,227,2026-08-23 07:55:00,PT5M,65.999,95.55,81.5519,50.4461,36.448
297,349,409,155,28,0.15,60.5,5.2,227,2026-08-23 08:00:00,PT5M,68.485,98.378,84.2179,52.7521,38.592
314,368,425,158,28,0.15,60.1,5.3,227,2026-08-23 08:05:00,PT5M,70.9,100.0,86.7879,55.0121,40.7125
331,387,441,161,29,0.15,59.6,5.3,227,2026-08-23 08:10:00,PT5M,73.228,100.0,89.1833,57.2727,42.9125
348,406,457,164,29,0.15,59.2,5.3,227,2026-08-23 08:15:00,PT5M,75.428,100.0,91.3525,59.5035,45.171
366,425,473,166,29,0.15,58.7,5.3,228,2026-08-23 08:20:00,PT5M,77.488,100.0,93.3446,61.6314,47.36
383,444,488,168,29,0.15,58.3,5.4,228,2026-08-23 08:25:00,PT5M,79.402,100.0,95.1525,63.6515,49.4755
400,463,503,170,29,0.15,57.9,5.4,228,2026-08-23 08:30:00,PT5M,81.149,100.0,96.7403,65.5577,51.525
416,481,515,172,29,0.15,57.2,5.4,228,2026-08-23 08:35:00,PT5M,82.62,100.0,98.1569,67.0831,53.0995
433,498,525,175,29,0.15,56.2,5.4,228,2026-08-23 08:40:00,PT5M,83.848,100.0,99.2488,68.4472,54.586
448,516,534,177,30,0.15,55.2,5.4,228,2026-08-23 08:45:00,PT5M,85.006,100.0,100.0,69.7497,56.0185
464,533,543,179,30,0.15,54.3,5.4,228,2026-08-23 08:50:00,PT5M,86.159,100.0,100.0,71.0521,57.4555
480,550,552,182,30,0.15,53.4,5.5,228,2026-08-23 08:55:00,PT5M,87.192,100.0,100.0,72.2375,58.778
495,566,561,184,30,0.15,52.5,5.5,228,2026-08-23 09:00:00,PT5M,88.175,100.0,100.0,73.3479,60.003
510,582,569,186,30,0.15,51.6,5.5,228,2026-08-23 09:05:00,PT5M,89.111,100.0,100.0,74.4447,61.2445
526,599,578,187,31,0.15,50.7,5.5,228,2026-08-23 09:10:00,PT5M,90.051,100.0,100.0,75.5539,62.506
541,615,588,188,31,0.15,49.9,5.5,228,2026-08-23 09:15:00,PT5M,91.03,100.0,100.0,76.7147,63.8305
556,632,597,189,31,0.15,49.0,5.6,228,2026-08-23 09:20:00,PT5M,91.967,100.0,100.0,77.8633,65.1695
571,648,607,189,31,0.15,48.2,5.6,229,2026-08-23 09:25:00,PT5M,92.864,100.0,100.0,79.0892,66.6915
585,664,616,189,31,0.15,47.4,5.6,229,2026-08-23 09:30:00,PT5M,93.724,100.0,100.0,80.2703,68.1615
600,679,624,190,32,0.15,46.6,5.6,229,2026-08-23 09:35:00,PT5M,94.478,100.0,100.0,81.323,69.483
613,693,630,191,32,0.15,45.8,5.6,229,2026-08-23 09:40:00,PT5M,95.13,100.0,100.0,82.2515,70.6605
626,707,637,192,32,0.15,45.0,5.6,229,2026-08-23 09:45:00,PT5M,95.753,100.0,100.0,83.1432,71.794
639,721,643,193,32,0.15,44.3,5.7,229,2026-08-23 09:50:00,PT5M,96.337,100.0,100.0,83.9862,72.87
651,733,648,194,32,0.15,43.5,5.7,229,2026-08-23 09:55:00,PT5M,96.842,100.0,100.0,84.7346,73.8375
663,746,652,195,33,0.15,42.8,5.7,229,2026-08-23 10:00:00,PT5M,97.322,100.0,100.0,85.4501,74.765
674,758,657,196,33,0.15,42.1,5.7,229,2026-08-23 10:05:00,PT5M,97.769,100.0,100.0,86.1221,75.6395
685,770,660,197,33,0.15,41.4,5.7,229,2026-08-23 10:10:00,PT5M,98.183,100.0,100.0,86.7495,76.459
696,781,664,198,33,0.15,40.7,5.8,229,2026-08-23 10:15:00,PT5M,98.573,100.0,100.0,87.3261,77.2035
706,792,668,200,33,0.15,40.0,5.8,229,2026-08-23 10:20:00,PT5M,98.94,100.0,100.0,87.8936,77.9515
716,802,671,201,33,0.15,39.3,5.8,229,2026-08-23 10:25:00,PT5M,99.284,100.0,100.0,88.4305,78.662
725,812,674,202,34,0.15,38.7,5.8,229,2026-08-23 10:30:00,PT5M,99.606,100.0,100.0,88.9375,79.3355
734,821,676,203,34,0.15,38.0,5.8,229,2026-08-23 10:35:00,PT5M,99.849,100.0,100.0,89.3452,79.8915
742,829,677,205,34,0.15,37.4,5.8,229,2026-08-23 10:40:00,PT5M,100.0,100.0,100.0,89.6396,80.315
749,837,677,207,34,0.15,36.8,5.9,229,2026-08-23 10:45:00,PT5M,100.0,100.0,100.0,89.7762,80.5745
756,844,677,209,34,0.15,36.2,5.9,229,2026-08-23 10:50:00,PT5M,100.0,100.0,100.0,89.9054,80.82
763,851,678,211,35,0.15,35.6,5.9,229,2026-08-23 10:55:00,PT5M,100.0,100.0,100.0,90.0262,81.0495
769,857,678,212,35,0.15,35.0,5.9,229,2026-08-23 11:00:00,PT5M,100.0,100.0,100.0,90.1373,81.2605
774,863,678,214,35,0.15,34.4,5.9,229,2026-08-23 11:05:00,PT5M,100.0,100.0,100.0,90.2336,81.4435
780,868,677,216,35,0.15,33.8,5.9,230,2026-08-23 11:10:00,PT5M,100.0,100.0,100.0,90.3165,81.601
784,873,677,217,35,0.15,33.2,6.0,230,2026-08-23 11:15:00,PT5M,100.0,100.0,100.0,90.4036,81.7665
789,877,676,219,36,0.15,32.7,6.0,230,2026-08-23 11:20:00,PT5M,100.0,100.0,100.0,90.4875,81.926
792,881,676,221,36,0.15,32.2,6.0,230,2026-08-23 11:25:00,PT5M,100.0,100.0,100.0,90.5575,82.059
796,885,675,222,36,0.15,31.6,6.0,230,2026-08-23 11:30:00,PT5M,100.0,100.0,100.0,90.617,82.172
800,889,677,222,36,0.15,31.3,6.1,230,2026-08-23 11:35:00,PT5M,100.0,100.0,100.0,90.6578,82.2495
804,893,681,221,36,0.15,31.1,6.1,229,2026-08-23 11:40:00,PT5M,100.0,100.0,100.0,90.6804,82.2925
808,897,685,220,36,0.15,31.0,6.2,229,2026-08-23 11:45:00,PT5M,100.0,100.0,100.0,90.6957,82.3215
811,901,688,218,36,0.15,30.8,6.2,229,2026-08-23 11:50:00,PT5M,100.0,100.0,100.0,90.7023,82.334
814,904,692,217,36,0.15,30.6,6.3,229,2026-08-23 11:55:00,PT5M,100.0,100.0,100.0,90.6999,82.3295
816,907,695,215,36,0.15,30.5,6.4,229,2026-08-23 12:00:00,PT5M,100.0,100.0,100.0,90.6886,82.308
818,909,698,214,36,0.15,30.3,6.4,229,2026-08-23 12:05:00,PT5M,100.0,100.0,100.0,90.6694,82.2715
819,911,702,212,36,0.15,30.2,6.5,228,2026-08-23 12:10:00,PT5M,100.0,100.0,100.0,90.6433,82.222
820,912,705,210,36,0.15,30.0,6.5,228,2026-08-23 12:15:00,PT5M,100.0,100.0,100.0,90.618,82.174
820,912,708,208,36,0.15,29.9,6.6,228,2026-08-23 12:20:00,PT5M,100.0,100.0,100.0,90.583,82.1075
820,912,710,206,36,0.15,29.7,6.7,228,2026-08-23 12:25:00,PT5M,100.0,100.0,100.0,90.5388,82.0235
819,911,712,205,36,0.15,29.5,6.7,228,2026-08-23 12:30:00,PT5M,100.0,100.0,100.0,90.4857,81.9225
817,909,712,204,37,0.15,29.4,6.8,228,2026-08-23 12:35:00,PT5M,100.0,100.0,100.0,90.3833,81.728
813,905,708,205,37,0.15,29.2,6.8,228,2026-08-23 12:40:00,PT5M,100.0,100.0,100.0,90.2323,81.441
809,900,705,206,37,0.15,29.1,6.9,227,2026-08-23 12:45:00,PT5M,100.0,100.0,100.0,90.0736,81.1395
804,895,701,207,37,0.15,28.9,7.0,227,2026-08-23 12:50:00,PT5M,100.0,100.0,100.0,89.9117,80.832
799,890,698,208,37,0.15,28.8,7.0,227,2026-08-23 12:55:00,PT5M,100.0,100.0,100.0,89.7349,80.496
794,884,694,209,37,0.15,28.6,7.1,227,2026-08-23 13:00:00,PT5M,100.0,100.0,100.0,89.5436,80.1325
788,877,689,210,37,0.15,28.5,7.1,227,2026-08-23 13:05:00,PT5M,100.0,100.0,100.0,89.3396,79.745
781,870,684,211,37,0.15,28.3,7.2,227,2026-08-23 13:10:00,PT5M,100.0,100.0,100.0,89.1354,79.357
774,862,679,213,37,0.15,28.2,7.3,227,2026-08-23 13:15:00,PT5M,99.95,100.0,100.0,88.8878,78.9315
766,854,674,214,37,0.15,28.1,7.3,227,2026-08-23 13:20:00,PT5M,99.579,100.0,100.0,88.2955,78.14
759,846,668,215,37,0.15,27.9,7.4,226,2026-08-23 13:25:00,PT5M,99.183,100.0,100.0,87.6682,77.3045
750,837,663,216,37,0.15,27.8,7.4,226,2026-08-23 13:30:00,PT5M,98.763,100.0,100.0,87.0079,76.428
741,826,655,218,37,0.15,27.6,7.5,226,2026-08-23 13:35:00,PT5M,98.197,100.0,100.0,86.1946,75.392
730,814,644,221,37,0.15,27.5,7.6,226,2026-08-23 13:40:00,PT5M,97.481,100.0,100.0,85.2249,74.194
719,802,633,224,37,0.15,27.3,7.6,226,2026-08-23 13:45:00,PT5M,96.738,100.0,100.0,84.2219,72.957
708,790,623,227,37,0.15,27.2,7.7,226,2026-08-23 13:50:00,PT5M,95.97,100.0,100.0,83.1881,71.684
696,777,612,229,37,0.15,27.1,7.7,226,2026-08-23 13:55:00,PT5M,95.178,100.0,100.0,82.1245,70.376
684,764,601,231,37,0.15,26.9,7.8,226,2026-08-23 14:00:00,PT5M,94.358,100.0,100.0,81.0261,69.027
672,750,591,233,37,0.15,26.8,7.9,226,2026-08-23 14:05:00,PT5M,93.517,100.0,100.0,79.9017,67.6475
659,737,581,234,37,0.15,26.6,7.9,225,2026-08-23 14:10:00,PT5M,92.657,100.0,100.0,78.7535,66.24
647,723,571,235,37,0.15,26.5,8.0,225,2026-08-23 14:15:00,PT5M,91.767,100.0,100.0,77.6622,64.9675
634,709,561,236,37,0.15,26.4,8.1,225,2026-08-23 14:20:00,PT5M,90.847,100.0,100.0,76.4407,63.4745
620,694,550,237,37,0.15,26.2,8.1,225,2026-08-23 14:25:00,PT5M,89.898,100.0,100.0,75.184,61.941
607,679,540,237,37,0.15,26.1,8.2,225,2026-08-23 14:30:00,PT5M,88.919,100.0,100.0,73.8916,60.3665
593,664,530,237,37,0.15,26.1,8.2,225,2026-08-23 14:35:00,PT5M,87.917,100.0,100.0,72.5533,58.7255
580,650,521,236,37,0.15,26.4,8.2,225,2026-08-23 14:40:00,PT5M,86.98,100.0,100.0,71.2647,57.1205
566,634,511,235,37,0.15,26.6,8.1,225,2026-08-23 14:45:00,PT5M,86.009,100.0,100.0,69.9372,55.472
552,619,502,234,37,0.15,26.9,8.1,225,2026-08-23 14:50:00,PT5M,85.003,100.0,100.0,68.6022,53.841
538,604,492,233,37,0.15,27.1,8.1,225,2026-08-23 14:55:00,PT5M,83.961,100.0,100.0,67.3686,52.435
523,588,483,231,37,0.15,27.4,8.1,225,2026-08-23 15:00:00,PT5M,82.881,100.0,99.6576,66.1044,51.005
509,572,472,230,37,0.15,27.6,8.1,225,2026-08-23 15:05:00,PT5M,81.731,100.0,98.6781,64.7839,49.531
494,556,461,228,36,0.15,27.9,8.0,226,2026-08-23 15:10:00,PT5M,80.503,100.0,97.6046,63.4014,48.0095
479,540,451,226,36,0.15,28.1,8.0,226,2026-08-23 15:15:00,PT5M,79.327,100.0,96.5654,62.0886,46.5735
464,524,442,223,36,0.15,28.4,8.0,226,2026-08-23 15:20:00,PT5M,78.125,100.0,95.4868,60.7632,45.137
449,507,432,221,36,0.15,28.6,8.0,226,2026-08-23 15:25:00,PT5M,76.873,100.0,94.3153,59.4307,43.732
434,491,422,218,36,0.15,28.9,8.0,226,2026-08-23 15:30:00,PT5M,75.567,100.0,93.1046,58.0294,42.245
419,475,412,214,36,0.15,29.2,7.9,226,2026-08-23 15:35:00,PT5M,74.271,100.0,91.8776,56.6644,40.818
404,458,404,211,36,0.15,29.4,7.9,226,2026-08-23 15:40:00,PT5M,72.985,100.0,90.6305,55.3395,39.458
389,442,394,207,35,0.15,29.7,7.9,226,2026-08-23 15:45:00,PT5M,71.629,100.0,89.2942,53.9638,38.0645
374,426,385,202,35,0.15,30.0,7.9,226,2026-08-23 15:50:00,PT5M,70.194,100.0,87.8556,52.5324,36.6365
359,409,375,198,35,0.15,30.3,7.8,226,2026-08-23 15:55:00,PT5M,68.649,100.0,86.2687,51.0293,35.171
344,392,365,194,35,0.15,30.5,7.8,226,2026-08-23 16:00:00,PT5M,66.997,100.0,84.5183,49.4757,33.706
328,375,354,189,35,0.15,30.8,7.8,226,2026-08-23 16:05:00,PT5M,65.246,98.286,82.6352,47.8568,32.206
313,359,345,183,35,0.15,31.1,7.8,226,2026-08-23 16:10:00,PT5M,63.435,96.1685,80.6629,46.2071,30.7015
298,342,334,178,35,0.15,31.4,7.8,226,2026-08-23 16:15:00,PT5M,61.52,93.879,78.5508,44.4892,29.161
282,325,324,172,35,0.15,31.7,7.7,227,2026-08-23 16:20:00,PT5M,59.509,91.4345,76.3116,42.7064,27.5835
267,308,313,167,34,0.15,32.0,7.7,227,2026-08-23 16:25:00,PT5M,57.412,88.85,73.958,40.866,25.974
251,291,301,161,34,0.15,32.3,7.7,227,2026-08-23 16:30:00,PT5M,55.232,86.1315,71.4946,38.9694,24.3325
237,275,292,154,34,0.15,32.6,7.7,227,2026-08-23 16:35:00,PT5M,52.239,81.416,67.5951,36.8829,23.062
222,259,286,146,34,0.15,32.9,7.7,227,2026-08-23 16:40:00,PT5M,49.129,76.252,63.404,34.854,22.006
208,244,279,139,34,0.15,33.2,7.6,227,2026-08-23 16:45:00,PT5M,45.972,71.097,59.1955,32.7485,20.847
193,228,271,132,34,0.15,33.5,7.6,227,2026-08-23 16:50:00,PT5M,42.764,65.9155,54.9488,30.5792,19.6125
179,212,262,124,34,0.15,33.8,7.6,227,2026-08-23 16:55:00,PT5M,39.511,60.7035,50.6648,28.3572,18.3185
164,196,252,117,34,0.15,34.1,7.6,227,2026-08-23 17:00:00,PT5M,36.206,55.414,46.3153,26.0967,16.998
150,180,241,109,33,0.15,34.5,7.5,227,2026-08-23 17:05:00,PT5M,32.88,50.178,41.9841,23.7759,15.582
136,164,228,102,33,0.15,34.8,7.5,227,2026-08-23 17:10:00,PT5M,29.565,44.9925,37.6846,21.4454,14.1375
122,148,211,95,33,0.15,35.1,7.5,227,2026-08-23 17:15:00,PT5M,26.194,39.822,33.3665,19.0215,12.566
108,131,188,88,33,0.15,35.4,7.5,228,2026-08-23 17:20:00,PT5M,22.684,34.62,28.966,16.402,10.748
95,115,163,81,33,0.15,35.8,7.5,228,2026-08-23 17:25:00,PT5M,19.348,29.6815,24.7866,13.9094,9.0145
82,99,138,73,33,0.15,36.1,7.4,228,2026-08-23 17:30:00,PT5M,16.103,24.8835,20.7242,11.4818,7.3225
70,84,111,65,33,0.15,36.5,7.4,228,2026-08-23 17:35:00,PT5M,13.029,20.2525,16.8308,9.2272,5.8055
59,70,84,57,33,0.15,37.1,7.3,228,2026-08-23 17:40:00,PT5M,10.235,15.9315,13.2331,7.2369,4.5385
49,57,57,49,32,0.15,37.6,7.2,228,2026-08-23 17:45:00,PT5M,7.629,11.908,9.8811,5.3769,3.35
40,44,32,41,32,0.15,38.1,7.1,228,2026-08-23 17:50:00,PT5M,5.449,8.457,7.0321,3.8659,2.441
32,33,6,33,32,0.15,38.7,7.1,228,2026-08-23 17:55:00,PT5M,3.698,5.688,4.7454,2.6506,1.708
22,23,0,23,32,0.15,39.2,7.0,228,2026-08-23 18:00:00,PT5M,2.376,3.492,2.9634,1.7886,1.26
14,14,0,14,32,0.15,39.8,6.9,228,2026-08-23 18:05:00,PT5M,1.21,1.8325,1.5376,0.8824,0.5875
6,6,0,6,32,0.15,40.4,6.8,228,2026-08-23 18:10:00,PT5M,0.121,0.2445,0.186,0.056,0.0
0,0,0,0,31,0.15,41.0,6.7,228,2026-08-23 18:15:00,PT5M,0.0,0.0,0.0,0.0,0.0
0,0,0,0,31,0.15,41.6,6.6,228,2026-08-23 18:20:00,PT5M,0.0,0.0,0.0,0.0,0.0
0,0,0,0,31,0.15,42.2,6.6,228,2026-08-23 18:25:00,PT5M,0.0,0.0,0.0,0.0,0.0
0,0,0,0,31,0.15,42.8,6.5,228,2026-08-23 18:30:00,PT5M,0.0,0.0,0.0,0.0,0.0
0,0,0,0,31,0.15,43.4,6.4,228,2026-08-23 18:35:00,PT5M,0.0,0.0,0.0,0.0,0.0
0,0,0,0,31,0.15,44.0,6.3,228,2026-08-23 18:40:00,PT5M,0.0,0.0,0.0,0.0,0.0
0,0,0,0,31,0.15,44.7,6.2,228,2026-08-23 18:45:00,PT5M,0.0,0.0,0.0,0.0,0.0
0,0,0,0,30,0.15,45.3,6.2,228,2026-08-23 18:50:00,PT5M,0.0,0.0,0.0,0.0,0.0
0,0,0,0,30,0.15,46.0,6.1,228,2026-08-23 18:55:00,PT5M,0.0,0.0,0.0,0.0,0.0
0,0,0,0,30,0.15,46.6,6.0,228,2026-08-23 19:00:00,PT5M,0.0,0.0,0.0,0.0,0.0
0,0,0,0,30,0.15,47.3,5.9,228,2026-08-23 19:05:00,PT5M,0.0,0.0,0.0,0.0,0.0
0,0,0,0,30,0.15,48.0,5.8,228,2026-08-23 19:10:00,PT5M,0.0,0.0,0.0,0.0,0.0
0,0,0,0,30,0.15,48.7,5.7,228,2026-08-23 19:15:00,PT5M,0.0,0.0,0.0,0.0,0.0
0,0,0,0,30,0.15,49.4,5.7,228,2026-08-23 19:20:00,PT5M,0.0,0.0,0.0,0.0,0.0
0,0,0,0,29,0.15,50.1,5.6,228,2026-08-23 19:25:00,PT5M,0.0,0.0,0.0,0.0,0.0
0,0,0,0,29,0.15,50.8,5.5,228,2026-08-23 19:30:00,PT5M,0.0,0.0,0.0,0.0,0.0
0,0,0,0,29,0.15,51.6,5.4,228,2026-08-23 19:35:00,PT5M,0.0,0.0,0.0,0.0,0.0
0,0,0,0,29,0.15,52.3,5.3,228,2026-08-23 19:40:00,PT5M,0.0,0.0,0.0,0.0,0.0
0,0,0,0,29,0.15,53.1,5.2,228,2026-08-23 19:45:00,PT5M,0.0,0.0,0.0,0.0,0.0
0,0,0,0,29,0.15,53.9,5.2,228,2026-08-23 19:50:00,PT5M,0.0,0.0,0.0,0.0,0.0
0,0,0,0,28,0.15,54.6,5.1,228,2026-08-23 19:55:00,PT5M,0.0,0.0,0.0,0.0,0.0
0,0,0,0,28,0.15,55.4,5.0,228,2026-08-23 20:00:00,PT5M,0.0,0.0,0.0,0.0,0.0
0,0,0,0,28,0.15,56.3,4.9,228,2026-08-23 20:05:00,PT5M,0.0,0.0,0.0,0.0,0.0
0,0,0,0,28,0.15,57.1,4.8,228,2026-08-23 20:10:00,PT5M,0.0,0.0,0.0,0.0,0.0
0,0,0,0,28,0.15,57.9,4.7,228,2026-08-23 20:15:00,PT5M,0.0,0.0,0.0,0.0,0.0
0,0,0,0,28,0.15,58.7,4.7,228,2026-08-23 20:20:00,PT5M,0.0,0.0,0.0,0.0,0.0
0,0,0,0,28,0.15,59.6,4.6,228,2026-08-23 20:25:00,PT5M,0.0,0.0,0.0,0.0,0.0
0,0,0,0,27,0.15,60.5,4.5,228,2026-08-23 20:30:00,PT5M,0.0,0.0,0.0,0.0,0.0
0,0,0,0,27,0.15,61.1,4.5,228,2026-08-23 20:35:00,PT5M,0.0,0.0,0.0,0.0,0.0
0,0,0,0,27,0.15,61.3,4.4,228,2026-08-23 20:40:00,PT5M,0.0,0.0,0.0,0.0,0.0
0,0,0,0,27,0.15,61.6,4.4,228,2026-08-23 20:45:00,PT5M,0.0,0.0,0.0,0.0,0.0
0,0,0,0,27,0.15,61.9,4.4,228,2026-08-23 20:50:00,PT5M,0.0,0.0,0.0,0.0,0.0
0,0,0,0,27,0.15,62.2,4.4,228,2026-08-23 20:55:00,PT5M,0.0,0.0,0.0,0.0,0.0
0,0,0,0,27,0.15,62.5,4.4,228,2026-08-23 21:00:00,PT5M,0.0,0.0,0.0,0.0,0.0
0,0,0,0,27,0.15,62.8,4.4,228,2026-08-23 21:05:00,PT5M,0.0,0.0,0.0,0.0,0.0
0,0,0,0,27,0.15,63.1,4.4,228,2026-08-23 21:10:00,PT5M,0.0,0.0,0.0,0.0,0.0
0,0,0,0,27,0.15,63.4,4.3,228,2026-08-23 21:15:00,PT5M,0.0,0.0,0.0,0.0,0.0
0,0,0,0,27,0.15,63.7,4.3,228,2026-08-23 21:20:00,PT5M,0.0,0.0,0.0,0.0,0.0
0,0,0,0,27,0.15,64.0,4.3,228,2026-08-23 21:25:00,PT5M,0.0,0.0,0.0,0.0,0.0
0,0,0,0,27,0.15,64.3,4.3,228,2026-08-23 21:30:00,PT5M,0.0,0.0,0.0,0.0,0.0
0,0,0,0,27,0.15,64.6,4.3,228,2026-08-23 21:35:00,PT5M,0.0,0.0,0.0,0.0,0.0
0,0,0,0,27,0.15,64.9,4.3,228,2026-08-23 21:40:00,PT5M,0.0,0.0,0.0,0.0,0.0
0,0,0,0,27,0.15,65.2,4.3,228,2026-08-23 21:45:00,PT5M,0.0,0.0,0.0,0.0,0.0
0,0,0,0,26,0.15,65.5,4.2,228,2026-08-23 21:50:00,PT5M,0.0,0.0,0.0,0.0,0.0
0,0,0,0,26,0.15,65.8,4.2,228,2026-08-23 21:55:00,PT5M,0.0,0.0,0.0,0.0,0.0
0,0,0,0,26,0.15,66.1,4.2,228,2026-08-23 22:00:00,PT5M,0.0,0.0,0.0,0.0,0.0
0,0,0,0,26,0.15,66.4,4.2,228,2026-08-23 22:05:00,PT5M,0.0,0.0,0.0,0.0,0.0
0,0,0,0,26,0.15,66.7,4.2,228,2026-08-23 22:10:00,PT5M,0.0,0.0,0.0,0.0,0.0
0,0,0,0,26,0.15,67.0,4.2,228,2026-08-23 22:15:00,PT5M,0.0,0.0,0.0,0.0,0.0
0,0,0,0,26,0.15,67.3,4.2,228,2026-08-23 22:20:00,PT5M,0.0,0.0,0.0,0.0,0.0
0,0,0,0,26,0.15,67.6,4.2,229,2026-08-23 22:25:00,PT5M,0.0,0.0,0.0,0.0,0.0
0,0,0,0,26,0.15,67.9,4.1,229,2026-08-23 22:30:00,PT5M,0.0,0.0,0.0,0.0,0.0
0,0,0,0,26,0.15,68.3,4.1,229,2026-08-23 22:35:00,PT5M,0.0,0.0,0.0,0.0,0.0
0,0,0,0,26,0.15,68.6,4.1,229,2026-08-23 22:40:00,PT5M,0.0,0.0,0.0,0.0,0.0
0,0,0,0,26,0.15,68.9,4.1,229,2026-08-23 22:45:00,PT5M,0.0,0.0,0.0,0.0,0.0
0,0,0,0,26,0.15,69.2,4.1,229,2026-08-23 22:50:00,PT5M,0.0,0.0,0.0,0.0,0.0
0,0,0,0,26,0.15,69.5,4.1,229,2026-08-23 22:55:00,PT5M,0.0,0.0,0.0,0.0,0.0
0,0,0,0,26,0.15,69.9,4.1,229,2026-08-23 23:00:00,PT5M,0.0,0.0,0.0,0.0,0.0
0,0,0,0,26,0.15,70.2,4.0,229,2026-08-23 23:05:00,PT5M,0.0,0.0,0.0,0.0,0.0
0,0,0,0,26,0.15,70.5,4.0,229,2026-08-23 23:10:00,PT5M,0.0,0.0,0.0,0.0,0.0
0,0,0,0,25,0.15,70.9,4.0,229,2026-08-23 23:15:00,PT5M,0.0,0.0,0.0,0.0,0.0
0,0,0,0,25,0.15,71.2,4.0,229,2026-08-23 23:20:00,PT5M,0.0,0.0,0.0,0.0,0.0
0,0,0,0,25,0.15,71.5,4.0,229,2026-08-23 23:25:00,PT5M,0.0,0.0,0.0,0.0,0.0
0,0,0,0,25,0.15,71.9,4.0,229,2026-08-23 23:30:00,PT5M,0.0,0.0,0.0,0.0,0.0
0,0,0,0,25,0.15,72.0,4.0,229,2026-08-23 23:35:00,PT5M,0.0,0.0,0.0,0.0,0.0
0,0,0,0,25,0.15,72.0,3.9,229,2026-08-23 23:40:00,PT5M,0.0,0.0,0.0,0.0,0.0
0,0,0,0,25,0.15,72.0,3.9,229,2026-08-23 23:45:00,PT5M,0.0,0.0,0.0,0.0,0.0
0,0,0,0,25,0.15,71.9,3.9,229,2026-08-23 23:50:00,PT5M,0.0,0.0,0.0,0.0,0.0
0,0,0,0,25,0.15,71.9,3.9,229,2026-08-23 23:55:00,PT5M,0.0,0.0,0.0,0.0,0.0
0,0,0,0,25,0.15,71.9,3.8,229,2026-08-24 00:00:00,PT5M,0.0,0.0,0.0,0.0,0.0
0,0,0,0,25,0.15,71.8,3.8,229,2026-08-24 00:05:00,PT5M,0.0,0.0,0.0,0.0,0.0
0,0,0,0,25,0.15,71.8,3.8,229,2026-08-24 00:10:00,PT5M,0.0,0.0,0.0,0.0,0.0
0,0,0,0,25,0.15,71.8,3.8,229,2026-08-24 00:15:00,PT5M,0.0,0.0,0.0,0.0,0.0
0,0,0,0,25,0.15,71.7,3.7,229,2026-08-24 00:20:00,PT5M,0.0,0.0,0.0,0.0,0.0
0,0,0,0,25,0.15,71.7,3.7,229,2026-08-24 00:25:00,PT5M,0.0,0.0,0.0,0.0,0.0
0,0,0,0,25,0.15,71.7,3.7,229,2026-08-24 00:30:00,PT5M,0.0,0.0,0.0,0.0,0.0
0,0,0,0,25,0.15,71.6,3.7,229,2026-08-24 00:35:00,PT5M,0.0,0.0,0.0,0.0,0.0
0,0,0,0,25,0.15,71.6,3.7,229,2026-08-24 00:40:00,PT5M,0.0,0.0,0.0,0.0,0.0
0,0,0,0,25,0.15,71.6,3.6,229,2026-08-24 00:45:00,PT5M,0.0,0.0,0.0,0.0,0.0
0,0,0,0,25,0.15,71.6,3.6,229,2026-08-24 00:50:00,PT5M,0.0,0.0,0.0,0.0,0.0
0,0,0,0,25,0.15,71.5,3.6,230,2026-08-24 00:55:00,PT5M,0.0,0.0,0.0,0.0,0.0
0,0,0,0,25,0.15,71.5,3.6,230,2026-08-24 01:00:00,PT5M,0.0,0.0,0.0,0.0,0.0
0,0,0,0,25,0.15,71.5,3.5,230,2026-08-24 01:05:00,PT5M,0.0,0.0,0.0,0.0,0.0
0,0,0,0,25,0.15,71.4,3.5,230,2026-08-24 01:10:00,PT5M,0.0,0.0,0.0,0.0,0.0
0,0,0,0,25,0.15,71.4,3.5,230,2026-08-24 01:15:00,PT5M,0.0,0.0,0.0,0.0,0.0
0,0,0,0,25,0.15,71.4,3.5,230,2026-08-24 01:20:00,PT5M,0.0,0.0,0.0,0.0,0.0
0,0,0,0,25,0.15,71.3,3.4,230,2026-08-24 01:25:00,PT5M,0.0,0.0,0.0,0.0,0.0
0,0,0,0,24,0.15,71.3,3.4,230,2026-08-24 01:30:00,PT5M,0.0,0.0,0.0,0.0,0.0
0,0,0,0,24,0.15,71.3,3.4,230,2026-08-24 01:35:00,PT5M,0.0,0.0,0.0,0.0,0.0
0,0,0,0,24,0.15,71.2,3.4,230,2026-08-24 01:40:00,PT5M,0.0,0.0,0.0,0.0,0.0
0,0,0,0,24,0.15,71.2,3.3,230,2026-08-24 01:45:00,PT5M,0.0,0.0,0.0,0.0,0.0
0,0,0,0,24,0.15,71.2,3.3,230,2026-08-24 01:50:00,PT5M,0.0,0.0,0.0,0.0,0.0
0,0,0,0,24,0.15,71.2,3.3,230,2026-08-24 01:55:00,PT5M,0.0,0.0,0.0,0.0,0.0
0,0,0,0,24,0.15,71.1,3.3,230,2026-08-24 02:00:00,PT5M,0.0,0.0,0.0,0.0,0.0
0,0,0,0,24,0.15,71.1,3.3,230,2026-08-24 02:05:00,PT5M,0.0,0.0,0.0,0.0,0.0
0,0,0,0,24,0.15,71.1,3.2,230,2026-08-24 02:10:00,PT5M,0.0,0.0,0.0,0.0,0.0
0,0,0,0,24,0.15,71.0,3.2,230,2026-08-24 02:15:00,PT5M,0.0,0.0,0.0,0.0,0.0
0,0,0,0,24,0.15,71.0,3.2,230,2026-08-24 02:20:00,PT5M,0.0,0.0,0.0,0.0,0.0
0,0,0,0,24,0.15,71.0,3.2,230,2026-08-24 02:25:00,PT5M,0.0,0.0,0.0,0.0,0.0
0,0,0,0,24,0.15,70.9,3.1,230,2026-08-24 02:30:00,PT5M,0.0,0.0,0.0,0.0,0.0
0,0,0,0,24,0.15,70.9,3.1,230,2026-08-24 02:35:00,PT5M,0.0,0.0,0.0,0.0,0.0
0,0,0,0,24,0.15,71.0,3.1,230,2026-08-24 02:40:00,PT5M,0.0,0.0,0.0,0.0,0.0
0,0,0,0,24,0.15,71.0,3.1,230,2026-08-24 02:45:00,PT5M,0.0,0.0,0.0,0.0,0.0
0,0,0,0,24,0.15,71.0,3.1,230,2026-08-24 02:50:00,PT5M,0.0,0.0,0.0,0.0,0.0
0,0,0,0,24,0.15,71.0,3.1,231,2026-08-24 02:55:00,PT5M,0.0,0.0,0.0,0.0,0.0
0,0,0,0,24,0.15,71.0,3.1,231,2026-08-24 03:00:00,PT5M,0.0,0.0,0.0,0.0,0.0
0,0,0,0,24,0.15,71.1,3.1,231,2026-08-24 03:05:00,PT5M,0.0,0.0,0.0,0.0,0.0
0,0,0,0,24,0.15,71.1,3.1,231,2026-08-24 03:10:00,PT5M,0.0,0.0,0.0,0.0,0.0
0,0,0,0,24,0.15,71.1,3.1,231,2026-08-24 03:15:00,PT5M,0.0,0.0,0.0,0.0,0.0
0,0,0,0,24,0.15,71.1,3.1,231,2026-08-24 03:20:00,PT5M,0.0,0.0,0.0,0.0,0.0
0,0,0,0,24,0.15,71.1,3.1,231,2026-08-24 03:25:00,PT5M,0.0,0.0,0.0,0.0,0.0
0,0,0,0,24,0.15,71.2,3.1,231,2026-08-24 03:30:00,PT5M,0.0,0.0,0.0,0.0,0.0
0,0,0,0,24,0.15,71.2,3.1,231,2026-08-24 03:35:00,PT5M,0.0,0.0,0.0,0.0,0.0
0,0,0,0,24,0.15,71.2,3.1,231,2026-08-24 03:40:00,PT5M,0.0,0.0,0.0,0.0,0.0
0,0,0,0,24,0.15,71.2,3.1,231,2026-08-24 03:45:00,PT5M,0.0,0.0,0.0,0.0,0.0
0,0,0,0,24,0.15,71.2,3.1,231,2026-08-24 03:50:00,PT5M,0.0,0.0,0.0,0.0,0.0
0,0,0,0,24,0.15,71.3,3.1,232,2026-08-24 03:55:00,PT5M,0.0,0.0,0.0,0.0,0.0
0,0,0,0,24,0.15,71.3,3.1,232,2026-08-24 04:00:00,PT5M,0.0,0.0,0.0,0.0,0.0
0,0,0,0,24,0.15,71.3,3.1,232,2026-08-24 04:05:00,PT5M,0.0,0.0,0.0,0.0,0.0
0,0,0,0,24,0.15,71.3,3.1,232,2026-08-24 04:10:00,PT5M,0.0,0.0,0.0,0.0,0.0
0,0,0,0,24,0.15,71.3,3.1,232,2026-08-24 04:15:00,PT5M,0.0,0.0,0.0,0.0,0.0
0,0,0,0,24,0.15,71.4,3.0,232,2026-08-24 04:20:00,PT5M,0.0,0.0,0.0,0.0,0.0
0,0,0,0,24,0.15,71.4,3.0,232,2026-08-24 04:25:00,PT5M,0.0,0.0,0.0,0.0,0.0
0,0,0,0,24,0.15,71.4,3.0,232,2026-08-24 04:30:00,PT5M,0.0,0.0,0.0,0.0,0.0
0,0,0,0,24,0.15,71.4,3.0,232,2026-08-24 04:35:00,PT5M,0.0,0.0,0.0,0.0,0.0
0,0,0,0,23,0.15,71.5,3.0,232,2026-08-24 04:40:00,PT5M,0.0,0.0,0.0,0.0,0.0
0,0,0,0,23,0.15,71.5,3.0,232,2026-08-24 04:45:00,PT5M,0.0,0.0,0.0,0.0,0.0
0,0,0,0,23,0.15,71.5,3.0,232,2026-08-24 04:50:00,PT5M,0.0,0.0,0.0,0.0,0.0
0,0,0,0,23,0.15,71.5,3.0,232,2026-08-24 04:55:00,PT5M,0.0,0.0,0.0,0.0,0.0
0,0,0,0,23,0.15,71.5,3.0,233,2026-08-24 05:00:00,PT5M,0.0,0.0,0.0,0.0,0.0
0,0,0,0,23,0.15,71.6,3.0,233,2026-08-24 05:05:00,PT5M,0.0,0.0,0.0,0.0,0.0
0,0,0,0,23,0.15,71.6,3.0,233,2026-08-24 05:10:00,PT5M,0.0,0.0,0.0,0.0,0.0
0,0,0,0,23,0.15,71.6,3.0,233,2026-08-24 05:15:00,PT5M,0.0,0.0,0.0,0.0,0.0
0,0,0,0,23,0.15,71.6,3.0,233,2026-08-24 05:20:00,PT5M,0.0,0.0,0.0,0.0,0.0
0,0,0,0,23,0.15,71.6,3.0,233,2026-08-24 05:25:00,PT5M,0.0,0.0,0.0,0.0,0.0
0,0,0,0,23,0.15,71.7,3.0,233,2026-08-24 05:30:00,PT5M,0.0,0.0,0.0,0.0,0.0
0,0,0,0,23,0.15,71.1,3.0,233,2026-08-24 05:35:00,PT5M,0.0,0.0,0.0,0.0,0.0
0,0,0,0,24,0.15,70.1,3.0,234,2026-08-24 05:40:00,PT5M,0.0,0.0,0.0,0.0,0.0
0,0,0,0,24,0.15,69.1,3.0,234,2026-08-24 05:45:00,PT5M,0.0,0.0,0.0,0.0,0.0
0,0,0,0,24,0.15,68.1,3.1,234,2026-08-24 05:50:00,PT5M,0.0,0.0,0.0,0.0,0.0
0,0,0,0,24,0.15,67.1,3.1,235,2026-08-24 05:55:00,PT5M,0.0,0.0,0.0,0.0,0.0
0,0,0,0,24,0.15,66.1,3.1,235,2026-08-24 06:00:00,PT5M,0.0,0.0,0.0,0.0,0.0
1,2,0,2,24,0.15,65.1,3.1,235,2026-08-24 06:05:00,PT5M,0.0,0.0,0.0,0.0,0.0
9,10,9,9,25,0.15,64.2,3.1,236,2026-08-24 06:10:00,PT5M,0.59,0.8655,0.735,0.445,0.3145
15,20,39,17,25,0.15,63.3,3.1,236,2026-08-24 06:15:00,PT5M,1.978,2.5655,2.2872,1.6688,1.3905
21,32,92,24,25,0.15,62.3,3.1,236,2026-08-24 06:20:00,PT5M,4.021,5.2105,4.647,3.395,2.8315
28,45,160,30,25,0.15,61.4,3.2,237,2026-08-24 06:25:00,PT5M,7.082,9.352,8.2767,5.8873,4.812
37,59,203,37,25,0.15,60.5,3.2,237,2026-08-24 06:30:00,PT5M,10.284,13.6675,12.0648,8.5032,6.9005
49,75,244,42,26,0.15,59.7,3.2,237,2026-08-24 06:35:00,PT5M,14.018,18.7005,16.4824,11.5536,9.3355
61,91,281,48,26,0.15,58.8,3.2,237,2026-08-24 06:40:00,PT5M,18.035,24.141,21.2486,14.8214,11.929
74,108,316,53,26,0.15,58.0,3.2,238,2026-08-24 06:45:00,PT5M,22.158,29.749,26.1532,18.1628,14.567
89,126,348,58,26,0.15,57.1,3.2,238,2026-08-24 06:50:00,PT5M,26.327,35.3735,31.0882,21.5658,17.2805
104,144,377,63,26,0.15,56.3,3.3,238,2026-08-24 06:55:00,PT5M,30.557,41.0355,36.0719,25.0421,20.0785
120,163,403,67,27,0.15,55.5,3.3,239,2026-08-24 07:00:00,PT5M,34.84,46.8245,41.1475,28.5325,22.8555
136,182,429,72,27,0.15,54.7,3.3,239,2026-08-24 07:05:00,PT5M,39.382,52.975,46.5361,32.2279,25.789
153,202,454,75,27,0.15,53.9,3.3,239,2026-08-24 07:10:00,PT5M,44.234,59.6135,52.3283,36.1397,28.8545
170,222,477,79,27,0.15,53.1,3.3,239,2026-08-24 07:15:00,PT5M,49.104,66.2815,58.1446,40.0634,31.9265
187,242,499,82,27,0.15,52.4,3.3,240,2026-08-24 07:20:00,PT5M,54.023,73.032,64.0276,44.0184,35.014
205,262,519,85,27,0.15,51.6,3.3,240,2026-08-24 07:25:00,PT5M,58.952,79.8225,69.9363,47.9677,38.0815
223,282,538,88,28,0.15,50.9,3.4,240,2026-08-24 07:30:00,PT5M,63.871,86.5765,75.8211,51.9209,41.1655
241,302,555,91,28,0.15,50.2,3.4,241,2026-08-24 07:35:00,PT5M,68.784,93.253,81.6622,55.9058,44.315
259,322,572,94,28,0.15,49.4,3.4,241,2026-08-24 07:40:00,PT5M,73.707,99.9765,87.5328,59.8812,47.4375
278,342,587,96,28,0.15,48.7,3.4,241,2026-08-24 07:45:00,PT5M,78.709,100.0,93.5359,63.8821,50.5375
296,362,602,99,28,0.15,48.0,3.4,241,2026-08-24 07:50:00,PT5M,81.938,100.0,97.2833,66.5927,52.7815
314,382,615,101,29,0.15,47.3,3.4,242,2026-08-24 07:55:00,PT5M,83.949,100.0,99.4643,68.4337,54.4695
333,402,628,103,29,0.15,46.7,3.5,242,2026-08-24 08:00:00,PT5M,85.859,100.0,100.0,70.1872,56.082
351,422,640,105,29,0.15,46.0,3.5,242,2026-08-24 08:05:00,PT5M,87.659,100.0,100.0,71.8461,57.614
369,441,651,107,29,0.15,45.4,3.5,242,2026-08-24 08:10:00,PT5M,89.334,100.0,100.0,73.4001,59.059
387,461,662,109,29,0.15,44.7,3.5,243,2026-08-24 08:15:00,PT5M,90.866,100.0,100.0,74.8368,60.41
405,480,672,111,29,0.15,44.1,3.5,243,2026-08-24 08:20:00,PT5M,92.241,100.0,100.0,76.1471,61.662
423,499,682,113,30,0.15,43.5,3.6,243,2026-08-24 08:25:00,PT5M,93.455,100.0,100.0,77.3287,62.8145
440,518,691,114,30,0.15,42.8,3.6,243,2026-08-24 08:30:00,PT5M,94.494,100.0,100.0,78.3851,63.8865
458,536,699,116,30,0.15,42.1,3.6,243,2026-08-24 08:35:00,PT5M,95.435,100.0,100.0,79.3587,64.8895
475,555,707,117,30,0.15,41.3,3.6,243,2026-08-24 08:40:00,PT5M,96.297,100.0,100.0,80.2638,65.8335
492,573,715,119,30,0.15,40.6,3.6,243,2026-08-24 08:45:00,PT5M,97.218,100.0,100.0,81.1019,66.597
509,591,722,120,31,0.15,39.8,3.7,243,2026-08-24 08:50:00,PT5M,97.958,100.0,100.0,81.8954,67.4385
525,608,729,122,31,0.15,39.1,3.7,243,2026-08-24 08:55:00,PT5M,98.651,100.0,100.0,82.6436,68.2365
542,625,736,123,31,0.15,38.3,3.7,243,2026-08-24 09:00:00,PT5M,99.304,100.0,100.0,83.3545,68.9995
558,642,742,124,31,0.15,37.6,3.7,243,2026-08-24 09:05:00,PT5M,99.916,100.0,100.0,84.0271,69.7265
573,659,748,125,31,0.15,36.9,3.7,243,2026-08-24 09:10:00,PT5M,100.0,100.0,100.0,84.3095,70.1875
589,675,753,126,32,0.15,36.2,3.8,242,2026-08-24 09:15:00,PT5M,100.0,100.0,100.0,84.531,70.6085
604,691,758,127,32,0.15,35.6,3.8,242,2026-08-24 09:20:00,PT5M,100.0,100.0,100.0,84.7455,71.016
618,706,763,129,32,0.15,34.9,3.8,242,2026-08-24 09:25:00,PT5M,100.0,100.0,100.0,84.9529,71.41
633,722,768,130,32,0.15,34.2,3.8,242,2026-08-24 09:30:00,PT5M,100.0,100.0,100.0,85.1529,71.79
647,736,773,131,33,0.15,33.6,3.9,242,2026-08-24 09:35:00,PT5M,100.0,100.0,100.0,85.3455,72.156
661,751,777,131,33,0.15,33.0,3.9,242,2026-08-24 09:40:00,PT5M,100.0,100.0,100.0,85.531,72.5085
674,765,781,132,33,0.15,32.4,3.9,242,2026-08-24 09:45:00,PT5M,100.0,100.0,100.0,85.7094,72.8475
687,778,785,133,33,0.15,31.8,3.9,242,2026-08-24 09:50:00,PT5M,100.0,100.0,100.0,85.8789,73.1695
700,792,788,134,33,0.15,31.2,3.9,242,2026-08-24 09:55:00,PT5M,100.0,100.0,100.0,86.035,73.466
712,804,792,135,34,0.15,30.6,4.0,242,2026-08-24 10:00:00,PT5M,100.0,100.0,100.0,86.1842,73.7495
724,817,795,136,34,0.15,30.0,4.0,241,2026-08-24 10:05:00,PT5M,100.0,100.0,100.0,86.3263,74.0195
735,829,798,136,34,0.15,29.5,4.0,241,2026-08-24 10:10:00,PT5M,100.0,100.0,100.0,86.4592,74.272
746,840,801,137,34,0.15,28.9,4.0,241,2026-08-24 10:15:00,PT5M,100.0,100.0,100.0,86.5847,74.5105
757,851,804,137,34,0.15,28.4,4.1,241,2026-08-24 10:20:00,PT5M,100.0,100.0,100.0,86.7026,74.7345
767,862,807,138,35,0.15,27.9,4.1,241,2026-08-24 10:25:00,PT5M,100.0,100.0,100.0,86.8134,74.945
777,872,810,138,35,0.15,27.3,4.1,241,2026-08-24 10:30:00,PT5M,100.0,100.0,100.0,86.9168,75.1415
786,882,812,139,35,0.15,26.8,4.1,241,2026-08-24 10:35:00,PT5M,100.0,100.0,100.0,87.0273,75.3515
795,891,814,139,35,0.15,26.3,4.2,241,2026-08-24 10:40:00,PT5M,100.0,100.0,100.0,87.1442,75.5735
803,900,816,140,35,0.15,25.9,4.2,241,2026-08-24 10:45:00,PT5M,100.0,100.0,100.0,87.2544,75.783
811,908,818,140,36,0.15,25.4,4.2,241,2026-08-24 10:50:00,PT5M,100.0,100.0,100.0,87.3576,75.979
818,916,820,141,36,0.15,24.9,4.2,241,2026-08-24 10:55:00,PT5M,100.0,100.0,100.0,87.4528,76.16
826,924,822,141,36,0.15,24.5,4.2,240,2026-08-24 11:00:00,PT5M,100.0,100.0,100.0,87.5386,76.323
832,930,823,141,36,0.15,24.0,4.3,240,2026-08-24 11:05:00,PT5M,100.0,100.0,100.0,87.6076,76.454
838,937,825,141,36,0.15,23.6,4.3,240,2026-08-24 11:10:00,PT5M,100.0,100.0,100.0,87.6639,76.561
844,943,826,142,37,0.15,23.1,4.3,240,2026-08-24 11:15:00,PT5M,100.0,100.0,100.0,87.7273,76.6815
849,948,827,142,37,0.15,22.7,4.3,240,2026-08-24 11:20:00,PT5M,100.0,100.0,100.0,87.7889,76.7985
853,953,828,142,37,0.15,22.3,4.4,240,2026-08-24 11:25:00,PT5M,100.0,100.0,100.0,87.8347,76.8855
858,957,829,142,37,0.15,21.9,4.4,240,2026-08-24 11:30:00,PT5M,100.0,100.0,100.0,87.8702,76.953
861,961,830,143,37,0.15,21.6,4.4,240,2026-08-24 11:35:00,PT5M,100.0,100.0,100.0,87.9139,77.036
864,964,831,143,37,0.15,21.5,4.4,239,2026-08-24 11:40:00,PT5M,100.0,100.0,100.0,87.9665,77.136
867,967,832,143,37,0.15,21.5,4.5,238,2026-08-24 11:45:00,PT5M,100.0,100.0,100.0,88.0118,77.222
869,969,832,143,37,0.15,21.4,4.5,238,2026-08-24 11:50:00,PT5M,100.0,100.0,100.0,88.0489,77.2925
871,971,833,143,38,0.15,21.3,4.6,237,2026-08-24 11:55:00,PT5M,100.0,100.0,100.0,88.0776,77.347
872,972,833,143,38,0.15,21.2,4.6,236,2026-08-24 12:00:00,PT5M,100.0,100.0,100.0,88.0973,77.3845
873,973,833,143,38,0.15,21.1,4.6,236,2026-08-24 12:05:00,PT5M,100.0,100.0,100.0,88.1091,77.407
873,973,834,142,38,0.15,21.0,4.7,235,2026-08-24 12:10:00,PT5M,100.0,100.0,100.0,88.1118,77.412
873,973,835,142,38,0.15,21.0,4.7,234,2026-08-24 12:15:00,PT5M,100.0,100.0,100.0,88.1065,77.402
872,972,835,141,38,0.15,20.9,4.7,234,2026-08-24 12:20:00,PT5M,100.0,100.0,100.0,88.0912,77.373
871,971,835,141,38,0.15,20.8,4.8,233,2026-08-24 12:25:00,PT5M,100.0,100.0,100.0,88.067,77.327
869,969,836,140,38,0.15,20.7,4.8,233,2026-08-24 12:30:00,PT5M,100.0,100.0,100.0,88.0344,77.265
867,967,836,140,38,0.15,20.6,4.9,232,2026-08-24 12:35:00,PT5M,100.0,100.0,100.0,88.0065,77.212
864,964,836,139,38,0.15,20.6,4.9,231,2026-08-24 12:40:00,PT5M,100.0,100.0,100.0,87.9831,77.1675
861,961,835,138,38,0.15,20.5,5.0,231,2026-08-24 12:45:00,PT5M,100.0,100.0,100.0,87.9528,77.11
857,957,835,138,38,0.15,20.4,5.0,230,2026-08-24 12:50:00,PT5M,100.0,100.0,100.0,87.9147,77.0375
853,953,835,137,38,0.15,20.3,5.0,230,2026-08-24 12:55:00,PT5M,100.0,100.0,100.0,87.8684,76.9495
849,948,834,136,38,0.15,20.2,5.1,229,2026-08-24 13:00:00,PT5M,100.0,100.0,100.0,87.807,76.833
843,942,833,136,38,0.15,20.1,5.1,229,2026-08-24 13:05:00,PT5M,100.0,100.0,100.0,87.7347,76.6955
838,936,832,135,38,0.15,20.1,5.2,228,2026-08-24 13:10:00,PT5M,100.0,100.0,100.0,87.6647,76.5625
831,930,831,135,38,0.15,20.0,5.2,228,2026-08-24 13:15:00,PT5M,100.0,100.0,100.0,87.5997,76.439
825,923,829,135,38,0.15,19.9,5.3,227,2026-08-24 13:20:00,PT5M,100.0,100.0,100.0,87.5115,76.2715
818,915,827,134,38,0.15,19.8,5.3,227,2026-08-24 13:25:00,PT5M,100.0,100.0,100.0,87.4134,76.085
810,907,826,134,38,0.15,19.8,5.4,226,2026-08-24 13:30:00,PT5M,100.0,100.0,100.0,87.3065,75.882
802,899,824,134,38,0.15,19.7,5.4,226,2026-08-24 13:35:00,PT5M,100.0,100.0,100.0,87.1797,75.641
793,890,822,133,38,0.15,19.6,5.4,225,2026-08-24 13:40:00,PT5M,100.0,100.0,100.0,87.0336,75.3635
784,881,819,133,38,0.15,19.5,5.5,225,2026-08-24 13:45:00,PT5M,100.0,100.0,100.0,86.8813,75.074
775,871,817,132,38,0.15,19.4,5.5,224,2026-08-24 13:50:00,PT5M,100.0,100.0,100.0,86.7228,74.773
765,860,814,132,38,0.15,19.4,5.6,224,2026-08-24 13:55:00,PT5M,100.0,100.0,100.0,86.5586,74.461
755,849,812,131,38,0.15,19.3,5.6,224,2026-08-24 14:00:00,PT5M,100.0,100.0,100.0,86.3876,74.136
744,838,808,131,39,0.15,19.2,5.7,223,2026-08-24 14:05:00,PT5M,100.0,100.0,100.0,86.2079,73.7945
733,826,805,131,39,0.15,19.1,5.7,223,2026-08-24 14:10:00,PT5M,100.0,100.0,100.0,86.0192,73.436
721,814,801,130,39,0.15,19.1,5.8,222,2026-08-24 14:15:00,PT5M,100.0,100.0,100.0,85.8226,73.0625
709,801,797,130,39,0.15,19.0,5.8,222,2026-08-24 14:20:00,PT5M,100.0,100.0,100.0,85.7121,72.8525
696,788,793,130,39,0.15,18.9,5.9,221,2026-08-24 14:25:00,PT5M,100.0,100.0,100.0,85.5013,72.452
684,775,788,129,39,0.15,18.8,5.9,221,2026-08-24 14:30:00,PT5M,100.0,100.0,100.0,85.2829,72.037
670,761,783,129,39,0.15,18.9,6.0,221,2026-08-24 14:35:00,PT5M,100.0,100.0,100.0,85.0652,71.6235
657,746,778,129,39,0.15,19.2,6.0,221,2026-08-24 14:40:00,PT5M,100.0,100.0,100.0,84.855,71.224
642,731,773,128,38,0.15,19.5,6.0,221,2026-08-24 14:45:00,PT5M,100.0,100.0,100.0,84.6376,70.811
628,716,768,128,38,0.15,19.8,6.0,221,2026-08-24 14:50:00,PT5M,100.0,100.0,100.0,84.4129,70.384
613,701,762,127,38,0.15,20.0,6.1,221,2026-08-24 14:55:00,PT5M,99.76,100.0,100.0,84.0037,69.8225
598,685,756,126,38,0.15,20.3,6.1,221,2026-08-24 15:00:00,PT5M,99.213,100.0,100.0,83.3609,69.0935
583,668,750,125,38,0.15,20.6,6.1,221,2026-08-24 15:05:00,PT5M,98.647,100.0,100.0,82.6991,68.3455
567,652,744,124,38,0.15,20.9,6.1,220,2026-08-24 15:10:00,PT5M,98.061,100.0,100.0,82.0176,67.578
552,635,737,123,38,0.15,21.2,6.2,220,2026-08-24 15:15:00,PT5M,97.442,100.0,100.0,81.3167,66.8035
535,618,731,122,37,0.15,21.5,6.2,220,2026-08-24 15:20:00,PT5M,96.788,100.0,100.0,80.5848,66.0015
519,601,724,121,37,0.15,21.8,6.2,220,2026-08-24 15:25:00,PT5M,96.095,100.0,100.0,79.8168,65.166
502,583,717,119,37,0.15,22.1,6.2,220,2026-08-24 15:30:00,PT5M,95.362,100.0,100.0,79.0117,64.296
485,565,709,118,37,0.15,22.4,6.3,220,2026-08-24 15:35:00,PT5M,94.459,100.0,100.0,78.0572,63.295
468,547,701,117,37,0.15,22.8,6.3,220,2026-08-24 15:40:00,PT5M,93.616,100.0,100.0,77.126,62.2845
451,528,693,115,37,0.15,23.1,6.3,220,2026-08-24 15:45:00,PT5M,92.709,100.0,100.0,76.1395,61.2265
433,509,684,114,37,0.15,23.4,6.3,220,2026-08-24 15:50:00,PT5M,91.725,100.0,100.0,75.0887,60.1155
416,491,674,112,36,0.15,23.8,6.4,220,2026-08-24 15:55:00,PT5M,90.62,100.0,100.0,73.9479,58.9425
398,471,664,110,36,0.15,24.1,6.4,220,2026-08-24 16:00:00,PT5M,89.345,100.0,100.0,72.6971,57.7135
380,452,654,108,36,0.15,24.4,6.4,220,2026-08-24 16:05:00,PT5M,87.916,100.0,100.0,71.3636,56.466
362,433,643,106,36,0.15,24.8,6.4,220,2026-08-24 16:10:00,PT5M,86.343,100.0,100.0,69.9214,55.1415
344,413,631,104,36,0.15,25.1,6.4,220,2026-08-24 16:15:00,PT5M,84.64,100.0,100.0,68.3805,53.7465
326,393,619,102,36,0.15,25.5,6.5,220,2026-08-24 16:20:00,PT5M,82.822,100.0,98.8931,66.7509,52.2865
307,373,606,100,36,0.15,25.9,6.5,220,2026-08-24 16:25:00,PT5M,80.903,100.0,96.762,65.044,50.7705
289,354,592,98,35,0.15,26.2,6.5,220,2026-08-24 16:30:00,PT5M,78.888,100.0,94.5125,63.2635,49.201
271,333,577,95,35,0.15,26.6,6.5,220,2026-08-24 16:35:00,PT5M,74.481,100.0,89.1592,59.8028,46.592
253,313,562,93,35,0.15,27.0,6.6,220,2026-08-24 16:40:00,PT5M,69.652,95.577,83.2965,56.0075,43.727
235,293,545,90,35,0.15,27.4,6.6,219,2026-08-24 16:45:00,PT5M,64.862,88.885,77.5055,52.2185,40.839
217,273,527,87,35,0.15,27.8,6.6,219,2026-08-24 16:50:00,PT5M,60.076,82.223,71.7321,48.4199,37.929
199,253,508,84,35,0.15,28.2,6.6,219,2026-08-24 16:55:00,PT5M,55.284,75.5685,65.9599,44.6081,34.9995
181,233,487,81,35,0.15,28.6,6.7,219,2026-08-24 17:00:00,PT5M,50.487,68.93,60.1937,40.7803,32.044
164,214,465,78,35,0.15,29.0,6.7,219,2026-08-24 17:05:00,PT5M,45.722,62.3515,54.4742,36.9698,29.0925
147,194,441,74,34,0.15,29.4,6.7,219,2026-08-24 17:10:00,PT5M,41.024,55.877,48.8412,33.2068,26.171
130,175,415,70,34,0.15,29.8,6.7,219,2026-08-24 17:15:00,PT5M,36.378,49.4875,43.2776,29.4784,23.2685
114,156,388,66,34,0.15,30.2,6.8,219,2026-08-24 17:20:00,PT5M,32.006,43.514,38.0627,25.9493,20.498
99,137,358,62,34,0.15,30.7,6.8,219,2026-08-24 17:25:00,PT5M,27.791,37.782,33.0493,22.5327,17.8
84,119,325,57,34,0.15,31.1,6.8,219,2026-08-24 17:30:00,PT5M,23.632,32.1415,28.1106,19.1534,15.1225
70,101,290,52,34,0.15,31.6,6.8,219,2026-08-24 17:35:00,PT5M,19.553,26.5585,23.24,15.866,12.5475
57,84,253,47,34,0.15,32.1,6.7,220,2026-08-24 17:40:00,PT5M,15.563,21.0835,18.4685,12.6575,10.0425
45,68,213,41,33,0.15,32.6,6.6,220,2026-08-24 17:45:00,PT5M,11.76,15.8985,13.9381,9.5819,7.6215
35,53,170,35,33,0.15,33.1,6.5,220,2026-08-24 17:50:00,PT5M,8.389,11.3035,9.9229,6.8551,5.4745
26,39,122,29,33,0.15,33.6,6.4,221,2026-08-24 17:55:00,PT5M,5.5,7.3685,6.4834,4.5166,3.6315
20,27,59,22,33,0.15,34.2,6.4,221,2026-08-24 18:00:00,PT5M,2.998,3.9875,3.5188,2.4772,2.0085
14,16,20,14,33,0.15,34.7,6.3,222,2026-08-24 18:05:00,PT5M,1.385,1.909,1.6608,1.1092,0.861
6,7,3,7,33,0.15,35.2,6.2,222,2026-08-24 18:10:00,PT5M,0.169,0.2535,0.2135,0.1245,0.0845
0,0,0,0,32,0.15,35.8,6.1,223,2026-08-24 18:15:00,PT5M,0.0,0.0,0.0,0.0,0.0
0,0,0,0,32,0.15,36.4,6.0,223,2026-08-24 18:20:00,PT5M,0.0,0.0,0.0,0.0,0.0
0,0,0,0,32,0.15,36.9,5.9,224,2026-08-24 18:25:00,PT5M,0.0,0.0,0.0,0.0,0.0
0,0,0,0,32,0.15,37.5,5.9,224,2026-08-24 18:30:00,PT5M,0.0,0.0,0.0,0.0,0.0
0,0,0,0,32,0.15,38.1,5.8,225,2026-08-24 18:35:00,PT5M,0.0,0.0,0.0,0.0,0.0
0,0,0,0,32,0.15,38.7,5.7,225,2026-08-24 18:40:00,PT5M,0.0,0.0,0.0,0.0,0.0
0,0,0,0,31,0.15,39.3,5.6,226,2026-08-24 18:45:00,PT5M,0.0,0.0,0.0,0.0,0.0
0,0,0,0,31,0.15,40.0,5.5,226,2026-08-24 18:50:00,PT5M,0.0,0.0,0.0,0.0,0.0
0,0,0,0,31,0.15,40.6,5.5,227,2026-08-24 18:55:00,PT5M,0.0,0.0,0.0,0.0,0.0
0,0,0,0,31,0.15,41.2,5.4,227,2026-08-24 19:00:00,PT5M,0.0,0.0,0.0,0.0,0.0
0,0,0,0,31,0.15,41.9,5.3,228,2026-08-24 19:05:00,PT5M,0.0,0.0,0.0,0.0,0.0
0,0,0,0,31,0.15,42.5,5.2,229,2026-08-24 19:10:00,PT5M,0.0,0.0,0.0,0.0,0.0
0,0,0,0,30,0.15,43.2,5.2,229,2026-08-24 19:15:00,PT5M,0.0,0.0,0.0,0.0,0.0
0,0,0,0,30,0.15,43.9,5.1,230,2026-08-24 19:20:00,PT5M,0.0,0.0,0.0,0.0,0.0
0,0,0,0,30,0.15,44.6,5.0,231,2026-08-24 19:25:00,PT5M,0.0,0.0,0.0,0.0,0.0
0,0,0,0,30,0.15,45.3,4.9,231,2026-08-24 19:30:00,PT5M,0.0,0.0,0.0,0.0,0.0
0,0,0,0,30,0.15,46.0,4.9,232,2026-08-24 19:35:00,PT5M,0.0,0.0,0.0,0.0,0.0
0,0,0,0,30,0.15,46.8,4.8,233,2026-08-24 19:40:00,PT5M,0.0,0.0,0.0,0.0,0.0
0,0,0,0,29,0.15,47.5,4.7,234,2026-08-24 19:45:00,PT5M,0.0,0.0,0.0,0.0,0.0
0,0,0,0,29,0.15,48.3,4.6,234,2026-08-24 19:50:00,PT5M,0.0,0.0,0.0,0.0,0.0
0,0,0,0,29,0.15,49.0,4.6,235,2026-08-24 19:55:00,PT5M,0.0,0.0,0.0,0.0,0.0
0,0,0,0,29,0.15,49.8,4.5,236,2026-08-24 20:00:00,PT5M,0.0,0.0,0.0,0.0,0.0
0,0,0,0,29,0.15,50.6,4.4,237,2026-08-24 20:05:00,PT5M,0.0,0.0,0.0,0.0,0.0
0,0,0,0,29,0.15,51.4,4.4,238,2026-08-24 20:10:00,PT5M,0.0,0.0,0.0,0.0,0.0
0,0,0,0,28,0.15,52.2,4.3,239,2026-08-24 20:15:00,PT5M,0.0,0.0,0.0,0.0,0.0
0,0,0,0,28,0.15,53.1,4.2,240,2026-08-24 20:20:00,PT5M,0.0,0.0,0.0,0.0,0.0
0,0,0,0,28,0.15,53.9,4.2,241,2026-08-24 20:25:00,PT5M,0.0,0.0,0.0,0.0,0.0
0,0,0,0,28,0.15,54.8,4.1,242,2026-08-24 20:30:00,PT5M,0.0,0.0,0.0,0.0,0.0
0,0,0,0,28,0.15,55.3,4.0,242,2026-08-24 20:35:00,PT5M,0.0,0.0,0.0,0.0,0.0
0,0,0,0,28,0.15,55.6,4.0,242,2026-08-24 20:40:00,PT5M,0.0,0.0,0.0,0.0,0.0
0,0,0,0,28,0.15,55.8,4.0,241,2026-08-24 20:45:00,PT5M,0.0,0.0,0.0,0.0,0.0
0,0,0,0,28,0.15,56.0,3.9,241,2026-08-24 20:50:00,PT5M,0.0,0.0,0.0,0.0,0.0
0,0,0,0,27,0.15,56.3,3.9,240,2026-08-24 20:55:00,PT5M,0.0,0.0,0.0,0.0,0.0
0,0,0,0,27,0.15,56.5,3.8,240,2026-08-24 21:00:00,PT5M,0.0,0.0,0.0,0.0,0.0
0,0,0,0,27,0.15,56.8,3.8,239,2026-08-24 21:05:00,PT5M,0.0,0.0,0.0,0.0,0.0
0,0,0,0,27,0.15,57.0,3.7,239,2026-08-24 21:10:00,PT5M,0.0,0.0,0.0,0.0,0.0
0,0,0,0,27,0.15,57.2,3.7,238,2026-08-24 21:15:00,PT5M,0.0,0.0,0.0,0.0,0.0
0,0,0,0,27,0.15,57.5,3.6,238,2026-08-24 21:20:00,PT5M,0.0,0.0,0.0,0.0,0.0
0,0,0,0,27,0.15,57.7,3.6,237,2026-08-24 21:25:00,PT5M,0.0,0.0,0.0,0.0,0.0
0,0,0,0,27,0.15,58.0,3.5,237,2026-08-24 21:30:00,PT5M,0.0,0.0,0.0,0.0,0.0
0,0,0,0,27,0.15,58.2,3.5,236,2026-08-24 21:35:00,PT5M,0.0,0.0,0.0,0.0,0.0
0,0,0,0,27,0.15,58.5,3.4,236,2026-08-24 21:40:00,PT5M,0.0,0.0,0.0,0.0,0.0
0,0,0,0,27,0.15,58.7,3.4,235,2026-08-24 21:45:00,PT5M,0.0,0.0,0.0,0.0,0.0
0,0,0,0,27,0.15,59.0,3.4,235,2026-08-24 21:50:00,PT5M,0.0,0.0,0.0,0.0,0.0
0,0,0,0,27,0.15,59.2,3.3,234,2026-08-24 21:55:00,PT5M,0.0,0.0,0.0,0.0,0.0
0,0,0,0,26,0.15,59.5,3.3,233,2026-08-24 22:00:00,PT5M,0.0,0.0,0.0,0.0,0.0
0,0,0,0,26,0.15,59.7,3.2,233,2026-08-24 22:05:00,PT5M,0.0,0.0,0.0,0.0,0.0
0,0,0,0,26,0.15,60.0,3.2,232,2026-08-24 22:10:00,PT5M,0.0,0.0,0.0,0.0,0.0
0,0,0,0,26,0.15,60.2,3.1,232,2026-08-24 22:15:00,PT5M,0.0,0.0,0.0,0.0,0.0
0,0,0,0,26,0.15,60.5,3.1,231,2026-08-24 22:20:00,PT5M,0.0,0.0,0.0,0.0,0.0
0,0,0,0,26,0.15,60.7,3.1,230,2026-08-24 22:25:00,PT5M,0.0,0.0,0.0,0.0,0.0
0,0,0,0,26,0.15,61.0,3.0,229,2026-08-24 22:30:00,PT5M,0.0,0.0,0.0,0.0,0.0
0,0,0,0,26,0.15,61.2,3.0,229,2026-08-24 22:35:00,PT5M,0.0,0.0,0.0,0.0,0.0
0,0,0,0,26,0.15,61.5,2.9,228,2026-08-24 22:40:00,PT5M,0.0,0.0,0.0,0.0,0.0
0,0,0,0,26,0.15,61.8,2.9,227,2026-08-24 22:45:00,PT5M,0.0,0.0,0.0,0.0,0.0
0,0,0,0,26,0.15,62.0,2.9,226,2026-08-24 22:50:00,PT5M,0.0,0.0,0.0,0.0,0.0
0,0,0,0,26,0.15,62.3,2.8,226,2026-08-24 22:55:00,PT5M,0.0,0.0,0.0,0.0,0.0
0,0,0,0,26,0.15,62.6,2.8,225,2026-08-24 23:00:00,PT5M,0.0,0.0,0.0,0.0,0.0
0,0,0,0,25,0.15,62.8,2.8,224,2026-08-24 23:05:00,PT5M,0.0,0.0,0.0,0.0,0.0
0,0,0,0,25,0.15,63.1,2.7,223,2026-08-24 23:10:00,PT5M,0.0,0.0,0.0,0.0,0.0
0,0,0,0,25,0.15,63.4,2.7,222,2026-08-24 23:15:00,PT5M,0.0,0.0,0.0,0.0,0.0
0,0,0,0,25,0.15,63.6,2.6,221,2026-08-24 23:20:00,PT5M,0.0,0.0,0.0,0.0,0.0
0,0,0,0,25,0.15,63.9,2.6,220,2026-08-24 23:25:00,PT5M,0.0,0.0,0.0,0.0,0.0
0,0,0,0,25,0.15,64.2,2.6,219,2026-08-24 23:30:00,PT5M,0.0,0.0,0.0,0.0,0.0
0,0,0,0,25,0.15,64.3,2.6,219,2026-08-24 23:35:00,PT5M,0.0,0.0,0.0,0.0,0.0
0,0,0,0,25,0.15,64.3,2.6,219,2026-08-24 23:40:00,PT5M,0.0,0.0,0.0,0.0,0.0
0,0,0,0,25,0.15,64.2,2.6,219,2026-08-24 23:45:00,PT5M,0.0,0.0,0.0,0.0,0.0
0,0,0,0,25,0.15,64.2,2.5,220,2026-08-24 23:50:00,PT5M,0.0,0.0,0.0,0.0,0.0
0,0,0,0,25,0.15,64.1,2.5,220,2026-08-24 23:55:00,PT5M,0.0,0.0,0.0,0.0,0.0
0,0,0,0,25,0.15,64.1,2.5,220,2026-08-25 00:00:00,PT5M,0.0,0.0,0.0,0.0,0.0
0,0,0,0,25,0.15,64.1,2.5,221,2026-08-25 00:05:00,PT5M,0.0,0.0,0.0,0.0,0.0
0,0,0,0,25,0.15,64.0,2.5,221,2026-08-25 00:10:00,PT5M,0.0,0.0,0.0,0.0,0.0
0,0,0,0,25,0.15,64.0,2.5,221,2026-08-25 00:15:00,PT5M,0.0,0.0,0.0,0.0,0.0
0,0,0,0,25,0.15,63.9,2.5,222,2026-08-25 00:20:00,PT5M,0.0,0.0,0.0,0.0,0.0
0,0,0,0,25,0.15,63.9,2.5,222,2026-08-25 00:25:00,PT5M,0.0,0.0,0.0,0.0,0.0
0,0,0,0,25,0.15,63.8,2.5,222,2026-08-25 00:30:00,PT5M,0.0,0.0,0.0,0.0,0.0
0,0,0,0,25,0.15,63.8,2.5,222,2026-08-25 00:35:00,PT5M,0.0,0.0,0.0,0.0,0.0
0,0,0,0,24,0.15,63.8,2.5,223,2026-08-25 00:40:00,PT5M,0.0,0.0,0.0,0.0,0.0
0,0,0,0,24,0.15,63.7,2.5,223,2026-08-25 00:45:00,PT5M,0.0,0.0,0.0,0.0,0.0
0,0,0,0,24,0.15,63.7,2.5,223,2026-08-25 00:50:00,PT5M,0.0,0.0,0.0,0.0,0.0
0,0,0,0,24,0.15,63.6,2.5,224,2026-08-25 00:55:00,PT5M,0.0,0.0,0.0,0.0,0.0
0,0,0,0,24,0.15,63.6,2.5,224,2026-08-25 01:00:00,PT5M,0.0,0.0,0.0,0.0,0.0
0,0,0,0,24,0.15,63.5,2.5,224,2026-08-25 01:05:00,PT5M,0.0,0.0,0.0,0.0,0.0
0,0,0,0,24,0.15,63.5,2.5,225,2026-08-25 01:10:00,PT5M,0.0,0.0,0.0,0.0,0.0
0,0,0,0,24,0.15,63.5,2.5,225,2026-08-25 01:15:00,PT5M,0.0,0.0,0.0,0.0,0.0
0,0,0,0,24,0.15,63.4,2.5,225,2026-08-25 01:20:00,PT5M,0.0,0.0,0.0,0.0,0.0
0,0,0,0,24,0.15,63.4,2.5,226,2026-08-25 01:25:00,PT5M,0.0,0.0,0.0,0.0,0.0
0,0,0,0,24,0.15,63.3,2.5,226,2026-08-25 01:30:00,PT5M,0.0,0.0,0.0,0.0,0.0
0,0,0,0,24,0.15,63.3,2.5,226,2026-08-25 01:35:00,PT5M,0.0,0.0,0.0,0.0,0.0
0,0,0,0,24,0.15,63.2,2.5,227,2026-08-25 01:40:00,PT5M,0.0,0.0,0.0,0.0,0.0
0,0,0,0,24,0.15,63.2,2.5,227,2026-08-25 01:45:00,PT5M,0.0,0.0,0.0,0.0,0.0
0,0,0,0,24,0.15,63.2,2.5,227,2026-08-25 01:50:00,PT5M,0.0,0.0,0.0,0.0,0.0
0,0,0,0,24,0.15,63.1,2.5,228,2026-08-25 01:55:00,PT5M,0.0,0.0,0.0,0.0,0.0
0,0,0,0,24,0.15,63.1,2.5,228,2026-08-25 02:00:00,PT5M,0.0,0.0,0.0,0.0,0.0
0,0,0,0,24,0.15,63.0,2.5,228,2026-08-25 02:05:00,PT5M,0.0,0.0,0.0,0.0,0.0
0,0,0,0,24,0.15,63.0,2.5,228,2026-08-25 02:10:00,PT5M,0.0,0.0,0.0,0.0,0.0
0,0,0,0,24,0.15,62.9,2.5,229,2026-08-25 02:15:00,PT5M,0.0,0.0,0.0,0.0,0.0
0,0,0,0,24,0.15,62.9,2.5,229,2026-08-25 02:20:00,PT5M,0.0,0.0,0.0,0.0,0.0
0,0,0,0,24,0.15,62.9,2.5,229,2026-08-25 02:25:00,PT5M,0.0,0.0,0.0,0.0,0.0
0,0,0,0,24,0.15,62.8,2.5,230,2026-08-25 02:30:00,PT5M,0.0,0.0,0.0,0.0,0.0
0,0,0,0,24,0.15,62.8,2.5,230,2026-08-25 02:35:00,PT5M,0.0,0.0,0.0,0.0,0.0
0,0,0,0,24,0.15,62.7,2.5,230,2026-08-25 02:40:00,PT5M,0.0,0.0,0.0,0.0,0.0
0,0,0,0,24,0.15,62.7,2.5,230,2026-08-25 02:45:00,PT5M,0.0,0.0,0.0,0.0,0.0
0,0,0,0,23,0.15,62.7,2.5,230,2026-08-25 02:50:00,PT5M,0.0,0.0,0.0,0.0,0.0
0,0,0,0,23,0.15,62.6,2.5,230,2026-08-25 02:55:00,PT5M,0.0,0.0,0.0,0.0,0.0
0,0,0,0,23,0.15,62.6,2.4,230,2026-08-25 03:00:00,PT5M,0.0,0.0,0.0,0.0,0.0
0,0,0,0,23,0.15,62.5,2.4,231,2026-08-25 03:05:00,PT5M,0.0,0.0,0.0,0.0,0.0
0,0,0,0,23,0.15,62.5,2.4,231,2026-08-25 03:10:00,PT5M,0.0,0.0,0.0,0.0,0.0
0,0,0,0,23,0.15,62.5,2.4,231,2026-08-25 03:15:00,PT5M,0.0,0.0,0.0,0.0,0.0
0,0,0,0,23,0.15,62.4,2.4,231,2026-08-25 03:20:00,PT5M,0.0,0.0,0.0,0.0,0.0
0,0,0,0,23,0.15,62.4,2.4,231,2026-08-25 03:25:00,PT5M,0.0,0.0,0.0,0.0,0.0
0,0,0,0,23,0.15,62.4,2.4,231,2026-08-25 03:30:00,PT5M,0.0,0.0,0.0,0.0,0.0
0,0,0,0,23,0.15,62.3,2.4,231,2026-08-25 03:35:00,PT5M,0.0,0.0,0.0,0.0,0.0
0,0,0,0,23,0.15,62.3,2.4,231,2026-08-25 03:40:00,PT5M,0.0,0.0,0.0,0.0,0.0
0,0,0,0,23,0.15,62.2,2.4,232,2026-08-25 03:45:00,PT5M,0.0,0.0,0.0,0.0,0.0
0,0,0,0,23,0.15,62.2,2.4,232,2026-08-25 03:50:00,PT5M,0.0,0.0,0.0,0.0,0.0
0,0,0,0,23,0.15,62.2,2.4,232,2026-08-25 03:55:00,PT5M,0.0,0.0,0.0,0.0,0.0
0,0,0,0,23,0.15,62.1,2.4,232,2026-08-25 04:00:00,PT5M,0.0,0.0,0.0,0.0,0.0
0,0,0,0,23,0.15,62.1,2.3,232,2026-08-25 04:05:00,PT5M,0.0,0.0,0.0,0.0,0.0
0,0,0,0,23,0.15,62.1,2.3,232,2026-08-25 04:10:00,PT5M,0.0,0.0,0.0,0.0,0.0
0,0,0,0,23,0.15,62.0,2.3,232,2026-08-25 04:15:00,PT5M,0.0,0.0,0.0,0.0,0.0
0,0,0,0,23,0.15,62.0,2.3,232,2026-08-25 04:20:00,PT5M,0.0,0.0,0.0,0.0,0.0
0,0,0,0,23,0.15,61.9,2.3,232,2026-08-25 04:25:00,PT5M,0.0,0.0,0.0,0.0,0.0
0,0,0,0,23,0.15,61.9,2.3,233,2026-08-25 04:30:00,PT5M,0.0,0.0,0.0,0.0,0.0
0,0,0,0,23,0.15,61.9,2.3,233,2026-08-25 04:35:00,PT5M,0.0,0.0,0.0,0.0,0.0
0,0,0,0,23,0.15,61.8,2.3,233,2026-08-25 04:40:00,PT5M,0.0,0.0,0.0,0.0,0.0
0,0,0,0,23,0.15,61.8,2.3,233,2026-08-25 04:45:00,PT5M,0.0,0.0,0.0,0.0,0.0
0,0,0,0,23,0.15,61.8,2.3,233,2026-08-25 04:50:00,PT5M,0.0,0.0,0.0,0.0,0.0
0,0,0,0,23,0.15,61.7,2.3,233,2026-08-25 04:55:00,PT5M,0.0,0.0,0.0,0.0,0.0
0,0,0,0,23,0.15,61.7,2.3,233,2026-08-25 05:00:00,PT5M,0.0,0.0,0.0,0.0,0.0
0,0,0,0,23,0.15,61.6,2.3,233,2026-08-25 05:05:00,PT5M,0.0,0.0,0.0,0.0,0.0
0,0,0,0,23,0.15,61.6,2.3,234,2026-08-25 05:10:00,PT5M,0.0,0.0,0.0,0.0,0.0
0,0,0,0,23,0.15,61.6,2.2,234,2026-08-25 05:15:00,PT5M,0.0,0.0,0.0,0.0,0.0
0,0,0,0,23,0.15,61.5,2.2,234,2026-08-25 05:20:00,PT5M,0.0,0.0,0.0,0.0,0.0
0,0,0,0,23,0.15,61.5,2.2,234,2026-08-25 05:25:00,PT5M,0.0,0.0,0.0,0.0,0.0
0,0,0,0,23,0.15,61.5,2.2,234,2026-08-25 05:30:00,PT5M,0.0,0.0,0.0,0.0,0.0
0,0,0,0,23,0.15,61.1,2.2,234,2026-08-25 05:35:00,PT5M,0.0,0.0,0.0,0.0,0.0
0,0,0,0,23,0.15,60.5,2.3,234,2026-08-25 05:40:00,PT5M,0.0,0.0,0.0,0.0,0.0
0,0,0,0,23,0.15,59.9,2.3,234,2026-08-25 05:45:00,PT5M,0.0,0.0,0.0,0.0,0.0
0,0,0,0,23,0.15,59.3,2.4,234,2026-08-25 05:50:00,PT5M,0.0,0.0,0.0,0.0,0.0
0,0,0,0,24,0.15,58.8,2.4,234,2026-08-25 05:55:00,PT5M,0.0,0.0,0.0,0.0,0.0
0,0,0,0,24,0.15,58.2,2.4,234,2026-08-25 06:00:00,PT5M,0.0,0.0,0.0,0.0,0.0
1,1,0,1,24,0.15,57.6,2.5,234,2026-08-25 06:05:00,PT5M,0.0,0.0,0.0,0.0,0.0
6,7,0,7,24,0.15,57.1,2.5,234,2026-08-25 06:10:00,PT5M,0.194,0.502,0.3561,0.0319,0.0
13,13,0,13,24,0.15,56.5,2.6,234,2026-08-25 06:15:00,PT5M,1.129,2.0995,1.6398,0.6182,0.1585
21,21,0,21,24,0.15,55.9,2.6,234,2026-08-25 06:20:00,PT5M,2.19,3.96,3.1216,1.2584,0.42
30,31,0,31,25,0.15,55.4,2.6,235,2026-08-25 06:25:00,PT5M,3.365,6.4415,4.9842,1.7458,0.2885
40,41,0,41,25,0.15,54.9,2.7,235,2026-08-25 06:30:00,PT5M,4.676,9.1475,7.0294,2.3226,0.2045
51,53,0,53,25,0.15,54.3,2.7,235,2026-08-25 06:35:00,PT5M,6.233,12.3435,9.449,3.017,0.1225
62,66,15,63,25,0.15,53.8,2.8,235,2026-08-25 06:40:00,PT5M,8.273,16.1665,12.4274,4.1186,0.3795
73,80,42,72,25,0.15,53.3,2.8,235,2026-08-25 06:45:00,PT5M,10.849,20.5875,15.9744,5.7236,1.1105
85,95,70,81,25,0.15,52.8,2.8,235,2026-08-25 06:50:00,PT5M,13.771,25.337,19.8583,7.6837,2.205
97,110,98,89,26,0.15,52.2,2.9,235,2026-08-25 06:55:00,PT5M,17.015,30.4265,24.0736,9.9564,3.6035
110,127,126,97,26,0.15,51.7,2.9,235,2026-08-25 07:00:00,PT5M,20.435,35.7105,28.4746,12.3954,5.1595
124,144,153,104,26,0.15,51.2,3.0,235,2026-08-25 07:05:00,PT5M,24.147,41.3375,33.1945,15.0995,6.9565
138,160,174,112,26,0.15,50.7,3.0,235,2026-08-25 07:10:00,PT5M,27.688,46.853,37.7747,17.6013,8.523
152,177,194,119,26,0.15,50.2,3.0,235,2026-08-25 07:15:00,PT5M,31.426,52.597,42.5684,20.2836,10.255
167,194,214,126,26,0.15,49.8,3.1,235,2026-08-25 07:20:00,PT5M,35.284,58.473,47.4885,23.0795,12.095
182,212,234,132,27,0.15,49.3,3.1,235,2026-08-25 07:25:00,PT5M,39.254,64.4655,52.523,25.985,14.0425
198,230,253,138,27,0.15,48.8,3.2,235,2026-08-25 07:30:00,PT5M,43.326,70.5535,57.656,28.996,16.0985
214,248,273,144,27,0.15,48.3,3.2,235,2026-08-25 07:35:00,PT5M,47.571,76.812,62.9607,32.1813,18.33
230,267,293,150,27,0.15,47.9,3.2,235,2026-08-25 07:40:00,PT5M,52.003,83.274,68.4612,35.5448,20.732
247,286,313,154,27,0.15,47.4,3.3,235,2026-08-25 07:45:00,PT5M,56.584,89.9645,74.1524,39.0156,23.2035
264,305,334,159,27,0.15,47.0,3.3,235,2026-08-25 07:50:00,PT5M,60.257,94.725,78.3978,42.1162,25.789
281,325,355,163,28,0.15,46.5,3.4,235,2026-08-25 07:55:00,PT5M,63.315,98.202,81.6763,44.9537,28.428
299,345,375,166,28,0.15,46.1,3.4,235,2026-08-25 08:00:00,PT5M,66.262,100.0,84.8149,47.7091,31.011
316,365,396,169,28,0.15,45.6,3.4,235,2026-08-25 08:05:00,PT5M,69.175,100.0,87.8879,50.4621,33.62
335,386,417,171,28,0.15,45.2,3.5,235,2026-08-25 08:10:00,PT5M,71.995,100.0,90.8323,53.1577,36.2035
353,406,438,173,28,0.15,44.8,3.5,235,2026-08-25 08:15:00,PT5M,74.703,100.0,93.6237,55.7823,38.753
371,427,460,174,28,0.15,44.3,3.6,235,2026-08-25 08:20:00,PT5M,77.284,100.0,96.2424,58.3256,41.2625
390,448,481,175,29,0.15,43.9,3.6,235,2026-08-25 08:25:00,PT5M,79.729,100.0,98.7121,60.7459,43.6605
409,469,502,175,29,0.15,43.5,3.6,235,2026-08-25 08:30:00,PT5M,82.009,100.0,100.0,63.1014,46.084
426,488,515,178,29,0.15,42.9,3.7,235,2026-08-25 08:35:00,PT5M,83.528,100.0,100.0,64.6702,47.6975
441,503,518,182,29,0.15,42.1,3.7,235,2026-08-25 08:40:00,PT5M,84.327,100.0,100.0,65.4815,48.52
455,519,522,187,29,0.15,41.2,3.7,235,2026-08-25 08:45:00,PT5M,85.071,100.0,100.0,66.2479,49.3065
470,534,525,192,29,0.15,40.4,3.7,235,2026-08-25 08:50:00,PT5M,85.765,100.0,100.0,67.1319,50.3615
484,549,528,196,30,0.15,39.7,3.7,235,2026-08-25 08:55:00,PT5M,86.417,100.0,100.0,67.9889,51.403
498,564,531,201,30,0.15,38.9,3.7,235,2026-08-25 09:00:00,PT5M,87.033,100.0,100.0,68.8046,52.3985
512,578,533,205,30,0.15,38.1,3.7,235,2026-08-25 09:05:00,PT5M,87.631,100.0,100.0,69.5976,53.367
526,593,537,209,30,0.15,37.4,3.7,235,2026-08-25 09:10:00,PT5M,88.277,100.0,100.0,70.4381,54.3825
539,607,541,212,31,0.15,36.7,3.8,236,2026-08-25 09:15:00,PT5M,88.952,100.0,100.0,71.3062,55.4245
553,621,546,215,31,0.15,36.0,3.8,236,2026-08-25 09:20:00,PT5M,89.636,100.0,100.0,72.1779,56.465
566,635,549,219,31,0.15,35.3,3.8,236,2026-08-25 09:25:00,PT5M,90.24,100.0,100.0,72.9637,57.4145
579,648,553,222,31,0.15,34.6,3.8,236,2026-08-25 09:30:00,PT5M,90.813,100.0,100.0,73.7128,58.322
591,662,558,224,31,0.15,33.9,3.8,236,2026-08-25 09:35:00,PT5M,91.429,100.0,100.0,74.5174,59.2965
604,676,563,226,32,0.15,33.3,3.8,236,2026-08-25 09:40:00,PT5M,92.086,100.0,100.0,75.3771,60.3385
617,689,569,228,32,0.15,32.6,3.8,236,2026-08-25 09:45:00,PT5M,92.713,100.0,100.0,76.202,61.3415
629,702,574,230,32,0.15,32.0,3.8,236,2026-08-25 09:50:00,PT5M,93.293,100.0,100.0,76.9735,62.2855
641,714,578,232,32,0.15,31.4,3.8,236,2026-08-25 09:55:00,PT5M,93.805,100.0,100.0,77.6682,63.1445
652,726,582,234,32,0.15,30.8,3.8,236,2026-08-25 10:00:00,PT5M,94.292,100.0,100.0,78.3328,63.969
663,738,585,236,33,0.15,30.2,3.9,236,2026-08-25 10:05:00,PT5M,94.745,100.0,100.0,78.956,64.7455
673,749,588,238,33,0.15,29.6,3.9,236,2026-08-25 10:10:00,PT5M,95.164,100.0,100.0,79.5366,65.4715
683,759,591,240,33,0.15,29.1,3.9,236,2026-08-25 10:15:00,PT5M,95.56,100.0,100.0,80.0881,66.163
693,770,594,242,33,0.15,28.5,3.9,236,2026-08-25 10:20:00,PT5M,95.932,100.0,100.0,80.6094,66.8185
703,780,597,243,33,0.15,27.9,3.9,236,2026-08-25 10:25:00,PT5M,96.281,100.0,100.0,81.1018,67.44
712,789,600,245,34,0.15,27.4,3.9,236,2026-08-25 10:30:00,PT5M,96.609,100.0,100.0,81.5677,68.03
720,798,601,247,34,0.15,26.9,3.9,236,2026-08-25 10:35:00,PT5M,96.856,100.0,100.0,81.9249,68.4865
727,805,601,250,34,0.15,26.4,3.9,237,2026-08-25 10:40:00,PT5M,97.018,100.0,100.0,82.1685,68.8035
734,813,601,252,34,0.15,25.9,3.9,237,2026-08-25 10:45:00,PT5M,97.16,100.0,100.0,82.386,69.089
741,819,601,254,34,0.15,25.4,4.0,237,2026-08-25 10:50:00,PT5M,97.281,100.0,100.0,82.5762,69.3415
747,826,601,257,35,0.15,24.9,4.0,237,2026-08-25 10:55:00,PT5M,97.381,100.0,100.0,82.7376,69.558
753,831,601,259,35,0.15,24.4,4.0,237,2026-08-25 11:00:00,PT5M,97.457,100.0,100.0,82.8657,69.733
758,837,600,261,35,0.15,23.9,4.0,237,2026-08-25 11:05:00,PT5M,97.506,100.0,100.0,82.9486,69.8465
763,842,600,263,35,0.15,23.5,4.0,237,2026-08-25 11:10:00,PT5M,97.535,100.0,100.0,83.0005,69.919
767,846,599,265,36,0.15,23.0,4.0,237,2026-08-25 11:15:00,PT5M,97.553,100.0,100.0,83.0506,69.998
771,850,599,267,36,0.15,22.6,4.0,237,2026-08-25 11:20:00,PT5M,97.555,100.0,100.0,83.0837,70.059
775,854,598,268,36,0.15,22.2,4.0,237,2026-08-25 11:25:00,PT5M,97.533,100.0,100.0,83.0764,70.065
778,857,597,270,36,0.15,21.8,4.0,237,2026-08-25 11:30:00,PT5M,97.491,100.0,100.0,83.0394,70.0325
782,861,600,270,36,0.15,21.5,4.1,237,2026-08-25 11:35:00,PT5M,97.617,100.0,100.0,83.2241,70.27
786,866,605,268,36,0.15,21.6,4.1,237,2026-08-25 11:40:00,PT5M,97.909,100.0,100.0,83.6306,70.7795
791,871,611,265,36,0.15,21.6,4.2,236,2026-08-25 11:45:00,PT5M,98.18,100.0,100.0,84.0102,71.257
794,876,616,263,36,0.15,21.6,4.2,236,2026-08-25 11:50:00,PT5M,98.429,100.0,100.0,84.3613,71.7
798,879,622,261,36,0.15,21.6,4.2,235,2026-08-25 11:55:00,PT5M,98.655,100.0,100.0,84.6826,72.107
801,883,627,258,37,0.15,21.6,4.3,235,2026-08-25 12:00:00,PT5M,98.857,100.0,100.0,84.9722,72.4755
803,885,632,256,37,0.15,21.6,4.3,235,2026-08-25 12:05:00,PT5M,99.02,100.0,100.0,85.2139,72.788
805,888,637,253,37,0.15,21.6,4.4,234,2026-08-25 12:10:00,PT5M,99.192,100.0,100.0,85.457,73.095
806,889,641,250,37,0.15,21.6,4.4,234,2026-08-25 12:15:00,PT5M,99.423,100.0,100.0,85.7519,73.4475
807,890,646,248,37,0.15,21.6,4.4,234,2026-08-25 12:20:00,PT5M,99.627,100.0,100.0,86.0114,73.757
807,891,650,245,37,0.15,21.6,4.5,234,2026-08-25 12:25:00,PT5M,99.799,100.0,100.0,86.2297,74.017
807,891,653,242,37,0.15,21.6,4.5,233,2026-08-25 12:30:00,PT5M,99.949,100.0,100.0,86.4179,74.2395
806,890,656,240,37,0.15,21.6,4.6,233,2026-08-25 12:35:00,PT5M,100.0,100.0,100.0,86.4992,74.348
803,888,657,239,37,0.15,21.6,4.6,233,2026-08-25 12:40:00,PT5M,100.0,100.0,100.0,86.5215,74.3905
801,885,658,237,37,0.15,21.6,4.7,232,2026-08-25 12:45:00,PT5M,99.983,100.0,100.0,86.5203,74.4035
798,882,658,236,37,0.15,21.6,4.7,232,2026-08-25 12:50:00,PT5M,99.938,100.0,100.0,86.483,74.373
794,878,659,234,37,0.15,21.6,4.7,232,2026-08-25 12:55:00,PT5M,99.874,100.0,100.0,86.4187,74.3085
790,874,660,232,37,0.15,21.6,4.8,231,2026-08-25 13:00:00,PT5M,99.79,100.0,100.0,86.3176,74.192
786,869,660,231,37,0.15,21.6,4.8,231,2026-08-25 13:05:00,PT5M,99.687,100.0,100.0,86.1885,74.0395
781,864,660,229,37,0.15,21.6,4.9,231,2026-08-25 13:10:00,PT5M,99.571,100.0,100.0,86.0528,73.886
775,859,660,227,37,0.15,21.6,4.9,231,2026-08-25 13:15:00,PT5M,99.442,100.0,100.0,85.9099,73.7305
769,853,661,225,37,0.15,21.6,5.0,230,2026-08-25 13:20:00,PT5M,99.287,100.0,100.0,85.7156,73.501
763,846,660,223,37,0.15,21.6,5.0,230,2026-08-25 13:25:00,PT5M,99.111,100.0,100.0,85.4902,73.231
756,839,660,221,37,0.15,21.7,5.0,230,2026-08-25 13:30:00,PT5M,98.914,100.0,100.0,85.2353,72.924
750,832,661,218,37,0.15,21.7,5.1,230,2026-08-25 13:35:00,PT5M,98.759,100.0,100.0,85.0155,72.646
743,826,663,215,38,0.15,21.7,5.1,229,2026-08-25 13:40:00,PT5M,98.648,100.0,100.0,84.834,72.401
736,818,665,211,38,0.15,21.7,5.2,229,2026-08-25 13:45:00,PT5M,98.52,100.0,100.0,84.6297,72.128
728,811,667,208,38,0.15,21.7,5.2,229,2026-08-25 13:50:00,PT5M,98.376,100.0,100.0,84.4033,71.8275
720,802,669,204,38,0.15,21.7,5.3,229,2026-08-25 13:55:00,PT5M,98.22,100.0,100.0,84.1594,71.5045
712,794,671,200,38,0.15,21.7,5.3,229,2026-08-25 14:00:00,PT5M,98.046,100.0,100.0,83.891,71.151
703,785,672,197,38,0.15,21.7,5.3,228,2026-08-25 14:05:00,PT5M,97.855,100.0,100.0,83.5984,70.767
693,775,674,193,38,0.15,21.7,5.4,228,2026-08-25 14:10:00,PT5M,97.646,100.0,100.0,83.2807,70.3515
684,765,675,189,38,0.15,21.7,5.4,228,2026-08-25 14:15:00,PT5M,97.421,100.0,100.0,82.9394,69.9055
674,755,676,186,38,0.15,21.7,5.5,228,2026-08-25 14:20:00,PT5M,97.179,100.0,100.0,82.5721,69.4255
663,744,677,182,38,0.15,21.7,5.5,227,2026-08-25 14:25:00,PT5M,96.922,100.0,100.0,82.1833,68.918
652,733,678,178,38,0.15,21.7,5.6,227,2026-08-25 14:30:00,PT5M,96.645,100.0,100.0,81.7673,68.377
640,720,676,176,38,0.15,21.9,5.6,227,2026-08-25 14:35:00,PT5M,96.255,100.0,100.0,81.2031,67.656
627,707,673,173,38,0.15,22.3,5.6,227,2026-08-25 14:40:00,PT5M,95.807,100.0,100.0,80.5525,66.823
614,693,669,171,38,0.15,22.6,5.6,226,2026-08-25 14:45:00,PT5M,95.336,100.0,100.0,79.872,65.954
601,679,665,169,38,0.15,23.0,5.6,226,2026-08-25 14:50:00,PT5M,94.841,100.0,100.0,79.161,65.0485
587,664,662,167,37,0.15,23.4,5.7,225,2026-08-25 14:55:00,PT5M,94.322,100.0,100.0,78.4194,64.1065
573,650,657,164,37,0.15,23.8,5.7,225,2026-08-25 15:00:00,PT5M,93.776,100.0,100.0,77.6442,63.125
558,634,652,162,37,0.15,24.2,5.7,225,2026-08-25 15:05:00,PT5M,93.173,100.0,100.0,76.7996,62.063
543,618,646,160,37,0.15,24.6,5.7,224,2026-08-25 15:10:00,PT5M,92.507,100.0,100.0,76.0099,61.162
529,603,642,158,37,0.15,25.0,5.7,224,2026-08-25 15:15:00,PT5M,91.923,100.0,100.0,75.3472,60.4285
514,587,638,155,37,0.15,25.4,5.8,224,2026-08-25 15:20:00,PT5M,91.314,100.0,100.0,74.6627,59.676
499,571,633,153,37,0.15,25.8,5.8,223,2026-08-25 15:25:00,PT5M,90.667,100.0,100.0,73.9433,58.8915
483,555,627,150,36,0.15,26.2,5.8,223,2026-08-25 15:30:00,PT5M,89.977,100.0,100.0,73.1841,58.07
467,538,621,147,36,0.15,26.7,5.8,222,2026-08-25 15:35:00,PT5M,89.16,100.0,100.0,72.2995,57.1245
451,520,612,145,36,0.15,27.1,5.8,222,2026-08-25 15:40:00,PT5M,88.208,100.0,100.0,71.2864,56.0565
434,503,604,143,36,0.15,27.6,5.9,222,2026-08-25 15:45:00,PT5M,87.186,100.0,100.0,70.2129,54.9365
417,485,594,141,36,0.15,28.0,5.9,221,2026-08-25 15:50:00,PT5M,86.081,100.0,100.0,69.1031,53.8225
400,466,584,139,36,0.15,28.5,5.9,221,2026-08-25 15:55:00,PT5M,84.826,100.0,100.0,67.8458,52.563
383,448,573,137,36,0.15,29.0,5.9,221,2026-08-25 16:00:00,PT5M,83.399,100.0,100.0,66.463,51.22
366,429,563,134,36,0.15,29.4,5.9,220,2026-08-25 16:05:00,PT5M,81.846,100.0,98.6584,65.0336,49.902
348,410,552,131,35,0.15,29.9,6.0,220,2026-08-25 16:10:00,PT5M,80.178,100.0,96.8367,63.5193,48.526
331,391,540,128,35,0.15,30.4,6.0,220,2026-08-25 16:15:00,PT5M,78.385,100.0,94.8587,61.9113,47.0845
314,372,528,125,35,0.15,30.9,6.0,219,2026-08-25 16:20:00,PT5M,76.48,100.0,92.7426,60.2174,45.5805
296,353,515,122,35,0.15,31.4,6.0,219,2026-08-25 16:25:00,PT5M,74.405,100.0,90.4337,58.3763,43.95
279,334,501,118,35,0.15,32.0,6.0,219,2026-08-25 16:30:00,PT5M,72.301,100.0,88.0728,56.5292,42.334
261,315,488,114,35,0.15,32.5,6.1,218,2026-08-25 16:35:00,PT5M,68.011,95.9925,82.7379,53.2841,40.0295
244,297,476,110,35,0.15,33.0,6.1,218,2026-08-25 16:40:00,PT5M,63.651,89.622,77.3197,49.9823,37.68
227,278,462,106,34,0.15,33.6,6.1,218,2026-08-25 16:45:00,PT5M,59.301,83.321,71.9429,46.6591,35.281
210,259,448,101,34,0.15,34.1,6.1,217,2026-08-25 16:50:00,PT5M,54.939,77.0355,66.5685,43.3095,32.8425
193,240,432,97,34,0.15,34.7,6.1,217,2026-08-25 16:55:00,PT5M,50.558,70.748,61.1841,39.9319,30.368
176,221,414,92,34,0.15,35.3,6.2,217,2026-08-25 17:00:00,PT5M,46.158,64.4665,55.7939,36.5221,27.8495
160,203,396,87,34,0.15,35.9,6.2,216,2026-08-25 17:05:00,PT5M,41.803,58.2735,50.4715,33.1345,25.3325
144,184,376,82,34,0.15,36.5,6.2,216,2026-08-25 17:10:00,PT5M,37.527,52.211,45.2553,29.7987,22.843
128,165,350,78,34,0.15,37.1,6.2,216,2026-08-25 17:15:00,PT5M,33.153,46.0915,39.9626,26.3434,20.2145
112,146,317,73,33,0.15,37.7,6.3,215,2026-08-25 17:20:00,PT5M,28.736,40.0725,34.7025,22.7695,17.3995
97,128,283,69,33,0.15,38.3,6.3,215,2026-08-25 17:25:00,PT5M,24.532,34.3525,29.7006,19.3634,14.7115
83,110,247,63,33,0.15,38.9,6.3,215,2026-08-25 17:30:00,PT5M,20.475,28.81,24.8618,16.0882,12.14
70,100,288,52,33,0.15,39.5,6.3,215,2026-08-25 17:35:00,PT5M,19.264,26.094,22.8587,15.6693,12.434
57,83,250,46,33,0.15,40.1,6.2,215,2026-08-25 17:40:00,PT5M,15.272,20.629,18.0914,12.4526,9.915
45,67,209,41,33,0.15,40.7,6.1,215,2026-08-25 17:45:00,PT5M,11.481,15.4735,13.5823,9.3797,7.4885
34,52,167,35,33,0.15,41.3,6.1,215,2026-08-25 17:50:00,PT5M,8.147,10.938,9.6159,6.6781,5.356
25,38,116,28,32,0.15,42.0,6.0,214,2026-08-25 17:55:00,PT5M,5.223,6.9575,6.1359,4.3101,3.4885
19,26,55,21,32,0.15,42.6,5.9,214,2026-08-25 18:00:00,PT5M,2.84,3.7615,3.325,2.355,1.9185
13,15,18,14,32,0.15,43.2,5.8,214,2026-08-25 18:05:00,PT5M,1.273,1.758,1.5283,1.0177,0.788
6,6,2,6,32,0.15,43.9,5.8,214,2026-08-25 18:10:00,PT5M,0.075,0.1125,0.0947,0.0553,0.0375
0,0,0,0,32,0.15,44.5,5.7,214,2026-08-25 18:15:00,PT5M,0.0,0.0,0.0,0.0,0.0
0,0,0,0,31,0.15,45.2,5.6,214,2026-08-25 18:20:00,PT5M,0.0,0.0,0.0,0.0,0.0
0,0,0,0,31,0.15,45.8,5.5,214,2026-08-25 18:25:00,PT5M,0.0,0.0,0.0,0.0,0.0
0,0,0,0,31,0.15,46.5,5.5,214,2026-08-25 18:30:00,PT5M,0.0,0.0,0.0,0.0,0.0
0,0,0,0,31,0.15,47.2,5.4,214,2026-08-25 18:35:00,PT5M,0.0,0.0,0.0,0.0,0.0
0,0,0,0,31,0.15,47.9,5.3,214,2026-08-25 18:40:00,PT5M,0.0,0.0,0.0,0.0,0.0
0,0,0,0,31,0.15,48.7,5.2,214,2026-08-25 18:45:00,PT5M,0.0,0.0,0.0,0.0,0.0
0,0,0,0,30,0.15,49.4,5.2,214,2026-08-25 18:50:00,PT5M,0.0,0.0,0.0,0.0,0.0
0,0,0,0,30,0.15,50.1,5.1,214,2026-08-25 18:55:00,PT5M,0.0,0.0,0.0,0.0,0.0
0,0,0,0,30,0.15,50.9,5.0,214,2026-08-25 19:00:00,PT5M,0.0,0.0,0.0,0.0,0.0
0,0,0,0,30,0.15,51.6,4.9,213,2026-08-25 19:05:00,PT5M,0.0,0.0,0.0,0.0,0.0
0,0,0,0,30,0.15,52.4,4.9,213,2026-08-25 19:10:00,PT5M,0.0,0.0,0.0,0.0,0.0
0,0,0,0,30,0.15,53.2,4.8,213,2026-08-25 19:15:00,PT5M,0.0,0.0,0.0,0.0,0.0
0,0,0,0,29,0.15,54.0,4.7,213,2026-08-25 19:20:00,PT5M,0.0,0.0,0.0,0.0,0.0
0,0,0,0,29,0.15,54.8,4.6,213,2026-08-25 19:25:00,PT5M,0.0,0.0,0.0,0.0,0.0
0,0,0,0,29,0.15,55.7,4.6,213,2026-08-25 19:30:00,PT5M,0.0,0.0,0.0,0.0,0.0
0,0,0,0,29,0.15,56.5,4.5,213,2026-08-25 19:35:00,PT5M,0.0,0.0,0.0,0.0,0.0
0,0,0,0,29,0.15,57.3,4.4,213,2026-08-25 19:40:00,PT5M,0.0,0.0,0.0,0.0,0.0
0,0,0,0,29,0.15,58.2,4.3,213,2026-08-25 19:45:00,PT5M,0.0,0.0,0.0,0.0,0.0
0,0,0,0,28,0.15,59.1,4.3,213,2026-08-25 19:50:00,PT5M,0.0,0.0,0.0,0.0,0.0
0,0,0,0,28,0.15,60.0,4.2,213,2026-08-25 19:55:00,PT5M,0.0,0.0,0.0,0.0,0.0
0,0,0,0,28,0.15,60.9,4.1,212,2026-08-25 20:00:00,PT5M,0.0,0.0,0.0,0.0,0.0
0,0,0,0,28,0.15,61.8,4.0,212,2026-08-25 20:05:00,PT5M,0.0,0.0,0.0,0.0,0.0
0,0,0,0,28,0.15,62.8,4.0,212,2026-08-25 20:10:00,PT5M,0.0,0.0,0.0,0.0,0.0
0,0,0,0,27,0.15,63.7,3.9,212,2026-08-25 20:15:00,PT5M,0.0,0.0,0.0,0.0,0.0
0,0,0,0,27,0.15,64.7,3.8,212,2026-08-25 20:20:00,PT5M,0.0,0.0,0.0,0.0,0.0
0,0,0,0,27,0.15,65.7,3.7,212,2026-08-25 20:25:00,PT5M,0.0,0.0,0.0,0.0,0.0
0,0,0,0,27,0.15,66.7,3.7,212,2026-08-25 20:30:00,PT5M,0.0,0.0,0.0,0.0,0.0
0,0,0,0,27,0.15,67.2,3.6,212,2026-08-25 20:35:00,PT5M,0.0,0.0,0.0,0.0,0.0
0,0,0,0,27,0.15,67.3,3.6,212,2026-08-25 20:40:00,PT5M,0.0,0.0,0.0,0.0,0.0
0,0,0,0,27,0.15,67.4,3.6,213,2026-08-25 20:45:00,PT5M,0.0,0.0,0.0,0.0,0.0
0,0,0,0,27,0.15,67.5,3.6,213,2026-08-25 20:50:00,PT5M,0.0,0.0,0.0,0.0,0.0
0,0,0,0,27,0.15,67.5,3.7,213,2026-08-25 20:55:00,PT5M,0.0,0.0,0.0,0.0,0.0
0,0,0,0,27,0.15,67.6,3.7,214,2026-08-25 21:00:00,PT5M,0.0,0.0,0.0,0.0,0.0
0,0,0,0,27,0.15,67.7,3.7,214,2026-08-25 21:05:00,PT5M,0.0,0.0,0.0,0.0,0.0
0,0,0,0,26,0.15,67.8,3.7,215,2026-08-25 21:10:00,PT5M,0.0,0.0,0.0,0.0,0.0
0,0,0,0,26,0.15,67.9,3.7,215,2026-08-25 21:15:00,PT5M,0.0,0.0,0.0,0.0,0.0
0,0,0,0,26,0.15,68.0,3.7,216,2026-08-25 21:20:00,PT5M,0.0,0.0,0.0,0.0,0.0
0,0,0,0,26,0.15,68.0,3.7,216,2026-08-25 21:25:00,PT5M,0.0,0.0,0.0,0.0,0.0
0,0,0,0,26,0.15,68.1,3.7,216,2026-08-25 21:30:00,PT5M,0.0,0.0,0.0,0.0,0.0
0,0,0,0,26,0.15,68.2,3.7,217,2026-08-25 21:35:00,PT5M,0.0,0.0,0.0,0.0,0.0
0,0,0,0,26,0.15,68.3,3.7,217,2026-08-25 21:40:00,PT5M,0.0,0.0,0.0,0.0,0.0
0,0,0,0,26,0.15,68.4,3.7,218,2026-08-25 21:45:00,PT5M,0.0,0.0,0.0,0.0,0.0
0,0,0,0,26,0.15,68.5,3.7,218,2026-08-25 21:50:00,PT5M,0.0,0.0,0.0,0.0,0.0
0,0,0,0,26,0.15,68.5,3.7,218,2026-08-25 21:55:00,PT5M,0.0,0.0,0.0,0.0,0.0
0,0,0,0,26,0.15,68.6,3.7,219,2026-08-25 22:00:00,PT5M,0.0,0.0,0.0,0.0,0.0
0,0,0,0,26,0.15,68.7,3.7,219,2026-08-25 22:05:00,PT5M,0.0,0.0,0.0,0.0,0.0
0,0,0,0,26,0.15,68.8,3.7,220,2026-08-25 22:10:00,PT5M,0.0,0.0,0.0,0.0,0.0
0,0,0,0,26,0.15,68.9,3.8,220,2026-08-25 22:15:00,PT5M,0.0,0.0,0.0,0.0,0.0
0,0,0,0,26,0.15,69.0,3.8,220,2026-08-25 22:20:00,PT5M,0.0,0.0,0.0,0.0,0.0
0,0,0,0,26,0.15,69.1,3.8,221,2026-08-25 22:25:00,PT5M,0.0,0.0,0.0,0.0,0.0
0,0,0,0,26,0.15,69.1,3.8,221,2026-08-25 22:30:00,PT5M,0.0,0.0,0.0,0.0,0.0
0,0,0,0,26,0.15,69.2,3.8,222,2026-08-25 22:35:00,PT5M,0.0,0.0,0.0,0.0,0.0
0,0,0,0,26,0.15,69.3,3.8,222,2026-08-25 22:40:00,PT5M,0.0,0.0,0.0,0.0,0.0
0,0,0,0,26,0.15,69.4,3.8,222,2026-08-25 22:45:00,PT5M,0.0,0.0,0.0,0.0,0.0
0,0,0,0,25,0.15,69.5,3.8,223,2026-08-25 22:50:00,PT5M,0.0,0.0,0.0,0.0,0.0
0,0,0,0,25,0.15,69.6,3.8,223,2026-08-25 22:55:00,PT5M,0.0,0.0,0.0,0.0,0.0
0,0,0,0,25,0.15,69.7,3.8,224,2026-08-25 23:00:00,PT5M,0.0,0.0,0.0,0.0,0.0
0,0,0,0,25,0.15,69.7,3.8,224,2026-08-25 23:05:00,PT5M,0.0,0.0,0.0,0.0,0.0
0,0,0,0,25,0.15,69.8,3.8,224,2026-08-25 23:10:00,PT5M,0.0,0.0,0.0,0.0,0.0
0,0,0,0,25,0.15,69.9,3.9,225,2026-08-25 23:15:00,PT5M,0.0,0.0,0.0,0.0,0.0
0,0,0,0,25,0.15,70.0,3.9,225,2026-08-25 23:20:00,PT5M,0.0,0.0,0.0,0.0,0.0
0,0,0,0,25,0.15,70.1,3.9,225,2026-08-25 23:25:00,PT5M,0.0,0.0,0.0,0.0,0.0
0,0,0,0,25,0.15,70.2,3.9,226,2026-08-25 23:30:00,PT5M,0.0,0.0,0.0,0.0,0.0
0,0,0,0,25,0.15,70.2,3.9,226,2026-08-25 23:35:00,PT5M,0.0,0.0,0.0,0.0,0.0
0,0,0,0,25,0.15,70.2,3.9,226,2026-08-25 23:40:00,PT5M,0.0,0.0,0.0,0.0,0.0
0,0,0,0,25,0.15,70.2,3.9,226,2026-08-25 23:45:00,PT5M,0.0,0.0,0.0,0.0,0.0
0,0,0,0,25,0.15,70.2,3.9,227,2026-08-25 23:50:00,PT5M,0.0,0.0,0.0,0.0,0.0
0,0,0,0,25,0.15,70.2,3.8,227,2026-08-25 23:55:00,PT5M,0.0,0.0,0.0,0.0,0.0
0,0,0,0,25,0.15,70.2,3.8,227,2026-08-26 00:00:00,PT5M,0.0,0.0,0.0,0.0,0.0
0,0,0,0,25,0.15,70.2,3.8,227,2026-08-26 00:05:00,PT5M,0.0,0.0,0.0,0.0,0.0
0,0,0,0,25,0.15,70.2,3.8,227,2026-08-26 00:10:00,PT5M,0.0,0.0,0.0,0.0,0.0
0,0,0,0,25,0.15,70.2,3.8,227,2026-08-26 00:15:00,PT5M,0.0,0.0,0.0,0.0,0.0
0,0,0,0,25,0.15,70.2,3.8,227,2026-08-26 00:20:00,PT5M,0.0,0.0,0.0,0.0,0.0
0,0,0,0,25,0.15,70.2,3.8,228,2026-08-26 00:25:00,PT5M,0.0,0.0,0.0,0.0,0.0
0,0,0,0,25,0.15,70.2,3.8,228,2026-08-26 00:30:00,PT5M,0.0,0.0,0.0,0.0,0.0
0,0,0,0,25,0.15,70.2,3.8,228,2026-08-26 00:35:00,PT5M,0.0,0.0,0.0,0.0,0.0
0,0,0,0,25,0.15,70.2,3.8,228,2026-08-26 00:40:00,PT5M,0.0,0.0,0.0,0.0,0.0
0,0,0,0,25,0.15,70.2,3.8,228,2026-08-26 00:45:00,PT5M,0.0,0.0,0.0,0.0,0.0
0,0,0,0,25,0.15,70.2,3.7,228,2026-08-26 00:50:00,PT5M,0.0,0.0,0.0,0.0,0.0
0,0,0,0,25,0.15,70.2,3.7,229,2026-08-26 00:55:00,PT5M,0.0,0.0,0.0,0.0,0.0
0,0,0,0,25,0.15,70.2,3.7,229,2026-08-26 01:00:00,PT5M,0.0,0.0,0.0,0.0,0.0
0,0,0,0,25,0.15,70.1,3.7,229,2026-08-26 01:05:00,PT5M,0.0,0.0,0.0,0.0,0.0
0,0,0,0,25,0.15,70.1,3.7,229,2026-08-26 01:10:00,PT5M,0.0,0.0,0.0,0.0,0.0
0,0,0,0,25,0.15,70.1,3.7,229,2026-08-26 01:15:00,PT5M,0.0,0.0,0.0,0.0,0.0
0,0,0,0,25,0.15,70.1,3.7,229,2026-08-26 01:20:00,PT5M,0.0,0.0,0.0,0.0,0.0
0,0,0,0,25,0.15,70.1,3.7,230,2026-08-26 01:25:00,PT5M,0.0,0.0,0.0,0.0,0.0
0,0,0,0,25,0.15,70.1,3.7,230,2026-08-26 01:30:00,PT5M,0.0,0.0,0.0,0.0,0.0
0,0,0,0,25,0.15,70.1,3.7,230,2026-08-26 01:35:00,PT5M,0.0,0.0,0.0,0.0,0.0
0,0,0,0,24,0.15,70.1,3.7,230,2026-08-26 01:40:00,PT5M,0.0,0.0,0.0,0.0,0.0
0,0,0,0,24,0.15,70.1,3.6,230,2026-08-26 01:45:00,PT5M,0.0,0.0,0.0,0.0,0.0
0,0,0,0,24,0.15,70.1,3.6,230,2026-08-26 01:50:00,PT5M,0.0,0.0,0.0,0.0,0.0
0,0,0,0,24,0.15,70.1,3.6,231,2026-08-26 01:55:00,PT5M,0.0,0.0,0.0,0.0,0.0
0,0,0,0,24,0.15,70.1,3.6,231,2026-08-26 02:00:00,PT5M,0.0,0.0,0.0,0.0,0.0
0,0,0,0,24,0.15,70.1,3.6,231,2026-08-26 02:05:00,PT5M,0.0,0.0,0.0,0.0,0.0
0,0,0,0,24,0.15,70.1,3.6,231,2026-08-26 02:10:00,PT5M,0.0,0.0,0.0,0.0,0.0
0,0,0,0,24,0.15,70.1,3.6,231,2026-08-26 02:15:00,PT5M,0.0,0.0,0.0,0.0,0.0
0,0,0,0,24,0.15,70.1,3.6,231,2026-08-26 02:20:00,PT5M,0.0,0.0,0.0,0.0,0.0
0,0,0,0,24,0.15,70.1,3.6,232,2026-08-26 02:25:00,PT5M,0.0,0.0,0.0,0.0,0.0
0,0,0,0,24,0.15,70.1,3.6,232,2026-08-26 02:30:00,PT5M,0.0,0.0,0.0,0.0,0.0
0,0,0,0,24,0.15,70.1,3.6,232,2026-08-26 02:35:00,PT5M,0.0,0.0,0.0,0.0,0.0
0,0,0,0,24,0.15,70.1,3.6,232,2026-08-26 02:40:00,PT5M,0.0,0.0,0.0,0.0,0.0
0,0,0,0,24,0.15,70.1,3.6,232,2026-08-26 02:45:00,PT5M,0.0,0.0,0.0,0.0,0.0
0,0,0,0,24,0.15,70.2,3.6,232,2026-08-26 02:50:00,PT5M,0.0,0.0,0.0,0.0,0.0
0,0,0,0,24,0.15,70.2,3.6,232,2026-08-26 02:55:00,PT5M,0.0,0.0,0.0,0.0,0.0
0,0,0,0,24,0.15,70.2,3.5,232,2026-08-26 03:00:00,PT5M,0.0,0.0,0.0,0.0,0.0
0,0,0,0,24,0.15,70.2,3.5,232,2026-08-26 03:05:00,PT5M,0.0,0.0,0.0,0.0,0.0
0,0,0,0,24,0.15,70.3,3.5,232,2026-08-26 03:10:00,PT5M,0.0,0.0,0.0,0.0,0.0
0,0,0,0,24,0.15,70.3,3.5,232,2026-08-26 03:15:00,PT5M,0.0,0.0,0.0,0.0,0.0
0,0,0,0,24,0.15,70.3,3.5,232,2026-08-26 03:20:00,PT5M,0.0,0.0,0.0,0.0,0.0
0,0,0,0,24,0.15,70.3,3.5,232,2026-08-26 03:25:00,PT5M,0.0,0.0,0.0,0.0,0.0
0,0,0,0,24,0.15,70.4,3.5,232,2026-08-26 03:30:00,PT5M,0.0,0.0,0.0,0.0,0.0
0,0,0,0,24,0.15,70.4,3.5,231,2026-08-26 03:35:00,PT5M,0.0,0.0,0.0,0.0,0.0
0,0,0,0,24,0.15,70.4,3.5,231,2026-08-26 03:40:00,PT5M,0.0,0.0,0.0,0.0,0.0
0,0,0,0,24,0.15,70.4,3.5,231,2026-08-26 03:45:00,PT5M,0.0,0.0,0.0,0.0,0.0
0,0,0,0,24,0.15,70.4,3.5,231,2026-08-26 03:50:00,PT5M,0.0,0.0,0.0,0.0,0.0
0,0,0,0,24,0.15,70.5,3.5,231,2026-08-26 03:55:00,PT5M,0.0,0.0,0.0,0.0,0.0
0,0,0,0,24,0.15,70.5,3.5,231,2026-08-26 04:00:00,PT5M,0.0,0.0,0.0,0.0,0.0
0,0,0,0,24,0.15,70.5,3.5,231,2026-08-26 04:05:00,PT5M,0.0,0.0,0.0,0.0,0.0
0,0,0,0,24,0.15,70.5,3.5,231,2026-08-26 04:10:00,PT5M,0.0,0.0,0.0,0.0,0.0
0,0,0,0,24,0.15,70.6,3.5,231,2026-08-26 04:15:00,PT5M,0.0,0.0,0.0,0.0,0.0
0,0,0,0,24,0.15,70.6,3.5,231,2026-08-26 04:20:00,PT5M,0.0,0.0,0.0,0.0,0.0
0,0,0,0,24,0.15,70.6,3.5,231,2026-08-26 04:25:00,PT5M,0.0,0.0,0.0,0.0,0.0
0,0,0,0,24,0.15,70.6,3.5,231,2026-08-26 04:30:00,PT5M,0.0,0.0,0.0,0.0,0.0
0,0,0,0,24,0.15,70.7,3.5,231,2026-08-26 04:35:00,PT5M,0.0,0.0,0.0,0.0,0.0
0,0,0,0,24,0.15,70.7,3.5,231,2026-08-26 04:40:00,PT5M,0.0,0.0,0.0,0.0,0.0
0,0,0,0,24,0.15,70.7,3.5,231,2026-08-26 04:45:00,PT5M,0.0,0.0,0.0,0.0,0.0
0,0,0,0,24,0.15,70.7,3.5,231,2026-08-26 04:50:00,PT5M,0.0,0.0,0.0,0.0,0.0
0,0,0,0,24,0.15,70.8,3.5,231,2026-08-26 04:55:00,PT5M,0.0,0.0,0.0,0.0,0.0
0,0,0,0,24,0.15,70.8,3.5,231,2026-08-26 05:00:00,PT5M,0.0,0.0,0.0,0.0,0.0
0,0,0,0,24,0.15,70.8,3.5,231,2026-08-26 05:05:00,PT5M,0.0,0.0,0.0,0.0,0.0
0,0,0,0,24,0.15,70.8,3.5,231,2026-08-26 05:10:00,PT5M,0.0,0.0,0.0,0.0,0.0
0,0,0,0,24,0.15,70.9,3.5,231,2026-08-26 05:15:00,PT5M,0.0,0.0,0.0,0.0,0.0
0,0,0,0,24,0.15,70.9,3.5,231,2026-08-26 05:20:00,PT5M,0.0,0.0,0.0,0.0,0.0
0,0,0,0,24,0.15,70.9,3.5,231,2026-08-26 05:25:00,PT5M,0.0,0.0,0.0,0.0,0.0
0,0,0,0,24,0.15,70.9,3.5,231,2026-08-26 05:30:00,PT5M,0.0,0.0,0.0,0.0,0.0
0,0,0,0,24,0.15,70.6,3.5,231,2026-08-26 05:35:00,PT5M,0.0,0.0,0.0,0.0,0.0
0,0,0,0,24,0.15,70.0,3.5,231,2026-08-26 05:40:00,PT5M,0.0,0.0,0.0,0.0,0.0
0,0,0,0,25,0.15,69.4,3.5,231,2026-08-26 05:45:00,PT5M,0.0,0.0,0.0,0.0,0.0
0,0,0,0,25,0.15,68.7,3.5,232,2026-08-26 05:50:00,PT5M,0.0,0.0,0.0,0.0,0.0
0,0,0,0,25,0.15,68.1,3.5,232,2026-08-26 05:55:00,PT5M,0.0,0.0,0.0,0.0,0.0
0,0,0,0,25,0.15,67.5,3.5,232,2026-08-26 06:00:00,PT5M,0.0,0.0,0.0,0.0,0.0
1,2,0,2,25,0.15,66.9,3.5,232,2026-08-26 06:05:00,PT5M,0.0,0.0,0.0,0.0,0.0
8,8,0,8,25,0.15,66.3,3.5,232,2026-08-26 06:10:00,PT5M,0.449,0.7585,0.6119,0.2861,0.1395
16,17,0,17,25,0.15,65.7,3.5,233,2026-08-26 06:15:00,PT5M,1.582,2.386,2.0052,1.1588,0.778
25,26,0,26,26,0.15,65.2,3.5,233,2026-08-26 06:20:00,PT5M,2.835,4.3345,3.6242,2.0458,1.3355
34,37,24,35,26,0.15,64.6,3.5,233,2026-08-26 06:25:00,PT5M,4.48,7.1275,5.8734,3.0866,1.8325
42,49,53,43,26,0.15,64.0,3.5,233,2026-08-26 06:30:00,PT5M,6.568,10.4345,8.603,4.533,2.7015
52,62,81,51,26,0.15,63.4,3.5,233,2026-08-26 06:35:00,PT5M,9.121,14.415,11.9073,6.3347,3.827
63,76,113,59,26,0.15,62.9,3.5,234,2026-08-26 06:40:00,PT5M,12.079,18.9295,15.6845,8.4735,5.2285
75,91,143,66,26,0.15,62.3,3.4,234,2026-08-26 06:45:00,PT5M,15.316,23.7825,19.772,10.86,6.8495
87,107,172,73,26,0.15,61.8,3.4,234,2026-08-26 06:50:00,PT5M,18.724,28.792,24.0229,13.4251,8.656
101,124,201,80,27,0.15,61.2,3.4,234,2026-08-26 06:55:00,PT5M,22.348,34.011,28.4863,16.2097,10.685
115,141,229,86,27,0.15,60.7,3.4,234,2026-08-26 07:00:00,PT5M,26.089,39.4105,33.1002,19.0778,12.7675
130,158,256,92,27,0.15,60.2,3.4,235,2026-08-26 07:05:00,PT5M,30.11,45.1875,38.0454,22.1746,15.0325
144,175,274,99,27,0.15,59.6,3.4,235,2026-08-26 07:10:00,PT5M,33.886,50.871,42.8253,24.9467,16.901
159,192,291,105,27,0.15,59.1,3.4,235,2026-08-26 07:15:00,PT5M,37.747,56.6465,47.6939,27.8001,18.8475
175,210,307,111,27,0.15,58.6,3.4,235,2026-08-26 07:20:00,PT5M,41.656,62.4985,52.6256,30.6864,20.8135
190,227,321,117,28,0.15,58.1,3.4,235,2026-08-26 07:25:00,PT5M,45.573,68.3795,57.5762,33.5698,22.7665
206,244,335,123,28,0.15,57.6,3.4,236,2026-08-26 07:30:00,PT5M,49.512,74.2915,62.5536,36.4704,24.7325
221,261,348,129,28,0.15,57.1,3.4,236,2026-08-26 07:35:00,PT5M,53.421,80.186,67.5076,39.3344,26.656
237,279,359,135,28,0.15,56.6,3.4,236,2026-08-26 07:40:00,PT5M,57.329,86.109,72.4761,42.1819,28.549
253,296,371,140,28,0.15,56.1,3.4,236,2026-08-26 07:45:00,PT5M,61.261,92.147,77.5165,45.0055,30.375
269,313,382,146,28,0.15,55.6,3.4,236,2026-08-26 07:50:00,PT5M,63.96,95.9555,80.7995,47.1205,31.9645
285,331,392,151,28,0.15,55.1,3.4,237,2026-08-26 07:55:00,PT5M,65.964,98.4865,83.0808,48.8472,33.4415
301,348,402,156,29,0.15,54.6,3.4,237,2026-08-26 08:00:00,PT5M,67.878,100.0,85.2477,50.5083,34.875
316,365,412,161,29,0.15,54.2,3.4,237,2026-08-26 08:05:00,PT5M,69.722,100.0,87.3251,52.1189,36.2755
332,382,421,166,29,0.15,53.7,3.4,237,2026-08-26 08:10:00,PT5M,71.483,100.0,89.2945,53.6715,37.6405
348,399,430,170,29,0.15,53.2,3.4,237,2026-08-26 08:15:00,PT5M,73.12,100.0,91.1034,55.1366,38.951
364,416,439,174,29,0.15,52.8,3.4,238,2026-08-26 08:20:00,PT5M,74.625,100.0,92.7397,56.5103,40.2065
379,433,447,179,29,0.15,52.3,3.4,238,2026-08-26 08:25:00,PT5M,75.995,100.0,94.1989,57.7911,41.407
394,449,454,183,29,0.15,51.9,3.4,238,2026-08-26 08:30:00,PT5M,77.217,100.0,95.4517,58.9823,42.5705
410,466,462,187,30,0.15,51.2,3.4,238,2026-08-26 08:35:00,PT5M,78.417,100.0,96.6525,60.1815,43.769
425,482,471,190,30,0.15,50.5,3.4,238,2026-08-26 08:40:00,PT5M,79.615,100.0,97.8252,61.4048,45.015
440,498,479,193,30,0.15,49.7,3.3,239,2026-08-26 08:45:00,PT5M,80.747,100.0,98.9485,62.5455,46.1635
456,515,487,197,30,0.15,49.0,3.3,239,2026-08-26 08:50:00,PT5M,81.818,100.0,99.9682,63.6678,47.332
470,531,495,199,30,0.15,48.2,3.2,239,2026-08-26 08:55:00,PT5M,82.836,100.0,100.0,64.7452,48.463
485,546,502,202,31,0.15,47.5,3.2,239,2026-08-26 09:00:00,PT5M,83.807,100.0,100.0,65.7841,49.563
500,562,509,205,31,0.15,46.8,3.1,239,2026-08-26 09:05:00,PT5M,84.718,100.0,100.0,66.7738,50.6235
514,577,517,208,31,0.15,46.1,3.1,240,2026-08-26 09:10:00,PT5M,85.644,100.0,100.0,67.7925,51.7255
529,593,525,210,31,0.15,45.4,3.1,240,2026-08-26 09:15:00,PT5M,86.586,100.0,100.0,68.8939,52.9705
543,608,533,212,32,0.15,44.8,3.0,240,2026-08-26 09:20:00,PT5M,87.489,100.0,100.0,70.0345,54.325
557,623,540,213,32,0.15,44.1,3.0,240,2026-08-26 09:25:00,PT5M,88.393,100.0,100.0,71.1728,55.674
571,638,548,215,32,0.15,43.4,2.9,240,2026-08-26 09:30:00,PT5M,89.221,100.0,100.0,72.2315,56.9405
585,653,556,216,32,0.15,42.8,2.9,241,2026-08-26 09:35:00,PT5M,90.085,100.0,100.0,73.3226,58.236
599,668,566,216,32,0.15,42.2,2.8,241,2026-08-26 09:40:00,PT5M,90.985,100.0,100.0,74.4461,59.5605
613,683,576,216,33,0.15,41.5,2.8,241,2026-08-26 09:45:00,PT5M,91.852,100.0,100.0,75.5323,60.844
626,698,585,216,33,0.15,40.9,2.8,241,2026-08-26 09:50:00,PT5M,92.662,100.0,100.0,76.5552,62.0585
639,712,593,216,33,0.15,40.3,2.7,242,2026-08-26 09:55:00,PT5M,93.406,100.0,100.0,77.5042,63.192
652,725,601,216,33,0.15,39.7,2.7,242,2026-08-26 10:00:00,PT5M,94.121,100.0,100.0,78.4194,64.2875
664,739,609,216,33,0.15,39.1,2.6,242,2026-08-26 10:05:00,PT5M,94.809,100.0,100.0,79.3016,65.3445
676,752,617,215,34,0.15,38.6,2.6,242,2026-08-26 10:10:00,PT5M,95.467,100.0,100.0,80.1462,66.357
688,764,625,214,34,0.15,38.0,2.6,243,2026-08-26 10:15:00,PT5M,96.098,100.0,100.0,80.9582,67.332
699,777,633,214,34,0.15,37.4,2.5,243,2026-08-26 10:20:00,PT5M,96.701,100.0,100.0,81.7365,68.268
710,789,641,213,34,0.15,36.9,2.5,243,2026-08-26 10:25:00,PT5M,97.277,100.0,100.0,82.4822,69.1665
721,800,648,211,35,0.15,36.4,2.4,244,2026-08-26 10:30:00,PT5M,97.828,100.0,100.0,83.1977,70.03
732,812,656,210,35,0.15,35.8,2.4,244,2026-08-26 10:35:00,PT5M,98.359,100.0,100.0,83.9108,70.907
742,823,664,208,35,0.15,35.3,2.4,244,2026-08-26 10:40:00,PT5M,98.864,100.0,100.0,84.6163,71.793
751,833,672,207,35,0.15,34.8,2.3,245,2026-08-26 10:45:00,PT5M,99.344,100.0,100.0,85.2971,72.6545
761,843,679,205,35,0.15,34.3,2.3,245,2026-08-26 10:50:00,PT5M,99.799,100.0,100.0,85.9484,73.4825
770,853,687,203,36,0.15,33.8,2.2,245,2026-08-26 10:55:00,PT5M,100.0,100.0,100.0,86.3384,74.0425
778,862,694,200,36,0.15,33.3,2.2,246,2026-08-26 11:00:00,PT5M,100.0,100.0,100.0,86.5179,74.3835
787,871,701,198,36,0.15,32.8,2.2,246,2026-08-26 11:05:00,PT5M,100.0,100.0,100.0,86.6779,74.6875
794,880,709,196,36,0.15,32.3,2.1,247,2026-08-26 11:10:00,PT5M,100.0,100.0,100.0,86.8286,74.974
802,888,716,193,36,0.15,31.9,2.1,247,2026-08-26 11:15:00,PT5M,100.0,100.0,100.0,86.9897,75.28
809,896,723,190,37,0.15,31.4,2.0,248,2026-08-26 11:20:00,PT5M,100.0,100.0,100.0,87.1486,75.582
815,903,730,187,37,0.15,30.9,2.0,248,2026-08-26 11:25:00,PT5M,100.0,100.0,100.0,87.2905,75.8515
821,909,737,184,37,0.15,30.5,2.0,248,2026-08-26 11:30:00,PT5M,100.0,100.0,100.0,87.4226,76.1025
825,913,737,185,37,0.15,30.3,1.9,248,2026-08-26 11:35:00,PT5M,100.0,100.0,100.0,87.4878,76.2265
825,913,731,189,37,0.15,30.4,1.9,247,2026-08-26 11:40:00,PT5M,100.0,100.0,100.0,87.4873,76.2255
825,912,724,193,37,0.15,30.4,1.8,245,2026-08-26 11:45:00,PT5M,100.0,100.0,100.0,87.4802,76.212
824,911,717,198,37,0.15,30.4,1.8,243,2026-08-26 11:50:00,PT5M,100.0,100.0,100.0,87.4649,76.183
823,909,710,202,37,0.15,30.5,1.8,242,2026-08-26 11:55:00,PT5M,100.0,100.0,100.0,87.4418,76.139
821,907,703,206,37,0.15,30.5,1.7,240,2026-08-26 12:00:00,PT5M,100.0,100.0,100.0,87.4089,76.0765
818,903,695,210,37,0.15,30.6,1.7,238,2026-08-26 12:05:00,PT5M,100.0,100.0,100.0,87.3652,75.9935
815,900,686,215,37,0.15,30.6,1.7,236,2026-08-26 12:10:00,PT5M,100.0,100.0,100.0,87.3118,75.892
812,895,677,220,37,0.15,30.7,1.6,234,2026-08-26 12:15:00,PT5M,99.893,100.0,100.0,87.144,75.6695
808,891,668,225,37,0.15,30.7,1.6,232,2026-08-26 12:20:00,PT5M,99.529,100.0,100.0,86.7113,75.175
803,885,659,230,37,0.15,30.8,1.6,230,2026-08-26 12:25:00,PT5M,99.123,100.0,100.0,86.2261,74.6185
798,879,649,235,37,0.15,30.8,1.6,228,2026-08-26 12:30:00,PT5M,98.695,100.0,100.0,85.7107,74.0245
793,874,641,239,37,0.15,30.9,1.5,226,2026-08-26 12:35:00,PT5M,98.302,100.0,100.0,85.2348,73.474
788,868,633,242,37,0.15,30.9,1.5,223,2026-08-26 12:40:00,PT5M,97.946,100.0,100.0,84.8007,72.9695
782,862,626,245,37,0.15,31.0,1.5,221,2026-08-26 12:45:00,PT5M,97.57,100.0,100.0,84.34,72.4325
776,855,618,248,37,0.15,31.0,1.5,219,2026-08-26 12:50:00,PT5M,97.172,100.0,100.0,83.8493,71.8585
770,848,611,251,37,0.15,31.0,1.5,216,2026-08-26 12:55:00,PT5M,96.752,100.0,100.0,83.3283,71.2465
763,840,603,254,37,0.15,31.1,1.5,214,2026-08-26 13:00:00,PT5M,96.305,100.0,100.0,82.7639,70.5765
756,833,596,256,37,0.15,31.1,1.5,211,2026-08-26 13:05:00,PT5M,95.848,100.0,100.0,82.1838,69.8855
749,825,589,257,37,0.15,31.2,1.5,209,2026-08-26 13:10:00,PT5M,95.389,100.0,100.0,81.6113,69.211
741,816,582,259,37,0.15,31.2,1.5,206,2026-08-26 13:15:00,PT5M,94.914,100.0,100.0,81.0271,68.5285
733,807,576,260,37,0.15,31.3,1.5,204,2026-08-26 13:20:00,PT5M,94.404,100.0,100.0,80.3837,67.765
725,798,569,261,37,0.15,31.3,1.5,202,2026-08-26 13:25:00,PT5M,93.866,100.0,100.0,79.7033,66.9565
716,788,562,262,37,0.15,31.4,1.5,199,2026-08-26 13:30:00,PT5M,93.301,100.0,100.0,78.9886,66.107
706,778,553,264,37,0.15,31.4,1.5,197,2026-08-26 13:35:00,PT5M,92.648,100.0,100.0,78.1688,65.137
696,766,544,265,37,0.15,31.5,1.5,195,2026-08-26 13:40:00,PT5M,91.906,100.0,100.0,77.2444,64.0485
685,755,535,267,37,0.15,31.5,1.5,192,2026-08-26 13:45:00,PT5M,91.137,100.0,100.0,76.2891,62.9255
674,742,525,268,37,0.15,31.6,1.6,190,2026-08-26 13:50:00,PT5M,90.341,100.0,100.0,75.3026,61.7675
663,730,516,269,37,0.15,31.6,1.6,188,2026-08-26 13:55:00,PT5M,89.555,100.0,100.0,74.3224,60.6125
651,718,507,269,37,0.15,31.7,1.6,186,2026-08-26 14:00:00,PT5M,88.702,100.0,100.0,73.2707,59.382
639,705,498,270,37,0.15,31.7,1.6,184,2026-08-26 14:05:00,PT5M,87.819,100.0,100.0,72.1843,58.1125
627,692,488,270,37,0.15,31.8,1.7,182,2026-08-26 14:10:00,PT5M,86.903,100.0,100.0,71.0601,56.801
615,678,479,270,37,0.15,31.8,1.7,180,2026-08-26 14:15:00,PT5M,85.955,100.0,100.0,69.8989,55.448
603,664,470,269,37,0.15,31.9,1.7,178,2026-08-26 14:20:00,PT5M,84.975,100.0,100.0,68.6997,54.0515
590,650,460,269,37,0.15,31.9,1.8,176,2026-08-26 14:25:00,PT5M,83.963,100.0,100.0,67.4648,52.616
577,636,451,268,37,0.15,32.0,1.8,174,2026-08-26 14:30:00,PT5M,82.913,100.0,99.638,66.188,51.135
562,620,436,268,37,0.15,32.1,1.8,175,2026-08-26 14:35:00,PT5M,81.528,100.0,98.5172,64.5388,49.248
546,602,419,270,37,0.15,32.2,1.9,178,2026-08-26 14:40:00,PT5M,79.852,100.0,97.0286,62.6754,47.216
530,583,401,271,37,0.15,32.4,1.9,181,2026-08-26 14:45:00,PT5M,78.132,100.0,95.4886,60.7754,45.154
513,565,384,271,37,0.15,32.5,2.0,184,2026-08-26 14:50:00,PT5M,76.367,100.0,93.8959,58.8381,43.0615
497,547,367,271,36,0.15,32.7,2.0,186,2026-08-26 14:55:00,PT5M,74.557,100.0,92.2501,56.8639,40.9395
481,529,350,271,36,0.15,32.9,2.1,188,2026-08-26 15:00:00,PT5M,72.687,100.0,90.5346,54.8394,38.776
465,511,334,270,36,0.15,33.0,2.2,191,2026-08-26 15:05:00,PT5M,70.793,100.0,88.7859,52.8001,36.606
449,493,317,268,36,0.15,33.2,2.2,193,2026-08-26 15:10:00,PT5M,68.854,100.0,86.9816,50.7264,34.411
433,475,303,266,36,0.15,33.4,2.3,195,2026-08-26 15:15:00,PT5M,66.972,100.0,85.2164,48.7276,32.307
417,458,288,263,36,0.15,33.5,2.4,196,2026-08-26 15:20:00,PT5M,65.049,99.8585,83.3695,46.7285,30.2395
402,440,274,260,36,0.15,33.7,2.4,198,2026-08-26 15:25:00,PT5M,63.078,98.0585,81.4885,44.6675,28.0975
386,423,259,256,36,0.15,33.9,2.5,200,2026-08-26 15:30:00,PT5M,61.059,96.186,79.5466,42.5714,25.932
370,405,244,252,36,0.15,34.0,2.6,201,2026-08-26 15:35:00,PT5M,58.842,94.103,77.4001,40.2839,23.581
354,387,227,248,36,0.15,34.2,2.7,203,2026-08-26 15:40:00,PT5M,56.436,91.8065,75.0517,37.8203,21.0655
338,369,211,244,35,0.15,34.4,2.8,204,2026-08-26 15:45:00,PT5M,54.027,89.466,72.6788,35.3752,18.588
322,351,195,239,35,0.15,34.5,2.8,205,2026-08-26 15:50:00,PT5M,51.519,86.9765,70.1805,32.8575,16.0615
306,333,179,233,35,0.15,34.7,2.9,207,2026-08-26 15:55:00,PT5M,48.96,84.348,67.585,30.335,13.572
291,316,163,227,35,0.15,34.9,3.0,208,2026-08-26 16:00:00,PT5M,46.352,81.569,64.887,27.817,11.135
275,299,148,221,35,0.15,35.1,3.1,209,2026-08-26 16:05:00,PT5M,43.697,78.6545,62.0954,25.2986,8.7395
260,282,133,214,35,0.15,35.3,3.2,210,2026-08-26 16:10:00,PT5M,41.001,75.6175,59.2199,22.7821,6.3845
245,265,118,207,35,0.15,35.4,3.3,211,2026-08-26 16:15:00,PT5M,38.277,72.4785,56.2775,20.2765,4.0755
231,249,104,200,35,0.15,35.6,3.4,212,2026-08-26 16:20:00,PT5M,35.753,69.4755,53.5014,18.0046,2.0305
217,232,89,192,35,0.15,35.8,3.5,212,2026-08-26 16:25:00,PT5M,33.0,66.184,50.465,15.535,0.0
203,217,75,184,35,0.15,36.0,3.6,213,2026-08-26 16:30:00,PT5M,30.243,62.8395,47.3988,13.0872,0.0
189,201,62,176,34,0.15,36.2,3.7,214,2026-08-26 16:35:00,PT5M,27.546,55.4475,42.2308,12.8612,0.0
176,187,50,167,34,0.15,36.3,3.7,215,2026-08-26 16:40:00,PT5M,24.921,50.7005,38.4889,11.3531,0.0
163,172,38,158,34,0.15,36.5,3.8,216,2026-08-26 16:45:00,PT5M,22.377,46.0895,34.8571,9.8969,0.0
151,158,25,149,34,0.15,36.7,3.9,216,2026-08-26 16:50:00,PT5M,20.092,41.7745,31.5037,8.6803,0.0
139,145,13,140,34,0.15,36.9,4.0,217,2026-08-26 16:55:00,PT5M,17.742,37.4275,28.1026,7.3814,0.0
127,131,1,131,34,0.15,37.1,4.1,217,2026-08-26 17:00:00,PT5M,15.481,33.2085,24.8111,6.1509,0.0
114,118,0,118,34,0.15,37.3,4.2,218,2026-08-26 17:05:00,PT5M,13.883,29.716,22.216,5.55,0.0
102,106,0,106,34,0.15,37.5,4.3,219,2026-08-26 17:10:00,PT5M,12.402,26.416,19.7777,5.0263,0.0
90,94,0,94,34,0.15,37.7,4.4,219,2026-08-26 17:15:00,PT5M,10.935,23.1085,17.342,4.528,0.0
79,82,0,82,34,0.15,37.8,4.5,220,2026-08-26 17:20:00,PT5M,9.511,19.8595,14.9575,4.0645,0.0
68,70,0,70,33,0.15,38.0,4.6,220,2026-08-26 17:25:00,PT5M,8.088,16.7565,12.6503,3.5257,0.0
57,59,0,59,33,0.15,38.2,4.7,221,2026-08-26 17:30:00,PT5M,6.727,13.8175,10.4588,2.9952,0.0
48,50,0,50,33,0.15,38.6,4.7,221,2026-08-26 17:35:00,PT5M,5.573,11.243,8.5572,2.5888,0.0
39,41,0,41,33,0.15,39.0,4.7,221,2026-08-26 17:40:00,PT5M,4.505,8.8705,6.8026,2.2074,0.1395
31,33,0,33,33,0.15,39.5,4.6,221,2026-08-26 17:45:00,PT5M,3.432,6.6665,5.1343,1.7297,0.1975
24,25,0,25,33,0.15,40.0,4.6,221,2026-08-26 17:50:00,PT5M,2.507,4.8295,3.7293,1.2847,0.1845
18,18,0,18,33,0.15,40.5,4.5,221,2026-08-26 17:55:00,PT5M,1.696,3.278,2.5286,0.8634,0.114
12,12,0,12,32,0.15,41.0,4.5,221,2026-08-26 18:00:00,PT5M,0.942,1.9995,1.4986,0.3854,0.0
7,7,0,7,32,0.15,41.5,4.4,221,2026-08-26 18:05:00,PT5M,0.254,0.728,0.5035,0.0045,0.0
3,3,0,3,32,0.15,42.0,4.4,221,2026-08-26 18:10:00,PT5M,0.0,0.0,0.0,0.0,0.0
0,0,0,0,32,0.15,42.5,4.3,221,2026-08-26 18:15:00,PT5M,0.0,0.0,0.0,0.0,0.0
0,0,0,0,32,0.15,43.1,4.2,221,2026-08-26 18:20:00,PT5M,0.0,0.0,0.0,0.0,0.0
0,0,0,0,32,0.15,43.6,4.2,221,2026-08-26 18:25:00,PT5M,0.0,0.0,0.0,0.0,0.0
0,0,0,0,32,0.15,44.1,4.1,221,2026-08-26 18:30:00,PT5M,0.0,0.0,0.0,0.0,0.0
0,0,0,0,31,0.15,44.7,4.1,221,2026-08-26 18:35:00,PT5M,0.0,0.0,0.0,0.0,0.0
0,0,0,0,31,0.15,45.2,4.0,221,2026-08-26 18:40:00,PT5M,0.0,0.0,0.0,0.0,0.0
0,0,0,0,31,0.15,45.8,4.0,221,2026-08-26 18:45:00,PT5M,0.0,0.0,0.0,0.0,0.0
0,0,0,0,31,0.15,46.4,3.9,221,2026-08-26 18:50:00,PT5M,0.0,0.0,0.0,0.0,0.0
0,0,0,0,31,0.15,47.0,3.9,221,2026-08-26 18:55:00,PT5M,0.0,0.0,0.0,0.0,0.0
0,0,0,0,31,0.15,47.5,3.8,221,2026-08-26 19:00:00,PT5M,0.0,0.0,0.0,0.0,0.0
0,0,0,0,30,0.15,48.1,3.8,221,2026-08-26 19:05:00,PT5M,0.0,0.0,0.0,0.0,0.0
0,0,0,0,30,0.15,48.7,3.7,221,2026-08-26 19:10:00,PT5M,0.0,0.0,0.0,0.0,0.0
0,0,0,0,30,0.15,49.3,3.7,221,2026-08-26 19:15:00,PT5M,0.0,0.0,0.0,0.0,0.0
0,0,0,0,30,0.15,50.0,3.6,221,2026-08-26 19:20:00,PT5M,0.0,0.0,0.0,0.0,0.0
0,0,0,0,30,0.15,50.6,3.6,221,2026-08-26 19:25:00,PT5M,0.0,0.0,0.0,0.0,0.0
0,0,0,0,30,0.15,51.2,3.5,221,2026-08-26 19:30:00,PT5M,0.0,0.0,0.0,0.0,0.0
0,0,0,0,30,0.15,51.9,3.4,222,2026-08-26 19:35:00,PT5M,0.0,0.0,0.0,0.0,0.0
0,0,0,0,29,0.15,52.5,3.4,222,2026-08-26 19:40:00,PT5M,0.0,0.0,0.0,0.0,0.0
0,0,0,0,29,0.15,53.2,3.3,222,2026-08-26 19:45:00,PT5M,0.0,0.0,0.0,0.0,0.0
0,0,0,0,29,0.15,53.8,3.3,222,2026-08-26 19:50:00,PT5M,0.0,0.0,0.0,0.0,0.0
0,0,0,0,29,0.15,54.5,3.2,222,2026-08-26 19:55:00,PT5M,0.0,0.0,0.0,0.0,0.0
0,0,0,0,29,0.15,55.2,3.2,222,2026-08-26 20:00:00,PT5M,0.0,0.0,0.0,0.0,0.0
0,0,0,0,29,0.15,55.9,3.1,222,2026-08-26 20:05:00,PT5M,0.0,0.0,0.0,0.0,0.0
0,0,0,0,28,0.15,56.6,3.1,222,2026-08-26 20:10:00,PT5M,0.0,0.0,0.0,0.0,0.0
0,0,0,0,28,0.15,57.3,3.0,222,2026-08-26 20:15:00,PT5M,0.0,0.0,0.0,0.0,0.0
0,0,0,0,28,0.15,58.0,3.0,222,2026-08-26 20:20:00,PT5M,0.0,0.0,0.0,0.0,0.0
0,0,0,0,28,0.15,58.8,2.9,222,2026-08-26 20:25:00,PT5M,0.0,0.0,0.0,0.0,0.0
0,0,0,0,28,0.15,59.5,2.9,222,2026-08-26 20:30:00,PT5M,0.0,0.0,0.0,0.0,0.0
0,0,0,0,28,0.15,60.0,2.8,222,2026-08-26 20:35:00,PT5M,0.0,0.0,0.0,0.0,0.0
0,0,0,0,28,0.15,60.2,2.8,222,2026-08-26 20:40:00,PT5M,0.0,0.0,0.0,0.0,0.0
0,0,0,0,28,0.15,60.5,2.8,222,2026-08-26 20:45:00,PT5M,0.0,0.0,0.0,0.0,0.0
0,0,0,0,28,0.15,60.7,2.8,222,2026-08-26 20:50:00,PT5M,0.0,0.0,0.0,0.0,0.0
0,0,0,0,28,0.15,60.9,2.8,222,2026-08-26 20:55:00,PT5M,0.0,0.0,0.0,0.0,0.0
0,0,0,0,27,0.15,61.1,2.9,222,2026-08-26 21:00:00,PT5M,0.0,0.0,0.0,0.0,0.0
0,0,0,0,27,0.15,61.4,2.9,222,2026-08-26 21:05:00,PT5M,0.0,0.0,0.0,0.0,0.0
0,0,0,0,27,0.15,61.6,2.9,222,2026-08-26 21:10:00,PT5M,0.0,0.0,0.0,0.0,0.0
0,0,0,0,27,0.15,61.8,2.9,222,2026-08-26 21:15:00,PT5M,0.0,0.0,0.0,0.0,0.0
0,0,0,0,27,0.15,62.1,2.9,222,2026-08-26 21:20:00,PT5M,0.0,0.0,0.0,0.0,0.0
0,0,0,0,27,0.15,62.3,2.9,222,2026-08-26 21:25:00,PT5M,0.0,0.0,0.0,0.0,0.0
0,0,0,0,27,0.15,62.6,2.9,222,2026-08-26 21:30:00,PT5M,0.0,0.0,0.0,0.0,0.0
0,0,0,0,27,0.15,62.8,2.9,222,2026-08-26 21:35:00,PT5M,0.0,0.0,0.0,0.0,0.0
0,0,0,0,27,0.15,63.0,2.9,222,2026-08-26 21:40:00,PT5M,0.0,0.0,0.0,0.0,0.0
0,0,0,0,27,0.15,63.3,2.9,222,2026-08-26 21:45:00,PT5M,0.0,0.0,0.0,0.0,0.0
0,0,0,0,27,0.15,63.5,2.9,222,2026-08-26 21:50:00,PT5M,0.0,0.0,0.0,0.0,0.0
0,0,0,0,27,0.15,63.8,2.9,222,2026-08-26 21:55:00,PT5M,0.0,0.0,0.0,0.0,0.0
0,0,0,0,27,0.15,64.0,2.9,222,2026-08-26 22:00:00,PT5M,0.0,0.0,0.0,0.0,0.0
0,0,0,0,27,0.15,64.2,2.9,222,2026-08-26 22:05:00,PT5M,0.0,0.0,0.0,0.0,0.0
0,0,0,0,27,0.15,64.5,2.9,222,2026-08-26 22:10:00,PT5M,0.0,0.0,0.0,0.0,0.0
0,0,0,0,27,0.15,64.7,2.9,222,2026-08-26 22:15:00,PT5M,0.0,0.0,0.0,0.0,0.0
0,0,0,0,27,0.15,65.0,2.9,222,2026-08-26 22:20:00,PT5M,0.0,0.0,0.0,0.0,0.0
0,0,0,0,27,0.15,65.2,2.9,222,2026-08-26 22:25:00,PT5M,0.0,0.0,0.0,0.0,0.0
0,0,0,0,27,0.15,65.5,2.9,222,2026-08-26 22:30:00,PT5M,0.0,0.0,0.0,0.0,0.0
0,0,0,0,27,0.15,65.7,2.9,222,2026-08-26 22:35:00,PT5M,0.0,0.0,0.0,0.0,0.0
0,0,0,0,27,0.15,66.0,2.9,222,2026-08-26 22:40:00,PT5M,0.0,0.0,0.0,0.0,0.0
0,0,0,0,26,0.15,66.2,2.9,222,2026-08-26 22:45:00,PT5M,0.0,0.0,0.0,0.0,0.0
0,0,0,0,26,0.15,66.5,2.9,222,2026-08-26 22:50:00,PT5M,0.0,0.0,0.0,0.0,0.0
0,0,0,0,26,0.15,66.7,2.9,222,2026-08-26 22:55:00,PT5M,0.0,0.0,0.0,0.0,0.0
0,0,0,0,26,0.15,67.0,2.9,222,2026-08-26 23:00:00,PT5M,0.0,0.0,0.0,0.0,0.0
0,0,0,0,26,0.15,67.3,3.0,222,2026-08-26 23:05:00,PT5M,0.0,0.0,0.0,0.0,0.0
0,0,0,0,26,0.15,67.5,3.0,222,2026-08-26 23:10:00,PT5M,0.0,0.0,0.0,0.0,0.0
0,0,0,0,26,0.15,67.8,3.0,222,2026-08-26 23:15:00,PT5M,0.0,0.0,0.0,0.0,0.0
0,0,0,0,26,0.15,68.0,3.0,222,2026-08-26 23:20:00,PT5M,0.0,0.0,0.0,0.0,0.0
0,0,0,0,26,0.15,68.3,3.0,222,2026-08-26 23:25:00,PT5M,0.0,0.0,0.0,0.0,0.0
0,0,0,0,26,0.15,68.6,3.0,222,2026-08-26 23:30:00,PT5M,0.0,0.0,0.0,0.0,0.0
0,0,0,0,26,0.15,68.8,3.0,222,2026-08-26 23:35:00,PT5M,0.0,0.0,0.0,0.0,0.0
0,0,0,0,26,0.15,68.9,3.0,222,2026-08-26 23:40:00,PT5M,0.0,0.0,0.0,0.0,0.0
0,0,0,0,26,0.15,69.0,3.0,222,2026-08-26 23:45:00,PT5M,0.0,0.0,0.0,0.0,0.0
0,0,0,0,26,0.15,69.2,3.0,223,2026-08-26 23:50:00,PT5M,0.0,0.0,0.0,0.0,0.0
0,0,0,0,26,0.15,69.3,3.0,223,2026-08-26 23:55:00,PT5M,0.0,0.0,0.0,0.0,0.0
0,0,0,0,26,0.15,69.4,3.1,223,2026-08-27 00:00:00,PT5M,0.0,0.0,0.0,0.0,0.0
0,0,0,0,26,0.15,69.6,3.1,223,2026-08-27 00:05:00,PT5M,0.0,0.0,0.0,0.0,0.0
0,0,0,0,26,0.15,69.7,3.1,223,2026-08-27 00:10:00,PT5M,0.0,0.0,0.0,0.0,0.0
0,0,0,0,26,0.15,69.9,3.1,223,2026-08-27 00:15:00,PT5M,0.0,0.0,0.0,0.0,0.0
0,0,0,0,26,0.15,70.0,3.1,223,2026-08-27 00:20:00,PT5M,0.0,0.0,0.0,0.0,0.0
0,0,0,0,26,0.15,70.1,3.1,223,2026-08-27 00:25:00,PT5M,0.0,0.0,0.0,0.0,0.0
0,0,0,0,26,0.15,70.3,3.2,223,2026-08-27 00:30:00,PT5M,0.0,0.0,0.0,0.0,0.0
0,0,0,0,26,0.15,70.4,3.2,223,2026-08-27 00:35:00,PT5M,0.0,0.0,0.0,0.0,0.0
0,0,0,0,26,0.15,70.6,3.2,223,2026-08-27 00:40:00,PT5M,0.0,0.0,0.0,0.0,0.0
0,0,0,0,26,0.15,70.7,3.2,223,2026-08-27 00:45:00,PT5M,0.0,0.0,0.0,0.0,0.0
0,0,0,0,26,0.15,70.8,3.2,224,2026-08-27 00:50:00,PT5M,0.0,0.0,0.0,0.0,0.0
0,0,0,0,26,0.15,71.0,3.2,224,2026-08-27 00:55:00,PT5M,0.0,0.0,0.0,0.0,0.0
0,0,0,0,26,0.15,71.1,3.2,224,2026-08-27 01:00:00,PT5M,0.0,0.0,0.0,0.0,0.0
0,0,0,0,26,0.15,71.3,3.3,224,2026-08-27 01:05:00,PT5M,0.0,0.0,0.0,0.0,0.0
0,0,0,0,26,0.15,71.4,3.3,224,2026-08-27 01:10:00,PT5M,0.0,0.0,0.0,0.0,0.0
0,0,0,0,25,0.15,71.6,3.3,224,2026-08-27 01:15:00,PT5M,0.0,0.0,0.0,0.0,0.0
0,0,0,0,25,0.15,71.7,3.3,224,2026-08-27 01:20:00,PT5M,0.0,0.0,0.0,0.0,0.0
0,0,0,0,25,0.15,71.8,3.3,224,2026-08-27 01:25:00,PT5M,0.0,0.0,0.0,0.0,0.0
0,0,0,0,25,0.15,72.0,3.3,224,2026-08-27 01:30:00,PT5M,0.0,0.0,0.0,0.0,0.0
0,0,0,0,25,0.15,72.1,3.4,224,2026-08-27 01:35:00,PT5M,0.0,0.0,0.0,0.0,0.0
0,0,0,0,25,0.15,72.3,3.4,224,2026-08-27 01:40:00,PT5M,0.0,0.0,0.0,0.0,0.0
0,0,0,0,25,0.15,72.4,3.4,224,2026-08-27 01:45:00,PT5M,0.0,0.0,0.0,0.0,0.0
0,0,0,0,25,0.15,72.6,3.4,224,2026-08-27 01:50:00,PT5M,0.0,0.0,0.0,0.0,0.0
0,0,0,0,25,0.15,72.7,3.4,225,2026-08-27 01:55:00,PT5M,0.0,0.0,0.0,0.0,0.0
0,0,0,0,25,0.15,72.8,3.4,225,2026-08-27 02:00:00,PT5M,0.0,0.0,0.0,0.0,0.0
0,0,0,0,25,0.15,73.0,3.4,225,2026-08-27 02:05:00,PT5M,0.0,0.0,0.0,0.0,0.0
0,0,0,0,25,0.15,73.1,3.5,225,2026-08-27 02:10:00,PT5M,0.0,0.0,0.0,0.0,0.0
0,0,0,0,25,0.15,73.3,3.5,225,2026-08-27 02:15:00,PT5M,0.0,0.0,0.0,0.0,0.0
0,0,0,0,25,0.15,73.4,3.5,225,2026-08-27 02:20:00,PT5M,0.0,0.0,0.0,0.0,0.0
0,0,0,0,25,0.15,73.6,3.5,225,2026-08-27 02:25:00,PT5M,0.0,0.0,0.0,0.0,0.0
0,0,0,0,25,0.15,73.7,3.5,225,2026-08-27 02:30:00,PT5M,0.0,0.0,0.0,0.0,0.0
0,0,0,0,25,0.15,73.8,3.5,225,2026-08-27 02:35:00,PT5M,0.0,0.0,0.0,0.0,0.0
0,0,0,0,25,0.15,73.7,3.5,225,2026-08-27 02:40:00,PT5M,0.0,0.0,0.0,0.0,0.0
0,0,0,0,25,0.15,73.7,3.5,225,2026-08-27 02:45:00,PT5M,0.0,0.0,0.0,0.0,0.0
0,0,0,0,25,0.15,73.6,3.5,226,2026-08-27 02:50:00,PT5M,0.0,0.0,0.0,0.0,0.0
0,0,0,0,25,0.15,73.6,3.5,226,2026-08-27 02:55:00,PT5M,0.0,0.0,0.0,0.0,0.0
0,0,0,0,25,0.15,73.5,3.5,226,2026-08-27 03:00:00,PT5M,0.0,0.0,0.0,0.0,0.0
0,0,0,0,25,0.15,73.5,3.5,226,2026-08-27 03:05:00,PT5M,0.0,0.0,0.0,0.0,0.0
0,0,0,0,25,0.15,73.4,3.5,226,2026-08-27 03:10:00,PT5M,0.0,0.0,0.0,0.0,0.0
0,0,0,0,25,0.15,73.4,3.5,227,2026-08-27 03:15:00,PT5M,0.0,0.0,0.0,0.0,0.0
0,0,0,0,25,0.15,73.3,3.5,227,2026-08-27 03:20:00,PT5M,0.0,0.0,0.0,0.0,0.0
0,0,0,0,25,0.15,73.3,3.5,227,2026-08-27 03:25:00,PT5M,0.0,0.0,0.0,0.0,0.0
0,0,0,0,25,0.15,73.2,3.4,227,2026-08-27 03:30:00,PT5M,0.0,0.0,0.0,0.0,0.0
0,0,0,0,25,0.15,73.2,3.4,227,2026-08-27 03:35:00,PT5M,0.0,0.0,0.0,0.0,0.0
0,0,0,0,25,0.15,73.1,3.4,228,2026-08-27 03:40:00,PT5M,0.0,0.0,0.0,0.0,0.0
0,0,0,0,25,0.15,73.1,3.4,228,2026-08-27 03:45:00,PT5M,0.0,0.0,0.0,0.0,0.0
0,0,0,0,25,0.15,73.0,3.4,228,2026-08-27 03:50:00,PT5M,0.0,0.0,0.0,0.0,0.0
0,0,0,0,25,0.15,73.0,3.4,228,2026-08-27 03:55:00,PT5M,0.0,0.0,0.0,0.0,0.0
0,0,0,0,25,0.15,72.9,3.4,228,2026-08-27 04:00:00,PT5M,0.0,0.0,0.0,0.0,0.0
0,0,0,0,25,0.15,72.9,3.4,229,2026-08-27 04:05:00,PT5M,0.0,0.0,0.0,0.0,0.0
0,0,0,0,25,0.15,72.8,3.4,229,2026-08-27 04:10:00,PT5M,0.0,0.0,0.0,0.0,0.0
0,0,0,0,25,0.15,72.7,3.4,229,2026-08-27 04:15:00,PT5M,0.0,0.0,0.0,0.0,0.0
0,0,0,0,25,0.15,72.7,3.4,229,2026-08-27 04:20:00,PT5M,0.0,0.0,0.0,0.0,0.0
0,0,0,0,25,0.15,72.6,3.4,230,2026-08-27 04:25:00,PT5M,0.0,0.0,0.0,0.0,0.0
0,0,0,0,25,0.15,72.6,3.4,230,2026-08-27 04:30:00,PT5M,0.0,0.0,0.0,0.0,0.0
0,0,0,0,25,0.15,72.5,3.4,230,2026-08-27 04:35:00,PT5M,0.0,0.0,0.0,0.0,0.0
0,0,0,0,25,0.15,72.5,3.3,230,2026-08-27 04:40:00,PT5M,0.0,0.0,0.0,0.0,0.0
0,0,0,0,25,0.15,72.4,3.3,230,2026-08-27 04:45:00,PT5M,0.0,0.0,0.0,0.0,0.0
0,0,0,0,25,0.15,72.4,3.3,231,2026-08-27 04:50:00,PT5M,0.0,0.0,0.0,0.0,0.0
0,0,0,0,25,0.15,72.3,3.3,231,2026-08-27 04:55:00,PT5M,0.0,0.0,0.0,0.0,0.0
0,0,0,0,25,0.15,72.3,3.3,231,2026-08-27 05:00:00,PT5M,0.0,0.0,0.0,0.0,0.0
0,0,0,0,25,0.15,72.2,3.3,231,2026-08-27 05:05:00,PT5M,0.0,0.0,0.0,0.0,0.0
0,0,0,0,25,0.15,72.2,3.3,231,2026-08-27 05:10:00,PT5M,0.0,0.0,0.0,0.0,0.0
0,0,0,0,25,0.15,72.1,3.3,232,2026-08-27 05:15:00,PT5M,0.0,0.0,0.0,0.0,0.0
0,0,0,0,25,0.15,72.1,3.3,232,2026-08-27 05:20:00,PT5M,0.0,0.0,0.0,0.0,0.0
0,0,0,0,25,0.15,72.0,3.3,232,2026-08-27 05:25:00,PT5M,0.0,0.0,0.0,0.0,0.0
0,0,0,0,25,0.15,72.0,3.3,232,2026-08-27 05:30:00,PT5M,0.0,0.0,0.0,0.0,0.0
0,0,0,0,25,0.15,71.7,3.3,232,2026-08-27 05:35:00,PT5M,0.0,0.0,0.0,0.0,0.0
0,0,0,0,25,0.15,71.0,3.3,233,2026-08-27 05:40:00,PT5M,0.0,0.0,0.0,0.0,0.0
0,0,0,0,25,0.15,70.4,3.3,233,2026-08-27 05:45:00,PT5M,0.0,0.0,0.0,0.0,0.0
0,0,0,0,25,0.15,69.9,3.3,233,2026-08-27 05:50:00,PT5M,0.0,0.0,0.0,0.0,0.0
0,0,0,0,25,0.15,69.3,3.3,233,2026-08-27 05:55:00,PT5M,0.0,0.0,0.0,0.0,0.0
0,0,0,0,26,0.15,68.7,3.3,233,2026-08-27 06:00:00,PT5M,0.0,0.0,0.0,0.0,0.0
1,1,0,1,26,0.15,68.1,3.3,233,2026-08-27 06:05:00,PT5M,0.0,0.0,0.0,0.0,0.0
7,7,0,7,26,0.15,67.5,3.3,233,2026-08-27 06:10:00,PT5M,0.294,0.6205,0.4658,0.1222,0.0
14,15,0,15,26,0.15,67.0,3.3,233,2026-08-27 06:15:00,PT5M,1.267,2.2645,1.792,0.742,0.2695
22,23,0,23,26,0.15,66.4,3.3,233,2026-08-27 06:20:00,PT5M,2.354,4.1575,3.3032,1.4048,0.5505
31,32,0,32,26,0.15,65.9,3.3,233,2026-08-27 06:25:00,PT5M,3.538,6.614,5.1569,1.9191,0.462
41,43,0,43,26,0.15,65.3,3.3,233,2026-08-27 06:30:00,PT5M,4.847,9.2575,7.1683,2.5257,0.4365
52,54,10,53,26,0.15,64.8,3.3,233,2026-08-27 06:35:00,PT5M,6.597,12.556,9.7333,3.4607,0.638
62,67,36,62,27,0.15,64.2,3.3,233,2026-08-27 06:40:00,PT5M,8.952,16.583,12.9682,4.9358,1.321
73,81,62,70,27,0.15,63.7,3.3,233,2026-08-27 06:45:00,PT5M,11.553,20.9025,16.4737,6.6323,2.2035
84,96,88,78,27,0.15,63.1,3.3,233,2026-08-27 06:50:00,PT5M,14.455,25.503,20.2696,8.6404,3.407
97,111,115,86,27,0.15,62.6,3.4,233,2026-08-27 06:55:00,PT5M,17.646,30.3805,24.3483,10.9437,4.9115
110,127,141,93,27,0.15,62.1,3.4,233,2026-08-27 07:00:00,PT5M,20.995,35.5,28.6291,13.3609,6.49
124,144,168,100,27,0.15,61.6,3.4,233,2026-08-27 07:05:00,PT5M,24.701,41.047,33.304,16.098,8.355
138,160,189,107,27,0.15,61.1,3.4,234,2026-08-27 07:10:00,PT5M,28.303,46.5995,37.9326,18.6734,10.0065
152,177,210,114,28,0.15,60.6,3.4,234,2026-08-27 07:15:00,PT5M,32.073,52.3565,42.7484,21.3976,11.7895
167,194,231,120,28,0.15,60.1,3.4,234,2026-08-27 07:20:00,PT5M,35.978,58.2665,47.7086,24.2474,13.6895
182,212,251,126,28,0.15,59.6,3.4,234,2026-08-27 07:25:00,PT5M,39.981,64.284,52.7718,27.1902,15.678
198,229,270,132,28,0.15,59.1,3.4,234,2026-08-27 07:30:00,PT5M,44.076,70.3915,57.926,30.226,17.7605
214,247,288,137,28,0.15,58.6,3.4,234,2026-08-27 07:35:00,PT5M,48.198,76.5345,63.1117,33.2843,19.8615
229,265,305,142,28,0.15,58.1,3.4,234,2026-08-27 07:40:00,PT5M,52.336,82.7205,68.3276,36.3444,21.9515
245,283,322,147,28,0.15,57.6,3.4,234,2026-08-27 07:45:00,PT5M,56.575,89.09,73.6879,39.4621,24.06
262,301,339,152,28,0.15,57.1,3.4,234,2026-08-27 07:50:00,PT5M,59.747,93.3295,77.4217,42.0723,26.1645
278,319,355,156,29,0.15,56.7,3.4,234,2026-08-27 07:55:00,PT5M,62.302,96.4035,80.2499,44.3541,28.2005
295,338,372,160,29,0.15,56.2,3.4,234,2026-08-27 08:00:00,PT5M,64.83,99.3965,83.0226,46.6374,30.2635
311,356,388,164,29,0.15,55.7,3.4,234,2026-08-27 08:05:00,PT5M,67.242,100.0,85.6428,48.8412,32.28
328,375,403,167,29,0.15,55.3,3.4,234,2026-08-27 08:10:00,PT5M,69.528,100.0,88.0974,50.9586,34.2455
345,393,418,170,29,0.15,54.8,3.4,234,2026-08-27 08:15:00,PT5M,71.702,100.0,90.4009,53.0031,36.1735
361,412,433,173,29,0.15,54.4,3.4,234,2026-08-27 08:20:00,PT5M,73.753,100.0,92.5385,54.9675,38.06
378,430,447,176,29,0.15,53.9,3.4,234,2026-08-27 08:25:00,PT5M,75.673,100.0,94.5001,56.8459,39.901
395,449,462,178,29,0.15,53.5,3.4,234,2026-08-27 08:30:00,PT5M,77.446,100.0,96.2886,58.6034,41.6445
411,466,472,181,30,0.15,52.9,3.4,235,2026-08-27 08:35:00,PT5M,78.807,100.0,97.6314,59.9826,43.04
426,482,477,185,30,0.15,52.1,3.4,235,2026-08-27 08:40:00,PT5M,79.782,100.0,98.5962,60.9678,44.0345
441,497,483,189,30,0.15,51.3,3.3,235,2026-08-27 08:45:00,PT5M,80.701,100.0,99.492,61.91,44.9975
455,513,488,193,30,0.15,50.6,3.2,235,2026-08-27 08:50:00,PT5M,81.567,100.0,100.0,62.807,45.9225
469,528,493,197,30,0.15,49.8,3.2,235,2026-08-27 08:55:00,PT5M,82.387,100.0,100.0,63.6647,46.814
483,543,498,201,31,0.15,49.1,3.1,236,2026-08-27 09:00:00,PT5M,83.169,100.0,100.0,64.4914,47.681
497,557,503,205,31,0.15,48.3,3.1,236,2026-08-27 09:05:00,PT5M,83.947,100.0,100.0,65.3134,48.5425
511,572,509,207,31,0.15,47.6,3.0,236,2026-08-27 09:10:00,PT5M,84.799,100.0,100.0,66.214,49.487
525,587,516,209,31,0.15,46.9,3.0,236,2026-08-27 09:15:00,PT5M,85.657,100.0,100.0,67.2397,50.6635
539,602,523,212,32,0.15,46.2,2.9,237,2026-08-27 09:20:00,PT5M,86.475,100.0,100.0,68.2632,51.872
552,616,530,213,32,0.15,45.6,2.9,237,2026-08-27 09:25:00,PT5M,87.291,100.0,100.0,69.281,53.0715
566,630,536,215,32,0.15,44.9,2.8,237,2026-08-27 09:30:00,PT5M,88.031,100.0,100.0,70.2189,54.1875
578,644,542,217,32,0.15,44.2,2.7,237,2026-08-27 09:35:00,PT5M,88.738,100.0,100.0,71.1286,55.2795
591,657,548,218,32,0.15,43.6,2.7,238,2026-08-27 09:40:00,PT5M,89.412,100.0,100.0,72.0107,56.349
603,670,554,220,33,0.15,42.9,2.6,238,2026-08-27 09:45:00,PT5M,90.055,100.0,100.0,72.8582,57.3805
615,683,560,221,33,0.15,42.3,2.6,238,2026-08-27 09:50:00,PT5M,90.64,100.0,100.0,73.6416,58.3425
627,695,564,223,33,0.15,41.7,2.5,239,2026-08-27 09:55:00,PT5M,91.166,100.0,100.0,74.3594,59.233
638,707,569,224,33,0.15,41.1,2.5,239,2026-08-27 10:00:00,PT5M,91.667,100.0,100.0,75.0478,60.09
648,718,572,226,33,0.15,40.5,2.4,239,2026-08-27 10:05:00,PT5M,92.122,100.0,100.0,75.6831,60.8875
659,729,575,228,34,0.15,39.9,2.4,240,2026-08-27 10:10:00,PT5M,92.533,100.0,100.0,76.2659,61.625
669,739,578,230,34,0.15,39.3,2.3,240,2026-08-27 10:15:00,PT5M,92.921,100.0,100.0,76.8207,62.33
678,749,581,232,34,0.15,38.8,2.3,241,2026-08-27 10:20:00,PT5M,93.286,100.0,100.0,77.3476,63.0025
687,759,584,233,34,0.15,38.2,2.2,241,2026-08-27 10:25:00,PT5M,93.629,100.0,100.0,77.8472,63.643
696,768,586,235,34,0.15,37.6,2.1,242,2026-08-27 10:30:00,PT5M,93.951,100.0,100.0,78.321,64.2535
704,777,589,236,35,0.15,37.1,2.1,242,2026-08-27 10:35:00,PT5M,94.255,100.0,100.0,78.7618,64.8175
712,785,591,238,35,0.15,36.6,2.0,243,2026-08-27 10:40:00,PT5M,94.538,100.0,100.0,79.1659,65.3305
720,793,594,239,35,0.15,36.0,2.0,243,2026-08-27 10:45:00,PT5M,94.799,100.0,100.0,79.5429,65.812
727,801,596,240,35,0.15,35.5,1.9,244,2026-08-27 10:50:00,PT5M,95.037,100.0,100.0,79.8915,66.26
734,808,598,241,35,0.15,35.0,1.9,244,2026-08-27 10:55:00,PT5M,95.252,100.0,100.0,80.2104,66.6725
741,815,600,242,36,0.15,34.5,1.8,245,2026-08-27 11:00:00,PT5M,95.443,100.0,100.0,80.4964,67.044
747,821,602,243,36,0.15,34.0,1.8,246,2026-08-27 11:05:00,PT5M,95.606,100.0,100.0,80.7362,67.353
752,827,604,244,36,0.15,33.5,1.7,246,2026-08-27 11:10:00,PT5M,95.749,100.0,100.0,80.949,67.6285
757,833,606,244,36,0.15,33.0,1.7,247,2026-08-27 11:15:00,PT5M,95.879,100.0,100.0,81.1582,67.909
762,838,607,245,36,0.15,32.6,1.6,248,2026-08-27 11:20:00,PT5M,95.992,100.0,100.0,81.348,68.168
767,842,609,245,37,0.15,32.1,1.6,249,2026-08-27 11:25:00,PT5M,96.081,100.0,100.0,81.4981,68.373
770,846,610,246,37,0.15,31.6,1.5,250,2026-08-27 11:30:00,PT5M,96.15,100.0,100.0,81.6194,68.5415
772,848,608,248,37,0.15,31.4,1.4,250,2026-08-27 11:35:00,PT5M,96.054,100.0,100.0,81.5358,68.469
773,848,602,251,37,0.15,31.5,1.3,249,2026-08-27 11:40:00,PT5M,95.797,100.0,100.0,81.2522,68.1615
772,847,597,255,37,0.15,31.6,1.2,248,2026-08-27 11:45:00,PT5M,95.521,100.0,100.0,80.9431,67.8225
771,846,591,259,37,0.15,31.7,1.1,247,2026-08-27 11:50:00,PT5M,95.226,100.0,100.0,80.6078,67.451
770,844,584,262,37,0.15,31.8,1.0,245,2026-08-27 11:55:00,PT5M,94.91,100.0,100.0,80.2442,67.0445
768,842,578,266,37,0.15,31.9,0.9,244,2026-08-27 12:00:00,PT5M,94.551,100.0,100.0,79.8278,66.5765
766,839,571,269,37,0.15,31.9,0.8,241,2026-08-27 12:05:00,PT5M,94.165,100.0,100.0,79.3766,66.0665
763,835,563,273,37,0.15,32.0,0.7,238,2026-08-27 12:10:00,PT5M,93.796,100.0,100.0,78.9347,65.559
760,831,556,277,37,0.15,32.1,0.6,234,2026-08-27 12:15:00,PT5M,93.473,100.0,100.0,78.5325,65.0855
756,827,549,280,37,0.15,32.2,0.5,228,2026-08-27 12:20:00,PT5M,93.13,100.0,100.0,78.1039,64.58
752,822,541,284,37,0.15,32.3,0.4,218,2026-08-27 12:25:00,PT5M,92.748,100.0,100.0,77.628,64.0195
747,816,533,287,37,0.15,32.4,0.3,204,2026-08-27 12:30:00,PT5M,92.334,100.0,100.0,77.1129,63.4135
741,809,523,291,37,0.15,32.4,0.3,182,2026-08-27 12:35:00,PT5M,91.855,100.0,100.0,76.5153,62.709
733,801,510,296,37,0.15,32.5,0.3,157,2026-08-27 12:40:00,PT5M,91.168,100.0,100.0,75.6925,61.764
725,792,498,301,37,0.15,32.6,0.3,136,2026-08-27 12:45:00,PT5M,90.457,100.0,100.0,74.8412,60.7865
717,782,486,305,37,0.15,32.7,0.4,122,2026-08-27 12:50:00,PT5M,89.721,100.0,100.0,73.9597,59.774
709,773,474,310,37,0.15,32.8,0.5,112,2026-08-27 12:55:00,PT5M,88.958,100.0,100.0,73.0456,58.724
700,763,462,313,37,0.15,32.9,0.6,106,2026-08-27 13:00:00,PT5M,88.159,100.0,100.0,72.0822,57.6125
691,752,450,317,37,0.15,33.0,0.7,102,2026-08-27 13:05:00,PT5M,87.333,100.0,100.0,71.0883,56.4675
682,742,438,320,37,0.15,33.0,0.8,99,2026-08-27 13:10:00,PT5M,86.494,100.0,100.0,70.0903,55.3265
672,731,427,323,36,0.15,33.1,0.9,97,2026-08-27 13:15:00,PT5M,85.635,100.0,100.0,69.0753,54.171
662,720,415,325,36,0.15,33.2,1.0,95,2026-08-27 13:20:00,PT5M,84.728,100.0,100.0,67.9949,52.9345
652,708,404,327,36,0.15,33.3,1.1,93,2026-08-27 13:25:00,PT5M,83.785,100.0,100.0,66.8726,51.651
641,697,392,329,36,0.15,33.4,1.2,92,2026-08-27 13:30:00,PT5M,82.807,100.0,99.9028,65.7112,50.3245
631,686,383,330,36,0.15,33.5,1.3,91,2026-08-27 13:35:00,PT5M,81.915,100.0,99.1863,64.6437,49.099
622,675,375,330,36,0.15,33.6,1.4,90,2026-08-27 13:40:00,PT5M,81.11,100.0,98.5487,63.6713,47.976
612,665,368,329,36,0.15,33.7,1.5,89,2026-08-27 13:45:00,PT5M,80.276,100.0,97.8844,62.6676,46.8195
602,654,360,329,36,0.15,33.7,1.7,89,2026-08-27 13:50:00,PT5M,79.413,100.0,97.1932,61.6328,45.63
592,643,352,328,36,0.15,33.8,1.8,88,2026-08-27 13:55:00,PT5M,78.523,100.0,96.4772,60.5688,44.4095
582,631,345,326,36,0.15,33.9,1.9,88,2026-08-27 14:00:00,PT5M,77.544,100.0,95.675,59.413,43.0945
571,620,337,325,36,0.15,34.0,2.0,87,2026-08-27 14:05:00,PT5M,76.603,100.0,94.9124,58.2936,41.8145
560,608,330,323,36,0.15,34.1,2.1,87,2026-08-27 14:10:00,PT5M,75.64,100.0,94.1302,57.1498,40.508
549,596,323,321,36,0.15,34.2,2.2,87,2026-08-27 14:15:00,PT5M,74.643,100.0,93.3172,55.9688,39.1615
538,584,316,318,36,0.15,34.3,2.3,86,2026-08-27 14:20:00,PT5M,73.614,100.0,92.4755,54.7525,37.7765
527,572,309,316,36,0.15,34.4,2.4,86,2026-08-27 14:25:00,PT5M,72.555,100.0,91.6055,53.5045,36.3585
515,559,301,313,36,0.15,34.5,2.6,86,2026-08-27 14:30:00,PT5M,71.457,100.0,90.6988,52.2152,34.897
502,544,290,311,36,0.15,34.7,2.6,85,2026-08-27 14:35:00,PT5M,69.983,100.0,89.4608,50.5052,32.9745
486,527,275,309,36,0.15,35.2,2.5,83,2026-08-27 14:40:00,PT5M,68.172,100.0,87.9246,48.4194,30.6415
471,510,260,308,36,0.15,35.6,2.4,81,2026-08-27 14:45:00,PT5M,66.323,100.0,86.3469,46.2991,28.277
456,493,245,305,36,0.15,36.1,2.3,80,2026-08-27 14:50:00,PT5M,64.44,100.0,84.6636,44.2164,26.0145
441,476,231,303,35,0.15,36.6,2.2,77,2026-08-27 14:55:00,PT5M,62.521,100.0,82.8833,42.1587,23.832
425,459,217,299,35,0.15,37.0,2.1,75,2026-08-27 15:00:00,PT5M,60.568,99.4995,81.0579,40.0781,21.6365
410,442,203,296,35,0.15,37.5,2.0,73,2026-08-27 15:05:00,PT5M,58.607,97.7575,79.2122,38.0018,19.4565
395,426,190,291,35,0.15,38.0,1.9,70,2026-08-27 15:10:00,PT5M,56.586,95.9315,77.2938,35.8782,17.2405
381,409,178,287,35,0.15,38.5,1.9,67,2026-08-27 15:15:00,PT5M,54.622,94.129,75.4148,33.8292,15.115
366,393,166,282,35,0.15,39.0,1.8,64,2026-08-27 15:20:00,PT5M,52.626,92.275,73.4936,31.7584,12.977
352,378,154,276,34,0.15,39.5,1.7,61,2026-08-27 15:25:00,PT5M,50.599,90.3825,71.5373,29.6607,10.8155
338,362,142,270,34,0.15,40.0,1.7,58,2026-08-27 15:30:00,PT5M,48.538,88.4265,69.5316,27.5444,8.6495
324,347,131,264,34,0.15,40.6,1.6,54,2026-08-27 15:35:00,PT5M,46.496,86.4375,67.5175,25.4745,6.5545
310,332,121,258,34,0.15,41.1,1.6,50,2026-08-27 15:40:00,PT5M,44.481,84.4175,65.4999,23.4621,4.5445
297,317,111,251,34,0.15,41.6,1.6,46,2026-08-27 15:45:00,PT5M,42.431,82.322,63.4259,21.4361,2.54
283,302,101,244,34,0.15,42.2,1.5,41,2026-08-27 15:50:00,PT5M,40.572,80.3065,61.4846,19.6594,0.8375
270,287,91,236,34,0.15,42.7,1.5,37,2026-08-27 15:55:00,PT5M,38.48,78.023,59.2918,17.6682,0.0
257,273,81,229,33,0.15,43.3,1.5,32,2026-08-27 16:00:00,PT5M,36.367,75.621,57.0267,15.7073,0.0
244,259,72,221,33,0.15,43.9,1.5,28,2026-08-27 16:05:00,PT5M,34.231,73.113,54.6949,13.7671,0.0
231,244,62,213,33,0.15,44.4,1.5,23,2026-08-27 16:10:00,PT5M,32.077,70.5095,52.3043,11.8497,0.0
218,231,53,205,33,0.15,45.0,1.5,19,2026-08-27 16:15:00,PT5M,29.905,67.8135,49.8565,9.9535,0.0
206,217,44,196,33,0.15,45.6,1.6,14,2026-08-27 16:20:00,PT5M,27.718,65.0325,47.3569,8.0791,0.0
194,203,35,188,33,0.15,46.2,1.6,10,2026-08-27 16:25:00,PT5M,25.522,62.1885,44.8198,6.2242,0.0
182,190,26,179,32,0.15,46.8,1.6,6,2026-08-27 16:30:00,PT5M,23.624,59.4885,42.4997,4.7483,0.0
170,177,17,170,32,0.15,47.4,1.7,3,2026-08-27 16:35:00,PT5M,21.669,52.777,38.0414,5.2966,0.0
158,164,8,161,32,0.15,48.1,1.8,359,2026-08-27 16:40:00,PT5M,19.683,48.65,34.9285,4.4375,0.0
147,152,0,152,32,0.15,48.7,1.8,356,2026-08-27 16:45:00,PT5M,17.767,44.58,31.8789,3.6551,0.0
135,140,0,140,32,0.15,49.3,1.9,353,2026-08-27 16:50:00,PT5M,16.428,41.1665,29.448,3.408,0.0
123,128,0,128,32,0.15,50.0,2.0,350,2026-08-27 16:55:00,PT5M,15.086,37.7645,27.0219,3.1501,0.0
112,116,0,116,31,0.15,50.7,2.0,348,2026-08-27 17:00:00,PT5M,13.722,34.3525,24.58,2.864,0.0
101,105,0,105,31,0.15,51.3,2.1,345,2026-08-27 17:05:00,PT5M,12.374,30.9835,22.1683,2.5797,0.0
91,94,0,94,31,0.15,52.0,2.2,343,2026-08-27 17:10:00,PT5M,11.055,27.6855,19.8078,2.3022,0.0
80,83,0,83,31,0.15,52.7,2.3,341,2026-08-27 17:15:00,PT5M,9.742,24.332,17.4208,2.0632,0.0
70,72,0,72,31,0.15,53.4,2.4,339,2026-08-27 17:20:00,PT5M,8.471,21.057,15.0951,1.8469,0.0
60,62,0,62,31,0.15,54.1,2.5,338,2026-08-27 17:25:00,PT5M,7.184,17.875,12.8107,1.5573,0.0
51,53,0,53,31,0.15,54.8,2.6,336,2026-08-27 17:30:00,PT5M,5.971,14.8115,10.6238,1.3182,0.0
43,44,0,44,30,0.15,55.2,2.6,335,2026-08-27 17:35:00,PT5M,4.925,12.048,8.6739,1.1761,0.0
35,36,0,36,30,0.15,55.3,2.5,334,2026-08-27 17:40:00,PT5M,3.939,9.4605,6.845,1.033,0.0
28,29,0,29,30,0.15,55.4,2.4,333,2026-08-27 17:45:00,PT5M,2.958,7.0585,5.1161,0.7999,0.0
21,22,0,22,30,0.15,55.5,2.3,332,2026-08-27 17:50:00,PT5M,2.125,5.0455,3.6621,0.5879,0.0
15,16,0,16,30,0.15,55.6,2.2,330,2026-08-27 17:55:00,PT5M,1.388,3.2735,2.3804,0.3956,0.0
10,11,0,11,30,0.15,55.7,2.1,329,2026-08-27 18:00:00,PT5M,0.706,1.783,1.2728,0.1392,0.0
6,6,0,6,30,0.15,55.8,2.0,327,2026-08-27 18:05:00,PT5M,0.091,0.553,0.3342,0.0,0.0
2,2,0,2,30,0.15,55.9,1.9,326,2026-08-27 18:10:00,PT5M,0.0,0.0,0.0,0.0,0.0
0,0,0,0,30,0.15,56.0,1.8,324,2026-08-27 18:15:00,PT5M,0.0,0.0,0.0,0.0,0.0
0,0,0,0,30,0.15,56.1,1.7,322,2026-08-27 18:20:00,PT5M,0.0,0.0,0.0,0.0,0.0
0,0,0,0,30,0.15,56.3,1.7,320,2026-08-27 18:25:00,PT5M,0.0,0.0,0.0,0.0,0.0
0,0,0,0,30,0.15,56.4,1.6,317,2026-08-27 18:30:00,PT5M,0.0,0.0,0.0,0.0,0.0
0,0,0,0,30,0.15,56.5,1.5,314,2026-08-27 18:35:00,PT5M,0.0,0.0,0.0,0.0,0.0
0,0,0,0,30,0.15,56.6,1.4,311,2026-08-27 18:40:00,PT5M,0.0,0.0,0.0,0.0,0.0
0,0,0,0,30,0.15,56.7,1.3,308,2026-08-27 18:45:00,PT5M,0.0,0.0,0.0,0.0,0.0
0,0,0,0,30,0.15,56.8,1.3,304,2026-08-27 18:50:00,PT5M,0.0,0.0,0.0,0.0,0.0
0,0,0,0,30,0.15,56.9,1.2,300,2026-08-27 18:55:00,PT5M,0.0,0.0,0.0,0.0,0.0
0,0,0,0,30,0.15,57.0,1.2,296,2026-08-27 19:00:00,PT5M,0.0,0.0,0.0,0.0,0.0
0,0,0,0,30,0.15,57.1,1.1,291,2026-08-27 19:05:00,PT5M,0.0,0.0,0.0,0.0,0.0
0,0,0,0,29,0.15,57.2,1.1,285,2026-08-27 19:10:00,PT5M,0.0,0.0,0.0,0.0,0.0
0,0,0,0,29,0.15,57.3,1.1,280,2026-08-27 19:15:00,PT5M,0.0,0.0,0.0,0.0,0.0
0,0,0,0,29,0.15,57.4,1.0,274,2026-08-27 19:20:00,PT5M,0.0,0.0,0.0,0.0,0.0
0,0,0,0,29,0.15,57.5,1.0,268,2026-08-27 19:25:00,PT5M,0.0,0.0,0.0,0.0,0.0
0,0,0,0,29,0.15,57.6,1.0,262,2026-08-27 19:30:00,PT5M,0.0,0.0,0.0,0.0,0.0
0,0,0,0,29,0.15,57.7,1.1,256,2026-08-27 19:35:00,PT5M,0.0,0.0,0.0,0.0,0.0
0,0,0,0,29,0.15,57.8,1.1,251,2026-08-27 19:40:00,PT5M,0.0,0.0,0.0,0.0,0.0
0,0,0,0,29,0.15,57.9,1.1,245,2026-08-27 19:45:00,PT5M,0.0,0.0,0.0,0.0,0.0
0,0,0,0,29,0.15,58.1,1.2,240,2026-08-27 19:50:00,PT5M,0.0,0.0,0.0,0.0,0.0
0,0,0,0,29,0.15,58.2,1.2,236,2026-08-27 19:55:00,PT5M,0.0,0.0,0.0,0.0,0.0
0,0,0,0,29,0.15,58.3,1.3,232,2026-08-27 20:00:00,PT5M,0.0,0.0,0.0,0.0,0.0
0,0,0,0,29,0.15,58.4,1.4,228,2026-08-27 20:05:00,PT5M,0.0,0.0,0.0,0.0,0.0
0,0,0,0,29,0.15,58.5,1.4,225,2026-08-27 20:10:00,PT5M,0.0,0.0,0.0,0.0,0.0
0,0,0,0,29,0.15,58.6,1.5,222,2026-08-27 20:15:00,PT5M,0.0,0.0,0.0,0.0,0.0
0,0,0,0,29,0.15,58.7,1.6,219,2026-08-27 20:20:00,PT5M,0.0,0.0,0.0,0.0,0.0
0,0,0,0,29,0.15,58.8,1.7,217,2026-08-27 20:25:00,PT5M,0.0,0.0,0.0,0.0,0.0
0,0,0,0,29,0.15,58.9,1.8,215,2026-08-27 20:30:00,PT5M,0.0,0.0,0.0,0.0,0.0
0,0,0,0,29,0.15,59.1,1.8,214,2026-08-27 20:35:00,PT5M,0.0,0.0,0.0,0.0,0.0
0,0,0,0,29,0.15,59.4,1.8,214,2026-08-27 20:40:00,PT5M,0.0,0.0,0.0,0.0,0.0
0,0,0,0,28,0.15,59.6,1.8,214,2026-08-27 20:45:00,PT5M,0.0,0.0,0.0,0.0,0.0
0,0,0,0,28,0.15,59.9,1.8,214,2026-08-27 20:50:00,PT5M,0.0,0.0,0.0,0.0,0.0
0,0,0,0,28,0.15,60.1,1.9,214,2026-08-27 20:55:00,PT5M,0.0,0.0,0.0,0.0,0.0
0,0,0,0,28,0.15,60.4,1.9,214,2026-08-27 21:00:00,PT5M,0.0,0.0,0.0,0.0,0.0
0,0,0,0,28,0.15,60.6,1.9,215,2026-08-27 21:05:00,PT5M,0.0,0.0,0.0,0.0,0.0
0,0,0,0,28,0.15,60.9,1.9,215,2026-08-27 21:10:00,PT5M,0.0,0.0,0.0,0.0,0.0
0,0,0,0,28,0.15,61.1,1.9,215,2026-08-27 21:15:00,PT5M,0.0,0.0,0.0,0.0,0.0
0,0,0,0,28,0.15,61.4,1.9,215,2026-08-27 21:20:00,PT5M,0.0,0.0,0.0,0.0,0.0
0,0,0,0,28,0.15,61.7,1.9,215,2026-08-27 21:25:00,PT5M,0.0,0.0,0.0,0.0,0.0
0,0,0,0,28,0.15,61.9,2.0,215,2026-08-27 21:30:00,PT5M,0.0,0.0,0.0,0.0,0.0
0,0,0,0,28,0.15,62.2,2.0,215,2026-08-27 21:35:00,PT5M,0.0,0.0,0.0,0.0,0.0
0,0,0,0,28,0.15,62.4,2.0,215,2026-08-27 21:40:00,PT5M,0.0,0.0,0.0,0.0,0.0
0,0,0,0,28,0.15,62.7,2.0,216,2026-08-27 21:45:00,PT5M,0.0,0.0,0.0,0.0,0.0
0,0,0,0,28,0.15,63.0,2.0,216,2026-08-27 21:50:00,PT5M,0.0,0.0,0.0,0.0,0.0
0,0,0,0,28,0.15,63.2,2.0,216,2026-08-27 21:55:00,PT5M,0.0,0.0,0.0,0.0,0.0
0,0,0,0,27,0.15,63.5,2.0,216,2026-08-27 22:00:00,PT5M,0.0,0.0,0.0,0.0,0.0
0,0,0,0,27,0.15,63.8,2.0,216,2026-08-27 22:05:00,PT5M,0.0,0.0,0.0,0.0,0.0
0,0,0,0,27,0.15,64.1,2.1,216,2026-08-27 22:10:00,PT5M,0.0,0.0,0.0,0.0,0.0
0,0,0,0,27,0.15,64.3,2.1,216,2026-08-27 22:15:00,PT5M,0.0,0.0,0.0,0.0,0.0
0,0,0,0,27,0.15,64.6,2.1,216,2026-08-27 22:20:00,PT5M,0.0,0.0,0.0,0.0,0.0
0,0,0,0,27,0.15,64.9,2.1,217,2026-08-27 22:25:00,PT5M,0.0,0.0,0.0,0.0,0.0
0,0,0,0,27,0.15,65.2,2.1,217,2026-08-27 22:30:00,PT5M,0.0,0.0,0.0,0.0,0.0
0,0,0,0,27,0.15,65.4,2.1,217,2026-08-27 22:35:00,PT5M,0.0,0.0,0.0,0.0,0.0
0,0,0,0,27,0.15,65.7,2.1,217,2026-08-27 22:40:00,PT5M,0.0,0.0,0.0,0.0,0.0
0,0,0,0,27,0.15,66.0,2.2,217,2026-08-27 22:45:00,PT5M,0.0,0.0,0.0,0.0,0.0
0,0,0,0,27,0.15,66.3,2.2,217,2026-08-27 22:50:00,PT5M,0.0,0.0,0.0,0.0,0.0
0,0,0,0,27,0.15,66.6,2.2,217,2026-08-27 22:55:00,PT5M,0.0,0.0,0.0,0.0,0.0
0,0,0,0,27,0.15,66.8,2.2,217,2026-08-27 23:00:00,PT5M,0.0,0.0,0.0,0.0,0.0
0,0,0,0,27,0.15,67.1,2.2,217,2026-08-27 23:05:00,PT5M,0.0,0.0,0.0,0.0,0.0
0,0,0,0,27,0.15,67.4,2.2,217,2026-08-27 23:10:00,PT5M,0.0,0.0,0.0,0.0,0.0
0,0,0,0,26,0.15,67.7,2.2,218,2026-08-27 23:15:00,PT5M,0.0,0.0,0.0,0.0,0.0
0,0,0,0,26,0.15,68.0,2.2,218,2026-08-27 23:20:00,PT5M,0.0,0.0,0.0,0.0,0.0
0,0,0,0,26,0.15,68.3,2.3,218,2026-08-27 23:25:00,PT5M,0.0,0.0,0.0,0.0,0.0
0,0,0,0,26,0.15,68.6,2.3,218,2026-08-27 23:30:00,PT5M,0.0,0.0,0.0,0.0,0.0
0,0,0,0,26,0.15,68.8,2.3,218,2026-08-27 23:35:00,PT5M,0.0,0.0,0.0,0.0,0.0
0,0,0,0,26,0.15,68.9,2.3,218,2026-08-27 23:40:00,PT5M,0.0,0.0,0.0,0.0,0.0
0,0,0,0,26,0.15,69.1,2.3,218,2026-08-27 23:45:00,PT5M,0.0,0.0,0.0,0.0,0.0
0,0,0,0,26,0.15,69.2,2.3,218,2026-08-27 23:50:00,PT5M,0.0,0.0,0.0,0.0,0.0
0,0,0,0,26,0.15,69.4,2.3,218,2026-08-27 23:55:00,PT5M,0.0,0.0,0.0,0.0,0.0
0,0,0,0,26,0.15,69.5,2.3,218,2026-08-28 00:00:00,PT5M,0.0,0.0,0.0,0.0,0.0
0,0,0,0,26,0.15,69.7,2.3,218,2026-08-28 00:05:00,PT5M,0.0,0.0,0.0,0.0,0.0
0,0,0,0,26,0.15,69.8,2.3,218,2026-08-28 00:10:00,PT5M,0.0,0.0,0.0,0.0,0.0
0,0,0,0,26,0.15,70.0,2.3,218,2026-08-28 00:15:00,PT5M,0.0,0.0,0.0,0.0,0.0
0,0,0,0,26,0.15,70.1,2.3,218,2026-08-28 00:20:00,PT5M,0.0,0.0,0.0,0.0,0.0
0,0,0,0,26,0.15,70.3,2.3,218,2026-08-28 00:25:00,PT5M,0.0,0.0,0.0,0.0,0.0
0,0,0,0,26,0.15,70.4,2.3,218,2026-08-28 00:30:00,PT5M,0.0,0.0,0.0,0.0,0.0
0,0,0,0,26,0.15,70.6,2.3,218,2026-08-28 00:35:00,PT5M,0.0,0.0,0.0,0.0,0.0
0,0,0,0,26,0.15,70.7,2.3,218,2026-08-28 00:40:00,PT5M,0.0,0.0,0.0,0.0,0.0
0,0,0,0,26,0.15,70.9,2.2,219,2026-08-28 00:45:00,PT5M,0.0,0.0,0.0,0.0,0.0
0,0,0,0,26,0.15,71.0,2.2,219,2026-08-28 00:50:00,PT5M,0.0,0.0,0.0,0.0,0.0
0,0,0,0,26,0.15,71.2,2.2,219,2026-08-28 00:55:00,PT5M,0.0,0.0,0.0,0.0,0.0
0,0,0,0,26,0.15,71.3,2.2,219,2026-08-28 01:00:00,PT5M,0.0,0.0,0.0,0.0,0.0
0,0,0,0,26,0.15,71.5,2.2,219,2026-08-28 01:05:00,PT5M,0.0,0.0,0.0,0.0,0.0
0,0,0,0,26,0.15,71.7,2.2,219,2026-08-28 01:10:00,PT5M,0.0,0.0,0.0,0.0,0.0
0,0,0,0,26,0.15,71.8,2.2,219,2026-08-28 01:15:00,PT5M,0.0,0.0,0.0,0.0,0.0
0,0,0,0,25,0.15,72.0,2.2,219,2026-08-28 01:20:00,PT5M,0.0,0.0,0.0,0.0,0.0
0,0,0,0,25,0.15,72.1,2.2,219,2026-08-28 01:25:00,PT5M,0.0,0.0,0.0,0.0,0.0
0,0,0,0,25,0.15,72.3,2.2,219,2026-08-28 01:30:00,PT5M,0.0,0.0,0.0,0.0,0.0
0,0,0,0,25,0.15,72.4,2.2,219,2026-08-28 01:35:00,PT5M,0.0,0.0,0.0,0.0,0.0
0,0,0,0,25,0.15,72.6,2.2,219,2026-08-28 01:40:00,PT5M,0.0,0.0,0.0,0.0,0.0
0,0,0,0,25,0.15,72.7,2.2,219,2026-08-28 01:45:00,PT5M,0.0,0.0,0.0,0.0,0.0
0,0,0,0,25,0.15,72.9,2.2,219,2026-08-28 01:50:00,PT5M,0.0,0.0,0.0,0.0,0.0
0,0,0,0,25,0.15,73.1,2.2,219,2026-08-28 01:55:00,PT5M,0.0,0.0,0.0,0.0,0.0
0,0,0,0,25,0.15,73.2,2.2,219,2026-08-28 02:00:00,PT5M,0.0,0.0,0.0,0.0,0.0
0,0,0,0,25,0.15,73.4,2.2,219,2026-08-28 02:05:00,PT5M,0.0,0.0,0.0,0.0,0.0
0,0,0,0,25,0.15,73.5,2.2,219,2026-08-28 02:10:00,PT5M,0.0,0.0,0.0,0.0,0.0
0,0,0,0,25,0.15,73.7,2.2,219,2026-08-28 02:15:00,PT5M,0.0,0.0,0.0,0.0,0.0
0,0,0,0,25,0.15,73.8,2.2,219,2026-08-28 02:20:00,PT5M,0.0,0.0,0.0,0.0,0.0
0,0,0,0,25,0.15,74.0,2.2,219,2026-08-28 02:25:00,PT5M,0.0,0.0,0.0,0.0,0.0
0,0,0,0,25,0.15,74.2,2.2,219,2026-08-28 02:30:00,PT5M,0.0,0.0,0.0,0.0,0.0
0,0,0,0,25,0.15,74.3,2.2,220,2026-08-28 02:35:00,PT5M,0.0,0.0,0.0,0.0,0.0
0,0,0,0,25,0.15,74.4,2.2,220,2026-08-28 02:40:00,PT5M,0.0,0.0,0.0,0.0,0.0
0,0,0,0,25,0.15,74.4,2.2,220,2026-08-28 02:45:00,PT5M,0.0,0.0,0.0,0.0,0.0
0,0,0,0,25,0.15,74.5,2.2,220,2026-08-28 02:50:00,PT5M,0.0,0.0,0.0,0.0,0.0
0,0,0,0,25,0.15,74.6,2.2,221,2026-08-28 02:55:00,PT5M,0.0,0.0,0.0,0.0,0.0
0,0,0,0,25,0.15,74.6,2.2,221,2026-08-28 03:00:00,PT5M,0.0,0.0,0.0,0.0,0.0
0,0,0,0,25,0.15,74.7,2.2,221,2026-08-28 03:05:00,PT5M,0.0,0.0,0.0,0.0,0.0
0,0,0,0,25,0.15,74.8,2.2,221,2026-08-28 03:10:00,PT5M,0.0,0.0,0.0,0.0,0.0
0,0,0,0,25,0.15,74.9,2.2,222,2026-08-28 03:15:00,PT5M,0.0,0.0,0.0,0.0,0.0
0,0,0,0,25,0.15,74.9,2.2,222,2026-08-28 03:20:00,PT5M,0.0,0.0,0.0,0.0,0.0
0,0,0,0,25,0.15,75.0,2.2,222,2026-08-28 03:25:00,PT5M,0.0,0.0,0.0,0.0,0.0
0,0,0,0,25,0.15,75.1,2.2,222,2026-08-28 03:30:00,PT5M,0.0,0.0,0.0,0.0,0.0
0,0,0,0,25,0.15,75.2,2.2,223,2026-08-28 03:35:00,PT5M,0.0,0.0,0.0,0.0,0.0
0,0,0,0,25,0.15,75.2,2.2,223,2026-08-28 03:40:00,PT5M,0.0,0.0,0.0,0.0,0.0
0,0,0,0,25,0.15,75.3,2.2,223,2026-08-28 03:45:00,PT5M,0.0,0.0,0.0,0.0,0.0
0,0,0,0,25,0.15,75.4,2.2,223,2026-08-28 03:50:00,PT5M,0.0,0.0,0.0,0.0,0.0
0,0,0,0,25,0.15,75.5,2.2,224,2026-08-28 03:55:00,PT5M,0.0,0.0,0.0,0.0,0.0
0,0,0,0,25,0.15,75.5,2.2,224,2026-08-28 04:00:00,PT5M,0.0,0.0,0.0,0.0,0.0
0,0,0,0,25,0.15,75.6,2.2,224,2026-08-28 04:05:00,PT5M,0.0,0.0,0.0,0.0,0.0
0,0,0,0,25,0.15,75.7,2.2,224,2026-08-28 04:10:00,PT5M,0.0,0.0,0.0,0.0,0.0
0,0,0,0,24,0.15,75.8,2.2,225,2026-08-28 04:15:00,PT5M,0.0,0.0,0.0,0.0,0.0
0,0,0,0,24,0.15,75.8,2.1,225,2026-08-28 04:20:00,PT5M,0.0,0.0,0.0,0.0,0.0
0,0,0,0,24,0.15,75.9,2.1,225,2026-08-28 04:25:00,PT5M,0.0,0.0,0.0,0.0,0.0
0,0,0,0,24,0.15,76.0,2.1,225,2026-08-28 04:30:00,PT5M,0.0,0.0,0.0,0.0,0.0
0,0,0,0,24,0.15,76.1,2.1,226,2026-08-28 04:35:00,PT5M,0.0,0.0,0.0,0.0,0.0
0,0,0,0,24,0.15,76.1,2.1,226,2026-08-28 04:40:00,PT5M,0.0,0.0,0.0,0.0,0.0
0,0,0,0,24,0.15,76.2,2.1,226,2026-08-28 04:45:00,PT5M,0.0,0.0,0.0,0.0,0.0
0,0,0,0,24,0.15,76.3,2.1,227,2026-08-28 04:50:00,PT5M,0.0,0.0,0.0,0.0,0.0
0,0,0,0,24,0.15,76.4,2.1,227,2026-08-28 04:55:00,PT5M,0.0,0.0,0.0,0.0,0.0
0,0,0,0,24,0.15,76.4,2.1,227,2026-08-28 05:00:00,PT5M,0.0,0.0,0.0,0.0,0.0
0,0,0,0,24,0.15,76.5,2.1,227,2026-08-28 05:05:00,PT5M,0.0,0.0,0.0,0.0,0.0
0,0,0,0,24,0.15,76.6,2.1,228,2026-08-28 05:10:00,PT5M,0.0,0.0,0.0,0.0,0.0
0,0,0,0,24,0.15,76.7,2.1,228,2026-08-28 05:15:00,PT5M,0.0,0.0,0.0,0.0,0.0
0,0,0,0,24,0.15,76.7,2.1,228,2026-08-28 05:20:00,PT5M,0.0,0.0,0.0,0.0,0.0
0,0,0,0,24,0.15,76.8,2.1,228,2026-08-28 05:25:00,PT5M,0.0,0.0,0.0,0.0,0.0
0,0,0,0,24,0.15,76.9,2.1,229,2026-08-28 05:30:00,PT5M,0.0,0.0,0.0,0.0,0.0
0,0,0,0,24,0.15,76.5,2.1,229,2026-08-28 05:35:00,PT5M,0.0,0.0,0.0,0.0,0.0
0,0,0,0,24,0.15,75.7,2.1,229,2026-08-28 05:40:00,PT5M,0.0,0.0,0.0,0.0,0.0
0,0,0,0,25,0.15,74.9,2.1,229,2026-08-28 05:45:00,PT5M,0.0,0.0,0.0,0.0,0.0
0,0,0,0,25,0.15,74.1,2.1,230,2026-08-28 05:50:00,PT5M,0.0,0.0,0.0,0.0,0.0
0,0,0,0,25,0.15,73.3,2.1,230,2026-08-28 05:55:00,PT5M,0.0,0.0,0.0,0.0,0.0
0,0,0,0,25,0.15,72.5,2.1,230,2026-08-28 06:00:00,PT5M,0.0,0.0,0.0,0.0,0.0
2,2,0,2,25,0.15,71.8,2.1,231,2026-08-28 06:05:00,PT5M,0.0,0.0,0.0,0.0,0.0
9,10,7,10,25,0.15,71.0,2.1,231,2026-08-28 06:10:00,PT5M,0.665,0.9975,0.84,0.49,0.3325
16,20,33,17,25,0.15,70.3,2.1,231,2026-08-28 06:15:00,PT5M,2.022,2.8325,2.4486,1.5954,1.2115
22,32,83,24,26,0.15,69.5,2.1,231,2026-08-28 06:20:00,PT5M,4.016,5.5215,4.8084,3.2236,2.5105
30,45,147,31,26,0.15,68.8,2.1,232,2026-08-28 06:25:00,PT5M,6.958,9.607,8.3522,5.5638,4.309
40,59,193,37,26,0.15,68.1,2.1,232,2026-08-28 06:30:00,PT5M,10.171,14.0645,12.2202,8.1218,6.2775
52,75,238,42,26,0.15,67.3,2.1,232,2026-08-28 06:35:00,PT5M,13.962,19.3225,16.7833,11.1407,8.6015
65,91,279,48,26,0.15,66.6,2.1,232,2026-08-28 06:40:00,PT5M,18.071,25.0445,21.7412,14.4008,11.0975
78,109,318,52,26,0.15,65.9,2.1,233,2026-08-28 06:45:00,PT5M,22.325,30.979,26.8797,17.7703,13.671
