gti,ghi,dni,dhi,air_temp,albedo,relative_humidity,wind_speed_10m,wind_direction_10m,period_end,period,power,power_p10,power_p25,power_p75,power_p90
0,0,0,0,26,0.14,80.1,5.0,233,2026-09-26 01:35:00,PT5M,0.0,0.0,0.0,0.0,0.0
0,0,0,0,26,0.14,80.2,5.0,233,2026-09-26 01:40:00,PT5M,0.0,0.0,0.0,0.0,0.0
0,0,0,0,26,0.14,80.2,5.1,234,2026-09-26 01:45:00,PT5M,0.0,0.0,0.0,0.0,0.0
0,0,0,0,26,0.14,80.3,5.1,234,2026-09-26 01:50:00,PT5M,0.0,0.0,0.0,0.0,0.0
0,0,0,0,26,0.14,80.3,5.1,234,2026-09-26 01:55:00,PT5M,0.0,0.0,0.0,0.0,0.0
0,0,0,0,26,0.14,80.3,5.1,234,2026-09-26 02:00:00,PT5M,0.0,0.0,0.0,0.0,0.0
0,0,0,0,26,0.14,80.4,5.1,234,2026-09-26 02:05:00,PT5M,0.0,0.0,0.0,0.0,0.0
0,0,0,0,26,0.14,80.4,5.2,234,2026-09-26 02:10:00,PT5M,0.0,0.0,0.0,0.0,0.0
0,0,0,0,26,0.14,80.5,5.2,235,2026-09-26 02:15:00,PT5M,0.0,0.0,0.0,0.0,0.0
0,0,0,0,26,0.14,80.5,5.2,235,2026-09-26 02:20:00,PT5M,0.0,0.0,0.0,0.0,0.0
0,0,0,0,26,0.14,80.5,5.2,235,2026-09-26 02:25:00,PT5M,0.0,0.0,0.0,0.0,0.0
0,0,0,0,26,0.14,80.6,5.2,235,2026-09-26 02:30:00,PT5M,0.0,0.0,0.0,0.0,0.0
0,0,0,0,26,0.14,80.6,5.2,235,2026-09-26 02:35:00,PT5M,0.0,0.0,0.0,0.0,0.0
0,0,0,0,26,0.14,80.6,5.2,235,2026-09-26 02:40:00,PT5M,0.0,0.0,0.0,0.0,0.0
0,0,0,0,26,0.14,80.6,5.1,235,2026-09-26 02:45:00,PT5M,0.0,0.0,0.0,0.0,0.0
0,0,0,0,26,0.14,80.6,5.1,235,2026-09-26 02:50:00,PT5M,0.0,0.0,0.0,0.0,0.0
0,0,0,0,26,0.14,80.6,5.0,235,2026-09-26 02:55:00,PT5M,0.0,0.0,0.0,0.0,0.0
0,0,0,0,26,0.14,80.6,5.0,234,2026-09-26 03:00:00,PT5M,0.0,0.0,0.0,0.0,0.0
0,0,0,0,26,0.14,80.6,5.0,234,2026-09-26 03:05:00,PT5M,0.0,0.0,0.0,0.0,0.0
0,0,0,0,26,0.14,80.6,4.9,234,2026-09-26 03:10:00,PT5M,0.0,0.0,0.0,0.0,0.0
0,0,0,0,26,0.14,80.6,4.9,234,2026-09-26 03:15:00,PT5M,0.0,0.0,0.0,0.0,0.0
0,0,0,0,26,0.14,80.6,4.8,234,2026-09-26 03:20:00,PT5M,0.0,0.0,0.0,0.0,0.0
0,0,0,0,26,0.14,80.6,4.8,234,2026-09-26 03:25:00,PT5M,0.0,0.0,0.0,0.0,0.0
0,0,0,0,26,0.14,80.6,4.7,234,2026-09-26 03:30:00,PT5M,0.0,0.0,0.0,0.0,0.0
0,0,0,0,26,0.14,80.6,4.7,233,2026-09-26 03:35:00,PT5M,0.0,0.0,0.0,0.0,0.0
0,0,0,0,26,0.14,80.5,4.7,233,2026-09-26 03:40:00,PT5M,0.0,0.0,0.0,0.0,0.0
0,0,0,0,26,0.14,80.5,4.7,232,2026-09-26 03:45:00,PT5M,0.0,0.0,0.0,0.0,0.0
0,0,0,0,26,0.14,80.4,4.6,232,2026-09-26 03:50:00,PT5M,0.0,0.0,0.0,0.0,0.0
0,0,0,0,26,0.14,80.4,4.6,231,2026-09-26 03:55:00,PT5M,0.0,0.0,0.0,0.0,0.0
0,0,0,0,26,0.14,80.3,4.6,231,2026-09-26 04:00:00,PT5M,0.0,0.0,0.0,0.0,0.0
0,0,0,0,26,0.14,80.3,4.6,231,2026-09-26 04:05:00,PT5M,0.0,0.0,0.0,0.0,0.0
0,0,0,0,26,0.14,80.2,4.6,230,2026-09-26 04:10:00,PT5M,0.0,0.0,0.0,0.0,0.0
0,0,0,0,26,0.14,80.2,4.5,230,2026-09-26 04:15:00,PT5M,0.0,0.0,0.0,0.0,0.0
0,0,0,0,26,0.14,80.2,4.5,229,2026-09-26 04:20:00,PT5M,0.0,0.0,0.0,0.0,0.0
0,0,0,0,26,0.14,80.1,4.5,228,2026-09-26 04:25:00,PT5M,0.0,0.0,0.0,0.0,0.0
0,0,0,0,26,0.14,80.1,4.5,228,2026-09-26 04:30:00,PT5M,0.0,0.0,0.0,0.0,0.0
0,0,0,0,26,0.14,80.1,4.5,228,2026-09-26 04:35:00,PT5M,0.0,0.0,0.0,0.0,0.0
0,0,0,0,26,0.14,80.2,4.5,229,2026-09-26 04:40:00,PT5M,0.0,0.0,0.0,0.0,0.0
0,0,0,0,26,0.14,80.2,4.5,229,2026-09-26 04:45:00,PT5M,0.0,0.0,0.0,0.0,0.0
0,0,0,0,26,0.14,80.3,4.5,230,2026-09-26 04:50:00,PT5M,0.0,0.0,0.0,0.0,0.0
0,0,0,0,26,0.14,80.4,4.6,231,2026-09-26 04:55:00,PT5M,0.0,0.0,0.0,0.0,0.0
0,0,0,0,26,0.14,80.5,4.6,231,2026-09-26 05:00:00,PT5M,0.0,0.0,0.0,0.0,0.0
0,0,0,0,26,0.14,80.6,4.6,232,2026-09-26 05:05:00,PT5M,0.0,0.0,0.0,0.0,0.0
0,0,0,0,26,0.14,80.6,4.6,233,2026-09-26 05:10:00,PT5M,0.0,0.0,0.0,0.0,0.0
0,0,0,0,26,0.14,80.7,4.7,233,2026-09-26 05:15:00,PT5M,0.0,0.0,0.0,0.0,0.0
0,0,0,0,26,0.14,80.8,4.7,234,2026-09-26 05:20:00,PT5M,0.0,0.0,0.0,0.0,0.0
0,0,0,0,26,0.14,80.9,4.7,234,2026-09-26 05:25:00,PT5M,0.0,0.0,0.0,0.0,0.0
0,0,0,0,26,0.14,81.0,4.7,235,2026-09-26 05:30:00,PT5M,0.0,0.0,0.0,0.0,0.0
0,0,0,0,26,0.14,81.0,4.7,235,2026-09-26 05:35:00,PT5M,0.0,0.0,0.0,0.0,0.0
0,0,0,0,26,0.14,80.9,4.7,235,2026-09-26 05:40:00,PT5M,0.0,0.0,0.0,0.0,0.0
0,0,0,0,26,0.14,80.9,4.7,235,2026-09-26 05:45:00,PT5M,0.0,0.0,0.0,0.0,0.0
0,0,0,0,26,0.14,80.9,4.7,235,2026-09-26 05:50:00,PT5M,0.0,0.0,0.0,0.0,0.0
0,0,0,0,26,0.14,80.8,4.7,235,2026-09-26 05:55:00,PT5M,0.0,0.0,0.0,0.0,0.0
2,2,0,2,26,0.14,80.8,4.7,235,2026-09-26 06:00:00,PT5M,0.0,0.0,0.0,0.0,0.0
7,7,0,7,26,0.14,80.8,4.7,234,2026-09-26 06:05:00,PT5M,0.263,0.6505,0.4669,0.0591,0.0
14,14,0,14,26,0.14,80.7,4.7,234,2026-09-26 06:10:00,PT5M,1.181,2.3315,1.7865,0.5755,0.0305
22,22,0,22,26,0.14,80.7,4.7,234,2026-09-26 06:15:00,PT5M,2.207,4.3605,3.3404,1.0736,0.0535
31,31,0,31,26,0.14,80.6,4.7,234,2026-09-26 06:20:00,PT5M,3.326,6.938,5.227,1.425,0.0
40,40,0,40,26,0.14,80.6,4.7,234,2026-09-26 06:25:00,PT5M,4.555,9.687,7.256,1.854,0.0
51,51,0,51,26,0.14,80.6,4.7,234,2026-09-26 06:30:00,PT5M,6.017,12.887,9.6327,2.4013,0.0
64,64,3,63,26,0.14,80.3,4.7,234,2026-09-26 06:35:00,PT5M,7.662,16.4125,12.2675,3.0565,0.0
77,78,30,72,26,0.14,79.9,4.7,233,2026-09-26 06:40:00,PT5M,10.169,20.8045,15.7665,4.5715,0.0
92,92,58,81,26,0.14,79.5,4.7,233,2026-09-26 06:45:00,PT5M,13.099,25.5685,19.6618,6.5362,0.6295
109,108,88,89,26,0.14,79.1,4.8,233,2026-09-26 06:50:00,PT5M,16.415,30.677,23.9212,8.9088,2.153
126,126,120,96,26,0.14,78.6,4.8,233,2026-09-26 06:55:00,PT5M,20.006,36.0935,28.473,11.539,3.9185
144,143,151,103,27,0.14,78.2,4.8,233,2026-09-26 07:00:00,PT5M,23.931,41.918,33.3977,14.4643,5.944
161,161,179,110,27,0.14,77.8,4.8,233,2026-09-26 07:05:00,PT5M,27.984,47.936,38.4849,17.4831,8.032
180,179,208,116,27,0.14,77.4,4.8,232,2026-09-26 07:10:00,PT5M,32.315,54.25,43.8595,20.7705,10.38
199,199,237,121,27,0.14,77.0,4.8,232,2026-09-26 07:15:00,PT5M,36.923,60.839,49.5102,24.3358,13.007
219,218,267,126,27,0.14,76.6,4.8,232,2026-09-26 07:20:00,PT5M,41.775,67.664,55.4006,28.1494,15.886
240,239,297,130,27,0.14,76.2,4.8,232,2026-09-26 07:25:00,PT5M,46.869,74.711,61.5224,32.2156,19.027
261,260,328,133,27,0.14,75.8,4.8,232,2026-09-26 07:30:00,PT5M,52.207,81.9885,67.8812,36.5328,22.4255
281,280,352,136,28,0.14,75.3,4.9,232,2026-09-26 07:35:00,PT5M,57.095,88.8735,73.8203,40.3697,25.3165
300,298,367,141,28,0.14,74.7,4.9,232,2026-09-26 07:40:00,PT5M,61.423,95.345,79.2764,43.5696,27.501
319,317,383,146,28,0.14,74.1,4.9,232,2026-09-26 07:45:00,PT5M,64.375,99.1735,82.6897,46.0603,29.5765
337,335,398,150,28,0.14,73.5,5.0,233,2026-09-26 07:50:00,PT5M,66.819,100.0,85.3513,48.2867,31.607
356,354,414,154,28,0.14,73.0,5.0,233,2026-09-26 07:55:00,PT5M,69.19,100.0,87.916,50.464,33.61
375,373,429,157,28,0.14,72.4,5.0,233,2026-09-26 08:00:00,PT5M,71.474,100.0,90.3674,52.5806,35.576
394,392,444,160,28,0.14,71.8,5.1,234,2026-09-26 08:05:00,PT5M,73.659,100.0,92.7211,54.5969,37.4405
413,411,458,163,29,0.14,71.3,5.1,234,2026-09-26 08:10:00,PT5M,75.729,100.0,94.8874,56.5706,39.3275
433,430,473,166,29,0.14,70.7,5.1,234,2026-09-26 08:15:00,PT5M,77.669,100.0,96.8816,58.4564,41.1645
452,449,487,168,29,0.14,70.2,5.2,234,2026-09-26 08:20:00,PT5M,79.468,100.0,98.6872,60.2488,42.951
471,468,501,170,29,0.14,69.7,5.2,235,2026-09-26 08:25:00,PT5M,81.116,100.0,100.0,61.9426,44.686
490,486,514,172,29,0.14,69.1,5.2,235,2026-09-26 08:30:00,PT5M,82.682,100.0,100.0,63.5752,46.3785
507,504,525,175,29,0.14,68.6,5.2,235,2026-09-26 08:35:00,PT5M,83.941,100.0,100.0,64.8974,47.7575
524,520,532,178,29,0.14,67.9,5.2,235,2026-09-26 08:40:00,PT5M,84.907,100.0,100.0,65.9178,48.827
540,537,538,181,30,0.14,67.3,5.2,235,2026-09-26 08:45:00,PT5M,85.878,100.0,100.0,66.9483,49.911
557,553,545,184,30,0.14,66.7,5.1,235,2026-09-26 08:50:00,PT5M,86.748,100.0,100.0,67.8849,50.9075
573,569,551,187,30,0.14,66.1,5.1,235,2026-09-26 08:55:00,PT5M,87.579,100.0,100.0,68.9311,52.1475
588,584,557,190,30,0.14,65.5,5.1,235,2026-09-26 09:00:00,PT5M,88.379,100.0,100.0,69.9433,53.3505
604,600,565,192,30,0.14,64.9,5.0,236,2026-09-26 09:05:00,PT5M,89.268,100.0,100.0,71.048,54.6495
620,616,573,194,30,0.14,64.3,5.0,236,2026-09-26 09:10:00,PT5M,90.122,100.0,100.0,72.1141,55.9065
636,632,580,196,31,0.14,63.7,4.9,236,2026-09-26 09:15:00,PT5M,90.942,100.0,100.0,73.1423,57.122
651,647,588,197,31,0.14,63.2,4.9,236,2026-09-26 09:20:00,PT5M,91.729,100.0,100.0,74.1335,58.297
666,662,595,198,31,0.14,62.6,4.9,236,2026-09-26 09:25:00,PT5M,92.486,100.0,100.0,75.0905,59.434
681,676,602,200,31,0.14,62.0,4.8,236,2026-09-26 09:30:00,PT5M,93.213,100.0,100.0,76.0133,60.533
695,690,608,201,31,0.14,61.6,4.8,236,2026-09-26 09:35:00,PT5M,93.861,100.0,100.0,76.8442,61.5285
709,704,613,202,31,0.14,61.2,4.9,236,2026-09-26 09:40:00,PT5M,94.43,100.0,100.0,77.5829,62.42
721,716,617,204,31,0.14,60.7,4.9,235,2026-09-26 09:45:00,PT5M,94.921,100.0,100.0,78.2339,63.215
733,728,621,206,32,0.14,60.3,4.9,235,2026-09-26 09:50:00,PT5M,95.382,100.0,100.0,78.8483,63.9675
745,740,624,208,32,0.14,59.9,4.9,235,2026-09-26 09:55:00,PT5M,95.822,100.0,100.0,79.436,64.688
757,751,627,210,32,0.14,59.5,5.0,235,2026-09-26 10:00:00,PT5M,96.239,100.0,100.0,79.9919,65.369
768,762,631,211,32,0.14,59.1,5.0,234,2026-09-26 10:05:00,PT5M,96.634,100.0,100.0,80.519,66.015
778,773,634,213,32,0.14,58.8,5.0,234,2026-09-26 10:10:00,PT5M,97.006,100.0,100.0,81.0165,66.6255
788,783,637,214,32,0.14,58.4,5.0,234,2026-09-26 10:15:00,PT5M,97.355,100.0,100.0,81.4847,67.201
798,792,639,215,32,0.14,58.0,5.1,234,2026-09-26 10:20:00,PT5M,97.683,100.0,100.0,81.9256,67.7435
807,802,642,216,32,0.14,57.6,5.1,233,2026-09-26 10:25:00,PT5M,97.992,100.0,100.0,82.3423,68.257
816,811,645,217,32,0.14,57.2,5.1,233,2026-09-26 10:30:00,PT5M,98.283,100.0,100.0,82.7354,68.742
822,816,641,222,32,0.14,56.9,5.1,233,2026-09-26 10:35:00,PT5M,98.251,100.0,100.0,82.7344,68.769
825,819,631,229,32,0.14,56.8,5.1,233,2026-09-26 10:40:00,PT5M,97.902,100.0,100.0,82.343,68.3395
827,821,621,236,33,0.14,56.6,5.1,233,2026-09-26 10:45:00,PT5M,97.54,100.0,100.0,81.93,67.8805
828,822,611,243,33,0.14,56.4,5.1,234,2026-09-26 10:50:00,PT5M,97.161,100.0,100.0,81.4902,67.386
829,823,601,250,33,0.14,56.3,5.1,234,2026-09-26 10:55:00,PT5M,96.762,100.0,100.0,81.0149,66.842
829,824,591,256,33,0.14,56.1,5.1,234,2026-09-26 11:00:00,PT5M,96.344,100.0,100.0,80.5035,66.2465
829,824,580,263,33,0.14,56.0,5.1,234,2026-09-26 11:05:00,PT5M,95.924,100.0,100.0,79.999,65.666
828,823,570,270,33,0.14,55.8,5.1,234,2026-09-26 11:10:00,PT5M,95.492,100.0,100.0,79.4825,65.0735
827,822,560,276,33,0.14,55.6,5.1,235,2026-09-26 11:15:00,PT5M,95.041,100.0,100.0,78.9318,64.433
825,820,550,282,33,0.14,55.5,5.1,235,2026-09-26 11:20:00,PT5M,94.572,100.0,100.0,78.3533,63.756
823,818,540,289,33,0.14,55.3,5.1,235,2026-09-26 11:25:00,PT5M,94.086,100.0,100.0,77.7502,63.0475
821,816,529,294,33,0.14,55.1,5.1,235,2026-09-26 11:30:00,PT5M,93.651,100.0,100.0,77.1918,62.378
819,814,521,299,33,0.14,55.0,5.0,236,2026-09-26 11:35:00,PT5M,93.245,100.0,100.0,76.714,61.8355
817,812,516,302,33,0.14,54.9,4.9,236,2026-09-26 11:40:00,PT5M,92.933,100.0,100.0,76.3809,61.4835
815,810,510,306,33,0.14,54.8,4.8,236,2026-09-26 11:45:00,PT5M,92.596,100.0,100.0,76.0165,61.0945
813,808,504,309,33,0.14,54.7,4.7,236,2026-09-26 11:50:00,PT5M,92.233,100.0,100.0,75.6196,60.667
810,805,498,312,33,0.14,54.6,4.6,237,2026-09-26 11:55:00,PT5M,91.843,100.0,100.0,75.1893,60.2005
807,802,492,315,33,0.14,54.5,4.5,237,2026-09-26 12:00:00,PT5M,91.475,100.0,100.0,74.7745,59.7435
803,798,485,317,33,0.14,54.4,4.4,238,2026-09-26 12:05:00,PT5M,91.147,100.0,100.0,74.3936,59.315
799,794,479,320,33,0.14,54.3,4.3,238,2026-09-26 12:10:00,PT5M,90.792,100.0,100.0,73.9791,58.847
794,789,472,322,33,0.14,54.2,4.2,238,2026-09-26 12:15:00,PT5M,90.408,100.0,100.0,73.5301,58.3395
788,784,465,325,33,0.14,54.1,4.1,239,2026-09-26 12:20:00,PT5M,89.997,100.0,100.0,73.0483,57.794
783,778,459,327,33,0.14,54.0,4.0,239,2026-09-26 12:25:00,PT5M,89.559,100.0,100.0,72.534,57.211
777,772,452,329,33,0.14,53.9,3.9,240,2026-09-26 12:30:00,PT5M,89.093,100.0,100.0,71.9867,56.5905
769,765,443,332,33,0.14,54.1,3.8,240,2026-09-26 12:35:00,PT5M,88.501,100.0,100.0,71.2884,55.7965
760,756,431,335,33,0.14,54.4,3.8,241,2026-09-26 12:40:00,PT5M,87.778,100.0,100.0,70.4333,54.8225
750,746,420,338,33,0.14,54.7,3.8,241,2026-09-26 12:45:00,PT5M,87.024,100.0,100.0,69.5411,53.806
740,736,409,341,33,0.14,55.1,3.9,241,2026-09-26 12:50:00,PT5M,86.228,100.0,100.0,68.5957,52.726
730,726,398,344,33,0.14,55.4,3.9,242,2026-09-26 12:55:00,PT5M,85.405,100.0,100.0,67.6234,51.6195
719,716,388,346,33,0.14,55.8,3.9,242,2026-09-26 13:00:00,PT5M,84.572,100.0,100.0,66.6515,50.5225
709,705,377,348,33,0.14,56.1,3.9,243,2026-09-26 13:05:00,PT5M,83.702,100.0,100.0,65.636,49.376
697,694,366,349,33,0.14,56.5,3.9,243,2026-09-26 13:10:00,PT5M,82.785,100.0,100.0,64.5621,48.161
686,683,355,350,33,0.14,56.8,3.9,243,2026-09-26 13:15:00,PT5M,81.828,100.0,100.0,63.4438,46.8975
674,671,345,351,33,0.14,57.2,3.9,244,2026-09-26 13:20:00,PT5M,80.778,100.0,99.3266,62.2294,45.535
662,660,334,352,32,0.14,57.5,4.0,244,2026-09-26 13:25:00,PT5M,79.749,100.0,98.4637,61.0343,44.1905
650,648,324,352,32,0.14,57.9,4.0,245,2026-09-26 13:30:00,PT5M,78.687,100.0,97.5693,59.8047,42.81
636,633,310,353,32,0.14,58.3,4.0,245,2026-09-26 13:35:00,PT5M,77.348,100.0,96.4469,58.2491,41.0595
620,617,294,354,32,0.14,58.7,4.0,246,2026-09-26 13:40:00,PT5M,75.731,100.0,95.0933,56.3687,38.942
603,601,278,355,32,0.14,59.2,3.9,246,2026-09-26 13:45:00,PT5M,74.074,100.0,93.6976,54.4504,36.7885
587,585,262,356,32,0.14,59.6,3.9,247,2026-09-26 13:50:00,PT5M,72.378,100.0,92.2608,52.4952,34.6
570,569,246,356,32,0.14,60.1,3.9,248,2026-09-26 13:55:00,PT5M,70.642,100.0,90.7817,50.5023,32.376
554,552,231,355,32,0.14,60.6,3.9,249,2026-09-26 14:00:00,PT5M,68.868,100.0,89.2621,48.4739,30.1185
537,536,216,353,32,0.14,61.0,3.9,249,2026-09-26 14:05:00,PT5M,67.05,100.0,87.6973,46.4027,27.8195
521,520,202,352,32,0.14,61.5,3.9,250,2026-09-26 14:10:00,PT5M,65.19,100.0,86.0873,44.2927,25.4845
504,503,188,349,31,0.14,62.0,3.9,251,2026-09-26 14:15:00,PT5M,63.303,100.0,84.4466,42.1594,23.1295
487,487,174,346,31,0.14,62.4,3.9,252,2026-09-26 14:20:00,PT5M,61.339,100.0,82.7273,39.9507,20.7005
471,470,160,343,31,0.14,62.9,3.9,252,2026-09-26 14:25:00,PT5M,59.343,100.0,80.9719,37.7141,18.2475
454,454,147,339,31,0.14,63.4,3.9,253,2026-09-26 14:30:00,PT5M,57.317,98.8605,79.1816,35.4524,15.7735
440,440,138,334,31,0.14,64.0,3.8,254,2026-09-26 14:35:00,PT5M,55.644,97.531,77.6894,33.5986,13.757
428,428,132,328,31,0.14,64.7,3.8,254,2026-09-26 14:40:00,PT5M,54.324,96.4665,76.5039,32.1441,12.1815
416,416,127,322,31,0.14,65.5,3.7,254,2026-09-26 14:45:00,PT5M,52.974,95.386,75.2957,30.6523,10.562
404,404,121,316,31,0.14,66.2,3.6,255,2026-09-26 14:50:00,PT5M,51.594,94.2755,74.0576,29.1304,8.9125
392,392,116,309,31,0.14,66.9,3.6,255,2026-09-26 14:55:00,PT5M,50.184,92.984,72.7099,27.6581,7.384
380,380,111,303,30,0.14,67.7,3.5,256,2026-09-26 15:00:00,PT5M,48.812,91.588,71.3253,26.2987,6.036
368,368,106,296,30,0.14,68.4,3.4,256,2026-09-26 15:05:00,PT5M,47.636,90.369,70.1267,25.1453,4.903
356,356,101,289,30,0.14,69.2,3.4,256,2026-09-26 15:10:00,PT5M,46.219,88.8905,68.6773,23.7607,3.5475
344,344,96,281,30,0.14,70.0,3.3,257,2026-09-26 15:15:00,PT5M,44.769,87.3585,67.1842,22.3538,2.1795
331,331,91,274,30,0.14,70.8,3.2,257,2026-09-26 15:20:00,PT5M,43.271,85.759,65.6327,20.9093,0.783
319,319,86,266,30,0.14,71.6,3.2,258,2026-09-26 15:25:00,PT5M,41.738,84.034,63.9987,19.4773,0.0
307,307,81,258,30,0.14,72.4,3.1,258,2026-09-26 15:30:00,PT5M,40.168,82.2995,62.3421,17.9939,0.0
295,295,77,251,30,0.14,73.0,3.0,259,2026-09-26 15:35:00,PT5M,38.643,80.5385,60.6929,16.5931,0.0
283,283,72,243,29,0.14,73.4,2.8,258,2026-09-26 15:40:00,PT5M,37.181,78.7185,59.0425,15.3195,0.0
271,272,68,235,29,0.14,73.9,2.6,258,2026-09-26 15:45:00,PT5M,35.685,76.766,57.3062,14.0638,0.0
260,260,63,227,29,0.14,74.3,2.4,258,2026-09-26 15:50:00,PT5M,34.141,74.681,55.4775,12.8045,0.0
248,248,58,218,29,0.14,74.7,2.1,258,2026-09-26 15:55:00,PT5M,32.548,72.47,53.5592,11.5368,0.0
236,236,53,210,29,0.14,75.2,1.9,258,2026-09-26 16:00:00,PT5M,30.906,70.1435,51.557,10.255,0.0
224,224,48,202,29,0.14,75.6,1.7,257,2026-09-26 16:05:00,PT5M,29.215,67.711,49.4757,8.9543,0.0
212,212,43,193,29,0.14,76.1,1.5,257,2026-09-26 16:10:00,PT5M,27.479,65.1815,47.3221,7.6359,0.0
200,200,37,184,29,0.14,76.5,1.3,256,2026-09-26 16:15:00,PT5M,25.727,62.4595,45.0596,6.3944,0.0
188,188,31,175,29,0.14,77.0,1.1,256,2026-09-26 16:20:00,PT5M,24.105,58.3965,42.1529,6.0571,0.0
176,176,26,166,29,0.14,77.4,0.9,254,2026-09-26 16:25:00,PT5M,22.571,54.532,39.3923,5.7497,0.0
164,165,20,157,29,0.14,77.9,0.7,253,2026-09-26 16:30:00,PT5M,20.772,50.4335,36.3831,5.1609,0.0
152,153,13,148,29,0.14,78.3,0.7,250,2026-09-26 16:35:00,PT5M,18.962,46.3145,33.3578,4.5662,0.0
141,141,6,139,29,0.14,78.6,0.8,246,2026-09-26 16:40:00,PT5M,17.148,42.1625,30.3133,3.9827,0.0
129,129,0,129,29,0.14,78.9,0.9,244,2026-09-26 16:45:00,PT5M,15.426,38.118,27.369,3.483,0.0
117,118,0,118,29,0.14,79.2,1.0,242,2026-09-26 16:50:00,PT5M,14.036,34.4345,24.7719,3.3001,0.0
106,106,0,106,29,0.14,79.5,1.1,240,2026-09-26 16:55:00,PT5M,12.652,30.7685,22.1868,3.1172,0.0
94,95,0,95,29,0.14,79.8,1.2,239,2026-09-26 17:00:00,PT5M,11.245,27.21,19.6475,2.8425,0.0
83,83,0,83,29,0.14,80.1,1.3,238,2026-09-26 17:05:00,PT5M,9.861,23.788,17.1909,2.5311,0.0
72,72,0,72,29,0.14,80.4,1.4,237,2026-09-26 17:10:00,PT5M,8.422,20.383,14.7172,2.1268,0.0
61,61,0,61,28,0.14,80.7,1.5,236,2026-09-26 17:15:00,PT5M,7.067,17.1035,12.3493,1.7847,0.0
51,51,0,51,28,0.14,81.0,1.6,235,2026-09-26 17:20:00,PT5M,5.855,14.005,10.1444,1.5656,0.0
41,41,0,41,28,0.14,81.4,1.7,235,2026-09-26 17:25:00,PT5M,4.669,11.016,8.0095,1.3285,0.0
33,33,0,33,28,0.14,81.7,1.8,234,2026-09-26 17:30:00,PT5M,3.51,8.208,5.9826,1.0374,0.0
25,25,0,25,28,0.14,82.0,1.9,233,2026-09-26 17:35:00,PT5M,2.532,5.846,4.2762,0.7878,0.0
18,18,0,18,28,0.14,82.3,1.9,232,2026-09-26 17:40:00,PT5M,1.657,3.769,2.7686,0.5454,0.0
12,12,0,12,28,0.14,82.6,1.9,232,2026-09-26 17:45:00,PT5M,0.851,1.954,1.4315,0.2705,0.0
6,6,0,6,28,0.14,82.9,2.0,231,2026-09-26 17:50:00,PT5M,0.121,0.5245,0.3334,0.0,0.0
2,2,0,2,28,0.14,83.3,2.0,230,2026-09-26 17:55:00,PT5M,0.0,0.0,0.0,0.0,0.0
0,0,0,0,28,0.14,83.6,2.0,229,2026-09-26 18:00:00,PT5M,0.0,0.0,0.0,0.0,0.0
0,0,0,0,28,0.14,83.9,2.1,229,2026-09-26 18:05:00,PT5M,0.0,0.0,0.0,0.0,0.0
0,0,0,0,27,0.14,84.2,2.1,228,2026-09-26 18:10:00,PT5M,0.0,0.0,0.0,0.0,0.0
0,0,0,0,27,0.14,84.6,2.1,227,2026-09-26 18:15:00,PT5M,0.0,0.0,0.0,0.0,0.0
0,0,0,0,27,0.14,84.9,2.2,227,2026-09-26 18:20:00,PT5M,0.0,0.0,0.0,0.0,0.0
0,0,0,0,27,0.14,85.2,2.2,226,2026-09-26 18:25:00,PT5M,0.0,0.0,0.0,0.0,0.0
0,0,0,0,27,0.14,85.5,2.2,225,2026-09-26 18:30:00,PT5M,0.0,0.0,0.0,0.0,0.0
0,0,0,0,27,0.14,85.7,2.3,225,2026-09-26 18:35:00,PT5M,0.0,0.0,0.0,0.0,0.0
0,0,0,0,27,0.14,85.6,2.5,226,2026-09-26 18:40:00,PT5M,0.0,0.0,0.0,0.0,0.0
0,0,0,0,27,0.14,85.5,2.6,226,2026-09-26 18:45:00,PT5M,0.0,0.0,0.0,0.0,0.0
0,0,0,0,27,0.14,85.4,2.8,227,2026-09-26 18:50:00,PT5M,0.0,0.0,0.0,0.0,0.0
0,0,0,0,27,0.14,85.3,2.9,227,2026-09-26 18:55:00,PT5M,0.0,0.0,0.0,0.0,0.0
0,0,0,0,27,0.14,85.2,3.0,227,2026-09-26 19:00:00,PT5M,0.0,0.0,0.0,0.0,0.0
0,0,0,0,27,0.14,85.1,3.2,228,2026-09-26 19:05:00,PT5M,0.0,0.0,0.0,0.0,0.0
0,0,0,0,27,0.14,85.0,3.3,228,2026-09-26 19:10:00,PT5M,0.0,0.0,0.0,0.0,0.0
0,0,0,0,26,0.14,84.9,3.5,228,2026-09-26 19:15:00,PT5M,0.0,0.0,0.0,0.0,0.0
0,0,0,0,26,0.14,84.8,3.6,229,2026-09-26 19:20:00,PT5M,0.0,0.0,0.0,0.0,0.0
0,0,0,0,26,0.14,84.7,3.8,229,2026-09-26 19:25:00,PT5M,0.0,0.0,0.0,0.0,0.0
0,0,0,0,26,0.14,84.6,3.9,229,2026-09-26 19:30:00,PT5M,0.0,0.0,0.0,0.0,0.0
0,0,0,0,26,0.14,84.6,4.0,229,2026-09-26 19:35:00,PT5M,0.0,0.0,0.0,0.0,0.0
0,0,0,0,26,0.14,84.6,4.0,230,2026-09-26 19:40:00,PT5M,0.0,0.0,0.0,0.0,0.0
0,0,0,0,26,0.14,84.6,4.0,231,2026-09-26 19:45:00,PT5M,0.0,0.0,0.0,0.0,0.0
0,0,0,0,26,0.14,84.6,4.0,231,2026-09-26 19:50:00,PT5M,0.0,0.0,0.0,0.0,0.0
0,0,0,0,26,0.14,84.6,4.0,232,2026-09-26 19:55:00,PT5M,0.0,0.0,0.0,0.0,0.0
0,0,0,0,26,0.14,84.6,4.0,232,2026-09-26 20:00:00,PT5M,0.0,0.0,0.0,0.0,0.0
0,0,0,0,26,0.14,84.6,4.0,233,2026-09-26 20:05:00,PT5M,0.0,0.0,0.0,0.0,0.0
0,0,0,0,26,0.14,84.6,4.0,234,2026-09-26 20:10:00,PT5M,0.0,0.0,0.0,0.0,0.0
0,0,0,0,26,0.14,84.6,4.0,234,2026-09-26 20:15:00,PT5M,0.0,0.0,0.0,0.0,0.0
0,0,0,0,26,0.14,84.6,4.0,235,2026-09-26 20:20:00,PT5M,0.0,0.0,0.0,0.0,0.0
0,0,0,0,26,0.14,84.5,4.0,235,2026-09-26 20:25:00,PT5M,0.0,0.0,0.0,0.0,0.0
0,0,0,0,26,0.14,84.5,4.0,236,2026-09-26 20:30:00,PT5M,0.0,0.0,0.0,0.0,0.0
0,0,0,0,26,0.14,84.5,4.0,236,2026-09-26 20:35:00,PT5M,0.0,0.0,0.0,0.0,0.0
0,0,0,0,26,0.14,84.5,3.9,236,2026-09-26 20:40:00,PT5M,0.0,0.0,0.0,0.0,0.0
0,0,0,0,26,0.14,84.5,3.9,236,2026-09-26 20:45:00,PT5M,0.0,0.0,0.0,0.0,0.0
0,0,0,0,26,0.14,84.5,3.9,236,2026-09-26 20:50:00,PT5M,0.0,0.0,0.0,0.0,0.0
0,0,0,0,26,0.14,84.5,3.9,236,2026-09-26 20:55:00,PT5M,0.0,0.0,0.0,0.0,0.0
0,0,0,0,26,0.14,84.5,3.9,236,2026-09-26 21:00:00,PT5M,0.0,0.0,0.0,0.0,0.0
0,0,0,0,25,0.14,84.5,3.8,236,2026-09-26 21:05:00,PT5M,0.0,0.0,0.0,0.0,0.0
0,0,0,0,25,0.14,84.5,3.8,236,2026-09-26 21:10:00,PT5M,0.0,0.0,0.0,0.0,0.0
0,0,0,0,25,0.14,84.5,3.8,236,2026-09-26 21:15:00,PT5M,0.0,0.0,0.0,0.0,0.0
0,0,0,0,25,0.14,84.5,3.8,236,2026-09-26 21:20:00,PT5M,0.0,0.0,0.0,0.0,0.0
0,0,0,0,25,0.14,84.5,3.8,236,2026-09-26 21:25:00,PT5M,0.0,0.0,0.0,0.0,0.0
0,0,0,0,25,0.14,84.5,3.8,236,2026-09-26 21:30:00,PT5M,0.0,0.0,0.0,0.0,0.0
0,0,0,0,25,0.14,84.5,3.8,236,2026-09-26 21:35:00,PT5M,0.0,0.0,0.0,0.0,0.0
0,0,0,0,25,0.14,84.4,3.8,237,2026-09-26 21:40:00,PT5M,0.0,0.0,0.0,0.0,0.0
0,0,0,0,25,0.14,84.3,3.9,237,2026-09-26 21:45:00,PT5M,0.0,0.0,0.0,0.0,0.0
0,0,0,0,25,0.14,84.2,3.9,238,2026-09-26 21:50:00,PT5M,0.0,0.0,0.0,0.0,0.0
0,0,0,0,25,0.14,84.1,4.0,238,2026-09-26 21:55:00,PT5M,0.0,0.0,0.0,0.0,0.0
0,0,0,0,25,0.14,84.0,4.1,239,2026-09-26 22:00:00,PT5M,0.0,0.0,0.0,0.0,0.0
0,0,0,0,25,0.14,84.0,4.1,239,2026-09-26 22:05:00,PT5M,0.0,0.0,0.0,0.0,0.0
0,0,0,0,25,0.14,83.9,4.2,240,2026-09-26 22:10:00,PT5M,0.0,0.0,0.0,0.0,0.0
0,0,0,0,25,0.14,83.8,4.2,240,2026-09-26 22:15:00,PT5M,0.0,0.0,0.0,0.0,0.0
0,0,0,0,25,0.14,83.7,4.3,241,2026-09-26 22:20:00,PT5M,0.0,0.0,0.0,0.0,0.0
0,0,0,0,25,0.14,83.6,4.3,241,2026-09-26 22:25:00,PT5M,0.0,0.0,0.0,0.0,0.0
0,0,0,0,25,0.14,83.5,4.4,241,2026-09-26 22:30:00,PT5M,0.0,0.0,0.0,0.0,0.0
0,0,0,0,25,0.14,83.5,4.4,242,2026-09-26 22:35:00,PT5M,0.0,0.0,0.0,0.0,0.0
0,0,0,0,25,0.14,83.7,4.4,241,2026-09-26 22:40:00,PT5M,0.0,0.0,0.0,0.0,0.0
0,0,0,0,25,0.14,83.8,4.3,241,2026-09-26 22:45:00,PT5M,0.0,0.0,0.0,0.0,0.0
0,0,0,0,25,0.14,83.9,4.3,241,2026-09-26 22:50:00,PT5M,0.0,0.0,0.0,0.0,0.0
0,0,0,0,25,0.14,84.0,4.2,241,2026-09-26 22:55:00,PT5M,0.0,0.0,0.0,0.0,0.0
0,0,0,0,25,0.14,84.2,4.2,240,2026-09-26 23:00:00,PT5M,0.0,0.0,0.0,0.0,0.0
0,0,0,0,25,0.14,84.3,4.1,240,2026-09-26 23:05:00,PT5M,0.0,0.0,0.0,0.0,0.0
0,0,0,0,25,0.14,84.4,4.1,240,2026-09-26 23:10:00,PT5M,0.0,0.0,0.0,0.0,0.0
0,0,0,0,25,0.14,84.5,4.0,240,2026-09-26 23:15:00,PT5M,0.0,0.0,0.0,0.0,0.0
0,0,0,0,25,0.14,84.7,4.0,239,2026-09-26 23:20:00,PT5M,0.0,0.0,0.0,0.0,0.0
0,0,0,0,25,0.14,84.8,3.9,239,2026-09-26 23:25:00,PT5M,0.0,0.0,0.0,0.0,0.0
0,0,0,0,25,0.14,84.9,3.9,239,2026-09-26 23:30:00,PT5M,0.0,0.0,0.0,0.0,0.0
0,0,0,0,25,0.14,85.0,3.9,239,2026-09-26 23:35:00,PT5M,0.0,0.0,0.0,0.0,0.0
0,0,0,0,25,0.14,85.1,3.9,239,2026-09-26 23:40:00,PT5M,0.0,0.0,0.0,0.0,0.0
0,0,0,0,25,0.14,85.1,3.9,240,2026-09-26 23:45:00,PT5M,0.0,0.0,0.0,0.0,0.0
0,0,0,0,25,0.14,85.1,3.9,240,2026-09-26 23:50:00,PT5M,0.0,0.0,0.0,0.0,0.0
0,0,0,0,25,0.14,85.2,4.0,241,2026-09-26 23:55:00,PT5M,0.0,0.0,0.0,0.0,0.0
0,0,0,0,25,0.14,85.2,4.0,241,2026-09-27 00:00:00,PT5M,0.0,0.0,0.0,0.0,0.0
0,0,0,0,25,0.14,85.3,4.0,242,2026-09-27 00:05:00,PT5M,0.0,0.0,0.0,0.0,0.0
0,0,0,0,25,0.14,85.3,4.0,242,2026-09-27 00:10:00,PT5M,0.0,0.0,0.0,0.0,0.0
0,0,0,0,25,0.14,85.4,4.0,243,2026-09-27 00:15:00,PT5M,0.0,0.0,0.0,0.0,0.0
0,0,0,0,25,0.14,85.4,4.1,243,2026-09-27 00:20:00,PT5M,0.0,0.0,0.0,0.0,0.0
0,0,0,0,25,0.14,85.4,4.1,243,2026-09-27 00:25:00,PT5M,0.0,0.0,0.0,0.0,0.0
0,0,0,0,25,0.14,85.5,4.1,244,2026-09-27 00:30:00,PT5M,0.0,0.0,0.0,0.0,0.0
0,0,0,0,25,0.14,85.5,4.1,244,2026-09-27 00:35:00,PT5M,0.0,0.0,0.0,0.0,0.0
0,0,0,0,25,0.14,85.6,4.1,244,2026-09-27 00:40:00,PT5M,0.0,0.0,0.0,0.0,0.0
0,0,0,0,25,0.14,85.6,4.1,244,2026-09-27 00:45:00,PT5M,0.0,0.0,0.0,0.0,0.0
0,0,0,0,25,0.14,85.6,4.0,244,2026-09-27 00:50:00,PT5M,0.0,0.0,0.0,0.0,0.0
0,0,0,0,25,0.14,85.7,4.0,244,2026-09-27 00:55:00,PT5M,0.0,0.0,0.0,0.0,0.0
0,0,0,0,25,0.14,85.7,4.0,244,2026-09-27 01:00:00,PT5M,0.0,0.0,0.0,0.0,0.0
0,0,0,0,25,0.14,85.8,4.0,244,2026-09-27 01:05:00,PT5M,0.0,0.0,0.0,0.0,0.0
0,0,0,0,25,0.14,85.8,4.0,244,2026-09-27 01:10:00,PT5M,0.0,0.0,0.0,0.0,0.0
0,0,0,0,25,0.14,85.9,4.0,244,2026-09-27 01:15:00,PT5M,0.0,0.0,0.0,0.0,0.0
0,0,0,0,25,0.14,85.9,3.9,244,2026-09-27 01:20:00,PT5M,0.0,0.0,0.0,0.0,0.0
0,0,0,0,25,0.14,85.9,3.9,244,2026-09-27 01:25:00,PT5M,0.0,0.0,0.0,0.0,0.0
0,0,0,0,25,0.14,86.0,3.9,244,2026-09-27 01:30:00,PT5M,0.0,0.0,0.0,0.0,0.0
0,0,0,0,25,0.14,86.1,3.9,244,2026-09-27 01:35:00,PT5M,0.0,0.0,0.0,0.0,0.0
0,0,0,0,25,0.14,86.1,3.8,244,2026-09-27 01:40:00,PT5M,0.0,0.0,0.0,0.0,0.0
0,0,0,0,25,0.14,86.2,3.8,245,2026-09-27 01:45:00,PT5M,0.0,0.0,0.0,0.0,0.0
0,0,0,0,25,0.14,86.3,3.8,245,2026-09-27 01:50:00,PT5M,0.0,0.0,0.0,0.0,0.0
0,0,0,0,25,0.14,86.4,3.7,245,2026-09-27 01:55:00,PT5M,0.0,0.0,0.0,0.0,0.0
0,0,0,0,25,0.14,86.5,3.7,245,2026-09-27 02:00:00,PT5M,0.0,0.0,0.0,0.0,0.0
0,0,0,0,25,0.14,86.6,3.7,245,2026-09-27 02:05:00,PT5M,0.0,0.0,0.0,0.0,0.0
0,0,0,0,25,0.14,86.7,3.6,245,2026-09-27 02:10:00,PT5M,0.0,0.0,0.0,0.0,0.0
0,0,0,0,25,0.14,86.7,3.6,246,2026-09-27 02:15:00,PT5M,0.0,0.0,0.0,0.0,0.0
0,0,0,0,25,0.14,86.8,3.6,246,2026-09-27 02:20:00,PT5M,0.0,0.0,0.0,0.0,0.0
0,0,0,0,25,0.14,86.9,3.5,246,2026-09-27 02:25:00,PT5M,0.0,0.0,0.0,0.0,0.0
0,0,0,0,25,0.14,87.0,3.5,246,2026-09-27 02:30:00,PT5M,0.0,0.0,0.0,0.0,0.0
0,0,0,0,25,0.14,87.1,3.5,246,2026-09-27 02:35:00,PT5M,0.0,0.0,0.0,0.0,0.0
0,0,0,0,25,0.14,87.1,3.5,247,2026-09-27 02:40:00,PT5M,0.0,0.0,0.0,0.0,0.0
0,0,0,0,25,0.14,87.2,3.5,247,2026-09-27 02:45:00,PT5M,0.0,0.0,0.0,0.0,0.0
0,0,0,0,25,0.14,87.2,3.4,247,2026-09-27 02:50:00,PT5M,0.0,0.0,0.0,0.0,0.0
0,0,0,0,25,0.14,87.3,3.4,247,2026-09-27 02:55:00,PT5M,0.0,0.0,0.0,0.0,0.0
0,0,0,0,25,0.14,87.3,3.4,247,2026-09-27 03:00:00,PT5M,0.0,0.0,0.0,0.0,0.0
0,0,0,0,25,0.14,87.3,3.4,248,2026-09-27 03:05:00,PT5M,0.0,0.0,0.0,0.0,0.0
0,0,0,0,25,0.14,87.4,3.4,248,2026-09-27 03:10:00,PT5M,0.0,0.0,0.0,0.0,0.0
0,0,0,0,25,0.14,87.4,3.4,248,2026-09-27 03:15:00,PT5M,0.0,0.0,0.0,0.0,0.0
0,0,0,0,25,0.14,87.5,3.4,248,2026-09-27 03:20:00,PT5M,0.0,0.0,0.0,0.0,0.0
0,0,0,0,25,0.14,87.5,3.3,249,2026-09-27 03:25:00,PT5M,0.0,0.0,0.0,0.0,0.0
0,0,0,0,25,0.14,87.6,3.3,249,2026-09-27 03:30:00,PT5M,0.0,0.0,0.0,0.0,0.0
0,0,0,0,25,0.14,87.6,3.3,249,2026-09-27 03:35:00,PT5M,0.0,0.0,0.0,0.0,0.0
0,0,0,0,25,0.14,87.7,3.3,248,2026-09-27 03:40:00,PT5M,0.0,0.0,0.0,0.0,0.0
0,0,0,0,25,0.14,87.8,3.2,248,2026-09-27 03:45:00,PT5M,0.0,0.0,0.0,0.0,0.0
0,0,0,0,25,0.14,87.9,3.2,248,2026-09-27 03:50:00,PT5M,0.0,0.0,0.0,0.0,0.0
0,0,0,0,25,0.14,88.0,3.2,248,2026-09-27 03:55:00,PT5M,0.0,0.0,0.0,0.0,0.0
0,0,0,0,25,0.14,88.1,3.1,247,2026-09-27 04:00:00,PT5M,0.0,0.0,0.0,0.0,0.0
0,0,0,0,25,0.14,88.2,3.1,247,2026-09-27 04:05:00,PT5M,0.0,0.0,0.0,0.0,0.0
0,0,0,0,25,0.14,88.2,3.0,247,2026-09-27 04:10:00,PT5M,0.0,0.0,0.0,0.0,0.0
0,0,0,0,25,0.14,88.3,3.0,246,2026-09-27 04:15:00,PT5M,0.0,0.0,0.0,0.0,0.0
0,0,0,0,25,0.14,88.4,3.0,246,2026-09-27 04:20:00,PT5M,0.0,0.0,0.0,0.0,0.0
0,0,0,0,25,0.14,88.5,2.9,246,2026-09-27 04:25:00,PT5M,0.0,0.0,0.0,0.0,0.0
0,0,0,0,25,0.14,88.6,2.9,245,2026-09-27 04:30:00,PT5M,0.0,0.0,0.0,0.0,0.0
0,0,0,0,25,0.14,88.7,2.9,245,2026-09-27 04:35:00,PT5M,0.0,0.0,0.0,0.0,0.0
0,0,0,0,25,0.14,88.7,2.9,245,2026-09-27 04:40:00,PT5M,0.0,0.0,0.0,0.0,0.0
0,0,0,0,25,0.14,88.8,2.9,246,2026-09-27 04:45:00,PT5M,0.0,0.0,0.0,0.0,0.0
0,0,0,0,25,0.14,88.8,2.9,246,2026-09-27 04:50:00,PT5M,0.0,0.0,0.0,0.0,0.0
0,0,0,0,25,0.14,88.8,2.8,246,2026-09-27 04:55:00,PT5M,0.0,0.0,0.0,0.0,0.0
0,0,0,0,25,0.14,88.9,2.8,246,2026-09-27 05:00:00,PT5M,0.0,0.0,0.0,0.0,0.0
0,0,0,0,25,0.14,88.9,2.8,246,2026-09-27 05:05:00,PT5M,0.0,0.0,0.0,0.0,0.0
0,0,0,0,25,0.14,89.0,2.8,246,2026-09-27 05:10:00,PT5M,0.0,0.0,0.0,0.0,0.0
0,0,0,0,25,0.14,89.0,2.8,247,2026-09-27 05:15:00,PT5M,0.0,0.0,0.0,0.0,0.0
0,0,0,0,25,0.14,89.1,2.8,247,2026-09-27 05:20:00,PT5M,0.0,0.0,0.0,0.0,0.0
0,0,0,0,25,0.14,89.1,2.8,247,2026-09-27 05:25:00,PT5M,0.0,0.0,0.0,0.0,0.0
0,0,0,0,25,0.14,89.2,2.8,247,2026-09-27 05:30:00,PT5M,0.0,0.0,0.0,0.0,0.0
0,0,0,0,25,0.14,89.1,2.8,247,2026-09-27 05:35:00,PT5M,0.0,0.0,0.0,0.0,0.0
0,0,0,0,25,0.14,89.0,2.8,247,2026-09-27 05:40:00,PT5M,0.0,0.0,0.0,0.0,0.0
0,0,0,0,25,0.14,89.0,2.8,246,2026-09-27 05:45:00,PT5M,0.0,0.0,0.0,0.0,0.0
0,0,0,0,25,0.14,88.9,2.8,246,2026-09-27 05:50:00,PT5M,0.0,0.0,0.0,0.0,0.0
0,0,0,0,25,0.14,88.8,2.7,245,2026-09-27 05:55:00,PT5M,0.0,0.0,0.0,0.0,0.0
2,2,0,2,25,0.14,88.7,2.7,245,2026-09-27 06:00:00,PT5M,0.0,0.0,0.0,0.0,0.0
10,10,0,10,25,0.14,88.6,2.7,245,2026-09-27 06:05:00,PT5M,0.73,1.142,0.9468,0.5132,0.318
20,20,7,19,25,0.14,88.5,2.7,244,2026-09-27 06:10:00,PT5M,2.02,3.015,2.5437,1.4963,1.025
30,31,42,27,25,0.14,88.4,2.7,244,2026-09-27 06:15:00,PT5M,3.698,5.6275,4.7135,2.6825,1.7685
43,43,85,35,25,0.14,88.4,2.6,243,2026-09-27 06:20:00,PT5M,6.031,9.335,7.7699,4.2921,2.727
57,56,119,42,25,0.14,88.3,2.6,243,2026-09-27 06:25:00,PT5M,8.662,13.4025,11.157,6.167,3.9215
71,71,153,50,25,0.14,88.2,2.6,243,2026-09-27 06:30:00,PT5M,11.838,18.214,15.1937,8.4823,5.462
87,87,190,56,25,0.14,87.8,2.6,242,2026-09-27 06:35:00,PT5M,15.458,23.609,19.7479,11.1681,7.307
104,104,227,62,25,0.14,87.2,2.6,242,2026-09-27 06:40:00,PT5M,19.418,29.3475,24.644,14.192,9.4885
122,121,264,68,25,0.14,86.5,2.6,242,2026-09-27 06:45:00,PT5M,23.513,35.1625,29.6442,17.3818,11.8635
141,140,299,73,26,0.14,85.9,2.6,242,2026-09-27 06:50:00,PT5M,27.812,41.1435,34.8285,20.7955,14.4805
160,159,334,77,26,0.14,85.2,2.6,242,2026-09-27 06:55:00,PT5M,32.29,47.3595,40.2212,24.3588,17.2205
180,178,365,81,26,0.14,84.6,2.6,242,2026-09-27 07:00:00,PT5M,36.913,53.804,45.8029,28.0231,20.022
199,197,387,86,26,0.14,84.0,2.5,242,2026-09-27 07:05:00,PT5M,41.387,60.1785,51.2771,31.4969,22.5955
218,216,409,90,26,0.14,83.4,2.5,242,2026-09-27 07:10:00,PT5M,45.972,66.692,56.8771,35.0669,25.252
237,235,429,95,26,0.14,82.8,2.5,242,2026-09-27 07:15:00,PT5M,50.626,73.2875,62.5529,38.6991,27.9645
257,255,448,99,26,0.14,82.2,2.5,242,2026-09-27 07:20:00,PT5M,55.31,79.92,68.2624,42.3576,30.7
276,274,466,102,27,0.14,81.6,2.5,242,2026-09-27 07:25:00,PT5M,60.014,86.568,73.9896,46.0384,33.46
296,294,484,106,27,0.14,81.0,2.5,241,2026-09-27 07:30:00,PT5M,64.743,93.244,79.7433,49.7427,36.242
316,313,498,109,27,0.14,80.3,2.5,242,2026-09-27 07:35:00,PT5M,69.386,99.886,85.4384,53.3336,38.886
335,332,511,113,27,0.14,79.6,2.5,242,2026-09-27 07:40:00,PT5M,74.083,100.0,91.263,56.903,41.4405
354,351,523,117,27,0.14,78.8,2.5,242,2026-09-27 07:45:00,PT5M,76.626,100.0,94.2178,59.0342,43.201
373,370,535,120,27,0.14,78.1,2.5,242,2026-09-27 07:50:00,PT5M,78.552,100.0,96.3391,60.7649,44.756
392,388,546,123,28,0.14,77.4,2.4,243,2026-09-27 07:55:00,PT5M,80.382,100.0,98.338,62.426,46.265
411,407,557,126,28,0.14,76.7,2.4,243,2026-09-27 08:00:00,PT5M,82.106,100.0,100.0,64.0102,47.7235
429,426,567,129,28,0.14,76.0,2.4,243,2026-09-27 08:05:00,PT5M,83.708,100.0,100.0,65.4725,49.06
448,444,576,132,28,0.14,75.3,2.4,243,2026-09-27 08:10:00,PT5M,85.172,100.0,100.0,66.8707,50.399
466,462,585,135,28,0.14,74.6,2.4,244,2026-09-27 08:15:00,PT5M,86.486,100.0,100.0,68.1629,51.6715
484,480,593,138,29,0.14,73.9,2.4,244,2026-09-27 08:20:00,PT5M,87.636,100.0,100.0,69.3416,52.876
502,498,601,141,29,0.14,73.3,2.3,244,2026-09-27 08:25:00,PT5M,88.62,100.0,100.0,70.4092,54.019
519,515,608,143,29,0.14,72.6,2.3,244,2026-09-27 08:30:00,PT5M,89.525,100.0,100.0,71.4648,55.21
537,532,614,146,29,0.14,71.9,2.3,244,2026-09-27 08:35:00,PT5M,90.35,100.0,100.0,72.4666,56.371
554,549,620,149,29,0.14,71.1,2.3,244,2026-09-27 08:40:00,PT5M,91.109,100.0,100.0,73.4109,57.482
570,565,625,152,29,0.14,70.4,2.3,244,2026-09-27 08:45:00,PT5M,91.82,100.0,100.0,74.385,58.693
586,581,631,155,30,0.14,69.6,2.3,244,2026-09-27 08:50:00,PT5M,92.491,100.0,100.0,75.4023,60.022
602,597,636,157,30,0.14,68.9,2.3,244,2026-09-27 08:55:00,PT5M,93.126,100.0,100.0,76.3773,61.303
618,613,640,160,30,0.14,68.2,2.2,244,2026-09-27 09:00:00,PT5M,93.734,100.0,100.0,77.3206,62.548
634,629,647,161,30,0.14,67.4,2.2,243,2026-09-27 09:05:00,PT5M,94.434,100.0,100.0,78.3629,63.8985
650,645,653,163,30,0.14,66.7,2.2,243,2026-09-27 09:10:00,PT5M,95.102,100.0,100.0,79.3678,65.2065
666,660,659,164,30,0.14,66.0,2.2,243,2026-09-27 09:15:00,PT5M,95.738,100.0,100.0,80.2335,66.279
681,675,665,166,31,0.14,65.3,2.2,243,2026-09-27 09:20:00,PT5M,96.345,100.0,100.0,81.1655,67.5035
696,690,671,167,31,0.14,64.7,2.2,243,2026-09-27 09:25:00,PT5M,96.924,100.0,100.0,82.0635,68.6885
710,704,677,168,31,0.14,64.0,2.2,242,2026-09-27 09:30:00,PT5M,97.477,100.0,100.0,82.9291,69.8355
724,718,682,169,31,0.14,63.4,2.1,242,2026-09-27 09:35:00,PT5M,98.001,100.0,100.0,83.7586,70.94
738,732,687,170,31,0.14,62.8,2.1,241,2026-09-27 09:40:00,PT5M,98.499,100.0,100.0,84.555,72.005
751,745,690,172,31,0.14,62.2,2.1,240,2026-09-27 09:45:00,PT5M,98.921,100.0,100.0,85.2618,72.968
764,757,694,174,32,0.14,61.7,2.1,239,2026-09-27 09:50:00,PT5M,99.316,100.0,100.0,85.9344,73.8905
776,769,697,175,32,0.14,61.1,2.1,238,2026-09-27 09:55:00,PT5M,99.693,100.0,100.0,86.5824,74.7825
787,781,700,177,32,0.14,60.5,2.1,236,2026-09-27 10:00:00,PT5M,100.0,100.0,100.0,87.1513,75.587
799,792,703,178,32,0.14,60.0,2.0,235,2026-09-27 10:05:00,PT5M,100.0,100.0,100.0,87.406,76.071
810,803,705,179,32,0.14,59.5,2.0,234,2026-09-27 10:10:00,PT5M,100.0,100.0,100.0,87.6534,76.541
820,813,708,181,32,0.14,58.9,2.0,233,2026-09-27 10:15:00,PT5M,100.0,100.0,100.0,87.8934,76.997
830,823,711,182,32,0.14,58.4,2.0,232,2026-09-27 10:20:00,PT5M,100.0,100.0,100.0,88.1268,77.4405
840,833,713,183,33,0.14,57.9,2.0,231,2026-09-27 10:25:00,PT5M,100.0,100.0,100.0,88.3539,77.872
849,842,715,184,33,0.14,57.4,2.0,230,2026-09-27 10:30:00,PT5M,100.0,100.0,100.0,88.5747,78.2915
856,849,714,187,33,0.14,56.9,2.0,229,2026-09-27 10:35:00,PT5M,100.0,100.0,100.0,88.7628,78.649
861,854,708,192,33,0.14,56.4,2.0,228,2026-09-27 10:40:00,PT5M,100.0,100.0,100.0,88.9178,78.9435
865,858,702,197,33,0.14,55.9,2.0,227,2026-09-27 10:45:00,PT5M,100.0,100.0,100.0,89.0649,79.223
869,862,697,201,33,0.14,55.4,2.0,226,2026-09-27 10:50:00,PT5M,100.0,100.0,100.0,89.2025,79.4845
872,865,691,206,33,0.14,54.9,2.0,225,2026-09-27 10:55:00,PT5M,100.0,100.0,100.0,89.3244,79.716
875,868,685,211,33,0.14,54.4,1.9,224,2026-09-27 11:00:00,PT5M,100.0,100.0,100.0,89.4318,79.92
877,870,679,215,33,0.14,54.0,1.9,224,2026-09-27 11:05:00,PT5M,100.0,100.0,100.0,89.547,80.139
879,872,672,220,33,0.14,53.5,1.9,223,2026-09-27 11:10:00,PT5M,100.0,100.0,100.0,89.6607,80.355
880,873,666,225,34,0.14,53.1,1.9,222,2026-09-27 11:15:00,PT5M,100.0,100.0,100.0,89.7583,80.5405
881,874,660,229,34,0.14,52.6,1.9,221,2026-09-27 11:20:00,PT5M,99.869,100.0,100.0,89.7144,80.575
881,874,653,233,34,0.14,52.1,1.9,220,2026-09-27 11:25:00,PT5M,99.569,100.0,100.0,89.4931,80.4245
880,874,646,238,34,0.14,51.7,1.9,219,2026-09-27 11:30:00,PT5M,99.25,100.0,100.0,89.2449,80.24
881,874,642,241,34,0.14,51.4,1.9,219,2026-09-27 11:35:00,PT5M,99.035,100.0,100.0,89.0399,80.044
881,874,639,243,34,0.14,51.3,2.0,220,2026-09-27 11:40:00,PT5M,98.921,100.0,100.0,88.8746,79.8325
882,875,637,245,34,0.14,51.2,2.0,220,2026-09-27 11:45:00,PT5M,98.785,100.0,100.0,88.6791,79.5835
881,874,634,247,34,0.14,51.1,2.1,221,2026-09-27 11:50:00,PT5M,98.627,100.0,100.0,88.453,79.296
880,874,631,249,34,0.14,51.0,2.2,221,2026-09-27 11:55:00,PT5M,98.444,100.0,100.0,88.1934,78.9675
879,872,627,251,34,0.14,51.0,2.2,222,2026-09-27 12:00:00,PT5M,98.291,100.0,100.0,87.9546,78.6515
877,870,624,252,34,0.14,50.9,2.3,223,2026-09-27 12:05:00,PT5M,98.17,100.0,100.0,87.7389,78.3505
874,868,620,254,34,0.14,50.8,2.3,223,2026-09-27 12:10:00,PT5M,98.025,100.0,100.0,87.4904,78.009
871,865,616,256,34,0.14,50.7,2.4,223,2026-09-27 12:15:00,PT5M,97.855,100.0,100.0,87.2083,77.626
868,861,612,258,34,0.14,50.6,2.4,224,2026-09-27 12:20:00,PT5M,97.661,100.0,100.0,86.8935,77.2025
864,857,608,259,34,0.14,50.5,2.5,224,2026-09-27 12:25:00,PT5M,97.445,100.0,100.0,86.5486,76.7415
859,853,604,261,34,0.14,50.4,2.5,225,2026-09-27 12:30:00,PT5M,97.206,100.0,100.0,86.1728,76.2425
852,846,596,264,34,0.14,50.6,2.6,225,2026-09-27 12:35:00,PT5M,96.801,100.0,100.0,85.6151,75.5475
843,837,584,268,34,0.14,51.1,2.7,224,2026-09-27 12:40:00,PT5M,96.227,100.0,100.0,84.8714,74.651
834,828,573,273,34,0.14,51.6,2.7,224,2026-09-27 12:45:00,PT5M,95.626,100.0,100.0,84.0901,73.7075
824,818,561,277,34,0.14,52.2,2.8,224,2026-09-27 12:50:00,PT5M,94.992,100.0,100.0,83.2596,72.7
814,808,550,281,33,0.14,52.7,2.9,223,2026-09-27 12:55:00,PT5M,94.333,100.0,100.0,82.4016,71.663
803,798,538,285,33,0.14,53.2,3.0,223,2026-09-27 13:00:00,PT5M,93.659,100.0,100.0,81.5366,70.626
793,787,527,288,33,0.14,53.8,3.0,223,2026-09-27 13:05:00,PT5M,93.017,100.0,100.0,80.6896,69.5945
781,776,515,291,33,0.14,54.4,3.1,223,2026-09-27 13:10:00,PT5M,92.271,100.0,100.0,79.722,68.4275
770,765,504,294,33,0.14,54.9,3.2,222,2026-09-27 13:15:00,PT5M,91.488,100.0,100.0,78.7779,67.3385
758,753,492,296,33,0.14,55.5,3.3,222,2026-09-27 13:20:00,PT5M,90.671,100.0,100.0,77.7236,66.0705
745,741,481,299,32,0.14,56.1,3.4,222,2026-09-27 13:25:00,PT5M,89.82,100.0,100.0,76.6289,64.7565
733,728,470,300,32,0.14,56.6,3.4,222,2026-09-27 13:30:00,PT5M,88.935,100.0,100.0,75.4942,63.397
716,711,450,305,32,0.14,56.8,3.5,222,2026-09-27 13:35:00,PT5M,87.438,100.0,100.0,73.6138,61.1715
694,690,423,312,32,0.14,56.6,3.4,222,2026-09-27 13:40:00,PT5M,85.326,100.0,99.6623,70.9897,58.0865
673,669,397,318,32,0.14,56.4,3.4,222,2026-09-27 13:45:00,PT5M,83.17,100.0,97.985,68.355,55.021
651,648,371,324,32,0.14,56.2,3.4,222,2026-09-27 13:50:00,PT5M,80.972,100.0,96.2567,65.6873,51.9305
630,627,347,328,32,0.14,56.0,3.3,222,2026-09-27 13:55:00,PT5M,78.679,100.0,94.428,62.93,48.7555
609,606,323,331,32,0.14,55.8,3.3,222,2026-09-27 14:00:00,PT5M,76.407,100.0,92.6144,60.1996,45.6125
588,585,300,333,32,0.14,55.6,3.3,222,2026-09-27 14:05:00,PT5M,74.091,100.0,90.7528,57.4292,42.433
567,564,278,334,33,0.14,55.3,3.2,222,2026-09-27 14:10:00,PT5M,71.739,100.0,88.8477,54.6303,39.232
546,544,257,334,33,0.14,55.1,3.2,222,2026-09-27 14:15:00,PT5M,69.344,100.0,86.8921,51.7959,36.002
525,523,236,334,33,0.14,54.9,3.2,222,2026-09-27 14:20:00,PT5M,66.877,100.0,84.8601,48.8939,32.7085
504,503,215,332,33,0.14,54.7,3.2,222,2026-09-27 14:25:00,PT5M,64.388,99.3655,82.7969,45.9791,29.4105
484,483,196,330,33,0.14,54.5,3.1,222,2026-09-27 14:30:00,PT5M,61.87,97.638,80.695,43.045,26.102
469,467,184,327,33,0.14,54.9,3.1,222,2026-09-27 14:35:00,PT5M,60.071,96.4115,79.1973,40.9447,23.7305
457,456,179,322,33,0.14,55.8,3.1,222,2026-09-27 14:40:00,PT5M,58.974,95.6865,78.2961,39.6519,22.2615
446,445,174,317,32,0.14,56.7,3.0,221,2026-09-27 14:45:00,PT5M,57.833,94.9225,77.3535,38.3125,20.7435
434,433,168,312,32,0.14,57.6,3.0,220,2026-09-27 14:50:00,PT5M,56.646,93.908,76.2573,37.0347,19.384
422,422,162,307,32,0.14,58.6,3.0,220,2026-09-27 14:55:00,PT5M,55.413,92.688,75.0311,35.7949,18.138
411,410,157,301,32,0.14,59.6,3.0,219,2026-09-27 15:00:00,PT5M,54.219,91.474,73.8266,34.6114,16.964
399,398,152,295,32,0.14,60.6,2.9,218,2026-09-27 15:05:00,PT5M,52.977,90.1315,72.5317,33.4223,15.8225
387,386,147,289,31,0.14,61.6,2.9,218,2026-09-27 15:10:00,PT5M,51.684,88.765,71.2,32.168,14.603
375,374,142,283,31,0.14,62.6,2.9,217,2026-09-27 15:15:00,PT5M,50.336,87.315,69.7983,30.8737,13.357
362,362,136,277,31,0.14,63.6,2.9,217,2026-09-27 15:20:00,PT5M,48.918,85.7665,68.3116,29.5244,12.0695
350,349,130,270,31,0.14,64.7,2.8,216,2026-09-27 15:25:00,PT5M,47.438,84.1165,66.7422,28.1338,10.7595
337,337,124,263,31,0.14,65.8,2.8,215,2026-09-27 15:30:00,PT5M,45.894,82.356,65.0842,26.7038,9.432
324,324,118,256,31,0.14,66.5,2.8,215,2026-09-27 15:35:00,PT5M,44.303,80.577,63.3943,25.2117,8.029
311,310,113,247,31,0.14,66.9,2.8,215,2026-09-27 15:40:00,PT5M,42.707,78.7875,61.6964,23.7176,6.6265
297,297,107,239,31,0.14,67.4,2.8,215,2026-09-27 15:45:00,PT5M,41.286,77.085,60.1273,22.4447,5.487
284,284,102,231,31,0.14,67.8,2.8,215,2026-09-27 15:50:00,PT5M,39.585,75.0235,58.2365,20.9335,4.1465
271,270,96,222,30,0.14,68.2,2.8,215,2026-09-27 15:55:00,PT5M,37.83,72.837,56.2544,19.4056,2.823
257,257,90,214,30,0.14,68.7,2.8,215,2026-09-27 16:00:00,PT5M,36.024,70.5385,54.1892,17.8588,1.5095
244,244,84,205,30,0.14,69.1,2.8,215,2026-09-27 16:05:00,PT5M,34.17,68.139,52.0481,16.2919,0.201
230,230,77,196,30,0.14,69.6,2.8,215,2026-09-27 16:10:00,PT5M,32.271,65.6475,49.8373,14.7047,0.0
217,217,71,187,30,0.14,70.0,2.8,215,2026-09-27 16:15:00,PT5M,30.343,62.7965,47.4235,13.2625,0.0
204,204,64,178,30,0.14,70.5,2.8,215,2026-09-27 16:20:00,PT5M,28.326,58.657,44.2894,12.3626,0.0
191,191,57,169,30,0.14,70.9,2.8,215,2026-09-27 16:25:00,PT5M,26.24,54.535,41.1319,11.3481,0.0
178,178,50,159,30,0.14,71.4,2.8,215,2026-09-27 16:30:00,PT5M,24.139,50.421,37.9714,10.3066,0.0
165,165,45,150,30,0.14,71.8,2.8,214,2026-09-27 16:35:00,PT5M,22.283,46.5655,35.0631,9.5029,0.0
154,154,42,140,30,0.14,72.1,2.8,214,2026-09-27 16:40:00,PT5M,20.626,42.92,32.3595,8.8925,0.0
142,142,39,130,30,0.14,72.4,2.9,213,2026-09-27 16:45:00,PT5M,18.905,39.225,29.5996,8.2104,0.0
130,131,34,121,30,0.14,72.8,2.9,212,2026-09-27 16:50:00,PT5M,17.16,35.49,26.8072,7.5128,0.0
119,119,29,111,30,0.14,73.1,2.9,212,2026-09-27 16:55:00,PT5M,15.414,31.837,24.0575,6.7705,0.0
107,107,21,102,30,0.14,73.5,2.9,211,2026-09-27 17:00:00,PT5M,13.591,28.1925,21.2759,5.9061,0.0
94,95,11,92,30,0.14,73.8,3.0,210,2026-09-27 17:05:00,PT5M,11.708,24.58,18.4826,4.9334,0.0
82,83,1,83,29,0.14,74.2,3.0,209,2026-09-27 17:10:00,PT5M,9.781,20.9785,15.6743,3.8877,0.0
71,71,0,71,29,0.14,74.6,3.0,209,2026-09-27 17:15:00,PT5M,8.328,17.8455,13.3371,3.3189,0.0
60,60,0,60,29,0.14,74.9,3.1,208,2026-09-27 17:20:00,PT5M,7.019,14.8325,11.1313,2.9067,0.0
49,49,0,49,29,0.14,75.3,3.1,207,2026-09-27 17:25:00,PT5M,5.692,11.838,8.9267,2.4573,0.0
39,40,0,40,29,0.14,75.6,3.1,207,2026-09-27 17:30:00,PT5M,4.38,8.9715,6.7965,1.9635,0.0
30,30,0,30,29,0.14,75.9,3.1,207,2026-09-27 17:35:00,PT5M,3.239,6.465,4.9369,1.5411,0.013
22,22,0,22,29,0.14,76.1,3.1,207,2026-09-27 17:40:00,PT5M,2.174,4.0945,3.1848,1.1632,0.2535
14,14,0,14,29,0.14,76.4,3.1,207,2026-09-27 17:45:00,PT5M,1.179,2.2075,1.7203,0.6377,0.1505
7,7,0,7,29,0.14,76.6,3.1,208,2026-09-27 17:50:00,PT5M,0.27,0.634,0.4616,0.0784,0.0
2,2,0,2,29,0.14,76.8,3.0,208,2026-09-27 17:55:00,PT5M,0.0,0.0,0.0,0.0,0.0
0,0,0,0,29,0.14,77.0,3.0,209,2026-09-27 18:00:00,PT5M,0.0,0.0,0.0,0.0,0.0
0,0,0,0,29,0.14,77.2,3.0,209,2026-09-27 18:05:00,PT5M,0.0,0.0,0.0,0.0,0.0
0,0,0,0,28,0.14,77.4,3.0,209,2026-09-27 18:10:00,PT5M,0.0,0.0,0.0,0.0,0.0
0,0,0,0,28,0.14,77.7,3.0,210,2026-09-27 18:15:00,PT5M,0.0,0.0,0.0,0.0,0.0
0,0,0,0,28,0.14,77.9,3.0,210,2026-09-27 18:20:00,PT5M,0.0,0.0,0.0,0.0,0.0
0,0,0,0,28,0.14,78.1,2.9,210,2026-09-27 18:25:00,PT5M,0.0,0.0,0.0,0.0,0.0
0,0,0,0,28,0.14,78.3,2.9,211,2026-09-27 18:30:00,PT5M,0.0,0.0,0.0,0.0,0.0
0,0,0,0,28,0.14,78.5,2.9,211,2026-09-27 18:35:00,PT5M,0.0,0.0,0.0,0.0,0.0
0,0,0,0,28,0.14,78.6,3.0,212,2026-09-27 18:40:00,PT5M,0.0,0.0,0.0,0.0,0.0
0,0,0,0,28,0.14,78.7,3.0,212,2026-09-27 18:45:00,PT5M,0.0,0.0,0.0,0.0,0.0
0,0,0,0,28,0.14,78.8,3.0,213,2026-09-27 18:50:00,PT5M,0.0,0.0,0.0,0.0,0.0
0,0,0,0,28,0.14,79.0,3.0,214,2026-09-27 18:55:00,PT5M,0.0,0.0,0.0,0.0,0.0
0,0,0,0,28,0.14,79.1,3.1,214,2026-09-27 19:00:00,PT5M,0.0,0.0,0.0,0.0,0.0
0,0,0,0,28,0.14,79.2,3.1,215,2026-09-27 19:05:00,PT5M,0.0,0.0,0.0,0.0,0.0
0,0,0,0,28,0.14,79.3,3.1,215,2026-09-27 19:10:00,PT5M,0.0,0.0,0.0,0.0,0.0
0,0,0,0,28,0.14,79.4,3.2,216,2026-09-27 19:15:00,PT5M,0.0,0.0,0.0,0.0,0.0
0,0,0,0,28,0.14,79.5,3.2,216,2026-09-27 19:20:00,PT5M,0.0,0.0,0.0,0.0,0.0
0,0,0,0,28,0.14,79.6,3.2,217,2026-09-27 19:25:00,PT5M,0.0,0.0,0.0,0.0,0.0
0,0,0,0,28,0.14,79.7,3.3,217,2026-09-27 19:30:00,PT5M,0.0,0.0,0.0,0.0,0.0
0,0,0,0,28,0.14,79.9,3.3,218,2026-09-27 19:35:00,PT5M,0.0,0.0,0.0,0.0,0.0
0,0,0,0,27,0.14,80.2,3.3,218,2026-09-27 19:40:00,PT5M,0.0,0.0,0.0,0.0,0.0
0,0,0,0,27,0.14,80.4,3.3,218,2026-09-27 19:45:00,PT5M,0.0,0.0,0.0,0.0,0.0
0,0,0,0,27,0.14,80.6,3.4,219,2026-09-27 19:50:00,PT5M,0.0,0.0,0.0,0.0,0.0
0,0,0,0,27,0.14,80.9,3.4,219,2026-09-27 19:55:00,PT5M,0.0,0.0,0.0,0.0,0.0
0,0,0,0,27,0.14,81.1,3.4,220,2026-09-27 20:00:00,PT5M,0.0,0.0,0.0,0.0,0.0
0,0,0,0,27,0.14,81.3,3.5,220,2026-09-27 20:05:00,PT5M,0.0,0.0,0.0,0.0,0.0
0,0,0,0,27,0.14,81.6,3.5,220,2026-09-27 20:10:00,PT5M,0.0,0.0,0.0,0.0,0.0
0,0,0,0,27,0.14,81.8,3.5,221,2026-09-27 20:15:00,PT5M,0.0,0.0,0.0,0.0,0.0
0,0,0,0,27,0.14,82.1,3.5,221,2026-09-27 20:20:00,PT5M,0.0,0.0,0.0,0.0,0.0
0,0,0,0,27,0.14,82.3,3.6,221,2026-09-27 20:25:00,PT5M,0.0,0.0,0.0,0.0,0.0
0,0,0,0,27,0.14,82.5,3.6,221,2026-09-27 20:30:00,PT5M,0.0,0.0,0.0,0.0,0.0
0,0,0,0,27,0.14,82.7,3.6,222,2026-09-27 20:35:00,PT5M,0.0,0.0,0.0,0.0,0.0
0,0,0,0,27,0.14,82.9,3.6,222,2026-09-27 20:40:00,PT5M,0.0,0.0,0.0,0.0,0.0
0,0,0,0,27,0.14,83.1,3.6,223,2026-09-27 20:45:00,PT5M,0.0,0.0,0.0,0.0,0.0
0,0,0,0,27,0.14,83.2,3.6,223,2026-09-27 20:50:00,PT5M,0.0,0.0,0.0,0.0,0.0
0,0,0,0,27,0.14,83.4,3.6,223,2026-09-27 20:55:00,PT5M,0.0,0.0,0.0,0.0,0.0
0,0,0,0,27,0.14,83.6,3.5,224,2026-09-27 21:00:00,PT5M,0.0,0.0,0.0,0.0,0.0
0,0,0,0,27,0.14,83.7,3.5,224,2026-09-27 21:05:00,PT5M,0.0,0.0,0.0,0.0,0.0
0,0,0,0,27,0.14,83.9,3.5,224,2026-09-27 21:10:00,PT5M,0.0,0.0,0.0,0.0,0.0
0,0,0,0,27,0.14,84.0,3.5,225,2026-09-27 21:15:00,PT5M,0.0,0.0,0.0,0.0,0.0
0,0,0,0,27,0.14,84.2,3.5,225,2026-09-27 21:20:00,PT5M,0.0,0.0,0.0,0.0,0.0
0,0,0,0,27,0.14,84.4,3.5,226,2026-09-27 21:25:00,PT5M,0.0,0.0,0.0,0.0,0.0
0,0,0,0,26,0.14,84.5,3.5,226,2026-09-27 21:30:00,PT5M,0.0,0.0,0.0,0.0,0.0
0,0,0,0,26,0.14,84.6,3.5,226,2026-09-27 21:35:00,PT5M,0.0,0.0,0.0,0.0,0.0
0,0,0,0,26,0.14,84.7,3.4,227,2026-09-27 21:40:00,PT5M,0.0,0.0,0.0,0.0,0.0
0,0,0,0,26,0.14,84.7,3.4,228,2026-09-27 21:45:00,PT5M,0.0,0.0,0.0,0.0,0.0
0,0,0,0,26,0.14,84.8,3.4,228,2026-09-27 21:50:00,PT5M,0.0,0.0,0.0,0.0,0.0
0,0,0,0,26,0.14,84.8,3.4,229,2026-09-27 21:55:00,PT5M,0.0,0.0,0.0,0.0,0.0
0,0,0,0,26,0.14,84.8,3.4,229,2026-09-27 22:00:00,PT5M,0.0,0.0,0.0,0.0,0.0
0,0,0,0,26,0.14,84.9,3.4,230,2026-09-27 22:05:00,PT5M,0.0,0.0,0.0,0.0,0.0
0,0,0,0,26,0.14,84.9,3.4,231,2026-09-27 22:10:00,PT5M,0.0,0.0,0.0,0.0,0.0
0,0,0,0,26,0.14,85.0,3.4,231,2026-09-27 22:15:00,PT5M,0.0,0.0,0.0,0.0,0.0
0,0,0,0,26,0.14,85.0,3.4,232,2026-09-27 22:20:00,PT5M,0.0,0.0,0.0,0.0,0.0
0,0,0,0,26,0.14,85.1,3.4,233,2026-09-27 22:25:00,PT5M,0.0,0.0,0.0,0.0,0.0
0,0,0,0,26,0.14,85.1,3.4,233,2026-09-27 22:30:00,PT5M,0.0,0.0,0.0,0.0,0.0
0,0,0,0,26,0.14,85.1,3.4,234,2026-09-27 22:35:00,PT5M,0.0,0.0,0.0,0.0,0.0
0,0,0,0,26,0.14,85.2,3.4,234,2026-09-27 22:40:00,PT5M,0.0,0.0,0.0,0.0,0.0
0,0,0,0,26,0.14,85.2,3.3,234,2026-09-27 22:45:00,PT5M,0.0,0.0,0.0,0.0,0.0
0,0,0,0,26,0.14,85.3,3.3,234,2026-09-27 22:50:00,PT5M,0.0,0.0,0.0,0.0,0.0
0,0,0,0,26,0.14,85.3,3.3,234,2026-09-27 22:55:00,PT5M,0.0,0.0,0.0,0.0,0.0
0,0,0,0,26,0.14,85.3,3.3,234,2026-09-27 23:00:00,PT5M,0.0,0.0,0.0,0.0,0.0
0,0,0,0,26,0.14,85.4,3.3,234,2026-09-27 23:05:00,PT5M,0.0,0.0,0.0,0.0,0.0
0,0,0,0,26,0.14,85.4,3.3,234,2026-09-27 23:10:00,PT5M,0.0,0.0,0.0,0.0,0.0
0,0,0,0,26,0.14,85.5,3.3,234,2026-09-27 23:15:00,PT5M,0.0,0.0,0.0,0.0,0.0
0,0,0,0,26,0.14,85.5,3.3,235,2026-09-27 23:20:00,PT5M,0.0,0.0,0.0,0.0,0.0
0,0,0,0,26,0.14,85.5,3.3,235,2026-09-27 23:25:00,PT5M,0.0,0.0,0.0,0.0,0.0
0,0,0,0,26,0.14,85.6,3.3,235,2026-09-27 23:30:00,PT5M,0.0,0.0,0.0,0.0,0.0
0,0,0,0,26,0.14,85.7,3.3,235,2026-09-27 23:35:00,PT5M,0.0,0.0,0.0,0.0,0.0
0,0,0,0,26,0.14,85.7,3.3,236,2026-09-27 23:40:00,PT5M,0.0,0.0,0.0,0.0,0.0
0,0,0,0,26,0.14,85.8,3.3,236,2026-09-27 23:45:00,PT5M,0.0,0.0,0.0,0.0,0.0
0,0,0,0,26,0.14,85.9,3.3,236,2026-09-27 23:50:00,PT5M,0.0,0.0,0.0,0.0,0.0
0,0,0,0,26,0.14,86.0,3.3,237,2026-09-27 23:55:00,PT5M,0.0,0.0,0.0,0.0,0.0
0,0,0,0,26,0.14,86.1,3.3,237,2026-09-28 00:00:00,PT5M,0.0,0.0,0.0,0.0,0.0
0,0,0,0,26,0.14,86.2,3.3,238,2026-09-28 00:05:00,PT5M,0.0,0.0,0.0,0.0,0.0
0,0,0,0,26,0.14,86.2,3.3,238,2026-09-28 00:10:00,PT5M,0.0,0.0,0.0,0.0,0.0
0,0,0,0,26,0.14,86.3,3.2,239,2026-09-28 00:15:00,PT5M,0.0,0.0,0.0,0.0,0.0
0,0,0,0,26,0.14,86.4,3.2,239,2026-09-28 00:20:00,PT5M,0.0,0.0,0.0,0.0,0.0
0,0,0,0,26,0.14,86.5,3.2,240,2026-09-28 00:25:00,PT5M,0.0,0.0,0.0,0.0,0.0
0,0,0,0,26,0.14,86.6,3.2,240,2026-09-28 00:30:00,PT5M,0.0,0.0,0.0,0.0,0.0
0,0,0,0,26,0.14,86.7,3.2,240,2026-09-28 00:35:00,PT5M,0.0,0.0,0.0,0.0,0.0
0,0,0,0,26,0.14,86.8,3.2,239,2026-09-28 00:40:00,PT5M,0.0,0.0,0.0,0.0,0.0
0,0,0,0,26,0.14,87.0,3.2,239,2026-09-28 00:45:00,PT5M,0.0,0.0,0.0,0.0,0.0
0,0,0,0,26,0.14,87.1,3.1,238,2026-09-28 00:50:00,PT5M,0.0,0.0,0.0,0.0,0.0
0,0,0,0,26,0.14,87.2,3.1,237,2026-09-28 00:55:00,PT5M,0.0,0.0,0.0,0.0,0.0
0,0,0,0,26,0.14,87.3,3.1,237,2026-09-28 01:00:00,PT5M,0.0,0.0,0.0,0.0,0.0
0,0,0,0,26,0.14,87.5,3.1,236,2026-09-28 01:05:00,PT5M,0.0,0.0,0.0,0.0,0.0
0,0,0,0,26,0.14,87.6,3.0,235,2026-09-28 01:10:00,PT5M,0.0,0.0,0.0,0.0,0.0
0,0,0,0,26,0.14,87.7,3.0,235,2026-09-28 01:15:00,PT5M,0.0,0.0,0.0,0.0,0.0
0,0,0,0,26,0.14,87.9,3.0,234,2026-09-28 01:20:00,PT5M,0.0,0.0,0.0,0.0,0.0
0,0,0,0,26,0.14,88.0,3.0,233,2026-09-28 01:25:00,PT5M,0.0,0.0,0.0,0.0,0.0
0,0,0,0,26,0.14,88.1,2.9,232,2026-09-28 01:30:00,PT5M,0.0,0.0,0.0,0.0,0.0
0,0,0,0,26,0.14,88.2,2.9,232,2026-09-28 01:35:00,PT5M,0.0,0.0,0.0,0.0,0.0
0,0,0,0,26,0.14,88.3,2.9,232,2026-09-28 01:40:00,PT5M,0.0,0.0,0.0,0.0,0.0
0,0,0,0,26,0.14,88.4,2.9,233,2026-09-28 01:45:00,PT5M,0.0,0.0,0.0,0.0,0.0
0,0,0,0,25,0.14,88.5,2.9,233,2026-09-28 01:50:00,PT5M,0.0,0.0,0.0,0.0,0.0
0,0,0,0,25,0.14,88.6,2.9,233,2026-09-28 01:55:00,PT5M,0.0,0.0,0.0,0.0,0.0
0,0,0,0,25,0.14,88.7,2.9,233,2026-09-28 02:00:00,PT5M,0.0,0.0,0.0,0.0,0.0
0,0,0,0,25,0.14,88.8,2.9,234,2026-09-28 02:05:00,PT5M,0.0,0.0,0.0,0.0,0.0
0,0,0,0,25,0.14,88.8,2.8,234,2026-09-28 02:10:00,PT5M,0.0,0.0,0.0,0.0,0.0
0,0,0,0,25,0.14,88.9,2.8,234,2026-09-28 02:15:00,PT5M,0.0,0.0,0.0,0.0,0.0
0,0,0,0,25,0.14,89.0,2.8,234,2026-09-28 02:20:00,PT5M,0.0,0.0,0.0,0.0,0.0
0,0,0,0,25,0.14,89.1,2.8,235,2026-09-28 02:25:00,PT5M,0.0,0.0,0.0,0.0,0.0
0,0,0,0,25,0.14,89.2,2.8,235,2026-09-28 02:30:00,PT5M,0.0,0.0,0.0,0.0,0.0
0,0,0,0,25,0.14,89.3,2.8,236,2026-09-28 02:35:00,PT5M,0.0,0.0,0.0,0.0,0.0
0,0,0,0,25,0.14,89.3,2.8,237,2026-09-28 02:40:00,PT5M,0.0,0.0,0.0,0.0,0.0
0,0,0,0,25,0.14,89.4,2.8,238,2026-09-28 02:45:00,PT5M,0.0,0.0,0.0,0.0,0.0
0,0,0,0,25,0.14,89.4,2.9,239,2026-09-28 02:50:00,PT5M,0.0,0.0,0.0,0.0,0.0
0,0,0,0,25,0.14,89.4,2.9,240,2026-09-28 02:55:00,PT5M,0.0,0.0,0.0,0.0,0.0
0,0,0,0,25,0.14,89.5,2.9,241,2026-09-28 03:00:00,PT5M,0.0,0.0,0.0,0.0,0.0
0,0,0,0,25,0.14,89.5,2.9,242,2026-09-28 03:05:00,PT5M,0.0,0.0,0.0,0.0,0.0
0,0,0,0,25,0.14,89.6,2.9,243,2026-09-28 03:10:00,PT5M,0.0,0.0,0.0,0.0,0.0
0,0,0,0,25,0.14,89.6,3.0,244,2026-09-28 03:15:00,PT5M,0.0,0.0,0.0,0.0,0.0
0,0,0,0,25,0.14,89.7,3.0,245,2026-09-28 03:20:00,PT5M,0.0,0.0,0.0,0.0,0.0
0,0,0,0,25,0.14,89.7,3.0,245,2026-09-28 03:25:00,PT5M,0.0,0.0,0.0,0.0,0.0
0,0,0,0,25,0.14,89.8,3.0,246,2026-09-28 03:30:00,PT5M,0.0,0.0,0.0,0.0,0.0
0,0,0,0,25,0.14,89.8,3.1,247,2026-09-28 03:35:00,PT5M,0.0,0.0,0.0,0.0,0.0
0,0,0,0,25,0.14,89.7,3.1,246,2026-09-28 03:40:00,PT5M,0.0,0.0,0.0,0.0,0.0
0,0,0,0,25,0.14,89.7,3.2,246,2026-09-28 03:45:00,PT5M,0.0,0.0,0.0,0.0,0.0
0,0,0,0,25,0.14,89.6,3.2,246,2026-09-28 03:50:00,PT5M,0.0,0.0,0.0,0.0,0.0
0,0,0,0,25,0.14,89.6,3.3,246,2026-09-28 03:55:00,PT5M,0.0,0.0,0.0,0.0,0.0
0,0,0,0,25,0.14,89.5,3.3,245,2026-09-28 04:00:00,PT5M,0.0,0.0,0.0,0.0,0.0
0,0,0,0,25,0.14,89.5,3.4,245,2026-09-28 04:05:00,PT5M,0.0,0.0,0.0,0.0,0.0
0,0,0,0,25,0.14,89.4,3.4,245,2026-09-28 04:10:00,PT5M,0.0,0.0,0.0,0.0,0.0
0,0,0,0,25,0.14,89.4,3.5,245,2026-09-28 04:15:00,PT5M,0.0,0.0,0.0,0.0,0.0
0,0,0,0,25,0.14,89.3,3.5,245,2026-09-28 04:20:00,PT5M,0.0,0.0,0.0,0.0,0.0
0,0,0,0,25,0.14,89.3,3.6,244,2026-09-28 04:25:00,PT5M,0.0,0.0,0.0,0.0,0.0
0,0,0,0,25,0.14,89.3,3.6,244,2026-09-28 04:30:00,PT5M,0.0,0.0,0.0,0.0,0.0
0,0,0,0,25,0.14,89.2,3.6,244,2026-09-28 04:35:00,PT5M,0.0,0.0,0.0,0.0,0.0
0,0,0,0,25,0.14,89.2,3.5,243,2026-09-28 04:40:00,PT5M,0.0,0.0,0.0,0.0,0.0
0,0,0,0,25,0.14,89.2,3.5,243,2026-09-28 04:45:00,PT5M,0.0,0.0,0.0,0.0,0.0
0,0,0,0,25,0.14,89.2,3.4,242,2026-09-28 04:50:00,PT5M,0.0,0.0,0.0,0.0,0.0
0,0,0,0,25,0.14,89.2,3.3,242,2026-09-28 04:55:00,PT5M,0.0,0.0,0.0,0.0,0.0
0,0,0,0,25,0.14,89.2,3.2,241,2026-09-28 05:00:00,PT5M,0.0,0.0,0.0,0.0,0.0
0,0,0,0,25,0.14,89.2,3.2,241,2026-09-28 05:05:00,PT5M,0.0,0.0,0.0,0.0,0.0
0,0,0,0,25,0.14,89.2,3.1,240,2026-09-28 05:10:00,PT5M,0.0,0.0,0.0,0.0,0.0
0,0,0,0,25,0.14,89.2,3.0,239,2026-09-28 05:15:00,PT5M,0.0,0.0,0.0,0.0,0.0
0,0,0,0,25,0.14,89.2,2.9,239,2026-09-28 05:20:00,PT5M,0.0,0.0,0.0,0.0,0.0
0,0,0,0,25,0.14,89.2,2.9,238,2026-09-28 05:25:00,PT5M,0.0,0.0,0.0,0.0,0.0
0,0,0,0,25,0.14,89.2,2.8,237,2026-09-28 05:30:00,PT5M,0.0,0.0,0.0,0.0,0.0
0,0,0,0,25,0.14,89.2,2.8,236,2026-09-28 05:35:00,PT5M,0.0,0.0,0.0,0.0,0.0
0,0,0,0,25,0.14,89.1,2.9,235,2026-09-28 05:40:00,PT5M,0.0,0.0,0.0,0.0,0.0
0,0,0,0,25,0.14,89.0,3.0,234,2026-09-28 05:45:00,PT5M,0.0,0.0,0.0,0.0,0.0
0,0,0,0,25,0.14,88.9,3.1,233,2026-09-28 05:50:00,PT5M,0.0,0.0,0.0,0.0,0.0
0,0,0,0,25,0.14,88.8,3.2,232,2026-09-28 05:55:00,PT5M,0.0,0.0,0.0,0.0,0.0
3,3,0,3,25,0.14,88.8,3.3,231,2026-09-28 06:00:00,PT5M,0.0,0.0,0.0,0.0,0.0
11,11,0,11,25,0.14,88.7,3.4,230,2026-09-28 06:05:00,PT5M,0.808,1.236,1.0333,0.5827,0.38
20,21,18,19,25,0.14,88.6,3.5,229,2026-09-28 06:10:00,PT5M,2.121,3.0895,2.6307,1.6113,1.1525
31,32,59,27,25,0.14,88.5,3.6,228,2026-09-28 06:15:00,PT5M,3.947,5.8415,4.9441,2.9499,2.0525
45,45,107,34,25,0.14,88.4,3.8,228,2026-09-28 06:20:00,PT5M,6.464,9.7035,8.169,4.759,3.2245
59,58,142,41,26,0.14,88.3,3.9,227,2026-09-28 06:25:00,PT5M,9.26,13.912,11.7084,6.8116,4.608
74,73,178,48,26,0.14,88.2,4.0,226,2026-09-28 06:30:00,PT5M,12.619,18.877,15.9126,9.3254,6.361
90,89,217,54,26,0.14,87.9,4.0,226,2026-09-28 06:35:00,PT5M,16.487,24.4925,20.7004,12.2736,8.4815
108,106,256,60,26,0.14,87.2,3.9,225,2026-09-28 06:40:00,PT5M,20.515,30.275,25.6518,15.3782,10.755
126,124,293,65,26,0.14,86.6,3.9,225,2026-09-28 06:45:00,PT5M,24.727,36.1845,30.7572,18.6968,13.2695
145,143,329,69,26,0.14,85.9,3.8,225,2026-09-28 06:50:00,PT5M,29.118,42.242,36.0253,22.2107,15.994
164,162,364,73,26,0.14,85.3,3.7,224,2026-09-28 06:55:00,PT5M,33.683,48.5365,41.5005,25.8655,18.8295
184,182,394,77,26,0.14,84.7,3.7,224,2026-09-28 07:00:00,PT5M,38.36,55.0315,47.1343,29.5857,21.6885
203,201,416,81,26,0.14,84.0,3.6,223,2026-09-28 07:05:00,PT5M,42.878,61.4495,52.6523,33.1037,24.3065
222,220,436,85,26,0.14,83.4,3.5,223,2026-09-28 07:10:00,PT5M,47.488,67.9915,58.2791,36.6969,26.9845
242,239,455,89,27,0.14,82.8,3.5,222,2026-09-28 07:15:00,PT5M,52.148,74.6005,63.9649,40.3311,29.6955
261,258,473,93,27,0.14,82.2,3.4,221,2026-09-28 07:20:00,PT5M,56.821,81.234,69.6697,43.9723,32.408
281,278,490,97,27,0.14,81.6,3.4,221,2026-09-28 07:25:00,PT5M,61.588,87.9615,75.4686,47.7074,35.2145
300,297,506,100,27,0.14,81.0,3.3,220,2026-09-28 07:30:00,PT5M,66.268,94.61,81.1846,51.3514,37.926
320,316,520,104,27,0.14,80.3,3.3,220,2026-09-28 07:35:00,PT5M,70.916,100.0,86.8944,54.9376,40.5565
339,335,533,107,27,0.14,79.6,3.3,220,2026-09-28 07:40:00,PT5M,75.626,100.0,92.7412,58.5108,43.1065
358,355,546,110,27,0.14,78.9,3.4,220,2026-09-28 07:45:00,PT5M,78.09,100.0,95.5929,60.5871,44.834
378,374,558,113,28,0.14,78.1,3.5,220,2026-09-28 07:50:00,PT5M,80.014,100.0,97.7245,62.3035,46.3635
397,393,569,116,28,0.14,77.4,3.5,220,2026-09-28 07:55:00,PT5M,81.842,100.0,99.7349,63.9491,47.845
416,411,580,119,28,0.14,76.7,3.6,220,2026-09-28 08:00:00,PT5M,83.562,100.0,100.0,65.5147,49.2715
435,430,590,121,28,0.14,76.0,3.6,220,2026-09-28 08:05:00,PT5M,85.158,100.0,100.0,66.9557,50.573
453,449,600,124,28,0.14,75.3,3.7,220,2026-09-28 08:10:00,PT5M,86.613,100.0,100.0,68.3291,51.873
472,467,609,126,28,0.14,74.6,3.7,220,2026-09-28 08:15:00,PT5M,87.916,100.0,100.0,69.5929,53.1015
490,485,618,129,29,0.14,73.9,3.8,220,2026-09-28 08:20:00,PT5M,89.05,100.0,100.0,70.7385,54.2575
508,503,625,131,29,0.14,73.2,3.8,220,2026-09-28 08:25:00,PT5M,90.017,100.0,100.0,71.7686,55.3445
526,520,633,134,29,0.14,72.6,3.9,220,2026-09-28 08:30:00,PT5M,90.905,100.0,100.0,72.7403,56.3915
543,538,639,136,29,0.14,71.9,3.9,220,2026-09-28 08:35:00,PT5M,91.696,100.0,100.0,73.6371,57.3835
560,554,644,139,29,0.14,71.1,3.9,220,2026-09-28 08:40:00,PT5M,92.405,100.0,100.0,74.4879,58.362
577,571,649,142,29,0.14,70.4,3.9,221,2026-09-28 08:45:00,PT5M,93.069,100.0,100.0,75.3119,59.33
593,587,654,144,30,0.14,69.7,3.9,221,2026-09-28 08:50:00,PT5M,93.697,100.0,100.0,76.1754,60.4055
609,603,658,147,30,0.14,69.0,3.9,221,2026-09-28 08:55:00,PT5M,94.291,100.0,100.0,77.076,61.582
625,619,663,150,30,0.14,68.3,4.0,222,2026-09-28 09:00:00,PT5M,94.862,100.0,100.0,77.9489,62.7265
641,635,669,151,30,0.14,67.6,4.0,222,2026-09-28 09:05:00,PT5M,95.526,100.0,100.0,78.9215,63.977
657,651,675,153,30,0.14,67.0,4.0,222,2026-09-28 09:10:00,PT5M,96.16,100.0,100.0,79.8584,65.1865
672,666,681,154,30,0.14,66.3,4.0,223,2026-09-28 09:15:00,PT5M,96.764,100.0,100.0,80.7595,66.355
688,681,686,156,31,0.14,65.6,4.0,223,2026-09-28 09:20:00,PT5M,97.341,100.0,100.0,81.6278,67.4855
703,696,692,157,31,0.14,65.0,4.0,223,2026-09-28 09:25:00,PT5M,97.892,100.0,100.0,82.4644,68.579
717,710,697,158,31,0.14,64.3,4.0,224,2026-09-28 09:30:00,PT5M,98.418,100.0,100.0,83.2696,69.6355
731,724,701,159,31,0.14,63.8,4.1,224,2026-09-28 09:35:00,PT5M,98.865,100.0,100.0,83.9787,70.5805
744,737,704,161,31,0.14,63.3,4.1,224,2026-09-28 09:40:00,PT5M,99.272,100.0,100.0,84.6304,71.4525
756,749,706,163,31,0.14,62.8,4.2,224,2026-09-28 09:45:00,PT5M,99.559,100.0,100.0,85.054,71.999
768,761,707,166,31,0.14,62.3,4.2,224,2026-09-28 09:50:00,PT5M,99.82,100.0,100.0,85.5402,72.688
779,772,708,168,32,0.14,61.9,4.3,224,2026-09-28 09:55:00,PT5M,100.0,100.0,100.0,85.9387,73.283
790,782,709,170,32,0.14,61.4,4.3,224,2026-09-28 10:00:00,PT5M,100.0,100.0,100.0,86.1476,73.68
800,793,710,172,32,0.14,60.9,4.4,225,2026-09-28 10:05:00,PT5M,100.0,100.0,100.0,86.3489,74.0625
810,803,711,175,32,0.14,60.5,4.4,225,2026-09-28 10:10:00,PT5M,100.0,100.0,100.0,86.5431,74.4315
819,812,711,177,32,0.14,60.0,4.5,225,2026-09-28 10:15:00,PT5M,100.0,100.0,100.0,86.73,74.7865
828,821,712,179,32,0.14,59.6,4.5,225,2026-09-28 10:20:00,PT5M,100.0,100.0,100.0,86.9097,75.128
837,829,712,181,32,0.14,59.1,4.6,225,2026-09-28 10:25:00,PT5M,100.0,100.0,100.0,87.0834,75.458
845,837,712,183,32,0.14,58.7,4.6,225,2026-09-28 10:30:00,PT5M,100.0,100.0,100.0,87.2507,75.776
850,843,707,187,33,0.14,58.4,4.7,225,2026-09-28 10:35:00,PT5M,100.0,100.0,100.0,87.3744,76.011
853,845,697,194,33,0.14,58.3,4.7,224,2026-09-28 10:40:00,PT5M,100.0,100.0,100.0,87.4542,76.1625
855,848,687,201,33,0.14,58.1,4.7,224,2026-09-28 10:45:00,PT5M,100.0,100.0,100.0,87.526,76.299
857,849,676,208,33,0.14,58.0,4.7,223,2026-09-28 10:50:00,PT5M,100.0,100.0,100.0,87.5881,76.417
858,850,666,215,33,0.14,57.9,4.7,223,2026-09-28 10:55:00,PT5M,99.594,100.0,100.0,87.2279,76.098
858,851,655,222,33,0.14,57.7,4.7,222,2026-09-28 11:00:00,PT5M,99.154,100.0,100.0,86.821,75.721
858,851,645,229,33,0.14,57.6,4.7,222,2026-09-28 11:05:00,PT5M,98.708,100.0,100.0,86.4164,75.3535
857,850,635,235,33,0.14,57.5,4.7,221,2026-09-28 11:10:00,PT5M,98.25,100.0,100.0,85.9968,74.9685
856,849,624,242,33,0.14,57.3,4.7,221,2026-09-28 11:15:00,PT5M,97.774,100.0,100.0,85.5431,74.535
855,848,614,248,33,0.14,57.2,4.7,220,2026-09-28 11:20:00,PT5M,97.281,100.0,100.0,85.0625,74.0655
852,846,603,255,33,0.14,57.1,4.7,220,2026-09-28 11:25:00,PT5M,96.772,100.0,100.0,84.5572,73.5635
850,843,592,261,33,0.14,57.0,4.8,219,2026-09-28 11:30:00,PT5M,96.246,100.0,100.0,84.0273,73.03
847,840,583,266,33,0.14,56.9,4.8,219,2026-09-28 11:35:00,PT5M,95.778,100.0,100.0,83.4993,72.448
845,838,575,270,33,0.14,56.9,4.8,219,2026-09-28 11:40:00,PT5M,95.366,100.0,100.0,83.0165,71.9015
842,835,567,275,33,0.14,57.0,4.8,219,2026-09-28 11:45:00,PT5M,94.932,100.0,100.0,82.4569,71.229
838,832,559,279,33,0.14,57.0,4.8,219,2026-09-28 11:50:00,PT5M,94.475,100.0,100.0,81.8663,70.518
834,828,551,283,33,0.14,57.0,4.8,218,2026-09-28 11:55:00,PT5M,93.994,100.0,100.0,81.2437,69.768
830,823,542,287,33,0.14,57.0,4.8,218,2026-09-28 12:00:00,PT5M,93.549,100.0,100.0,80.6489,69.0385
825,818,534,291,33,0.14,57.1,4.8,218,2026-09-28 12:05:00,PT5M,93.127,100.0,100.0,80.0688,68.316
819,813,525,294,33,0.14,57.1,4.9,218,2026-09-28 12:10:00,PT5M,92.736,100.0,100.0,79.512,67.61
813,807,516,298,33,0.14,57.1,4.9,218,2026-09-28 12:15:00,PT5M,92.265,100.0,100.0,78.8676,66.8095
807,801,507,301,33,0.14,57.1,4.9,218,2026-09-28 12:20:00,PT5M,91.768,100.0,100.0,78.1895,65.9685
800,794,499,304,33,0.14,57.2,4.9,218,2026-09-28 12:25:00,PT5M,91.245,100.0,100.0,77.4781,65.0875
792,787,490,307,33,0.14,57.2,4.9,218,2026-09-28 12:30:00,PT5M,90.697,100.0,100.0,76.7367,64.172
783,778,479,311,33,0.14,58.3,4.9,218,2026-09-28 12:35:00,PT5M,90.064,100.0,100.0,75.9,63.152
773,768,465,315,32,0.14,60.4,4.9,219,2026-09-28 12:40:00,PT5M,89.341,100.0,100.0,74.962,62.0205
762,757,451,320,32,0.14,62.7,4.9,220,2026-09-28 12:45:00,PT5M,88.584,100.0,100.0,73.9819,60.8395
751,746,438,324,31,0.14,65.1,4.9,222,2026-09-28 12:50:00,PT5M,87.785,100.0,100.0,72.9463,59.591
739,735,425,327,31,0.14,67.5,4.9,223,2026-09-28 12:55:00,PT5M,86.959,100.0,100.0,71.8874,58.3225
727,723,412,331,30,0.14,70.1,4.8,224,2026-09-28 13:00:00,PT5M,86.12,100.0,100.0,70.8287,57.066
715,711,399,334,30,0.14,72.7,4.8,225,2026-09-28 13:05:00,PT5M,85.236,100.0,100.0,69.7115,55.739
703,699,386,336,29,0.14,75.5,4.8,226,2026-09-28 13:10:00,PT5M,84.303,100.0,100.0,68.5346,54.3425
691,687,373,338,29,0.14,78.4,4.8,228,2026-09-28 13:15:00,PT5M,83.329,100.0,99.3464,67.3116,52.8955
678,674,361,340,28,0.14,81.4,4.8,229,2026-09-28 13:20:00,PT5M,82.315,100.0,98.5837,66.0463,51.404
665,661,349,341,28,0.14,84.5,4.8,230,2026-09-28 13:25:00,PT5M,81.262,100.0,97.7833,64.7407,49.871
651,648,337,342,27,0.14,87.7,4.8,231,2026-09-28 13:30:00,PT5M,80.105,100.0,96.8797,63.3303,48.2325
635,632,319,344,27,0.14,89.3,4.8,231,2026-09-28 13:35:00,PT5M,78.505,100.0,95.6129,61.3971,45.9995
615,612,297,347,27,0.14,89.3,4.8,230,2026-09-28 13:40:00,PT5M,76.392,100.0,93.9078,58.8762,43.1115
595,592,276,349,27,0.14,89.2,4.8,229,2026-09-28 13:45:00,PT5M,74.245,100.0,92.1626,56.3274,40.201
575,573,256,350,27,0.14,89.1,4.7,228,2026-09-28 13:50:00,PT5M,72.063,100.0,90.3761,53.7499,37.2675
556,554,236,350,27,0.14,89.0,4.7,227,2026-09-28 13:55:00,PT5M,69.848,100.0,88.5501,51.1459,34.3135
536,535,217,350,27,0.14,88.9,4.7,226,2026-09-28 14:00:00,PT5M,67.601,100.0,86.6854,48.5166,31.34
517,516,199,348,27,0.14,88.8,4.7,225,2026-09-28 14:05:00,PT5M,65.313,100.0,84.774,45.852,28.3365
498,497,182,346,27,0.14,88.7,4.6,224,2026-09-28 14:10:00,PT5M,63.012,100.0,82.8414,43.1826,25.3355
479,478,165,343,27,0.14,88.6,4.6,223,2026-09-28 14:15:00,PT5M,60.676,99.0385,80.8665,40.4855,22.3135
460,459,149,340,27,0.14,88.6,4.6,222,2026-09-28 14:20:00,PT5M,58.293,97.328,78.8374,37.7486,19.258
442,441,133,336,27,0.14,88.5,4.6,221,2026-09-28 14:25:00,PT5M,55.895,95.5845,76.7839,35.0061,16.2055
423,423,118,331,27,0.14,88.4,4.6,220,2026-09-28 14:30:00,PT5M,53.487,93.8125,74.7106,32.2634,13.1615
409,409,109,326,27,0.14,88.1,4.6,220,2026-09-28 14:35:00,PT5M,51.711,92.49,73.1733,30.2487,10.932
399,399,105,320,28,0.14,87.6,4.6,220,2026-09-28 14:40:00,PT5M,50.55,91.615,72.1628,28.9372,9.485
389,388,101,314,28,0.14,87.0,4.6,220,2026-09-28 14:45:00,PT5M,49.546,90.898,71.3099,27.7821,8.194
378,378,97,308,28,0.14,86.5,4.7,220,2026-09-28 14:50:00,PT5M,48.329,89.988,70.2544,26.4036,6.67
368,368,93,302,28,0.14,86.0,4.7,220,2026-09-28 14:55:00,PT5M,47.088,89.055,69.1755,25.0005,5.121
358,357,89,296,28,0.14,85.5,4.8,220,2026-09-28 15:00:00,PT5M,45.876,88.1445,68.1222,23.6298,3.6075
347,347,86,289,28,0.14,85.0,4.8,220,2026-09-28 15:05:00,PT5M,44.631,87.201,67.0359,22.2261,2.061
337,336,82,283,28,0.14,84.5,4.8,221,2026-09-28 15:10:00,PT5M,43.35,85.839,65.7123,20.9877,0.861
326,326,78,276,28,0.14,84.0,4.9,221,2026-09-28 15:15:00,PT5M,42.029,84.4075,64.3331,19.7249,0.0
315,315,74,269,28,0.14,83.5,4.9,221,2026-09-28 15:20:00,PT5M,40.658,82.902,62.8913,18.4247,0.0
304,304,70,261,28,0.14,83.0,5.0,221,2026-09-28 15:25:00,PT5M,39.245,81.32,61.3894,17.1006,0.0
293,293,66,254,28,0.14,82.5,5.0,221,2026-09-28 15:30:00,PT5M,37.79,79.656,59.8244,15.7556,0.0
283,283,63,246,28,0.14,82.6,5.0,221,2026-09-28 15:35:00,PT5M,36.553,78.188,58.4658,14.6402,0.0
273,273,63,238,28,0.14,83.1,4.9,220,2026-09-28 15:40:00,PT5M,35.574,76.8445,57.295,13.853,0.0
263,263,63,230,28,0.14,83.6,4.7,219,2026-09-28 15:45:00,PT5M,34.562,75.451,56.0822,13.0418,0.0
253,253,62,221,28,0.14,84.2,4.6,219,2026-09-28 15:50:00,PT5M,33.507,73.9415,54.788,12.226,0.0
243,243,61,213,28,0.14,84.7,4.5,218,2026-09-28 15:55:00,PT5M,32.407,72.3225,53.4148,11.3992,0.0
233,233,60,204,28,0.14,85.2,4.4,217,2026-09-28 16:00:00,PT5M,31.259,70.604,51.9666,10.5514,0.0
223,223,59,195,28,0.14,85.8,4.3,216,2026-09-28 16:05:00,PT5M,30.065,68.79,50.4462,9.6838,0.0
212,212,57,187,28,0.14,86.3,4.2,215,2026-09-28 16:10:00,PT5M,28.826,66.8915,48.8601,8.7919,0.0
201,202,56,178,28,0.14,86.9,4.1,214,2026-09-28 16:15:00,PT5M,27.58,64.4515,46.9857,8.1743,0.0
191,191,54,169,27,0.14,87.5,4.0,213,2026-09-28 16:20:00,PT5M,26.245,60.775,44.4184,8.0716,0.0
180,180,52,160,27,0.14,88.0,3.9,212,2026-09-28 16:25:00,PT5M,24.782,57.0615,41.7709,7.7931,0.0
169,169,49,151,27,0.14,88.6,3.8,211,2026-09-28 16:30:00,PT5M,23.245,53.3015,39.064,7.426,0.0
158,158,46,142,27,0.14,88.8,3.7,211,2026-09-28 16:35:00,PT5M,21.602,49.464,36.266,6.938,0.0
147,147,42,133,27,0.14,88.7,3.7,212,2026-09-28 16:40:00,PT5M,19.866,45.526,33.371,6.361,0.0
135,135,37,124,27,0.14,88.5,3.7,212,2026-09-28 16:45:00,PT5M,18.095,41.561,30.4453,5.7447,0.0
124,124,31,115,27,0.14,88.4,3.6,213,2026-09-28 16:50:00,PT5M,16.324,37.615,27.5296,5.1184,0.0
113,113,25,106,27,0.14,88.3,3.6,214,2026-09-28 16:55:00,PT5M,14.575,33.7305,24.6567,4.4933,0.0
101,101,17,97,27,0.14,88.1,3.6,214,2026-09-28 17:00:00,PT5M,12.76,29.8645,21.7622,3.7578,0.0
89,89,7,88,27,0.14,88.0,3.6,215,2026-09-28 17:05:00,PT5M,10.936,26.08,18.9064,2.9656,0.0
78,78,0,78,27,0.14,87.9,3.6,216,2026-09-28 17:10:00,PT5M,9.203,22.4285,16.1637,2.2423,0.0
67,67,0,67,27,0.14,87.7,3.5,217,2026-09-28 17:15:00,PT5M,7.838,19.1185,13.775,1.901,0.0
56,56,0,56,27,0.14,87.6,3.5,217,2026-09-28 17:20:00,PT5M,6.58,15.8715,11.4702,1.6898,0.0
46,46,0,46,27,0.14,87.5,3.5,218,2026-09-28 17:25:00,PT5M,5.294,12.6255,9.1526,1.4354,0.0
37,37,0,37,27,0.14,87.3,3.5,219,2026-09-28 17:30:00,PT5M,4.046,9.5375,6.9362,1.1558,0.0
28,28,0,28,27,0.14,87.6,3.5,220,2026-09-28 17:35:00,PT5M,2.948,6.812,4.9817,0.9143,0.0
20,20,0,20,27,0.14,88.4,3.4,221,2026-09-28 17:40:00,PT5M,1.912,4.142,3.0857,0.7383,0.0
12,12,0,12,27,0.14,89.1,3.4,223,2026-09-28 17:45:00,PT5M,0.961,2.051,1.5347,0.3873,0.0
6,6,0,6,26,0.14,89.8,3.4,225,2026-09-28 17:50:00,PT5M,0.113,0.4345,0.2822,0.0,0.0
1,1,0,1,26,0.14,90.6,3.4,226,2026-09-28 17:55:00,PT5M,0.0,0.0,0.0,0.0,0.0
0,0,0,0,26,0.14,91.3,3.3,228,2026-09-28 18:00:00,PT5M,0.0,0.0,0.0,0.0,0.0
0,0,0,0,26,0.14,92.1,3.3,229,2026-09-28 18:05:00,PT5M,0.0,0.0,0.0,0.0,0.0
0,0,0,0,25,0.14,92.9,3.3,231,2026-09-28 18:10:00,PT5M,0.0,0.0,0.0,0.0,0.0
0,0,0,0,25,0.14,93.7,3.3,233,2026-09-28 18:15:00,PT5M,0.0,0.0,0.0,0.0,0.0
0,0,0,0,25,0.14,94.4,3.3,234,2026-09-28 18:20:00,PT5M,0.0,0.0,0.0,0.0,0.0
0,0,0,0,25,0.14,95.2,3.3,236,2026-09-28 18:25:00,PT5M,0.0,0.0,0.0,0.0,0.0
0,0,0,0,24,0.14,96.1,3.3,238,2026-09-28 18:30:00,PT5M,0.0,0.0,0.0,0.0,0.0
0,0,0,0,24,0.14,96.5,3.3,238,2026-09-28 18:35:00,PT5M,0.0,0.0,0.0,0.0,0.0
0,0,0,0,24,0.14,96.5,3.3,237,2026-09-28 18:40:00,PT5M,0.0,0.0,0.0,0.0,0.0
0,0,0,0,24,0.14,96.5,3.4,236,2026-09-28 18:45:00,PT5M,0.0,0.0,0.0,0.0,0.0
0,0,0,0,24,0.14,96.5,3.4,235,2026-09-28 18:50:00,PT5M,0.0,0.0,0.0,0.0,0.0
0,0,0,0,24,0.14,96.5,3.5,233,2026-09-28 18:55:00,PT5M,0.0,0.0,0.0,0.0,0.0
0,0,0,0,24,0.14,96.5,3.5,232,2026-09-28 19:00:00,PT5M,0.0,0.0,0.0,0.0,0.0
0,0,0,0,24,0.14,96.5,3.6,231,2026-09-28 19:05:00,PT5M,0.0,0.0,0.0,0.0,0.0
0,0,0,0,24,0.14,96.5,3.6,230,2026-09-28 19:10:00,PT5M,0.0,0.0,0.0,0.0,0.0
0,0,0,0,24,0.14,96.5,3.7,229,2026-09-28 19:15:00,PT5M,0.0,0.0,0.0,0.0,0.0
0,0,0,0,24,0.14,96.5,3.7,228,2026-09-28 19:20:00,PT5M,0.0,0.0,0.0,0.0,0.0
0,0,0,0,25,0.14,96.5,3.8,227,2026-09-28 19:25:00,PT5M,0.0,0.0,0.0,0.0,0.0
0,0,0,0,25,0.14,96.5,3.9,226,2026-09-28 19:30:00,PT5M,0.0,0.0,0.0,0.0,0.0
0,0,0,0,25,0.14,96.5,3.9,226,2026-09-28 19:35:00,PT5M,0.0,0.0,0.0,0.0,0.0
0,0,0,0,25,0.14,96.5,3.8,226,2026-09-28 19:40:00,PT5M,0.0,0.0,0.0,0.0,0.0
0,0,0,0,25,0.14,96.5,3.8,226,2026-09-28 19:45:00,PT5M,0.0,0.0,0.0,0.0,0.0
0,0,0,0,25,0.14,96.5,3.7,226,2026-09-28 19:50:00,PT5M,0.0,0.0,0.0,0.0,0.0
0,0,0,0,25,0.14,96.5,3.7,227,2026-09-28 19:55:00,PT5M,0.0,0.0,0.0,0.0,0.0
0,0,0,0,25,0.14,96.5,3.7,227,2026-09-28 20:00:00,PT5M,0.0,0.0,0.0,0.0,0.0
0,0,0,0,24,0.14,96.5,3.6,227,2026-09-28 20:05:00,PT5M,0.0,0.0,0.0,0.0,0.0
0,0,0,0,24,0.14,96.5,3.6,227,2026-09-28 20:10:00,PT5M,0.0,0.0,0.0,0.0,0.0
0,0,0,0,24,0.14,96.5,3.5,227,2026-09-28 20:15:00,PT5M,0.0,0.0,0.0,0.0,0.0
0,0,0,0,24,0.14,96.5,3.5,227,2026-09-28 20:20:00,PT5M,0.0,0.0,0.0,0.0,0.0
0,0,0,0,24,0.14,96.5,3.5,227,2026-09-28 20:25:00,PT5M,0.0,0.0,0.0,0.0,0.0
0,0,0,0,24,0.14,96.5,3.4,227,2026-09-28 20:30:00,PT5M,0.0,0.0,0.0,0.0,0.0
0,0,0,0,24,0.14,96.5,3.4,227,2026-09-28 20:35:00,PT5M,0.0,0.0,0.0,0.0,0.0
0,0,0,0,24,0.14,96.5,3.4,227,2026-09-28 20:40:00,PT5M,0.0,0.0,0.0,0.0,0.0
0,0,0,0,24,0.14,96.6,3.4,227,2026-09-28 20:45:00,PT5M,0.0,0.0,0.0,0.0,0.0
0,0,0,0,24,0.14,96.6,3.4,226,2026-09-28 20:50:00,PT5M,0.0,0.0,0.0,0.0,0.0
0,0,0,0,24,0.14,96.7,3.4,226,2026-09-28 20:55:00,PT5M,0.0,0.0,0.0,0.0,0.0
0,0,0,0,24,0.14,96.7,3.4,226,2026-09-28 21:00:00,PT5M,0.0,0.0,0.0,0.0,0.0
0,0,0,0,24,0.14,96.8,3.4,225,2026-09-28 21:05:00,PT5M,0.0,0.0,0.0,0.0,0.0
0,0,0,0,24,0.14,96.8,3.3,225,2026-09-28 21:10:00,PT5M,0.0,0.0,0.0,0.0,0.0
0,0,0,0,24,0.14,96.9,3.3,225,2026-09-28 21:15:00,PT5M,0.0,0.0,0.0,0.0,0.0
0,0,0,0,24,0.14,96.9,3.3,225,2026-09-28 21:20:00,PT5M,0.0,0.0,0.0,0.0,0.0
0,0,0,0,24,0.14,97.0,3.3,224,2026-09-28 21:25:00,PT5M,0.0,0.0,0.0,0.0,0.0
0,0,0,0,24,0.14,97.0,3.3,224,2026-09-28 21:30:00,PT5M,0.0,0.0,0.0,0.0,0.0
0,0,0,0,24,0.14,97.0,3.3,224,2026-09-28 21:35:00,PT5M,0.0,0.0,0.0,0.0,0.0
0,0,0,0,24,0.14,97.0,3.3,224,2026-09-28 21:40:00,PT5M,0.0,0.0,0.0,0.0,0.0
0,0,0,0,24,0.14,96.9,3.3,224,2026-09-28 21:45:00,PT5M,0.0,0.0,0.0,0.0,0.0
0,0,0,0,24,0.14,96.9,3.3,224,2026-09-28 21:50:00,PT5M,0.0,0.0,0.0,0.0,0.0
0,0,0,0,24,0.14,96.8,3.3,224,2026-09-28 21:55:00,PT5M,0.0,0.0,0.0,0.0,0.0
0,0,0,0,24,0.14,96.8,3.3,224,2026-09-28 22:00:00,PT5M,0.0,0.0,0.0,0.0,0.0
0,0,0,0,24,0.14,96.7,3.3,224,2026-09-28 22:05:00,PT5M,0.0,0.0,0.0,0.0,0.0
0,0,0,0,24,0.14,96.7,3.3,224,2026-09-28 22:10:00,PT5M,0.0,0.0,0.0,0.0,0.0
0,0,0,0,24,0.14,96.6,3.3,224,2026-09-28 22:15:00,PT5M,0.0,0.0,0.0,0.0,0.0
0,0,0,0,24,0.14,96.6,3.3,224,2026-09-28 22:20:00,PT5M,0.0,0.0,0.0,0.0,0.0
0,0,0,0,24,0.14,96.5,3.3,224,2026-09-28 22:25:00,PT5M,0.0,0.0,0.0,0.0,0.0
0,0,0,0,24,0.14,96.5,3.3,224,2026-09-28 22:30:00,PT5M,0.0,0.0,0.0,0.0,0.0
0,0,0,0,24,0.14,96.5,3.3,224,2026-09-28 22:35:00,PT5M,0.0,0.0,0.0,0.0,0.0
0,0,0,0,24,0.14,96.5,3.3,225,2026-09-28 22:40:00,PT5M,0.0,0.0,0.0,0.0,0.0
0,0,0,0,24,0.14,96.5,3.3,226,2026-09-28 22:45:00,PT5M,0.0,0.0,0.0,0.0,0.0
0,0,0,0,24,0.14,96.5,3.3,226,2026-09-28 22:50:00,PT5M,0.0,0.0,0.0,0.0,0.0
0,0,0,0,24,0.14,96.5,3.2,227,2026-09-28 22:55:00,PT5M,0.0,0.0,0.0,0.0,0.0
0,0,0,0,24,0.14,96.5,3.2,228,2026-09-28 23:00:00,PT5M,0.0,0.0,0.0,0.0,0.0
0,0,0,0,24,0.14,96.5,3.2,229,2026-09-28 23:05:00,PT5M,0.0,0.0,0.0,0.0,0.0
0,0,0,0,24,0.14,96.5,3.2,229,2026-09-28 23:10:00,PT5M,0.0,0.0,0.0,0.0,0.0
0,0,0,0,24,0.14,96.5,3.2,230,2026-09-28 23:15:00,PT5M,0.0,0.0,0.0,0.0,0.0
0,0,0,0,24,0.14,96.5,3.2,231,2026-09-28 23:20:00,PT5M,0.0,0.0,0.0,0.0,0.0
0,0,0,0,24,0.14,96.5,3.2,232,2026-09-28 23:25:00,PT5M,0.0,0.0,0.0,0.0,0.0
0,0,0,0,24,0.14,96.5,3.1,232,2026-09-28 23:30:00,PT5M,0.0,0.0,0.0,0.0,0.0
0,0,0,0,24,0.14,96.4,3.1,233,2026-09-28 23:35:00,PT5M,0.0,0.0,0.0,0.0,0.0
0,0,0,0,24,0.14,96.4,3.2,233,2026-09-28 23:40:00,PT5M,0.0,0.0,0.0,0.0,0.0
0,0,0,0,24,0.14,96.3,3.2,234,2026-09-28 23:45:00,PT5M,0.0,0.0,0.0,0.0,0.0
0,0,0,0,24,0.14,96.3,3.2,234,2026-09-28 23:50:00,PT5M,0.0,0.0,0.0,0.0,0.0
0,0,0,0,24,0.14,96.2,3.2,234,2026-09-28 23:55:00,PT5M,0.0,0.0,0.0,0.0,0.0
0,0,0,0,24,0.14,96.2,3.2,234,2026-09-29 00:00:00,PT5M,0.0,0.0,0.0,0.0,0.0
0,0,0,0,24,0.14,96.1,3.2,235,2026-09-29 00:05:00,PT5M,0.0,0.0,0.0,0.0,0.0
0,0,0,0,24,0.14,96.1,3.2,235,2026-09-29 00:10:00,PT5M,0.0,0.0,0.0,0.0,0.0
0,0,0,0,24,0.14,96.0,3.2,235,2026-09-29 00:15:00,PT5M,0.0,0.0,0.0,0.0,0.0
0,0,0,0,24,0.14,96.0,3.2,236,2026-09-29 00:20:00,PT5M,0.0,0.0,0.0,0.0,0.0
0,0,0,0,24,0.14,96.0,3.2,236,2026-09-29 00:25:00,PT5M,0.0,0.0,0.0,0.0,0.0
0,0,0,0,24,0.14,95.9,3.2,236,2026-09-29 00:30:00,PT5M,0.0,0.0,0.0,0.0,0.0
0,0,0,0,24,0.14,95.9,3.2,237,2026-09-29 00:35:00,PT5M,0.0,0.0,0.0,0.0,0.0
0,0,0,0,24,0.14,96.0,3.2,237,2026-09-29 00:40:00,PT5M,0.0,0.0,0.0,0.0,0.0
0,0,0,0,24,0.14,96.0,3.2,238,2026-09-29 00:45:00,PT5M,0.0,0.0,0.0,0.0,0.0
0,0,0,0,24,0.14,96.0,3.2,239,2026-09-29 00:50:00,PT5M,0.0,0.0,0.0,0.0,0.0
0,0,0,0,24,0.14,96.1,3.2,240,2026-09-29 00:55:00,PT5M,0.0,0.0,0.0,0.0,0.0
0,0,0,0,24,0.14,96.1,3.2,241,2026-09-29 01:00:00,PT5M,0.0,0.0,0.0,0.0,0.0
0,0,0,0,24,0.14,96.2,3.2,241,2026-09-29 01:05:00,PT5M,0.0,0.0,0.0,0.0,0.0
0,0,0,0,24,0.14,96.2,3.2,242,2026-09-29 01:10:00,PT5M,0.0,0.0,0.0,0.0,0.0
0,0,0,0,24,0.14,96.3,3.2,243,2026-09-29 01:15:00,PT5M,0.0,0.0,0.0,0.0,0.0
0,0,0,0,24,0.14,96.3,3.2,244,2026-09-29 01:20:00,PT5M,0.0,0.0,0.0,0.0,0.0
0,0,0,0,24,0.14,96.4,3.2,245,2026-09-29 01:25:00,PT5M,0.0,0.0,0.0,0.0,0.0
0,0,0,0,24,0.14,96.4,3.2,245,2026-09-29 01:30:00,PT5M,0.0,0.0,0.0,0.0,0.0
0,0,0,0,24,0.14,96.4,3.2,246,2026-09-29 01:35:00,PT5M,0.0,0.0,0.0,0.0,0.0
0,0,0,0,24,0.14,96.4,3.2,245,2026-09-29 01:40:00,PT5M,0.0,0.0,0.0,0.0,0.0
0,0,0,0,24,0.14,96.3,3.2,245,2026-09-29 01:45:00,PT5M,0.0,0.0,0.0,0.0,0.0
0,0,0,0,24,0.14,96.3,3.2,245,2026-09-29 01:50:00,PT5M,0.0,0.0,0.0,0.0,0.0
0,0,0,0,24,0.14,96.2,3.2,244,2026-09-29 01:55:00,PT5M,0.0,0.0,0.0,0.0,0.0
0,0,0,0,24,0.14,96.2,3.2,244,2026-09-29 02:00:00,PT5M,0.0,0.0,0.0,0.0,0.0
0,0,0,0,24,0.14,96.1,3.2,244,2026-09-29 02:05:00,PT5M,0.0,0.0,0.0,0.0,0.0
0,0,0,0,24,0.14,96.1,3.2,243,2026-09-29 02:10:00,PT5M,0.0,0.0,0.0,0.0,0.0
0,0,0,0,24,0.14,96.0,3.2,243,2026-09-29 02:15:00,PT5M,0.0,0.0,0.0,0.0,0.0
0,0,0,0,24,0.14,96.0,3.2,243,2026-09-29 02:20:00,PT5M,0.0,0.0,0.0,0.0,0.0
0,0,0,0,24,0.14,95.9,3.2,242,2026-09-29 02:25:00,PT5M,0.0,0.0,0.0,0.0,0.0
0,0,0,0,24,0.14,95.9,3.2,242,2026-09-29 02:30:00,PT5M,0.0,0.0,0.0,0.0,0.0
0,0,0,0,24,0.14,95.9,3.2,242,2026-09-29 02:35:00,PT5M,0.0,0.0,0.0,0.0,0.0
0,0,0,0,24,0.14,95.9,3.1,242,2026-09-29 02:40:00,PT5M,0.0,0.0,0.0,0.0,0.0
0,0,0,0,24,0.14,95.9,3.1,242,2026-09-29 02:45:00,PT5M,0.0,0.0,0.0,0.0,0.0
0,0,0,0,24,0.14,95.9,3.1,242,2026-09-29 02:50:00,PT5M,0.0,0.0,0.0,0.0,0.0
0,0,0,0,24,0.14,95.9,3.1,242,2026-09-29 02:55:00,PT5M,0.0,0.0,0.0,0.0,0.0
0,0,0,0,24,0.14,95.9,3.1,243,2026-09-29 03:00:00,PT5M,0.0,0.0,0.0,0.0,0.0
0,0,0,0,24,0.14,95.9,3.0,243,2026-09-29 03:05:00,PT5M,0.0,0.0,0.0,0.0,0.0
0,0,0,0,24,0.14,95.9,3.0,243,2026-09-29 03:10:00,PT5M,0.0,0.0,0.0,0.0,0.0
0,0,0,0,24,0.14,95.9,3.0,243,2026-09-29 03:15:00,PT5M,0.0,0.0,0.0,0.0,0.0
0,0,0,0,24,0.14,95.9,3.0,243,2026-09-29 03:20:00,PT5M,0.0,0.0,0.0,0.0,0.0
0,0,0,0,24,0.14,95.9,2.9,243,2026-09-29 03:25:00,PT5M,0.0,0.0,0.0,0.0,0.0
0,0,0,0,24,0.14,95.9,2.9,243,2026-09-29 03:30:00,PT5M,0.0,0.0,0.0,0.0,0.0
0,0,0,0,24,0.14,95.8,2.9,243,2026-09-29 03:35:00,PT5M,0.0,0.0,0.0,0.0,0.0
0,0,0,0,24,0.14,95.8,2.9,243,2026-09-29 03:40:00,PT5M,0.0,0.0,0.0,0.0,0.0
0,0,0,0,24,0.14,95.8,2.9,242,2026-09-29 03:45:00,PT5M,0.0,0.0,0.0,0.0,0.0
0,0,0,0,24,0.14,95.7,2.9,242,2026-09-29 03:50:00,PT5M,0.0,0.0,0.0,0.0,0.0
0,0,0,0,24,0.14,95.7,3.0,241,2026-09-29 03:55:00,PT5M,0.0,0.0,0.0,0.0,0.0
0,0,0,0,24,0.14,95.6,3.0,241,2026-09-29 04:00:00,PT5M,0.0,0.0,0.0,0.0,0.0
0,0,0,0,24,0.14,95.6,3.0,241,2026-09-29 04:05:00,PT5M,0.0,0.0,0.0,0.0,0.0
0,0,0,0,24,0.14,95.5,3.0,240,2026-09-29 04:10:00,PT5M,0.0,0.0,0.0,0.0,0.0
0,0,0,0,24,0.14,95.5,3.0,240,2026-09-29 04:15:00,PT5M,0.0,0.0,0.0,0.0,0.0
0,0,0,0,24,0.14,95.4,3.0,239,2026-09-29 04:20:00,PT5M,0.0,0.0,0.0,0.0,0.0
0,0,0,0,24,0.14,95.4,3.0,239,2026-09-29 04:25:00,PT5M,0.0,0.0,0.0,0.0,0.0
0,0,0,0,24,0.14,95.3,3.0,239,2026-09-29 04:30:00,PT5M,0.0,0.0,0.0,0.0,0.0
0,0,0,0,24,0.14,95.3,3.1,238,2026-09-29 04:35:00,PT5M,0.0,0.0,0.0,0.0,0.0
0,0,0,0,24,0.14,95.2,3.1,237,2026-09-29 04:40:00,PT5M,0.0,0.0,0.0,0.0,0.0
0,0,0,0,24,0.14,95.2,3.2,235,2026-09-29 04:45:00,PT5M,0.0,0.0,0.0,0.0,0.0
0,0,0,0,24,0.14,95.1,3.2,234,2026-09-29 04:50:00,PT5M,0.0,0.0,0.0,0.0,0.0
0,0,0,0,24,0.14,95.1,3.2,233,2026-09-29 04:55:00,PT5M,0.0,0.0,0.0,0.0,0.0
0,0,0,0,24,0.14,95.0,3.3,232,2026-09-29 05:00:00,PT5M,0.0,0.0,0.0,0.0,0.0
0,0,0,0,24,0.14,95.0,3.3,231,2026-09-29 05:05:00,PT5M,0.0,0.0,0.0,0.0,0.0
0,0,0,0,24,0.14,94.9,3.4,230,2026-09-29 05:10:00,PT5M,0.0,0.0,0.0,0.0,0.0
0,0,0,0,24,0.14,94.9,3.4,229,2026-09-29 05:15:00,PT5M,0.0,0.0,0.0,0.0,0.0
0,0,0,0,24,0.14,94.8,3.5,228,2026-09-29 05:20:00,PT5M,0.0,0.0,0.0,0.0,0.0
0,0,0,0,24,0.14,94.8,3.5,227,2026-09-29 05:25:00,PT5M,0.0,0.0,0.0,0.0,0.0
0,0,0,0,24,0.14,94.8,3.6,227,2026-09-29 05:30:00,PT5M,0.0,0.0,0.0,0.0,0.0
0,0,0,0,24,0.14,94.7,3.6,226,2026-09-29 05:35:00,PT5M,0.0,0.0,0.0,0.0,0.0
0,0,0,0,24,0.14,94.5,3.6,227,2026-09-29 05:40:00,PT5M,0.0,0.0,0.0,0.0,0.0
0,0,0,0,24,0.14,94.4,3.6,228,2026-09-29 05:45:00,PT5M,0.0,0.0,0.0,0.0,0.0
0,0,0,0,24,0.14,94.2,3.7,228,2026-09-29 05:50:00,PT5M,0.0,0.0,0.0,0.0,0.0
0,0,0,0,24,0.14,94.1,3.7,229,2026-09-29 05:55:00,PT5M,0.0,0.0,0.0,0.0,0.0
2,2,0,2,24,0.14,94.0,3.7,229,2026-09-29 06:00:00,PT5M,0.0,0.0,0.0,0.0,0.0
7,7,0,7,25,0.14,93.8,3.7,230,2026-09-29 06:05:00,PT5M,0.295,0.7565,0.5379,0.0521,0.0
14,14,0,14,25,0.14,93.7,3.7,230,2026-09-29 06:10:00,PT5M,1.167,2.4275,1.8304,0.5036,0.0
21,21,0,21,25,0.14,93.5,3.7,231,2026-09-29 06:15:00,PT5M,2.134,4.506,3.3824,0.8856,0.0
29,29,0,29,25,0.14,93.4,3.7,231,2026-09-29 06:20:00,PT5M,3.176,7.09,5.236,1.116,0.0
38,39,0,39,25,0.14,93.3,3.8,232,2026-09-29 06:25:00,PT5M,4.321,9.8675,7.2402,1.4018,0.0
48,49,0,49,25,0.14,93.1,3.8,232,2026-09-29 06:30:00,PT5M,5.67,13.0535,9.556,1.784,0.0
60,60,0,60,25,0.14,93.0,3.8,233,2026-09-29 06:35:00,PT5M,7.116,16.4255,12.0157,2.2163,0.0
73,73,3,72,25,0.14,92.8,3.8,233,2026-09-29 06:40:00,PT5M,8.786,20.004,14.6901,2.8819,0.0
87,87,28,81,25,0.14,92.6,3.8,234,2026-09-29 06:45:00,PT5M,11.419,24.4775,18.2918,4.5462,0.0
102,102,54,90,25,0.14,92.4,3.9,234,2026-09-29 06:50:00,PT5M,14.433,29.288,22.2513,6.6147,0.0
119,118,82,98,25,0.14,92.2,3.9,234,2026-09-29 06:55:00,PT5M,17.659,34.3435,26.4402,8.8778,0.9745
136,135,109,106,25,0.14,92.0,3.9,235,2026-09-29 07:00:00,PT5M,21.233,39.818,31.0144,11.4516,2.648
153,152,135,113,25,0.14,91.9,3.9,235,2026-09-29 07:05:00,PT5M,24.975,45.5175,35.7867,14.1633,4.4325
171,170,162,120,25,0.14,91.7,3.9,235,2026-09-29 07:10:00,PT5M,29.035,51.5455,40.8824,17.1876,6.5245
190,189,189,126,25,0.14,91.5,4.0,236,2026-09-29 07:15:00,PT5M,33.413,57.8845,46.2925,20.5335,8.9415
209,208,218,132,25,0.14,91.3,4.0,236,2026-09-29 07:20:00,PT5M,38.042,64.462,51.947,24.137,11.622
230,228,247,137,25,0.14,91.1,4.0,237,2026-09-29 07:25:00,PT5M,42.95,71.2935,57.8674,28.0326,14.6065
250,249,277,141,25,0.14,91.0,4.0,237,2026-09-29 07:30:00,PT5M,48.142,78.3945,64.0641,32.2199,17.8895
270,268,299,145,25,0.14,90.8,4.1,237,2026-09-29 07:35:00,PT5M,52.778,85.045,69.7604,35.7956,20.511
287,285,312,151,25,0.14,90.6,4.1,238,2026-09-29 07:40:00,PT5M,56.726,91.224,74.8825,38.5695,22.228
305,302,325,156,25,0.14,90.4,4.1,238,2026-09-29 07:45:00,PT5M,59.291,94.5155,77.8299,40.7521,24.0665
322,320,338,162,26,0.14,90.2,4.1,238,2026-09-29 07:50:00,PT5M,61.585,97.262,80.3621,42.8079,25.908
340,337,351,166,26,0.14,90.1,4.2,239,2026-09-29 07:55:00,PT5M,63.807,99.9575,82.8333,44.7807,27.6565
357,354,363,171,26,0.14,89.9,4.2,239,2026-09-29 08:00:00,PT5M,65.907,100.0,85.1193,46.6947,29.403
375,372,375,176,26,0.14,89.7,4.2,239,2026-09-29 08:05:00,PT5M,67.957,100.0,87.323,48.591,31.161
393,389,387,180,26,0.14,89.5,4.2,240,2026-09-29 08:10:00,PT5M,69.898,100.0,89.3798,50.4162,32.882
410,407,398,184,26,0.14,89.4,4.3,240,2026-09-29 08:15:00,PT5M,71.721,100.0,91.2754,52.1666,34.567
428,424,410,188,26,0.14,89.2,4.3,240,2026-09-29 08:20:00,PT5M,73.416,100.0,92.993,53.839,36.219
445,441,420,191,26,0.14,89.0,4.3,241,2026-09-29 08:25:00,PT5M,74.992,100.0,94.5438,55.4402,37.843
462,458,431,195,26,0.14,88.8,4.3,241,2026-09-29 08:30:00,PT5M,76.494,100.0,96.0008,56.9872,39.4305
479,475,441,198,26,0.14,88.3,4.3,241,2026-09-29 08:35:00,PT5M,77.841,100.0,97.2904,58.3916,40.8865
496,491,449,202,26,0.14,87.3,4.3,240,2026-09-29 08:40:00,PT5M,79.039,100.0,98.395,59.683,42.262
512,507,457,205,26,0.14,86.4,4.3,240,2026-09-29 08:45:00,PT5M,80.182,100.0,99.3022,61.0618,43.853
528,523,465,208,27,0.14,85.4,4.3,239,2026-09-29 08:50:00,PT5M,81.281,100.0,100.0,62.3934,45.394
544,539,473,211,27,0.14,84.5,4.4,239,2026-09-29 08:55:00,PT5M,82.337,100.0,100.0,63.6797,46.8875
559,555,481,214,27,0.14,83.6,4.4,238,2026-09-29 09:00:00,PT5M,83.362,100.0,100.0,64.9326,48.3455
575,570,491,216,27,0.14,82.7,4.4,238,2026-09-29 09:05:00,PT5M,84.463,100.0,100.0,66.2657,49.8875
591,586,500,218,27,0.14,81.8,4.4,237,2026-09-29 09:10:00,PT5M,85.526,100.0,100.0,67.5581,51.3865
607,602,509,219,27,0.14,81.0,4.4,237,2026-09-29 09:15:00,PT5M,86.551,100.0,100.0,68.8094,52.8415
623,617,518,221,28,0.14,80.1,4.4,236,2026-09-29 09:20:00,PT5M,87.54,100.0,100.0,70.0219,54.255
638,632,527,222,28,0.14,79.2,4.4,236,2026-09-29 09:25:00,PT5M,88.493,100.0,100.0,71.1946,55.6255
653,647,536,223,28,0.14,78.4,4.4,235,2026-09-29 09:30:00,PT5M,89.442,100.0,100.0,72.3599,56.9855
667,661,543,224,28,0.14,77.6,4.4,235,2026-09-29 09:35:00,PT5M,90.248,100.0,100.0,73.368,58.1755
681,675,550,225,28,0.14,76.8,4.4,235,2026-09-29 09:40:00,PT5M,90.948,100.0,100.0,74.2556,59.232
694,687,555,227,28,0.14,76.0,4.4,234,2026-09-29 09:45:00,PT5M,91.571,100.0,100.0,75.0568,60.1935
706,700,560,229,29,0.14,75.2,4.4,234,2026-09-29 09:50:00,PT5M,92.163,100.0,100.0,75.8212,61.113
718,712,564,231,29,0.14,74.5,4.4,233,2026-09-29 09:55:00,PT5M,92.731,100.0,100.0,76.5563,61.9985
730,723,569,232,29,0.14,73.7,4.4,233,2026-09-29 10:00:00,PT5M,93.274,100.0,100.0,77.2577,62.8425
741,735,574,234,29,0.14,73.0,4.3,232,2026-09-29 10:05:00,PT5M,93.794,100.0,100.0,77.93,63.652
752,746,578,235,29,0.14,72.2,4.3,232,2026-09-29 10:10:00,PT5M,94.288,100.0,100.0,78.5704,64.424
763,756,583,236,29,0.14,71.5,4.3,231,2026-09-29 10:15:00,PT5M,94.759,100.0,100.0,79.1816,65.1615
773,766,587,237,29,0.14,70.8,4.3,231,2026-09-29 10:20:00,PT5M,95.205,100.0,100.0,79.7624,65.8635
783,776,592,238,30,0.14,70.1,4.3,230,2026-09-29 10:25:00,PT5M,95.631,100.0,100.0,80.3178,66.5355
793,786,596,238,30,0.14,69.3,4.3,230,2026-09-29 10:30:00,PT5M,96.038,100.0,100.0,80.8493,67.179
800,793,597,240,30,0.14,68.7,4.3,229,2026-09-29 10:35:00,PT5M,96.246,100.0,100.0,81.1441,67.552
806,799,595,243,30,0.14,68.0,4.3,229,2026-09-29 10:40:00,PT5M,96.259,100.0,100.0,81.2045,67.655
811,804,593,246,30,0.14,67.3,4.3,228,2026-09-29 10:45:00,PT5M,96.251,100.0,100.0,81.2357,67.7215
816,809,591,249,30,0.14,66.6,4.3,228,2026-09-29 10:50:00,PT5M,96.221,100.0,100.0,81.2352,67.7475
820,813,589,252,31,0.14,65.9,4.3,227,2026-09-29 10:55:00,PT5M,96.163,100.0,100.0,81.188,67.71
824,817,587,254,31,0.14,65.3,4.3,227,2026-09-29 11:00:00,PT5M,96.085,100.0,100.0,81.1102,67.6325
827,820,584,257,31,0.14,64.6,4.4,226,2026-09-29 11:05:00,PT5M,95.999,100.0,100.0,81.034,67.565
830,823,581,260,31,0.14,64.0,4.4,226,2026-09-29 11:10:00,PT5M,95.896,100.0,100.0,80.9381,67.4755
832,825,579,262,31,0.14,63.3,4.4,225,2026-09-29 11:15:00,PT5M,95.767,100.0,100.0,80.7991,67.3275
834,827,576,265,31,0.14,62.7,4.4,224,2026-09-29 11:20:00,PT5M,95.619,100.0,100.0,80.6319,67.143
835,828,573,267,32,0.14,62.1,4.4,224,2026-09-29 11:25:00,PT5M,95.45,100.0,100.0,80.4355,66.922
836,829,570,269,32,0.14,61.5,4.4,223,2026-09-29 11:30:00,PT5M,95.261,100.0,100.0,80.2128,66.669
836,829,565,272,32,0.14,61.4,4.3,223,2026-09-29 11:35:00,PT5M,95.023,100.0,100.0,79.9256,66.3375
834,827,559,276,32,0.14,61.8,4.3,224,2026-09-29 11:40:00,PT5M,94.735,100.0,100.0,79.5726,65.926
832,825,553,279,32,0.14,62.2,4.2,224,2026-09-29 11:45:00,PT5M,94.424,100.0,100.0,79.1895,65.478
830,823,547,282,31,0.14,62.6,4.1,225,2026-09-29 11:50:00,PT5M,94.09,100.0,100.0,78.776,64.993
827,820,540,286,31,0.14,63.0,4.0,226,2026-09-29 11:55:00,PT5M,93.731,100.0,100.0,78.3305,64.4695
823,816,534,289,31,0.14,63.5,4.0,226,2026-09-29 12:00:00,PT5M,93.417,100.0,100.0,77.923,63.978
819,813,527,292,31,0.14,63.9,3.9,227,2026-09-29 12:05:00,PT5M,93.171,100.0,100.0,77.5765,63.541
815,808,520,294,31,0.14,64.3,3.8,228,2026-09-29 12:10:00,PT5M,92.849,100.0,100.0,77.1477,63.016
810,803,513,297,31,0.14,64.8,3.7,228,2026-09-29 12:15:00,PT5M,92.5,100.0,100.0,76.6853,62.4515
804,798,506,300,31,0.14,65.2,3.7,229,2026-09-29 12:20:00,PT5M,92.126,100.0,100.0,76.1923,61.8515
798,792,499,302,31,0.14,65.7,3.6,230,2026-09-29 12:25:00,PT5M,91.725,100.0,100.0,75.6666,61.2135
792,786,492,304,31,0.14,66.1,3.5,230,2026-09-29 12:30:00,PT5M,91.3,100.0,100.0,75.1121,60.5425
784,778,482,308,31,0.14,66.5,3.4,231,2026-09-29 12:35:00,PT5M,90.677,100.0,100.0,74.3554,59.6655
773,767,469,312,31,0.14,67.0,3.4,232,2026-09-29 12:40:00,PT5M,89.855,100.0,100.0,73.3942,58.579
763,757,456,316,31,0.14,67.5,3.3,232,2026-09-29 12:45:00,PT5M,89.001,100.0,100.0,72.3929,57.445
752,746,444,319,30,0.14,67.9,3.2,233,2026-09-29 12:50:00,PT5M,88.107,100.0,100.0,71.3404,56.25
740,735,431,322,30,0.14,68.4,3.1,233,2026-09-29 12:55:00,PT5M,87.194,100.0,100.0,70.2727,55.043
729,723,419,325,30,0.14,68.8,3.0,234,2026-09-29 13:00:00,PT5M,86.271,100.0,100.0,69.206,53.847
717,712,407,327,30,0.14,69.3,3.0,235,2026-09-29 13:05:00,PT5M,85.302,100.0,100.0,68.0786,52.577
704,700,395,329,30,0.14,69.8,2.9,236,2026-09-29 13:10:00,PT5M,84.291,100.0,100.0,66.9002,51.248
692,688,383,331,30,0.14,70.3,2.8,236,2026-09-29 13:15:00,PT5M,83.244,100.0,100.0,65.6814,49.8745
679,675,371,332,30,0.14,70.7,2.7,237,2026-09-29 13:20:00,PT5M,82.162,100.0,99.8996,64.4244,48.46
666,662,359,333,30,0.14,71.2,2.7,238,2026-09-29 13:25:00,PT5M,81.047,100.0,98.9614,63.1326,47.009
653,649,348,334,30,0.14,71.7,2.6,239,2026-09-29 13:30:00,PT5M,79.899,100.0,97.9921,61.8059,45.5215
639,635,335,334,30,0.14,72.2,2.5,240,2026-09-29 13:35:00,PT5M,78.526,100.0,96.8491,60.2029,43.7115
624,620,320,335,30,0.14,72.6,2.5,241,2026-09-29 13:40:00,PT5M,77.063,100.0,95.6653,58.4607,41.718
608,605,306,336,30,0.14,73.1,2.4,243,2026-09-29 13:45:00,PT5M,75.564,100.0,94.4437,56.6843,39.692
593,590,292,336,29,0.14,73.6,2.4,244,2026-09-29 13:50:00,PT5M,74.029,100.0,93.1842,54.8738,37.6335
577,574,278,335,29,0.14,74.0,2.3,245,2026-09-29 13:55:00,PT5M,72.458,100.0,91.8866,53.0294,35.543
561,559,265,334,29,0.14,74.5,2.2,247,2026-09-29 14:00:00,PT5M,70.85,100.0,90.5502,51.1498,33.419
546,543,251,333,29,0.14,75.0,2.2,248,2026-09-29 14:05:00,PT5M,69.204,100.0,89.1745,49.2335,31.2595
530,528,239,331,29,0.14,75.4,2.1,250,2026-09-29 14:10:00,PT5M,67.525,100.0,87.7626,47.2874,29.073
514,512,226,328,29,0.14,75.9,2.1,252,2026-09-29 14:15:00,PT5M,65.792,100.0,86.2946,45.2894,26.8365
498,496,213,326,29,0.14,76.4,2.0,253,2026-09-29 14:20:00,PT5M,64.004,100.0,84.7689,43.2391,24.55
482,480,200,322,29,0.14,76.9,2.0,255,2026-09-29 14:25:00,PT5M,62.192,100.0,83.2151,41.1689,22.2475
466,465,188,319,29,0.14,77.4,2.0,257,2026-09-29 14:30:00,PT5M,60.347,100.0,81.6235,39.0705,19.921
452,451,179,314,29,0.14,77.8,1.9,258,2026-09-29 14:35:00,PT5M,58.82,99.609,80.2875,37.3525,18.031
441,439,174,309,29,0.14,78.1,1.9,257,2026-09-29 14:40:00,PT5M,57.607,98.6495,79.208,36.006,16.5645
429,428,168,304,29,0.14,78.5,1.8,256,2026-09-29 14:45:00,PT5M,56.362,97.6605,78.0977,34.6263,15.0635
417,416,163,299,29,0.14,78.8,1.8,255,2026-09-29 14:50:00,PT5M,55.083,96.6555,76.9629,33.2031,13.5105
405,404,157,293,29,0.14,79.2,1.8,254,2026-09-29 14:55:00,PT5M,53.791,95.642,75.8175,31.7645,11.94
393,392,153,287,28,0.14,79.5,1.7,254,2026-09-29 15:00:00,PT5M,52.527,94.652,74.6977,30.3563,10.402
381,380,148,281,28,0.14,79.9,1.7,253,2026-09-29 15:05:00,PT5M,51.229,93.63,73.5449,28.9131,8.828
369,368,142,275,28,0.14,80.2,1.7,252,2026-09-29 15:10:00,PT5M,49.895,92.506,72.3215,27.4685,7.284
357,356,137,268,28,0.14,80.6,1.6,251,2026-09-29 15:15:00,PT5M,48.519,91.0535,70.9052,26.1328,5.9845
344,344,132,261,28,0.14,80.9,1.6,250,2026-09-29 15:20:00,PT5M,47.094,89.532,69.4294,24.7586,4.656
332,331,127,255,28,0.14,81.3,1.6,249,2026-09-29 15:25:00,PT5M,45.626,87.9375,67.8948,23.3572,3.3145
320,319,121,248,28,0.14,81.6,1.5,247,2026-09-29 15:30:00,PT5M,44.112,86.261,66.2953,21.9287,1.963
307,307,116,240,28,0.14,82.0,1.5,246,2026-09-29 15:35:00,PT5M,42.625,84.575,64.7036,20.5464,0.675
295,295,112,233,28,0.14,82.3,1.5,245,2026-09-29 15:40:00,PT5M,41.197,82.843,63.1156,19.2784,0.0
283,282,107,225,28,0.14,82.7,1.5,243,2026-09-29 15:45:00,PT5M,39.931,81.187,61.6443,18.2177,0.0
271,270,102,217,28,0.14,83.1,1.4,241,2026-09-29 15:50:00,PT5M,38.387,79.1725,59.8527,16.9213,0.0
258,258,97,210,28,0.14,83.4,1.4,240,2026-09-29 15:55:00,PT5M,36.786,76.9635,57.9317,15.6403,0.0
246,245,91,202,28,0.14,83.8,1.4,238,2026-09-29 16:00:00,PT5M,35.13,74.702,55.957,14.303,0.0
233,233,86,193,28,0.14,84.2,1.4,236,2026-09-29 16:05:00,PT5M,33.422,72.3295,53.8993,12.9447,0.0
221,221,80,185,27,0.14,84.5,1.3,234,2026-09-29 16:10:00,PT5M,31.664,69.855,51.7642,11.5638,0.0
208,208,74,177,27,0.14,84.9,1.3,232,2026-09-29 16:15:00,PT5M,29.845,66.5995,49.1892,10.5008,0.0
196,196,68,168,27,0.14,85.3,1.3,230,2026-09-29 16:20:00,PT5M,27.892,62.2495,45.9746,9.8094,0.0
183,183,61,160,27,0.14,85.7,1.3,228,2026-09-29 16:25:00,PT5M,25.877,57.9165,42.7396,9.0144,0.0
171,171,55,151,27,0.14,86.0,1.3,226,2026-09-29 16:30:00,PT5M,23.843,53.591,39.4996,8.1864,0.0
159,159,48,142,27,0.14,86.4,1.3,224,2026-09-29 16:35:00,PT5M,21.81,49.291,36.2734,7.3466,0.0
146,147,40,134,27,0.14,86.7,1.3,223,2026-09-29 16:40:00,PT5M,19.775,44.984,33.0427,6.5073,0.0
134,134,32,125,27,0.14,87.1,1.2,221,2026-09-29 16:45:00,PT5M,17.747,40.696,29.8252,5.6688,0.0
122,122,24,116,27,0.14,87.4,1.2,219,2026-09-29 16:50:00,PT5M,15.851,36.5645,26.7527,4.9493,0.0
110,110,15,107,27,0.14,87.8,1.2,218,2026-09-29 16:55:00,PT5M,13.903,32.4275,23.6526,4.1534,0.0
98,98,3,97,27,0.14,88.1,1.2,216,2026-09-29 17:00:00,PT5M,11.856,28.285,20.5027,3.2093,0.0
86,86,0,86,27,0.14,88.5,1.2,214,2026-09-29 17:05:00,PT5M,10.306,24.7335,17.8993,2.7127,0.0
74,74,0,74,27,0.14,88.8,1.2,212,2026-09-29 17:10:00,PT5M,8.776,21.2415,15.3367,2.2153,0.0
63,63,0,63,27,0.14,89.2,1.2,211,2026-09-29 17:15:00,PT5M,7.397,17.8915,12.9203,1.8737,0.0
52,53,0,53,27,0.14,89.5,1.2,209,2026-09-29 17:20:00,PT5M,6.126,14.6185,10.5957,1.6563,0.0
42,43,0,43,26,0.14,89.9,1.2,207,2026-09-29 17:25:00,PT5M,4.837,11.424,8.3038,1.3702,0.0
33,33,0,33,26,0.14,90.2,1.2,205,2026-09-29 17:30:00,PT5M,3.629,8.4695,6.1766,1.0814,0.0
24,24,0,24,26,0.14,90.5,1.2,205,2026-09-29 17:35:00,PT5M,2.438,5.4795,4.0388,0.8372,0.0
17,17,0,17,26,0.14,90.7,1.2,205,2026-09-29 17:40:00,PT5M,1.532,3.3065,2.4659,0.5981,0.0
10,10,0,10,26,0.14,90.8,1.2,205,2026-09-29 17:45:00,PT5M,0.702,1.5795,1.1638,0.2402,0.0
5,5,0,5,26,0.14,91.0,1.2,206,2026-09-29 17:50:00,PT5M,0.0,0.213,0.1121,0.0,0.0
0,0,0,0,26,0.14,91.2,1.2,206,2026-09-29 17:55:00,PT5M,0.0,0.0,0.0,0.0,0.0
0,0,0,0,26,0.14,91.4,1.2,206,2026-09-29 18:00:00,PT5M,0.0,0.0,0.0,0.0,0.0
0,0,0,0,26,0.14,91.6,1.2,207,2026-09-29 18:05:00,PT5M,0.0,0.0,0.0,0.0,0.0
0,0,0,0,26,0.14,91.7,1.2,207,2026-09-29 18:10:00,PT5M,0.0,0.0,0.0,0.0,0.0
0,0,0,0,26,0.14,91.9,1.2,207,2026-09-29 18:15:00,PT5M,0.0,0.0,0.0,0.0,0.0
0,0,0,0,26,0.14,92.1,1.2,208,2026-09-29 18:20:00,PT5M,0.0,0.0,0.0,0.0,0.0
0,0,0,0,26,0.14,92.3,1.2,208,2026-09-29 18:25:00,PT5M,0.0,0.0,0.0,0.0,0.0
0,0,0,0,26,0.14,92.5,1.3,208,2026-09-29 18:30:00,PT5M,0.0,0.0,0.0,0.0,0.0
0,0,0,0,26,0.14,92.6,1.3,209,2026-09-29 18:35:00,PT5M,0.0,0.0,0.0,0.0,0.0
0,0,0,0,26,0.14,92.8,1.3,210,2026-09-29 18:40:00,PT5M,0.0,0.0,0.0,0.0,0.0
0,0,0,0,26,0.14,92.9,1.3,211,2026-09-29 18:45:00,PT5M,0.0,0.0,0.0,0.0,0.0
0,0,0,0,26,0.14,93.0,1.3,212,2026-09-29 18:50:00,PT5M,0.0,0.0,0.0,0.0,0.0
0,0,0,0,26,0.14,93.2,1.3,212,2026-09-29 18:55:00,PT5M,0.0,0.0,0.0,0.0,0.0
0,0,0,0,26,0.14,93.3,1.3,213,2026-09-29 19:00:00,PT5M,0.0,0.0,0.0,0.0,0.0
0,0,0,0,26,0.14,93.4,1.3,214,2026-09-29 19:05:00,PT5M,0.0,0.0,0.0,0.0,0.0
0,0,0,0,26,0.14,93.6,1.3,215,2026-09-29 19:10:00,PT5M,0.0,0.0,0.0,0.0,0.0
0,0,0,0,25,0.14,93.7,1.3,216,2026-09-29 19:15:00,PT5M,0.0,0.0,0.0,0.0,0.0
0,0,0,0,25,0.14,93.9,1.3,217,2026-09-29 19:20:00,PT5M,0.0,0.0,0.0,0.0,0.0
0,0,0,0,25,0.14,94.0,1.3,217,2026-09-29 19:25:00,PT5M,0.0,0.0,0.0,0.0,0.0
0,0,0,0,25,0.14,94.1,1.3,218,2026-09-29 19:30:00,PT5M,0.0,0.0,0.0,0.0,0.0
0,0,0,0,25,0.14,94.3,1.3,219,2026-09-29 19:35:00,PT5M,0.0,0.0,0.0,0.0,0.0
0,0,0,0,25,0.14,94.5,1.3,220,2026-09-29 19:40:00,PT5M,0.0,0.0,0.0,0.0,0.0
0,0,0,0,25,0.14,94.7,1.3,221,2026-09-29 19:45:00,PT5M,0.0,0.0,0.0,0.0,0.0
0,0,0,0,25,0.14,94.9,1.3,221,2026-09-29 19:50:00,PT5M,0.0,0.0,0.0,0.0,0.0
0,0,0,0,25,0.14,95.0,1.3,222,2026-09-29 19:55:00,PT5M,0.0,0.0,0.0,0.0,0.0
0,0,0,0,25,0.14,95.2,1.3,223,2026-09-29 20:00:00,PT5M,0.0,0.0,0.0,0.0,0.0
0,0,0,0,25,0.14,95.4,1.3,224,2026-09-29 20:05:00,PT5M,0.0,0.0,0.0,0.0,0.0
0,0,0,0,25,0.14,95.6,1.3,225,2026-09-29 20:10:00,PT5M,0.0,0.0,0.0,0.0,0.0
0,0,0,0,25,0.14,95.8,1.3,225,2026-09-29 20:15:00,PT5M,0.0,0.0,0.0,0.0,0.0
0,0,0,0,25,0.14,96.0,1.3,226,2026-09-29 20:20:00,PT5M,0.0,0.0,0.0,0.0,0.0
0,0,0,0,25,0.14,96.2,1.3,227,2026-09-29 20:25:00,PT5M,0.0,0.0,0.0,0.0,0.0
0,0,0,0,25,0.14,96.4,1.3,228,2026-09-29 20:30:00,PT5M,0.0,0.0,0.0,0.0,0.0
0,0,0,0,25,0.14,96.5,1.4,228,2026-09-29 20:35:00,PT5M,0.0,0.0,0.0,0.0,0.0
0,0,0,0,25,0.14,96.5,1.4,228,2026-09-29 20:40:00,PT5M,0.0,0.0,0.0,0.0,0.0
0,0,0,0,25,0.14,96.6,1.4,228,2026-09-29 20:45:00,PT5M,0.0,0.0,0.0,0.0,0.0
0,0,0,0,25,0.14,96.6,1.4,228,2026-09-29 20:50:00,PT5M,0.0,0.0,0.0,0.0,0.0
0,0,0,0,25,0.14,96.7,1.4,228,2026-09-29 20:55:00,PT5M,0.0,0.0,0.0,0.0,0.0
0,0,0,0,25,0.14,96.7,1.4,228,2026-09-29 21:00:00,PT5M,0.0,0.0,0.0,0.0,0.0
0,0,0,0,25,0.14,96.8,1.4,228,2026-09-29 21:05:00,PT5M,0.0,0.0,0.0,0.0,0.0
0,0,0,0,25,0.14,96.8,1.4,228,2026-09-29 21:10:00,PT5M,0.0,0.0,0.0,0.0,0.0
0,0,0,0,25,0.14,96.9,1.4,228,2026-09-29 21:15:00,PT5M,0.0,0.0,0.0,0.0,0.0
0,0,0,0,25,0.14,96.9,1.5,228,2026-09-29 21:20:00,PT5M,0.0,0.0,0.0,0.0,0.0
0,0,0,0,25,0.14,97.0,1.5,228,2026-09-29 21:25:00,PT5M,0.0,0.0,0.0,0.0,0.0
0,0,0,0,25,0.14,97.0,1.5,228,2026-09-29 21:30:00,PT5M,0.0,0.0,0.0,0.0,0.0
0,0,0,0,25,0.14,97.1,1.5,228,2026-09-29 21:35:00,PT5M,0.0,0.0,0.0,0.0,0.0
0,0,0,0,25,0.14,97.1,1.5,228,2026-09-29 21:40:00,PT5M,0.0,0.0,0.0,0.0,0.0
0,0,0,0,25,0.14,97.2,1.5,228,2026-09-29 21:45:00,PT5M,0.0,0.0,0.0,0.0,0.0
0,0,0,0,25,0.14,97.2,1.5,228,2026-09-29 21:50:00,PT5M,0.0,0.0,0.0,0.0,0.0
0,0,0,0,25,0.14,97.3,1.6,229,2026-09-29 21:55:00,PT5M,0.0,0.0,0.0,0.0,0.0
0,0,0,0,25,0.14,97.3,1.6,229,2026-09-29 22:00:00,PT5M,0.0,0.0,0.0,0.0,0.0
0,0,0,0,25,0.14,97.4,1.6,229,2026-09-29 22:05:00,PT5M,0.0,0.0,0.0,0.0,0.0
0,0,0,0,25,0.14,97.4,1.6,229,2026-09-29 22:10:00,PT5M,0.0,0.0,0.0,0.0,0.0
0,0,0,0,25,0.14,97.5,1.6,229,2026-09-29 22:15:00,PT5M,0.0,0.0,0.0,0.0,0.0
0,0,0,0,24,0.14,97.5,1.7,229,2026-09-29 22:20:00,PT5M,0.0,0.0,0.0,0.0,0.0
0,0,0,0,24,0.14,97.6,1.7,230,2026-09-29 22:25:00,PT5M,0.0,0.0,0.0,0.0,0.0
0,0,0,0,24,0.14,97.6,1.7,230,2026-09-29 22:30:00,PT5M,0.0,0.0,0.0,0.0,0.0
0,0,0,0,24,0.14,97.7,1.7,230,2026-09-29 22:35:00,PT5M,0.0,0.0,0.0,0.0,0.0
0,0,0,0,24,0.14,97.7,1.7,230,2026-09-29 22:40:00,PT5M,0.0,0.0,0.0,0.0,0.0
0,0,0,0,24,0.14,97.8,1.7,230,2026-09-29 22:45:00,PT5M,0.0,0.0,0.0,0.0,0.0
0,0,0,0,24,0.14,97.8,1.7,230,2026-09-29 22:50:00,PT5M,0.0,0.0,0.0,0.0,0.0
0,0,0,0,24,0.14,97.8,1.8,230,2026-09-29 22:55:00,PT5M,0.0,0.0,0.0,0.0,0.0
0,0,0,0,24,0.14,97.9,1.8,230,2026-09-29 23:00:00,PT5M,0.0,0.0,0.0,0.0,0.0
0,0,0,0,24,0.14,97.9,1.8,230,2026-09-29 23:05:00,PT5M,0.0,0.0,0.0,0.0,0.0
0,0,0,0,24,0.14,98.0,1.8,230,2026-09-29 23:10:00,PT5M,0.0,0.0,0.0,0.0,0.0
0,0,0,0,24,0.14,98.0,1.8,229,2026-09-29 23:15:00,PT5M,0.0,0.0,0.0,0.0,0.0
0,0,0,0,24,0.14,98.1,1.8,229,2026-09-29 23:20:00,PT5M,0.0,0.0,0.0,0.0,0.0
0,0,0,0,24,0.14,98.1,1.8,229,2026-09-29 23:25:00,PT5M,0.0,0.0,0.0,0.0,0.0
0,0,0,0,24,0.14,98.2,1.8,229,2026-09-29 23:30:00,PT5M,0.0,0.0,0.0,0.0,0.0
0,0,0,0,24,0.14,98.2,1.8,229,2026-09-29 23:35:00,PT5M,0.0,0.0,0.0,0.0,0.0
0,0,0,0,24,0.14,98.2,1.9,229,2026-09-29 23:40:00,PT5M,0.0,0.0,0.0,0.0,0.0
0,0,0,0,24,0.14,98.2,1.9,229,2026-09-29 23:45:00,PT5M,0.0,0.0,0.0,0.0,0.0
0,0,0,0,24,0.14,98.2,1.9,229,2026-09-29 23:50:00,PT5M,0.0,0.0,0.0,0.0,0.0
0,0,0,0,24,0.14,98.2,1.9,229,2026-09-29 23:55:00,PT5M,0.0,0.0,0.0,0.0,0.0
0,0,0,0,24,0.14,98.2,1.9,229,2026-09-30 00:00:00,PT5M,0.0,0.0,0.0,0.0,0.0
0,0,0,0,24,0.14,98.2,1.9,229,2026-09-30 00:05:00,PT5M,0.0,0.0,0.0,0.0,0.0
0,0,0,0,24,0.14,98.2,1.9,229,2026-09-30 00:10:00,PT5M,0.0,0.0,0.0,0.0,0.0
0,0,0,0,24,0.14,98.2,1.9,229,2026-09-30 00:15:00,PT5M,0.0,0.0,0.0,0.0,0.0
0,0,0,0,24,0.14,98.2,2.0,229,2026-09-30 00:20:00,PT5M,0.0,0.0,0.0,0.0,0.0
0,0,0,0,24,0.14,98.2,2.0,229,2026-09-30 00:25:00,PT5M,0.0,0.0,0.0,0.0,0.0
0,0,0,0,24,0.14,98.2,2.0,229,2026-09-30 00:30:00,PT5M,0.0,0.0,0.0,0.0,0.0
0,0,0,0,24,0.14,98.2,2.0,229,2026-09-30 00:35:00,PT5M,0.0,0.0,0.0,0.0,0.0
0,0,0,0,24,0.14,98.1,2.0,229,2026-09-30 00:40:00,PT5M,0.0,0.0,0.0,0.0,0.0
0,0,0,0,24,0.14,98.1,2.0,229,2026-09-30 00:45:00,PT5M,0.0,0.0,0.0,0.0,0.0
0,0,0,0,24,0.14,98.0,2.0,230,2026-09-30 00:50:00,PT5M,0.0,0.0,0.0,0.0,0.0
0,0,0,0,24,0.14,98.0,2.0,230,2026-09-30 00:55:00,PT5M,0.0,0.0,0.0,0.0,0.0
0,0,0,0,24,0.14,97.9,2.0,230,2026-09-30 01:00:00,PT5M,0.0,0.0,0.0,0.0,0.0
0,0,0,0,24,0.14,97.9,2.0,230,2026-09-30 01:05:00,PT5M,0.0,0.0,0.0,0.0,0.0
0,0,0,0,24,0.14,97.8,2.0,230,2026-09-30 01:10:00,PT5M,0.0,0.0,0.0,0.0,0.0
0,0,0,0,24,0.14,97.8,2.0,230,2026-09-30 01:15:00,PT5M,0.0,0.0,0.0,0.0,0.0
0,0,0,0,24,0.14,97.7,2.0,231,2026-09-30 01:20:00,PT5M,0.0,0.0,0.0,0.0,0.0
0,0,0,0,24,0.14,97.7,2.1,231,2026-09-30 01:25:00,PT5M,0.0,0.0,0.0,0.0,0.0
0,0,0,0,24,0.14,97.6,2.1,231,2026-09-30 01:30:00,PT5M,0.0,0.0,0.0,0.0,0.0
0,0,0,0,24,0.14,97.6,2.1,231,2026-09-30 01:35:00,PT5M,0.0,0.0,0.0,0.0,0.0
0,0,0,0,24,0.14,97.6,2.1,231,2026-09-30 01:40:00,PT5M,0.0,0.0,0.0,0.0,0.0
0,0,0,0,24,0.14,97.6,2.1,230,2026-09-30 01:45:00,PT5M,0.0,0.0,0.0,0.0,0.0
0,0,0,0,24,0.14,97.6,2.1,230,2026-09-30 01:50:00,PT5M,0.0,0.0,0.0,0.0,0.0
0,0,0,0,24,0.14,97.6,2.1,230,2026-09-30 01:55:00,PT5M,0.0,0.0,0.0,0.0,0.0
0,0,0,0,24,0.14,97.6,2.1,230,2026-09-30 02:00:00,PT5M,0.0,0.0,0.0,0.0,0.0
0,0,0,0,24,0.14,97.6,2.1,230,2026-09-30 02:05:00,PT5M,0.0,0.0,0.0,0.0,0.0
0,0,0,0,24,0.14,97.6,2.1,230,2026-09-30 02:10:00,PT5M,0.0,0.0,0.0,0.0,0.0
0,0,0,0,24,0.14,97.6,2.1,229,2026-09-30 02:15:00,PT5M,0.0,0.0,0.0,0.0,0.0
0,0,0,0,24,0.14,97.6,2.1,229,2026-09-30 02:20:00,PT5M,0.0,0.0,0.0,0.0,0.0
0,0,0,0,24,0.14,97.6,2.1,229,2026-09-30 02:25:00,PT5M,0.0,0.0,0.0,0.0,0.0
0,0,0,0,24,0.14,97.6,2.1,229,2026-09-30 02:30:00,PT5M,0.0,0.0,0.0,0.0,0.0
0,0,0,0,24,0.14,97.6,2.1,229,2026-09-30 02:35:00,PT5M,0.0,0.0,0.0,0.0,0.0
0,0,0,0,24,0.14,97.5,2.1,229,2026-09-30 02:40:00,PT5M,0.0,0.0,0.0,0.0,0.0
0,0,0,0,24,0.14,97.5,2.1,230,2026-09-30 02:45:00,PT5M,0.0,0.0,0.0,0.0,0.0
0,0,0,0,24,0.14,97.4,2.1,230,2026-09-30 02:50:00,PT5M,0.0,0.0,0.0,0.0,0.0
0,0,0,0,24,0.14,97.4,2.1,230,2026-09-30 02:55:00,PT5M,0.0,0.0,0.0,0.0,0.0
0,0,0,0,24,0.14,97.4,2.1,231,2026-09-30 03:00:00,PT5M,0.0,0.0,0.0,0.0,0.0
0,0,0,0,24,0.14,97.3,2.1,231,2026-09-30 03:05:00,PT5M,0.0,0.0,0.0,0.0,0.0
0,0,0,0,24,0.14,97.3,2.1,231,2026-09-30 03:10:00,PT5M,0.0,0.0,0.0,0.0,0.0
0,0,0,0,24,0.14,97.2,2.1,231,2026-09-30 03:15:00,PT5M,0.0,0.0,0.0,0.0,0.0
0,0,0,0,24,0.14,97.2,2.1,232,2026-09-30 03:20:00,PT5M,0.0,0.0,0.0,0.0,0.0
0,0,0,0,24,0.14,97.1,2.1,232,2026-09-30 03:25:00,PT5M,0.0,0.0,0.0,0.0,0.0
0,0,0,0,24,0.14,97.1,2.1,232,2026-09-30 03:30:00,PT5M,0.0,0.0,0.0,0.0,0.0
0,0,0,0,24,0.14,97.1,2.1,233,2026-09-30 03:35:00,PT5M,0.0,0.0,0.0,0.0,0.0
0,0,0,0,24,0.14,97.1,2.1,233,2026-09-30 03:40:00,PT5M,0.0,0.0,0.0,0.0,0.0
0,0,0,0,24,0.14,97.2,2.1,233,2026-09-30 03:45:00,PT5M,0.0,0.0,0.0,0.0,0.0
0,0,0,0,24,0.14,97.2,2.1,234,2026-09-30 03:50:00,PT5M,0.0,0.0,0.0,0.0,0.0
0,0,0,0,24,0.14,97.3,2.1,234,2026-09-30 03:55:00,PT5M,0.0,0.0,0.0,0.0,0.0
0,0,0,0,24,0.14,97.3,2.1,234,2026-09-30 04:00:00,PT5M,0.0,0.0,0.0,0.0,0.0
0,0,0,0,24,0.14,97.4,2.2,235,2026-09-30 04:05:00,PT5M,0.0,0.0,0.0,0.0,0.0
0,0,0,0,24,0.14,97.4,2.2,235,2026-09-30 04:10:00,PT5M,0.0,0.0,0.0,0.0,0.0
0,0,0,0,24,0.14,97.4,2.2,235,2026-09-30 04:15:00,PT5M,0.0,0.0,0.0,0.0,0.0
0,0,0,0,24,0.14,97.5,2.2,236,2026-09-30 04:20:00,PT5M,0.0,0.0,0.0,0.0,0.0
0,0,0,0,24,0.14,97.5,2.2,236,2026-09-30 04:25:00,PT5M,0.0,0.0,0.0,0.0,0.0
0,0,0,0,24,0.14,97.6,2.2,236,2026-09-30 04:30:00,PT5M,0.0,0.0,0.0,0.0,0.0
0,0,0,0,24,0.14,97.6,2.2,237,2026-09-30 04:35:00,PT5M,0.0,0.0,0.0,0.0,0.0
0,0,0,0,24,0.14,97.7,2.2,237,2026-09-30 04:40:00,PT5M,0.0,0.0,0.0,0.0,0.0
0,0,0,0,24,0.14,97.7,2.2,238,2026-09-30 04:45:00,PT5M,0.0,0.0,0.0,0.0,0.0
0,0,0,0,24,0.14,97.8,2.2,238,2026-09-30 04:50:00,PT5M,0.0,0.0,0.0,0.0,0.0
0,0,0,0,24,0.14,97.8,2.2,239,2026-09-30 04:55:00,PT5M,0.0,0.0,0.0,0.0,0.0
0,0,0,0,24,0.14,97.9,2.2,239,2026-09-30 05:00:00,PT5M,0.0,0.0,0.0,0.0,0.0
0,0,0,0,24,0.14,97.9,2.2,240,2026-09-30 05:05:00,PT5M,0.0,0.0,0.0,0.0,0.0
0,0,0,0,24,0.14,98.0,2.2,240,2026-09-30 05:10:00,PT5M,0.0,0.0,0.0,0.0,0.0
0,0,0,0,24,0.14,98.0,2.1,241,2026-09-30 05:15:00,PT5M,0.0,0.0,0.0,0.0,0.0
0,0,0,0,24,0.14,98.1,2.1,241,2026-09-30 05:20:00,PT5M,0.0,0.0,0.0,0.0,0.0
0,0,0,0,24,0.14,98.1,2.1,241,2026-09-30 05:25:00,PT5M,0.0,0.0,0.0,0.0,0.0
0,0,0,0,24,0.14,98.2,2.1,242,2026-09-30 05:30:00,PT5M,0.0,0.0,0.0,0.0,0.0
0,0,0,0,24,0.14,97.9,2.1,242,2026-09-30 05:35:00,PT5M,0.0,0.0,0.0,0.0,0.0
0,0,0,0,24,0.14,97.4,2.1,242,2026-09-30 05:40:00,PT5M,0.0,0.0,0.0,0.0,0.0
0,0,0,0,24,0.14,96.9,2.1,241,2026-09-30 05:45:00,PT5M,0.0,0.0,0.0,0.0,0.0
0,0,0,0,24,0.14,96.3,2.1,241,2026-09-30 05:50:00,PT5M,0.0,0.0,0.0,0.0,0.0
0,0,0,0,24,0.14,95.8,2.1,241,2026-09-30 05:55:00,PT5M,0.0,0.0,0.0,0.0,0.0
2,2,0,2,24,0.14,95.3,2.1,241,2026-09-30 06:00:00,PT5M,0.0,0.0,0.0,0.0,0.0
7,7,0,7,24,0.14,94.8,2.1,240,2026-09-30 06:05:00,PT5M,0.283,0.7355,0.5212,0.0448,0.0
13,13,0,13,25,0.14,94.2,2.1,240,2026-09-30 06:10:00,PT5M,1.131,2.316,1.7547,0.5073,0.0
21,21,0,21,25,0.14,93.7,2.1,240,2026-09-30 06:15:00,PT5M,2.078,4.191,3.1901,0.9659,0.0
29,29,0,29,25,0.14,93.2,2.1,239,2026-09-30 06:20:00,PT5M,3.113,6.5635,4.929,1.297,0.0
38,38,0,38,25,0.14,92.7,2.1,239,2026-09-30 06:25:00,PT5M,4.27,9.208,6.8689,1.6711,0.0
48,48,0,48,25,0.14,92.2,2.1,239,2026-09-30 06:30:00,PT5M,5.645,12.32,9.1581,2.1319,0.0
60,60,0,60,25,0.14,91.7,2.1,239,2026-09-30 06:35:00,PT5M,7.11,15.6505,11.6049,2.6151,0.0
73,73,0,73,25,0.14,91.3,2.1,239,2026-09-30 06:40:00,PT5M,8.693,19.1275,14.1848,3.2012,0.0
87,87,18,84,25,0.14,90.8,2.1,239,2026-09-30 06:45:00,PT5M,11.122,23.4605,17.6158,4.6282,0.0
103,102,45,92,25,0.14,90.4,2.1,239,2026-09-30 06:50:00,PT5M,14.12,28.3165,21.5917,6.6483,0.0
119,119,73,101,25,0.14,89.9,2.1,239,2026-09-30 06:55:00,PT5M,17.386,33.486,25.8595,8.9125,1.286
136,135,101,108,26,0.14,89.5,2.1,239,2026-09-30 07:00:00,PT5M,20.852,38.9365,30.37,11.334,2.7675
153,152,125,116,26,0.14,89.0,2.1,239,2026-09-30 07:05:00,PT5M,24.447,44.5395,35.0218,13.8722,4.3545
170,169,149,123,26,0.14,88.6,2.1,239,2026-09-30 07:10:00,PT5M,28.233,50.3075,39.851,16.615,6.1585
188,187,173,130,26,0.14,88.2,2.1,239,2026-09-30 07:15:00,PT5M,32.265,56.3195,44.9251,19.6049,8.2105
207,205,197,136,26,0.14,87.7,2.1,239,2026-09-30 07:20:00,PT5M,36.522,62.5475,50.2194,22.8246,10.4965
226,224,222,142,26,0.14,87.3,2.1,239,2026-09-30 07:25:00,PT5M,40.978,68.9555,55.7028,26.2532,13.0005
246,244,247,147,26,0.14,86.9,2.1,239,2026-09-30 07:30:00,PT5M,45.654,75.572,61.4001,29.9079,15.736
264,262,267,153,26,0.14,86.4,2.1,239,2026-09-30 07:35:00,PT5M,49.924,81.873,66.739,33.109,17.975
281,279,279,159,26,0.14,86.0,2.1,238,2026-09-30 07:40:00,PT5M,53.689,87.8665,71.6769,35.7011,19.5115
298,296,292,165,26,0.14,85.6,2.1,238,2026-09-30 07:45:00,PT5M,56.192,91.0605,74.5435,37.8405,21.3235
316,313,305,170,26,0.14,85.2,2.1,238,2026-09-30 07:50:00,PT5M,58.5,93.85,77.105,39.895,23.15
333,330,317,176,27,0.14,84.8,2.1,238,2026-09-30 07:55:00,PT5M,60.734,96.519,79.5679,41.9001,24.949
350,347,329,181,27,0.14,84.4,2.1,238,2026-09-30 08:00:00,PT5M,62.886,99.0515,81.9202,43.8518,26.7205
368,365,341,186,27,0.14,83.9,2.1,238,2026-09-30 08:05:00,PT5M,64.944,100.0,84.1453,45.7427,28.461
385,382,353,191,27,0.14,83.5,2.1,238,2026-09-30 08:10:00,PT5M,66.898,100.0,86.2608,47.5352,30.108
402,399,364,195,27,0.14,83.1,2.0,238,2026-09-30 08:15:00,PT5M,68.739,100.0,88.1858,49.2922,31.7895
420,416,375,199,27,0.14,82.7,2.0,237,2026-09-30 08:20:00,PT5M,70.428,100.0,89.9074,50.9486,33.4165
437,433,386,203,27,0.14,82.3,2.0,237,2026-09-30 08:25:00,PT5M,72.035,100.0,91.5013,52.5687,35.0485
454,450,396,207,27,0.14,81.9,2.0,237,2026-09-30 08:30:00,PT5M,73.569,100.0,93.0016,54.1364,36.6465
470,466,405,211,27,0.14,81.4,2.0,237,2026-09-30 08:35:00,PT5M,74.88,100.0,94.2684,55.4916,38.0415
485,481,411,216,28,0.14,80.8,2.0,236,2026-09-30 08:40:00,PT5M,75.98,100.0,95.3181,56.6419,39.237
501,496,417,220,28,0.14,80.2,2.0,235,2026-09-30 08:45:00,PT5M,77.024,100.0,96.305,57.743,40.3895
516,511,423,224,28,0.14,79.7,2.0,234,2026-09-30 08:50:00,PT5M,78.026,100.0,97.1415,58.9105,41.706
530,526,429,228,28,0.14,79.1,2.0,233,2026-09-30 08:55:00,PT5M,78.988,100.0,97.879,60.097,43.0945
545,540,435,232,28,0.14,78.5,2.0,232,2026-09-30 09:00:00,PT5M,79.921,100.0,98.5896,61.2524,44.45
560,555,442,236,28,0.14,77.9,2.0,232,2026-09-30 09:05:00,PT5M,80.91,100.0,99.3534,62.4666,45.867
574,569,448,239,28,0.14,77.4,2.0,231,2026-09-30 09:10:00,PT5M,81.848,100.0,100.0,63.6267,47.227
589,584,454,242,28,0.14,76.8,2.0,230,2026-09-30 09:15:00,PT5M,82.752,100.0,100.0,64.7497,48.547
603,597,460,245,29,0.14,76.3,2.0,229,2026-09-30 09:20:00,PT5M,83.624,100.0,100.0,65.8374,49.829
617,611,466,248,29,0.14,75.7,2.0,228,2026-09-30 09:25:00,PT5M,84.466,100.0,100.0,66.8918,51.0745
630,625,472,251,29,0.14,75.2,2.0,227,2026-09-30 09:30:00,PT5M,85.277,100.0,100.0,67.912,52.283
643,637,475,254,29,0.14,74.6,2.1,227,2026-09-30 09:35:00,PT5M,85.923,100.0,100.0,68.7446,53.2835
654,648,477,258,29,0.14,74.0,2.1,226,2026-09-30 09:40:00,PT5M,86.41,100.0,100.0,69.3942,54.0795
664,658,478,262,29,0.14,73.5,2.1,225,2026-09-30 09:45:00,PT5M,86.825,100.0,100.0,69.9626,54.786
674,668,478,267,29,0.14,72.9,2.1,225,2026-09-30 09:50:00,PT5M,87.212,100.0,100.0,70.4965,55.452
684,678,478,271,29,0.14,72.3,2.1,224,2026-09-30 09:55:00,PT5M,87.578,100.0,100.0,71.0033,56.0855
693,687,478,274,30,0.14,71.8,2.1,223,2026-09-30 10:00:00,PT5M,87.921,100.0,100.0,71.4781,56.679
702,696,479,278,30,0.14,71.2,2.1,223,2026-09-30 10:05:00,PT5M,88.253,100.0,100.0,71.9367,57.2515
711,705,479,281,30,0.14,70.7,2.1,222,2026-09-30 10:10:00,PT5M,88.572,100.0,100.0,72.3765,57.8
719,713,480,285,30,0.14,70.1,2.1,221,2026-09-30 10:15:00,PT5M,88.867,100.0,100.0,72.7862,58.313
727,720,480,288,30,0.14,69.6,2.1,221,2026-09-30 10:20:00,PT5M,89.139,100.0,100.0,73.1669,58.7915
734,728,480,291,30,0.14,69.1,2.1,220,2026-09-30 10:25:00,PT5M,89.391,100.0,100.0,73.5221,59.2395
741,735,480,294,30,0.14,68.5,2.1,219,2026-09-30 10:30:00,PT5M,89.625,100.0,100.0,73.8542,59.66
747,741,479,297,31,0.14,68.0,2.1,219,2026-09-30 10:35:00,PT5M,89.777,100.0,100.0,74.0883,59.968
752,746,477,300,31,0.14,67.6,2.1,218,2026-09-30 10:40:00,PT5M,89.85,100.0,100.0,74.2266,60.165
757,751,475,304,31,0.14,67.1,2.1,217,2026-09-30 10:45:00,PT5M,89.899,100.0,100.0,74.3335,60.324
761,755,473,307,31,0.14,66.6,2.1,216,2026-09-30 10:50:00,PT5M,89.923,100.0,100.0,74.4061,60.4405
765,759,470,310,31,0.14,66.1,2.1,216,2026-09-30 10:55:00,PT5M,89.909,100.0,100.0,74.4221,60.4835
768,762,468,314,31,0.14,65.7,2.1,215,2026-09-30 11:00:00,PT5M,89.874,100.0,100.0,74.4095,60.491
771,765,465,317,31,0.14,65.2,2.1,214,2026-09-30 11:05:00,PT5M,89.836,100.0,100.0,74.4028,60.5125
773,767,463,319,31,0.14,64.7,2.1,213,2026-09-30 11:10:00,PT5M,89.78,100.0,100.0,74.3753,60.5105
775,769,460,322,32,0.14,64.3,2.2,213,2026-09-30 11:15:00,PT5M,89.69,100.0,100.0,74.2971,60.443
777,771,457,325,32,0.14,63.8,2.2,212,2026-09-30 11:20:00,PT5M,89.575,100.0,100.0,74.1853,60.334
778,772,454,327,32,0.14,63.4,2.2,211,2026-09-30 11:25:00,PT5M,89.436,100.0,100.0,74.0418,60.1865
778,772,451,330,32,0.14,62.9,2.2,210,2026-09-30 11:30:00,PT5M,89.274,100.0,100.0,73.8693,60.0045
778,772,447,332,32,0.14,63.0,2.2,210,2026-09-30 11:35:00,PT5M,89.071,100.0,100.0,73.6426,59.7565
776,770,442,335,32,0.14,63.7,2.1,209,2026-09-30 11:40:00,PT5M,88.827,100.0,100.0,73.3607,59.4405
774,769,436,338,32,0.14,64.3,2.0,208,2026-09-30 11:45:00,PT5M,88.556,100.0,100.0,73.0447,59.084
772,766,431,341,31,0.14,65.0,1.9,207,2026-09-30 11:50:00,PT5M,88.257,100.0,100.0,72.6936,58.686
769,763,425,344,31,0.14,65.7,1.9,207,2026-09-30 11:55:00,PT5M,87.929,100.0,100.0,72.3066,58.246
766,760,419,346,31,0.14,66.4,1.8,206,2026-09-30 12:00:00,PT5M,87.655,100.0,100.0,71.9663,57.846
762,756,413,349,31,0.14,67.1,1.7,205,2026-09-30 12:05:00,PT5M,87.37,100.0,100.0,71.6058,57.4175
757,751,405,352,31,0.14,67.8,1.7,203,2026-09-30 12:10:00,PT5M,87.037,100.0,100.0,71.188,56.9235
752,746,398,355,30,0.14,68.5,1.6,202,2026-09-30 12:15:00,PT5M,86.672,100.0,100.0,70.732,56.3855
746,741,390,358,30,0.14,69.3,1.5,201,2026-09-30 12:20:00,PT5M,86.276,100.0,100.0,70.2389,55.805
740,735,383,360,30,0.14,70.0,1.5,200,2026-09-30 12:25:00,PT5M,85.848,100.0,100.0,69.708,55.1815
734,729,375,363,30,0.14,70.7,1.4,198,2026-09-30 12:30:00,PT5M,85.391,100.0,100.0,69.1431,54.5195
726,721,365,365,30,0.14,71.5,1.3,196,2026-09-30 12:35:00,PT5M,84.784,100.0,100.0,68.3885,53.632
717,712,354,368,30,0.14,72.3,1.3,195,2026-09-30 12:40:00,PT5M,84.019,100.0,100.0,67.4366,52.512
707,703,343,371,29,0.14,73.1,1.2,193,2026-09-30 12:45:00,PT5M,83.211,100.0,99.9889,66.4331,51.3325
697,693,332,374,29,0.14,73.9,1.1,191,2026-09-30 12:50:00,PT5M,82.354,100.0,99.3364,65.3716,50.087
687,683,321,376,29,0.14,74.7,1.1,189,2026-09-30 12:55:00,PT5M,81.483,100.0,98.6643,64.3017,48.838
676,672,310,378,29,0.14,75.6,1.0,187,2026-09-30 13:00:00,PT5M,80.612,100.0,97.9807,63.2433,47.611
666,662,300,378,29,0.14,76.4,1.0,184,2026-09-30 13:05:00,PT5M,79.702,100.0,97.2709,62.1331,46.3205
655,652,292,378,28,0.14,77.3,0.9,182,2026-09-30 13:10:00,PT5M,78.778,100.0,96.5501,61.0059,45.0105
644,641,283,378,28,0.14,78.1,0.9,178,2026-09-30 13:15:00,PT5M,77.814,100.0,95.7927,59.8353,43.654
633,630,274,377,28,0.14,79.0,0.8,175,2026-09-30 13:20:00,PT5M,76.815,100.0,95.0021,58.6279,42.259
622,619,265,376,28,0.14,79.9,0.8,171,2026-09-30 13:25:00,PT5M,75.782,100.0,94.178,57.386,40.829
610,607,257,375,28,0.14,80.8,0.7,166,2026-09-30 13:30:00,PT5M,74.716,100.0,93.3215,56.1105,39.365
595,592,243,374,28,0.14,81.7,0.7,162,2026-09-30 13:35:00,PT5M,73.204,100.0,92.0868,54.3212,37.326
577,575,225,374,27,0.14,82.7,0.7,156,2026-09-30 13:40:00,PT5M,71.238,100.0,90.4624,52.0136,34.711
559,557,208,374,27,0.14,83.6,0.7,151,2026-09-30 13:45:00,PT5M,69.211,100.0,88.7717,49.6503,32.045
541,539,191,373,27,0.14,84.5,0.6,144,2026-09-30 13:50:00,PT5M,67.179,100.0,87.0705,47.2875,29.3845
523,521,175,371,27,0.14,85.5,0.6,138,2026-09-30 13:55:00,PT5M,65.114,100.0,85.3308,44.8972,26.7015
505,503,160,368,27,0.14,86.5,0.6,132,2026-09-30 14:00:00,PT5M,63.015,100.0,83.5515,42.4785,23.995
487,486,144,365,26,0.14,87.4,0.6,126,2026-09-30 14:05:00,PT5M,60.863,100.0,81.7153,40.0107,21.243
469,468,129,362,26,0.14,88.4,0.7,119,2026-09-30 14:10:00,PT5M,58.666,98.874,79.8278,37.5042,18.458
451,451,115,358,26,0.14,89.5,0.7,114,2026-09-30 14:15:00,PT5M,56.42,97.2045,77.8852,34.9548,15.6355
434,433,100,353,26,0.14,90.5,0.7,108,2026-09-30 14:20:00,PT5M,54.286,95.634,76.0477,32.5243,12.938
416,416,87,348,26,0.14,91.5,0.7,104,2026-09-30 14:25:00,PT5M,51.999,93.8945,74.0489,29.9491,10.1035
399,399,74,342,26,0.14,92.6,0.8,99,2026-09-30 14:30:00,PT5M,49.697,92.124,72.0266,27.3674,7.27
385,385,65,336,25,0.14,93.1,0.8,98,2026-09-30 14:35:00,PT5M,47.908,90.7345,70.4479,25.3681,5.0815
375,375,61,330,25,0.14,93.2,0.7,100,2026-09-30 14:40:00,PT5M,46.62,89.7,69.2933,23.9467,3.54
365,365,57,323,25,0.14,93.2,0.7,102,2026-09-30 14:45:00,PT5M,45.301,88.635,68.108,22.494,1.967
354,354,53,316,25,0.14,93.2,0.7,104,2026-09-30 14:50:00,PT5M,43.953,87.54,66.8931,21.0129,0.366
344,344,49,310,25,0.14,93.3,0.6,106,2026-09-30 14:55:00,PT5M,42.6,86.4375,65.672,19.528,0.0
333,334,45,303,25,0.14,93.3,0.6,109,2026-09-30 15:00:00,PT5M,41.256,85.099,64.3309,18.1811,0.0
323,323,42,295,26,0.14,93.4,0.6,111,2026-09-30 15:05:00,PT5M,39.896,83.55,62.8714,16.9206,0.0
313,313,38,288,26,0.14,93.4,0.5,115,2026-09-30 15:10:00,PT5M,38.522,82.028,61.4195,15.6245,0.0
302,302,35,280,26,0.14,93.5,0.5,118,2026-09-30 15:15:00,PT5M,37.111,80.445,59.918,14.304,0.0
291,292,31,273,26,0.14,93.5,0.5,123,2026-09-30 15:20:00,PT5M,36.042,79.172,58.7416,13.3424,0.0
281,281,27,265,26,0.14,93.6,0.5,127,2026-09-30 15:25:00,PT5M,34.549,77.442,57.1239,11.9741,0.0
270,270,23,257,26,0.14,93.6,0.4,132,2026-09-30 15:30:00,PT5M,33.024,75.6385,55.4523,10.5957,0.0
259,259,19,248,26,0.14,93.7,0.4,138,2026-09-30 15:35:00,PT5M,31.421,73.7335,53.6904,9.1516,0.0
248,248,14,240,26,0.14,93.8,0.4,144,2026-09-30 15:40:00,PT5M,29.796,71.7225,51.8622,7.7298,0.0
236,237,10,232,26,0.14,93.9,0.4,150,2026-09-30 15:45:00,PT5M,28.148,69.5975,49.9632,6.3328,0.0
225,225,5,223,26,0.14,94.0,0.4,157,2026-09-30 15:50:00,PT5M,26.478,67.363,47.9961,4.9599,0.0
213,214,0,214,26,0.14,94.1,0.4,163,2026-09-30 15:55:00,PT5M,24.793,65.0345,45.9724,3.6136,0.0
202,203,0,203,26,0.14,94.2,0.4,170,2026-09-30 16:00:00,PT5M,23.482,63.011,44.2864,2.6776,0.0
191,192,0,192,26,0.14,94.3,0.4,176,2026-09-30 16:05:00,PT5M,22.169,60.9235,42.5658,1.7722,0.0
180,180,0,180,26,0.14,94.4,0.4,182,2026-09-30 16:10:00,PT5M,20.857,58.7795,40.8159,0.8981,0.0
169,169,0,169,26,0.14,94.4,0.4,187,2026-09-30 16:15:00,PT5M,19.764,56.041,38.8568,0.6712,0.0
158,158,0,158,26,0.14,94.5,0.5,192,2026-09-30 16:20:00,PT5M,18.715,52.626,36.5626,0.8674,0.0
147,148,0,148,26,0.14,94.6,0.5,196,2026-09-30 16:25:00,PT5M,17.568,49.1625,34.1964,0.9396,0.0
137,137,0,137,26,0.14,94.7,0.5,200,2026-09-30 16:30:00,PT5M,16.377,45.671,31.7946,0.9594,0.0
126,127,0,127,26,0.14,94.8,0.6,203,2026-09-30 16:35:00,PT5M,15.193,42.1865,29.3999,0.9861,0.0
116,116,0,116,26,0.14,94.8,0.6,207,2026-09-30 16:40:00,PT5M,14.004,38.6845,26.9935,1.0145,0.0
106,107,0,107,26,0.14,94.9,0.6,209,2026-09-30 16:45:00,PT5M,12.789,35.128,24.5462,1.0318,0.0
96,97,0,97,26,0.14,94.9,0.7,212,2026-09-30 16:50:00,PT5M,11.574,31.645,22.1375,1.0105,0.0
87,87,0,87,26,0.14,95.0,0.7,214,2026-09-30 16:55:00,PT5M,10.371,28.23,19.7703,0.9717,0.0
77,77,0,77,26,0.14,95.0,0.7,216,2026-09-30 17:00:00,PT5M,9.137,24.8815,17.4234,0.8506,0.0
67,67,0,67,26,0.14,95.1,0.8,218,2026-09-30 17:05:00,PT5M,7.936,21.661,15.1596,0.7124,0.0
57,58,0,58,26,0.14,95.1,0.8,219,2026-09-30 17:10:00,PT5M,6.684,18.425,12.8634,0.5046,0.0
49,49,0,49,26,0.14,95.2,0.8,221,2026-09-30 17:15:00,PT5M,5.571,15.3595,10.7228,0.4192,0.0
40,40,0,40,26,0.14,95.2,0.9,222,2026-09-30 17:20:00,PT5M,4.548,12.4215,8.6919,0.4041,0.0
32,32,0,32,26,0.14,95.3,0.9,223,2026-09-30 17:25:00,PT5M,3.515,9.565,6.6992,0.3308,0.0
25,25,0,25,26,0.14,95.3,1.0,224,2026-09-30 17:30:00,PT5M,2.577,6.992,4.9006,0.2534,0.0
19,19,0,19,26,0.14,95.4,1.0,225,2026-09-30 17:35:00,PT5M,1.781,4.751,3.3441,0.2179,0.0
13,13,0,13,26,0.14,95.4,1.0,226,2026-09-30 17:40:00,PT5M,1.046,2.7105,1.922,0.17,0.0
8,8,0,8,26,0.14,95.5,1.0,226,2026-09-30 17:45:00,PT5M,0.374,1.1775,0.7969,0.0,0.0
4,4,0,4,26,0.14,95.5,1.0,226,2026-09-30 17:50:00,PT5M,0.0,0.159,0.0837,0.0,0.0
0,0,0,0,26,0.14,95.6,1.0,226,2026-09-30 17:55:00,PT5M,0.0,0.0,0.0,0.0,0.0
0,0,0,0,26,0.14,95.6,1.0,227,2026-09-30 18:00:00,PT5M,0.0,0.0,0.0,0.0,0.0
0,0,0,0,26,0.14,95.7,1.0,227,2026-09-30 18:05:00,PT5M,0.0,0.0,0.0,0.0,0.0
0,0,0,0,26,0.14,95.7,1.0,227,2026-09-30 18:10:00,PT5M,0.0,0.0,0.0,0.0,0.0
0,0,0,0,26,0.14,95.7,1.0,228,2026-09-30 18:15:00,PT5M,0.0,0.0,0.0,0.0,0.0
0,0,0,0,25,0.14,95.8,1.0,228,2026-09-30 18:20:00,PT5M,0.0,0.0,0.0,0.0,0.0
0,0,0,0,25,0.14,95.8,1.1,228,2026-09-30 18:25:00,PT5M,0.0,0.0,0.0,0.0,0.0
0,0,0,0,25,0.14,95.9,1.1,229,2026-09-30 18:30:00,PT5M,0.0,0.0,0.0,0.0,0.0
0,0,0,0,25,0.14,96.0,1.1,229,2026-09-30 18:35:00,PT5M,0.0,0.0,0.0,0.0,0.0
0,0,0,0,25,0.14,96.1,1.1,230,2026-09-30 18:40:00,PT5M,0.0,0.0,0.0,0.0,0.0
0,0,0,0,25,0.14,96.3,1.1,230,2026-09-30 18:45:00,PT5M,0.0,0.0,0.0,0.0,0.0
0,0,0,0,25,0.14,96.4,1.1,231,2026-09-30 18:50:00,PT5M,0.0,0.0,0.0,0.0,0.0
0,0,0,0,25,0.14,96.6,1.1,232,2026-09-30 18:55:00,PT5M,0.0,0.0,0.0,0.0,0.0
0,0,0,0,25,0.14,96.7,1.1,232,2026-09-30 19:00:00,PT5M,0.0,0.0,0.0,0.0,0.0
0,0,0,0,25,0.14,96.8,1.1,233,2026-09-30 19:05:00,PT5M,0.0,0.0,0.0,0.0,0.0
0,0,0,0,25,0.14,97.0,1.1,234,2026-09-30 19:10:00,PT5M,0.0,0.0,0.0,0.0,0.0
0,0,0,0,25,0.14,97.1,1.1,234,2026-09-30 19:15:00,PT5M,0.0,0.0,0.0,0.0,0.0
0,0,0,0,25,0.14,97.3,1.1,235,2026-09-30 19:20:00,PT5M,0.0,0.0,0.0,0.0,0.0
0,0,0,0,25,0.14,97.4,1.1,235,2026-09-30 19:25:00,PT5M,0.0,0.0,0.0,0.0,0.0
0,0,0,0,25,0.14,97.6,1.1,236,2026-09-30 19:30:00,PT5M,0.0,0.0,0.0,0.0,0.0
0,0,0,0,25,0.14,97.7,1.1,237,2026-09-30 19:35:00,PT5M,0.0,0.0,0.0,0.0,0.0
0,0,0,0,25,0.14,97.7,1.1,237,2026-09-30 19:40:00,PT5M,0.0,0.0,0.0,0.0,0.0
0,0,0,0,25,0.14,97.8,1.1,238,2026-09-30 19:45:00,PT5M,0.0,0.0,0.0,0.0,0.0
0,0,0,0,25,0.14,97.8,1.1,238,2026-09-30 19:50:00,PT5M,0.0,0.0,0.0,0.0,0.0
0,0,0,0,25,0.14,97.9,1.1,239,2026-09-30 19:55:00,PT5M,0.0,0.0,0.0,0.0,0.0
0,0,0,0,25,0.14,97.9,1.1,240,2026-09-30 20:00:00,PT5M,0.0,0.0,0.0,0.0,0.0
0,0,0,0,25,0.14,98.0,1.1,240,2026-09-30 20:05:00,PT5M,0.0,0.0,0.0,0.0,0.0
0,0,0,0,25,0.14,98.0,1.1,241,2026-09-30 20:10:00,PT5M,0.0,0.0,0.0,0.0,0.0
0,0,0,0,25,0.14,98.1,1.1,241,2026-09-30 20:15:00,PT5M,0.0,0.0,0.0,0.0,0.0
0,0,0,0,25,0.14,98.1,1.1,242,2026-09-30 20:20:00,PT5M,0.0,0.0,0.0,0.0,0.0
0,0,0,0,25,0.14,98.2,1.1,243,2026-09-30 20:25:00,PT5M,0.0,0.0,0.0,0.0,0.0
0,0,0,0,25,0.14,98.2,1.1,243,2026-09-30 20:30:00,PT5M,0.0,0.0,0.0,0.0,0.0
0,0,0,0,25,0.14,98.2,1.1,244,2026-09-30 20:35:00,PT5M,0.0,0.0,0.0,0.0,0.0
0,0,0,0,25,0.14,98.2,1.1,244,2026-09-30 20:40:00,PT5M,0.0,0.0,0.0,0.0,0.0
0,0,0,0,25,0.14,98.2,1.1,245,2026-09-30 20:45:00,PT5M,0.0,0.0,0.0,0.0,0.0
0,0,0,0,25,0.14,98.2,1.1,245,2026-09-30 20:50:00,PT5M,0.0,0.0,0.0,0.0,0.0
0,0,0,0,25,0.14,98.2,1.1,246,2026-09-30 20:55:00,PT5M,0.0,0.0,0.0,0.0,0.0
0,0,0,0,25,0.14,98.2,1.1,247,2026-09-30 21:00:00,PT5M,0.0,0.0,0.0,0.0,0.0
0,0,0,0,25,0.14,98.2,1.1,247,2026-09-30 21:05:00,PT5M,0.0,0.0,0.0,0.0,0.0
0,0,0,0,25,0.14,98.2,1.1,248,2026-09-30 21:10:00,PT5M,0.0,0.0,0.0,0.0,0.0
0,0,0,0,25,0.14,98.2,1.2,248,2026-09-30 21:15:00,PT5M,0.0,0.0,0.0,0.0,0.0
0,0,0,0,25,0.14,98.2,1.2,249,2026-09-30 21:20:00,PT5M,0.0,0.0,0.0,0.0,0.0
0,0,0,0,25,0.14,98.2,1.2,249,2026-09-30 21:25:00,PT5M,0.0,0.0,0.0,0.0,0.0
0,0,0,0,25,0.14,98.2,1.2,250,2026-09-30 21:30:00,PT5M,0.0,0.0,0.0,0.0,0.0
0,0,0,0,25,0.14,98.2,1.2,250,2026-09-30 21:35:00,PT5M,0.0,0.0,0.0,0.0,0.0
0,0,0,0,25,0.14,98.2,1.2,251,2026-09-30 21:40:00,PT5M,0.0,0.0,0.0,0.0,0.0
0,0,0,0,25,0.14,98.2,1.2,252,2026-09-30 21:45:00,PT5M,0.0,0.0,0.0,0.0,0.0
0,0,0,0,25,0.14,98.2,1.2,253,2026-09-30 21:50:00,PT5M,0.0,0.0,0.0,0.0,0.0
0,0,0,0,25,0.14,98.2,1.1,254,2026-09-30 21:55:00,PT5M,0.0,0.0,0.0,0.0,0.0
0,0,0,0,25,0.14,98.2,1.1,254,2026-09-30 22:00:00,PT5M,0.0,0.0,0.0,0.0,0.0
0,0,0,0,25,0.14,98.2,1.1,255,2026-09-30 22:05:00,PT5M,0.0,0.0,0.0,0.0,0.0
0,0,0,0,25,0.14,98.2,1.1,256,2026-09-30 22:10:00,PT5M,0.0,0.0,0.0,0.0,0.0
0,0,0,0,25,0.14,98.2,1.1,257,2026-09-30 22:15:00,PT5M,0.0,0.0,0.0,0.0,0.0
0,0,0,0,25,0.14,98.2,1.1,258,2026-09-30 22:20:00,PT5M,0.0,0.0,0.0,0.0,0.0
0,0,0,0,25,0.14,98.2,1.1,258,2026-09-30 22:25:00,PT5M,0.0,0.0,0.0,0.0,0.0
0,0,0,0,25,0.14,98.2,1.1,259,2026-09-30 22:30:00,PT5M,0.0,0.0,0.0,0.0,0.0
0,0,0,0,25,0.14,98.2,1.1,260,2026-09-30 22:35:00,PT5M,0.0,0.0,0.0,0.0,0.0
0,0,0,0,25,0.14,98.1,1.1,261,2026-09-30 22:40:00,PT5M,0.0,0.0,0.0,0.0,0.0
0,0,0,0,25,0.14,98.1,1.1,262,2026-09-30 22:45:00,PT5M,0.0,0.0,0.0,0.0,0.0
0,0,0,0,25,0.14,98.0,1.1,263,2026-09-30 22:50:00,PT5M,0.0,0.0,0.0,0.0,0.0
0,0,0,0,25,0.14,98.0,1.1,264,2026-09-30 22:55:00,PT5M,0.0,0.0,0.0,0.0,0.0
0,0,0,0,25,0.14,97.9,1.2,265,2026-09-30 23:00:00,PT5M,0.0,0.0,0.0,0.0,0.0
0,0,0,0,25,0.14,97.9,1.2,265,2026-09-30 23:05:00,PT5M,0.0,0.0,0.0,0.0,0.0
0,0,0,0,25,0.14,97.9,1.2,266,2026-09-30 23:10:00,PT5M,0.0,0.0,0.0,0.0,0.0
0,0,0,0,25,0.14,97.8,1.2,267,2026-09-30 23:15:00,PT5M,0.0,0.0,0.0,0.0,0.0
0,0,0,0,24,0.14,97.8,1.2,268,2026-09-30 23:20:00,PT5M,0.0,0.0,0.0,0.0,0.0
0,0,0,0,24,0.14,97.7,1.2,269,2026-09-30 23:25:00,PT5M,0.0,0.0,0.0,0.0,0.0
0,0,0,0,24,0.14,97.7,1.2,270,2026-09-30 23:30:00,PT5M,0.0,0.0,0.0,0.0,0.0
0,0,0,0,24,0.14,97.7,1.2,270,2026-09-30 23:35:00,PT5M,0.0,0.0,0.0,0.0,0.0
0,0,0,0,24,0.14,97.7,1.2,269,2026-09-30 23:40:00,PT5M,0.0,0.0,0.0,0.0,0.0
0,0,0,0,24,0.14,97.8,1.2,269,2026-09-30 23:45:00,PT5M,0.0,0.0,0.0,0.0,0.0
0,0,0,0,24,0.14,97.8,1.2,269,2026-09-30 23:50:00,PT5M,0.0,0.0,0.0,0.0,0.0
0,0,0,0,24,0.14,97.8,1.2,268,2026-09-30 23:55:00,PT5M,0.0,0.0,0.0,0.0,0.0
0,0,0,0,24,0.14,97.9,1.2,268,2026-10-01 00:00:00,PT5M,0.0,0.0,0.0,0.0,0.0
0,0,0,0,24,0.14,97.9,1.1,267,2026-10-01 00:05:00,PT5M,0.0,0.0,0.0,0.0,0.0
0,0,0,0,24,0.14,98.0,1.1,267,2026-10-01 00:10:00,PT5M,0.0,0.0,0.0,0.0,0.0
0,0,0,0,24,0.14,98.0,1.1,266,2026-10-01 00:15:00,PT5M,0.0,0.0,0.0,0.0,0.0
0,0,0,0,24,0.14,98.1,1.1,266,2026-10-01 00:20:00,PT5M,0.0,0.0,0.0,0.0,0.0
0,0,0,0,24,0.14,98.1,1.1,266,2026-10-01 00:25:00,PT5M,0.0,0.0,0.0,0.0,0.0
0,0,0,0,24,0.14,98.2,1.1,265,2026-10-01 00:30:00,PT5M,0.0,0.0,0.0,0.0,0.0
0,0,0,0,24,0.14,98.2,1.1,265,2026-10-01 00:35:00,PT5M,0.0,0.0,0.0,0.0,0.0
0,0,0,0,24,0.14,98.2,1.1,265,2026-10-01 00:40:00,PT5M,0.0,0.0,0.0,0.0,0.0
0,0,0,0,24,0.14,98.2,1.1,265,2026-10-01 00:45:00,PT5M,0.0,0.0,0.0,0.0,0.0
0,0,0,0,24,0.14,98.2,1.1,265,2026-10-01 00:50:00,PT5M,0.0,0.0,0.0,0.0,0.0
0,0,0,0,24,0.14,98.2,1.1,265,2026-10-01 00:55:00,PT5M,0.0,0.0,0.0,0.0,0.0
0,0,0,0,24,0.14,98.2,1.1,265,2026-10-01 01:00:00,PT5M,0.0,0.0,0.0,0.0,0.0
0,0,0,0,24,0.14,98.2,1.1,265,2026-10-01 01:05:00,PT5M,0.0,0.0,0.0,0.0,0.0
0,0,0,0,24,0.14,98.2,1.1,265,2026-10-01 01:10:00,PT5M,0.0,0.0,0.0,0.0,0.0
0,0,0,0,24,0.14,98.2,1.1,265,2026-10-01 01:15:00,PT5M,0.0,0.0,0.0,0.0,0.0
0,0,0,0,24,0.14,98.2,1.1,265,2026-10-01 01:20:00,PT5M,0.0,0.0,0.0,0.0,0.0
0,0,0,0,24,0.14,98.2,1.1,265,2026-10-01 01:25:00,PT5M,0.0,0.0,0.0,0.0,0.0
0,0,0,0,24,0.14,98.2,1.1,265,2026-10-01 01:30:00,PT5M,0.0,0.0,0.0,0.0,0.0
0,0,0,0,24,0.14,98.2,1.1,265,2026-10-01 01:35:00,PT5M,0.0,0.0,0.0,0.0,0.0
0,0,0,0,24,0.14,98.3,1.1,264,2026-10-01 01:40:00,PT5M,0.0,0.0,0.0,0.0,0.0
0,0,0,0,24,0.14,98.3,1.1,264,2026-10-01 01:45:00,PT5M,0.0,0.0,0.0,0.0,0.0
0,0,0,0,24,0.14,98.4,1.1,263,2026-10-01 01:50:00,PT5M,0.0,0.0,0.0,0.0,0.0
0,0,0,0,24,0.14,98.4,1.1,263,2026-10-01 01:55:00,PT5M,0.0,0.0,0.0,0.0,0.0
0,0,0,0,24,0.14,98.5,1.1,262,2026-10-01 02:00:00,PT5M,0.0,0.0,0.0,0.0,0.0
0,0,0,0,24,0.14,98.5,1.1,262,2026-10-01 02:05:00,PT5M,0.0,0.0,0.0,0.0,0.0
0,0,0,0,24,0.14,98.6,1.1,262,2026-10-01 02:10:00,PT5M,0.0,0.0,0.0,0.0,0.0
0,0,0,0,24,0.14,98.6,1.1,261,2026-10-01 02:15:00,PT5M,0.0,0.0,0.0,0.0,0.0
0,0,0,0,24,0.14,98.7,1.1,261,2026-10-01 02:20:00,PT5M,0.0,0.0,0.0,0.0,0.0
0,0,0,0,24,0.14,98.7,1.1,260,2026-10-01 02:25:00,PT5M,0.0,0.0,0.0,0.0,0.0
0,0,0,0,24,0.14,98.8,1.1,260,2026-10-01 02:30:00,PT5M,0.0,0.0,0.0,0.0,0.0
0,0,0,0,24,0.14,98.8,1.1,260,2026-10-01 02:35:00,PT5M,0.0,0.0,0.0,0.0,0.0
0,0,0,0,24,0.14,98.8,1.1,259,2026-10-01 02:40:00,PT5M,0.0,0.0,0.0,0.0,0.0
0,0,0,0,24,0.14,98.8,1.1,259,2026-10-01 02:45:00,PT5M,0.0,0.0,0.0,0.0,0.0
0,0,0,0,24,0.14,98.8,1.1,259,2026-10-01 02:50:00,PT5M,0.0,0.0,0.0,0.0,0.0
0,0,0,0,24,0.14,98.8,1.0,259,2026-10-01 02:55:00,PT5M,0.0,0.0,0.0,0.0,0.0
0,0,0,0,24,0.14,98.8,1.0,259,2026-10-01 03:00:00,PT5M,0.0,0.0,0.0,0.0,0.0
0,0,0,0,24,0.14,98.8,1.0,259,2026-10-01 03:05:00,PT5M,0.0,0.0,0.0,0.0,0.0
0,0,0,0,24,0.14,98.8,1.0,258,2026-10-01 03:10:00,PT5M,0.0,0.0,0.0,0.0,0.0
0,0,0,0,24,0.14,98.8,1.0,258,2026-10-01 03:15:00,PT5M,0.0,0.0,0.0,0.0,0.0
0,0,0,0,24,0.14,98.8,1.0,258,2026-10-01 03:20:00,PT5M,0.0,0.0,0.0,0.0,0.0
0,0,0,0,24,0.14,98.8,0.9,258,2026-10-01 03:25:00,PT5M,0.0,0.0,0.0,0.0,0.0
0,0,0,0,24,0.14,98.8,0.9,258,2026-10-01 03:30:00,PT5M,0.0,0.0,0.0,0.0,0.0
0,0,0,0,24,0.14,98.8,0.9,258,2026-10-01 03:35:00,PT5M,0.0,0.0,0.0,0.0,0.0
0,0,0,0,24,0.14,98.8,0.9,258,2026-10-01 03:40:00,PT5M,0.0,0.0,0.0,0.0,0.0
0,0,0,0,24,0.14,98.8,0.9,258,2026-10-01 03:45:00,PT5M,0.0,0.0,0.0,0.0,0.0
0,0,0,0,24,0.14,98.8,0.9,259,2026-10-01 03:50:00,PT5M,0.0,0.0,0.0,0.0,0.0
0,0,0,0,24,0.14,98.8,0.9,259,2026-10-01 03:55:00,PT5M,0.0,0.0,0.0,0.0,0.0
0,0,0,0,24,0.14,98.8,0.9,260,2026-10-01 04:00:00,PT5M,0.0,0.0,0.0,0.0,0.0
0,0,0,0,24,0.14,98.8,0.9,260,2026-10-01 04:05:00,PT5M,0.0,0.0,0.0,0.0,0.0
0,0,0,0,24,0.14,98.8,0.8,261,2026-10-01 04:10:00,PT5M,0.0,0.0,0.0,0.0,0.0
0,0,0,0,24,0.14,98.8,0.8,261,2026-10-01 04:15:00,PT5M,0.0,0.0,0.0,0.0,0.0
0,0,0,0,24,0.14,98.8,0.8,262,2026-10-01 04:20:00,PT5M,0.0,0.0,0.0,0.0,0.0
0,0,0,0,24,0.14,98.8,0.8,262,2026-10-01 04:25:00,PT5M,0.0,0.0,0.0,0.0,0.0
0,0,0,0,24,0.14,98.8,0.8,263,2026-10-01 04:30:00,PT5M,0.0,0.0,0.0,0.0,0.0
0,0,0,0,24,0.14,98.8,0.8,263,2026-10-01 04:35:00,PT5M,0.0,0.0,0.0,0.0,0.0
0,0,0,0,24,0.14,98.9,0.8,263,2026-10-01 04:40:00,PT5M,0.0,0.0,0.0,0.0,0.0
0,0,0,0,24,0.14,98.9,0.8,263,2026-10-01 04:45:00,PT5M,0.0,0.0,0.0,0.0,0.0
0,0,0,0,24,0.14,99.0,0.8,263,2026-10-01 04:50:00,PT5M,0.0,0.0,0.0,0.0,0.0
0,0,0,0,24,0.14,99.0,0.8,263,2026-10-01 04:55:00,PT5M,0.0,0.0,0.0,0.0,0.0
0,0,0,0,24,0.14,99.1,0.8,262,2026-10-01 05:00:00,PT5M,0.0,0.0,0.0,0.0,0.0
0,0,0,0,24,0.14,99.1,0.8,262,2026-10-01 05:05:00,PT5M,0.0,0.0,0.0,0.0,0.0
0,0,0,0,24,0.14,99.2,0.7,262,2026-10-01 05:10:00,PT5M,0.0,0.0,0.0,0.0,0.0
0,0,0,0,24,0.14,99.2,0.7,262,2026-10-01 05:15:00,PT5M,0.0,0.0,0.0,0.0,0.0
0,0,0,0,24,0.14,99.3,0.7,262,2026-10-01 05:20:00,PT5M,0.0,0.0,0.0,0.0,0.0
0,0,0,0,24,0.14,99.3,0.7,262,2026-10-01 05:25:00,PT5M,0.0,0.0,0.0,0.0,0.0
0,0,0,0,24,0.14,99.4,0.7,262,2026-10-01 05:30:00,PT5M,0.0,0.0,0.0,0.0,0.0
0,0,0,0,24,0.14,99.1,0.7,261,2026-10-01 05:35:00,PT5M,0.0,0.0,0.0,0.0,0.0
0,0,0,0,24,0.14,98.7,0.7,258,2026-10-01 05:40:00,PT5M,0.0,0.0,0.0,0.0,0.0
0,0,0,0,24,0.14,98.2,0.7,256,2026-10-01 05:45:00,PT5M,0.0,0.0,0.0,0.0,0.0
0,0,0,0,24,0.14,97.7,0.8,253,2026-10-01 05:50:00,PT5M,0.0,0.0,0.0,0.0,0.0
0,0,0,0,24,0.14,97.2,0.8,251,2026-10-01 05:55:00,PT5M,0.0,0.0,0.0,0.0,0.0
3,3,0,3,24,0.14,96.7,0.8,249,2026-10-01 06:00:00,PT5M,0.0,0.0,0.0,0.0,0.0
9,9,0,9,24,0.14,96.2,0.8,247,2026-10-01 06:05:00,PT5M,0.578,1.031,0.8164,0.3396,0.125
17,17,0,17,24,0.14,95.7,0.8,245,2026-10-01 06:10:00,PT5M,1.642,2.635,2.1646,1.1194,0.649
26,26,0,26,25,0.14,95.3,0.9,244,2026-10-01 06:15:00,PT5M,2.818,4.574,3.7422,1.8938,1.062
36,36,0,36,25,0.14,94.8,0.9,242,2026-10-01 06:20:00,PT5M,4.098,6.937,5.5922,2.6038,1.259
48,48,5,47,25,0.14,94.3,0.9,240,2026-10-01 06:25:00,PT5M,5.615,9.726,7.7786,3.4514,1.504
60,60,31,56,25,0.14,93.9,0.9,239,2026-10-01 06:30:00,PT5M,7.934,13.5145,10.8711,4.9969,2.3535
75,74,60,64,25,0.14,93.4,1.0,237,2026-10-01 06:35:00,PT5M,10.601,17.791,14.3851,6.8169,3.411
90,89,89,73,25,0.14,92.9,1.0,236,2026-10-01 06:40:00,PT5M,13.517,22.381,18.1822,8.8518,4.653
106,105,118,81,25,0.14,92.4,1.0,235,2026-10-01 06:45:00,PT5M,16.76,27.299,22.3068,11.2132,6.221
122,121,146,88,25,0.14,91.9,1.0,233,2026-10-01 06:50:00,PT5M,20.261,32.492,26.6983,13.8237,8.03
140,138,175,95,25,0.14,91.4,1.1,232,2026-10-01 06:55:00,PT5M,23.965,37.9635,31.3325,16.5975,9.9665
157,156,199,102,26,0.14,90.9,1.1,231,2026-10-01 07:00:00,PT5M,27.741,43.612,36.094,19.388,11.87
174,173,219,109,26,0.14,90.4,1.1,230,2026-10-01 07:05:00,PT5M,31.441,49.261,40.8198,22.0622,13.621
192,190,237,116,26,0.14,89.9,1.1,229,2026-10-01 07:10:00,PT5M,35.233,55.0765,45.6768,24.7892,15.3895
209,207,254,123,26,0.14,89.4,1.2,228,2026-10-01 07:15:00,PT5M,39.106,60.956,50.6058,27.6062,17.256
227,224,271,130,26,0.14,88.9,1.2,227,2026-10-01 07:20:00,PT5M,43.016,66.8905,55.5813,30.4507,19.1415
244,242,286,136,26,0.14,88.4,1.2,226,2026-10-01 07:25:00,PT5M,46.966,72.8715,60.6002,33.3318,21.0605
262,260,301,142,26,0.14,88.0,1.3,225,2026-10-01 07:30:00,PT5M,50.954,78.904,65.6643,36.2437,23.004
280,277,316,148,26,0.14,87.5,1.3,225,2026-10-01 07:35:00,PT5M,54.983,85.0035,70.783,39.183,24.9625
298,295,330,153,26,0.14,87.1,1.3,224,2026-10-01 07:40:00,PT5M,59.117,91.3265,76.0691,42.1649,26.9075
316,313,344,159,27,0.14,86.7,1.4,224,2026-10-01 07:45:00,PT5M,61.636,94.527,78.9468,44.3252,28.745
335,331,357,164,27,0.14,86.2,1.4,223,2026-10-01 07:50:00,PT5M,63.97,97.3965,81.5626,46.3774,30.5435
353,349,370,169,27,0.14,85.8,1.4,223,2026-10-01 07:55:00,PT5M,66.171,100.0,84.0178,48.3242,32.2615
371,367,383,173,27,0.14,85.4,1.5,222,2026-10-01 08:00:00,PT5M,68.319,100.0,86.389,50.249,33.9855
389,385,395,178,27,0.14,85.0,1.5,222,2026-10-01 08:05:00,PT5M,70.355,100.0,88.6131,52.0969,35.664
407,403,407,182,27,0.14,84.6,1.5,222,2026-10-01 08:10:00,PT5M,72.265,100.0,90.6705,53.8595,37.294
425,420,419,186,27,0.14,84.2,1.6,221,2026-10-01 08:15:00,PT5M,74.042,100.0,92.5504,55.5336,38.8755
443,438,430,190,27,0.14,83.8,1.6,221,2026-10-01 08:20:00,PT5M,75.675,100.0,94.2344,57.1156,40.4115
460,455,440,193,27,0.14,83.3,1.6,221,2026-10-01 08:25:00,PT5M,77.178,100.0,95.7437,58.6123,41.9025
478,473,451,197,28,0.14,82.9,1.7,220,2026-10-01 08:30:00,PT5M,78.599,100.0,97.1487,60.0493,43.354
494,489,457,201,28,0.14,82.5,1.7,220,2026-10-01 08:35:00,PT5M,79.639,100.0,98.19,61.088,44.3915
508,503,458,207,28,0.14,82.1,1.6,218,2026-10-01 08:40:00,PT5M,80.314,100.0,98.89,61.738,45.019
522,517,460,212,28,0.14,81.6,1.5,216,2026-10-01 08:45:00,PT5M,80.939,100.0,99.5361,62.3419,45.604
536,530,461,218,28,0.14,81.2,1.4,214,2026-10-01 08:50:00,PT5M,81.525,100.0,100.0,62.9129,46.1615
549,543,462,223,28,0.14,80.8,1.4,212,2026-10-01 08:55:00,PT5M,82.076,100.0,100.0,63.4253,46.639
562,556,463,229,28,0.14,80.4,1.3,210,2026-10-01 09:00:00,PT5M,82.604,100.0,100.0,63.9496,47.16
575,570,465,233,28,0.14,79.9,1.2,207,2026-10-01 09:05:00,PT5M,83.234,100.0,100.0,64.6611,47.945
588,582,467,238,28,0.14,79.5,1.2,204,2026-10-01 09:10:00,PT5M,83.847,100.0,100.0,65.4331,48.86
601,595,470,242,28,0.14,79.1,1.1,201,2026-10-01 09:15:00,PT5M,84.428,100.0,100.0,66.1667,49.731
613,607,472,246,29,0.14,78.7,1.0,197,2026-10-01 09:20:00,PT5M,84.976,100.0,100.0,66.8613,50.5575
625,619,473,250,29,0.14,78.2,1.0,193,2026-10-01 09:25:00,PT5M,85.493,100.0,100.0,67.5186,51.341
637,631,475,255,29,0.14,77.8,0.9,189,2026-10-01 09:30:00,PT5M,85.982,100.0,100.0,68.1412,52.084
649,643,479,257,29,0.14,77.4,0.9,184,2026-10-01 09:35:00,PT5M,86.648,100.0,100.0,68.9714,53.062
663,656,486,259,29,0.14,77.0,0.9,179,2026-10-01 09:40:00,PT5M,87.487,100.0,100.0,70.007,54.2745
675,669,493,260,29,0.14,76.6,0.8,174,2026-10-01 09:45:00,PT5M,88.245,100.0,100.0,70.9542,55.392
688,681,499,262,29,0.14,76.2,0.8,168,2026-10-01 09:50:00,PT5M,88.962,100.0,100.0,71.8552,56.4585
700,693,505,263,29,0.14,75.8,0.8,162,2026-10-01 09:55:00,PT5M,89.649,100.0,100.0,72.7219,57.487
712,705,511,265,29,0.14,75.4,0.8,156,2026-10-01 10:00:00,PT5M,90.303,100.0,100.0,73.548,58.468
723,716,516,266,29,0.14,75.0,0.8,150,2026-10-01 10:05:00,PT5M,90.916,100.0,100.0,74.3276,59.3975
734,727,521,267,30,0.14,74.6,0.8,145,2026-10-01 10:10:00,PT5M,91.488,100.0,100.0,75.0598,60.274
745,737,526,268,30,0.14,74.2,0.8,139,2026-10-01 10:15:00,PT5M,92.033,100.0,100.0,75.7604,61.1145
755,747,531,269,30,0.14,73.8,0.8,134,2026-10-01 10:20:00,PT5M,92.55,100.0,100.0,76.4279,61.9175
764,757,536,270,30,0.14,73.4,0.9,129,2026-10-01 10:25:00,PT5M,93.009,100.0,100.0,77.0332,62.6545
774,766,540,271,30,0.14,73.1,0.9,124,2026-10-01 10:30:00,PT5M,93.477,100.0,100.0,77.6433,63.3925
781,774,542,273,30,0.14,72.7,1.0,120,2026-10-01 10:35:00,PT5M,93.732,100.0,100.0,77.992,63.8255
787,779,539,276,30,0.14,72.3,1.0,116,2026-10-01 10:40:00,PT5M,93.78,100.0,100.0,78.0832,63.9555
792,784,537,279,30,0.14,71.9,1.1,113,2026-10-01 10:45:00,PT5M,93.805,100.0,100.0,78.1432,64.047
796,788,535,283,30,0.14,71.5,1.1,110,2026-10-01 10:50:00,PT5M,93.806,100.0,100.0,78.1699,64.097
800,792,532,286,30,0.14,71.2,1.2,107,2026-10-01 10:55:00,PT5M,93.775,100.0,100.0,78.145,64.0775
803,796,530,289,31,0.14,70.8,1.3,105,2026-10-01 11:00:00,PT5M,93.787,100.0,100.0,78.157,64.0895
806,799,527,292,31,0.14,70.4,1.3,102,2026-10-01 11:05:00,PT5M,93.735,100.0,100.0,78.1134,64.0535
809,801,524,295,31,0.14,70.1,1.4,100,2026-10-01 11:10:00,PT5M,93.664,100.0,100.0,78.0466,63.9905
811,804,521,297,31,0.14,69.7,1.5,99,2026-10-01 11:15:00,PT5M,93.562,100.0,100.0,77.9325,63.8655
813,805,518,300,31,0.14,69.3,1.5,97,2026-10-01 11:20:00,PT5M,93.436,100.0,100.0,77.7857,63.7
814,806,515,303,31,0.14,69.0,1.6,95,2026-10-01 11:25:00,PT5M,93.287,100.0,100.0,77.6088,63.498
814,807,512,305,31,0.14,68.6,1.7,94,2026-10-01 11:30:00,PT5M,93.116,100.0,100.0,77.4036,63.262
812,805,504,310,31,0.14,68.5,1.7,93,2026-10-01 11:35:00,PT5M,92.72,100.0,100.0,76.9237,62.7065
807,800,492,316,31,0.14,68.7,1.6,92,2026-10-01 11:40:00,PT5M,92.099,100.0,100.0,76.1685,61.8305
802,795,480,322,31,0.14,68.8,1.6,91,2026-10-01 11:45:00,PT5M,91.455,100.0,100.0,75.3837,60.919
796,789,468,327,31,0.14,69.0,1.5,89,2026-10-01 11:50:00,PT5M,90.784,100.0,100.0,74.5658,59.969
789,783,456,333,31,0.14,69.1,1.4,88,2026-10-01 11:55:00,PT5M,90.088,100.0,100.0,73.7167,58.982
783,776,444,338,31,0.14,69.3,1.4,87,2026-10-01 12:00:00,PT5M,89.454,100.0,100.0,72.9235,58.0455
775,769,432,343,31,0.14,69.4,1.3,85,2026-10-01 12:05:00,PT5M,88.814,100.0,100.0,72.118,57.091
767,761,419,348,30,0.14,69.6,1.3,83,2026-10-01 12:10:00,PT5M,88.138,100.0,100.0,71.2706,56.0895
759,753,407,353,30,0.14,69.7,1.2,81,2026-10-01 12:15:00,PT5M,87.431,100.0,100.0,70.3873,55.0475
750,745,395,357,30,0.14,69.9,1.2,79,2026-10-01 12:20:00,PT5M,86.694,100.0,100.0,69.4701,53.968
741,736,383,361,30,0.14,70.0,1.1,77,2026-10-01 12:25:00,PT5M,85.926,100.0,100.0,68.5179,52.85
732,727,370,365,30,0.14,70.2,1.1,75,2026-10-01 12:30:00,PT5M,85.127,100.0,100.0,67.532,51.696
723,718,360,368,30,0.14,70.4,1.0,73,2026-10-01 12:35:00,PT5M,84.406,100.0,100.0,66.6418,50.6535
715,710,352,370,30,0.14,70.8,1.0,74,2026-10-01 12:40:00,PT5M,83.755,100.0,100.0,65.8392,49.7145
707,702,343,371,30,0.14,71.1,1.0,74,2026-10-01 12:45:00,PT5M,83.059,100.0,100.0,64.983,48.714
698,693,335,372,30,0.14,71.5,1.0,74,2026-10-01 12:50:00,PT5M,82.32,100.0,100.0,64.0766,47.657
689,685,326,373,30,0.14,71.8,1.0,75,2026-10-01 12:55:00,PT5M,81.571,100.0,99.9762,63.1658,46.6005
680,675,318,374,29,0.14,72.2,1.0,75,2026-10-01 13:00:00,PT5M,80.824,100.0,99.3811,62.2669,45.565
670,666,310,374,29,0.14,72.5,1.0,75,2026-10-01 13:05:00,PT5M,80.014,100.0,98.7382,61.2898,44.4375
660,656,302,374,29,0.14,72.9,1.0,76,2026-10-01 13:10:00,PT5M,79.173,100.0,98.0682,60.2778,43.2715
650,646,294,373,29,0.14,73.2,1.0,76,2026-10-01 13:15:00,PT5M,78.293,100.0,97.3622,59.2238,42.061
640,636,286,373,29,0.14,73.6,0.9,77,2026-10-01 13:20:00,PT5M,77.378,100.0,96.6227,58.1333,40.8125
629,626,278,372,29,0.14,73.9,0.9,77,2026-10-01 13:25:00,PT5M,76.431,100.0,95.852,57.01,39.5305
618,615,271,370,29,0.14,74.3,0.9,77,2026-10-01 13:30:00,PT5M,75.452,100.0,95.0498,55.8542,38.2155
606,603,261,369,29,0.14,74.6,0.9,77,2026-10-01 13:35:00,PT5M,74.326,100.0,94.1099,54.5421,36.736
593,590,251,368,29,0.14,74.9,0.9,77,2026-10-01 13:40:00,PT5M,73.045,100.0,93.0244,53.0656,35.0835
580,577,241,366,29,0.14,75.3,0.9,77,2026-10-01 13:45:00,PT5M,71.728,100.0,91.9029,51.5531,33.395
567,564,230,364,29,0.14,75.6,0.9,77,2026-10-01 13:50:00,PT5M,70.374,100.0,90.7442,50.0038,31.67
553,551,220,362,29,0.14,75.9,0.9,77,2026-10-01 13:55:00,PT5M,68.983,100.0,89.5487,48.4173,29.9075
539,537,210,359,28,0.14,76.2,0.9,77,2026-10-01 14:00:00,PT5M,67.539,100.0,88.3002,46.7778,28.092
526,524,201,356,28,0.14,76.6,0.9,77,2026-10-01 14:05:00,PT5M,66.084,100.0,87.0405,45.1275,26.266
512,510,191,353,28,0.14,76.9,0.9,77,2026-10-01 14:10:00,PT5M,64.606,100.0,85.7564,43.4556,24.4195
498,496,182,349,28,0.14,77.2,0.9,76,2026-10-01 14:15:00,PT5M,63.062,100.0,84.4066,41.7174,22.5065
484,482,172,345,28,0.14,77.6,0.8,76,2026-10-01 14:20:00,PT5M,61.476,100.0,83.0138,39.9382,20.5535
470,468,163,340,28,0.14,77.9,0.8,76,2026-10-01 14:25:00,PT5M,59.858,100.0,81.5874,38.1286,18.5715
455,454,154,335,28,0.14,78.3,0.8,76,2026-10-01 14:30:00,PT5M,58.209,99.8555,80.1279,36.2901,16.5625
443,441,147,330,28,0.14,78.6,0.8,76,2026-10-01 14:35:00,PT5M,56.771,98.7205,78.8493,34.6927,14.8215
431,430,143,324,28,0.14,79.1,0.8,76,2026-10-01 14:40:00,PT5M,55.542,97.761,77.7622,33.3218,13.323
419,418,138,318,28,0.14,79.5,0.8,76,2026-10-01 14:45:00,PT5M,54.283,96.774,76.6463,31.9197,11.792
408,407,133,311,28,0.14,79.9,0.8,75,2026-10-01 14:50:00,PT5M,52.992,95.7545,75.4982,30.4858,10.2295
396,395,129,305,28,0.14,80.3,0.8,75,2026-10-01 14:55:00,PT5M,51.713,94.6155,74.2929,29.1331,8.8105
384,383,125,298,27,0.14,80.8,0.8,75,2026-10-01 15:00:00,PT5M,50.442,93.3075,73.0024,27.8816,7.5765
373,372,120,291,27,0.14,81.2,0.8,75,2026-10-01 15:05:00,PT5M,49.085,91.8675,71.6017,26.5683,6.3025
360,360,115,285,27,0.14,81.7,0.8,75,2026-10-01 15:10:00,PT5M,47.635,90.2245,70.0502,25.2198,5.0455
348,347,109,278,27,0.14,82.1,0.8,75,2026-10-01 15:15:00,PT5M,46.362,88.7895,68.6919,24.0321,3.9345
336,335,103,271,27,0.14,82.5,0.7,74,2026-10-01 15:20:00,PT5M,44.811,87.046,67.0396,22.5824,2.576
323,323,97,264,27,0.14,83.0,0.7,74,2026-10-01 15:25:00,PT5M,43.211,85.216,65.3185,21.1035,1.206
311,310,91,257,27,0.14,83.4,0.7,74,2026-10-01 15:30:00,PT5M,41.56,83.289,63.5223,19.5977,0.0
298,298,85,249,27,0.14,83.9,0.7,74,2026-10-01 15:35:00,PT5M,39.918,81.312,61.704,18.132,0.0
286,285,80,242,27,0.14,84.3,0.7,74,2026-10-01 15:40:00,PT5M,38.314,79.2625,59.8655,16.7625,0.0
273,273,74,234,27,0.14,84.7,0.7,74,2026-10-01 15:45:00,PT5M,36.651,77.06,57.9185,15.3835,0.0
261,261,68,226,27,0.14,85.1,0.7,73,2026-10-01 15:50:00,PT5M,34.929,74.708,55.865,13.993,0.0
248,248,62,218,27,0.14,85.5,0.7,73,2026-10-01 15:55:00,PT5M,33.147,72.215,53.7088,12.5852,0.0
236,236,55,209,26,0.14,85.9,0.7,73,2026-10-01 16:00:00,PT5M,31.308,69.593,51.4577,11.1583,0.0
223,223,49,201,26,0.14,86.4,0.7,73,2026-10-01 16:05:00,PT5M,29.467,66.9395,49.189,9.745,0.0
211,211,43,192,26,0.14,86.8,0.7,73,2026-10-01 16:10:00,PT5M,27.631,64.2695,46.9141,8.3479,0.0
198,199,37,183,26,0.14,87.2,0.7,72,2026-10-01 16:15:00,PT5M,25.893,60.748,44.2374,7.5486,0.0
186,186,31,174,26,0.14,87.7,0.7,72,2026-10-01 16:20:00,PT5M,24.104,56.6285,41.2219,6.9861,0.0
174,174,25,165,26,0.14,88.1,0.6,72,2026-10-01 16:25:00,PT5M,22.447,52.6895,38.3638,6.5302,0.0
162,162,18,155,26,0.14,88.5,0.6,72,2026-10-01 16:30:00,PT5M,20.552,48.533,35.2786,5.8254,0.0
149,150,11,146,26,0.14,89.0,0.6,71,2026-10-01 16:35:00,PT5M,18.664,44.393,32.2054,5.1226,0.0
137,138,4,137,26,0.14,89.4,0.6,71,2026-10-01 16:40:00,PT5M,16.775,40.202,29.1048,4.4452,0.0
125,126,0,126,26,0.14,89.9,0.6,71,2026-10-01 16:45:00,PT5M,15.132,36.3215,26.2842,3.9798,0.0
114,114,0,114,26,0.14,90.3,0.6,71,2026-10-01 16:50:00,PT5M,13.697,32.6835,23.6897,3.7043,0.0
102,102,0,102,26,0.14,90.7,0.6,70,2026-10-01 16:55:00,PT5M,12.269,29.1155,21.1354,3.4026,0.0
90,90,0,90,25,0.14,91.2,0.6,70,2026-10-01 17:00:00,PT5M,10.817,25.6265,18.6113,3.0227,0.0
78,78,0,78,25,0.14,91.6,0.6,70,2026-10-01 17:05:00,PT5M,9.387,22.25,16.1569,2.6171,0.0
67,67,0,67,25,0.14,92.1,0.6,70,2026-10-01 17:10:00,PT5M,7.923,18.88,13.6897,2.1563,0.0
57,57,0,57,25,0.14,92.6,0.6,69,2026-10-01 17:15:00,PT5M,6.62,15.7025,11.4002,1.8398,0.0
47,47,0,47,25,0.14,93.0,0.6,69,2026-10-01 17:20:00,PT5M,5.407,12.6625,9.2256,1.5884,0.0
37,37,0,37,25,0.14,93.5,0.6,69,2026-10-01 17:25:00,PT5M,4.182,9.713,7.093,1.271,0.0
29,29,0,29,25,0.14,93.9,0.5,68,2026-10-01 17:30:00,PT5M,3.088,7.0675,5.1824,0.9936,0.0
21,22,0,22,25,0.14,94.2,0.5,67,2026-10-01 17:35:00,PT5M,2.152,4.8715,3.5833,0.7207,0.0
15,15,0,15,25,0.14,94.3,0.5,66,2026-10-01 17:40:00,PT5M,1.287,2.804,2.0854,0.4886,0.0
9,9,0,9,25,0.14,94.3,0.5,64,2026-10-01 17:45:00,PT5M,0.499,1.216,0.8764,0.1216,0.0
4,4,0,4,25,0.14,94.3,0.5,63,2026-10-01 17:50:00,PT5M,0.0,0.0945,0.0497,0.0,0.0
0,0,0,0,25,0.14,94.4,0.5,61,2026-10-01 17:55:00,PT5M,0.0,0.0,0.0,0.0,0.0
0,0,0,0,25,0.14,94.4,0.5,59,2026-10-01 18:00:00,PT5M,0.0,0.0,0.0,0.0,0.0
0,0,0,0,25,0.14,94.5,0.5,57,2026-10-01 18:05:00,PT5M,0.0,0.0,0.0,0.0,0.0
0,0,0,0,25,0.14,94.5,0.5,55,2026-10-01 18:10:00,PT5M,0.0,0.0,0.0,0.0,0.0
0,0,0,0,25,0.14,94.6,0.4,53,2026-10-01 18:15:00,PT5M,0.0,0.0,0.0,0.0,0.0
0,0,0,0,25,0.14,94.6,0.4,51,2026-10-01 18:20:00,PT5M,0.0,0.0,0.0,0.0,0.0
0,0,0,0,25,0.14,94.7,0.4,49,2026-10-01 18:25:00,PT5M,0.0,0.0,0.0,0.0,0.0
0,0,0,0,25,0.14,94.7,0.4,46,2026-10-01 18:30:00,PT5M,0.0,0.0,0.0,0.0,0.0
0,0,0,0,25,0.14,94.8,0.4,44,2026-10-01 18:35:00,PT5M,0.0,0.0,0.0,0.0,0.0
0,0,0,0,25,0.14,94.8,0.4,41,2026-10-01 18:40:00,PT5M,0.0,0.0,0.0,0.0,0.0
0,0,0,0,25,0.14,94.9,0.4,39,2026-10-01 18:45:00,PT5M,0.0,0.0,0.0,0.0,0.0
0,0,0,0,25,0.14,94.9,0.4,36,2026-10-01 18:50:00,PT5M,0.0,0.0,0.0,0.0,0.0
0,0,0,0,25,0.14,95.0,0.4,34,2026-10-01 18:55:00,PT5M,0.0,0.0,0.0,0.0,0.0
0,0,0,0,25,0.14,95.0,0.4,31,2026-10-01 19:00:00,PT5M,0.0,0.0,0.0,0.0,0.0
0,0,0,0,25,0.14,95.0,0.4,28,2026-10-01 19:05:00,PT5M,0.0,0.0,0.0,0.0,0.0
0,0,0,0,25,0.14,95.1,0.4,26,2026-10-01 19:10:00,PT5M,0.0,0.0,0.0,0.0,0.0
0,0,0,0,25,0.14,95.1,0.4,23,2026-10-01 19:15:00,PT5M,0.0,0.0,0.0,0.0,0.0
0,0,0,0,24,0.14,95.2,0.4,20,2026-10-01 19:20:00,PT5M,0.0,0.0,0.0,0.0,0.0
0,0,0,0,24,0.14,95.2,0.4,18,2026-10-01 19:25:00,PT5M,0.0,0.0,0.0,0.0,0.0
0,0,0,0,24,0.14,95.3,0.4,15,2026-10-01 19:30:00,PT5M,0.0,0.0,0.0,0.0,0.0
0,0,0,0,24,0.14,95.3,0.4,13,2026-10-01 19:35:00,PT5M,0.0,0.0,0.0,0.0,0.0
0,0,0,0,24,0.14,95.4,0.4,12,2026-10-01 19:40:00,PT5M,0.0,0.0,0.0,0.0,0.0
0,0,0,0,24,0.14,95.4,0.4,11,2026-10-01 19:45:00,PT5M,0.0,0.0,0.0,0.0,0.0
0,0,0,0,24,0.14,95.5,0.4,9,2026-10-01 19:50:00,PT5M,0.0,0.0,0.0,0.0,0.0
0,0,0,0,24,0.14,95.5,0.4,8,2026-10-01 19:55:00,PT5M,0.0,0.0,0.0,0.0,0.0
0,0,0,0,24,0.14,95.6,0.4,7,2026-10-01 20:00:00,PT5M,0.0,0.0,0.0,0.0,0.0
0,0,0,0,24,0.14,95.6,0.5,6,2026-10-01 20:05:00,PT5M,0.0,0.0,0.0,0.0,0.0
0,0,0,0,24,0.14,95.7,0.5,5,2026-10-01 20:10:00,PT5M,0.0,0.0,0.0,0.0,0.0
0,0,0,0,24,0.14,95.7,0.5,4,2026-10-01 20:15:00,PT5M,0.0,0.0,0.0,0.0,0.0
0,0,0,0,24,0.14,95.8,0.5,2,2026-10-01 20:20:00,PT5M,0.0,0.0,0.0,0.0,0.0
0,0,0,0,24,0.14,95.8,0.5,1,2026-10-01 20:25:00,PT5M,0.0,0.0,0.0,0.0,0.0
0,0,0,0,24,0.14,95.9,0.5,0,2026-10-01 20:30:00,PT5M,0.0,0.0,0.0,0.0,0.0
0,0,0,0,24,0.14,95.9,0.5,359,2026-10-01 20:35:00,PT5M,0.0,0.0,0.0,0.0,0.0
0,0,0,0,24,0.14,95.9,0.5,357,2026-10-01 20:40:00,PT5M,0.0,0.0,0.0,0.0,0.0
0,0,0,0,24,0.14,96.0,0.5,355,2026-10-01 20:45:00,PT5M,0.0,0.0,0.0,0.0,0.0
0,0,0,0,24,0.14,96.0,0.5,354,2026-10-01 20:50:00,PT5M,0.0,0.0,0.0,0.0,0.0
0,0,0,0,24,0.14,96.1,0.5,352,2026-10-01 20:55:00,PT5M,0.0,0.0,0.0,0.0,0.0
0,0,0,0,24,0.14,96.1,0.6,350,2026-10-01 21:00:00,PT5M,0.0,0.0,0.0,0.0,0.0
0,0,0,0,24,0.14,96.2,0.6,349,2026-10-01 21:05:00,PT5M,0.0,0.0,0.0,0.0,0.0
0,0,0,0,24,0.14,96.2,0.6,347,2026-10-01 21:10:00,PT5M,0.0,0.0,0.0,0.0,0.0
0,0,0,0,24,0.14,96.3,0.6,346,2026-10-01 21:15:00,PT5M,0.0,0.0,0.0,0.0,0.0
0,0,0,0,24,0.14,96.3,0.6,345,2026-10-01 21:20:00,PT5M,0.0,0.0,0.0,0.0,0.0
0,0,0,0,24,0.14,96.4,0.6,343,2026-10-01 21:25:00,PT5M,0.0,0.0,0.0,0.0,0.0
0,0,0,0,24,0.14,96.4,0.6,342,2026-10-01 21:30:00,PT5M,0.0,0.0,0.0,0.0,0.0
0,0,0,0,24,0.14,96.5,0.6,341,2026-10-01 21:35:00,PT5M,0.0,0.0,0.0,0.0,0.0
0,0,0,0,24,0.14,96.5,0.6,341,2026-10-01 21:40:00,PT5M,0.0,0.0,0.0,0.0,0.0
0,0,0,0,24,0.14,96.6,0.7,340,2026-10-01 21:45:00,PT5M,0.0,0.0,0.0,0.0,0.0
0,0,0,0,24,0.14,96.6,0.7,340,2026-10-01 21:50:00,PT5M,0.0,0.0,0.0,0.0,0.0
0,0,0,0,24,0.14,96.7,0.7,340,2026-10-01 21:55:00,PT5M,0.0,0.0,0.0,0.0,0.0
0,0,0,0,24,0.14,96.7,0.7,339,2026-10-01 22:00:00,PT5M,0.0,0.0,0.0,0.0,0.0
0,0,0,0,24,0.14,96.8,0.7,339,2026-10-01 22:05:00,PT5M,0.0,0.0,0.0,0.0,0.0
0,0,0,0,24,0.14,96.8,0.7,338,2026-10-01 22:10:00,PT5M,0.0,0.0,0.0,0.0,0.0
0,0,0,0,24,0.14,96.9,0.7,338,2026-10-01 22:15:00,PT5M,0.0,0.0,0.0,0.0,0.0
0,0,0,0,24,0.14,96.9,0.7,338,2026-10-01 22:20:00,PT5M,0.0,0.0,0.0,0.0,0.0
0,0,0,0,24,0.14,97.0,0.7,337,2026-10-01 22:25:00,PT5M,0.0,0.0,0.0,0.0,0.0
0,0,0,0,24,0.14,97.0,0.8,337,2026-10-01 22:30:00,PT5M,0.0,0.0,0.0,0.0,0.0
0,0,0,0,24,0.14,97.1,0.8,336,2026-10-01 22:35:00,PT5M,0.0,0.0,0.0,0.0,0.0
0,0,0,0,24,0.14,97.1,0.8,335,2026-10-01 22:40:00,PT5M,0.0,0.0,0.0,0.0,0.0
0,0,0,0,24,0.14,97.2,0.8,335,2026-10-01 22:45:00,PT5M,0.0,0.0,0.0,0.0,0.0
0,0,0,0,24,0.14,97.2,0.8,334,2026-10-01 22:50:00,PT5M,0.0,0.0,0.0,0.0,0.0
0,0,0,0,24,0.14,97.2,0.8,333,2026-10-01 22:55:00,PT5M,0.0,0.0,0.0,0.0,0.0
0,0,0,0,24,0.14,97.3,0.8,332,2026-10-01 23:00:00,PT5M,0.0,0.0,0.0,0.0,0.0
0,0,0,0,24,0.14,97.3,0.9,332,2026-10-01 23:05:00,PT5M,0.0,0.0,0.0,0.0,0.0
0,0,0,0,24,0.14,97.4,0.9,331,2026-10-01 23:10:00,PT5M,0.0,0.0,0.0,0.0,0.0
0,0,0,0,24,0.14,97.4,0.9,330,2026-10-01 23:15:00,PT5M,0.0,0.0,0.0,0.0,0.0
0,0,0,0,24,0.14,97.5,0.9,330,2026-10-01 23:20:00,PT5M,0.0,0.0,0.0,0.0,0.0
0,0,0,0,24,0.14,97.5,0.9,329,2026-10-01 23:25:00,PT5M,0.0,0.0,0.0,0.0,0.0
0,0,0,0,24,0.14,97.6,0.9,328,2026-10-01 23:30:00,PT5M,0.0,0.0,0.0,0.0,0.0
0,0,0,0,24,0.14,97.6,0.9,328,2026-10-01 23:35:00,PT5M,0.0,0.0,0.0,0.0,0.0
0,0,0,0,24,0.14,97.5,1.0,327,2026-10-01 23:40:00,PT5M,0.0,0.0,0.0,0.0,0.0
0,0,0,0,24,0.14,97.5,1.0,327,2026-10-01 23:45:00,PT5M,0.0,0.0,0.0,0.0,0.0
0,0,0,0,24,0.14,97.4,1.0,327,2026-10-01 23:50:00,PT5M,0.0,0.0,0.0,0.0,0.0
0,0,0,0,24,0.14,97.4,1.0,326,2026-10-01 23:55:00,PT5M,0.0,0.0,0.0,0.0,0.0
0,0,0,0,24,0.14,97.3,1.0,326,2026-10-02 00:00:00,PT5M,0.0,0.0,0.0,0.0,0.0
0,0,0,0,24,0.14,97.3,1.0,325,2026-10-02 00:05:00,PT5M,0.0,0.0,0.0,0.0,0.0
0,0,0,0,24,0.14,97.2,1.0,325,2026-10-02 00:10:00,PT5M,0.0,0.0,0.0,0.0,0.0
0,0,0,0,24,0.14,97.2,1.0,324,2026-10-02 00:15:00,PT5M,0.0,0.0,0.0,0.0,0.0
0,0,0,0,24,0.14,97.1,1.0,324,2026-10-02 00:20:00,PT5M,0.0,0.0,0.0,0.0,0.0
0,0,0,0,24,0.14,97.1,1.0,324,2026-10-02 00:25:00,PT5M,0.0,0.0,0.0,0.0,0.0
0,0,0,0,24,0.14,97.1,1.0,323,2026-10-02 00:30:00,PT5M,0.0,0.0,0.0,0.0,0.0
0,0,0,0,24,0.14,97.0,1.0,323,2026-10-02 00:35:00,PT5M,0.0,0.0,0.0,0.0,0.0
0,0,0,0,24,0.14,97.0,1.0,323,2026-10-02 00:40:00,PT5M,0.0,0.0,0.0,0.0,0.0
0,0,0,0,24,0.14,97.0,1.0,322,2026-10-02 00:45:00,PT5M,0.0,0.0,0.0,0.0,0.0
0,0,0,0,24,0.14,97.0,1.0,322,2026-10-02 00:50:00,PT5M,0.0,0.0,0.0,0.0,0.0
0,0,0,0,24,0.14,97.0,1.0,322,2026-10-02 00:55:00,PT5M,0.0,0.0,0.0,0.0,0.0
0,0,0,0,24,0.14,97.0,1.0,321,2026-10-02 01:00:00,PT5M,0.0,0.0,0.0,0.0,0.0
0,0,0,0,24,0.14,97.0,1.0,321,2026-10-02 01:05:00,PT5M,0.0,0.0,0.0,0.0,0.0
0,0,0,0,24,0.14,97.0,1.0,321,2026-10-02 01:10:00,PT5M,0.0,0.0,0.0,0.0,0.0
0,0,0,0,24,0.14,97.0,0.9,321,2026-10-02 01:15:00,PT5M,0.0,0.0,0.0,0.0,0.0
0,0,0,0,24,0.14,97.0,0.9,320,2026-10-02 01:20:00,PT5M,0.0,0.0,0.0,0.0,0.0
0,0,0,0,24,0.14,97.0,0.9,320,2026-10-02 01:25:00,PT5M,0.0,0.0,0.0,0.0,0.0
0,0,0,0,24,0.14,97.0,0.9,320,2026-10-02 01:30:00,PT5M,0.0,0.0,0.0,0.0,0.0
0,0,0,0,24,0.14,97.0,0.9,319,2026-10-02 01:35:00,PT5M,0.0,0.0,0.0,0.0,0.0
0,0,0,0,24,0.14,97.0,0.9,318,2026-10-02 01:40:00,PT5M,0.0,0.0,0.0,0.0,0.0
0,0,0,0,24,0.14,97.0,0.9,318,2026-10-02 01:45:00,PT5M,0.0,0.0,0.0,0.0,0.0
0,0,0,0,24,0.14,97.0,0.9,317,2026-10-02 01:50:00,PT5M,0.0,0.0,0.0,0.0,0.0
0,0,0,0,24,0.14,97.0,0.9,316,2026-10-02 01:55:00,PT5M,0.0,0.0,0.0,0.0,0.0
0,0,0,0,24,0.14,97.0,0.9,315,2026-10-02 02:00:00,PT5M,0.0,0.0,0.0,0.0,0.0
0,0,0,0,24,0.14,97.0,0.9,315,2026-10-02 02:05:00,PT5M,0.0,0.0,0.0,0.0,0.0
0,0,0,0,24,0.14,97.0,0.9,314,2026-10-02 02:10:00,PT5M,0.0,0.0,0.0,0.0,0.0
0,0,0,0,24,0.14,97.0,0.9,313,2026-10-02 02:15:00,PT5M,0.0,0.0,0.0,0.0,0.0
0,0,0,0,24,0.14,97.0,0.9,312,2026-10-02 02:20:00,PT5M,0.0,0.0,0.0,0.0,0.0
0,0,0,0,24,0.14,97.0,0.9,312,2026-10-02 02:25:00,PT5M,0.0,0.0,0.0,0.0,0.0
0,0,0,0,24,0.14,97.0,0.9,311,2026-10-02 02:30:00,PT5M,0.0,0.0,0.0,0.0,0.0
0,0,0,0,24,0.14,97.0,0.9,311,2026-10-02 02:35:00,PT5M,0.0,0.0,0.0,0.0,0.0
0,0,0,0,24,0.14,97.0,0.9,311,2026-10-02 02:40:00,PT5M,0.0,0.0,0.0,0.0,0.0
0,0,0,0,24,0.14,97.0,0.9,311,2026-10-02 02:45:00,PT5M,0.0,0.0,0.0,0.0,0.0
0,0,0,0,24,0.14,97.0,0.9,311,2026-10-02 02:50:00,PT5M,0.0,0.0,0.0,0.0,0.0
0,0,0,0,24,0.14,97.0,0.9,311,2026-10-02 02:55:00,PT5M,0.0,0.0,0.0,0.0,0.0
0,0,0,0,24,0.14,97.0,0.9,311,2026-10-02 03:00:00,PT5M,0.0,0.0,0.0,0.0,0.0
0,0,0,0,23,0.14,97.0,0.9,311,2026-10-02 03:05:00,PT5M,0.0,0.0,0.0,0.0,0.0
0,0,0,0,23,0.14,97.0,0.9,311,2026-10-02 03:10:00,PT5M,0.0,0.0,0.0,0.0,0.0
0,0,0,0,23,0.14,97.0,0.9,311,2026-10-02 03:15:00,PT5M,0.0,0.0,0.0,0.0,0.0
0,0,0,0,23,0.14,97.0,0.9,311,2026-10-02 03:20:00,PT5M,0.0,0.0,0.0,0.0,0.0
0,0,0,0,23,0.14,97.0,0.9,311,2026-10-02 03:25:00,PT5M,0.0,0.0,0.0,0.0,0.0
0,0,0,0,23,0.14,97.0,0.9,311,2026-10-02 03:30:00,PT5M,0.0,0.0,0.0,0.0,0.0
0,0,0,0,23,0.14,97.0,0.9,310,2026-10-02 03:35:00,PT5M,0.0,0.0,0.0,0.0,0.0
0,0,0,0,23,0.14,97.0,0.9,310,2026-10-02 03:40:00,PT5M,0.0,0.0,0.0,0.0,0.0
0,0,0,0,23,0.14,97.0,0.9,309,2026-10-02 03:45:00,PT5M,0.0,0.0,0.0,0.0,0.0
0,0,0,0,23,0.14,97.0,0.9,308,2026-10-02 03:50:00,PT5M,0.0,0.0,0.0,0.0,0.0
0,0,0,0,23,0.14,97.0,0.9,307,2026-10-02 03:55:00,PT5M,0.0,0.0,0.0,0.0,0.0
0,0,0,0,23,0.14,97.0,0.9,307,2026-10-02 04:00:00,PT5M,0.0,0.0,0.0,0.0,0.0
0,0,0,0,23,0.14,97.0,0.9,306,2026-10-02 04:05:00,PT5M,0.0,0.0,0.0,0.0,0.0
0,0,0,0,23,0.14,97.0,0.9,305,2026-10-02 04:10:00,PT5M,0.0,0.0,0.0,0.0,0.0
0,0,0,0,23,0.14,97.0,0.9,304,2026-10-02 04:15:00,PT5M,0.0,0.0,0.0,0.0,0.0
0,0,0,0,23,0.14,97.0,0.9,304,2026-10-02 04:20:00,PT5M,0.0,0.0,0.0,0.0,0.0
0,0,0,0,23,0.14,97.0,0.9,303,2026-10-02 04:25:00,PT5M,0.0,0.0,0.0,0.0,0.0
0,0,0,0,23,0.14,97.0,0.9,302,2026-10-02 04:30:00,PT5M,0.0,0.0,0.0,0.0,0.0
0,0,0,0,23,0.14,97.0,0.9,302,2026-10-02 04:35:00,PT5M,0.0,0.0,0.0,0.0,0.0
0,0,0,0,23,0.14,97.0,0.9,301,2026-10-02 04:40:00,PT5M,0.0,0.0,0.0,0.0,0.0
0,0,0,0,23,0.14,97.0,0.9,301,2026-10-02 04:45:00,PT5M,0.0,0.0,0.0,0.0,0.0
0,0,0,0,23,0.14,97.0,0.9,300,2026-10-02 04:50:00,PT5M,0.0,0.0,0.0,0.0,0.0
0,0,0,0,23,0.14,97.0,0.9,300,2026-10-02 04:55:00,PT5M,0.0,0.0,0.0,0.0,0.0
0,0,0,0,23,0.14,97.0,0.9,300,2026-10-02 05:00:00,PT5M,0.0,0.0,0.0,0.0,0.0
0,0,0,0,23,0.14,97.0,0.9,299,2026-10-02 05:05:00,PT5M,0.0,0.0,0.0,0.0,0.0
0,0,0,0,23,0.14,97.0,0.9,299,2026-10-02 05:10:00,PT5M,0.0,0.0,0.0,0.0,0.0
0,0,0,0,23,0.14,97.0,0.9,298,2026-10-02 05:15:00,PT5M,0.0,0.0,0.0,0.0,0.0
0,0,0,0,23,0.14,97.0,0.9,298,2026-10-02 05:20:00,PT5M,0.0,0.0,0.0,0.0,0.0
0,0,0,0,23,0.14,97.0,0.9,297,2026-10-02 05:25:00,PT5M,0.0,0.0,0.0,0.0,0.0
0,0,0,0,23,0.14,97.0,0.9,297,2026-10-02 05:30:00,PT5M,0.0,0.0,0.0,0.0,0.0
0,0,0,0,23,0.14,96.7,0.9,297,2026-10-02 05:35:00,PT5M,0.0,0.0,0.0,0.0,0.0
0,0,0,0,24,0.14,96.1,0.8,298,2026-10-02 05:40:00,PT5M,0.0,0.0,0.0,0.0,0.0
0,0,0,0,24,0.14,95.4,0.8,299,2026-10-02 05:45:00,PT5M,0.0,0.0,0.0,0.0,0.0
0,0,0,0,24,0.14,94.8,0.8,300,2026-10-02 05:50:00,PT5M,0.0,0.0,0.0,0.0,0.0
0,0,0,0,24,0.14,94.2,0.8,302,2026-10-02 05:55:00,PT5M,0.0,0.0,0.0,0.0,0.0
3,3,0,3,24,0.14,93.6,0.7,303,2026-10-02 06:00:00,PT5M,0.0,0.0,0.0,0.0,0.0
10,10,0,10,24,0.14,93.0,0.7,304,2026-10-02 06:05:00,PT5M,0.665,1.1315,0.9105,0.4195,0.1985
18,18,0,18,24,0.14,92.4,0.7,306,2026-10-02 06:10:00,PT5M,1.78,2.89,2.3642,1.1958,0.67
28,28,0,28,24,0.14,91.8,0.7,308,2026-10-02 06:15:00,PT5M,3.009,4.931,4.0206,1.9974,1.087
38,38,0,38,24,0.14,91.2,0.6,310,2026-10-02 06:20:00,PT5M,4.343,7.382,5.9424,2.7436,1.304
50,50,26,47,24,0.14,90.6,0.6,312,2026-10-02 06:25:00,PT5M,6.305,10.6595,8.5968,4.0132,1.9505
64,63,55,55,25,0.14,90.0,0.6,314,2026-10-02 06:30:00,PT5M,8.851,14.7255,11.9428,5.7592,2.9765
78,78,86,64,25,0.14,89.5,0.6,316,2026-10-02 06:35:00,PT5M,11.731,19.2645,15.6959,7.7661,4.1975
94,93,117,72,25,0.14,88.9,0.5,318,2026-10-02 06:40:00,PT5M,14.866,24.126,19.7396,9.9924,5.606
110,109,147,79,25,0.14,88.4,0.5,320,2026-10-02 06:45:00,PT5M,18.376,29.3785,24.1667,12.5853,7.3735
128,126,177,86,25,0.14,87.9,0.5,323,2026-10-02 06:50:00,PT5M,22.055,34.8255,28.7762,15.3338,9.2845
146,144,206,93,25,0.14,87.4,0.4,325,2026-10-02 06:55:00,PT5M,25.921,40.533,33.6114,18.2306,11.309
164,162,232,99,25,0.14,86.8,0.4,329,2026-10-02 07:00:00,PT5M,29.872,46.4325,38.5879,21.1561,13.3115
181,179,251,106,25,0.14,86.3,0.4,332,2026-10-02 07:05:00,PT5M,33.736,52.3235,43.5187,23.9533,15.1485
199,196,270,113,25,0.14,85.8,0.4,336,2026-10-02 07:10:00,PT5M,37.684,58.334,48.5522,26.8158,17.034
217,214,287,119,26,0.14,85.3,0.3,340,2026-10-02 07:15:00,PT5M,41.698,64.437,53.6657,29.7303,18.959
235,232,303,126,26,0.14,84.8,0.3,345,2026-10-02 07:20:00,PT5M,45.733,70.6235,58.833,32.633,20.8425
253,250,318,132,26,0.14,84.3,0.3,351,2026-10-02 07:25:00,PT5M,49.792,76.7935,64.0031,35.5809,22.7905
271,268,333,138,26,0.14,83.8,0.3,357,2026-10-02 07:30:00,PT5M,53.873,82.9965,69.2009,38.5451,24.7495
289,286,347,143,26,0.14,83.3,0.3,3,2026-10-02 07:35:00,PT5M,57.985,89.268,74.4495,41.5205,26.702
307,304,360,149,26,0.14,82.7,0.3,9,2026-10-02 07:40:00,PT5M,62.156,95.7235,79.8228,44.4892,28.5885
326,322,373,154,26,0.14,82.1,0.3,16,2026-10-02 07:45:00,PT5M,64.515,98.8445,82.5829,46.4471,30.1855
344,340,386,159,26,0.14,81.6,0.3,21,2026-10-02 07:50:00,PT5M,66.74,100.0,85.1629,48.3171,31.736
362,358,398,164,26,0.14,81.0,0.3,27,2026-10-02 07:55:00,PT5M,68.867,100.0,87.618,50.116,33.2395
380,376,409,169,27,0.14,80.4,0.4,31,2026-10-02 08:00:00,PT5M,70.889,100.0,89.9382,51.8398,34.695
398,393,420,173,27,0.14,79.9,0.4,36,2026-10-02 08:05:00,PT5M,72.792,100.0,92.1048,53.4792,36.097
416,411,431,177,27,0.14,79.3,0.4,40,2026-10-02 08:10:00,PT5M,74.565,100.0,94.1018,55.0282,37.4445
434,429,441,182,27,0.14,78.8,0.4,43,2026-10-02 08:15:00,PT5M,76.198,100.0,95.9153,56.4807,38.7345
452,446,451,186,27,0.14,78.3,0.4,47,2026-10-02 08:20:00,PT5M,77.682,100.0,97.5298,57.8342,39.9705
469,463,460,189,27,0.14,77.7,0.5,49,2026-10-02 08:25:00,PT5M,79.032,100.0,98.9701,59.0939,41.149
486,480,469,193,27,0.14,77.2,0.5,52,2026-10-02 08:30:00,PT5M,80.301,100.0,100.0,60.2937,42.2865
502,496,475,198,27,0.14,76.7,0.5,55,2026-10-02 08:35:00,PT5M,81.342,100.0,100.0,61.2697,43.204
518,512,479,202,28,0.14,76.3,0.6,57,2026-10-02 08:40:00,PT5M,82.168,100.0,100.0,62.0304,43.906
533,527,483,207,28,0.14,75.8,0.6,59,2026-10-02 08:45:00,PT5M,82.939,100.0,100.0,62.7433,44.5665
547,541,486,212,28,0.14,75.4,0.6,61,2026-10-02 08:50:00,PT5M,83.667,100.0,100.0,63.4208,45.1985
562,555,489,216,28,0.14,74.9,0.7,63,2026-10-02 08:55:00,PT5M,84.356,100.0,100.0,64.0661,45.8045
576,569,492,221,28,0.14,74.5,0.7,65,2026-10-02 09:00:00,PT5M,85.017,100.0,100.0,64.6634,46.3445
590,584,497,224,28,0.14,74.1,0.7,66,2026-10-02 09:05:00,PT5M,85.779,100.0,100.0,65.4475,47.1485
604,598,502,228,28,0.14,73.6,0.8,67,2026-10-02 09:10:00,PT5M,86.521,100.0,100.0,66.3213,48.141
618,611,506,231,28,0.14,73.2,0.8,68,2026-10-02 09:15:00,PT5M,87.226,100.0,100.0,67.1537,49.088
632,625,510,234,28,0.14,72.8,0.9,69,2026-10-02 09:20:00,PT5M,87.896,100.0,100.0,67.9466,49.9915
645,638,514,237,28,0.14,72.4,0.9,70,2026-10-02 09:25:00,PT5M,88.532,100.0,100.0,68.7007,50.852
658,651,518,240,29,0.14,72.0,0.9,71,2026-10-02 09:30:00,PT5M,89.135,100.0,100.0,69.4174,51.671
671,664,524,242,29,0.14,71.5,1.0,72,2026-10-02 09:35:00,PT5M,89.845,100.0,100.0,70.2616,52.636
685,678,532,243,29,0.14,71.0,1.0,72,2026-10-02 09:40:00,PT5M,90.657,100.0,100.0,71.23,53.745
698,691,539,244,29,0.14,70.5,1.0,73,2026-10-02 09:45:00,PT5M,91.398,100.0,100.0,72.1215,54.772
711,703,545,245,29,0.14,70.1,1.1,74,2026-10-02 09:50:00,PT5M,92.082,100.0,100.0,72.9521,55.7345
724,716,552,246,29,0.14,69.6,1.1,74,2026-10-02 09:55:00,PT5M,92.737,100.0,100.0,73.7499,56.661
736,728,558,247,29,0.14,69.1,1.1,75,2026-10-02 10:00:00,PT5M,93.361,100.0,100.0,74.5116,57.5465
747,739,564,248,29,0.14,68.7,1.2,75,2026-10-02 10:05:00,PT5M,93.943,100.0,100.0,75.2262,58.3805
759,750,569,249,30,0.14,68.2,1.2,75,2026-10-02 10:10:00,PT5M,94.486,100.0,100.0,75.8974,59.167
770,761,574,249,30,0.14,67.8,1.2,76,2026-10-02 10:15:00,PT5M,95.0,100.0,100.0,76.5353,59.9165
780,771,579,250,30,0.14,67.3,1.3,76,2026-10-02 10:20:00,PT5M,95.488,100.0,100.0,77.1438,60.6335
790,781,584,250,30,0.14,66.8,1.3,77,2026-10-02 10:25:00,PT5M,95.952,100.0,100.0,77.7249,61.32
800,791,589,250,30,0.14,66.4,1.3,77,2026-10-02 10:30:00,PT5M,96.395,100.0,100.0,78.2821,61.98
807,798,590,253,30,0.14,66.0,1.4,77,2026-10-02 10:35:00,PT5M,96.565,100.0,100.0,78.5221,62.283
811,803,585,257,30,0.14,65.6,1.4,77,2026-10-02 10:40:00,PT5M,96.468,100.0,100.0,78.4493,62.232
815,807,580,262,30,0.14,65.2,1.4,78,2026-10-02 10:45:00,PT5M,96.35,100.0,100.0,78.3492,62.148
819,810,576,266,30,0.14,64.8,1.4,78,2026-10-02 10:50:00,PT5M,96.211,100.0,100.0,78.2202,62.028
822,813,571,270,31,0.14,64.4,1.5,78,2026-10-02 10:55:00,PT5M,96.042,100.0,100.0,78.0449,61.847
824,816,566,274,31,0.14,64.0,1.5,79,2026-10-02 11:00:00,PT5M,95.857,100.0,100.0,77.8502,61.6435
826,818,561,278,31,0.14,63.6,1.5,79,2026-10-02 11:05:00,PT5M,95.667,100.0,100.0,77.6573,61.448
828,819,556,282,31,0.14,63.2,1.6,79,2026-10-02 11:10:00,PT5M,95.459,100.0,100.0,77.4425,61.227
828,820,550,286,31,0.14,62.8,1.6,79,2026-10-02 11:15:00,PT5M,95.225,100.0,100.0,77.1885,60.955
829,821,545,290,31,0.14,62.4,1.6,79,2026-10-02 11:20:00,PT5M,94.969,100.0,100.0,76.9056,60.648
829,821,539,294,31,0.14,62.0,1.7,80,2026-10-02 11:25:00,PT5M,94.694,100.0,100.0,76.5982,60.3115
828,820,534,297,31,0.14,61.6,1.7,80,2026-10-02 11:30:00,PT5M,94.461,100.0,100.0,76.3281,60.008
827,818,527,301,31,0.14,61.6,1.7,80,2026-10-02 11:35:00,PT5M,94.111,100.0,100.0,75.9276,59.562
824,816,519,306,31,0.14,62.0,1.7,80,2026-10-02 11:40:00,PT5M,93.706,100.0,100.0,75.4581,59.0345
821,813,511,310,31,0.14,62.3,1.6,80,2026-10-02 11:45:00,PT5M,93.275,100.0,100.0,74.9574,58.471
817,809,502,314,31,0.14,62.7,1.6,80,2026-10-02 11:50:00,PT5M,92.819,100.0,100.0,74.4267,57.873
813,805,494,318,31,0.14,63.1,1.5,80,2026-10-02 11:55:00,PT5M,92.337,100.0,100.0,73.8644,57.2385
808,800,486,322,31,0.14,63.4,1.5,80,2026-10-02 12:00:00,PT5M,91.925,100.0,100.0,73.3677,56.6655
802,795,477,326,31,0.14,63.8,1.5,80,2026-10-02 12:05:00,PT5M,91.501,100.0,100.0,72.8531,56.0695
797,789,468,329,31,0.14,64.2,1.4,80,2026-10-02 12:10:00,PT5M,91.041,100.0,100.0,72.2976,55.428
790,783,458,333,31,0.14,64.5,1.4,80,2026-10-02 12:15:00,PT5M,90.554,100.0,100.0,71.7109,54.7515
784,777,449,336,31,0.14,64.9,1.3,80,2026-10-02 12:20:00,PT5M,90.037,100.0,100.0,71.0902,54.0375
776,770,440,340,30,0.14,65.3,1.3,80,2026-10-02 12:25:00,PT5M,89.49,100.0,100.0,70.4356,53.286
769,762,431,343,30,0.14,65.7,1.2,81,2026-10-02 12:30:00,PT5M,88.916,100.0,100.0,69.7513,52.5025
761,755,422,345,30,0.14,66.0,1.2,81,2026-10-02 12:35:00,PT5M,88.368,100.0,100.0,69.1094,51.776
754,748,415,347,30,0.14,66.4,1.2,81,2026-10-02 12:40:00,PT5M,87.848,100.0,100.0,68.512,51.109
747,740,408,348,30,0.14,66.8,1.1,81,2026-10-02 12:45:00,PT5M,87.287,100.0,100.0,67.8647,50.384
738,732,400,349,30,0.14,67.2,1.1,81,2026-10-02 12:50:00,PT5M,86.689,100.0,100.0,67.1743,49.6105
730,724,393,350,30,0.14,67.6,1.1,81,2026-10-02 12:55:00,PT5M,86.075,100.0,100.0,66.4724,48.8295
721,716,385,351,30,0.14,68.0,1.0,81,2026-10-02 13:00:00,PT5M,85.451,100.0,100.0,65.7668,48.0505
712,707,378,351,30,0.14,68.4,1.0,82,2026-10-02 13:05:00,PT5M,84.777,100.0,100.0,64.9971,47.1945
703,697,371,351,30,0.14,68.8,1.0,82,2026-10-02 13:10:00,PT5M,84.072,100.0,100.0,64.1918,46.299
693,688,363,351,30,0.14,69.2,0.9,82,2026-10-02 13:15:00,PT5M,83.33,100.0,100.0,63.3456,45.359
683,678,356,351,30,0.14,69.6,0.9,82,2026-10-02 13:20:00,PT5M,82.494,100.0,100.0,62.403,44.3205
673,668,349,350,29,0.14,70.0,0.9,82,2026-10-02 13:25:00,PT5M,81.685,100.0,100.0,61.4853,43.305
662,658,342,349,29,0.14,70.4,0.8,83,2026-10-02 13:30:00,PT5M,80.847,100.0,100.0,60.5368,42.257
649,644,331,349,29,0.14,70.8,0.8,83,2026-10-02 13:35:00,PT5M,79.676,100.0,100.0,59.2095,40.789
633,629,315,350,29,0.14,71.3,0.7,82,2026-10-02 13:40:00,PT5M,78.164,100.0,98.831,57.497,38.896
618,613,300,351,29,0.14,71.7,0.7,82,2026-10-02 13:45:00,PT5M,76.613,100.0,97.4795,55.7465,36.966
602,598,286,351,29,0.14,72.2,0.7,81,2026-10-02 13:50:00,PT5M,75.021,100.0,96.0862,53.9558,34.9965
586,582,271,350,29,0.14,72.6,0.6,81,2026-10-02 13:55:00,PT5M,73.388,100.0,94.6505,52.1255,32.9885
569,566,257,349,29,0.14,73.1,0.6,80,2026-10-02 14:00:00,PT5M,71.713,100.0,93.1724,50.2536,30.9395
553,550,243,348,29,0.14,73.5,0.5,79,2026-10-02 14:05:00,PT5M,70.007,100.0,91.6614,48.3526,28.863
537,534,230,345,29,0.14,74.0,0.5,78,2026-10-02 14:10:00,PT5M,68.278,100.0,90.1253,46.4307,26.7675
521,518,217,343,29,0.14,74.5,0.5,77,2026-10-02 14:15:00,PT5M,66.469,100.0,88.5084,44.4296,24.5935
505,502,204,340,28,0.14,75.0,0.4,76,2026-10-02 14:20:00,PT5M,64.623,100.0,86.8524,42.3936,22.3865
488,486,191,336,28,0.14,75.4,0.4,75,2026-10-02 14:25:00,PT5M,62.746,100.0,85.1622,40.3298,20.1545
472,470,179,332,28,0.14,75.9,0.3,73,2026-10-02 14:30:00,PT5M,60.836,100.0,83.443,38.229,17.882
457,455,168,328,28,0.14,76.4,0.3,71,2026-10-02 14:35:00,PT5M,59.017,100.0,81.8106,36.2234,15.7085
442,440,158,323,28,0.14,76.8,0.3,70,2026-10-02 14:40:00,PT5M,57.289,100.0,80.2589,34.3191,13.6455
427,426,149,317,28,0.14,77.3,0.2,68,2026-10-02 14:45:00,PT5M,55.529,99.5015,78.672,32.386,11.5565
412,411,140,312,28,0.14,77.7,0.2,65,2026-10-02 14:50:00,PT5M,53.739,97.9475,77.0062,30.4718,9.5305
398,397,131,306,28,0.14,78.2,0.1,61,2026-10-02 14:55:00,PT5M,51.971,96.197,75.2475,28.6945,7.745
384,383,123,299,28,0.14,78.6,0.1,53,2026-10-02 15:00:00,PT5M,50.203,94.4155,73.4724,26.9336,5.9905
369,368,113,293,28,0.14,79.1,0.1,32,2026-10-02 15:05:00,PT5M,48.317,92.385,71.5103,25.1237,4.249
355,354,103,287,28,0.14,79.6,0.0,342,2026-10-02 15:10:00,PT5M,46.534,90.434,69.6389,23.4291,2.634
340,339,93,281,28,0.14,80.0,0.1,298,2026-10-02 15:15:00,PT5M,44.478,88.1725,67.4747,21.4813,0.7835
325,325,82,274,27,0.14,80.5,0.1,282,2026-10-02 15:20:00,PT5M,42.372,85.8175,65.2377,19.5063,0.0
311,310,72,267,27,0.14,81.0,0.1,275,2026-10-02 15:25:00,PT5M,40.223,83.369,62.931,17.515,0.0
296,296,62,260,27,0.14,81.5,0.2,271,2026-10-02 15:30:00,PT5M,38.033,80.8205,60.5524,15.5136,0.0
282,282,53,252,27,0.14,82.0,0.2,269,2026-10-02 15:35:00,PT5M,35.922,78.2535,58.2014,13.6426,0.0
269,269,45,244,27,0.14,82.4,0.3,267,2026-10-02 15:40:00,PT5M,33.921,75.6595,55.8883,11.9537,0.0
256,256,37,236,27,0.14,82.9,0.3,266,2026-10-02 15:45:00,PT5M,31.878,72.926,53.4819,10.2741,0.0
242,243,28,228,27,0.14,83.4,0.3,265,2026-10-02 15:50:00,PT5M,30.13,70.3935,51.321,8.939,0.0
229,229,20,220,27,0.14,83.9,0.4,264,2026-10-02 15:55:00,PT5M,28.008,67.4015,48.7411,7.2749,0.0
216,216,11,211,27,0.14,84.4,0.4,264,2026-10-02 16:00:00,PT5M,25.851,64.298,46.0859,5.6161,0.0
203,204,4,202,27,0.14,84.9,0.5,263,2026-10-02 16:05:00,PT5M,23.77,61.28,43.5118,4.0282,0.0
191,191,0,191,27,0.14,85.4,0.5,263,2026-10-02 16:10:00,PT5M,21.989,58.584,41.2492,2.7288,0.0
178,179,0,179,27,0.14,85.9,0.6,263,2026-10-02 16:15:00,PT5M,20.862,55.522,39.1038,2.6202,0.0
166,167,0,167,26,0.14,86.4,0.6,262,2026-10-02 16:20:00,PT5M,19.685,51.984,36.6842,2.6858,0.0
155,155,0,155,26,0.14,86.9,0.6,262,2026-10-02 16:25:00,PT5M,18.421,48.4365,34.2184,2.6236,0.0
143,143,0,143,26,0.14,87.5,0.7,262,2026-10-02 16:30:00,PT5M,17.12,44.87,31.725,2.515,0.0
132,132,0,132,26,0.14,88.0,0.7,262,2026-10-02 16:35:00,PT5M,15.843,41.327,29.2554,2.4306,0.0
121,121,0,121,26,0.14,88.4,0.8,261,2026-10-02 16:40:00,PT5M,14.569,37.781,26.7856,2.3524,0.0
110,111,0,111,26,0.14,88.9,0.8,261,2026-10-02 16:45:00,PT5M,13.277,34.2405,24.3102,2.2438,0.0
100,100,0,100,26,0.14,89.4,0.8,261,2026-10-02 16:50:00,PT5M,11.988,30.7425,21.8586,2.1174,0.0
89,90,0,90,26,0.14,89.9,0.9,261,2026-10-02 16:55:00,PT5M,10.7,27.316,19.4451,1.9549,0.0
79,79,0,79,26,0.14,90.4,0.9,261,2026-10-02 17:00:00,PT5M,9.405,23.988,17.0801,1.7299,0.0
68,69,0,69,26,0.14,90.9,0.9,260,2026-10-02 17:05:00,PT5M,8.115,20.753,14.7665,1.4635,0.0
59,59,0,59,26,0.14,91.4,1.0,260,2026-10-02 17:10:00,PT5M,6.819,17.5535,12.4686,1.1694,0.0
49,49,0,49,26,0.14,91.9,1.0,260,2026-10-02 17:15:00,PT5M,5.674,14.5505,10.3458,1.0022,0.0
40,41,0,41,25,0.14,92.4,1.0,260,2026-10-02 17:20:00,PT5M,4.602,11.679,8.3267,0.8773,0.0
32,32,0,32,25,0.14,92.9,1.1,260,2026-10-02 17:25:00,PT5M,3.522,8.906,6.3556,0.6884,0.0
25,25,0,25,25,0.14,93.4,1.1,260,2026-10-02 17:30:00,PT5M,2.573,6.4225,4.599,0.547,0.0
19,19,0,19,25,0.14,93.7,1.1,260,2026-10-02 17:35:00,PT5M,1.769,4.2885,3.095,0.443,0.0
13,13,0,13,25,0.14,93.7,1.1,260,2026-10-02 17:40:00,PT5M,1.022,2.417,1.7562,0.2878,0.0
8,8,0,8,25,0.14,93.8,1.1,260,2026-10-02 17:45:00,PT5M,0.326,0.9625,0.661,0.0,0.0
3,3,0,3,25,0.14,93.8,1.1,259,2026-10-02 17:50:00,PT5M,0.0,0.031,0.0163,0.0,0.0
0,0,0,0,25,0.14,93.8,1.1,259,2026-10-02 17:55:00,PT5M,0.0,0.0,0.0,0.0,0.0
0,0,0,0,25,0.14,93.9,1.1,259,2026-10-02 18:00:00,PT5M,0.0,0.0,0.0,0.0,0.0
0,0,0,0,25,0.14,93.9,1.1,259,2026-10-02 18:05:00,PT5M,0.0,0.0,0.0,0.0,0.0
0,0,0,0,25,0.14,94.0,1.1,259,2026-10-02 18:10:00,PT5M,0.0,0.0,0.0,0.0,0.0
0,0,0,0,25,0.14,94.0,1.0,259,2026-10-02 18:15:00,PT5M,0.0,0.0,0.0,0.0,0.0
0,0,0,0,25,0.14,94.1,1.0,259,2026-10-02 18:20:00,PT5M,0.0,0.0,0.0,0.0,0.0
0,0,0,0,25,0.14,94.1,1.0,259,2026-10-02 18:25:00,PT5M,0.0,0.0,0.0,0.0,0.0
0,0,0,0,25,0.14,94.2,1.0,259,2026-10-02 18:30:00,PT5M,0.0,0.0,0.0,0.0,0.0
0,0,0,0,25,0.14,94.2,1.0,259,2026-10-02 18:35:00,PT5M,0.0,0.0,0.0,0.0,0.0
0,0,0,0,25,0.14,94.3,1.0,259,2026-10-02 18:40:00,PT5M,0.0,0.0,0.0,0.0,0.0
0,0,0,0,25,0.14,94.4,1.0,258,2026-10-02 18:45:00,PT5M,0.0,0.0,0.0,0.0,0.0
0,0,0,0,25,0.14,94.5,1.0,258,2026-10-02 18:50:00,PT5M,0.0,0.0,0.0,0.0,0.0
0,0,0,0,25,0.14,94.6,1.0,258,2026-10-02 18:55:00,PT5M,0.0,0.0,0.0,0.0,0.0
0,0,0,0,25,0.14,94.7,1.0,258,2026-10-02 19:00:00,PT5M,0.0,0.0,0.0,0.0,0.0
0,0,0,0,25,0.14,94.8,1.0,258,2026-10-02 19:05:00,PT5M,0.0,0.0,0.0,0.0,0.0
0,0,0,0,25,0.14,94.9,1.0,258,2026-10-02 19:10:00,PT5M,0.0,0.0,0.0,0.0,0.0
0,0,0,0,25,0.14,95.0,1.0,258,2026-10-02 19:15:00,PT5M,0.0,0.0,0.0,0.0,0.0
0,0,0,0,25,0.14,95.1,0.9,258,2026-10-02 19:20:00,PT5M,0.0,0.0,0.0,0.0,0.0
0,0,0,0,25,0.14,95.2,0.9,258,2026-10-02 19:25:00,PT5M,0.0,0.0,0.0,0.0,0.0
0,0,0,0,25,0.14,95.3,0.9,258,2026-10-02 19:30:00,PT5M,0.0,0.0,0.0,0.0,0.0
0,0,0,0,25,0.14,95.3,0.9,257,2026-10-02 19:35:00,PT5M,0.0,0.0,0.0,0.0,0.0
0,0,0,0,25,0.14,95.4,0.9,257,2026-10-02 19:40:00,PT5M,0.0,0.0,0.0,0.0,0.0
0,0,0,0,25,0.14,95.4,0.9,257,2026-10-02 19:45:00,PT5M,0.0,0.0,0.0,0.0,0.0
0,0,0,0,25,0.14,95.5,0.9,257,2026-10-02 19:50:00,PT5M,0.0,0.0,0.0,0.0,0.0
0,0,0,0,25,0.14,95.5,0.8,256,2026-10-02 19:55:00,PT5M,0.0,0.0,0.0,0.0,0.0
0,0,0,0,25,0.14,95.6,0.8,256,2026-10-02 20:00:00,PT5M,0.0,0.0,0.0,0.0,0.0
0,0,0,0,25,0.14,95.6,0.8,256,2026-10-02 20:05:00,PT5M,0.0,0.0,0.0,0.0,0.0
0,0,0,0,25,0.14,95.7,0.8,256,2026-10-02 20:10:00,PT5M,0.0,0.0,0.0,0.0,0.0
0,0,0,0,25,0.14,95.7,0.8,255,2026-10-02 20:15:00,PT5M,0.0,0.0,0.0,0.0,0.0
0,0,0,0,25,0.14,95.8,0.8,255,2026-10-02 20:20:00,PT5M,0.0,0.0,0.0,0.0,0.0
0,0,0,0,25,0.14,95.8,0.8,255,2026-10-02 20:25:00,PT5M,0.0,0.0,0.0,0.0,0.0
0,0,0,0,25,0.14,95.9,0.7,254,2026-10-02 20:30:00,PT5M,0.0,0.0,0.0,0.0,0.0
0,0,0,0,25,0.14,96.0,0.7,254,2026-10-02 20:35:00,PT5M,0.0,0.0,0.0,0.0,0.0
0,0,0,0,25,0.14,96.1,0.7,254,2026-10-02 20:40:00,PT5M,0.0,0.0,0.0,0.0,0.0
0,0,0,0,24,0.14,96.2,0.7,254,2026-10-02 20:45:00,PT5M,0.0,0.0,0.0,0.0,0.0
0,0,0,0,24,0.14,96.4,0.7,253,2026-10-02 20:50:00,PT5M,0.0,0.0,0.0,0.0,0.0
0,0,0,0,24,0.14,96.5,0.7,253,2026-10-02 20:55:00,PT5M,0.0,0.0,0.0,0.0,0.0
0,0,0,0,24,0.14,96.7,0.7,253,2026-10-02 21:00:00,PT5M,0.0,0.0,0.0,0.0,0.0
0,0,0,0,24,0.14,96.8,0.7,253,2026-10-02 21:05:00,PT5M,0.0,0.0,0.0,0.0,0.0
0,0,0,0,24,0.14,97.0,0.7,253,2026-10-02 21:10:00,PT5M,0.0,0.0,0.0,0.0,0.0
0,0,0,0,24,0.14,97.1,0.7,252,2026-10-02 21:15:00,PT5M,0.0,0.0,0.0,0.0,0.0
0,0,0,0,24,0.14,97.3,0.7,252,2026-10-02 21:20:00,PT5M,0.0,0.0,0.0,0.0,0.0
0,0,0,0,24,0.14,97.4,0.6,252,2026-10-02 21:25:00,PT5M,0.0,0.0,0.0,0.0,0.0
0,0,0,0,24,0.14,97.6,0.6,252,2026-10-02 21:30:00,PT5M,0.0,0.0,0.0,0.0,0.0
0,0,0,0,24,0.14,97.7,0.6,252,2026-10-02 21:35:00,PT5M,0.0,0.0,0.0,0.0,0.0
0,0,0,0,24,0.14,97.7,0.6,252,2026-10-02 21:40:00,PT5M,0.0,0.0,0.0,0.0,0.0
0,0,0,0,24,0.14,97.7,0.6,253,2026-10-02 21:45:00,PT5M,0.0,0.0,0.0,0.0,0.0
0,0,0,0,24,0.14,97.8,0.6,253,2026-10-02 21:50:00,PT5M,0.0,0.0,0.0,0.0,0.0
0,0,0,0,24,0.14,97.8,0.6,254,2026-10-02 21:55:00,PT5M,0.0,0.0,0.0,0.0,0.0
0,0,0,0,24,0.14,97.9,0.6,254,2026-10-02 22:00:00,PT5M,0.0,0.0,0.0,0.0,0.0
0,0,0,0,24,0.14,97.9,0.6,255,2026-10-02 22:05:00,PT5M,0.0,0.0,0.0,0.0,0.0
0,0,0,0,24,0.14,98.0,0.6,256,2026-10-02 22:10:00,PT5M,0.0,0.0,0.0,0.0,0.0
0,0,0,0,24,0.14,98.0,0.5,256,2026-10-02 22:15:00,PT5M,0.0,0.0,0.0,0.0,0.0
0,0,0,0,24,0.14,98.1,0.5,257,2026-10-02 22:20:00,PT5M,0.0,0.0,0.0,0.0,0.0
0,0,0,0,24,0.14,98.1,0.5,258,2026-10-02 22:25:00,PT5M,0.0,0.0,0.0,0.0,0.0
0,0,0,0,24,0.14,98.2,0.5,258,2026-10-02 22:30:00,PT5M,0.0,0.0,0.0,0.0,0.0
0,0,0,0,24,0.14,98.3,0.5,259,2026-10-02 22:35:00,PT5M,0.0,0.0,0.0,0.0,0.0
0,0,0,0,24,0.14,98.4,0.5,258,2026-10-02 22:40:00,PT5M,0.0,0.0,0.0,0.0,0.0
0,0,0,0,24,0.14,98.5,0.5,258,2026-10-02 22:45:00,PT5M,0.0,0.0,0.0,0.0,0.0
0,0,0,0,24,0.14,98.6,0.5,258,2026-10-02 22:50:00,PT5M,0.0,0.0,0.0,0.0,0.0
0,0,0,0,24,0.14,98.7,0.5,258,2026-10-02 22:55:00,PT5M,0.0,0.0,0.0,0.0,0.0
0,0,0,0,24,0.14,98.8,0.5,258,2026-10-02 23:00:00,PT5M,0.0,0.0,0.0,0.0,0.0
0,0,0,0,24,0.14,98.9,0.5,257,2026-10-02 23:05:00,PT5M,0.0,0.0,0.0,0.0,0.0
0,0,0,0,24,0.14,99.0,0.4,257,2026-10-02 23:10:00,PT5M,0.0,0.0,0.0,0.0,0.0
0,0,0,0,24,0.14,99.1,0.4,257,2026-10-02 23:15:00,PT5M,0.0,0.0,0.0,0.0,0.0
0,0,0,0,24,0.14,99.2,0.4,257,2026-10-02 23:20:00,PT5M,0.0,0.0,0.0,0.0,0.0
0,0,0,0,24,0.14,99.3,0.4,256,2026-10-02 23:25:00,PT5M,0.0,0.0,0.0,0.0,0.0
0,0,0,0,24,0.14,99.3,0.4,256,2026-10-02 23:30:00,PT5M,0.0,0.0,0.0,0.0,0.0
0,0,0,0,24,0.14,99.4,0.4,256,2026-10-02 23:35:00,PT5M,0.0,0.0,0.0,0.0,0.0
0,0,0,0,24,0.14,99.4,0.4,256,2026-10-02 23:40:00,PT5M,0.0,0.0,0.0,0.0,0.0
0,0,0,0,24,0.14,99.4,0.4,257,2026-10-02 23:45:00,PT5M,0.0,0.0,0.0,0.0,0.0
0,0,0,0,24,0.14,99.4,0.4,257,2026-10-02 23:50:00,PT5M,0.0,0.0,0.0,0.0,0.0
0,0,0,0,24,0.14,99.4,0.4,257,2026-10-02 23:55:00,PT5M,0.0,0.0,0.0,0.0,0.0
0,0,0,0,24,0.14,99.4,0.5,257,2026-10-03 00:00:00,PT5M,0.0,0.0,0.0,0.0,0.0
0,0,0,0,24,0.14,99.4,0.5,258,2026-10-03 00:05:00,PT5M,0.0,0.0,0.0,0.0,0.0
0,0,0,0,24,0.14,99.4,0.5,258,2026-10-03 00:10:00,PT5M,0.0,0.0,0.0,0.0,0.0
0,0,0,0,24,0.14,99.4,0.5,258,2026-10-03 00:15:00,PT5M,0.0,0.0,0.0,0.0,0.0
0,0,0,0,24,0.14,99.4,0.5,258,2026-10-03 00:20:00,PT5M,0.0,0.0,0.0,0.0,0.0
0,0,0,0,24,0.14,99.4,0.5,258,2026-10-03 00:25:00,PT5M,0.0,0.0,0.0,0.0,0.0
0,0,0,0,24,0.14,99.4,0.5,259,2026-10-03 00:30:00,PT5M,0.0,0.0,0.0,0.0,0.0
0,0,0,0,24,0.14,99.4,0.5,258,2026-10-03 00:35:00,PT5M,0.0,0.0,0.0,0.0,0.0
0,0,0,0,24,0.14,99.4,0.5,258,2026-10-03 00:40:00,PT5M,0.0,0.0,0.0,0.0,0.0
0,0,0,0,24,0.14,99.4,0.5,257,2026-10-03 00:45:00,PT5M,0.0,0.0,0.0,0.0,0.0
0,0,0,0,24,0.14,99.4,0.5,256,2026-10-03 00:50:00,PT5M,0.0,0.0,0.0,0.0,0.0
0,0,0,0,24,0.14,99.4,0.6,256,2026-10-03 00:55:00,PT5M,0.0,0.0,0.0,0.0,0.0
0,0,0,0,24,0.14,99.4,0.6,255,2026-10-03 01:00:00,PT5M,0.0,0.0,0.0,0.0,0.0
0,0,0,0,24,0.14,99.4,0.6,254,2026-10-03 01:05:00,PT5M,0.0,0.0,0.0,0.0,0.0
0,0,0,0,24,0.14,99.4,0.6,254,2026-10-03 01:10:00,PT5M,0.0,0.0,0.0,0.0,0.0
0,0,0,0,24,0.14,99.4,0.6,253,2026-10-03 01:15:00,PT5M,0.0,0.0,0.0,0.0,0.0
0,0,0,0,24,0.14,99.4,0.6,253,2026-10-03 01:20:00,PT5M,0.0,0.0,0.0,0.0,0.0
0,0,0,0,24,0.14,99.4,0.6,252,2026-10-03 01:25:00,PT5M,0.0,0.0,0.0,0.0,0.0
0,0,0,0,24,0.14,99.4,0.6,252,2026-10-03 01:30:00,PT5M,0.0,0.0,0.0,0.0,0.0
0,0,0,0,24,0.14,99.4,0.6,252,2026-10-03 01:35:00,PT5M,0.0,0.0,0.0,0.0,0.0
0,0,0,0,24,0.14,99.3,0.6,252,2026-10-03 01:40:00,PT5M,0.0,0.0,0.0,0.0,0.0
0,0,0,0,24,0.14,99.3,0.7,252,2026-10-03 01:45:00,PT5M,0.0,0.0,0.0,0.0,0.0
0,0,0,0,24,0.14,99.2,0.7,252,2026-10-03 01:50:00,PT5M,0.0,0.0,0.0,0.0,0.0
0,0,0,0,24,0.14,99.2,0.7,253,2026-10-03 01:55:00,PT5M,0.0,0.0,0.0,0.0,0.0
0,0,0,0,24,0.14,99.1,0.7,253,2026-10-03 02:00:00,PT5M,0.0,0.0,0.0,0.0,0.0
0,0,0,0,23,0.14,99.1,0.7,253,2026-10-03 02:05:00,PT5M,0.0,0.0,0.0,0.0,0.0
0,0,0,0,23,0.14,99.0,0.7,253,2026-10-03 02:10:00,PT5M,0.0,0.0,0.0,0.0,0.0
0,0,0,0,23,0.14,99.0,0.7,253,2026-10-03 02:15:00,PT5M,0.0,0.0,0.0,0.0,0.0
0,0,0,0,23,0.14,98.9,0.7,254,2026-10-03 02:20:00,PT5M,0.0,0.0,0.0,0.0,0.0
0,0,0,0,23,0.14,98.9,0.7,254,2026-10-03 02:25:00,PT5M,0.0,0.0,0.0,0.0,0.0
0,0,0,0,23,0.14,98.8,0.7,254,2026-10-03 02:30:00,PT5M,0.0,0.0,0.0,0.0,0.0
0,0,0,0,23,0.14,98.8,0.7,254,2026-10-03 02:35:00,PT5M,0.0,0.0,0.0,0.0,0.0
0,0,0,0,23,0.14,98.7,0.7,254,2026-10-03 02:40:00,PT5M,0.0,0.0,0.0,0.0,0.0
0,0,0,0,23,0.14,98.7,0.7,254,2026-10-03 02:45:00,PT5M,0.0,0.0,0.0,0.0,0.0
0,0,0,0,23,0.14,98.6,0.8,255,2026-10-03 02:50:00,PT5M,0.0,0.0,0.0,0.0,0.0
0,0,0,0,23,0.14,98.6,0.8,255,2026-10-03 02:55:00,PT5M,0.0,0.0,0.0,0.0,0.0
0,0,0,0,23,0.14,98.5,0.8,255,2026-10-03 03:00:00,PT5M,0.0,0.0,0.0,0.0,0.0
0,0,0,0,23,0.14,98.5,0.8,255,2026-10-03 03:05:00,PT5M,0.0,0.0,0.0,0.0,0.0
0,0,0,0,23,0.14,98.4,0.8,255,2026-10-03 03:10:00,PT5M,0.0,0.0,0.0,0.0,0.0
0,0,0,0,23,0.14,98.4,0.8,255,2026-10-03 03:15:00,PT5M,0.0,0.0,0.0,0.0,0.0
0,0,0,0,23,0.14,98.3,0.8,256,2026-10-03 03:20:00,PT5M,0.0,0.0,0.0,0.0,0.0
0,0,0,0,23,0.14,98.3,0.8,256,2026-10-03 03:25:00,PT5M,0.0,0.0,0.0,0.0,0.0
0,0,0,0,23,0.14,98.2,0.8,256,2026-10-03 03:30:00,PT5M,0.0,0.0,0.0,0.0,0.0
0,0,0,0,23,0.14,98.2,0.8,256,2026-10-03 03:35:00,PT5M,0.0,0.0,0.0,0.0,0.0
0,0,0,0,23,0.14,98.2,0.8,256,2026-10-03 03:40:00,PT5M,0.0,0.0,0.0,0.0,0.0
0,0,0,0,23,0.14,98.2,0.8,256,2026-10-03 03:45:00,PT5M,0.0,0.0,0.0,0.0,0.0
0,0,0,0,23,0.14,98.2,0.9,256,2026-10-03 03:50:00,PT5M,0.0,0.0,0.0,0.0,0.0
0,0,0,0,23,0.14,98.2,0.9,257,2026-10-03 03:55:00,PT5M,0.0,0.0,0.0,0.0,0.0
0,0,0,0,23,0.14,98.2,0.9,257,2026-10-03 04:00:00,PT5M,0.0,0.0,0.0,0.0,0.0
0,0,0,0,23,0.14,98.2,0.9,257,2026-10-03 04:05:00,PT5M,0.0,0.0,0.0,0.0,0.0
0,0,0,0,23,0.14,98.2,0.9,257,2026-10-03 04:10:00,PT5M,0.0,0.0,0.0,0.0,0.0
0,0,0,0,23,0.14,98.2,0.9,257,2026-10-03 04:15:00,PT5M,0.0,0.0,0.0,0.0,0.0
0,0,0,0,23,0.14,98.2,0.9,257,2026-10-03 04:20:00,PT5M,0.0,0.0,0.0,0.0,0.0
0,0,0,0,23,0.14,98.2,0.9,257,2026-10-03 04:25:00,PT5M,0.0,0.0,0.0,0.0,0.0
0,0,0,0,23,0.14,98.2,0.9,257,2026-10-03 04:30:00,PT5M,0.0,0.0,0.0,0.0,0.0
0,0,0,0,23,0.14,98.2,0.9,257,2026-10-03 04:35:00,PT5M,0.0,0.0,0.0,0.0,0.0
0,0,0,0,23,0.14,98.2,0.9,257,2026-10-03 04:40:00,PT5M,0.0,0.0,0.0,0.0,0.0
0,0,0,0,23,0.14,98.2,0.9,257,2026-10-03 04:45:00,PT5M,0.0,0.0,0.0,0.0,0.0
0,0,0,0,23,0.14,98.2,1.0,256,2026-10-03 04:50:00,PT5M,0.0,0.0,0.0,0.0,0.0
0,0,0,0,23,0.14,98.2,1.0,256,2026-10-03 04:55:00,PT5M,0.0,0.0,0.0,0.0,0.0
0,0,0,0,23,0.14,98.2,1.0,255,2026-10-03 05:00:00,PT5M,0.0,0.0,0.0,0.0,0.0
0,0,0,0,23,0.14,98.2,1.0,255,2026-10-03 05:05:00,PT5M,0.0,0.0,0.0,0.0,0.0
0,0,0,0,23,0.14,98.2,1.0,255,2026-10-03 05:10:00,PT5M,0.0,0.0,0.0,0.0,0.0
0,0,0,0,23,0.14,98.2,1.0,254,2026-10-03 05:15:00,PT5M,0.0,0.0,0.0,0.0,0.0
0,0,0,0,23,0.14,98.2,1.0,254,2026-10-03 05:20:00,PT5M,0.0,0.0,0.0,0.0,0.0
0,0,0,0,23,0.14,98.2,1.0,254,2026-10-03 05:25:00,PT5M,0.0,0.0,0.0,0.0,0.0
0,0,0,0,23,0.14,98.2,1.0,253,2026-10-03 05:30:00,PT5M,0.0,0.0,0.0,0.0,0.0
0,0,0,0,23,0.14,97.9,1.0,253,2026-10-03 05:35:00,PT5M,0.0,0.0,0.0,0.0,0.0
0,0,0,0,23,0.14,97.2,1.0,252,2026-10-03 05:40:00,PT5M,0.0,0.0,0.0,0.0,0.0
0,0,0,0,24,0.14,96.6,1.0,251,2026-10-03 05:45:00,PT5M,0.0,0.0,0.0,0.0,0.0
0,0,0,0,24,0.14,96.0,1.0,250,2026-10-03 05:50:00,PT5M,0.0,0.0,0.0,0.0,0.0
0,0,0,0,24,0.14,95.4,0.9,249,2026-10-03 05:55:00,PT5M,0.0,0.0,0.0,0.0,0.0
3,3,0,3,24,0.14,94.7,0.9,248,2026-10-03 06:00:00,PT5M,0.0,0.0,0.0,0.0,0.0
9,10,0,10,24,0.14,94.1,0.9,247,2026-10-03 06:05:00,PT5M,0.601,1.0765,0.8513,0.3507,0.1255
17,17,0,17,24,0.14,93.5,0.9,246,2026-10-03 06:10:00,PT5M,1.644,2.8215,2.2637,1.0243,0.4665
26,26,0,26,24,0.14,92.9,0.9,245,2026-10-03 06:15:00,PT5M,2.786,4.7995,3.8457,1.7263,0.7725
36,36,0,36,24,0.14,92.3,0.9,244,2026-10-03 06:20:00,PT5M,4.022,7.1595,5.6733,2.3707,0.8845
47,47,0,47,24,0.14,91.7,0.8,242,2026-10-03 06:25:00,PT5M,5.412,9.878,7.7625,3.0615,0.946
59,59,16,57,24,0.14,91.1,0.8,241,2026-10-03 06:30:00,PT5M,7.415,13.4175,10.5742,4.2558,1.4125
73,72,42,66,25,0.14,90.5,0.8,239,2026-10-03 06:35:00,PT5M,9.875,17.547,13.9128,5.8372,2.203
88,87,69,74,25,0.14,89.9,0.8,238,2026-10-03 06:40:00,PT5M,12.663,22.069,17.6134,7.7126,3.257
103,102,97,82,25,0.14,89.4,0.8,236,2026-10-03 06:45:00,PT5M,15.785,26.9475,21.6599,9.9101,4.6225
120,119,125,90,25,0.14,88.8,0.8,234,2026-10-03 06:50:00,PT5M,19.177,32.1255,25.9919,12.3621,6.2285
137,136,153,98,25,0.14,88.2,0.8,233,2026-10-03 06:55:00,PT5M,22.769,37.5755,30.5618,14.9762,7.9625
155,153,177,105,25,0.14,87.6,0.8,231,2026-10-03 07:00:00,PT5M,26.496,43.266,35.3222,17.6698,9.726
172,170,198,113,25,0.14,87.1,0.8,229,2026-10-03 07:05:00,PT5M,30.192,49.013,40.0976,20.2864,11.371
189,187,217,120,25,0.14,86.5,0.8,228,2026-10-03 07:10:00,PT5M,34.037,54.9555,45.0466,23.0274,13.1185
207,205,237,126,25,0.14,86.0,0.8,226,2026-10-03 07:15:00,PT5M,37.99,61.032,50.1172,25.8628,14.948
225,222,255,133,26,0.14,85.4,0.8,224,2026-10-03 07:20:00,PT5M,42.006,67.2345,55.2839,28.7281,16.7775
243,240,273,139,26,0.14,84.9,0.8,222,2026-10-03 07:25:00,PT5M,46.09,73.461,60.4956,31.6844,18.719
262,258,290,145,26,0.14,84.3,0.8,221,2026-10-03 07:30:00,PT5M,50.237,79.759,65.7746,34.6994,20.715
280,277,307,151,26,0.14,83.8,0.8,219,2026-10-03 07:35:00,PT5M,54.451,86.1565,71.1378,37.7642,22.7455
299,295,323,156,26,0.14,83.2,0.8,217,2026-10-03 07:40:00,PT5M,58.786,92.8085,76.6923,40.8797,24.7635
317,313,340,161,26,0.14,82.7,0.8,215,2026-10-03 07:45:00,PT5M,61.461,96.1855,79.7368,43.1852,26.7365
336,332,356,165,26,0.14,82.2,0.8,213,2026-10-03 07:50:00,PT5M,64.046,99.415,82.661,45.431,28.677
355,351,372,170,26,0.14,81.7,0.7,211,2026-10-03 07:55:00,PT5M,66.494,100.0,85.4168,47.5712,30.54
374,369,387,174,26,0.14,81.1,0.7,209,2026-10-03 08:00:00,PT5M,68.884,100.0,88.0808,49.6872,32.4095
393,388,402,177,27,0.14,80.6,0.7,207,2026-10-03 08:05:00,PT5M,71.127,100.0,90.558,51.696,34.2075
412,407,416,181,27,0.14,80.1,0.7,205,2026-10-03 08:10:00,PT5M,73.212,100.0,92.8267,53.5973,35.9435
431,425,430,184,27,0.14,79.6,0.7,203,2026-10-03 08:15:00,PT5M,75.16,100.0,94.9118,55.4082,37.631
449,443,443,187,27,0.14,79.1,0.7,201,2026-10-03 08:20:00,PT5M,76.96,100.0,96.7944,57.1256,39.274
468,462,456,190,27,0.14,78.6,0.7,199,2026-10-03 08:25:00,PT5M,78.626,100.0,98.5007,58.7513,40.8635
486,480,468,193,27,0.14,78.1,0.7,197,2026-10-03 08:30:00,PT5M,80.206,100.0,100.0,60.3155,42.4135
503,497,477,197,27,0.14,77.6,0.7,195,2026-10-03 08:35:00,PT5M,81.398,100.0,100.0,61.4862,43.565
518,512,481,201,27,0.14,77.1,0.7,194,2026-10-03 08:40:00,PT5M,82.217,100.0,100.0,62.2731,44.323
533,527,484,206,27,0.14,76.6,0.8,192,2026-10-03 08:45:00,PT5M,82.981,100.0,100.0,63.0134,45.042
548,541,488,211,28,0.14,76.1,0.8,191,2026-10-03 08:50:00,PT5M,83.704,100.0,100.0,63.7217,45.737
562,555,491,215,28,0.14,75.7,0.8,189,2026-10-03 08:55:00,PT5M,84.387,100.0,100.0,64.3984,46.408
576,569,493,220,28,0.14,75.2,0.8,188,2026-10-03 09:00:00,PT5M,85.042,100.0,100.0,65.0276,47.014
591,583,498,224,28,0.14,74.7,0.8,186,2026-10-03 09:05:00,PT5M,85.779,100.0,100.0,65.8254,47.8665
605,597,502,227,28,0.14,74.2,0.8,185,2026-10-03 09:10:00,PT5M,86.48,100.0,100.0,66.6966,48.891
618,611,505,231,28,0.14,73.8,0.8,184,2026-10-03 09:15:00,PT5M,87.147,100.0,100.0,67.5307,49.8755
631,624,509,235,28,0.14,73.3,0.9,183,2026-10-03 09:20:00,PT5M,87.782,100.0,100.0,68.3297,50.822
644,637,512,238,28,0.14,72.8,0.9,182,2026-10-03 09:25:00,PT5M,88.385,100.0,100.0,69.0929,51.7295
657,649,515,241,28,0.14,72.4,0.9,181,2026-10-03 09:30:00,PT5M,88.959,100.0,100.0,69.8241,52.602
670,662,519,244,29,0.14,71.9,0.9,179,2026-10-03 09:35:00,PT5M,89.574,100.0,100.0,70.6009,53.5245
683,675,524,247,29,0.14,71.4,0.9,178,2026-10-03 09:40:00,PT5M,90.229,100.0,100.0,71.4233,54.4975
695,687,528,249,29,0.14,70.9,0.9,176,2026-10-03 09:45:00,PT5M,90.808,100.0,100.0,72.1636,55.383
706,698,532,251,29,0.14,70.5,0.9,175,2026-10-03 09:50:00,PT5M,91.348,100.0,100.0,72.8604,56.221
718,709,535,254,29,0.14,70.0,0.9,173,2026-10-03 09:55:00,PT5M,91.863,100.0,100.0,73.5283,57.0265
729,720,539,256,29,0.14,69.5,1.0,172,2026-10-03 10:00:00,PT5M,92.342,100.0,100.0,74.1541,57.7845
739,731,542,258,29,0.14,69.0,1.0,170,2026-10-03 10:05:00,PT5M,92.809,100.0,100.0,74.7646,58.524
749,741,546,260,29,0.14,68.6,1.0,169,2026-10-03 10:10:00,PT5M,93.26,100.0,100.0,75.3553,59.2405
759,751,549,261,29,0.14,68.1,1.0,168,2026-10-03 10:15:00,PT5M,93.683,100.0,100.0,75.9141,59.9215
769,760,553,262,29,0.14,67.7,1.0,166,2026-10-03 10:20:00,PT5M,94.08,100.0,100.0,76.4427,60.5685
778,769,556,264,30,0.14,67.2,1.0,165,2026-10-03 10:25:00,PT5M,94.452,100.0,100.0,76.9426,61.1835
786,777,559,265,30,0.14,66.7,1.0,164,2026-10-03 10:30:00,PT5M,94.804,100.0,100.0,77.419,61.772
794,785,561,266,30,0.14,66.3,1.1,163,2026-10-03 10:35:00,PT5M,95.069,100.0,100.0,77.7945,62.247
801,792,562,268,30,0.14,65.9,1.1,162,2026-10-03 10:40:00,PT5M,95.247,100.0,100.0,78.0678,62.606
807,798,563,270,30,0.14,65.5,1.1,161,2026-10-03 10:45:00,PT5M,95.4,100.0,100.0,78.3103,62.929
812,803,563,272,30,0.14,65.1,1.1,160,2026-10-03 10:50:00,PT5M,95.526,100.0,100.0,78.5181,63.2105
818,809,563,273,30,0.14,64.7,1.2,159,2026-10-03 10:55:00,PT5M,95.617,100.0,100.0,78.6728,63.4225
823,813,563,275,30,0.14,64.3,1.2,158,2026-10-03 11:00:00,PT5M,95.691,100.0,100.0,78.8094,63.6155
827,818,563,277,30,0.14,63.9,1.2,157,2026-10-03 11:05:00,PT5M,95.747,100.0,100.0,78.9349,63.8035
830,821,562,278,31,0.14,63.5,1.2,157,2026-10-03 11:10:00,PT5M,95.775,100.0,100.0,79.0271,63.9535
834,824,562,280,31,0.14,63.1,1.3,156,2026-10-03 11:15:00,PT5M,95.773,100.0,100.0,79.0749,64.046
836,827,561,282,31,0.14,62.7,1.3,155,2026-10-03 11:20:00,PT5M,95.749,100.0,100.0,79.0937,64.1035
839,829,559,283,31,0.14,62.3,1.3,154,2026-10-03 11:25:00,PT5M,95.702,100.0,100.0,79.0836,64.1265
840,831,558,285,31,0.14,61.9,1.3,154,2026-10-03 11:30:00,PT5M,95.634,100.0,100.0,79.0472,64.1185
839,830,552,288,31,0.14,61.9,1.3,154,2026-10-03 11:35:00,PT5M,95.337,100.0,100.0,78.722,63.768
835,826,542,294,31,0.14,62.2,1.3,155,2026-10-03 11:40:00,PT5M,94.814,100.0,100.0,78.1106,63.077
831,822,531,300,31,0.14,62.6,1.2,156,2026-10-03 11:45:00,PT5M,94.321,100.0,100.0,77.5231,62.4045
826,817,521,305,31,0.14,62.9,1.2,158,2026-10-03 11:50:00,PT5M,93.748,100.0,100.0,76.8493,61.64
820,812,510,310,31,0.14,63.2,1.2,159,2026-10-03 11:55:00,PT5M,93.149,100.0,100.0,76.1438,60.8385
815,806,499,315,31,0.14,63.6,1.1,161,2026-10-03 12:00:00,PT5M,92.629,100.0,100.0,75.5111,60.1045
808,800,488,320,31,0.14,63.9,1.1,162,2026-10-03 12:05:00,PT5M,92.088,100.0,100.0,74.8512,59.3375
801,793,477,325,30,0.14,64.2,1.1,164,2026-10-03 12:10:00,PT5M,91.512,100.0,100.0,74.1504,58.5245
794,786,465,329,30,0.14,64.6,1.0,166,2026-10-03 12:15:00,PT5M,90.907,100.0,100.0,73.4157,57.673
786,778,454,334,30,0.14,64.9,1.0,168,2026-10-03 12:20:00,PT5M,90.274,100.0,100.0,72.6482,56.7845
777,770,443,338,30,0.14,65.3,1.0,170,2026-10-03 12:25:00,PT5M,89.611,100.0,100.0,71.8466,55.858
769,762,431,342,30,0.14,65.6,0.9,172,2026-10-03 12:30:00,PT5M,88.919,100.0,100.0,71.0127,54.8965
760,753,420,345,30,0.14,66.0,0.9,175,2026-10-03 12:35:00,PT5M,88.198,100.0,100.0,70.1462,53.899
750,744,409,349,30,0.14,66.5,0.9,177,2026-10-03 12:40:00,PT5M,87.448,100.0,100.0,69.247,52.8655
740,734,398,351,30,0.14,66.9,0.8,179,2026-10-03 12:45:00,PT5M,86.653,100.0,100.0,68.2928,51.768
730,724,387,354,30,0.14,67.4,0.8,181,2026-10-03 12:50:00,PT5M,85.822,100.0,100.0,67.2981,50.626
720,714,376,356,30,0.14,67.8,0.8,184,2026-10-03 12:55:00,PT5M,84.974,100.0,100.0,66.293,49.4795
709,703,365,358,30,0.14,68.3,0.8,186,2026-10-03 13:00:00,PT5M,84.11,100.0,100.0,65.2787,48.33
698,692,354,360,30,0.14,68.8,0.7,189,2026-10-03 13:05:00,PT5M,83.151,100.0,100.0,64.1553,47.0585
687,681,344,361,29,0.14,69.2,0.7,192,2026-10-03 13:10:00,PT5M,82.201,100.0,100.0,63.0374,45.7895
675,670,334,361,29,0.14,69.7,0.7,195,2026-10-03 13:15:00,PT5M,81.213,100.0,100.0,61.8788,44.4775
664,659,324,362,29,0.14,70.2,0.7,198,2026-10-03 13:20:00,PT5M,80.19,100.0,99.696,60.684,43.128
652,647,314,362,29,0.14,70.7,0.7,201,2026-10-03 13:25:00,PT5M,79.132,100.0,98.8104,59.4536,41.7425
639,635,304,361,29,0.14,71.1,0.7,205,2026-10-03 13:30:00,PT5M,78.043,100.0,97.894,58.192,40.3255
626,622,292,361,29,0.14,71.6,0.7,208,2026-10-03 13:35:00,PT5M,76.801,100.0,96.8522,56.7498,38.703
612,608,280,361,29,0.14,72.0,0.7,212,2026-10-03 13:40:00,PT5M,75.399,100.0,95.6768,55.1212,36.8705
597,593,267,360,29,0.14,72.4,0.7,215,2026-10-03 13:45:00,PT5M,73.959,100.0,94.4618,53.4562,35.003
582,579,255,359,29,0.14,72.9,0.7,219,2026-10-03 13:50:00,PT5M,72.48,100.0,93.2062,51.7538,33.0995
568,564,242,358,29,0.14,73.3,0.7,223,2026-10-03 13:55:00,PT5M,70.962,100.0,91.9098,50.0142,31.1605
553,550,231,356,29,0.14,73.7,0.7,226,2026-10-03 14:00:00,PT5M,69.402,100.0,90.5703,48.2337,29.1815
538,535,219,353,29,0.14,74.2,0.7,230,2026-10-03 14:05:00,PT5M,67.803,100.0,89.19,46.416,27.167
523,520,207,351,28,0.14,74.6,0.7,233,2026-10-03 14:10:00,PT5M,66.155,100.0,87.7583,44.5517,25.108
507,505,195,348,28,0.14,75.0,0.7,236,2026-10-03 14:15:00,PT5M,64.441,100.0,86.2593,42.6227,22.9855
492,490,184,344,28,0.14,75.5,0.7,240,2026-10-03 14:20:00,PT5M,62.691,100.0,84.7209,40.6611,20.8335
477,475,172,340,28,0.14,75.9,0.7,243,2026-10-03 14:25:00,PT5M,60.907,100.0,83.1448,38.6692,18.6545
461,459,161,336,28,0.14,76.4,0.8,245,2026-10-03 14:30:00,PT5M,59.089,100.0,81.5344,36.6436,16.442
448,446,154,331,28,0.14,76.8,0.8,248,2026-10-03 14:35:00,PT5M,57.599,100.0,80.2034,34.9946,14.65
437,435,149,325,28,0.14,77.3,0.8,251,2026-10-03 14:40:00,PT5M,56.439,99.5865,79.1478,33.7302,13.2915
426,424,145,319,28,0.14,77.7,0.8,253,2026-10-03 14:45:00,PT5M,55.244,98.5925,78.0586,32.4294,11.8955
414,413,141,312,28,0.14,78.2,0.8,255,2026-10-03 14:50:00,PT5M,54.015,97.307,76.7999,31.2301,10.723
403,401,137,306,28,0.14,78.6,0.9,258,2026-10-03 14:55:00,PT5M,52.816,95.9325,75.5085,30.1235,9.6995
391,390,133,299,28,0.14,79.1,0.9,260,2026-10-03 15:00:00,PT5M,51.6,94.573,74.217,28.983,8.627
379,378,129,293,28,0.14,79.6,0.9,261,2026-10-03 15:05:00,PT5M,50.276,93.0505,72.7885,27.7635,7.5015
367,366,123,287,27,0.14,80.0,1.0,263,2026-10-03 15:10:00,PT5M,48.834,91.3475,71.2092,26.4588,6.3205
355,354,117,280,27,0.14,80.5,1.0,265,2026-10-03 15:15:00,PT5M,47.33,89.5545,69.5531,25.1069,5.1055
342,341,111,273,27,0.14,81.0,1.0,266,2026-10-03 15:20:00,PT5M,45.997,87.8965,68.049,23.945,4.0975
330,329,104,266,27,0.14,81.5,1.1,268,2026-10-03 15:25:00,PT5M,44.378,85.9055,66.2342,22.5218,2.8505
317,316,98,259,27,0.14,81.9,1.1,269,2026-10-03 15:30:00,PT5M,42.697,83.8,64.3298,21.0642,1.594
304,304,92,252,27,0.14,82.4,1.1,270,2026-10-03 15:35:00,PT5M,41.022,81.635,62.3969,19.6471,0.409
292,291,85,244,27,0.14,83.0,1.2,271,2026-10-03 15:40:00,PT5M,39.369,79.388,60.4313,18.3067,0.0
279,278,79,237,27,0.14,83.5,1.2,272,2026-10-03 15:45:00,PT5M,37.645,76.9735,58.3439,16.9461,0.0
266,266,73,229,27,0.14,84.0,1.2,273,2026-10-03 15:50:00,PT5M,35.849,74.396,56.1366,15.5614,0.0
253,253,66,221,27,0.14,84.6,1.3,273,2026-10-03 15:55:00,PT5M,33.984,71.667,53.8168,14.1512,0.0
240,240,59,212,27,0.14,85.1,1.3,274,2026-10-03 16:00:00,PT5M,32.049,68.794,51.3882,12.7098,0.0
227,227,52,203,27,0.14,85.7,1.4,275,2026-10-03 16:05:00,PT5M,30.148,65.952,48.9919,11.3041,0.0
214,214,46,194,26,0.14,86.2,1.4,275,2026-10-03 16:10:00,PT5M,28.29,63.1275,46.6252,9.9548,0.0
202,202,40,185,26,0.14,86.8,1.5,276,2026-10-03 16:15:00,PT5M,26.541,59.285,43.7744,9.3076,0.0
189,189,34,176,26,0.14,87.3,1.5,276,2026-10-03 16:20:00,PT5M,24.682,55.114,40.6986,8.6654,0.0
177,177,28,166,26,0.14,87.9,1.5,276,2026-10-03 16:25:00,PT5M,22.962,51.1255,37.7847,8.1393,0.0
164,164,21,157,26,0.14,88.5,1.6,277,2026-10-03 16:30:00,PT5M,21.001,46.9265,34.6458,7.3562,0.0
151,152,14,147,26,0.14,89.0,1.6,277,2026-10-03 16:35:00,PT5M,19.08,42.781,31.554,6.606,0.0
139,139,7,137,26,0.14,89.6,1.7,278,2026-10-03 16:40:00,PT5M,17.175,38.658,28.4817,5.8683,0.0
127,127,0,127,26,0.14,90.1,1.7,279,2026-10-03 16:45:00,PT5M,15.315,34.612,25.4711,5.1589,0.0
115,115,0,115,26,0.14,90.6,1.7,280,2026-10-03 16:50:00,PT5M,13.851,31.0125,22.8832,4.8188,0.0
103,103,0,103,26,0.14,91.2,1.8,280,2026-10-03 16:55:00,PT5M,12.375,27.484,20.327,4.423,0.0
90,91,0,91,26,0.14,91.7,1.8,281,2026-10-03 17:00:00,PT5M,10.897,24.0685,17.8293,3.9647,0.0
79,79,0,79,26,0.14,92.3,1.9,281,2026-10-03 17:05:00,PT5M,9.406,20.7315,15.3667,3.4453,0.0
67,67,0,67,25,0.14,92.8,1.9,282,2026-10-03 17:10:00,PT5M,7.928,17.4625,12.9461,2.9099,0.0
56,57,0,57,25,0.14,93.4,1.9,282,2026-10-03 17:15:00,PT5M,6.616,14.4165,10.7215,2.5105,0.0
46,46,0,46,25,0.14,93.9,2.0,283,2026-10-03 17:20:00,PT5M,5.369,11.4785,8.5845,2.1535,0.0
37,37,0,37,25,0.14,94.5,2.0,283,2026-10-03 17:25:00,PT5M,4.12,8.705,6.5331,1.7069,0.0
29,29,0,29,25,0.14,95.0,2.0,284,2026-10-03 17:30:00,PT5M,3.038,6.3235,4.7672,1.3088,0.0
21,21,0,21,25,0.14,95.3,2.1,284,2026-10-03 17:35:00,PT5M,2.091,4.2925,3.2497,0.9323,0.0
14,14,0,14,25,0.14,95.3,2.0,284,2026-10-03 17:40:00,PT5M,1.21,2.451,1.8631,0.5569,0.0
8,8,0,8,25,0.14,95.3,2.0,284,2026-10-03 17:45:00,PT5M,0.402,0.9485,0.6896,0.1144,0.0
3,3,0,3,25,0.14,95.3,2.0,283,2026-10-03 17:50:00,PT5M,0.0,0.0,0.0,0.0,0.0
0,0,0,0,25,0.14,95.3,2.0,283,2026-10-03 17:55:00,PT5M,0.0,0.0,0.0,0.0,0.0
0,0,0,0,25,0.14,95.3,2.0,283,2026-10-03 18:00:00,PT5M,0.0,0.0,0.0,0.0,0.0
0,0,0,0,25,0.14,95.3,2.0,283,2026-10-03 18:05:00,PT5M,0.0,0.0,0.0,0.0,0.0
0,0,0,0,25,0.14,95.3,2.0,283,2026-10-03 18:10:00,PT5M,0.0,0.0,0.0,0.0,0.0
0,0,0,0,25,0.14,95.3,2.0,283,2026-10-03 18:15:00,PT5M,0.0,0.0,0.0,0.0,0.0
0,0,0,0,25,0.14,95.3,2.0,282,2026-10-03 18:20:00,PT5M,0.0,0.0,0.0,0.0,0.0
0,0,0,0,25,0.14,95.3,2.0,282,2026-10-03 18:25:00,PT5M,0.0,0.0,0.0,0.0,0.0
0,0,0,0,25,0.14,95.3,1.9,282,2026-10-03 18:30:00,PT5M,0.0,0.0,0.0,0.0,0.0
0,0,0,0,25,0.14,95.3,1.9,282,2026-10-03 18:35:00,PT5M,0.0,0.0,0.0,0.0,0.0
0,0,0,0,25,0.14,95.3,1.9,281,2026-10-03 18:40:00,PT5M,0.0,0.0,0.0,0.0,0.0
0,0,0,0,25,0.14,95.3,1.9,281,2026-10-03 18:45:00,PT5M,0.0,0.0,0.0,0.0,0.0
0,0,0,0,25,0.14,95.3,1.9,280,2026-10-03 18:50:00,PT5M,0.0,0.0,0.0,0.0,0.0
0,0,0,0,25,0.14,95.3,1.9,280,2026-10-03 18:55:00,PT5M,0.0,0.0,0.0,0.0,0.0
0,0,0,0,25,0.14,95.3,1.9,279,2026-10-03 19:00:00,PT5M,0.0,0.0,0.0,0.0,0.0
0,0,0,0,25,0.14,95.3,1.9,279,2026-10-03 19:05:00,PT5M,0.0,0.0,0.0,0.0,0.0
0,0,0,0,25,0.14,95.3,1.9,279,2026-10-03 19:10:00,PT5M,0.0,0.0,0.0,0.0,0.0
0,0,0,0,25,0.14,95.3,1.8,278,2026-10-03 19:15:00,PT5M,0.0,0.0,0.0,0.0,0.0
0,0,0,0,25,0.14,95.3,1.8,278,2026-10-03 19:20:00,PT5M,0.0,0.0,0.0,0.0,0.0
0,0,0,0,25,0.14,95.3,1.8,277,2026-10-03 19:25:00,PT5M,0.0,0.0,0.0,0.0,0.0
0,0,0,0,25,0.14,95.3,1.8,277,2026-10-03 19:30:00,PT5M,0.0,0.0,0.0,0.0,0.0
0,0,0,0,25,0.14,95.3,1.8,276,2026-10-03 19:35:00,PT5M,0.0,0.0,0.0,0.0,0.0
0,0,0,0,25,0.14,95.4,1.8,276,2026-10-03 19:40:00,PT5M,0.0,0.0,0.0,0.0,0.0
0,0,0,0,25,0.14,95.4,1.8,276,2026-10-03 19:45:00,PT5M,0.0,0.0,0.0,0.0,0.0
0,0,0,0,25,0.14,95.5,1.8,276,2026-10-03 19:50:00,PT5M,0.0,0.0,0.0,0.0,0.0
0,0,0,0,25,0.14,95.5,1.8,275,2026-10-03 19:55:00,PT5M,0.0,0.0,0.0,0.0,0.0
0,0,0,0,25,0.14,95.6,1.8,275,2026-10-03 20:00:00,PT5M,0.0,0.0,0.0,0.0,0.0
0,0,0,0,25,0.14,95.6,1.8,275,2026-10-03 20:05:00,PT5M,0.0,0.0,0.0,0.0,0.0
0,0,0,0,25,0.14,95.7,1.7,275,2026-10-03 20:10:00,PT5M,0.0,0.0,0.0,0.0,0.0
0,0,0,0,25,0.14,95.7,1.7,274,2026-10-03 20:15:00,PT5M,0.0,0.0,0.0,0.0,0.0
0,0,0,0,24,0.14,95.8,1.7,274,2026-10-03 20:20:00,PT5M,0.0,0.0,0.0,0.0,0.0
0,0,0,0,24,0.14,95.8,1.7,274,2026-10-03 20:25:00,PT5M,0.0,0.0,0.0,0.0,0.0
0,0,0,0,24,0.14,95.9,1.7,273,2026-10-03 20:30:00,PT5M,0.0,0.0,0.0,0.0,0.0
0,0,0,0,24,0.14,95.9,1.7,273,2026-10-03 20:35:00,PT5M,0.0,0.0,0.0,0.0,0.0
0,0,0,0,24,0.14,95.9,1.7,273,2026-10-03 20:40:00,PT5M,0.0,0.0,0.0,0.0,0.0
0,0,0,0,24,0.14,95.9,1.7,272,2026-10-03 20:45:00,PT5M,0.0,0.0,0.0,0.0,0.0
0,0,0,0,24,0.14,95.9,1.7,271,2026-10-03 20:50:00,PT5M,0.0,0.0,0.0,0.0,0.0
0,0,0,0,24,0.14,95.9,1.7,271,2026-10-03 20:55:00,PT5M,0.0,0.0,0.0,0.0,0.0
0,0,0,0,24,0.14,95.9,1.7,270,2026-10-03 21:00:00,PT5M,0.0,0.0,0.0,0.0,0.0
0,0,0,0,24,0.14,95.9,1.6,270,2026-10-03 21:05:00,PT5M,0.0,0.0,0.0,0.0,0.0
0,0,0,0,24,0.14,95.9,1.6,269,2026-10-03 21:10:00,PT5M,0.0,0.0,0.0,0.0,0.0
0,0,0,0,24,0.14,95.9,1.6,269,2026-10-03 21:15:00,PT5M,0.0,0.0,0.0,0.0,0.0
0,0,0,0,24,0.14,95.9,1.6,268,2026-10-03 21:20:00,PT5M,0.0,0.0,0.0,0.0,0.0
0,0,0,0,24,0.14,95.9,1.6,267,2026-10-03 21:25:00,PT5M,0.0,0.0,0.0,0.0,0.0
0,0,0,0,24,0.14,95.9,1.6,267,2026-10-03 21:30:00,PT5M,0.0,0.0,0.0,0.0,0.0
0,0,0,0,24,0.14,95.9,1.6,266,2026-10-03 21:35:00,PT5M,0.0,0.0,0.0,0.0,0.0
0,0,0,0,24,0.14,95.9,1.6,266,2026-10-03 21:40:00,PT5M,0.0,0.0,0.0,0.0,0.0
0,0,0,0,24,0.14,95.9,1.6,266,2026-10-03 21:45:00,PT5M,0.0,0.0,0.0,0.0,0.0
0,0,0,0,24,0.14,95.9,1.6,265,2026-10-03 21:50:00,PT5M,0.0,0.0,0.0,0.0,0.0
0,0,0,0,24,0.14,95.9,1.6,265,2026-10-03 21:55:00,PT5M,0.0,0.0,0.0,0.0,0.0
0,0,0,0,24,0.14,95.9,1.6,265,2026-10-03 22:00:00,PT5M,0.0,0.0,0.0,0.0,0.0
0,0,0,0,24,0.14,95.9,1.6,264,2026-10-03 22:05:00,PT5M,0.0,0.0,0.0,0.0,0.0
0,0,0,0,24,0.14,95.9,1.5,264,2026-10-03 22:10:00,PT5M,0.0,0.0,0.0,0.0,0.0
0,0,0,0,24,0.14,95.9,1.5,264,2026-10-03 22:15:00,PT5M,0.0,0.0,0.0,0.0,0.0
0,0,0,0,24,0.14,95.9,1.5,263,2026-10-03 22:20:00,PT5M,0.0,0.0,0.0,0.0,0.0
0,0,0,0,24,0.14,95.9,1.5,263,2026-10-03 22:25:00,PT5M,0.0,0.0,0.0,0.0,0.0
0,0,0,0,24,0.14,95.9,1.5,263,2026-10-03 22:30:00,PT5M,0.0,0.0,0.0,0.0,0.0
0,0,0,0,24,0.14,95.9,1.5,262,2026-10-03 22:35:00,PT5M,0.0,0.0,0.0,0.0,0.0
0,0,0,0,24,0.14,95.9,1.5,262,2026-10-03 22:40:00,PT5M,0.0,0.0,0.0,0.0,0.0
0,0,0,0,24,0.14,95.9,1.5,262,2026-10-03 22:45:00,PT5M,0.0,0.0,0.0,0.0,0.0
0,0,0,0,24,0.14,95.9,1.5,261,2026-10-03 22:50:00,PT5M,0.0,0.0,0.0,0.0,0.0
0,0,0,0,24,0.14,95.9,1.5,261,2026-10-03 22:55:00,PT5M,0.0,0.0,0.0,0.0,0.0
0,0,0,0,24,0.14,95.9,1.5,260,2026-10-03 23:00:00,PT5M,0.0,0.0,0.0,0.0,0.0
0,0,0,0,24,0.14,95.9,1.5,260,2026-10-03 23:05:00,PT5M,0.0,0.0,0.0,0.0,0.0
0,0,0,0,24,0.14,95.9,1.5,260,2026-10-03 23:10:00,PT5M,0.0,0.0,0.0,0.0,0.0
0,0,0,0,24,0.14,95.9,1.5,259,2026-10-03 23:15:00,PT5M,0.0,0.0,0.0,0.0,0.0
0,0,0,0,24,0.14,95.9,1.4,259,2026-10-03 23:20:00,PT5M,0.0,0.0,0.0,0.0,0.0
0,0,0,0,24,0.14,95.9,1.4,258,2026-10-03 23:25:00,PT5M,0.0,0.0,0.0,0.0,0.0
0,0,0,0,24,0.14,95.9,1.4,258,2026-10-03 23:30:00,PT5M,0.0,0.0,0.0,0.0,0.0
0,0,0,0,24,0.14,95.9,1.4,258,2026-10-03 23:35:00,PT5M,0.0,0.0,0.0,0.0,0.0
0,0,0,0,24,0.14,95.9,1.4,258,2026-10-03 23:40:00,PT5M,0.0,0.0,0.0,0.0,0.0
0,0,0,0,24,0.14,96.0,1.4,259,2026-10-03 23:45:00,PT5M,0.0,0.0,0.0,0.0,0.0
0,0,0,0,24,0.14,96.0,1.4,259,2026-10-03 23:50:00,PT5M,0.0,0.0,0.0,0.0,0.0
0,0,0,0,24,0.14,96.1,1.4,259,2026-10-03 23:55:00,PT5M,0.0,0.0,0.0,0.0,0.0
0,0,0,0,24,0.14,96.1,1.4,259,2026-10-04 00:00:00,PT5M,0.0,0.0,0.0,0.0,0.0
0,0,0,0,24,0.14,96.2,1.4,260,2026-10-04 00:05:00,PT5M,0.0,0.0,0.0,0.0,0.0
0,0,0,0,24,0.14,96.2,1.4,260,2026-10-04 00:10:00,PT5M,0.0,0.0,0.0,0.0,0.0
0,0,0,0,24,0.14,96.3,1.3,260,2026-10-04 00:15:00,PT5M,0.0,0.0,0.0,0.0,0.0
0,0,0,0,24,0.14,96.3,1.3,261,2026-10-04 00:20:00,PT5M,0.0,0.0,0.0,0.0,0.0
0,0,0,0,24,0.14,96.4,1.3,261,2026-10-04 00:25:00,PT5M,0.0,0.0,0.0,0.0,0.0
0,0,0,0,24,0.14,96.4,1.3,261,2026-10-04 00:30:00,PT5M,0.0,0.0,0.0,0.0,0.0
0,0,0,0,24,0.14,96.4,1.3,261,2026-10-04 00:35:00,PT5M,0.0,0.0,0.0,0.0,0.0
0,0,0,0,24,0.14,96.4,1.3,261,2026-10-04 00:40:00,PT5M,0.0,0.0,0.0,0.0,0.0
0,0,0,0,24,0.14,96.3,1.3,261,2026-10-04 00:45:00,PT5M,0.0,0.0,0.0,0.0,0.0
0,0,0,0,24,0.14,96.3,1.3,261,2026-10-04 00:50:00,PT5M,0.0,0.0,0.0,0.0,0.0
0,0,0,0,24,0.14,96.2,1.3,261,2026-10-04 00:55:00,PT5M,0.0,0.0,0.0,0.0,0.0
0,0,0,0,24,0.14,96.2,1.3,261,2026-10-04 01:00:00,PT5M,0.0,0.0,0.0,0.0,0.0
0,0,0,0,24,0.14,96.1,1.3,261,2026-10-04 01:05:00,PT5M,0.0,0.0,0.0,0.0,0.0
0,0,0,0,24,0.14,96.1,1.3,261,2026-10-04 01:10:00,PT5M,0.0,0.0,0.0,0.0,0.0
0,0,0,0,24,0.14,96.0,1.2,261,2026-10-04 01:15:00,PT5M,0.0,0.0,0.0,0.0,0.0
0,0,0,0,24,0.14,96.0,1.2,261,2026-10-04 01:20:00,PT5M,0.0,0.0,0.0,0.0,0.0
0,0,0,0,24,0.14,95.9,1.2,261,2026-10-04 01:25:00,PT5M,0.0,0.0,0.0,0.0,0.0
0,0,0,0,24,0.14,95.9,1.2,261,2026-10-04 01:30:00,PT5M,0.0,0.0,0.0,0.0,0.0
0,0,0,0,24,0.14,95.8,1.2,261,2026-10-04 01:35:00,PT5M,0.0,0.0,0.0,0.0,0.0
0,0,0,0,24,0.14,95.8,1.2,260,2026-10-04 01:40:00,PT5M,0.0,0.0,0.0,0.0,0.0
0,0,0,0,24,0.14,95.7,1.2,260,2026-10-04 01:45:00,PT5M,0.0,0.0,0.0,0.0,0.0
0,0,0,0,24,0.14,95.7,1.2,260,2026-10-04 01:50:00,PT5M,0.0,0.0,0.0,0.0,0.0
0,0,0,0,24,0.14,95.6,1.2,260,2026-10-04 01:55:00,PT5M,0.0,0.0,0.0,0.0,0.0
0,0,0,0,24,0.14,95.6,1.2,260,2026-10-04 02:00:00,PT5M,0.0,0.0,0.0,0.0,0.0
0,0,0,0,24,0.14,95.5,1.2,260,2026-10-04 02:05:00,PT5M,0.0,0.0,0.0,0.0,0.0
0,0,0,0,24,0.14,95.5,1.2,260,2026-10-04 02:10:00,PT5M,0.0,0.0,0.0,0.0,0.0
0,0,0,0,24,0.14,95.5,1.1,260,2026-10-04 02:15:00,PT5M,0.0,0.0,0.0,0.0,0.0
0,0,0,0,24,0.14,95.4,1.1,260,2026-10-04 02:20:00,PT5M,0.0,0.0,0.0,0.0,0.0
0,0,0,0,24,0.14,95.4,1.1,260,2026-10-04 02:25:00,PT5M,0.0,0.0,0.0,0.0,0.0
0,0,0,0,24,0.14,95.3,1.1,260,2026-10-04 02:30:00,PT5M,0.0,0.0,0.0,0.0,0.0
0,0,0,0,24,0.14,95.3,1.1,260,2026-10-04 02:35:00,PT5M,0.0,0.0,0.0,0.0,0.0
0,0,0,0,24,0.14,95.4,1.1,260,2026-10-04 02:40:00,PT5M,0.0,0.0,0.0,0.0,0.0
0,0,0,0,24,0.14,95.4,1.1,260,2026-10-04 02:45:00,PT5M,0.0,0.0,0.0,0.0,0.0
0,0,0,0,24,0.14,95.5,1.1,259,2026-10-04 02:50:00,PT5M,0.0,0.0,0.0,0.0,0.0
0,0,0,0,24,0.14,95.5,1.1,259,2026-10-04 02:55:00,PT5M,0.0,0.0,0.0,0.0,0.0
0,0,0,0,24,0.14,95.5,1.1,259,2026-10-04 03:00:00,PT5M,0.0,0.0,0.0,0.0,0.0
0,0,0,0,24,0.14,95.6,1.1,259,2026-10-04 03:05:00,PT5M,0.0,0.0,0.0,0.0,0.0
0,0,0,0,24,0.14,95.6,1.1,259,2026-10-04 03:10:00,PT5M,0.0,0.0,0.0,0.0,0.0
0,0,0,0,24,0.14,95.7,1.0,259,2026-10-04 03:15:00,PT5M,0.0,0.0,0.0,0.0,0.0
0,0,0,0,24,0.14,95.7,1.0,259,2026-10-04 03:20:00,PT5M,0.0,0.0,0.0,0.0,0.0
0,0,0,0,24,0.14,95.8,1.0,259,2026-10-04 03:25:00,PT5M,0.0,0.0,0.0,0.0,0.0
0,0,0,0,24,0.14,95.8,1.0,259,2026-10-04 03:30:00,PT5M,0.0,0.0,0.0,0.0,0.0
0,0,0,0,24,0.14,95.8,1.0,259,2026-10-04 03:35:00,PT5M,0.0,0.0,0.0,0.0,0.0
0,0,0,0,24,0.14,95.8,1.0,259,2026-10-04 03:40:00,PT5M,0.0,0.0,0.0,0.0,0.0
0,0,0,0,24,0.14,95.7,1.0,260,2026-10-04 03:45:00,PT5M,0.0,0.0,0.0,0.0,0.0
0,0,0,0,24,0.14,95.7,1.0,260,2026-10-04 03:50:00,PT5M,0.0,0.0,0.0,0.0,0.0
0,0,0,0,24,0.14,95.6,1.0,260,2026-10-04 03:55:00,PT5M,0.0,0.0,0.0,0.0,0.0
0,0,0,0,24,0.14,95.6,1.0,261,2026-10-04 04:00:00,PT5M,0.0,0.0,0.0,0.0,0.0
0,0,0,0,24,0.14,95.5,1.0,261,2026-10-04 04:05:00,PT5M,0.0,0.0,0.0,0.0,0.0
0,0,0,0,24,0.14,95.5,0.9,262,2026-10-04 04:10:00,PT5M,0.0,0.0,0.0,0.0,0.0
0,0,0,0,24,0.14,95.4,0.9,262,2026-10-04 04:15:00,PT5M,0.0,0.0,0.0,0.0,0.0
0,0,0,0,24,0.14,95.4,0.9,263,2026-10-04 04:20:00,PT5M,0.0,0.0,0.0,0.0,0.0
0,0,0,0,24,0.14,95.4,0.9,263,2026-10-04 04:25:00,PT5M,0.0,0.0,0.0,0.0,0.0
0,0,0,0,24,0.14,95.3,0.9,263,2026-10-04 04:30:00,PT5M,0.0,0.0,0.0,0.0,0.0
0,0,0,0,24,0.14,95.3,0.9,264,2026-10-04 04:35:00,PT5M,0.0,0.0,0.0,0.0,0.0
0,0,0,0,24,0.14,95.3,0.9,264,2026-10-04 04:40:00,PT5M,0.0,0.0,0.0,0.0,0.0
0,0,0,0,24,0.14,95.3,0.9,264,2026-10-04 04:45:00,PT5M,0.0,0.0,0.0,0.0,0.0
0,0,0,0,24,0.14,95.3,0.9,263,2026-10-04 04:50:00,PT5M,0.0,0.0,0.0,0.0,0.0
0,0,0,0,24,0.14,95.3,0.9,263,2026-10-04 04:55:00,PT5M,0.0,0.0,0.0,0.0,0.0
0,0,0,0,24,0.14,95.3,0.9,263,2026-10-04 05:00:00,PT5M,0.0,0.0,0.0,0.0,0.0
0,0,0,0,24,0.14,95.3,0.9,263,2026-10-04 05:05:00,PT5M,0.0,0.0,0.0,0.0,0.0
0,0,0,0,24,0.14,95.3,0.8,263,2026-10-04 05:10:00,PT5M,0.0,0.0,0.0,0.0,0.0
0,0,0,0,24,0.14,95.3,0.8,263,2026-10-04 05:15:00,PT5M,0.0,0.0,0.0,0.0,0.0
0,0,0,0,24,0.14,95.3,0.8,263,2026-10-04 05:20:00,PT5M,0.0,0.0,0.0,0.0,0.0
0,0,0,0,24,0.14,95.3,0.8,263,2026-10-04 05:25:00,PT5M,0.0,0.0,0.0,0.0,0.0
0,0,0,0,24,0.14,95.3,0.8,263,2026-10-04 05:30:00,PT5M,0.0,0.0,0.0,0.0,0.0
0,0,0,0,24,0.14,95.2,0.8,261,2026-10-04 05:35:00,PT5M,0.0,0.0,0.0,0.0,0.0
0,0,0,0,24,0.14,95.1,0.8,257,2026-10-04 05:40:00,PT5M,0.0,0.0,0.0,0.0,0.0
0,0,0,0,24,0.14,94.9,0.8,253,2026-10-04 05:45:00,PT5M,0.0,0.0,0.0,0.0,0.0
0,0,0,0,24,0.14,94.8,0.8,249,2026-10-04 05:50:00,PT5M,0.0,0.0,0.0,0.0,0.0
0,0,0,0,24,0.14,94.6,0.8,245,2026-10-04 05:55:00,PT5M,0.0,0.0,0.0,0.0,0.0
3,3,0,3,24,0.14,94.5,0.8,240,2026-10-04 06:00:00,PT5M,0.0,0.0,0.0,0.0,0.0
9,9,0,9,24,0.14,94.4,0.8,236,2026-10-04 06:05:00,PT5M,0.482,0.9665,0.737,0.227,0.0
16,16,0,16,24,0.14,94.2,0.8,232,2026-10-04 06:10:00,PT5M,1.424,2.607,2.0466,0.8014,0.241
24,24,0,24,24,0.14,94.1,0.8,228,2026-10-04 06:15:00,PT5M,2.461,4.5605,3.566,1.356,0.3615
33,33,0,33,24,0.14,93.9,0.8,224,2026-10-04 06:20:00,PT5M,3.592,6.827,5.2946,1.8894,0.357
43,43,0,43,24,0.14,93.8,0.8,221,2026-10-04 06:25:00,PT5M,4.879,9.439,7.279,2.479,0.319
54,54,0,54,24,0.14,93.7,0.8,217,2026-10-04 06:30:00,PT5M,6.409,12.574,9.6537,3.1643,0.244
66,67,0,67,24,0.14,93.5,0.9,214,2026-10-04 06:35:00,PT5M,7.971,15.8535,12.1196,3.8224,0.0885
80,80,21,76,24,0.14,93.4,0.9,210,2026-10-04 06:40:00,PT5M,10.264,19.94,15.3565,5.1715,0.588
95,94,44,85,24,0.14,93.2,0.9,207,2026-10-04 06:45:00,PT5M,12.959,24.4645,19.0144,6.9036,1.4535
110,109,68,94,24,0.14,93.1,1.0,204,2026-10-04 06:50:00,PT5M,15.913,29.288,22.9524,8.8736,2.538
126,125,91,102,24,0.14,93.0,1.0,201,2026-10-04 06:55:00,PT5M,18.977,34.298,27.0406,10.9134,3.656
142,141,112,111,24,0.14,92.8,1.0,198,2026-10-04 07:00:00,PT5M,22.191,39.5685,31.3369,13.0451,4.8135
158,157,130,119,24,0.14,92.7,1.1,195,2026-10-04 07:05:00,PT5M,25.369,44.859,35.6267,15.1113,5.879
174,172,145,127,25,0.14,92.5,1.1,193,2026-10-04 07:10:00,PT5M,28.624,50.241,40.0012,17.2468,7.007
190,188,161,135,25,0.14,92.4,1.1,191,2026-10-04 07:15:00,PT5M,31.975,55.743,44.4843,19.4657,8.207
207,205,175,143,25,0.14,92.3,1.2,189,2026-10-04 07:20:00,PT5M,35.376,61.3515,49.0471,21.7049,9.4005
223,221,190,151,25,0.14,92.1,1.2,187,2026-10-04 07:25:00,PT5M,38.841,66.991,53.6565,24.0255,10.691
240,238,204,158,25,0.14,92.0,1.3,185,2026-10-04 07:30:00,PT5M,42.362,72.721,58.3402,26.3838,12.003
257,254,216,165,25,0.14,91.8,1.3,184,2026-10-04 07:35:00,PT5M,45.847,78.454,63.0083,28.6857,13.24
273,270,228,172,25,0.14,91.7,1.4,183,2026-10-04 07:40:00,PT5M,49.256,84.1675,67.6302,30.8818,14.3445
290,287,240,179,25,0.14,91.5,1.4,182,2026-10-04 07:45:00,PT5M,51.63,87.298,70.4023,32.8577,15.962
307,303,251,186,25,0.14,91.3,1.4,180,2026-10-04 07:50:00,PT5M,53.931,90.3025,73.0736,34.7884,17.5595
323,320,262,192,25,0.14,91.1,1.5,180,2026-10-04 07:55:00,PT5M,56.152,93.172,75.6359,36.6681,19.132
340,337,273,198,25,0.14,90.9,1.5,179,2026-10-04 08:00:00,PT5M,58.287,95.893,78.0793,38.4947,20.681
357,353,284,204,25,0.14,90.8,1.6,178,2026-10-04 08:05:00,PT5M,60.354,98.488,80.4242,40.2838,22.22
374,370,295,210,25,0.14,90.6,1.6,177,2026-10-04 08:10:00,PT5M,62.341,100.0,82.6522,42.0298,23.749
390,386,305,215,25,0.14,90.4,1.7,176,2026-10-04 08:15:00,PT5M,64.214,100.0,84.7184,43.7096,25.255
407,403,315,220,25,0.14,90.2,1.7,175,2026-10-04 08:20:00,PT5M,65.972,100.0,86.613,45.331,26.7535
423,419,325,225,25,0.14,90.0,1.7,175,2026-10-04 08:25:00,PT5M,67.624,100.0,88.3571,46.8909,28.2305
440,435,334,230,25,0.14,89.9,1.8,174,2026-10-04 08:30:00,PT5M,69.199,100.0,89.9989,48.3991,29.6785
455,450,342,235,25,0.14,89.7,1.8,173,2026-10-04 08:35:00,PT5M,70.552,100.0,91.404,49.7,30.9325
470,465,347,240,25,0.14,89.5,1.9,172,2026-10-04 08:40:00,PT5M,71.693,100.0,92.5869,50.7991,31.994
484,479,353,245,25,0.14,89.3,1.9,172,2026-10-04 08:45:00,PT5M,72.772,100.0,93.6993,51.8447,33.0095
498,493,358,250,26,0.14,89.2,2.0,171,2026-10-04 08:50:00,PT5M,73.804,100.0,94.7592,52.8488,33.9885
512,507,363,255,26,0.14,89.0,2.1,170,2026-10-04 08:55:00,PT5M,74.791,100.0,95.7625,53.8195,34.9445
526,520,367,260,26,0.14,88.8,2.1,170,2026-10-04 09:00:00,PT5M,75.743,100.0,96.7171,54.7689,35.8915
539,534,373,264,26,0.14,88.6,2.2,169,2026-10-04 09:05:00,PT5M,76.762,100.0,97.5556,55.9684,37.2535
553,547,378,269,26,0.14,88.5,2.2,168,2026-10-04 09:10:00,PT5M,77.715,100.0,98.3297,57.1003,38.5465
566,560,383,273,26,0.14,88.3,2.3,168,2026-10-04 09:15:00,PT5M,78.631,100.0,99.0678,58.1942,39.8005
579,573,387,277,26,0.14,88.1,2.3,167,2026-10-04 09:20:00,PT5M,79.512,100.0,99.7719,59.2521,41.0175
592,586,392,281,26,0.14,87.9,2.4,167,2026-10-04 09:25:00,PT5M,80.359,100.0,100.0,60.2741,42.197
604,598,396,284,26,0.14,87.8,2.4,166,2026-10-04 09:30:00,PT5M,81.173,100.0,100.0,61.2617,43.341
618,612,404,287,26,0.14,87.6,2.5,166,2026-10-04 09:35:00,PT5M,82.227,100.0,100.0,62.496,44.7375
633,627,416,287,26,0.14,87.5,2.6,165,2026-10-04 09:40:00,PT5M,83.515,100.0,100.0,63.9711,46.381
648,641,427,288,26,0.14,87.4,2.6,165,2026-10-04 09:45:00,PT5M,84.722,100.0,100.0,65.3615,47.9365
663,656,438,288,26,0.14,87.2,2.7,164,2026-10-04 09:50:00,PT5M,85.878,100.0,100.0,66.6986,49.4365
677,670,449,288,26,0.14,87.1,2.7,164,2026-10-04 09:55:00,PT5M,86.997,100.0,100.0,67.996,50.8945
691,684,460,288,26,0.14,87.0,2.8,164,2026-10-04 10:00:00,PT5M,88.077,100.0,100.0,69.2505,52.306
705,697,471,287,26,0.14,86.9,2.8,163,2026-10-04 10:05:00,PT5M,89.119,100.0,100.0,70.464,53.674
719,711,482,286,26,0.14,86.7,2.9,163,2026-10-04 10:10:00,PT5M,90.124,100.0,100.0,71.6383,55.0005
732,724,493,285,26,0.14,86.6,3.0,163,2026-10-04 10:15:00,PT5M,91.094,100.0,100.0,72.7746,56.2865
745,737,504,284,26,0.14,86.5,3.0,162,2026-10-04 10:20:00,PT5M,92.029,100.0,100.0,73.8732,57.5325
758,749,515,282,26,0.14,86.4,3.1,162,2026-10-04 10:25:00,PT5M,92.931,100.0,100.0,74.9368,58.7415
770,761,526,280,27,0.14,86.2,3.1,162,2026-10-04 10:30:00,PT5M,93.806,100.0,100.0,75.9713,59.9195
779,770,529,281,27,0.14,86.1,3.2,161,2026-10-04 10:35:00,PT5M,94.214,100.0,100.0,76.4951,60.5475
783,774,525,286,27,0.14,85.9,3.2,161,2026-10-04 10:40:00,PT5M,94.166,100.0,100.0,76.5166,60.6315
787,778,520,290,27,0.14,85.8,3.3,161,2026-10-04 10:45:00,PT5M,94.095,100.0,100.0,76.5092,60.6815
790,781,516,294,27,0.14,85.6,3.3,161,2026-10-04 10:50:00,PT5M,94.0,100.0,100.0,76.47,60.6925
793,784,511,298,27,0.14,85.4,3.4,161,2026-10-04 10:55:00,PT5M,93.867,100.0,100.0,76.3749,60.6315
795,786,507,302,27,0.14,85.3,3.4,161,2026-10-04 11:00:00,PT5M,93.721,100.0,100.0,76.2668,60.5575
797,788,502,306,27,0.14,85.1,3.5,160,2026-10-04 11:05:00,PT5M,93.572,100.0,100.0,76.1625,60.4935
798,789,497,310,27,0.14,84.9,3.5,160,2026-10-04 11:10:00,PT5M,93.403,100.0,100.0,76.033,60.3995
799,790,492,314,27,0.14,84.8,3.6,160,2026-10-04 11:15:00,PT5M,93.201,100.0,100.0,75.8571,60.247
799,791,487,317,27,0.14,84.6,3.6,160,2026-10-04 11:20:00,PT5M,92.975,100.0,100.0,75.6505,60.058
799,790,482,321,27,0.14,84.4,3.7,160,2026-10-04 11:25:00,PT5M,92.725,100.0,100.0,75.414,59.8335
798,790,476,324,27,0.14,84.3,3.7,160,2026-10-04 11:30:00,PT5M,92.453,100.0,100.0,75.1507,59.578
796,788,470,328,27,0.14,84.3,3.7,160,2026-10-04 11:35:00,PT5M,92.107,100.0,100.0,74.7528,59.1335
794,786,462,332,27,0.14,84.4,3.7,160,2026-10-04 11:40:00,PT5M,91.686,100.0,100.0,74.22,58.5
790,782,455,336,27,0.14,84.5,3.6,161,2026-10-04 11:45:00,PT5M,91.239,100.0,100.0,73.6553,57.8295
787,779,447,339,27,0.14,84.6,3.6,161,2026-10-04 11:50:00,PT5M,90.764,100.0,100.0,73.0572,57.1205
782,775,439,343,27,0.14,84.8,3.6,161,2026-10-04 11:55:00,PT5M,90.262,100.0,100.0,72.427,56.375
778,770,431,346,27,0.14,84.9,3.5,162,2026-10-04 12:00:00,PT5M,89.845,100.0,100.0,71.8769,55.705
772,765,423,350,27,0.14,85.0,3.5,162,2026-10-04 12:05:00,PT5M,89.399,100.0,100.0,71.2922,54.9955
767,760,414,353,27,0.14,85.1,3.5,162,2026-10-04 12:10:00,PT5M,88.916,100.0,100.0,70.6655,54.2395
761,753,406,356,27,0.14,85.3,3.4,163,2026-10-04 12:15:00,PT5M,88.403,100.0,100.0,70.0049,53.446
754,747,397,359,27,0.14,85.4,3.4,163,2026-10-04 12:20:00,PT5M,87.858,100.0,100.0,69.3086,52.6135
747,740,389,361,27,0.14,85.5,3.4,164,2026-10-04 12:25:00,PT5M,87.282,100.0,100.0,68.5781,51.744
739,733,380,364,27,0.14,85.6,3.3,164,2026-10-04 12:30:00,PT5M,86.676,100.0,100.0,67.8153,50.84
731,725,370,366,27,0.14,85.8,3.3,165,2026-10-04 12:35:00,PT5M,85.982,100.0,100.0,66.9718,49.862
722,716,360,369,27,0.14,85.9,3.3,165,2026-10-04 12:40:00,PT5M,85.197,100.0,100.0,66.0444,48.8065
712,706,349,371,27,0.14,86.0,3.2,165,2026-10-04 12:45:00,PT5M,84.342,100.0,100.0,65.0384,47.6645
702,697,339,373,27,0.14,86.1,3.2,166,2026-10-04 12:50:00,PT5M,83.462,100.0,100.0,64.0039,46.491
692,687,329,375,27,0.14,86.3,3.2,166,2026-10-04 12:55:00,PT5M,82.577,100.0,100.0,62.9713,45.3255
682,677,319,376,27,0.14,86.4,3.1,167,2026-10-04 13:00:00,PT5M,81.68,100.0,100.0,61.9316,44.1575
671,666,309,377,27,0.14,86.5,3.1,167,2026-10-04 13:05:00,PT5M,80.722,100.0,100.0,60.8189,42.9055
660,655,299,377,27,0.14,86.6,3.1,168,2026-10-04 13:10:00,PT5M,79.731,100.0,99.7915,59.6705,41.6155
649,644,290,377,27,0.14,86.8,3.1,168,2026-10-04 13:15:00,PT5M,78.7,100.0,98.9197,58.4803,40.282
638,633,280,376,27,0.14,86.9,3.0,169,2026-10-04 13:20:00,PT5M,77.634,100.0,98.0139,57.2541,38.9115
626,622,271,376,27,0.14,87.0,3.0,169,2026-10-04 13:25:00,PT5M,76.534,100.0,97.0742,55.9938,37.507
614,610,262,375,27,0.14,87.2,3.0,170,2026-10-04 13:30:00,PT5M,75.403,100.0,96.1034,54.7026,36.0715
602,598,252,373,27,0.14,87.3,2.9,170,2026-10-04 13:35:00,PT5M,74.18,100.0,95.0494,53.3106,34.5275
588,585,241,372,27,0.14,87.4,2.9,171,2026-10-04 13:40:00,PT5M,72.86,100.0,93.9065,51.8135,32.871
575,572,231,370,27,0.14,87.5,2.9,172,2026-10-04 13:45:00,PT5M,71.503,100.0,92.7263,50.2797,31.178
562,558,221,368,27,0.14,87.7,2.8,172,2026-10-04 13:50:00,PT5M,70.108,100.0,91.5076,48.7084,29.448
548,545,211,366,27,0.14,87.8,2.8,173,2026-10-04 13:55:00,PT5M,68.658,100.0,90.2334,47.0826,27.664
534,532,201,363,27,0.14,87.9,2.8,173,2026-10-04 14:00:00,PT5M,67.188,100.0,88.9392,45.4368,25.86
521,518,191,360,26,0.14,88.1,2.8,174,2026-10-04 14:05:00,PT5M,65.681,100.0,87.6072,43.7548,24.0205
507,504,181,356,26,0.14,88.2,2.7,175,2026-10-04 14:10:00,PT5M,64.128,100.0,86.2282,42.0278,22.137
492,490,171,352,26,0.14,88.3,2.7,175,2026-10-04 14:15:00,PT5M,62.508,100.0,84.7816,40.2344,20.1875
478,476,162,348,26,0.14,88.5,2.7,176,2026-10-04 14:20:00,PT5M,60.853,100.0,83.2984,38.4076,18.206
464,462,152,344,26,0.14,88.6,2.6,177,2026-10-04 14:25:00,PT5M,59.166,100.0,81.7817,36.5503,16.1955
450,448,142,339,26,0.14,88.7,2.6,177,2026-10-04 14:30:00,PT5M,57.445,100.0,80.2402,34.6498,14.1335
436,435,135,334,26,0.14,88.9,2.6,178,2026-10-04 14:35:00,PT5M,55.872,99.493,78.83,32.914,12.251
424,423,128,328,26,0.14,89.0,2.6,179,2026-10-04 14:40:00,PT5M,54.446,98.3475,77.5517,31.3403,10.5445
412,410,122,322,26,0.14,89.2,2.5,180,2026-10-04 14:45:00,PT5M,52.986,97.1645,76.2375,29.7345,8.8075
399,398,116,315,26,0.14,89.4,2.5,180,2026-10-04 14:50:00,PT5M,51.492,95.602,74.7074,28.2766,7.382
387,386,111,309,26,0.14,89.6,2.5,181,2026-10-04 14:55:00,PT5M,50.038,94.07,73.2124,26.8636,6.006
375,374,105,302,26,0.14,89.8,2.4,182,2026-10-04 15:00:00,PT5M,48.775,92.7005,71.8933,25.6567,4.8495
362,361,99,295,26,0.14,89.9,2.4,183,2026-10-04 15:05:00,PT5M,47.229,91.0035,70.2678,24.1902,3.4545
349,349,93,289,26,0.14,90.1,2.4,184,2026-10-04 15:10:00,PT5M,45.608,89.1825,68.5416,22.6744,2.0335
337,336,86,282,26,0.14,90.3,2.3,185,2026-10-04 15:15:00,PT5M,43.932,87.2745,66.7435,21.1205,0.5895
324,323,80,275,26,0.14,90.5,2.3,185,2026-10-04 15:20:00,PT5M,42.206,85.2775,64.8748,19.5372,0.0
311,311,73,267,26,0.14,90.6,2.3,186,2026-10-04 15:25:00,PT5M,40.435,83.19,62.9373,17.9327,0.0
298,298,66,259,26,0.14,90.8,2.2,187,2026-10-04 15:30:00,PT5M,38.617,81.003,60.9251,16.3089,0.0
285,285,60,252,26,0.14,90.9,2.2,188,2026-10-04 15:35:00,PT5M,36.825,78.7485,58.8896,14.7604,0.0
273,273,53,244,26,0.14,91.0,2.2,189,2026-10-04 15:40:00,PT5M,35.072,76.411,56.829,13.315,0.0
260,260,47,235,26,0.14,91.0,2.2,190,2026-10-04 15:45:00,PT5M,33.27,73.933,54.6712,11.8688,0.0
248,248,41,227,26,0.14,91.1,2.2,191,2026-10-04 15:50:00,PT5M,31.418,71.318,52.4177,10.4183,0.0
235,235,34,218,26,0.14,91.1,2.1,192,2026-10-04 15:55:00,PT5M,29.519,68.579,50.0766,8.9614,0.0
222,222,27,210,26,0.14,91.2,2.1,193,2026-10-04 16:00:00,PT5M,27.897,66.0475,47.9759,7.8181,0.0
210,210,21,201,26,0.14,91.2,2.1,194,2026-10-04 16:05:00,PT5M,25.948,63.159,45.5324,6.3636,0.0
197,198,14,192,26,0.14,91.2,2.1,195,2026-10-04 16:10:00,PT5M,24.006,60.254,43.0836,4.9284,0.0
185,186,8,182,26,0.14,91.3,2.1,196,2026-10-04 16:15:00,PT5M,22.362,56.364,40.2575,4.4665,0.0
173,173,2,173,26,0.14,91.3,2.1,197,2026-10-04 16:20:00,PT5M,20.633,52.2425,37.2693,3.9967,0.0
161,161,0,161,26,0.14,91.4,2.0,199,2026-10-04 16:25:00,PT5M,19.219,48.513,34.6366,3.8014,0.0
149,149,0,149,26,0.14,91.4,2.0,200,2026-10-04 16:30:00,PT5M,17.891,44.893,32.1023,3.6797,0.0
137,138,0,138,26,0.14,91.5,2.0,201,2026-10-04 16:35:00,PT5M,16.539,41.2665,29.5533,3.5247,0.0
126,126,0,126,26,0.14,91.7,2.0,202,2026-10-04 16:40:00,PT5M,15.144,37.611,26.9685,3.3195,0.0
114,114,0,114,26,0.14,91.9,2.0,203,2026-10-04 16:45:00,PT5M,13.744,33.976,24.3922,3.0958,0.0
103,103,0,103,26,0.14,92.1,2.0,204,2026-10-04 16:50:00,PT5M,12.355,30.3975,21.8509,2.8591,0.0
91,92,0,92,26,0.14,92.3,2.0,205,2026-10-04 16:55:00,PT5M,10.961,26.8935,19.3464,2.5756,0.0
80,80,0,80,26,0.14,92.5,2.0,207,2026-10-04 17:00:00,PT5M,9.588,23.5195,16.9202,2.2558,0.0
69,69,0,69,26,0.14,92.6,2.0,208,2026-10-04 17:05:00,PT5M,8.197,20.204,14.5164,1.8776,0.0
59,59,0,59,26,0.14,92.8,2.0,209,2026-10-04 17:10:00,PT5M,6.855,16.984,12.186,1.524,0.0
49,49,0,49,26,0.14,93.0,2.0,210,2026-10-04 17:15:00,PT5M,5.67,13.9735,10.0402,1.2998,0.0
40,40,0,40,26,0.14,93.2,1.9,211,2026-10-04 17:20:00,PT5M,4.543,11.0945,7.9911,1.0949,0.0
32,32,0,32,26,0.14,93.4,1.9,213,2026-10-04 17:25:00,PT5M,3.428,8.3235,6.0045,0.8515,0.0
24,24,0,24,26,0.14,93.6,1.9,214,2026-10-04 17:30:00,PT5M,2.481,5.9305,4.2965,0.6655,0.0
18,18,0,18,26,0.14,93.7,1.9,215,2026-10-04 17:35:00,PT5M,1.655,3.838,2.8039,0.5061,0.0
12,12,0,12,26,0.14,93.7,1.9,215,2026-10-04 17:40:00,PT5M,0.891,2.082,1.5178,0.2642,0.0
7,7,0,7,25,0.14,93.8,1.9,216,2026-10-04 17:45:00,PT5M,0.191,0.6845,0.4507,0.0,0.0
2,2,0,2,25,0.14,93.8,1.9,216,2026-10-04 17:50:00,PT5M,0.0,0.0,0.0,0.0,0.0
0,0,0,0,25,0.14,93.9,1.9,217,2026-10-04 17:55:00,PT5M,0.0,0.0,0.0,0.0,0.0
0,0,0,0,25,0.14,93.9,1.9,217,2026-10-04 18:00:00,PT5M,0.0,0.0,0.0,0.0,0.0
0,0,0,0,25,0.14,93.9,1.9,218,2026-10-04 18:05:00,PT5M,0.0,0.0,0.0,0.0,0.0
0,0,0,0,25,0.14,94.0,1.9,218,2026-10-04 18:10:00,PT5M,0.0,0.0,0.0,0.0,0.0
0,0,0,0,25,0.14,94.0,1.9,219,2026-10-04 18:15:00,PT5M,0.0,0.0,0.0,0.0,0.0
0,0,0,0,25,0.14,94.1,1.9,219,2026-10-04 18:20:00,PT5M,0.0,0.0,0.0,0.0,0.0
0,0,0,0,25,0.14,94.1,1.9,220,2026-10-04 18:25:00,PT5M,0.0,0.0,0.0,0.0,0.0
0,0,0,0,25,0.14,94.2,1.8,220,2026-10-04 18:30:00,PT5M,0.0,0.0,0.0,0.0,0.0
0,0,0,0,25,0.14,94.2,1.8,221,2026-10-04 18:35:00,PT5M,0.0,0.0,0.0,0.0,0.0
0,0,0,0,25,0.14,94.3,1.9,221,2026-10-04 18:40:00,PT5M,0.0,0.0,0.0,0.0,0.0
0,0,0,0,25,0.14,94.3,1.9,222,2026-10-04 18:45:00,PT5M,0.0,0.0,0.0,0.0,0.0
0,0,0,0,25,0.14,94.4,1.9,223,2026-10-04 18:50:00,PT5M,0.0,0.0,0.0,0.0,0.0
0,0,0,0,25,0.14,94.4,1.9,223,2026-10-04 18:55:00,PT5M,0.0,0.0,0.0,0.0,0.0
0,0,0,0,25,0.14,94.5,1.9,224,2026-10-04 19:00:00,PT5M,0.0,0.0,0.0,0.0,0.0
0,0,0,0,25,0.14,94.5,1.9,224,2026-10-04 19:05:00,PT5M,0.0,0.0,0.0,0.0,0.0
0,0,0,0,25,0.14,94.5,1.9,225,2026-10-04 19:10:00,PT5M,0.0,0.0,0.0,0.0,0.0
0,0,0,0,25,0.14,94.6,1.9,225,2026-10-04 19:15:00,PT5M,0.0,0.0,0.0,0.0,0.0
0,0,0,0,25,0.14,94.6,1.9,226,2026-10-04 19:20:00,PT5M,0.0,0.0,0.0,0.0,0.0
0,0,0,0,25,0.14,94.7,1.9,226,2026-10-04 19:25:00,PT5M,0.0,0.0,0.0,0.0,0.0
0,0,0,0,25,0.14,94.7,1.9,227,2026-10-04 19:30:00,PT5M,0.0,0.0,0.0,0.0,0.0
0,0,0,0,25,0.14,94.8,1.9,227,2026-10-04 19:35:00,PT5M,0.0,0.0,0.0,0.0,0.0
0,0,0,0,25,0.14,94.8,1.9,228,2026-10-04 19:40:00,PT5M,0.0,0.0,0.0,0.0,0.0
0,0,0,0,25,0.14,94.8,1.9,228,2026-10-04 19:45:00,PT5M,0.0,0.0,0.0,0.0,0.0
0,0,0,0,25,0.14,94.8,1.9,229,2026-10-04 19:50:00,PT5M,0.0,0.0,0.0,0.0,0.0
0,0,0,0,25,0.14,94.8,1.9,230,2026-10-04 19:55:00,PT5M,0.0,0.0,0.0,0.0,0.0
0,0,0,0,25,0.14,94.7,1.9,230,2026-10-04 20:00:00,PT5M,0.0,0.0,0.0,0.0,0.0
0,0,0,0,25,0.14,94.7,1.9,231,2026-10-04 20:05:00,PT5M,0.0,0.0,0.0,0.0,0.0
0,0,0,0,25,0.14,94.7,1.9,231,2026-10-04 20:10:00,PT5M,0.0,0.0,0.0,0.0,0.0
0,0,0,0,25,0.14,94.7,1.9,232,2026-10-04 20:15:00,PT5M,0.0,0.0,0.0,0.0,0.0
0,0,0,0,25,0.14,94.7,1.9,232,2026-10-04 20:20:00,PT5M,0.0,0.0,0.0,0.0,0.0
0,0,0,0,25,0.14,94.7,1.9,233,2026-10-04 20:25:00,PT5M,0.0,0.0,0.0,0.0,0.0
0,0,0,0,25,0.14,94.7,1.9,233,2026-10-04 20:30:00,PT5M,0.0,0.0,0.0,0.0,0.0
0,0,0,0,25,0.14,94.8,1.9,234,2026-10-04 20:35:00,PT5M,0.0,0.0,0.0,0.0,0.0
0,0,0,0,25,0.14,94.8,1.9,234,2026-10-04 20:40:00,PT5M,0.0,0.0,0.0,0.0,0.0
0,0,0,0,25,0.14,94.9,1.9,235,2026-10-04 20:45:00,PT5M,0.0,0.0,0.0,0.0,0.0
0,0,0,0,25,0.14,94.9,1.9,235,2026-10-04 20:50:00,PT5M,0.0,0.0,0.0,0.0,0.0
0,0,0,0,25,0.14,95.0,1.9,235,2026-10-04 20:55:00,PT5M,0.0,0.0,0.0,0.0,0.0
0,0,0,0,25,0.14,95.0,1.9,236,2026-10-04 21:00:00,PT5M,0.0,0.0,0.0,0.0,0.0
0,0,0,0,24,0.14,95.0,1.9,236,2026-10-04 21:05:00,PT5M,0.0,0.0,0.0,0.0,0.0
0,0,0,0,24,0.14,95.1,1.9,236,2026-10-04 21:10:00,PT5M,0.0,0.0,0.0,0.0,0.0
0,0,0,0,24,0.14,95.1,1.9,237,2026-10-04 21:15:00,PT5M,0.0,0.0,0.0,0.0,0.0
0,0,0,0,24,0.14,95.2,1.9,237,2026-10-04 21:20:00,PT5M,0.0,0.0,0.0,0.0,0.0
0,0,0,0,24,0.14,95.2,1.9,237,2026-10-04 21:25:00,PT5M,0.0,0.0,0.0,0.0,0.0
0,0,0,0,24,0.14,95.3,1.9,238,2026-10-04 21:30:00,PT5M,0.0,0.0,0.0,0.0,0.0
0,0,0,0,24,0.14,95.3,1.9,238,2026-10-04 21:35:00,PT5M,0.0,0.0,0.0,0.0,0.0
0,0,0,0,24,0.14,95.4,1.9,239,2026-10-04 21:40:00,PT5M,0.0,0.0,0.0,0.0,0.0
0,0,0,0,24,0.14,95.4,1.9,239,2026-10-04 21:45:00,PT5M,0.0,0.0,0.0,0.0,0.0
0,0,0,0,24,0.14,95.5,1.9,240,2026-10-04 21:50:00,PT5M,0.0,0.0,0.0,0.0,0.0
0,0,0,0,24,0.14,95.5,1.9,240,2026-10-04 21:55:00,PT5M,0.0,0.0,0.0,0.0,0.0
0,0,0,0,24,0.14,95.6,1.9,241,2026-10-04 22:00:00,PT5M,0.0,0.0,0.0,0.0,0.0
0,0,0,0,24,0.14,95.6,2.0,241,2026-10-04 22:05:00,PT5M,0.0,0.0,0.0,0.0,0.0
0,0,0,0,24,0.14,95.7,2.0,241,2026-10-04 22:10:00,PT5M,0.0,0.0,0.0,0.0,0.0
0,0,0,0,24,0.14,95.7,2.0,242,2026-10-04 22:15:00,PT5M,0.0,0.0,0.0,0.0,0.0
0,0,0,0,24,0.14,95.8,2.0,242,2026-10-04 22:20:00,PT5M,0.0,0.0,0.0,0.0,0.0
0,0,0,0,24,0.14,95.8,2.0,243,2026-10-04 22:25:00,PT5M,0.0,0.0,0.0,0.0,0.0
0,0,0,0,24,0.14,95.8,2.0,243,2026-10-04 22:30:00,PT5M,0.0,0.0,0.0,0.0,0.0
0,0,0,0,24,0.14,95.9,2.0,244,2026-10-04 22:35:00,PT5M,0.0,0.0,0.0,0.0,0.0
0,0,0,0,24,0.14,95.9,2.0,244,2026-10-04 22:40:00,PT5M,0.0,0.0,0.0,0.0,0.0
0,0,0,0,24,0.14,96.0,2.0,245,2026-10-04 22:45:00,PT5M,0.0,0.0,0.0,0.0,0.0
0,0,0,0,24,0.14,96.0,2.0,245,2026-10-04 22:50:00,PT5M,0.0,0.0,0.0,0.0,0.0
0,0,0,0,24,0.14,96.1,2.0,246,2026-10-04 22:55:00,PT5M,0.0,0.0,0.0,0.0,0.0
0,0,0,0,24,0.14,96.1,2.0,246,2026-10-04 23:00:00,PT5M,0.0,0.0,0.0,0.0,0.0
0,0,0,0,24,0.14,96.2,2.0,247,2026-10-04 23:05:00,PT5M,0.0,0.0,0.0,0.0,0.0
0,0,0,0,24,0.14,96.2,2.0,247,2026-10-04 23:10:00,PT5M,0.0,0.0,0.0,0.0,0.0
0,0,0,0,24,0.14,96.3,2.0,248,2026-10-04 23:15:00,PT5M,0.0,0.0,0.0,0.0,0.0
0,0,0,0,24,0.14,96.3,2.0,248,2026-10-04 23:20:00,PT5M,0.0,0.0,0.0,0.0,0.0
0,0,0,0,24,0.14,96.4,2.0,249,2026-10-04 23:25:00,PT5M,0.0,0.0,0.0,0.0,0.0
0,0,0,0,24,0.14,96.4,2.0,250,2026-10-04 23:30:00,PT5M,0.0,0.0,0.0,0.0,0.0
0,0,0,0,24,0.14,96.4,2.0,250,2026-10-04 23:35:00,PT5M,0.0,0.0,0.0,0.0,0.0
0,0,0,0,24,0.14,96.4,2.0,250,2026-10-04 23:40:00,PT5M,0.0,0.0,0.0,0.0,0.0
0,0,0,0,24,0.14,96.4,2.0,251,2026-10-04 23:45:00,PT5M,0.0,0.0,0.0,0.0,0.0
0,0,0,0,24,0.14,96.4,2.0,251,2026-10-04 23:50:00,PT5M,0.0,0.0,0.0,0.0,0.0
0,0,0,0,24,0.14,96.4,2.0,251,2026-10-04 23:55:00,PT5M,0.0,0.0,0.0,0.0,0.0
0,0,0,0,24,0.14,96.4,2.0,252,2026-10-05 00:00:00,PT5M,0.0,0.0,0.0,0.0,0.0
0,0,0,0,24,0.14,96.4,1.9,252,2026-10-05 00:05:00,PT5M,0.0,0.0,0.0,0.0,0.0
0,0,0,0,24,0.14,96.4,1.9,253,2026-10-05 00:10:00,PT5M,0.0,0.0,0.0,0.0,0.0
0,0,0,0,24,0.14,96.4,1.9,253,2026-10-05 00:15:00,PT5M,0.0,0.0,0.0,0.0,0.0
0,0,0,0,24,0.14,96.4,1.9,253,2026-10-05 00:20:00,PT5M,0.0,0.0,0.0,0.0,0.0
0,0,0,0,24,0.14,96.4,1.9,254,2026-10-05 00:25:00,PT5M,0.0,0.0,0.0,0.0,0.0
0,0,0,0,24,0.14,96.4,1.9,254,2026-10-05 00:30:00,PT5M,0.0,0.0,0.0,0.0,0.0
0,0,0,0,24,0.14,96.4,1.9,255,2026-10-05 00:35:00,PT5M,0.0,0.0,0.0,0.0,0.0
0,0,0,0,24,0.14,96.4,1.9,255,2026-10-05 00:40:00,PT5M,0.0,0.0,0.0,0.0,0.0
0,0,0,0,24,0.14,96.4,1.8,255,2026-10-05 00:45:00,PT5M,0.0,0.0,0.0,0.0,0.0
0,0,0,0,24,0.14,96.4,1.8,255,2026-10-05 00:50:00,PT5M,0.0,0.0,0.0,0.0,0.0
0,0,0,0,24,0.14,96.4,1.8,255,2026-10-05 00:55:00,PT5M,0.0,0.0,0.0,0.0,0.0
0,0,0,0,24,0.14,96.4,1.8,255,2026-10-05 01:00:00,PT5M,0.0,0.0,0.0,0.0,0.0
0,0,0,0,24,0.14,96.4,1.8,256,2026-10-05 01:05:00,PT5M,0.0,0.0,0.0,0.0,0.0
0,0,0,0,24,0.14,96.4,1.8,256,2026-10-05 01:10:00,PT5M,0.0,0.0,0.0,0.0,0.0
0,0,0,0,24,0.14,96.4,1.8,256,2026-10-05 01:15:00,PT5M,0.0,0.0,0.0,0.0,0.0
0,0,0,0,24,0.14,96.4,1.8,256,2026-10-05 01:20:00,PT5M,0.0,0.0,0.0,0.0,0.0
0,0,0,0,24,0.14,96.4,1.8,256,2026-10-05 01:25:00,PT5M,0.0,0.0,0.0,0.0,0.0
0,0,0,0,24,0.14,96.4,1.8,257,2026-10-05 01:30:00,PT5M,0.0,0.0,0.0,0.0,0.0
0,0,0,0,24,0.14,96.4,1.7,257,2026-10-05 01:35:00,PT5M,0.0,0.0,0.0,0.0,0.0
0,0,0,0,24,0.14,96.4,1.7,257,2026-10-05 01:40:00,PT5M,0.0,0.0,0.0,0.0,0.0
0,0,0,0,24,0.14,96.4,1.7,258,2026-10-05 01:45:00,PT5M,0.0,0.0,0.0,0.0,0.0
0,0,0,0,24,0.14,96.4,1.7,258,2026-10-05 01:50:00,PT5M,0.0,0.0,0.0,0.0,0.0
0,0,0,0,24,0.14,96.4,1.7,259,2026-10-05 01:55:00,PT5M,0.0,0.0,0.0,0.0,0.0
0,0,0,0,24,0.14,96.4,1.6,259,2026-10-05 02:00:00,PT5M,0.0,0.0,0.0,0.0,0.0
0,0,0,0,23,0.14,96.4,1.6,260,2026-10-05 02:05:00,PT5M,0.0,0.0,0.0,0.0,0.0
0,0,0,0,23,0.14,96.4,1.6,260,2026-10-05 02:10:00,PT5M,0.0,0.0,0.0,0.0,0.0
0,0,0,0,23,0.14,96.4,1.6,261,2026-10-05 02:15:00,PT5M,0.0,0.0,0.0,0.0,0.0
0,0,0,0,23,0.14,96.4,1.6,261,2026-10-05 02:20:00,PT5M,0.0,0.0,0.0,0.0,0.0
0,0,0,0,23,0.14,96.4,1.5,262,2026-10-05 02:25:00,PT5M,0.0,0.0,0.0,0.0,0.0
0,0,0,0,23,0.14,96.4,1.5,262,2026-10-05 02:30:00,PT5M,0.0,0.0,0.0,0.0,0.0
0,0,0,0,23,0.14,96.4,1.5,263,2026-10-05 02:35:00,PT5M,0.0,0.0,0.0,0.0,0.0
0,0,0,0,23,0.14,96.4,1.5,263,2026-10-05 02:40:00,PT5M,0.0,0.0,0.0,0.0,0.0
0,0,0,0,23,0.14,96.4,1.5,263,2026-10-05 02:45:00,PT5M,0.0,0.0,0.0,0.0,0.0
0,0,0,0,23,0.14,96.4,1.5,263,2026-10-05 02:50:00,PT5M,0.0,0.0,0.0,0.0,0.0
0,0,0,0,23,0.14,96.4,1.5,264,2026-10-05 02:55:00,PT5M,0.0,0.0,0.0,0.0,0.0
0,0,0,0,23,0.14,96.4,1.5,264,2026-10-05 03:00:00,PT5M,0.0,0.0,0.0,0.0,0.0
0,0,0,0,23,0.14,96.4,1.5,264,2026-10-05 03:05:00,PT5M,0.0,0.0,0.0,0.0,0.0
0,0,0,0,23,0.14,96.4,1.4,265,2026-10-05 03:10:00,PT5M,0.0,0.0,0.0,0.0,0.0
0,0,0,0,23,0.14,96.4,1.4,265,2026-10-05 03:15:00,PT5M,0.0,0.0,0.0,0.0,0.0
0,0,0,0,23,0.14,96.4,1.4,265,2026-10-05 03:20:00,PT5M,0.0,0.0,0.0,0.0,0.0
0,0,0,0,23,0.14,96.4,1.4,265,2026-10-05 03:25:00,PT5M,0.0,0.0,0.0,0.0,0.0
0,0,0,0,23,0.14,96.4,1.4,266,2026-10-05 03:30:00,PT5M,0.0,0.0,0.0,0.0,0.0
0,0,0,0,23,0.14,96.4,1.4,266,2026-10-05 03:35:00,PT5M,0.0,0.0,0.0,0.0,0.0
0,0,0,0,23,0.14,96.4,1.4,266,2026-10-05 03:40:00,PT5M,0.0,0.0,0.0,0.0,0.0
0,0,0,0,23,0.14,96.4,1.4,267,2026-10-05 03:45:00,PT5M,0.0,0.0,0.0,0.0,0.0
0,0,0,0,23,0.14,96.4,1.4,267,2026-10-05 03:50:00,PT5M,0.0,0.0,0.0,0.0,0.0
0,0,0,0,23,0.14,96.4,1.4,267,2026-10-05 03:55:00,PT5M,0.0,0.0,0.0,0.0,0.0
0,0,0,0,23,0.14,96.4,1.4,268,2026-10-05 04:00:00,PT5M,0.0,0.0,0.0,0.0,0.0
0,0,0,0,23,0.14,96.4,1.3,268,2026-10-05 04:05:00,PT5M,0.0,0.0,0.0,0.0,0.0
0,0,0,0,23,0.14,96.4,1.3,268,2026-10-05 04:10:00,PT5M,0.0,0.0,0.0,0.0,0.0
0,0,0,0,23,0.14,96.4,1.3,269,2026-10-05 04:15:00,PT5M,0.0,0.0,0.0,0.0,0.0
0,0,0,0,23,0.14,96.4,1.3,269,2026-10-05 04:20:00,PT5M,0.0,0.0,0.0,0.0,0.0
0,0,0,0,23,0.14,96.4,1.3,269,2026-10-05 04:25:00,PT5M,0.0,0.0,0.0,0.0,0.0
0,0,0,0,23,0.14,96.4,1.3,270,2026-10-05 04:30:00,PT5M,0.0,0.0,0.0,0.0,0.0
0,0,0,0,23,0.14,96.4,1.3,270,2026-10-05 04:35:00,PT5M,0.0,0.0,0.0,0.0,0.0
0,0,0,0,23,0.14,96.4,1.3,271,2026-10-05 04:40:00,PT5M,0.0,0.0,0.0,0.0,0.0
0,0,0,0,23,0.14,96.4,1.3,272,2026-10-05 04:45:00,PT5M,0.0,0.0,0.0,0.0,0.0
0,0,0,0,23,0.14,96.4,1.2,273,2026-10-05 04:50:00,PT5M,0.0,0.0,0.0,0.0,0.0
0,0,0,0,23,0.14,96.4,1.2,274,2026-10-05 04:55:00,PT5M,0.0,0.0,0.0,0.0,0.0
0,0,0,0,23,0.14,96.4,1.2,274,2026-10-05 05:00:00,PT5M,0.0,0.0,0.0,0.0,0.0
0,0,0,0,23,0.14,96.4,1.2,275,2026-10-05 05:05:00,PT5M,0.0,0.0,0.0,0.0,0.0
0,0,0,0,23,0.14,96.4,1.2,276,2026-10-05 05:10:00,PT5M,0.0,0.0,0.0,0.0,0.0
0,0,0,0,23,0.14,96.4,1.2,277,2026-10-05 05:15:00,PT5M,0.0,0.0,0.0,0.0,0.0
0,0,0,0,23,0.14,96.4,1.2,278,2026-10-05 05:20:00,PT5M,0.0,0.0,0.0,0.0,0.0
0,0,0,0,23,0.14,96.4,1.1,279,2026-10-05 05:25:00,PT5M,0.0,0.0,0.0,0.0,0.0
0,0,0,0,23,0.14,96.4,1.1,280,2026-10-05 05:30:00,PT5M,0.0,0.0,0.0,0.0,0.0
0,0,0,0,23,0.14,96.0,1.1,279,2026-10-05 05:35:00,PT5M,0.0,0.0,0.0,0.0,0.0
0,0,0,0,23,0.14,95.1,1.2,277,2026-10-05 05:40:00,PT5M,0.0,0.0,0.0,0.0,0.0
0,0,0,0,23,0.14,94.3,1.2,275,2026-10-05 05:45:00,PT5M,0.0,0.0,0.0,0.0,0.0
0,0,0,0,24,0.14,93.4,1.2,273,2026-10-05 05:50:00,PT5M,0.0,0.0,0.0,0.0,0.0
0,0,0,0,24,0.14,92.6,1.3,271,2026-10-05 05:55:00,PT5M,0.0,0.0,0.0,0.0,0.0
2,2,0,2,24,0.14,91.7,1.3,269,2026-10-05 06:00:00,PT5M,0.0,0.0,0.0,0.0,0.0
7,7,0,7,24,0.14,90.9,1.3,267,2026-10-05 06:05:00,PT5M,0.213,0.756,0.4988,0.0,0.0
12,12,0,12,24,0.14,90.1,1.4,265,2026-10-05 06:10:00,PT5M,0.936,2.251,1.6281,0.2439,0.0
18,18,0,18,24,0.14,89.3,1.4,264,2026-10-05 06:15:00,PT5M,1.736,4.1905,3.0278,0.4442,0.0
25,25,0,25,24,0.14,88.5,1.5,262,2026-10-05 06:20:00,PT5M,2.601,6.504,4.6552,0.5468,0.0
33,33,0,33,24,0.14,87.7,1.5,261,2026-10-05 06:25:00,PT5M,3.585,9.0775,6.4757,0.6943,0.0
41,42,0,42,24,0.14,86.9,1.5,260,2026-10-05 06:30:00,PT5M,4.752,11.957,8.544,0.96,0.0
51,51,0,51,25,0.14,86.1,1.6,258,2026-10-05 06:35:00,PT5M,5.942,14.9455,10.6806,1.2034,0.0
61,61,0,61,25,0.14,85.3,1.6,257,2026-10-05 06:40:00,PT5M,7.195,18.023,12.8939,1.4961,0.0
72,73,0,73,25,0.14,84.6,1.7,256,2026-10-05 06:45:00,PT5M,8.62,21.28,15.283,1.957,0.0
84,84,0,84,25,0.14,83.8,1.7,255,2026-10-05 06:50:00,PT5M,10.126,24.631,17.7601,2.4919,0.0
96,97,0,97,25,0.14,83.1,1.8,254,2026-10-05 06:55:00,PT5M,11.621,28.0175,20.2506,2.9914,0.0
109,109,0,109,25,0.14,82.3,1.8,253,2026-10-05 07:00:00,PT5M,13.156,31.531,22.8269,3.4851,0.0
122,122,0,122,25,0.14,81.6,1.9,252,2026-10-05 07:05:00,PT5M,14.732,35.204,25.5066,3.9574,0.0
135,136,3,135,25,0.14,80.9,1.9,251,2026-10-05 07:10:00,PT5M,16.522,39.184,28.4492,4.5948,0.0
150,150,15,145,25,0.14,80.1,2.0,250,2026-10-05 07:15:00,PT5M,18.965,43.832,32.0527,5.8773,0.0
164,164,28,154,26,0.14,79.4,2.0,250,2026-10-05 07:20:00,PT5M,21.506,48.5765,35.7534,7.2586,0.0
179,179,41,164,26,0.14,78.7,2.0,249,2026-10-05 07:25:00,PT5M,23.982,53.2575,39.3899,8.5741,0.0
194,194,54,173,26,0.14,78.0,2.1,248,2026-10-05 07:30:00,PT5M,26.738,58.28,43.3388,10.1372,0.0
210,209,68,181,26,0.14,77.3,2.1,248,2026-10-05 07:35:00,PT5M,29.635,63.412,47.4121,11.8579,0.0
226,225,82,190,26,0.14,76.6,2.2,247,2026-10-05 07:40:00,PT5M,32.623,68.636,51.5769,13.6691,0.0
243,242,97,198,26,0.14,75.9,2.2,246,2026-10-05 07:45:00,PT5M,35.59,72.392,54.9592,16.2208,0.0
260,259,113,206,26,0.14,75.3,2.3,246,2026-10-05 07:50:00,PT5M,38.318,75.8435,58.0679,18.5681,0.7925
277,276,128,213,26,0.14,74.6,2.3,245,2026-10-05 07:55:00,PT5M,41.26,79.4395,61.3541,21.1659,3.0805
295,293,144,221,26,0.14,73.9,2.4,245,2026-10-05 08:00:00,PT5M,44.174,82.9325,64.5729,23.7751,5.4155
313,311,160,227,27,0.14,73.3,2.4,244,2026-10-05 08:05:00,PT5M,47.076,86.343,67.7425,26.4095,7.809
332,329,177,233,27,0.14,72.6,2.5,244,2026-10-05 08:10:00,PT5M,49.952,89.636,70.838,29.066,10.268
350,348,195,239,27,0.14,72.0,2.5,243,2026-10-05 08:15:00,PT5M,52.766,92.7525,73.8112,31.7208,12.7795
369,366,212,244,27,0.14,71.3,2.6,243,2026-10-05 08:20:00,PT5M,55.521,95.6915,76.663,34.379,15.3505
388,385,230,248,27,0.14,70.7,2.7,242,2026-10-05 08:25:00,PT5M,58.158,98.418,79.3471,36.9689,17.898
407,404,248,252,27,0.14,70.1,2.7,242,2026-10-05 08:30:00,PT5M,60.779,100.0,81.9829,39.5751,20.491
425,421,261,257,27,0.14,69.4,2.7,242,2026-10-05 08:35:00,PT5M,62.826,100.0,84.0625,41.5895,22.476
440,436,269,262,27,0.14,68.6,2.7,242,2026-10-05 08:40:00,PT5M,64.3,100.0,85.5968,43.0032,23.8355
455,450,277,267,28,0.14,67.8,2.6,243,2026-10-05 08:45:00,PT5M,65.709,100.0,87.0536,44.3644,25.1535
469,465,285,272,28,0.14,67.0,2.6,243,2026-10-05 08:50:00,PT5M,67.067,100.0,88.4464,45.6876,26.4455
484,479,292,277,28,0.14,66.2,2.5,244,2026-10-05 08:55:00,PT5M,68.376,100.0,89.7783,46.9737,27.711
498,493,300,281,28,0.14,65.5,2.5,244,2026-10-05 09:00:00,PT5M,69.642,100.0,91.0553,48.2287,28.956
513,508,308,285,28,0.14,64.7,2.4,245,2026-10-05 09:05:00,PT5M,70.949,100.0,92.3897,49.5083,30.211
527,522,316,289,28,0.14,64.0,2.4,245,2026-10-05 09:10:00,PT5M,72.194,100.0,93.5552,50.8328,31.607
541,536,323,293,28,0.14,63.3,2.3,246,2026-10-05 09:15:00,PT5M,73.398,100.0,94.6034,52.1926,33.107
555,550,331,297,29,0.14,62.6,2.3,247,2026-10-05 09:20:00,PT5M,74.561,100.0,95.6117,53.5103,34.564
569,564,339,300,29,0.14,61.8,2.2,247,2026-10-05 09:25:00,PT5M,75.685,100.0,96.582,54.788,35.98
583,577,346,303,29,0.14,61.1,2.2,248,2026-10-05 09:30:00,PT5M,76.77,100.0,97.5149,56.0251,37.354
596,590,353,306,29,0.14,60.5,2.1,249,2026-10-05 09:35:00,PT5M,77.751,100.0,98.3454,57.1566,38.621
608,602,358,310,29,0.14,59.8,2.1,249,2026-10-05 09:40:00,PT5M,78.632,100.0,99.0777,58.1863,39.7845
620,613,363,313,29,0.14,59.1,2.0,250,2026-10-05 09:45:00,PT5M,79.441,100.0,99.7417,59.1403,40.869
631,625,368,316,30,0.14,58.4,2.0,251,2026-10-05 09:50:00,PT5M,80.257,100.0,100.0,60.0984,41.955
642,635,372,319,30,0.14,57.8,1.9,252,2026-10-05 09:55:00,PT5M,80.992,100.0,100.0,60.9726,42.9545
652,646,377,322,30,0.14,57.1,1.9,253,2026-10-05 10:00:00,PT5M,81.692,100.0,100.0,61.8079,43.9115
663,656,382,324,30,0.14,56.5,1.9,253,2026-10-05 10:05:00,PT5M,82.371,100.0,100.0,62.6197,44.843
673,666,386,326,30,0.14,55.8,1.8,254,2026-10-05 10:10:00,PT5M,83.026,100.0,100.0,63.4055,45.7465
683,676,391,328,30,0.14,55.2,1.8,255,2026-10-05 10:15:00,PT5M,83.649,100.0,100.0,64.1564,46.6125
692,685,396,330,31,0.14,54.6,1.7,256,2026-10-05 10:20:00,PT5M,84.24,100.0,100.0,64.8727,47.4415
701,694,400,331,31,0.14,54.0,1.7,258,2026-10-05 10:25:00,PT5M,84.8,100.0,100.0,65.5556,48.235
710,703,405,333,31,0.14,53.4,1.6,259,2026-10-05 10:30:00,PT5M,85.335,100.0,100.0,66.2114,48.9995
719,712,410,333,31,0.14,52.8,1.6,260,2026-10-05 10:35:00,PT5M,85.9,100.0,100.0,66.8945,49.789
728,720,416,334,31,0.14,52.2,1.6,261,2026-10-05 10:40:00,PT5M,86.492,100.0,100.0,67.6018,50.6
737,729,422,333,31,0.14,51.6,1.5,263,2026-10-05 10:45:00,PT5M,87.049,100.0,100.0,68.2698,51.368
745,737,428,333,32,0.14,51.0,1.5,264,2026-10-05 10:50:00,PT5M,87.569,100.0,100.0,68.8954,52.0885
753,745,434,333,32,0.14,50.5,1.5,266,2026-10-05 10:55:00,PT5M,88.037,100.0,100.0,69.4531,52.727
760,752,440,332,32,0.14,49.9,1.4,267,2026-10-05 11:00:00,PT5M,88.488,100.0,100.0,69.9962,53.353
767,759,446,332,32,0.14,49.3,1.4,269,2026-10-05 11:05:00,PT5M,88.919,100.0,100.0,70.5254,53.9705
774,766,451,331,32,0.14,48.8,1.4,271,2026-10-05 11:10:00,PT5M,89.313,100.0,100.0,71.0122,54.541
780,772,457,330,32,0.14,48.2,1.3,272,2026-10-05 11:15:00,PT5M,89.668,100.0,100.0,71.4488,55.051
786,777,462,329,32,0.14,47.7,1.3,274,2026-10-05 11:20:00,PT5M,89.992,100.0,100.0,71.8491,55.52
791,783,467,328,33,0.14,47.2,1.3,276,2026-10-05 11:25:00,PT5M,90.289,100.0,100.0,72.2177,55.953
796,787,472,327,33,0.14,46.7,1.2,278,2026-10-05 11:30:00,PT5M,90.559,100.0,100.0,72.5553,56.3515
797,788,469,329,33,0.14,46.5,1.2,280,2026-10-05 11:35:00,PT5M,90.432,100.0,100.0,72.4294,56.2265
793,784,460,334,33,0.14,46.8,1.1,281,2026-10-05 11:40:00,PT5M,89.911,100.0,100.0,71.8423,55.58
788,780,450,338,33,0.14,47.0,0.9,282,2026-10-05 11:45:00,PT5M,89.364,100.0,100.0,71.2243,54.898
783,775,440,343,33,0.14,47.2,0.8,283,2026-10-05 11:50:00,PT5M,88.792,100.0,100.0,70.5757,54.1805
778,770,430,347,33,0.14,47.5,0.7,285,2026-10-05 11:55:00,PT5M,88.192,100.0,100.0,69.8939,53.425
772,764,421,351,33,0.14,47.7,0.6,287,2026-10-05 12:00:00,PT5M,87.684,100.0,100.0,69.2993,52.7525
766,758,410,355,33,0.14,48.0,0.5,291,2026-10-05 12:05:00,PT5M,87.133,100.0,100.0,68.6554,52.025
758,751,400,360,32,0.14,48.2,0.4,296,2026-10-05 12:10:00,PT5M,86.538,100.0,100.0,67.9615,51.242
751,744,389,364,32,0.14,48.5,0.3,305,2026-10-05 12:15:00,PT5M,85.914,100.0,100.0,67.2343,50.422
743,736,378,367,32,0.14,48.8,0.2,320,2026-10-05 12:20:00,PT5M,85.257,100.0,100.0,66.4702,49.5615
735,728,367,371,32,0.14,49.0,0.2,349,2026-10-05 12:25:00,PT5M,84.569,100.0,100.0,65.6712,48.6625
726,720,357,374,32,0.14,49.3,0.2,25,2026-10-05 12:30:00,PT5M,83.859,100.0,100.0,64.8472,47.736
718,712,347,377,32,0.14,49.5,0.3,49,2026-10-05 12:35:00,PT5M,83.154,100.0,100.0,64.0146,46.7885
710,704,338,378,32,0.14,49.8,0.3,62,2026-10-05 12:40:00,PT5M,82.471,100.0,100.0,63.1903,45.837
701,695,329,380,32,0.14,50.0,0.4,69,2026-10-05 12:45:00,PT5M,81.737,100.0,100.0,62.306,44.8175
692,687,320,381,32,0.14,50.3,0.5,73,2026-10-05 12:50:00,PT5M,80.969,100.0,100.0,61.3854,43.7595
683,678,311,382,32,0.14,50.6,0.7,76,2026-10-05 12:55:00,PT5M,80.197,100.0,99.9259,60.4681,42.7115
673,668,302,383,32,0.14,50.8,0.8,79,2026-10-05 13:00:00,PT5M,79.408,100.0,99.279,59.537,41.6525
664,659,294,383,32,0.14,51.1,0.9,80,2026-10-05 13:05:00,PT5M,78.559,100.0,98.5831,58.5349,40.5125
654,649,286,383,32,0.14,51.4,1.0,81,2026-10-05 13:10:00,PT5M,77.677,100.0,97.8569,57.4971,39.3345
643,639,277,383,32,0.14,51.6,1.1,82,2026-10-05 13:15:00,PT5M,76.755,100.0,97.0928,56.4172,38.1125
633,628,269,382,32,0.14,51.9,1.2,83,2026-10-05 13:20:00,PT5M,75.798,100.0,96.2942,55.3018,36.8545
622,618,261,381,32,0.14,52.2,1.3,84,2026-10-05 13:25:00,PT5M,74.807,100.0,95.4617,54.1523,35.5625
611,607,253,380,32,0.14,52.5,1.4,85,2026-10-05 13:30:00,PT5M,73.786,100.0,94.5991,52.9729,34.2405
600,596,245,378,32,0.14,52.7,1.5,85,2026-10-05 13:35:00,PT5M,72.73,100.0,93.6931,51.7669,32.8995
588,584,237,376,32,0.14,53.0,1.6,85,2026-10-05 13:40:00,PT5M,71.637,100.0,92.7422,50.5318,31.5365
576,573,229,374,32,0.14,53.3,1.7,86,2026-10-05 13:45:00,PT5M,70.507,100.0,91.7551,49.2589,30.135
564,561,220,371,31,0.14,53.6,1.9,86,2026-10-05 13:50:00,PT5M,69.339,100.0,90.7308,47.9472,28.694
552,549,213,369,31,0.14,53.8,2.0,86,2026-10-05 13:55:00,PT5M,68.114,100.0,89.6502,46.5778,27.1945
540,537,205,366,31,0.14,54.1,2.1,87,2026-10-05 14:00:00,PT5M,66.868,100.0,88.5503,45.1857,25.671
528,525,197,362,31,0.14,54.4,2.2,87,2026-10-05 14:05:00,PT5M,65.596,100.0,87.4243,43.7677,24.1215
515,512,189,358,31,0.14,54.7,2.3,87,2026-10-05 14:10:00,PT5M,64.282,100.0,86.2569,42.3071,22.529
502,499,181,354,31,0.14,55.0,2.4,87,2026-10-05 14:15:00,PT5M,62.907,100.0,85.0293,40.7847,20.874
489,487,173,350,31,0.14,55.3,2.5,88,2026-10-05 14:20:00,PT5M,61.496,100.0,83.7651,39.2269,19.184
476,474,165,345,31,0.14,55.6,2.6,88,2026-10-05 14:25:00,PT5M,60.049,100.0,82.4436,37.6544,17.4985
462,460,158,340,31,0.14,55.9,2.7,88,2026-10-05 14:30:00,PT5M,58.566,100.0,80.9709,36.1611,15.996
448,446,149,335,31,0.14,56.2,2.7,88,2026-10-05 14:35:00,PT5M,56.935,99.533,79.3546,34.5154,14.337
434,432,139,330,31,0.14,56.7,2.6,88,2026-10-05 14:40:00,PT5M,55.153,97.7765,77.5861,32.7199,12.5295
419,417,129,324,31,0.14,57.2,2.4,88,2026-10-05 14:45:00,PT5M,53.338,95.965,75.7729,30.9031,10.711
404,403,119,318,31,0.14,57.7,2.3,88,2026-10-05 14:50:00,PT5M,51.492,94.099,73.9164,29.0676,8.885
390,388,111,312,31,0.14,58.2,2.1,88,2026-10-05 14:55:00,PT5M,49.901,92.459,72.2996,27.5024,7.343
375,374,102,305,30,0.14,58.7,2.0,88,2026-10-05 15:00:00,PT5M,48.069,90.552,70.4281,25.7099,5.586
361,360,93,299,30,0.14,59.1,1.8,89,2026-10-05 15:05:00,PT5M,46.22,88.6025,68.5262,23.9138,3.8375
347,346,85,291,30,0.14,59.6,1.7,89,2026-10-05 15:10:00,PT5M,44.355,86.616,66.5973,22.1127,2.094
333,332,77,284,30,0.14,60.2,1.5,89,2026-10-05 15:15:00,PT5M,42.442,84.553,64.6053,20.2787,0.331
319,318,69,276,30,0.14,60.7,1.4,89,2026-10-05 15:20:00,PT5M,40.494,82.42,62.56,18.428,0.0
305,304,61,268,30,0.14,61.2,1.3,89,2026-10-05 15:25:00,PT5M,38.513,80.2115,60.4592,16.5668,0.0
291,291,53,260,30,0.14,61.7,1.1,90,2026-10-05 15:30:00,PT5M,36.501,77.9245,58.3025,14.6995,0.0
277,277,45,252,30,0.14,62.2,1.0,90,2026-10-05 15:35:00,PT5M,34.482,75.569,56.1064,12.8576,0.0
263,263,37,243,30,0.14,62.7,0.8,91,2026-10-05 15:40:00,PT5M,32.468,73.131,53.8692,11.0668,0.0
249,250,30,234,29,0.14,63.3,0.7,92,2026-10-05 15:45:00,PT5M,30.766,70.914,51.8962,9.6358,0.0
236,236,22,225,29,0.14,63.8,0.5,93,2026-10-05 15:50:00,PT5M,28.702,68.25,49.5164,7.8876,0.0
223,223,14,216,29,0.14,64.4,0.4,96,2026-10-05 15:55:00,PT5M,26.621,65.4935,47.0799,6.1621,0.0
209,210,7,207,29,0.14,64.9,0.2,102,2026-10-05 16:00:00,PT5M,24.525,62.6545,44.5928,4.4572,0.0
196,197,0,197,29,0.14,65.5,0.1,125,2026-10-05 16:05:00,PT5M,22.495,59.8055,42.1318,2.8582,0.0
183,184,0,184,29,0.14,66.0,0.1,229,2026-10-05 16:10:00,PT5M,21.016,57.432,40.182,1.85,0.0
171,171,0,171,29,0.14,66.6,0.2,252,2026-10-05 16:15:00,PT5M,19.928,54.0335,37.878,1.978,0.0
159,159,0,159,29,0.14,67.1,0.4,258,2026-10-05 16:20:00,PT5M,18.68,50.5035,35.4289,1.9311,0.0
147,147,0,147,29,0.14,67.7,0.5,260,2026-10-05 16:25:00,PT5M,17.375,46.887,32.9074,1.8426,0.0
135,135,0,135,28,0.14,68.3,0.7,262,2026-10-05 16:30:00,PT5M,16.049,43.307,30.3951,1.7029,0.0
123,123,0,123,28,0.14,68.9,0.8,263,2026-10-05 16:35:00,PT5M,14.718,39.7175,27.8754,1.5606,0.0
112,112,0,112,28,0.14,69.5,1.0,263,2026-10-05 16:40:00,PT5M,13.363,36.098,25.3286,1.3974,0.0
101,101,0,101,28,0.14,70.1,1.1,264,2026-10-05 16:45:00,PT5M,12.022,32.515,22.8076,1.2364,0.0
90,90,0,90,28,0.14,70.7,1.3,264,2026-10-05 16:50:00,PT5M,10.71,29.004,20.3383,1.0817,0.0
79,80,0,80,28,0.14,71.3,1.4,264,2026-10-05 16:55:00,PT5M,9.404,25.5755,17.9152,0.8928,0.0
69,69,0,69,28,0.14,71.9,1.5,265,2026-10-05 17:00:00,PT5M,8.141,22.295,15.5904,0.6916,0.0
59,59,0,59,28,0.14,72.5,1.7,265,2026-10-05 17:05:00,PT5M,6.87,19.082,13.2973,0.4427,0.0
50,50,0,50,28,0.14,73.1,1.8,265,2026-10-05 17:10:00,PT5M,5.681,16.0025,11.1133,0.2487,0.0
41,41,0,41,27,0.14,73.7,2.0,265,2026-10-05 17:15:00,PT5M,4.641,13.1155,9.1012,0.1808,0.0
33,34,0,34,27,0.14,74.4,2.1,265,2026-10-05 17:20:00,PT5M,3.653,10.323,7.1635,0.1425,0.0
26,26,0,26,27,0.14,75.0,2.3,265,2026-10-05 17:25:00,PT5M,2.696,7.596,5.2749,0.1171,0.0
20,20,0,20,27,0.14,75.6,2.4,265,2026-10-05 17:30:00,PT5M,1.895,5.319,3.6971,0.0929,0.0
14,14,0,14,27,0.14,76.1,2.5,266,2026-10-05 17:35:00,PT5M,1.199,3.3245,2.3177,0.0803,0.0
9,9,0,9,27,0.14,76.5,2.5,266,2026-10-05 17:40:00,PT5M,0.563,1.699,1.1609,0.0,0.0
5,5,0,5,27,0.14,76.8,2.5,267,2026-10-05 17:45:00,PT5M,0.0,0.442,0.2326,0.0,0.0
1,1,0,1,27,0.14,77.1,2.5,267,2026-10-05 17:50:00,PT5M,0.0,0.0,0.0,0.0,0.0
0,0,0,0,27,0.14,77.5,2.5,267,2026-10-05 17:55:00,PT5M,0.0,0.0,0.0,0.0,0.0
0,0,0,0,27,0.14,77.8,2.5,268,2026-10-05 18:00:00,PT5M,0.0,0.0,0.0,0.0,0.0
0,0,0,0,27,0.14,78.2,2.5,268,2026-10-05 18:05:00,PT5M,0.0,0.0,0.0,0.0,0.0
0,0,0,0,27,0.14,78.5,2.5,269,2026-10-05 18:10:00,PT5M,0.0,0.0,0.0,0.0,0.0
0,0,0,0,26,0.14,78.9,2.5,269,2026-10-05 18:15:00,PT5M,0.0,0.0,0.0,0.0,0.0
0,0,0,0,26,0.14,79.2,2.6,270,2026-10-05 18:20:00,PT5M,0.0,0.0,0.0,0.0,0.0
0,0,0,0,26,0.14,79.6,2.6,270,2026-10-05 18:25:00,PT5M,0.0,0.0,0.0,0.0,0.0
0,0,0,0,26,0.14,79.9,2.6,271,2026-10-05 18:30:00,PT5M,0.0,0.0,0.0,0.0,0.0
0,0,0,0,26,0.14,80.3,2.6,271,2026-10-05 18:35:00,PT5M,0.0,0.0,0.0,0.0,0.0
0,0,0,0,26,0.14,80.6,2.6,271,2026-10-05 18:40:00,PT5M,0.0,0.0,0.0,0.0,0.0
0,0,0,0,26,0.14,81.0,2.6,272,2026-10-05 18:45:00,PT5M,0.0,0.0,0.0,0.0,0.0
0,0,0,0,26,0.14,81.4,2.6,272,2026-10-05 18:50:00,PT5M,0.0,0.0,0.0,0.0,0.0
0,0,0,0,26,0.14,81.7,2.6,273,2026-10-05 18:55:00,PT5M,0.0,0.0,0.0,0.0,0.0
0,0,0,0,26,0.14,82.1,2.6,273,2026-10-05 19:00:00,PT5M,0.0,0.0,0.0,0.0,0.0
0,0,0,0,26,0.14,82.5,2.6,274,2026-10-05 19:05:00,PT5M,0.0,0.0,0.0,0.0,0.0
0,0,0,0,26,0.14,82.8,2.6,274,2026-10-05 19:10:00,PT5M,0.0,0.0,0.0,0.0,0.0
0,0,0,0,26,0.14,83.2,2.6,274,2026-10-05 19:15:00,PT5M,0.0,0.0,0.0,0.0,0.0
0,0,0,0,26,0.14,83.6,2.6,275,2026-10-05 19:20:00,PT5M,0.0,0.0,0.0,0.0,0.0
0,0,0,0,25,0.14,83.9,2.6,275,2026-10-05 19:25:00,PT5M,0.0,0.0,0.0,0.0,0.0
0,0,0,0,25,0.14,84.3,2.6,276,2026-10-05 19:30:00,PT5M,0.0,0.0,0.0,0.0,0.0
0,0,0,0,25,0.14,84.7,2.7,276,2026-10-05 19:35:00,PT5M,0.0,0.0,0.0,0.0,0.0
0,0,0,0,25,0.14,85.1,2.7,276,2026-10-05 19:40:00,PT5M,0.0,0.0,0.0,0.0,0.0
0,0,0,0,25,0.14,85.5,2.7,277,2026-10-05 19:45:00,PT5M,0.0,0.0,0.0,0.0,0.0
0,0,0,0,25,0.14,85.8,2.7,277,2026-10-05 19:50:00,PT5M,0.0,0.0,0.0,0.0,0.0
0,0,0,0,25,0.14,86.2,2.7,278,2026-10-05 19:55:00,PT5M,0.0,0.0,0.0,0.0,0.0
0,0,0,0,25,0.14,86.6,2.7,278,2026-10-05 20:00:00,PT5M,0.0,0.0,0.0,0.0,0.0
0,0,0,0,25,0.14,87.0,2.7,278,2026-10-05 20:05:00,PT5M,0.0,0.0,0.0,0.0,0.0
0,0,0,0,25,0.14,87.4,2.7,279,2026-10-05 20:10:00,PT5M,0.0,0.0,0.0,0.0,0.0
0,0,0,0,25,0.14,87.8,2.7,279,2026-10-05 20:15:00,PT5M,0.0,0.0,0.0,0.0,0.0
0,0,0,0,25,0.14,88.2,2.7,280,2026-10-05 20:20:00,PT5M,0.0,0.0,0.0,0.0,0.0
0,0,0,0,25,0.14,88.6,2.7,280,2026-10-05 20:25:00,PT5M,0.0,0.0,0.0,0.0,0.0
0,0,0,0,25,0.14,89.0,2.7,280,2026-10-05 20:30:00,PT5M,0.0,0.0,0.0,0.0,0.0
0,0,0,0,25,0.14,89.1,2.7,280,2026-10-05 20:35:00,PT5M,0.0,0.0,0.0,0.0,0.0
0,0,0,0,25,0.14,89.0,2.7,279,2026-10-05 20:40:00,PT5M,0.0,0.0,0.0,0.0,0.0
0,0,0,0,25,0.14,88.8,2.6,278,2026-10-05 20:45:00,PT5M,0.0,0.0,0.0,0.0,0.0
0,0,0,0,25,0.14,88.7,2.6,277,2026-10-05 20:50:00,PT5M,0.0,0.0,0.0,0.0,0.0
0,0,0,0,25,0.14,88.6,2.6,276,2026-10-05 20:55:00,PT5M,0.0,0.0,0.0,0.0,0.0
0,0,0,0,25,0.14,88.4,2.5,275,2026-10-05 21:00:00,PT5M,0.0,0.0,0.0,0.0,0.0
0,0,0,0,25,0.14,88.3,2.5,274,2026-10-05 21:05:00,PT5M,0.0,0.0,0.0,0.0,0.0
0,0,0,0,25,0.14,88.2,2.5,273,2026-10-05 21:10:00,PT5M,0.0,0.0,0.0,0.0,0.0
0,0,0,0,25,0.14,88.0,2.4,272,2026-10-05 21:15:00,PT5M,0.0,0.0,0.0,0.0,0.0
0,0,0,0,25,0.14,87.9,2.4,271,2026-10-05 21:20:00,PT5M,0.0,0.0,0.0,0.0,0.0
0,0,0,0,25,0.14,87.8,2.4,269,2026-10-05 21:25:00,PT5M,0.0,0.0,0.0,0.0,0.0
0,0,0,0,25,0.14,87.6,2.3,268,2026-10-05 21:30:00,PT5M,0.0,0.0,0.0,0.0,0.0
0,0,0,0,25,0.14,87.5,2.3,267,2026-10-05 21:35:00,PT5M,0.0,0.0,0.0,0.0,0.0
0,0,0,0,25,0.14,87.4,2.3,266,2026-10-05 21:40:00,PT5M,0.0,0.0,0.0,0.0,0.0
0,0,0,0,25,0.14,87.2,2.2,264,2026-10-05 21:45:00,PT5M,0.0,0.0,0.0,0.0,0.0
0,0,0,0,25,0.14,87.1,2.2,263,2026-10-05 21:50:00,PT5M,0.0,0.0,0.0,0.0,0.0
0,0,0,0,25,0.14,87.0,2.2,261,2026-10-05 21:55:00,PT5M,0.0,0.0,0.0,0.0,0.0
0,0,0,0,25,0.14,86.9,2.1,260,2026-10-05 22:00:00,PT5M,0.0,0.0,0.0,0.0,0.0
0,0,0,0,25,0.14,86.7,2.1,258,2026-10-05 22:05:00,PT5M,0.0,0.0,0.0,0.0,0.0
0,0,0,0,25,0.14,86.6,2.1,257,2026-10-05 22:10:00,PT5M,0.0,0.0,0.0,0.0,0.0
0,0,0,0,25,0.14,86.5,2.1,255,2026-10-05 22:15:00,PT5M,0.0,0.0,0.0,0.0,0.0
0,0,0,0,25,0.14,86.3,2.1,254,2026-10-05 22:20:00,PT5M,0.0,0.0,0.0,0.0,0.0
0,0,0,0,25,0.14,86.2,2.0,252,2026-10-05 22:25:00,PT5M,0.0,0.0,0.0,0.0,0.0
0,0,0,0,25,0.14,86.1,2.0,251,2026-10-05 22:30:00,PT5M,0.0,0.0,0.0,0.0,0.0
0,0,0,0,25,0.14,85.9,2.0,249,2026-10-05 22:35:00,PT5M,0.0,0.0,0.0,0.0,0.0
0,0,0,0,25,0.14,85.8,2.0,247,2026-10-05 22:40:00,PT5M,0.0,0.0,0.0,0.0,0.0
0,0,0,0,25,0.14,85.7,2.0,246,2026-10-05 22:45:00,PT5M,0.0,0.0,0.0,0.0,0.0
0,0,0,0,25,0.14,85.5,2.0,244,2026-10-05 22:50:00,PT5M,0.0,0.0,0.0,0.0,0.0
0,0,0,0,25,0.14,85.4,2.0,242,2026-10-05 22:55:00,PT5M,0.0,0.0,0.0,0.0,0.0
0,0,0,0,25,0.14,85.3,2.0,240,2026-10-05 23:00:00,PT5M,0.0,0.0,0.0,0.0,0.0
0,0,0,0,25,0.14,85.2,2.0,239,2026-10-05 23:05:00,PT5M,0.0,0.0,0.0,0.0,0.0
0,0,0,0,25,0.14,85.0,2.0,237,2026-10-05 23:10:00,PT5M,0.0,0.0,0.0,0.0,0.0
0,0,0,0,25,0.14,84.9,2.0,235,2026-10-05 23:15:00,PT5M,0.0,0.0,0.0,0.0,0.0
0,0,0,0,25,0.14,84.8,2.0,233,2026-10-05 23:20:00,PT5M,0.0,0.0,0.0,0.0,0.0
0,0,0,0,25,0.14,84.6,2.0,232,2026-10-05 23:25:00,PT5M,0.0,0.0,0.0,0.0,0.0
0,0,0,0,25,0.14,84.5,2.0,230,2026-10-05 23:30:00,PT5M,0.0,0.0,0.0,0.0,0.0
0,0,0,0,25,0.14,84.5,2.0,229,2026-10-05 23:35:00,PT5M,0.0,0.0,0.0,0.0,0.0
0,0,0,0,25,0.14,84.5,2.0,229,2026-10-05 23:40:00,PT5M,0.0,0.0,0.0,0.0,0.0
0,0,0,0,25,0.14,84.6,2.0,229,2026-10-05 23:45:00,PT5M,0.0,0.0,0.0,0.0,0.0
0,0,0,0,25,0.14,84.6,2.0,229,2026-10-05 23:50:00,PT5M,0.0,0.0,0.0,0.0,0.0
0,0,0,0,25,0.14,84.6,2.0,229,2026-10-05 23:55:00,PT5M,0.0,0.0,0.0,0.0,0.0
0,0,0,0,25,0.14,84.7,2.0,229,2026-10-06 00:00:00,PT5M,0.0,0.0,0.0,0.0,0.0
0,0,0,0,25,0.14,84.7,2.0,229,2026-10-06 00:05:00,PT5M,0.0,0.0,0.0,0.0,0.0
0,0,0,0,25,0.14,84.8,2.0,229,2026-10-06 00:10:00,PT5M,0.0,0.0,0.0,0.0,0.0
0,0,0,0,25,0.14,84.8,2.0,229,2026-10-06 00:15:00,PT5M,0.0,0.0,0.0,0.0,0.0
0,0,0,0,25,0.14,84.8,2.0,228,2026-10-06 00:20:00,PT5M,0.0,0.0,0.0,0.0,0.0
0,0,0,0,25,0.14,84.9,2.0,228,2026-10-06 00:25:00,PT5M,0.0,0.0,0.0,0.0,0.0
0,0,0,0,25,0.14,84.9,2.1,228,2026-10-06 00:30:00,PT5M,0.0,0.0,0.0,0.0,0.0
0,0,0,0,25,0.14,85.0,2.1,228,2026-10-06 00:35:00,PT5M,0.0,0.0,0.0,0.0,0.0
0,0,0,0,25,0.14,85.0,2.1,228,2026-10-06 00:40:00,PT5M,0.0,0.0,0.0,0.0,0.0
0,0,0,0,25,0.14,85.0,2.1,228,2026-10-06 00:45:00,PT5M,0.0,0.0,0.0,0.0,0.0
0,0,0,0,25,0.14,85.1,2.1,228,2026-10-06 00:50:00,PT5M,0.0,0.0,0.0,0.0,0.0
0,0,0,0,24,0.14,85.1,2.1,228,2026-10-06 00:55:00,PT5M,0.0,0.0,0.0,0.0,0.0
0,0,0,0,24,0.14,85.2,2.1,228,2026-10-06 01:00:00,PT5M,0.0,0.0,0.0,0.0,0.0
0,0,0,0,24,0.14,85.2,2.1,228,2026-10-06 01:05:00,PT5M,0.0,0.0,0.0,0.0,0.0
0,0,0,0,24,0.14,85.3,2.1,228,2026-10-06 01:10:00,PT5M,0.0,0.0,0.0,0.0,0.0
0,0,0,0,24,0.14,85.3,2.1,228,2026-10-06 01:15:00,PT5M,0.0,0.0,0.0,0.0,0.0
0,0,0,0,24,0.14,85.3,2.1,228,2026-10-06 01:20:00,PT5M,0.0,0.0,0.0,0.0,0.0
0,0,0,0,24,0.14,85.4,2.1,228,2026-10-06 01:25:00,PT5M,0.0,0.0,0.0,0.0,0.0
0,0,0,0,24,0.14,85.4,2.1,228,2026-10-06 01:30:00,PT5M,0.0,0.0,0.0,0.0,0.0
0,0,0,0,24,0.14,85.5,2.1,228,2026-10-06 01:35:00,PT5M,0.0,0.0,0.0,0.0,0.0
0,0,0,0,24,0.14,85.5,2.1,227,2026-10-06 01:40:00,PT5M,0.0,0.0,0.0,0.0,0.0
0,0,0,0,24,0.14,85.5,2.1,227,2026-10-06 01:45:00,PT5M,0.0,0.0,0.0,0.0,0.0
0,0,0,0,24,0.14,85.6,2.1,227,2026-10-06 01:50:00,PT5M,0.0,0.0,0.0,0.0,0.0
0,0,0,0,24,0.14,85.6,2.1,227,2026-10-06 01:55:00,PT5M,0.0,0.0,0.0,0.0,0.0
0,0,0,0,24,0.14,85.7,2.2,227,2026-10-06 02:00:00,PT5M,0.0,0.0,0.0,0.0,0.0
0,0,0,0,24,0.14,85.7,2.2,227,2026-10-06 02:05:00,PT5M,0.0,0.0,0.0,0.0,0.0
0,0,0,0,24,0.14,85.7,2.2,227,2026-10-06 02:10:00,PT5M,0.0,0.0,0.0,0.0,0.0
0,0,0,0,24,0.14,85.8,2.2,227,2026-10-06 02:15:00,PT5M,0.0,0.0,0.0,0.0,0.0
0,0,0,0,24,0.14,85.8,2.2,227,2026-10-06 02:20:00,PT5M,0.0,0.0,0.0,0.0,0.0
0,0,0,0,24,0.14,85.9,2.2,227,2026-10-06 02:25:00,PT5M,0.0,0.0,0.0,0.0,0.0
0,0,0,0,24,0.14,85.9,2.2,227,2026-10-06 02:30:00,PT5M,0.0,0.0,0.0,0.0,0.0
0,0,0,0,24,0.14,86.0,2.2,227,2026-10-06 02:35:00,PT5M,0.0,0.0,0.0,0.0,0.0
0,0,0,0,24,0.14,86.0,2.2,227,2026-10-06 02:40:00,PT5M,0.0,0.0,0.0,0.0,0.0
0,0,0,0,24,0.14,86.1,2.2,227,2026-10-06 02:45:00,PT5M,0.0,0.0,0.0,0.0,0.0
0,0,0,0,24,0.14,86.1,2.2,227,2026-10-06 02:50:00,PT5M,0.0,0.0,0.0,0.0,0.0
0,0,0,0,24,0.14,86.2,2.1,227,2026-10-06 02:55:00,PT5M,0.0,0.0,0.0,0.0,0.0
0,0,0,0,24,0.14,86.2,2.1,227,2026-10-06 03:00:00,PT5M,0.0,0.0,0.0,0.0,0.0
0,0,0,0,24,0.14,86.3,2.1,227,2026-10-06 03:05:00,PT5M,0.0,0.0,0.0,0.0,0.0
0,0,0,0,24,0.14,86.4,2.1,227,2026-10-06 03:10:00,PT5M,0.0,0.0,0.0,0.0,0.0
0,0,0,0,24,0.14,86.4,2.1,227,2026-10-06 03:15:00,PT5M,0.0,0.0,0.0,0.0,0.0
0,0,0,0,24,0.14,86.5,2.1,227,2026-10-06 03:20:00,PT5M,0.0,0.0,0.0,0.0,0.0
0,0,0,0,24,0.14,86.5,2.1,228,2026-10-06 03:25:00,PT5M,0.0,0.0,0.0,0.0,0.0
0,0,0,0,24,0.14,86.6,2.1,228,2026-10-06 03:30:00,PT5M,0.0,0.0,0.0,0.0,0.0
0,0,0,0,24,0.14,86.7,2.1,228,2026-10-06 03:35:00,PT5M,0.0,0.0,0.0,0.0,0.0
0,0,0,0,24,0.14,86.7,2.1,228,2026-10-06 03:40:00,PT5M,0.0,0.0,0.0,0.0,0.0
0,0,0,0,24,0.14,86.8,2.1,228,2026-10-06 03:45:00,PT5M,0.0,0.0,0.0,0.0,0.0
0,0,0,0,24,0.14,86.8,2.0,228,2026-10-06 03:50:00,PT5M,0.0,0.0,0.0,0.0,0.0
0,0,0,0,24,0.14,86.9,2.0,228,2026-10-06 03:55:00,PT5M,0.0,0.0,0.0,0.0,0.0
0,0,0,0,24,0.14,86.9,2.0,228,2026-10-06 04:00:00,PT5M,0.0,0.0,0.0,0.0,0.0
0,0,0,0,24,0.14,87.0,2.0,228,2026-10-06 04:05:00,PT5M,0.0,0.0,0.0,0.0,0.0
0,0,0,0,24,0.14,87.1,2.0,228,2026-10-06 04:10:00,PT5M,0.0,0.0,0.0,0.0,0.0
0,0,0,0,24,0.14,87.1,2.0,228,2026-10-06 04:15:00,PT5M,0.0,0.0,0.0,0.0,0.0
0,0,0,0,24,0.14,87.2,2.0,228,2026-10-06 04:20:00,PT5M,0.0,0.0,0.0,0.0,0.0
0,0,0,0,24,0.14,87.2,2.0,228,2026-10-06 04:25:00,PT5M,0.0,0.0,0.0,0.0,0.0
0,0,0,0,24,0.14,87.3,2.0,228,2026-10-06 04:30:00,PT5M,0.0,0.0,0.0,0.0,0.0
0,0,0,0,24,0.14,87.4,2.0,228,2026-10-06 04:35:00,PT5M,0.0,0.0,0.0,0.0,0.0
0,0,0,0,24,0.14,87.4,1.9,229,2026-10-06 04:40:00,PT5M,0.0,0.0,0.0,0.0,0.0
0,0,0,0,24,0.14,87.5,1.9,229,2026-10-06 04:45:00,PT5M,0.0,0.0,0.0,0.0,0.0
0,0,0,0,24,0.14,87.5,1.9,229,2026-10-06 04:50:00,PT5M,0.0,0.0,0.0,0.0,0.0
0,0,0,0,24,0.14,87.6,1.9,229,2026-10-06 04:55:00,PT5M,0.0,0.0,0.0,0.0,0.0
0,0,0,0,24,0.14,87.6,1.9,229,2026-10-06 05:00:00,PT5M,0.0,0.0,0.0,0.0,0.0
0,0,0,0,24,0.14,87.7,1.9,229,2026-10-06 05:05:00,PT5M,0.0,0.0,0.0,0.0,0.0
0,0,0,0,24,0.14,87.8,1.9,229,2026-10-06 05:10:00,PT5M,0.0,0.0,0.0,0.0,0.0
0,0,0,0,24,0.14,87.8,1.9,229,2026-10-06 05:15:00,PT5M,0.0,0.0,0.0,0.0,0.0
0,0,0,0,24,0.14,87.9,1.9,229,2026-10-06 05:20:00,PT5M,0.0,0.0,0.0,0.0,0.0
0,0,0,0,24,0.14,87.9,1.9,229,2026-10-06 05:25:00,PT5M,0.0,0.0,0.0,0.0,0.0
0,0,0,0,24,0.14,88.0,1.8,229,2026-10-06 05:30:00,PT5M,0.0,0.0,0.0,0.0,0.0
0,0,0,0,24,0.14,87.7,1.8,230,2026-10-06 05:35:00,PT5M,0.0,0.0,0.0,0.0,0.0
0,0,0,0,24,0.14,87.0,1.9,230,2026-10-06 05:40:00,PT5M,0.0,0.0,0.0,0.0,0.0
0,0,0,0,24,0.14,86.3,1.9,231,2026-10-06 05:45:00,PT5M,0.0,0.0,0.0,0.0,0.0
0,0,0,0,24,0.14,85.6,1.9,232,2026-10-06 05:50:00,PT5M,0.0,0.0,0.0,0.0,0.0
0,0,0,0,24,0.14,84.9,1.9,232,2026-10-06 05:55:00,PT5M,0.0,0.0,0.0,0.0,0.0
3,3,0,3,24,0.14,84.2,1.9,233,2026-10-06 06:00:00,PT5M,0.0,0.0,0.0,0.0,0.0
8,8,0,8,24,0.14,83.6,1.9,233,2026-10-06 06:05:00,PT5M,0.429,0.979,0.7185,0.1395,0.0
15,15,0,15,25,0.14,82.9,1.9,234,2026-10-06 06:10:00,PT5M,1.322,2.632,2.0115,0.6325,0.012
23,23,0,23,25,0.14,82.2,1.9,235,2026-10-06 06:15:00,PT5M,2.327,4.7975,3.6272,1.0268,0.0
31,32,0,32,25,0.14,81.6,2.0,235,2026-10-06 06:20:00,PT5M,3.438,7.4,5.5232,1.3528,0.0
41,42,0,42,25,0.14,80.9,2.0,236,2026-10-06 06:25:00,PT5M,4.717,10.259,7.6338,1.8002,0.0
53,53,0,53,25,0.14,80.3,2.0,236,2026-10-06 06:30:00,PT5M,6.235,13.601,10.1118,2.3582,0.0
65,65,0,65,25,0.14,79.7,2.0,237,2026-10-06 06:35:00,PT5M,7.785,17.1,12.6876,2.8824,0.0
79,79,14,76,25,0.14,79.0,2.0,237,2026-10-06 06:40:00,PT5M,9.843,21.1565,15.7974,3.8886,0.0
94,93,39,85,26,0.14,78.4,2.0,238,2026-10-06 06:45:00,PT5M,12.597,25.918,19.6079,5.5861,0.0
109,109,65,94,26,0.14,77.8,2.0,238,2026-10-06 06:50:00,PT5M,15.634,30.979,23.7102,7.5578,0.289
126,125,91,102,26,0.14,77.2,2.1,239,2026-10-06 06:55:00,PT5M,18.843,36.308,28.035,9.651,1.378
143,141,116,110,26,0.14,76.6,2.1,239,2026-10-06 07:00:00,PT5M,22.259,41.9045,32.5986,11.9194,2.6135
159,157,137,118,26,0.14,76.0,2.1,240,2026-10-06 07:05:00,PT5M,25.714,47.5695,37.2167,14.2113,3.8585
176,174,157,125,26,0.14,75.4,2.1,240,2026-10-06 07:10:00,PT5M,29.306,53.3615,41.9666,16.6454,5.2505
194,191,177,132,26,0.14,74.8,2.1,241,2026-10-06 07:15:00,PT5M,33.069,59.331,46.8909,19.2471,6.807
211,209,198,139,26,0.14,74.2,2.1,241,2026-10-06 07:20:00,PT5M,36.962,65.422,51.9407,21.9833,8.502
229,226,218,146,27,0.14,73.6,2.2,242,2026-10-06 07:25:00,PT5M,41.011,71.667,57.1455,24.8765,10.355
248,245,238,152,27,0.14,73.0,2.2,242,2026-10-06 07:30:00,PT5M,45.183,78.051,62.4817,27.8843,12.315
267,263,258,157,27,0.14,72.4,2.2,243,2026-10-06 07:35:00,PT5M,49.496,84.5925,67.9675,31.0245,14.3995
286,282,279,162,27,0.14,71.9,2.2,243,2026-10-06 07:40:00,PT5M,53.868,91.154,73.4919,34.2441,16.582
306,301,300,167,27,0.14,71.3,2.2,244,2026-10-06 07:45:00,PT5M,57.039,94.9595,76.9968,37.0812,19.1185
326,321,321,171,27,0.14,70.8,2.2,244,2026-10-06 07:50:00,PT5M,60.154,98.646,80.4126,39.8954,21.662
346,341,342,174,27,0.14,70.2,2.2,245,2026-10-06 07:55:00,PT5M,63.204,100.0,83.7176,42.6904,24.2275
367,361,363,177,27,0.14,69.7,2.3,245,2026-10-06 08:00:00,PT5M,66.175,100.0,86.9057,45.4443,26.786
387,381,385,179,28,0.14,69.1,2.3,246,2026-10-06 08:05:00,PT5M,69.022,100.0,89.9267,48.1173,29.3025
408,402,407,181,28,0.14,68.6,2.3,246,2026-10-06 08:10:00,PT5M,71.788,100.0,92.8182,50.7578,31.83
430,423,429,182,28,0.14,68.0,2.3,246,2026-10-06 08:15:00,PT5M,74.426,100.0,95.5291,53.3229,34.3295
451,444,451,183,28,0.14,67.5,2.3,247,2026-10-06 08:20:00,PT5M,76.921,100.0,98.0341,55.8079,36.8055
472,465,473,183,28,0.14,67.0,2.4,247,2026-10-06 08:25:00,PT5M,79.279,100.0,100.0,58.1701,39.1715
494,486,495,183,28,0.14,66.5,2.4,248,2026-10-06 08:30:00,PT5M,81.545,100.0,100.0,60.504,41.5665
513,504,509,184,28,0.14,65.8,2.3,248,2026-10-06 08:35:00,PT5M,83.022,100.0,100.0,62.0089,43.0965
528,519,512,189,28,0.14,65.1,2.3,249,2026-10-06 08:40:00,PT5M,83.739,100.0,100.0,62.6962,43.757
543,534,515,193,29,0.14,64.3,2.2,250,2026-10-06 08:45:00,PT5M,84.408,100.0,100.0,63.3426,44.383
557,549,518,198,29,0.14,63.6,2.2,251,2026-10-06 08:50:00,PT5M,85.039,100.0,100.0,63.9593,44.987
572,563,521,202,29,0.14,62.8,2.1,252,2026-10-06 08:55:00,PT5M,85.634,100.0,100.0,64.5475,45.569
586,577,523,207,29,0.14,62.1,2.1,253,2026-10-06 09:00:00,PT5M,86.199,100.0,100.0,65.2564,46.4075
600,591,527,210,29,0.14,61.4,2.0,254,2026-10-06 09:05:00,PT5M,86.853,100.0,100.0,66.0583,47.3425
614,605,531,214,29,0.14,60.6,2.0,255,2026-10-06 09:10:00,PT5M,87.473,100.0,100.0,66.8236,48.2385
628,618,534,217,30,0.14,59.9,1.9,256,2026-10-06 09:15:00,PT5M,88.061,100.0,100.0,67.554,49.097
641,631,537,221,30,0.14,59.2,1.9,257,2026-10-06 09:20:00,PT5M,88.621,100.0,100.0,68.2534,49.922
654,644,540,224,30,0.14,58.6,1.8,258,2026-10-06 09:25:00,PT5M,89.187,100.0,100.0,68.956,50.7475
666,657,543,227,30,0.14,57.9,1.8,259,2026-10-06 09:30:00,PT5M,89.687,100.0,100.0,69.5897,51.5015
679,669,546,231,30,0.14,57.2,1.7,261,2026-10-06 09:35:00,PT5M,90.161,100.0,100.0,70.1937,52.2225
690,681,548,234,30,0.14,56.6,1.7,262,2026-10-06 09:40:00,PT5M,90.61,100.0,100.0,70.7698,52.913
701,692,550,237,31,0.14,55.9,1.6,264,2026-10-06 09:45:00,PT5M,90.997,100.0,100.0,71.2781,53.5305
712,702,551,240,31,0.14,55.3,1.6,266,2026-10-06 09:50:00,PT5M,91.344,100.0,100.0,71.7417,54.099
722,712,552,243,31,0.14,54.6,1.6,267,2026-10-06 09:55:00,PT5M,91.669,100.0,100.0,72.1791,54.6375
732,722,553,247,31,0.14,54.0,1.5,269,2026-10-06 10:00:00,PT5M,91.971,100.0,100.0,72.5876,55.142
741,731,554,250,31,0.14,53.4,1.5,271,2026-10-06 10:05:00,PT5M,92.251,100.0,100.0,72.9703,55.617
750,740,554,253,31,0.14,52.8,1.4,273,2026-10-06 10:10:00,PT5M,92.508,100.0,100.0,73.3257,56.061
759,749,555,255,32,0.14,52.2,1.4,275,2026-10-06 10:15:00,PT5M,92.743,100.0,100.0,73.6552,56.4755
767,757,555,258,32,0.14,51.6,1.4,277,2026-10-06 10:20:00,PT5M,92.956,100.0,100.0,73.9587,56.8605
775,764,555,261,32,0.14,51.0,1.3,280,2026-10-06 10:25:00,PT5M,93.148,100.0,100.0,74.2375,57.2175
782,771,555,264,32,0.14,50.4,1.3,282,2026-10-06 10:30:00,PT5M,93.324,100.0,100.0,74.4972,57.5525
789,778,555,266,32,0.14,49.8,1.3,285,2026-10-06 10:35:00,PT5M,93.479,100.0,100.0,74.7325,57.86
795,784,555,268,32,0.14,49.2,1.3,287,2026-10-06 10:40:00,PT5M,93.611,100.0,100.0,74.9408,58.137
801,790,555,271,33,0.14,48.7,1.2,290,2026-10-06 10:45:00,PT5M,93.72,100.0,100.0,75.1208,58.381
806,796,555,273,33,0.14,48.1,1.2,293,2026-10-06 10:50:00,PT5M,93.803,100.0,100.0,75.2683,58.5865
811,801,554,275,33,0.14,47.6,1.2,296,2026-10-06 10:55:00,PT5M,93.851,100.0,100.0,75.3637,58.7245
816,805,554,277,33,0.14,47.0,1.2,299,2026-10-06 11:00:00,PT5M,93.887,100.0,100.0,75.4502,58.8565
820,809,553,279,33,0.14,46.5,1.2,302,2026-10-06 11:05:00,PT5M,93.913,100.0,100.0,75.5325,58.9895
823,812,552,281,33,0.14,46.0,1.2,305,2026-10-06 11:10:00,PT5M,93.918,100.0,100.0,75.588,59.0905
826,816,551,283,34,0.14,45.4,1.2,308,2026-10-06 11:15:00,PT5M,93.894,100.0,100.0,75.6027,59.14
829,818,550,284,34,0.14,44.9,1.2,311,2026-10-06 11:20:00,PT5M,93.848,100.0,100.0,75.5901,59.1575
831,820,549,286,34,0.14,44.4,1.2,314,2026-10-06 11:25:00,PT5M,93.78,100.0,100.0,75.5503,59.143
832,822,548,288,34,0.14,43.9,1.2,317,2026-10-06 11:30:00,PT5M,93.69,100.0,100.0,75.4842,59.0985
833,823,546,289,34,0.14,43.6,1.2,319,2026-10-06 11:35:00,PT5M,93.6,100.0,100.0,75.394,59.008
834,823,545,290,34,0.14,43.6,1.2,321,2026-10-06 11:40:00,PT5M,93.51,100.0,100.0,75.279,58.8705
834,823,543,292,34,0.14,43.5,1.1,323,2026-10-06 11:45:00,PT5M,93.395,100.0,100.0,75.1337,58.698
833,823,541,293,34,0.14,43.5,1.1,326,2026-10-06 11:50:00,PT5M,93.255,100.0,100.0,74.9582,58.4905
832,822,539,294,34,0.14,43.4,1.1,328,2026-10-06 11:55:00,PT5M,93.099,100.0,100.0,74.7614,58.257
831,821,536,295,34,0.14,43.3,1.1,330,2026-10-06 12:00:00,PT5M,93.021,100.0,100.0,74.6376,58.092
829,819,533,296,34,0.14,43.3,1.0,333,2026-10-06 12:05:00,PT5M,92.96,100.0,100.0,74.525,57.933
826,816,530,297,34,0.14,43.2,1.0,335,2026-10-06 12:10:00,PT5M,92.819,100.0,100.0,74.3267,57.683
823,813,527,298,34,0.14,43.2,1.0,338,2026-10-06 12:15:00,PT5M,92.653,100.0,100.0,74.0986,57.399
820,809,523,300,34,0.14,43.1,1.0,341,2026-10-06 12:20:00,PT5M,92.461,100.0,100.0,73.84,57.0805
815,805,519,300,34,0.14,43.1,1.0,344,2026-10-06 12:25:00,PT5M,92.244,100.0,100.0,73.5522,56.729
811,801,516,301,34,0.14,43.0,1.0,346,2026-10-06 12:30:00,PT5M,92.002,100.0,100.0,73.2357,56.3455
806,796,512,302,34,0.14,42.9,1.0,349,2026-10-06 12:35:00,PT5M,91.736,100.0,100.0,72.901,55.949
800,791,508,303,34,0.14,42.9,0.9,352,2026-10-06 12:40:00,PT5M,91.441,100.0,100.0,72.5426,55.5335
794,785,503,303,34,0.14,42.8,0.9,355,2026-10-06 12:45:00,PT5M,91.111,100.0,100.0,72.1382,55.062
788,778,499,303,34,0.14,42.8,0.9,358,2026-10-06 12:50:00,PT5M,90.757,100.0,100.0,71.706,54.5595
781,772,495,304,34,0.14,42.7,0.9,2,2026-10-06 12:55:00,PT5M,90.393,100.0,100.0,71.2709,54.0605
774,765,490,304,34,0.14,42.7,1.0,5,2026-10-06 13:00:00,PT5M,90.01,100.0,100.0,70.8166,53.542
766,757,486,303,34,0.14,42.6,1.0,7,2026-10-06 13:05:00,PT5M,89.583,100.0,100.0,70.3044,52.953
758,749,481,303,34,0.14,42.5,1.0,10,2026-10-06 13:10:00,PT5M,89.126,100.0,100.0,69.7568,52.324
750,741,476,303,34,0.14,42.5,1.0,13,2026-10-06 13:15:00,PT5M,88.639,100.0,100.0,69.1751,51.657
741,732,472,302,34,0.14,42.4,1.0,16,2026-10-06 13:20:00,PT5M,88.124,100.0,100.0,68.5622,50.956
732,723,467,301,34,0.14,42.4,1.0,19,2026-10-06 13:25:00,PT5M,87.582,100.0,100.0,67.92,50.2235
723,714,462,300,34,0.14,42.3,1.0,21,2026-10-06 13:30:00,PT5M,87.016,100.0,100.0,67.2513,49.4625
713,704,457,299,34,0.14,42.3,1.1,24,2026-10-06 13:35:00,PT5M,86.422,100.0,100.0,66.5431,48.6515
702,694,452,298,34,0.14,42.2,1.1,26,2026-10-06 13:40:00,PT5M,85.798,100.0,100.0,65.7931,47.788
692,683,447,296,34,0.14,42.1,1.1,28,2026-10-06 13:45:00,PT5M,85.144,100.0,100.0,65.0106,46.89
681,673,441,294,34,0.14,42.1,1.1,30,2026-10-06 13:50:00,PT5M,84.46,100.0,100.0,64.1959,45.9575
670,661,436,292,34,0.14,42.0,1.2,33,2026-10-06 13:55:00,PT5M,83.744,100.0,100.0,63.3464,44.988
658,650,430,290,34,0.14,42.0,1.2,35,2026-10-06 14:00:00,PT5M,82.996,100.0,100.0,62.4613,43.9795
646,638,425,288,34,0.14,41.9,1.2,36,2026-10-06 14:05:00,PT5M,82.229,100.0,100.0,61.5557,42.949
634,626,419,285,34,0.14,41.9,1.3,38,2026-10-06 14:10:00,PT5M,81.415,100.0,100.0,60.6003,41.8665
621,613,413,283,34,0.14,41.8,1.3,40,2026-10-06 14:15:00,PT5M,80.547,100.0,100.0,59.5884,40.725
608,601,407,280,34,0.14,41.7,1.3,41,2026-10-06 14:20:00,PT5M,79.646,100.0,100.0,58.5419,39.5475
594,587,401,277,34,0.14,41.7,1.4,43,2026-10-06 14:25:00,PT5M,78.713,100.0,99.964,57.462,38.3355
581,574,394,274,34,0.14,41.6,1.4,44,2026-10-06 14:30:00,PT5M,77.746,100.0,99.1446,56.3474,37.088
563,557,380,273,34,0.14,41.9,1.4,46,2026-10-06 14:35:00,PT5M,76.142,100.0,97.6235,54.6605,35.3265
542,536,357,274,34,0.14,42.5,1.4,48,2026-10-06 14:40:00,PT5M,73.87,100.0,95.4865,52.2535,32.798
521,516,336,274,34,0.14,43.2,1.3,51,2026-10-06 14:45:00,PT5M,71.573,100.0,93.3234,49.8226,30.2465
501,495,315,274,34,0.14,43.8,1.3,53,2026-10-06 14:50:00,PT5M,69.246,100.0,91.1143,47.3777,27.6955
481,476,295,272,34,0.14,44.4,1.3,56,2026-10-06 14:55:00,PT5M,66.954,100.0,88.9202,44.9878,25.2175
461,456,276,270,34,0.14,45.1,1.2,59,2026-10-06 15:00:00,PT5M,64.612,100.0,86.6577,42.5663,22.7245
441,437,257,268,33,0.14,45.7,1.2,61,2026-10-06 15:05:00,PT5M,62.198,100.0,84.2684,40.1276,20.2635
421,418,239,265,33,0.14,46.4,1.2,64,2026-10-06 15:10:00,PT5M,59.712,100.0,81.8103,37.6137,17.7245
402,399,220,261,33,0.14,47.1,1.2,67,2026-10-06 15:15:00,PT5M,57.207,99.208,79.3124,35.1016,15.206
383,380,202,257,33,0.14,47.8,1.2,70,2026-10-06 15:20:00,PT5M,54.605,96.557,76.6846,32.5254,12.653
364,361,185,252,33,0.14,48.5,1.2,74,2026-10-06 15:25:00,PT5M,51.952,93.8,73.9769,29.9271,10.104
345,343,168,247,33,0.14,49.2,1.2,77,2026-10-06 15:30:00,PT5M,49.248,90.9295,71.1853,27.3107,7.5665
327,325,151,241,33,0.14,49.9,1.2,80,2026-10-06 15:35:00,PT5M,46.497,87.8995,68.2874,24.7066,5.0945
309,307,134,235,32,0.14,50.7,1.2,83,2026-10-06 15:40:00,PT5M,43.716,84.7135,65.2933,22.1387,2.7185
291,289,118,228,32,0.14,51.4,1.2,86,2026-10-06 15:45:00,PT5M,40.895,81.3895,62.2075,19.5825,0.4005
273,272,103,221,32,0.14,52.2,1.2,90,2026-10-06 15:50:00,PT5M,38.266,78.166,59.2657,17.2663,0.0
256,255,87,213,32,0.14,53.0,1.2,93,2026-10-06 15:55:00,PT5M,35.4,74.6235,56.0436,14.7564,0.0
239,239,72,205,32,0.14,53.7,1.2,96,2026-10-06 16:00:00,PT5M,32.524,70.9965,52.7724,12.2756,0.0
223,223,58,197,32,0.14,54.5,1.2,99,2026-10-06 16:05:00,PT5M,29.652,67.308,49.4706,9.8334,0.0
207,207,44,188,31,0.14,55.3,1.2,101,2026-10-06 16:10:00,PT5M,26.808,63.507,46.1229,7.4931,0.0
191,191,30,179,31,0.14,56.2,1.3,104,2026-10-06 16:15:00,PT5M,24.197,58.5185,42.2607,6.1333,0.0
176,176,17,170,31,0.14,57.0,1.3,107,2026-10-06 16:20:00,PT5M,21.822,53.849,38.678,4.966,0.0
162,162,5,160,31,0.14,57.8,1.3,109,2026-10-06 16:25:00,PT5M,19.316,49.063,34.9721,3.6599,0.0
147,148,0,148,31,0.14,58.7,1.4,112,2026-10-06 16:30:00,PT5M,17.44,44.8675,31.8753,3.0047,0.0
134,134,0,134,31,0.14,59.6,1.4,114,2026-10-06 16:35:00,PT5M,15.887,41.0365,29.1234,2.6506,0.0
121,121,0,121,31,0.14,60.4,1.4,116,2026-10-06 16:40:00,PT5M,14.327,37.1975,26.3639,2.2901,0.0
108,108,0,108,30,0.14,61.3,1.5,118,2026-10-06 16:45:00,PT5M,12.799,33.4085,23.6459,1.9521,0.0
96,96,0,96,30,0.14,62.2,1.5,120,2026-10-06 16:50:00,PT5M,11.319,29.707,20.9967,1.6413,0.0
84,84,0,84,30,0.14,63.2,1.6,122,2026-10-06 16:55:00,PT5M,9.856,26.099,18.4048,1.3072,0.0
72,72,0,72,30,0.14,64.1,1.6,124,2026-10-06 17:00:00,PT5M,8.464,22.663,15.937,0.991,0.0
61,61,0,61,30,0.14,65.0,1.6,125,2026-10-06 17:05:00,PT5M,7.068,19.2895,13.5003,0.6357,0.0
51,51,0,51,30,0.14,66.0,1.7,127,2026-10-06 17:10:00,PT5M,5.795,16.0905,11.2136,0.3764,0.0
42,42,0,42,30,0.14,67.0,1.7,128,2026-10-06 17:15:00,PT5M,4.684,13.039,9.0813,0.2867,0.0
33,34,0,34,29,0.14,68.0,1.8,130,2026-10-06 17:20:00,PT5M,3.632,10.1065,7.0396,0.2244,0.0
26,26,0,26,29,0.14,69.0,1.8,131,2026-10-06 17:25:00,PT5M,2.638,7.3485,5.1172,0.1588,0.0
19,20,0,20,29,0.14,70.0,1.9,132,2026-10-06 17:30:00,PT5M,1.821,5.0795,3.536,0.106,0.0
14,14,0,14,29,0.14,70.6,1.9,134,2026-10-06 17:35:00,PT5M,1.128,3.1115,2.1719,0.0841,0.0
9,9,0,9,29,0.14,70.8,1.8,136,2026-10-06 17:40:00,PT5M,0.508,1.5565,1.0598,0.0,0.0
5,5,0,5,29,0.14,70.9,1.8,138,2026-10-06 17:45:00,PT5M,0.0,0.38,0.2,0.0,0.0
1,1,0,1,29,0.14,71.1,1.7,140,2026-10-06 17:50:00,PT5M,0.0,0.0,0.0,0.0,0.0
0,0,0,0,29,0.14,71.2,1.7,142,2026-10-06 17:55:00,PT5M,0.0,0.0,0.0,0.0,0.0
0,0,0,0,29,0.14,71.4,1.7,145,2026-10-06 18:00:00,PT5M,0.0,0.0,0.0,0.0,0.0
0,0,0,0,29,0.14,71.6,1.6,147,2026-10-06 18:05:00,PT5M,0.0,0.0,0.0,0.0,0.0
0,0,0,0,29,0.14,71.7,1.6,150,2026-10-06 18:10:00,PT5M,0.0,0.0,0.0,0.0,0.0
0,0,0,0,29,0.14,71.9,1.6,153,2026-10-06 18:15:00,PT5M,0.0,0.0,0.0,0.0,0.0
0,0,0,0,29,0.14,72.0,1.5,156,2026-10-06 18:20:00,PT5M,0.0,0.0,0.0,0.0,0.0
0,0,0,0,28,0.14,72.2,1.5,159,2026-10-06 18:25:00,PT5M,0.0,0.0,0.0,0.0,0.0
0,0,0,0,28,0.14,72.4,1.5,162,2026-10-06 18:30:00,PT5M,0.0,0.0,0.0,0.0,0.0
0,0,0,0,28,0.14,72.5,1.5,165,2026-10-06 18:35:00,PT5M,0.0,0.0,0.0,0.0,0.0
0,0,0,0,28,0.14,72.7,1.5,168,2026-10-06 18:40:00,PT5M,0.0,0.0,0.0,0.0,0.0
0,0,0,0,28,0.14,72.8,1.5,171,2026-10-06 18:45:00,PT5M,0.0,0.0,0.0,0.0,0.0
0,0,0,0,28,0.14,73.0,1.5,174,2026-10-06 18:50:00,PT5M,0.0,0.0,0.0,0.0,0.0
0,0,0,0,28,0.14,73.2,1.5,177,2026-10-06 18:55:00,PT5M,0.0,0.0,0.0,0.0,0.0
0,0,0,0,28,0.14,73.3,1.5,180,2026-10-06 19:00:00,PT5M,0.0,0.0,0.0,0.0,0.0
0,0,0,0,28,0.14,73.5,1.5,183,2026-10-06 19:05:00,PT5M,0.0,0.0,0.0,0.0,0.0
0,0,0,0,28,0.14,73.7,1.5,186,2026-10-06 19:10:00,PT5M,0.0,0.0,0.0,0.0,0.0
0,0,0,0,28,0.14,73.8,1.5,189,2026-10-06 19:15:00,PT5M,0.0,0.0,0.0,0.0,0.0
0,0,0,0,28,0.14,74.0,1.6,192,2026-10-06 19:20:00,PT5M,0.0,0.0,0.0,0.0,0.0
0,0,0,0,28,0.14,74.1,1.6,195,2026-10-06 19:25:00,PT5M,0.0,0.0,0.0,0.0,0.0
0,0,0,0,28,0.14,74.3,1.6,198,2026-10-06 19:30:00,PT5M,0.0,0.0,0.0,0.0,0.0
0,0,0,0,28,0.14,74.5,1.7,200,2026-10-06 19:35:00,PT5M,0.0,0.0,0.0,0.0,0.0
0,0,0,0,28,0.14,74.6,1.7,202,2026-10-06 19:40:00,PT5M,0.0,0.0,0.0,0.0,0.0
0,0,0,0,28,0.14,74.8,1.8,205,2026-10-06 19:45:00,PT5M,0.0,0.0,0.0,0.0,0.0
0,0,0,0,28,0.14,75.0,1.8,207,2026-10-06 19:50:00,PT5M,0.0,0.0,0.0,0.0,0.0
0,0,0,0,27,0.14,75.2,1.8,209,2026-10-06 19:55:00,PT5M,0.0,0.0,0.0,0.0,0.0
0,0,0,0,27,0.14,75.3,1.9,211,2026-10-06 20:00:00,PT5M,0.0,0.0,0.0,0.0,0.0
0,0,0,0,27,0.14,75.5,2.0,213,2026-10-06 20:05:00,PT5M,0.0,0.0,0.0,0.0,0.0
0,0,0,0,27,0.14,75.7,2.0,215,2026-10-06 20:10:00,PT5M,0.0,0.0,0.0,0.0,0.0
0,0,0,0,27,0.14,75.8,2.1,216,2026-10-06 20:15:00,PT5M,0.0,0.0,0.0,0.0,0.0
0,0,0,0,27,0.14,76.0,2.1,218,2026-10-06 20:20:00,PT5M,0.0,0.0,0.0,0.0,0.0
0,0,0,0,27,0.14,76.2,2.2,219,2026-10-06 20:25:00,PT5M,0.0,0.0,0.0,0.0,0.0
0,0,0,0,27,0.14,76.3,2.2,221,2026-10-06 20:30:00,PT5M,0.0,0.0,0.0,0.0,0.0
0,0,0,0,27,0.14,76.6,2.3,221,2026-10-06 20:35:00,PT5M,0.0,0.0,0.0,0.0,0.0
0,0,0,0,27,0.14,76.8,2.3,221,2026-10-06 20:40:00,PT5M,0.0,0.0,0.0,0.0,0.0
0,0,0,0,27,0.14,77.1,2.3,221,2026-10-06 20:45:00,PT5M,0.0,0.0,0.0,0.0,0.0
0,0,0,0,27,0.14,77.4,2.3,221,2026-10-06 20:50:00,PT5M,0.0,0.0,0.0,0.0,0.0
0,0,0,0,27,0.14,77.7,2.2,221,2026-10-06 20:55:00,PT5M,0.0,0.0,0.0,0.0,0.0
0,0,0,0,27,0.14,78.0,2.2,221,2026-10-06 21:00:00,PT5M,0.0,0.0,0.0,0.0,0.0
0,0,0,0,27,0.14,78.2,2.2,221,2026-10-06 21:05:00,PT5M,0.0,0.0,0.0,0.0,0.0
0,0,0,0,27,0.14,78.5,2.2,221,2026-10-06 21:10:00,PT5M,0.0,0.0,0.0,0.0,0.0
0,0,0,0,27,0.14,78.8,2.2,221,2026-10-06 21:15:00,PT5M,0.0,0.0,0.0,0.0,0.0
0,0,0,0,27,0.14,79.1,2.2,221,2026-10-06 21:20:00,PT5M,0.0,0.0,0.0,0.0,0.0
0,0,0,0,26,0.14,79.4,2.2,221,2026-10-06 21:25:00,PT5M,0.0,0.0,0.0,0.0,0.0
0,0,0,0,26,0.14,79.7,2.2,221,2026-10-06 21:30:00,PT5M,0.0,0.0,0.0,0.0,0.0
0,0,0,0,26,0.14,80.0,2.2,221,2026-10-06 21:35:00,PT5M,0.0,0.0,0.0,0.0,0.0
0,0,0,0,26,0.14,80.2,2.2,221,2026-10-06 21:40:00,PT5M,0.0,0.0,0.0,0.0,0.0
0,0,0,0,26,0.14,80.5,2.2,221,2026-10-06 21:45:00,PT5M,0.0,0.0,0.0,0.0,0.0
0,0,0,0,26,0.14,80.8,2.2,221,2026-10-06 21:50:00,PT5M,0.0,0.0,0.0,0.0,0.0
0,0,0,0,26,0.14,81.1,2.2,221,2026-10-06 21:55:00,PT5M,0.0,0.0,0.0,0.0,0.0
0,0,0,0,26,0.14,81.4,2.2,221,2026-10-06 22:00:00,PT5M,0.0,0.0,0.0,0.0,0.0
0,0,0,0,26,0.14,81.7,2.2,221,2026-10-06 22:05:00,PT5M,0.0,0.0,0.0,0.0,0.0
0,0,0,0,26,0.14,82.0,2.2,221,2026-10-06 22:10:00,PT5M,0.0,0.0,0.0,0.0,0.0
0,0,0,0,26,0.14,82.3,2.2,221,2026-10-06 22:15:00,PT5M,0.0,0.0,0.0,0.0,0.0
0,0,0,0,26,0.14,82.6,2.2,221,2026-10-06 22:20:00,PT5M,0.0,0.0,0.0,0.0,0.0
0,0,0,0,26,0.14,82.9,2.2,221,2026-10-06 22:25:00,PT5M,0.0,0.0,0.0,0.0,0.0
0,0,0,0,26,0.14,83.2,2.2,221,2026-10-06 22:30:00,PT5M,0.0,0.0,0.0,0.0,0.0
0,0,0,0,26,0.14,83.5,2.2,221,2026-10-06 22:35:00,PT5M,0.0,0.0,0.0,0.0,0.0
0,0,0,0,26,0.14,83.8,2.2,221,2026-10-06 22:40:00,PT5M,0.0,0.0,0.0,0.0,0.0
0,0,0,0,26,0.14,84.1,2.2,221,2026-10-06 22:45:00,PT5M,0.0,0.0,0.0,0.0,0.0
0,0,0,0,26,0.14,84.4,2.2,221,2026-10-06 22:50:00,PT5M,0.0,0.0,0.0,0.0,0.0
0,0,0,0,25,0.14,84.7,2.2,221,2026-10-06 22:55:00,PT5M,0.0,0.0,0.0,0.0,0.0
0,0,0,0,25,0.14,85.0,2.2,221,2026-10-06 23:00:00,PT5M,0.0,0.0,0.0,0.0,0.0
0,0,0,0,25,0.14,85.4,2.1,221,2026-10-06 23:05:00,PT5M,0.0,0.0,0.0,0.0,0.0
0,0,0,0,25,0.14,85.7,2.1,221,2026-10-06 23:10:00,PT5M,0.0,0.0,0.0,0.0,0.0
0,0,0,0,25,0.14,86.0,2.1,221,2026-10-06 23:15:00,PT5M,0.0,0.0,0.0,0.0,0.0
0,0,0,0,25,0.14,86.3,2.1,221,2026-10-06 23:20:00,PT5M,0.0,0.0,0.0,0.0,0.0
0,0,0,0,25,0.14,86.6,2.1,221,2026-10-06 23:25:00,PT5M,0.0,0.0,0.0,0.0,0.0
0,0,0,0,25,0.14,86.9,2.1,221,2026-10-06 23:30:00,PT5M,0.0,0.0,0.0,0.0,0.0
0,0,0,0,25,0.14,87.1,2.1,221,2026-10-06 23:35:00,PT5M,0.0,0.0,0.0,0.0,0.0
0,0,0,0,25,0.14,87.2,2.1,222,2026-10-06 23:40:00,PT5M,0.0,0.0,0.0,0.0,0.0
0,0,0,0,25,0.14,87.3,2.1,222,2026-10-06 23:45:00,PT5M,0.0,0.0,0.0,0.0,0.0
0,0,0,0,25,0.14,87.4,2.1,222,2026-10-06 23:50:00,PT5M,0.0,0.0,0.0,0.0,0.0
0,0,0,0,25,0.14,87.5,2.1,223,2026-10-06 23:55:00,PT5M,0.0,0.0,0.0,0.0,0.0
0,0,0,0,25,0.14,87.6,2.1,223,2026-10-07 00:00:00,PT5M,0.0,0.0,0.0,0.0,0.0
0,0,0,0,25,0.14,87.6,2.1,224,2026-10-07 00:05:00,PT5M,0.0,0.0,0.0,0.0,0.0
0,0,0,0,25,0.14,87.7,2.0,224,2026-10-07 00:10:00,PT5M,0.0,0.0,0.0,0.0,0.0
0,0,0,0,25,0.14,87.8,2.0,224,2026-10-07 00:15:00,PT5M,0.0,0.0,0.0,0.0,0.0
0,0,0,0,25,0.14,87.9,2.0,225,2026-10-07 00:20:00,PT5M,0.0,0.0,0.0,0.0,0.0
0,0,0,0,25,0.14,88.0,2.0,225,2026-10-07 00:25:00,PT5M,0.0,0.0,0.0,0.0,0.0
0,0,0,0,25,0.14,88.1,2.0,225,2026-10-07 00:30:00,PT5M,0.0,0.0,0.0,0.0,0.0
0,0,0,0,25,0.14,88.2,2.0,226,2026-10-07 00:35:00,PT5M,0.0,0.0,0.0,0.0,0.0
0,0,0,0,25,0.14,88.3,2.0,226,2026-10-07 00:40:00,PT5M,0.0,0.0,0.0,0.0,0.0
0,0,0,0,25,0.14,88.3,2.0,227,2026-10-07 00:45:00,PT5M,0.0,0.0,0.0,0.0,0.0
0,0,0,0,25,0.14,88.4,2.0,227,2026-10-07 00:50:00,PT5M,0.0,0.0,0.0,0.0,0.0
0,0,0,0,25,0.14,88.5,2.0,227,2026-10-07 00:55:00,PT5M,0.0,0.0,0.0,0.0,0.0
0,0,0,0,25,0.14,88.6,2.0,228,2026-10-07 01:00:00,PT5M,0.0,0.0,0.0,0.0,0.0
0,0,0,0,25,0.14,88.7,1.9,228,2026-10-07 01:05:00,PT5M,0.0,0.0,0.0,0.0,0.0
0,0,0,0,25,0.14,88.8,1.9,229,2026-10-07 01:10:00,PT5M,0.0,0.0,0.0,0.0,0.0
0,0,0,0,25,0.14,88.9,1.9,229,2026-10-07 01:15:00,PT5M,0.0,0.0,0.0,0.0,0.0
0,0,0,0,25,0.14,89.0,1.9,230,2026-10-07 01:20:00,PT5M,0.0,0.0,0.0,0.0,0.0
0,0,0,0,25,0.14,89.0,1.9,230,2026-10-07 01:25:00,PT5M,0.0,0.0,0.0,0.0,0.0
0,0,0,0,25,0.14,89.1,1.9,230,2026-10-07 01:30:00,PT5M,0.0,0.0,0.0,0.0,0.0
0,0,0,0,25,0.14,89.2,1.9,231,2026-10-07 01:35:00,PT5M,0.0,0.0,0.0,0.0,0.0
0,0,0,0,25,0.14,89.3,1.9,231,2026-10-07 01:40:00,PT5M,0.0,0.0,0.0,0.0,0.0
0,0,0,0,25,0.14,89.4,1.9,232,2026-10-07 01:45:00,PT5M,0.0,0.0,0.0,0.0,0.0
0,0,0,0,25,0.14,89.5,1.9,232,2026-10-07 01:50:00,PT5M,0.0,0.0,0.0,0.0,0.0
0,0,0,0,24,0.14,89.6,1.9,233,2026-10-07 01:55:00,PT5M,0.0,0.0,0.0,0.0,0.0
0,0,0,0,24,0.14,89.7,1.9,233,2026-10-07 02:00:00,PT5M,0.0,0.0,0.0,0.0,0.0
0,0,0,0,24,0.14,89.8,1.8,234,2026-10-07 02:05:00,PT5M,0.0,0.0,0.0,0.0,0.0
0,0,0,0,24,0.14,89.9,1.8,234,2026-10-07 02:10:00,PT5M,0.0,0.0,0.0,0.0,0.0
0,0,0,0,24,0.14,89.9,1.8,235,2026-10-07 02:15:00,PT5M,0.0,0.0,0.0,0.0,0.0
0,0,0,0,24,0.14,90.0,1.8,235,2026-10-07 02:20:00,PT5M,0.0,0.0,0.0,0.0,0.0
0,0,0,0,24,0.14,90.1,1.8,236,2026-10-07 02:25:00,PT5M,0.0,0.0,0.0,0.0,0.0
0,0,0,0,24,0.14,90.2,1.8,236,2026-10-07 02:30:00,PT5M,0.0,0.0,0.0,0.0,0.0
0,0,0,0,24,0.14,90.3,1.8,236,2026-10-07 02:35:00,PT5M,0.0,0.0,0.0,0.0,0.0
0,0,0,0,24,0.14,90.3,1.8,236,2026-10-07 02:40:00,PT5M,0.0,0.0,0.0,0.0,0.0
0,0,0,0,24,0.14,90.4,1.8,236,2026-10-07 02:45:00,PT5M,0.0,0.0,0.0,0.0,0.0
0,0,0,0,24,0.14,90.5,1.8,236,2026-10-07 02:50:00,PT5M,0.0,0.0,0.0,0.0,0.0
0,0,0,0,24,0.14,90.5,1.8,236,2026-10-07 02:55:00,PT5M,0.0,0.0,0.0,0.0,0.0
0,0,0,0,24,0.14,90.6,1.7,236,2026-10-07 03:00:00,PT5M,0.0,0.0,0.0,0.0,0.0
0,0,0,0,24,0.14,90.6,1.7,236,2026-10-07 03:05:00,PT5M,0.0,0.0,0.0,0.0,0.0
0,0,0,0,24,0.14,90.7,1.7,236,2026-10-07 03:10:00,PT5M,0.0,0.0,0.0,0.0,0.0
0,0,0,0,24,0.14,90.8,1.7,236,2026-10-07 03:15:00,PT5M,0.0,0.0,0.0,0.0,0.0
0,0,0,0,24,0.14,90.8,1.7,236,2026-10-07 03:20:00,PT5M,0.0,0.0,0.0,0.0,0.0
0,0,0,0,24,0.14,90.9,1.7,236,2026-10-07 03:25:00,PT5M,0.0,0.0,0.0,0.0,0.0
0,0,0,0,24,0.14,90.9,1.7,236,2026-10-07 03:30:00,PT5M,0.0,0.0,0.0,0.0,0.0
0,0,0,0,24,0.14,91.0,1.7,236,2026-10-07 03:35:00,PT5M,0.0,0.0,0.0,0.0,0.0
0,0,0,0,24,0.14,91.1,1.7,236,2026-10-07 03:40:00,PT5M,0.0,0.0,0.0,0.0,0.0
0,0,0,0,24,0.14,91.1,1.7,236,2026-10-07 03:45:00,PT5M,0.0,0.0,0.0,0.0,0.0
0,0,0,0,24,0.14,91.2,1.6,236,2026-10-07 03:50:00,PT5M,0.0,0.0,0.0,0.0,0.0
0,0,0,0,24,0.14,91.2,1.6,236,2026-10-07 03:55:00,PT5M,0.0,0.0,0.0,0.0,0.0
0,0,0,0,24,0.14,91.3,1.6,236,2026-10-07 04:00:00,PT5M,0.0,0.0,0.0,0.0,0.0
0,0,0,0,24,0.14,91.4,1.6,236,2026-10-07 04:05:00,PT5M,0.0,0.0,0.0,0.0,0.0
0,0,0,0,24,0.14,91.4,1.6,236,2026-10-07 04:10:00,PT5M,0.0,0.0,0.0,0.0,0.0
0,0,0,0,24,0.14,91.5,1.6,236,2026-10-07 04:15:00,PT5M,0.0,0.0,0.0,0.0,0.0
0,0,0,0,24,0.14,91.6,1.6,236,2026-10-07 04:20:00,PT5M,0.0,0.0,0.0,0.0,0.0
0,0,0,0,24,0.14,91.6,1.6,236,2026-10-07 04:25:00,PT5M,0.0,0.0,0.0,0.0,0.0
0,0,0,0,24,0.14,91.7,1.6,236,2026-10-07 04:30:00,PT5M,0.0,0.0,0.0,0.0,0.0
0,0,0,0,24,0.14,91.7,1.6,236,2026-10-07 04:35:00,PT5M,0.0,0.0,0.0,0.0,0.0
0,0,0,0,24,0.14,91.8,1.5,236,2026-10-07 04:40:00,PT5M,0.0,0.0,0.0,0.0,0.0
0,0,0,0,24,0.14,91.9,1.5,236,2026-10-07 04:45:00,PT5M,0.0,0.0,0.0,0.0,0.0
0,0,0,0,24,0.14,91.9,1.5,236,2026-10-07 04:50:00,PT5M,0.0,0.0,0.0,0.0,0.0
0,0,0,0,24,0.14,92.0,1.5,236,2026-10-07 04:55:00,PT5M,0.0,0.0,0.0,0.0,0.0
0,0,0,0,24,0.14,92.0,1.5,236,2026-10-07 05:00:00,PT5M,0.0,0.0,0.0,0.0,0.0
0,0,0,0,24,0.14,92.1,1.5,236,2026-10-07 05:05:00,PT5M,0.0,0.0,0.0,0.0,0.0
0,0,0,0,24,0.14,92.2,1.5,236,2026-10-07 05:10:00,PT5M,0.0,0.0,0.0,0.0,0.0
0,0,0,0,24,0.14,92.2,1.5,236,2026-10-07 05:15:00,PT5M,0.0,0.0,0.0,0.0,0.0
0,0,0,0,24,0.14,92.3,1.5,236,2026-10-07 05:20:00,PT5M,0.0,0.0,0.0,0.0,0.0
0,0,0,0,24,0.14,92.3,1.5,236,2026-10-07 05:25:00,PT5M,0.0,0.0,0.0,0.0,0.0
0,0,0,0,24,0.14,92.4,1.4,236,2026-10-07 05:30:00,PT5M,0.0,0.0,0.0,0.0,0.0
0,0,0,0,24,0.14,92.2,1.5,236,2026-10-07 05:35:00,PT5M,0.0,0.0,0.0,0.0,0.0
0,0,0,0,24,0.14,91.6,1.5,237,2026-10-07 05:40:00,PT5M,0.0,0.0,0.0,0.0,0.0
0,0,0,0,24,0.14,91.1,1.5,237,2026-10-07 05:45:00,PT5M,0.0,0.0,0.0,0.0,0.0
0,0,0,0,24,0.14,90.5,1.5,237,2026-10-07 05:50:00,PT5M,0.0,0.0,0.0,0.0,0.0
0,0,0,0,24,0.14,90.0,1.5,237,2026-10-07 05:55:00,PT5M,0.0,0.0,0.0,0.0,0.0
3,3,0,3,24,0.14,89.4,1.6,237,2026-10-07 06:00:00,PT5M,0.0,0.0,0.0,0.0,0.0
8,8,0,8,24,0.14,88.9,1.6,237,2026-10-07 06:05:00,PT5M,0.355,0.8915,0.6374,0.0726,0.0
14,14,0,14,25,0.14,88.4,1.6,237,2026-10-07 06:10:00,PT5M,1.171,2.4265,1.8318,0.5102,0.0
21,21,0,21,25,0.14,87.8,1.6,237,2026-10-07 06:15:00,PT5M,2.079,4.3865,3.2935,0.8645,0.0
29,29,0,29,25,0.14,87.3,1.6,238,2026-10-07 06:20:00,PT5M,3.08,6.731,5.0015,1.1585,0.0
38,38,0,38,25,0.14,86.8,1.7,238,2026-10-07 06:25:00,PT5M,4.238,9.3855,6.9472,1.5288,0.0
48,48,0,48,25,0.14,86.3,1.7,238,2026-10-07 06:30:00,PT5M,5.614,12.478,9.2266,2.0014,0.0
59,59,0,59,25,0.14,85.8,1.7,238,2026-10-07 06:35:00,PT5M,7.016,15.7335,11.6041,2.4279,0.0
71,72,0,72,25,0.14,85.3,1.7,238,2026-10-07 06:40:00,PT5M,8.484,19.1275,14.0858,2.8822,0.0
84,85,0,85,25,0.14,84.8,1.7,238,2026-10-07 06:45:00,PT5M,10.141,22.749,16.7767,3.5053,0.0
98,98,10,96,25,0.14,84.3,1.8,238,2026-10-07 06:50:00,PT5M,12.245,26.854,19.9338,4.5562,0.0
113,113,29,105,25,0.14,83.8,1.8,238,2026-10-07 06:55:00,PT5M,14.791,31.474,23.5714,6.0106,0.0
128,127,47,114,26,0.14,83.3,1.8,238,2026-10-07 07:00:00,PT5M,17.494,36.3565,27.4215,7.5665,0.0
142,142,63,123,26,0.14,82.8,1.8,239,2026-10-07 07:05:00,PT5M,20.198,41.2705,31.2886,9.1074,0.0
157,156,77,132,26,0.14,82.3,1.8,239,2026-10-07 07:10:00,PT5M,22.972,46.287,35.2429,10.7011,0.0
172,171,91,141,26,0.14,81.8,1.9,239,2026-10-07 07:15:00,PT5M,25.854,51.3815,39.2893,12.4187,0.3265
187,186,104,149,26,0.14,81.3,1.9,239,2026-10-07 07:20:00,PT5M,28.671,56.4085,43.2694,14.0726,0.9335
203,201,118,158,26,0.14,80.8,1.9,239,2026-10-07 07:25:00,PT5M,31.691,61.6395,47.4531,15.9289,1.7425
219,217,131,166,26,0.14,80.3,1.9,239,2026-10-07 07:30:00,PT5M,34.783,66.9605,51.7182,17.8478,2.6055
235,233,144,174,26,0.14,79.9,2.0,239,2026-10-07 07:35:00,PT5M,37.993,72.435,56.1201,19.8659,3.551
252,249,159,181,26,0.14,79.4,2.0,239,2026-10-07 07:40:00,PT5M,41.245,77.892,60.5326,21.9574,4.598
269,266,173,188,26,0.14,78.9,2.0,239,2026-10-07 07:45:00,PT5M,43.982,81.3935,63.6719,24.2921,6.5705
286,283,187,195,27,0.14,78.5,2.0,239,2026-10-07 07:50:00,PT5M,46.673,84.792,66.7353,26.6107,8.554
303,300,202,201,27,0.14,78.0,2.0,239,2026-10-07 07:55:00,PT5M,49.312,88.0785,69.7151,28.9089,10.5455
320,317,216,207,27,0.14,77.5,2.1,239,2026-10-07 08:00:00,PT5M,51.891,91.2375,72.5993,31.1827,12.5445
338,334,231,213,27,0.14,77.1,2.1,240,2026-10-07 08:05:00,PT5M,54.375,94.2345,75.3533,33.3967,14.5155
356,352,246,218,27,0.14,76.6,2.1,240,2026-10-07 08:10:00,PT5M,56.852,97.136,78.0538,35.6502,16.568
374,370,261,223,27,0.14,76.2,2.1,240,2026-10-07 08:15:00,PT5M,59.234,99.847,80.6089,37.8591,18.621
392,387,276,228,27,0.14,75.7,2.1,240,2026-10-07 08:20:00,PT5M,61.527,100.0,83.0156,40.0384,20.698
410,405,291,232,27,0.14,75.3,2.2,240,2026-10-07 08:25:00,PT5M,63.727,100.0,85.2859,42.1681,22.7645
428,423,306,236,27,0.14,74.9,2.2,240,2026-10-07 08:30:00,PT5M,65.853,100.0,87.4553,44.2507,24.808
445,440,319,239,27,0.14,74.2,2.2,240,2026-10-07 08:35:00,PT5M,67.679,100.0,89.3052,46.0528,26.5885
461,456,329,244,28,0.14,73.2,2.2,241,2026-10-07 08:40:00,PT5M,69.21,100.0,90.8449,47.5751,28.103
477,471,339,248,28,0.14,72.3,2.2,242,2026-10-07 08:45:00,PT5M,70.676,100.0,92.3362,49.0158,29.521
493,487,348,251,28,0.14,71.3,2.2,243,2026-10-07 08:50:00,PT5M,72.089,100.0,93.7276,50.4504,30.975
509,503,358,255,28,0.14,70.4,2.2,244,2026-10-07 08:55:00,PT5M,73.451,100.0,95.0541,51.8479,32.4045
525,518,368,258,28,0.14,69.5,2.2,245,2026-10-07 09:00:00,PT5M,74.766,100.0,96.3238,53.2082,33.8055
541,534,378,261,28,0.14,68.6,2.2,246,2026-10-07 09:05:00,PT5M,76.164,100.0,97.5458,54.7822,35.538
557,550,389,263,29,0.14,67.7,2.2,247,2026-10-07 09:10:00,PT5M,77.502,100.0,98.6801,56.3239,37.263
572,565,400,265,29,0.14,66.9,2.2,248,2026-10-07 09:15:00,PT5M,78.794,100.0,99.7668,57.8212,38.945
588,580,411,267,29,0.14,66.0,2.2,249,2026-10-07 09:20:00,PT5M,80.042,100.0,100.0,59.2752,40.5845
603,596,421,268,29,0.14,65.2,2.2,250,2026-10-07 09:25:00,PT5M,81.248,100.0,100.0,60.6886,42.1845
619,610,432,269,29,0.14,64.3,2.2,251,2026-10-07 09:30:00,PT5M,82.412,100.0,100.0,62.0605,43.7435
634,625,443,270,29,0.14,63.5,2.2,251,2026-10-07 09:35:00,PT5M,83.536,100.0,100.0,63.385,45.2485
648,640,453,270,30,0.14,62.7,2.2,252,2026-10-07 09:40:00,PT5M,84.621,100.0,100.0,64.6619,46.698
663,654,464,271,30,0.14,61.9,2.2,253,2026-10-07 09:45:00,PT5M,85.634,100.0,100.0,65.8643,48.071
677,668,473,271,30,0.14,61.1,2.2,254,2026-10-07 09:50:00,PT5M,86.59,100.0,100.0,67.0074,49.3825
690,681,483,271,30,0.14,60.4,2.2,255,2026-10-07 09:55:00,PT5M,87.511,100.0,100.0,68.114,50.656
704,694,493,271,30,0.14,59.6,2.2,256,2026-10-07 10:00:00,PT5M,88.395,100.0,100.0,69.1803,51.8865
717,707,502,271,30,0.14,58.8,2.2,257,2026-10-07 10:05:00,PT5M,89.234,100.0,100.0,70.199,53.067
729,719,511,270,31,0.14,58.1,2.2,258,2026-10-07 10:10:00,PT5M,90.03,100.0,100.0,71.1724,54.2
742,731,520,270,31,0.14,57.3,2.2,259,2026-10-07 10:15:00,PT5M,90.793,100.0,100.0,72.1107,55.296
754,743,529,269,31,0.14,56.6,2.2,260,2026-10-07 10:20:00,PT5M,91.526,100.0,100.0,73.0171,56.3585
765,755,538,268,31,0.14,55.9,2.2,261,2026-10-07 10:25:00,PT5M,92.2,100.0,100.0,73.8627,57.3585
777,766,547,266,31,0.14,55.2,2.2,262,2026-10-07 10:30:00,PT5M,92.875,100.0,100.0,74.7079,58.357
788,777,557,264,32,0.14,54.5,2.2,263,2026-10-07 10:35:00,PT5M,93.583,100.0,100.0,75.5946,59.4045
800,789,568,261,32,0.14,53.8,2.2,263,2026-10-07 10:40:00,PT5M,94.321,100.0,100.0,76.5195,60.4975
811,800,579,258,32,0.14,53.1,2.2,264,2026-10-07 10:45:00,PT5M,95.027,100.0,100.0,77.4089,61.552
822,811,591,255,32,0.14,52.5,2.2,265,2026-10-07 10:50:00,PT5M,95.7,100.0,100.0,78.2598,62.563
833,821,602,251,32,0.14,51.8,2.2,266,2026-10-07 10:55:00,PT5M,96.333,100.0,100.0,79.0533,63.501
843,831,613,248,32,0.14,51.2,2.2,267,2026-10-07 11:00:00,PT5M,96.948,100.0,100.0,79.8354,64.4335
853,841,624,243,33,0.14,50.5,2.2,268,2026-10-07 11:05:00,PT5M,97.545,100.0,100.0,80.6069,65.362
863,850,636,239,33,0.14,49.9,2.3,269,2026-10-07 11:10:00,PT5M,98.114,100.0,100.0,81.3448,66.252
872,859,647,235,33,0.14,49.3,2.3,270,2026-10-07 11:15:00,PT5M,98.655,100.0,100.0,82.0429,67.0915
880,867,658,230,33,0.14,48.6,2.3,270,2026-10-07 11:20:00,PT5M,99.171,100.0,100.0,82.711,67.8965
888,875,669,225,33,0.14,48.0,2.3,271,2026-10-07 11:25:00,PT5M,99.664,100.0,100.0,83.3511,68.669
896,882,680,220,33,0.14,47.4,2.3,272,2026-10-07 11:30:00,PT5M,100.0,100.0,100.0,83.83,69.2765
896,883,677,222,33,0.14,47.3,2.2,272,2026-10-07 11:35:00,PT5M,99.979,100.0,100.0,83.8016,69.2415
890,877,660,231,33,0.14,47.6,2.1,271,2026-10-07 11:40:00,PT5M,99.203,100.0,100.0,82.867,68.164
883,870,643,240,33,0.14,48.0,2.0,270,2026-10-07 11:45:00,PT5M,98.406,100.0,100.0,81.9055,67.0545
875,862,626,249,33,0.14,48.3,1.9,269,2026-10-07 11:50:00,PT5M,97.59,100.0,100.0,80.9192,65.915
867,855,610,257,33,0.14,48.7,1.8,268,2026-10-07 11:55:00,PT5M,96.767,100.0,100.0,79.9202,64.7575
858,846,593,266,33,0.14,49.0,1.7,267,2026-10-07 12:00:00,PT5M,96.024,100.0,100.0,78.9964,63.671
849,837,575,274,33,0.14,49.3,1.6,265,2026-10-07 12:05:00,PT5M,95.229,100.0,100.0,78.0124,62.517
839,828,557,284,33,0.14,49.7,1.5,264,2026-10-07 12:10:00,PT5M,94.381,100.0,100.0,76.9689,61.2975
828,817,538,293,33,0.14,50.0,1.4,262,2026-10-07 12:15:00,PT5M,93.507,100.0,100.0,75.8952,60.044
817,807,520,301,33,0.14,50.4,1.3,259,2026-10-07 12:20:00,PT5M,92.664,100.0,100.0,74.8496,58.816
806,796,502,309,33,0.14,50.8,1.2,257,2026-10-07 12:25:00,PT5M,91.738,100.0,100.0,73.718,57.4995
794,785,484,317,32,0.14,51.1,1.1,254,2026-10-07 12:30:00,PT5M,90.784,100.0,100.0,72.5567,56.1515
782,773,466,324,32,0.14,51.5,1.0,250,2026-10-07 12:35:00,PT5M,89.798,100.0,100.0,71.3712,54.7865
770,761,448,331,32,0.14,51.9,1.0,246,2026-10-07 12:40:00,PT5M,88.778,100.0,100.0,70.1588,53.401
757,749,431,337,32,0.14,52.2,0.9,241,2026-10-07 12:45:00,PT5M,87.712,100.0,100.0,68.8915,51.9525
744,736,414,342,32,0.14,52.6,0.8,235,2026-10-07 12:50:00,PT5M,86.612,100.0,100.0,67.5902,50.47
731,723,397,348,32,0.14,53.0,0.7,228,2026-10-07 12:55:00,PT5M,85.497,100.0,100.0,66.2836,48.991
717,710,381,352,32,0.14,53.3,0.7,220,2026-10-07 13:00:00,PT5M,84.349,100.0,100.0,64.9448,47.4805
704,697,366,356,32,0.14,53.7,0.7,211,2026-10-07 13:05:00,PT5M,83.176,100.0,100.0,63.5734,45.9305
691,684,352,358,32,0.14,54.1,0.7,202,2026-10-07 13:10:00,PT5M,81.939,100.0,100.0,62.1383,44.317
677,670,338,360,32,0.14,54.5,0.7,192,2026-10-07 13:15:00,PT5M,80.714,100.0,100.0,60.7143,42.714
663,657,324,361,32,0.14,54.9,0.7,183,2026-10-07 13:20:00,PT5M,79.452,100.0,99.6504,59.2536,41.0745
649,643,311,362,32,0.14,55.3,0.7,174,2026-10-07 13:25:00,PT5M,78.157,100.0,98.553,57.761,39.404
635,629,298,363,31,0.14,55.7,0.8,166,2026-10-07 13:30:00,PT5M,76.827,100.0,97.4193,56.2347,37.701
620,615,285,363,31,0.14,56.1,0.8,160,2026-10-07 13:35:00,PT5M,75.46,100.0,96.2476,54.6724,35.963
606,601,272,363,31,0.14,56.5,0.9,154,2026-10-07 13:40:00,PT5M,74.055,100.0,95.037,53.073,34.1885
591,586,259,362,31,0.14,56.9,1.0,150,2026-10-07 13:45:00,PT5M,72.611,100.0,93.7864,51.4356,32.377
576,572,247,361,31,0.14,57.3,1.1,146,2026-10-07 13:50:00,PT5M,71.128,100.0,92.4955,49.7605,30.529
562,557,235,359,31,0.14,57.7,1.2,143,2026-10-07 13:55:00,PT5M,69.605,100.0,91.1636,48.0464,28.643
547,543,223,357,31,0.14,58.1,1.3,140,2026-10-07 14:00:00,PT5M,68.038,100.0,89.7874,46.2886,26.7135
532,528,211,354,31,0.14,58.5,1.4,137,2026-10-07 14:05:00,PT5M,66.422,100.0,88.3606,44.4834,24.738
516,513,199,351,31,0.14,58.9,1.5,135,2026-10-07 14:10:00,PT5M,64.753,100.0,86.8797,42.6263,22.7115
501,498,188,348,31,0.14,59.4,1.6,134,2026-10-07 14:15:00,PT5M,63.036,100.0,85.3491,40.7229,20.6405
486,483,176,344,31,0.14,59.8,1.7,132,2026-10-07 14:20:00,PT5M,61.283,100.0,83.7797,38.7863,18.5385
470,468,165,340,31,0.14,60.2,1.8,130,2026-10-07 14:25:00,PT5M,59.495,100.0,82.1759,36.8141,16.4005
455,453,154,336,30,0.14,60.6,1.9,129,2026-10-07 14:30:00,PT5M,57.674,100.0,80.5355,34.8125,14.2365
440,437,143,331,30,0.14,61.1,1.9,129,2026-10-07 14:35:00,PT5M,55.819,99.343,78.726,32.912,12.295
424,422,132,326,30,0.14,61.5,1.9,128,2026-10-07 14:40:00,PT5M,53.933,97.4765,76.8503,31.0157,10.3895
409,407,121,320,30,0.14,62.0,1.8,128,2026-10-07 14:45:00,PT5M,52.016,95.595,74.9519,29.0801,8.437
394,392,111,314,30,0.14,62.4,1.8,128,2026-10-07 14:50:00,PT5M,50.094,93.6785,73.0328,27.1552,6.5095
379,378,102,308,30,0.14,62.9,1.7,127,2026-10-07 14:55:00,PT5M,48.406,91.9615,71.3296,25.4824,4.8505
365,364,93,301,30,0.14,63.3,1.7,127,2026-10-07 15:00:00,PT5M,46.482,89.9795,69.375,23.589,2.9845
350,349,83,295,30,0.14,63.8,1.7,127,2026-10-07 15:05:00,PT5M,44.479,87.8605,67.311,21.647,1.0975
335,334,73,288,30,0.14,64.2,1.6,126,2026-10-07 15:10:00,PT5M,42.392,85.593,65.129,19.655,0.0
320,320,63,281,30,0.14,64.7,1.6,126,2026-10-07 15:15:00,PT5M,40.256,83.237,62.8772,17.6348,0.0
306,305,53,273,30,0.14,65.1,1.6,126,2026-10-07 15:20:00,PT5M,38.086,80.799,60.5662,15.6058,0.0
291,291,43,266,30,0.14,65.6,1.5,125,2026-10-07 15:25:00,PT5M,35.883,78.2745,58.1939,13.5721,0.0
277,277,33,258,29,0.14,66.1,1.5,125,2026-10-07 15:30:00,PT5M,33.648,75.6565,55.7574,11.5386,0.0
263,263,24,250,29,0.14,66.6,1.4,125,2026-10-07 15:35:00,PT5M,31.782,73.311,53.639,9.925,0.0
248,249,15,241,29,0.14,67.0,1.4,124,2026-10-07 15:40:00,PT5M,29.555,70.4965,51.1028,8.0072,0.0
234,235,5,232,29,0.14,67.5,1.4,124,2026-10-07 15:45:00,PT5M,27.319,67.5745,48.5058,6.1322,0.0
221,221,0,221,29,0.14,68.0,1.3,123,2026-10-07 15:50:00,PT5M,25.361,64.8375,46.1378,4.5842,0.0
207,208,0,208,29,0.14,68.5,1.3,123,2026-10-07 15:55:00,PT5M,23.834,62.4475,44.1566,3.5114,0.0
194,195,0,195,29,0.14,69.0,1.3,122,2026-10-07 16:00:00,PT5M,22.323,59.997,42.1511,2.4949,0.0
181,182,0,182,29,0.14,69.5,1.2,121,2026-10-07 16:05:00,PT5M,20.838,57.5315,40.1501,1.5259,0.0
169,169,0,169,29,0.14,70.0,1.2,121,2026-10-07 16:10:00,PT5M,19.457,54.895,38.1083,0.8057,0.0
157,157,0,157,29,0.14,70.5,1.1,120,2026-10-07 16:15:00,PT5M,18.335,51.3805,35.7271,0.9429,0.0
145,145,0,145,29,0.14,71.0,1.1,119,2026-10-07 16:20:00,PT5M,17.087,47.8085,33.2559,0.9181,0.0
133,134,0,134,29,0.14,71.5,1.1,119,2026-10-07 16:25:00,PT5M,15.802,44.219,30.7581,0.8459,0.0
122,122,0,122,28,0.14,72.0,1.0,118,2026-10-07 16:30:00,PT5M,14.508,40.6345,28.2586,0.7574,0.0
111,111,0,111,28,0.14,72.5,1.0,117,2026-10-07 16:35:00,PT5M,13.201,37.0385,25.7468,0.6552,0.0
100,100,0,100,28,0.14,73.1,1.0,116,2026-10-07 16:40:00,PT5M,11.877,33.4345,23.2229,0.5311,0.0
89,89,0,89,28,0.14,73.6,0.9,115,2026-10-07 16:45:00,PT5M,10.581,29.892,20.7445,0.4175,0.0
79,79,0,79,28,0.14,74.1,0.9,114,2026-10-07 16:50:00,PT5M,9.327,26.448,18.3379,0.3161,0.0
69,69,0,69,28,0.14,74.7,0.9,113,2026-10-07 16:55:00,PT5M,8.084,23.109,15.9918,0.1762,0.0
59,59,0,59,28,0.14,75.2,0.8,111,2026-10-07 17:00:00,PT5M,6.909,19.9535,13.7744,0.0436,0.0
50,50,0,50,28,0.14,75.8,0.8,110,2026-10-07 17:05:00,PT5M,5.723,16.8555,11.5821,0.0,0.0
42,42,0,42,28,0.14,76.3,0.8,108,2026-10-07 17:10:00,PT5M,4.661,13.879,9.5125,0.0,0.0
34,34,0,34,28,0.14,76.9,0.7,107,2026-10-07 17:15:00,PT5M,3.737,11.135,7.6306,0.0,0.0
27,27,0,27,28,0.14,77.4,0.7,105,2026-10-07 17:20:00,PT5M,2.86,8.5395,5.8492,0.0,0.0
21,21,0,21,27,0.14,78.0,0.7,103,2026-10-07 17:25:00,PT5M,2.041,6.1635,4.2107,0.0,0.0
16,16,0,16,27,0.14,78.5,0.6,101,2026-10-07 17:30:00,PT5M,1.371,4.2145,2.8676,0.0,0.0
11,11,0,11,27,0.14,78.9,0.6,101,2026-10-07 17:35:00,PT5M,0.793,2.5215,1.7027,0.0,0.0
7,7,0,7,27,0.14,79.1,0.6,103,2026-10-07 17:40:00,PT5M,0.271,1.194,0.7568,0.0,0.0
4,4,0,4,27,0.14,79.3,0.6,106,2026-10-07 17:45:00,PT5M,0.0,0.2985,0.1571,0.0,0.0
1,1,0,1,27,0.14,79.5,0.5,109,2026-10-07 17:50:00,PT5M,0.0,0.0,0.0,0.0,0.0
0,0,0,0,27,0.14,79.6,0.5,113,2026-10-07 17:55:00,PT5M,0.0,0.0,0.0,0.0,0.0
0,0,0,0,27,0.14,79.8,0.5,116,2026-10-07 18:00:00,PT5M,0.0,0.0,0.0,0.0,0.0
0,0,0,0,27,0.14,80.0,0.5,120,2026-10-07 18:05:00,PT5M,0.0,0.0,0.0,0.0,0.0
0,0,0,0,27,0.14,80.2,0.5,124,2026-10-07 18:10:00,PT5M,0.0,0.0,0.0,0.0,0.0
0,0,0,0,27,0.14,80.4,0.5,128,2026-10-07 18:15:00,PT5M,0.0,0.0,0.0,0.0,0.0
0,0,0,0,27,0.14,80.5,0.5,133,2026-10-07 18:20:00,PT5M,0.0,0.0,0.0,0.0,0.0
0,0,0,0,27,0.14,80.7,0.5,137,2026-10-07 18:25:00,PT5M,0.0,0.0,0.0,0.0,0.0
0,0,0,0,27,0.14,80.9,0.5,142,2026-10-07 18:30:00,PT5M,0.0,0.0,0.0,0.0,0.0
0,0,0,0,27,0.14,81.1,0.5,146,2026-10-07 18:35:00,PT5M,0.0,0.0,0.0,0.0,0.0
0,0,0,0,27,0.14,81.3,0.5,151,2026-10-07 18:40:00,PT5M,0.0,0.0,0.0,0.0,0.0
0,0,0,0,27,0.14,81.5,0.5,155,2026-10-07 18:45:00,PT5M,0.0,0.0,0.0,0.0,0.0
0,0,0,0,27,0.14,81.7,0.5,159,2026-10-07 18:50:00,PT5M,0.0,0.0,0.0,0.0,0.0
0,0,0,0,27,0.14,81.8,0.5,163,2026-10-07 18:55:00,PT5M,0.0,0.0,0.0,0.0,0.0
0,0,0,0,27,0.14,82.0,0.5,167,2026-10-07 19:00:00,PT5M,0.0,0.0,0.0,0.0,0.0
0,0,0,0,27,0.14,82.2,0.5,170,2026-10-07 19:05:00,PT5M,0.0,0.0,0.0,0.0,0.0
0,0,0,0,27,0.14,82.4,0.5,174,2026-10-07 19:10:00,PT5M,0.0,0.0,0.0,0.0,0.0
0,0,0,0,26,0.14,82.6,0.6,177,2026-10-07 19:15:00,PT5M,0.0,0.0,0.0,0.0,0.0
0,0,0,0,26,0.14,82.8,0.6,180,2026-10-07 19:20:00,PT5M,0.0,0.0,0.0,0.0,0.0
0,0,0,0,26,0.14,83.0,0.6,182,2026-10-07 19:25:00,PT5M,0.0,0.0,0.0,0.0,0.0
0,0,0,0,26,0.14,83.2,0.6,185,2026-10-07 19:30:00,PT5M,0.0,0.0,0.0,0.0,0.0
0,0,0,0,26,0.14,83.4,0.6,187,2026-10-07 19:35:00,PT5M,0.0,0.0,0.0,0.0,0.0
0,0,0,0,26,0.14,83.5,0.7,189,2026-10-07 19:40:00,PT5M,0.0,0.0,0.0,0.0,0.0
0,0,0,0,26,0.14,83.7,0.7,191,2026-10-07 19:45:00,PT5M,0.0,0.0,0.0,0.0,0.0
0,0,0,0,26,0.14,83.9,0.7,193,2026-10-07 19:50:00,PT5M,0.0,0.0,0.0,0.0,0.0
0,0,0,0,26,0.14,84.1,0.8,195,2026-10-07 19:55:00,PT5M,0.0,0.0,0.0,0.0,0.0
0,0,0,0,26,0.14,84.3,0.8,196,2026-10-07 20:00:00,PT5M,0.0,0.0,0.0,0.0,0.0
0,0,0,0,26,0.14,84.5,0.8,198,2026-10-07 20:05:00,PT5M,0.0,0.0,0.0,0.0,0.0
0,0,0,0,26,0.14,84.7,0.8,199,2026-10-07 20:10:00,PT5M,0.0,0.0,0.0,0.0,0.0
0,0,0,0,26,0.14,84.9,0.9,200,2026-10-07 20:15:00,PT5M,0.0,0.0,0.0,0.0,0.0
0,0,0,0,26,0.14,85.1,0.9,201,2026-10-07 20:20:00,PT5M,0.0,0.0,0.0,0.0,0.0
0,0,0,0,26,0.14,85.3,0.9,202,2026-10-07 20:25:00,PT5M,0.0,0.0,0.0,0.0,0.0
0,0,0,0,26,0.14,85.5,1.0,203,2026-10-07 20:30:00,PT5M,0.0,0.0,0.0,0.0,0.0
0,0,0,0,26,0.14,85.7,1.0,205,2026-10-07 20:35:00,PT5M,0.0,0.0,0.0,0.0,0.0
0,0,0,0,26,0.14,85.8,1.0,206,2026-10-07 20:40:00,PT5M,0.0,0.0,0.0,0.0,0.0
0,0,0,0,26,0.14,85.9,1.0,207,2026-10-07 20:45:00,PT5M,0.0,0.0,0.0,0.0,0.0
0,0,0,0,26,0.14,86.1,1.1,208,2026-10-07 20:50:00,PT5M,0.0,0.0,0.0,0.0,0.0
0,0,0,0,26,0.14,86.2,1.1,209,2026-10-07 20:55:00,PT5M,0.0,0.0,0.0,0.0,0.0
0,0,0,0,26,0.14,86.4,1.1,210,2026-10-07 21:00:00,PT5M,0.0,0.0,0.0,0.0,0.0
0,0,0,0,26,0.14,86.5,1.2,211,2026-10-07 21:05:00,PT5M,0.0,0.0,0.0,0.0,0.0
0,0,0,0,26,0.14,86.6,1.2,212,2026-10-07 21:10:00,PT5M,0.0,0.0,0.0,0.0,0.0
0,0,0,0,25,0.14,86.8,1.2,213,2026-10-07 21:15:00,PT5M,0.0,0.0,0.0,0.0,0.0
0,0,0,0,25,0.14,86.9,1.2,214,2026-10-07 21:20:00,PT5M,0.0,0.0,0.0,0.0,0.0
0,0,0,0,25,0.14,87.1,1.3,215,2026-10-07 21:25:00,PT5M,0.0,0.0,0.0,0.0,0.0
0,0,0,0,25,0.14,87.2,1.3,215,2026-10-07 21:30:00,PT5M,0.0,0.0,0.0,0.0,0.0
0,0,0,0,25,0.14,87.4,1.3,216,2026-10-07 21:35:00,PT5M,0.0,0.0,0.0,0.0,0.0
0,0,0,0,25,0.14,87.5,1.4,217,2026-10-07 21:40:00,PT5M,0.0,0.0,0.0,0.0,0.0
0,0,0,0,25,0.14,87.6,1.4,217,2026-10-07 21:45:00,PT5M,0.0,0.0,0.0,0.0,0.0
0,0,0,0,25,0.14,87.8,1.4,218,2026-10-07 21:50:00,PT5M,0.0,0.0,0.0,0.0,0.0
0,0,0,0,25,0.14,87.9,1.4,219,2026-10-07 21:55:00,PT5M,0.0,0.0,0.0,0.0,0.0
0,0,0,0,25,0.14,88.1,1.5,219,2026-10-07 22:00:00,PT5M,0.0,0.0,0.0,0.0,0.0
0,0,0,0,25,0.14,88.2,1.5,220,2026-10-07 22:05:00,PT5M,0.0,0.0,0.0,0.0,0.0
0,0,0,0,25,0.14,88.4,1.5,220,2026-10-07 22:10:00,PT5M,0.0,0.0,0.0,0.0,0.0
0,0,0,0,25,0.14,88.5,1.6,221,2026-10-07 22:15:00,PT5M,0.0,0.0,0.0,0.0,0.0
0,0,0,0,25,0.14,88.7,1.6,221,2026-10-07 22:20:00,PT5M,0.0,0.0,0.0,0.0,0.0
0,0,0,0,25,0.14,88.8,1.6,222,2026-10-07 22:25:00,PT5M,0.0,0.0,0.0,0.0,0.0
0,0,0,0,25,0.14,88.9,1.7,222,2026-10-07 22:30:00,PT5M,0.0,0.0,0.0,0.0,0.0
0,0,0,0,25,0.14,89.1,1.7,223,2026-10-07 22:35:00,PT5M,0.0,0.0,0.0,0.0,0.0
0,0,0,0,25,0.14,89.2,1.7,223,2026-10-07 22:40:00,PT5M,0.0,0.0,0.0,0.0,0.0
0,0,0,0,25,0.14,89.4,1.8,224,2026-10-07 22:45:00,PT5M,0.0,0.0,0.0,0.0,0.0
0,0,0,0,25,0.14,89.5,1.8,224,2026-10-07 22:50:00,PT5M,0.0,0.0,0.0,0.0,0.0
0,0,0,0,25,0.14,89.7,1.8,224,2026-10-07 22:55:00,PT5M,0.0,0.0,0.0,0.0,0.0
0,0,0,0,25,0.14,89.8,1.8,225,2026-10-07 23:00:00,PT5M,0.0,0.0,0.0,0.0,0.0
0,0,0,0,24,0.14,90.0,1.9,225,2026-10-07 23:05:00,PT5M,0.0,0.0,0.0,0.0,0.0
0,0,0,0,24,0.14,90.1,1.9,226,2026-10-07 23:10:00,PT5M,0.0,0.0,0.0,0.0,0.0
0,0,0,0,24,0.14,90.3,1.9,226,2026-10-07 23:15:00,PT5M,0.0,0.0,0.0,0.0,0.0
0,0,0,0,24,0.14,90.4,2.0,226,2026-10-07 23:20:00,PT5M,0.0,0.0,0.0,0.0,0.0
0,0,0,0,24,0.14,90.6,2.0,227,2026-10-07 23:25:00,PT5M,0.0,0.0,0.0,0.0,0.0
0,0,0,0,24,0.14,90.7,2.0,227,2026-10-07 23:30:00,PT5M,0.0,0.0,0.0,0.0,0.0
0,0,0,0,24,0.14,90.8,2.0,227,2026-10-07 23:35:00,PT5M,0.0,0.0,0.0,0.0,0.0
0,0,0,0,24,0.14,90.9,2.0,227,2026-10-07 23:40:00,PT5M,0.0,0.0,0.0,0.0,0.0
0,0,0,0,24,0.14,90.9,2.0,228,2026-10-07 23:45:00,PT5M,0.0,0.0,0.0,0.0,0.0
0,0,0,0,24,0.14,91.0,2.0,228,2026-10-07 23:50:00,PT5M,0.0,0.0,0.0,0.0,0.0
0,0,0,0,24,0.14,91.1,2.0,228,2026-10-07 23:55:00,PT5M,0.0,0.0,0.0,0.0,0.0
0,0,0,0,24,0.14,91.1,2.0,228,2026-10-08 00:00:00,PT5M,0.0,0.0,0.0,0.0,0.0
0,0,0,0,24,0.14,91.2,2.0,229,2026-10-08 00:05:00,PT5M,0.0,0.0,0.0,0.0,0.0
0,0,0,0,24,0.14,91.3,2.0,229,2026-10-08 00:10:00,PT5M,0.0,0.0,0.0,0.0,0.0
0,0,0,0,24,0.14,91.3,2.0,229,2026-10-08 00:15:00,PT5M,0.0,0.0,0.0,0.0,0.0
0,0,0,0,24,0.14,91.4,1.9,229,2026-10-08 00:20:00,PT5M,0.0,0.0,0.0,0.0,0.0
0,0,0,0,24,0.14,91.4,1.9,230,2026-10-08 00:25:00,PT5M,0.0,0.0,0.0,0.0,0.0
0,0,0,0,24,0.14,91.5,1.9,230,2026-10-08 00:30:00,PT5M,0.0,0.0,0.0,0.0,0.0
0,0,0,0,24,0.14,91.6,1.9,230,2026-10-08 00:35:00,PT5M,0.0,0.0,0.0,0.0,0.0
0,0,0,0,24,0.14,91.6,1.9,230,2026-10-08 00:40:00,PT5M,0.0,0.0,0.0,0.0,0.0
0,0,0,0,24,0.14,91.7,1.9,231,2026-10-08 00:45:00,PT5M,0.0,0.0,0.0,0.0,0.0
0,0,0,0,24,0.14,91.7,1.9,231,2026-10-08 00:50:00,PT5M,0.0,0.0,0.0,0.0,0.0
0,0,0,0,24,0.14,91.8,1.9,231,2026-10-08 00:55:00,PT5M,0.0,0.0,0.0,0.0,0.0
0,0,0,0,24,0.14,91.9,1.9,231,2026-10-08 01:00:00,PT5M,0.0,0.0,0.0,0.0,0.0
0,0,0,0,24,0.14,91.9,1.8,232,2026-10-08 01:05:00,PT5M,0.0,0.0,0.0,0.0,0.0
0,0,0,0,24,0.14,92.0,1.8,232,2026-10-08 01:10:00,PT5M,0.0,0.0,0.0,0.0,0.0
0,0,0,0,24,0.14,92.0,1.8,232,2026-10-08 01:15:00,PT5M,0.0,0.0,0.0,0.0,0.0
0,0,0,0,24,0.14,92.1,1.8,233,2026-10-08 01:20:00,PT5M,0.0,0.0,0.0,0.0,0.0
0,0,0,0,24,0.14,92.2,1.8,233,2026-10-08 01:25:00,PT5M,0.0,0.0,0.0,0.0,0.0
0,0,0,0,24,0.14,92.2,1.8,233,2026-10-08 01:30:00,PT5M,0.0,0.0,0.0,0.0,0.0
0,0,0,0,24,0.14,92.3,1.8,233,2026-10-08 01:35:00,PT5M,0.0,0.0,0.0,0.0,0.0
0,0,0,0,24,0.14,92.4,1.8,234,2026-10-08 01:40:00,PT5M,0.0,0.0,0.0,0.0,0.0
0,0,0,0,24,0.14,92.4,1.8,234,2026-10-08 01:45:00,PT5M,0.0,0.0,0.0,0.0,0.0
0,0,0,0,24,0.14,92.5,1.8,234,2026-10-08 01:50:00,PT5M,0.0,0.0,0.0,0.0,0.0
0,0,0,0,24,0.14,92.5,1.7,235,2026-10-08 01:55:00,PT5M,0.0,0.0,0.0,0.0,0.0
0,0,0,0,24,0.14,92.6,1.7,235,2026-10-08 02:00:00,PT5M,0.0,0.0,0.0,0.0,0.0
0,0,0,0,24,0.14,92.7,1.7,235,2026-10-08 02:05:00,PT5M,0.0,0.0,0.0,0.0,0.0
0,0,0,0,24,0.14,92.7,1.7,236,2026-10-08 02:10:00,PT5M,0.0,0.0,0.0,0.0,0.0
0,0,0,0,24,0.14,92.8,1.7,236,2026-10-08 02:15:00,PT5M,0.0,0.0,0.0,0.0,0.0
0,0,0,0,24,0.14,92.8,1.7,236,2026-10-08 02:20:00,PT5M,0.0,0.0,0.0,0.0,0.0
0,0,0,0,24,0.14,92.9,1.7,237,2026-10-08 02:25:00,PT5M,0.0,0.0,0.0,0.0,0.0
0,0,0,0,24,0.14,93.0,1.7,237,2026-10-08 02:30:00,PT5M,0.0,0.0,0.0,0.0,0.0
0,0,0,0,24,0.14,93.0,1.7,237,2026-10-08 02:35:00,PT5M,0.0,0.0,0.0,0.0,0.0
0,0,0,0,24,0.14,93.0,1.6,237,2026-10-08 02:40:00,PT5M,0.0,0.0,0.0,0.0,0.0
0,0,0,0,24,0.14,93.0,1.6,237,2026-10-08 02:45:00,PT5M,0.0,0.0,0.0,0.0,0.0
0,0,0,0,24,0.14,93.0,1.6,237,2026-10-08 02:50:00,PT5M,0.0,0.0,0.0,0.0,0.0
0,0,0,0,24,0.14,93.0,1.6,237,2026-10-08 02:55:00,PT5M,0.0,0.0,0.0,0.0,0.0
0,0,0,0,24,0.14,93.0,1.5,237,2026-10-08 03:00:00,PT5M,0.0,0.0,0.0,0.0,0.0
0,0,0,0,24,0.14,93.0,1.5,236,2026-10-08 03:05:00,PT5M,0.0,0.0,0.0,0.0,0.0
0,0,0,0,24,0.14,93.0,1.5,236,2026-10-08 03:10:00,PT5M,0.0,0.0,0.0,0.0,0.0
0,0,0,0,24,0.14,93.0,1.5,236,2026-10-08 03:15:00,PT5M,0.0,0.0,0.0,0.0,0.0
0,0,0,0,24,0.14,93.0,1.5,236,2026-10-08 03:20:00,PT5M,0.0,0.0,0.0,0.0,0.0
0,0,0,0,24,0.14,93.0,1.4,236,2026-10-08 03:25:00,PT5M,0.0,0.0,0.0,0.0,0.0
0,0,0,0,24,0.14,93.0,1.4,236,2026-10-08 03:30:00,PT5M,0.0,0.0,0.0,0.0,0.0
0,0,0,0,24,0.14,93.0,1.4,235,2026-10-08 03:35:00,PT5M,0.0,0.0,0.0,0.0,0.0
0,0,0,0,24,0.14,93.0,1.4,235,2026-10-08 03:40:00,PT5M,0.0,0.0,0.0,0.0,0.0
0,0,0,0,24,0.14,93.0,1.4,235,2026-10-08 03:45:00,PT5M,0.0,0.0,0.0,0.0,0.0
0,0,0,0,24,0.14,93.0,1.3,235,2026-10-08 03:50:00,PT5M,0.0,0.0,0.0,0.0,0.0
0,0,0,0,24,0.14,93.0,1.3,235,2026-10-08 03:55:00,PT5M,0.0,0.0,0.0,0.0,0.0
0,0,0,0,24,0.14,93.0,1.3,235,2026-10-08 04:00:00,PT5M,0.0,0.0,0.0,0.0,0.0
0,0,0,0,24,0.14,93.0,1.3,234,2026-10-08 04:05:00,PT5M,0.0,0.0,0.0,0.0,0.0
0,0,0,0,24,0.14,93.0,1.3,234,2026-10-08 04:10:00,PT5M,0.0,0.0,0.0,0.0,0.0
0,0,0,0,24,0.14,93.0,1.2,234,2026-10-08 04:15:00,PT5M,0.0,0.0,0.0,0.0,0.0
0,0,0,0,24,0.14,93.0,1.2,234,2026-10-08 04:20:00,PT5M,0.0,0.0,0.0,0.0,0.0
0,0,0,0,24,0.14,93.0,1.2,233,2026-10-08 04:25:00,PT5M,0.0,0.0,0.0,0.0,0.0
0,0,0,0,24,0.14,93.0,1.2,233,2026-10-08 04:30:00,PT5M,0.0,0.0,0.0,0.0,0.0
0,0,0,0,24,0.14,93.0,1.2,233,2026-10-08 04:35:00,PT5M,0.0,0.0,0.0,0.0,0.0
0,0,0,0,24,0.14,93.0,1.1,233,2026-10-08 04:40:00,PT5M,0.0,0.0,0.0,0.0,0.0
0,0,0,0,24,0.14,93.0,1.1,232,2026-10-08 04:45:00,PT5M,0.0,0.0,0.0,0.0,0.0
0,0,0,0,24,0.14,93.0,1.1,232,2026-10-08 04:50:00,PT5M,0.0,0.0,0.0,0.0,0.0
0,0,0,0,24,0.14,93.0,1.1,232,2026-10-08 04:55:00,PT5M,0.0,0.0,0.0,0.0,0.0
0,0,0,0,24,0.14,93.0,1.1,232,2026-10-08 05:00:00,PT5M,0.0,0.0,0.0,0.0,0.0
0,0,0,0,24,0.14,93.0,1.0,231,2026-10-08 05:05:00,PT5M,0.0,0.0,0.0,0.0,0.0
0,0,0,0,24,0.14,93.0,1.0,231,2026-10-08 05:10:00,PT5M,0.0,0.0,0.0,0.0,0.0
0,0,0,0,24,0.14,93.0,1.0,231,2026-10-08 05:15:00,PT5M,0.0,0.0,0.0,0.0,0.0
0,0,0,0,24,0.14,93.0,1.0,230,2026-10-08 05:20:00,PT5M,0.0,0.0,0.0,0.0,0.0
0,0,0,0,24,0.14,93.0,1.0,230,2026-10-08 05:25:00,PT5M,0.0,0.0,0.0,0.0,0.0
0,0,0,0,24,0.14,93.0,0.9,230,2026-10-08 05:30:00,PT5M,0.0,0.0,0.0,0.0,0.0
0,0,0,0,24,0.14,92.7,0.9,229,2026-10-08 05:35:00,PT5M,0.0,0.0,0.0,0.0,0.0
0,0,0,0,24,0.14,92.1,0.9,229,2026-10-08 05:40:00,PT5M,0.0,0.0,0.0,0.0,0.0
0,0,0,0,24,0.14,91.4,1.0,229,2026-10-08 05:45:00,PT5M,0.0,0.0,0.0,0.0,0.0
0,0,0,0,24,0.14,90.8,1.0,228,2026-10-08 05:50:00,PT5M,0.0,0.0,0.0,0.0,0.0
0,0,0,0,24,0.14,90.2,1.0,228,2026-10-08 05:55:00,PT5M,0.0,0.0,0.0,0.0,0.0
4,4,0,4,24,0.14,89.6,1.0,228,2026-10-08 06:00:00,PT5M,0.0,0.0,0.0,0.0,0.0
12,12,0,12,24,0.14,89.0,1.0,228,2026-10-08 06:05:00,PT5M,0.884,1.427,1.1698,0.5982,0.341
20,20,0,20,24,0.14,88.4,1.0,227,2026-10-08 06:10:00,PT5M,2.052,3.2445,2.6796,1.4244,0.8595
30,30,0,30,25,0.14,87.9,1.1,227,2026-10-08 06:15:00,PT5M,3.326,5.3465,4.3894,2.2626,1.3055
41,41,21,39,25,0.14,87.3,1.1,227,2026-10-08 06:20:00,PT5M,4.986,8.0775,6.6131,3.3589,1.8945
54,53,48,47,25,0.14,86.7,1.1,227,2026-10-08 06:25:00,PT5M,7.142,11.4915,9.4312,4.8528,2.7925
68,67,78,56,25,0.14,86.1,1.1,226,2026-10-08 06:30:00,PT5M,9.841,15.701,12.9252,6.7568,3.981
83,82,110,63,25,0.14,85.6,1.1,226,2026-10-08 06:35:00,PT5M,12.876,20.343,16.8059,8.9461,5.409
99,97,142,71,25,0.14,85.0,1.1,226,2026-10-08 06:40:00,PT5M,16.258,25.397,21.0679,11.4481,7.119
117,114,173,78,25,0.14,84.4,1.1,226,2026-10-08 06:45:00,PT5M,19.872,30.7065,25.5743,14.1697,9.0375
135,132,204,85,25,0.14,83.9,1.2,225,2026-10-08 06:50:00,PT5M,23.697,36.265,30.3116,17.0824,11.129
153,150,234,91,25,0.14,83.3,1.2,225,2026-10-08 06:55:00,PT5M,27.739,42.1225,35.3091,20.1689,13.3555
172,168,259,97,26,0.14,82.8,1.2,225,2026-10-08 07:00:00,PT5M,31.798,48.1065,40.3813,23.2147,15.4895
190,185,279,104,26,0.14,82.2,1.2,225,2026-10-08 07:05:00,PT5M,35.814,54.132,45.4549,26.1731,17.496
208,203,298,110,26,0.14,81.7,1.2,225,2026-10-08 07:10:00,PT5M,39.929,60.307,50.6541,29.2039,19.551
226,221,316,116,26,0.14,81.2,1.2,225,2026-10-08 07:15:00,PT5M,44.097,66.563,55.921,32.273,21.631
245,240,333,122,26,0.14,80.6,1.3,224,2026-10-08 07:20:00,PT5M,48.3,72.871,61.2319,35.3681,23.729
264,258,349,128,26,0.14,80.1,1.3,224,2026-10-08 07:25:00,PT5M,52.486,79.2185,66.5555,38.4165,25.7535
282,276,363,134,26,0.14,79.6,1.3,224,2026-10-08 07:30:00,PT5M,56.679,85.5375,71.8674,41.4906,27.8205
301,294,377,139,26,0.14,79.1,1.3,224,2026-10-08 07:35:00,PT5M,60.886,91.907,77.2126,44.5594,29.865
319,313,390,144,26,0.14,78.5,1.3,224,2026-10-08 07:40:00,PT5M,64.906,97.999,82.3231,47.4889,31.813
338,331,403,149,27,0.14,78.0,1.3,224,2026-10-08 07:45:00,PT5M,67.156,100.0,84.956,49.356,33.3355
356,349,416,154,27,0.14,77.5,1.4,223,2026-10-08 07:50:00,PT5M,69.304,100.0,87.4579,51.1501,34.811
374,367,427,159,27,0.14,77.0,1.4,223,2026-10-08 07:55:00,PT5M,71.344,100.0,89.8211,52.8669,36.237
393,385,438,163,27,0.14,76.5,1.4,223,2026-10-08 08:00:00,PT5M,73.266,100.0,92.0323,54.4997,37.6095
411,403,448,168,27,0.14,76.0,1.4,223,2026-10-08 08:05:00,PT5M,75.029,100.0,94.039,56.019,38.9095
428,420,458,172,27,0.14,75.5,1.4,223,2026-10-08 08:10:00,PT5M,76.624,100.0,95.8284,57.4196,40.135
446,438,466,176,27,0.14,75.0,1.4,223,2026-10-08 08:15:00,PT5M,78.076,100.0,97.4294,58.7226,41.304
463,455,475,181,27,0.14,74.5,1.4,223,2026-10-08 08:20:00,PT5M,79.375,100.0,98.8231,59.9269,42.423
480,472,482,185,27,0.14,74.1,1.5,222,2026-10-08 08:25:00,PT5M,80.545,100.0,100.0,61.0385,43.482
497,488,489,189,28,0.14,73.6,1.5,222,2026-10-08 08:30:00,PT5M,81.637,100.0,100.0,62.0936,44.504
514,505,498,192,28,0.14,72.9,1.5,223,2026-10-08 08:35:00,PT5M,82.808,100.0,100.0,63.2546,45.656
532,523,508,195,28,0.14,71.9,1.5,223,2026-10-08 08:40:00,PT5M,84.058,100.0,100.0,64.5186,46.9325
549,540,518,197,28,0.14,71.0,1.5,224,2026-10-08 08:45:00,PT5M,85.245,100.0,100.0,65.7306,48.167
567,557,528,199,28,0.14,70.1,1.5,224,2026-10-08 08:50:00,PT5M,86.378,100.0,100.0,66.9002,49.3695
584,574,538,201,28,0.14,69.3,1.5,225,2026-10-08 08:55:00,PT5M,87.461,100.0,100.0,68.0308,50.543
601,590,548,203,29,0.14,68.4,1.5,226,2026-10-08 09:00:00,PT5M,88.496,100.0,100.0,69.1232,51.687
618,607,559,204,29,0.14,67.5,1.5,226,2026-10-08 09:05:00,PT5M,89.661,100.0,100.0,70.3605,52.9895
635,624,570,204,29,0.14,66.7,1.5,227,2026-10-08 09:10:00,PT5M,90.725,100.0,100.0,71.4832,54.165
652,641,581,205,29,0.14,65.8,1.5,227,2026-10-08 09:15:00,PT5M,91.746,100.0,100.0,72.7066,55.5705
668,657,592,205,29,0.14,65.0,1.4,228,2026-10-08 09:20:00,PT5M,92.726,100.0,100.0,73.9121,56.979
685,673,603,205,29,0.14,64.2,1.4,229,2026-10-08 09:25:00,PT5M,93.666,100.0,100.0,75.076,58.3445
701,689,614,204,30,0.14,63.4,1.4,229,2026-10-08 09:30:00,PT5M,94.568,100.0,100.0,76.2007,59.6695
716,704,623,204,30,0.14,62.6,1.4,230,2026-10-08 09:35:00,PT5M,95.367,100.0,100.0,77.2202,60.8875
731,718,631,204,30,0.14,61.8,1.4,231,2026-10-08 09:40:00,PT5M,96.066,100.0,100.0,78.1379,62.002
744,732,638,205,30,0.14,61.0,1.4,231,2026-10-08 09:45:00,PT5M,96.699,100.0,100.0,78.9846,63.041
758,745,645,205,30,0.14,60.3,1.4,232,2026-10-08 09:50:00,PT5M,97.28,100.0,100.0,79.775,64.02
771,758,652,205,31,0.14,59.5,1.4,233,2026-10-08 09:55:00,PT5M,97.835,100.0,100.0,80.5355,64.9655
783,770,658,205,31,0.14,58.8,1.4,233,2026-10-08 10:00:00,PT5M,98.362,100.0,100.0,81.2628,65.873
796,782,664,205,31,0.14,58.0,1.4,234,2026-10-08 10:05:00,PT5M,98.873,100.0,100.0,81.9714,66.7595
808,794,671,205,31,0.14,57.3,1.4,235,2026-10-08 10:10:00,PT5M,99.368,100.0,100.0,82.6614,67.625
819,806,678,204,31,0.14,56.6,1.4,235,2026-10-08 10:15:00,PT5M,99.835,100.0,100.0,83.3195,68.455
830,816,684,203,31,0.14,55.9,1.4,236,2026-10-08 10:20:00,PT5M,100.0,100.0,100.0,83.6721,68.9765
841,827,690,202,32,0.14,55.2,1.4,236,2026-10-08 10:25:00,PT5M,100.0,100.0,100.0,83.8563,69.3265
851,837,697,201,32,0.14,54.5,1.4,237,2026-10-08 10:30:00,PT5M,100.0,100.0,100.0,84.0376,69.671
861,847,703,200,32,0.14,53.8,1.4,238,2026-10-08 10:35:00,PT5M,100.0,100.0,100.0,84.2268,70.0305
870,856,709,199,32,0.14,53.2,1.4,238,2026-10-08 10:40:00,PT5M,100.0,100.0,100.0,84.4232,70.4035
879,865,715,197,32,0.14,52.5,1.4,239,2026-10-08 10:45:00,PT5M,100.0,100.0,100.0,84.6137,70.7655
888,873,721,196,32,0.14,51.9,1.4,240,2026-10-08 10:50:00,PT5M,100.0,100.0,100.0,84.7968,71.1135
896,881,726,194,33,0.14,51.2,1.4,240,2026-10-08 10:55:00,PT5M,100.0,100.0,100.0,84.9576,71.419
903,888,732,193,33,0.14,50.6,1.4,241,2026-10-08 11:00:00,PT5M,100.0,100.0,100.0,85.1263,71.7395
910,895,737,191,33,0.14,50.0,1.4,242,2026-10-08 11:05:00,PT5M,100.0,100.0,100.0,85.3016,72.0725
916,901,741,190,33,0.14,49.4,1.4,242,2026-10-08 11:10:00,PT5M,100.0,100.0,100.0,85.4671,72.387
922,907,746,188,33,0.14,48.7,1.4,243,2026-10-08 11:15:00,PT5M,100.0,100.0,100.0,85.6184,72.6745
928,912,750,187,34,0.14,48.1,1.4,244,2026-10-08 11:20:00,PT5M,100.0,100.0,100.0,85.7629,72.949
932,917,754,185,34,0.14,47.6,1.4,244,2026-10-08 11:25:00,PT5M,100.0,100.0,100.0,85.9005,73.2105
936,921,758,184,34,0.14,47.0,1.4,245,2026-10-08 11:30:00,PT5M,100.0,100.0,100.0,86.0326,73.4615
935,920,751,188,34,0.14,47.0,1.4,243,2026-10-08 11:35:00,PT5M,100.0,100.0,100.0,86.0055,73.41
929,914,732,199,34,0.14,47.6,1.4,239,2026-10-08 11:40:00,PT5M,100.0,100.0,100.0,85.8184,73.0545
921,907,714,209,34,0.14,48.2,1.4,235,2026-10-08 11:45:00,PT5M,100.0,100.0,100.0,85.6239,72.685
914,899,696,218,33,0.14,48.8,1.5,231,2026-10-08 11:50:00,PT5M,100.0,100.0,100.0,85.4223,72.302
905,891,678,228,33,0.14,49.4,1.5,227,2026-10-08 11:55:00,PT5M,100.0,100.0,100.0,85.2137,71.9055
897,883,660,237,33,0.14,50.0,1.5,224,2026-10-08 12:00:00,PT5M,99.713,100.0,100.0,84.7119,71.2105
887,874,642,247,33,0.14,50.6,1.5,220,2026-10-08 12:05:00,PT5M,98.942,100.0,100.0,83.7175,70.015
877,864,622,256,33,0.14,51.3,1.6,217,2026-10-08 12:10:00,PT5M,98.126,100.0,100.0,82.6702,68.7595
866,853,603,266,33,0.14,51.9,1.6,214,2026-10-08 12:15:00,PT5M,97.285,100.0,100.0,81.5932,67.47
855,843,584,275,32,0.14,52.6,1.7,211,2026-10-08 12:20:00,PT5M,96.417,100.0,100.0,80.4849,66.1455
843,831,565,284,32,0.14,53.2,1.7,208,2026-10-08 12:25:00,PT5M,95.522,100.0,100.0,79.3459,64.787
832,820,546,292,32,0.14,53.9,1.8,205,2026-10-08 12:30:00,PT5M,94.598,100.0,100.0,78.1756,63.395
819,808,528,300,32,0.14,54.6,1.9,203,2026-10-08 12:35:00,PT5M,93.706,100.0,100.0,77.0563,62.071
807,796,510,307,32,0.14,55.3,1.9,200,2026-10-08 12:40:00,PT5M,92.722,100.0,100.0,75.8623,60.688
794,783,492,314,32,0.14,56.0,2.0,198,2026-10-08 12:45:00,PT5M,91.695,100.0,100.0,74.614,59.2405
780,770,474,321,31,0.14,56.7,2.1,196,2026-10-08 12:50:00,PT5M,90.635,100.0,100.0,73.3324,57.7595
767,757,456,327,31,0.14,57.4,2.1,194,2026-10-08 12:55:00,PT5M,89.56,100.0,100.0,72.0471,56.285
753,743,439,332,31,0.14,58.1,2.2,192,2026-10-08 13:00:00,PT5M,88.45,100.0,100.0,70.7253,54.7725
739,730,423,336,31,0.14,58.8,2.3,191,2026-10-08 13:05:00,PT5M,87.316,100.0,100.0,69.3702,53.2185
725,716,408,340,31,0.14,59.6,2.4,189,2026-10-08 13:10:00,PT5M,86.172,100.0,100.0,68.0047,51.6535
711,703,393,342,31,0.14,60.3,2.4,188,2026-10-08 13:15:00,PT5M,84.989,100.0,100.0,66.5985,50.0465
696,689,379,344,31,0.14,61.1,2.5,186,2026-10-08 13:20:00,PT5M,83.766,100.0,100.0,65.1518,48.3985
682,674,364,346,30,0.14,61.9,2.6,185,2026-10-08 13:25:00,PT5M,82.508,100.0,100.0,63.6707,46.7165
667,660,351,347,30,0.14,62.7,2.7,184,2026-10-08 13:30:00,PT5M,81.151,100.0,100.0,62.091,44.9365
652,645,336,348,30,0.14,63.5,2.8,183,2026-10-08 13:35:00,PT5M,79.76,100.0,99.0607,60.4593,43.088
636,630,321,349,30,0.14,64.3,2.9,182,2026-10-08 13:40:00,PT5M,78.269,100.0,97.8279,58.7101,41.1065
620,614,306,350,30,0.14,65.1,3.0,181,2026-10-08 13:45:00,PT5M,76.736,100.0,96.5512,56.9208,39.0865
604,598,291,350,30,0.14,65.9,3.0,180,2026-10-08 13:50:00,PT5M,75.162,100.0,95.2317,55.0923,37.029
588,582,277,349,29,0.14,66.8,3.1,179,2026-10-08 13:55:00,PT5M,73.546,100.0,93.8678,53.2242,34.934
571,566,263,348,29,0.14,67.6,3.2,178,2026-10-08 14:00:00,PT5M,71.884,100.0,92.4573,51.3107,32.794
555,550,249,346,29,0.14,68.5,3.3,178,2026-10-08 14:05:00,PT5M,70.171,100.0,90.9933,49.3487,30.608
538,534,234,344,29,0.14,69.4,3.4,177,2026-10-08 14:10:00,PT5M,68.365,100.0,89.4354,47.2946,28.3305
521,517,220,342,29,0.14,70.2,3.5,176,2026-10-08 14:15:00,PT5M,66.509,100.0,87.8242,45.1938,26.0095
505,501,206,339,29,0.14,71.1,3.6,175,2026-10-08 14:20:00,PT5M,64.622,100.0,86.178,43.066,23.665
488,485,192,336,28,0.14,72.1,3.7,175,2026-10-08 14:25:00,PT5M,62.696,100.0,84.488,40.904,21.2905
471,468,179,333,28,0.14,73.0,3.8,174,2026-10-08 14:30:00,PT5M,60.733,100.0,82.7568,38.7092,18.887
457,454,170,328,28,0.14,73.5,3.8,174,2026-10-08 14:35:00,PT5M,59.093,100.0,81.2411,36.9449,17.011
445,442,164,322,28,0.14,73.8,3.8,174,2026-10-08 14:40:00,PT5M,57.775,99.8545,79.9217,35.6283,15.6955
432,429,158,316,28,0.14,74.0,3.7,174,2026-10-08 14:45:00,PT5M,56.421,98.4795,78.5567,34.2853,14.3625
420,417,153,310,28,0.14,74.2,3.7,174,2026-10-08 14:50:00,PT5M,55.071,97.086,77.1838,32.9582,13.056
407,405,148,304,28,0.14,74.4,3.7,175,2026-10-08 14:55:00,PT5M,53.729,95.676,75.806,31.652,11.782
395,393,142,297,28,0.14,74.6,3.7,175,2026-10-08 15:00:00,PT5M,52.348,94.205,74.3776,30.3184,10.491
382,380,136,291,28,0.14,74.9,3.6,175,2026-10-08 15:05:00,PT5M,50.839,92.535,72.7839,28.8941,9.143
369,367,128,285,28,0.14,75.1,3.6,175,2026-10-08 15:10:00,PT5M,49.19,90.6475,71.0094,27.3706,7.7325
355,353,120,279,28,0.14,75.3,3.6,175,2026-10-08 15:15:00,PT5M,47.471,88.653,69.1454,25.7966,6.289
342,340,113,272,28,0.14,75.5,3.5,175,2026-10-08 15:20:00,PT5M,45.924,86.7845,67.4292,24.4188,5.0635
328,326,105,265,28,0.14,75.7,3.5,175,2026-10-08 15:25:00,PT5M,44.086,84.5645,65.3901,22.7819,3.6075
314,313,96,258,28,0.14,76.0,3.5,176,2026-10-08 15:30:00,PT5M,42.18,82.213,63.2497,21.1103,2.147
300,299,87,251,28,0.14,76.2,3.5,176,2026-10-08 15:35:00,PT5M,40.18,79.67,60.9639,19.3961,0.69
286,285,78,243,28,0.14,76.4,3.4,176,2026-10-08 15:40:00,PT5M,38.068,76.9155,58.5137,17.6223,0.0
271,271,68,235,28,0.14,76.6,3.4,176,2026-10-08 15:45:00,PT5M,35.897,74.0025,55.9522,15.8418,0.0
257,256,59,227,28,0.14,76.9,3.4,176,2026-10-08 15:50:00,PT5M,33.669,70.939,53.2845,14.0535,0.0
243,242,49,219,28,0.14,77.1,3.3,176,2026-10-08 15:55:00,PT5M,31.388,67.705,50.5019,12.2741,0.0
228,228,39,210,28,0.14,77.3,3.3,176,2026-10-08 16:00:00,PT5M,29.06,64.38,47.6492,10.4708,0.0
214,214,30,201,28,0.14,77.5,3.3,177,2026-10-08 16:05:00,PT5M,27.121,61.4485,45.1878,9.0542,0.0
201,201,22,192,27,0.14,77.8,3.3,177,2026-10-08 16:10:00,PT5M,25.02,58.041,42.3992,7.6408,0.0
188,188,14,182,27,0.14,78.0,3.2,177,2026-10-08 16:15:00,PT5M,23.081,53.796,39.2465,6.9155,0.0
174,175,6,172,27,0.14,78.2,3.2,177,2026-10-08 16:20:00,PT5M,21.078,49.56,36.0683,6.0877,0.0
161,162,0,162,27,0.14,78.5,3.2,177,2026-10-08 16:25:00,PT5M,19.224,45.4995,33.053,5.395,0.0
149,149,0,149,27,0.14,78.7,3.2,177,2026-10-08 16:30:00,PT5M,17.795,41.8955,30.4793,5.1107,0.0
136,136,0,136,27,0.14,78.9,3.1,178,2026-10-08 16:35:00,PT5M,16.342,38.275,27.8855,4.7985,0.0
124,124,0,124,27,0.14,79.2,3.1,178,2026-10-08 16:40:00,PT5M,14.863,34.6465,25.2752,4.4508,0.0
112,112,0,112,27,0.14,79.4,3.1,178,2026-10-08 16:45:00,PT5M,13.392,31.0665,22.6942,4.0898,0.0
100,100,0,100,27,0.14,79.6,3.0,178,2026-10-08 16:50:00,PT5M,11.949,27.577,20.1741,3.7239,0.0
88,88,0,88,27,0.14,79.9,3.0,178,2026-10-08 16:55:00,PT5M,10.486,24.17,17.688,3.284,0.0
76,76,0,76,27,0.14,80.1,3.0,179,2026-10-08 17:00:00,PT5M,9.091,20.9455,15.3301,2.8519,0.0
65,65,0,65,27,0.14,80.3,3.0,179,2026-10-08 17:05:00,PT5M,7.648,17.705,12.9411,2.3549,0.0
55,55,0,55,27,0.14,80.6,2.9,179,2026-10-08 17:10:00,PT5M,6.353,14.718,10.7556,1.9504,0.0
45,46,0,46,27,0.14,80.8,2.9,179,2026-10-08 17:15:00,PT5M,5.198,11.9465,8.7498,1.6462,0.0
37,37,0,37,27,0.14,81.1,2.9,179,2026-10-08 17:20:00,PT5M,4.066,9.294,6.8175,1.3145,0.0
29,29,0,29,27,0.14,81.3,2.8,180,2026-10-08 17:25:00,PT5M,3.009,6.8705,5.0413,0.9767,0.0
22,22,0,22,27,0.14,81.5,2.8,180,2026-10-08 17:30:00,PT5M,2.134,4.832,3.554,0.714,0.0
15,15,0,15,27,0.14,81.7,2.8,180,2026-10-08 17:35:00,PT5M,1.339,2.963,2.1937,0.4843,0.0
10,10,0,10,27,0.14,81.9,2.8,181,2026-10-08 17:40:00,PT5M,0.602,1.453,1.0499,0.1541,0.0
5,5,0,5,27,0.14,82.1,2.8,182,2026-10-08 17:45:00,PT5M,0.0,0.2385,0.1255,0.0,0.0
1,1,0,1,27,0.14,82.2,2.8,182,2026-10-08 17:50:00,PT5M,0.0,0.0,0.0,0.0,0.0
0,0,0,0,27,0.14,82.4,2.8,183,2026-10-08 17:55:00,PT5M,0.0,0.0,0.0,0.0,0.0
0,0,0,0,27,0.14,82.5,2.8,183,2026-10-08 18:00:00,PT5M,0.0,0.0,0.0,0.0,0.0
0,0,0,0,27,0.14,82.7,2.8,184,2026-10-08 18:05:00,PT5M,0.0,0.0,0.0,0.0,0.0
0,0,0,0,27,0.14,82.9,2.7,185,2026-10-08 18:10:00,PT5M,0.0,0.0,0.0,0.0,0.0
0,0,0,0,27,0.14,83.0,2.7,185,2026-10-08 18:15:00,PT5M,0.0,0.0,0.0,0.0,0.0
0,0,0,0,26,0.14,83.2,2.7,186,2026-10-08 18:20:00,PT5M,0.0,0.0,0.0,0.0,0.0
0,0,0,0,26,0.14,83.4,2.7,187,2026-10-08 18:25:00,PT5M,0.0,0.0,0.0,0.0,0.0
0,0,0,0,26,0.14,83.5,2.7,187,2026-10-08 18:30:00,PT5M,0.0,0.0,0.0,0.0,0.0
0,0,0,0,26,0.14,83.7,2.7,188,2026-10-08 18:35:00,PT5M,0.0,0.0,0.0,0.0,0.0
0,0,0,0,26,0.14,83.8,2.7,189,2026-10-08 18:40:00,PT5M,0.0,0.0,0.0,0.0,0.0
0,0,0,0,26,0.14,84.0,2.7,189,2026-10-08 18:45:00,PT5M,0.0,0.0,0.0,0.0,0.0
0,0,0,0,26,0.14,84.2,2.7,190,2026-10-08 18:50:00,PT5M,0.0,0.0,0.0,0.0,0.0
0,0,0,0,26,0.14,84.3,2.7,191,2026-10-08 18:55:00,PT5M,0.0,0.0,0.0,0.0,0.0
0,0,0,0,26,0.14,84.5,2.7,191,2026-10-08 19:00:00,PT5M,0.0,0.0,0.0,0.0,0.0
0,0,0,0,26,0.14,84.7,2.7,192,2026-10-08 19:05:00,PT5M,0.0,0.0,0.0,0.0,0.0
0,0,0,0,26,0.14,84.8,2.7,193,2026-10-08 19:10:00,PT5M,0.0,0.0,0.0,0.0,0.0
0,0,0,0,26,0.14,85.0,2.7,193,2026-10-08 19:15:00,PT5M,0.0,0.0,0.0,0.0,0.0
0,0,0,0,26,0.14,85.2,2.7,194,2026-10-08 19:20:00,PT5M,0.0,0.0,0.0,0.0,0.0
0,0,0,0,26,0.14,85.3,2.7,195,2026-10-08 19:25:00,PT5M,0.0,0.0,0.0,0.0,0.0
0,0,0,0,26,0.14,85.5,2.7,195,2026-10-08 19:30:00,PT5M,0.0,0.0,0.0,0.0,0.0
0,0,0,0,26,0.14,85.7,2.7,196,2026-10-08 19:35:00,PT5M,0.0,0.0,0.0,0.0,0.0
0,0,0,0,26,0.14,85.8,2.7,197,2026-10-08 19:40:00,PT5M,0.0,0.0,0.0,0.0,0.0
0,0,0,0,26,0.14,86.0,2.7,197,2026-10-08 19:45:00,PT5M,0.0,0.0,0.0,0.0,0.0
0,0,0,0,26,0.14,86.2,2.7,198,2026-10-08 19:50:00,PT5M,0.0,0.0,0.0,0.0,0.0
0,0,0,0,26,0.14,86.4,2.7,199,2026-10-08 19:55:00,PT5M,0.0,0.0,0.0,0.0,0.0
0,0,0,0,26,0.14,86.5,2.7,199,2026-10-08 20:00:00,PT5M,0.0,0.0,0.0,0.0,0.0
0,0,0,0,26,0.14,86.7,2.7,200,2026-10-08 20:05:00,PT5M,0.0,0.0,0.0,0.0,0.0
0,0,0,0,26,0.14,86.9,2.7,201,2026-10-08 20:10:00,PT5M,0.0,0.0,0.0,0.0,0.0
0,0,0,0,26,0.14,87.0,2.7,201,2026-10-08 20:15:00,PT5M,0.0,0.0,0.0,0.0,0.0
0,0,0,0,26,0.14,87.2,2.7,202,2026-10-08 20:20:00,PT5M,0.0,0.0,0.0,0.0,0.0
0,0,0,0,26,0.14,87.4,2.7,203,2026-10-08 20:25:00,PT5M,0.0,0.0,0.0,0.0,0.0
0,0,0,0,25,0.14,87.6,2.7,203,2026-10-08 20:30:00,PT5M,0.0,0.0,0.0,0.0,0.0
0,0,0,0,25,0.14,87.7,2.7,204,2026-10-08 20:35:00,PT5M,0.0,0.0,0.0,0.0,0.0
0,0,0,0,25,0.14,87.8,2.7,204,2026-10-08 20:40:00,PT5M,0.0,0.0,0.0,0.0,0.0
0,0,0,0,25,0.14,87.8,2.7,205,2026-10-08 20:45:00,PT5M,0.0,0.0,0.0,0.0,0.0
0,0,0,0,25,0.14,87.9,2.6,205,2026-10-08 20:50:00,PT5M,0.0,0.0,0.0,0.0,0.0
0,0,0,0,25,0.14,88.0,2.6,205,2026-10-08 20:55:00,PT5M,0.0,0.0,0.0,0.0,0.0
0,0,0,0,25,0.14,88.0,2.6,206,2026-10-08 21:00:00,PT5M,0.0,0.0,0.0,0.0,0.0
0,0,0,0,25,0.14,88.1,2.6,206,2026-10-08 21:05:00,PT5M,0.0,0.0,0.0,0.0,0.0
0,0,0,0,25,0.14,88.2,2.5,207,2026-10-08 21:10:00,PT5M,0.0,0.0,0.0,0.0,0.0
0,0,0,0,25,0.14,88.3,2.5,207,2026-10-08 21:15:00,PT5M,0.0,0.0,0.0,0.0,0.0
0,0,0,0,25,0.14,88.3,2.5,208,2026-10-08 21:20:00,PT5M,0.0,0.0,0.0,0.0,0.0
0,0,0,0,25,0.14,88.4,2.5,208,2026-10-08 21:25:00,PT5M,0.0,0.0,0.0,0.0,0.0
0,0,0,0,25,0.14,88.5,2.4,208,2026-10-08 21:30:00,PT5M,0.0,0.0,0.0,0.0,0.0
0,0,0,0,25,0.14,88.5,2.4,209,2026-10-08 21:35:00,PT5M,0.0,0.0,0.0,0.0,0.0
0,0,0,0,25,0.14,88.6,2.4,209,2026-10-08 21:40:00,PT5M,0.0,0.0,0.0,0.0,0.0
0,0,0,0,25,0.14,88.7,2.4,210,2026-10-08 21:45:00,PT5M,0.0,0.0,0.0,0.0,0.0
0,0,0,0,25,0.14,88.8,2.3,210,2026-10-08 21:50:00,PT5M,0.0,0.0,0.0,0.0,0.0
0,0,0,0,25,0.14,88.8,2.3,211,2026-10-08 21:55:00,PT5M,0.0,0.0,0.0,0.0,0.0
0,0,0,0,25,0.14,88.9,2.3,211,2026-10-08 22:00:00,PT5M,0.0,0.0,0.0,0.0,0.0
0,0,0,0,25,0.14,89.0,2.3,212,2026-10-08 22:05:00,PT5M,0.0,0.0,0.0,0.0,0.0
0,0,0,0,25,0.14,89.0,2.3,212,2026-10-08 22:10:00,PT5M,0.0,0.0,0.0,0.0,0.0
0,0,0,0,25,0.14,89.1,2.2,213,2026-10-08 22:15:00,PT5M,0.0,0.0,0.0,0.0,0.0
0,0,0,0,25,0.14,89.2,2.2,213,2026-10-08 22:20:00,PT5M,0.0,0.0,0.0,0.0,0.0
0,0,0,0,25,0.14,89.3,2.2,214,2026-10-08 22:25:00,PT5M,0.0,0.0,0.0,0.0,0.0
0,0,0,0,25,0.14,89.3,2.2,215,2026-10-08 22:30:00,PT5M,0.0,0.0,0.0,0.0,0.0
0,0,0,0,25,0.14,89.4,2.1,215,2026-10-08 22:35:00,PT5M,0.0,0.0,0.0,0.0,0.0
0,0,0,0,25,0.14,89.5,2.1,216,2026-10-08 22:40:00,PT5M,0.0,0.0,0.0,0.0,0.0
0,0,0,0,25,0.14,89.6,2.1,216,2026-10-08 22:45:00,PT5M,0.0,0.0,0.0,0.0,0.0
0,0,0,0,25,0.14,89.6,2.1,217,2026-10-08 22:50:00,PT5M,0.0,0.0,0.0,0.0,0.0
0,0,0,0,25,0.14,89.7,2.1,218,2026-10-08 22:55:00,PT5M,0.0,0.0,0.0,0.0,0.0
0,0,0,0,25,0.14,89.8,2.0,218,2026-10-08 23:00:00,PT5M,0.0,0.0,0.0,0.0,0.0
0,0,0,0,25,0.14,89.9,2.0,219,2026-10-08 23:05:00,PT5M,0.0,0.0,0.0,0.0,0.0
0,0,0,0,25,0.14,89.9,2.0,220,2026-10-08 23:10:00,PT5M,0.0,0.0,0.0,0.0,0.0
0,0,0,0,25,0.14,90.0,2.0,220,2026-10-08 23:15:00,PT5M,0.0,0.0,0.0,0.0,0.0
0,0,0,0,25,0.14,90.1,2.0,221,2026-10-08 23:20:00,PT5M,0.0,0.0,0.0,0.0,0.0
0,0,0,0,24,0.14,90.1,1.9,222,2026-10-08 23:25:00,PT5M,0.0,0.0,0.0,0.0,0.0
0,0,0,0,24,0.14,90.2,1.9,223,2026-10-08 23:30:00,PT5M,0.0,0.0,0.0,0.0,0.0
0,0,0,0,24,0.14,90.3,1.9,223,2026-10-08 23:35:00,PT5M,0.0,0.0,0.0,0.0,0.0
0,0,0,0,24,0.14,90.3,1.9,223,2026-10-08 23:40:00,PT5M,0.0,0.0,0.0,0.0,0.0
0,0,0,0,24,0.14,90.3,1.9,223,2026-10-08 23:45:00,PT5M,0.0,0.0,0.0,0.0,0.0
0,0,0,0,24,0.14,90.3,1.9,223,2026-10-08 23:50:00,PT5M,0.0,0.0,0.0,0.0,0.0
0,0,0,0,24,0.14,90.3,1.8,223,2026-10-08 23:55:00,PT5M,0.0,0.0,0.0,0.0,0.0
0,0,0,0,24,0.14,90.3,1.8,223,2026-10-09 00:00:00,PT5M,0.0,0.0,0.0,0.0,0.0
0,0,0,0,24,0.14,90.4,1.8,223,2026-10-09 00:05:00,PT5M,0.0,0.0,0.0,0.0,0.0
0,0,0,0,24,0.14,90.4,1.8,223,2026-10-09 00:10:00,PT5M,0.0,0.0,0.0,0.0,0.0
0,0,0,0,24,0.14,90.4,1.8,223,2026-10-09 00:15:00,PT5M,0.0,0.0,0.0,0.0,0.0
0,0,0,0,24,0.14,90.4,1.8,223,2026-10-09 00:20:00,PT5M,0.0,0.0,0.0,0.0,0.0
0,0,0,0,24,0.14,90.4,1.7,223,2026-10-09 00:25:00,PT5M,0.0,0.0,0.0,0.0,0.0
0,0,0,0,24,0.14,90.4,1.7,223,2026-10-09 00:30:00,PT5M,0.0,0.0,0.0,0.0,0.0
0,0,0,0,24,0.14,90.4,1.7,223,2026-10-09 00:35:00,PT5M,0.0,0.0,0.0,0.0,0.0
0,0,0,0,24,0.14,90.5,1.7,223,2026-10-09 00:40:00,PT5M,0.0,0.0,0.0,0.0,0.0
0,0,0,0,24,0.14,90.5,1.7,223,2026-10-09 00:45:00,PT5M,0.0,0.0,0.0,0.0,0.0
0,0,0,0,24,0.14,90.5,1.7,223,2026-10-09 00:50:00,PT5M,0.0,0.0,0.0,0.0,0.0
0,0,0,0,24,0.14,90.5,1.7,223,2026-10-09 00:55:00,PT5M,0.0,0.0,0.0,0.0,0.0
0,0,0,0,24,0.14,90.5,1.6,223,2026-10-09 01:00:00,PT5M,0.0,0.0,0.0,0.0,0.0
0,0,0,0,24,0.14,90.5,1.6,222,2026-10-09 01:05:00,PT5M,0.0,0.0,0.0,0.0,0.0
0,0,0,0,24,0.14,90.5,1.6,222,2026-10-09 01:10:00,PT5M,0.0,0.0,0.0,0.0,0.0
0,0,0,0,24,0.14,90.6,1.6,222,2026-10-09 01:15:00,PT5M,0.0,0.0,0.0,0.0,0.0
0,0,0,0,24,0.14,90.6,1.6,222,2026-10-09 01:20:00,PT5M,0.0,0.0,0.0,0.0,0.0
0,0,0,0,24,0.14,90.6,1.6,222,2026-10-09 01:25:00,PT5M,0.0,0.0,0.0,0.0,0.0
0,0,0,0,24,0.14,90.6,1.5,222,2026-10-09 01:30:00,PT5M,0.0,0.0,0.0,0.0,0.0
0,0,0,0,24,0.14,90.6,1.5,222,2026-10-09 01:35:00,PT5M,0.0,0.0,0.0,0.0,0.0
0,0,0,0,24,0.14,90.6,1.5,222,2026-10-09 01:40:00,PT5M,0.0,0.0,0.0,0.0,0.0
0,0,0,0,24,0.14,90.6,1.5,222,2026-10-09 01:45:00,PT5M,0.0,0.0,0.0,0.0,0.0
0,0,0,0,24,0.14,90.7,1.5,222,2026-10-09 01:50:00,PT5M,0.0,0.0,0.0,0.0,0.0
0,0,0,0,24,0.14,90.7,1.5,222,2026-10-09 01:55:00,PT5M,0.0,0.0,0.0,0.0,0.0
0,0,0,0,24,0.14,90.7,1.4,222,2026-10-09 02:00:00,PT5M,0.0,0.0,0.0,0.0,0.0
0,0,0,0,24,0.14,90.7,1.4,222,2026-10-09 02:05:00,PT5M,0.0,0.0,0.0,0.0,0.0
0,0,0,0,24,0.14,90.7,1.4,222,2026-10-09 02:10:00,PT5M,0.0,0.0,0.0,0.0,0.0
0,0,0,0,24,0.14,90.7,1.4,222,2026-10-09 02:15:00,PT5M,0.0,0.0,0.0,0.0,0.0
0,0,0,0,24,0.14,90.7,1.4,222,2026-10-09 02:20:00,PT5M,0.0,0.0,0.0,0.0,0.0
0,0,0,0,24,0.14,90.8,1.4,222,2026-10-09 02:25:00,PT5M,0.0,0.0,0.0,0.0,0.0
0,0,0,0,24,0.14,90.8,1.4,222,2026-10-09 02:30:00,PT5M,0.0,0.0,0.0,0.0,0.0
0,0,0,0,24,0.14,90.8,1.3,222,2026-10-09 02:35:00,PT5M,0.0,0.0,0.0,0.0,0.0
0,0,0,0,24,0.14,90.7,1.3,222,2026-10-09 02:40:00,PT5M,0.0,0.0,0.0,0.0,0.0
0,0,0,0,24,0.14,90.7,1.3,222,2026-10-09 02:45:00,PT5M,0.0,0.0,0.0,0.0,0.0
0,0,0,0,24,0.14,90.7,1.3,222,2026-10-09 02:50:00,PT5M,0.0,0.0,0.0,0.0,0.0
0,0,0,0,24,0.14,90.6,1.3,222,2026-10-09 02:55:00,PT5M,0.0,0.0,0.0,0.0,0.0
0,0,0,0,24,0.14,90.6,1.3,222,2026-10-09 03:00:00,PT5M,0.0,0.0,0.0,0.0,0.0
0,0,0,0,24,0.14,90.6,1.3,222,2026-10-09 03:05:00,PT5M,0.0,0.0,0.0,0.0,0.0
0,0,0,0,24,0.14,90.6,1.3,223,2026-10-09 03:10:00,PT5M,0.0,0.0,0.0,0.0,0.0
0,0,0,0,24,0.14,90.5,1.3,223,2026-10-09 03:15:00,PT5M,0.0,0.0,0.0,0.0,0.0
0,0,0,0,24,0.14,90.5,1.3,223,2026-10-09 03:20:00,PT5M,0.0,0.0,0.0,0.0,0.0
0,0,0,0,24,0.14,90.5,1.3,223,2026-10-09 03:25:00,PT5M,0.0,0.0,0.0,0.0,0.0
0,0,0,0,24,0.14,90.4,1.3,223,2026-10-09 03:30:00,PT5M,0.0,0.0,0.0,0.0,0.0
0,0,0,0,24,0.14,90.4,1.3,223,2026-10-09 03:35:00,PT5M,0.0,0.0,0.0,0.0,0.0
0,0,0,0,24,0.14,90.4,1.3,223,2026-10-09 03:40:00,PT5M,0.0,0.0,0.0,0.0,0.0
0,0,0,0,24,0.14,90.3,1.3,223,2026-10-09 03:45:00,PT5M,0.0,0.0,0.0,0.0,0.0
0,0,0,0,24,0.14,90.3,1.3,223,2026-10-09 03:50:00,PT5M,0.0,0.0,0.0,0.0,0.0
0,0,0,0,24,0.14,90.3,1.2,223,2026-10-09 03:55:00,PT5M,0.0,0.0,0.0,0.0,0.0
0,0,0,0,24,0.14,90.2,1.2,223,2026-10-09 04:00:00,PT5M,0.0,0.0,0.0,0.0,0.0
0,0,0,0,24,0.14,90.2,1.2,223,2026-10-09 04:05:00,PT5M,0.0,0.0,0.0,0.0,0.0
0,0,0,0,24,0.14,90.2,1.2,223,2026-10-09 04:10:00,PT5M,0.0,0.0,0.0,0.0,0.0
0,0,0,0,24,0.14,90.2,1.2,224,2026-10-09 04:15:00,PT5M,0.0,0.0,0.0,0.0,0.0
0,0,0,0,24,0.14,90.1,1.2,224,2026-10-09 04:20:00,PT5M,0.0,0.0,0.0,0.0,0.0
0,0,0,0,24,0.14,90.1,1.2,224,2026-10-09 04:25:00,PT5M,0.0,0.0,0.0,0.0,0.0
0,0,0,0,24,0.14,90.1,1.2,224,2026-10-09 04:30:00,PT5M,0.0,0.0,0.0,0.0,0.0
0,0,0,0,24,0.14,90.0,1.2,224,2026-10-09 04:35:00,PT5M,0.0,0.0,0.0,0.0,0.0
0,0,0,0,24,0.14,90.0,1.2,224,2026-10-09 04:40:00,PT5M,0.0,0.0,0.0,0.0,0.0
0,0,0,0,24,0.14,90.0,1.2,224,2026-10-09 04:45:00,PT5M,0.0,0.0,0.0,0.0,0.0
0,0,0,0,24,0.14,89.9,1.2,224,2026-10-09 04:50:00,PT5M,0.0,0.0,0.0,0.0,0.0
0,0,0,0,24,0.14,89.9,1.2,224,2026-10-09 04:55:00,PT5M,0.0,0.0,0.0,0.0,0.0
0,0,0,0,24,0.14,89.9,1.2,224,2026-10-09 05:00:00,PT5M,0.0,0.0,0.0,0.0,0.0
0,0,0,0,24,0.14,89.9,1.2,224,2026-10-09 05:05:00,PT5M,0.0,0.0,0.0,0.0,0.0
0,0,0,0,24,0.14,89.8,1.2,225,2026-10-09 05:10:00,PT5M,0.0,0.0,0.0,0.0,0.0
0,0,0,0,24,0.14,89.8,1.2,225,2026-10-09 05:15:00,PT5M,0.0,0.0,0.0,0.0,0.0
0,0,0,0,24,0.14,89.8,1.1,225,2026-10-09 05:20:00,PT5M,0.0,0.0,0.0,0.0,0.0
0,0,0,0,24,0.14,89.7,1.1,225,2026-10-09 05:25:00,PT5M,0.0,0.0,0.0,0.0,0.0
0,0,0,0,24,0.14,89.7,1.1,225,2026-10-09 05:30:00,PT5M,0.0,0.0,0.0,0.0,0.0
0,0,0,0,24,0.14,89.4,1.1,225,2026-10-09 05:35:00,PT5M,0.0,0.0,0.0,0.0,0.0
0,0,0,0,24,0.14,88.7,1.1,224,2026-10-09 05:40:00,PT5M,0.0,0.0,0.0,0.0,0.0
0,0,0,0,24,0.14,88.1,1.2,223,2026-10-09 05:45:00,PT5M,0.0,0.0,0.0,0.0,0.0
0,0,0,0,24,0.14,87.4,1.2,223,2026-10-09 05:50:00,PT5M,0.0,0.0,0.0,0.0,0.0
0,0,0,0,25,0.14,86.8,1.2,222,2026-10-09 05:55:00,PT5M,0.0,0.0,0.0,0.0,0.0
3,3,0,3,25,0.14,86.1,1.2,221,2026-10-09 06:00:00,PT5M,0.0,0.0,0.0,0.0,0.0
9,9,0,9,25,0.14,85.5,1.2,221,2026-10-09 06:05:00,PT5M,0.494,1.064,0.794,0.194,0.0
15,15,0,15,25,0.14,84.9,1.2,220,2026-10-09 06:10:00,PT5M,1.392,2.704,2.0825,0.7015,0.08
23,23,0,23,25,0.14,84.3,1.2,220,2026-10-09 06:15:00,PT5M,2.389,4.7925,3.654,1.124,0.0
32,32,0,32,25,0.14,83.7,1.2,219,2026-10-09 06:20:00,PT5M,3.48,7.174,5.4242,1.5358,0.0
42,42,0,42,25,0.14,83.0,1.2,218,2026-10-09 06:25:00,PT5M,4.74,9.8795,7.445,2.035,0.0
53,53,0,53,25,0.14,82.4,1.3,218,2026-10-09 06:30:00,PT5M,6.226,12.9995,9.7909,2.6611,0.0
65,65,0,65,25,0.14,81.8,1.3,217,2026-10-09 06:35:00,PT5M,7.732,16.2445,12.2122,3.2518,0.0
78,78,4,78,26,0.14,81.3,1.3,217,2026-10-09 06:40:00,PT5M,9.429,19.7245,14.8476,4.0104,0.0
92,92,26,87,26,0.14,80.7,1.3,216,2026-10-09 06:45:00,PT5M,12.002,24.1,18.3693,5.6347,0.0
108,107,49,96,26,0.14,80.1,1.3,216,2026-10-09 06:50:00,PT5M,14.821,28.745,22.1493,7.4927,0.897
124,123,72,105,26,0.14,79.5,1.3,215,2026-10-09 06:55:00,PT5M,17.86,33.673,26.1825,9.5375,2.047
140,139,93,113,26,0.14,78.9,1.3,215,2026-10-09 07:00:00,PT5M,20.941,38.7365,30.3069,11.5751,3.1455
156,155,113,122,26,0.14,78.4,1.3,214,2026-10-09 07:05:00,PT5M,24.22,44.089,34.6772,13.7628,4.351
173,171,133,130,26,0.14,77.8,1.3,214,2026-10-09 07:10:00,PT5M,27.739,49.7435,39.3201,16.1579,5.7345
191,188,154,137,26,0.14,77.2,1.4,213,2026-10-09 07:15:00,PT5M,31.43,55.585,44.1429,18.7171,7.275
209,206,174,145,26,0.14,76.7,1.4,213,2026-10-09 07:20:00,PT5M,35.251,61.556,49.0955,21.4065,8.946
227,224,194,152,27,0.14,76.1,1.4,212,2026-10-09 07:25:00,PT5M,39.218,67.7295,54.2238,24.2122,10.7065
245,242,214,158,27,0.14,75.6,1.4,212,2026-10-09 07:30:00,PT5M,43.325,74.0155,59.4776,27.1724,12.6345
264,260,235,164,27,0.14,75.0,1.4,211,2026-10-09 07:35:00,PT5M,47.616,80.5195,64.9333,30.2987,14.7125
284,280,256,169,27,0.14,74.5,1.4,211,2026-10-09 07:40:00,PT5M,51.948,86.933,70.3609,33.5351,16.963
304,299,279,174,27,0.14,74.0,1.4,210,2026-10-09 07:45:00,PT5M,55.304,91.012,74.0974,36.5106,19.596
325,319,301,178,27,0.14,73.4,1.5,210,2026-10-09 07:50:00,PT5M,58.599,94.947,77.7292,39.4688,22.251
345,339,323,181,27,0.14,72.9,1.5,209,2026-10-09 07:55:00,PT5M,61.822,98.739,81.2517,42.3923,24.905
366,360,346,184,27,0.14,72.4,1.5,209,2026-10-09 08:00:00,PT5M,64.959,100.0,84.6479,45.2701,27.5495
387,380,369,187,27,0.14,71.9,1.5,209,2026-10-09 08:05:00,PT5M,67.992,100.0,87.8948,48.0892,30.176
409,401,392,188,28,0.14,71.3,1.5,208,2026-10-09 08:10:00,PT5M,70.88,100.0,90.9457,50.8143,32.7545
430,422,416,189,28,0.14,70.8,1.5,208,2026-10-09 08:15:00,PT5M,73.659,100.0,93.8347,53.4833,35.3245
452,444,439,190,28,0.14,70.3,1.5,207,2026-10-09 08:20:00,PT5M,76.291,100.0,96.5115,56.0705,37.8715
474,465,463,190,28,0.14,69.8,1.5,207,2026-10-09 08:25:00,PT5M,78.782,100.0,99.0022,58.5618,40.363
496,487,486,189,28,0.14,69.3,1.6,207,2026-10-09 08:30:00,PT5M,81.171,100.0,100.0,60.9771,42.802
516,506,503,190,28,0.14,68.7,1.6,207,2026-10-09 08:35:00,PT5M,82.917,100.0,100.0,62.7152,44.533
533,523,512,193,28,0.14,68.0,1.5,207,2026-10-09 08:40:00,PT5M,84.043,100.0,100.0,63.8015,45.5835
549,539,521,195,28,0.14,67.2,1.5,208,2026-10-09 08:45:00,PT5M,85.107,100.0,100.0,64.8363,46.592
566,556,529,198,29,0.14,66.5,1.5,209,2026-10-09 08:50:00,PT5M,86.118,100.0,100.0,65.8291,47.5685
582,572,537,200,29,0.14,65.8,1.5,209,2026-10-09 08:55:00,PT5M,87.081,100.0,100.0,66.7837,48.5155
598,588,545,202,29,0.14,65.1,1.5,210,2026-10-09 09:00:00,PT5M,87.997,100.0,100.0,67.6739,49.3825
615,604,554,204,29,0.14,64.4,1.5,210,2026-10-09 09:05:00,PT5M,89.025,100.0,100.0,68.7209,50.4465
631,620,563,205,29,0.14,63.7,1.5,211,2026-10-09 09:10:00,PT5M,89.944,100.0,100.0,69.7114,51.5015
647,635,572,207,29,0.14,63.1,1.5,211,2026-10-09 09:15:00,PT5M,90.823,100.0,100.0,70.7599,52.7025
662,651,580,208,30,0.14,62.4,1.5,212,2026-10-09 09:20:00,PT5M,91.665,100.0,100.0,71.769,53.862
678,666,588,209,30,0.14,61.7,1.5,213,2026-10-09 09:25:00,PT5M,92.471,100.0,100.0,72.7395,54.9805
693,680,596,210,30,0.14,61.1,1.4,213,2026-10-09 09:30:00,PT5M,93.244,100.0,100.0,73.6743,56.061
707,694,603,211,30,0.14,60.4,1.4,214,2026-10-09 09:35:00,PT5M,93.916,100.0,100.0,74.514,57.0515
720,708,609,212,30,0.14,59.8,1.4,215,2026-10-09 09:40:00,PT5M,94.491,100.0,100.0,75.2626,57.9565
733,720,613,214,30,0.14,59.1,1.4,215,2026-10-09 09:45:00,PT5M,95.009,100.0,100.0,75.9501,58.7965
745,732,617,216,30,0.14,58.5,1.4,216,2026-10-09 09:50:00,PT5M,95.473,100.0,100.0,76.5794,59.5745
757,744,621,217,31,0.14,57.9,1.4,217,2026-10-09 09:55:00,PT5M,95.914,100.0,100.0,77.1814,60.3215
768,755,625,219,31,0.14,57.3,1.4,217,2026-10-09 10:00:00,PT5M,96.329,100.0,100.0,77.753,61.034
779,766,629,220,31,0.14,56.7,1.4,218,2026-10-09 10:05:00,PT5M,96.73,100.0,100.0,78.3079,61.7275
790,776,633,221,31,0.14,56.1,1.4,219,2026-10-09 10:10:00,PT5M,97.117,100.0,100.0,78.846,62.4015
800,786,636,222,31,0.14,55.5,1.4,219,2026-10-09 10:15:00,PT5M,97.477,100.0,100.0,79.3536,63.042
810,796,640,223,31,0.14,54.9,1.4,220,2026-10-09 10:20:00,PT5M,97.813,100.0,100.0,79.8338,63.652
819,805,644,224,31,0.14,54.3,1.4,221,2026-10-09 10:25:00,PT5M,98.125,100.0,100.0,80.2871,64.2325
828,814,647,224,32,0.14,53.8,1.3,222,2026-10-09 10:30:00,PT5M,98.416,100.0,100.0,80.7166,64.7865
837,823,652,224,32,0.14,53.2,1.3,222,2026-10-09 10:35:00,PT5M,98.747,100.0,100.0,81.1726,65.355
846,832,657,223,32,0.14,52.6,1.3,223,2026-10-09 10:40:00,PT5M,99.113,100.0,100.0,81.6491,65.931
855,840,663,222,32,0.14,52.1,1.3,224,2026-10-09 10:45:00,PT5M,99.452,100.0,100.0,82.0928,66.469
863,849,668,221,32,0.14,51.5,1.3,225,2026-10-09 10:50:00,PT5M,99.764,100.0,100.0,82.5022,66.966
871,856,674,220,32,0.14,51.0,1.3,225,2026-10-09 10:55:00,PT5M,100.0,100.0,100.0,82.8153,67.3485
878,863,679,219,33,0.14,50.5,1.3,226,2026-10-09 11:00:00,PT5M,100.0,100.0,100.0,82.8995,67.5085
885,870,684,217,33,0.14,49.9,1.3,227,2026-10-09 11:05:00,PT5M,100.0,100.0,100.0,82.989,67.6785
891,876,689,216,33,0.14,49.4,1.3,228,2026-10-09 11:10:00,PT5M,100.0,100.0,100.0,83.0698,67.832
897,882,694,214,33,0.14,48.9,1.3,229,2026-10-09 11:15:00,PT5M,100.0,100.0,100.0,83.1384,67.9625
902,887,698,213,33,0.14,48.4,1.3,229,2026-10-09 11:20:00,PT5M,100.0,100.0,100.0,83.2013,68.082
907,892,703,211,33,0.14,47.9,1.3,230,2026-10-09 11:25:00,PT5M,100.0,100.0,100.0,83.2582,68.19
911,896,707,209,33,0.14,47.4,1.3,231,2026-10-09 11:30:00,PT5M,100.0,100.0,100.0,83.3103,68.289
911,895,702,212,34,0.14,47.3,1.2,229,2026-10-09 11:35:00,PT5M,100.0,100.0,100.0,83.2919,68.254
905,890,688,220,33,0.14,47.6,1.2,225,2026-10-09 11:40:00,PT5M,100.0,100.0,100.0,83.2029,68.085
899,885,673,227,33,0.14,48.0,1.1,221,2026-10-09 11:45:00,PT5M,99.869,100.0,100.0,82.9769,67.7735
893,879,659,235,33,0.14,48.3,1.0,215,2026-10-09 11:50:00,PT5M,99.173,100.0,100.0,82.1799,66.8855
886,872,645,242,33,0.14,48.7,1.0,209,2026-10-09 11:55:00,PT5M,98.482,100.0,100.0,81.3818,65.991
879,865,631,249,33,0.14,49.0,0.9,203,2026-10-09 12:00:00,PT5M,97.859,100.0,100.0,80.6464,65.1545
871,857,616,256,33,0.14,49.3,0.9,195,2026-10-09 12:05:00,PT5M,97.205,100.0,100.0,79.8734,64.2745
862,849,601,263,33,0.14,49.7,0.9,188,2026-10-09 12:10:00,PT5M,96.522,100.0,100.0,79.0662,63.3555
853,840,587,270,33,0.14,50.0,0.9,181,2026-10-09 12:15:00,PT5M,95.814,100.0,100.0,78.2288,62.4015
844,831,572,276,33,0.14,50.4,0.9,173,2026-10-09 12:20:00,PT5M,95.08,100.0,100.0,77.3611,61.4135
834,821,557,282,33,0.14,50.7,0.9,166,2026-10-09 12:25:00,PT5M,94.32,100.0,100.0,76.4635,60.392
823,811,543,288,33,0.14,51.1,1.0,160,2026-10-09 12:30:00,PT5M,93.534,100.0,100.0,75.5364,59.338
813,802,530,293,33,0.14,51.4,1.0,154,2026-10-09 12:35:00,PT5M,92.836,100.0,100.0,74.6931,58.364
803,792,517,297,33,0.14,51.8,1.1,149,2026-10-09 12:40:00,PT5M,92.112,100.0,100.0,73.8191,57.355
793,782,505,301,33,0.14,52.2,1.2,144,2026-10-09 12:45:00,PT5M,91.348,100.0,100.0,72.8946,56.286
782,771,493,305,32,0.14,52.5,1.3,140,2026-10-09 12:50:00,PT5M,90.559,100.0,100.0,71.9454,55.1925
771,761,481,308,32,0.14,52.9,1.4,137,2026-10-09 12:55:00,PT5M,89.76,100.0,100.0,70.9956,54.107
760,750,469,311,32,0.14,53.3,1.4,134,2026-10-09 13:00:00,PT5M,88.929,100.0,100.0,70.0101,52.9825
748,738,457,313,32,0.14,53.6,1.5,131,2026-10-09 13:05:00,PT5M,88.051,100.0,100.0,68.9668,51.7905
736,726,445,316,32,0.14,54.0,1.6,129,2026-10-09 13:10:00,PT5M,87.135,100.0,100.0,67.8819,50.5535
724,714,434,318,32,0.14,54.4,1.7,126,2026-10-09 13:15:00,PT5M,86.184,100.0,100.0,66.7601,49.278
711,702,422,319,32,0.14,54.8,1.8,125,2026-10-09 13:20:00,PT5M,85.198,100.0,100.0,65.6025,47.966
699,690,411,320,32,0.14,55.2,1.9,123,2026-10-09 13:25:00,PT5M,84.182,100.0,100.0,64.4144,46.623
685,677,399,321,32,0.14,55.6,2.0,121,2026-10-09 13:30:00,PT5M,83.133,100.0,100.0,63.1931,45.2465
672,663,387,322,32,0.14,55.9,2.1,120,2026-10-09 13:35:00,PT5M,81.987,100.0,100.0,61.8742,43.772
657,649,374,323,32,0.14,56.3,2.3,119,2026-10-09 13:40:00,PT5M,80.743,100.0,100.0,60.4568,42.1985
643,635,361,324,32,0.14,56.7,2.4,118,2026-10-09 13:45:00,PT5M,79.46,100.0,99.9205,58.9995,40.5845
628,620,348,324,32,0.14,57.1,2.5,117,2026-10-09 13:50:00,PT5M,78.079,100.0,98.7139,57.4441,38.872
613,606,336,323,32,0.14,57.5,2.6,116,2026-10-09 13:55:00,PT5M,76.725,100.0,97.5352,55.9148,37.185
598,591,323,322,32,0.14,57.9,2.7,115,2026-10-09 14:00:00,PT5M,75.328,100.0,96.315,54.341,35.452
582,576,311,321,31,0.14,58.3,2.8,114,2026-10-09 14:05:00,PT5M,73.891,100.0,95.0549,52.7271,33.679
567,561,298,320,31,0.14,58.8,2.9,113,2026-10-09 14:10:00,PT5M,72.37,100.0,93.712,51.028,31.8195
551,545,286,318,31,0.14,59.2,3.0,113,2026-10-09 14:15:00,PT5M,70.812,100.0,92.3316,49.2924,29.924
535,530,273,316,31,0.14,59.6,3.1,112,2026-10-09 14:20:00,PT5M,69.215,100.0,90.9115,47.5185,27.991
519,514,261,313,31,0.14,60.0,3.2,111,2026-10-09 14:25:00,PT5M,67.579,100.0,89.4507,45.7073,26.022
503,498,249,310,31,0.14,60.4,3.4,111,2026-10-09 14:30:00,PT5M,65.905,100.0,87.951,43.859,24.017
488,483,238,307,31,0.14,60.9,3.4,111,2026-10-09 14:35:00,PT5M,64.261,100.0,86.487,42.035,22.031
473,468,227,303,31,0.14,61.4,3.3,111,2026-10-09 14:40:00,PT5M,62.647,100.0,85.0258,40.2682,20.1265
457,453,217,298,31,0.14,62.0,3.2,112,2026-10-09 14:45:00,PT5M,61.018,100.0,83.4355,38.6005,18.424
442,438,207,294,31,0.14,62.5,3.2,113,2026-10-09 14:50:00,PT5M,59.387,100.0,81.8303,36.9437,16.744
427,424,198,288,31,0.14,63.1,3.1,113,2026-10-09 14:55:00,PT5M,57.753,100.0,80.2089,35.2971,15.086
413,409,189,283,30,0.14,63.6,3.0,114,2026-10-09 15:00:00,PT5M,56.079,98.747,78.5355,33.6225,13.411
397,394,178,278,30,0.14,64.2,3.0,114,2026-10-09 15:05:00,PT5M,54.231,96.812,76.6417,31.8203,11.65
381,379,165,274,30,0.14,64.7,2.9,115,2026-10-09 15:10:00,PT5M,52.192,94.5245,74.4719,29.9121,9.8595
366,363,152,269,30,0.14,65.3,2.8,116,2026-10-09 15:15:00,PT5M,50.079,92.178,72.236,27.922,7.98
350,348,140,263,30,0.14,65.9,2.8,117,2026-10-09 15:20:00,PT5M,47.9,89.702,69.9007,25.8993,6.098
334,332,127,258,30,0.14,66.4,2.7,118,2026-10-09 15:25:00,PT5M,45.655,87.0985,67.467,23.843,4.2115
318,317,114,252,30,0.14,67.0,2.7,118,2026-10-09 15:30:00,PT5M,43.335,84.351,64.922,21.748,2.319
302,301,101,245,30,0.14,67.6,2.6,119,2026-10-09 15:35:00,PT5M,41.091,81.559,62.3896,19.7924,0.623
286,285,86,239,30,0.14,68.2,2.5,120,2026-10-09 15:40:00,PT5M,38.447,78.2545,59.398,17.496,0.0
269,268,72,231,29,0.14,68.8,2.5,121,2026-10-09 15:45:00,PT5M,35.757,74.797,56.304,15.21,0.0
253,253,58,224,29,0.14,69.4,2.4,122,2026-10-09 15:50:00,PT5M,33.03,71.203,53.1207,12.9393,0.0
237,237,44,216,29,0.14,70.0,2.3,123,2026-10-09 15:55:00,PT5M,30.273,67.489,49.86,10.686,0.0
222,222,31,208,29,0.14,70.6,2.3,124,2026-10-09 16:00:00,PT5M,27.817,63.9915,46.8559,8.7781,0.0
207,207,19,199,29,0.14,71.3,2.2,126,2026-10-09 16:05:00,PT5M,25.184,60.319,43.6758,6.6922,0.0
192,193,9,189,29,0.14,71.9,2.2,127,2026-10-09 16:10:00,PT5M,22.864,56.584,40.6111,5.1169,0.0
178,179,0,179,29,0.14,72.5,2.1,128,2026-10-09 16:15:00,PT5M,20.86,52.2775,37.3953,4.3247,0.0
165,165,0,165,29,0.14,73.2,2.1,130,2026-10-09 16:20:00,PT5M,19.458,48.634,34.8135,4.1025,0.0
152,152,0,152,28,0.14,73.8,2.0,131,2026-10-09 16:25:00,PT5M,18.015,44.97,32.2016,3.8284,0.0
139,139,0,139,28,0.14,74.5,2.0,133,2026-10-09 16:30:00,PT5M,16.561,41.319,29.5913,3.5307,0.0
126,127,0,127,28,0.14,75.1,1.9,134,2026-10-09 16:35:00,PT5M,15.111,37.6805,26.9895,3.2325,0.0
114,115,0,115,28,0.14,75.8,1.9,136,2026-10-09 16:40:00,PT5M,13.665,34.066,24.4022,2.9278,0.0
102,103,0,103,28,0.14,76.5,1.8,138,2026-10-09 16:45:00,PT5M,12.24,30.505,21.853,2.627,0.0
91,91,0,91,28,0.14,77.1,1.8,140,2026-10-09 16:50:00,PT5M,10.854,27.041,19.3733,2.3347,0.0
80,80,0,80,28,0.14,77.8,1.7,142,2026-10-09 16:55:00,PT5M,9.456,23.662,16.9327,1.9793,0.0
69,69,0,69,28,0.14,78.5,1.7,144,2026-10-09 17:00:00,PT5M,8.138,20.469,14.6279,1.6481,0.0
59,59,0,59,28,0.14,79.2,1.6,146,2026-10-09 17:05:00,PT5M,6.774,17.2745,12.3005,1.2475,0.0
49,49,0,49,27,0.14,79.9,1.6,149,2026-10-09 17:10:00,PT5M,5.573,14.3075,10.17,0.976,0.0
40,40,0,40,27,0.14,80.6,1.6,151,2026-10-09 17:15:00,PT5M,4.503,11.5005,8.1858,0.8202,0.0
32,32,0,32,27,0.14,81.3,1.5,154,2026-10-09 17:20:00,PT5M,3.459,8.8585,6.3008,0.6172,0.0
25,25,0,25,27,0.14,82.1,1.5,156,2026-10-09 17:25:00,PT5M,2.51,6.4215,4.5687,0.4513,0.0
19,19,0,19,27,0.14,82.8,1.5,159,2026-10-09 17:30:00,PT5M,1.727,4.3965,3.132,0.322,0.0
13,13,0,13,27,0.14,83.2,1.5,160,2026-10-09 17:35:00,PT5M,1.032,2.604,1.8594,0.2046,0.0
8,8,0,8,27,0.14,83.4,1.4,161,2026-10-09 17:40:00,PT5M,0.398,1.2005,0.8204,0.0,0.0
4,4,0,4,27,0.14,83.5,1.4,161,2026-10-09 17:45:00,PT5M,0.0,0.188,0.0989,0.0,0.0
0,0,0,0,27,0.14,83.7,1.4,161,2026-10-09 17:50:00,PT5M,0.0,0.0,0.0,0.0,0.0
0,0,0,0,27,0.14,83.8,1.4,161,2026-10-09 17:55:00,PT5M,0.0,0.0,0.0,0.0,0.0
0,0,0,0,27,0.14,84.0,1.4,161,2026-10-09 18:00:00,PT5M,0.0,0.0,0.0,0.0,0.0
0,0,0,0,27,0.14,84.1,1.3,161,2026-10-09 18:05:00,PT5M,0.0,0.0,0.0,0.0,0.0
0,0,0,0,27,0.14,84.3,1.3,161,2026-10-09 18:10:00,PT5M,0.0,0.0,0.0,0.0,0.0
0,0,0,0,27,0.14,84.4,1.3,161,2026-10-09 18:15:00,PT5M,0.0,0.0,0.0,0.0,0.0
0,0,0,0,27,0.14,84.6,1.3,162,2026-10-09 18:20:00,PT5M,0.0,0.0,0.0,0.0,0.0
0,0,0,0,27,0.14,84.7,1.2,162,2026-10-09 18:25:00,PT5M,0.0,0.0,0.0,0.0,0.0
0,0,0,0,27,0.14,84.9,1.2,162,2026-10-09 18:30:00,PT5M,0.0,0.0,0.0,0.0,0.0
0,0,0,0,26,0.14,85.0,1.2,162,2026-10-09 18:35:00,PT5M,0.0,0.0,0.0,0.0,0.0
0,0,0,0,26,0.14,85.2,1.2,162,2026-10-09 18:40:00,PT5M,0.0,0.0,0.0,0.0,0.0
0,0,0,0,26,0.14,85.4,1.1,163,2026-10-09 18:45:00,PT5M,0.0,0.0,0.0,0.0,0.0
0,0,0,0,26,0.14,85.5,1.1,163,2026-10-09 18:50:00,PT5M,0.0,0.0,0.0,0.0,0.0
0,0,0,0,26,0.14,85.7,1.1,163,2026-10-09 18:55:00,PT5M,0.0,0.0,0.0,0.0,0.0
0,0,0,0,26,0.14,85.8,1.1,163,2026-10-09 19:00:00,PT5M,0.0,0.0,0.0,0.0,0.0
0,0,0,0,26,0.14,86.0,1.0,163,2026-10-09 19:05:00,PT5M,0.0,0.0,0.0,0.0,0.0
0,0,0,0,26,0.14,86.1,1.0,164,2026-10-09 19:10:00,PT5M,0.0,0.0,0.0,0.0,0.0
0,0,0,0,26,0.14,86.3,1.0,164,2026-10-09 19:15:00,PT5M,0.0,0.0,0.0,0.0,0.0
0,0,0,0,26,0.14,86.4,1.0,164,2026-10-09 19:20:00,PT5M,0.0,0.0,0.0,0.0,0.0
0,0,0,0,26,0.14,86.6,0.9,164,2026-10-09 19:25:00,PT5M,0.0,0.0,0.0,0.0,0.0
0,0,0,0,26,0.14,86.7,0.9,165,2026-10-09 19:30:00,PT5M,0.0,0.0,0.0,0.0,0.0
0,0,0,0,26,0.14,86.9,0.9,165,2026-10-09 19:35:00,PT5M,0.0,0.0,0.0,0.0,0.0
0,0,0,0,26,0.14,87.1,0.9,165,2026-10-09 19:40:00,PT5M,0.0,0.0,0.0,0.0,0.0
0,0,0,0,26,0.14,87.2,0.8,166,2026-10-09 19:45:00,PT5M,0.0,0.0,0.0,0.0,0.0
0,0,0,0,26,0.14,87.4,0.8,166,2026-10-09 19:50:00,PT5M,0.0,0.0,0.0,0.0,0.0
0,0,0,0,26,0.14,87.5,0.8,167,2026-10-09 19:55:00,PT5M,0.0,0.0,0.0,0.0,0.0
0,0,0,0,26,0.14,87.7,0.8,167,2026-10-09 20:00:00,PT5M,0.0,0.0,0.0,0.0,0.0
0,0,0,0,26,0.14,87.8,0.7,167,2026-10-09 20:05:00,PT5M,0.0,0.0,0.0,0.0,0.0
0,0,0,0,26,0.14,88.0,0.7,168,2026-10-09 20:10:00,PT5M,0.0,0.0,0.0,0.0,0.0
0,0,0,0,26,0.14,88.2,0.7,168,2026-10-09 20:15:00,PT5M,0.0,0.0,0.0,0.0,0.0
0,0,0,0,26,0.14,88.3,0.7,169,2026-10-09 20:20:00,PT5M,0.0,0.0,0.0,0.0,0.0
0,0,0,0,26,0.14,88.5,0.6,170,2026-10-09 20:25:00,PT5M,0.0,0.0,0.0,0.0,0.0
0,0,0,0,26,0.14,88.6,0.6,170,2026-10-09 20:30:00,PT5M,0.0,0.0,0.0,0.0,0.0
0,0,0,0,26,0.14,88.7,0.6,172,2026-10-09 20:35:00,PT5M,0.0,0.0,0.0,0.0,0.0
0,0,0,0,26,0.14,88.8,0.6,174,2026-10-09 20:40:00,PT5M,0.0,0.0,0.0,0.0,0.0
0,0,0,0,26,0.14,88.8,0.5,177,2026-10-09 20:45:00,PT5M,0.0,0.0,0.0,0.0,0.0
0,0,0,0,25,0.14,88.9,0.5,181,2026-10-09 20:50:00,PT5M,0.0,0.0,0.0,0.0,0.0
0,0,0,0,25,0.14,88.9,0.5,185,2026-10-09 20:55:00,PT5M,0.0,0.0,0.0,0.0,0.0
0,0,0,0,25,0.14,89.0,0.5,189,2026-10-09 21:00:00,PT5M,0.0,0.0,0.0,0.0,0.0
0,0,0,0,25,0.14,89.0,0.4,193,2026-10-09 21:05:00,PT5M,0.0,0.0,0.0,0.0,0.0
0,0,0,0,25,0.14,89.0,0.4,198,2026-10-09 21:10:00,PT5M,0.0,0.0,0.0,0.0,0.0
0,0,0,0,25,0.14,89.1,0.4,204,2026-10-09 21:15:00,PT5M,0.0,0.0,0.0,0.0,0.0
0,0,0,0,25,0.14,89.1,0.4,210,2026-10-09 21:20:00,PT5M,0.0,0.0,0.0,0.0,0.0
0,0,0,0,25,0.14,89.2,0.4,216,2026-10-09 21:25:00,PT5M,0.0,0.0,0.0,0.0,0.0
0,0,0,0,25,0.14,89.2,0.4,222,2026-10-09 21:30:00,PT5M,0.0,0.0,0.0,0.0,0.0
0,0,0,0,25,0.14,89.3,0.4,228,2026-10-09 21:35:00,PT5M,0.0,0.0,0.0,0.0,0.0
0,0,0,0,25,0.14,89.3,0.4,234,2026-10-09 21:40:00,PT5M,0.0,0.0,0.0,0.0,0.0
0,0,0,0,25,0.14,89.3,0.4,240,2026-10-09 21:45:00,PT5M,0.0,0.0,0.0,0.0,0.0
0,0,0,0,25,0.14,89.4,0.4,246,2026-10-09 21:50:00,PT5M,0.0,0.0,0.0,0.0,0.0
0,0,0,0,25,0.14,89.4,0.4,251,2026-10-09 21:55:00,PT5M,0.0,0.0,0.0,0.0,0.0
0,0,0,0,25,0.14,89.5,0.4,255,2026-10-09 22:00:00,PT5M,0.0,0.0,0.0,0.0,0.0
0,0,0,0,25,0.14,89.5,0.5,260,2026-10-09 22:05:00,PT5M,0.0,0.0,0.0,0.0,0.0
0,0,0,0,25,0.14,89.6,0.5,263,2026-10-09 22:10:00,PT5M,0.0,0.0,0.0,0.0,0.0
0,0,0,0,25,0.14,89.6,0.5,267,2026-10-09 22:15:00,PT5M,0.0,0.0,0.0,0.0,0.0
0,0,0,0,25,0.14,89.7,0.6,270,2026-10-09 22:20:00,PT5M,0.0,0.0,0.0,0.0,0.0
0,0,0,0,25,0.14,89.7,0.6,272,2026-10-09 22:25:00,PT5M,0.0,0.0,0.0,0.0,0.0
0,0,0,0,25,0.14,89.7,0.6,275,2026-10-09 22:30:00,PT5M,0.0,0.0,0.0,0.0,0.0
0,0,0,0,25,0.14,89.8,0.7,277,2026-10-09 22:35:00,PT5M,0.0,0.0,0.0,0.0,0.0
0,0,0,0,25,0.14,89.8,0.7,279,2026-10-09 22:40:00,PT5M,0.0,0.0,0.0,0.0,0.0
0,0,0,0,25,0.14,89.9,0.7,281,2026-10-09 22:45:00,PT5M,0.0,0.0,0.0,0.0,0.0
0,0,0,0,25,0.14,89.9,0.8,282,2026-10-09 22:50:00,PT5M,0.0,0.0,0.0,0.0,0.0
0,0,0,0,25,0.14,90.0,0.8,284,2026-10-09 22:55:00,PT5M,0.0,0.0,0.0,0.0,0.0
0,0,0,0,25,0.14,90.0,0.8,285,2026-10-09 23:00:00,PT5M,0.0,0.0,0.0,0.0,0.0
0,0,0,0,25,0.14,90.1,0.9,287,2026-10-09 23:05:00,PT5M,0.0,0.0,0.0,0.0,0.0
0,0,0,0,25,0.14,90.1,0.9,288,2026-10-09 23:10:00,PT5M,0.0,0.0,0.0,0.0,0.0
0,0,0,0,25,0.14,90.1,0.9,289,2026-10-09 23:15:00,PT5M,0.0,0.0,0.0,0.0,0.0
0,0,0,0,25,0.14,90.2,1.0,290,2026-10-09 23:20:00,PT5M,0.0,0.0,0.0,0.0,0.0
0,0,0,0,25,0.14,90.2,1.0,291,2026-10-09 23:25:00,PT5M,0.0,0.0,0.0,0.0,0.0
0,0,0,0,25,0.14,90.3,1.1,291,2026-10-09 23:30:00,PT5M,0.0,0.0,0.0,0.0,0.0
0,0,0,0,25,0.14,90.3,1.1,291,2026-10-09 23:35:00,PT5M,0.0,0.0,0.0,0.0,0.0
0,0,0,0,25,0.14,90.4,1.0,291,2026-10-09 23:40:00,PT5M,0.0,0.0,0.0,0.0,0.0
0,0,0,0,25,0.14,90.4,1.0,290,2026-10-09 23:45:00,PT5M,0.0,0.0,0.0,0.0,0.0
0,0,0,0,25,0.14,90.5,1.0,289,2026-10-09 23:50:00,PT5M,0.0,0.0,0.0,0.0,0.0
0,0,0,0,25,0.14,90.6,1.0,289,2026-10-09 23:55:00,PT5M,0.0,0.0,0.0,0.0,0.0
0,0,0,0,25,0.14,90.6,1.0,288,2026-10-10 00:00:00,PT5M,0.0,0.0,0.0,0.0,0.0
0,0,0,0,25,0.14,90.7,0.9,287,2026-10-10 00:05:00,PT5M,0.0,0.0,0.0,0.0,0.0
0,0,0,0,25,0.14,90.7,0.9,286,2026-10-10 00:10:00,PT5M,0.0,0.0,0.0,0.0,0.0
0,0,0,0,25,0.14,90.8,0.9,285,2026-10-10 00:15:00,PT5M,0.0,0.0,0.0,0.0,0.0
0,0,0,0,25,0.14,90.9,0.9,284,2026-10-10 00:20:00,PT5M,0.0,0.0,0.0,0.0,0.0
0,0,0,0,25,0.14,90.9,0.8,283,2026-10-10 00:25:00,PT5M,0.0,0.0,0.0,0.0,0.0
0,0,0,0,25,0.14,91.0,0.8,282,2026-10-10 00:30:00,PT5M,0.0,0.0,0.0,0.0,0.0
0,0,0,0,25,0.14,91.0,0.8,281,2026-10-10 00:35:00,PT5M,0.0,0.0,0.0,0.0,0.0
0,0,0,0,25,0.14,91.1,0.8,280,2026-10-10 00:40:00,PT5M,0.0,0.0,0.0,0.0,0.0
0,0,0,0,25,0.14,91.2,0.8,279,2026-10-10 00:45:00,PT5M,0.0,0.0,0.0,0.0,0.0
0,0,0,0,25,0.14,91.2,0.7,278,2026-10-10 00:50:00,PT5M,0.0,0.0,0.0,0.0,0.0
0,0,0,0,25,0.14,91.3,0.7,276,2026-10-10 00:55:00,PT5M,0.0,0.0,0.0,0.0,0.0
0,0,0,0,25,0.14,91.3,0.7,275,2026-10-10 01:00:00,PT5M,0.0,0.0,0.0,0.0,0.0
0,0,0,0,25,0.14,91.4,0.7,273,2026-10-10 01:05:00,PT5M,0.0,0.0,0.0,0.0,0.0
0,0,0,0,25,0.14,91.5,0.7,272,2026-10-10 01:10:00,PT5M,0.0,0.0,0.0,0.0,0.0
0,0,0,0,25,0.14,91.5,0.7,270,2026-10-10 01:15:00,PT5M,0.0,0.0,0.0,0.0,0.0
0,0,0,0,25,0.14,91.6,0.6,268,2026-10-10 01:20:00,PT5M,0.0,0.0,0.0,0.0,0.0
0,0,0,0,25,0.14,91.6,0.6,267,2026-10-10 01:25:00,PT5M,0.0,0.0,0.0,0.0,0.0
0,0,0,0,25,0.14,91.7,0.6,265,2026-10-10 01:30:00,PT5M,0.0,0.0,0.0,0.0,0.0
