gti,ghi,dni,dhi,air_temp,albedo,relative_humidity,wind_speed_10m,wind_direction_10m,period_end,period,power,power_p10,power_p25,power_p75,power_p90
761,867,619,259,36,0.15,38.3,4.4,237,2026-08-09 12:35:00,PT5M,99.359,100.0,100.0,95.6764,92.362
749,851,585,279,36,0.15,38.4,4.5,236,2026-08-09 12:40:00,PT5M,95.209,100.0,99.956,90.462,86.1895
737,835,551,297,36,0.15,38.5,4.5,235,2026-08-09 12:45:00,PT5M,93.836,100.0,98.6214,89.0506,84.7435
734,832,550,296,35,0.15,38.6,4.6,234,2026-08-09 12:50:00,PT5M,92.364,100.0,97.1963,87.5317,83.1825
712,802,486,331,35,0.15,38.7,4.6,233,2026-08-09 12:55:00,PT5M,90.855,100.0,95.7428,85.9672,81.568
700,785,454,347,35,0.15,38.8,4.7,232,2026-08-09 13:00:00,PT5M,89.305,98.715,94.2576,84.3524,79.895
696,781,453,346,35,0.15,38.9,4.7,232,2026-08-09 13:05:00,PT5M,89.08,99.312,94.4652,83.6948,78.848
682,763,422,360,35,0.15,39.0,4.8,231,2026-08-09 13:10:00,PT5M,87.434,97.158,92.5518,82.3162,77.71
677,758,420,358,35,0.15,39.1,4.8,230,2026-08-09 13:15:00,PT5M,87.165,97.7365,92.7289,81.6011,76.5935
664,740,390,372,35,0.15,39.3,4.9,229,2026-08-09 13:20:00,PT5M,85.451,93.193,89.5257,81.3763,77.709
650,722,361,384,35,0.15,39.4,4.9,228,2026-08-09 13:25:00,PT5M,85.095,92.895,89.2002,80.9898,77.295
636,704,332,395,35,0.15,39.5,5.0,228,2026-08-09 13:30:00,PT5M,84.704,91.8875,88.4847,80.9233,77.5205
630,698,330,392,35,0.15,39.7,5.0,227,2026-08-09 13:35:00,PT5M,82.838,88.6385,85.8908,79.7852,77.0375
615,679,302,402,35,0.15,39.9,5.0,227,2026-08-09 13:40:00,PT5M,82.371,90.406,86.5999,78.1421,74.336
601,660,274,411,35,0.15,40.2,5.0,227,2026-08-09 13:45:00,PT5M,81.874,92.938,87.6971,76.0509,70.81
594,653,272,408,35,0.15,40.4,5.0,227,2026-08-09 13:50:00,PT5M,81.353,93.924,87.9692,74.7368,68.782
587,645,270,404,35,0.15,40.7,5.1,227,2026-08-09 13:55:00,PT5M,80.804,94.2645,87.8884,73.7196,67.3435
572,626,243,412,34,0.15,41.0,5.1,227,2026-08-09 14:00:00,PT5M,80.225,95.2705,88.1436,72.3064,65.1795
564,618,241,408,34,0.15,41.3,5.1,227,2026-08-09 14:05:00,PT5M,79.615,96.8115,88.6656,70.5644,62.4185
556,609,238,403,34,0.15,41.5,5.1,227,2026-08-09 14:10:00,PT5M,78.973,95.6605,87.7558,70.1902,62.2855
547,600,236,399,34,0.15,41.8,5.1,227,2026-08-09 14:15:00,PT5M,76.711,92.802,85.1798,68.2422,60.62
539,591,233,394,34,0.15,42.1,5.1,227,2026-08-09 14:20:00,PT5M,74.379,94.0405,84.727,64.031,54.7175
523,571,207,399,34,0.15,42.4,5.1,227,2026-08-09 14:25:00,PT5M,72.991,93.756,83.9198,62.0622,52.226
514,561,205,394,34,0.15,42.6,5.1,227,2026-08-09 14:30:00,PT5M,71.528,92.792,82.7194,60.3366,50.264
505,551,202,388,34,0.15,42.8,5.1,227,2026-08-09 14:35:00,PT5M,68.589,90.498,80.1199,57.0581,46.68
492,537,196,382,34,0.15,42.8,5.1,227,2026-08-09 14:40:00,PT5M,67.037,89.6025,78.9134,55.1606,44.4715
474,515,170,382,34,0.15,42.9,5.1,228,2026-08-09 14:45:00,PT5M,65.406,86.799,76.6653,54.1467,44.013
462,501,165,375,34,0.15,42.9,5.1,228,2026-08-09 14:50:00,PT5M,61.553,83.797,73.2602,49.8458,39.309
449,487,159,367,34,0.15,43.0,5.2,229,2026-08-09 14:55:00,PT5M,59.957,81.6675,71.3834,48.5306,38.2465
431,466,139,363,34,0.15,43.0,5.2,229,2026-08-09 15:00:00,PT5M,57.414,79.6905,69.1383,45.6897,35.1375
418,452,134,354,34,0.15,43.1,5.2,230,2026-08-09 15:05:00,PT5M,55.781,79.078,68.0424,43.5196,32.484
402,432,118,348,34,0.15,43.1,5.2,230,2026-08-09 15:10:00,PT5M,53.399,77.4865,66.0764,40.7216,29.3115
389,418,114,339,34,0.15,43.1,5.2,231,2026-08-09 15:15:00,PT5M,51.405,76.4295,64.5756,38.2344,26.3805
373,400,102,330,34,0.15,43.2,5.2,231,2026-08-09 15:20:00,PT5M,49.381,75.4125,63.0816,35.6804,23.3495
358,383,93,321,34,0.15,43.2,5.3,232,2026-08-09 15:25:00,PT5M,47.894,74.642,61.9717,33.8163,21.146
345,369,90,310,34,0.15,43.3,5.3,232,2026-08-09 15:30:00,PT5M,45.714,73.23,60.1959,31.2321,18.198
330,354,83,300,34,0.15,43.5,5.3,233,2026-08-09 15:35:00,PT5M,44.413,72.441,59.1643,29.6617,16.385
318,341,82,290,34,0.15,44.0,5.2,234,2026-08-09 15:40:00,PT5M,43.338,71.7565,58.2949,28.3811,14.9195
306,328,81,279,33,0.15,44.5,5.2,235,2026-08-09 15:45:00,PT5M,41.91,70.7695,57.099,26.721,13.0505
292,314,79,267,33,0.15,45.0,5.2,237,2026-08-09 15:50:00,PT5M,40.562,69.806,55.9533,25.1707,11.318
280,300,77,257,33,0.15,45.5,5.1,238,2026-08-09 15:55:00,PT5M,39.068,67.975,54.282,23.854,10.161
268,287,74,246,33,0.15,46.0,5.1,239,2026-08-09 16:00:00,PT5M,37.529,66.0175,52.5227,22.5353,9.0405
256,275,72,236,33,0.15,46.5,5.1,240,2026-08-09 16:05:00,PT5M,35.961,63.9415,50.6873,21.2347,7.9805
245,263,67,229,33,0.15,47.0,5.1,241,2026-08-09 16:10:00,PT5M,34.333,61.7305,48.7525,19.9135,6.9355
234,251,60,221,32,0.15,47.5,5.1,242,2026-08-09 16:15:00,PT5M,32.643,59.386,46.718,18.568,5.9
223,239,54,213,32,0.15,48.0,5.0,244,2026-08-09 16:20:00,PT5M,30.893,56.918,44.5901,17.1959,4.868
212,226,48,204,32,0.15,48.6,5.0,245,2026-08-09 16:25:00,PT5M,29.085,54.3355,42.3745,15.7955,3.8345
201,214,41,196,32,0.15,49.1,5.0,246,2026-08-09 16:30:00,PT5M,27.22,51.6435,40.0743,14.3657,2.7965
191,202,36,187,32,0.15,49.8,5.0,246,2026-08-09 16:35:00,PT5M,25.567,49.3645,38.0918,13.0422,1.7695
180,191,33,178,31,0.15,50.5,5.0,245,2026-08-09 16:40:00,PT5M,24.332,46.9565,36.2394,12.4246,1.7075
170,180,31,168,31,0.15,51.3,5.0,244,2026-08-09 16:45:00,PT5M,22.963,44.21,34.1454,11.7806,1.716
160,169,28,159,31,0.15,52.0,5.0,242,2026-08-09 16:50:00,PT5M,21.69,41.571,32.1535,11.2265,1.809
149,158,24,150,31,0.15,52.8,4.9,241,2026-08-09 16:55:00,PT5M,20.158,38.667,29.8994,10.4166,1.649
139,147,20,140,31,0.15,53.6,4.9,240,2026-08-09 17:00:00,PT5M,18.598,35.723,27.611,9.585,1.473
129,136,16,131,30,0.15,54.4,4.9,239,2026-08-09 17:05:00,PT5M,16.998,32.731,25.2784,8.7176,1.265
119,125,12,121,30,0.15,55.2,4.9,238,2026-08-09 17:10:00,PT5M,15.382,29.7235,22.93,7.834,1.0405
109,114,6,112,30,0.15,56.1,4.9,237,2026-08-09 17:15:00,PT5M,13.775,26.735,20.5959,6.9541,0.815
99,102,0,102,30,0.15,56.9,4.9,235,2026-08-09 17:20:00,PT5M,12.13,23.631,18.1831,6.0769,0.629
88,91,0,91,29,0.15,57.8,4.9,234,2026-08-09 17:25:00,PT5M,10.788,20.8135,16.0645,5.5115,0.7625
77,80,0,80,29,0.15,58.6,4.9,233,2026-08-09 17:30:00,PT5M,9.452,18.098,14.0025,4.9015,0.806
66,68,0,68,29,0.15,59.3,4.9,232,2026-08-09 17:35:00,PT5M,7.975,15.0995,11.7247,4.2253,0.8505
55,57,0,57,29,0.15,59.7,4.9,231,2026-08-09 17:40:00,PT5M,6.58,12.16,9.5168,3.6432,1.0
45,46,0,46,29,0.15,60.2,4.9,230,2026-08-09 17:45:00,PT5M,5.304,9.4975,7.5111,3.0969,1.1105
36,37,0,37,29,0.15,60.6,4.9,229,2026-08-09 17:50:00,PT5M,4.054,7.043,5.6271,2.4809,1.065
27,28,0,28,28,0.15,61.0,4.9,228,2026-08-09 17:55:00,PT5M,2.951,5.0245,4.0423,1.8597,0.8775
20,21,0,21,28,0.15,61.5,4.9,227,2026-08-09 18:00:00,PT5M,2.03,3.405,2.7537,1.3063,0.655
14,14,0,14,28,0.15,61.9,4.9,226,2026-08-09 18:05:00,PT5M,1.198,2.1255,1.6861,0.7099,0.2705
8,9,0,9,28,0.15,62.4,4.9,225,2026-08-09 18:10:00,PT5M,0.449,0.9905,0.734,0.164,0.0
4,4,0,4,28,0.15,62.8,4.9,224,2026-08-09 18:15:00,PT5M,0.0,0.0195,0.0103,0.0,0.0
0,0,0,0,28,0.15,63.3,4.9,223,2026-08-09 18:20:00,PT5M,0.0,0.0,0.0,0.0,0.0
0,0,0,0,28,0.15,63.8,4.9,222,2026-08-09 18:25:00,PT5M,0.0,0.0,0.0,0.0,0.0
0,0,0,0,28,0.15,64.2,5.0,221,2026-08-09 18:30:00,PT5M,0.0,0.0,0.0,0.0,0.0
0,0,0,0,28,0.15,64.7,5.0,220,2026-08-09 18:35:00,PT5M,0.0,0.0,0.0,0.0,0.0
0,0,0,0,27,0.15,65.1,5.0,221,2026-08-09 18:40:00,PT5M,0.0,0.0,0.0,0.0,0.0
0,0,0,0,27,0.15,65.5,5.0,221,2026-08-09 18:45:00,PT5M,0.0,0.0,0.0,0.0,0.0
0,0,0,0,27,0.15,65.9,5.0,222,2026-08-09 18:50:00,PT5M,0.0,0.0,0.0,0.0,0.0
0,0,0,0,27,0.15,66.3,5.0,222,2026-08-09 18:55:00,PT5M,0.0,0.0,0.0,0.0,0.0
0,0,0,0,27,0.15,66.8,5.0,222,2026-08-09 19:00:00,PT5M,0.0,0.0,0.0,0.0,0.0
0,0,0,0,27,0.15,67.2,5.0,223,2026-08-09 19:05:00,PT5M,0.0,0.0,0.0,0.0,0.0
0,0,0,0,27,0.15,67.6,5.0,223,2026-08-09 19:10:00,PT5M,0.0,0.0,0.0,0.0,0.0
0,0,0,0,27,0.15,68.1,5.0,224,2026-08-09 19:15:00,PT5M,0.0,0.0,0.0,0.0,0.0
0,0,0,0,27,0.15,68.5,5.0,224,2026-08-09 19:20:00,PT5M,0.0,0.0,0.0,0.0,0.0
0,0,0,0,27,0.15,69.0,5.0,224,2026-08-09 19:25:00,PT5M,0.0,0.0,0.0,0.0,0.0
0,0,0,0,26,0.15,69.4,4.9,225,2026-08-09 19:30:00,PT5M,0.0,0.0,0.0,0.0,0.0
0,0,0,0,26,0.15,69.8,4.9,225,2026-08-09 19:35:00,PT5M,0.0,0.0,0.0,0.0,0.0
0,0,0,0,26,0.15,70.0,4.9,225,2026-08-09 19:40:00,PT5M,0.0,0.0,0.0,0.0,0.0
0,0,0,0,26,0.15,70.3,4.9,225,2026-08-09 19:45:00,PT5M,0.0,0.0,0.0,0.0,0.0
0,0,0,0,26,0.15,70.6,4.8,225,2026-08-09 19:50:00,PT5M,0.0,0.0,0.0,0.0,0.0
0,0,0,0,26,0.15,70.9,4.8,225,2026-08-09 19:55:00,PT5M,0.0,0.0,0.0,0.0,0.0
0,0,0,0,26,0.15,71.2,4.8,225,2026-08-09 20:00:00,PT5M,0.0,0.0,0.0,0.0,0.0
0,0,0,0,26,0.15,71.4,4.7,225,2026-08-09 20:05:00,PT5M,0.0,0.0,0.0,0.0,0.0
0,0,0,0,26,0.15,71.7,4.7,225,2026-08-09 20:10:00,PT5M,0.0,0.0,0.0,0.0,0.0
0,0,0,0,26,0.15,72.0,4.6,225,2026-08-09 20:15:00,PT5M,0.0,0.0,0.0,0.0,0.0
0,0,0,0,26,0.15,72.3,4.6,225,2026-08-09 20:20:00,PT5M,0.0,0.0,0.0,0.0,0.0
0,0,0,0,26,0.15,72.6,4.6,225,2026-08-09 20:25:00,PT5M,0.0,0.0,0.0,0.0,0.0
0,0,0,0,26,0.15,72.9,4.5,225,2026-08-09 20:30:00,PT5M,0.0,0.0,0.0,0.0,0.0
0,0,0,0,26,0.15,73.0,4.5,225,2026-08-09 20:35:00,PT5M,0.0,0.0,0.0,0.0,0.0
0,0,0,0,26,0.15,73.1,4.6,225,2026-08-09 20:40:00,PT5M,0.0,0.0,0.0,0.0,0.0
0,0,0,0,26,0.15,73.1,4.6,226,2026-08-09 20:45:00,PT5M,0.0,0.0,0.0,0.0,0.0
0,0,0,0,26,0.15,73.1,4.6,226,2026-08-09 20:50:00,PT5M,0.0,0.0,0.0,0.0,0.0
0,0,0,0,26,0.15,73.2,4.7,226,2026-08-09 20:55:00,PT5M,0.0,0.0,0.0,0.0,0.0
0,0,0,0,26,0.15,73.2,4.7,227,2026-08-09 21:00:00,PT5M,0.0,0.0,0.0,0.0,0.0
0,0,0,0,26,0.15,73.2,4.8,227,2026-08-09 21:05:00,PT5M,0.0,0.0,0.0,0.0,0.0
0,0,0,0,26,0.15,73.3,4.8,227,2026-08-09 21:10:00,PT5M,0.0,0.0,0.0,0.0,0.0
0,0,0,0,26,0.15,73.3,4.8,227,2026-08-09 21:15:00,PT5M,0.0,0.0,0.0,0.0,0.0
0,0,0,0,26,0.15,73.3,4.9,228,2026-08-09 21:20:00,PT5M,0.0,0.0,0.0,0.0,0.0
0,0,0,0,26,0.15,73.4,4.9,228,2026-08-09 21:25:00,PT5M,0.0,0.0,0.0,0.0,0.0
0,0,0,0,26,0.15,73.4,4.9,228,2026-08-09 21:30:00,PT5M,0.0,0.0,0.0,0.0,0.0
0,0,0,0,26,0.15,73.4,4.9,228,2026-08-09 21:35:00,PT5M,0.0,0.0,0.0,0.0,0.0
0,0,0,0,26,0.15,73.3,4.9,228,2026-08-09 21:40:00,PT5M,0.0,0.0,0.0,0.0,0.0
0,0,0,0,26,0.15,73.2,4.9,228,2026-08-09 21:45:00,PT5M,0.0,0.0,0.0,0.0,0.0
0,0,0,0,26,0.15,73.2,4.9,228,2026-08-09 21:50:00,PT5M,0.0,0.0,0.0,0.0,0.0
0,0,0,0,26,0.15,73.1,4.8,228,2026-08-09 21:55:00,PT5M,0.0,0.0,0.0,0.0,0.0
0,0,0,0,26,0.15,73.0,4.8,228,2026-08-09 22:00:00,PT5M,0.0,0.0,0.0,0.0,0.0
0,0,0,0,25,0.15,72.9,4.8,228,2026-08-09 22:05:00,PT5M,0.0,0.0,0.0,0.0,0.0
0,0,0,0,25,0.15,72.9,4.7,228,2026-08-09 22:10:00,PT5M,0.0,0.0,0.0,0.0,0.0
0,0,0,0,25,0.15,72.8,4.7,228,2026-08-09 22:15:00,PT5M,0.0,0.0,0.0,0.0,0.0
0,0,0,0,25,0.15,72.7,4.7,228,2026-08-09 22:20:00,PT5M,0.0,0.0,0.0,0.0,0.0
0,0,0,0,25,0.15,72.6,4.6,228,2026-08-09 22:25:00,PT5M,0.0,0.0,0.0,0.0,0.0
0,0,0,0,25,0.15,72.6,4.6,228,2026-08-09 22:30:00,PT5M,0.0,0.0,0.0,0.0,0.0
0,0,0,0,25,0.15,72.5,4.6,228,2026-08-09 22:35:00,PT5M,0.0,0.0,0.0,0.0,0.0
0,0,0,0,25,0.15,72.5,4.5,227,2026-08-09 22:40:00,PT5M,0.0,0.0,0.0,0.0,0.0
0,0,0,0,25,0.15,72.5,4.5,227,2026-08-09 22:45:00,PT5M,0.0,0.0,0.0,0.0,0.0
0,0,0,0,25,0.15,72.5,4.5,227,2026-08-09 22:50:00,PT5M,0.0,0.0,0.0,0.0,0.0
0,0,0,0,25,0.15,72.5,4.4,227,2026-08-09 22:55:00,PT5M,0.0,0.0,0.0,0.0,0.0
0,0,0,0,25,0.15,72.5,4.4,227,2026-08-09 23:00:00,PT5M,0.0,0.0,0.0,0.0,0.0
0,0,0,0,25,0.15,72.5,4.4,227,2026-08-09 23:05:00,PT5M,0.0,0.0,0.0,0.0,0.0
0,0,0,0,25,0.15,72.5,4.3,227,2026-08-09 23:10:00,PT5M,0.0,0.0,0.0,0.0,0.0
0,0,0,0,25,0.15,72.5,4.3,226,2026-08-09 23:15:00,PT5M,0.0,0.0,0.0,0.0,0.0
0,0,0,0,25,0.15,72.5,4.3,226,2026-08-09 23:20:00,PT5M,0.0,0.0,0.0,0.0,0.0
0,0,0,0,25,0.15,72.5,4.2,226,2026-08-09 23:25:00,PT5M,0.0,0.0,0.0,0.0,0.0
0,0,0,0,25,0.15,72.5,4.2,226,2026-08-09 23:30:00,PT5M,0.0,0.0,0.0,0.0,0.0
0,0,0,0,25,0.15,72.5,4.2,226,2026-08-09 23:35:00,PT5M,0.0,0.0,0.0,0.0,0.0
0,0,0,0,25,0.15,72.4,4.1,226,2026-08-09 23:40:00,PT5M,0.0,0.0,0.0,0.0,0.0
0,0,0,0,25,0.15,72.4,4.1,226,2026-08-09 23:45:00,PT5M,0.0,0.0,0.0,0.0,0.0
0,0,0,0,25,0.15,72.4,4.1,226,2026-08-09 23:50:00,PT5M,0.0,0.0,0.0,0.0,0.0
0,0,0,0,25,0.15,72.3,4.1,226,2026-08-09 23:55:00,PT5M,0.0,0.0,0.0,0.0,0.0
0,0,0,0,25,0.15,72.3,4.1,226,2026-08-10 00:00:00,PT5M,0.0,0.0,0.0,0.0,0.0
0,0,0,0,25,0.15,72.3,4.1,227,2026-08-10 00:05:00,PT5M,0.0,0.0,0.0,0.0,0.0
0,0,0,0,25,0.15,72.2,4.0,227,2026-08-10 00:10:00,PT5M,0.0,0.0,0.0,0.0,0.0
0,0,0,0,25,0.15,72.2,4.0,227,2026-08-10 00:15:00,PT5M,0.0,0.0,0.0,0.0,0.0
0,0,0,0,25,0.15,72.1,4.0,227,2026-08-10 00:20:00,PT5M,0.0,0.0,0.0,0.0,0.0
0,0,0,0,25,0.15,72.1,4.0,227,2026-08-10 00:25:00,PT5M,0.0,0.0,0.0,0.0,0.0
0,0,0,0,25,0.15,72.1,4.0,227,2026-08-10 00:30:00,PT5M,0.0,0.0,0.0,0.0,0.0
0,0,0,0,25,0.15,72.0,4.0,227,2026-08-10 00:35:00,PT5M,0.0,0.0,0.0,0.0,0.0
0,0,0,0,25,0.15,71.8,3.9,228,2026-08-10 00:40:00,PT5M,0.0,0.0,0.0,0.0,0.0
0,0,0,0,25,0.15,71.7,3.9,228,2026-08-10 00:45:00,PT5M,0.0,0.0,0.0,0.0,0.0
0,0,0,0,25,0.15,71.5,3.9,228,2026-08-10 00:50:00,PT5M,0.0,0.0,0.0,0.0,0.0
0,0,0,0,25,0.15,71.4,3.9,229,2026-08-10 00:55:00,PT5M,0.0,0.0,0.0,0.0,0.0
0,0,0,0,25,0.15,71.2,3.9,229,2026-08-10 01:00:00,PT5M,0.0,0.0,0.0,0.0,0.0
0,0,0,0,25,0.15,71.1,3.9,229,2026-08-10 01:05:00,PT5M,0.0,0.0,0.0,0.0,0.0
0,0,0,0,25,0.15,71.0,3.9,230,2026-08-10 01:10:00,PT5M,0.0,0.0,0.0,0.0,0.0
0,0,0,0,25,0.15,70.8,3.9,230,2026-08-10 01:15:00,PT5M,0.0,0.0,0.0,0.0,0.0
0,0,0,0,25,0.15,70.7,3.9,230,2026-08-10 01:20:00,PT5M,0.0,0.0,0.0,0.0,0.0
0,0,0,0,25,0.15,70.5,3.9,231,2026-08-10 01:25:00,PT5M,0.0,0.0,0.0,0.0,0.0
0,0,0,0,25,0.15,70.4,3.8,231,2026-08-10 01:30:00,PT5M,0.0,0.0,0.0,0.0,0.0
0,0,0,0,25,0.15,70.3,3.8,231,2026-08-10 01:35:00,PT5M,0.0,0.0,0.0,0.0,0.0
0,0,0,0,25,0.15,70.4,3.8,230,2026-08-10 01:40:00,PT5M,0.0,0.0,0.0,0.0,0.0
0,0,0,0,25,0.15,70.5,3.7,229,2026-08-10 01:45:00,PT5M,0.0,0.0,0.0,0.0,0.0
0,0,0,0,25,0.15,70.5,3.7,228,2026-08-10 01:50:00,PT5M,0.0,0.0,0.0,0.0,0.0
0,0,0,0,25,0.15,70.6,3.7,227,2026-08-10 01:55:00,PT5M,0.0,0.0,0.0,0.0,0.0
0,0,0,0,25,0.15,70.7,3.6,227,2026-08-10 02:00:00,PT5M,0.0,0.0,0.0,0.0,0.0
0,0,0,0,25,0.15,70.8,3.6,226,2026-08-10 02:05:00,PT5M,0.0,0.0,0.0,0.0,0.0
0,0,0,0,25,0.15,70.8,3.6,225,2026-08-10 02:10:00,PT5M,0.0,0.0,0.0,0.0,0.0
0,0,0,0,25,0.15,70.9,3.5,224,2026-08-10 02:15:00,PT5M,0.0,0.0,0.0,0.0,0.0
0,0,0,0,25,0.15,71.0,3.5,223,2026-08-10 02:20:00,PT5M,0.0,0.0,0.0,0.0,0.0
0,0,0,0,25,0.15,71.0,3.5,222,2026-08-10 02:25:00,PT5M,0.0,0.0,0.0,0.0,0.0
0,0,0,0,25,0.15,71.1,3.4,221,2026-08-10 02:30:00,PT5M,0.0,0.0,0.0,0.0,0.0
0,0,0,0,25,0.15,71.2,3.4,220,2026-08-10 02:35:00,PT5M,0.0,0.0,0.0,0.0,0.0
0,0,0,0,25,0.15,71.3,3.4,220,2026-08-10 02:40:00,PT5M,0.0,0.0,0.0,0.0,0.0
0,0,0,0,25,0.15,71.3,3.5,221,2026-08-10 02:45:00,PT5M,0.0,0.0,0.0,0.0,0.0
0,0,0,0,25,0.15,71.4,3.5,221,2026-08-10 02:50:00,PT5M,0.0,0.0,0.0,0.0,0.0
0,0,0,0,25,0.15,71.5,3.5,221,2026-08-10 02:55:00,PT5M,0.0,0.0,0.0,0.0,0.0
0,0,0,0,25,0.15,71.5,3.6,221,2026-08-10 03:00:00,PT5M,0.0,0.0,0.0,0.0,0.0
0,0,0,0,25,0.15,71.6,3.6,221,2026-08-10 03:05:00,PT5M,0.0,0.0,0.0,0.0,0.0
0,0,0,0,25,0.15,71.7,3.6,221,2026-08-10 03:10:00,PT5M,0.0,0.0,0.0,0.0,0.0
0,0,0,0,25,0.15,71.8,3.7,221,2026-08-10 03:15:00,PT5M,0.0,0.0,0.0,0.0,0.0
0,0,0,0,25,0.15,71.8,3.7,221,2026-08-10 03:20:00,PT5M,0.0,0.0,0.0,0.0,0.0
0,0,0,0,25,0.15,71.9,3.7,222,2026-08-10 03:25:00,PT5M,0.0,0.0,0.0,0.0,0.0
0,0,0,0,25,0.15,72.0,3.7,222,2026-08-10 03:30:00,PT5M,0.0,0.0,0.0,0.0,0.0
0,0,0,0,25,0.15,72.1,3.8,222,2026-08-10 03:35:00,PT5M,0.0,0.0,0.0,0.0,0.0
0,0,0,0,25,0.15,72.1,3.8,222,2026-08-10 03:40:00,PT5M,0.0,0.0,0.0,0.0,0.0
0,0,0,0,25,0.15,72.2,3.8,222,2026-08-10 03:45:00,PT5M,0.0,0.0,0.0,0.0,0.0
0,0,0,0,25,0.15,72.3,3.8,222,2026-08-10 03:50:00,PT5M,0.0,0.0,0.0,0.0,0.0
0,0,0,0,25,0.15,72.4,3.8,222,2026-08-10 03:55:00,PT5M,0.0,0.0,0.0,0.0,0.0
0,0,0,0,25,0.15,72.4,3.8,222,2026-08-10 04:00:00,PT5M,0.0,0.0,0.0,0.0,0.0
0,0,0,0,25,0.15,72.5,3.8,222,2026-08-10 04:05:00,PT5M,0.0,0.0,0.0,0.0,0.0
0,0,0,0,25,0.15,72.6,3.8,222,2026-08-10 04:10:00,PT5M,0.0,0.0,0.0,0.0,0.0
0,0,0,0,25,0.15,72.6,3.8,223,2026-08-10 04:15:00,PT5M,0.0,0.0,0.0,0.0,0.0
0,0,0,0,25,0.15,72.7,3.8,223,2026-08-10 04:20:00,PT5M,0.0,0.0,0.0,0.0,0.0
0,0,0,0,25,0.15,72.8,3.8,223,2026-08-10 04:25:00,PT5M,0.0,0.0,0.0,0.0,0.0
0,0,0,0,25,0.15,72.9,3.8,223,2026-08-10 04:30:00,PT5M,0.0,0.0,0.0,0.0,0.0
0,0,0,0,25,0.15,73.0,3.8,223,2026-08-10 04:35:00,PT5M,0.0,0.0,0.0,0.0,0.0
0,0,0,0,25,0.15,73.1,3.8,223,2026-08-10 04:40:00,PT5M,0.0,0.0,0.0,0.0,0.0
0,0,0,0,25,0.15,73.3,3.8,223,2026-08-10 04:45:00,PT5M,0.0,0.0,0.0,0.0,0.0
0,0,0,0,25,0.15,73.4,3.8,223,2026-08-10 04:50:00,PT5M,0.0,0.0,0.0,0.0,0.0
0,0,0,0,25,0.15,73.6,3.8,224,2026-08-10 04:55:00,PT5M,0.0,0.0,0.0,0.0,0.0
0,0,0,0,25,0.15,73.7,3.8,224,2026-08-10 05:00:00,PT5M,0.0,0.0,0.0,0.0,0.0
0,0,0,0,25,0.15,73.9,3.8,224,2026-08-10 05:05:00,PT5M,0.0,0.0,0.0,0.0,0.0
0,0,0,0,25,0.15,74.0,3.8,224,2026-08-10 05:10:00,PT5M,0.0,0.0,0.0,0.0,0.0
0,0,0,0,25,0.15,74.2,3.8,224,2026-08-10 05:15:00,PT5M,0.0,0.0,0.0,0.0,0.0
0,0,0,0,25,0.15,74.3,3.8,225,2026-08-10 05:20:00,PT5M,0.0,0.0,0.0,0.0,0.0
0,0,0,0,25,0.15,74.5,3.8,225,2026-08-10 05:25:00,PT5M,0.0,0.0,0.0,0.0,0.0
0,0,0,0,25,0.15,74.6,3.8,225,2026-08-10 05:30:00,PT5M,0.0,0.0,0.0,0.0,0.0
0,0,0,0,25,0.15,74.7,3.8,225,2026-08-10 05:35:00,PT5M,0.0,0.0,0.0,0.0,0.0
0,0,0,0,25,0.15,74.7,3.8,225,2026-08-10 05:40:00,PT5M,0.0,0.0,0.0,0.0,0.0
0,0,0,0,25,0.15,74.8,3.8,226,2026-08-10 05:45:00,PT5M,0.0,0.0,0.0,0.0,0.0
0,0,0,0,25,0.15,74.8,3.8,226,2026-08-10 05:50:00,PT5M,0.0,0.0,0.0,0.0,0.0
0,0,0,0,25,0.15,74.9,3.7,226,2026-08-10 05:55:00,PT5M,0.0,0.0,0.0,0.0,0.0
0,0,0,0,25,0.15,74.9,3.7,226,2026-08-10 06:00:00,PT5M,0.0,0.0,0.0,0.0,0.0
0,0,0,0,25,0.15,74.9,3.7,227,2026-08-10 06:05:00,PT5M,0.0,0.0,0.0,0.0,0.0
5,5,0,5,25,0.15,75.0,3.7,227,2026-08-10 06:10:00,PT5M,0.0,0.1745,0.0918,0.0,0.0
11,11,0,11,25,0.15,75.0,3.7,227,2026-08-10 06:15:00,PT5M,0.785,1.472,1.1466,0.4234,0.098
17,18,0,18,25,0.15,75.1,3.7,228,2026-08-10 06:20:00,PT5M,1.669,2.9285,2.3319,1.0061,0.4095
24,25,0,25,25,0.15,75.1,3.6,228,2026-08-10 06:25:00,PT5M,2.631,4.907,3.8289,1.4331,0.355
33,34,0,34,25,0.15,75.1,3.6,228,2026-08-10 06:30:00,PT5M,3.679,7.077,5.4674,1.8906,0.281
42,43,0,43,25,0.15,75.0,3.6,228,2026-08-10 06:35:00,PT5M,4.982,9.684,7.4567,2.5073,0.28
53,55,0,55,25,0.15,74.6,3.7,228,2026-08-10 06:40:00,PT5M,6.49,12.5985,9.7049,3.2751,0.3815
65,68,6,67,25,0.15,74.2,3.7,228,2026-08-10 06:45:00,PT5M,8.217,15.792,12.2038,4.2302,0.642
75,82,35,75,25,0.15,73.8,3.8,228,2026-08-10 06:50:00,PT5M,10.964,19.984,15.7113,6.2167,1.944
85,97,67,83,25,0.15,73.4,3.8,228,2026-08-10 06:55:00,PT5M,14.207,24.632,19.6938,8.7202,3.782
96,114,102,91,26,0.15,73.0,3.9,228,2026-08-10 07:00:00,PT5M,17.721,29.582,23.9635,11.4785,5.86
108,132,138,97,26,0.15,72.6,4.0,228,2026-08-10 07:05:00,PT5M,21.758,35.143,28.8026,14.7134,8.373
121,150,174,103,26,0.15,72.2,4.0,227,2026-08-10 07:10:00,PT5M,26.095,41.031,33.9559,18.2341,11.159
135,168,208,108,26,0.15,71.8,4.1,227,2026-08-10 07:15:00,PT5M,30.649,47.169,39.3436,21.9544,14.129
149,188,244,112,26,0.15,71.4,4.1,227,2026-08-10 07:20:00,PT5M,35.56,53.665,45.0888,26.0312,17.455
164,208,280,116,26,0.15,71.0,4.2,227,2026-08-10 07:25:00,PT5M,40.801,60.486,51.1614,30.4406,21.116
179,229,318,118,26,0.15,70.7,4.2,227,2026-08-10 07:30:00,PT5M,46.353,67.223,57.337,35.369,25.483
195,249,344,121,26,0.15,70.1,4.3,227,2026-08-10 07:35:00,PT5M,51.173,73.352,62.846,39.5,28.994
210,265,355,127,27,0.15,69.4,4.3,228,2026-08-10 07:40:00,PT5M,54.982,78.8205,67.5284,42.4356,31.1435
224,282,366,132,27,0.15,68.8,4.3,228,2026-08-10 07:45:00,PT5M,58.807,84.3815,72.267,45.347,33.2325
239,299,377,137,27,0.15,68.1,4.3,229,2026-08-10 07:50:00,PT5M,61.852,88.7725,76.0205,47.6835,34.9315
254,315,387,142,27,0.15,67.4,4.4,229,2026-08-10 07:55:00,PT5M,63.821,91.0595,78.1568,49.4852,36.5825
269,332,397,147,27,0.15,66.8,4.4,229,2026-08-10 08:00:00,PT5M,65.705,93.2385,80.1961,51.2139,38.1715
284,349,406,152,27,0.15,66.1,4.4,230,2026-08-10 08:05:00,PT5M,67.499,95.301,82.1314,52.8666,39.697
299,365,415,157,28,0.15,65.5,4.4,230,2026-08-10 08:10:00,PT5M,69.192,97.229,83.9481,54.4359,41.155
314,382,423,161,28,0.15,64.9,4.5,231,2026-08-10 08:15:00,PT5M,70.774,99.0045,85.6319,55.9161,42.5435
329,398,431,166,28,0.15,64.2,4.5,231,2026-08-10 08:20:00,PT5M,72.234,100.0,87.1672,57.3008,43.8605
344,414,439,170,28,0.15,63.6,4.5,232,2026-08-10 08:25:00,PT5M,73.567,100.0,88.5462,58.5878,45.106
358,430,446,175,28,0.15,63.0,4.5,232,2026-08-10 08:30:00,PT5M,74.78,100.0,89.7595,59.8005,46.3185
373,446,453,179,29,0.15,62.2,4.6,232,2026-08-10 08:35:00,PT5M,75.916,100.0,90.8476,60.9844,47.5455
387,461,459,183,29,0.15,61.1,4.6,232,2026-08-10 08:40:00,PT5M,77.022,100.0,91.8668,62.1772,48.8165
402,477,466,187,29,0.15,60.1,4.6,232,2026-08-10 08:45:00,PT5M,78.072,100.0,92.8547,63.2893,49.9845
416,493,472,191,29,0.15,59.1,4.6,233,2026-08-10 08:50:00,PT5M,79.072,100.0,93.756,64.388,51.172
430,508,479,194,29,0.15,58.2,4.7,233,2026-08-10 08:55:00,PT5M,80.024,100.0,94.6085,65.4395,52.313
444,523,485,198,30,0.15,57.2,4.7,233,2026-08-10 09:00:00,PT5M,80.937,100.0,95.4191,66.4549,53.4205
458,538,490,201,30,0.15,56.3,4.7,233,2026-08-10 09:05:00,PT5M,81.813,100.0,96.1904,67.4356,54.4955
471,552,496,205,30,0.15,55.3,4.7,233,2026-08-10 09:10:00,PT5M,82.653,100.0,96.9243,68.3817,55.537
485,567,502,208,30,0.15,54.4,4.8,233,2026-08-10 09:15:00,PT5M,83.53,100.0,97.6845,69.3755,56.636
498,582,509,210,31,0.15,53.5,4.8,233,2026-08-10 09:20:00,PT5M,84.423,100.0,98.4528,70.3932,57.766
512,597,516,213,31,0.15,52.7,4.8,233,2026-08-10 09:25:00,PT5M,85.282,100.0,99.187,71.377,58.862
525,611,523,215,31,0.15,51.8,4.8,233,2026-08-10 09:30:00,PT5M,86.109,100.0,99.889,72.329,59.9265
538,625,529,217,31,0.15,51.0,4.9,234,2026-08-10 09:35:00,PT5M,86.885,100.0,100.0,73.2147,60.911
550,638,533,220,31,0.15,50.4,4.9,234,2026-08-10 09:40:00,PT5M,87.539,100.0,100.0,73.9632,61.7445
562,651,538,222,32,0.15,49.7,4.9,234,2026-08-10 09:45:00,PT5M,88.165,100.0,100.0,74.6829,62.5485
573,663,542,224,32,0.15,49.1,4.9,235,2026-08-10 09:50:00,PT5M,88.765,100.0,100.0,75.4189,63.407
585,675,547,226,32,0.15,48.5,4.9,235,2026-08-10 09:55:00,PT5M,89.33,100.0,100.0,76.1694,64.3245
595,687,550,229,32,0.15,47.8,4.9,235,2026-08-10 10:00:00,PT5M,89.823,100.0,100.0,76.834,65.1435
606,698,553,231,32,0.15,47.2,4.9,236,2026-08-10 10:05:00,PT5M,90.292,100.0,100.0,77.468,65.926
616,708,556,233,32,0.15,46.6,4.9,236,2026-08-10 10:10:00,PT5M,90.737,100.0,100.0,78.0685,66.6665
626,719,559,236,33,0.15,46.0,5.0,236,2026-08-10 10:15:00,PT5M,91.159,100.0,100.0,78.6387,67.37
635,729,561,238,33,0.15,45.4,5.0,236,2026-08-10 10:20:00,PT5M,91.556,100.0,100.0,79.1767,68.035
644,738,564,240,33,0.15,44.9,5.0,237,2026-08-10 10:25:00,PT5M,91.93,100.0,100.0,79.6844,68.663
653,748,566,241,33,0.15,44.3,5.0,237,2026-08-10 10:30:00,PT5M,92.28,100.0,100.0,80.1613,69.254
660,755,566,244,33,0.15,43.8,5.0,237,2026-08-10 10:35:00,PT5M,92.491,100.0,100.0,80.467,69.645
667,762,564,248,34,0.15,43.3,5.0,237,2026-08-10 10:40:00,PT5M,92.568,100.0,100.0,80.6077,69.843
673,768,562,252,34,0.15,42.9,5.0,237,2026-08-10 10:45:00,PT5M,92.629,100.0,100.0,80.7268,70.0145
679,774,559,255,34,0.15,42.5,5.0,237,2026-08-10 10:50:00,PT5M,92.671,100.0,100.0,80.8212,70.156
684,779,557,259,34,0.15,42.1,5.0,237,2026-08-10 10:55:00,PT5M,92.692,100.0,100.0,80.8875,70.263
689,783,554,262,34,0.15,41.6,5.0,237,2026-08-10 11:00:00,PT5M,92.692,100.0,100.0,80.9243,70.333
693,788,551,266,34,0.15,41.2,4.9,237,2026-08-10 11:05:00,PT5M,92.669,100.0,100.0,80.9287,70.362
697,791,549,269,34,0.15,40.8,4.9,237,2026-08-10 11:10:00,PT5M,92.614,100.0,100.0,80.8787,70.3165
701,795,546,272,35,0.15,40.4,4.9,237,2026-08-10 11:15:00,PT5M,92.549,100.0,100.0,80.8224,70.268
704,798,542,275,35,0.15,40.0,4.9,237,2026-08-10 11:20:00,PT5M,92.475,100.0,100.0,80.7612,70.2185
706,800,539,279,35,0.15,39.6,4.9,237,2026-08-10 11:25:00,PT5M,92.38,100.0,100.0,80.6705,70.1315
709,802,536,282,35,0.15,39.2,4.9,237,2026-08-10 11:30:00,PT5M,92.258,100.0,100.0,80.5371,69.988
710,802,530,286,35,0.15,38.9,4.9,237,2026-08-10 11:35:00,PT5M,92.004,100.0,100.0,80.2513,69.6735
709,801,522,291,35,0.15,38.7,4.9,237,2026-08-10 11:40:00,PT5M,91.685,100.0,100.0,79.8802,69.2555
709,799,513,296,35,0.15,38.5,4.8,237,2026-08-10 11:45:00,PT5M,91.281,100.0,100.0,79.4175,68.74
707,797,505,301,35,0.15,38.3,4.8,238,2026-08-10 11:50:00,PT5M,90.856,100.0,100.0,78.9262,68.189
706,794,497,306,35,0.15,38.1,4.8,238,2026-08-10 11:55:00,PT5M,90.409,100.0,100.0,78.405,67.601
704,791,488,310,36,0.15,37.9,4.8,238,2026-08-10 12:00:00,PT5M,89.937,100.0,100.0,77.8506,66.9725
701,788,479,315,36,0.15,37.6,4.7,238,2026-08-10 12:05:00,PT5M,89.442,100.0,100.0,77.3106,66.392
698,784,471,319,36,0.15,37.4,4.7,239,2026-08-10 12:10:00,PT5M,88.921,100.0,100.0,76.6907,65.683
695,779,462,323,36,0.15,37.2,4.7,239,2026-08-10 12:15:00,PT5M,88.442,100.0,100.0,76.1046,65.0005
691,774,453,327,36,0.15,37.0,4.7,239,2026-08-10 12:20:00,PT5M,87.98,100.0,100.0,75.527,64.319
687,769,444,331,36,0.15,36.8,4.7,240,2026-08-10 12:25:00,PT5M,87.49,100.0,100.0,74.9139,63.595
682,763,435,335,36,0.15,36.6,4.6,240,2026-08-10 12:30:00,PT5M,86.972,100.0,99.6794,74.2646,62.8275
678,757,427,338,36,0.15,36.5,4.6,240,2026-08-10 12:35:00,PT5M,86.45,100.0,99.3051,73.5949,62.025
672,751,419,340,36,0.15,36.3,4.6,240,2026-08-10 12:40:00,PT5M,85.923,100.0,98.9415,72.9045,61.1875
667,744,411,343,36,0.15,36.2,4.6,240,2026-08-10 12:45:00,PT5M,85.369,100.0,98.558,72.18,60.3095
661,737,402,345,36,0.15,36.1,4.6,240,2026-08-10 12:50:00,PT5M,84.787,100.0,98.1526,71.4214,59.392
655,729,394,347,36,0.15,36.0,4.6,241,2026-08-10 12:55:00,PT5M,84.176,100.0,97.7247,70.6273,58.433
648,721,386,348,36,0.15,35.9,4.6,241,2026-08-10 13:00:00,PT5M,83.535,100.0,97.2742,69.7958,57.43
641,713,378,349,36,0.15,35.8,4.6,241,2026-08-10 13:05:00,PT5M,82.852,100.0,96.797,68.907,56.356
634,705,370,351,36,0.15,35.7,4.6,241,2026-08-10 13:10:00,PT5M,82.143,100.0,96.2965,67.9895,55.251
626,696,362,351,36,0.15,35.6,4.6,241,2026-08-10 13:15:00,PT5M,81.423,100.0,95.7743,67.0717,54.155
618,687,354,352,36,0.15,35.5,4.6,241,2026-08-10 13:20:00,PT5M,80.681,100.0,95.23,66.132,53.0375
610,677,346,352,36,0.15,35.4,4.6,241,2026-08-10 13:25:00,PT5M,79.847,100.0,94.6123,65.0817,51.7925
602,668,338,352,36,0.15,35.3,4.6,241,2026-08-10 13:30:00,PT5M,79.015,100.0,94.0034,64.0266,50.5365
593,657,329,353,36,0.15,35.4,4.6,241,2026-08-10 13:35:00,PT5M,78.154,100.0,93.3474,62.9606,49.286
584,647,320,353,36,0.15,35.8,4.6,240,2026-08-10 13:40:00,PT5M,77.262,100.0,92.6415,61.8825,48.0405
574,636,311,353,36,0.15,36.1,4.7,239,2026-08-10 13:45:00,PT5M,76.339,100.0,91.9082,60.7698,46.757
565,625,303,352,36,0.15,36.5,4.7,238,2026-08-10 13:50:00,PT5M,75.386,100.0,91.1476,59.6244,45.4385
555,614,294,352,36,0.15,36.8,4.7,237,2026-08-10 13:55:00,PT5M,74.401,100.0,90.3584,58.4436,44.0815
545,602,285,351,36,0.15,37.2,4.8,236,2026-08-10 14:00:00,PT5M,73.383,100.0,89.5396,57.2264,42.685
535,591,276,349,36,0.15,37.6,4.8,235,2026-08-10 14:05:00,PT5M,72.329,100.0,88.6882,55.9698,41.246
525,579,268,348,35,0.15,38.0,4.8,234,2026-08-10 14:10:00,PT5M,71.239,100.0,87.8048,54.6732,39.7635
514,567,259,346,35,0.15,38.3,4.9,233,2026-08-10 14:15:00,PT5M,70.113,100.0,86.849,53.377,38.314
503,555,250,344,35,0.15,38.7,4.9,233,2026-08-10 14:20:00,PT5M,68.949,100.0,85.7966,52.1014,36.938
492,542,242,341,35,0.15,39.1,5.0,232,2026-08-10 14:25:00,PT5M,67.745,99.965,84.7026,50.7874,35.525
481,530,233,339,35,0.15,39.5,5.0,231,2026-08-10 14:30:00,PT5M,66.506,98.929,83.5705,49.4415,34.083
469,516,223,336,35,0.15,39.9,5.0,231,2026-08-10 14:35:00,PT5M,65.098,97.804,82.3114,47.8846,32.392
457,502,213,333,35,0.15,40.2,5.0,231,2026-08-10 14:40:00,PT5M,63.565,96.6225,80.9634,46.1666,30.5075
444,487,203,329,34,0.15,40.5,5.0,231,2026-08-10 14:45:00,PT5M,62.004,95.399,79.58,44.428,28.609
432,473,192,325,34,0.15,40.9,5.0,231,2026-08-10 14:50:00,PT5M,60.412,94.13,78.158,42.666,26.694
419,459,182,321,34,0.15,41.3,5.0,232,2026-08-10 14:55:00,PT5M,58.788,92.8125,76.6953,40.8807,24.7635
407,444,173,316,34,0.15,41.6,5.0,232,2026-08-10 15:00:00,PT5M,57.133,91.447,75.1927,39.0733,22.819
394,430,163,311,34,0.15,42.0,5.0,232,2026-08-10 15:05:00,PT5M,55.448,89.99,73.6277,37.2683,20.906
381,415,153,306,34,0.15,42.3,5.0,232,2026-08-10 15:10:00,PT5M,53.733,88.5225,72.043,35.423,18.9435
369,401,144,300,34,0.15,42.7,5.0,232,2026-08-10 15:15:00,PT5M,52.033,87.043,70.459,33.607,17.023
356,387,136,295,34,0.15,43.1,5.0,233,2026-08-10 15:20:00,PT5M,50.341,85.5455,68.8694,31.8126,15.1365
344,373,127,288,34,0.15,43.4,5.0,233,2026-08-10 15:25:00,PT5M,48.619,83.9945,67.2374,30.0006,13.2435
332,360,119,282,33,0.15,43.8,5.0,233,2026-08-10 15:30:00,PT5M,46.868,82.39,65.5635,28.1725,11.346
320,346,111,275,33,0.15,44.2,5.0,233,2026-08-10 15:35:00,PT5M,45.193,80.7945,63.9303,26.4557,9.5915
308,333,105,268,33,0.15,44.5,5.1,233,2026-08-10 15:40:00,PT5M,43.794,79.4125,62.5403,25.0477,8.1755
297,321,98,261,33,0.15,44.8,5.1,232,2026-08-10 15:45:00,PT5M,42.143,77.748,60.8822,23.4038,6.538
285,308,92,254,33,0.15,45.1,5.2,232,2026-08-10 15:50:00,PT5M,40.456,76.0135,59.1702,21.7418,4.8985
274,295,85,247,33,0.15,45.4,5.2,231,2026-08-10 15:55:00,PT5M,38.728,74.197,57.3956,20.0604,3.259
262,282,78,239,33,0.15,45.7,5.3,231,2026-08-10 16:00:00,PT5M,36.978,72.287,55.5614,18.3946,1.669
251,269,71,231,33,0.15,46.1,5.3,231,2026-08-10 16:05:00,PT5M,35.217,70.2715,53.6664,16.7676,0.1625
239,256,64,223,32,0.15,46.4,5.4,230,2026-08-10 16:10:00,PT5M,33.419,68.1395,51.6926,15.1454,0.0
228,244,57,215,32,0.15,46.7,5.4,230,2026-08-10 16:15:00,PT5M,31.587,65.8995,49.6459,13.5281,0.0
216,231,50,207,32,0.15,47.0,5.5,229,2026-08-10 16:20:00,PT5M,29.721,63.5695,47.5357,11.9063,0.0
205,218,43,198,32,0.15,47.4,5.5,229,2026-08-10 16:25:00,PT5M,27.824,61.152,45.3648,10.2832,0.0
194,206,36,190,32,0.15,47.7,5.6,229,2026-08-10 16:30:00,PT5M,25.9,58.657,43.1402,8.6598,0.0
184,194,30,181,32,0.15,48.1,5.6,228,2026-08-10 16:35:00,PT5M,24.143,56.2575,41.0451,7.2409,0.0
173,183,26,173,32,0.15,48.4,5.6,228,2026-08-10 16:40:00,PT5M,23.009,53.226,38.9124,7.1056,0.0
163,172,21,164,32,0.15,48.8,5.6,227,2026-08-10 16:45:00,PT5M,21.488,49.6605,36.3154,6.6606,0.0
153,161,16,155,31,0.15,49.2,5.6,226,2026-08-10 16:50:00,PT5M,19.912,46.088,33.6886,6.1354,0.0
143,150,11,146,31,0.15,49.6,5.6,225,2026-08-10 16:55:00,PT5M,18.314,42.507,31.0469,5.5811,0.0
133,139,5,137,31,0.15,49.9,5.6,225,2026-08-10 17:00:00,PT5M,16.711,38.927,28.4034,5.0186,0.0
124,128,0,128,31,0.15,50.3,5.6,224,2026-08-10 17:05:00,PT5M,15.124,35.374,25.7817,4.4663,0.0
113,117,0,117,31,0.15,50.7,5.6,223,2026-08-10 17:10:00,PT5M,13.835,32.102,23.4491,4.2209,0.0
103,106,0,106,31,0.15,51.1,5.6,222,2026-08-10 17:15:00,PT5M,12.544,28.905,21.1549,3.9331,0.0
92,95,0,95,31,0.15,51.5,5.6,222,2026-08-10 17:20:00,PT5M,11.225,25.748,18.8686,3.5814,0.0
81,84,0,84,31,0.15,51.9,5.6,221,2026-08-10 17:25:00,PT5M,9.92,22.698,16.6452,3.1948,0.0
71,74,0,74,30,0.15,52.3,5.6,220,2026-08-10 17:30:00,PT5M,8.617,19.7305,14.4661,2.7679,0.0
61,63,0,63,30,0.15,52.7,5.6,220,2026-08-10 17:35:00,PT5M,7.224,15.195,11.4192,3.0288,0.0
50,52,0,52,30,0.15,53.2,5.6,220,2026-08-10 17:40:00,PT5M,5.933,12.225,9.2445,2.6215,0.0
41,42,0,42,30,0.15,53.6,5.6,219,2026-08-10 17:45:00,PT5M,4.75,9.526,7.2636,2.2364,0.0
32,33,0,33,30,0.15,54.1,5.6,219,2026-08-10 17:50:00,PT5M,3.595,7.042,5.4092,1.7808,0.148
25,26,0,26,30,0.15,54.6,5.5,219,2026-08-10 17:55:00,PT5M,2.586,5.005,3.8591,1.3129,0.167
18,19,0,19,30,0.15,55.1,5.5,219,2026-08-10 18:00:00,PT5M,1.744,3.3645,2.5969,0.8911,0.1235
12,13,0,13,29,0.15,55.5,5.5,219,2026-08-10 18:05:00,PT5M,0.983,2.0655,1.5527,0.4133,0.0
7,8,0,8,29,0.15,56.0,5.5,218,2026-08-10 18:10:00,PT5M,0.303,0.829,0.5798,0.0262,0.0
3,3,0,3,29,0.15,56.5,5.5,218,2026-08-10 18:15:00,PT5M,0.0,0.0005,0.0003,0.0,0.0
0,0,0,0,29,0.15,57.0,5.5,218,2026-08-10 18:20:00,PT5M,0.0,0.0,0.0,0.0,0.0
0,0,0,0,29,0.15,57.5,5.4,218,2026-08-10 18:25:00,PT5M,0.0,0.0,0.0,0.0,0.0
0,0,0,0,29,0.15,58.0,5.4,218,2026-08-10 18:30:00,PT5M,0.0,0.0,0.0,0.0,0.0
0,0,0,0,29,0.15,58.5,5.4,218,2026-08-10 18:35:00,PT5M,0.0,0.0,0.0,0.0,0.0
0,0,0,0,29,0.15,58.9,5.4,218,2026-08-10 18:40:00,PT5M,0.0,0.0,0.0,0.0,0.0
0,0,0,0,29,0.15,59.3,5.4,219,2026-08-10 18:45:00,PT5M,0.0,0.0,0.0,0.0,0.0
0,0,0,0,28,0.15,59.7,5.3,219,2026-08-10 18:50:00,PT5M,0.0,0.0,0.0,0.0,0.0
0,0,0,0,28,0.15,60.1,5.3,219,2026-08-10 18:55:00,PT5M,0.0,0.0,0.0,0.0,0.0
0,0,0,0,28,0.15,60.5,5.3,220,2026-08-10 19:00:00,PT5M,0.0,0.0,0.0,0.0,0.0
0,0,0,0,28,0.15,60.9,5.3,220,2026-08-10 19:05:00,PT5M,0.0,0.0,0.0,0.0,0.0
0,0,0,0,28,0.15,61.4,5.3,221,2026-08-10 19:10:00,PT5M,0.0,0.0,0.0,0.0,0.0
0,0,0,0,28,0.15,61.8,5.2,221,2026-08-10 19:15:00,PT5M,0.0,0.0,0.0,0.0,0.0
0,0,0,0,28,0.15,62.2,5.2,222,2026-08-10 19:20:00,PT5M,0.0,0.0,0.0,0.0,0.0
0,0,0,0,28,0.15,62.6,5.2,222,2026-08-10 19:25:00,PT5M,0.0,0.0,0.0,0.0,0.0
0,0,0,0,28,0.15,63.1,5.2,222,2026-08-10 19:30:00,PT5M,0.0,0.0,0.0,0.0,0.0
0,0,0,0,28,0.15,63.4,5.2,223,2026-08-10 19:35:00,PT5M,0.0,0.0,0.0,0.0,0.0
0,0,0,0,28,0.15,63.7,5.1,224,2026-08-10 19:40:00,PT5M,0.0,0.0,0.0,0.0,0.0
0,0,0,0,28,0.15,64.0,5.1,224,2026-08-10 19:45:00,PT5M,0.0,0.0,0.0,0.0,0.0
0,0,0,0,27,0.15,64.3,5.1,225,2026-08-10 19:50:00,PT5M,0.0,0.0,0.0,0.0,0.0
0,0,0,0,27,0.15,64.6,5.0,225,2026-08-10 19:55:00,PT5M,0.0,0.0,0.0,0.0,0.0
0,0,0,0,27,0.15,64.9,5.0,226,2026-08-10 20:00:00,PT5M,0.0,0.0,0.0,0.0,0.0
0,0,0,0,27,0.15,65.2,5.0,227,2026-08-10 20:05:00,PT5M,0.0,0.0,0.0,0.0,0.0
0,0,0,0,27,0.15,65.4,4.9,227,2026-08-10 20:10:00,PT5M,0.0,0.0,0.0,0.0,0.0
0,0,0,0,27,0.15,65.7,4.9,228,2026-08-10 20:15:00,PT5M,0.0,0.0,0.0,0.0,0.0
0,0,0,0,27,0.15,66.0,4.9,228,2026-08-10 20:20:00,PT5M,0.0,0.0,0.0,0.0,0.0
0,0,0,0,27,0.15,66.3,4.9,229,2026-08-10 20:25:00,PT5M,0.0,0.0,0.0,0.0,0.0
0,0,0,0,27,0.15,66.6,4.8,230,2026-08-10 20:30:00,PT5M,0.0,0.0,0.0,0.0,0.0
0,0,0,0,27,0.15,67.0,4.8,230,2026-08-10 20:35:00,PT5M,0.0,0.0,0.0,0.0,0.0
0,0,0,0,27,0.15,67.4,4.7,230,2026-08-10 20:40:00,PT5M,0.0,0.0,0.0,0.0,0.0
0,0,0,0,27,0.15,67.8,4.7,230,2026-08-10 20:45:00,PT5M,0.0,0.0,0.0,0.0,0.0
0,0,0,0,27,0.15,68.2,4.6,230,2026-08-10 20:50:00,PT5M,0.0,0.0,0.0,0.0,0.0
0,0,0,0,27,0.15,68.6,4.5,230,2026-08-10 20:55:00,PT5M,0.0,0.0,0.0,0.0,0.0
0,0,0,0,27,0.15,69.0,4.5,230,2026-08-10 21:00:00,PT5M,0.0,0.0,0.0,0.0,0.0
0,0,0,0,26,0.15,69.4,4.4,230,2026-08-10 21:05:00,PT5M,0.0,0.0,0.0,0.0,0.0
0,0,0,0,26,0.15,69.8,4.3,230,2026-08-10 21:10:00,PT5M,0.0,0.0,0.0,0.0,0.0
0,0,0,0,26,0.15,70.2,4.3,230,2026-08-10 21:15:00,PT5M,0.0,0.0,0.0,0.0,0.0
0,0,0,0,26,0.15,70.7,4.2,230,2026-08-10 21:20:00,PT5M,0.0,0.0,0.0,0.0,0.0
0,0,0,0,26,0.15,71.1,4.1,230,2026-08-10 21:25:00,PT5M,0.0,0.0,0.0,0.0,0.0
0,0,0,0,26,0.15,71.5,4.1,230,2026-08-10 21:30:00,PT5M,0.0,0.0,0.0,0.0,0.0
0,0,0,0,26,0.15,71.8,4.0,230,2026-08-10 21:35:00,PT5M,0.0,0.0,0.0,0.0,0.0
0,0,0,0,26,0.15,71.9,4.0,229,2026-08-10 21:40:00,PT5M,0.0,0.0,0.0,0.0,0.0
0,0,0,0,26,0.15,72.1,4.0,229,2026-08-10 21:45:00,PT5M,0.0,0.0,0.0,0.0,0.0
0,0,0,0,26,0.15,72.2,4.0,229,2026-08-10 21:50:00,PT5M,0.0,0.0,0.0,0.0,0.0
0,0,0,0,26,0.15,72.4,4.0,228,2026-08-10 21:55:00,PT5M,0.0,0.0,0.0,0.0,0.0
0,0,0,0,26,0.15,72.5,3.9,228,2026-08-10 22:00:00,PT5M,0.0,0.0,0.0,0.0,0.0
0,0,0,0,26,0.15,72.7,3.9,227,2026-08-10 22:05:00,PT5M,0.0,0.0,0.0,0.0,0.0
0,0,0,0,26,0.15,72.8,3.9,227,2026-08-10 22:10:00,PT5M,0.0,0.0,0.0,0.0,0.0
0,0,0,0,26,0.15,72.9,3.9,227,2026-08-10 22:15:00,PT5M,0.0,0.0,0.0,0.0,0.0
0,0,0,0,26,0.15,73.1,3.9,226,2026-08-10 22:20:00,PT5M,0.0,0.0,0.0,0.0,0.0
0,0,0,0,26,0.15,73.2,3.8,226,2026-08-10 22:25:00,PT5M,0.0,0.0,0.0,0.0,0.0
0,0,0,0,26,0.15,73.4,3.8,225,2026-08-10 22:30:00,PT5M,0.0,0.0,0.0,0.0,0.0
0,0,0,0,26,0.15,73.5,3.8,225,2026-08-10 22:35:00,PT5M,0.0,0.0,0.0,0.0,0.0
0,0,0,0,26,0.15,73.6,3.8,225,2026-08-10 22:40:00,PT5M,0.0,0.0,0.0,0.0,0.0
0,0,0,0,26,0.15,73.7,3.8,225,2026-08-10 22:45:00,PT5M,0.0,0.0,0.0,0.0,0.0
0,0,0,0,26,0.15,73.8,3.8,225,2026-08-10 22:50:00,PT5M,0.0,0.0,0.0,0.0,0.0
0,0,0,0,26,0.15,73.9,3.8,225,2026-08-10 22:55:00,PT5M,0.0,0.0,0.0,0.0,0.0
0,0,0,0,25,0.15,74.0,3.8,225,2026-08-10 23:00:00,PT5M,0.0,0.0,0.0,0.0,0.0
0,0,0,0,25,0.15,74.2,3.8,226,2026-08-10 23:05:00,PT5M,0.0,0.0,0.0,0.0,0.0
0,0,0,0,25,0.15,74.3,3.8,226,2026-08-10 23:10:00,PT5M,0.0,0.0,0.0,0.0,0.0
0,0,0,0,25,0.15,74.4,3.8,226,2026-08-10 23:15:00,PT5M,0.0,0.0,0.0,0.0,0.0
0,0,0,0,25,0.15,74.5,3.8,226,2026-08-10 23:20:00,PT5M,0.0,0.0,0.0,0.0,0.0
0,0,0,0,25,0.15,74.6,3.8,226,2026-08-10 23:25:00,PT5M,0.0,0.0,0.0,0.0,0.0
0,0,0,0,25,0.15,74.7,3.8,226,2026-08-10 23:30:00,PT5M,0.0,0.0,0.0,0.0,0.0
0,0,0,0,25,0.15,74.7,3.7,226,2026-08-10 23:35:00,PT5M,0.0,0.0,0.0,0.0,0.0
0,0,0,0,25,0.15,74.6,3.7,226,2026-08-10 23:40:00,PT5M,0.0,0.0,0.0,0.0,0.0
0,0,0,0,25,0.15,74.5,3.7,226,2026-08-10 23:45:00,PT5M,0.0,0.0,0.0,0.0,0.0
0,0,0,0,25,0.15,74.4,3.7,226,2026-08-10 23:50:00,PT5M,0.0,0.0,0.0,0.0,0.0
0,0,0,0,25,0.15,74.2,3.7,226,2026-08-10 23:55:00,PT5M,0.0,0.0,0.0,0.0,0.0
0,0,0,0,25,0.15,74.1,3.7,226,2026-08-11 00:00:00,PT5M,0.0,0.0,0.0,0.0,0.0
0,0,0,0,25,0.15,74.0,3.7,226,2026-08-11 00:05:00,PT5M,0.0,0.0,0.0,0.0,0.0
0,0,0,0,25,0.15,73.9,3.7,226,2026-08-11 00:10:00,PT5M,0.0,0.0,0.0,0.0,0.0
0,0,0,0,25,0.15,73.8,3.6,226,2026-08-11 00:15:00,PT5M,0.0,0.0,0.0,0.0,0.0
0,0,0,0,25,0.15,73.7,3.6,226,2026-08-11 00:20:00,PT5M,0.0,0.0,0.0,0.0,0.0
0,0,0,0,25,0.15,73.6,3.6,226,2026-08-11 00:25:00,PT5M,0.0,0.0,0.0,0.0,0.0
0,0,0,0,25,0.15,73.4,3.6,226,2026-08-11 00:30:00,PT5M,0.0,0.0,0.0,0.0,0.0
0,0,0,0,25,0.15,73.4,3.6,226,2026-08-11 00:35:00,PT5M,0.0,0.0,0.0,0.0,0.0
0,0,0,0,25,0.15,73.3,3.6,226,2026-08-11 00:40:00,PT5M,0.0,0.0,0.0,0.0,0.0
0,0,0,0,25,0.15,73.3,3.5,225,2026-08-11 00:45:00,PT5M,0.0,0.0,0.0,0.0,0.0
0,0,0,0,25,0.15,73.2,3.5,225,2026-08-11 00:50:00,PT5M,0.0,0.0,0.0,0.0,0.0
0,0,0,0,25,0.15,73.2,3.5,224,2026-08-11 00:55:00,PT5M,0.0,0.0,0.0,0.0,0.0
0,0,0,0,25,0.15,73.2,3.5,224,2026-08-11 01:00:00,PT5M,0.0,0.0,0.0,0.0,0.0
0,0,0,0,25,0.15,73.1,3.5,224,2026-08-11 01:05:00,PT5M,0.0,0.0,0.0,0.0,0.0
0,0,0,0,25,0.15,73.1,3.4,223,2026-08-11 01:10:00,PT5M,0.0,0.0,0.0,0.0,0.0
0,0,0,0,25,0.15,73.0,3.4,223,2026-08-11 01:15:00,PT5M,0.0,0.0,0.0,0.0,0.0
0,0,0,0,25,0.15,73.0,3.4,222,2026-08-11 01:20:00,PT5M,0.0,0.0,0.0,0.0,0.0
0,0,0,0,25,0.15,73.0,3.4,222,2026-08-11 01:25:00,PT5M,0.0,0.0,0.0,0.0,0.0
0,0,0,0,25,0.15,72.9,3.3,222,2026-08-11 01:30:00,PT5M,0.0,0.0,0.0,0.0,0.0
0,0,0,0,25,0.15,72.9,3.3,221,2026-08-11 01:35:00,PT5M,0.0,0.0,0.0,0.0,0.0
0,0,0,0,25,0.15,72.9,3.4,221,2026-08-11 01:40:00,PT5M,0.0,0.0,0.0,0.0,0.0
0,0,0,0,25,0.15,72.9,3.4,221,2026-08-11 01:45:00,PT5M,0.0,0.0,0.0,0.0,0.0
0,0,0,0,25,0.15,72.9,3.5,221,2026-08-11 01:50:00,PT5M,0.0,0.0,0.0,0.0,0.0
0,0,0,0,25,0.15,72.9,3.5,222,2026-08-11 01:55:00,PT5M,0.0,0.0,0.0,0.0,0.0
0,0,0,0,25,0.15,72.9,3.5,222,2026-08-11 02:00:00,PT5M,0.0,0.0,0.0,0.0,0.0
0,0,0,0,25,0.15,72.9,3.6,222,2026-08-11 02:05:00,PT5M,0.0,0.0,0.0,0.0,0.0
0,0,0,0,25,0.15,72.9,3.6,222,2026-08-11 02:10:00,PT5M,0.0,0.0,0.0,0.0,0.0
0,0,0,0,25,0.15,72.9,3.6,222,2026-08-11 02:15:00,PT5M,0.0,0.0,0.0,0.0,0.0
0,0,0,0,25,0.15,72.9,3.7,222,2026-08-11 02:20:00,PT5M,0.0,0.0,0.0,0.0,0.0
0,0,0,0,25,0.15,72.9,3.7,222,2026-08-11 02:25:00,PT5M,0.0,0.0,0.0,0.0,0.0
0,0,0,0,25,0.15,72.9,3.7,222,2026-08-11 02:30:00,PT5M,0.0,0.0,0.0,0.0,0.0
0,0,0,0,25,0.15,72.9,3.7,222,2026-08-11 02:35:00,PT5M,0.0,0.0,0.0,0.0,0.0
0,0,0,0,25,0.15,72.9,3.7,222,2026-08-11 02:40:00,PT5M,0.0,0.0,0.0,0.0,0.0
0,0,0,0,25,0.15,73.0,3.7,222,2026-08-11 02:45:00,PT5M,0.0,0.0,0.0,0.0,0.0
0,0,0,0,25,0.15,73.0,3.7,222,2026-08-11 02:50:00,PT5M,0.0,0.0,0.0,0.0,0.0
0,0,0,0,25,0.15,73.1,3.7,222,2026-08-11 02:55:00,PT5M,0.0,0.0,0.0,0.0,0.0
0,0,0,0,25,0.15,73.1,3.7,222,2026-08-11 03:00:00,PT5M,0.0,0.0,0.0,0.0,0.0
0,0,0,0,25,0.15,73.1,3.6,222,2026-08-11 03:05:00,PT5M,0.0,0.0,0.0,0.0,0.0
0,0,0,0,25,0.15,73.2,3.6,222,2026-08-11 03:10:00,PT5M,0.0,0.0,0.0,0.0,0.0
0,0,0,0,25,0.15,73.2,3.6,222,2026-08-11 03:15:00,PT5M,0.0,0.0,0.0,0.0,0.0
0,0,0,0,25,0.15,73.2,3.6,223,2026-08-11 03:20:00,PT5M,0.0,0.0,0.0,0.0,0.0
0,0,0,0,25,0.15,73.3,3.6,223,2026-08-11 03:25:00,PT5M,0.0,0.0,0.0,0.0,0.0
0,0,0,0,25,0.15,73.3,3.5,223,2026-08-11 03:30:00,PT5M,0.0,0.0,0.0,0.0,0.0
0,0,0,0,25,0.15,73.4,3.5,223,2026-08-11 03:35:00,PT5M,0.0,0.0,0.0,0.0,0.0
0,0,0,0,25,0.15,73.6,3.5,223,2026-08-11 03:40:00,PT5M,0.0,0.0,0.0,0.0,0.0
0,0,0,0,25,0.15,73.8,3.5,222,2026-08-11 03:45:00,PT5M,0.0,0.0,0.0,0.0,0.0
0,0,0,0,25,0.15,74.0,3.5,222,2026-08-11 03:50:00,PT5M,0.0,0.0,0.0,0.0,0.0
0,0,0,0,25,0.15,74.2,3.5,222,2026-08-11 03:55:00,PT5M,0.0,0.0,0.0,0.0,0.0
0,0,0,0,25,0.15,74.4,3.5,222,2026-08-11 04:00:00,PT5M,0.0,0.0,0.0,0.0,0.0
0,0,0,0,25,0.15,74.6,3.5,222,2026-08-11 04:05:00,PT5M,0.0,0.0,0.0,0.0,0.0
0,0,0,0,25,0.15,74.8,3.5,222,2026-08-11 04:10:00,PT5M,0.0,0.0,0.0,0.0,0.0
0,0,0,0,25,0.15,74.9,3.5,222,2026-08-11 04:15:00,PT5M,0.0,0.0,0.0,0.0,0.0
0,0,0,0,25,0.15,75.1,3.5,222,2026-08-11 04:20:00,PT5M,0.0,0.0,0.0,0.0,0.0
0,0,0,0,25,0.15,75.3,3.5,222,2026-08-11 04:25:00,PT5M,0.0,0.0,0.0,0.0,0.0
0,0,0,0,25,0.15,75.5,3.5,222,2026-08-11 04:30:00,PT5M,0.0,0.0,0.0,0.0,0.0
0,0,0,0,25,0.15,75.7,3.5,222,2026-08-11 04:35:00,PT5M,0.0,0.0,0.0,0.0,0.0
0,0,0,0,25,0.15,75.7,3.5,222,2026-08-11 04:40:00,PT5M,0.0,0.0,0.0,0.0,0.0
0,0,0,0,25,0.15,75.8,3.5,222,2026-08-11 04:45:00,PT5M,0.0,0.0,0.0,0.0,0.0
0,0,0,0,25,0.15,75.9,3.5,222,2026-08-11 04:50:00,PT5M,0.0,0.0,0.0,0.0,0.0
0,0,0,0,25,0.15,76.0,3.5,222,2026-08-11 04:55:00,PT5M,0.0,0.0,0.0,0.0,0.0
0,0,0,0,25,0.15,76.0,3.5,223,2026-08-11 05:00:00,PT5M,0.0,0.0,0.0,0.0,0.0
0,0,0,0,25,0.15,76.1,3.5,223,2026-08-11 05:05:00,PT5M,0.0,0.0,0.0,0.0,0.0
0,0,0,0,25,0.15,76.2,3.5,223,2026-08-11 05:10:00,PT5M,0.0,0.0,0.0,0.0,0.0
0,0,0,0,25,0.15,76.3,3.5,223,2026-08-11 05:15:00,PT5M,0.0,0.0,0.0,0.0,0.0
0,0,0,0,25,0.15,76.3,3.5,223,2026-08-11 05:20:00,PT5M,0.0,0.0,0.0,0.0,0.0
0,0,0,0,25,0.15,76.4,3.5,224,2026-08-11 05:25:00,PT5M,0.0,0.0,0.0,0.0,0.0
0,0,0,0,25,0.15,76.5,3.5,224,2026-08-11 05:30:00,PT5M,0.0,0.0,0.0,0.0,0.0
0,0,0,0,25,0.15,76.5,3.5,224,2026-08-11 05:35:00,PT5M,0.0,0.0,0.0,0.0,0.0
0,0,0,0,25,0.15,76.4,3.5,224,2026-08-11 05:40:00,PT5M,0.0,0.0,0.0,0.0,0.0
0,0,0,0,25,0.15,76.2,3.5,225,2026-08-11 05:45:00,PT5M,0.0,0.0,0.0,0.0,0.0
0,0,0,0,25,0.15,76.1,3.5,225,2026-08-11 05:50:00,PT5M,0.0,0.0,0.0,0.0,0.0
0,0,0,0,25,0.15,76.0,3.5,226,2026-08-11 05:55:00,PT5M,0.0,0.0,0.0,0.0,0.0
0,0,0,0,25,0.15,75.9,3.5,226,2026-08-11 06:00:00,PT5M,0.0,0.0,0.0,0.0,0.0
1,1,0,1,25,0.15,75.8,3.5,226,2026-08-11 06:05:00,PT5M,0.0,0.0,0.0,0.0,0.0
7,7,0,7,25,0.15,75.7,3.6,227,2026-08-11 06:10:00,PT5M,0.222,0.3975,0.3144,0.1296,0.0465
14,15,0,15,25,0.15,75.6,3.6,227,2026-08-11 06:15:00,PT5M,1.294,1.824,1.5729,1.0151,0.764
23,24,0,24,25,0.15,75.4,3.6,227,2026-08-11 06:20:00,PT5M,2.482,3.499,3.0173,1.9467,1.465
30,34,20,32,25,0.15,75.3,3.6,228,2026-08-11 06:25:00,PT5M,3.993,5.9405,5.018,2.968,2.0455
37,45,50,40,25,0.15,75.2,3.6,228,2026-08-11 06:30:00,PT5M,5.965,8.939,7.5302,4.3998,2.991
45,57,79,47,25,0.15,74.9,3.6,228,2026-08-11 06:35:00,PT5M,8.396,12.5865,10.6015,6.1905,4.2055
54,71,112,55,25,0.15,74.2,3.6,228,2026-08-11 06:40:00,PT5M,11.344,16.8885,14.2621,8.4259,5.7995
64,86,144,61,25,0.15,73.6,3.7,227,2026-08-11 06:45:00,PT5M,14.504,21.491,18.1813,10.8267,7.517
74,101,176,68,25,0.15,73.0,3.7,227,2026-08-11 06:50:00,PT5M,17.918,26.3495,22.3556,13.4804,9.4865
86,118,208,74,26,0.15,72.4,3.7,227,2026-08-11 06:55:00,PT5M,21.593,31.4545,26.7832,16.4028,11.7315
99,135,238,80,26,0.15,71.8,3.7,226,2026-08-11 07:00:00,PT5M,25.403,36.7635,31.3821,19.4239,14.0425
112,152,268,85,26,0.15,71.2,3.8,226,2026-08-11 07:05:00,PT5M,29.496,42.441,36.309,22.683,16.551
126,170,292,90,26,0.15,70.6,3.8,226,2026-08-11 07:10:00,PT5M,33.583,48.25,41.3023,25.8637,18.916
140,187,312,96,26,0.15,70.0,3.8,225,2026-08-11 07:15:00,PT5M,37.582,54.0035,46.2248,28.9392,21.1605
154,204,330,101,26,0.15,69.4,3.8,225,2026-08-11 07:20:00,PT5M,41.658,59.8715,51.2439,32.0721,23.4445
169,221,348,106,26,0.15,68.8,3.9,224,2026-08-11 07:25:00,PT5M,45.774,65.8105,56.3194,35.2286,25.7375
184,239,364,111,27,0.15,68.2,3.9,224,2026-08-11 07:30:00,PT5M,49.907,71.7885,61.4234,38.3906,28.0255
199,256,379,116,27,0.15,67.5,3.9,224,2026-08-11 07:35:00,PT5M,54.01,77.7705,66.5153,41.5047,30.2495
214,274,392,121,27,0.15,66.6,4.0,224,2026-08-11 07:40:00,PT5M,58.073,83.763,71.5938,44.5522,32.383
230,291,404,126,27,0.15,65.7,4.0,225,2026-08-11 07:45:00,PT5M,62.164,89.8665,76.744,47.584,34.4615
245,309,416,130,27,0.15,64.9,4.1,225,2026-08-11 07:50:00,PT5M,65.4,94.5515,80.7426,50.0574,36.2485
261,326,428,135,28,0.15,64.0,4.1,225,2026-08-11 07:55:00,PT5M,67.439,97.094,83.0466,51.8314,37.784
276,343,439,139,28,0.15,63.2,4.1,226,2026-08-11 08:00:00,PT5M,69.385,99.504,85.2368,53.5332,39.266
292,361,450,143,28,0.15,62.4,4.2,226,2026-08-11 08:05:00,PT5M,71.232,100.0,87.3062,55.1578,40.6905
307,378,460,147,28,0.15,61.5,4.2,226,2026-08-11 08:10:00,PT5M,72.969,100.0,89.2398,56.6982,42.054
323,395,469,151,28,0.15,60.7,4.3,227,2026-08-11 08:15:00,PT5M,74.586,100.0,91.0234,58.1486,43.3545
338,412,478,154,29,0.15,59.9,4.3,227,2026-08-11 08:20:00,PT5M,76.071,100.0,92.6399,59.5021,44.5895
354,429,487,158,29,0.15,59.2,4.4,227,2026-08-11 08:25:00,PT5M,77.419,100.0,94.0821,60.7559,45.7585
369,445,495,161,29,0.15,58.4,4.4,228,2026-08-11 08:30:00,PT5M,78.631,100.0,95.3257,61.9363,46.9105
384,461,502,165,29,0.15,57.5,4.5,228,2026-08-11 08:35:00,PT5M,79.699,100.0,96.3995,62.9985,47.9675
398,477,508,169,29,0.15,56.6,4.5,228,2026-08-11 08:40:00,PT5M,80.68,100.0,97.3737,63.9863,48.9615
413,493,514,172,30,0.15,55.7,4.5,229,2026-08-11 08:45:00,PT5M,81.602,100.0,98.312,64.892,49.8525
427,509,520,176,30,0.15,54.8,4.6,229,2026-08-11 08:50:00,PT5M,82.47,100.0,99.1589,65.7811,50.7605
442,524,525,179,30,0.15,53.9,4.6,230,2026-08-11 08:55:00,PT5M,83.288,100.0,99.9548,66.6212,51.6205
456,539,531,183,30,0.15,53.1,4.6,230,2026-08-11 09:00:00,PT5M,84.124,100.0,100.0,67.483,52.5055
469,554,535,186,31,0.15,52.2,4.7,231,2026-08-11 09:05:00,PT5M,84.861,100.0,100.0,68.2484,53.2965
483,568,540,189,31,0.15,51.4,4.7,231,2026-08-11 09:10:00,PT5M,85.562,100.0,100.0,68.9812,54.058
496,583,546,192,31,0.15,50.6,4.7,232,2026-08-11 09:15:00,PT5M,86.308,100.0,100.0,69.7704,54.886
510,597,552,194,31,0.15,49.8,4.8,232,2026-08-11 09:20:00,PT5M,87.062,100.0,100.0,70.5723,55.731
523,612,558,196,31,0.15,49.0,4.8,233,2026-08-11 09:25:00,PT5M,87.783,100.0,100.0,71.3422,56.545
536,626,563,198,32,0.15,48.2,4.8,233,2026-08-11 09:30:00,PT5M,88.473,100.0,100.0,72.0812,57.328
549,639,569,200,32,0.15,47.6,4.9,233,2026-08-11 09:35:00,PT5M,89.135,100.0,100.0,72.7913,58.0815
561,653,574,202,32,0.15,47.0,4.9,234,2026-08-11 09:40:00,PT5M,89.772,100.0,100.0,73.4757,58.8085
574,666,579,204,32,0.15,46.5,4.9,234,2026-08-11 09:45:00,PT5M,90.382,100.0,100.0,74.2249,59.683
585,679,584,205,32,0.15,46.0,4.9,234,2026-08-11 09:50:00,PT5M,90.965,100.0,100.0,74.9537,60.543
597,691,589,207,32,0.15,45.4,5.0,234,2026-08-11 09:55:00,PT5M,91.508,100.0,100.0,75.6338,61.3465
608,703,592,209,33,0.15,44.9,5.0,234,2026-08-11 10:00:00,PT5M,91.984,100.0,100.0,76.2356,62.0615
619,714,596,211,33,0.15,44.4,5.0,234,2026-08-11 10:05:00,PT5M,92.437,100.0,100.0,76.807,62.7395
629,725,599,212,33,0.15,43.9,5.0,235,2026-08-11 10:10:00,PT5M,92.866,100.0,100.0,77.3441,63.374
639,736,603,214,33,0.15,43.4,5.0,235,2026-08-11 10:15:00,PT5M,93.272,100.0,100.0,77.8501,63.97
649,746,606,215,33,0.15,42.9,5.1,235,2026-08-11 10:20:00,PT5M,93.655,100.0,100.0,78.3255,64.5285
658,756,609,217,34,0.15,42.4,5.1,235,2026-08-11 10:25:00,PT5M,94.014,100.0,100.0,78.769,65.048
667,765,611,218,34,0.15,42.0,5.1,235,2026-08-11 10:30:00,PT5M,94.35,100.0,100.0,79.1821,65.5305
674,773,610,221,34,0.15,41.6,5.1,235,2026-08-11 10:35:00,PT5M,94.483,100.0,100.0,79.3532,65.736
680,778,606,226,34,0.15,41.3,5.1,235,2026-08-11 10:40:00,PT5M,94.422,100.0,100.0,79.2912,65.673
685,783,601,231,34,0.15,41.0,5.2,235,2026-08-11 10:45:00,PT5M,94.346,100.0,100.0,79.2068,65.581
690,788,596,235,34,0.15,40.6,5.2,235,2026-08-11 10:50:00,PT5M,94.253,100.0,100.0,79.0982,65.4585
695,792,591,240,34,0.15,40.3,5.2,235,2026-08-11 10:55:00,PT5M,94.143,100.0,100.0,78.9646,65.3035
699,796,586,245,34,0.15,40.0,5.3,235,2026-08-11 11:00:00,PT5M,94.013,100.0,100.0,78.8014,65.1105
703,799,581,249,35,0.15,39.7,5.3,235,2026-08-11 11:05:00,PT5M,93.863,100.0,100.0,78.6075,64.877
706,802,575,254,35,0.15,39.4,5.3,235,2026-08-11 11:10:00,PT5M,93.685,100.0,100.0,78.3613,64.5695
709,804,570,258,35,0.15,39.1,5.4,235,2026-08-11 11:15:00,PT5M,93.498,100.0,100.0,78.1111,64.2625
711,806,564,262,35,0.15,38.8,5.4,235,2026-08-11 11:20:00,PT5M,93.302,100.0,100.0,77.8567,63.9555
713,807,559,266,35,0.15,38.6,5.4,235,2026-08-11 11:25:00,PT5M,93.087,100.0,100.0,77.5744,63.6125
714,808,553,271,35,0.15,38.3,5.4,235,2026-08-11 11:30:00,PT5M,92.849,100.0,100.0,77.2532,63.2165
714,807,546,275,35,0.15,38.1,5.5,235,2026-08-11 11:35:00,PT5M,92.499,100.0,100.0,76.8382,62.743
713,805,537,280,35,0.15,37.9,5.5,235,2026-08-11 11:40:00,PT5M,92.038,100.0,100.0,76.3304,62.193
712,803,528,285,35,0.15,37.8,5.5,235,2026-08-11 11:45:00,PT5M,91.559,100.0,100.0,75.7987,61.614
710,800,519,290,35,0.15,37.6,5.5,235,2026-08-11 11:50:00,PT5M,91.122,100.0,100.0,75.3028,61.065
708,797,509,295,36,0.15,37.5,5.5,234,2026-08-11 11:55:00,PT5M,90.6,100.0,100.0,74.715,60.418
705,793,500,299,36,0.15,37.4,5.5,234,2026-08-11 12:00:00,PT5M,90.054,100.0,100.0,74.0969,59.735
702,788,491,304,36,0.15,37.2,5.6,234,2026-08-11 12:05:00,PT5M,89.485,100.0,100.0,73.4495,59.017
698,784,482,308,36,0.15,37.1,5.6,234,2026-08-11 12:10:00,PT5M,88.891,100.0,100.0,72.7705,58.2615
694,778,472,312,36,0.15,37.0,5.6,234,2026-08-11 12:15:00,PT5M,88.344,100.0,100.0,72.1322,57.541
690,773,463,316,36,0.15,36.8,5.6,233,2026-08-11 12:20:00,PT5M,87.81,100.0,100.0,71.5008,56.822
685,767,453,319,36,0.15,36.7,5.6,233,2026-08-11 12:25:00,PT5M,87.249,100.0,100.0,70.8364,56.0645
680,760,444,323,36,0.15,36.5,5.6,233,2026-08-11 12:30:00,PT5M,86.662,100.0,100.0,70.1407,55.271
675,754,436,326,36,0.15,36.5,5.7,233,2026-08-11 12:35:00,PT5M,86.148,100.0,100.0,69.5333,54.5795
670,748,428,328,36,0.15,36.4,5.7,233,2026-08-11 12:40:00,PT5M,85.706,100.0,100.0,69.0131,53.989
665,742,421,330,36,0.15,36.4,5.8,233,2026-08-11 12:45:00,PT5M,85.238,100.0,100.0,68.4622,53.3635
660,736,414,333,36,0.15,36.4,5.8,232,2026-08-11 12:50:00,PT5M,84.742,100.0,100.0,67.8789,52.7015
654,729,407,334,36,0.15,36.3,5.9,232,2026-08-11 12:55:00,PT5M,84.219,100.0,100.0,67.2627,52.0015
648,722,399,336,36,0.15,36.3,5.9,232,2026-08-11 13:00:00,PT5M,83.666,100.0,100.0,66.6105,51.26
642,715,392,337,36,0.15,36.3,6.0,232,2026-08-11 13:05:00,PT5M,83.073,100.0,100.0,65.9059,50.455
635,707,384,339,36,0.15,36.2,6.0,232,2026-08-11 13:10:00,PT5M,82.454,100.0,99.735,65.173,49.6195
628,699,377,340,36,0.15,36.2,6.1,232,2026-08-11 13:15:00,PT5M,81.825,100.0,99.2118,64.4382,48.7895
621,690,370,340,36,0.15,36.2,6.1,232,2026-08-11 13:20:00,PT5M,81.172,100.0,98.6659,63.6781,47.933
613,681,362,341,36,0.15,36.1,6.2,232,2026-08-11 13:25:00,PT5M,80.47,100.0,98.0863,62.8537,46.9985
605,672,355,341,36,0.15,36.1,6.2,232,2026-08-11 13:30:00,PT5M,79.734,100.0,97.4787,61.9893,46.0185
597,663,348,341,36,0.15,36.2,6.3,231,2026-08-11 13:35:00,PT5M,79.047,100.0,96.912,61.182,45.103
590,655,343,340,36,0.15,36.4,6.3,231,2026-08-11 13:40:00,PT5M,78.354,100.0,96.3303,60.3777,44.1985
582,646,338,338,36,0.15,36.7,6.4,231,2026-08-11 13:45:00,PT5M,77.691,100.0,95.7818,59.6002,43.318
574,637,333,336,36,0.15,36.9,6.4,231,2026-08-11 13:50:00,PT5M,77.004,100.0,95.2124,58.7956,42.4075
565,628,328,335,36,0.15,37.2,6.5,231,2026-08-11 13:55:00,PT5M,76.291,100.0,94.6199,57.9621,41.4655
556,618,323,333,36,0.15,37.4,6.6,231,2026-08-11 14:00:00,PT5M,75.55,100.0,94.0029,57.0971,40.489
547,608,318,330,36,0.15,37.7,6.6,231,2026-08-11 14:05:00,PT5M,74.78,100.0,93.3607,56.1993,39.476
538,598,312,328,36,0.15,37.9,6.7,231,2026-08-11 14:10:00,PT5M,73.98,100.0,92.6921,55.2679,38.4265
529,587,307,325,36,0.15,38.2,6.7,231,2026-08-11 14:15:00,PT5M,73.149,100.0,91.9963,54.3017,37.3385
519,577,302,322,35,0.15,38.4,6.8,231,2026-08-11 14:20:00,PT5M,72.287,100.0,91.2741,53.2999,36.211
509,566,296,319,35,0.15,38.7,6.8,231,2026-08-11 14:25:00,PT5M,71.393,100.0,90.524,52.262,35.0435
499,555,291,316,35,0.15,39.0,6.9,231,2026-08-11 14:30:00,PT5M,70.469,100.0,89.7034,51.2346,33.923
489,543,285,313,35,0.15,39.1,6.9,231,2026-08-11 14:35:00,PT5M,69.518,100.0,88.7887,50.2473,32.903
478,532,280,309,35,0.15,39.2,6.9,231,2026-08-11 14:40:00,PT5M,68.581,100.0,87.8738,49.2882,31.924
468,521,275,305,35,0.15,39.3,7.0,231,2026-08-11 14:45:00,PT5M,67.613,100.0,86.9256,48.3004,30.9185
457,509,270,301,35,0.15,39.4,7.0,231,2026-08-11 14:50:00,PT5M,66.613,100.0,85.9422,47.2838,29.887
446,497,265,297,35,0.15,39.5,7.0,231,2026-08-11 14:55:00,PT5M,65.582,100.0,84.9238,46.2402,28.832
435,485,259,292,35,0.15,39.6,7.1,231,2026-08-11 15:00:00,PT5M,64.517,100.0,83.8669,45.1671,27.7515
424,473,254,288,35,0.15,39.7,7.1,231,2026-08-11 15:05:00,PT5M,63.419,100.0,82.7724,44.0656,26.647
413,460,248,283,35,0.15,39.8,7.1,231,2026-08-11 15:10:00,PT5M,62.286,99.0545,81.6375,42.9345,25.5175
402,448,243,278,35,0.15,39.9,7.1,231,2026-08-11 15:15:00,PT5M,61.17,97.917,80.5102,41.8298,24.423
390,436,238,273,35,0.15,40.0,7.2,231,2026-08-11 15:20:00,PT5M,60.06,96.769,79.3802,40.7398,23.351
379,423,234,267,35,0.15,40.0,7.2,231,2026-08-11 15:25:00,PT5M,58.914,95.5715,78.2071,39.6209,22.2565
367,411,228,261,35,0.15,40.1,7.2,231,2026-08-11 15:30:00,PT5M,57.73,94.3195,76.9873,38.4727,21.1405
355,398,224,255,35,0.15,40.3,7.2,231,2026-08-11 15:35:00,PT5M,56.554,93.0225,75.7476,37.3604,20.0855
344,385,219,249,35,0.15,40.6,7.2,231,2026-08-11 15:40:00,PT5M,55.421,91.8335,74.5852,36.2568,19.0085
332,372,215,242,34,0.15,41.0,7.2,231,2026-08-11 15:45:00,PT5M,54.205,90.541,73.3289,35.0811,17.869
320,359,210,236,34,0.15,41.3,7.2,232,2026-08-11 15:50:00,PT5M,52.945,89.1785,72.015,33.875,16.7115
308,346,206,229,34,0.15,41.6,7.1,232,2026-08-11 15:55:00,PT5M,51.631,87.7305,70.6304,32.6316,15.5315
295,333,200,222,34,0.15,41.9,7.1,233,2026-08-11 16:00:00,PT5M,50.259,86.159,69.1534,31.3646,14.359
283,319,195,215,34,0.15,42.2,7.1,233,2026-08-11 16:05:00,PT5M,48.829,84.4445,67.5737,30.0843,13.2135
271,306,190,208,34,0.15,42.5,7.1,233,2026-08-11 16:10:00,PT5M,47.328,82.5875,65.8853,28.7707,12.0685
258,292,184,201,34,0.15,42.8,7.0,234,2026-08-11 16:15:00,PT5M,45.758,80.5965,64.0938,27.4222,10.9195
246,279,178,193,34,0.15,43.2,7.0,234,2026-08-11 16:20:00,PT5M,44.124,78.486,62.209,26.039,9.762
234,265,171,186,34,0.15,43.5,7.0,234,2026-08-11 16:25:00,PT5M,42.429,76.268,60.2387,24.6193,8.59
221,251,165,178,33,0.15,43.8,7.0,235,2026-08-11 16:30:00,PT5M,40.679,73.954,58.1919,23.1661,7.404
209,238,158,171,33,0.15,44.2,6.9,235,2026-08-11 16:35:00,PT5M,38.941,71.5625,56.1099,21.7721,6.3195
197,225,152,163,33,0.15,44.6,6.9,235,2026-08-11 16:40:00,PT5M,36.723,67.3195,52.8262,20.6198,6.1265
185,212,146,155,33,0.15,45.0,6.8,234,2026-08-11 16:45:00,PT5M,34.343,62.8265,49.3341,19.3519,5.8595
173,198,139,147,33,0.15,45.4,6.8,234,2026-08-11 16:50:00,PT5M,31.925,58.339,45.8269,18.0231,5.511
161,185,131,139,33,0.15,45.8,6.7,234,2026-08-11 16:55:00,PT5M,29.486,53.849,42.3084,16.6636,5.123
150,172,123,131,32,0.15,46.2,6.6,233,2026-08-11 17:00:00,PT5M,27.035,49.359,38.7843,15.2857,4.711
138,158,114,123,32,0.15,46.6,6.6,233,2026-08-11 17:05:00,PT5M,24.562,44.864,35.2471,13.8769,4.26
126,145,104,115,32,0.15,47.0,6.5,233,2026-08-11 17:10:00,PT5M,22.102,40.411,31.7382,12.4658,3.793
115,132,93,107,32,0.15,47.5,6.5,233,2026-08-11 17:15:00,PT5M,19.679,36.036,28.2878,11.0702,3.322
104,118,79,99,32,0.15,47.9,6.4,232,2026-08-11 17:20:00,PT5M,17.16,31.644,24.783,9.537,2.676
93,105,63,90,32,0.15,48.3,6.3,232,2026-08-11 17:25:00,PT5M,14.73,27.4065,21.4017,8.0583,2.0535
82,91,45,82,32,0.15,48.8,6.3,232,2026-08-11 17:30:00,PT5M,12.348,23.34,18.1332,6.5628,1.356
72,78,24,74,31,0.15,49.2,6.3,231,2026-08-11 17:35:00,PT5M,9.888,19.2755,14.8287,4.9473,0.5005
63,65,1,65,31,0.15,49.6,6.3,231,2026-08-11 17:40:00,PT5M,7.598,15.4055,11.7071,3.4889,0.0
51,53,0,53,31,0.15,50.1,6.2,230,2026-08-11 17:45:00,PT5M,6.131,12.3705,9.4149,2.8471,0.0
41,42,0,42,31,0.15,50.5,6.2,230,2026-08-11 17:50:00,PT5M,4.704,9.4595,7.2069,2.2011,0.0
31,32,0,32,31,0.15,51.0,6.2,229,2026-08-11 17:55:00,PT5M,3.457,6.8915,5.2646,1.6494,0.0225
23,24,0,24,30,0.15,51.5,6.2,229,2026-08-11 18:00:00,PT5M,2.395,4.6605,3.5873,1.2027,0.1295
15,16,0,16,30,0.15,51.9,6.2,228,2026-08-11 18:05:00,PT5M,1.428,2.7285,2.1125,0.7435,0.1275
9,9,0,9,30,0.15,52.4,6.2,227,2026-08-11 18:10:00,PT5M,0.561,1.191,0.8926,0.2294,0.0
4,4,0,4,30,0.15,52.9,6.2,227,2026-08-11 18:15:00,PT5M,0.0,0.046,0.0242,0.0,0.0
0,0,0,0,30,0.15,53.3,6.2,226,2026-08-11 18:20:00,PT5M,0.0,0.0,0.0,0.0,0.0
0,0,0,0,30,0.15,53.8,6.2,226,2026-08-11 18:25:00,PT5M,0.0,0.0,0.0,0.0,0.0
0,0,0,0,29,0.15,54.3,6.2,225,2026-08-11 18:30:00,PT5M,0.0,0.0,0.0,0.0,0.0
0,0,0,0,29,0.15,54.8,6.2,225,2026-08-11 18:35:00,PT5M,0.0,0.0,0.0,0.0,0.0
0,0,0,0,29,0.15,55.4,6.2,225,2026-08-11 18:40:00,PT5M,0.0,0.0,0.0,0.0,0.0
0,0,0,0,29,0.15,56.0,6.1,224,2026-08-11 18:45:00,PT5M,0.0,0.0,0.0,0.0,0.0
0,0,0,0,29,0.15,56.6,6.1,224,2026-08-11 18:50:00,PT5M,0.0,0.0,0.0,0.0,0.0
0,0,0,0,29,0.15,57.2,6.0,224,2026-08-11 18:55:00,PT5M,0.0,0.0,0.0,0.0,0.0
0,0,0,0,29,0.15,57.8,6.0,223,2026-08-11 19:00:00,PT5M,0.0,0.0,0.0,0.0,0.0
0,0,0,0,29,0.15,58.4,6.0,223,2026-08-11 19:05:00,PT5M,0.0,0.0,0.0,0.0,0.0
0,0,0,0,28,0.15,59.0,5.9,223,2026-08-11 19:10:00,PT5M,0.0,0.0,0.0,0.0,0.0
0,0,0,0,28,0.15,59.6,5.9,223,2026-08-11 19:15:00,PT5M,0.0,0.0,0.0,0.0,0.0
0,0,0,0,28,0.15,60.2,5.8,222,2026-08-11 19:20:00,PT5M,0.0,0.0,0.0,0.0,0.0
0,0,0,0,28,0.15,60.8,5.8,222,2026-08-11 19:25:00,PT5M,0.0,0.0,0.0,0.0,0.0
0,0,0,0,28,0.15,61.5,5.8,222,2026-08-11 19:30:00,PT5M,0.0,0.0,0.0,0.0,0.0
0,0,0,0,28,0.15,62.0,5.7,221,2026-08-11 19:35:00,PT5M,0.0,0.0,0.0,0.0,0.0
0,0,0,0,28,0.15,62.4,5.7,222,2026-08-11 19:40:00,PT5M,0.0,0.0,0.0,0.0,0.0
0,0,0,0,28,0.15,62.7,5.7,222,2026-08-11 19:45:00,PT5M,0.0,0.0,0.0,0.0,0.0
0,0,0,0,28,0.15,63.1,5.7,222,2026-08-11 19:50:00,PT5M,0.0,0.0,0.0,0.0,0.0
0,0,0,0,28,0.15,63.5,5.7,222,2026-08-11 19:55:00,PT5M,0.0,0.0,0.0,0.0,0.0
0,0,0,0,28,0.15,63.9,5.6,222,2026-08-11 20:00:00,PT5M,0.0,0.0,0.0,0.0,0.0
0,0,0,0,28,0.15,64.3,5.6,222,2026-08-11 20:05:00,PT5M,0.0,0.0,0.0,0.0,0.0
0,0,0,0,27,0.15,64.6,5.6,222,2026-08-11 20:10:00,PT5M,0.0,0.0,0.0,0.0,0.0
0,0,0,0,27,0.15,65.0,5.6,222,2026-08-11 20:15:00,PT5M,0.0,0.0,0.0,0.0,0.0
0,0,0,0,27,0.15,65.4,5.6,222,2026-08-11 20:20:00,PT5M,0.0,0.0,0.0,0.0,0.0
0,0,0,0,27,0.15,65.8,5.5,222,2026-08-11 20:25:00,PT5M,0.0,0.0,0.0,0.0,0.0
0,0,0,0,27,0.15,66.2,5.5,222,2026-08-11 20:30:00,PT5M,0.0,0.0,0.0,0.0,0.0
0,0,0,0,27,0.15,66.5,5.5,222,2026-08-11 20:35:00,PT5M,0.0,0.0,0.0,0.0,0.0
0,0,0,0,27,0.15,66.7,5.5,222,2026-08-11 20:40:00,PT5M,0.0,0.0,0.0,0.0,0.0
0,0,0,0,27,0.15,66.8,5.4,223,2026-08-11 20:45:00,PT5M,0.0,0.0,0.0,0.0,0.0
0,0,0,0,27,0.15,67.0,5.4,223,2026-08-11 20:50:00,PT5M,0.0,0.0,0.0,0.0,0.0
0,0,0,0,27,0.15,67.2,5.3,223,2026-08-11 20:55:00,PT5M,0.0,0.0,0.0,0.0,0.0
0,0,0,0,27,0.15,67.3,5.3,223,2026-08-11 21:00:00,PT5M,0.0,0.0,0.0,0.0,0.0
0,0,0,0,27,0.15,67.5,5.2,224,2026-08-11 21:05:00,PT5M,0.0,0.0,0.0,0.0,0.0
0,0,0,0,27,0.15,67.7,5.2,224,2026-08-11 21:10:00,PT5M,0.0,0.0,0.0,0.0,0.0
0,0,0,0,27,0.15,67.8,5.1,224,2026-08-11 21:15:00,PT5M,0.0,0.0,0.0,0.0,0.0
0,0,0,0,27,0.15,68.0,5.1,224,2026-08-11 21:20:00,PT5M,0.0,0.0,0.0,0.0,0.0
0,0,0,0,27,0.15,68.2,5.0,225,2026-08-11 21:25:00,PT5M,0.0,0.0,0.0,0.0,0.0
0,0,0,0,27,0.15,68.3,5.0,225,2026-08-11 21:30:00,PT5M,0.0,0.0,0.0,0.0,0.0
0,0,0,0,27,0.15,68.5,4.9,225,2026-08-11 21:35:00,PT5M,0.0,0.0,0.0,0.0,0.0
0,0,0,0,27,0.15,68.8,4.9,225,2026-08-11 21:40:00,PT5M,0.0,0.0,0.0,0.0,0.0
0,0,0,0,27,0.15,69.0,4.8,225,2026-08-11 21:45:00,PT5M,0.0,0.0,0.0,0.0,0.0
0,0,0,0,27,0.15,69.2,4.7,225,2026-08-11 21:50:00,PT5M,0.0,0.0,0.0,0.0,0.0
0,0,0,0,26,0.15,69.5,4.7,225,2026-08-11 21:55:00,PT5M,0.0,0.0,0.0,0.0,0.0
0,0,0,0,26,0.15,69.7,4.6,225,2026-08-11 22:00:00,PT5M,0.0,0.0,0.0,0.0,0.0
0,0,0,0,26,0.15,69.9,4.6,225,2026-08-11 22:05:00,PT5M,0.0,0.0,0.0,0.0,0.0
0,0,0,0,26,0.15,70.2,4.5,225,2026-08-11 22:10:00,PT5M,0.0,0.0,0.0,0.0,0.0
0,0,0,0,26,0.15,70.4,4.4,225,2026-08-11 22:15:00,PT5M,0.0,0.0,0.0,0.0,0.0
0,0,0,0,26,0.15,70.7,4.4,225,2026-08-11 22:20:00,PT5M,0.0,0.0,0.0,0.0,0.0
0,0,0,0,26,0.15,70.9,4.3,225,2026-08-11 22:25:00,PT5M,0.0,0.0,0.0,0.0,0.0
0,0,0,0,26,0.15,71.2,4.3,225,2026-08-11 22:30:00,PT5M,0.0,0.0,0.0,0.0,0.0
0,0,0,0,26,0.15,71.3,4.2,225,2026-08-11 22:35:00,PT5M,0.0,0.0,0.0,0.0,0.0
0,0,0,0,26,0.15,71.3,4.2,225,2026-08-11 22:40:00,PT5M,0.0,0.0,0.0,0.0,0.0
0,0,0,0,26,0.15,71.3,4.2,226,2026-08-11 22:45:00,PT5M,0.0,0.0,0.0,0.0,0.0
0,0,0,0,26,0.15,71.3,4.2,226,2026-08-11 22:50:00,PT5M,0.0,0.0,0.0,0.0,0.0
0,0,0,0,26,0.15,71.3,4.2,226,2026-08-11 22:55:00,PT5M,0.0,0.0,0.0,0.0,0.0
0,0,0,0,26,0.15,71.3,4.2,226,2026-08-11 23:00:00,PT5M,0.0,0.0,0.0,0.0,0.0
0,0,0,0,26,0.15,71.3,4.2,227,2026-08-11 23:05:00,PT5M,0.0,0.0,0.0,0.0,0.0
0,0,0,0,26,0.15,71.3,4.2,227,2026-08-11 23:10:00,PT5M,0.0,0.0,0.0,0.0,0.0
0,0,0,0,26,0.15,71.3,4.2,227,2026-08-11 23:15:00,PT5M,0.0,0.0,0.0,0.0,0.0
0,0,0,0,26,0.15,71.3,4.2,227,2026-08-11 23:20:00,PT5M,0.0,0.0,0.0,0.0,0.0
0,0,0,0,26,0.15,71.3,4.2,228,2026-08-11 23:25:00,PT5M,0.0,0.0,0.0,0.0,0.0
0,0,0,0,26,0.15,71.3,4.2,228,2026-08-11 23:30:00,PT5M,0.0,0.0,0.0,0.0,0.0
0,0,0,0,26,0.15,71.3,4.2,228,2026-08-11 23:35:00,PT5M,0.0,0.0,0.0,0.0,0.0
0,0,0,0,26,0.15,71.5,4.1,227,2026-08-11 23:40:00,PT5M,0.0,0.0,0.0,0.0,0.0
0,0,0,0,26,0.15,71.6,4.1,227,2026-08-11 23:45:00,PT5M,0.0,0.0,0.0,0.0,0.0
0,0,0,0,26,0.15,71.7,4.1,227,2026-08-11 23:50:00,PT5M,0.0,0.0,0.0,0.0,0.0
0,0,0,0,26,0.15,71.9,4.1,226,2026-08-11 23:55:00,PT5M,0.0,0.0,0.0,0.0,0.0
0,0,0,0,26,0.15,72.0,4.1,226,2026-08-12 00:00:00,PT5M,0.0,0.0,0.0,0.0,0.0
0,0,0,0,26,0.15,72.2,4.1,225,2026-08-12 00:05:00,PT5M,0.0,0.0,0.0,0.0,0.0
0,0,0,0,26,0.15,72.3,4.0,225,2026-08-12 00:10:00,PT5M,0.0,0.0,0.0,0.0,0.0
0,0,0,0,26,0.15,72.5,4.0,224,2026-08-12 00:15:00,PT5M,0.0,0.0,0.0,0.0,0.0
0,0,0,0,26,0.15,72.6,4.0,224,2026-08-12 00:20:00,PT5M,0.0,0.0,0.0,0.0,0.0
0,0,0,0,26,0.15,72.7,4.0,224,2026-08-12 00:25:00,PT5M,0.0,0.0,0.0,0.0,0.0
0,0,0,0,25,0.15,72.9,4.0,223,2026-08-12 00:30:00,PT5M,0.0,0.0,0.0,0.0,0.0
0,0,0,0,25,0.15,73.1,4.0,223,2026-08-12 00:35:00,PT5M,0.0,0.0,0.0,0.0,0.0
0,0,0,0,25,0.15,73.2,4.0,223,2026-08-12 00:40:00,PT5M,0.0,0.0,0.0,0.0,0.0
0,0,0,0,25,0.15,73.4,3.9,224,2026-08-12 00:45:00,PT5M,0.0,0.0,0.0,0.0,0.0
0,0,0,0,25,0.15,73.6,3.9,224,2026-08-12 00:50:00,PT5M,0.0,0.0,0.0,0.0,0.0
0,0,0,0,25,0.15,73.8,3.9,224,2026-08-12 00:55:00,PT5M,0.0,0.0,0.0,0.0,0.0
0,0,0,0,25,0.15,74.0,3.9,224,2026-08-12 01:00:00,PT5M,0.0,0.0,0.0,0.0,0.0
0,0,0,0,25,0.15,74.2,3.9,225,2026-08-12 01:05:00,PT5M,0.0,0.0,0.0,0.0,0.0
0,0,0,0,25,0.15,74.4,3.9,225,2026-08-12 01:10:00,PT5M,0.0,0.0,0.0,0.0,0.0
0,0,0,0,25,0.15,74.5,3.9,225,2026-08-12 01:15:00,PT5M,0.0,0.0,0.0,0.0,0.0
0,0,0,0,25,0.15,74.7,3.9,225,2026-08-12 01:20:00,PT5M,0.0,0.0,0.0,0.0,0.0
0,0,0,0,25,0.15,74.9,3.9,226,2026-08-12 01:25:00,PT5M,0.0,0.0,0.0,0.0,0.0
0,0,0,0,25,0.15,75.1,3.9,226,2026-08-12 01:30:00,PT5M,0.0,0.0,0.0,0.0,0.0
0,0,0,0,25,0.15,75.2,3.9,226,2026-08-12 01:35:00,PT5M,0.0,0.0,0.0,0.0,0.0
0,0,0,0,25,0.15,75.1,3.9,226,2026-08-12 01:40:00,PT5M,0.0,0.0,0.0,0.0,0.0
0,0,0,0,25,0.15,75.0,3.9,226,2026-08-12 01:45:00,PT5M,0.0,0.0,0.0,0.0,0.0
0,0,0,0,25,0.15,74.9,3.9,225,2026-08-12 01:50:00,PT5M,0.0,0.0,0.0,0.0,0.0
0,0,0,0,25,0.15,74.9,3.9,225,2026-08-12 01:55:00,PT5M,0.0,0.0,0.0,0.0,0.0
0,0,0,0,25,0.15,74.8,3.9,225,2026-08-12 02:00:00,PT5M,0.0,0.0,0.0,0.0,0.0
0,0,0,0,25,0.15,74.7,3.9,225,2026-08-12 02:05:00,PT5M,0.0,0.0,0.0,0.0,0.0
0,0,0,0,25,0.15,74.6,3.9,225,2026-08-12 02:10:00,PT5M,0.0,0.0,0.0,0.0,0.0
0,0,0,0,25,0.15,74.5,3.9,225,2026-08-12 02:15:00,PT5M,0.0,0.0,0.0,0.0,0.0
0,0,0,0,25,0.15,74.5,3.9,224,2026-08-12 02:20:00,PT5M,0.0,0.0,0.0,0.0,0.0
0,0,0,0,25,0.15,74.4,3.9,224,2026-08-12 02:25:00,PT5M,0.0,0.0,0.0,0.0,0.0
0,0,0,0,25,0.15,74.3,3.9,224,2026-08-12 02:30:00,PT5M,0.0,0.0,0.0,0.0,0.0
0,0,0,0,25,0.15,74.3,3.9,224,2026-08-12 02:35:00,PT5M,0.0,0.0,0.0,0.0,0.0
0,0,0,0,25,0.15,74.2,3.9,224,2026-08-12 02:40:00,PT5M,0.0,0.0,0.0,0.0,0.0
0,0,0,0,25,0.15,74.2,3.9,224,2026-08-12 02:45:00,PT5M,0.0,0.0,0.0,0.0,0.0
0,0,0,0,25,0.15,74.1,3.8,225,2026-08-12 02:50:00,PT5M,0.0,0.0,0.0,0.0,0.0
0,0,0,0,25,0.15,74.1,3.8,225,2026-08-12 02:55:00,PT5M,0.0,0.0,0.0,0.0,0.0
0,0,0,0,25,0.15,74.1,3.8,225,2026-08-12 03:00:00,PT5M,0.0,0.0,0.0,0.0,0.0
0,0,0,0,25,0.15,74.0,3.8,225,2026-08-12 03:05:00,PT5M,0.0,0.0,0.0,0.0,0.0
0,0,0,0,25,0.15,74.0,3.8,225,2026-08-12 03:10:00,PT5M,0.0,0.0,0.0,0.0,0.0
0,0,0,0,25,0.15,73.9,3.8,225,2026-08-12 03:15:00,PT5M,0.0,0.0,0.0,0.0,0.0
0,0,0,0,25,0.15,73.9,3.8,226,2026-08-12 03:20:00,PT5M,0.0,0.0,0.0,0.0,0.0
0,0,0,0,25,0.15,73.9,3.8,226,2026-08-12 03:25:00,PT5M,0.0,0.0,0.0,0.0,0.0
0,0,0,0,25,0.15,73.8,3.8,226,2026-08-12 03:30:00,PT5M,0.0,0.0,0.0,0.0,0.0
0,0,0,0,25,0.15,73.8,3.7,226,2026-08-12 03:35:00,PT5M,0.0,0.0,0.0,0.0,0.0
0,0,0,0,25,0.15,73.9,3.7,226,2026-08-12 03:40:00,PT5M,0.0,0.0,0.0,0.0,0.0
0,0,0,0,25,0.15,74.0,3.7,225,2026-08-12 03:45:00,PT5M,0.0,0.0,0.0,0.0,0.0
0,0,0,0,25,0.15,74.1,3.7,225,2026-08-12 03:50:00,PT5M,0.0,0.0,0.0,0.0,0.0
0,0,0,0,25,0.15,74.1,3.7,224,2026-08-12 03:55:00,PT5M,0.0,0.0,0.0,0.0,0.0
0,0,0,0,25,0.15,74.2,3.7,224,2026-08-12 04:00:00,PT5M,0.0,0.0,0.0,0.0,0.0
0,0,0,0,25,0.15,74.3,3.7,224,2026-08-12 04:05:00,PT5M,0.0,0.0,0.0,0.0,0.0
0,0,0,0,25,0.15,74.4,3.7,223,2026-08-12 04:10:00,PT5M,0.0,0.0,0.0,0.0,0.0
0,0,0,0,25,0.15,74.4,3.7,223,2026-08-12 04:15:00,PT5M,0.0,0.0,0.0,0.0,0.0
0,0,0,0,25,0.15,74.5,3.8,223,2026-08-12 04:20:00,PT5M,0.0,0.0,0.0,0.0,0.0
0,0,0,0,25,0.15,74.6,3.8,222,2026-08-12 04:25:00,PT5M,0.0,0.0,0.0,0.0,0.0
0,0,0,0,25,0.15,74.7,3.8,222,2026-08-12 04:30:00,PT5M,0.0,0.0,0.0,0.0,0.0
0,0,0,0,25,0.15,74.7,3.8,222,2026-08-12 04:35:00,PT5M,0.0,0.0,0.0,0.0,0.0
0,0,0,0,25,0.15,74.8,3.7,222,2026-08-12 04:40:00,PT5M,0.0,0.0,0.0,0.0,0.0
0,0,0,0,25,0.15,74.9,3.7,222,2026-08-12 04:45:00,PT5M,0.0,0.0,0.0,0.0,0.0
0,0,0,0,25,0.15,75.0,3.7,223,2026-08-12 04:50:00,PT5M,0.0,0.0,0.0,0.0,0.0
0,0,0,0,25,0.15,75.0,3.7,223,2026-08-12 04:55:00,PT5M,0.0,0.0,0.0,0.0,0.0
0,0,0,0,25,0.15,75.1,3.7,223,2026-08-12 05:00:00,PT5M,0.0,0.0,0.0,0.0,0.0
0,0,0,0,25,0.15,75.2,3.7,223,2026-08-12 05:05:00,PT5M,0.0,0.0,0.0,0.0,0.0
0,0,0,0,25,0.15,75.3,3.7,224,2026-08-12 05:10:00,PT5M,0.0,0.0,0.0,0.0,0.0
0,0,0,0,25,0.15,75.4,3.7,224,2026-08-12 05:15:00,PT5M,0.0,0.0,0.0,0.0,0.0
0,0,0,0,25,0.15,75.4,3.7,224,2026-08-12 05:20:00,PT5M,0.0,0.0,0.0,0.0,0.0
0,0,0,0,25,0.15,75.5,3.7,225,2026-08-12 05:25:00,PT5M,0.0,0.0,0.0,0.0,0.0
0,0,0,0,25,0.15,75.6,3.7,225,2026-08-12 05:30:00,PT5M,0.0,0.0,0.0,0.0,0.0
0,0,0,0,25,0.15,75.6,3.7,225,2026-08-12 05:35:00,PT5M,0.0,0.0,0.0,0.0,0.0
0,0,0,0,25,0.15,75.7,3.7,224,2026-08-12 05:40:00,PT5M,0.0,0.0,0.0,0.0,0.0
0,0,0,0,25,0.15,75.7,3.7,224,2026-08-12 05:45:00,PT5M,0.0,0.0,0.0,0.0,0.0
0,0,0,0,25,0.15,75.8,3.7,224,2026-08-12 05:50:00,PT5M,0.0,0.0,0.0,0.0,0.0
0,0,0,0,25,0.15,75.8,3.7,223,2026-08-12 05:55:00,PT5M,0.0,0.0,0.0,0.0,0.0
0,0,0,0,25,0.15,75.8,3.7,223,2026-08-12 06:00:00,PT5M,0.0,0.0,0.0,0.0,0.0
0,0,0,0,25,0.15,75.9,3.7,223,2026-08-12 06:05:00,PT5M,0.0,0.0,0.0,0.0,0.0
6,6,0,6,25,0.15,75.9,3.7,222,2026-08-12 06:10:00,PT5M,0.098,0.2825,0.1951,0.0009,0.0
12,13,0,13,25,0.15,76.0,3.7,222,2026-08-12 06:15:00,PT5M,1.029,1.7615,1.4145,0.6435,0.2965
20,21,0,21,25,0.15,76.0,3.7,222,2026-08-12 06:20:00,PT5M,2.062,3.427,2.7804,1.3436,0.697
28,29,0,29,25,0.15,76.1,3.7,221,2026-08-12 06:25:00,PT5M,3.186,5.6745,4.4957,1.8763,0.6975
38,39,0,39,25,0.15,76.1,3.7,221,2026-08-12 06:30:00,PT5M,4.407,8.09,6.3454,2.4686,0.724
48,50,7,49,25,0.15,75.8,3.7,221,2026-08-12 06:35:00,PT5M,6.027,11.095,8.6943,3.3597,0.959
56,63,38,57,25,0.15,75.2,3.8,222,2026-08-12 06:40:00,PT5M,8.463,15.033,11.9208,5.0052,1.893
65,77,70,65,25,0.15,74.5,3.8,223,2026-08-12 06:45:00,PT5M,11.247,19.379,15.5269,6.9671,3.115
75,92,103,73,26,0.15,73.9,3.9,224,2026-08-12 06:50:00,PT5M,14.42,24.0905,19.5097,9.3303,4.7495
86,108,138,79,26,0.15,73.3,4.0,224,2026-08-12 06:55:00,PT5M,18.02,29.1945,23.9012,12.1388,6.8455
98,125,174,85,26,0.15,72.7,4.0,225,2026-08-12 07:00:00,PT5M,21.916,34.6645,28.6256,15.2064,9.1675
111,144,211,91,26,0.15,72.1,4.1,226,2026-08-12 07:05:00,PT5M,26.204,40.558,33.7586,18.6494,11.85
125,162,245,95,26,0.15,71.5,4.2,227,2026-08-12 07:10:00,PT5M,30.643,46.676,39.0813,22.2047,14.61
139,180,276,100,26,0.15,70.9,4.2,227,2026-08-12 07:15:00,PT5M,35.22,52.9735,44.5638,25.8762,17.4665
154,200,308,104,26,0.15,70.3,4.3,228,2026-08-12 07:20:00,PT5M,40.076,59.5605,50.3308,29.8212,20.5915
169,219,339,107,26,0.15,69.7,4.4,229,2026-08-12 07:25:00,PT5M,45.127,66.3475,56.2955,33.9585,23.9065
185,240,371,109,27,0.15,69.1,4.4,229,2026-08-12 07:30:00,PT5M,50.377,73.3285,62.4565,38.2975,27.4255
201,259,395,112,27,0.15,68.2,4.5,230,2026-08-12 07:35:00,PT5M,55.158,79.9075,68.1838,42.1322,30.4085
216,277,409,117,27,0.15,67.1,4.5,230,2026-08-12 07:40:00,PT5M,59.337,85.981,73.3599,45.3141,32.693
232,294,423,121,27,0.15,66.0,4.5,230,2026-08-12 07:45:00,PT5M,63.564,92.178,78.6238,48.5042,34.95
248,312,436,125,27,0.15,64.9,4.6,230,2026-08-12 07:50:00,PT5M,66.907,96.903,82.6941,51.1199,36.911
263,330,448,129,28,0.15,63.8,4.6,230,2026-08-12 07:55:00,PT5M,69.013,99.439,85.0264,52.9996,38.587
279,348,461,133,28,0.15,62.7,4.6,231,2026-08-12 08:00:00,PT5M,71.033,100.0,87.2506,54.8154,40.219
295,366,473,136,28,0.15,61.7,4.7,231,2026-08-12 08:05:00,PT5M,72.959,100.0,89.3574,56.5606,41.8015
311,383,484,140,28,0.15,60.7,4.7,231,2026-08-12 08:10:00,PT5M,74.78,100.0,91.3326,58.2274,43.3295
327,401,495,143,28,0.15,59.6,4.7,231,2026-08-12 08:15:00,PT5M,76.483,100.0,93.1575,59.8085,44.801
343,418,505,146,29,0.15,58.7,4.8,231,2026-08-12 08:20:00,PT5M,78.055,100.0,94.8145,61.2955,46.2115
359,436,515,149,29,0.15,57.7,4.8,231,2026-08-12 08:25:00,PT5M,79.49,100.0,96.2831,62.6969,47.5825
374,453,525,152,29,0.15,56.7,4.8,232,2026-08-12 08:30:00,PT5M,80.845,100.0,97.5918,64.0982,49.0255
389,469,531,155,29,0.15,55.8,4.9,232,2026-08-12 08:35:00,PT5M,81.784,100.0,98.5198,65.0482,49.9855
404,484,533,160,30,0.15,54.9,4.9,232,2026-08-12 08:40:00,PT5M,82.432,100.0,99.1362,65.7278,50.6935
418,499,535,165,30,0.15,54.0,5.0,232,2026-08-12 08:45:00,PT5M,83.028,100.0,99.6927,66.3633,51.3645
431,513,536,169,30,0.15,53.1,5.0,233,2026-08-12 08:50:00,PT5M,83.576,100.0,100.0,66.956,51.9975
445,527,538,174,30,0.15,52.2,5.0,233,2026-08-12 08:55:00,PT5M,84.083,100.0,100.0,67.5085,52.591
458,541,538,179,30,0.15,51.3,5.1,233,2026-08-12 09:00:00,PT5M,84.555,100.0,100.0,68.0295,53.156
471,554,539,183,31,0.15,50.5,5.1,233,2026-08-12 09:05:00,PT5M,84.996,100.0,100.0,68.5221,53.695
483,567,539,188,31,0.15,49.6,5.2,234,2026-08-12 09:10:00,PT5M,85.407,100.0,100.0,68.9867,54.208
496,580,541,192,31,0.15,48.8,5.2,234,2026-08-12 09:15:00,PT5M,85.874,100.0,100.0,69.518,54.797
508,593,542,196,31,0.15,48.0,5.3,234,2026-08-12 09:20:00,PT5M,86.35,100.0,100.0,70.0629,55.404
520,606,544,200,31,0.15,47.2,5.3,234,2026-08-12 09:25:00,PT5M,86.798,100.0,100.0,70.5806,55.9845
532,618,545,204,32,0.15,46.5,5.4,235,2026-08-12 09:30:00,PT5M,87.22,100.0,100.0,71.0724,56.539
544,631,549,207,32,0.15,45.8,5.4,235,2026-08-12 09:35:00,PT5M,87.825,100.0,100.0,71.7697,57.3195
557,645,556,208,32,0.15,45.3,5.4,235,2026-08-12 09:40:00,PT5M,88.607,100.0,100.0,72.7131,58.408
570,659,563,209,32,0.15,44.8,5.4,235,2026-08-12 09:45:00,PT5M,89.36,100.0,100.0,73.6874,59.5815
582,672,570,210,32,0.15,44.3,5.4,235,2026-08-12 09:50:00,PT5M,90.084,100.0,100.0,74.6261,60.7135
594,686,577,211,32,0.15,43.8,5.4,235,2026-08-12 09:55:00,PT5M,90.763,100.0,100.0,75.5109,61.7835
606,698,583,212,33,0.15,43.4,5.4,235,2026-08-12 10:00:00,PT5M,91.376,100.0,100.0,76.3184,62.766
617,710,589,212,33,0.15,42.9,5.4,235,2026-08-12 10:05:00,PT5M,91.965,100.0,100.0,77.095,63.7115
628,722,594,213,33,0.15,42.4,5.4,235,2026-08-12 10:10:00,PT5M,92.528,100.0,100.0,77.8364,64.6135
639,734,600,214,33,0.15,41.9,5.4,235,2026-08-12 10:15:00,PT5M,93.066,100.0,100.0,78.5452,65.476
649,745,605,214,33,0.15,41.5,5.4,235,2026-08-12 10:20:00,PT5M,93.579,100.0,100.0,79.2219,66.3
659,755,610,215,33,0.15,41.0,5.4,235,2026-08-12 10:25:00,PT5M,94.067,100.0,100.0,79.8664,67.0855
669,766,615,215,33,0.15,40.6,5.4,235,2026-08-12 10:30:00,PT5M,94.53,100.0,100.0,80.4794,67.8335
677,775,618,216,34,0.15,40.2,5.4,235,2026-08-12 10:35:00,PT5M,94.842,100.0,100.0,80.9093,68.3695
684,782,618,219,34,0.15,39.9,5.4,234,2026-08-12 10:40:00,PT5M,95.012,100.0,100.0,81.1667,68.7055
691,790,617,221,34,0.15,39.6,5.3,234,2026-08-12 10:45:00,PT5M,95.164,100.0,100.0,81.4003,69.0125
698,796,617,224,34,0.15,39.3,5.3,233,2026-08-12 10:50:00,PT5M,95.296,100.0,100.0,81.6083,69.289
704,803,617,226,34,0.15,39.0,5.3,233,2026-08-12 10:55:00,PT5M,95.407,100.0,100.0,81.7883,69.531
710,808,616,228,34,0.15,38.7,5.3,232,2026-08-12 11:00:00,PT5M,95.497,100.0,100.0,81.9388,69.736
715,814,615,230,34,0.15,38.5,5.3,232,2026-08-12 11:05:00,PT5M,95.564,100.0,100.0,82.0566,69.8995
720,819,614,233,35,0.15,38.2,5.2,231,2026-08-12 11:10:00,PT5M,95.603,100.0,100.0,82.1206,69.986
724,823,614,235,35,0.15,37.9,5.2,231,2026-08-12 11:15:00,PT5M,95.632,100.0,100.0,82.182,70.0765
728,827,612,237,35,0.15,37.6,5.2,230,2026-08-12 11:20:00,PT5M,95.647,100.0,100.0,82.2351,70.164
732,831,611,239,35,0.15,37.3,5.2,230,2026-08-12 11:25:00,PT5M,95.642,100.0,100.0,82.2588,70.2135
735,834,610,241,35,0.15,37.1,5.2,229,2026-08-12 11:30:00,PT5M,95.614,100.0,100.0,82.2432,70.209
737,836,607,243,35,0.15,36.8,5.2,229,2026-08-12 11:35:00,PT5M,95.514,100.0,100.0,82.1605,70.142
739,837,603,246,35,0.15,36.6,5.2,229,2026-08-12 11:40:00,PT5M,95.344,100.0,100.0,82.0132,70.015
740,837,599,249,35,0.15,36.5,5.2,229,2026-08-12 11:45:00,PT5M,95.155,100.0,100.0,81.8405,69.857
740,838,595,252,35,0.15,36.3,5.2,229,2026-08-12 11:50:00,PT5M,94.946,100.0,100.0,81.6404,69.665
740,837,591,254,36,0.15,36.1,5.3,229,2026-08-12 11:55:00,PT5M,94.715,100.0,100.0,81.4105,69.436
740,836,587,257,36,0.15,35.9,5.3,229,2026-08-12 12:00:00,PT5M,94.463,100.0,100.0,81.1516,69.171
739,835,582,260,36,0.15,35.7,5.3,229,2026-08-12 12:05:00,PT5M,94.188,100.0,100.0,80.8619,68.868
737,833,577,262,36,0.15,35.6,5.3,229,2026-08-12 12:10:00,PT5M,93.889,100.0,100.0,80.54,68.5255
736,831,572,265,36,0.15,35.4,5.3,229,2026-08-12 12:15:00,PT5M,93.637,100.0,100.0,80.257,68.2145
733,828,567,268,36,0.15,35.2,5.3,229,2026-08-12 12:20:00,PT5M,93.394,100.0,100.0,79.9747,67.897
731,824,562,270,36,0.15,35.0,5.4,229,2026-08-12 12:25:00,PT5M,93.126,100.0,100.0,79.6594,67.539
727,821,556,272,36,0.15,34.9,5.4,229,2026-08-12 12:30:00,PT5M,92.833,100.0,100.0,79.3114,67.1415
722,814,547,276,36,0.15,34.8,5.4,230,2026-08-12 12:35:00,PT5M,92.312,100.0,100.0,78.6699,66.3915
715,805,533,282,36,0.15,34.8,5.5,230,2026-08-12 12:40:00,PT5M,91.561,100.0,100.0,77.7341,65.2895
707,796,519,288,36,0.15,34.8,5.5,230,2026-08-12 12:45:00,PT5M,90.852,100.0,100.0,76.8354,64.22
699,786,505,293,36,0.15,34.8,5.5,230,2026-08-12 12:50:00,PT5M,90.056,100.0,100.0,75.8444,63.0535
691,776,491,298,36,0.15,34.8,5.6,231,2026-08-12 12:55:00,PT5M,89.233,100.0,100.0,74.8209,61.8495
682,766,478,303,36,0.15,34.8,5.6,231,2026-08-12 13:00:00,PT5M,88.381,100.0,100.0,73.7615,60.6035
674,755,465,308,36,0.15,34.8,5.7,231,2026-08-12 13:05:00,PT5M,87.492,100.0,100.0,72.6515,59.2945
664,744,451,312,36,0.15,34.8,5.7,231,2026-08-12 13:10:00,PT5M,86.576,100.0,100.0,71.5139,57.9575
655,732,438,315,36,0.15,34.8,5.8,232,2026-08-12 13:15:00,PT5M,85.649,100.0,100.0,70.3766,56.631
645,721,425,318,36,0.15,34.8,5.8,232,2026-08-12 13:20:00,PT5M,84.696,100.0,100.0,69.2118,55.2755
635,709,412,321,36,0.15,34.8,5.9,232,2026-08-12 13:25:00,PT5M,83.695,100.0,99.4071,67.9829,53.8415
625,697,400,324,36,0.15,34.8,5.9,232,2026-08-12 13:30:00,PT5M,82.658,100.0,98.603,66.713,52.362
615,685,389,325,36,0.15,34.9,5.9,233,2026-08-12 13:35:00,PT5M,81.71,100.0,97.8692,65.5508,51.007
605,675,379,326,36,0.15,35.1,5.9,233,2026-08-12 13:40:00,PT5M,80.851,100.0,97.2049,64.4971,49.778
596,663,370,327,36,0.15,35.4,6.0,233,2026-08-12 13:45:00,PT5M,79.96,100.0,96.5108,63.4092,48.513
586,652,361,327,36,0.15,35.6,6.0,233,2026-08-12 13:50:00,PT5M,79.04,100.0,95.7897,62.2903,47.215
576,641,352,326,36,0.15,35.9,6.0,233,2026-08-12 13:55:00,PT5M,78.091,100.0,95.0418,61.1402,45.884
565,629,343,326,36,0.15,36.1,6.0,233,2026-08-12 14:00:00,PT5M,77.048,100.0,94.2022,59.8938,44.4545
555,617,334,325,36,0.15,36.4,6.0,233,2026-08-12 14:05:00,PT5M,76.036,100.0,93.3962,58.6758,43.051
544,605,325,324,35,0.15,36.6,6.0,233,2026-08-12 14:10:00,PT5M,74.991,100.0,92.5597,57.4223,41.61
533,592,316,323,35,0.15,36.9,6.0,233,2026-08-12 14:15:00,PT5M,73.912,100.0,91.6914,56.1326,40.1305
522,580,307,321,35,0.15,37.1,6.0,233,2026-08-12 14:20:00,PT5M,72.796,100.0,90.7894,54.8026,38.608
511,567,298,320,35,0.15,37.4,6.1,234,2026-08-12 14:25:00,PT5M,71.644,100.0,89.8545,53.4335,37.0435
499,554,289,317,35,0.15,37.7,6.1,234,2026-08-12 14:30:00,PT5M,70.459,100.0,88.819,52.099,35.5745
488,541,279,315,35,0.15,37.9,6.1,234,2026-08-12 14:35:00,PT5M,69.194,100.0,87.6674,50.7206,34.094
476,527,270,313,35,0.15,38.2,6.1,234,2026-08-12 14:40:00,PT5M,67.89,100.0,86.4715,49.3085,32.5845
464,514,261,310,35,0.15,38.5,6.1,234,2026-08-12 14:45:00,PT5M,66.551,100.0,85.2357,47.8663,31.0495
451,500,251,307,35,0.15,38.8,6.0,234,2026-08-12 14:50:00,PT5M,65.177,100.0,83.9585,46.3955,29.4915
439,486,242,303,34,0.15,39.0,6.0,234,2026-08-12 14:55:00,PT5M,63.767,99.623,82.6383,44.8957,27.911
427,472,233,299,34,0.15,39.3,6.0,234,2026-08-12 15:00:00,PT5M,62.32,98.3335,81.2742,43.3658,26.3065
414,458,223,295,34,0.15,39.6,6.0,235,2026-08-12 15:05:00,PT5M,60.836,96.9905,79.8644,41.8076,24.6815
402,444,214,291,34,0.15,39.9,6.0,235,2026-08-12 15:10:00,PT5M,59.339,95.6185,78.4332,40.2448,23.0595
390,430,205,287,34,0.15,40.2,6.0,235,2026-08-12 15:15:00,PT5M,57.835,94.216,76.9826,38.6874,21.454
377,416,197,282,34,0.15,40.5,6.0,235,2026-08-12 15:20:00,PT5M,56.333,92.791,75.5211,37.1449,19.875
365,403,189,276,34,0.15,40.7,6.0,235,2026-08-12 15:25:00,PT5M,54.792,91.307,74.0101,35.5739,18.277
353,389,180,271,34,0.15,41.0,6.0,235,2026-08-12 15:30:00,PT5M,53.213,89.705,72.419,34.007,16.721
341,376,174,265,34,0.15,41.2,6.0,235,2026-08-12 15:35:00,PT5M,51.779,88.2825,70.9911,32.5669,15.2755
329,363,170,258,34,0.15,41.4,6.1,236,2026-08-12 15:40:00,PT5M,50.488,86.99,69.6993,31.2767,13.986
318,351,166,251,34,0.15,41.5,6.1,236,2026-08-12 15:45:00,PT5M,49.162,85.641,68.3612,29.9628,12.683
306,338,161,243,34,0.15,41.6,6.2,236,2026-08-12 15:50:00,PT5M,47.8,84.229,66.9728,28.6272,11.371
294,325,156,236,34,0.15,41.7,6.3,236,2026-08-12 15:55:00,PT5M,46.395,82.7415,65.5244,27.2656,10.0485
282,312,151,229,34,0.15,41.8,6.3,236,2026-08-12 16:00:00,PT5M,44.955,81.1495,64.0044,25.9056,8.7605
270,299,146,221,33,0.15,42.0,6.4,237,2026-08-12 16:05:00,PT5M,43.477,79.437,62.403,24.551,7.517
259,286,141,213,33,0.15,42.1,6.4,237,2026-08-12 16:10:00,PT5M,41.945,77.599,60.71,23.18,6.291
247,273,136,206,33,0.15,42.2,6.5,237,2026-08-12 16:15:00,PT5M,40.361,75.648,58.9328,21.7892,5.074
235,260,131,198,33,0.15,42.3,6.6,237,2026-08-12 16:20:00,PT5M,38.729,73.598,57.0808,20.3772,3.86
223,247,125,190,33,0.15,42.4,6.6,237,2026-08-12 16:25:00,PT5M,37.054,71.461,55.1627,18.9453,2.647
211,234,119,182,33,0.15,42.6,6.7,238,2026-08-12 16:30:00,PT5M,35.34,69.247,53.1855,17.4945,1.433
200,222,114,173,33,0.15,42.9,6.7,238,2026-08-12 16:35:00,PT5M,33.692,67.008,51.2264,16.1576,0.376
188,210,109,165,33,0.15,43.6,6.6,237,2026-08-12 16:40:00,PT5M,31.84,63.045,48.2634,15.4166,0.635
177,197,104,157,33,0.15,44.2,6.5,237,2026-08-12 16:45:00,PT5M,29.845,58.9705,45.174,14.516,0.7195
166,185,98,149,32,0.15,44.9,6.4,237,2026-08-12 16:50:00,PT5M,27.798,54.8785,42.0507,13.5453,0.7175
155,173,92,141,32,0.15,45.5,6.3,237,2026-08-12 16:55:00,PT5M,25.842,50.89,39.0249,12.6591,0.794
144,160,86,132,32,0.15,46.2,6.2,237,2026-08-12 17:00:00,PT5M,23.735,46.755,35.8506,11.6194,0.715
133,148,78,124,32,0.15,46.9,6.0,237,2026-08-12 17:05:00,PT5M,21.597,42.601,32.6516,10.5424,0.593
122,136,70,116,32,0.15,47.6,5.9,236,2026-08-12 17:10:00,PT5M,19.464,38.4735,29.4688,9.4592,0.4545
111,123,62,107,31,0.15,48.3,5.8,236,2026-08-12 17:15:00,PT5M,17.358,34.408,26.3315,8.3845,0.308
101,111,50,99,31,0.15,49.1,5.7,236,2026-08-12 17:20:00,PT5M,15.15,30.315,23.1314,7.1686,0.0
90,98,36,90,31,0.15,49.8,5.6,236,2026-08-12 17:25:00,PT5M,12.988,26.36,20.0258,5.9502,0.0
80,86,22,81,31,0.15,50.5,5.5,236,2026-08-12 17:30:00,PT5M,10.895,22.5515,17.0299,4.7601,0.0
70,74,5,73,30,0.15,51.3,5.5,235,2026-08-12 17:35:00,PT5M,8.753,18.6965,13.9863,3.5197,0.0
60,62,0,62,30,0.15,52.2,5.5,234,2026-08-12 17:40:00,PT5M,7.163,15.417,11.5071,2.8189,0.0
49,50,0,50,30,0.15,53.1,5.5,233,2026-08-12 17:45:00,PT5M,5.809,12.3895,9.2724,2.3456,0.0
39,40,0,40,30,0.15,53.9,5.5,232,2026-08-12 17:50:00,PT5M,4.461,9.4605,7.0923,1.8297,0.0
30,31,0,31,29,0.15,54.8,5.6,231,2026-08-12 17:55:00,PT5M,3.285,6.8815,5.1779,1.3921,0.0
22,23,0,23,29,0.15,55.8,5.6,230,2026-08-12 18:00:00,PT5M,2.269,4.604,3.4979,1.0401,0.0
15,15,0,15,29,0.15,56.7,5.6,229,2026-08-12 18:05:00,PT5M,1.335,2.652,2.0281,0.6419,0.018
9,9,0,9,29,0.15,57.6,5.6,228,2026-08-12 18:10:00,PT5M,0.493,1.099,0.8119,0.1741,0.0
3,3,0,3,28,0.15,58.6,5.7,227,2026-08-12 18:15:00,PT5M,0.0,0.0195,0.0103,0.0,0.0
0,0,0,0,28,0.15,59.6,5.7,226,2026-08-12 18:20:00,PT5M,0.0,0.0,0.0,0.0,0.0
0,0,0,0,28,0.15,60.6,5.7,225,2026-08-12 18:25:00,PT5M,0.0,0.0,0.0,0.0,0.0
0,0,0,0,28,0.15,61.6,5.8,224,2026-08-12 18:30:00,PT5M,0.0,0.0,0.0,0.0,0.0
0,0,0,0,28,0.15,62.3,5.8,224,2026-08-12 18:35:00,PT5M,0.0,0.0,0.0,0.0,0.0
0,0,0,0,28,0.15,62.6,5.7,224,2026-08-12 18:40:00,PT5M,0.0,0.0,0.0,0.0,0.0
0,0,0,0,27,0.15,63.0,5.6,224,2026-08-12 18:45:00,PT5M,0.0,0.0,0.0,0.0,0.0
0,0,0,0,27,0.15,63.3,5.6,224,2026-08-12 18:50:00,PT5M,0.0,0.0,0.0,0.0,0.0
0,0,0,0,27,0.15,63.7,5.5,224,2026-08-12 18:55:00,PT5M,0.0,0.0,0.0,0.0,0.0
0,0,0,0,27,0.15,64.0,5.4,224,2026-08-12 19:00:00,PT5M,0.0,0.0,0.0,0.0,0.0
0,0,0,0,27,0.15,64.4,5.3,223,2026-08-12 19:05:00,PT5M,0.0,0.0,0.0,0.0,0.0
0,0,0,0,27,0.15,64.7,5.3,223,2026-08-12 19:10:00,PT5M,0.0,0.0,0.0,0.0,0.0
0,0,0,0,27,0.15,65.1,5.2,223,2026-08-12 19:15:00,PT5M,0.0,0.0,0.0,0.0,0.0
0,0,0,0,27,0.15,65.4,5.1,223,2026-08-12 19:20:00,PT5M,0.0,0.0,0.0,0.0,0.0
0,0,0,0,27,0.15,65.8,5.1,223,2026-08-12 19:25:00,PT5M,0.0,0.0,0.0,0.0,0.0
0,0,0,0,27,0.15,66.2,5.0,223,2026-08-12 19:30:00,PT5M,0.0,0.0,0.0,0.0,0.0
0,0,0,0,27,0.15,66.5,4.9,223,2026-08-12 19:35:00,PT5M,0.0,0.0,0.0,0.0,0.0
0,0,0,0,27,0.15,66.7,4.8,223,2026-08-12 19:40:00,PT5M,0.0,0.0,0.0,0.0,0.0
0,0,0,0,27,0.15,66.9,4.8,223,2026-08-12 19:45:00,PT5M,0.0,0.0,0.0,0.0,0.0
0,0,0,0,27,0.15,67.2,4.7,223,2026-08-12 19:50:00,PT5M,0.0,0.0,0.0,0.0,0.0
0,0,0,0,27,0.15,67.4,4.6,223,2026-08-12 19:55:00,PT5M,0.0,0.0,0.0,0.0,0.0
0,0,0,0,27,0.15,67.6,4.6,223,2026-08-12 20:00:00,PT5M,0.0,0.0,0.0,0.0,0.0
0,0,0,0,27,0.15,67.9,4.5,223,2026-08-12 20:05:00,PT5M,0.0,0.0,0.0,0.0,0.0
0,0,0,0,27,0.15,68.1,4.4,223,2026-08-12 20:10:00,PT5M,0.0,0.0,0.0,0.0,0.0
0,0,0,0,26,0.15,68.3,4.4,223,2026-08-12 20:15:00,PT5M,0.0,0.0,0.0,0.0,0.0
0,0,0,0,26,0.15,68.6,4.3,223,2026-08-12 20:20:00,PT5M,0.0,0.0,0.0,0.0,0.0
0,0,0,0,26,0.15,68.8,4.2,223,2026-08-12 20:25:00,PT5M,0.0,0.0,0.0,0.0,0.0
0,0,0,0,26,0.15,69.1,4.1,223,2026-08-12 20:30:00,PT5M,0.0,0.0,0.0,0.0,0.0
0,0,0,0,26,0.15,69.3,4.1,223,2026-08-12 20:35:00,PT5M,0.0,0.0,0.0,0.0,0.0
0,0,0,0,26,0.15,69.7,4.0,224,2026-08-12 20:40:00,PT5M,0.0,0.0,0.0,0.0,0.0
0,0,0,0,26,0.15,70.0,4.0,224,2026-08-12 20:45:00,PT5M,0.0,0.0,0.0,0.0,0.0
0,0,0,0,26,0.15,70.4,4.0,225,2026-08-12 20:50:00,PT5M,0.0,0.0,0.0,0.0,0.0
0,0,0,0,26,0.15,70.7,3.9,225,2026-08-12 20:55:00,PT5M,0.0,0.0,0.0,0.0,0.0
0,0,0,0,26,0.15,71.1,3.9,226,2026-08-12 21:00:00,PT5M,0.0,0.0,0.0,0.0,0.0
0,0,0,0,26,0.15,71.5,3.9,226,2026-08-12 21:05:00,PT5M,0.0,0.0,0.0,0.0,0.0
0,0,0,0,26,0.15,71.8,3.8,227,2026-08-12 21:10:00,PT5M,0.0,0.0,0.0,0.0,0.0
0,0,0,0,26,0.15,72.2,3.8,227,2026-08-12 21:15:00,PT5M,0.0,0.0,0.0,0.0,0.0
0,0,0,0,26,0.15,72.5,3.8,228,2026-08-12 21:20:00,PT5M,0.0,0.0,0.0,0.0,0.0
0,0,0,0,26,0.15,72.9,3.7,229,2026-08-12 21:25:00,PT5M,0.0,0.0,0.0,0.0,0.0
0,0,0,0,26,0.15,73.3,3.7,229,2026-08-12 21:30:00,PT5M,0.0,0.0,0.0,0.0,0.0
0,0,0,0,26,0.15,73.6,3.7,229,2026-08-12 21:35:00,PT5M,0.0,0.0,0.0,0.0,0.0
0,0,0,0,26,0.15,73.8,3.6,229,2026-08-12 21:40:00,PT5M,0.0,0.0,0.0,0.0,0.0
0,0,0,0,26,0.15,74.0,3.6,229,2026-08-12 21:45:00,PT5M,0.0,0.0,0.0,0.0,0.0
0,0,0,0,25,0.15,74.2,3.6,228,2026-08-12 21:50:00,PT5M,0.0,0.0,0.0,0.0,0.0
0,0,0,0,25,0.15,74.4,3.5,228,2026-08-12 21:55:00,PT5M,0.0,0.0,0.0,0.0,0.0
0,0,0,0,25,0.15,74.7,3.5,228,2026-08-12 22:00:00,PT5M,0.0,0.0,0.0,0.0,0.0
0,0,0,0,25,0.15,74.9,3.4,227,2026-08-12 22:05:00,PT5M,0.0,0.0,0.0,0.0,0.0
0,0,0,0,25,0.15,75.1,3.4,227,2026-08-12 22:10:00,PT5M,0.0,0.0,0.0,0.0,0.0
0,0,0,0,25,0.15,75.3,3.4,226,2026-08-12 22:15:00,PT5M,0.0,0.0,0.0,0.0,0.0
0,0,0,0,25,0.15,75.6,3.3,226,2026-08-12 22:20:00,PT5M,0.0,0.0,0.0,0.0,0.0
0,0,0,0,25,0.15,75.8,3.3,226,2026-08-12 22:25:00,PT5M,0.0,0.0,0.0,0.0,0.0
0,0,0,0,25,0.15,76.0,3.3,225,2026-08-12 22:30:00,PT5M,0.0,0.0,0.0,0.0,0.0
0,0,0,0,25,0.15,76.1,3.3,225,2026-08-12 22:35:00,PT5M,0.0,0.0,0.0,0.0,0.0
0,0,0,0,25,0.15,76.0,3.3,224,2026-08-12 22:40:00,PT5M,0.0,0.0,0.0,0.0,0.0
0,0,0,0,25,0.15,75.9,3.4,224,2026-08-12 22:45:00,PT5M,0.0,0.0,0.0,0.0,0.0
0,0,0,0,25,0.15,75.8,3.4,223,2026-08-12 22:50:00,PT5M,0.0,0.0,0.0,0.0,0.0
0,0,0,0,25,0.15,75.8,3.5,223,2026-08-12 22:55:00,PT5M,0.0,0.0,0.0,0.0,0.0
0,0,0,0,25,0.15,75.7,3.5,222,2026-08-12 23:00:00,PT5M,0.0,0.0,0.0,0.0,0.0
0,0,0,0,25,0.15,75.6,3.6,222,2026-08-12 23:05:00,PT5M,0.0,0.0,0.0,0.0,0.0
0,0,0,0,25,0.15,75.5,3.7,222,2026-08-12 23:10:00,PT5M,0.0,0.0,0.0,0.0,0.0
0,0,0,0,25,0.15,75.5,3.7,221,2026-08-12 23:15:00,PT5M,0.0,0.0,0.0,0.0,0.0
0,0,0,0,25,0.15,75.4,3.8,221,2026-08-12 23:20:00,PT5M,0.0,0.0,0.0,0.0,0.0
0,0,0,0,25,0.15,75.3,3.8,220,2026-08-12 23:25:00,PT5M,0.0,0.0,0.0,0.0,0.0
0,0,0,0,25,0.15,75.2,3.9,220,2026-08-12 23:30:00,PT5M,0.0,0.0,0.0,0.0,0.0
0,0,0,0,25,0.15,75.2,3.9,220,2026-08-12 23:35:00,PT5M,0.0,0.0,0.0,0.0,0.0
0,0,0,0,25,0.15,75.1,3.9,220,2026-08-12 23:40:00,PT5M,0.0,0.0,0.0,0.0,0.0
0,0,0,0,25,0.15,75.1,3.9,221,2026-08-12 23:45:00,PT5M,0.0,0.0,0.0,0.0,0.0
0,0,0,0,25,0.15,75.0,3.8,221,2026-08-12 23:50:00,PT5M,0.0,0.0,0.0,0.0,0.0
0,0,0,0,25,0.15,75.0,3.8,222,2026-08-12 23:55:00,PT5M,0.0,0.0,0.0,0.0,0.0
0,0,0,0,25,0.15,75.0,3.8,222,2026-08-13 00:00:00,PT5M,0.0,0.0,0.0,0.0,0.0
0,0,0,0,25,0.15,74.9,3.8,223,2026-08-13 00:05:00,PT5M,0.0,0.0,0.0,0.0,0.0
0,0,0,0,25,0.15,74.9,3.8,223,2026-08-13 00:10:00,PT5M,0.0,0.0,0.0,0.0,0.0
0,0,0,0,25,0.15,74.8,3.7,223,2026-08-13 00:15:00,PT5M,0.0,0.0,0.0,0.0,0.0
0,0,0,0,25,0.15,74.8,3.7,224,2026-08-13 00:20:00,PT5M,0.0,0.0,0.0,0.0,0.0
0,0,0,0,25,0.15,74.8,3.7,224,2026-08-13 00:25:00,PT5M,0.0,0.0,0.0,0.0,0.0
0,0,0,0,25,0.15,74.7,3.7,225,2026-08-13 00:30:00,PT5M,0.0,0.0,0.0,0.0,0.0
0,0,0,0,25,0.15,74.7,3.7,225,2026-08-13 00:35:00,PT5M,0.0,0.0,0.0,0.0,0.0
0,0,0,0,25,0.15,74.9,3.6,225,2026-08-13 00:40:00,PT5M,0.0,0.0,0.0,0.0,0.0
0,0,0,0,25,0.15,75.0,3.5,224,2026-08-13 00:45:00,PT5M,0.0,0.0,0.0,0.0,0.0
0,0,0,0,25,0.15,75.1,3.5,224,2026-08-13 00:50:00,PT5M,0.0,0.0,0.0,0.0,0.0
0,0,0,0,25,0.15,75.2,3.4,224,2026-08-13 00:55:00,PT5M,0.0,0.0,0.0,0.0,0.0
0,0,0,0,25,0.15,75.3,3.4,223,2026-08-13 01:00:00,PT5M,0.0,0.0,0.0,0.0,0.0
0,0,0,0,25,0.15,75.4,3.3,223,2026-08-13 01:05:00,PT5M,0.0,0.0,0.0,0.0,0.0
0,0,0,0,25,0.15,75.5,3.3,223,2026-08-13 01:10:00,PT5M,0.0,0.0,0.0,0.0,0.0
0,0,0,0,25,0.15,75.6,3.2,222,2026-08-13 01:15:00,PT5M,0.0,0.0,0.0,0.0,0.0
0,0,0,0,25,0.15,75.8,3.2,222,2026-08-13 01:20:00,PT5M,0.0,0.0,0.0,0.0,0.0
0,0,0,0,25,0.15,75.9,3.1,222,2026-08-13 01:25:00,PT5M,0.0,0.0,0.0,0.0,0.0
0,0,0,0,25,0.15,76.0,3.1,221,2026-08-13 01:30:00,PT5M,0.0,0.0,0.0,0.0,0.0
0,0,0,0,25,0.15,76.0,3.1,221,2026-08-13 01:35:00,PT5M,0.0,0.0,0.0,0.0,0.0
0,0,0,0,25,0.15,75.9,3.1,222,2026-08-13 01:40:00,PT5M,0.0,0.0,0.0,0.0,0.0
0,0,0,0,25,0.15,75.8,3.1,222,2026-08-13 01:45:00,PT5M,0.0,0.0,0.0,0.0,0.0
0,0,0,0,25,0.15,75.8,3.1,222,2026-08-13 01:50:00,PT5M,0.0,0.0,0.0,0.0,0.0
0,0,0,0,25,0.15,75.7,3.2,223,2026-08-13 01:55:00,PT5M,0.0,0.0,0.0,0.0,0.0
0,0,0,0,25,0.15,75.6,3.2,223,2026-08-13 02:00:00,PT5M,0.0,0.0,0.0,0.0,0.0
0,0,0,0,25,0.15,75.5,3.2,223,2026-08-13 02:05:00,PT5M,0.0,0.0,0.0,0.0,0.0
0,0,0,0,25,0.15,75.5,3.3,224,2026-08-13 02:10:00,PT5M,0.0,0.0,0.0,0.0,0.0
0,0,0,0,25,0.15,75.4,3.3,224,2026-08-13 02:15:00,PT5M,0.0,0.0,0.0,0.0,0.0
0,0,0,0,25,0.15,75.3,3.3,224,2026-08-13 02:20:00,PT5M,0.0,0.0,0.0,0.0,0.0
0,0,0,0,25,0.15,75.2,3.4,225,2026-08-13 02:25:00,PT5M,0.0,0.0,0.0,0.0,0.0
0,0,0,0,25,0.15,75.1,3.4,225,2026-08-13 02:30:00,PT5M,0.0,0.0,0.0,0.0,0.0
0,0,0,0,25,0.15,75.1,3.4,225,2026-08-13 02:35:00,PT5M,0.0,0.0,0.0,0.0,0.0
0,0,0,0,25,0.15,75.1,3.4,225,2026-08-13 02:40:00,PT5M,0.0,0.0,0.0,0.0,0.0
0,0,0,0,25,0.15,75.1,3.4,225,2026-08-13 02:45:00,PT5M,0.0,0.0,0.0,0.0,0.0
0,0,0,0,25,0.15,75.1,3.4,226,2026-08-13 02:50:00,PT5M,0.0,0.0,0.0,0.0,0.0
0,0,0,0,25,0.15,75.1,3.4,226,2026-08-13 02:55:00,PT5M,0.0,0.0,0.0,0.0,0.0
0,0,0,0,25,0.15,75.1,3.4,226,2026-08-13 03:00:00,PT5M,0.0,0.0,0.0,0.0,0.0
0,0,0,0,24,0.15,75.1,3.4,226,2026-08-13 03:05:00,PT5M,0.0,0.0,0.0,0.0,0.0
0,0,0,0,24,0.15,75.1,3.4,226,2026-08-13 03:10:00,PT5M,0.0,0.0,0.0,0.0,0.0
0,0,0,0,24,0.15,75.1,3.4,227,2026-08-13 03:15:00,PT5M,0.0,0.0,0.0,0.0,0.0
0,0,0,0,24,0.15,75.1,3.4,227,2026-08-13 03:20:00,PT5M,0.0,0.0,0.0,0.0,0.0
0,0,0,0,24,0.15,75.1,3.4,227,2026-08-13 03:25:00,PT5M,0.0,0.0,0.0,0.0,0.0
0,0,0,0,24,0.15,75.1,3.4,227,2026-08-13 03:30:00,PT5M,0.0,0.0,0.0,0.0,0.0
0,0,0,0,24,0.15,75.1,3.4,227,2026-08-13 03:35:00,PT5M,0.0,0.0,0.0,0.0,0.0
0,0,0,0,24,0.15,75.1,3.4,227,2026-08-13 03:40:00,PT5M,0.0,0.0,0.0,0.0,0.0
0,0,0,0,24,0.15,75.1,3.4,227,2026-08-13 03:45:00,PT5M,0.0,0.0,0.0,0.0,0.0
0,0,0,0,24,0.15,75.1,3.4,227,2026-08-13 03:50:00,PT5M,0.0,0.0,0.0,0.0,0.0
0,0,0,0,24,0.15,75.1,3.4,227,2026-08-13 03:55:00,PT5M,0.0,0.0,0.0,0.0,0.0
0,0,0,0,24,0.15,75.1,3.4,227,2026-08-13 04:00:00,PT5M,0.0,0.0,0.0,0.0,0.0
0,0,0,0,24,0.15,75.1,3.4,227,2026-08-13 04:05:00,PT5M,0.0,0.0,0.0,0.0,0.0
0,0,0,0,24,0.15,75.1,3.4,227,2026-08-13 04:10:00,PT5M,0.0,0.0,0.0,0.0,0.0
0,0,0,0,24,0.15,75.1,3.4,227,2026-08-13 04:15:00,PT5M,0.0,0.0,0.0,0.0,0.0
0,0,0,0,24,0.15,75.1,3.5,226,2026-08-13 04:20:00,PT5M,0.0,0.0,0.0,0.0,0.0
0,0,0,0,24,0.15,75.1,3.5,226,2026-08-13 04:25:00,PT5M,0.0,0.0,0.0,0.0,0.0
0,0,0,0,24,0.15,75.1,3.5,226,2026-08-13 04:30:00,PT5M,0.0,0.0,0.0,0.0,0.0
0,0,0,0,24,0.15,75.1,3.5,226,2026-08-13 04:35:00,PT5M,0.0,0.0,0.0,0.0,0.0
0,0,0,0,24,0.15,75.2,3.5,226,2026-08-13 04:40:00,PT5M,0.0,0.0,0.0,0.0,0.0
0,0,0,0,24,0.15,75.3,3.5,226,2026-08-13 04:45:00,PT5M,0.0,0.0,0.0,0.0,0.0
0,0,0,0,24,0.15,75.4,3.5,226,2026-08-13 04:50:00,PT5M,0.0,0.0,0.0,0.0,0.0
0,0,0,0,24,0.15,75.4,3.5,227,2026-08-13 04:55:00,PT5M,0.0,0.0,0.0,0.0,0.0
0,0,0,0,24,0.15,75.5,3.6,227,2026-08-13 05:00:00,PT5M,0.0,0.0,0.0,0.0,0.0
0,0,0,0,24,0.15,75.6,3.6,227,2026-08-13 05:05:00,PT5M,0.0,0.0,0.0,0.0,0.0
0,0,0,0,24,0.15,75.7,3.6,227,2026-08-13 05:10:00,PT5M,0.0,0.0,0.0,0.0,0.0
0,0,0,0,24,0.15,75.7,3.6,227,2026-08-13 05:15:00,PT5M,0.0,0.0,0.0,0.0,0.0
0,0,0,0,24,0.15,75.8,3.6,227,2026-08-13 05:20:00,PT5M,0.0,0.0,0.0,0.0,0.0
0,0,0,0,24,0.15,75.9,3.7,227,2026-08-13 05:25:00,PT5M,0.0,0.0,0.0,0.0,0.0
0,0,0,0,24,0.15,76.0,3.7,227,2026-08-13 05:30:00,PT5M,0.0,0.0,0.0,0.0,0.0
0,0,0,0,24,0.15,76.0,3.7,227,2026-08-13 05:35:00,PT5M,0.0,0.0,0.0,0.0,0.0
0,0,0,0,24,0.15,76.0,3.7,227,2026-08-13 05:40:00,PT5M,0.0,0.0,0.0,0.0,0.0
0,0,0,0,25,0.15,75.9,3.7,227,2026-08-13 05:45:00,PT5M,0.0,0.0,0.0,0.0,0.0
0,0,0,0,25,0.15,75.9,3.7,227,2026-08-13 05:50:00,PT5M,0.0,0.0,0.0,0.0,0.0
0,0,0,0,25,0.15,75.9,3.8,228,2026-08-13 05:55:00,PT5M,0.0,0.0,0.0,0.0,0.0
0,0,0,0,25,0.15,75.8,3.8,228,2026-08-13 06:00:00,PT5M,0.0,0.0,0.0,0.0,0.0
1,1,0,1,25,0.15,75.8,3.8,228,2026-08-13 06:05:00,PT5M,0.0,0.0,0.0,0.0,0.0
6,6,0,6,25,0.15,75.8,3.8,228,2026-08-13 06:10:00,PT5M,0.182,0.351,0.2709,0.0931,0.013
14,14,0,14,25,0.15,75.7,3.8,228,2026-08-13 06:15:00,PT5M,1.208,1.8625,1.5525,0.8635,0.5535
22,23,0,23,25,0.15,75.7,3.8,228,2026-08-13 06:20:00,PT5M,2.338,3.497,2.948,1.728,1.179
31,32,0,32,25,0.15,75.7,3.9,228,2026-08-13 06:25:00,PT5M,3.572,5.6275,4.6538,2.4902,1.5165
39,43,22,41,25,0.15,75.6,3.9,228,2026-08-13 06:30:00,PT5M,5.273,8.3445,6.8896,3.6564,2.2015
47,55,49,49,25,0.15,75.4,3.9,228,2026-08-13 06:35:00,PT5M,7.506,11.8485,9.7915,5.2205,3.1635
56,68,79,56,25,0.15,75.0,3.9,228,2026-08-13 06:40:00,PT5M,10.168,15.9125,13.1914,7.1446,4.4235
66,82,110,64,25,0.15,74.6,3.9,228,2026-08-13 06:45:00,PT5M,13.09,20.3335,16.9023,9.2777,5.8465
76,98,140,71,25,0.15,74.2,4.0,228,2026-08-13 06:50:00,PT5M,16.354,25.1195,20.9673,11.7407,7.5885
88,113,169,78,25,0.15,73.8,4.0,228,2026-08-13 06:55:00,PT5M,19.822,30.1155,25.2395,14.4045,9.5285
100,130,198,84,25,0.15,73.4,4.0,229,2026-08-13 07:00:00,PT5M,23.418,35.304,29.6737,17.1623,11.532
113,147,225,90,25,0.15,73.0,4.0,229,2026-08-13 07:05:00,PT5M,27.259,40.8175,34.3949,20.1231,13.7005
127,164,247,96,26,0.15,72.6,4.0,229,2026-08-13 07:10:00,PT5M,31.021,46.3395,39.0832,22.9588,15.7025
140,180,264,103,26,0.15,72.2,4.0,229,2026-08-13 07:15:00,PT5M,34.733,51.877,43.756,25.71,17.589
155,197,280,109,26,0.15,71.8,4.1,229,2026-08-13 07:20:00,PT5M,38.508,57.555,48.5326,28.4834,19.461
169,213,295,115,26,0.15,71.4,4.1,229,2026-08-13 07:25:00,PT5M,42.308,63.2435,53.3265,31.2895,21.3725
183,230,309,121,26,0.15,71.0,4.1,229,2026-08-13 07:30:00,PT5M,46.113,68.953,58.1339,34.0921,23.273
198,247,323,127,26,0.15,70.3,4.1,229,2026-08-13 07:35:00,PT5M,49.983,74.73,63.0075,36.9585,25.236
213,264,337,132,26,0.15,69.3,4.2,229,2026-08-13 07:40:00,PT5M,53.935,80.6035,67.9708,39.8992,27.2665
228,281,350,138,27,0.15,68.3,4.2,229,2026-08-13 07:45:00,PT5M,57.899,86.5555,72.9811,42.8169,29.2425
243,299,363,143,27,0.15,67.3,4.2,229,2026-08-13 07:50:00,PT5M,61.104,91.173,76.9295,45.2785,31.035
259,316,375,148,27,0.15,66.3,4.3,229,2026-08-13 07:55:00,PT5M,63.298,93.8865,79.3969,47.1991,32.7095
274,333,387,152,27,0.15,65.3,4.3,229,2026-08-13 08:00:00,PT5M,65.404,96.465,81.7516,49.0564,34.343
290,350,399,157,27,0.15,64.3,4.3,229,2026-08-13 08:05:00,PT5M,67.414,98.896,83.9832,50.8448,35.932
305,368,410,161,28,0.15,63.4,4.4,229,2026-08-13 08:10:00,PT5M,69.318,100.0,86.0788,52.5572,37.472
320,385,421,165,28,0.15,62.5,4.4,229,2026-08-13 08:15:00,PT5M,71.106,100.0,88.0241,54.1879,38.961
336,402,431,169,28,0.15,61.6,4.4,229,2026-08-13 08:20:00,PT5M,72.767,100.0,89.8033,55.7307,40.3975
351,419,441,173,28,0.15,60.7,4.5,229,2026-08-13 08:25:00,PT5M,74.297,100.0,91.4104,57.1836,41.781
366,436,450,177,29,0.15,59.8,4.5,229,2026-08-13 08:30:00,PT5M,75.698,100.0,92.833,58.563,43.141
381,452,459,180,29,0.15,58.7,4.6,229,2026-08-13 08:35:00,PT5M,76.978,100.0,94.1064,59.8496,44.4335
396,468,467,184,29,0.15,57.5,4.6,230,2026-08-13 08:40:00,PT5M,78.185,100.0,95.2884,61.0816,45.688
411,485,476,187,29,0.15,56.3,4.6,230,2026-08-13 08:45:00,PT5M,79.327,100.0,96.3907,62.2633,46.9055
426,501,483,191,29,0.15,55.2,4.7,231,2026-08-13 08:50:00,PT5M,80.409,100.0,97.4219,63.3961,48.084
440,516,491,194,30,0.15,54.0,4.7,232,2026-08-13 08:55:00,PT5M,81.437,100.0,98.3917,64.4823,49.2225
455,532,498,197,30,0.15,52.9,4.8,233,2026-08-13 09:00:00,PT5M,82.419,100.0,99.3069,65.5311,50.3315
469,547,505,200,30,0.15,51.8,4.8,233,2026-08-13 09:05:00,PT5M,83.358,100.0,100.0,66.517,51.3595
483,563,512,202,30,0.15,50.8,4.9,234,2026-08-13 09:10:00,PT5M,84.258,100.0,100.0,67.4988,52.415
497,578,520,204,30,0.15,49.7,4.9,235,2026-08-13 09:15:00,PT5M,85.211,100.0,100.0,68.5465,53.548
511,593,529,206,31,0.15,48.7,5.0,235,2026-08-13 09:20:00,PT5M,86.154,100.0,100.0,69.5919,54.6855
525,608,537,208,31,0.15,47.7,5.1,236,2026-08-13 09:25:00,PT5M,87.1,100.0,100.0,70.645,55.835
538,623,545,209,31,0.15,46.7,5.1,237,2026-08-13 09:30:00,PT5M,87.964,100.0,100.0,71.6206,56.911
552,638,553,210,31,0.15,45.9,5.1,237,2026-08-13 09:35:00,PT5M,88.8,100.0,100.0,72.5795,57.9805
565,652,560,211,31,0.15,45.3,5.1,237,2026-08-13 09:40:00,PT5M,89.608,100.0,100.0,73.5217,59.0435
578,666,568,212,32,0.15,44.7,5.0,238,2026-08-13 09:45:00,PT5M,90.385,100.0,100.0,74.4568,60.121
590,680,575,213,32,0.15,44.1,5.0,238,2026-08-13 09:50:00,PT5M,91.132,100.0,100.0,75.453,61.3415
602,693,582,214,32,0.15,43.5,4.9,239,2026-08-13 09:55:00,PT5M,91.827,100.0,100.0,76.4033,62.5215
614,706,589,214,32,0.15,42.9,4.9,239,2026-08-13 10:00:00,PT5M,92.458,100.0,100.0,77.283,63.625
626,718,594,216,32,0.15,42.3,4.9,239,2026-08-13 10:05:00,PT5M,93.042,100.0,100.0,78.1054,64.662
637,730,599,217,32,0.15,41.7,4.8,240,2026-08-13 10:10:00,PT5M,93.579,100.0,100.0,78.8682,65.628
647,742,603,218,33,0.15,41.2,4.8,240,2026-08-13 10:15:00,PT5M,94.093,100.0,100.0,79.6011,66.558
657,753,608,219,33,0.15,40.6,4.7,241,2026-08-13 10:20:00,PT5M,94.582,100.0,100.0,80.3022,67.45
667,763,612,220,33,0.15,40.1,4.7,241,2026-08-13 10:25:00,PT5M,95.048,100.0,100.0,80.974,68.307
677,774,616,221,33,0.15,39.5,4.7,242,2026-08-13 10:30:00,PT5M,95.49,100.0,100.0,81.615,69.127
686,783,619,222,33,0.15,39.1,4.6,242,2026-08-13 10:35:00,PT5M,95.847,100.0,100.0,82.1401,69.8035
694,792,621,224,33,0.15,38.7,4.6,242,2026-08-13 10:40:00,PT5M,96.126,100.0,100.0,82.5573,70.345
702,800,623,226,34,0.15,38.4,4.6,242,2026-08-13 10:45:00,PT5M,96.384,100.0,100.0,82.9476,70.8545
709,808,624,228,34,0.15,38.1,4.6,241,2026-08-13 10:50:00,PT5M,96.621,100.0,100.0,83.311,71.3315
716,815,626,229,34,0.15,37.7,4.6,241,2026-08-13 10:55:00,PT5M,96.835,100.0,100.0,83.6442,71.772
723,822,627,231,34,0.15,37.4,4.6,241,2026-08-13 11:00:00,PT5M,97.027,100.0,100.0,83.9467,72.174
729,828,629,232,34,0.15,37.1,4.6,241,2026-08-13 11:05:00,PT5M,97.202,100.0,100.0,84.2233,72.542
735,834,630,233,34,0.15,36.7,4.5,241,2026-08-13 11:10:00,PT5M,97.356,100.0,100.0,84.4533,72.8405
740,840,632,234,34,0.15,36.4,4.5,241,2026-08-13 11:15:00,PT5M,97.497,100.0,100.0,84.6785,73.1415
745,845,633,234,35,0.15,36.1,4.5,241,2026-08-13 11:20:00,PT5M,97.624,100.0,100.0,84.8953,73.439
749,850,634,235,35,0.15,35.8,4.5,241,2026-08-13 11:25:00,PT5M,97.728,100.0,100.0,85.0785,73.6935
754,854,636,236,35,0.15,35.5,4.5,241,2026-08-13 11:30:00,PT5M,97.808,100.0,100.0,85.2211,73.8925
756,857,633,238,35,0.15,35.2,4.5,241,2026-08-13 11:35:00,PT5M,97.703,100.0,100.0,85.1343,73.822
756,857,626,243,35,0.15,35.1,4.5,241,2026-08-13 11:40:00,PT5M,97.416,100.0,100.0,84.8217,73.4865
757,856,620,247,35,0.15,34.9,4.4,241,2026-08-13 11:45:00,PT5M,97.11,100.0,100.0,84.4836,73.1195
756,855,613,251,35,0.15,34.8,4.4,241,2026-08-13 11:50:00,PT5M,96.785,100.0,100.0,84.1186,72.7185
755,853,606,255,35,0.15,34.7,4.4,241,2026-08-13 11:55:00,PT5M,96.438,100.0,100.0,83.7237,72.2805
754,851,599,259,36,0.15,34.5,4.4,241,2026-08-13 12:00:00,PT5M,96.07,100.0,100.0,83.2997,71.806
752,849,592,263,36,0.15,34.4,4.4,241,2026-08-13 12:05:00,PT5M,95.677,100.0,100.0,82.8425,71.291
750,846,585,267,36,0.15,34.2,4.4,242,2026-08-13 12:10:00,PT5M,95.261,100.0,100.0,82.3536,70.7365
747,842,577,271,36,0.15,34.1,4.3,242,2026-08-13 12:15:00,PT5M,94.894,100.0,100.0,81.9053,70.215
744,838,570,275,36,0.15,34.0,4.3,242,2026-08-13 12:20:00,PT5M,94.53,100.0,100.0,81.451,69.6795
740,833,562,279,36,0.15,33.8,4.3,242,2026-08-13 12:25:00,PT5M,94.142,100.0,100.0,80.9643,69.104
736,828,554,282,36,0.15,33.7,4.3,242,2026-08-13 12:30:00,PT5M,93.727,100.0,100.0,80.4433,68.4875
731,822,545,286,36,0.15,33.6,4.3,242,2026-08-13 12:35:00,PT5M,93.24,100.0,100.0,79.8315,67.7635
725,815,534,291,36,0.15,33.6,4.2,242,2026-08-13 12:40:00,PT5M,92.68,100.0,100.0,79.1292,66.933
719,808,524,295,36,0.15,33.6,4.2,242,2026-08-13 12:45:00,PT5M,92.165,100.0,100.0,78.4658,66.136
713,800,513,299,36,0.15,33.6,4.1,242,2026-08-13 12:50:00,PT5M,91.558,100.0,100.0,77.7048,65.2365
706,791,503,302,36,0.15,33.6,4.1,242,2026-08-13 12:55:00,PT5M,90.924,100.0,100.0,76.9095,64.296
698,783,493,306,36,0.15,33.5,4.0,242,2026-08-13 13:00:00,PT5M,90.262,100.0,100.0,76.0788,63.3135
691,774,482,309,36,0.15,33.5,4.0,241,2026-08-13 13:05:00,PT5M,89.569,100.0,100.0,75.2029,62.273
683,764,472,312,36,0.15,33.5,3.9,241,2026-08-13 13:10:00,PT5M,88.86,100.0,100.0,74.311,61.2165
674,755,463,314,36,0.15,33.5,3.9,241,2026-08-13 13:15:00,PT5M,88.139,100.0,100.0,73.4179,60.1685
666,745,453,316,36,0.15,33.5,3.8,241,2026-08-13 13:20:00,PT5M,87.392,100.0,100.0,72.4946,59.0865
657,735,443,318,36,0.15,33.5,3.7,241,2026-08-13 13:25:00,PT5M,86.599,100.0,100.0,71.5082,57.926
648,724,433,320,36,0.15,33.5,3.7,241,2026-08-13 13:30:00,PT5M,85.77,100.0,100.0,70.4792,56.717
638,713,423,321,36,0.15,33.5,3.7,240,2026-08-13 13:35:00,PT5M,84.912,100.0,100.0,69.4059,55.45
629,702,413,322,36,0.15,33.5,3.7,240,2026-08-13 13:40:00,PT5M,84.024,100.0,99.7585,68.2895,54.128
619,690,404,323,36,0.15,33.5,3.7,239,2026-08-13 13:45:00,PT5M,83.105,100.0,99.0697,67.1403,52.7715
608,679,394,323,36,0.15,33.5,3.7,238,2026-08-13 13:50:00,PT5M,82.156,100.0,98.3526,65.9594,51.382
598,667,384,324,36,0.15,33.6,3.8,237,2026-08-13 13:55:00,PT5M,81.178,100.0,97.6077,64.7483,49.961
587,655,375,323,36,0.15,33.6,3.8,237,2026-08-13 14:00:00,PT5M,80.166,100.0,96.831,63.501,48.502
576,642,365,323,36,0.15,33.6,3.8,236,2026-08-13 14:05:00,PT5M,79.13,100.0,96.0313,62.2287,47.017
565,630,356,322,36,0.15,33.6,3.8,235,2026-08-13 14:10:00,PT5M,78.069,100.0,95.1582,60.9798,45.599
554,617,347,321,36,0.15,33.6,3.8,235,2026-08-13 14:15:00,PT5M,76.928,100.0,94.1577,59.6983,44.191
543,604,338,319,36,0.15,33.7,3.9,234,2026-08-13 14:20:00,PT5M,75.803,100.0,93.1709,58.4351,42.8035
531,591,329,317,36,0.15,33.7,3.9,233,2026-08-13 14:25:00,PT5M,74.644,100.0,92.1471,57.1409,41.3875
519,578,320,315,36,0.15,33.7,3.9,233,2026-08-13 14:30:00,PT5M,73.452,100.0,91.0862,55.8178,39.9465
507,564,309,314,36,0.15,33.9,3.9,231,2026-08-13 14:35:00,PT5M,72.136,100.0,89.9047,54.3673,38.375
494,549,298,312,36,0.15,34.3,3.9,230,2026-08-13 14:40:00,PT5M,70.736,100.0,88.6386,52.8334,36.7205
481,534,287,309,36,0.15,34.7,3.9,228,2026-08-13 14:45:00,PT5M,69.299,100.0,87.3295,51.2685,35.0405
467,519,276,307,36,0.15,35.1,3.9,227,2026-08-13 14:50:00,PT5M,67.825,100.0,85.9765,49.6735,33.3365
454,504,265,303,36,0.15,35.5,3.9,225,2026-08-13 14:55:00,PT5M,66.313,100.0,84.5595,48.0665,31.644
441,489,254,300,35,0.15,35.9,4.0,224,2026-08-13 15:00:00,PT5M,64.764,99.6305,83.1145,46.4135,29.8975
428,474,242,297,35,0.15,36.3,4.0,222,2026-08-13 15:05:00,PT5M,63.101,98.1175,81.5304,44.6716,28.0845
414,458,229,294,35,0.15,36.7,4.0,221,2026-08-13 15:10:00,PT5M,61.318,96.4325,79.799,42.837,26.2035
400,442,217,291,35,0.15,37.1,4.0,219,2026-08-13 15:15:00,PT5M,59.565,94.744,78.08,41.05,24.386
387,427,205,287,35,0.15,37.5,4.0,218,2026-08-13 15:20:00,PT5M,57.78,92.992,76.3123,39.2477,22.568
374,412,193,283,35,0.15,38.0,4.1,216,2026-08-13 15:25:00,PT5M,55.943,91.1585,74.4772,37.4088,20.7275
360,396,182,278,35,0.15,38.4,4.1,215,2026-08-13 15:30:00,PT5M,54.054,89.24,72.5726,35.5354,18.868
347,381,170,273,34,0.15,38.8,4.1,214,2026-08-13 15:35:00,PT5M,52.107,87.217,70.5856,33.6284,16.997
334,366,158,268,34,0.15,39.1,4.1,214,2026-08-13 15:40:00,PT5M,50.092,85.078,68.5054,31.6786,15.106
320,350,146,262,34,0.15,39.4,4.1,213,2026-08-13 15:45:00,PT5M,48.018,82.8375,66.3438,29.6922,13.1985
307,335,135,256,34,0.15,39.7,4.2,213,2026-08-13 15:50:00,PT5M,45.886,80.4905,64.0986,27.6734,11.2815
294,320,123,250,34,0.15,40.1,4.2,213,2026-08-13 15:55:00,PT5M,43.689,78.0225,61.759,25.619,9.3555
280,305,111,244,34,0.15,40.4,4.2,213,2026-08-13 16:00:00,PT5M,41.671,75.657,59.5581,23.7839,7.685
267,290,100,236,34,0.15,40.7,4.2,212,2026-08-13 16:05:00,PT5M,39.497,73.0905,57.1775,21.8165,5.9035
255,275,91,229,34,0.15,41.0,4.2,212,2026-08-13 16:10:00,PT5M,37.383,70.559,54.8438,19.9222,4.207
242,261,81,221,33,0.15,41.4,4.2,212,2026-08-13 16:15:00,PT5M,35.225,67.9085,52.4266,18.0234,2.5415
229,247,71,213,33,0.15,41.7,4.3,211,2026-08-13 16:20:00,PT5M,33.029,65.12,49.9187,16.1393,0.938
217,233,62,204,33,0.15,42.1,4.3,211,2026-08-13 16:25:00,PT5M,30.797,62.2685,47.3607,14.2333,0.0
205,218,52,196,33,0.15,42.4,4.3,211,2026-08-13 16:30:00,PT5M,28.537,59.334,44.7457,12.3283,0.0
193,205,43,187,33,0.15,42.9,4.3,211,2026-08-13 16:35:00,PT5M,26.356,56.428,42.1831,10.5289,0.0
181,192,35,178,33,0.15,43.4,4.3,210,2026-08-13 16:40:00,PT5M,24.464,52.467,39.2022,9.7258,0.0
170,179,27,169,33,0.15,44.0,4.2,210,2026-08-13 16:45:00,PT5M,22.679,48.7015,36.3748,8.9832,0.0
158,166,19,160,32,0.15,44.6,4.2,210,2026-08-13 16:50:00,PT5M,20.654,44.733,33.3269,7.9811,0.0
147,154,10,150,32,0.15,45.2,4.2,210,2026-08-13 16:55:00,PT5M,18.659,40.8185,30.3217,6.9963,0.0
136,141,1,141,32,0.15,45.8,4.2,210,2026-08-13 17:00:00,PT5M,16.708,36.961,27.3673,6.0487,0.0
124,129,0,129,32,0.15,46.5,4.1,210,2026-08-13 17:05:00,PT5M,15.205,33.5535,24.8619,5.5481,0.0
113,117,0,117,32,0.15,47.1,4.1,209,2026-08-13 17:10:00,PT5M,13.77,30.23,22.433,5.107,0.0
101,105,0,105,31,0.15,47.7,4.1,209,2026-08-13 17:15:00,PT5M,12.353,26.9685,20.0452,4.6608,0.0
90,93,0,93,31,0.15,48.4,4.0,209,2026-08-13 17:20:00,PT5M,10.92,23.7725,17.6844,4.1556,0.0
78,81,0,81,31,0.15,49.1,4.0,209,2026-08-13 17:25:00,PT5M,9.534,20.7225,15.4226,3.6454,0.0
68,70,0,70,31,0.15,49.7,4.0,209,2026-08-13 17:30:00,PT5M,8.141,17.7435,13.1949,3.0871,0.0
57,59,0,59,31,0.15,50.3,3.9,209,2026-08-13 17:35:00,PT5M,6.766,14.7955,10.992,2.54,0.0
47,49,0,49,31,0.15,50.7,3.9,209,2026-08-13 17:40:00,PT5M,5.537,12.0845,8.983,2.091,0.0
38,40,0,40,30,0.15,51.1,3.8,209,2026-08-13 17:45:00,PT5M,4.395,9.5385,7.1021,1.6879,0.0
30,31,0,31,30,0.15,51.6,3.7,209,2026-08-13 17:50:00,PT5M,3.29,7.146,5.3194,1.2606,0.0
23,24,0,24,30,0.15,52.0,3.6,209,2026-08-13 17:55:00,PT5M,2.357,5.129,3.8159,0.8981,0.0
17,17,0,17,30,0.15,52.5,3.6,209,2026-08-13 18:00:00,PT5M,1.565,3.4215,2.5421,0.5879,0.0
11,12,0,12,30,0.15,52.9,3.5,209,2026-08-13 18:05:00,PT5M,0.846,1.962,1.4334,0.2586,0.0
6,7,0,7,30,0.15,53.4,3.4,209,2026-08-13 18:10:00,PT5M,0.194,0.693,0.4566,0.0,0.0
2,2,0,2,29,0.15,53.8,3.3,209,2026-08-13 18:15:00,PT5M,0.0,0.0,0.0,0.0,0.0
0,0,0,0,29,0.15,54.3,3.3,209,2026-08-13 18:20:00,PT5M,0.0,0.0,0.0,0.0,0.0
0,0,0,0,29,0.15,54.8,3.2,209,2026-08-13 18:25:00,PT5M,0.0,0.0,0.0,0.0,0.0
0,0,0,0,29,0.15,55.2,3.1,209,2026-08-13 18:30:00,PT5M,0.0,0.0,0.0,0.0,0.0
0,0,0,0,29,0.15,55.7,3.1,209,2026-08-13 18:35:00,PT5M,0.0,0.0,0.0,0.0,0.0
0,0,0,0,29,0.15,56.2,3.1,210,2026-08-13 18:40:00,PT5M,0.0,0.0,0.0,0.0,0.0
0,0,0,0,29,0.15,56.6,3.1,210,2026-08-13 18:45:00,PT5M,0.0,0.0,0.0,0.0,0.0
0,0,0,0,28,0.15,57.1,3.1,211,2026-08-13 18:50:00,PT5M,0.0,0.0,0.0,0.0,0.0
0,0,0,0,28,0.15,57.6,3.1,211,2026-08-13 18:55:00,PT5M,0.0,0.0,0.0,0.0,0.0
0,0,0,0,28,0.15,58.1,3.1,211,2026-08-13 19:00:00,PT5M,0.0,0.0,0.0,0.0,0.0
0,0,0,0,28,0.15,58.6,3.1,212,2026-08-13 19:05:00,PT5M,0.0,0.0,0.0,0.0,0.0
0,0,0,0,28,0.15,59.1,3.0,212,2026-08-13 19:10:00,PT5M,0.0,0.0,0.0,0.0,0.0
0,0,0,0,28,0.15,59.6,3.0,213,2026-08-13 19:15:00,PT5M,0.0,0.0,0.0,0.0,0.0
0,0,0,0,28,0.15,60.1,3.0,213,2026-08-13 19:20:00,PT5M,0.0,0.0,0.0,0.0,0.0
0,0,0,0,28,0.15,60.6,3.0,214,2026-08-13 19:25:00,PT5M,0.0,0.0,0.0,0.0,0.0
0,0,0,0,28,0.15,61.1,3.0,214,2026-08-13 19:30:00,PT5M,0.0,0.0,0.0,0.0,0.0
0,0,0,0,28,0.15,61.6,3.0,214,2026-08-13 19:35:00,PT5M,0.0,0.0,0.0,0.0,0.0
0,0,0,0,28,0.15,62.2,3.0,215,2026-08-13 19:40:00,PT5M,0.0,0.0,0.0,0.0,0.0
0,0,0,0,27,0.15,62.7,3.0,215,2026-08-13 19:45:00,PT5M,0.0,0.0,0.0,0.0,0.0
0,0,0,0,27,0.15,63.2,3.0,215,2026-08-13 19:50:00,PT5M,0.0,0.0,0.0,0.0,0.0
0,0,0,0,27,0.15,63.8,3.0,216,2026-08-13 19:55:00,PT5M,0.0,0.0,0.0,0.0,0.0
0,0,0,0,27,0.15,64.3,3.0,216,2026-08-13 20:00:00,PT5M,0.0,0.0,0.0,0.0,0.0
0,0,0,0,27,0.15,64.9,3.0,216,2026-08-13 20:05:00,PT5M,0.0,0.0,0.0,0.0,0.0
0,0,0,0,27,0.15,65.4,3.0,217,2026-08-13 20:10:00,PT5M,0.0,0.0,0.0,0.0,0.0
0,0,0,0,27,0.15,66.0,2.9,217,2026-08-13 20:15:00,PT5M,0.0,0.0,0.0,0.0,0.0
0,0,0,0,27,0.15,66.5,2.9,217,2026-08-13 20:20:00,PT5M,0.0,0.0,0.0,0.0,0.0
0,0,0,0,27,0.15,67.1,2.9,218,2026-08-13 20:25:00,PT5M,0.0,0.0,0.0,0.0,0.0
0,0,0,0,27,0.15,67.7,2.9,218,2026-08-13 20:30:00,PT5M,0.0,0.0,0.0,0.0,0.0
0,0,0,0,27,0.15,68.0,2.9,219,2026-08-13 20:35:00,PT5M,0.0,0.0,0.0,0.0,0.0
0,0,0,0,27,0.15,68.2,2.9,220,2026-08-13 20:40:00,PT5M,0.0,0.0,0.0,0.0,0.0
0,0,0,0,27,0.15,68.4,2.9,221,2026-08-13 20:45:00,PT5M,0.0,0.0,0.0,0.0,0.0
0,0,0,0,27,0.15,68.6,2.9,222,2026-08-13 20:50:00,PT5M,0.0,0.0,0.0,0.0,0.0
0,0,0,0,26,0.15,68.7,2.9,223,2026-08-13 20:55:00,PT5M,0.0,0.0,0.0,0.0,0.0
0,0,0,0,26,0.15,68.9,2.9,224,2026-08-13 21:00:00,PT5M,0.0,0.0,0.0,0.0,0.0
0,0,0,0,26,0.15,69.1,2.9,225,2026-08-13 21:05:00,PT5M,0.0,0.0,0.0,0.0,0.0
0,0,0,0,26,0.15,69.2,2.9,226,2026-08-13 21:10:00,PT5M,0.0,0.0,0.0,0.0,0.0
0,0,0,0,26,0.15,69.4,3.0,227,2026-08-13 21:15:00,PT5M,0.0,0.0,0.0,0.0,0.0
0,0,0,0,26,0.15,69.6,3.0,228,2026-08-13 21:20:00,PT5M,0.0,0.0,0.0,0.0,0.0
0,0,0,0,26,0.15,69.8,3.0,229,2026-08-13 21:25:00,PT5M,0.0,0.0,0.0,0.0,0.0
0,0,0,0,26,0.15,69.9,3.0,230,2026-08-13 21:30:00,PT5M,0.0,0.0,0.0,0.0,0.0
0,0,0,0,26,0.15,70.1,3.0,231,2026-08-13 21:35:00,PT5M,0.0,0.0,0.0,0.0,0.0
0,0,0,0,26,0.15,70.3,3.0,231,2026-08-13 21:40:00,PT5M,0.0,0.0,0.0,0.0,0.0
0,0,0,0,26,0.15,70.5,2.9,232,2026-08-13 21:45:00,PT5M,0.0,0.0,0.0,0.0,0.0
0,0,0,0,26,0.15,70.6,2.9,233,2026-08-13 21:50:00,PT5M,0.0,0.0,0.0,0.0,0.0
0,0,0,0,26,0.15,70.8,2.9,233,2026-08-13 21:55:00,PT5M,0.0,0.0,0.0,0.0,0.0
0,0,0,0,26,0.15,71.0,2.9,234,2026-08-13 22:00:00,PT5M,0.0,0.0,0.0,0.0,0.0
0,0,0,0,26,0.15,71.2,2.9,234,2026-08-13 22:05:00,PT5M,0.0,0.0,0.0,0.0,0.0
0,0,0,0,26,0.15,71.3,2.9,235,2026-08-13 22:10:00,PT5M,0.0,0.0,0.0,0.0,0.0
0,0,0,0,26,0.15,71.5,2.9,236,2026-08-13 22:15:00,PT5M,0.0,0.0,0.0,0.0,0.0
0,0,0,0,26,0.15,71.7,2.9,236,2026-08-13 22:20:00,PT5M,0.0,0.0,0.0,0.0,0.0
0,0,0,0,26,0.15,71.9,2.8,237,2026-08-13 22:25:00,PT5M,0.0,0.0,0.0,0.0,0.0
0,0,0,0,26,0.15,72.0,2.8,238,2026-08-13 22:30:00,PT5M,0.0,0.0,0.0,0.0,0.0
0,0,0,0,26,0.15,72.2,2.8,238,2026-08-13 22:35:00,PT5M,0.0,0.0,0.0,0.0,0.0
0,0,0,0,26,0.15,72.3,2.8,238,2026-08-13 22:40:00,PT5M,0.0,0.0,0.0,0.0,0.0
0,0,0,0,26,0.15,72.4,2.8,237,2026-08-13 22:45:00,PT5M,0.0,0.0,0.0,0.0,0.0
0,0,0,0,26,0.15,72.5,2.8,237,2026-08-13 22:50:00,PT5M,0.0,0.0,0.0,0.0,0.0
0,0,0,0,26,0.15,72.6,2.7,237,2026-08-13 22:55:00,PT5M,0.0,0.0,0.0,0.0,0.0
0,0,0,0,26,0.15,72.7,2.7,236,2026-08-13 23:00:00,PT5M,0.0,0.0,0.0,0.0,0.0
0,0,0,0,26,0.15,72.8,2.7,236,2026-08-13 23:05:00,PT5M,0.0,0.0,0.0,0.0,0.0
0,0,0,0,26,0.15,72.9,2.7,236,2026-08-13 23:10:00,PT5M,0.0,0.0,0.0,0.0,0.0
0,0,0,0,26,0.15,73.1,2.7,236,2026-08-13 23:15:00,PT5M,0.0,0.0,0.0,0.0,0.0
0,0,0,0,26,0.15,73.2,2.6,235,2026-08-13 23:20:00,PT5M,0.0,0.0,0.0,0.0,0.0
0,0,0,0,26,0.15,73.3,2.6,235,2026-08-13 23:25:00,PT5M,0.0,0.0,0.0,0.0,0.0
0,0,0,0,26,0.15,73.4,2.6,235,2026-08-13 23:30:00,PT5M,0.0,0.0,0.0,0.0,0.0
0,0,0,0,26,0.15,73.4,2.6,234,2026-08-13 23:35:00,PT5M,0.0,0.0,0.0,0.0,0.0
0,0,0,0,26,0.15,73.5,2.6,234,2026-08-13 23:40:00,PT5M,0.0,0.0,0.0,0.0,0.0
0,0,0,0,25,0.15,73.5,2.6,234,2026-08-13 23:45:00,PT5M,0.0,0.0,0.0,0.0,0.0
0,0,0,0,25,0.15,73.5,2.6,234,2026-08-13 23:50:00,PT5M,0.0,0.0,0.0,0.0,0.0
0,0,0,0,25,0.15,73.6,2.6,234,2026-08-13 23:55:00,PT5M,0.0,0.0,0.0,0.0,0.0
0,0,0,0,25,0.15,73.6,2.6,234,2026-08-14 00:00:00,PT5M,0.0,0.0,0.0,0.0,0.0
0,0,0,0,25,0.15,73.7,2.6,234,2026-08-14 00:05:00,PT5M,0.0,0.0,0.0,0.0,0.0
0,0,0,0,25,0.15,73.7,2.6,234,2026-08-14 00:10:00,PT5M,0.0,0.0,0.0,0.0,0.0
0,0,0,0,25,0.15,73.7,2.6,234,2026-08-14 00:15:00,PT5M,0.0,0.0,0.0,0.0,0.0
0,0,0,0,25,0.15,73.8,2.6,234,2026-08-14 00:20:00,PT5M,0.0,0.0,0.0,0.0,0.0
0,0,0,0,25,0.15,73.8,2.6,234,2026-08-14 00:25:00,PT5M,0.0,0.0,0.0,0.0,0.0
0,0,0,0,25,0.15,73.8,2.6,234,2026-08-14 00:30:00,PT5M,0.0,0.0,0.0,0.0,0.0
0,0,0,0,25,0.15,73.8,2.6,234,2026-08-14 00:35:00,PT5M,0.0,0.0,0.0,0.0,0.0
0,0,0,0,25,0.15,73.6,2.6,233,2026-08-14 00:40:00,PT5M,0.0,0.0,0.0,0.0,0.0
0,0,0,0,25,0.15,73.5,2.6,232,2026-08-14 00:45:00,PT5M,0.0,0.0,0.0,0.0,0.0
0,0,0,0,25,0.15,73.3,2.6,231,2026-08-14 00:50:00,PT5M,0.0,0.0,0.0,0.0,0.0
0,0,0,0,25,0.15,73.2,2.6,230,2026-08-14 00:55:00,PT5M,0.0,0.0,0.0,0.0,0.0
0,0,0,0,25,0.15,73.0,2.6,229,2026-08-14 01:00:00,PT5M,0.0,0.0,0.0,0.0,0.0
0,0,0,0,25,0.15,72.9,2.6,228,2026-08-14 01:05:00,PT5M,0.0,0.0,0.0,0.0,0.0
0,0,0,0,25,0.15,72.7,2.6,227,2026-08-14 01:10:00,PT5M,0.0,0.0,0.0,0.0,0.0
0,0,0,0,25,0.15,72.6,2.6,226,2026-08-14 01:15:00,PT5M,0.0,0.0,0.0,0.0,0.0
0,0,0,0,25,0.15,72.4,2.7,224,2026-08-14 01:20:00,PT5M,0.0,0.0,0.0,0.0,0.0
0,0,0,0,25,0.15,72.3,2.7,223,2026-08-14 01:25:00,PT5M,0.0,0.0,0.0,0.0,0.0
0,0,0,0,25,0.15,72.1,2.7,222,2026-08-14 01:30:00,PT5M,0.0,0.0,0.0,0.0,0.0
0,0,0,0,25,0.15,72.0,2.7,222,2026-08-14 01:35:00,PT5M,0.0,0.0,0.0,0.0,0.0
0,0,0,0,25,0.15,72.0,2.7,222,2026-08-14 01:40:00,PT5M,0.0,0.0,0.0,0.0,0.0
0,0,0,0,25,0.15,71.9,2.8,222,2026-08-14 01:45:00,PT5M,0.0,0.0,0.0,0.0,0.0
0,0,0,0,25,0.15,71.9,2.8,223,2026-08-14 01:50:00,PT5M,0.0,0.0,0.0,0.0,0.0
0,0,0,0,25,0.15,71.8,2.8,223,2026-08-14 01:55:00,PT5M,0.0,0.0,0.0,0.0,0.0
0,0,0,0,25,0.15,71.8,2.9,223,2026-08-14 02:00:00,PT5M,0.0,0.0,0.0,0.0,0.0
0,0,0,0,25,0.15,71.8,2.9,223,2026-08-14 02:05:00,PT5M,0.0,0.0,0.0,0.0,0.0
0,0,0,0,25,0.15,71.7,2.9,223,2026-08-14 02:10:00,PT5M,0.0,0.0,0.0,0.0,0.0
0,0,0,0,25,0.15,71.7,2.9,223,2026-08-14 02:15:00,PT5M,0.0,0.0,0.0,0.0,0.0
0,0,0,0,25,0.15,71.6,3.0,223,2026-08-14 02:20:00,PT5M,0.0,0.0,0.0,0.0,0.0
0,0,0,0,25,0.15,71.6,3.0,223,2026-08-14 02:25:00,PT5M,0.0,0.0,0.0,0.0,0.0
0,0,0,0,25,0.15,71.6,3.0,224,2026-08-14 02:30:00,PT5M,0.0,0.0,0.0,0.0,0.0
0,0,0,0,25,0.15,71.6,3.0,224,2026-08-14 02:35:00,PT5M,0.0,0.0,0.0,0.0,0.0
0,0,0,0,25,0.15,71.7,3.0,224,2026-08-14 02:40:00,PT5M,0.0,0.0,0.0,0.0,0.0
0,0,0,0,25,0.15,71.8,3.0,225,2026-08-14 02:45:00,PT5M,0.0,0.0,0.0,0.0,0.0
0,0,0,0,25,0.15,71.9,3.0,225,2026-08-14 02:50:00,PT5M,0.0,0.0,0.0,0.0,0.0
0,0,0,0,25,0.15,72.1,3.0,226,2026-08-14 02:55:00,PT5M,0.0,0.0,0.0,0.0,0.0
0,0,0,0,25,0.15,72.2,3.0,226,2026-08-14 03:00:00,PT5M,0.0,0.0,0.0,0.0,0.0
0,0,0,0,25,0.15,72.3,3.0,227,2026-08-14 03:05:00,PT5M,0.0,0.0,0.0,0.0,0.0
0,0,0,0,25,0.15,72.4,3.0,227,2026-08-14 03:10:00,PT5M,0.0,0.0,0.0,0.0,0.0
0,0,0,0,25,0.15,72.5,2.9,228,2026-08-14 03:15:00,PT5M,0.0,0.0,0.0,0.0,0.0
0,0,0,0,25,0.15,72.6,2.9,228,2026-08-14 03:20:00,PT5M,0.0,0.0,0.0,0.0,0.0
0,0,0,0,25,0.15,72.7,2.9,228,2026-08-14 03:25:00,PT5M,0.0,0.0,0.0,0.0,0.0
0,0,0,0,25,0.15,72.8,2.9,229,2026-08-14 03:30:00,PT5M,0.0,0.0,0.0,0.0,0.0
0,0,0,0,25,0.15,72.9,2.9,229,2026-08-14 03:35:00,PT5M,0.0,0.0,0.0,0.0,0.0
0,0,0,0,25,0.15,72.9,2.9,229,2026-08-14 03:40:00,PT5M,0.0,0.0,0.0,0.0,0.0
0,0,0,0,25,0.15,73.0,2.9,229,2026-08-14 03:45:00,PT5M,0.0,0.0,0.0,0.0,0.0
0,0,0,0,25,0.15,73.0,2.9,229,2026-08-14 03:50:00,PT5M,0.0,0.0,0.0,0.0,0.0
0,0,0,0,25,0.15,73.1,2.9,229,2026-08-14 03:55:00,PT5M,0.0,0.0,0.0,0.0,0.0
0,0,0,0,25,0.15,73.1,2.8,229,2026-08-14 04:00:00,PT5M,0.0,0.0,0.0,0.0,0.0
0,0,0,0,25,0.15,73.1,2.8,229,2026-08-14 04:05:00,PT5M,0.0,0.0,0.0,0.0,0.0
0,0,0,0,25,0.15,73.2,2.8,229,2026-08-14 04:10:00,PT5M,0.0,0.0,0.0,0.0,0.0
0,0,0,0,25,0.15,73.2,2.8,229,2026-08-14 04:15:00,PT5M,0.0,0.0,0.0,0.0,0.0
0,0,0,0,25,0.15,73.2,2.8,229,2026-08-14 04:20:00,PT5M,0.0,0.0,0.0,0.0,0.0
0,0,0,0,25,0.15,73.3,2.8,229,2026-08-14 04:25:00,PT5M,0.0,0.0,0.0,0.0,0.0
0,0,0,0,25,0.15,73.3,2.8,229,2026-08-14 04:30:00,PT5M,0.0,0.0,0.0,0.0,0.0
0,0,0,0,25,0.15,73.4,2.8,230,2026-08-14 04:35:00,PT5M,0.0,0.0,0.0,0.0,0.0
0,0,0,0,25,0.15,73.4,2.8,230,2026-08-14 04:40:00,PT5M,0.0,0.0,0.0,0.0,0.0
0,0,0,0,25,0.15,73.5,2.8,230,2026-08-14 04:45:00,PT5M,0.0,0.0,0.0,0.0,0.0
0,0,0,0,25,0.15,73.6,2.8,231,2026-08-14 04:50:00,PT5M,0.0,0.0,0.0,0.0,0.0
0,0,0,0,25,0.15,73.7,2.7,231,2026-08-14 04:55:00,PT5M,0.0,0.0,0.0,0.0,0.0
0,0,0,0,25,0.15,73.7,2.7,231,2026-08-14 05:00:00,PT5M,0.0,0.0,0.0,0.0,0.0
0,0,0,0,25,0.15,73.8,2.7,232,2026-08-14 05:05:00,PT5M,0.0,0.0,0.0,0.0,0.0
0,0,0,0,25,0.15,73.9,2.7,232,2026-08-14 05:10:00,PT5M,0.0,0.0,0.0,0.0,0.0
0,0,0,0,25,0.15,74.0,2.7,233,2026-08-14 05:15:00,PT5M,0.0,0.0,0.0,0.0,0.0
0,0,0,0,25,0.15,74.0,2.7,233,2026-08-14 05:20:00,PT5M,0.0,0.0,0.0,0.0,0.0
0,0,0,0,25,0.15,74.1,2.7,233,2026-08-14 05:25:00,PT5M,0.0,0.0,0.0,0.0,0.0
0,0,0,0,25,0.15,74.2,2.7,234,2026-08-14 05:30:00,PT5M,0.0,0.0,0.0,0.0,0.0
0,0,0,0,25,0.15,73.9,2.7,234,2026-08-14 05:35:00,PT5M,0.0,0.0,0.0,0.0,0.0
0,0,0,0,25,0.15,73.4,2.7,234,2026-08-14 05:40:00,PT5M,0.0,0.0,0.0,0.0,0.0
0,0,0,0,25,0.15,72.8,2.7,235,2026-08-14 05:45:00,PT5M,0.0,0.0,0.0,0.0,0.0
0,0,0,0,25,0.15,72.3,2.7,235,2026-08-14 05:50:00,PT5M,0.0,0.0,0.0,0.0,0.0
0,0,0,0,25,0.15,71.7,2.7,235,2026-08-14 05:55:00,PT5M,0.0,0.0,0.0,0.0,0.0
0,0,0,0,25,0.15,71.2,2.7,236,2026-08-14 06:00:00,PT5M,0.0,0.0,0.0,0.0,0.0
0,1,0,1,25,0.15,70.7,2.7,236,2026-08-14 06:05:00,PT5M,0.0,0.0,0.0,0.0,0.0
6,6,0,6,26,0.15,70.2,2.7,236,2026-08-14 06:10:00,PT5M,0.143,0.3035,0.2275,0.0585,0.0
13,13,0,13,26,0.15,69.6,2.7,236,2026-08-14 06:15:00,PT5M,1.129,1.7395,1.4503,0.8077,0.5185
21,22,0,22,26,0.15,69.1,2.7,237,2026-08-14 06:20:00,PT5M,2.211,3.2805,2.7739,1.6481,1.1415
30,31,0,31,26,0.15,68.6,2.7,237,2026-08-14 06:25:00,PT5M,3.397,5.281,4.3886,2.4054,1.513
40,42,4,41,26,0.15,68.1,2.7,237,2026-08-14 06:30:00,PT5M,4.76,7.5865,6.2476,3.2724,1.9335
48,53,30,49,26,0.15,67.6,2.7,238,2026-08-14 06:35:00,PT5M,6.851,10.8775,8.9702,4.7318,2.8245
57,66,59,57,26,0.15,67.1,2.7,238,2026-08-14 06:40:00,PT5M,9.407,14.7715,12.2304,6.5836,4.0425
66,80,90,65,26,0.15,66.6,2.7,238,2026-08-14 06:45:00,PT5M,12.229,19.037,15.8121,8.6459,5.421
77,95,120,73,26,0.15,66.1,2.7,238,2026-08-14 06:50:00,PT5M,15.368,23.653,19.7285,11.0075,7.083
88,111,151,79,27,0.15,65.6,2.7,239,2026-08-14 06:55:00,PT5M,18.868,28.6435,24.0129,13.7231,9.0925
101,128,181,86,27,0.15,65.1,2.7,239,2026-08-14 07:00:00,PT5M,22.458,33.7955,28.425,16.491,11.1205
114,145,209,92,27,0.15,64.6,2.7,239,2026-08-14 07:05:00,PT5M,26.296,39.266,33.1222,19.4698,13.326
127,162,231,99,27,0.15,64.2,2.7,240,2026-08-14 07:10:00,PT5M,30.045,44.7255,37.7715,22.3185,15.3645
141,178,250,105,27,0.15,63.7,2.7,240,2026-08-14 07:15:00,PT5M,33.776,50.233,42.4374,25.1146,17.319
155,195,267,111,27,0.15,63.2,2.7,240,2026-08-14 07:20:00,PT5M,37.588,55.8585,47.2039,27.9721,19.3175
170,212,284,117,27,0.15,62.8,2.7,241,2026-08-14 07:25:00,PT5M,41.445,61.558,52.0306,30.8594,21.332
184,229,300,123,27,0.15,62.3,2.7,241,2026-08-14 07:30:00,PT5M,45.328,67.3475,56.917,33.739,23.3085
199,246,314,129,27,0.15,61.8,2.7,241,2026-08-14 07:35:00,PT5M,49.238,73.1355,61.8154,36.6606,25.3405
214,263,328,135,28,0.15,61.4,2.7,241,2026-08-14 07:40:00,PT5M,53.177,78.982,66.7584,39.5956,27.372
229,280,342,140,28,0.15,60.9,2.8,242,2026-08-14 07:45:00,PT5M,57.164,84.949,71.7874,42.5406,29.379
244,298,354,145,28,0.15,60.5,2.8,242,2026-08-14 07:50:00,PT5M,60.349,89.538,75.7114,44.9866,31.16
260,315,367,150,28,0.15,60.0,2.8,242,2026-08-14 07:55:00,PT5M,62.587,92.3075,78.2291,46.9449,32.8665
275,332,379,155,28,0.15,59.6,2.8,243,2026-08-14 08:00:00,PT5M,64.737,94.9425,80.6344,48.8396,34.5315
291,350,391,160,28,0.15,59.2,2.8,243,2026-08-14 08:05:00,PT5M,66.82,97.473,82.9529,50.6871,36.167
306,367,403,164,28,0.15,58.7,2.8,243,2026-08-14 08:10:00,PT5M,68.822,99.877,85.1665,52.4775,37.767
322,385,415,168,28,0.15,58.3,2.8,243,2026-08-14 08:15:00,PT5M,70.705,100.0,87.2266,54.1834,39.3135
337,402,426,172,28,0.15,57.9,2.8,244,2026-08-14 08:20:00,PT5M,72.459,100.0,89.1182,55.7998,40.806
353,419,436,175,28,0.15,57.4,2.8,244,2026-08-14 08:25:00,PT5M,74.077,100.0,90.833,57.321,42.24
368,436,447,179,29,0.15,57.0,2.8,244,2026-08-14 08:30:00,PT5M,75.563,100.0,92.3598,58.7662,43.6485
383,452,456,182,29,0.15,56.4,2.7,244,2026-08-14 08:35:00,PT5M,76.914,100.0,93.7137,60.1143,44.994
398,469,465,186,29,0.15,55.6,2.7,245,2026-08-14 08:40:00,PT5M,78.175,100.0,94.9492,61.4008,46.3035
413,485,474,189,29,0.15,54.7,2.6,245,2026-08-14 08:45:00,PT5M,79.367,100.0,96.0999,62.6341,47.574
428,502,483,192,29,0.15,53.9,2.6,245,2026-08-14 08:50:00,PT5M,80.496,100.0,97.1755,63.8165,48.8045
443,518,491,195,30,0.15,53.1,2.5,245,2026-08-14 08:55:00,PT5M,81.566,100.0,98.1841,64.9479,49.991
457,533,499,197,30,0.15,52.3,2.4,245,2026-08-14 09:00:00,PT5M,82.587,100.0,99.1346,66.0394,51.146
471,549,507,200,30,0.15,51.6,2.4,246,2026-08-14 09:05:00,PT5M,83.561,100.0,100.0,67.065,52.218
485,564,514,202,30,0.15,50.8,2.3,246,2026-08-14 09:10:00,PT5M,84.49,100.0,100.0,68.0816,53.3135
500,580,523,204,30,0.15,50.1,2.3,246,2026-08-14 09:15:00,PT5M,85.477,100.0,100.0,69.1704,54.494
514,595,532,205,31,0.15,49.3,2.2,246,2026-08-14 09:20:00,PT5M,86.491,100.0,100.0,70.3,55.7275
528,611,540,207,31,0.15,48.6,2.2,247,2026-08-14 09:25:00,PT5M,87.415,100.0,100.0,71.3624,56.9145
541,626,549,208,31,0.15,47.9,2.1,247,2026-08-14 09:30:00,PT5M,88.3,100.0,100.0,72.3874,58.0655
555,640,557,209,31,0.15,47.2,2.0,247,2026-08-14 09:35:00,PT5M,89.149,100.0,100.0,73.3645,59.158
568,655,566,209,32,0.15,46.5,2.0,248,2026-08-14 09:40:00,PT5M,89.963,100.0,100.0,74.2948,60.193
581,669,574,210,32,0.15,45.8,1.9,248,2026-08-14 09:45:00,PT5M,90.744,100.0,100.0,75.305,61.4095
594,683,582,210,32,0.15,45.1,1.9,248,2026-08-14 09:50:00,PT5M,91.493,100.0,100.0,76.278,62.584
606,696,589,211,32,0.15,44.5,1.8,249,2026-08-14 09:55:00,PT5M,92.184,100.0,100.0,77.1821,63.68
618,709,596,211,32,0.15,43.8,1.7,249,2026-08-14 10:00:00,PT5M,92.815,100.0,100.0,78.0155,64.6955
630,722,602,212,33,0.15,43.2,1.7,250,2026-08-14 10:05:00,PT5M,93.408,100.0,100.0,78.8017,65.6555
641,734,608,212,33,0.15,42.6,1.6,250,2026-08-14 10:10:00,PT5M,93.965,100.0,100.0,79.5402,66.5575
652,746,614,213,33,0.15,41.9,1.6,251,2026-08-14 10:15:00,PT5M,94.496,100.0,100.0,80.2449,67.4185
662,757,619,213,33,0.15,41.3,1.5,251,2026-08-14 10:20:00,PT5M,95.001,100.0,100.0,80.9162,68.2395
673,768,625,213,34,0.15,40.7,1.4,252,2026-08-14 10:25:00,PT5M,95.48,100.0,100.0,81.5544,69.021
682,779,630,213,34,0.15,40.2,1.4,253,2026-08-14 10:30:00,PT5M,95.934,100.0,100.0,82.1605,69.764
692,789,635,214,34,0.15,39.6,1.3,253,2026-08-14 10:35:00,PT5M,96.302,100.0,100.0,82.6738,70.408
700,798,637,215,34,0.15,39.0,1.3,254,2026-08-14 10:40:00,PT5M,96.592,100.0,100.0,83.1038,70.964
708,806,640,216,34,0.15,38.4,1.2,255,2026-08-14 10:45:00,PT5M,96.86,100.0,100.0,83.5055,71.486
716,814,643,216,35,0.15,37.9,1.2,256,2026-08-14 10:50:00,PT5M,97.105,100.0,100.0,83.8781,71.9735
723,822,645,217,35,0.15,37.3,1.1,257,2026-08-14 10:55:00,PT5M,97.327,100.0,100.0,84.2204,72.424
730,829,648,218,35,0.15,36.8,1.0,258,2026-08-14 11:00:00,PT5M,97.525,100.0,100.0,84.5297,72.8335
736,836,650,218,35,0.15,36.3,1.0,259,2026-08-14 11:05:00,PT5M,97.7,100.0,100.0,84.8055,73.2
742,842,652,219,35,0.15,35.8,0.9,261,2026-08-14 11:10:00,PT5M,97.846,100.0,100.0,85.0257,73.487
747,848,654,219,36,0.15,35.2,0.9,262,2026-08-14 11:15:00,PT5M,97.98,100.0,100.0,85.2431,73.7795
753,854,656,220,36,0.15,34.7,0.8,264,2026-08-14 11:20:00,PT5M,98.099,100.0,100.0,85.4503,74.066
757,859,658,220,36,0.15,34.2,0.8,266,2026-08-14 11:25:00,PT5M,98.195,100.0,100.0,85.6236,74.309
761,863,660,220,36,0.15,33.8,0.7,269,2026-08-14 11:30:00,PT5M,98.268,100.0,100.0,85.7577,74.498
764,866,659,222,36,0.15,33.5,0.7,270,2026-08-14 11:35:00,PT5M,98.233,100.0,100.0,85.7543,74.523
766,867,655,224,36,0.15,33.5,0.6,271,2026-08-14 11:40:00,PT5M,98.089,100.0,100.0,85.6126,74.3835
767,868,651,227,36,0.15,33.5,0.5,272,2026-08-14 11:45:00,PT5M,97.927,100.0,100.0,85.4464,74.2135
767,868,647,230,37,0.15,33.5,0.4,272,2026-08-14 11:50:00,PT5M,97.744,100.0,100.0,85.2518,74.0085
767,868,643,232,37,0.15,33.4,0.4,274,2026-08-14 11:55:00,PT5M,97.54,100.0,100.0,85.0281,73.767
767,867,639,235,37,0.15,33.4,0.3,276,2026-08-14 12:00:00,PT5M,97.315,100.0,100.0,84.7752,73.489
766,865,634,238,37,0.15,33.4,0.2,279,2026-08-14 12:05:00,PT5M,97.047,100.0,100.0,84.4685,73.1475
764,863,627,242,37,0.15,33.4,0.2,285,2026-08-14 12:10:00,PT5M,96.737,100.0,100.0,84.1085,72.7425
762,860,621,246,37,0.15,33.4,0.1,299,2026-08-14 12:15:00,PT5M,96.481,100.0,100.0,83.7944,72.376
760,857,614,249,37,0.15,33.3,0.1,345,2026-08-14 12:20:00,PT5M,96.227,100.0,100.0,83.4735,71.995
757,853,607,253,37,0.15,33.3,0.1,45,2026-08-14 12:25:00,PT5M,95.948,100.0,100.0,83.1195,71.5735
753,849,600,256,37,0.15,33.3,0.1,64,2026-08-14 12:30:00,PT5M,95.645,100.0,100.0,82.7334,71.1125
749,844,593,259,37,0.15,33.3,0.2,71,2026-08-14 12:35:00,PT5M,95.317,100.0,100.0,82.3022,70.5885
745,839,586,263,37,0.15,33.3,0.3,75,2026-08-14 12:40:00,PT5M,94.965,100.0,100.0,81.8268,70.002
740,833,579,266,37,0.15,33.2,0.4,77,2026-08-14 12:45:00,PT5M,94.59,100.0,100.0,81.3215,69.3795
734,827,571,269,37,0.15,33.2,0.4,78,2026-08-14 12:50:00,PT5M,94.191,100.0,100.0,80.7854,68.72
729,820,564,272,37,0.15,33.2,0.5,79,2026-08-14 12:55:00,PT5M,93.767,100.0,100.0,80.2167,68.021
723,813,556,274,37,0.15,33.2,0.6,80,2026-08-14 13:00:00,PT5M,93.318,100.0,100.0,79.6145,67.281
716,806,549,277,37,0.15,33.2,0.6,81,2026-08-14 13:05:00,PT5M,92.851,100.0,100.0,78.9807,66.497
710,798,542,278,37,0.15,33.2,0.7,81,2026-08-14 13:10:00,PT5M,92.376,100.0,100.0,78.3397,65.7065
703,790,535,280,37,0.15,33.1,0.8,82,2026-08-14 13:15:00,PT5M,91.888,100.0,100.0,77.6967,64.924
695,782,529,281,37,0.15,33.1,0.9,82,2026-08-14 13:20:00,PT5M,91.376,100.0,100.0,77.0228,64.1045
687,773,522,282,37,0.15,33.1,0.9,82,2026-08-14 13:25:00,PT5M,90.889,100.0,100.0,76.3566,63.277
679,764,515,283,37,0.15,33.1,1.0,83,2026-08-14 13:30:00,PT5M,90.307,100.0,100.0,75.5878,62.34
670,754,506,285,37,0.15,33.1,1.1,83,2026-08-14 13:35:00,PT5M,89.636,100.0,100.0,74.7136,61.283
661,743,497,286,37,0.15,33.0,1.2,83,2026-08-14 13:40:00,PT5M,88.876,100.0,100.0,73.736,60.1095
651,732,488,287,37,0.15,33.0,1.2,83,2026-08-14 13:45:00,PT5M,88.087,100.0,100.0,72.7265,58.9015
641,721,479,289,37,0.15,33.0,1.3,83,2026-08-14 13:50:00,PT5M,87.269,100.0,100.0,71.6856,57.66
630,709,469,289,37,0.15,33.0,1.4,83,2026-08-14 13:55:00,PT5M,86.424,100.0,100.0,70.6156,56.3875
620,697,460,290,37,0.15,33.0,1.4,83,2026-08-14 14:00:00,PT5M,85.546,100.0,100.0,69.5097,55.0765
609,684,451,290,37,0.15,32.9,1.5,84,2026-08-14 14:05:00,PT5M,84.636,100.0,100.0,68.3689,53.728
598,672,441,290,37,0.15,32.9,1.6,84,2026-08-14 14:10:00,PT5M,83.693,100.0,100.0,67.1922,52.341
586,659,432,290,37,0.15,32.9,1.7,84,2026-08-14 14:15:00,PT5M,82.715,100.0,99.3663,66.0637,51.077
574,646,423,290,37,0.15,32.9,1.7,84,2026-08-14 14:20:00,PT5M,81.702,100.0,98.4778,64.9262,49.8275
562,633,413,289,37,0.15,32.9,1.8,84,2026-08-14 14:25:00,PT5M,80.653,100.0,97.5504,63.7556,48.5475
550,619,404,288,37,0.15,32.9,1.9,84,2026-08-14 14:30:00,PT5M,79.571,100.0,96.5862,62.5558,47.2415
536,603,389,288,37,0.15,33.1,1.9,84,2026-08-14 14:35:00,PT5M,78.104,100.0,95.2774,60.9306,45.474
521,584,370,290,37,0.15,33.7,1.9,83,2026-08-14 14:40:00,PT5M,76.291,100.0,93.6557,58.9263,43.2975
505,566,351,291,37,0.15,34.3,1.8,83,2026-08-14 14:45:00,PT5M,74.4,100.0,91.9466,56.8534,41.061
489,548,333,292,36,0.15,34.9,1.8,82,2026-08-14 14:50:00,PT5M,72.5,100.0,90.2013,54.7987,38.867
474,529,314,292,36,0.15,35.5,1.8,82,2026-08-14 14:55:00,PT5M,70.553,100.0,88.4127,52.6933,36.619
458,511,297,291,36,0.15,36.2,1.8,81,2026-08-14 15:00:00,PT5M,68.558,100.0,86.5643,50.5517,34.3455
442,493,279,289,36,0.15,36.8,1.7,80,2026-08-14 15:05:00,PT5M,66.515,100.0,84.655,48.375,32.0485
427,475,262,288,35,0.15,37.5,1.7,80,2026-08-14 15:10:00,PT5M,64.424,99.118,82.6837,46.1643,29.73
412,457,246,285,35,0.15,38.1,1.7,79,2026-08-14 15:15:00,PT5M,62.343,97.2305,80.7045,43.9815,27.4555
397,440,231,282,35,0.15,38.8,1.6,78,2026-08-14 15:20:00,PT5M,60.259,95.307,78.705,41.813,25.211
382,422,216,278,35,0.15,39.5,1.6,78,2026-08-14 15:25:00,PT5M,58.16,93.3385,76.6747,39.6453,22.9815
367,405,201,274,35,0.15,40.2,1.6,77,2026-08-14 15:30:00,PT5M,55.984,91.26,74.55,37.418,20.708
352,388,186,270,34,0.15,40.9,1.6,76,2026-08-14 15:35:00,PT5M,53.76,89.0895,72.3542,35.1658,18.4305
337,371,172,265,34,0.15,41.6,1.5,75,2026-08-14 15:40:00,PT5M,51.479,86.816,70.0771,32.8809,16.142
323,354,158,259,34,0.15,42.4,1.5,75,2026-08-14 15:45:00,PT5M,49.149,84.4515,67.729,30.569,13.8465
309,338,144,254,34,0.15,43.1,1.5,74,2026-08-14 15:50:00,PT5M,46.772,81.992,65.3085,28.2355,11.552
294,321,130,247,34,0.15,43.9,1.5,73,2026-08-14 15:55:00,PT5M,44.341,79.445,62.8165,25.8655,9.237
280,305,116,241,33,0.15,44.7,1.4,72,2026-08-14 16:00:00,PT5M,41.889,76.7805,60.2526,23.5254,6.9975
266,289,103,234,33,0.15,45.5,1.4,71,2026-08-14 16:05:00,PT5M,39.623,74.203,57.8227,21.4233,5.043
253,273,89,227,33,0.15,46.3,1.4,70,2026-08-14 16:10:00,PT5M,37.107,71.287,55.0962,19.1178,2.927
239,257,77,219,33,0.15,47.1,1.4,69,2026-08-14 16:15:00,PT5M,34.563,68.259,52.2974,16.8286,0.867
226,242,64,211,33,0.15,48.0,1.3,68,2026-08-14 16:20:00,PT5M,31.996,65.1325,49.436,14.556,0.0
213,227,51,203,32,0.15,48.8,1.3,67,2026-08-14 16:25:00,PT5M,29.414,61.9225,46.5235,12.3045,0.0
200,212,39,194,32,0.15,49.7,1.3,66,2026-08-14 16:30:00,PT5M,26.825,58.6075,43.5524,10.0976,0.0
187,198,28,186,32,0.15,50.6,1.3,65,2026-08-14 16:35:00,PT5M,24.692,55.646,40.9833,8.4007,0.0
176,184,19,177,32,0.15,51.5,1.3,64,2026-08-14 16:40:00,PT5M,22.648,51.442,37.8025,7.4935,0.0
164,171,9,168,31,0.15,52.4,1.2,62,2026-08-14 16:45:00,PT5M,20.55,47.2745,34.6153,6.4847,0.0
153,158,0,158,31,0.15,53.4,1.2,61,2026-08-14 16:50:00,PT5M,18.516,43.206,31.5105,5.5215,0.0
140,145,0,145,31,0.15,54.3,1.2,60,2026-08-14 16:55:00,PT5M,17.124,39.815,29.0664,5.1816,0.0
128,133,0,133,31,0.15,55.3,1.2,59,2026-08-14 17:00:00,PT5M,15.722,36.4295,26.6205,4.8235,0.0
117,121,0,121,31,0.15,56.3,1.2,57,2026-08-14 17:05:00,PT5M,14.297,33.0465,24.165,4.429,0.0
105,109,0,109,30,0.15,57.3,1.1,56,2026-08-14 17:10:00,PT5M,12.889,29.72,21.7473,4.0307,0.0
94,98,0,98,30,0.15,58.4,1.1,54,2026-08-14 17:15:00,PT5M,11.507,26.463,19.3784,3.6356,0.0
83,86,0,86,30,0.15,59.4,1.1,53,2026-08-14 17:20:00,PT5M,10.118,23.279,17.0447,3.1913,0.0
72,75,0,75,30,0.15,60.5,1.1,51,2026-08-14 17:25:00,PT5M,8.785,20.2495,14.8188,2.7512,0.0
62,64,0,64,30,0.15,61.6,1.1,50,2026-08-14 17:30:00,PT5M,7.446,17.285,12.6243,2.2677,0.0
53,54,0,54,29,0.15,62.2,1.0,49,2026-08-14 17:35:00,PT5M,6.193,14.405,10.515,1.871,0.0
44,45,0,45,29,0.15,62.4,0.9,48,2026-08-14 17:40:00,PT5M,5.108,11.7805,8.6198,1.5962,0.0
36,37,0,37,29,0.15,62.5,0.8,47,2026-08-14 17:45:00,PT5M,4.078,9.298,6.8253,1.3307,0.0
28,29,0,29,29,0.15,62.6,0.7,46,2026-08-14 17:50:00,PT5M,3.068,6.964,5.1185,1.0175,0.0
22,23,0,23,29,0.15,62.8,0.7,45,2026-08-14 17:55:00,PT5M,2.214,5.0045,3.6827,0.7453,0.0
16,17,0,17,29,0.15,62.9,0.6,43,2026-08-14 18:00:00,PT5M,1.472,3.3265,2.448,0.496,0.0
11,11,0,11,29,0.15,63.0,0.5,41,2026-08-14 18:05:00,PT5M,0.785,1.862,1.3518,0.2182,0.0
6,6,0,6,29,0.15,63.2,0.4,38,2026-08-14 18:10:00,PT5M,0.152,0.616,0.3962,0.0,0.0
2,2,0,2,29,0.15,63.3,0.3,33,2026-08-14 18:15:00,PT5M,0.0,0.0,0.0,0.0,0.0
0,0,0,0,29,0.15,63.4,0.2,24,2026-08-14 18:20:00,PT5M,0.0,0.0,0.0,0.0,0.0
0,0,0,0,29,0.15,63.6,0.1,5,2026-08-14 18:25:00,PT5M,0.0,0.0,0.0,0.0,0.0
0,0,0,0,29,0.15,63.7,0.1,326,2026-08-14 18:30:00,PT5M,0.0,0.0,0.0,0.0,0.0
0,0,0,0,29,0.15,63.9,0.1,286,2026-08-14 18:35:00,PT5M,0.0,0.0,0.0,0.0,0.0
0,0,0,0,29,0.15,64.0,0.2,267,2026-08-14 18:40:00,PT5M,0.0,0.0,0.0,0.0,0.0
0,0,0,0,29,0.15,64.1,0.3,257,2026-08-14 18:45:00,PT5M,0.0,0.0,0.0,0.0,0.0
0,0,0,0,29,0.15,64.3,0.4,252,2026-08-14 18:50:00,PT5M,0.0,0.0,0.0,0.0,0.0
0,0,0,0,28,0.15,64.4,0.5,249,2026-08-14 18:55:00,PT5M,0.0,0.0,0.0,0.0,0.0
0,0,0,0,28,0.15,64.6,0.6,246,2026-08-14 19:00:00,PT5M,0.0,0.0,0.0,0.0,0.0
0,0,0,0,28,0.15,64.7,0.6,245,2026-08-14 19:05:00,PT5M,0.0,0.0,0.0,0.0,0.0
0,0,0,0,28,0.15,64.9,0.7,244,2026-08-14 19:10:00,PT5M,0.0,0.0,0.0,0.0,0.0
0,0,0,0,28,0.15,65.0,0.8,243,2026-08-14 19:15:00,PT5M,0.0,0.0,0.0,0.0,0.0
0,0,0,0,28,0.15,65.1,0.9,242,2026-08-14 19:20:00,PT5M,0.0,0.0,0.0,0.0,0.0
0,0,0,0,28,0.15,65.3,1.0,241,2026-08-14 19:25:00,PT5M,0.0,0.0,0.0,0.0,0.0
0,0,0,0,28,0.15,65.4,1.1,241,2026-08-14 19:30:00,PT5M,0.0,0.0,0.0,0.0,0.0
0,0,0,0,28,0.15,65.6,1.2,240,2026-08-14 19:35:00,PT5M,0.0,0.0,0.0,0.0,0.0
0,0,0,0,28,0.15,65.7,1.3,240,2026-08-14 19:40:00,PT5M,0.0,0.0,0.0,0.0,0.0
0,0,0,0,28,0.15,65.9,1.4,240,2026-08-14 19:45:00,PT5M,0.0,0.0,0.0,0.0,0.0
0,0,0,0,28,0.15,66.0,1.5,239,2026-08-14 19:50:00,PT5M,0.0,0.0,0.0,0.0,0.0
0,0,0,0,28,0.15,66.2,1.6,239,2026-08-14 19:55:00,PT5M,0.0,0.0,0.0,0.0,0.0
0,0,0,0,28,0.15,66.3,1.7,239,2026-08-14 20:00:00,PT5M,0.0,0.0,0.0,0.0,0.0
0,0,0,0,28,0.15,66.5,1.7,239,2026-08-14 20:05:00,PT5M,0.0,0.0,0.0,0.0,0.0
0,0,0,0,28,0.15,66.6,1.8,238,2026-08-14 20:10:00,PT5M,0.0,0.0,0.0,0.0,0.0
0,0,0,0,28,0.15,66.7,1.9,238,2026-08-14 20:15:00,PT5M,0.0,0.0,0.0,0.0,0.0
0,0,0,0,27,0.15,66.9,2.0,238,2026-08-14 20:20:00,PT5M,0.0,0.0,0.0,0.0,0.0
0,0,0,0,27,0.15,67.0,2.1,238,2026-08-14 20:25:00,PT5M,0.0,0.0,0.0,0.0,0.0
0,0,0,0,27,0.15,67.2,2.2,238,2026-08-14 20:30:00,PT5M,0.0,0.0,0.0,0.0,0.0
0,0,0,0,27,0.15,67.4,2.2,238,2026-08-14 20:35:00,PT5M,0.0,0.0,0.0,0.0,0.0
0,0,0,0,27,0.15,67.6,2.2,237,2026-08-14 20:40:00,PT5M,0.0,0.0,0.0,0.0,0.0
0,0,0,0,27,0.15,67.8,2.2,237,2026-08-14 20:45:00,PT5M,0.0,0.0,0.0,0.0,0.0
0,0,0,0,27,0.15,68.0,2.2,236,2026-08-14 20:50:00,PT5M,0.0,0.0,0.0,0.0,0.0
0,0,0,0,27,0.15,68.2,2.2,236,2026-08-14 20:55:00,PT5M,0.0,0.0,0.0,0.0,0.0
0,0,0,0,27,0.15,68.4,2.2,235,2026-08-14 21:00:00,PT5M,0.0,0.0,0.0,0.0,0.0
0,0,0,0,27,0.15,68.6,2.1,235,2026-08-14 21:05:00,PT5M,0.0,0.0,0.0,0.0,0.0
0,0,0,0,27,0.15,68.8,2.1,234,2026-08-14 21:10:00,PT5M,0.0,0.0,0.0,0.0,0.0
0,0,0,0,27,0.15,69.0,2.1,234,2026-08-14 21:15:00,PT5M,0.0,0.0,0.0,0.0,0.0
0,0,0,0,27,0.15,69.2,2.1,233,2026-08-14 21:20:00,PT5M,0.0,0.0,0.0,0.0,0.0
0,0,0,0,27,0.15,69.4,2.1,233,2026-08-14 21:25:00,PT5M,0.0,0.0,0.0,0.0,0.0
0,0,0,0,27,0.15,69.6,2.1,232,2026-08-14 21:30:00,PT5M,0.0,0.0,0.0,0.0,0.0
0,0,0,0,27,0.15,69.8,2.1,232,2026-08-14 21:35:00,PT5M,0.0,0.0,0.0,0.0,0.0
0,0,0,0,27,0.15,70.0,2.0,231,2026-08-14 21:40:00,PT5M,0.0,0.0,0.0,0.0,0.0
0,0,0,0,27,0.15,70.2,2.0,231,2026-08-14 21:45:00,PT5M,0.0,0.0,0.0,0.0,0.0
0,0,0,0,27,0.15,70.4,2.0,230,2026-08-14 21:50:00,PT5M,0.0,0.0,0.0,0.0,0.0
0,0,0,0,26,0.15,70.6,2.0,230,2026-08-14 21:55:00,PT5M,0.0,0.0,0.0,0.0,0.0
0,0,0,0,26,0.15,70.8,2.0,229,2026-08-14 22:00:00,PT5M,0.0,0.0,0.0,0.0,0.0
0,0,0,0,26,0.15,71.0,2.0,229,2026-08-14 22:05:00,PT5M,0.0,0.0,0.0,0.0,0.0
0,0,0,0,26,0.15,71.2,2.0,228,2026-08-14 22:10:00,PT5M,0.0,0.0,0.0,0.0,0.0
0,0,0,0,26,0.15,71.4,2.0,228,2026-08-14 22:15:00,PT5M,0.0,0.0,0.0,0.0,0.0
0,0,0,0,26,0.15,71.6,1.9,227,2026-08-14 22:20:00,PT5M,0.0,0.0,0.0,0.0,0.0
0,0,0,0,26,0.15,71.9,1.9,227,2026-08-14 22:25:00,PT5M,0.0,0.0,0.0,0.0,0.0
0,0,0,0,26,0.15,72.1,1.9,226,2026-08-14 22:30:00,PT5M,0.0,0.0,0.0,0.0,0.0
0,0,0,0,26,0.15,72.3,1.9,225,2026-08-14 22:35:00,PT5M,0.0,0.0,0.0,0.0,0.0
0,0,0,0,26,0.15,72.5,1.9,225,2026-08-14 22:40:00,PT5M,0.0,0.0,0.0,0.0,0.0
0,0,0,0,26,0.15,72.7,1.9,224,2026-08-14 22:45:00,PT5M,0.0,0.0,0.0,0.0,0.0
0,0,0,0,26,0.15,72.9,1.9,224,2026-08-14 22:50:00,PT5M,0.0,0.0,0.0,0.0,0.0
0,0,0,0,26,0.15,73.1,1.9,223,2026-08-14 22:55:00,PT5M,0.0,0.0,0.0,0.0,0.0
0,0,0,0,26,0.15,73.4,1.8,222,2026-08-14 23:00:00,PT5M,0.0,0.0,0.0,0.0,0.0
0,0,0,0,26,0.15,73.6,1.8,222,2026-08-14 23:05:00,PT5M,0.0,0.0,0.0,0.0,0.0
0,0,0,0,26,0.15,73.8,1.8,221,2026-08-14 23:10:00,PT5M,0.0,0.0,0.0,0.0,0.0
0,0,0,0,26,0.15,74.0,1.8,220,2026-08-14 23:15:00,PT5M,0.0,0.0,0.0,0.0,0.0
0,0,0,0,26,0.15,74.2,1.8,220,2026-08-14 23:20:00,PT5M,0.0,0.0,0.0,0.0,0.0
0,0,0,0,26,0.15,74.5,1.8,219,2026-08-14 23:25:00,PT5M,0.0,0.0,0.0,0.0,0.0
0,0,0,0,25,0.15,74.7,1.8,218,2026-08-14 23:30:00,PT5M,0.0,0.0,0.0,0.0,0.0
0,0,0,0,25,0.15,74.8,1.8,218,2026-08-14 23:35:00,PT5M,0.0,0.0,0.0,0.0,0.0
0,0,0,0,25,0.15,74.7,1.8,218,2026-08-14 23:40:00,PT5M,0.0,0.0,0.0,0.0,0.0
0,0,0,0,25,0.15,74.7,1.8,219,2026-08-14 23:45:00,PT5M,0.0,0.0,0.0,0.0,0.0
0,0,0,0,25,0.15,74.7,1.8,219,2026-08-14 23:50:00,PT5M,0.0,0.0,0.0,0.0,0.0
0,0,0,0,25,0.15,74.7,1.8,219,2026-08-14 23:55:00,PT5M,0.0,0.0,0.0,0.0,0.0
0,0,0,0,25,0.15,74.6,1.8,219,2026-08-15 00:00:00,PT5M,0.0,0.0,0.0,0.0,0.0
0,0,0,0,25,0.15,74.6,1.8,220,2026-08-15 00:05:00,PT5M,0.0,0.0,0.0,0.0,0.0
0,0,0,0,25,0.15,74.6,1.8,220,2026-08-15 00:10:00,PT5M,0.0,0.0,0.0,0.0,0.0
0,0,0,0,25,0.15,74.5,1.8,220,2026-08-15 00:15:00,PT5M,0.0,0.0,0.0,0.0,0.0
0,0,0,0,25,0.15,74.5,1.8,220,2026-08-15 00:20:00,PT5M,0.0,0.0,0.0,0.0,0.0
0,0,0,0,25,0.15,74.5,1.8,220,2026-08-15 00:25:00,PT5M,0.0,0.0,0.0,0.0,0.0
0,0,0,0,25,0.15,74.5,1.8,221,2026-08-15 00:30:00,PT5M,0.0,0.0,0.0,0.0,0.0
0,0,0,0,25,0.15,74.4,1.8,221,2026-08-15 00:35:00,PT5M,0.0,0.0,0.0,0.0,0.0
0,0,0,0,25,0.15,74.4,1.9,221,2026-08-15 00:40:00,PT5M,0.0,0.0,0.0,0.0,0.0
0,0,0,0,25,0.15,74.4,1.9,221,2026-08-15 00:45:00,PT5M,0.0,0.0,0.0,0.0,0.0
0,0,0,0,25,0.15,74.3,1.9,221,2026-08-15 00:50:00,PT5M,0.0,0.0,0.0,0.0,0.0
0,0,0,0,25,0.15,74.3,1.9,221,2026-08-15 00:55:00,PT5M,0.0,0.0,0.0,0.0,0.0
0,0,0,0,25,0.15,74.3,1.9,222,2026-08-15 01:00:00,PT5M,0.0,0.0,0.0,0.0,0.0
0,0,0,0,25,0.15,74.2,1.9,222,2026-08-15 01:05:00,PT5M,0.0,0.0,0.0,0.0,0.0
0,0,0,0,25,0.15,74.2,1.9,222,2026-08-15 01:10:00,PT5M,0.0,0.0,0.0,0.0,0.0
0,0,0,0,25,0.15,74.2,1.9,222,2026-08-15 01:15:00,PT5M,0.0,0.0,0.0,0.0,0.0
0,0,0,0,25,0.15,74.2,1.9,222,2026-08-15 01:20:00,PT5M,0.0,0.0,0.0,0.0,0.0
0,0,0,0,25,0.15,74.1,1.9,223,2026-08-15 01:25:00,PT5M,0.0,0.0,0.0,0.0,0.0
0,0,0,0,25,0.15,74.1,1.9,223,2026-08-15 01:30:00,PT5M,0.0,0.0,0.0,0.0,0.0
0,0,0,0,25,0.15,74.1,1.9,223,2026-08-15 01:35:00,PT5M,0.0,0.0,0.0,0.0,0.0
0,0,0,0,25,0.15,74.0,1.9,223,2026-08-15 01:40:00,PT5M,0.0,0.0,0.0,0.0,0.0
0,0,0,0,25,0.15,74.0,1.9,223,2026-08-15 01:45:00,PT5M,0.0,0.0,0.0,0.0,0.0
0,0,0,0,25,0.15,74.0,1.9,224,2026-08-15 01:50:00,PT5M,0.0,0.0,0.0,0.0,0.0
0,0,0,0,25,0.15,74.0,1.9,224,2026-08-15 01:55:00,PT5M,0.0,0.0,0.0,0.0,0.0
0,0,0,0,25,0.15,73.9,1.9,224,2026-08-15 02:00:00,PT5M,0.0,0.0,0.0,0.0,0.0
0,0,0,0,25,0.15,73.9,1.9,224,2026-08-15 02:05:00,PT5M,0.0,0.0,0.0,0.0,0.0
0,0,0,0,25,0.15,73.9,2.0,224,2026-08-15 02:10:00,PT5M,0.0,0.0,0.0,0.0,0.0
0,0,0,0,25,0.15,73.8,2.0,224,2026-08-15 02:15:00,PT5M,0.0,0.0,0.0,0.0,0.0
0,0,0,0,25,0.15,73.8,2.0,225,2026-08-15 02:20:00,PT5M,0.0,0.0,0.0,0.0,0.0
0,0,0,0,25,0.15,73.8,2.0,225,2026-08-15 02:25:00,PT5M,0.0,0.0,0.0,0.0,0.0
0,0,0,0,25,0.15,73.7,2.0,225,2026-08-15 02:30:00,PT5M,0.0,0.0,0.0,0.0,0.0
0,0,0,0,25,0.15,73.7,2.0,225,2026-08-15 02:35:00,PT5M,0.0,0.0,0.0,0.0,0.0
0,0,0,0,25,0.15,73.8,2.0,225,2026-08-15 02:40:00,PT5M,0.0,0.0,0.0,0.0,0.0
0,0,0,0,25,0.15,73.8,2.0,225,2026-08-15 02:45:00,PT5M,0.0,0.0,0.0,0.0,0.0
0,0,0,0,25,0.15,73.8,2.0,225,2026-08-15 02:50:00,PT5M,0.0,0.0,0.0,0.0,0.0
0,0,0,0,25,0.15,73.8,2.0,225,2026-08-15 02:55:00,PT5M,0.0,0.0,0.0,0.0,0.0
0,0,0,0,25,0.15,73.8,2.0,225,2026-08-15 03:00:00,PT5M,0.0,0.0,0.0,0.0,0.0
0,0,0,0,25,0.15,73.8,2.0,225,2026-08-15 03:05:00,PT5M,0.0,0.0,0.0,0.0,0.0
0,0,0,0,25,0.15,73.8,2.0,225,2026-08-15 03:10:00,PT5M,0.0,0.0,0.0,0.0,0.0
0,0,0,0,25,0.15,73.8,2.0,225,2026-08-15 03:15:00,PT5M,0.0,0.0,0.0,0.0,0.0
0,0,0,0,25,0.15,73.8,2.0,225,2026-08-15 03:20:00,PT5M,0.0,0.0,0.0,0.0,0.0
0,0,0,0,25,0.15,73.8,2.0,225,2026-08-15 03:25:00,PT5M,0.0,0.0,0.0,0.0,0.0
0,0,0,0,25,0.15,73.9,2.0,225,2026-08-15 03:30:00,PT5M,0.0,0.0,0.0,0.0,0.0
0,0,0,0,25,0.15,73.9,2.0,225,2026-08-15 03:35:00,PT5M,0.0,0.0,0.0,0.0,0.0
0,0,0,0,25,0.15,73.9,2.0,225,2026-08-15 03:40:00,PT5M,0.0,0.0,0.0,0.0,0.0
0,0,0,0,24,0.15,73.9,2.0,225,2026-08-15 03:45:00,PT5M,0.0,0.0,0.0,0.0,0.0
0,0,0,0,24,0.15,73.9,2.0,225,2026-08-15 03:50:00,PT5M,0.0,0.0,0.0,0.0,0.0
0,0,0,0,24,0.15,73.9,2.0,225,2026-08-15 03:55:00,PT5M,0.0,0.0,0.0,0.0,0.0
0,0,0,0,24,0.15,73.9,2.0,225,2026-08-15 04:00:00,PT5M,0.0,0.0,0.0,0.0,0.0
0,0,0,0,24,0.15,73.9,2.1,225,2026-08-15 04:05:00,PT5M,0.0,0.0,0.0,0.0,0.0
0,0,0,0,24,0.15,73.9,2.1,225,2026-08-15 04:10:00,PT5M,0.0,0.0,0.0,0.0,0.0
0,0,0,0,24,0.15,74.0,2.1,225,2026-08-15 04:15:00,PT5M,0.0,0.0,0.0,0.0,0.0
0,0,0,0,24,0.15,74.0,2.1,225,2026-08-15 04:20:00,PT5M,0.0,0.0,0.0,0.0,0.0
0,0,0,0,24,0.15,74.0,2.1,225,2026-08-15 04:25:00,PT5M,0.0,0.0,0.0,0.0,0.0
0,0,0,0,24,0.15,74.0,2.1,225,2026-08-15 04:30:00,PT5M,0.0,0.0,0.0,0.0,0.0
0,0,0,0,24,0.15,74.0,2.1,225,2026-08-15 04:35:00,PT5M,0.0,0.0,0.0,0.0,0.0
0,0,0,0,24,0.15,74.0,2.1,225,2026-08-15 04:40:00,PT5M,0.0,0.0,0.0,0.0,0.0
0,0,0,0,24,0.15,74.0,2.1,225,2026-08-15 04:45:00,PT5M,0.0,0.0,0.0,0.0,0.0
0,0,0,0,24,0.15,74.0,2.1,225,2026-08-15 04:50:00,PT5M,0.0,0.0,0.0,0.0,0.0
0,0,0,0,24,0.15,74.0,2.1,225,2026-08-15 04:55:00,PT5M,0.0,0.0,0.0,0.0,0.0
0,0,0,0,24,0.15,74.1,2.1,225,2026-08-15 05:00:00,PT5M,0.0,0.0,0.0,0.0,0.0
0,0,0,0,24,0.15,74.1,2.1,225,2026-08-15 05:05:00,PT5M,0.0,0.0,0.0,0.0,0.0
0,0,0,0,24,0.15,74.1,2.1,225,2026-08-15 05:10:00,PT5M,0.0,0.0,0.0,0.0,0.0
0,0,0,0,24,0.15,74.1,2.1,225,2026-08-15 05:15:00,PT5M,0.0,0.0,0.0,0.0,0.0
0,0,0,0,24,0.15,74.1,2.1,225,2026-08-15 05:20:00,PT5M,0.0,0.0,0.0,0.0,0.0
0,0,0,0,24,0.15,74.1,2.1,225,2026-08-15 05:25:00,PT5M,0.0,0.0,0.0,0.0,0.0
0,0,0,0,24,0.15,74.1,2.1,225,2026-08-15 05:30:00,PT5M,0.0,0.0,0.0,0.0,0.0
0,0,0,0,24,0.15,73.8,2.1,225,2026-08-15 05:35:00,PT5M,0.0,0.0,0.0,0.0,0.0
0,0,0,0,24,0.15,73.2,2.1,226,2026-08-15 05:40:00,PT5M,0.0,0.0,0.0,0.0,0.0
0,0,0,0,25,0.15,72.6,2.1,227,2026-08-15 05:45:00,PT5M,0.0,0.0,0.0,0.0,0.0
0,0,0,0,25,0.15,72.0,2.1,228,2026-08-15 05:50:00,PT5M,0.0,0.0,0.0,0.0,0.0
0,0,0,0,25,0.15,71.4,2.1,229,2026-08-15 05:55:00,PT5M,0.0,0.0,0.0,0.0,0.0
0,0,0,0,25,0.15,70.8,2.1,230,2026-08-15 06:00:00,PT5M,0.0,0.0,0.0,0.0,0.0
1,1,0,1,25,0.15,70.2,2.1,231,2026-08-15 06:05:00,PT5M,0.0,0.0,0.0,0.0,0.0
7,7,0,7,25,0.15,69.6,2.1,232,2026-08-15 06:10:00,PT5M,0.225,0.3895,0.3116,0.1384,0.0605
14,15,0,15,25,0.15,69.1,2.1,232,2026-08-15 06:15:00,PT5M,1.288,1.8815,1.6004,0.9756,0.6945
23,23,0,23,25,0.15,68.5,2.1,233,2026-08-15 06:20:00,PT5M,2.446,3.4745,2.9873,1.9047,1.4175
31,33,10,32,26,0.15,67.9,2.1,234,2026-08-15 06:25:00,PT5M,3.815,5.602,4.7555,2.8745,2.028
38,44,37,40,26,0.15,67.4,2.1,235,2026-08-15 06:30:00,PT5M,5.644,8.301,7.0424,4.2456,2.987
47,57,64,48,26,0.15,66.8,2.1,236,2026-08-15 06:35:00,PT5M,7.983,11.719,9.9493,6.0167,4.247
56,70,96,56,26,0.15,66.3,2.1,237,2026-08-15 06:40:00,PT5M,10.783,15.743,13.3935,8.1725,5.823
66,85,128,63,26,0.15,65.7,2.1,238,2026-08-15 06:45:00,PT5M,13.93,20.2505,17.2565,10.6035,7.6095
77,100,160,70,26,0.15,65.2,2.1,239,2026-08-15 06:50:00,PT5M,17.299,24.9715,21.3371,13.2609,9.6265
89,117,191,76,26,0.15,64.7,2.1,240,2026-08-15 06:55:00,PT5M,20.951,29.9865,25.7064,16.1956,11.9155
102,134,222,82,27,0.15,64.1,2.1,240,2026-08-15 07:00:00,PT5M,24.749,35.2145,30.2571,19.2409,14.2835
116,152,252,88,27,0.15,63.6,2.1,241,2026-08-15 07:05:00,PT5M,28.859,40.8505,35.1702,22.5478,16.8675
130,169,277,94,27,0.15,63.1,2.1,242,2026-08-15 07:10:00,PT5M,32.914,46.5425,40.0868,25.7412,19.2855
145,187,297,100,27,0.15,62.6,2.1,243,2026-08-15 07:15:00,PT5M,36.945,52.279,45.0154,28.8746,21.611
159,204,315,106,27,0.15,62.1,2.1,244,2026-08-15 07:20:00,PT5M,41.077,58.156,50.0658,32.0882,23.998
175,222,333,111,27,0.15,61.5,2.1,245,2026-08-15 07:25:00,PT5M,45.219,64.0745,55.1428,35.2952,26.3635
190,240,350,117,27,0.15,61.0,2.1,246,2026-08-15 07:30:00,PT5M,49.373,70.0265,60.2431,38.5029,28.7195
206,258,365,122,27,0.15,60.6,2.1,247,2026-08-15 07:35:00,PT5M,53.538,76.0095,65.3649,41.7111,31.0665
221,276,379,127,28,0.15,60.1,2.1,248,2026-08-15 07:40:00,PT5M,57.715,82.038,70.5164,44.9136,33.392
237,294,393,132,28,0.15,59.6,2.1,249,2026-08-15 07:45:00,PT5M,61.925,88.2165,75.7624,48.0876,35.6335
253,312,406,137,28,0.15,59.1,2.1,249,2026-08-15 07:50:00,PT5M,65.248,92.893,79.7978,50.6982,37.603
269,330,419,141,28,0.15,58.6,2.1,250,2026-08-15 07:55:00,PT5M,67.448,95.613,82.2714,52.6246,39.283
285,348,431,146,28,0.15,58.1,2.1,251,2026-08-15 08:00:00,PT5M,69.548,98.1825,84.6185,54.4775,40.9135
301,366,443,150,28,0.15,57.7,2.1,252,2026-08-15 08:05:00,PT5M,71.568,100.0,86.8635,56.2725,42.506
317,383,455,154,28,0.15,57.2,2.1,253,2026-08-15 08:10:00,PT5M,73.496,100.0,88.991,58.001,44.055
333,401,466,158,28,0.15,56.7,2.1,254,2026-08-15 08:15:00,PT5M,75.292,100.0,90.9499,59.6341,45.5415
349,419,476,161,29,0.15,56.3,2.1,255,2026-08-15 08:20:00,PT5M,76.946,100.0,92.7265,61.1655,46.9625
365,436,486,165,29,0.15,55.8,2.1,255,2026-08-15 08:25:00,PT5M,78.454,100.0,94.3148,62.5932,48.318
381,454,496,168,29,0.15,55.4,2.2,256,2026-08-15 08:30:00,PT5M,79.81,100.0,95.6932,63.9268,49.6315
397,470,504,171,29,0.15,54.8,2.1,257,2026-08-15 08:35:00,PT5M,81.025,100.0,96.8984,65.1516,50.865
412,487,512,175,29,0.15,54.0,2.1,258,2026-08-15 08:40:00,PT5M,82.148,100.0,97.9896,66.3064,52.0485
427,504,520,178,29,0.15,53.2,2.0,259,2026-08-15 08:45:00,PT5M,83.2,100.0,98.9776,67.4224,53.222
442,520,527,181,30,0.15,52.5,2.0,259,2026-08-15 08:50:00,PT5M,84.187,100.0,99.8594,68.5146,54.409
457,536,534,184,30,0.15,51.8,1.9,260,2026-08-15 08:55:00,PT5M,85.116,100.0,100.0,69.5523,55.5445
472,552,541,187,30,0.15,51.0,1.9,261,2026-08-15 09:00:00,PT5M,86.052,100.0,100.0,70.6017,56.696
486,567,547,189,30,0.15,50.3,1.8,262,2026-08-15 09:05:00,PT5M,86.864,100.0,100.0,71.5324,57.7335
500,582,553,192,31,0.15,49.6,1.8,263,2026-08-15 09:10:00,PT5M,87.617,100.0,100.0,72.4086,58.7205
514,597,559,195,31,0.15,48.9,1.7,264,2026-08-15 09:15:00,PT5M,88.442,100.0,100.0,73.3715,59.8075
528,613,566,197,31,0.15,48.3,1.7,266,2026-08-15 09:20:00,PT5M,89.244,100.0,100.0,74.3153,60.879
542,627,573,199,31,0.15,47.6,1.6,267,2026-08-15 09:25:00,PT5M,90.008,100.0,100.0,75.2227,61.9155
556,642,579,200,31,0.15,46.9,1.6,268,2026-08-15 09:30:00,PT5M,90.737,100.0,100.0,76.0772,62.883
569,657,587,202,32,0.15,46.3,1.5,269,2026-08-15 09:35:00,PT5M,91.501,100.0,100.0,77.0004,63.9495
583,672,595,202,32,0.15,45.6,1.5,271,2026-08-15 09:40:00,PT5M,92.299,100.0,100.0,77.8677,64.879
596,686,603,203,32,0.15,45.0,1.5,273,2026-08-15 09:45:00,PT5M,93.064,100.0,100.0,78.8053,65.972
609,700,611,203,32,0.15,44.4,1.4,274,2026-08-15 09:50:00,PT5M,93.797,100.0,100.0,79.7101,67.0315
622,714,619,203,32,0.15,43.8,1.4,276,2026-08-15 09:55:00,PT5M,94.466,100.0,100.0,80.6502,68.2155
634,727,625,204,33,0.15,43.2,1.3,278,2026-08-15 10:00:00,PT5M,95.08,100.0,100.0,81.5252,69.3255
646,740,632,204,33,0.15,42.6,1.3,280,2026-08-15 10:05:00,PT5M,95.668,100.0,100.0,82.3669,70.3955
657,752,638,204,33,0.15,42.0,1.3,282,2026-08-15 10:10:00,PT5M,96.227,100.0,100.0,83.1696,71.4175
668,765,645,204,33,0.15,41.4,1.2,284,2026-08-15 10:15:00,PT5M,96.76,100.0,100.0,83.9384,72.3985
679,776,651,204,33,0.15,40.9,1.2,286,2026-08-15 10:20:00,PT5M,97.266,100.0,100.0,84.6723,73.3375
690,788,657,204,34,0.15,40.3,1.2,289,2026-08-15 10:25:00,PT5M,97.745,100.0,100.0,85.3713,74.2345
700,799,662,204,34,0.15,39.8,1.1,291,2026-08-15 10:30:00,PT5M,98.199,100.0,100.0,86.0379,75.0925
709,808,666,204,34,0.15,39.2,1.1,294,2026-08-15 10:35:00,PT5M,98.504,100.0,100.0,86.535,75.7625
717,816,666,206,34,0.15,38.7,1.1,297,2026-08-15 10:40:00,PT5M,98.671,100.0,100.0,86.8746,76.2575
724,824,667,208,35,0.15,38.2,1.1,300,2026-08-15 10:45:00,PT5M,98.816,100.0,100.0,87.1857,76.718
731,831,667,210,35,0.15,37.6,1.0,303,2026-08-15 10:50:00,PT5M,98.939,100.0,100.0,87.4673,77.1425
738,838,668,212,35,0.15,37.1,1.0,306,2026-08-15 10:55:00,PT5M,99.041,100.0,100.0,87.7204,77.5315
744,844,668,213,35,0.15,36.6,1.0,309,2026-08-15 11:00:00,PT5M,99.119,100.0,100.0,87.94,77.8785
749,850,668,215,35,0.15,36.1,1.0,313,2026-08-15 11:05:00,PT5M,99.167,100.0,100.0,88.1174,78.1725
754,855,667,217,36,0.15,35.7,1.0,316,2026-08-15 11:10:00,PT5M,99.18,100.0,100.0,88.2344,78.383
759,860,666,219,36,0.15,35.2,1.0,319,2026-08-15 11:15:00,PT5M,99.182,100.0,100.0,88.3472,78.5955
763,864,665,221,36,0.15,34.7,1.0,323,2026-08-15 11:20:00,PT5M,99.169,100.0,100.0,88.4471,78.797
767,868,664,223,36,0.15,34.2,1.0,326,2026-08-15 11:25:00,PT5M,99.135,100.0,100.0,88.5149,78.9565
770,871,663,225,36,0.15,33.8,1.0,329,2026-08-15 11:30:00,PT5M,99.079,100.0,100.0,88.5455,79.065
773,874,661,227,37,0.15,33.5,1.0,332,2026-08-15 11:35:00,PT5M,99.03,100.0,100.0,88.527,79.074
776,876,660,229,37,0.15,33.4,0.9,336,2026-08-15 11:40:00,PT5M,98.989,100.0,100.0,88.4605,78.9845
777,878,658,231,37,0.15,33.4,0.9,339,2026-08-15 11:45:00,PT5M,98.929,100.0,100.0,88.3679,78.8625
779,879,656,232,37,0.15,33.3,0.8,344,2026-08-15 11:50:00,PT5M,98.847,100.0,100.0,88.2453,78.7035
780,880,654,234,37,0.15,33.2,0.8,349,2026-08-15 11:55:00,PT5M,98.744,100.0,100.0,88.0936,78.508
780,880,651,236,37,0.15,33.2,0.7,354,2026-08-15 12:00:00,PT5M,98.618,100.0,100.0,87.9105,78.2735
780,880,649,237,37,0.15,33.1,0.7,0,2026-08-15 12:05:00,PT5M,98.489,100.0,100.0,87.7192,78.026
780,880,648,237,37,0.15,33.0,0.6,8,2026-08-15 12:10:00,PT5M,98.356,100.0,100.0,87.5185,77.7645
779,878,647,238,37,0.15,33.0,0.6,15,2026-08-15 12:15:00,PT5M,98.28,100.0,100.0,87.3657,77.5425
777,877,645,238,37,0.15,32.9,0.6,23,2026-08-15 12:20:00,PT5M,98.202,100.0,100.0,87.2019,77.3015
776,875,643,239,37,0.15,32.8,0.6,31,2026-08-15 12:25:00,PT5M,98.099,100.0,100.0,87.0047,77.0195
773,872,641,239,37,0.15,32.8,0.6,39,2026-08-15 12:30:00,PT5M,97.972,100.0,100.0,86.7746,76.6965
770,869,637,240,37,0.15,32.7,0.7,46,2026-08-15 12:35:00,PT5M,97.765,100.0,100.0,86.4562,76.278
766,864,632,242,37,0.15,32.6,0.7,53,2026-08-15 12:40:00,PT5M,97.478,100.0,100.0,86.0498,75.764
761,859,627,244,37,0.15,32.6,0.7,59,2026-08-15 12:45:00,PT5M,97.17,100.0,100.0,85.6152,75.2155
756,853,622,245,37,0.15,32.5,0.8,64,2026-08-15 12:50:00,PT5M,96.84,100.0,100.0,85.1507,74.63
751,847,617,246,37,0.15,32.4,0.8,69,2026-08-15 12:55:00,PT5M,96.488,100.0,100.0,84.6558,74.0065
745,840,611,248,37,0.15,32.4,0.9,73,2026-08-15 13:00:00,PT5M,96.114,100.0,100.0,84.1295,73.343
739,833,605,249,37,0.15,32.3,1.0,76,2026-08-15 13:05:00,PT5M,95.691,100.0,100.0,83.5349,72.594
732,825,598,251,37,0.15,32.2,1.0,79,2026-08-15 13:10:00,PT5M,95.225,100.0,100.0,82.8907,71.7895
724,817,591,253,37,0.15,32.2,1.1,82,2026-08-15 13:15:00,PT5M,94.744,100.0,100.0,82.2387,70.9835
717,808,583,255,37,0.15,32.1,1.2,84,2026-08-15 13:20:00,PT5M,94.239,100.0,100.0,81.6187,70.26
709,799,576,257,37,0.15,32.0,1.3,86,2026-08-15 13:25:00,PT5M,93.701,100.0,100.0,80.8844,69.349
700,790,568,258,37,0.15,32.0,1.3,88,2026-08-15 13:30:00,PT5M,93.133,100.0,100.0,80.1106,68.39
691,779,560,260,37,0.15,31.9,1.4,89,2026-08-15 13:35:00,PT5M,92.477,100.0,100.0,79.2285,67.3045
681,768,550,263,37,0.15,31.8,1.5,91,2026-08-15 13:40:00,PT5M,91.733,100.0,100.0,78.2401,66.096
671,757,540,265,37,0.15,31.8,1.6,92,2026-08-15 13:45:00,PT5M,90.959,100.0,100.0,77.2158,64.8465
660,745,530,266,37,0.15,31.7,1.6,93,2026-08-15 13:50:00,PT5M,90.158,100.0,100.0,76.1595,63.5605
650,733,520,268,37,0.15,31.6,1.7,94,2026-08-15 13:55:00,PT5M,89.364,100.0,100.0,75.1048,62.271
639,720,510,269,37,0.15,31.6,1.8,95,2026-08-15 14:00:00,PT5M,88.504,100.0,100.0,73.9782,60.9045
627,708,501,270,37,0.15,31.5,1.9,96,2026-08-15 14:05:00,PT5M,87.622,100.0,100.0,72.8349,59.526
616,695,491,270,37,0.15,31.5,2.0,97,2026-08-15 14:10:00,PT5M,86.717,100.0,100.0,71.6712,58.1295
604,682,482,270,37,0.15,31.4,2.0,98,2026-08-15 14:15:00,PT5M,85.779,100.0,100.0,70.545,56.834
592,668,472,270,37,0.15,31.3,2.1,98,2026-08-15 14:20:00,PT5M,84.808,100.0,100.0,69.4183,55.567
580,655,463,270,38,0.15,31.3,2.2,99,2026-08-15 14:25:00,PT5M,83.805,100.0,99.3495,68.2605,54.27
567,641,453,269,38,0.15,31.2,2.3,100,2026-08-15 14:30:00,PT5M,82.769,100.0,98.4645,67.0735,52.947
553,624,438,270,37,0.15,31.5,2.3,99,2026-08-15 14:35:00,PT5M,81.352,100.0,97.2523,65.4517,51.141
537,605,418,273,37,0.15,32.1,2.3,98,2026-08-15 14:40:00,PT5M,79.589,100.0,95.7393,63.4387,48.903
520,586,398,275,37,0.15,32.7,2.3,97,2026-08-15 14:45:00,PT5M,77.779,100.0,94.1698,61.3882,46.636
504,568,379,276,37,0.15,33.3,2.2,96,2026-08-15 14:50:00,PT5M,75.922,100.0,92.5428,59.3012,44.342
488,549,360,277,36,0.15,34.0,2.2,95,2026-08-15 14:55:00,PT5M,73.993,100.0,90.8135,57.1725,42.0335
472,530,342,277,36,0.15,34.6,2.2,94,2026-08-15 15:00:00,PT5M,72.047,100.0,89.0725,55.0215,39.698
456,511,323,276,36,0.15,35.3,2.2,92,2026-08-15 15:05:00,PT5M,70.006,100.0,87.2149,52.7971,37.3085
440,492,303,276,36,0.15,36.0,2.1,91,2026-08-15 15:10:00,PT5M,67.865,100.0,85.2326,50.4974,34.866
424,474,285,275,36,0.15,36.6,2.1,90,2026-08-15 15:15:00,PT5M,65.731,98.992,83.2365,48.2255,32.47
408,456,268,273,35,0.15,37.4,2.1,89,2026-08-15 15:20:00,PT5M,63.584,97.0685,81.2071,45.9609,30.0995
393,438,250,270,35,0.15,38.1,2.1,87,2026-08-15 15:25:00,PT5M,61.381,95.054,79.1033,43.6587,27.708
377,420,233,267,35,0.15,38.8,2.0,86,2026-08-15 15:30:00,PT5M,59.123,92.947,76.9248,41.3212,25.299
362,402,217,264,35,0.15,39.6,2.0,85,2026-08-15 15:35:00,PT5M,56.846,90.7825,74.707,38.985,22.9095
347,384,200,260,34,0.15,40.3,2.0,83,2026-08-15 15:40:00,PT5M,54.463,88.4705,72.3614,36.5646,20.4555
332,366,184,256,34,0.15,41.1,2.0,82,2026-08-15 15:45:00,PT5M,52.022,86.051,69.9317,34.1123,17.993
317,349,168,251,34,0.15,41.9,2.0,80,2026-08-15 15:50:00,PT5M,49.522,83.5155,67.413,31.631,15.5285
302,332,152,245,34,0.15,42.7,2.0,79,2026-08-15 15:55:00,PT5M,46.956,80.8505,64.7949,29.1171,13.0615
287,315,136,239,33,0.15,43.6,2.0,77,2026-08-15 16:00:00,PT5M,44.354,78.0415,62.084,26.624,10.6665
273,298,122,233,33,0.15,44.4,1.9,76,2026-08-15 16:05:00,PT5M,41.772,75.184,59.357,24.187,8.36
259,281,108,226,33,0.15,45.3,1.9,74,2026-08-15 16:10:00,PT5M,39.429,72.508,56.8387,22.0193,6.35
245,265,94,218,33,0.15,46.2,1.9,73,2026-08-15 16:15:00,PT5M,36.837,69.5075,54.0317,19.6423,4.1665
231,249,81,211,32,0.15,47.1,1.9,71,2026-08-15 16:20:00,PT5M,34.218,66.4145,51.1632,17.2728,2.0215
218,234,68,203,32,0.15,48.0,1.9,70,2026-08-15 16:25:00,PT5M,31.579,63.198,48.2203,14.9377,0.0
205,219,55,194,32,0.15,48.9,1.9,68,2026-08-15 16:30:00,PT5M,28.928,59.9355,45.2475,12.6085,0.0
192,204,43,186,32,0.15,49.9,1.9,67,2026-08-15 16:35:00,PT5M,26.409,56.56,42.2777,10.5403,0.0
180,190,33,177,32,0.15,50.9,1.9,65,2026-08-15 16:40:00,PT5M,24.154,52.2285,38.9298,9.3782,0.0
168,176,22,168,31,0.15,51.9,1.9,64,2026-08-15 16:45:00,PT5M,22.076,48.1715,35.8102,8.3418,0.0
156,163,11,158,31,0.15,52.9,1.9,62,2026-08-15 16:50:00,PT5M,19.815,43.9535,32.5193,7.1107,0.0
144,149,1,149,31,0.15,53.9,1.9,60,2026-08-15 16:55:00,PT5M,17.633,39.8355,29.3183,5.9477,0.0
132,136,0,136,31,0.15,55.0,1.9,59,2026-08-15 17:00:00,PT5M,16.134,36.411,26.8059,5.4621,0.0
119,124,0,124,30,0.15,56.1,1.9,57,2026-08-15 17:05:00,PT5M,14.653,33.0285,24.3242,4.9818,0.0
108,111,0,111,30,0.15,57.2,1.9,56,2026-08-15 17:10:00,PT5M,13.194,29.7025,21.8825,4.5055,0.0
96,100,0,100,30,0.15,58.3,1.9,54,2026-08-15 17:15:00,PT5M,11.765,26.4465,19.492,4.038,0.0
85,88,0,88,30,0.15,59.5,2.0,53,2026-08-15 17:20:00,PT5M,10.329,23.2635,17.1365,3.5215,0.0
73,76,0,76,29,0.15,60.6,2.0,51,2026-08-15 17:25:00,PT5M,8.959,20.2385,14.8955,3.0225,0.0
63,65,0,65,29,0.15,61.8,2.0,50,2026-08-15 17:30:00,PT5M,7.575,17.2635,12.6741,2.4759,0.0
53,55,0,55,29,0.15,62.6,1.9,49,2026-08-15 17:35:00,PT5M,6.324,14.402,10.5755,2.0725,0.0
45,46,0,46,29,0.15,62.8,1.9,50,2026-08-15 17:40:00,PT5M,5.259,11.801,8.7021,1.8159,0.0
37,38,0,38,29,0.15,63.0,1.8,50,2026-08-15 17:45:00,PT5M,4.227,9.3225,6.9088,1.5452,0.0
29,30,0,30,29,0.15,63.2,1.7,51,2026-08-15 17:50:00,PT5M,3.206,6.9875,5.1962,1.2158,0.0
23,24,0,24,29,0.15,63.4,1.6,51,2026-08-15 17:55:00,PT5M,2.339,5.03,3.7553,0.9227,0.0
17,17,0,17,29,0.15,63.7,1.6,52,2026-08-15 18:00:00,PT5M,1.571,3.3335,2.4986,0.6434,0.0
11,12,0,12,29,0.15,63.9,1.5,53,2026-08-15 18:05:00,PT5M,0.852,1.8965,1.4017,0.3023,0.0
6,7,0,7,29,0.15,64.1,1.4,54,2026-08-15 18:10:00,PT5M,0.181,0.6145,0.4092,0.0,0.0
2,2,0,2,29,0.15,64.3,1.3,55,2026-08-15 18:15:00,PT5M,0.0,0.0,0.0,0.0,0.0
0,0,0,0,28,0.15,64.6,1.3,56,2026-08-15 18:20:00,PT5M,0.0,0.0,0.0,0.0,0.0
0,0,0,0,28,0.15,64.8,1.2,57,2026-08-15 18:25:00,PT5M,0.0,0.0,0.0,0.0,0.0
0,0,0,0,28,0.15,65.0,1.1,58,2026-08-15 18:30:00,PT5M,0.0,0.0,0.0,0.0,0.0
0,0,0,0,28,0.15,65.3,1.1,59,2026-08-15 18:35:00,PT5M,0.0,0.0,0.0,0.0,0.0
0,0,0,0,28,0.15,65.5,1.0,61,2026-08-15 18:40:00,PT5M,0.0,0.0,0.0,0.0,0.0
0,0,0,0,28,0.15,65.7,0.9,63,2026-08-15 18:45:00,PT5M,0.0,0.0,0.0,0.0,0.0
0,0,0,0,28,0.15,66.0,0.8,65,2026-08-15 18:50:00,PT5M,0.0,0.0,0.0,0.0,0.0
0,0,0,0,28,0.15,66.2,0.8,68,2026-08-15 18:55:00,PT5M,0.0,0.0,0.0,0.0,0.0
0,0,0,0,28,0.15,66.4,0.7,71,2026-08-15 19:00:00,PT5M,0.0,0.0,0.0,0.0,0.0
0,0,0,0,28,0.15,66.7,0.6,75,2026-08-15 19:05:00,PT5M,0.0,0.0,0.0,0.0,0.0
0,0,0,0,28,0.15,66.9,0.6,79,2026-08-15 19:10:00,PT5M,0.0,0.0,0.0,0.0,0.0
0,0,0,0,28,0.15,67.1,0.5,85,2026-08-15 19:15:00,PT5M,0.0,0.0,0.0,0.0,0.0
0,0,0,0,28,0.15,67.4,0.5,92,2026-08-15 19:20:00,PT5M,0.0,0.0,0.0,0.0,0.0
0,0,0,0,28,0.15,67.6,0.4,100,2026-08-15 19:25:00,PT5M,0.0,0.0,0.0,0.0,0.0
0,0,0,0,28,0.15,67.9,0.4,109,2026-08-15 19:30:00,PT5M,0.0,0.0,0.0,0.0,0.0
0,0,0,0,27,0.15,68.1,0.4,120,2026-08-15 19:35:00,PT5M,0.0,0.0,0.0,0.0,0.0
0,0,0,0,27,0.15,68.4,0.4,131,2026-08-15 19:40:00,PT5M,0.0,0.0,0.0,0.0,0.0
0,0,0,0,27,0.15,68.6,0.4,142,2026-08-15 19:45:00,PT5M,0.0,0.0,0.0,0.0,0.0
0,0,0,0,27,0.15,68.8,0.4,152,2026-08-15 19:50:00,PT5M,0.0,0.0,0.0,0.0,0.0
0,0,0,0,27,0.15,69.1,0.5,161,2026-08-15 19:55:00,PT5M,0.0,0.0,0.0,0.0,0.0
0,0,0,0,27,0.15,69.3,0.5,168,2026-08-15 20:00:00,PT5M,0.0,0.0,0.0,0.0,0.0
0,0,0,0,27,0.15,69.6,0.6,174,2026-08-15 20:05:00,PT5M,0.0,0.0,0.0,0.0,0.0
0,0,0,0,27,0.15,69.8,0.6,179,2026-08-15 20:10:00,PT5M,0.0,0.0,0.0,0.0,0.0
0,0,0,0,27,0.15,70.1,0.7,183,2026-08-15 20:15:00,PT5M,0.0,0.0,0.0,0.0,0.0
0,0,0,0,27,0.15,70.3,0.8,186,2026-08-15 20:20:00,PT5M,0.0,0.0,0.0,0.0,0.0
0,0,0,0,27,0.15,70.6,0.8,189,2026-08-15 20:25:00,PT5M,0.0,0.0,0.0,0.0,0.0
0,0,0,0,27,0.15,70.8,0.9,191,2026-08-15 20:30:00,PT5M,0.0,0.0,0.0,0.0,0.0
0,0,0,0,27,0.15,71.1,0.9,193,2026-08-15 20:35:00,PT5M,0.0,0.0,0.0,0.0,0.0
0,0,0,0,27,0.15,71.3,0.9,193,2026-08-15 20:40:00,PT5M,0.0,0.0,0.0,0.0,0.0
0,0,0,0,27,0.15,71.6,0.9,194,2026-08-15 20:45:00,PT5M,0.0,0.0,0.0,0.0,0.0
0,0,0,0,27,0.15,71.8,0.9,194,2026-08-15 20:50:00,PT5M,0.0,0.0,0.0,0.0,0.0
0,0,0,0,26,0.15,72.1,0.9,195,2026-08-15 20:55:00,PT5M,0.0,0.0,0.0,0.0,0.0
0,0,0,0,26,0.15,72.3,0.9,196,2026-08-15 21:00:00,PT5M,0.0,0.0,0.0,0.0,0.0
0,0,0,0,26,0.15,72.6,0.8,196,2026-08-15 21:05:00,PT5M,0.0,0.0,0.0,0.0,0.0
0,0,0,0,26,0.15,72.8,0.8,197,2026-08-15 21:10:00,PT5M,0.0,0.0,0.0,0.0,0.0
0,0,0,0,26,0.15,73.1,0.8,198,2026-08-15 21:15:00,PT5M,0.0,0.0,0.0,0.0,0.0
0,0,0,0,26,0.15,73.3,0.8,198,2026-08-15 21:20:00,PT5M,0.0,0.0,0.0,0.0,0.0
0,0,0,0,26,0.15,73.6,0.8,199,2026-08-15 21:25:00,PT5M,0.0,0.0,0.0,0.0,0.0
0,0,0,0,26,0.15,73.8,0.8,200,2026-08-15 21:30:00,PT5M,0.0,0.0,0.0,0.0,0.0
0,0,0,0,26,0.15,74.1,0.8,200,2026-08-15 21:35:00,PT5M,0.0,0.0,0.0,0.0,0.0
0,0,0,0,26,0.15,74.4,0.8,201,2026-08-15 21:40:00,PT5M,0.0,0.0,0.0,0.0,0.0
0,0,0,0,26,0.15,74.6,0.8,202,2026-08-15 21:45:00,PT5M,0.0,0.0,0.0,0.0,0.0
0,0,0,0,26,0.15,74.9,0.7,203,2026-08-15 21:50:00,PT5M,0.0,0.0,0.0,0.0,0.0
0,0,0,0,26,0.15,75.1,0.7,203,2026-08-15 21:55:00,PT5M,0.0,0.0,0.0,0.0,0.0
0,0,0,0,26,0.15,75.4,0.7,204,2026-08-15 22:00:00,PT5M,0.0,0.0,0.0,0.0,0.0
0,0,0,0,26,0.15,75.7,0.7,205,2026-08-15 22:05:00,PT5M,0.0,0.0,0.0,0.0,0.0
0,0,0,0,26,0.15,75.9,0.7,206,2026-08-15 22:10:00,PT5M,0.0,0.0,0.0,0.0,0.0
0,0,0,0,26,0.15,76.2,0.7,207,2026-08-15 22:15:00,PT5M,0.0,0.0,0.0,0.0,0.0
0,0,0,0,25,0.15,76.4,0.7,208,2026-08-15 22:20:00,PT5M,0.0,0.0,0.0,0.0,0.0
0,0,0,0,25,0.15,76.7,0.7,209,2026-08-15 22:25:00,PT5M,0.0,0.0,0.0,0.0,0.0
0,0,0,0,25,0.15,77.0,0.7,210,2026-08-15 22:30:00,PT5M,0.0,0.0,0.0,0.0,0.0
0,0,0,0,25,0.15,77.2,0.7,211,2026-08-15 22:35:00,PT5M,0.0,0.0,0.0,0.0,0.0
0,0,0,0,25,0.15,77.5,0.6,212,2026-08-15 22:40:00,PT5M,0.0,0.0,0.0,0.0,0.0
0,0,0,0,25,0.15,77.8,0.6,213,2026-08-15 22:45:00,PT5M,0.0,0.0,0.0,0.0,0.0
0,0,0,0,25,0.15,78.1,0.6,214,2026-08-15 22:50:00,PT5M,0.0,0.0,0.0,0.0,0.0
0,0,0,0,25,0.15,78.3,0.6,215,2026-08-15 22:55:00,PT5M,0.0,0.0,0.0,0.0,0.0
0,0,0,0,25,0.15,78.6,0.6,217,2026-08-15 23:00:00,PT5M,0.0,0.0,0.0,0.0,0.0
0,0,0,0,25,0.15,78.9,0.6,218,2026-08-15 23:05:00,PT5M,0.0,0.0,0.0,0.0,0.0
0,0,0,0,25,0.15,79.1,0.6,219,2026-08-15 23:10:00,PT5M,0.0,0.0,0.0,0.0,0.0
0,0,0,0,25,0.15,79.4,0.6,220,2026-08-15 23:15:00,PT5M,0.0,0.0,0.0,0.0,0.0
0,0,0,0,25,0.15,79.7,0.6,222,2026-08-15 23:20:00,PT5M,0.0,0.0,0.0,0.0,0.0
0,0,0,0,25,0.15,80.0,0.6,223,2026-08-15 23:25:00,PT5M,0.0,0.0,0.0,0.0,0.0
0,0,0,0,25,0.15,80.3,0.6,224,2026-08-15 23:30:00,PT5M,0.0,0.0,0.0,0.0,0.0
0,0,0,0,25,0.15,80.4,0.6,225,2026-08-15 23:35:00,PT5M,0.0,0.0,0.0,0.0,0.0
0,0,0,0,25,0.15,80.4,0.6,225,2026-08-15 23:40:00,PT5M,0.0,0.0,0.0,0.0,0.0
0,0,0,0,25,0.15,80.4,0.6,225,2026-08-15 23:45:00,PT5M,0.0,0.0,0.0,0.0,0.0
0,0,0,0,25,0.15,80.4,0.7,225,2026-08-15 23:50:00,PT5M,0.0,0.0,0.0,0.0,0.0
0,0,0,0,25,0.15,80.4,0.7,225,2026-08-15 23:55:00,PT5M,0.0,0.0,0.0,0.0,0.0
0,0,0,0,25,0.15,80.5,0.7,225,2026-08-16 00:00:00,PT5M,0.0,0.0,0.0,0.0,0.0
0,0,0,0,25,0.15,80.5,0.8,225,2026-08-16 00:05:00,PT5M,0.0,0.0,0.0,0.0,0.0
0,0,0,0,25,0.15,80.5,0.8,225,2026-08-16 00:10:00,PT5M,0.0,0.0,0.0,0.0,0.0
0,0,0,0,24,0.15,80.5,0.8,225,2026-08-16 00:15:00,PT5M,0.0,0.0,0.0,0.0,0.0
0,0,0,0,24,0.15,80.5,0.9,225,2026-08-16 00:20:00,PT5M,0.0,0.0,0.0,0.0,0.0
0,0,0,0,24,0.15,80.5,0.9,225,2026-08-16 00:25:00,PT5M,0.0,0.0,0.0,0.0,0.0
0,0,0,0,24,0.15,80.5,0.9,225,2026-08-16 00:30:00,PT5M,0.0,0.0,0.0,0.0,0.0
0,0,0,0,24,0.15,80.5,1.0,225,2026-08-16 00:35:00,PT5M,0.0,0.0,0.0,0.0,0.0
0,0,0,0,24,0.15,80.5,1.0,225,2026-08-16 00:40:00,PT5M,0.0,0.0,0.0,0.0,0.0
0,0,0,0,24,0.15,80.6,1.0,225,2026-08-16 00:45:00,PT5M,0.0,0.0,0.0,0.0,0.0
0,0,0,0,24,0.15,80.6,1.1,225,2026-08-16 00:50:00,PT5M,0.0,0.0,0.0,0.0,0.0
0,0,0,0,24,0.15,80.6,1.1,225,2026-08-16 00:55:00,PT5M,0.0,0.0,0.0,0.0,0.0
0,0,0,0,24,0.15,80.6,1.1,225,2026-08-16 01:00:00,PT5M,0.0,0.0,0.0,0.0,0.0
0,0,0,0,24,0.15,80.6,1.1,225,2026-08-16 01:05:00,PT5M,0.0,0.0,0.0,0.0,0.0
0,0,0,0,24,0.15,80.6,1.2,225,2026-08-16 01:10:00,PT5M,0.0,0.0,0.0,0.0,0.0
0,0,0,0,24,0.15,80.6,1.2,225,2026-08-16 01:15:00,PT5M,0.0,0.0,0.0,0.0,0.0
0,0,0,0,24,0.15,80.6,1.2,225,2026-08-16 01:20:00,PT5M,0.0,0.0,0.0,0.0,0.0
0,0,0,0,24,0.15,80.6,1.3,225,2026-08-16 01:25:00,PT5M,0.0,0.0,0.0,0.0,0.0
0,0,0,0,24,0.15,80.7,1.3,225,2026-08-16 01:30:00,PT5M,0.0,0.0,0.0,0.0,0.0
0,0,0,0,24,0.15,80.7,1.3,225,2026-08-16 01:35:00,PT5M,0.0,0.0,0.0,0.0,0.0
0,0,0,0,24,0.15,80.7,1.4,225,2026-08-16 01:40:00,PT5M,0.0,0.0,0.0,0.0,0.0
0,0,0,0,24,0.15,80.7,1.4,225,2026-08-16 01:45:00,PT5M,0.0,0.0,0.0,0.0,0.0
0,0,0,0,24,0.15,80.7,1.4,225,2026-08-16 01:50:00,PT5M,0.0,0.0,0.0,0.0,0.0
0,0,0,0,24,0.15,80.7,1.5,225,2026-08-16 01:55:00,PT5M,0.0,0.0,0.0,0.0,0.0
0,0,0,0,24,0.15,80.7,1.5,225,2026-08-16 02:00:00,PT5M,0.0,0.0,0.0,0.0,0.0
0,0,0,0,24,0.15,80.7,1.5,225,2026-08-16 02:05:00,PT5M,0.0,0.0,0.0,0.0,0.0
0,0,0,0,24,0.15,80.7,1.6,225,2026-08-16 02:10:00,PT5M,0.0,0.0,0.0,0.0,0.0
0,0,0,0,24,0.15,80.8,1.6,225,2026-08-16 02:15:00,PT5M,0.0,0.0,0.0,0.0,0.0
0,0,0,0,24,0.15,80.8,1.6,225,2026-08-16 02:20:00,PT5M,0.0,0.0,0.0,0.0,0.0
0,0,0,0,24,0.15,80.8,1.6,225,2026-08-16 02:25:00,PT5M,0.0,0.0,0.0,0.0,0.0
0,0,0,0,24,0.15,80.8,1.7,225,2026-08-16 02:30:00,PT5M,0.0,0.0,0.0,0.0,0.0
0,0,0,0,24,0.15,80.8,1.7,225,2026-08-16 02:35:00,PT5M,0.0,0.0,0.0,0.0,0.0
0,0,0,0,24,0.15,80.8,1.7,225,2026-08-16 02:40:00,PT5M,0.0,0.0,0.0,0.0,0.0
0,0,0,0,24,0.15,80.9,1.7,225,2026-08-16 02:45:00,PT5M,0.0,0.0,0.0,0.0,0.0
0,0,0,0,24,0.15,80.9,1.7,225,2026-08-16 02:50:00,PT5M,0.0,0.0,0.0,0.0,0.0
0,0,0,0,24,0.15,80.9,1.8,225,2026-08-16 02:55:00,PT5M,0.0,0.0,0.0,0.0,0.0
0,0,0,0,24,0.15,80.9,1.8,225,2026-08-16 03:00:00,PT5M,0.0,0.0,0.0,0.0,0.0
0,0,0,0,24,0.15,81.0,1.8,225,2026-08-16 03:05:00,PT5M,0.0,0.0,0.0,0.0,0.0
0,0,0,0,24,0.15,81.0,1.8,225,2026-08-16 03:10:00,PT5M,0.0,0.0,0.0,0.0,0.0
0,0,0,0,24,0.15,81.0,1.8,224,2026-08-16 03:15:00,PT5M,0.0,0.0,0.0,0.0,0.0
0,0,0,0,24,0.15,81.0,1.8,224,2026-08-16 03:20:00,PT5M,0.0,0.0,0.0,0.0,0.0
0,0,0,0,24,0.15,81.1,1.8,224,2026-08-16 03:25:00,PT5M,0.0,0.0,0.0,0.0,0.0
0,0,0,0,24,0.15,81.1,1.9,224,2026-08-16 03:30:00,PT5M,0.0,0.0,0.0,0.0,0.0
0,0,0,0,24,0.15,81.1,1.9,224,2026-08-16 03:35:00,PT5M,0.0,0.0,0.0,0.0,0.0
0,0,0,0,24,0.15,81.2,1.9,224,2026-08-16 03:40:00,PT5M,0.0,0.0,0.0,0.0,0.0
0,0,0,0,24,0.15,81.2,1.9,224,2026-08-16 03:45:00,PT5M,0.0,0.0,0.0,0.0,0.0
0,0,0,0,24,0.15,81.2,1.9,224,2026-08-16 03:50:00,PT5M,0.0,0.0,0.0,0.0,0.0
0,0,0,0,24,0.15,81.2,1.9,224,2026-08-16 03:55:00,PT5M,0.0,0.0,0.0,0.0,0.0
0,0,0,0,24,0.15,81.3,1.9,224,2026-08-16 04:00:00,PT5M,0.0,0.0,0.0,0.0,0.0
0,0,0,0,24,0.15,81.3,2.0,224,2026-08-16 04:05:00,PT5M,0.0,0.0,0.0,0.0,0.0
0,0,0,0,24,0.15,81.3,2.0,224,2026-08-16 04:10:00,PT5M,0.0,0.0,0.0,0.0,0.0
0,0,0,0,24,0.15,81.3,2.0,224,2026-08-16 04:15:00,PT5M,0.0,0.0,0.0,0.0,0.0
0,0,0,0,24,0.15,81.4,2.0,224,2026-08-16 04:20:00,PT5M,0.0,0.0,0.0,0.0,0.0
0,0,0,0,24,0.15,81.4,2.0,224,2026-08-16 04:25:00,PT5M,0.0,0.0,0.0,0.0,0.0
0,0,0,0,24,0.15,81.4,2.0,224,2026-08-16 04:30:00,PT5M,0.0,0.0,0.0,0.0,0.0
0,0,0,0,24,0.15,81.4,2.0,224,2026-08-16 04:35:00,PT5M,0.0,0.0,0.0,0.0,0.0
0,0,0,0,24,0.15,81.5,2.0,224,2026-08-16 04:40:00,PT5M,0.0,0.0,0.0,0.0,0.0
0,0,0,0,24,0.15,81.5,2.1,224,2026-08-16 04:45:00,PT5M,0.0,0.0,0.0,0.0,0.0
0,0,0,0,24,0.15,81.5,2.1,224,2026-08-16 04:50:00,PT5M,0.0,0.0,0.0,0.0,0.0
0,0,0,0,24,0.15,81.5,2.1,223,2026-08-16 04:55:00,PT5M,0.0,0.0,0.0,0.0,0.0
0,0,0,0,24,0.15,81.6,2.1,223,2026-08-16 05:00:00,PT5M,0.0,0.0,0.0,0.0,0.0
0,0,0,0,24,0.15,81.6,2.1,223,2026-08-16 05:05:00,PT5M,0.0,0.0,0.0,0.0,0.0
0,0,0,0,24,0.15,81.6,2.1,223,2026-08-16 05:10:00,PT5M,0.0,0.0,0.0,0.0,0.0
0,0,0,0,23,0.15,81.6,2.1,223,2026-08-16 05:15:00,PT5M,0.0,0.0,0.0,0.0,0.0
0,0,0,0,23,0.15,81.7,2.2,223,2026-08-16 05:20:00,PT5M,0.0,0.0,0.0,0.0,0.0
0,0,0,0,23,0.15,81.7,2.2,223,2026-08-16 05:25:00,PT5M,0.0,0.0,0.0,0.0,0.0
0,0,0,0,23,0.15,81.7,2.2,223,2026-08-16 05:30:00,PT5M,0.0,0.0,0.0,0.0,0.0
0,0,0,0,24,0.15,81.3,2.2,223,2026-08-16 05:35:00,PT5M,0.0,0.0,0.0,0.0,0.0
0,0,0,0,24,0.15,80.5,2.2,224,2026-08-16 05:40:00,PT5M,0.0,0.0,0.0,0.0,0.0
0,0,0,0,24,0.15,79.6,2.3,224,2026-08-16 05:45:00,PT5M,0.0,0.0,0.0,0.0,0.0
0,0,0,0,24,0.15,78.8,2.3,225,2026-08-16 05:50:00,PT5M,0.0,0.0,0.0,0.0,0.0
0,0,0,0,24,0.15,77.9,2.3,225,2026-08-16 05:55:00,PT5M,0.0,0.0,0.0,0.0,0.0
0,0,0,0,24,0.15,77.1,2.4,226,2026-08-16 06:00:00,PT5M,0.0,0.0,0.0,0.0,0.0
1,1,0,1,24,0.15,76.3,2.4,226,2026-08-16 06:05:00,PT5M,0.0,0.0,0.0,0.0,0.0
6,6,0,6,25,0.15,75.5,2.4,226,2026-08-16 06:10:00,PT5M,0.143,0.3105,0.2312,0.0548,0.0
13,13,0,13,25,0.15,74.7,2.4,227,2026-08-16 06:15:00,PT5M,1.12,1.757,1.4553,0.7847,0.483
21,21,0,21,25,0.15,73.9,2.5,227,2026-08-16 06:20:00,PT5M,2.193,3.2885,2.7696,1.6164,1.0975
30,31,0,31,25,0.15,73.2,2.5,228,2026-08-16 06:25:00,PT5M,3.366,5.248,4.3565,2.3755,1.484
40,41,0,41,25,0.15,72.4,2.5,228,2026-08-16 06:30:00,PT5M,4.665,7.4495,6.1305,3.1995,1.8805
49,53,20,50,25,0.15,71.6,2.6,228,2026-08-16 06:35:00,PT5M,6.636,10.5445,8.6931,4.5789,2.7275
57,66,50,58,25,0.15,70.9,2.6,229,2026-08-16 06:40:00,PT5M,9.143,14.3685,11.8932,6.3928,3.9175
67,80,81,66,26,0.15,70.2,2.6,229,2026-08-16 06:45:00,PT5M,11.976,18.5875,15.4557,8.4963,5.3645
78,95,112,74,26,0.15,69.4,2.7,229,2026-08-16 06:50:00,PT5M,15.145,23.1755,19.3715,10.9185,7.1145
90,111,144,81,26,0.15,68.7,2.7,230,2026-08-16 06:55:00,PT5M,18.672,28.1375,23.6538,13.6902,9.2065
103,128,176,87,26,0.15,68.0,2.7,230,2026-08-16 07:00:00,PT5M,22.409,33.3785,28.1823,16.6357,11.4395
116,146,207,93,26,0.15,67.3,2.7,230,2026-08-16 07:05:00,PT5M,26.428,38.983,33.0358,19.8202,13.873
130,163,233,100,26,0.15,66.6,2.8,231,2026-08-16 07:10:00,PT5M,30.407,44.6405,37.8982,22.9158,16.1735
144,181,255,106,26,0.15,65.9,2.8,231,2026-08-16 07:15:00,PT5M,34.43,50.406,42.8383,26.0217,18.454
159,198,276,112,27,0.15,65.2,2.8,231,2026-08-16 07:20:00,PT5M,38.578,56.333,47.9226,29.2334,20.823
174,216,297,117,27,0.15,64.5,2.9,232,2026-08-16 07:25:00,PT5M,42.814,62.3755,53.1094,32.5186,23.2525
189,235,317,123,27,0.15,63.9,2.9,232,2026-08-16 07:30:00,PT5M,47.116,68.5015,58.3713,35.8607,25.7305
205,253,336,128,27,0.15,63.2,2.9,232,2026-08-16 07:35:00,PT5M,51.441,74.667,63.665,39.217,28.215
221,271,353,133,27,0.15,62.6,3.0,232,2026-08-16 07:40:00,PT5M,55.723,80.8645,68.9552,42.4908,30.5815
237,289,369,137,27,0.15,61.9,3.0,233,2026-08-16 07:45:00,PT5M,60.068,87.1485,74.3207,45.8153,32.9875
253,308,385,142,27,0.15,61.3,3.0,233,2026-08-16 07:50:00,PT5M,63.583,92.0035,78.5409,48.6251,35.1625
269,326,401,146,28,0.15,60.7,3.1,233,2026-08-16 07:55:00,PT5M,66.071,95.002,81.2976,50.8444,37.14
285,345,416,150,28,0.15,60.0,3.1,233,2026-08-16 08:00:00,PT5M,68.464,97.8525,83.9314,52.9966,39.0755
302,364,431,153,28,0.15,59.4,3.1,234,2026-08-16 08:05:00,PT5M,70.784,100.0,86.4695,55.0985,40.981
318,382,446,157,28,0.15,58.8,3.2,234,2026-08-16 08:10:00,PT5M,73.016,100.0,88.8934,57.1386,42.8485
335,401,461,159,28,0.15,58.2,3.2,234,2026-08-16 08:15:00,PT5M,75.118,100.0,91.1498,59.0862,44.657
352,420,475,162,28,0.15,57.6,3.2,234,2026-08-16 08:20:00,PT5M,77.079,100.0,93.2232,60.9348,46.4045
368,438,489,164,29,0.15,57.0,3.3,235,2026-08-16 08:25:00,PT5M,78.892,100.0,95.1052,62.6788,48.0865
385,457,503,167,29,0.15,56.4,3.3,235,2026-08-16 08:30:00,PT5M,80.548,100.0,96.7712,64.3248,49.7235
401,475,514,169,29,0.15,55.7,3.3,235,2026-08-16 08:35:00,PT5M,81.981,100.0,98.1807,65.7813,51.201
417,492,525,171,29,0.15,54.8,3.2,235,2026-08-16 08:40:00,PT5M,83.239,100.0,99.3922,67.0858,52.5475
432,509,534,174,29,0.15,54.0,3.1,236,2026-08-16 08:45:00,PT5M,84.423,100.0,100.0,68.3338,53.853
448,526,544,176,29,0.15,53.1,3.1,236,2026-08-16 08:50:00,PT5M,85.601,100.0,100.0,69.6171,55.231
464,543,553,178,30,0.15,52.3,3.0,237,2026-08-16 08:55:00,PT5M,86.654,100.0,100.0,70.8048,56.54
479,560,562,180,30,0.15,51.5,3.0,237,2026-08-16 09:00:00,PT5M,87.654,100.0,100.0,71.9448,57.806
494,576,571,182,30,0.15,50.6,2.9,238,2026-08-16 09:05:00,PT5M,88.607,100.0,100.0,73.042,59.033
509,592,579,183,30,0.15,49.9,2.8,238,2026-08-16 09:10:00,PT5M,89.513,100.0,100.0,74.0956,60.2195
524,609,589,184,31,0.15,49.1,2.8,239,2026-08-16 09:15:00,PT5M,90.496,100.0,100.0,75.2426,61.514
539,625,599,184,31,0.15,48.3,2.7,239,2026-08-16 09:20:00,PT5M,91.443,100.0,100.0,76.3346,62.7365
553,641,609,185,31,0.15,47.6,2.7,240,2026-08-16 09:25:00,PT5M,92.348,100.0,100.0,77.4106,63.9665
568,657,619,185,31,0.15,46.8,2.6,240,2026-08-16 09:30:00,PT5M,93.213,100.0,100.0,78.4477,65.1585
582,672,627,185,31,0.15,46.1,2.5,241,2026-08-16 09:35:00,PT5M,93.973,100.0,100.0,79.2511,66.001
595,686,634,186,32,0.15,45.4,2.5,241,2026-08-16 09:40:00,PT5M,94.63,100.0,100.0,80.0371,66.903
608,700,640,187,32,0.15,44.7,2.4,242,2026-08-16 09:45:00,PT5M,95.256,100.0,100.0,80.9044,67.9875
621,714,647,187,32,0.15,44.0,2.4,243,2026-08-16 09:50:00,PT5M,95.853,100.0,100.0,81.7353,69.029
633,727,652,188,32,0.15,43.3,2.3,243,2026-08-16 09:55:00,PT5M,96.383,100.0,100.0,82.4864,69.979
645,740,657,189,32,0.15,42.6,2.2,244,2026-08-16 10:00:00,PT5M,96.864,100.0,100.0,83.1779,70.86
656,752,662,190,33,0.15,42.0,2.2,245,2026-08-16 10:05:00,PT5M,97.309,100.0,100.0,83.8234,71.686
667,763,665,191,33,0.15,41.3,2.1,246,2026-08-16 10:10:00,PT5M,97.718,100.0,100.0,84.4208,72.453
677,774,669,192,33,0.15,40.7,2.1,247,2026-08-16 10:15:00,PT5M,98.104,100.0,100.0,84.9876,73.1825
688,785,673,193,33,0.15,40.0,2.0,248,2026-08-16 10:20:00,PT5M,98.466,100.0,100.0,85.5225,73.873
697,796,676,194,33,0.15,39.4,2.0,249,2026-08-16 10:25:00,PT5M,98.804,100.0,100.0,86.0258,74.525
707,806,679,195,34,0.15,38.8,1.9,250,2026-08-16 10:30:00,PT5M,99.12,100.0,100.0,86.4997,75.141
716,815,683,195,34,0.15,38.2,1.8,251,2026-08-16 10:35:00,PT5M,99.414,100.0,100.0,86.9447,75.722
725,824,686,196,34,0.15,37.6,1.8,252,2026-08-16 10:40:00,PT5M,99.691,100.0,100.0,87.3667,76.2745
733,833,689,197,34,0.15,37.1,1.7,253,2026-08-16 10:45:00,PT5M,99.946,100.0,100.0,87.7601,76.7925
741,842,692,197,34,0.15,36.5,1.7,255,2026-08-16 10:50:00,PT5M,100.0,100.0,100.0,87.9457,77.0965
748,849,694,197,35,0.15,35.9,1.6,256,2026-08-16 10:55:00,PT5M,100.0,100.0,100.0,88.0694,77.3315
755,857,697,198,35,0.15,35.4,1.6,258,2026-08-16 11:00:00,PT5M,100.0,100.0,100.0,88.1839,77.549
762,864,699,198,35,0.15,34.8,1.5,259,2026-08-16 11:05:00,PT5M,100.0,100.0,100.0,88.2862,77.7435
768,870,701,199,35,0.15,34.3,1.5,261,2026-08-16 11:10:00,PT5M,100.0,100.0,100.0,88.3641,77.8915
773,876,703,200,36,0.15,33.8,1.4,263,2026-08-16 11:15:00,PT5M,100.0,100.0,100.0,88.4491,78.053
778,881,704,200,36,0.15,33.3,1.4,265,2026-08-16 11:20:00,PT5M,100.0,100.0,100.0,88.536,78.218
783,886,705,201,36,0.15,32.8,1.4,267,2026-08-16 11:25:00,PT5M,100.0,100.0,100.0,88.6112,78.361
787,891,707,201,36,0.15,32.3,1.3,269,2026-08-16 11:30:00,PT5M,100.0,100.0,100.0,88.672,78.4765
790,894,705,203,36,0.15,32.0,1.3,270,2026-08-16 11:35:00,PT5M,100.0,100.0,100.0,88.6894,78.5095
791,895,701,206,36,0.15,31.9,1.2,271,2026-08-16 11:40:00,PT5M,100.0,100.0,100.0,88.6636,78.4605
792,895,696,209,36,0.15,31.9,1.1,271,2026-08-16 11:45:00,PT5M,100.0,100.0,100.0,88.6304,78.3975
793,895,692,212,36,0.15,31.9,1.1,272,2026-08-16 11:50:00,PT5M,100.0,100.0,100.0,88.5897,78.32
793,895,687,215,36,0.15,31.8,1.0,273,2026-08-16 11:55:00,PT5M,100.0,100.0,100.0,88.5407,78.227
792,894,682,219,36,0.15,31.8,0.9,274,2026-08-16 12:00:00,PT5M,100.0,100.0,100.0,88.4831,78.1175
791,892,677,222,36,0.15,31.7,0.9,275,2026-08-16 12:05:00,PT5M,99.792,100.0,100.0,88.209,77.784
790,890,671,225,37,0.15,31.7,0.8,276,2026-08-16 12:10:00,PT5M,99.492,100.0,100.0,87.834,77.3415
787,887,665,228,37,0.15,31.6,0.7,277,2026-08-16 12:15:00,PT5M,99.254,100.0,100.0,87.5124,76.9445
785,884,659,231,37,0.15,31.6,0.7,279,2026-08-16 12:20:00,PT5M,99.009,100.0,100.0,87.1747,76.5235
782,880,653,234,37,0.15,31.5,0.6,281,2026-08-16 12:25:00,PT5M,98.74,100.0,100.0,86.8044,76.062
778,876,647,237,37,0.15,31.5,0.5,283,2026-08-16 12:30:00,PT5M,98.447,100.0,100.0,86.4498,75.652
775,872,642,239,37,0.15,31.4,0.5,287,2026-08-16 12:35:00,PT5M,98.189,100.0,100.0,86.0747,75.1715
771,868,637,241,37,0.15,31.4,0.4,291,2026-08-16 12:40:00,PT5M,97.965,100.0,100.0,85.7255,74.7095
767,863,633,242,37,0.15,31.3,0.4,296,2026-08-16 12:45:00,PT5M,97.72,100.0,100.0,85.3486,74.214
762,858,628,244,37,0.15,31.3,0.3,303,2026-08-16 12:50:00,PT5M,97.453,100.0,100.0,84.9422,73.682
757,853,624,245,37,0.15,31.3,0.3,313,2026-08-16 12:55:00,PT5M,97.164,100.0,100.0,84.505,73.1115
752,847,619,246,37,0.15,31.2,0.2,326,2026-08-16 13:00:00,PT5M,96.853,100.0,100.0,84.0356,72.4995
746,840,615,247,37,0.15,31.2,0.2,342,2026-08-16 13:05:00,PT5M,96.522,100.0,100.0,83.5306,71.838
740,834,610,248,37,0.15,31.1,0.2,0,2026-08-16 13:10:00,PT5M,96.18,100.0,100.0,83.0152,71.1665
734,826,606,248,37,0.15,31.1,0.2,16,2026-08-16 13:15:00,PT5M,95.826,100.0,100.0,82.4983,70.503
727,819,601,249,37,0.15,31.0,0.3,29,2026-08-16 13:20:00,PT5M,95.447,100.0,100.0,81.9446,69.792
719,811,596,249,37,0.15,31.0,0.3,39,2026-08-16 13:25:00,PT5M,95.038,100.0,100.0,81.343,69.017
711,802,591,249,37,0.15,30.9,0.4,46,2026-08-16 13:30:00,PT5M,94.602,100.0,100.0,80.7099,68.2065
703,793,585,250,37,0.15,30.9,0.4,51,2026-08-16 13:35:00,PT5M,94.081,100.0,100.0,79.9975,67.322
694,783,578,251,37,0.15,30.9,0.5,55,2026-08-16 13:40:00,PT5M,93.473,100.0,100.0,79.2048,66.363
684,772,570,252,37,0.15,30.8,0.6,58,2026-08-16 13:45:00,PT5M,92.839,100.0,100.0,78.3819,65.37
674,761,563,253,37,0.15,30.8,0.6,60,2026-08-16 13:50:00,PT5M,92.18,100.0,100.0,77.53,64.3445
664,750,555,253,37,0.15,30.7,0.7,62,2026-08-16 13:55:00,PT5M,91.499,100.0,100.0,76.6524,63.29
653,738,548,253,37,0.15,30.7,0.7,64,2026-08-16 14:00:00,PT5M,90.79,100.0,100.0,75.7418,62.198
643,726,540,253,37,0.15,30.6,0.8,65,2026-08-16 14:05:00,PT5M,90.053,100.0,100.0,74.799,61.07
631,714,532,253,37,0.15,30.6,0.9,66,2026-08-16 14:10:00,PT5M,89.287,100.0,100.0,73.8223,59.9035
620,701,525,253,37,0.15,30.5,0.9,67,2026-08-16 14:15:00,PT5M,88.501,100.0,100.0,72.8539,58.771
608,688,517,253,37,0.15,30.5,1.0,68,2026-08-16 14:20:00,PT5M,87.671,100.0,100.0,71.9149,57.734
596,675,509,252,37,0.15,30.5,1.1,69,2026-08-16 14:25:00,PT5M,86.812,100.0,100.0,70.9473,56.6685
584,662,501,251,38,0.15,30.4,1.1,70,2026-08-16 14:30:00,PT5M,85.923,100.0,100.0,69.9517,55.577
570,646,489,251,37,0.15,30.6,1.2,69,2026-08-16 14:35:00,PT5M,84.783,100.0,100.0,68.6506,54.131
555,629,473,253,37,0.15,31.2,1.2,68,2026-08-16 14:40:00,PT5M,83.43,100.0,99.77,67.09,52.3835
540,612,458,254,37,0.15,31.7,1.2,67,2026-08-16 14:45:00,PT5M,82.034,100.0,98.5737,65.4943,50.608
525,595,443,254,37,0.15,32.2,1.2,65,2026-08-16 14:50:00,PT5M,80.595,100.0,97.3258,63.8642,48.806
510,578,428,254,37,0.15,32.8,1.2,64,2026-08-16 14:55:00,PT5M,79.112,100.0,96.0054,62.2186,47.014
495,561,413,254,37,0.15,33.3,1.2,63,2026-08-16 15:00:00,PT5M,77.582,100.0,94.6451,60.5189,45.1615
480,544,399,253,36,0.15,33.9,1.2,62,2026-08-16 15:05:00,PT5M,76.003,100.0,93.2251,58.7809,43.2805
464,526,384,252,36,0.15,34.4,1.2,61,2026-08-16 15:10:00,PT5M,74.372,100.0,91.7404,57.0036,41.3715
449,509,370,251,36,0.15,35.0,1.3,59,2026-08-16 15:15:00,PT5M,72.762,100.0,90.2599,55.2641,39.5155
434,492,357,248,36,0.15,35.6,1.3,58,2026-08-16 15:20:00,PT5M,71.145,100.0,88.7568,53.5332,37.682
419,475,344,246,36,0.15,36.2,1.3,57,2026-08-16 15:25:00,PT5M,69.483,100.0,87.1953,51.7707,35.829
404,458,331,243,35,0.15,36.8,1.3,56,2026-08-16 15:30:00,PT5M,67.768,100.0,85.5653,49.9707,33.9525
389,441,317,239,35,0.15,37.4,1.3,55,2026-08-16 15:35:00,PT5M,65.994,99.931,83.8553,48.1327,32.057
374,424,304,236,35,0.15,38.1,1.3,54,2026-08-16 15:40:00,PT5M,64.155,98.171,82.0579,46.2521,30.139
359,407,291,232,35,0.15,38.7,1.3,53,2026-08-16 15:45:00,PT5M,62.252,96.3095,80.1767,44.3273,28.1945
344,390,278,228,35,0.15,39.4,1.3,52,2026-08-16 15:50:00,PT5M,60.281,94.336,78.2044,42.3576,26.226
329,373,264,223,34,0.15,40.0,1.4,51,2026-08-16 15:55:00,PT5M,58.227,92.229,76.1225,40.3315,24.225
314,356,251,218,34,0.15,40.7,1.4,50,2026-08-16 16:00:00,PT5M,56.092,89.9395,73.9062,38.2778,22.2445
300,339,237,213,34,0.15,41.4,1.4,49,2026-08-16 16:05:00,PT5M,53.869,87.4725,71.5548,36.1832,20.2655
285,322,223,207,34,0.15,42.1,1.4,48,2026-08-16 16:10:00,PT5M,51.56,84.835,69.0729,34.0471,18.285
270,305,210,201,34,0.15,42.8,1.4,47,2026-08-16 16:15:00,PT5M,49.219,82.0875,66.5179,31.9201,16.3505
256,289,196,195,33,0.15,43.5,1.4,46,2026-08-16 16:20:00,PT5M,46.763,79.154,63.8106,29.7154,14.372
241,272,182,189,33,0.15,44.3,1.5,45,2026-08-16 16:25:00,PT5M,44.246,76.0965,61.0091,27.4829,12.3955
227,256,168,182,33,0.15,45.0,1.5,45,2026-08-16 16:30:00,PT5M,41.674,72.9255,58.1219,25.2261,10.4225
213,240,154,175,33,0.15,45.8,1.5,44,2026-08-16 16:35:00,PT5M,38.96,69.2895,54.9226,22.9974,8.6305
200,224,140,168,33,0.15,46.6,1.5,43,2026-08-16 16:40:00,PT5M,35.797,64.103,50.6947,20.8993,7.491
186,208,126,160,33,0.15,47.3,1.5,42,2026-08-16 16:45:00,PT5M,32.677,58.9885,46.5249,18.8291,6.3655
173,193,112,152,32,0.15,48.1,1.5,41,2026-08-16 16:50:00,PT5M,29.628,54.0085,42.4596,16.7964,5.2475
160,178,98,144,32,0.15,49.0,1.6,41,2026-08-16 16:55:00,PT5M,26.661,49.1155,38.479,14.843,4.2065
147,163,84,136,32,0.15,49.8,1.6,40,2026-08-16 17:00:00,PT5M,23.894,44.4255,34.6999,13.0881,3.3625
135,148,69,127,32,0.15,50.6,1.6,39,2026-08-16 17:05:00,PT5M,21.088,39.71,30.8889,11.2871,2.466
123,134,54,119,32,0.15,51.5,1.6,38,2026-08-16 17:10:00,PT5M,18.404,35.1415,27.2131,9.5949,1.6665
111,120,39,110,31,0.15,52.4,1.6,38,2026-08-16 17:15:00,PT5M,15.862,30.7555,23.7006,8.0234,0.9685
100,106,20,101,31,0.15,53.3,1.7,37,2026-08-16 17:20:00,PT5M,13.352,26.4835,20.2632,6.4408,0.2205
89,92,2,92,31,0.15,54.2,1.7,36,2026-08-16 17:25:00,PT5M,10.97,22.4295,17.0012,4.9388,0.0
76,79,0,79,31,0.15,55.1,1.7,36,2026-08-16 17:30:00,PT5M,9.267,19.1155,14.4503,4.0837,0.0
65,67,0,67,31,0.15,55.8,1.7,36,2026-08-16 17:35:00,PT5M,7.762,16.019,12.1077,3.4163,0.0
54,56,0,56,31,0.15,56.3,1.6,36,2026-08-16 17:40:00,PT5M,6.435,13.126,9.9565,2.9135,0.0
44,45,0,45,30,0.15,56.7,1.5,37,2026-08-16 17:45:00,PT5M,5.147,10.318,7.8685,2.4255,0.0
35,36,0,36,30,0.15,57.2,1.4,37,2026-08-16 17:50:00,PT5M,3.896,7.7185,5.9078,1.8842,0.0735
27,27,0,27,30,0.15,57.6,1.3,38,2026-08-16 17:55:00,PT5M,2.843,5.5425,4.2638,1.4222,0.1435
19,20,0,20,30,0.15,58.1,1.2,38,2026-08-16 18:00:00,PT5M,1.912,3.639,2.8209,1.0031,0.185
13,13,0,13,30,0.15,58.6,1.1,39,2026-08-16 18:05:00,PT5M,1.055,2.085,1.5971,0.5129,0.025
7,7,0,7,30,0.15,59.0,1.0,40,2026-08-16 18:10:00,PT5M,0.271,0.6785,0.4855,0.0565,0.0
2,2,0,2,30,0.15,59.5,0.9,41,2026-08-16 18:15:00,PT5M,0.0,0.0,0.0,0.0,0.0
0,0,0,0,29,0.15,60.0,0.8,42,2026-08-16 18:20:00,PT5M,0.0,0.0,0.0,0.0,0.0
0,0,0,0,29,0.15,60.5,0.7,44,2026-08-16 18:25:00,PT5M,0.0,0.0,0.0,0.0,0.0
0,0,0,0,29,0.15,61.0,0.6,46,2026-08-16 18:30:00,PT5M,0.0,0.0,0.0,0.0,0.0
0,0,0,0,29,0.15,61.4,0.5,49,2026-08-16 18:35:00,PT5M,0.0,0.0,0.0,0.0,0.0
0,0,0,0,29,0.15,61.9,0.5,53,2026-08-16 18:40:00,PT5M,0.0,0.0,0.0,0.0,0.0
0,0,0,0,29,0.15,62.4,0.4,59,2026-08-16 18:45:00,PT5M,0.0,0.0,0.0,0.0,0.0
0,0,0,0,29,0.15,62.9,0.3,68,2026-08-16 18:50:00,PT5M,0.0,0.0,0.0,0.0,0.0
0,0,0,0,29,0.15,63.5,0.2,84,2026-08-16 18:55:00,PT5M,0.0,0.0,0.0,0.0,0.0
0,0,0,0,28,0.15,64.0,0.2,109,2026-08-16 19:00:00,PT5M,0.0,0.0,0.0,0.0,0.0
0,0,0,0,28,0.15,64.5,0.2,138,2026-08-16 19:05:00,PT5M,0.0,0.0,0.0,0.0,0.0
0,0,0,0,28,0.15,65.0,0.2,161,2026-08-16 19:10:00,PT5M,0.0,0.0,0.0,0.0,0.0
0,0,0,0,28,0.15,65.6,0.3,174,2026-08-16 19:15:00,PT5M,0.0,0.0,0.0,0.0,0.0
0,0,0,0,28,0.15,66.1,0.4,182,2026-08-16 19:20:00,PT5M,0.0,0.0,0.0,0.0,0.0
0,0,0,0,28,0.15,66.6,0.5,187,2026-08-16 19:25:00,PT5M,0.0,0.0,0.0,0.0,0.0
0,0,0,0,28,0.15,67.2,0.6,191,2026-08-16 19:30:00,PT5M,0.0,0.0,0.0,0.0,0.0
0,0,0,0,27,0.15,67.7,0.7,194,2026-08-16 19:35:00,PT5M,0.0,0.0,0.0,0.0,0.0
0,0,0,0,27,0.15,68.3,0.8,196,2026-08-16 19:40:00,PT5M,0.0,0.0,0.0,0.0,0.0
0,0,0,0,27,0.15,68.8,0.8,197,2026-08-16 19:45:00,PT5M,0.0,0.0,0.0,0.0,0.0
0,0,0,0,27,0.15,69.4,0.9,199,2026-08-16 19:50:00,PT5M,0.0,0.0,0.0,0.0,0.0
0,0,0,0,27,0.15,70.0,1.0,200,2026-08-16 19:55:00,PT5M,0.0,0.0,0.0,0.0,0.0
0,0,0,0,27,0.15,70.5,1.1,200,2026-08-16 20:00:00,PT5M,0.0,0.0,0.0,0.0,0.0
0,0,0,0,27,0.15,71.1,1.2,201,2026-08-16 20:05:00,PT5M,0.0,0.0,0.0,0.0,0.0
0,0,0,0,27,0.15,71.7,1.3,202,2026-08-16 20:10:00,PT5M,0.0,0.0,0.0,0.0,0.0
0,0,0,0,26,0.15,72.3,1.4,202,2026-08-16 20:15:00,PT5M,0.0,0.0,0.0,0.0,0.0
0,0,0,0,26,0.15,72.9,1.5,203,2026-08-16 20:20:00,PT5M,0.0,0.0,0.0,0.0,0.0
0,0,0,0,26,0.15,73.5,1.6,203,2026-08-16 20:25:00,PT5M,0.0,0.0,0.0,0.0,0.0
0,0,0,0,26,0.15,74.1,1.7,203,2026-08-16 20:30:00,PT5M,0.0,0.0,0.0,0.0,0.0
0,0,0,0,26,0.15,74.5,1.7,204,2026-08-16 20:35:00,PT5M,0.0,0.0,0.0,0.0,0.0
0,0,0,0,26,0.15,74.7,1.7,204,2026-08-16 20:40:00,PT5M,0.0,0.0,0.0,0.0,0.0
0,0,0,0,26,0.15,74.9,1.7,205,2026-08-16 20:45:00,PT5M,0.0,0.0,0.0,0.0,0.0
0,0,0,0,26,0.15,75.1,1.7,205,2026-08-16 20:50:00,PT5M,0.0,0.0,0.0,0.0,0.0
0,0,0,0,26,0.15,75.3,1.7,205,2026-08-16 20:55:00,PT5M,0.0,0.0,0.0,0.0,0.0
0,0,0,0,26,0.15,75.5,1.7,206,2026-08-16 21:00:00,PT5M,0.0,0.0,0.0,0.0,0.0
0,0,0,0,26,0.15,75.7,1.7,206,2026-08-16 21:05:00,PT5M,0.0,0.0,0.0,0.0,0.0
0,0,0,0,26,0.15,75.9,1.7,206,2026-08-16 21:10:00,PT5M,0.0,0.0,0.0,0.0,0.0
0,0,0,0,26,0.15,76.1,1.7,207,2026-08-16 21:15:00,PT5M,0.0,0.0,0.0,0.0,0.0
0,0,0,0,26,0.15,76.3,1.7,207,2026-08-16 21:20:00,PT5M,0.0,0.0,0.0,0.0,0.0
0,0,0,0,25,0.15,76.5,1.7,208,2026-08-16 21:25:00,PT5M,0.0,0.0,0.0,0.0,0.0
0,0,0,0,25,0.15,76.7,1.7,208,2026-08-16 21:30:00,PT5M,0.0,0.0,0.0,0.0,0.0
0,0,0,0,25,0.15,76.9,1.7,208,2026-08-16 21:35:00,PT5M,0.0,0.0,0.0,0.0,0.0
0,0,0,0,25,0.15,77.1,1.7,209,2026-08-16 21:40:00,PT5M,0.0,0.0,0.0,0.0,0.0
0,0,0,0,25,0.15,77.3,1.7,209,2026-08-16 21:45:00,PT5M,0.0,0.0,0.0,0.0,0.0
0,0,0,0,25,0.15,77.5,1.7,209,2026-08-16 21:50:00,PT5M,0.0,0.0,0.0,0.0,0.0
0,0,0,0,25,0.15,77.7,1.7,210,2026-08-16 21:55:00,PT5M,0.0,0.0,0.0,0.0,0.0
0,0,0,0,25,0.15,77.9,1.7,210,2026-08-16 22:00:00,PT5M,0.0,0.0,0.0,0.0,0.0
0,0,0,0,25,0.15,78.1,1.7,211,2026-08-16 22:05:00,PT5M,0.0,0.0,0.0,0.0,0.0
0,0,0,0,25,0.15,78.3,1.7,211,2026-08-16 22:10:00,PT5M,0.0,0.0,0.0,0.0,0.0
0,0,0,0,25,0.15,78.5,1.7,211,2026-08-16 22:15:00,PT5M,0.0,0.0,0.0,0.0,0.0
0,0,0,0,25,0.15,78.8,1.7,212,2026-08-16 22:20:00,PT5M,0.0,0.0,0.0,0.0,0.0
0,0,0,0,25,0.15,79.0,1.7,212,2026-08-16 22:25:00,PT5M,0.0,0.0,0.0,0.0,0.0
0,0,0,0,25,0.15,79.2,1.7,213,2026-08-16 22:30:00,PT5M,0.0,0.0,0.0,0.0,0.0
0,0,0,0,25,0.15,79.4,1.7,213,2026-08-16 22:35:00,PT5M,0.0,0.0,0.0,0.0,0.0
0,0,0,0,25,0.15,79.6,1.7,213,2026-08-16 22:40:00,PT5M,0.0,0.0,0.0,0.0,0.0
0,0,0,0,25,0.15,79.8,1.7,214,2026-08-16 22:45:00,PT5M,0.0,0.0,0.0,0.0,0.0
0,0,0,0,25,0.15,80.0,1.7,214,2026-08-16 22:50:00,PT5M,0.0,0.0,0.0,0.0,0.0
0,0,0,0,25,0.15,80.2,1.7,215,2026-08-16 22:55:00,PT5M,0.0,0.0,0.0,0.0,0.0
0,0,0,0,25,0.15,80.4,1.7,215,2026-08-16 23:00:00,PT5M,0.0,0.0,0.0,0.0,0.0
0,0,0,0,25,0.15,80.7,1.6,215,2026-08-16 23:05:00,PT5M,0.0,0.0,0.0,0.0,0.0
0,0,0,0,25,0.15,80.9,1.6,216,2026-08-16 23:10:00,PT5M,0.0,0.0,0.0,0.0,0.0
0,0,0,0,25,0.15,81.1,1.6,216,2026-08-16 23:15:00,PT5M,0.0,0.0,0.0,0.0,0.0
0,0,0,0,24,0.15,81.3,1.6,217,2026-08-16 23:20:00,PT5M,0.0,0.0,0.0,0.0,0.0
0,0,0,0,24,0.15,81.5,1.6,217,2026-08-16 23:25:00,PT5M,0.0,0.0,0.0,0.0,0.0
0,0,0,0,24,0.15,81.7,1.6,217,2026-08-16 23:30:00,PT5M,0.0,0.0,0.0,0.0,0.0
0,0,0,0,24,0.15,81.9,1.6,218,2026-08-16 23:35:00,PT5M,0.0,0.0,0.0,0.0,0.0
0,0,0,0,24,0.15,81.9,1.6,218,2026-08-16 23:40:00,PT5M,0.0,0.0,0.0,0.0,0.0
0,0,0,0,24,0.15,81.9,1.7,218,2026-08-16 23:45:00,PT5M,0.0,0.0,0.0,0.0,0.0
0,0,0,0,24,0.15,81.9,1.7,219,2026-08-16 23:50:00,PT5M,0.0,0.0,0.0,0.0,0.0
0,0,0,0,24,0.15,82.0,1.7,219,2026-08-16 23:55:00,PT5M,0.0,0.0,0.0,0.0,0.0
0,0,0,0,24,0.15,82.0,1.7,220,2026-08-17 00:00:00,PT5M,0.0,0.0,0.0,0.0,0.0
0,0,0,0,24,0.15,82.0,1.7,220,2026-08-17 00:05:00,PT5M,0.0,0.0,0.0,0.0,0.0
0,0,0,0,24,0.15,82.0,1.7,220,2026-08-17 00:10:00,PT5M,0.0,0.0,0.0,0.0,0.0
0,0,0,0,24,0.15,82.1,1.7,221,2026-08-17 00:15:00,PT5M,0.0,0.0,0.0,0.0,0.0
0,0,0,0,24,0.15,82.1,1.7,221,2026-08-17 00:20:00,PT5M,0.0,0.0,0.0,0.0,0.0
0,0,0,0,24,0.15,82.1,1.7,221,2026-08-17 00:25:00,PT5M,0.0,0.0,0.0,0.0,0.0
0,0,0,0,24,0.15,82.1,1.7,222,2026-08-17 00:30:00,PT5M,0.0,0.0,0.0,0.0,0.0
0,0,0,0,24,0.15,82.2,1.7,222,2026-08-17 00:35:00,PT5M,0.0,0.0,0.0,0.0,0.0
0,0,0,0,24,0.15,82.2,1.7,222,2026-08-17 00:40:00,PT5M,0.0,0.0,0.0,0.0,0.0
0,0,0,0,24,0.15,82.2,1.7,223,2026-08-17 00:45:00,PT5M,0.0,0.0,0.0,0.0,0.0
0,0,0,0,24,0.15,82.2,1.7,223,2026-08-17 00:50:00,PT5M,0.0,0.0,0.0,0.0,0.0
0,0,0,0,24,0.15,82.3,1.7,223,2026-08-17 00:55:00,PT5M,0.0,0.0,0.0,0.0,0.0
0,0,0,0,24,0.15,82.3,1.7,224,2026-08-17 01:00:00,PT5M,0.0,0.0,0.0,0.0,0.0
0,0,0,0,24,0.15,82.3,1.7,224,2026-08-17 01:05:00,PT5M,0.0,0.0,0.0,0.0,0.0
0,0,0,0,24,0.15,82.4,1.7,224,2026-08-17 01:10:00,PT5M,0.0,0.0,0.0,0.0,0.0
0,0,0,0,24,0.15,82.4,1.7,225,2026-08-17 01:15:00,PT5M,0.0,0.0,0.0,0.0,0.0
0,0,0,0,24,0.15,82.4,1.8,225,2026-08-17 01:20:00,PT5M,0.0,0.0,0.0,0.0,0.0
0,0,0,0,24,0.15,82.4,1.8,225,2026-08-17 01:25:00,PT5M,0.0,0.0,0.0,0.0,0.0
0,0,0,0,24,0.15,82.5,1.8,226,2026-08-17 01:30:00,PT5M,0.0,0.0,0.0,0.0,0.0
0,0,0,0,24,0.15,82.5,1.8,226,2026-08-17 01:35:00,PT5M,0.0,0.0,0.0,0.0,0.0
0,0,0,0,24,0.15,82.5,1.8,226,2026-08-17 01:40:00,PT5M,0.0,0.0,0.0,0.0,0.0
0,0,0,0,24,0.15,82.5,1.8,227,2026-08-17 01:45:00,PT5M,0.0,0.0,0.0,0.0,0.0
0,0,0,0,24,0.15,82.6,1.8,227,2026-08-17 01:50:00,PT5M,0.0,0.0,0.0,0.0,0.0
0,0,0,0,24,0.15,82.6,1.8,227,2026-08-17 01:55:00,PT5M,0.0,0.0,0.0,0.0,0.0
0,0,0,0,24,0.15,82.6,1.8,227,2026-08-17 02:00:00,PT5M,0.0,0.0,0.0,0.0,0.0
0,0,0,0,24,0.15,82.6,1.8,228,2026-08-17 02:05:00,PT5M,0.0,0.0,0.0,0.0,0.0
0,0,0,0,24,0.15,82.7,1.8,228,2026-08-17 02:10:00,PT5M,0.0,0.0,0.0,0.0,0.0
0,0,0,0,24,0.15,82.7,1.8,228,2026-08-17 02:15:00,PT5M,0.0,0.0,0.0,0.0,0.0
0,0,0,0,24,0.15,82.7,1.8,229,2026-08-17 02:20:00,PT5M,0.0,0.0,0.0,0.0,0.0
0,0,0,0,24,0.15,82.7,1.8,229,2026-08-17 02:25:00,PT5M,0.0,0.0,0.0,0.0,0.0
0,0,0,0,24,0.15,82.8,1.8,229,2026-08-17 02:30:00,PT5M,0.0,0.0,0.0,0.0,0.0
0,0,0,0,24,0.15,82.8,1.8,229,2026-08-17 02:35:00,PT5M,0.0,0.0,0.0,0.0,0.0
0,0,0,0,24,0.15,82.8,1.8,229,2026-08-17 02:40:00,PT5M,0.0,0.0,0.0,0.0,0.0
0,0,0,0,24,0.15,82.7,1.8,229,2026-08-17 02:45:00,PT5M,0.0,0.0,0.0,0.0,0.0
0,0,0,0,24,0.15,82.7,1.8,228,2026-08-17 02:50:00,PT5M,0.0,0.0,0.0,0.0,0.0
0,0,0,0,24,0.15,82.7,1.8,228,2026-08-17 02:55:00,PT5M,0.0,0.0,0.0,0.0,0.0
0,0,0,0,24,0.15,82.7,1.9,228,2026-08-17 03:00:00,PT5M,0.0,0.0,0.0,0.0,0.0
0,0,0,0,24,0.15,82.7,1.9,227,2026-08-17 03:05:00,PT5M,0.0,0.0,0.0,0.0,0.0
0,0,0,0,24,0.15,82.7,1.9,227,2026-08-17 03:10:00,PT5M,0.0,0.0,0.0,0.0,0.0
0,0,0,0,24,0.15,82.6,1.9,227,2026-08-17 03:15:00,PT5M,0.0,0.0,0.0,0.0,0.0
0,0,0,0,24,0.15,82.6,1.9,226,2026-08-17 03:20:00,PT5M,0.0,0.0,0.0,0.0,0.0
0,0,0,0,24,0.15,82.6,1.9,226,2026-08-17 03:25:00,PT5M,0.0,0.0,0.0,0.0,0.0
0,0,0,0,24,0.15,82.6,1.9,226,2026-08-17 03:30:00,PT5M,0.0,0.0,0.0,0.0,0.0
0,0,0,0,24,0.15,82.6,1.9,226,2026-08-17 03:35:00,PT5M,0.0,0.0,0.0,0.0,0.0
0,0,0,0,24,0.15,82.6,1.9,225,2026-08-17 03:40:00,PT5M,0.0,0.0,0.0,0.0,0.0
0,0,0,0,23,0.15,82.6,1.9,225,2026-08-17 03:45:00,PT5M,0.0,0.0,0.0,0.0,0.0
0,0,0,0,23,0.15,82.5,1.9,225,2026-08-17 03:50:00,PT5M,0.0,0.0,0.0,0.0,0.0
0,0,0,0,23,0.15,82.5,1.9,224,2026-08-17 03:55:00,PT5M,0.0,0.0,0.0,0.0,0.0
0,0,0,0,23,0.15,82.5,1.9,224,2026-08-17 04:00:00,PT5M,0.0,0.0,0.0,0.0,0.0
0,0,0,0,23,0.15,82.5,1.9,224,2026-08-17 04:05:00,PT5M,0.0,0.0,0.0,0.0,0.0
0,0,0,0,23,0.15,82.5,1.9,223,2026-08-17 04:10:00,PT5M,0.0,0.0,0.0,0.0,0.0
0,0,0,0,23,0.15,82.5,1.9,223,2026-08-17 04:15:00,PT5M,0.0,0.0,0.0,0.0,0.0
0,0,0,0,23,0.15,82.4,1.9,223,2026-08-17 04:20:00,PT5M,0.0,0.0,0.0,0.0,0.0
0,0,0,0,23,0.15,82.4,1.9,223,2026-08-17 04:25:00,PT5M,0.0,0.0,0.0,0.0,0.0
0,0,0,0,23,0.15,82.4,1.9,222,2026-08-17 04:30:00,PT5M,0.0,0.0,0.0,0.0,0.0
0,0,0,0,23,0.15,82.4,1.9,222,2026-08-17 04:35:00,PT5M,0.0,0.0,0.0,0.0,0.0
0,0,0,0,23,0.15,82.4,1.9,222,2026-08-17 04:40:00,PT5M,0.0,0.0,0.0,0.0,0.0
0,0,0,0,23,0.15,82.4,1.9,221,2026-08-17 04:45:00,PT5M,0.0,0.0,0.0,0.0,0.0
0,0,0,0,23,0.15,82.4,1.9,221,2026-08-17 04:50:00,PT5M,0.0,0.0,0.0,0.0,0.0
0,0,0,0,23,0.15,82.3,1.9,221,2026-08-17 04:55:00,PT5M,0.0,0.0,0.0,0.0,0.0
0,0,0,0,23,0.15,82.3,1.9,221,2026-08-17 05:00:00,PT5M,0.0,0.0,0.0,0.0,0.0
0,0,0,0,23,0.15,82.3,1.9,220,2026-08-17 05:05:00,PT5M,0.0,0.0,0.0,0.0,0.0
0,0,0,0,23,0.15,82.3,1.9,220,2026-08-17 05:10:00,PT5M,0.0,0.0,0.0,0.0,0.0
0,0,0,0,23,0.15,82.3,1.9,220,2026-08-17 05:15:00,PT5M,0.0,0.0,0.0,0.0,0.0
0,0,0,0,23,0.15,82.3,1.9,219,2026-08-17 05:20:00,PT5M,0.0,0.0,0.0,0.0,0.0
0,0,0,0,23,0.15,82.2,1.9,219,2026-08-17 05:25:00,PT5M,0.0,0.0,0.0,0.0,0.0
0,0,0,0,23,0.15,82.2,1.9,219,2026-08-17 05:30:00,PT5M,0.0,0.0,0.0,0.0,0.0
0,0,0,0,23,0.15,81.8,1.9,219,2026-08-17 05:35:00,PT5M,0.0,0.0,0.0,0.0,0.0
0,0,0,0,23,0.15,81.1,1.9,220,2026-08-17 05:40:00,PT5M,0.0,0.0,0.0,0.0,0.0
0,0,0,0,24,0.15,80.3,2.0,220,2026-08-17 05:45:00,PT5M,0.0,0.0,0.0,0.0,0.0
0,0,0,0,24,0.15,79.6,2.0,221,2026-08-17 05:50:00,PT5M,0.0,0.0,0.0,0.0,0.0
0,0,0,0,24,0.15,78.9,2.0,221,2026-08-17 05:55:00,PT5M,0.0,0.0,0.0,0.0,0.0
0,0,0,0,24,0.15,78.2,2.0,222,2026-08-17 06:00:00,PT5M,0.0,0.0,0.0,0.0,0.0
0,0,0,0,24,0.15,77.4,2.0,223,2026-08-17 06:05:00,PT5M,0.0,0.0,0.0,0.0,0.0
4,4,0,4,24,0.15,76.7,2.1,223,2026-08-17 06:10:00,PT5M,0.0,0.1075,0.0566,0.0,0.0
8,9,0,9,24,0.15,76.0,2.1,224,2026-08-17 06:15:00,PT5M,0.488,1.122,0.8217,0.1543,0.0
14,14,0,14,25,0.15,75.3,2.1,224,2026-08-17 06:20:00,PT5M,1.205,2.307,1.785,0.625,0.103
20,20,0,20,25,0.15,74.6,2.1,225,2026-08-17 06:25:00,PT5M,1.994,3.577,2.8271,1.1609,0.411
27,28,0,28,25,0.15,74.0,2.1,225,2026-08-17 06:30:00,PT5M,2.87,5.2135,4.1034,1.6366,0.5265
34,35,0,35,25,0.15,73.3,2.2,226,2026-08-17 06:35:00,PT5M,3.926,7.2455,5.6731,2.1789,0.6065
43,44,0,44,25,0.15,72.6,2.2,226,2026-08-17 06:40:00,PT5M,5.079,9.5715,7.4434,2.7146,0.5865
52,54,0,54,25,0.15,72.0,2.2,227,2026-08-17 06:45:00,PT5M,6.256,12.099,9.3312,3.1808,0.413
62,65,0,65,25,0.15,71.3,2.2,227,2026-08-17 06:50:00,PT5M,7.566,14.846,11.3975,3.7345,0.286
73,76,0,76,25,0.15,70.7,2.2,228,2026-08-17 06:55:00,PT5M,9.046,17.87,13.6901,4.4019,0.222
85,88,0,88,26,0.15,70.0,2.3,228,2026-08-17 07:00:00,PT5M,10.477,20.947,15.9874,4.9666,0.007
97,100,0,100,26,0.15,69.4,2.3,229,2026-08-17 07:05:00,PT5M,12.003,24.314,18.4824,5.5236,0.0
109,113,0,113,26,0.15,68.8,2.3,229,2026-08-17 07:10:00,PT5M,13.558,27.69,20.9958,6.1202,0.0
121,126,2,125,26,0.15,68.1,2.3,230,2026-08-17 07:15:00,PT5M,15.264,31.2355,23.6699,6.8581,0.0
133,139,15,135,26,0.15,67.5,2.3,230,2026-08-17 07:20:00,PT5M,17.631,35.4975,27.0343,8.2277,0.0
145,153,28,144,26,0.15,66.9,2.4,231,2026-08-17 07:25:00,PT5M,19.957,39.7615,30.3802,9.5338,0.1525
157,167,41,153,26,0.15,66.3,2.4,231,2026-08-17 07:30:00,PT5M,22.523,44.299,33.9839,11.0621,0.747
169,182,55,161,27,0.15,65.7,2.4,231,2026-08-17 07:35:00,PT5M,25.244,51.179,38.8938,11.5942,0.0
182,197,69,170,27,0.15,65.1,2.4,232,2026-08-17 07:40:00,PT5M,28.12,56.0375,42.8132,13.4268,0.2025
195,212,83,178,27,0.15,64.5,2.4,232,2026-08-17 07:45:00,PT5M,31.079,61.033,46.844,15.314,1.125
209,228,97,186,27,0.15,63.9,2.5,233,2026-08-17 07:50:00,PT5M,33.989,65.347,50.4929,17.4851,2.631
223,244,112,193,27,0.15,63.4,2.5,233,2026-08-17 07:55:00,PT5M,36.631,68.5885,53.4505,19.8115,4.6735
237,261,127,201,27,0.15,62.8,2.5,233,2026-08-17 08:00:00,PT5M,39.474,71.969,56.5764,22.3716,6.979
251,277,143,208,27,0.15,62.2,2.5,234,2026-08-17 08:05:00,PT5M,42.291,75.2595,59.6426,24.9394,9.3225
266,294,158,214,28,0.15,61.7,2.6,234,2026-08-17 08:10:00,PT5M,45.071,78.443,62.6349,27.5071,11.699
281,311,174,220,28,0.15,61.1,2.6,234,2026-08-17 08:15:00,PT5M,47.804,81.4995,65.5382,30.0698,14.1085
296,329,190,226,28,0.15,60.6,2.6,235,2026-08-17 08:20:00,PT5M,50.479,84.4105,68.3374,32.6206,16.5475
311,346,206,231,28,0.15,60.0,2.6,235,2026-08-17 08:25:00,PT5M,53.09,87.1665,71.0247,35.1553,19.0135
326,364,222,236,28,0.15,59.5,2.7,236,2026-08-17 08:30:00,PT5M,55.648,89.754,73.5982,37.6978,21.542
340,380,235,241,28,0.15,58.7,2.7,236,2026-08-17 08:35:00,PT5M,57.651,91.766,75.606,39.696,23.536
354,395,243,246,28,0.15,57.7,2.6,236,2026-08-17 08:40:00,PT5M,59.209,93.3345,77.1695,41.2485,25.0835
367,409,250,252,29,0.15,56.7,2.6,236,2026-08-17 08:45:00,PT5M,60.706,94.808,78.6541,42.7579,26.604
380,424,258,257,29,0.15,55.7,2.6,236,2026-08-17 08:50:00,PT5M,62.145,96.1985,80.0676,44.2224,28.0915
393,438,266,263,29,0.15,54.7,2.6,236,2026-08-17 08:55:00,PT5M,63.526,97.511,81.4125,45.6395,29.541
406,452,273,267,29,0.15,53.7,2.6,236,2026-08-17 09:00:00,PT5M,64.86,98.7555,82.6994,47.0206,30.9645
418,466,280,272,30,0.15,52.8,2.6,236,2026-08-17 09:05:00,PT5M,66.163,99.957,83.949,48.377,32.369
431,480,288,276,30,0.15,51.8,2.5,237,2026-08-17 09:10:00,PT5M,67.436,100.0,85.1876,49.6844,33.7075
444,494,296,280,30,0.15,50.9,2.5,237,2026-08-17 09:15:00,PT5M,68.768,100.0,86.4414,51.0946,35.188
457,508,305,284,30,0.15,50.0,2.5,237,2026-08-17 09:20:00,PT5M,70.056,100.0,87.6428,52.4692,36.6405
469,522,313,287,30,0.15,49.2,2.5,237,2026-08-17 09:25:00,PT5M,71.301,100.0,88.7941,53.8079,38.0635
482,536,322,290,31,0.15,48.3,2.5,237,2026-08-17 09:30:00,PT5M,72.504,100.0,89.8969,55.1111,39.457
495,550,332,293,31,0.15,47.5,2.5,237,2026-08-17 09:35:00,PT5M,73.798,100.0,90.9659,56.6301,41.1785
508,565,343,294,31,0.15,46.6,2.4,237,2026-08-17 09:40:00,PT5M,75.182,100.0,92.1086,58.2554,43.021
521,580,355,295,31,0.15,45.8,2.4,238,2026-08-17 09:45:00,PT5M,76.525,100.0,93.2131,59.8369,44.817
534,595,366,296,31,0.15,45.0,2.4,238,2026-08-17 09:50:00,PT5M,77.871,100.0,94.3239,61.4181,46.61
547,609,378,297,32,0.15,44.2,2.4,238,2026-08-17 09:55:00,PT5M,79.1,100.0,95.3247,62.8753,48.2725
559,623,389,297,32,0.15,43.5,2.4,238,2026-08-17 10:00:00,PT5M,80.275,100.0,96.2768,64.2732,49.871
572,637,399,298,32,0.15,42.7,2.4,238,2026-08-17 10:05:00,PT5M,81.392,100.0,97.1767,65.6073,51.4005
584,651,409,298,32,0.15,42.0,2.3,238,2026-08-17 10:10:00,PT5M,82.449,100.0,98.0258,66.8722,52.8525
595,664,419,298,32,0.15,41.2,2.3,238,2026-08-17 10:15:00,PT5M,83.472,100.0,98.8457,68.0983,54.2615
607,677,430,298,33,0.15,40.5,2.3,239,2026-08-17 10:20:00,PT5M,84.459,100.0,99.6345,69.2835,55.625
618,690,440,298,33,0.15,39.8,2.3,239,2026-08-17 10:25:00,PT5M,85.411,100.0,100.0,70.4286,56.944
629,702,450,297,33,0.15,39.1,2.3,239,2026-08-17 10:30:00,PT5M,86.33,100.0,100.0,71.536,58.221
640,713,458,297,33,0.15,38.4,2.2,239,2026-08-17 10:35:00,PT5M,87.095,100.0,100.0,72.4852,59.336
649,724,465,297,34,0.15,37.8,2.2,239,2026-08-17 10:40:00,PT5M,87.712,100.0,100.0,73.2822,60.295
657,733,471,298,34,0.15,37.1,2.2,239,2026-08-17 10:45:00,PT5M,88.3,100.0,100.0,74.046,61.217
666,743,477,298,34,0.15,36.5,2.2,239,2026-08-17 10:50:00,PT5M,88.86,100.0,100.0,74.7773,62.1025
674,752,483,298,34,0.15,35.9,2.2,240,2026-08-17 10:55:00,PT5M,89.39,100.0,100.0,75.4726,62.9465
682,760,489,297,34,0.15,35.2,2.2,240,2026-08-17 11:00:00,PT5M,89.89,100.0,100.0,76.1329,63.751
689,768,495,297,35,0.15,34.6,2.1,240,2026-08-17 11:05:00,PT5M,90.348,100.0,100.0,76.7382,64.489
696,776,501,297,35,0.15,34.0,2.1,240,2026-08-17 11:10:00,PT5M,90.757,100.0,100.0,77.2693,65.13
703,784,506,296,35,0.15,33.4,2.1,240,2026-08-17 11:15:00,PT5M,91.158,100.0,100.0,77.8027,65.7825
709,791,511,295,35,0.15,32.9,2.1,240,2026-08-17 11:20:00,PT5M,91.543,100.0,100.0,78.324,66.4265
715,797,517,295,35,0.15,32.3,2.1,241,2026-08-17 11:25:00,PT5M,91.897,100.0,100.0,78.8025,67.017
721,804,522,294,36,0.15,31.7,2.1,241,2026-08-17 11:30:00,PT5M,92.221,100.0,100.0,79.2354,67.548
724,808,524,294,36,0.15,31.4,2.1,241,2026-08-17 11:35:00,PT5M,92.366,100.0,100.0,79.4346,67.796
726,810,522,296,36,0.15,31.3,2.1,241,2026-08-17 11:40:00,PT5M,92.335,100.0,100.0,79.4028,67.7635
728,811,520,298,36,0.15,31.1,2.1,241,2026-08-17 11:45:00,PT5M,92.281,100.0,100.0,79.3415,67.6955
729,812,519,300,36,0.15,31.0,2.1,241,2026-08-17 11:50:00,PT5M,92.204,100.0,100.0,79.2495,67.59
730,813,517,301,36,0.15,30.8,2.1,241,2026-08-17 11:55:00,PT5M,92.102,100.0,100.0,79.1243,67.444
730,813,515,303,36,0.15,30.7,2.1,240,2026-08-17 12:00:00,PT5M,91.975,100.0,100.0,78.9663,67.258
730,812,512,304,36,0.15,30.6,2.1,240,2026-08-17 12:05:00,PT5M,91.82,100.0,100.0,78.7718,67.028
729,811,510,306,36,0.15,30.4,2.1,240,2026-08-17 12:10:00,PT5M,91.638,100.0,100.0,78.5416,66.7545
728,810,507,307,36,0.15,30.3,2.2,240,2026-08-17 12:15:00,PT5M,91.525,100.0,100.0,78.3718,66.5335
727,808,504,308,36,0.15,30.2,2.2,240,2026-08-17 12:20:00,PT5M,91.399,100.0,100.0,78.18,66.2825
725,806,501,310,36,0.15,30.0,2.2,240,2026-08-17 12:25:00,PT5M,91.245,100.0,100.0,77.9523,65.9885
722,803,498,311,36,0.15,29.9,2.2,240,2026-08-17 12:30:00,PT5M,91.064,100.0,100.0,77.6897,65.6525
719,799,493,312,36,0.15,29.8,2.2,240,2026-08-17 12:35:00,PT5M,90.8,100.0,100.0,77.3486,65.242
715,794,488,314,36,0.15,29.6,2.2,240,2026-08-17 12:40:00,PT5M,90.452,100.0,100.0,76.9283,64.7565
710,789,482,316,37,0.15,29.5,2.2,240,2026-08-17 12:45:00,PT5M,90.08,100.0,100.0,76.4776,64.235
705,783,476,317,37,0.15,29.4,2.2,240,2026-08-17 12:50:00,PT5M,89.682,100.0,100.0,75.9938,63.674
700,777,470,319,37,0.15,29.2,2.2,240,2026-08-17 12:55:00,PT5M,89.258,100.0,100.0,75.4759,63.0715
694,770,464,320,37,0.15,29.1,2.3,240,2026-08-17 13:00:00,PT5M,88.803,100.0,100.0,74.9169,62.419
688,763,458,321,37,0.15,29.0,2.3,239,2026-08-17 13:05:00,PT5M,88.322,100.0,100.0,74.3175,61.713
682,756,453,321,37,0.15,28.8,2.3,239,2026-08-17 13:10:00,PT5M,87.827,100.0,100.0,73.7059,60.9965
675,749,447,322,37,0.15,28.7,2.3,239,2026-08-17 13:15:00,PT5M,87.324,100.0,100.0,73.0969,60.292
668,741,441,322,37,0.15,28.6,2.3,239,2026-08-17 13:20:00,PT5M,86.789,100.0,100.0,72.4429,59.531
660,733,436,322,37,0.15,28.4,2.3,239,2026-08-17 13:25:00,PT5M,86.214,100.0,100.0,71.7332,58.7
653,724,430,322,37,0.15,28.3,2.3,239,2026-08-17 13:30:00,PT5M,85.606,100.0,100.0,70.9823,57.8205
645,715,425,321,37,0.15,28.2,2.3,239,2026-08-17 13:35:00,PT5M,85.028,100.0,99.8009,70.2551,56.959
637,707,421,320,37,0.15,28.1,2.3,239,2026-08-17 13:40:00,PT5M,84.482,100.0,99.4089,69.5551,56.1205
629,698,417,318,37,0.15,27.9,2.4,239,2026-08-17 13:45:00,PT5M,83.909,100.0,98.9945,68.8235,55.246
621,689,413,317,37,0.15,27.8,2.4,239,2026-08-17 13:50:00,PT5M,83.311,100.0,98.5594,68.0626,54.3385
612,680,408,315,37,0.15,27.7,2.4,239,2026-08-17 13:55:00,PT5M,82.69,100.0,98.1053,67.2747,53.4005
603,670,404,313,37,0.15,27.6,2.4,239,2026-08-17 14:00:00,PT5M,82.042,100.0,97.6294,66.4546,52.4255
594,660,399,311,37,0.15,27.4,2.4,239,2026-08-17 14:05:00,PT5M,81.356,100.0,97.121,65.591,51.402
584,650,394,309,37,0.15,27.3,2.4,239,2026-08-17 14:10:00,PT5M,80.63,100.0,96.5789,64.6811,50.3265
575,639,389,306,37,0.15,27.2,2.4,238,2026-08-17 14:15:00,PT5M,79.875,100.0,96.0129,63.7371,49.2125
564,628,384,304,38,0.15,27.1,2.4,238,2026-08-17 14:20:00,PT5M,79.087,100.0,95.4204,62.7536,48.053
554,617,379,301,38,0.15,27.0,2.5,238,2026-08-17 14:25:00,PT5M,78.269,100.0,94.7927,61.7453,46.8735
543,605,374,299,38,0.15,26.8,2.5,238,2026-08-17 14:30:00,PT5M,77.422,100.0,94.0249,60.8191,45.876
531,592,366,297,38,0.15,27.0,2.4,238,2026-08-17 14:35:00,PT5M,76.384,100.0,93.0914,59.6766,44.6395
519,578,356,295,37,0.15,27.3,2.4,238,2026-08-17 14:40:00,PT5M,75.163,100.0,91.994,58.332,43.1835
506,564,346,293,37,0.15,27.7,2.3,239,2026-08-17 14:45:00,PT5M,73.942,100.0,90.8922,56.9918,41.736
493,549,336,290,37,0.15,28.1,2.3,239,2026-08-17 14:50:00,PT5M,72.682,100.0,89.7457,55.6183,40.2605
480,534,326,288,37,0.15,28.5,2.2,239,2026-08-17 14:55:00,PT5M,71.382,100.0,88.5533,54.2107,38.756
466,520,317,285,37,0.15,28.9,2.2,239,2026-08-17 15:00:00,PT5M,70.041,100.0,87.3128,52.7692,37.224
453,505,307,282,37,0.15,29.3,2.1,239,2026-08-17 15:05:00,PT5M,68.657,100.0,85.9988,51.3152,35.707
440,490,297,278,37,0.15,29.7,2.1,239,2026-08-17 15:10:00,PT5M,67.229,100.0,84.6529,49.8051,34.123
426,475,287,274,36,0.15,30.1,2.0,239,2026-08-17 15:15:00,PT5M,65.821,99.0575,83.3136,48.3284,32.5845
413,460,278,270,36,0.15,30.5,1.9,240,2026-08-17 15:20:00,PT5M,64.408,97.7505,81.9564,46.8596,31.0655
400,445,269,266,36,0.15,30.9,1.9,240,2026-08-17 15:25:00,PT5M,62.949,96.3775,80.5427,45.3553,29.5205
386,430,260,261,36,0.15,31.4,1.8,240,2026-08-17 15:30:00,PT5M,61.441,94.933,79.0681,43.8139,27.949
372,415,250,256,36,0.15,31.8,1.8,240,2026-08-17 15:35:00,PT5M,59.811,93.3575,77.4668,42.1552,26.2645
358,399,240,251,36,0.15,32.2,1.7,240,2026-08-17 15:40:00,PT5M,58.051,91.637,75.7276,40.3744,24.465
344,384,229,246,36,0.15,32.7,1.7,241,2026-08-17 15:45:00,PT5M,56.232,89.822,73.9107,38.5533,22.642
330,368,218,241,35,0.15,33.2,1.6,241,2026-08-17 15:50:00,PT5M,54.397,87.9485,72.0554,36.7386,20.8455
316,352,207,235,35,0.15,33.6,1.6,241,2026-08-17 15:55:00,PT5M,52.44,85.904,70.0523,34.8277,18.976
302,336,195,229,35,0.15,34.1,1.5,242,2026-08-17 16:00:00,PT5M,50.422,83.6925,67.9325,32.9115,17.1515
288,321,184,223,35,0.15,34.6,1.4,242,2026-08-17 16:05:00,PT5M,48.349,81.3495,65.7174,30.9806,15.3485
275,305,173,216,35,0.15,35.0,1.4,242,2026-08-17 16:10:00,PT5M,46.227,78.887,63.4162,29.0378,13.567
261,289,162,209,35,0.15,35.5,1.3,243,2026-08-17 16:15:00,PT5M,44.035,76.281,61.0063,27.0637,11.789
247,274,151,202,35,0.15,36.0,1.3,243,2026-08-17 16:20:00,PT5M,41.782,73.548,58.5007,25.0633,10.016
234,259,140,195,34,0.15,36.5,1.2,243,2026-08-17 16:25:00,PT5M,39.473,70.7,55.908,23.038,8.246
220,243,128,187,34,0.15,37.0,1.2,244,2026-08-17 16:30:00,PT5M,37.115,67.748,53.2374,20.9926,6.482
207,228,117,179,34,0.15,37.5,1.1,244,2026-08-17 16:35:00,PT5M,34.709,64.3135,50.2901,19.1279,5.1045
194,214,107,171,34,0.15,38.1,1.1,245,2026-08-17 16:40:00,PT5M,32.093,59.6695,46.6067,17.5793,4.5165
182,200,96,163,34,0.15,38.6,1.0,246,2026-08-17 16:45:00,PT5M,29.611,55.19,43.0734,16.1486,4.032
169,185,85,154,34,0.15,39.1,1.0,246,2026-08-17 16:50:00,PT5M,26.993,50.6435,39.4404,14.5456,3.3425
157,171,74,146,34,0.15,39.7,0.9,247,2026-08-17 16:55:00,PT5M,24.421,46.154,35.8592,12.9828,2.688
144,157,62,137,33,0.15,40.2,0.9,248,2026-08-17 17:00:00,PT5M,21.9,41.725,32.334,11.466,2.075
133,143,50,128,33,0.15,40.8,0.8,249,2026-08-17 17:05:00,PT5M,19.427,37.3635,28.8671,9.9869,1.4905
121,130,38,119,33,0.15,41.4,0.7,250,2026-08-17 17:10:00,PT5M,17.041,33.119,25.503,8.579,0.963
110,117,25,110,33,0.15,41.9,0.7,252,2026-08-17 17:15:00,PT5M,14.762,29.0275,22.27,7.254,0.4965
98,103,9,101,33,0.15,42.5,0.6,253,2026-08-17 17:20:00,PT5M,12.481,25.028,19.0846,5.8774,0.0
87,90,0,90,33,0.15,43.1,0.6,255,2026-08-17 17:25:00,PT5M,10.575,21.4965,16.3231,4.8269,0.0
75,77,0,77,33,0.15,43.7,0.5,257,2026-08-17 17:30:00,PT5M,8.996,18.357,13.9228,4.0692,0.0
63,65,0,65,32,0.15,44.2,0.5,257,2026-08-17 17:35:00,PT5M,7.527,15.3575,11.6482,3.4058,0.0
52,54,0,54,32,0.15,44.6,0.6,253,2026-08-17 17:40:00,PT5M,6.208,12.537,9.539,2.877,0.0
42,44,0,44,32,0.15,45.0,0.6,249,2026-08-17 17:45:00,PT5M,4.926,9.7975,7.4899,2.3621,0.0545
33,35,0,35,32,0.15,45.4,0.6,246,2026-08-17 17:50:00,PT5M,3.698,7.2825,5.5845,1.8115,0.1135
25,26,0,26,32,0.15,45.8,0.7,243,2026-08-17 17:55:00,PT5M,2.674,5.189,3.9977,1.3503,0.159
18,19,0,19,32,0.15,46.2,0.7,240,2026-08-17 18:00:00,PT5M,1.766,3.35,2.5997,0.9323,0.182
12,12,0,12,32,0.15,46.6,0.7,238,2026-08-17 18:05:00,PT5M,0.937,1.8955,1.4415,0.4325,0.0
6,7,0,7,32,0.15,47.0,0.8,236,2026-08-17 18:10:00,PT5M,0.182,0.55,0.3757,0.0,0.0
2,2,0,2,31,0.15,47.5,0.8,234,2026-08-17 18:15:00,PT5M,0.0,0.0,0.0,0.0,0.0
0,0,0,0,31,0.15,47.9,0.9,233,2026-08-17 18:20:00,PT5M,0.0,0.0,0.0,0.0,0.0
0,0,0,0,31,0.15,48.3,0.9,231,2026-08-17 18:25:00,PT5M,0.0,0.0,0.0,0.0,0.0
0,0,0,0,31,0.15,48.7,0.9,230,2026-08-17 18:30:00,PT5M,0.0,0.0,0.0,0.0,0.0
0,0,0,0,31,0.15,49.2,1.0,229,2026-08-17 18:35:00,PT5M,0.0,0.0,0.0,0.0,0.0
0,0,0,0,31,0.15,49.6,1.0,227,2026-08-17 18:40:00,PT5M,0.0,0.0,0.0,0.0,0.0
0,0,0,0,31,0.15,50.1,1.1,226,2026-08-17 18:45:00,PT5M,0.0,0.0,0.0,0.0,0.0
0,0,0,0,31,0.15,50.5,1.1,225,2026-08-17 18:50:00,PT5M,0.0,0.0,0.0,0.0,0.0
0,0,0,0,30,0.15,51.0,1.2,225,2026-08-17 18:55:00,PT5M,0.0,0.0,0.0,0.0,0.0
0,0,0,0,30,0.15,51.4,1.2,224,2026-08-17 19:00:00,PT5M,0.0,0.0,0.0,0.0,0.0
0,0,0,0,30,0.15,51.9,1.3,223,2026-08-17 19:05:00,PT5M,0.0,0.0,0.0,0.0,0.0
0,0,0,0,30,0.15,52.3,1.3,222,2026-08-17 19:10:00,PT5M,0.0,0.0,0.0,0.0,0.0
0,0,0,0,30,0.15,52.8,1.4,222,2026-08-17 19:15:00,PT5M,0.0,0.0,0.0,0.0,0.0
0,0,0,0,30,0.15,53.3,1.4,221,2026-08-17 19:20:00,PT5M,0.0,0.0,0.0,0.0,0.0
0,0,0,0,30,0.15,53.8,1.4,220,2026-08-17 19:25:00,PT5M,0.0,0.0,0.0,0.0,0.0
0,0,0,0,30,0.15,54.2,1.5,220,2026-08-17 19:30:00,PT5M,0.0,0.0,0.0,0.0,0.0
0,0,0,0,29,0.15,54.7,1.5,219,2026-08-17 19:35:00,PT5M,0.0,0.0,0.0,0.0,0.0
0,0,0,0,29,0.15,55.2,1.6,219,2026-08-17 19:40:00,PT5M,0.0,0.0,0.0,0.0,0.0
0,0,0,0,29,0.15,55.7,1.6,218,2026-08-17 19:45:00,PT5M,0.0,0.0,0.0,0.0,0.0
0,0,0,0,29,0.15,56.2,1.7,218,2026-08-17 19:50:00,PT5M,0.0,0.0,0.0,0.0,0.0
0,0,0,0,29,0.15,56.7,1.7,218,2026-08-17 19:55:00,PT5M,0.0,0.0,0.0,0.0,0.0
0,0,0,0,29,0.15,57.2,1.8,217,2026-08-17 20:00:00,PT5M,0.0,0.0,0.0,0.0,0.0
0,0,0,0,29,0.15,57.8,1.8,217,2026-08-17 20:05:00,PT5M,0.0,0.0,0.0,0.0,0.0
0,0,0,0,29,0.15,58.3,1.9,217,2026-08-17 20:10:00,PT5M,0.0,0.0,0.0,0.0,0.0
0,0,0,0,28,0.15,58.8,1.9,216,2026-08-17 20:15:00,PT5M,0.0,0.0,0.0,0.0,0.0
0,0,0,0,28,0.15,59.3,2.0,216,2026-08-17 20:20:00,PT5M,0.0,0.0,0.0,0.0,0.0
0,0,0,0,28,0.15,59.9,2.0,216,2026-08-17 20:25:00,PT5M,0.0,0.0,0.0,0.0,0.0
0,0,0,0,28,0.15,60.4,2.1,215,2026-08-17 20:30:00,PT5M,0.0,0.0,0.0,0.0,0.0
0,0,0,0,28,0.15,60.7,2.1,215,2026-08-17 20:35:00,PT5M,0.0,0.0,0.0,0.0,0.0
0,0,0,0,28,0.15,60.8,2.1,216,2026-08-17 20:40:00,PT5M,0.0,0.0,0.0,0.0,0.0
0,0,0,0,28,0.15,60.9,2.1,216,2026-08-17 20:45:00,PT5M,0.0,0.0,0.0,0.0,0.0
0,0,0,0,28,0.15,61.0,2.1,217,2026-08-17 20:50:00,PT5M,0.0,0.0,0.0,0.0,0.0
0,0,0,0,28,0.15,61.1,2.1,217,2026-08-17 20:55:00,PT5M,0.0,0.0,0.0,0.0,0.0
0,0,0,0,28,0.15,61.2,2.1,217,2026-08-17 21:00:00,PT5M,0.0,0.0,0.0,0.0,0.0
0,0,0,0,28,0.15,61.3,2.1,218,2026-08-17 21:05:00,PT5M,0.0,0.0,0.0,0.0,0.0
0,0,0,0,28,0.15,61.4,2.1,218,2026-08-17 21:10:00,PT5M,0.0,0.0,0.0,0.0,0.0
0,0,0,0,28,0.15,61.5,2.0,218,2026-08-17 21:15:00,PT5M,0.0,0.0,0.0,0.0,0.0
0,0,0,0,28,0.15,61.6,2.0,219,2026-08-17 21:20:00,PT5M,0.0,0.0,0.0,0.0,0.0
0,0,0,0,28,0.15,61.7,2.0,219,2026-08-17 21:25:00,PT5M,0.0,0.0,0.0,0.0,0.0
0,0,0,0,28,0.15,61.8,2.0,219,2026-08-17 21:30:00,PT5M,0.0,0.0,0.0,0.0,0.0
0,0,0,0,28,0.15,61.9,2.0,220,2026-08-17 21:35:00,PT5M,0.0,0.0,0.0,0.0,0.0
0,0,0,0,28,0.15,62.0,2.0,220,2026-08-17 21:40:00,PT5M,0.0,0.0,0.0,0.0,0.0
0,0,0,0,28,0.15,62.1,2.0,221,2026-08-17 21:45:00,PT5M,0.0,0.0,0.0,0.0,0.0
0,0,0,0,28,0.15,62.2,2.0,221,2026-08-17 21:50:00,PT5M,0.0,0.0,0.0,0.0,0.0
0,0,0,0,28,0.15,62.3,2.0,221,2026-08-17 21:55:00,PT5M,0.0,0.0,0.0,0.0,0.0
0,0,0,0,28,0.15,62.4,2.0,222,2026-08-17 22:00:00,PT5M,0.0,0.0,0.0,0.0,0.0
0,0,0,0,28,0.15,62.5,2.0,222,2026-08-17 22:05:00,PT5M,0.0,0.0,0.0,0.0,0.0
0,0,0,0,28,0.15,62.6,2.0,223,2026-08-17 22:10:00,PT5M,0.0,0.0,0.0,0.0,0.0
0,0,0,0,27,0.15,62.8,2.0,223,2026-08-17 22:15:00,PT5M,0.0,0.0,0.0,0.0,0.0
0,0,0,0,27,0.15,62.9,2.0,223,2026-08-17 22:20:00,PT5M,0.0,0.0,0.0,0.0,0.0
0,0,0,0,27,0.15,63.0,2.0,224,2026-08-17 22:25:00,PT5M,0.0,0.0,0.0,0.0,0.0
0,0,0,0,27,0.15,63.1,2.0,224,2026-08-17 22:30:00,PT5M,0.0,0.0,0.0,0.0,0.0
0,0,0,0,27,0.15,63.2,2.0,225,2026-08-17 22:35:00,PT5M,0.0,0.0,0.0,0.0,0.0
0,0,0,0,27,0.15,63.3,2.0,225,2026-08-17 22:40:00,PT5M,0.0,0.0,0.0,0.0,0.0
0,0,0,0,27,0.15,63.4,2.0,225,2026-08-17 22:45:00,PT5M,0.0,0.0,0.0,0.0,0.0
0,0,0,0,27,0.15,63.5,2.0,226,2026-08-17 22:50:00,PT5M,0.0,0.0,0.0,0.0,0.0
0,0,0,0,27,0.15,63.6,2.0,226,2026-08-17 22:55:00,PT5M,0.0,0.0,0.0,0.0,0.0
0,0,0,0,27,0.15,63.7,2.0,226,2026-08-17 23:00:00,PT5M,0.0,0.0,0.0,0.0,0.0
0,0,0,0,27,0.15,63.8,2.0,227,2026-08-17 23:05:00,PT5M,0.0,0.0,0.0,0.0,0.0
0,0,0,0,27,0.15,63.9,2.0,227,2026-08-17 23:10:00,PT5M,0.0,0.0,0.0,0.0,0.0
0,0,0,0,27,0.15,64.0,2.0,228,2026-08-17 23:15:00,PT5M,0.0,0.0,0.0,0.0,0.0
0,0,0,0,27,0.15,64.1,2.0,228,2026-08-17 23:20:00,PT5M,0.0,0.0,0.0,0.0,0.0
0,0,0,0,27,0.15,64.2,2.0,228,2026-08-17 23:25:00,PT5M,0.0,0.0,0.0,0.0,0.0
0,0,0,0,27,0.15,64.3,2.0,229,2026-08-17 23:30:00,PT5M,0.0,0.0,0.0,0.0,0.0
0,0,0,0,27,0.15,64.4,2.0,229,2026-08-17 23:35:00,PT5M,0.0,0.0,0.0,0.0,0.0
0,0,0,0,27,0.15,64.5,2.0,228,2026-08-17 23:40:00,PT5M,0.0,0.0,0.0,0.0,0.0
0,0,0,0,27,0.15,64.6,2.0,228,2026-08-17 23:45:00,PT5M,0.0,0.0,0.0,0.0,0.0
0,0,0,0,27,0.15,64.6,2.0,228,2026-08-17 23:50:00,PT5M,0.0,0.0,0.0,0.0,0.0
0,0,0,0,27,0.15,64.7,2.0,227,2026-08-17 23:55:00,PT5M,0.0,0.0,0.0,0.0,0.0
0,0,0,0,27,0.15,64.8,2.0,227,2026-08-18 00:00:00,PT5M,0.0,0.0,0.0,0.0,0.0
0,0,0,0,27,0.15,64.9,2.0,226,2026-08-18 00:05:00,PT5M,0.0,0.0,0.0,0.0,0.0
0,0,0,0,27,0.15,65.0,2.0,226,2026-08-18 00:10:00,PT5M,0.0,0.0,0.0,0.0,0.0
0,0,0,0,27,0.15,65.1,2.0,226,2026-08-18 00:15:00,PT5M,0.0,0.0,0.0,0.0,0.0
0,0,0,0,27,0.15,65.1,2.0,225,2026-08-18 00:20:00,PT5M,0.0,0.0,0.0,0.0,0.0
0,0,0,0,27,0.15,65.2,2.0,225,2026-08-18 00:25:00,PT5M,0.0,0.0,0.0,0.0,0.0
0,0,0,0,27,0.15,65.3,2.0,225,2026-08-18 00:30:00,PT5M,0.0,0.0,0.0,0.0,0.0
0,0,0,0,27,0.15,65.4,2.1,224,2026-08-18 00:35:00,PT5M,0.0,0.0,0.0,0.0,0.0
0,0,0,0,27,0.15,65.5,2.1,224,2026-08-18 00:40:00,PT5M,0.0,0.0,0.0,0.0,0.0
0,0,0,0,27,0.15,65.6,2.1,223,2026-08-18 00:45:00,PT5M,0.0,0.0,0.0,0.0,0.0
0,0,0,0,27,0.15,65.6,2.1,223,2026-08-18 00:50:00,PT5M,0.0,0.0,0.0,0.0,0.0
0,0,0,0,27,0.15,65.7,2.1,223,2026-08-18 00:55:00,PT5M,0.0,0.0,0.0,0.0,0.0
0,0,0,0,27,0.15,65.8,2.1,222,2026-08-18 01:00:00,PT5M,0.0,0.0,0.0,0.0,0.0
0,0,0,0,26,0.15,65.9,2.1,222,2026-08-18 01:05:00,PT5M,0.0,0.0,0.0,0.0,0.0
0,0,0,0,26,0.15,66.0,2.1,222,2026-08-18 01:10:00,PT5M,0.0,0.0,0.0,0.0,0.0
0,0,0,0,26,0.15,66.1,2.1,221,2026-08-18 01:15:00,PT5M,0.0,0.0,0.0,0.0,0.0
0,0,0,0,26,0.15,66.2,2.1,221,2026-08-18 01:20:00,PT5M,0.0,0.0,0.0,0.0,0.0
0,0,0,0,26,0.15,66.2,2.1,220,2026-08-18 01:25:00,PT5M,0.0,0.0,0.0,0.0,0.0
0,0,0,0,26,0.15,66.3,2.1,220,2026-08-18 01:30:00,PT5M,0.0,0.0,0.0,0.0,0.0
0,0,0,0,26,0.15,66.4,2.1,220,2026-08-18 01:35:00,PT5M,0.0,0.0,0.0,0.0,0.0
0,0,0,0,26,0.15,66.5,2.1,219,2026-08-18 01:40:00,PT5M,0.0,0.0,0.0,0.0,0.0
0,0,0,0,26,0.15,66.6,2.1,219,2026-08-18 01:45:00,PT5M,0.0,0.0,0.0,0.0,0.0
0,0,0,0,26,0.15,66.7,2.2,219,2026-08-18 01:50:00,PT5M,0.0,0.0,0.0,0.0,0.0
0,0,0,0,26,0.15,66.8,2.2,218,2026-08-18 01:55:00,PT5M,0.0,0.0,0.0,0.0,0.0
0,0,0,0,26,0.15,66.8,2.2,218,2026-08-18 02:00:00,PT5M,0.0,0.0,0.0,0.0,0.0
0,0,0,0,26,0.15,66.9,2.2,218,2026-08-18 02:05:00,PT5M,0.0,0.0,0.0,0.0,0.0
0,0,0,0,26,0.15,67.0,2.2,217,2026-08-18 02:10:00,PT5M,0.0,0.0,0.0,0.0,0.0
0,0,0,0,26,0.15,67.1,2.2,217,2026-08-18 02:15:00,PT5M,0.0,0.0,0.0,0.0,0.0
0,0,0,0,26,0.15,67.2,2.2,217,2026-08-18 02:20:00,PT5M,0.0,0.0,0.0,0.0,0.0
0,0,0,0,26,0.15,67.3,2.2,216,2026-08-18 02:25:00,PT5M,0.0,0.0,0.0,0.0,0.0
0,0,0,0,26,0.15,67.4,2.2,216,2026-08-18 02:30:00,PT5M,0.0,0.0,0.0,0.0,0.0
0,0,0,0,26,0.15,67.5,2.2,216,2026-08-18 02:35:00,PT5M,0.0,0.0,0.0,0.0,0.0
0,0,0,0,26,0.15,67.6,2.2,216,2026-08-18 02:40:00,PT5M,0.0,0.0,0.0,0.0,0.0
0,0,0,0,26,0.15,67.8,2.2,216,2026-08-18 02:45:00,PT5M,0.0,0.0,0.0,0.0,0.0
0,0,0,0,26,0.15,67.9,2.3,217,2026-08-18 02:50:00,PT5M,0.0,0.0,0.0,0.0,0.0
0,0,0,0,26,0.15,68.1,2.3,217,2026-08-18 02:55:00,PT5M,0.0,0.0,0.0,0.0,0.0
0,0,0,0,26,0.15,68.2,2.3,217,2026-08-18 03:00:00,PT5M,0.0,0.0,0.0,0.0,0.0
0,0,0,0,26,0.15,68.4,2.3,217,2026-08-18 03:05:00,PT5M,0.0,0.0,0.0,0.0,0.0
0,0,0,0,26,0.15,68.5,2.3,218,2026-08-18 03:10:00,PT5M,0.0,0.0,0.0,0.0,0.0
0,0,0,0,26,0.15,68.7,2.3,218,2026-08-18 03:15:00,PT5M,0.0,0.0,0.0,0.0,0.0
0,0,0,0,26,0.15,68.8,2.3,218,2026-08-18 03:20:00,PT5M,0.0,0.0,0.0,0.0,0.0
0,0,0,0,26,0.15,69.0,2.3,218,2026-08-18 03:25:00,PT5M,0.0,0.0,0.0,0.0,0.0
0,0,0,0,26,0.15,69.1,2.3,219,2026-08-18 03:30:00,PT5M,0.0,0.0,0.0,0.0,0.0
0,0,0,0,26,0.15,69.3,2.4,219,2026-08-18 03:35:00,PT5M,0.0,0.0,0.0,0.0,0.0
0,0,0,0,26,0.15,69.4,2.4,219,2026-08-18 03:40:00,PT5M,0.0,0.0,0.0,0.0,0.0
0,0,0,0,26,0.15,69.6,2.4,219,2026-08-18 03:45:00,PT5M,0.0,0.0,0.0,0.0,0.0
0,0,0,0,26,0.15,69.7,2.4,219,2026-08-18 03:50:00,PT5M,0.0,0.0,0.0,0.0,0.0
0,0,0,0,26,0.15,69.9,2.4,220,2026-08-18 03:55:00,PT5M,0.0,0.0,0.0,0.0,0.0
0,0,0,0,26,0.15,70.0,2.4,220,2026-08-18 04:00:00,PT5M,0.0,0.0,0.0,0.0,0.0
0,0,0,0,25,0.15,70.2,2.4,220,2026-08-18 04:05:00,PT5M,0.0,0.0,0.0,0.0,0.0
0,0,0,0,25,0.15,70.3,2.4,220,2026-08-18 04:10:00,PT5M,0.0,0.0,0.0,0.0,0.0
0,0,0,0,25,0.15,70.5,2.4,220,2026-08-18 04:15:00,PT5M,0.0,0.0,0.0,0.0,0.0
0,0,0,0,25,0.15,70.6,2.5,221,2026-08-18 04:20:00,PT5M,0.0,0.0,0.0,0.0,0.0
0,0,0,0,25,0.15,70.8,2.5,221,2026-08-18 04:25:00,PT5M,0.0,0.0,0.0,0.0,0.0
0,0,0,0,25,0.15,70.9,2.5,221,2026-08-18 04:30:00,PT5M,0.0,0.0,0.0,0.0,0.0
0,0,0,0,25,0.15,71.1,2.5,221,2026-08-18 04:35:00,PT5M,0.0,0.0,0.0,0.0,0.0
0,0,0,0,25,0.15,71.2,2.5,221,2026-08-18 04:40:00,PT5M,0.0,0.0,0.0,0.0,0.0
0,0,0,0,25,0.15,71.4,2.5,222,2026-08-18 04:45:00,PT5M,0.0,0.0,0.0,0.0,0.0
0,0,0,0,25,0.15,71.6,2.5,222,2026-08-18 04:50:00,PT5M,0.0,0.0,0.0,0.0,0.0
0,0,0,0,25,0.15,71.7,2.5,222,2026-08-18 04:55:00,PT5M,0.0,0.0,0.0,0.0,0.0
0,0,0,0,25,0.15,71.9,2.5,222,2026-08-18 05:00:00,PT5M,0.0,0.0,0.0,0.0,0.0
0,0,0,0,25,0.15,72.0,2.6,222,2026-08-18 05:05:00,PT5M,0.0,0.0,0.0,0.0,0.0
0,0,0,0,25,0.15,72.2,2.6,223,2026-08-18 05:10:00,PT5M,0.0,0.0,0.0,0.0,0.0
0,0,0,0,25,0.15,72.3,2.6,223,2026-08-18 05:15:00,PT5M,0.0,0.0,0.0,0.0,0.0
0,0,0,0,25,0.15,72.5,2.6,223,2026-08-18 05:20:00,PT5M,0.0,0.0,0.0,0.0,0.0
0,0,0,0,25,0.15,72.7,2.6,223,2026-08-18 05:25:00,PT5M,0.0,0.0,0.0,0.0,0.0
0,0,0,0,25,0.15,72.8,2.6,223,2026-08-18 05:30:00,PT5M,0.0,0.0,0.0,0.0,0.0
0,0,0,0,25,0.15,72.6,2.6,224,2026-08-18 05:35:00,PT5M,0.0,0.0,0.0,0.0,0.0
0,0,0,0,25,0.15,72.1,2.7,224,2026-08-18 05:40:00,PT5M,0.0,0.0,0.0,0.0,0.0
0,0,0,0,25,0.15,71.6,2.7,225,2026-08-18 05:45:00,PT5M,0.0,0.0,0.0,0.0,0.0
0,0,0,0,25,0.15,71.1,2.7,225,2026-08-18 05:50:00,PT5M,0.0,0.0,0.0,0.0,0.0
0,0,0,0,26,0.15,70.6,2.7,225,2026-08-18 05:55:00,PT5M,0.0,0.0,0.0,0.0,0.0
0,0,0,0,26,0.15,70.1,2.8,226,2026-08-18 06:00:00,PT5M,0.0,0.0,0.0,0.0,0.0
1,1,0,1,26,0.15,69.6,2.8,226,2026-08-18 06:05:00,PT5M,0.0,0.0,0.0,0.0,0.0
6,6,0,6,26,0.15,69.1,2.8,227,2026-08-18 06:10:00,PT5M,0.126,0.3175,0.2268,0.0252,0.0
13,13,0,13,26,0.15,68.6,2.9,227,2026-08-18 06:15:00,PT5M,1.067,1.7005,1.4004,0.7336,0.4335
20,21,0,21,26,0.15,68.1,2.9,227,2026-08-18 06:20:00,PT5M,2.111,3.2335,2.7018,1.5202,0.9885
29,30,0,30,26,0.15,67.6,2.9,228,2026-08-18 06:25:00,PT5M,3.26,5.254,4.3095,2.2105,1.266
39,40,0,40,26,0.15,67.2,2.9,228,2026-08-18 06:30:00,PT5M,4.533,7.5025,6.0959,2.9701,1.5635
49,52,4,51,26,0.15,66.7,3.0,228,2026-08-18 06:35:00,PT5M,6.132,10.33,8.3414,3.9226,1.934
58,64,32,60,26,0.15,66.2,3.0,229,2026-08-18 06:40:00,PT5M,8.471,14.019,11.391,5.551,2.923
68,78,60,68,27,0.15,65.7,3.0,229,2026-08-18 06:45:00,PT5M,11.064,18.0555,14.7437,7.3843,4.0725
79,93,88,76,27,0.15,65.3,3.1,229,2026-08-18 06:50:00,PT5M,13.997,22.4475,18.4446,9.5494,5.5465
91,108,116,83,27,0.15,64.8,3.1,230,2026-08-18 06:55:00,PT5M,17.249,27.1595,22.465,12.033,7.3385
103,124,144,91,27,0.15,64.4,3.1,230,2026-08-18 07:00:00,PT5M,20.648,32.086,26.6679,14.6281,9.21
117,141,171,98,27,0.15,63.9,3.1,230,2026-08-18 07:05:00,PT5M,24.362,37.403,31.2256,17.4984,11.321
130,158,193,105,27,0.15,63.5,3.2,231,2026-08-18 07:10:00,PT5M,27.976,42.711,35.7311,20.2209,13.241
144,174,213,111,27,0.15,63.0,3.2,231,2026-08-18 07:15:00,PT5M,31.648,48.135,40.3252,22.9708,15.161
158,191,232,118,27,0.15,62.6,3.2,231,2026-08-18 07:20:00,PT5M,35.433,53.704,45.0492,25.8168,17.162
172,208,250,124,27,0.15,62.1,3.3,232,2026-08-18 07:25:00,PT5M,39.295,59.4205,49.8872,28.7028,19.1695
187,225,267,131,28,0.15,61.7,3.3,232,2026-08-18 07:30:00,PT5M,43.218,65.1675,54.7702,31.6658,21.2685
202,243,284,136,28,0.15,61.3,3.3,232,2026-08-18 07:35:00,PT5M,47.202,70.9975,59.7257,34.6783,23.4065
218,260,300,142,28,0.15,60.8,3.3,232,2026-08-18 07:40:00,PT5M,51.248,76.9275,64.7633,37.7327,25.5685
233,278,316,147,28,0.15,60.4,3.4,233,2026-08-18 07:45:00,PT5M,55.371,83.015,69.9202,40.8218,27.727
249,296,332,152,28,0.15,60.0,3.4,233,2026-08-18 07:50:00,PT5M,58.754,87.694,73.9853,43.5227,29.814
264,314,347,157,28,0.15,59.6,3.4,233,2026-08-18 07:55:00,PT5M,61.29,90.7,76.7687,45.8113,31.88
280,332,362,162,28,0.15,59.1,3.5,233,2026-08-18 08:00:00,PT5M,63.7,93.532,79.4008,47.9992,33.868
296,350,377,166,28,0.15,58.7,3.5,234,2026-08-18 08:05:00,PT5M,66.066,96.269,81.9621,50.1699,35.863
313,368,391,170,28,0.15,58.3,3.5,234,2026-08-18 08:10:00,PT5M,68.329,98.845,84.3898,52.2682,37.813
329,386,406,173,28,0.15,57.9,3.6,234,2026-08-18 08:15:00,PT5M,70.479,100.0,86.67,54.288,39.7155
345,405,420,177,29,0.15,57.5,3.6,234,2026-08-18 08:20:00,PT5M,72.503,100.0,88.7848,56.2212,41.567
361,423,433,180,29,0.15,57.1,3.6,235,2026-08-18 08:25:00,PT5M,74.396,100.0,90.7276,58.0644,43.3655
377,441,446,183,29,0.15,56.7,3.6,235,2026-08-18 08:30:00,PT5M,76.152,100.0,92.4452,59.8588,45.1945
393,458,456,186,29,0.15,56.1,3.6,235,2026-08-18 08:35:00,PT5M,77.545,100.0,93.7753,61.3147,46.707
408,474,463,190,29,0.15,55.2,3.6,235,2026-08-18 08:40:00,PT5M,78.621,100.0,94.7986,62.4434,47.883
422,490,469,194,29,0.15,54.3,3.5,235,2026-08-18 08:45:00,PT5M,79.633,100.0,95.7496,63.5164,49.011
437,505,475,198,30,0.15,53.4,3.5,236,2026-08-18 08:50:00,PT5M,80.588,100.0,96.6383,64.5377,50.092
451,520,480,202,30,0.15,52.5,3.5,236,2026-08-18 08:55:00,PT5M,81.49,100.0,97.4724,65.5076,51.123
465,535,486,206,30,0.15,51.7,3.4,236,2026-08-18 09:00:00,PT5M,82.348,100.0,98.2585,66.4375,52.1175
479,550,491,210,30,0.15,50.9,3.4,236,2026-08-18 09:05:00,PT5M,83.185,100.0,99.0226,67.3474,53.093
492,565,497,213,30,0.15,50.0,3.3,237,2026-08-18 09:10:00,PT5M,84.007,100.0,99.7952,68.2188,54.009
506,580,504,216,31,0.15,49.2,3.3,237,2026-08-18 09:15:00,PT5M,84.906,100.0,100.0,69.2102,55.0835
520,594,510,218,31,0.15,48.5,3.2,237,2026-08-18 09:20:00,PT5M,85.764,100.0,100.0,70.1616,56.119
533,609,517,220,31,0.15,47.7,3.2,237,2026-08-18 09:25:00,PT5M,86.584,100.0,100.0,71.0766,57.1195
546,623,523,222,31,0.15,46.9,3.1,238,2026-08-18 09:30:00,PT5M,87.367,100.0,100.0,71.9546,58.083
560,637,531,224,31,0.15,46.2,3.1,238,2026-08-18 09:35:00,PT5M,88.183,100.0,100.0,72.9338,59.209
573,652,539,225,32,0.15,45.4,3.0,238,2026-08-18 09:40:00,PT5M,89.058,100.0,100.0,74.0032,60.4535
586,666,547,226,32,0.15,44.7,3.0,238,2026-08-18 09:45:00,PT5M,89.868,100.0,100.0,74.9998,61.618
599,679,555,227,32,0.15,44.0,3.0,239,2026-08-18 09:50:00,PT5M,90.646,100.0,100.0,75.9565,62.7355
611,693,562,227,32,0.15,43.3,2.9,239,2026-08-18 09:55:00,PT5M,91.345,100.0,100.0,76.8208,63.7485
623,706,568,228,32,0.15,42.6,2.9,239,2026-08-18 10:00:00,PT5M,92.002,100.0,100.0,77.6336,64.7015
634,718,575,229,33,0.15,41.9,2.8,240,2026-08-18 10:05:00,PT5M,92.629,100.0,100.0,78.4084,65.6095
645,730,581,229,33,0.15,41.3,2.8,240,2026-08-18 10:10:00,PT5M,93.226,100.0,100.0,79.1423,66.4665
656,742,587,230,33,0.15,40.6,2.7,240,2026-08-18 10:15:00,PT5M,93.795,100.0,100.0,79.8405,67.281
667,753,593,230,33,0.15,40.0,2.7,241,2026-08-18 10:20:00,PT5M,94.336,100.0,100.0,80.5025,68.052
677,764,599,230,33,0.15,39.3,2.6,241,2026-08-18 10:25:00,PT5M,94.849,100.0,100.0,81.1292,68.781
687,775,605,230,34,0.15,38.7,2.6,241,2026-08-18 10:30:00,PT5M,95.335,100.0,100.0,81.7213,69.4685
696,785,610,230,34,0.15,38.1,2.6,242,2026-08-18 10:35:00,PT5M,95.736,100.0,100.0,82.2346,70.083
704,794,613,231,34,0.15,37.5,2.5,242,2026-08-18 10:40:00,PT5M,96.054,100.0,100.0,82.6711,70.626
712,802,616,232,34,0.15,36.9,2.5,242,2026-08-18 10:45:00,PT5M,96.348,100.0,100.0,83.0774,71.1335
720,810,619,232,34,0.15,36.3,2.4,243,2026-08-18 10:50:00,PT5M,96.618,100.0,100.0,83.453,71.604
727,818,622,233,35,0.15,35.8,2.4,243,2026-08-18 10:55:00,PT5M,96.864,100.0,100.0,83.7971,72.0365
734,825,625,233,35,0.15,35.2,2.3,244,2026-08-18 11:00:00,PT5M,97.085,100.0,100.0,84.1065,72.4255
740,832,628,233,35,0.15,34.6,2.3,244,2026-08-18 11:05:00,PT5M,97.272,100.0,100.0,84.368,72.754
746,838,630,234,35,0.15,34.1,2.3,245,2026-08-18 11:10:00,PT5M,97.425,100.0,100.0,84.571,73.002
752,844,632,235,35,0.15,33.6,2.2,245,2026-08-18 11:15:00,PT5M,97.566,100.0,100.0,84.7725,73.258
757,849,634,235,36,0.15,33.0,2.2,246,2026-08-18 11:20:00,PT5M,97.689,100.0,100.0,84.9592,73.502
761,854,636,235,36,0.15,32.5,2.1,246,2026-08-18 11:25:00,PT5M,97.79,100.0,100.0,85.1107,73.699
765,859,637,236,36,0.15,32.0,2.1,247,2026-08-18 11:30:00,PT5M,97.869,100.0,100.0,85.2255,73.846
768,861,635,238,36,0.15,31.7,2.0,247,2026-08-18 11:35:00,PT5M,97.774,100.0,100.0,85.1487,73.7855
768,861,629,242,36,0.15,31.7,1.9,247,2026-08-18 11:40:00,PT5M,97.507,100.0,100.0,84.8822,73.5195
768,860,623,246,36,0.15,31.6,1.8,247,2026-08-18 11:45:00,PT5M,97.221,100.0,100.0,84.5904,73.2225
767,859,617,249,36,0.15,31.6,1.8,247,2026-08-18 11:50:00,PT5M,96.916,100.0,100.0,84.2717,72.8915
766,857,610,253,36,0.15,31.5,1.7,246,2026-08-18 11:55:00,PT5M,96.589,100.0,100.0,83.9229,72.523
765,855,604,257,36,0.15,31.5,1.6,246,2026-08-18 12:00:00,PT5M,96.241,100.0,100.0,83.5452,72.1185
763,853,597,260,36,0.15,31.4,1.5,246,2026-08-18 12:05:00,PT5M,95.868,100.0,100.0,83.1337,71.6725
761,850,590,264,36,0.15,31.4,1.4,245,2026-08-18 12:10:00,PT5M,95.47,100.0,100.0,82.6889,71.1855
758,846,583,267,36,0.15,31.3,1.3,245,2026-08-18 12:15:00,PT5M,95.141,100.0,100.0,82.3044,70.751
754,842,576,271,36,0.15,31.3,1.3,245,2026-08-18 12:20:00,PT5M,94.796,100.0,100.0,81.8952,70.284
750,837,568,274,36,0.15,31.2,1.2,244,2026-08-18 12:25:00,PT5M,94.424,100.0,100.0,81.4511,69.775
746,832,561,277,36,0.15,31.2,1.1,244,2026-08-18 12:30:00,PT5M,94.027,100.0,100.0,80.9738,69.2255
741,826,553,280,36,0.15,31.1,1.0,243,2026-08-18 12:35:00,PT5M,93.606,100.0,100.0,80.4523,68.6135
736,820,545,283,36,0.15,31.1,0.9,242,2026-08-18 12:40:00,PT5M,93.16,100.0,100.0,79.8857,67.9385
731,814,537,286,36,0.15,31.0,0.8,242,2026-08-18 12:45:00,PT5M,92.691,100.0,100.0,79.2902,67.229
725,807,529,289,36,0.15,31.0,0.7,240,2026-08-18 12:50:00,PT5M,92.197,100.0,100.0,78.6625,66.481
718,799,522,291,36,0.15,30.9,0.7,239,2026-08-18 12:55:00,PT5M,91.755,100.0,100.0,78.0797,65.7715
712,792,514,293,36,0.15,30.9,0.6,237,2026-08-18 13:00:00,PT5M,91.212,100.0,100.0,77.3851,64.9405
704,784,505,295,36,0.15,30.8,0.5,235,2026-08-18 13:05:00,PT5M,90.63,100.0,100.0,76.6373,64.0435
697,775,497,298,36,0.15,30.8,0.4,232,2026-08-18 13:10:00,PT5M,90.022,100.0,100.0,75.8646,63.1225
689,766,488,300,37,0.15,30.8,0.3,227,2026-08-18 13:15:00,PT5M,89.405,100.0,100.0,75.0944,62.2145
681,757,480,301,37,0.15,30.7,0.3,220,2026-08-18 13:20:00,PT5M,88.753,100.0,100.0,74.2753,61.245
672,747,471,303,37,0.15,30.7,0.2,207,2026-08-18 13:25:00,PT5M,88.062,100.0,100.0,73.4036,60.2105
663,737,463,304,37,0.15,30.6,0.1,183,2026-08-18 13:30:00,PT5M,87.339,100.0,100.0,72.4929,59.131
655,727,455,305,37,0.15,30.6,0.1,148,2026-08-18 13:35:00,PT5M,86.644,100.0,100.0,71.6053,58.07
646,718,449,305,37,0.15,30.5,0.2,121,2026-08-18 13:40:00,PT5M,85.98,100.0,100.0,70.745,57.033
637,708,442,305,37,0.15,30.5,0.2,105,2026-08-18 13:45:00,PT5M,85.288,100.0,100.0,69.8535,55.962
628,697,435,304,37,0.15,30.4,0.3,97,2026-08-18 13:50:00,PT5M,84.568,100.0,100.0,68.9312,54.8575
618,687,428,304,37,0.15,30.4,0.4,91,2026-08-18 13:55:00,PT5M,83.824,100.0,99.6661,67.9819,53.7235
608,676,422,303,37,0.15,30.3,0.5,88,2026-08-18 14:00:00,PT5M,83.05,100.0,99.1008,66.9992,52.553
598,665,415,302,37,0.15,30.3,0.6,85,2026-08-18 14:05:00,PT5M,82.255,100.0,98.5171,65.9929,51.3565
588,654,409,300,37,0.15,30.2,0.6,83,2026-08-18 14:10:00,PT5M,81.439,100.0,97.915,64.963,50.134
577,642,402,298,37,0.15,30.2,0.7,82,2026-08-18 14:15:00,PT5M,80.593,100.0,97.2864,63.8996,48.875
566,630,396,296,37,0.15,30.1,0.8,81,2026-08-18 14:20:00,PT5M,79.715,100.0,96.6308,62.7992,47.5745
555,618,389,294,37,0.15,30.1,0.9,80,2026-08-18 14:25:00,PT5M,78.807,100.0,95.9486,61.6654,46.2375
544,606,383,292,37,0.15,30.0,1.0,79,2026-08-18 14:30:00,PT5M,77.87,100.0,95.2068,60.5332,44.9295
531,592,373,290,37,0.15,30.2,1.0,79,2026-08-18 14:35:00,PT5M,76.745,100.0,94.2089,59.2811,43.563
518,577,362,289,37,0.15,30.7,1.1,79,2026-08-18 14:40:00,PT5M,75.474,100.0,93.075,57.873,42.0315
505,562,351,287,36,0.15,31.2,1.1,79,2026-08-18 14:45:00,PT5M,74.135,100.0,91.8679,56.4021,40.442
491,547,341,285,36,0.15,31.7,1.2,79,2026-08-18 14:50:00,PT5M,72.794,100.0,90.6534,54.9346,38.8605
478,532,330,283,36,0.15,32.2,1.2,79,2026-08-18 14:55:00,PT5M,71.414,100.0,89.3932,53.4348,37.253
464,516,319,280,36,0.15,32.7,1.3,79,2026-08-18 15:00:00,PT5M,69.995,100.0,88.0871,51.9029,35.6195
450,501,308,277,36,0.15,33.2,1.3,79,2026-08-18 15:05:00,PT5M,68.519,100.0,86.7129,50.3251,33.95
436,485,296,274,36,0.15,33.7,1.4,79,2026-08-18 15:10:00,PT5M,66.983,100.0,85.2664,48.6996,32.244
423,470,286,271,35,0.15,34.2,1.5,79,2026-08-18 15:15:00,PT5M,65.471,100.0,83.8299,47.1121,30.5885
409,455,276,267,35,0.15,34.8,1.5,79,2026-08-18 15:20:00,PT5M,63.95,98.8985,82.3436,45.5564,29.0015
395,440,266,263,35,0.15,35.3,1.6,79,2026-08-18 15:25:00,PT5M,62.382,97.4245,80.8251,43.9389,27.3395
382,424,255,258,35,0.15,35.9,1.6,79,2026-08-18 15:30:00,PT5M,60.767,95.88,79.2472,42.2868,25.654
368,409,245,254,35,0.15,36.4,1.7,79,2026-08-18 15:35:00,PT5M,59.098,94.2585,77.6032,40.5928,23.9375
354,394,235,249,35,0.15,37.0,1.7,79,2026-08-18 15:40:00,PT5M,57.369,92.5495,75.8847,38.8533,22.1885
340,378,224,243,34,0.15,37.6,1.8,79,2026-08-18 15:45:00,PT5M,55.583,90.7485,74.0909,37.0751,20.4175
326,363,214,238,34,0.15,38.2,1.8,79,2026-08-18 15:50:00,PT5M,53.785,88.8935,72.2629,35.3071,18.6765
313,347,203,232,34,0.15,38.8,1.9,80,2026-08-18 15:55:00,PT5M,51.866,86.8675,70.2875,33.4445,16.8645
299,332,192,226,34,0.15,39.4,1.9,80,2026-08-18 16:00:00,PT5M,49.887,84.673,68.1951,31.5789,15.101
285,316,181,220,34,0.15,40.0,2.0,80,2026-08-18 16:05:00,PT5M,47.857,82.355,66.0135,29.7005,13.359
271,301,171,213,34,0.15,40.6,2.0,80,2026-08-18 16:10:00,PT5M,45.783,79.9245,63.7519,27.8141,11.6415
258,286,160,206,33,0.15,41.3,2.1,80,2026-08-18 16:15:00,PT5M,43.643,77.355,61.3859,25.9001,9.931
244,270,150,199,33,0.15,41.9,2.1,80,2026-08-18 16:20:00,PT5M,41.443,74.6615,58.9261,23.9599,8.2245
231,255,139,192,33,0.15,42.6,2.2,80,2026-08-18 16:25:00,PT5M,39.189,71.856,56.3819,21.9961,6.522
218,240,128,184,33,0.15,43.3,2.2,80,2026-08-18 16:30:00,PT5M,36.888,68.9505,53.7627,20.0133,4.8255
205,225,116,177,33,0.15,44.0,2.3,80,2026-08-18 16:35:00,PT5M,34.398,65.3205,50.6727,18.1233,3.4755
192,211,104,169,33,0.15,44.6,2.3,80,2026-08-18 16:40:00,PT5M,31.62,60.5045,46.8221,16.4179,2.7355
179,196,92,161,33,0.15,45.3,2.4,80,2026-08-18 16:45:00,PT5M,29.011,55.9215,43.1742,14.8478,2.1005
166,181,80,152,32,0.15,46.1,2.4,80,2026-08-18 16:50:00,PT5M,26.295,51.2485,39.4282,13.1618,1.3415
154,167,68,144,32,0.15,46.8,2.5,80,2026-08-18 16:55:00,PT5M,23.654,46.6525,35.7583,11.5497,0.6555
142,153,55,135,32,0.15,47.5,2.5,80,2026-08-18 17:00:00,PT5M,21.088,42.089,32.141,10.035,0.087
130,139,43,126,32,0.15,48.3,2.6,80,2026-08-18 17:05:00,PT5M,18.596,37.656,28.6274,8.5646,0.0
118,126,30,117,32,0.15,49.0,2.6,80,2026-08-18 17:10:00,PT5M,16.211,33.354,25.2335,7.1885,0.0
107,113,16,108,32,0.15,49.8,2.7,80,2026-08-18 17:15:00,PT5M,14.034,29.302,22.0697,5.9983,0.0
96,99,0,99,31,0.15,50.6,2.7,80,2026-08-18 17:20:00,PT5M,11.714,25.1945,18.8089,4.6191,0.0
83,86,0,86,31,0.15,51.4,2.8,80,2026-08-18 17:25:00,PT5M,10.199,21.9785,16.3986,3.9994,0.0
72,74,0,74,31,0.15,52.2,2.8,80,2026-08-18 17:30:00,PT5M,8.637,18.767,13.9685,3.3055,0.0
60,62,0,62,31,0.15,52.8,2.8,80,2026-08-18 17:35:00,PT5M,7.198,15.6975,11.6713,2.7247,0.0
50,52,0,52,31,0.15,53.1,2.7,80,2026-08-18 17:40:00,PT5M,5.9,12.7875,9.5249,2.2751,0.0
40,41,0,41,31,0.15,53.3,2.7,80,2026-08-18 17:45:00,PT5M,4.637,9.984,7.4512,1.8228,0.0
31,32,0,32,31,0.15,53.6,2.6,79,2026-08-18 17:50:00,PT5M,3.446,7.363,5.5075,1.3845,0.0
24,24,0,24,31,0.15,53.9,2.5,79,2026-08-18 17:55:00,PT5M,2.458,5.2075,3.9051,1.0109,0.0
17,17,0,17,30,0.15,54.2,2.4,79,2026-08-18 18:00:00,PT5M,1.582,3.2985,2.4854,0.6786,0.0
11,11,0,11,30,0.15,54.5,2.4,79,2026-08-18 18:05:00,PT5M,0.787,1.755,1.2965,0.2775,0.0
6,6,0,6,30,0.15,54.7,2.3,79,2026-08-18 18:10:00,PT5M,0.075,0.4155,0.2542,0.0,0.0
1,1,0,1,30,0.15,55.0,2.2,79,2026-08-18 18:15:00,PT5M,0.0,0.0,0.0,0.0,0.0
0,0,0,0,30,0.15,55.3,2.1,79,2026-08-18 18:20:00,PT5M,0.0,0.0,0.0,0.0,0.0
0,0,0,0,30,0.15,55.6,2.1,78,2026-08-18 18:25:00,PT5M,0.0,0.0,0.0,0.0,0.0
0,0,0,0,30,0.15,55.9,2.0,78,2026-08-18 18:30:00,PT5M,0.0,0.0,0.0,0.0,0.0
0,0,0,0,30,0.15,56.2,1.9,78,2026-08-18 18:35:00,PT5M,0.0,0.0,0.0,0.0,0.0
0,0,0,0,30,0.15,56.5,1.8,78,2026-08-18 18:40:00,PT5M,0.0,0.0,0.0,0.0,0.0
0,0,0,0,30,0.15,56.8,1.8,78,2026-08-18 18:45:00,PT5M,0.0,0.0,0.0,0.0,0.0
0,0,0,0,30,0.15,57.1,1.7,77,2026-08-18 18:50:00,PT5M,0.0,0.0,0.0,0.0,0.0
0,0,0,0,29,0.15,57.4,1.6,77,2026-08-18 18:55:00,PT5M,0.0,0.0,0.0,0.0,0.0
0,0,0,0,29,0.15,57.7,1.5,77,2026-08-18 19:00:00,PT5M,0.0,0.0,0.0,0.0,0.0
0,0,0,0,29,0.15,58.0,1.5,76,2026-08-18 19:05:00,PT5M,0.0,0.0,0.0,0.0,0.0
0,0,0,0,29,0.15,58.3,1.4,76,2026-08-18 19:10:00,PT5M,0.0,0.0,0.0,0.0,0.0
0,0,0,0,29,0.15,58.6,1.3,75,2026-08-18 19:15:00,PT5M,0.0,0.0,0.0,0.0,0.0
0,0,0,0,29,0.15,59.0,1.2,75,2026-08-18 19:20:00,PT5M,0.0,0.0,0.0,0.0,0.0
0,0,0,0,29,0.15,59.3,1.2,74,2026-08-18 19:25:00,PT5M,0.0,0.0,0.0,0.0,0.0
0,0,0,0,29,0.15,59.6,1.1,74,2026-08-18 19:30:00,PT5M,0.0,0.0,0.0,0.0,0.0
0,0,0,0,29,0.15,59.9,1.0,73,2026-08-18 19:35:00,PT5M,0.0,0.0,0.0,0.0,0.0
0,0,0,0,29,0.15,60.2,0.9,72,2026-08-18 19:40:00,PT5M,0.0,0.0,0.0,0.0,0.0
0,0,0,0,29,0.15,60.5,0.9,71,2026-08-18 19:45:00,PT5M,0.0,0.0,0.0,0.0,0.0
0,0,0,0,28,0.15,60.9,0.8,70,2026-08-18 19:50:00,PT5M,0.0,0.0,0.0,0.0,0.0
0,0,0,0,28,0.15,61.2,0.7,68,2026-08-18 19:55:00,PT5M,0.0,0.0,0.0,0.0,0.0
0,0,0,0,28,0.15,61.5,0.6,67,2026-08-18 20:00:00,PT5M,0.0,0.0,0.0,0.0,0.0
0,0,0,0,28,0.15,61.8,0.6,64,2026-08-18 20:05:00,PT5M,0.0,0.0,0.0,0.0,0.0
0,0,0,0,28,0.15,62.2,0.5,62,2026-08-18 20:10:00,PT5M,0.0,0.0,0.0,0.0,0.0
0,0,0,0,28,0.15,62.5,0.4,58,2026-08-18 20:15:00,PT5M,0.0,0.0,0.0,0.0,0.0
0,0,0,0,28,0.15,62.8,0.4,52,2026-08-18 20:20:00,PT5M,0.0,0.0,0.0,0.0,0.0
0,0,0,0,28,0.15,63.2,0.3,45,2026-08-18 20:25:00,PT5M,0.0,0.0,0.0,0.0,0.0
0,0,0,0,28,0.15,63.5,0.2,34,2026-08-18 20:30:00,PT5M,0.0,0.0,0.0,0.0,0.0
0,0,0,0,28,0.15,63.7,0.2,25,2026-08-18 20:35:00,PT5M,0.0,0.0,0.0,0.0,0.0
0,0,0,0,28,0.15,63.8,0.2,20,2026-08-18 20:40:00,PT5M,0.0,0.0,0.0,0.0,0.0
0,0,0,0,28,0.15,63.9,0.1,13,2026-08-18 20:45:00,PT5M,0.0,0.0,0.0,0.0,0.0
0,0,0,0,28,0.15,64.0,0.1,2,2026-08-18 20:50:00,PT5M,0.0,0.0,0.0,0.0,0.0
0,0,0,0,27,0.15,64.1,0.1,342,2026-08-18 20:55:00,PT5M,0.0,0.0,0.0,0.0,0.0
0,0,0,0,27,0.15,64.2,0.1,312,2026-08-18 21:00:00,PT5M,0.0,0.0,0.0,0.0,0.0
0,0,0,0,27,0.15,64.3,0.1,284,2026-08-18 21:05:00,PT5M,0.0,0.0,0.0,0.0,0.0
0,0,0,0,27,0.15,64.4,0.1,266,2026-08-18 21:10:00,PT5M,0.0,0.0,0.0,0.0,0.0
0,0,0,0,27,0.15,64.5,0.1,255,2026-08-18 21:15:00,PT5M,0.0,0.0,0.0,0.0,0.0
0,0,0,0,27,0.15,64.6,0.2,249,2026-08-18 21:20:00,PT5M,0.0,0.0,0.0,0.0,0.0
0,0,0,0,27,0.15,64.7,0.2,244,2026-08-18 21:25:00,PT5M,0.0,0.0,0.0,0.0,0.0
0,0,0,0,27,0.15,64.8,0.2,241,2026-08-18 21:30:00,PT5M,0.0,0.0,0.0,0.0,0.0
0,0,0,0,27,0.15,64.8,0.3,239,2026-08-18 21:35:00,PT5M,0.0,0.0,0.0,0.0,0.0
0,0,0,0,27,0.15,64.9,0.3,238,2026-08-18 21:40:00,PT5M,0.0,0.0,0.0,0.0,0.0
0,0,0,0,27,0.15,65.0,0.4,236,2026-08-18 21:45:00,PT5M,0.0,0.0,0.0,0.0,0.0
0,0,0,0,27,0.15,65.1,0.4,235,2026-08-18 21:50:00,PT5M,0.0,0.0,0.0,0.0,0.0
0,0,0,0,27,0.15,65.2,0.4,234,2026-08-18 21:55:00,PT5M,0.0,0.0,0.0,0.0,0.0
0,0,0,0,27,0.15,65.3,0.5,233,2026-08-18 22:00:00,PT5M,0.0,0.0,0.0,0.0,0.0
0,0,0,0,27,0.15,65.4,0.5,233,2026-08-18 22:05:00,PT5M,0.0,0.0,0.0,0.0,0.0
0,0,0,0,27,0.15,65.5,0.6,232,2026-08-18 22:10:00,PT5M,0.0,0.0,0.0,0.0,0.0
0,0,0,0,27,0.15,65.6,0.6,232,2026-08-18 22:15:00,PT5M,0.0,0.0,0.0,0.0,0.0
0,0,0,0,27,0.15,65.7,0.6,231,2026-08-18 22:20:00,PT5M,0.0,0.0,0.0,0.0,0.0
0,0,0,0,27,0.15,65.8,0.7,231,2026-08-18 22:25:00,PT5M,0.0,0.0,0.0,0.0,0.0
0,0,0,0,27,0.15,65.9,0.7,231,2026-08-18 22:30:00,PT5M,0.0,0.0,0.0,0.0,0.0
0,0,0,0,27,0.15,66.0,0.8,230,2026-08-18 22:35:00,PT5M,0.0,0.0,0.0,0.0,0.0
0,0,0,0,27,0.15,66.1,0.8,230,2026-08-18 22:40:00,PT5M,0.0,0.0,0.0,0.0,0.0
0,0,0,0,27,0.15,66.2,0.8,230,2026-08-18 22:45:00,PT5M,0.0,0.0,0.0,0.0,0.0
0,0,0,0,27,0.15,66.3,0.9,230,2026-08-18 22:50:00,PT5M,0.0,0.0,0.0,0.0,0.0
0,0,0,0,27,0.15,66.4,0.9,229,2026-08-18 22:55:00,PT5M,0.0,0.0,0.0,0.0,0.0
0,0,0,0,27,0.15,66.5,0.9,229,2026-08-18 23:00:00,PT5M,0.0,0.0,0.0,0.0,0.0
0,0,0,0,27,0.15,66.6,1.0,229,2026-08-18 23:05:00,PT5M,0.0,0.0,0.0,0.0,0.0
0,0,0,0,27,0.15,66.6,1.0,229,2026-08-18 23:10:00,PT5M,0.0,0.0,0.0,0.0,0.0
0,0,0,0,27,0.15,66.7,1.1,229,2026-08-18 23:15:00,PT5M,0.0,0.0,0.0,0.0,0.0
0,0,0,0,27,0.15,66.8,1.1,229,2026-08-18 23:20:00,PT5M,0.0,0.0,0.0,0.0,0.0
0,0,0,0,26,0.15,66.9,1.1,229,2026-08-18 23:25:00,PT5M,0.0,0.0,0.0,0.0,0.0
0,0,0,0,26,0.15,67.0,1.2,228,2026-08-18 23:30:00,PT5M,0.0,0.0,0.0,0.0,0.0
0,0,0,0,26,0.15,67.1,1.2,228,2026-08-18 23:35:00,PT5M,0.0,0.0,0.0,0.0,0.0
0,0,0,0,26,0.15,67.1,1.2,228,2026-08-18 23:40:00,PT5M,0.0,0.0,0.0,0.0,0.0
0,0,0,0,26,0.15,67.1,1.2,228,2026-08-18 23:45:00,PT5M,0.0,0.0,0.0,0.0,0.0
0,0,0,0,26,0.15,67.1,1.3,227,2026-08-18 23:50:00,PT5M,0.0,0.0,0.0,0.0,0.0
0,0,0,0,26,0.15,67.2,1.3,227,2026-08-18 23:55:00,PT5M,0.0,0.0,0.0,0.0,0.0
0,0,0,0,26,0.15,67.2,1.3,227,2026-08-19 00:00:00,PT5M,0.0,0.0,0.0,0.0,0.0
0,0,0,0,26,0.15,67.2,1.3,226,2026-08-19 00:05:00,PT5M,0.0,0.0,0.0,0.0,0.0
0,0,0,0,26,0.15,67.2,1.3,226,2026-08-19 00:10:00,PT5M,0.0,0.0,0.0,0.0,0.0
0,0,0,0,26,0.15,67.2,1.3,226,2026-08-19 00:15:00,PT5M,0.0,0.0,0.0,0.0,0.0
0,0,0,0,26,0.15,67.2,1.3,226,2026-08-19 00:20:00,PT5M,0.0,0.0,0.0,0.0,0.0
0,0,0,0,26,0.15,67.3,1.3,225,2026-08-19 00:25:00,PT5M,0.0,0.0,0.0,0.0,0.0
0,0,0,0,26,0.15,67.3,1.4,225,2026-08-19 00:30:00,PT5M,0.0,0.0,0.0,0.0,0.0
0,0,0,0,26,0.15,67.3,1.4,225,2026-08-19 00:35:00,PT5M,0.0,0.0,0.0,0.0,0.0
0,0,0,0,26,0.15,67.3,1.4,225,2026-08-19 00:40:00,PT5M,0.0,0.0,0.0,0.0,0.0
0,0,0,0,26,0.15,67.3,1.4,224,2026-08-19 00:45:00,PT5M,0.0,0.0,0.0,0.0,0.0
0,0,0,0,26,0.15,67.3,1.4,224,2026-08-19 00:50:00,PT5M,0.0,0.0,0.0,0.0,0.0
0,0,0,0,26,0.15,67.4,1.4,224,2026-08-19 00:55:00,PT5M,0.0,0.0,0.0,0.0,0.0
0,0,0,0,26,0.15,67.4,1.4,224,2026-08-19 01:00:00,PT5M,0.0,0.0,0.0,0.0,0.0
0,0,0,0,26,0.15,67.4,1.5,223,2026-08-19 01:05:00,PT5M,0.0,0.0,0.0,0.0,0.0
0,0,0,0,26,0.15,67.4,1.5,223,2026-08-19 01:10:00,PT5M,0.0,0.0,0.0,0.0,0.0
0,0,0,0,26,0.15,67.4,1.5,223,2026-08-19 01:15:00,PT5M,0.0,0.0,0.0,0.0,0.0
0,0,0,0,26,0.15,67.4,1.5,223,2026-08-19 01:20:00,PT5M,0.0,0.0,0.0,0.0,0.0
0,0,0,0,26,0.15,67.5,1.5,223,2026-08-19 01:25:00,PT5M,0.0,0.0,0.0,0.0,0.0
0,0,0,0,26,0.15,67.5,1.5,222,2026-08-19 01:30:00,PT5M,0.0,0.0,0.0,0.0,0.0
0,0,0,0,26,0.15,67.5,1.5,222,2026-08-19 01:35:00,PT5M,0.0,0.0,0.0,0.0,0.0
0,0,0,0,26,0.15,67.5,1.6,222,2026-08-19 01:40:00,PT5M,0.0,0.0,0.0,0.0,0.0
0,0,0,0,26,0.15,67.5,1.6,222,2026-08-19 01:45:00,PT5M,0.0,0.0,0.0,0.0,0.0
0,0,0,0,26,0.15,67.5,1.6,222,2026-08-19 01:50:00,PT5M,0.0,0.0,0.0,0.0,0.0
0,0,0,0,26,0.15,67.6,1.6,222,2026-08-19 01:55:00,PT5M,0.0,0.0,0.0,0.0,0.0
0,0,0,0,25,0.15,67.6,1.6,221,2026-08-19 02:00:00,PT5M,0.0,0.0,0.0,0.0,0.0
0,0,0,0,25,0.15,67.6,1.6,221,2026-08-19 02:05:00,PT5M,0.0,0.0,0.0,0.0,0.0
0,0,0,0,25,0.15,67.6,1.6,221,2026-08-19 02:10:00,PT5M,0.0,0.0,0.0,0.0,0.0
0,0,0,0,25,0.15,67.6,1.7,221,2026-08-19 02:15:00,PT5M,0.0,0.0,0.0,0.0,0.0
0,0,0,0,25,0.15,67.6,1.7,221,2026-08-19 02:20:00,PT5M,0.0,0.0,0.0,0.0,0.0
0,0,0,0,25,0.15,67.7,1.7,220,2026-08-19 02:25:00,PT5M,0.0,0.0,0.0,0.0,0.0
0,0,0,0,25,0.15,67.7,1.7,220,2026-08-19 02:30:00,PT5M,0.0,0.0,0.0,0.0,0.0
0,0,0,0,25,0.15,67.7,1.7,221,2026-08-19 02:35:00,PT5M,0.0,0.0,0.0,0.0,0.0
0,0,0,0,25,0.15,67.9,1.7,221,2026-08-19 02:40:00,PT5M,0.0,0.0,0.0,0.0,0.0
0,0,0,0,25,0.15,68.0,1.7,222,2026-08-19 02:45:00,PT5M,0.0,0.0,0.0,0.0,0.0
0,0,0,0,25,0.15,68.1,1.7,222,2026-08-19 02:50:00,PT5M,0.0,0.0,0.0,0.0,0.0
0,0,0,0,25,0.15,68.2,1.8,223,2026-08-19 02:55:00,PT5M,0.0,0.0,0.0,0.0,0.0
0,0,0,0,25,0.15,68.3,1.8,223,2026-08-19 03:00:00,PT5M,0.0,0.0,0.0,0.0,0.0
0,0,0,0,25,0.15,68.4,1.8,224,2026-08-19 03:05:00,PT5M,0.0,0.0,0.0,0.0,0.0
0,0,0,0,25,0.15,68.5,1.8,224,2026-08-19 03:10:00,PT5M,0.0,0.0,0.0,0.0,0.0
0,0,0,0,25,0.15,68.6,1.8,225,2026-08-19 03:15:00,PT5M,0.0,0.0,0.0,0.0,0.0
0,0,0,0,25,0.15,68.8,1.8,225,2026-08-19 03:20:00,PT5M,0.0,0.0,0.0,0.0,0.0
0,0,0,0,25,0.15,68.9,1.8,226,2026-08-19 03:25:00,PT5M,0.0,0.0,0.0,0.0,0.0
0,0,0,0,25,0.15,69.0,1.8,226,2026-08-19 03:30:00,PT5M,0.0,0.0,0.0,0.0,0.0
0,0,0,0,25,0.15,69.1,1.8,227,2026-08-19 03:35:00,PT5M,0.0,0.0,0.0,0.0,0.0
0,0,0,0,25,0.15,69.2,1.9,227,2026-08-19 03:40:00,PT5M,0.0,0.0,0.0,0.0,0.0
0,0,0,0,25,0.15,69.3,1.9,228,2026-08-19 03:45:00,PT5M,0.0,0.0,0.0,0.0,0.0
0,0,0,0,25,0.15,69.5,1.9,228,2026-08-19 03:50:00,PT5M,0.0,0.0,0.0,0.0,0.0
0,0,0,0,25,0.15,69.6,1.9,229,2026-08-19 03:55:00,PT5M,0.0,0.0,0.0,0.0,0.0
0,0,0,0,25,0.15,69.7,1.9,229,2026-08-19 04:00:00,PT5M,0.0,0.0,0.0,0.0,0.0
0,0,0,0,25,0.15,69.8,1.9,229,2026-08-19 04:05:00,PT5M,0.0,0.0,0.0,0.0,0.0
0,0,0,0,25,0.15,69.9,1.9,230,2026-08-19 04:10:00,PT5M,0.0,0.0,0.0,0.0,0.0
0,0,0,0,25,0.15,70.0,1.9,230,2026-08-19 04:15:00,PT5M,0.0,0.0,0.0,0.0,0.0
0,0,0,0,25,0.15,70.2,2.0,231,2026-08-19 04:20:00,PT5M,0.0,0.0,0.0,0.0,0.0
0,0,0,0,25,0.15,70.3,2.0,231,2026-08-19 04:25:00,PT5M,0.0,0.0,0.0,0.0,0.0
0,0,0,0,25,0.15,70.4,2.0,232,2026-08-19 04:30:00,PT5M,0.0,0.0,0.0,0.0,0.0
0,0,0,0,25,0.15,70.5,2.0,232,2026-08-19 04:35:00,PT5M,0.0,0.0,0.0,0.0,0.0
0,0,0,0,25,0.15,70.6,2.0,232,2026-08-19 04:40:00,PT5M,0.0,0.0,0.0,0.0,0.0
0,0,0,0,25,0.15,70.7,2.0,233,2026-08-19 04:45:00,PT5M,0.0,0.0,0.0,0.0,0.0
0,0,0,0,25,0.15,70.9,2.0,233,2026-08-19 04:50:00,PT5M,0.0,0.0,0.0,0.0,0.0
0,0,0,0,25,0.15,71.0,2.1,234,2026-08-19 04:55:00,PT5M,0.0,0.0,0.0,0.0,0.0
0,0,0,0,25,0.15,71.1,2.1,234,2026-08-19 05:00:00,PT5M,0.0,0.0,0.0,0.0,0.0
0,0,0,0,24,0.15,71.2,2.1,234,2026-08-19 05:05:00,PT5M,0.0,0.0,0.0,0.0,0.0
0,0,0,0,24,0.15,71.3,2.1,235,2026-08-19 05:10:00,PT5M,0.0,0.0,0.0,0.0,0.0
0,0,0,0,24,0.15,71.5,2.1,235,2026-08-19 05:15:00,PT5M,0.0,0.0,0.0,0.0,0.0
0,0,0,0,24,0.15,71.6,2.1,235,2026-08-19 05:20:00,PT5M,0.0,0.0,0.0,0.0,0.0
0,0,0,0,24,0.15,71.7,2.1,236,2026-08-19 05:25:00,PT5M,0.0,0.0,0.0,0.0,0.0
0,0,0,0,24,0.15,71.8,2.2,236,2026-08-19 05:30:00,PT5M,0.0,0.0,0.0,0.0,0.0
0,0,0,0,24,0.15,71.5,2.2,236,2026-08-19 05:35:00,PT5M,0.0,0.0,0.0,0.0,0.0
0,0,0,0,25,0.15,70.8,2.2,237,2026-08-19 05:40:00,PT5M,0.0,0.0,0.0,0.0,0.0
0,0,0,0,25,0.15,70.1,2.2,237,2026-08-19 05:45:00,PT5M,0.0,0.0,0.0,0.0,0.0
0,0,0,0,25,0.15,69.5,2.2,237,2026-08-19 05:50:00,PT5M,0.0,0.0,0.0,0.0,0.0
0,0,0,0,25,0.15,68.8,2.2,238,2026-08-19 05:55:00,PT5M,0.0,0.0,0.0,0.0,0.0
0,0,0,0,25,0.15,68.1,2.2,238,2026-08-19 06:00:00,PT5M,0.0,0.0,0.0,0.0,0.0
0,0,0,0,25,0.15,67.5,2.2,238,2026-08-19 06:05:00,PT5M,0.0,0.0,0.0,0.0,0.0
4,4,0,4,25,0.15,66.8,2.2,238,2026-08-19 06:10:00,PT5M,0.0,0.0745,0.0392,0.0,0.0
8,9,0,9,25,0.15,66.2,2.2,239,2026-08-19 06:15:00,PT5M,0.452,1.016,0.7488,0.1552,0.0
13,14,0,14,26,0.15,65.5,2.2,239,2026-08-19 06:20:00,PT5M,1.16,2.133,1.6721,0.6479,0.187
20,20,0,20,26,0.15,64.9,2.2,239,2026-08-19 06:25:00,PT5M,1.955,3.3335,2.6805,1.2295,0.5765
27,27,0,27,26,0.15,64.3,2.2,239,2026-08-19 06:30:00,PT5M,2.854,4.755,3.8545,1.8535,0.953
35,36,0,36,26,0.15,63.7,2.2,240,2026-08-19 06:35:00,PT5M,3.954,6.738,5.4192,2.4888,1.17
44,45,0,45,26,0.15,63.1,2.2,240,2026-08-19 06:40:00,PT5M,5.175,9.062,7.2208,3.1292,1.288
54,56,0,56,26,0.15,62.5,2.2,240,2026-08-19 06:45:00,PT5M,6.443,11.5915,9.1527,3.7333,1.2945
65,67,0,67,26,0.15,61.9,2.2,240,2026-08-19 06:50:00,PT5M,7.87,14.467,11.342,4.398,1.273
77,79,0,79,27,0.15,61.3,2.2,241,2026-08-19 06:55:00,PT5M,9.493,17.6405,13.7811,5.2049,1.3455
90,93,0,93,27,0.15,60.7,2.2,241,2026-08-19 07:00:00,PT5M,11.084,20.9185,16.26,5.908,1.2495
103,107,0,107,27,0.15,60.1,2.2,241,2026-08-19 07:05:00,PT5M,12.785,24.477,18.9386,6.6314,1.093
115,121,18,116,27,0.15,59.5,2.2,241,2026-08-19 07:10:00,PT5M,15.386,28.9175,22.5077,8.2643,1.8545
127,136,36,125,27,0.15,59.0,2.2,242,2026-08-19 07:15:00,PT5M,18.066,33.4745,26.1756,9.9564,2.6575
140,151,54,134,27,0.15,58.4,2.2,242,2026-08-19 07:20:00,PT5M,21.068,38.432,30.2068,11.9292,3.704
153,167,73,143,27,0.15,57.9,2.2,242,2026-08-19 07:25:00,PT5M,24.274,43.6635,34.4788,14.0692,4.8845
167,183,92,151,27,0.15,57.3,2.2,243,2026-08-19 07:30:00,PT5M,27.681,49.155,38.9829,16.3791,6.207
181,200,112,158,28,0.15,56.8,2.2,243,2026-08-19 07:35:00,PT5M,31.153,56.8,44.6512,17.6548,5.506
196,218,132,166,28,0.15,56.2,2.2,243,2026-08-19 07:40:00,PT5M,34.961,62.4585,49.4331,20.4889,7.4635
211,236,153,172,28,0.15,55.7,2.2,243,2026-08-19 07:45:00,PT5M,38.962,68.366,54.4375,23.4865,9.558
226,254,175,179,28,0.15,55.2,2.2,244,2026-08-19 07:50:00,PT5M,42.793,73.395,58.8991,26.6869,12.191
242,273,197,184,28,0.15,54.6,2.2,244,2026-08-19 07:55:00,PT5M,46.372,77.3675,62.6852,30.0588,15.3765
259,293,221,189,28,0.15,54.1,2.2,244,2026-08-19 08:00:00,PT5M,49.885,81.2085,66.3708,33.3992,18.5615
275,313,245,193,28,0.15,53.6,2.2,244,2026-08-19 08:05:00,PT5M,53.432,85.0135,70.0536,36.8104,21.8505
293,334,269,197,29,0.15,53.1,2.2,245,2026-08-19 08:10:00,PT5M,56.939,88.7025,73.6564,40.2216,25.1755
310,355,294,200,29,0.15,52.6,2.2,245,2026-08-19 08:15:00,PT5M,60.388,92.249,77.1567,43.6193,28.527
328,376,320,201,29,0.15,52.1,2.2,245,2026-08-19 08:20:00,PT5M,63.761,95.626,80.5318,46.9902,31.896
347,398,347,203,29,0.15,51.6,2.2,245,2026-08-19 08:25:00,PT5M,67.04,98.8135,83.7626,50.3174,35.2665
365,420,375,203,29,0.15,51.1,2.2,246,2026-08-19 08:30:00,PT5M,70.186,100.0,86.7923,53.5797,38.6335
382,439,392,205,29,0.15,50.5,2.2,246,2026-08-19 08:35:00,PT5M,72.388,100.0,88.9138,55.8622,40.9885
397,455,400,209,29,0.15,49.7,2.1,247,2026-08-19 08:40:00,PT5M,73.655,100.0,90.1534,57.1566,42.3075
411,471,408,214,30,0.15,49.0,2.0,247,2026-08-19 08:45:00,PT5M,74.858,100.0,91.3114,58.4046,43.596
425,486,415,218,30,0.15,48.3,2.0,248,2026-08-19 08:50:00,PT5M,76.001,100.0,92.3868,59.6152,44.8675
440,501,422,222,30,0.15,47.5,1.9,248,2026-08-19 08:55:00,PT5M,77.09,100.0,93.4063,60.7737,46.0885
454,517,429,226,30,0.15,46.8,1.8,249,2026-08-19 09:00:00,PT5M,78.132,100.0,94.3752,61.8888,47.2695
467,532,435,229,31,0.15,46.1,1.8,250,2026-08-19 09:05:00,PT5M,79.147,100.0,95.3152,62.9788,48.427
481,546,443,233,31,0.15,45.5,1.7,251,2026-08-19 09:10:00,PT5M,80.15,100.0,96.2655,64.0345,49.53
495,562,451,235,31,0.15,44.8,1.7,252,2026-08-19 09:15:00,PT5M,81.217,100.0,97.2386,65.1954,50.7755
509,577,459,238,31,0.15,44.1,1.6,253,2026-08-19 09:20:00,PT5M,82.24,100.0,98.1666,66.3134,51.979
522,591,467,240,32,0.15,43.5,1.5,254,2026-08-19 09:25:00,PT5M,83.223,100.0,99.0533,67.3927,53.145
536,606,475,242,32,0.15,42.8,1.5,255,2026-08-19 09:30:00,PT5M,84.165,100.0,99.8953,68.4347,54.277
549,620,483,244,32,0.15,42.2,1.4,256,2026-08-19 09:35:00,PT5M,85.07,100.0,100.0,69.5774,55.6335
562,634,491,245,32,0.15,41.6,1.4,257,2026-08-19 09:40:00,PT5M,85.938,100.0,100.0,70.6877,56.962
574,648,498,247,32,0.15,41.0,1.3,259,2026-08-19 09:45:00,PT5M,86.771,100.0,100.0,71.7557,58.2415
587,661,505,248,33,0.15,40.4,1.2,260,2026-08-19 09:50:00,PT5M,87.571,100.0,100.0,72.7828,59.473
598,674,512,249,33,0.15,39.8,1.2,262,2026-08-19 09:55:00,PT5M,88.287,100.0,100.0,73.7122,60.5945
610,686,518,251,33,0.15,39.2,1.1,264,2026-08-19 10:00:00,PT5M,88.966,100.0,100.0,74.5957,61.662
621,699,524,252,33,0.15,38.6,1.1,266,2026-08-19 10:05:00,PT5M,89.615,100.0,100.0,75.4415,62.685
632,710,530,253,34,0.15,38.0,1.0,268,2026-08-19 10:10:00,PT5M,90.22,100.0,100.0,76.2329,63.644
643,722,536,254,34,0.15,37.5,1.0,271,2026-08-19 10:15:00,PT5M,90.804,100.0,100.0,76.995,64.5665
653,733,542,254,34,0.15,36.9,0.9,273,2026-08-19 10:20:00,PT5M,91.359,100.0,100.0,77.7203,65.445
663,744,547,255,34,0.15,36.4,0.9,277,2026-08-19 10:25:00,PT5M,91.886,100.0,100.0,78.4099,66.281
672,754,553,255,34,0.15,35.9,0.8,280,2026-08-19 10:30:00,PT5M,92.385,100.0,100.0,79.0642,67.075
682,765,559,255,35,0.15,35.4,0.8,284,2026-08-19 10:35:00,PT5M,92.923,100.0,100.0,79.674,67.7495
692,775,567,254,35,0.15,34.8,0.8,288,2026-08-19 10:40:00,PT5M,93.498,100.0,100.0,80.394,68.6
701,786,575,253,35,0.15,34.3,0.7,292,2026-08-19 10:45:00,PT5M,94.045,100.0,100.0,81.0794,69.41
710,796,582,252,35,0.15,33.8,0.7,297,2026-08-19 10:50:00,PT5M,94.564,100.0,100.0,81.7297,70.1785
719,805,590,250,36,0.15,33.4,0.7,303,2026-08-19 10:55:00,PT5M,95.055,100.0,100.0,82.3444,70.9045
727,814,597,248,36,0.15,32.9,0.7,308,2026-08-19 11:00:00,PT5M,95.517,100.0,100.0,82.9204,71.583
735,823,604,247,36,0.15,32.4,0.7,314,2026-08-19 11:05:00,PT5M,95.941,100.0,100.0,83.4446,72.1975
743,832,611,245,36,0.15,31.9,0.7,320,2026-08-19 11:10:00,PT5M,96.327,100.0,100.0,83.9098,72.734
750,839,618,243,36,0.15,31.5,0.7,325,2026-08-19 11:15:00,PT5M,96.699,100.0,100.0,84.3684,73.2705
757,847,624,241,37,0.15,31.0,0.7,331,2026-08-19 11:20:00,PT5M,97.052,100.0,100.0,84.8083,73.7885
763,854,631,239,37,0.15,30.6,0.7,337,2026-08-19 11:25:00,PT5M,97.38,100.0,100.0,85.2107,74.258
769,861,637,237,37,0.15,30.1,0.7,342,2026-08-19 11:30:00,PT5M,97.683,100.0,100.0,85.5748,74.677
773,866,641,236,37,0.15,30.0,0.7,348,2026-08-19 11:35:00,PT5M,97.882,100.0,100.0,85.8188,74.9615
776,869,642,236,37,0.15,30.1,0.7,357,2026-08-19 11:40:00,PT5M,97.98,100.0,100.0,85.9457,75.1145
779,872,643,236,37,0.15,30.2,0.7,5,2026-08-19 11:45:00,PT5M,98.058,100.0,100.0,86.0458,75.2345
781,874,644,236,37,0.15,30.3,0.7,14,2026-08-19 11:50:00,PT5M,98.114,100.0,100.0,86.116,75.3175
783,876,645,236,37,0.15,30.4,0.7,23,2026-08-19 11:55:00,PT5M,98.149,100.0,100.0,86.1568,75.3635
784,877,646,236,37,0.15,30.5,0.7,31,2026-08-19 12:00:00,PT5M,98.161,100.0,100.0,86.1659,75.37
785,878,646,236,37,0.15,30.6,0.8,38,2026-08-19 12:05:00,PT5M,98.141,100.0,100.0,86.1336,75.3265
785,878,645,237,37,0.15,30.7,0.9,44,2026-08-19 12:10:00,PT5M,98.09,100.0,100.0,86.0602,75.233
784,877,644,237,37,0.15,30.8,0.9,49,2026-08-19 12:15:00,PT5M,98.114,100.0,100.0,86.0531,75.198
783,876,643,238,37,0.15,30.9,1.0,53,2026-08-19 12:20:00,PT5M,98.116,100.0,100.0,86.0149,75.1235
782,875,642,238,37,0.15,31.0,1.1,57,2026-08-19 12:25:00,PT5M,98.094,100.0,100.0,85.9439,75.0085
780,873,641,238,37,0.15,31.1,1.2,61,2026-08-19 12:30:00,PT5M,98.048,100.0,100.0,85.8885,74.9445
778,870,639,239,37,0.15,31.2,1.3,63,2026-08-19 12:35:00,PT5M,97.98,100.0,100.0,85.7684,74.7775
775,867,637,239,37,0.15,31.3,1.3,66,2026-08-19 12:40:00,PT5M,97.89,100.0,100.0,85.6307,74.597
772,863,635,239,37,0.15,31.4,1.4,68,2026-08-19 12:45:00,PT5M,97.779,100.0,100.0,85.4655,74.383
768,859,633,239,37,0.15,31.5,1.5,70,2026-08-19 12:50:00,PT5M,97.648,100.0,100.0,85.2724,74.134
764,855,631,239,37,0.15,31.6,1.6,71,2026-08-19 12:55:00,PT5M,97.497,100.0,100.0,85.0509,73.849
759,850,628,239,37,0.15,31.7,1.7,73,2026-08-19 13:00:00,PT5M,97.322,100.0,100.0,84.7922,73.515
754,844,626,239,37,0.15,31.8,1.8,74,2026-08-19 13:05:00,PT5M,97.132,100.0,100.0,84.5048,73.14
749,839,624,239,36,0.15,32.0,1.9,75,2026-08-19 13:10:00,PT5M,96.931,100.0,100.0,84.2091,72.759
743,832,622,238,36,0.15,32.1,2.0,76,2026-08-19 13:15:00,PT5M,96.718,100.0,100.0,83.9119,72.386
736,826,620,237,36,0.15,32.2,2.1,77,2026-08-19 13:20:00,PT5M,96.48,100.0,100.0,83.5713,71.953
730,819,617,237,36,0.15,32.3,2.2,78,2026-08-19 13:25:00,PT5M,96.216,100.0,100.0,83.1891,71.4645
723,811,615,236,36,0.15,32.4,2.3,79,2026-08-19 13:30:00,PT5M,95.927,100.0,100.0,82.773,70.934
715,803,611,235,36,0.15,32.5,2.4,80,2026-08-19 13:35:00,PT5M,95.554,100.0,100.0,82.2526,70.281
706,793,606,235,36,0.15,32.6,2.5,81,2026-08-19 13:40:00,PT5M,95.097,100.0,100.0,81.6296,69.5085
697,783,600,235,36,0.15,32.7,2.6,81,2026-08-19 13:45:00,PT5M,94.616,100.0,100.0,80.9768,68.701
687,773,595,235,36,0.15,32.8,2.7,82,2026-08-19 13:50:00,PT5M,94.113,100.0,100.0,80.2959,67.86
678,763,590,235,36,0.15,32.9,2.8,82,2026-08-19 13:55:00,PT5M,93.59,100.0,100.0,79.5894,66.9885
668,752,584,234,36,0.15,33.0,2.9,83,2026-08-19 14:00:00,PT5M,93.042,100.0,100.0,78.8514,66.0795
657,740,579,234,36,0.15,33.2,3.0,83,2026-08-19 14:05:00,PT5M,92.469,100.0,100.0,78.0813,65.132
646,729,573,233,36,0.15,33.3,3.1,84,2026-08-19 14:10:00,PT5M,91.871,100.0,100.0,77.2794,64.1465
635,717,568,232,36,0.15,33.4,3.2,84,2026-08-19 14:15:00,PT5M,91.247,100.0,100.0,76.4443,63.1215
624,705,562,231,36,0.15,33.5,3.4,84,2026-08-19 14:20:00,PT5M,90.596,100.0,100.0,75.5728,62.0515
612,692,556,230,36,0.15,33.6,3.5,85,2026-08-19 14:25:00,PT5M,89.92,100.0,100.0,74.6692,60.943
600,679,550,228,36,0.15,33.7,3.6,85,2026-08-19 14:30:00,PT5M,89.219,100.0,100.0,73.734,59.797
586,663,537,229,36,0.15,33.9,3.6,85,2026-08-19 14:35:00,PT5M,88.113,100.0,100.0,72.3283,58.1215
570,645,519,232,36,0.15,34.3,3.5,85,2026-08-19 14:40:00,PT5M,86.623,100.0,100.0,70.6183,56.2135
554,627,501,235,36,0.15,34.6,3.4,85,2026-08-19 14:45:00,PT5M,85.107,100.0,100.0,68.8944,54.3025
538,609,484,237,35,0.15,35.0,3.3,85,2026-08-19 14:50:00,PT5M,83.547,100.0,99.9604,67.1336,52.361
522,590,466,238,35,0.15,35.3,3.2,84,2026-08-19 14:55:00,PT5M,81.941,100.0,98.5473,65.3347,50.3885
506,572,449,239,35,0.15,35.7,3.1,84,2026-08-19 15:00:00,PT5M,80.289,100.0,97.08,63.498,48.3855
489,553,432,240,35,0.15,36.0,3.0,84,2026-08-19 15:05:00,PT5M,78.572,100.0,95.5349,61.6091,46.342
473,535,414,240,35,0.15,36.4,3.0,84,2026-08-19 15:10:00,PT5M,76.786,100.0,93.907,59.665,44.2555
457,517,398,239,35,0.15,36.8,2.9,84,2026-08-19 15:15:00,PT5M,75.026,100.0,92.2881,57.7639,42.2275
441,499,383,238,35,0.15,37.1,2.8,83,2026-08-19 15:20:00,PT5M,73.252,100.0,90.6125,55.8915,40.2665
426,481,367,237,35,0.15,37.5,2.7,83,2026-08-19 15:25:00,PT5M,71.423,100.0,88.8953,53.9507,38.225
410,463,351,235,35,0.15,37.9,2.6,83,2026-08-19 15:30:00,PT5M,69.548,100.0,87.118,51.978,36.1645
394,445,337,232,34,0.15,38.3,2.5,82,2026-08-19 15:35:00,PT5M,67.677,100.0,85.3312,50.0228,34.1335
379,428,323,229,34,0.15,38.6,2.4,82,2026-08-19 15:40:00,PT5M,65.811,99.483,83.5328,48.0892,32.139
363,411,309,225,34,0.15,39.0,2.3,82,2026-08-19 15:45:00,PT5M,63.879,97.6405,81.6479,46.1101,30.1175
348,393,295,221,34,0.15,39.4,2.2,81,2026-08-19 15:50:00,PT5M,61.876,95.6815,79.6681,44.0839,28.0705
333,376,281,217,34,0.15,39.8,2.2,81,2026-08-19 15:55:00,PT5M,59.784,93.576,77.569,41.999,25.992
318,359,267,213,34,0.15,40.2,2.1,80,2026-08-19 16:00:00,PT5M,57.601,91.2645,75.3183,39.8837,23.9375
303,342,253,208,34,0.15,40.6,2.0,80,2026-08-19 16:05:00,PT5M,55.349,88.8075,72.9584,37.7396,21.8905
288,325,239,202,34,0.15,41.0,1.9,79,2026-08-19 16:10:00,PT5M,53.037,86.2185,70.5007,35.5733,19.8555
273,308,225,197,33,0.15,41.4,1.8,79,2026-08-19 16:15:00,PT5M,50.646,83.475,67.9241,33.3679,17.817
258,291,211,191,33,0.15,41.9,1.7,78,2026-08-19 16:20:00,PT5M,48.239,80.648,65.2961,31.1819,15.83
243,275,197,184,33,0.15,42.3,1.6,77,2026-08-19 16:25:00,PT5M,45.721,77.6495,62.5252,28.9168,13.7925
229,258,183,178,33,0.15,42.7,1.6,76,2026-08-19 16:30:00,PT5M,43.15,74.5415,59.6716,26.6284,11.7585
215,242,169,171,33,0.15,43.1,1.5,75,2026-08-19 16:35:00,PT5M,40.202,70.3935,56.092,24.312,10.0105
201,225,154,164,33,0.15,43.6,1.4,74,2026-08-19 16:40:00,PT5M,36.824,65.0235,51.6656,21.9824,8.6245
187,209,139,157,33,0.15,44.0,1.3,73,2026-08-19 16:45:00,PT5M,33.526,59.794,47.351,19.701,7.258
173,194,124,149,33,0.15,44.5,1.2,72,2026-08-19 16:50:00,PT5M,30.319,54.6705,43.1354,17.5026,5.9675
160,178,108,141,33,0.15,44.9,1.1,70,2026-08-19 16:55:00,PT5M,27.214,49.651,39.0228,15.4052,4.777
147,163,93,133,32,0.15,45.4,1.0,69,2026-08-19 17:00:00,PT5M,24.209,44.6885,34.9875,13.4305,3.7295
134,148,77,125,32,0.15,45.8,1.0,67,2026-08-19 17:05:00,PT5M,21.427,40.0195,31.2124,11.6416,2.8345
122,134,62,116,32,0.15,46.3,0.9,64,2026-08-19 17:10:00,PT5M,18.692,35.4325,27.5026,9.8814,1.9515
110,119,47,107,32,0.15,46.8,0.8,61,2026-08-19 17:15:00,PT5M,16.109,31.037,23.9657,8.2523,1.181
99,105,28,99,32,0.15,47.2,0.7,58,2026-08-19 17:20:00,PT5M,13.471,26.6765,20.4211,6.5209,0.2655
87,91,9,89,32,0.15,47.7,0.7,53,2026-08-19 17:25:00,PT5M,11.126,22.6875,17.2109,5.0411,0.0
76,78,0,78,32,0.15,48.2,0.6,48,2026-08-19 17:30:00,PT5M,9.142,19.1045,14.3853,3.8987,0.0
64,66,0,66,32,0.15,48.6,0.5,45,2026-08-19 17:35:00,PT5M,7.666,16.0275,12.0667,3.2653,0.0
53,55,0,55,31,0.15,48.8,0.5,44,2026-08-19 17:40:00,PT5M,6.35,13.116,9.911,2.789,0.0
43,45,0,45,31,0.15,49.1,0.4,43,2026-08-19 17:45:00,PT5M,5.037,10.277,7.7948,2.2792,0.0
34,35,0,35,31,0.15,49.3,0.3,42,2026-08-19 17:50:00,PT5M,3.794,7.647,5.8219,1.7661,0.0
26,27,0,27,31,0.15,49.6,0.3,39,2026-08-19 17:55:00,PT5M,2.749,5.4175,4.1535,1.3445,0.0805
18,19,0,19,31,0.15,49.9,0.2,36,2026-08-19 18:00:00,PT5M,1.799,3.427,2.6558,0.9422,0.171
12,12,0,12,31,0.15,50.1,0.1,30,2026-08-19 18:05:00,PT5M,0.924,1.856,1.4145,0.4335,0.0
6,6,0,6,31,0.15,50.4,0.1,16,2026-08-19 18:10:00,PT5M,0.091,0.3825,0.2444,0.0,0.0
1,1,0,1,31,0.15,50.7,0.1,331,2026-08-19 18:15:00,PT5M,0.0,0.0,0.0,0.0,0.0
0,0,0,0,31,0.15,51.0,0.1,273,2026-08-19 18:20:00,PT5M,0.0,0.0,0.0,0.0,0.0
0,0,0,0,31,0.15,51.2,0.1,253,2026-08-19 18:25:00,PT5M,0.0,0.0,0.0,0.0,0.0
0,0,0,0,30,0.15,51.5,0.2,246,2026-08-19 18:30:00,PT5M,0.0,0.0,0.0,0.0,0.0
0,0,0,0,30,0.15,51.8,0.3,242,2026-08-19 18:35:00,PT5M,0.0,0.0,0.0,0.0,0.0
0,0,0,0,30,0.15,52.1,0.3,239,2026-08-19 18:40:00,PT5M,0.0,0.0,0.0,0.0,0.0
0,0,0,0,30,0.15,52.3,0.4,238,2026-08-19 18:45:00,PT5M,0.0,0.0,0.0,0.0,0.0
0,0,0,0,30,0.15,52.6,0.4,237,2026-08-19 18:50:00,PT5M,0.0,0.0,0.0,0.0,0.0
0,0,0,0,30,0.15,52.9,0.5,236,2026-08-19 18:55:00,PT5M,0.0,0.0,0.0,0.0,0.0
0,0,0,0,30,0.15,53.2,0.6,235,2026-08-19 19:00:00,PT5M,0.0,0.0,0.0,0.0,0.0
0,0,0,0,30,0.15,53.5,0.6,235,2026-08-19 19:05:00,PT5M,0.0,0.0,0.0,0.0,0.0
0,0,0,0,30,0.15,53.8,0.7,234,2026-08-19 19:10:00,PT5M,0.0,0.0,0.0,0.0,0.0
0,0,0,0,30,0.15,54.1,0.8,234,2026-08-19 19:15:00,PT5M,0.0,0.0,0.0,0.0,0.0
0,0,0,0,29,0.15,54.4,0.8,234,2026-08-19 19:20:00,PT5M,0.0,0.0,0.0,0.0,0.0
0,0,0,0,29,0.15,54.7,0.9,233,2026-08-19 19:25:00,PT5M,0.0,0.0,0.0,0.0,0.0
0,0,0,0,29,0.15,55.0,1.0,233,2026-08-19 19:30:00,PT5M,0.0,0.0,0.0,0.0,0.0
0,0,0,0,29,0.15,55.3,1.0,233,2026-08-19 19:35:00,PT5M,0.0,0.0,0.0,0.0,0.0
0,0,0,0,29,0.15,55.6,1.1,233,2026-08-19 19:40:00,PT5M,0.0,0.0,0.0,0.0,0.0
0,0,0,0,29,0.15,55.9,1.2,233,2026-08-19 19:45:00,PT5M,0.0,0.0,0.0,0.0,0.0
0,0,0,0,29,0.15,56.2,1.2,233,2026-08-19 19:50:00,PT5M,0.0,0.0,0.0,0.0,0.0
0,0,0,0,29,0.15,56.5,1.3,232,2026-08-19 19:55:00,PT5M,0.0,0.0,0.0,0.0,0.0
0,0,0,0,29,0.15,56.8,1.4,232,2026-08-19 20:00:00,PT5M,0.0,0.0,0.0,0.0,0.0
0,0,0,0,29,0.15,57.1,1.4,232,2026-08-19 20:05:00,PT5M,0.0,0.0,0.0,0.0,0.0
0,0,0,0,28,0.15,57.4,1.5,232,2026-08-19 20:10:00,PT5M,0.0,0.0,0.0,0.0,0.0
0,0,0,0,28,0.15,57.7,1.6,232,2026-08-19 20:15:00,PT5M,0.0,0.0,0.0,0.0,0.0
0,0,0,0,28,0.15,58.0,1.6,232,2026-08-19 20:20:00,PT5M,0.0,0.0,0.0,0.0,0.0
0,0,0,0,28,0.15,58.4,1.7,232,2026-08-19 20:25:00,PT5M,0.0,0.0,0.0,0.0,0.0
0,0,0,0,28,0.15,58.7,1.7,232,2026-08-19 20:30:00,PT5M,0.0,0.0,0.0,0.0,0.0
0,0,0,0,28,0.15,58.9,1.8,232,2026-08-19 20:35:00,PT5M,0.0,0.0,0.0,0.0,0.0
0,0,0,0,28,0.15,59.1,1.7,231,2026-08-19 20:40:00,PT5M,0.0,0.0,0.0,0.0,0.0
0,0,0,0,28,0.15,59.2,1.7,231,2026-08-19 20:45:00,PT5M,0.0,0.0,0.0,0.0,0.0
0,0,0,0,28,0.15,59.4,1.7,230,2026-08-19 20:50:00,PT5M,0.0,0.0,0.0,0.0,0.0
0,0,0,0,28,0.15,59.5,1.7,230,2026-08-19 20:55:00,PT5M,0.0,0.0,0.0,0.0,0.0
0,0,0,0,28,0.15,59.7,1.6,229,2026-08-19 21:00:00,PT5M,0.0,0.0,0.0,0.0,0.0
0,0,0,0,28,0.15,59.9,1.6,229,2026-08-19 21:05:00,PT5M,0.0,0.0,0.0,0.0,0.0
0,0,0,0,28,0.15,60.0,1.6,228,2026-08-19 21:10:00,PT5M,0.0,0.0,0.0,0.0,0.0
0,0,0,0,28,0.15,60.2,1.5,228,2026-08-19 21:15:00,PT5M,0.0,0.0,0.0,0.0,0.0
0,0,0,0,28,0.15,60.3,1.5,227,2026-08-19 21:20:00,PT5M,0.0,0.0,0.0,0.0,0.0
0,0,0,0,28,0.15,60.5,1.5,227,2026-08-19 21:25:00,PT5M,0.0,0.0,0.0,0.0,0.0
0,0,0,0,28,0.15,60.7,1.5,226,2026-08-19 21:30:00,PT5M,0.0,0.0,0.0,0.0,0.0
0,0,0,0,28,0.15,60.8,1.4,226,2026-08-19 21:35:00,PT5M,0.0,0.0,0.0,0.0,0.0
0,0,0,0,28,0.15,61.0,1.4,225,2026-08-19 21:40:00,PT5M,0.0,0.0,0.0,0.0,0.0
0,0,0,0,28,0.15,61.1,1.4,224,2026-08-19 21:45:00,PT5M,0.0,0.0,0.0,0.0,0.0
0,0,0,0,28,0.15,61.3,1.3,224,2026-08-19 21:50:00,PT5M,0.0,0.0,0.0,0.0,0.0
0,0,0,0,27,0.15,61.5,1.3,223,2026-08-19 21:55:00,PT5M,0.0,0.0,0.0,0.0,0.0
0,0,0,0,27,0.15,61.6,1.3,222,2026-08-19 22:00:00,PT5M,0.0,0.0,0.0,0.0,0.0
0,0,0,0,27,0.15,61.8,1.3,221,2026-08-19 22:05:00,PT5M,0.0,0.0,0.0,0.0,0.0
0,0,0,0,27,0.15,61.9,1.2,221,2026-08-19 22:10:00,PT5M,0.0,0.0,0.0,0.0,0.0
0,0,0,0,27,0.15,62.1,1.2,220,2026-08-19 22:15:00,PT5M,0.0,0.0,0.0,0.0,0.0
0,0,0,0,27,0.15,62.3,1.2,219,2026-08-19 22:20:00,PT5M,0.0,0.0,0.0,0.0,0.0
0,0,0,0,27,0.15,62.4,1.2,218,2026-08-19 22:25:00,PT5M,0.0,0.0,0.0,0.0,0.0
0,0,0,0,27,0.15,62.6,1.1,217,2026-08-19 22:30:00,PT5M,0.0,0.0,0.0,0.0,0.0
0,0,0,0,27,0.15,62.8,1.1,216,2026-08-19 22:35:00,PT5M,0.0,0.0,0.0,0.0,0.0
0,0,0,0,27,0.15,62.9,1.1,215,2026-08-19 22:40:00,PT5M,0.0,0.0,0.0,0.0,0.0
0,0,0,0,27,0.15,63.1,1.1,214,2026-08-19 22:45:00,PT5M,0.0,0.0,0.0,0.0,0.0
0,0,0,0,27,0.15,63.3,1.0,213,2026-08-19 22:50:00,PT5M,0.0,0.0,0.0,0.0,0.0
0,0,0,0,27,0.15,63.4,1.0,212,2026-08-19 22:55:00,PT5M,0.0,0.0,0.0,0.0,0.0
0,0,0,0,27,0.15,63.6,1.0,210,2026-08-19 23:00:00,PT5M,0.0,0.0,0.0,0.0,0.0
0,0,0,0,27,0.15,63.8,1.0,209,2026-08-19 23:05:00,PT5M,0.0,0.0,0.0,0.0,0.0
0,0,0,0,27,0.15,63.9,0.9,208,2026-08-19 23:10:00,PT5M,0.0,0.0,0.0,0.0,0.0
0,0,0,0,27,0.15,64.1,0.9,206,2026-08-19 23:15:00,PT5M,0.0,0.0,0.0,0.0,0.0
0,0,0,0,27,0.15,64.3,0.9,205,2026-08-19 23:20:00,PT5M,0.0,0.0,0.0,0.0,0.0
0,0,0,0,27,0.15,64.5,0.9,203,2026-08-19 23:25:00,PT5M,0.0,0.0,0.0,0.0,0.0
0,0,0,0,27,0.15,64.6,0.9,201,2026-08-19 23:30:00,PT5M,0.0,0.0,0.0,0.0,0.0
0,0,0,0,27,0.15,64.8,0.9,201,2026-08-19 23:35:00,PT5M,0.0,0.0,0.0,0.0,0.0
0,0,0,0,27,0.15,65.0,0.9,202,2026-08-19 23:40:00,PT5M,0.0,0.0,0.0,0.0,0.0
0,0,0,0,27,0.15,65.2,0.9,202,2026-08-19 23:45:00,PT5M,0.0,0.0,0.0,0.0,0.0
0,0,0,0,27,0.15,65.4,0.9,203,2026-08-19 23:50:00,PT5M,0.0,0.0,0.0,0.0,0.0
0,0,0,0,27,0.15,65.6,1.0,204,2026-08-19 23:55:00,PT5M,0.0,0.0,0.0,0.0,0.0
0,0,0,0,27,0.15,65.8,1.0,205,2026-08-20 00:00:00,PT5M,0.0,0.0,0.0,0.0,0.0
0,0,0,0,27,0.15,66.0,1.0,205,2026-08-20 00:05:00,PT5M,0.0,0.0,0.0,0.0,0.0
0,0,0,0,26,0.15,66.2,1.0,206,2026-08-20 00:10:00,PT5M,0.0,0.0,0.0,0.0,0.0
0,0,0,0,26,0.15,66.4,1.1,206,2026-08-20 00:15:00,PT5M,0.0,0.0,0.0,0.0,0.0
0,0,0,0,26,0.15,66.6,1.1,207,2026-08-20 00:20:00,PT5M,0.0,0.0,0.0,0.0,0.0
0,0,0,0,26,0.15,66.8,1.1,207,2026-08-20 00:25:00,PT5M,0.0,0.0,0.0,0.0,0.0
0,0,0,0,26,0.15,67.0,1.1,208,2026-08-20 00:30:00,PT5M,0.0,0.0,0.0,0.0,0.0
0,0,0,0,26,0.15,67.2,1.1,208,2026-08-20 00:35:00,PT5M,0.0,0.0,0.0,0.0,0.0
0,0,0,0,26,0.15,67.4,1.2,209,2026-08-20 00:40:00,PT5M,0.0,0.0,0.0,0.0,0.0
0,0,0,0,26,0.15,67.6,1.2,209,2026-08-20 00:45:00,PT5M,0.0,0.0,0.0,0.0,0.0
0,0,0,0,26,0.15,67.8,1.2,210,2026-08-20 00:50:00,PT5M,0.0,0.0,0.0,0.0,0.0
0,0,0,0,26,0.15,68.0,1.2,210,2026-08-20 00:55:00,PT5M,0.0,0.0,0.0,0.0,0.0
0,0,0,0,26,0.15,68.2,1.3,210,2026-08-20 01:00:00,PT5M,0.0,0.0,0.0,0.0,0.0
0,0,0,0,26,0.15,68.4,1.3,211,2026-08-20 01:05:00,PT5M,0.0,0.0,0.0,0.0,0.0
0,0,0,0,26,0.15,68.6,1.3,211,2026-08-20 01:10:00,PT5M,0.0,0.0,0.0,0.0,0.0
0,0,0,0,26,0.15,68.8,1.3,211,2026-08-20 01:15:00,PT5M,0.0,0.0,0.0,0.0,0.0
0,0,0,0,26,0.15,69.0,1.4,212,2026-08-20 01:20:00,PT5M,0.0,0.0,0.0,0.0,0.0
0,0,0,0,26,0.15,69.2,1.4,212,2026-08-20 01:25:00,PT5M,0.0,0.0,0.0,0.0,0.0
0,0,0,0,26,0.15,69.4,1.4,212,2026-08-20 01:30:00,PT5M,0.0,0.0,0.0,0.0,0.0
0,0,0,0,26,0.15,69.6,1.4,213,2026-08-20 01:35:00,PT5M,0.0,0.0,0.0,0.0,0.0
0,0,0,0,26,0.15,69.8,1.5,213,2026-08-20 01:40:00,PT5M,0.0,0.0,0.0,0.0,0.0
0,0,0,0,26,0.15,70.0,1.5,213,2026-08-20 01:45:00,PT5M,0.0,0.0,0.0,0.0,0.0
0,0,0,0,26,0.15,70.2,1.5,214,2026-08-20 01:50:00,PT5M,0.0,0.0,0.0,0.0,0.0
0,0,0,0,26,0.15,70.4,1.5,214,2026-08-20 01:55:00,PT5M,0.0,0.0,0.0,0.0,0.0
0,0,0,0,25,0.15,70.6,1.6,214,2026-08-20 02:00:00,PT5M,0.0,0.0,0.0,0.0,0.0
0,0,0,0,25,0.15,70.8,1.6,214,2026-08-20 02:05:00,PT5M,0.0,0.0,0.0,0.0,0.0
0,0,0,0,25,0.15,71.1,1.6,215,2026-08-20 02:10:00,PT5M,0.0,0.0,0.0,0.0,0.0
0,0,0,0,25,0.15,71.3,1.6,215,2026-08-20 02:15:00,PT5M,0.0,0.0,0.0,0.0,0.0
0,0,0,0,25,0.15,71.5,1.7,215,2026-08-20 02:20:00,PT5M,0.0,0.0,0.0,0.0,0.0
0,0,0,0,25,0.15,71.7,1.7,215,2026-08-20 02:25:00,PT5M,0.0,0.0,0.0,0.0,0.0
0,0,0,0,25,0.15,71.9,1.7,215,2026-08-20 02:30:00,PT5M,0.0,0.0,0.0,0.0,0.0
0,0,0,0,25,0.15,72.1,1.7,216,2026-08-20 02:35:00,PT5M,0.0,0.0,0.0,0.0,0.0
0,0,0,0,25,0.15,72.1,1.7,216,2026-08-20 02:40:00,PT5M,0.0,0.0,0.0,0.0,0.0
0,0,0,0,25,0.15,72.2,1.8,216,2026-08-20 02:45:00,PT5M,0.0,0.0,0.0,0.0,0.0
0,0,0,0,25,0.15,72.3,1.8,217,2026-08-20 02:50:00,PT5M,0.0,0.0,0.0,0.0,0.0
0,0,0,0,25,0.15,72.4,1.8,217,2026-08-20 02:55:00,PT5M,0.0,0.0,0.0,0.0,0.0
0,0,0,0,25,0.15,72.5,1.8,217,2026-08-20 03:00:00,PT5M,0.0,0.0,0.0,0.0,0.0
0,0,0,0,25,0.15,72.6,1.8,217,2026-08-20 03:05:00,PT5M,0.0,0.0,0.0,0.0,0.0
0,0,0,0,25,0.15,72.6,1.8,218,2026-08-20 03:10:00,PT5M,0.0,0.0,0.0,0.0,0.0
0,0,0,0,25,0.15,72.7,1.9,218,2026-08-20 03:15:00,PT5M,0.0,0.0,0.0,0.0,0.0
0,0,0,0,25,0.15,72.8,1.9,218,2026-08-20 03:20:00,PT5M,0.0,0.0,0.0,0.0,0.0
0,0,0,0,25,0.15,72.9,1.9,218,2026-08-20 03:25:00,PT5M,0.0,0.0,0.0,0.0,0.0
0,0,0,0,25,0.15,73.0,1.9,219,2026-08-20 03:30:00,PT5M,0.0,0.0,0.0,0.0,0.0
0,0,0,0,25,0.15,73.1,1.9,219,2026-08-20 03:35:00,PT5M,0.0,0.0,0.0,0.0,0.0
0,0,0,0,25,0.15,73.1,1.9,219,2026-08-20 03:40:00,PT5M,0.0,0.0,0.0,0.0,0.0
0,0,0,0,25,0.15,73.2,2.0,219,2026-08-20 03:45:00,PT5M,0.0,0.0,0.0,0.0,0.0
0,0,0,0,25,0.15,73.3,2.0,219,2026-08-20 03:50:00,PT5M,0.0,0.0,0.0,0.0,0.0
0,0,0,0,25,0.15,73.4,2.0,220,2026-08-20 03:55:00,PT5M,0.0,0.0,0.0,0.0,0.0
0,0,0,0,25,0.15,73.5,2.0,220,2026-08-20 04:00:00,PT5M,0.0,0.0,0.0,0.0,0.0
0,0,0,0,25,0.15,73.6,2.0,220,2026-08-20 04:05:00,PT5M,0.0,0.0,0.0,0.0,0.0
0,0,0,0,25,0.15,73.7,2.0,220,2026-08-20 04:10:00,PT5M,0.0,0.0,0.0,0.0,0.0
0,0,0,0,25,0.15,73.7,2.1,221,2026-08-20 04:15:00,PT5M,0.0,0.0,0.0,0.0,0.0
0,0,0,0,25,0.15,73.8,2.1,221,2026-08-20 04:20:00,PT5M,0.0,0.0,0.0,0.0,0.0
0,0,0,0,25,0.15,73.9,2.1,221,2026-08-20 04:25:00,PT5M,0.0,0.0,0.0,0.0,0.0
0,0,0,0,25,0.15,74.0,2.1,221,2026-08-20 04:30:00,PT5M,0.0,0.0,0.0,0.0,0.0
0,0,0,0,25,0.15,74.1,2.1,221,2026-08-20 04:35:00,PT5M,0.0,0.0,0.0,0.0,0.0
0,0,0,0,25,0.15,74.2,2.2,221,2026-08-20 04:40:00,PT5M,0.0,0.0,0.0,0.0,0.0
0,0,0,0,25,0.15,74.3,2.2,222,2026-08-20 04:45:00,PT5M,0.0,0.0,0.0,0.0,0.0
0,0,0,0,25,0.15,74.3,2.2,222,2026-08-20 04:50:00,PT5M,0.0,0.0,0.0,0.0,0.0
0,0,0,0,25,0.15,74.4,2.2,222,2026-08-20 04:55:00,PT5M,0.0,0.0,0.0,0.0,0.0
0,0,0,0,25,0.15,74.5,2.2,222,2026-08-20 05:00:00,PT5M,0.0,0.0,0.0,0.0,0.0
0,0,0,0,25,0.15,74.6,2.2,222,2026-08-20 05:05:00,PT5M,0.0,0.0,0.0,0.0,0.0
0,0,0,0,25,0.15,74.7,2.3,223,2026-08-20 05:10:00,PT5M,0.0,0.0,0.0,0.0,0.0
0,0,0,0,25,0.15,74.8,2.3,223,2026-08-20 05:15:00,PT5M,0.0,0.0,0.0,0.0,0.0
0,0,0,0,24,0.15,74.9,2.3,223,2026-08-20 05:20:00,PT5M,0.0,0.0,0.0,0.0,0.0
0,0,0,0,24,0.15,75.0,2.3,223,2026-08-20 05:25:00,PT5M,0.0,0.0,0.0,0.0,0.0
0,0,0,0,24,0.15,75.0,2.3,223,2026-08-20 05:30:00,PT5M,0.0,0.0,0.0,0.0,0.0
0,0,0,0,25,0.15,74.8,2.4,223,2026-08-20 05:35:00,PT5M,0.0,0.0,0.0,0.0,0.0
0,0,0,0,25,0.15,74.1,2.4,224,2026-08-20 05:40:00,PT5M,0.0,0.0,0.0,0.0,0.0
0,0,0,0,25,0.15,73.5,2.4,224,2026-08-20 05:45:00,PT5M,0.0,0.0,0.0,0.0,0.0
0,0,0,0,25,0.15,72.9,2.5,224,2026-08-20 05:50:00,PT5M,0.0,0.0,0.0,0.0,0.0
0,0,0,0,25,0.15,72.3,2.5,224,2026-08-20 05:55:00,PT5M,0.0,0.0,0.0,0.0,0.0
0,0,0,0,25,0.15,71.6,2.6,224,2026-08-20 06:00:00,PT5M,0.0,0.0,0.0,0.0,0.0
1,1,0,1,25,0.15,71.0,2.6,224,2026-08-20 06:05:00,PT5M,0.0,0.0,0.0,0.0,0.0
5,5,0,5,25,0.15,70.4,2.6,224,2026-08-20 06:10:00,PT5M,0.0,0.198,0.1042,0.0,0.0
10,11,0,11,25,0.15,69.8,2.7,225,2026-08-20 06:15:00,PT5M,0.742,1.5275,1.1554,0.3286,0.0
17,17,0,17,26,0.15,69.3,2.7,225,2026-08-20 06:20:00,PT5M,1.6,2.9355,2.3029,0.8971,0.2645
24,25,0,25,26,0.15,68.7,2.8,225,2026-08-20 06:25:00,PT5M,2.555,4.79,3.7313,1.3787,0.32
32,33,0,33,26,0.15,68.1,2.8,225,2026-08-20 06:30:00,PT5M,3.631,6.8905,5.3465,1.9155,0.3715
42,43,0,43,26,0.15,67.5,2.8,225,2026-08-20 06:35:00,PT5M,4.933,9.454,7.3124,2.5536,0.412
52,54,0,54,26,0.15,66.9,2.9,225,2026-08-20 06:40:00,PT5M,6.361,12.336,9.5057,3.2163,0.386
64,66,0,66,26,0.15,66.4,2.9,225,2026-08-20 06:45:00,PT5M,7.829,15.3195,11.7713,3.8867,0.3385
77,80,1,79,26,0.15,65.8,3.0,225,2026-08-20 06:50:00,PT5M,9.504,18.5365,14.2579,4.7501,0.4715
88,94,25,88,26,0.15,65.3,3.0,226,2026-08-20 06:55:00,PT5M,12.2,22.7855,17.7712,6.6288,1.6145
100,109,50,97,26,0.15,64.7,3.1,226,2026-08-20 07:00:00,PT5M,15.076,27.2715,21.4946,8.6574,2.8805
112,125,75,105,27,0.15,64.2,3.1,226,2026-08-20 07:05:00,PT5M,18.263,32.129,25.5608,10.9652,4.397
125,140,96,114,27,0.15,63.6,3.1,226,2026-08-20 07:10:00,PT5M,21.371,36.975,29.5835,13.1585,5.767
138,156,116,122,27,0.15,63.1,3.2,226,2026-08-20 07:15:00,PT5M,24.712,42.0985,33.8626,15.5614,7.3255
152,172,137,129,27,0.15,62.6,3.2,226,2026-08-20 07:20:00,PT5M,28.246,47.4375,38.3466,18.1454,9.0545
166,189,157,136,27,0.15,62.1,3.3,226,2026-08-20 07:25:00,PT5M,31.942,52.9515,42.9995,20.8845,10.9325
180,207,178,143,27,0.15,61.5,3.3,226,2026-08-20 07:30:00,PT5M,35.79,58.666,47.8298,23.7502,12.914
195,224,198,150,27,0.15,61.0,3.3,226,2026-08-20 07:35:00,PT5M,39.794,64.4925,52.793,26.795,15.0955
210,242,219,156,27,0.15,60.5,3.4,226,2026-08-20 07:40:00,PT5M,43.946,70.4825,57.9123,29.9797,17.4095
226,261,239,161,28,0.15,60.0,3.4,226,2026-08-20 07:45:00,PT5M,48.235,76.6755,63.2034,33.2666,19.7945
242,279,260,166,28,0.15,59.5,3.5,227,2026-08-20 07:50:00,PT5M,52.026,81.644,67.6142,36.4378,22.408
258,299,282,171,28,0.15,59.0,3.5,227,2026-08-20 07:55:00,PT5M,55.278,85.302,71.0798,39.4762,25.254
275,318,303,175,28,0.15,58.5,3.6,227,2026-08-20 08:00:00,PT5M,58.472,88.8385,74.4541,42.4899,28.1055
292,338,325,178,28,0.15,58.0,3.6,227,2026-08-20 08:05:00,PT5M,61.626,92.28,77.7594,45.4926,30.972
309,358,348,181,28,0.15,57.5,3.6,227,2026-08-20 08:10:00,PT5M,64.721,95.5985,80.972,48.47,33.8435
327,379,371,183,28,0.15,57.1,3.7,227,2026-08-20 08:15:00,PT5M,67.691,98.709,84.016,51.366,36.673
344,399,394,185,28,0.15,56.6,3.7,227,2026-08-20 08:20:00,PT5M,70.571,100.0,86.9218,54.2202,39.504
362,420,417,185,28,0.15,56.1,3.8,227,2026-08-20 08:25:00,PT5M,73.322,100.0,89.6488,56.9952,42.3005
380,441,440,186,29,0.15,55.7,3.8,227,2026-08-20 08:30:00,PT5M,75.93,100.0,92.0613,59.7987,45.28
398,460,457,187,29,0.15,55.0,3.8,227,2026-08-20 08:35:00,PT5M,77.929,100.0,93.8624,61.9956,47.655
413,478,469,190,29,0.15,54.1,3.8,227,2026-08-20 08:40:00,PT5M,79.359,100.0,95.1393,63.5787,49.376
429,495,479,192,29,0.15,53.2,3.8,228,2026-08-20 08:45:00,PT5M,80.717,100.0,96.3333,65.1007,51.0455
445,512,490,195,29,0.15,52.4,3.8,228,2026-08-20 08:50:00,PT5M,82.006,100.0,97.4526,66.5594,52.657
460,529,501,197,30,0.15,51.5,3.8,228,2026-08-20 08:55:00,PT5M,83.234,100.0,98.5074,67.9606,54.214
476,546,511,199,30,0.15,50.7,3.8,228,2026-08-20 09:00:00,PT5M,84.408,100.0,99.6078,69.2082,55.528
491,562,521,201,30,0.15,49.9,3.8,228,2026-08-20 09:05:00,PT5M,85.534,100.0,100.0,70.4874,56.945
506,579,531,202,30,0.15,49.1,3.8,228,2026-08-20 09:10:00,PT5M,86.638,100.0,100.0,71.7798,58.407
521,596,543,202,30,0.15,48.3,3.7,228,2026-08-20 09:15:00,PT5M,87.845,100.0,100.0,73.1908,60.0015
536,612,554,203,31,0.15,47.5,3.7,229,2026-08-20 09:20:00,PT5M,88.955,100.0,100.0,74.5073,61.504
551,629,566,203,31,0.15,46.8,3.7,229,2026-08-20 09:25:00,PT5M,90.021,100.0,100.0,75.781,62.9645
566,645,577,203,31,0.15,46.0,3.7,229,2026-08-20 09:30:00,PT5M,91.044,100.0,100.0,77.0774,64.507
580,661,587,203,31,0.15,45.3,3.7,229,2026-08-20 09:35:00,PT5M,91.959,100.0,100.0,78.3182,66.041
594,676,596,203,31,0.15,44.6,3.7,229,2026-08-20 09:40:00,PT5M,92.768,100.0,100.0,79.4311,67.4275
608,690,604,203,32,0.15,43.9,3.7,229,2026-08-20 09:45:00,PT5M,93.544,100.0,100.0,80.5032,68.766
621,705,613,203,32,0.15,43.2,3.7,230,2026-08-20 09:50:00,PT5M,94.287,100.0,100.0,81.5346,70.057
633,718,620,204,32,0.15,42.5,3.7,230,2026-08-20 09:55:00,PT5M,94.942,100.0,100.0,82.4614,71.2285
646,732,627,204,32,0.15,41.8,3.7,230,2026-08-20 10:00:00,PT5M,95.565,100.0,100.0,83.3478,72.352
658,744,634,204,33,0.15,41.2,3.7,230,2026-08-20 10:05:00,PT5M,96.149,100.0,100.0,84.1847,73.4165
669,757,640,204,33,0.15,40.5,3.6,230,2026-08-20 10:10:00,PT5M,96.695,100.0,100.0,84.971,74.419
680,769,646,204,33,0.15,39.9,3.6,230,2026-08-20 10:15:00,PT5M,97.215,100.0,100.0,85.7233,75.3805
691,780,651,204,33,0.15,39.2,3.6,231,2026-08-20 10:20:00,PT5M,97.708,100.0,100.0,86.4408,76.3
702,792,657,204,33,0.15,38.6,3.6,231,2026-08-20 10:25:00,PT5M,98.177,100.0,100.0,87.1135,77.156
712,803,663,204,34,0.15,38.0,3.6,231,2026-08-20 10:30:00,PT5M,98.62,100.0,100.0,87.7681,78.001
722,814,670,203,34,0.15,37.4,3.6,231,2026-08-20 10:35:00,PT5M,99.106,100.0,100.0,88.4591,78.8765
732,825,678,201,34,0.15,36.8,3.6,231,2026-08-20 10:40:00,PT5M,99.631,100.0,100.0,89.1817,79.777
742,836,686,199,34,0.15,36.2,3.6,231,2026-08-20 10:45:00,PT5M,100.0,100.0,100.0,89.7412,80.508
752,846,694,197,34,0.15,35.7,3.6,232,2026-08-20 10:50:00,PT5M,100.0,100.0,100.0,89.9241,80.8555
761,856,702,195,35,0.15,35.1,3.6,232,2026-08-20 10:55:00,PT5M,100.0,100.0,100.0,90.0986,81.187
770,866,709,193,35,0.15,34.6,3.6,232,2026-08-20 11:00:00,PT5M,100.0,100.0,100.0,90.2631,81.4995
778,875,717,190,35,0.15,34.0,3.5,232,2026-08-20 11:05:00,PT5M,100.0,100.0,100.0,90.4146,81.7875
786,884,725,188,35,0.15,33.5,3.5,232,2026-08-20 11:10:00,PT5M,100.0,100.0,100.0,90.5491,82.043
794,892,732,185,36,0.15,33.0,3.5,232,2026-08-20 11:15:00,PT5M,100.0,100.0,100.0,90.6878,82.3065
801,900,740,182,36,0.15,32.5,3.5,233,2026-08-20 11:20:00,PT5M,100.0,100.0,100.0,90.8244,82.566
807,908,747,179,36,0.15,32.0,3.5,233,2026-08-20 11:25:00,PT5M,100.0,100.0,100.0,90.948,82.801
814,915,754,176,36,0.15,31.5,3.5,233,2026-08-20 11:30:00,PT5M,100.0,100.0,100.0,91.0594,83.0125
818,919,756,176,36,0.15,31.1,3.5,233,2026-08-20 11:35:00,PT5M,100.0,100.0,100.0,91.0836,83.0585
819,920,752,179,36,0.15,31.0,3.5,233,2026-08-20 11:40:00,PT5M,100.0,100.0,100.0,91.0207,82.939
820,920,748,182,36,0.15,30.9,3.5,232,2026-08-20 11:45:00,PT5M,100.0,100.0,100.0,90.9507,82.806
820,921,743,184,36,0.15,30.8,3.5,232,2026-08-20 11:50:00,PT5M,100.0,100.0,100.0,90.8728,82.658
820,920,739,187,37,0.15,30.6,3.5,231,2026-08-20 11:55:00,PT5M,100.0,100.0,100.0,90.7865,82.494
820,919,734,190,37,0.15,30.5,3.5,231,2026-08-20 12:00:00,PT5M,100.0,100.0,100.0,90.6915,82.3135
819,918,729,193,37,0.15,30.4,3.5,231,2026-08-20 12:05:00,PT5M,100.0,100.0,100.0,90.5878,82.1165
817,916,724,196,37,0.15,30.2,3.6,230,2026-08-20 12:10:00,PT5M,100.0,100.0,100.0,90.4752,81.9025
815,913,719,199,37,0.15,30.1,3.6,230,2026-08-20 12:15:00,PT5M,100.0,100.0,100.0,90.3649,81.693
812,910,713,202,37,0.15,30.0,3.6,230,2026-08-20 12:20:00,PT5M,100.0,100.0,100.0,90.2454,81.466
809,906,707,204,37,0.15,29.9,3.6,229,2026-08-20 12:25:00,PT5M,100.0,100.0,100.0,90.1388,81.2635
805,901,701,207,37,0.15,29.7,3.6,229,2026-08-20 12:30:00,PT5M,100.0,100.0,100.0,89.9975,80.995
801,897,694,210,37,0.15,29.6,3.6,229,2026-08-20 12:35:00,PT5M,100.0,100.0,100.0,89.8612,80.736
796,891,688,213,37,0.15,29.5,3.6,228,2026-08-20 12:40:00,PT5M,100.0,100.0,100.0,89.7302,80.487
791,885,681,216,37,0.15,29.4,3.6,228,2026-08-20 12:45:00,PT5M,99.915,100.0,100.0,89.5075,80.1405
785,879,675,218,37,0.15,29.2,3.6,228,2026-08-20 12:50:00,PT5M,99.538,100.0,100.0,88.9848,79.4865
779,872,668,221,37,0.15,29.1,3.6,227,2026-08-20 12:55:00,PT5M,99.141,100.0,100.0,88.4341,78.7975
773,865,661,223,37,0.15,29.0,3.6,227,2026-08-20 13:00:00,PT5M,98.722,100.0,100.0,87.8485,78.062
766,858,654,225,37,0.15,28.9,3.6,226,2026-08-20 13:05:00,PT5M,98.281,100.0,100.0,87.2283,77.2805
759,849,647,227,37,0.15,28.7,3.7,226,2026-08-20 13:10:00,PT5M,97.822,100.0,100.0,86.5909,76.4825
751,841,640,229,38,0.15,28.6,3.7,226,2026-08-20 13:15:00,PT5M,97.349,100.0,100.0,85.9468,75.6845
743,832,633,231,38,0.15,28.5,3.7,225,2026-08-20 13:20:00,PT5M,96.85,100.0,100.0,85.2583,74.8255
735,823,625,233,38,0.15,28.4,3.7,225,2026-08-20 13:25:00,PT5M,96.322,100.0,100.0,84.528,73.913
726,813,618,234,38,0.15,28.3,3.7,225,2026-08-20 13:30:00,PT5M,95.769,100.0,100.0,83.7639,72.959
716,802,610,236,38,0.15,28.1,3.7,224,2026-08-20 13:35:00,PT5M,95.129,100.0,100.0,82.8924,71.879
706,791,600,238,38,0.15,28.0,3.7,224,2026-08-20 13:40:00,PT5M,94.403,100.0,100.0,81.9156,70.6765
695,779,590,241,38,0.15,27.9,3.7,224,2026-08-20 13:45:00,PT5M,93.65,100.0,100.0,80.9063,69.4365
684,767,580,242,38,0.15,27.8,3.7,223,2026-08-20 13:50:00,PT5M,92.872,100.0,100.0,79.8662,68.1605
673,755,571,244,38,0.15,27.7,3.7,223,2026-08-20 13:55:00,PT5M,92.071,100.0,100.0,78.7975,66.851
662,742,561,245,38,0.15,27.6,3.8,223,2026-08-20 14:00:00,PT5M,91.243,100.0,100.0,77.6959,65.503
650,729,551,246,38,0.15,27.4,3.8,223,2026-08-20 14:05:00,PT5M,90.375,100.0,100.0,76.546,64.0995
638,715,541,248,38,0.15,27.3,3.8,222,2026-08-20 14:10:00,PT5M,89.468,100.0,100.0,75.4388,62.812
625,702,530,249,38,0.15,27.2,3.8,222,2026-08-20 14:15:00,PT5M,88.53,100.0,100.0,74.2066,61.315
613,688,520,249,38,0.15,27.1,3.8,222,2026-08-20 14:20:00,PT5M,87.562,100.0,100.0,72.9351,59.7705
600,673,509,250,38,0.15,27.0,3.8,221,2026-08-20 14:25:00,PT5M,86.556,100.0,100.0,71.6197,58.1765
587,659,499,250,38,0.15,26.9,3.8,221,2026-08-20 14:30:00,PT5M,85.518,100.0,100.0,70.354,56.706
573,643,486,250,38,0.15,27.0,3.9,221,2026-08-20 14:35:00,PT5M,84.359,100.0,99.7382,68.9798,55.138
558,627,473,251,38,0.15,27.4,3.9,221,2026-08-20 14:40:00,PT5M,83.124,100.0,98.7358,67.5122,53.461
544,611,460,252,38,0.15,27.7,3.9,222,2026-08-20 14:45:00,PT5M,81.849,100.0,97.6737,66.0243,51.7815
529,595,446,252,38,0.15,28.1,4.0,222,2026-08-20 14:50:00,PT5M,80.532,100.0,96.5425,64.5215,50.1115
514,578,433,251,38,0.15,28.5,4.0,223,2026-08-20 14:55:00,PT5M,79.171,100.0,95.3602,62.9818,48.411
499,561,420,251,38,0.15,28.9,4.1,223,2026-08-20 15:00:00,PT5M,77.765,100.0,94.125,61.405,46.6805
484,545,406,249,37,0.15,29.3,4.1,223,2026-08-20 15:05:00,PT5M,76.311,100.0,92.8323,59.7897,44.92
469,528,393,248,37,0.15,29.7,4.2,224,2026-08-20 15:10:00,PT5M,74.807,100.0,91.4794,58.1346,43.129
454,511,381,246,37,0.15,30.1,4.2,224,2026-08-20 15:15:00,PT5M,73.336,100.0,90.1165,56.5555,41.4525
440,495,369,244,37,0.15,30.5,4.3,224,2026-08-20 15:20:00,PT5M,71.848,100.0,88.7477,54.9483,39.738
425,478,357,241,37,0.15,30.9,4.3,225,2026-08-20 15:25:00,PT5M,70.314,100.0,87.3211,53.3069,38.0
410,461,345,238,37,0.15,31.3,4.4,225,2026-08-20 15:30:00,PT5M,68.727,100.0,85.8283,51.6257,36.234
395,444,332,235,36,0.15,31.7,4.4,225,2026-08-20 15:35:00,PT5M,67.006,99.667,84.1957,49.8163,34.345
379,427,318,231,36,0.15,32.2,4.5,226,2026-08-20 15:40:00,PT5M,65.145,97.9555,82.4134,47.8766,32.3345
364,410,304,228,36,0.15,32.6,4.5,226,2026-08-20 15:45:00,PT5M,63.217,96.1375,80.5433,45.8907,30.2965
349,393,290,224,36,0.15,33.1,4.6,226,2026-08-20 15:50:00,PT5M,61.217,94.202,78.5772,43.8568,28.232
333,375,276,219,36,0.15,33.5,4.6,227,2026-08-20 15:55:00,PT5M,59.128,92.1145,76.489,41.767,26.1415
318,358,262,215,35,0.15,34.0,4.7,227,2026-08-20 16:00:00,PT5M,56.946,89.821,74.2483,39.6437,24.071
303,341,247,210,35,0.15,34.4,4.7,227,2026-08-20 16:05:00,PT5M,54.67,87.3455,71.8673,37.4727,21.9945
288,324,233,204,35,0.15,34.9,4.8,228,2026-08-20 16:10:00,PT5M,52.305,84.696,69.3526,35.2574,19.914
273,307,219,199,35,0.15,35.4,4.8,228,2026-08-20 16:15:00,PT5M,49.909,81.9375,66.7658,33.0522,17.8805
258,290,204,193,35,0.15,35.9,4.9,228,2026-08-20 16:20:00,PT5M,47.393,78.9905,64.023,30.763,15.7955
243,273,190,186,35,0.15,36.4,4.9,228,2026-08-20 16:25:00,PT5M,44.814,75.917,61.1837,28.4443,13.711
229,256,175,180,34,0.15,36.9,5.0,229,2026-08-20 16:30:00,PT5M,42.179,72.7275,58.2569,26.1011,11.6305
215,240,161,173,34,0.15,37.4,5.0,229,2026-08-20 16:35:00,PT5M,39.27,68.4915,54.6495,23.8905,10.0485
201,224,148,166,34,0.15,37.9,5.1,229,2026-08-20 16:40:00,PT5M,36.112,63.343,50.4439,21.7801,8.881
187,209,134,158,34,0.15,38.4,5.1,229,2026-08-20 16:45:00,PT5M,32.999,58.297,46.3135,19.6845,7.701
174,193,120,150,34,0.15,38.9,5.2,230,2026-08-20 16:50:00,PT5M,29.948,53.282,42.2289,17.6671,6.614
160,178,106,142,34,0.15,39.5,5.2,230,2026-08-20 16:55:00,PT5M,26.969,48.392,38.2441,15.6939,5.546
147,163,92,134,33,0.15,40.0,5.3,230,2026-08-20 17:00:00,PT5M,24.17,43.689,34.443,13.897,4.651
135,148,77,125,33,0.15,40.6,5.3,230,2026-08-20 17:05:00,PT5M,21.355,39.001,30.6422,12.0678,3.709
123,134,62,117,33,0.15,41.1,5.4,231,2026-08-20 17:10:00,PT5M,18.671,34.483,26.993,10.349,2.859
111,120,47,108,33,0.15,41.7,5.4,231,2026-08-20 17:15:00,PT5M,16.105,30.1325,23.4878,8.7222,2.0775
99,105,28,99,33,0.15,42.3,5.5,231,2026-08-20 17:20:00,PT5M,13.485,25.8235,19.9788,6.9912,1.1465
88,92,9,90,33,0.15,42.8,5.5,231,2026-08-20 17:25:00,PT5M,11.14,21.8755,16.7902,5.4898,0.4045
76,78,0,78,32,0.15,43.4,5.6,231,2026-08-20 17:30:00,PT5M,9.134,18.3155,13.9663,4.3017,0.0
64,66,0,66,32,0.15,43.9,5.6,231,2026-08-20 17:35:00,PT5M,7.635,15.276,11.6565,3.6135,0.0
53,55,0,55,32,0.15,44.4,5.5,231,2026-08-20 17:40:00,PT5M,6.271,12.3975,9.4954,3.0466,0.1445
42,44,0,44,32,0.15,44.8,5.5,231,2026-08-20 17:45:00,PT5M,4.92,9.5885,7.3771,2.4629,0.2515
33,34,0,34,32,0.15,45.2,5.4,231,2026-08-20 17:50:00,PT5M,3.673,7.071,5.4614,1.8846,0.275
25,26,0,26,32,0.15,45.6,5.4,231,2026-08-20 17:55:00,PT5M,2.633,4.9905,3.8738,1.3922,0.2755
18,18,0,18,32,0.15,46.1,5.3,230,2026-08-20 18:00:00,PT5M,1.693,3.132,2.4504,0.9356,0.254
11,12,0,12,32,0.15,46.5,5.3,230,2026-08-20 18:05:00,PT5M,0.834,1.6765,1.2774,0.3906,0.0
6,6,0,6,31,0.15,47.0,5.2,230,2026-08-20 18:10:00,PT5M,0.034,0.272,0.1593,0.0,0.0
1,1,0,1,31,0.15,47.4,5.2,230,2026-08-20 18:15:00,PT5M,0.0,0.0,0.0,0.0,0.0
0,0,0,0,31,0.15,47.9,5.1,229,2026-08-20 18:20:00,PT5M,0.0,0.0,0.0,0.0,0.0
0,0,0,0,31,0.15,48.3,5.0,229,2026-08-20 18:25:00,PT5M,0.0,0.0,0.0,0.0,0.0
0,0,0,0,31,0.15,48.8,5.0,229,2026-08-20 18:30:00,PT5M,0.0,0.0,0.0,0.0,0.0
0,0,0,0,31,0.15,49.2,4.9,229,2026-08-20 18:35:00,PT5M,0.0,0.0,0.0,0.0,0.0
0,0,0,0,31,0.15,49.7,4.9,228,2026-08-20 18:40:00,PT5M,0.0,0.0,0.0,0.0,0.0
0,0,0,0,30,0.15,50.2,4.8,228,2026-08-20 18:45:00,PT5M,0.0,0.0,0.0,0.0,0.0
0,0,0,0,30,0.15,50.7,4.8,228,2026-08-20 18:50:00,PT5M,0.0,0.0,0.0,0.0,0.0
0,0,0,0,30,0.15,51.2,4.7,228,2026-08-20 18:55:00,PT5M,0.0,0.0,0.0,0.0,0.0
0,0,0,0,30,0.15,51.7,4.7,227,2026-08-20 19:00:00,PT5M,0.0,0.0,0.0,0.0,0.0
0,0,0,0,30,0.15,52.2,4.6,227,2026-08-20 19:05:00,PT5M,0.0,0.0,0.0,0.0,0.0
0,0,0,0,30,0.15,52.7,4.6,227,2026-08-20 19:10:00,PT5M,0.0,0.0,0.0,0.0,0.0
0,0,0,0,30,0.15,53.2,4.5,226,2026-08-20 19:15:00,PT5M,0.0,0.0,0.0,0.0,0.0
0,0,0,0,30,0.15,53.7,4.4,226,2026-08-20 19:20:00,PT5M,0.0,0.0,0.0,0.0,0.0
0,0,0,0,29,0.15,54.2,4.4,226,2026-08-20 19:25:00,PT5M,0.0,0.0,0.0,0.0,0.0
0,0,0,0,29,0.15,54.7,4.3,225,2026-08-20 19:30:00,PT5M,0.0,0.0,0.0,0.0,0.0
0,0,0,0,29,0.15,55.3,4.3,225,2026-08-20 19:35:00,PT5M,0.0,0.0,0.0,0.0,0.0
0,0,0,0,29,0.15,55.8,4.2,225,2026-08-20 19:40:00,PT5M,0.0,0.0,0.0,0.0,0.0
0,0,0,0,29,0.15,56.3,4.2,224,2026-08-20 19:45:00,PT5M,0.0,0.0,0.0,0.0,0.0
0,0,0,0,29,0.15,56.9,4.1,224,2026-08-20 19:50:00,PT5M,0.0,0.0,0.0,0.0,0.0
0,0,0,0,29,0.15,57.4,4.1,224,2026-08-20 19:55:00,PT5M,0.0,0.0,0.0,0.0,0.0
0,0,0,0,28,0.15,58.0,4.0,223,2026-08-20 20:00:00,PT5M,0.0,0.0,0.0,0.0,0.0
0,0,0,0,28,0.15,58.5,4.0,223,2026-08-20 20:05:00,PT5M,0.0,0.0,0.0,0.0,0.0
0,0,0,0,28,0.15,59.1,3.9,223,2026-08-20 20:10:00,PT5M,0.0,0.0,0.0,0.0,0.0
0,0,0,0,28,0.15,59.7,3.9,222,2026-08-20 20:15:00,PT5M,0.0,0.0,0.0,0.0,0.0
0,0,0,0,28,0.15,60.3,3.8,222,2026-08-20 20:20:00,PT5M,0.0,0.0,0.0,0.0,0.0
0,0,0,0,28,0.15,60.9,3.8,221,2026-08-20 20:25:00,PT5M,0.0,0.0,0.0,0.0,0.0
0,0,0,0,28,0.15,61.4,3.7,221,2026-08-20 20:30:00,PT5M,0.0,0.0,0.0,0.0,0.0
0,0,0,0,28,0.15,61.8,3.7,221,2026-08-20 20:35:00,PT5M,0.0,0.0,0.0,0.0,0.0
0,0,0,0,28,0.15,62.0,3.6,221,2026-08-20 20:40:00,PT5M,0.0,0.0,0.0,0.0,0.0
0,0,0,0,28,0.15,62.2,3.6,221,2026-08-20 20:45:00,PT5M,0.0,0.0,0.0,0.0,0.0
0,0,0,0,28,0.15,62.4,3.6,221,2026-08-20 20:50:00,PT5M,0.0,0.0,0.0,0.0,0.0
0,0,0,0,27,0.15,62.6,3.6,221,2026-08-20 20:55:00,PT5M,0.0,0.0,0.0,0.0,0.0
0,0,0,0,27,0.15,62.8,3.5,221,2026-08-20 21:00:00,PT5M,0.0,0.0,0.0,0.0,0.0
0,0,0,0,27,0.15,63.0,3.5,221,2026-08-20 21:05:00,PT5M,0.0,0.0,0.0,0.0,0.0
0,0,0,0,27,0.15,63.2,3.5,221,2026-08-20 21:10:00,PT5M,0.0,0.0,0.0,0.0,0.0
0,0,0,0,27,0.15,63.4,3.5,221,2026-08-20 21:15:00,PT5M,0.0,0.0,0.0,0.0,0.0
0,0,0,0,27,0.15,63.6,3.4,221,2026-08-20 21:20:00,PT5M,0.0,0.0,0.0,0.0,0.0
0,0,0,0,27,0.15,63.8,3.4,221,2026-08-20 21:25:00,PT5M,0.0,0.0,0.0,0.0,0.0
0,0,0,0,27,0.15,64.0,3.4,221,2026-08-20 21:30:00,PT5M,0.0,0.0,0.0,0.0,0.0
0,0,0,0,27,0.15,64.2,3.4,221,2026-08-20 21:35:00,PT5M,0.0,0.0,0.0,0.0,0.0
0,0,0,0,27,0.15,64.4,3.3,221,2026-08-20 21:40:00,PT5M,0.0,0.0,0.0,0.0,0.0
0,0,0,0,27,0.15,64.6,3.3,221,2026-08-20 21:45:00,PT5M,0.0,0.0,0.0,0.0,0.0
0,0,0,0,27,0.15,64.8,3.3,221,2026-08-20 21:50:00,PT5M,0.0,0.0,0.0,0.0,0.0
0,0,0,0,27,0.15,65.0,3.3,221,2026-08-20 21:55:00,PT5M,0.0,0.0,0.0,0.0,0.0
0,0,0,0,27,0.15,65.2,3.2,221,2026-08-20 22:00:00,PT5M,0.0,0.0,0.0,0.0,0.0
0,0,0,0,27,0.15,65.4,3.2,221,2026-08-20 22:05:00,PT5M,0.0,0.0,0.0,0.0,0.0
0,0,0,0,27,0.15,65.6,3.2,221,2026-08-20 22:10:00,PT5M,0.0,0.0,0.0,0.0,0.0
0,0,0,0,27,0.15,65.9,3.2,221,2026-08-20 22:15:00,PT5M,0.0,0.0,0.0,0.0,0.0
0,0,0,0,27,0.15,66.1,3.1,221,2026-08-20 22:20:00,PT5M,0.0,0.0,0.0,0.0,0.0
0,0,0,0,27,0.15,66.3,3.1,221,2026-08-20 22:25:00,PT5M,0.0,0.0,0.0,0.0,0.0
0,0,0,0,27,0.15,66.5,3.1,221,2026-08-20 22:30:00,PT5M,0.0,0.0,0.0,0.0,0.0
0,0,0,0,27,0.15,66.7,3.1,221,2026-08-20 22:35:00,PT5M,0.0,0.0,0.0,0.0,0.0
0,0,0,0,27,0.15,66.9,3.0,221,2026-08-20 22:40:00,PT5M,0.0,0.0,0.0,0.0,0.0
0,0,0,0,27,0.15,67.1,3.0,221,2026-08-20 22:45:00,PT5M,0.0,0.0,0.0,0.0,0.0
0,0,0,0,27,0.15,67.3,3.0,221,2026-08-20 22:50:00,PT5M,0.0,0.0,0.0,0.0,0.0
0,0,0,0,27,0.15,67.5,3.0,221,2026-08-20 22:55:00,PT5M,0.0,0.0,0.0,0.0,0.0
0,0,0,0,27,0.15,67.8,2.9,221,2026-08-20 23:00:00,PT5M,0.0,0.0,0.0,0.0,0.0
0,0,0,0,26,0.15,68.0,2.9,221,2026-08-20 23:05:00,PT5M,0.0,0.0,0.0,0.0,0.0
0,0,0,0,26,0.15,68.2,2.9,221,2026-08-20 23:10:00,PT5M,0.0,0.0,0.0,0.0,0.0
0,0,0,0,26,0.15,68.4,2.9,221,2026-08-20 23:15:00,PT5M,0.0,0.0,0.0,0.0,0.0
0,0,0,0,26,0.15,68.6,2.8,221,2026-08-20 23:20:00,PT5M,0.0,0.0,0.0,0.0,0.0
0,0,0,0,26,0.15,68.8,2.8,221,2026-08-20 23:25:00,PT5M,0.0,0.0,0.0,0.0,0.0
0,0,0,0,26,0.15,69.0,2.8,221,2026-08-20 23:30:00,PT5M,0.0,0.0,0.0,0.0,0.0
0,0,0,0,26,0.15,69.2,2.8,221,2026-08-20 23:35:00,PT5M,0.0,0.0,0.0,0.0,0.0
0,0,0,0,26,0.15,69.3,2.8,221,2026-08-20 23:40:00,PT5M,0.0,0.0,0.0,0.0,0.0
0,0,0,0,26,0.15,69.4,2.8,221,2026-08-20 23:45:00,PT5M,0.0,0.0,0.0,0.0,0.0
0,0,0,0,26,0.15,69.5,2.8,221,2026-08-20 23:50:00,PT5M,0.0,0.0,0.0,0.0,0.0
0,0,0,0,26,0.15,69.6,2.8,221,2026-08-20 23:55:00,PT5M,0.0,0.0,0.0,0.0,0.0
0,0,0,0,26,0.15,69.7,2.8,221,2026-08-21 00:00:00,PT5M,0.0,0.0,0.0,0.0,0.0
0,0,0,0,26,0.15,69.8,2.8,221,2026-08-21 00:05:00,PT5M,0.0,0.0,0.0,0.0,0.0
0,0,0,0,26,0.15,69.9,2.8,221,2026-08-21 00:10:00,PT5M,0.0,0.0,0.0,0.0,0.0
0,0,0,0,26,0.15,70.0,2.7,221,2026-08-21 00:15:00,PT5M,0.0,0.0,0.0,0.0,0.0
0,0,0,0,26,0.15,70.1,2.7,221,2026-08-21 00:20:00,PT5M,0.0,0.0,0.0,0.0,0.0
0,0,0,0,26,0.15,70.2,2.7,221,2026-08-21 00:25:00,PT5M,0.0,0.0,0.0,0.0,0.0
0,0,0,0,26,0.15,70.3,2.7,221,2026-08-21 00:30:00,PT5M,0.0,0.0,0.0,0.0,0.0
0,0,0,0,26,0.15,70.4,2.7,221,2026-08-21 00:35:00,PT5M,0.0,0.0,0.0,0.0,0.0
0,0,0,0,26,0.15,70.5,2.7,221,2026-08-21 00:40:00,PT5M,0.0,0.0,0.0,0.0,0.0
0,0,0,0,26,0.15,70.6,2.7,221,2026-08-21 00:45:00,PT5M,0.0,0.0,0.0,0.0,0.0
0,0,0,0,26,0.15,70.7,2.7,221,2026-08-21 00:50:00,PT5M,0.0,0.0,0.0,0.0,0.0
0,0,0,0,26,0.15,70.8,2.7,221,2026-08-21 00:55:00,PT5M,0.0,0.0,0.0,0.0,0.0
0,0,0,0,26,0.15,71.0,2.7,221,2026-08-21 01:00:00,PT5M,0.0,0.0,0.0,0.0,0.0
0,0,0,0,26,0.15,71.1,2.7,221,2026-08-21 01:05:00,PT5M,0.0,0.0,0.0,0.0,0.0
0,0,0,0,26,0.15,71.2,2.7,221,2026-08-21 01:10:00,PT5M,0.0,0.0,0.0,0.0,0.0
0,0,0,0,26,0.15,71.3,2.7,221,2026-08-21 01:15:00,PT5M,0.0,0.0,0.0,0.0,0.0
0,0,0,0,26,0.15,71.4,2.7,221,2026-08-21 01:20:00,PT5M,0.0,0.0,0.0,0.0,0.0
0,0,0,0,26,0.15,71.5,2.7,221,2026-08-21 01:25:00,PT5M,0.0,0.0,0.0,0.0,0.0
0,0,0,0,26,0.15,71.6,2.7,221,2026-08-21 01:30:00,PT5M,0.0,0.0,0.0,0.0,0.0
0,0,0,0,26,0.15,71.7,2.7,222,2026-08-21 01:35:00,PT5M,0.0,0.0,0.0,0.0,0.0
0,0,0,0,25,0.15,71.8,2.7,222,2026-08-21 01:40:00,PT5M,0.0,0.0,0.0,0.0,0.0
0,0,0,0,25,0.15,71.9,2.7,222,2026-08-21 01:45:00,PT5M,0.0,0.0,0.0,0.0,0.0
0,0,0,0,25,0.15,72.0,2.7,222,2026-08-21 01:50:00,PT5M,0.0,0.0,0.0,0.0,0.0
0,0,0,0,25,0.15,72.1,2.7,222,2026-08-21 01:55:00,PT5M,0.0,0.0,0.0,0.0,0.0
0,0,0,0,25,0.15,72.2,2.7,222,2026-08-21 02:00:00,PT5M,0.0,0.0,0.0,0.0,0.0
0,0,0,0,25,0.15,72.3,2.7,222,2026-08-21 02:05:00,PT5M,0.0,0.0,0.0,0.0,0.0
0,0,0,0,25,0.15,72.4,2.7,222,2026-08-21 02:10:00,PT5M,0.0,0.0,0.0,0.0,0.0
0,0,0,0,25,0.15,72.5,2.7,222,2026-08-21 02:15:00,PT5M,0.0,0.0,0.0,0.0,0.0
0,0,0,0,25,0.15,72.6,2.7,222,2026-08-21 02:20:00,PT5M,0.0,0.0,0.0,0.0,0.0
0,0,0,0,25,0.15,72.7,2.7,222,2026-08-21 02:25:00,PT5M,0.0,0.0,0.0,0.0,0.0
0,0,0,0,25,0.15,72.9,2.7,222,2026-08-21 02:30:00,PT5M,0.0,0.0,0.0,0.0,0.0
0,0,0,0,25,0.15,72.9,2.7,222,2026-08-21 02:35:00,PT5M,0.0,0.0,0.0,0.0,0.0
0,0,0,0,25,0.15,73.0,2.7,222,2026-08-21 02:40:00,PT5M,0.0,0.0,0.0,0.0,0.0
0,0,0,0,25,0.15,73.0,2.7,222,2026-08-21 02:45:00,PT5M,0.0,0.0,0.0,0.0,0.0
0,0,0,0,25,0.15,73.1,2.7,222,2026-08-21 02:50:00,PT5M,0.0,0.0,0.0,0.0,0.0
0,0,0,0,25,0.15,73.1,2.7,222,2026-08-21 02:55:00,PT5M,0.0,0.0,0.0,0.0,0.0
0,0,0,0,25,0.15,73.2,2.7,222,2026-08-21 03:00:00,PT5M,0.0,0.0,0.0,0.0,0.0
0,0,0,0,25,0.15,73.2,2.8,222,2026-08-21 03:05:00,PT5M,0.0,0.0,0.0,0.0,0.0
0,0,0,0,25,0.15,73.3,2.8,222,2026-08-21 03:10:00,PT5M,0.0,0.0,0.0,0.0,0.0
0,0,0,0,25,0.15,73.3,2.8,222,2026-08-21 03:15:00,PT5M,0.0,0.0,0.0,0.0,0.0
0,0,0,0,25,0.15,73.4,2.8,222,2026-08-21 03:20:00,PT5M,0.0,0.0,0.0,0.0,0.0
0,0,0,0,25,0.15,73.4,2.8,222,2026-08-21 03:25:00,PT5M,0.0,0.0,0.0,0.0,0.0
0,0,0,0,25,0.15,73.5,2.8,222,2026-08-21 03:30:00,PT5M,0.0,0.0,0.0,0.0,0.0
0,0,0,0,25,0.15,73.5,2.8,222,2026-08-21 03:35:00,PT5M,0.0,0.0,0.0,0.0,0.0
0,0,0,0,25,0.15,73.5,2.8,222,2026-08-21 03:40:00,PT5M,0.0,0.0,0.0,0.0,0.0
0,0,0,0,25,0.15,73.6,2.8,222,2026-08-21 03:45:00,PT5M,0.0,0.0,0.0,0.0,0.0
0,0,0,0,25,0.15,73.6,2.8,222,2026-08-21 03:50:00,PT5M,0.0,0.0,0.0,0.0,0.0
0,0,0,0,25,0.15,73.7,2.9,222,2026-08-21 03:55:00,PT5M,0.0,0.0,0.0,0.0,0.0
0,0,0,0,25,0.15,73.7,2.9,221,2026-08-21 04:00:00,PT5M,0.0,0.0,0.0,0.0,0.0
0,0,0,0,25,0.15,73.8,2.9,221,2026-08-21 04:05:00,PT5M,0.0,0.0,0.0,0.0,0.0
0,0,0,0,25,0.15,73.8,2.9,221,2026-08-21 04:10:00,PT5M,0.0,0.0,0.0,0.0,0.0
0,0,0,0,25,0.15,73.9,2.9,221,2026-08-21 04:15:00,PT5M,0.0,0.0,0.0,0.0,0.0
0,0,0,0,25,0.15,73.9,2.9,221,2026-08-21 04:20:00,PT5M,0.0,0.0,0.0,0.0,0.0
0,0,0,0,25,0.15,74.0,2.9,221,2026-08-21 04:25:00,PT5M,0.0,0.0,0.0,0.0,0.0
0,0,0,0,25,0.15,74.0,2.9,221,2026-08-21 04:30:00,PT5M,0.0,0.0,0.0,0.0,0.0
0,0,0,0,25,0.15,74.1,2.9,221,2026-08-21 04:35:00,PT5M,0.0,0.0,0.0,0.0,0.0
0,0,0,0,25,0.15,74.1,2.9,221,2026-08-21 04:40:00,PT5M,0.0,0.0,0.0,0.0,0.0
0,0,0,0,25,0.15,74.2,3.0,221,2026-08-21 04:45:00,PT5M,0.0,0.0,0.0,0.0,0.0
0,0,0,0,25,0.15,74.2,3.0,221,2026-08-21 04:50:00,PT5M,0.0,0.0,0.0,0.0,0.0
0,0,0,0,25,0.15,74.3,3.0,221,2026-08-21 04:55:00,PT5M,0.0,0.0,0.0,0.0,0.0
0,0,0,0,25,0.15,74.3,3.0,221,2026-08-21 05:00:00,PT5M,0.0,0.0,0.0,0.0,0.0
0,0,0,0,25,0.15,74.4,3.0,221,2026-08-21 05:05:00,PT5M,0.0,0.0,0.0,0.0,0.0
0,0,0,0,25,0.15,74.4,3.0,221,2026-08-21 05:10:00,PT5M,0.0,0.0,0.0,0.0,0.0
0,0,0,0,25,0.15,74.5,3.0,221,2026-08-21 05:15:00,PT5M,0.0,0.0,0.0,0.0,0.0
0,0,0,0,24,0.15,74.5,3.0,221,2026-08-21 05:20:00,PT5M,0.0,0.0,0.0,0.0,0.0
0,0,0,0,24,0.15,74.6,3.0,221,2026-08-21 05:25:00,PT5M,0.0,0.0,0.0,0.0,0.0
0,0,0,0,24,0.15,74.6,3.0,221,2026-08-21 05:30:00,PT5M,0.0,0.0,0.0,0.0,0.0
0,0,0,0,25,0.15,74.3,3.1,221,2026-08-21 05:35:00,PT5M,0.0,0.0,0.0,0.0,0.0
0,0,0,0,25,0.15,73.7,3.1,222,2026-08-21 05:40:00,PT5M,0.0,0.0,0.0,0.0,0.0
0,0,0,0,25,0.15,73.0,3.1,222,2026-08-21 05:45:00,PT5M,0.0,0.0,0.0,0.0,0.0
0,0,0,0,25,0.15,72.4,3.1,223,2026-08-21 05:50:00,PT5M,0.0,0.0,0.0,0.0,0.0
0,0,0,0,25,0.15,71.8,3.1,223,2026-08-21 05:55:00,PT5M,0.0,0.0,0.0,0.0,0.0
0,0,0,0,25,0.15,71.1,3.2,224,2026-08-21 06:00:00,PT5M,0.0,0.0,0.0,0.0,0.0
1,1,0,1,25,0.15,70.5,3.2,224,2026-08-21 06:05:00,PT5M,0.0,0.0,0.0,0.0,0.0
5,5,0,5,25,0.15,69.9,3.2,224,2026-08-21 06:10:00,PT5M,0.0,0.1465,0.0771,0.0,0.0
10,10,0,10,26,0.15,69.3,3.2,225,2026-08-21 06:15:00,PT5M,0.694,1.3485,1.0385,0.3495,0.0395
16,17,0,17,26,0.15,68.7,3.3,225,2026-08-21 06:20:00,PT5M,1.516,2.541,2.0555,0.9765,0.491
23,24,0,24,26,0.15,68.1,3.3,226,2026-08-21 06:25:00,PT5M,2.427,3.9805,3.2446,1.6094,0.8735
31,32,0,32,26,0.15,67.6,3.3,226,2026-08-21 06:30:00,PT5M,3.455,5.7845,4.681,2.229,1.1255
40,41,0,41,26,0.15,67.0,3.3,226,2026-08-21 06:35:00,PT5M,4.701,9.0495,6.9896,2.4124,0.3525
50,52,0,52,26,0.15,66.4,3.4,227,2026-08-21 06:40:00,PT5M,6.067,11.841,9.1059,3.0281,0.293
62,64,0,64,26,0.15,65.8,3.4,227,2026-08-21 06:45:00,PT5M,7.474,14.7455,11.301,3.647,0.2025
74,76,0,76,26,0.15,65.3,3.4,228,2026-08-21 06:50:00,PT5M,9.044,17.8495,13.6784,4.4096,0.2385
87,90,0,90,27,0.15,64.7,3.4,228,2026-08-21 06:55:00,PT5M,10.803,21.1665,16.2574,5.3486,0.4395
98,104,22,99,27,0.15,64.2,3.5,228,2026-08-21 07:00:00,PT5M,13.407,25.3945,19.7161,7.0979,1.4195
111,119,43,108,27,0.15,63.6,3.5,229,2026-08-21 07:05:00,PT5M,16.212,29.8825,23.4069,9.0171,2.5415
123,134,62,117,27,0.15,63.1,3.5,229,2026-08-21 07:10:00,PT5M,19.048,34.466,27.1626,10.9334,3.63
136,149,79,126,27,0.15,62.5,3.5,229,2026-08-21 07:15:00,PT5M,22.033,39.2475,31.0931,12.9729,4.8185
149,165,96,134,27,0.15,62.0,3.6,230,2026-08-21 07:20:00,PT5M,25.075,44.112,35.0943,15.0557,6.038
162,181,114,142,27,0.15,61.5,3.6,230,2026-08-21 07:25:00,PT5M,28.349,49.2265,39.337,17.361,7.4715
176,197,131,150,27,0.15,61.0,3.6,230,2026-08-21 07:30:00,PT5M,31.751,54.4755,43.7111,19.7909,9.0265
191,214,149,158,28,0.15,60.4,3.6,231,2026-08-21 07:35:00,PT5M,35.339,59.918,48.2751,22.4029,10.76
205,231,168,165,28,0.15,59.9,3.7,231,2026-08-21 07:40:00,PT5M,39.12,65.62,53.0671,25.1729,12.62
220,249,186,171,28,0.15,59.4,3.7,231,2026-08-21 07:45:00,PT5M,43.036,71.479,58.0058,28.0662,14.593
236,267,205,177,28,0.15,58.9,3.7,232,2026-08-21 07:50:00,PT5M,46.589,76.2265,62.1874,30.9906,16.9515
252,285,225,183,28,0.15,58.4,3.7,232,2026-08-21 07:55:00,PT5M,49.708,79.805,65.5483,33.8677,19.611
268,304,244,188,28,0.15,57.9,3.8,232,2026-08-21 08:00:00,PT5M,52.839,83.3355,68.8895,36.7885,22.3425
284,323,264,193,28,0.15,57.4,3.8,233,2026-08-21 08:05:00,PT5M,55.941,86.7845,72.1742,39.7078,25.0975
301,342,285,197,28,0.15,57.0,3.8,233,2026-08-21 08:10:00,PT5M,58.998,90.1295,75.3827,42.6133,27.8665
318,362,306,201,29,0.15,56.5,3.8,233,2026-08-21 08:15:00,PT5M,61.968,93.3065,78.4617,45.4743,30.6295
335,382,327,203,29,0.15,56.0,3.9,234,2026-08-21 08:20:00,PT5M,64.838,96.295,81.394,48.282,33.381
352,402,348,206,29,0.15,55.5,3.9,234,2026-08-21 08:25:00,PT5M,67.598,99.082,84.1683,51.0277,36.114
370,422,369,208,29,0.15,55.1,3.9,234,2026-08-21 08:30:00,PT5M,70.235,100.0,86.7545,53.7155,38.8475
386,440,381,211,29,0.15,54.4,3.9,234,2026-08-21 08:35:00,PT5M,71.957,100.0,88.4528,55.4612,40.6145
399,454,384,217,29,0.15,53.5,4.0,234,2026-08-21 08:40:00,PT5M,72.847,100.0,89.3601,56.3339,41.4715
412,468,387,223,30,0.15,52.7,4.0,234,2026-08-21 08:45:00,PT5M,73.676,100.0,90.1941,57.1579,42.291
425,481,390,229,30,0.15,51.8,4.0,234,2026-08-21 08:50:00,PT5M,74.45,100.0,90.9658,57.9342,43.0695
438,495,392,234,30,0.15,51.0,4.0,234,2026-08-21 08:55:00,PT5M,75.174,100.0,91.6822,58.6658,43.808
450,508,393,240,30,0.15,50.2,4.0,234,2026-08-21 09:00:00,PT5M,75.856,100.0,92.351,59.361,44.515
463,520,394,246,30,0.15,49.4,4.0,234,2026-08-21 09:05:00,PT5M,76.464,100.0,92.9343,59.9937,45.17
474,532,395,252,31,0.15,48.6,4.0,233,2026-08-21 09:10:00,PT5M,77.036,100.0,93.4699,60.6021,45.811
486,545,396,257,31,0.15,47.8,4.0,233,2026-08-21 09:15:00,PT5M,77.667,100.0,94.0554,61.2786,46.5285
498,557,397,263,31,0.15,47.0,4.1,233,2026-08-21 09:20:00,PT5M,78.267,100.0,94.6304,61.9036,47.176
509,568,398,268,31,0.15,46.3,4.1,233,2026-08-21 09:25:00,PT5M,78.837,100.0,95.1504,62.5236,47.841
520,580,399,273,31,0.15,45.5,4.1,233,2026-08-21 09:30:00,PT5M,79.379,100.0,95.609,63.149,48.5415
531,591,399,279,32,0.15,44.8,4.1,233,2026-08-21 09:35:00,PT5M,79.895,100.0,95.9621,63.8279,49.367
541,601,400,284,32,0.15,44.1,4.1,233,2026-08-21 09:40:00,PT5M,80.384,100.0,96.3053,64.4627,50.133
551,612,400,289,32,0.15,43.4,4.1,233,2026-08-21 09:45:00,PT5M,80.848,100.0,96.6317,65.0643,50.8585
560,622,400,294,32,0.15,42.7,4.1,233,2026-08-21 09:50:00,PT5M,81.287,100.0,96.9412,65.6328,51.5435
569,631,399,299,32,0.15,42.0,4.2,232,2026-08-21 09:55:00,PT5M,81.647,100.0,97.1854,66.1086,52.1235
578,640,398,304,33,0.15,41.4,4.2,232,2026-08-21 10:00:00,PT5M,81.985,100.0,97.4161,66.5539,52.6655
586,648,397,309,33,0.15,40.7,4.2,232,2026-08-21 10:05:00,PT5M,82.313,100.0,97.6443,66.9817,53.183
594,656,397,313,33,0.15,40.1,4.2,232,2026-08-21 10:10:00,PT5M,82.624,100.0,97.8659,67.3821,53.664
602,664,396,318,33,0.15,39.4,4.2,232,2026-08-21 10:15:00,PT5M,82.91,100.0,98.0711,67.7489,54.1035
609,671,395,322,33,0.15,38.8,4.2,232,2026-08-21 10:20:00,PT5M,83.172,100.0,98.2607,68.0833,54.503
616,678,393,326,34,0.15,38.2,4.2,232,2026-08-21 10:25:00,PT5M,83.41,100.0,98.4348,68.3852,54.8625
623,685,392,331,34,0.15,37.6,4.2,232,2026-08-21 10:30:00,PT5M,83.624,100.0,98.593,68.655,55.1825
629,691,390,335,34,0.15,37.0,4.3,232,2026-08-21 10:35:00,PT5M,83.758,100.0,98.667,68.849,55.4305
634,696,387,340,34,0.15,36.4,4.3,232,2026-08-21 10:40:00,PT5M,83.811,100.0,98.6558,68.9662,55.6055
638,700,383,344,34,0.15,35.9,4.3,231,2026-08-21 10:45:00,PT5M,83.843,100.0,98.6301,69.0559,55.747
642,704,380,348,35,0.15,35.3,4.3,231,2026-08-21 10:50:00,PT5M,83.853,100.0,98.5893,69.1167,55.8535
646,707,376,353,35,0.15,34.7,4.3,231,2026-08-21 10:55:00,PT5M,83.838,100.0,98.5314,69.1446,55.92
649,711,373,357,35,0.15,34.2,4.3,231,2026-08-21 11:00:00,PT5M,83.797,100.0,98.457,69.137,55.9425
653,713,369,360,35,0.15,33.7,4.3,231,2026-08-21 11:05:00,PT5M,83.729,100.0,98.3698,69.0882,55.911
655,716,366,364,36,0.15,33.1,4.3,231,2026-08-21 11:10:00,PT5M,83.631,100.0,98.2697,68.9923,55.817
657,718,362,367,36,0.15,32.6,4.4,231,2026-08-21 11:15:00,PT5M,83.531,100.0,98.1584,68.9036,55.7385
659,719,359,370,36,0.15,32.1,4.4,231,2026-08-21 11:20:00,PT5M,83.416,100.0,98.031,68.801,55.647
661,720,355,374,36,0.15,31.6,4.4,231,2026-08-21 11:25:00,PT5M,83.272,100.0,97.8891,68.6549,55.499
662,721,352,376,36,0.15,31.1,4.4,231,2026-08-21 11:30:00,PT5M,83.103,100.0,97.7343,68.4717,55.303
663,722,350,378,36,0.15,30.8,4.4,230,2026-08-21 11:35:00,PT5M,83.039,100.0,97.7017,68.3763,55.1795
665,724,349,380,36,0.15,30.8,4.5,230,2026-08-21 11:40:00,PT5M,83.08,100.0,97.7908,68.3692,55.129
666,726,349,381,37,0.15,30.7,4.6,230,2026-08-21 11:45:00,PT5M,83.095,100.0,97.8603,68.3297,55.0405
667,727,348,382,37,0.15,30.6,4.6,230,2026-08-21 11:50:00,PT5M,83.082,100.0,97.9089,68.2551,54.9105
668,727,347,382,37,0.15,30.5,4.7,230,2026-08-21 11:55:00,PT5M,83.04,100.0,97.9355,68.1445,54.738
668,727,346,383,37,0.15,30.5,4.8,230,2026-08-21 12:00:00,PT5M,82.968,100.0,97.9399,67.9961,54.521
668,727,345,384,37,0.15,30.4,4.8,230,2026-08-21 12:05:00,PT5M,82.854,100.0,97.9109,67.7971,54.2455
667,726,343,385,37,0.15,30.3,4.9,229,2026-08-21 12:10:00,PT5M,82.701,100.0,97.8521,67.5499,53.9135
666,724,341,386,37,0.15,30.3,4.9,229,2026-08-21 12:15:00,PT5M,82.588,100.0,97.8401,67.3359,53.6085
665,723,338,386,37,0.15,30.2,5.0,229,2026-08-21 12:20:00,PT5M,82.443,100.0,97.8033,67.0827,53.258
663,720,336,387,37,0.15,30.1,5.1,229,2026-08-21 12:25:00,PT5M,82.267,100.0,97.742,66.792,52.864
660,717,333,387,37,0.15,30.0,5.1,229,2026-08-21 12:30:00,PT5M,82.059,100.0,97.6548,66.4632,52.4265
657,714,329,388,37,0.15,30.0,5.2,229,2026-08-21 12:35:00,PT5M,81.767,100.0,97.4665,66.0675,51.9375
653,709,325,389,37,0.15,29.9,5.3,229,2026-08-21 12:40:00,PT5M,81.389,100.0,97.1748,65.6032,51.3955
649,704,320,389,37,0.15,29.8,5.3,229,2026-08-21 12:45:00,PT5M,80.985,100.0,96.8618,65.1082,50.8185
644,699,316,390,37,0.15,29.8,5.4,229,2026-08-21 12:50:00,PT5M,80.551,100.0,96.5249,64.5771,50.2
639,693,311,390,37,0.15,29.7,5.5,228,2026-08-21 12:55:00,PT5M,80.088,100.0,96.1646,64.0114,49.542
633,687,306,390,37,0.15,29.6,5.5,228,2026-08-21 13:00:00,PT5M,79.582,100.0,95.7725,63.3915,48.8195
628,681,302,389,37,0.15,29.6,5.6,228,2026-08-21 13:05:00,PT5M,79.044,100.0,95.3574,62.7306,48.048
622,674,297,388,37,0.15,29.5,5.7,228,2026-08-21 13:10:00,PT5M,78.501,100.0,94.9323,62.0697,47.281
615,667,293,387,37,0.15,29.4,5.7,228,2026-08-21 13:15:00,PT5M,77.962,100.0,94.5017,61.4223,46.536
609,660,288,386,37,0.15,29.3,5.8,228,2026-08-21 13:20:00,PT5M,77.363,100.0,94.0285,60.6975,45.698
602,652,283,385,37,0.15,29.3,5.8,228,2026-08-21 13:25:00,PT5M,76.725,100.0,93.5255,59.9245,44.8035
595,644,279,383,37,0.15,29.2,5.9,228,2026-08-21 13:30:00,PT5M,76.051,100.0,92.992,59.11,43.8625
588,637,275,381,37,0.15,29.1,6.0,228,2026-08-21 13:35:00,PT5M,75.403,100.0,92.4993,58.3067,42.9195
580,629,272,379,37,0.15,29.1,6.0,228,2026-08-21 13:40:00,PT5M,74.783,100.0,92.0477,57.5183,41.9795
573,621,268,376,37,0.15,29.0,6.1,228,2026-08-21 13:45:00,PT5M,74.136,100.0,91.5712,56.7008,41.0085
565,613,265,373,37,0.15,28.9,6.2,227,2026-08-21 13:50:00,PT5M,73.462,100.0,91.0704,55.8536,40.0055
558,604,262,370,37,0.15,28.9,6.2,227,2026-08-21 13:55:00,PT5M,72.763,100.0,90.5464,54.9796,38.974
549,596,258,367,37,0.15,28.8,6.3,227,2026-08-21 14:00:00,PT5M,72.036,100.0,89.9973,54.0747,37.909
541,586,255,363,37,0.15,28.7,6.4,227,2026-08-21 14:05:00,PT5M,71.278,100.0,89.4195,53.1365,36.8085
532,577,251,360,37,0.15,28.7,6.4,227,2026-08-21 14:10:00,PT5M,70.489,100.0,88.8137,52.1643,35.6715
523,568,248,356,38,0.15,28.6,6.5,227,2026-08-21 14:15:00,PT5M,69.67,100.0,88.1805,51.1595,34.4995
514,558,244,352,38,0.15,28.5,6.6,227,2026-08-21 14:20:00,PT5M,68.815,100.0,87.5157,50.1143,33.283
505,547,240,348,38,0.15,28.5,6.6,227,2026-08-21 14:25:00,PT5M,67.932,100.0,86.8248,49.0392,32.035
495,537,236,344,38,0.15,28.4,6.7,227,2026-08-21 14:30:00,PT5M,67.019,100.0,86.0697,47.9683,30.822
485,526,232,339,38,0.15,28.5,6.7,227,2026-08-21 14:35:00,PT5M,66.048,100.0,85.1664,46.9296,29.7225
475,515,227,335,37,0.15,28.8,6.7,227,2026-08-21 14:40:00,PT5M,65.063,100.0,84.2419,45.8841,28.6225
464,504,222,330,37,0.15,29.2,6.7,227,2026-08-21 14:45:00,PT5M,64.045,100.0,83.2797,44.8103,27.4985
453,492,218,325,37,0.15,29.5,6.7,227,2026-08-21 14:50:00,PT5M,63.005,99.6485,82.2907,43.7193,26.3615
442,480,213,320,37,0.15,29.8,6.7,227,2026-08-21 14:55:00,PT5M,61.923,98.6515,81.2535,42.5925,25.1945
431,468,208,314,37,0.15,30.1,6.7,227,2026-08-21 15:00:00,PT5M,60.807,97.5675,80.1543,41.4597,24.0465
420,456,202,309,37,0.15,30.5,6.7,227,2026-08-21 15:05:00,PT5M,59.624,96.426,78.9932,40.2548,22.822
408,443,196,304,37,0.15,30.8,6.7,227,2026-08-21 15:10:00,PT5M,58.369,95.1825,77.7442,38.9938,21.5555
397,431,191,298,36,0.15,31.2,6.7,228,2026-08-21 15:15:00,PT5M,57.14,93.938,76.5071,37.7729,20.342
385,418,185,292,36,0.15,31.5,6.7,228,2026-08-21 15:20:00,PT5M,55.892,92.651,75.2385,36.5455,19.133
374,406,180,286,36,0.15,31.9,6.7,228,2026-08-21 15:25:00,PT5M,54.6,91.298,73.9144,35.2856,17.902
362,393,174,280,36,0.15,32.2,6.7,228,2026-08-21 15:30:00,PT5M,53.262,89.874,72.5312,33.9928,16.65
350,380,168,274,36,0.15,32.6,6.8,228,2026-08-21 15:35:00,PT5M,51.866,88.3675,71.077,32.655,15.3645
338,367,162,267,36,0.15,32.9,6.8,228,2026-08-21 15:40:00,PT5M,50.413,86.772,69.549,31.277,14.054
326,354,155,261,36,0.15,33.3,6.8,228,2026-08-21 15:45:00,PT5M,48.903,85.0825,67.9445,29.8615,12.7235
313,340,149,254,35,0.15,33.7,6.8,228,2026-08-21 15:50:00,PT5M,47.333,83.288,66.2564,28.4096,11.378
301,327,142,247,35,0.15,34.1,6.8,228,2026-08-21 15:55:00,PT5M,45.698,81.38,64.4777,26.9183,10.016
288,313,135,239,35,0.15,34.4,6.8,228,2026-08-21 16:00:00,PT5M,44.016,79.316,62.5946,25.4374,8.716
276,299,128,232,35,0.15,34.8,6.8,228,2026-08-21 16:05:00,PT5M,42.306,77.164,60.652,23.96,7.448
264,286,121,224,35,0.15,35.2,6.8,228,2026-08-21 16:10:00,PT5M,40.574,74.9365,58.6592,22.4888,6.2115
251,272,115,216,35,0.15,35.6,6.8,229,2026-08-21 16:15:00,PT5M,38.774,72.572,56.5621,20.9859,4.976
239,259,107,208,35,0.15,36.0,6.8,229,2026-08-21 16:20:00,PT5M,37.128,70.3005,54.5869,19.6691,3.9555
226,245,100,199,34,0.15,36.4,6.8,229,2026-08-21 16:25:00,PT5M,35.204,67.6965,52.305,18.103,2.7115
214,231,92,191,34,0.15,36.8,6.8,229,2026-08-21 16:30:00,PT5M,33.222,64.9825,49.9378,16.5062,1.4615
201,218,85,182,34,0.15,37.3,6.8,229,2026-08-21 16:35:00,PT5M,31.133,61.2645,46.9914,15.2746,1.0015
189,204,77,174,34,0.15,37.7,6.8,229,2026-08-21 16:40:00,PT5M,28.897,56.911,43.641,14.153,0.883
177,191,68,165,34,0.15,38.1,6.8,229,2026-08-21 16:45:00,PT5M,26.626,52.598,40.2952,12.9568,0.654
165,177,60,156,34,0.15,38.5,6.8,229,2026-08-21 16:50:00,PT5M,24.355,48.313,36.9643,11.7457,0.397
153,164,51,147,34,0.15,39.0,6.8,229,2026-08-21 16:55:00,PT5M,22.101,44.056,33.6561,10.5459,0.146
141,150,41,137,33,0.15,39.4,6.8,229,2026-08-21 17:00:00,PT5M,19.861,39.827,30.3692,9.3528,0.0
129,137,31,128,33,0.15,39.9,6.8,229,2026-08-21 17:05:00,PT5M,17.637,35.6265,27.105,8.169,0.0
118,124,20,119,33,0.15,40.3,6.8,229,2026-08-21 17:10:00,PT5M,15.559,31.6,24.0015,7.1165,0.0
107,111,8,109,33,0.15,40.8,6.8,229,2026-08-21 17:15:00,PT5M,13.426,27.583,20.8769,5.9751,0.0
95,98,0,98,33,0.15,41.2,6.8,230,2026-08-21 17:20:00,PT5M,11.52,23.897,18.0341,5.0059,0.0
82,85,0,85,33,0.15,41.7,6.8,230,2026-08-21 17:25:00,PT5M,10.024,20.719,15.6529,4.3951,0.0
71,73,0,73,33,0.15,42.2,6.8,230,2026-08-21 17:30:00,PT5M,8.468,17.536,13.2406,3.6954,0.0
59,61,0,61,32,0.15,42.6,6.8,230,2026-08-21 17:35:00,PT5M,7.043,14.537,10.9871,3.0989,0.0
48,50,0,50,32,0.15,43.1,6.7,230,2026-08-21 17:40:00,PT5M,5.717,11.6645,8.8472,2.5868,0.0
39,40,0,40,32,0.15,43.6,6.7,229,2026-08-21 17:45:00,PT5M,4.417,8.9585,6.8072,2.0268,0.0
30,31,0,31,32,0.15,44.0,6.6,229,2026-08-21 17:50:00,PT5M,3.251,6.5555,4.9902,1.5118,0.0
22,23,0,23,32,0.15,44.5,6.6,229,2026-08-21 17:55:00,PT5M,2.288,4.596,3.5027,1.0733,0.0
16,16,0,16,32,0.15,45.0,6.5,229,2026-08-21 18:00:00,PT5M,1.423,2.868,2.1835,0.6625,0.0
10,10,0,10,32,0.15,45.5,6.5,229,2026-08-21 18:05:00,PT5M,0.638,1.406,1.0422,0.2338,0.0
5,5,0,5,31,0.15,46.0,6.4,229,2026-08-21 18:10:00,PT5M,0.0,0.1845,0.0971,0.0,0.0
1,1,0,1,31,0.15,46.5,6.4,229,2026-08-21 18:15:00,PT5M,0.0,0.0,0.0,0.0,0.0
0,0,0,0,31,0.15,47.0,6.4,228,2026-08-21 18:20:00,PT5M,0.0,0.0,0.0,0.0,0.0
0,0,0,0,31,0.15,47.5,6.3,228,2026-08-21 18:25:00,PT5M,0.0,0.0,0.0,0.0,0.0
0,0,0,0,31,0.15,48.1,6.3,228,2026-08-21 18:30:00,PT5M,0.0,0.0,0.0,0.0,0.0
0,0,0,0,31,0.15,48.6,6.2,228,2026-08-21 18:35:00,PT5M,0.0,0.0,0.0,0.0,0.0
0,0,0,0,31,0.15,49.1,6.2,228,2026-08-21 18:40:00,PT5M,0.0,0.0,0.0,0.0,0.0
0,0,0,0,31,0.15,49.7,6.1,228,2026-08-21 18:45:00,PT5M,0.0,0.0,0.0,0.0,0.0
0,0,0,0,30,0.15,50.2,6.1,227,2026-08-21 18:50:00,PT5M,0.0,0.0,0.0,0.0,0.0
0,0,0,0,30,0.15,50.8,6.0,227,2026-08-21 18:55:00,PT5M,0.0,0.0,0.0,0.0,0.0
0,0,0,0,30,0.15,51.3,6.0,227,2026-08-21 19:00:00,PT5M,0.0,0.0,0.0,0.0,0.0
0,0,0,0,30,0.15,51.9,5.9,227,2026-08-21 19:05:00,PT5M,0.0,0.0,0.0,0.0,0.0
0,0,0,0,30,0.15,52.5,5.9,227,2026-08-21 19:10:00,PT5M,0.0,0.0,0.0,0.0,0.0
0,0,0,0,30,0.15,53.0,5.8,227,2026-08-21 19:15:00,PT5M,0.0,0.0,0.0,0.0,0.0
0,0,0,0,30,0.15,53.6,5.8,226,2026-08-21 19:20:00,PT5M,0.0,0.0,0.0,0.0,0.0
0,0,0,0,29,0.15,54.2,5.7,226,2026-08-21 19:25:00,PT5M,0.0,0.0,0.0,0.0,0.0
0,0,0,0,29,0.15,54.8,5.7,226,2026-08-21 19:30:00,PT5M,0.0,0.0,0.0,0.0,0.0
0,0,0,0,29,0.15,55.4,5.6,226,2026-08-21 19:35:00,PT5M,0.0,0.0,0.0,0.0,0.0
0,0,0,0,29,0.15,56.0,5.6,226,2026-08-21 19:40:00,PT5M,0.0,0.0,0.0,0.0,0.0
0,0,0,0,29,0.15,56.6,5.5,225,2026-08-21 19:45:00,PT5M,0.0,0.0,0.0,0.0,0.0
0,0,0,0,29,0.15,57.3,5.5,225,2026-08-21 19:50:00,PT5M,0.0,0.0,0.0,0.0,0.0
0,0,0,0,29,0.15,57.9,5.4,225,2026-08-21 19:55:00,PT5M,0.0,0.0,0.0,0.0,0.0
0,0,0,0,29,0.15,58.5,5.4,225,2026-08-21 20:00:00,PT5M,0.0,0.0,0.0,0.0,0.0
0,0,0,0,28,0.15,59.2,5.4,225,2026-08-21 20:05:00,PT5M,0.0,0.0,0.0,0.0,0.0
0,0,0,0,28,0.15,59.9,5.3,224,2026-08-21 20:10:00,PT5M,0.0,0.0,0.0,0.0,0.0
0,0,0,0,28,0.15,60.5,5.3,224,2026-08-21 20:15:00,PT5M,0.0,0.0,0.0,0.0,0.0
0,0,0,0,28,0.15,61.2,5.2,224,2026-08-21 20:20:00,PT5M,0.0,0.0,0.0,0.0,0.0
0,0,0,0,28,0.15,61.9,5.2,224,2026-08-21 20:25:00,PT5M,0.0,0.0,0.0,0.0,0.0
0,0,0,0,28,0.15,62.6,5.1,224,2026-08-21 20:30:00,PT5M,0.0,0.0,0.0,0.0,0.0
0,0,0,0,28,0.15,63.0,5.1,223,2026-08-21 20:35:00,PT5M,0.0,0.0,0.0,0.0,0.0
0,0,0,0,28,0.15,63.1,5.1,224,2026-08-21 20:40:00,PT5M,0.0,0.0,0.0,0.0,0.0
0,0,0,0,28,0.15,63.3,5.0,224,2026-08-21 20:45:00,PT5M,0.0,0.0,0.0,0.0,0.0
0,0,0,0,28,0.15,63.4,5.0,224,2026-08-21 20:50:00,PT5M,0.0,0.0,0.0,0.0,0.0
0,0,0,0,27,0.15,63.6,5.0,224,2026-08-21 20:55:00,PT5M,0.0,0.0,0.0,0.0,0.0
0,0,0,0,27,0.15,63.7,5.0,224,2026-08-21 21:00:00,PT5M,0.0,0.0,0.0,0.0,0.0
0,0,0,0,27,0.15,63.8,5.0,224,2026-08-21 21:05:00,PT5M,0.0,0.0,0.0,0.0,0.0
0,0,0,0,27,0.15,64.0,5.0,224,2026-08-21 21:10:00,PT5M,0.0,0.0,0.0,0.0,0.0
0,0,0,0,27,0.15,64.1,4.9,224,2026-08-21 21:15:00,PT5M,0.0,0.0,0.0,0.0,0.0
0,0,0,0,27,0.15,64.3,4.9,224,2026-08-21 21:20:00,PT5M,0.0,0.0,0.0,0.0,0.0
0,0,0,0,27,0.15,64.4,4.9,225,2026-08-21 21:25:00,PT5M,0.0,0.0,0.0,0.0,0.0
0,0,0,0,27,0.15,64.6,4.9,225,2026-08-21 21:30:00,PT5M,0.0,0.0,0.0,0.0,0.0
0,0,0,0,27,0.15,64.7,4.9,225,2026-08-21 21:35:00,PT5M,0.0,0.0,0.0,0.0,0.0
0,0,0,0,27,0.15,64.9,4.9,225,2026-08-21 21:40:00,PT5M,0.0,0.0,0.0,0.0,0.0
0,0,0,0,27,0.15,65.0,4.8,225,2026-08-21 21:45:00,PT5M,0.0,0.0,0.0,0.0,0.0
0,0,0,0,27,0.15,65.2,4.8,225,2026-08-21 21:50:00,PT5M,0.0,0.0,0.0,0.0,0.0
0,0,0,0,27,0.15,65.3,4.8,225,2026-08-21 21:55:00,PT5M,0.0,0.0,0.0,0.0,0.0
0,0,0,0,27,0.15,65.5,4.8,225,2026-08-21 22:00:00,PT5M,0.0,0.0,0.0,0.0,0.0
0,0,0,0,27,0.15,65.6,4.8,225,2026-08-21 22:05:00,PT5M,0.0,0.0,0.0,0.0,0.0
0,0,0,0,27,0.15,65.8,4.7,226,2026-08-21 22:10:00,PT5M,0.0,0.0,0.0,0.0,0.0
0,0,0,0,27,0.15,65.9,4.7,226,2026-08-21 22:15:00,PT5M,0.0,0.0,0.0,0.0,0.0
0,0,0,0,27,0.15,66.1,4.7,226,2026-08-21 22:20:00,PT5M,0.0,0.0,0.0,0.0,0.0
0,0,0,0,27,0.15,66.2,4.7,226,2026-08-21 22:25:00,PT5M,0.0,0.0,0.0,0.0,0.0
0,0,0,0,27,0.15,66.4,4.7,226,2026-08-21 22:30:00,PT5M,0.0,0.0,0.0,0.0,0.0
0,0,0,0,27,0.15,66.5,4.7,226,2026-08-21 22:35:00,PT5M,0.0,0.0,0.0,0.0,0.0
0,0,0,0,27,0.15,66.7,4.6,226,2026-08-21 22:40:00,PT5M,0.0,0.0,0.0,0.0,0.0
0,0,0,0,27,0.15,66.8,4.6,226,2026-08-21 22:45:00,PT5M,0.0,0.0,0.0,0.0,0.0
0,0,0,0,27,0.15,67.0,4.6,227,2026-08-21 22:50:00,PT5M,0.0,0.0,0.0,0.0,0.0
0,0,0,0,26,0.15,67.1,4.6,227,2026-08-21 22:55:00,PT5M,0.0,0.0,0.0,0.0,0.0
0,0,0,0,26,0.15,67.3,4.6,227,2026-08-21 23:00:00,PT5M,0.0,0.0,0.0,0.0,0.0
0,0,0,0,26,0.15,67.4,4.6,227,2026-08-21 23:05:00,PT5M,0.0,0.0,0.0,0.0,0.0
0,0,0,0,26,0.15,67.6,4.5,227,2026-08-21 23:10:00,PT5M,0.0,0.0,0.0,0.0,0.0
0,0,0,0,26,0.15,67.7,4.5,227,2026-08-21 23:15:00,PT5M,0.0,0.0,0.0,0.0,0.0
0,0,0,0,26,0.15,67.9,4.5,227,2026-08-21 23:20:00,PT5M,0.0,0.0,0.0,0.0,0.0
0,0,0,0,26,0.15,68.1,4.5,228,2026-08-21 23:25:00,PT5M,0.0,0.0,0.0,0.0,0.0
0,0,0,0,26,0.15,68.2,4.5,228,2026-08-21 23:30:00,PT5M,0.0,0.0,0.0,0.0,0.0
0,0,0,0,26,0.15,68.3,4.5,228,2026-08-21 23:35:00,PT5M,0.0,0.0,0.0,0.0,0.0
0,0,0,0,26,0.15,68.4,4.4,228,2026-08-21 23:40:00,PT5M,0.0,0.0,0.0,0.0,0.0
0,0,0,0,26,0.15,68.5,4.4,228,2026-08-21 23:45:00,PT5M,0.0,0.0,0.0,0.0,0.0
0,0,0,0,26,0.15,68.6,4.4,228,2026-08-21 23:50:00,PT5M,0.0,0.0,0.0,0.0,0.0
0,0,0,0,26,0.15,68.6,4.4,228,2026-08-21 23:55:00,PT5M,0.0,0.0,0.0,0.0,0.0
0,0,0,0,26,0.15,68.7,4.4,228,2026-08-22 00:00:00,PT5M,0.0,0.0,0.0,0.0,0.0
0,0,0,0,26,0.15,68.8,4.3,228,2026-08-22 00:05:00,PT5M,0.0,0.0,0.0,0.0,0.0
0,0,0,0,26,0.15,68.9,4.3,228,2026-08-22 00:10:00,PT5M,0.0,0.0,0.0,0.0,0.0
0,0,0,0,26,0.15,68.9,4.3,228,2026-08-22 00:15:00,PT5M,0.0,0.0,0.0,0.0,0.0
0,0,0,0,26,0.15,69.0,4.3,229,2026-08-22 00:20:00,PT5M,0.0,0.0,0.0,0.0,0.0
0,0,0,0,26,0.15,69.1,4.3,229,2026-08-22 00:25:00,PT5M,0.0,0.0,0.0,0.0,0.0
0,0,0,0,26,0.15,69.2,4.3,229,2026-08-22 00:30:00,PT5M,0.0,0.0,0.0,0.0,0.0
0,0,0,0,26,0.15,69.3,4.2,229,2026-08-22 00:35:00,PT5M,0.0,0.0,0.0,0.0,0.0
0,0,0,0,26,0.15,69.3,4.2,229,2026-08-22 00:40:00,PT5M,0.0,0.0,0.0,0.0,0.0
0,0,0,0,26,0.15,69.4,4.2,229,2026-08-22 00:45:00,PT5M,0.0,0.0,0.0,0.0,0.0
0,0,0,0,26,0.15,69.5,4.2,229,2026-08-22 00:50:00,PT5M,0.0,0.0,0.0,0.0,0.0
0,0,0,0,26,0.15,69.6,4.2,229,2026-08-22 00:55:00,PT5M,0.0,0.0,0.0,0.0,0.0
0,0,0,0,26,0.15,69.7,4.2,229,2026-08-22 01:00:00,PT5M,0.0,0.0,0.0,0.0,0.0
0,0,0,0,26,0.15,69.7,4.1,229,2026-08-22 01:05:00,PT5M,0.0,0.0,0.0,0.0,0.0
0,0,0,0,26,0.15,69.8,4.1,230,2026-08-22 01:10:00,PT5M,0.0,0.0,0.0,0.0,0.0
0,0,0,0,26,0.15,69.9,4.1,230,2026-08-22 01:15:00,PT5M,0.0,0.0,0.0,0.0,0.0
0,0,0,0,26,0.15,70.0,4.1,230,2026-08-22 01:20:00,PT5M,0.0,0.0,0.0,0.0,0.0
0,0,0,0,26,0.15,70.1,4.1,230,2026-08-22 01:25:00,PT5M,0.0,0.0,0.0,0.0,0.0
0,0,0,0,26,0.15,70.1,4.1,230,2026-08-22 01:30:00,PT5M,0.0,0.0,0.0,0.0,0.0
0,0,0,0,26,0.15,70.2,4.0,230,2026-08-22 01:35:00,PT5M,0.0,0.0,0.0,0.0,0.0
0,0,0,0,26,0.15,70.3,4.0,230,2026-08-22 01:40:00,PT5M,0.0,0.0,0.0,0.0,0.0
0,0,0,0,25,0.15,70.4,4.0,230,2026-08-22 01:45:00,PT5M,0.0,0.0,0.0,0.0,0.0
0,0,0,0,25,0.15,70.5,4.0,230,2026-08-22 01:50:00,PT5M,0.0,0.0,0.0,0.0,0.0
0,0,0,0,25,0.15,70.5,4.0,230,2026-08-22 01:55:00,PT5M,0.0,0.0,0.0,0.0,0.0
0,0,0,0,25,0.15,70.6,4.0,231,2026-08-22 02:00:00,PT5M,0.0,0.0,0.0,0.0,0.0
0,0,0,0,25,0.15,70.7,3.9,231,2026-08-22 02:05:00,PT5M,0.0,0.0,0.0,0.0,0.0
0,0,0,0,25,0.15,70.8,3.9,231,2026-08-22 02:10:00,PT5M,0.0,0.0,0.0,0.0,0.0
0,0,0,0,25,0.15,70.9,3.9,231,2026-08-22 02:15:00,PT5M,0.0,0.0,0.0,0.0,0.0
0,0,0,0,25,0.15,70.9,3.9,231,2026-08-22 02:20:00,PT5M,0.0,0.0,0.0,0.0,0.0
0,0,0,0,25,0.15,71.0,3.9,231,2026-08-22 02:25:00,PT5M,0.0,0.0,0.0,0.0,0.0
0,0,0,0,25,0.15,71.1,3.9,231,2026-08-22 02:30:00,PT5M,0.0,0.0,0.0,0.0,0.0
0,0,0,0,25,0.15,71.2,3.8,231,2026-08-22 02:35:00,PT5M,0.0,0.0,0.0,0.0,0.0
0,0,0,0,25,0.15,71.3,3.8,231,2026-08-22 02:40:00,PT5M,0.0,0.0,0.0,0.0,0.0
0,0,0,0,25,0.15,71.5,3.8,231,2026-08-22 02:45:00,PT5M,0.0,0.0,0.0,0.0,0.0
0,0,0,0,25,0.15,71.6,3.8,231,2026-08-22 02:50:00,PT5M,0.0,0.0,0.0,0.0,0.0
0,0,0,0,25,0.15,71.7,3.8,232,2026-08-22 02:55:00,PT5M,0.0,0.0,0.0,0.0,0.0
0,0,0,0,25,0.15,71.9,3.8,232,2026-08-22 03:00:00,PT5M,0.0,0.0,0.0,0.0,0.0
0,0,0,0,25,0.15,72.0,3.8,232,2026-08-22 03:05:00,PT5M,0.0,0.0,0.0,0.0,0.0
0,0,0,0,25,0.15,72.1,3.8,232,2026-08-22 03:10:00,PT5M,0.0,0.0,0.0,0.0,0.0
0,0,0,0,25,0.15,72.3,3.8,232,2026-08-22 03:15:00,PT5M,0.0,0.0,0.0,0.0,0.0
0,0,0,0,25,0.15,72.4,3.8,232,2026-08-22 03:20:00,PT5M,0.0,0.0,0.0,0.0,0.0
0,0,0,0,25,0.15,72.5,3.8,232,2026-08-22 03:25:00,PT5M,0.0,0.0,0.0,0.0,0.0
0,0,0,0,25,0.15,72.7,3.8,232,2026-08-22 03:30:00,PT5M,0.0,0.0,0.0,0.0,0.0
0,0,0,0,25,0.15,72.8,3.8,232,2026-08-22 03:35:00,PT5M,0.0,0.0,0.0,0.0,0.0
0,0,0,0,25,0.15,72.9,3.8,232,2026-08-22 03:40:00,PT5M,0.0,0.0,0.0,0.0,0.0
0,0,0,0,25,0.15,73.1,3.8,232,2026-08-22 03:45:00,PT5M,0.0,0.0,0.0,0.0,0.0
0,0,0,0,25,0.15,73.2,3.8,232,2026-08-22 03:50:00,PT5M,0.0,0.0,0.0,0.0,0.0
0,0,0,0,25,0.15,73.3,3.7,232,2026-08-22 03:55:00,PT5M,0.0,0.0,0.0,0.0,0.0
0,0,0,0,25,0.15,73.5,3.7,232,2026-08-22 04:00:00,PT5M,0.0,0.0,0.0,0.0,0.0
0,0,0,0,25,0.15,73.6,3.7,232,2026-08-22 04:05:00,PT5M,0.0,0.0,0.0,0.0,0.0
0,0,0,0,25,0.15,73.7,3.7,232,2026-08-22 04:10:00,PT5M,0.0,0.0,0.0,0.0,0.0
0,0,0,0,25,0.15,73.9,3.7,232,2026-08-22 04:15:00,PT5M,0.0,0.0,0.0,0.0,0.0
0,0,0,0,25,0.15,74.0,3.7,232,2026-08-22 04:20:00,PT5M,0.0,0.0,0.0,0.0,0.0
0,0,0,0,25,0.15,74.2,3.7,232,2026-08-22 04:25:00,PT5M,0.0,0.0,0.0,0.0,0.0
0,0,0,0,25,0.15,74.3,3.7,232,2026-08-22 04:30:00,PT5M,0.0,0.0,0.0,0.0,0.0
0,0,0,0,25,0.15,74.4,3.7,232,2026-08-22 04:35:00,PT5M,0.0,0.0,0.0,0.0,0.0
0,0,0,0,25,0.15,74.6,3.7,232,2026-08-22 04:40:00,PT5M,0.0,0.0,0.0,0.0,0.0
0,0,0,0,25,0.15,74.7,3.7,232,2026-08-22 04:45:00,PT5M,0.0,0.0,0.0,0.0,0.0
0,0,0,0,25,0.15,74.8,3.7,232,2026-08-22 04:50:00,PT5M,0.0,0.0,0.0,0.0,0.0
0,0,0,0,25,0.15,75.0,3.7,232,2026-08-22 04:55:00,PT5M,0.0,0.0,0.0,0.0,0.0
0,0,0,0,25,0.15,75.1,3.7,233,2026-08-22 05:00:00,PT5M,0.0,0.0,0.0,0.0,0.0
0,0,0,0,25,0.15,75.3,3.7,233,2026-08-22 05:05:00,PT5M,0.0,0.0,0.0,0.0,0.0
0,0,0,0,25,0.15,75.4,3.7,233,2026-08-22 05:10:00,PT5M,0.0,0.0,0.0,0.0,0.0
0,0,0,0,25,0.15,75.5,3.7,233,2026-08-22 05:15:00,PT5M,0.0,0.0,0.0,0.0,0.0
0,0,0,0,25,0.15,75.7,3.7,233,2026-08-22 05:20:00,PT5M,0.0,0.0,0.0,0.0,0.0
0,0,0,0,24,0.15,75.8,3.6,233,2026-08-22 05:25:00,PT5M,0.0,0.0,0.0,0.0,0.0
0,0,0,0,24,0.15,76.0,3.6,233,2026-08-22 05:30:00,PT5M,0.0,0.0,0.0,0.0,0.0
0,0,0,0,25,0.15,75.6,3.6,233,2026-08-22 05:35:00,PT5M,0.0,0.0,0.0,0.0,0.0
0,0,0,0,25,0.15,74.8,3.7,233,2026-08-22 05:40:00,PT5M,0.0,0.0,0.0,0.0,0.0
0,0,0,0,25,0.15,74.0,3.7,233,2026-08-22 05:45:00,PT5M,0.0,0.0,0.0,0.0,0.0
0,0,0,0,25,0.15,73.1,3.7,233,2026-08-22 05:50:00,PT5M,0.0,0.0,0.0,0.0,0.0
0,0,0,0,25,0.15,72.3,3.7,233,2026-08-22 05:55:00,PT5M,0.0,0.0,0.0,0.0,0.0
0,0,0,0,25,0.15,71.6,3.7,233,2026-08-22 06:00:00,PT5M,0.0,0.0,0.0,0.0,0.0
1,1,0,1,25,0.15,70.8,3.7,233,2026-08-22 06:05:00,PT5M,0.0,0.0,0.0,0.0,0.0
7,8,0,8,26,0.15,70.0,3.7,233,2026-08-22 06:10:00,PT5M,0.345,0.581,0.4692,0.2208,0.109
15,16,0,16,26,0.15,69.2,3.8,233,2026-08-22 06:15:00,PT5M,1.446,2.038,1.7576,1.1344,0.854
24,25,0,25,26,0.15,68.5,3.8,233,2026-08-22 06:20:00,PT5M,2.648,3.7075,3.2056,2.0904,1.5885
33,35,14,34,26,0.15,67.7,3.8,233,2026-08-22 06:25:00,PT5M,4.106,5.9865,5.0957,3.1163,2.2255
41,47,40,42,26,0.15,67.0,3.8,234,2026-08-22 06:30:00,PT5M,6.006,8.7995,7.4762,4.5358,3.2125
50,59,66,50,26,0.15,66.3,3.8,234,2026-08-22 06:35:00,PT5M,8.399,12.2965,10.4503,6.3477,4.5015
60,73,97,58,26,0.15,65.5,3.8,234,2026-08-22 06:40:00,PT5M,11.215,16.377,13.9318,8.4982,6.053
71,88,126,66,27,0.15,64.8,3.8,234,2026-08-22 06:45:00,PT5M,14.331,20.802,17.7367,10.9253,7.86
84,103,156,73,27,0.15,64.1,3.9,234,2026-08-22 06:50:00,PT5M,17.641,25.427,21.7388,13.5432,9.855
96,120,184,80,27,0.15,63.4,3.9,234,2026-08-22 06:55:00,PT5M,21.204,30.3055,25.9942,16.4138,12.1025
110,137,212,87,27,0.15,62.7,3.9,234,2026-08-22 07:00:00,PT5M,24.889,35.3735,30.4071,19.3709,14.4045
124,155,242,93,27,0.15,62.1,3.9,234,2026-08-22 07:05:00,PT5M,28.961,40.9555,35.2738,22.6482,16.9665
139,172,264,99,27,0.15,61.4,3.9,234,2026-08-22 07:10:00,PT5M,32.948,46.6125,40.1397,25.7563,19.2835
154,190,284,105,28,0.15,60.7,3.9,234,2026-08-22 07:15:00,PT5M,37.001,52.399,45.1051,28.8969,21.603
170,208,303,112,28,0.15,60.1,4.0,234,2026-08-22 07:20:00,PT5M,41.13,58.3035,50.1685,32.0915,23.9565
185,226,321,117,28,0.15,59.4,4.0,234,2026-08-22 07:25:00,PT5M,45.293,64.2775,55.2847,35.3013,26.3085
201,244,338,123,28,0.15,58.8,4.0,234,2026-08-22 07:30:00,PT5M,49.496,70.3155,60.4535,38.5385,28.6765
217,262,354,129,28,0.15,58.2,4.0,234,2026-08-22 07:35:00,PT5M,53.684,76.3705,65.6241,41.7439,30.9975
234,280,368,134,28,0.15,57.5,4.0,234,2026-08-22 07:40:00,PT5M,57.883,82.4865,70.832,44.934,33.2795
250,299,382,139,28,0.15,56.9,4.0,234,2026-08-22 07:45:00,PT5M,62.118,88.775,76.1478,48.0882,35.461
266,317,396,144,29,0.15,56.3,4.0,234,2026-08-22 07:50:00,PT5M,65.271,93.169,79.9539,50.5881,37.373
283,335,409,149,29,0.15,55.7,4.1,234,2026-08-22 07:55:00,PT5M,67.521,95.959,82.4881,52.5539,39.083
299,353,421,154,29,0.15,55.1,4.1,234,2026-08-22 08:00:00,PT5M,69.667,98.5955,84.8923,54.4417,40.7385
316,371,433,158,29,0.15,54.5,4.1,235,2026-08-22 08:05:00,PT5M,71.699,100.0,87.1548,56.2432,42.3325
332,389,444,162,29,0.15,53.9,4.1,235,2026-08-22 08:10:00,PT5M,73.609,100.0,89.2643,57.9537,43.8635
348,407,455,166,29,0.15,53.4,4.1,235,2026-08-22 08:15:00,PT5M,75.387,100.0,91.2067,59.5673,45.329
365,425,465,170,29,0.15,52.8,4.1,235,2026-08-22 08:20:00,PT5M,77.021,100.0,92.9663,61.0757,46.7245
381,442,475,174,30,0.15,52.2,4.1,235,2026-08-22 08:25:00,PT5M,78.51,100.0,94.5395,62.4805,48.0535
397,460,484,178,30,0.15,51.7,4.2,235,2026-08-22 08:30:00,PT5M,79.839,100.0,95.8672,63.8108,49.385
413,477,493,181,30,0.15,51.0,4.2,235,2026-08-22 08:35:00,PT5M,81.132,100.0,97.1125,65.1515,50.7685
429,494,503,184,30,0.15,50.3,4.3,234,2026-08-22 08:40:00,PT5M,82.419,100.0,98.3261,66.5119,52.195
445,512,513,187,30,0.15,49.6,4.3,234,2026-08-22 08:45:00,PT5M,83.632,100.0,99.4565,67.8075,53.565
460,529,522,190,30,0.15,48.9,4.4,234,2026-08-22 08:50:00,PT5M,84.779,100.0,100.0,69.0424,54.879
476,545,531,192,31,0.15,48.2,4.5,234,2026-08-22 08:55:00,PT5M,85.865,100.0,100.0,70.2192,56.1375
491,562,540,194,31,0.15,47.5,4.5,233,2026-08-22 09:00:00,PT5M,86.898,100.0,100.0,71.3472,57.351
506,578,547,197,31,0.15,46.8,4.6,233,2026-08-22 09:05:00,PT5M,87.901,100.0,100.0,72.4507,58.545
521,594,555,199,31,0.15,46.1,4.6,233,2026-08-22 09:10:00,PT5M,88.807,100.0,100.0,73.4673,59.661
536,610,563,201,31,0.15,45.5,4.7,233,2026-08-22 09:15:00,PT5M,89.763,100.0,100.0,74.5461,60.8505
551,626,572,203,32,0.15,44.8,4.8,233,2026-08-22 09:20:00,PT5M,90.68,100.0,100.0,75.5868,62.0025
566,642,580,204,32,0.15,44.2,4.8,232,2026-08-22 09:25:00,PT5M,91.56,100.0,100.0,76.5913,63.119
580,658,588,205,32,0.15,43.6,4.9,232,2026-08-22 09:30:00,PT5M,92.404,100.0,100.0,77.5424,64.1665
594,673,596,206,32,0.15,43.0,5.0,232,2026-08-22 09:35:00,PT5M,93.214,100.0,100.0,78.5945,65.4365
608,688,604,207,32,0.15,42.4,5.0,232,2026-08-22 09:40:00,PT5M,93.991,100.0,100.0,79.6423,66.728
621,702,612,208,32,0.15,41.8,5.1,232,2026-08-22 09:45:00,PT5M,94.737,100.0,100.0,80.5475,67.7765
635,716,619,209,33,0.15,41.2,5.2,232,2026-08-22 09:50:00,PT5M,95.447,100.0,100.0,81.5141,68.974
647,730,625,210,33,0.15,40.6,5.2,231,2026-08-22 09:55:00,PT5M,96.072,100.0,100.0,82.3812,70.059
660,743,631,210,33,0.15,40.0,5.3,231,2026-08-22 10:00:00,PT5M,96.671,100.0,100.0,83.2149,71.104
672,756,638,211,33,0.15,39.5,5.4,231,2026-08-22 10:05:00,PT5M,97.258,100.0,100.0,84.0314,72.127
684,769,644,211,33,0.15,38.9,5.4,231,2026-08-22 10:10:00,PT5M,97.83,100.0,100.0,84.825,73.12
695,781,650,211,34,0.15,38.4,5.5,231,2026-08-22 10:15:00,PT5M,98.375,100.0,100.0,85.5839,74.0715
706,793,657,211,34,0.15,37.8,5.6,231,2026-08-22 10:20:00,PT5M,98.892,100.0,100.0,86.3064,74.979
717,804,663,211,34,0.15,37.3,5.6,230,2026-08-22 10:25:00,PT5M,99.383,100.0,100.0,86.9953,75.846
727,816,669,211,34,0.15,36.8,5.7,230,2026-08-22 10:30:00,PT5M,99.848,100.0,100.0,87.6506,76.6725
737,826,675,210,34,0.15,36.2,5.8,230,2026-08-22 10:35:00,PT5M,100.0,100.0,100.0,87.9728,77.148
747,837,681,209,34,0.15,35.7,5.8,230,2026-08-22 10:40:00,PT5M,100.0,100.0,100.0,88.1231,77.4335
756,847,686,209,35,0.15,35.2,5.9,230,2026-08-22 10:45:00,PT5M,100.0,100.0,100.0,88.2665,77.706
765,856,692,208,35,0.15,34.7,6.0,230,2026-08-22 10:50:00,PT5M,100.0,100.0,100.0,88.4026,77.9645
773,865,697,207,35,0.15,34.3,6.0,230,2026-08-22 10:55:00,PT5M,100.0,100.0,100.0,88.5302,78.207
781,874,703,206,35,0.15,33.8,6.1,229,2026-08-22 11:00:00,PT5M,100.0,100.0,100.0,88.6478,78.4305
789,882,708,204,35,0.15,33.3,6.2,229,2026-08-22 11:05:00,PT5M,100.0,100.0,100.0,88.7512,78.627
796,890,714,203,36,0.15,32.9,6.2,229,2026-08-22 11:10:00,PT5M,100.0,100.0,100.0,88.8399,78.7955
803,897,720,201,36,0.15,32.4,6.3,229,2026-08-22 11:15:00,PT5M,100.0,100.0,100.0,88.9354,78.977
809,904,725,199,36,0.15,31.9,6.4,229,2026-08-22 11:20:00,PT5M,100.0,100.0,100.0,89.0297,79.156
815,911,730,197,36,0.15,31.5,6.4,229,2026-08-22 11:25:00,PT5M,100.0,100.0,100.0,89.1089,79.3065
820,916,735,195,36,0.15,31.1,6.5,229,2026-08-22 11:30:00,PT5M,100.0,100.0,100.0,89.176,79.434
822,918,731,198,36,0.15,30.8,6.5,229,2026-08-22 11:35:00,PT5M,100.0,100.0,100.0,89.1457,79.3765
820,914,717,207,36,0.15,30.8,6.6,228,2026-08-22 11:40:00,PT5M,100.0,100.0,100.0,89.0191,79.136
817,911,703,215,36,0.15,30.8,6.6,228,2026-08-22 11:45:00,PT5M,100.0,100.0,100.0,88.8857,78.8825
814,906,689,223,36,0.15,30.7,6.7,228,2026-08-22 11:50:00,PT5M,100.0,100.0,100.0,88.7444,78.614
810,901,675,230,36,0.15,30.7,6.8,228,2026-08-22 11:55:00,PT5M,100.0,100.0,100.0,88.5952,78.3305
806,896,661,238,36,0.15,30.7,6.8,227,2026-08-22 12:00:00,PT5M,100.0,100.0,100.0,88.4378,78.0315
801,890,647,245,36,0.15,30.6,6.9,227,2026-08-22 12:05:00,PT5M,99.504,100.0,100.0,87.8247,77.313
795,883,633,253,36,0.15,30.6,6.9,227,2026-08-22 12:10:00,PT5M,98.777,100.0,100.0,86.9227,76.2535
790,876,619,260,37,0.15,30.6,7.0,227,2026-08-22 12:15:00,PT5M,98.116,100.0,100.0,86.0786,75.2445
783,868,605,267,37,0.15,30.5,7.0,226,2026-08-22 12:20:00,PT5M,97.428,100.0,100.0,85.199,74.1925
777,860,590,274,37,0.15,30.5,7.1,226,2026-08-22 12:25:00,PT5M,96.714,100.0,100.0,84.2853,73.099
769,851,576,280,37,0.15,30.5,7.1,226,2026-08-22 12:30:00,PT5M,95.974,100.0,100.0,83.3382,71.9655
761,842,561,287,37,0.15,30.4,7.2,226,2026-08-22 12:35:00,PT5M,95.151,100.0,100.0,82.2881,70.711
752,831,544,294,37,0.15,30.4,7.2,226,2026-08-22 12:40:00,PT5M,94.245,100.0,100.0,81.136,69.3375
743,820,528,301,37,0.15,30.4,7.3,225,2026-08-22 12:45:00,PT5M,93.394,100.0,100.0,80.0347,68.011
733,809,512,307,37,0.15,30.3,7.3,225,2026-08-22 12:50:00,PT5M,92.443,100.0,100.0,78.8282,66.5745
724,797,496,313,37,0.15,30.3,7.4,225,2026-08-22 12:55:00,PT5M,91.464,100.0,100.0,77.589,65.101
713,785,480,318,37,0.15,30.3,7.4,225,2026-08-22 13:00:00,PT5M,90.451,100.0,100.0,76.3041,63.5715
703,773,465,323,37,0.15,30.2,7.5,225,2026-08-22 13:05:00,PT5M,89.397,100.0,100.0,74.9699,61.985
692,760,449,328,37,0.15,30.2,7.5,224,2026-08-22 13:10:00,PT5M,88.316,100.0,100.0,73.6157,60.385
681,747,433,333,37,0.15,30.2,7.6,224,2026-08-22 13:15:00,PT5M,87.223,100.0,100.0,72.263,58.7985
669,734,418,337,37,0.15,30.1,7.6,224,2026-08-22 13:20:00,PT5M,86.079,100.0,100.0,70.8398,57.124
657,720,403,340,37,0.15,30.1,7.7,224,2026-08-22 13:25:00,PT5M,84.894,100.0,100.0,69.3706,55.399
646,707,388,343,37,0.15,30.1,7.8,224,2026-08-22 13:30:00,PT5M,83.673,100.0,99.4838,67.8622,53.632
633,693,373,346,37,0.15,30.0,7.8,224,2026-08-22 13:35:00,PT5M,82.414,100.0,98.5132,66.3148,51.825
621,679,359,348,37,0.15,30.0,7.9,223,2026-08-22 13:40:00,PT5M,81.121,100.0,97.5086,64.7334,49.984
609,665,345,350,37,0.15,30.0,7.9,223,2026-08-22 13:45:00,PT5M,79.744,100.0,96.4193,63.0687,48.0605
596,650,331,351,37,0.15,30.0,8.0,223,2026-08-22 13:50:00,PT5M,78.386,100.0,95.3478,61.4242,46.158
583,636,317,352,37,0.15,29.9,8.0,223,2026-08-22 13:55:00,PT5M,76.998,100.0,94.2456,59.7504,44.227
570,621,304,352,37,0.15,29.9,8.1,223,2026-08-22 14:00:00,PT5M,75.574,100.0,93.1066,58.0414,42.2615
557,606,291,352,37,0.15,29.9,8.1,223,2026-08-22 14:05:00,PT5M,74.115,100.0,91.9318,56.2982,40.2625
544,591,277,351,37,0.15,29.8,8.2,222,2026-08-22 14:10:00,PT5M,72.619,100.0,90.7192,54.5188,38.228
531,576,265,350,37,0.15,29.8,8.2,222,2026-08-22 14:15:00,PT5M,71.086,100.0,89.4686,52.7034,36.1585
517,561,252,349,37,0.15,29.8,8.3,222,2026-08-22 14:20:00,PT5M,69.513,100.0,88.1785,50.8475,34.048
504,546,240,347,37,0.15,29.7,8.3,222,2026-08-22 14:25:00,PT5M,67.906,100.0,86.8525,48.9595,31.907
491,531,227,344,37,0.15,29.7,8.4,222,2026-08-22 14:30:00,PT5M,66.264,100.0,85.4889,47.0391,29.736
477,516,216,341,37,0.15,29.8,8.4,222,2026-08-22 14:35:00,PT5M,64.68,100.0,84.1315,45.2285,27.7215
465,502,207,338,37,0.15,30.1,8.4,222,2026-08-22 14:40:00,PT5M,63.202,100.0,82.7748,43.6292,26.013
452,488,197,334,37,0.15,30.3,8.3,222,2026-08-22 14:45:00,PT5M,61.689,99.0935,81.3753,42.0027,24.2845
439,474,188,330,37,0.15,30.6,8.3,222,2026-08-22 14:50:00,PT5M,60.141,97.7455,79.9325,40.3495,22.5365
426,460,178,325,36,0.15,30.9,8.2,222,2026-08-22 14:55:00,PT5M,58.558,96.344,78.445,38.671,20.772
414,445,169,320,36,0.15,31.1,8.2,222,2026-08-22 15:00:00,PT5M,56.942,94.8915,76.9151,36.9689,18.9925
401,431,159,316,36,0.15,31.4,8.1,222,2026-08-22 15:05:00,PT5M,55.233,93.255,75.2443,35.2217,17.211
387,416,148,311,36,0.15,31.7,8.1,222,2026-08-22 15:10:00,PT5M,53.425,91.508,73.4684,33.3816,15.342
374,402,138,306,36,0.15,31.9,8.0,222,2026-08-22 15:15:00,PT5M,51.641,89.75,71.698,31.584,13.532
362,387,128,300,36,0.15,32.2,8.0,222,2026-08-22 15:20:00,PT5M,49.833,87.935,69.8864,29.7796,11.731
349,373,118,295,36,0.15,32.5,7.9,222,2026-08-22 15:25:00,PT5M,47.981,86.0455,68.0146,27.9474,9.9165
336,359,108,289,36,0.15,32.8,7.9,223,2026-08-22 15:30:00,PT5M,46.305,84.3175,66.3113,26.2987,8.2925
323,344,98,282,35,0.15,33.1,7.9,223,2026-08-22 15:35:00,PT5M,44.357,82.2935,64.3233,24.3907,6.4205
310,330,89,276,35,0.15,33.3,7.8,223,2026-08-22 15:40:00,PT5M,42.358,80.185,62.2666,22.4494,4.531
298,316,79,269,35,0.15,33.6,7.8,223,2026-08-22 15:45:00,PT5M,40.312,77.9765,60.1351,20.4889,2.6475
285,302,69,262,35,0.15,33.9,7.7,223,2026-08-22 15:50:00,PT5M,38.219,75.661,57.925,18.513,0.777
272,288,59,254,35,0.15,34.2,7.7,223,2026-08-22 15:55:00,PT5M,36.091,73.2275,55.6362,16.5458,0.0
259,273,50,246,35,0.15,34.5,7.6,223,2026-08-22 16:00:00,PT5M,33.956,70.6685,53.2781,14.6339,0.0
247,260,41,238,35,0.15,34.8,7.6,223,2026-08-22 16:05:00,PT5M,31.885,68.137,50.9647,12.8053,0.0
235,246,33,229,35,0.15,35.1,7.5,223,2026-08-22 16:10:00,PT5M,29.885,65.6525,48.7097,11.0603,0.0
223,233,25,220,34,0.15,35.4,7.5,223,2026-08-22 16:15:00,PT5M,28.185,63.392,46.7147,9.6553,0.0
211,220,18,211,34,0.15,35.7,7.4,223,2026-08-22 16:20:00,PT5M,26.129,60.692,44.3198,7.9382,0.0
199,207,10,202,34,0.15,36.1,7.4,224,2026-08-22 16:25:00,PT5M,24.052,57.9065,41.8699,6.2341,0.0
187,194,2,193,34,0.15,36.4,7.4,224,2026-08-22 16:30:00,PT5M,21.958,55.0105,39.3538,4.5622,0.0
175,181,0,181,34,0.15,36.7,7.3,224,2026-08-22 16:35:00,PT5M,20.587,51.922,37.0788,4.0952,0.0
163,168,0,168,34,0.15,37.0,7.3,224,2026-08-22 16:40:00,PT5M,19.371,48.5825,34.7452,3.9968,0.0
150,156,0,156,34,0.15,37.3,7.2,224,2026-08-22 16:45:00,PT5M,18.074,45.2065,32.354,3.794,0.0
139,144,0,144,34,0.15,37.7,7.2,224,2026-08-22 16:50:00,PT5M,16.746,41.8215,29.9434,3.5486,0.0
127,132,0,132,33,0.15,38.0,7.1,224,2026-08-22 16:55:00,PT5M,15.409,38.4475,27.5343,3.2837,0.0
116,120,0,120,33,0.15,38.3,7.1,224,2026-08-22 17:00:00,PT5M,14.055,35.059,25.1096,3.0004,0.0
105,108,0,108,33,0.15,38.7,7.0,224,2026-08-22 17:05:00,PT5M,12.702,31.6885,22.6947,2.7093,0.0
94,97,0,97,33,0.15,39.0,7.0,224,2026-08-22 17:10:00,PT5M,11.37,28.3695,20.317,2.423,0.0
83,86,0,86,33,0.15,39.3,6.9,225,2026-08-22 17:15:00,PT5M,10.064,25.135,17.996,2.132,0.0
73,75,0,75,33,0.15,39.7,6.9,225,2026-08-22 17:20:00,PT5M,8.766,22.002,15.7322,1.7998,0.0
63,65,0,65,33,0.15,40.0,6.9,225,2026-08-22 17:25:00,PT5M,7.515,19.0025,13.561,1.469,0.0
54,55,0,55,33,0.15,40.4,6.8,225,2026-08-22 17:30:00,PT5M,6.251,16.0275,11.3964,1.1056,0.0
45,46,0,46,32,0.15,40.8,6.8,225,2026-08-22 17:35:00,PT5M,5.161,13.268,9.4278,0.8942,0.0
37,38,0,38,32,0.15,41.3,6.7,225,2026-08-22 17:40:00,PT5M,4.183,10.639,7.5808,0.7852,0.0
30,31,0,31,32,0.15,41.7,6.6,225,2026-08-22 17:45:00,PT5M,3.207,8.149,5.808,0.606,0.0
23,24,0,24,32,0.15,42.2,6.6,225,2026-08-22 17:50:00,PT5M,2.335,5.943,4.2339,0.4361,0.0
17,18,0,18,32,0.15,42.7,6.5,225,2026-08-22 17:55:00,PT5M,1.604,4.111,2.9235,0.2845,0.0
12,12,0,12,32,0.15,43.2,6.4,226,2026-08-22 18:00:00,PT5M,0.933,2.39,1.6998,0.1662,0.0
7,8,0,8,32,0.15,43.7,6.4,226,2026-08-22 18:05:00,PT5M,0.319,1.055,0.7064,0.0,0.0
3,4,0,4,31,0.15,44.2,6.3,226,2026-08-22 18:10:00,PT5M,0.0,0.151,0.0795,0.0,0.0
0,0,0,0,31,0.15,44.7,6.3,226,2026-08-22 18:15:00,PT5M,0.0,0.0,0.0,0.0,0.0
0,0,0,0,31,0.15,45.2,6.2,226,2026-08-22 18:20:00,PT5M,0.0,0.0,0.0,0.0,0.0
0,0,0,0,31,0.15,45.7,6.1,226,2026-08-22 18:25:00,PT5M,0.0,0.0,0.0,0.0,0.0
0,0,0,0,31,0.15,46.3,6.1,226,2026-08-22 18:30:00,PT5M,0.0,0.0,0.0,0.0,0.0
0,0,0,0,31,0.15,46.8,6.0,226,2026-08-22 18:35:00,PT5M,0.0,0.0,0.0,0.0,0.0
0,0,0,0,31,0.15,47.3,5.9,227,2026-08-22 18:40:00,PT5M,0.0,0.0,0.0,0.0,0.0
0,0,0,0,30,0.15,47.9,5.9,227,2026-08-22 18:45:00,PT5M,0.0,0.0,0.0,0.0,0.0
0,0,0,0,30,0.15,48.4,5.8,227,2026-08-22 18:50:00,PT5M,0.0,0.0,0.0,0.0,0.0
0,0,0,0,30,0.15,49.0,5.8,227,2026-08-22 18:55:00,PT5M,0.0,0.0,0.0,0.0,0.0
0,0,0,0,30,0.15,49.6,5.7,227,2026-08-22 19:00:00,PT5M,0.0,0.0,0.0,0.0,0.0
0,0,0,0,30,0.15,50.1,5.6,227,2026-08-22 19:05:00,PT5M,0.0,0.0,0.0,0.0,0.0
0,0,0,0,30,0.15,50.7,5.6,227,2026-08-22 19:10:00,PT5M,0.0,0.0,0.0,0.0,0.0
0,0,0,0,30,0.15,51.3,5.5,228,2026-08-22 19:15:00,PT5M,0.0,0.0,0.0,0.0,0.0
0,0,0,0,30,0.15,51.9,5.4,228,2026-08-22 19:20:00,PT5M,0.0,0.0,0.0,0.0,0.0
0,0,0,0,29,0.15,52.5,5.4,228,2026-08-22 19:25:00,PT5M,0.0,0.0,0.0,0.0,0.0
0,0,0,0,29,0.15,53.1,5.3,228,2026-08-22 19:30:00,PT5M,0.0,0.0,0.0,0.0,0.0
0,0,0,0,29,0.15,53.7,5.3,228,2026-08-22 19:35:00,PT5M,0.0,0.0,0.0,0.0,0.0
0,0,0,0,29,0.15,54.3,5.2,228,2026-08-22 19:40:00,PT5M,0.0,0.0,0.0,0.0,0.0
0,0,0,0,29,0.15,55.0,5.1,228,2026-08-22 19:45:00,PT5M,0.0,0.0,0.0,0.0,0.0
0,0,0,0,29,0.15,55.6,5.1,229,2026-08-22 19:50:00,PT5M,0.0,0.0,0.0,0.0,0.0
0,0,0,0,29,0.15,56.2,5.0,229,2026-08-22 19:55:00,PT5M,0.0,0.0,0.0,0.0,0.0
0,0,0,0,28,0.15,56.9,4.9,229,2026-08-22 20:00:00,PT5M,0.0,0.0,0.0,0.0,0.0
0,0,0,0,28,0.15,57.6,4.9,229,2026-08-22 20:05:00,PT5M,0.0,0.0,0.0,0.0,0.0
0,0,0,0,28,0.15,58.2,4.8,229,2026-08-22 20:10:00,PT5M,0.0,0.0,0.0,0.0,0.0
0,0,0,0,28,0.15,58.9,4.8,230,2026-08-22 20:15:00,PT5M,0.0,0.0,0.0,0.0,0.0
0,0,0,0,28,0.15,59.6,4.7,230,2026-08-22 20:20:00,PT5M,0.0,0.0,0.0,0.0,0.0
0,0,0,0,28,0.15,60.3,4.6,230,2026-08-22 20:25:00,PT5M,0.0,0.0,0.0,0.0,0.0
0,0,0,0,28,0.15,61.0,4.6,230,2026-08-22 20:30:00,PT5M,0.0,0.0,0.0,0.0,0.0
0,0,0,0,28,0.15,61.4,4.5,230,2026-08-22 20:35:00,PT5M,0.0,0.0,0.0,0.0,0.0
0,0,0,0,27,0.15,61.5,4.5,230,2026-08-22 20:40:00,PT5M,0.0,0.0,0.0,0.0,0.0
0,0,0,0,27,0.15,61.7,4.5,230,2026-08-22 20:45:00,PT5M,0.0,0.0,0.0,0.0,0.0
0,0,0,0,27,0.15,61.8,4.4,231,2026-08-22 20:50:00,PT5M,0.0,0.0,0.0,0.0,0.0
0,0,0,0,27,0.15,61.9,4.4,231,2026-08-22 20:55:00,PT5M,0.0,0.0,0.0,0.0,0.0
0,0,0,0,27,0.15,62.1,4.4,231,2026-08-22 21:00:00,PT5M,0.0,0.0,0.0,0.0,0.0
0,0,0,0,27,0.15,62.2,4.3,231,2026-08-22 21:05:00,PT5M,0.0,0.0,0.0,0.0,0.0
0,0,0,0,27,0.15,62.3,4.3,231,2026-08-22 21:10:00,PT5M,0.0,0.0,0.0,0.0,0.0
0,0,0,0,27,0.15,62.4,4.2,231,2026-08-22 21:15:00,PT5M,0.0,0.0,0.0,0.0,0.0
0,0,0,0,27,0.15,62.6,4.2,231,2026-08-22 21:20:00,PT5M,0.0,0.0,0.0,0.0,0.0
0,0,0,0,27,0.15,62.7,4.2,231,2026-08-22 21:25:00,PT5M,0.0,0.0,0.0,0.0,0.0
0,0,0,0,27,0.15,62.8,4.1,231,2026-08-22 21:30:00,PT5M,0.0,0.0,0.0,0.0,0.0
0,0,0,0,27,0.15,63.0,4.1,231,2026-08-22 21:35:00,PT5M,0.0,0.0,0.0,0.0,0.0
0,0,0,0,27,0.15,63.1,4.1,231,2026-08-22 21:40:00,PT5M,0.0,0.0,0.0,0.0,0.0
0,0,0,0,27,0.15,63.2,4.0,231,2026-08-22 21:45:00,PT5M,0.0,0.0,0.0,0.0,0.0
0,0,0,0,27,0.15,63.4,4.0,231,2026-08-22 21:50:00,PT5M,0.0,0.0,0.0,0.0,0.0
0,0,0,0,27,0.15,63.5,4.0,231,2026-08-22 21:55:00,PT5M,0.0,0.0,0.0,0.0,0.0
0,0,0,0,27,0.15,63.6,3.9,231,2026-08-22 22:00:00,PT5M,0.0,0.0,0.0,0.0,0.0
0,0,0,0,27,0.15,63.8,3.9,231,2026-08-22 22:05:00,PT5M,0.0,0.0,0.0,0.0,0.0
0,0,0,0,27,0.15,63.9,3.9,231,2026-08-22 22:10:00,PT5M,0.0,0.0,0.0,0.0,0.0
0,0,0,0,27,0.15,64.0,3.8,231,2026-08-22 22:15:00,PT5M,0.0,0.0,0.0,0.0,0.0
0,0,0,0,27,0.15,64.2,3.8,231,2026-08-22 22:20:00,PT5M,0.0,0.0,0.0,0.0,0.0
0,0,0,0,27,0.15,64.3,3.8,231,2026-08-22 22:25:00,PT5M,0.0,0.0,0.0,0.0,0.0
0,0,0,0,27,0.15,64.4,3.7,232,2026-08-22 22:30:00,PT5M,0.0,0.0,0.0,0.0,0.0
0,0,0,0,26,0.15,64.6,3.7,232,2026-08-22 22:35:00,PT5M,0.0,0.0,0.0,0.0,0.0
0,0,0,0,26,0.15,64.7,3.6,232,2026-08-22 22:40:00,PT5M,0.0,0.0,0.0,0.0,0.0
0,0,0,0,26,0.15,64.8,3.6,232,2026-08-22 22:45:00,PT5M,0.0,0.0,0.0,0.0,0.0
0,0,0,0,26,0.15,65.0,3.6,232,2026-08-22 22:50:00,PT5M,0.0,0.0,0.0,0.0,0.0
0,0,0,0,26,0.15,65.1,3.5,232,2026-08-22 22:55:00,PT5M,0.0,0.0,0.0,0.0,0.0
0,0,0,0,26,0.15,65.3,3.5,232,2026-08-22 23:00:00,PT5M,0.0,0.0,0.0,0.0,0.0
0,0,0,0,26,0.15,65.4,3.5,232,2026-08-22 23:05:00,PT5M,0.0,0.0,0.0,0.0,0.0
0,0,0,0,26,0.15,65.5,3.4,232,2026-08-22 23:10:00,PT5M,0.0,0.0,0.0,0.0,0.0
0,0,0,0,26,0.15,65.7,3.4,232,2026-08-22 23:15:00,PT5M,0.0,0.0,0.0,0.0,0.0
0,0,0,0,26,0.15,65.8,3.4,232,2026-08-22 23:20:00,PT5M,0.0,0.0,0.0,0.0,0.0
0,0,0,0,26,0.15,65.9,3.3,232,2026-08-22 23:25:00,PT5M,0.0,0.0,0.0,0.0,0.0
0,0,0,0,26,0.15,66.1,3.3,232,2026-08-22 23:30:00,PT5M,0.0,0.0,0.0,0.0,0.0
0,0,0,0,26,0.15,66.2,3.3,232,2026-08-22 23:35:00,PT5M,0.0,0.0,0.0,0.0,0.0
0,0,0,0,26,0.15,66.3,3.3,232,2026-08-22 23:40:00,PT5M,0.0,0.0,0.0,0.0,0.0
0,0,0,0,26,0.15,66.4,3.3,232,2026-08-22 23:45:00,PT5M,0.0,0.0,0.0,0.0,0.0
0,0,0,0,26,0.15,66.5,3.3,232,2026-08-22 23:50:00,PT5M,0.0,0.0,0.0,0.0,0.0
0,0,0,0,26,0.15,66.6,3.3,231,2026-08-22 23:55:00,PT5M,0.0,0.0,0.0,0.0,0.0
0,0,0,0,26,0.15,66.7,3.3,231,2026-08-23 00:00:00,PT5M,0.0,0.0,0.0,0.0,0.0
0,0,0,0,26,0.15,66.8,3.3,231,2026-08-23 00:05:00,PT5M,0.0,0.0,0.0,0.0,0.0
0,0,0,0,26,0.15,66.9,3.4,231,2026-08-23 00:10:00,PT5M,0.0,0.0,0.0,0.0,0.0
0,0,0,0,26,0.15,67.0,3.4,231,2026-08-23 00:15:00,PT5M,0.0,0.0,0.0,0.0,0.0
0,0,0,0,26,0.15,67.1,3.4,230,2026-08-23 00:20:00,PT5M,0.0,0.0,0.0,0.0,0.0
0,0,0,0,26,0.15,67.2,3.4,230,2026-08-23 00:25:00,PT5M,0.0,0.0,0.0,0.0,0.0
0,0,0,0,26,0.15,67.3,3.4,230,2026-08-23 00:30:00,PT5M,0.0,0.0,0.0,0.0,0.0
0,0,0,0,26,0.15,67.4,3.4,230,2026-08-23 00:35:00,PT5M,0.0,0.0,0.0,0.0,0.0
0,0,0,0,26,0.15,67.5,3.4,229,2026-08-23 00:40:00,PT5M,0.0,0.0,0.0,0.0,0.0
0,0,0,0,26,0.15,67.6,3.4,229,2026-08-23 00:45:00,PT5M,0.0,0.0,0.0,0.0,0.0
0,0,0,0,26,0.15,67.7,3.4,229,2026-08-23 00:50:00,PT5M,0.0,0.0,0.0,0.0,0.0
0,0,0,0,26,0.15,67.8,3.5,229,2026-08-23 00:55:00,PT5M,0.0,0.0,0.0,0.0,0.0
0,0,0,0,26,0.15,67.9,3.5,229,2026-08-23 01:00:00,PT5M,0.0,0.0,0.0,0.0,0.0
0,0,0,0,26,0.15,68.0,3.5,228,2026-08-23 01:05:00,PT5M,0.0,0.0,0.0,0.0,0.0
0,0,0,0,26,0.15,68.1,3.5,228,2026-08-23 01:10:00,PT5M,0.0,0.0,0.0,0.0,0.0
0,0,0,0,25,0.15,68.2,3.5,228,2026-08-23 01:15:00,PT5M,0.0,0.0,0.0,0.0,0.0
0,0,0,0,25,0.15,68.3,3.5,228,2026-08-23 01:20:00,PT5M,0.0,0.0,0.0,0.0,0.0
0,0,0,0,25,0.15,68.4,3.5,228,2026-08-23 01:25:00,PT5M,0.0,0.0,0.0,0.0,0.0
0,0,0,0,25,0.15,68.5,3.5,227,2026-08-23 01:30:00,PT5M,0.0,0.0,0.0,0.0,0.0
0,0,0,0,25,0.15,68.6,3.5,227,2026-08-23 01:35:00,PT5M,0.0,0.0,0.0,0.0,0.0
0,0,0,0,25,0.15,68.7,3.6,227,2026-08-23 01:40:00,PT5M,0.0,0.0,0.0,0.0,0.0
0,0,0,0,25,0.15,68.8,3.6,227,2026-08-23 01:45:00,PT5M,0.0,0.0,0.0,0.0,0.0
0,0,0,0,25,0.15,68.9,3.6,227,2026-08-23 01:50:00,PT5M,0.0,0.0,0.0,0.0,0.0
0,0,0,0,25,0.15,69.0,3.6,226,2026-08-23 01:55:00,PT5M,0.0,0.0,0.0,0.0,0.0
0,0,0,0,25,0.15,69.1,3.6,226,2026-08-23 02:00:00,PT5M,0.0,0.0,0.0,0.0,0.0
0,0,0,0,25,0.15,69.2,3.6,226,2026-08-23 02:05:00,PT5M,0.0,0.0,0.0,0.0,0.0
0,0,0,0,25,0.15,69.3,3.6,226,2026-08-23 02:10:00,PT5M,0.0,0.0,0.0,0.0,0.0
0,0,0,0,25,0.15,69.4,3.6,226,2026-08-23 02:15:00,PT5M,0.0,0.0,0.0,0.0,0.0
0,0,0,0,25,0.15,69.5,3.6,225,2026-08-23 02:20:00,PT5M,0.0,0.0,0.0,0.0,0.0
0,0,0,0,25,0.15,69.7,3.7,225,2026-08-23 02:25:00,PT5M,0.0,0.0,0.0,0.0,0.0
0,0,0,0,25,0.15,69.8,3.7,225,2026-08-23 02:30:00,PT5M,0.0,0.0,0.0,0.0,0.0
0,0,0,0,25,0.15,69.8,3.7,225,2026-08-23 02:35:00,PT5M,0.0,0.0,0.0,0.0,0.0
0,0,0,0,25,0.15,69.9,3.7,225,2026-08-23 02:40:00,PT5M,0.0,0.0,0.0,0.0,0.0
0,0,0,0,25,0.15,70.0,3.6,226,2026-08-23 02:45:00,PT5M,0.0,0.0,0.0,0.0,0.0
0,0,0,0,25,0.15,70.0,3.6,226,2026-08-23 02:50:00,PT5M,0.0,0.0,0.0,0.0,0.0
0,0,0,0,25,0.15,70.1,3.6,226,2026-08-23 02:55:00,PT5M,0.0,0.0,0.0,0.0,0.0
0,0,0,0,25,0.15,70.1,3.6,226,2026-08-23 03:00:00,PT5M,0.0,0.0,0.0,0.0,0.0
0,0,0,0,25,0.15,70.2,3.6,226,2026-08-23 03:05:00,PT5M,0.0,0.0,0.0,0.0,0.0
0,0,0,0,25,0.15,70.3,3.6,227,2026-08-23 03:10:00,PT5M,0.0,0.0,0.0,0.0,0.0
0,0,0,0,25,0.15,70.3,3.6,227,2026-08-23 03:15:00,PT5M,0.0,0.0,0.0,0.0,0.0
0,0,0,0,25,0.15,70.4,3.5,227,2026-08-23 03:20:00,PT5M,0.0,0.0,0.0,0.0,0.0
0,0,0,0,25,0.15,70.4,3.5,227,2026-08-23 03:25:00,PT5M,0.0,0.0,0.0,0.0,0.0
0,0,0,0,25,0.15,70.5,3.5,228,2026-08-23 03:30:00,PT5M,0.0,0.0,0.0,0.0,0.0
0,0,0,0,25,0.15,70.5,3.5,228,2026-08-23 03:35:00,PT5M,0.0,0.0,0.0,0.0,0.0
0,0,0,0,25,0.15,70.6,3.5,228,2026-08-23 03:40:00,PT5M,0.0,0.0,0.0,0.0,0.0
0,0,0,0,25,0.15,70.7,3.5,228,2026-08-23 03:45:00,PT5M,0.0,0.0,0.0,0.0,0.0
0,0,0,0,25,0.15,70.7,3.5,229,2026-08-23 03:50:00,PT5M,0.0,0.0,0.0,0.0,0.0
0,0,0,0,25,0.15,70.8,3.5,229,2026-08-23 03:55:00,PT5M,0.0,0.0,0.0,0.0,0.0
0,0,0,0,25,0.15,70.8,3.4,229,2026-08-23 04:00:00,PT5M,0.0,0.0,0.0,0.0,0.0
0,0,0,0,25,0.15,70.9,3.4,229,2026-08-23 04:05:00,PT5M,0.0,0.0,0.0,0.0,0.0
0,0,0,0,25,0.15,71.0,3.4,229,2026-08-23 04:10:00,PT5M,0.0,0.0,0.0,0.0,0.0
0,0,0,0,25,0.15,71.0,3.4,230,2026-08-23 04:15:00,PT5M,0.0,0.0,0.0,0.0,0.0
0,0,0,0,25,0.15,71.1,3.4,230,2026-08-23 04:20:00,PT5M,0.0,0.0,0.0,0.0,0.0
0,0,0,0,25,0.15,71.1,3.4,230,2026-08-23 04:25:00,PT5M,0.0,0.0,0.0,0.0,0.0
0,0,0,0,25,0.15,71.2,3.4,231,2026-08-23 04:30:00,PT5M,0.0,0.0,0.0,0.0,0.0
0,0,0,0,25,0.15,71.3,3.4,231,2026-08-23 04:35:00,PT5M,0.0,0.0,0.0,0.0,0.0
0,0,0,0,25,0.15,71.3,3.3,231,2026-08-23 04:40:00,PT5M,0.0,0.0,0.0,0.0,0.0
0,0,0,0,25,0.15,71.4,3.3,231,2026-08-23 04:45:00,PT5M,0.0,0.0,0.0,0.0,0.0
0,0,0,0,25,0.15,71.4,3.3,232,2026-08-23 04:50:00,PT5M,0.0,0.0,0.0,0.0,0.0
0,0,0,0,25,0.15,71.5,3.3,232,2026-08-23 04:55:00,PT5M,0.0,0.0,0.0,0.0,0.0
0,0,0,0,25,0.15,71.6,3.3,232,2026-08-23 05:00:00,PT5M,0.0,0.0,0.0,0.0,0.0
0,0,0,0,25,0.15,71.6,3.3,232,2026-08-23 05:05:00,PT5M,0.0,0.0,0.0,0.0,0.0
0,0,0,0,25,0.15,71.7,3.3,233,2026-08-23 05:10:00,PT5M,0.0,0.0,0.0,0.0,0.0
0,0,0,0,25,0.15,71.7,3.3,233,2026-08-23 05:15:00,PT5M,0.0,0.0,0.0,0.0,0.0
0,0,0,0,25,0.15,71.8,3.2,233,2026-08-23 05:20:00,PT5M,0.0,0.0,0.0,0.0,0.0
0,0,0,0,25,0.15,71.9,3.2,233,2026-08-23 05:25:00,PT5M,0.0,0.0,0.0,0.0,0.0
0,0,0,0,25,0.15,71.9,3.2,234,2026-08-23 05:30:00,PT5M,0.0,0.0,0.0,0.0,0.0
0,0,0,0,25,0.15,71.7,3.2,234,2026-08-23 05:35:00,PT5M,0.0,0.0,0.0,0.0,0.0
0,0,0,0,25,0.15,71.1,3.2,234,2026-08-23 05:40:00,PT5M,0.0,0.0,0.0,0.0,0.0
0,0,0,0,25,0.15,70.5,3.2,235,2026-08-23 05:45:00,PT5M,0.0,0.0,0.0,0.0,0.0
0,0,0,0,25,0.15,69.9,3.2,235,2026-08-23 05:50:00,PT5M,0.0,0.0,0.0,0.0,0.0
0,0,0,0,25,0.15,69.4,3.2,236,2026-08-23 05:55:00,PT5M,0.0,0.0,0.0,0.0,0.0
0,0,0,0,25,0.15,68.8,3.3,236,2026-08-23 06:00:00,PT5M,0.0,0.0,0.0,0.0,0.0
1,1,0,1,26,0.15,68.2,3.3,236,2026-08-23 06:05:00,PT5M,0.0,0.0,0.0,0.0,0.0
4,4,0,4,26,0.15,67.7,3.3,237,2026-08-23 06:10:00,PT5M,0.0,0.1905,0.1003,0.0,0.0
8,8,0,8,26,0.15,67.1,3.3,237,2026-08-23 06:15:00,PT5M,0.427,1.191,0.8291,0.0249,0.0
13,14,0,14,26,0.15,66.6,3.3,237,2026-08-23 06:20:00,PT5M,1.099,2.519,1.8464,0.3516,0.0
19,19,0,19,26,0.15,66.1,3.3,238,2026-08-23 06:25:00,PT5M,1.846,4.1555,3.0615,0.6305,0.0
25,26,0,26,26,0.15,65.5,3.3,238,2026-08-23 06:30:00,PT5M,2.683,6.0415,4.4506,0.9154,0.0
33,34,0,34,26,0.15,65.0,3.3,238,2026-08-23 06:35:00,PT5M,3.693,8.3505,6.1443,1.2417,0.0
41,42,0,42,26,0.15,64.5,3.3,239,2026-08-23 06:40:00,PT5M,4.781,10.9015,8.0023,1.5597,0.0
50,52,0,52,27,0.15,63.9,3.3,239,2026-08-23 06:45:00,PT5M,5.899,13.598,9.951,1.847,0.0
59,62,0,62,27,0.15,63.4,3.3,239,2026-08-23 06:50:00,PT5M,7.156,16.529,12.0891,2.2229,0.0
70,72,0,72,27,0.15,62.9,3.3,240,2026-08-23 06:55:00,PT5M,8.567,19.7255,14.4398,2.6942,0.0
81,84,0,84,27,0.15,62.4,3.3,240,2026-08-23 07:00:00,PT5M,9.939,22.9295,16.776,3.102,0.0
92,96,0,96,27,0.15,61.9,3.3,241,2026-08-23 07:05:00,PT5M,11.41,26.397,19.2978,3.5222,0.0
104,108,0,108,27,0.15,61.4,3.3,241,2026-08-23 07:10:00,PT5M,12.893,29.7795,21.7805,4.0055,0.0
116,120,0,120,27,0.15,60.9,3.4,241,2026-08-23 07:15:00,PT5M,14.417,33.2295,24.3182,4.5158,0.0
129,133,0,133,27,0.15,60.4,3.4,242,2026-08-23 07:20:00,PT5M,15.972,36.7345,26.8995,5.0445,0.0
142,147,3,146,27,0.15,59.9,3.4,242,2026-08-23 07:25:00,PT5M,17.727,40.451,29.6868,5.7672,0.0
154,161,15,155,28,0.15,59.5,3.4,242,2026-08-23 07:30:00,PT5M,20.116,44.8025,33.1087,7.1233,0.0
166,175,28,165,28,0.15,59.0,3.4,243,2026-08-23 07:35:00,PT5M,22.628,51.5865,37.8691,7.3869,0.0
179,190,40,174,28,0.15,58.5,3.4,243,2026-08-23 07:40:00,PT5M,25.02,56.0745,41.3642,8.6758,0.0
192,204,53,182,28,0.15,58.0,3.4,243,2026-08-23 07:45:00,PT5M,27.671,60.8725,45.1452,10.1968,0.0
206,220,66,191,28,0.15,57.6,3.4,244,2026-08-23 07:50:00,PT5M,30.382,64.873,48.5349,12.2291,0.0
220,235,80,199,28,0.15,57.1,3.4,244,2026-08-23 07:55:00,PT5M,33.164,68.2555,51.6329,14.6951,0.0
234,251,93,207,28,0.15,56.7,3.4,244,2026-08-23 08:00:00,PT5M,35.941,71.5685,54.692,17.19,0.3135
248,268,108,215,28,0.15,56.2,3.4,245,2026-08-23 08:05:00,PT5M,38.728,74.8345,57.7311,19.7249,2.6215
263,285,123,222,28,0.15,55.8,3.5,245,2026-08-23 08:10:00,PT5M,41.298,77.819,60.5193,22.0767,4.777
278,302,138,229,29,0.15,55.3,3.5,245,2026-08-23 08:15:00,PT5M,44.058,80.9065,63.4516,24.6644,7.2095
293,319,153,235,29,0.15,54.9,3.5,246,2026-08-23 08:20:00,PT5M,46.777,83.878,66.3035,27.2505,9.676
308,336,169,241,29,0.15,54.4,3.5,246,2026-08-23 08:25:00,PT5M,49.446,86.703,69.0546,29.8374,12.189
324,354,185,246,29,0.15,54.0,3.5,246,2026-08-23 08:30:00,PT5M,52.087,89.3815,71.7154,32.4586,14.7925
338,370,196,252,29,0.15,53.4,3.5,246,2026-08-23 08:35:00,PT5M,54.11,91.4625,73.7689,34.4511,16.7575
350,383,202,259,29,0.15,52.5,3.5,246,2026-08-23 08:40:00,PT5M,55.518,92.971,75.2298,35.8062,18.065
363,396,207,265,29,0.15,51.6,3.5,246,2026-08-23 08:45:00,PT5M,56.87,94.3915,76.6178,37.1222,19.3485
375,409,213,271,30,0.15,50.8,3.4,246,2026-08-23 08:50:00,PT5M,58.167,95.7335,77.9385,38.3955,20.6005
387,422,218,277,30,0.15,50.0,3.4,246,2026-08-23 08:55:00,PT5M,59.41,97.002,79.1949,39.6251,21.818
399,435,223,283,30,0.15,49.2,3.4,246,2026-08-23 09:00:00,PT5M,60.575,98.2275,80.3918,40.7582,22.9225
410,448,228,288,30,0.15,48.4,3.4,246,2026-08-23 09:05:00,PT5M,61.736,99.374,81.5451,41.9269,24.098
422,460,233,294,30,0.15,47.6,3.4,246,2026-08-23 09:10:00,PT5M,62.894,100.0,82.685,43.103,25.2905
434,473,239,299,31,0.15,46.9,3.4,246,2026-08-23 09:15:00,PT5M,64.074,100.0,83.8355,44.3125,26.5265
445,485,245,304,31,0.15,46.1,3.4,246,2026-08-23 09:20:00,PT5M,65.215,100.0,84.8849,45.5451,27.8415
457,498,250,309,31,0.15,45.4,3.3,246,2026-08-23 09:25:00,PT5M,66.319,100.0,85.806,46.832,29.293
468,510,256,313,31,0.15,44.6,3.3,246,2026-08-23 09:30:00,PT5M,67.385,100.0,86.6918,48.0782,30.7015
479,521,260,318,31,0.15,43.9,3.3,246,2026-08-23 09:35:00,PT5M,68.351,100.0,87.4883,49.2137,31.9895
489,532,264,322,32,0.15,43.2,3.3,246,2026-08-23 09:40:00,PT5M,69.219,100.0,88.1987,50.2393,33.157
499,543,268,326,32,0.15,42.5,3.3,246,2026-08-23 09:45:00,PT5M,70.054,100.0,88.8797,51.2283,34.2845
509,553,271,331,32,0.15,41.9,3.3,246,2026-08-23 09:50:00,PT5M,70.848,100.0,89.5243,52.1717,35.3625
518,563,274,335,32,0.15,41.2,3.2,246,2026-08-23 09:55:00,PT5M,71.571,100.0,90.1049,53.0371,36.356
527,573,277,339,32,0.15,40.5,3.2,246,2026-08-23 10:00:00,PT5M,72.265,100.0,90.6608,53.8692,37.3125
536,582,279,343,33,0.15,39.9,3.2,246,2026-08-23 10:05:00,PT5M,72.918,100.0,91.1811,54.6549,38.2175
544,591,281,347,33,0.15,39.2,3.2,246,2026-08-23 10:10:00,PT5M,73.53,100.0,91.6673,55.3927,39.0685
552,599,283,351,33,0.15,38.6,3.2,246,2026-08-23 10:15:00,PT5M,74.112,100.0,92.1285,56.0955,39.88
560,607,285,354,33,0.15,38.0,3.2,246,2026-08-23 10:20:00,PT5M,74.665,100.0,92.5652,56.7648,40.654
567,615,287,358,33,0.15,37.4,3.2,246,2026-08-23 10:25:00,PT5M,75.19,100.0,92.9787,57.4013,41.391
574,623,289,361,34,0.15,36.8,3.1,246,2026-08-23 10:30:00,PT5M,75.687,100.0,93.3686,58.0054,42.0915
581,630,291,364,34,0.15,36.2,3.1,246,2026-08-23 10:35:00,PT5M,76.162,100.0,93.7301,58.5939,42.782
588,637,292,367,34,0.15,35.7,3.1,246,2026-08-23 10:40:00,PT5M,76.611,100.0,94.0591,59.1629,43.459
594,643,294,370,34,0.15,35.1,3.1,246,2026-08-23 10:45:00,PT5M,77.034,100.0,94.3658,59.7022,44.103
600,650,296,372,34,0.15,34.5,3.1,246,2026-08-23 10:50:00,PT5M,77.43,100.0,94.6492,60.2108,44.713
605,656,297,375,35,0.15,34.0,3.1,246,2026-08-23 10:55:00,PT5M,77.795,100.0,94.9066,60.6834,45.2825
611,661,299,377,35,0.15,33.5,3.1,246,2026-08-23 11:00:00,PT5M,78.128,100.0,95.1385,61.1175,45.8075
616,666,300,379,35,0.15,32.9,3.0,246,2026-08-23 11:05:00,PT5M,78.414,100.0,95.3361,61.4919,46.2615
620,671,301,381,35,0.15,32.4,3.0,246,2026-08-23 11:10:00,PT5M,78.659,100.0,95.5037,61.8143,46.6535
625,676,302,383,35,0.15,31.9,3.0,246,2026-08-23 11:15:00,PT5M,78.908,100.0,95.6664,62.1496,47.0665
628,680,303,385,36,0.15,31.4,3.0,246,2026-08-23 11:20:00,PT5M,79.143,100.0,95.814,62.472,47.4675
632,684,304,386,36,0.15,30.9,3.0,246,2026-08-23 11:25:00,PT5M,79.334,100.0,95.9298,62.7382,47.8015
635,687,305,387,36,0.15,30.4,3.0,246,2026-08-23 11:30:00,PT5M,79.492,100.0,96.0212,62.9628,48.086
637,689,305,389,36,0.15,30.2,3.0,245,2026-08-23 11:35:00,PT5M,79.582,100.0,96.0823,63.0817,48.231
639,691,305,390,36,0.15,30.2,3.0,244,2026-08-23 11:40:00,PT5M,79.605,100.0,96.1139,63.0961,48.2375
640,692,304,391,36,0.15,30.1,3.1,243,2026-08-23 11:45:00,PT5M,79.602,100.0,96.1251,63.0789,48.2075
641,693,303,392,36,0.15,30.1,3.1,242,2026-08-23 11:50:00,PT5M,79.57,100.0,96.1131,63.0269,48.1375
641,693,301,393,36,0.15,30.1,3.2,241,2026-08-23 11:55:00,PT5M,79.509,100.0,96.0782,62.9398,48.027
641,693,300,394,36,0.15,30.1,3.3,240,2026-08-23 12:00:00,PT5M,79.418,100.0,96.0196,62.8164,47.8745
641,692,299,395,36,0.15,30.1,3.3,239,2026-08-23 12:05:00,PT5M,79.299,100.0,95.9385,62.6595,47.6835
640,691,298,395,36,0.15,30.0,3.4,238,2026-08-23 12:10:00,PT5M,79.166,100.0,95.8494,62.4826,47.467
639,690,296,395,36,0.15,30.0,3.4,237,2026-08-23 12:15:00,PT5M,79.064,100.0,95.7977,62.3303,47.2695
638,688,295,395,36,0.15,30.0,3.5,236,2026-08-23 12:20:00,PT5M,78.93,100.0,95.72,62.14,47.0285
636,686,293,395,36,0.15,30.0,3.6,235,2026-08-23 12:25:00,PT5M,78.763,100.0,95.6154,61.9106,46.743
633,684,292,394,36,0.15,30.0,3.6,234,2026-08-23 12:30:00,PT5M,78.565,100.0,95.4855,61.6445,46.4155
