gti,ghi,dni,dhi,air_temp,albedo,relative_humidity,wind_speed_10m,wind_direction_10m,period_end,period,power,power_p10,power_p25,power_p75,power_p90
444,443,161,334,32,0.14,56.7,7.3,222,2026-09-25 15:05:00,PT5M,58.381,80.8585,70.2111,46.5509,35.9035
431,431,158,326,32,0.14,56.7,7.3,222,2026-09-25 15:10:00,PT5M,57.183,82.3635,70.4357,43.9303,32.0025
411,411,135,324,32,0.14,56.6,7.3,222,2026-09-25 15:15:00,PT5M,53.99,70.6675,62.7675,45.2125,37.3125
413,413,173,304,32,0.14,56.6,7.3,222,2026-09-25 15:20:00,PT5M,56.657,74.7055,66.1561,47.1579,38.6085
393,393,149,301,32,0.14,56.6,7.4,222,2026-09-25 15:25:00,PT5M,53.32,74.254,64.3377,42.3023,32.386
359,360,87,308,32,0.14,56.5,7.4,223,2026-09-25 15:30:00,PT5M,46.187,73.188,60.3978,31.9762,19.186
340,341,66,302,32,0.14,56.8,7.3,223,2026-09-25 15:35:00,PT5M,42.747,65.6095,54.7797,30.7143,19.8845
322,322,46,296,32,0.14,57.4,7.3,223,2026-09-25 15:40:00,PT5M,39.298,54.6685,47.3876,31.2084,23.9275
303,304,26,290,31,0.14,58.0,7.2,223,2026-09-25 15:45:00,PT5M,36.287,48.5645,42.7487,29.8253,24.0095
291,291,22,279,31,0.14,58.6,7.2,223,2026-09-25 15:50:00,PT5M,34.679,50.1795,42.837,26.521,19.1785
278,279,19,269,31,0.14,59.2,7.1,223,2026-09-25 15:55:00,PT5M,33.024,53.405,43.7507,22.2973,12.643
270,271,31,256,31,0.14,59.8,7.1,223,2026-09-25 16:00:00,PT5M,33.193,56.7505,45.5915,20.7945,9.6355
257,258,27,245,31,0.14,60.4,7.0,224,2026-09-25 16:05:00,PT5M,31.421,56.5335,44.6379,18.2041,6.3085
231,231,0,231,31,0.14,61.0,7.0,224,2026-09-25 16:10:00,PT5M,26.159,52.7915,40.1759,12.1421,0.0
218,219,0,219,31,0.14,61.6,6.9,224,2026-09-25 16:15:00,PT5M,24.738,48.725,37.3625,12.1135,0.751
206,206,0,206,30,0.14,62.2,6.9,224,2026-09-25 16:20:00,PT5M,23.782,46.684,35.8355,11.7285,0.88
182,183,0,183,30,0.14,62.9,6.8,224,2026-09-25 16:25:00,PT5M,21.341,38.369,30.303,12.379,4.313
164,165,0,165,30,0.14,63.5,6.7,224,2026-09-25 16:30:00,PT5M,19.343,33.6445,26.87,11.816,5.0415
147,147,0,147,30,0.14,64.0,6.7,225,2026-09-25 16:35:00,PT5M,17.392,31.499,24.8166,9.9674,3.285
133,133,0,133,30,0.14,64.3,6.7,225,2026-09-25 16:40:00,PT5M,15.843,30.241,23.4208,8.2652,1.445
117,118,0,118,30,0.14,64.7,6.6,225,2026-09-25 16:45:00,PT5M,13.983,22.99,18.7234,9.2426,4.976
103,103,0,103,30,0.14,65.0,6.6,225,2026-09-25 16:50:00,PT5M,12.216,21.099,16.8912,7.5408,3.333
93,93,0,93,30,0.14,65.4,6.6,226,2026-09-25 16:55:00,PT5M,11.022,17.8955,14.6396,7.4044,4.1485
85,85,0,85,30,0.14,65.7,6.5,226,2026-09-25 17:00:00,PT5M,10.044,14.9805,12.6421,7.4459,5.1075
76,77,0,77,29,0.14,66.1,6.5,226,2026-09-25 17:05:00,PT5M,9.03,14.53,11.9247,6.1353,3.53
68,68,0,68,29,0.14,66.4,6.5,227,2026-09-25 17:10:00,PT5M,7.926,12.3675,10.2636,5.5884,3.4845
61,61,0,61,29,0.14,66.8,6.4,227,2026-09-25 17:15:00,PT5M,7.057,10.717,8.9833,5.1307,3.397
53,53,0,53,29,0.14,67.1,6.4,227,2026-09-25 17:20:00,PT5M,6.093,9.146,7.6998,4.4862,3.04
44,45,0,45,29,0.14,67.5,6.4,228,2026-09-25 17:25:00,PT5M,5.076,7.8115,6.5157,3.6363,2.3405
37,37,0,37,29,0.14,67.8,6.3,228,2026-09-25 17:30:00,PT5M,4.036,6.247,5.1997,2.8723,1.825
29,29,0,29,29,0.14,68.2,6.3,228,2026-09-25 17:35:00,PT5M,3.062,4.636,3.8904,2.2336,1.488
20,20,0,20,29,0.14,68.5,6.3,228,2026-09-25 17:40:00,PT5M,1.978,3.075,2.5554,1.4006,0.881
13,13,0,13,29,0.14,68.8,6.3,228,2026-09-25 17:45:00,PT5M,1.081,1.892,1.5078,0.6542,0.27
7,7,0,7,29,0.14,69.1,6.3,228,2026-09-25 17:50:00,PT5M,0.276,0.6585,0.4773,0.0747,0.0
2,2,0,2,28,0.14,69.5,6.3,228,2026-09-25 17:55:00,PT5M,0.0,0.0,0.0,0.0,0.0
0,0,0,0,28,0.14,69.8,6.2,228,2026-09-25 18:00:00,PT5M,0.0,0.0,0.0,0.0,0.0
0,0,0,0,28,0.14,70.1,6.2,228,2026-09-25 18:05:00,PT5M,0.0,0.0,0.0,0.0,0.0
0,0,0,0,28,0.14,70.5,6.2,228,2026-09-25 18:10:00,PT5M,0.0,0.0,0.0,0.0,0.0
0,0,0,0,28,0.14,70.8,6.2,228,2026-09-25 18:15:00,PT5M,0.0,0.0,0.0,0.0,0.0
0,0,0,0,28,0.14,71.2,6.2,228,2026-09-25 18:20:00,PT5M,0.0,0.0,0.0,0.0,0.0
0,0,0,0,28,0.14,71.5,6.2,228,2026-09-25 18:25:00,PT5M,0.0,0.0,0.0,0.0,0.0
0,0,0,0,28,0.14,71.9,6.2,228,2026-09-25 18:30:00,PT5M,0.0,0.0,0.0,0.0,0.0
0,0,0,0,28,0.14,72.1,6.2,228,2026-09-25 18:35:00,PT5M,0.0,0.0,0.0,0.0,0.0
0,0,0,0,28,0.14,72.3,6.2,228,2026-09-25 18:40:00,PT5M,0.0,0.0,0.0,0.0,0.0
0,0,0,0,28,0.14,72.6,6.1,228,2026-09-25 18:45:00,PT5M,0.0,0.0,0.0,0.0,0.0
0,0,0,0,28,0.14,72.8,6.1,228,2026-09-25 18:50:00,PT5M,0.0,0.0,0.0,0.0,0.0
0,0,0,0,28,0.14,73.0,6.1,228,2026-09-25 18:55:00,PT5M,0.0,0.0,0.0,0.0,0.0
0,0,0,0,28,0.14,73.2,6.1,227,2026-09-25 19:00:00,PT5M,0.0,0.0,0.0,0.0,0.0
0,0,0,0,27,0.14,73.4,6.1,227,2026-09-25 19:05:00,PT5M,0.0,0.0,0.0,0.0,0.0
0,0,0,0,27,0.14,73.6,6.1,227,2026-09-25 19:10:00,PT5M,0.0,0.0,0.0,0.0,0.0
0,0,0,0,27,0.14,73.9,6.1,227,2026-09-25 19:15:00,PT5M,0.0,0.0,0.0,0.0,0.0
0,0,0,0,27,0.14,74.1,6.1,227,2026-09-25 19:20:00,PT5M,0.0,0.0,0.0,0.0,0.0
0,0,0,0,27,0.14,74.3,6.1,227,2026-09-25 19:25:00,PT5M,0.0,0.0,0.0,0.0,0.0
0,0,0,0,27,0.14,74.5,6.1,226,2026-09-25 19:30:00,PT5M,0.0,0.0,0.0,0.0,0.0
0,0,0,0,27,0.14,74.7,6.1,226,2026-09-25 19:35:00,PT5M,0.0,0.0,0.0,0.0,0.0
0,0,0,0,27,0.14,75.0,6.1,226,2026-09-25 19:40:00,PT5M,0.0,0.0,0.0,0.0,0.0
0,0,0,0,27,0.14,75.2,6.1,226,2026-09-25 19:45:00,PT5M,0.0,0.0,0.0,0.0,0.0
0,0,0,0,27,0.14,75.4,6.1,226,2026-09-25 19:50:00,PT5M,0.0,0.0,0.0,0.0,0.0
0,0,0,0,27,0.14,75.6,6.1,226,2026-09-25 19:55:00,PT5M,0.0,0.0,0.0,0.0,0.0
0,0,0,0,27,0.14,75.8,6.1,226,2026-09-25 20:00:00,PT5M,0.0,0.0,0.0,0.0,0.0
0,0,0,0,27,0.14,76.1,6.1,226,2026-09-25 20:05:00,PT5M,0.0,0.0,0.0,0.0,0.0
0,0,0,0,27,0.14,76.3,6.1,225,2026-09-25 20:10:00,PT5M,0.0,0.0,0.0,0.0,0.0
0,0,0,0,27,0.14,76.5,6.1,225,2026-09-25 20:15:00,PT5M,0.0,0.0,0.0,0.0,0.0
0,0,0,0,27,0.14,76.7,6.1,225,2026-09-25 20:20:00,PT5M,0.0,0.0,0.0,0.0,0.0
0,0,0,0,27,0.14,77.0,6.1,225,2026-09-25 20:25:00,PT5M,0.0,0.0,0.0,0.0,0.0
0,0,0,0,27,0.14,77.2,6.1,225,2026-09-25 20:30:00,PT5M,0.0,0.0,0.0,0.0,0.0
0,0,0,0,27,0.14,77.3,6.1,225,2026-09-25 20:35:00,PT5M,0.0,0.0,0.0,0.0,0.0
0,0,0,0,27,0.14,77.4,6.1,225,2026-09-25 20:40:00,PT5M,0.0,0.0,0.0,0.0,0.0
0,0,0,0,27,0.14,77.5,6.0,225,2026-09-25 20:45:00,PT5M,0.0,0.0,0.0,0.0,0.0
0,0,0,0,27,0.14,77.6,6.0,225,2026-09-25 20:50:00,PT5M,0.0,0.0,0.0,0.0,0.0
0,0,0,0,27,0.14,77.6,6.0,225,2026-09-25 20:55:00,PT5M,0.0,0.0,0.0,0.0,0.0
0,0,0,0,27,0.14,77.7,6.0,225,2026-09-25 21:00:00,PT5M,0.0,0.0,0.0,0.0,0.0
0,0,0,0,26,0.14,77.8,6.0,225,2026-09-25 21:05:00,PT5M,0.0,0.0,0.0,0.0,0.0
0,0,0,0,26,0.14,77.9,5.9,225,2026-09-25 21:10:00,PT5M,0.0,0.0,0.0,0.0,0.0
0,0,0,0,26,0.14,77.9,5.9,225,2026-09-25 21:15:00,PT5M,0.0,0.0,0.0,0.0,0.0
0,0,0,0,26,0.14,78.0,5.9,224,2026-09-25 21:20:00,PT5M,0.0,0.0,0.0,0.0,0.0
0,0,0,0,26,0.14,78.1,5.9,224,2026-09-25 21:25:00,PT5M,0.0,0.0,0.0,0.0,0.0
0,0,0,0,26,0.14,78.2,5.9,224,2026-09-25 21:30:00,PT5M,0.0,0.0,0.0,0.0,0.0
0,0,0,0,26,0.14,78.3,5.9,224,2026-09-25 21:35:00,PT5M,0.0,0.0,0.0,0.0,0.0
0,0,0,0,26,0.14,78.4,5.9,224,2026-09-25 21:40:00,PT5M,0.0,0.0,0.0,0.0,0.0
0,0,0,0,26,0.14,78.6,5.9,224,2026-09-25 21:45:00,PT5M,0.0,0.0,0.0,0.0,0.0
0,0,0,0,26,0.14,78.7,5.9,224,2026-09-25 21:50:00,PT5M,0.0,0.0,0.0,0.0,0.0
0,0,0,0,26,0.14,78.9,5.9,223,2026-09-25 21:55:00,PT5M,0.0,0.0,0.0,0.0,0.0
0,0,0,0,26,0.14,79.1,5.9,223,2026-09-25 22:00:00,PT5M,0.0,0.0,0.0,0.0,0.0
0,0,0,0,26,0.14,79.2,5.9,223,2026-09-25 22:05:00,PT5M,0.0,0.0,0.0,0.0,0.0
0,0,0,0,26,0.14,79.4,6.0,223,2026-09-25 22:10:00,PT5M,0.0,0.0,0.0,0.0,0.0
0,0,0,0,26,0.14,79.5,6.0,222,2026-09-25 22:15:00,PT5M,0.0,0.0,0.0,0.0,0.0
0,0,0,0,26,0.14,79.7,6.0,222,2026-09-25 22:20:00,PT5M,0.0,0.0,0.0,0.0,0.0
0,0,0,0,26,0.14,79.9,6.0,222,2026-09-25 22:25:00,PT5M,0.0,0.0,0.0,0.0,0.0
0,0,0,0,26,0.14,80.0,6.0,222,2026-09-25 22:30:00,PT5M,0.0,0.0,0.0,0.0,0.0
0,0,0,0,26,0.14,80.2,6.0,222,2026-09-25 22:35:00,PT5M,0.0,0.0,0.0,0.0,0.0
0,0,0,0,26,0.14,80.4,6.0,222,2026-09-25 22:40:00,PT5M,0.0,0.0,0.0,0.0,0.0
0,0,0,0,26,0.14,80.6,5.9,222,2026-09-25 22:45:00,PT5M,0.0,0.0,0.0,0.0,0.0
0,0,0,0,26,0.14,80.8,5.9,222,2026-09-25 22:50:00,PT5M,0.0,0.0,0.0,0.0,0.0
0,0,0,0,26,0.14,81.0,5.9,222,2026-09-25 22:55:00,PT5M,0.0,0.0,0.0,0.0,0.0
0,0,0,0,26,0.14,81.2,5.8,222,2026-09-25 23:00:00,PT5M,0.0,0.0,0.0,0.0,0.0
0,0,0,0,26,0.14,81.4,5.8,222,2026-09-25 23:05:00,PT5M,0.0,0.0,0.0,0.0,0.0
0,0,0,0,26,0.14,81.6,5.8,222,2026-09-25 23:10:00,PT5M,0.0,0.0,0.0,0.0,0.0
0,0,0,0,26,0.14,81.8,5.7,222,2026-09-25 23:15:00,PT5M,0.0,0.0,0.0,0.0,0.0
0,0,0,0,26,0.14,82.0,5.7,223,2026-09-25 23:20:00,PT5M,0.0,0.0,0.0,0.0,0.0
0,0,0,0,26,0.14,82.2,5.6,223,2026-09-25 23:25:00,PT5M,0.0,0.0,0.0,0.0,0.0
0,0,0,0,26,0.14,82.4,5.6,223,2026-09-25 23:30:00,PT5M,0.0,0.0,0.0,0.0,0.0
0,0,0,0,26,0.14,82.6,5.6,223,2026-09-25 23:35:00,PT5M,0.0,0.0,0.0,0.0,0.0
0,0,0,0,26,0.14,82.6,5.6,223,2026-09-25 23:40:00,PT5M,0.0,0.0,0.0,0.0,0.0
0,0,0,0,26,0.14,82.7,5.5,223,2026-09-25 23:45:00,PT5M,0.0,0.0,0.0,0.0,0.0
0,0,0,0,26,0.14,82.8,5.5,223,2026-09-25 23:50:00,PT5M,0.0,0.0,0.0,0.0,0.0
0,0,0,0,26,0.14,82.9,5.5,223,2026-09-25 23:55:00,PT5M,0.0,0.0,0.0,0.0,0.0
0,0,0,0,26,0.14,83.0,5.5,223,2026-09-26 00:00:00,PT5M,0.0,0.0,0.0,0.0,0.0
0,0,0,0,26,0.14,83.1,5.4,224,2026-09-26 00:05:00,PT5M,0.0,0.0,0.0,0.0,0.0
0,0,0,0,26,0.14,83.1,5.4,224,2026-09-26 00:10:00,PT5M,0.0,0.0,0.0,0.0,0.0
0,0,0,0,26,0.14,83.2,5.4,224,2026-09-26 00:15:00,PT5M,0.0,0.0,0.0,0.0,0.0
0,0,0,0,26,0.14,83.3,5.4,224,2026-09-26 00:20:00,PT5M,0.0,0.0,0.0,0.0,0.0
0,0,0,0,26,0.14,83.4,5.3,224,2026-09-26 00:25:00,PT5M,0.0,0.0,0.0,0.0,0.0
0,0,0,0,26,0.14,83.5,5.3,224,2026-09-26 00:30:00,PT5M,0.0,0.0,0.0,0.0,0.0
0,0,0,0,26,0.14,83.6,5.3,224,2026-09-26 00:35:00,PT5M,0.0,0.0,0.0,0.0,0.0
0,0,0,0,26,0.14,83.6,5.3,224,2026-09-26 00:40:00,PT5M,0.0,0.0,0.0,0.0,0.0
0,0,0,0,26,0.14,83.7,5.3,224,2026-09-26 00:45:00,PT5M,0.0,0.0,0.0,0.0,0.0
0,0,0,0,26,0.14,83.8,5.4,224,2026-09-26 00:50:00,PT5M,0.0,0.0,0.0,0.0,0.0
0,0,0,0,26,0.14,83.9,5.4,224,2026-09-26 00:55:00,PT5M,0.0,0.0,0.0,0.0,0.0
0,0,0,0,26,0.14,84.0,5.4,224,2026-09-26 01:00:00,PT5M,0.0,0.0,0.0,0.0,0.0
0,0,0,0,25,0.14,84.1,5.4,224,2026-09-26 01:05:00,PT5M,0.0,0.0,0.0,0.0,0.0
0,0,0,0,25,0.14,84.1,5.4,224,2026-09-26 01:10:00,PT5M,0.0,0.0,0.0,0.0,0.0
0,0,0,0,25,0.14,84.2,5.5,224,2026-09-26 01:15:00,PT5M,0.0,0.0,0.0,0.0,0.0
0,0,0,0,25,0.14,84.3,5.5,224,2026-09-26 01:20:00,PT5M,0.0,0.0,0.0,0.0,0.0
0,0,0,0,25,0.14,84.4,5.5,224,2026-09-26 01:25:00,PT5M,0.0,0.0,0.0,0.0,0.0
0,0,0,0,25,0.14,84.5,5.5,224,2026-09-26 01:30:00,PT5M,0.0,0.0,0.0,0.0,0.0
0,0,0,0,25,0.14,84.5,5.5,223,2026-09-26 01:35:00,PT5M,0.0,0.0,0.0,0.0,0.0
0,0,0,0,25,0.14,84.6,5.4,223,2026-09-26 01:40:00,PT5M,0.0,0.0,0.0,0.0,0.0
0,0,0,0,25,0.14,84.6,5.4,223,2026-09-26 01:45:00,PT5M,0.0,0.0,0.0,0.0,0.0
0,0,0,0,25,0.14,84.7,5.3,223,2026-09-26 01:50:00,PT5M,0.0,0.0,0.0,0.0,0.0
0,0,0,0,25,0.14,84.7,5.2,223,2026-09-26 01:55:00,PT5M,0.0,0.0,0.0,0.0,0.0
0,0,0,0,25,0.14,84.7,5.2,223,2026-09-26 02:00:00,PT5M,0.0,0.0,0.0,0.0,0.0
0,0,0,0,25,0.14,84.8,5.1,223,2026-09-26 02:05:00,PT5M,0.0,0.0,0.0,0.0,0.0
0,0,0,0,25,0.14,84.8,5.0,223,2026-09-26 02:10:00,PT5M,0.0,0.0,0.0,0.0,0.0
0,0,0,0,25,0.14,84.9,5.0,223,2026-09-26 02:15:00,PT5M,0.0,0.0,0.0,0.0,0.0
0,0,0,0,25,0.14,84.9,4.9,223,2026-09-26 02:20:00,PT5M,0.0,0.0,0.0,0.0,0.0
0,0,0,0,25,0.14,85.0,4.8,223,2026-09-26 02:25:00,PT5M,0.0,0.0,0.0,0.0,0.0
0,0,0,0,25,0.14,85.0,4.8,222,2026-09-26 02:30:00,PT5M,0.0,0.0,0.0,0.0,0.0
0,0,0,0,25,0.14,85.0,4.7,222,2026-09-26 02:35:00,PT5M,0.0,0.0,0.0,0.0,0.0
0,0,0,0,25,0.14,85.0,4.7,223,2026-09-26 02:40:00,PT5M,0.0,0.0,0.0,0.0,0.0
0,0,0,0,25,0.14,85.0,4.7,223,2026-09-26 02:45:00,PT5M,0.0,0.0,0.0,0.0,0.0
0,0,0,0,25,0.14,85.0,4.7,223,2026-09-26 02:50:00,PT5M,0.0,0.0,0.0,0.0,0.0
0,0,0,0,25,0.14,85.0,4.7,223,2026-09-26 02:55:00,PT5M,0.0,0.0,0.0,0.0,0.0
0,0,0,0,25,0.14,85.0,4.6,223,2026-09-26 03:00:00,PT5M,0.0,0.0,0.0,0.0,0.0
0,0,0,0,25,0.14,85.0,4.6,223,2026-09-26 03:05:00,PT5M,0.0,0.0,0.0,0.0,0.0
0,0,0,0,25,0.14,85.0,4.6,223,2026-09-26 03:10:00,PT5M,0.0,0.0,0.0,0.0,0.0
0,0,0,0,25,0.14,85.0,4.6,223,2026-09-26 03:15:00,PT5M,0.0,0.0,0.0,0.0,0.0
0,0,0,0,25,0.14,85.0,4.6,223,2026-09-26 03:20:00,PT5M,0.0,0.0,0.0,0.0,0.0
0,0,0,0,25,0.14,85.0,4.6,223,2026-09-26 03:25:00,PT5M,0.0,0.0,0.0,0.0,0.0
0,0,0,0,25,0.14,85.0,4.5,223,2026-09-26 03:30:00,PT5M,0.0,0.0,0.0,0.0,0.0
0,0,0,0,25,0.14,85.0,4.5,223,2026-09-26 03:35:00,PT5M,0.0,0.0,0.0,0.0,0.0
0,0,0,0,25,0.14,85.1,4.5,223,2026-09-26 03:40:00,PT5M,0.0,0.0,0.0,0.0,0.0
0,0,0,0,25,0.14,85.1,4.5,224,2026-09-26 03:45:00,PT5M,0.0,0.0,0.0,0.0,0.0
0,0,0,0,25,0.14,85.1,4.4,224,2026-09-26 03:50:00,PT5M,0.0,0.0,0.0,0.0,0.0
0,0,0,0,25,0.14,85.2,4.4,224,2026-09-26 03:55:00,PT5M,0.0,0.0,0.0,0.0,0.0
0,0,0,0,25,0.14,85.2,4.4,224,2026-09-26 04:00:00,PT5M,0.0,0.0,0.0,0.0,0.0
0,0,0,0,25,0.14,85.3,4.4,224,2026-09-26 04:05:00,PT5M,0.0,0.0,0.0,0.0,0.0
0,0,0,0,25,0.14,85.3,4.3,224,2026-09-26 04:10:00,PT5M,0.0,0.0,0.0,0.0,0.0
0,0,0,0,25,0.14,85.4,4.3,224,2026-09-26 04:15:00,PT5M,0.0,0.0,0.0,0.0,0.0
0,0,0,0,25,0.14,85.4,4.3,225,2026-09-26 04:20:00,PT5M,0.0,0.0,0.0,0.0,0.0
0,0,0,0,25,0.14,85.4,4.3,225,2026-09-26 04:25:00,PT5M,0.0,0.0,0.0,0.0,0.0
0,0,0,0,25,0.14,85.5,4.3,225,2026-09-26 04:30:00,PT5M,0.0,0.0,0.0,0.0,0.0
0,0,0,0,25,0.14,85.5,4.3,225,2026-09-26 04:35:00,PT5M,0.0,0.0,0.0,0.0,0.0
0,0,0,0,25,0.14,85.4,4.3,226,2026-09-26 04:40:00,PT5M,0.0,0.0,0.0,0.0,0.0
0,0,0,0,25,0.14,85.3,4.3,226,2026-09-26 04:45:00,PT5M,0.0,0.0,0.0,0.0,0.0
0,0,0,0,25,0.14,85.2,4.4,227,2026-09-26 04:50:00,PT5M,0.0,0.0,0.0,0.0,0.0
0,0,0,0,25,0.14,85.1,4.4,227,2026-09-26 04:55:00,PT5M,0.0,0.0,0.0,0.0,0.0
0,0,0,0,25,0.14,85.0,4.4,228,2026-09-26 05:00:00,PT5M,0.0,0.0,0.0,0.0,0.0
0,0,0,0,25,0.14,84.9,4.5,228,2026-09-26 05:05:00,PT5M,0.0,0.0,0.0,0.0,0.0
0,0,0,0,25,0.14,84.9,4.5,228,2026-09-26 05:10:00,PT5M,0.0,0.0,0.0,0.0,0.0
0,0,0,0,25,0.14,84.8,4.6,229,2026-09-26 05:15:00,PT5M,0.0,0.0,0.0,0.0,0.0
0,0,0,0,25,0.14,84.7,4.6,229,2026-09-26 05:20:00,PT5M,0.0,0.0,0.0,0.0,0.0
0,0,0,0,25,0.14,84.6,4.6,230,2026-09-26 05:25:00,PT5M,0.0,0.0,0.0,0.0,0.0
0,0,0,0,25,0.14,84.5,4.7,230,2026-09-26 05:30:00,PT5M,0.0,0.0,0.0,0.0,0.0
0,0,0,0,25,0.14,84.3,4.7,230,2026-09-26 05:35:00,PT5M,0.0,0.0,0.0,0.0,0.0
0,0,0,0,25,0.14,84.0,4.7,230,2026-09-26 05:40:00,PT5M,0.0,0.0,0.0,0.0,0.0
0,0,0,0,25,0.14,83.7,4.7,231,2026-09-26 05:45:00,PT5M,0.0,0.0,0.0,0.0,0.0
0,0,0,0,25,0.14,83.4,4.6,231,2026-09-26 05:50:00,PT5M,0.0,0.0,0.0,0.0,0.0
0,0,0,0,25,0.14,83.2,4.6,231,2026-09-26 05:55:00,PT5M,0.0,0.0,0.0,0.0,0.0
1,1,0,1,25,0.14,82.9,4.6,231,2026-09-26 06:00:00,PT5M,0.0,0.0,0.0,0.0,0.0
6,6,0,6,25,0.14,82.6,4.6,231,2026-09-26 06:05:00,PT5M,0.18,0.582,0.3916,0.0,0.0
13,13,0,13,25,0.14,82.3,4.6,231,2026-09-26 06:10:00,PT5M,1.005,2.2195,1.6442,0.3658,0.0
19,20,0,20,25,0.14,82.0,4.6,232,2026-09-26 06:15:00,PT5M,1.916,4.431,3.2397,0.5923,0.0
27,27,0,27,25,0.14,81.7,4.6,232,2026-09-26 06:20:00,PT5M,2.89,7.1175,5.115,0.665,0.0
36,36,0,36,25,0.14,81.4,4.6,232,2026-09-26 06:25:00,PT5M,3.943,9.904,7.0803,0.8057,0.0
45,45,0,45,26,0.14,81.1,4.6,232,2026-09-26 06:30:00,PT5M,5.18,13.1075,9.3523,1.0077,0.0
56,56,0,56,26,0.14,80.8,4.6,232,2026-09-26 06:35:00,PT5M,6.553,16.5355,11.8069,1.2991,0.0
68,68,0,68,26,0.14,80.4,4.6,231,2026-09-26 06:40:00,PT5M,8.081,20.0925,14.4027,1.7593,0.0
82,82,10,80,26,0.14,79.9,4.7,231,2026-09-26 06:45:00,PT5M,10.171,24.142,17.524,2.818,0.0
97,97,36,89,26,0.14,79.5,4.8,230,2026-09-26 06:50:00,PT5M,13.096,28.9715,21.4514,4.7406,0.0
113,113,65,98,26,0.14,79.1,4.8,230,2026-09-26 06:55:00,PT5M,16.323,34.1155,25.6873,6.9587,0.0
131,131,94,106,26,0.14,78.6,4.9,229,2026-09-26 07:00:00,PT5M,19.869,39.6395,30.2744,9.4636,0.0985
148,148,122,113,26,0.14,78.2,4.9,229,2026-09-26 07:05:00,PT5M,23.691,45.4865,35.1621,12.2199,1.8955
167,166,151,120,26,0.14,77.8,5.0,228,2026-09-26 07:10:00,PT5M,27.901,51.7235,40.439,15.363,4.0785
186,186,182,126,27,0.14,77.4,5.0,228,2026-09-26 07:15:00,PT5M,32.489,58.32,46.084,18.894,6.658
207,206,215,131,27,0.14,77.0,5.1,228,2026-09-26 07:20:00,PT5M,37.441,65.2585,52.0815,22.8005,9.6235
228,227,249,136,27,0.14,76.6,5.1,227,2026-09-26 07:25:00,PT5M,42.736,72.5035,58.4028,27.0692,12.9685
250,249,285,139,27,0.14,76.2,5.2,227,2026-09-26 07:30:00,PT5M,48.398,80.0855,65.0754,31.7206,16.7105
271,269,311,143,27,0.14,75.8,5.2,226,2026-09-26 07:35:00,PT5M,53.375,87.095,71.1221,35.6279,19.655
288,287,325,148,27,0.14,75.5,5.1,226,2026-09-26 07:40:00,PT5M,57.48,93.44,76.406,38.554,21.52
306,305,340,153,27,0.14,75.1,5.0,226,2026-09-26 07:45:00,PT5M,60.356,97.335,79.8183,40.8937,23.377
324,323,354,158,27,0.14,74.8,4.9,226,2026-09-26 07:50:00,PT5M,62.719,100.0,82.436,43.002,25.256
343,341,369,162,27,0.14,74.5,4.8,226,2026-09-26 07:55:00,PT5M,65.07,100.0,85.0176,45.1224,27.169
361,359,383,166,28,0.14,74.2,4.7,226,2026-09-26 08:00:00,PT5M,67.341,100.0,87.4917,47.1903,29.054
379,377,397,170,28,0.14,73.8,4.7,225,2026-09-26 08:05:00,PT5M,69.519,100.0,89.8408,49.1972,30.907
398,395,410,174,28,0.14,73.5,4.6,225,2026-09-26 08:10:00,PT5M,71.589,100.0,92.0429,51.1351,32.726
416,414,424,177,28,0.14,73.2,4.5,225,2026-09-26 08:15:00,PT5M,73.539,100.0,94.0821,52.9959,34.5065
434,432,437,180,28,0.14,72.9,4.4,225,2026-09-26 08:20:00,PT5M,75.358,100.0,95.9424,54.7736,36.247
453,450,450,183,28,0.14,72.6,4.3,224,2026-09-26 08:25:00,PT5M,77.042,100.0,97.6153,56.4687,37.952
471,468,463,185,28,0.14,72.3,4.2,224,2026-09-26 08:30:00,PT5M,78.649,100.0,99.1905,58.1075,39.6195
488,485,473,188,28,0.14,71.8,4.2,224,2026-09-26 08:35:00,PT5M,79.949,100.0,100.0,59.4514,41.003
504,501,480,192,28,0.14,71.2,4.3,225,2026-09-26 08:40:00,PT5M,80.953,100.0,100.0,60.5936,42.2695
520,517,486,196,29,0.14,70.7,4.4,225,2026-09-26 08:45:00,PT5M,81.906,100.0,100.0,61.7653,43.638
535,532,492,199,29,0.14,70.1,4.5,225,2026-09-26 08:50:00,PT5M,82.818,100.0,100.0,62.8941,44.962
551,547,498,203,29,0.14,69.5,4.6,225,2026-09-26 08:55:00,PT5M,83.692,100.0,100.0,63.9836,46.2455
566,562,504,206,29,0.14,68.9,4.8,226,2026-09-26 09:00:00,PT5M,84.534,100.0,100.0,65.0398,47.4945
581,578,511,208,29,0.14,68.4,4.9,226,2026-09-26 09:05:00,PT5M,85.462,100.0,100.0,66.1868,48.8385
597,593,518,211,29,0.14,67.8,5.0,226,2026-09-26 09:10:00,PT5M,86.356,100.0,100.0,67.2984,50.146
612,608,526,213,30,0.14,67.3,5.1,226,2026-09-26 09:15:00,PT5M,87.215,100.0,100.0,68.3732,51.415
627,623,533,215,30,0.14,66.7,5.2,227,2026-09-26 09:20:00,PT5M,88.078,100.0,100.0,69.4501,52.6845
641,637,539,217,30,0.14,66.2,5.3,227,2026-09-26 09:25:00,PT5M,88.87,100.0,100.0,70.454,53.879
655,651,546,218,30,0.14,65.7,5.4,227,2026-09-26 09:30:00,PT5M,89.632,100.0,100.0,71.4257,55.0395
668,664,549,221,30,0.14,65.1,5.5,227,2026-09-26 09:35:00,PT5M,90.152,100.0,100.0,72.1157,55.8825
679,674,549,226,30,0.14,64.5,5.5,228,2026-09-26 09:40:00,PT5M,90.44,100.0,100.0,72.5324,56.415
689,684,547,230,30,0.14,63.9,5.5,228,2026-09-26 09:45:00,PT5M,90.657,100.0,100.0,72.8683,56.858
698,694,545,235,31,0.14,63.3,5.5,229,2026-09-26 09:50:00,PT5M,90.851,100.0,100.0,73.175,57.266
708,703,544,239,31,0.14,62.8,5.6,229,2026-09-26 09:55:00,PT5M,91.03,100.0,100.0,73.4608,57.648
716,712,542,244,31,0.14,62.2,5.6,230,2026-09-26 10:00:00,PT5M,91.191,100.0,100.0,73.7205,57.9965
724,720,539,248,31,0.14,61.6,5.6,230,2026-09-26 10:05:00,PT5M,91.335,100.0,100.0,73.9563,58.315
732,728,537,253,31,0.14,61.1,5.6,231,2026-09-26 10:10:00,PT5M,91.461,100.0,100.0,74.1681,58.604
740,735,535,257,31,0.14,60.5,5.7,231,2026-09-26 10:15:00,PT5M,91.569,100.0,100.0,74.3556,58.863
747,742,533,261,31,0.14,60.0,5.7,232,2026-09-26 10:20:00,PT5M,91.659,100.0,100.0,74.5193,59.093
753,748,530,265,32,0.14,59.4,5.7,232,2026-09-26 10:25:00,PT5M,91.735,100.0,100.0,74.6637,59.299
759,755,528,269,32,0.14,58.9,5.8,233,2026-09-26 10:30:00,PT5M,91.796,100.0,100.0,74.7881,59.4805
765,761,526,273,32,0.14,58.4,5.8,233,2026-09-26 10:35:00,PT5M,91.904,100.0,100.0,74.9761,59.7405
772,767,525,276,32,0.14,58.1,5.8,234,2026-09-26 10:40:00,PT5M,92.058,100.0,100.0,75.2272,60.079
778,773,525,278,32,0.14,57.7,5.8,234,2026-09-26 10:45:00,PT5M,92.19,100.0,100.0,75.4511,60.3855
783,778,524,281,32,0.14,57.4,5.8,235,2026-09-26 10:50:00,PT5M,92.36,100.0,100.0,75.7058,60.7165
788,783,523,284,32,0.14,57.0,5.8,235,2026-09-26 10:55:00,PT5M,92.443,100.0,100.0,75.8609,60.9365
792,787,522,286,32,0.14,56.7,5.8,236,2026-09-26 11:00:00,PT5M,92.496,100.0,100.0,75.9715,61.099
796,791,521,288,32,0.14,56.3,5.8,236,2026-09-26 11:05:00,PT5M,92.547,100.0,100.0,76.0902,61.2785
800,795,520,290,32,0.14,56.0,5.9,237,2026-09-26 11:10:00,PT5M,92.582,100.0,100.0,76.1938,61.444
803,798,519,293,33,0.14,55.6,5.9,238,2026-09-26 11:15:00,PT5M,92.589,100.0,100.0,76.2561,61.556
806,801,518,295,33,0.14,55.3,5.9,238,2026-09-26 11:20:00,PT5M,92.571,100.0,100.0,76.2847,61.6265
808,803,516,296,33,0.14,54.9,5.9,239,2026-09-26 11:25:00,PT5M,92.531,100.0,100.0,76.2844,61.662
810,805,514,298,33,0.14,54.6,5.9,239,2026-09-26 11:30:00,PT5M,92.468,100.0,100.0,76.2554,61.6635
809,804,509,302,33,0.14,54.6,5.9,240,2026-09-26 11:35:00,PT5M,92.23,100.0,100.0,76.0018,61.396
806,802,501,306,33,0.14,55.0,5.8,240,2026-09-26 11:40:00,PT5M,91.816,100.0,100.0,75.5218,60.8565
803,799,492,311,33,0.14,55.4,5.7,241,2026-09-26 11:45:00,PT5M,91.377,100.0,100.0,75.0102,60.2795
800,795,484,316,33,0.14,55.8,5.6,241,2026-09-26 11:50:00,PT5M,90.913,100.0,100.0,74.4672,59.6655
795,791,475,320,33,0.14,56.1,5.5,242,2026-09-26 11:55:00,PT5M,90.422,100.0,100.0,73.891,59.0125
791,786,466,324,33,0.14,56.5,5.4,243,2026-09-26 12:00:00,PT5M,89.953,100.0,100.0,73.3301,58.369
786,781,457,328,33,0.14,56.9,5.3,243,2026-09-26 12:05:00,PT5M,89.525,100.0,100.0,72.8042,57.755
780,776,448,332,32,0.14,57.3,5.3,244,2026-09-26 12:10:00,PT5M,89.069,100.0,100.0,72.2445,57.102
774,770,439,336,32,0.14,57.7,5.2,245,2026-09-26 12:15:00,PT5M,88.583,100.0,100.0,71.6493,56.4085
767,763,430,339,32,0.14,58.1,5.1,245,2026-09-26 12:20:00,PT5M,88.068,100.0,100.0,71.0199,55.676
760,757,421,342,32,0.14,58.5,5.0,246,2026-09-26 12:25:00,PT5M,87.524,100.0,100.0,70.3561,54.9045
753,749,412,345,32,0.14,58.9,4.9,247,2026-09-26 12:30:00,PT5M,86.951,100.0,100.0,69.6594,54.0965
745,741,402,348,32,0.14,59.0,4.9,247,2026-09-26 12:35:00,PT5M,86.283,100.0,100.0,68.8628,53.184
736,732,391,351,32,0.14,58.8,4.9,246,2026-09-26 12:40:00,PT5M,85.518,100.0,100.0,67.9636,52.164
726,723,380,354,32,0.14,58.7,4.9,246,2026-09-26 12:45:00,PT5M,84.719,100.0,100.0,67.0246,51.099
717,713,369,357,32,0.14,58.6,4.8,245,2026-09-26 12:50:00,PT5M,83.878,100.0,100.0,66.0325,49.971
706,703,359,359,32,0.14,58.4,4.8,244,2026-09-26 12:55:00,PT5M,83.009,100.0,100.0,65.013,48.816
696,693,348,361,32,0.14,58.3,4.8,244,2026-09-26 13:00:00,PT5M,82.091,100.0,100.0,63.9545,47.631
685,683,338,362,32,0.14,58.1,4.8,243,2026-09-26 13:05:00,PT5M,81.177,100.0,99.4601,62.8939,46.4385
674,672,327,363,32,0.14,58.0,4.8,242,2026-09-26 13:10:00,PT5M,80.209,100.0,98.6497,61.7683,45.171
663,661,317,364,32,0.14,57.8,4.8,242,2026-09-26 13:15:00,PT5M,79.201,100.0,97.8039,60.5981,43.855
652,649,307,365,32,0.14,57.7,4.8,241,2026-09-26 13:20:00,PT5M,78.158,100.0,96.9256,59.3904,42.499
640,638,296,365,32,0.14,57.5,4.8,241,2026-09-26 13:25:00,PT5M,77.081,100.0,96.0146,58.1474,41.1065
628,626,286,365,32,0.14,57.4,4.8,240,2026-09-26 13:30:00,PT5M,75.97,100.0,95.071,56.869,39.6775
614,612,274,365,32,0.14,57.6,4.7,240,2026-09-26 13:35:00,PT5M,74.617,100.0,93.9314,55.3026,37.919
598,597,259,365,32,0.14,58.0,4.7,240,2026-09-26 13:40:00,PT5M,73.021,100.0,92.5928,53.4492,35.834
583,581,244,365,32,0.14,58.5,4.7,241,2026-09-26 13:45:00,PT5M,71.389,100.0,91.2158,51.5622,33.7175
567,565,230,364,32,0.14,59.0,4.6,241,2026-09-26 13:50:00,PT5M,69.72,100.0,89.7997,49.6403,31.568
551,549,216,362,32,0.14,59.5,4.6,241,2026-09-26 13:55:00,PT5M,68.015,100.0,88.3455,47.6845,29.3865
535,534,203,360,32,0.14,60.0,4.6,242,2026-09-26 14:00:00,PT5M,66.262,100.0,86.8406,45.6834,27.162
519,518,190,358,32,0.14,60.5,4.5,242,2026-09-26 14:05:00,PT5M,64.484,100.0,85.3094,43.6586,24.915
503,502,177,355,31,0.14,60.9,4.5,242,2026-09-26 14:10:00,PT5M,62.675,100.0,83.7441,41.6059,22.643
487,486,164,352,31,0.14,61.4,4.5,243,2026-09-26 14:15:00,PT5M,60.835,100.0,82.1444,39.5256,20.3465
471,470,152,348,31,0.14,62.0,4.4,243,2026-09-26 14:20:00,PT5M,58.924,99.866,80.4721,37.3759,17.982
455,455,140,344,31,0.14,62.5,4.4,243,2026-09-26 14:25:00,PT5M,56.985,98.372,78.7673,35.2027,15.598
439,439,128,339,31,0.14,63.0,4.4,244,2026-09-26 14:30:00,PT5M,55.022,96.845,77.0337,33.0103,13.199
425,425,120,333,31,0.14,63.0,4.3,244,2026-09-26 14:35:00,PT5M,53.381,95.5535,75.5767,31.1853,11.2085
414,414,115,327,31,0.14,62.6,4.3,243,2026-09-26 14:40:00,PT5M,52.062,94.5215,74.4087,29.7153,9.6025
402,402,110,321,31,0.14,62.2,4.3,242,2026-09-26 14:45:00,PT5M,50.718,93.467,73.2171,28.2189,7.969
391,391,106,314,31,0.14,61.9,4.3,241,2026-09-26 14:50:00,PT5M,49.545,92.5815,72.1954,26.8946,6.5085
379,379,101,307,31,0.14,61.5,4.3,241,2026-09-26 14:55:00,PT5M,48.16,91.482,70.9607,25.3593,4.838
367,367,97,300,31,0.14,61.1,4.3,240,2026-09-26 15:00:00,PT5M,46.814,90.2435,69.6713,23.9567,3.3845
356,356,92,293,31,0.14,60.7,4.3,239,2026-09-26 15:05:00,PT5M,45.453,88.8485,68.2924,22.6136,2.0575
344,344,88,286,32,0.14,60.3,4.4,239,2026-09-26 15:10:00,PT5M,44.067,87.411,66.8793,21.2547,0.723
333,333,84,278,32,0.14,59.9,4.4,238,2026-09-26 15:15:00,PT5M,42.655,85.9275,65.4296,19.8804,0.0
321,321,80,271,32,0.14,59.6,4.4,237,2026-09-26 15:20:00,PT5M,41.202,84.385,63.9295,18.4745,0.0
309,309,76,263,32,0.14,59.2,4.4,236,2026-09-26 15:25:00,PT5M,39.721,82.788,62.3875,17.0545,0.0
297,297,71,255,32,0.14,58.8,4.4,236,2026-09-26 15:30:00,PT5M,38.211,81.122,60.7954,15.6266,0.0
286,286,67,247,32,0.14,58.7,4.4,235,2026-09-26 15:35:00,PT5M,36.746,79.3805,59.1848,14.3072,0.0
275,275,63,240,32,0.14,58.8,4.4,235,2026-09-26 15:40:00,PT5M,35.337,77.5275,57.5422,13.1318,0.0
264,264,58,232,32,0.14,58.8,4.3,235,2026-09-26 15:45:00,PT5M,33.89,75.471,55.7744,12.0056,0.0
253,253,53,225,32,0.14,58.9,4.3,235,2026-09-26 15:50:00,PT5M,32.39,73.338,53.9412,10.8388,0.0
241,241,48,217,32,0.14,59.0,4.3,234,2026-09-26 15:55:00,PT5M,30.834,71.068,52.0094,9.6586,0.0
230,230,43,209,32,0.14,59.1,4.3,234,2026-09-26 16:00:00,PT5M,29.222,68.6715,49.9846,8.4594,0.0
218,219,38,201,32,0.14,59.2,4.3,234,2026-09-26 16:05:00,PT5M,27.555,66.1585,47.8723,7.2377,0.0
207,207,32,192,32,0.14,59.2,4.2,234,2026-09-26 16:10:00,PT5M,25.834,63.535,45.6763,5.9917,0.0
195,195,26,184,31,0.14,59.3,4.2,234,2026-09-26 16:15:00,PT5M,24.381,60.998,43.6528,5.1092,0.0
183,184,20,175,31,0.14,59.4,4.2,233,2026-09-26 16:20:00,PT5M,22.787,56.8595,40.7196,4.8544,0.0
172,172,14,167,31,0.14,59.5,4.2,233,2026-09-26 16:25:00,PT5M,21.083,52.7235,37.7356,4.4304,0.0
160,161,8,158,31,0.14,59.6,4.2,233,2026-09-26 16:30:00,PT5M,19.346,48.5905,34.7376,3.9544,0.0
149,149,2,149,31,0.14,59.8,4.1,233,2026-09-26 16:35:00,PT5M,17.711,44.6505,31.8895,3.5325,0.0
138,138,0,138,31,0.14,60.2,4.2,232,2026-09-26 16:40:00,PT5M,16.357,41.059,29.3578,3.3562,0.0
127,127,0,127,31,0.14,60.7,4.2,232,2026-09-26 16:45:00,PT5M,15.068,37.543,26.8968,3.2392,0.0
116,116,0,116,31,0.14,61.1,4.2,231,2026-09-26 16:50:00,PT5M,13.763,34.037,24.4334,3.0926,0.0
105,105,0,105,31,0.14,61.5,4.2,231,2026-09-26 16:55:00,PT5M,12.456,30.535,21.9711,2.9409,0.0
94,94,0,94,31,0.14,62.0,4.2,230,2026-09-26 17:00:00,PT5M,11.121,27.128,19.5456,2.6964,0.0
83,83,0,83,31,0.14,62.4,4.2,230,2026-09-26 17:05:00,PT5M,9.802,23.8415,17.1911,2.4129,0.0
72,72,0,72,30,0.14,62.9,4.2,230,2026-09-26 17:10:00,PT5M,8.418,20.5525,14.8045,2.0315,0.0
62,62,0,62,30,0.14,63.3,4.3,229,2026-09-26 17:15:00,PT5M,7.109,17.3645,12.5065,1.7115,0.0
52,52,0,52,30,0.14,63.8,4.3,229,2026-09-26 17:20:00,PT5M,5.93,14.322,10.3468,1.5132,0.0
42,42,0,42,30,0.14,64.2,4.3,228,2026-09-26 17:25:00,PT5M,4.766,11.353,8.2328,1.2992,0.0
34,34,0,34,30,0.14,64.7,4.3,228,2026-09-26 17:30:00,PT5M,3.613,8.528,6.1998,1.0262,0.0
26,26,0,26,30,0.14,65.2,4.3,228,2026-09-26 17:35:00,PT5M,2.615,6.112,4.4555,0.7745,0.0
18,18,0,18,30,0.14,65.6,4.3,227,2026-09-26 17:40:00,PT5M,1.708,3.9055,2.8646,0.5514,0.0
12,12,0,12,30,0.14,66.1,4.3,227,2026-09-26 17:45:00,PT5M,0.877,2.02,1.4786,0.2754,0.0
6,6,0,6,29,0.14,66.5,4.2,227,2026-09-26 17:50:00,PT5M,0.132,0.547,0.3504,0.0,0.0
2,2,0,2,29,0.14,66.9,4.2,226,2026-09-26 17:55:00,PT5M,0.0,0.0,0.0,0.0,0.0
0,0,0,0,29,0.14,67.4,4.2,226,2026-09-26 18:00:00,PT5M,0.0,0.0,0.0,0.0,0.0
0,0,0,0,29,0.14,67.9,4.2,226,2026-09-26 18:05:00,PT5M,0.0,0.0,0.0,0.0,0.0
0,0,0,0,29,0.14,68.3,4.1,225,2026-09-26 18:10:00,PT5M,0.0,0.0,0.0,0.0,0.0
0,0,0,0,29,0.14,68.8,4.1,225,2026-09-26 18:15:00,PT5M,0.0,0.0,0.0,0.0,0.0
0,0,0,0,29,0.14,69.3,4.1,225,2026-09-26 18:20:00,PT5M,0.0,0.0,0.0,0.0,0.0
0,0,0,0,29,0.14,69.7,4.1,225,2026-09-26 18:25:00,PT5M,0.0,0.0,0.0,0.0,0.0
0,0,0,0,29,0.14,70.2,4.0,224,2026-09-26 18:30:00,PT5M,0.0,0.0,0.0,0.0,0.0
0,0,0,0,29,0.14,70.6,4.0,224,2026-09-26 18:35:00,PT5M,0.0,0.0,0.0,0.0,0.0
0,0,0,0,28,0.14,70.9,4.1,224,2026-09-26 18:40:00,PT5M,0.0,0.0,0.0,0.0,0.0
0,0,0,0,28,0.14,71.2,4.1,225,2026-09-26 18:45:00,PT5M,0.0,0.0,0.0,0.0,0.0
0,0,0,0,28,0.14,71.5,4.1,225,2026-09-26 18:50:00,PT5M,0.0,0.0,0.0,0.0,0.0
0,0,0,0,28,0.14,71.8,4.1,225,2026-09-26 18:55:00,PT5M,0.0,0.0,0.0,0.0,0.0
0,0,0,0,28,0.14,72.2,4.1,225,2026-09-26 19:00:00,PT5M,0.0,0.0,0.0,0.0,0.0
0,0,0,0,28,0.14,72.5,4.1,226,2026-09-26 19:05:00,PT5M,0.0,0.0,0.0,0.0,0.0
0,0,0,0,28,0.14,72.8,4.2,226,2026-09-26 19:10:00,PT5M,0.0,0.0,0.0,0.0,0.0
0,0,0,0,28,0.14,73.1,4.2,226,2026-09-26 19:15:00,PT5M,0.0,0.0,0.0,0.0,0.0
0,0,0,0,28,0.14,73.4,4.2,226,2026-09-26 19:20:00,PT5M,0.0,0.0,0.0,0.0,0.0
0,0,0,0,28,0.14,73.8,4.2,227,2026-09-26 19:25:00,PT5M,0.0,0.0,0.0,0.0,0.0
0,0,0,0,28,0.14,74.1,4.2,227,2026-09-26 19:30:00,PT5M,0.0,0.0,0.0,0.0,0.0
0,0,0,0,28,0.14,74.4,4.2,227,2026-09-26 19:35:00,PT5M,0.0,0.0,0.0,0.0,0.0
0,0,0,0,28,0.14,74.6,4.2,228,2026-09-26 19:40:00,PT5M,0.0,0.0,0.0,0.0,0.0
0,0,0,0,28,0.14,74.9,4.3,228,2026-09-26 19:45:00,PT5M,0.0,0.0,0.0,0.0,0.0
0,0,0,0,28,0.14,75.1,4.3,229,2026-09-26 19:50:00,PT5M,0.0,0.0,0.0,0.0,0.0
0,0,0,0,27,0.14,75.4,4.3,230,2026-09-26 19:55:00,PT5M,0.0,0.0,0.0,0.0,0.0
0,0,0,0,27,0.14,75.7,4.3,230,2026-09-26 20:00:00,PT5M,0.0,0.0,0.0,0.0,0.0
0,0,0,0,27,0.14,75.9,4.3,231,2026-09-26 20:05:00,PT5M,0.0,0.0,0.0,0.0,0.0
0,0,0,0,27,0.14,76.2,4.3,232,2026-09-26 20:10:00,PT5M,0.0,0.0,0.0,0.0,0.0
0,0,0,0,27,0.14,76.4,4.3,232,2026-09-26 20:15:00,PT5M,0.0,0.0,0.0,0.0,0.0
0,0,0,0,27,0.14,76.7,4.3,233,2026-09-26 20:20:00,PT5M,0.0,0.0,0.0,0.0,0.0
0,0,0,0,27,0.14,77.0,4.3,234,2026-09-26 20:25:00,PT5M,0.0,0.0,0.0,0.0,0.0
0,0,0,0,27,0.14,77.2,4.3,234,2026-09-26 20:30:00,PT5M,0.0,0.0,0.0,0.0,0.0
0,0,0,0,27,0.14,77.5,4.3,235,2026-09-26 20:35:00,PT5M,0.0,0.0,0.0,0.0,0.0
0,0,0,0,27,0.14,77.7,4.3,235,2026-09-26 20:40:00,PT5M,0.0,0.0,0.0,0.0,0.0
0,0,0,0,27,0.14,77.9,4.3,235,2026-09-26 20:45:00,PT5M,0.0,0.0,0.0,0.0,0.0
0,0,0,0,27,0.14,78.2,4.3,235,2026-09-26 20:50:00,PT5M,0.0,0.0,0.0,0.0,0.0
0,0,0,0,27,0.14,78.4,4.2,236,2026-09-26 20:55:00,PT5M,0.0,0.0,0.0,0.0,0.0
0,0,0,0,27,0.14,78.6,4.2,236,2026-09-26 21:00:00,PT5M,0.0,0.0,0.0,0.0,0.0
0,0,0,0,27,0.14,78.8,4.2,236,2026-09-26 21:05:00,PT5M,0.0,0.0,0.0,0.0,0.0
0,0,0,0,27,0.14,79.1,4.2,237,2026-09-26 21:10:00,PT5M,0.0,0.0,0.0,0.0,0.0
0,0,0,0,27,0.14,79.3,4.2,237,2026-09-26 21:15:00,PT5M,0.0,0.0,0.0,0.0,0.0
0,0,0,0,27,0.14,79.6,4.2,237,2026-09-26 21:20:00,PT5M,0.0,0.0,0.0,0.0,0.0
0,0,0,0,27,0.14,79.8,4.2,237,2026-09-26 21:25:00,PT5M,0.0,0.0,0.0,0.0,0.0
0,0,0,0,26,0.14,80.0,4.1,238,2026-09-26 21:30:00,PT5M,0.0,0.0,0.0,0.0,0.0
0,0,0,0,26,0.14,80.2,4.1,238,2026-09-26 21:35:00,PT5M,0.0,0.0,0.0,0.0,0.0
0,0,0,0,26,0.14,80.2,4.1,238,2026-09-26 21:40:00,PT5M,0.0,0.0,0.0,0.0,0.0
0,0,0,0,26,0.14,80.2,4.1,238,2026-09-26 21:45:00,PT5M,0.0,0.0,0.0,0.0,0.0
0,0,0,0,26,0.14,80.3,4.1,238,2026-09-26 21:50:00,PT5M,0.0,0.0,0.0,0.0,0.0
0,0,0,0,26,0.14,80.3,4.1,238,2026-09-26 21:55:00,PT5M,0.0,0.0,0.0,0.0,0.0
0,0,0,0,26,0.14,80.4,4.1,238,2026-09-26 22:00:00,PT5M,0.0,0.0,0.0,0.0,0.0
0,0,0,0,26,0.14,80.4,4.1,238,2026-09-26 22:05:00,PT5M,0.0,0.0,0.0,0.0,0.0
0,0,0,0,26,0.14,80.4,4.0,238,2026-09-26 22:10:00,PT5M,0.0,0.0,0.0,0.0,0.0
0,0,0,0,26,0.14,80.5,4.0,238,2026-09-26 22:15:00,PT5M,0.0,0.0,0.0,0.0,0.0
0,0,0,0,26,0.14,80.5,4.0,238,2026-09-26 22:20:00,PT5M,0.0,0.0,0.0,0.0,0.0
0,0,0,0,26,0.14,80.5,4.0,238,2026-09-26 22:25:00,PT5M,0.0,0.0,0.0,0.0,0.0
0,0,0,0,26,0.14,80.6,4.0,238,2026-09-26 22:30:00,PT5M,0.0,0.0,0.0,0.0,0.0
0,0,0,0,26,0.14,80.6,4.0,238,2026-09-26 22:35:00,PT5M,0.0,0.0,0.0,0.0,0.0
0,0,0,0,26,0.14,80.7,4.0,238,2026-09-26 22:40:00,PT5M,0.0,0.0,0.0,0.0,0.0
0,0,0,0,26,0.14,80.8,4.0,239,2026-09-26 22:45:00,PT5M,0.0,0.0,0.0,0.0,0.0
0,0,0,0,26,0.14,80.9,4.0,239,2026-09-26 22:50:00,PT5M,0.0,0.0,0.0,0.0,0.0
0,0,0,0,26,0.14,81.0,4.1,239,2026-09-26 22:55:00,PT5M,0.0,0.0,0.0,0.0,0.0
0,0,0,0,26,0.14,81.0,4.1,239,2026-09-26 23:00:00,PT5M,0.0,0.0,0.0,0.0,0.0
0,0,0,0,26,0.14,81.1,4.1,239,2026-09-26 23:05:00,PT5M,0.0,0.0,0.0,0.0,0.0
0,0,0,0,26,0.14,81.2,4.1,239,2026-09-26 23:10:00,PT5M,0.0,0.0,0.0,0.0,0.0
0,0,0,0,26,0.14,81.3,4.1,239,2026-09-26 23:15:00,PT5M,0.0,0.0,0.0,0.0,0.0
0,0,0,0,26,0.14,81.4,4.1,239,2026-09-26 23:20:00,PT5M,0.0,0.0,0.0,0.0,0.0
0,0,0,0,26,0.14,81.4,4.1,240,2026-09-26 23:25:00,PT5M,0.0,0.0,0.0,0.0,0.0
0,0,0,0,26,0.14,81.5,4.2,240,2026-09-26 23:30:00,PT5M,0.0,0.0,0.0,0.0,0.0
0,0,0,0,26,0.14,81.6,4.2,240,2026-09-26 23:35:00,PT5M,0.0,0.0,0.0,0.0,0.0
0,0,0,0,26,0.14,81.6,4.2,240,2026-09-26 23:40:00,PT5M,0.0,0.0,0.0,0.0,0.0
0,0,0,0,26,0.14,81.7,4.2,240,2026-09-26 23:45:00,PT5M,0.0,0.0,0.0,0.0,0.0
0,0,0,0,26,0.14,81.7,4.2,240,2026-09-26 23:50:00,PT5M,0.0,0.0,0.0,0.0,0.0
0,0,0,0,26,0.14,81.7,4.2,240,2026-09-26 23:55:00,PT5M,0.0,0.0,0.0,0.0,0.0
0,0,0,0,26,0.14,81.8,4.2,240,2026-09-27 00:00:00,PT5M,0.0,0.0,0.0,0.0,0.0
0,0,0,0,26,0.14,81.8,4.2,239,2026-09-27 00:05:00,PT5M,0.0,0.0,0.0,0.0,0.0
0,0,0,0,26,0.14,81.9,4.3,239,2026-09-27 00:10:00,PT5M,0.0,0.0,0.0,0.0,0.0
0,0,0,0,26,0.14,81.9,4.3,239,2026-09-27 00:15:00,PT5M,0.0,0.0,0.0,0.0,0.0
0,0,0,0,26,0.14,81.9,4.3,239,2026-09-27 00:20:00,PT5M,0.0,0.0,0.0,0.0,0.0
0,0,0,0,26,0.14,82.0,4.3,239,2026-09-27 00:25:00,PT5M,0.0,0.0,0.0,0.0,0.0
0,0,0,0,26,0.14,82.0,4.3,239,2026-09-27 00:30:00,PT5M,0.0,0.0,0.0,0.0,0.0
0,0,0,0,26,0.14,82.1,4.3,239,2026-09-27 00:35:00,PT5M,0.0,0.0,0.0,0.0,0.0
0,0,0,0,26,0.14,82.2,4.3,239,2026-09-27 00:40:00,PT5M,0.0,0.0,0.0,0.0,0.0
0,0,0,0,26,0.14,82.2,4.3,239,2026-09-27 00:45:00,PT5M,0.0,0.0,0.0,0.0,0.0
0,0,0,0,26,0.14,82.3,4.3,239,2026-09-27 00:50:00,PT5M,0.0,0.0,0.0,0.0,0.0
0,0,0,0,26,0.14,82.4,4.3,239,2026-09-27 00:55:00,PT5M,0.0,0.0,0.0,0.0,0.0
0,0,0,0,26,0.14,82.5,4.3,239,2026-09-27 01:00:00,PT5M,0.0,0.0,0.0,0.0,0.0
0,0,0,0,26,0.14,82.6,4.3,239,2026-09-27 01:05:00,PT5M,0.0,0.0,0.0,0.0,0.0
0,0,0,0,26,0.14,82.7,4.3,239,2026-09-27 01:10:00,PT5M,0.0,0.0,0.0,0.0,0.0
0,0,0,0,26,0.14,82.7,4.2,239,2026-09-27 01:15:00,PT5M,0.0,0.0,0.0,0.0,0.0
0,0,0,0,26,0.14,82.8,4.2,239,2026-09-27 01:20:00,PT5M,0.0,0.0,0.0,0.0,0.0
0,0,0,0,26,0.14,82.9,4.2,239,2026-09-27 01:25:00,PT5M,0.0,0.0,0.0,0.0,0.0
0,0,0,0,26,0.14,83.0,4.2,239,2026-09-27 01:30:00,PT5M,0.0,0.0,0.0,0.0,0.0
0,0,0,0,26,0.14,83.0,4.2,239,2026-09-27 01:35:00,PT5M,0.0,0.0,0.0,0.0,0.0
0,0,0,0,26,0.14,82.9,4.2,239,2026-09-27 01:40:00,PT5M,0.0,0.0,0.0,0.0,0.0
0,0,0,0,26,0.14,82.8,4.2,239,2026-09-27 01:45:00,PT5M,0.0,0.0,0.0,0.0,0.0
0,0,0,0,26,0.14,82.7,4.1,239,2026-09-27 01:50:00,PT5M,0.0,0.0,0.0,0.0,0.0
0,0,0,0,26,0.14,82.6,4.1,239,2026-09-27 01:55:00,PT5M,0.0,0.0,0.0,0.0,0.0
0,0,0,0,26,0.14,82.6,4.1,239,2026-09-27 02:00:00,PT5M,0.0,0.0,0.0,0.0,0.0
0,0,0,0,26,0.14,82.5,4.1,239,2026-09-27 02:05:00,PT5M,0.0,0.0,0.0,0.0,0.0
0,0,0,0,26,0.14,82.4,4.0,239,2026-09-27 02:10:00,PT5M,0.0,0.0,0.0,0.0,0.0
0,0,0,0,26,0.14,82.3,4.0,239,2026-09-27 02:15:00,PT5M,0.0,0.0,0.0,0.0,0.0
0,0,0,0,26,0.14,82.2,4.0,239,2026-09-27 02:20:00,PT5M,0.0,0.0,0.0,0.0,0.0
0,0,0,0,26,0.14,82.1,4.0,239,2026-09-27 02:25:00,PT5M,0.0,0.0,0.0,0.0,0.0
0,0,0,0,26,0.14,82.1,4.0,239,2026-09-27 02:30:00,PT5M,0.0,0.0,0.0,0.0,0.0
0,0,0,0,26,0.14,82.1,3.9,240,2026-09-27 02:35:00,PT5M,0.0,0.0,0.0,0.0,0.0
0,0,0,0,26,0.14,82.1,3.9,240,2026-09-27 02:40:00,PT5M,0.0,0.0,0.0,0.0,0.0
0,0,0,0,26,0.14,82.2,3.9,240,2026-09-27 02:45:00,PT5M,0.0,0.0,0.0,0.0,0.0
0,0,0,0,26,0.14,82.3,3.9,240,2026-09-27 02:50:00,PT5M,0.0,0.0,0.0,0.0,0.0
0,0,0,0,26,0.14,82.4,3.9,241,2026-09-27 02:55:00,PT5M,0.0,0.0,0.0,0.0,0.0
0,0,0,0,26,0.14,82.5,3.9,241,2026-09-27 03:00:00,PT5M,0.0,0.0,0.0,0.0,0.0
0,0,0,0,26,0.14,82.5,3.9,241,2026-09-27 03:05:00,PT5M,0.0,0.0,0.0,0.0,0.0
0,0,0,0,26,0.14,82.6,3.9,242,2026-09-27 03:10:00,PT5M,0.0,0.0,0.0,0.0,0.0
0,0,0,0,26,0.14,82.7,3.9,242,2026-09-27 03:15:00,PT5M,0.0,0.0,0.0,0.0,0.0
0,0,0,0,25,0.14,82.8,3.9,242,2026-09-27 03:20:00,PT5M,0.0,0.0,0.0,0.0,0.0
0,0,0,0,25,0.14,82.9,3.9,242,2026-09-27 03:25:00,PT5M,0.0,0.0,0.0,0.0,0.0
0,0,0,0,25,0.14,83.0,3.9,243,2026-09-27 03:30:00,PT5M,0.0,0.0,0.0,0.0,0.0
0,0,0,0,25,0.14,83.1,3.9,243,2026-09-27 03:35:00,PT5M,0.0,0.0,0.0,0.0,0.0
0,0,0,0,25,0.14,83.2,3.9,243,2026-09-27 03:40:00,PT5M,0.0,0.0,0.0,0.0,0.0
0,0,0,0,25,0.14,83.4,3.8,243,2026-09-27 03:45:00,PT5M,0.0,0.0,0.0,0.0,0.0
0,0,0,0,25,0.14,83.6,3.8,243,2026-09-27 03:50:00,PT5M,0.0,0.0,0.0,0.0,0.0
0,0,0,0,25,0.14,83.7,3.7,242,2026-09-27 03:55:00,PT5M,0.0,0.0,0.0,0.0,0.0
0,0,0,0,25,0.14,83.9,3.7,242,2026-09-27 04:00:00,PT5M,0.0,0.0,0.0,0.0,0.0
0,0,0,0,25,0.14,84.1,3.6,242,2026-09-27 04:05:00,PT5M,0.0,0.0,0.0,0.0,0.0
0,0,0,0,25,0.14,84.2,3.6,242,2026-09-27 04:10:00,PT5M,0.0,0.0,0.0,0.0,0.0
0,0,0,0,25,0.14,84.4,3.6,242,2026-09-27 04:15:00,PT5M,0.0,0.0,0.0,0.0,0.0
0,0,0,0,25,0.14,84.6,3.5,242,2026-09-27 04:20:00,PT5M,0.0,0.0,0.0,0.0,0.0
0,0,0,0,25,0.14,84.7,3.5,242,2026-09-27 04:25:00,PT5M,0.0,0.0,0.0,0.0,0.0
0,0,0,0,25,0.14,84.9,3.4,242,2026-09-27 04:30:00,PT5M,0.0,0.0,0.0,0.0,0.0
0,0,0,0,25,0.14,85.1,3.4,242,2026-09-27 04:35:00,PT5M,0.0,0.0,0.0,0.0,0.0
0,0,0,0,25,0.14,85.2,3.4,242,2026-09-27 04:40:00,PT5M,0.0,0.0,0.0,0.0,0.0
0,0,0,0,25,0.14,85.3,3.4,242,2026-09-27 04:45:00,PT5M,0.0,0.0,0.0,0.0,0.0
0,0,0,0,25,0.14,85.4,3.4,242,2026-09-27 04:50:00,PT5M,0.0,0.0,0.0,0.0,0.0
0,0,0,0,25,0.14,85.6,3.4,242,2026-09-27 04:55:00,PT5M,0.0,0.0,0.0,0.0,0.0
0,0,0,0,25,0.14,85.7,3.4,242,2026-09-27 05:00:00,PT5M,0.0,0.0,0.0,0.0,0.0
0,0,0,0,25,0.14,85.8,3.4,241,2026-09-27 05:05:00,PT5M,0.0,0.0,0.0,0.0,0.0
0,0,0,0,25,0.14,86.0,3.3,241,2026-09-27 05:10:00,PT5M,0.0,0.0,0.0,0.0,0.0
0,0,0,0,25,0.14,86.1,3.3,241,2026-09-27 05:15:00,PT5M,0.0,0.0,0.0,0.0,0.0
0,0,0,0,25,0.14,86.2,3.3,241,2026-09-27 05:20:00,PT5M,0.0,0.0,0.0,0.0,0.0
0,0,0,0,25,0.14,86.3,3.3,241,2026-09-27 05:25:00,PT5M,0.0,0.0,0.0,0.0,0.0
0,0,0,0,25,0.14,86.5,3.3,241,2026-09-27 05:30:00,PT5M,0.0,0.0,0.0,0.0,0.0
0,0,0,0,25,0.14,86.5,3.3,241,2026-09-27 05:35:00,PT5M,0.0,0.0,0.0,0.0,0.0
0,0,0,0,25,0.14,86.4,3.3,241,2026-09-27 05:40:00,PT5M,0.0,0.0,0.0,0.0,0.0
0,0,0,0,25,0.14,86.3,3.3,241,2026-09-27 05:45:00,PT5M,0.0,0.0,0.0,0.0,0.0
0,0,0,0,25,0.14,86.2,3.3,241,2026-09-27 05:50:00,PT5M,0.0,0.0,0.0,0.0,0.0
0,0,0,0,25,0.14,86.2,3.3,241,2026-09-27 05:55:00,PT5M,0.0,0.0,0.0,0.0,0.0
2,2,0,2,25,0.14,86.1,3.4,241,2026-09-27 06:00:00,PT5M,0.0,0.0,0.0,0.0,0.0
9,9,0,9,25,0.14,86.0,3.4,242,2026-09-27 06:05:00,PT5M,0.532,0.9425,0.748,0.316,0.1215
17,17,0,17,25,0.14,85.9,3.4,242,2026-09-27 06:10:00,PT5M,1.65,2.636,2.1689,1.1311,0.664
27,27,0,27,25,0.14,85.8,3.4,242,2026-09-27 06:15:00,PT5M,2.884,4.8055,3.8953,1.8727,0.9625
37,37,5,37,25,0.14,85.7,3.4,242,2026-09-27 06:20:00,PT5M,4.26,7.5615,5.9976,2.5224,0.9585
49,49,29,45,25,0.14,85.7,3.4,242,2026-09-27 06:25:00,PT5M,6.138,10.886,8.6369,3.6391,1.39
61,61,53,54,25,0.14,85.6,3.4,242,2026-09-27 06:30:00,PT5M,8.487,14.887,11.8554,5.1186,2.087
75,75,84,62,25,0.14,85.3,3.4,242,2026-09-27 06:35:00,PT5M,11.288,19.4735,15.5961,6.9799,3.1025
91,91,118,69,25,0.14,84.8,3.4,241,2026-09-27 06:40:00,PT5M,14.548,24.5105,19.7913,9.3047,4.5855
108,107,153,76,26,0.14,84.3,3.4,241,2026-09-27 06:45:00,PT5M,18.254,29.929,24.3986,12.1094,6.579
126,125,189,83,26,0.14,83.8,3.4,240,2026-09-27 06:50:00,PT5M,22.244,35.5865,29.2663,15.2217,8.9015
145,144,226,88,26,0.14,83.3,3.4,239,2026-09-27 06:55:00,PT5M,26.502,41.5605,34.4274,18.5766,11.4435
164,163,261,93,26,0.14,82.8,3.5,239,2026-09-27 07:00:00,PT5M,31.032,47.883,39.9008,22.1632,14.181
183,182,291,98,26,0.14,82.3,3.5,238,2026-09-27 07:05:00,PT5M,35.574,54.289,45.4238,25.7242,16.859
203,201,321,103,26,0.14,81.9,3.5,238,2026-09-27 07:10:00,PT5M,40.38,60.98,51.2219,29.5381,19.78
223,221,350,106,27,0.14,81.4,3.5,237,2026-09-27 07:15:00,PT5M,45.362,67.851,57.1981,33.5259,22.873
244,242,380,110,27,0.14,80.9,3.5,237,2026-09-27 07:20:00,PT5M,50.508,74.8855,63.3381,37.6779,26.1305
265,263,409,112,27,0.14,80.4,3.5,236,2026-09-27 07:25:00,PT5M,55.809,82.064,69.6272,41.9908,29.554
286,284,439,114,27,0.14,80.0,3.5,236,2026-09-27 07:30:00,PT5M,61.266,89.395,76.0705,46.4615,33.137
307,304,460,117,27,0.14,79.4,3.5,236,2026-09-27 07:35:00,PT5M,66.266,96.357,82.1031,50.4289,36.175
326,323,473,121,27,0.14,78.8,3.5,236,2026-09-27 07:40:00,PT5M,70.786,100.0,87.7568,53.8152,38.541
344,342,486,124,27,0.14,78.1,3.5,236,2026-09-27 07:45:00,PT5M,73.387,100.0,90.7699,56.0041,40.359
363,360,498,128,28,0.14,77.5,3.5,237,2026-09-27 07:50:00,PT5M,75.413,100.0,92.9922,57.8338,42.012
382,379,510,132,28,0.14,76.8,3.5,237,2026-09-27 07:55:00,PT5M,77.35,100.0,95.1047,59.5953,43.6155
401,398,521,135,28,0.14,76.2,3.5,237,2026-09-27 08:00:00,PT5M,79.187,100.0,97.1267,61.2473,45.101
420,416,532,138,28,0.14,75.6,3.6,238,2026-09-27 08:05:00,PT5M,80.974,100.0,99.034,62.914,46.6595
438,434,543,141,28,0.14,75.0,3.6,238,2026-09-27 08:10:00,PT5M,82.564,100.0,100.0,64.4188,48.0875
457,453,553,144,28,0.14,74.4,3.6,239,2026-09-27 08:15:00,PT5M,84.012,100.0,100.0,65.8212,49.449
475,471,562,147,29,0.14,73.7,3.6,239,2026-09-27 08:20:00,PT5M,85.304,100.0,100.0,67.1243,50.762
493,489,571,149,29,0.14,73.1,3.6,239,2026-09-27 08:25:00,PT5M,86.436,100.0,100.0,68.3376,52.0485
510,506,579,152,29,0.14,72.6,3.6,240,2026-09-27 08:30:00,PT5M,87.491,100.0,100.0,69.4881,53.285
528,524,588,154,29,0.14,71.9,3.6,240,2026-09-27 08:35:00,PT5M,88.491,100.0,100.0,70.6047,54.5065
545,541,596,157,29,0.14,71.1,3.6,240,2026-09-27 08:40:00,PT5M,89.444,100.0,100.0,71.6935,55.7175
563,558,604,158,30,0.14,70.4,3.6,240,2026-09-27 08:45:00,PT5M,90.342,100.0,100.0,72.7878,56.9885
580,575,612,160,30,0.14,69.6,3.5,240,2026-09-27 08:50:00,PT5M,91.195,100.0,100.0,73.9398,58.4095
596,591,620,162,30,0.14,68.9,3.5,240,2026-09-27 08:55:00,PT5M,92.006,100.0,100.0,75.0429,59.7755
613,608,627,164,30,0.14,68.2,3.5,240,2026-09-27 09:00:00,PT5M,92.784,100.0,100.0,76.1066,61.0965
630,624,637,164,30,0.14,67.5,3.5,240,2026-09-27 09:05:00,PT5M,93.649,100.0,100.0,77.2637,62.5165
646,641,646,165,30,0.14,66.8,3.5,240,2026-09-27 09:10:00,PT5M,94.477,100.0,100.0,78.377,63.8865
663,657,655,165,31,0.14,66.1,3.5,240,2026-09-27 09:15:00,PT5M,95.268,100.0,100.0,79.4467,65.207
679,673,664,165,31,0.14,65.4,3.5,240,2026-09-27 09:20:00,PT5M,96.026,100.0,100.0,80.4763,66.481
695,689,672,165,31,0.14,64.7,3.5,240,2026-09-27 09:25:00,PT5M,96.751,100.0,100.0,81.4663,67.7095
710,704,681,165,31,0.14,64.0,3.5,240,2026-09-27 09:30:00,PT5M,97.447,100.0,100.0,82.3222,68.7095
724,718,685,166,31,0.14,63.4,3.4,240,2026-09-27 09:35:00,PT5M,97.898,100.0,100.0,82.9714,69.537
736,729,685,170,31,0.14,62.7,3.4,239,2026-09-27 09:40:00,PT5M,98.115,100.0,100.0,83.3263,70.016
746,740,683,174,32,0.14,62.1,3.4,238,2026-09-27 09:45:00,PT5M,98.262,100.0,100.0,83.6925,70.5795
757,751,681,178,32,0.14,61.5,3.4,238,2026-09-27 09:50:00,PT5M,98.386,100.0,100.0,83.9326,70.924
767,761,679,181,32,0.14,60.9,3.4,237,2026-09-27 09:55:00,PT5M,98.497,100.0,100.0,84.153,71.243
776,770,677,185,32,0.14,60.3,3.4,236,2026-09-27 10:00:00,PT5M,98.593,100.0,100.0,84.3488,71.5285
785,779,675,189,32,0.14,59.7,3.3,235,2026-09-27 10:05:00,PT5M,98.673,100.0,100.0,84.5214,71.7845
794,788,672,193,32,0.14,59.1,3.3,234,2026-09-27 10:10:00,PT5M,98.738,100.0,100.0,84.6719,72.012
802,796,670,197,33,0.14,58.5,3.3,233,2026-09-27 10:15:00,PT5M,98.785,100.0,100.0,84.7976,72.2085
810,803,667,201,33,0.14,57.9,3.3,232,2026-09-27 10:20:00,PT5M,98.816,100.0,100.0,84.9004,72.376
817,810,665,205,33,0.14,57.3,3.3,231,2026-09-27 10:25:00,PT5M,98.835,100.0,100.0,84.9855,72.5205
824,817,662,209,33,0.14,56.8,3.3,230,2026-09-27 10:30:00,PT5M,98.84,100.0,100.0,85.051,72.6405
830,824,660,212,33,0.14,56.3,3.3,230,2026-09-27 10:35:00,PT5M,98.89,100.0,100.0,85.1681,72.818
837,831,659,214,33,0.14,56.0,3.3,230,2026-09-27 10:40:00,PT5M,98.986,100.0,100.0,85.3375,73.0535
843,837,658,217,33,0.14,55.6,3.2,230,2026-09-27 10:45:00,PT5M,99.062,100.0,100.0,85.4799,73.2555
849,843,657,220,33,0.14,55.3,3.2,230,2026-09-27 10:50:00,PT5M,99.118,100.0,100.0,85.5927,73.4195
855,848,656,222,33,0.14,55.0,3.2,230,2026-09-27 10:55:00,PT5M,99.15,100.0,100.0,85.6647,73.5275
859,853,654,225,34,0.14,54.6,3.2,229,2026-09-27 11:00:00,PT5M,99.162,100.0,100.0,85.7014,73.5865
864,857,653,227,34,0.14,54.3,3.2,229,2026-09-27 11:05:00,PT5M,99.165,100.0,100.0,85.7402,73.6575
868,861,651,230,34,0.14,54.0,3.2,229,2026-09-27 11:10:00,PT5M,99.151,100.0,100.0,85.762,73.7115
871,864,649,232,34,0.14,53.6,3.2,229,2026-09-27 11:15:00,PT5M,99.116,100.0,100.0,85.7457,73.712
874,867,647,234,34,0.14,53.3,3.2,229,2026-09-27 11:20:00,PT5M,99.063,100.0,100.0,85.7009,73.6745
876,869,645,236,34,0.14,53.0,3.2,229,2026-09-27 11:25:00,PT5M,98.99,100.0,100.0,85.6273,73.6005
878,871,643,238,34,0.14,52.7,3.2,229,2026-09-27 11:30:00,PT5M,98.898,100.0,100.0,85.5274,73.4935
877,870,636,243,34,0.14,52.4,3.2,229,2026-09-27 11:35:00,PT5M,98.559,100.0,100.0,85.1369,73.0565
873,866,624,250,34,0.14,52.2,3.2,229,2026-09-27 11:40:00,PT5M,97.972,100.0,100.0,84.4533,72.286
868,862,612,257,34,0.14,52.1,3.2,229,2026-09-27 11:45:00,PT5M,97.366,100.0,100.0,83.7425,71.481
863,857,600,263,34,0.14,51.9,3.2,230,2026-09-27 11:50:00,PT5M,96.738,100.0,100.0,83.0016,70.6385
858,852,587,270,34,0.14,51.7,3.1,230,2026-09-27 11:55:00,PT5M,96.088,100.0,100.0,82.2309,69.759
852,846,575,276,35,0.14,51.6,3.1,230,2026-09-27 12:00:00,PT5M,95.469,100.0,100.0,81.4829,68.895
845,839,563,282,35,0.14,51.4,3.1,230,2026-09-27 12:05:00,PT5M,94.881,100.0,100.0,80.7583,68.0475
838,832,550,288,35,0.14,51.2,3.1,231,2026-09-27 12:10:00,PT5M,94.267,100.0,100.0,80.0007,67.1605
831,825,538,294,35,0.14,51.1,3.1,231,2026-09-27 12:15:00,PT5M,93.627,100.0,100.0,79.2101,66.2345
823,817,525,299,35,0.14,50.9,3.1,231,2026-09-27 12:20:00,PT5M,93.025,100.0,100.0,78.451,65.334
814,809,513,305,35,0.14,50.7,3.1,231,2026-09-27 12:25:00,PT5M,92.337,100.0,100.0,77.5999,64.336
805,800,500,309,35,0.14,50.6,3.1,232,2026-09-27 12:30:00,PT5M,91.623,100.0,100.0,76.7177,63.3025
796,791,488,314,35,0.14,50.8,3.1,231,2026-09-27 12:35:00,PT5M,90.928,100.0,100.0,75.8551,62.289
787,782,476,318,35,0.14,51.5,3.1,231,2026-09-27 12:40:00,PT5M,90.249,100.0,100.0,75.0079,61.2905
777,772,464,322,34,0.14,52.3,3.2,231,2026-09-27 12:45:00,PT5M,89.537,100.0,100.0,74.1199,60.244
767,762,453,325,34,0.14,53.0,3.2,231,2026-09-27 12:50:00,PT5M,88.786,100.0,100.0,73.1797,59.1335
756,752,441,328,34,0.14,53.8,3.3,230,2026-09-27 12:55:00,PT5M,88.008,100.0,100.0,72.2138,57.9985
745,741,429,331,34,0.14,54.5,3.3,230,2026-09-27 13:00:00,PT5M,87.22,100.0,100.0,71.2503,56.877
734,730,418,334,33,0.14,55.3,3.4,230,2026-09-27 13:05:00,PT5M,86.392,100.0,100.0,70.2359,55.695
722,718,406,336,33,0.14,56.1,3.4,229,2026-09-27 13:10:00,PT5M,85.517,100.0,100.0,69.1625,54.443
711,707,395,338,33,0.14,56.9,3.5,229,2026-09-27 13:15:00,PT5M,84.602,100.0,100.0,68.0436,53.1405
699,695,384,339,33,0.14,57.7,3.5,229,2026-09-27 13:20:00,PT5M,83.651,100.0,100.0,66.8855,51.796
686,683,373,340,32,0.14,58.5,3.5,229,2026-09-27 13:25:00,PT5M,82.663,100.0,99.6377,65.6883,50.4105
674,670,362,341,32,0.14,59.4,3.6,228,2026-09-27 13:30:00,PT5M,81.64,100.0,98.8255,64.4545,48.987
657,654,344,343,32,0.14,59.8,3.6,228,2026-09-27 13:35:00,PT5M,80.019,100.0,97.5106,62.5274,46.7845
637,634,321,347,32,0.14,59.7,3.6,228,2026-09-27 13:40:00,PT5M,77.927,100.0,95.8138,60.0402,43.9415
616,614,299,350,32,0.14,59.6,3.5,227,2026-09-27 13:45:00,PT5M,75.798,100.0,94.0743,57.5217,41.0725
596,594,277,352,32,0.14,59.6,3.5,226,2026-09-27 13:50:00,PT5M,73.63,100.0,92.2894,54.9706,38.1765
576,574,256,353,32,0.14,59.5,3.4,226,2026-09-27 13:55:00,PT5M,71.426,100.0,90.462,52.39,35.257
556,554,236,353,32,0.14,59.4,3.4,225,2026-09-27 14:00:00,PT5M,69.187,100.0,88.593,49.781,32.315
536,535,217,352,32,0.14,59.4,3.4,225,2026-09-27 14:05:00,PT5M,66.911,100.0,86.6815,47.1405,29.3465
517,516,198,351,32,0.14,59.3,3.3,224,2026-09-27 14:10:00,PT5M,64.6,100.0,84.727,44.473,26.358
497,496,180,349,32,0.14,59.2,3.3,223,2026-09-27 14:15:00,PT5M,62.264,100.0,82.7397,41.7883,23.3595
478,477,163,346,32,0.14,59.2,3.3,223,2026-09-27 14:20:00,PT5M,59.87,99.425,80.6881,39.0519,20.315
459,458,146,342,32,0.14,59.1,3.2,222,2026-09-27 14:25:00,PT5M,57.457,97.6445,78.608,36.306,17.2695
440,439,130,338,32,0.14,59.0,3.2,222,2026-09-27 14:30:00,PT5M,55.028,95.8305,76.5026,33.5534,14.2255
425,425,120,333,32,0.14,59.4,3.1,222,2026-09-27 14:35:00,PT5M,53.187,94.4245,74.8906,31.4834,11.9495
414,413,115,327,32,0.14,60.2,2.9,223,2026-09-27 14:40:00,PT5M,51.917,93.4245,73.7627,30.0713,10.4095
402,402,109,322,32,0.14,61.0,2.7,224,2026-09-27 14:45:00,PT5M,50.614,92.4015,72.6071,28.6209,8.8265
391,391,104,316,31,0.14,61.8,2.5,225,2026-09-27 14:50:00,PT5M,49.472,91.5525,71.6193,27.3247,7.3915
379,379,99,309,31,0.14,62.6,2.3,227,2026-09-27 14:55:00,PT5M,48.106,90.309,70.3177,25.8943,5.903
368,368,94,303,31,0.14,63.4,2.1,229,2026-09-27 15:00:00,PT5M,46.776,88.9255,68.9596,24.5924,4.6265
357,357,89,297,31,0.14,64.3,1.9,231,2026-09-27 15:05:00,PT5M,45.411,87.4845,67.5546,23.2674,3.3375
345,345,84,290,31,0.14,65.1,1.7,235,2026-09-27 15:10:00,PT5M,44.007,85.981,66.0982,21.9158,2.033
334,334,79,283,31,0.14,66.0,1.5,238,2026-09-27 15:15:00,PT5M,42.562,84.4105,64.5872,20.5368,0.7135
322,322,74,276,31,0.14,66.9,1.3,243,2026-09-27 15:20:00,PT5M,41.063,82.697,62.9753,19.1507,0.0
310,310,68,268,31,0.14,67.8,1.1,250,2026-09-27 15:25:00,PT5M,39.52,80.9655,61.3331,17.7069,0.0
298,298,63,261,31,0.14,68.7,1.0,258,2026-09-27 15:30:00,PT5M,37.932,79.146,59.6232,16.2408,0.0
287,287,60,253,30,0.14,69.7,1.0,260,2026-09-27 15:35:00,PT5M,36.556,77.5155,58.1133,14.9987,0.0
277,277,58,245,30,0.14,70.9,1.1,255,2026-09-27 15:40:00,PT5M,35.431,76.0755,56.8225,14.0395,0.0
267,267,57,236,30,0.14,72.0,1.2,251,2026-09-27 15:45:00,PT5M,34.276,74.52,55.4567,13.0953,0.0
256,256,55,227,30,0.14,73.2,1.4,247,2026-09-27 15:50:00,PT5M,33.076,72.8445,54.0064,12.1456,0.0
245,245,53,219,30,0.14,74.5,1.5,244,2026-09-27 15:55:00,PT5M,31.83,71.052,52.4728,11.1872,0.0
234,235,51,210,29,0.14,75.7,1.7,242,2026-09-27 16:00:00,PT5M,30.535,69.15,50.8584,10.2116,0.0
223,224,48,201,29,0.14,77.0,1.8,240,2026-09-27 16:05:00,PT5M,29.193,67.1545,49.1724,9.2136,0.0
212,213,46,192,29,0.14,78.2,2.0,239,2026-09-27 16:10:00,PT5M,27.804,65.07,47.4174,8.1906,0.0
201,202,43,183,29,0.14,79.6,2.2,237,2026-09-27 16:15:00,PT5M,26.419,62.6445,45.4847,7.3533,0.0
190,190,40,174,29,0.14,80.9,2.3,236,2026-09-27 16:20:00,PT5M,25.056,58.95,42.8947,7.2173,0.0
179,179,37,165,29,0.14,82.2,2.5,235,2026-09-27 16:25:00,PT5M,23.556,55.215,40.2184,6.8936,0.0
168,168,33,156,28,0.14,83.6,2.6,234,2026-09-27 16:30:00,PT5M,21.989,51.4415,37.4901,6.4879,0.0
157,157,30,147,28,0.14,84.5,2.7,234,2026-09-27 16:35:00,PT5M,20.403,47.6615,34.7493,6.0567,0.0
145,146,26,137,28,0.14,84.8,2.7,233,2026-09-27 16:40:00,PT5M,18.937,43.9885,32.1218,5.7522,0.0
134,135,21,128,28,0.14,85.1,2.7,232,2026-09-27 16:45:00,PT5M,17.266,40.1215,29.295,5.237,0.0
123,123,16,119,28,0.14,85.5,2.7,231,2026-09-27 16:50:00,PT5M,15.584,36.2665,26.4693,4.6987,0.0
112,112,11,109,28,0.14,85.8,2.7,230,2026-09-27 16:55:00,PT5M,13.912,32.4645,23.6763,4.1477,0.0
100,101,3,100,28,0.14,86.1,2.7,229,2026-09-27 17:00:00,PT5M,12.133,28.64,20.8208,3.4452,0.0
89,89,0,89,28,0.14,86.5,2.7,228,2026-09-27 17:05:00,PT5M,10.651,25.21,18.3135,2.9885,0.0
78,78,0,78,28,0.14,86.8,2.6,227,2026-09-27 17:10:00,PT5M,9.19,21.8545,15.8554,2.5246,0.0
67,67,0,67,28,0.14,87.1,2.6,227,2026-09-27 17:15:00,PT5M,7.822,18.5895,13.489,2.155,0.0
56,56,0,56,28,0.14,87.5,2.6,226,2026-09-27 17:20:00,PT5M,6.573,15.397,11.2171,1.9289,0.0
46,46,0,46,27,0.14,87.8,2.6,225,2026-09-27 17:25:00,PT5M,5.309,12.26,8.9674,1.6506,0.0
37,37,0,37,27,0.14,88.2,2.6,224,2026-09-27 17:30:00,PT5M,4.063,9.263,6.7998,1.3262,0.0
28,28,0,28,27,0.14,88.5,2.6,224,2026-09-27 17:35:00,PT5M,2.967,6.6445,4.9025,1.0315,0.0
20,20,0,20,27,0.14,88.7,2.6,224,2026-09-27 17:40:00,PT5M,1.944,4.1625,3.1116,0.7764,0.0
13,13,0,13,27,0.14,89.0,2.6,225,2026-09-27 17:45:00,PT5M,1.007,2.1455,1.6062,0.4078,0.0
6,6,0,6,27,0.14,89.2,2.6,226,2026-09-27 17:50:00,PT5M,0.17,0.546,0.3679,0.0,0.0
1,1,0,1,27,0.14,89.5,2.5,226,2026-09-27 17:55:00,PT5M,0.0,0.0,0.0,0.0,0.0
0,0,0,0,27,0.14,89.8,2.5,227,2026-09-27 18:00:00,PT5M,0.0,0.0,0.0,0.0,0.0
0,0,0,0,27,0.14,90.0,2.5,228,2026-09-27 18:05:00,PT5M,0.0,0.0,0.0,0.0,0.0
0,0,0,0,27,0.14,90.3,2.5,228,2026-09-27 18:10:00,PT5M,0.0,0.0,0.0,0.0,0.0
0,0,0,0,27,0.14,90.6,2.5,229,2026-09-27 18:15:00,PT5M,0.0,0.0,0.0,0.0,0.0
0,0,0,0,27,0.14,90.8,2.5,230,2026-09-27 18:20:00,PT5M,0.0,0.0,0.0,0.0,0.0
0,0,0,0,27,0.14,91.1,2.4,231,2026-09-27 18:25:00,PT5M,0.0,0.0,0.0,0.0,0.0
0,0,0,0,27,0.14,91.4,2.4,231,2026-09-27 18:30:00,PT5M,0.0,0.0,0.0,0.0,0.0
0,0,0,0,27,0.14,91.4,2.4,232,2026-09-27 18:35:00,PT5M,0.0,0.0,0.0,0.0,0.0
0,0,0,0,27,0.14,91.4,2.4,231,2026-09-27 18:40:00,PT5M,0.0,0.0,0.0,0.0,0.0
0,0,0,0,27,0.14,91.3,2.4,231,2026-09-27 18:45:00,PT5M,0.0,0.0,0.0,0.0,0.0
0,0,0,0,26,0.14,91.2,2.4,230,2026-09-27 18:50:00,PT5M,0.0,0.0,0.0,0.0,0.0
0,0,0,0,26,0.14,91.1,2.4,230,2026-09-27 18:55:00,PT5M,0.0,0.0,0.0,0.0,0.0
0,0,0,0,26,0.14,91.0,2.4,229,2026-09-27 19:00:00,PT5M,0.0,0.0,0.0,0.0,0.0
0,0,0,0,26,0.14,90.9,2.4,229,2026-09-27 19:05:00,PT5M,0.0,0.0,0.0,0.0,0.0
0,0,0,0,26,0.14,90.8,2.4,229,2026-09-27 19:10:00,PT5M,0.0,0.0,0.0,0.0,0.0
0,0,0,0,26,0.14,90.7,2.4,228,2026-09-27 19:15:00,PT5M,0.0,0.0,0.0,0.0,0.0
0,0,0,0,26,0.14,90.6,2.4,228,2026-09-27 19:20:00,PT5M,0.0,0.0,0.0,0.0,0.0
0,0,0,0,26,0.14,90.5,2.3,227,2026-09-27 19:25:00,PT5M,0.0,0.0,0.0,0.0,0.0
0,0,0,0,26,0.14,90.4,2.3,227,2026-09-27 19:30:00,PT5M,0.0,0.0,0.0,0.0,0.0
0,0,0,0,26,0.14,90.4,2.4,227,2026-09-27 19:35:00,PT5M,0.0,0.0,0.0,0.0,0.0
0,0,0,0,26,0.14,90.5,2.4,227,2026-09-27 19:40:00,PT5M,0.0,0.0,0.0,0.0,0.0
0,0,0,0,26,0.14,90.5,2.5,227,2026-09-27 19:45:00,PT5M,0.0,0.0,0.0,0.0,0.0
0,0,0,0,26,0.14,90.5,2.5,227,2026-09-27 19:50:00,PT5M,0.0,0.0,0.0,0.0,0.0
0,0,0,0,26,0.14,90.6,2.6,227,2026-09-27 19:55:00,PT5M,0.0,0.0,0.0,0.0,0.0
0,0,0,0,26,0.14,90.6,2.7,227,2026-09-27 20:00:00,PT5M,0.0,0.0,0.0,0.0,0.0
0,0,0,0,26,0.14,90.7,2.7,226,2026-09-27 20:05:00,PT5M,0.0,0.0,0.0,0.0,0.0
0,0,0,0,26,0.14,90.7,2.8,226,2026-09-27 20:10:00,PT5M,0.0,0.0,0.0,0.0,0.0
0,0,0,0,26,0.14,90.8,2.8,226,2026-09-27 20:15:00,PT5M,0.0,0.0,0.0,0.0,0.0
0,0,0,0,26,0.14,90.8,2.9,226,2026-09-27 20:20:00,PT5M,0.0,0.0,0.0,0.0,0.0
0,0,0,0,26,0.14,90.9,3.0,226,2026-09-27 20:25:00,PT5M,0.0,0.0,0.0,0.0,0.0
0,0,0,0,26,0.14,90.9,3.0,226,2026-09-27 20:30:00,PT5M,0.0,0.0,0.0,0.0,0.0
0,0,0,0,26,0.14,90.9,3.1,226,2026-09-27 20:35:00,PT5M,0.0,0.0,0.0,0.0,0.0
0,0,0,0,26,0.14,90.9,3.1,227,2026-09-27 20:40:00,PT5M,0.0,0.0,0.0,0.0,0.0
0,0,0,0,26,0.14,90.8,3.2,227,2026-09-27 20:45:00,PT5M,0.0,0.0,0.0,0.0,0.0
0,0,0,0,26,0.14,90.8,3.2,227,2026-09-27 20:50:00,PT5M,0.0,0.0,0.0,0.0,0.0
0,0,0,0,26,0.14,90.7,3.3,228,2026-09-27 20:55:00,PT5M,0.0,0.0,0.0,0.0,0.0
0,0,0,0,26,0.14,90.7,3.3,228,2026-09-27 21:00:00,PT5M,0.0,0.0,0.0,0.0,0.0
0,0,0,0,26,0.14,90.6,3.4,228,2026-09-27 21:05:00,PT5M,0.0,0.0,0.0,0.0,0.0
0,0,0,0,26,0.14,90.6,3.4,228,2026-09-27 21:10:00,PT5M,0.0,0.0,0.0,0.0,0.0
0,0,0,0,26,0.14,90.5,3.5,229,2026-09-27 21:15:00,PT5M,0.0,0.0,0.0,0.0,0.0
0,0,0,0,26,0.14,90.5,3.6,229,2026-09-27 21:20:00,PT5M,0.0,0.0,0.0,0.0,0.0
0,0,0,0,26,0.14,90.4,3.6,229,2026-09-27 21:25:00,PT5M,0.0,0.0,0.0,0.0,0.0
0,0,0,0,26,0.14,90.4,3.7,229,2026-09-27 21:30:00,PT5M,0.0,0.0,0.0,0.0,0.0
0,0,0,0,26,0.14,90.3,3.7,230,2026-09-27 21:35:00,PT5M,0.0,0.0,0.0,0.0,0.0
0,0,0,0,26,0.14,90.3,3.7,230,2026-09-27 21:40:00,PT5M,0.0,0.0,0.0,0.0,0.0
0,0,0,0,26,0.14,90.3,3.7,230,2026-09-27 21:45:00,PT5M,0.0,0.0,0.0,0.0,0.0
0,0,0,0,26,0.14,90.2,3.7,231,2026-09-27 21:50:00,PT5M,0.0,0.0,0.0,0.0,0.0
0,0,0,0,26,0.14,90.2,3.8,231,2026-09-27 21:55:00,PT5M,0.0,0.0,0.0,0.0,0.0
0,0,0,0,26,0.14,90.1,3.8,231,2026-09-27 22:00:00,PT5M,0.0,0.0,0.0,0.0,0.0
0,0,0,0,26,0.14,90.1,3.8,232,2026-09-27 22:05:00,PT5M,0.0,0.0,0.0,0.0,0.0
0,0,0,0,26,0.14,90.0,3.8,232,2026-09-27 22:10:00,PT5M,0.0,0.0,0.0,0.0,0.0
0,0,0,0,26,0.14,90.0,3.8,232,2026-09-27 22:15:00,PT5M,0.0,0.0,0.0,0.0,0.0
0,0,0,0,26,0.14,89.9,3.8,233,2026-09-27 22:20:00,PT5M,0.0,0.0,0.0,0.0,0.0
0,0,0,0,26,0.14,89.9,3.8,233,2026-09-27 22:25:00,PT5M,0.0,0.0,0.0,0.0,0.0
0,0,0,0,26,0.14,89.8,3.9,233,2026-09-27 22:30:00,PT5M,0.0,0.0,0.0,0.0,0.0
0,0,0,0,26,0.14,89.8,3.9,234,2026-09-27 22:35:00,PT5M,0.0,0.0,0.0,0.0,0.0
0,0,0,0,26,0.14,89.8,3.9,234,2026-09-27 22:40:00,PT5M,0.0,0.0,0.0,0.0,0.0
0,0,0,0,26,0.14,89.8,3.9,234,2026-09-27 22:45:00,PT5M,0.0,0.0,0.0,0.0,0.0
0,0,0,0,26,0.14,89.8,3.9,234,2026-09-27 22:50:00,PT5M,0.0,0.0,0.0,0.0,0.0
0,0,0,0,26,0.14,89.8,3.9,235,2026-09-27 22:55:00,PT5M,0.0,0.0,0.0,0.0,0.0
0,0,0,0,26,0.14,89.8,3.9,235,2026-09-27 23:00:00,PT5M,0.0,0.0,0.0,0.0,0.0
0,0,0,0,26,0.14,89.8,3.9,235,2026-09-27 23:05:00,PT5M,0.0,0.0,0.0,0.0,0.0
0,0,0,0,26,0.14,89.8,3.9,235,2026-09-27 23:10:00,PT5M,0.0,0.0,0.0,0.0,0.0
0,0,0,0,26,0.14,89.8,3.9,235,2026-09-27 23:15:00,PT5M,0.0,0.0,0.0,0.0,0.0
0,0,0,0,26,0.14,89.8,3.9,236,2026-09-27 23:20:00,PT5M,0.0,0.0,0.0,0.0,0.0
0,0,0,0,26,0.14,89.8,4.0,236,2026-09-27 23:25:00,PT5M,0.0,0.0,0.0,0.0,0.0
0,0,0,0,26,0.14,89.8,4.0,236,2026-09-27 23:30:00,PT5M,0.0,0.0,0.0,0.0,0.0
0,0,0,0,26,0.14,89.8,4.0,236,2026-09-27 23:35:00,PT5M,0.0,0.0,0.0,0.0,0.0
0,0,0,0,26,0.14,89.8,4.0,236,2026-09-27 23:40:00,PT5M,0.0,0.0,0.0,0.0,0.0
0,0,0,0,26,0.14,89.8,4.0,236,2026-09-27 23:45:00,PT5M,0.0,0.0,0.0,0.0,0.0
0,0,0,0,26,0.14,89.8,4.0,236,2026-09-27 23:50:00,PT5M,0.0,0.0,0.0,0.0,0.0
0,0,0,0,26,0.14,89.8,4.0,236,2026-09-27 23:55:00,PT5M,0.0,0.0,0.0,0.0,0.0
0,0,0,0,26,0.14,89.8,4.0,236,2026-09-28 00:00:00,PT5M,0.0,0.0,0.0,0.0,0.0
0,0,0,0,25,0.14,89.8,4.0,236,2026-09-28 00:05:00,PT5M,0.0,0.0,0.0,0.0,0.0
0,0,0,0,25,0.14,89.8,4.0,236,2026-09-28 00:10:00,PT5M,0.0,0.0,0.0,0.0,0.0
0,0,0,0,25,0.14,89.8,4.0,236,2026-09-28 00:15:00,PT5M,0.0,0.0,0.0,0.0,0.0
0,0,0,0,25,0.14,89.8,4.0,236,2026-09-28 00:20:00,PT5M,0.0,0.0,0.0,0.0,0.0
0,0,0,0,25,0.14,89.8,4.0,236,2026-09-28 00:25:00,PT5M,0.0,0.0,0.0,0.0,0.0
0,0,0,0,25,0.14,89.8,4.0,236,2026-09-28 00:30:00,PT5M,0.0,0.0,0.0,0.0,0.0
0,0,0,0,25,0.14,89.8,4.0,237,2026-09-28 00:35:00,PT5M,0.0,0.0,0.0,0.0,0.0
0,0,0,0,25,0.14,89.8,3.9,237,2026-09-28 00:40:00,PT5M,0.0,0.0,0.0,0.0,0.0
0,0,0,0,25,0.14,89.8,3.9,237,2026-09-28 00:45:00,PT5M,0.0,0.0,0.0,0.0,0.0
0,0,0,0,25,0.14,89.8,3.9,238,2026-09-28 00:50:00,PT5M,0.0,0.0,0.0,0.0,0.0
0,0,0,0,25,0.14,89.8,3.9,238,2026-09-28 00:55:00,PT5M,0.0,0.0,0.0,0.0,0.0
0,0,0,0,25,0.14,89.8,3.9,239,2026-09-28 01:00:00,PT5M,0.0,0.0,0.0,0.0,0.0
0,0,0,0,25,0.14,89.8,3.9,239,2026-09-28 01:05:00,PT5M,0.0,0.0,0.0,0.0,0.0
0,0,0,0,25,0.14,89.8,3.8,239,2026-09-28 01:10:00,PT5M,0.0,0.0,0.0,0.0,0.0
0,0,0,0,25,0.14,89.8,3.8,240,2026-09-28 01:15:00,PT5M,0.0,0.0,0.0,0.0,0.0
0,0,0,0,25,0.14,89.8,3.8,240,2026-09-28 01:20:00,PT5M,0.0,0.0,0.0,0.0,0.0
0,0,0,0,25,0.14,89.8,3.8,241,2026-09-28 01:25:00,PT5M,0.0,0.0,0.0,0.0,0.0
0,0,0,0,25,0.14,89.8,3.8,241,2026-09-28 01:30:00,PT5M,0.0,0.0,0.0,0.0,0.0
0,0,0,0,25,0.14,89.8,3.7,241,2026-09-28 01:35:00,PT5M,0.0,0.0,0.0,0.0,0.0
0,0,0,0,25,0.14,90.0,3.7,241,2026-09-28 01:40:00,PT5M,0.0,0.0,0.0,0.0,0.0
0,0,0,0,25,0.14,90.1,3.7,241,2026-09-28 01:45:00,PT5M,0.0,0.0,0.0,0.0,0.0
0,0,0,0,25,0.14,90.2,3.7,241,2026-09-28 01:50:00,PT5M,0.0,0.0,0.0,0.0,0.0
0,0,0,0,25,0.14,90.4,3.7,241,2026-09-28 01:55:00,PT5M,0.0,0.0,0.0,0.0,0.0
0,0,0,0,25,0.14,90.5,3.7,241,2026-09-28 02:00:00,PT5M,0.0,0.0,0.0,0.0,0.0
0,0,0,0,25,0.14,90.7,3.6,241,2026-09-28 02:05:00,PT5M,0.0,0.0,0.0,0.0,0.0
0,0,0,0,25,0.14,90.8,3.6,241,2026-09-28 02:10:00,PT5M,0.0,0.0,0.0,0.0,0.0
0,0,0,0,25,0.14,90.9,3.6,241,2026-09-28 02:15:00,PT5M,0.0,0.0,0.0,0.0,0.0
0,0,0,0,25,0.14,91.1,3.6,241,2026-09-28 02:20:00,PT5M,0.0,0.0,0.0,0.0,0.0
0,0,0,0,25,0.14,91.2,3.6,241,2026-09-28 02:25:00,PT5M,0.0,0.0,0.0,0.0,0.0
0,0,0,0,25,0.14,91.3,3.5,241,2026-09-28 02:30:00,PT5M,0.0,0.0,0.0,0.0,0.0
0,0,0,0,25,0.14,91.4,3.5,241,2026-09-28 02:35:00,PT5M,0.0,0.0,0.0,0.0,0.0
0,0,0,0,25,0.14,91.4,3.5,241,2026-09-28 02:40:00,PT5M,0.0,0.0,0.0,0.0,0.0
0,0,0,0,25,0.14,91.4,3.5,240,2026-09-28 02:45:00,PT5M,0.0,0.0,0.0,0.0,0.0
0,0,0,0,25,0.14,91.4,3.4,240,2026-09-28 02:50:00,PT5M,0.0,0.0,0.0,0.0,0.0
0,0,0,0,25,0.14,91.4,3.4,239,2026-09-28 02:55:00,PT5M,0.0,0.0,0.0,0.0,0.0
0,0,0,0,25,0.14,91.4,3.4,239,2026-09-28 03:00:00,PT5M,0.0,0.0,0.0,0.0,0.0
0,0,0,0,25,0.14,91.4,3.3,238,2026-09-28 03:05:00,PT5M,0.0,0.0,0.0,0.0,0.0
0,0,0,0,25,0.14,91.4,3.3,238,2026-09-28 03:10:00,PT5M,0.0,0.0,0.0,0.0,0.0
0,0,0,0,25,0.14,91.4,3.3,237,2026-09-28 03:15:00,PT5M,0.0,0.0,0.0,0.0,0.0
0,0,0,0,25,0.14,91.4,3.2,237,2026-09-28 03:20:00,PT5M,0.0,0.0,0.0,0.0,0.0
0,0,0,0,25,0.14,91.4,3.2,236,2026-09-28 03:25:00,PT5M,0.0,0.0,0.0,0.0,0.0
0,0,0,0,25,0.14,91.4,3.2,236,2026-09-28 03:30:00,PT5M,0.0,0.0,0.0,0.0,0.0
0,0,0,0,25,0.14,91.4,3.2,235,2026-09-28 03:35:00,PT5M,0.0,0.0,0.0,0.0,0.0
0,0,0,0,25,0.14,91.5,3.2,235,2026-09-28 03:40:00,PT5M,0.0,0.0,0.0,0.0,0.0
0,0,0,0,25,0.14,91.5,3.2,234,2026-09-28 03:45:00,PT5M,0.0,0.0,0.0,0.0,0.0
0,0,0,0,25,0.14,91.6,3.2,234,2026-09-28 03:50:00,PT5M,0.0,0.0,0.0,0.0,0.0
0,0,0,0,25,0.14,91.6,3.2,234,2026-09-28 03:55:00,PT5M,0.0,0.0,0.0,0.0,0.0
0,0,0,0,25,0.14,91.6,3.2,233,2026-09-28 04:00:00,PT5M,0.0,0.0,0.0,0.0,0.0
0,0,0,0,25,0.14,91.7,3.2,233,2026-09-28 04:05:00,PT5M,0.0,0.0,0.0,0.0,0.0
0,0,0,0,25,0.14,91.7,3.2,233,2026-09-28 04:10:00,PT5M,0.0,0.0,0.0,0.0,0.0
0,0,0,0,25,0.14,91.8,3.2,232,2026-09-28 04:15:00,PT5M,0.0,0.0,0.0,0.0,0.0
0,0,0,0,25,0.14,91.8,3.2,232,2026-09-28 04:20:00,PT5M,0.0,0.0,0.0,0.0,0.0
0,0,0,0,25,0.14,91.9,3.2,232,2026-09-28 04:25:00,PT5M,0.0,0.0,0.0,0.0,0.0
0,0,0,0,25,0.14,91.9,3.2,232,2026-09-28 04:30:00,PT5M,0.0,0.0,0.0,0.0,0.0
0,0,0,0,25,0.14,91.9,3.2,231,2026-09-28 04:35:00,PT5M,0.0,0.0,0.0,0.0,0.0
0,0,0,0,25,0.14,91.9,3.2,232,2026-09-28 04:40:00,PT5M,0.0,0.0,0.0,0.0,0.0
0,0,0,0,25,0.14,91.9,3.3,232,2026-09-28 04:45:00,PT5M,0.0,0.0,0.0,0.0,0.0
0,0,0,0,25,0.14,91.9,3.3,232,2026-09-28 04:50:00,PT5M,0.0,0.0,0.0,0.0,0.0
0,0,0,0,25,0.14,91.9,3.3,232,2026-09-28 04:55:00,PT5M,0.0,0.0,0.0,0.0,0.0
0,0,0,0,25,0.14,91.9,3.3,232,2026-09-28 05:00:00,PT5M,0.0,0.0,0.0,0.0,0.0
0,0,0,0,25,0.14,91.9,3.4,232,2026-09-28 05:05:00,PT5M,0.0,0.0,0.0,0.0,0.0
0,0,0,0,25,0.14,91.9,3.4,232,2026-09-28 05:10:00,PT5M,0.0,0.0,0.0,0.0,0.0
0,0,0,0,25,0.14,91.9,3.4,233,2026-09-28 05:15:00,PT5M,0.0,0.0,0.0,0.0,0.0
0,0,0,0,25,0.14,91.9,3.4,233,2026-09-28 05:20:00,PT5M,0.0,0.0,0.0,0.0,0.0
0,0,0,0,25,0.14,91.9,3.5,233,2026-09-28 05:25:00,PT5M,0.0,0.0,0.0,0.0,0.0
0,0,0,0,25,0.14,91.9,3.5,233,2026-09-28 05:30:00,PT5M,0.0,0.0,0.0,0.0,0.0
0,0,0,0,25,0.14,91.8,3.5,233,2026-09-28 05:35:00,PT5M,0.0,0.0,0.0,0.0,0.0
0,0,0,0,25,0.14,91.5,3.5,234,2026-09-28 05:40:00,PT5M,0.0,0.0,0.0,0.0,0.0
0,0,0,0,25,0.14,91.3,3.5,234,2026-09-28 05:45:00,PT5M,0.0,0.0,0.0,0.0,0.0
0,0,0,0,25,0.14,91.0,3.5,235,2026-09-28 05:50:00,PT5M,0.0,0.0,0.0,0.0,0.0
0,0,0,0,25,0.14,90.7,3.5,235,2026-09-28 05:55:00,PT5M,0.0,0.0,0.0,0.0,0.0
3,3,0,3,25,0.14,90.4,3.5,236,2026-09-28 06:00:00,PT5M,0.0,0.0,0.0,0.0,0.0
11,11,3,11,25,0.14,90.2,3.5,236,2026-09-28 06:05:00,PT5M,0.851,1.26,1.0663,0.6357,0.442
21,22,31,19,25,0.14,89.9,3.5,237,2026-09-28 06:10:00,PT5M,2.229,3.109,2.6922,1.7658,1.349
33,33,81,26,25,0.14,89.6,3.5,237,2026-09-28 06:15:00,PT5M,4.259,6.07,5.2121,3.3059,2.448
47,46,135,33,25,0.14,89.4,3.5,238,2026-09-28 06:20:00,PT5M,7.007,10.189,8.6817,5.3323,3.825
61,60,173,40,25,0.14,89.1,3.5,238,2026-09-28 06:25:00,PT5M,10.071,14.6855,12.4996,7.6424,5.4565
76,76,211,46,25,0.14,88.8,3.5,239,2026-09-28 06:30:00,PT5M,13.65,19.8655,16.9213,10.3787,7.4345
93,92,251,52,25,0.14,88.3,3.5,239,2026-09-28 06:35:00,PT5M,17.644,25.573,21.8171,13.4709,9.715
111,110,290,57,26,0.14,87.4,3.6,238,2026-09-28 06:40:00,PT5M,21.812,31.4765,26.8985,16.7255,12.1475
129,128,327,61,26,0.14,86.5,3.6,238,2026-09-28 06:45:00,PT5M,26.117,37.447,32.0801,20.1539,14.787
148,147,362,65,26,0.14,85.7,3.7,237,2026-09-28 06:50:00,PT5M,30.564,43.5195,37.3826,23.7454,17.6085
168,166,396,69,26,0.14,84.8,3.7,236,2026-09-28 06:55:00,PT5M,35.165,49.8155,42.8757,27.4543,20.5145
188,186,425,72,26,0.14,84.0,3.8,236,2026-09-28 07:00:00,PT5M,39.851,56.287,48.5014,31.2006,23.415
207,204,445,76,26,0.14,83.2,3.8,235,2026-09-28 07:05:00,PT5M,44.431,62.737,54.0656,34.7964,26.125
226,223,464,81,27,0.14,82.4,3.9,235,2026-09-28 07:10:00,PT5M,49.003,69.2135,59.6399,38.3661,28.7925
245,242,481,84,27,0.14,81.6,3.9,234,2026-09-28 07:15:00,PT5M,53.601,75.7335,65.2495,41.9525,31.4685
264,261,496,88,27,0.14,80.8,4.0,234,2026-09-28 07:20:00,PT5M,58.189,82.2605,70.858,45.52,34.1175
284,280,511,92,27,0.14,80.0,4.1,234,2026-09-28 07:25:00,PT5M,62.756,88.7695,76.4471,49.0649,36.7425
303,299,524,96,27,0.14,79.2,4.1,233,2026-09-28 07:30:00,PT5M,67.308,95.276,82.0278,52.5882,39.34
322,318,537,99,27,0.14,78.5,4.1,233,2026-09-28 07:35:00,PT5M,71.89,100.0,87.6687,56.1113,41.91
341,338,550,102,28,0.14,77.9,4.1,233,2026-09-28 07:40:00,PT5M,76.611,100.0,93.531,59.691,44.4625
361,357,562,105,28,0.14,77.2,4.1,232,2026-09-28 07:45:00,PT5M,79.031,100.0,96.3252,61.7368,46.1715
380,376,574,108,28,0.14,76.6,4.1,232,2026-09-28 07:50:00,PT5M,80.904,100.0,98.425,63.383,47.6135
399,395,585,111,28,0.14,76.0,4.1,232,2026-09-28 07:55:00,PT5M,82.682,100.0,100.0,65.0065,49.098
418,414,596,113,28,0.14,75.3,4.1,232,2026-09-28 08:00:00,PT5M,84.356,100.0,100.0,66.5897,50.5995
437,432,605,116,28,0.14,74.7,4.1,231,2026-09-28 08:05:00,PT5M,85.907,100.0,100.0,68.0744,52.0245
455,451,615,118,29,0.14,74.1,4.1,231,2026-09-28 08:10:00,PT5M,87.319,100.0,100.0,69.4506,53.3685
474,469,624,120,29,0.14,73.5,4.1,231,2026-09-28 08:15:00,PT5M,88.58,100.0,100.0,70.7111,54.6285
492,487,632,122,29,0.14,72.9,4.1,231,2026-09-28 08:20:00,PT5M,89.673,100.0,100.0,71.8462,55.8015
510,505,639,125,29,0.14,72.3,4.1,230,2026-09-28 08:25:00,PT5M,90.599,100.0,100.0,72.8572,56.889
528,522,646,127,29,0.14,71.7,4.0,230,2026-09-28 08:30:00,PT5M,91.448,100.0,100.0,73.8043,57.9245
545,539,653,129,29,0.14,71.1,4.1,230,2026-09-28 08:35:00,PT5M,92.201,100.0,100.0,74.6671,58.886
562,556,658,132,30,0.14,70.4,4.1,230,2026-09-28 08:40:00,PT5M,92.873,100.0,100.0,75.4564,59.781
578,573,662,135,30,0.14,69.6,4.1,230,2026-09-28 08:45:00,PT5M,93.503,100.0,100.0,76.227,60.678
595,589,667,137,30,0.14,68.9,4.2,230,2026-09-28 08:50:00,PT5M,94.098,100.0,100.0,77.0828,61.7685
611,605,671,140,30,0.14,68.3,4.2,229,2026-09-28 08:55:00,PT5M,94.661,100.0,100.0,77.9002,62.815
627,621,675,142,30,0.14,67.6,4.3,229,2026-09-28 09:00:00,PT5M,95.202,100.0,100.0,78.6902,63.829
643,637,681,144,30,0.14,66.9,4.3,229,2026-09-28 09:05:00,PT5M,95.838,100.0,100.0,79.582,64.951
659,652,687,145,31,0.14,66.2,4.4,229,2026-09-28 09:10:00,PT5M,96.444,100.0,100.0,80.4377,66.0315
674,668,693,147,31,0.14,65.6,4.4,229,2026-09-28 09:15:00,PT5M,97.023,100.0,100.0,81.2601,67.073
689,683,698,148,31,0.14,64.9,4.4,229,2026-09-28 09:20:00,PT5M,97.575,100.0,100.0,82.0495,68.076
704,698,704,149,31,0.14,64.3,4.5,229,2026-09-28 09:25:00,PT5M,98.168,100.0,100.0,82.7751,68.921
719,712,709,150,31,0.14,63.6,4.5,229,2026-09-28 09:30:00,PT5M,98.663,100.0,100.0,83.4954,69.844
733,726,712,152,31,0.14,63.1,4.5,228,2026-09-28 09:35:00,PT5M,99.081,100.0,100.0,84.1334,70.68
745,738,715,154,31,0.14,62.7,4.5,228,2026-09-28 09:40:00,PT5M,99.425,100.0,100.0,84.6926,71.433
758,750,716,157,32,0.14,62.4,4.5,228,2026-09-28 09:45:00,PT5M,99.696,100.0,100.0,85.1662,72.089
769,762,716,159,32,0.14,62.0,4.6,228,2026-09-28 09:50:00,PT5M,99.943,100.0,100.0,85.6082,72.7065
780,773,717,162,32,0.14,61.6,4.6,228,2026-09-28 09:55:00,PT5M,100.0,100.0,100.0,85.8539,73.122
791,784,717,164,32,0.14,61.2,4.6,227,2026-09-28 10:00:00,PT5M,100.0,100.0,100.0,86.0334,73.463
801,794,718,167,32,0.14,60.8,4.6,227,2026-09-28 10:05:00,PT5M,100.0,100.0,100.0,86.206,73.791
811,803,718,169,32,0.14,60.5,4.6,227,2026-09-28 10:10:00,PT5M,100.0,100.0,100.0,86.3713,74.105
820,813,718,172,32,0.14,60.1,4.6,227,2026-09-28 10:15:00,PT5M,100.0,100.0,100.0,86.53,74.4065
829,822,717,174,32,0.14,59.7,4.6,226,2026-09-28 10:20:00,PT5M,100.0,100.0,100.0,86.6818,74.695
838,830,717,177,32,0.14,59.3,4.6,226,2026-09-28 10:25:00,PT5M,100.0,100.0,100.0,86.8276,74.972
846,838,717,179,32,0.14,59.0,4.6,226,2026-09-28 10:30:00,PT5M,100.0,100.0,100.0,86.9676,75.238
850,843,710,184,33,0.14,58.7,4.6,226,2026-09-28 10:35:00,PT5M,100.0,100.0,100.0,87.0263,75.3495
852,844,698,193,33,0.14,58.6,4.6,226,2026-09-28 10:40:00,PT5M,100.0,100.0,100.0,87.0042,75.3075
853,845,685,201,33,0.14,58.5,4.6,226,2026-09-28 10:45:00,PT5M,100.0,100.0,100.0,86.9747,75.2515
853,846,672,209,33,0.14,58.3,4.6,225,2026-09-28 10:50:00,PT5M,99.672,100.0,100.0,86.672,74.9715
853,846,659,217,33,0.14,58.2,4.6,225,2026-09-28 10:55:00,PT5M,99.133,100.0,100.0,86.0745,74.3215
852,845,646,225,33,0.14,58.1,4.7,225,2026-09-28 11:00:00,PT5M,98.579,100.0,100.0,85.4495,73.6325
851,844,634,233,33,0.14,57.9,4.7,225,2026-09-28 11:05:00,PT5M,98.021,100.0,100.0,84.832,72.9615
849,842,621,241,33,0.14,57.8,4.7,225,2026-09-28 11:10:00,PT5M,97.453,100.0,100.0,84.2035,72.2785
847,840,608,248,33,0.14,57.7,4.7,225,2026-09-28 11:15:00,PT5M,96.866,100.0,100.0,83.5389,71.544
844,838,596,256,33,0.14,57.5,4.7,224,2026-09-28 11:20:00,PT5M,96.264,100.0,100.0,82.8492,70.7755
841,834,583,263,33,0.14,57.4,4.7,224,2026-09-28 11:25:00,PT5M,95.647,100.0,100.0,82.1364,69.9765
837,831,570,270,33,0.14,57.3,4.7,224,2026-09-28 11:30:00,PT5M,95.014,100.0,100.0,81.4005,69.148
834,828,561,275,33,0.14,57.2,4.7,224,2026-09-28 11:35:00,PT5M,94.539,100.0,100.0,80.8648,68.5575
833,827,554,279,33,0.14,57.1,4.8,223,2026-09-28 11:40:00,PT5M,94.218,100.0,100.0,80.5243,68.1995
831,825,548,283,33,0.14,57.1,4.8,223,2026-09-28 11:45:00,PT5M,93.875,100.0,100.0,80.1539,67.8045
828,822,541,287,33,0.14,57.0,4.8,222,2026-09-28 11:50:00,PT5M,93.509,100.0,100.0,79.7521,67.3705
825,819,535,290,33,0.14,57.0,4.8,221,2026-09-28 11:55:00,PT5M,93.118,100.0,100.0,79.3172,66.896
822,816,528,293,33,0.14,56.9,4.8,221,2026-09-28 12:00:00,PT5M,92.813,100.0,100.0,78.9601,66.492
818,812,521,297,33,0.14,56.8,4.9,220,2026-09-28 12:05:00,PT5M,92.483,100.0,100.0,78.5695,66.047
813,807,513,300,33,0.14,56.8,4.9,220,2026-09-28 12:10:00,PT5M,92.127,100.0,100.0,78.1451,65.561
808,802,506,303,33,0.14,56.7,4.9,219,2026-09-28 12:15:00,PT5M,91.745,100.0,100.0,77.6871,65.0345
803,797,499,306,33,0.14,56.7,4.9,218,2026-09-28 12:20:00,PT5M,91.336,100.0,100.0,77.1947,64.467
797,791,491,308,33,0.14,56.6,5.0,218,2026-09-28 12:25:00,PT5M,90.901,100.0,100.0,76.6689,63.8595
790,785,484,311,33,0.14,56.6,5.0,217,2026-09-28 12:30:00,PT5M,90.441,100.0,100.0,76.1123,63.216
780,775,470,316,33,0.14,57.4,5.0,217,2026-09-28 12:35:00,PT5M,89.661,100.0,100.0,75.1515,62.0925
766,761,450,323,33,0.14,59.1,4.9,218,2026-09-28 12:40:00,PT5M,88.556,100.0,100.0,73.7828,60.4865
752,747,431,330,32,0.14,60.8,4.9,219,2026-09-28 12:45:00,PT5M,87.414,100.0,100.0,72.3703,58.8305
738,733,412,336,32,0.14,62.6,4.9,220,2026-09-28 12:50:00,PT5M,86.225,100.0,100.0,70.8989,57.105
723,719,393,342,32,0.14,64.5,4.9,221,2026-09-28 12:55:00,PT5M,85.008,100.0,100.0,69.4046,55.361
708,704,375,347,31,0.14,66.4,4.8,222,2026-09-28 13:00:00,PT5M,83.777,100.0,99.6438,67.9102,53.6295
693,690,357,352,31,0.14,68.4,4.8,223,2026-09-28 13:05:00,PT5M,82.495,100.0,98.6366,66.3534,51.8255
678,675,340,355,30,0.14,70.4,4.8,224,2026-09-28 13:10:00,PT5M,81.113,100.0,97.5383,64.6877,49.9045
663,659,322,359,30,0.14,72.5,4.7,225,2026-09-28 13:15:00,PT5M,79.733,100.0,96.4448,63.0212,47.98
647,644,306,361,29,0.14,74.7,4.7,226,2026-09-28 13:20:00,PT5M,78.311,100.0,95.3102,61.3118,46.012
632,629,290,363,29,0.14,76.9,4.7,227,2026-09-28 13:25:00,PT5M,76.85,100.0,94.1358,59.5642,44.0065
616,614,274,365,29,0.14,79.2,4.7,228,2026-09-28 13:30:00,PT5M,75.349,100.0,92.9206,57.7774,41.9625
600,598,258,365,28,0.14,80.6,4.7,228,2026-09-28 13:35:00,PT5M,73.724,100.0,91.6037,55.8443,39.752
584,581,242,366,28,0.14,81.1,4.6,228,2026-09-28 13:40:00,PT5M,71.976,100.0,90.1844,53.7676,37.3795
567,565,227,365,28,0.14,81.5,4.6,228,2026-09-28 13:45:00,PT5M,70.193,100.0,88.7269,51.6591,34.978
550,549,212,364,28,0.14,81.9,4.6,228,2026-09-28 13:50:00,PT5M,68.374,100.0,87.23,49.518,32.547
534,532,197,363,28,0.14,82.4,4.5,228,2026-09-28 13:55:00,PT5M,66.505,100.0,85.6792,47.3308,30.0735
518,516,183,361,28,0.14,82.8,4.5,228,2026-09-28 14:00:00,PT5M,64.623,100.0,84.1116,45.1344,27.594
501,500,169,358,28,0.14,83.3,4.5,228,2026-09-28 14:05:00,PT5M,62.704,100.0,82.5042,42.9038,25.083
485,484,156,355,28,0.14,83.7,4.5,228,2026-09-28 14:10:00,PT5M,60.757,98.9605,80.8638,40.6502,22.5535
468,468,143,351,28,0.14,84.2,4.4,228,2026-09-28 14:15:00,PT5M,58.77,97.547,79.1786,38.3614,19.993
452,451,130,347,28,0.14,84.6,4.4,228,2026-09-28 14:20:00,PT5M,56.731,96.0745,77.4378,36.0242,17.3875
436,435,118,342,28,0.14,85.1,4.4,228,2026-09-28 14:25:00,PT5M,54.67,94.568,75.6686,33.6714,14.772
419,419,106,337,28,0.14,85.6,4.3,228,2026-09-28 14:30:00,PT5M,52.589,93.0295,73.8731,31.3049,12.1485
406,406,98,331,28,0.14,85.9,4.3,228,2026-09-28 14:35:00,PT5M,51.103,91.9355,72.5934,29.6126,10.2705
396,395,94,325,28,0.14,86.2,4.3,227,2026-09-28 14:40:00,PT5M,49.866,90.9515,71.4896,28.2424,8.7805
385,385,89,319,28,0.14,86.5,4.2,227,2026-09-28 14:45:00,PT5M,48.598,89.939,70.3561,26.8399,7.257
374,374,85,313,28,0.14,86.8,4.2,226,2026-09-28 14:50:00,PT5M,47.3,88.9165,69.2031,25.3969,5.6835
363,363,81,306,28,0.14,87.1,4.2,226,2026-09-28 14:55:00,PT5M,45.98,87.8755,68.0299,23.9301,4.0845
352,352,77,299,28,0.14,87.4,4.1,225,2026-09-28 15:00:00,PT5M,44.691,86.8605,66.8851,22.4969,2.5215
342,342,73,292,28,0.14,87.7,4.1,225,2026-09-28 15:05:00,PT5M,43.37,85.524,65.556,21.184,1.216
331,331,69,285,28,0.14,88.0,4.0,224,2026-09-28 15:10:00,PT5M,42.018,84.088,64.1597,19.8763,0.0
320,320,65,278,28,0.14,88.3,4.0,224,2026-09-28 15:15:00,PT5M,40.63,82.596,62.717,18.543,0.0
309,309,61,271,27,0.14,88.6,4.0,223,2026-09-28 15:20:00,PT5M,39.195,81.036,61.2162,17.1738,0.0
297,298,56,263,27,0.14,88.9,3.9,223,2026-09-28 15:25:00,PT5M,37.723,79.409,59.6626,15.7834,0.0
286,286,52,256,27,0.14,89.2,3.9,222,2026-09-28 15:30:00,PT5M,36.215,77.6445,58.0196,14.4104,0.0
276,276,50,247,27,0.14,89.4,3.9,222,2026-09-28 15:35:00,PT5M,35.024,76.2245,56.7081,13.3399,0.0
267,268,52,239,27,0.14,89.5,3.9,222,2026-09-28 15:40:00,PT5M,34.197,75.087,55.7177,12.6763,0.0
259,259,52,230,27,0.14,89.5,4.0,222,2026-09-28 15:45:00,PT5M,33.345,73.849,54.6625,12.0275,0.0
249,250,53,222,27,0.14,89.5,4.0,221,2026-09-28 15:50:00,PT5M,32.456,72.507,53.5351,11.3769,0.0
240,240,54,213,27,0.14,89.6,4.1,221,2026-09-28 15:55:00,PT5M,31.527,71.067,52.3372,10.7168,0.0
230,231,54,204,27,0.14,89.6,4.1,221,2026-09-28 16:00:00,PT5M,30.556,69.5395,51.0733,10.0387,0.0
221,221,55,195,27,0.14,89.7,4.1,221,2026-09-28 16:05:00,PT5M,29.544,67.9355,49.7497,9.3383,0.0
211,211,55,186,27,0.14,89.7,4.2,221,2026-09-28 16:10:00,PT5M,28.491,66.262,48.3701,8.6119,0.0
201,201,55,177,27,0.14,89.8,4.2,221,2026-09-28 16:15:00,PT5M,27.437,64.055,46.7093,8.1647,0.0
190,191,55,168,27,0.14,89.8,4.2,221,2026-09-28 16:20:00,PT5M,26.287,60.596,44.3441,8.2299,0.0
180,180,54,159,27,0.14,89.9,4.3,220,2026-09-28 16:25:00,PT5M,24.993,57.083,41.8822,8.1038,0.0
170,170,54,150,27,0.14,89.9,4.3,220,2026-09-28 16:30:00,PT5M,23.61,53.511,39.3471,7.8729,0.0
159,159,51,141,27,0.14,89.9,4.2,220,2026-09-28 16:35:00,PT5M,21.993,49.697,36.5738,7.4122,0.0
147,147,46,132,27,0.14,90.0,4.1,218,2026-09-28 16:40:00,PT5M,20.173,45.633,33.5728,6.7732,0.0
136,136,40,124,27,0.14,90.0,3.9,217,2026-09-28 16:45:00,PT5M,18.322,41.551,30.5476,6.0964,0.0
124,124,34,115,27,0.14,90.1,3.8,216,2026-09-28 16:50:00,PT5M,16.476,37.498,27.54,5.412,0.0
113,113,27,106,27,0.14,90.1,3.6,214,2026-09-28 16:55:00,PT5M,14.657,33.5155,24.5824,4.7316,0.0
101,101,17,97,27,0.14,90.2,3.5,212,2026-09-28 17:00:00,PT5M,12.779,29.565,21.6136,3.9444,0.0
89,89,6,88,27,0.14,90.2,3.3,210,2026-09-28 17:05:00,PT5M,10.899,25.708,18.6931,3.1049,0.0
77,78,0,78,27,0.14,90.2,3.2,208,2026-09-28 17:10:00,PT5M,9.183,22.065,15.9629,2.4031,0.0
66,66,0,66,27,0.14,90.3,3.0,206,2026-09-28 17:15:00,PT5M,7.804,18.737,13.5581,2.0499,0.0
56,56,0,56,27,0.14,90.3,2.9,203,2026-09-28 17:20:00,PT5M,6.534,15.482,11.2434,1.8246,0.0
45,46,0,46,27,0.14,90.4,2.8,200,2026-09-28 17:25:00,PT5M,5.24,12.247,8.9278,1.5522,0.0
36,36,0,36,27,0.14,90.4,2.7,197,2026-09-28 17:30:00,PT5M,3.987,9.1875,6.7241,1.2499,0.0
27,27,0,27,27,0.14,90.4,2.6,196,2026-09-28 17:35:00,PT5M,2.882,5.851,4.4446,1.3194,0.0
19,19,0,19,27,0.14,90.5,2.6,197,2026-09-28 17:40:00,PT5M,1.844,3.609,2.7729,0.9151,0.079
12,12,0,12,27,0.14,90.5,2.7,197,2026-09-28 17:45:00,PT5M,0.904,1.874,1.4145,0.3935,0.0
6,6,0,6,27,0.14,90.6,2.7,198,2026-09-28 17:50:00,PT5M,0.078,0.3895,0.2419,0.0,0.0
1,1,0,1,27,0.14,90.6,2.7,198,2026-09-28 17:55:00,PT5M,0.0,0.0,0.0,0.0,0.0
0,0,0,0,27,0.14,90.7,2.7,199,2026-09-28 18:00:00,PT5M,0.0,0.0,0.0,0.0,0.0
0,0,0,0,27,0.14,90.7,2.8,199,2026-09-28 18:05:00,PT5M,0.0,0.0,0.0,0.0,0.0
0,0,0,0,27,0.14,90.7,2.8,200,2026-09-28 18:10:00,PT5M,0.0,0.0,0.0,0.0,0.0
0,0,0,0,26,0.14,90.8,2.8,200,2026-09-28 18:15:00,PT5M,0.0,0.0,0.0,0.0,0.0
0,0,0,0,26,0.14,90.8,2.8,201,2026-09-28 18:20:00,PT5M,0.0,0.0,0.0,0.0,0.0
0,0,0,0,26,0.14,90.9,2.9,201,2026-09-28 18:25:00,PT5M,0.0,0.0,0.0,0.0,0.0
0,0,0,0,26,0.14,90.9,2.9,202,2026-09-28 18:30:00,PT5M,0.0,0.0,0.0,0.0,0.0
0,0,0,0,26,0.14,91.0,2.9,202,2026-09-28 18:35:00,PT5M,0.0,0.0,0.0,0.0,0.0
0,0,0,0,26,0.14,91.1,3.0,203,2026-09-28 18:40:00,PT5M,0.0,0.0,0.0,0.0,0.0
0,0,0,0,26,0.14,91.2,3.0,204,2026-09-28 18:45:00,PT5M,0.0,0.0,0.0,0.0,0.0
0,0,0,0,26,0.14,91.2,3.0,204,2026-09-28 18:50:00,PT5M,0.0,0.0,0.0,0.0,0.0
0,0,0,0,26,0.14,91.3,3.1,205,2026-09-28 18:55:00,PT5M,0.0,0.0,0.0,0.0,0.0
0,0,0,0,26,0.14,91.4,3.1,205,2026-09-28 19:00:00,PT5M,0.0,0.0,0.0,0.0,0.0
0,0,0,0,26,0.14,91.5,3.1,206,2026-09-28 19:05:00,PT5M,0.0,0.0,0.0,0.0,0.0
0,0,0,0,26,0.14,91.6,3.2,207,2026-09-28 19:10:00,PT5M,0.0,0.0,0.0,0.0,0.0
0,0,0,0,26,0.14,91.7,3.2,207,2026-09-28 19:15:00,PT5M,0.0,0.0,0.0,0.0,0.0
0,0,0,0,26,0.14,91.8,3.2,208,2026-09-28 19:20:00,PT5M,0.0,0.0,0.0,0.0,0.0
0,0,0,0,26,0.14,91.9,3.3,208,2026-09-28 19:25:00,PT5M,0.0,0.0,0.0,0.0,0.0
0,0,0,0,26,0.14,91.9,3.3,209,2026-09-28 19:30:00,PT5M,0.0,0.0,0.0,0.0,0.0
0,0,0,0,26,0.14,92.0,3.3,209,2026-09-28 19:35:00,PT5M,0.0,0.0,0.0,0.0,0.0
0,0,0,0,26,0.14,92.1,3.4,209,2026-09-28 19:40:00,PT5M,0.0,0.0,0.0,0.0,0.0
0,0,0,0,26,0.14,92.2,3.4,210,2026-09-28 19:45:00,PT5M,0.0,0.0,0.0,0.0,0.0
0,0,0,0,26,0.14,92.3,3.4,210,2026-09-28 19:50:00,PT5M,0.0,0.0,0.0,0.0,0.0
0,0,0,0,26,0.14,92.4,3.5,210,2026-09-28 19:55:00,PT5M,0.0,0.0,0.0,0.0,0.0
0,0,0,0,26,0.14,92.5,3.5,211,2026-09-28 20:00:00,PT5M,0.0,0.0,0.0,0.0,0.0
0,0,0,0,25,0.14,92.6,3.5,211,2026-09-28 20:05:00,PT5M,0.0,0.0,0.0,0.0,0.0
0,0,0,0,25,0.14,92.7,3.5,211,2026-09-28 20:10:00,PT5M,0.0,0.0,0.0,0.0,0.0
0,0,0,0,25,0.14,92.8,3.6,212,2026-09-28 20:15:00,PT5M,0.0,0.0,0.0,0.0,0.0
0,0,0,0,25,0.14,92.8,3.6,212,2026-09-28 20:20:00,PT5M,0.0,0.0,0.0,0.0,0.0
0,0,0,0,25,0.14,92.9,3.6,212,2026-09-28 20:25:00,PT5M,0.0,0.0,0.0,0.0,0.0
0,0,0,0,25,0.14,93.0,3.7,213,2026-09-28 20:30:00,PT5M,0.0,0.0,0.0,0.0,0.0
0,0,0,0,25,0.14,93.1,3.7,213,2026-09-28 20:35:00,PT5M,0.0,0.0,0.0,0.0,0.0
0,0,0,0,25,0.14,93.0,3.7,213,2026-09-28 20:40:00,PT5M,0.0,0.0,0.0,0.0,0.0
0,0,0,0,25,0.14,93.0,3.7,214,2026-09-28 20:45:00,PT5M,0.0,0.0,0.0,0.0,0.0
0,0,0,0,25,0.14,92.9,3.7,214,2026-09-28 20:50:00,PT5M,0.0,0.0,0.0,0.0,0.0
0,0,0,0,25,0.14,92.9,3.7,214,2026-09-28 20:55:00,PT5M,0.0,0.0,0.0,0.0,0.0
0,0,0,0,25,0.14,92.8,3.7,215,2026-09-28 21:00:00,PT5M,0.0,0.0,0.0,0.0,0.0
0,0,0,0,25,0.14,92.8,3.7,215,2026-09-28 21:05:00,PT5M,0.0,0.0,0.0,0.0,0.0
0,0,0,0,25,0.14,92.7,3.7,216,2026-09-28 21:10:00,PT5M,0.0,0.0,0.0,0.0,0.0
0,0,0,0,25,0.14,92.7,3.7,216,2026-09-28 21:15:00,PT5M,0.0,0.0,0.0,0.0,0.0
0,0,0,0,25,0.14,92.6,3.6,216,2026-09-28 21:20:00,PT5M,0.0,0.0,0.0,0.0,0.0
0,0,0,0,25,0.14,92.6,3.6,217,2026-09-28 21:25:00,PT5M,0.0,0.0,0.0,0.0,0.0
0,0,0,0,25,0.14,92.5,3.6,217,2026-09-28 21:30:00,PT5M,0.0,0.0,0.0,0.0,0.0
0,0,0,0,25,0.14,92.5,3.6,217,2026-09-28 21:35:00,PT5M,0.0,0.0,0.0,0.0,0.0
0,0,0,0,25,0.14,92.5,3.6,218,2026-09-28 21:40:00,PT5M,0.0,0.0,0.0,0.0,0.0
0,0,0,0,25,0.14,92.5,3.6,218,2026-09-28 21:45:00,PT5M,0.0,0.0,0.0,0.0,0.0
0,0,0,0,25,0.14,92.5,3.7,218,2026-09-28 21:50:00,PT5M,0.0,0.0,0.0,0.0,0.0
0,0,0,0,25,0.14,92.5,3.7,218,2026-09-28 21:55:00,PT5M,0.0,0.0,0.0,0.0,0.0
0,0,0,0,25,0.14,92.5,3.7,219,2026-09-28 22:00:00,PT5M,0.0,0.0,0.0,0.0,0.0
0,0,0,0,25,0.14,92.5,3.7,219,2026-09-28 22:05:00,PT5M,0.0,0.0,0.0,0.0,0.0
0,0,0,0,25,0.14,92.5,3.7,219,2026-09-28 22:10:00,PT5M,0.0,0.0,0.0,0.0,0.0
0,0,0,0,25,0.14,92.5,3.7,220,2026-09-28 22:15:00,PT5M,0.0,0.0,0.0,0.0,0.0
0,0,0,0,25,0.14,92.5,3.7,220,2026-09-28 22:20:00,PT5M,0.0,0.0,0.0,0.0,0.0
0,0,0,0,25,0.14,92.5,3.7,220,2026-09-28 22:25:00,PT5M,0.0,0.0,0.0,0.0,0.0
0,0,0,0,25,0.14,92.5,3.7,220,2026-09-28 22:30:00,PT5M,0.0,0.0,0.0,0.0,0.0
0,0,0,0,25,0.14,92.5,3.7,221,2026-09-28 22:35:00,PT5M,0.0,0.0,0.0,0.0,0.0
0,0,0,0,25,0.14,92.5,3.7,221,2026-09-28 22:40:00,PT5M,0.0,0.0,0.0,0.0,0.0
0,0,0,0,25,0.14,92.5,3.7,221,2026-09-28 22:45:00,PT5M,0.0,0.0,0.0,0.0,0.0
0,0,0,0,25,0.14,92.5,3.7,222,2026-09-28 22:50:00,PT5M,0.0,0.0,0.0,0.0,0.0
0,0,0,0,25,0.14,92.5,3.7,222,2026-09-28 22:55:00,PT5M,0.0,0.0,0.0,0.0,0.0
0,0,0,0,25,0.14,92.5,3.6,222,2026-09-28 23:00:00,PT5M,0.0,0.0,0.0,0.0,0.0
0,0,0,0,25,0.14,92.5,3.6,222,2026-09-28 23:05:00,PT5M,0.0,0.0,0.0,0.0,0.0
0,0,0,0,25,0.14,92.5,3.6,223,2026-09-28 23:10:00,PT5M,0.0,0.0,0.0,0.0,0.0
0,0,0,0,25,0.14,92.5,3.6,223,2026-09-28 23:15:00,PT5M,0.0,0.0,0.0,0.0,0.0
0,0,0,0,25,0.14,92.5,3.6,223,2026-09-28 23:20:00,PT5M,0.0,0.0,0.0,0.0,0.0
0,0,0,0,25,0.14,92.5,3.6,223,2026-09-28 23:25:00,PT5M,0.0,0.0,0.0,0.0,0.0
0,0,0,0,25,0.14,92.5,3.6,224,2026-09-28 23:30:00,PT5M,0.0,0.0,0.0,0.0,0.0
0,0,0,0,25,0.14,92.5,3.6,224,2026-09-28 23:35:00,PT5M,0.0,0.0,0.0,0.0,0.0
0,0,0,0,25,0.14,92.4,3.6,224,2026-09-28 23:40:00,PT5M,0.0,0.0,0.0,0.0,0.0
0,0,0,0,25,0.14,92.4,3.6,224,2026-09-28 23:45:00,PT5M,0.0,0.0,0.0,0.0,0.0
0,0,0,0,25,0.14,92.3,3.6,224,2026-09-28 23:50:00,PT5M,0.0,0.0,0.0,0.0,0.0
0,0,0,0,25,0.14,92.3,3.6,224,2026-09-28 23:55:00,PT5M,0.0,0.0,0.0,0.0,0.0
0,0,0,0,25,0.14,92.2,3.5,224,2026-09-29 00:00:00,PT5M,0.0,0.0,0.0,0.0,0.0
0,0,0,0,25,0.14,92.2,3.5,224,2026-09-29 00:05:00,PT5M,0.0,0.0,0.0,0.0,0.0
0,0,0,0,25,0.14,92.1,3.5,224,2026-09-29 00:10:00,PT5M,0.0,0.0,0.0,0.0,0.0
0,0,0,0,25,0.14,92.1,3.5,224,2026-09-29 00:15:00,PT5M,0.0,0.0,0.0,0.0,0.0
0,0,0,0,25,0.14,92.1,3.5,224,2026-09-29 00:20:00,PT5M,0.0,0.0,0.0,0.0,0.0
0,0,0,0,25,0.14,92.0,3.5,224,2026-09-29 00:25:00,PT5M,0.0,0.0,0.0,0.0,0.0
0,0,0,0,25,0.14,92.0,3.5,224,2026-09-29 00:30:00,PT5M,0.0,0.0,0.0,0.0,0.0
0,0,0,0,25,0.14,91.9,3.5,224,2026-09-29 00:35:00,PT5M,0.0,0.0,0.0,0.0,0.0
0,0,0,0,25,0.14,91.9,3.4,224,2026-09-29 00:40:00,PT5M,0.0,0.0,0.0,0.0,0.0
0,0,0,0,25,0.14,91.9,3.4,224,2026-09-29 00:45:00,PT5M,0.0,0.0,0.0,0.0,0.0
0,0,0,0,25,0.14,91.9,3.4,224,2026-09-29 00:50:00,PT5M,0.0,0.0,0.0,0.0,0.0
0,0,0,0,25,0.14,91.9,3.4,224,2026-09-29 00:55:00,PT5M,0.0,0.0,0.0,0.0,0.0
0,0,0,0,25,0.14,91.9,3.4,224,2026-09-29 01:00:00,PT5M,0.0,0.0,0.0,0.0,0.0
0,0,0,0,25,0.14,91.9,3.4,224,2026-09-29 01:05:00,PT5M,0.0,0.0,0.0,0.0,0.0
0,0,0,0,25,0.14,91.9,3.3,225,2026-09-29 01:10:00,PT5M,0.0,0.0,0.0,0.0,0.0
0,0,0,0,25,0.14,91.9,3.3,225,2026-09-29 01:15:00,PT5M,0.0,0.0,0.0,0.0,0.0
0,0,0,0,25,0.14,91.9,3.3,225,2026-09-29 01:20:00,PT5M,0.0,0.0,0.0,0.0,0.0
0,0,0,0,25,0.14,91.9,3.3,225,2026-09-29 01:25:00,PT5M,0.0,0.0,0.0,0.0,0.0
0,0,0,0,25,0.14,91.9,3.3,225,2026-09-29 01:30:00,PT5M,0.0,0.0,0.0,0.0,0.0
0,0,0,0,25,0.14,91.9,3.2,225,2026-09-29 01:35:00,PT5M,0.0,0.0,0.0,0.0,0.0
0,0,0,0,25,0.14,91.9,3.2,225,2026-09-29 01:40:00,PT5M,0.0,0.0,0.0,0.0,0.0
0,0,0,0,25,0.14,91.8,3.2,226,2026-09-29 01:45:00,PT5M,0.0,0.0,0.0,0.0,0.0
0,0,0,0,25,0.14,91.8,3.2,226,2026-09-29 01:50:00,PT5M,0.0,0.0,0.0,0.0,0.0
0,0,0,0,25,0.14,91.7,3.2,226,2026-09-29 01:55:00,PT5M,0.0,0.0,0.0,0.0,0.0
0,0,0,0,25,0.14,91.7,3.2,226,2026-09-29 02:00:00,PT5M,0.0,0.0,0.0,0.0,0.0
0,0,0,0,25,0.14,91.6,3.2,226,2026-09-29 02:05:00,PT5M,0.0,0.0,0.0,0.0,0.0
0,0,0,0,25,0.14,91.6,3.2,227,2026-09-29 02:10:00,PT5M,0.0,0.0,0.0,0.0,0.0
0,0,0,0,25,0.14,91.5,3.2,227,2026-09-29 02:15:00,PT5M,0.0,0.0,0.0,0.0,0.0
0,0,0,0,25,0.14,91.5,3.1,227,2026-09-29 02:20:00,PT5M,0.0,0.0,0.0,0.0,0.0
0,0,0,0,25,0.14,91.4,3.1,227,2026-09-29 02:25:00,PT5M,0.0,0.0,0.0,0.0,0.0
0,0,0,0,25,0.14,91.4,3.1,227,2026-09-29 02:30:00,PT5M,0.0,0.0,0.0,0.0,0.0
0,0,0,0,25,0.14,91.4,3.1,228,2026-09-29 02:35:00,PT5M,0.0,0.0,0.0,0.0,0.0
0,0,0,0,25,0.14,91.4,3.1,228,2026-09-29 02:40:00,PT5M,0.0,0.0,0.0,0.0,0.0
0,0,0,0,25,0.14,91.5,3.1,228,2026-09-29 02:45:00,PT5M,0.0,0.0,0.0,0.0,0.0
0,0,0,0,24,0.14,91.5,3.1,228,2026-09-29 02:50:00,PT5M,0.0,0.0,0.0,0.0,0.0
0,0,0,0,24,0.14,91.6,3.1,228,2026-09-29 02:55:00,PT5M,0.0,0.0,0.0,0.0,0.0
0,0,0,0,24,0.14,91.6,3.0,228,2026-09-29 03:00:00,PT5M,0.0,0.0,0.0,0.0,0.0
0,0,0,0,24,0.14,91.7,3.0,228,2026-09-29 03:05:00,PT5M,0.0,0.0,0.0,0.0,0.0
0,0,0,0,24,0.14,91.7,3.0,228,2026-09-29 03:10:00,PT5M,0.0,0.0,0.0,0.0,0.0
0,0,0,0,24,0.14,91.8,3.0,228,2026-09-29 03:15:00,PT5M,0.0,0.0,0.0,0.0,0.0
0,0,0,0,24,0.14,91.8,3.0,228,2026-09-29 03:20:00,PT5M,0.0,0.0,0.0,0.0,0.0
0,0,0,0,24,0.14,91.8,3.0,228,2026-09-29 03:25:00,PT5M,0.0,0.0,0.0,0.0,0.0
0,0,0,0,24,0.14,91.9,3.0,228,2026-09-29 03:30:00,PT5M,0.0,0.0,0.0,0.0,0.0
0,0,0,0,24,0.14,91.9,3.0,228,2026-09-29 03:35:00,PT5M,0.0,0.0,0.0,0.0,0.0
0,0,0,0,24,0.14,91.9,2.9,228,2026-09-29 03:40:00,PT5M,0.0,0.0,0.0,0.0,0.0
0,0,0,0,24,0.14,91.9,2.9,228,2026-09-29 03:45:00,PT5M,0.0,0.0,0.0,0.0,0.0
0,0,0,0,24,0.14,91.9,2.9,228,2026-09-29 03:50:00,PT5M,0.0,0.0,0.0,0.0,0.0
0,0,0,0,24,0.14,91.9,2.9,228,2026-09-29 03:55:00,PT5M,0.0,0.0,0.0,0.0,0.0
0,0,0,0,24,0.14,91.9,2.8,228,2026-09-29 04:00:00,PT5M,0.0,0.0,0.0,0.0,0.0
0,0,0,0,24,0.14,91.9,2.8,228,2026-09-29 04:05:00,PT5M,0.0,0.0,0.0,0.0,0.0
0,0,0,0,24,0.14,91.9,2.8,228,2026-09-29 04:10:00,PT5M,0.0,0.0,0.0,0.0,0.0
0,0,0,0,24,0.14,91.9,2.8,228,2026-09-29 04:15:00,PT5M,0.0,0.0,0.0,0.0,0.0
0,0,0,0,24,0.14,91.9,2.7,228,2026-09-29 04:20:00,PT5M,0.0,0.0,0.0,0.0,0.0
0,0,0,0,24,0.14,91.9,2.7,228,2026-09-29 04:25:00,PT5M,0.0,0.0,0.0,0.0,0.0
0,0,0,0,24,0.14,91.9,2.7,228,2026-09-29 04:30:00,PT5M,0.0,0.0,0.0,0.0,0.0
0,0,0,0,24,0.14,91.9,2.7,228,2026-09-29 04:35:00,PT5M,0.0,0.0,0.0,0.0,0.0
0,0,0,0,24,0.14,91.9,2.7,228,2026-09-29 04:40:00,PT5M,0.0,0.0,0.0,0.0,0.0
0,0,0,0,24,0.14,91.9,2.7,228,2026-09-29 04:45:00,PT5M,0.0,0.0,0.0,0.0,0.0
0,0,0,0,24,0.14,91.9,2.6,228,2026-09-29 04:50:00,PT5M,0.0,0.0,0.0,0.0,0.0
0,0,0,0,24,0.14,91.9,2.6,228,2026-09-29 04:55:00,PT5M,0.0,0.0,0.0,0.0,0.0
0,0,0,0,24,0.14,91.9,2.6,228,2026-09-29 05:00:00,PT5M,0.0,0.0,0.0,0.0,0.0
0,0,0,0,24,0.14,91.9,2.6,228,2026-09-29 05:05:00,PT5M,0.0,0.0,0.0,0.0,0.0
0,0,0,0,24,0.14,91.9,2.6,228,2026-09-29 05:10:00,PT5M,0.0,0.0,0.0,0.0,0.0
0,0,0,0,24,0.14,91.9,2.6,228,2026-09-29 05:15:00,PT5M,0.0,0.0,0.0,0.0,0.0
0,0,0,0,24,0.14,91.9,2.6,228,2026-09-29 05:20:00,PT5M,0.0,0.0,0.0,0.0,0.0
0,0,0,0,24,0.14,91.9,2.6,228,2026-09-29 05:25:00,PT5M,0.0,0.0,0.0,0.0,0.0
0,0,0,0,24,0.14,91.9,2.6,228,2026-09-29 05:30:00,PT5M,0.0,0.0,0.0,0.0,0.0
0,0,0,0,24,0.14,91.6,2.6,228,2026-09-29 05:35:00,PT5M,0.0,0.0,0.0,0.0,0.0
0,0,0,0,24,0.14,91.1,2.6,228,2026-09-29 05:40:00,PT5M,0.0,0.0,0.0,0.0,0.0
0,0,0,0,24,0.14,90.5,2.7,228,2026-09-29 05:45:00,PT5M,0.0,0.0,0.0,0.0,0.0
0,0,0,0,25,0.14,90.0,2.7,228,2026-09-29 05:50:00,PT5M,0.0,0.0,0.0,0.0,0.0
0,0,0,0,25,0.14,89.5,2.8,227,2026-09-29 05:55:00,PT5M,0.0,0.0,0.0,0.0,0.0
2,2,0,2,25,0.14,88.9,2.8,227,2026-09-29 06:00:00,PT5M,0.0,0.0,0.0,0.0,0.0
8,8,0,8,25,0.14,88.4,2.9,227,2026-09-29 06:05:00,PT5M,0.373,0.824,0.6104,0.1356,0.0
15,15,0,15,25,0.14,87.9,2.9,227,2026-09-29 06:10:00,PT5M,1.295,2.355,1.8529,0.7371,0.235
22,22,0,22,25,0.14,87.3,3.0,227,2026-09-29 06:15:00,PT5M,2.304,4.268,3.3377,1.2703,0.34
31,31,0,31,25,0.14,86.8,3.1,227,2026-09-29 06:20:00,PT5M,3.381,6.611,5.081,1.681,0.151
40,40,0,40,25,0.14,86.3,3.1,226,2026-09-29 06:25:00,PT5M,4.558,9.136,6.9674,2.1486,0.0
51,51,0,51,25,0.14,85.8,3.2,226,2026-09-29 06:30:00,PT5M,5.942,12.054,9.1588,2.7252,0.0
62,62,0,62,26,0.14,85.3,3.2,226,2026-09-29 06:35:00,PT5M,7.423,15.146,11.4877,3.3583,0.0
76,76,8,74,26,0.14,84.8,3.3,226,2026-09-29 06:40:00,PT5M,9.269,18.5875,14.1734,4.3646,0.0
90,90,33,84,26,0.14,84.3,3.3,226,2026-09-29 06:45:00,PT5M,11.98,22.836,17.6936,6.2664,1.124
106,106,59,92,26,0.14,83.8,3.3,226,2026-09-29 06:50:00,PT5M,15.07,27.4265,21.5733,8.5667,2.7135
123,122,88,101,26,0.14,83.3,3.4,225,2026-09-29 06:55:00,PT5M,18.369,32.26,25.6799,11.0581,4.478
140,140,115,109,26,0.14,82.8,3.4,225,2026-09-29 07:00:00,PT5M,22.002,37.492,30.1545,13.8495,6.512
158,157,143,116,26,0.14,82.3,3.5,225,2026-09-29 07:05:00,PT5M,25.891,43.0975,34.9469,16.8351,8.6845
177,176,172,123,26,0.14,81.8,3.5,225,2026-09-29 07:10:00,PT5M,30.227,49.2695,40.2492,20.2048,11.1845
197,195,203,129,26,0.14,81.4,3.6,225,2026-09-29 07:15:00,PT5M,34.896,55.7345,45.8635,23.9285,14.0575
217,215,234,134,27,0.14,80.9,3.6,224,2026-09-29 07:20:00,PT5M,39.823,62.4525,51.7331,27.9129,17.1935
238,236,267,138,27,0.14,80.4,3.7,224,2026-09-29 07:25:00,PT5M,45.033,69.4375,57.8773,32.1887,20.6285
260,258,300,141,27,0.14,79.9,3.7,224,2026-09-29 07:30:00,PT5M,50.526,76.698,64.3005,36.7515,24.354
280,278,323,145,27,0.14,79.5,3.8,224,2026-09-29 07:35:00,PT5M,55.366,83.4325,70.1376,40.5944,27.2995
298,295,336,151,27,0.14,79.0,3.8,224,2026-09-29 07:40:00,PT5M,59.414,89.616,75.3095,43.5185,29.212
316,313,349,156,27,0.14,78.6,3.9,224,2026-09-29 07:45:00,PT5M,61.935,92.847,78.2042,45.6658,31.023
333,331,362,162,27,0.14,78.1,3.9,224,2026-09-29 07:50:00,PT5M,64.094,95.4445,80.594,47.594,32.7435
351,348,373,167,27,0.14,77.6,4.0,224,2026-09-29 07:55:00,PT5M,66.213,97.951,82.9169,49.5091,34.475
369,366,385,171,27,0.14,77.2,4.0,224,2026-09-29 08:00:00,PT5M,68.229,100.0,85.1077,51.3503,36.159
386,383,395,176,28,0.14,76.7,4.1,223,2026-09-29 08:05:00,PT5M,70.104,100.0,87.1182,53.0898,37.7765
404,400,405,181,28,0.14,76.3,4.1,223,2026-09-29 08:10:00,PT5M,71.83,100.0,88.9355,54.7245,39.329
421,417,414,185,28,0.14,75.8,4.2,223,2026-09-29 08:15:00,PT5M,73.425,100.0,90.5795,56.2705,40.831
438,434,423,190,28,0.14,75.4,4.3,223,2026-09-29 08:20:00,PT5M,74.882,100.0,91.993,57.771,42.3705
455,451,432,194,28,0.14,75.0,4.3,223,2026-09-29 08:25:00,PT5M,76.211,100.0,93.2257,59.1963,43.8825
471,467,440,198,28,0.14,74.5,4.4,223,2026-09-29 08:30:00,PT5M,77.463,100.0,94.3669,60.5591,45.345
488,484,448,202,28,0.14,74.1,4.4,223,2026-09-29 08:35:00,PT5M,78.725,100.0,95.495,61.955,46.8615
505,501,458,205,28,0.14,73.7,4.4,223,2026-09-29 08:40:00,PT5M,80.003,100.0,96.6509,63.3551,48.3715
522,517,467,208,28,0.14,73.3,4.4,223,2026-09-29 08:45:00,PT5M,81.219,100.0,97.7095,64.7285,49.8865
538,534,476,211,28,0.14,72.9,4.4,222,2026-09-29 08:50:00,PT5M,82.385,100.0,98.7147,66.0553,51.358
555,550,484,214,29,0.14,72.6,4.4,222,2026-09-29 08:55:00,PT5M,83.505,100.0,99.6705,67.3395,52.79
571,566,493,217,29,0.14,72.2,4.4,222,2026-09-29 09:00:00,PT5M,84.588,100.0,100.0,68.6354,54.2775
587,582,503,218,29,0.14,71.8,4.4,222,2026-09-29 09:05:00,PT5M,85.746,100.0,100.0,70.1289,56.073
604,598,513,220,29,0.14,71.4,4.3,221,2026-09-29 09:10:00,PT5M,86.859,100.0,100.0,71.465,57.61
620,614,523,221,29,0.14,71.0,4.3,221,2026-09-29 09:15:00,PT5M,87.932,100.0,100.0,72.8594,59.2935
636,630,533,222,29,0.14,70.7,4.3,221,2026-09-29 09:20:00,PT5M,88.965,100.0,100.0,74.2068,60.924
652,646,543,223,29,0.14,70.3,4.3,221,2026-09-29 09:25:00,PT5M,89.992,100.0,100.0,75.5412,62.535
667,661,552,223,29,0.14,69.9,4.3,220,2026-09-29 09:30:00,PT5M,90.947,100.0,100.0,76.7967,64.061
682,676,561,224,29,0.14,69.5,4.3,220,2026-09-29 09:35:00,PT5M,91.797,100.0,100.0,77.913,65.417
696,690,568,225,30,0.14,69.1,4.3,220,2026-09-29 09:40:00,PT5M,92.545,100.0,100.0,78.8929,66.6055
709,703,574,226,30,0.14,68.7,4.3,220,2026-09-29 09:45:00,PT5M,93.212,100.0,100.0,79.7772,67.6855
722,715,580,227,30,0.14,68.4,4.3,219,2026-09-29 09:50:00,PT5M,93.843,100.0,100.0,80.6172,68.7135
735,728,586,229,30,0.14,68.0,4.3,219,2026-09-29 09:55:00,PT5M,94.449,100.0,100.0,81.4245,69.702
747,740,592,229,30,0.14,67.6,4.3,219,2026-09-29 10:00:00,PT5M,95.027,100.0,100.0,82.1938,70.6435
759,752,598,230,30,0.14,67.2,4.3,219,2026-09-29 10:05:00,PT5M,95.59,100.0,100.0,82.942,71.5585
770,763,604,230,30,0.14,66.8,4.3,219,2026-09-29 10:10:00,PT5M,96.137,100.0,100.0,83.6685,72.4465
781,774,610,230,30,0.14,66.4,4.3,218,2026-09-29 10:15:00,PT5M,96.656,100.0,100.0,84.3591,73.2915
792,785,615,230,30,0.14,66.0,4.3,218,2026-09-29 10:20:00,PT5M,97.148,100.0,100.0,85.0148,74.0945
803,795,621,230,30,0.14,65.7,4.3,218,2026-09-29 10:25:00,PT5M,97.617,100.0,100.0,85.6404,74.861
813,805,627,229,31,0.14,65.3,4.3,218,2026-09-29 10:30:00,PT5M,98.064,100.0,100.0,86.2376,75.5935
821,813,629,230,31,0.14,64.9,4.3,217,2026-09-29 10:35:00,PT5M,98.3,100.0,100.0,86.5902,76.051
827,819,627,233,31,0.14,64.5,4.3,217,2026-09-29 10:40:00,PT5M,98.328,100.0,100.0,86.7011,76.2365
832,824,625,236,31,0.14,64.1,4.2,217,2026-09-29 10:45:00,PT5M,98.335,100.0,100.0,86.7826,76.385
837,829,623,239,31,0.14,63.7,4.2,216,2026-09-29 10:50:00,PT5M,98.32,100.0,100.0,86.8318,76.492
841,834,621,242,31,0.14,63.3,4.2,216,2026-09-29 10:55:00,PT5M,98.277,100.0,100.0,86.8351,76.537
845,838,619,244,31,0.14,62.9,4.2,216,2026-09-29 11:00:00,PT5M,98.214,100.0,100.0,86.8073,76.541
849,841,616,247,31,0.14,62.5,4.2,216,2026-09-29 11:05:00,PT5M,98.134,100.0,100.0,86.7692,76.5405
851,844,613,250,31,0.14,62.2,4.2,215,2026-09-29 11:10:00,PT5M,98.031,100.0,100.0,86.7033,76.508
854,846,610,253,32,0.14,61.8,4.2,215,2026-09-29 11:15:00,PT5M,97.903,100.0,100.0,86.5953,76.418
855,848,607,256,32,0.14,61.4,4.1,215,2026-09-29 11:20:00,PT5M,97.756,100.0,100.0,86.4586,76.2905
857,849,603,258,32,0.14,61.0,4.1,215,2026-09-29 11:25:00,PT5M,97.588,100.0,100.0,86.2919,76.125
857,850,600,261,32,0.14,60.7,4.1,214,2026-09-29 11:30:00,PT5M,97.401,100.0,100.0,86.0986,75.926
856,849,592,265,32,0.14,60.7,4.1,215,2026-09-29 11:35:00,PT5M,97.051,100.0,100.0,85.7004,75.4845
852,845,582,271,32,0.14,61.3,4.0,215,2026-09-29 11:40:00,PT5M,96.539,100.0,100.0,85.0976,74.8
848,841,571,277,32,0.14,61.9,4.0,216,2026-09-29 11:45:00,PT5M,96.004,100.0,100.0,84.4634,74.0765
843,836,560,283,32,0.14,62.4,3.9,217,2026-09-29 11:50:00,PT5M,95.447,100.0,100.0,83.7985,73.3145
838,831,549,288,31,0.14,63.0,3.8,218,2026-09-29 11:55:00,PT5M,94.866,100.0,100.0,83.1009,72.512
832,825,538,294,31,0.14,63.6,3.8,219,2026-09-29 12:00:00,PT5M,94.328,100.0,100.0,82.4374,71.7355
826,819,526,299,31,0.14,64.2,3.7,220,2026-09-29 12:05:00,PT5M,93.858,100.0,100.0,81.8785,71.0965
819,812,515,304,31,0.14,64.8,3.7,221,2026-09-29 12:10:00,PT5M,93.311,100.0,100.0,81.1886,70.278
811,805,504,308,31,0.14,65.4,3.6,222,2026-09-29 12:15:00,PT5M,92.736,100.0,100.0,80.4625,69.416
804,798,493,313,31,0.14,66.0,3.6,223,2026-09-29 12:20:00,PT5M,92.134,100.0,100.0,79.7013,68.5115
796,790,481,317,31,0.14,66.6,3.5,224,2026-09-29 12:25:00,PT5M,91.504,100.0,100.0,78.9039,67.5635
787,781,470,321,31,0.14,67.2,3.5,226,2026-09-29 12:30:00,PT5M,90.847,100.0,100.0,78.073,66.576
778,772,459,325,30,0.14,67.8,3.4,227,2026-09-29 12:35:00,PT5M,90.162,100.0,100.0,77.1941,65.5225
769,763,448,328,30,0.14,68.5,3.4,228,2026-09-29 12:40:00,PT5M,89.447,100.0,100.0,76.2646,64.4
759,754,437,331,30,0.14,69.2,3.4,229,2026-09-29 12:45:00,PT5M,88.697,100.0,100.0,75.2888,63.221
749,744,426,334,30,0.14,69.9,3.3,231,2026-09-29 12:50:00,PT5M,87.907,100.0,100.0,74.2601,61.9775
739,733,415,337,30,0.14,70.7,3.3,232,2026-09-29 12:55:00,PT5M,87.095,100.0,100.0,73.2144,60.7215
728,723,404,339,30,0.14,71.4,3.2,233,2026-09-29 13:00:00,PT5M,86.274,100.0,100.0,72.1737,59.483
717,712,393,341,30,0.14,72.1,3.2,235,2026-09-29 13:05:00,PT5M,85.405,100.0,99.7432,71.0668,58.162
706,701,382,342,30,0.14,72.8,3.2,236,2026-09-29 13:10:00,PT5M,84.493,100.0,99.0796,69.9064,56.778
694,690,372,343,29,0.14,73.6,3.1,237,2026-09-29 13:15:00,PT5M,83.543,100.0,98.3833,68.7027,55.346
682,678,361,344,29,0.14,74.3,3.1,239,2026-09-29 13:20:00,PT5M,82.557,100.0,97.6541,67.4599,53.872
670,666,351,345,29,0.14,75.1,3.1,240,2026-09-29 13:25:00,PT5M,81.471,100.0,96.8271,66.1149,52.294
658,654,340,345,29,0.14,75.9,3.1,242,2026-09-29 13:30:00,PT5M,80.416,100.0,96.0323,64.7997,50.7445
643,639,326,346,29,0.14,76.6,3.0,243,2026-09-29 13:35:00,PT5M,79.027,100.0,94.9586,63.0954,48.7565
625,622,308,348,29,0.14,77.4,3.0,245,2026-09-29 13:40:00,PT5M,77.295,100.0,93.5945,60.9955,46.3255
608,605,290,349,29,0.14,78.2,3.0,246,2026-09-29 13:45:00,PT5M,75.524,100.0,92.189,58.859,43.86
591,588,273,350,29,0.14,78.9,2.9,248,2026-09-29 13:50:00,PT5M,73.714,100.0,90.7416,56.6864,41.361
573,571,257,350,29,0.14,79.7,2.9,249,2026-09-29 13:55:00,PT5M,71.864,100.0,89.2513,54.4767,38.8275
556,553,240,349,28,0.14,80.5,2.9,251,2026-09-29 14:00:00,PT5M,69.975,100.0,87.7192,52.2308,36.2605
538,536,224,348,28,0.14,81.3,2.9,253,2026-09-29 14:05:00,PT5M,68.034,100.0,86.134,49.934,33.6435
521,519,209,347,28,0.14,82.1,2.9,254,2026-09-29 14:10:00,PT5M,66.041,100.0,84.4928,47.5892,30.982
503,502,193,345,28,0.14,82.9,2.9,256,2026-09-29 14:15:00,PT5M,64.003,99.7245,82.8035,45.2025,28.2815
486,484,178,342,28,0.14,83.7,2.8,258,2026-09-29 14:20:00,PT5M,61.907,98.2845,81.0527,42.7613,25.5295
468,467,163,339,28,0.14,84.5,2.8,259,2026-09-29 14:25:00,PT5M,59.78,96.802,79.2649,40.2951,22.758
451,450,149,335,28,0.14,85.3,2.8,261,2026-09-29 14:30:00,PT5M,57.624,95.279,77.4421,37.8059,19.969
437,436,139,330,28,0.14,85.8,2.8,261,2026-09-29 14:35:00,PT5M,55.848,94.02,75.9382,35.7578,17.676
424,424,132,325,28,0.14,85.9,2.8,260,2026-09-29 14:40:00,PT5M,54.449,93.0305,74.7547,34.1433,15.8675
412,411,126,319,28,0.14,86.0,2.7,259,2026-09-29 14:45:00,PT5M,53.016,92.0065,73.537,32.495,14.0255
400,399,120,313,28,0.14,86.1,2.7,258,2026-09-29 14:50:00,PT5M,51.55,90.948,72.2854,30.8146,12.152
388,387,114,307,28,0.14,86.1,2.6,256,2026-09-29 14:55:00,PT5M,50.07,89.872,71.0181,29.1219,10.268
375,375,108,301,28,0.14,86.2,2.6,255,2026-09-29 15:00:00,PT5M,48.616,88.481,69.5972,27.6348,8.751
363,363,102,294,27,0.14,86.3,2.5,253,2026-09-29 15:05:00,PT5M,47.313,87.191,68.3011,26.3249,7.435
351,350,95,288,27,0.14,86.4,2.5,252,2026-09-29 15:10:00,PT5M,45.724,85.572,66.6963,24.7517,5.876
338,338,89,281,27,0.14,86.5,2.4,250,2026-09-29 15:15:00,PT5M,44.089,83.833,65.0066,23.1714,4.345
326,325,82,274,27,0.14,86.6,2.4,249,2026-09-29 15:20:00,PT5M,42.398,82.07,63.2777,21.5183,2.726
313,313,75,267,27,0.14,86.6,2.4,247,2026-09-29 15:25:00,PT5M,40.661,80.2195,61.4809,19.8411,1.1025
300,300,69,260,27,0.14,86.7,2.3,245,2026-09-29 15:30:00,PT5M,38.877,78.274,59.6119,18.1421,0.0
288,288,62,252,27,0.14,86.8,2.3,244,2026-09-29 15:35:00,PT5M,37.1,76.2655,57.7131,16.4869,0.0
275,275,56,245,27,0.14,87.0,2.3,242,2026-09-29 15:40:00,PT5M,35.377,74.181,55.7998,14.9542,0.0
263,263,49,237,27,0.14,87.1,2.3,240,2026-09-29 15:45:00,PT5M,33.606,71.9505,53.787,13.425,0.0
250,251,43,229,27,0.14,87.2,2.2,238,2026-09-29 15:50:00,PT5M,31.785,69.577,51.6752,11.8948,0.0
238,238,36,220,27,0.14,87.3,2.2,236,2026-09-29 15:55:00,PT5M,29.914,67.0695,49.4692,10.3588,0.0
226,226,29,212,27,0.14,87.5,2.2,233,2026-09-29 16:00:00,PT5M,28.318,64.7625,47.499,9.137,0.0
213,214,23,203,27,0.14,87.6,2.2,231,2026-09-29 16:05:00,PT5M,26.416,62.127,45.211,7.621,0.0
201,201,17,194,27,0.14,87.7,2.2,229,2026-09-29 16:10:00,PT5M,24.541,59.5065,42.9436,6.1384,0.0
189,189,10,185,27,0.14,87.9,2.2,227,2026-09-29 16:15:00,PT5M,22.793,56.3525,40.4556,5.1304,0.0
177,178,4,176,27,0.14,88.0,2.2,225,2026-09-29 16:20:00,PT5M,21.158,52.427,37.6151,4.7009,0.0
165,166,0,166,27,0.14,88.1,2.2,223,2026-09-29 16:25:00,PT5M,19.593,48.6425,34.882,4.304,0.0
153,154,0,154,27,0.14,88.2,2.2,221,2026-09-29 16:30:00,PT5M,18.311,45.122,32.4218,4.2002,0.0
142,142,0,142,27,0.14,88.4,2.2,218,2026-09-29 16:35:00,PT5M,16.996,41.6465,29.9697,4.0223,0.0
130,131,0,131,27,0.14,88.4,2.2,216,2026-09-29 16:40:00,PT5M,15.65,38.1405,27.4869,3.8131,0.0
119,119,0,119,27,0.14,88.5,2.2,214,2026-09-29 16:45:00,PT5M,14.276,34.625,24.9858,3.5662,0.0
108,108,0,108,27,0.14,88.6,2.2,212,2026-09-29 16:50:00,PT5M,12.904,31.1435,22.5036,3.3044,0.0
97,97,0,97,27,0.14,88.7,2.2,210,2026-09-29 16:55:00,PT5M,11.553,27.7385,20.0715,3.0345,0.0
85,85,0,85,27,0.14,88.8,2.2,208,2026-09-29 17:00:00,PT5M,10.172,24.403,17.6619,2.6821,0.0
74,74,0,74,27,0.14,88.9,2.2,206,2026-09-29 17:05:00,PT5M,8.848,21.235,15.3674,2.3286,0.0
64,64,0,64,27,0.14,89.0,2.2,204,2026-09-29 17:10:00,PT5M,7.46,18.061,13.0394,1.8806,0.0
54,54,0,54,27,0.14,89.0,2.2,202,2026-09-29 17:15:00,PT5M,6.222,15.063,10.8751,1.5689,0.0
45,45,0,45,27,0.14,89.1,2.2,200,2026-09-29 17:20:00,PT5M,5.097,12.2115,8.8414,1.3526,0.0
36,36,0,36,27,0.14,89.2,2.2,198,2026-09-29 17:25:00,PT5M,3.972,9.4465,6.8533,1.0907,0.0
28,28,0,28,27,0.14,89.3,2.3,196,2026-09-29 17:30:00,PT5M,2.933,6.904,5.023,0.843,0.0
21,21,0,21,27,0.14,89.4,2.3,196,2026-09-29 17:35:00,PT5M,2.064,4.269,3.2245,0.9035,0.0
15,15,0,15,27,0.14,89.5,2.3,196,2026-09-29 17:40:00,PT5M,1.27,2.6895,2.0171,0.5229,0.0
9,9,0,9,27,0.14,89.6,2.3,197,2026-09-29 17:45:00,PT5M,0.54,1.31,0.9453,0.1347,0.0
4,4,0,4,27,0.14,89.7,2.3,198,2026-09-29 17:50:00,PT5M,0.0,0.161,0.0847,0.0,0.0
0,0,0,0,27,0.14,89.7,2.3,198,2026-09-29 17:55:00,PT5M,0.0,0.0,0.0,0.0,0.0
0,0,0,0,27,0.14,89.8,2.3,199,2026-09-29 18:00:00,PT5M,0.0,0.0,0.0,0.0,0.0
0,0,0,0,27,0.14,89.9,2.3,200,2026-09-29 18:05:00,PT5M,0.0,0.0,0.0,0.0,0.0
0,0,0,0,27,0.14,90.0,2.3,200,2026-09-29 18:10:00,PT5M,0.0,0.0,0.0,0.0,0.0
0,0,0,0,27,0.14,90.1,2.3,201,2026-09-29 18:15:00,PT5M,0.0,0.0,0.0,0.0,0.0
0,0,0,0,27,0.14,90.2,2.3,202,2026-09-29 18:20:00,PT5M,0.0,0.0,0.0,0.0,0.0
0,0,0,0,26,0.14,90.3,2.3,202,2026-09-29 18:25:00,PT5M,0.0,0.0,0.0,0.0,0.0
0,0,0,0,26,0.14,90.4,2.3,203,2026-09-29 18:30:00,PT5M,0.0,0.0,0.0,0.0,0.0
0,0,0,0,26,0.14,90.5,2.3,204,2026-09-29 18:35:00,PT5M,0.0,0.0,0.0,0.0,0.0
0,0,0,0,26,0.14,90.6,2.3,204,2026-09-29 18:40:00,PT5M,0.0,0.0,0.0,0.0,0.0
0,0,0,0,26,0.14,90.7,2.3,205,2026-09-29 18:45:00,PT5M,0.0,0.0,0.0,0.0,0.0
0,0,0,0,26,0.14,90.9,2.3,205,2026-09-29 18:50:00,PT5M,0.0,0.0,0.0,0.0,0.0
0,0,0,0,26,0.14,91.0,2.3,206,2026-09-29 18:55:00,PT5M,0.0,0.0,0.0,0.0,0.0
0,0,0,0,26,0.14,91.1,2.3,207,2026-09-29 19:00:00,PT5M,0.0,0.0,0.0,0.0,0.0
0,0,0,0,26,0.14,91.3,2.3,207,2026-09-29 19:05:00,PT5M,0.0,0.0,0.0,0.0,0.0
0,0,0,0,26,0.14,91.4,2.3,208,2026-09-29 19:10:00,PT5M,0.0,0.0,0.0,0.0,0.0
0,0,0,0,26,0.14,91.5,2.3,209,2026-09-29 19:15:00,PT5M,0.0,0.0,0.0,0.0,0.0
0,0,0,0,26,0.14,91.7,2.3,209,2026-09-29 19:20:00,PT5M,0.0,0.0,0.0,0.0,0.0
0,0,0,0,26,0.14,91.8,2.3,210,2026-09-29 19:25:00,PT5M,0.0,0.0,0.0,0.0,0.0
0,0,0,0,26,0.14,91.9,2.3,211,2026-09-29 19:30:00,PT5M,0.0,0.0,0.0,0.0,0.0
0,0,0,0,26,0.14,92.1,2.3,211,2026-09-29 19:35:00,PT5M,0.0,0.0,0.0,0.0,0.0
0,0,0,0,26,0.14,92.2,2.3,212,2026-09-29 19:40:00,PT5M,0.0,0.0,0.0,0.0,0.0
0,0,0,0,26,0.14,92.3,2.4,213,2026-09-29 19:45:00,PT5M,0.0,0.0,0.0,0.0,0.0
0,0,0,0,26,0.14,92.5,2.4,214,2026-09-29 19:50:00,PT5M,0.0,0.0,0.0,0.0,0.0
0,0,0,0,26,0.14,92.6,2.4,215,2026-09-29 19:55:00,PT5M,0.0,0.0,0.0,0.0,0.0
0,0,0,0,26,0.14,92.8,2.4,215,2026-09-29 20:00:00,PT5M,0.0,0.0,0.0,0.0,0.0
0,0,0,0,26,0.14,92.9,2.4,216,2026-09-29 20:05:00,PT5M,0.0,0.0,0.0,0.0,0.0
0,0,0,0,26,0.14,93.0,2.4,217,2026-09-29 20:10:00,PT5M,0.0,0.0,0.0,0.0,0.0
0,0,0,0,26,0.14,93.2,2.4,218,2026-09-29 20:15:00,PT5M,0.0,0.0,0.0,0.0,0.0
0,0,0,0,26,0.14,93.3,2.4,218,2026-09-29 20:20:00,PT5M,0.0,0.0,0.0,0.0,0.0
0,0,0,0,26,0.14,93.4,2.5,219,2026-09-29 20:25:00,PT5M,0.0,0.0,0.0,0.0,0.0
0,0,0,0,26,0.14,93.6,2.5,220,2026-09-29 20:30:00,PT5M,0.0,0.0,0.0,0.0,0.0
0,0,0,0,26,0.14,93.6,2.5,220,2026-09-29 20:35:00,PT5M,0.0,0.0,0.0,0.0,0.0
0,0,0,0,26,0.14,93.6,2.5,221,2026-09-29 20:40:00,PT5M,0.0,0.0,0.0,0.0,0.0
0,0,0,0,25,0.14,93.6,2.5,221,2026-09-29 20:45:00,PT5M,0.0,0.0,0.0,0.0,0.0
0,0,0,0,25,0.14,93.6,2.5,221,2026-09-29 20:50:00,PT5M,0.0,0.0,0.0,0.0,0.0
0,0,0,0,25,0.14,93.6,2.5,221,2026-09-29 20:55:00,PT5M,0.0,0.0,0.0,0.0,0.0
0,0,0,0,25,0.14,93.6,2.5,222,2026-09-29 21:00:00,PT5M,0.0,0.0,0.0,0.0,0.0
0,0,0,0,25,0.14,93.6,2.5,222,2026-09-29 21:05:00,PT5M,0.0,0.0,0.0,0.0,0.0
0,0,0,0,25,0.14,93.6,2.5,222,2026-09-29 21:10:00,PT5M,0.0,0.0,0.0,0.0,0.0
0,0,0,0,25,0.14,93.6,2.5,222,2026-09-29 21:15:00,PT5M,0.0,0.0,0.0,0.0,0.0
0,0,0,0,25,0.14,93.6,2.5,223,2026-09-29 21:20:00,PT5M,0.0,0.0,0.0,0.0,0.0
0,0,0,0,25,0.14,93.6,2.5,223,2026-09-29 21:25:00,PT5M,0.0,0.0,0.0,0.0,0.0
0,0,0,0,25,0.14,93.6,2.5,223,2026-09-29 21:30:00,PT5M,0.0,0.0,0.0,0.0,0.0
0,0,0,0,25,0.14,93.6,2.5,223,2026-09-29 21:35:00,PT5M,0.0,0.0,0.0,0.0,0.0
0,0,0,0,25,0.14,93.6,2.5,224,2026-09-29 21:40:00,PT5M,0.0,0.0,0.0,0.0,0.0
0,0,0,0,25,0.14,93.6,2.5,224,2026-09-29 21:45:00,PT5M,0.0,0.0,0.0,0.0,0.0
0,0,0,0,25,0.14,93.6,2.5,224,2026-09-29 21:50:00,PT5M,0.0,0.0,0.0,0.0,0.0
0,0,0,0,25,0.14,93.6,2.5,225,2026-09-29 21:55:00,PT5M,0.0,0.0,0.0,0.0,0.0
0,0,0,0,25,0.14,93.6,2.5,225,2026-09-29 22:00:00,PT5M,0.0,0.0,0.0,0.0,0.0
0,0,0,0,25,0.14,93.6,2.5,225,2026-09-29 22:05:00,PT5M,0.0,0.0,0.0,0.0,0.0
0,0,0,0,25,0.14,93.6,2.5,225,2026-09-29 22:10:00,PT5M,0.0,0.0,0.0,0.0,0.0
0,0,0,0,25,0.14,93.6,2.5,226,2026-09-29 22:15:00,PT5M,0.0,0.0,0.0,0.0,0.0
0,0,0,0,25,0.14,93.6,2.5,226,2026-09-29 22:20:00,PT5M,0.0,0.0,0.0,0.0,0.0
0,0,0,0,25,0.14,93.6,2.5,226,2026-09-29 22:25:00,PT5M,0.0,0.0,0.0,0.0,0.0
0,0,0,0,25,0.14,93.6,2.5,227,2026-09-29 22:30:00,PT5M,0.0,0.0,0.0,0.0,0.0
0,0,0,0,25,0.14,93.6,2.5,227,2026-09-29 22:35:00,PT5M,0.0,0.0,0.0,0.0,0.0
0,0,0,0,25,0.14,93.6,2.5,227,2026-09-29 22:40:00,PT5M,0.0,0.0,0.0,0.0,0.0
0,0,0,0,25,0.14,93.6,2.5,227,2026-09-29 22:45:00,PT5M,0.0,0.0,0.0,0.0,0.0
0,0,0,0,25,0.14,93.6,2.5,228,2026-09-29 22:50:00,PT5M,0.0,0.0,0.0,0.0,0.0
0,0,0,0,25,0.14,93.6,2.5,228,2026-09-29 22:55:00,PT5M,0.0,0.0,0.0,0.0,0.0
0,0,0,0,25,0.14,93.6,2.5,228,2026-09-29 23:00:00,PT5M,0.0,0.0,0.0,0.0,0.0
0,0,0,0,25,0.14,93.6,2.5,228,2026-09-29 23:05:00,PT5M,0.0,0.0,0.0,0.0,0.0
0,0,0,0,25,0.14,93.6,2.5,229,2026-09-29 23:10:00,PT5M,0.0,0.0,0.0,0.0,0.0
0,0,0,0,25,0.14,93.6,2.5,229,2026-09-29 23:15:00,PT5M,0.0,0.0,0.0,0.0,0.0
0,0,0,0,25,0.14,93.6,2.5,229,2026-09-29 23:20:00,PT5M,0.0,0.0,0.0,0.0,0.0
0,0,0,0,25,0.14,93.6,2.5,229,2026-09-29 23:25:00,PT5M,0.0,0.0,0.0,0.0,0.0
0,0,0,0,25,0.14,93.6,2.5,230,2026-09-29 23:30:00,PT5M,0.0,0.0,0.0,0.0,0.0
0,0,0,0,25,0.14,93.6,2.5,230,2026-09-29 23:35:00,PT5M,0.0,0.0,0.0,0.0,0.0
0,0,0,0,25,0.14,93.7,2.5,230,2026-09-29 23:40:00,PT5M,0.0,0.0,0.0,0.0,0.0
0,0,0,0,25,0.14,93.7,2.5,230,2026-09-29 23:45:00,PT5M,0.0,0.0,0.0,0.0,0.0
0,0,0,0,25,0.14,93.8,2.6,230,2026-09-29 23:50:00,PT5M,0.0,0.0,0.0,0.0,0.0
0,0,0,0,25,0.14,93.8,2.6,230,2026-09-29 23:55:00,PT5M,0.0,0.0,0.0,0.0,0.0
0,0,0,0,25,0.14,93.9,2.6,230,2026-09-30 00:00:00,PT5M,0.0,0.0,0.0,0.0,0.0
0,0,0,0,25,0.14,93.9,2.6,230,2026-09-30 00:05:00,PT5M,0.0,0.0,0.0,0.0,0.0
0,0,0,0,25,0.14,94.0,2.7,230,2026-09-30 00:10:00,PT5M,0.0,0.0,0.0,0.0,0.0
0,0,0,0,25,0.14,94.0,2.7,230,2026-09-30 00:15:00,PT5M,0.0,0.0,0.0,0.0,0.0
0,0,0,0,25,0.14,94.1,2.7,229,2026-09-30 00:20:00,PT5M,0.0,0.0,0.0,0.0,0.0
0,0,0,0,24,0.14,94.1,2.7,229,2026-09-30 00:25:00,PT5M,0.0,0.0,0.0,0.0,0.0
0,0,0,0,24,0.14,94.1,2.8,229,2026-09-30 00:30:00,PT5M,0.0,0.0,0.0,0.0,0.0
0,0,0,0,24,0.14,94.2,2.8,229,2026-09-30 00:35:00,PT5M,0.0,0.0,0.0,0.0,0.0
0,0,0,0,24,0.14,94.2,2.8,230,2026-09-30 00:40:00,PT5M,0.0,0.0,0.0,0.0,0.0
0,0,0,0,24,0.14,94.3,2.8,230,2026-09-30 00:45:00,PT5M,0.0,0.0,0.0,0.0,0.0
0,0,0,0,24,0.14,94.3,2.8,230,2026-09-30 00:50:00,PT5M,0.0,0.0,0.0,0.0,0.0
0,0,0,0,24,0.14,94.4,2.8,230,2026-09-30 00:55:00,PT5M,0.0,0.0,0.0,0.0,0.0
0,0,0,0,24,0.14,94.4,2.9,230,2026-09-30 01:00:00,PT5M,0.0,0.0,0.0,0.0,0.0
0,0,0,0,24,0.14,94.5,2.9,230,2026-09-30 01:05:00,PT5M,0.0,0.0,0.0,0.0,0.0
0,0,0,0,24,0.14,94.5,2.9,230,2026-09-30 01:10:00,PT5M,0.0,0.0,0.0,0.0,0.0
0,0,0,0,24,0.14,94.6,2.9,230,2026-09-30 01:15:00,PT5M,0.0,0.0,0.0,0.0,0.0
0,0,0,0,24,0.14,94.6,2.9,230,2026-09-30 01:20:00,PT5M,0.0,0.0,0.0,0.0,0.0
0,0,0,0,24,0.14,94.7,3.0,230,2026-09-30 01:25:00,PT5M,0.0,0.0,0.0,0.0,0.0
0,0,0,0,24,0.14,94.7,3.0,230,2026-09-30 01:30:00,PT5M,0.0,0.0,0.0,0.0,0.0
0,0,0,0,24,0.14,94.7,3.0,230,2026-09-30 01:35:00,PT5M,0.0,0.0,0.0,0.0,0.0
0,0,0,0,24,0.14,94.8,3.0,231,2026-09-30 01:40:00,PT5M,0.0,0.0,0.0,0.0,0.0
0,0,0,0,24,0.14,94.8,3.1,231,2026-09-30 01:45:00,PT5M,0.0,0.0,0.0,0.0,0.0
0,0,0,0,24,0.14,94.9,3.1,231,2026-09-30 01:50:00,PT5M,0.0,0.0,0.0,0.0,0.0
0,0,0,0,24,0.14,94.9,3.1,231,2026-09-30 01:55:00,PT5M,0.0,0.0,0.0,0.0,0.0
0,0,0,0,24,0.14,95.0,3.1,231,2026-09-30 02:00:00,PT5M,0.0,0.0,0.0,0.0,0.0
0,0,0,0,24,0.14,95.0,3.2,231,2026-09-30 02:05:00,PT5M,0.0,0.0,0.0,0.0,0.0
0,0,0,0,24,0.14,95.1,3.2,231,2026-09-30 02:10:00,PT5M,0.0,0.0,0.0,0.0,0.0
0,0,0,0,24,0.14,95.1,3.2,231,2026-09-30 02:15:00,PT5M,0.0,0.0,0.0,0.0,0.0
0,0,0,0,24,0.14,95.2,3.3,231,2026-09-30 02:20:00,PT5M,0.0,0.0,0.0,0.0,0.0
0,0,0,0,24,0.14,95.2,3.3,231,2026-09-30 02:25:00,PT5M,0.0,0.0,0.0,0.0,0.0
0,0,0,0,24,0.14,95.3,3.3,231,2026-09-30 02:30:00,PT5M,0.0,0.0,0.0,0.0,0.0
0,0,0,0,24,0.14,95.3,3.3,231,2026-09-30 02:35:00,PT5M,0.0,0.0,0.0,0.0,0.0
0,0,0,0,24,0.14,95.3,3.3,231,2026-09-30 02:40:00,PT5M,0.0,0.0,0.0,0.0,0.0
0,0,0,0,24,0.14,95.3,3.3,232,2026-09-30 02:45:00,PT5M,0.0,0.0,0.0,0.0,0.0
0,0,0,0,24,0.14,95.3,3.2,232,2026-09-30 02:50:00,PT5M,0.0,0.0,0.0,0.0,0.0
0,0,0,0,24,0.14,95.3,3.2,232,2026-09-30 02:55:00,PT5M,0.0,0.0,0.0,0.0,0.0
0,0,0,0,24,0.14,95.3,3.2,233,2026-09-30 03:00:00,PT5M,0.0,0.0,0.0,0.0,0.0
0,0,0,0,24,0.14,95.3,3.1,233,2026-09-30 03:05:00,PT5M,0.0,0.0,0.0,0.0,0.0
0,0,0,0,24,0.14,95.3,3.1,233,2026-09-30 03:10:00,PT5M,0.0,0.0,0.0,0.0,0.0
0,0,0,0,24,0.14,95.3,3.1,234,2026-09-30 03:15:00,PT5M,0.0,0.0,0.0,0.0,0.0
0,0,0,0,24,0.14,95.3,3.0,234,2026-09-30 03:20:00,PT5M,0.0,0.0,0.0,0.0,0.0
0,0,0,0,24,0.14,95.3,3.0,234,2026-09-30 03:25:00,PT5M,0.0,0.0,0.0,0.0,0.0
0,0,0,0,24,0.14,95.3,3.0,235,2026-09-30 03:30:00,PT5M,0.0,0.0,0.0,0.0,0.0
0,0,0,0,24,0.14,95.3,2.9,235,2026-09-30 03:35:00,PT5M,0.0,0.0,0.0,0.0,0.0
0,0,0,0,24,0.14,95.2,2.9,235,2026-09-30 03:40:00,PT5M,0.0,0.0,0.0,0.0,0.0
0,0,0,0,24,0.14,95.2,2.9,236,2026-09-30 03:45:00,PT5M,0.0,0.0,0.0,0.0,0.0
0,0,0,0,24,0.14,95.1,2.8,236,2026-09-30 03:50:00,PT5M,0.0,0.0,0.0,0.0,0.0
0,0,0,0,24,0.14,95.1,2.8,236,2026-09-30 03:55:00,PT5M,0.0,0.0,0.0,0.0,0.0
0,0,0,0,24,0.14,95.0,2.8,237,2026-09-30 04:00:00,PT5M,0.0,0.0,0.0,0.0,0.0
0,0,0,0,24,0.14,95.0,2.7,237,2026-09-30 04:05:00,PT5M,0.0,0.0,0.0,0.0,0.0
0,0,0,0,24,0.14,94.9,2.7,237,2026-09-30 04:10:00,PT5M,0.0,0.0,0.0,0.0,0.0
0,0,0,0,24,0.14,94.9,2.7,238,2026-09-30 04:15:00,PT5M,0.0,0.0,0.0,0.0,0.0
0,0,0,0,24,0.14,94.8,2.6,238,2026-09-30 04:20:00,PT5M,0.0,0.0,0.0,0.0,0.0
0,0,0,0,24,0.14,94.8,2.6,239,2026-09-30 04:25:00,PT5M,0.0,0.0,0.0,0.0,0.0
0,0,0,0,24,0.14,94.7,2.6,239,2026-09-30 04:30:00,PT5M,0.0,0.0,0.0,0.0,0.0
0,0,0,0,24,0.14,94.7,2.5,240,2026-09-30 04:35:00,PT5M,0.0,0.0,0.0,0.0,0.0
0,0,0,0,24,0.14,94.8,2.5,240,2026-09-30 04:40:00,PT5M,0.0,0.0,0.0,0.0,0.0
0,0,0,0,24,0.14,94.8,2.5,240,2026-09-30 04:45:00,PT5M,0.0,0.0,0.0,0.0,0.0
0,0,0,0,24,0.14,94.9,2.5,240,2026-09-30 04:50:00,PT5M,0.0,0.0,0.0,0.0,0.0
0,0,0,0,24,0.14,94.9,2.4,241,2026-09-30 04:55:00,PT5M,0.0,0.0,0.0,0.0,0.0
0,0,0,0,24,0.14,95.0,2.4,241,2026-09-30 05:00:00,PT5M,0.0,0.0,0.0,0.0,0.0
0,0,0,0,24,0.14,95.0,2.4,241,2026-09-30 05:05:00,PT5M,0.0,0.0,0.0,0.0,0.0
0,0,0,0,24,0.14,95.1,2.4,242,2026-09-30 05:10:00,PT5M,0.0,0.0,0.0,0.0,0.0
0,0,0,0,24,0.14,95.1,2.3,242,2026-09-30 05:15:00,PT5M,0.0,0.0,0.0,0.0,0.0
0,0,0,0,24,0.14,95.2,2.3,243,2026-09-30 05:20:00,PT5M,0.0,0.0,0.0,0.0,0.0
0,0,0,0,24,0.14,95.2,2.3,243,2026-09-30 05:25:00,PT5M,0.0,0.0,0.0,0.0,0.0
0,0,0,0,24,0.14,95.3,2.2,243,2026-09-30 05:30:00,PT5M,0.0,0.0,0.0,0.0,0.0
0,0,0,0,24,0.14,95.0,2.2,243,2026-09-30 05:35:00,PT5M,0.0,0.0,0.0,0.0,0.0
0,0,0,0,24,0.14,94.3,2.2,243,2026-09-30 05:40:00,PT5M,0.0,0.0,0.0,0.0,0.0
0,0,0,0,24,0.14,93.6,2.2,243,2026-09-30 05:45:00,PT5M,0.0,0.0,0.0,0.0,0.0
0,0,0,0,24,0.14,93.0,2.2,243,2026-09-30 05:50:00,PT5M,0.0,0.0,0.0,0.0,0.0
0,0,0,0,24,0.14,92.3,2.2,243,2026-09-30 05:55:00,PT5M,0.0,0.0,0.0,0.0,0.0
2,2,0,2,24,0.14,91.7,2.1,243,2026-09-30 06:00:00,PT5M,0.0,0.0,0.0,0.0,0.0
8,8,0,8,25,0.14,91.1,2.1,243,2026-09-30 06:05:00,PT5M,0.33,0.78,0.5668,0.0932,0.0
14,14,0,14,25,0.14,90.4,2.1,243,2026-09-30 06:10:00,PT5M,1.226,2.3365,1.8105,0.6415,0.1155
22,22,0,22,25,0.14,89.8,2.1,243,2026-09-30 06:15:00,PT5M,2.234,4.2225,3.2806,1.1874,0.2455
31,31,0,31,25,0.14,89.2,2.1,243,2026-09-30 06:20:00,PT5M,3.344,6.6125,5.0642,1.6238,0.0755
41,41,0,41,25,0.14,88.6,2.0,243,2026-09-30 06:25:00,PT5M,4.594,9.283,7.0619,2.1261,0.0
52,52,0,52,25,0.14,87.9,2.0,243,2026-09-30 06:30:00,PT5M,6.086,12.43,9.4249,2.7471,0.0
64,64,0,64,25,0.14,87.3,2.0,243,2026-09-30 06:35:00,PT5M,7.629,15.77,11.9137,3.3443,0.0
77,77,17,74,26,0.14,86.7,2.0,243,2026-09-30 06:40:00,PT5M,9.751,19.7445,15.0107,4.4913,0.0
92,91,41,83,26,0.14,86.1,2.0,243,2026-09-30 06:45:00,PT5M,12.426,24.2855,18.6677,6.1843,0.5665
107,106,66,91,26,0.14,85.5,2.0,243,2026-09-30 06:50:00,PT5M,15.389,29.077,22.5931,8.1849,1.701
122,122,91,99,26,0.14,85.0,2.0,243,2026-09-30 06:55:00,PT5M,18.464,34.044,26.6639,10.2641,2.884
139,138,115,107,26,0.14,84.4,2.0,243,2026-09-30 07:00:00,PT5M,21.751,39.3165,30.9958,12.5062,4.1855
154,154,134,115,26,0.14,83.8,2.0,243,2026-09-30 07:05:00,PT5M,24.992,44.579,35.3008,14.6832,5.405
170,169,151,123,26,0.14,83.2,2.0,243,2026-09-30 07:10:00,PT5M,28.315,49.9105,39.6809,16.9491,6.7195
187,185,168,130,26,0.14,82.7,1.9,243,2026-09-30 07:15:00,PT5M,31.768,55.383,44.1967,19.3393,8.153
203,202,185,137,27,0.14,82.1,1.9,242,2026-09-30 07:20:00,PT5M,35.313,60.9525,48.8073,21.8187,9.6735
220,219,202,144,27,0.14,81.5,1.9,242,2026-09-30 07:25:00,PT5M,38.968,66.626,53.5246,24.4114,11.31
237,236,218,151,27,0.14,81.0,1.9,242,2026-09-30 07:30:00,PT5M,42.7,72.3775,58.3195,27.0805,13.0225
255,253,233,157,27,0.14,80.4,1.9,242,2026-09-30 07:35:00,PT5M,46.456,78.178,63.1515,29.7605,14.734
272,270,248,163,27,0.14,79.8,1.9,242,2026-09-30 07:40:00,PT5M,50.242,84.1275,68.0762,32.4078,16.3565
289,287,263,169,27,0.14,79.2,1.9,242,2026-09-30 07:45:00,PT5M,52.97,87.486,71.136,34.804,18.454
307,305,278,175,27,0.14,78.7,1.9,242,2026-09-30 07:50:00,PT5M,55.536,90.469,73.9215,37.1505,20.603
325,322,293,180,28,0.14,78.1,1.9,242,2026-09-30 07:55:00,PT5M,58.036,93.333,76.6131,39.4589,22.739
343,340,307,185,28,0.14,77.5,1.9,241,2026-09-30 08:00:00,PT5M,60.462,96.0635,79.1993,41.7247,24.8605
361,358,322,189,28,0.14,77.0,1.9,241,2026-09-30 08:05:00,PT5M,62.803,98.641,81.6648,43.9412,26.965
379,376,336,193,28,0.14,76.4,1.9,241,2026-09-30 08:10:00,PT5M,65.045,100.0,84.0226,46.0674,28.987
397,394,351,197,28,0.14,75.8,1.9,241,2026-09-30 08:15:00,PT5M,67.179,100.0,86.1926,48.1654,31.0525
415,412,365,201,28,0.14,75.3,1.9,241,2026-09-30 08:20:00,PT5M,69.195,100.0,88.1905,50.1995,33.103
434,430,379,204,28,0.14,74.8,1.8,241,2026-09-30 08:25:00,PT5M,71.069,100.0,89.9968,52.1412,35.1055
452,448,393,207,29,0.14,74.2,1.8,241,2026-09-30 08:30:00,PT5M,72.897,100.0,91.7343,54.0597,37.1055
468,464,401,211,29,0.14,73.7,1.8,240,2026-09-30 08:35:00,PT5M,74.205,100.0,92.9692,55.4408,38.5525
482,478,404,217,29,0.14,73.2,1.8,239,2026-09-30 08:40:00,PT5M,75.01,100.0,93.7252,56.2948,39.4505
496,491,407,222,29,0.14,72.7,1.7,239,2026-09-30 08:45:00,PT5M,75.766,100.0,94.4267,57.1053,40.31
509,505,409,228,29,0.14,72.2,1.7,238,2026-09-30 08:50:00,PT5M,76.486,100.0,95.0862,57.8858,41.145
522,518,411,233,29,0.14,71.7,1.6,237,2026-09-30 08:55:00,PT5M,77.172,100.0,95.6175,58.7265,42.125
535,531,413,238,29,0.14,71.2,1.6,236,2026-09-30 09:00:00,PT5M,77.834,100.0,96.06,59.608,43.204
548,544,416,243,29,0.14,70.8,1.6,235,2026-09-30 09:05:00,PT5M,78.558,100.0,96.5619,60.5541,44.35
561,556,418,248,29,0.14,70.3,1.5,234,2026-09-30 09:10:00,PT5M,79.236,100.0,97.0226,61.4494,45.441
574,569,420,253,30,0.14,69.8,1.5,233,2026-09-30 09:15:00,PT5M,79.886,100.0,97.4591,62.3129,46.4965
586,581,422,257,30,0.14,69.3,1.4,231,2026-09-30 09:20:00,PT5M,80.509,100.0,97.8727,63.1453,47.5175
598,593,424,262,30,0.14,68.9,1.4,230,2026-09-30 09:25:00,PT5M,81.107,100.0,98.2654,63.9486,48.5055
609,604,426,267,30,0.14,68.4,1.4,229,2026-09-30 09:30:00,PT5M,81.68,100.0,98.6376,64.7224,49.46
620,615,428,271,30,0.14,68.0,1.3,227,2026-09-30 09:35:00,PT5M,82.228,100.0,98.9993,65.4567,50.362
631,626,429,275,30,0.14,67.5,1.3,226,2026-09-30 09:40:00,PT5M,82.752,100.0,99.3517,66.1523,51.212
641,636,430,280,30,0.14,67.1,1.3,224,2026-09-30 09:45:00,PT5M,83.206,100.0,99.6442,66.7678,51.973
651,646,430,284,30,0.14,66.6,1.2,223,2026-09-30 09:50:00,PT5M,83.63,100.0,99.9134,67.3466,52.691
660,655,430,288,30,0.14,66.2,1.2,221,2026-09-30 09:55:00,PT5M,84.034,100.0,100.0,67.899,53.377
669,664,430,293,31,0.14,65.7,1.2,219,2026-09-30 10:00:00,PT5M,84.413,100.0,100.0,68.4175,54.021
678,672,431,296,31,0.14,65.3,1.1,217,2026-09-30 10:05:00,PT5M,84.78,100.0,100.0,68.9182,54.642
686,681,431,300,31,0.14,64.9,1.1,215,2026-09-30 10:10:00,PT5M,85.133,100.0,100.0,69.3993,55.2385
694,689,432,303,31,0.14,64.4,1.1,213,2026-09-30 10:15:00,PT5M,85.463,100.0,100.0,69.8509,55.7995
701,696,432,307,31,0.14,64.0,1.0,210,2026-09-30 10:20:00,PT5M,85.768,100.0,100.0,70.2711,56.3235
709,703,432,310,31,0.14,63.6,1.0,208,2026-09-30 10:25:00,PT5M,86.052,100.0,100.0,70.6646,56.8155
715,710,432,313,31,0.14,63.2,1.0,205,2026-09-30 10:30:00,PT5M,86.317,100.0,100.0,71.0341,57.279
722,716,432,316,31,0.14,62.7,1.0,203,2026-09-30 10:35:00,PT5M,86.557,100.0,100.0,71.3841,57.728
728,722,432,319,32,0.14,62.2,1.0,200,2026-09-30 10:40:00,PT5M,86.772,100.0,100.0,71.7144,58.162
733,728,432,321,32,0.14,61.8,0.9,197,2026-09-30 10:45:00,PT5M,86.961,100.0,100.0,72.012,58.5575
738,733,432,324,32,0.14,61.3,0.9,194,2026-09-30 10:50:00,PT5M,87.121,100.0,100.0,72.2715,58.9065
743,737,431,326,32,0.14,60.8,0.9,191,2026-09-30 10:55:00,PT5M,87.241,100.0,100.0,72.4723,59.18
747,742,431,329,32,0.14,60.4,0.9,188,2026-09-30 11:00:00,PT5M,87.336,100.0,100.0,72.6402,59.4135
751,745,430,331,32,0.14,59.9,0.9,185,2026-09-30 11:05:00,PT5M,87.428,100.0,100.0,72.8153,59.6635
754,749,430,333,32,0.14,59.5,0.9,182,2026-09-30 11:10:00,PT5M,87.5,100.0,100.0,72.9676,59.888
757,752,429,335,32,0.14,59.0,0.9,178,2026-09-30 11:15:00,PT5M,87.535,100.0,100.0,73.0658,60.043
760,754,428,337,33,0.14,58.6,0.9,175,2026-09-30 11:20:00,PT5M,87.543,100.0,100.0,73.1282,60.1545
762,756,427,338,33,0.14,58.1,0.9,172,2026-09-30 11:25:00,PT5M,87.525,100.0,100.0,73.1566,60.2245
764,758,426,340,33,0.14,57.7,0.9,169,2026-09-30 11:30:00,PT5M,87.482,100.0,100.0,73.1536,60.2575
764,758,423,342,33,0.14,57.8,0.9,168,2026-09-30 11:35:00,PT5M,87.34,100.0,100.0,73.0013,60.096
762,756,418,345,33,0.14,58.6,0.9,168,2026-09-30 11:40:00,PT5M,87.096,100.0,100.0,72.696,59.7355
760,754,413,347,32,0.14,59.3,0.9,168,2026-09-30 11:45:00,PT5M,86.826,100.0,100.0,72.3568,59.334
757,752,407,350,32,0.14,60.1,1.0,168,2026-09-30 11:50:00,PT5M,86.526,100.0,100.0,71.9797,58.8875
755,749,402,352,32,0.14,60.9,1.0,168,2026-09-30 11:55:00,PT5M,86.198,100.0,100.0,71.5669,58.3985
751,746,396,355,32,0.14,61.7,1.0,168,2026-09-30 12:00:00,PT5M,85.922,100.0,100.0,71.1986,57.947
747,742,390,357,32,0.14,62.5,1.0,168,2026-09-30 12:05:00,PT5M,85.636,100.0,100.0,70.8102,57.4665
742,737,382,360,31,0.14,63.3,1.0,168,2026-09-30 12:10:00,PT5M,85.3,100.0,100.0,70.3618,56.917
737,732,375,363,31,0.14,64.1,1.0,168,2026-09-30 12:15:00,PT5M,84.933,100.0,99.9899,69.8761,56.3245
732,727,368,365,31,0.14,65.0,1.0,168,2026-09-30 12:20:00,PT5M,84.534,100.0,99.7164,69.3516,55.687
726,721,360,368,31,0.14,65.8,1.0,169,2026-09-30 12:25:00,PT5M,84.103,100.0,99.417,68.789,55.006
719,715,353,370,31,0.14,66.7,1.0,169,2026-09-30 12:30:00,PT5M,83.655,100.0,99.1053,68.2047,54.299
712,708,345,372,31,0.14,67.5,1.0,169,2026-09-30 12:35:00,PT5M,83.095,100.0,98.699,67.491,53.447
704,700,336,374,30,0.14,68.4,1.0,170,2026-09-30 12:40:00,PT5M,82.445,100.0,98.22,66.67,52.472
696,691,326,376,30,0.14,69.3,1.1,170,2026-09-30 12:45:00,PT5M,81.752,100.0,97.7078,65.7962,51.4355
687,683,317,378,30,0.14,70.2,1.1,171,2026-09-30 12:50:00,PT5M,81.012,100.0,97.1588,64.8652,50.3325
678,674,308,379,30,0.14,71.2,1.1,171,2026-09-30 12:55:00,PT5M,80.256,100.0,96.5886,63.9234,49.2235
668,665,299,380,30,0.14,72.1,1.1,172,2026-09-30 13:00:00,PT5M,79.503,100.0,96.0098,62.9962,48.1395
659,655,291,380,29,0.14,73.0,1.1,173,2026-09-30 13:05:00,PT5M,78.711,100.0,95.4065,62.0155,46.989
649,646,284,380,29,0.14,74.0,1.1,173,2026-09-30 13:10:00,PT5M,77.905,100.0,94.7934,61.0166,45.8165
639,636,277,379,29,0.14,75.0,1.1,174,2026-09-30 13:15:00,PT5M,77.06,100.0,94.1458,59.9742,44.5965
629,626,270,377,29,0.14,76.0,1.2,174,2026-09-30 13:20:00,PT5M,76.181,100.0,93.467,58.895,43.337
619,616,263,376,29,0.14,77.0,1.2,175,2026-09-30 13:25:00,PT5M,75.27,100.0,92.7579,57.7821,42.0425
608,606,255,374,29,0.14,78.0,1.2,175,2026-09-30 13:30:00,PT5M,74.326,100.0,92.017,56.635,40.7125
595,593,245,373,28,0.14,79.0,1.2,175,2026-09-30 13:35:00,PT5M,73.06,100.0,91.0052,55.1148,38.9635
580,577,231,372,28,0.14,80.1,1.2,176,2026-09-30 13:40:00,PT5M,71.463,100.0,89.7114,53.2146,36.7905
564,562,218,371,28,0.14,81.1,1.2,176,2026-09-30 13:45:00,PT5M,69.829,100.0,88.3782,51.2798,34.585
549,547,204,369,28,0.14,82.2,1.3,177,2026-09-30 13:50:00,PT5M,68.137,100.0,86.9848,49.2892,32.3255
533,531,192,367,28,0.14,83.3,1.3,177,2026-09-30 13:55:00,PT5M,66.435,100.0,85.5789,47.2911,30.061
518,516,179,364,27,0.14,84.4,1.3,178,2026-09-30 14:00:00,PT5M,64.695,100.0,84.1328,45.2572,27.7625
502,500,166,361,27,0.14,85.5,1.3,178,2026-09-30 14:05:00,PT5M,62.898,100.0,82.629,43.167,25.4085
486,485,154,358,27,0.14,86.7,1.3,178,2026-09-30 14:10:00,PT5M,61.047,99.0885,81.0685,41.0255,23.0055
470,469,141,355,27,0.14,87.8,1.3,179,2026-09-30 14:15:00,PT5M,59.14,97.729,79.4497,38.8303,20.551
454,453,129,350,27,0.14,89.0,1.4,179,2026-09-30 14:20:00,PT5M,57.186,96.315,77.7799,36.5921,18.057
439,438,117,346,27,0.14,90.2,1.4,179,2026-09-30 14:25:00,PT5M,55.203,94.863,76.0763,34.3297,15.543
423,422,105,341,26,0.14,91.4,1.4,180,2026-09-30 14:30:00,PT5M,53.194,93.3745,74.3413,32.0467,13.0135
409,409,97,335,26,0.14,92.0,1.4,181,2026-09-30 14:35:00,PT5M,51.662,92.272,73.0353,30.2887,11.052
398,397,91,329,26,0.14,92.1,1.3,182,2026-09-30 14:40:00,PT5M,50.256,91.211,71.8109,28.7011,9.301
386,386,86,323,26,0.14,92.1,1.2,183,2026-09-30 14:45:00,PT5M,48.819,90.117,70.5544,27.0836,7.521
374,374,80,317,26,0.14,92.2,1.2,184,2026-09-30 14:50:00,PT5M,47.351,89.0125,69.2777,25.4243,5.6895
363,363,75,310,26,0.14,92.2,1.1,186,2026-09-30 14:55:00,PT5M,45.878,87.8645,67.9758,23.7802,3.8915
351,351,70,303,26,0.14,92.3,1.0,188,2026-09-30 15:00:00,PT5M,44.418,86.395,66.5108,22.3252,2.441
340,340,65,296,26,0.14,92.3,1.0,190,2026-09-30 15:05:00,PT5M,42.94,84.833,64.9886,20.8914,1.047
328,328,60,289,26,0.14,92.4,0.9,192,2026-09-30 15:10:00,PT5M,41.447,83.295,63.4719,19.4221,0.0
317,317,56,281,26,0.14,92.4,0.9,194,2026-09-30 15:15:00,PT5M,39.916,81.6935,61.9038,17.9282,0.0
305,305,51,274,26,0.14,92.5,0.8,197,2026-09-30 15:20:00,PT5M,38.343,80.0225,60.2792,16.4068,0.0
293,294,46,266,26,0.14,92.5,0.7,201,2026-09-30 15:25:00,PT5M,36.736,78.2805,58.6012,14.8708,0.0
282,282,41,258,26,0.14,92.5,0.7,204,2026-09-30 15:30:00,PT5M,35.095,76.462,56.8667,13.3233,0.0
269,270,35,250,26,0.14,92.6,0.6,208,2026-09-30 15:35:00,PT5M,33.318,71.875,53.6108,13.0252,0.0
257,257,29,241,26,0.14,92.8,0.6,212,2026-09-30 15:40:00,PT5M,31.811,69.932,51.8744,11.7476,0.0
244,245,22,233,26,0.14,92.9,0.6,217,2026-09-30 15:45:00,PT5M,29.926,67.5145,49.7091,10.1429,0.0
232,232,16,224,26,0.14,93.1,0.5,222,2026-09-30 15:50:00,PT5M,28.024,64.991,47.48,8.568,0.0
219,220,9,215,26,0.14,93.2,0.5,228,2026-09-30 15:55:00,PT5M,26.104,62.374,45.1932,7.0148,0.0
207,207,3,206,26,0.14,93.3,0.5,235,2026-09-30 16:00:00,PT5M,24.165,59.639,42.8352,5.4948,0.0
195,195,0,195,26,0.14,93.5,0.5,242,2026-09-30 16:05:00,PT5M,22.538,57.188,40.7745,4.3015,0.0
183,183,0,183,26,0.14,93.6,0.5,249,2026-09-30 16:10:00,PT5M,21.132,54.9025,38.9057,3.3583,0.0
171,171,0,171,26,0.14,93.7,0.5,257,2026-09-30 16:15:00,PT5M,19.957,52.1275,36.8886,3.0254,0.0
159,160,0,160,26,0.14,93.9,0.5,264,2026-09-30 16:20:00,PT5M,18.833,48.8085,34.6093,3.0567,0.0
148,148,0,148,26,0.14,94.0,0.5,272,2026-09-30 16:25:00,PT5M,17.617,45.454,32.2678,2.9662,0.0
137,137,0,137,26,0.14,94.2,0.5,278,2026-09-30 16:30:00,PT5M,16.364,42.089,29.9033,2.8247,0.0
126,126,0,126,26,0.14,94.3,0.5,285,2026-09-30 16:35:00,PT5M,15.152,38.807,27.6018,2.7022,0.0
116,116,0,116,26,0.14,94.3,0.6,292,2026-09-30 16:40:00,PT5M,13.965,35.569,25.3353,2.5947,0.0
106,106,0,106,26,0.14,94.4,0.6,298,2026-09-30 16:45:00,PT5M,12.753,32.3195,23.051,2.455,0.0
96,97,0,97,26,0.14,94.4,0.7,303,2026-09-30 16:50:00,PT5M,11.54,29.0975,20.7806,2.2994,0.0
87,87,0,87,26,0.14,94.4,0.7,307,2026-09-30 16:55:00,PT5M,10.339,25.9295,18.5444,2.1336,0.0
76,77,0,77,26,0.14,94.5,0.8,311,2026-09-30 17:00:00,PT5M,9.108,22.599,16.2084,2.0076,0.0
67,67,0,67,26,0.14,94.5,0.8,314,2026-09-30 17:05:00,PT5M,7.909,19.4405,13.9781,1.8399,0.0
57,58,0,58,26,0.14,94.6,0.9,317,2026-09-30 17:10:00,PT5M,6.66,16.2775,11.7218,1.5982,0.0
48,49,0,49,26,0.14,94.6,1.0,319,2026-09-30 17:15:00,PT5M,5.551,13.384,9.6736,1.4284,0.0
40,40,0,40,26,0.14,94.7,1.0,321,2026-09-30 17:20:00,PT5M,4.531,10.6895,7.7723,1.2897,0.0
32,32,0,32,26,0.14,94.7,1.1,323,2026-09-30 17:25:00,PT5M,3.501,8.1205,5.9323,1.0697,0.0
25,25,0,25,26,0.14,94.8,1.2,324,2026-09-30 17:30:00,PT5M,2.565,5.898,4.3192,0.8108,0.0
19,19,0,19,26,0.14,94.8,1.2,324,2026-09-30 17:35:00,PT5M,1.772,4.087,2.9904,0.5536,0.0
13,13,0,13,26,0.14,94.9,1.2,322,2026-09-30 17:40:00,PT5M,1.04,2.4235,1.7681,0.3119,0.0
8,8,0,8,26,0.14,94.9,1.1,320,2026-09-30 17:45:00,PT5M,0.371,1.0835,0.746,0.0,0.0
4,4,0,4,26,0.14,95.0,1.1,318,2026-09-30 17:50:00,PT5M,0.0,0.1055,0.0555,0.0,0.0
0,0,0,0,26,0.14,95.0,1.0,315,2026-09-30 17:55:00,PT5M,0.0,0.0,0.0,0.0,0.0
0,0,0,0,26,0.14,95.1,1.0,312,2026-09-30 18:00:00,PT5M,0.0,0.0,0.0,0.0,0.0
0,0,0,0,26,0.14,95.1,1.0,309,2026-09-30 18:05:00,PT5M,0.0,0.0,0.0,0.0,0.0
0,0,0,0,26,0.14,95.1,0.9,306,2026-09-30 18:10:00,PT5M,0.0,0.0,0.0,0.0,0.0
0,0,0,0,26,0.14,95.2,0.9,303,2026-09-30 18:15:00,PT5M,0.0,0.0,0.0,0.0,0.0
0,0,0,0,26,0.14,95.2,0.9,300,2026-09-30 18:20:00,PT5M,0.0,0.0,0.0,0.0,0.0
0,0,0,0,26,0.14,95.3,0.9,296,2026-09-30 18:25:00,PT5M,0.0,0.0,0.0,0.0,0.0
0,0,0,0,26,0.14,95.3,0.9,292,2026-09-30 18:30:00,PT5M,0.0,0.0,0.0,0.0,0.0
0,0,0,0,26,0.14,95.4,0.9,289,2026-09-30 18:35:00,PT5M,0.0,0.0,0.0,0.0,0.0
0,0,0,0,26,0.14,95.5,0.9,285,2026-09-30 18:40:00,PT5M,0.0,0.0,0.0,0.0,0.0
0,0,0,0,26,0.14,95.6,0.9,282,2026-09-30 18:45:00,PT5M,0.0,0.0,0.0,0.0,0.0
0,0,0,0,26,0.14,95.7,0.9,278,2026-09-30 18:50:00,PT5M,0.0,0.0,0.0,0.0,0.0
0,0,0,0,26,0.14,95.8,0.9,275,2026-09-30 18:55:00,PT5M,0.0,0.0,0.0,0.0,0.0
0,0,0,0,26,0.14,95.9,0.9,272,2026-09-30 19:00:00,PT5M,0.0,0.0,0.0,0.0,0.0
0,0,0,0,26,0.14,96.0,0.9,268,2026-09-30 19:05:00,PT5M,0.0,0.0,0.0,0.0,0.0
0,0,0,0,26,0.14,96.1,0.9,265,2026-09-30 19:10:00,PT5M,0.0,0.0,0.0,0.0,0.0
0,0,0,0,26,0.14,96.2,0.9,262,2026-09-30 19:15:00,PT5M,0.0,0.0,0.0,0.0,0.0
0,0,0,0,26,0.14,96.3,1.0,260,2026-09-30 19:20:00,PT5M,0.0,0.0,0.0,0.0,0.0
0,0,0,0,26,0.14,96.4,1.0,257,2026-09-30 19:25:00,PT5M,0.0,0.0,0.0,0.0,0.0
0,0,0,0,26,0.14,96.4,1.0,255,2026-09-30 19:30:00,PT5M,0.0,0.0,0.0,0.0,0.0
0,0,0,0,26,0.14,96.5,1.1,252,2026-09-30 19:35:00,PT5M,0.0,0.0,0.0,0.0,0.0
0,0,0,0,26,0.14,96.6,1.1,250,2026-09-30 19:40:00,PT5M,0.0,0.0,0.0,0.0,0.0
0,0,0,0,26,0.14,96.7,1.1,247,2026-09-30 19:45:00,PT5M,0.0,0.0,0.0,0.0,0.0
0,0,0,0,26,0.14,96.8,1.1,245,2026-09-30 19:50:00,PT5M,0.0,0.0,0.0,0.0,0.0
0,0,0,0,26,0.14,96.9,1.2,243,2026-09-30 19:55:00,PT5M,0.0,0.0,0.0,0.0,0.0
0,0,0,0,26,0.14,97.0,1.2,241,2026-09-30 20:00:00,PT5M,0.0,0.0,0.0,0.0,0.0
0,0,0,0,26,0.14,97.1,1.2,239,2026-09-30 20:05:00,PT5M,0.0,0.0,0.0,0.0,0.0
0,0,0,0,26,0.14,97.2,1.3,238,2026-09-30 20:10:00,PT5M,0.0,0.0,0.0,0.0,0.0
0,0,0,0,26,0.14,97.3,1.3,236,2026-09-30 20:15:00,PT5M,0.0,0.0,0.0,0.0,0.0
0,0,0,0,26,0.14,97.4,1.3,234,2026-09-30 20:20:00,PT5M,0.0,0.0,0.0,0.0,0.0
0,0,0,0,26,0.14,97.5,1.4,233,2026-09-30 20:25:00,PT5M,0.0,0.0,0.0,0.0,0.0
0,0,0,0,26,0.14,97.6,1.4,231,2026-09-30 20:30:00,PT5M,0.0,0.0,0.0,0.0,0.0
0,0,0,0,26,0.14,97.7,1.4,231,2026-09-30 20:35:00,PT5M,0.0,0.0,0.0,0.0,0.0
0,0,0,0,26,0.14,97.7,1.3,231,2026-09-30 20:40:00,PT5M,0.0,0.0,0.0,0.0,0.0
0,0,0,0,26,0.14,97.8,1.3,232,2026-09-30 20:45:00,PT5M,0.0,0.0,0.0,0.0,0.0
0,0,0,0,25,0.14,97.8,1.2,233,2026-09-30 20:50:00,PT5M,0.0,0.0,0.0,0.0,0.0
0,0,0,0,25,0.14,97.9,1.2,233,2026-09-30 20:55:00,PT5M,0.0,0.0,0.0,0.0,0.0
0,0,0,0,25,0.14,97.9,1.1,234,2026-09-30 21:00:00,PT5M,0.0,0.0,0.0,0.0,0.0
0,0,0,0,25,0.14,98.0,1.1,235,2026-09-30 21:05:00,PT5M,0.0,0.0,0.0,0.0,0.0
0,0,0,0,25,0.14,98.0,1.0,235,2026-09-30 21:10:00,PT5M,0.0,0.0,0.0,0.0,0.0
0,0,0,0,25,0.14,98.1,1.0,236,2026-09-30 21:15:00,PT5M,0.0,0.0,0.0,0.0,0.0
0,0,0,0,25,0.14,98.1,0.9,237,2026-09-30 21:20:00,PT5M,0.0,0.0,0.0,0.0,0.0
0,0,0,0,25,0.14,98.2,0.9,238,2026-09-30 21:25:00,PT5M,0.0,0.0,0.0,0.0,0.0
0,0,0,0,25,0.14,98.2,0.8,240,2026-09-30 21:30:00,PT5M,0.0,0.0,0.0,0.0,0.0
0,0,0,0,25,0.14,98.2,0.8,241,2026-09-30 21:35:00,PT5M,0.0,0.0,0.0,0.0,0.0
0,0,0,0,25,0.14,98.2,0.7,242,2026-09-30 21:40:00,PT5M,0.0,0.0,0.0,0.0,0.0
0,0,0,0,25,0.14,98.2,0.7,243,2026-09-30 21:45:00,PT5M,0.0,0.0,0.0,0.0,0.0
0,0,0,0,25,0.14,98.2,0.6,244,2026-09-30 21:50:00,PT5M,0.0,0.0,0.0,0.0,0.0
0,0,0,0,25,0.14,98.2,0.6,246,2026-09-30 21:55:00,PT5M,0.0,0.0,0.0,0.0,0.0
0,0,0,0,25,0.14,98.2,0.6,247,2026-09-30 22:00:00,PT5M,0.0,0.0,0.0,0.0,0.0
0,0,0,0,25,0.14,98.2,0.5,249,2026-09-30 22:05:00,PT5M,0.0,0.0,0.0,0.0,0.0
0,0,0,0,25,0.14,98.2,0.5,252,2026-09-30 22:10:00,PT5M,0.0,0.0,0.0,0.0,0.0
0,0,0,0,25,0.14,98.2,0.4,254,2026-09-30 22:15:00,PT5M,0.0,0.0,0.0,0.0,0.0
0,0,0,0,25,0.14,98.2,0.4,258,2026-09-30 22:20:00,PT5M,0.0,0.0,0.0,0.0,0.0
0,0,0,0,25,0.14,98.2,0.4,262,2026-09-30 22:25:00,PT5M,0.0,0.0,0.0,0.0,0.0
0,0,0,0,25,0.14,98.2,0.3,267,2026-09-30 22:30:00,PT5M,0.0,0.0,0.0,0.0,0.0
0,0,0,0,25,0.14,98.3,0.3,274,2026-09-30 22:35:00,PT5M,0.0,0.0,0.0,0.0,0.0
0,0,0,0,25,0.14,98.3,0.3,284,2026-09-30 22:40:00,PT5M,0.0,0.0,0.0,0.0,0.0
0,0,0,0,25,0.14,98.3,0.2,296,2026-09-30 22:45:00,PT5M,0.0,0.0,0.0,0.0,0.0
0,0,0,0,25,0.14,98.4,0.2,309,2026-09-30 22:50:00,PT5M,0.0,0.0,0.0,0.0,0.0
0,0,0,0,25,0.14,98.4,0.2,321,2026-09-30 22:55:00,PT5M,0.0,0.0,0.0,0.0,0.0
0,0,0,0,25,0.14,98.5,0.3,333,2026-09-30 23:00:00,PT5M,0.0,0.0,0.0,0.0,0.0
0,0,0,0,25,0.14,98.5,0.3,343,2026-09-30 23:05:00,PT5M,0.0,0.0,0.0,0.0,0.0
0,0,0,0,25,0.14,98.6,0.3,351,2026-09-30 23:10:00,PT5M,0.0,0.0,0.0,0.0,0.0
0,0,0,0,25,0.14,98.6,0.4,357,2026-09-30 23:15:00,PT5M,0.0,0.0,0.0,0.0,0.0
0,0,0,0,25,0.14,98.7,0.4,2,2026-09-30 23:20:00,PT5M,0.0,0.0,0.0,0.0,0.0
0,0,0,0,25,0.14,98.7,0.4,7,2026-09-30 23:25:00,PT5M,0.0,0.0,0.0,0.0,0.0
0,0,0,0,25,0.14,98.8,0.5,10,2026-09-30 23:30:00,PT5M,0.0,0.0,0.0,0.0,0.0
0,0,0,0,25,0.14,98.8,0.5,10,2026-09-30 23:35:00,PT5M,0.0,0.0,0.0,0.0,0.0
0,0,0,0,25,0.14,98.8,0.5,8,2026-09-30 23:40:00,PT5M,0.0,0.0,0.0,0.0,0.0
0,0,0,0,25,0.14,98.8,0.4,5,2026-09-30 23:45:00,PT5M,0.0,0.0,0.0,0.0,0.0
0,0,0,0,25,0.14,98.8,0.4,2,2026-09-30 23:50:00,PT5M,0.0,0.0,0.0,0.0,0.0
0,0,0,0,25,0.14,98.8,0.4,358,2026-09-30 23:55:00,PT5M,0.0,0.0,0.0,0.0,0.0
0,0,0,0,25,0.14,98.8,0.3,353,2026-10-01 00:00:00,PT5M,0.0,0.0,0.0,0.0,0.0
0,0,0,0,25,0.14,98.8,0.3,348,2026-10-01 00:05:00,PT5M,0.0,0.0,0.0,0.0,0.0
0,0,0,0,25,0.14,98.8,0.3,341,2026-10-01 00:10:00,PT5M,0.0,0.0,0.0,0.0,0.0
0,0,0,0,25,0.14,98.8,0.2,333,2026-10-01 00:15:00,PT5M,0.0,0.0,0.0,0.0,0.0
0,0,0,0,25,0.14,98.8,0.2,323,2026-10-01 00:20:00,PT5M,0.0,0.0,0.0,0.0,0.0
0,0,0,0,25,0.14,98.8,0.2,313,2026-10-01 00:25:00,PT5M,0.0,0.0,0.0,0.0,0.0
0,0,0,0,25,0.14,98.8,0.2,302,2026-10-01 00:30:00,PT5M,0.0,0.0,0.0,0.0,0.0
0,0,0,0,25,0.14,98.8,0.2,297,2026-10-01 00:35:00,PT5M,0.0,0.0,0.0,0.0,0.0
0,0,0,0,25,0.14,98.7,0.2,298,2026-10-01 00:40:00,PT5M,0.0,0.0,0.0,0.0,0.0
0,0,0,0,25,0.14,98.7,0.3,299,2026-10-01 00:45:00,PT5M,0.0,0.0,0.0,0.0,0.0
0,0,0,0,25,0.14,98.6,0.3,299,2026-10-01 00:50:00,PT5M,0.0,0.0,0.0,0.0,0.0
0,0,0,0,25,0.14,98.6,0.3,300,2026-10-01 00:55:00,PT5M,0.0,0.0,0.0,0.0,0.0
0,0,0,0,25,0.14,98.5,0.3,301,2026-10-01 01:00:00,PT5M,0.0,0.0,0.0,0.0,0.0
0,0,0,0,25,0.14,98.5,0.3,301,2026-10-01 01:05:00,PT5M,0.0,0.0,0.0,0.0,0.0
0,0,0,0,25,0.14,98.4,0.3,302,2026-10-01 01:10:00,PT5M,0.0,0.0,0.0,0.0,0.0
0,0,0,0,25,0.14,98.4,0.3,302,2026-10-01 01:15:00,PT5M,0.0,0.0,0.0,0.0,0.0
0,0,0,0,25,0.14,98.3,0.3,303,2026-10-01 01:20:00,PT5M,0.0,0.0,0.0,0.0,0.0
0,0,0,0,25,0.14,98.3,0.3,303,2026-10-01 01:25:00,PT5M,0.0,0.0,0.0,0.0,0.0
0,0,0,0,25,0.14,98.2,0.4,304,2026-10-01 01:30:00,PT5M,0.0,0.0,0.0,0.0,0.0
0,0,0,0,25,0.14,98.2,0.4,303,2026-10-01 01:35:00,PT5M,0.0,0.0,0.0,0.0,0.0
0,0,0,0,25,0.14,98.2,0.4,302,2026-10-01 01:40:00,PT5M,0.0,0.0,0.0,0.0,0.0
0,0,0,0,25,0.14,98.2,0.4,300,2026-10-01 01:45:00,PT5M,0.0,0.0,0.0,0.0,0.0
0,0,0,0,25,0.14,98.2,0.4,299,2026-10-01 01:50:00,PT5M,0.0,0.0,0.0,0.0,0.0
0,0,0,0,25,0.14,98.2,0.4,298,2026-10-01 01:55:00,PT5M,0.0,0.0,0.0,0.0,0.0
0,0,0,0,25,0.14,98.2,0.4,297,2026-10-01 02:00:00,PT5M,0.0,0.0,0.0,0.0,0.0
0,0,0,0,25,0.14,98.2,0.5,296,2026-10-01 02:05:00,PT5M,0.0,0.0,0.0,0.0,0.0
0,0,0,0,25,0.14,98.2,0.5,295,2026-10-01 02:10:00,PT5M,0.0,0.0,0.0,0.0,0.0
0,0,0,0,25,0.14,98.2,0.5,294,2026-10-01 02:15:00,PT5M,0.0,0.0,0.0,0.0,0.0
0,0,0,0,25,0.14,98.2,0.5,294,2026-10-01 02:20:00,PT5M,0.0,0.0,0.0,0.0,0.0
0,0,0,0,25,0.14,98.2,0.5,293,2026-10-01 02:25:00,PT5M,0.0,0.0,0.0,0.0,0.0
0,0,0,0,25,0.14,98.2,0.5,292,2026-10-01 02:30:00,PT5M,0.0,0.0,0.0,0.0,0.0
0,0,0,0,25,0.14,98.2,0.5,292,2026-10-01 02:35:00,PT5M,0.0,0.0,0.0,0.0,0.0
0,0,0,0,25,0.14,98.1,0.6,293,2026-10-01 02:40:00,PT5M,0.0,0.0,0.0,0.0,0.0
0,0,0,0,25,0.14,98.1,0.6,293,2026-10-01 02:45:00,PT5M,0.0,0.0,0.0,0.0,0.0
0,0,0,0,25,0.14,98.0,0.6,293,2026-10-01 02:50:00,PT5M,0.0,0.0,0.0,0.0,0.0
0,0,0,0,25,0.14,98.0,0.6,294,2026-10-01 02:55:00,PT5M,0.0,0.0,0.0,0.0,0.0
0,0,0,0,25,0.14,97.9,0.6,294,2026-10-01 03:00:00,PT5M,0.0,0.0,0.0,0.0,0.0
0,0,0,0,25,0.14,97.9,0.6,295,2026-10-01 03:05:00,PT5M,0.0,0.0,0.0,0.0,0.0
0,0,0,0,25,0.14,97.9,0.6,295,2026-10-01 03:10:00,PT5M,0.0,0.0,0.0,0.0,0.0
0,0,0,0,25,0.14,97.8,0.6,295,2026-10-01 03:15:00,PT5M,0.0,0.0,0.0,0.0,0.0
0,0,0,0,25,0.14,97.8,0.6,296,2026-10-01 03:20:00,PT5M,0.0,0.0,0.0,0.0,0.0
0,0,0,0,25,0.14,97.7,0.7,296,2026-10-01 03:25:00,PT5M,0.0,0.0,0.0,0.0,0.0
0,0,0,0,25,0.14,97.7,0.7,296,2026-10-01 03:30:00,PT5M,0.0,0.0,0.0,0.0,0.0
0,0,0,0,25,0.14,97.6,0.7,296,2026-10-01 03:35:00,PT5M,0.0,0.0,0.0,0.0,0.0
0,0,0,0,25,0.14,97.6,0.7,296,2026-10-01 03:40:00,PT5M,0.0,0.0,0.0,0.0,0.0
0,0,0,0,25,0.14,97.6,0.7,295,2026-10-01 03:45:00,PT5M,0.0,0.0,0.0,0.0,0.0
0,0,0,0,24,0.14,97.6,0.7,294,2026-10-01 03:50:00,PT5M,0.0,0.0,0.0,0.0,0.0
0,0,0,0,24,0.14,97.6,0.7,294,2026-10-01 03:55:00,PT5M,0.0,0.0,0.0,0.0,0.0
0,0,0,0,24,0.14,97.6,0.8,293,2026-10-01 04:00:00,PT5M,0.0,0.0,0.0,0.0,0.0
0,0,0,0,24,0.14,97.6,0.8,293,2026-10-01 04:05:00,PT5M,0.0,0.0,0.0,0.0,0.0
0,0,0,0,24,0.14,97.6,0.8,292,2026-10-01 04:10:00,PT5M,0.0,0.0,0.0,0.0,0.0
0,0,0,0,24,0.14,97.6,0.8,292,2026-10-01 04:15:00,PT5M,0.0,0.0,0.0,0.0,0.0
0,0,0,0,24,0.14,97.6,0.8,292,2026-10-01 04:20:00,PT5M,0.0,0.0,0.0,0.0,0.0
0,0,0,0,24,0.14,97.6,0.8,291,2026-10-01 04:25:00,PT5M,0.0,0.0,0.0,0.0,0.0
0,0,0,0,24,0.14,97.6,0.8,291,2026-10-01 04:30:00,PT5M,0.0,0.0,0.0,0.0,0.0
0,0,0,0,24,0.14,97.6,0.9,291,2026-10-01 04:35:00,PT5M,0.0,0.0,0.0,0.0,0.0
0,0,0,0,24,0.14,97.6,0.9,291,2026-10-01 04:40:00,PT5M,0.0,0.0,0.0,0.0,0.0
0,0,0,0,24,0.14,97.6,0.9,291,2026-10-01 04:45:00,PT5M,0.0,0.0,0.0,0.0,0.0
0,0,0,0,24,0.14,97.6,0.9,292,2026-10-01 04:50:00,PT5M,0.0,0.0,0.0,0.0,0.0
0,0,0,0,24,0.14,97.6,0.9,292,2026-10-01 04:55:00,PT5M,0.0,0.0,0.0,0.0,0.0
0,0,0,0,24,0.14,97.6,0.9,292,2026-10-01 05:00:00,PT5M,0.0,0.0,0.0,0.0,0.0
0,0,0,0,24,0.14,97.6,0.9,293,2026-10-01 05:05:00,PT5M,0.0,0.0,0.0,0.0,0.0
0,0,0,0,24,0.14,97.6,0.9,293,2026-10-01 05:10:00,PT5M,0.0,0.0,0.0,0.0,0.0
0,0,0,0,24,0.14,97.6,0.9,293,2026-10-01 05:15:00,PT5M,0.0,0.0,0.0,0.0,0.0
0,0,0,0,24,0.14,97.6,1.0,293,2026-10-01 05:20:00,PT5M,0.0,0.0,0.0,0.0,0.0
0,0,0,0,24,0.14,97.6,1.0,294,2026-10-01 05:25:00,PT5M,0.0,0.0,0.0,0.0,0.0
0,0,0,0,24,0.14,97.6,1.0,294,2026-10-01 05:30:00,PT5M,0.0,0.0,0.0,0.0,0.0
0,0,0,0,24,0.14,97.3,1.0,294,2026-10-01 05:35:00,PT5M,0.0,0.0,0.0,0.0,0.0
0,0,0,0,24,0.14,96.6,0.9,295,2026-10-01 05:40:00,PT5M,0.0,0.0,0.0,0.0,0.0
0,0,0,0,25,0.14,95.9,0.9,296,2026-10-01 05:45:00,PT5M,0.0,0.0,0.0,0.0,0.0
0,0,0,0,25,0.14,95.3,0.9,297,2026-10-01 05:50:00,PT5M,0.0,0.0,0.0,0.0,0.0
0,0,0,0,25,0.14,94.6,0.8,298,2026-10-01 05:55:00,PT5M,0.0,0.0,0.0,0.0,0.0
2,2,0,2,25,0.14,93.9,0.8,299,2026-10-01 06:00:00,PT5M,0.0,0.0,0.0,0.0,0.0
8,8,0,8,25,0.14,93.3,0.8,300,2026-10-01 06:05:00,PT5M,0.372,0.824,0.6099,0.1341,0.0
15,15,0,15,25,0.14,92.6,0.8,302,2026-10-01 06:10:00,PT5M,1.274,2.254,1.7898,0.7582,0.294
22,22,0,22,25,0.14,92.0,0.7,303,2026-10-01 06:15:00,PT5M,2.275,4.005,3.1855,1.3645,0.545
31,31,0,31,25,0.14,91.4,0.7,304,2026-10-01 06:20:00,PT5M,3.37,6.166,4.8416,1.8984,0.574
41,41,0,41,25,0.14,90.7,0.7,306,2026-10-01 06:25:00,PT5M,4.604,8.6495,6.7332,2.4748,0.5585
52,52,0,52,25,0.14,90.1,0.7,308,2026-10-01 06:30:00,PT5M,6.077,11.5625,8.9641,3.1899,0.5915
64,64,0,64,26,0.14,89.5,0.6,309,2026-10-01 06:35:00,PT5M,7.592,14.6545,11.309,3.875,0.5295
77,77,6,76,26,0.14,89.0,0.6,310,2026-10-01 06:40:00,PT5M,9.349,18.051,13.9289,4.7691,0.647
91,91,28,85,26,0.14,88.5,0.6,311,2026-10-01 06:45:00,PT5M,11.86,22.1965,17.3002,6.4198,1.5235
105,105,50,94,26,0.14,87.9,0.6,312,2026-10-01 06:50:00,PT5M,14.627,26.61,20.9337,8.3203,2.644
121,120,72,103,26,0.14,87.4,0.5,313,2026-10-01 06:55:00,PT5M,17.537,31.239,24.7485,10.3255,3.835
136,136,92,111,26,0.14,86.9,0.5,314,2026-10-01 07:00:00,PT5M,20.499,36.0205,28.6681,12.3299,4.9775
152,151,109,120,26,0.14,86.4,0.5,316,2026-10-01 07:05:00,PT5M,23.507,40.922,32.6726,14.3414,6.092
167,167,125,128,26,0.14,85.9,0.5,317,2026-10-01 07:10:00,PT5M,26.627,46.006,36.8263,16.4277,7.248
183,182,140,136,26,0.14,85.4,0.4,319,2026-10-01 07:15:00,PT5M,29.855,51.1775,41.0772,18.6328,8.5325
199,198,155,144,26,0.14,84.9,0.4,321,2026-10-01 07:20:00,PT5M,33.145,56.427,45.3985,20.8915,9.863
216,214,169,152,27,0.14,84.4,0.4,323,2026-10-01 07:25:00,PT5M,36.509,61.7555,49.7964,23.2216,11.2625
232,231,184,159,27,0.14,83.9,0.4,325,2026-10-01 07:30:00,PT5M,39.94,67.162,54.2671,25.6129,12.718
249,247,197,166,27,0.14,83.4,0.4,329,2026-10-01 07:35:00,PT5M,43.433,72.6565,58.8135,28.0525,14.2095
266,264,211,173,27,0.14,82.8,0.3,333,2026-10-01 07:40:00,PT5M,47.0,78.347,63.4982,30.5018,15.653
283,281,225,180,27,0.14,82.2,0.3,339,2026-10-01 07:45:00,PT5M,49.578,81.525,66.3919,32.7641,17.631
300,298,239,186,27,0.14,81.7,0.3,344,2026-10-01 07:50:00,PT5M,52.106,84.502,69.1562,35.0558,19.71
317,315,252,192,27,0.14,81.1,0.3,351,2026-10-01 07:55:00,PT5M,54.564,87.3525,71.8208,37.3072,21.7755
335,332,265,198,27,0.14,80.5,0.3,357,2026-10-01 08:00:00,PT5M,56.945,90.0645,74.376,39.514,23.8255
352,349,278,204,27,0.14,80.0,0.3,3,2026-10-01 08:05:00,PT5M,59.237,92.6175,76.8054,41.6686,25.8565
370,367,291,209,28,0.14,79.4,0.3,9,2026-10-01 08:10:00,PT5M,61.43,94.991,79.0934,43.7666,27.869
387,384,304,214,28,0.14,78.9,0.3,16,2026-10-01 08:15:00,PT5M,63.517,97.1705,81.2291,45.8049,29.8635
405,401,316,218,28,0.14,78.4,0.3,21,2026-10-01 08:20:00,PT5M,65.493,99.136,83.1996,47.7864,31.85
422,418,329,223,28,0.14,77.8,0.3,27,2026-10-01 08:25:00,PT5M,67.365,100.0,85.0181,49.7119,33.8235
439,436,341,227,28,0.14,77.3,0.4,31,2026-10-01 08:30:00,PT5M,69.162,100.0,86.738,51.586,35.767
455,451,349,232,28,0.14,76.8,0.4,36,2026-10-01 08:35:00,PT5M,70.587,100.0,88.0951,53.0789,37.321
470,466,354,237,28,0.14,76.4,0.4,40,2026-10-01 08:40:00,PT5M,71.651,100.0,89.107,54.195,38.484
484,480,359,243,28,0.14,75.9,0.4,43,2026-10-01 08:45:00,PT5M,72.658,100.0,90.0561,55.2599,39.601
498,494,363,248,28,0.14,75.5,0.4,47,2026-10-01 08:50:00,PT5M,73.62,100.0,90.9523,56.2877,40.688
512,508,367,253,28,0.14,75.1,0.5,49,2026-10-01 08:55:00,PT5M,74.542,100.0,91.8301,57.2539,41.694
525,521,371,258,29,0.14,74.6,0.5,52,2026-10-01 09:00:00,PT5M,75.443,100.0,92.6506,58.2354,42.748
539,535,377,262,29,0.14,74.2,0.5,54,2026-10-01 09:05:00,PT5M,76.429,100.0,93.4771,59.3809,44.037
553,548,383,266,29,0.14,73.8,0.5,56,2026-10-01 09:10:00,PT5M,77.393,100.0,94.1925,60.5935,45.4735
567,562,388,270,29,0.14,73.3,0.6,58,2026-10-01 09:15:00,PT5M,78.318,100.0,94.873,61.763,46.863
580,575,393,274,29,0.14,72.9,0.6,60,2026-10-01 09:20:00,PT5M,79.205,100.0,95.5203,62.8897,48.2055
593,588,399,277,29,0.14,72.5,0.6,61,2026-10-01 09:25:00,PT5M,80.056,100.0,96.1365,63.9755,49.5025
605,600,404,280,29,0.14,72.1,0.7,63,2026-10-01 09:30:00,PT5M,80.873,100.0,96.7235,65.0225,50.7565
619,614,411,283,29,0.14,71.6,0.7,64,2026-10-01 09:35:00,PT5M,81.858,100.0,97.4641,66.2519,52.206
633,628,422,283,29,0.14,71.2,0.7,65,2026-10-01 09:40:00,PT5M,83.008,100.0,98.3525,67.6635,53.853
648,642,431,284,29,0.14,70.7,0.7,66,2026-10-01 09:45:00,PT5M,84.073,100.0,99.1491,68.9969,55.428
661,656,441,285,30,0.14,70.3,0.8,66,2026-10-01 09:50:00,PT5M,85.092,100.0,99.9083,70.2757,56.9405
675,669,450,285,30,0.14,69.9,0.8,67,2026-10-01 09:55:00,PT5M,86.076,100.0,100.0,71.5123,58.4045
688,682,460,286,30,0.14,69.4,0.8,68,2026-10-01 10:00:00,PT5M,87.022,100.0,100.0,72.7001,59.81
701,695,469,286,30,0.14,69.0,0.8,69,2026-10-01 10:05:00,PT5M,87.92,100.0,100.0,73.8302,61.149
714,707,478,286,30,0.14,68.6,0.8,69,2026-10-01 10:10:00,PT5M,88.774,100.0,100.0,74.9071,62.4265
726,719,486,285,30,0.14,68.1,0.9,70,2026-10-01 10:15:00,PT5M,89.594,100.0,100.0,75.9426,63.656
738,731,495,285,30,0.14,67.7,0.9,70,2026-10-01 10:20:00,PT5M,90.382,100.0,100.0,76.9393,64.8405
750,743,504,284,30,0.14,67.3,0.9,71,2026-10-01 10:25:00,PT5M,91.142,100.0,100.0,77.9014,65.9845
761,754,513,283,30,0.14,66.9,0.9,71,2026-10-01 10:30:00,PT5M,91.874,100.0,100.0,78.8297,67.0895
770,763,518,284,31,0.14,66.5,1.0,72,2026-10-01 10:35:00,PT5M,92.392,100.0,100.0,79.4864,67.871
778,771,520,285,31,0.14,66.0,1.0,73,2026-10-01 10:40:00,PT5M,92.697,100.0,100.0,79.8717,68.3285
785,777,523,287,31,0.14,65.6,1.0,73,2026-10-01 10:45:00,PT5M,92.976,100.0,100.0,80.2228,68.7445
791,784,525,288,31,0.14,65.2,1.1,74,2026-10-01 10:50:00,PT5M,93.226,100.0,100.0,80.5341,69.111
798,790,526,289,31,0.14,64.8,1.1,75,2026-10-01 10:55:00,PT5M,93.437,100.0,100.0,80.7846,69.397
803,796,528,290,31,0.14,64.4,1.2,75,2026-10-01 11:00:00,PT5M,93.627,100.0,100.0,81.0069,69.6485
808,801,530,291,31,0.14,64.0,1.2,76,2026-10-01 11:05:00,PT5M,93.81,100.0,100.0,81.2331,69.9135
813,806,531,292,31,0.14,63.6,1.2,76,2026-10-01 11:10:00,PT5M,93.972,100.0,100.0,81.4333,70.148
818,810,533,293,31,0.14,63.2,1.3,77,2026-10-01 11:15:00,PT5M,94.1,100.0,100.0,81.5807,70.313
821,814,534,293,31,0.14,62.9,1.3,77,2026-10-01 11:20:00,PT5M,94.203,100.0,100.0,81.6932,70.434
825,817,535,294,32,0.14,62.5,1.4,77,2026-10-01 11:25:00,PT5M,94.217,100.0,100.0,81.708,70.4495
828,820,536,294,32,0.14,62.1,1.4,78,2026-10-01 11:30:00,PT5M,94.275,100.0,100.0,81.7597,70.4955
827,819,530,298,32,0.14,62.1,1.4,77,2026-10-01 11:35:00,PT5M,94.051,100.0,100.0,81.4749,70.156
822,814,518,304,32,0.14,62.4,1.4,76,2026-10-01 11:40:00,PT5M,93.425,100.0,100.0,80.7339,69.3115
816,809,506,310,31,0.14,62.8,1.4,75,2026-10-01 11:45:00,PT5M,92.775,100.0,100.0,79.9605,68.427
810,803,493,316,31,0.14,63.1,1.3,74,2026-10-01 11:50:00,PT5M,92.1,100.0,100.0,79.1539,67.502
804,797,481,322,31,0.14,63.5,1.3,73,2026-10-01 11:55:00,PT5M,91.399,100.0,100.0,78.3116,66.5325
797,790,469,328,31,0.14,63.9,1.3,72,2026-10-01 12:00:00,PT5M,90.761,100.0,100.0,77.5238,65.61
789,783,456,333,31,0.14,64.2,1.3,71,2026-10-01 12:05:00,PT5M,90.118,100.0,100.0,76.7216,64.6645
781,775,443,338,31,0.14,64.6,1.2,70,2026-10-01 12:10:00,PT5M,89.439,100.0,100.0,75.8747,63.6665
773,767,430,343,31,0.14,65.0,1.2,68,2026-10-01 12:15:00,PT5M,88.731,100.0,100.0,74.992,62.6265
764,758,418,348,31,0.14,65.3,1.2,67,2026-10-01 12:20:00,PT5M,87.993,100.0,100.0,74.0724,61.5435
755,749,405,353,31,0.14,65.7,1.2,66,2026-10-01 12:25:00,PT5M,87.224,100.0,100.0,73.1155,60.4175
745,740,392,357,31,0.14,66.1,1.1,64,2026-10-01 12:30:00,PT5M,86.425,100.0,100.0,72.1239,59.2525
737,732,383,359,30,0.14,66.5,1.1,63,2026-10-01 12:35:00,PT5M,85.767,100.0,100.0,71.2678,58.218
730,725,376,361,30,0.14,66.9,1.1,61,2026-10-01 12:40:00,PT5M,85.25,100.0,99.9529,70.5471,57.314
722,717,369,362,30,0.14,67.3,1.0,60,2026-10-01 12:45:00,PT5M,84.692,100.0,99.6102,69.7738,56.347
715,710,362,363,30,0.14,67.7,1.0,58,2026-10-01 12:50:00,PT5M,84.095,100.0,99.2379,68.9521,55.323
706,702,354,363,30,0.14,68.1,1.0,57,2026-10-01 12:55:00,PT5M,83.438,100.0,98.7988,68.0772,54.252
698,693,347,364,30,0.14,68.6,0.9,55,2026-10-01 13:00:00,PT5M,82.82,100.0,98.3861,67.2539,53.244
689,685,340,364,30,0.14,69.0,0.9,53,2026-10-01 13:05:00,PT5M,82.143,100.0,97.9348,66.3512,52.138
680,676,334,363,30,0.14,69.4,0.9,51,2026-10-01 13:10:00,PT5M,81.435,100.0,97.4574,65.4126,50.992
671,666,327,363,29,0.14,69.8,0.9,49,2026-10-01 13:15:00,PT5M,80.691,100.0,96.9484,64.4336,49.8015
661,657,320,362,29,0.14,70.3,0.8,46,2026-10-01 13:20:00,PT5M,79.913,100.0,96.4077,63.4183,48.5725
651,647,314,361,29,0.14,70.7,0.8,44,2026-10-01 13:25:00,PT5M,79.103,100.0,95.8364,62.3696,47.309
641,637,307,359,29,0.14,71.2,0.8,41,2026-10-01 13:30:00,PT5M,78.264,100.0,95.2366,61.2914,46.0155
628,624,297,359,29,0.14,71.6,0.8,39,2026-10-01 13:35:00,PT5M,77.094,100.0,94.3374,59.8506,44.331
613,609,282,359,29,0.14,72.1,0.8,37,2026-10-01 13:40:00,PT5M,75.585,100.0,93.1294,58.0406,42.25
597,594,268,359,29,0.14,72.5,0.8,34,2026-10-01 13:45:00,PT5M,74.038,100.0,91.8819,56.1941,40.134
582,579,254,358,29,0.14,73.0,0.8,32,2026-10-01 13:50:00,PT5M,72.451,100.0,90.5933,54.3087,37.98
566,563,241,357,29,0.14,73.4,0.8,30,2026-10-01 13:55:00,PT5M,70.826,100.0,89.2649,52.3871,35.7915
551,548,228,356,28,0.14,73.9,0.8,28,2026-10-01 14:00:00,PT5M,69.159,100.0,87.8937,50.4243,33.5625
535,533,215,353,28,0.14,74.4,0.8,25,2026-10-01 14:05:00,PT5M,67.463,100.0,86.4916,48.4344,31.308
520,517,203,350,28,0.14,74.8,0.8,23,2026-10-01 14:10:00,PT5M,65.737,100.0,85.0559,46.4181,29.0305
504,502,191,347,28,0.14,75.3,0.8,21,2026-10-01 14:15:00,PT5M,63.953,100.0,83.5614,44.3446,26.6965
488,486,178,344,28,0.14,75.8,0.8,19,2026-10-01 14:20:00,PT5M,62.126,99.9275,82.0212,42.2308,24.3245
472,470,167,340,28,0.14,76.3,0.8,17,2026-10-01 14:25:00,PT5M,60.268,98.6065,80.4458,40.0902,21.9295
456,455,155,335,28,0.14,76.8,0.8,15,2026-10-01 14:30:00,PT5M,58.38,97.2475,78.8362,37.9238,19.5125
442,441,147,330,28,0.14,77.2,0.8,13,2026-10-01 14:35:00,PT5M,56.763,96.1075,77.4703,36.0557,17.4185
430,429,141,324,28,0.14,77.7,0.8,10,2026-10-01 14:40:00,PT5M,55.416,95.1885,76.3486,34.4834,15.6435
418,417,135,318,27,0.14,78.2,0.8,8,2026-10-01 14:45:00,PT5M,54.039,94.236,75.195,32.883,13.842
405,404,130,312,27,0.14,78.7,0.8,6,2026-10-01 14:50:00,PT5M,52.63,93.2465,74.0068,31.2532,12.0135
393,392,124,305,27,0.14,79.2,0.8,3,2026-10-01 14:55:00,PT5M,51.231,92.1875,72.7867,29.6753,10.2745
381,380,119,299,27,0.14,79.7,0.8,1,2026-10-01 15:00:00,PT5M,49.841,90.924,71.4633,28.2187,8.758
369,368,114,292,27,0.14,80.2,0.9,359,2026-10-01 15:05:00,PT5M,48.365,89.5235,70.027,26.703,7.2065
356,355,107,285,27,0.14,80.7,0.9,357,2026-10-01 15:10:00,PT5M,47.023,88.1415,68.664,25.382,5.9045
343,343,101,279,27,0.14,81.3,0.9,355,2026-10-01 15:15:00,PT5M,45.41,86.5135,67.0431,23.7769,4.3065
330,330,94,272,27,0.14,81.8,0.9,352,2026-10-01 15:20:00,PT5M,43.744,84.7965,65.3502,22.1378,2.6915
318,317,87,265,27,0.14,82.3,0.9,350,2026-10-01 15:25:00,PT5M,42.031,82.987,63.5864,20.4756,1.075
305,304,80,257,26,0.14,82.8,0.9,348,2026-10-01 15:30:00,PT5M,40.27,81.078,61.7475,18.7925,0.0
291,291,73,250,26,0.14,83.3,0.9,347,2026-10-01 15:35:00,PT5M,38.406,78.987,59.7641,17.0479,0.0
278,278,65,242,26,0.14,83.8,1.0,345,2026-10-01 15:40:00,PT5M,36.478,76.7015,57.6479,15.3081,0.0
265,265,57,234,26,0.14,84.3,1.0,343,2026-10-01 15:45:00,PT5M,34.505,74.273,55.4352,13.5748,0.0
251,251,49,226,26,0.14,84.8,1.0,342,2026-10-01 15:50:00,PT5M,32.488,71.7065,53.129,11.847,0.0
238,238,41,218,26,0.14,85.3,1.0,340,2026-10-01 15:55:00,PT5M,30.431,69.001,50.7307,10.1313,0.0
225,225,33,209,26,0.14,85.8,1.1,339,2026-10-01 16:00:00,PT5M,28.335,66.1805,48.2534,8.4166,0.0
212,212,25,200,26,0.14,86.3,1.1,338,2026-10-01 16:05:00,PT5M,26.57,63.6585,46.0899,7.0501,0.0
199,199,18,191,26,0.14,86.9,1.1,336,2026-10-01 16:10:00,PT5M,24.506,60.8125,43.6144,5.3976,0.0
186,187,11,182,25,0.14,87.4,1.1,335,2026-10-01 16:15:00,PT5M,22.647,57.21,40.8378,4.4562,0.0
174,174,3,173,25,0.14,87.9,1.2,334,2026-10-01 16:20:00,PT5M,20.832,53.1,37.8149,3.8491,0.0
161,162,0,162,25,0.14,88.4,1.2,333,2026-10-01 16:25:00,PT5M,19.282,49.3035,35.0825,3.4815,0.0
149,150,0,150,25,0.14,89.0,1.2,332,2026-10-01 16:30:00,PT5M,17.945,45.7405,32.574,3.316,0.0
138,138,0,138,25,0.14,89.5,1.3,331,2026-10-01 16:35:00,PT5M,16.659,42.235,30.1198,3.1982,0.0
127,128,0,128,25,0.14,90.2,1.3,330,2026-10-01 16:40:00,PT5M,15.4,38.7035,27.6648,3.1352,0.0
117,117,0,117,25,0.14,90.8,1.3,329,2026-10-01 16:45:00,PT5M,14.107,35.1995,25.2081,3.0059,0.0
106,106,0,106,25,0.14,91.4,1.3,329,2026-10-01 16:50:00,PT5M,12.806,31.719,22.76,2.852,0.0
95,96,0,96,25,0.14,92.1,1.3,328,2026-10-01 16:55:00,PT5M,11.503,28.296,20.3413,2.6647,0.0
84,85,0,85,24,0.14,92.7,1.4,327,2026-10-01 17:00:00,PT5M,10.17,24.9435,17.9454,2.3946,0.0
74,74,0,74,24,0.14,93.4,1.4,327,2026-10-01 17:05:00,PT5M,8.848,21.6905,15.6071,2.0889,0.0
63,64,0,64,24,0.14,94.0,1.4,326,2026-10-01 17:10:00,PT5M,7.486,18.434,13.248,1.724,0.0
54,54,0,54,24,0.14,94.7,1.4,325,2026-10-01 17:15:00,PT5M,6.271,15.353,11.0509,1.4911,0.0
44,44,0,44,24,0.14,95.3,1.4,325,2026-10-01 17:20:00,PT5M,5.135,12.3955,8.9563,1.3137,0.0
36,36,0,36,24,0.14,96.0,1.5,324,2026-10-01 17:25:00,PT5M,3.98,9.5195,6.8955,1.0645,0.0
28,28,0,28,24,0.14,96.7,1.5,323,2026-10-01 17:30:00,PT5M,2.943,6.932,5.0424,0.8436,0.0
21,21,0,21,24,0.14,97.0,1.5,323,2026-10-01 17:35:00,PT5M,2.048,4.774,3.4827,0.6133,0.0
14,14,0,14,24,0.14,97.0,1.5,323,2026-10-01 17:40:00,PT5M,1.214,2.736,2.015,0.413,0.0
8,8,0,8,24,0.14,97.0,1.5,322,2026-10-01 17:45:00,PT5M,0.454,1.174,0.8329,0.0751,0.0
4,4,0,4,24,0.14,97.0,1.5,322,2026-10-01 17:50:00,PT5M,0.0,0.0955,0.0503,0.0,0.0
0,0,0,0,24,0.14,97.0,1.4,321,2026-10-01 17:55:00,PT5M,0.0,0.0,0.0,0.0,0.0
0,0,0,0,24,0.14,97.0,1.4,321,2026-10-01 18:00:00,PT5M,0.0,0.0,0.0,0.0,0.0
0,0,0,0,24,0.14,97.0,1.4,320,2026-10-01 18:05:00,PT5M,0.0,0.0,0.0,0.0,0.0
0,0,0,0,24,0.14,97.0,1.4,320,2026-10-01 18:10:00,PT5M,0.0,0.0,0.0,0.0,0.0
0,0,0,0,24,0.14,97.0,1.4,320,2026-10-01 18:15:00,PT5M,0.0,0.0,0.0,0.0,0.0
0,0,0,0,24,0.14,97.0,1.4,319,2026-10-01 18:20:00,PT5M,0.0,0.0,0.0,0.0,0.0
0,0,0,0,24,0.14,97.0,1.4,319,2026-10-01 18:25:00,PT5M,0.0,0.0,0.0,0.0,0.0
0,0,0,0,24,0.14,97.0,1.4,318,2026-10-01 18:30:00,PT5M,0.0,0.0,0.0,0.0,0.0
0,0,0,0,24,0.14,97.0,1.3,318,2026-10-01 18:35:00,PT5M,0.0,0.0,0.0,0.0,0.0
0,0,0,0,24,0.14,97.0,1.3,317,2026-10-01 18:40:00,PT5M,0.0,0.0,0.0,0.0,0.0
0,0,0,0,24,0.14,97.0,1.3,317,2026-10-01 18:45:00,PT5M,0.0,0.0,0.0,0.0,0.0
0,0,0,0,24,0.14,97.0,1.3,316,2026-10-01 18:50:00,PT5M,0.0,0.0,0.0,0.0,0.0
0,0,0,0,24,0.14,97.0,1.3,316,2026-10-01 18:55:00,PT5M,0.0,0.0,0.0,0.0,0.0
0,0,0,0,24,0.14,97.0,1.3,315,2026-10-01 19:00:00,PT5M,0.0,0.0,0.0,0.0,0.0
0,0,0,0,24,0.14,97.0,1.3,315,2026-10-01 19:05:00,PT5M,0.0,0.0,0.0,0.0,0.0
0,0,0,0,24,0.14,97.0,1.3,314,2026-10-01 19:10:00,PT5M,0.0,0.0,0.0,0.0,0.0
0,0,0,0,24,0.14,97.0,1.2,314,2026-10-01 19:15:00,PT5M,0.0,0.0,0.0,0.0,0.0
0,0,0,0,24,0.14,97.0,1.2,313,2026-10-01 19:20:00,PT5M,0.0,0.0,0.0,0.0,0.0
0,0,0,0,24,0.14,97.0,1.2,313,2026-10-01 19:25:00,PT5M,0.0,0.0,0.0,0.0,0.0
0,0,0,0,24,0.14,97.0,1.2,312,2026-10-01 19:30:00,PT5M,0.0,0.0,0.0,0.0,0.0
0,0,0,0,24,0.14,97.0,1.2,311,2026-10-01 19:35:00,PT5M,0.0,0.0,0.0,0.0,0.0
0,0,0,0,24,0.14,97.1,1.2,311,2026-10-01 19:40:00,PT5M,0.0,0.0,0.0,0.0,0.0
0,0,0,0,24,0.14,97.1,1.2,310,2026-10-01 19:45:00,PT5M,0.0,0.0,0.0,0.0,0.0
0,0,0,0,24,0.14,97.2,1.2,309,2026-10-01 19:50:00,PT5M,0.0,0.0,0.0,0.0,0.0
0,0,0,0,24,0.14,97.2,1.2,309,2026-10-01 19:55:00,PT5M,0.0,0.0,0.0,0.0,0.0
0,0,0,0,24,0.14,97.3,1.1,308,2026-10-01 20:00:00,PT5M,0.0,0.0,0.0,0.0,0.0
0,0,0,0,24,0.14,97.3,1.1,308,2026-10-01 20:05:00,PT5M,0.0,0.0,0.0,0.0,0.0
0,0,0,0,24,0.14,97.4,1.1,307,2026-10-01 20:10:00,PT5M,0.0,0.0,0.0,0.0,0.0
0,0,0,0,24,0.14,97.4,1.1,306,2026-10-01 20:15:00,PT5M,0.0,0.0,0.0,0.0,0.0
0,0,0,0,24,0.14,97.5,1.1,305,2026-10-01 20:20:00,PT5M,0.0,0.0,0.0,0.0,0.0
0,0,0,0,24,0.14,97.5,1.1,305,2026-10-01 20:25:00,PT5M,0.0,0.0,0.0,0.0,0.0
0,0,0,0,24,0.14,97.6,1.1,304,2026-10-01 20:30:00,PT5M,0.0,0.0,0.0,0.0,0.0
0,0,0,0,24,0.14,97.6,1.1,303,2026-10-01 20:35:00,PT5M,0.0,0.0,0.0,0.0,0.0
0,0,0,0,24,0.14,97.6,1.1,303,2026-10-01 20:40:00,PT5M,0.0,0.0,0.0,0.0,0.0
0,0,0,0,24,0.14,97.6,1.0,302,2026-10-01 20:45:00,PT5M,0.0,0.0,0.0,0.0,0.0
0,0,0,0,24,0.14,97.6,1.0,302,2026-10-01 20:50:00,PT5M,0.0,0.0,0.0,0.0,0.0
0,0,0,0,24,0.14,97.6,1.0,301,2026-10-01 20:55:00,PT5M,0.0,0.0,0.0,0.0,0.0
0,0,0,0,24,0.14,97.6,1.0,301,2026-10-01 21:00:00,PT5M,0.0,0.0,0.0,0.0,0.0
0,0,0,0,24,0.14,97.6,1.0,300,2026-10-01 21:05:00,PT5M,0.0,0.0,0.0,0.0,0.0
0,0,0,0,24,0.14,97.6,1.0,300,2026-10-01 21:10:00,PT5M,0.0,0.0,0.0,0.0,0.0
0,0,0,0,24,0.14,97.6,0.9,299,2026-10-01 21:15:00,PT5M,0.0,0.0,0.0,0.0,0.0
0,0,0,0,24,0.14,97.6,0.9,298,2026-10-01 21:20:00,PT5M,0.0,0.0,0.0,0.0,0.0
0,0,0,0,24,0.14,97.6,0.9,298,2026-10-01 21:25:00,PT5M,0.0,0.0,0.0,0.0,0.0
0,0,0,0,24,0.14,97.6,0.9,297,2026-10-01 21:30:00,PT5M,0.0,0.0,0.0,0.0,0.0
0,0,0,0,24,0.14,97.6,0.9,296,2026-10-01 21:35:00,PT5M,0.0,0.0,0.0,0.0,0.0
0,0,0,0,24,0.14,97.6,0.9,295,2026-10-01 21:40:00,PT5M,0.0,0.0,0.0,0.0,0.0
0,0,0,0,24,0.14,97.6,0.9,294,2026-10-01 21:45:00,PT5M,0.0,0.0,0.0,0.0,0.0
0,0,0,0,24,0.14,97.6,0.9,293,2026-10-01 21:50:00,PT5M,0.0,0.0,0.0,0.0,0.0
0,0,0,0,24,0.14,97.6,0.9,292,2026-10-01 21:55:00,PT5M,0.0,0.0,0.0,0.0,0.0
0,0,0,0,24,0.14,97.6,0.9,291,2026-10-01 22:00:00,PT5M,0.0,0.0,0.0,0.0,0.0
0,0,0,0,23,0.14,97.6,0.9,290,2026-10-01 22:05:00,PT5M,0.0,0.0,0.0,0.0,0.0
0,0,0,0,23,0.14,97.6,0.8,289,2026-10-01 22:10:00,PT5M,0.0,0.0,0.0,0.0,0.0
0,0,0,0,23,0.14,97.6,0.8,288,2026-10-01 22:15:00,PT5M,0.0,0.0,0.0,0.0,0.0
0,0,0,0,23,0.14,97.6,0.8,287,2026-10-01 22:20:00,PT5M,0.0,0.0,0.0,0.0,0.0
0,0,0,0,23,0.14,97.6,0.8,286,2026-10-01 22:25:00,PT5M,0.0,0.0,0.0,0.0,0.0
0,0,0,0,23,0.14,97.6,0.8,285,2026-10-01 22:30:00,PT5M,0.0,0.0,0.0,0.0,0.0
0,0,0,0,23,0.14,97.6,0.8,283,2026-10-01 22:35:00,PT5M,0.0,0.0,0.0,0.0,0.0
0,0,0,0,23,0.14,97.7,0.8,282,2026-10-01 22:40:00,PT5M,0.0,0.0,0.0,0.0,0.0
0,0,0,0,23,0.14,97.7,0.8,281,2026-10-01 22:45:00,PT5M,0.0,0.0,0.0,0.0,0.0
0,0,0,0,23,0.14,97.8,0.8,280,2026-10-01 22:50:00,PT5M,0.0,0.0,0.0,0.0,0.0
0,0,0,0,23,0.14,97.8,0.8,279,2026-10-01 22:55:00,PT5M,0.0,0.0,0.0,0.0,0.0
0,0,0,0,23,0.14,97.9,0.8,278,2026-10-01 23:00:00,PT5M,0.0,0.0,0.0,0.0,0.0
0,0,0,0,23,0.14,97.9,0.8,277,2026-10-01 23:05:00,PT5M,0.0,0.0,0.0,0.0,0.0
0,0,0,0,23,0.14,98.0,0.8,275,2026-10-01 23:10:00,PT5M,0.0,0.0,0.0,0.0,0.0
0,0,0,0,23,0.14,98.0,0.8,274,2026-10-01 23:15:00,PT5M,0.0,0.0,0.0,0.0,0.0
0,0,0,0,23,0.14,98.1,0.8,273,2026-10-01 23:20:00,PT5M,0.0,0.0,0.0,0.0,0.0
0,0,0,0,23,0.14,98.1,0.8,272,2026-10-01 23:25:00,PT5M,0.0,0.0,0.0,0.0,0.0
0,0,0,0,23,0.14,98.2,0.8,271,2026-10-01 23:30:00,PT5M,0.0,0.0,0.0,0.0,0.0
0,0,0,0,23,0.14,98.2,0.8,270,2026-10-01 23:35:00,PT5M,0.0,0.0,0.0,0.0,0.0
0,0,0,0,23,0.14,98.2,0.8,271,2026-10-01 23:40:00,PT5M,0.0,0.0,0.0,0.0,0.0
0,0,0,0,23,0.14,98.2,0.8,271,2026-10-01 23:45:00,PT5M,0.0,0.0,0.0,0.0,0.0
0,0,0,0,23,0.14,98.2,0.8,272,2026-10-01 23:50:00,PT5M,0.0,0.0,0.0,0.0,0.0
0,0,0,0,23,0.14,98.2,0.8,273,2026-10-01 23:55:00,PT5M,0.0,0.0,0.0,0.0,0.0
0,0,0,0,23,0.14,98.2,0.8,273,2026-10-02 00:00:00,PT5M,0.0,0.0,0.0,0.0,0.0
0,0,0,0,23,0.14,98.2,0.8,274,2026-10-02 00:05:00,PT5M,0.0,0.0,0.0,0.0,0.0
0,0,0,0,23,0.14,98.2,0.8,274,2026-10-02 00:10:00,PT5M,0.0,0.0,0.0,0.0,0.0
0,0,0,0,23,0.14,98.2,0.8,275,2026-10-02 00:15:00,PT5M,0.0,0.0,0.0,0.0,0.0
0,0,0,0,23,0.14,98.2,0.8,276,2026-10-02 00:20:00,PT5M,0.0,0.0,0.0,0.0,0.0
0,0,0,0,23,0.14,98.2,0.8,276,2026-10-02 00:25:00,PT5M,0.0,0.0,0.0,0.0,0.0
0,0,0,0,23,0.14,98.2,0.8,277,2026-10-02 00:30:00,PT5M,0.0,0.0,0.0,0.0,0.0
0,0,0,0,23,0.14,98.2,0.8,277,2026-10-02 00:35:00,PT5M,0.0,0.0,0.0,0.0,0.0
0,0,0,0,23,0.14,98.2,0.8,277,2026-10-02 00:40:00,PT5M,0.0,0.0,0.0,0.0,0.0
0,0,0,0,23,0.14,98.2,0.8,277,2026-10-02 00:45:00,PT5M,0.0,0.0,0.0,0.0,0.0
0,0,0,0,23,0.14,98.2,0.8,277,2026-10-02 00:50:00,PT5M,0.0,0.0,0.0,0.0,0.0
0,0,0,0,23,0.14,98.2,0.8,277,2026-10-02 00:55:00,PT5M,0.0,0.0,0.0,0.0,0.0
0,0,0,0,23,0.14,98.2,0.8,277,2026-10-02 01:00:00,PT5M,0.0,0.0,0.0,0.0,0.0
0,0,0,0,23,0.14,98.2,0.8,277,2026-10-02 01:05:00,PT5M,0.0,0.0,0.0,0.0,0.0
0,0,0,0,23,0.14,98.2,0.8,277,2026-10-02 01:10:00,PT5M,0.0,0.0,0.0,0.0,0.0
0,0,0,0,23,0.14,98.2,0.8,277,2026-10-02 01:15:00,PT5M,0.0,0.0,0.0,0.0,0.0
0,0,0,0,23,0.14,98.2,0.8,277,2026-10-02 01:20:00,PT5M,0.0,0.0,0.0,0.0,0.0
0,0,0,0,23,0.14,98.2,0.8,277,2026-10-02 01:25:00,PT5M,0.0,0.0,0.0,0.0,0.0
0,0,0,0,23,0.14,98.2,0.8,277,2026-10-02 01:30:00,PT5M,0.0,0.0,0.0,0.0,0.0
0,0,0,0,23,0.14,98.2,0.8,277,2026-10-02 01:35:00,PT5M,0.0,0.0,0.0,0.0,0.0
0,0,0,0,23,0.14,98.2,0.8,276,2026-10-02 01:40:00,PT5M,0.0,0.0,0.0,0.0,0.0
0,0,0,0,23,0.14,98.2,0.8,276,2026-10-02 01:45:00,PT5M,0.0,0.0,0.0,0.0,0.0
0,0,0,0,23,0.14,98.2,0.8,275,2026-10-02 01:50:00,PT5M,0.0,0.0,0.0,0.0,0.0
0,0,0,0,23,0.14,98.2,0.8,274,2026-10-02 01:55:00,PT5M,0.0,0.0,0.0,0.0,0.0
0,0,0,0,23,0.14,98.2,0.8,274,2026-10-02 02:00:00,PT5M,0.0,0.0,0.0,0.0,0.0
0,0,0,0,23,0.14,98.2,0.9,273,2026-10-02 02:05:00,PT5M,0.0,0.0,0.0,0.0,0.0
0,0,0,0,23,0.14,98.2,0.9,272,2026-10-02 02:10:00,PT5M,0.0,0.0,0.0,0.0,0.0
0,0,0,0,23,0.14,98.2,0.9,272,2026-10-02 02:15:00,PT5M,0.0,0.0,0.0,0.0,0.0
0,0,0,0,23,0.14,98.2,0.9,271,2026-10-02 02:20:00,PT5M,0.0,0.0,0.0,0.0,0.0
0,0,0,0,23,0.14,98.2,0.9,271,2026-10-02 02:25:00,PT5M,0.0,0.0,0.0,0.0,0.0
0,0,0,0,23,0.14,98.2,0.9,270,2026-10-02 02:30:00,PT5M,0.0,0.0,0.0,0.0,0.0
0,0,0,0,23,0.14,98.2,0.9,270,2026-10-02 02:35:00,PT5M,0.0,0.0,0.0,0.0,0.0
0,0,0,0,23,0.14,98.2,0.9,270,2026-10-02 02:40:00,PT5M,0.0,0.0,0.0,0.0,0.0
0,0,0,0,23,0.14,98.2,0.9,270,2026-10-02 02:45:00,PT5M,0.0,0.0,0.0,0.0,0.0
0,0,0,0,23,0.14,98.2,0.9,270,2026-10-02 02:50:00,PT5M,0.0,0.0,0.0,0.0,0.0
0,0,0,0,23,0.14,98.2,0.9,270,2026-10-02 02:55:00,PT5M,0.0,0.0,0.0,0.0,0.0
0,0,0,0,23,0.14,98.2,0.9,270,2026-10-02 03:00:00,PT5M,0.0,0.0,0.0,0.0,0.0
0,0,0,0,23,0.14,98.2,0.9,270,2026-10-02 03:05:00,PT5M,0.0,0.0,0.0,0.0,0.0
0,0,0,0,23,0.14,98.2,0.9,270,2026-10-02 03:10:00,PT5M,0.0,0.0,0.0,0.0,0.0
0,0,0,0,23,0.14,98.2,0.9,270,2026-10-02 03:15:00,PT5M,0.0,0.0,0.0,0.0,0.0
0,0,0,0,23,0.14,98.2,0.9,270,2026-10-02 03:20:00,PT5M,0.0,0.0,0.0,0.0,0.0
0,0,0,0,23,0.14,98.2,0.9,270,2026-10-02 03:25:00,PT5M,0.0,0.0,0.0,0.0,0.0
0,0,0,0,23,0.14,98.2,0.9,270,2026-10-02 03:30:00,PT5M,0.0,0.0,0.0,0.0,0.0
0,0,0,0,23,0.14,98.2,0.9,270,2026-10-02 03:35:00,PT5M,0.0,0.0,0.0,0.0,0.0
0,0,0,0,23,0.14,98.3,0.9,270,2026-10-02 03:40:00,PT5M,0.0,0.0,0.0,0.0,0.0
0,0,0,0,23,0.14,98.3,0.9,270,2026-10-02 03:45:00,PT5M,0.0,0.0,0.0,0.0,0.0
0,0,0,0,23,0.14,98.4,0.9,270,2026-10-02 03:50:00,PT5M,0.0,0.0,0.0,0.0,0.0
0,0,0,0,23,0.14,98.4,0.9,270,2026-10-02 03:55:00,PT5M,0.0,0.0,0.0,0.0,0.0
0,0,0,0,23,0.14,98.5,0.9,270,2026-10-02 04:00:00,PT5M,0.0,0.0,0.0,0.0,0.0
0,0,0,0,23,0.14,98.5,0.9,270,2026-10-02 04:05:00,PT5M,0.0,0.0,0.0,0.0,0.0
0,0,0,0,23,0.14,98.6,0.9,270,2026-10-02 04:10:00,PT5M,0.0,0.0,0.0,0.0,0.0
0,0,0,0,23,0.14,98.6,0.9,270,2026-10-02 04:15:00,PT5M,0.0,0.0,0.0,0.0,0.0
0,0,0,0,23,0.14,98.7,0.9,270,2026-10-02 04:20:00,PT5M,0.0,0.0,0.0,0.0,0.0
0,0,0,0,23,0.14,98.7,0.9,270,2026-10-02 04:25:00,PT5M,0.0,0.0,0.0,0.0,0.0
0,0,0,0,23,0.14,98.8,0.9,270,2026-10-02 04:30:00,PT5M,0.0,0.0,0.0,0.0,0.0
0,0,0,0,23,0.14,98.8,0.9,270,2026-10-02 04:35:00,PT5M,0.0,0.0,0.0,0.0,0.0
0,0,0,0,23,0.14,98.8,0.9,270,2026-10-02 04:40:00,PT5M,0.0,0.0,0.0,0.0,0.0
0,0,0,0,23,0.14,98.8,0.9,270,2026-10-02 04:45:00,PT5M,0.0,0.0,0.0,0.0,0.0
0,0,0,0,23,0.14,98.8,0.9,270,2026-10-02 04:50:00,PT5M,0.0,0.0,0.0,0.0,0.0
0,0,0,0,23,0.14,98.8,0.9,270,2026-10-02 04:55:00,PT5M,0.0,0.0,0.0,0.0,0.0
0,0,0,0,23,0.14,98.8,0.9,270,2026-10-02 05:00:00,PT5M,0.0,0.0,0.0,0.0,0.0
0,0,0,0,23,0.14,98.8,0.8,270,2026-10-02 05:05:00,PT5M,0.0,0.0,0.0,0.0,0.0
0,0,0,0,23,0.14,98.8,0.8,270,2026-10-02 05:10:00,PT5M,0.0,0.0,0.0,0.0,0.0
0,0,0,0,23,0.14,98.8,0.8,270,2026-10-02 05:15:00,PT5M,0.0,0.0,0.0,0.0,0.0
0,0,0,0,23,0.14,98.8,0.8,270,2026-10-02 05:20:00,PT5M,0.0,0.0,0.0,0.0,0.0
0,0,0,0,23,0.14,98.8,0.8,270,2026-10-02 05:25:00,PT5M,0.0,0.0,0.0,0.0,0.0
0,0,0,0,23,0.14,98.8,0.8,270,2026-10-02 05:30:00,PT5M,0.0,0.0,0.0,0.0,0.0
0,0,0,0,23,0.14,98.5,0.8,270,2026-10-02 05:35:00,PT5M,0.0,0.0,0.0,0.0,0.0
0,0,0,0,23,0.14,97.8,0.8,269,2026-10-02 05:40:00,PT5M,0.0,0.0,0.0,0.0,0.0
0,0,0,0,23,0.14,97.2,0.8,268,2026-10-02 05:45:00,PT5M,0.0,0.0,0.0,0.0,0.0
0,0,0,0,24,0.14,96.6,0.7,268,2026-10-02 05:50:00,PT5M,0.0,0.0,0.0,0.0,0.0
0,0,0,0,24,0.14,95.9,0.7,267,2026-10-02 05:55:00,PT5M,0.0,0.0,0.0,0.0,0.0
3,3,0,3,24,0.14,95.3,0.7,266,2026-10-02 06:00:00,PT5M,0.0,0.0,0.0,0.0,0.0
10,10,0,10,24,0.14,94.7,0.7,266,2026-10-02 06:05:00,PT5M,0.607,1.0715,0.8515,0.3625,0.1425
17,17,0,17,24,0.14,94.1,0.7,265,2026-10-02 06:10:00,PT5M,1.678,2.7245,2.2288,1.1272,0.6315
26,27,0,27,24,0.14,93.5,0.7,264,2026-10-02 06:15:00,PT5M,2.861,4.685,3.821,1.901,1.037
37,37,0,37,24,0.14,92.9,0.6,263,2026-10-02 06:20:00,PT5M,4.148,7.0495,5.6751,2.6209,1.2465
48,48,8,47,24,0.14,92.3,0.6,262,2026-10-02 06:25:00,PT5M,5.734,9.905,7.9292,3.5388,1.563
61,61,35,56,24,0.14,91.7,0.6,261,2026-10-02 06:30:00,PT5M,8.107,13.743,11.0733,5.1407,2.471
75,75,65,64,25,0.14,91.1,0.6,260,2026-10-02 06:35:00,PT5M,10.843,18.079,14.6514,7.0346,3.607
91,90,95,73,25,0.14,90.6,0.6,260,2026-10-02 06:40:00,PT5M,13.854,22.7515,18.5368,9.1712,4.9565
107,106,126,80,25,0.14,90.1,0.6,260,2026-10-02 06:45:00,PT5M,17.217,27.781,22.7769,11.6571,6.653
124,123,156,88,25,0.14,89.6,0.6,260,2026-10-02 06:50:00,PT5M,20.896,33.146,27.3433,14.4487,8.646
142,141,186,94,25,0.14,89.1,0.5,259,2026-10-02 06:55:00,PT5M,24.732,38.7415,32.1053,17.3587,10.7225
160,158,213,101,25,0.14,88.7,0.5,259,2026-10-02 07:00:00,PT5M,28.691,44.564,37.0451,20.3369,12.818
178,176,235,108,25,0.14,88.2,0.5,259,2026-10-02 07:05:00,PT5M,32.606,50.4175,41.9803,23.2317,14.7945
196,193,255,114,25,0.14,87.7,0.5,258,2026-10-02 07:10:00,PT5M,36.641,56.4225,47.0521,26.2299,16.8595
214,211,275,121,25,0.14,87.2,0.5,258,2026-10-02 07:15:00,PT5M,40.779,62.554,52.2393,29.3187,19.004
232,230,294,126,26,0.14,86.8,0.5,257,2026-10-02 07:20:00,PT5M,44.976,68.805,57.5174,32.4346,21.147
251,248,312,132,26,0.14,86.3,0.4,257,2026-10-02 07:25:00,PT5M,49.235,75.0775,62.8361,35.6339,23.3925
270,266,330,138,26,0.14,85.8,0.4,256,2026-10-02 07:30:00,PT5M,53.554,81.4195,68.2198,38.8882,25.6885
288,285,345,143,26,0.14,85.3,0.4,256,2026-10-02 07:35:00,PT5M,57.794,87.7215,73.5451,42.0429,27.8665
306,303,359,148,26,0.14,84.8,0.4,255,2026-10-02 07:40:00,PT5M,61.953,94.0785,78.8609,45.0451,29.8275
325,321,372,154,26,0.14,84.3,0.4,253,2026-10-02 07:45:00,PT5M,64.31,97.088,81.5613,47.0587,31.532
343,339,384,159,26,0.14,83.8,0.3,252,2026-10-02 07:50:00,PT5M,66.532,99.8715,84.0788,48.9852,33.1925
361,357,396,164,26,0.14,83.3,0.3,251,2026-10-02 07:55:00,PT5M,68.657,100.0,86.4712,50.8428,34.8095
379,374,408,168,26,0.14,82.9,0.3,249,2026-10-02 08:00:00,PT5M,70.676,100.0,88.726,52.626,36.3805
397,392,419,173,27,0.14,82.4,0.3,247,2026-10-02 08:05:00,PT5M,72.578,100.0,90.8285,54.3275,37.9015
415,410,429,177,27,0.14,81.9,0.2,245,2026-10-02 08:10:00,PT5M,74.348,100.0,92.7577,55.9383,39.369
433,427,440,181,27,0.14,81.4,0.2,242,2026-10-02 08:15:00,PT5M,75.98,100.0,94.5042,57.4558,40.7835
450,445,449,185,27,0.14,80.9,0.2,238,2026-10-02 08:20:00,PT5M,77.463,100.0,96.049,58.877,42.149
468,462,458,189,27,0.14,80.5,0.2,234,2026-10-02 08:25:00,PT5M,78.812,100.0,97.4164,60.2076,43.463
485,479,467,193,27,0.14,80.0,0.2,228,2026-10-02 08:30:00,PT5M,80.081,100.0,98.6817,61.4803,44.739
501,495,474,197,27,0.14,79.6,0.1,223,2026-10-02 08:35:00,PT5M,81.122,100.0,99.7214,62.5226,45.7825
516,510,478,202,27,0.14,79.1,0.1,217,2026-10-02 08:40:00,PT5M,81.949,100.0,100.0,63.3433,46.5975
531,525,481,207,28,0.14,78.7,0.1,210,2026-10-02 08:45:00,PT5M,82.721,100.0,100.0,64.115,47.369
546,540,485,211,28,0.14,78.3,0.1,203,2026-10-02 08:50:00,PT5M,83.451,100.0,100.0,64.8526,48.1135
560,554,488,216,28,0.14,77.9,0.1,194,2026-10-02 08:55:00,PT5M,84.14,100.0,100.0,65.5561,48.83
574,568,491,220,28,0.14,77.5,0.1,185,2026-10-02 09:00:00,PT5M,84.802,100.0,100.0,66.2123,49.481
589,582,495,224,28,0.14,77.0,0.1,175,2026-10-02 09:05:00,PT5M,85.565,100.0,100.0,67.0066,50.3035
603,596,500,227,28,0.14,76.6,0.1,166,2026-10-02 09:10:00,PT5M,86.308,100.0,100.0,67.9296,51.3885
617,610,504,231,28,0.14,76.2,0.1,157,2026-10-02 09:15:00,PT5M,87.014,100.0,100.0,68.8232,52.451
630,623,509,234,28,0.14,75.8,0.1,150,2026-10-02 09:20:00,PT5M,87.684,100.0,100.0,69.6761,53.4685
643,636,513,237,28,0.14,75.4,0.1,143,2026-10-02 09:25:00,PT5M,88.321,100.0,100.0,70.491,54.4435
656,649,517,240,28,0.14,75.0,0.1,137,2026-10-02 09:30:00,PT5M,88.925,100.0,100.0,71.2682,55.3765
669,662,522,242,29,0.14,74.6,0.2,133,2026-10-02 09:35:00,PT5M,89.634,100.0,100.0,72.1635,56.4395
683,676,530,243,29,0.14,74.1,0.2,129,2026-10-02 09:40:00,PT5M,90.445,100.0,100.0,73.1748,57.631
696,689,537,244,29,0.14,73.7,0.2,127,2026-10-02 09:45:00,PT5M,91.184,100.0,100.0,74.1064,58.736
709,701,544,245,29,0.14,73.2,0.2,125,2026-10-02 09:50:00,PT5M,91.866,100.0,100.0,74.9758,59.774
722,714,550,246,29,0.14,72.8,0.3,123,2026-10-02 09:55:00,PT5M,92.519,100.0,100.0,75.8114,60.774
734,726,556,246,29,0.14,72.3,0.3,122,2026-10-02 10:00:00,PT5M,93.141,100.0,100.0,76.6086,61.729
745,737,562,247,29,0.14,71.9,0.3,120,2026-10-02 10:05:00,PT5M,93.721,100.0,100.0,77.3578,62.6305
757,748,567,248,29,0.14,71.4,0.3,119,2026-10-02 10:10:00,PT5M,94.262,100.0,100.0,78.0617,63.481
767,759,572,249,30,0.14,71.0,0.4,119,2026-10-02 10:15:00,PT5M,94.774,100.0,100.0,78.7314,64.2925
778,769,578,249,30,0.14,70.5,0.4,118,2026-10-02 10:20:00,PT5M,95.261,100.0,100.0,79.371,65.0695
788,779,583,250,30,0.14,70.1,0.4,117,2026-10-02 10:25:00,PT5M,95.723,100.0,100.0,79.9814,65.8135
798,789,588,250,30,0.14,69.7,0.4,117,2026-10-02 10:30:00,PT5M,96.164,100.0,100.0,80.5664,66.528
804,795,587,253,30,0.14,69.3,0.5,117,2026-10-02 10:35:00,PT5M,96.272,100.0,100.0,80.7699,66.8175
808,799,580,258,30,0.14,68.9,0.5,117,2026-10-02 10:40:00,PT5M,96.053,100.0,100.0,80.5954,66.683
810,802,573,264,30,0.14,68.6,0.5,117,2026-10-02 10:45:00,PT5M,95.817,100.0,100.0,80.3959,66.5165
813,804,566,269,30,0.14,68.2,0.5,117,2026-10-02 10:50:00,PT5M,95.56,100.0,100.0,80.1655,66.31
815,806,559,274,31,0.14,67.8,0.5,117,2026-10-02 10:55:00,PT5M,95.275,100.0,100.0,79.8863,66.036
816,808,552,280,31,0.14,67.5,0.5,117,2026-10-02 11:00:00,PT5M,94.975,100.0,100.0,79.5879,65.739
817,808,545,285,31,0.14,67.1,0.6,117,2026-10-02 11:05:00,PT5M,94.672,100.0,100.0,79.2949,65.455
817,809,537,290,31,0.14,66.8,0.6,117,2026-10-02 11:10:00,PT5M,94.353,100.0,100.0,78.9804,65.1445
817,809,530,295,31,0.14,66.4,0.6,117,2026-10-02 11:15:00,PT5M,94.074,100.0,100.0,78.689,64.842
816,808,523,299,31,0.14,66.1,0.6,117,2026-10-02 11:20:00,PT5M,93.71,100.0,100.0,78.3042,64.4385
815,807,515,304,31,0.14,65.8,0.6,117,2026-10-02 11:25:00,PT5M,93.325,100.0,100.0,77.891,64.0
813,805,507,308,31,0.14,65.4,0.7,117,2026-10-02 11:30:00,PT5M,92.919,100.0,100.0,77.4506,63.5285
810,803,499,313,31,0.14,65.4,0.7,117,2026-10-02 11:35:00,PT5M,92.462,100.0,100.0,76.9088,62.9105
807,799,489,318,31,0.14,65.8,0.7,118,2026-10-02 11:40:00,PT5M,91.952,100.0,100.0,76.2636,62.1435
802,795,479,323,31,0.14,66.1,0.7,119,2026-10-02 11:45:00,PT5M,91.417,100.0,100.0,75.5865,61.3385
797,790,469,328,31,0.14,66.5,0.7,120,2026-10-02 11:50:00,PT5M,90.855,100.0,100.0,74.8758,60.494
792,785,459,333,31,0.14,66.8,0.7,121,2026-10-02 11:55:00,PT5M,90.267,100.0,100.0,74.1328,59.6115
786,779,449,337,31,0.14,67.2,0.7,122,2026-10-02 12:00:00,PT5M,89.749,100.0,100.0,73.454,58.788
780,773,438,341,31,0.14,67.5,0.7,123,2026-10-02 12:05:00,PT5M,89.218,100.0,100.0,72.7556,57.939
773,767,428,346,31,0.14,67.9,0.6,124,2026-10-02 12:10:00,PT5M,88.652,100.0,100.0,72.0162,57.0435
766,760,417,350,31,0.14,68.2,0.6,125,2026-10-02 12:15:00,PT5M,88.055,100.0,100.0,71.2411,56.108
758,752,407,353,30,0.14,68.6,0.6,126,2026-10-02 12:20:00,PT5M,87.428,100.0,100.0,70.4314,55.134
750,744,396,357,30,0.14,68.9,0.6,127,2026-10-02 12:25:00,PT5M,86.77,100.0,100.0,69.5869,54.1215
742,736,386,360,30,0.14,69.3,0.6,128,2026-10-02 12:30:00,PT5M,86.083,100.0,100.0,68.7107,53.075
734,728,376,363,30,0.14,69.7,0.6,129,2026-10-02 12:35:00,PT5M,85.421,100.0,100.0,67.8884,52.1085
725,720,367,365,30,0.14,70.0,0.6,130,2026-10-02 12:40:00,PT5M,84.785,100.0,100.0,67.1206,51.222
717,712,359,366,30,0.14,70.4,0.6,131,2026-10-02 12:45:00,PT5M,84.106,100.0,100.0,66.2997,50.2735
708,703,350,368,30,0.14,70.8,0.6,132,2026-10-02 12:50:00,PT5M,83.353,100.0,100.0,65.398,49.238
699,694,341,369,30,0.14,71.2,0.6,133,2026-10-02 12:55:00,PT5M,82.614,100.0,100.0,64.5164,48.228
690,685,333,370,30,0.14,71.5,0.6,134,2026-10-02 13:00:00,PT5M,81.872,100.0,100.0,63.6397,47.23
680,675,324,370,30,0.14,71.9,0.6,136,2026-10-02 13:05:00,PT5M,81.068,100.0,99.4511,62.6849,46.1395
670,665,316,370,29,0.14,72.3,0.6,137,2026-10-02 13:10:00,PT5M,80.231,100.0,98.7696,61.6924,45.007
660,655,308,370,29,0.14,72.7,0.6,138,2026-10-02 13:15:00,PT5M,79.355,100.0,98.0529,60.6571,43.8285
649,645,300,369,29,0.14,73.0,0.6,139,2026-10-02 13:20:00,PT5M,78.445,100.0,97.3042,59.5858,42.612
638,634,292,368,29,0.14,73.4,0.6,140,2026-10-02 13:25:00,PT5M,77.502,100.0,96.5241,58.4799,41.3595
627,623,284,367,29,0.14,73.8,0.6,141,2026-10-02 13:30:00,PT5M,76.528,100.0,95.714,57.342,40.074
615,611,274,366,29,0.14,74.2,0.6,142,2026-10-02 13:35:00,PT5M,75.343,100.0,94.7316,55.9544,38.504
600,597,261,366,29,0.14,74.6,0.6,143,2026-10-02 13:40:00,PT5M,73.941,100.0,93.5691,54.3129,36.647
586,583,249,365,29,0.14,75.0,0.6,144,2026-10-02 13:45:00,PT5M,72.502,100.0,92.3685,52.6355,34.755
572,569,237,363,29,0.14,75.4,0.6,145,2026-10-02 13:50:00,PT5M,71.024,100.0,91.1274,50.9206,32.827
557,554,226,362,29,0.14,75.8,0.6,146,2026-10-02 13:55:00,PT5M,69.508,100.0,89.8466,49.1694,30.864
542,540,214,359,29,0.14,76.2,0.7,147,2026-10-02 14:00:00,PT5M,67.937,100.0,88.5101,47.3639,28.8475
528,525,203,357,28,0.14,76.6,0.7,148,2026-10-02 14:05:00,PT5M,66.355,100.0,87.1607,45.5493,26.8235
513,511,192,353,28,0.14,77.0,0.7,149,2026-10-02 14:10:00,PT5M,64.751,100.0,85.7859,43.7161,24.784
498,496,181,350,28,0.14,77.4,0.7,150,2026-10-02 14:15:00,PT5M,63.073,100.0,84.3366,41.8094,22.6715
483,481,171,346,28,0.14,77.9,0.7,151,2026-10-02 14:20:00,PT5M,61.359,100.0,82.8484,39.8696,20.5285
468,467,160,341,28,0.14,78.3,0.7,152,2026-10-02 14:25:00,PT5M,59.613,100.0,81.3245,37.9015,18.3605
453,452,150,337,28,0.14,78.7,0.7,153,2026-10-02 14:30:00,PT5M,57.837,99.505,79.7672,35.9068,16.169
439,438,141,331,28,0.14,79.1,0.7,154,2026-10-02 14:35:00,PT5M,56.15,98.2025,78.2825,34.0175,14.0975
426,424,133,326,28,0.14,79.5,0.7,155,2026-10-02 14:40:00,PT5M,54.554,96.981,76.8836,32.2244,12.127
412,411,125,320,28,0.14,79.9,0.7,156,2026-10-02 14:45:00,PT5M,52.927,95.7225,75.4506,30.4034,10.1315
398,397,118,314,28,0.14,80.3,0.7,157,2026-10-02 14:50:00,PT5M,51.271,94.334,73.9354,28.6066,8.208
385,384,111,307,28,0.14,80.6,0.7,158,2026-10-02 14:55:00,PT5M,49.636,92.7575,72.3312,26.9408,6.5145
372,371,104,300,27,0.14,81.0,0.7,159,2026-10-02 15:00:00,PT5M,48.215,91.37,70.9278,25.5022,5.06
358,358,96,294,27,0.14,81.4,0.7,159,2026-10-02 15:05:00,PT5M,46.47,89.531,69.1333,23.8067,3.409
345,344,87,288,27,0.14,81.8,0.7,160,2026-10-02 15:10:00,PT5M,44.603,87.5475,67.205,22.001,1.6585
331,330,78,281,27,0.14,82.2,0.7,161,2026-10-02 15:15:00,PT5M,42.685,85.474,65.2052,20.1648,0.0
317,317,69,274,27,0.14,82.6,0.7,162,2026-10-02 15:20:00,PT5M,40.717,83.299,63.1282,18.3058,0.0
303,303,61,267,27,0.14,83.0,0.7,163,2026-10-02 15:25:00,PT5M,38.705,81.029,60.9804,16.4296,0.0
290,290,52,259,27,0.14,83.5,0.7,164,2026-10-02 15:30:00,PT5M,36.651,78.658,58.7596,14.5424,0.0
276,276,44,252,27,0.14,83.9,0.7,164,2026-10-02 15:35:00,PT5M,34.62,76.2265,56.5178,12.7222,0.0
263,263,36,244,27,0.14,84.4,0.7,165,2026-10-02 15:40:00,PT5M,32.648,73.728,54.2687,11.0273,0.0
250,250,28,236,27,0.14,84.9,0.7,166,2026-10-02 15:45:00,PT5M,30.976,71.428,52.2662,9.6858,0.0
237,237,20,227,26,0.14,85.4,0.7,167,2026-10-02 15:50:00,PT5M,28.923,68.6505,49.8319,8.0141,0.0
224,225,12,219,26,0.14,85.9,0.8,168,2026-10-02 15:55:00,PT5M,26.838,65.752,47.3187,6.3573,0.0
211,212,4,210,26,0.14,86.4,0.8,168,2026-10-02 16:00:00,PT5M,24.72,62.7415,44.731,4.709,0.0
199,199,0,199,26,0.14,86.9,0.8,169,2026-10-02 16:05:00,PT5M,22.984,60.119,42.5284,3.4396,0.0
187,187,0,187,26,0.14,87.4,0.8,170,2026-10-02 16:10:00,PT5M,21.572,57.8395,40.6598,2.4842,0.0
175,175,0,175,26,0.14,88.0,0.8,170,2026-10-02 16:15:00,PT5M,20.463,54.8315,38.5514,2.3746,0.0
163,163,0,163,26,0.14,88.5,0.8,171,2026-10-02 16:20:00,PT5M,19.306,51.3485,36.1702,2.4418,0.0
151,152,0,152,26,0.14,89.0,0.8,172,2026-10-02 16:25:00,PT5M,18.065,47.858,33.7453,2.3847,0.0
140,140,0,140,26,0.14,89.5,0.8,173,2026-10-02 16:30:00,PT5M,16.786,44.347,31.2916,2.2804,0.0
129,129,0,129,26,0.14,90.0,0.8,173,2026-10-02 16:35:00,PT5M,15.519,40.8535,28.8527,2.1853,0.0
118,118,0,118,26,0.14,90.5,0.8,173,2026-10-02 16:40:00,PT5M,14.244,37.349,26.4043,2.0837,0.0
107,108,0,108,25,0.14,90.9,0.8,173,2026-10-02 16:45:00,PT5M,12.956,33.8495,23.9524,1.9596,0.0
97,97,0,97,25,0.14,91.4,0.8,173,2026-10-02 16:50:00,PT5M,11.674,30.3905,21.5246,1.8234,0.0
87,87,0,87,25,0.14,91.8,0.8,173,2026-10-02 16:55:00,PT5M,10.398,27.003,19.1373,1.6587,0.0
76,76,0,76,25,0.14,92.3,0.9,173,2026-10-02 17:00:00,PT5M,9.119,23.7125,16.7997,1.4383,0.0
66,66,0,66,25,0.14,92.7,0.9,173,2026-10-02 17:05:00,PT5M,7.849,20.514,14.5147,1.1833,0.0
57,57,0,57,25,0.14,93.2,0.9,173,2026-10-02 17:10:00,PT5M,6.578,17.35,12.2474,0.9086,0.0
47,48,0,48,25,0.14,93.7,0.9,173,2026-10-02 17:15:00,PT5M,5.458,14.3795,10.1534,0.7626,0.0
39,39,0,39,25,0.14,94.1,0.9,174,2026-10-02 17:20:00,PT5M,4.413,11.5375,8.1627,0.6633,0.0
31,31,0,31,25,0.14,94.6,0.9,174,2026-10-02 17:25:00,PT5M,3.364,8.794,6.2218,0.5062,0.0
24,24,0,24,25,0.14,95.1,0.9,174,2026-10-02 17:30:00,PT5M,2.446,6.3025,4.4757,0.4163,0.0
18,18,0,18,25,0.14,95.3,0.9,174,2026-10-02 17:35:00,PT5M,1.664,4.1885,2.9927,0.3353,0.0
12,12,0,12,25,0.14,95.4,0.9,175,2026-10-02 17:40:00,PT5M,0.939,2.337,1.6748,0.2032,0.0
7,7,0,7,25,0.14,95.4,0.9,176,2026-10-02 17:45:00,PT5M,0.271,0.909,0.6068,0.0,0.0
3,3,0,3,25,0.14,95.5,0.9,177,2026-10-02 17:50:00,PT5M,0.0,0.0315,0.0166,0.0,0.0
0,0,0,0,25,0.14,95.5,0.9,178,2026-10-02 17:55:00,PT5M,0.0,0.0,0.0,0.0,0.0
0,0,0,0,25,0.14,95.6,0.9,179,2026-10-02 18:00:00,PT5M,0.0,0.0,0.0,0.0,0.0
0,0,0,0,24,0.14,95.6,0.8,181,2026-10-02 18:05:00,PT5M,0.0,0.0,0.0,0.0,0.0
0,0,0,0,24,0.14,95.7,0.8,182,2026-10-02 18:10:00,PT5M,0.0,0.0,0.0,0.0,0.0
0,0,0,0,24,0.14,95.7,0.8,183,2026-10-02 18:15:00,PT5M,0.0,0.0,0.0,0.0,0.0
0,0,0,0,24,0.14,95.8,0.8,184,2026-10-02 18:20:00,PT5M,0.0,0.0,0.0,0.0,0.0
0,0,0,0,24,0.14,95.8,0.8,185,2026-10-02 18:25:00,PT5M,0.0,0.0,0.0,0.0,0.0
0,0,0,0,24,0.14,95.9,0.8,187,2026-10-02 18:30:00,PT5M,0.0,0.0,0.0,0.0,0.0
0,0,0,0,24,0.14,95.9,0.8,187,2026-10-02 18:35:00,PT5M,0.0,0.0,0.0,0.0,0.0
0,0,0,0,24,0.14,96.0,0.8,188,2026-10-02 18:40:00,PT5M,0.0,0.0,0.0,0.0,0.0
0,0,0,0,24,0.14,96.0,0.8,189,2026-10-02 18:45:00,PT5M,0.0,0.0,0.0,0.0,0.0
0,0,0,0,24,0.14,96.1,0.8,190,2026-10-02 18:50:00,PT5M,0.0,0.0,0.0,0.0,0.0
0,0,0,0,24,0.14,96.1,0.8,190,2026-10-02 18:55:00,PT5M,0.0,0.0,0.0,0.0,0.0
0,0,0,0,24,0.14,96.1,0.8,191,2026-10-02 19:00:00,PT5M,0.0,0.0,0.0,0.0,0.0
0,0,0,0,24,0.14,96.2,0.8,192,2026-10-02 19:05:00,PT5M,0.0,0.0,0.0,0.0,0.0
0,0,0,0,24,0.14,96.2,0.8,192,2026-10-02 19:10:00,PT5M,0.0,0.0,0.0,0.0,0.0
0,0,0,0,24,0.14,96.3,0.7,193,2026-10-02 19:15:00,PT5M,0.0,0.0,0.0,0.0,0.0
0,0,0,0,24,0.14,96.3,0.7,194,2026-10-02 19:20:00,PT5M,0.0,0.0,0.0,0.0,0.0
0,0,0,0,24,0.14,96.4,0.7,195,2026-10-02 19:25:00,PT5M,0.0,0.0,0.0,0.0,0.0
0,0,0,0,24,0.14,96.4,0.7,196,2026-10-02 19:30:00,PT5M,0.0,0.0,0.0,0.0,0.0
0,0,0,0,24,0.14,96.5,0.7,196,2026-10-02 19:35:00,PT5M,0.0,0.0,0.0,0.0,0.0
0,0,0,0,24,0.14,96.5,0.7,197,2026-10-02 19:40:00,PT5M,0.0,0.0,0.0,0.0,0.0
0,0,0,0,24,0.14,96.5,0.7,198,2026-10-02 19:45:00,PT5M,0.0,0.0,0.0,0.0,0.0
0,0,0,0,24,0.14,96.5,0.7,199,2026-10-02 19:50:00,PT5M,0.0,0.0,0.0,0.0,0.0
0,0,0,0,24,0.14,96.5,0.7,200,2026-10-02 19:55:00,PT5M,0.0,0.0,0.0,0.0,0.0
0,0,0,0,24,0.14,96.5,0.7,201,2026-10-02 20:00:00,PT5M,0.0,0.0,0.0,0.0,0.0
0,0,0,0,24,0.14,96.5,0.7,201,2026-10-02 20:05:00,PT5M,0.0,0.0,0.0,0.0,0.0
0,0,0,0,24,0.14,96.5,0.7,202,2026-10-02 20:10:00,PT5M,0.0,0.0,0.0,0.0,0.0
0,0,0,0,24,0.14,96.5,0.7,203,2026-10-02 20:15:00,PT5M,0.0,0.0,0.0,0.0,0.0
0,0,0,0,24,0.14,96.5,0.7,204,2026-10-02 20:20:00,PT5M,0.0,0.0,0.0,0.0,0.0
0,0,0,0,24,0.14,96.5,0.7,205,2026-10-02 20:25:00,PT5M,0.0,0.0,0.0,0.0,0.0
0,0,0,0,24,0.14,96.5,0.7,206,2026-10-02 20:30:00,PT5M,0.0,0.0,0.0,0.0,0.0
0,0,0,0,24,0.14,96.5,0.7,207,2026-10-02 20:35:00,PT5M,0.0,0.0,0.0,0.0,0.0
0,0,0,0,24,0.14,96.6,0.7,209,2026-10-02 20:40:00,PT5M,0.0,0.0,0.0,0.0,0.0
0,0,0,0,24,0.14,96.7,0.7,211,2026-10-02 20:45:00,PT5M,0.0,0.0,0.0,0.0,0.0
0,0,0,0,24,0.14,96.8,0.7,212,2026-10-02 20:50:00,PT5M,0.0,0.0,0.0,0.0,0.0
0,0,0,0,24,0.14,96.9,0.7,214,2026-10-02 20:55:00,PT5M,0.0,0.0,0.0,0.0,0.0
0,0,0,0,24,0.14,97.0,0.7,215,2026-10-02 21:00:00,PT5M,0.0,0.0,0.0,0.0,0.0
0,0,0,0,24,0.14,97.1,0.7,217,2026-10-02 21:05:00,PT5M,0.0,0.0,0.0,0.0,0.0
0,0,0,0,24,0.14,97.2,0.7,218,2026-10-02 21:10:00,PT5M,0.0,0.0,0.0,0.0,0.0
0,0,0,0,24,0.14,97.3,0.7,220,2026-10-02 21:15:00,PT5M,0.0,0.0,0.0,0.0,0.0
0,0,0,0,24,0.14,97.4,0.7,221,2026-10-02 21:20:00,PT5M,0.0,0.0,0.0,0.0,0.0
0,0,0,0,24,0.14,97.5,0.7,223,2026-10-02 21:25:00,PT5M,0.0,0.0,0.0,0.0,0.0
0,0,0,0,24,0.14,97.6,0.7,224,2026-10-02 21:30:00,PT5M,0.0,0.0,0.0,0.0,0.0
0,0,0,0,24,0.14,97.6,0.7,225,2026-10-02 21:35:00,PT5M,0.0,0.0,0.0,0.0,0.0
0,0,0,0,24,0.14,97.6,0.7,226,2026-10-02 21:40:00,PT5M,0.0,0.0,0.0,0.0,0.0
0,0,0,0,24,0.14,97.6,0.7,227,2026-10-02 21:45:00,PT5M,0.0,0.0,0.0,0.0,0.0
0,0,0,0,24,0.14,97.6,0.7,228,2026-10-02 21:50:00,PT5M,0.0,0.0,0.0,0.0,0.0
0,0,0,0,24,0.14,97.6,0.7,229,2026-10-02 21:55:00,PT5M,0.0,0.0,0.0,0.0,0.0
0,0,0,0,24,0.14,97.6,0.7,230,2026-10-02 22:00:00,PT5M,0.0,0.0,0.0,0.0,0.0
0,0,0,0,24,0.14,97.6,0.7,231,2026-10-02 22:05:00,PT5M,0.0,0.0,0.0,0.0,0.0
0,0,0,0,24,0.14,97.6,0.7,232,2026-10-02 22:10:00,PT5M,0.0,0.0,0.0,0.0,0.0
0,0,0,0,24,0.14,97.6,0.7,233,2026-10-02 22:15:00,PT5M,0.0,0.0,0.0,0.0,0.0
0,0,0,0,24,0.14,97.6,0.7,234,2026-10-02 22:20:00,PT5M,0.0,0.0,0.0,0.0,0.0
0,0,0,0,24,0.14,97.6,0.7,235,2026-10-02 22:25:00,PT5M,0.0,0.0,0.0,0.0,0.0
0,0,0,0,24,0.14,97.6,0.7,236,2026-10-02 22:30:00,PT5M,0.0,0.0,0.0,0.0,0.0
0,0,0,0,24,0.14,97.6,0.7,237,2026-10-02 22:35:00,PT5M,0.0,0.0,0.0,0.0,0.0
0,0,0,0,24,0.14,97.6,0.7,238,2026-10-02 22:40:00,PT5M,0.0,0.0,0.0,0.0,0.0
0,0,0,0,24,0.14,97.6,0.7,239,2026-10-02 22:45:00,PT5M,0.0,0.0,0.0,0.0,0.0
0,0,0,0,24,0.14,97.6,0.7,239,2026-10-02 22:50:00,PT5M,0.0,0.0,0.0,0.0,0.0
0,0,0,0,24,0.14,97.6,0.7,240,2026-10-02 22:55:00,PT5M,0.0,0.0,0.0,0.0,0.0
0,0,0,0,24,0.14,97.6,0.7,241,2026-10-02 23:00:00,PT5M,0.0,0.0,0.0,0.0,0.0
0,0,0,0,24,0.14,97.6,0.7,242,2026-10-02 23:05:00,PT5M,0.0,0.0,0.0,0.0,0.0
0,0,0,0,24,0.14,97.6,0.7,243,2026-10-02 23:10:00,PT5M,0.0,0.0,0.0,0.0,0.0
0,0,0,0,24,0.14,97.6,0.7,244,2026-10-02 23:15:00,PT5M,0.0,0.0,0.0,0.0,0.0
0,0,0,0,24,0.14,97.6,0.8,245,2026-10-02 23:20:00,PT5M,0.0,0.0,0.0,0.0,0.0
0,0,0,0,24,0.14,97.6,0.8,246,2026-10-02 23:25:00,PT5M,0.0,0.0,0.0,0.0,0.0
0,0,0,0,24,0.14,97.6,0.8,246,2026-10-02 23:30:00,PT5M,0.0,0.0,0.0,0.0,0.0
0,0,0,0,24,0.14,97.6,0.8,247,2026-10-02 23:35:00,PT5M,0.0,0.0,0.0,0.0,0.0
0,0,0,0,24,0.14,97.7,0.8,248,2026-10-02 23:40:00,PT5M,0.0,0.0,0.0,0.0,0.0
0,0,0,0,24,0.14,97.7,0.8,248,2026-10-02 23:45:00,PT5M,0.0,0.0,0.0,0.0,0.0
0,0,0,0,24,0.14,97.8,0.8,249,2026-10-02 23:50:00,PT5M,0.0,0.0,0.0,0.0,0.0
0,0,0,0,24,0.14,97.8,0.7,249,2026-10-02 23:55:00,PT5M,0.0,0.0,0.0,0.0,0.0
0,0,0,0,24,0.14,97.9,0.7,250,2026-10-03 00:00:00,PT5M,0.0,0.0,0.0,0.0,0.0
0,0,0,0,24,0.14,97.9,0.7,251,2026-10-03 00:05:00,PT5M,0.0,0.0,0.0,0.0,0.0
0,0,0,0,24,0.14,98.0,0.7,251,2026-10-03 00:10:00,PT5M,0.0,0.0,0.0,0.0,0.0
0,0,0,0,24,0.14,98.0,0.7,252,2026-10-03 00:15:00,PT5M,0.0,0.0,0.0,0.0,0.0
0,0,0,0,24,0.14,98.1,0.7,252,2026-10-03 00:20:00,PT5M,0.0,0.0,0.0,0.0,0.0
0,0,0,0,24,0.14,98.1,0.7,253,2026-10-03 00:25:00,PT5M,0.0,0.0,0.0,0.0,0.0
0,0,0,0,24,0.14,98.2,0.7,254,2026-10-03 00:30:00,PT5M,0.0,0.0,0.0,0.0,0.0
0,0,0,0,24,0.14,98.2,0.7,254,2026-10-03 00:35:00,PT5M,0.0,0.0,0.0,0.0,0.0
0,0,0,0,24,0.14,98.3,0.7,255,2026-10-03 00:40:00,PT5M,0.0,0.0,0.0,0.0,0.0
0,0,0,0,24,0.14,98.3,0.7,256,2026-10-03 00:45:00,PT5M,0.0,0.0,0.0,0.0,0.0
0,0,0,0,24,0.14,98.4,0.7,257,2026-10-03 00:50:00,PT5M,0.0,0.0,0.0,0.0,0.0
0,0,0,0,24,0.14,98.4,0.8,258,2026-10-03 00:55:00,PT5M,0.0,0.0,0.0,0.0,0.0
0,0,0,0,24,0.14,98.5,0.8,258,2026-10-03 01:00:00,PT5M,0.0,0.0,0.0,0.0,0.0
0,0,0,0,24,0.14,98.5,0.8,259,2026-10-03 01:05:00,PT5M,0.0,0.0,0.0,0.0,0.0
0,0,0,0,24,0.14,98.6,0.8,260,2026-10-03 01:10:00,PT5M,0.0,0.0,0.0,0.0,0.0
0,0,0,0,24,0.14,98.6,0.8,260,2026-10-03 01:15:00,PT5M,0.0,0.0,0.0,0.0,0.0
0,0,0,0,24,0.14,98.7,0.8,261,2026-10-03 01:20:00,PT5M,0.0,0.0,0.0,0.0,0.0
0,0,0,0,24,0.14,98.7,0.8,262,2026-10-03 01:25:00,PT5M,0.0,0.0,0.0,0.0,0.0
0,0,0,0,24,0.14,98.8,0.8,263,2026-10-03 01:30:00,PT5M,0.0,0.0,0.0,0.0,0.0
0,0,0,0,24,0.14,98.8,0.8,263,2026-10-03 01:35:00,PT5M,0.0,0.0,0.0,0.0,0.0
0,0,0,0,24,0.14,98.7,0.8,263,2026-10-03 01:40:00,PT5M,0.0,0.0,0.0,0.0,0.0
0,0,0,0,24,0.14,98.7,0.8,263,2026-10-03 01:45:00,PT5M,0.0,0.0,0.0,0.0,0.0
0,0,0,0,24,0.14,98.6,0.8,263,2026-10-03 01:50:00,PT5M,0.0,0.0,0.0,0.0,0.0
0,0,0,0,24,0.14,98.6,0.8,263,2026-10-03 01:55:00,PT5M,0.0,0.0,0.0,0.0,0.0
0,0,0,0,24,0.14,98.5,0.8,263,2026-10-03 02:00:00,PT5M,0.0,0.0,0.0,0.0,0.0
0,0,0,0,23,0.14,98.5,0.8,263,2026-10-03 02:05:00,PT5M,0.0,0.0,0.0,0.0,0.0
0,0,0,0,23,0.14,98.4,0.8,263,2026-10-03 02:10:00,PT5M,0.0,0.0,0.0,0.0,0.0
0,0,0,0,23,0.14,98.4,0.8,263,2026-10-03 02:15:00,PT5M,0.0,0.0,0.0,0.0,0.0
0,0,0,0,23,0.14,98.3,0.8,263,2026-10-03 02:20:00,PT5M,0.0,0.0,0.0,0.0,0.0
0,0,0,0,23,0.14,98.3,0.8,263,2026-10-03 02:25:00,PT5M,0.0,0.0,0.0,0.0,0.0
0,0,0,0,23,0.14,98.2,0.8,263,2026-10-03 02:30:00,PT5M,0.0,0.0,0.0,0.0,0.0
0,0,0,0,23,0.14,98.2,0.8,263,2026-10-03 02:35:00,PT5M,0.0,0.0,0.0,0.0,0.0
0,0,0,0,23,0.14,98.3,0.8,264,2026-10-03 02:40:00,PT5M,0.0,0.0,0.0,0.0,0.0
0,0,0,0,23,0.14,98.3,0.8,264,2026-10-03 02:45:00,PT5M,0.0,0.0,0.0,0.0,0.0
0,0,0,0,23,0.14,98.4,0.8,265,2026-10-03 02:50:00,PT5M,0.0,0.0,0.0,0.0,0.0
0,0,0,0,23,0.14,98.4,0.8,266,2026-10-03 02:55:00,PT5M,0.0,0.0,0.0,0.0,0.0
0,0,0,0,23,0.14,98.5,0.8,266,2026-10-03 03:00:00,PT5M,0.0,0.0,0.0,0.0,0.0
0,0,0,0,23,0.14,98.5,0.8,267,2026-10-03 03:05:00,PT5M,0.0,0.0,0.0,0.0,0.0
0,0,0,0,23,0.14,98.6,0.8,267,2026-10-03 03:10:00,PT5M,0.0,0.0,0.0,0.0,0.0
0,0,0,0,23,0.14,98.6,0.8,268,2026-10-03 03:15:00,PT5M,0.0,0.0,0.0,0.0,0.0
0,0,0,0,23,0.14,98.7,0.8,269,2026-10-03 03:20:00,PT5M,0.0,0.0,0.0,0.0,0.0
0,0,0,0,23,0.14,98.7,0.8,269,2026-10-03 03:25:00,PT5M,0.0,0.0,0.0,0.0,0.0
0,0,0,0,23,0.14,98.8,0.8,270,2026-10-03 03:30:00,PT5M,0.0,0.0,0.0,0.0,0.0
0,0,0,0,23,0.14,98.8,0.8,270,2026-10-03 03:35:00,PT5M,0.0,0.0,0.0,0.0,0.0
0,0,0,0,23,0.14,98.8,0.8,270,2026-10-03 03:40:00,PT5M,0.0,0.0,0.0,0.0,0.0
0,0,0,0,23,0.14,98.8,0.8,270,2026-10-03 03:45:00,PT5M,0.0,0.0,0.0,0.0,0.0
0,0,0,0,23,0.14,98.8,0.8,270,2026-10-03 03:50:00,PT5M,0.0,0.0,0.0,0.0,0.0
0,0,0,0,23,0.14,98.8,0.8,270,2026-10-03 03:55:00,PT5M,0.0,0.0,0.0,0.0,0.0
0,0,0,0,23,0.14,98.8,0.8,270,2026-10-03 04:00:00,PT5M,0.0,0.0,0.0,0.0,0.0
0,0,0,0,23,0.14,98.8,0.9,270,2026-10-03 04:05:00,PT5M,0.0,0.0,0.0,0.0,0.0
0,0,0,0,23,0.14,98.8,0.9,270,2026-10-03 04:10:00,PT5M,0.0,0.0,0.0,0.0,0.0
0,0,0,0,23,0.14,98.8,0.9,270,2026-10-03 04:15:00,PT5M,0.0,0.0,0.0,0.0,0.0
0,0,0,0,23,0.14,98.8,0.9,270,2026-10-03 04:20:00,PT5M,0.0,0.0,0.0,0.0,0.0
0,0,0,0,23,0.14,98.8,0.9,270,2026-10-03 04:25:00,PT5M,0.0,0.0,0.0,0.0,0.0
0,0,0,0,23,0.14,98.8,0.9,270,2026-10-03 04:30:00,PT5M,0.0,0.0,0.0,0.0,0.0
0,0,0,0,23,0.14,98.8,0.9,270,2026-10-03 04:35:00,PT5M,0.0,0.0,0.0,0.0,0.0
0,0,0,0,23,0.14,98.8,0.9,271,2026-10-03 04:40:00,PT5M,0.0,0.0,0.0,0.0,0.0
0,0,0,0,23,0.14,98.8,0.9,271,2026-10-03 04:45:00,PT5M,0.0,0.0,0.0,0.0,0.0
0,0,0,0,23,0.14,98.8,0.9,272,2026-10-03 04:50:00,PT5M,0.0,0.0,0.0,0.0,0.0
0,0,0,0,23,0.14,98.8,0.9,272,2026-10-03 04:55:00,PT5M,0.0,0.0,0.0,0.0,0.0
0,0,0,0,23,0.14,98.8,0.9,273,2026-10-03 05:00:00,PT5M,0.0,0.0,0.0,0.0,0.0
0,0,0,0,23,0.14,98.8,0.9,273,2026-10-03 05:05:00,PT5M,0.0,0.0,0.0,0.0,0.0
0,0,0,0,23,0.14,98.8,0.9,274,2026-10-03 05:10:00,PT5M,0.0,0.0,0.0,0.0,0.0
0,0,0,0,23,0.14,98.8,0.9,275,2026-10-03 05:15:00,PT5M,0.0,0.0,0.0,0.0,0.0
0,0,0,0,23,0.14,98.8,0.9,275,2026-10-03 05:20:00,PT5M,0.0,0.0,0.0,0.0,0.0
0,0,0,0,23,0.14,98.8,0.9,276,2026-10-03 05:25:00,PT5M,0.0,0.0,0.0,0.0,0.0
0,0,0,0,23,0.14,98.8,0.9,276,2026-10-03 05:30:00,PT5M,0.0,0.0,0.0,0.0,0.0
0,0,0,0,23,0.14,98.4,0.9,276,2026-10-03 05:35:00,PT5M,0.0,0.0,0.0,0.0,0.0
0,0,0,0,23,0.14,97.8,0.9,277,2026-10-03 05:40:00,PT5M,0.0,0.0,0.0,0.0,0.0
0,0,0,0,23,0.14,97.1,0.8,277,2026-10-03 05:45:00,PT5M,0.0,0.0,0.0,0.0,0.0
0,0,0,0,23,0.14,96.4,0.8,277,2026-10-03 05:50:00,PT5M,0.0,0.0,0.0,0.0,0.0
0,0,0,0,23,0.14,95.7,0.8,277,2026-10-03 05:55:00,PT5M,0.0,0.0,0.0,0.0,0.0
3,3,0,3,24,0.14,95.0,0.8,277,2026-10-03 06:00:00,PT5M,0.0,0.0,0.0,0.0,0.0
9,9,0,9,24,0.14,94.4,0.7,278,2026-10-03 06:05:00,PT5M,0.537,1.012,0.787,0.287,0.062
16,16,0,16,24,0.14,93.7,0.7,278,2026-10-03 06:10:00,PT5M,1.535,2.7135,2.1553,0.9147,0.3565
25,25,0,25,24,0.14,93.1,0.7,278,2026-10-03 06:15:00,PT5M,2.634,4.707,3.725,1.543,0.561
34,34,0,34,24,0.14,92.4,0.7,279,2026-10-03 06:20:00,PT5M,3.828,7.0405,5.5188,2.1372,0.6155
45,45,0,45,24,0.14,91.8,0.6,279,2026-10-03 06:25:00,PT5M,5.178,9.735,7.5764,2.7796,0.621
57,57,0,57,24,0.14,91.1,0.6,279,2026-10-03 06:30:00,PT5M,6.78,12.89,9.9957,3.5643,0.67
70,70,23,66,24,0.14,90.5,0.6,280,2026-10-03 06:35:00,PT5M,9.051,16.85,13.1557,4.9463,1.252
84,84,48,75,25,0.14,89.9,0.6,280,2026-10-03 06:40:00,PT5M,11.582,21.1375,16.6111,6.5529,2.0265
99,99,72,84,25,0.14,89.3,0.5,281,2026-10-03 06:45:00,PT5M,14.449,25.7875,20.4165,8.4815,3.1105
115,114,97,92,25,0.14,88.8,0.5,281,2026-10-03 06:50:00,PT5M,17.547,30.701,24.47,10.624,4.393
131,130,121,100,25,0.14,88.2,0.5,282,2026-10-03 06:55:00,PT5M,20.812,35.8515,28.7274,12.8966,5.7725
148,146,142,108,25,0.14,87.6,0.5,282,2026-10-03 07:00:00,PT5M,24.168,41.2,33.1321,15.2039,7.136
164,162,160,116,25,0.14,87.1,0.4,283,2026-10-03 07:05:00,PT5M,27.508,46.619,37.5663,17.4497,8.397
181,179,177,124,25,0.14,86.5,0.4,284,2026-10-03 07:10:00,PT5M,30.973,52.21,42.1502,19.7958,9.736
197,195,193,131,25,0.14,86.0,0.4,284,2026-10-03 07:15:00,PT5M,34.525,57.9135,46.8345,22.2155,11.1365
214,212,209,139,25,0.14,85.4,0.4,285,2026-10-03 07:20:00,PT5M,38.134,63.7335,51.6072,24.6608,12.5345
231,229,224,146,26,0.14,84.9,0.4,287,2026-10-03 07:25:00,PT5M,41.77,69.5465,56.389,27.151,13.9935
248,246,238,153,26,0.14,84.3,0.3,288,2026-10-03 07:30:00,PT5M,45.446,75.425,61.2242,29.6678,15.467
266,263,252,159,26,0.14,83.7,0.3,288,2026-10-03 07:35:00,PT5M,49.225,81.438,66.1789,32.2711,17.012
283,280,267,165,26,0.14,83.2,0.3,288,2026-10-03 07:40:00,PT5M,53.147,87.7145,71.3401,34.9539,18.5795
301,298,282,171,26,0.14,82.6,0.3,287,2026-10-03 07:45:00,PT5M,55.761,91.0815,74.3504,37.1716,20.4405
319,316,297,177,26,0.14,82.0,0.3,286,2026-10-03 07:50:00,PT5M,58.294,94.312,77.2505,39.3375,22.276
337,334,311,182,26,0.14,81.5,0.2,286,2026-10-03 07:55:00,PT5M,60.74,97.397,80.0328,41.4472,24.083
355,351,325,187,26,0.14,80.9,0.2,285,2026-10-03 08:00:00,PT5M,63.09,100.0,82.6857,43.4943,25.8575
373,369,338,192,27,0.14,80.4,0.2,283,2026-10-03 08:05:00,PT5M,65.305,100.0,85.1589,45.4511,27.582
391,387,351,196,27,0.14,79.8,0.2,282,2026-10-03 08:10:00,PT5M,67.375,100.0,87.4373,47.3127,29.256
409,404,363,201,27,0.14,79.3,0.2,280,2026-10-03 08:15:00,PT5M,69.325,100.0,89.5497,49.1003,30.8975
427,422,376,205,27,0.14,78.7,0.1,278,2026-10-03 08:20:00,PT5M,71.115,100.0,91.447,50.783,32.4835
444,439,387,209,27,0.14,78.2,0.1,276,2026-10-03 08:25:00,PT5M,72.818,100.0,93.2127,52.4233,34.0675
462,457,399,212,27,0.14,77.6,0.1,272,2026-10-03 08:30:00,PT5M,74.44,100.0,94.8731,54.0069,35.6165
479,473,408,216,27,0.14,77.1,0.1,270,2026-10-03 08:35:00,PT5M,75.835,100.0,96.3057,55.3643,36.94
495,489,416,221,27,0.14,76.6,0.1,270,2026-10-03 08:40:00,PT5M,77.014,100.0,97.5242,56.5038,38.044
510,504,423,225,27,0.14,76.1,0.0,270,2026-10-03 08:45:00,PT5M,78.132,100.0,98.6717,57.5923,39.106
526,520,429,229,28,0.14,75.5,0.0,270,2026-10-03 08:50:00,PT5M,79.203,100.0,99.7616,58.6444,40.141
541,535,436,233,28,0.14,75.0,0.0,90,2026-10-03 08:55:00,PT5M,80.228,100.0,100.0,59.6591,41.1465
556,550,443,236,28,0.14,74.5,0.0,90,2026-10-03 09:00:00,PT5M,81.218,100.0,100.0,60.6215,42.084
571,565,450,239,28,0.14,74.0,0.1,90,2026-10-03 09:05:00,PT5M,82.281,100.0,100.0,61.6979,43.1725
587,580,458,242,28,0.14,73.5,0.1,90,2026-10-03 09:10:00,PT5M,83.302,100.0,100.0,62.8879,44.5145
601,595,466,245,28,0.14,73.0,0.1,90,2026-10-03 09:15:00,PT5M,84.283,100.0,100.0,64.0354,45.812
616,609,473,247,28,0.14,72.5,0.1,90,2026-10-03 09:20:00,PT5M,85.226,100.0,100.0,65.1429,47.0675
630,623,480,249,28,0.14,72.0,0.2,90,2026-10-03 09:25:00,PT5M,86.131,100.0,100.0,66.21,48.2805
645,637,487,252,28,0.14,71.5,0.2,90,2026-10-03 09:30:00,PT5M,87.002,100.0,100.0,67.2407,49.455
658,651,493,254,29,0.14,71.1,0.2,91,2026-10-03 09:35:00,PT5M,87.77,100.0,100.0,68.1656,50.521
670,663,498,256,29,0.14,70.6,0.2,93,2026-10-03 09:40:00,PT5M,88.439,100.0,100.0,68.9888,51.483
682,675,502,259,29,0.14,70.2,0.3,95,2026-10-03 09:45:00,PT5M,89.033,100.0,100.0,69.7315,52.3595
694,686,505,262,29,0.14,69.8,0.3,96,2026-10-03 09:50:00,PT5M,89.588,100.0,100.0,70.4312,53.1895
705,697,509,264,29,0.14,69.3,0.3,97,2026-10-03 09:55:00,PT5M,90.116,100.0,100.0,71.1,53.985
716,708,512,267,29,0.14,68.9,0.3,98,2026-10-03 10:00:00,PT5M,90.616,100.0,100.0,71.7355,54.7425
726,718,515,269,29,0.14,68.5,0.4,98,2026-10-03 10:05:00,PT5M,91.1,100.0,100.0,72.3516,55.4775
736,728,519,271,29,0.14,68.0,0.4,99,2026-10-03 10:10:00,PT5M,91.567,100.0,100.0,72.9478,56.19
746,738,522,272,30,0.14,67.6,0.4,100,2026-10-03 10:15:00,PT5M,92.006,100.0,100.0,73.5121,56.867
755,747,526,274,30,0.14,67.2,0.4,100,2026-10-03 10:20:00,PT5M,92.418,100.0,100.0,74.0457,57.51
764,756,529,275,30,0.14,66.8,0.5,101,2026-10-03 10:25:00,PT5M,92.805,100.0,100.0,74.5508,58.1215
772,764,532,276,30,0.14,66.4,0.5,101,2026-10-03 10:30:00,PT5M,93.171,100.0,100.0,75.0321,58.7065
780,772,535,278,30,0.14,66.0,0.5,101,2026-10-03 10:35:00,PT5M,93.467,100.0,100.0,75.4299,59.196
788,780,538,279,30,0.14,65.5,0.5,101,2026-10-03 10:40:00,PT5M,93.779,100.0,100.0,75.8296,59.6745
795,787,541,280,30,0.14,65.1,0.6,100,2026-10-03 10:45:00,PT5M,94.064,100.0,100.0,76.1967,60.1155
802,793,543,280,30,0.14,64.7,0.6,100,2026-10-03 10:50:00,PT5M,94.32,100.0,100.0,76.5279,60.5145
808,800,546,281,30,0.14,64.3,0.6,99,2026-10-03 10:55:00,PT5M,94.539,100.0,100.0,76.8053,60.8445
814,805,548,282,31,0.14,63.9,0.6,99,2026-10-03 11:00:00,PT5M,94.738,100.0,100.0,77.0614,61.152
820,811,550,282,31,0.14,63.5,0.7,99,2026-10-03 11:05:00,PT5M,94.919,100.0,100.0,77.3064,61.4545
824,815,552,283,31,0.14,63.1,0.7,98,2026-10-03 11:10:00,PT5M,95.07,100.0,100.0,77.5166,61.718
829,820,553,284,31,0.14,62.8,0.7,98,2026-10-03 11:15:00,PT5M,95.19,100.0,100.0,77.6824,61.925
832,823,554,284,31,0.14,62.4,0.7,98,2026-10-03 11:20:00,PT5M,95.286,100.0,100.0,77.8179,62.096
836,827,555,285,31,0.14,62.0,0.8,97,2026-10-03 11:25:00,PT5M,95.358,100.0,100.0,77.9235,62.232
839,829,556,285,31,0.14,61.6,0.8,97,2026-10-03 11:30:00,PT5M,95.408,100.0,100.0,78.0025,62.337
839,830,554,287,31,0.14,61.6,0.8,98,2026-10-03 11:35:00,PT5M,95.287,100.0,100.0,77.8639,62.1825
838,829,548,291,31,0.14,61.9,0.8,98,2026-10-03 11:40:00,PT5M,94.996,100.0,100.0,77.5076,61.7675
835,827,541,294,31,0.14,62.3,0.7,99,2026-10-03 11:45:00,PT5M,94.681,100.0,100.0,77.1218,61.318
833,824,535,297,31,0.14,62.7,0.7,100,2026-10-03 11:50:00,PT5M,94.391,100.0,100.0,76.7552,60.8825
830,821,529,300,31,0.14,63.0,0.7,101,2026-10-03 11:55:00,PT5M,94.022,100.0,100.0,76.3039,60.357
826,817,522,303,31,0.14,63.4,0.7,102,2026-10-03 12:00:00,PT5M,93.731,100.0,100.0,75.9252,59.8995
822,813,515,307,31,0.14,63.8,0.7,104,2026-10-03 12:05:00,PT5M,93.42,100.0,100.0,75.5206,59.4105
817,808,507,310,31,0.14,64.1,0.6,105,2026-10-03 12:10:00,PT5M,93.074,100.0,100.0,75.0751,58.8755
812,803,500,313,31,0.14,64.5,0.6,106,2026-10-03 12:15:00,PT5M,92.701,100.0,100.0,74.5979,58.3045
806,798,492,316,30,0.14,64.9,0.6,108,2026-10-03 12:20:00,PT5M,92.3,100.0,100.0,74.0882,57.697
800,792,484,319,30,0.14,65.3,0.6,109,2026-10-03 12:25:00,PT5M,91.872,100.0,100.0,73.5473,57.0545
793,785,477,321,30,0.14,65.6,0.5,111,2026-10-03 12:30:00,PT5M,91.416,100.0,100.0,72.975,56.3775
785,778,468,324,30,0.14,66.0,0.5,112,2026-10-03 12:35:00,PT5M,90.875,100.0,100.0,72.3245,55.6285
777,769,458,327,30,0.14,66.4,0.5,114,2026-10-03 12:40:00,PT5M,90.248,100.0,100.0,71.5941,54.805
768,760,448,330,30,0.14,66.9,0.5,116,2026-10-03 12:45:00,PT5M,89.579,100.0,100.0,70.8119,53.921
758,751,438,332,30,0.14,67.3,0.4,118,2026-10-03 12:50:00,PT5M,88.876,100.0,100.0,69.9903,52.9925
749,742,428,335,30,0.14,67.7,0.4,120,2026-10-03 12:55:00,PT5M,88.157,100.0,100.0,69.1584,52.059
739,732,418,337,30,0.14,68.1,0.4,122,2026-10-03 13:00:00,PT5M,87.423,100.0,100.0,68.3173,51.1215
728,722,409,338,30,0.14,68.6,0.3,125,2026-10-03 13:05:00,PT5M,86.642,100.0,100.0,67.4147,50.1095
718,711,399,339,30,0.14,69.0,0.3,129,2026-10-03 13:10:00,PT5M,85.833,100.0,100.0,66.4796,49.061
707,701,390,340,29,0.14,69.4,0.3,133,2026-10-03 13:15:00,PT5M,84.986,100.0,100.0,65.5032,47.968
696,690,381,340,29,0.14,69.9,0.3,137,2026-10-03 13:20:00,PT5M,84.103,100.0,100.0,64.4883,46.8345
684,679,372,340,29,0.14,70.3,0.2,143,2026-10-03 13:25:00,PT5M,83.187,100.0,100.0,63.4389,45.665
673,667,362,340,29,0.14,70.8,0.2,150,2026-10-03 13:30:00,PT5M,82.24,100.0,100.0,62.3572,44.462
660,654,352,341,29,0.14,71.2,0.2,158,2026-10-03 13:35:00,PT5M,81.074,100.0,100.0,61.0367,43.0025
646,640,339,341,29,0.14,71.7,0.2,167,2026-10-03 13:40:00,PT5M,79.815,100.0,100.0,59.6043,41.414
631,626,327,341,29,0.14,72.1,0.2,176,2026-10-03 13:45:00,PT5M,78.518,100.0,98.9027,58.1333,39.7865
617,612,315,341,29,0.14,72.6,0.2,184,2026-10-03 13:50:00,PT5M,77.182,100.0,97.7414,56.6226,38.1185
602,598,303,340,29,0.14,73.0,0.2,192,2026-10-03 13:55:00,PT5M,75.807,100.0,96.5414,55.0726,36.411
588,583,291,339,29,0.14,73.5,0.3,199,2026-10-03 14:00:00,PT5M,74.389,100.0,95.2997,53.4783,34.658
573,569,279,337,29,0.14,74.0,0.3,205,2026-10-03 14:05:00,PT5M,72.93,100.0,94.0175,51.8425,32.863
558,554,268,335,28,0.14,74.4,0.3,210,2026-10-03 14:10:00,PT5M,71.429,100.0,92.6934,50.1646,31.026
542,539,256,333,28,0.14,74.9,0.3,214,2026-10-03 14:15:00,PT5M,69.844,100.0,91.2865,48.4015,29.1025
527,524,244,330,28,0.14,75.4,0.4,218,2026-10-03 14:20:00,PT5M,68.22,100.0,89.8399,46.6001,27.1415
512,508,232,327,28,0.14,75.9,0.4,221,2026-10-03 14:25:00,PT5M,66.558,100.0,88.3542,44.7618,25.1445
496,493,220,324,28,0.14,76.3,0.4,224,2026-10-03 14:30:00,PT5M,64.857,100.0,86.8285,42.8855,23.1105
481,478,210,320,28,0.14,76.8,0.4,226,2026-10-03 14:35:00,PT5M,63.259,100.0,85.3994,41.1186,21.1915
467,465,202,315,28,0.14,77.3,0.5,227,2026-10-03 14:40:00,PT5M,61.741,100.0,84.0525,39.4295,19.3485
453,450,193,310,28,0.14,77.7,0.5,228,2026-10-03 14:45:00,PT5M,60.184,100.0,82.6394,37.7286,17.518
439,436,184,305,28,0.14,78.2,0.5,230,2026-10-03 14:50:00,PT5M,58.589,100.0,81.0521,36.1259,15.9085
425,423,177,300,28,0.14,78.6,0.5,231,2026-10-03 14:55:00,PT5M,57.027,99.643,79.4561,34.5979,14.411
411,409,169,294,28,0.14,79.1,0.6,232,2026-10-03 15:00:00,PT5M,55.446,98.024,77.8551,33.0369,12.868
396,395,160,288,28,0.14,79.6,0.6,233,2026-10-03 15:05:00,PT5M,53.75,96.229,76.107,31.393,11.271
382,380,150,283,27,0.14,80.0,0.6,233,2026-10-03 15:10:00,PT5M,51.932,94.2435,74.2008,29.6632,9.6205
367,366,141,277,27,0.14,80.5,0.6,234,2026-10-03 15:15:00,PT5M,50.05,92.1605,72.2131,27.8869,7.9395
353,351,131,271,27,0.14,81.0,0.7,235,2026-10-03 15:20:00,PT5M,48.108,89.9755,70.1432,26.0728,6.2405
338,337,121,265,27,0.14,81.5,0.7,235,2026-10-03 15:25:00,PT5M,46.107,87.673,67.9835,24.2305,4.541
323,322,111,258,27,0.14,81.9,0.7,236,2026-10-03 15:30:00,PT5M,44.28,85.487,65.9675,22.5925,3.073
309,308,102,251,27,0.14,82.5,0.7,237,2026-10-03 15:35:00,PT5M,42.229,82.99,63.6818,20.7762,1.468
295,294,92,244,27,0.14,83.0,0.8,237,2026-10-03 15:40:00,PT5M,40.204,80.396,61.3573,19.0507,0.012
280,280,83,236,27,0.14,83.6,0.8,238,2026-10-03 15:45:00,PT5M,38.115,77.639,58.9168,17.3132,0.0
266,266,74,228,27,0.14,84.2,0.8,238,2026-10-03 15:50:00,PT5M,35.965,74.727,56.3657,15.5643,0.0
252,252,64,220,27,0.14,84.8,0.8,238,2026-10-03 15:55:00,PT5M,33.756,71.671,53.7109,13.8011,0.0
238,238,55,212,27,0.14,85.4,0.9,239,2026-10-03 16:00:00,PT5M,31.493,68.4835,50.9614,12.0246,0.0
224,224,46,203,26,0.14,86.0,0.9,239,2026-10-03 16:05:00,PT5M,29.279,65.3395,48.2579,10.3001,0.0
210,211,38,194,26,0.14,86.5,0.9,240,2026-10-03 16:10:00,PT5M,27.124,62.2255,45.5982,8.6498,0.0
197,197,30,185,26,0.14,87.1,0.9,240,2026-10-03 16:15:00,PT5M,25.42,58.4435,42.8005,8.0395,0.0
184,184,22,175,26,0.14,87.8,1.0,240,2026-10-03 16:20:00,PT5M,23.356,54.0785,39.5255,7.1865,0.0
171,171,13,166,26,0.14,88.4,1.0,241,2026-10-03 16:25:00,PT5M,21.281,49.742,36.2602,6.3018,0.0
158,158,5,156,26,0.14,89.0,1.0,241,2026-10-03 16:30:00,PT5M,19.231,45.4555,33.0331,5.4289,0.0
145,145,0,145,26,0.14,89.6,1.0,241,2026-10-03 16:35:00,PT5M,17.469,41.466,30.0988,4.8392,0.0
133,133,0,133,26,0.14,90.2,1.1,242,2026-10-03 16:40:00,PT5M,16.009,37.781,27.4678,4.5502,0.0
120,121,0,121,26,0.14,90.7,1.1,242,2026-10-03 16:45:00,PT5M,14.539,34.116,24.8425,4.2355,0.0
109,109,0,109,26,0.14,91.3,1.1,243,2026-10-03 16:50:00,PT5M,13.079,30.508,22.252,3.906,0.0
97,97,0,97,26,0.14,91.9,1.2,243,2026-10-03 16:55:00,PT5M,11.621,26.982,19.7056,3.5364,0.0
85,85,0,85,25,0.14,92.5,1.2,243,2026-10-03 17:00:00,PT5M,10.173,23.5785,17.2284,3.1176,0.0
73,73,0,73,25,0.14,93.1,1.2,244,2026-10-03 17:05:00,PT5M,8.725,20.2635,14.7978,2.6522,0.0
62,62,0,62,25,0.14,93.7,1.3,244,2026-10-03 17:10:00,PT5M,7.304,17.027,12.4213,2.1867,0.0
52,52,0,52,25,0.14,94.3,1.3,244,2026-10-03 17:15:00,PT5M,6.052,14.0195,10.2454,1.8586,0.0
42,43,0,43,25,0.14,94.9,1.3,245,2026-10-03 17:20:00,PT5M,4.874,11.1275,8.1653,1.5827,0.0
34,34,0,34,25,0.14,95.5,1.4,245,2026-10-03 17:25:00,PT5M,3.704,8.4085,6.18,1.228,0.0
26,26,0,26,25,0.14,96.2,1.4,245,2026-10-03 17:30:00,PT5M,2.699,6.0815,4.4792,0.9188,0.0
19,19,0,19,25,0.14,96.5,1.4,245,2026-10-03 17:35:00,PT5M,1.835,4.052,3.0018,0.6682,0.0
13,13,0,13,25,0.14,96.5,1.4,246,2026-10-03 17:40:00,PT5M,1.036,2.276,1.6886,0.3834,0.0
7,7,0,7,25,0.14,96.5,1.4,246,2026-10-03 17:45:00,PT5M,0.302,0.8485,0.5896,0.0144,0.0
3,3,0,3,25,0.14,96.5,1.4,246,2026-10-03 17:50:00,PT5M,0.0,0.0,0.0,0.0,0.0
0,0,0,0,25,0.14,96.5,1.4,247,2026-10-03 17:55:00,PT5M,0.0,0.0,0.0,0.0,0.0
0,0,0,0,25,0.14,96.5,1.4,247,2026-10-03 18:00:00,PT5M,0.0,0.0,0.0,0.0,0.0
0,0,0,0,25,0.14,96.5,1.4,247,2026-10-03 18:05:00,PT5M,0.0,0.0,0.0,0.0,0.0
0,0,0,0,25,0.14,96.5,1.4,248,2026-10-03 18:10:00,PT5M,0.0,0.0,0.0,0.0,0.0
0,0,0,0,25,0.14,96.5,1.4,248,2026-10-03 18:15:00,PT5M,0.0,0.0,0.0,0.0,0.0
0,0,0,0,25,0.14,96.5,1.4,248,2026-10-03 18:20:00,PT5M,0.0,0.0,0.0,0.0,0.0
0,0,0,0,25,0.14,96.5,1.4,248,2026-10-03 18:25:00,PT5M,0.0,0.0,0.0,0.0,0.0
0,0,0,0,25,0.14,96.5,1.4,249,2026-10-03 18:30:00,PT5M,0.0,0.0,0.0,0.0,0.0
0,0,0,0,25,0.14,96.4,1.4,249,2026-10-03 18:35:00,PT5M,0.0,0.0,0.0,0.0,0.0
0,0,0,0,25,0.14,96.4,1.4,248,2026-10-03 18:40:00,PT5M,0.0,0.0,0.0,0.0,0.0
0,0,0,0,25,0.14,96.3,1.4,248,2026-10-03 18:45:00,PT5M,0.0,0.0,0.0,0.0,0.0
0,0,0,0,25,0.14,96.3,1.4,248,2026-10-03 18:50:00,PT5M,0.0,0.0,0.0,0.0,0.0
0,0,0,0,25,0.14,96.2,1.4,248,2026-10-03 18:55:00,PT5M,0.0,0.0,0.0,0.0,0.0
0,0,0,0,25,0.14,96.2,1.4,247,2026-10-03 19:00:00,PT5M,0.0,0.0,0.0,0.0,0.0
0,0,0,0,25,0.14,96.2,1.4,247,2026-10-03 19:05:00,PT5M,0.0,0.0,0.0,0.0,0.0
0,0,0,0,25,0.14,96.1,1.4,247,2026-10-03 19:10:00,PT5M,0.0,0.0,0.0,0.0,0.0
0,0,0,0,25,0.14,96.1,1.4,246,2026-10-03 19:15:00,PT5M,0.0,0.0,0.0,0.0,0.0
0,0,0,0,24,0.14,96.0,1.4,246,2026-10-03 19:20:00,PT5M,0.0,0.0,0.0,0.0,0.0
0,0,0,0,24,0.14,96.0,1.4,246,2026-10-03 19:25:00,PT5M,0.0,0.0,0.0,0.0,0.0
0,0,0,0,24,0.14,95.9,1.4,245,2026-10-03 19:30:00,PT5M,0.0,0.0,0.0,0.0,0.0
0,0,0,0,24,0.14,95.9,1.4,245,2026-10-03 19:35:00,PT5M,0.0,0.0,0.0,0.0,0.0
0,0,0,0,24,0.14,95.9,1.4,246,2026-10-03 19:40:00,PT5M,0.0,0.0,0.0,0.0,0.0
0,0,0,0,24,0.14,95.9,1.4,246,2026-10-03 19:45:00,PT5M,0.0,0.0,0.0,0.0,0.0
0,0,0,0,24,0.14,95.9,1.4,246,2026-10-03 19:50:00,PT5M,0.0,0.0,0.0,0.0,0.0
0,0,0,0,24,0.14,95.9,1.4,247,2026-10-03 19:55:00,PT5M,0.0,0.0,0.0,0.0,0.0
0,0,0,0,24,0.14,95.9,1.4,247,2026-10-03 20:00:00,PT5M,0.0,0.0,0.0,0.0,0.0
0,0,0,0,24,0.14,95.9,1.4,247,2026-10-03 20:05:00,PT5M,0.0,0.0,0.0,0.0,0.0
0,0,0,0,24,0.14,95.9,1.4,248,2026-10-03 20:10:00,PT5M,0.0,0.0,0.0,0.0,0.0
0,0,0,0,24,0.14,95.9,1.4,248,2026-10-03 20:15:00,PT5M,0.0,0.0,0.0,0.0,0.0
0,0,0,0,24,0.14,95.9,1.4,248,2026-10-03 20:20:00,PT5M,0.0,0.0,0.0,0.0,0.0
0,0,0,0,24,0.14,95.9,1.4,248,2026-10-03 20:25:00,PT5M,0.0,0.0,0.0,0.0,0.0
0,0,0,0,24,0.14,95.9,1.4,249,2026-10-03 20:30:00,PT5M,0.0,0.0,0.0,0.0,0.0
0,0,0,0,24,0.14,95.9,1.4,249,2026-10-03 20:35:00,PT5M,0.0,0.0,0.0,0.0,0.0
0,0,0,0,24,0.14,95.9,1.4,249,2026-10-03 20:40:00,PT5M,0.0,0.0,0.0,0.0,0.0
0,0,0,0,24,0.14,95.9,1.4,249,2026-10-03 20:45:00,PT5M,0.0,0.0,0.0,0.0,0.0
0,0,0,0,24,0.14,95.9,1.4,249,2026-10-03 20:50:00,PT5M,0.0,0.0,0.0,0.0,0.0
0,0,0,0,24,0.14,95.9,1.4,249,2026-10-03 20:55:00,PT5M,0.0,0.0,0.0,0.0,0.0
0,0,0,0,24,0.14,95.9,1.4,249,2026-10-03 21:00:00,PT5M,0.0,0.0,0.0,0.0,0.0
0,0,0,0,24,0.14,95.9,1.4,249,2026-10-03 21:05:00,PT5M,0.0,0.0,0.0,0.0,0.0
0,0,0,0,24,0.14,95.9,1.4,249,2026-10-03 21:10:00,PT5M,0.0,0.0,0.0,0.0,0.0
0,0,0,0,24,0.14,95.9,1.4,249,2026-10-03 21:15:00,PT5M,0.0,0.0,0.0,0.0,0.0
0,0,0,0,24,0.14,95.9,1.4,249,2026-10-03 21:20:00,PT5M,0.0,0.0,0.0,0.0,0.0
0,0,0,0,24,0.14,95.9,1.4,249,2026-10-03 21:25:00,PT5M,0.0,0.0,0.0,0.0,0.0
0,0,0,0,24,0.14,95.9,1.4,249,2026-10-03 21:30:00,PT5M,0.0,0.0,0.0,0.0,0.0
0,0,0,0,24,0.14,95.9,1.4,249,2026-10-03 21:35:00,PT5M,0.0,0.0,0.0,0.0,0.0
0,0,0,0,24,0.14,95.9,1.4,249,2026-10-03 21:40:00,PT5M,0.0,0.0,0.0,0.0,0.0
0,0,0,0,24,0.14,95.9,1.4,249,2026-10-03 21:45:00,PT5M,0.0,0.0,0.0,0.0,0.0
0,0,0,0,24,0.14,95.9,1.4,249,2026-10-03 21:50:00,PT5M,0.0,0.0,0.0,0.0,0.0
0,0,0,0,24,0.14,95.9,1.4,248,2026-10-03 21:55:00,PT5M,0.0,0.0,0.0,0.0,0.0
0,0,0,0,24,0.14,95.9,1.4,248,2026-10-03 22:00:00,PT5M,0.0,0.0,0.0,0.0,0.0
0,0,0,0,24,0.14,95.9,1.3,248,2026-10-03 22:05:00,PT5M,0.0,0.0,0.0,0.0,0.0
0,0,0,0,24,0.14,95.9,1.3,248,2026-10-03 22:10:00,PT5M,0.0,0.0,0.0,0.0,0.0
0,0,0,0,24,0.14,95.9,1.3,248,2026-10-03 22:15:00,PT5M,0.0,0.0,0.0,0.0,0.0
0,0,0,0,24,0.14,95.9,1.3,248,2026-10-03 22:20:00,PT5M,0.0,0.0,0.0,0.0,0.0
0,0,0,0,24,0.14,95.9,1.3,248,2026-10-03 22:25:00,PT5M,0.0,0.0,0.0,0.0,0.0
0,0,0,0,24,0.14,95.9,1.3,247,2026-10-03 22:30:00,PT5M,0.0,0.0,0.0,0.0,0.0
0,0,0,0,24,0.14,95.9,1.3,247,2026-10-03 22:35:00,PT5M,0.0,0.0,0.0,0.0,0.0
0,0,0,0,24,0.14,95.9,1.3,247,2026-10-03 22:40:00,PT5M,0.0,0.0,0.0,0.0,0.0
0,0,0,0,24,0.14,95.9,1.3,247,2026-10-03 22:45:00,PT5M,0.0,0.0,0.0,0.0,0.0
0,0,0,0,24,0.14,95.9,1.3,247,2026-10-03 22:50:00,PT5M,0.0,0.0,0.0,0.0,0.0
0,0,0,0,24,0.14,95.9,1.3,247,2026-10-03 22:55:00,PT5M,0.0,0.0,0.0,0.0,0.0
0,0,0,0,24,0.14,95.9,1.3,247,2026-10-03 23:00:00,PT5M,0.0,0.0,0.0,0.0,0.0
0,0,0,0,24,0.14,95.9,1.3,247,2026-10-03 23:05:00,PT5M,0.0,0.0,0.0,0.0,0.0
0,0,0,0,24,0.14,95.9,1.3,247,2026-10-03 23:10:00,PT5M,0.0,0.0,0.0,0.0,0.0
0,0,0,0,24,0.14,95.9,1.3,247,2026-10-03 23:15:00,PT5M,0.0,0.0,0.0,0.0,0.0
0,0,0,0,24,0.14,95.9,1.3,247,2026-10-03 23:20:00,PT5M,0.0,0.0,0.0,0.0,0.0
0,0,0,0,24,0.14,95.9,1.3,247,2026-10-03 23:25:00,PT5M,0.0,0.0,0.0,0.0,0.0
0,0,0,0,24,0.14,95.9,1.3,247,2026-10-03 23:30:00,PT5M,0.0,0.0,0.0,0.0,0.0
0,0,0,0,24,0.14,95.9,1.3,247,2026-10-03 23:35:00,PT5M,0.0,0.0,0.0,0.0,0.0
0,0,0,0,24,0.14,95.9,1.3,247,2026-10-03 23:40:00,PT5M,0.0,0.0,0.0,0.0,0.0
0,0,0,0,24,0.14,95.9,1.3,247,2026-10-03 23:45:00,PT5M,0.0,0.0,0.0,0.0,0.0
0,0,0,0,24,0.14,95.9,1.3,247,2026-10-03 23:50:00,PT5M,0.0,0.0,0.0,0.0,0.0
0,0,0,0,24,0.14,95.9,1.3,247,2026-10-03 23:55:00,PT5M,0.0,0.0,0.0,0.0,0.0
0,0,0,0,24,0.14,95.9,1.3,247,2026-10-04 00:00:00,PT5M,0.0,0.0,0.0,0.0,0.0
0,0,0,0,24,0.14,95.9,1.3,247,2026-10-04 00:05:00,PT5M,0.0,0.0,0.0,0.0,0.0
0,0,0,0,24,0.14,95.9,1.3,247,2026-10-04 00:10:00,PT5M,0.0,0.0,0.0,0.0,0.0
0,0,0,0,24,0.14,95.9,1.3,247,2026-10-04 00:15:00,PT5M,0.0,0.0,0.0,0.0,0.0
0,0,0,0,24,0.14,95.9,1.3,247,2026-10-04 00:20:00,PT5M,0.0,0.0,0.0,0.0,0.0
0,0,0,0,24,0.14,95.9,1.3,247,2026-10-04 00:25:00,PT5M,0.0,0.0,0.0,0.0,0.0
0,0,0,0,24,0.14,95.9,1.3,247,2026-10-04 00:30:00,PT5M,0.0,0.0,0.0,0.0,0.0
0,0,0,0,24,0.14,95.9,1.3,247,2026-10-04 00:35:00,PT5M,0.0,0.0,0.0,0.0,0.0
0,0,0,0,24,0.14,95.9,1.3,247,2026-10-04 00:40:00,PT5M,0.0,0.0,0.0,0.0,0.0
0,0,0,0,24,0.14,96.0,1.3,246,2026-10-04 00:45:00,PT5M,0.0,0.0,0.0,0.0,0.0
0,0,0,0,24,0.14,96.0,1.3,246,2026-10-04 00:50:00,PT5M,0.0,0.0,0.0,0.0,0.0
0,0,0,0,24,0.14,96.1,1.3,245,2026-10-04 00:55:00,PT5M,0.0,0.0,0.0,0.0,0.0
0,0,0,0,24,0.14,96.1,1.3,245,2026-10-04 01:00:00,PT5M,0.0,0.0,0.0,0.0,0.0
0,0,0,0,23,0.14,96.2,1.3,244,2026-10-04 01:05:00,PT5M,0.0,0.0,0.0,0.0,0.0
0,0,0,0,23,0.14,96.2,1.3,244,2026-10-04 01:10:00,PT5M,0.0,0.0,0.0,0.0,0.0
0,0,0,0,23,0.14,96.3,1.3,243,2026-10-04 01:15:00,PT5M,0.0,0.0,0.0,0.0,0.0
0,0,0,0,23,0.14,96.3,1.3,243,2026-10-04 01:20:00,PT5M,0.0,0.0,0.0,0.0,0.0
0,0,0,0,23,0.14,96.4,1.3,242,2026-10-04 01:25:00,PT5M,0.0,0.0,0.0,0.0,0.0
0,0,0,0,23,0.14,96.4,1.3,242,2026-10-04 01:30:00,PT5M,0.0,0.0,0.0,0.0,0.0
0,0,0,0,23,0.14,96.5,1.2,241,2026-10-04 01:35:00,PT5M,0.0,0.0,0.0,0.0,0.0
0,0,0,0,23,0.14,96.5,1.2,241,2026-10-04 01:40:00,PT5M,0.0,0.0,0.0,0.0,0.0
0,0,0,0,23,0.14,96.6,1.2,241,2026-10-04 01:45:00,PT5M,0.0,0.0,0.0,0.0,0.0
0,0,0,0,23,0.14,96.6,1.2,241,2026-10-04 01:50:00,PT5M,0.0,0.0,0.0,0.0,0.0
0,0,0,0,23,0.14,96.7,1.2,241,2026-10-04 01:55:00,PT5M,0.0,0.0,0.0,0.0,0.0
0,0,0,0,23,0.14,96.7,1.2,240,2026-10-04 02:00:00,PT5M,0.0,0.0,0.0,0.0,0.0
0,0,0,0,23,0.14,96.8,1.2,240,2026-10-04 02:05:00,PT5M,0.0,0.0,0.0,0.0,0.0
0,0,0,0,23,0.14,96.8,1.2,240,2026-10-04 02:10:00,PT5M,0.0,0.0,0.0,0.0,0.0
0,0,0,0,23,0.14,96.8,1.2,240,2026-10-04 02:15:00,PT5M,0.0,0.0,0.0,0.0,0.0
0,0,0,0,23,0.14,96.9,1.2,240,2026-10-04 02:20:00,PT5M,0.0,0.0,0.0,0.0,0.0
0,0,0,0,23,0.14,96.9,1.2,239,2026-10-04 02:25:00,PT5M,0.0,0.0,0.0,0.0,0.0
0,0,0,0,23,0.14,97.0,1.2,239,2026-10-04 02:30:00,PT5M,0.0,0.0,0.0,0.0,0.0
0,0,0,0,23,0.14,97.0,1.2,239,2026-10-04 02:35:00,PT5M,0.0,0.0,0.0,0.0,0.0
0,0,0,0,23,0.14,97.0,1.2,239,2026-10-04 02:40:00,PT5M,0.0,0.0,0.0,0.0,0.0
0,0,0,0,23,0.14,97.0,1.1,239,2026-10-04 02:45:00,PT5M,0.0,0.0,0.0,0.0,0.0
0,0,0,0,23,0.14,97.0,1.1,238,2026-10-04 02:50:00,PT5M,0.0,0.0,0.0,0.0,0.0
0,0,0,0,23,0.14,97.0,1.1,238,2026-10-04 02:55:00,PT5M,0.0,0.0,0.0,0.0,0.0
0,0,0,0,23,0.14,97.0,1.1,238,2026-10-04 03:00:00,PT5M,0.0,0.0,0.0,0.0,0.0
0,0,0,0,23,0.14,97.0,1.1,238,2026-10-04 03:05:00,PT5M,0.0,0.0,0.0,0.0,0.0
0,0,0,0,23,0.14,97.0,1.1,237,2026-10-04 03:10:00,PT5M,0.0,0.0,0.0,0.0,0.0
0,0,0,0,23,0.14,97.0,1.1,237,2026-10-04 03:15:00,PT5M,0.0,0.0,0.0,0.0,0.0
0,0,0,0,23,0.14,97.0,1.1,237,2026-10-04 03:20:00,PT5M,0.0,0.0,0.0,0.0,0.0
0,0,0,0,23,0.14,97.0,1.1,237,2026-10-04 03:25:00,PT5M,0.0,0.0,0.0,0.0,0.0
0,0,0,0,23,0.14,97.0,1.1,236,2026-10-04 03:30:00,PT5M,0.0,0.0,0.0,0.0,0.0
0,0,0,0,23,0.14,97.0,1.1,236,2026-10-04 03:35:00,PT5M,0.0,0.0,0.0,0.0,0.0
0,0,0,0,23,0.14,97.1,1.1,236,2026-10-04 03:40:00,PT5M,0.0,0.0,0.0,0.0,0.0
0,0,0,0,23,0.14,97.1,1.1,236,2026-10-04 03:45:00,PT5M,0.0,0.0,0.0,0.0,0.0
0,0,0,0,23,0.14,97.2,1.1,235,2026-10-04 03:50:00,PT5M,0.0,0.0,0.0,0.0,0.0
0,0,0,0,23,0.14,97.2,1.1,235,2026-10-04 03:55:00,PT5M,0.0,0.0,0.0,0.0,0.0
0,0,0,0,23,0.14,97.3,1.0,235,2026-10-04 04:00:00,PT5M,0.0,0.0,0.0,0.0,0.0
0,0,0,0,23,0.14,97.3,1.0,235,2026-10-04 04:05:00,PT5M,0.0,0.0,0.0,0.0,0.0
0,0,0,0,23,0.14,97.4,1.0,234,2026-10-04 04:10:00,PT5M,0.0,0.0,0.0,0.0,0.0
0,0,0,0,23,0.14,97.4,1.0,234,2026-10-04 04:15:00,PT5M,0.0,0.0,0.0,0.0,0.0
0,0,0,0,23,0.14,97.5,1.0,234,2026-10-04 04:20:00,PT5M,0.0,0.0,0.0,0.0,0.0
0,0,0,0,23,0.14,97.5,1.0,234,2026-10-04 04:25:00,PT5M,0.0,0.0,0.0,0.0,0.0
0,0,0,0,23,0.14,97.6,1.0,233,2026-10-04 04:30:00,PT5M,0.0,0.0,0.0,0.0,0.0
0,0,0,0,23,0.14,97.6,1.0,233,2026-10-04 04:35:00,PT5M,0.0,0.0,0.0,0.0,0.0
0,0,0,0,23,0.14,97.6,1.0,233,2026-10-04 04:40:00,PT5M,0.0,0.0,0.0,0.0,0.0
0,0,0,0,23,0.14,97.6,1.0,232,2026-10-04 04:45:00,PT5M,0.0,0.0,0.0,0.0,0.0
0,0,0,0,23,0.14,97.6,1.0,232,2026-10-04 04:50:00,PT5M,0.0,0.0,0.0,0.0,0.0
0,0,0,0,23,0.14,97.6,1.0,231,2026-10-04 04:55:00,PT5M,0.0,0.0,0.0,0.0,0.0
0,0,0,0,23,0.14,97.6,1.0,231,2026-10-04 05:00:00,PT5M,0.0,0.0,0.0,0.0,0.0
0,0,0,0,23,0.14,97.6,1.0,231,2026-10-04 05:05:00,PT5M,0.0,0.0,0.0,0.0,0.0
0,0,0,0,23,0.14,97.6,1.0,230,2026-10-04 05:10:00,PT5M,0.0,0.0,0.0,0.0,0.0
0,0,0,0,23,0.14,97.6,1.0,230,2026-10-04 05:15:00,PT5M,0.0,0.0,0.0,0.0,0.0
0,0,0,0,23,0.14,97.6,1.0,230,2026-10-04 05:20:00,PT5M,0.0,0.0,0.0,0.0,0.0
0,0,0,0,23,0.14,97.6,1.1,229,2026-10-04 05:25:00,PT5M,0.0,0.0,0.0,0.0,0.0
0,0,0,0,23,0.14,97.6,1.1,229,2026-10-04 05:30:00,PT5M,0.0,0.0,0.0,0.0,0.0
0,0,0,0,23,0.14,97.3,1.1,228,2026-10-04 05:35:00,PT5M,0.0,0.0,0.0,0.0,0.0
0,0,0,0,23,0.14,96.7,1.0,227,2026-10-04 05:40:00,PT5M,0.0,0.0,0.0,0.0,0.0
0,0,0,0,23,0.14,96.1,1.0,226,2026-10-04 05:45:00,PT5M,0.0,0.0,0.0,0.0,0.0
0,0,0,0,23,0.14,95.6,1.0,224,2026-10-04 05:50:00,PT5M,0.0,0.0,0.0,0.0,0.0
0,0,0,0,24,0.14,95.0,1.0,223,2026-10-04 05:55:00,PT5M,0.0,0.0,0.0,0.0,0.0
3,3,0,3,24,0.14,94.4,1.0,222,2026-10-04 06:00:00,PT5M,0.0,0.0,0.0,0.0,0.0
9,9,0,9,24,0.14,93.9,1.0,220,2026-10-04 06:05:00,PT5M,0.526,1.0115,0.7815,0.2705,0.0405
16,16,0,16,24,0.14,93.3,1.0,219,2026-10-04 06:10:00,PT5M,1.501,2.6855,2.1244,0.8776,0.3165
24,24,0,24,24,0.14,92.7,1.0,217,2026-10-04 06:15:00,PT5M,2.577,4.668,3.6775,1.4765,0.486
34,34,0,34,24,0.14,92.2,1.0,216,2026-10-04 06:20:00,PT5M,3.749,6.971,5.4448,2.0532,0.527
44,44,0,44,24,0.14,91.6,1.0,214,2026-10-04 06:25:00,PT5M,5.082,9.6235,7.4722,2.6918,0.5405
56,56,0,56,24,0.14,91.1,0.9,213,2026-10-04 06:30:00,PT5M,6.665,12.8035,9.8957,3.4343,0.5265
69,69,14,67,25,0.14,90.6,0.9,212,2026-10-04 06:35:00,PT5M,8.648,16.493,12.7769,4.5191,0.803
83,83,38,76,25,0.14,90.1,1.0,211,2026-10-04 06:40:00,PT5M,11.137,20.7625,16.203,6.071,1.5115
98,97,62,85,25,0.14,89.7,1.0,210,2026-10-04 06:45:00,PT5M,13.966,25.4045,19.9862,7.9458,2.5275
114,113,87,93,25,0.14,89.2,1.0,209,2026-10-04 06:50:00,PT5M,17.004,30.292,23.9976,10.0104,3.716
130,129,111,101,25,0.14,88.8,1.0,208,2026-10-04 06:55:00,PT5M,20.228,35.44,28.2342,12.2218,5.016
146,145,132,109,25,0.14,88.4,1.0,207,2026-10-04 07:00:00,PT5M,23.542,40.7865,32.6179,14.4661,6.2975
162,161,149,117,25,0.14,87.9,1.0,206,2026-10-04 07:05:00,PT5M,26.798,46.1285,36.9718,16.6242,7.4675
179,177,165,126,25,0.14,87.5,1.0,205,2026-10-04 07:10:00,PT5M,30.113,51.541,41.3907,18.8353,8.685
195,193,180,133,25,0.14,87.1,1.0,205,2026-10-04 07:15:00,PT5M,33.508,57.055,45.901,21.115,9.961
211,209,194,141,25,0.14,86.6,1.0,204,2026-10-04 07:20:00,PT5M,36.935,62.656,50.4721,23.3979,11.214
228,226,208,149,26,0.14,86.2,1.1,203,2026-10-04 07:25:00,PT5M,40.42,68.28,55.0829,25.7571,12.56
245,242,221,156,26,0.14,85.8,1.1,202,2026-10-04 07:30:00,PT5M,43.92,73.9415,59.7205,28.1195,13.8985
262,259,233,163,26,0.14,85.3,1.1,201,2026-10-04 07:35:00,PT5M,47.445,79.657,64.3984,30.4916,15.233
279,275,245,170,26,0.14,84.9,1.1,199,2026-10-04 07:40:00,PT5M,50.969,85.444,69.1134,32.8246,16.494
296,292,258,176,26,0.14,84.4,1.1,198,2026-10-04 07:45:00,PT5M,53.35,88.5335,71.8673,34.8327,18.1665
313,309,269,183,26,0.14,84.0,1.1,196,2026-10-04 07:50:00,PT5M,55.655,91.493,74.5168,36.7932,19.817
330,326,281,189,26,0.14,83.5,1.1,195,2026-10-04 07:55:00,PT5M,57.877,94.311,77.0525,38.7015,21.443
347,343,292,195,26,0.14,83.1,1.1,194,2026-10-04 08:00:00,PT5M,60.008,96.9755,79.4643,40.5517,23.0405
364,360,303,201,27,0.14,82.6,1.1,192,2026-10-04 08:05:00,PT5M,62.068,99.509,81.7735,42.3625,24.627
381,377,314,206,27,0.14,82.2,1.1,191,2026-10-04 08:10:00,PT5M,64.045,100.0,83.962,44.128,26.202
398,393,325,211,27,0.14,81.8,1.2,189,2026-10-04 08:15:00,PT5M,65.903,100.0,85.9832,45.8228,27.75
415,410,336,216,27,0.14,81.3,1.2,188,2026-10-04 08:20:00,PT5M,67.639,100.0,87.8242,47.4538,29.2865
431,427,346,221,27,0.14,80.9,1.2,187,2026-10-04 08:25:00,PT5M,69.262,100.0,89.5067,49.0173,30.7965
448,443,355,225,27,0.14,80.5,1.2,185,2026-10-04 08:30:00,PT5M,70.807,100.0,91.0922,50.5218,32.2645
464,459,364,230,27,0.14,80.0,1.2,185,2026-10-04 08:35:00,PT5M,72.204,100.0,92.5192,51.8888,33.6045
480,474,372,234,27,0.14,79.6,1.2,184,2026-10-04 08:40:00,PT5M,73.459,100.0,93.7924,53.1256,34.825
495,490,379,239,27,0.14,79.2,1.2,184,2026-10-04 08:45:00,PT5M,74.644,100.0,94.9837,54.3043,35.998
510,505,386,243,28,0.14,78.7,1.3,183,2026-10-04 08:50:00,PT5M,75.79,100.0,96.1228,55.4572,37.157
525,519,393,247,28,0.14,78.3,1.3,183,2026-10-04 08:55:00,PT5M,76.887,100.0,97.2014,56.5726,38.289
540,534,400,251,28,0.14,77.9,1.3,182,2026-10-04 09:00:00,PT5M,77.946,100.0,98.2578,57.6342,39.353
555,549,407,254,28,0.14,77.5,1.3,182,2026-10-04 09:05:00,PT5M,79.056,100.0,99.2486,58.8634,40.6895
570,563,414,258,28,0.14,77.1,1.3,182,2026-10-04 09:10:00,PT5M,80.107,100.0,100.0,60.1244,42.1395
584,577,421,261,28,0.14,76.7,1.3,181,2026-10-04 09:15:00,PT5M,81.118,100.0,100.0,61.3446,43.548
598,592,428,264,28,0.14,76.3,1.4,181,2026-10-04 09:20:00,PT5M,82.091,100.0,100.0,62.5261,44.917
612,605,435,267,28,0.14,75.9,1.4,181,2026-10-04 09:25:00,PT5M,83.028,100.0,100.0,63.6707,46.2485
626,619,442,269,28,0.14,75.5,1.4,180,2026-10-04 09:30:00,PT5M,83.929,100.0,100.0,64.778,47.5415
640,633,450,271,29,0.14,75.1,1.4,179,2026-10-04 09:35:00,PT5M,84.932,100.0,100.0,66.0036,48.9675
655,648,461,272,29,0.14,74.7,1.4,178,2026-10-04 09:40:00,PT5M,86.034,100.0,100.0,67.3451,50.5245
669,662,470,272,29,0.14,74.4,1.4,178,2026-10-04 09:45:00,PT5M,87.057,100.0,100.0,68.6047,51.997
683,676,480,273,29,0.14,74.0,1.5,177,2026-10-04 09:50:00,PT5M,88.03,100.0,100.0,69.8124,53.416
697,689,489,273,29,0.14,73.7,1.5,176,2026-10-04 09:55:00,PT5M,88.969,100.0,100.0,70.9848,54.7985
711,702,499,273,29,0.14,73.3,1.5,175,2026-10-04 10:00:00,PT5M,89.872,100.0,100.0,72.1181,56.139
724,715,508,273,29,0.14,73.0,1.5,174,2026-10-04 10:05:00,PT5M,90.739,100.0,100.0,73.2132,57.4395
737,728,517,272,29,0.14,72.6,1.5,173,2026-10-04 10:10:00,PT5M,91.572,100.0,100.0,74.2723,58.702
749,740,527,272,29,0.14,72.3,1.6,172,2026-10-04 10:15:00,PT5M,92.372,100.0,100.0,75.2965,59.928
761,753,536,271,29,0.14,71.9,1.6,171,2026-10-04 10:20:00,PT5M,93.14,100.0,100.0,76.2869,61.1185
773,764,545,269,30,0.14,71.6,1.6,171,2026-10-04 10:25:00,PT5M,93.845,100.0,100.0,77.2124,62.2425
785,776,554,268,30,0.14,71.3,1.6,170,2026-10-04 10:30:00,PT5M,94.556,100.0,100.0,78.1426,63.37
794,784,558,269,30,0.14,70.9,1.6,169,2026-10-04 10:35:00,PT5M,94.927,100.0,100.0,78.6875,64.0715
799,789,556,272,30,0.14,70.5,1.7,169,2026-10-04 10:40:00,PT5M,94.964,100.0,100.0,78.8506,64.348
804,794,553,276,30,0.14,70.2,1.7,169,2026-10-04 10:45:00,PT5M,94.979,100.0,100.0,78.9853,64.5905
808,799,551,279,30,0.14,69.8,1.7,169,2026-10-04 10:50:00,PT5M,94.97,100.0,100.0,79.0879,64.7935
812,803,549,282,30,0.14,69.4,1.7,169,2026-10-04 10:55:00,PT5M,94.926,100.0,100.0,79.1352,64.923
816,806,546,285,30,0.14,69.1,1.7,168,2026-10-04 11:00:00,PT5M,94.869,100.0,100.0,79.17,65.0405
819,809,543,288,30,0.14,68.7,1.7,168,2026-10-04 11:05:00,PT5M,94.804,100.0,100.0,79.2053,65.166
821,812,540,291,31,0.14,68.4,1.8,168,2026-10-04 11:10:00,PT5M,94.719,100.0,100.0,79.2148,65.2605
823,814,537,294,31,0.14,68.0,1.8,168,2026-10-04 11:15:00,PT5M,94.67,100.0,100.0,79.2447,65.3615
825,815,534,296,31,0.14,67.7,1.8,168,2026-10-04 11:20:00,PT5M,94.534,100.0,100.0,79.1803,65.3615
826,816,531,299,31,0.14,67.3,1.8,168,2026-10-04 11:25:00,PT5M,94.375,100.0,100.0,79.086,65.3255
826,817,527,302,31,0.14,67.0,1.8,168,2026-10-04 11:30:00,PT5M,94.194,100.0,100.0,78.9643,65.257
825,816,521,305,31,0.14,67.0,1.8,168,2026-10-04 11:35:00,PT5M,93.897,100.0,100.0,78.6399,64.908
822,813,513,309,31,0.14,67.3,1.8,168,2026-10-04 11:40:00,PT5M,93.485,100.0,100.0,78.1131,64.278
819,810,505,314,31,0.14,67.7,1.8,168,2026-10-04 11:45:00,PT5M,93.049,100.0,100.0,77.5556,63.611
815,806,497,318,31,0.14,68.0,1.8,168,2026-10-04 11:50:00,PT5M,92.586,100.0,100.0,76.9642,62.904
810,802,489,321,31,0.14,68.4,1.7,168,2026-10-04 11:55:00,PT5M,92.097,100.0,100.0,76.3399,62.158
806,797,480,325,31,0.14,68.7,1.7,168,2026-10-04 12:00:00,PT5M,91.694,100.0,100.0,75.7953,61.486
800,792,471,329,31,0.14,69.1,1.7,168,2026-10-04 12:05:00,PT5M,91.262,100.0,100.0,75.2149,60.772
794,786,462,333,30,0.14,69.5,1.6,168,2026-10-04 12:10:00,PT5M,90.796,100.0,100.0,74.5936,60.011
788,780,453,336,30,0.14,69.8,1.6,168,2026-10-04 12:15:00,PT5M,90.3,100.0,100.0,73.9371,59.21
781,773,444,340,30,0.14,70.2,1.6,168,2026-10-04 12:20:00,PT5M,89.775,100.0,100.0,73.2466,58.3705
774,766,434,343,30,0.14,70.6,1.6,169,2026-10-04 12:25:00,PT5M,89.22,100.0,100.0,72.5219,57.493
766,759,425,346,30,0.14,71.0,1.5,169,2026-10-04 12:30:00,PT5M,88.637,100.0,100.0,71.7654,56.5805
757,750,415,349,30,0.14,71.3,1.5,169,2026-10-04 12:35:00,PT5M,87.965,100.0,100.0,70.9269,55.592
748,741,404,352,30,0.14,71.7,1.5,169,2026-10-04 12:40:00,PT5M,87.203,100.0,100.0,70.0049,54.526
738,731,393,355,30,0.14,72.1,1.5,169,2026-10-04 12:45:00,PT5M,86.396,100.0,100.0,69.0265,53.3935
728,721,381,357,30,0.14,72.5,1.5,169,2026-10-04 12:50:00,PT5M,85.554,100.0,100.0,68.0085,52.217
717,711,371,359,30,0.14,72.9,1.4,170,2026-10-04 12:55:00,PT5M,84.696,100.0,100.0,66.9826,51.04
707,700,360,361,30,0.14,73.2,1.4,170,2026-10-04 13:00:00,PT5M,83.821,100.0,100.0,65.945,49.856
696,690,349,362,30,0.14,73.6,1.4,170,2026-10-04 13:05:00,PT5M,82.849,100.0,100.0,64.7951,48.546
684,679,339,363,29,0.14,74.0,1.4,170,2026-10-04 13:10:00,PT5M,81.886,100.0,100.0,63.6502,47.2375
673,667,329,364,29,0.14,74.4,1.4,170,2026-10-04 13:15:00,PT5M,80.885,100.0,99.3055,62.4645,45.8855
661,656,318,364,29,0.14,74.8,1.4,171,2026-10-04 13:20:00,PT5M,79.848,100.0,98.4551,61.2409,44.494
649,644,308,364,29,0.14,75.2,1.3,171,2026-10-04 13:25:00,PT5M,78.777,100.0,97.5717,59.9823,43.0665
637,632,299,363,29,0.14,75.6,1.3,171,2026-10-04 13:30:00,PT5M,77.676,100.0,96.6586,58.6934,41.6085
623,619,287,363,29,0.14,76.0,1.3,172,2026-10-04 13:35:00,PT5M,76.42,100.0,95.6194,57.2206,39.9405
609,605,274,363,29,0.14,76.4,1.3,172,2026-10-04 13:40:00,PT5M,75.006,100.0,94.4499,55.5621,38.062
594,590,262,362,29,0.14,76.7,1.3,173,2026-10-04 13:45:00,PT5M,73.552,100.0,93.2393,53.8647,36.1455
580,576,250,361,29,0.14,77.1,1.2,173,2026-10-04 13:50:00,PT5M,72.06,100.0,91.9894,52.1306,34.1935
565,561,237,359,29,0.14,77.5,1.2,174,2026-10-04 13:55:00,PT5M,70.529,100.0,90.6989,50.3591,32.2055
550,546,226,357,29,0.14,77.9,1.2,175,2026-10-04 14:00:00,PT5M,68.956,100.0,89.3657,48.5463,30.177
535,532,214,355,29,0.14,78.2,1.2,176,2026-10-04 14:05:00,PT5M,67.333,100.0,87.9808,46.6852,28.1015
520,517,202,352,28,0.14,78.6,1.2,176,2026-10-04 14:10:00,PT5M,65.677,100.0,86.5611,44.7929,25.9965
504,502,190,349,28,0.14,79.0,1.2,177,2026-10-04 14:15:00,PT5M,63.951,100.0,85.0701,42.8319,23.824
489,487,179,345,28,0.14,79.4,1.1,178,2026-10-04 14:20:00,PT5M,62.19,100.0,83.541,40.839,21.6225
474,471,167,341,28,0.14,79.8,1.1,179,2026-10-04 14:25:00,PT5M,60.395,100.0,81.9741,38.8159,19.394
458,456,156,337,28,0.14,80.2,1.1,180,2026-10-04 14:30:00,PT5M,58.566,99.994,80.3699,36.7621,17.138
444,442,147,332,28,0.14,80.6,1.1,180,2026-10-04 14:35:00,PT5M,56.888,98.695,78.8913,34.8847,15.081
431,429,140,326,28,0.14,81.0,1.1,181,2026-10-04 14:40:00,PT5M,55.36,97.524,77.5512,33.1688,13.196
418,416,132,320,28,0.14,81.3,1.1,182,2026-10-04 14:45:00,PT5M,53.797,96.039,76.0293,31.5647,11.555
404,403,125,314,28,0.14,81.7,1.0,183,2026-10-04 14:50:00,PT5M,52.2,94.432,74.427,29.973,9.968
391,390,118,308,28,0.14,82.1,1.0,184,2026-10-04 14:55:00,PT5M,50.643,92.883,72.8742,28.4118,8.403
378,377,112,301,28,0.14,82.5,1.0,185,2026-10-04 15:00:00,PT5M,49.057,91.2805,71.2795,26.8345,6.8335
365,364,104,295,28,0.14,82.9,1.0,186,2026-10-04 15:05:00,PT5M,47.624,89.7855,69.8139,25.4341,5.4625
352,351,97,288,28,0.14,83.4,1.0,187,2026-10-04 15:10:00,PT5M,45.899,87.9495,68.0305,23.7675,3.8485
338,338,89,281,27,0.14,83.8,1.0,188,2026-10-04 15:15:00,PT5M,44.119,86.026,66.175,22.063,2.212
325,324,82,274,27,0.14,84.2,1.0,190,2026-10-04 15:20:00,PT5M,42.291,84.015,64.2506,20.3314,0.567
311,311,74,267,27,0.14,84.6,0.9,191,2026-10-04 15:25:00,PT5M,40.417,81.902,62.2509,18.5831,0.0
298,298,66,259,27,0.14,85.0,0.9,192,2026-10-04 15:30:00,PT5M,38.499,79.689,60.1776,16.8204,0.0
285,284,59,251,27,0.14,85.4,0.9,193,2026-10-04 15:35:00,PT5M,36.552,77.358,58.0285,15.0755,0.0
271,271,51,243,27,0.14,85.9,0.9,194,2026-10-04 15:40:00,PT5M,34.594,74.8975,55.806,13.382,0.0
258,258,43,235,27,0.14,86.4,0.9,194,2026-10-04 15:45:00,PT5M,32.595,72.301,53.4926,11.6974,0.0
244,244,35,227,27,0.14,86.8,0.9,195,2026-10-04 15:50:00,PT5M,30.556,69.575,51.092,10.02,0.0
231,231,27,218,27,0.14,87.3,0.9,196,2026-10-04 15:55:00,PT5M,28.808,67.06,48.9403,8.6757,0.0
218,218,19,209,27,0.14,87.8,0.8,197,2026-10-04 16:00:00,PT5M,26.693,64.1055,46.3835,7.0025,0.0
205,205,11,200,27,0.14,88.3,0.8,198,2026-10-04 16:05:00,PT5M,24.592,61.1325,43.8235,5.3605,0.0
192,193,4,191,27,0.14,88.7,0.8,199,2026-10-04 16:10:00,PT5M,22.509,58.1505,41.2674,3.7506,0.0
180,180,0,180,26,0.14,89.2,0.8,200,2026-10-04 16:15:00,PT5M,21.048,54.4955,38.6517,3.4443,0.0
167,168,0,168,26,0.14,89.7,0.8,201,2026-10-04 16:20:00,PT5M,19.817,50.927,36.1904,3.4436,0.0
155,156,0,156,26,0.14,90.2,0.8,202,2026-10-04 16:25:00,PT5M,18.512,47.3595,33.6946,3.3294,0.0
143,144,0,144,26,0.14,90.7,0.8,203,2026-10-04 16:30:00,PT5M,17.172,43.78,31.176,3.168,0.0
131,132,0,132,26,0.14,91.2,0.8,204,2026-10-04 16:35:00,PT5M,15.818,40.1985,28.6496,2.9864,0.0
120,120,0,120,26,0.14,91.7,0.7,205,2026-10-04 16:40:00,PT5M,14.431,36.59,26.0934,2.7686,0.0
108,109,0,109,26,0.14,92.2,0.7,207,2026-10-04 16:45:00,PT5M,13.046,33.009,23.5527,2.5393,0.0
97,98,0,98,26,0.14,92.7,0.7,208,2026-10-04 16:50:00,PT5M,11.681,29.49,21.054,2.308,0.0
86,86,0,86,26,0.14,93.2,0.7,210,2026-10-04 16:55:00,PT5M,10.319,26.0515,18.5991,2.0389,0.0
75,75,0,75,26,0.14,93.7,0.7,212,2026-10-04 17:00:00,PT5M,8.986,22.749,16.2296,1.7424,0.0
65,65,0,65,26,0.14,94.2,0.6,213,2026-10-04 17:05:00,PT5M,7.644,19.5115,13.89,1.398,0.0
55,55,0,55,26,0.14,94.7,0.6,215,2026-10-04 17:10:00,PT5M,6.357,16.3725,11.6282,1.0858,0.0
46,46,0,46,25,0.14,95.2,0.6,217,2026-10-04 17:15:00,PT5M,5.228,13.44,9.55,0.906,0.0
37,37,0,37,25,0.14,95.7,0.6,219,2026-10-04 17:20:00,PT5M,4.162,10.642,7.5725,0.7515,0.0
29,29,0,29,25,0.14,96.3,0.6,222,2026-10-04 17:25:00,PT5M,3.114,7.9565,5.6626,0.5654,0.0
22,22,0,22,25,0.14,96.8,0.6,224,2026-10-04 17:30:00,PT5M,2.229,5.6765,4.0434,0.4146,0.0
16,16,0,16,25,0.14,96.9,0.6,223,2026-10-04 17:35:00,PT5M,1.464,3.646,2.6124,0.3156,0.0
11,11,0,11,25,0.14,96.5,0.7,219,2026-10-04 17:40:00,PT5M,0.76,1.9505,1.3866,0.1334,0.0
6,6,0,6,25,0.14,96.1,0.7,216,2026-10-04 17:45:00,PT5M,0.117,0.61,0.3765,0.0,0.0
2,2,0,2,25,0.14,95.8,0.8,214,2026-10-04 17:50:00,PT5M,0.0,0.0,0.0,0.0,0.0
0,0,0,0,25,0.14,95.4,0.9,212,2026-10-04 17:55:00,PT5M,0.0,0.0,0.0,0.0,0.0
0,0,0,0,25,0.14,95.0,0.9,210,2026-10-04 18:00:00,PT5M,0.0,0.0,0.0,0.0,0.0
0,0,0,0,25,0.14,94.7,1.0,209,2026-10-04 18:05:00,PT5M,0.0,0.0,0.0,0.0,0.0
0,0,0,0,25,0.14,94.3,1.1,207,2026-10-04 18:10:00,PT5M,0.0,0.0,0.0,0.0,0.0
0,0,0,0,25,0.14,94.0,1.1,206,2026-10-04 18:15:00,PT5M,0.0,0.0,0.0,0.0,0.0
0,0,0,0,25,0.14,93.6,1.2,205,2026-10-04 18:20:00,PT5M,0.0,0.0,0.0,0.0,0.0
0,0,0,0,25,0.14,93.2,1.3,204,2026-10-04 18:25:00,PT5M,0.0,0.0,0.0,0.0,0.0
0,0,0,0,25,0.14,92.9,1.3,203,2026-10-04 18:30:00,PT5M,0.0,0.0,0.0,0.0,0.0
0,0,0,0,25,0.14,92.5,1.4,202,2026-10-04 18:35:00,PT5M,0.0,0.0,0.0,0.0,0.0
0,0,0,0,25,0.14,92.2,1.5,202,2026-10-04 18:40:00,PT5M,0.0,0.0,0.0,0.0,0.0
0,0,0,0,25,0.14,91.8,1.6,201,2026-10-04 18:45:00,PT5M,0.0,0.0,0.0,0.0,0.0
0,0,0,0,25,0.14,91.5,1.6,201,2026-10-04 18:50:00,PT5M,0.0,0.0,0.0,0.0,0.0
0,0,0,0,25,0.14,91.1,1.7,200,2026-10-04 18:55:00,PT5M,0.0,0.0,0.0,0.0,0.0
0,0,0,0,25,0.14,90.8,1.8,200,2026-10-04 19:00:00,PT5M,0.0,0.0,0.0,0.0,0.0
0,0,0,0,25,0.14,90.4,1.8,199,2026-10-04 19:05:00,PT5M,0.0,0.0,0.0,0.0,0.0
0,0,0,0,25,0.14,90.1,1.9,199,2026-10-04 19:10:00,PT5M,0.0,0.0,0.0,0.0,0.0
0,0,0,0,25,0.14,89.7,2.0,198,2026-10-04 19:15:00,PT5M,0.0,0.0,0.0,0.0,0.0
0,0,0,0,25,0.14,89.4,2.1,198,2026-10-04 19:20:00,PT5M,0.0,0.0,0.0,0.0,0.0
0,0,0,0,25,0.14,89.0,2.1,198,2026-10-04 19:25:00,PT5M,0.0,0.0,0.0,0.0,0.0
0,0,0,0,25,0.14,88.7,2.2,197,2026-10-04 19:30:00,PT5M,0.0,0.0,0.0,0.0,0.0
0,0,0,0,25,0.14,88.4,2.3,197,2026-10-04 19:35:00,PT5M,0.0,0.0,0.0,0.0,0.0
0,0,0,0,25,0.14,88.0,2.3,197,2026-10-04 19:40:00,PT5M,0.0,0.0,0.0,0.0,0.0
0,0,0,0,25,0.14,87.7,2.4,197,2026-10-04 19:45:00,PT5M,0.0,0.0,0.0,0.0,0.0
0,0,0,0,25,0.14,87.3,2.5,196,2026-10-04 19:50:00,PT5M,0.0,0.0,0.0,0.0,0.0
0,0,0,0,25,0.14,87.0,2.6,196,2026-10-04 19:55:00,PT5M,0.0,0.0,0.0,0.0,0.0
0,0,0,0,25,0.14,86.7,2.6,196,2026-10-04 20:00:00,PT5M,0.0,0.0,0.0,0.0,0.0
0,0,0,0,25,0.14,86.3,2.7,196,2026-10-04 20:05:00,PT5M,0.0,0.0,0.0,0.0,0.0
0,0,0,0,25,0.14,86.0,2.8,196,2026-10-04 20:10:00,PT5M,0.0,0.0,0.0,0.0,0.0
0,0,0,0,26,0.14,85.7,2.9,195,2026-10-04 20:15:00,PT5M,0.0,0.0,0.0,0.0,0.0
0,0,0,0,26,0.14,85.3,2.9,195,2026-10-04 20:20:00,PT5M,0.0,0.0,0.0,0.0,0.0
0,0,0,0,26,0.14,85.0,3.0,195,2026-10-04 20:25:00,PT5M,0.0,0.0,0.0,0.0,0.0
0,0,0,0,26,0.14,84.7,3.1,195,2026-10-04 20:30:00,PT5M,0.0,0.0,0.0,0.0,0.0
0,0,0,0,26,0.14,84.5,3.1,195,2026-10-04 20:35:00,PT5M,0.0,0.0,0.0,0.0,0.0
0,0,0,0,26,0.14,84.6,3.1,196,2026-10-04 20:40:00,PT5M,0.0,0.0,0.0,0.0,0.0
0,0,0,0,26,0.14,84.6,3.1,197,2026-10-04 20:45:00,PT5M,0.0,0.0,0.0,0.0,0.0
0,0,0,0,25,0.14,84.7,3.1,197,2026-10-04 20:50:00,PT5M,0.0,0.0,0.0,0.0,0.0
0,0,0,0,25,0.14,84.7,3.0,198,2026-10-04 20:55:00,PT5M,0.0,0.0,0.0,0.0,0.0
0,0,0,0,25,0.14,84.8,3.0,199,2026-10-04 21:00:00,PT5M,0.0,0.0,0.0,0.0,0.0
0,0,0,0,25,0.14,84.8,3.0,200,2026-10-04 21:05:00,PT5M,0.0,0.0,0.0,0.0,0.0
0,0,0,0,25,0.14,84.8,3.0,200,2026-10-04 21:10:00,PT5M,0.0,0.0,0.0,0.0,0.0
0,0,0,0,25,0.14,84.9,3.0,201,2026-10-04 21:15:00,PT5M,0.0,0.0,0.0,0.0,0.0
0,0,0,0,25,0.14,84.9,3.0,202,2026-10-04 21:20:00,PT5M,0.0,0.0,0.0,0.0,0.0
0,0,0,0,25,0.14,85.0,3.0,203,2026-10-04 21:25:00,PT5M,0.0,0.0,0.0,0.0,0.0
0,0,0,0,25,0.14,85.0,3.0,204,2026-10-04 21:30:00,PT5M,0.0,0.0,0.0,0.0,0.0
0,0,0,0,25,0.14,85.0,3.0,204,2026-10-04 21:35:00,PT5M,0.0,0.0,0.0,0.0,0.0
0,0,0,0,25,0.14,85.1,2.9,205,2026-10-04 21:40:00,PT5M,0.0,0.0,0.0,0.0,0.0
0,0,0,0,25,0.14,85.1,2.9,206,2026-10-04 21:45:00,PT5M,0.0,0.0,0.0,0.0,0.0
0,0,0,0,25,0.14,85.2,2.9,207,2026-10-04 21:50:00,PT5M,0.0,0.0,0.0,0.0,0.0
0,0,0,0,25,0.14,85.2,2.9,208,2026-10-04 21:55:00,PT5M,0.0,0.0,0.0,0.0,0.0
0,0,0,0,25,0.14,85.3,2.9,208,2026-10-04 22:00:00,PT5M,0.0,0.0,0.0,0.0,0.0
0,0,0,0,25,0.14,85.3,2.9,209,2026-10-04 22:05:00,PT5M,0.0,0.0,0.0,0.0,0.0
0,0,0,0,25,0.14,85.3,2.9,210,2026-10-04 22:10:00,PT5M,0.0,0.0,0.0,0.0,0.0
0,0,0,0,25,0.14,85.4,2.9,211,2026-10-04 22:15:00,PT5M,0.0,0.0,0.0,0.0,0.0
0,0,0,0,25,0.14,85.4,2.9,212,2026-10-04 22:20:00,PT5M,0.0,0.0,0.0,0.0,0.0
0,0,0,0,25,0.14,85.5,2.9,212,2026-10-04 22:25:00,PT5M,0.0,0.0,0.0,0.0,0.0
0,0,0,0,25,0.14,85.5,2.9,213,2026-10-04 22:30:00,PT5M,0.0,0.0,0.0,0.0,0.0
0,0,0,0,25,0.14,85.5,2.9,214,2026-10-04 22:35:00,PT5M,0.0,0.0,0.0,0.0,0.0
0,0,0,0,25,0.14,85.6,2.9,215,2026-10-04 22:40:00,PT5M,0.0,0.0,0.0,0.0,0.0
0,0,0,0,25,0.14,85.6,2.9,216,2026-10-04 22:45:00,PT5M,0.0,0.0,0.0,0.0,0.0
0,0,0,0,25,0.14,85.7,2.9,217,2026-10-04 22:50:00,PT5M,0.0,0.0,0.0,0.0,0.0
0,0,0,0,25,0.14,85.7,2.9,217,2026-10-04 22:55:00,PT5M,0.0,0.0,0.0,0.0,0.0
0,0,0,0,25,0.14,85.7,2.9,218,2026-10-04 23:00:00,PT5M,0.0,0.0,0.0,0.0,0.0
0,0,0,0,25,0.14,85.8,2.9,219,2026-10-04 23:05:00,PT5M,0.0,0.0,0.0,0.0,0.0
0,0,0,0,25,0.14,85.8,2.9,220,2026-10-04 23:10:00,PT5M,0.0,0.0,0.0,0.0,0.0
0,0,0,0,25,0.14,85.9,2.9,221,2026-10-04 23:15:00,PT5M,0.0,0.0,0.0,0.0,0.0
0,0,0,0,25,0.14,85.9,2.9,222,2026-10-04 23:20:00,PT5M,0.0,0.0,0.0,0.0,0.0
0,0,0,0,25,0.14,86.0,2.9,222,2026-10-04 23:25:00,PT5M,0.0,0.0,0.0,0.0,0.0
0,0,0,0,25,0.14,86.0,2.9,223,2026-10-04 23:30:00,PT5M,0.0,0.0,0.0,0.0,0.0
0,0,0,0,25,0.14,86.0,2.9,223,2026-10-04 23:35:00,PT5M,0.0,0.0,0.0,0.0,0.0
0,0,0,0,25,0.14,86.0,2.9,223,2026-10-04 23:40:00,PT5M,0.0,0.0,0.0,0.0,0.0
0,0,0,0,25,0.14,86.1,2.9,223,2026-10-04 23:45:00,PT5M,0.0,0.0,0.0,0.0,0.0
0,0,0,0,25,0.14,86.1,2.9,223,2026-10-04 23:50:00,PT5M,0.0,0.0,0.0,0.0,0.0
0,0,0,0,25,0.14,86.1,2.9,222,2026-10-04 23:55:00,PT5M,0.0,0.0,0.0,0.0,0.0
0,0,0,0,25,0.14,86.1,2.8,222,2026-10-05 00:00:00,PT5M,0.0,0.0,0.0,0.0,0.0
0,0,0,0,25,0.14,86.1,2.8,222,2026-10-05 00:05:00,PT5M,0.0,0.0,0.0,0.0,0.0
0,0,0,0,25,0.14,86.1,2.8,221,2026-10-05 00:10:00,PT5M,0.0,0.0,0.0,0.0,0.0
0,0,0,0,25,0.14,86.1,2.8,221,2026-10-05 00:15:00,PT5M,0.0,0.0,0.0,0.0,0.0
0,0,0,0,25,0.14,86.2,2.8,221,2026-10-05 00:20:00,PT5M,0.0,0.0,0.0,0.0,0.0
0,0,0,0,25,0.14,86.2,2.8,221,2026-10-05 00:25:00,PT5M,0.0,0.0,0.0,0.0,0.0
0,0,0,0,25,0.14,86.2,2.8,220,2026-10-05 00:30:00,PT5M,0.0,0.0,0.0,0.0,0.0
0,0,0,0,25,0.14,86.2,2.8,220,2026-10-05 00:35:00,PT5M,0.0,0.0,0.0,0.0,0.0
0,0,0,0,25,0.14,86.2,2.8,220,2026-10-05 00:40:00,PT5M,0.0,0.0,0.0,0.0,0.0
0,0,0,0,25,0.14,86.2,2.8,219,2026-10-05 00:45:00,PT5M,0.0,0.0,0.0,0.0,0.0
0,0,0,0,25,0.14,86.2,2.8,219,2026-10-05 00:50:00,PT5M,0.0,0.0,0.0,0.0,0.0
0,0,0,0,25,0.14,86.2,2.8,219,2026-10-05 00:55:00,PT5M,0.0,0.0,0.0,0.0,0.0
0,0,0,0,25,0.14,86.3,2.7,218,2026-10-05 01:00:00,PT5M,0.0,0.0,0.0,0.0,0.0
0,0,0,0,25,0.14,86.3,2.7,218,2026-10-05 01:05:00,PT5M,0.0,0.0,0.0,0.0,0.0
0,0,0,0,25,0.14,86.3,2.7,218,2026-10-05 01:10:00,PT5M,0.0,0.0,0.0,0.0,0.0
0,0,0,0,25,0.14,86.3,2.7,218,2026-10-05 01:15:00,PT5M,0.0,0.0,0.0,0.0,0.0
0,0,0,0,25,0.14,86.3,2.7,217,2026-10-05 01:20:00,PT5M,0.0,0.0,0.0,0.0,0.0
0,0,0,0,25,0.14,86.3,2.7,217,2026-10-05 01:25:00,PT5M,0.0,0.0,0.0,0.0,0.0
0,0,0,0,25,0.14,86.3,2.7,217,2026-10-05 01:30:00,PT5M,0.0,0.0,0.0,0.0,0.0
0,0,0,0,25,0.14,86.4,2.7,216,2026-10-05 01:35:00,PT5M,0.0,0.0,0.0,0.0,0.0
0,0,0,0,25,0.14,86.4,2.7,216,2026-10-05 01:40:00,PT5M,0.0,0.0,0.0,0.0,0.0
0,0,0,0,25,0.14,86.4,2.7,216,2026-10-05 01:45:00,PT5M,0.0,0.0,0.0,0.0,0.0
0,0,0,0,25,0.14,86.4,2.7,215,2026-10-05 01:50:00,PT5M,0.0,0.0,0.0,0.0,0.0
0,0,0,0,25,0.14,86.4,2.7,215,2026-10-05 01:55:00,PT5M,0.0,0.0,0.0,0.0,0.0
0,0,0,0,25,0.14,86.4,2.7,215,2026-10-05 02:00:00,PT5M,0.0,0.0,0.0,0.0,0.0
0,0,0,0,25,0.14,86.4,2.6,214,2026-10-05 02:05:00,PT5M,0.0,0.0,0.0,0.0,0.0
0,0,0,0,25,0.14,86.5,2.6,214,2026-10-05 02:10:00,PT5M,0.0,0.0,0.0,0.0,0.0
0,0,0,0,25,0.14,86.5,2.6,214,2026-10-05 02:15:00,PT5M,0.0,0.0,0.0,0.0,0.0
0,0,0,0,25,0.14,86.5,2.6,213,2026-10-05 02:20:00,PT5M,0.0,0.0,0.0,0.0,0.0
0,0,0,0,25,0.14,86.5,2.6,213,2026-10-05 02:25:00,PT5M,0.0,0.0,0.0,0.0,0.0
0,0,0,0,25,0.14,86.5,2.6,213,2026-10-05 02:30:00,PT5M,0.0,0.0,0.0,0.0,0.0
0,0,0,0,25,0.14,86.5,2.6,213,2026-10-05 02:35:00,PT5M,0.0,0.0,0.0,0.0,0.0
0,0,0,0,25,0.14,86.5,2.6,213,2026-10-05 02:40:00,PT5M,0.0,0.0,0.0,0.0,0.0
0,0,0,0,25,0.14,86.5,2.6,213,2026-10-05 02:45:00,PT5M,0.0,0.0,0.0,0.0,0.0
0,0,0,0,25,0.14,86.5,2.5,213,2026-10-05 02:50:00,PT5M,0.0,0.0,0.0,0.0,0.0
0,0,0,0,25,0.14,86.5,2.5,214,2026-10-05 02:55:00,PT5M,0.0,0.0,0.0,0.0,0.0
0,0,0,0,25,0.14,86.4,2.5,214,2026-10-05 03:00:00,PT5M,0.0,0.0,0.0,0.0,0.0
0,0,0,0,25,0.14,86.4,2.5,214,2026-10-05 03:05:00,PT5M,0.0,0.0,0.0,0.0,0.0
0,0,0,0,25,0.14,86.4,2.5,215,2026-10-05 03:10:00,PT5M,0.0,0.0,0.0,0.0,0.0
0,0,0,0,25,0.14,86.4,2.5,215,2026-10-05 03:15:00,PT5M,0.0,0.0,0.0,0.0,0.0
0,0,0,0,25,0.14,86.4,2.4,215,2026-10-05 03:20:00,PT5M,0.0,0.0,0.0,0.0,0.0
0,0,0,0,25,0.14,86.4,2.4,215,2026-10-05 03:25:00,PT5M,0.0,0.0,0.0,0.0,0.0
0,0,0,0,25,0.14,86.3,2.4,216,2026-10-05 03:30:00,PT5M,0.0,0.0,0.0,0.0,0.0
0,0,0,0,25,0.14,86.3,2.4,216,2026-10-05 03:35:00,PT5M,0.0,0.0,0.0,0.0,0.0
0,0,0,0,25,0.14,86.3,2.4,216,2026-10-05 03:40:00,PT5M,0.0,0.0,0.0,0.0,0.0
0,0,0,0,25,0.14,86.3,2.3,217,2026-10-05 03:45:00,PT5M,0.0,0.0,0.0,0.0,0.0
0,0,0,0,25,0.14,86.3,2.3,217,2026-10-05 03:50:00,PT5M,0.0,0.0,0.0,0.0,0.0
0,0,0,0,25,0.14,86.3,2.3,217,2026-10-05 03:55:00,PT5M,0.0,0.0,0.0,0.0,0.0
0,0,0,0,25,0.14,86.3,2.3,218,2026-10-05 04:00:00,PT5M,0.0,0.0,0.0,0.0,0.0
0,0,0,0,25,0.14,86.2,2.3,218,2026-10-05 04:05:00,PT5M,0.0,0.0,0.0,0.0,0.0
0,0,0,0,25,0.14,86.2,2.3,218,2026-10-05 04:10:00,PT5M,0.0,0.0,0.0,0.0,0.0
0,0,0,0,25,0.14,86.2,2.2,219,2026-10-05 04:15:00,PT5M,0.0,0.0,0.0,0.0,0.0
0,0,0,0,25,0.14,86.2,2.2,219,2026-10-05 04:20:00,PT5M,0.0,0.0,0.0,0.0,0.0
0,0,0,0,25,0.14,86.2,2.2,219,2026-10-05 04:25:00,PT5M,0.0,0.0,0.0,0.0,0.0
0,0,0,0,25,0.14,86.2,2.2,220,2026-10-05 04:30:00,PT5M,0.0,0.0,0.0,0.0,0.0
0,0,0,0,25,0.14,86.2,2.2,220,2026-10-05 04:35:00,PT5M,0.0,0.0,0.0,0.0,0.0
0,0,0,0,25,0.14,86.1,2.2,221,2026-10-05 04:40:00,PT5M,0.0,0.0,0.0,0.0,0.0
0,0,0,0,25,0.14,86.1,2.1,221,2026-10-05 04:45:00,PT5M,0.0,0.0,0.0,0.0,0.0
0,0,0,0,25,0.14,86.1,2.1,221,2026-10-05 04:50:00,PT5M,0.0,0.0,0.0,0.0,0.0
0,0,0,0,25,0.14,86.1,2.1,222,2026-10-05 04:55:00,PT5M,0.0,0.0,0.0,0.0,0.0
0,0,0,0,25,0.14,86.1,2.1,222,2026-10-05 05:00:00,PT5M,0.0,0.0,0.0,0.0,0.0
0,0,0,0,25,0.14,86.1,2.1,223,2026-10-05 05:05:00,PT5M,0.0,0.0,0.0,0.0,0.0
0,0,0,0,25,0.14,86.1,2.1,223,2026-10-05 05:10:00,PT5M,0.0,0.0,0.0,0.0,0.0
0,0,0,0,25,0.14,86.0,2.0,223,2026-10-05 05:15:00,PT5M,0.0,0.0,0.0,0.0,0.0
0,0,0,0,25,0.14,86.0,2.0,224,2026-10-05 05:20:00,PT5M,0.0,0.0,0.0,0.0,0.0
0,0,0,0,25,0.14,86.0,2.0,224,2026-10-05 05:25:00,PT5M,0.0,0.0,0.0,0.0,0.0
0,0,0,0,25,0.14,86.0,2.0,225,2026-10-05 05:30:00,PT5M,0.0,0.0,0.0,0.0,0.0
0,0,0,0,25,0.14,85.7,2.0,225,2026-10-05 05:35:00,PT5M,0.0,0.0,0.0,0.0,0.0
0,0,0,0,25,0.14,85.0,2.0,225,2026-10-05 05:40:00,PT5M,0.0,0.0,0.0,0.0,0.0
0,0,0,0,25,0.14,84.4,2.0,225,2026-10-05 05:45:00,PT5M,0.0,0.0,0.0,0.0,0.0
0,0,0,0,25,0.14,83.7,2.1,225,2026-10-05 05:50:00,PT5M,0.0,0.0,0.0,0.0,0.0
0,0,0,0,25,0.14,83.1,2.1,225,2026-10-05 05:55:00,PT5M,0.0,0.0,0.0,0.0,0.0
3,3,0,3,25,0.14,82.4,2.1,226,2026-10-05 06:00:00,PT5M,0.0,0.0,0.0,0.0,0.0
9,9,0,9,25,0.14,81.8,2.2,226,2026-10-05 06:05:00,PT5M,0.572,1.111,0.8557,0.2883,0.033
17,17,0,17,25,0.14,81.2,2.2,226,2026-10-05 06:10:00,PT5M,1.61,2.918,2.2984,0.9216,0.302
26,26,0,26,26,0.14,80.6,2.2,226,2026-10-05 06:15:00,PT5M,2.795,5.058,3.986,1.604,0.532
37,37,0,37,26,0.14,80.0,2.2,226,2026-10-05 06:20:00,PT5M,4.117,7.597,5.9485,2.2855,0.637
49,49,6,48,26,0.14,79.4,2.3,226,2026-10-05 06:25:00,PT5M,5.751,10.5425,8.2728,3.2292,0.9595
63,63,42,57,26,0.14,78.8,2.3,226,2026-10-05 06:30:00,PT5M,8.434,14.699,11.7313,5.1367,2.169
78,77,74,65,26,0.14,78.2,2.3,226,2026-10-05 06:35:00,PT5M,11.299,19.147,15.4295,7.1685,3.451
92,91,98,73,26,0.14,77.6,2.4,226,2026-10-05 06:40:00,PT5M,14.052,23.5455,19.0485,9.0555,4.5585
108,107,121,82,26,0.14,77.0,2.4,226,2026-10-05 06:45:00,PT5M,17.053,28.181,22.9097,11.1963,5.925
124,122,143,90,26,0.14,76.4,2.4,226,2026-10-05 06:50:00,PT5M,20.22,32.9935,26.9428,13.4972,7.4465
140,138,165,97,26,0.14,75.8,2.4,227,2026-10-05 06:55:00,PT5M,23.511,37.991,31.1319,15.8901,9.031
157,154,182,105,27,0.14,75.3,2.5,227,2026-10-05 07:00:00,PT5M,26.827,43.108,35.3958,18.2582,10.546
173,171,197,113,27,0.14,74.7,2.5,227,2026-10-05 07:05:00,PT5M,30.142,48.35,39.725,20.559,11.934
190,187,212,121,27,0.14,74.1,2.5,227,2026-10-05 07:10:00,PT5M,33.642,53.8775,44.2921,22.9919,13.4065
206,204,226,129,27,0.14,73.6,2.5,227,2026-10-05 07:15:00,PT5M,37.191,59.48,48.9219,25.4601,14.902
223,220,240,136,27,0.14,73.0,2.6,227,2026-10-05 07:20:00,PT5M,40.741,65.099,53.5608,27.9212,16.383
240,237,252,143,27,0.14,72.5,2.6,227,2026-10-05 07:25:00,PT5M,44.301,70.7355,58.2137,30.3883,17.8665
257,254,264,150,27,0.14,71.9,2.6,227,2026-10-05 07:30:00,PT5M,47.863,76.4335,62.8999,32.8261,19.2925
274,270,275,157,27,0.14,71.4,2.7,227,2026-10-05 07:35:00,PT5M,51.426,82.123,67.5821,35.2699,20.729
291,287,285,164,27,0.14,70.8,2.7,227,2026-10-05 07:40:00,PT5M,54.938,87.792,72.2293,37.6467,22.084
308,304,296,171,28,0.14,70.3,2.7,227,2026-10-05 07:45:00,PT5M,57.077,90.6555,74.7496,39.4044,23.4985
325,321,305,177,28,0.14,69.8,2.7,227,2026-10-05 07:50:00,PT5M,59.127,93.379,77.1541,41.0999,24.875
342,337,315,184,28,0.14,69.3,2.8,227,2026-10-05 07:55:00,PT5M,61.085,95.956,79.4379,42.7321,26.214
358,354,323,190,28,0.14,68.7,2.8,227,2026-10-05 08:00:00,PT5M,62.942,98.373,81.5896,44.2944,27.511
375,370,332,196,28,0.14,68.2,2.8,227,2026-10-05 08:05:00,PT5M,64.719,100.0,83.6316,45.8064,28.7845
391,386,341,201,28,0.14,67.7,2.8,227,2026-10-05 08:10:00,PT5M,66.404,100.0,85.5466,47.2614,30.0325
408,403,349,207,28,0.14,67.2,2.9,228,2026-10-05 08:15:00,PT5M,67.963,100.0,87.2895,48.6365,31.242
424,419,357,212,28,0.14,66.7,2.9,228,2026-10-05 08:20:00,PT5M,69.394,100.0,88.8516,49.9364,32.424
440,434,364,218,28,0.14,66.2,2.9,228,2026-10-05 08:25:00,PT5M,70.71,100.0,90.2594,51.1606,33.5655
455,450,370,223,28,0.14,65.7,3.0,228,2026-10-05 08:30:00,PT5M,71.949,100.0,91.5676,52.3304,34.673
472,466,379,227,29,0.14,65.0,3.0,228,2026-10-05 08:35:00,PT5M,73.328,100.0,92.97,53.686,36.0075
489,483,391,231,29,0.14,64.2,3.0,228,2026-10-05 08:40:00,PT5M,74.878,100.0,94.4985,55.2575,37.5985
506,500,402,234,29,0.14,63.4,3.0,228,2026-10-05 08:45:00,PT5M,76.359,100.0,95.9442,56.7738,39.1465
523,516,413,236,29,0.14,62.6,3.0,228,2026-10-05 08:50:00,PT5M,77.782,100.0,97.3167,58.2473,40.6655
540,533,424,239,29,0.14,61.8,3.0,229,2026-10-05 08:55:00,PT5M,79.149,100.0,98.6203,59.6777,42.153
556,549,435,241,29,0.14,61.0,3.0,229,2026-10-05 09:00:00,PT5M,80.47,100.0,99.8647,61.0753,43.6195
574,566,448,243,30,0.14,60.2,3.0,229,2026-10-05 09:05:00,PT5M,81.837,100.0,100.0,62.5152,45.125
590,583,459,244,30,0.14,59.4,3.0,229,2026-10-05 09:10:00,PT5M,83.139,100.0,100.0,63.9309,46.643
607,599,471,245,30,0.14,58.7,3.0,229,2026-10-05 09:15:00,PT5M,84.394,100.0,100.0,65.423,48.3485
623,615,483,246,30,0.14,57.9,3.0,229,2026-10-05 09:20:00,PT5M,85.605,100.0,100.0,66.8961,50.0575
640,631,494,247,30,0.14,57.2,3.0,230,2026-10-05 09:25:00,PT5M,86.772,100.0,100.0,68.3257,51.7235
656,647,506,247,30,0.14,56.4,3.0,230,2026-10-05 09:30:00,PT5M,87.898,100.0,100.0,69.7141,53.348
672,663,517,247,30,0.14,55.7,3.1,230,2026-10-05 09:35:00,PT5M,88.984,100.0,100.0,71.0627,54.933
687,678,529,247,31,0.14,55.0,3.1,230,2026-10-05 09:40:00,PT5M,90.032,100.0,100.0,72.3726,56.4785
702,693,539,247,31,0.14,54.3,3.1,230,2026-10-05 09:45:00,PT5M,91.0,100.0,100.0,73.5987,57.937
717,707,550,246,31,0.14,53.6,3.1,230,2026-10-05 09:50:00,PT5M,91.924,100.0,100.0,74.7782,59.3465
731,721,560,245,31,0.14,52.9,3.1,231,2026-10-05 09:55:00,PT5M,92.803,100.0,100.0,75.9106,60.707
745,735,570,245,31,0.14,52.2,3.1,231,2026-10-05 10:00:00,PT5M,93.648,100.0,100.0,77.0051,62.026
759,749,581,243,31,0.14,51.6,3.1,231,2026-10-05 10:05:00,PT5M,94.47,100.0,100.0,78.075,63.319
773,762,592,241,32,0.14,50.9,3.1,231,2026-10-05 10:10:00,PT5M,95.269,100.0,100.0,79.1203,64.586
786,775,603,239,32,0.14,50.3,3.1,231,2026-10-05 10:15:00,PT5M,96.035,100.0,100.0,80.13,65.815
799,788,613,237,32,0.14,49.6,3.1,231,2026-10-05 10:20:00,PT5M,96.769,100.0,100.0,81.105,67.007
811,800,624,234,32,0.14,49.0,3.1,232,2026-10-05 10:25:00,PT5M,97.472,100.0,100.0,82.0467,68.1635
823,812,635,231,32,0.14,48.4,3.1,232,2026-10-05 10:30:00,PT5M,98.15,100.0,100.0,82.9618,69.292
835,824,645,228,32,0.14,47.8,3.1,232,2026-10-05 10:35:00,PT5M,98.798,100.0,100.0,83.833,70.364
847,835,656,225,32,0.14,47.2,3.1,232,2026-10-05 10:40:00,PT5M,99.416,100.0,100.0,84.6594,71.378
858,846,667,222,33,0.14,46.6,3.2,232,2026-10-05 10:45:00,PT5M,100.0,100.0,100.0,85.4458,72.3465
868,856,677,218,33,0.14,46.0,3.2,232,2026-10-05 10:50:00,PT5M,100.0,100.0,100.0,85.6405,72.7165
879,866,688,214,33,0.14,45.4,3.2,233,2026-10-05 10:55:00,PT5M,100.0,100.0,100.0,85.8131,73.0445
888,876,698,210,33,0.14,44.8,3.2,233,2026-10-05 11:00:00,PT5M,100.0,100.0,100.0,85.9889,73.3785
897,885,708,206,33,0.14,44.3,3.2,233,2026-10-05 11:05:00,PT5M,100.0,100.0,100.0,86.1734,73.729
906,893,718,202,33,0.14,43.7,3.2,233,2026-10-05 11:10:00,PT5M,100.0,100.0,100.0,86.3502,74.065
914,901,728,198,34,0.14,43.1,3.2,233,2026-10-05 11:15:00,PT5M,100.0,100.0,100.0,86.5105,74.3695
922,909,737,193,34,0.14,42.6,3.2,233,2026-10-05 11:20:00,PT5M,100.0,100.0,100.0,86.6634,74.66
929,916,747,189,34,0.14,42.1,3.2,234,2026-10-05 11:25:00,PT5M,100.0,100.0,100.0,86.8089,74.9365
936,923,756,185,34,0.14,41.5,3.2,234,2026-10-05 11:30:00,PT5M,100.0,100.0,100.0,86.9481,75.201
936,923,751,188,34,0.14,41.4,3.2,233,2026-10-05 11:35:00,PT5M,100.0,100.0,100.0,86.9347,75.1755
930,916,733,198,34,0.14,41.7,3.2,231,2026-10-05 11:40:00,PT5M,100.0,100.0,100.0,86.7676,74.858
922,910,715,208,34,0.14,42.0,3.2,230,2026-10-05 11:45:00,PT5M,100.0,100.0,100.0,86.5923,74.525
915,902,697,218,34,0.14,42.3,3.3,228,2026-10-05 11:50:00,PT5M,100.0,100.0,100.0,86.4092,74.177
907,894,679,227,34,0.14,42.6,3.3,227,2026-10-05 11:55:00,PT5M,100.0,100.0,100.0,86.2181,73.814
898,886,662,237,34,0.14,43.0,3.3,225,2026-10-05 12:00:00,PT5M,99.868,100.0,100.0,85.888,73.3055
889,877,643,246,34,0.14,43.3,3.3,223,2026-10-05 12:05:00,PT5M,99.081,100.0,100.0,84.8939,72.125
879,867,624,256,33,0.14,43.6,3.3,222,2026-10-05 12:10:00,PT5M,98.256,100.0,100.0,83.8533,70.8905
868,857,606,265,33,0.14,43.9,3.4,220,2026-10-05 12:15:00,PT5M,97.407,100.0,100.0,82.783,69.621
857,847,587,274,33,0.14,44.2,3.4,219,2026-10-05 12:20:00,PT5M,96.532,100.0,100.0,81.6812,68.315
846,836,569,282,33,0.14,44.6,3.4,217,2026-10-05 12:25:00,PT5M,95.63,100.0,100.0,80.5479,66.9735
834,824,550,290,33,0.14,44.9,3.5,216,2026-10-05 12:30:00,PT5M,94.7,100.0,100.0,79.3831,65.5975
822,813,532,298,33,0.14,45.2,3.5,215,2026-10-05 12:35:00,PT5M,93.807,100.0,100.0,78.2396,64.2285
810,800,515,305,33,0.14,45.5,3.5,213,2026-10-05 12:40:00,PT5M,92.821,100.0,100.0,76.9878,62.7375
797,788,497,312,33,0.14,45.9,3.6,212,2026-10-05 12:45:00,PT5M,91.795,100.0,100.0,75.6845,61.1845
784,775,480,318,33,0.14,46.2,3.6,210,2026-10-05 12:50:00,PT5M,90.734,100.0,100.0,74.344,59.5925
771,762,462,324,33,0.14,46.6,3.6,209,2026-10-05 12:55:00,PT5M,89.656,100.0,100.0,72.9979,58.005
757,749,445,329,33,0.14,46.9,3.7,208,2026-10-05 13:00:00,PT5M,88.553,100.0,100.0,71.6328,56.404
743,735,429,334,33,0.14,47.2,3.7,207,2026-10-05 13:05:00,PT5M,87.403,100.0,100.0,70.2064,54.729
729,721,413,338,33,0.14,47.6,3.8,205,2026-10-05 13:10:00,PT5M,86.218,100.0,100.0,68.7433,53.0155
715,707,397,341,33,0.14,47.9,3.8,204,2026-10-05 13:15:00,PT5M,84.991,100.0,100.0,67.2373,51.2585
700,693,382,344,32,0.14,48.3,3.9,203,2026-10-05 13:20:00,PT5M,83.725,100.0,100.0,65.6935,49.4645
685,679,367,347,32,0.14,48.7,3.9,202,2026-10-05 13:25:00,PT5M,82.419,100.0,100.0,64.1109,47.633
670,664,352,349,32,0.14,49.0,4.0,201,2026-10-05 13:30:00,PT5M,81.019,100.0,99.6013,62.4367,45.712
655,649,337,350,32,0.14,49.4,4.0,200,2026-10-05 13:35:00,PT5M,79.643,100.0,98.4885,60.7975,43.836
640,635,322,351,32,0.14,49.7,4.1,199,2026-10-05 13:40:00,PT5M,78.227,100.0,97.3246,59.1294,41.941
625,619,308,352,32,0.14,50.1,4.2,198,2026-10-05 13:45:00,PT5M,76.77,100.0,96.1189,57.4211,40.0065
609,604,294,352,32,0.14,50.5,4.2,197,2026-10-05 13:50:00,PT5M,75.27,100.0,94.8689,55.6711,38.0315
594,589,280,351,32,0.14,50.8,4.3,196,2026-10-05 13:55:00,PT5M,73.727,100.0,93.5746,53.8794,36.016
578,574,266,350,32,0.14,51.2,4.3,195,2026-10-05 14:00:00,PT5M,72.138,100.0,92.234,52.042,33.955
562,558,253,349,32,0.14,51.6,4.4,194,2026-10-05 14:05:00,PT5M,70.518,100.0,90.86,50.176,31.8675
546,543,240,347,32,0.14,52.0,4.5,193,2026-10-05 14:10:00,PT5M,68.852,100.0,89.438,48.266,29.738
530,527,227,345,32,0.14,52.4,4.5,192,2026-10-05 14:15:00,PT5M,67.119,100.0,87.9476,46.2904,27.544
514,511,214,342,32,0.14,52.7,4.6,192,2026-10-05 14:20:00,PT5M,65.345,100.0,86.4131,44.2769,25.315
498,495,202,339,31,0.14,53.1,4.7,191,2026-10-05 14:25:00,PT5M,63.538,100.0,84.8232,42.2528,23.0955
482,479,189,335,31,0.14,53.5,4.7,190,2026-10-05 14:30:00,PT5M,61.692,100.0,83.0693,40.3147,21.0745
467,465,179,330,31,0.14,53.8,4.7,190,2026-10-05 14:35:00,PT5M,59.992,100.0,81.4348,38.5492,19.25
453,451,171,325,31,0.14,53.9,4.7,190,2026-10-05 14:40:00,PT5M,58.439,99.2615,79.9242,36.9538,17.6165
439,437,162,320,31,0.14,54.0,4.6,190,2026-10-05 14:45:00,PT5M,56.848,97.7495,78.3748,35.3212,15.9465
425,423,154,314,31,0.14,54.2,4.5,191,2026-10-05 14:50:00,PT5M,55.224,96.18,76.7794,33.6686,14.268
411,410,146,308,31,0.14,54.3,4.5,191,2026-10-05 14:55:00,PT5M,53.643,94.621,75.21,32.076,12.665
398,396,139,302,31,0.14,54.4,4.4,191,2026-10-05 15:00:00,PT5M,52.025,92.998,73.5894,30.4606,11.052
384,382,132,295,31,0.14,54.6,4.3,192,2026-10-05 15:05:00,PT5M,50.383,91.33,71.9337,28.8323,9.436
370,369,124,289,31,0.14,54.7,4.3,192,2026-10-05 15:10:00,PT5M,48.722,89.6225,70.2482,27.1958,7.8215
356,355,117,281,31,0.14,54.8,4.2,193,2026-10-05 15:15:00,PT5M,47.008,87.8325,68.4942,25.5218,6.1835
343,341,110,274,31,0.14,54.9,4.1,193,2026-10-05 15:20:00,PT5M,45.48,86.1925,66.9073,24.0527,4.7675
329,328,103,267,31,0.14,55.1,4.1,193,2026-10-05 15:25:00,PT5M,43.682,84.24,65.028,22.336,3.124
315,314,96,259,31,0.14,55.2,4.0,194,2026-10-05 15:30:00,PT5M,41.841,82.1835,63.0735,20.6085,1.4985
301,300,88,251,31,0.14,55.3,4.0,194,2026-10-05 15:35:00,PT5M,39.909,79.955,60.9855,18.8325,0.0
286,286,79,243,31,0.14,55.5,3.9,195,2026-10-05 15:40:00,PT5M,37.899,77.5445,58.7647,17.0333,0.0
272,272,71,235,31,0.14,55.6,3.8,195,2026-10-05 15:45:00,PT5M,35.849,75.005,56.4571,15.2409,0.0
258,257,62,226,31,0.14,55.7,3.8,196,2026-10-05 15:50:00,PT5M,33.761,72.344,54.0675,13.4545,0.0
244,244,54,217,31,0.14,55.9,3.7,196,2026-10-05 15:55:00,PT5M,31.638,69.5735,51.6037,11.6723,0.0
230,230,45,208,31,0.14,56.0,3.6,197,2026-10-05 16:00:00,PT5M,29.483,66.706,49.0737,9.8923,0.0
216,216,37,199,31,0.14,56.1,3.6,197,2026-10-05 16:05:00,PT5M,27.281,63.7175,46.4578,8.1042,0.0
202,202,28,190,30,0.14,56.3,3.5,198,2026-10-05 16:10:00,PT5M,25.336,60.912,44.0599,6.6121,0.0
189,189,19,181,30,0.14,56.4,3.5,198,2026-10-05 16:15:00,PT5M,23.335,56.621,40.8537,5.8163,0.0
175,176,10,172,30,0.14,56.5,3.4,199,2026-10-05 16:20:00,PT5M,21.275,52.309,37.6084,4.9416,0.0
162,163,2,162,30,0.14,56.7,3.3,200,2026-10-05 16:25:00,PT5M,19.234,47.9915,34.3693,4.0987,0.0
149,150,0,150,30,0.14,56.8,3.3,200,2026-10-05 16:30:00,PT5M,17.707,44.253,31.6783,3.7357,0.0
137,137,0,137,30,0.14,56.9,3.2,201,2026-10-05 16:35:00,PT5M,16.284,40.6205,29.0925,3.4755,0.0
125,125,0,125,30,0.14,57.1,3.1,202,2026-10-05 16:40:00,PT5M,14.829,36.956,26.4746,3.1834,0.0
113,113,0,113,30,0.14,57.2,3.1,202,2026-10-05 16:45:00,PT5M,13.383,33.3235,23.8778,2.8882,0.0
101,101,0,101,30,0.14,57.3,3.0,203,2026-10-05 16:50:00,PT5M,11.962,29.7575,21.3279,2.5961,0.0
89,89,0,89,30,0.14,57.5,3.0,204,2026-10-05 16:55:00,PT5M,10.543,26.271,18.8208,2.2652,0.0
78,78,0,78,30,0.14,57.6,2.9,205,2026-10-05 17:00:00,PT5M,9.165,22.929,16.4091,1.9209,0.0
67,67,0,67,30,0.14,57.7,2.9,205,2026-10-05 17:05:00,PT5M,7.773,19.6495,14.0237,1.5223,0.0
56,57,0,57,30,0.14,57.9,2.8,206,2026-10-05 17:10:00,PT5M,6.465,16.5015,11.7473,1.1827,0.0
47,47,0,47,30,0.14,58.0,2.7,207,2026-10-05 17:15:00,PT5M,5.313,13.5475,9.6469,0.9791,0.0
38,38,0,38,30,0.14,58.2,2.7,208,2026-10-05 17:20:00,PT5M,4.213,10.708,7.6314,0.7946,0.0
30,30,0,30,30,0.14,58.3,2.6,209,2026-10-05 17:25:00,PT5M,3.14,7.9875,5.6913,0.5887,0.0
23,23,0,23,30,0.14,58.4,2.6,210,2026-10-05 17:30:00,PT5M,2.242,5.6465,4.0338,0.4502,0.0
16,16,0,16,30,0.14,58.7,2.6,211,2026-10-05 17:35:00,PT5M,1.455,3.567,2.5666,0.3434,0.0
11,11,0,11,30,0.14,59.1,2.6,211,2026-10-05 17:40:00,PT5M,0.732,1.859,1.3251,0.1389,0.0
6,6,0,6,30,0.14,59.4,2.6,212,2026-10-05 17:45:00,PT5M,0.076,0.5135,0.3063,0.0,0.0
2,2,0,2,29,0.14,59.8,2.6,212,2026-10-05 17:50:00,PT5M,0.0,0.0,0.0,0.0,0.0
0,0,0,0,29,0.14,60.2,2.6,213,2026-10-05 17:55:00,PT5M,0.0,0.0,0.0,0.0,0.0
0,0,0,0,29,0.14,60.5,2.7,213,2026-10-05 18:00:00,PT5M,0.0,0.0,0.0,0.0,0.0
0,0,0,0,29,0.14,60.9,2.7,214,2026-10-05 18:05:00,PT5M,0.0,0.0,0.0,0.0,0.0
0,0,0,0,29,0.14,61.3,2.7,214,2026-10-05 18:10:00,PT5M,0.0,0.0,0.0,0.0,0.0
0,0,0,0,29,0.14,61.7,2.7,214,2026-10-05 18:15:00,PT5M,0.0,0.0,0.0,0.0,0.0
0,0,0,0,29,0.14,62.0,2.7,215,2026-10-05 18:20:00,PT5M,0.0,0.0,0.0,0.0,0.0
0,0,0,0,29,0.14,62.4,2.8,215,2026-10-05 18:25:00,PT5M,0.0,0.0,0.0,0.0,0.0
0,0,0,0,29,0.14,62.8,2.8,216,2026-10-05 18:30:00,PT5M,0.0,0.0,0.0,0.0,0.0
0,0,0,0,29,0.14,63.2,2.8,216,2026-10-05 18:35:00,PT5M,0.0,0.0,0.0,0.0,0.0
0,0,0,0,29,0.14,63.6,2.8,216,2026-10-05 18:40:00,PT5M,0.0,0.0,0.0,0.0,0.0
0,0,0,0,28,0.14,64.0,2.8,217,2026-10-05 18:45:00,PT5M,0.0,0.0,0.0,0.0,0.0
0,0,0,0,28,0.14,64.4,2.9,217,2026-10-05 18:50:00,PT5M,0.0,0.0,0.0,0.0,0.0
0,0,0,0,28,0.14,64.8,2.9,217,2026-10-05 18:55:00,PT5M,0.0,0.0,0.0,0.0,0.0
0,0,0,0,28,0.14,65.2,2.9,218,2026-10-05 19:00:00,PT5M,0.0,0.0,0.0,0.0,0.0
0,0,0,0,28,0.14,65.6,2.9,218,2026-10-05 19:05:00,PT5M,0.0,0.0,0.0,0.0,0.0
0,0,0,0,28,0.14,66.0,3.0,219,2026-10-05 19:10:00,PT5M,0.0,0.0,0.0,0.0,0.0
0,0,0,0,28,0.14,66.4,3.0,219,2026-10-05 19:15:00,PT5M,0.0,0.0,0.0,0.0,0.0
0,0,0,0,28,0.14,66.8,3.0,219,2026-10-05 19:20:00,PT5M,0.0,0.0,0.0,0.0,0.0
0,0,0,0,28,0.14,67.2,3.0,220,2026-10-05 19:25:00,PT5M,0.0,0.0,0.0,0.0,0.0
0,0,0,0,28,0.14,67.6,3.0,220,2026-10-05 19:30:00,PT5M,0.0,0.0,0.0,0.0,0.0
0,0,0,0,28,0.14,68.1,3.1,220,2026-10-05 19:35:00,PT5M,0.0,0.0,0.0,0.0,0.0
0,0,0,0,27,0.14,68.5,3.1,221,2026-10-05 19:40:00,PT5M,0.0,0.0,0.0,0.0,0.0
0,0,0,0,27,0.14,68.9,3.1,221,2026-10-05 19:45:00,PT5M,0.0,0.0,0.0,0.0,0.0
0,0,0,0,27,0.14,69.4,3.1,221,2026-10-05 19:50:00,PT5M,0.0,0.0,0.0,0.0,0.0
0,0,0,0,27,0.14,69.8,3.2,222,2026-10-05 19:55:00,PT5M,0.0,0.0,0.0,0.0,0.0
0,0,0,0,27,0.14,70.2,3.2,222,2026-10-05 20:00:00,PT5M,0.0,0.0,0.0,0.0,0.0
0,0,0,0,27,0.14,70.7,3.2,222,2026-10-05 20:05:00,PT5M,0.0,0.0,0.0,0.0,0.0
0,0,0,0,27,0.14,71.1,3.2,222,2026-10-05 20:10:00,PT5M,0.0,0.0,0.0,0.0,0.0
0,0,0,0,27,0.14,71.6,3.2,223,2026-10-05 20:15:00,PT5M,0.0,0.0,0.0,0.0,0.0
0,0,0,0,27,0.14,72.0,3.3,223,2026-10-05 20:20:00,PT5M,0.0,0.0,0.0,0.0,0.0
0,0,0,0,27,0.14,72.5,3.3,223,2026-10-05 20:25:00,PT5M,0.0,0.0,0.0,0.0,0.0
0,0,0,0,26,0.14,72.9,3.3,224,2026-10-05 20:30:00,PT5M,0.0,0.0,0.0,0.0,0.0
0,0,0,0,26,0.14,73.2,3.3,224,2026-10-05 20:35:00,PT5M,0.0,0.0,0.0,0.0,0.0
0,0,0,0,26,0.14,73.4,3.3,224,2026-10-05 20:40:00,PT5M,0.0,0.0,0.0,0.0,0.0
0,0,0,0,26,0.14,73.5,3.2,224,2026-10-05 20:45:00,PT5M,0.0,0.0,0.0,0.0,0.0
0,0,0,0,26,0.14,73.7,3.2,224,2026-10-05 20:50:00,PT5M,0.0,0.0,0.0,0.0,0.0
0,0,0,0,26,0.14,73.8,3.1,225,2026-10-05 20:55:00,PT5M,0.0,0.0,0.0,0.0,0.0
0,0,0,0,26,0.14,74.0,3.1,225,2026-10-05 21:00:00,PT5M,0.0,0.0,0.0,0.0,0.0
0,0,0,0,26,0.14,74.2,3.1,225,2026-10-05 21:05:00,PT5M,0.0,0.0,0.0,0.0,0.0
0,0,0,0,26,0.14,74.3,3.0,225,2026-10-05 21:10:00,PT5M,0.0,0.0,0.0,0.0,0.0
0,0,0,0,26,0.14,74.5,3.0,226,2026-10-05 21:15:00,PT5M,0.0,0.0,0.0,0.0,0.0
0,0,0,0,26,0.14,74.6,3.0,226,2026-10-05 21:20:00,PT5M,0.0,0.0,0.0,0.0,0.0
0,0,0,0,26,0.14,74.8,2.9,226,2026-10-05 21:25:00,PT5M,0.0,0.0,0.0,0.0,0.0
0,0,0,0,26,0.14,75.0,2.9,226,2026-10-05 21:30:00,PT5M,0.0,0.0,0.0,0.0,0.0
0,0,0,0,26,0.14,75.1,2.8,227,2026-10-05 21:35:00,PT5M,0.0,0.0,0.0,0.0,0.0
0,0,0,0,26,0.14,75.3,2.8,227,2026-10-05 21:40:00,PT5M,0.0,0.0,0.0,0.0,0.0
0,0,0,0,26,0.14,75.4,2.8,227,2026-10-05 21:45:00,PT5M,0.0,0.0,0.0,0.0,0.0
0,0,0,0,26,0.14,75.6,2.7,227,2026-10-05 21:50:00,PT5M,0.0,0.0,0.0,0.0,0.0
0,0,0,0,26,0.14,75.8,2.7,228,2026-10-05 21:55:00,PT5M,0.0,0.0,0.0,0.0,0.0
0,0,0,0,26,0.14,75.9,2.6,228,2026-10-05 22:00:00,PT5M,0.0,0.0,0.0,0.0,0.0
0,0,0,0,26,0.14,76.1,2.6,228,2026-10-05 22:05:00,PT5M,0.0,0.0,0.0,0.0,0.0
0,0,0,0,26,0.14,76.3,2.6,229,2026-10-05 22:10:00,PT5M,0.0,0.0,0.0,0.0,0.0
0,0,0,0,26,0.14,76.4,2.5,229,2026-10-05 22:15:00,PT5M,0.0,0.0,0.0,0.0,0.0
0,0,0,0,26,0.14,76.6,2.5,229,2026-10-05 22:20:00,PT5M,0.0,0.0,0.0,0.0,0.0
0,0,0,0,26,0.14,76.8,2.4,230,2026-10-05 22:25:00,PT5M,0.0,0.0,0.0,0.0,0.0
0,0,0,0,26,0.14,76.9,2.4,230,2026-10-05 22:30:00,PT5M,0.0,0.0,0.0,0.0,0.0
0,0,0,0,26,0.14,77.1,2.4,230,2026-10-05 22:35:00,PT5M,0.0,0.0,0.0,0.0,0.0
0,0,0,0,26,0.14,77.3,2.3,231,2026-10-05 22:40:00,PT5M,0.0,0.0,0.0,0.0,0.0
0,0,0,0,26,0.14,77.4,2.3,231,2026-10-05 22:45:00,PT5M,0.0,0.0,0.0,0.0,0.0
0,0,0,0,26,0.14,77.6,2.3,231,2026-10-05 22:50:00,PT5M,0.0,0.0,0.0,0.0,0.0
0,0,0,0,26,0.14,77.8,2.2,232,2026-10-05 22:55:00,PT5M,0.0,0.0,0.0,0.0,0.0
0,0,0,0,26,0.14,77.9,2.2,232,2026-10-05 23:00:00,PT5M,0.0,0.0,0.0,0.0,0.0
0,0,0,0,26,0.14,78.1,2.1,233,2026-10-05 23:05:00,PT5M,0.0,0.0,0.0,0.0,0.0
0,0,0,0,25,0.14,78.3,2.1,233,2026-10-05 23:10:00,PT5M,0.0,0.0,0.0,0.0,0.0
0,0,0,0,25,0.14,78.4,2.1,234,2026-10-05 23:15:00,PT5M,0.0,0.0,0.0,0.0,0.0
0,0,0,0,25,0.14,78.6,2.0,234,2026-10-05 23:20:00,PT5M,0.0,0.0,0.0,0.0,0.0
0,0,0,0,25,0.14,78.8,2.0,235,2026-10-05 23:25:00,PT5M,0.0,0.0,0.0,0.0,0.0
0,0,0,0,25,0.14,78.9,2.0,235,2026-10-05 23:30:00,PT5M,0.0,0.0,0.0,0.0,0.0
0,0,0,0,25,0.14,79.1,1.9,235,2026-10-05 23:35:00,PT5M,0.0,0.0,0.0,0.0,0.0
0,0,0,0,25,0.14,79.2,1.9,235,2026-10-05 23:40:00,PT5M,0.0,0.0,0.0,0.0,0.0
0,0,0,0,25,0.14,79.3,1.9,235,2026-10-05 23:45:00,PT5M,0.0,0.0,0.0,0.0,0.0
0,0,0,0,25,0.14,79.3,1.9,235,2026-10-05 23:50:00,PT5M,0.0,0.0,0.0,0.0,0.0
0,0,0,0,25,0.14,79.4,1.8,235,2026-10-05 23:55:00,PT5M,0.0,0.0,0.0,0.0,0.0
0,0,0,0,25,0.14,79.5,1.8,235,2026-10-06 00:00:00,PT5M,0.0,0.0,0.0,0.0,0.0
0,0,0,0,25,0.14,79.6,1.8,235,2026-10-06 00:05:00,PT5M,0.0,0.0,0.0,0.0,0.0
0,0,0,0,25,0.14,79.7,1.7,235,2026-10-06 00:10:00,PT5M,0.0,0.0,0.0,0.0,0.0
0,0,0,0,25,0.14,79.8,1.7,235,2026-10-06 00:15:00,PT5M,0.0,0.0,0.0,0.0,0.0
0,0,0,0,25,0.14,79.9,1.7,235,2026-10-06 00:20:00,PT5M,0.0,0.0,0.0,0.0,0.0
0,0,0,0,25,0.14,80.0,1.7,235,2026-10-06 00:25:00,PT5M,0.0,0.0,0.0,0.0,0.0
0,0,0,0,25,0.14,80.1,1.6,235,2026-10-06 00:30:00,PT5M,0.0,0.0,0.0,0.0,0.0
0,0,0,0,25,0.14,80.2,1.6,235,2026-10-06 00:35:00,PT5M,0.0,0.0,0.0,0.0,0.0
0,0,0,0,25,0.14,80.3,1.6,235,2026-10-06 00:40:00,PT5M,0.0,0.0,0.0,0.0,0.0
0,0,0,0,25,0.14,80.4,1.6,235,2026-10-06 00:45:00,PT5M,0.0,0.0,0.0,0.0,0.0
0,0,0,0,25,0.14,80.4,1.5,235,2026-10-06 00:50:00,PT5M,0.0,0.0,0.0,0.0,0.0
0,0,0,0,25,0.14,80.5,1.5,235,2026-10-06 00:55:00,PT5M,0.0,0.0,0.0,0.0,0.0
0,0,0,0,25,0.14,80.6,1.5,235,2026-10-06 01:00:00,PT5M,0.0,0.0,0.0,0.0,0.0
0,0,0,0,25,0.14,80.7,1.5,235,2026-10-06 01:05:00,PT5M,0.0,0.0,0.0,0.0,0.0
0,0,0,0,25,0.14,80.8,1.4,235,2026-10-06 01:10:00,PT5M,0.0,0.0,0.0,0.0,0.0
0,0,0,0,25,0.14,80.9,1.4,235,2026-10-06 01:15:00,PT5M,0.0,0.0,0.0,0.0,0.0
0,0,0,0,25,0.14,81.0,1.4,234,2026-10-06 01:20:00,PT5M,0.0,0.0,0.0,0.0,0.0
0,0,0,0,25,0.14,81.1,1.4,234,2026-10-06 01:25:00,PT5M,0.0,0.0,0.0,0.0,0.0
0,0,0,0,25,0.14,81.2,1.3,234,2026-10-06 01:30:00,PT5M,0.0,0.0,0.0,0.0,0.0
0,0,0,0,25,0.14,81.3,1.3,234,2026-10-06 01:35:00,PT5M,0.0,0.0,0.0,0.0,0.0
0,0,0,0,25,0.14,81.4,1.3,234,2026-10-06 01:40:00,PT5M,0.0,0.0,0.0,0.0,0.0
0,0,0,0,25,0.14,81.5,1.2,234,2026-10-06 01:45:00,PT5M,0.0,0.0,0.0,0.0,0.0
0,0,0,0,25,0.14,81.6,1.2,234,2026-10-06 01:50:00,PT5M,0.0,0.0,0.0,0.0,0.0
0,0,0,0,25,0.14,81.7,1.2,234,2026-10-06 01:55:00,PT5M,0.0,0.0,0.0,0.0,0.0
0,0,0,0,25,0.14,81.8,1.2,234,2026-10-06 02:00:00,PT5M,0.0,0.0,0.0,0.0,0.0
0,0,0,0,25,0.14,81.9,1.1,234,2026-10-06 02:05:00,PT5M,0.0,0.0,0.0,0.0,0.0
0,0,0,0,25,0.14,82.0,1.1,234,2026-10-06 02:10:00,PT5M,0.0,0.0,0.0,0.0,0.0
0,0,0,0,25,0.14,82.0,1.1,234,2026-10-06 02:15:00,PT5M,0.0,0.0,0.0,0.0,0.0
0,0,0,0,25,0.14,82.1,1.1,233,2026-10-06 02:20:00,PT5M,0.0,0.0,0.0,0.0,0.0
0,0,0,0,25,0.14,82.2,1.0,233,2026-10-06 02:25:00,PT5M,0.0,0.0,0.0,0.0,0.0
0,0,0,0,25,0.14,82.3,1.0,233,2026-10-06 02:30:00,PT5M,0.0,0.0,0.0,0.0,0.0
0,0,0,0,25,0.14,82.4,1.0,233,2026-10-06 02:35:00,PT5M,0.0,0.0,0.0,0.0,0.0
0,0,0,0,25,0.14,82.4,1.0,233,2026-10-06 02:40:00,PT5M,0.0,0.0,0.0,0.0,0.0
0,0,0,0,25,0.14,82.4,1.0,233,2026-10-06 02:45:00,PT5M,0.0,0.0,0.0,0.0,0.0
0,0,0,0,25,0.14,82.5,0.9,232,2026-10-06 02:50:00,PT5M,0.0,0.0,0.0,0.0,0.0
0,0,0,0,25,0.14,82.5,0.9,232,2026-10-06 02:55:00,PT5M,0.0,0.0,0.0,0.0,0.0
0,0,0,0,25,0.14,82.5,0.9,232,2026-10-06 03:00:00,PT5M,0.0,0.0,0.0,0.0,0.0
0,0,0,0,24,0.14,82.6,0.9,232,2026-10-06 03:05:00,PT5M,0.0,0.0,0.0,0.0,0.0
0,0,0,0,24,0.14,82.6,0.9,231,2026-10-06 03:10:00,PT5M,0.0,0.0,0.0,0.0,0.0
0,0,0,0,24,0.14,82.6,0.9,231,2026-10-06 03:15:00,PT5M,0.0,0.0,0.0,0.0,0.0
0,0,0,0,24,0.14,82.6,0.9,231,2026-10-06 03:20:00,PT5M,0.0,0.0,0.0,0.0,0.0
0,0,0,0,24,0.14,82.7,0.8,230,2026-10-06 03:25:00,PT5M,0.0,0.0,0.0,0.0,0.0
0,0,0,0,24,0.14,82.7,0.8,230,2026-10-06 03:30:00,PT5M,0.0,0.0,0.0,0.0,0.0
0,0,0,0,24,0.14,82.7,0.8,230,2026-10-06 03:35:00,PT5M,0.0,0.0,0.0,0.0,0.0
0,0,0,0,24,0.14,82.7,0.8,229,2026-10-06 03:40:00,PT5M,0.0,0.0,0.0,0.0,0.0
0,0,0,0,24,0.14,82.8,0.8,229,2026-10-06 03:45:00,PT5M,0.0,0.0,0.0,0.0,0.0
0,0,0,0,24,0.14,82.8,0.8,229,2026-10-06 03:50:00,PT5M,0.0,0.0,0.0,0.0,0.0
0,0,0,0,24,0.14,82.8,0.8,228,2026-10-06 03:55:00,PT5M,0.0,0.0,0.0,0.0,0.0
0,0,0,0,24,0.14,82.9,0.8,228,2026-10-06 04:00:00,PT5M,0.0,0.0,0.0,0.0,0.0
0,0,0,0,24,0.14,82.9,0.7,228,2026-10-06 04:05:00,PT5M,0.0,0.0,0.0,0.0,0.0
0,0,0,0,24,0.14,82.9,0.7,227,2026-10-06 04:10:00,PT5M,0.0,0.0,0.0,0.0,0.0
0,0,0,0,24,0.14,82.9,0.7,227,2026-10-06 04:15:00,PT5M,0.0,0.0,0.0,0.0,0.0
0,0,0,0,24,0.14,83.0,0.7,226,2026-10-06 04:20:00,PT5M,0.0,0.0,0.0,0.0,0.0
0,0,0,0,24,0.14,83.0,0.7,226,2026-10-06 04:25:00,PT5M,0.0,0.0,0.0,0.0,0.0
0,0,0,0,24,0.14,83.0,0.7,225,2026-10-06 04:30:00,PT5M,0.0,0.0,0.0,0.0,0.0
0,0,0,0,24,0.14,83.0,0.7,225,2026-10-06 04:35:00,PT5M,0.0,0.0,0.0,0.0,0.0
0,0,0,0,24,0.14,83.1,0.6,224,2026-10-06 04:40:00,PT5M,0.0,0.0,0.0,0.0,0.0
0,0,0,0,24,0.14,83.1,0.6,224,2026-10-06 04:45:00,PT5M,0.0,0.0,0.0,0.0,0.0
0,0,0,0,24,0.14,83.1,0.6,223,2026-10-06 04:50:00,PT5M,0.0,0.0,0.0,0.0,0.0
0,0,0,0,24,0.14,83.2,0.6,222,2026-10-06 04:55:00,PT5M,0.0,0.0,0.0,0.0,0.0
0,0,0,0,24,0.14,83.2,0.6,222,2026-10-06 05:00:00,PT5M,0.0,0.0,0.0,0.0,0.0
0,0,0,0,24,0.14,83.2,0.6,221,2026-10-06 05:05:00,PT5M,0.0,0.0,0.0,0.0,0.0
0,0,0,0,24,0.14,83.2,0.6,220,2026-10-06 05:10:00,PT5M,0.0,0.0,0.0,0.0,0.0
0,0,0,0,24,0.14,83.3,0.5,220,2026-10-06 05:15:00,PT5M,0.0,0.0,0.0,0.0,0.0
0,0,0,0,24,0.14,83.3,0.5,219,2026-10-06 05:20:00,PT5M,0.0,0.0,0.0,0.0,0.0
0,0,0,0,24,0.14,83.3,0.5,218,2026-10-06 05:25:00,PT5M,0.0,0.0,0.0,0.0,0.0
0,0,0,0,24,0.14,83.3,0.5,217,2026-10-06 05:30:00,PT5M,0.0,0.0,0.0,0.0,0.0
0,0,0,0,24,0.14,83.1,0.5,217,2026-10-06 05:35:00,PT5M,0.0,0.0,0.0,0.0,0.0
0,0,0,0,24,0.14,82.5,0.4,216,2026-10-06 05:40:00,PT5M,0.0,0.0,0.0,0.0,0.0
0,0,0,0,25,0.14,81.9,0.4,215,2026-10-06 05:45:00,PT5M,0.0,0.0,0.0,0.0,0.0
0,0,0,0,25,0.14,81.3,0.4,215,2026-10-06 05:50:00,PT5M,0.0,0.0,0.0,0.0,0.0
0,0,0,0,25,0.14,80.7,0.3,214,2026-10-06 05:55:00,PT5M,0.0,0.0,0.0,0.0,0.0
3,3,0,3,25,0.14,80.2,0.3,212,2026-10-06 06:00:00,PT5M,0.0,0.0,0.0,0.0,0.0
8,8,0,8,25,0.14,79.6,0.2,211,2026-10-06 06:05:00,PT5M,0.405,0.9515,0.6926,0.1174,0.0
15,15,0,15,25,0.14,79.0,0.2,208,2026-10-06 06:10:00,PT5M,1.285,2.5885,1.971,0.599,0.0
22,22,0,22,25,0.14,78.5,0.2,204,2026-10-06 06:15:00,PT5M,2.282,4.74,3.5757,0.9883,0.0
31,31,0,31,26,0.14,77.9,0.1,198,2026-10-06 06:20:00,PT5M,3.389,7.292,5.4432,1.3348,0.0
41,41,0,41,26,0.14,77.4,0.1,186,2026-10-06 06:25:00,PT5M,4.669,10.132,7.5442,1.7938,0.0
53,53,0,53,26,0.14,76.8,0.1,158,2026-10-06 06:30:00,PT5M,6.195,13.4585,10.0178,2.3722,0.0
65,65,0,65,26,0.14,76.3,0.1,111,2026-10-06 06:35:00,PT5M,7.756,16.9415,12.5904,2.9216,0.0
79,79,14,76,26,0.14,75.8,0.1,81,2026-10-06 06:40:00,PT5M,9.847,20.997,15.7153,3.9787,0.0
94,93,40,85,26,0.14,75.2,0.1,67,2026-10-06 06:45:00,PT5M,12.645,25.7635,19.5494,5.7406,0.0
110,109,67,94,26,0.14,74.7,0.1,61,2026-10-06 06:50:00,PT5M,15.742,30.841,23.6887,7.7953,0.643
126,125,95,102,26,0.14,74.2,0.2,57,2026-10-06 06:55:00,PT5M,19.032,36.205,28.0703,9.9937,1.859
143,142,121,109,27,0.14,73.7,0.2,54,2026-10-06 07:00:00,PT5M,22.547,41.8495,32.706,12.388,3.2445
160,159,144,117,27,0.14,73.1,0.3,52,2026-10-06 07:05:00,PT5M,26.119,47.577,37.4125,14.8255,4.661
178,176,165,124,27,0.14,72.6,0.3,51,2026-10-06 07:10:00,PT5M,29.847,53.4475,42.2681,17.4259,6.2465
196,193,187,131,27,0.14,72.1,0.4,50,2026-10-06 07:15:00,PT5M,33.765,59.5105,47.315,20.215,8.0195
214,211,209,137,27,0.14,71.6,0.4,49,2026-10-06 07:20:00,PT5M,37.849,65.7295,52.5227,23.1753,9.9685
233,229,231,143,27,0.14,71.1,0.4,49,2026-10-06 07:25:00,PT5M,42.079,72.0895,57.8737,26.2843,12.0685
252,248,253,149,27,0.14,70.6,0.5,48,2026-10-06 07:30:00,PT5M,46.47,78.628,63.395,29.545,14.312
272,268,276,154,28,0.14,70.1,0.5,48,2026-10-06 07:35:00,PT5M,51.096,85.43,69.1662,33.0258,16.762
292,288,301,158,28,0.14,69.7,0.6,47,2026-10-06 07:40:00,PT5M,55.897,92.373,75.0946,36.6994,19.421
313,308,326,161,28,0.14,69.2,0.6,47,2026-10-06 07:45:00,PT5M,59.397,96.434,78.8898,39.9042,22.36
334,329,351,164,28,0.14,68.7,0.6,46,2026-10-06 07:50:00,PT5M,62.845,100.0,82.6005,43.0895,25.309
356,350,377,166,28,0.14,68.2,0.7,46,2026-10-06 07:55:00,PT5M,66.186,100.0,86.1701,46.2019,28.2155
378,372,403,168,28,0.14,67.7,0.7,46,2026-10-06 08:00:00,PT5M,69.493,100.0,89.6677,49.3183,31.1605
400,394,430,168,28,0.14,67.3,0.8,46,2026-10-06 08:05:00,PT5M,72.699,100.0,93.0213,52.3767,34.086
423,416,457,168,28,0.14,66.8,0.8,46,2026-10-06 08:10:00,PT5M,75.784,100.0,96.2052,55.3628,36.983
446,439,484,167,29,0.14,66.4,0.8,45,2026-10-06 08:15:00,PT5M,78.728,100.0,99.1961,58.2599,39.838
469,461,512,165,29,0.14,65.9,0.9,45,2026-10-06 08:20:00,PT5M,81.507,100.0,100.0,61.0558,42.649
493,484,540,163,29,0.14,65.5,0.9,45,2026-10-06 08:25:00,PT5M,84.129,100.0,100.0,63.7249,45.3605
517,508,569,159,29,0.14,65.0,1.0,45,2026-10-06 08:30:00,PT5M,86.699,100.0,100.0,66.3378,48.012
536,527,584,159,29,0.14,64.5,1.0,45,2026-10-06 08:35:00,PT5M,88.187,100.0,100.0,67.85,49.546
552,542,586,164,29,0.14,64.0,1.0,46,2026-10-06 08:40:00,PT5M,88.699,100.0,100.0,68.3217,49.9815
566,557,587,169,29,0.14,63.5,1.0,46,2026-10-06 08:45:00,PT5M,89.167,100.0,100.0,68.7555,50.3845
581,571,588,173,29,0.14,63.0,1.0,47,2026-10-06 08:50:00,PT5M,89.6,100.0,100.0,69.1609,50.765
595,585,589,178,30,0.14,62.5,1.0,47,2026-10-06 08:55:00,PT5M,90.001,100.0,100.0,69.5395,51.1235
609,599,589,182,30,0.14,62.0,1.0,48,2026-10-06 09:00:00,PT5M,90.377,100.0,100.0,69.9455,51.5565
623,613,591,186,30,0.14,61.5,1.1,48,2026-10-06 09:05:00,PT5M,90.846,100.0,100.0,70.5466,52.2765
637,626,593,190,30,0.14,61.0,1.1,49,2026-10-06 09:10:00,PT5M,91.285,100.0,100.0,71.1135,52.9585
650,640,594,194,30,0.14,60.5,1.1,49,2026-10-06 09:15:00,PT5M,91.696,100.0,100.0,71.6482,53.6045
663,652,595,197,30,0.14,60.0,1.1,50,2026-10-06 09:20:00,PT5M,92.082,100.0,100.0,72.1531,54.2165
675,665,596,201,30,0.14,59.5,1.1,50,2026-10-06 09:25:00,PT5M,92.443,100.0,100.0,72.6286,54.795
687,677,597,205,30,0.14,59.0,1.1,51,2026-10-06 09:30:00,PT5M,92.781,100.0,100.0,73.0763,55.3415
699,688,597,209,31,0.14,58.6,1.1,51,2026-10-06 09:35:00,PT5M,93.097,100.0,100.0,73.4976,55.8575
710,699,598,212,31,0.14,58.1,1.1,52,2026-10-06 09:40:00,PT5M,93.391,100.0,100.0,73.8918,56.342
721,710,597,216,31,0.14,57.6,1.1,52,2026-10-06 09:45:00,PT5M,93.626,100.0,100.0,74.22,56.754
731,720,596,220,31,0.14,57.2,1.2,53,2026-10-06 09:50:00,PT5M,93.824,100.0,100.0,74.5051,57.1175
740,729,595,224,31,0.14,56.7,1.2,53,2026-10-06 09:55:00,PT5M,94.003,100.0,100.0,74.7657,57.4515
749,738,593,228,31,0.14,56.3,1.2,53,2026-10-06 10:00:00,PT5M,94.163,100.0,100.0,75.0004,57.7535
758,747,592,232,31,0.14,55.8,1.2,54,2026-10-06 10:05:00,PT5M,94.304,100.0,100.0,75.2106,58.026
766,755,590,236,31,0.14,55.4,1.2,54,2026-10-06 10:10:00,PT5M,94.425,100.0,100.0,75.3958,58.269
773,762,588,239,32,0.14,54.9,1.2,55,2026-10-06 10:15:00,PT5M,94.527,100.0,100.0,75.557,58.4835
780,770,586,243,32,0.14,54.5,1.2,55,2026-10-06 10:20:00,PT5M,94.609,100.0,100.0,75.6933,58.6685
787,776,584,247,32,0.14,54.1,1.2,55,2026-10-06 10:25:00,PT5M,94.673,100.0,100.0,75.807,58.827
793,782,582,250,32,0.14,53.7,1.2,56,2026-10-06 10:30:00,PT5M,94.723,100.0,100.0,75.903,58.9645
799,788,579,254,32,0.14,53.2,1.3,56,2026-10-06 10:35:00,PT5M,94.693,100.0,100.0,75.9146,59.0135
803,792,574,259,32,0.14,52.8,1.3,56,2026-10-06 10:40:00,PT5M,94.583,100.0,100.0,75.8415,58.9735
807,796,569,263,32,0.14,52.4,1.3,57,2026-10-06 10:45:00,PT5M,94.453,100.0,100.0,75.7425,58.9025
810,799,565,267,32,0.14,52.0,1.3,57,2026-10-06 10:50:00,PT5M,94.301,100.0,100.0,75.6145,58.796
812,802,560,271,33,0.14,51.6,1.3,57,2026-10-06 10:55:00,PT5M,94.119,100.0,100.0,75.4393,58.627
815,804,555,276,33,0.14,51.2,1.3,58,2026-10-06 11:00:00,PT5M,93.927,100.0,100.0,75.2565,58.4525
816,806,549,280,33,0.14,50.8,1.3,58,2026-10-06 11:05:00,PT5M,93.727,100.0,100.0,75.071,58.28
818,807,544,284,33,0.14,50.4,1.3,58,2026-10-06 11:10:00,PT5M,93.509,100.0,100.0,74.8611,58.0775
818,808,539,287,33,0.14,50.0,1.3,59,2026-10-06 11:15:00,PT5M,93.266,100.0,100.0,74.615,57.8285
819,808,533,291,33,0.14,49.6,1.4,59,2026-10-06 11:20:00,PT5M,93.001,100.0,100.0,74.3413,57.547
818,808,528,295,33,0.14,49.2,1.4,59,2026-10-06 11:25:00,PT5M,92.776,100.0,100.0,74.1024,57.2955
818,808,522,298,33,0.14,48.8,1.4,60,2026-10-06 11:30:00,PT5M,92.47,100.0,100.0,73.7782,56.955
814,804,512,304,33,0.14,48.8,1.4,61,2026-10-06 11:35:00,PT5M,91.948,100.0,100.0,73.1738,56.2765
808,798,498,311,33,0.14,49.3,1.4,64,2026-10-06 11:40:00,PT5M,91.209,100.0,100.0,72.288,55.2585
801,792,484,318,33,0.14,49.8,1.5,67,2026-10-06 11:45:00,PT5M,90.448,100.0,100.0,71.3759,54.2105
794,784,469,324,33,0.14,50.3,1.5,69,2026-10-06 11:50:00,PT5M,89.662,100.0,100.0,70.4349,53.13
786,777,455,331,33,0.14,50.9,1.6,72,2026-10-06 11:55:00,PT5M,88.859,100.0,100.0,69.4733,52.0255
778,769,441,336,33,0.14,51.4,1.6,74,2026-10-06 12:00:00,PT5M,88.142,100.0,100.0,68.5942,51.0005
769,761,427,342,33,0.14,51.9,1.6,76,2026-10-06 12:05:00,PT5M,87.39,100.0,100.0,67.6761,49.933
760,752,413,348,32,0.14,52.4,1.7,78,2026-10-06 12:10:00,PT5M,86.603,100.0,100.0,66.7199,48.8245
750,743,399,353,32,0.14,52.9,1.7,80,2026-10-06 12:15:00,PT5M,85.786,100.0,100.0,65.7313,47.6815
740,733,385,358,32,0.14,53.5,1.8,82,2026-10-06 12:20:00,PT5M,84.939,100.0,100.0,64.7109,46.505
730,723,371,363,32,0.14,54.0,1.9,84,2026-10-06 12:25:00,PT5M,84.06,100.0,100.0,63.6569,45.2935
720,713,357,367,32,0.14,54.6,1.9,85,2026-10-06 12:30:00,PT5M,83.151,100.0,100.0,62.5724,44.051
708,702,343,371,32,0.14,55.1,2.0,87,2026-10-06 12:35:00,PT5M,82.149,100.0,100.0,61.4028,42.7305
696,690,328,375,32,0.14,55.7,2.0,88,2026-10-06 12:40:00,PT5M,81.051,100.0,100.0,60.1448,41.3285
683,677,313,378,32,0.14,56.3,2.1,90,2026-10-06 12:45:00,PT5M,79.901,100.0,100.0,58.829,39.8635
671,665,299,381,31,0.14,56.8,2.1,91,2026-10-06 12:50:00,PT5M,78.717,100.0,99.9551,57.4789,38.364
658,652,285,383,31,0.14,57.4,2.2,92,2026-10-06 12:55:00,PT5M,77.53,100.0,98.9265,56.1335,36.876
644,640,271,385,31,0.14,58.0,2.3,93,2026-10-06 13:00:00,PT5M,76.321,100.0,97.8733,54.7687,35.371
631,626,257,386,31,0.14,58.6,2.3,94,2026-10-06 13:05:00,PT5M,75.046,100.0,96.7614,53.3306,33.786
618,613,244,387,31,0.14,59.2,2.4,95,2026-10-06 13:10:00,PT5M,73.728,100.0,95.6074,51.8486,32.1565
604,600,231,388,31,0.14,59.8,2.5,96,2026-10-06 13:15:00,PT5M,72.369,100.0,94.4121,50.3259,30.4865
590,586,218,387,31,0.14,60.4,2.5,97,2026-10-06 13:20:00,PT5M,70.975,100.0,93.1807,48.7693,28.7835
576,573,206,387,31,0.14,61.0,2.6,98,2026-10-06 13:25:00,PT5M,69.51,100.0,91.8765,47.1435,27.013
562,559,193,386,30,0.14,61.7,2.7,99,2026-10-06 13:30:00,PT5M,68.052,100.0,90.5777,45.5263,25.2525
548,545,182,384,30,0.14,62.3,2.7,100,2026-10-06 13:35:00,PT5M,66.559,100.0,89.2497,43.8683,23.446
534,531,170,382,30,0.14,62.9,2.8,100,2026-10-06 13:40:00,PT5M,65.032,100.0,87.8932,42.1708,21.595
520,518,159,380,30,0.14,63.6,2.9,101,2026-10-06 13:45:00,PT5M,63.469,100.0,86.4984,40.4396,19.7125
506,504,148,377,30,0.14,64.2,2.9,102,2026-10-06 13:50:00,PT5M,61.873,100.0,85.0679,38.6781,17.802
491,489,137,374,30,0.14,64.9,3.0,102,2026-10-06 13:55:00,PT5M,60.242,100.0,83.6,36.884,15.861
477,475,126,370,30,0.14,65.6,3.1,103,2026-10-06 14:00:00,PT5M,58.571,100.0,82.0898,35.0522,13.8845
463,461,116,366,30,0.14,66.2,3.2,104,2026-10-06 14:05:00,PT5M,56.879,100.0,80.5557,33.2023,11.8925
448,447,106,361,29,0.14,66.9,3.2,104,2026-10-06 14:10:00,PT5M,55.148,100.0,78.98,31.316,9.8665
434,433,96,356,29,0.14,67.6,3.3,105,2026-10-06 14:15:00,PT5M,53.516,99.0905,77.5022,29.5298,7.9415
420,419,87,350,29,0.14,68.3,3.4,105,2026-10-06 14:20:00,PT5M,51.728,97.5955,75.8684,27.5876,5.8605
405,405,78,345,29,0.14,69.0,3.4,106,2026-10-06 14:25:00,PT5M,49.917,96.069,74.2071,25.6269,3.765
391,391,69,338,29,0.14,69.7,3.5,106,2026-10-06 14:30:00,PT5M,48.082,94.509,72.5169,23.6471,1.655
380,379,63,332,29,0.14,70.2,3.5,107,2026-10-06 14:35:00,PT5M,46.647,93.248,71.1734,22.1206,0.046
371,370,61,326,29,0.14,70.5,3.4,108,2026-10-06 14:40:00,PT5M,45.603,92.285,70.1721,21.0339,0.0
362,361,59,319,29,0.14,70.8,3.3,108,2026-10-06 14:45:00,PT5M,44.529,91.1615,69.072,19.986,0.0
352,352,57,312,29,0.14,71.1,3.2,109,2026-10-06 14:50:00,PT5M,43.438,89.8525,67.8663,19.0097,0.0
343,343,55,305,29,0.14,71.4,3.1,110,2026-10-06 14:55:00,PT5M,42.368,88.547,66.6723,18.0637,0.0
334,334,53,298,29,0.14,71.7,3.1,111,2026-10-06 15:00:00,PT5M,41.268,87.195,65.4397,17.0963,0.0
324,324,50,291,28,0.14,72.0,3.0,112,2026-10-06 15:05:00,PT5M,40.118,85.704,64.1102,16.1258,0.0
315,315,48,284,28,0.14,72.3,2.9,113,2026-10-06 15:10:00,PT5M,38.917,84.1855,62.7421,15.0919,0.0
305,305,45,276,28,0.14,72.6,2.8,115,2026-10-06 15:15:00,PT5M,37.662,82.5895,61.3077,14.0163,0.0
295,295,42,269,28,0.14,72.9,2.7,116,2026-10-06 15:20:00,PT5M,36.367,80.9225,59.8169,12.9171,0.0
284,284,39,261,28,0.14,73.2,2.6,117,2026-10-06 15:25:00,PT5M,35.031,79.178,58.2659,11.7961,0.0
274,274,36,253,28,0.14,73.6,2.6,119,2026-10-06 15:30:00,PT5M,33.653,77.3475,56.6497,10.6563,0.0
263,263,32,246,28,0.14,73.9,2.5,120,2026-10-06 15:35:00,PT5M,32.212,75.385,54.9343,9.4897,0.0
252,252,28,237,28,0.14,74.2,2.4,122,2026-10-06 15:40:00,PT5M,31.04,73.603,53.4412,8.6388,0.0
241,241,23,229,28,0.14,74.5,2.3,123,2026-10-06 15:45:00,PT5M,29.482,71.349,51.5169,7.4471,0.0
230,230,19,221,28,0.14,74.8,2.3,125,2026-10-06 15:50:00,PT5M,27.884,68.9745,49.5102,6.2578,0.0
218,219,14,212,28,0.14,75.1,2.2,127,2026-10-06 15:55:00,PT5M,26.243,66.487,47.4237,5.0623,0.0
207,208,9,203,28,0.14,75.5,2.1,129,2026-10-06 16:00:00,PT5M,24.557,63.892,45.2593,3.8547,0.0
196,196,4,195,28,0.14,75.8,2.1,131,2026-10-06 16:05:00,PT5M,22.831,61.202,43.0259,2.6361,0.0
184,185,0,185,28,0.14,76.1,2.0,134,2026-10-06 16:10:00,PT5M,21.224,58.504,40.8447,1.6033,0.0
173,174,0,174,28,0.14,76.4,1.9,136,2026-10-06 16:15:00,PT5M,20.284,55.0575,38.5855,1.9825,0.0
162,163,0,163,28,0.14,76.7,1.9,139,2026-10-06 16:20:00,PT5M,19.162,51.5195,36.192,2.132,0.0
151,151,0,151,27,0.14,77.1,1.8,141,2026-10-06 16:25:00,PT5M,17.966,47.933,33.7378,2.1942,0.0
140,140,0,140,27,0.14,77.4,1.8,144,2026-10-06 16:30:00,PT5M,16.73,44.278,31.2287,2.2313,0.0
129,129,0,129,27,0.14,77.7,1.8,147,2026-10-06 16:35:00,PT5M,15.48,40.6675,28.7364,2.2236,0.0
118,119,0,119,27,0.14,78.1,1.7,150,2026-10-06 16:40:00,PT5M,14.197,37.039,26.2189,2.1751,0.0
108,108,0,108,27,0.14,78.4,1.7,154,2026-10-06 16:45:00,PT5M,12.903,33.43,23.7065,2.0995,0.0
97,97,0,97,27,0.14,78.7,1.7,157,2026-10-06 16:50:00,PT5M,11.615,29.8775,21.2267,2.0033,0.0
86,87,0,87,27,0.14,79.1,1.6,161,2026-10-06 16:55:00,PT5M,10.301,26.3875,18.7674,1.8346,0.0
76,76,0,76,27,0.14,79.4,1.6,164,2026-10-06 17:00:00,PT5M,9.017,23.0405,16.3977,1.6363,0.0
65,66,0,66,27,0.14,79.7,1.6,168,2026-10-06 17:05:00,PT5M,7.686,19.7235,14.0214,1.3506,0.0
56,56,0,56,27,0.14,80.1,1.6,171,2026-10-06 17:10:00,PT5M,6.44,16.5525,11.7623,1.1177,0.0
46,47,0,47,27,0.14,80.4,1.6,175,2026-10-06 17:15:00,PT5M,5.328,13.565,9.6632,0.9928,0.0
38,38,0,38,27,0.14,80.8,1.7,178,2026-10-06 17:20:00,PT5M,4.24,10.6815,7.6302,0.8498,0.0
30,30,0,30,27,0.14,81.1,1.7,182,2026-10-06 17:25:00,PT5M,3.177,7.903,5.6643,0.6897,0.0
23,23,0,23,27,0.14,81.5,1.7,185,2026-10-06 17:30:00,PT5M,2.284,5.553,4.0045,0.5635,0.0
16,16,0,16,27,0.14,81.7,1.7,187,2026-10-06 17:35:00,PT5M,1.476,3.467,2.5239,0.4281,0.0
11,11,0,11,27,0.14,81.8,1.7,187,2026-10-06 17:40:00,PT5M,0.727,1.78,1.2812,0.1728,0.0
6,6,0,6,27,0.14,82.0,1.7,188,2026-10-06 17:45:00,PT5M,0.049,0.4315,0.2503,0.0,0.0
1,1,0,1,27,0.14,82.1,1.6,188,2026-10-06 17:50:00,PT5M,0.0,0.0,0.0,0.0,0.0
0,0,0,0,27,0.14,82.2,1.6,189,2026-10-06 17:55:00,PT5M,0.0,0.0,0.0,0.0,0.0
0,0,0,0,26,0.14,82.4,1.6,189,2026-10-06 18:00:00,PT5M,0.0,0.0,0.0,0.0,0.0
0,0,0,0,26,0.14,82.5,1.6,190,2026-10-06 18:05:00,PT5M,0.0,0.0,0.0,0.0,0.0
0,0,0,0,26,0.14,82.6,1.5,191,2026-10-06 18:10:00,PT5M,0.0,0.0,0.0,0.0,0.0
0,0,0,0,26,0.14,82.8,1.5,191,2026-10-06 18:15:00,PT5M,0.0,0.0,0.0,0.0,0.0
0,0,0,0,26,0.14,82.9,1.5,192,2026-10-06 18:20:00,PT5M,0.0,0.0,0.0,0.0,0.0
0,0,0,0,26,0.14,83.1,1.5,192,2026-10-06 18:25:00,PT5M,0.0,0.0,0.0,0.0,0.0
0,0,0,0,26,0.14,83.2,1.5,193,2026-10-06 18:30:00,PT5M,0.0,0.0,0.0,0.0,0.0
0,0,0,0,26,0.14,83.3,1.4,194,2026-10-06 18:35:00,PT5M,0.0,0.0,0.0,0.0,0.0
0,0,0,0,26,0.14,83.5,1.4,194,2026-10-06 18:40:00,PT5M,0.0,0.0,0.0,0.0,0.0
0,0,0,0,26,0.14,83.6,1.4,195,2026-10-06 18:45:00,PT5M,0.0,0.0,0.0,0.0,0.0
0,0,0,0,26,0.14,83.7,1.4,196,2026-10-06 18:50:00,PT5M,0.0,0.0,0.0,0.0,0.0
0,0,0,0,26,0.14,83.9,1.3,197,2026-10-06 18:55:00,PT5M,0.0,0.0,0.0,0.0,0.0
0,0,0,0,26,0.14,84.0,1.3,197,2026-10-06 19:00:00,PT5M,0.0,0.0,0.0,0.0,0.0
0,0,0,0,26,0.14,84.2,1.3,198,2026-10-06 19:05:00,PT5M,0.0,0.0,0.0,0.0,0.0
0,0,0,0,26,0.14,84.3,1.3,199,2026-10-06 19:10:00,PT5M,0.0,0.0,0.0,0.0,0.0
0,0,0,0,26,0.14,84.4,1.3,200,2026-10-06 19:15:00,PT5M,0.0,0.0,0.0,0.0,0.0
0,0,0,0,26,0.14,84.6,1.2,201,2026-10-06 19:20:00,PT5M,0.0,0.0,0.0,0.0,0.0
0,0,0,0,26,0.14,84.7,1.2,202,2026-10-06 19:25:00,PT5M,0.0,0.0,0.0,0.0,0.0
0,0,0,0,26,0.14,84.8,1.2,203,2026-10-06 19:30:00,PT5M,0.0,0.0,0.0,0.0,0.0
0,0,0,0,26,0.14,85.0,1.2,203,2026-10-06 19:35:00,PT5M,0.0,0.0,0.0,0.0,0.0
0,0,0,0,26,0.14,85.1,1.2,204,2026-10-06 19:40:00,PT5M,0.0,0.0,0.0,0.0,0.0
0,0,0,0,26,0.14,85.3,1.1,205,2026-10-06 19:45:00,PT5M,0.0,0.0,0.0,0.0,0.0
0,0,0,0,26,0.14,85.4,1.1,207,2026-10-06 19:50:00,PT5M,0.0,0.0,0.0,0.0,0.0
0,0,0,0,26,0.14,85.5,1.1,208,2026-10-06 19:55:00,PT5M,0.0,0.0,0.0,0.0,0.0
0,0,0,0,26,0.14,85.7,1.1,209,2026-10-06 20:00:00,PT5M,0.0,0.0,0.0,0.0,0.0
0,0,0,0,26,0.14,85.8,1.1,210,2026-10-06 20:05:00,PT5M,0.0,0.0,0.0,0.0,0.0
0,0,0,0,26,0.14,86.0,1.1,211,2026-10-06 20:10:00,PT5M,0.0,0.0,0.0,0.0,0.0
0,0,0,0,26,0.14,86.1,1.1,212,2026-10-06 20:15:00,PT5M,0.0,0.0,0.0,0.0,0.0
0,0,0,0,26,0.14,86.3,1.0,214,2026-10-06 20:20:00,PT5M,0.0,0.0,0.0,0.0,0.0
0,0,0,0,26,0.14,86.4,1.0,215,2026-10-06 20:25:00,PT5M,0.0,0.0,0.0,0.0,0.0
0,0,0,0,26,0.14,86.5,1.0,216,2026-10-06 20:30:00,PT5M,0.0,0.0,0.0,0.0,0.0
0,0,0,0,26,0.14,86.7,1.0,217,2026-10-06 20:35:00,PT5M,0.0,0.0,0.0,0.0,0.0
0,0,0,0,26,0.14,86.8,1.0,217,2026-10-06 20:40:00,PT5M,0.0,0.0,0.0,0.0,0.0
0,0,0,0,26,0.14,87.0,1.0,217,2026-10-06 20:45:00,PT5M,0.0,0.0,0.0,0.0,0.0
0,0,0,0,26,0.14,87.1,1.0,217,2026-10-06 20:50:00,PT5M,0.0,0.0,0.0,0.0,0.0
0,0,0,0,26,0.14,87.3,1.0,217,2026-10-06 20:55:00,PT5M,0.0,0.0,0.0,0.0,0.0
0,0,0,0,26,0.14,87.4,1.0,217,2026-10-06 21:00:00,PT5M,0.0,0.0,0.0,0.0,0.0
0,0,0,0,26,0.14,87.5,1.0,217,2026-10-06 21:05:00,PT5M,0.0,0.0,0.0,0.0,0.0
0,0,0,0,25,0.14,87.7,1.0,217,2026-10-06 21:10:00,PT5M,0.0,0.0,0.0,0.0,0.0
0,0,0,0,25,0.14,87.8,1.0,217,2026-10-06 21:15:00,PT5M,0.0,0.0,0.0,0.0,0.0
0,0,0,0,25,0.14,88.0,1.0,217,2026-10-06 21:20:00,PT5M,0.0,0.0,0.0,0.0,0.0
0,0,0,0,25,0.14,88.1,1.0,217,2026-10-06 21:25:00,PT5M,0.0,0.0,0.0,0.0,0.0
0,0,0,0,25,0.14,88.3,1.0,217,2026-10-06 21:30:00,PT5M,0.0,0.0,0.0,0.0,0.0
0,0,0,0,25,0.14,88.4,1.0,217,2026-10-06 21:35:00,PT5M,0.0,0.0,0.0,0.0,0.0
0,0,0,0,25,0.14,88.6,1.1,217,2026-10-06 21:40:00,PT5M,0.0,0.0,0.0,0.0,0.0
0,0,0,0,25,0.14,88.7,1.1,217,2026-10-06 21:45:00,PT5M,0.0,0.0,0.0,0.0,0.0
0,0,0,0,25,0.14,88.9,1.1,217,2026-10-06 21:50:00,PT5M,0.0,0.0,0.0,0.0,0.0
0,0,0,0,25,0.14,89.0,1.1,217,2026-10-06 21:55:00,PT5M,0.0,0.0,0.0,0.0,0.0
0,0,0,0,25,0.14,89.2,1.1,217,2026-10-06 22:00:00,PT5M,0.0,0.0,0.0,0.0,0.0
0,0,0,0,25,0.14,89.3,1.1,217,2026-10-06 22:05:00,PT5M,0.0,0.0,0.0,0.0,0.0
0,0,0,0,25,0.14,89.5,1.1,217,2026-10-06 22:10:00,PT5M,0.0,0.0,0.0,0.0,0.0
0,0,0,0,25,0.14,89.6,1.1,217,2026-10-06 22:15:00,PT5M,0.0,0.0,0.0,0.0,0.0
0,0,0,0,25,0.14,89.8,1.1,218,2026-10-06 22:20:00,PT5M,0.0,0.0,0.0,0.0,0.0
0,0,0,0,25,0.14,89.9,1.1,218,2026-10-06 22:25:00,PT5M,0.0,0.0,0.0,0.0,0.0
0,0,0,0,25,0.14,90.1,1.1,218,2026-10-06 22:30:00,PT5M,0.0,0.0,0.0,0.0,0.0
0,0,0,0,25,0.14,90.2,1.1,218,2026-10-06 22:35:00,PT5M,0.0,0.0,0.0,0.0,0.0
0,0,0,0,25,0.14,90.4,1.1,218,2026-10-06 22:40:00,PT5M,0.0,0.0,0.0,0.0,0.0
0,0,0,0,25,0.14,90.5,1.1,218,2026-10-06 22:45:00,PT5M,0.0,0.0,0.0,0.0,0.0
0,0,0,0,25,0.14,90.7,1.1,218,2026-10-06 22:50:00,PT5M,0.0,0.0,0.0,0.0,0.0
0,0,0,0,25,0.14,90.8,1.1,218,2026-10-06 22:55:00,PT5M,0.0,0.0,0.0,0.0,0.0
0,0,0,0,25,0.14,91.0,1.1,218,2026-10-06 23:00:00,PT5M,0.0,0.0,0.0,0.0,0.0
0,0,0,0,25,0.14,91.1,1.1,218,2026-10-06 23:05:00,PT5M,0.0,0.0,0.0,0.0,0.0
0,0,0,0,25,0.14,91.3,1.1,218,2026-10-06 23:10:00,PT5M,0.0,0.0,0.0,0.0,0.0
0,0,0,0,25,0.14,91.4,1.1,218,2026-10-06 23:15:00,PT5M,0.0,0.0,0.0,0.0,0.0
0,0,0,0,25,0.14,91.6,1.1,218,2026-10-06 23:20:00,PT5M,0.0,0.0,0.0,0.0,0.0
0,0,0,0,25,0.14,91.7,1.1,218,2026-10-06 23:25:00,PT5M,0.0,0.0,0.0,0.0,0.0
0,0,0,0,25,0.14,91.9,1.1,218,2026-10-06 23:30:00,PT5M,0.0,0.0,0.0,0.0,0.0
0,0,0,0,25,0.14,91.9,1.1,218,2026-10-06 23:35:00,PT5M,0.0,0.0,0.0,0.0,0.0
0,0,0,0,25,0.14,91.9,1.2,219,2026-10-06 23:40:00,PT5M,0.0,0.0,0.0,0.0,0.0
0,0,0,0,25,0.14,91.9,1.2,220,2026-10-06 23:45:00,PT5M,0.0,0.0,0.0,0.0,0.0
0,0,0,0,25,0.14,91.9,1.2,221,2026-10-06 23:50:00,PT5M,0.0,0.0,0.0,0.0,0.0
0,0,0,0,25,0.14,91.9,1.2,221,2026-10-06 23:55:00,PT5M,0.0,0.0,0.0,0.0,0.0
0,0,0,0,25,0.14,91.9,1.2,222,2026-10-07 00:00:00,PT5M,0.0,0.0,0.0,0.0,0.0
0,0,0,0,25,0.14,91.8,1.2,223,2026-10-07 00:05:00,PT5M,0.0,0.0,0.0,0.0,0.0
0,0,0,0,25,0.14,91.8,1.3,223,2026-10-07 00:10:00,PT5M,0.0,0.0,0.0,0.0,0.0
0,0,0,0,25,0.14,91.8,1.3,224,2026-10-07 00:15:00,PT5M,0.0,0.0,0.0,0.0,0.0
0,0,0,0,25,0.14,91.8,1.3,225,2026-10-07 00:20:00,PT5M,0.0,0.0,0.0,0.0,0.0
0,0,0,0,25,0.14,91.8,1.3,225,2026-10-07 00:25:00,PT5M,0.0,0.0,0.0,0.0,0.0
0,0,0,0,25,0.14,91.8,1.3,226,2026-10-07 00:30:00,PT5M,0.0,0.0,0.0,0.0,0.0
0,0,0,0,25,0.14,91.7,1.4,226,2026-10-07 00:35:00,PT5M,0.0,0.0,0.0,0.0,0.0
0,0,0,0,25,0.14,91.7,1.4,227,2026-10-07 00:40:00,PT5M,0.0,0.0,0.0,0.0,0.0
0,0,0,0,25,0.14,91.7,1.4,227,2026-10-07 00:45:00,PT5M,0.0,0.0,0.0,0.0,0.0
0,0,0,0,25,0.14,91.7,1.4,228,2026-10-07 00:50:00,PT5M,0.0,0.0,0.0,0.0,0.0
0,0,0,0,25,0.14,91.7,1.4,228,2026-10-07 00:55:00,PT5M,0.0,0.0,0.0,0.0,0.0
0,0,0,0,25,0.14,91.7,1.4,229,2026-10-07 01:00:00,PT5M,0.0,0.0,0.0,0.0,0.0
0,0,0,0,25,0.14,91.6,1.5,229,2026-10-07 01:05:00,PT5M,0.0,0.0,0.0,0.0,0.0
0,0,0,0,25,0.14,91.6,1.5,230,2026-10-07 01:10:00,PT5M,0.0,0.0,0.0,0.0,0.0
0,0,0,0,25,0.14,91.6,1.5,230,2026-10-07 01:15:00,PT5M,0.0,0.0,0.0,0.0,0.0
0,0,0,0,25,0.14,91.6,1.5,231,2026-10-07 01:20:00,PT5M,0.0,0.0,0.0,0.0,0.0
0,0,0,0,25,0.14,91.6,1.5,231,2026-10-07 01:25:00,PT5M,0.0,0.0,0.0,0.0,0.0
0,0,0,0,25,0.14,91.6,1.6,232,2026-10-07 01:30:00,PT5M,0.0,0.0,0.0,0.0,0.0
0,0,0,0,25,0.14,91.5,1.6,232,2026-10-07 01:35:00,PT5M,0.0,0.0,0.0,0.0,0.0
0,0,0,0,24,0.14,91.5,1.6,233,2026-10-07 01:40:00,PT5M,0.0,0.0,0.0,0.0,0.0
0,0,0,0,24,0.14,91.5,1.6,233,2026-10-07 01:45:00,PT5M,0.0,0.0,0.0,0.0,0.0
0,0,0,0,24,0.14,91.5,1.6,233,2026-10-07 01:50:00,PT5M,0.0,0.0,0.0,0.0,0.0
0,0,0,0,24,0.14,91.5,1.7,234,2026-10-07 01:55:00,PT5M,0.0,0.0,0.0,0.0,0.0
0,0,0,0,24,0.14,91.5,1.7,234,2026-10-07 02:00:00,PT5M,0.0,0.0,0.0,0.0,0.0
0,0,0,0,24,0.14,91.4,1.7,234,2026-10-07 02:05:00,PT5M,0.0,0.0,0.0,0.0,0.0
0,0,0,0,24,0.14,91.4,1.7,235,2026-10-07 02:10:00,PT5M,0.0,0.0,0.0,0.0,0.0
0,0,0,0,24,0.14,91.4,1.7,235,2026-10-07 02:15:00,PT5M,0.0,0.0,0.0,0.0,0.0
0,0,0,0,24,0.14,91.4,1.8,235,2026-10-07 02:20:00,PT5M,0.0,0.0,0.0,0.0,0.0
0,0,0,0,24,0.14,91.4,1.8,236,2026-10-07 02:25:00,PT5M,0.0,0.0,0.0,0.0,0.0
0,0,0,0,24,0.14,91.4,1.8,236,2026-10-07 02:30:00,PT5M,0.0,0.0,0.0,0.0,0.0
0,0,0,0,24,0.14,91.4,1.8,236,2026-10-07 02:35:00,PT5M,0.0,0.0,0.0,0.0,0.0
0,0,0,0,24,0.14,91.4,1.8,236,2026-10-07 02:40:00,PT5M,0.0,0.0,0.0,0.0,0.0
0,0,0,0,24,0.14,91.5,1.8,235,2026-10-07 02:45:00,PT5M,0.0,0.0,0.0,0.0,0.0
0,0,0,0,24,0.14,91.5,1.7,235,2026-10-07 02:50:00,PT5M,0.0,0.0,0.0,0.0,0.0
0,0,0,0,24,0.14,91.6,1.7,234,2026-10-07 02:55:00,PT5M,0.0,0.0,0.0,0.0,0.0
0,0,0,0,24,0.14,91.6,1.7,234,2026-10-07 03:00:00,PT5M,0.0,0.0,0.0,0.0,0.0
0,0,0,0,24,0.14,91.7,1.7,234,2026-10-07 03:05:00,PT5M,0.0,0.0,0.0,0.0,0.0
0,0,0,0,24,0.14,91.7,1.7,233,2026-10-07 03:10:00,PT5M,0.0,0.0,0.0,0.0,0.0
0,0,0,0,24,0.14,91.7,1.6,233,2026-10-07 03:15:00,PT5M,0.0,0.0,0.0,0.0,0.0
0,0,0,0,24,0.14,91.8,1.6,232,2026-10-07 03:20:00,PT5M,0.0,0.0,0.0,0.0,0.0
0,0,0,0,24,0.14,91.8,1.6,232,2026-10-07 03:25:00,PT5M,0.0,0.0,0.0,0.0,0.0
0,0,0,0,24,0.14,91.9,1.6,231,2026-10-07 03:30:00,PT5M,0.0,0.0,0.0,0.0,0.0
0,0,0,0,24,0.14,91.9,1.6,231,2026-10-07 03:35:00,PT5M,0.0,0.0,0.0,0.0,0.0
0,0,0,0,24,0.14,92.0,1.6,230,2026-10-07 03:40:00,PT5M,0.0,0.0,0.0,0.0,0.0
0,0,0,0,24,0.14,92.0,1.5,230,2026-10-07 03:45:00,PT5M,0.0,0.0,0.0,0.0,0.0
0,0,0,0,24,0.14,92.1,1.5,229,2026-10-07 03:50:00,PT5M,0.0,0.0,0.0,0.0,0.0
0,0,0,0,24,0.14,92.1,1.5,229,2026-10-07 03:55:00,PT5M,0.0,0.0,0.0,0.0,0.0
0,0,0,0,24,0.14,92.2,1.5,228,2026-10-07 04:00:00,PT5M,0.0,0.0,0.0,0.0,0.0
0,0,0,0,24,0.14,92.2,1.5,227,2026-10-07 04:05:00,PT5M,0.0,0.0,0.0,0.0,0.0
0,0,0,0,24,0.14,92.2,1.5,227,2026-10-07 04:10:00,PT5M,0.0,0.0,0.0,0.0,0.0
0,0,0,0,24,0.14,92.3,1.4,226,2026-10-07 04:15:00,PT5M,0.0,0.0,0.0,0.0,0.0
0,0,0,0,24,0.14,92.3,1.4,226,2026-10-07 04:20:00,PT5M,0.0,0.0,0.0,0.0,0.0
0,0,0,0,24,0.14,92.4,1.4,225,2026-10-07 04:25:00,PT5M,0.0,0.0,0.0,0.0,0.0
0,0,0,0,24,0.14,92.4,1.4,224,2026-10-07 04:30:00,PT5M,0.0,0.0,0.0,0.0,0.0
0,0,0,0,24,0.14,92.5,1.4,224,2026-10-07 04:35:00,PT5M,0.0,0.0,0.0,0.0,0.0
0,0,0,0,24,0.14,92.5,1.4,223,2026-10-07 04:40:00,PT5M,0.0,0.0,0.0,0.0,0.0
0,0,0,0,24,0.14,92.6,1.4,222,2026-10-07 04:45:00,PT5M,0.0,0.0,0.0,0.0,0.0
0,0,0,0,24,0.14,92.6,1.3,222,2026-10-07 04:50:00,PT5M,0.0,0.0,0.0,0.0,0.0
0,0,0,0,24,0.14,92.7,1.3,221,2026-10-07 04:55:00,PT5M,0.0,0.0,0.0,0.0,0.0
0,0,0,0,24,0.14,92.7,1.3,220,2026-10-07 05:00:00,PT5M,0.0,0.0,0.0,0.0,0.0
0,0,0,0,24,0.14,92.8,1.3,219,2026-10-07 05:05:00,PT5M,0.0,0.0,0.0,0.0,0.0
0,0,0,0,24,0.14,92.8,1.3,219,2026-10-07 05:10:00,PT5M,0.0,0.0,0.0,0.0,0.0
0,0,0,0,24,0.14,92.8,1.3,218,2026-10-07 05:15:00,PT5M,0.0,0.0,0.0,0.0,0.0
0,0,0,0,24,0.14,92.9,1.3,217,2026-10-07 05:20:00,PT5M,0.0,0.0,0.0,0.0,0.0
0,0,0,0,24,0.14,92.9,1.2,216,2026-10-07 05:25:00,PT5M,0.0,0.0,0.0,0.0,0.0
0,0,0,0,24,0.14,93.0,1.2,215,2026-10-07 05:30:00,PT5M,0.0,0.0,0.0,0.0,0.0
0,0,0,0,24,0.14,92.6,1.2,215,2026-10-07 05:35:00,PT5M,0.0,0.0,0.0,0.0,0.0
0,0,0,0,24,0.14,91.9,1.2,216,2026-10-07 05:40:00,PT5M,0.0,0.0,0.0,0.0,0.0
0,0,0,0,24,0.14,91.2,1.3,216,2026-10-07 05:45:00,PT5M,0.0,0.0,0.0,0.0,0.0
0,0,0,0,24,0.14,90.5,1.3,216,2026-10-07 05:50:00,PT5M,0.0,0.0,0.0,0.0,0.0
0,0,0,0,24,0.14,89.8,1.3,217,2026-10-07 05:55:00,PT5M,0.0,0.0,0.0,0.0,0.0
4,4,0,4,24,0.14,89.2,1.3,217,2026-10-07 06:00:00,PT5M,0.0,0.0,0.0,0.0,0.0
12,12,0,12,25,0.14,88.5,1.3,217,2026-10-07 06:05:00,PT5M,0.899,1.436,1.1816,0.6164,0.362
21,21,0,21,25,0.14,87.8,1.3,218,2026-10-07 06:10:00,PT5M,2.1,3.301,2.7321,1.4679,0.899
31,31,7,30,25,0.14,87.1,1.4,218,2026-10-07 06:15:00,PT5M,3.467,5.525,4.5501,2.3839,1.409
43,42,37,38,25,0.14,86.5,1.4,218,2026-10-07 06:20:00,PT5M,5.336,8.5265,7.0152,3.6568,2.1455
56,55,68,47,25,0.14,85.8,1.4,219,2026-10-07 06:25:00,PT5M,7.698,12.2535,10.0956,5.3004,3.1425
70,69,102,54,25,0.14,85.2,1.4,219,2026-10-07 06:30:00,PT5M,10.653,16.784,13.8798,7.4262,4.522
87,85,138,62,25,0.14,84.5,1.4,219,2026-10-07 06:35:00,PT5M,14.056,21.905,18.187,9.925,6.207
104,101,175,69,25,0.14,83.9,1.4,220,2026-10-07 06:40:00,PT5M,17.689,27.3275,22.7618,12.6162,8.0505
122,119,210,75,26,0.14,83.2,1.5,220,2026-10-07 06:45:00,PT5M,21.623,33.075,27.6503,15.5957,10.171
140,137,245,81,26,0.14,82.6,1.5,220,2026-10-07 06:50:00,PT5M,25.778,39.0805,32.7792,18.7768,12.4755
160,156,280,86,26,0.14,82.0,1.5,221,2026-10-07 06:55:00,PT5M,30.194,45.4315,38.2136,22.1744,14.9565
179,175,308,91,26,0.14,81.4,1.5,221,2026-10-07 07:00:00,PT5M,34.592,51.878,43.6897,25.4943,17.306
198,193,330,97,26,0.14,80.8,1.5,221,2026-10-07 07:05:00,PT5M,38.848,58.225,49.0463,28.6497,19.471
216,211,348,103,26,0.14,80.1,1.5,221,2026-10-07 07:10:00,PT5M,43.099,64.6105,54.4207,31.7773,21.5875
235,230,366,108,26,0.14,79.5,1.6,222,2026-10-07 07:15:00,PT5M,47.391,71.019,59.8266,34.9554,23.763
254,248,382,114,26,0.14,78.9,1.6,222,2026-10-07 07:20:00,PT5M,51.679,77.435,65.2346,38.1234,25.923
272,266,397,119,26,0.14,78.3,1.6,222,2026-10-07 07:25:00,PT5M,55.966,83.8535,70.6434,41.2886,28.0785
291,285,411,124,27,0.14,77.8,1.6,222,2026-10-07 07:30:00,PT5M,60.254,90.2835,76.0587,44.4493,30.2245
310,303,424,129,27,0.14,77.2,1.6,223,2026-10-07 07:35:00,PT5M,64.556,96.763,81.5068,47.6052,32.349
328,322,436,134,27,0.14,76.6,1.7,223,2026-10-07 07:40:00,PT5M,68.715,100.0,86.8005,50.6295,34.352
347,340,448,138,27,0.14,76.0,1.7,223,2026-10-07 07:45:00,PT5M,70.836,100.0,89.2823,52.3897,35.7875
366,358,460,143,27,0.14,75.4,1.7,223,2026-10-07 07:50:00,PT5M,72.86,100.0,91.6421,54.0779,37.1735
384,377,471,147,27,0.14,74.9,1.7,224,2026-10-07 07:55:00,PT5M,74.782,100.0,93.8733,55.6907,38.508
403,395,481,151,27,0.14,74.3,1.7,224,2026-10-07 08:00:00,PT5M,76.592,100.0,95.9625,57.2215,39.7875
421,413,491,155,27,0.14,73.8,1.7,224,2026-10-07 08:05:00,PT5M,78.303,100.0,97.9237,58.6823,41.023
439,431,502,159,28,0.14,73.2,1.8,224,2026-10-07 08:10:00,PT5M,79.901,100.0,99.7386,60.0634,42.209
457,449,511,162,28,0.14,72.7,1.8,224,2026-10-07 08:15:00,PT5M,81.347,100.0,100.0,61.3376,43.3285
475,466,520,166,28,0.14,72.1,1.8,225,2026-10-07 08:20:00,PT5M,82.629,100.0,100.0,62.5017,44.3865
492,483,528,169,28,0.14,71.6,1.8,225,2026-10-07 08:25:00,PT5M,83.772,100.0,100.0,63.5639,45.376
510,500,536,172,28,0.14,71.0,1.8,225,2026-10-07 08:30:00,PT5M,84.834,100.0,100.0,64.5664,46.325
526,517,543,175,28,0.14,70.3,1.8,225,2026-10-07 08:35:00,PT5M,85.818,100.0,100.0,65.5107,47.2335
543,534,550,179,28,0.14,69.5,1.8,225,2026-10-07 08:40:00,PT5M,86.794,100.0,100.0,66.4628,48.164
560,550,557,181,28,0.14,68.6,1.8,226,2026-10-07 08:45:00,PT5M,87.647,100.0,100.0,67.271,48.932
576,566,563,184,29,0.14,67.8,1.8,226,2026-10-07 08:50:00,PT5M,88.454,100.0,100.0,68.0759,49.735
591,581,569,187,29,0.14,66.9,1.8,226,2026-10-07 08:55:00,PT5M,89.217,100.0,100.0,68.846,50.5115
607,597,575,190,29,0.14,66.1,1.8,226,2026-10-07 09:00:00,PT5M,89.939,100.0,100.0,69.5838,51.2635
623,612,582,192,29,0.14,65.3,1.8,227,2026-10-07 09:05:00,PT5M,90.748,100.0,100.0,70.5612,52.3925
638,628,590,193,29,0.14,64.5,1.8,227,2026-10-07 09:10:00,PT5M,91.517,100.0,100.0,71.5084,53.5
653,643,597,195,29,0.14,63.7,1.8,227,2026-10-07 09:15:00,PT5M,92.248,100.0,100.0,72.4152,54.565
668,657,603,196,30,0.14,62.9,1.8,227,2026-10-07 09:20:00,PT5M,92.944,100.0,100.0,73.2846,55.5905
683,672,610,198,30,0.14,62.1,1.8,228,2026-10-07 09:25:00,PT5M,93.606,100.0,100.0,74.1174,56.577
697,686,616,199,30,0.14,61.4,1.8,228,2026-10-07 09:30:00,PT5M,94.237,100.0,100.0,74.9163,57.527
711,700,623,200,30,0.14,60.6,1.8,228,2026-10-07 09:35:00,PT5M,94.905,100.0,100.0,75.7495,58.509
726,714,632,199,30,0.14,59.9,1.8,228,2026-10-07 09:40:00,PT5M,95.611,100.0,100.0,76.6176,59.523
740,728,639,200,30,0.14,59.2,1.8,229,2026-10-07 09:45:00,PT5M,96.249,100.0,100.0,77.4122,60.4585
753,741,646,200,31,0.14,58.4,1.8,229,2026-10-07 09:50:00,PT5M,96.838,100.0,100.0,78.153,61.336
766,754,653,200,31,0.14,57.7,1.8,229,2026-10-07 09:55:00,PT5M,97.4,100.0,100.0,78.8624,62.178
779,766,660,199,31,0.14,57.0,1.8,229,2026-10-07 10:00:00,PT5M,97.935,100.0,100.0,79.5392,62.9825
791,778,666,199,31,0.14,56.3,1.8,230,2026-10-07 10:05:00,PT5M,98.433,100.0,100.0,80.1741,63.7405
802,790,672,199,31,0.14,55.6,1.8,230,2026-10-07 10:10:00,PT5M,98.896,100.0,100.0,80.7692,64.4545
814,801,677,199,31,0.14,54.9,1.8,230,2026-10-07 10:15:00,PT5M,99.334,100.0,100.0,81.3351,65.1355
825,811,683,199,31,0.14,54.3,1.8,231,2026-10-07 10:20:00,PT5M,99.748,100.0,100.0,81.873,65.785
835,822,688,199,32,0.14,53.6,1.8,231,2026-10-07 10:25:00,PT5M,100.0,100.0,100.0,82.2453,66.2655
845,832,694,198,32,0.14,53.0,1.8,231,2026-10-07 10:30:00,PT5M,100.0,100.0,100.0,82.3627,66.4885
854,841,698,198,32,0.14,52.3,1.8,231,2026-10-07 10:35:00,PT5M,100.0,100.0,100.0,82.4761,66.704
862,848,700,199,32,0.14,51.7,1.7,232,2026-10-07 10:40:00,PT5M,100.0,100.0,100.0,82.5855,66.912
870,856,703,199,32,0.14,51.1,1.7,232,2026-10-07 10:45:00,PT5M,100.0,100.0,100.0,82.689,67.1085
877,863,705,199,32,0.14,50.4,1.7,232,2026-10-07 10:50:00,PT5M,100.0,100.0,100.0,82.7853,67.2915
883,869,707,200,33,0.14,49.8,1.7,232,2026-10-07 10:55:00,PT5M,100.0,100.0,100.0,82.8621,67.4375
889,875,709,200,33,0.14,49.2,1.7,233,2026-10-07 11:00:00,PT5M,100.0,100.0,100.0,82.944,67.593
895,881,711,200,33,0.14,48.6,1.7,233,2026-10-07 11:05:00,PT5M,100.0,100.0,100.0,83.0316,67.7595
900,886,713,201,33,0.14,48.0,1.7,233,2026-10-07 11:10:00,PT5M,100.0,100.0,100.0,83.1124,67.913
904,890,714,201,33,0.14,47.5,1.7,233,2026-10-07 11:15:00,PT5M,100.0,100.0,100.0,83.1797,68.041
908,894,716,201,33,0.14,46.9,1.7,234,2026-10-07 11:20:00,PT5M,100.0,100.0,100.0,83.2413,68.158
912,898,717,201,34,0.14,46.3,1.7,234,2026-10-07 11:25:00,PT5M,100.0,100.0,100.0,83.2971,68.264
915,901,718,201,34,0.14,45.8,1.7,234,2026-10-07 11:30:00,PT5M,100.0,100.0,100.0,83.3479,68.3605
913,899,711,205,34,0.14,45.7,1.7,234,2026-10-07 11:35:00,PT5M,100.0,100.0,100.0,83.3287,68.324
908,894,696,214,34,0.14,46.1,1.7,232,2026-10-07 11:40:00,PT5M,100.0,100.0,100.0,83.239,68.1535
902,889,681,222,34,0.14,46.5,1.7,230,2026-10-07 11:45:00,PT5M,100.0,100.0,100.0,83.1432,67.9715
896,882,666,230,33,0.14,46.9,1.7,228,2026-10-07 11:50:00,PT5M,99.525,100.0,100.0,82.5663,67.303
889,875,651,238,33,0.14,47.3,1.6,226,2026-10-07 11:55:00,PT5M,98.813,100.0,100.0,81.7467,66.3865
881,868,636,245,33,0.14,47.7,1.6,224,2026-10-07 12:00:00,PT5M,98.181,100.0,100.0,81.0013,65.539
873,860,620,253,33,0.14,48.1,1.6,222,2026-10-07 12:05:00,PT5M,97.498,100.0,100.0,80.1967,64.625
863,851,603,262,33,0.14,48.6,1.6,220,2026-10-07 12:10:00,PT5M,96.764,100.0,100.0,79.3332,63.645
854,842,586,271,33,0.14,49.0,1.6,218,2026-10-07 12:15:00,PT5M,96.004,100.0,100.0,78.4388,62.6295
844,832,569,279,33,0.14,49.4,1.6,216,2026-10-07 12:20:00,PT5M,95.217,100.0,100.0,77.5131,61.579
833,822,552,287,33,0.14,49.8,1.6,214,2026-10-07 12:25:00,PT5M,94.403,100.0,100.0,76.5565,60.494
823,812,535,294,33,0.14,50.3,1.6,211,2026-10-07 12:30:00,PT5M,93.622,100.0,100.0,75.6294,59.4355
811,800,517,302,33,0.14,50.7,1.6,209,2026-10-07 12:35:00,PT5M,92.697,100.0,100.0,74.5441,58.206
798,788,499,309,32,0.14,51.2,1.6,207,2026-10-07 12:40:00,PT5M,91.681,100.0,100.0,73.3534,56.858
785,775,480,317,32,0.14,51.6,1.6,205,2026-10-07 12:45:00,PT5M,90.622,100.0,100.0,72.1094,55.4475
772,762,462,323,32,0.14,52.1,1.6,203,2026-10-07 12:50:00,PT5M,89.53,100.0,100.0,70.8319,54.003
758,749,444,329,32,0.14,52.5,1.6,201,2026-10-07 12:55:00,PT5M,88.421,100.0,100.0,69.5466,52.559
744,735,427,335,32,0.14,53.0,1.6,199,2026-10-07 13:00:00,PT5M,87.281,100.0,100.0,68.2308,51.085
730,722,410,339,32,0.14,53.5,1.6,197,2026-10-07 13:05:00,PT5M,86.117,100.0,100.0,66.8823,49.5705
716,708,395,342,32,0.14,53.9,1.7,195,2026-10-07 13:10:00,PT5M,84.944,100.0,100.0,65.5243,48.046
702,695,381,345,32,0.14,54.4,1.7,193,2026-10-07 13:15:00,PT5M,83.731,100.0,100.0,64.1247,46.4785
688,681,366,347,32,0.14,54.9,1.7,191,2026-10-07 13:20:00,PT5M,82.48,100.0,100.0,62.6866,44.872
673,666,352,349,32,0.14,55.4,1.7,189,2026-10-07 13:25:00,PT5M,81.129,100.0,100.0,61.1491,43.1665
659,652,338,350,31,0.14,55.8,1.7,187,2026-10-07 13:30:00,PT5M,79.81,100.0,99.9762,59.6438,41.4935
644,638,325,351,31,0.14,56.3,1.8,186,2026-10-07 13:35:00,PT5M,78.513,100.0,98.8653,58.1607,39.843
630,624,312,351,31,0.14,56.8,1.8,184,2026-10-07 13:40:00,PT5M,77.238,100.0,97.7763,56.6997,38.2145
616,611,301,350,31,0.14,57.3,1.8,182,2026-10-07 13:45:00,PT5M,75.925,100.0,96.6491,55.2009,36.5485
602,596,289,349,31,0.14,57.8,1.8,181,2026-10-07 13:50:00,PT5M,74.571,100.0,95.4807,53.6613,34.842
587,582,277,348,31,0.14,58.4,1.9,179,2026-10-07 13:55:00,PT5M,73.179,100.0,94.2739,52.0841,33.098
573,568,266,346,31,0.14,58.9,1.9,178,2026-10-07 14:00:00,PT5M,71.742,100.0,93.023,50.461,31.3075
558,553,254,344,31,0.14,59.4,1.9,176,2026-10-07 14:05:00,PT5M,70.266,100.0,91.7322,48.7998,29.4795
543,539,243,342,31,0.14,59.9,2.0,175,2026-10-07 14:10:00,PT5M,68.719,100.0,90.3705,47.0675,27.5805
528,524,231,339,31,0.14,60.4,2.0,174,2026-10-07 14:15:00,PT5M,67.12,100.0,88.956,45.284,25.631
512,509,220,336,30,0.14,61.0,2.0,172,2026-10-07 14:20:00,PT5M,65.482,100.0,87.5006,43.4634,23.646
497,494,208,333,30,0.14,61.5,2.1,171,2026-10-07 14:25:00,PT5M,63.811,100.0,86.0104,41.6116,21.6315
482,478,197,329,30,0.14,62.0,2.1,170,2026-10-07 14:30:00,PT5M,62.101,100.0,84.4827,39.7193,19.575
467,464,187,324,30,0.14,62.6,2.1,169,2026-10-07 14:35:00,PT5M,60.416,100.0,82.8646,37.9674,17.763
452,449,177,320,30,0.14,63.1,2.1,169,2026-10-07 14:40:00,PT5M,58.755,100.0,81.1912,36.3188,16.1255
437,435,168,314,30,0.14,63.5,2.0,169,2026-10-07 14:45:00,PT5M,57.057,99.684,79.4919,34.6221,14.43
423,420,158,309,30,0.14,64.0,2.0,168,2026-10-07 14:50:00,PT5M,55.35,97.9515,77.7715,32.9285,12.7485
408,406,150,303,30,0.14,64.5,2.0,168,2026-10-07 14:55:00,PT5M,53.663,96.2135,76.0576,31.2684,11.1125
394,392,141,297,30,0.14,65.1,1.9,168,2026-10-07 15:00:00,PT5M,51.938,94.414,74.2934,29.5826,9.462
379,378,132,291,30,0.14,65.6,1.9,168,2026-10-07 15:05:00,PT5M,50.122,92.47,72.4101,27.8339,7.774
365,363,122,285,30,0.14,66.1,1.9,168,2026-10-07 15:10:00,PT5M,48.209,90.368,70.3976,26.0204,6.05
350,349,112,279,29,0.14,66.6,1.8,167,2026-10-07 15:15:00,PT5M,46.462,88.3925,68.5303,24.3937,4.5315
335,334,103,272,29,0.14,67.1,1.8,167,2026-10-07 15:20:00,PT5M,44.441,86.0995,66.3662,22.5158,2.7825
321,320,93,265,29,0.14,67.6,1.7,167,2026-10-07 15:25:00,PT5M,42.37,83.708,64.1265,20.6135,1.032
306,305,83,258,29,0.14,68.2,1.7,166,2026-10-07 15:30:00,PT5M,40.248,81.2075,61.8053,18.6907,0.0
291,291,73,250,29,0.14,68.7,1.7,166,2026-10-07 15:35:00,PT5M,38.045,78.539,59.3573,16.7327,0.0
276,276,62,242,29,0.14,69.3,1.6,166,2026-10-07 15:40:00,PT5M,35.76,75.689,56.7749,14.7451,0.0
261,261,52,234,29,0.14,69.8,1.6,165,2026-10-07 15:45:00,PT5M,33.437,72.704,54.1035,12.7705,0.0
247,246,41,226,29,0.14,70.3,1.5,165,2026-10-07 15:50:00,PT5M,31.083,69.598,51.3537,10.8123,0.0
232,232,31,217,29,0.14,70.9,1.5,165,2026-10-07 15:55:00,PT5M,29.027,66.7085,48.859,9.195,0.0
218,218,21,208,29,0.14,71.5,1.5,164,2026-10-07 16:00:00,PT5M,26.616,63.391,45.9709,7.2611,0.0
204,204,11,199,29,0.14,72.0,1.4,164,2026-10-07 16:05:00,PT5M,24.228,60.0565,43.0848,5.3712,0.0
190,190,1,190,28,0.14,72.6,1.4,163,2026-10-07 16:10:00,PT5M,21.952,56.556,40.1643,3.7397,0.0
177,177,0,177,28,0.14,73.2,1.4,163,2026-10-07 16:15:00,PT5M,20.641,52.8655,37.601,3.681,0.0
163,164,0,164,28,0.14,73.7,1.3,162,2026-10-07 16:20:00,PT5M,19.3,49.226,35.0503,3.5497,0.0
151,151,0,151,28,0.14,74.3,1.3,162,2026-10-07 16:25:00,PT5M,17.907,45.5595,32.4607,3.3533,0.0
138,139,0,139,28,0.14,74.9,1.3,161,2026-10-07 16:30:00,PT5M,16.497,41.8995,29.8665,3.1275,0.0
126,126,0,126,28,0.14,75.5,1.2,161,2026-10-07 16:35:00,PT5M,15.092,38.2495,27.28,2.904,0.0
114,115,0,115,28,0.14,76.1,1.2,160,2026-10-07 16:40:00,PT5M,13.68,34.604,24.6925,2.6675,0.0
103,103,0,103,28,0.14,76.7,1.1,159,2026-10-07 16:45:00,PT5M,12.283,31.0095,22.1389,2.4271,0.0
92,92,0,92,28,0.14,77.3,1.1,159,2026-10-07 16:50:00,PT5M,10.918,27.505,19.6479,2.1881,0.0
80,81,0,81,28,0.14,77.9,1.1,158,2026-10-07 16:55:00,PT5M,9.549,24.0925,17.2033,1.8947,0.0
70,70,0,70,27,0.14,78.5,1.0,157,2026-10-07 17:00:00,PT5M,8.241,20.857,14.8809,1.6011,0.0
59,60,0,60,27,0.14,79.1,1.0,156,2026-10-07 17:05:00,PT5M,6.906,17.667,12.5696,1.2424,0.0
50,50,0,50,27,0.14,79.8,1.0,155,2026-10-07 17:10:00,PT5M,5.697,14.6355,10.4014,0.9926,0.0
41,41,0,41,27,0.14,80.4,0.9,154,2026-10-07 17:15:00,PT5M,4.632,11.8605,8.4364,0.8276,0.0
33,33,0,33,27,0.14,81.0,0.9,153,2026-10-07 17:20:00,PT5M,3.605,9.221,6.5607,0.6493,0.0
26,26,0,26,27,0.14,81.7,0.9,152,2026-10-07 17:25:00,PT5M,2.639,6.7635,4.8098,0.4682,0.0
19,20,0,20,27,0.14,82.3,0.8,151,2026-10-07 17:30:00,PT5M,1.844,4.689,3.3413,0.3467,0.0
14,14,0,14,27,0.14,82.7,0.8,151,2026-10-07 17:35:00,PT5M,1.14,2.8695,2.0502,0.2298,0.0
9,9,0,9,27,0.14,82.9,0.8,154,2026-10-07 17:40:00,PT5M,0.497,1.4205,0.983,0.011,0.0
5,5,0,5,27,0.14,83.0,0.8,156,2026-10-07 17:45:00,PT5M,0.0,0.2985,0.1571,0.0,0.0
1,1,0,1,27,0.14,83.1,0.8,159,2026-10-07 17:50:00,PT5M,0.0,0.0,0.0,0.0,0.0
0,0,0,0,27,0.14,83.3,0.8,162,2026-10-07 17:55:00,PT5M,0.0,0.0,0.0,0.0,0.0
0,0,0,0,27,0.14,83.4,0.8,164,2026-10-07 18:00:00,PT5M,0.0,0.0,0.0,0.0,0.0
0,0,0,0,27,0.14,83.5,0.8,167,2026-10-07 18:05:00,PT5M,0.0,0.0,0.0,0.0,0.0
0,0,0,0,27,0.14,83.7,0.8,169,2026-10-07 18:10:00,PT5M,0.0,0.0,0.0,0.0,0.0
0,0,0,0,27,0.14,83.8,0.8,172,2026-10-07 18:15:00,PT5M,0.0,0.0,0.0,0.0,0.0
0,0,0,0,27,0.14,83.9,0.8,174,2026-10-07 18:20:00,PT5M,0.0,0.0,0.0,0.0,0.0
0,0,0,0,26,0.14,84.1,0.8,176,2026-10-07 18:25:00,PT5M,0.0,0.0,0.0,0.0,0.0
0,0,0,0,26,0.14,84.2,0.8,179,2026-10-07 18:30:00,PT5M,0.0,0.0,0.0,0.0,0.0
0,0,0,0,26,0.14,84.4,0.8,181,2026-10-07 18:35:00,PT5M,0.0,0.0,0.0,0.0,0.0
0,0,0,0,26,0.14,84.5,0.9,183,2026-10-07 18:40:00,PT5M,0.0,0.0,0.0,0.0,0.0
0,0,0,0,26,0.14,84.6,0.9,186,2026-10-07 18:45:00,PT5M,0.0,0.0,0.0,0.0,0.0
0,0,0,0,26,0.14,84.8,0.9,188,2026-10-07 18:50:00,PT5M,0.0,0.0,0.0,0.0,0.0
0,0,0,0,26,0.14,84.9,0.9,190,2026-10-07 18:55:00,PT5M,0.0,0.0,0.0,0.0,0.0
0,0,0,0,26,0.14,85.0,0.9,192,2026-10-07 19:00:00,PT5M,0.0,0.0,0.0,0.0,0.0
0,0,0,0,26,0.14,85.2,0.9,193,2026-10-07 19:05:00,PT5M,0.0,0.0,0.0,0.0,0.0
0,0,0,0,26,0.14,85.3,1.0,195,2026-10-07 19:10:00,PT5M,0.0,0.0,0.0,0.0,0.0
0,0,0,0,26,0.14,85.5,1.0,197,2026-10-07 19:15:00,PT5M,0.0,0.0,0.0,0.0,0.0
0,0,0,0,26,0.14,85.6,1.0,199,2026-10-07 19:20:00,PT5M,0.0,0.0,0.0,0.0,0.0
0,0,0,0,26,0.14,85.7,1.0,200,2026-10-07 19:25:00,PT5M,0.0,0.0,0.0,0.0,0.0
0,0,0,0,26,0.14,85.9,1.0,202,2026-10-07 19:30:00,PT5M,0.0,0.0,0.0,0.0,0.0
0,0,0,0,26,0.14,86.0,1.1,203,2026-10-07 19:35:00,PT5M,0.0,0.0,0.0,0.0,0.0
0,0,0,0,26,0.14,86.2,1.1,205,2026-10-07 19:40:00,PT5M,0.0,0.0,0.0,0.0,0.0
0,0,0,0,26,0.14,86.3,1.1,206,2026-10-07 19:45:00,PT5M,0.0,0.0,0.0,0.0,0.0
0,0,0,0,26,0.14,86.4,1.1,207,2026-10-07 19:50:00,PT5M,0.0,0.0,0.0,0.0,0.0
0,0,0,0,26,0.14,86.6,1.2,208,2026-10-07 19:55:00,PT5M,0.0,0.0,0.0,0.0,0.0
0,0,0,0,26,0.14,86.7,1.2,210,2026-10-07 20:00:00,PT5M,0.0,0.0,0.0,0.0,0.0
0,0,0,0,26,0.14,86.9,1.2,211,2026-10-07 20:05:00,PT5M,0.0,0.0,0.0,0.0,0.0
0,0,0,0,26,0.14,87.0,1.2,212,2026-10-07 20:10:00,PT5M,0.0,0.0,0.0,0.0,0.0
0,0,0,0,26,0.14,87.2,1.3,213,2026-10-07 20:15:00,PT5M,0.0,0.0,0.0,0.0,0.0
0,0,0,0,26,0.14,87.3,1.3,214,2026-10-07 20:20:00,PT5M,0.0,0.0,0.0,0.0,0.0
0,0,0,0,26,0.14,87.4,1.3,215,2026-10-07 20:25:00,PT5M,0.0,0.0,0.0,0.0,0.0
0,0,0,0,26,0.14,87.6,1.3,216,2026-10-07 20:30:00,PT5M,0.0,0.0,0.0,0.0,0.0
0,0,0,0,26,0.14,87.7,1.4,217,2026-10-07 20:35:00,PT5M,0.0,0.0,0.0,0.0,0.0
0,0,0,0,26,0.14,87.7,1.4,218,2026-10-07 20:40:00,PT5M,0.0,0.0,0.0,0.0,0.0
0,0,0,0,26,0.14,87.7,1.4,220,2026-10-07 20:45:00,PT5M,0.0,0.0,0.0,0.0,0.0
0,0,0,0,26,0.14,87.7,1.4,221,2026-10-07 20:50:00,PT5M,0.0,0.0,0.0,0.0,0.0
0,0,0,0,26,0.14,87.7,1.4,222,2026-10-07 20:55:00,PT5M,0.0,0.0,0.0,0.0,0.0
0,0,0,0,26,0.14,87.7,1.4,224,2026-10-07 21:00:00,PT5M,0.0,0.0,0.0,0.0,0.0
0,0,0,0,26,0.14,87.7,1.4,225,2026-10-07 21:05:00,PT5M,0.0,0.0,0.0,0.0,0.0
0,0,0,0,26,0.14,87.7,1.4,227,2026-10-07 21:10:00,PT5M,0.0,0.0,0.0,0.0,0.0
0,0,0,0,26,0.14,87.7,1.4,228,2026-10-07 21:15:00,PT5M,0.0,0.0,0.0,0.0,0.0
0,0,0,0,26,0.14,87.7,1.4,229,2026-10-07 21:20:00,PT5M,0.0,0.0,0.0,0.0,0.0
0,0,0,0,26,0.14,87.7,1.4,231,2026-10-07 21:25:00,PT5M,0.0,0.0,0.0,0.0,0.0
0,0,0,0,26,0.14,87.7,1.4,232,2026-10-07 21:30:00,PT5M,0.0,0.0,0.0,0.0,0.0
0,0,0,0,26,0.14,87.7,1.4,234,2026-10-07 21:35:00,PT5M,0.0,0.0,0.0,0.0,0.0
0,0,0,0,26,0.14,87.7,1.4,235,2026-10-07 21:40:00,PT5M,0.0,0.0,0.0,0.0,0.0
0,0,0,0,26,0.14,87.7,1.4,236,2026-10-07 21:45:00,PT5M,0.0,0.0,0.0,0.0,0.0
0,0,0,0,26,0.14,87.7,1.4,238,2026-10-07 21:50:00,PT5M,0.0,0.0,0.0,0.0,0.0
0,0,0,0,26,0.14,87.7,1.4,239,2026-10-07 21:55:00,PT5M,0.0,0.0,0.0,0.0,0.0
0,0,0,0,26,0.14,87.7,1.4,240,2026-10-07 22:00:00,PT5M,0.0,0.0,0.0,0.0,0.0
0,0,0,0,25,0.14,87.7,1.4,241,2026-10-07 22:05:00,PT5M,0.0,0.0,0.0,0.0,0.0
0,0,0,0,25,0.14,87.6,1.4,243,2026-10-07 22:10:00,PT5M,0.0,0.0,0.0,0.0,0.0
0,0,0,0,25,0.14,87.6,1.5,244,2026-10-07 22:15:00,PT5M,0.0,0.0,0.0,0.0,0.0
0,0,0,0,25,0.14,87.6,1.5,245,2026-10-07 22:20:00,PT5M,0.0,0.0,0.0,0.0,0.0
0,0,0,0,25,0.14,87.6,1.5,246,2026-10-07 22:25:00,PT5M,0.0,0.0,0.0,0.0,0.0
0,0,0,0,25,0.14,87.6,1.5,247,2026-10-07 22:30:00,PT5M,0.0,0.0,0.0,0.0,0.0
0,0,0,0,25,0.14,87.6,1.5,249,2026-10-07 22:35:00,PT5M,0.0,0.0,0.0,0.0,0.0
0,0,0,0,25,0.14,87.6,1.5,250,2026-10-07 22:40:00,PT5M,0.0,0.0,0.0,0.0,0.0
0,0,0,0,25,0.14,87.6,1.5,251,2026-10-07 22:45:00,PT5M,0.0,0.0,0.0,0.0,0.0
0,0,0,0,25,0.14,87.6,1.6,252,2026-10-07 22:50:00,PT5M,0.0,0.0,0.0,0.0,0.0
0,0,0,0,25,0.14,87.6,1.6,253,2026-10-07 22:55:00,PT5M,0.0,0.0,0.0,0.0,0.0
0,0,0,0,25,0.14,87.6,1.6,254,2026-10-07 23:00:00,PT5M,0.0,0.0,0.0,0.0,0.0
0,0,0,0,25,0.14,87.6,1.6,255,2026-10-07 23:05:00,PT5M,0.0,0.0,0.0,0.0,0.0
0,0,0,0,25,0.14,87.6,1.6,256,2026-10-07 23:10:00,PT5M,0.0,0.0,0.0,0.0,0.0
0,0,0,0,25,0.14,87.6,1.7,257,2026-10-07 23:15:00,PT5M,0.0,0.0,0.0,0.0,0.0
0,0,0,0,25,0.14,87.6,1.7,258,2026-10-07 23:20:00,PT5M,0.0,0.0,0.0,0.0,0.0
0,0,0,0,25,0.14,87.6,1.7,259,2026-10-07 23:25:00,PT5M,0.0,0.0,0.0,0.0,0.0
0,0,0,0,25,0.14,87.6,1.7,260,2026-10-07 23:30:00,PT5M,0.0,0.0,0.0,0.0,0.0
0,0,0,0,25,0.14,87.7,1.7,260,2026-10-07 23:35:00,PT5M,0.0,0.0,0.0,0.0,0.0
0,0,0,0,25,0.14,87.8,1.7,260,2026-10-07 23:40:00,PT5M,0.0,0.0,0.0,0.0,0.0
0,0,0,0,25,0.14,87.9,1.7,260,2026-10-07 23:45:00,PT5M,0.0,0.0,0.0,0.0,0.0
0,0,0,0,25,0.14,88.0,1.7,261,2026-10-07 23:50:00,PT5M,0.0,0.0,0.0,0.0,0.0
0,0,0,0,25,0.14,88.1,1.7,261,2026-10-07 23:55:00,PT5M,0.0,0.0,0.0,0.0,0.0
0,0,0,0,25,0.14,88.2,1.7,261,2026-10-08 00:00:00,PT5M,0.0,0.0,0.0,0.0,0.0
0,0,0,0,25,0.14,88.3,1.7,261,2026-10-08 00:05:00,PT5M,0.0,0.0,0.0,0.0,0.0
0,0,0,0,25,0.14,88.4,1.7,261,2026-10-08 00:10:00,PT5M,0.0,0.0,0.0,0.0,0.0
0,0,0,0,25,0.14,88.5,1.7,261,2026-10-08 00:15:00,PT5M,0.0,0.0,0.0,0.0,0.0
0,0,0,0,25,0.14,88.6,1.7,261,2026-10-08 00:20:00,PT5M,0.0,0.0,0.0,0.0,0.0
0,0,0,0,25,0.14,88.7,1.7,262,2026-10-08 00:25:00,PT5M,0.0,0.0,0.0,0.0,0.0
0,0,0,0,25,0.14,88.8,1.7,262,2026-10-08 00:30:00,PT5M,0.0,0.0,0.0,0.0,0.0
0,0,0,0,25,0.14,88.9,1.6,262,2026-10-08 00:35:00,PT5M,0.0,0.0,0.0,0.0,0.0
0,0,0,0,25,0.14,89.0,1.6,262,2026-10-08 00:40:00,PT5M,0.0,0.0,0.0,0.0,0.0
0,0,0,0,25,0.14,89.1,1.6,262,2026-10-08 00:45:00,PT5M,0.0,0.0,0.0,0.0,0.0
0,0,0,0,25,0.14,89.2,1.6,262,2026-10-08 00:50:00,PT5M,0.0,0.0,0.0,0.0,0.0
0,0,0,0,25,0.14,89.3,1.6,263,2026-10-08 00:55:00,PT5M,0.0,0.0,0.0,0.0,0.0
0,0,0,0,25,0.14,89.4,1.6,263,2026-10-08 01:00:00,PT5M,0.0,0.0,0.0,0.0,0.0
0,0,0,0,25,0.14,89.5,1.6,263,2026-10-08 01:05:00,PT5M,0.0,0.0,0.0,0.0,0.0
0,0,0,0,25,0.14,89.6,1.6,263,2026-10-08 01:10:00,PT5M,0.0,0.0,0.0,0.0,0.0
0,0,0,0,25,0.14,89.7,1.6,263,2026-10-08 01:15:00,PT5M,0.0,0.0,0.0,0.0,0.0
0,0,0,0,25,0.14,89.8,1.6,263,2026-10-08 01:20:00,PT5M,0.0,0.0,0.0,0.0,0.0
0,0,0,0,25,0.14,89.9,1.6,264,2026-10-08 01:25:00,PT5M,0.0,0.0,0.0,0.0,0.0
0,0,0,0,25,0.14,90.1,1.6,264,2026-10-08 01:30:00,PT5M,0.0,0.0,0.0,0.0,0.0
0,0,0,0,25,0.14,90.2,1.6,264,2026-10-08 01:35:00,PT5M,0.0,0.0,0.0,0.0,0.0
0,0,0,0,25,0.14,90.3,1.6,264,2026-10-08 01:40:00,PT5M,0.0,0.0,0.0,0.0,0.0
0,0,0,0,25,0.14,90.4,1.6,264,2026-10-08 01:45:00,PT5M,0.0,0.0,0.0,0.0,0.0
0,0,0,0,25,0.14,90.5,1.6,265,2026-10-08 01:50:00,PT5M,0.0,0.0,0.0,0.0,0.0
0,0,0,0,25,0.14,90.6,1.5,265,2026-10-08 01:55:00,PT5M,0.0,0.0,0.0,0.0,0.0
0,0,0,0,25,0.14,90.7,1.5,265,2026-10-08 02:00:00,PT5M,0.0,0.0,0.0,0.0,0.0
0,0,0,0,25,0.14,90.8,1.5,265,2026-10-08 02:05:00,PT5M,0.0,0.0,0.0,0.0,0.0
0,0,0,0,25,0.14,90.9,1.5,265,2026-10-08 02:10:00,PT5M,0.0,0.0,0.0,0.0,0.0
0,0,0,0,25,0.14,91.0,1.5,266,2026-10-08 02:15:00,PT5M,0.0,0.0,0.0,0.0,0.0
0,0,0,0,25,0.14,91.1,1.5,266,2026-10-08 02:20:00,PT5M,0.0,0.0,0.0,0.0,0.0
0,0,0,0,25,0.14,91.2,1.5,266,2026-10-08 02:25:00,PT5M,0.0,0.0,0.0,0.0,0.0
0,0,0,0,25,0.14,91.3,1.5,266,2026-10-08 02:30:00,PT5M,0.0,0.0,0.0,0.0,0.0
0,0,0,0,25,0.14,91.4,1.5,266,2026-10-08 02:35:00,PT5M,0.0,0.0,0.0,0.0,0.0
0,0,0,0,25,0.14,91.4,1.5,266,2026-10-08 02:40:00,PT5M,0.0,0.0,0.0,0.0,0.0
0,0,0,0,25,0.14,91.4,1.5,266,2026-10-08 02:45:00,PT5M,0.0,0.0,0.0,0.0,0.0
0,0,0,0,25,0.14,91.5,1.4,265,2026-10-08 02:50:00,PT5M,0.0,0.0,0.0,0.0,0.0
0,0,0,0,25,0.14,91.5,1.4,265,2026-10-08 02:55:00,PT5M,0.0,0.0,0.0,0.0,0.0
0,0,0,0,25,0.14,91.5,1.4,265,2026-10-08 03:00:00,PT5M,0.0,0.0,0.0,0.0,0.0
0,0,0,0,24,0.14,91.6,1.4,264,2026-10-08 03:05:00,PT5M,0.0,0.0,0.0,0.0,0.0
0,0,0,0,24,0.14,91.6,1.4,264,2026-10-08 03:10:00,PT5M,0.0,0.0,0.0,0.0,0.0
0,0,0,0,24,0.14,91.6,1.4,264,2026-10-08 03:15:00,PT5M,0.0,0.0,0.0,0.0,0.0
0,0,0,0,24,0.14,91.7,1.4,264,2026-10-08 03:20:00,PT5M,0.0,0.0,0.0,0.0,0.0
0,0,0,0,24,0.14,91.7,1.3,263,2026-10-08 03:25:00,PT5M,0.0,0.0,0.0,0.0,0.0
0,0,0,0,24,0.14,91.7,1.3,263,2026-10-08 03:30:00,PT5M,0.0,0.0,0.0,0.0,0.0
0,0,0,0,24,0.14,91.7,1.3,263,2026-10-08 03:35:00,PT5M,0.0,0.0,0.0,0.0,0.0
0,0,0,0,24,0.14,91.8,1.3,262,2026-10-08 03:40:00,PT5M,0.0,0.0,0.0,0.0,0.0
0,0,0,0,24,0.14,91.8,1.3,262,2026-10-08 03:45:00,PT5M,0.0,0.0,0.0,0.0,0.0
0,0,0,0,24,0.14,91.8,1.3,261,2026-10-08 03:50:00,PT5M,0.0,0.0,0.0,0.0,0.0
0,0,0,0,24,0.14,91.9,1.2,261,2026-10-08 03:55:00,PT5M,0.0,0.0,0.0,0.0,0.0
0,0,0,0,24,0.14,91.9,1.2,261,2026-10-08 04:00:00,PT5M,0.0,0.0,0.0,0.0,0.0
0,0,0,0,24,0.14,91.9,1.2,260,2026-10-08 04:05:00,PT5M,0.0,0.0,0.0,0.0,0.0
0,0,0,0,24,0.14,92.0,1.2,260,2026-10-08 04:10:00,PT5M,0.0,0.0,0.0,0.0,0.0
0,0,0,0,24,0.14,92.0,1.2,260,2026-10-08 04:15:00,PT5M,0.0,0.0,0.0,0.0,0.0
0,0,0,0,24,0.14,92.0,1.2,259,2026-10-08 04:20:00,PT5M,0.0,0.0,0.0,0.0,0.0
0,0,0,0,24,0.14,92.1,1.1,259,2026-10-08 04:25:00,PT5M,0.0,0.0,0.0,0.0,0.0
0,0,0,0,24,0.14,92.1,1.1,258,2026-10-08 04:30:00,PT5M,0.0,0.0,0.0,0.0,0.0
0,0,0,0,24,0.14,92.1,1.1,258,2026-10-08 04:35:00,PT5M,0.0,0.0,0.0,0.0,0.0
0,0,0,0,24,0.14,92.1,1.1,257,2026-10-08 04:40:00,PT5M,0.0,0.0,0.0,0.0,0.0
0,0,0,0,24,0.14,92.2,1.1,257,2026-10-08 04:45:00,PT5M,0.0,0.0,0.0,0.0,0.0
0,0,0,0,24,0.14,92.2,1.1,256,2026-10-08 04:50:00,PT5M,0.0,0.0,0.0,0.0,0.0
0,0,0,0,24,0.14,92.2,1.1,256,2026-10-08 04:55:00,PT5M,0.0,0.0,0.0,0.0,0.0
0,0,0,0,24,0.14,92.3,1.0,255,2026-10-08 05:00:00,PT5M,0.0,0.0,0.0,0.0,0.0
0,0,0,0,24,0.14,92.3,1.0,255,2026-10-08 05:05:00,PT5M,0.0,0.0,0.0,0.0,0.0
0,0,0,0,24,0.14,92.3,1.0,254,2026-10-08 05:10:00,PT5M,0.0,0.0,0.0,0.0,0.0
0,0,0,0,24,0.14,92.4,1.0,254,2026-10-08 05:15:00,PT5M,0.0,0.0,0.0,0.0,0.0
0,0,0,0,24,0.14,92.4,1.0,253,2026-10-08 05:20:00,PT5M,0.0,0.0,0.0,0.0,0.0
0,0,0,0,24,0.14,92.4,1.0,252,2026-10-08 05:25:00,PT5M,0.0,0.0,0.0,0.0,0.0
0,0,0,0,24,0.14,92.4,1.0,252,2026-10-08 05:30:00,PT5M,0.0,0.0,0.0,0.0,0.0
0,0,0,0,24,0.14,92.2,0.9,251,2026-10-08 05:35:00,PT5M,0.0,0.0,0.0,0.0,0.0
0,0,0,0,24,0.14,91.6,0.9,250,2026-10-08 05:40:00,PT5M,0.0,0.0,0.0,0.0,0.0
0,0,0,0,24,0.14,91.0,0.9,249,2026-10-08 05:45:00,PT5M,0.0,0.0,0.0,0.0,0.0
0,0,0,0,25,0.14,90.5,0.9,248,2026-10-08 05:50:00,PT5M,0.0,0.0,0.0,0.0,0.0
0,0,0,0,25,0.14,89.9,0.9,247,2026-10-08 05:55:00,PT5M,0.0,0.0,0.0,0.0,0.0
3,3,0,3,25,0.14,89.4,0.9,246,2026-10-08 06:00:00,PT5M,0.0,0.0,0.0,0.0,0.0
7,7,0,7,25,0.14,88.8,0.9,245,2026-10-08 06:05:00,PT5M,0.308,0.848,0.5922,0.0238,0.0
13,13,0,13,25,0.14,88.3,0.8,244,2026-10-08 06:10:00,PT5M,1.079,2.3305,1.7377,0.4203,0.0
20,20,0,20,25,0.14,87.8,0.8,243,2026-10-08 06:15:00,PT5M,1.934,4.2085,3.1311,0.7369,0.0
27,27,0,27,25,0.14,87.2,0.8,242,2026-10-08 06:20:00,PT5M,2.872,6.4245,4.7417,1.0023,0.0
36,36,0,36,25,0.14,86.7,0.8,241,2026-10-08 06:25:00,PT5M,3.959,8.8895,6.554,1.364,0.0
45,45,0,45,25,0.14,86.2,0.8,240,2026-10-08 06:30:00,PT5M,5.252,11.8295,8.7138,1.7902,0.0
56,56,0,56,25,0.14,85.6,0.8,238,2026-10-08 06:35:00,PT5M,6.575,14.8925,10.9526,2.1974,0.0
68,68,0,68,26,0.14,85.1,0.8,237,2026-10-08 06:40:00,PT5M,7.978,18.103,13.3069,2.6491,0.0
80,80,0,80,26,0.14,84.6,0.7,236,2026-10-08 06:45:00,PT5M,9.574,21.5475,15.8757,3.2723,0.0
93,93,0,93,26,0.14,84.1,0.7,234,2026-10-08 06:50:00,PT5M,11.243,25.1035,18.5379,3.9481,0.0
107,107,3,107,26,0.14,83.6,0.7,233,2026-10-08 06:55:00,PT5M,13.036,28.856,21.3622,4.7098,0.0
122,122,19,116,26,0.14,83.1,0.7,231,2026-10-08 07:00:00,PT5M,15.556,33.438,24.9674,6.1446,0.0
136,136,35,126,26,0.14,82.5,0.7,230,2026-10-08 07:05:00,PT5M,18.061,38.0825,28.5985,7.5235,0.0
151,151,50,135,26,0.14,82.0,0.7,228,2026-10-08 07:10:00,PT5M,20.831,43.033,32.5161,9.1459,0.0
167,166,66,144,26,0.14,81.5,0.7,227,2026-10-08 07:15:00,PT5M,23.749,48.1515,36.5922,10.9058,0.0
182,181,81,153,26,0.14,81.1,0.7,225,2026-10-08 07:20:00,PT5M,26.777,53.3835,40.7802,12.7738,0.1705
199,197,97,161,26,0.14,80.6,0.7,223,2026-10-08 07:25:00,PT5M,29.933,58.8,45.1259,14.7401,1.066
215,213,113,169,26,0.14,80.1,0.7,222,2026-10-08 07:30:00,PT5M,33.045,64.145,49.4132,16.6768,1.945
232,230,128,177,27,0.14,79.6,0.7,220,2026-10-08 07:35:00,PT5M,36.399,69.7585,53.9563,18.8417,3.0395
249,247,144,185,27,0.14,79.1,0.7,218,2026-10-08 07:40:00,PT5M,39.752,75.2655,58.443,21.061,4.2385
266,264,160,192,27,0.14,78.6,0.6,216,2026-10-08 07:45:00,PT5M,42.714,79.0235,61.8239,23.6041,6.4045
284,281,177,198,27,0.14,78.2,0.6,215,2026-10-08 07:50:00,PT5M,45.635,82.675,65.1294,26.1406,8.595
302,299,193,205,27,0.14,77.7,0.6,213,2026-10-08 07:55:00,PT5M,48.508,86.2105,68.3511,28.6649,10.8055
320,317,209,211,27,0.14,77.2,0.6,211,2026-10-08 08:00:00,PT5M,51.322,89.6025,71.4693,31.1747,13.0415
338,335,226,216,27,0.14,76.7,0.6,209,2026-10-08 08:05:00,PT5M,54.039,92.791,74.4345,33.6435,15.287
357,353,242,221,27,0.14,76.3,0.6,207,2026-10-08 08:10:00,PT5M,56.601,95.7185,77.1888,36.0132,17.4835
375,371,258,226,27,0.14,75.8,0.6,205,2026-10-08 08:15:00,PT5M,59.119,98.5055,79.8484,38.3896,19.7325
394,389,274,231,27,0.14,75.4,0.6,203,2026-10-08 08:20:00,PT5M,61.554,100.0,82.3639,40.7441,22.0145
413,407,291,235,28,0.14,74.9,0.6,201,2026-10-08 08:25:00,PT5M,63.897,100.0,84.744,43.05,24.287
431,426,307,238,28,0.14,74.5,0.6,199,2026-10-08 08:30:00,PT5M,66.167,100.0,87.0222,45.3118,26.5415
449,443,319,242,28,0.14,73.9,0.6,197,2026-10-08 08:35:00,PT5M,67.992,100.0,88.8735,47.1105,28.3165
464,458,327,247,28,0.14,73.2,0.6,194,2026-10-08 08:40:00,PT5M,69.379,100.0,90.3126,48.4454,29.6045
480,473,335,252,28,0.14,72.6,0.5,190,2026-10-08 08:45:00,PT5M,70.704,100.0,91.6797,49.7283,30.8495
495,488,343,256,28,0.14,71.9,0.5,186,2026-10-08 08:50:00,PT5M,71.979,100.0,92.9855,50.9725,32.066
510,503,351,261,28,0.14,71.3,0.5,182,2026-10-08 08:55:00,PT5M,73.206,100.0,94.2333,52.1787,33.2535
525,518,358,265,28,0.14,70.6,0.4,176,2026-10-08 09:00:00,PT5M,74.388,100.0,95.4366,53.3394,34.395
540,533,367,268,29,0.14,70.0,0.4,170,2026-10-08 09:05:00,PT5M,75.637,100.0,96.6943,54.5797,35.6275
555,548,376,271,29,0.14,69.3,0.4,163,2026-10-08 09:10:00,PT5M,76.866,100.0,97.9472,55.7848,36.811
570,562,384,274,29,0.14,68.7,0.4,156,2026-10-08 09:15:00,PT5M,78.035,100.0,99.0281,57.0419,38.1475
585,577,393,277,29,0.14,68.1,0.4,148,2026-10-08 09:20:00,PT5M,79.163,100.0,100.0,58.3149,39.551
599,591,401,280,29,0.14,67.5,0.4,140,2026-10-08 09:25:00,PT5M,80.251,100.0,100.0,59.5458,40.9105
613,605,409,282,29,0.14,66.9,0.4,132,2026-10-08 09:30:00,PT5M,81.3,100.0,100.0,60.7353,42.2265
627,618,416,284,29,0.14,66.3,0.4,124,2026-10-08 09:35:00,PT5M,82.245,100.0,100.0,61.8267,43.4495
640,631,423,287,29,0.14,65.7,0.4,117,2026-10-08 09:40:00,PT5M,83.088,100.0,100.0,62.8223,44.5825
652,643,428,289,30,0.14,65.1,0.4,111,2026-10-08 09:45:00,PT5M,83.867,100.0,100.0,63.7502,45.6445
664,655,433,292,30,0.14,64.5,0.5,106,2026-10-08 09:50:00,PT5M,84.592,100.0,100.0,64.6205,46.6455
675,666,438,294,30,0.14,63.9,0.5,101,2026-10-08 09:55:00,PT5M,85.285,100.0,100.0,65.4559,47.609
686,677,443,296,30,0.14,63.3,0.5,97,2026-10-08 10:00:00,PT5M,85.946,100.0,100.0,66.2553,48.533
697,688,448,298,30,0.14,62.8,0.6,93,2026-10-08 10:05:00,PT5M,86.586,100.0,100.0,67.0313,49.4315
708,698,454,300,30,0.14,62.2,0.6,90,2026-10-08 10:10:00,PT5M,87.206,100.0,100.0,67.7853,50.306
718,708,459,301,30,0.14,61.7,0.7,88,2026-10-08 10:15:00,PT5M,87.794,100.0,100.0,68.5041,51.1425
728,718,464,302,31,0.14,61.1,0.7,85,2026-10-08 10:20:00,PT5M,88.351,100.0,100.0,69.1895,51.9435
737,727,469,303,31,0.14,60.6,0.7,83,2026-10-08 10:25:00,PT5M,88.878,100.0,100.0,69.842,52.709
746,736,474,304,31,0.14,60.0,0.8,81,2026-10-08 10:30:00,PT5M,89.38,100.0,100.0,70.4674,53.4455
755,745,480,304,31,0.14,59.5,0.8,80,2026-10-08 10:35:00,PT5M,89.915,100.0,100.0,71.1332,54.229
765,755,487,303,31,0.14,58.9,0.9,78,2026-10-08 10:40:00,PT5M,90.479,100.0,100.0,71.8351,55.055
774,763,493,303,31,0.14,58.4,0.9,77,2026-10-08 10:45:00,PT5M,91.009,100.0,100.0,72.4988,55.839
782,772,500,302,31,0.14,57.9,1.0,76,2026-10-08 10:50:00,PT5M,91.504,100.0,100.0,73.1219,56.5775
791,780,507,301,32,0.14,57.4,1.0,75,2026-10-08 10:55:00,PT5M,91.951,100.0,100.0,73.68,57.2355
798,787,513,300,32,0.14,56.9,1.1,74,2026-10-08 11:00:00,PT5M,92.384,100.0,100.0,74.2304,57.8915
806,795,519,298,32,0.14,56.4,1.1,73,2026-10-08 11:05:00,PT5M,92.797,100.0,100.0,74.7662,58.538
812,801,525,297,32,0.14,55.9,1.2,72,2026-10-08 11:10:00,PT5M,93.172,100.0,100.0,75.2568,59.1325
819,807,531,296,32,0.14,55.4,1.2,71,2026-10-08 11:15:00,PT5M,93.512,100.0,100.0,75.7015,59.6715
825,813,536,294,32,0.14,54.9,1.3,70,2026-10-08 11:20:00,PT5M,93.825,100.0,100.0,76.1148,60.175
830,819,542,293,32,0.14,54.4,1.3,70,2026-10-08 11:25:00,PT5M,94.055,100.0,100.0,76.4398,60.5855
835,823,547,291,32,0.14,53.9,1.4,69,2026-10-08 11:30:00,PT5M,94.32,100.0,100.0,76.7958,61.0235
835,824,545,293,32,0.14,53.9,1.4,69,2026-10-08 11:35:00,PT5M,94.191,100.0,100.0,76.6581,60.878
831,820,534,299,32,0.14,54.3,1.4,69,2026-10-08 11:40:00,PT5M,93.724,100.0,100.0,76.0822,60.204
827,816,523,304,32,0.14,54.7,1.5,69,2026-10-08 11:45:00,PT5M,93.18,100.0,100.0,75.4237,59.4425
822,811,513,309,32,0.14,55.1,1.5,69,2026-10-08 11:50:00,PT5M,92.611,100.0,100.0,74.735,58.646
816,805,502,314,32,0.14,55.5,1.5,69,2026-10-08 11:55:00,PT5M,92.039,100.0,100.0,74.0377,57.836
810,799,491,319,32,0.14,56.0,1.5,69,2026-10-08 12:00:00,PT5M,91.538,100.0,100.0,73.407,57.0885
803,793,480,324,32,0.14,56.4,1.5,69,2026-10-08 12:05:00,PT5M,90.99,100.0,100.0,72.7227,56.2815
796,786,468,330,32,0.14,56.8,1.6,69,2026-10-08 12:10:00,PT5M,90.394,100.0,100.0,71.984,55.4145
788,778,455,335,32,0.14,57.2,1.6,69,2026-10-08 12:15:00,PT5M,89.77,100.0,100.0,71.2135,54.512
780,770,443,340,32,0.14,57.7,1.6,69,2026-10-08 12:20:00,PT5M,89.116,100.0,100.0,70.4095,53.573
771,762,431,344,31,0.14,58.1,1.6,69,2026-10-08 12:25:00,PT5M,88.431,100.0,100.0,69.5716,52.5975
762,753,419,349,31,0.14,58.5,1.7,69,2026-10-08 12:30:00,PT5M,87.716,100.0,100.0,68.701,51.587
752,743,406,353,31,0.14,59.0,1.7,69,2026-10-08 12:35:00,PT5M,86.91,100.0,100.0,67.7466,50.499
741,733,392,357,31,0.14,59.4,1.7,69,2026-10-08 12:40:00,PT5M,86.011,100.0,100.0,66.7055,49.33
730,722,378,361,31,0.14,59.9,1.7,69,2026-10-08 12:45:00,PT5M,85.064,100.0,100.0,65.607,48.095
718,711,365,365,31,0.14,60.3,1.8,69,2026-10-08 12:50:00,PT5M,84.085,100.0,100.0,64.4764,46.828
707,699,351,368,31,0.14,60.8,1.8,69,2026-10-08 12:55:00,PT5M,83.051,100.0,100.0,63.2992,45.522
694,687,338,371,31,0.14,61.2,1.8,69,2026-10-08 13:00:00,PT5M,82.027,100.0,100.0,62.1305,44.223
682,676,326,373,31,0.14,61.7,1.8,69,2026-10-08 13:05:00,PT5M,80.969,100.0,100.0,60.9204,42.876
670,664,314,373,31,0.14,62.2,1.9,69,2026-10-08 13:10:00,PT5M,79.901,100.0,100.0,59.6992,41.517
658,652,303,374,30,0.14,62.7,1.9,69,2026-10-08 13:15:00,PT5M,78.793,100.0,99.1498,58.4362,40.1145
646,640,292,374,30,0.14,63.1,1.9,69,2026-10-08 13:20:00,PT5M,77.65,100.0,98.1623,57.1377,38.676
633,627,282,373,30,0.14,63.6,1.9,69,2026-10-08 13:25:00,PT5M,76.475,100.0,97.1428,55.8072,37.2055
620,615,271,373,30,0.14,64.1,2.0,69,2026-10-08 13:30:00,PT5M,75.267,100.0,96.0903,54.4437,35.702
607,602,261,372,30,0.14,64.6,2.0,69,2026-10-08 13:35:00,PT5M,74.022,100.0,95.0098,53.0342,34.1445
594,589,250,370,30,0.14,65.1,2.0,69,2026-10-08 13:40:00,PT5M,72.74,100.0,93.9007,51.5793,32.534
580,576,240,368,30,0.14,65.6,2.0,69,2026-10-08 13:45:00,PT5M,71.421,100.0,92.7541,50.0879,30.8875
567,562,230,366,30,0.14,66.1,2.0,69,2026-10-08 13:50:00,PT5M,70.064,100.0,91.5692,48.5588,29.2035
553,549,220,363,30,0.14,66.6,2.1,69,2026-10-08 13:55:00,PT5M,68.67,100.0,90.3467,46.9933,27.4835
539,535,210,360,30,0.14,67.1,2.1,69,2026-10-08 14:00:00,PT5M,67.217,100.0,89.0659,45.3681,25.7035
525,521,200,357,29,0.14,67.6,2.1,69,2026-10-08 14:05:00,PT5M,65.736,100.0,87.7562,43.7158,23.897
511,507,190,354,29,0.14,68.1,2.1,69,2026-10-08 14:10:00,PT5M,64.169,100.0,86.3613,41.9767,22.003
496,493,179,350,29,0.14,68.6,2.2,69,2026-10-08 14:15:00,PT5M,62.561,100.0,84.9238,40.1982,20.071
482,479,169,346,29,0.14,69.2,2.2,69,2026-10-08 14:20:00,PT5M,60.917,100.0,83.4485,38.3855,18.1065
467,464,159,342,29,0.14,69.7,2.2,69,2026-10-08 14:25:00,PT5M,59.237,100.0,81.9403,36.5337,16.1
452,450,149,337,29,0.14,70.2,2.2,69,2026-10-08 14:30:00,PT5M,57.523,100.0,80.4024,34.6436,14.0515
438,436,139,332,29,0.14,70.7,2.2,70,2026-10-08 14:35:00,PT5M,55.77,99.2785,78.6688,32.8712,12.2615
423,421,130,327,29,0.14,71.0,2.2,71,2026-10-08 14:40:00,PT5M,53.98,97.491,76.8802,31.0798,10.469
409,407,120,321,29,0.14,71.3,2.1,73,2026-10-08 14:45:00,PT5M,52.157,95.6495,75.0474,29.2666,8.6645
394,393,111,315,29,0.14,71.6,2.1,74,2026-10-08 14:50:00,PT5M,50.339,93.787,73.206,27.472,6.891
380,379,103,308,29,0.14,71.9,2.0,76,2026-10-08 14:55:00,PT5M,48.744,92.114,71.5699,25.9181,5.374
366,365,94,302,29,0.14,72.2,1.9,78,2026-10-08 15:00:00,PT5M,46.91,90.1765,69.6815,24.1385,3.6435
352,351,85,295,29,0.14,72.5,1.9,79,2026-10-08 15:05:00,PT5M,44.96,88.048,67.6375,22.2825,1.872
337,336,75,289,28,0.14,72.9,1.9,81,2026-10-08 15:10:00,PT5M,42.887,85.713,65.4266,20.3474,0.061
322,322,65,282,28,0.14,73.2,1.8,83,2026-10-08 15:15:00,PT5M,40.758,83.2805,63.1379,18.3781,0.0
308,308,55,275,28,0.14,73.5,1.8,85,2026-10-08 15:20:00,PT5M,38.587,80.7555,60.7806,16.3934,0.0
294,293,45,267,28,0.14,73.8,1.7,88,2026-10-08 15:25:00,PT5M,36.375,78.134,58.3531,14.3969,0.0
279,279,35,259,28,0.14,74.2,1.7,90,2026-10-08 15:30:00,PT5M,34.123,75.408,55.8516,12.3944,0.0
265,265,25,251,28,0.14,74.5,1.7,92,2026-10-08 15:35:00,PT5M,32.245,72.9665,53.677,10.813,0.0
251,251,15,243,28,0.14,74.8,1.6,95,2026-10-08 15:40:00,PT5M,29.988,70.0505,51.0732,8.9028,0.0
237,237,6,234,28,0.14,75.2,1.6,97,2026-10-08 15:45:00,PT5M,27.715,67.016,48.3994,7.0306,0.0
223,224,0,224,28,0.14,75.5,1.6,100,2026-10-08 15:50:00,PT5M,25.697,64.1395,45.9296,5.4644,0.0
210,210,0,210,28,0.14,75.8,1.5,103,2026-10-08 15:55:00,PT5M,24.153,61.6145,43.8693,4.4367,0.0
196,197,0,197,28,0.14,76.2,1.5,106,2026-10-08 16:00:00,PT5M,22.622,59.0545,41.7967,3.4473,0.0
184,184,0,184,28,0.14,76.5,1.5,109,2026-10-08 16:05:00,PT5M,21.13,56.535,39.7639,2.4961,0.0
171,172,0,172,28,0.14,76.8,1.5,112,2026-10-08 16:10:00,PT5M,19.798,53.869,37.7298,1.8662,0.0
159,159,0,159,28,0.14,77.2,1.5,115,2026-10-08 16:15:00,PT5M,18.663,50.417,35.3754,1.9506,0.0
147,148,0,148,28,0.14,77.5,1.5,118,2026-10-08 16:20:00,PT5M,17.412,46.907,32.9354,1.8886,0.0
135,136,0,136,28,0.14,77.9,1.5,121,2026-10-08 16:25:00,PT5M,16.122,43.3765,30.4662,1.7778,0.0
124,124,0,124,28,0.14,78.2,1.5,124,2026-10-08 16:30:00,PT5M,14.821,39.853,27.9955,1.6465,0.0
113,113,0,113,28,0.14,78.6,1.5,127,2026-10-08 16:35:00,PT5M,13.514,36.323,25.5185,1.5095,0.0
102,102,0,102,28,0.14,78.9,1.5,129,2026-10-08 16:40:00,PT5M,12.199,32.7955,23.0391,1.3589,0.0
91,92,0,92,27,0.14,79.3,1.5,132,2026-10-08 16:45:00,PT5M,10.905,29.3275,20.6009,1.2091,0.0
81,82,0,82,27,0.14,79.6,1.6,135,2026-10-08 16:50:00,PT5M,9.647,25.957,18.2311,1.0629,0.0
71,71,0,71,27,0.14,80.0,1.6,138,2026-10-08 16:55:00,PT5M,8.39,22.6865,15.9144,0.8656,0.0
61,62,0,62,27,0.14,80.3,1.6,140,2026-10-08 17:00:00,PT5M,7.2,19.598,13.7252,0.6748,0.0
52,52,0,52,27,0.14,80.7,1.7,143,2026-10-08 17:05:00,PT5M,5.984,16.5115,11.5247,0.4433,0.0
44,44,0,44,27,0.14,81.0,1.7,145,2026-10-08 17:10:00,PT5M,4.905,13.673,9.5197,0.2903,0.0
36,36,0,36,27,0.14,81.4,1.7,148,2026-10-08 17:15:00,PT5M,3.955,11.0085,7.6673,0.2427,0.0
29,29,0,29,27,0.14,81.8,1.8,150,2026-10-08 17:20:00,PT5M,3.04,8.4425,5.8834,0.1966,0.0
22,22,0,22,27,0.14,82.1,1.8,152,2026-10-08 17:25:00,PT5M,2.191,6.106,4.2515,0.1305,0.0
17,17,0,17,27,0.14,82.5,1.9,154,2026-10-08 17:30:00,PT5M,1.493,4.19,2.9125,0.0735,0.0
12,12,0,12,27,0.14,82.8,1.9,155,2026-10-08 17:35:00,PT5M,0.874,2.497,1.7282,0.0198,0.0
8,8,0,8,27,0.14,82.9,1.8,155,2026-10-08 17:40:00,PT5M,0.308,1.158,0.7554,0.0,0.0
4,4,0,4,27,0.14,83.1,1.8,155,2026-10-08 17:45:00,PT5M,0.0,0.238,0.1253,0.0,0.0
1,1,0,1,27,0.14,83.3,1.8,155,2026-10-08 17:50:00,PT5M,0.0,0.0,0.0,0.0,0.0
0,0,0,0,27,0.14,83.5,1.8,155,2026-10-08 17:55:00,PT5M,0.0,0.0,0.0,0.0,0.0
0,0,0,0,27,0.14,83.6,1.7,155,2026-10-08 18:00:00,PT5M,0.0,0.0,0.0,0.0,0.0
0,0,0,0,27,0.14,83.8,1.7,155,2026-10-08 18:05:00,PT5M,0.0,0.0,0.0,0.0,0.0
0,0,0,0,27,0.14,84.0,1.7,155,2026-10-08 18:10:00,PT5M,0.0,0.0,0.0,0.0,0.0
0,0,0,0,27,0.14,84.2,1.6,155,2026-10-08 18:15:00,PT5M,0.0,0.0,0.0,0.0,0.0
0,0,0,0,27,0.14,84.3,1.6,155,2026-10-08 18:20:00,PT5M,0.0,0.0,0.0,0.0,0.0
0,0,0,0,26,0.14,84.5,1.6,155,2026-10-08 18:25:00,PT5M,0.0,0.0,0.0,0.0,0.0
0,0,0,0,26,0.14,84.7,1.6,155,2026-10-08 18:30:00,PT5M,0.0,0.0,0.0,0.0,0.0
0,0,0,0,26,0.14,84.9,1.5,155,2026-10-08 18:35:00,PT5M,0.0,0.0,0.0,0.0,0.0
0,0,0,0,26,0.14,85.1,1.5,154,2026-10-08 18:40:00,PT5M,0.0,0.0,0.0,0.0,0.0
0,0,0,0,26,0.14,85.2,1.5,154,2026-10-08 18:45:00,PT5M,0.0,0.0,0.0,0.0,0.0
0,0,0,0,26,0.14,85.4,1.5,154,2026-10-08 18:50:00,PT5M,0.0,0.0,0.0,0.0,0.0
0,0,0,0,26,0.14,85.6,1.4,154,2026-10-08 18:55:00,PT5M,0.0,0.0,0.0,0.0,0.0
0,0,0,0,26,0.14,85.8,1.4,154,2026-10-08 19:00:00,PT5M,0.0,0.0,0.0,0.0,0.0
0,0,0,0,26,0.14,86.0,1.4,154,2026-10-08 19:05:00,PT5M,0.0,0.0,0.0,0.0,0.0
0,0,0,0,26,0.14,86.2,1.3,154,2026-10-08 19:10:00,PT5M,0.0,0.0,0.0,0.0,0.0
0,0,0,0,26,0.14,86.3,1.3,154,2026-10-08 19:15:00,PT5M,0.0,0.0,0.0,0.0,0.0
0,0,0,0,26,0.14,86.5,1.3,154,2026-10-08 19:20:00,PT5M,0.0,0.0,0.0,0.0,0.0
0,0,0,0,26,0.14,86.7,1.3,154,2026-10-08 19:25:00,PT5M,0.0,0.0,0.0,0.0,0.0
0,0,0,0,26,0.14,86.9,1.2,154,2026-10-08 19:30:00,PT5M,0.0,0.0,0.0,0.0,0.0
0,0,0,0,26,0.14,87.1,1.2,154,2026-10-08 19:35:00,PT5M,0.0,0.0,0.0,0.0,0.0
0,0,0,0,26,0.14,87.3,1.2,154,2026-10-08 19:40:00,PT5M,0.0,0.0,0.0,0.0,0.0
0,0,0,0,26,0.14,87.4,1.2,154,2026-10-08 19:45:00,PT5M,0.0,0.0,0.0,0.0,0.0
0,0,0,0,26,0.14,87.6,1.1,154,2026-10-08 19:50:00,PT5M,0.0,0.0,0.0,0.0,0.0
0,0,0,0,26,0.14,87.8,1.1,154,2026-10-08 19:55:00,PT5M,0.0,0.0,0.0,0.0,0.0
0,0,0,0,26,0.14,88.0,1.1,154,2026-10-08 20:00:00,PT5M,0.0,0.0,0.0,0.0,0.0
0,0,0,0,26,0.14,88.2,1.0,154,2026-10-08 20:05:00,PT5M,0.0,0.0,0.0,0.0,0.0
0,0,0,0,26,0.14,88.4,1.0,154,2026-10-08 20:10:00,PT5M,0.0,0.0,0.0,0.0,0.0
0,0,0,0,26,0.14,88.6,1.0,154,2026-10-08 20:15:00,PT5M,0.0,0.0,0.0,0.0,0.0
0,0,0,0,25,0.14,88.8,1.0,154,2026-10-08 20:20:00,PT5M,0.0,0.0,0.0,0.0,0.0
0,0,0,0,25,0.14,89.0,0.9,154,2026-10-08 20:25:00,PT5M,0.0,0.0,0.0,0.0,0.0
0,0,0,0,25,0.14,89.1,0.9,153,2026-10-08 20:30:00,PT5M,0.0,0.0,0.0,0.0,0.0
0,0,0,0,25,0.14,89.3,0.9,153,2026-10-08 20:35:00,PT5M,0.0,0.0,0.0,0.0,0.0
0,0,0,0,25,0.14,89.4,0.8,153,2026-10-08 20:40:00,PT5M,0.0,0.0,0.0,0.0,0.0
0,0,0,0,25,0.14,89.5,0.8,153,2026-10-08 20:45:00,PT5M,0.0,0.0,0.0,0.0,0.0
0,0,0,0,25,0.14,89.6,0.7,152,2026-10-08 20:50:00,PT5M,0.0,0.0,0.0,0.0,0.0
0,0,0,0,25,0.14,89.7,0.7,152,2026-10-08 20:55:00,PT5M,0.0,0.0,0.0,0.0,0.0
0,0,0,0,25,0.14,89.8,0.6,152,2026-10-08 21:00:00,PT5M,0.0,0.0,0.0,0.0,0.0
0,0,0,0,25,0.14,89.9,0.6,151,2026-10-08 21:05:00,PT5M,0.0,0.0,0.0,0.0,0.0
0,0,0,0,25,0.14,90.0,0.5,150,2026-10-08 21:10:00,PT5M,0.0,0.0,0.0,0.0,0.0
0,0,0,0,25,0.14,90.1,0.5,150,2026-10-08 21:15:00,PT5M,0.0,0.0,0.0,0.0,0.0
0,0,0,0,25,0.14,90.2,0.4,149,2026-10-08 21:20:00,PT5M,0.0,0.0,0.0,0.0,0.0
0,0,0,0,25,0.14,90.3,0.4,147,2026-10-08 21:25:00,PT5M,0.0,0.0,0.0,0.0,0.0
0,0,0,0,25,0.14,90.4,0.3,146,2026-10-08 21:30:00,PT5M,0.0,0.0,0.0,0.0,0.0
0,0,0,0,25,0.14,90.5,0.3,143,2026-10-08 21:35:00,PT5M,0.0,0.0,0.0,0.0,0.0
0,0,0,0,25,0.14,90.6,0.2,140,2026-10-08 21:40:00,PT5M,0.0,0.0,0.0,0.0,0.0
0,0,0,0,25,0.14,90.7,0.2,134,2026-10-08 21:45:00,PT5M,0.0,0.0,0.0,0.0,0.0
0,0,0,0,25,0.14,90.8,0.1,125,2026-10-08 21:50:00,PT5M,0.0,0.0,0.0,0.0,0.0
0,0,0,0,25,0.14,91.0,0.1,105,2026-10-08 21:55:00,PT5M,0.0,0.0,0.0,0.0,0.0
0,0,0,0,25,0.14,91.1,0.1,66,2026-10-08 22:00:00,PT5M,0.0,0.0,0.0,0.0,0.0
0,0,0,0,25,0.14,91.2,0.1,29,2026-10-08 22:05:00,PT5M,0.0,0.0,0.0,0.0,0.0
0,0,0,0,25,0.14,91.3,0.1,10,2026-10-08 22:10:00,PT5M,0.0,0.0,0.0,0.0,0.0
0,0,0,0,25,0.14,91.4,0.2,0,2026-10-08 22:15:00,PT5M,0.0,0.0,0.0,0.0,0.0
0,0,0,0,25,0.14,91.5,0.2,355,2026-10-08 22:20:00,PT5M,0.0,0.0,0.0,0.0,0.0
0,0,0,0,25,0.14,91.6,0.3,352,2026-10-08 22:25:00,PT5M,0.0,0.0,0.0,0.0,0.0
0,0,0,0,25,0.14,91.7,0.3,350,2026-10-08 22:30:00,PT5M,0.0,0.0,0.0,0.0,0.0
0,0,0,0,25,0.14,91.8,0.4,348,2026-10-08 22:35:00,PT5M,0.0,0.0,0.0,0.0,0.0
0,0,0,0,25,0.14,91.9,0.4,347,2026-10-08 22:40:00,PT5M,0.0,0.0,0.0,0.0,0.0
0,0,0,0,25,0.14,92.0,0.5,346,2026-10-08 22:45:00,PT5M,0.0,0.0,0.0,0.0,0.0
0,0,0,0,25,0.14,92.1,0.5,345,2026-10-08 22:50:00,PT5M,0.0,0.0,0.0,0.0,0.0
0,0,0,0,24,0.14,92.2,0.6,344,2026-10-08 22:55:00,PT5M,0.0,0.0,0.0,0.0,0.0
0,0,0,0,24,0.14,92.3,0.6,344,2026-10-08 23:00:00,PT5M,0.0,0.0,0.0,0.0,0.0
0,0,0,0,24,0.14,92.4,0.7,343,2026-10-08 23:05:00,PT5M,0.0,0.0,0.0,0.0,0.0
0,0,0,0,24,0.14,92.5,0.7,343,2026-10-08 23:10:00,PT5M,0.0,0.0,0.0,0.0,0.0
0,0,0,0,24,0.14,92.6,0.8,342,2026-10-08 23:15:00,PT5M,0.0,0.0,0.0,0.0,0.0
0,0,0,0,24,0.14,92.8,0.8,342,2026-10-08 23:20:00,PT5M,0.0,0.0,0.0,0.0,0.0
0,0,0,0,24,0.14,92.9,0.9,342,2026-10-08 23:25:00,PT5M,0.0,0.0,0.0,0.0,0.0
0,0,0,0,24,0.14,93.0,0.9,342,2026-10-08 23:30:00,PT5M,0.0,0.0,0.0,0.0,0.0
0,0,0,0,24,0.14,93.0,0.9,341,2026-10-08 23:35:00,PT5M,0.0,0.0,0.0,0.0,0.0
0,0,0,0,24,0.14,93.0,0.9,340,2026-10-08 23:40:00,PT5M,0.0,0.0,0.0,0.0,0.0
0,0,0,0,24,0.14,92.9,0.9,340,2026-10-08 23:45:00,PT5M,0.0,0.0,0.0,0.0,0.0
0,0,0,0,24,0.14,92.9,0.9,339,2026-10-08 23:50:00,PT5M,0.0,0.0,0.0,0.0,0.0
0,0,0,0,24,0.14,92.8,0.9,338,2026-10-08 23:55:00,PT5M,0.0,0.0,0.0,0.0,0.0
0,0,0,0,24,0.14,92.8,0.9,337,2026-10-09 00:00:00,PT5M,0.0,0.0,0.0,0.0,0.0
0,0,0,0,24,0.14,92.7,0.9,337,2026-10-09 00:05:00,PT5M,0.0,0.0,0.0,0.0,0.0
0,0,0,0,24,0.14,92.7,0.9,336,2026-10-09 00:10:00,PT5M,0.0,0.0,0.0,0.0,0.0
0,0,0,0,24,0.14,92.6,0.9,335,2026-10-09 00:15:00,PT5M,0.0,0.0,0.0,0.0,0.0
0,0,0,0,24,0.14,92.6,0.9,334,2026-10-09 00:20:00,PT5M,0.0,0.0,0.0,0.0,0.0
0,0,0,0,24,0.14,92.5,0.9,334,2026-10-09 00:25:00,PT5M,0.0,0.0,0.0,0.0,0.0
0,0,0,0,24,0.14,92.5,0.9,333,2026-10-09 00:30:00,PT5M,0.0,0.0,0.0,0.0,0.0
0,0,0,0,24,0.14,92.4,0.9,332,2026-10-09 00:35:00,PT5M,0.0,0.0,0.0,0.0,0.0
0,0,0,0,24,0.14,92.4,0.9,331,2026-10-09 00:40:00,PT5M,0.0,0.0,0.0,0.0,0.0
0,0,0,0,24,0.14,92.3,0.9,331,2026-10-09 00:45:00,PT5M,0.0,0.0,0.0,0.0,0.0
0,0,0,0,24,0.14,92.3,0.9,330,2026-10-09 00:50:00,PT5M,0.0,0.0,0.0,0.0,0.0
0,0,0,0,24,0.14,92.3,0.9,329,2026-10-09 00:55:00,PT5M,0.0,0.0,0.0,0.0,0.0
0,0,0,0,24,0.14,92.2,0.9,328,2026-10-09 01:00:00,PT5M,0.0,0.0,0.0,0.0,0.0
0,0,0,0,24,0.14,92.2,0.9,328,2026-10-09 01:05:00,PT5M,0.0,0.0,0.0,0.0,0.0
0,0,0,0,24,0.14,92.1,0.9,327,2026-10-09 01:10:00,PT5M,0.0,0.0,0.0,0.0,0.0
0,0,0,0,24,0.14,92.1,0.9,326,2026-10-09 01:15:00,PT5M,0.0,0.0,0.0,0.0,0.0
0,0,0,0,24,0.14,92.0,0.9,325,2026-10-09 01:20:00,PT5M,0.0,0.0,0.0,0.0,0.0
0,0,0,0,24,0.14,92.0,1.0,325,2026-10-09 01:25:00,PT5M,0.0,0.0,0.0,0.0,0.0
0,0,0,0,24,0.14,91.9,1.0,324,2026-10-09 01:30:00,PT5M,0.0,0.0,0.0,0.0,0.0
0,0,0,0,24,0.14,91.9,1.0,323,2026-10-09 01:35:00,PT5M,0.0,0.0,0.0,0.0,0.0
0,0,0,0,24,0.14,91.8,1.0,322,2026-10-09 01:40:00,PT5M,0.0,0.0,0.0,0.0,0.0
0,0,0,0,24,0.14,91.8,1.0,322,2026-10-09 01:45:00,PT5M,0.0,0.0,0.0,0.0,0.0
0,0,0,0,24,0.14,91.7,1.0,321,2026-10-09 01:50:00,PT5M,0.0,0.0,0.0,0.0,0.0
0,0,0,0,24,0.14,91.7,1.0,320,2026-10-09 01:55:00,PT5M,0.0,0.0,0.0,0.0,0.0
0,0,0,0,24,0.14,91.7,1.0,320,2026-10-09 02:00:00,PT5M,0.0,0.0,0.0,0.0,0.0
0,0,0,0,24,0.14,91.6,1.0,319,2026-10-09 02:05:00,PT5M,0.0,0.0,0.0,0.0,0.0
0,0,0,0,24,0.14,91.6,1.0,318,2026-10-09 02:10:00,PT5M,0.0,0.0,0.0,0.0,0.0
0,0,0,0,24,0.14,91.5,1.0,317,2026-10-09 02:15:00,PT5M,0.0,0.0,0.0,0.0,0.0
0,0,0,0,24,0.14,91.5,1.0,317,2026-10-09 02:20:00,PT5M,0.0,0.0,0.0,0.0,0.0
0,0,0,0,24,0.14,91.4,1.0,316,2026-10-09 02:25:00,PT5M,0.0,0.0,0.0,0.0,0.0
0,0,0,0,24,0.14,91.4,1.0,315,2026-10-09 02:30:00,PT5M,0.0,0.0,0.0,0.0,0.0
0,0,0,0,24,0.14,91.4,1.0,315,2026-10-09 02:35:00,PT5M,0.0,0.0,0.0,0.0,0.0
0,0,0,0,24,0.14,91.4,1.0,316,2026-10-09 02:40:00,PT5M,0.0,0.0,0.0,0.0,0.0
0,0,0,0,24,0.14,91.4,1.0,316,2026-10-09 02:45:00,PT5M,0.0,0.0,0.0,0.0,0.0
0,0,0,0,24,0.14,91.4,1.0,316,2026-10-09 02:50:00,PT5M,0.0,0.0,0.0,0.0,0.0
0,0,0,0,24,0.14,91.4,1.0,317,2026-10-09 02:55:00,PT5M,0.0,0.0,0.0,0.0,0.0
0,0,0,0,24,0.14,91.4,1.0,317,2026-10-09 03:00:00,PT5M,0.0,0.0,0.0,0.0,0.0
0,0,0,0,24,0.14,91.5,1.0,317,2026-10-09 03:05:00,PT5M,0.0,0.0,0.0,0.0,0.0
0,0,0,0,24,0.14,91.5,0.9,318,2026-10-09 03:10:00,PT5M,0.0,0.0,0.0,0.0,0.0
0,0,0,0,24,0.14,91.5,0.9,318,2026-10-09 03:15:00,PT5M,0.0,0.0,0.0,0.0,0.0
0,0,0,0,24,0.14,91.5,0.9,318,2026-10-09 03:20:00,PT5M,0.0,0.0,0.0,0.0,0.0
0,0,0,0,24,0.14,91.5,0.9,319,2026-10-09 03:25:00,PT5M,0.0,0.0,0.0,0.0,0.0
0,0,0,0,24,0.14,91.5,0.9,319,2026-10-09 03:30:00,PT5M,0.0,0.0,0.0,0.0,0.0
0,0,0,0,24,0.14,91.5,0.9,320,2026-10-09 03:35:00,PT5M,0.0,0.0,0.0,0.0,0.0
0,0,0,0,24,0.14,91.6,0.9,320,2026-10-09 03:40:00,PT5M,0.0,0.0,0.0,0.0,0.0
0,0,0,0,24,0.14,91.6,0.9,320,2026-10-09 03:45:00,PT5M,0.0,0.0,0.0,0.0,0.0
0,0,0,0,24,0.14,91.6,0.9,321,2026-10-09 03:50:00,PT5M,0.0,0.0,0.0,0.0,0.0
0,0,0,0,24,0.14,91.6,0.9,321,2026-10-09 03:55:00,PT5M,0.0,0.0,0.0,0.0,0.0
0,0,0,0,24,0.14,91.6,0.9,322,2026-10-09 04:00:00,PT5M,0.0,0.0,0.0,0.0,0.0
0,0,0,0,24,0.14,91.6,0.9,322,2026-10-09 04:05:00,PT5M,0.0,0.0,0.0,0.0,0.0
0,0,0,0,24,0.14,91.6,0.9,322,2026-10-09 04:10:00,PT5M,0.0,0.0,0.0,0.0,0.0
0,0,0,0,24,0.14,91.7,0.9,323,2026-10-09 04:15:00,PT5M,0.0,0.0,0.0,0.0,0.0
0,0,0,0,24,0.14,91.7,0.9,323,2026-10-09 04:20:00,PT5M,0.0,0.0,0.0,0.0,0.0
0,0,0,0,24,0.14,91.7,0.9,324,2026-10-09 04:25:00,PT5M,0.0,0.0,0.0,0.0,0.0
0,0,0,0,24,0.14,91.7,0.9,324,2026-10-09 04:30:00,PT5M,0.0,0.0,0.0,0.0,0.0
0,0,0,0,24,0.14,91.7,0.9,325,2026-10-09 04:35:00,PT5M,0.0,0.0,0.0,0.0,0.0
0,0,0,0,24,0.14,91.7,0.9,325,2026-10-09 04:40:00,PT5M,0.0,0.0,0.0,0.0,0.0
0,0,0,0,24,0.14,91.7,0.8,326,2026-10-09 04:45:00,PT5M,0.0,0.0,0.0,0.0,0.0
0,0,0,0,24,0.14,91.8,0.8,326,2026-10-09 04:50:00,PT5M,0.0,0.0,0.0,0.0,0.0
0,0,0,0,24,0.14,91.8,0.8,327,2026-10-09 04:55:00,PT5M,0.0,0.0,0.0,0.0,0.0
0,0,0,0,24,0.14,91.8,0.8,327,2026-10-09 05:00:00,PT5M,0.0,0.0,0.0,0.0,0.0
0,0,0,0,24,0.14,91.8,0.8,328,2026-10-09 05:05:00,PT5M,0.0,0.0,0.0,0.0,0.0
0,0,0,0,24,0.14,91.8,0.8,328,2026-10-09 05:10:00,PT5M,0.0,0.0,0.0,0.0,0.0
0,0,0,0,24,0.14,91.8,0.8,328,2026-10-09 05:15:00,PT5M,0.0,0.0,0.0,0.0,0.0
0,0,0,0,24,0.14,91.9,0.8,329,2026-10-09 05:20:00,PT5M,0.0,0.0,0.0,0.0,0.0
0,0,0,0,24,0.14,91.9,0.8,329,2026-10-09 05:25:00,PT5M,0.0,0.0,0.0,0.0,0.0
0,0,0,0,24,0.14,91.9,0.8,330,2026-10-09 05:30:00,PT5M,0.0,0.0,0.0,0.0,0.0
0,0,0,0,24,0.14,91.6,0.8,330,2026-10-09 05:35:00,PT5M,0.0,0.0,0.0,0.0,0.0
0,0,0,0,24,0.14,91.0,0.8,331,2026-10-09 05:40:00,PT5M,0.0,0.0,0.0,0.0,0.0
0,0,0,0,24,0.14,90.5,0.8,331,2026-10-09 05:45:00,PT5M,0.0,0.0,0.0,0.0,0.0
0,0,0,0,24,0.14,89.9,0.8,331,2026-10-09 05:50:00,PT5M,0.0,0.0,0.0,0.0,0.0
0,0,0,0,24,0.14,89.4,0.8,332,2026-10-09 05:55:00,PT5M,0.0,0.0,0.0,0.0,0.0
4,4,0,4,25,0.14,88.8,0.8,332,2026-10-09 06:00:00,PT5M,0.0,0.0,0.0,0.0,0.0
11,11,0,11,25,0.14,88.3,0.8,333,2026-10-09 06:05:00,PT5M,0.841,1.4095,1.1402,0.5418,0.2725
20,20,0,20,25,0.14,87.7,0.8,333,2026-10-09 06:10:00,PT5M,1.961,3.215,2.621,1.301,0.707
29,29,0,29,25,0.14,87.2,0.8,333,2026-10-09 06:15:00,PT5M,3.18,5.332,4.3126,2.0474,1.028
39,40,0,40,25,0.14,86.7,0.8,334,2026-10-09 06:20:00,PT5M,4.487,7.774,6.217,2.757,1.2
51,51,23,48,25,0.14,86.2,0.8,334,2026-10-09 06:25:00,PT5M,6.386,11.0165,8.8231,3.9489,1.7555
65,64,48,57,25,0.14,85.6,0.8,334,2026-10-09 06:30:00,PT5M,8.775,14.926,12.0123,5.5377,2.624
79,78,75,65,25,0.14,85.1,0.8,335,2026-10-09 06:35:00,PT5M,11.445,19.2335,15.5441,7.3459,3.6565
94,93,101,74,26,0.14,84.6,0.8,335,2026-10-09 06:40:00,PT5M,14.334,23.811,19.3218,9.3462,4.857
110,108,127,82,26,0.14,84.1,0.8,335,2026-10-09 06:45:00,PT5M,17.509,28.6905,23.3939,11.6241,6.3275
127,124,153,89,26,0.14,83.6,0.8,336,2026-10-09 06:50:00,PT5M,20.863,33.782,27.6624,14.0636,7.944
144,141,177,97,26,0.14,83.1,0.8,336,2026-10-09 06:55:00,PT5M,24.414,39.1485,32.1689,16.6591,9.6795
161,158,197,104,26,0.14,82.6,0.8,337,2026-10-09 07:00:00,PT5M,27.928,44.584,36.6942,19.1618,11.272
178,174,214,112,26,0.14,82.1,0.8,337,2026-10-09 07:05:00,PT5M,31.448,50.131,41.281,21.615,12.765
195,191,230,119,26,0.14,81.6,0.8,337,2026-10-09 07:10:00,PT5M,35.103,55.887,46.0418,24.1642,14.319
212,208,246,126,26,0.14,81.1,0.8,338,2026-10-09 07:15:00,PT5M,38.809,61.725,50.8699,26.7481,15.893
229,225,260,133,27,0.14,80.6,0.8,338,2026-10-09 07:20:00,PT5M,42.521,67.5875,55.7137,29.3283,17.4545
247,242,274,140,27,0.14,80.1,0.8,339,2026-10-09 07:25:00,PT5M,46.246,73.521,60.601,31.891,18.971
264,259,287,147,27,0.14,79.6,0.8,339,2026-10-09 07:30:00,PT5M,49.978,79.4395,65.4838,34.4722,20.5165
281,276,299,153,27,0.14,79.1,0.7,339,2026-10-09 07:35:00,PT5M,53.72,85.4235,70.4058,37.0342,22.0165
299,293,310,159,27,0.14,78.7,0.7,340,2026-10-09 07:40:00,PT5M,57.267,91.089,75.0678,39.4662,23.445
316,310,322,165,27,0.14,78.2,0.7,340,2026-10-09 07:45:00,PT5M,59.447,94.0345,77.6506,41.2434,24.8595
333,327,332,171,27,0.14,77.7,0.7,341,2026-10-09 07:50:00,PT5M,61.533,96.8335,80.1119,42.9541,26.2325
350,344,342,177,27,0.14,77.3,0.7,341,2026-10-09 07:55:00,PT5M,63.519,99.477,82.444,44.594,27.561
367,361,352,183,27,0.14,76.8,0.7,341,2026-10-09 08:00:00,PT5M,65.398,100.0,84.6369,46.1591,28.8435
384,378,361,188,28,0.14,76.4,0.7,342,2026-10-09 08:05:00,PT5M,67.159,100.0,86.6745,47.6435,30.079
401,394,370,193,28,0.14,75.9,0.7,342,2026-10-09 08:10:00,PT5M,68.795,100.0,88.5441,49.0459,31.271
417,410,378,198,28,0.14,75.4,0.7,343,2026-10-09 08:15:00,PT5M,70.274,100.0,90.211,50.337,32.393
434,426,386,203,28,0.14,75.0,0.7,343,2026-10-09 08:20:00,PT5M,71.649,100.0,91.7168,51.5812,33.5195
450,442,393,208,28,0.14,74.5,0.7,343,2026-10-09 08:25:00,PT5M,72.91,100.0,93.071,52.749,34.6035
466,458,400,213,28,0.14,74.1,0.7,344,2026-10-09 08:30:00,PT5M,74.094,100.0,94.3255,53.8625,35.6535
482,474,408,217,28,0.14,73.6,0.7,345,2026-10-09 08:35:00,PT5M,75.363,100.0,95.6456,55.0804,36.8255
499,490,418,221,28,0.14,73.1,0.7,346,2026-10-09 08:40:00,PT5M,76.717,100.0,97.033,56.401,38.116
515,507,428,224,29,0.14,72.5,0.7,347,2026-10-09 08:45:00,PT5M,78.007,100.0,98.3451,57.6689,39.364
531,523,437,227,29,0.14,72.0,0.7,348,2026-10-09 08:50:00,PT5M,79.244,100.0,99.5924,58.8956,40.5815
548,539,446,230,29,0.14,71.5,0.7,349,2026-10-09 08:55:00,PT5M,80.429,100.0,100.0,60.0812,41.7675
563,554,455,233,29,0.14,70.9,0.7,350,2026-10-09 09:00:00,PT5M,81.565,100.0,100.0,61.2011,42.873
580,570,466,235,29,0.14,70.4,0.7,352,2026-10-09 09:05:00,PT5M,82.753,100.0,100.0,62.4183,44.1165
596,586,475,236,29,0.14,69.9,0.7,353,2026-10-09 09:10:00,PT5M,83.885,100.0,100.0,63.5909,45.3255
612,602,485,238,29,0.14,69.4,0.8,354,2026-10-09 09:15:00,PT5M,84.975,100.0,100.0,64.8419,46.7215
627,617,495,240,29,0.14,68.9,0.8,355,2026-10-09 09:20:00,PT5M,86.023,100.0,100.0,66.0715,48.1145
642,632,504,241,30,0.14,68.4,0.8,356,2026-10-09 09:25:00,PT5M,87.033,100.0,100.0,67.2615,49.4665
658,647,514,242,30,0.14,67.8,0.8,357,2026-10-09 09:30:00,PT5M,88.005,100.0,100.0,68.4114,50.7765
672,661,522,243,30,0.14,67.3,0.8,358,2026-10-09 09:35:00,PT5M,88.873,100.0,100.0,69.447,51.963
685,674,529,244,30,0.14,66.9,0.8,359,2026-10-09 09:40:00,PT5M,89.64,100.0,100.0,70.3701,53.0265
699,687,535,246,30,0.14,66.4,0.8,0,2026-10-09 09:45:00,PT5M,90.347,100.0,100.0,71.2284,54.021
711,700,541,247,30,0.14,65.9,0.8,1,2026-10-09 09:50:00,PT5M,91.006,100.0,100.0,72.0337,54.958
723,712,547,248,30,0.14,65.4,0.8,2,2026-10-09 09:55:00,PT5M,91.623,100.0,100.0,72.7928,55.845
735,723,552,250,30,0.14,64.9,0.8,3,2026-10-09 10:00:00,PT5M,92.212,100.0,100.0,73.5184,56.6935
747,735,558,250,31,0.14,64.4,0.8,4,2026-10-09 10:05:00,PT5M,92.783,100.0,100.0,74.2228,57.518
758,746,564,251,31,0.14,64.0,0.8,5,2026-10-09 10:10:00,PT5M,93.335,100.0,100.0,74.905,58.3175
769,756,570,251,31,0.14,63.5,0.8,6,2026-10-09 10:15:00,PT5M,93.859,100.0,100.0,75.5551,59.081
779,767,575,251,31,0.14,63.0,0.8,7,2026-10-09 10:20:00,PT5M,94.354,100.0,100.0,76.1725,59.8085
789,776,581,251,31,0.14,62.6,0.8,8,2026-10-09 10:25:00,PT5M,94.823,100.0,100.0,76.7604,60.5035
799,786,586,251,31,0.14,62.1,0.8,9,2026-10-09 10:30:00,PT5M,95.268,100.0,100.0,77.3212,61.1685
808,796,593,251,31,0.14,61.7,0.8,10,2026-10-09 10:35:00,PT5M,95.75,100.0,100.0,77.9258,61.8835
818,805,601,249,31,0.14,61.2,0.9,10,2026-10-09 10:40:00,PT5M,96.264,100.0,100.0,78.569,62.643
828,815,608,247,31,0.14,60.8,0.9,11,2026-10-09 10:45:00,PT5M,96.749,100.0,100.0,79.1777,63.363
837,823,616,245,32,0.14,60.3,0.9,12,2026-10-09 10:50:00,PT5M,97.203,100.0,100.0,79.7488,64.0395
845,832,623,243,32,0.14,59.9,0.9,13,2026-10-09 10:55:00,PT5M,97.62,100.0,100.0,80.2632,64.6415
854,840,631,241,32,0.14,59.5,0.9,14,2026-10-09 11:00:00,PT5M,98.022,100.0,100.0,80.7704,65.2435
861,848,638,239,32,0.14,59.0,0.9,14,2026-10-09 11:05:00,PT5M,98.407,100.0,100.0,81.266,65.8385
869,855,645,236,32,0.14,58.6,0.9,15,2026-10-09 11:10:00,PT5M,98.766,100.0,100.0,81.7271,66.3915
876,861,652,234,32,0.14,58.2,0.9,16,2026-10-09 11:15:00,PT5M,99.099,100.0,100.0,82.1509,66.897
882,867,659,231,32,0.14,57.8,0.9,17,2026-10-09 11:20:00,PT5M,99.408,100.0,100.0,82.5451,67.368
888,873,666,228,32,0.14,57.4,0.9,17,2026-10-09 11:25:00,PT5M,99.693,100.0,100.0,82.9093,67.8035
893,878,672,225,33,0.14,56.9,0.9,18,2026-10-09 11:30:00,PT5M,99.957,100.0,100.0,83.2481,68.2095
893,878,669,228,33,0.14,57.0,0.9,20,2026-10-09 11:35:00,PT5M,99.767,100.0,100.0,83.0517,68.0075
888,873,655,235,32,0.14,57.4,0.9,24,2026-10-09 11:40:00,PT5M,99.124,100.0,100.0,82.3209,67.1975
882,868,641,242,32,0.14,57.9,0.9,28,2026-10-09 11:45:00,PT5M,98.462,100.0,100.0,81.5649,66.357
876,862,627,249,32,0.14,58.3,0.9,33,2026-10-09 11:50:00,PT5M,97.778,100.0,100.0,80.7809,65.483
869,855,613,256,32,0.14,58.8,0.9,37,2026-10-09 11:55:00,PT5M,97.1,100.0,100.0,79.9969,64.6035
861,848,600,263,32,0.14,59.2,0.9,41,2026-10-09 12:00:00,PT5M,96.488,100.0,100.0,79.2733,63.7795
854,841,586,269,32,0.14,59.7,0.9,45,2026-10-09 12:05:00,PT5M,95.846,100.0,100.0,78.5134,62.9135
845,832,571,276,32,0.14,60.2,1.0,49,2026-10-09 12:10:00,PT5M,95.172,100.0,100.0,77.716,62.005
836,824,557,282,32,0.14,60.6,1.0,52,2026-10-09 12:15:00,PT5M,94.472,100.0,100.0,76.8876,61.061
827,815,543,288,32,0.14,61.1,1.0,56,2026-10-09 12:20:00,PT5M,93.747,100.0,100.0,76.0297,60.0835
817,805,529,294,32,0.14,61.6,1.0,59,2026-10-09 12:25:00,PT5M,93.051,100.0,100.0,75.1968,59.1275
807,796,515,299,31,0.14,62.1,1.1,63,2026-10-09 12:30:00,PT5M,92.275,100.0,100.0,74.2808,58.0855
797,786,502,304,31,0.14,62.6,1.1,66,2026-10-09 12:35:00,PT5M,91.527,100.0,100.0,73.3884,57.063
787,776,490,308,31,0.14,63.1,1.1,69,2026-10-09 12:40:00,PT5M,90.806,100.0,100.0,72.5179,56.058
777,766,478,311,31,0.14,63.6,1.2,71,2026-10-09 12:45:00,PT5M,90.046,100.0,100.0,71.5981,54.9945
766,756,467,314,31,0.14,64.1,1.2,74,2026-10-09 12:50:00,PT5M,89.259,100.0,100.0,70.6514,53.904
756,746,455,317,31,0.14,64.6,1.3,76,2026-10-09 12:55:00,PT5M,88.462,100.0,100.0,69.7044,52.822
744,735,443,320,31,0.14,65.1,1.3,78,2026-10-09 13:00:00,PT5M,87.633,100.0,100.0,68.7215,51.7005
733,723,432,322,31,0.14,65.6,1.3,80,2026-10-09 13:05:00,PT5M,86.755,100.0,100.0,67.679,50.51
721,712,421,324,31,0.14,66.1,1.4,82,2026-10-09 13:10:00,PT5M,85.838,100.0,100.0,66.5936,49.273
709,700,409,326,31,0.14,66.6,1.4,84,2026-10-09 13:15:00,PT5M,84.885,100.0,100.0,65.4703,47.9965
697,688,398,327,30,0.14,67.2,1.5,85,2026-10-09 13:20:00,PT5M,83.897,100.0,100.0,64.311,46.683
684,676,387,328,30,0.14,67.7,1.6,87,2026-10-09 13:25:00,PT5M,82.88,100.0,100.0,63.1224,45.34
671,663,376,328,30,0.14,68.2,1.6,88,2026-10-09 13:30:00,PT5M,81.828,100.0,100.0,61.8986,43.9615
659,651,366,328,30,0.14,68.8,1.7,89,2026-10-09 13:35:00,PT5M,80.801,100.0,100.0,60.699,42.6065
646,639,357,328,30,0.14,69.3,1.7,91,2026-10-09 13:40:00,PT5M,79.801,100.0,100.0,59.5258,41.2775
634,626,348,327,30,0.14,69.9,1.8,92,2026-10-09 13:45:00,PT5M,78.701,100.0,99.1499,58.2521,39.8475
621,614,339,325,30,0.14,70.4,1.8,93,2026-10-09 13:50:00,PT5M,77.634,100.0,98.2573,57.0107,38.449
608,601,330,324,30,0.14,71.0,1.9,94,2026-10-09 13:55:00,PT5M,76.531,100.0,97.3291,55.7329,37.014
595,588,320,322,30,0.14,71.6,1.9,95,2026-10-09 14:00:00,PT5M,75.388,100.0,96.3629,54.4131,35.535
581,575,311,320,30,0.14,72.1,2.0,96,2026-10-09 14:05:00,PT5M,74.207,100.0,95.3585,53.0555,34.0185
567,561,302,318,29,0.14,72.7,2.1,97,2026-10-09 14:10:00,PT5M,72.944,100.0,94.2736,51.6144,32.417
553,547,292,315,29,0.14,73.3,2.1,97,2026-10-09 14:15:00,PT5M,71.645,100.0,93.1523,50.1377,30.7805
539,533,283,312,29,0.14,73.9,2.2,98,2026-10-09 14:20:00,PT5M,70.309,100.0,91.9929,48.6251,29.109
525,519,273,309,29,0.14,74.5,2.2,99,2026-10-09 14:25:00,PT5M,68.936,100.0,90.7954,47.0766,27.4025
510,505,264,306,29,0.14,75.1,2.3,100,2026-10-09 14:30:00,PT5M,67.525,100.0,89.5586,45.4914,25.6605
493,488,250,303,29,0.14,75.5,2.3,100,2026-10-09 14:35:00,PT5M,65.684,100.0,87.9331,43.4349,23.41
474,470,233,301,29,0.14,75.9,2.3,101,2026-10-09 14:40:00,PT5M,63.415,100.0,85.9136,40.9164,20.667
455,451,216,298,29,0.14,76.2,2.2,102,2026-10-09 14:45:00,PT5M,61.13,100.0,83.7849,38.4751,18.085
437,433,200,294,29,0.14,76.6,2.2,103,2026-10-09 14:50:00,PT5M,58.848,100.0,81.5842,36.1118,15.6485
419,416,184,290,29,0.14,76.9,2.1,104,2026-10-09 14:55:00,PT5M,56.564,99.885,79.3642,33.7638,13.243
401,398,169,285,28,0.14,77.3,2.1,105,2026-10-09 15:00:00,PT5M,54.247,97.6575,77.0943,31.3997,10.8365
