gti,ghi,dni,dhi,air_temp,albedo,relative_humidity,wind_speed_10m,wind_direction_10m,period_end,period,power,power_p10,power_p25,power_p75,power_p90
0,0,0,0,25,0.14,97.7,0.7,318,2026-10-08 20:35:00,PT5M,0.0,0.0,0.0,0.0,0.0
0,0,0,0,25,0.14,97.7,0.6,313,2026-10-08 20:40:00,PT5M,0.0,0.0,0.0,0.0,0.0
0,0,0,0,25,0.14,97.8,0.5,307,2026-10-08 20:45:00,PT5M,0.0,0.0,0.0,0.0,0.0
0,0,0,0,25,0.14,97.8,0.4,297,2026-10-08 20:50:00,PT5M,0.0,0.0,0.0,0.0,0.0
0,0,0,0,25,0.14,97.9,0.4,282,2026-10-08 20:55:00,PT5M,0.0,0.0,0.0,0.0,0.0
0,0,0,0,25,0.14,97.9,0.3,263,2026-10-08 21:00:00,PT5M,0.0,0.0,0.0,0.0,0.0
0,0,0,0,25,0.14,98.0,0.3,241,2026-10-08 21:05:00,PT5M,0.0,0.0,0.0,0.0,0.0
0,0,0,0,25,0.14,98.0,0.4,222,2026-10-08 21:10:00,PT5M,0.0,0.0,0.0,0.0,0.0
0,0,0,0,25,0.14,98.0,0.4,209,2026-10-08 21:15:00,PT5M,0.0,0.0,0.0,0.0,0.0
0,0,0,0,25,0.14,98.1,0.5,200,2026-10-08 21:20:00,PT5M,0.0,0.0,0.0,0.0,0.0
0,0,0,0,25,0.14,98.1,0.6,193,2026-10-08 21:25:00,PT5M,0.0,0.0,0.0,0.0,0.0
0,0,0,0,25,0.14,98.2,0.8,189,2026-10-08 21:30:00,PT5M,0.0,0.0,0.0,0.0,0.0
0,0,0,0,25,0.14,98.2,0.8,188,2026-10-08 21:35:00,PT5M,0.0,0.0,0.0,0.0,0.0
0,0,0,0,25,0.14,98.1,0.7,188,2026-10-08 21:40:00,PT5M,0.0,0.0,0.0,0.0,0.0
0,0,0,0,25,0.14,98.1,0.6,190,2026-10-08 21:45:00,PT5M,0.0,0.0,0.0,0.0,0.0
0,0,0,0,25,0.14,98.0,0.5,191,2026-10-08 21:50:00,PT5M,0.0,0.0,0.0,0.0,0.0
0,0,0,0,25,0.14,98.0,0.4,193,2026-10-08 21:55:00,PT5M,0.0,0.0,0.0,0.0,0.0
0,0,0,0,25,0.14,97.9,0.4,196,2026-10-08 22:00:00,PT5M,0.0,0.0,0.0,0.0,0.0
0,0,0,0,25,0.14,97.9,0.3,201,2026-10-08 22:05:00,PT5M,0.0,0.0,0.0,0.0,0.0
0,0,0,0,25,0.14,97.9,0.2,210,2026-10-08 22:10:00,PT5M,0.0,0.0,0.0,0.0,0.0
0,0,0,0,25,0.14,97.8,0.1,227,2026-10-08 22:15:00,PT5M,0.0,0.0,0.0,0.0,0.0
0,0,0,0,25,0.14,97.8,0.1,265,2026-10-08 22:20:00,PT5M,0.0,0.0,0.0,0.0,0.0
0,0,0,0,25,0.14,97.7,0.1,307,2026-10-08 22:25:00,PT5M,0.0,0.0,0.0,0.0,0.0
0,0,0,0,25,0.14,97.7,0.2,328,2026-10-08 22:30:00,PT5M,0.0,0.0,0.0,0.0,0.0
0,0,0,0,25,0.14,97.7,0.2,328,2026-10-08 22:35:00,PT5M,0.0,0.0,0.0,0.0,0.0
0,0,0,0,25,0.14,97.7,0.2,317,2026-10-08 22:40:00,PT5M,0.0,0.0,0.0,0.0,0.0
0,0,0,0,25,0.14,97.8,0.2,306,2026-10-08 22:45:00,PT5M,0.0,0.0,0.0,0.0,0.0
0,0,0,0,24,0.14,97.8,0.2,294,2026-10-08 22:50:00,PT5M,0.0,0.0,0.0,0.0,0.0
0,0,0,0,24,0.14,97.8,0.2,283,2026-10-08 22:55:00,PT5M,0.0,0.0,0.0,0.0,0.0
0,0,0,0,24,0.14,97.9,0.2,274,2026-10-08 23:00:00,PT5M,0.0,0.0,0.0,0.0,0.0
0,0,0,0,24,0.14,97.9,0.3,266,2026-10-08 23:05:00,PT5M,0.0,0.0,0.0,0.0,0.0
0,0,0,0,24,0.14,98.0,0.3,260,2026-10-08 23:10:00,PT5M,0.0,0.0,0.0,0.0,0.0
0,0,0,0,24,0.14,98.0,0.3,255,2026-10-08 23:15:00,PT5M,0.0,0.0,0.0,0.0,0.0
0,0,0,0,24,0.14,98.1,0.4,251,2026-10-08 23:20:00,PT5M,0.0,0.0,0.0,0.0,0.0
0,0,0,0,24,0.14,98.1,0.4,248,2026-10-08 23:25:00,PT5M,0.0,0.0,0.0,0.0,0.0
0,0,0,0,24,0.14,98.2,0.4,245,2026-10-08 23:30:00,PT5M,0.0,0.0,0.0,0.0,0.0
0,0,0,0,24,0.14,98.2,0.4,244,2026-10-08 23:35:00,PT5M,0.0,0.0,0.0,0.0,0.0
0,0,0,0,24,0.14,98.3,0.4,245,2026-10-08 23:40:00,PT5M,0.0,0.0,0.0,0.0,0.0
0,0,0,0,24,0.14,98.3,0.4,246,2026-10-08 23:45:00,PT5M,0.0,0.0,0.0,0.0,0.0
0,0,0,0,24,0.14,98.4,0.4,247,2026-10-08 23:50:00,PT5M,0.0,0.0,0.0,0.0,0.0
0,0,0,0,24,0.14,98.4,0.3,249,2026-10-08 23:55:00,PT5M,0.0,0.0,0.0,0.0,0.0
0,0,0,0,24,0.14,98.5,0.3,251,2026-10-09 00:00:00,PT5M,0.0,0.0,0.0,0.0,0.0
0,0,0,0,24,0.14,98.5,0.3,253,2026-10-09 00:05:00,PT5M,0.0,0.0,0.0,0.0,0.0
0,0,0,0,24,0.14,98.6,0.3,255,2026-10-09 00:10:00,PT5M,0.0,0.0,0.0,0.0,0.0
0,0,0,0,24,0.14,98.6,0.3,257,2026-10-09 00:15:00,PT5M,0.0,0.0,0.0,0.0,0.0
0,0,0,0,24,0.14,98.7,0.2,260,2026-10-09 00:20:00,PT5M,0.0,0.0,0.0,0.0,0.0
0,0,0,0,24,0.14,98.7,0.2,264,2026-10-09 00:25:00,PT5M,0.0,0.0,0.0,0.0,0.0
0,0,0,0,24,0.14,98.8,0.2,268,2026-10-09 00:30:00,PT5M,0.0,0.0,0.0,0.0,0.0
0,0,0,0,24,0.14,98.8,0.2,270,2026-10-09 00:35:00,PT5M,0.0,0.0,0.0,0.0,0.0
0,0,0,0,24,0.14,98.7,0.2,270,2026-10-09 00:40:00,PT5M,0.0,0.0,0.0,0.0,0.0
0,0,0,0,24,0.14,98.6,0.2,270,2026-10-09 00:45:00,PT5M,0.0,0.0,0.0,0.0,0.0
0,0,0,0,24,0.14,98.5,0.1,270,2026-10-09 00:50:00,PT5M,0.0,0.0,0.0,0.0,0.0
0,0,0,0,24,0.14,98.4,0.1,270,2026-10-09 00:55:00,PT5M,0.0,0.0,0.0,0.0,0.0
0,0,0,0,24,0.14,98.3,0.1,270,2026-10-09 01:00:00,PT5M,0.0,0.0,0.0,0.0,0.0
0,0,0,0,24,0.14,98.2,0.1,270,2026-10-09 01:05:00,PT5M,0.0,0.0,0.0,0.0,0.0
0,0,0,0,24,0.14,98.1,0.1,270,2026-10-09 01:10:00,PT5M,0.0,0.0,0.0,0.0,0.0
0,0,0,0,24,0.14,98.0,0.1,270,2026-10-09 01:15:00,PT5M,0.0,0.0,0.0,0.0,0.0
0,0,0,0,24,0.14,97.9,0.0,270,2026-10-09 01:20:00,PT5M,0.0,0.0,0.0,0.0,0.0
0,0,0,0,24,0.14,97.8,0.0,270,2026-10-09 01:25:00,PT5M,0.0,0.0,0.0,0.0,0.0
0,0,0,0,24,0.14,97.7,0.0,270,2026-10-09 01:30:00,PT5M,0.0,0.0,0.0,0.0,0.0
0,0,0,0,24,0.14,97.6,0.0,225,2026-10-09 01:35:00,PT5M,0.0,0.0,0.0,0.0,0.0
0,0,0,0,24,0.14,97.6,0.0,225,2026-10-09 01:40:00,PT5M,0.0,0.0,0.0,0.0,0.0
0,0,0,0,24,0.14,97.6,0.0,225,2026-10-09 01:45:00,PT5M,0.0,0.0,0.0,0.0,0.0
0,0,0,0,24,0.14,97.6,0.0,225,2026-10-09 01:50:00,PT5M,0.0,0.0,0.0,0.0,0.0
0,0,0,0,24,0.14,97.6,0.1,225,2026-10-09 01:55:00,PT5M,0.0,0.0,0.0,0.0,0.0
0,0,0,0,24,0.14,97.6,0.1,225,2026-10-09 02:00:00,PT5M,0.0,0.0,0.0,0.0,0.0
0,0,0,0,24,0.14,97.6,0.1,225,2026-10-09 02:05:00,PT5M,0.0,0.0,0.0,0.0,0.0
0,0,0,0,24,0.14,97.6,0.1,225,2026-10-09 02:10:00,PT5M,0.0,0.0,0.0,0.0,0.0
0,0,0,0,24,0.14,97.6,0.1,225,2026-10-09 02:15:00,PT5M,0.0,0.0,0.0,0.0,0.0
0,0,0,0,24,0.14,97.6,0.1,225,2026-10-09 02:20:00,PT5M,0.0,0.0,0.0,0.0,0.0
0,0,0,0,24,0.14,97.6,0.1,225,2026-10-09 02:25:00,PT5M,0.0,0.0,0.0,0.0,0.0
0,0,0,0,24,0.14,97.6,0.1,225,2026-10-09 02:30:00,PT5M,0.0,0.0,0.0,0.0,0.0
0,0,0,0,24,0.14,97.7,0.2,226,2026-10-09 02:35:00,PT5M,0.0,0.0,0.0,0.0,0.0
0,0,0,0,24,0.14,97.8,0.2,227,2026-10-09 02:40:00,PT5M,0.0,0.0,0.0,0.0,0.0
0,0,0,0,24,0.14,97.9,0.2,228,2026-10-09 02:45:00,PT5M,0.0,0.0,0.0,0.0,0.0
0,0,0,0,24,0.14,98.0,0.3,229,2026-10-09 02:50:00,PT5M,0.0,0.0,0.0,0.0,0.0
0,0,0,0,24,0.14,98.1,0.3,230,2026-10-09 02:55:00,PT5M,0.0,0.0,0.0,0.0,0.0
0,0,0,0,24,0.14,98.2,0.4,230,2026-10-09 03:00:00,PT5M,0.0,0.0,0.0,0.0,0.0
0,0,0,0,24,0.14,98.3,0.4,230,2026-10-09 03:05:00,PT5M,0.0,0.0,0.0,0.0,0.0
0,0,0,0,24,0.14,98.4,0.5,231,2026-10-09 03:10:00,PT5M,0.0,0.0,0.0,0.0,0.0
0,0,0,0,24,0.14,98.5,0.5,231,2026-10-09 03:15:00,PT5M,0.0,0.0,0.0,0.0,0.0
0,0,0,0,24,0.14,98.6,0.5,231,2026-10-09 03:20:00,PT5M,0.0,0.0,0.0,0.0,0.0
0,0,0,0,24,0.14,98.7,0.6,231,2026-10-09 03:25:00,PT5M,0.0,0.0,0.0,0.0,0.0
0,0,0,0,24,0.14,98.8,0.6,231,2026-10-09 03:30:00,PT5M,0.0,0.0,0.0,0.0,0.0
0,0,0,0,24,0.14,98.8,0.7,234,2026-10-09 03:35:00,PT5M,0.0,0.0,0.0,0.0,0.0
0,0,0,0,24,0.14,98.7,0.7,238,2026-10-09 03:40:00,PT5M,0.0,0.0,0.0,0.0,0.0
0,0,0,0,24,0.14,98.7,0.8,241,2026-10-09 03:45:00,PT5M,0.0,0.0,0.0,0.0,0.0
0,0,0,0,24,0.14,98.6,0.8,244,2026-10-09 03:50:00,PT5M,0.0,0.0,0.0,0.0,0.0
0,0,0,0,24,0.14,98.6,0.9,247,2026-10-09 03:55:00,PT5M,0.0,0.0,0.0,0.0,0.0
0,0,0,0,24,0.14,98.5,1.0,249,2026-10-09 04:00:00,PT5M,0.0,0.0,0.0,0.0,0.0
0,0,0,0,24,0.14,98.5,1.0,251,2026-10-09 04:05:00,PT5M,0.0,0.0,0.0,0.0,0.0
0,0,0,0,24,0.14,98.4,1.1,252,2026-10-09 04:10:00,PT5M,0.0,0.0,0.0,0.0,0.0
0,0,0,0,24,0.14,98.4,1.2,254,2026-10-09 04:15:00,PT5M,0.0,0.0,0.0,0.0,0.0
0,0,0,0,24,0.14,98.3,1.3,255,2026-10-09 04:20:00,PT5M,0.0,0.0,0.0,0.0,0.0
0,0,0,0,24,0.14,98.3,1.3,256,2026-10-09 04:25:00,PT5M,0.0,0.0,0.0,0.0,0.0
0,0,0,0,24,0.14,98.2,1.4,257,2026-10-09 04:30:00,PT5M,0.0,0.0,0.0,0.0,0.0
0,0,0,0,24,0.14,98.2,1.4,259,2026-10-09 04:35:00,PT5M,0.0,0.0,0.0,0.0,0.0
0,0,0,0,24,0.14,98.2,1.4,260,2026-10-09 04:40:00,PT5M,0.0,0.0,0.0,0.0,0.0
0,0,0,0,24,0.14,98.2,1.4,261,2026-10-09 04:45:00,PT5M,0.0,0.0,0.0,0.0,0.0
0,0,0,0,24,0.14,98.2,1.4,263,2026-10-09 04:50:00,PT5M,0.0,0.0,0.0,0.0,0.0
0,0,0,0,24,0.14,98.2,1.4,264,2026-10-09 04:55:00,PT5M,0.0,0.0,0.0,0.0,0.0
0,0,0,0,24,0.14,98.2,1.5,265,2026-10-09 05:00:00,PT5M,0.0,0.0,0.0,0.0,0.0
0,0,0,0,24,0.14,98.2,1.5,267,2026-10-09 05:05:00,PT5M,0.0,0.0,0.0,0.0,0.0
0,0,0,0,24,0.14,98.2,1.5,268,2026-10-09 05:10:00,PT5M,0.0,0.0,0.0,0.0,0.0
0,0,0,0,24,0.14,98.2,1.5,269,2026-10-09 05:15:00,PT5M,0.0,0.0,0.0,0.0,0.0
0,0,0,0,24,0.14,98.2,1.5,271,2026-10-09 05:20:00,PT5M,0.0,0.0,0.0,0.0,0.0
0,0,0,0,24,0.14,98.2,1.5,272,2026-10-09 05:25:00,PT5M,0.0,0.0,0.0,0.0,0.0
0,0,0,0,24,0.14,98.2,1.5,273,2026-10-09 05:30:00,PT5M,0.0,0.0,0.0,0.0,0.0
0,0,0,0,24,0.14,98.2,1.5,273,2026-10-09 05:35:00,PT5M,0.0,0.0,0.0,0.0,0.0
0,0,0,0,24,0.14,98.1,1.5,273,2026-10-09 05:40:00,PT5M,0.0,0.0,0.0,0.0,0.0
0,0,0,0,24,0.14,98.0,1.5,272,2026-10-09 05:45:00,PT5M,0.0,0.0,0.0,0.0,0.0
0,0,0,0,24,0.14,97.9,1.5,272,2026-10-09 05:50:00,PT5M,0.0,0.0,0.0,0.0,0.0
0,0,0,0,24,0.14,97.8,1.5,271,2026-10-09 05:55:00,PT5M,0.0,0.0,0.0,0.0,0.0
4,4,0,4,24,0.14,97.7,1.5,270,2026-10-09 06:00:00,PT5M,0.0,0.0,0.0,0.0,0.0
12,12,0,12,24,0.14,97.6,1.5,270,2026-10-09 06:05:00,PT5M,1.009,1.555,1.2964,0.7216,0.463
22,22,0,22,24,0.14,97.5,1.5,269,2026-10-09 06:10:00,PT5M,2.252,3.4265,2.8701,1.6339,1.0775
32,32,21,30,24,0.14,97.4,1.5,268,2026-10-09 06:15:00,PT5M,3.77,6.1425,5.0187,2.5213,1.3975
44,44,52,38,24,0.14,97.3,1.5,268,2026-10-09 06:20:00,PT5M,5.743,9.5925,7.769,3.717,1.8935
57,56,79,46,24,0.14,97.2,1.5,267,2026-10-09 06:25:00,PT5M,8.069,13.4875,10.9208,5.2172,2.6505
71,70,107,54,24,0.14,97.1,1.5,267,2026-10-09 06:30:00,PT5M,10.876,18.026,14.6391,7.1129,3.726
87,85,140,61,24,0.14,96.9,1.5,266,2026-10-09 06:35:00,PT5M,14.147,23.1085,18.8635,9.4305,5.1855
104,101,177,68,24,0.14,96.7,1.4,265,2026-10-09 06:40:00,PT5M,17.789,28.524,23.4389,12.1391,7.054
122,118,214,74,24,0.14,96.6,1.3,265,2026-10-09 06:45:00,PT5M,21.77,34.1885,28.3059,15.2341,9.3515
141,137,251,79,24,0.14,96.4,1.2,264,2026-10-09 06:50:00,PT5M,26.025,40.111,33.4386,18.6114,11.939
160,156,289,83,24,0.14,96.2,1.1,263,2026-10-09 06:55:00,PT5M,30.625,46.4475,38.9525,22.2975,14.8025
180,175,323,88,24,0.14,96.0,1.1,262,2026-10-09 07:00:00,PT5M,35.302,52.9495,44.59,26.014,17.6545
200,194,352,92,25,0.14,95.8,1.0,261,2026-10-09 07:05:00,PT5M,40.043,59.574,50.3223,29.7637,20.512
220,214,381,95,25,0.14,95.6,0.9,259,2026-10-09 07:10:00,PT5M,44.985,66.418,56.2653,33.7047,23.552
241,234,410,98,25,0.14,95.4,0.8,258,2026-10-09 07:15:00,PT5M,50.096,73.4385,62.3813,37.8107,26.7535
262,255,438,100,25,0.14,95.2,0.7,256,2026-10-09 07:20:00,PT5M,55.335,80.5905,68.6272,42.0428,30.0795
284,276,467,102,25,0.14,95.0,0.7,253,2026-10-09 07:25:00,PT5M,60.705,87.8675,75.0008,46.4092,33.5425
306,297,495,103,25,0.14,94.9,0.6,250,2026-10-09 07:30:00,PT5M,66.21,95.348,81.5455,50.8745,37.072
326,317,512,106,25,0.14,94.3,0.5,247,2026-10-09 07:35:00,PT5M,71.184,100.0,87.5572,54.8108,40.0745
343,334,520,110,25,0.14,93.4,0.5,243,2026-10-09 07:40:00,PT5M,75.017,100.0,92.4565,57.5775,41.8815
361,352,527,115,26,0.14,92.4,0.4,240,2026-10-09 07:45:00,PT5M,76.565,100.0,94.236,58.894,42.9895
379,369,533,119,26,0.14,91.5,0.4,235,2026-10-09 07:50:00,PT5M,78.029,100.0,95.9216,60.1364,44.0325
396,386,538,124,26,0.14,90.6,0.4,229,2026-10-09 07:55:00,PT5M,79.402,100.0,97.503,61.301,45.0095
413,403,543,128,26,0.14,89.7,0.3,222,2026-10-09 08:00:00,PT5M,80.669,100.0,98.9611,62.3769,45.9135
430,420,548,133,26,0.14,88.9,0.3,215,2026-10-09 08:05:00,PT5M,81.817,100.0,100.0,63.3581,46.7445
446,436,552,137,26,0.14,88.0,0.3,205,2026-10-09 08:10:00,PT5M,82.831,100.0,100.0,64.2366,47.501
463,453,555,142,27,0.14,87.1,0.3,195,2026-10-09 08:15:00,PT5M,83.704,100.0,100.0,65.009,48.183
479,468,558,146,27,0.14,86.3,0.3,185,2026-10-09 08:20:00,PT5M,84.424,100.0,100.0,65.684,48.8175
494,484,560,151,27,0.14,85.4,0.3,175,2026-10-09 08:25:00,PT5M,85.026,100.0,100.0,66.2813,49.4105
509,499,561,155,27,0.14,84.6,0.3,166,2026-10-09 08:30:00,PT5M,85.566,100.0,100.0,66.7924,49.8955
525,514,564,160,27,0.14,83.7,0.3,163,2026-10-09 08:35:00,PT5M,86.197,100.0,100.0,67.5323,50.7335
541,530,569,163,27,0.14,82.6,0.4,166,2026-10-09 08:40:00,PT5M,86.921,100.0,100.0,68.4766,51.876
556,545,573,166,28,0.14,81.6,0.4,168,2026-10-09 08:45:00,PT5M,87.604,100.0,100.0,69.3709,52.9605
572,560,578,170,28,0.14,80.5,0.4,170,2026-10-09 08:50:00,PT5M,88.252,100.0,100.0,70.2247,53.9995
587,575,582,173,28,0.14,79.5,0.5,172,2026-10-09 08:55:00,PT5M,88.869,100.0,100.0,71.0419,54.997
601,590,585,176,28,0.14,78.5,0.5,174,2026-10-09 09:00:00,PT5M,89.455,100.0,100.0,71.8221,55.952
616,605,591,179,28,0.14,77.5,0.5,175,2026-10-09 09:05:00,PT5M,90.131,100.0,100.0,72.6947,57.0015
631,619,596,181,28,0.14,76.5,0.6,176,2026-10-09 09:10:00,PT5M,90.781,100.0,100.0,73.5358,58.0145
646,634,601,183,29,0.14,75.5,0.6,177,2026-10-09 09:15:00,PT5M,91.403,100.0,100.0,74.343,58.9885
660,648,606,185,29,0.14,74.6,0.6,178,2026-10-09 09:20:00,PT5M,91.998,100.0,100.0,75.1172,59.924
674,661,611,187,29,0.14,73.6,0.7,179,2026-10-09 09:25:00,PT5M,92.567,100.0,100.0,75.8591,60.8215
687,675,616,189,29,0.14,72.7,0.7,180,2026-10-09 09:30:00,PT5M,93.111,100.0,100.0,76.5697,61.682
699,686,616,193,29,0.14,72.0,0.7,179,2026-10-09 09:35:00,PT5M,93.37,100.0,100.0,76.9313,62.136
708,695,611,198,29,0.14,71.5,0.7,176,2026-10-09 09:40:00,PT5M,93.351,100.0,100.0,76.9478,62.1845
716,703,605,204,29,0.14,71.0,0.6,173,2026-10-09 09:45:00,PT5M,93.291,100.0,100.0,76.9107,62.168
723,711,599,210,29,0.14,70.6,0.6,169,2026-10-09 09:50:00,PT5M,93.192,100.0,100.0,76.8223,62.089
731,718,593,216,29,0.14,70.1,0.6,166,2026-10-09 09:55:00,PT5M,93.082,100.0,100.0,76.7117,61.978
737,725,586,222,30,0.14,69.6,0.6,162,2026-10-09 10:00:00,PT5M,92.96,100.0,100.0,76.5776,61.833
743,731,580,228,30,0.14,69.1,0.6,158,2026-10-09 10:05:00,PT5M,92.825,100.0,100.0,76.4205,61.656
749,737,573,234,30,0.14,68.7,0.6,154,2026-10-09 10:10:00,PT5M,92.676,100.0,100.0,76.2405,61.448
754,742,567,240,30,0.14,68.2,0.6,150,2026-10-09 10:15:00,PT5M,92.514,100.0,100.0,76.0382,61.2095
759,747,560,245,30,0.14,67.8,0.6,146,2026-10-09 10:20:00,PT5M,92.339,100.0,100.0,75.8145,60.942
763,751,553,251,30,0.14,67.3,0.6,141,2026-10-09 10:25:00,PT5M,92.149,100.0,100.0,75.5682,60.645
767,755,546,257,30,0.14,66.8,0.6,137,2026-10-09 10:30:00,PT5M,91.949,100.0,100.0,75.3048,60.3245
769,757,537,263,30,0.14,66.4,0.6,133,2026-10-09 10:35:00,PT5M,91.611,100.0,100.0,74.896,59.852
769,758,526,271,30,0.14,66.1,0.6,129,2026-10-09 10:40:00,PT5M,91.134,100.0,100.0,74.3403,59.2255
769,758,514,278,30,0.14,65.7,0.6,125,2026-10-09 10:45:00,PT5M,90.69,100.0,100.0,73.809,58.6155
768,757,503,285,31,0.14,65.4,0.6,121,2026-10-09 10:50:00,PT5M,90.191,100.0,100.0,73.2126,57.9315
767,757,491,293,31,0.14,65.1,0.6,118,2026-10-09 10:55:00,PT5M,89.659,100.0,100.0,72.5609,57.172
766,755,480,299,31,0.14,64.7,0.6,114,2026-10-09 11:00:00,PT5M,89.131,100.0,100.0,71.9192,56.428
764,753,469,306,31,0.14,64.4,0.7,111,2026-10-09 11:05:00,PT5M,88.601,100.0,100.0,71.2792,55.689
761,751,457,313,31,0.14,64.0,0.7,108,2026-10-09 11:10:00,PT5M,88.052,100.0,100.0,70.6104,54.9125
758,748,446,319,31,0.14,63.7,0.7,105,2026-10-09 11:15:00,PT5M,87.478,100.0,100.0,69.9041,54.087
755,745,435,325,31,0.14,63.4,0.7,103,2026-10-09 11:20:00,PT5M,86.887,100.0,100.0,69.1749,53.2335
751,741,424,331,31,0.14,63.0,0.8,100,2026-10-09 11:25:00,PT5M,86.274,100.0,100.0,68.4182,52.3475
746,737,413,336,31,0.14,62.7,0.8,98,2026-10-09 11:30:00,PT5M,85.643,100.0,100.0,67.6391,51.435
741,732,400,342,31,0.14,62.4,0.8,97,2026-10-09 11:35:00,PT5M,84.877,100.0,100.0,66.7307,50.3985
733,725,386,348,31,0.14,62.1,0.9,97,2026-10-09 11:40:00,PT5M,83.976,100.0,100.0,65.6934,49.2385
725,717,372,354,31,0.14,61.8,0.9,96,2026-10-09 11:45:00,PT5M,83.053,100.0,100.0,64.6296,48.048
717,709,359,359,31,0.14,61.5,0.9,96,2026-10-09 11:50:00,PT5M,82.106,100.0,100.0,63.5374,46.825
709,701,345,364,32,0.14,61.2,1.0,96,2026-10-09 11:55:00,PT5M,81.277,100.0,99.9951,62.5589,45.712
700,692,332,369,32,0.14,60.9,1.0,96,2026-10-09 12:00:00,PT5M,80.38,100.0,99.2513,61.5087,44.524
690,683,318,373,32,0.14,60.6,1.0,96,2026-10-09 12:05:00,PT5M,79.457,100.0,98.4854,60.4286,43.3025
681,674,305,377,32,0.14,60.4,1.1,95,2026-10-09 12:10:00,PT5M,78.507,100.0,97.6951,59.3189,42.049
671,664,293,380,32,0.14,60.1,1.1,95,2026-10-09 12:15:00,PT5M,77.53,100.0,96.881,58.179,40.7625
660,654,280,383,32,0.14,59.8,1.1,95,2026-10-09 12:20:00,PT5M,76.525,100.0,96.0415,57.0085,39.443
650,644,268,385,32,0.14,59.5,1.2,95,2026-10-09 12:25:00,PT5M,75.491,100.0,95.1749,55.8071,38.091
639,634,255,387,32,0.14,59.3,1.2,95,2026-10-09 12:30:00,PT5M,74.43,100.0,94.2826,54.5774,36.7095
629,624,245,389,32,0.14,60.1,1.3,97,2026-10-09 12:35:00,PT5M,73.505,100.0,93.5039,53.5061,35.5065
620,615,236,389,32,0.14,62.1,1.6,100,2026-10-09 12:40:00,PT5M,72.712,100.0,92.8361,52.5879,34.4755
610,605,226,390,31,0.14,64.1,1.8,102,2026-10-09 12:45:00,PT5M,71.863,100.0,92.1208,51.6052,33.3725
600,596,217,390,31,0.14,66.3,2.1,103,2026-10-09 12:50:00,PT5M,70.988,100.0,91.379,50.597,32.2445
590,586,208,390,30,0.14,68.5,2.3,105,2026-10-09 12:55:00,PT5M,70.115,100.0,90.6312,49.5988,31.1335
580,576,200,389,30,0.14,70.8,2.6,106,2026-10-09 13:00:00,PT5M,69.182,100.0,89.8267,48.5373,29.9565
569,565,191,388,29,0.14,73.1,2.8,106,2026-10-09 13:05:00,PT5M,68.204,100.0,88.9852,47.4228,28.719
558,555,183,387,29,0.14,75.6,3.1,107,2026-10-09 13:10:00,PT5M,67.184,100.0,88.1044,46.2636,27.4345
548,544,174,385,29,0.14,78.1,3.3,108,2026-10-09 13:15:00,PT5M,66.128,100.0,87.1892,45.0668,26.111
536,533,166,383,28,0.14,80.8,3.6,108,2026-10-09 13:20:00,PT5M,65.039,100.0,86.2415,43.8365,24.7535
525,522,158,381,28,0.14,83.5,3.9,109,2026-10-09 13:25:00,PT5M,63.922,100.0,85.2659,42.5781,23.368
514,511,150,378,27,0.14,86.3,4.1,109,2026-10-09 13:30:00,PT5M,62.775,100.0,84.2602,41.2898,21.9525
500,498,139,375,27,0.14,87.7,4.1,110,2026-10-09 13:35:00,PT5M,61.272,100.0,82.9522,39.5918,20.079
485,483,127,372,27,0.14,87.5,3.8,112,2026-10-09 13:40:00,PT5M,59.42,100.0,81.3452,37.4948,17.7615
469,467,114,369,27,0.14,87.4,3.5,113,2026-10-09 13:45:00,PT5M,57.546,99.661,79.7114,35.3806,15.431
453,452,103,365,27,0.14,87.2,3.2,116,2026-10-09 13:50:00,PT5M,55.649,98.2115,78.0499,33.2481,13.0865
438,437,91,360,27,0.14,87.0,2.9,118,2026-10-09 13:55:00,PT5M,53.828,96.8285,76.4595,31.1965,10.8275
423,422,80,355,27,0.14,86.9,2.6,121,2026-10-09 14:00:00,PT5M,51.897,95.3275,74.7548,29.0392,8.4665
407,407,70,350,27,0.14,86.7,2.3,125,2026-10-09 14:05:00,PT5M,49.95,93.7995,73.0283,26.8717,6.1005
392,392,59,344,27,0.14,86.5,2.1,131,2026-10-09 14:10:00,PT5M,47.962,92.2215,71.2561,24.6679,3.7025
377,377,49,337,28,0.14,86.4,1.8,137,2026-10-09 14:15:00,PT5M,45.966,90.631,69.4735,22.4585,1.301
362,362,40,331,28,0.14,86.2,1.6,145,2026-10-09 14:20:00,PT5M,43.965,89.031,67.6836,20.2464,0.0
347,347,31,324,28,0.14,86.0,1.4,156,2026-10-09 14:25:00,PT5M,41.961,87.4125,65.8824,18.0396,0.0
333,333,22,316,28,0.14,85.9,1.3,169,2026-10-09 14:30:00,PT5M,40.327,86.1495,64.4437,16.2103,0.0
321,322,17,309,28,0.14,85.9,1.3,178,2026-10-09 14:35:00,PT5M,38.797,84.2105,62.6984,14.8956,0.0
313,314,15,303,28,0.14,86.0,1.3,183,2026-10-09 14:40:00,PT5M,37.72,82.8585,61.4767,13.9633,0.0
305,305,12,297,28,0.14,86.2,1.3,188,2026-10-09 14:45:00,PT5M,36.616,81.412,60.1925,13.0395,0.0
297,297,10,290,27,0.14,86.3,1.3,193,2026-10-09 14:50:00,PT5M,35.515,80.034,58.9457,12.0843,0.0
288,289,8,284,27,0.14,86.5,1.3,198,2026-10-09 14:55:00,PT5M,34.407,78.654,57.6945,11.1195,0.0
280,281,6,277,27,0.14,86.7,1.3,202,2026-10-09 15:00:00,PT5M,33.272,77.228,56.4064,10.1376,0.0
271,272,3,270,27,0.14,86.8,1.3,207,2026-10-09 15:05:00,PT5M,32.11,75.753,55.0796,9.1404,0.0
263,264,1,263,27,0.14,87.0,1.4,211,2026-10-09 15:10:00,PT5M,30.916,74.224,53.7093,8.1227,0.0
254,255,0,255,27,0.14,87.2,1.4,215,2026-10-09 15:15:00,PT5M,29.765,72.7115,52.368,7.162,0.0
245,246,0,246,27,0.14,87.3,1.5,219,2026-10-09 15:20:00,PT5M,28.664,71.2175,51.0602,6.2678,0.0
236,237,0,237,27,0.14,87.5,1.5,223,2026-10-09 15:25:00,PT5M,27.554,69.6775,49.7239,5.3841,0.0
228,228,0,228,27,0.14,87.7,1.6,226,2026-10-09 15:30:00,PT5M,26.435,68.0775,48.3517,4.5183,0.0
218,219,0,219,27,0.14,88.1,1.6,230,2026-10-09 15:35:00,PT5M,25.349,66.4315,46.971,3.727,0.0
209,209,0,209,26,0.14,88.9,1.6,236,2026-10-09 15:40:00,PT5M,24.257,64.72,45.553,2.961,0.0
199,200,0,200,26,0.14,89.7,1.6,241,2026-10-09 15:45:00,PT5M,23.165,62.932,44.0947,2.2353,0.0
190,190,0,190,26,0.14,90.5,1.6,247,2026-10-09 15:50:00,PT5M,22.071,61.0745,42.5988,1.5432,0.0
180,181,0,181,26,0.14,91.3,1.7,252,2026-10-09 15:55:00,PT5M,20.97,59.1505,41.0647,0.8753,0.0
171,171,0,171,26,0.14,92.1,1.7,258,2026-10-09 16:00:00,PT5M,19.864,57.172,39.4995,0.2285,0.0
161,162,0,162,25,0.14,92.9,1.8,262,2026-10-09 16:05:00,PT5M,18.752,55.1425,37.9046,0.0,0.0
152,152,0,152,25,0.14,93.8,1.8,267,2026-10-09 16:10:00,PT5M,17.775,52.7475,36.1813,0.0,0.0
143,143,0,143,25,0.14,94.6,1.9,271,2026-10-09 16:15:00,PT5M,16.909,49.5535,34.09,0.0,0.0
133,134,0,134,25,0.14,95.5,2.0,275,2026-10-09 16:20:00,PT5M,15.938,46.3515,31.9448,0.0,0.0
124,125,0,125,25,0.14,96.3,2.1,278,2026-10-09 16:25:00,PT5M,14.921,43.125,29.765,0.077,0.0
115,115,0,115,24,0.14,97.2,2.2,281,2026-10-09 16:30:00,PT5M,13.877,39.894,27.5699,0.1841,0.0
106,107,0,107,24,0.14,97.6,2.2,283,2026-10-09 16:35:00,PT5M,12.854,36.72,25.4148,0.2932,0.0
98,98,0,98,24,0.14,97.5,2.2,285,2026-10-09 16:40:00,PT5M,11.839,33.592,23.2878,0.3902,0.0
90,90,0,90,24,0.14,97.4,2.1,286,2026-10-09 16:45:00,PT5M,10.808,30.465,21.1536,0.4624,0.0
82,82,0,82,24,0.14,97.3,2.0,288,2026-10-09 16:50:00,PT5M,9.775,27.3755,19.0383,0.5117,0.0
73,73,0,73,24,0.14,97.2,2.0,289,2026-10-09 16:55:00,PT5M,8.695,24.0765,16.7904,0.5996,0.0
64,64,0,64,24,0.14,97.1,1.9,291,2026-10-09 17:00:00,PT5M,7.646,20.9445,14.6451,0.6469,0.0
56,56,0,56,24,0.14,97.0,1.9,293,2026-10-09 17:05:00,PT5M,6.51,17.7965,12.4502,0.5698,0.0
48,48,0,48,24,0.14,96.9,1.8,295,2026-10-09 17:10:00,PT5M,5.485,14.8335,10.4052,0.5648,0.0
40,40,0,40,24,0.14,96.8,1.7,297,2026-10-09 17:15:00,PT5M,4.542,12.0265,8.4811,0.6029,0.0
33,33,0,33,24,0.14,96.7,1.7,299,2026-10-09 17:20:00,PT5M,3.579,9.2755,6.5771,0.5809,0.0
26,26,0,26,24,0.14,96.6,1.6,301,2026-10-09 17:25:00,PT5M,2.664,6.8635,4.8742,0.4538,0.0
20,20,0,20,24,0.14,96.5,1.6,303,2026-10-09 17:30:00,PT5M,1.883,4.796,3.4161,0.3499,0.0
14,14,0,14,24,0.14,96.5,1.6,305,2026-10-09 17:35:00,PT5M,1.129,2.804,2.0106,0.2474,0.0
8,8,0,8,24,0.14,96.5,1.7,305,2026-10-09 17:40:00,PT5M,0.426,1.2765,0.8736,0.0,0.0
4,4,0,4,24,0.14,96.6,1.7,306,2026-10-09 17:45:00,PT5M,0.0,0.1515,0.0797,0.0,0.0
0,0,0,0,24,0.14,96.6,1.8,306,2026-10-09 17:50:00,PT5M,0.0,0.0,0.0,0.0,0.0
0,0,0,0,24,0.14,96.7,1.8,307,2026-10-09 17:55:00,PT5M,0.0,0.0,0.0,0.0,0.0
0,0,0,0,24,0.14,96.7,1.9,307,2026-10-09 18:00:00,PT5M,0.0,0.0,0.0,0.0,0.0
0,0,0,0,24,0.14,96.8,1.9,308,2026-10-09 18:05:00,PT5M,0.0,0.0,0.0,0.0,0.0
0,0,0,0,24,0.14,96.8,2.0,308,2026-10-09 18:10:00,PT5M,0.0,0.0,0.0,0.0,0.0
0,0,0,0,24,0.14,96.9,2.0,308,2026-10-09 18:15:00,PT5M,0.0,0.0,0.0,0.0,0.0
0,0,0,0,24,0.14,96.9,2.1,309,2026-10-09 18:20:00,PT5M,0.0,0.0,0.0,0.0,0.0
0,0,0,0,24,0.14,97.0,2.1,309,2026-10-09 18:25:00,PT5M,0.0,0.0,0.0,0.0,0.0
0,0,0,0,24,0.14,97.0,2.2,309,2026-10-09 18:30:00,PT5M,0.0,0.0,0.0,0.0,0.0
0,0,0,0,24,0.14,97.1,2.2,309,2026-10-09 18:35:00,PT5M,0.0,0.0,0.0,0.0,0.0
0,0,0,0,24,0.14,97.1,2.3,309,2026-10-09 18:40:00,PT5M,0.0,0.0,0.0,0.0,0.0
0,0,0,0,24,0.14,97.2,2.3,308,2026-10-09 18:45:00,PT5M,0.0,0.0,0.0,0.0,0.0
0,0,0,0,24,0.14,97.2,2.4,307,2026-10-09 18:50:00,PT5M,0.0,0.0,0.0,0.0,0.0
0,0,0,0,24,0.14,97.2,2.4,307,2026-10-09 18:55:00,PT5M,0.0,0.0,0.0,0.0,0.0
0,0,0,0,24,0.14,97.3,2.4,306,2026-10-09 19:00:00,PT5M,0.0,0.0,0.0,0.0,0.0
0,0,0,0,24,0.14,97.3,2.5,306,2026-10-09 19:05:00,PT5M,0.0,0.0,0.0,0.0,0.0
0,0,0,0,23,0.14,97.4,2.5,305,2026-10-09 19:10:00,PT5M,0.0,0.0,0.0,0.0,0.0
0,0,0,0,23,0.14,97.4,2.6,305,2026-10-09 19:15:00,PT5M,0.0,0.0,0.0,0.0,0.0
0,0,0,0,23,0.14,97.5,2.6,304,2026-10-09 19:20:00,PT5M,0.0,0.0,0.0,0.0,0.0
0,0,0,0,23,0.14,97.5,2.7,304,2026-10-09 19:25:00,PT5M,0.0,0.0,0.0,0.0,0.0
0,0,0,0,23,0.14,97.6,2.7,303,2026-10-09 19:30:00,PT5M,0.0,0.0,0.0,0.0,0.0
0,0,0,0,23,0.14,97.6,2.7,302,2026-10-09 19:35:00,PT5M,0.0,0.0,0.0,0.0,0.0
0,0,0,0,23,0.14,97.6,2.6,301,2026-10-09 19:40:00,PT5M,0.0,0.0,0.0,0.0,0.0
0,0,0,0,23,0.14,97.6,2.6,300,2026-10-09 19:45:00,PT5M,0.0,0.0,0.0,0.0,0.0
0,0,0,0,23,0.14,97.6,2.5,298,2026-10-09 19:50:00,PT5M,0.0,0.0,0.0,0.0,0.0
0,0,0,0,23,0.14,97.6,2.4,297,2026-10-09 19:55:00,PT5M,0.0,0.0,0.0,0.0,0.0
0,0,0,0,23,0.14,97.6,2.3,295,2026-10-09 20:00:00,PT5M,0.0,0.0,0.0,0.0,0.0
0,0,0,0,23,0.14,97.6,2.3,293,2026-10-09 20:05:00,PT5M,0.0,0.0,0.0,0.0,0.0
0,0,0,0,23,0.14,97.6,2.2,292,2026-10-09 20:10:00,PT5M,0.0,0.0,0.0,0.0,0.0
0,0,0,0,23,0.14,97.6,2.1,290,2026-10-09 20:15:00,PT5M,0.0,0.0,0.0,0.0,0.0
0,0,0,0,23,0.14,97.6,2.1,288,2026-10-09 20:20:00,PT5M,0.0,0.0,0.0,0.0,0.0
0,0,0,0,23,0.14,97.6,2.0,285,2026-10-09 20:25:00,PT5M,0.0,0.0,0.0,0.0,0.0
0,0,0,0,23,0.14,97.6,2.0,283,2026-10-09 20:30:00,PT5M,0.0,0.0,0.0,0.0,0.0
0,0,0,0,23,0.14,97.6,2.0,283,2026-10-09 20:35:00,PT5M,0.0,0.0,0.0,0.0,0.0
0,0,0,0,23,0.14,97.6,2.0,284,2026-10-09 20:40:00,PT5M,0.0,0.0,0.0,0.0,0.0
0,0,0,0,23,0.14,97.6,2.0,285,2026-10-09 20:45:00,PT5M,0.0,0.0,0.0,0.0,0.0
0,0,0,0,23,0.14,97.6,2.0,286,2026-10-09 20:50:00,PT5M,0.0,0.0,0.0,0.0,0.0
0,0,0,0,23,0.14,97.6,2.1,288,2026-10-09 20:55:00,PT5M,0.0,0.0,0.0,0.0,0.0
0,0,0,0,23,0.14,97.6,2.1,289,2026-10-09 21:00:00,PT5M,0.0,0.0,0.0,0.0,0.0
0,0,0,0,23,0.14,97.6,2.1,290,2026-10-09 21:05:00,PT5M,0.0,0.0,0.0,0.0,0.0
0,0,0,0,23,0.14,97.6,2.2,291,2026-10-09 21:10:00,PT5M,0.0,0.0,0.0,0.0,0.0
0,0,0,0,23,0.14,97.6,2.2,292,2026-10-09 21:15:00,PT5M,0.0,0.0,0.0,0.0,0.0
0,0,0,0,23,0.14,97.6,2.2,293,2026-10-09 21:20:00,PT5M,0.0,0.0,0.0,0.0,0.0
0,0,0,0,23,0.14,97.6,2.3,294,2026-10-09 21:25:00,PT5M,0.0,0.0,0.0,0.0,0.0
0,0,0,0,23,0.14,97.6,2.3,295,2026-10-09 21:30:00,PT5M,0.0,0.0,0.0,0.0,0.0
0,0,0,0,23,0.14,97.6,2.3,296,2026-10-09 21:35:00,PT5M,0.0,0.0,0.0,0.0,0.0
0,0,0,0,23,0.14,97.5,2.4,298,2026-10-09 21:40:00,PT5M,0.0,0.0,0.0,0.0,0.0
0,0,0,0,23,0.14,97.4,2.4,300,2026-10-09 21:45:00,PT5M,0.0,0.0,0.0,0.0,0.0
0,0,0,0,23,0.14,97.3,2.5,302,2026-10-09 21:50:00,PT5M,0.0,0.0,0.0,0.0,0.0
0,0,0,0,23,0.14,97.2,2.5,304,2026-10-09 21:55:00,PT5M,0.0,0.0,0.0,0.0,0.0
0,0,0,0,23,0.14,97.1,2.6,306,2026-10-09 22:00:00,PT5M,0.0,0.0,0.0,0.0,0.0
0,0,0,0,23,0.14,97.0,2.6,307,2026-10-09 22:05:00,PT5M,0.0,0.0,0.0,0.0,0.0
0,0,0,0,23,0.14,96.9,2.7,309,2026-10-09 22:10:00,PT5M,0.0,0.0,0.0,0.0,0.0
0,0,0,0,23,0.14,96.8,2.8,310,2026-10-09 22:15:00,PT5M,0.0,0.0,0.0,0.0,0.0
0,0,0,0,23,0.14,96.7,2.8,312,2026-10-09 22:20:00,PT5M,0.0,0.0,0.0,0.0,0.0
0,0,0,0,23,0.14,96.6,2.9,313,2026-10-09 22:25:00,PT5M,0.0,0.0,0.0,0.0,0.0
0,0,0,0,23,0.14,96.5,2.9,314,2026-10-09 22:30:00,PT5M,0.0,0.0,0.0,0.0,0.0
0,0,0,0,23,0.14,96.4,2.9,315,2026-10-09 22:35:00,PT5M,0.0,0.0,0.0,0.0,0.0
0,0,0,0,23,0.14,96.4,2.9,314,2026-10-09 22:40:00,PT5M,0.0,0.0,0.0,0.0,0.0
0,0,0,0,23,0.14,96.3,2.8,314,2026-10-09 22:45:00,PT5M,0.0,0.0,0.0,0.0,0.0
0,0,0,0,23,0.14,96.3,2.7,314,2026-10-09 22:50:00,PT5M,0.0,0.0,0.0,0.0,0.0
0,0,0,0,23,0.14,96.2,2.7,313,2026-10-09 22:55:00,PT5M,0.0,0.0,0.0,0.0,0.0
0,0,0,0,23,0.14,96.2,2.6,313,2026-10-09 23:00:00,PT5M,0.0,0.0,0.0,0.0,0.0
0,0,0,0,23,0.14,96.1,2.6,312,2026-10-09 23:05:00,PT5M,0.0,0.0,0.0,0.0,0.0
0,0,0,0,23,0.14,96.1,2.5,312,2026-10-09 23:10:00,PT5M,0.0,0.0,0.0,0.0,0.0
0,0,0,0,23,0.14,96.0,2.4,311,2026-10-09 23:15:00,PT5M,0.0,0.0,0.0,0.0,0.0
0,0,0,0,23,0.14,96.0,2.4,311,2026-10-09 23:20:00,PT5M,0.0,0.0,0.0,0.0,0.0
0,0,0,0,23,0.14,95.9,2.3,310,2026-10-09 23:25:00,PT5M,0.0,0.0,0.0,0.0,0.0
0,0,0,0,23,0.14,95.9,2.2,310,2026-10-09 23:30:00,PT5M,0.0,0.0,0.0,0.0,0.0
0,0,0,0,23,0.14,95.8,2.1,310,2026-10-09 23:35:00,PT5M,0.0,0.0,0.0,0.0,0.0
0,0,0,0,23,0.14,95.6,2.0,311,2026-10-09 23:40:00,PT5M,0.0,0.0,0.0,0.0,0.0
0,0,0,0,23,0.14,95.5,1.9,312,2026-10-09 23:45:00,PT5M,0.0,0.0,0.0,0.0,0.0
0,0,0,0,23,0.14,95.3,1.8,314,2026-10-09 23:50:00,PT5M,0.0,0.0,0.0,0.0,0.0
0,0,0,0,23,0.14,95.2,1.7,315,2026-10-09 23:55:00,PT5M,0.0,0.0,0.0,0.0,0.0
0,0,0,0,23,0.14,95.1,1.6,317,2026-10-10 00:00:00,PT5M,0.0,0.0,0.0,0.0,0.0
0,0,0,0,23,0.14,94.9,1.5,319,2026-10-10 00:05:00,PT5M,0.0,0.0,0.0,0.0,0.0
0,0,0,0,23,0.14,94.8,1.4,321,2026-10-10 00:10:00,PT5M,0.0,0.0,0.0,0.0,0.0
0,0,0,0,23,0.14,94.6,1.3,323,2026-10-10 00:15:00,PT5M,0.0,0.0,0.0,0.0,0.0
0,0,0,0,23,0.14,94.5,1.2,326,2026-10-10 00:20:00,PT5M,0.0,0.0,0.0,0.0,0.0
0,0,0,0,23,0.14,94.3,1.1,330,2026-10-10 00:25:00,PT5M,0.0,0.0,0.0,0.0,0.0
0,0,0,0,23,0.14,94.2,1.0,334,2026-10-10 00:30:00,PT5M,0.0,0.0,0.0,0.0,0.0
0,0,0,0,23,0.14,94.1,1.0,336,2026-10-10 00:35:00,PT5M,0.0,0.0,0.0,0.0,0.0
0,0,0,0,23,0.14,93.9,0.9,335,2026-10-10 00:40:00,PT5M,0.0,0.0,0.0,0.0,0.0
0,0,0,0,23,0.14,93.8,0.9,334,2026-10-10 00:45:00,PT5M,0.0,0.0,0.0,0.0,0.0
0,0,0,0,24,0.14,93.6,0.8,333,2026-10-10 00:50:00,PT5M,0.0,0.0,0.0,0.0,0.0
0,0,0,0,24,0.14,93.5,0.8,332,2026-10-10 00:55:00,PT5M,0.0,0.0,0.0,0.0,0.0
0,0,0,0,24,0.14,93.3,0.7,330,2026-10-10 01:00:00,PT5M,0.0,0.0,0.0,0.0,0.0
0,0,0,0,24,0.14,93.2,0.7,329,2026-10-10 01:05:00,PT5M,0.0,0.0,0.0,0.0,0.0
0,0,0,0,24,0.14,93.1,0.6,327,2026-10-10 01:10:00,PT5M,0.0,0.0,0.0,0.0,0.0
0,0,0,0,24,0.14,92.9,0.6,325,2026-10-10 01:15:00,PT5M,0.0,0.0,0.0,0.0,0.0
0,0,0,0,24,0.14,92.8,0.5,323,2026-10-10 01:20:00,PT5M,0.0,0.0,0.0,0.0,0.0
0,0,0,0,24,0.14,92.6,0.5,320,2026-10-10 01:25:00,PT5M,0.0,0.0,0.0,0.0,0.0
0,0,0,0,24,0.14,92.5,0.4,317,2026-10-10 01:30:00,PT5M,0.0,0.0,0.0,0.0,0.0
0,0,0,0,24,0.14,92.5,0.4,311,2026-10-10 01:35:00,PT5M,0.0,0.0,0.0,0.0,0.0
0,0,0,0,24,0.14,92.7,0.5,303,2026-10-10 01:40:00,PT5M,0.0,0.0,0.0,0.0,0.0
0,0,0,0,24,0.14,92.9,0.5,297,2026-10-10 01:45:00,PT5M,0.0,0.0,0.0,0.0,0.0
0,0,0,0,24,0.14,93.1,0.6,292,2026-10-10 01:50:00,PT5M,0.0,0.0,0.0,0.0,0.0
0,0,0,0,24,0.14,93.3,0.6,287,2026-10-10 01:55:00,PT5M,0.0,0.0,0.0,0.0,0.0
0,0,0,0,23,0.14,93.5,0.7,284,2026-10-10 02:00:00,PT5M,0.0,0.0,0.0,0.0,0.0
0,0,0,0,23,0.14,93.6,0.7,281,2026-10-10 02:05:00,PT5M,0.0,0.0,0.0,0.0,0.0
0,0,0,0,23,0.14,93.8,0.8,278,2026-10-10 02:10:00,PT5M,0.0,0.0,0.0,0.0,0.0
0,0,0,0,23,0.14,94.0,0.9,276,2026-10-10 02:15:00,PT5M,0.0,0.0,0.0,0.0,0.0
0,0,0,0,23,0.14,94.2,0.9,274,2026-10-10 02:20:00,PT5M,0.0,0.0,0.0,0.0,0.0
0,0,0,0,23,0.14,94.4,1.0,272,2026-10-10 02:25:00,PT5M,0.0,0.0,0.0,0.0,0.0
0,0,0,0,23,0.14,94.6,1.1,271,2026-10-10 02:30:00,PT5M,0.0,0.0,0.0,0.0,0.0
0,0,0,0,23,0.14,94.7,1.1,270,2026-10-10 02:35:00,PT5M,0.0,0.0,0.0,0.0,0.0
0,0,0,0,23,0.14,94.8,1.0,269,2026-10-10 02:40:00,PT5M,0.0,0.0,0.0,0.0,0.0
0,0,0,0,23,0.14,94.8,1.0,269,2026-10-10 02:45:00,PT5M,0.0,0.0,0.0,0.0,0.0
0,0,0,0,23,0.14,94.9,0.9,268,2026-10-10 02:50:00,PT5M,0.0,0.0,0.0,0.0,0.0
0,0,0,0,23,0.14,94.9,0.8,267,2026-10-10 02:55:00,PT5M,0.0,0.0,0.0,0.0,0.0
0,0,0,0,23,0.14,95.0,0.8,267,2026-10-10 03:00:00,PT5M,0.0,0.0,0.0,0.0,0.0
0,0,0,0,23,0.14,95.0,0.7,266,2026-10-10 03:05:00,PT5M,0.0,0.0,0.0,0.0,0.0
0,0,0,0,23,0.14,95.0,0.7,265,2026-10-10 03:10:00,PT5M,0.0,0.0,0.0,0.0,0.0
0,0,0,0,23,0.14,95.1,0.6,263,2026-10-10 03:15:00,PT5M,0.0,0.0,0.0,0.0,0.0
0,0,0,0,23,0.14,95.1,0.6,262,2026-10-10 03:20:00,PT5M,0.0,0.0,0.0,0.0,0.0
0,0,0,0,23,0.14,95.2,0.5,260,2026-10-10 03:25:00,PT5M,0.0,0.0,0.0,0.0,0.0
0,0,0,0,23,0.14,95.2,0.4,257,2026-10-10 03:30:00,PT5M,0.0,0.0,0.0,0.0,0.0
0,0,0,0,23,0.14,95.3,0.4,254,2026-10-10 03:35:00,PT5M,0.0,0.0,0.0,0.0,0.0
0,0,0,0,23,0.14,95.3,0.4,251,2026-10-10 03:40:00,PT5M,0.0,0.0,0.0,0.0,0.0
0,0,0,0,23,0.14,95.4,0.4,248,2026-10-10 03:45:00,PT5M,0.0,0.0,0.0,0.0,0.0
0,0,0,0,23,0.14,95.4,0.4,245,2026-10-10 03:50:00,PT5M,0.0,0.0,0.0,0.0,0.0
0,0,0,0,23,0.14,95.5,0.5,242,2026-10-10 03:55:00,PT5M,0.0,0.0,0.0,0.0,0.0
0,0,0,0,23,0.14,95.5,0.5,239,2026-10-10 04:00:00,PT5M,0.0,0.0,0.0,0.0,0.0
0,0,0,0,23,0.14,95.6,0.5,237,2026-10-10 04:05:00,PT5M,0.0,0.0,0.0,0.0,0.0
0,0,0,0,23,0.14,95.6,0.5,234,2026-10-10 04:10:00,PT5M,0.0,0.0,0.0,0.0,0.0
0,0,0,0,23,0.14,95.7,0.5,232,2026-10-10 04:15:00,PT5M,0.0,0.0,0.0,0.0,0.0
0,0,0,0,23,0.14,95.7,0.5,230,2026-10-10 04:20:00,PT5M,0.0,0.0,0.0,0.0,0.0
0,0,0,0,23,0.14,95.8,0.5,228,2026-10-10 04:25:00,PT5M,0.0,0.0,0.0,0.0,0.0
0,0,0,0,23,0.14,95.8,0.6,226,2026-10-10 04:30:00,PT5M,0.0,0.0,0.0,0.0,0.0
0,0,0,0,23,0.14,95.9,0.6,226,2026-10-10 04:35:00,PT5M,0.0,0.0,0.0,0.0,0.0
0,0,0,0,23,0.14,96.1,0.6,227,2026-10-10 04:40:00,PT5M,0.0,0.0,0.0,0.0,0.0
0,0,0,0,23,0.14,96.2,0.6,229,2026-10-10 04:45:00,PT5M,0.0,0.0,0.0,0.0,0.0
0,0,0,0,23,0.14,96.4,0.7,230,2026-10-10 04:50:00,PT5M,0.0,0.0,0.0,0.0,0.0
0,0,0,0,23,0.14,96.5,0.7,231,2026-10-10 04:55:00,PT5M,0.0,0.0,0.0,0.0,0.0
0,0,0,0,23,0.14,96.6,0.7,233,2026-10-10 05:00:00,PT5M,0.0,0.0,0.0,0.0,0.0
0,0,0,0,23,0.14,96.8,0.8,234,2026-10-10 05:05:00,PT5M,0.0,0.0,0.0,0.0,0.0
0,0,0,0,23,0.14,96.9,0.8,235,2026-10-10 05:10:00,PT5M,0.0,0.0,0.0,0.0,0.0
0,0,0,0,23,0.14,97.1,0.8,235,2026-10-10 05:15:00,PT5M,0.0,0.0,0.0,0.0,0.0
0,0,0,0,23,0.14,97.2,0.9,236,2026-10-10 05:20:00,PT5M,0.0,0.0,0.0,0.0,0.0
0,0,0,0,23,0.14,97.4,0.9,237,2026-10-10 05:25:00,PT5M,0.0,0.0,0.0,0.0,0.0
0,0,0,0,23,0.14,97.5,0.9,238,2026-10-10 05:30:00,PT5M,0.0,0.0,0.0,0.0,0.0
0,0,0,0,23,0.14,97.6,0.9,240,2026-10-10 05:35:00,PT5M,0.0,0.0,0.0,0.0,0.0
0,0,0,0,23,0.14,97.6,0.9,244,2026-10-10 05:40:00,PT5M,0.0,0.0,0.0,0.0,0.0
0,0,0,0,23,0.14,97.6,0.9,248,2026-10-10 05:45:00,PT5M,0.0,0.0,0.0,0.0,0.0
0,0,0,0,23,0.14,97.6,0.9,252,2026-10-10 05:50:00,PT5M,0.0,0.0,0.0,0.0,0.0
0,0,0,0,23,0.14,97.6,0.9,255,2026-10-10 05:55:00,PT5M,0.0,0.0,0.0,0.0,0.0
4,4,0,4,23,0.14,97.6,1.0,259,2026-10-10 06:00:00,PT5M,0.0,0.0015,0.0008,0.0,0.0
11,11,0,11,23,0.14,97.6,1.0,263,2026-10-10 06:05:00,PT5M,0.811,1.458,1.1515,0.4705,0.164
19,19,0,19,23,0.14,97.6,1.0,266,2026-10-10 06:10:00,PT5M,1.906,3.2375,2.6068,1.2052,0.5745
28,28,0,28,23,0.14,97.6,1.0,270,2026-10-10 06:15:00,PT5M,3.101,5.598,4.4152,1.7868,0.604
38,39,0,39,23,0.14,97.6,1.0,273,2026-10-10 06:20:00,PT5M,4.373,8.2805,6.4295,2.3165,0.4655
50,50,8,49,23,0.14,97.6,1.1,276,2026-10-10 06:25:00,PT5M,5.946,11.4005,8.8167,3.0753,0.4915
62,62,30,57,23,0.14,97.6,1.1,279,2026-10-10 06:30:00,PT5M,8.136,15.32,11.917,4.355,0.952
76,75,57,66,23,0.14,97.3,1.1,281,2026-10-10 06:35:00,PT5M,10.69,19.7065,15.4354,5.9446,1.6735
92,91,88,74,23,0.14,96.8,1.0,282,2026-10-10 06:40:00,PT5M,13.768,24.569,19.4526,8.0834,2.967
109,107,121,82,24,0.14,96.3,1.0,283,2026-10-10 06:45:00,PT5M,17.256,29.7765,23.8456,10.6664,4.7355
127,124,155,89,24,0.14,95.7,0.9,284,2026-10-10 06:50:00,PT5M,21.07,35.2985,28.5586,13.5814,6.8415
146,142,190,95,24,0.14,95.2,0.9,286,2026-10-10 06:55:00,PT5M,25.253,41.2475,33.671,16.835,9.2585
165,161,223,101,24,0.14,94.7,0.8,288,2026-10-10 07:00:00,PT5M,29.586,47.426,38.9753,20.1967,11.746
184,180,252,106,24,0.14,94.2,0.8,289,2026-10-10 07:05:00,PT5M,34.06,53.7955,44.4469,23.6731,14.3245
204,199,282,111,24,0.14,93.7,0.7,292,2026-10-10 07:10:00,PT5M,38.798,60.44,50.1883,27.4077,17.156
225,219,312,115,24,0.14,93.1,0.7,294,2026-10-10 07:15:00,PT5M,43.77,67.318,56.1635,31.3765,20.222
246,240,343,119,25,0.14,92.6,0.6,297,2026-10-10 07:20:00,PT5M,48.965,74.41,62.3569,35.5731,23.52
267,261,373,122,25,0.14,92.1,0.6,301,2026-10-10 07:25:00,PT5M,54.334,81.6615,68.7167,39.9513,27.0065
290,282,405,124,25,0.14,91.6,0.5,305,2026-10-10 07:30:00,PT5M,59.904,89.1115,75.2761,44.5319,30.6965
310,302,426,127,25,0.14,90.9,0.5,309,2026-10-10 07:35:00,PT5M,64.853,96.0665,81.2809,48.4251,33.6395
328,320,437,132,25,0.14,89.8,0.5,314,2026-10-10 07:40:00,PT5M,68.704,100.0,86.1506,51.2574,35.555
346,338,447,137,25,0.14,88.8,0.4,319,2026-10-10 07:45:00,PT5M,70.661,100.0,88.3536,52.9684,37.0445
364,356,457,141,25,0.14,87.8,0.4,326,2026-10-10 07:50:00,PT5M,72.532,100.0,90.4488,54.6152,38.4895
382,373,467,146,26,0.14,86.8,0.4,333,2026-10-10 07:55:00,PT5M,74.308,100.0,92.4259,56.1901,39.8835
400,391,476,150,26,0.14,85.8,0.4,340,2026-10-10 08:00:00,PT5M,75.979,100.0,94.2698,57.6882,41.226
418,408,484,154,26,0.14,84.9,0.4,348,2026-10-10 08:05:00,PT5M,77.532,100.0,95.963,59.101,42.5125
435,426,492,159,26,0.14,83.9,0.4,356,2026-10-10 08:10:00,PT5M,78.952,100.0,97.5188,60.3852,43.6745
453,443,500,163,26,0.14,83.0,0.4,4,2026-10-10 08:15:00,PT5M,80.233,100.0,98.8587,61.6073,44.8435
470,460,507,167,27,0.14,82.0,0.4,11,2026-10-10 08:20:00,PT5M,81.365,100.0,99.9934,62.7366,45.9705
486,476,514,171,27,0.14,81.1,0.4,18,2026-10-10 08:25:00,PT5M,82.374,100.0,100.0,63.7754,47.036
503,492,520,175,27,0.14,80.2,0.4,24,2026-10-10 08:30:00,PT5M,83.314,100.0,100.0,64.7625,48.0655
519,508,525,179,27,0.14,79.5,0.5,31,2026-10-10 08:35:00,PT5M,84.198,100.0,100.0,65.698,49.0475
535,524,531,182,27,0.14,79.0,0.5,37,2026-10-10 08:40:00,PT5M,85.032,100.0,100.0,66.5836,49.9795
551,540,536,186,27,0.14,78.6,0.6,43,2026-10-10 08:45:00,PT5M,85.819,100.0,100.0,67.4261,50.872
566,555,540,190,27,0.14,78.1,0.7,47,2026-10-10 08:50:00,PT5M,86.566,100.0,100.0,68.3324,51.9215
581,570,545,193,28,0.14,77.7,0.7,50,2026-10-10 08:55:00,PT5M,87.334,100.0,100.0,69.3148,53.097
596,584,549,197,28,0.14,77.2,0.8,53,2026-10-10 09:00:00,PT5M,88.007,100.0,100.0,70.1973,54.168
611,599,555,199,28,0.14,76.8,0.9,56,2026-10-10 09:05:00,PT5M,88.762,100.0,100.0,71.1647,55.3265
626,614,561,202,28,0.14,76.3,1.0,58,2026-10-10 09:10:00,PT5M,89.491,100.0,100.0,72.1015,56.4505
640,628,566,204,28,0.14,75.9,1.1,59,2026-10-10 09:15:00,PT5M,90.188,100.0,100.0,73.0017,57.5335
654,642,572,207,28,0.14,75.5,1.1,61,2026-10-10 09:20:00,PT5M,90.854,100.0,100.0,73.8653,58.575
668,656,577,209,28,0.14,75.0,1.2,62,2026-10-10 09:25:00,PT5M,91.491,100.0,100.0,74.6947,59.5775
682,669,582,211,28,0.14,74.6,1.3,63,2026-10-10 09:30:00,PT5M,92.099,100.0,100.0,75.4893,60.54
694,682,584,214,28,0.14,74.1,1.4,62,2026-10-10 09:35:00,PT5M,92.541,100.0,100.0,76.1026,61.3075
705,692,584,218,29,0.14,73.6,1.4,60,2026-10-10 09:40:00,PT5M,92.821,100.0,100.0,76.5376,61.882
715,703,583,222,29,0.14,73.1,1.5,58,2026-10-10 09:45:00,PT5M,93.057,100.0,100.0,76.9196,62.3955
725,712,581,226,29,0.14,72.6,1.5,56,2026-10-10 09:50:00,PT5M,93.245,100.0,100.0,77.2439,62.8425
734,721,579,231,29,0.14,72.1,1.6,55,2026-10-10 09:55:00,PT5M,93.416,100.0,100.0,77.5434,63.2575
743,730,578,235,29,0.14,71.6,1.6,53,2026-10-10 10:00:00,PT5M,93.568,100.0,100.0,77.8146,63.636
751,738,575,239,29,0.14,71.1,1.7,52,2026-10-10 10:05:00,PT5M,93.702,100.0,100.0,78.0604,63.9825
759,746,573,243,29,0.14,70.7,1.7,50,2026-10-10 10:10:00,PT5M,93.818,100.0,100.0,78.2809,64.297
766,753,571,247,29,0.14,70.2,1.8,49,2026-10-10 10:15:00,PT5M,93.915,100.0,100.0,78.4755,64.5795
773,760,569,251,29,0.14,69.7,1.8,48,2026-10-10 10:20:00,PT5M,93.994,100.0,100.0,78.645,64.8305
779,766,566,255,29,0.14,69.2,1.9,47,2026-10-10 10:25:00,PT5M,94.054,100.0,100.0,78.7895,65.051
785,772,563,259,30,0.14,68.8,2.0,46,2026-10-10 10:30:00,PT5M,94.099,100.0,100.0,78.9129,65.245
790,777,559,264,30,0.14,68.3,2.0,45,2026-10-10 10:35:00,PT5M,94.012,100.0,100.0,78.8654,65.233
792,780,552,269,30,0.14,68.0,2.0,45,2026-10-10 10:40:00,PT5M,93.79,100.0,100.0,78.6416,65.0075
795,782,545,275,30,0.14,67.6,2.0,45,2026-10-10 10:45:00,PT5M,93.549,100.0,100.0,78.3892,64.745
797,784,538,280,30,0.14,67.2,2.0,45,2026-10-10 10:50:00,PT5M,93.287,100.0,100.0,78.1046,64.44
798,786,531,285,30,0.14,66.8,2.0,45,2026-10-10 10:55:00,PT5M,93.042,100.0,100.0,77.8112,64.103
799,787,524,290,30,0.14,66.4,2.0,45,2026-10-10 11:00:00,PT5M,92.75,100.0,100.0,77.4787,63.734
799,788,517,295,30,0.14,66.0,2.1,45,2026-10-10 11:05:00,PT5M,92.451,100.0,100.0,77.1428,63.365
799,788,509,300,30,0.14,65.6,2.1,45,2026-10-10 11:10:00,PT5M,92.13,100.0,100.0,76.7729,62.951
799,787,502,304,30,0.14,65.3,2.1,45,2026-10-10 11:15:00,PT5M,91.782,100.0,100.0,76.3615,62.4825
798,786,495,309,31,0.14,64.9,2.1,45,2026-10-10 11:20:00,PT5M,91.414,100.0,100.0,75.9224,61.9795
796,785,487,313,31,0.14,64.5,2.1,45,2026-10-10 11:25:00,PT5M,91.023,100.0,100.0,75.453,61.4395
794,783,480,318,31,0.14,64.1,2.1,45,2026-10-10 11:30:00,PT5M,90.611,100.0,100.0,74.9565,60.867
790,779,470,323,31,0.14,63.9,2.1,45,2026-10-10 11:35:00,PT5M,90.057,100.0,100.0,74.2988,60.116
785,774,458,329,31,0.14,63.6,2.1,45,2026-10-10 11:40:00,PT5M,89.363,100.0,100.0,73.4825,59.1895
779,769,446,334,31,0.14,63.4,2.1,45,2026-10-10 11:45:00,PT5M,88.644,100.0,100.0,72.6345,58.2255
773,763,434,340,31,0.14,63.2,2.1,44,2026-10-10 11:50:00,PT5M,87.902,100.0,100.0,71.7573,57.2265
766,756,422,345,31,0.14,63.0,2.1,44,2026-10-10 11:55:00,PT5M,87.169,100.0,100.0,70.8832,56.2255
759,749,410,349,31,0.14,62.8,2.1,44,2026-10-10 12:00:00,PT5M,86.496,100.0,100.0,70.0631,55.273
751,742,398,354,31,0.14,62.6,2.1,44,2026-10-10 12:05:00,PT5M,85.795,100.0,100.0,69.2097,54.2825
743,734,387,358,31,0.14,62.4,2.1,44,2026-10-10 12:10:00,PT5M,85.066,100.0,100.0,68.3234,53.2545
735,726,375,362,31,0.14,62.2,2.1,44,2026-10-10 12:15:00,PT5M,84.308,100.0,100.0,67.4033,52.1885
726,718,363,366,31,0.14,62.0,2.1,43,2026-10-10 12:20:00,PT5M,83.52,100.0,100.0,66.4487,51.084
717,709,352,369,32,0.14,61.8,2.1,43,2026-10-10 12:25:00,PT5M,82.713,100.0,99.9546,65.4714,49.9535
707,700,341,372,32,0.14,61.6,2.1,43,2026-10-10 12:30:00,PT5M,81.854,100.0,99.2692,64.4388,48.7645
699,691,331,374,32,0.14,61.5,2.1,45,2026-10-10 12:35:00,PT5M,81.088,100.0,98.6685,63.5075,47.6845
691,683,323,375,32,0.14,61.5,2.1,48,2026-10-10 12:40:00,PT5M,80.414,100.0,98.1527,62.6753,46.71
682,675,315,376,32,0.14,61.4,2.1,51,2026-10-10 12:45:00,PT5M,79.69,100.0,97.5981,61.7819,45.664
674,667,307,376,32,0.14,61.4,2.2,53,2026-10-10 12:50:00,PT5M,78.943,100.0,97.0195,60.8665,44.597
665,658,300,377,32,0.14,61.3,2.2,56,2026-10-10 12:55:00,PT5M,78.2,100.0,96.4344,59.9656,43.554
655,649,292,377,32,0.14,61.3,2.3,59,2026-10-10 13:00:00,PT5M,77.418,100.0,95.8161,59.0199,42.461
646,640,284,376,32,0.14,61.3,2.3,61,2026-10-10 13:05:00,PT5M,76.579,100.0,95.1516,58.0064,41.2905
636,630,276,376,32,0.14,61.2,2.4,64,2026-10-10 13:10:00,PT5M,75.7,100.0,94.451,56.949,40.0725
626,620,268,375,32,0.14,61.2,2.5,66,2026-10-10 13:15:00,PT5M,74.786,100.0,93.7175,55.8545,38.8155
616,610,261,374,31,0.14,61.2,2.5,68,2026-10-10 13:20:00,PT5M,73.84,100.0,92.9528,54.7272,37.525
605,600,253,372,31,0.14,61.1,2.6,70,2026-10-10 13:25:00,PT5M,72.866,100.0,92.1604,53.5716,36.206
594,589,246,371,31,0.14,61.1,2.7,72,2026-10-10 13:30:00,PT5M,71.859,100.0,91.3355,52.3825,34.853
578,573,230,371,31,0.14,62.2,2.7,73,2026-10-10 13:35:00,PT5M,70.212,100.0,89.9688,50.4552,32.6735
557,553,207,372,31,0.14,64.4,2.7,74,2026-10-10 13:40:00,PT5M,67.886,100.0,88.0144,47.7576,29.6415
536,532,186,372,30,0.14,66.6,2.6,75,2026-10-10 13:45:00,PT5M,65.558,100.0,86.05,45.066,26.6225
515,512,165,372,30,0.14,69.0,2.6,76,2026-10-10 13:50:00,PT5M,63.195,100.0,84.0426,42.3474,23.584
495,492,145,370,29,0.14,71.5,2.5,77,2026-10-10 13:55:00,PT5M,60.797,100.0,81.9919,39.6021,20.526
474,472,127,367,29,0.14,74.0,2.5,78,2026-10-10 14:00:00,PT5M,58.365,99.281,79.8994,36.8306,17.449
454,453,109,364,29,0.14,76.7,2.4,79,2026-10-10 14:05:00,PT5M,55.9,97.4435,77.7646,34.0354,14.3565
435,433,92,360,28,0.14,79.4,2.4,80,2026-10-10 14:10:00,PT5M,53.524,95.6785,75.7102,31.3378,11.3695
415,414,75,354,28,0.14,82.3,2.3,81,2026-10-10 14:15:00,PT5M,51.011,93.757,73.5085,28.5135,8.265
396,395,60,349,27,0.14,85.2,2.3,82,2026-10-10 14:20:00,PT5M,48.489,91.8075,71.2878,25.6902,5.1705
377,377,46,342,27,0.14,88.3,2.3,83,2026-10-10 14:25:00,PT5M,45.964,89.8595,69.0665,22.8615,2.0685
359,359,32,335,26,0.14,91.5,2.2,84,2026-10-10 14:30:00,PT5M,43.44,87.888,66.8333,20.0467,0.0
345,346,24,328,26,0.14,92.8,2.1,85,2026-10-10 14:35:00,PT5M,41.997,86.81,65.5824,18.4116,0.0
336,337,22,321,26,0.14,92.3,1.9,85,2026-10-10 14:40:00,PT5M,40.812,85.824,64.5021,17.1219,0.0
327,328,19,314,26,0.14,91.8,1.7,85,2026-10-10 14:45:00,PT5M,39.598,84.8075,63.3921,15.8039,0.0
318,319,16,307,27,0.14,91.2,1.5,84,2026-10-10 14:50:00,PT5M,38.398,83.538,62.1555,14.6405,0.0
309,310,14,300,27,0.14,90.7,1.3,84,2026-10-10 14:55:00,PT5M,37.182,82.0945,60.8198,13.5442,0.0
300,301,11,293,27,0.14,90.1,1.1,84,2026-10-10 15:00:00,PT5M,35.937,80.652,59.4708,12.4032,0.0
291,292,9,286,27,0.14,89.6,0.9,84,2026-10-10 15:05:00,PT5M,34.664,79.1575,58.0812,11.2468,0.0
281,282,6,278,27,0.14,89.1,0.6,83,2026-10-10 15:10:00,PT5M,33.354,77.601,56.6415,10.0665,0.0
272,273,3,271,27,0.14,88.6,0.4,82,2026-10-10 15:15:00,PT5M,32.001,75.9735,55.144,8.858,0.0
262,263,0,263,27,0.14,88.0,0.2,79,2026-10-10 15:20:00,PT5M,30.616,74.2785,53.5959,7.6361,0.0
253,253,0,253,27,0.14,87.5,0.0,27,2026-10-10 15:25:00,PT5M,29.372,72.6835,52.1672,6.5768,0.0
243,244,0,244,27,0.14,87.0,0.2,272,2026-10-10 15:30:00,PT5M,28.146,71.0575,50.7306,5.5614,0.0
233,234,0,234,27,0.14,86.9,0.3,264,2026-10-10 15:35:00,PT5M,27.034,69.428,49.3463,4.7217,0.0
224,225,0,225,27,0.14,87.1,0.3,253,2026-10-10 15:40:00,PT5M,25.968,67.742,47.954,3.982,0.0
215,216,0,216,27,0.14,87.3,0.3,242,2026-10-10 15:45:00,PT5M,24.892,65.963,46.508,3.276,0.0
206,206,0,206,27,0.14,87.5,0.3,233,2026-10-10 15:50:00,PT5M,23.8,64.0945,45.0073,2.5927,0.0
196,197,0,197,27,0.14,87.7,0.4,225,2026-10-10 15:55:00,PT5M,22.691,62.1435,43.4551,1.9269,0.0
186,187,0,187,27,0.14,87.9,0.4,218,2026-10-10 16:00:00,PT5M,21.563,60.118,41.8548,1.2712,0.0
177,177,0,177,27,0.14,88.1,0.5,213,2026-10-10 16:05:00,PT5M,20.421,58.0255,40.2125,0.6295,0.0
167,168,0,168,27,0.14,88.4,0.5,208,2026-10-10 16:10:00,PT5M,19.452,55.428,38.3864,0.5176,0.0
157,158,0,158,27,0.14,88.6,0.5,205,2026-10-10 16:15:00,PT5M,18.55,52.081,36.1976,0.9024,0.0
147,148,0,148,27,0.14,88.8,0.6,202,2026-10-10 16:20:00,PT5M,17.53,48.675,33.9218,1.1382,0.0
138,138,0,138,27,0.14,89.0,0.6,199,2026-10-10 16:25:00,PT5M,16.45,45.233,31.5987,1.3013,0.0
128,128,0,128,27,0.14,89.2,0.7,197,2026-10-10 16:30:00,PT5M,15.333,41.7785,29.2515,1.4145,0.0
118,118,0,118,26,0.14,89.6,0.7,191,2026-10-10 16:35:00,PT5M,14.196,38.289,26.8763,1.5157,0.0
108,109,0,109,26,0.14,90.1,0.7,181,2026-10-10 16:40:00,PT5M,13.042,34.8715,24.531,1.553,0.0
99,99,0,99,26,0.14,90.7,0.6,170,2026-10-10 16:45:00,PT5M,11.873,31.474,22.1891,1.5569,0.0
89,90,0,90,26,0.14,91.2,0.7,159,2026-10-10 16:50:00,PT5M,10.701,28.133,19.8756,1.5264,0.0
79,80,0,80,26,0.14,91.7,0.7,148,2026-10-10 16:55:00,PT5M,9.49,24.854,17.5762,1.4038,0.0
70,70,0,70,26,0.14,92.3,0.7,139,2026-10-10 17:00:00,PT5M,8.307,21.7035,15.3577,1.2563,0.0
60,61,0,61,26,0.14,92.8,0.8,131,2026-10-10 17:05:00,PT5M,7.05,18.5215,13.0875,1.0125,0.0
51,51,0,51,26,0.14,93.4,0.9,125,2026-10-10 17:10:00,PT5M,5.925,15.5075,10.9683,0.8817,0.0
43,43,0,43,25,0.14,93.9,1.0,119,2026-10-10 17:15:00,PT5M,4.886,12.619,8.9559,0.8161,0.0
35,35,0,35,25,0.14,94.5,1.1,115,2026-10-10 17:20:00,PT5M,3.827,9.7955,6.9683,0.6857,0.0
27,27,0,27,25,0.14,95.0,1.2,111,2026-10-10 17:25:00,PT5M,2.848,7.227,5.1527,0.5433,0.0
21,21,0,21,25,0.14,95.6,1.3,108,2026-10-10 17:30:00,PT5M,2.014,5.047,3.6103,0.4177,0.0
14,14,0,14,25,0.14,96.0,1.3,108,2026-10-10 17:35:00,PT5M,1.21,2.663,1.9747,0.4453,0.0
9,9,0,9,25,0.14,96.1,1.3,111,2026-10-10 17:40:00,PT5M,0.46,1.2045,0.8518,0.0682,0.0
4,4,0,4,25,0.14,96.3,1.3,114,2026-10-10 17:45:00,PT5M,0.0,0.1105,0.0582,0.0,0.0
0,0,0,0,25,0.14,96.4,1.3,116,2026-10-10 17:50:00,PT5M,0.0,0.0,0.0,0.0,0.0
0,0,0,0,25,0.14,96.5,1.3,119,2026-10-10 17:55:00,PT5M,0.0,0.0,0.0,0.0,0.0
0,0,0,0,25,0.14,96.7,1.3,122,2026-10-10 18:00:00,PT5M,0.0,0.0,0.0,0.0,0.0
0,0,0,0,25,0.14,96.8,1.3,125,2026-10-10 18:05:00,PT5M,0.0,0.0,0.0,0.0,0.0
0,0,0,0,25,0.14,97.0,1.3,128,2026-10-10 18:10:00,PT5M,0.0,0.0,0.0,0.0,0.0
0,0,0,0,25,0.14,97.1,1.3,131,2026-10-10 18:15:00,PT5M,0.0,0.0,0.0,0.0,0.0
0,0,0,0,25,0.14,97.3,1.3,134,2026-10-10 18:20:00,PT5M,0.0,0.0,0.0,0.0,0.0
0,0,0,0,25,0.14,97.4,1.3,137,2026-10-10 18:25:00,PT5M,0.0,0.0,0.0,0.0,0.0
0,0,0,0,24,0.14,97.6,1.3,140,2026-10-10 18:30:00,PT5M,0.0,0.0,0.0,0.0,0.0
0,0,0,0,24,0.14,97.6,1.2,142,2026-10-10 18:35:00,PT5M,0.0,0.0,0.0,0.0,0.0
0,0,0,0,24,0.14,97.5,1.1,143,2026-10-10 18:40:00,PT5M,0.0,0.0,0.0,0.0,0.0
0,0,0,0,24,0.14,97.4,1.0,144,2026-10-10 18:45:00,PT5M,0.0,0.0,0.0,0.0,0.0
0,0,0,0,24,0.14,97.3,0.9,145,2026-10-10 18:50:00,PT5M,0.0,0.0,0.0,0.0,0.0
0,0,0,0,24,0.14,97.2,0.8,147,2026-10-10 18:55:00,PT5M,0.0,0.0,0.0,0.0,0.0
0,0,0,0,24,0.14,97.1,0.7,149,2026-10-10 19:00:00,PT5M,0.0,0.0,0.0,0.0,0.0
0,0,0,0,24,0.14,97.0,0.6,151,2026-10-10 19:05:00,PT5M,0.0,0.0,0.0,0.0,0.0
0,0,0,0,24,0.14,96.9,0.6,155,2026-10-10 19:10:00,PT5M,0.0,0.0,0.0,0.0,0.0
0,0,0,0,24,0.14,96.8,0.5,159,2026-10-10 19:15:00,PT5M,0.0,0.0,0.0,0.0,0.0
0,0,0,0,24,0.14,96.7,0.4,167,2026-10-10 19:20:00,PT5M,0.0,0.0,0.0,0.0,0.0
0,0,0,0,24,0.14,96.6,0.3,178,2026-10-10 19:25:00,PT5M,0.0,0.0,0.0,0.0,0.0
0,0,0,0,24,0.14,96.5,0.2,195,2026-10-10 19:30:00,PT5M,0.0,0.0,0.0,0.0,0.0
0,0,0,0,24,0.14,96.5,0.2,216,2026-10-10 19:35:00,PT5M,0.0,0.0,0.0,0.0,0.0
0,0,0,0,24,0.14,96.5,0.3,232,2026-10-10 19:40:00,PT5M,0.0,0.0,0.0,0.0,0.0
0,0,0,0,24,0.14,96.5,0.3,243,2026-10-10 19:45:00,PT5M,0.0,0.0,0.0,0.0,0.0
0,0,0,0,24,0.14,96.5,0.4,250,2026-10-10 19:50:00,PT5M,0.0,0.0,0.0,0.0,0.0
0,0,0,0,24,0.14,96.5,0.5,255,2026-10-10 19:55:00,PT5M,0.0,0.0,0.0,0.0,0.0
0,0,0,0,24,0.14,96.5,0.6,259,2026-10-10 20:00:00,PT5M,0.0,0.0,0.0,0.0,0.0
0,0,0,0,24,0.14,96.5,0.6,262,2026-10-10 20:05:00,PT5M,0.0,0.0,0.0,0.0,0.0
0,0,0,0,24,0.14,96.5,0.7,264,2026-10-10 20:10:00,PT5M,0.0,0.0,0.0,0.0,0.0
0,0,0,0,24,0.14,96.5,0.8,266,2026-10-10 20:15:00,PT5M,0.0,0.0,0.0,0.0,0.0
0,0,0,0,24,0.14,96.5,0.9,267,2026-10-10 20:20:00,PT5M,0.0,0.0,0.0,0.0,0.0
0,0,0,0,24,0.14,96.5,1.0,269,2026-10-10 20:25:00,PT5M,0.0,0.0,0.0,0.0,0.0
0,0,0,0,24,0.14,96.5,1.1,270,2026-10-10 20:30:00,PT5M,0.0,0.0,0.0,0.0,0.0
0,0,0,0,24,0.14,96.5,1.1,268,2026-10-10 20:35:00,PT5M,0.0,0.0,0.0,0.0,0.0
0,0,0,0,24,0.14,96.6,1.0,265,2026-10-10 20:40:00,PT5M,0.0,0.0,0.0,0.0,0.0
0,0,0,0,24,0.14,96.7,0.9,260,2026-10-10 20:45:00,PT5M,0.0,0.0,0.0,0.0,0.0
0,0,0,0,24,0.14,96.8,0.8,255,2026-10-10 20:50:00,PT5M,0.0,0.0,0.0,0.0,0.0
0,0,0,0,24,0.14,96.9,0.7,249,2026-10-10 20:55:00,PT5M,0.0,0.0,0.0,0.0,0.0
0,0,0,0,24,0.14,97.0,0.7,242,2026-10-10 21:00:00,PT5M,0.0,0.0,0.0,0.0,0.0
0,0,0,0,24,0.14,97.1,0.6,233,2026-10-10 21:05:00,PT5M,0.0,0.0,0.0,0.0,0.0
0,0,0,0,24,0.14,97.2,0.6,223,2026-10-10 21:10:00,PT5M,0.0,0.0,0.0,0.0,0.0
0,0,0,0,24,0.14,97.3,0.6,213,2026-10-10 21:15:00,PT5M,0.0,0.0,0.0,0.0,0.0
0,0,0,0,24,0.14,97.4,0.6,202,2026-10-10 21:20:00,PT5M,0.0,0.0,0.0,0.0,0.0
0,0,0,0,24,0.14,97.5,0.6,193,2026-10-10 21:25:00,PT5M,0.0,0.0,0.0,0.0,0.0
0,0,0,0,24,0.14,97.6,0.7,184,2026-10-10 21:30:00,PT5M,0.0,0.0,0.0,0.0,0.0
0,0,0,0,24,0.14,97.6,0.7,181,2026-10-10 21:35:00,PT5M,0.0,0.0,0.0,0.0,0.0
0,0,0,0,24,0.14,97.6,0.7,183,2026-10-10 21:40:00,PT5M,0.0,0.0,0.0,0.0,0.0
0,0,0,0,24,0.14,97.6,0.7,185,2026-10-10 21:45:00,PT5M,0.0,0.0,0.0,0.0,0.0
0,0,0,0,24,0.14,97.6,0.6,188,2026-10-10 21:50:00,PT5M,0.0,0.0,0.0,0.0,0.0
0,0,0,0,24,0.14,97.6,0.6,190,2026-10-10 21:55:00,PT5M,0.0,0.0,0.0,0.0,0.0
0,0,0,0,24,0.14,97.6,0.6,193,2026-10-10 22:00:00,PT5M,0.0,0.0,0.0,0.0,0.0
0,0,0,0,24,0.14,97.6,0.6,195,2026-10-10 22:05:00,PT5M,0.0,0.0,0.0,0.0,0.0
0,0,0,0,24,0.14,97.6,0.6,198,2026-10-10 22:10:00,PT5M,0.0,0.0,0.0,0.0,0.0
0,0,0,0,24,0.14,97.6,0.6,201,2026-10-10 22:15:00,PT5M,0.0,0.0,0.0,0.0,0.0
0,0,0,0,24,0.14,97.6,0.6,204,2026-10-10 22:20:00,PT5M,0.0,0.0,0.0,0.0,0.0
0,0,0,0,24,0.14,97.6,0.6,207,2026-10-10 22:25:00,PT5M,0.0,0.0,0.0,0.0,0.0
0,0,0,0,24,0.14,97.6,0.6,209,2026-10-10 22:30:00,PT5M,0.0,0.0,0.0,0.0,0.0
0,0,0,0,24,0.14,97.7,0.6,212,2026-10-10 22:35:00,PT5M,0.0,0.0,0.0,0.0,0.0
0,0,0,0,24,0.14,97.8,0.6,213,2026-10-10 22:40:00,PT5M,0.0,0.0,0.0,0.0,0.0
0,0,0,0,24,0.14,97.9,0.5,214,2026-10-10 22:45:00,PT5M,0.0,0.0,0.0,0.0,0.0
0,0,0,0,24,0.14,98.0,0.5,216,2026-10-10 22:50:00,PT5M,0.0,0.0,0.0,0.0,0.0
0,0,0,0,24,0.14,98.1,0.5,218,2026-10-10 22:55:00,PT5M,0.0,0.0,0.0,0.0,0.0
0,0,0,0,24,0.14,98.2,0.5,220,2026-10-10 23:00:00,PT5M,0.0,0.0,0.0,0.0,0.0
0,0,0,0,24,0.14,98.3,0.5,222,2026-10-10 23:05:00,PT5M,0.0,0.0,0.0,0.0,0.0
0,0,0,0,24,0.14,98.4,0.4,224,2026-10-10 23:10:00,PT5M,0.0,0.0,0.0,0.0,0.0
0,0,0,0,24,0.14,98.5,0.4,226,2026-10-10 23:15:00,PT5M,0.0,0.0,0.0,0.0,0.0
0,0,0,0,24,0.14,98.6,0.4,229,2026-10-10 23:20:00,PT5M,0.0,0.0,0.0,0.0,0.0
0,0,0,0,24,0.14,98.7,0.4,232,2026-10-10 23:25:00,PT5M,0.0,0.0,0.0,0.0,0.0
0,0,0,0,24,0.14,98.8,0.4,235,2026-10-10 23:30:00,PT5M,0.0,0.0,0.0,0.0,0.0
0,0,0,0,24,0.14,98.8,0.4,239,2026-10-10 23:35:00,PT5M,0.0,0.0,0.0,0.0,0.0
0,0,0,0,24,0.14,98.8,0.4,243,2026-10-10 23:40:00,PT5M,0.0,0.0,0.0,0.0,0.0
0,0,0,0,24,0.14,98.8,0.5,247,2026-10-10 23:45:00,PT5M,0.0,0.0,0.0,0.0,0.0
0,0,0,0,24,0.14,98.8,0.5,250,2026-10-10 23:50:00,PT5M,0.0,0.0,0.0,0.0,0.0
0,0,0,0,24,0.14,98.8,0.5,253,2026-10-10 23:55:00,PT5M,0.0,0.0,0.0,0.0,0.0
0,0,0,0,24,0.14,98.8,0.6,255,2026-10-11 00:00:00,PT5M,0.0,0.0,0.0,0.0,0.0
0,0,0,0,24,0.14,98.8,0.6,257,2026-10-11 00:05:00,PT5M,0.0,0.0,0.0,0.0,0.0
0,0,0,0,24,0.14,98.8,0.7,258,2026-10-11 00:10:00,PT5M,0.0,0.0,0.0,0.0,0.0
0,0,0,0,24,0.14,98.8,0.7,260,2026-10-11 00:15:00,PT5M,0.0,0.0,0.0,0.0,0.0
0,0,0,0,24,0.14,98.8,0.8,261,2026-10-11 00:20:00,PT5M,0.0,0.0,0.0,0.0,0.0
0,0,0,0,24,0.14,98.8,0.8,262,2026-10-11 00:25:00,PT5M,0.0,0.0,0.0,0.0,0.0
0,0,0,0,24,0.14,98.8,0.9,263,2026-10-11 00:30:00,PT5M,0.0,0.0,0.0,0.0,0.0
0,0,0,0,24,0.14,98.8,0.9,264,2026-10-11 00:35:00,PT5M,0.0,0.0,0.0,0.0,0.0
0,0,0,0,24,0.14,98.8,0.9,263,2026-10-11 00:40:00,PT5M,0.0,0.0,0.0,0.0,0.0
0,0,0,0,24,0.14,98.8,0.9,263,2026-10-11 00:45:00,PT5M,0.0,0.0,0.0,0.0,0.0
0,0,0,0,24,0.14,98.8,0.8,263,2026-10-11 00:50:00,PT5M,0.0,0.0,0.0,0.0,0.0
0,0,0,0,24,0.14,98.8,0.8,263,2026-10-11 00:55:00,PT5M,0.0,0.0,0.0,0.0,0.0
0,0,0,0,24,0.14,98.8,0.8,263,2026-10-11 01:00:00,PT5M,0.0,0.0,0.0,0.0,0.0
0,0,0,0,24,0.14,98.8,0.8,263,2026-10-11 01:05:00,PT5M,0.0,0.0,0.0,0.0,0.0
0,0,0,0,24,0.14,98.8,0.8,263,2026-10-11 01:10:00,PT5M,0.0,0.0,0.0,0.0,0.0
0,0,0,0,24,0.14,98.8,0.8,262,2026-10-11 01:15:00,PT5M,0.0,0.0,0.0,0.0,0.0
0,0,0,0,24,0.14,98.8,0.7,262,2026-10-11 01:20:00,PT5M,0.0,0.0,0.0,0.0,0.0
0,0,0,0,24,0.14,98.8,0.7,262,2026-10-11 01:25:00,PT5M,0.0,0.0,0.0,0.0,0.0
0,0,0,0,24,0.14,98.8,0.7,262,2026-10-11 01:30:00,PT5M,0.0,0.0,0.0,0.0,0.0
0,0,0,0,24,0.14,98.9,0.7,262,2026-10-11 01:35:00,PT5M,0.0,0.0,0.0,0.0,0.0
0,0,0,0,24,0.14,99.0,0.7,264,2026-10-11 01:40:00,PT5M,0.0,0.0,0.0,0.0,0.0
0,0,0,0,24,0.14,99.0,0.7,265,2026-10-11 01:45:00,PT5M,0.0,0.0,0.0,0.0,0.0
0,0,0,0,24,0.14,99.1,0.7,266,2026-10-11 01:50:00,PT5M,0.0,0.0,0.0,0.0,0.0
0,0,0,0,24,0.14,99.2,0.7,268,2026-10-11 01:55:00,PT5M,0.0,0.0,0.0,0.0,0.0
0,0,0,0,24,0.14,99.3,0.7,269,2026-10-11 02:00:00,PT5M,0.0,0.0,0.0,0.0,0.0
0,0,0,0,24,0.14,99.4,0.6,271,2026-10-11 02:05:00,PT5M,0.0,0.0,0.0,0.0,0.0
0,0,0,0,24,0.14,99.5,0.6,272,2026-10-11 02:10:00,PT5M,0.0,0.0,0.0,0.0,0.0
0,0,0,0,24,0.14,99.6,0.6,274,2026-10-11 02:15:00,PT5M,0.0,0.0,0.0,0.0,0.0
0,0,0,0,23,0.14,99.7,0.6,275,2026-10-11 02:20:00,PT5M,0.0,0.0,0.0,0.0,0.0
0,0,0,0,23,0.14,99.8,0.6,277,2026-10-11 02:25:00,PT5M,0.0,0.0,0.0,0.0,0.0
0,0,0,0,23,0.14,99.9,0.6,279,2026-10-11 02:30:00,PT5M,0.0,0.0,0.0,0.0,0.0
0,0,0,0,23,0.14,100.0,0.6,281,2026-10-11 02:35:00,PT5M,0.0,0.0,0.0,0.0,0.0
0,0,0,0,23,0.14,99.9,0.6,283,2026-10-11 02:40:00,PT5M,0.0,0.0,0.0,0.0,0.0
0,0,0,0,23,0.14,99.9,0.6,285,2026-10-11 02:45:00,PT5M,0.0,0.0,0.0,0.0,0.0
0,0,0,0,23,0.14,99.8,0.7,287,2026-10-11 02:50:00,PT5M,0.0,0.0,0.0,0.0,0.0
0,0,0,0,23,0.14,99.8,0.7,288,2026-10-11 02:55:00,PT5M,0.0,0.0,0.0,0.0,0.0
0,0,0,0,23,0.14,99.7,0.7,290,2026-10-11 03:00:00,PT5M,0.0,0.0,0.0,0.0,0.0
0,0,0,0,23,0.14,99.7,0.7,292,2026-10-11 03:05:00,PT5M,0.0,0.0,0.0,0.0,0.0
0,0,0,0,23,0.14,99.6,0.7,293,2026-10-11 03:10:00,PT5M,0.0,0.0,0.0,0.0,0.0
0,0,0,0,23,0.14,99.6,0.7,295,2026-10-11 03:15:00,PT5M,0.0,0.0,0.0,0.0,0.0
0,0,0,0,23,0.14,99.5,0.8,296,2026-10-11 03:20:00,PT5M,0.0,0.0,0.0,0.0,0.0
0,0,0,0,23,0.14,99.5,0.8,298,2026-10-11 03:25:00,PT5M,0.0,0.0,0.0,0.0,0.0
0,0,0,0,23,0.14,99.4,0.8,299,2026-10-11 03:30:00,PT5M,0.0,0.0,0.0,0.0,0.0
0,0,0,0,23,0.14,99.3,0.8,300,2026-10-11 03:35:00,PT5M,0.0,0.0,0.0,0.0,0.0
0,0,0,0,23,0.14,99.2,0.7,301,2026-10-11 03:40:00,PT5M,0.0,0.0,0.0,0.0,0.0
0,0,0,0,23,0.14,99.1,0.7,303,2026-10-11 03:45:00,PT5M,0.0,0.0,0.0,0.0,0.0
0,0,0,0,23,0.14,99.0,0.6,305,2026-10-11 03:50:00,PT5M,0.0,0.0,0.0,0.0,0.0
0,0,0,0,23,0.14,98.9,0.5,307,2026-10-11 03:55:00,PT5M,0.0,0.0,0.0,0.0,0.0
0,0,0,0,23,0.14,98.8,0.5,309,2026-10-11 04:00:00,PT5M,0.0,0.0,0.0,0.0,0.0
0,0,0,0,24,0.14,98.8,0.4,312,2026-10-11 04:05:00,PT5M,0.0,0.0,0.0,0.0,0.0
0,0,0,0,24,0.14,98.7,0.4,316,2026-10-11 04:10:00,PT5M,0.0,0.0,0.0,0.0,0.0
0,0,0,0,24,0.14,98.6,0.3,322,2026-10-11 04:15:00,PT5M,0.0,0.0,0.0,0.0,0.0
0,0,0,0,24,0.14,98.5,0.3,329,2026-10-11 04:20:00,PT5M,0.0,0.0,0.0,0.0,0.0
0,0,0,0,24,0.14,98.4,0.2,339,2026-10-11 04:25:00,PT5M,0.0,0.0,0.0,0.0,0.0
0,0,0,0,24,0.14,98.3,0.2,352,2026-10-11 04:30:00,PT5M,0.0,0.0,0.0,0.0,0.0
0,0,0,0,24,0.14,98.2,0.2,356,2026-10-11 04:35:00,PT5M,0.0,0.0,0.0,0.0,0.0
0,0,0,0,24,0.14,98.1,0.2,348,2026-10-11 04:40:00,PT5M,0.0,0.0,0.0,0.0,0.0
0,0,0,0,24,0.14,98.1,0.2,338,2026-10-11 04:45:00,PT5M,0.0,0.0,0.0,0.0,0.0
0,0,0,0,24,0.14,98.0,0.2,328,2026-10-11 04:50:00,PT5M,0.0,0.0,0.0,0.0,0.0
0,0,0,0,24,0.14,98.0,0.2,318,2026-10-11 04:55:00,PT5M,0.0,0.0,0.0,0.0,0.0
0,0,0,0,24,0.14,97.9,0.2,308,2026-10-11 05:00:00,PT5M,0.0,0.0,0.0,0.0,0.0
0,0,0,0,24,0.14,97.9,0.2,299,2026-10-11 05:05:00,PT5M,0.0,0.0,0.0,0.0,0.0
0,0,0,0,24,0.14,97.8,0.2,292,2026-10-11 05:10:00,PT5M,0.0,0.0,0.0,0.0,0.0
0,0,0,0,24,0.14,97.8,0.2,285,2026-10-11 05:15:00,PT5M,0.0,0.0,0.0,0.0,0.0
0,0,0,0,24,0.14,97.7,0.2,280,2026-10-11 05:20:00,PT5M,0.0,0.0,0.0,0.0,0.0
0,0,0,0,24,0.14,97.7,0.3,275,2026-10-11 05:25:00,PT5M,0.0,0.0,0.0,0.0,0.0
0,0,0,0,24,0.14,97.6,0.3,272,2026-10-11 05:30:00,PT5M,0.0,0.0,0.0,0.0,0.0
0,0,0,0,24,0.14,97.6,0.3,271,2026-10-11 05:35:00,PT5M,0.0,0.0,0.0,0.0,0.0
0,0,0,0,24,0.14,97.5,0.4,272,2026-10-11 05:40:00,PT5M,0.0,0.0,0.0,0.0,0.0
0,0,0,0,24,0.14,97.4,0.4,273,2026-10-11 05:45:00,PT5M,0.0,0.0,0.0,0.0,0.0
0,0,0,0,24,0.14,97.3,0.4,274,2026-10-11 05:50:00,PT5M,0.0,0.0,0.0,0.0,0.0
0,0,0,0,24,0.14,97.2,0.5,275,2026-10-11 05:55:00,PT5M,0.0,0.0,0.0,0.0,0.0
3,3,0,3,24,0.14,97.1,0.5,275,2026-10-11 06:00:00,PT5M,0.0,0.0015,0.0008,0.0,0.0
7,7,0,7,24,0.14,97.0,0.5,276,2026-10-11 06:05:00,PT5M,0.286,0.916,0.6176,0.0,0.0
13,13,0,13,24,0.14,96.9,0.6,276,2026-10-11 06:10:00,PT5M,1.005,2.4785,1.7805,0.2295,0.0
19,19,0,19,24,0.14,96.8,0.6,277,2026-10-11 06:15:00,PT5M,1.788,4.5655,3.2498,0.3262,0.0
25,25,0,25,24,0.14,96.7,0.6,277,2026-10-11 06:20:00,PT5M,2.624,6.849,4.8476,0.4004,0.0
33,33,0,33,24,0.14,96.6,0.7,278,2026-10-11 06:25:00,PT5M,3.576,9.428,6.6559,0.4961,0.0
41,41,0,41,24,0.14,96.5,0.7,278,2026-10-11 06:30:00,PT5M,4.674,12.37,8.7245,0.6235,0.0
50,51,0,51,24,0.14,96.3,0.7,278,2026-10-11 06:35:00,PT5M,5.877,15.476,10.929,0.825,0.0
62,62,0,62,24,0.14,96.2,0.7,279,2026-10-11 06:40:00,PT5M,7.309,18.7705,13.3413,1.2767,0.0
75,75,0,75,24,0.14,96.0,0.6,279,2026-10-11 06:45:00,PT5M,8.98,22.274,15.9767,1.9833,0.0
89,89,0,89,24,0.14,95.8,0.6,279,2026-10-11 06:50:00,PT5M,10.767,25.881,18.7216,2.8124,0.0
104,105,0,105,24,0.14,95.6,0.6,280,2026-10-11 06:55:00,PT5M,12.626,29.6355,21.5782,3.6738,0.0
121,121,23,114,24,0.14,95.4,0.6,280,2026-10-11 07:00:00,PT5M,15.704,34.6385,25.6694,5.7386,0.0
138,138,48,124,24,0.14,95.2,0.5,281,2026-10-11 07:05:00,PT5M,19.029,39.922,30.0251,8.0329,0.0
157,155,75,132,24,0.14,95.0,0.5,281,2026-10-11 07:10:00,PT5M,22.862,45.7095,34.8868,10.8372,0.0145
176,174,104,140,25,0.14,94.8,0.5,282,2026-10-11 07:15:00,PT5M,26.995,51.7785,40.0387,13.9513,2.2115
197,194,134,147,25,0.14,94.6,0.5,282,2026-10-11 07:20:00,PT5M,31.642,58.3355,45.691,17.593,4.9485
218,215,167,153,25,0.14,94.5,0.4,283,2026-10-11 07:25:00,PT5M,36.729,65.299,51.7656,21.6924,8.159
241,237,203,158,25,0.14,94.3,0.4,284,2026-10-11 07:30:00,PT5M,42.265,72.687,58.2763,26.2537,11.843
261,256,225,164,25,0.14,93.9,0.4,284,2026-10-11 07:35:00,PT5M,46.668,79.1345,63.7554,29.5806,14.2015
276,271,232,171,25,0.14,93.3,0.4,285,2026-10-11 07:40:00,PT5M,49.367,83.8615,67.5217,31.2123,14.8725
291,286,239,179,25,0.14,92.7,0.4,286,2026-10-11 07:45:00,PT5M,51.163,86.3575,69.6861,32.6399,15.9685
306,301,245,186,25,0.14,92.1,0.4,286,2026-10-11 07:50:00,PT5M,52.881,88.735,71.7512,34.0108,17.027
321,316,251,193,25,0.14,91.5,0.3,287,2026-10-11 07:55:00,PT5M,54.517,90.9855,73.7106,35.3234,18.0485
335,330,256,201,26,0.14,90.9,0.3,288,2026-10-11 08:00:00,PT5M,56.065,93.0965,75.5549,36.5751,19.0335
350,344,261,208,26,0.14,90.3,0.3,289,2026-10-11 08:05:00,PT5M,57.518,95.0505,77.2716,37.7644,19.9855
364,359,266,215,26,0.14,89.8,0.3,290,2026-10-11 08:10:00,PT5M,58.87,96.8315,78.8494,38.8906,20.9085
378,372,270,221,26,0.14,89.2,0.3,291,2026-10-11 08:15:00,PT5M,60.12,98.4325,80.2841,39.9559,21.8075
392,386,274,228,26,0.14,88.6,0.3,292,2026-10-11 08:20:00,PT5M,61.285,99.852,81.5831,40.9869,22.718
405,400,277,235,26,0.14,88.1,0.2,294,2026-10-11 08:25:00,PT5M,62.367,100.0,82.7701,41.9639,23.6005
419,413,280,242,26,0.14,87.5,0.2,296,2026-10-11 08:30:00,PT5M,63.389,100.0,83.8808,42.8972,24.454
431,425,282,248,27,0.14,86.9,0.2,300,2026-10-11 08:35:00,PT5M,64.29,100.0,84.8652,43.7148,25.1965
443,437,283,255,27,0.14,86.2,0.2,308,2026-10-11 08:40:00,PT5M,65.073,100.0,85.7621,44.3839,25.763
455,449,284,262,27,0.14,85.5,0.2,316,2026-10-11 08:45:00,PT5M,65.811,100.0,86.5757,45.0463,26.3575
467,461,285,268,27,0.14,84.9,0.2,325,2026-10-11 08:50:00,PT5M,66.514,100.0,87.3487,45.6793,26.9275
478,472,285,275,27,0.14,84.2,0.2,333,2026-10-11 08:55:00,PT5M,67.183,100.0,88.0829,46.2831,27.4725
489,483,285,281,27,0.14,83.5,0.2,342,2026-10-11 09:00:00,PT5M,67.822,100.0,88.7319,46.9121,28.0925
500,494,286,288,27,0.14,82.9,0.2,350,2026-10-11 09:05:00,PT5M,68.522,100.0,89.3419,47.7021,28.9635
511,504,287,293,28,0.14,82.2,0.2,357,2026-10-11 09:10:00,PT5M,69.202,100.0,89.9369,48.4671,29.805
521,515,288,299,28,0.14,81.6,0.2,3,2026-10-11 09:15:00,PT5M,69.851,100.0,90.5065,49.1955,30.605
531,525,289,305,28,0.14,81.0,0.3,8,2026-10-11 09:20:00,PT5M,70.472,100.0,91.0532,49.8908,31.367
541,535,289,311,28,0.14,80.4,0.3,13,2026-10-11 09:25:00,PT5M,71.064,100.0,91.5768,50.5512,32.089
550,544,289,316,28,0.14,79.7,0.3,17,2026-10-11 09:30:00,PT5M,71.63,100.0,92.0797,51.1803,32.775
560,553,290,321,28,0.14,79.2,0.4,20,2026-10-11 09:35:00,PT5M,72.228,100.0,92.5956,51.8604,33.529
569,563,292,326,28,0.14,78.7,0.4,23,2026-10-11 09:40:00,PT5M,72.859,100.0,93.1245,52.5935,34.354
578,572,292,331,28,0.14,78.3,0.5,25,2026-10-11 09:45:00,PT5M,73.446,100.0,93.6144,53.2776,35.1255
587,580,293,336,29,0.14,77.8,0.6,26,2026-10-11 09:50:00,PT5M,73.979,100.0,94.056,53.902,35.832
595,589,293,341,29,0.14,77.4,0.6,27,2026-10-11 09:55:00,PT5M,74.484,100.0,94.4747,54.4933,36.501
603,596,294,345,29,0.14,76.9,0.7,28,2026-10-11 10:00:00,PT5M,74.96,100.0,94.8694,55.0506,37.1315
610,604,294,349,29,0.14,76.5,0.8,29,2026-10-11 10:05:00,PT5M,75.409,100.0,95.2418,55.5762,37.726
618,611,294,354,29,0.14,76.0,0.8,29,2026-10-11 10:10:00,PT5M,75.833,100.0,95.5935,56.0725,38.2875
624,618,294,358,29,0.14,75.6,0.9,30,2026-10-11 10:15:00,PT5M,76.23,100.0,95.9223,56.5377,38.814
631,624,294,362,29,0.14,75.2,1.0,30,2026-10-11 10:20:00,PT5M,76.602,100.0,96.2298,56.9742,39.3085
637,630,293,365,29,0.14,74.7,1.1,30,2026-10-11 10:25:00,PT5M,76.949,100.0,96.5163,57.3817,39.7705
642,636,293,369,29,0.14,74.3,1.1,31,2026-10-11 10:30:00,PT5M,77.273,100.0,96.7832,57.7628,40.203
646,639,290,373,29,0.14,73.9,1.2,32,2026-10-11 10:35:00,PT5M,77.412,100.0,96.9156,57.9084,40.3545
648,642,285,378,30,0.14,73.7,1.3,34,2026-10-11 10:40:00,PT5M,77.363,100.0,96.9122,57.8138,40.219
650,643,280,383,30,0.14,73.4,1.3,36,2026-10-11 10:45:00,PT5M,77.288,100.0,96.8893,57.6867,40.045
651,645,275,387,30,0.14,73.1,1.4,37,2026-10-11 10:50:00,PT5M,77.183,100.0,96.8435,57.5225,39.8275
652,645,270,391,30,0.14,72.8,1.4,39,2026-10-11 10:55:00,PT5M,77.014,100.0,96.751,57.277,39.513
652,646,265,395,30,0.14,72.5,1.5,40,2026-10-11 11:00:00,PT5M,76.859,100.0,96.6663,57.0517,39.2245
652,646,259,399,30,0.14,72.2,1.6,42,2026-10-11 11:05:00,PT5M,76.702,100.0,96.5775,56.8265,38.938
651,646,254,403,30,0.14,71.9,1.6,43,2026-10-11 11:10:00,PT5M,76.508,100.0,96.4598,56.5562,38.599
650,645,249,406,30,0.14,71.7,1.7,44,2026-10-11 11:15:00,PT5M,76.274,100.0,96.3108,56.2372,38.2035
649,644,243,409,30,0.14,71.4,1.7,45,2026-10-11 11:20:00,PT5M,76.012,100.0,96.1382,55.8858,37.7715
647,642,238,412,30,0.14,71.1,1.8,46,2026-10-11 11:25:00,PT5M,75.721,100.0,95.9409,55.5011,37.3025
645,640,233,415,30,0.14,70.8,1.9,47,2026-10-11 11:30:00,PT5M,75.402,100.0,95.7188,55.0852,36.7995
642,637,226,417,30,0.14,70.6,1.9,47,2026-10-11 11:35:00,PT5M,74.996,100.0,95.4041,54.5879,36.22
638,633,220,420,30,0.14,70.4,1.9,46,2026-10-11 11:40:00,PT5M,74.5,100.0,94.9939,54.0061,35.561
634,629,213,422,30,0.14,70.2,1.9,44,2026-10-11 11:45:00,PT5M,74.075,100.0,94.6581,53.4919,34.9665
629,625,206,424,30,0.14,70.0,1.9,43,2026-10-11 11:50:00,PT5M,73.536,100.0,94.212,52.86,34.251
624,620,199,426,30,0.14,69.8,1.9,42,2026-10-11 11:55:00,PT5M,72.98,100.0,93.752,52.208,33.5125
619,614,192,427,30,0.14,69.6,1.9,41,2026-10-11 12:00:00,PT5M,72.418,100.0,93.289,51.547,32.7625
613,609,186,428,30,0.14,69.4,1.9,40,2026-10-11 12:05:00,PT5M,71.825,100.0,92.7981,50.8519,31.9755
607,603,179,429,30,0.14,69.2,1.9,39,2026-10-11 12:10:00,PT5M,71.199,100.0,92.2765,50.1215,31.151
600,597,172,430,30,0.14,69.0,1.9,38,2026-10-11 12:15:00,PT5M,70.539,100.0,91.7237,49.3543,30.2875
594,590,165,430,31,0.14,68.8,1.9,37,2026-10-11 12:20:00,PT5M,69.847,100.0,91.1409,48.5531,29.388
586,583,159,430,31,0.14,68.6,1.9,36,2026-10-11 12:25:00,PT5M,69.123,100.0,90.5276,47.7184,28.4535
579,576,152,430,31,0.14,68.4,1.9,35,2026-10-11 12:30:00,PT5M,68.366,100.0,89.8833,46.8487,27.4825
573,570,148,429,31,0.14,68.8,2.0,36,2026-10-11 12:35:00,PT5M,67.767,100.0,89.3785,46.1555,26.7045
568,565,145,427,30,0.14,69.7,2.0,40,2026-10-11 12:40:00,PT5M,67.321,100.0,89.0099,45.6321,26.1115
563,560,142,425,30,0.14,70.7,2.1,43,2026-10-11 12:45:00,PT5M,66.814,100.0,88.5868,45.0412,25.445
557,555,139,423,30,0.14,71.6,2.1,47,2026-10-11 12:50:00,PT5M,66.29,100.0,88.146,44.434,24.763
551,549,137,421,30,0.14,72.6,2.2,50,2026-10-11 12:55:00,PT5M,65.785,100.0,87.7178,43.8522,24.112
545,543,134,418,30,0.14,73.6,2.3,53,2026-10-11 13:00:00,PT5M,65.229,100.0,87.2434,43.2146,23.401
539,537,131,415,29,0.14,74.6,2.3,55,2026-10-11 13:05:00,PT5M,64.61,100.0,86.712,42.508,22.6155
532,530,128,412,29,0.14,75.6,2.4,58,2026-10-11 13:10:00,PT5M,63.951,100.0,86.1433,41.7587,21.785
525,523,125,409,29,0.14,76.6,2.5,60,2026-10-11 13:15:00,PT5M,63.258,100.0,85.5418,40.9742,20.918
518,516,122,406,29,0.14,77.7,2.6,62,2026-10-11 13:20:00,PT5M,62.537,100.0,84.9129,40.1611,20.022
511,509,119,402,28,0.14,78.7,2.7,64,2026-10-11 13:25:00,PT5M,61.788,100.0,84.2568,39.3192,19.0965
503,501,116,398,28,0.14,79.8,2.8,66,2026-10-11 13:30:00,PT5M,61.01,100.0,83.5723,38.4477,18.141
492,490,109,394,28,0.14,80.4,2.7,66,2026-10-11 13:35:00,PT5M,59.694,100.0,82.4052,36.9828,16.542
476,475,97,391,28,0.14,80.5,2.6,64,2026-10-11 13:40:00,PT5M,57.912,100.0,80.8237,35.0003,14.379
461,459,85,386,28,0.14,80.7,2.4,61,2026-10-11 13:45:00,PT5M,56.049,99.956,79.1576,32.9404,12.142
445,444,74,381,28,0.14,80.8,2.3,58,2026-10-11 13:50:00,PT5M,54.164,98.437,77.4652,30.8628,9.891
430,429,64,376,28,0.14,80.9,2.1,55,2026-10-11 13:55:00,PT5M,52.255,96.8865,75.7449,28.7651,7.6235
415,414,53,370,28,0.14,81.0,2.0,51,2026-10-11 14:00:00,PT5M,50.32,95.3035,73.9951,26.6449,5.3365
400,400,43,364,28,0.14,81.1,1.9,47,2026-10-11 14:05:00,PT5M,48.357,93.6845,72.2132,24.5008,3.0295
384,385,34,358,28,0.14,81.2,1.7,42,2026-10-11 14:10:00,PT5M,46.365,92.028,70.3978,22.3322,0.702
369,370,25,351,28,0.14,81.4,1.6,36,2026-10-11 14:15:00,PT5M,44.748,90.7445,68.9563,20.5397,0.0
355,355,16,343,28,0.14,81.5,1.5,30,2026-10-11 14:20:00,PT5M,42.743,89.064,67.1221,18.3639,0.0
340,341,7,335,28,0.14,81.6,1.5,23,2026-10-11 14:25:00,PT5M,40.735,87.3685,65.2785,16.1915,0.0
326,327,0,327,28,0.14,81.7,1.4,16,2026-10-11 14:30:00,PT5M,38.748,85.6815,63.4494,14.0466,0.0
314,315,0,315,28,0.14,81.9,1.4,11,2026-10-11 14:35:00,PT5M,37.366,84.508,62.1772,12.5548,0.0
306,307,0,307,28,0.14,82.1,1.3,10,2026-10-11 14:40:00,PT5M,36.296,83.563,61.173,11.419,0.0
297,298,0,298,28,0.14,82.3,1.2,9,2026-10-11 14:45:00,PT5M,35.216,82.552,60.1293,10.3027,0.0
289,290,0,290,27,0.14,82.5,1.1,7,2026-10-11 14:50:00,PT5M,34.157,81.332,58.9855,9.3285,0.0
280,281,0,281,27,0.14,82.7,1.0,4,2026-10-11 14:55:00,PT5M,33.092,80.0875,57.8261,8.3579,0.0
272,272,0,272,27,0.14,82.9,0.9,2,2026-10-11 15:00:00,PT5M,32.018,78.816,56.6481,7.3879,0.0
263,264,0,264,27,0.14,83.1,0.8,358,2026-10-11 15:05:00,PT5M,30.937,77.4575,55.4211,6.4529,0.0
254,255,0,255,27,0.14,83.3,0.7,354,2026-10-11 15:10:00,PT5M,29.842,76.12,54.1984,5.4856,0.0
245,246,0,246,27,0.14,83.5,0.6,349,2026-10-11 15:15:00,PT5M,28.729,74.741,52.9454,4.5126,0.0
236,237,0,237,27,0.14,83.7,0.6,342,2026-10-11 15:20:00,PT5M,27.609,73.3235,51.6689,3.5491,0.0
227,228,0,228,27,0.14,83.9,0.5,333,2026-10-11 15:25:00,PT5M,26.485,71.8665,50.3696,2.6004,0.0
218,219,0,219,27,0.14,84.1,0.4,322,2026-10-11 15:30:00,PT5M,25.358,70.362,49.0439,1.6721,0.0
210,211,0,211,27,0.14,84.4,0.4,321,2026-10-11 15:35:00,PT5M,24.372,68.844,47.7779,0.9661,0.0
202,203,0,203,27,0.14,84.9,0.3,337,2026-10-11 15:40:00,PT5M,23.46,67.2565,46.5104,0.4096,0.0
194,195,0,195,27,0.14,85.4,0.3,358,2026-10-11 15:45:00,PT5M,22.534,65.5725,45.1855,0.0,0.0
186,187,0,187,27,0.14,85.9,0.3,22,2026-10-11 15:50:00,PT5M,21.589,63.7955,43.8026,0.0,0.0
178,178,0,178,26,0.14,86.4,0.3,41,2026-10-11 15:55:00,PT5M,20.625,61.935,42.3667,0.0,0.0
169,170,0,170,26,0.14,86.9,0.4,53,2026-10-11 16:00:00,PT5M,19.639,59.995,40.8787,0.0,0.0
161,161,0,161,26,0.14,87.5,0.5,62,2026-10-11 16:05:00,PT5M,18.634,57.9835,39.3439,0.0,0.0
152,153,0,153,26,0.14,88.0,0.6,68,2026-10-11 16:10:00,PT5M,17.809,55.34,37.5618,0.0,0.0
144,144,0,144,26,0.14,88.5,0.7,72,2026-10-11 16:15:00,PT5M,16.999,52.015,35.4282,0.0,0.0
135,135,0,135,26,0.14,89.0,0.8,75,2026-10-11 16:20:00,PT5M,16.086,48.633,33.2157,0.0,0.0
126,127,0,127,26,0.14,89.5,0.9,77,2026-10-11 16:25:00,PT5M,15.118,45.214,30.9577,0.0,0.0
117,118,0,118,26,0.14,90.1,1.1,79,2026-10-11 16:30:00,PT5M,14.112,41.771,28.6691,0.0,0.0
108,109,0,109,26,0.14,90.5,1.1,79,2026-10-11 16:35:00,PT5M,13.034,38.3025,26.333,0.0,0.0
99,99,0,99,25,0.14,90.9,1.1,76,2026-10-11 16:40:00,PT5M,11.903,34.8385,23.9741,0.0,0.0
90,90,0,90,25,0.14,91.2,1.1,74,2026-10-11 16:45:00,PT5M,10.77,31.363,21.6082,0.0,0.0
81,81,0,81,25,0.14,91.6,1.1,72,2026-10-11 16:50:00,PT5M,9.639,27.991,19.2978,0.0,0.0
71,72,0,72,25,0.14,92.0,1.1,70,2026-10-11 16:55:00,PT5M,8.492,24.7005,17.0226,0.0,0.0
62,63,0,63,25,0.14,92.3,1.1,68,2026-10-11 17:00:00,PT5M,7.369,21.529,14.8215,0.0,0.0
54,54,0,54,25,0.14,92.7,1.1,66,2026-10-11 17:05:00,PT5M,6.205,18.349,12.5965,0.0,0.0
45,46,0,46,25,0.14,93.1,1.2,64,2026-10-11 17:10:00,PT5M,5.174,15.3325,10.5205,0.0,0.0
38,38,0,38,25,0.14,93.4,1.2,62,2026-10-11 17:15:00,PT5M,4.222,12.429,8.5414,0.0,0.0
30,30,0,30,25,0.14,93.8,1.2,60,2026-10-11 17:20:00,PT5M,3.257,9.5735,6.5814,0.0,0.0
24,24,0,24,25,0.14,94.2,1.2,58,2026-10-11 17:25:00,PT5M,2.383,6.94,4.7814,0.0,0.0
18,18,0,18,25,0.14,94.6,1.2,56,2026-10-11 17:30:00,PT5M,1.637,4.695,3.2464,0.0276,0.0
12,12,0,12,25,0.14,94.8,1.1,54,2026-10-11 17:35:00,PT5M,0.932,2.6,1.8099,0.0541,0.0
7,7,0,7,25,0.14,95.0,1.0,51,2026-10-11 17:40:00,PT5M,0.28,1.05,0.6853,0.0,0.0
3,3,0,3,25,0.14,95.2,0.9,46,2026-10-11 17:45:00,PT5M,0.0,0.112,0.0589,0.0,0.0
0,0,0,0,25,0.14,95.4,0.7,41,2026-10-11 17:50:00,PT5M,0.0,0.0,0.0,0.0,0.0
0,0,0,0,24,0.14,95.6,0.6,32,2026-10-11 17:55:00,PT5M,0.0,0.0,0.0,0.0,0.0
0,0,0,0,24,0.14,95.8,0.5,20,2026-10-11 18:00:00,PT5M,0.0,0.0,0.0,0.0,0.0
0,0,0,0,24,0.14,96.0,0.4,3,2026-10-11 18:05:00,PT5M,0.0,0.0,0.0,0.0,0.0
0,0,0,0,24,0.14,96.2,0.4,342,2026-10-11 18:10:00,PT5M,0.0,0.0,0.0,0.0,0.0
0,0,0,0,24,0.14,96.4,0.4,322,2026-10-11 18:15:00,PT5M,0.0,0.0,0.0,0.0,0.0
0,0,0,0,24,0.14,96.6,0.5,306,2026-10-11 18:20:00,PT5M,0.0,0.0,0.0,0.0,0.0
0,0,0,0,24,0.14,96.7,0.6,295,2026-10-11 18:25:00,PT5M,0.0,0.0,0.0,0.0,0.0
0,0,0,0,24,0.14,96.9,0.8,287,2026-10-11 18:30:00,PT5M,0.0,0.0,0.0,0.0,0.0
0,0,0,0,24,0.14,97.1,0.9,282,2026-10-11 18:35:00,PT5M,0.0,0.0,0.0,0.0,0.0
0,0,0,0,24,0.14,97.2,0.9,277,2026-10-11 18:40:00,PT5M,0.0,0.0,0.0,0.0,0.0
0,0,0,0,24,0.14,97.3,1.0,273,2026-10-11 18:45:00,PT5M,0.0,0.0,0.0,0.0,0.0
0,0,0,0,24,0.14,97.4,1.0,270,2026-10-11 18:50:00,PT5M,0.0,0.0,0.0,0.0,0.0
0,0,0,0,24,0.14,97.5,1.1,267,2026-10-11 18:55:00,PT5M,0.0,0.0,0.0,0.0,0.0
0,0,0,0,24,0.14,97.6,1.2,264,2026-10-11 19:00:00,PT5M,0.0,0.0,0.0,0.0,0.0
0,0,0,0,24,0.14,97.7,1.2,262,2026-10-11 19:05:00,PT5M,0.0,0.0,0.0,0.0,0.0
0,0,0,0,24,0.14,97.8,1.3,260,2026-10-11 19:10:00,PT5M,0.0,0.0,0.0,0.0,0.0
0,0,0,0,24,0.14,97.9,1.4,258,2026-10-11 19:15:00,PT5M,0.0,0.0,0.0,0.0,0.0
0,0,0,0,24,0.14,98.0,1.5,256,2026-10-11 19:20:00,PT5M,0.0,0.0,0.0,0.0,0.0
0,0,0,0,24,0.14,98.1,1.6,255,2026-10-11 19:25:00,PT5M,0.0,0.0,0.0,0.0,0.0
0,0,0,0,24,0.14,98.2,1.6,253,2026-10-11 19:30:00,PT5M,0.0,0.0,0.0,0.0,0.0
0,0,0,0,24,0.14,98.2,1.6,253,2026-10-11 19:35:00,PT5M,0.0,0.0,0.0,0.0,0.0
0,0,0,0,24,0.14,98.1,1.4,253,2026-10-11 19:40:00,PT5M,0.0,0.0,0.0,0.0,0.0
0,0,0,0,24,0.14,98.1,1.3,253,2026-10-11 19:45:00,PT5M,0.0,0.0,0.0,0.0,0.0
0,0,0,0,24,0.14,98.0,1.1,253,2026-10-11 19:50:00,PT5M,0.0,0.0,0.0,0.0,0.0
0,0,0,0,24,0.14,98.0,1.0,253,2026-10-11 19:55:00,PT5M,0.0,0.0,0.0,0.0,0.0
0,0,0,0,24,0.14,97.9,0.8,254,2026-10-11 20:00:00,PT5M,0.0,0.0,0.0,0.0,0.0
0,0,0,0,24,0.14,97.9,0.6,254,2026-10-11 20:05:00,PT5M,0.0,0.0,0.0,0.0,0.0
0,0,0,0,24,0.14,97.8,0.5,255,2026-10-11 20:10:00,PT5M,0.0,0.0,0.0,0.0,0.0
0,0,0,0,24,0.14,97.8,0.3,257,2026-10-11 20:15:00,PT5M,0.0,0.0,0.0,0.0,0.0
0,0,0,0,24,0.14,97.7,0.2,262,2026-10-11 20:20:00,PT5M,0.0,0.0,0.0,0.0,0.0
0,0,0,0,24,0.14,97.7,0.0,315,2026-10-11 20:25:00,PT5M,0.0,0.0,0.0,0.0,0.0
0,0,0,0,24,0.14,97.6,0.1,59,2026-10-11 20:30:00,PT5M,0.0,0.0,0.0,0.0,0.0
0,0,0,0,24,0.14,97.6,0.2,62,2026-10-11 20:35:00,PT5M,0.0,0.0,0.0,0.0,0.0
0,0,0,0,24,0.14,97.6,0.1,53,2026-10-11 20:40:00,PT5M,0.0,0.0,0.0,0.0,0.0
0,0,0,0,24,0.14,97.6,0.1,265,2026-10-11 20:45:00,PT5M,0.0,0.0,0.0,0.0,0.0
0,0,0,0,24,0.14,97.6,0.2,253,2026-10-11 20:50:00,PT5M,0.0,0.0,0.0,0.0,0.0
0,0,0,0,24,0.14,97.6,0.3,251,2026-10-11 20:55:00,PT5M,0.0,0.0,0.0,0.0,0.0
0,0,0,0,24,0.14,97.6,0.4,250,2026-10-11 21:00:00,PT5M,0.0,0.0,0.0,0.0,0.0
0,0,0,0,24,0.14,97.6,0.5,249,2026-10-11 21:05:00,PT5M,0.0,0.0,0.0,0.0,0.0
0,0,0,0,24,0.14,97.6,0.6,249,2026-10-11 21:10:00,PT5M,0.0,0.0,0.0,0.0,0.0
0,0,0,0,24,0.14,97.6,0.7,249,2026-10-11 21:15:00,PT5M,0.0,0.0,0.0,0.0,0.0
0,0,0,0,24,0.14,97.6,0.8,248,2026-10-11 21:20:00,PT5M,0.0,0.0,0.0,0.0,0.0
0,0,0,0,24,0.14,97.6,0.9,248,2026-10-11 21:25:00,PT5M,0.0,0.0,0.0,0.0,0.0
0,0,0,0,24,0.14,97.6,1.0,248,2026-10-11 21:30:00,PT5M,0.0,0.0,0.0,0.0,0.0
0,0,0,0,24,0.14,97.7,1.1,246,2026-10-11 21:35:00,PT5M,0.0,0.0,0.0,0.0,0.0
0,0,0,0,24,0.14,97.8,1.0,242,2026-10-11 21:40:00,PT5M,0.0,0.0,0.0,0.0,0.0
0,0,0,0,23,0.14,98.0,1.0,238,2026-10-11 21:45:00,PT5M,0.0,0.0,0.0,0.0,0.0
0,0,0,0,23,0.14,98.1,1.0,234,2026-10-11 21:50:00,PT5M,0.0,0.0,0.0,0.0,0.0
0,0,0,0,23,0.14,98.3,1.0,229,2026-10-11 21:55:00,PT5M,0.0,0.0,0.0,0.0,0.0
0,0,0,0,23,0.14,98.4,1.0,225,2026-10-11 22:00:00,PT5M,0.0,0.0,0.0,0.0,0.0
0,0,0,0,23,0.14,98.6,1.0,221,2026-10-11 22:05:00,PT5M,0.0,0.0,0.0,0.0,0.0
0,0,0,0,23,0.14,98.7,1.0,217,2026-10-11 22:10:00,PT5M,0.0,0.0,0.0,0.0,0.0
0,0,0,0,23,0.14,98.9,1.1,213,2026-10-11 22:15:00,PT5M,0.0,0.0,0.0,0.0,0.0
0,0,0,0,23,0.14,99.0,1.1,209,2026-10-11 22:20:00,PT5M,0.0,0.0,0.0,0.0,0.0
0,0,0,0,23,0.14,99.2,1.1,205,2026-10-11 22:25:00,PT5M,0.0,0.0,0.0,0.0,0.0
0,0,0,0,23,0.14,99.3,1.2,202,2026-10-11 22:30:00,PT5M,0.0,0.0,0.0,0.0,0.0
0,0,0,0,23,0.14,99.4,1.1,200,2026-10-11 22:35:00,PT5M,0.0,0.0,0.0,0.0,0.0
0,0,0,0,23,0.14,99.4,1.1,199,2026-10-11 22:40:00,PT5M,0.0,0.0,0.0,0.0,0.0
0,0,0,0,23,0.14,99.4,1.0,198,2026-10-11 22:45:00,PT5M,0.0,0.0,0.0,0.0,0.0
0,0,0,0,23,0.14,99.4,1.0,197,2026-10-11 22:50:00,PT5M,0.0,0.0,0.0,0.0,0.0
0,0,0,0,23,0.14,99.4,0.9,195,2026-10-11 22:55:00,PT5M,0.0,0.0,0.0,0.0,0.0
0,0,0,0,23,0.14,99.4,0.9,194,2026-10-11 23:00:00,PT5M,0.0,0.0,0.0,0.0,0.0
0,0,0,0,23,0.14,99.4,0.8,192,2026-10-11 23:05:00,PT5M,0.0,0.0,0.0,0.0,0.0
0,0,0,0,23,0.14,99.4,0.8,191,2026-10-11 23:10:00,PT5M,0.0,0.0,0.0,0.0,0.0
0,0,0,0,23,0.14,99.4,0.8,189,2026-10-11 23:15:00,PT5M,0.0,0.0,0.0,0.0,0.0
0,0,0,0,23,0.14,99.4,0.7,187,2026-10-11 23:20:00,PT5M,0.0,0.0,0.0,0.0,0.0
0,0,0,0,23,0.14,99.4,0.7,184,2026-10-11 23:25:00,PT5M,0.0,0.0,0.0,0.0,0.0
0,0,0,0,23,0.14,99.4,0.6,182,2026-10-11 23:30:00,PT5M,0.0,0.0,0.0,0.0,0.0
0,0,0,0,23,0.14,99.4,0.6,181,2026-10-11 23:35:00,PT5M,0.0,0.0,0.0,0.0,0.0
0,0,0,0,23,0.14,99.3,0.6,182,2026-10-11 23:40:00,PT5M,0.0,0.0,0.0,0.0,0.0
0,0,0,0,23,0.14,99.3,0.6,184,2026-10-11 23:45:00,PT5M,0.0,0.0,0.0,0.0,0.0
0,0,0,0,23,0.14,99.2,0.5,186,2026-10-11 23:50:00,PT5M,0.0,0.0,0.0,0.0,0.0
0,0,0,0,23,0.14,99.2,0.5,188,2026-10-11 23:55:00,PT5M,0.0,0.0,0.0,0.0,0.0
0,0,0,0,23,0.14,99.1,0.5,190,2026-10-12 00:00:00,PT5M,0.0,0.0,0.0,0.0,0.0
0,0,0,0,23,0.14,99.1,0.5,192,2026-10-12 00:05:00,PT5M,0.0,0.0,0.0,0.0,0.0
0,0,0,0,23,0.14,99.0,0.5,195,2026-10-12 00:10:00,PT5M,0.0,0.0,0.0,0.0,0.0
0,0,0,0,23,0.14,99.0,0.5,197,2026-10-12 00:15:00,PT5M,0.0,0.0,0.0,0.0,0.0
0,0,0,0,23,0.14,98.9,0.5,200,2026-10-12 00:20:00,PT5M,0.0,0.0,0.0,0.0,0.0
0,0,0,0,23,0.14,98.9,0.5,202,2026-10-12 00:25:00,PT5M,0.0,0.0,0.0,0.0,0.0
0,0,0,0,23,0.14,98.8,0.5,205,2026-10-12 00:30:00,PT5M,0.0,0.0,0.0,0.0,0.0
0,0,0,0,23,0.14,98.8,0.4,209,2026-10-12 00:35:00,PT5M,0.0,0.0,0.0,0.0,0.0
0,0,0,0,23,0.14,98.8,0.5,214,2026-10-12 00:40:00,PT5M,0.0,0.0,0.0,0.0,0.0
0,0,0,0,23,0.14,98.8,0.5,218,2026-10-12 00:45:00,PT5M,0.0,0.0,0.0,0.0,0.0
0,0,0,0,23,0.14,98.8,0.5,223,2026-10-12 00:50:00,PT5M,0.0,0.0,0.0,0.0,0.0
0,0,0,0,23,0.14,98.8,0.5,227,2026-10-12 00:55:00,PT5M,0.0,0.0,0.0,0.0,0.0
0,0,0,0,23,0.14,98.8,0.5,231,2026-10-12 01:00:00,PT5M,0.0,0.0,0.0,0.0,0.0
0,0,0,0,23,0.14,98.8,0.5,235,2026-10-12 01:05:00,PT5M,0.0,0.0,0.0,0.0,0.0
0,0,0,0,23,0.14,98.8,0.5,239,2026-10-12 01:10:00,PT5M,0.0,0.0,0.0,0.0,0.0
0,0,0,0,23,0.14,98.8,0.5,242,2026-10-12 01:15:00,PT5M,0.0,0.0,0.0,0.0,0.0
0,0,0,0,23,0.14,98.8,0.6,245,2026-10-12 01:20:00,PT5M,0.0,0.0,0.0,0.0,0.0
0,0,0,0,23,0.14,98.8,0.6,248,2026-10-12 01:25:00,PT5M,0.0,0.0,0.0,0.0,0.0
0,0,0,0,23,0.14,98.8,0.6,250,2026-10-12 01:30:00,PT5M,0.0,0.0,0.0,0.0,0.0
0,0,0,0,23,0.14,98.8,0.6,253,2026-10-12 01:35:00,PT5M,0.0,0.0,0.0,0.0,0.0
0,0,0,0,23,0.14,98.8,0.7,255,2026-10-12 01:40:00,PT5M,0.0,0.0,0.0,0.0,0.0
0,0,0,0,23,0.14,98.8,0.7,257,2026-10-12 01:45:00,PT5M,0.0,0.0,0.0,0.0,0.0
0,0,0,0,23,0.14,98.8,0.7,258,2026-10-12 01:50:00,PT5M,0.0,0.0,0.0,0.0,0.0
0,0,0,0,23,0.14,98.8,0.7,260,2026-10-12 01:55:00,PT5M,0.0,0.0,0.0,0.0,0.0
0,0,0,0,23,0.14,98.8,0.7,262,2026-10-12 02:00:00,PT5M,0.0,0.0,0.0,0.0,0.0
0,0,0,0,23,0.14,98.8,0.8,263,2026-10-12 02:05:00,PT5M,0.0,0.0,0.0,0.0,0.0
0,0,0,0,23,0.14,98.8,0.8,265,2026-10-12 02:10:00,PT5M,0.0,0.0,0.0,0.0,0.0
0,0,0,0,23,0.14,98.8,0.8,266,2026-10-12 02:15:00,PT5M,0.0,0.0,0.0,0.0,0.0
0,0,0,0,23,0.14,98.8,0.8,267,2026-10-12 02:20:00,PT5M,0.0,0.0,0.0,0.0,0.0
0,0,0,0,23,0.14,98.8,0.9,268,2026-10-12 02:25:00,PT5M,0.0,0.0,0.0,0.0,0.0
0,0,0,0,23,0.14,98.8,0.9,269,2026-10-12 02:30:00,PT5M,0.0,0.0,0.0,0.0,0.0
0,0,0,0,23,0.14,98.8,0.9,271,2026-10-12 02:35:00,PT5M,0.0,0.0,0.0,0.0,0.0
0,0,0,0,23,0.14,98.8,0.9,272,2026-10-12 02:40:00,PT5M,0.0,0.0,0.0,0.0,0.0
0,0,0,0,23,0.14,98.8,0.9,273,2026-10-12 02:45:00,PT5M,0.0,0.0,0.0,0.0,0.0
0,0,0,0,23,0.14,98.8,0.8,274,2026-10-12 02:50:00,PT5M,0.0,0.0,0.0,0.0,0.0
0,0,0,0,23,0.14,98.8,0.8,275,2026-10-12 02:55:00,PT5M,0.0,0.0,0.0,0.0,0.0
0,0,0,0,23,0.14,98.8,0.8,276,2026-10-12 03:00:00,PT5M,0.0,0.0,0.0,0.0,0.0
0,0,0,0,23,0.14,98.8,0.8,278,2026-10-12 03:05:00,PT5M,0.0,0.0,0.0,0.0,0.0
0,0,0,0,23,0.14,98.8,0.8,279,2026-10-12 03:10:00,PT5M,0.0,0.0,0.0,0.0,0.0
0,0,0,0,23,0.14,98.8,0.8,281,2026-10-12 03:15:00,PT5M,0.0,0.0,0.0,0.0,0.0
0,0,0,0,23,0.14,98.8,0.8,282,2026-10-12 03:20:00,PT5M,0.0,0.0,0.0,0.0,0.0
0,0,0,0,23,0.14,98.8,0.7,284,2026-10-12 03:25:00,PT5M,0.0,0.0,0.0,0.0,0.0
0,0,0,0,23,0.14,98.8,0.7,285,2026-10-12 03:30:00,PT5M,0.0,0.0,0.0,0.0,0.0
0,0,0,0,23,0.14,98.7,0.7,286,2026-10-12 03:35:00,PT5M,0.0,0.0,0.0,0.0,0.0
0,0,0,0,23,0.14,98.6,0.7,287,2026-10-12 03:40:00,PT5M,0.0,0.0,0.0,0.0,0.0
0,0,0,0,23,0.14,98.5,0.7,288,2026-10-12 03:45:00,PT5M,0.0,0.0,0.0,0.0,0.0
0,0,0,0,23,0.14,98.4,0.7,289,2026-10-12 03:50:00,PT5M,0.0,0.0,0.0,0.0,0.0
0,0,0,0,23,0.14,98.3,0.7,290,2026-10-12 03:55:00,PT5M,0.0,0.0,0.0,0.0,0.0
0,0,0,0,23,0.14,98.2,0.7,291,2026-10-12 04:00:00,PT5M,0.0,0.0,0.0,0.0,0.0
0,0,0,0,23,0.14,98.1,0.7,291,2026-10-12 04:05:00,PT5M,0.0,0.0,0.0,0.0,0.0
0,0,0,0,23,0.14,98.0,0.7,292,2026-10-12 04:10:00,PT5M,0.0,0.0,0.0,0.0,0.0
0,0,0,0,23,0.14,98.0,0.7,293,2026-10-12 04:15:00,PT5M,0.0,0.0,0.0,0.0,0.0
0,0,0,0,23,0.14,97.9,0.7,294,2026-10-12 04:20:00,PT5M,0.0,0.0,0.0,0.0,0.0
0,0,0,0,23,0.14,97.8,0.7,295,2026-10-12 04:25:00,PT5M,0.0,0.0,0.0,0.0,0.0
0,0,0,0,23,0.14,97.7,0.7,296,2026-10-12 04:30:00,PT5M,0.0,0.0,0.0,0.0,0.0
0,0,0,0,23,0.14,97.6,0.7,298,2026-10-12 04:35:00,PT5M,0.0,0.0,0.0,0.0,0.0
0,0,0,0,23,0.14,97.5,0.7,299,2026-10-12 04:40:00,PT5M,0.0,0.0,0.0,0.0,0.0
0,0,0,0,23,0.14,97.5,0.7,301,2026-10-12 04:45:00,PT5M,0.0,0.0,0.0,0.0,0.0
0,0,0,0,23,0.14,97.4,0.6,303,2026-10-12 04:50:00,PT5M,0.0,0.0,0.0,0.0,0.0
0,0,0,0,23,0.14,97.4,0.6,306,2026-10-12 04:55:00,PT5M,0.0,0.0,0.0,0.0,0.0
0,0,0,0,23,0.14,97.3,0.6,308,2026-10-12 05:00:00,PT5M,0.0,0.0,0.0,0.0,0.0
0,0,0,0,23,0.14,97.3,0.6,310,2026-10-12 05:05:00,PT5M,0.0,0.0,0.0,0.0,0.0
0,0,0,0,23,0.14,97.2,0.6,312,2026-10-12 05:10:00,PT5M,0.0,0.0,0.0,0.0,0.0
0,0,0,0,23,0.14,97.2,0.6,314,2026-10-12 05:15:00,PT5M,0.0,0.0,0.0,0.0,0.0
0,0,0,0,23,0.14,97.1,0.6,316,2026-10-12 05:20:00,PT5M,0.0,0.0,0.0,0.0,0.0
0,0,0,0,23,0.14,97.1,0.6,318,2026-10-12 05:25:00,PT5M,0.0,0.0,0.0,0.0,0.0
0,0,0,0,23,0.14,97.0,0.6,320,2026-10-12 05:30:00,PT5M,0.0,0.0,0.0,0.0,0.0
0,0,0,0,23,0.14,96.8,0.6,323,2026-10-12 05:35:00,PT5M,0.0,0.0,0.0,0.0,0.0
0,0,0,0,23,0.14,96.4,0.6,325,2026-10-12 05:40:00,PT5M,0.0,0.0,0.0,0.0,0.0
0,0,0,0,23,0.14,96.0,0.6,328,2026-10-12 05:45:00,PT5M,0.0,0.0,0.0,0.0,0.0
0,0,0,0,24,0.14,95.7,0.6,331,2026-10-12 05:50:00,PT5M,0.0,0.0,0.0,0.0,0.0
0,0,0,0,24,0.14,95.3,0.6,333,2026-10-12 05:55:00,PT5M,0.0,0.0,0.0,0.0,0.0
5,5,0,5,24,0.14,94.9,0.6,336,2026-10-12 06:00:00,PT5M,0.0,0.0135,0.0071,0.0,0.0
13,13,0,13,24,0.14,94.5,0.7,339,2026-10-12 06:05:00,PT5M,1.095,1.746,1.4376,0.7524,0.444
23,23,1,22,24,0.14,94.1,0.7,341,2026-10-12 06:10:00,PT5M,2.38,3.743,3.0974,1.6626,1.017
34,33,33,31,24,0.14,93.8,0.7,344,2026-10-12 06:15:00,PT5M,4.062,6.56,5.3767,2.7473,1.564
47,46,69,38,24,0.14,93.4,0.7,346,2026-10-12 06:20:00,PT5M,6.217,10.079,8.2496,4.1844,2.355
60,59,101,46,24,0.14,93.0,0.7,348,2026-10-12 06:25:00,PT5M,8.855,14.2325,11.6852,6.0248,3.4775
76,73,135,54,24,0.14,92.7,0.7,351,2026-10-12 06:30:00,PT5M,12.012,19.086,15.7351,8.2889,4.938
92,89,170,60,25,0.14,92.3,0.7,353,2026-10-12 06:35:00,PT5M,15.465,24.335,20.1333,10.7967,6.595
109,105,204,67,25,0.14,92.0,0.7,356,2026-10-12 06:40:00,PT5M,19.12,29.833,24.7583,13.4817,8.407
127,123,237,73,25,0.14,91.7,0.8,359,2026-10-12 06:45:00,PT5M,23.013,35.5065,29.5884,16.4376,10.5195
146,140,269,79,25,0.14,91.4,0.8,1,2026-10-12 06:50:00,PT5M,27.117,41.401,34.6348,19.5992,12.833
165,159,300,84,25,0.14,91.0,0.8,4,2026-10-12 06:55:00,PT5M,31.385,47.5375,39.8862,22.8838,15.2325
183,177,325,89,25,0.14,90.7,0.8,6,2026-10-12 07:00:00,PT5M,35.638,53.757,45.1742,26.1018,17.519
202,195,344,95,25,0.14,90.4,0.9,8,2026-10-12 07:05:00,PT5M,39.835,59.9875,50.4414,29.2286,19.6825
220,213,363,100,25,0.14,90.1,0.9,10,2026-10-12 07:10:00,PT5M,44.112,66.328,55.8044,32.4196,21.896
239,232,380,105,25,0.14,89.8,0.9,11,2026-10-12 07:15:00,PT5M,48.436,72.733,61.2237,35.6483,24.139
258,250,396,110,25,0.14,89.5,1.0,13,2026-10-12 07:20:00,PT5M,52.767,79.1515,66.6534,38.8806,26.3825
277,268,412,115,26,0.14,89.2,1.0,15,2026-10-12 07:25:00,PT5M,57.109,85.5815,72.0943,42.1237,28.6365
295,287,426,120,26,0.14,88.9,1.0,16,2026-10-12 07:30:00,PT5M,61.466,92.038,77.5563,45.3757,30.894
314,305,439,125,26,0.14,88.6,1.1,17,2026-10-12 07:35:00,PT5M,65.781,98.5105,83.0068,48.5552,33.0515
332,323,450,129,26,0.14,88.2,1.1,19,2026-10-12 07:40:00,PT5M,69.624,100.0,87.8713,51.3767,34.9535
351,341,461,134,26,0.14,87.9,1.1,20,2026-10-12 07:45:00,PT5M,71.61,100.0,90.1694,53.0506,36.3465
369,359,472,138,26,0.14,87.5,1.2,21,2026-10-12 07:50:00,PT5M,73.507,100.0,92.3556,54.6584,37.694
387,377,481,142,26,0.14,87.2,1.2,22,2026-10-12 07:55:00,PT5M,75.307,100.0,94.4204,56.1936,38.991
405,395,491,147,26,0.14,86.8,1.2,23,2026-10-12 08:00:00,PT5M,77.001,100.0,96.3504,57.6516,40.2365
423,412,500,151,26,0.14,86.5,1.3,24,2026-10-12 08:05:00,PT5M,78.572,100.0,98.1235,59.0205,41.4235
441,430,508,155,26,0.14,86.2,1.3,25,2026-10-12 08:10:00,PT5M,80.009,100.0,99.7229,60.2951,42.552
458,447,516,159,27,0.14,85.8,1.3,26,2026-10-12 08:15:00,PT5M,81.304,100.0,100.0,61.4704,43.6195
475,464,523,162,27,0.14,85.5,1.4,26,2026-10-12 08:20:00,PT5M,82.447,100.0,100.0,62.5142,44.574
492,481,530,166,27,0.14,85.2,1.4,27,2026-10-12 08:25:00,PT5M,83.465,100.0,100.0,63.498,45.527
509,497,536,170,27,0.14,84.8,1.5,28,2026-10-12 08:30:00,PT5M,84.413,100.0,100.0,64.4294,46.4435
524,512,539,174,27,0.14,84.4,1.5,29,2026-10-12 08:35:00,PT5M,85.071,100.0,100.0,65.0711,47.0705
538,526,538,180,27,0.14,83.9,1.5,30,2026-10-12 08:40:00,PT5M,85.453,100.0,100.0,65.432,47.4125
552,540,537,186,27,0.14,83.3,1.6,31,2026-10-12 08:45:00,PT5M,85.796,100.0,100.0,65.759,47.725
565,553,535,192,27,0.14,82.8,1.6,32,2026-10-12 08:50:00,PT5M,86.11,100.0,100.0,66.0627,48.0195
577,565,533,197,27,0.14,82.3,1.6,33,2026-10-12 08:55:00,PT5M,86.396,100.0,100.0,66.4126,48.427
590,578,531,203,27,0.14,81.8,1.7,34,2026-10-12 09:00:00,PT5M,86.656,100.0,100.0,66.8174,48.962
602,590,530,208,28,0.14,81.2,1.7,35,2026-10-12 09:05:00,PT5M,86.998,100.0,100.0,67.3041,49.579
614,602,530,213,28,0.14,80.7,1.7,35,2026-10-12 09:10:00,PT5M,87.331,100.0,100.0,67.7784,50.1805
626,614,529,218,28,0.14,80.2,1.8,36,2026-10-12 09:15:00,PT5M,87.641,100.0,100.0,68.225,50.75
637,625,527,224,28,0.14,79.7,1.8,37,2026-10-12 09:20:00,PT5M,87.927,100.0,100.0,68.6426,51.286
648,636,526,229,28,0.14,79.2,1.9,38,2026-10-12 09:25:00,PT5M,88.193,100.0,100.0,69.0352,51.7925
658,646,524,234,28,0.14,78.7,1.9,38,2026-10-12 09:30:00,PT5M,88.437,100.0,100.0,69.401,52.268
669,657,525,238,28,0.14,78.2,1.9,39,2026-10-12 09:35:00,PT5M,88.797,100.0,100.0,69.9039,52.8995
681,668,527,241,28,0.14,77.7,2.0,39,2026-10-12 09:40:00,PT5M,89.269,100.0,100.0,70.5414,53.686
692,679,529,244,28,0.14,77.2,2.0,40,2026-10-12 09:45:00,PT5M,89.699,100.0,100.0,71.1325,54.422
702,689,530,248,28,0.14,76.7,2.0,40,2026-10-12 09:50:00,PT5M,90.07,100.0,100.0,71.6585,55.0875
712,699,531,251,28,0.14,76.2,2.1,41,2026-10-12 09:55:00,PT5M,90.419,100.0,100.0,72.1572,55.721
721,708,531,254,29,0.14,75.8,2.1,41,2026-10-12 10:00:00,PT5M,90.744,100.0,100.0,72.6269,56.321
730,717,532,257,29,0.14,75.3,2.1,41,2026-10-12 10:05:00,PT5M,91.046,100.0,100.0,73.0692,56.8895
739,726,532,260,29,0.14,74.8,2.2,42,2026-10-12 10:10:00,PT5M,91.326,100.0,100.0,73.4852,57.428
747,734,533,263,29,0.14,74.3,2.2,42,2026-10-12 10:15:00,PT5M,91.584,100.0,100.0,73.8751,57.9365
755,742,533,266,29,0.14,73.9,2.2,42,2026-10-12 10:20:00,PT5M,91.799,100.0,100.0,74.218,58.3945
762,749,533,269,29,0.14,73.4,2.3,43,2026-10-12 10:25:00,PT5M,92.008,100.0,100.0,74.5509,58.839
769,756,533,272,29,0.14,73.0,2.3,43,2026-10-12 10:30:00,PT5M,92.197,100.0,100.0,74.8604,59.257
775,762,533,274,29,0.14,72.5,2.4,43,2026-10-12 10:35:00,PT5M,92.363,100.0,100.0,75.122,59.6045
781,768,532,277,29,0.14,72.0,2.4,44,2026-10-12 10:40:00,PT5M,92.54,100.0,100.0,75.3677,59.912
787,774,531,280,29,0.14,71.6,2.4,44,2026-10-12 10:45:00,PT5M,92.658,100.0,100.0,75.5472,60.147
792,778,531,282,30,0.14,71.1,2.5,44,2026-10-12 10:50:00,PT5M,92.749,100.0,100.0,75.6909,60.338
796,783,530,285,30,0.14,70.7,2.5,45,2026-10-12 10:55:00,PT5M,92.799,100.0,100.0,75.7724,60.448
800,787,529,287,30,0.14,70.3,2.5,45,2026-10-12 11:00:00,PT5M,92.847,100.0,100.0,75.8618,60.5745
804,791,527,289,30,0.14,69.8,2.6,45,2026-10-12 11:05:00,PT5M,92.884,100.0,100.0,75.943,60.6955
807,794,526,291,30,0.14,69.4,2.6,45,2026-10-12 11:10:00,PT5M,92.894,100.0,100.0,75.9859,60.768
810,796,525,293,30,0.14,68.9,2.6,46,2026-10-12 11:15:00,PT5M,92.875,100.0,100.0,75.9887,60.7905
812,799,523,295,30,0.14,68.5,2.7,46,2026-10-12 11:20:00,PT5M,92.833,100.0,100.0,75.9625,60.7785
813,800,521,297,30,0.14,68.1,2.7,46,2026-10-12 11:25:00,PT5M,92.769,100.0,100.0,75.908,60.7325
815,802,520,299,30,0.14,67.7,2.7,46,2026-10-12 11:30:00,PT5M,92.681,100.0,100.0,75.8244,60.653
814,801,515,302,30,0.14,67.7,2.7,46,2026-10-12 11:35:00,PT5M,92.474,100.0,100.0,75.6064,60.425
812,799,508,306,30,0.14,68.3,2.7,46,2026-10-12 11:40:00,PT5M,92.15,100.0,100.0,75.2561,60.051
809,797,501,310,30,0.14,68.9,2.6,46,2026-10-12 11:45:00,PT5M,91.801,100.0,100.0,74.8747,59.6405
806,793,493,314,30,0.14,69.4,2.5,46,2026-10-12 11:50:00,PT5M,91.427,100.0,100.0,74.4623,59.1935
802,790,486,318,30,0.14,70.0,2.5,46,2026-10-12 11:55:00,PT5M,91.075,100.0,100.0,74.0653,58.756
798,786,478,321,30,0.14,70.6,2.4,46,2026-10-12 12:00:00,PT5M,90.769,100.0,100.0,73.7088,58.354
793,781,471,324,30,0.14,71.2,2.3,46,2026-10-12 12:05:00,PT5M,90.437,100.0,100.0,73.3202,57.9145
788,777,463,328,30,0.14,71.7,2.3,46,2026-10-12 12:10:00,PT5M,90.077,100.0,100.0,72.8978,57.436
783,771,455,331,29,0.14,72.3,2.2,46,2026-10-12 12:15:00,PT5M,89.688,100.0,100.0,72.4409,56.918
777,765,448,333,29,0.14,72.9,2.1,45,2026-10-12 12:20:00,PT5M,89.27,100.0,100.0,71.9495,56.3605
770,759,440,336,29,0.14,73.5,2.1,45,2026-10-12 12:25:00,PT5M,88.823,100.0,100.0,71.4243,55.765
763,753,432,338,29,0.14,74.2,2.0,45,2026-10-12 12:30:00,PT5M,88.346,100.0,100.0,70.8647,55.131
756,746,424,340,29,0.14,74.8,1.9,45,2026-10-12 12:35:00,PT5M,87.842,100.0,100.0,70.251,54.4185
749,738,416,342,29,0.14,75.3,1.9,45,2026-10-12 12:40:00,PT5M,87.308,100.0,100.0,69.5799,53.624
741,731,409,344,29,0.14,75.9,1.8,45,2026-10-12 12:45:00,PT5M,86.731,100.0,100.0,68.8545,52.765
733,722,401,345,29,0.14,76.5,1.7,45,2026-10-12 12:50:00,PT5M,86.132,100.0,100.0,68.1089,51.8875
724,714,393,346,29,0.14,77.1,1.7,45,2026-10-12 12:55:00,PT5M,85.525,100.0,100.0,67.3658,51.022
715,705,385,347,28,0.14,77.7,1.6,45,2026-10-12 13:00:00,PT5M,84.873,100.0,100.0,66.5675,50.092
705,696,378,347,28,0.14,78.3,1.5,45,2026-10-12 13:05:00,PT5M,84.175,100.0,100.0,65.7137,49.098
696,687,370,348,28,0.14,79.0,1.4,45,2026-10-12 13:10:00,PT5M,83.437,100.0,100.0,64.8155,48.0555
686,677,362,348,28,0.14,79.6,1.4,45,2026-10-12 13:15:00,PT5M,82.662,100.0,100.0,63.8776,46.971
675,667,354,347,28,0.14,80.2,1.3,45,2026-10-12 13:20:00,PT5M,81.788,100.0,100.0,62.8394,45.785
665,656,346,347,28,0.14,80.8,1.2,45,2026-10-12 13:25:00,PT5M,80.95,100.0,100.0,61.8358,44.6325
654,646,339,346,28,0.14,81.5,1.2,45,2026-10-12 13:30:00,PT5M,80.078,100.0,99.359,60.797,43.4435
640,632,326,346,28,0.14,82.1,1.1,45,2026-10-12 13:35:00,PT5M,78.788,100.0,98.2898,59.2862,41.734
622,615,309,347,28,0.14,82.8,1.0,45,2026-10-12 13:40:00,PT5M,77.077,100.0,96.8501,57.3039,39.5075
605,598,292,348,28,0.14,83.5,1.0,45,2026-10-12 13:45:00,PT5M,75.326,100.0,95.368,55.284,37.2455
587,581,276,347,27,0.14,84.2,0.9,45,2026-10-12 13:50:00,PT5M,73.536,100.0,93.8441,53.2279,34.95
570,564,260,346,27,0.14,84.9,0.8,45,2026-10-12 13:55:00,PT5M,71.707,100.0,92.2788,51.1352,32.62
553,547,245,345,27,0.14,85.6,0.7,45,2026-10-12 14:00:00,PT5M,69.838,100.0,90.6708,49.0052,30.255
535,530,230,343,27,0.14,86.3,0.7,45,2026-10-12 14:05:00,PT5M,67.908,100.0,88.9995,46.8165,27.8335
517,512,215,340,27,0.14,87.1,0.6,45,2026-10-12 14:10:00,PT5M,65.918,100.0,87.2645,44.5715,25.359
500,495,200,337,27,0.14,87.8,0.5,45,2026-10-12 14:15:00,PT5M,63.909,100.0,85.5058,42.3122,22.8745
482,478,186,334,27,0.14,88.5,0.5,45,2026-10-12 14:20:00,PT5M,61.872,100.0,83.7143,40.0297,20.371
465,461,173,330,27,0.14,89.3,0.4,45,2026-10-12 14:25:00,PT5M,59.807,100.0,81.8893,37.7247,17.85
448,445,159,325,27,0.14,90.0,0.3,45,2026-10-12 14:30:00,PT5M,57.717,100.0,80.0408,35.3932,15.301
432,429,148,320,27,0.14,90.5,0.3,40,2026-10-12 14:35:00,PT5M,55.818,98.6365,78.3537,33.2823,12.9995
418,415,139,315,26,0.14,90.6,0.3,29,2026-10-12 14:40:00,PT5M,54.098,97.254,76.8113,31.3847,10.942
404,402,129,310,26,0.14,90.7,0.3,17,2026-10-12 14:45:00,PT5M,52.344,95.8325,75.2323,29.4557,8.8555
390,388,121,305,26,0.14,90.9,0.3,6,2026-10-12 14:50:00,PT5M,50.627,94.206,73.5629,27.6911,7.048
377,374,112,299,26,0.14,91.0,0.3,355,2026-10-12 14:55:00,PT5M,48.871,92.3925,71.7767,25.9653,5.3495
363,361,103,293,26,0.14,91.1,0.3,346,2026-10-12 15:00:00,PT5M,47.297,90.731,70.1566,24.4374,3.863
349,347,95,286,26,0.14,91.3,0.3,338,2026-10-12 15:05:00,PT5M,45.47,88.723,68.2344,22.7056,2.217
335,334,86,280,26,0.14,91.4,0.4,332,2026-10-12 15:10:00,PT5M,43.596,86.685,66.274,20.918,0.507
321,320,78,273,26,0.14,91.5,0.4,327,2026-10-12 15:15:00,PT5M,41.673,84.5605,64.245,19.101,0.0
308,307,69,265,26,0.14,91.7,0.5,322,2026-10-12 15:20:00,PT5M,39.707,82.347,62.1487,17.2653,0.0
294,293,61,258,26,0.14,91.8,0.5,319,2026-10-12 15:25:00,PT5M,37.7,80.04,59.9838,15.4162,0.0
280,280,52,250,26,0.14,91.9,0.5,316,2026-10-12 15:30:00,PT5M,35.649,77.624,57.7407,13.5573,0.0
267,267,46,242,26,0.14,92.1,0.6,314,2026-10-12 15:35:00,PT5M,33.814,75.3535,55.6765,11.9515,0.0
255,255,40,234,26,0.14,92.2,0.6,312,2026-10-12 15:40:00,PT5M,32.139,73.2025,53.751,10.527,0.0
243,243,35,225,26,0.14,92.3,0.7,310,2026-10-12 15:45:00,PT5M,30.431,70.935,51.7485,9.1135,0.0
231,231,30,216,26,0.14,92.5,0.7,309,2026-10-12 15:50:00,PT5M,29.009,68.88,49.9934,8.0246,0.0
219,219,24,207,26,0.14,92.6,0.8,307,2026-10-12 15:55:00,PT5M,27.229,66.404,47.8471,6.6109,0.0
206,207,19,198,26,0.14,92.7,0.8,306,2026-10-12 16:00:00,PT5M,25.417,63.8395,45.639,5.195,0.0
194,195,13,189,26,0.14,92.9,0.9,305,2026-10-12 16:05:00,PT5M,23.576,61.1955,43.3754,3.7766,0.0
182,183,8,180,26,0.14,93.0,0.9,304,2026-10-12 16:10:00,PT5M,21.955,57.8275,40.835,3.075,0.0
171,171,2,170,26,0.14,93.2,1.0,303,2026-10-12 16:15:00,PT5M,20.358,53.921,38.0224,2.6936,0.0
159,159,0,159,25,0.14,93.3,1.0,303,2026-10-12 16:20:00,PT5M,18.986,50.281,35.4568,2.5152,0.0
148,148,0,148,25,0.14,93.4,1.1,302,2026-10-12 16:25:00,PT5M,17.716,46.7585,33.0013,2.4307,0.0
136,137,0,137,25,0.14,93.6,1.1,301,2026-10-12 16:30:00,PT5M,16.422,43.2205,30.5262,2.3178,0.0
125,125,0,125,25,0.14,93.7,1.2,301,2026-10-12 16:35:00,PT5M,15.098,39.5675,27.9765,2.2195,0.0
114,114,0,114,25,0.14,93.8,1.2,301,2026-10-12 16:40:00,PT5M,13.757,35.835,25.3768,2.1372,0.0
103,103,0,103,25,0.14,94.0,1.3,300,2026-10-12 16:45:00,PT5M,12.416,32.1035,22.7777,2.0543,0.0
92,92,0,92,25,0.14,94.1,1.4,300,2026-10-12 16:50:00,PT5M,11.073,28.485,20.2371,1.9089,0.0
81,81,0,81,25,0.14,94.3,1.4,300,2026-10-12 16:55:00,PT5M,9.726,24.974,17.7511,1.7009,0.0
70,71,0,71,25,0.14,94.4,1.5,300,2026-10-12 17:00:00,PT5M,8.397,21.584,15.3374,1.4566,0.0
60,60,0,60,25,0.14,94.5,1.5,300,2026-10-12 17:05:00,PT5M,7.047,18.2235,12.9293,1.1647,0.0
51,51,0,51,25,0.14,94.7,1.6,300,2026-10-12 17:10:00,PT5M,5.853,15.0705,10.7042,1.0018,0.0
42,42,0,42,25,0.14,94.8,1.6,300,2026-10-12 17:15:00,PT5M,4.745,12.0705,8.6005,0.8895,0.0
33,33,0,33,25,0.14,95.0,1.7,300,2026-10-12 17:20:00,PT5M,3.634,9.19,6.5582,0.7098,0.0
26,26,0,26,25,0.14,95.1,1.8,299,2026-10-12 17:25:00,PT5M,2.65,6.632,4.7458,0.5542,0.0
19,19,0,19,25,0.14,95.2,1.8,299,2026-10-12 17:30:00,PT5M,1.815,4.434,3.1934,0.4366,0.0
12,12,0,12,25,0.14,95.3,1.8,299,2026-10-12 17:35:00,PT5M,0.929,2.242,1.62,0.238,0.0
7,7,0,7,25,0.14,95.4,1.8,299,2026-10-12 17:40:00,PT5M,0.282,0.906,0.6104,0.0,0.0
3,3,0,3,25,0.14,95.4,1.7,298,2026-10-12 17:45:00,PT5M,0.0,0.0415,0.0218,0.0,0.0
0,0,0,0,25,0.14,95.5,1.7,297,2026-10-12 17:50:00,PT5M,0.0,0.0,0.0,0.0,0.0
0,0,0,0,25,0.14,95.5,1.7,297,2026-10-12 17:55:00,PT5M,0.0,0.0,0.0,0.0,0.0
0,0,0,0,25,0.14,95.6,1.6,296,2026-10-12 18:00:00,PT5M,0.0,0.0,0.0,0.0,0.0
0,0,0,0,25,0.14,95.6,1.6,295,2026-10-12 18:05:00,PT5M,0.0,0.0,0.0,0.0,0.0
0,0,0,0,25,0.14,95.7,1.6,295,2026-10-12 18:10:00,PT5M,0.0,0.0,0.0,0.0,0.0
0,0,0,0,25,0.14,95.7,1.5,294,2026-10-12 18:15:00,PT5M,0.0,0.0,0.0,0.0,0.0
0,0,0,0,25,0.14,95.8,1.5,293,2026-10-12 18:20:00,PT5M,0.0,0.0,0.0,0.0,0.0
0,0,0,0,25,0.14,95.8,1.4,292,2026-10-12 18:25:00,PT5M,0.0,0.0,0.0,0.0,0.0
0,0,0,0,25,0.14,95.9,1.4,291,2026-10-12 18:30:00,PT5M,0.0,0.0,0.0,0.0,0.0
0,0,0,0,25,0.14,95.9,1.4,291,2026-10-12 18:35:00,PT5M,0.0,0.0,0.0,0.0,0.0
0,0,0,0,25,0.14,96.0,1.4,290,2026-10-12 18:40:00,PT5M,0.0,0.0,0.0,0.0,0.0
0,0,0,0,25,0.14,96.1,1.3,289,2026-10-12 18:45:00,PT5M,0.0,0.0,0.0,0.0,0.0
0,0,0,0,24,0.14,96.2,1.3,288,2026-10-12 18:50:00,PT5M,0.0,0.0,0.0,0.0,0.0
0,0,0,0,24,0.14,96.3,1.3,288,2026-10-12 18:55:00,PT5M,0.0,0.0,0.0,0.0,0.0
0,0,0,0,24,0.14,96.4,1.3,287,2026-10-12 19:00:00,PT5M,0.0,0.0,0.0,0.0,0.0
0,0,0,0,24,0.14,96.5,1.2,286,2026-10-12 19:05:00,PT5M,0.0,0.0,0.0,0.0,0.0
0,0,0,0,24,0.14,96.6,1.2,285,2026-10-12 19:10:00,PT5M,0.0,0.0,0.0,0.0,0.0
0,0,0,0,24,0.14,96.7,1.2,284,2026-10-12 19:15:00,PT5M,0.0,0.0,0.0,0.0,0.0
0,0,0,0,24,0.14,96.8,1.2,283,2026-10-12 19:20:00,PT5M,0.0,0.0,0.0,0.0,0.0
0,0,0,0,24,0.14,96.9,1.1,282,2026-10-12 19:25:00,PT5M,0.0,0.0,0.0,0.0,0.0
0,0,0,0,24,0.14,97.0,1.1,281,2026-10-12 19:30:00,PT5M,0.0,0.0,0.0,0.0,0.0
0,0,0,0,24,0.14,97.1,1.1,280,2026-10-12 19:35:00,PT5M,0.0,0.0,0.0,0.0,0.0
0,0,0,0,24,0.14,97.1,1.1,278,2026-10-12 19:40:00,PT5M,0.0,0.0,0.0,0.0,0.0
0,0,0,0,24,0.14,97.2,1.0,276,2026-10-12 19:45:00,PT5M,0.0,0.0,0.0,0.0,0.0
0,0,0,0,24,0.14,97.2,1.0,275,2026-10-12 19:50:00,PT5M,0.0,0.0,0.0,0.0,0.0
0,0,0,0,24,0.14,97.3,1.0,273,2026-10-12 19:55:00,PT5M,0.0,0.0,0.0,0.0,0.0
0,0,0,0,24,0.14,97.3,1.0,271,2026-10-12 20:00:00,PT5M,0.0,0.0,0.0,0.0,0.0
0,0,0,0,24,0.14,97.4,0.9,269,2026-10-12 20:05:00,PT5M,0.0,0.0,0.0,0.0,0.0
0,0,0,0,24,0.14,97.4,0.9,267,2026-10-12 20:10:00,PT5M,0.0,0.0,0.0,0.0,0.0
0,0,0,0,24,0.14,97.5,0.9,265,2026-10-12 20:15:00,PT5M,0.0,0.0,0.0,0.0,0.0
0,0,0,0,24,0.14,97.5,0.9,262,2026-10-12 20:20:00,PT5M,0.0,0.0,0.0,0.0,0.0
0,0,0,0,24,0.14,97.6,0.9,260,2026-10-12 20:25:00,PT5M,0.0,0.0,0.0,0.0,0.0
0,0,0,0,24,0.14,97.6,0.8,257,2026-10-12 20:30:00,PT5M,0.0,0.0,0.0,0.0,0.0
0,0,0,0,24,0.14,97.6,0.8,256,2026-10-12 20:35:00,PT5M,0.0,0.0,0.0,0.0,0.0
0,0,0,0,24,0.14,97.7,0.8,257,2026-10-12 20:40:00,PT5M,0.0,0.0,0.0,0.0,0.0
0,0,0,0,24,0.14,97.7,0.8,257,2026-10-12 20:45:00,PT5M,0.0,0.0,0.0,0.0,0.0
0,0,0,0,24,0.14,97.8,0.8,258,2026-10-12 20:50:00,PT5M,0.0,0.0,0.0,0.0,0.0
0,0,0,0,24,0.14,97.8,0.8,259,2026-10-12 20:55:00,PT5M,0.0,0.0,0.0,0.0,0.0
0,0,0,0,24,0.14,97.9,0.8,259,2026-10-12 21:00:00,PT5M,0.0,0.0,0.0,0.0,0.0
0,0,0,0,24,0.14,97.9,0.8,260,2026-10-12 21:05:00,PT5M,0.0,0.0,0.0,0.0,0.0
0,0,0,0,24,0.14,98.0,0.8,260,2026-10-12 21:10:00,PT5M,0.0,0.0,0.0,0.0,0.0
0,0,0,0,24,0.14,98.0,0.8,261,2026-10-12 21:15:00,PT5M,0.0,0.0,0.0,0.0,0.0
0,0,0,0,24,0.14,98.1,0.8,261,2026-10-12 21:20:00,PT5M,0.0,0.0,0.0,0.0,0.0
0,0,0,0,24,0.14,98.1,0.8,262,2026-10-12 21:25:00,PT5M,0.0,0.0,0.0,0.0,0.0
0,0,0,0,24,0.14,98.2,0.8,263,2026-10-12 21:30:00,PT5M,0.0,0.0,0.0,0.0,0.0
0,0,0,0,24,0.14,98.2,0.8,263,2026-10-12 21:35:00,PT5M,0.0,0.0,0.0,0.0,0.0
0,0,0,0,24,0.14,98.2,0.8,264,2026-10-12 21:40:00,PT5M,0.0,0.0,0.0,0.0,0.0
0,0,0,0,24,0.14,98.2,0.8,264,2026-10-12 21:45:00,PT5M,0.0,0.0,0.0,0.0,0.0
0,0,0,0,24,0.14,98.2,0.8,265,2026-10-12 21:50:00,PT5M,0.0,0.0,0.0,0.0,0.0
0,0,0,0,24,0.14,98.2,0.8,266,2026-10-12 21:55:00,PT5M,0.0,0.0,0.0,0.0,0.0
0,0,0,0,24,0.14,98.2,0.8,266,2026-10-12 22:00:00,PT5M,0.0,0.0,0.0,0.0,0.0
0,0,0,0,24,0.14,98.2,0.9,267,2026-10-12 22:05:00,PT5M,0.0,0.0,0.0,0.0,0.0
0,0,0,0,24,0.14,98.2,0.9,268,2026-10-12 22:10:00,PT5M,0.0,0.0,0.0,0.0,0.0
0,0,0,0,24,0.14,98.2,0.9,268,2026-10-12 22:15:00,PT5M,0.0,0.0,0.0,0.0,0.0
0,0,0,0,24,0.14,98.2,0.9,269,2026-10-12 22:20:00,PT5M,0.0,0.0,0.0,0.0,0.0
0,0,0,0,24,0.14,98.2,0.9,269,2026-10-12 22:25:00,PT5M,0.0,0.0,0.0,0.0,0.0
0,0,0,0,24,0.14,98.2,0.9,270,2026-10-12 22:30:00,PT5M,0.0,0.0,0.0,0.0,0.0
0,0,0,0,24,0.14,98.2,0.9,270,2026-10-12 22:35:00,PT5M,0.0,0.0,0.0,0.0,0.0
0,0,0,0,24,0.14,98.3,0.9,271,2026-10-12 22:40:00,PT5M,0.0,0.0,0.0,0.0,0.0
0,0,0,0,24,0.14,98.3,0.9,271,2026-10-12 22:45:00,PT5M,0.0,0.0,0.0,0.0,0.0
0,0,0,0,24,0.14,98.4,0.9,272,2026-10-12 22:50:00,PT5M,0.0,0.0,0.0,0.0,0.0
0,0,0,0,24,0.14,98.4,0.9,272,2026-10-12 22:55:00,PT5M,0.0,0.0,0.0,0.0,0.0
0,0,0,0,24,0.14,98.5,0.9,273,2026-10-12 23:00:00,PT5M,0.0,0.0,0.0,0.0,0.0
0,0,0,0,24,0.14,98.5,1.0,273,2026-10-12 23:05:00,PT5M,0.0,0.0,0.0,0.0,0.0
0,0,0,0,24,0.14,98.6,1.0,274,2026-10-12 23:10:00,PT5M,0.0,0.0,0.0,0.0,0.0
0,0,0,0,24,0.14,98.6,1.0,274,2026-10-12 23:15:00,PT5M,0.0,0.0,0.0,0.0,0.0
0,0,0,0,24,0.14,98.7,1.0,275,2026-10-12 23:20:00,PT5M,0.0,0.0,0.0,0.0,0.0
0,0,0,0,24,0.14,98.7,1.0,275,2026-10-12 23:25:00,PT5M,0.0,0.0,0.0,0.0,0.0
0,0,0,0,24,0.14,98.8,1.0,275,2026-10-12 23:30:00,PT5M,0.0,0.0,0.0,0.0,0.0
0,0,0,0,24,0.14,98.8,1.0,276,2026-10-12 23:35:00,PT5M,0.0,0.0,0.0,0.0,0.0
0,0,0,0,24,0.14,98.7,1.0,277,2026-10-12 23:40:00,PT5M,0.0,0.0,0.0,0.0,0.0
0,0,0,0,24,0.14,98.7,0.9,279,2026-10-12 23:45:00,PT5M,0.0,0.0,0.0,0.0,0.0
0,0,0,0,24,0.14,98.6,0.9,280,2026-10-12 23:50:00,PT5M,0.0,0.0,0.0,0.0,0.0
0,0,0,0,24,0.14,98.6,0.9,281,2026-10-12 23:55:00,PT5M,0.0,0.0,0.0,0.0,0.0
0,0,0,0,24,0.14,98.5,0.9,283,2026-10-13 00:00:00,PT5M,0.0,0.0,0.0,0.0,0.0
0,0,0,0,24,0.14,98.5,0.9,284,2026-10-13 00:05:00,PT5M,0.0,0.0,0.0,0.0,0.0
0,0,0,0,24,0.14,98.4,0.8,285,2026-10-13 00:10:00,PT5M,0.0,0.0,0.0,0.0,0.0
0,0,0,0,24,0.14,98.4,0.8,287,2026-10-13 00:15:00,PT5M,0.0,0.0,0.0,0.0,0.0
0,0,0,0,24,0.14,98.3,0.8,289,2026-10-13 00:20:00,PT5M,0.0,0.0,0.0,0.0,0.0
0,0,0,0,24,0.14,98.3,0.8,290,2026-10-13 00:25:00,PT5M,0.0,0.0,0.0,0.0,0.0
0,0,0,0,24,0.14,98.2,0.8,292,2026-10-13 00:30:00,PT5M,0.0,0.0,0.0,0.0,0.0
0,0,0,0,24,0.14,98.2,0.8,294,2026-10-13 00:35:00,PT5M,0.0,0.0,0.0,0.0,0.0
0,0,0,0,24,0.14,98.3,0.7,296,2026-10-13 00:40:00,PT5M,0.0,0.0,0.0,0.0,0.0
0,0,0,0,24,0.14,98.3,0.7,298,2026-10-13 00:45:00,PT5M,0.0,0.0,0.0,0.0,0.0
0,0,0,0,24,0.14,98.4,0.7,300,2026-10-13 00:50:00,PT5M,0.0,0.0,0.0,0.0,0.0
0,0,0,0,24,0.14,98.4,0.7,303,2026-10-13 00:55:00,PT5M,0.0,0.0,0.0,0.0,0.0
0,0,0,0,24,0.14,98.5,0.7,305,2026-10-13 01:00:00,PT5M,0.0,0.0,0.0,0.0,0.0
0,0,0,0,24,0.14,98.5,0.7,307,2026-10-13 01:05:00,PT5M,0.0,0.0,0.0,0.0,0.0
0,0,0,0,24,0.14,98.6,0.7,310,2026-10-13 01:10:00,PT5M,0.0,0.0,0.0,0.0,0.0
0,0,0,0,24,0.14,98.6,0.7,312,2026-10-13 01:15:00,PT5M,0.0,0.0,0.0,0.0,0.0
0,0,0,0,24,0.14,98.7,0.7,315,2026-10-13 01:20:00,PT5M,0.0,0.0,0.0,0.0,0.0
0,0,0,0,24,0.14,98.7,0.6,317,2026-10-13 01:25:00,PT5M,0.0,0.0,0.0,0.0,0.0
0,0,0,0,24,0.14,98.8,0.6,320,2026-10-13 01:30:00,PT5M,0.0,0.0,0.0,0.0,0.0
0,0,0,0,24,0.14,98.8,0.6,323,2026-10-13 01:35:00,PT5M,0.0,0.0,0.0,0.0,0.0
0,0,0,0,24,0.14,98.8,0.6,325,2026-10-13 01:40:00,PT5M,0.0,0.0,0.0,0.0,0.0
0,0,0,0,24,0.14,98.8,0.6,328,2026-10-13 01:45:00,PT5M,0.0,0.0,0.0,0.0,0.0
0,0,0,0,24,0.14,98.8,0.6,331,2026-10-13 01:50:00,PT5M,0.0,0.0,0.0,0.0,0.0
0,0,0,0,24,0.14,98.8,0.6,333,2026-10-13 01:55:00,PT5M,0.0,0.0,0.0,0.0,0.0
0,0,0,0,24,0.14,98.8,0.6,336,2026-10-13 02:00:00,PT5M,0.0,0.0,0.0,0.0,0.0
0,0,0,0,24,0.14,98.8,0.7,339,2026-10-13 02:05:00,PT5M,0.0,0.0,0.0,0.0,0.0
0,0,0,0,24,0.14,98.8,0.7,341,2026-10-13 02:10:00,PT5M,0.0,0.0,0.0,0.0,0.0
0,0,0,0,24,0.14,98.8,0.7,344,2026-10-13 02:15:00,PT5M,0.0,0.0,0.0,0.0,0.0
0,0,0,0,24,0.14,98.8,0.7,346,2026-10-13 02:20:00,PT5M,0.0,0.0,0.0,0.0,0.0
0,0,0,0,24,0.14,98.8,0.7,348,2026-10-13 02:25:00,PT5M,0.0,0.0,0.0,0.0,0.0
0,0,0,0,24,0.14,98.8,0.7,351,2026-10-13 02:30:00,PT5M,0.0,0.0,0.0,0.0,0.0
0,0,0,0,24,0.14,98.8,0.7,351,2026-10-13 02:35:00,PT5M,0.0,0.0,0.0,0.0,0.0
0,0,0,0,24,0.14,98.7,0.7,350,2026-10-13 02:40:00,PT5M,0.0,0.0,0.0,0.0,0.0
0,0,0,0,24,0.14,98.6,0.7,348,2026-10-13 02:45:00,PT5M,0.0,0.0,0.0,0.0,0.0
0,0,0,0,24,0.14,98.5,0.7,346,2026-10-13 02:50:00,PT5M,0.0,0.0,0.0,0.0,0.0
0,0,0,0,24,0.14,98.4,0.6,344,2026-10-13 02:55:00,PT5M,0.0,0.0,0.0,0.0,0.0
0,0,0,0,24,0.14,98.3,0.6,343,2026-10-13 03:00:00,PT5M,0.0,0.0,0.0,0.0,0.0
0,0,0,0,24,0.14,98.2,0.6,341,2026-10-13 03:05:00,PT5M,0.0,0.0,0.0,0.0,0.0
0,0,0,0,24,0.14,98.1,0.6,339,2026-10-13 03:10:00,PT5M,0.0,0.0,0.0,0.0,0.0
0,0,0,0,24,0.14,98.0,0.6,337,2026-10-13 03:15:00,PT5M,0.0,0.0,0.0,0.0,0.0
0,0,0,0,24,0.14,97.9,0.6,335,2026-10-13 03:20:00,PT5M,0.0,0.0,0.0,0.0,0.0
0,0,0,0,24,0.14,97.8,0.6,332,2026-10-13 03:25:00,PT5M,0.0,0.0,0.0,0.0,0.0
0,0,0,0,24,0.14,97.7,0.6,330,2026-10-13 03:30:00,PT5M,0.0,0.0,0.0,0.0,0.0
0,0,0,0,24,0.14,97.6,0.6,328,2026-10-13 03:35:00,PT5M,0.0,0.0,0.0,0.0,0.0
0,0,0,0,24,0.14,97.5,0.6,326,2026-10-13 03:40:00,PT5M,0.0,0.0,0.0,0.0,0.0
0,0,0,0,24,0.14,97.5,0.6,325,2026-10-13 03:45:00,PT5M,0.0,0.0,0.0,0.0,0.0
0,0,0,0,24,0.14,97.4,0.6,323,2026-10-13 03:50:00,PT5M,0.0,0.0,0.0,0.0,0.0
0,0,0,0,24,0.14,97.4,0.6,321,2026-10-13 03:55:00,PT5M,0.0,0.0,0.0,0.0,0.0
0,0,0,0,24,0.14,97.3,0.6,319,2026-10-13 04:00:00,PT5M,0.0,0.0,0.0,0.0,0.0
0,0,0,0,24,0.14,97.3,0.6,318,2026-10-13 04:05:00,PT5M,0.0,0.0,0.0,0.0,0.0
0,0,0,0,24,0.14,97.2,0.6,316,2026-10-13 04:10:00,PT5M,0.0,0.0,0.0,0.0,0.0
0,0,0,0,24,0.14,97.2,0.6,314,2026-10-13 04:15:00,PT5M,0.0,0.0,0.0,0.0,0.0
0,0,0,0,24,0.14,97.1,0.6,313,2026-10-13 04:20:00,PT5M,0.0,0.0,0.0,0.0,0.0
0,0,0,0,24,0.14,97.1,0.6,311,2026-10-13 04:25:00,PT5M,0.0,0.0,0.0,0.0,0.0
0,0,0,0,24,0.14,97.0,0.6,309,2026-10-13 04:30:00,PT5M,0.0,0.0,0.0,0.0,0.0
0,0,0,0,24,0.14,97.0,0.6,308,2026-10-13 04:35:00,PT5M,0.0,0.0,0.0,0.0,0.0
0,0,0,0,24,0.14,97.0,0.6,307,2026-10-13 04:40:00,PT5M,0.0,0.0,0.0,0.0,0.0
0,0,0,0,24,0.14,97.0,0.6,306,2026-10-13 04:45:00,PT5M,0.0,0.0,0.0,0.0,0.0
0,0,0,0,24,0.14,97.0,0.6,305,2026-10-13 04:50:00,PT5M,0.0,0.0,0.0,0.0,0.0
0,0,0,0,24,0.14,97.0,0.6,304,2026-10-13 04:55:00,PT5M,0.0,0.0,0.0,0.0,0.0
0,0,0,0,24,0.14,97.0,0.7,303,2026-10-13 05:00:00,PT5M,0.0,0.0,0.0,0.0,0.0
0,0,0,0,23,0.14,97.0,0.7,302,2026-10-13 05:05:00,PT5M,0.0,0.0,0.0,0.0,0.0
0,0,0,0,23,0.14,97.0,0.7,301,2026-10-13 05:10:00,PT5M,0.0,0.0,0.0,0.0,0.0
0,0,0,0,23,0.14,97.0,0.7,300,2026-10-13 05:15:00,PT5M,0.0,0.0,0.0,0.0,0.0
0,0,0,0,23,0.14,97.0,0.7,299,2026-10-13 05:20:00,PT5M,0.0,0.0,0.0,0.0,0.0
0,0,0,0,23,0.14,97.0,0.7,298,2026-10-13 05:25:00,PT5M,0.0,0.0,0.0,0.0,0.0
0,0,0,0,23,0.14,97.0,0.7,297,2026-10-13 05:30:00,PT5M,0.0,0.0,0.0,0.0,0.0
0,0,0,0,24,0.14,96.8,0.7,298,2026-10-13 05:35:00,PT5M,0.0,0.0,0.0,0.0,0.0
0,0,0,0,24,0.14,96.4,0.7,299,2026-10-13 05:40:00,PT5M,0.0,0.0,0.0,0.0,0.0
0,0,0,0,24,0.14,96.1,0.7,301,2026-10-13 05:45:00,PT5M,0.0,0.0,0.0,0.0,0.0
0,0,0,0,24,0.14,95.7,0.6,303,2026-10-13 05:50:00,PT5M,0.0,0.0,0.0,0.0,0.0
0,0,0,0,24,0.14,95.3,0.6,306,2026-10-13 05:55:00,PT5M,0.0,0.0,0.0,0.0,0.0
5,5,0,5,24,0.14,94.9,0.6,308,2026-10-13 06:00:00,PT5M,0.0,0.035,0.0184,0.0,0.0
13,13,0,13,24,0.14,94.5,0.6,310,2026-10-13 06:05:00,PT5M,1.045,1.7165,1.3984,0.6916,0.3735
22,22,0,22,24,0.14,94.2,0.6,312,2026-10-13 06:10:00,PT5M,2.25,3.5475,2.9329,1.5671,0.9525
32,32,4,31,24,0.14,93.8,0.6,314,2026-10-13 06:15:00,PT5M,3.577,5.9365,4.8188,2.3352,1.2175
43,43,28,40,24,0.14,93.4,0.6,316,2026-10-13 06:20:00,PT5M,5.305,8.8995,7.1968,3.4132,1.7105
56,55,51,48,25,0.14,93.0,0.6,318,2026-10-13 06:25:00,PT5M,7.409,12.352,10.0105,4.8075,2.466
69,68,76,57,25,0.14,92.7,0.6,320,2026-10-13 06:30:00,PT5M,9.94,16.3715,13.3249,6.5551,3.5085
84,82,101,65,25,0.14,92.3,0.6,323,2026-10-13 06:35:00,PT5M,12.683,20.67,16.8866,8.4794,4.696
99,97,125,73,25,0.14,92.0,0.6,327,2026-10-13 06:40:00,PT5M,15.62,25.1605,20.6412,10.5988,6.0795
115,112,149,81,25,0.14,91.7,0.6,331,2026-10-13 06:45:00,PT5M,18.86,29.9175,24.6796,13.0404,7.8025
132,128,173,89,25,0.14,91.4,0.7,334,2026-10-13 06:50:00,PT5M,22.178,34.761,28.8005,15.5555,9.595
149,145,195,96,25,0.14,91.1,0.7,338,2026-10-13 06:55:00,PT5M,25.677,39.8505,33.1366,18.2174,11.5035
166,161,213,103,25,0.14,90.7,0.7,341,2026-10-13 07:00:00,PT5M,29.159,45.0115,37.5023,20.8157,13.3065
183,178,231,111,25,0.14,90.4,0.7,345,2026-10-13 07:05:00,PT5M,32.816,50.519,42.1332,23.4988,15.113
201,196,251,118,25,0.14,90.1,0.7,348,2026-10-13 07:10:00,PT5M,36.808,56.5115,47.1781,26.4379,17.1045
219,214,270,124,25,0.14,89.8,0.7,351,2026-10-13 07:15:00,PT5M,40.886,62.621,52.3253,29.4467,19.151
238,232,288,130,26,0.14,89.5,0.7,354,2026-10-13 07:20:00,PT5M,45.009,68.795,57.5277,32.4903,21.223
256,250,306,136,26,0.14,89.2,0.8,356,2026-10-13 07:25:00,PT5M,49.183,75.0805,62.813,35.553,23.2855
275,268,323,142,26,0.14,88.9,0.8,359,2026-10-13 07:30:00,PT5M,53.406,81.3845,68.1313,38.6807,25.4275
293,286,338,147,26,0.14,88.6,0.8,1,2026-10-13 07:35:00,PT5M,57.614,87.713,73.4553,41.7727,27.515
312,304,352,153,26,0.14,88.2,0.8,3,2026-10-13 07:40:00,PT5M,61.423,93.4,78.2527,44.5933,29.446
330,322,366,158,26,0.14,87.9,0.9,4,2026-10-13 07:45:00,PT5M,63.748,96.3815,80.9232,46.5728,31.1145
349,340,379,163,26,0.14,87.5,0.9,6,2026-10-13 07:50:00,PT5M,66.028,99.262,83.5193,48.5367,32.794
367,358,392,167,26,0.14,87.2,0.9,7,2026-10-13 07:55:00,PT5M,68.204,100.0,85.9808,50.4272,34.4275
385,376,404,172,26,0.14,86.8,0.9,8,2026-10-13 08:00:00,PT5M,70.265,100.0,88.2929,52.2371,36.0115
403,394,416,176,26,0.14,86.5,1.0,10,2026-10-13 08:05:00,PT5M,72.201,100.0,90.4412,53.9608,37.544
421,412,428,180,26,0.14,86.2,1.0,11,2026-10-13 08:10:00,PT5M,74.0,100.0,92.4089,55.5911,39.0225
439,429,439,184,27,0.14,85.8,1.0,12,2026-10-13 08:15:00,PT5M,75.654,100.0,94.1853,57.1227,40.444
457,447,449,188,27,0.14,85.5,1.1,13,2026-10-13 08:20:00,PT5M,77.164,100.0,95.7592,58.5688,41.8325
474,464,459,191,27,0.14,85.2,1.1,14,2026-10-13 08:25:00,PT5M,78.544,100.0,97.1692,59.9188,43.1555
491,481,468,195,27,0.14,84.8,1.1,15,2026-10-13 08:30:00,PT5M,79.84,100.0,98.4726,61.2074,44.4375
508,497,475,199,27,0.14,84.3,1.1,16,2026-10-13 08:35:00,PT5M,80.908,100.0,99.5569,62.2591,45.4745
523,512,480,203,27,0.14,83.7,1.2,16,2026-10-13 08:40:00,PT5M,81.755,100.0,100.0,63.0748,46.262
538,527,485,207,27,0.14,83.0,1.2,17,2026-10-13 08:45:00,PT5M,82.548,100.0,100.0,63.8436,47.009
553,541,489,212,27,0.14,82.4,1.2,18,2026-10-13 08:50:00,PT5M,83.296,100.0,100.0,64.575,47.7255
567,555,492,216,27,0.14,81.7,1.2,18,2026-10-13 08:55:00,PT5M,84.001,100.0,100.0,65.2703,48.412
581,569,496,220,27,0.14,81.1,1.2,19,2026-10-13 09:00:00,PT5M,84.666,100.0,100.0,65.9045,49.0185
595,583,500,224,28,0.14,80.5,1.2,19,2026-10-13 09:05:00,PT5M,85.391,100.0,100.0,66.6379,49.7595
609,597,505,227,28,0.14,79.8,1.2,20,2026-10-13 09:10:00,PT5M,86.101,100.0,100.0,67.4284,50.6225
623,610,509,230,28,0.14,79.2,1.3,21,2026-10-13 09:15:00,PT5M,86.775,100.0,100.0,68.2624,51.6005
636,624,513,233,28,0.14,78.6,1.3,21,2026-10-13 09:20:00,PT5M,87.414,100.0,100.0,69.0559,52.533
649,636,517,236,28,0.14,78.0,1.3,22,2026-10-13 09:25:00,PT5M,88.02,100.0,100.0,69.8108,53.422
661,649,521,239,28,0.14,77.4,1.3,22,2026-10-13 09:30:00,PT5M,88.594,100.0,100.0,70.5282,54.2685
673,660,523,243,28,0.14,76.8,1.3,23,2026-10-13 09:35:00,PT5M,89.071,100.0,100.0,71.1339,54.99
684,671,524,246,28,0.14,76.2,1.3,24,2026-10-13 09:40:00,PT5M,89.453,100.0,100.0,71.6288,55.5865
694,681,525,250,29,0.14,75.6,1.4,24,2026-10-13 09:45:00,PT5M,89.797,100.0,100.0,72.0783,56.131
704,691,525,254,29,0.14,75.0,1.4,25,2026-10-13 09:50:00,PT5M,90.076,100.0,100.0,72.4531,56.592
713,700,524,257,29,0.14,74.4,1.4,26,2026-10-13 09:55:00,PT5M,90.332,100.0,100.0,72.7968,57.0145
722,709,524,261,29,0.14,73.8,1.4,26,2026-10-13 10:00:00,PT5M,90.564,100.0,100.0,73.1082,57.3975
730,717,523,265,29,0.14,73.3,1.5,27,2026-10-13 10:05:00,PT5M,90.772,100.0,100.0,73.3886,57.743
738,725,522,268,29,0.14,72.7,1.5,27,2026-10-13 10:10:00,PT5M,90.958,100.0,100.0,73.6401,58.0535
745,732,521,272,29,0.14,72.1,1.5,28,2026-10-13 10:15:00,PT5M,91.12,100.0,100.0,73.8613,58.328
752,739,520,275,29,0.14,71.6,1.5,28,2026-10-13 10:20:00,PT5M,91.26,100.0,100.0,74.0542,58.5685
758,745,519,279,29,0.14,71.0,1.6,29,2026-10-13 10:25:00,PT5M,91.379,100.0,100.0,74.2201,58.7765
764,751,517,282,30,0.14,70.5,1.6,30,2026-10-13 10:30:00,PT5M,91.476,100.0,100.0,74.3586,58.9525
771,758,518,284,30,0.14,69.9,1.6,30,2026-10-13 10:35:00,PT5M,91.678,100.0,100.0,74.6285,59.2835
778,765,520,285,30,0.14,69.4,1.6,30,2026-10-13 10:40:00,PT5M,91.975,100.0,100.0,75.0195,59.759
785,771,523,286,30,0.14,68.9,1.7,30,2026-10-13 10:45:00,PT5M,92.242,100.0,100.0,75.3739,60.192
791,778,525,287,30,0.14,68.3,1.7,30,2026-10-13 10:50:00,PT5M,92.477,100.0,100.0,75.6865,60.5745
797,783,528,288,30,0.14,67.8,1.7,31,2026-10-13 10:55:00,PT5M,92.67,100.0,100.0,75.9371,60.877
802,789,530,288,30,0.14,67.3,1.7,31,2026-10-13 11:00:00,PT5M,92.859,100.0,100.0,76.1937,61.1945
807,794,531,289,30,0.14,66.8,1.8,31,2026-10-13 11:05:00,PT5M,93.025,100.0,100.0,76.4295,61.493
812,798,533,290,31,0.14,66.3,1.8,31,2026-10-13 11:10:00,PT5M,93.154,100.0,100.0,76.6153,61.73
816,802,534,291,31,0.14,65.8,1.8,31,2026-10-13 11:15:00,PT5M,93.253,100.0,100.0,76.7606,61.917
819,805,535,291,31,0.14,65.3,1.8,32,2026-10-13 11:20:00,PT5M,93.329,100.0,100.0,76.8764,62.0685
822,808,536,292,31,0.14,64.8,1.9,32,2026-10-13 11:25:00,PT5M,93.38,100.0,100.0,76.9611,62.1835
825,811,537,292,31,0.14,64.3,1.9,32,2026-10-13 11:30:00,PT5M,93.408,100.0,100.0,77.0175,62.2655
823,809,531,296,31,0.14,64.3,1.9,33,2026-10-13 11:35:00,PT5M,93.106,100.0,100.0,76.6734,61.8835
818,804,518,302,31,0.14,65.0,1.8,35,2026-10-13 11:40:00,PT5M,92.476,100.0,100.0,75.9307,61.0395
812,798,506,308,31,0.14,65.6,1.8,37,2026-10-13 11:45:00,PT5M,91.822,100.0,100.0,75.1581,60.16
805,792,493,314,31,0.14,66.2,1.7,39,2026-10-13 11:50:00,PT5M,91.145,100.0,100.0,74.3563,59.246
798,786,481,319,30,0.14,66.8,1.7,41,2026-10-13 11:55:00,PT5M,90.495,100.0,100.0,73.5758,58.348
791,779,468,325,30,0.14,67.5,1.7,43,2026-10-13 12:00:00,PT5M,89.887,100.0,100.0,72.8315,57.481
783,771,456,330,30,0.14,68.1,1.6,45,2026-10-13 12:05:00,PT5M,89.252,100.0,100.0,72.0552,56.5775
775,764,443,335,30,0.14,68.8,1.6,47,2026-10-13 12:10:00,PT5M,88.588,100.0,100.0,71.2449,55.6355
767,755,431,339,30,0.14,69.5,1.6,50,2026-10-13 12:15:00,PT5M,87.896,100.0,100.0,70.4021,54.657
758,747,419,343,30,0.14,70.1,1.6,52,2026-10-13 12:20:00,PT5M,87.174,100.0,100.0,69.5248,53.64
748,738,407,347,29,0.14,70.8,1.6,55,2026-10-13 12:25:00,PT5M,86.421,100.0,100.0,68.6131,52.5855
739,728,395,350,29,0.14,71.5,1.5,57,2026-10-13 12:30:00,PT5M,85.638,100.0,100.0,67.6683,51.495
729,719,383,354,29,0.14,72.2,1.5,59,2026-10-13 12:35:00,PT5M,84.822,100.0,100.0,66.6755,50.343
718,709,371,356,29,0.14,72.9,1.5,62,2026-10-13 12:40:00,PT5M,83.969,100.0,100.0,65.6301,49.1245
707,698,359,359,29,0.14,73.6,1.5,64,2026-10-13 12:45:00,PT5M,83.07,100.0,100.0,64.53,47.8435
697,688,347,361,29,0.14,74.3,1.5,66,2026-10-13 12:50:00,PT5M,82.099,100.0,100.0,63.3622,46.4985
685,677,336,363,29,0.14,75.1,1.5,69,2026-10-13 12:55:00,PT5M,81.173,100.0,100.0,62.2504,45.2195
674,665,325,364,28,0.14,75.8,1.5,71,2026-10-13 13:00:00,PT5M,80.191,100.0,99.3091,61.0729,43.866
662,654,313,365,28,0.14,76.5,1.5,73,2026-10-13 13:05:00,PT5M,79.158,100.0,98.4779,59.8381,42.4495
650,642,302,366,28,0.14,77.3,1.5,76,2026-10-13 13:10:00,PT5M,78.085,100.0,97.6084,58.5616,40.99
638,630,291,366,28,0.14,78.0,1.5,78,2026-10-13 13:15:00,PT5M,76.975,100.0,96.7026,57.2474,39.492
625,618,281,366,28,0.14,78.8,1.5,80,2026-10-13 13:20:00,PT5M,75.833,100.0,95.7637,55.9023,37.964
613,606,270,365,28,0.14,79.6,1.5,83,2026-10-13 13:25:00,PT5M,74.658,100.0,94.7914,54.5246,36.404
600,593,259,364,28,0.14,80.4,1.5,85,2026-10-13 13:30:00,PT5M,73.448,100.0,93.7829,53.1131,34.811
585,579,246,364,27,0.14,81.1,1.5,87,2026-10-13 13:35:00,PT5M,71.965,100.0,92.536,51.394,32.8795
568,563,231,364,27,0.14,81.9,1.5,90,2026-10-13 13:40:00,PT5M,70.207,100.0,91.0459,49.3681,30.6125
552,547,215,363,27,0.14,82.7,1.6,92,2026-10-13 13:45:00,PT5M,68.411,100.0,89.5138,47.3082,28.315
535,530,200,361,27,0.14,83.4,1.6,95,2026-10-13 13:50:00,PT5M,66.552,100.0,87.9143,45.1897,25.963
518,514,186,359,27,0.14,84.2,1.6,97,2026-10-13 13:55:00,PT5M,64.685,100.0,86.3031,43.0669,23.61
502,498,172,357,27,0.14,85.0,1.7,99,2026-10-13 14:00:00,PT5M,62.78,100.0,84.6499,40.9101,21.2265
485,482,158,353,27,0.14,85.8,1.7,101,2026-10-13 14:05:00,PT5M,60.813,100.0,82.9308,38.6952,18.7885
468,465,145,350,26,0.14,86.6,1.7,103,2026-10-13 14:10:00,PT5M,58.807,100.0,81.1674,36.4466,16.3215
452,449,131,346,26,0.14,87.4,1.8,105,2026-10-13 14:15:00,PT5M,56.773,99.7085,79.3703,34.1757,13.8375
435,433,119,341,26,0.14,88.3,1.8,107,2026-10-13 14:20:00,PT5M,54.714,98.0945,77.5455,31.8825,11.3335
419,417,106,336,26,0.14,89.1,1.9,109,2026-10-13 14:25:00,PT5M,52.631,96.4615,75.6993,29.5627,8.8005
403,401,95,330,26,0.14,89.9,1.9,110,2026-10-13 14:30:00,PT5M,50.704,94.97,74.0015,27.4065,6.438
389,388,87,324,26,0.14,90.4,1.9,112,2026-10-13 14:35:00,PT5M,49.025,93.619,72.4951,25.5549,4.431
379,377,83,318,26,0.14,90.6,1.8,112,2026-10-13 14:40:00,PT5M,47.753,92.5725,71.3418,24.1642,2.9335
368,367,79,311,26,0.14,90.7,1.7,113,2026-10-13 14:45:00,PT5M,46.464,91.506,70.1699,22.7581,1.422
357,356,75,305,26,0.14,90.8,1.6,114,2026-10-13 14:50:00,PT5M,45.2,90.248,68.9091,21.4909,0.152
347,346,71,298,26,0.14,91.0,1.5,115,2026-10-13 14:55:00,PT5M,43.906,88.847,67.5588,20.2532,0.0
336,335,68,291,26,0.14,91.1,1.3,117,2026-10-13 15:00:00,PT5M,42.581,87.393,66.1659,18.9961,0.0
325,324,63,283,26,0.14,91.2,1.2,118,2026-10-13 15:05:00,PT5M,41.19,85.8295,64.6841,17.6959,0.0
314,313,59,276,26,0.14,91.4,1.1,120,2026-10-13 15:10:00,PT5M,39.722,84.08,63.0679,16.3761,0.0
303,302,54,269,25,0.14,91.5,1.0,122,2026-10-13 15:15:00,PT5M,38.206,82.3095,61.418,14.994,0.0
291,291,49,262,25,0.14,91.6,0.9,125,2026-10-13 15:20:00,PT5M,36.648,80.4565,59.7047,13.5913,0.0
280,279,44,254,25,0.14,91.8,0.8,128,2026-10-13 15:25:00,PT5M,35.05,78.516,57.9265,12.1735,0.0
268,268,39,246,25,0.14,91.9,0.8,133,2026-10-13 15:30:00,PT5M,33.41,76.471,56.0733,10.7467,0.0
256,256,33,238,25,0.14,92.1,0.7,137,2026-10-13 15:35:00,PT5M,31.735,74.289,54.1315,9.3385,0.0
244,244,27,230,25,0.14,92.2,0.6,143,2026-10-13 15:40:00,PT5M,30.297,72.257,52.3808,8.2132,0.0
232,232,20,222,25,0.14,92.4,0.5,150,2026-10-13 15:45:00,PT5M,28.491,69.767,50.2149,6.7671,0.0
220,220,14,214,25,0.14,92.6,0.4,160,2026-10-13 15:50:00,PT5M,26.65,67.1605,47.971,5.329,0.0
208,209,8,205,25,0.14,92.8,0.4,173,2026-10-13 15:55:00,PT5M,24.773,64.445,45.6527,3.8933,0.0
196,197,1,196,25,0.14,93.0,0.4,188,2026-10-13 16:00:00,PT5M,22.863,61.631,43.2669,2.4591,0.0
184,185,0,185,25,0.14,93.2,0.4,204,2026-10-13 16:05:00,PT5M,21.382,59.202,41.2869,1.4771,0.0
173,173,0,173,25,0.14,93.3,0.4,219,2026-10-13 16:10:00,PT5M,20.305,56.147,39.1689,1.4411,0.0
161,162,0,162,25,0.14,93.5,0.5,231,2026-10-13 16:15:00,PT5M,19.182,52.619,36.7801,1.5839,0.0
150,151,0,151,25,0.14,93.7,0.5,240,2026-10-13 16:20:00,PT5M,17.97,49.039,34.3218,1.6182,0.0
139,139,0,139,25,0.14,93.9,0.6,247,2026-10-13 16:25:00,PT5M,16.718,45.4325,31.8306,1.6054,0.0
128,128,0,128,25,0.14,94.1,0.7,252,2026-10-13 16:30:00,PT5M,15.446,41.7705,29.3008,1.5912,0.0
117,117,0,117,25,0.14,94.3,0.8,256,2026-10-13 16:35:00,PT5M,14.154,38.133,26.7743,1.5337,0.0
107,107,0,107,25,0.14,94.4,0.9,258,2026-10-13 16:40:00,PT5M,12.862,34.512,24.2565,1.4675,0.0
96,96,0,96,25,0.14,94.5,1.0,261,2026-10-13 16:45:00,PT5M,11.577,30.937,21.7663,1.3877,0.0
86,86,0,86,25,0.14,94.7,1.1,262,2026-10-13 16:50:00,PT5M,10.289,27.4295,19.3102,1.2678,0.0
75,75,0,75,25,0.14,94.8,1.2,264,2026-10-13 16:55:00,PT5M,9.01,24.0375,16.9191,1.1009,0.0
65,65,0,65,25,0.14,95.0,1.3,265,2026-10-13 17:00:00,PT5M,7.74,20.7445,14.5844,0.8956,0.0
56,56,0,56,25,0.14,95.1,1.4,266,2026-10-13 17:05:00,PT5M,6.476,17.5105,12.2835,0.6685,0.0
47,47,0,47,25,0.14,95.2,1.5,267,2026-10-13 17:10:00,PT5M,5.366,14.4885,10.1672,0.5648,0.0
38,38,0,38,24,0.14,95.4,1.6,268,2026-10-13 17:15:00,PT5M,4.329,11.5985,8.155,0.503,0.0
31,31,0,31,24,0.14,95.5,1.7,269,2026-10-13 17:20:00,PT5M,3.291,8.783,6.1815,0.4005,0.0
24,24,0,24,24,0.14,95.7,1.8,269,2026-10-13 17:25:00,PT5M,2.384,6.248,4.4177,0.3503,0.0
17,17,0,17,24,0.14,95.8,1.9,270,2026-10-13 17:30:00,PT5M,1.607,4.1095,2.9241,0.2899,0.0
12,12,0,12,24,0.14,95.9,1.9,270,2026-10-13 17:35:00,PT5M,0.883,2.261,1.6083,0.1577,0.0
7,7,0,7,24,0.14,96.0,1.9,269,2026-10-13 17:40:00,PT5M,0.221,0.841,0.5473,0.0,0.0
3,3,0,3,24,0.14,96.0,1.9,268,2026-10-13 17:45:00,PT5M,0.0,0.0145,0.0076,0.0,0.0
0,0,0,0,24,0.14,96.0,1.9,267,2026-10-13 17:50:00,PT5M,0.0,0.0,0.0,0.0,0.0
0,0,0,0,24,0.14,96.1,1.9,267,2026-10-13 17:55:00,PT5M,0.0,0.0,0.0,0.0,0.0
0,0,0,0,24,0.14,96.1,1.9,266,2026-10-13 18:00:00,PT5M,0.0,0.0,0.0,0.0,0.0
0,0,0,0,24,0.14,96.2,1.9,265,2026-10-13 18:05:00,PT5M,0.0,0.0,0.0,0.0,0.0
0,0,0,0,24,0.14,96.2,1.8,264,2026-10-13 18:10:00,PT5M,0.0,0.0,0.0,0.0,0.0
0,0,0,0,24,0.14,96.3,1.8,263,2026-10-13 18:15:00,PT5M,0.0,0.0,0.0,0.0,0.0
0,0,0,0,24,0.14,96.3,1.8,263,2026-10-13 18:20:00,PT5M,0.0,0.0,0.0,0.0,0.0
0,0,0,0,24,0.14,96.4,1.8,262,2026-10-13 18:25:00,PT5M,0.0,0.0,0.0,0.0,0.0
0,0,0,0,24,0.14,96.4,1.8,261,2026-10-13 18:30:00,PT5M,0.0,0.0,0.0,0.0,0.0
0,0,0,0,24,0.14,96.5,1.8,260,2026-10-13 18:35:00,PT5M,0.0,0.0,0.0,0.0,0.0
0,0,0,0,24,0.14,96.5,1.8,259,2026-10-13 18:40:00,PT5M,0.0,0.0,0.0,0.0,0.0
0,0,0,0,24,0.14,96.6,1.8,258,2026-10-13 18:45:00,PT5M,0.0,0.0,0.0,0.0,0.0
0,0,0,0,24,0.14,96.6,1.8,258,2026-10-13 18:50:00,PT5M,0.0,0.0,0.0,0.0,0.0
0,0,0,0,24,0.14,96.7,1.8,257,2026-10-13 18:55:00,PT5M,0.0,0.0,0.0,0.0,0.0
0,0,0,0,24,0.14,96.7,1.8,256,2026-10-13 19:00:00,PT5M,0.0,0.0,0.0,0.0,0.0
0,0,0,0,24,0.14,96.8,1.8,255,2026-10-13 19:05:00,PT5M,0.0,0.0,0.0,0.0,0.0
0,0,0,0,24,0.14,96.8,1.8,254,2026-10-13 19:10:00,PT5M,0.0,0.0,0.0,0.0,0.0
0,0,0,0,24,0.14,96.9,1.8,253,2026-10-13 19:15:00,PT5M,0.0,0.0,0.0,0.0,0.0
0,0,0,0,24,0.14,96.9,1.8,253,2026-10-13 19:20:00,PT5M,0.0,0.0,0.0,0.0,0.0
0,0,0,0,24,0.14,97.0,1.8,252,2026-10-13 19:25:00,PT5M,0.0,0.0,0.0,0.0,0.0
0,0,0,0,24,0.14,97.0,1.8,251,2026-10-13 19:30:00,PT5M,0.0,0.0,0.0,0.0,0.0
0,0,0,0,24,0.14,97.1,1.8,250,2026-10-13 19:35:00,PT5M,0.0,0.0,0.0,0.0,0.0
0,0,0,0,24,0.14,97.2,1.8,249,2026-10-13 19:40:00,PT5M,0.0,0.0,0.0,0.0,0.0
0,0,0,0,24,0.14,97.3,1.8,248,2026-10-13 19:45:00,PT5M,0.0,0.0,0.0,0.0,0.0
0,0,0,0,24,0.14,97.4,1.8,248,2026-10-13 19:50:00,PT5M,0.0,0.0,0.0,0.0,0.0
0,0,0,0,24,0.14,97.5,1.8,247,2026-10-13 19:55:00,PT5M,0.0,0.0,0.0,0.0,0.0
0,0,0,0,24,0.14,97.6,1.8,246,2026-10-13 20:00:00,PT5M,0.0,0.0,0.0,0.0,0.0
0,0,0,0,24,0.14,97.7,1.8,245,2026-10-13 20:05:00,PT5M,0.0,0.0,0.0,0.0,0.0
0,0,0,0,24,0.14,97.8,1.8,244,2026-10-13 20:10:00,PT5M,0.0,0.0,0.0,0.0,0.0
0,0,0,0,24,0.14,97.9,1.8,243,2026-10-13 20:15:00,PT5M,0.0,0.0,0.0,0.0,0.0
0,0,0,0,24,0.14,98.0,1.8,243,2026-10-13 20:20:00,PT5M,0.0,0.0,0.0,0.0,0.0
0,0,0,0,24,0.14,98.1,1.8,242,2026-10-13 20:25:00,PT5M,0.0,0.0,0.0,0.0,0.0
0,0,0,0,24,0.14,98.2,1.8,241,2026-10-13 20:30:00,PT5M,0.0,0.0,0.0,0.0,0.0
0,0,0,0,24,0.14,98.2,1.8,241,2026-10-13 20:35:00,PT5M,0.0,0.0,0.0,0.0,0.0
0,0,0,0,24,0.14,98.1,1.8,242,2026-10-13 20:40:00,PT5M,0.0,0.0,0.0,0.0,0.0
0,0,0,0,24,0.14,98.1,1.8,242,2026-10-13 20:45:00,PT5M,0.0,0.0,0.0,0.0,0.0
0,0,0,0,24,0.14,98.0,1.8,243,2026-10-13 20:50:00,PT5M,0.0,0.0,0.0,0.0,0.0
0,0,0,0,24,0.14,98.0,1.8,243,2026-10-13 20:55:00,PT5M,0.0,0.0,0.0,0.0,0.0
0,0,0,0,24,0.14,97.9,1.8,244,2026-10-13 21:00:00,PT5M,0.0,0.0,0.0,0.0,0.0
0,0,0,0,24,0.14,97.9,1.8,244,2026-10-13 21:05:00,PT5M,0.0,0.0,0.0,0.0,0.0
0,0,0,0,24,0.14,97.8,1.8,245,2026-10-13 21:10:00,PT5M,0.0,0.0,0.0,0.0,0.0
0,0,0,0,24,0.14,97.8,1.8,246,2026-10-13 21:15:00,PT5M,0.0,0.0,0.0,0.0,0.0
0,0,0,0,24,0.14,97.7,1.8,246,2026-10-13 21:20:00,PT5M,0.0,0.0,0.0,0.0,0.0
0,0,0,0,24,0.14,97.7,1.8,247,2026-10-13 21:25:00,PT5M,0.0,0.0,0.0,0.0,0.0
0,0,0,0,24,0.14,97.6,1.8,247,2026-10-13 21:30:00,PT5M,0.0,0.0,0.0,0.0,0.0
0,0,0,0,24,0.14,97.6,1.8,248,2026-10-13 21:35:00,PT5M,0.0,0.0,0.0,0.0,0.0
0,0,0,0,24,0.14,97.7,1.8,248,2026-10-13 21:40:00,PT5M,0.0,0.0,0.0,0.0,0.0
0,0,0,0,24,0.14,97.7,1.8,248,2026-10-13 21:45:00,PT5M,0.0,0.0,0.0,0.0,0.0
0,0,0,0,24,0.14,97.8,1.8,248,2026-10-13 21:50:00,PT5M,0.0,0.0,0.0,0.0,0.0
0,0,0,0,24,0.14,97.8,1.8,249,2026-10-13 21:55:00,PT5M,0.0,0.0,0.0,0.0,0.0
0,0,0,0,24,0.14,97.9,1.8,249,2026-10-13 22:00:00,PT5M,0.0,0.0,0.0,0.0,0.0
0,0,0,0,24,0.14,97.9,1.8,249,2026-10-13 22:05:00,PT5M,0.0,0.0,0.0,0.0,0.0
0,0,0,0,24,0.14,98.0,1.8,249,2026-10-13 22:10:00,PT5M,0.0,0.0,0.0,0.0,0.0
0,0,0,0,24,0.14,98.0,1.8,250,2026-10-13 22:15:00,PT5M,0.0,0.0,0.0,0.0,0.0
0,0,0,0,24,0.14,98.1,1.8,250,2026-10-13 22:20:00,PT5M,0.0,0.0,0.0,0.0,0.0
0,0,0,0,24,0.14,98.1,1.8,250,2026-10-13 22:25:00,PT5M,0.0,0.0,0.0,0.0,0.0
0,0,0,0,24,0.14,98.2,1.8,250,2026-10-13 22:30:00,PT5M,0.0,0.0,0.0,0.0,0.0
0,0,0,0,24,0.14,98.2,1.8,251,2026-10-13 22:35:00,PT5M,0.0,0.0,0.0,0.0,0.0
0,0,0,0,24,0.14,98.1,1.8,251,2026-10-13 22:40:00,PT5M,0.0,0.0,0.0,0.0,0.0
0,0,0,0,24,0.14,98.1,1.8,252,2026-10-13 22:45:00,PT5M,0.0,0.0,0.0,0.0,0.0
0,0,0,0,24,0.14,98.0,1.8,252,2026-10-13 22:50:00,PT5M,0.0,0.0,0.0,0.0,0.0
0,0,0,0,24,0.14,98.0,1.8,253,2026-10-13 22:55:00,PT5M,0.0,0.0,0.0,0.0,0.0
0,0,0,0,24,0.14,97.9,1.8,253,2026-10-13 23:00:00,PT5M,0.0,0.0,0.0,0.0,0.0
0,0,0,0,24,0.14,97.9,1.8,254,2026-10-13 23:05:00,PT5M,0.0,0.0,0.0,0.0,0.0
0,0,0,0,24,0.14,97.8,1.8,254,2026-10-13 23:10:00,PT5M,0.0,0.0,0.0,0.0,0.0
0,0,0,0,24,0.14,97.8,1.8,255,2026-10-13 23:15:00,PT5M,0.0,0.0,0.0,0.0,0.0
0,0,0,0,24,0.14,97.7,1.8,255,2026-10-13 23:20:00,PT5M,0.0,0.0,0.0,0.0,0.0
0,0,0,0,24,0.14,97.7,1.8,256,2026-10-13 23:25:00,PT5M,0.0,0.0,0.0,0.0,0.0
0,0,0,0,24,0.14,97.6,1.7,256,2026-10-13 23:30:00,PT5M,0.0,0.0,0.0,0.0,0.0
0,0,0,0,24,0.14,97.6,1.7,257,2026-10-13 23:35:00,PT5M,0.0,0.0,0.0,0.0,0.0
0,0,0,0,24,0.14,97.6,1.7,257,2026-10-13 23:40:00,PT5M,0.0,0.0,0.0,0.0,0.0
0,0,0,0,24,0.14,97.6,1.7,257,2026-10-13 23:45:00,PT5M,0.0,0.0,0.0,0.0,0.0
0,0,0,0,24,0.14,97.6,1.7,258,2026-10-13 23:50:00,PT5M,0.0,0.0,0.0,0.0,0.0
0,0,0,0,24,0.14,97.6,1.7,258,2026-10-13 23:55:00,PT5M,0.0,0.0,0.0,0.0,0.0
0,0,0,0,24,0.14,97.6,1.7,258,2026-10-14 00:00:00,PT5M,0.0,0.0,0.0,0.0,0.0
0,0,0,0,24,0.14,97.6,1.7,259,2026-10-14 00:05:00,PT5M,0.0,0.0,0.0,0.0,0.0
0,0,0,0,24,0.14,97.6,1.7,259,2026-10-14 00:10:00,PT5M,0.0,0.0,0.0,0.0,0.0
0,0,0,0,24,0.14,97.6,1.7,259,2026-10-14 00:15:00,PT5M,0.0,0.0,0.0,0.0,0.0
0,0,0,0,24,0.14,97.6,1.7,259,2026-10-14 00:20:00,PT5M,0.0,0.0,0.0,0.0,0.0
0,0,0,0,24,0.14,97.6,1.7,260,2026-10-14 00:25:00,PT5M,0.0,0.0,0.0,0.0,0.0
0,0,0,0,24,0.14,97.6,1.7,260,2026-10-14 00:30:00,PT5M,0.0,0.0,0.0,0.0,0.0
0,0,0,0,24,0.14,97.6,1.7,260,2026-10-14 00:35:00,PT5M,0.0,0.0,0.0,0.0,0.0
0,0,0,0,24,0.14,97.6,1.7,261,2026-10-14 00:40:00,PT5M,0.0,0.0,0.0,0.0,0.0
0,0,0,0,24,0.14,97.6,1.7,261,2026-10-14 00:45:00,PT5M,0.0,0.0,0.0,0.0,0.0
0,0,0,0,24,0.14,97.6,1.7,262,2026-10-14 00:50:00,PT5M,0.0,0.0,0.0,0.0,0.0
0,0,0,0,24,0.14,97.6,1.7,262,2026-10-14 00:55:00,PT5M,0.0,0.0,0.0,0.0,0.0
0,0,0,0,24,0.14,97.6,1.7,263,2026-10-14 01:00:00,PT5M,0.0,0.0,0.0,0.0,0.0
0,0,0,0,23,0.14,97.6,1.7,263,2026-10-14 01:05:00,PT5M,0.0,0.0,0.0,0.0,0.0
0,0,0,0,23,0.14,97.6,1.6,264,2026-10-14 01:10:00,PT5M,0.0,0.0,0.0,0.0,0.0
0,0,0,0,23,0.14,97.6,1.6,264,2026-10-14 01:15:00,PT5M,0.0,0.0,0.0,0.0,0.0
0,0,0,0,23,0.14,97.6,1.6,265,2026-10-14 01:20:00,PT5M,0.0,0.0,0.0,0.0,0.0
0,0,0,0,23,0.14,97.6,1.6,266,2026-10-14 01:25:00,PT5M,0.0,0.0,0.0,0.0,0.0
0,0,0,0,23,0.14,97.6,1.6,266,2026-10-14 01:30:00,PT5M,0.0,0.0,0.0,0.0,0.0
0,0,0,0,23,0.14,97.6,1.6,267,2026-10-14 01:35:00,PT5M,0.0,0.0,0.0,0.0,0.0
0,0,0,0,23,0.14,97.6,1.6,267,2026-10-14 01:40:00,PT5M,0.0,0.0,0.0,0.0,0.0
0,0,0,0,23,0.14,97.6,1.6,267,2026-10-14 01:45:00,PT5M,0.0,0.0,0.0,0.0,0.0
0,0,0,0,23,0.14,97.6,1.6,267,2026-10-14 01:50:00,PT5M,0.0,0.0,0.0,0.0,0.0
0,0,0,0,23,0.14,97.6,1.6,268,2026-10-14 01:55:00,PT5M,0.0,0.0,0.0,0.0,0.0
0,0,0,0,23,0.14,97.6,1.6,268,2026-10-14 02:00:00,PT5M,0.0,0.0,0.0,0.0,0.0
0,0,0,0,23,0.14,97.6,1.6,268,2026-10-14 02:05:00,PT5M,0.0,0.0,0.0,0.0,0.0
0,0,0,0,23,0.14,97.6,1.6,269,2026-10-14 02:10:00,PT5M,0.0,0.0,0.0,0.0,0.0
0,0,0,0,23,0.14,97.6,1.6,269,2026-10-14 02:15:00,PT5M,0.0,0.0,0.0,0.0,0.0
0,0,0,0,23,0.14,97.6,1.6,269,2026-10-14 02:20:00,PT5M,0.0,0.0,0.0,0.0,0.0
0,0,0,0,23,0.14,97.6,1.6,270,2026-10-14 02:25:00,PT5M,0.0,0.0,0.0,0.0,0.0
0,0,0,0,23,0.14,97.6,1.6,270,2026-10-14 02:30:00,PT5M,0.0,0.0,0.0,0.0,0.0
0,0,0,0,23,0.14,97.6,1.6,270,2026-10-14 02:35:00,PT5M,0.0,0.0,0.0,0.0,0.0
0,0,0,0,23,0.14,97.6,1.6,270,2026-10-14 02:40:00,PT5M,0.0,0.0,0.0,0.0,0.0
0,0,0,0,23,0.14,97.6,1.6,270,2026-10-14 02:45:00,PT5M,0.0,0.0,0.0,0.0,0.0
0,0,0,0,23,0.14,97.6,1.5,270,2026-10-14 02:50:00,PT5M,0.0,0.0,0.0,0.0,0.0
0,0,0,0,23,0.14,97.6,1.5,270,2026-10-14 02:55:00,PT5M,0.0,0.0,0.0,0.0,0.0
0,0,0,0,23,0.14,97.6,1.5,270,2026-10-14 03:00:00,PT5M,0.0,0.0,0.0,0.0,0.0
0,0,0,0,23,0.14,97.6,1.5,270,2026-10-14 03:05:00,PT5M,0.0,0.0,0.0,0.0,0.0
0,0,0,0,23,0.14,97.6,1.5,270,2026-10-14 03:10:00,PT5M,0.0,0.0,0.0,0.0,0.0
0,0,0,0,23,0.14,97.6,1.5,270,2026-10-14 03:15:00,PT5M,0.0,0.0,0.0,0.0,0.0
0,0,0,0,23,0.14,97.6,1.4,270,2026-10-14 03:20:00,PT5M,0.0,0.0,0.0,0.0,0.0
0,0,0,0,23,0.14,97.6,1.4,270,2026-10-14 03:25:00,PT5M,0.0,0.0,0.0,0.0,0.0
0,0,0,0,23,0.14,97.6,1.4,270,2026-10-14 03:30:00,PT5M,0.0,0.0,0.0,0.0,0.0
0,0,0,0,23,0.14,97.6,1.4,270,2026-10-14 03:35:00,PT5M,0.0,0.0,0.0,0.0,0.0
0,0,0,0,23,0.14,97.7,1.4,270,2026-10-14 03:40:00,PT5M,0.0,0.0,0.0,0.0,0.0
0,0,0,0,23,0.14,97.7,1.4,270,2026-10-14 03:45:00,PT5M,0.0,0.0,0.0,0.0,0.0
0,0,0,0,23,0.14,97.8,1.3,270,2026-10-14 03:50:00,PT5M,0.0,0.0,0.0,0.0,0.0
0,0,0,0,23,0.14,97.8,1.3,270,2026-10-14 03:55:00,PT5M,0.0,0.0,0.0,0.0,0.0
0,0,0,0,23,0.14,97.9,1.3,270,2026-10-14 04:00:00,PT5M,0.0,0.0,0.0,0.0,0.0
0,0,0,0,23,0.14,97.9,1.3,270,2026-10-14 04:05:00,PT5M,0.0,0.0,0.0,0.0,0.0
0,0,0,0,23,0.14,98.0,1.3,270,2026-10-14 04:10:00,PT5M,0.0,0.0,0.0,0.0,0.0
0,0,0,0,23,0.14,98.0,1.3,270,2026-10-14 04:15:00,PT5M,0.0,0.0,0.0,0.0,0.0
0,0,0,0,23,0.14,98.1,1.2,270,2026-10-14 04:20:00,PT5M,0.0,0.0,0.0,0.0,0.0
0,0,0,0,23,0.14,98.1,1.2,270,2026-10-14 04:25:00,PT5M,0.0,0.0,0.0,0.0,0.0
0,0,0,0,23,0.14,98.2,1.2,270,2026-10-14 04:30:00,PT5M,0.0,0.0,0.0,0.0,0.0
0,0,0,0,23,0.14,98.2,1.2,270,2026-10-14 04:35:00,PT5M,0.0,0.0,0.0,0.0,0.0
0,0,0,0,23,0.14,98.2,1.2,271,2026-10-14 04:40:00,PT5M,0.0,0.0,0.0,0.0,0.0
0,0,0,0,23,0.14,98.2,1.2,271,2026-10-14 04:45:00,PT5M,0.0,0.0,0.0,0.0,0.0
0,0,0,0,23,0.14,98.2,1.1,271,2026-10-14 04:50:00,PT5M,0.0,0.0,0.0,0.0,0.0
0,0,0,0,23,0.14,98.2,1.1,272,2026-10-14 04:55:00,PT5M,0.0,0.0,0.0,0.0,0.0
0,0,0,0,23,0.14,98.2,1.1,272,2026-10-14 05:00:00,PT5M,0.0,0.0,0.0,0.0,0.0
0,0,0,0,23,0.14,98.2,1.1,273,2026-10-14 05:05:00,PT5M,0.0,0.0,0.0,0.0,0.0
0,0,0,0,23,0.14,98.2,1.1,273,2026-10-14 05:10:00,PT5M,0.0,0.0,0.0,0.0,0.0
0,0,0,0,23,0.14,98.2,1.1,274,2026-10-14 05:15:00,PT5M,0.0,0.0,0.0,0.0,0.0
0,0,0,0,23,0.14,98.2,1.0,274,2026-10-14 05:20:00,PT5M,0.0,0.0,0.0,0.0,0.0
0,0,0,0,23,0.14,98.2,1.0,275,2026-10-14 05:25:00,PT5M,0.0,0.0,0.0,0.0,0.0
0,0,0,0,23,0.14,98.2,1.0,275,2026-10-14 05:30:00,PT5M,0.0,0.0,0.0,0.0,0.0
0,0,0,0,23,0.14,97.9,1.0,275,2026-10-14 05:35:00,PT5M,0.0,0.0,0.0,0.0,0.0
0,0,0,0,23,0.14,97.2,1.0,274,2026-10-14 05:40:00,PT5M,0.0,0.0,0.0,0.0,0.0
0,0,0,0,23,0.14,96.6,1.0,272,2026-10-14 05:45:00,PT5M,0.0,0.0,0.0,0.0,0.0
0,0,0,0,23,0.14,96.0,1.0,271,2026-10-14 05:50:00,PT5M,0.0,0.0,0.0,0.0,0.0
0,0,0,0,24,0.14,95.4,1.0,269,2026-10-14 05:55:00,PT5M,0.0,0.0,0.0,0.0,0.0
4,4,0,4,24,0.14,94.7,1.0,268,2026-10-14 06:00:00,PT5M,0.0,0.034,0.0179,0.0,0.0
10,10,0,10,24,0.14,94.1,1.1,267,2026-10-14 06:05:00,PT5M,0.661,1.3225,1.0092,0.3128,0.0
17,17,0,17,24,0.14,93.5,1.1,265,2026-10-14 06:10:00,PT5M,1.646,3.1595,2.4426,0.8494,0.1325
26,26,0,26,24,0.14,92.9,1.1,264,2026-10-14 06:15:00,PT5M,2.745,5.5815,4.2379,1.2521,0.0
35,35,0,35,24,0.14,92.3,1.1,263,2026-10-14 06:20:00,PT5M,3.945,8.255,6.2134,1.6766,0.0
46,46,0,46,24,0.14,91.7,1.1,262,2026-10-14 06:25:00,PT5M,5.328,11.3085,8.4756,2.1804,0.0
58,58,0,58,24,0.14,91.1,1.1,260,2026-10-14 06:30:00,PT5M,6.926,14.791,11.0654,2.7866,0.0
71,71,22,67,25,0.14,90.5,1.1,259,2026-10-14 06:35:00,PT5M,9.148,18.9965,14.3313,3.9647,0.0
86,85,48,76,25,0.14,90.0,1.1,259,2026-10-14 06:40:00,PT5M,11.725,23.6035,17.9767,5.4733,0.0
101,100,73,84,25,0.14,89.5,1.1,258,2026-10-14 06:45:00,PT5M,14.654,28.5155,21.9494,7.3586,0.7925
117,115,100,92,25,0.14,88.9,1.2,257,2026-10-14 06:50:00,PT5M,17.798,33.6495,26.1408,9.4552,1.9465
134,132,126,100,25,0.14,88.4,1.2,256,2026-10-14 06:55:00,PT5M,21.182,39.0885,30.6063,11.7577,3.2755
151,148,149,107,25,0.14,87.9,1.2,256,2026-10-14 07:00:00,PT5M,24.663,44.7125,35.2152,14.1108,4.6135
168,164,169,115,25,0.14,87.4,1.2,255,2026-10-14 07:05:00,PT5M,28.148,50.3615,39.8391,16.4569,5.9345
184,180,188,122,25,0.14,86.8,1.2,254,2026-10-14 07:10:00,PT5M,31.748,56.1115,44.5707,18.9253,7.3845
202,197,206,129,25,0.14,86.3,1.2,254,2026-10-14 07:15:00,PT5M,35.45,61.963,49.404,21.496,8.937
219,214,224,135,26,0.14,85.8,1.2,253,2026-10-14 07:20:00,PT5M,39.243,67.8935,54.322,24.164,10.5925
237,231,242,141,26,0.14,85.3,1.2,252,2026-10-14 07:25:00,PT5M,43.136,73.9265,59.3413,26.9307,12.3455
255,249,259,147,26,0.14,84.8,1.3,252,2026-10-14 07:30:00,PT5M,47.128,80.078,64.4698,29.7862,14.178
273,267,276,153,26,0.14,84.3,1.3,251,2026-10-14 07:35:00,PT5M,51.151,86.294,69.647,32.655,16.008
291,284,292,159,26,0.14,83.8,1.3,250,2026-10-14 07:40:00,PT5M,54.862,91.9065,74.3588,35.3652,17.8175
309,302,308,164,26,0.14,83.3,1.3,249,2026-10-14 07:45:00,PT5M,57.494,95.084,77.2779,37.7101,19.904
327,320,324,169,26,0.14,82.8,1.3,248,2026-10-14 07:50:00,PT5M,60.06,98.141,80.1023,40.0177,21.979
346,338,339,173,26,0.14,82.3,1.3,247,2026-10-14 07:55:00,PT5M,62.554,100.0,82.8247,42.2833,24.039
365,356,355,177,26,0.14,81.9,1.3,246,2026-10-14 08:00:00,PT5M,64.964,100.0,85.4281,44.4999,26.0815
383,375,370,181,27,0.14,81.4,1.3,245,2026-10-14 08:05:00,PT5M,67.248,100.0,87.8992,46.5968,28.01
402,393,386,184,27,0.14,80.9,1.3,244,2026-10-14 08:10:00,PT5M,69.45,100.0,90.2078,48.6922,30.0095
421,412,401,187,27,0.14,80.4,1.3,243,2026-10-14 08:15:00,PT5M,71.53,100.0,92.3452,50.7148,31.9805
440,430,416,190,27,0.14,80.0,1.4,242,2026-10-14 08:20:00,PT5M,73.49,100.0,94.2981,52.6819,33.954
459,448,431,193,27,0.14,79.5,1.4,241,2026-10-14 08:25:00,PT5M,75.332,100.0,96.1077,54.5563,35.8575
477,467,446,195,27,0.14,79.0,1.4,240,2026-10-14 08:30:00,PT5M,77.098,100.0,97.8198,56.3762,37.726
494,483,455,198,27,0.14,78.5,1.4,239,2026-10-14 08:35:00,PT5M,78.334,100.0,99.0202,57.6478,39.0295
508,497,458,203,27,0.14,78.0,1.4,239,2026-10-14 08:40:00,PT5M,79.059,100.0,99.7358,58.3822,39.7725
523,511,460,208,27,0.14,77.6,1.4,238,2026-10-14 08:45:00,PT5M,79.74,100.0,100.0,59.0801,40.4855
536,525,463,213,28,0.14,77.1,1.5,237,2026-10-14 08:50:00,PT5M,80.386,100.0,100.0,59.7511,41.179
550,538,465,218,28,0.14,76.6,1.5,237,2026-10-14 08:55:00,PT5M,80.999,100.0,100.0,60.5241,42.096
563,551,467,223,28,0.14,76.1,1.5,236,2026-10-14 09:00:00,PT5M,81.581,100.0,100.0,61.2813,43.011
576,564,469,227,28,0.14,75.6,1.5,235,2026-10-14 09:05:00,PT5M,82.205,100.0,100.0,62.0816,43.97
589,577,472,232,28,0.14,75.1,1.5,235,2026-10-14 09:10:00,PT5M,82.811,100.0,100.0,62.8624,44.908
602,590,474,236,28,0.14,74.7,1.6,234,2026-10-14 09:15:00,PT5M,83.39,100.0,100.0,63.614,45.815
614,602,476,241,28,0.14,74.2,1.6,234,2026-10-14 09:20:00,PT5M,83.944,100.0,100.0,64.338,46.692
626,614,477,245,28,0.14,73.7,1.6,233,2026-10-14 09:25:00,PT5M,84.473,100.0,100.0,65.0344,47.539
637,625,479,249,28,0.14,73.3,1.6,233,2026-10-14 09:30:00,PT5M,84.979,100.0,100.0,65.7051,48.358
647,635,478,254,29,0.14,72.8,1.6,232,2026-10-14 09:35:00,PT5M,85.26,100.0,100.0,66.1303,48.913
655,643,473,260,29,0.14,72.4,1.7,232,2026-10-14 09:40:00,PT5M,85.323,100.0,100.0,66.3159,49.209
663,651,468,267,29,0.14,72.0,1.7,232,2026-10-14 09:45:00,PT5M,85.364,100.0,100.0,66.4748,49.474
669,657,462,273,29,0.14,71.6,1.7,231,2026-10-14 09:50:00,PT5M,85.348,100.0,100.0,66.5688,49.667
676,664,456,279,29,0.14,71.2,1.7,231,2026-10-14 09:55:00,PT5M,85.318,100.0,100.0,66.6428,49.8345
682,670,450,286,29,0.14,70.8,1.7,231,2026-10-14 10:00:00,PT5M,85.274,100.0,100.0,66.6964,49.976
687,675,445,292,29,0.14,70.4,1.7,231,2026-10-14 10:05:00,PT5M,85.225,100.0,100.0,66.7408,50.1045
692,680,439,297,29,0.14,70.0,1.8,230,2026-10-14 10:10:00,PT5M,85.171,100.0,100.0,66.776,50.22
697,685,434,303,30,0.14,69.6,1.8,230,2026-10-14 10:15:00,PT5M,85.099,100.0,100.0,66.788,50.3075
701,689,428,308,30,0.14,69.2,1.8,230,2026-10-14 10:20:00,PT5M,85.011,100.0,100.0,66.7795,50.3705
704,693,422,314,30,0.14,68.8,1.8,230,2026-10-14 10:25:00,PT5M,84.907,100.0,100.0,66.7505,50.409
707,696,417,319,30,0.14,68.4,1.8,230,2026-10-14 10:30:00,PT5M,84.785,100.0,100.0,66.6992,50.4215
711,700,413,323,30,0.14,68.0,1.9,229,2026-10-14 10:35:00,PT5M,84.77,100.0,100.0,66.7613,50.553
716,705,411,327,30,0.14,67.6,1.9,229,2026-10-14 10:40:00,PT5M,84.851,100.0,100.0,66.925,50.791
720,709,408,330,30,0.14,67.1,1.9,228,2026-10-14 10:45:00,PT5M,84.905,100.0,100.0,67.055,50.9895
723,712,406,333,30,0.14,66.7,1.9,227,2026-10-14 10:50:00,PT5M,84.927,100.0,100.0,67.1439,51.1385
726,715,404,337,30,0.14,66.3,1.9,227,2026-10-14 10:55:00,PT5M,84.905,100.0,100.0,67.1719,51.2115
729,718,401,340,31,0.14,65.9,1.9,226,2026-10-14 11:00:00,PT5M,84.885,100.0,100.0,67.2113,51.3045
731,720,399,342,31,0.14,65.5,2.0,226,2026-10-14 11:05:00,PT5M,84.852,100.0,100.0,67.2399,51.3885
733,722,396,345,31,0.14,65.1,2.0,225,2026-10-14 11:10:00,PT5M,84.786,100.0,100.0,67.2239,51.4175
734,724,393,348,31,0.14,64.7,2.0,225,2026-10-14 11:15:00,PT5M,84.689,100.0,100.0,67.1682,51.399
735,724,390,350,31,0.14,64.3,2.0,224,2026-10-14 11:20:00,PT5M,84.565,100.0,100.0,67.0792,51.3415
735,725,387,352,31,0.14,63.9,2.0,224,2026-10-14 11:25:00,PT5M,84.416,100.0,100.0,66.9602,51.2495
735,725,384,355,31,0.14,63.5,2.0,223,2026-10-14 11:30:00,PT5M,84.242,100.0,100.0,66.8112,51.123
734,724,380,357,31,0.14,63.5,2.0,223,2026-10-14 11:35:00,PT5M,84.011,100.0,100.0,66.5587,50.851
732,722,375,359,31,0.14,63.9,2.0,224,2026-10-14 11:40:00,PT5M,83.723,100.0,100.0,66.2022,50.433
730,720,370,362,31,0.14,64.3,2.0,225,2026-10-14 11:45:00,PT5M,83.408,100.0,100.0,65.813,49.977
727,717,365,364,31,0.14,64.7,2.0,226,2026-10-14 11:50:00,PT5M,83.063,100.0,100.0,65.3886,49.481
724,714,359,366,31,0.14,65.1,2.0,227,2026-10-14 11:55:00,PT5M,82.749,100.0,100.0,64.9893,49.005
720,710,354,368,31,0.14,65.5,2.0,228,2026-10-14 12:00:00,PT5M,82.553,100.0,100.0,64.7028,48.637
716,706,348,369,31,0.14,65.9,1.9,229,2026-10-14 12:05:00,PT5M,82.21,100.0,100.0,64.2629,48.11
711,702,342,372,31,0.14,66.3,1.9,229,2026-10-14 12:10:00,PT5M,81.825,100.0,99.875,63.775,47.5295
706,697,335,373,30,0.14,66.8,1.9,230,2026-10-14 12:15:00,PT5M,81.411,100.0,99.5686,63.2534,46.911
700,691,329,375,30,0.14,67.2,1.9,231,2026-10-14 12:20:00,PT5M,80.966,100.0,99.2357,62.6963,46.253
694,685,322,377,30,0.14,67.6,1.9,232,2026-10-14 12:25:00,PT5M,80.492,100.0,98.8772,62.1068,45.5595
687,679,315,378,30,0.14,68.0,1.9,233,2026-10-14 12:30:00,PT5M,79.988,100.0,98.4924,61.4836,44.829
679,671,306,380,30,0.14,68.4,1.9,234,2026-10-14 12:35:00,PT5M,79.283,100.0,97.9419,60.6241,43.8305
669,661,295,382,30,0.14,68.8,1.8,235,2026-10-14 12:40:00,PT5M,78.37,100.0,97.22,59.52,42.5545
658,651,284,384,30,0.14,69.2,1.8,236,2026-10-14 12:45:00,PT5M,77.406,100.0,96.4541,58.3579,41.214
648,641,272,385,30,0.14,69.6,1.8,237,2026-10-14 12:50:00,PT5M,76.426,100.0,95.6678,57.1842,39.866
637,630,261,386,30,0.14,70.0,1.8,238,2026-10-14 12:55:00,PT5M,75.449,100.0,94.8734,56.0246,38.542
626,619,251,387,30,0.14,70.4,1.8,239,2026-10-14 13:00:00,PT5M,74.407,100.0,94.0246,54.7894,37.133
614,608,240,387,30,0.14,70.8,1.8,240,2026-10-14 13:05:00,PT5M,73.339,100.0,93.1524,53.5256,35.693
603,597,231,386,29,0.14,71.3,1.8,241,2026-10-14 13:10:00,PT5M,72.253,100.0,92.2621,52.2439,34.235
591,586,222,385,29,0.14,71.7,1.8,243,2026-10-14 13:15:00,PT5M,71.132,100.0,91.3369,50.9271,32.742
580,575,213,383,29,0.14,72.1,1.8,244,2026-10-14 13:20:00,PT5M,69.982,100.0,90.3817,49.5823,31.222
568,563,204,381,29,0.14,72.5,1.8,245,2026-10-14 13:25:00,PT5M,68.758,100.0,89.3516,48.1644,29.6295
556,551,196,379,29,0.14,72.9,1.7,246,2026-10-14 13:30:00,PT5M,67.545,100.0,88.3312,46.7588,28.0505
543,539,186,376,29,0.14,73.3,1.7,247,2026-10-14 13:35:00,PT5M,66.244,100.0,87.2476,45.2404,26.3365
530,526,177,374,29,0.14,73.7,1.7,248,2026-10-14 13:40:00,PT5M,64.853,100.0,86.0971,43.6089,24.4885
517,513,167,370,29,0.14,74.1,1.7,249,2026-10-14 13:45:00,PT5M,63.429,100.0,84.91,41.948,22.6145
504,500,158,367,29,0.14,74.5,1.7,250,2026-10-14 13:50:00,PT5M,61.973,100.0,83.6874,40.2586,20.715
490,487,149,363,29,0.14,74.9,1.7,251,2026-10-14 13:55:00,PT5M,60.481,100.0,82.4259,38.5361,18.785
477,474,140,359,29,0.14,75.3,1.7,253,2026-10-14 14:00:00,PT5M,58.956,100.0,81.128,36.784,16.8285
463,460,131,355,28,0.14,75.7,1.7,254,2026-10-14 14:05:00,PT5M,57.356,99.91,79.7525,34.9595,14.802
449,447,121,350,28,0.14,76.1,1.7,255,2026-10-14 14:10:00,PT5M,55.715,98.687,78.3315,33.0985,12.743
435,433,112,345,28,0.14,76.5,1.7,256,2026-10-14 14:15:00,PT5M,54.046,97.4265,76.8775,31.2145,10.6655
421,419,103,340,28,0.14,76.9,1.7,257,2026-10-14 14:20:00,PT5M,52.506,96.3005,75.5554,29.4566,8.7115
408,406,95,334,28,0.14,77.3,1.7,258,2026-10-14 14:25:00,PT5M,50.795,94.9995,74.0601,27.5299,6.5905
394,392,86,328,28,0.14,77.8,1.7,259,2026-10-14 14:30:00,PT5M,49.059,93.661,72.5334,25.5846,4.457
382,381,81,322,28,0.14,78.2,1.7,261,2026-10-14 14:35:00,PT5M,47.678,92.5565,71.2979,24.0581,2.7995
373,372,79,316,28,0.14,78.7,1.7,262,2026-10-14 14:40:00,PT5M,46.648,91.699,70.3587,22.9373,1.597
364,363,76,309,28,0.14,79.1,1.7,263,2026-10-14 14:45:00,PT5M,45.609,90.739,69.3612,21.8568,0.479
355,353,75,302,28,0.14,79.6,1.7,264,2026-10-14 14:50:00,PT5M,44.585,89.595,68.2741,20.8959,0.0
345,344,73,295,28,0.14,80.0,1.7,265,2026-10-14 14:55:00,PT5M,43.53,88.402,67.1465,19.9135,0.0
336,335,71,288,27,0.14,80.5,1.7,266,2026-10-14 15:00:00,PT5M,42.445,87.1605,65.9791,18.9109,0.0
326,325,68,281,27,0.14,81.0,1.8,267,2026-10-14 15:05:00,PT5M,41.277,85.7875,64.7032,17.8508,0.0
316,315,64,275,27,0.14,81.5,1.8,268,2026-10-14 15:10:00,PT5M,40.008,84.2585,63.2974,16.7186,0.0
305,304,60,268,27,0.14,81.9,1.8,269,2026-10-14 15:15:00,PT5M,38.687,82.5805,61.7885,15.5855,0.0
295,294,57,260,27,0.14,82.4,1.8,271,2026-10-14 15:20:00,PT5M,37.32,80.8785,60.2451,14.3949,0.0
284,283,53,253,27,0.14,82.9,1.8,272,2026-10-14 15:25:00,PT5M,35.904,79.0805,58.6281,13.1799,0.0
273,272,48,246,27,0.14,83.4,1.8,273,2026-10-14 15:30:00,PT5M,34.442,77.1695,56.9298,11.9542,0.0
262,262,44,238,27,0.14,83.9,1.8,274,2026-10-14 15:35:00,PT5M,33.031,75.193,55.2212,10.8408,0.0
251,251,40,230,27,0.14,84.4,1.8,275,2026-10-14 15:40:00,PT5M,31.618,73.115,53.4582,9.7778,0.0
241,240,36,222,27,0.14,84.9,1.8,276,2026-10-14 15:45:00,PT5M,30.147,70.8915,51.5911,8.7029,0.0
230,229,32,214,27,0.14,85.4,1.8,277,2026-10-14 15:50:00,PT5M,28.618,68.532,49.625,7.611,0.0
218,218,27,206,26,0.14,85.9,1.9,278,2026-10-14 15:55:00,PT5M,27.341,66.3545,47.8741,6.8079,0.0
207,207,22,197,26,0.14,86.4,1.9,279,2026-10-14 16:00:00,PT5M,25.687,63.7365,45.7127,5.6613,0.0
196,196,18,189,26,0.14,86.9,1.9,280,2026-10-14 16:05:00,PT5M,24.049,61.1275,43.5637,4.5343,0.0
185,185,14,180,26,0.14,87.4,1.9,281,2026-10-14 16:10:00,PT5M,22.699,57.704,41.1224,4.2756,0.0
174,174,9,171,26,0.14,88.0,1.9,282,2026-10-14 16:15:00,PT5M,21.257,53.8885,38.4312,4.0828,0.0
163,163,5,161,26,0.14,88.5,1.9,283,2026-10-14 16:20:00,PT5M,19.736,50.032,35.681,3.791,0.0
152,152,0,152,26,0.14,89.0,1.9,283,2026-10-14 16:25:00,PT5M,18.189,46.17,32.9156,3.4624,0.0
141,141,0,141,26,0.14,89.5,2.0,284,2026-10-14 16:30:00,PT5M,16.936,42.57,30.4274,3.4446,0.0
129,130,0,130,26,0.14,90.1,2.0,285,2026-10-14 16:35:00,PT5M,15.627,38.9655,27.9102,3.3438,0.0
118,119,0,119,26,0.14,90.5,2.0,286,2026-10-14 16:40:00,PT5M,14.293,35.3595,25.3804,3.2056,0.0
107,108,0,108,26,0.14,91.0,2.0,287,2026-10-14 16:45:00,PT5M,12.952,31.787,22.865,3.039,0.0
96,97,0,97,25,0.14,91.5,2.0,288,2026-10-14 16:50:00,PT5M,11.586,28.2635,20.3635,2.8085,0.0
85,85,0,85,25,0.14,92.0,2.0,289,2026-10-14 16:55:00,PT5M,10.225,24.851,17.9228,2.5272,0.0
74,74,0,74,25,0.14,92.5,2.1,289,2026-10-14 17:00:00,PT5M,8.845,21.5025,15.5067,2.1833,0.0
64,64,0,64,25,0.14,93.0,2.1,290,2026-10-14 17:05:00,PT5M,7.474,18.2125,13.1257,1.8223,0.0
54,54,0,54,25,0.14,93.6,2.1,291,2026-10-14 17:10:00,PT5M,6.257,15.1215,10.9224,1.5916,0.0
44,44,0,44,25,0.14,94.1,2.1,292,2026-10-14 17:15:00,PT5M,5.092,12.1345,8.7985,1.3855,0.0
35,35,0,35,25,0.14,94.6,2.1,292,2026-10-14 17:20:00,PT5M,3.915,9.246,6.7207,1.1093,0.0
27,27,0,27,25,0.14,95.1,2.2,293,2026-10-14 17:25:00,PT5M,2.884,6.7225,4.9042,0.8638,0.0
20,20,0,20,25,0.14,95.6,2.2,294,2026-10-14 17:30:00,PT5M,1.984,4.4345,3.2737,0.6943,0.0
14,14,0,14,25,0.14,95.9,2.2,294,2026-10-14 17:35:00,PT5M,1.139,2.4705,1.8398,0.4382,0.0
8,8,0,8,25,0.14,95.9,2.1,294,2026-10-14 17:40:00,PT5M,0.36,0.939,0.6647,0.0553,0.0
3,3,0,3,25,0.14,95.9,2.1,294,2026-10-14 17:45:00,PT5M,0.0,0.0,0.0,0.0,0.0
0,0,0,0,25,0.14,95.9,2.1,294,2026-10-14 17:50:00,PT5M,0.0,0.0,0.0,0.0,0.0
0,0,0,0,25,0.14,95.9,2.1,294,2026-10-14 17:55:00,PT5M,0.0,0.0,0.0,0.0,0.0
0,0,0,0,25,0.14,95.9,2.0,293,2026-10-14 18:00:00,PT5M,0.0,0.0,0.0,0.0,0.0
0,0,0,0,25,0.14,95.9,2.0,293,2026-10-14 18:05:00,PT5M,0.0,0.0,0.0,0.0,0.0
0,0,0,0,25,0.14,95.9,2.0,293,2026-10-14 18:10:00,PT5M,0.0,0.0,0.0,0.0,0.0
0,0,0,0,25,0.14,95.9,1.9,293,2026-10-14 18:15:00,PT5M,0.0,0.0,0.0,0.0,0.0
0,0,0,0,25,0.14,95.9,1.9,293,2026-10-14 18:20:00,PT5M,0.0,0.0,0.0,0.0,0.0
0,0,0,0,25,0.14,95.9,1.9,293,2026-10-14 18:25:00,PT5M,0.0,0.0,0.0,0.0,0.0
0,0,0,0,25,0.14,95.9,1.9,292,2026-10-14 18:30:00,PT5M,0.0,0.0,0.0,0.0,0.0
0,0,0,0,25,0.14,95.9,1.8,292,2026-10-14 18:35:00,PT5M,0.0,0.0,0.0,0.0,0.0
0,0,0,0,25,0.14,96.0,1.8,292,2026-10-14 18:40:00,PT5M,0.0,0.0,0.0,0.0,0.0
0,0,0,0,25,0.14,96.0,1.8,292,2026-10-14 18:45:00,PT5M,0.0,0.0,0.0,0.0,0.0
0,0,0,0,25,0.14,96.1,1.8,292,2026-10-14 18:50:00,PT5M,0.0,0.0,0.0,0.0,0.0
0,0,0,0,25,0.14,96.1,1.8,292,2026-10-14 18:55:00,PT5M,0.0,0.0,0.0,0.0,0.0
0,0,0,0,25,0.14,96.2,1.7,292,2026-10-14 19:00:00,PT5M,0.0,0.0,0.0,0.0,0.0
0,0,0,0,24,0.14,96.2,1.7,292,2026-10-14 19:05:00,PT5M,0.0,0.0,0.0,0.0,0.0
0,0,0,0,24,0.14,96.2,1.7,292,2026-10-14 19:10:00,PT5M,0.0,0.0,0.0,0.0,0.0
0,0,0,0,24,0.14,96.3,1.7,292,2026-10-14 19:15:00,PT5M,0.0,0.0,0.0,0.0,0.0
0,0,0,0,24,0.14,96.3,1.7,292,2026-10-14 19:20:00,PT5M,0.0,0.0,0.0,0.0,0.0
0,0,0,0,24,0.14,96.4,1.6,292,2026-10-14 19:25:00,PT5M,0.0,0.0,0.0,0.0,0.0
0,0,0,0,24,0.14,96.4,1.6,292,2026-10-14 19:30:00,PT5M,0.0,0.0,0.0,0.0,0.0
0,0,0,0,24,0.14,96.5,1.6,292,2026-10-14 19:35:00,PT5M,0.0,0.0,0.0,0.0,0.0
0,0,0,0,24,0.14,96.5,1.6,291,2026-10-14 19:40:00,PT5M,0.0,0.0,0.0,0.0,0.0
0,0,0,0,24,0.14,96.6,1.5,291,2026-10-14 19:45:00,PT5M,0.0,0.0,0.0,0.0,0.0
0,0,0,0,24,0.14,96.6,1.5,291,2026-10-14 19:50:00,PT5M,0.0,0.0,0.0,0.0,0.0
0,0,0,0,24,0.14,96.7,1.5,291,2026-10-14 19:55:00,PT5M,0.0,0.0,0.0,0.0,0.0
0,0,0,0,24,0.14,96.7,1.5,290,2026-10-14 20:00:00,PT5M,0.0,0.0,0.0,0.0,0.0
0,0,0,0,24,0.14,96.8,1.4,290,2026-10-14 20:05:00,PT5M,0.0,0.0,0.0,0.0,0.0
0,0,0,0,24,0.14,96.8,1.4,290,2026-10-14 20:10:00,PT5M,0.0,0.0,0.0,0.0,0.0
0,0,0,0,24,0.14,96.9,1.4,290,2026-10-14 20:15:00,PT5M,0.0,0.0,0.0,0.0,0.0
0,0,0,0,24,0.14,96.9,1.3,289,2026-10-14 20:20:00,PT5M,0.0,0.0,0.0,0.0,0.0
0,0,0,0,24,0.14,97.0,1.3,289,2026-10-14 20:25:00,PT5M,0.0,0.0,0.0,0.0,0.0
0,0,0,0,24,0.14,97.0,1.3,289,2026-10-14 20:30:00,PT5M,0.0,0.0,0.0,0.0,0.0
0,0,0,0,24,0.14,97.0,1.3,288,2026-10-14 20:35:00,PT5M,0.0,0.0,0.0,0.0,0.0
0,0,0,0,24,0.14,97.0,1.2,288,2026-10-14 20:40:00,PT5M,0.0,0.0,0.0,0.0,0.0
0,0,0,0,24,0.14,97.0,1.2,287,2026-10-14 20:45:00,PT5M,0.0,0.0,0.0,0.0,0.0
0,0,0,0,24,0.14,97.0,1.2,287,2026-10-14 20:50:00,PT5M,0.0,0.0,0.0,0.0,0.0
0,0,0,0,24,0.14,97.0,1.2,286,2026-10-14 20:55:00,PT5M,0.0,0.0,0.0,0.0,0.0
0,0,0,0,24,0.14,97.0,1.2,286,2026-10-14 21:00:00,PT5M,0.0,0.0,0.0,0.0,0.0
0,0,0,0,24,0.14,97.0,1.1,285,2026-10-14 21:05:00,PT5M,0.0,0.0,0.0,0.0,0.0
0,0,0,0,24,0.14,97.0,1.1,284,2026-10-14 21:10:00,PT5M,0.0,0.0,0.0,0.0,0.0
0,0,0,0,24,0.14,97.0,1.1,284,2026-10-14 21:15:00,PT5M,0.0,0.0,0.0,0.0,0.0
0,0,0,0,24,0.14,97.0,1.1,283,2026-10-14 21:20:00,PT5M,0.0,0.0,0.0,0.0,0.0
0,0,0,0,24,0.14,97.0,1.0,282,2026-10-14 21:25:00,PT5M,0.0,0.0,0.0,0.0,0.0
0,0,0,0,24,0.14,97.0,1.0,282,2026-10-14 21:30:00,PT5M,0.0,0.0,0.0,0.0,0.0
0,0,0,0,24,0.14,97.1,1.0,281,2026-10-14 21:35:00,PT5M,0.0,0.0,0.0,0.0,0.0
0,0,0,0,24,0.14,97.2,1.0,280,2026-10-14 21:40:00,PT5M,0.0,0.0,0.0,0.0,0.0
0,0,0,0,24,0.14,97.3,1.0,279,2026-10-14 21:45:00,PT5M,0.0,0.0,0.0,0.0,0.0
0,0,0,0,24,0.14,97.4,1.0,279,2026-10-14 21:50:00,PT5M,0.0,0.0,0.0,0.0,0.0
0,0,0,0,24,0.14,97.5,0.9,278,2026-10-14 21:55:00,PT5M,0.0,0.0,0.0,0.0,0.0
0,0,0,0,24,0.14,97.6,0.9,277,2026-10-14 22:00:00,PT5M,0.0,0.0,0.0,0.0,0.0
0,0,0,0,24,0.14,97.7,0.9,276,2026-10-14 22:05:00,PT5M,0.0,0.0,0.0,0.0,0.0
0,0,0,0,24,0.14,97.8,0.9,275,2026-10-14 22:10:00,PT5M,0.0,0.0,0.0,0.0,0.0
0,0,0,0,24,0.14,97.9,0.9,274,2026-10-14 22:15:00,PT5M,0.0,0.0,0.0,0.0,0.0
0,0,0,0,24,0.14,98.0,0.8,273,2026-10-14 22:20:00,PT5M,0.0,0.0,0.0,0.0,0.0
0,0,0,0,24,0.14,98.1,0.8,272,2026-10-14 22:25:00,PT5M,0.0,0.0,0.0,0.0,0.0
0,0,0,0,24,0.14,98.2,0.8,271,2026-10-14 22:30:00,PT5M,0.0,0.0,0.0,0.0,0.0
0,0,0,0,24,0.14,98.2,0.8,269,2026-10-14 22:35:00,PT5M,0.0,0.0,0.0,0.0,0.0
0,0,0,0,24,0.14,98.2,0.8,268,2026-10-14 22:40:00,PT5M,0.0,0.0,0.0,0.0,0.0
0,0,0,0,24,0.14,98.2,0.8,267,2026-10-14 22:45:00,PT5M,0.0,0.0,0.0,0.0,0.0
0,0,0,0,24,0.14,98.2,0.7,266,2026-10-14 22:50:00,PT5M,0.0,0.0,0.0,0.0,0.0
0,0,0,0,24,0.14,98.2,0.7,264,2026-10-14 22:55:00,PT5M,0.0,0.0,0.0,0.0,0.0
0,0,0,0,24,0.14,98.2,0.7,263,2026-10-14 23:00:00,PT5M,0.0,0.0,0.0,0.0,0.0
0,0,0,0,24,0.14,98.2,0.7,261,2026-10-14 23:05:00,PT5M,0.0,0.0,0.0,0.0,0.0
0,0,0,0,24,0.14,98.2,0.7,260,2026-10-14 23:10:00,PT5M,0.0,0.0,0.0,0.0,0.0
0,0,0,0,24,0.14,98.2,0.7,258,2026-10-14 23:15:00,PT5M,0.0,0.0,0.0,0.0,0.0
0,0,0,0,24,0.14,98.2,0.7,256,2026-10-14 23:20:00,PT5M,0.0,0.0,0.0,0.0,0.0
0,0,0,0,24,0.14,98.2,0.6,254,2026-10-14 23:25:00,PT5M,0.0,0.0,0.0,0.0,0.0
0,0,0,0,24,0.14,98.2,0.6,253,2026-10-14 23:30:00,PT5M,0.0,0.0,0.0,0.0,0.0
0,0,0,0,24,0.14,98.2,0.6,251,2026-10-14 23:35:00,PT5M,0.0,0.0,0.0,0.0,0.0
0,0,0,0,24,0.14,98.2,0.7,251,2026-10-14 23:40:00,PT5M,0.0,0.0,0.0,0.0,0.0
0,0,0,0,24,0.14,98.2,0.7,251,2026-10-14 23:45:00,PT5M,0.0,0.0,0.0,0.0,0.0
0,0,0,0,24,0.14,98.2,0.7,251,2026-10-14 23:50:00,PT5M,0.0,0.0,0.0,0.0,0.0
0,0,0,0,24,0.14,98.2,0.7,251,2026-10-14 23:55:00,PT5M,0.0,0.0,0.0,0.0,0.0
0,0,0,0,24,0.14,98.2,0.7,250,2026-10-15 00:00:00,PT5M,0.0,0.0,0.0,0.0,0.0
0,0,0,0,24,0.14,98.2,0.8,250,2026-10-15 00:05:00,PT5M,0.0,0.0,0.0,0.0,0.0
0,0,0,0,24,0.14,98.2,0.8,250,2026-10-15 00:10:00,PT5M,0.0,0.0,0.0,0.0,0.0
0,0,0,0,24,0.14,98.2,0.8,250,2026-10-15 00:15:00,PT5M,0.0,0.0,0.0,0.0,0.0
0,0,0,0,24,0.14,98.2,0.8,250,2026-10-15 00:20:00,PT5M,0.0,0.0,0.0,0.0,0.0
0,0,0,0,24,0.14,98.2,0.8,250,2026-10-15 00:25:00,PT5M,0.0,0.0,0.0,0.0,0.0
0,0,0,0,24,0.14,98.2,0.8,250,2026-10-15 00:30:00,PT5M,0.0,0.0,0.0,0.0,0.0
0,0,0,0,24,0.14,98.2,0.9,249,2026-10-15 00:35:00,PT5M,0.0,0.0,0.0,0.0,0.0
0,0,0,0,24,0.14,98.1,0.9,248,2026-10-15 00:40:00,PT5M,0.0,0.0,0.0,0.0,0.0
0,0,0,0,24,0.14,98.1,0.9,248,2026-10-15 00:45:00,PT5M,0.0,0.0,0.0,0.0,0.0
0,0,0,0,24,0.14,98.0,0.9,247,2026-10-15 00:50:00,PT5M,0.0,0.0,0.0,0.0,0.0
0,0,0,0,24,0.14,98.0,1.0,247,2026-10-15 00:55:00,PT5M,0.0,0.0,0.0,0.0,0.0
0,0,0,0,24,0.14,97.9,1.0,246,2026-10-15 01:00:00,PT5M,0.0,0.0,0.0,0.0,0.0
0,0,0,0,24,0.14,97.9,1.0,246,2026-10-15 01:05:00,PT5M,0.0,0.0,0.0,0.0,0.0
0,0,0,0,24,0.14,97.8,1.0,245,2026-10-15 01:10:00,PT5M,0.0,0.0,0.0,0.0,0.0
0,0,0,0,24,0.14,97.8,1.0,245,2026-10-15 01:15:00,PT5M,0.0,0.0,0.0,0.0,0.0
0,0,0,0,24,0.14,97.7,1.1,244,2026-10-15 01:20:00,PT5M,0.0,0.0,0.0,0.0,0.0
0,0,0,0,24,0.14,97.7,1.1,244,2026-10-15 01:25:00,PT5M,0.0,0.0,0.0,0.0,0.0
0,0,0,0,24,0.14,97.6,1.1,244,2026-10-15 01:30:00,PT5M,0.0,0.0,0.0,0.0,0.0
0,0,0,0,24,0.14,97.6,1.1,244,2026-10-15 01:35:00,PT5M,0.0,0.0,0.0,0.0,0.0
0,0,0,0,24,0.14,97.7,1.2,244,2026-10-15 01:40:00,PT5M,0.0,0.0,0.0,0.0,0.0
0,0,0,0,24,0.14,97.7,1.2,244,2026-10-15 01:45:00,PT5M,0.0,0.0,0.0,0.0,0.0
0,0,0,0,24,0.14,97.8,1.2,244,2026-10-15 01:50:00,PT5M,0.0,0.0,0.0,0.0,0.0
0,0,0,0,24,0.14,97.8,1.2,244,2026-10-15 01:55:00,PT5M,0.0,0.0,0.0,0.0,0.0
0,0,0,0,24,0.14,97.9,1.3,244,2026-10-15 02:00:00,PT5M,0.0,0.0,0.0,0.0,0.0
0,0,0,0,24,0.14,97.9,1.3,245,2026-10-15 02:05:00,PT5M,0.0,0.0,0.0,0.0,0.0
0,0,0,0,24,0.14,98.0,1.3,245,2026-10-15 02:10:00,PT5M,0.0,0.0,0.0,0.0,0.0
0,0,0,0,24,0.14,98.0,1.3,245,2026-10-15 02:15:00,PT5M,0.0,0.0,0.0,0.0,0.0
0,0,0,0,24,0.14,98.1,1.4,245,2026-10-15 02:20:00,PT5M,0.0,0.0,0.0,0.0,0.0
0,0,0,0,24,0.14,98.1,1.4,245,2026-10-15 02:25:00,PT5M,0.0,0.0,0.0,0.0,0.0
0,0,0,0,24,0.14,98.2,1.4,245,2026-10-15 02:30:00,PT5M,0.0,0.0,0.0,0.0,0.0
0,0,0,0,24,0.14,98.2,1.4,245,2026-10-15 02:35:00,PT5M,0.0,0.0,0.0,0.0,0.0
0,0,0,0,24,0.14,98.1,1.5,245,2026-10-15 02:40:00,PT5M,0.0,0.0,0.0,0.0,0.0
0,0,0,0,24,0.14,98.1,1.5,246,2026-10-15 02:45:00,PT5M,0.0,0.0,0.0,0.0,0.0
0,0,0,0,24,0.14,98.0,1.5,246,2026-10-15 02:50:00,PT5M,0.0,0.0,0.0,0.0,0.0
0,0,0,0,24,0.14,98.0,1.5,246,2026-10-15 02:55:00,PT5M,0.0,0.0,0.0,0.0,0.0
0,0,0,0,24,0.14,97.9,1.6,246,2026-10-15 03:00:00,PT5M,0.0,0.0,0.0,0.0,0.0
0,0,0,0,24,0.14,97.9,1.6,246,2026-10-15 03:05:00,PT5M,0.0,0.0,0.0,0.0,0.0
0,0,0,0,24,0.14,97.8,1.6,246,2026-10-15 03:10:00,PT5M,0.0,0.0,0.0,0.0,0.0
0,0,0,0,24,0.14,97.8,1.7,246,2026-10-15 03:15:00,PT5M,0.0,0.0,0.0,0.0,0.0
0,0,0,0,24,0.14,97.7,1.7,246,2026-10-15 03:20:00,PT5M,0.0,0.0,0.0,0.0,0.0
0,0,0,0,24,0.14,97.7,1.7,246,2026-10-15 03:25:00,PT5M,0.0,0.0,0.0,0.0,0.0
0,0,0,0,24,0.14,97.6,1.7,246,2026-10-15 03:30:00,PT5M,0.0,0.0,0.0,0.0,0.0
0,0,0,0,24,0.14,97.6,1.8,246,2026-10-15 03:35:00,PT5M,0.0,0.0,0.0,0.0,0.0
0,0,0,0,24,0.14,97.7,1.8,246,2026-10-15 03:40:00,PT5M,0.0,0.0,0.0,0.0,0.0
0,0,0,0,24,0.14,97.7,1.8,245,2026-10-15 03:45:00,PT5M,0.0,0.0,0.0,0.0,0.0
0,0,0,0,24,0.14,97.8,1.8,245,2026-10-15 03:50:00,PT5M,0.0,0.0,0.0,0.0,0.0
0,0,0,0,24,0.14,97.8,1.8,245,2026-10-15 03:55:00,PT5M,0.0,0.0,0.0,0.0,0.0
0,0,0,0,24,0.14,97.9,1.8,244,2026-10-15 04:00:00,PT5M,0.0,0.0,0.0,0.0,0.0
0,0,0,0,24,0.14,97.9,1.8,244,2026-10-15 04:05:00,PT5M,0.0,0.0,0.0,0.0,0.0
0,0,0,0,24,0.14,98.0,1.9,244,2026-10-15 04:10:00,PT5M,0.0,0.0,0.0,0.0,0.0
0,0,0,0,24,0.14,98.0,1.9,243,2026-10-15 04:15:00,PT5M,0.0,0.0,0.0,0.0,0.0
0,0,0,0,24,0.14,98.1,1.9,243,2026-10-15 04:20:00,PT5M,0.0,0.0,0.0,0.0,0.0
0,0,0,0,24,0.14,98.1,1.9,243,2026-10-15 04:25:00,PT5M,0.0,0.0,0.0,0.0,0.0
0,0,0,0,24,0.14,98.2,1.9,242,2026-10-15 04:30:00,PT5M,0.0,0.0,0.0,0.0,0.0
0,0,0,0,24,0.14,98.2,1.9,242,2026-10-15 04:35:00,PT5M,0.0,0.0,0.0,0.0,0.0
0,0,0,0,24,0.14,98.2,2.0,242,2026-10-15 04:40:00,PT5M,0.0,0.0,0.0,0.0,0.0
0,0,0,0,24,0.14,98.2,2.0,242,2026-10-15 04:45:00,PT5M,0.0,0.0,0.0,0.0,0.0
0,0,0,0,24,0.14,98.2,2.0,243,2026-10-15 04:50:00,PT5M,0.0,0.0,0.0,0.0,0.0
0,0,0,0,24,0.14,98.2,2.0,243,2026-10-15 04:55:00,PT5M,0.0,0.0,0.0,0.0,0.0
0,0,0,0,24,0.14,98.2,2.1,243,2026-10-15 05:00:00,PT5M,0.0,0.0,0.0,0.0,0.0
0,0,0,0,23,0.14,98.2,2.1,243,2026-10-15 05:05:00,PT5M,0.0,0.0,0.0,0.0,0.0
0,0,0,0,23,0.14,98.2,2.1,243,2026-10-15 05:10:00,PT5M,0.0,0.0,0.0,0.0,0.0
0,0,0,0,23,0.14,98.2,2.1,243,2026-10-15 05:15:00,PT5M,0.0,0.0,0.0,0.0,0.0
0,0,0,0,23,0.14,98.2,2.2,243,2026-10-15 05:20:00,PT5M,0.0,0.0,0.0,0.0,0.0
0,0,0,0,23,0.14,98.2,2.2,243,2026-10-15 05:25:00,PT5M,0.0,0.0,0.0,0.0,0.0
0,0,0,0,23,0.14,98.2,2.2,243,2026-10-15 05:30:00,PT5M,0.0,0.0,0.0,0.0,0.0
0,0,0,0,24,0.14,97.9,2.2,243,2026-10-15 05:35:00,PT5M,0.0,0.0,0.0,0.0,0.0
0,0,0,0,24,0.14,97.4,2.2,243,2026-10-15 05:40:00,PT5M,0.0,0.0,0.0,0.0,0.0
0,0,0,0,24,0.14,96.9,2.2,242,2026-10-15 05:45:00,PT5M,0.0,0.0,0.0,0.0,0.0
0,0,0,0,24,0.14,96.3,2.1,242,2026-10-15 05:50:00,PT5M,0.0,0.0,0.0,0.0,0.0
0,0,0,0,24,0.14,95.8,2.1,242,2026-10-15 05:55:00,PT5M,0.0,0.0,0.0,0.0,0.0
3,3,0,3,24,0.14,95.3,2.1,241,2026-10-15 06:00:00,PT5M,0.0,0.0425,0.0224,0.0,0.0
7,7,0,7,24,0.14,94.7,2.0,241,2026-10-15 06:05:00,PT5M,0.254,0.928,0.6087,0.0,0.0
12,12,0,12,24,0.14,94.2,2.0,240,2026-10-15 06:10:00,PT5M,0.935,2.47,1.7429,0.1271,0.0
18,18,0,18,24,0.14,93.7,2.0,240,2026-10-15 06:15:00,PT5M,1.686,4.572,3.2049,0.1671,0.0
24,24,0,24,24,0.14,93.2,2.0,239,2026-10-15 06:20:00,PT5M,2.493,6.967,4.8477,0.1383,0.0
32,32,0,32,25,0.14,92.7,1.9,239,2026-10-15 06:25:00,PT5M,3.421,9.6805,6.7154,0.1266,0.0
39,40,0,40,25,0.14,92.2,1.9,238,2026-10-15 06:30:00,PT5M,4.489,12.704,8.8126,0.1654,0.0
48,49,0,49,25,0.14,91.7,1.9,238,2026-10-15 06:35:00,PT5M,5.602,15.802,10.9703,0.2337,0.0
59,59,0,59,25,0.14,91.2,1.9,238,2026-10-15 06:40:00,PT5M,6.853,19.038,13.2661,0.4399,0.0
70,70,0,70,25,0.14,90.8,1.8,238,2026-10-15 06:45:00,PT5M,8.295,22.455,15.7475,0.8425,0.0
81,82,0,82,25,0.14,90.3,1.8,238,2026-10-15 06:50:00,PT5M,9.794,25.966,18.3054,1.2826,0.0
94,94,0,94,25,0.14,89.9,1.8,238,2026-10-15 06:55:00,PT5M,11.329,29.534,20.9104,1.7476,0.0
107,107,0,107,25,0.14,89.5,1.8,238,2026-10-15 07:00:00,PT5M,12.92,33.2365,23.6127,2.2273,0.0
120,121,0,121,25,0.14,89.0,1.8,238,2026-10-15 07:05:00,PT5M,14.554,37.0415,26.3893,2.7187,0.0
135,135,10,132,25,0.14,88.6,1.7,238,2026-10-15 07:10:00,PT5M,16.798,41.4835,29.7902,3.8058,0.0
150,149,25,141,25,0.14,88.1,1.7,237,2026-10-15 07:15:00,PT5M,19.483,46.363,33.6301,5.3359,0.0
165,165,41,150,26,0.14,87.7,1.7,237,2026-10-15 07:20:00,PT5M,22.178,51.233,37.4699,6.8861,0.0
181,180,57,159,26,0.14,87.3,1.7,237,2026-10-15 07:25:00,PT5M,25.214,56.4355,41.6461,8.7819,0.0
198,197,74,168,26,0.14,86.8,1.7,237,2026-10-15 07:30:00,PT5M,28.44,61.833,46.015,10.865,0.0
214,212,87,176,26,0.14,86.4,1.6,237,2026-10-15 07:35:00,PT5M,31.346,66.996,50.1088,12.5832,0.0
228,226,97,184,26,0.14,85.9,1.6,237,2026-10-15 07:40:00,PT5M,33.698,71.346,53.5124,13.8836,0.0
242,240,106,192,26,0.14,85.5,1.6,236,2026-10-15 07:45:00,PT5M,35.905,74.2995,56.1123,15.6977,0.0
257,254,115,200,26,0.14,85.0,1.6,236,2026-10-15 07:50:00,PT5M,37.847,76.936,58.4198,17.2742,0.0
271,269,124,208,26,0.14,84.5,1.5,235,2026-10-15 07:55:00,PT5M,39.969,79.697,60.8781,19.0599,0.241
286,283,134,216,26,0.14,84.1,1.5,235,2026-10-15 08:00:00,PT5M,42.04,82.343,63.2518,20.8282,1.737
301,297,143,223,26,0.14,83.6,1.5,234,2026-10-15 08:05:00,PT5M,44.053,84.8565,65.5282,22.5778,3.2495
315,312,152,230,27,0.14,83.2,1.4,234,2026-10-15 08:10:00,PT5M,46.003,87.223,67.6974,24.3086,4.783
330,327,160,237,27,0.14,82.7,1.4,233,2026-10-15 08:15:00,PT5M,47.888,89.4315,69.7526,26.0234,6.3445
345,341,169,244,27,0.14,82.3,1.4,233,2026-10-15 08:20:00,PT5M,49.739,91.4865,71.711,27.767,7.9915
360,355,178,250,27,0.14,81.9,1.3,232,2026-10-15 08:25:00,PT5M,51.526,93.415,73.5725,29.4795,9.637
374,370,186,257,27,0.14,81.4,1.3,232,2026-10-15 08:30:00,PT5M,53.261,95.3105,75.392,31.13,11.2115
388,383,192,263,27,0.14,81.0,1.3,231,2026-10-15 08:35:00,PT5M,54.683,96.827,76.8637,32.5023,12.539
400,395,195,270,27,0.14,80.6,1.2,231,2026-10-15 08:40:00,PT5M,55.79,98.037,78.0249,33.5551,13.543
412,407,198,276,27,0.14,80.2,1.2,230,2026-10-15 08:45:00,PT5M,56.851,99.182,79.1301,34.5719,14.52
423,418,201,283,27,0.14,79.8,1.2,230,2026-10-15 08:50:00,PT5M,57.875,100.0,80.1886,35.5614,15.4785
434,429,204,289,27,0.14,79.4,1.2,229,2026-10-15 08:55:00,PT5M,58.864,100.0,81.2028,36.5252,16.4195
446,440,207,295,28,0.14,79.0,1.1,229,2026-10-15 09:00:00,PT5M,59.82,100.0,82.1759,37.4641,17.343
457,452,210,301,28,0.14,78.7,1.1,228,2026-10-15 09:05:00,PT5M,60.821,100.0,83.0509,38.5911,18.5835
468,463,214,306,28,0.14,78.3,1.1,228,2026-10-15 09:10:00,PT5M,61.827,100.0,83.923,39.731,19.844
479,474,217,312,28,0.14,77.9,1.1,227,2026-10-15 09:15:00,PT5M,62.799,100.0,84.7655,40.8325,21.062
490,484,221,317,28,0.14,77.5,1.0,227,2026-10-15 09:20:00,PT5M,63.733,100.0,85.579,41.887,22.225
501,495,224,322,28,0.14,77.2,1.0,226,2026-10-15 09:25:00,PT5M,64.642,100.0,86.369,42.915,23.36
511,505,228,326,28,0.14,76.8,1.0,225,2026-10-15 09:30:00,PT5M,65.519,100.0,87.1289,43.9091,24.4595
521,515,232,331,28,0.14,76.4,1.0,225,2026-10-15 09:35:00,PT5M,66.424,100.0,87.911,44.937,25.598
532,526,236,335,28,0.14,76.0,1.0,224,2026-10-15 09:40:00,PT5M,67.358,100.0,88.7161,45.9999,26.777
542,536,240,339,28,0.14,75.7,0.9,223,2026-10-15 09:45:00,PT5M,68.256,100.0,89.4867,47.0253,27.917
552,546,244,343,28,0.14,75.3,0.9,222,2026-10-15 09:50:00,PT5M,69.084,100.0,90.191,47.977,28.98
561,555,248,346,29,0.14,75.0,0.9,222,2026-10-15 09:55:00,PT5M,69.876,100.0,90.8622,48.8898,30.0015
571,564,252,350,29,0.14,74.6,0.9,221,2026-10-15 10:00:00,PT5M,70.633,100.0,91.5011,49.7649,30.983
580,573,255,353,29,0.14,74.2,0.8,220,2026-10-15 10:05:00,PT5M,71.349,100.0,92.1018,50.5962,31.918
588,581,258,356,29,0.14,73.9,0.8,219,2026-10-15 10:10:00,PT5M,72.025,100.0,92.6655,51.3845,32.8075
596,589,261,359,29,0.14,73.5,0.8,218,2026-10-15 10:15:00,PT5M,72.671,100.0,93.2009,52.1411,33.6635
604,597,264,362,29,0.14,73.2,0.8,217,2026-10-15 10:20:00,PT5M,73.287,100.0,93.7088,52.8652,34.485
612,605,267,365,29,0.14,72.8,0.8,216,2026-10-15 10:25:00,PT5M,73.876,100.0,94.1915,53.5605,35.276
619,612,270,368,29,0.14,72.5,0.7,214,2026-10-15 10:30:00,PT5M,74.436,100.0,94.6472,54.2248,36.034
626,619,273,370,29,0.14,72.1,0.7,213,2026-10-15 10:35:00,PT5M,74.97,100.0,95.0881,54.8519,36.745
633,625,276,372,30,0.14,71.7,0.7,211,2026-10-15 10:40:00,PT5M,75.473,100.0,95.5103,55.4357,37.4015
639,632,278,374,30,0.14,71.3,0.7,209,2026-10-15 10:45:00,PT5M,75.94,100.0,95.901,55.979,38.0135
645,638,281,376,30,0.14,70.9,0.6,206,2026-10-15 10:50:00,PT5M,76.364,100.0,96.256,56.472,38.5685
651,643,283,378,30,0.14,70.5,0.6,204,2026-10-15 10:55:00,PT5M,76.73,100.0,96.5649,56.8951,39.043
656,648,286,379,30,0.14,70.1,0.6,201,2026-10-15 11:00:00,PT5M,77.104,100.0,96.8742,57.3338,39.54
661,653,288,380,30,0.14,69.7,0.6,199,2026-10-15 11:05:00,PT5M,77.467,100.0,97.1704,57.7636,40.03
666,658,291,381,30,0.14,69.3,0.6,196,2026-10-15 11:10:00,PT5M,77.783,100.0,97.4287,58.1373,40.4555
670,662,293,382,30,0.14,68.9,0.5,192,2026-10-15 11:15:00,PT5M,78.062,100.0,97.6562,58.4678,40.8325
674,666,295,383,30,0.14,68.5,0.5,189,2026-10-15 11:20:00,PT5M,78.31,100.0,97.8573,58.7627,41.1695
677,669,297,383,30,0.14,68.1,0.5,186,2026-10-15 11:25:00,PT5M,78.528,100.0,98.0324,59.0236,41.469
680,672,299,384,31,0.14,67.7,0.5,182,2026-10-15 11:30:00,PT5M,78.718,100.0,98.1829,59.2531,41.734
680,672,297,385,31,0.14,67.7,0.5,181,2026-10-15 11:35:00,PT5M,78.629,100.0,98.1068,59.1512,41.6205
677,669,291,388,31,0.14,68.0,0.5,183,2026-10-15 11:40:00,PT5M,78.263,100.0,97.8066,58.7194,41.1295
674,666,285,390,30,0.14,68.4,0.5,185,2026-10-15 11:45:00,PT5M,77.868,100.0,97.4816,58.2544,40.6015
670,662,279,392,30,0.14,68.8,0.5,187,2026-10-15 11:50:00,PT5M,77.443,100.0,97.1308,57.7552,40.0355
666,658,273,394,30,0.14,69.1,0.5,189,2026-10-15 11:55:00,PT5M,77.03,100.0,96.7963,57.2637,39.4735
661,654,267,395,30,0.14,69.5,0.5,190,2026-10-15 12:00:00,PT5M,76.624,100.0,96.4726,56.7754,38.911
656,649,261,397,30,0.14,69.9,0.5,192,2026-10-15 12:05:00,PT5M,76.187,100.0,96.1217,56.2523,38.3105
651,644,255,398,30,0.14,70.2,0.5,194,2026-10-15 12:10:00,PT5M,75.718,100.0,95.7424,55.6936,37.671
645,638,249,399,30,0.14,70.6,0.5,196,2026-10-15 12:15:00,PT5M,75.217,100.0,95.3343,55.0997,36.9935
639,632,243,399,30,0.14,71.0,0.5,198,2026-10-15 12:20:00,PT5M,74.685,100.0,94.8986,54.4714,36.2785
633,626,237,400,30,0.14,71.3,0.5,199,2026-10-15 12:25:00,PT5M,74.121,100.0,94.4333,53.8087,35.527
626,620,230,400,30,0.14,71.7,0.5,201,2026-10-15 12:30:00,PT5M,73.526,100.0,93.9399,53.1121,34.739
619,613,224,400,30,0.14,72.1,0.5,202,2026-10-15 12:35:00,PT5M,72.895,100.0,93.4041,52.3859,33.927
611,606,218,399,29,0.14,72.4,0.5,203,2026-10-15 12:40:00,PT5M,72.219,100.0,92.8195,51.6185,33.0775
604,598,212,399,29,0.14,72.8,0.5,204,2026-10-15 12:45:00,PT5M,71.494,100.0,92.1923,50.7957,32.1665
596,591,206,398,29,0.14,73.1,0.6,205,2026-10-15 12:50:00,PT5M,70.728,100.0,91.5213,49.9347,31.22
588,583,200,397,29,0.14,73.5,0.6,205,2026-10-15 12:55:00,PT5M,70.003,100.0,90.884,49.122,30.3285
579,574,194,395,29,0.14,73.8,0.6,206,2026-10-15 13:00:00,PT5M,69.201,100.0,90.1807,48.2213,29.339
571,566,188,393,29,0.14,74.2,0.6,207,2026-10-15 13:05:00,PT5M,68.353,100.0,89.4358,47.2702,28.295
562,557,182,391,29,0.14,74.6,0.6,208,2026-10-15 13:10:00,PT5M,67.467,100.0,88.6556,46.2784,27.208
553,548,176,389,29,0.14,74.9,0.6,208,2026-10-15 13:15:00,PT5M,66.55,100.0,87.8462,45.2538,26.0865
543,539,170,387,29,0.14,75.3,0.6,209,2026-10-15 13:20:00,PT5M,65.606,100.0,87.0106,44.2014,24.9365
534,530,164,384,29,0.14,75.7,0.6,210,2026-10-15 13:25:00,PT5M,64.633,100.0,86.1469,43.1191,23.756
524,520,159,381,29,0.14,76.0,0.6,211,2026-10-15 13:30:00,PT5M,63.629,100.0,85.2534,42.0046,22.542
513,510,152,377,29,0.14,76.4,0.6,211,2026-10-15 13:35:00,PT5M,62.541,100.0,84.2849,40.7971,21.227
502,499,145,374,29,0.14,76.8,0.6,212,2026-10-15 13:40:00,PT5M,61.368,100.0,83.24,39.496,19.8105
491,488,139,370,28,0.14,77.2,0.6,213,2026-10-15 13:45:00,PT5M,60.163,100.0,82.1637,38.1623,18.361
480,477,132,366,28,0.14,77.6,0.6,213,2026-10-15 13:50:00,PT5M,58.925,100.0,81.0549,36.7951,16.8775
469,466,125,362,28,0.14,78.1,0.6,214,2026-10-15 13:55:00,PT5M,57.653,99.948,79.9132,35.3928,15.358
457,455,119,357,28,0.14,78.5,0.6,215,2026-10-15 14:00:00,PT5M,56.342,98.8865,78.7335,33.9505,13.7975
445,443,112,353,28,0.14,78.9,0.6,215,2026-10-15 14:05:00,PT5M,54.972,97.768,77.4958,32.4482,12.176
433,431,105,348,28,0.14,79.3,0.6,216,2026-10-15 14:10:00,PT5M,53.572,96.619,76.2279,30.9161,10.525
421,419,99,342,28,0.14,79.7,0.6,217,2026-10-15 14:15:00,PT5M,52.291,95.5885,75.0788,29.5032,8.9935
409,407,92,337,28,0.14,80.2,0.6,217,2026-10-15 14:20:00,PT5M,50.847,94.406,73.7724,27.9216,7.288
397,396,86,331,28,0.14,80.6,0.6,218,2026-10-15 14:25:00,PT5M,49.376,93.203,72.4425,26.3095,5.549
385,384,79,325,28,0.14,81.0,0.6,218,2026-10-15 14:30:00,PT5M,47.879,91.971,71.0849,24.6731,3.787
374,373,74,319,28,0.14,81.4,0.6,219,2026-10-15 14:35:00,PT5M,46.516,90.835,69.8414,23.1906,2.197
364,362,70,312,27,0.14,81.8,0.7,220,2026-10-15 14:40:00,PT5M,45.284,89.7945,68.7102,21.8578,0.7735
353,352,67,305,27,0.14,82.2,0.7,221,2026-10-15 14:45:00,PT5M,44.053,88.752,67.5784,20.5276,0.0
343,342,64,299,27,0.14,82.5,0.7,223,2026-10-15 14:50:00,PT5M,42.828,87.514,66.3466,19.3094,0.0
333,332,60,292,27,0.14,82.9,0.7,224,2026-10-15 14:55:00,PT5M,41.574,86.147,65.0331,18.1149,0.0
323,322,57,285,27,0.14,83.2,0.7,225,2026-10-15 15:00:00,PT5M,40.292,84.733,63.6816,16.9024,0.0
312,311,53,278,27,0.14,83.6,0.7,225,2026-10-15 15:05:00,PT5M,38.931,83.1925,62.2261,15.6359,0.0
301,301,48,271,27,0.14,84.0,0.7,226,2026-10-15 15:10:00,PT5M,37.473,81.5015,60.6455,14.3005,0.0
290,290,43,264,27,0.14,84.4,0.7,227,2026-10-15 15:15:00,PT5M,35.969,79.732,59.0018,12.9362,0.0
279,279,38,256,27,0.14,84.7,0.7,228,2026-10-15 15:20:00,PT5M,34.424,77.8175,57.2623,11.5857,0.0
268,268,33,249,27,0.14,85.1,0.8,229,2026-10-15 15:25:00,PT5M,32.838,75.877,55.4897,10.1863,0.0
257,257,27,241,27,0.14,85.5,0.8,230,2026-10-15 15:30:00,PT5M,31.561,74.1755,53.9893,9.1327,0.0
245,245,22,234,27,0.14,85.9,0.8,230,2026-10-15 15:35:00,PT5M,29.894,71.9815,52.045,7.743,0.0
233,234,16,226,27,0.14,86.3,0.8,230,2026-10-15 15:40:00,PT5M,28.146,69.6215,49.9749,6.3171,0.0
222,222,9,217,26,0.14,86.7,0.8,230,2026-10-15 15:45:00,PT5M,26.367,67.141,47.8266,4.9074,0.0
210,211,3,209,26,0.14,87.2,0.8,230,2026-10-15 15:50:00,PT5M,24.556,64.548,45.6041,3.5079,0.0
198,199,0,199,26,0.14,87.6,0.8,230,2026-10-15 15:55:00,PT5M,22.983,62.123,43.5827,2.3833,0.0
187,188,0,188,26,0.14,88.0,0.8,230,2026-10-15 16:00:00,PT5M,21.648,59.8705,41.7648,1.5312,0.0
176,176,0,176,26,0.14,88.5,0.9,230,2026-10-15 16:05:00,PT5M,20.33,57.627,39.9597,0.7003,0.0
165,165,0,165,26,0.14,88.9,0.9,230,2026-10-15 16:10:00,PT5M,19.353,54.485,37.8432,0.8628,0.0
154,154,0,154,26,0.14,89.3,0.9,230,2026-10-15 16:15:00,PT5M,18.267,51.049,35.5204,1.0136,0.0
143,144,0,144,26,0.14,89.8,0.9,230,2026-10-15 16:20:00,PT5M,17.107,47.5715,33.1407,1.0733,0.0
133,133,0,133,26,0.14,90.2,0.9,229,2026-10-15 16:25:00,PT5M,15.912,44.078,30.736,1.088,0.0
122,122,0,122,26,0.14,90.7,0.9,229,2026-10-15 16:30:00,PT5M,14.699,40.574,28.3172,1.0808,0.0
112,112,0,112,26,0.14,91.1,0.9,230,2026-10-15 16:35:00,PT5M,13.477,37.0605,25.8892,1.0648,0.0
102,102,0,102,26,0.14,91.6,0.9,230,2026-10-15 16:40:00,PT5M,12.268,33.534,23.4604,1.0756,0.0
92,92,0,92,25,0.14,92.1,1.0,231,2026-10-15 16:45:00,PT5M,11.063,30.094,21.0792,1.0468,0.0
82,83,0,83,25,0.14,92.6,1.0,232,2026-10-15 16:50:00,PT5M,9.839,26.7075,18.717,0.961,0.0
72,73,0,73,25,0.14,93.1,1.0,232,2026-10-15 16:55:00,PT5M,8.635,23.4455,16.4299,0.8401,0.0
63,63,0,63,25,0.14,93.7,1.0,233,2026-10-15 17:00:00,PT5M,7.408,20.235,14.1589,0.6571,0.0
54,54,0,54,25,0.14,94.2,1.0,233,2026-10-15 17:05:00,PT5M,6.215,17.1035,11.9457,0.4843,0.0
45,45,0,45,25,0.14,94.7,1.0,234,2026-10-15 17:10:00,PT5M,5.163,14.149,9.8924,0.4336,0.0
37,37,0,37,25,0.14,95.2,1.0,235,2026-10-15 17:15:00,PT5M,4.154,11.2855,7.9074,0.4006,0.0
30,30,0,30,25,0.14,95.7,1.0,235,2026-10-15 17:20:00,PT5M,3.144,8.5325,5.98,0.308,0.0
23,23,0,23,25,0.14,96.3,1.1,236,2026-10-15 17:25:00,PT5M,2.274,6.1445,4.3111,0.2369,0.0
17,17,0,17,25,0.14,96.8,1.1,236,2026-10-15 17:30:00,PT5M,1.508,3.9245,2.7798,0.2362,0.0
11,11,0,11,25,0.14,97.0,1.1,236,2026-10-15 17:35:00,PT5M,0.795,2.085,1.4739,0.1161,0.0
6,6,0,6,25,0.14,97.0,1.1,237,2026-10-15 17:40:00,PT5M,0.142,0.679,0.4246,0.0,0.0
2,2,0,2,25,0.14,97.0,1.1,237,2026-10-15 17:45:00,PT5M,0.0,0.0,0.0,0.0,0.0
0,0,0,0,25,0.14,97.0,1.1,238,2026-10-15 17:50:00,PT5M,0.0,0.0,0.0,0.0,0.0
0,0,0,0,25,0.14,97.0,1.1,238,2026-10-15 17:55:00,PT5M,0.0,0.0,0.0,0.0,0.0
0,0,0,0,25,0.14,97.0,1.1,238,2026-10-15 18:00:00,PT5M,0.0,0.0,0.0,0.0,0.0
0,0,0,0,24,0.14,97.0,1.1,239,2026-10-15 18:05:00,PT5M,0.0,0.0,0.0,0.0,0.0
0,0,0,0,24,0.14,97.0,1.0,239,2026-10-15 18:10:00,PT5M,0.0,0.0,0.0,0.0,0.0
0,0,0,0,24,0.14,97.0,1.0,240,2026-10-15 18:15:00,PT5M,0.0,0.0,0.0,0.0,0.0
0,0,0,0,24,0.14,97.0,1.0,240,2026-10-15 18:20:00,PT5M,0.0,0.0,0.0,0.0,0.0
0,0,0,0,24,0.14,97.0,1.0,240,2026-10-15 18:25:00,PT5M,0.0,0.0,0.0,0.0,0.0
0,0,0,0,24,0.14,97.0,1.0,241,2026-10-15 18:30:00,PT5M,0.0,0.0,0.0,0.0,0.0
0,0,0,0,24,0.14,97.1,1.0,241,2026-10-15 18:35:00,PT5M,0.0,0.0,0.0,0.0,0.0
0,0,0,0,24,0.14,97.1,1.0,242,2026-10-15 18:40:00,PT5M,0.0,0.0,0.0,0.0,0.0
0,0,0,0,24,0.14,97.2,1.0,243,2026-10-15 18:45:00,PT5M,0.0,0.0,0.0,0.0,0.0
0,0,0,0,24,0.14,97.2,1.0,244,2026-10-15 18:50:00,PT5M,0.0,0.0,0.0,0.0,0.0
0,0,0,0,24,0.14,97.3,1.0,245,2026-10-15 18:55:00,PT5M,0.0,0.0,0.0,0.0,0.0
0,0,0,0,24,0.14,97.3,1.0,246,2026-10-15 19:00:00,PT5M,0.0,0.0,0.0,0.0,0.0
0,0,0,0,24,0.14,97.4,1.0,246,2026-10-15 19:05:00,PT5M,0.0,0.0,0.0,0.0,0.0
0,0,0,0,24,0.14,97.4,1.0,247,2026-10-15 19:10:00,PT5M,0.0,0.0,0.0,0.0,0.0
0,0,0,0,24,0.14,97.5,1.0,248,2026-10-15 19:15:00,PT5M,0.0,0.0,0.0,0.0,0.0
0,0,0,0,24,0.14,97.5,1.0,249,2026-10-15 19:20:00,PT5M,0.0,0.0,0.0,0.0,0.0
0,0,0,0,24,0.14,97.6,1.0,250,2026-10-15 19:25:00,PT5M,0.0,0.0,0.0,0.0,0.0
0,0,0,0,24,0.14,97.6,1.0,251,2026-10-15 19:30:00,PT5M,0.0,0.0,0.0,0.0,0.0
0,0,0,0,24,0.14,97.6,1.0,252,2026-10-15 19:35:00,PT5M,0.0,0.0,0.0,0.0,0.0
0,0,0,0,24,0.14,97.6,1.0,253,2026-10-15 19:40:00,PT5M,0.0,0.0,0.0,0.0,0.0
0,0,0,0,24,0.14,97.5,1.0,253,2026-10-15 19:45:00,PT5M,0.0,0.0,0.0,0.0,0.0
0,0,0,0,24,0.14,97.5,1.0,254,2026-10-15 19:50:00,PT5M,0.0,0.0,0.0,0.0,0.0
0,0,0,0,24,0.14,97.4,1.0,254,2026-10-15 19:55:00,PT5M,0.0,0.0,0.0,0.0,0.0
0,0,0,0,24,0.14,97.4,1.0,255,2026-10-15 20:00:00,PT5M,0.0,0.0,0.0,0.0,0.0
0,0,0,0,24,0.14,97.3,1.0,256,2026-10-15 20:05:00,PT5M,0.0,0.0,0.0,0.0,0.0
0,0,0,0,24,0.14,97.3,1.0,256,2026-10-15 20:10:00,PT5M,0.0,0.0,0.0,0.0,0.0
0,0,0,0,24,0.14,97.2,1.0,257,2026-10-15 20:15:00,PT5M,0.0,0.0,0.0,0.0,0.0
0,0,0,0,24,0.14,97.2,1.0,257,2026-10-15 20:20:00,PT5M,0.0,0.0,0.0,0.0,0.0
0,0,0,0,24,0.14,97.1,1.0,258,2026-10-15 20:25:00,PT5M,0.0,0.0,0.0,0.0,0.0
0,0,0,0,24,0.14,97.1,1.0,258,2026-10-15 20:30:00,PT5M,0.0,0.0,0.0,0.0,0.0
0,0,0,0,24,0.14,97.1,1.0,259,2026-10-15 20:35:00,PT5M,0.0,0.0,0.0,0.0,0.0
0,0,0,0,24,0.14,97.1,1.0,260,2026-10-15 20:40:00,PT5M,0.0,0.0,0.0,0.0,0.0
0,0,0,0,24,0.14,97.2,1.0,260,2026-10-15 20:45:00,PT5M,0.0,0.0,0.0,0.0,0.0
0,0,0,0,24,0.14,97.2,1.0,261,2026-10-15 20:50:00,PT5M,0.0,0.0,0.0,0.0,0.0
0,0,0,0,24,0.14,97.3,1.1,261,2026-10-15 20:55:00,PT5M,0.0,0.0,0.0,0.0,0.0
0,0,0,0,24,0.14,97.3,1.1,262,2026-10-15 21:00:00,PT5M,0.0,0.0,0.0,0.0,0.0
0,0,0,0,24,0.14,97.4,1.1,262,2026-10-15 21:05:00,PT5M,0.0,0.0,0.0,0.0,0.0
0,0,0,0,24,0.14,97.4,1.1,263,2026-10-15 21:10:00,PT5M,0.0,0.0,0.0,0.0,0.0
0,0,0,0,24,0.14,97.5,1.1,263,2026-10-15 21:15:00,PT5M,0.0,0.0,0.0,0.0,0.0
0,0,0,0,24,0.14,97.5,1.1,264,2026-10-15 21:20:00,PT5M,0.0,0.0,0.0,0.0,0.0
0,0,0,0,24,0.14,97.6,1.1,264,2026-10-15 21:25:00,PT5M,0.0,0.0,0.0,0.0,0.0
0,0,0,0,24,0.14,97.6,1.1,265,2026-10-15 21:30:00,PT5M,0.0,0.0,0.0,0.0,0.0
0,0,0,0,24,0.14,97.6,1.1,265,2026-10-15 21:35:00,PT5M,0.0,0.0,0.0,0.0,0.0
0,0,0,0,24,0.14,97.6,1.1,265,2026-10-15 21:40:00,PT5M,0.0,0.0,0.0,0.0,0.0
0,0,0,0,24,0.14,97.6,1.1,266,2026-10-15 21:45:00,PT5M,0.0,0.0,0.0,0.0,0.0
0,0,0,0,24,0.14,97.6,1.1,266,2026-10-15 21:50:00,PT5M,0.0,0.0,0.0,0.0,0.0
0,0,0,0,24,0.14,97.6,1.1,267,2026-10-15 21:55:00,PT5M,0.0,0.0,0.0,0.0,0.0
0,0,0,0,24,0.14,97.6,1.1,267,2026-10-15 22:00:00,PT5M,0.0,0.0,0.0,0.0,0.0
0,0,0,0,24,0.14,97.6,1.1,268,2026-10-15 22:05:00,PT5M,0.0,0.0,0.0,0.0,0.0
0,0,0,0,24,0.14,97.6,1.1,268,2026-10-15 22:10:00,PT5M,0.0,0.0,0.0,0.0,0.0
0,0,0,0,24,0.14,97.6,1.1,268,2026-10-15 22:15:00,PT5M,0.0,0.0,0.0,0.0,0.0
0,0,0,0,24,0.14,97.6,1.1,269,2026-10-15 22:20:00,PT5M,0.0,0.0,0.0,0.0,0.0
0,0,0,0,24,0.14,97.6,1.1,269,2026-10-15 22:25:00,PT5M,0.0,0.0,0.0,0.0,0.0
0,0,0,0,24,0.14,97.6,1.1,270,2026-10-15 22:30:00,PT5M,0.0,0.0,0.0,0.0,0.0
0,0,0,0,24,0.14,97.6,1.1,270,2026-10-15 22:35:00,PT5M,0.0,0.0,0.0,0.0,0.0
0,0,0,0,24,0.14,97.7,1.1,271,2026-10-15 22:40:00,PT5M,0.0,0.0,0.0,0.0,0.0
0,0,0,0,24,0.14,97.7,1.1,272,2026-10-15 22:45:00,PT5M,0.0,0.0,0.0,0.0,0.0
0,0,0,0,24,0.14,97.8,1.1,273,2026-10-15 22:50:00,PT5M,0.0,0.0,0.0,0.0,0.0
0,0,0,0,24,0.14,97.8,1.1,274,2026-10-15 22:55:00,PT5M,0.0,0.0,0.0,0.0,0.0
0,0,0,0,24,0.14,97.9,1.1,275,2026-10-15 23:00:00,PT5M,0.0,0.0,0.0,0.0,0.0
0,0,0,0,24,0.14,97.9,1.2,275,2026-10-15 23:05:00,PT5M,0.0,0.0,0.0,0.0,0.0
0,0,0,0,24,0.14,98.0,1.2,276,2026-10-15 23:10:00,PT5M,0.0,0.0,0.0,0.0,0.0
0,0,0,0,24,0.14,98.0,1.2,277,2026-10-15 23:15:00,PT5M,0.0,0.0,0.0,0.0,0.0
0,0,0,0,24,0.14,98.1,1.2,278,2026-10-15 23:20:00,PT5M,0.0,0.0,0.0,0.0,0.0
0,0,0,0,24,0.14,98.1,1.2,278,2026-10-15 23:25:00,PT5M,0.0,0.0,0.0,0.0,0.0
0,0,0,0,24,0.14,98.2,1.2,279,2026-10-15 23:30:00,PT5M,0.0,0.0,0.0,0.0,0.0
0,0,0,0,24,0.14,98.2,1.2,279,2026-10-15 23:35:00,PT5M,0.0,0.0,0.0,0.0,0.0
0,0,0,0,24,0.14,98.2,1.2,280,2026-10-15 23:40:00,PT5M,0.0,0.0,0.0,0.0,0.0
0,0,0,0,24,0.14,98.2,1.2,280,2026-10-15 23:45:00,PT5M,0.0,0.0,0.0,0.0,0.0
0,0,0,0,24,0.14,98.2,1.2,280,2026-10-15 23:50:00,PT5M,0.0,0.0,0.0,0.0,0.0
0,0,0,0,24,0.14,98.2,1.2,280,2026-10-15 23:55:00,PT5M,0.0,0.0,0.0,0.0,0.0
0,0,0,0,24,0.14,98.2,1.2,280,2026-10-16 00:00:00,PT5M,0.0,0.0,0.0,0.0,0.0
0,0,0,0,24,0.14,98.2,1.2,280,2026-10-16 00:05:00,PT5M,0.0,0.0,0.0,0.0,0.0
0,0,0,0,24,0.14,98.2,1.2,280,2026-10-16 00:10:00,PT5M,0.0,0.0,0.0,0.0,0.0
0,0,0,0,24,0.14,98.2,1.1,280,2026-10-16 00:15:00,PT5M,0.0,0.0,0.0,0.0,0.0
0,0,0,0,24,0.14,98.2,1.1,280,2026-10-16 00:20:00,PT5M,0.0,0.0,0.0,0.0,0.0
0,0,0,0,24,0.14,98.2,1.1,280,2026-10-16 00:25:00,PT5M,0.0,0.0,0.0,0.0,0.0
0,0,0,0,24,0.14,98.2,1.1,280,2026-10-16 00:30:00,PT5M,0.0,0.0,0.0,0.0,0.0
0,0,0,0,24,0.14,98.2,1.1,280,2026-10-16 00:35:00,PT5M,0.0,0.0,0.0,0.0,0.0
0,0,0,0,24,0.14,98.2,1.1,280,2026-10-16 00:40:00,PT5M,0.0,0.0,0.0,0.0,0.0
0,0,0,0,24,0.14,98.2,1.1,279,2026-10-16 00:45:00,PT5M,0.0,0.0,0.0,0.0,0.0
0,0,0,0,24,0.14,98.2,1.1,279,2026-10-16 00:50:00,PT5M,0.0,0.0,0.0,0.0,0.0
0,0,0,0,24,0.14,98.2,1.1,278,2026-10-16 00:55:00,PT5M,0.0,0.0,0.0,0.0,0.0
0,0,0,0,24,0.14,98.2,1.1,278,2026-10-16 01:00:00,PT5M,0.0,0.0,0.0,0.0,0.0
0,0,0,0,24,0.14,98.2,1.1,278,2026-10-16 01:05:00,PT5M,0.0,0.0,0.0,0.0,0.0
0,0,0,0,24,0.14,98.2,1.1,277,2026-10-16 01:10:00,PT5M,0.0,0.0,0.0,0.0,0.0
0,0,0,0,24,0.14,98.2,1.1,277,2026-10-16 01:15:00,PT5M,0.0,0.0,0.0,0.0,0.0
0,0,0,0,24,0.14,98.2,1.1,276,2026-10-16 01:20:00,PT5M,0.0,0.0,0.0,0.0,0.0
0,0,0,0,24,0.14,98.2,1.1,276,2026-10-16 01:25:00,PT5M,0.0,0.0,0.0,0.0,0.0
0,0,0,0,24,0.14,98.2,1.1,275,2026-10-16 01:30:00,PT5M,0.0,0.0,0.0,0.0,0.0
0,0,0,0,24,0.14,98.2,1.1,275,2026-10-16 01:35:00,PT5M,0.0,0.0,0.0,0.0,0.0
0,0,0,0,24,0.14,98.2,1.1,275,2026-10-16 01:40:00,PT5M,0.0,0.0,0.0,0.0,0.0
0,0,0,0,24,0.14,98.2,1.1,275,2026-10-16 01:45:00,PT5M,0.0,0.0,0.0,0.0,0.0
0,0,0,0,24,0.14,98.2,1.1,275,2026-10-16 01:50:00,PT5M,0.0,0.0,0.0,0.0,0.0
0,0,0,0,24,0.14,98.2,1.1,275,2026-10-16 01:55:00,PT5M,0.0,0.0,0.0,0.0,0.0
0,0,0,0,24,0.14,98.2,1.1,275,2026-10-16 02:00:00,PT5M,0.0,0.0,0.0,0.0,0.0
0,0,0,0,24,0.14,98.2,1.1,275,2026-10-16 02:05:00,PT5M,0.0,0.0,0.0,0.0,0.0
0,0,0,0,24,0.14,98.2,1.1,275,2026-10-16 02:10:00,PT5M,0.0,0.0,0.0,0.0,0.0
0,0,0,0,24,0.14,98.2,1.1,275,2026-10-16 02:15:00,PT5M,0.0,0.0,0.0,0.0,0.0
0,0,0,0,24,0.14,98.2,1.1,275,2026-10-16 02:20:00,PT5M,0.0,0.0,0.0,0.0,0.0
0,0,0,0,24,0.14,98.2,1.1,275,2026-10-16 02:25:00,PT5M,0.0,0.0,0.0,0.0,0.0
0,0,0,0,24,0.14,98.2,1.1,275,2026-10-16 02:30:00,PT5M,0.0,0.0,0.0,0.0,0.0
0,0,0,0,24,0.14,98.2,1.1,275,2026-10-16 02:35:00,PT5M,0.0,0.0,0.0,0.0,0.0
0,0,0,0,24,0.14,98.2,1.1,275,2026-10-16 02:40:00,PT5M,0.0,0.0,0.0,0.0,0.0
0,0,0,0,24,0.14,98.2,1.1,275,2026-10-16 02:45:00,PT5M,0.0,0.0,0.0,0.0,0.0
0,0,0,0,24,0.14,98.2,1.1,275,2026-10-16 02:50:00,PT5M,0.0,0.0,0.0,0.0,0.0
0,0,0,0,24,0.14,98.2,1.1,275,2026-10-16 02:55:00,PT5M,0.0,0.0,0.0,0.0,0.0
0,0,0,0,24,0.14,98.2,1.1,275,2026-10-16 03:00:00,PT5M,0.0,0.0,0.0,0.0,0.0
0,0,0,0,24,0.14,98.2,1.1,275,2026-10-16 03:05:00,PT5M,0.0,0.0,0.0,0.0,0.0
0,0,0,0,24,0.14,98.2,1.1,275,2026-10-16 03:10:00,PT5M,0.0,0.0,0.0,0.0,0.0
0,0,0,0,24,0.14,98.2,1.1,275,2026-10-16 03:15:00,PT5M,0.0,0.0,0.0,0.0,0.0
0,0,0,0,24,0.14,98.2,1.1,275,2026-10-16 03:20:00,PT5M,0.0,0.0,0.0,0.0,0.0
0,0,0,0,24,0.14,98.2,1.1,275,2026-10-16 03:25:00,PT5M,0.0,0.0,0.0,0.0,0.0
0,0,0,0,24,0.14,98.2,1.1,275,2026-10-16 03:30:00,PT5M,0.0,0.0,0.0,0.0,0.0
0,0,0,0,24,0.14,98.2,1.1,275,2026-10-16 03:35:00,PT5M,0.0,0.0,0.0,0.0,0.0
0,0,0,0,24,0.14,98.2,1.1,275,2026-10-16 03:40:00,PT5M,0.0,0.0,0.0,0.0,0.0
0,0,0,0,24,0.14,98.2,1.1,275,2026-10-16 03:45:00,PT5M,0.0,0.0,0.0,0.0,0.0
0,0,0,0,24,0.14,98.2,1.1,275,2026-10-16 03:50:00,PT5M,0.0,0.0,0.0,0.0,0.0
0,0,0,0,24,0.14,98.2,1.1,275,2026-10-16 03:55:00,PT5M,0.0,0.0,0.0,0.0,0.0
0,0,0,0,24,0.14,98.2,1.1,275,2026-10-16 04:00:00,PT5M,0.0,0.0,0.0,0.0,0.0
0,0,0,0,24,0.14,98.2,1.1,275,2026-10-16 04:05:00,PT5M,0.0,0.0,0.0,0.0,0.0
0,0,0,0,24,0.14,98.2,1.1,275,2026-10-16 04:10:00,PT5M,0.0,0.0,0.0,0.0,0.0
0,0,0,0,24,0.14,98.2,1.1,275,2026-10-16 04:15:00,PT5M,0.0,0.0,0.0,0.0,0.0
0,0,0,0,24,0.14,98.2,1.1,275,2026-10-16 04:20:00,PT5M,0.0,0.0,0.0,0.0,0.0
0,0,0,0,24,0.14,98.2,1.1,275,2026-10-16 04:25:00,PT5M,0.0,0.0,0.0,0.0,0.0
0,0,0,0,24,0.14,98.2,1.1,275,2026-10-16 04:30:00,PT5M,0.0,0.0,0.0,0.0,0.0
0,0,0,0,24,0.14,98.2,1.1,275,2026-10-16 04:35:00,PT5M,0.0,0.0,0.0,0.0,0.0
0,0,0,0,24,0.14,98.2,1.1,275,2026-10-16 04:40:00,PT5M,0.0,0.0,0.0,0.0,0.0
0,0,0,0,24,0.14,98.2,1.1,275,2026-10-16 04:45:00,PT5M,0.0,0.0,0.0,0.0,0.0
0,0,0,0,24,0.14,98.2,1.1,275,2026-10-16 04:50:00,PT5M,0.0,0.0,0.0,0.0,0.0
0,0,0,0,24,0.14,98.2,1.1,275,2026-10-16 04:55:00,PT5M,0.0,0.0,0.0,0.0,0.0
0,0,0,0,24,0.14,98.2,1.1,275,2026-10-16 05:00:00,PT5M,0.0,0.0,0.0,0.0,0.0
0,0,0,0,23,0.14,98.2,1.1,275,2026-10-16 05:05:00,PT5M,0.0,0.0,0.0,0.0,0.0
0,0,0,0,23,0.14,98.2,1.1,275,2026-10-16 05:10:00,PT5M,0.0,0.0,0.0,0.0,0.0
0,0,0,0,23,0.14,98.2,1.1,275,2026-10-16 05:15:00,PT5M,0.0,0.0,0.0,0.0,0.0
0,0,0,0,23,0.14,98.2,1.1,275,2026-10-16 05:20:00,PT5M,0.0,0.0,0.0,0.0,0.0
0,0,0,0,23,0.14,98.2,1.1,275,2026-10-16 05:25:00,PT5M,0.0,0.0,0.0,0.0,0.0
0,0,0,0,23,0.14,98.2,1.1,275,2026-10-16 05:30:00,PT5M,0.0,0.0,0.0,0.0,0.0
0,0,0,0,24,0.14,97.9,1.1,274,2026-10-16 05:35:00,PT5M,0.0,0.0,0.0,0.0,0.0
0,0,0,0,24,0.14,97.3,1.1,273,2026-10-16 05:40:00,PT5M,0.0,0.0,0.0,0.0,0.0
0,0,0,0,24,0.14,96.7,1.1,271,2026-10-16 05:45:00,PT5M,0.0,0.0,0.0,0.0,0.0
0,0,0,0,24,0.14,96.2,1.1,269,2026-10-16 05:50:00,PT5M,0.0,0.0,0.0,0.0,0.0
0,0,0,0,24,0.14,95.6,1.1,267,2026-10-16 05:55:00,PT5M,0.0,0.0,0.0,0.0,0.0
3,3,0,3,24,0.14,95.0,1.1,265,2026-10-16 06:00:00,PT5M,0.0,0.042,0.0221,0.0,0.0
7,7,0,7,24,0.14,94.4,1.1,264,2026-10-16 06:05:00,PT5M,0.265,0.934,0.6171,0.0,0.0
12,12,0,12,24,0.14,93.9,1.0,262,2026-10-16 06:10:00,PT5M,0.956,2.4715,1.7536,0.1584,0.0
18,18,0,18,24,0.14,93.3,1.0,260,2026-10-16 06:15:00,PT5M,1.72,4.5635,3.2166,0.2234,0.0
25,25,0,25,24,0.14,92.8,1.0,258,2026-10-16 06:20:00,PT5M,2.546,6.969,4.8739,0.2181,0.0
32,32,0,32,25,0.14,92.2,1.0,256,2026-10-16 06:25:00,PT5M,3.501,9.681,6.7536,0.2484,0.0
40,40,0,40,25,0.14,91.7,1.0,254,2026-10-16 06:30:00,PT5M,4.602,12.7055,8.8669,0.3371,0.0
50,50,0,50,25,0.14,91.1,1.0,253,2026-10-16 06:35:00,PT5M,5.763,15.8695,11.0821,0.4439,0.0
60,61,0,61,25,0.14,90.5,1.1,251,2026-10-16 06:40:00,PT5M,7.085,19.1925,13.4573,0.7127,0.0
72,72,0,72,25,0.14,89.9,1.1,250,2026-10-16 06:45:00,PT5M,8.613,22.744,16.0502,1.1758,0.0
85,85,0,85,25,0.14,89.3,1.1,249,2026-10-16 06:50:00,PT5M,10.208,26.333,18.6947,1.7213,0.0
98,99,0,99,25,0.14,88.8,1.1,248,2026-10-16 06:55:00,PT5M,11.851,30.0245,21.4158,2.2862,0.0
112,113,0,113,25,0.14,88.2,1.1,246,2026-10-16 07:00:00,PT5M,13.56,33.859,24.2435,2.8765,0.0
127,127,17,122,25,0.14,87.6,1.1,245,2026-10-16 07:05:00,PT5M,16.175,38.627,27.9916,4.3584,0.0
143,142,34,131,26,0.14,87.1,1.1,244,2026-10-16 07:10:00,PT5M,18.918,43.5155,31.8638,5.9722,0.0
159,158,53,140,26,0.14,86.5,1.1,243,2026-10-16 07:15:00,PT5M,22.008,48.7405,36.0775,7.9385,0.0
176,174,72,149,26,0.14,86.0,1.1,242,2026-10-16 07:20:00,PT5M,25.32,54.164,40.5008,10.1392,0.0
193,191,92,157,26,0.14,85.4,1.1,241,2026-10-16 07:25:00,PT5M,28.88,59.825,45.1666,12.5934,0.0
211,209,113,165,26,0.14,84.9,1.2,240,2026-10-16 07:30:00,PT5M,32.523,65.5735,49.9177,15.1283,0.0
229,226,130,172,26,0.14,84.3,1.2,239,2026-10-16 07:35:00,PT5M,36.01,71.265,54.565,17.455,0.755
244,241,143,180,26,0.14,83.8,1.2,237,2026-10-16 07:40:00,PT5M,38.888,76.077,58.4608,19.3152,1.699
261,257,156,187,26,0.14,83.3,1.2,236,2026-10-16 07:45:00,PT5M,41.434,79.287,61.3563,21.5117,3.581
277,273,169,194,26,0.14,82.9,1.2,235,2026-10-16 07:50:00,PT5M,43.942,82.3975,64.1814,23.7026,5.4865
293,289,182,201,27,0.14,82.4,1.2,235,2026-10-16 07:55:00,PT5M,46.405,85.3985,66.9276,25.8824,7.4115
310,305,194,207,27,0.14,81.9,1.2,234,2026-10-16 08:00:00,PT5M,48.814,88.282,69.5863,28.0417,9.346
327,322,207,213,27,0.14,81.4,1.3,233,2026-10-16 08:05:00,PT5M,51.16,91.0275,72.1426,30.1774,11.2925
344,338,220,219,27,0.14,80.9,1.3,232,2026-10-16 08:10:00,PT5M,53.436,93.6185,74.5843,32.2877,13.2535
361,355,233,225,27,0.14,80.5,1.3,231,2026-10-16 08:15:00,PT5M,55.58,95.987,76.8465,34.3135,15.173
378,372,246,230,27,0.14,80.0,1.3,230,2026-10-16 08:20:00,PT5M,57.718,98.2975,79.0753,36.3607,17.1385
395,388,259,235,27,0.14,79.5,1.3,229,2026-10-16 08:25:00,PT5M,59.773,100.0,81.1526,38.3934,19.151
412,405,272,239,27,0.14,79.1,1.3,228,2026-10-16 08:30:00,PT5M,61.766,100.0,83.1451,40.3869,21.145
428,421,282,244,27,0.14,78.6,1.4,228,2026-10-16 08:35:00,PT5M,63.416,100.0,84.7946,42.0374,22.796
442,435,289,250,28,0.14,78.1,1.4,227,2026-10-16 08:40:00,PT5M,64.725,100.0,86.1091,43.3409,24.0945
457,449,296,255,28,0.14,77.7,1.4,226,2026-10-16 08:45:00,PT5M,65.983,100.0,87.3634,44.6026,25.3595
471,463,302,260,28,0.14,77.2,1.4,225,2026-10-16 08:50:00,PT5M,67.198,100.0,88.5648,45.8312,26.6005
485,477,309,265,28,0.14,76.8,1.4,225,2026-10-16 08:55:00,PT5M,68.374,100.0,89.725,47.023,27.8065
499,490,315,269,28,0.14,76.3,1.4,224,2026-10-16 09:00:00,PT5M,69.51,100.0,90.8007,48.2193,29.057
513,504,322,273,28,0.14,75.9,1.5,223,2026-10-16 09:05:00,PT5M,70.674,100.0,91.8002,49.5478,30.5335
527,518,329,277,28,0.14,75.5,1.5,223,2026-10-16 09:10:00,PT5M,71.835,100.0,92.7962,50.8738,32.008
541,531,337,281,28,0.14,75.0,1.5,222,2026-10-16 09:15:00,PT5M,72.959,100.0,93.7563,52.1617,33.4435
554,545,344,284,28,0.14,74.6,1.5,221,2026-10-16 09:20:00,PT5M,74.046,100.0,94.6809,53.4111,34.839
568,558,351,288,28,0.14,74.2,1.5,221,2026-10-16 09:25:00,PT5M,75.098,100.0,95.5716,54.6244,36.1975
581,571,358,291,29,0.14,73.7,1.6,220,2026-10-16 09:30:00,PT5M,76.116,100.0,96.4301,55.8019,37.5185
594,584,365,293,29,0.14,73.3,1.6,219,2026-10-16 09:35:00,PT5M,77.154,100.0,97.3105,56.9975,38.856
606,596,372,296,29,0.14,72.9,1.6,219,2026-10-16 09:40:00,PT5M,78.111,100.0,98.1117,58.1103,40.109
619,608,379,298,29,0.14,72.5,1.6,218,2026-10-16 09:45:00,PT5M,79.035,100.0,98.882,59.188,41.325
631,620,385,301,29,0.14,72.0,1.6,217,2026-10-16 09:50:00,PT5M,79.88,100.0,99.5784,60.1816,42.4525
642,631,391,303,29,0.14,71.6,1.6,216,2026-10-16 09:55:00,PT5M,80.69,100.0,100.0,61.1361,43.537
654,642,397,305,29,0.14,71.2,1.6,216,2026-10-16 10:00:00,PT5M,81.469,100.0,100.0,62.0562,44.584
664,653,403,307,29,0.14,70.8,1.7,215,2026-10-16 10:05:00,PT5M,82.205,100.0,100.0,62.9295,45.581
675,663,408,309,29,0.14,70.4,1.7,214,2026-10-16 10:10:00,PT5M,82.901,100.0,100.0,63.7592,46.531
685,673,413,310,30,0.14,70.0,1.7,213,2026-10-16 10:15:00,PT5M,83.567,100.0,100.0,64.5557,47.445
695,683,418,312,30,0.14,69.6,1.7,213,2026-10-16 10:20:00,PT5M,84.205,100.0,100.0,65.3216,48.326
705,693,423,313,30,0.14,69.2,1.7,212,2026-10-16 10:25:00,PT5M,84.814,100.0,100.0,66.0556,49.1725
714,702,428,314,30,0.14,68.8,1.7,211,2026-10-16 10:30:00,PT5M,85.396,100.0,100.0,66.7603,49.9875
722,709,432,316,30,0.14,68.4,1.8,211,2026-10-16 10:35:00,PT5M,85.832,100.0,100.0,67.296,50.613
728,716,433,318,30,0.14,68.0,1.8,210,2026-10-16 10:40:00,PT5M,86.122,100.0,100.0,67.6618,51.047
734,722,434,321,30,0.14,67.5,1.8,209,2026-10-16 10:45:00,PT5M,86.383,100.0,100.0,67.9922,51.44
740,727,435,323,30,0.14,67.1,1.8,209,2026-10-16 10:50:00,PT5M,86.608,100.0,100.0,68.277,51.7785
745,732,436,325,30,0.14,66.7,1.8,208,2026-10-16 10:55:00,PT5M,86.793,100.0,100.0,68.5078,52.0505
749,737,436,326,31,0.14,66.3,1.8,208,2026-10-16 11:00:00,PT5M,86.977,100.0,100.0,68.7465,52.3385
754,741,437,328,31,0.14,65.9,1.9,207,2026-10-16 11:05:00,PT5M,87.152,100.0,100.0,68.9784,52.6215
758,745,438,329,31,0.14,65.5,1.9,206,2026-10-16 11:10:00,PT5M,87.299,100.0,100.0,69.1711,52.8555
761,749,439,330,31,0.14,65.1,1.9,206,2026-10-16 11:15:00,PT5M,87.416,100.0,100.0,69.3266,53.0455
765,752,440,331,31,0.14,64.7,1.9,205,2026-10-16 11:20:00,PT5M,87.505,100.0,100.0,69.4482,53.1965
767,754,441,332,31,0.14,64.3,1.9,205,2026-10-16 11:25:00,PT5M,87.568,100.0,100.0,69.5388,53.312
769,757,442,332,31,0.14,63.9,2.0,204,2026-10-16 11:30:00,PT5M,87.606,100.0,100.0,69.6,53.394
770,757,440,334,31,0.14,63.9,2.0,204,2026-10-16 11:35:00,PT5M,87.533,100.0,100.0,69.5367,53.3395
769,757,437,336,31,0.14,64.3,1.9,204,2026-10-16 11:40:00,PT5M,87.351,100.0,100.0,69.351,53.1505
768,755,433,337,31,0.14,64.6,1.9,204,2026-10-16 11:45:00,PT5M,87.142,100.0,100.0,69.1331,52.9245
766,753,429,339,31,0.14,65.0,1.9,205,2026-10-16 11:50:00,PT5M,86.905,100.0,100.0,68.8816,52.66
764,751,425,341,31,0.14,65.4,1.9,205,2026-10-16 11:55:00,PT5M,86.711,100.0,100.0,68.6676,52.428
761,749,421,342,31,0.14,65.7,1.9,205,2026-10-16 12:00:00,PT5M,86.54,100.0,100.0,68.4713,52.209
758,745,417,344,31,0.14,66.1,1.9,205,2026-10-16 12:05:00,PT5M,86.335,100.0,100.0,68.235,51.9445
754,742,412,345,31,0.14,66.5,1.9,206,2026-10-16 12:10:00,PT5M,86.094,100.0,100.0,67.9567,51.6325
749,738,407,347,30,0.14,66.9,1.8,206,2026-10-16 12:15:00,PT5M,85.823,100.0,100.0,67.6436,51.2815
745,733,402,348,30,0.14,67.3,1.8,206,2026-10-16 12:20:00,PT5M,85.524,100.0,100.0,67.2972,50.8925
740,728,397,349,30,0.14,67.6,1.8,206,2026-10-16 12:25:00,PT5M,85.197,100.0,100.0,66.9186,50.4675
734,723,392,350,30,0.14,68.0,1.8,206,2026-10-16 12:30:00,PT5M,84.839,100.0,100.0,66.5043,50.0025
727,716,385,351,30,0.14,68.4,1.8,207,2026-10-16 12:35:00,PT5M,84.338,100.0,100.0,65.9212,49.3455
719,708,376,353,30,0.14,68.8,1.8,207,2026-10-16 12:40:00,PT5M,83.682,100.0,100.0,65.1536,48.4775
710,699,367,354,30,0.14,69.1,1.7,207,2026-10-16 12:45:00,PT5M,82.985,100.0,100.0,64.3369,47.553
701,691,359,356,30,0.14,69.5,1.7,208,2026-10-16 12:50:00,PT5M,82.271,100.0,100.0,63.5071,46.619
691,681,350,357,30,0.14,69.9,1.7,208,2026-10-16 12:55:00,PT5M,81.5,100.0,100.0,62.6295,45.6455
682,672,341,357,30,0.14,70.2,1.7,209,2026-10-16 13:00:00,PT5M,80.715,100.0,99.7084,61.7216,44.627
672,662,332,358,30,0.14,70.6,1.6,209,2026-10-16 13:05:00,PT5M,79.896,100.0,99.017,60.775,43.5655
661,652,324,357,29,0.14,71.0,1.6,210,2026-10-16 13:10:00,PT5M,79.048,100.0,98.3001,59.7959,42.4685
651,642,316,357,29,0.14,71.4,1.6,210,2026-10-16 13:15:00,PT5M,78.169,100.0,97.5545,58.7835,41.336
640,632,308,356,29,0.14,71.7,1.6,210,2026-10-16 13:20:00,PT5M,77.259,100.0,96.7797,57.7383,40.169
629,621,300,355,29,0.14,72.1,1.6,211,2026-10-16 13:25:00,PT5M,76.317,100.0,95.9746,56.6594,38.967
618,610,292,354,29,0.14,72.5,1.5,211,2026-10-16 13:30:00,PT5M,75.341,100.0,95.1375,55.5445,37.727
606,598,282,353,29,0.14,72.9,1.5,212,2026-10-16 13:35:00,PT5M,74.213,100.0,94.1679,54.2581,36.298
592,585,271,352,29,0.14,73.3,1.5,211,2026-10-16 13:40:00,PT5M,72.928,100.0,93.0606,52.7954,34.6755
578,571,260,350,29,0.14,73.8,1.5,211,2026-10-16 13:45:00,PT5M,71.607,100.0,91.918,51.296,33.0155
565,558,250,349,29,0.14,74.2,1.5,211,2026-10-16 13:50:00,PT5M,70.247,100.0,90.7369,49.7571,31.3155
551,544,239,346,29,0.14,74.6,1.5,211,2026-10-16 13:55:00,PT5M,68.846,100.0,89.5162,48.1758,29.572
536,530,228,344,29,0.14,75.1,1.5,211,2026-10-16 14:00:00,PT5M,67.395,100.0,88.2473,46.5427,27.775
522,516,218,341,28,0.14,75.5,1.5,211,2026-10-16 14:05:00,PT5M,65.877,100.0,86.9127,44.8413,25.9085
507,502,207,338,28,0.14,75.9,1.4,211,2026-10-16 14:10:00,PT5M,64.313,100.0,85.5313,43.0947,23.9975
493,488,196,334,28,0.14,76.4,1.4,211,2026-10-16 14:15:00,PT5M,62.728,100.0,84.1284,41.3276,22.0665
478,473,186,331,28,0.14,76.8,1.4,211,2026-10-16 14:20:00,PT5M,61.108,100.0,82.6898,39.5262,20.102
464,459,176,326,28,0.14,77.3,1.4,210,2026-10-16 14:25:00,PT5M,59.453,100.0,81.2147,37.6913,18.105
449,445,166,322,28,0.14,77.7,1.4,210,2026-10-16 14:30:00,PT5M,57.764,99.4515,79.7044,35.8236,16.0765
434,430,155,317,28,0.14,78.2,1.4,210,2026-10-16 14:35:00,PT5M,55.982,98.024,78.109,33.855,13.94
418,415,145,312,28,0.14,78.6,1.4,211,2026-10-16 14:40:00,PT5M,54.108,96.2655,76.2958,31.9202,11.9505
403,400,134,306,28,0.14,79.1,1.4,211,2026-10-16 14:45:00,PT5M,52.25,94.4735,74.4725,30.0275,10.0265
389,386,125,301,28,0.14,79.6,1.3,212,2026-10-16 14:50:00,PT5M,50.391,92.657,72.6359,28.1461,8.125
374,371,115,294,27,0.14,80.0,1.3,212,2026-10-16 14:55:00,PT5M,48.5,90.7855,70.7552,26.2448,6.2145
359,357,105,288,27,0.14,80.5,1.3,212,2026-10-16 15:00:00,PT5M,46.798,89.0775,69.05,24.546,4.5185
344,342,95,282,27,0.14,81.0,1.3,213,2026-10-16 15:05:00,PT5M,44.761,86.8985,66.9383,22.5837,2.6235
329,327,83,276,27,0.14,81.5,1.3,213,2026-10-16 15:10:00,PT5M,42.581,84.5525,64.6709,20.4911,0.6095
314,313,72,269,27,0.14,81.9,1.3,213,2026-10-16 15:15:00,PT5M,40.355,82.1145,62.3333,18.3767,0.0
299,298,61,262,27,0.14,82.4,1.3,214,2026-10-16 15:20:00,PT5M,38.088,79.5765,59.9237,16.2523,0.0
284,284,50,255,27,0.14,82.9,1.2,214,2026-10-16 15:25:00,PT5M,35.78,76.9315,57.4383,14.1217,0.0
270,269,39,248,27,0.14,83.4,1.2,215,2026-10-16 15:30:00,PT5M,33.453,74.179,54.8874,12.0186,0.0
256,255,29,240,27,0.14,83.9,1.2,215,2026-10-16 15:35:00,PT5M,31.581,71.752,52.7233,10.4387,0.0
242,242,20,232,27,0.14,84.4,1.2,215,2026-10-16 15:40:00,PT5M,29.435,68.939,50.2262,8.6438,0.0
229,229,11,223,27,0.14,84.9,1.2,215,2026-10-16 15:45:00,PT5M,27.262,66.0005,47.6503,6.8737,0.0
215,216,2,215,26,0.14,85.4,1.2,215,2026-10-16 15:50:00,PT5M,25.061,62.945,44.9996,5.1224,0.0
202,203,0,203,26,0.14,85.9,1.1,216,2026-10-16 15:55:00,PT5M,23.41,60.359,42.8565,3.9635,0.0
190,190,0,190,26,0.14,86.4,1.1,216,2026-10-16 16:00:00,PT5M,21.925,57.8625,40.8392,3.0108,0.0
177,178,0,178,26,0.14,86.9,1.1,216,2026-10-16 16:05:00,PT5M,20.484,55.4425,38.8829,2.0851,0.0
165,166,0,166,26,0.14,87.4,1.1,216,2026-10-16 16:10:00,PT5M,19.434,52.1695,36.6629,2.2051,0.0
154,154,0,154,26,0.14,88.0,1.1,216,2026-10-16 16:15:00,PT5M,18.25,48.7355,34.2947,2.2053,0.0
142,143,0,143,26,0.14,88.5,1.0,216,2026-10-16 16:20:00,PT5M,17.004,45.2715,31.8814,2.1266,0.0
131,131,0,131,26,0.14,89.0,1.0,217,2026-10-16 16:25:00,PT5M,15.734,41.806,29.4559,2.0121,0.0
120,120,0,120,26,0.14,89.5,1.0,217,2026-10-16 16:30:00,PT5M,14.454,38.3405,27.0256,1.8824,0.0
109,109,0,109,26,0.14,90.1,1.0,217,2026-10-16 16:35:00,PT5M,13.136,33.1415,23.665,2.607,0.0
98,99,0,99,26,0.14,90.6,1.0,218,2026-10-16 16:40:00,PT5M,11.817,29.788,21.2753,2.3587,0.0
88,88,0,88,25,0.14,91.1,1.0,218,2026-10-16 16:45:00,PT5M,10.526,26.5085,18.9377,2.1143,0.0
77,78,0,78,25,0.14,91.7,1.0,219,2026-10-16 16:50:00,PT5M,9.235,23.1495,16.5583,1.9117,0.0
67,68,0,68,25,0.14,92.2,0.9,220,2026-10-16 16:55:00,PT5M,7.994,19.887,14.2534,1.7346,0.0
58,58,0,58,25,0.14,92.8,0.9,220,2026-10-16 17:00:00,PT5M,6.747,16.751,12.0122,1.4818,0.0
49,49,0,49,25,0.14,93.3,0.9,221,2026-10-16 17:05:00,PT5M,5.566,13.776,9.887,1.245,0.0
40,40,0,40,25,0.14,93.9,0.9,222,2026-10-16 17:10:00,PT5M,4.533,11.0745,7.9758,1.0902,0.0
32,33,0,33,25,0.14,94.5,0.9,222,2026-10-16 17:15:00,PT5M,3.561,8.547,6.1852,0.9368,0.0
26,26,0,26,25,0.14,95.0,0.9,223,2026-10-16 17:20:00,PT5M,2.621,6.2895,4.5518,0.6902,0.0
19,19,0,19,25,0.14,95.6,0.9,224,2026-10-16 17:25:00,PT5M,1.833,4.4015,3.1848,0.4812,0.0
14,14,0,14,25,0.14,96.2,0.9,225,2026-10-16 17:30:00,PT5M,1.151,2.804,2.021,0.281,0.0
9,9,0,9,25,0.14,96.5,0.9,225,2026-10-16 17:35:00,PT5M,0.531,1.5115,1.047,0.015,0.0
5,5,0,5,25,0.14,96.5,0.9,226,2026-10-16 17:40:00,PT5M,0.0,0.3565,0.1876,0.0,0.0
1,1,0,1,25,0.14,96.6,0.9,226,2026-10-16 17:45:00,PT5M,0.0,0.0,0.0,0.0,0.0
0,0,0,0,24,0.14,96.6,0.9,226,2026-10-16 17:50:00,PT5M,0.0,0.0,0.0,0.0,0.0
0,0,0,0,24,0.14,96.7,0.9,227,2026-10-16 17:55:00,PT5M,0.0,0.0,0.0,0.0,0.0
0,0,0,0,24,0.14,96.7,0.9,227,2026-10-16 18:00:00,PT5M,0.0,0.0,0.0,0.0,0.0
0,0,0,0,24,0.14,96.8,0.9,227,2026-10-16 18:05:00,PT5M,0.0,0.0,0.0,0.0,0.0
0,0,0,0,24,0.14,96.8,0.9,228,2026-10-16 18:10:00,PT5M,0.0,0.0,0.0,0.0,0.0
0,0,0,0,24,0.14,96.9,0.9,228,2026-10-16 18:15:00,PT5M,0.0,0.0,0.0,0.0,0.0
0,0,0,0,24,0.14,96.9,0.9,229,2026-10-16 18:20:00,PT5M,0.0,0.0,0.0,0.0,0.0
0,0,0,0,24,0.14,97.0,0.9,229,2026-10-16 18:25:00,PT5M,0.0,0.0,0.0,0.0,0.0
0,0,0,0,24,0.14,97.0,0.9,229,2026-10-16 18:30:00,PT5M,0.0,0.0,0.0,0.0,0.0
0,0,0,0,24,0.14,97.0,0.9,229,2026-10-16 18:35:00,PT5M,0.0,0.0,0.0,0.0,0.0
0,0,0,0,24,0.14,97.0,0.9,229,2026-10-16 18:40:00,PT5M,0.0,0.0,0.0,0.0,0.0
0,0,0,0,24,0.14,97.0,0.9,229,2026-10-16 18:45:00,PT5M,0.0,0.0,0.0,0.0,0.0
0,0,0,0,24,0.14,97.0,0.9,229,2026-10-16 18:50:00,PT5M,0.0,0.0,0.0,0.0,0.0
0,0,0,0,24,0.14,97.0,0.9,229,2026-10-16 18:55:00,PT5M,0.0,0.0,0.0,0.0,0.0
0,0,0,0,24,0.14,97.0,0.9,229,2026-10-16 19:00:00,PT5M,0.0,0.0,0.0,0.0,0.0
0,0,0,0,24,0.14,97.0,0.9,229,2026-10-16 19:05:00,PT5M,0.0,0.0,0.0,0.0,0.0
0,0,0,0,24,0.14,97.0,0.9,229,2026-10-16 19:10:00,PT5M,0.0,0.0,0.0,0.0,0.0
0,0,0,0,24,0.14,97.0,0.9,229,2026-10-16 19:15:00,PT5M,0.0,0.0,0.0,0.0,0.0
0,0,0,0,24,0.14,97.0,0.9,229,2026-10-16 19:20:00,PT5M,0.0,0.0,0.0,0.0,0.0
0,0,0,0,24,0.14,97.0,0.9,229,2026-10-16 19:25:00,PT5M,0.0,0.0,0.0,0.0,0.0
0,0,0,0,24,0.14,97.0,0.9,229,2026-10-16 19:30:00,PT5M,0.0,0.0,0.0,0.0,0.0
0,0,0,0,24,0.14,97.0,0.9,230,2026-10-16 19:35:00,PT5M,0.0,0.0,0.0,0.0,0.0
0,0,0,0,24,0.14,97.0,0.9,230,2026-10-16 19:40:00,PT5M,0.0,0.0,0.0,0.0,0.0
0,0,0,0,24,0.14,97.0,0.9,230,2026-10-16 19:45:00,PT5M,0.0,0.0,0.0,0.0,0.0
0,0,0,0,24,0.14,97.0,0.9,231,2026-10-16 19:50:00,PT5M,0.0,0.0,0.0,0.0,0.0
0,0,0,0,24,0.14,97.0,1.0,231,2026-10-16 19:55:00,PT5M,0.0,0.0,0.0,0.0,0.0
0,0,0,0,24,0.14,97.0,1.0,231,2026-10-16 20:00:00,PT5M,0.0,0.0,0.0,0.0,0.0
0,0,0,0,24,0.14,97.0,1.0,231,2026-10-16 20:05:00,PT5M,0.0,0.0,0.0,0.0,0.0
0,0,0,0,24,0.14,97.0,1.0,232,2026-10-16 20:10:00,PT5M,0.0,0.0,0.0,0.0,0.0
0,0,0,0,24,0.14,97.0,1.0,232,2026-10-16 20:15:00,PT5M,0.0,0.0,0.0,0.0,0.0
0,0,0,0,24,0.14,97.0,1.0,232,2026-10-16 20:20:00,PT5M,0.0,0.0,0.0,0.0,0.0
0,0,0,0,24,0.14,97.0,1.0,233,2026-10-16 20:25:00,PT5M,0.0,0.0,0.0,0.0,0.0
0,0,0,0,24,0.14,97.0,1.0,233,2026-10-16 20:30:00,PT5M,0.0,0.0,0.0,0.0,0.0
0,0,0,0,24,0.14,97.1,1.0,233,2026-10-16 20:35:00,PT5M,0.0,0.0,0.0,0.0,0.0
0,0,0,0,24,0.14,97.1,1.0,234,2026-10-16 20:40:00,PT5M,0.0,0.0,0.0,0.0,0.0
0,0,0,0,24,0.14,97.2,1.0,234,2026-10-16 20:45:00,PT5M,0.0,0.0,0.0,0.0,0.0
0,0,0,0,24,0.14,97.2,1.0,234,2026-10-16 20:50:00,PT5M,0.0,0.0,0.0,0.0,0.0
0,0,0,0,24,0.14,97.3,1.0,234,2026-10-16 20:55:00,PT5M,0.0,0.0,0.0,0.0,0.0
0,0,0,0,24,0.14,97.3,1.0,235,2026-10-16 21:00:00,PT5M,0.0,0.0,0.0,0.0,0.0
0,0,0,0,24,0.14,97.4,1.0,235,2026-10-16 21:05:00,PT5M,0.0,0.0,0.0,0.0,0.0
0,0,0,0,24,0.14,97.4,1.1,235,2026-10-16 21:10:00,PT5M,0.0,0.0,0.0,0.0,0.0
0,0,0,0,24,0.14,97.5,1.1,235,2026-10-16 21:15:00,PT5M,0.0,0.0,0.0,0.0,0.0
0,0,0,0,24,0.14,97.5,1.1,236,2026-10-16 21:20:00,PT5M,0.0,0.0,0.0,0.0,0.0
0,0,0,0,24,0.14,97.5,1.1,236,2026-10-16 21:25:00,PT5M,0.0,0.0,0.0,0.0,0.0
0,0,0,0,24,0.14,97.6,1.1,236,2026-10-16 21:30:00,PT5M,0.0,0.0,0.0,0.0,0.0
0,0,0,0,24,0.14,97.6,1.1,236,2026-10-16 21:35:00,PT5M,0.0,0.0,0.0,0.0,0.0
0,0,0,0,24,0.14,97.6,1.1,236,2026-10-16 21:40:00,PT5M,0.0,0.0,0.0,0.0,0.0
0,0,0,0,24,0.14,97.6,1.1,236,2026-10-16 21:45:00,PT5M,0.0,0.0,0.0,0.0,0.0
0,0,0,0,24,0.14,97.6,1.1,236,2026-10-16 21:50:00,PT5M,0.0,0.0,0.0,0.0,0.0
0,0,0,0,24,0.14,97.6,1.1,236,2026-10-16 21:55:00,PT5M,0.0,0.0,0.0,0.0,0.0
0,0,0,0,24,0.14,97.6,1.1,236,2026-10-16 22:00:00,PT5M,0.0,0.0,0.0,0.0,0.0
0,0,0,0,24,0.14,97.6,1.2,236,2026-10-16 22:05:00,PT5M,0.0,0.0,0.0,0.0,0.0
0,0,0,0,24,0.14,97.6,1.2,235,2026-10-16 22:10:00,PT5M,0.0,0.0,0.0,0.0,0.0
0,0,0,0,24,0.14,97.6,1.2,235,2026-10-16 22:15:00,PT5M,0.0,0.0,0.0,0.0,0.0
0,0,0,0,24,0.14,97.6,1.2,235,2026-10-16 22:20:00,PT5M,0.0,0.0,0.0,0.0,0.0
0,0,0,0,24,0.14,97.6,1.2,235,2026-10-16 22:25:00,PT5M,0.0,0.0,0.0,0.0,0.0
0,0,0,0,24,0.14,97.6,1.2,235,2026-10-16 22:30:00,PT5M,0.0,0.0,0.0,0.0,0.0
0,0,0,0,24,0.14,97.6,1.2,235,2026-10-16 22:35:00,PT5M,0.0,0.0,0.0,0.0,0.0
0,0,0,0,24,0.14,97.7,1.2,235,2026-10-16 22:40:00,PT5M,0.0,0.0,0.0,0.0,0.0
0,0,0,0,24,0.14,97.7,1.2,235,2026-10-16 22:45:00,PT5M,0.0,0.0,0.0,0.0,0.0
0,0,0,0,24,0.14,97.8,1.2,235,2026-10-16 22:50:00,PT5M,0.0,0.0,0.0,0.0,0.0
0,0,0,0,24,0.14,97.8,1.2,235,2026-10-16 22:55:00,PT5M,0.0,0.0,0.0,0.0,0.0
0,0,0,0,24,0.14,97.9,1.2,235,2026-10-16 23:00:00,PT5M,0.0,0.0,0.0,0.0,0.0
0,0,0,0,24,0.14,97.9,1.2,235,2026-10-16 23:05:00,PT5M,0.0,0.0,0.0,0.0,0.0
0,0,0,0,24,0.14,98.0,1.2,235,2026-10-16 23:10:00,PT5M,0.0,0.0,0.0,0.0,0.0
0,0,0,0,24,0.14,98.0,1.2,235,2026-10-16 23:15:00,PT5M,0.0,0.0,0.0,0.0,0.0
0,0,0,0,24,0.14,98.1,1.2,235,2026-10-16 23:20:00,PT5M,0.0,0.0,0.0,0.0,0.0
0,0,0,0,24,0.14,98.1,1.2,235,2026-10-16 23:25:00,PT5M,0.0,0.0,0.0,0.0,0.0
0,0,0,0,24,0.14,98.2,1.2,235,2026-10-16 23:30:00,PT5M,0.0,0.0,0.0,0.0,0.0
0,0,0,0,24,0.14,98.2,1.2,235,2026-10-16 23:35:00,PT5M,0.0,0.0,0.0,0.0,0.0
0,0,0,0,24,0.14,98.2,1.2,235,2026-10-16 23:40:00,PT5M,0.0,0.0,0.0,0.0,0.0
0,0,0,0,24,0.14,98.2,1.2,236,2026-10-16 23:45:00,PT5M,0.0,0.0,0.0,0.0,0.0
0,0,0,0,24,0.14,98.2,1.2,236,2026-10-16 23:50:00,PT5M,0.0,0.0,0.0,0.0,0.0
0,0,0,0,24,0.14,98.2,1.3,236,2026-10-16 23:55:00,PT5M,0.0,0.0,0.0,0.0,0.0
0,0,0,0,24,0.14,98.2,1.3,236,2026-10-17 00:00:00,PT5M,0.0,0.0,0.0,0.0,0.0
0,0,0,0,24,0.14,98.2,1.3,236,2026-10-17 00:05:00,PT5M,0.0,0.0,0.0,0.0,0.0
0,0,0,0,24,0.14,98.2,1.3,237,2026-10-17 00:10:00,PT5M,0.0,0.0,0.0,0.0,0.0
0,0,0,0,24,0.14,98.2,1.3,237,2026-10-17 00:15:00,PT5M,0.0,0.0,0.0,0.0,0.0
0,0,0,0,24,0.14,98.2,1.3,237,2026-10-17 00:20:00,PT5M,0.0,0.0,0.0,0.0,0.0
0,0,0,0,24,0.14,98.2,1.3,237,2026-10-17 00:25:00,PT5M,0.0,0.0,0.0,0.0,0.0
0,0,0,0,24,0.14,98.2,1.3,237,2026-10-17 00:30:00,PT5M,0.0,0.0,0.0,0.0,0.0
0,0,0,0,24,0.14,98.2,1.3,238,2026-10-17 00:35:00,PT5M,0.0,0.0,0.0,0.0,0.0
0,0,0,0,24,0.14,98.2,1.3,238,2026-10-17 00:40:00,PT5M,0.0,0.0,0.0,0.0,0.0
0,0,0,0,24,0.14,98.2,1.3,238,2026-10-17 00:45:00,PT5M,0.0,0.0,0.0,0.0,0.0
0,0,0,0,24,0.14,98.2,1.3,238,2026-10-17 00:50:00,PT5M,0.0,0.0,0.0,0.0,0.0
0,0,0,0,24,0.14,98.2,1.3,238,2026-10-17 00:55:00,PT5M,0.0,0.0,0.0,0.0,0.0
0,0,0,0,24,0.14,98.2,1.3,238,2026-10-17 01:00:00,PT5M,0.0,0.0,0.0,0.0,0.0
0,0,0,0,24,0.14,98.2,1.3,238,2026-10-17 01:05:00,PT5M,0.0,0.0,0.0,0.0,0.0
0,0,0,0,24,0.14,98.2,1.3,238,2026-10-17 01:10:00,PT5M,0.0,0.0,0.0,0.0,0.0
0,0,0,0,24,0.14,98.2,1.3,238,2026-10-17 01:15:00,PT5M,0.0,0.0,0.0,0.0,0.0
0,0,0,0,24,0.14,98.2,1.3,238,2026-10-17 01:20:00,PT5M,0.0,0.0,0.0,0.0,0.0
0,0,0,0,24,0.14,98.2,1.3,238,2026-10-17 01:25:00,PT5M,0.0,0.0,0.0,0.0,0.0
0,0,0,0,24,0.14,98.2,1.3,238,2026-10-17 01:30:00,PT5M,0.0,0.0,0.0,0.0,0.0
0,0,0,0,24,0.14,98.2,1.3,237,2026-10-17 01:35:00,PT5M,0.0,0.0,0.0,0.0,0.0
0,0,0,0,24,0.14,98.1,1.3,237,2026-10-17 01:40:00,PT5M,0.0,0.0,0.0,0.0,0.0
0,0,0,0,24,0.14,98.1,1.3,237,2026-10-17 01:45:00,PT5M,0.0,0.0,0.0,0.0,0.0
0,0,0,0,24,0.14,98.0,1.3,237,2026-10-17 01:50:00,PT5M,0.0,0.0,0.0,0.0,0.0
0,0,0,0,24,0.14,98.0,1.4,237,2026-10-17 01:55:00,PT5M,0.0,0.0,0.0,0.0,0.0
0,0,0,0,24,0.14,97.9,1.4,237,2026-10-17 02:00:00,PT5M,0.0,0.0,0.0,0.0,0.0
0,0,0,0,24,0.14,97.9,1.4,237,2026-10-17 02:05:00,PT5M,0.0,0.0,0.0,0.0,0.0
0,0,0,0,24,0.14,97.8,1.4,237,2026-10-17 02:10:00,PT5M,0.0,0.0,0.0,0.0,0.0
0,0,0,0,24,0.14,97.8,1.4,237,2026-10-17 02:15:00,PT5M,0.0,0.0,0.0,0.0,0.0
0,0,0,0,24,0.14,97.7,1.4,237,2026-10-17 02:20:00,PT5M,0.0,0.0,0.0,0.0,0.0
0,0,0,0,24,0.14,97.7,1.4,236,2026-10-17 02:25:00,PT5M,0.0,0.0,0.0,0.0,0.0
0,0,0,0,24,0.14,97.6,1.4,236,2026-10-17 02:30:00,PT5M,0.0,0.0,0.0,0.0,0.0
0,0,0,0,24,0.14,97.6,1.4,236,2026-10-17 02:35:00,PT5M,0.0,0.0,0.0,0.0,0.0
0,0,0,0,24,0.14,97.7,1.5,237,2026-10-17 02:40:00,PT5M,0.0,0.0,0.0,0.0,0.0
0,0,0,0,24,0.14,97.7,1.5,237,2026-10-17 02:45:00,PT5M,0.0,0.0,0.0,0.0,0.0
0,0,0,0,24,0.14,97.8,1.5,237,2026-10-17 02:50:00,PT5M,0.0,0.0,0.0,0.0,0.0
0,0,0,0,24,0.14,97.8,1.5,237,2026-10-17 02:55:00,PT5M,0.0,0.0,0.0,0.0,0.0
0,0,0,0,24,0.14,97.9,1.5,237,2026-10-17 03:00:00,PT5M,0.0,0.0,0.0,0.0,0.0
0,0,0,0,24,0.14,97.9,1.5,237,2026-10-17 03:05:00,PT5M,0.0,0.0,0.0,0.0,0.0
0,0,0,0,24,0.14,98.0,1.5,238,2026-10-17 03:10:00,PT5M,0.0,0.0,0.0,0.0,0.0
0,0,0,0,24,0.14,98.0,1.5,238,2026-10-17 03:15:00,PT5M,0.0,0.0,0.0,0.0,0.0
0,0,0,0,24,0.14,98.1,1.5,238,2026-10-17 03:20:00,PT5M,0.0,0.0,0.0,0.0,0.0
0,0,0,0,24,0.14,98.1,1.5,238,2026-10-17 03:25:00,PT5M,0.0,0.0,0.0,0.0,0.0
0,0,0,0,24,0.14,98.2,1.5,238,2026-10-17 03:30:00,PT5M,0.0,0.0,0.0,0.0,0.0
0,0,0,0,24,0.14,98.2,1.5,238,2026-10-17 03:35:00,PT5M,0.0,0.0,0.0,0.0,0.0
0,0,0,0,24,0.14,98.1,1.5,238,2026-10-17 03:40:00,PT5M,0.0,0.0,0.0,0.0,0.0
0,0,0,0,24,0.14,98.1,1.5,238,2026-10-17 03:45:00,PT5M,0.0,0.0,0.0,0.0,0.0
0,0,0,0,24,0.14,98.0,1.5,237,2026-10-17 03:50:00,PT5M,0.0,0.0,0.0,0.0,0.0
0,0,0,0,24,0.14,98.0,1.5,237,2026-10-17 03:55:00,PT5M,0.0,0.0,0.0,0.0,0.0
0,0,0,0,24,0.14,97.9,1.6,237,2026-10-17 04:00:00,PT5M,0.0,0.0,0.0,0.0,0.0
0,0,0,0,24,0.14,97.9,1.6,237,2026-10-17 04:05:00,PT5M,0.0,0.0,0.0,0.0,0.0
0,0,0,0,24,0.14,97.8,1.6,236,2026-10-17 04:10:00,PT5M,0.0,0.0,0.0,0.0,0.0
0,0,0,0,24,0.14,97.8,1.6,236,2026-10-17 04:15:00,PT5M,0.0,0.0,0.0,0.0,0.0
0,0,0,0,24,0.14,97.7,1.6,236,2026-10-17 04:20:00,PT5M,0.0,0.0,0.0,0.0,0.0
0,0,0,0,24,0.14,97.7,1.6,236,2026-10-17 04:25:00,PT5M,0.0,0.0,0.0,0.0,0.0
0,0,0,0,24,0.14,97.6,1.6,235,2026-10-17 04:30:00,PT5M,0.0,0.0,0.0,0.0,0.0
0,0,0,0,24,0.14,97.6,1.6,235,2026-10-17 04:35:00,PT5M,0.0,0.0,0.0,0.0,0.0
0,0,0,0,24,0.14,97.7,1.6,236,2026-10-17 04:40:00,PT5M,0.0,0.0,0.0,0.0,0.0
0,0,0,0,24,0.14,97.7,1.6,236,2026-10-17 04:45:00,PT5M,0.0,0.0,0.0,0.0,0.0
0,0,0,0,24,0.14,97.8,1.6,236,2026-10-17 04:50:00,PT5M,0.0,0.0,0.0,0.0,0.0
0,0,0,0,24,0.14,97.8,1.6,236,2026-10-17 04:55:00,PT5M,0.0,0.0,0.0,0.0,0.0
0,0,0,0,24,0.14,97.9,1.6,236,2026-10-17 05:00:00,PT5M,0.0,0.0,0.0,0.0,0.0
0,0,0,0,23,0.14,97.9,1.6,236,2026-10-17 05:05:00,PT5M,0.0,0.0,0.0,0.0,0.0
0,0,0,0,23,0.14,98.0,1.6,237,2026-10-17 05:10:00,PT5M,0.0,0.0,0.0,0.0,0.0
0,0,0,0,23,0.14,98.0,1.6,237,2026-10-17 05:15:00,PT5M,0.0,0.0,0.0,0.0,0.0
0,0,0,0,23,0.14,98.1,1.6,237,2026-10-17 05:20:00,PT5M,0.0,0.0,0.0,0.0,0.0
0,0,0,0,23,0.14,98.1,1.7,237,2026-10-17 05:25:00,PT5M,0.0,0.0,0.0,0.0,0.0
0,0,0,0,23,0.14,98.2,1.7,237,2026-10-17 05:30:00,PT5M,0.0,0.0,0.0,0.0,0.0
0,0,0,0,23,0.14,98.0,1.7,237,2026-10-17 05:35:00,PT5M,0.0,0.0,0.0,0.0,0.0
0,0,0,0,24,0.14,97.7,1.7,236,2026-10-17 05:40:00,PT5M,0.0,0.0,0.0,0.0,0.0
0,0,0,0,24,0.14,97.3,1.7,235,2026-10-17 05:45:00,PT5M,0.0,0.0,0.0,0.0,0.0
0,0,0,0,24,0.14,97.0,1.7,234,2026-10-17 05:50:00,PT5M,0.0,0.0,0.0,0.0,0.0
0,0,0,0,24,0.14,96.7,1.7,233,2026-10-17 05:55:00,PT5M,0.0,0.0,0.0,0.0,0.0
4,4,0,4,24,0.14,96.3,1.7,233,2026-10-17 06:00:00,PT5M,0.0,0.0425,0.0224,0.0,0.0
10,11,0,11,24,0.14,96.0,1.7,232,2026-10-17 06:05:00,PT5M,0.739,1.4095,1.0919,0.3861,0.0685
18,18,0,18,24,0.14,95.7,1.7,231,2026-10-17 06:10:00,PT5M,1.746,3.263,2.5444,0.9476,0.229
27,27,0,27,24,0.14,95.3,1.7,230,2026-10-17 06:15:00,PT5M,2.853,5.533,4.2635,1.4425,0.173
36,36,0,36,24,0.14,95.0,1.7,229,2026-10-17 06:20:00,PT5M,4.043,8.1075,6.1822,1.9038,0.0
47,47,0,47,24,0.14,94.7,1.8,228,2026-10-17 06:25:00,PT5M,5.407,11.0325,8.3677,2.4463,0.0
58,58,0,58,24,0.14,94.3,1.8,228,2026-10-17 06:30:00,PT5M,6.964,14.345,10.8487,3.0793,0.0
71,71,20,68,24,0.14,94.0,1.8,227,2026-10-17 06:35:00,PT5M,9.066,18.297,13.9243,4.2077,0.0
85,84,41,76,24,0.14,93.7,1.8,226,2026-10-17 06:40:00,PT5M,11.404,22.5045,17.2463,5.5617,0.3035
99,98,61,85,25,0.14,93.3,1.8,225,2026-10-17 06:45:00,PT5M,14.04,26.999,20.8604,7.2196,1.081
114,112,82,94,25,0.14,93.0,1.8,225,2026-10-17 06:50:00,PT5M,16.771,31.6425,24.598,8.944,1.8995
130,128,102,102,25,0.14,92.7,1.8,224,2026-10-17 06:55:00,PT5M,19.682,36.507,28.5371,10.8269,2.857
145,142,119,110,25,0.14,92.4,1.8,223,2026-10-17 07:00:00,PT5M,22.619,41.4925,32.5523,12.6857,3.7455
160,157,132,119,25,0.14,92.1,1.8,222,2026-10-17 07:05:00,PT5M,25.545,46.534,36.5917,14.4983,4.556
176,172,146,127,25,0.14,91.7,1.8,222,2026-10-17 07:10:00,PT5M,28.56,51.6965,40.7369,16.3831,5.4235
191,187,159,135,25,0.14,91.4,1.8,221,2026-10-17 07:15:00,PT5M,31.629,56.927,44.9435,18.3145,6.331
207,202,171,142,25,0.14,91.1,1.8,220,2026-10-17 07:20:00,PT5M,34.719,62.1805,49.1722,20.2658,7.2575
222,218,182,150,25,0.14,90.8,1.8,219,2026-10-17 07:25:00,PT5M,37.843,67.485,53.4438,22.2422,8.201
238,233,193,158,25,0.14,90.5,1.8,219,2026-10-17 07:30:00,PT5M,40.991,72.8355,57.751,24.231,9.1465
253,248,203,165,25,0.14,90.2,1.8,218,2026-10-17 07:35:00,PT5M,44.092,78.1815,62.0335,26.1505,10.0025
269,263,212,172,25,0.14,89.9,1.8,217,2026-10-17 07:40:00,PT5M,46.846,82.834,65.7867,27.9053,10.858
284,279,221,179,26,0.14,89.7,1.8,217,2026-10-17 07:45:00,PT5M,48.809,85.448,68.0924,29.5256,12.17
300,294,230,186,26,0.14,89.4,1.8,216,2026-10-17 07:50:00,PT5M,50.769,88.0095,70.3689,31.1691,13.5285
315,309,238,193,26,0.14,89.1,1.8,216,2026-10-17 07:55:00,PT5M,52.654,90.443,72.5426,32.7654,14.865
330,324,246,200,26,0.14,88.9,1.8,215,2026-10-17 08:00:00,PT5M,54.457,92.733,74.6019,34.3121,16.181
345,339,254,206,26,0.14,88.6,1.8,215,2026-10-17 08:05:00,PT5M,56.171,94.863,76.5349,35.8071,17.479
360,354,261,213,26,0.14,88.3,1.8,214,2026-10-17 08:10:00,PT5M,57.788,96.8135,78.3274,37.2486,18.7625
375,368,268,219,26,0.14,88.1,1.9,214,2026-10-17 08:15:00,PT5M,59.307,98.579,79.9761,38.6379,20.035
390,383,275,225,26,0.14,87.8,1.9,213,2026-10-17 08:20:00,PT5M,60.752,100.0,81.4903,40.0137,21.3485
405,397,281,231,26,0.14,87.6,1.9,213,2026-10-17 08:25:00,PT5M,62.107,100.0,82.8827,41.3313,22.6325
419,411,287,237,26,0.14,87.3,1.9,212,2026-10-17 08:30:00,PT5M,63.4,100.0,84.2247,42.5753,23.8325
434,426,294,242,26,0.14,87.0,1.9,212,2026-10-17 08:35:00,PT5M,64.782,100.0,85.6043,43.9597,25.219
449,441,303,247,26,0.14,86.7,1.9,211,2026-10-17 08:40:00,PT5M,66.249,100.0,87.0631,45.4349,26.7015
464,456,311,252,26,0.14,86.4,1.9,210,2026-10-17 08:45:00,PT5M,67.662,100.0,88.4601,46.8639,28.145
480,471,320,256,27,0.14,86.2,1.9,210,2026-10-17 08:50:00,PT5M,69.03,100.0,89.8012,48.2588,29.564
495,486,328,260,27,0.14,85.9,2.0,209,2026-10-17 08:55:00,PT5M,70.353,100.0,91.0879,49.6181,30.956
509,500,337,264,27,0.14,85.6,2.0,209,2026-10-17 09:00:00,PT5M,71.634,100.0,92.3239,50.9441,32.3225
525,515,346,267,27,0.14,85.3,2.0,208,2026-10-17 09:05:00,PT5M,72.953,100.0,93.4685,52.4375,33.973
540,530,356,270,27,0.14,85.0,2.0,208,2026-10-17 09:10:00,PT5M,74.288,100.0,94.6045,53.9715,35.686
555,545,366,272,27,0.14,84.7,2.0,207,2026-10-17 09:15:00,PT5M,75.58,100.0,95.6978,55.4622,37.3555
570,559,376,275,27,0.14,84.4,2.1,207,2026-10-17 09:20:00,PT5M,76.873,100.0,96.7932,56.9528,39.024
585,574,386,277,27,0.14,84.1,2.1,206,2026-10-17 09:25:00,PT5M,78.089,100.0,97.8124,58.3656,40.614
599,588,396,278,27,0.14,83.8,2.1,206,2026-10-17 09:30:00,PT5M,79.265,100.0,98.7926,59.7374,42.162
613,602,405,280,27,0.14,83.6,2.1,205,2026-10-17 09:35:00,PT5M,80.337,100.0,99.6617,61.0123,43.6195
626,615,413,281,27,0.14,83.3,2.1,205,2026-10-17 09:40:00,PT5M,81.309,100.0,100.0,62.1954,44.9925
639,627,421,283,27,0.14,83.1,2.1,204,2026-10-17 09:45:00,PT5M,82.246,100.0,100.0,63.3424,46.3285
652,639,428,284,28,0.14,82.9,2.1,204,2026-10-17 09:50:00,PT5M,83.105,100.0,100.0,64.4069,47.578
664,651,435,286,28,0.14,82.6,2.2,204,2026-10-17 09:55:00,PT5M,83.924,100.0,100.0,65.4283,48.7815
675,663,442,287,28,0.14,82.4,2.2,203,2026-10-17 10:00:00,PT5M,84.709,100.0,100.0,66.4125,49.945
687,674,449,288,28,0.14,82.1,2.2,203,2026-10-17 10:05:00,PT5M,85.451,100.0,100.0,67.3508,51.06
698,685,455,289,28,0.14,81.9,2.2,202,2026-10-17 10:10:00,PT5M,86.151,100.0,100.0,68.2439,52.127
708,695,461,290,28,0.14,81.7,2.2,202,2026-10-17 10:15:00,PT5M,86.82,100.0,100.0,69.1037,53.1585
719,705,468,291,28,0.14,81.4,2.2,202,2026-10-17 10:20:00,PT5M,87.461,100.0,100.0,69.9331,54.1575
729,715,474,291,28,0.14,81.2,2.2,201,2026-10-17 10:25:00,PT5M,88.072,100.0,100.0,70.7307,55.123
738,724,480,291,28,0.14,81.0,2.2,201,2026-10-17 10:30:00,PT5M,88.656,100.0,100.0,71.4992,56.0575
745,731,482,293,28,0.14,80.7,2.3,201,2026-10-17 10:35:00,PT5M,88.971,100.0,100.0,71.9431,56.6175
750,736,479,297,28,0.14,80.4,2.3,200,2026-10-17 10:40:00,PT5M,89.024,100.0,100.0,72.0669,56.805
754,740,477,300,28,0.14,80.2,2.3,199,2026-10-17 10:45:00,PT5M,89.051,100.0,100.0,72.1573,56.9525
758,744,474,303,28,0.14,79.9,2.3,199,2026-10-17 10:50:00,PT5M,89.045,100.0,100.0,72.2019,57.0425
761,747,472,306,29,0.14,79.6,2.3,198,2026-10-17 10:55:00,PT5M,89.005,100.0,100.0,72.1976,57.0705
764,750,469,309,29,0.14,79.4,2.3,198,2026-10-17 11:00:00,PT5M,88.965,100.0,100.0,72.2029,57.1165
766,752,466,312,29,0.14,79.1,2.3,197,2026-10-17 11:05:00,PT5M,88.913,100.0,100.0,72.1967,57.1515
768,754,463,315,29,0.14,78.8,2.3,197,2026-10-17 11:10:00,PT5M,88.827,100.0,100.0,72.1428,57.1265
769,755,460,317,29,0.14,78.6,2.3,196,2026-10-17 11:15:00,PT5M,88.716,100.0,100.0,72.0552,57.06
770,756,457,320,29,0.14,78.3,2.3,196,2026-10-17 11:20:00,PT5M,88.58,100.0,100.0,71.9355,56.955
771,757,454,322,29,0.14,78.1,2.4,195,2026-10-17 11:25:00,PT5M,88.42,100.0,100.0,71.7863,56.8155
771,757,451,325,29,0.14,77.8,2.4,195,2026-10-17 11:30:00,PT5M,88.236,100.0,100.0,71.6073,56.641
770,756,446,327,29,0.14,77.8,2.4,195,2026-10-17 11:35:00,PT5M,87.992,100.0,100.0,71.3194,56.3135
767,754,441,330,29,0.14,78.1,2.4,195,2026-10-17 11:40:00,PT5M,87.686,100.0,100.0,70.9205,55.831
765,752,435,333,29,0.14,78.3,2.3,196,2026-10-17 11:45:00,PT5M,87.353,100.0,100.0,70.4885,55.31
762,749,429,335,29,0.14,78.6,2.3,196,2026-10-17 11:50:00,PT5M,86.995,100.0,100.0,70.0255,54.7525
759,746,424,338,29,0.14,78.9,2.3,197,2026-10-17 11:55:00,PT5M,86.685,100.0,100.0,69.6048,54.232
755,742,418,340,29,0.14,79.1,2.3,197,2026-10-17 12:00:00,PT5M,86.393,100.0,100.0,69.1964,53.719
750,738,412,342,29,0.14,79.4,2.3,198,2026-10-17 12:05:00,PT5M,86.068,100.0,100.0,68.7493,53.162
746,733,405,344,29,0.14,79.7,2.3,198,2026-10-17 12:10:00,PT5M,85.707,100.0,100.0,68.2604,52.558
740,728,399,346,29,0.14,79.9,2.3,199,2026-10-17 12:15:00,PT5M,85.318,100.0,100.0,67.7388,51.917
735,723,392,348,29,0.14,80.2,2.3,199,2026-10-17 12:20:00,PT5M,84.898,100.0,100.0,67.182,51.237
729,717,385,350,29,0.14,80.5,2.3,200,2026-10-17 12:25:00,PT5M,84.451,100.0,100.0,66.5947,50.5235
722,711,379,351,28,0.14,80.8,2.3,201,2026-10-17 12:30:00,PT5M,83.973,100.0,100.0,65.9722,49.771
715,704,372,352,28,0.14,81.0,2.2,201,2026-10-17 12:35:00,PT5M,83.462,100.0,100.0,65.3236,48.9985
708,697,365,353,28,0.14,81.2,2.2,202,2026-10-17 12:40:00,PT5M,82.911,100.0,100.0,64.6366,48.189
700,690,358,354,28,0.14,81.5,2.2,202,2026-10-17 12:45:00,PT5M,82.32,100.0,100.0,63.9019,47.325
692,682,351,355,28,0.14,81.7,2.2,203,2026-10-17 12:50:00,PT5M,81.658,100.0,100.0,63.1012,46.3995
684,674,344,355,28,0.14,82.0,2.2,204,2026-10-17 12:55:00,PT5M,81.05,100.0,99.736,62.364,45.546
676,666,337,355,28,0.14,82.2,2.2,204,2026-10-17 13:00:00,PT5M,80.372,100.0,99.2038,61.5402,44.591
667,657,331,354,28,0.14,82.4,2.1,205,2026-10-17 13:05:00,PT5M,79.663,100.0,98.6451,60.6809,43.5965
658,648,324,354,28,0.14,82.7,2.1,206,2026-10-17 13:10:00,PT5M,78.927,100.0,98.0619,59.7921,42.57
648,639,318,353,28,0.14,82.9,2.1,207,2026-10-17 13:15:00,PT5M,78.162,100.0,97.4517,58.8723,41.511
638,629,312,351,28,0.14,83.2,2.1,207,2026-10-17 13:20:00,PT5M,77.367,100.0,96.8127,57.9213,40.4195
628,620,305,350,28,0.14,83.4,2.1,208,2026-10-17 13:25:00,PT5M,76.541,100.0,96.1441,56.9379,39.2945
618,610,299,348,28,0.14,83.6,2.1,209,2026-10-17 13:30:00,PT5M,75.684,100.0,95.4455,55.9225,38.1365
607,598,291,347,28,0.14,83.9,2.1,209,2026-10-17 13:35:00,PT5M,74.677,100.0,94.6251,54.7289,36.775
594,586,281,345,28,0.14,84.1,2.0,210,2026-10-17 13:40:00,PT5M,73.516,100.0,93.6775,53.3545,35.2085
581,574,272,344,28,0.14,84.4,2.0,211,2026-10-17 13:45:00,PT5M,72.319,100.0,92.6934,51.9446,33.607
568,561,263,342,28,0.14,84.6,2.0,211,2026-10-17 13:50:00,PT5M,71.086,100.0,91.6722,50.4998,31.9715
555,548,253,339,28,0.14,84.9,2.0,212,2026-10-17 13:55:00,PT5M,69.814,100.0,90.6121,49.0159,30.297
542,535,244,337,28,0.14,85.1,2.0,213,2026-10-17 14:00:00,PT5M,68.485,100.0,89.4952,47.4748,28.565
528,522,234,334,27,0.14,85.4,2.0,213,2026-10-17 14:05:00,PT5M,67.097,100.0,88.3185,45.8755,26.7755
514,508,225,331,27,0.14,85.6,2.0,214,2026-10-17 14:10:00,PT5M,65.675,100.0,87.106,44.244,24.9555
500,495,215,327,27,0.14,85.9,2.0,215,2026-10-17 14:15:00,PT5M,64.211,100.0,85.8485,42.5735,23.099
486,481,206,323,27,0.14,86.1,2.0,215,2026-10-17 14:20:00,PT5M,62.722,100.0,84.5637,40.8803,21.222
472,467,197,319,27,0.14,86.4,2.0,216,2026-10-17 14:25:00,PT5M,61.2,100.0,83.2433,39.1567,19.317
458,453,188,315,27,0.14,86.6,2.0,217,2026-10-17 14:30:00,PT5M,59.642,100.0,81.8908,37.3932,17.3685
444,439,178,310,27,0.14,86.9,2.0,217,2026-10-17 14:35:00,PT5M,57.989,100.0,80.446,35.532,15.32
429,424,168,305,27,0.14,87.2,2.0,218,2026-10-17 14:40:00,PT5M,56.241,99.297,78.9017,33.5803,13.185
414,410,158,300,27,0.14,87.5,2.0,219,2026-10-17 14:45:00,PT5M,54.52,97.7415,77.2678,31.7722,11.2985
400,396,149,294,27,0.14,87.8,2.0,220,2026-10-17 14:50:00,PT5M,52.786,96.0815,75.5727,29.9993,9.4905
385,382,140,288,27,0.14,88.1,2.0,221,2026-10-17 14:55:00,PT5M,51.019,94.364,73.8318,28.2062,7.674
371,368,131,282,27,0.14,88.4,2.0,221,2026-10-17 15:00:00,PT5M,49.218,92.5845,72.0421,26.3939,5.8515
356,353,122,276,27,0.14,88.7,1.9,222,2026-10-17 15:05:00,PT5M,47.329,90.6555,70.132,24.526,4.0025
342,339,111,270,27,0.14,89.0,1.9,223,2026-10-17 15:10:00,PT5M,45.332,88.55,68.0779,22.5861,2.114
327,325,101,264,27,0.14,89.3,1.9,224,2026-10-17 15:15:00,PT5M,43.514,86.516,66.1463,20.8817,0.512
312,310,91,257,27,0.14,89.6,1.9,225,2026-10-17 15:20:00,PT5M,41.43,84.227,63.9544,18.9056,0.0
298,296,81,250,27,0.14,89.9,1.9,226,2026-10-17 15:25:00,PT5M,39.296,81.8295,61.6817,16.9103,0.0
283,282,71,243,26,0.14,90.2,1.9,227,2026-10-17 15:30:00,PT5M,37.139,79.321,59.3397,14.9383,0.0
270,268,62,235,26,0.14,90.6,1.9,227,2026-10-17 15:35:00,PT5M,35.139,76.846,57.0897,13.1883,0.0
257,256,55,227,26,0.14,90.9,1.9,228,2026-10-17 15:40:00,PT5M,33.26,74.385,54.9044,11.6156,0.0
244,243,47,219,26,0.14,91.2,1.9,229,2026-10-17 15:45:00,PT5M,31.332,71.781,52.6206,10.0434,0.0
231,230,39,211,26,0.14,91.5,1.9,230,2026-10-17 15:50:00,PT5M,29.358,69.047,50.2466,8.4694,0.0
218,218,32,203,26,0.14,91.8,1.9,230,2026-10-17 15:55:00,PT5M,27.339,66.192,47.7876,6.8904,0.0
205,205,24,194,26,0.14,92.1,1.9,231,2026-10-17 16:00:00,PT5M,25.584,63.531,45.5558,5.6122,0.0
192,193,16,186,26,0.14,92.4,1.8,232,2026-10-17 16:05:00,PT5M,23.557,60.585,43.0451,4.0689,0.0
180,181,10,177,26,0.14,92.8,1.8,233,2026-10-17 16:10:00,PT5M,21.917,56.6015,40.1717,3.6623,0.0
168,169,3,167,26,0.14,93.1,1.8,234,2026-10-17 16:15:00,PT5M,20.167,52.5425,37.2065,3.1275,0.0
156,157,0,157,26,0.14,93.4,1.8,234,2026-10-17 16:20:00,PT5M,18.662,48.7505,34.4978,2.8262,0.0
144,145,0,145,26,0.14,93.7,1.8,235,2026-10-17 16:25:00,PT5M,17.349,45.163,31.9877,2.7103,0.0
133,133,0,133,26,0.14,94.1,1.8,236,2026-10-17 16:30:00,PT5M,16.016,41.5555,29.4576,2.5744,0.0
121,121,0,121,26,0.14,94.3,1.8,237,2026-10-17 16:35:00,PT5M,14.603,37.827,26.826,2.38,0.0
109,110,0,110,26,0.14,94.6,1.8,238,2026-10-17 16:40:00,PT5M,13.163,34.1385,24.2026,2.1234,0.0
98,98,0,98,26,0.14,94.8,1.8,239,2026-10-17 16:45:00,PT5M,11.751,30.515,21.6266,1.8754,0.0
86,86,0,86,26,0.14,95.0,1.8,240,2026-10-17 16:50:00,PT5M,10.33,26.9565,19.0806,1.5794,0.0
75,75,0,75,26,0.14,95.3,1.8,241,2026-10-17 16:55:00,PT5M,8.969,23.558,16.6473,1.2907,0.0
64,65,0,65,25,0.14,95.5,1.8,242,2026-10-17 17:00:00,PT5M,7.587,20.195,14.2227,0.9513,0.0
54,55,0,55,25,0.14,95.7,1.8,242,2026-10-17 17:05:00,PT5M,6.29,16.94,11.8952,0.6848,0.0
45,45,0,45,25,0.14,96.0,1.8,243,2026-10-17 17:10:00,PT5M,5.145,13.864,9.7339,0.5561,0.0
36,36,0,36,25,0.14,96.2,1.8,244,2026-10-17 17:15:00,PT5M,4.052,10.8915,7.6517,0.4523,0.0
28,29,0,29,25,0.14,96.5,1.8,245,2026-10-17 17:20:00,PT5M,2.998,8.0265,5.6445,0.3515,0.0
22,22,0,22,25,0.14,96.7,1.8,246,2026-10-17 17:25:00,PT5M,2.118,5.5865,3.9435,0.2925,0.0
15,15,0,15,25,0.14,96.9,1.8,247,2026-10-17 17:30:00,PT5M,1.346,3.458,2.4576,0.2344,0.0
10,10,0,10,25,0.14,97.1,1.8,247,2026-10-17 17:35:00,PT5M,0.644,1.7575,1.23,0.058,0.0
5,5,0,5,25,0.14,97.1,1.8,247,2026-10-17 17:40:00,PT5M,0.0,0.3945,0.2076,0.0,0.0
1,1,0,1,25,0.14,97.1,1.8,247,2026-10-17 17:45:00,PT5M,0.0,0.0,0.0,0.0,0.0
0,0,0,0,25,0.14,97.1,1.8,247,2026-10-17 17:50:00,PT5M,0.0,0.0,0.0,0.0,0.0
0,0,0,0,25,0.14,97.1,1.9,247,2026-10-17 17:55:00,PT5M,0.0,0.0,0.0,0.0,0.0
0,0,0,0,25,0.14,97.1,1.9,246,2026-10-17 18:00:00,PT5M,0.0,0.0,0.0,0.0,0.0
0,0,0,0,25,0.14,97.1,1.9,246,2026-10-17 18:05:00,PT5M,0.0,0.0,0.0,0.0,0.0
0,0,0,0,25,0.14,97.1,1.9,246,2026-10-17 18:10:00,PT5M,0.0,0.0,0.0,0.0,0.0
0,0,0,0,25,0.14,97.1,1.9,246,2026-10-17 18:15:00,PT5M,0.0,0.0,0.0,0.0,0.0
0,0,0,0,25,0.14,97.1,1.9,245,2026-10-17 18:20:00,PT5M,0.0,0.0,0.0,0.0,0.0
0,0,0,0,25,0.14,97.1,1.9,245,2026-10-17 18:25:00,PT5M,0.0,0.0,0.0,0.0,0.0
0,0,0,0,25,0.14,97.1,1.9,245,2026-10-17 18:30:00,PT5M,0.0,0.0,0.0,0.0,0.0
0,0,0,0,25,0.14,97.1,1.9,245,2026-10-17 18:35:00,PT5M,0.0,0.0,0.0,0.0,0.0
0,0,0,0,25,0.14,97.1,1.9,244,2026-10-17 18:40:00,PT5M,0.0,0.0,0.0,0.0,0.0
0,0,0,0,25,0.14,97.1,1.9,244,2026-10-17 18:45:00,PT5M,0.0,0.0,0.0,0.0,0.0
0,0,0,0,25,0.14,97.1,1.9,244,2026-10-17 18:50:00,PT5M,0.0,0.0,0.0,0.0,0.0
0,0,0,0,25,0.14,97.1,1.9,244,2026-10-17 18:55:00,PT5M,0.0,0.0,0.0,0.0,0.0
0,0,0,0,25,0.14,97.1,1.9,244,2026-10-17 19:00:00,PT5M,0.0,0.0,0.0,0.0,0.0
0,0,0,0,25,0.14,97.1,1.9,243,2026-10-17 19:05:00,PT5M,0.0,0.0,0.0,0.0,0.0
0,0,0,0,25,0.14,97.1,1.9,243,2026-10-17 19:10:00,PT5M,0.0,0.0,0.0,0.0,0.0
0,0,0,0,25,0.14,97.1,1.9,243,2026-10-17 19:15:00,PT5M,0.0,0.0,0.0,0.0,0.0
0,0,0,0,25,0.14,97.1,1.9,243,2026-10-17 19:20:00,PT5M,0.0,0.0,0.0,0.0,0.0
0,0,0,0,25,0.14,97.1,1.9,242,2026-10-17 19:25:00,PT5M,0.0,0.0,0.0,0.0,0.0
0,0,0,0,25,0.14,97.1,1.9,242,2026-10-17 19:30:00,PT5M,0.0,0.0,0.0,0.0,0.0
0,0,0,0,25,0.14,97.1,1.9,242,2026-10-17 19:35:00,PT5M,0.0,0.0,0.0,0.0,0.0
0,0,0,0,25,0.14,97.1,1.9,242,2026-10-17 19:40:00,PT5M,0.0,0.0,0.0,0.0,0.0
0,0,0,0,25,0.14,97.1,1.9,242,2026-10-17 19:45:00,PT5M,0.0,0.0,0.0,0.0,0.0
0,0,0,0,25,0.14,97.0,1.9,243,2026-10-17 19:50:00,PT5M,0.0,0.0,0.0,0.0,0.0
0,0,0,0,25,0.14,97.0,2.0,243,2026-10-17 19:55:00,PT5M,0.0,0.0,0.0,0.0,0.0
0,0,0,0,25,0.14,97.0,2.0,243,2026-10-17 20:00:00,PT5M,0.0,0.0,0.0,0.0,0.0
0,0,0,0,25,0.14,97.0,2.0,243,2026-10-17 20:05:00,PT5M,0.0,0.0,0.0,0.0,0.0
0,0,0,0,25,0.14,97.0,2.0,243,2026-10-17 20:10:00,PT5M,0.0,0.0,0.0,0.0,0.0
0,0,0,0,25,0.14,97.0,2.0,243,2026-10-17 20:15:00,PT5M,0.0,0.0,0.0,0.0,0.0
0,0,0,0,25,0.14,97.0,2.0,243,2026-10-17 20:20:00,PT5M,0.0,0.0,0.0,0.0,0.0
0,0,0,0,25,0.14,97.0,2.0,243,2026-10-17 20:25:00,PT5M,0.0,0.0,0.0,0.0,0.0
0,0,0,0,25,0.14,97.0,2.0,243,2026-10-17 20:30:00,PT5M,0.0,0.0,0.0,0.0,0.0
0,0,0,0,25,0.14,97.0,2.0,243,2026-10-17 20:35:00,PT5M,0.0,0.0,0.0,0.0,0.0
0,0,0,0,25,0.14,97.0,2.0,243,2026-10-17 20:40:00,PT5M,0.0,0.0,0.0,0.0,0.0
0,0,0,0,25,0.14,97.0,2.0,243,2026-10-17 20:45:00,PT5M,0.0,0.0,0.0,0.0,0.0
0,0,0,0,24,0.14,97.0,2.1,243,2026-10-17 20:50:00,PT5M,0.0,0.0,0.0,0.0,0.0
0,0,0,0,24,0.14,97.0,2.1,243,2026-10-17 20:55:00,PT5M,0.0,0.0,0.0,0.0,0.0
0,0,0,0,24,0.14,97.0,2.1,243,2026-10-17 21:00:00,PT5M,0.0,0.0,0.0,0.0,0.0
0,0,0,0,24,0.14,97.0,2.1,243,2026-10-17 21:05:00,PT5M,0.0,0.0,0.0,0.0,0.0
0,0,0,0,24,0.14,97.0,2.1,243,2026-10-17 21:10:00,PT5M,0.0,0.0,0.0,0.0,0.0
0,0,0,0,24,0.14,97.0,2.1,243,2026-10-17 21:15:00,PT5M,0.0,0.0,0.0,0.0,0.0
0,0,0,0,24,0.14,97.0,2.1,242,2026-10-17 21:20:00,PT5M,0.0,0.0,0.0,0.0,0.0
0,0,0,0,24,0.14,97.0,2.1,242,2026-10-17 21:25:00,PT5M,0.0,0.0,0.0,0.0,0.0
0,0,0,0,24,0.14,97.0,2.1,242,2026-10-17 21:30:00,PT5M,0.0,0.0,0.0,0.0,0.0
0,0,0,0,24,0.14,97.1,2.1,242,2026-10-17 21:35:00,PT5M,0.0,0.0,0.0,0.0,0.0
0,0,0,0,24,0.14,97.1,2.1,242,2026-10-17 21:40:00,PT5M,0.0,0.0,0.0,0.0,0.0
0,0,0,0,24,0.14,97.2,2.1,242,2026-10-17 21:45:00,PT5M,0.0,0.0,0.0,0.0,0.0
0,0,0,0,24,0.14,97.2,2.1,242,2026-10-17 21:50:00,PT5M,0.0,0.0,0.0,0.0,0.0
0,0,0,0,24,0.14,97.3,2.1,242,2026-10-17 21:55:00,PT5M,0.0,0.0,0.0,0.0,0.0
0,0,0,0,24,0.14,97.3,2.1,242,2026-10-17 22:00:00,PT5M,0.0,0.0,0.0,0.0,0.0
0,0,0,0,24,0.14,97.4,2.1,242,2026-10-17 22:05:00,PT5M,0.0,0.0,0.0,0.0,0.0
0,0,0,0,24,0.14,97.4,2.1,242,2026-10-17 22:10:00,PT5M,0.0,0.0,0.0,0.0,0.0
0,0,0,0,24,0.14,97.5,2.1,242,2026-10-17 22:15:00,PT5M,0.0,0.0,0.0,0.0,0.0
0,0,0,0,24,0.14,97.5,2.1,242,2026-10-17 22:20:00,PT5M,0.0,0.0,0.0,0.0,0.0
0,0,0,0,24,0.14,97.5,2.1,242,2026-10-17 22:25:00,PT5M,0.0,0.0,0.0,0.0,0.0
0,0,0,0,24,0.14,97.6,2.1,242,2026-10-17 22:30:00,PT5M,0.0,0.0,0.0,0.0,0.0
0,0,0,0,24,0.14,97.6,2.2,242,2026-10-17 22:35:00,PT5M,0.0,0.0,0.0,0.0,0.0
0,0,0,0,24,0.14,97.6,2.2,242,2026-10-17 22:40:00,PT5M,0.0,0.0,0.0,0.0,0.0
0,0,0,0,24,0.14,97.6,2.2,242,2026-10-17 22:45:00,PT5M,0.0,0.0,0.0,0.0,0.0
0,0,0,0,24,0.14,97.6,2.2,242,2026-10-17 22:50:00,PT5M,0.0,0.0,0.0,0.0,0.0
0,0,0,0,24,0.14,97.6,2.2,242,2026-10-17 22:55:00,PT5M,0.0,0.0,0.0,0.0,0.0
0,0,0,0,24,0.14,97.6,2.2,242,2026-10-17 23:00:00,PT5M,0.0,0.0,0.0,0.0,0.0
0,0,0,0,24,0.14,97.6,2.2,242,2026-10-17 23:05:00,PT5M,0.0,0.0,0.0,0.0,0.0
0,0,0,0,24,0.14,97.6,2.2,242,2026-10-17 23:10:00,PT5M,0.0,0.0,0.0,0.0,0.0
0,0,0,0,24,0.14,97.6,2.2,241,2026-10-17 23:15:00,PT5M,0.0,0.0,0.0,0.0,0.0
0,0,0,0,24,0.14,97.6,2.3,241,2026-10-17 23:20:00,PT5M,0.0,0.0,0.0,0.0,0.0
0,0,0,0,24,0.14,97.6,2.3,241,2026-10-17 23:25:00,PT5M,0.0,0.0,0.0,0.0,0.0
0,0,0,0,24,0.14,97.6,2.3,241,2026-10-17 23:30:00,PT5M,0.0,0.0,0.0,0.0,0.0
0,0,0,0,24,0.14,97.6,2.3,241,2026-10-17 23:35:00,PT5M,0.0,0.0,0.0,0.0,0.0
0,0,0,0,24,0.14,97.6,2.2,241,2026-10-17 23:40:00,PT5M,0.0,0.0,0.0,0.0,0.0
0,0,0,0,24,0.14,97.6,2.2,242,2026-10-17 23:45:00,PT5M,0.0,0.0,0.0,0.0,0.0
0,0,0,0,24,0.14,97.6,2.2,242,2026-10-17 23:50:00,PT5M,0.0,0.0,0.0,0.0,0.0
0,0,0,0,24,0.14,97.6,2.2,242,2026-10-17 23:55:00,PT5M,0.0,0.0,0.0,0.0,0.0
0,0,0,0,24,0.14,97.6,2.2,242,2026-10-18 00:00:00,PT5M,0.0,0.0,0.0,0.0,0.0
0,0,0,0,24,0.14,97.6,2.1,242,2026-10-18 00:05:00,PT5M,0.0,0.0,0.0,0.0,0.0
0,0,0,0,24,0.14,97.6,2.1,243,2026-10-18 00:10:00,PT5M,0.0,0.0,0.0,0.0,0.0
0,0,0,0,24,0.14,97.6,2.1,243,2026-10-18 00:15:00,PT5M,0.0,0.0,0.0,0.0,0.0
0,0,0,0,24,0.14,97.6,2.1,243,2026-10-18 00:20:00,PT5M,0.0,0.0,0.0,0.0,0.0
0,0,0,0,24,0.14,97.6,2.0,243,2026-10-18 00:25:00,PT5M,0.0,0.0,0.0,0.0,0.0
0,0,0,0,24,0.14,97.6,2.0,243,2026-10-18 00:30:00,PT5M,0.0,0.0,0.0,0.0,0.0
0,0,0,0,24,0.14,97.6,2.0,243,2026-10-18 00:35:00,PT5M,0.0,0.0,0.0,0.0,0.0
0,0,0,0,24,0.14,97.6,2.0,244,2026-10-18 00:40:00,PT5M,0.0,0.0,0.0,0.0,0.0
0,0,0,0,24,0.14,97.6,1.9,244,2026-10-18 00:45:00,PT5M,0.0,0.0,0.0,0.0,0.0
0,0,0,0,24,0.14,97.6,1.9,244,2026-10-18 00:50:00,PT5M,0.0,0.0,0.0,0.0,0.0
0,0,0,0,24,0.14,97.6,1.9,244,2026-10-18 00:55:00,PT5M,0.0,0.0,0.0,0.0,0.0
0,0,0,0,24,0.14,97.6,1.8,244,2026-10-18 01:00:00,PT5M,0.0,0.0,0.0,0.0,0.0
0,0,0,0,24,0.14,97.6,1.8,244,2026-10-18 01:05:00,PT5M,0.0,0.0,0.0,0.0,0.0
0,0,0,0,24,0.14,97.6,1.8,244,2026-10-18 01:10:00,PT5M,0.0,0.0,0.0,0.0,0.0
0,0,0,0,24,0.14,97.6,1.8,244,2026-10-18 01:15:00,PT5M,0.0,0.0,0.0,0.0,0.0
0,0,0,0,24,0.14,97.6,1.7,245,2026-10-18 01:20:00,PT5M,0.0,0.0,0.0,0.0,0.0
0,0,0,0,24,0.14,97.6,1.7,245,2026-10-18 01:25:00,PT5M,0.0,0.0,0.0,0.0,0.0
0,0,0,0,24,0.14,97.6,1.7,245,2026-10-18 01:30:00,PT5M,0.0,0.0,0.0,0.0,0.0
0,0,0,0,24,0.14,97.6,1.6,245,2026-10-18 01:35:00,PT5M,0.0,0.0,0.0,0.0,0.0
0,0,0,0,24,0.14,97.6,1.6,245,2026-10-18 01:40:00,PT5M,0.0,0.0,0.0,0.0,0.0
0,0,0,0,24,0.14,97.6,1.6,246,2026-10-18 01:45:00,PT5M,0.0,0.0,0.0,0.0,0.0
0,0,0,0,24,0.14,97.6,1.6,246,2026-10-18 01:50:00,PT5M,0.0,0.0,0.0,0.0,0.0
0,0,0,0,24,0.14,97.6,1.6,246,2026-10-18 01:55:00,PT5M,0.0,0.0,0.0,0.0,0.0
0,0,0,0,24,0.14,97.6,1.5,247,2026-10-18 02:00:00,PT5M,0.0,0.0,0.0,0.0,0.0
0,0,0,0,24,0.14,97.6,1.5,247,2026-10-18 02:05:00,PT5M,0.0,0.0,0.0,0.0,0.0
0,0,0,0,24,0.14,97.6,1.5,247,2026-10-18 02:10:00,PT5M,0.0,0.0,0.0,0.0,0.0
0,0,0,0,24,0.14,97.6,1.5,248,2026-10-18 02:15:00,PT5M,0.0,0.0,0.0,0.0,0.0
0,0,0,0,24,0.14,97.6,1.4,248,2026-10-18 02:20:00,PT5M,0.0,0.0,0.0,0.0,0.0
0,0,0,0,24,0.14,97.6,1.4,248,2026-10-18 02:25:00,PT5M,0.0,0.0,0.0,0.0,0.0
0,0,0,0,24,0.14,97.6,1.4,249,2026-10-18 02:30:00,PT5M,0.0,0.0,0.0,0.0,0.0
0,0,0,0,24,0.14,97.6,1.4,249,2026-10-18 02:35:00,PT5M,0.0,0.0,0.0,0.0,0.0
0,0,0,0,24,0.14,97.6,1.4,250,2026-10-18 02:40:00,PT5M,0.0,0.0,0.0,0.0,0.0
0,0,0,0,24,0.14,97.6,1.3,250,2026-10-18 02:45:00,PT5M,0.0,0.0,0.0,0.0,0.0
0,0,0,0,24,0.14,97.6,1.3,250,2026-10-18 02:50:00,PT5M,0.0,0.0,0.0,0.0,0.0
0,0,0,0,24,0.14,97.6,1.3,251,2026-10-18 02:55:00,PT5M,0.0,0.0,0.0,0.0,0.0
0,0,0,0,24,0.14,97.6,1.3,251,2026-10-18 03:00:00,PT5M,0.0,0.0,0.0,0.0,0.0
0,0,0,0,24,0.14,97.6,1.3,252,2026-10-18 03:05:00,PT5M,0.0,0.0,0.0,0.0,0.0
0,0,0,0,24,0.14,97.6,1.2,252,2026-10-18 03:10:00,PT5M,0.0,0.0,0.0,0.0,0.0
0,0,0,0,24,0.14,97.6,1.2,253,2026-10-18 03:15:00,PT5M,0.0,0.0,0.0,0.0,0.0
0,0,0,0,24,0.14,97.6,1.2,253,2026-10-18 03:20:00,PT5M,0.0,0.0,0.0,0.0,0.0
0,0,0,0,24,0.14,97.6,1.2,254,2026-10-18 03:25:00,PT5M,0.0,0.0,0.0,0.0,0.0
0,0,0,0,24,0.14,97.6,1.2,254,2026-10-18 03:30:00,PT5M,0.0,0.0,0.0,0.0,0.0
0,0,0,0,24,0.14,97.6,1.1,255,2026-10-18 03:35:00,PT5M,0.0,0.0,0.0,0.0,0.0
0,0,0,0,24,0.14,97.6,1.1,256,2026-10-18 03:40:00,PT5M,0.0,0.0,0.0,0.0,0.0
0,0,0,0,24,0.14,97.6,1.1,256,2026-10-18 03:45:00,PT5M,0.0,0.0,0.0,0.0,0.0
0,0,0,0,24,0.14,97.6,1.1,257,2026-10-18 03:50:00,PT5M,0.0,0.0,0.0,0.0,0.0
0,0,0,0,24,0.14,97.6,1.0,258,2026-10-18 03:55:00,PT5M,0.0,0.0,0.0,0.0,0.0
0,0,0,0,24,0.14,97.6,1.0,258,2026-10-18 04:00:00,PT5M,0.0,0.0,0.0,0.0,0.0
0,0,0,0,24,0.14,97.6,1.0,259,2026-10-18 04:05:00,PT5M,0.0,0.0,0.0,0.0,0.0
0,0,0,0,24,0.14,97.6,1.0,260,2026-10-18 04:10:00,PT5M,0.0,0.0,0.0,0.0,0.0
0,0,0,0,24,0.14,97.6,1.0,261,2026-10-18 04:15:00,PT5M,0.0,0.0,0.0,0.0,0.0
0,0,0,0,24,0.14,97.6,1.0,261,2026-10-18 04:20:00,PT5M,0.0,0.0,0.0,0.0,0.0
0,0,0,0,24,0.14,97.6,0.9,262,2026-10-18 04:25:00,PT5M,0.0,0.0,0.0,0.0,0.0
0,0,0,0,24,0.14,97.6,0.9,263,2026-10-18 04:30:00,PT5M,0.0,0.0,0.0,0.0,0.0
0,0,0,0,24,0.14,97.6,0.9,264,2026-10-18 04:35:00,PT5M,0.0,0.0,0.0,0.0,0.0
0,0,0,0,24,0.14,97.7,0.9,265,2026-10-18 04:40:00,PT5M,0.0,0.0,0.0,0.0,0.0
0,0,0,0,24,0.14,97.7,0.9,266,2026-10-18 04:45:00,PT5M,0.0,0.0,0.0,0.0,0.0
0,0,0,0,24,0.14,97.8,0.8,267,2026-10-18 04:50:00,PT5M,0.0,0.0,0.0,0.0,0.0
0,0,0,0,24,0.14,97.8,0.8,268,2026-10-18 04:55:00,PT5M,0.0,0.0,0.0,0.0,0.0
0,0,0,0,24,0.14,97.9,0.8,269,2026-10-18 05:00:00,PT5M,0.0,0.0,0.0,0.0,0.0
0,0,0,0,24,0.14,97.9,0.8,271,2026-10-18 05:05:00,PT5M,0.0,0.0,0.0,0.0,0.0
0,0,0,0,24,0.14,98.0,0.8,272,2026-10-18 05:10:00,PT5M,0.0,0.0,0.0,0.0,0.0
0,0,0,0,24,0.14,98.0,0.8,273,2026-10-18 05:15:00,PT5M,0.0,0.0,0.0,0.0,0.0
0,0,0,0,24,0.14,98.1,0.7,274,2026-10-18 05:20:00,PT5M,0.0,0.0,0.0,0.0,0.0
0,0,0,0,24,0.14,98.1,0.7,276,2026-10-18 05:25:00,PT5M,0.0,0.0,0.0,0.0,0.0
0,0,0,0,24,0.14,98.2,0.7,277,2026-10-18 05:30:00,PT5M,0.0,0.0,0.0,0.0,0.0
0,0,0,0,24,0.14,97.8,0.7,277,2026-10-18 05:35:00,PT5M,0.0,0.0,0.0,0.0,0.0
0,0,0,0,24,0.14,97.1,0.7,274,2026-10-18 05:40:00,PT5M,0.0,0.0,0.0,0.0,0.0
0,0,0,0,24,0.14,96.3,0.7,271,2026-10-18 05:45:00,PT5M,0.0,0.0,0.0,0.0,0.0
0,0,0,0,24,0.14,95.5,0.7,269,2026-10-18 05:50:00,PT5M,0.0,0.0,0.0,0.0,0.0
0,0,0,0,24,0.14,94.8,0.7,266,2026-10-18 05:55:00,PT5M,0.0,0.0,0.0,0.0,0.0
4,4,0,4,24,0.14,94.0,0.7,263,2026-10-18 06:00:00,PT5M,0.0,0.048,0.0253,0.0,0.0
11,11,0,11,24,0.14,93.3,0.7,261,2026-10-18 06:05:00,PT5M,0.836,1.5195,1.1957,0.4763,0.1525
19,20,0,20,24,0.14,92.6,0.7,258,2026-10-18 06:10:00,PT5M,1.953,3.5135,2.7743,1.1317,0.3925
29,29,0,29,24,0.14,91.9,0.7,255,2026-10-18 06:15:00,PT5M,3.213,5.9695,4.6638,1.7622,0.4565
40,40,0,40,25,0.14,91.1,0.7,253,2026-10-18 06:20:00,PT5M,4.607,8.758,6.7917,2.4223,0.456
54,53,33,49,25,0.14,90.4,0.7,250,2026-10-18 06:25:00,PT5M,6.842,12.5335,9.8375,3.8465,1.1505
69,67,70,57,25,0.14,89.7,0.8,248,2026-10-18 06:30:00,PT5M,9.732,17.1285,13.6248,5.8392,2.3355
85,82,105,65,25,0.14,89.0,0.8,246,2026-10-18 06:35:00,PT5M,12.805,22.003,17.646,7.964,3.607
100,97,133,72,25,0.14,88.3,0.8,243,2026-10-18 06:40:00,PT5M,15.908,26.943,21.7158,10.1002,4.873
117,113,161,80,25,0.14,87.7,0.8,241,2026-10-18 06:45:00,PT5M,19.339,32.221,26.1189,12.5591,6.457
134,130,188,87,25,0.14,87.0,0.8,239,2026-10-18 06:50:00,PT5M,22.862,37.5745,30.6053,15.1187,8.1495
152,147,214,93,25,0.14,86.3,0.8,237,2026-10-18 06:55:00,PT5M,26.598,43.216,35.3442,17.8518,9.98
170,164,236,100,25,0.14,85.6,0.9,235,2026-10-18 07:00:00,PT5M,30.352,48.969,40.1503,20.5537,11.735
187,181,254,107,26,0.14,85.0,0.9,234,2026-10-18 07:05:00,PT5M,34.09,54.784,44.9814,23.1986,13.396
205,198,272,113,26,0.14,84.3,0.9,232,2026-10-18 07:10:00,PT5M,37.95,60.7655,49.958,25.942,15.1345
222,215,289,119,26,0.14,83.7,0.9,230,2026-10-18 07:15:00,PT5M,41.873,66.826,55.0059,28.7401,16.92
240,232,305,125,26,0.14,83.0,0.9,229,2026-10-18 07:20:00,PT5M,45.822,72.9175,60.0826,31.5614,18.7265
258,250,320,131,26,0.14,82.4,1.0,227,2026-10-18 07:25:00,PT5M,49.807,79.046,65.1957,34.4183,20.568
276,267,334,137,26,0.14,81.7,1.0,226,2026-10-18 07:30:00,PT5M,53.828,85.2195,70.3496,37.3064,22.4365
294,285,347,143,26,0.14,81.1,1.0,224,2026-10-18 07:35:00,PT5M,57.826,91.4475,75.5212,40.1308,24.2045
312,302,359,148,26,0.14,80.5,1.0,223,2026-10-18 07:40:00,PT5M,61.239,96.732,79.9192,42.5588,25.746
329,319,371,153,26,0.14,79.8,1.1,222,2026-10-18 07:45:00,PT5M,63.368,99.489,82.3787,44.3573,27.247
347,337,382,159,27,0.14,79.2,1.1,221,2026-10-18 07:50:00,PT5M,65.413,100.0,84.7298,46.0962,28.7105
365,354,393,164,27,0.14,78.6,1.1,219,2026-10-18 07:55:00,PT5M,67.367,100.0,86.9627,47.7713,30.1345
382,371,403,168,27,0.14,78.0,1.1,218,2026-10-18 08:00:00,PT5M,69.22,100.0,89.0641,49.3759,31.5155
399,388,413,173,27,0.14,77.4,1.2,217,2026-10-18 08:05:00,PT5M,70.959,100.0,91.015,50.903,32.852
417,405,422,178,27,0.14,76.8,1.2,216,2026-10-18 08:10:00,PT5M,72.572,100.0,92.798,52.346,34.142
434,422,432,182,27,0.14,76.2,1.2,215,2026-10-18 08:15:00,PT5M,74.053,100.0,94.404,53.702,35.3855
451,439,440,186,27,0.14,75.6,1.2,215,2026-10-18 08:20:00,PT5M,75.413,100.0,95.8287,54.9973,36.6225
467,455,449,190,27,0.14,75.1,1.3,214,2026-10-18 08:25:00,PT5M,76.654,100.0,97.1071,56.2009,37.7925
484,471,456,194,27,0.14,74.5,1.3,213,2026-10-18 08:30:00,PT5M,77.823,100.0,98.3321,57.3139,38.855
501,488,466,197,28,0.14,73.8,1.3,213,2026-10-18 08:35:00,PT5M,79.077,100.0,99.5846,58.5694,40.112
518,505,477,200,28,0.14,73.0,1.3,213,2026-10-18 08:40:00,PT5M,80.414,100.0,100.0,59.9285,41.491
536,522,488,202,28,0.14,72.3,1.3,214,2026-10-18 08:45:00,PT5M,81.693,100.0,100.0,61.2399,42.8315
553,539,499,204,28,0.14,71.5,1.2,214,2026-10-18 08:50:00,PT5M,82.921,100.0,100.0,62.5111,44.1415
570,555,510,206,28,0.14,70.7,1.2,215,2026-10-18 08:55:00,PT5M,84.102,100.0,100.0,63.7442,45.4215
587,572,521,207,28,0.14,70.0,1.2,215,2026-10-18 09:00:00,PT5M,85.237,100.0,100.0,64.94,46.672
604,589,533,208,28,0.14,69.3,1.2,216,2026-10-18 09:05:00,PT5M,86.406,100.0,100.0,66.2371,48.0845
621,606,546,208,29,0.14,68.5,1.2,216,2026-10-18 09:10:00,PT5M,87.655,100.0,100.0,67.6932,49.727
638,622,558,208,29,0.14,67.8,1.2,217,2026-10-18 09:15:00,PT5M,88.801,100.0,100.0,69.0455,51.265
655,639,571,207,29,0.14,67.1,1.2,217,2026-10-18 09:20:00,PT5M,89.903,100.0,100.0,70.3528,52.757
672,655,584,206,29,0.14,66.4,1.1,218,2026-10-18 09:25:00,PT5M,90.964,100.0,100.0,71.618,54.206
688,671,597,205,29,0.14,65.7,1.1,219,2026-10-18 09:30:00,PT5M,91.986,100.0,100.0,72.8429,55.6135
704,687,609,204,29,0.14,65.0,1.1,219,2026-10-18 09:35:00,PT5M,92.902,100.0,100.0,73.9602,56.912
719,701,619,203,30,0.14,64.4,1.1,220,2026-10-18 09:40:00,PT5M,93.718,100.0,100.0,74.9757,58.107
734,716,629,202,30,0.14,63.7,1.1,221,2026-10-18 09:45:00,PT5M,94.501,100.0,100.0,75.9563,59.2655
748,729,638,201,30,0.14,63.0,1.1,221,2026-10-18 09:50:00,PT5M,95.212,100.0,100.0,76.8599,60.3425
761,743,647,200,30,0.14,62.4,1.0,222,2026-10-18 09:55:00,PT5M,95.881,100.0,100.0,77.7166,61.368
775,756,656,199,30,0.14,61.7,1.0,223,2026-10-18 10:00:00,PT5M,96.521,100.0,100.0,78.5402,62.357
787,768,665,198,30,0.14,61.1,1.0,223,2026-10-18 10:05:00,PT5M,97.122,100.0,100.0,79.321,63.2995
800,780,673,197,31,0.14,60.4,1.0,224,2026-10-18 10:10:00,PT5M,97.686,100.0,100.0,80.0605,64.197
812,792,681,195,31,0.14,59.8,1.0,225,2026-10-18 10:15:00,PT5M,98.224,100.0,100.0,80.7711,65.063
823,803,689,194,31,0.14,59.2,1.0,226,2026-10-18 10:20:00,PT5M,98.736,100.0,100.0,81.4526,65.897
834,814,696,192,31,0.14,58.6,1.0,227,2026-10-18 10:25:00,PT5M,99.223,100.0,100.0,82.1062,66.7005
845,825,704,191,31,0.14,58.0,1.0,227,2026-10-18 10:30:00,PT5M,99.685,100.0,100.0,82.7319,67.4735
856,835,712,189,31,0.14,57.4,0.9,228,2026-10-18 10:35:00,PT5M,100.0,100.0,100.0,83.2184,68.1145
866,845,719,187,31,0.14,56.8,0.9,229,2026-10-18 10:40:00,PT5M,100.0,100.0,100.0,83.3969,68.4535
875,854,727,184,32,0.14,56.2,0.9,230,2026-10-18 10:45:00,PT5M,100.0,100.0,100.0,83.5697,68.782
884,863,734,182,32,0.14,55.6,0.9,231,2026-10-18 10:50:00,PT5M,100.0,100.0,100.0,83.7308,69.088
893,871,742,180,32,0.14,55.1,0.9,232,2026-10-18 10:55:00,PT5M,100.0,100.0,100.0,83.8787,69.369
901,879,749,177,32,0.14,54.5,0.9,233,2026-10-18 11:00:00,PT5M,100.0,100.0,100.0,84.0387,69.673
909,887,756,175,32,0.14,53.9,0.9,234,2026-10-18 11:05:00,PT5M,100.0,100.0,100.0,84.2003,69.98
916,894,763,172,32,0.14,53.4,0.9,235,2026-10-18 11:10:00,PT5M,100.0,100.0,100.0,84.3482,70.261
922,900,770,169,33,0.14,52.8,0.8,236,2026-10-18 11:15:00,PT5M,100.0,100.0,100.0,84.4879,70.5265
929,906,776,166,33,0.14,52.3,0.8,237,2026-10-18 11:20:00,PT5M,100.0,100.0,100.0,84.6213,70.78
934,912,783,163,33,0.14,51.8,0.8,238,2026-10-18 11:25:00,PT5M,100.0,100.0,100.0,84.7495,71.0235
939,917,789,160,33,0.14,51.2,0.8,240,2026-10-18 11:30:00,PT5M,100.0,100.0,100.0,84.8718,71.256
938,915,782,165,33,0.14,51.2,0.8,239,2026-10-18 11:35:00,PT5M,100.0,100.0,100.0,84.8395,71.1945
930,907,760,177,33,0.14,51.6,0.7,235,2026-10-18 11:40:00,PT5M,100.0,100.0,100.0,84.6518,70.838
921,899,739,188,33,0.14,52.0,0.6,231,2026-10-18 11:45:00,PT5M,100.0,100.0,100.0,84.4579,70.4695
911,890,718,199,33,0.14,52.4,0.6,226,2026-10-18 11:50:00,PT5M,100.0,100.0,100.0,84.2579,70.0895
902,881,697,210,33,0.14,52.8,0.5,220,2026-10-18 11:55:00,PT5M,99.567,100.0,100.0,83.6191,69.2655
891,871,677,221,33,0.14,53.2,0.5,213,2026-10-18 12:00:00,PT5M,98.709,100.0,100.0,82.5498,68.006
881,861,656,231,32,0.14,53.7,0.4,204,2026-10-18 12:05:00,PT5M,97.824,100.0,100.0,81.4482,66.7095
869,850,635,241,32,0.14,54.1,0.4,193,2026-10-18 12:10:00,PT5M,96.91,100.0,100.0,80.3121,65.3735
858,839,615,251,32,0.14,54.5,0.4,182,2026-10-18 12:15:00,PT5M,95.974,100.0,100.0,79.1503,64.0085
845,827,594,260,32,0.14,55.0,0.4,171,2026-10-18 12:20:00,PT5M,95.012,100.0,100.0,77.9591,62.611
833,815,574,269,32,0.14,55.4,0.4,160,2026-10-18 12:25:00,PT5M,94.026,100.0,100.0,76.7421,61.186
820,803,554,277,32,0.14,55.9,0.5,150,2026-10-18 12:30:00,PT5M,93.011,100.0,100.0,75.4929,59.726
807,791,536,285,32,0.14,56.3,0.5,142,2026-10-18 12:35:00,PT5M,92.025,100.0,100.0,74.2919,58.3315
795,779,519,291,32,0.14,56.8,0.6,136,2026-10-18 12:40:00,PT5M,91.108,100.0,100.0,73.1725,57.03
782,767,502,297,32,0.14,57.2,0.6,131,2026-10-18 12:45:00,PT5M,90.11,100.0,100.0,71.9664,55.6365
769,754,485,303,31,0.14,57.7,0.7,126,2026-10-18 12:50:00,PT5M,89.094,100.0,100.0,70.7496,54.239
755,741,469,308,31,0.14,58.1,0.7,122,2026-10-18 12:55:00,PT5M,88.063,100.0,100.0,69.5273,52.8445
742,728,452,312,31,0.14,58.6,0.8,119,2026-10-18 13:00:00,PT5M,86.976,100.0,100.0,68.2337,51.365
728,715,437,316,31,0.14,59.1,0.9,117,2026-10-18 13:05:00,PT5M,85.855,100.0,100.0,66.9035,49.8465
714,701,421,320,31,0.14,59.6,1.0,115,2026-10-18 13:10:00,PT5M,84.705,100.0,100.0,65.5432,48.297
700,687,406,322,31,0.14,60.0,1.0,113,2026-10-18 13:15:00,PT5M,83.52,100.0,100.0,64.1477,46.712
685,673,392,325,31,0.14,60.5,1.1,111,2026-10-18 13:20:00,PT5M,82.299,100.0,100.0,62.717,45.0925
671,659,377,327,31,0.14,61.0,1.2,110,2026-10-18 13:25:00,PT5M,81.04,100.0,100.0,61.2487,43.436
656,645,363,328,31,0.14,61.5,1.3,109,2026-10-18 13:30:00,PT5M,79.744,100.0,99.7439,59.7441,41.7435
640,630,348,329,30,0.14,62.0,1.3,107,2026-10-18 13:35:00,PT5M,78.274,100.0,98.4905,58.0575,39.862
624,614,332,330,30,0.14,62.5,1.4,106,2026-10-18 13:40:00,PT5M,76.784,100.0,97.225,56.343,37.9455
608,599,317,331,30,0.14,63.0,1.5,106,2026-10-18 13:45:00,PT5M,75.254,100.0,95.9179,54.5901,35.992
592,583,302,331,30,0.14,63.5,1.6,105,2026-10-18 13:50:00,PT5M,73.684,100.0,94.5692,52.7988,34.0015
576,567,287,331,30,0.14,64.0,1.6,104,2026-10-18 13:55:00,PT5M,72.071,100.0,93.1764,50.9656,31.97
559,551,273,330,30,0.14,64.6,1.7,103,2026-10-18 14:00:00,PT5M,70.388,100.0,91.7134,49.0626,29.869
542,535,258,328,30,0.14,65.1,1.8,103,2026-10-18 14:05:00,PT5M,68.653,100.0,90.1966,47.1094,27.7195
526,519,244,327,30,0.14,65.6,1.9,102,2026-10-18 14:10:00,PT5M,66.88,100.0,88.6386,45.1214,25.538
509,502,230,324,30,0.14,66.2,2.0,102,2026-10-18 14:15:00,PT5M,65.069,100.0,87.0392,43.0988,23.325
492,486,216,321,30,0.14,66.7,2.0,101,2026-10-18 14:20:00,PT5M,63.22,100.0,85.3983,41.0417,21.0805
476,470,203,318,29,0.14,67.2,2.1,101,2026-10-18 14:25:00,PT5M,61.342,100.0,83.7285,38.9555,18.807
459,454,189,314,29,0.14,67.8,2.2,100,2026-10-18 14:30:00,PT5M,59.429,100.0,82.0292,36.8288,16.488
444,439,179,310,29,0.14,68.2,2.2,101,2026-10-18 14:35:00,PT5M,57.664,100.0,80.4536,34.8744,14.363
430,425,169,305,29,0.14,68.6,2.2,101,2026-10-18 14:40:00,PT5M,56.045,99.432,78.8799,33.2101,12.658
416,411,161,300,29,0.14,69.0,2.1,102,2026-10-18 14:45:00,PT5M,54.463,97.8845,77.316,31.61,11.0415
402,398,153,294,29,0.14,69.4,2.0,103,2026-10-18 14:50:00,PT5M,52.857,96.292,75.7172,29.9968,9.422
388,384,145,288,29,0.14,69.8,2.0,104,2026-10-18 14:55:00,PT5M,51.215,94.6405,74.0702,28.3598,7.7895
374,370,137,282,29,0.14,70.1,1.9,105,2026-10-18 15:00:00,PT5M,49.539,92.928,72.3749,26.7031,6.15
360,357,129,275,29,0.14,70.5,1.9,106,2026-10-18 15:05:00,PT5M,47.811,91.1235,70.6067,25.0153,4.4985
346,343,120,269,29,0.14,70.9,1.8,107,2026-10-18 15:10:00,PT5M,46.015,89.2145,68.7512,23.2788,2.8155
332,329,112,262,29,0.14,71.3,1.8,108,2026-10-18 15:15:00,PT5M,44.176,87.163,66.8004,21.5516,1.189
318,315,103,255,29,0.14,71.7,1.7,109,2026-10-18 15:20:00,PT5M,42.521,85.315,65.0438,19.9982,0.0
304,302,95,248,28,0.14,72.1,1.7,110,2026-10-18 15:25:00,PT5M,40.592,83.144,62.9874,18.1966,0.0
290,288,86,240,28,0.14,72.5,1.6,111,2026-10-18 15:30:00,PT5M,38.642,80.8685,60.8661,16.4179,0.0
276,274,77,233,28,0.14,72.9,1.6,112,2026-10-18 15:35:00,PT5M,36.618,78.4205,58.619,14.617,0.0
261,260,68,225,28,0.14,73.3,1.5,114,2026-10-18 15:40:00,PT5M,34.501,75.795,56.2343,12.7677,0.0
247,246,59,217,28,0.14,73.7,1.5,115,2026-10-18 15:45:00,PT5M,32.352,73.051,53.7722,10.9318,0.0
233,232,49,209,28,0.14,74.1,1.5,117,2026-10-18 15:50:00,PT5M,30.175,70.202,51.2415,9.1085,0.0
219,219,40,200,28,0.14,74.6,1.4,119,2026-10-18 15:55:00,PT5M,27.973,67.2615,48.6508,7.2952,0.0
205,205,31,191,28,0.14,75.0,1.4,120,2026-10-18 16:00:00,PT5M,25.752,64.24,46.0085,5.4955,0.0
192,192,22,183,28,0.14,75.4,1.3,122,2026-10-18 16:05:00,PT5M,23.842,61.4405,43.6304,4.0536,0.0
179,179,14,173,28,0.14,75.8,1.3,124,2026-10-18 16:10:00,PT5M,21.942,57.1345,40.4641,3.4199,0.0
166,166,5,164,28,0.14,76.2,1.2,126,2026-10-18 16:15:00,PT5M,19.975,52.8605,37.2829,2.6671,0.0
153,154,0,154,28,0.14,76.7,1.2,129,2026-10-18 16:20:00,PT5M,18.246,48.8425,34.3492,2.1428,0.0
141,142,0,142,27,0.14,77.1,1.2,131,2026-10-18 16:25:00,PT5M,16.879,45.198,31.7835,1.9745,0.0
129,130,0,130,27,0.14,77.5,1.1,134,2026-10-18 16:30:00,PT5M,15.503,41.5405,29.2067,1.7993,0.0
118,118,0,118,27,0.14,77.9,1.1,136,2026-10-18 16:35:00,PT5M,14.114,37.8645,26.6141,1.6139,0.0
106,107,0,107,27,0.14,78.4,1.1,139,2026-10-18 16:40:00,PT5M,12.748,34.2245,24.0512,1.4448,0.0
95,96,0,96,27,0.14,78.8,1.1,142,2026-10-18 16:45:00,PT5M,11.405,30.644,21.5306,1.2794,0.0
84,85,0,85,27,0.14,79.3,1.0,145,2026-10-18 16:50:00,PT5M,10.043,27.084,19.0118,1.0742,0.0
73,74,0,74,27,0.14,79.7,1.0,148,2026-10-18 16:55:00,PT5M,8.74,23.718,16.623,0.857,0.0
63,63,0,63,27,0.14,80.1,1.0,152,2026-10-18 17:00:00,PT5M,7.401,20.366,14.2246,0.5774,0.0
54,54,0,54,27,0.14,80.6,1.0,155,2026-10-18 17:05:00,PT5M,6.161,17.148,11.9435,0.3785,0.0
44,45,0,45,27,0.14,81.0,1.0,159,2026-10-18 17:10:00,PT5M,5.066,14.1015,9.8214,0.3106,0.0
36,36,0,36,27,0.14,81.5,1.0,162,2026-10-18 17:15:00,PT5M,4.001,11.1335,7.7549,0.2471,0.0
28,28,0,28,27,0.14,82.0,1.0,166,2026-10-18 17:20:00,PT5M,2.971,8.2605,5.7549,0.1871,0.0
21,22,0,22,27,0.14,82.4,1.0,169,2026-10-18 17:25:00,PT5M,2.108,5.789,4.0453,0.1707,0.0
15,15,0,15,26,0.14,82.9,1.0,173,2026-10-18 17:30:00,PT5M,1.335,3.513,2.4813,0.1887,0.0
10,10,0,10,26,0.14,83.2,1.0,175,2026-10-18 17:35:00,PT5M,0.628,1.7455,1.2161,0.0399,0.0
5,5,0,5,26,0.14,83.4,1.0,176,2026-10-18 17:40:00,PT5M,0.0,0.3615,0.1903,0.0,0.0
1,1,0,1,26,0.14,83.6,1.0,177,2026-10-18 17:45:00,PT5M,0.0,0.0,0.0,0.0,0.0
0,0,0,0,26,0.14,83.8,1.0,178,2026-10-18 17:50:00,PT5M,0.0,0.0,0.0,0.0,0.0
0,0,0,0,26,0.14,84.0,1.1,179,2026-10-18 17:55:00,PT5M,0.0,0.0,0.0,0.0,0.0
0,0,0,0,26,0.14,84.2,1.1,180,2026-10-18 18:00:00,PT5M,0.0,0.0,0.0,0.0,0.0
0,0,0,0,26,0.14,84.4,1.1,180,2026-10-18 18:05:00,PT5M,0.0,0.0,0.0,0.0,0.0
0,0,0,0,26,0.14,84.7,1.1,181,2026-10-18 18:10:00,PT5M,0.0,0.0,0.0,0.0,0.0
0,0,0,0,26,0.14,84.9,1.1,182,2026-10-18 18:15:00,PT5M,0.0,0.0,0.0,0.0,0.0
0,0,0,0,26,0.14,85.1,1.1,183,2026-10-18 18:20:00,PT5M,0.0,0.0,0.0,0.0,0.0
0,0,0,0,26,0.14,85.3,1.1,184,2026-10-18 18:25:00,PT5M,0.0,0.0,0.0,0.0,0.0
0,0,0,0,26,0.14,85.5,1.2,185,2026-10-18 18:30:00,PT5M,0.0,0.0,0.0,0.0,0.0
0,0,0,0,26,0.14,85.7,1.2,185,2026-10-18 18:35:00,PT5M,0.0,0.0,0.0,0.0,0.0
0,0,0,0,26,0.14,85.9,1.2,186,2026-10-18 18:40:00,PT5M,0.0,0.0,0.0,0.0,0.0
0,0,0,0,26,0.14,86.1,1.2,187,2026-10-18 18:45:00,PT5M,0.0,0.0,0.0,0.0,0.0
0,0,0,0,26,0.14,86.3,1.2,187,2026-10-18 18:50:00,PT5M,0.0,0.0,0.0,0.0,0.0
0,0,0,0,26,0.14,86.6,1.2,188,2026-10-18 18:55:00,PT5M,0.0,0.0,0.0,0.0,0.0
0,0,0,0,26,0.14,86.8,1.3,189,2026-10-18 19:00:00,PT5M,0.0,0.0,0.0,0.0,0.0
0,0,0,0,26,0.14,87.0,1.3,189,2026-10-18 19:05:00,PT5M,0.0,0.0,0.0,0.0,0.0
0,0,0,0,26,0.14,87.2,1.3,190,2026-10-18 19:10:00,PT5M,0.0,0.0,0.0,0.0,0.0
0,0,0,0,26,0.14,87.4,1.3,191,2026-10-18 19:15:00,PT5M,0.0,0.0,0.0,0.0,0.0
0,0,0,0,25,0.14,87.6,1.3,191,2026-10-18 19:20:00,PT5M,0.0,0.0,0.0,0.0,0.0
0,0,0,0,25,0.14,87.8,1.3,192,2026-10-18 19:25:00,PT5M,0.0,0.0,0.0,0.0,0.0
0,0,0,0,25,0.14,88.1,1.4,192,2026-10-18 19:30:00,PT5M,0.0,0.0,0.0,0.0,0.0
0,0,0,0,25,0.14,88.3,1.4,193,2026-10-18 19:35:00,PT5M,0.0,0.0,0.0,0.0,0.0
0,0,0,0,25,0.14,88.5,1.4,193,2026-10-18 19:40:00,PT5M,0.0,0.0,0.0,0.0,0.0
0,0,0,0,25,0.14,88.7,1.4,194,2026-10-18 19:45:00,PT5M,0.0,0.0,0.0,0.0,0.0
0,0,0,0,25,0.14,88.9,1.4,195,2026-10-18 19:50:00,PT5M,0.0,0.0,0.0,0.0,0.0
0,0,0,0,25,0.14,89.2,1.4,195,2026-10-18 19:55:00,PT5M,0.0,0.0,0.0,0.0,0.0
0,0,0,0,25,0.14,89.4,1.5,196,2026-10-18 20:00:00,PT5M,0.0,0.0,0.0,0.0,0.0
0,0,0,0,25,0.14,89.6,1.5,196,2026-10-18 20:05:00,PT5M,0.0,0.0,0.0,0.0,0.0
0,0,0,0,25,0.14,89.8,1.5,196,2026-10-18 20:10:00,PT5M,0.0,0.0,0.0,0.0,0.0
0,0,0,0,25,0.14,90.0,1.5,197,2026-10-18 20:15:00,PT5M,0.0,0.0,0.0,0.0,0.0
0,0,0,0,25,0.14,90.3,1.5,197,2026-10-18 20:20:00,PT5M,0.0,0.0,0.0,0.0,0.0
0,0,0,0,25,0.14,90.5,1.6,198,2026-10-18 20:25:00,PT5M,0.0,0.0,0.0,0.0,0.0
0,0,0,0,25,0.14,90.7,1.6,198,2026-10-18 20:30:00,PT5M,0.0,0.0,0.0,0.0,0.0
0,0,0,0,25,0.14,90.9,1.6,199,2026-10-18 20:35:00,PT5M,0.0,0.0,0.0,0.0,0.0
0,0,0,0,25,0.14,90.9,1.6,199,2026-10-18 20:40:00,PT5M,0.0,0.0,0.0,0.0,0.0
0,0,0,0,25,0.14,90.9,1.5,199,2026-10-18 20:45:00,PT5M,0.0,0.0,0.0,0.0,0.0
0,0,0,0,25,0.14,90.9,1.5,200,2026-10-18 20:50:00,PT5M,0.0,0.0,0.0,0.0,0.0
0,0,0,0,25,0.14,91.0,1.5,200,2026-10-18 20:55:00,PT5M,0.0,0.0,0.0,0.0,0.0
0,0,0,0,25,0.14,91.0,1.5,200,2026-10-18 21:00:00,PT5M,0.0,0.0,0.0,0.0,0.0
0,0,0,0,25,0.14,91.0,1.5,201,2026-10-18 21:05:00,PT5M,0.0,0.0,0.0,0.0,0.0
0,0,0,0,25,0.14,91.1,1.5,201,2026-10-18 21:10:00,PT5M,0.0,0.0,0.0,0.0,0.0
0,0,0,0,25,0.14,91.1,1.4,201,2026-10-18 21:15:00,PT5M,0.0,0.0,0.0,0.0,0.0
0,0,0,0,25,0.14,91.1,1.4,202,2026-10-18 21:20:00,PT5M,0.0,0.0,0.0,0.0,0.0
0,0,0,0,25,0.14,91.1,1.4,202,2026-10-18 21:25:00,PT5M,0.0,0.0,0.0,0.0,0.0
0,0,0,0,25,0.14,91.2,1.4,203,2026-10-18 21:30:00,PT5M,0.0,0.0,0.0,0.0,0.0
0,0,0,0,25,0.14,91.2,1.4,203,2026-10-18 21:35:00,PT5M,0.0,0.0,0.0,0.0,0.0
0,0,0,0,25,0.14,91.2,1.3,203,2026-10-18 21:40:00,PT5M,0.0,0.0,0.0,0.0,0.0
0,0,0,0,25,0.14,91.3,1.3,204,2026-10-18 21:45:00,PT5M,0.0,0.0,0.0,0.0,0.0
0,0,0,0,25,0.14,91.3,1.3,204,2026-10-18 21:50:00,PT5M,0.0,0.0,0.0,0.0,0.0
0,0,0,0,25,0.14,91.3,1.3,205,2026-10-18 21:55:00,PT5M,0.0,0.0,0.0,0.0,0.0
0,0,0,0,25,0.14,91.4,1.3,205,2026-10-18 22:00:00,PT5M,0.0,0.0,0.0,0.0,0.0
0,0,0,0,25,0.14,91.4,1.3,206,2026-10-18 22:05:00,PT5M,0.0,0.0,0.0,0.0,0.0
0,0,0,0,25,0.14,91.4,1.3,206,2026-10-18 22:10:00,PT5M,0.0,0.0,0.0,0.0,0.0
0,0,0,0,25,0.14,91.4,1.2,207,2026-10-18 22:15:00,PT5M,0.0,0.0,0.0,0.0,0.0
0,0,0,0,25,0.14,91.5,1.2,207,2026-10-18 22:20:00,PT5M,0.0,0.0,0.0,0.0,0.0
0,0,0,0,25,0.14,91.5,1.2,208,2026-10-18 22:25:00,PT5M,0.0,0.0,0.0,0.0,0.0
0,0,0,0,25,0.14,91.5,1.2,208,2026-10-18 22:30:00,PT5M,0.0,0.0,0.0,0.0,0.0
0,0,0,0,25,0.14,91.6,1.2,209,2026-10-18 22:35:00,PT5M,0.0,0.0,0.0,0.0,0.0
0,0,0,0,25,0.14,91.6,1.2,210,2026-10-18 22:40:00,PT5M,0.0,0.0,0.0,0.0,0.0
0,0,0,0,25,0.14,91.6,1.1,210,2026-10-18 22:45:00,PT5M,0.0,0.0,0.0,0.0,0.0
0,0,0,0,25,0.14,91.7,1.1,211,2026-10-18 22:50:00,PT5M,0.0,0.0,0.0,0.0,0.0
0,0,0,0,25,0.14,91.7,1.1,211,2026-10-18 22:55:00,PT5M,0.0,0.0,0.0,0.0,0.0
0,0,0,0,25,0.14,91.7,1.1,212,2026-10-18 23:00:00,PT5M,0.0,0.0,0.0,0.0,0.0
0,0,0,0,25,0.14,91.8,1.1,213,2026-10-18 23:05:00,PT5M,0.0,0.0,0.0,0.0,0.0
0,0,0,0,25,0.14,91.8,1.1,214,2026-10-18 23:10:00,PT5M,0.0,0.0,0.0,0.0,0.0
0,0,0,0,24,0.14,91.8,1.0,214,2026-10-18 23:15:00,PT5M,0.0,0.0,0.0,0.0,0.0
0,0,0,0,24,0.14,91.8,1.0,215,2026-10-18 23:20:00,PT5M,0.0,0.0,0.0,0.0,0.0
0,0,0,0,24,0.14,91.9,1.0,216,2026-10-18 23:25:00,PT5M,0.0,0.0,0.0,0.0,0.0
0,0,0,0,24,0.14,91.9,1.0,216,2026-10-18 23:30:00,PT5M,0.0,0.0,0.0,0.0,0.0
0,0,0,0,24,0.14,91.9,1.0,217,2026-10-18 23:35:00,PT5M,0.0,0.0,0.0,0.0,0.0
0,0,0,0,24,0.14,92.0,1.0,218,2026-10-18 23:40:00,PT5M,0.0,0.0,0.0,0.0,0.0
0,0,0,0,24,0.14,92.0,1.0,219,2026-10-18 23:45:00,PT5M,0.0,0.0,0.0,0.0,0.0
0,0,0,0,24,0.14,92.1,1.0,220,2026-10-18 23:50:00,PT5M,0.0,0.0,0.0,0.0,0.0
0,0,0,0,24,0.14,92.1,1.0,221,2026-10-18 23:55:00,PT5M,0.0,0.0,0.0,0.0,0.0
0,0,0,0,24,0.14,92.2,1.0,222,2026-10-19 00:00:00,PT5M,0.0,0.0,0.0,0.0,0.0
0,0,0,0,24,0.14,92.2,1.0,223,2026-10-19 00:05:00,PT5M,0.0,0.0,0.0,0.0,0.0
0,0,0,0,24,0.14,92.3,1.0,224,2026-10-19 00:10:00,PT5M,0.0,0.0,0.0,0.0,0.0
0,0,0,0,24,0.14,92.3,1.0,226,2026-10-19 00:15:00,PT5M,0.0,0.0,0.0,0.0,0.0
0,0,0,0,24,0.14,92.4,1.0,227,2026-10-19 00:20:00,PT5M,0.0,0.0,0.0,0.0,0.0
0,0,0,0,24,0.14,92.4,1.0,228,2026-10-19 00:25:00,PT5M,0.0,0.0,0.0,0.0,0.0
0,0,0,0,24,0.14,92.4,1.0,229,2026-10-19 00:30:00,PT5M,0.0,0.0,0.0,0.0,0.0
0,0,0,0,24,0.14,92.5,1.0,230,2026-10-19 00:35:00,PT5M,0.0,0.0,0.0,0.0,0.0
0,0,0,0,24,0.14,92.5,1.0,231,2026-10-19 00:40:00,PT5M,0.0,0.0,0.0,0.0,0.0
0,0,0,0,24,0.14,92.6,1.0,232,2026-10-19 00:45:00,PT5M,0.0,0.0,0.0,0.0,0.0
0,0,0,0,24,0.14,92.6,1.0,233,2026-10-19 00:50:00,PT5M,0.0,0.0,0.0,0.0,0.0
0,0,0,0,24,0.14,92.7,1.0,234,2026-10-19 00:55:00,PT5M,0.0,0.0,0.0,0.0,0.0
0,0,0,0,24,0.14,92.7,1.0,235,2026-10-19 01:00:00,PT5M,0.0,0.0,0.0,0.0,0.0
0,0,0,0,24,0.14,92.8,1.0,236,2026-10-19 01:05:00,PT5M,0.0,0.0,0.0,0.0,0.0
0,0,0,0,24,0.14,92.8,1.0,237,2026-10-19 01:10:00,PT5M,0.0,0.0,0.0,0.0,0.0
0,0,0,0,24,0.14,92.9,1.0,238,2026-10-19 01:15:00,PT5M,0.0,0.0,0.0,0.0,0.0
0,0,0,0,24,0.14,92.9,1.0,239,2026-10-19 01:20:00,PT5M,0.0,0.0,0.0,0.0,0.0
0,0,0,0,24,0.14,92.9,1.0,240,2026-10-19 01:25:00,PT5M,0.0,0.0,0.0,0.0,0.0
0,0,0,0,24,0.14,93.0,1.0,241,2026-10-19 01:30:00,PT5M,0.0,0.0,0.0,0.0,0.0
0,0,0,0,24,0.14,93.0,1.0,242,2026-10-19 01:35:00,PT5M,0.0,0.0,0.0,0.0,0.0
0,0,0,0,24,0.14,93.1,1.0,243,2026-10-19 01:40:00,PT5M,0.0,0.0,0.0,0.0,0.0
0,0,0,0,24,0.14,93.1,1.0,244,2026-10-19 01:45:00,PT5M,0.0,0.0,0.0,0.0,0.0
0,0,0,0,24,0.14,93.2,1.0,245,2026-10-19 01:50:00,PT5M,0.0,0.0,0.0,0.0,0.0
0,0,0,0,24,0.14,93.2,1.0,246,2026-10-19 01:55:00,PT5M,0.0,0.0,0.0,0.0,0.0
0,0,0,0,24,0.14,93.3,1.0,247,2026-10-19 02:00:00,PT5M,0.0,0.0,0.0,0.0,0.0
0,0,0,0,24,0.14,93.3,1.0,248,2026-10-19 02:05:00,PT5M,0.0,0.0,0.0,0.0,0.0
0,0,0,0,24,0.14,93.4,1.0,249,2026-10-19 02:10:00,PT5M,0.0,0.0,0.0,0.0,0.0
0,0,0,0,24,0.14,93.4,1.0,250,2026-10-19 02:15:00,PT5M,0.0,0.0,0.0,0.0,0.0
0,0,0,0,24,0.14,93.5,1.0,251,2026-10-19 02:20:00,PT5M,0.0,0.0,0.0,0.0,0.0
0,0,0,0,24,0.14,93.5,1.0,252,2026-10-19 02:25:00,PT5M,0.0,0.0,0.0,0.0,0.0
0,0,0,0,24,0.14,93.6,1.0,253,2026-10-19 02:30:00,PT5M,0.0,0.0,0.0,0.0,0.0
0,0,0,0,24,0.14,93.6,1.0,254,2026-10-19 02:35:00,PT5M,0.0,0.0,0.0,0.0,0.0
0,0,0,0,24,0.14,93.5,1.0,254,2026-10-19 02:40:00,PT5M,0.0,0.0,0.0,0.0,0.0
0,0,0,0,24,0.14,93.5,1.0,255,2026-10-19 02:45:00,PT5M,0.0,0.0,0.0,0.0,0.0
0,0,0,0,24,0.14,93.5,0.9,255,2026-10-19 02:50:00,PT5M,0.0,0.0,0.0,0.0,0.0
0,0,0,0,24,0.14,93.4,0.9,256,2026-10-19 02:55:00,PT5M,0.0,0.0,0.0,0.0,0.0
0,0,0,0,24,0.14,93.4,0.9,256,2026-10-19 03:00:00,PT5M,0.0,0.0,0.0,0.0,0.0
0,0,0,0,24,0.14,93.4,0.9,257,2026-10-19 03:05:00,PT5M,0.0,0.0,0.0,0.0,0.0
0,0,0,0,24,0.14,93.3,0.8,258,2026-10-19 03:10:00,PT5M,0.0,0.0,0.0,0.0,0.0
0,0,0,0,24,0.14,93.3,0.8,259,2026-10-19 03:15:00,PT5M,0.0,0.0,0.0,0.0,0.0
0,0,0,0,24,0.14,93.3,0.8,259,2026-10-19 03:20:00,PT5M,0.0,0.0,0.0,0.0,0.0
0,0,0,0,24,0.14,93.2,0.7,260,2026-10-19 03:25:00,PT5M,0.0,0.0,0.0,0.0,0.0
0,0,0,0,24,0.14,93.2,0.7,261,2026-10-19 03:30:00,PT5M,0.0,0.0,0.0,0.0,0.0
0,0,0,0,24,0.14,93.2,0.7,262,2026-10-19 03:35:00,PT5M,0.0,0.0,0.0,0.0,0.0
0,0,0,0,24,0.14,93.1,0.7,264,2026-10-19 03:40:00,PT5M,0.0,0.0,0.0,0.0,0.0
0,0,0,0,24,0.14,93.1,0.6,265,2026-10-19 03:45:00,PT5M,0.0,0.0,0.0,0.0,0.0
0,0,0,0,24,0.14,93.1,0.6,266,2026-10-19 03:50:00,PT5M,0.0,0.0,0.0,0.0,0.0
0,0,0,0,24,0.14,93.1,0.6,268,2026-10-19 03:55:00,PT5M,0.0,0.0,0.0,0.0,0.0
0,0,0,0,24,0.14,93.0,0.6,269,2026-10-19 04:00:00,PT5M,0.0,0.0,0.0,0.0,0.0
0,0,0,0,24,0.14,93.0,0.5,271,2026-10-19 04:05:00,PT5M,0.0,0.0,0.0,0.0,0.0
0,0,0,0,24,0.14,93.0,0.5,273,2026-10-19 04:10:00,PT5M,0.0,0.0,0.0,0.0,0.0
0,0,0,0,24,0.14,92.9,0.5,275,2026-10-19 04:15:00,PT5M,0.0,0.0,0.0,0.0,0.0
0,0,0,0,24,0.14,92.9,0.5,277,2026-10-19 04:20:00,PT5M,0.0,0.0,0.0,0.0,0.0
0,0,0,0,24,0.14,92.9,0.4,280,2026-10-19 04:25:00,PT5M,0.0,0.0,0.0,0.0,0.0
0,0,0,0,24,0.14,92.8,0.4,283,2026-10-19 04:30:00,PT5M,0.0,0.0,0.0,0.0,0.0
0,0,0,0,24,0.14,92.8,0.4,286,2026-10-19 04:35:00,PT5M,0.0,0.0,0.0,0.0,0.0
0,0,0,0,24,0.14,92.8,0.4,289,2026-10-19 04:40:00,PT5M,0.0,0.0,0.0,0.0,0.0
0,0,0,0,24,0.14,92.7,0.4,293,2026-10-19 04:45:00,PT5M,0.0,0.0,0.0,0.0,0.0
0,0,0,0,24,0.14,92.7,0.4,297,2026-10-19 04:50:00,PT5M,0.0,0.0,0.0,0.0,0.0
0,0,0,0,24,0.14,92.7,0.3,301,2026-10-19 04:55:00,PT5M,0.0,0.0,0.0,0.0,0.0
0,0,0,0,24,0.14,92.6,0.3,306,2026-10-19 05:00:00,PT5M,0.0,0.0,0.0,0.0,0.0
0,0,0,0,24,0.14,92.6,0.3,311,2026-10-19 05:05:00,PT5M,0.0,0.0,0.0,0.0,0.0
0,0,0,0,24,0.14,92.6,0.3,317,2026-10-19 05:10:00,PT5M,0.0,0.0,0.0,0.0,0.0
0,0,0,0,24,0.14,92.6,0.3,322,2026-10-19 05:15:00,PT5M,0.0,0.0,0.0,0.0,0.0
0,0,0,0,24,0.14,92.5,0.3,328,2026-10-19 05:20:00,PT5M,0.0,0.0,0.0,0.0,0.0
0,0,0,0,24,0.14,92.5,0.3,333,2026-10-19 05:25:00,PT5M,0.0,0.0,0.0,0.0,0.0
0,0,0,0,24,0.14,92.5,0.3,339,2026-10-19 05:30:00,PT5M,0.0,0.0,0.0,0.0,0.0
0,0,0,0,24,0.14,92.2,0.3,342,2026-10-19 05:35:00,PT5M,0.0,0.0,0.0,0.0,0.0
0,0,0,0,24,0.14,91.7,0.3,342,2026-10-19 05:40:00,PT5M,0.0,0.0,0.0,0.0,0.0
0,0,0,0,24,0.14,91.1,0.3,343,2026-10-19 05:45:00,PT5M,0.0,0.0,0.0,0.0,0.0
0,0,0,0,24,0.14,90.6,0.3,343,2026-10-19 05:50:00,PT5M,0.0,0.0,0.0,0.0,0.0
0,0,0,0,24,0.14,90.1,0.4,343,2026-10-19 05:55:00,PT5M,0.0,0.0,0.0,0.0,0.0
5,5,0,5,24,0.14,89.6,0.4,344,2026-10-19 06:00:00,PT5M,0.0,0.038,0.02,0.0,0.0
13,13,0,13,25,0.14,89.1,0.4,344,2026-10-19 06:05:00,PT5M,1.051,1.7115,1.3986,0.7034,0.3905
22,22,0,22,25,0.14,88.6,0.4,345,2026-10-19 06:10:00,PT5M,2.272,3.6125,2.9775,1.5665,0.9315
32,32,11,31,25,0.14,88.1,0.4,345,2026-10-19 06:15:00,PT5M,3.702,6.125,4.9772,2.4268,1.279
45,44,42,40,25,0.14,87.6,0.4,345,2026-10-19 06:20:00,PT5M,5.629,9.3735,7.5998,3.6582,1.8845
58,56,71,48,25,0.14,87.1,0.4,346,2026-10-19 06:25:00,PT5M,7.991,13.2405,10.7538,5.2282,2.7415
73,70,103,55,25,0.14,86.6,0.4,346,2026-10-19 06:30:00,PT5M,10.874,17.8285,14.5342,7.2138,3.9195
89,85,136,63,25,0.14,86.2,0.4,346,2026-10-19 06:35:00,PT5M,14.108,22.882,18.7258,9.4902,5.334
106,101,168,70,25,0.14,85.7,0.4,346,2026-10-19 06:40:00,PT5M,17.513,28.1375,23.1048,11.9212,6.8885
123,118,199,77,26,0.14,85.2,0.4,347,2026-10-19 06:45:00,PT5M,21.169,33.6645,27.7455,14.5925,8.6735
141,135,229,83,26,0.14,84.7,0.4,347,2026-10-19 06:50:00,PT5M,24.979,39.343,32.5389,17.4191,10.615
160,153,259,88,26,0.14,84.2,0.4,347,2026-10-19 06:55:00,PT5M,28.999,45.3185,37.5881,20.4099,12.6795
178,171,283,94,26,0.14,83.8,0.5,347,2026-10-19 07:00:00,PT5M,33.021,51.402,42.6951,23.3469,14.64
196,188,300,100,26,0.14,83.3,0.5,348,2026-10-19 07:05:00,PT5M,36.9,57.3885,47.6832,26.1168,16.4115
213,205,316,107,26,0.14,82.9,0.5,348,2026-10-19 07:10:00,PT5M,40.805,63.4065,52.7003,28.9097,18.2035
231,222,330,113,26,0.14,82.4,0.5,348,2026-10-19 07:15:00,PT5M,44.706,69.441,57.7242,31.6878,19.971
248,239,343,119,26,0.14,81.9,0.5,348,2026-10-19 07:20:00,PT5M,48.595,75.473,62.7411,34.4489,21.717
266,256,356,125,26,0.14,81.5,0.5,348,2026-10-19 07:25:00,PT5M,52.477,81.502,67.7531,37.2009,23.452
283,274,367,130,27,0.14,81.0,0.5,349,2026-10-19 07:30:00,PT5M,56.353,87.5405,72.7672,39.9388,25.1655
301,291,378,136,27,0.14,80.6,0.5,349,2026-10-19 07:35:00,PT5M,60.235,93.6265,77.8092,42.6608,26.8435
318,308,388,141,27,0.14,80.1,0.5,349,2026-10-19 07:40:00,PT5M,63.58,98.801,82.1171,45.0429,28.359
336,325,398,147,27,0.14,79.7,0.5,349,2026-10-19 07:45:00,PT5M,65.517,100.0,84.3783,46.6557,29.68
353,342,408,152,27,0.14,79.3,0.5,349,2026-10-19 07:50:00,PT5M,67.368,100.0,86.5324,48.2036,30.955
370,359,417,157,27,0.14,78.8,0.5,349,2026-10-19 07:55:00,PT5M,69.128,100.0,88.5706,49.6854,32.1865
387,376,425,162,27,0.14,78.4,0.6,350,2026-10-19 08:00:00,PT5M,70.786,100.0,90.478,51.094,33.3705
404,392,433,167,27,0.14,78.0,0.6,350,2026-10-19 08:05:00,PT5M,72.328,100.0,92.2343,52.4217,34.5055
421,409,441,172,27,0.14,77.5,0.6,350,2026-10-19 08:10:00,PT5M,73.743,100.0,93.8232,53.6628,35.59
438,425,448,176,28,0.14,77.1,0.6,350,2026-10-19 08:15:00,PT5M,75.028,100.0,95.2737,54.7823,36.5605
454,441,455,181,28,0.14,76.7,0.6,350,2026-10-19 08:20:00,PT5M,76.189,100.0,96.5102,55.8678,37.578
470,457,461,185,28,0.14,76.3,0.6,350,2026-10-19 08:25:00,PT5M,77.236,100.0,97.6065,56.8655,38.5315
486,473,466,190,28,0.14,75.9,0.6,350,2026-10-19 08:30:00,PT5M,78.215,100.0,98.6178,57.8122,39.449
502,488,474,193,28,0.14,75.4,0.6,351,2026-10-19 08:35:00,PT5M,79.29,100.0,99.6991,58.8809,40.512
519,505,483,196,28,0.14,75.0,0.5,352,2026-10-19 08:40:00,PT5M,80.46,100.0,100.0,60.0682,41.715
535,521,492,199,28,0.14,74.6,0.5,353,2026-10-19 08:45:00,PT5M,81.578,100.0,100.0,61.2123,42.8825
552,537,501,202,28,0.14,74.2,0.5,354,2026-10-19 08:50:00,PT5M,82.65,100.0,100.0,62.3193,44.021
568,553,509,204,28,0.14,73.8,0.4,355,2026-10-19 08:55:00,PT5M,83.68,100.0,100.0,63.3924,45.133
584,569,518,207,28,0.14,73.4,0.4,357,2026-10-19 09:00:00,PT5M,84.668,100.0,100.0,64.431,46.217
600,584,527,208,29,0.14,73.0,0.3,358,2026-10-19 09:05:00,PT5M,85.67,100.0,100.0,65.5885,47.5145
616,600,536,210,29,0.14,72.6,0.3,1,2026-10-19 09:10:00,PT5M,86.697,100.0,100.0,66.8084,48.908
632,616,546,211,29,0.14,72.2,0.3,4,2026-10-19 09:15:00,PT5M,87.735,100.0,100.0,68.038,50.31
647,631,556,211,29,0.14,71.8,0.2,8,2026-10-19 09:20:00,PT5M,88.682,100.0,100.0,69.1747,51.6175
663,646,565,212,29,0.14,71.4,0.2,13,2026-10-19 09:25:00,PT5M,89.594,100.0,100.0,70.2746,52.8865
678,661,575,212,29,0.14,71.0,0.2,21,2026-10-19 09:30:00,PT5M,90.473,100.0,100.0,71.3394,54.1185
693,675,584,213,29,0.14,70.6,0.1,33,2026-10-19 09:35:00,PT5M,91.319,100.0,100.0,72.3598,55.296
707,690,594,212,29,0.14,70.3,0.1,49,2026-10-19 09:40:00,PT5M,92.134,100.0,100.0,73.338,56.421
722,704,603,212,29,0.14,69.9,0.1,70,2026-10-19 09:45:00,PT5M,92.92,100.0,100.0,74.2835,57.51
735,717,611,212,29,0.14,69.5,0.1,91,2026-10-19 09:50:00,PT5M,93.641,100.0,100.0,75.1581,58.523
749,730,619,212,30,0.14,69.1,0.1,108,2026-10-19 09:55:00,PT5M,94.317,100.0,100.0,75.9812,59.4785
761,743,627,211,30,0.14,68.8,0.2,119,2026-10-19 10:00:00,PT5M,94.964,100.0,100.0,76.7704,60.3955
774,755,635,211,30,0.14,68.4,0.2,127,2026-10-19 10:05:00,PT5M,95.574,100.0,100.0,77.5175,61.266
786,767,642,211,30,0.14,68.0,0.2,133,2026-10-19 10:10:00,PT5M,96.147,100.0,100.0,78.2226,62.09
797,778,649,210,30,0.14,67.6,0.3,137,2026-10-19 10:15:00,PT5M,96.696,100.0,100.0,78.8997,62.8825
809,789,656,209,30,0.14,67.3,0.3,140,2026-10-19 10:20:00,PT5M,97.219,100.0,100.0,79.5467,63.641
819,800,663,209,30,0.14,66.9,0.3,142,2026-10-19 10:25:00,PT5M,97.718,100.0,100.0,80.1659,64.3685
830,810,669,208,30,0.14,66.6,0.4,144,2026-10-19 10:30:00,PT5M,98.193,100.0,100.0,80.7575,65.065
840,820,676,207,30,0.14,66.2,0.4,146,2026-10-19 10:35:00,PT5M,98.644,100.0,100.0,81.3317,65.75
850,829,683,205,30,0.14,65.8,0.5,147,2026-10-19 10:40:00,PT5M,99.075,100.0,100.0,81.8921,66.427
859,838,689,204,31,0.14,65.5,0.5,148,2026-10-19 10:45:00,PT5M,99.48,100.0,100.0,82.4203,67.066
867,847,696,202,31,0.14,65.1,0.5,149,2026-10-19 10:50:00,PT5M,99.858,100.0,100.0,82.9091,67.6545
876,855,702,201,31,0.14,64.8,0.6,150,2026-10-19 10:55:00,PT5M,100.0,100.0,100.0,83.1498,67.984
884,862,709,199,31,0.14,64.4,0.6,150,2026-10-19 11:00:00,PT5M,100.0,100.0,100.0,83.259,68.1915
891,869,715,197,31,0.14,64.1,0.7,151,2026-10-19 11:05:00,PT5M,100.0,100.0,100.0,83.3697,68.402
898,876,722,194,31,0.14,63.7,0.7,152,2026-10-19 11:10:00,PT5M,100.0,100.0,100.0,83.4676,68.588
905,883,729,192,31,0.14,63.4,0.8,152,2026-10-19 11:15:00,PT5M,100.0,100.0,100.0,83.5576,68.759
911,889,735,189,31,0.14,63.1,0.8,153,2026-10-19 11:20:00,PT5M,100.0,100.0,100.0,83.6413,68.918
916,894,742,186,31,0.14,62.7,0.8,153,2026-10-19 11:25:00,PT5M,100.0,100.0,100.0,83.72,69.0675
921,899,748,184,31,0.14,62.4,0.9,153,2026-10-19 11:30:00,PT5M,100.0,100.0,100.0,83.7929,69.206
923,900,747,184,32,0.14,62.4,0.9,153,2026-10-19 11:35:00,PT5M,100.0,100.0,100.0,83.8053,69.2295
920,898,740,189,31,0.14,62.7,0.9,153,2026-10-19 11:40:00,PT5M,100.0,100.0,100.0,83.7568,69.1375
918,896,732,193,31,0.14,63.0,1.0,152,2026-10-19 11:45:00,PT5M,100.0,100.0,100.0,83.7018,69.033
914,893,724,197,31,0.14,63.3,1.0,151,2026-10-19 11:50:00,PT5M,100.0,100.0,100.0,83.6403,68.916
911,889,716,201,31,0.14,63.6,1.0,151,2026-10-19 11:55:00,PT5M,100.0,100.0,100.0,83.5724,68.787
906,885,708,205,31,0.14,63.9,1.1,150,2026-10-19 12:00:00,PT5M,100.0,100.0,100.0,83.4982,68.646
901,880,700,209,31,0.14,64.2,1.1,150,2026-10-19 12:05:00,PT5M,100.0,100.0,100.0,83.4179,68.4935
896,875,691,213,31,0.14,64.5,1.1,150,2026-10-19 12:10:00,PT5M,99.868,100.0,100.0,83.1999,68.198
890,869,683,217,31,0.14,64.8,1.2,149,2026-10-19 12:15:00,PT5M,99.508,100.0,100.0,82.748,67.6635
884,863,674,221,31,0.14,65.1,1.2,149,2026-10-19 12:20:00,PT5M,99.127,100.0,100.0,82.2696,67.0975
877,857,666,224,31,0.14,65.4,1.2,148,2026-10-19 12:25:00,PT5M,98.725,100.0,100.0,81.7663,66.503
870,849,657,228,31,0.14,65.8,1.2,148,2026-10-19 12:30:00,PT5M,98.301,100.0,100.0,81.2352,65.8755
861,841,647,232,31,0.14,66.1,1.3,148,2026-10-19 12:35:00,PT5M,97.796,100.0,100.0,80.6073,65.137
852,832,636,236,31,0.14,66.4,1.3,148,2026-10-19 12:40:00,PT5M,97.205,100.0,100.0,79.8716,64.271
842,823,624,240,31,0.14,66.7,1.3,147,2026-10-19 12:45:00,PT5M,96.586,100.0,100.0,79.1008,63.3635
832,813,613,244,30,0.14,67.0,1.4,147,2026-10-19 12:50:00,PT5M,95.95,100.0,100.0,78.3192,62.451
821,803,602,247,30,0.14,67.4,1.4,147,2026-10-19 12:55:00,PT5M,95.299,100.0,100.0,77.5306,61.5385
810,792,590,251,30,0.14,67.7,1.4,146,2026-10-19 13:00:00,PT5M,94.607,100.0,100.0,76.6828,60.5505
799,781,579,254,30,0.14,68.0,1.5,146,2026-10-19 13:05:00,PT5M,93.883,100.0,100.0,75.7978,59.5205
787,769,568,257,30,0.14,68.3,1.5,146,2026-10-19 13:10:00,PT5M,93.13,100.0,100.0,74.8798,58.454
775,758,556,259,30,0.14,68.7,1.5,146,2026-10-19 13:15:00,PT5M,92.35,100.0,100.0,73.9324,57.356
762,746,545,261,30,0.14,69.0,1.6,146,2026-10-19 13:20:00,PT5M,91.538,100.0,100.0,72.9517,56.2235
750,733,534,263,30,0.14,69.3,1.6,145,2026-10-19 13:25:00,PT5M,90.705,100.0,100.0,71.9482,55.0665
737,721,523,265,30,0.14,69.7,1.6,145,2026-10-19 13:30:00,PT5M,89.83,100.0,100.0,70.9014,53.865
723,708,512,267,30,0.14,70.0,1.6,145,2026-10-19 13:35:00,PT5M,88.922,100.0,100.0,69.8289,52.6445
710,694,501,268,30,0.14,70.3,1.7,145,2026-10-19 13:40:00,PT5M,87.98,100.0,100.0,68.7293,51.403
696,681,490,269,30,0.14,70.7,1.7,145,2026-10-19 13:45:00,PT5M,87.003,100.0,100.0,67.5925,50.1225
682,667,478,269,30,0.14,71.0,1.7,144,2026-10-19 13:50:00,PT5M,85.992,100.0,100.0,66.4192,48.803
668,653,467,269,30,0.14,71.4,1.8,144,2026-10-19 13:55:00,PT5M,84.944,100.0,100.0,65.2054,47.44
653,639,456,270,30,0.14,71.7,1.8,144,2026-10-19 14:00:00,PT5M,83.818,100.0,100.0,63.9089,45.99
637,624,444,269,29,0.14,72.1,1.8,144,2026-10-19 14:05:00,PT5M,82.648,100.0,100.0,62.5662,44.492
622,609,432,269,29,0.14,72.4,1.9,144,2026-10-19 14:10:00,PT5M,81.44,100.0,100.0,61.1845,42.954
607,594,420,268,29,0.14,72.8,1.9,144,2026-10-19 14:15:00,PT5M,80.195,100.0,100.0,59.7645,41.3765
591,578,409,267,29,0.14,73.1,1.9,143,2026-10-19 14:20:00,PT5M,78.911,100.0,99.5172,58.3048,39.7585
575,563,397,266,29,0.14,73.5,2.0,143,2026-10-19 14:25:00,PT5M,77.587,100.0,98.3698,56.8042,38.099
559,547,385,264,29,0.14,73.8,2.0,143,2026-10-19 14:30:00,PT5M,76.223,100.0,97.1829,55.2631,36.3985
541,530,370,263,29,0.14,74.2,2.0,144,2026-10-19 14:35:00,PT5M,74.547,100.0,95.6922,53.4018,34.3705
522,511,352,263,29,0.14,74.6,1.9,145,2026-10-19 14:40:00,PT5M,72.534,100.0,93.8058,51.2622,32.117
503,493,335,261,29,0.14,74.9,1.9,147,2026-10-19 14:45:00,PT5M,70.604,100.0,91.9873,49.2207,29.975
485,475,319,259,29,0.14,75.3,1.9,149,2026-10-19 14:50:00,PT5M,68.624,100.0,90.1179,47.1301,27.785
466,457,303,257,29,0.14,75.7,1.8,150,2026-10-19 14:55:00,PT5M,66.595,100.0,88.1836,45.0064,25.576
448,439,286,254,28,0.14,76.1,1.8,152,2026-10-19 15:00:00,PT5M,64.516,100.0,86.1833,42.8487,23.3475
429,422,270,251,28,0.14,76.4,1.8,154,2026-10-19 15:05:00,PT5M,62.327,100.0,84.0422,40.6118,21.0675
411,403,253,248,28,0.14,76.8,1.7,156,2026-10-19 15:10:00,PT5M,60.009,100.0,81.7394,38.2786,18.7205
392,386,236,245,28,0.14,77.2,1.7,158,2026-10-19 15:15:00,PT5M,57.626,98.8325,79.3133,35.9387,16.4195
374,368,219,241,28,0.14,77.6,1.7,160,2026-10-19 15:20:00,PT5M,55.225,96.3565,76.8728,33.5772,14.0935
356,350,202,236,28,0.14,78.0,1.6,162,2026-10-19 15:25:00,PT5M,52.699,93.6945,74.2752,31.1228,11.7035
338,333,186,231,28,0.14,78.4,1.6,165,2026-10-19 15:30:00,PT5M,50.116,90.8645,71.5622,28.6698,9.3675
320,315,169,226,28,0.14,78.8,1.6,167,2026-10-19 15:35:00,PT5M,47.409,87.7765,68.6547,26.1633,7.0415
301,297,151,220,28,0.14,79.2,1.6,169,2026-10-19 15:40:00,PT5M,44.575,84.4505,65.5618,23.5882,4.6995
284,280,135,214,28,0.14,79.6,1.6,171,2026-10-19 15:45:00,PT5M,41.692,80.9815,62.3703,21.0137,2.4025
266,263,118,207,27,0.14,80.0,1.6,174,2026-10-19 15:50:00,PT5M,38.773,77.3915,59.0982,18.4478,0.1545
249,246,102,200,27,0.14,80.4,1.6,176,2026-10-19 15:55:00,PT5M,36.052,73.9235,55.984,16.12,0.0
232,230,86,192,27,0.14,80.8,1.6,179,2026-10-19 16:00:00,PT5M,33.093,70.1465,52.5945,13.5915,0.0
215,214,71,184,27,0.14,81.2,1.5,181,2026-10-19 16:05:00,PT5M,30.192,66.229,49.1585,11.2255,0.0
200,198,57,175,27,0.14,81.6,1.5,184,2026-10-19 16:10:00,PT5M,27.362,61.0395,45.0867,9.6373,0.0
184,183,44,167,27,0.14,82.0,1.6,186,2026-10-19 16:15:00,PT5M,24.575,55.981,41.1042,8.0458,0.0
169,169,30,158,27,0.14,82.4,1.6,189,2026-10-19 16:20:00,PT5M,21.895,51.0485,37.2387,6.5513,0.0
154,154,17,148,27,0.14,82.8,1.6,191,2026-10-19 16:25:00,PT5M,19.498,46.414,33.6641,5.3319,0.0
140,140,4,139,27,0.14,83.2,1.6,193,2026-10-19 16:30:00,PT5M,17.055,41.686,30.0185,4.0915,0.0
126,127,0,127,26,0.14,83.7,1.6,196,2026-10-19 16:35:00,PT5M,15.221,37.6145,27.0069,3.4351,0.0
113,114,0,114,26,0.14,84.1,1.6,198,2026-10-19 16:40:00,PT5M,13.656,33.8325,24.275,3.037,0.0
101,101,0,101,26,0.14,84.5,1.6,200,2026-10-19 16:45:00,PT5M,12.132,30.133,21.6061,2.6579,0.0
88,89,0,89,26,0.14,84.9,1.7,203,2026-10-19 16:50:00,PT5M,10.599,26.5065,18.9712,2.2268,0.0
76,77,0,77,26,0.14,85.4,1.7,205,2026-10-19 16:55:00,PT5M,9.152,23.066,16.475,1.829,0.0
65,65,0,65,26,0.14,85.8,1.7,207,2026-10-19 17:00:00,PT5M,7.676,19.6465,13.9762,1.3758,0.0
55,55,0,55,26,0.14,86.2,1.7,209,2026-10-19 17:05:00,PT5M,6.338,16.4125,11.6403,1.0357,0.0
45,45,0,45,26,0.14,86.7,1.8,211,2026-10-19 17:10:00,PT5M,5.16,13.3845,9.4886,0.8314,0.0
36,36,0,36,26,0.14,87.1,1.8,213,2026-10-19 17:15:00,PT5M,4.025,10.4675,7.4157,0.6343,0.0
28,28,0,28,26,0.14,87.6,1.8,214,2026-10-19 17:20:00,PT5M,2.955,7.7095,5.4573,0.4527,0.0
21,21,0,21,25,0.14,88.0,1.9,216,2026-10-19 17:25:00,PT5M,2.071,5.3335,3.7881,0.3539,0.0
15,15,0,15,25,0.14,88.5,1.9,218,2026-10-19 17:30:00,PT5M,1.286,3.2245,2.3062,0.2658,0.0
9,9,0,9,25,0.14,88.7,1.9,219,2026-10-19 17:35:00,PT5M,0.578,1.5745,1.1025,0.0535,0.0
5,5,0,5,25,0.14,88.8,1.9,218,2026-10-19 17:40:00,PT5M,0.0,0.307,0.1616,0.0,0.0
1,1,0,1,25,0.14,88.9,1.9,218,2026-10-19 17:45:00,PT5M,0.0,0.0,0.0,0.0,0.0
0,0,0,0,25,0.14,89.0,1.9,218,2026-10-19 17:50:00,PT5M,0.0,0.0,0.0,0.0,0.0
0,0,0,0,25,0.14,89.1,1.8,218,2026-10-19 17:55:00,PT5M,0.0,0.0,0.0,0.0,0.0
0,0,0,0,25,0.14,89.2,1.8,217,2026-10-19 18:00:00,PT5M,0.0,0.0,0.0,0.0,0.0
0,0,0,0,25,0.14,89.3,1.8,217,2026-10-19 18:05:00,PT5M,0.0,0.0,0.0,0.0,0.0
0,0,0,0,25,0.14,89.4,1.8,217,2026-10-19 18:10:00,PT5M,0.0,0.0,0.0,0.0,0.0
0,0,0,0,25,0.14,89.4,1.8,217,2026-10-19 18:15:00,PT5M,0.0,0.0,0.0,0.0,0.0
0,0,0,0,25,0.14,89.5,1.8,216,2026-10-19 18:20:00,PT5M,0.0,0.0,0.0,0.0,0.0
0,0,0,0,25,0.14,89.6,1.7,216,2026-10-19 18:25:00,PT5M,0.0,0.0,0.0,0.0,0.0
0,0,0,0,25,0.14,89.7,1.7,216,2026-10-19 18:30:00,PT5M,0.0,0.0,0.0,0.0,0.0
0,0,0,0,25,0.14,89.8,1.7,215,2026-10-19 18:35:00,PT5M,0.0,0.0,0.0,0.0,0.0
0,0,0,0,25,0.14,89.9,1.7,215,2026-10-19 18:40:00,PT5M,0.0,0.0,0.0,0.0,0.0
0,0,0,0,25,0.14,90.0,1.7,215,2026-10-19 18:45:00,PT5M,0.0,0.0,0.0,0.0,0.0
0,0,0,0,25,0.14,90.1,1.7,214,2026-10-19 18:50:00,PT5M,0.0,0.0,0.0,0.0,0.0
0,0,0,0,25,0.14,90.2,1.6,214,2026-10-19 18:55:00,PT5M,0.0,0.0,0.0,0.0,0.0
0,0,0,0,25,0.14,90.3,1.6,214,2026-10-19 19:00:00,PT5M,0.0,0.0,0.0,0.0,0.0
0,0,0,0,25,0.14,90.3,1.6,214,2026-10-19 19:05:00,PT5M,0.0,0.0,0.0,0.0,0.0
0,0,0,0,25,0.14,90.4,1.6,213,2026-10-19 19:10:00,PT5M,0.0,0.0,0.0,0.0,0.0
0,0,0,0,25,0.14,90.5,1.6,213,2026-10-19 19:15:00,PT5M,0.0,0.0,0.0,0.0,0.0
0,0,0,0,25,0.14,90.6,1.6,213,2026-10-19 19:20:00,PT5M,0.0,0.0,0.0,0.0,0.0
0,0,0,0,25,0.14,90.7,1.6,212,2026-10-19 19:25:00,PT5M,0.0,0.0,0.0,0.0,0.0
0,0,0,0,25,0.14,90.8,1.5,212,2026-10-19 19:30:00,PT5M,0.0,0.0,0.0,0.0,0.0
0,0,0,0,25,0.14,90.9,1.5,211,2026-10-19 19:35:00,PT5M,0.0,0.0,0.0,0.0,0.0
0,0,0,0,25,0.14,91.0,1.5,211,2026-10-19 19:40:00,PT5M,0.0,0.0,0.0,0.0,0.0
0,0,0,0,25,0.14,91.1,1.5,211,2026-10-19 19:45:00,PT5M,0.0,0.0,0.0,0.0,0.0
0,0,0,0,25,0.14,91.2,1.5,210,2026-10-19 19:50:00,PT5M,0.0,0.0,0.0,0.0,0.0
0,0,0,0,25,0.14,91.2,1.5,210,2026-10-19 19:55:00,PT5M,0.0,0.0,0.0,0.0,0.0
0,0,0,0,25,0.14,91.3,1.4,209,2026-10-19 20:00:00,PT5M,0.0,0.0,0.0,0.0,0.0
0,0,0,0,25,0.14,91.4,1.4,209,2026-10-19 20:05:00,PT5M,0.0,0.0,0.0,0.0,0.0
0,0,0,0,25,0.14,91.5,1.4,209,2026-10-19 20:10:00,PT5M,0.0,0.0,0.0,0.0,0.0
0,0,0,0,25,0.14,91.6,1.4,208,2026-10-19 20:15:00,PT5M,0.0,0.0,0.0,0.0,0.0
0,0,0,0,25,0.14,91.7,1.4,208,2026-10-19 20:20:00,PT5M,0.0,0.0,0.0,0.0,0.0
0,0,0,0,25,0.14,91.8,1.4,207,2026-10-19 20:25:00,PT5M,0.0,0.0,0.0,0.0,0.0
0,0,0,0,25,0.14,91.9,1.3,207,2026-10-19 20:30:00,PT5M,0.0,0.0,0.0,0.0,0.0
0,0,0,0,25,0.14,92.0,1.3,207,2026-10-19 20:35:00,PT5M,0.0,0.0,0.0,0.0,0.0
0,0,0,0,25,0.14,92.0,1.3,208,2026-10-19 20:40:00,PT5M,0.0,0.0,0.0,0.0,0.0
0,0,0,0,25,0.14,92.0,1.3,208,2026-10-19 20:45:00,PT5M,0.0,0.0,0.0,0.0,0.0
0,0,0,0,25,0.14,92.1,1.4,209,2026-10-19 20:50:00,PT5M,0.0,0.0,0.0,0.0,0.0
0,0,0,0,25,0.14,92.1,1.4,210,2026-10-19 20:55:00,PT5M,0.0,0.0,0.0,0.0,0.0
0,0,0,0,25,0.14,92.2,1.4,211,2026-10-19 21:00:00,PT5M,0.0,0.0,0.0,0.0,0.0
0,0,0,0,25,0.14,92.2,1.4,211,2026-10-19 21:05:00,PT5M,0.0,0.0,0.0,0.0,0.0
0,0,0,0,25,0.14,92.3,1.4,212,2026-10-19 21:10:00,PT5M,0.0,0.0,0.0,0.0,0.0
0,0,0,0,25,0.14,92.3,1.4,213,2026-10-19 21:15:00,PT5M,0.0,0.0,0.0,0.0,0.0
0,0,0,0,25,0.14,92.4,1.4,213,2026-10-19 21:20:00,PT5M,0.0,0.0,0.0,0.0,0.0
0,0,0,0,25,0.14,92.4,1.4,214,2026-10-19 21:25:00,PT5M,0.0,0.0,0.0,0.0,0.0
0,0,0,0,24,0.14,92.5,1.4,215,2026-10-19 21:30:00,PT5M,0.0,0.0,0.0,0.0,0.0
0,0,0,0,24,0.14,92.5,1.4,216,2026-10-19 21:35:00,PT5M,0.0,0.0,0.0,0.0,0.0
0,0,0,0,24,0.14,92.5,1.4,216,2026-10-19 21:40:00,PT5M,0.0,0.0,0.0,0.0,0.0
0,0,0,0,24,0.14,92.6,1.4,217,2026-10-19 21:45:00,PT5M,0.0,0.0,0.0,0.0,0.0
0,0,0,0,24,0.14,92.6,1.4,218,2026-10-19 21:50:00,PT5M,0.0,0.0,0.0,0.0,0.0
0,0,0,0,24,0.14,92.7,1.4,218,2026-10-19 21:55:00,PT5M,0.0,0.0,0.0,0.0,0.0
0,0,0,0,24,0.14,92.7,1.4,219,2026-10-19 22:00:00,PT5M,0.0,0.0,0.0,0.0,0.0
0,0,0,0,24,0.14,92.8,1.4,220,2026-10-19 22:05:00,PT5M,0.0,0.0,0.0,0.0,0.0
0,0,0,0,24,0.14,92.8,1.4,220,2026-10-19 22:10:00,PT5M,0.0,0.0,0.0,0.0,0.0
0,0,0,0,24,0.14,92.9,1.4,221,2026-10-19 22:15:00,PT5M,0.0,0.0,0.0,0.0,0.0
0,0,0,0,24,0.14,92.9,1.4,222,2026-10-19 22:20:00,PT5M,0.0,0.0,0.0,0.0,0.0
0,0,0,0,24,0.14,93.0,1.5,222,2026-10-19 22:25:00,PT5M,0.0,0.0,0.0,0.0,0.0
0,0,0,0,24,0.14,93.0,1.5,223,2026-10-19 22:30:00,PT5M,0.0,0.0,0.0,0.0,0.0
0,0,0,0,24,0.14,93.0,1.5,223,2026-10-19 22:35:00,PT5M,0.0,0.0,0.0,0.0,0.0
0,0,0,0,24,0.14,93.1,1.5,224,2026-10-19 22:40:00,PT5M,0.0,0.0,0.0,0.0,0.0
0,0,0,0,24,0.14,93.1,1.5,225,2026-10-19 22:45:00,PT5M,0.0,0.0,0.0,0.0,0.0
0,0,0,0,24,0.14,93.2,1.5,225,2026-10-19 22:50:00,PT5M,0.0,0.0,0.0,0.0,0.0
0,0,0,0,24,0.14,93.2,1.5,226,2026-10-19 22:55:00,PT5M,0.0,0.0,0.0,0.0,0.0
0,0,0,0,24,0.14,93.3,1.5,226,2026-10-19 23:00:00,PT5M,0.0,0.0,0.0,0.0,0.0
0,0,0,0,24,0.14,93.3,1.5,227,2026-10-19 23:05:00,PT5M,0.0,0.0,0.0,0.0,0.0
0,0,0,0,24,0.14,93.4,1.5,228,2026-10-19 23:10:00,PT5M,0.0,0.0,0.0,0.0,0.0
0,0,0,0,24,0.14,93.4,1.5,228,2026-10-19 23:15:00,PT5M,0.0,0.0,0.0,0.0,0.0
0,0,0,0,24,0.14,93.5,1.5,229,2026-10-19 23:20:00,PT5M,0.0,0.0,0.0,0.0,0.0
0,0,0,0,24,0.14,93.5,1.5,229,2026-10-19 23:25:00,PT5M,0.0,0.0,0.0,0.0,0.0
0,0,0,0,24,0.14,93.6,1.6,230,2026-10-19 23:30:00,PT5M,0.0,0.0,0.0,0.0,0.0
0,0,0,0,24,0.14,93.6,1.6,230,2026-10-19 23:35:00,PT5M,0.0,0.0,0.0,0.0,0.0
0,0,0,0,24,0.14,93.5,1.5,231,2026-10-19 23:40:00,PT5M,0.0,0.0,0.0,0.0,0.0
0,0,0,0,24,0.14,93.5,1.5,232,2026-10-19 23:45:00,PT5M,0.0,0.0,0.0,0.0,0.0
0,0,0,0,24,0.14,93.5,1.5,232,2026-10-19 23:50:00,PT5M,0.0,0.0,0.0,0.0,0.0
0,0,0,0,24,0.14,93.4,1.5,233,2026-10-19 23:55:00,PT5M,0.0,0.0,0.0,0.0,0.0
0,0,0,0,24,0.14,93.4,1.5,234,2026-10-20 00:00:00,PT5M,0.0,0.0,0.0,0.0,0.0
0,0,0,0,24,0.14,93.4,1.4,234,2026-10-20 00:05:00,PT5M,0.0,0.0,0.0,0.0,0.0
0,0,0,0,24,0.14,93.3,1.4,235,2026-10-20 00:10:00,PT5M,0.0,0.0,0.0,0.0,0.0
0,0,0,0,24,0.14,93.3,1.4,236,2026-10-20 00:15:00,PT5M,0.0,0.0,0.0,0.0,0.0
0,0,0,0,24,0.14,93.3,1.4,236,2026-10-20 00:20:00,PT5M,0.0,0.0,0.0,0.0,0.0
0,0,0,0,24,0.14,93.2,1.4,237,2026-10-20 00:25:00,PT5M,0.0,0.0,0.0,0.0,0.0
0,0,0,0,24,0.14,93.2,1.3,238,2026-10-20 00:30:00,PT5M,0.0,0.0,0.0,0.0,0.0
0,0,0,0,24,0.14,93.2,1.3,239,2026-10-20 00:35:00,PT5M,0.0,0.0,0.0,0.0,0.0
0,0,0,0,24,0.14,93.1,1.3,240,2026-10-20 00:40:00,PT5M,0.0,0.0,0.0,0.0,0.0
0,0,0,0,24,0.14,93.1,1.3,240,2026-10-20 00:45:00,PT5M,0.0,0.0,0.0,0.0,0.0
0,0,0,0,24,0.14,93.1,1.3,241,2026-10-20 00:50:00,PT5M,0.0,0.0,0.0,0.0,0.0
0,0,0,0,24,0.14,93.0,1.3,242,2026-10-20 00:55:00,PT5M,0.0,0.0,0.0,0.0,0.0
0,0,0,0,24,0.14,93.0,1.2,243,2026-10-20 01:00:00,PT5M,0.0,0.0,0.0,0.0,0.0
0,0,0,0,24,0.14,93.0,1.2,244,2026-10-20 01:05:00,PT5M,0.0,0.0,0.0,0.0,0.0
0,0,0,0,24,0.14,92.9,1.2,245,2026-10-20 01:10:00,PT5M,0.0,0.0,0.0,0.0,0.0
0,0,0,0,24,0.14,92.9,1.2,246,2026-10-20 01:15:00,PT5M,0.0,0.0,0.0,0.0,0.0
0,0,0,0,24,0.14,92.9,1.2,247,2026-10-20 01:20:00,PT5M,0.0,0.0,0.0,0.0,0.0
0,0,0,0,24,0.14,92.8,1.2,248,2026-10-20 01:25:00,PT5M,0.0,0.0,0.0,0.0,0.0
0,0,0,0,24,0.14,92.8,1.1,249,2026-10-20 01:30:00,PT5M,0.0,0.0,0.0,0.0,0.0
0,0,0,0,24,0.14,92.8,1.1,250,2026-10-20 01:35:00,PT5M,0.0,0.0,0.0,0.0,0.0
0,0,0,0,24,0.14,92.8,1.1,251,2026-10-20 01:40:00,PT5M,0.0,0.0,0.0,0.0,0.0
0,0,0,0,24,0.14,92.7,1.1,252,2026-10-20 01:45:00,PT5M,0.0,0.0,0.0,0.0,0.0
0,0,0,0,23,0.14,92.7,1.1,253,2026-10-20 01:50:00,PT5M,0.0,0.0,0.0,0.0,0.0
0,0,0,0,23,0.14,92.7,1.1,255,2026-10-20 01:55:00,PT5M,0.0,0.0,0.0,0.0,0.0
0,0,0,0,23,0.14,92.6,1.1,256,2026-10-20 02:00:00,PT5M,0.0,0.0,0.0,0.0,0.0
0,0,0,0,23,0.14,92.6,1.1,257,2026-10-20 02:05:00,PT5M,0.0,0.0,0.0,0.0,0.0
0,0,0,0,23,0.14,92.6,1.0,258,2026-10-20 02:10:00,PT5M,0.0,0.0,0.0,0.0,0.0
0,0,0,0,23,0.14,92.5,1.0,260,2026-10-20 02:15:00,PT5M,0.0,0.0,0.0,0.0,0.0
0,0,0,0,23,0.14,92.5,1.0,261,2026-10-20 02:20:00,PT5M,0.0,0.0,0.0,0.0,0.0
0,0,0,0,23,0.14,92.5,1.0,262,2026-10-20 02:25:00,PT5M,0.0,0.0,0.0,0.0,0.0
0,0,0,0,23,0.14,92.4,1.0,264,2026-10-20 02:30:00,PT5M,0.0,0.0,0.0,0.0,0.0
0,0,0,0,23,0.14,92.4,1.0,264,2026-10-20 02:35:00,PT5M,0.0,0.0,0.0,0.0,0.0
0,0,0,0,23,0.14,92.4,1.0,264,2026-10-20 02:40:00,PT5M,0.0,0.0,0.0,0.0,0.0
0,0,0,0,23,0.14,92.4,1.0,264,2026-10-20 02:45:00,PT5M,0.0,0.0,0.0,0.0,0.0
0,0,0,0,23,0.14,92.4,1.0,265,2026-10-20 02:50:00,PT5M,0.0,0.0,0.0,0.0,0.0
0,0,0,0,23,0.14,92.3,0.9,265,2026-10-20 02:55:00,PT5M,0.0,0.0,0.0,0.0,0.0
0,0,0,0,23,0.14,92.3,0.9,265,2026-10-20 03:00:00,PT5M,0.0,0.0,0.0,0.0,0.0
0,0,0,0,23,0.14,92.3,0.9,265,2026-10-20 03:05:00,PT5M,0.0,0.0,0.0,0.0,0.0
0,0,0,0,23,0.14,92.3,0.9,265,2026-10-20 03:10:00,PT5M,0.0,0.0,0.0,0.0,0.0
0,0,0,0,23,0.14,92.3,0.9,265,2026-10-20 03:15:00,PT5M,0.0,0.0,0.0,0.0,0.0
0,0,0,0,23,0.14,92.3,0.9,265,2026-10-20 03:20:00,PT5M,0.0,0.0,0.0,0.0,0.0
0,0,0,0,23,0.14,92.2,0.9,265,2026-10-20 03:25:00,PT5M,0.0,0.0,0.0,0.0,0.0
0,0,0,0,23,0.14,92.2,0.8,265,2026-10-20 03:30:00,PT5M,0.0,0.0,0.0,0.0,0.0
0,0,0,0,23,0.14,92.2,0.8,265,2026-10-20 03:35:00,PT5M,0.0,0.0,0.0,0.0,0.0
0,0,0,0,23,0.14,92.2,0.8,266,2026-10-20 03:40:00,PT5M,0.0,0.0,0.0,0.0,0.0
0,0,0,0,23,0.14,92.2,0.8,266,2026-10-20 03:45:00,PT5M,0.0,0.0,0.0,0.0,0.0
0,0,0,0,23,0.14,92.2,0.8,266,2026-10-20 03:50:00,PT5M,0.0,0.0,0.0,0.0,0.0
0,0,0,0,23,0.14,92.2,0.8,266,2026-10-20 03:55:00,PT5M,0.0,0.0,0.0,0.0,0.0
0,0,0,0,23,0.14,92.1,0.8,266,2026-10-20 04:00:00,PT5M,0.0,0.0,0.0,0.0,0.0
0,0,0,0,23,0.14,92.1,0.7,266,2026-10-20 04:05:00,PT5M,0.0,0.0,0.0,0.0,0.0
0,0,0,0,23,0.14,92.1,0.7,266,2026-10-20 04:10:00,PT5M,0.0,0.0,0.0,0.0,0.0
0,0,0,0,23,0.14,92.1,0.7,267,2026-10-20 04:15:00,PT5M,0.0,0.0,0.0,0.0,0.0
0,0,0,0,23,0.14,92.1,0.7,267,2026-10-20 04:20:00,PT5M,0.0,0.0,0.0,0.0,0.0
0,0,0,0,23,0.14,92.1,0.7,267,2026-10-20 04:25:00,PT5M,0.0,0.0,0.0,0.0,0.0
0,0,0,0,23,0.14,92.0,0.7,267,2026-10-20 04:30:00,PT5M,0.0,0.0,0.0,0.0,0.0
0,0,0,0,23,0.14,92.0,0.7,267,2026-10-20 04:35:00,PT5M,0.0,0.0,0.0,0.0,0.0
0,0,0,0,23,0.14,92.0,0.6,267,2026-10-20 04:40:00,PT5M,0.0,0.0,0.0,0.0,0.0
0,0,0,0,23,0.14,92.0,0.6,268,2026-10-20 04:45:00,PT5M,0.0,0.0,0.0,0.0,0.0
0,0,0,0,23,0.14,92.0,0.6,268,2026-10-20 04:50:00,PT5M,0.0,0.0,0.0,0.0,0.0
0,0,0,0,23,0.14,92.0,0.6,268,2026-10-20 04:55:00,PT5M,0.0,0.0,0.0,0.0,0.0
0,0,0,0,23,0.14,91.9,0.6,268,2026-10-20 05:00:00,PT5M,0.0,0.0,0.0,0.0,0.0
0,0,0,0,23,0.14,91.9,0.6,268,2026-10-20 05:05:00,PT5M,0.0,0.0,0.0,0.0,0.0
0,0,0,0,23,0.14,91.9,0.6,269,2026-10-20 05:10:00,PT5M,0.0,0.0,0.0,0.0,0.0
0,0,0,0,23,0.14,91.9,0.5,269,2026-10-20 05:15:00,PT5M,0.0,0.0,0.0,0.0,0.0
0,0,0,0,23,0.14,91.9,0.5,269,2026-10-20 05:20:00,PT5M,0.0,0.0,0.0,0.0,0.0
0,0,0,0,23,0.14,91.9,0.5,270,2026-10-20 05:25:00,PT5M,0.0,0.0,0.0,0.0,0.0
0,0,0,0,23,0.14,91.9,0.5,270,2026-10-20 05:30:00,PT5M,0.0,0.0,0.0,0.0,0.0
0,0,0,0,23,0.14,91.6,0.5,270,2026-10-20 05:35:00,PT5M,0.0,0.0,0.0,0.0,0.0
0,0,0,0,23,0.14,91.0,0.5,269,2026-10-20 05:40:00,PT5M,0.0,0.0,0.0,0.0,0.0
0,0,0,0,24,0.14,90.5,0.5,268,2026-10-20 05:45:00,PT5M,0.0,0.0,0.0,0.0,0.0
0,0,0,0,24,0.14,89.9,0.4,267,2026-10-20 05:50:00,PT5M,0.0,0.0,0.0,0.0,0.0
0,0,0,0,24,0.14,89.4,0.4,267,2026-10-20 05:55:00,PT5M,0.0,0.0,0.0,0.0,0.0
5,5,0,5,24,0.14,88.9,0.4,266,2026-10-20 06:00:00,PT5M,0.0,0.022,0.0116,0.0,0.0
13,13,0,13,24,0.14,88.3,0.4,264,2026-10-20 06:05:00,PT5M,1.081,1.7125,1.4134,0.7486,0.4495
22,22,0,22,24,0.14,87.8,0.4,263,2026-10-20 06:10:00,PT5M,2.326,3.5745,2.9831,1.6689,1.0775
33,33,22,31,24,0.14,87.3,0.3,262,2026-10-20 06:15:00,PT5M,3.881,6.08,5.0383,2.7237,1.682
46,45,57,39,24,0.14,86.8,0.3,260,2026-10-20 06:20:00,PT5M,5.961,9.3885,7.7649,4.1571,2.5335
60,58,90,47,25,0.14,86.2,0.3,259,2026-10-20 06:25:00,PT5M,8.527,13.3765,11.0793,5.9747,3.6775
76,73,127,54,25,0.14,85.7,0.3,257,2026-10-20 06:30:00,PT5M,11.747,18.2385,15.1635,8.3305,5.2555
93,89,166,61,25,0.14,85.2,0.3,255,2026-10-20 06:35:00,PT5M,15.275,23.542,19.626,10.924,7.008
111,105,204,67,25,0.14,84.7,0.2,252,2026-10-20 06:40:00,PT5M,19.084,29.176,24.3955,13.7725,8.992
130,123,241,73,25,0.14,84.2,0.2,250,2026-10-20 06:45:00,PT5M,23.177,35.1025,29.4535,16.9005,11.2515
149,142,278,78,25,0.14,83.7,0.2,247,2026-10-20 06:50:00,PT5M,27.501,41.3005,34.7638,20.2382,13.7015
169,161,314,83,25,0.14,83.2,0.2,243,2026-10-20 06:55:00,PT5M,32.025,47.829,40.3428,23.7072,16.221
189,180,344,87,25,0.14,82.7,0.2,239,2026-10-20 07:00:00,PT5M,36.578,54.4615,45.9902,27.1658,18.6945
208,198,365,92,26,0.14,82.3,0.2,234,2026-10-20 07:05:00,PT5M,40.92,60.9045,51.438,30.402,20.9355
227,216,383,97,26,0.14,81.8,0.2,228,2026-10-20 07:10:00,PT5M,45.204,67.2675,56.8162,33.5918,23.1405
245,235,400,102,26,0.14,81.3,0.2,222,2026-10-20 07:15:00,PT5M,49.515,73.678,62.2322,36.7978,25.352
264,253,415,107,26,0.14,80.8,0.1,214,2026-10-20 07:20:00,PT5M,53.815,80.087,67.6421,39.9879,27.543
283,271,430,112,26,0.14,80.3,0.1,207,2026-10-20 07:25:00,PT5M,58.109,86.4935,73.048,43.17,29.7245
302,289,443,117,26,0.14,79.9,0.1,198,2026-10-20 07:30:00,PT5M,62.402,92.9145,78.4609,46.3431,31.8895
320,308,455,122,26,0.14,79.4,0.1,190,2026-10-20 07:35:00,PT5M,66.719,99.408,83.9235,49.5145,34.03
339,326,467,126,27,0.14,78.9,0.1,182,2026-10-20 07:40:00,PT5M,70.409,100.0,88.5629,52.2551,35.916
357,344,479,130,27,0.14,78.5,0.1,174,2026-10-20 07:45:00,PT5M,72.399,100.0,90.8776,53.9204,37.289
376,362,490,134,27,0.14,78.0,0.2,167,2026-10-20 07:50:00,PT5M,74.296,100.0,93.0762,55.5158,38.613
394,380,500,138,27,0.14,77.6,0.2,161,2026-10-20 07:55:00,PT5M,76.093,100.0,95.149,57.037,39.886
413,398,510,142,27,0.14,77.1,0.2,156,2026-10-20 08:00:00,PT5M,77.777,100.0,97.0796,58.4744,41.1015
431,416,520,146,27,0.14,76.7,0.2,151,2026-10-20 08:05:00,PT5M,79.363,100.0,98.8827,59.8433,42.275
449,434,529,149,27,0.14,76.2,0.2,147,2026-10-20 08:10:00,PT5M,80.833,100.0,100.0,61.1312,43.399
467,451,539,152,27,0.14,75.8,0.2,144,2026-10-20 08:15:00,PT5M,82.153,100.0,100.0,62.3133,44.457
484,468,547,155,28,0.14,75.4,0.2,141,2026-10-20 08:20:00,PT5M,83.385,100.0,100.0,63.4637,45.534
501,485,555,158,28,0.14,74.9,0.3,138,2026-10-20 08:25:00,PT5M,84.42,100.0,100.0,64.4119,46.404
518,502,562,162,28,0.14,74.5,0.3,136,2026-10-20 08:30:00,PT5M,85.376,100.0,100.0,65.3334,47.2945
535,519,571,164,28,0.14,74.0,0.3,132,2026-10-20 08:35:00,PT5M,86.345,100.0,100.0,66.2888,48.2375
553,536,579,166,28,0.14,73.6,0.3,126,2026-10-20 08:40:00,PT5M,87.332,100.0,100.0,67.2794,49.2315
570,552,588,168,28,0.14,73.1,0.2,119,2026-10-20 08:45:00,PT5M,88.265,100.0,100.0,68.2251,50.1885
586,569,596,170,28,0.14,72.6,0.2,111,2026-10-20 08:50:00,PT5M,89.152,100.0,100.0,69.1339,51.117
603,585,604,172,28,0.14,72.1,0.2,103,2026-10-20 08:55:00,PT5M,89.995,100.0,100.0,70.0066,52.0165
619,601,612,173,28,0.14,71.7,0.2,94,2026-10-20 09:00:00,PT5M,90.798,100.0,100.0,70.847,52.8905
635,616,620,174,29,0.14,71.2,0.2,86,2026-10-20 09:05:00,PT5M,91.592,100.0,100.0,71.775,53.939
651,632,629,175,29,0.14,70.8,0.2,78,2026-10-20 09:10:00,PT5M,92.408,100.0,100.0,72.7752,55.105
667,648,637,176,29,0.14,70.3,0.3,71,2026-10-20 09:15:00,PT5M,93.189,100.0,100.0,73.738,56.2315
682,663,646,177,29,0.14,69.8,0.3,65,2026-10-20 09:20:00,PT5M,93.938,100.0,100.0,74.6659,57.3205
697,678,654,177,29,0.14,69.4,0.3,60,2026-10-20 09:25:00,PT5M,94.654,100.0,100.0,75.5583,58.3715
712,693,662,177,29,0.14,69.0,0.3,55,2026-10-20 09:30:00,PT5M,95.341,100.0,100.0,76.4187,59.388
727,707,670,177,29,0.14,68.5,0.3,51,2026-10-20 09:35:00,PT5M,96.0,100.0,100.0,77.239,60.3535
741,721,677,177,29,0.14,68.1,0.4,48,2026-10-20 09:40:00,PT5M,96.632,100.0,100.0,78.0197,61.268
755,734,685,177,29,0.14,67.6,0.4,45,2026-10-20 09:45:00,PT5M,97.238,100.0,100.0,78.7701,62.1485
768,748,692,177,30,0.14,67.2,0.4,42,2026-10-20 09:50:00,PT5M,97.789,100.0,100.0,79.4596,62.9625
781,760,698,177,30,0.14,66.8,0.5,40,2026-10-20 09:55:00,PT5M,98.292,100.0,100.0,80.0928,63.713
793,772,704,177,30,0.14,66.4,0.5,38,2026-10-20 10:00:00,PT5M,98.772,100.0,100.0,80.6978,64.4305
805,784,710,177,30,0.14,65.9,0.5,36,2026-10-20 10:05:00,PT5M,99.227,100.0,100.0,81.2726,65.113
817,795,715,176,30,0.14,65.5,0.5,34,2026-10-20 10:10:00,PT5M,99.647,100.0,100.0,81.8076,65.7515
828,806,721,176,30,0.14,65.1,0.6,33,2026-10-20 10:15:00,PT5M,100.0,100.0,100.0,82.2708,66.314
838,816,727,175,30,0.14,64.7,0.6,32,2026-10-20 10:20:00,PT5M,100.0,100.0,100.0,82.3766,66.515
849,826,732,175,30,0.14,64.3,0.6,31,2026-10-20 10:25:00,PT5M,100.0,100.0,100.0,82.4782,66.708
858,836,737,174,30,0.14,63.9,0.7,30,2026-10-20 10:30:00,PT5M,100.0,100.0,100.0,82.5755,66.893
867,845,741,174,31,0.14,63.5,0.7,29,2026-10-20 10:35:00,PT5M,100.0,100.0,100.0,82.679,67.0895
875,852,744,174,31,0.14,63.1,0.7,28,2026-10-20 10:40:00,PT5M,100.0,100.0,100.0,82.7882,67.297
882,859,746,175,31,0.14,62.7,0.8,27,2026-10-20 10:45:00,PT5M,100.0,100.0,100.0,82.8908,67.492
889,866,748,175,31,0.14,62.3,0.8,26,2026-10-20 10:50:00,PT5M,100.0,100.0,100.0,82.98,67.6615
895,872,750,175,31,0.14,61.9,0.8,26,2026-10-20 10:55:00,PT5M,100.0,100.0,100.0,83.0582,67.81
901,878,752,175,31,0.14,61.5,0.9,25,2026-10-20 11:00:00,PT5M,100.0,100.0,100.0,83.1461,67.977
906,883,754,176,31,0.14,61.1,0.9,24,2026-10-20 11:05:00,PT5M,100.0,100.0,100.0,83.234,68.144
911,888,755,176,31,0.14,60.7,0.9,24,2026-10-20 11:10:00,PT5M,100.0,100.0,100.0,83.3082,68.285
915,892,756,176,31,0.14,60.3,1.0,23,2026-10-20 11:15:00,PT5M,100.0,100.0,100.0,83.3742,68.4105
919,895,758,176,32,0.14,59.9,1.0,23,2026-10-20 11:20:00,PT5M,100.0,100.0,100.0,83.434,68.524
922,899,759,176,32,0.14,59.6,1.0,22,2026-10-20 11:25:00,PT5M,100.0,100.0,100.0,83.4884,68.6275
924,901,760,176,32,0.14,59.2,1.1,22,2026-10-20 11:30:00,PT5M,100.0,100.0,100.0,83.5374,68.7205
925,901,756,178,32,0.14,59.2,1.1,23,2026-10-20 11:35:00,PT5M,100.0,100.0,100.0,83.5376,68.721
922,899,748,183,32,0.14,59.5,1.1,26,2026-10-20 11:40:00,PT5M,100.0,100.0,100.0,83.4887,68.628
920,897,741,187,32,0.14,59.8,1.0,29,2026-10-20 11:45:00,PT5M,100.0,100.0,100.0,83.4337,68.5235
916,894,733,191,32,0.14,60.1,1.0,32,2026-10-20 11:50:00,PT5M,100.0,100.0,100.0,83.3721,68.4065
913,890,725,195,32,0.14,60.4,1.0,35,2026-10-20 11:55:00,PT5M,100.0,100.0,100.0,83.3045,68.278
908,886,717,199,31,0.14,60.7,1.0,38,2026-10-20 12:00:00,PT5M,100.0,100.0,100.0,83.2305,68.1375
903,881,708,204,31,0.14,61.1,1.0,41,2026-10-20 12:05:00,PT5M,100.0,100.0,100.0,83.1503,67.985
898,876,699,208,31,0.14,61.4,1.0,44,2026-10-20 12:10:00,PT5M,99.841,100.0,100.0,82.9044,67.661
892,870,690,212,31,0.14,61.7,1.1,47,2026-10-20 12:15:00,PT5M,99.466,100.0,100.0,82.4371,67.1105
885,864,681,217,31,0.14,62.0,1.1,50,2026-10-20 12:20:00,PT5M,99.07,100.0,100.0,81.9434,66.529
878,857,671,221,31,0.14,62.4,1.1,53,2026-10-20 12:25:00,PT5M,98.654,100.0,100.0,81.4259,65.92
870,850,662,224,31,0.14,62.7,1.1,56,2026-10-20 12:30:00,PT5M,98.215,100.0,100.0,80.88,65.278
862,841,651,229,31,0.14,63.0,1.1,59,2026-10-20 12:35:00,PT5M,97.695,100.0,100.0,80.2482,64.5455
852,832,639,234,31,0.14,63.4,1.1,61,2026-10-20 12:40:00,PT5M,97.089,100.0,100.0,79.519,63.7055
842,822,627,238,31,0.14,63.7,1.2,64,2026-10-20 12:45:00,PT5M,96.455,100.0,100.0,78.755,62.8245
832,812,615,242,31,0.14,64.1,1.2,66,2026-10-20 12:50:00,PT5M,95.804,100.0,100.0,77.9806,61.939
821,802,603,246,31,0.14,64.4,1.2,68,2026-10-20 12:55:00,PT5M,95.136,100.0,100.0,77.1952,61.048
810,791,591,250,31,0.14,64.7,1.2,71,2026-10-20 13:00:00,PT5M,94.427,100.0,100.0,76.3512,60.0825
798,780,579,254,31,0.14,65.1,1.3,73,2026-10-20 13:05:00,PT5M,93.686,100.0,100.0,75.4692,59.0735
786,768,567,257,31,0.14,65.4,1.3,75,2026-10-20 13:10:00,PT5M,92.916,100.0,100.0,74.5545,58.0285
774,756,555,260,30,0.14,65.8,1.3,76,2026-10-20 13:15:00,PT5M,92.115,100.0,100.0,73.6058,56.947
761,744,544,263,30,0.14,66.1,1.4,78,2026-10-20 13:20:00,PT5M,91.283,100.0,100.0,72.6241,55.8305
749,732,532,265,30,0.14,66.5,1.4,80,2026-10-20 13:25:00,PT5M,90.428,100.0,100.0,71.6173,54.687
735,719,520,267,30,0.14,66.8,1.5,81,2026-10-20 13:30:00,PT5M,89.53,100.0,100.0,70.5653,53.4965
723,707,510,268,30,0.14,67.2,1.5,83,2026-10-20 13:35:00,PT5M,88.722,100.0,100.0,69.6194,52.4265
711,695,503,268,30,0.14,67.6,1.5,84,2026-10-20 13:40:00,PT5M,88.007,100.0,100.0,68.7821,51.479
699,683,495,267,30,0.14,67.9,1.6,86,2026-10-20 13:45:00,PT5M,87.26,100.0,100.0,67.9087,50.492
687,671,487,267,30,0.14,68.3,1.6,87,2026-10-20 13:50:00,PT5M,86.48,100.0,100.0,66.999,49.4655
674,659,480,266,30,0.14,68.7,1.7,88,2026-10-20 13:55:00,PT5M,85.666,100.0,100.0,66.05,48.395
660,646,471,265,30,0.14,69.0,1.7,89,2026-10-20 14:00:00,PT5M,84.768,100.0,100.0,65.0107,47.2285
647,632,462,264,30,0.14,69.4,1.8,91,2026-10-20 14:05:00,PT5M,83.849,100.0,100.0,63.948,46.0365
633,619,454,262,30,0.14,69.8,1.8,92,2026-10-20 14:10:00,PT5M,82.909,100.0,100.0,62.8622,44.8195
619,605,446,261,30,0.14,70.1,1.8,93,2026-10-20 14:15:00,PT5M,81.934,100.0,100.0,61.7388,43.5625
605,591,437,259,30,0.14,70.5,1.9,94,2026-10-20 14:20:00,PT5M,80.925,100.0,100.0,60.579,42.267
590,577,429,257,30,0.14,70.9,1.9,94,2026-10-20 14:25:00,PT5M,79.879,100.0,100.0,59.3799,40.93
575,562,420,254,29,0.14,71.3,2.0,95,2026-10-20 14:30:00,PT5M,78.796,100.0,99.3904,58.2016,39.666
557,544,404,254,29,0.14,71.7,2.0,96,2026-10-20 14:35:00,PT5M,77.124,100.0,97.8021,56.4459,37.835
536,524,381,255,29,0.14,72.1,2.0,95,2026-10-20 14:40:00,PT5M,74.869,100.0,95.6784,54.0596,35.3305
515,504,360,255,29,0.14,72.5,1.9,95,2026-10-20 14:45:00,PT5M,72.631,100.0,93.5551,51.7069,32.8745
495,484,339,255,29,0.14,72.9,1.9,95,2026-10-20 14:50:00,PT5M,70.363,100.0,91.3905,49.3355,30.41
474,465,319,254,29,0.14,73.3,1.9,95,2026-10-20 14:55:00,PT5M,68.041,100.0,89.1691,46.9129,27.897
454,445,299,252,29,0.14,73.7,1.9,94,2026-10-20 15:00:00,PT5M,65.665,100.0,86.877,44.453,25.3615
434,426,279,250,29,0.14,74.1,1.8,94,2026-10-20 15:05:00,PT5M,63.175,100.0,84.4073,41.9427,22.833
414,406,258,248,29,0.14,74.5,1.8,94,2026-10-20 15:10:00,PT5M,60.554,100.0,81.8044,39.3036,20.1775
394,387,238,245,29,0.14,74.9,1.8,93,2026-10-20 15:15:00,PT5M,57.869,98.2315,79.1121,36.6259,17.5065
374,368,218,241,28,0.14,75.4,1.8,93,2026-10-20 15:20:00,PT5M,55.164,95.458,76.371,33.957,14.87
355,349,199,237,28,0.14,75.8,1.7,93,2026-10-20 15:25:00,PT5M,52.336,92.4975,73.4733,31.1987,12.1745
336,330,180,232,28,0.14,76.2,1.7,92,2026-10-20 15:30:00,PT5M,49.461,89.3825,70.472,28.45,9.5395
317,313,162,227,28,0.14,76.7,1.7,92,2026-10-20 15:35:00,PT5M,46.67,86.2225,67.4868,25.8532,7.1175
300,295,146,221,28,0.14,77.1,1.7,92,2026-10-20 15:40:00,PT5M,43.95,83.0085,64.5068,23.3932,4.8915
282,279,130,214,28,0.14,77.5,1.6,91,2026-10-20 15:45:00,PT5M,41.178,79.648,61.425,20.931,2.708
265,262,115,207,28,0.14,78.0,1.6,91,2026-10-20 15:50:00,PT5M,38.364,76.1605,58.2566,18.4714,0.5675
248,245,100,200,28,0.14,78.4,1.6,91,2026-10-20 15:55:00,PT5M,35.741,72.788,55.2391,16.2429,0.0
231,229,85,192,28,0.14,78.9,1.6,90,2026-10-20 16:00:00,PT5M,32.873,69.099,51.939,13.807,0.0
215,214,70,184,27,0.14,79.3,1.5,90,2026-10-20 16:05:00,PT5M,30.063,65.1645,48.5372,11.5888,0.0
200,198,57,176,27,0.14,79.8,1.5,89,2026-10-20 16:10:00,PT5M,27.305,60.084,44.5568,10.0532,0.0
184,183,44,167,27,0.14,80.2,1.5,89,2026-10-20 16:15:00,PT5M,24.582,55.118,40.6533,8.5107,0.0
169,169,31,158,27,0.14,80.7,1.5,88,2026-10-20 16:20:00,PT5M,21.953,50.264,36.8533,7.0527,0.0
155,155,18,149,27,0.14,81.1,1.4,88,2026-10-20 16:25:00,PT5M,19.595,45.652,33.309,5.881,0.0
140,141,5,139,27,0.14,81.6,1.4,88,2026-10-20 16:30:00,PT5M,17.177,41.0265,29.7292,4.6248,0.0
127,127,0,127,27,0.14,82.1,1.4,87,2026-10-20 16:35:00,PT5M,15.237,36.885,26.6305,3.8435,0.0
113,114,0,114,27,0.14,82.5,1.4,87,2026-10-20 16:40:00,PT5M,13.61,33.079,23.8567,3.3633,0.0
100,101,0,101,27,0.14,83.0,1.3,86,2026-10-20 16:45:00,PT5M,12.035,29.3715,21.1593,2.9107,0.0
87,88,0,88,26,0.14,83.5,1.3,85,2026-10-20 16:50:00,PT5M,10.458,25.748,18.5052,2.4108,0.0
75,75,0,75,26,0.14,84.0,1.3,85,2026-10-20 16:55:00,PT5M,8.983,22.3275,16.0063,1.9597,0.0
64,64,0,64,26,0.14,84.4,1.3,84,2026-10-20 17:00:00,PT5M,7.482,18.9285,13.5064,1.4576,0.0
53,53,0,53,26,0.14,84.9,1.2,84,2026-10-20 17:05:00,PT5M,6.139,15.73,11.1868,1.0912,0.0
43,44,0,44,26,0.14,85.4,1.2,83,2026-10-20 17:10:00,PT5M,4.957,12.738,9.0522,0.8618,0.0
35,35,0,35,26,0.14,85.9,1.2,82,2026-10-20 17:15:00,PT5M,3.821,9.8745,7.007,0.635,0.0
27,27,0,27,26,0.14,86.4,1.2,82,2026-10-20 17:20:00,PT5M,2.774,7.2085,5.1079,0.4401,0.0
20,20,0,20,26,0.14,86.9,1.2,81,2026-10-20 17:25:00,PT5M,1.915,4.957,3.516,0.314,0.0
14,14,0,14,26,0.14,87.4,1.1,80,2026-10-20 17:30:00,PT5M,1.155,2.95,2.0997,0.2103,0.0
9,9,0,9,26,0.14,87.7,1.1,80,2026-10-20 17:35:00,PT5M,0.48,1.399,0.9637,0.0,0.0
4,4,0,4,26,0.14,87.8,1.1,80,2026-10-20 17:40:00,PT5M,0.0,0.261,0.1374,0.0,0.0
1,1,0,1,25,0.14,87.9,1.0,79,2026-10-20 17:45:00,PT5M,0.0,0.0,0.0,0.0,0.0
0,0,0,0,25,0.14,88.0,1.0,79,2026-10-20 17:50:00,PT5M,0.0,0.0,0.0,0.0,0.0
0,0,0,0,25,0.14,88.1,0.9,79,2026-10-20 17:55:00,PT5M,0.0,0.0,0.0,0.0,0.0
0,0,0,0,25,0.14,88.2,0.9,79,2026-10-20 18:00:00,PT5M,0.0,0.0,0.0,0.0,0.0
0,0,0,0,25,0.14,88.3,0.8,79,2026-10-20 18:05:00,PT5M,0.0,0.0,0.0,0.0,0.0
0,0,0,0,25,0.14,88.4,0.8,79,2026-10-20 18:10:00,PT5M,0.0,0.0,0.0,0.0,0.0
0,0,0,0,25,0.14,88.5,0.8,78,2026-10-20 18:15:00,PT5M,0.0,0.0,0.0,0.0,0.0
0,0,0,0,25,0.14,88.6,0.7,78,2026-10-20 18:20:00,PT5M,0.0,0.0,0.0,0.0,0.0
0,0,0,0,25,0.14,88.7,0.7,78,2026-10-20 18:25:00,PT5M,0.0,0.0,0.0,0.0,0.0
0,0,0,0,25,0.14,88.8,0.6,78,2026-10-20 18:30:00,PT5M,0.0,0.0,0.0,0.0,0.0
0,0,0,0,25,0.14,88.9,0.6,77,2026-10-20 18:35:00,PT5M,0.0,0.0,0.0,0.0,0.0
0,0,0,0,25,0.14,89.0,0.6,77,2026-10-20 18:40:00,PT5M,0.0,0.0,0.0,0.0,0.0
0,0,0,0,25,0.14,89.1,0.5,76,2026-10-20 18:45:00,PT5M,0.0,0.0,0.0,0.0,0.0
0,0,0,0,25,0.14,89.2,0.5,76,2026-10-20 18:50:00,PT5M,0.0,0.0,0.0,0.0,0.0
0,0,0,0,25,0.14,89.3,0.4,75,2026-10-20 18:55:00,PT5M,0.0,0.0,0.0,0.0,0.0
0,0,0,0,25,0.14,89.4,0.4,75,2026-10-20 19:00:00,PT5M,0.0,0.0,0.0,0.0,0.0
0,0,0,0,25,0.14,89.5,0.3,74,2026-10-20 19:05:00,PT5M,0.0,0.0,0.0,0.0,0.0
0,0,0,0,25,0.14,89.7,0.3,72,2026-10-20 19:10:00,PT5M,0.0,0.0,0.0,0.0,0.0
0,0,0,0,25,0.14,89.8,0.3,71,2026-10-20 19:15:00,PT5M,0.0,0.0,0.0,0.0,0.0
0,0,0,0,25,0.14,89.9,0.2,68,2026-10-20 19:20:00,PT5M,0.0,0.0,0.0,0.0,0.0
0,0,0,0,25,0.14,90.0,0.2,65,2026-10-20 19:25:00,PT5M,0.0,0.0,0.0,0.0,0.0
0,0,0,0,25,0.14,90.1,0.1,60,2026-10-20 19:30:00,PT5M,0.0,0.0,0.0,0.0,0.0
0,0,0,0,25,0.14,90.2,0.1,51,2026-10-20 19:35:00,PT5M,0.0,0.0,0.0,0.0,0.0
0,0,0,0,25,0.14,90.3,0.1,33,2026-10-20 19:40:00,PT5M,0.0,0.0,0.0,0.0,0.0
0,0,0,0,25,0.14,90.4,0.1,355,2026-10-20 19:45:00,PT5M,0.0,0.0,0.0,0.0,0.0
0,0,0,0,25,0.14,90.5,0.1,316,2026-10-20 19:50:00,PT5M,0.0,0.0,0.0,0.0,0.0
0,0,0,0,25,0.14,90.6,0.1,295,2026-10-20 19:55:00,PT5M,0.0,0.0,0.0,0.0,0.0
0,0,0,0,25,0.14,90.7,0.1,286,2026-10-20 20:00:00,PT5M,0.0,0.0,0.0,0.0,0.0
0,0,0,0,25,0.14,90.8,0.2,280,2026-10-20 20:05:00,PT5M,0.0,0.0,0.0,0.0,0.0
0,0,0,0,25,0.14,90.9,0.2,277,2026-10-20 20:10:00,PT5M,0.0,0.0,0.0,0.0,0.0
0,0,0,0,25,0.14,91.0,0.3,274,2026-10-20 20:15:00,PT5M,0.0,0.0,0.0,0.0,0.0
0,0,0,0,25,0.14,91.1,0.3,273,2026-10-20 20:20:00,PT5M,0.0,0.0,0.0,0.0,0.0
0,0,0,0,25,0.14,91.2,0.3,271,2026-10-20 20:25:00,PT5M,0.0,0.0,0.0,0.0,0.0
0,0,0,0,25,0.14,91.3,0.4,270,2026-10-20 20:30:00,PT5M,0.0,0.0,0.0,0.0,0.0
0,0,0,0,25,0.14,91.4,0.4,270,2026-10-20 20:35:00,PT5M,0.0,0.0,0.0,0.0,0.0
0,0,0,0,25,0.14,91.5,0.4,270,2026-10-20 20:40:00,PT5M,0.0,0.0,0.0,0.0,0.0
0,0,0,0,25,0.14,91.5,0.4,270,2026-10-20 20:45:00,PT5M,0.0,0.0,0.0,0.0,0.0
0,0,0,0,25,0.14,91.6,0.4,270,2026-10-20 20:50:00,PT5M,0.0,0.0,0.0,0.0,0.0
0,0,0,0,25,0.14,91.7,0.4,270,2026-10-20 20:55:00,PT5M,0.0,0.0,0.0,0.0,0.0
0,0,0,0,25,0.14,91.7,0.4,270,2026-10-20 21:00:00,PT5M,0.0,0.0,0.0,0.0,0.0
0,0,0,0,25,0.14,91.8,0.4,270,2026-10-20 21:05:00,PT5M,0.0,0.0,0.0,0.0,0.0
0,0,0,0,25,0.14,91.8,0.4,270,2026-10-20 21:10:00,PT5M,0.0,0.0,0.0,0.0,0.0
0,0,0,0,25,0.14,91.9,0.4,270,2026-10-20 21:15:00,PT5M,0.0,0.0,0.0,0.0,0.0
0,0,0,0,25,0.14,92.0,0.4,270,2026-10-20 21:20:00,PT5M,0.0,0.0,0.0,0.0,0.0
0,0,0,0,25,0.14,92.0,0.4,270,2026-10-20 21:25:00,PT5M,0.0,0.0,0.0,0.0,0.0
0,0,0,0,25,0.14,92.1,0.4,270,2026-10-20 21:30:00,PT5M,0.0,0.0,0.0,0.0,0.0
0,0,0,0,25,0.14,92.1,0.4,270,2026-10-20 21:35:00,PT5M,0.0,0.0,0.0,0.0,0.0
0,0,0,0,25,0.14,92.2,0.4,270,2026-10-20 21:40:00,PT5M,0.0,0.0,0.0,0.0,0.0
0,0,0,0,25,0.14,92.3,0.4,270,2026-10-20 21:45:00,PT5M,0.0,0.0,0.0,0.0,0.0
0,0,0,0,25,0.14,92.3,0.4,270,2026-10-20 21:50:00,PT5M,0.0,0.0,0.0,0.0,0.0
0,0,0,0,25,0.14,92.4,0.4,270,2026-10-20 21:55:00,PT5M,0.0,0.0,0.0,0.0,0.0
0,0,0,0,25,0.14,92.5,0.4,270,2026-10-20 22:00:00,PT5M,0.0,0.0,0.0,0.0,0.0
0,0,0,0,25,0.14,92.5,0.4,270,2026-10-20 22:05:00,PT5M,0.0,0.0,0.0,0.0,0.0
0,0,0,0,25,0.14,92.6,0.4,270,2026-10-20 22:10:00,PT5M,0.0,0.0,0.0,0.0,0.0
0,0,0,0,25,0.14,92.6,0.4,270,2026-10-20 22:15:00,PT5M,0.0,0.0,0.0,0.0,0.0
0,0,0,0,25,0.14,92.7,0.4,270,2026-10-20 22:20:00,PT5M,0.0,0.0,0.0,0.0,0.0
0,0,0,0,25,0.14,92.8,0.4,270,2026-10-20 22:25:00,PT5M,0.0,0.0,0.0,0.0,0.0
0,0,0,0,25,0.14,92.8,0.4,270,2026-10-20 22:30:00,PT5M,0.0,0.0,0.0,0.0,0.0
0,0,0,0,25,0.14,92.9,0.4,270,2026-10-20 22:35:00,PT5M,0.0,0.0,0.0,0.0,0.0
0,0,0,0,25,0.14,92.9,0.4,270,2026-10-20 22:40:00,PT5M,0.0,0.0,0.0,0.0,0.0
0,0,0,0,25,0.14,93.0,0.4,270,2026-10-20 22:45:00,PT5M,0.0,0.0,0.0,0.0,0.0
0,0,0,0,25,0.14,93.1,0.4,270,2026-10-20 22:50:00,PT5M,0.0,0.0,0.0,0.0,0.0
0,0,0,0,25,0.14,93.1,0.4,270,2026-10-20 22:55:00,PT5M,0.0,0.0,0.0,0.0,0.0
0,0,0,0,25,0.14,93.2,0.4,270,2026-10-20 23:00:00,PT5M,0.0,0.0,0.0,0.0,0.0
0,0,0,0,24,0.14,93.3,0.4,270,2026-10-20 23:05:00,PT5M,0.0,0.0,0.0,0.0,0.0
0,0,0,0,24,0.14,93.3,0.4,270,2026-10-20 23:10:00,PT5M,0.0,0.0,0.0,0.0,0.0
0,0,0,0,24,0.14,93.4,0.4,270,2026-10-20 23:15:00,PT5M,0.0,0.0,0.0,0.0,0.0
0,0,0,0,24,0.14,93.4,0.4,270,2026-10-20 23:20:00,PT5M,0.0,0.0,0.0,0.0,0.0
0,0,0,0,24,0.14,93.5,0.4,270,2026-10-20 23:25:00,PT5M,0.0,0.0,0.0,0.0,0.0
0,0,0,0,24,0.14,93.6,0.4,270,2026-10-20 23:30:00,PT5M,0.0,0.0,0.0,0.0,0.0
0,0,0,0,24,0.14,93.6,0.4,270,2026-10-20 23:35:00,PT5M,0.0,0.0,0.0,0.0,0.0
0,0,0,0,24,0.14,93.6,0.4,269,2026-10-20 23:40:00,PT5M,0.0,0.0,0.0,0.0,0.0
0,0,0,0,24,0.14,93.6,0.4,269,2026-10-20 23:45:00,PT5M,0.0,0.0,0.0,0.0,0.0
0,0,0,0,24,0.14,93.5,0.4,269,2026-10-20 23:50:00,PT5M,0.0,0.0,0.0,0.0,0.0
0,0,0,0,24,0.14,93.5,0.4,268,2026-10-20 23:55:00,PT5M,0.0,0.0,0.0,0.0,0.0
0,0,0,0,24,0.14,93.5,0.4,268,2026-10-21 00:00:00,PT5M,0.0,0.0,0.0,0.0,0.0
0,0,0,0,24,0.14,93.5,0.4,267,2026-10-21 00:05:00,PT5M,0.0,0.0,0.0,0.0,0.0
0,0,0,0,24,0.14,93.5,0.4,267,2026-10-21 00:10:00,PT5M,0.0,0.0,0.0,0.0,0.0
0,0,0,0,24,0.14,93.5,0.4,266,2026-10-21 00:15:00,PT5M,0.0,0.0,0.0,0.0,0.0
0,0,0,0,24,0.14,93.4,0.4,266,2026-10-21 00:20:00,PT5M,0.0,0.0,0.0,0.0,0.0
0,0,0,0,24,0.14,93.4,0.4,266,2026-10-21 00:25:00,PT5M,0.0,0.0,0.0,0.0,0.0
0,0,0,0,24,0.14,93.4,0.4,265,2026-10-21 00:30:00,PT5M,0.0,0.0,0.0,0.0,0.0
0,0,0,0,24,0.14,93.4,0.4,265,2026-10-21 00:35:00,PT5M,0.0,0.0,0.0,0.0,0.0
0,0,0,0,24,0.14,93.4,0.4,264,2026-10-21 00:40:00,PT5M,0.0,0.0,0.0,0.0,0.0
0,0,0,0,24,0.14,93.4,0.4,264,2026-10-21 00:45:00,PT5M,0.0,0.0,0.0,0.0,0.0
0,0,0,0,24,0.14,93.3,0.4,263,2026-10-21 00:50:00,PT5M,0.0,0.0,0.0,0.0,0.0
0,0,0,0,24,0.14,93.3,0.4,263,2026-10-21 00:55:00,PT5M,0.0,0.0,0.0,0.0,0.0
0,0,0,0,24,0.14,93.3,0.4,262,2026-10-21 01:00:00,PT5M,0.0,0.0,0.0,0.0,0.0
0,0,0,0,24,0.14,93.3,0.4,262,2026-10-21 01:05:00,PT5M,0.0,0.0,0.0,0.0,0.0
0,0,0,0,24,0.14,93.3,0.4,261,2026-10-21 01:10:00,PT5M,0.0,0.0,0.0,0.0,0.0
0,0,0,0,24,0.14,93.3,0.3,261,2026-10-21 01:15:00,PT5M,0.0,0.0,0.0,0.0,0.0
0,0,0,0,24,0.14,93.3,0.3,260,2026-10-21 01:20:00,PT5M,0.0,0.0,0.0,0.0,0.0
0,0,0,0,24,0.14,93.2,0.3,260,2026-10-21 01:25:00,PT5M,0.0,0.0,0.0,0.0,0.0
0,0,0,0,24,0.14,93.2,0.3,259,2026-10-21 01:30:00,PT5M,0.0,0.0,0.0,0.0,0.0
0,0,0,0,24,0.14,93.2,0.3,258,2026-10-21 01:35:00,PT5M,0.0,0.0,0.0,0.0,0.0
0,0,0,0,24,0.14,93.2,0.3,258,2026-10-21 01:40:00,PT5M,0.0,0.0,0.0,0.0,0.0
0,0,0,0,24,0.14,93.2,0.3,257,2026-10-21 01:45:00,PT5M,0.0,0.0,0.0,0.0,0.0
0,0,0,0,24,0.14,93.2,0.3,257,2026-10-21 01:50:00,PT5M,0.0,0.0,0.0,0.0,0.0
0,0,0,0,24,0.14,93.1,0.3,256,2026-10-21 01:55:00,PT5M,0.0,0.0,0.0,0.0,0.0
0,0,0,0,24,0.14,93.1,0.3,256,2026-10-21 02:00:00,PT5M,0.0,0.0,0.0,0.0,0.0
0,0,0,0,24,0.14,93.1,0.3,255,2026-10-21 02:05:00,PT5M,0.0,0.0,0.0,0.0,0.0
0,0,0,0,24,0.14,93.1,0.3,254,2026-10-21 02:10:00,PT5M,0.0,0.0,0.0,0.0,0.0
0,0,0,0,24,0.14,93.1,0.3,254,2026-10-21 02:15:00,PT5M,0.0,0.0,0.0,0.0,0.0
0,0,0,0,24,0.14,93.1,0.3,253,2026-10-21 02:20:00,PT5M,0.0,0.0,0.0,0.0,0.0
0,0,0,0,24,0.14,93.0,0.3,253,2026-10-21 02:25:00,PT5M,0.0,0.0,0.0,0.0,0.0
0,0,0,0,24,0.14,93.0,0.3,252,2026-10-21 02:30:00,PT5M,0.0,0.0,0.0,0.0,0.0
0,0,0,0,24,0.14,93.0,0.3,252,2026-10-21 02:35:00,PT5M,0.0,0.0,0.0,0.0,0.0
0,0,0,0,24,0.14,93.1,0.3,254,2026-10-21 02:40:00,PT5M,0.0,0.0,0.0,0.0,0.0
0,0,0,0,24,0.14,93.1,0.3,256,2026-10-21 02:45:00,PT5M,0.0,0.0,0.0,0.0,0.0
0,0,0,0,24,0.14,93.2,0.3,257,2026-10-21 02:50:00,PT5M,0.0,0.0,0.0,0.0,0.0
0,0,0,0,24,0.14,93.2,0.3,259,2026-10-21 02:55:00,PT5M,0.0,0.0,0.0,0.0,0.0
0,0,0,0,24,0.14,93.3,0.3,260,2026-10-21 03:00:00,PT5M,0.0,0.0,0.0,0.0,0.0
0,0,0,0,24,0.14,93.3,0.3,262,2026-10-21 03:05:00,PT5M,0.0,0.0,0.0,0.0,0.0
0,0,0,0,24,0.14,93.4,0.3,263,2026-10-21 03:10:00,PT5M,0.0,0.0,0.0,0.0,0.0
0,0,0,0,24,0.14,93.4,0.3,265,2026-10-21 03:15:00,PT5M,0.0,0.0,0.0,0.0,0.0
0,0,0,0,24,0.14,93.5,0.3,266,2026-10-21 03:20:00,PT5M,0.0,0.0,0.0,0.0,0.0
0,0,0,0,24,0.14,93.5,0.3,268,2026-10-21 03:25:00,PT5M,0.0,0.0,0.0,0.0,0.0
0,0,0,0,24,0.14,93.5,0.3,269,2026-10-21 03:30:00,PT5M,0.0,0.0,0.0,0.0,0.0
0,0,0,0,24,0.14,93.6,0.3,271,2026-10-21 03:35:00,PT5M,0.0,0.0,0.0,0.0,0.0
0,0,0,0,24,0.14,93.6,0.3,272,2026-10-21 03:40:00,PT5M,0.0,0.0,0.0,0.0,0.0
0,0,0,0,24,0.14,93.7,0.3,274,2026-10-21 03:45:00,PT5M,0.0,0.0,0.0,0.0,0.0
0,0,0,0,24,0.14,93.7,0.3,275,2026-10-21 03:50:00,PT5M,0.0,0.0,0.0,0.0,0.0
0,0,0,0,24,0.14,93.8,0.3,276,2026-10-21 03:55:00,PT5M,0.0,0.0,0.0,0.0,0.0
0,0,0,0,24,0.14,93.8,0.4,277,2026-10-21 04:00:00,PT5M,0.0,0.0,0.0,0.0,0.0
0,0,0,0,24,0.14,93.9,0.4,279,2026-10-21 04:05:00,PT5M,0.0,0.0,0.0,0.0,0.0
0,0,0,0,24,0.14,93.9,0.4,280,2026-10-21 04:10:00,PT5M,0.0,0.0,0.0,0.0,0.0
0,0,0,0,24,0.14,94.0,0.4,281,2026-10-21 04:15:00,PT5M,0.0,0.0,0.0,0.0,0.0
0,0,0,0,24,0.14,94.0,0.4,282,2026-10-21 04:20:00,PT5M,0.0,0.0,0.0,0.0,0.0
0,0,0,0,24,0.14,94.1,0.4,284,2026-10-21 04:25:00,PT5M,0.0,0.0,0.0,0.0,0.0
0,0,0,0,24,0.14,94.1,0.4,285,2026-10-21 04:30:00,PT5M,0.0,0.0,0.0,0.0,0.0
0,0,0,0,24,0.14,94.2,0.4,286,2026-10-21 04:35:00,PT5M,0.0,0.0,0.0,0.0,0.0
0,0,0,0,24,0.14,94.2,0.4,287,2026-10-21 04:40:00,PT5M,0.0,0.0,0.0,0.0,0.0
0,0,0,0,24,0.14,94.2,0.4,288,2026-10-21 04:45:00,PT5M,0.0,0.0,0.0,0.0,0.0
0,0,0,0,24,0.14,94.3,0.4,289,2026-10-21 04:50:00,PT5M,0.0,0.0,0.0,0.0,0.0
0,0,0,0,24,0.14,94.3,0.4,290,2026-10-21 04:55:00,PT5M,0.0,0.0,0.0,0.0,0.0
0,0,0,0,24,0.14,94.4,0.4,291,2026-10-21 05:00:00,PT5M,0.0,0.0,0.0,0.0,0.0
0,0,0,0,24,0.14,94.4,0.4,292,2026-10-21 05:05:00,PT5M,0.0,0.0,0.0,0.0,0.0
0,0,0,0,24,0.14,94.5,0.4,293,2026-10-21 05:10:00,PT5M,0.0,0.0,0.0,0.0,0.0
0,0,0,0,24,0.14,94.5,0.4,294,2026-10-21 05:15:00,PT5M,0.0,0.0,0.0,0.0,0.0
0,0,0,0,23,0.14,94.6,0.4,295,2026-10-21 05:20:00,PT5M,0.0,0.0,0.0,0.0,0.0
0,0,0,0,23,0.14,94.6,0.4,295,2026-10-21 05:25:00,PT5M,0.0,0.0,0.0,0.0,0.0
0,0,0,0,23,0.14,94.7,0.4,296,2026-10-21 05:30:00,PT5M,0.0,0.0,0.0,0.0,0.0
0,0,0,0,24,0.14,94.4,0.4,297,2026-10-21 05:35:00,PT5M,0.0,0.0,0.0,0.0,0.0
0,0,0,0,24,0.14,93.8,0.4,297,2026-10-21 05:40:00,PT5M,0.0,0.0,0.0,0.0,0.0
0,0,0,0,24,0.14,93.2,0.4,298,2026-10-21 05:45:00,PT5M,0.0,0.0,0.0,0.0,0.0
0,0,0,0,24,0.14,92.7,0.4,298,2026-10-21 05:50:00,PT5M,0.0,0.0,0.0,0.0,0.0
0,0,0,0,24,0.14,92.1,0.4,299,2026-10-21 05:55:00,PT5M,0.0,0.0,0.0,0.0,0.0
5,5,0,5,24,0.14,91.5,0.4,300,2026-10-21 06:00:00,PT5M,0.0,0.0265,0.0139,0.0,0.0
14,14,0,14,24,0.14,91.0,0.4,300,2026-10-21 06:05:00,PT5M,1.187,1.835,1.528,0.846,0.539
23,23,12,22,24,0.14,90.4,0.3,301,2026-10-21 06:10:00,PT5M,2.504,3.748,3.1587,1.8493,1.26
35,34,46,30,24,0.14,89.9,0.3,302,2026-10-21 06:15:00,PT5M,4.278,6.471,5.4322,3.1238,2.085
49,46,80,38,25,0.14,89.3,0.3,303,2026-10-21 06:20:00,PT5M,6.486,9.872,8.2681,4.7039,3.1
63,60,111,46,25,0.14,88.8,0.3,304,2026-10-21 06:25:00,PT5M,9.155,13.875,11.6392,6.6708,4.435
78,74,145,53,25,0.14,88.2,0.3,305,2026-10-21 06:30:00,PT5M,12.316,18.5445,15.5941,9.0379,6.0875
95,90,179,60,25,0.14,87.7,0.3,306,2026-10-21 06:35:00,PT5M,15.779,23.6135,19.9024,11.6556,7.9445
112,106,213,67,25,0.14,87.1,0.3,307,2026-10-21 06:40:00,PT5M,19.464,28.9295,24.4458,14.4822,9.9985
131,124,246,73,25,0.14,86.6,0.3,309,2026-10-21 06:45:00,PT5M,23.386,34.4745,29.222,17.55,12.2975
149,142,278,78,25,0.14,86.1,0.2,310,2026-10-21 06:50:00,PT5M,27.508,40.2485,34.2134,20.8026,14.7675
169,160,309,83,25,0.14,85.6,0.2,312,2026-10-21 06:55:00,PT5M,31.806,46.28,39.4238,24.1882,17.332
188,179,335,89,26,0.14,85.0,0.2,314,2026-10-21 07:00:00,PT5M,36.118,52.4255,44.7008,27.5352,19.8105
207,197,355,95,26,0.14,84.5,0.2,316,2026-10-21 07:05:00,PT5M,40.377,58.62,49.9784,30.7756,22.134
226,216,374,100,26,0.14,84.0,0.2,318,2026-10-21 07:10:00,PT5M,44.774,65.0215,55.4304,34.1176,24.5265
246,235,393,105,26,0.14,83.5,0.2,321,2026-10-21 07:15:00,PT5M,49.209,71.4885,60.9349,37.4831,26.9295
265,253,410,110,26,0.14,83.0,0.2,324,2026-10-21 07:20:00,PT5M,53.644,78.0195,66.473,40.815,29.2685
284,272,426,115,26,0.14,82.5,0.2,328,2026-10-21 07:25:00,PT5M,58.082,84.516,71.9944,44.1696,31.648
303,291,441,120,26,0.14,82.0,0.2,331,2026-10-21 07:30:00,PT5M,62.525,91.037,77.5311,47.5189,34.013
323,310,455,124,26,0.14,81.5,0.1,336,2026-10-21 07:35:00,PT5M,66.999,97.638,83.1245,50.8735,36.36
342,328,468,128,26,0.14,81.0,0.1,340,2026-10-21 07:40:00,PT5M,70.84,100.0,87.9005,53.7795,38.4245
361,347,481,133,27,0.14,80.5,0.1,346,2026-10-21 07:45:00,PT5M,72.979,100.0,90.3879,55.5701,39.9015
380,366,494,137,27,0.14,80.1,0.1,352,2026-10-21 07:50:00,PT5M,75.017,100.0,92.7488,57.2852,41.326
399,385,506,140,27,0.14,79.6,0.1,358,2026-10-21 07:55:00,PT5M,76.944,100.0,94.9713,58.9167,42.6915
418,403,517,144,27,0.14,79.1,0.1,5,2026-10-21 08:00:00,PT5M,78.751,100.0,97.0425,60.4595,43.9965
437,421,528,147,27,0.14,78.6,0.1,12,2026-10-21 08:05:00,PT5M,80.452,100.0,98.9783,61.9257,45.2515
456,440,539,151,27,0.14,78.2,0.1,18,2026-10-21 08:10:00,PT5M,82.03,100.0,100.0,63.3048,46.4515
474,458,549,154,27,0.14,77.7,0.1,25,2026-10-21 08:15:00,PT5M,83.449,100.0,100.0,64.569,47.5765
492,476,559,156,27,0.14,77.2,0.1,31,2026-10-21 08:20:00,PT5M,84.772,100.0,100.0,65.7944,48.714
510,493,568,159,28,0.14,76.8,0.1,37,2026-10-21 08:25:00,PT5M,85.889,100.0,100.0,66.8425,49.7
528,510,576,162,28,0.14,76.3,0.1,43,2026-10-21 08:30:00,PT5M,86.918,100.0,100.0,67.8225,50.636
545,527,584,165,28,0.14,75.7,0.1,44,2026-10-21 08:35:00,PT5M,87.875,100.0,100.0,68.7535,51.5435
562,544,592,167,28,0.14,75.0,0.2,42,2026-10-21 08:40:00,PT5M,88.765,100.0,100.0,69.6372,52.4215
579,561,599,170,28,0.14,74.3,0.2,40,2026-10-21 08:45:00,PT5M,89.6,100.0,100.0,70.4761,53.264
595,577,606,172,28,0.14,73.6,0.2,39,2026-10-21 08:50:00,PT5M,90.387,100.0,100.0,71.2773,54.078
611,593,613,174,28,0.14,72.8,0.2,38,2026-10-21 08:55:00,PT5M,91.129,100.0,100.0,72.0427,54.8645
627,608,619,177,28,0.14,72.2,0.2,37,2026-10-21 09:00:00,PT5M,91.828,100.0,100.0,72.7467,55.573
643,623,625,179,29,0.14,71.5,0.2,36,2026-10-21 09:05:00,PT5M,92.509,100.0,100.0,73.4743,56.3425
658,639,632,180,29,0.14,70.8,0.2,35,2026-10-21 09:10:00,PT5M,93.22,100.0,100.0,74.2456,57.168
673,654,639,182,29,0.14,70.1,0.3,34,2026-10-21 09:15:00,PT5M,93.894,100.0,100.0,74.9854,57.967
688,669,645,183,29,0.14,69.4,0.3,33,2026-10-21 09:20:00,PT5M,94.536,100.0,100.0,75.7879,58.914
703,683,651,185,29,0.14,68.8,0.3,33,2026-10-21 09:25:00,PT5M,95.146,100.0,100.0,76.5874,59.884
717,697,657,186,29,0.14,68.1,0.3,32,2026-10-21 09:30:00,PT5M,95.726,100.0,100.0,77.3537,60.818
732,711,664,186,29,0.14,67.5,0.3,32,2026-10-21 09:35:00,PT5M,96.345,100.0,100.0,78.1553,61.784
746,725,672,186,30,0.14,66.8,0.3,31,2026-10-21 09:40:00,PT5M,97.001,100.0,100.0,78.9905,62.7805
760,739,680,186,30,0.14,66.2,0.4,31,2026-10-21 09:45:00,PT5M,97.629,100.0,100.0,79.7935,63.741
774,752,688,186,30,0.14,65.6,0.4,31,2026-10-21 09:50:00,PT5M,98.206,100.0,100.0,80.54,64.64
787,765,694,186,30,0.14,65.0,0.4,30,2026-10-21 09:55:00,PT5M,98.726,100.0,100.0,81.221,65.466
799,777,701,185,30,0.14,64.3,0.4,30,2026-10-21 10:00:00,PT5M,99.22,100.0,100.0,81.8708,66.256
811,789,707,185,30,0.14,63.7,0.4,30,2026-10-21 10:05:00,PT5M,99.69,100.0,100.0,82.4916,67.0125
823,801,713,185,30,0.14,63.1,0.4,29,2026-10-21 10:10:00,PT5M,100.0,100.0,100.0,82.9476,67.6
834,812,719,184,30,0.14,62.5,0.4,29,2026-10-21 10:15:00,PT5M,100.0,100.0,100.0,83.089,67.8685
845,822,725,184,31,0.14,61.9,0.5,29,2026-10-21 10:20:00,PT5M,100.0,100.0,100.0,83.2258,68.1285
855,832,731,183,31,0.14,61.4,0.5,29,2026-10-21 10:25:00,PT5M,100.0,100.0,100.0,83.3584,68.3805
865,842,736,182,31,0.14,60.8,0.5,28,2026-10-21 10:30:00,PT5M,100.0,100.0,100.0,83.4869,68.6245
900,876,804,149,31,0.14,60.2,0.5,28,2026-10-21 10:35:00,PT5M,100.0,100.0,100.0,83.6003,68.84
908,883,806,150,31,0.14,59.6,0.5,28,2026-10-21 10:40:00,PT5M,100.0,100.0,100.0,83.6971,69.024
915,891,808,150,31,0.14,59.1,0.5,28,2026-10-21 10:45:00,PT5M,100.0,100.0,100.0,83.7863,69.1935
922,897,809,151,31,0.14,58.5,0.5,28,2026-10-21 10:50:00,PT5M,100.0,100.0,100.0,83.8603,69.334
928,903,811,151,32,0.14,58.0,0.6,28,2026-10-21 10:55:00,PT5M,100.0,100.0,100.0,83.9224,69.452
934,909,812,151,32,0.14,57.4,0.6,27,2026-10-21 11:00:00,PT5M,100.0,100.0,100.0,83.9947,69.5895
939,914,814,151,32,0.14,56.9,0.6,27,2026-10-21 11:05:00,PT5M,100.0,100.0,100.0,84.0668,69.7265
944,919,816,151,32,0.14,56.4,0.6,27,2026-10-21 11:10:00,PT5M,100.0,100.0,100.0,84.1245,69.836
948,923,817,151,32,0.14,55.8,0.6,27,2026-10-21 11:15:00,PT5M,100.0,100.0,100.0,84.1734,69.929
952,927,819,150,32,0.14,55.3,0.6,27,2026-10-21 11:20:00,PT5M,100.0,100.0,100.0,84.215,70.008
955,930,820,150,32,0.14,54.8,0.6,27,2026-10-21 11:25:00,PT5M,100.0,100.0,100.0,84.251,70.0765
958,933,822,150,32,0.14,54.3,0.7,27,2026-10-21 11:30:00,PT5M,100.0,100.0,100.0,84.2805,70.1325
930,907,755,186,33,0.14,54.2,0.7,29,2026-10-21 11:35:00,PT5M,100.0,100.0,100.0,84.2379,70.0515
922,899,734,197,32,0.14,54.7,0.7,35,2026-10-21 11:40:00,PT5M,100.0,100.0,100.0,84.1232,69.8335
914,891,714,208,32,0.14,55.1,0.7,41,2026-10-21 11:45:00,PT5M,100.0,100.0,100.0,84.0018,69.603
905,882,694,218,32,0.14,55.5,0.7,46,2026-10-21 11:50:00,PT5M,99.8,100.0,100.0,83.6739,69.16
895,873,674,229,32,0.14,56.0,0.7,52,2026-10-21 11:55:00,PT5M,98.946,100.0,100.0,82.686,68.0515
885,864,654,238,32,0.14,56.4,0.7,57,2026-10-21 12:00:00,PT5M,98.101,100.0,100.0,81.7007,66.94
874,853,634,248,32,0.14,56.9,0.7,62,2026-10-21 12:05:00,PT5M,97.22,100.0,100.0,80.6726,65.7795
863,843,613,258,32,0.14,57.3,0.8,66,2026-10-21 12:10:00,PT5M,96.303,100.0,100.0,79.6017,64.57
851,831,593,267,32,0.14,57.8,0.8,70,2026-10-21 12:15:00,PT5M,95.36,100.0,100.0,78.4998,63.325
839,820,573,276,32,0.14,58.2,0.8,74,2026-10-21 12:20:00,PT5M,94.392,100.0,100.0,77.3683,62.0465
826,808,553,285,32,0.14,58.7,0.9,77,2026-10-21 12:25:00,PT5M,93.396,100.0,100.0,76.2055,60.7335
813,796,534,293,31,0.14,59.1,0.9,80,2026-10-21 12:30:00,PT5M,92.417,100.0,100.0,75.0554,59.4295
801,783,515,300,31,0.14,59.6,1.0,83,2026-10-21 12:35:00,PT5M,91.423,100.0,100.0,73.8972,58.1235
788,771,498,306,31,0.14,60.1,1.0,86,2026-10-21 12:40:00,PT5M,90.446,100.0,100.0,72.7558,56.834
775,759,482,311,31,0.14,60.6,1.1,88,2026-10-21 12:45:00,PT5M,89.434,100.0,100.0,71.574,55.4995
762,747,465,316,31,0.14,61.0,1.1,90,2026-10-21 12:50:00,PT5M,88.404,100.0,100.0,70.3822,54.162
749,734,449,321,31,0.14,61.5,1.2,92,2026-10-21 12:55:00,PT5M,87.356,100.0,100.0,69.1776,52.8165
735,721,433,325,31,0.14,62.0,1.2,94,2026-10-21 13:00:00,PT5M,86.249,100.0,100.0,67.8982,51.382
721,707,417,329,31,0.14,62.5,1.3,95,2026-10-21 13:05:00,PT5M,85.107,100.0,100.0,66.5799,49.905
707,694,402,332,31,0.14,63.0,1.3,97,2026-10-21 13:10:00,PT5M,83.938,100.0,100.0,65.2325,48.397
693,680,387,334,31,0.14,63.5,1.4,98,2026-10-21 13:15:00,PT5M,82.73,100.0,100.0,63.8445,46.847
679,666,373,336,30,0.14,64.0,1.5,99,2026-10-21 13:20:00,PT5M,81.484,100.0,100.0,62.4177,45.2575
664,652,358,338,30,0.14,64.5,1.5,100,2026-10-21 13:25:00,PT5M,80.124,100.0,99.3721,60.8759,43.552
649,638,344,339,30,0.14,65.0,1.6,102,2026-10-21 13:30:00,PT5M,78.805,100.0,98.2357,59.3743,41.886
633,622,329,340,30,0.14,65.5,1.6,102,2026-10-21 13:35:00,PT5M,77.326,100.0,96.9586,57.6934,40.0235
616,606,312,342,30,0.14,66.1,1.7,103,2026-10-21 13:40:00,PT5M,75.686,100.0,95.5383,55.8337,37.966
599,589,295,342,30,0.14,66.6,1.8,104,2026-10-21 13:45:00,PT5M,74.004,100.0,94.0755,53.9325,35.8675
582,573,279,342,30,0.14,67.1,1.8,105,2026-10-21 13:50:00,PT5M,72.279,100.0,92.5689,51.9891,33.7275
565,556,263,342,30,0.14,67.7,1.9,106,2026-10-21 13:55:00,PT5M,70.501,100.0,91.0107,49.9913,31.532
548,540,247,341,30,0.14,68.2,1.9,106,2026-10-21 14:00:00,PT5M,68.648,100.0,89.3779,47.9181,29.2605
530,523,231,339,30,0.14,68.7,2.0,107,2026-10-21 14:05:00,PT5M,66.756,100.0,87.7046,45.8074,26.953
513,506,216,337,29,0.14,69.3,2.1,108,2026-10-21 14:10:00,PT5M,64.812,100.0,85.9772,43.6468,24.5975
496,489,201,335,29,0.14,69.8,2.1,108,2026-10-21 14:15:00,PT5M,62.85,100.0,84.2294,41.4706,22.2285
478,473,186,331,29,0.14,70.4,2.2,109,2026-10-21 14:20:00,PT5M,60.851,100.0,82.4422,39.2598,19.827
461,456,172,328,29,0.14,71.0,2.2,109,2026-10-21 14:25:00,PT5M,58.818,100.0,80.5532,37.0828,17.5205
444,440,159,324,29,0.14,71.5,2.3,110,2026-10-21 14:30:00,PT5M,56.753,98.1935,78.5634,34.9426,15.3125
432,427,153,318,29,0.14,72.0,2.3,110,2026-10-21 14:35:00,PT5M,55.431,96.836,77.2227,33.6393,14.026
424,420,154,311,29,0.14,72.4,2.3,111,2026-10-21 14:40:00,PT5M,54.881,96.0565,76.552,33.21,13.7055
416,412,156,304,29,0.14,72.7,2.3,112,2026-10-21 14:45:00,PT5M,54.361,95.2435,75.8778,32.8442,13.4785
408,404,158,297,29,0.14,73.1,2.2,113,2026-10-21 14:50:00,PT5M,53.814,94.4455,75.1986,32.4294,13.1825
400,395,160,290,29,0.14,73.5,2.2,114,2026-10-21 14:55:00,PT5M,53.24,93.612,74.4881,31.9919,12.868
391,386,162,282,29,0.14,73.8,2.1,115,2026-10-21 15:00:00,PT5M,52.637,92.7395,73.7432,31.5308,12.5345
382,377,163,275,29,0.14,74.2,2.1,115,2026-10-21 15:05:00,PT5M,51.982,91.7945,72.9356,31.0284,12.1695
372,367,164,267,28,0.14,74.6,2.1,116,2026-10-21 15:10:00,PT5M,51.258,90.7605,72.0484,30.4676,11.7555
362,357,164,260,28,0.14,74.9,2.1,117,2026-10-21 15:15:00,PT5M,50.491,89.6625,71.1072,29.8748,11.3195
352,347,164,252,28,0.14,75.3,2.0,118,2026-10-21 15:20:00,PT5M,49.675,88.488,70.1026,29.2474,10.862
341,336,164,244,28,0.14,75.7,2.0,119,2026-10-21 15:25:00,PT5M,48.787,87.208,69.0082,28.5658,10.366
330,325,164,236,28,0.14,76.1,2.0,120,2026-10-21 15:30:00,PT5M,47.865,85.808,67.8347,27.8953,9.922
319,314,163,228,28,0.14,76.5,1.9,122,2026-10-21 15:35:00,PT5M,46.938,84.326,66.6156,27.2604,9.55
308,303,163,220,28,0.14,76.9,1.9,123,2026-10-21 15:40:00,PT5M,45.993,82.761,65.3443,26.6417,9.225
296,291,163,212,28,0.14,77.2,1.9,124,2026-10-21 15:45:00,PT5M,44.96,81.0405,63.9494,25.9706,8.8795
284,279,162,203,28,0.14,77.6,1.8,125,2026-10-21 15:50:00,PT5M,43.84,79.1755,62.4373,25.2427,8.5045
272,267,160,195,28,0.14,78.0,1.8,126,2026-10-21 15:55:00,PT5M,42.634,77.177,60.8142,24.4538,8.091
260,255,158,186,28,0.14,78.4,1.8,128,2026-10-21 16:00:00,PT5M,41.345,75.053,59.0858,23.6042,7.637
247,242,156,178,28,0.14,78.8,1.8,129,2026-10-21 16:05:00,PT5M,39.889,72.3505,56.9737,22.8043,7.4275
234,230,154,169,27,0.14,79.2,1.7,130,2026-10-21 16:10:00,PT5M,37.878,68.004,53.7335,22.0225,7.752
221,217,151,160,27,0.14,79.6,1.7,132,2026-10-21 16:15:00,PT5M,35.736,63.652,50.4284,21.0436,7.82
208,204,148,151,27,0.14,80.0,1.7,133,2026-10-21 16:20:00,PT5M,33.498,59.239,47.0457,19.9503,7.757
194,190,143,142,27,0.14,80.4,1.7,134,2026-10-21 16:25:00,PT5M,31.179,54.7175,43.5675,18.7905,7.6405
181,177,138,133,27,0.14,80.8,1.7,136,2026-10-21 16:30:00,PT5M,28.784,50.1875,40.0488,17.5192,7.3805
167,163,131,124,27,0.14,81.2,1.6,137,2026-10-21 16:35:00,PT5M,26.276,45.567,36.429,16.123,6.985
153,149,123,115,27,0.14,81.7,1.6,139,2026-10-21 16:40:00,PT5M,23.707,40.922,32.7674,14.6466,6.492
138,135,113,106,27,0.14,82.1,1.6,141,2026-10-21 16:45:00,PT5M,21.123,36.3315,29.1273,13.1187,5.9145
123,121,96,98,27,0.14,82.5,1.6,142,2026-10-21 16:50:00,PT5M,18.325,31.645,25.3354,11.3146,5.005
108,106,79,89,27,0.14,82.9,1.6,144,2026-10-21 16:55:00,PT5M,15.691,27.233,21.7656,9.6164,4.149
94,92,61,80,27,0.14,83.3,1.6,145,2026-10-21 17:00:00,PT5M,13.07,22.9125,18.2502,7.8898,3.2275
80,79,42,71,27,0.14,83.7,1.6,147,2026-10-21 17:05:00,PT5M,10.627,18.799,14.928,6.326,2.455
66,66,22,62,26,0.14,84.2,1.5,149,2026-10-21 17:10:00,PT5M,8.408,14.94,11.8458,4.9702,1.876
53,53,2,53,26,0.14,84.6,1.5,151,2026-10-21 17:15:00,PT5M,6.312,11.299,8.9367,3.6873,1.325
42,42,0,42,26,0.14,85.0,1.5,152,2026-10-21 17:20:00,PT5M,4.796,8.401,6.6933,2.8987,1.191
32,32,0,32,26,0.14,85.5,1.5,154,2026-10-21 17:25:00,PT5M,3.53,5.9685,4.8134,2.2466,1.0915
23,23,0,23,26,0.14,85.9,1.5,156,2026-10-21 17:30:00,PT5M,2.358,3.772,3.1022,1.6138,0.944
14,14,0,14,26,0.14,86.2,1.5,157,2026-10-21 17:35:00,PT5M,1.032,1.752,1.4109,0.6531,0.312
7,7,0,7,26,0.14,86.3,1.5,158,2026-10-21 17:40:00,PT5M,0.196,0.4285,0.3184,0.0736,0.0
1,1,0,1,26,0.14,86.4,1.5,159,2026-10-21 17:45:00,PT5M,0.0,0.0,0.0,0.0,0.0
0,0,0,0,26,0.14,86.6,1.4,160,2026-10-21 17:50:00,PT5M,0.0,0.0,0.0,0.0,0.0
0,0,0,0,26,0.14,86.7,1.4,160,2026-10-21 17:55:00,PT5M,0.0,0.0,0.0,0.0,0.0
0,0,0,0,26,0.14,86.8,1.4,161,2026-10-21 18:00:00,PT5M,0.0,0.0,0.0,0.0,0.0
0,0,0,0,26,0.14,87.0,1.4,162,2026-10-21 18:05:00,PT5M,0.0,0.0,0.0,0.0,0.0
0,0,0,0,26,0.14,87.1,1.4,163,2026-10-21 18:10:00,PT5M,0.0,0.0,0.0,0.0,0.0
0,0,0,0,26,0.14,87.2,1.3,164,2026-10-21 18:15:00,PT5M,0.0,0.0,0.0,0.0,0.0
0,0,0,0,26,0.14,87.3,1.3,165,2026-10-21 18:20:00,PT5M,0.0,0.0,0.0,0.0,0.0
0,0,0,0,26,0.14,87.5,1.3,166,2026-10-21 18:25:00,PT5M,0.0,0.0,0.0,0.0,0.0
0,0,0,0,26,0.14,87.6,1.3,167,2026-10-21 18:30:00,PT5M,0.0,0.0,0.0,0.0,0.0
0,0,0,0,26,0.14,87.7,1.3,168,2026-10-21 18:35:00,PT5M,0.0,0.0,0.0,0.0,0.0
0,0,0,0,26,0.14,87.9,1.2,169,2026-10-21 18:40:00,PT5M,0.0,0.0,0.0,0.0,0.0
0,0,0,0,26,0.14,88.0,1.2,171,2026-10-21 18:45:00,PT5M,0.0,0.0,0.0,0.0,0.0
0,0,0,0,25,0.14,88.1,1.2,172,2026-10-21 18:50:00,PT5M,0.0,0.0,0.0,0.0,0.0
0,0,0,0,25,0.14,88.2,1.2,173,2026-10-21 18:55:00,PT5M,0.0,0.0,0.0,0.0,0.0
0,0,0,0,25,0.14,88.4,1.2,174,2026-10-21 19:00:00,PT5M,0.0,0.0,0.0,0.0,0.0
0,0,0,0,25,0.14,88.5,1.1,176,2026-10-21 19:05:00,PT5M,0.0,0.0,0.0,0.0,0.0
0,0,0,0,25,0.14,88.6,1.1,177,2026-10-21 19:10:00,PT5M,0.0,0.0,0.0,0.0,0.0
0,0,0,0,25,0.14,88.8,1.1,178,2026-10-21 19:15:00,PT5M,0.0,0.0,0.0,0.0,0.0
0,0,0,0,25,0.14,88.9,1.1,180,2026-10-21 19:20:00,PT5M,0.0,0.0,0.0,0.0,0.0
0,0,0,0,25,0.14,89.0,1.1,181,2026-10-21 19:25:00,PT5M,0.0,0.0,0.0,0.0,0.0
0,0,0,0,25,0.14,89.2,1.1,183,2026-10-21 19:30:00,PT5M,0.0,0.0,0.0,0.0,0.0
0,0,0,0,25,0.14,89.3,1.1,184,2026-10-21 19:35:00,PT5M,0.0,0.0,0.0,0.0,0.0
0,0,0,0,25,0.14,89.4,1.1,186,2026-10-21 19:40:00,PT5M,0.0,0.0,0.0,0.0,0.0
0,0,0,0,25,0.14,89.6,1.0,188,2026-10-21 19:45:00,PT5M,0.0,0.0,0.0,0.0,0.0
0,0,0,0,25,0.14,89.7,1.0,189,2026-10-21 19:50:00,PT5M,0.0,0.0,0.0,0.0,0.0
0,0,0,0,25,0.14,89.8,1.0,191,2026-10-21 19:55:00,PT5M,0.0,0.0,0.0,0.0,0.0
0,0,0,0,25,0.14,90.0,1.0,192,2026-10-21 20:00:00,PT5M,0.0,0.0,0.0,0.0,0.0
0,0,0,0,25,0.14,90.1,1.0,194,2026-10-21 20:05:00,PT5M,0.0,0.0,0.0,0.0,0.0
0,0,0,0,25,0.14,90.2,1.0,196,2026-10-21 20:10:00,PT5M,0.0,0.0,0.0,0.0,0.0
0,0,0,0,25,0.14,90.4,1.0,198,2026-10-21 20:15:00,PT5M,0.0,0.0,0.0,0.0,0.0
0,0,0,0,25,0.14,90.5,1.0,199,2026-10-21 20:20:00,PT5M,0.0,0.0,0.0,0.0,0.0
0,0,0,0,25,0.14,90.6,1.0,201,2026-10-21 20:25:00,PT5M,0.0,0.0,0.0,0.0,0.0
0,0,0,0,25,0.14,90.8,1.0,203,2026-10-21 20:30:00,PT5M,0.0,0.0,0.0,0.0,0.0
0,0,0,0,25,0.14,90.9,1.0,204,2026-10-21 20:35:00,PT5M,0.0,0.0,0.0,0.0,0.0
0,0,0,0,25,0.14,90.9,1.0,205,2026-10-21 20:40:00,PT5M,0.0,0.0,0.0,0.0,0.0
0,0,0,0,25,0.14,90.9,1.0,206,2026-10-21 20:45:00,PT5M,0.0,0.0,0.0,0.0,0.0
0,0,0,0,25,0.14,91.0,1.0,206,2026-10-21 20:50:00,PT5M,0.0,0.0,0.0,0.0,0.0
0,0,0,0,25,0.14,91.0,1.0,207,2026-10-21 20:55:00,PT5M,0.0,0.0,0.0,0.0,0.0
0,0,0,0,25,0.14,91.1,1.0,208,2026-10-21 21:00:00,PT5M,0.0,0.0,0.0,0.0,0.0
0,0,0,0,25,0.14,91.1,1.0,209,2026-10-21 21:05:00,PT5M,0.0,0.0,0.0,0.0,0.0
0,0,0,0,25,0.14,91.2,1.0,209,2026-10-21 21:10:00,PT5M,0.0,0.0,0.0,0.0,0.0
0,0,0,0,25,0.14,91.2,1.0,210,2026-10-21 21:15:00,PT5M,0.0,0.0,0.0,0.0,0.0
0,0,0,0,25,0.14,91.3,1.0,211,2026-10-21 21:20:00,PT5M,0.0,0.0,0.0,0.0,0.0
0,0,0,0,25,0.14,91.3,1.0,212,2026-10-21 21:25:00,PT5M,0.0,0.0,0.0,0.0,0.0
0,0,0,0,25,0.14,91.3,1.0,212,2026-10-21 21:30:00,PT5M,0.0,0.0,0.0,0.0,0.0
0,0,0,0,25,0.14,91.4,1.0,213,2026-10-21 21:35:00,PT5M,0.0,0.0,0.0,0.0,0.0
0,0,0,0,24,0.14,91.4,1.0,214,2026-10-21 21:40:00,PT5M,0.0,0.0,0.0,0.0,0.0
0,0,0,0,24,0.14,91.5,1.0,214,2026-10-21 21:45:00,PT5M,0.0,0.0,0.0,0.0,0.0
0,0,0,0,24,0.14,91.5,1.0,215,2026-10-21 21:50:00,PT5M,0.0,0.0,0.0,0.0,0.0
0,0,0,0,24,0.14,91.6,1.0,216,2026-10-21 21:55:00,PT5M,0.0,0.0,0.0,0.0,0.0
0,0,0,0,24,0.14,91.6,1.0,217,2026-10-21 22:00:00,PT5M,0.0,0.0,0.0,0.0,0.0
0,0,0,0,24,0.14,91.7,1.0,217,2026-10-21 22:05:00,PT5M,0.0,0.0,0.0,0.0,0.0
0,0,0,0,24,0.14,91.7,1.0,218,2026-10-21 22:10:00,PT5M,0.0,0.0,0.0,0.0,0.0
0,0,0,0,24,0.14,91.7,1.0,219,2026-10-21 22:15:00,PT5M,0.0,0.0,0.0,0.0,0.0
0,0,0,0,24,0.14,91.8,1.0,219,2026-10-21 22:20:00,PT5M,0.0,0.0,0.0,0.0,0.0
0,0,0,0,24,0.14,91.8,1.0,220,2026-10-21 22:25:00,PT5M,0.0,0.0,0.0,0.0,0.0
0,0,0,0,24,0.14,91.9,1.0,221,2026-10-21 22:30:00,PT5M,0.0,0.0,0.0,0.0,0.0
0,0,0,0,24,0.14,91.9,1.0,221,2026-10-21 22:35:00,PT5M,0.0,0.0,0.0,0.0,0.0
0,0,0,0,24,0.14,92.0,1.0,222,2026-10-21 22:40:00,PT5M,0.0,0.0,0.0,0.0,0.0
0,0,0,0,24,0.14,92.0,1.0,223,2026-10-21 22:45:00,PT5M,0.0,0.0,0.0,0.0,0.0
0,0,0,0,24,0.14,92.1,1.0,223,2026-10-21 22:50:00,PT5M,0.0,0.0,0.0,0.0,0.0
0,0,0,0,24,0.14,92.1,1.0,224,2026-10-21 22:55:00,PT5M,0.0,0.0,0.0,0.0,0.0
0,0,0,0,24,0.14,92.2,1.0,225,2026-10-21 23:00:00,PT5M,0.0,0.0,0.0,0.0,0.0
0,0,0,0,24,0.14,92.2,1.0,225,2026-10-21 23:05:00,PT5M,0.0,0.0,0.0,0.0,0.0
0,0,0,0,24,0.14,92.2,1.0,226,2026-10-21 23:10:00,PT5M,0.0,0.0,0.0,0.0,0.0
0,0,0,0,24,0.14,92.3,1.0,227,2026-10-21 23:15:00,PT5M,0.0,0.0,0.0,0.0,0.0
0,0,0,0,24,0.14,92.3,1.1,227,2026-10-21 23:20:00,PT5M,0.0,0.0,0.0,0.0,0.0
0,0,0,0,24,0.14,92.4,1.1,228,2026-10-21 23:25:00,PT5M,0.0,0.0,0.0,0.0,0.0
0,0,0,0,24,0.14,92.4,1.1,229,2026-10-21 23:30:00,PT5M,0.0,0.0,0.0,0.0,0.0
0,0,0,0,24,0.14,92.5,1.1,229,2026-10-21 23:35:00,PT5M,0.0,0.0,0.0,0.0,0.0
0,0,0,0,24,0.14,92.5,1.1,229,2026-10-21 23:40:00,PT5M,0.0,0.0,0.0,0.0,0.0
0,0,0,0,24,0.14,92.5,1.1,230,2026-10-21 23:45:00,PT5M,0.0,0.0,0.0,0.0,0.0
0,0,0,0,24,0.14,92.6,1.1,230,2026-10-21 23:50:00,PT5M,0.0,0.0,0.0,0.0,0.0
0,0,0,0,24,0.14,92.6,1.0,231,2026-10-21 23:55:00,PT5M,0.0,0.0,0.0,0.0,0.0
0,0,0,0,24,0.14,92.6,1.0,231,2026-10-22 00:00:00,PT5M,0.0,0.0,0.0,0.0,0.0
0,0,0,0,24,0.14,92.6,1.0,232,2026-10-22 00:05:00,PT5M,0.0,0.0,0.0,0.0,0.0
0,0,0,0,24,0.14,92.7,1.0,232,2026-10-22 00:10:00,PT5M,0.0,0.0,0.0,0.0,0.0
0,0,0,0,24,0.14,92.7,1.0,233,2026-10-22 00:15:00,PT5M,0.0,0.0,0.0,0.0,0.0
0,0,0,0,24,0.14,92.7,1.0,233,2026-10-22 00:20:00,PT5M,0.0,0.0,0.0,0.0,0.0
0,0,0,0,24,0.14,92.8,1.0,234,2026-10-22 00:25:00,PT5M,0.0,0.0,0.0,0.0,0.0
0,0,0,0,24,0.14,92.8,1.0,234,2026-10-22 00:30:00,PT5M,0.0,0.0,0.0,0.0,0.0
0,0,0,0,24,0.14,92.8,1.0,234,2026-10-22 00:35:00,PT5M,0.0,0.0,0.0,0.0,0.0
0,0,0,0,24,0.14,92.9,1.0,235,2026-10-22 00:40:00,PT5M,0.0,0.0,0.0,0.0,0.0
0,0,0,0,24,0.14,92.9,1.0,235,2026-10-22 00:45:00,PT5M,0.0,0.0,0.0,0.0,0.0
0,0,0,0,24,0.14,92.9,1.0,236,2026-10-22 00:50:00,PT5M,0.0,0.0,0.0,0.0,0.0
0,0,0,0,24,0.14,93.0,1.0,236,2026-10-22 00:55:00,PT5M,0.0,0.0,0.0,0.0,0.0
0,0,0,0,24,0.14,93.0,1.0,237,2026-10-22 01:00:00,PT5M,0.0,0.0,0.0,0.0,0.0
0,0,0,0,24,0.14,93.0,1.0,237,2026-10-22 01:05:00,PT5M,0.0,0.0,0.0,0.0,0.0
0,0,0,0,24,0.14,93.0,1.0,238,2026-10-22 01:10:00,PT5M,0.0,0.0,0.0,0.0,0.0
0,0,0,0,24,0.14,93.1,1.0,238,2026-10-22 01:15:00,PT5M,0.0,0.0,0.0,0.0,0.0
0,0,0,0,24,0.14,93.1,1.0,239,2026-10-22 01:20:00,PT5M,0.0,0.0,0.0,0.0,0.0
0,0,0,0,24,0.14,93.1,1.0,239,2026-10-22 01:25:00,PT5M,0.0,0.0,0.0,0.0,0.0
0,0,0,0,24,0.14,93.2,1.0,240,2026-10-22 01:30:00,PT5M,0.0,0.0,0.0,0.0,0.0
0,0,0,0,24,0.14,93.2,1.0,240,2026-10-22 01:35:00,PT5M,0.0,0.0,0.0,0.0,0.0
0,0,0,0,24,0.14,93.2,1.0,241,2026-10-22 01:40:00,PT5M,0.0,0.0,0.0,0.0,0.0
0,0,0,0,24,0.14,93.3,1.0,241,2026-10-22 01:45:00,PT5M,0.0,0.0,0.0,0.0,0.0
0,0,0,0,24,0.14,93.3,1.0,242,2026-10-22 01:50:00,PT5M,0.0,0.0,0.0,0.0,0.0
0,0,0,0,24,0.14,93.3,1.0,242,2026-10-22 01:55:00,PT5M,0.0,0.0,0.0,0.0,0.0
0,0,0,0,24,0.14,93.4,1.0,243,2026-10-22 02:00:00,PT5M,0.0,0.0,0.0,0.0,0.0
0,0,0,0,24,0.14,93.4,1.0,243,2026-10-22 02:05:00,PT5M,0.0,0.0,0.0,0.0,0.0
0,0,0,0,24,0.14,93.4,1.0,244,2026-10-22 02:10:00,PT5M,0.0,0.0,0.0,0.0,0.0
0,0,0,0,24,0.14,93.4,1.0,244,2026-10-22 02:15:00,PT5M,0.0,0.0,0.0,0.0,0.0
0,0,0,0,23,0.14,93.5,1.0,245,2026-10-22 02:20:00,PT5M,0.0,0.0,0.0,0.0,0.0
0,0,0,0,23,0.14,93.5,1.0,245,2026-10-22 02:25:00,PT5M,0.0,0.0,0.0,0.0,0.0
0,0,0,0,23,0.14,93.5,1.0,246,2026-10-22 02:30:00,PT5M,0.0,0.0,0.0,0.0,0.0
0,0,0,0,23,0.14,93.6,1.0,246,2026-10-22 02:35:00,PT5M,0.0,0.0,0.0,0.0,0.0
0,0,0,0,23,0.14,93.6,1.0,246,2026-10-22 02:40:00,PT5M,0.0,0.0,0.0,0.0,0.0
0,0,0,0,23,0.14,93.6,1.0,247,2026-10-22 02:45:00,PT5M,0.0,0.0,0.0,0.0,0.0
0,0,0,0,23,0.14,93.6,0.9,247,2026-10-22 02:50:00,PT5M,0.0,0.0,0.0,0.0,0.0
0,0,0,0,23,0.14,93.6,0.9,247,2026-10-22 02:55:00,PT5M,0.0,0.0,0.0,0.0,0.0
0,0,0,0,23,0.14,93.6,0.9,247,2026-10-22 03:00:00,PT5M,0.0,0.0,0.0,0.0,0.0
0,0,0,0,23,0.14,93.5,0.9,248,2026-10-22 03:05:00,PT5M,0.0,0.0,0.0,0.0,0.0
0,0,0,0,23,0.14,93.5,0.9,248,2026-10-22 03:10:00,PT5M,0.0,0.0,0.0,0.0,0.0
0,0,0,0,23,0.14,93.5,0.9,248,2026-10-22 03:15:00,PT5M,0.0,0.0,0.0,0.0,0.0
0,0,0,0,23,0.14,93.5,0.9,249,2026-10-22 03:20:00,PT5M,0.0,0.0,0.0,0.0,0.0
0,0,0,0,23,0.14,93.5,0.9,249,2026-10-22 03:25:00,PT5M,0.0,0.0,0.0,0.0,0.0
0,0,0,0,23,0.14,93.5,0.9,249,2026-10-22 03:30:00,PT5M,0.0,0.0,0.0,0.0,0.0
0,0,0,0,23,0.14,93.5,0.8,250,2026-10-22 03:35:00,PT5M,0.0,0.0,0.0,0.0,0.0
0,0,0,0,23,0.14,93.5,0.8,250,2026-10-22 03:40:00,PT5M,0.0,0.0,0.0,0.0,0.0
0,0,0,0,23,0.14,93.5,0.8,250,2026-10-22 03:45:00,PT5M,0.0,0.0,0.0,0.0,0.0
0,0,0,0,23,0.14,93.5,0.8,251,2026-10-22 03:50:00,PT5M,0.0,0.0,0.0,0.0,0.0
0,0,0,0,23,0.14,93.5,0.8,251,2026-10-22 03:55:00,PT5M,0.0,0.0,0.0,0.0,0.0
0,0,0,0,23,0.14,93.5,0.8,251,2026-10-22 04:00:00,PT5M,0.0,0.0,0.0,0.0,0.0
0,0,0,0,23,0.14,93.5,0.8,252,2026-10-22 04:05:00,PT5M,0.0,0.0,0.0,0.0,0.0
0,0,0,0,23,0.14,93.5,0.8,252,2026-10-22 04:10:00,PT5M,0.0,0.0,0.0,0.0,0.0
0,0,0,0,23,0.14,93.5,0.8,253,2026-10-22 04:15:00,PT5M,0.0,0.0,0.0,0.0,0.0
0,0,0,0,23,0.14,93.5,0.8,253,2026-10-22 04:20:00,PT5M,0.0,0.0,0.0,0.0,0.0
0,0,0,0,23,0.14,93.5,0.7,253,2026-10-22 04:25:00,PT5M,0.0,0.0,0.0,0.0,0.0
0,0,0,0,23,0.14,93.5,0.7,254,2026-10-22 04:30:00,PT5M,0.0,0.0,0.0,0.0,0.0
0,0,0,0,23,0.14,93.5,0.7,254,2026-10-22 04:35:00,PT5M,0.0,0.0,0.0,0.0,0.0
0,0,0,0,23,0.14,93.5,0.7,255,2026-10-22 04:40:00,PT5M,0.0,0.0,0.0,0.0,0.0
0,0,0,0,23,0.14,93.5,0.7,255,2026-10-22 04:45:00,PT5M,0.0,0.0,0.0,0.0,0.0
0,0,0,0,23,0.14,93.5,0.7,256,2026-10-22 04:50:00,PT5M,0.0,0.0,0.0,0.0,0.0
0,0,0,0,23,0.14,93.5,0.7,256,2026-10-22 04:55:00,PT5M,0.0,0.0,0.0,0.0,0.0
0,0,0,0,23,0.14,93.5,0.7,257,2026-10-22 05:00:00,PT5M,0.0,0.0,0.0,0.0,0.0
0,0,0,0,23,0.14,93.5,0.7,257,2026-10-22 05:05:00,PT5M,0.0,0.0,0.0,0.0,0.0
0,0,0,0,23,0.14,93.5,0.7,258,2026-10-22 05:10:00,PT5M,0.0,0.0,0.0,0.0,0.0
0,0,0,0,23,0.14,93.5,0.6,258,2026-10-22 05:15:00,PT5M,0.0,0.0,0.0,0.0,0.0
0,0,0,0,23,0.14,93.5,0.6,259,2026-10-22 05:20:00,PT5M,0.0,0.0,0.0,0.0,0.0
0,0,0,0,23,0.14,93.5,0.6,260,2026-10-22 05:25:00,PT5M,0.0,0.0,0.0,0.0,0.0
0,0,0,0,23,0.14,93.5,0.6,260,2026-10-22 05:30:00,PT5M,0.0,0.0,0.0,0.0,0.0
0,0,0,0,23,0.14,93.2,0.6,261,2026-10-22 05:35:00,PT5M,0.0,0.0,0.0,0.0,0.0
0,0,0,0,23,0.14,92.6,0.6,261,2026-10-22 05:40:00,PT5M,0.0,0.0,0.0,0.0,0.0
0,0,0,0,23,0.14,92.1,0.6,261,2026-10-22 05:45:00,PT5M,0.0,0.0,0.0,0.0,0.0
0,0,0,0,24,0.14,91.5,0.6,261,2026-10-22 05:50:00,PT5M,0.0,0.0,0.0,0.0,0.0
0,0,0,0,24,0.14,90.9,0.6,261,2026-10-22 05:55:00,PT5M,0.0,0.0,0.0,0.0,0.0
5,5,0,5,24,0.14,90.3,0.5,261,2026-10-22 06:00:00,PT5M,0.0,0.027,0.0142,0.0,0.0
14,14,0,14,24,0.14,89.8,0.5,261,2026-10-22 06:05:00,PT5M,1.221,1.878,1.5668,0.8752,0.564
24,24,19,22,24,0.14,89.2,0.5,261,2026-10-22 06:10:00,PT5M,2.58,3.8525,3.2497,1.9103,1.3075
36,35,57,30,24,0.14,88.6,0.5,261,2026-10-22 06:15:00,PT5M,4.477,6.7775,5.6878,3.2662,2.1765
50,48,96,38,24,0.14,88.1,0.5,262,2026-10-22 06:20:00,PT5M,6.874,10.429,8.745,5.003,3.319
65,61,128,45,24,0.14,87.5,0.5,262,2026-10-22 06:25:00,PT5M,9.648,14.61,12.2595,7.0365,4.686
81,76,164,52,25,0.14,87.0,0.5,262,2026-10-22 06:30:00,PT5M,12.965,19.512,16.4107,9.5193,6.418
98,92,201,59,25,0.14,86.4,0.5,262,2026-10-22 06:35:00,PT5M,16.593,24.8235,20.9248,12.2612,8.3625
116,109,236,65,25,0.14,85.9,0.5,262,2026-10-22 06:40:00,PT5M,20.515,30.4485,25.7431,15.2869,10.5815
134,127,271,71,25,0.14,85.3,0.4,262,2026-10-22 06:45:00,PT5M,24.564,36.182,30.6786,18.4494,12.946
154,145,304,76,25,0.14,84.8,0.4,262,2026-10-22 06:50:00,PT5M,28.768,42.0985,35.7839,21.7521,15.4375
174,164,337,80,25,0.14,84.3,0.4,263,2026-10-22 06:55:00,PT5M,33.208,48.333,41.1684,25.2476,18.083
193,183,363,85,25,0.14,83.8,0.4,263,2026-10-22 07:00:00,PT5M,37.671,54.6895,46.628,28.714,20.6525
212,201,383,91,25,0.14,83.2,0.4,263,2026-10-22 07:05:00,PT5M,42.036,61.0775,52.0577,32.0143,22.9945
232,220,403,95,26,0.14,82.7,0.4,263,2026-10-22 07:10:00,PT5M,46.501,67.577,57.5934,35.4086,25.425
251,239,421,100,26,0.14,82.2,0.4,263,2026-10-22 07:15:00,PT5M,50.997,74.131,63.1726,38.8214,27.863
270,258,438,105,26,0.14,81.7,0.4,264,2026-10-22 07:20:00,PT5M,55.488,80.6925,68.7533,42.2227,30.2835
290,277,453,109,26,0.14,81.2,0.4,264,2026-10-22 07:25:00,PT5M,59.975,87.2585,74.3345,45.6155,32.6915
309,295,468,114,26,0.14,80.7,0.3,264,2026-10-22 07:30:00,PT5M,64.465,93.844,79.9274,49.0026,35.086
328,314,482,118,26,0.14,80.2,0.3,264,2026-10-22 07:35:00,PT5M,68.987,100.0,85.5754,52.3986,37.4685
348,333,495,122,26,0.14,79.7,0.3,265,2026-10-22 07:40:00,PT5M,72.843,100.0,90.3601,55.3259,39.56
367,352,508,126,26,0.14,79.2,0.3,265,2026-10-22 07:45:00,PT5M,74.909,100.0,92.7448,57.0732,41.0205
386,371,520,130,27,0.14,78.7,0.3,265,2026-10-22 07:50:00,PT5M,76.877,100.0,95.0054,58.7486,42.4325
405,389,531,133,27,0.14,78.2,0.3,266,2026-10-22 07:55:00,PT5M,78.738,100.0,97.1319,60.3441,43.789
424,408,542,137,27,0.14,77.7,0.3,266,2026-10-22 08:00:00,PT5M,80.479,100.0,99.1071,61.8509,45.085
443,426,553,140,27,0.14,77.3,0.3,267,2026-10-22 08:05:00,PT5M,82.186,100.0,100.0,63.3534,46.4035
461,445,563,143,27,0.14,76.8,0.3,267,2026-10-22 08:10:00,PT5M,83.695,100.0,100.0,64.6948,47.594
480,463,573,145,27,0.14,76.3,0.2,268,2026-10-22 08:15:00,PT5M,85.045,100.0,100.0,65.9224,48.7115
498,481,583,148,27,0.14,75.8,0.2,268,2026-10-22 08:20:00,PT5M,86.232,100.0,100.0,67.0452,49.7765
516,498,592,151,27,0.14,75.4,0.2,269,2026-10-22 08:25:00,PT5M,87.287,100.0,100.0,68.0652,50.765
534,515,600,153,28,0.14,74.9,0.2,270,2026-10-22 08:30:00,PT5M,88.255,100.0,100.0,69.0179,51.704
551,533,609,155,28,0.14,74.3,0.2,273,2026-10-22 08:35:00,PT5M,89.228,100.0,100.0,69.9859,52.6675
569,550,618,157,28,0.14,73.6,0.2,280,2026-10-22 08:40:00,PT5M,90.21,100.0,100.0,70.9364,53.5895
587,567,628,158,28,0.14,72.8,0.2,288,2026-10-22 08:45:00,PT5M,91.137,100.0,100.0,71.8734,54.5355
604,584,637,160,28,0.14,72.1,0.1,297,2026-10-22 08:50:00,PT5M,92.014,100.0,100.0,72.7691,55.448
621,601,646,161,28,0.14,71.4,0.1,308,2026-10-22 08:55:00,PT5M,92.845,100.0,100.0,73.6264,56.329
638,617,654,162,28,0.14,70.6,0.1,319,2026-10-22 09:00:00,PT5M,93.634,100.0,100.0,74.4485,57.181
654,633,662,163,29,0.14,69.9,0.1,330,2026-10-22 09:05:00,PT5M,94.377,100.0,100.0,75.2386,58.0135
670,649,671,164,29,0.14,69.2,0.2,340,2026-10-22 09:10:00,PT5M,95.146,100.0,100.0,76.1337,59.022
687,665,679,164,29,0.14,68.5,0.2,348,2026-10-22 09:15:00,PT5M,95.881,100.0,100.0,77.0476,60.097
702,681,687,165,29,0.14,67.9,0.2,355,2026-10-22 09:20:00,PT5M,96.585,100.0,100.0,77.9269,61.134
718,696,695,165,29,0.14,67.2,0.2,1,2026-10-22 09:25:00,PT5M,97.258,100.0,100.0,78.7712,62.1325
733,711,703,165,29,0.14,66.5,0.2,6,2026-10-22 09:30:00,PT5M,97.902,100.0,100.0,79.5823,63.094
775,751,784,133,29,0.14,65.8,0.2,10,2026-10-22 09:35:00,PT5M,100.0,100.0,100.0,81.8524,65.519
788,764,787,134,30,0.14,65.2,0.3,13,2026-10-22 09:40:00,PT5M,100.0,100.0,100.0,82.0295,65.8555
801,776,790,135,30,0.14,64.5,0.3,16,2026-10-22 09:45:00,PT5M,100.0,100.0,100.0,82.2027,66.1845
813,789,793,136,30,0.14,63.9,0.3,19,2026-10-22 09:50:00,PT5M,100.0,100.0,100.0,82.3708,66.504
825,800,796,137,30,0.14,63.3,0.3,21,2026-10-22 09:55:00,PT5M,100.0,100.0,100.0,82.5298,66.806
837,812,798,139,30,0.14,62.6,0.4,22,2026-10-22 10:00:00,PT5M,100.0,100.0,100.0,82.6832,67.0975
848,823,801,139,30,0.14,62.0,0.4,24,2026-10-22 10:05:00,PT5M,100.0,100.0,100.0,82.8329,67.382
858,833,804,140,30,0.14,61.4,0.4,25,2026-10-22 10:10:00,PT5M,100.0,100.0,100.0,82.9784,67.6585
868,843,807,141,31,0.14,60.8,0.4,26,2026-10-22 10:15:00,PT5M,100.0,100.0,100.0,83.1192,67.926
878,853,809,141,31,0.14,60.2,0.5,28,2026-10-22 10:20:00,PT5M,100.0,100.0,100.0,83.2555,68.185
887,862,812,142,31,0.14,59.6,0.5,28,2026-10-22 10:25:00,PT5M,100.0,100.0,100.0,83.3876,68.436
896,871,814,142,31,0.14,59.0,0.5,29,2026-10-22 10:30:00,PT5M,100.0,100.0,100.0,83.5155,68.679
904,879,816,143,31,0.14,58.4,0.6,30,2026-10-22 10:35:00,PT5M,100.0,100.0,100.0,83.639,68.9135
912,886,818,143,31,0.14,57.8,0.6,31,2026-10-22 10:40:00,PT5M,100.0,100.0,100.0,83.7571,69.138
919,893,820,143,31,0.14,57.3,0.6,31,2026-10-22 10:45:00,PT5M,100.0,100.0,100.0,83.8676,69.348
926,900,821,144,32,0.14,56.7,0.6,32,2026-10-22 10:50:00,PT5M,100.0,100.0,100.0,83.9629,69.529
932,906,823,144,32,0.14,56.1,0.7,33,2026-10-22 10:55:00,PT5M,100.0,100.0,100.0,84.0474,69.6895
938,912,824,144,32,0.14,55.6,0.7,33,2026-10-22 11:00:00,PT5M,100.0,100.0,100.0,84.1424,69.87
943,917,825,145,32,0.14,55.1,0.7,34,2026-10-22 11:05:00,PT5M,100.0,100.0,100.0,84.2363,70.0485
948,921,826,145,32,0.14,54.5,0.7,34,2026-10-22 11:10:00,PT5M,100.0,100.0,100.0,84.3147,70.1975
952,926,827,145,32,0.14,54.0,0.8,34,2026-10-22 11:15:00,PT5M,100.0,100.0,100.0,84.3847,70.3305
955,929,828,145,32,0.14,53.4,0.8,35,2026-10-22 11:20:00,PT5M,100.0,100.0,100.0,84.4476,70.45
958,932,829,146,33,0.14,52.9,0.8,35,2026-10-22 11:25:00,PT5M,100.0,100.0,100.0,84.5047,70.5585
961,934,829,146,33,0.14,52.4,0.8,35,2026-10-22 11:30:00,PT5M,100.0,100.0,100.0,84.5555,70.655
932,907,758,185,33,0.14,52.4,0.8,38,2026-10-22 11:35:00,PT5M,100.0,100.0,100.0,84.4768,70.5055
921,897,732,199,33,0.14,52.9,0.8,43,2026-10-22 11:40:00,PT5M,100.0,100.0,100.0,84.2687,70.11
910,886,706,213,33,0.14,53.4,0.8,49,2026-10-22 11:45:00,PT5M,100.0,100.0,100.0,84.0545,69.703
898,875,680,226,32,0.14,53.9,0.8,54,2026-10-22 11:50:00,PT5M,99.039,100.0,100.0,82.8737,68.3245
886,864,655,239,32,0.14,54.4,0.8,60,2026-10-22 11:55:00,PT5M,97.96,100.0,100.0,81.57,66.8185
873,852,630,251,32,0.14,54.9,0.8,65,2026-10-22 12:00:00,PT5M,96.886,100.0,100.0,80.2663,65.308
860,839,605,263,32,0.14,55.4,0.9,71,2026-10-22 12:05:00,PT5M,95.79,100.0,100.0,78.9366,63.768
847,827,581,274,32,0.14,55.9,0.9,76,2026-10-22 12:10:00,PT5M,94.67,100.0,100.0,77.579,62.1965
833,814,557,284,32,0.14,56.5,0.9,80,2026-10-22 12:15:00,PT5M,93.524,100.0,100.0,76.1922,60.593
818,800,534,294,32,0.14,57.0,1.0,84,2026-10-22 12:20:00,PT5M,92.395,100.0,100.0,74.8198,59.0015
804,786,512,303,31,0.14,57.5,1.0,88,2026-10-22 12:25:00,PT5M,91.197,100.0,100.0,73.377,57.3385
789,772,489,312,31,0.14,58.1,1.0,92,2026-10-22 12:30:00,PT5M,89.97,100.0,100.0,71.9029,55.642
774,758,467,320,31,0.14,58.6,1.1,95,2026-10-22 12:35:00,PT5M,88.71,100.0,100.0,70.4045,53.929
759,743,446,327,31,0.14,59.2,1.1,98,2026-10-22 12:40:00,PT5M,87.406,100.0,100.0,68.8645,52.1765
743,728,425,334,31,0.14,59.8,1.2,101,2026-10-22 12:45:00,PT5M,86.063,100.0,100.0,67.283,50.3805
727,713,405,340,31,0.14,60.3,1.3,103,2026-10-22 12:50:00,PT5M,84.704,100.0,100.0,65.6954,48.587
711,698,385,345,31,0.14,60.9,1.3,105,2026-10-22 12:55:00,PT5M,83.323,100.0,100.0,64.092,46.7835
695,682,365,350,30,0.14,61.5,1.4,107,2026-10-22 13:00:00,PT5M,81.879,100.0,100.0,62.4138,44.8945
678,667,346,353,30,0.14,62.1,1.5,109,2026-10-22 13:05:00,PT5M,80.328,100.0,100.0,60.6273,42.896
662,651,328,357,30,0.14,62.7,1.5,111,2026-10-22 13:10:00,PT5M,78.8,100.0,98.736,58.864,40.921
645,635,310,359,30,0.14,63.3,1.6,113,2026-10-22 13:15:00,PT5M,77.233,100.0,97.4027,57.0633,38.91
629,619,292,361,30,0.14,63.9,1.7,114,2026-10-22 13:20:00,PT5M,75.627,100.0,96.0282,55.2258,36.864
612,603,275,363,30,0.14,64.5,1.7,115,2026-10-22 13:25:00,PT5M,73.984,100.0,94.6147,53.3533,34.785
595,587,258,363,30,0.14,65.1,1.8,116,2026-10-22 13:30:00,PT5M,72.303,100.0,93.1608,51.4452,32.6725
579,571,242,363,29,0.14,65.7,1.9,118,2026-10-22 13:35:00,PT5M,70.583,100.0,91.674,49.492,30.5095
562,554,226,363,29,0.14,66.3,1.9,119,2026-10-22 13:40:00,PT5M,68.824,100.0,90.1536,47.4944,28.297
545,538,211,362,29,0.14,67.0,2.0,120,2026-10-22 13:45:00,PT5M,66.992,100.0,88.5572,45.4268,26.0175
528,522,196,360,29,0.14,67.6,2.1,120,2026-10-22 13:50:00,PT5M,65.161,100.0,86.958,43.364,23.746
511,506,181,358,29,0.14,68.3,2.2,121,2026-10-22 13:55:00,PT5M,63.275,100.0,85.3017,41.2483,21.4235
494,489,167,355,29,0.14,68.9,2.2,122,2026-10-22 14:00:00,PT5M,61.33,100.0,83.5836,39.0764,19.0475
477,473,153,352,29,0.14,69.6,2.3,123,2026-10-22 14:05:00,PT5M,59.355,100.0,81.8307,36.8793,16.6505
461,457,139,348,28,0.14,70.3,2.4,123,2026-10-22 14:10:00,PT5M,57.35,100.0,80.043,34.657,14.2325
444,440,126,343,28,0.14,70.9,2.5,124,2026-10-22 14:15:00,PT5M,55.317,98.8405,78.2237,32.4103,11.7935
428,424,114,339,28,0.14,71.6,2.5,125,2026-10-22 14:20:00,PT5M,53.259,97.199,76.3849,30.1331,9.319
411,408,101,333,28,0.14,72.3,2.6,125,2026-10-22 14:25:00,PT5M,51.348,95.6925,74.6868,28.0092,7.0035
395,393,90,327,28,0.14,73.0,2.7,126,2026-10-22 14:30:00,PT5M,49.255,93.988,72.7983,25.7117,4.522
381,379,80,321,28,0.14,73.5,2.7,126,2026-10-22 14:35:00,PT5M,47.408,92.2145,70.99,23.826,2.6015
368,366,74,315,28,0.14,73.6,2.6,127,2026-10-22 14:40:00,PT5M,45.829,90.589,69.3865,22.2715,1.069
356,354,68,308,28,0.14,73.8,2.6,127,2026-10-22 14:45:00,PT5M,44.259,88.951,67.7807,20.7373,0.0
344,342,61,301,28,0.14,74.0,2.5,127,2026-10-22 14:50:00,PT5M,42.662,87.264,66.1364,19.1876,0.0
331,330,55,294,28,0.14,74.1,2.5,128,2026-10-22 14:55:00,PT5M,41.037,85.526,64.4519,17.6221,0.0
319,318,49,286,28,0.14,74.3,2.4,128,2026-10-22 15:00:00,PT5M,39.387,83.678,62.6977,16.0763,0.0
307,306,43,279,28,0.14,74.5,2.3,128,2026-10-22 15:05:00,PT5M,37.692,81.807,60.91,14.474,0.0
294,294,37,271,28,0.14,74.6,2.3,129,2026-10-22 15:10:00,PT5M,35.94,79.84,59.0449,12.8351,0.0
282,282,30,264,28,0.14,74.8,2.2,129,2026-10-22 15:15:00,PT5M,34.52,78.168,57.4923,11.5477,0.0
269,269,24,256,28,0.14,75.0,2.2,130,2026-10-22 15:20:00,PT5M,32.702,76.054,55.5185,9.8855,0.0
257,257,18,247,28,0.14,75.2,2.1,130,2026-10-22 15:25:00,PT5M,30.847,73.853,53.4814,8.2126,0.0
245,245,11,239,28,0.14,75.3,2.1,131,2026-10-22 15:30:00,PT5M,29.024,71.5885,51.426,6.622,0.0
233,233,5,231,28,0.14,75.5,2.0,131,2026-10-22 15:35:00,PT5M,27.2,69.2335,49.3225,5.0775,0.0
220,221,0,221,27,0.14,75.7,1.9,132,2026-10-22 15:40:00,PT5M,25.474,66.893,47.2731,3.6749,0.0
209,209,0,209,27,0.14,75.9,1.9,133,2026-10-22 15:45:00,PT5M,24.113,64.8345,45.545,2.681,0.0
197,198,0,198,27,0.14,76.0,1.8,133,2026-10-22 15:50:00,PT5M,22.757,62.708,43.7835,1.7305,0.0
185,186,0,186,27,0.14,76.2,1.8,134,2026-10-22 15:55:00,PT5M,21.408,60.5225,41.9942,0.8218,0.0
174,174,0,174,27,0.14,76.4,1.7,135,2026-10-22 16:00:00,PT5M,20.067,58.285,40.1814,0.0,0.0
163,163,0,163,27,0.14,76.6,1.7,135,2026-10-22 16:05:00,PT5M,18.879,55.683,38.2492,0.0,0.0
152,152,0,152,27,0.14,76.7,1.6,136,2026-10-22 16:10:00,PT5M,17.832,52.217,35.9291,0.0,0.0
141,141,0,141,27,0.14,76.9,1.6,137,2026-10-22 16:15:00,PT5M,16.679,48.7015,33.5327,0.0,0.0
130,130,0,130,27,0.14,77.1,1.5,138,2026-10-22 16:20:00,PT5M,15.487,45.161,31.1046,0.0,0.0
119,120,0,120,27,0.14,77.3,1.5,139,2026-10-22 16:25:00,PT5M,14.28,41.618,28.6682,0.0,0.0
109,109,0,109,27,0.14,77.4,1.4,140,2026-10-22 16:30:00,PT5M,13.06,38.0155,26.1943,0.0,0.0
99,99,0,99,27,0.14,77.6,1.3,142,2026-10-22 16:35:00,PT5M,11.828,32.808,22.8699,0.7861,0.0
89,89,0,89,27,0.14,77.8,1.3,143,2026-10-22 16:40:00,PT5M,10.61,29.399,20.4988,0.7212,0.0
79,80,0,80,27,0.14,78.0,1.2,144,2026-10-22 16:45:00,PT5M,9.409,26.0225,18.1528,0.6652,0.0
70,70,0,70,27,0.14,78.2,1.2,146,2026-10-22 16:50:00,PT5M,8.209,22.5655,15.7649,0.6531,0.0
60,60,0,60,27,0.14,78.3,1.1,147,2026-10-22 16:55:00,PT5M,7.072,19.335,13.5261,0.6179,0.0
51,52,0,52,27,0.14,78.5,1.1,149,2026-10-22 17:00:00,PT5M,5.888,16.112,11.269,0.507,0.0
43,43,0,43,27,0.14,78.7,1.1,151,2026-10-22 17:05:00,PT5M,4.846,13.1955,9.2404,0.4516,0.0
36,36,0,36,27,0.14,78.9,1.0,153,2026-10-22 17:10:00,PT5M,3.917,10.513,7.3885,0.4455,0.0
28,29,0,29,27,0.14,79.1,1.0,156,2026-10-22 17:15:00,PT5M,3.003,7.928,5.5951,0.4109,0.0
22,22,0,22,27,0.14,79.3,0.9,158,2026-10-22 17:20:00,PT5M,2.164,5.671,4.0098,0.3182,0.0
17,17,0,17,27,0.14,79.4,0.9,161,2026-10-22 17:25:00,PT5M,1.465,3.845,2.7176,0.2124,0.0
11,12,0,12,27,0.14,79.6,0.8,164,2026-10-22 17:30:00,PT5M,0.829,2.265,1.5848,0.0732,0.0
7,7,0,7,27,0.14,79.8,0.8,166,2026-10-22 17:35:00,PT5M,0.138,0.7675,0.4693,0.0,0.0
3,3,0,3,27,0.14,79.9,0.8,165,2026-10-22 17:40:00,PT5M,0.0,0.1395,0.0734,0.0,0.0
0,0,0,0,27,0.14,80.1,0.8,164,2026-10-22 17:45:00,PT5M,0.0,0.0,0.0,0.0,0.0
0,0,0,0,27,0.14,80.3,0.8,163,2026-10-22 17:50:00,PT5M,0.0,0.0,0.0,0.0,0.0
0,0,0,0,27,0.14,80.4,0.8,162,2026-10-22 17:55:00,PT5M,0.0,0.0,0.0,0.0,0.0
0,0,0,0,27,0.14,80.6,0.8,162,2026-10-22 18:00:00,PT5M,0.0,0.0,0.0,0.0,0.0
0,0,0,0,27,0.14,80.7,0.8,161,2026-10-22 18:05:00,PT5M,0.0,0.0,0.0,0.0,0.0
0,0,0,0,27,0.14,80.9,0.8,160,2026-10-22 18:10:00,PT5M,0.0,0.0,0.0,0.0,0.0
0,0,0,0,27,0.14,81.0,0.8,159,2026-10-22 18:15:00,PT5M,0.0,0.0,0.0,0.0,0.0
0,0,0,0,26,0.14,81.2,0.7,158,2026-10-22 18:20:00,PT5M,0.0,0.0,0.0,0.0,0.0
0,0,0,0,26,0.14,81.4,0.7,157,2026-10-22 18:25:00,PT5M,0.0,0.0,0.0,0.0,0.0
0,0,0,0,26,0.14,81.5,0.7,156,2026-10-22 18:30:00,PT5M,0.0,0.0,0.0,0.0,0.0
0,0,0,0,26,0.14,81.7,0.7,155,2026-10-22 18:35:00,PT5M,0.0,0.0,0.0,0.0,0.0
0,0,0,0,26,0.14,81.8,0.7,154,2026-10-22 18:40:00,PT5M,0.0,0.0,0.0,0.0,0.0
0,0,0,0,26,0.14,82.0,0.7,153,2026-10-22 18:45:00,PT5M,0.0,0.0,0.0,0.0,0.0
0,0,0,0,26,0.14,82.2,0.7,152,2026-10-22 18:50:00,PT5M,0.0,0.0,0.0,0.0,0.0
0,0,0,0,26,0.14,82.3,0.7,151,2026-10-22 18:55:00,PT5M,0.0,0.0,0.0,0.0,0.0
0,0,0,0,26,0.14,82.5,0.7,150,2026-10-22 19:00:00,PT5M,0.0,0.0,0.0,0.0,0.0
0,0,0,0,26,0.14,82.7,0.7,149,2026-10-22 19:05:00,PT5M,0.0,0.0,0.0,0.0,0.0
0,0,0,0,26,0.14,82.8,0.7,148,2026-10-22 19:10:00,PT5M,0.0,0.0,0.0,0.0,0.0
0,0,0,0,26,0.14,83.0,0.7,147,2026-10-22 19:15:00,PT5M,0.0,0.0,0.0,0.0,0.0
0,0,0,0,26,0.14,83.1,0.7,146,2026-10-22 19:20:00,PT5M,0.0,0.0,0.0,0.0,0.0
0,0,0,0,26,0.14,83.3,0.7,145,2026-10-22 19:25:00,PT5M,0.0,0.0,0.0,0.0,0.0
0,0,0,0,26,0.14,83.5,0.7,144,2026-10-22 19:30:00,PT5M,0.0,0.0,0.0,0.0,0.0
0,0,0,0,26,0.14,83.6,0.7,143,2026-10-22 19:35:00,PT5M,0.0,0.0,0.0,0.0,0.0
0,0,0,0,26,0.14,83.8,0.7,141,2026-10-22 19:40:00,PT5M,0.0,0.0,0.0,0.0,0.0
0,0,0,0,26,0.14,84.0,0.7,140,2026-10-22 19:45:00,PT5M,0.0,0.0,0.0,0.0,0.0
0,0,0,0,26,0.14,84.1,0.7,139,2026-10-22 19:50:00,PT5M,0.0,0.0,0.0,0.0,0.0
0,0,0,0,26,0.14,84.3,0.7,138,2026-10-22 19:55:00,PT5M,0.0,0.0,0.0,0.0,0.0
0,0,0,0,26,0.14,84.5,0.6,137,2026-10-22 20:00:00,PT5M,0.0,0.0,0.0,0.0,0.0
0,0,0,0,26,0.14,84.6,0.6,135,2026-10-22 20:05:00,PT5M,0.0,0.0,0.0,0.0,0.0
0,0,0,0,26,0.14,84.8,0.6,134,2026-10-22 20:10:00,PT5M,0.0,0.0,0.0,0.0,0.0
0,0,0,0,26,0.14,85.0,0.6,133,2026-10-22 20:15:00,PT5M,0.0,0.0,0.0,0.0,0.0
0,0,0,0,26,0.14,85.1,0.6,132,2026-10-22 20:20:00,PT5M,0.0,0.0,0.0,0.0,0.0
0,0,0,0,26,0.14,85.3,0.6,131,2026-10-22 20:25:00,PT5M,0.0,0.0,0.0,0.0,0.0
0,0,0,0,25,0.14,85.5,0.6,129,2026-10-22 20:30:00,PT5M,0.0,0.0,0.0,0.0,0.0
0,0,0,0,25,0.14,85.6,0.6,128,2026-10-22 20:35:00,PT5M,,,,,
