gti,ghi,dni,dhi,air_temp,albedo,relative_humidity,wind_speed_10m,wind_direction_10m,period_end,period,power,power_p10,power_p25,power_p75,power_p90
0,0,0,0,25,0.15,87.2,0.2,257,2026-09-14 05:20:00,PT5M,0.0,0.0,0.0,0.0,0.0
0,0,0,0,25,0.15,87.1,0.2,261,2026-09-14 05:25:00,PT5M,0.0,0.0,0.0,0.0,0.0
0,0,0,0,25,0.15,87.1,0.1,266,2026-09-14 05:30:00,PT5M,0.0,0.0,0.0,0.0,0.0
0,0,0,0,25,0.15,87.0,0.1,263,2026-09-14 05:35:00,PT5M,0.0,0.0,0.0,0.0,0.0
0,0,0,0,25,0.15,86.7,0.1,247,2026-09-14 05:40:00,PT5M,0.0,0.0,0.0,0.0,0.0
0,0,0,0,25,0.15,86.5,0.1,232,2026-09-14 05:45:00,PT5M,0.0,0.0,0.0,0.0,0.0
0,0,0,0,25,0.15,86.3,0.1,219,2026-09-14 05:50:00,PT5M,0.0,0.0,0.0,0.0,0.0
0,0,0,0,25,0.15,86.1,0.1,209,2026-09-14 05:55:00,PT5M,0.0,0.0,0.0,0.0,0.0
0,0,0,0,25,0.15,85.9,0.1,202,2026-09-14 06:00:00,PT5M,0.0,0.0,0.0,0.0,0.0
1,1,0,1,25,0.15,85.7,0.2,196,2026-09-14 06:05:00,PT5M,0.0,0.0,0.0,0.0,0.0
2,2,0,2,25,0.15,85.5,0.2,191,2026-09-14 06:10:00,PT5M,0.0,0.0,0.0,0.0,0.0
3,3,0,3,25,0.15,85.2,0.2,188,2026-09-14 06:15:00,PT5M,0.0,0.0,0.0,0.0,0.0
4,4,0,4,25,0.15,85.0,0.2,185,2026-09-14 06:20:00,PT5M,0.0,0.0185,0.0097,0.0,0.0
5,5,0,5,25,0.15,84.8,0.3,183,2026-09-14 06:25:00,PT5M,0.0,0.123,0.0647,0.0,0.0
7,7,0,7,25,0.15,84.6,0.3,181,2026-09-14 06:30:00,PT5M,0.112,0.35,0.2373,0.0,0.0
8,8,0,8,25,0.15,84.1,0.3,178,2026-09-14 06:35:00,PT5M,0.26,0.618,0.4484,0.0716,0.0
10,10,0,10,26,0.15,83.3,0.3,176,2026-09-14 06:40:00,PT5M,0.454,0.9525,0.7164,0.1916,0.0
12,12,0,12,26,0.15,82.4,0.4,173,2026-09-14 06:45:00,PT5M,0.664,1.3005,0.999,0.329,0.0275
13,13,0,13,26,0.15,81.6,0.4,171,2026-09-14 06:50:00,PT5M,0.806,1.5535,1.1994,0.4126,0.0585
14,14,0,14,26,0.15,80.8,0.4,170,2026-09-14 06:55:00,PT5M,1.029,1.8815,1.4777,0.5803,0.1765
16,16,0,16,26,0.15,80.0,0.4,168,2026-09-14 07:00:00,PT5M,1.13,2.0935,1.6371,0.6229,0.1665
18,18,0,18,26,0.15,79.2,0.5,167,2026-09-14 07:05:00,PT5M,1.343,2.416,1.9077,0.7783,0.27
20,20,0,20,26,0.15,78.5,0.5,166,2026-09-14 07:10:00,PT5M,2.206,3.357,2.8118,1.6002,1.055
21,21,0,21,27,0.15,77.7,0.5,165,2026-09-14 07:15:00,PT5M,3.257,4.4765,3.8988,2.6152,2.0375
23,23,0,23,27,0.15,76.9,0.6,164,2026-09-14 07:20:00,PT5M,4.508,5.851,5.2148,3.8012,3.165
31,31,0,31,27,0.15,76.2,0.6,163,2026-09-14 07:25:00,PT5M,5.967,7.49,6.7686,5.1654,4.444
40,40,0,40,27,0.15,75.4,0.6,162,2026-09-14 07:30:00,PT5M,7.613,9.4465,8.578,6.648,5.7795
52,52,0,52,27,0.15,74.6,0.6,161,2026-09-14 07:35:00,PT5M,9.512,11.8005,10.7165,8.3075,7.2235
65,65,0,65,27,0.15,73.7,0.6,159,2026-09-14 07:40:00,PT5M,11.542,14.4405,13.0675,10.0165,8.6435
81,81,0,81,28,0.15,72.8,0.6,157,2026-09-14 07:45:00,PT5M,13.729,17.101,15.5037,11.9543,10.357
99,99,0,99,28,0.15,71.9,0.6,156,2026-09-14 07:50:00,PT5M,16.312,20.379,18.4525,14.1715,12.245
116,117,0,117,28,0.15,71.1,0.6,154,2026-09-14 07:55:00,PT5M,18.952,23.5595,21.377,16.527,14.3445
139,139,0,139,28,0.15,70.2,0.6,152,2026-09-14 08:00:00,PT5M,22.058,27.49,24.9169,19.1991,16.626
163,164,0,164,29,0.15,69.4,0.6,151,2026-09-14 08:05:00,PT5M,25.605,33.0315,29.5136,21.6964,18.1785
190,191,0,191,29,0.15,68.5,0.6,149,2026-09-14 08:10:00,PT5M,30.584,40.149,35.6181,25.5499,21.019
220,221,0,221,29,0.15,67.7,0.6,147,2026-09-14 08:15:00,PT5M,37.095,50.2755,44.032,30.158,23.9145
252,253,0,253,29,0.15,66.9,0.6,145,2026-09-14 08:20:00,PT5M,45.286,62.1095,54.1403,36.4317,28.4625
288,289,29,272,29,0.15,66.1,0.6,144,2026-09-14 08:25:00,PT5M,54.704,75.352,65.5712,43.8368,34.056
326,327,70,284,30,0.15,65.3,0.6,142,2026-09-14 08:30:00,PT5M,64.312,88.6595,77.1263,51.4977,39.9645
365,367,133,284,30,0.15,64.5,0.6,142,2026-09-14 08:35:00,PT5M,73.985,100.0,90.0187,57.9513,43.5205
409,411,214,275,30,0.15,63.7,0.6,142,2026-09-14 08:40:00,PT5M,75.247,100.0,91.2183,59.2757,44.901
457,459,305,259,30,0.15,63.0,0.6,142,2026-09-14 08:45:00,PT5M,76.447,100.0,92.3441,60.5499,46.242
507,509,409,235,30,0.15,62.2,0.5,143,2026-09-14 08:50:00,PT5M,77.587,100.0,93.4025,61.7715,47.537
523,525,416,239,31,0.15,61.5,0.5,143,2026-09-14 08:55:00,PT5M,78.678,100.0,94.3962,62.9598,48.813
538,540,423,243,31,0.15,60.8,0.4,144,2026-09-14 09:00:00,PT5M,79.722,100.0,95.312,64.132,50.1005
553,555,430,247,31,0.15,60.0,0.4,145,2026-09-14 09:05:00,PT5M,80.805,100.0,96.254,65.356,51.4515
569,571,438,250,31,0.15,59.3,0.4,146,2026-09-14 09:10:00,PT5M,81.887,100.0,97.187,66.587,52.8165
584,586,446,253,31,0.15,58.6,0.3,147,2026-09-14 09:15:00,PT5M,82.926,100.0,98.0755,67.7765,54.1415
599,601,453,256,32,0.15,57.9,0.3,148,2026-09-14 09:20:00,PT5M,83.924,100.0,98.9214,68.9266,55.4285
614,616,461,259,32,0.15,57.3,0.3,150,2026-09-14 09:25:00,PT5M,84.881,100.0,99.7255,70.0365,56.676
628,630,468,261,32,0.15,56.6,0.2,152,2026-09-14 09:30:00,PT5M,85.8,100.0,100.0,71.1084,57.8855
641,643,473,265,32,0.15,55.9,0.2,152,2026-09-14 09:35:00,PT5M,86.53,100.0,100.0,72.0181,58.957
653,655,475,269,32,0.15,55.3,0.1,149,2026-09-14 09:40:00,PT5M,87.078,100.0,100.0,72.7543,59.8625
665,666,476,273,32,0.15,54.7,0.1,142,2026-09-14 09:45:00,PT5M,87.563,100.0,100.0,73.4153,60.682
675,677,477,277,33,0.15,54.1,0.0,121,2026-09-14 09:50:00,PT5M,87.999,100.0,100.0,74.0163,61.4315
686,688,477,282,33,0.15,53.5,0.0,45,2026-09-14 09:55:00,PT5M,88.413,100.0,100.0,74.588,62.145
696,698,478,286,33,0.15,53.0,0.1,6,2026-09-14 10:00:00,PT5M,88.803,100.0,100.0,75.1277,62.8195
705,707,478,290,33,0.15,52.4,0.1,356,2026-09-14 10:05:00,PT5M,89.167,100.0,100.0,75.6306,63.4475
715,716,478,294,33,0.15,51.8,0.2,352,2026-09-14 10:10:00,PT5M,89.508,100.0,100.0,76.103,64.038
723,725,478,298,33,0.15,51.3,0.2,350,2026-09-14 10:15:00,PT5M,89.824,100.0,100.0,76.5424,64.5885
732,733,478,302,34,0.15,50.7,0.3,348,2026-09-14 10:20:00,PT5M,90.116,100.0,100.0,76.9502,65.1005
740,741,478,306,34,0.15,50.2,0.3,347,2026-09-14 10:25:00,PT5M,90.388,100.0,100.0,77.3311,65.5795
747,749,478,309,34,0.15,49.6,0.4,346,2026-09-14 10:30:00,PT5M,90.64,100.0,100.0,77.6855,66.026
752,753,473,315,34,0.15,49.1,0.4,344,2026-09-14 10:35:00,PT5M,90.574,100.0,100.0,77.6663,66.049
754,755,462,323,34,0.15,48.6,0.5,342,2026-09-14 10:40:00,PT5M,90.199,100.0,100.0,77.2832,65.6585
755,756,452,330,34,0.15,48.1,0.5,339,2026-09-14 10:45:00,PT5M,89.81,100.0,100.0,76.8794,65.2415
755,757,441,337,34,0.15,47.6,0.6,337,2026-09-14 10:50:00,PT5M,89.404,100.0,100.0,76.4545,64.7995
755,757,431,345,35,0.15,47.1,0.6,336,2026-09-14 10:55:00,PT5M,88.979,100.0,100.0,76.0008,64.32
755,756,420,352,35,0.15,46.6,0.6,334,2026-09-14 11:00:00,PT5M,88.52,100.0,100.0,75.4894,63.7615
754,755,410,359,35,0.15,46.1,0.7,333,2026-09-14 11:05:00,PT5M,88.046,100.0,100.0,74.9541,63.171
753,754,400,365,35,0.15,45.6,0.7,332,2026-09-14 11:10:00,PT5M,87.573,100.0,100.0,74.4285,62.598
751,752,389,372,35,0.15,45.1,0.8,331,2026-09-14 11:15:00,PT5M,87.088,100.0,100.0,73.8861,62.004
749,750,379,378,35,0.15,44.6,0.8,330,2026-09-14 11:20:00,PT5M,86.572,100.0,99.851,73.293,61.3415
746,747,369,384,35,0.15,44.2,0.9,329,2026-09-14 11:25:00,PT5M,86.033,100.0,99.3994,72.6666,60.6365
743,744,358,389,35,0.15,43.7,0.9,328,2026-09-14 11:30:00,PT5M,85.506,100.0,98.9689,72.0431,59.926
739,740,348,395,35,0.15,43.5,0.9,329,2026-09-14 11:35:00,PT5M,84.933,100.0,98.5044,71.3616,59.147
734,735,338,399,35,0.15,43.6,0.8,333,2026-09-14 11:40:00,PT5M,84.334,100.0,98.0259,70.6421,58.319
729,730,327,404,35,0.15,43.8,0.7,338,2026-09-14 11:45:00,PT5M,83.707,100.0,97.5273,69.8867,57.448
723,724,317,408,35,0.15,43.9,0.6,344,2026-09-14 11:50:00,PT5M,83.027,100.0,96.9878,69.0662,56.501
717,718,306,412,35,0.15,44.0,0.5,354,2026-09-14 11:55:00,PT5M,82.317,100.0,96.4257,68.2083,55.51
710,711,296,416,35,0.15,44.1,0.4,7,2026-09-14 12:00:00,PT5M,81.582,100.0,95.846,67.318,54.48
703,704,286,419,35,0.15,44.2,0.3,26,2026-09-14 12:05:00,PT5M,80.866,100.0,95.2918,66.4402,53.4565
695,697,275,422,35,0.15,44.3,0.3,46,2026-09-14 12:10:00,PT5M,80.158,100.0,94.7522,65.5638,52.4285
688,689,265,424,35,0.15,44.4,0.4,65,2026-09-14 12:15:00,PT5M,79.422,100.0,94.191,64.653,51.3605
680,681,255,427,35,0.15,44.5,0.5,79,2026-09-14 12:20:00,PT5M,78.65,100.0,93.6,63.7,50.2445
671,672,245,429,34,0.15,44.6,0.6,89,2026-09-14 12:25:00,PT5M,77.823,100.0,92.963,62.683,49.0565
662,663,235,430,34,0.15,44.8,0.7,95,2026-09-14 12:30:00,PT5M,76.964,100.0,92.299,61.629,47.827
653,654,226,431,34,0.15,45.5,0.8,106,2026-09-14 12:35:00,PT5M,76.165,100.0,91.6592,60.6708,46.7255
644,646,217,432,34,0.15,46.8,1.1,116,2026-09-14 12:40:00,PT5M,75.425,100.0,91.0434,59.8066,45.7495
636,637,209,432,33,0.15,48.2,1.4,122,2026-09-14 12:45:00,PT5M,74.674,100.0,90.4232,58.9248,44.75
626,628,201,432,33,0.15,49.6,1.7,126,2026-09-14 12:50:00,PT5M,73.847,100.0,89.7346,57.9594,43.66
617,618,193,431,33,0.15,51.1,2.0,128,2026-09-14 12:55:00,PT5M,72.959,100.0,88.9985,56.9195,42.4835
607,609,185,430,32,0.15,52.6,2.4,130,2026-09-14 13:00:00,PT5M,72.052,100.0,88.2428,55.8612,41.289
597,599,177,429,32,0.15,54.2,2.7,132,2026-09-14 13:05:00,PT5M,71.157,100.0,87.4883,54.8257,40.127
587,589,169,427,31,0.15,55.8,3.0,133,2026-09-14 13:10:00,PT5M,70.213,100.0,86.694,53.732,38.8985
577,578,161,425,31,0.15,57.4,3.3,134,2026-09-14 13:15:00,PT5M,69.203,100.0,85.8475,52.5585,37.578
566,568,154,423,30,0.15,59.1,3.6,134,2026-09-14 13:20:00,PT5M,68.151,100.0,84.9647,51.3373,36.2045
556,557,146,420,30,0.15,60.9,4.0,135,2026-09-14 13:25:00,PT5M,67.061,99.3365,84.0478,50.0742,34.7855
545,546,139,418,30,0.15,62.7,4.3,136,2026-09-14 13:30:00,PT5M,65.938,98.5485,83.1011,48.7749,33.3275
534,535,131,415,29,0.15,64.1,4.4,136,2026-09-14 13:35:00,PT5M,64.739,97.7185,82.0963,47.3817,31.7595
522,524,123,412,29,0.15,65.0,4.3,135,2026-09-14 13:40:00,PT5M,63.465,96.8465,81.0339,45.8961,30.0835
511,512,115,408,29,0.15,65.8,4.2,135,2026-09-14 13:45:00,PT5M,62.16,95.9455,79.9416,44.3784,28.3745
499,500,107,405,29,0.15,66.7,4.2,135,2026-09-14 13:50:00,PT5M,60.824,95.012,78.8174,42.8306,26.636
487,489,100,401,29,0.15,67.6,4.1,135,2026-09-14 13:55:00,PT5M,59.529,93.6565,77.4905,41.5675,25.4015
475,477,92,396,28,0.15,68.5,4.0,134,2026-09-14 14:00:00,PT5M,58.137,92.188,76.0583,40.2157,24.086
463,465,85,392,28,0.15,69.4,3.9,134,2026-09-14 14:05:00,PT5M,56.712,90.6705,74.5846,38.8394,22.7535
451,453,77,387,28,0.15,70.3,3.8,133,2026-09-14 14:10:00,PT5M,55.245,89.098,73.0621,37.4279,21.392
439,440,70,382,28,0.15,71.3,3.8,133,2026-09-14 14:15:00,PT5M,53.747,87.477,71.4993,35.9947,20.017
427,428,63,376,28,0.15,72.2,3.7,133,2026-09-14 14:20:00,PT5M,52.218,85.806,69.8956,34.5404,18.63
415,416,56,370,28,0.15,73.2,3.6,132,2026-09-14 14:25:00,PT5M,50.642,84.054,68.227,33.057,17.23
402,403,49,364,27,0.15,74.1,3.5,132,2026-09-14 14:30:00,PT5M,49.02,82.2115,66.4889,31.5511,15.8285
391,392,43,358,27,0.15,74.6,3.4,131,2026-09-14 14:35:00,PT5M,47.524,80.398,64.8258,30.2222,14.65
381,382,38,352,27,0.15,74.4,3.3,130,2026-09-14 14:40:00,PT5M,46.147,78.5965,63.2254,29.0686,13.6975
370,371,33,346,27,0.15,74.3,3.1,129,2026-09-14 14:45:00,PT5M,44.735,76.7345,61.5766,27.8934,12.7355
360,361,28,340,28,0.15,74.1,3.0,128,2026-09-14 14:50:00,PT5M,43.718,75.24,60.3083,27.1277,12.196
349,350,23,333,28,0.15,74.0,2.9,127,2026-09-14 14:55:00,PT5M,42.237,73.2515,58.5602,25.9138,11.2225
338,339,18,327,28,0.15,73.9,2.8,126,2026-09-14 15:00:00,PT5M,40.721,71.1985,56.7615,24.6805,10.2435
328,329,13,320,28,0.15,73.7,2.6,124,2026-09-14 15:05:00,PT5M,39.196,69.1285,54.9497,23.4423,9.2635
317,318,8,312,28,0.15,73.6,2.5,123,2026-09-14 15:10:00,PT5M,37.67,67.0565,53.1363,22.2037,8.2835
307,307,4,305,28,0.15,73.4,2.4,121,2026-09-14 15:15:00,PT5M,36.106,64.9125,51.2671,20.9449,7.2995
296,297,0,297,28,0.15,73.3,2.3,119,2026-09-14 15:20:00,PT5M,34.575,62.776,49.4174,19.7326,6.374
285,286,0,286,28,0.15,73.2,2.1,117,2026-09-14 15:25:00,PT5M,33.23,60.8005,47.7406,18.7194,5.6595
274,275,0,275,28,0.15,73.0,2.0,115,2026-09-14 15:30:00,PT5M,31.875,58.7725,46.0313,17.7187,4.9775
264,264,0,264,28,0.15,72.9,2.0,113,2026-09-14 15:35:00,PT5M,30.569,56.822,44.3861,16.7519,4.316
253,254,0,254,28,0.15,72.9,2.0,113,2026-09-14 15:40:00,PT5M,29.31,54.949,42.804,15.816,3.671
243,244,0,244,28,0.15,72.9,2.0,112,2026-09-14 15:45:00,PT5M,28.073,53.0355,41.2109,14.9351,3.1105
233,234,0,234,28,0.15,72.8,2.1,111,2026-09-14 15:50:00,PT5M,26.864,51.071,39.6043,14.1237,2.657
222,223,0,223,28,0.15,72.8,2.1,110,2026-09-14 15:55:00,PT5M,25.65,49.041,37.9609,13.3391,2.259
212,212,0,212,28,0.15,72.8,2.1,109,2026-09-14 16:00:00,PT5M,24.428,46.9455,36.2791,12.5769,1.9105
201,202,0,202,28,0.15,72.7,2.2,108,2026-09-14 16:05:00,PT5M,23.195,44.789,34.5601,11.8299,1.601
190,191,0,191,28,0.15,72.7,2.2,108,2026-09-14 16:10:00,PT5M,21.951,42.5775,32.8069,11.0951,1.3245
180,180,0,180,28,0.15,72.7,2.3,107,2026-09-14 16:15:00,PT5M,20.698,40.3475,31.0397,10.3563,1.0485
169,170,0,170,28,0.15,72.6,2.3,106,2026-09-14 16:20:00,PT5M,19.438,38.043,29.2299,9.6461,0.833
158,159,0,159,28,0.15,72.6,2.3,106,2026-09-14 16:25:00,PT5M,18.478,35.517,27.4457,9.5103,1.439
148,148,0,148,28,0.15,72.6,2.4,105,2026-09-14 16:30:00,PT5M,17.408,32.875,25.5484,9.2676,1.941
137,138,0,138,28,0.15,72.8,2.4,104,2026-09-14 16:35:00,PT5M,16.283,30.2895,23.6547,8.9113,2.2765
127,127,0,127,28,0.15,73.1,2.3,103,2026-09-14 16:40:00,PT5M,15.14,27.7935,21.7996,8.4804,2.4865
117,117,0,117,28,0.15,73.5,2.3,103,2026-09-14 16:45:00,PT5M,13.979,25.3175,19.9465,8.0115,2.6405
107,107,0,107,28,0.15,73.9,2.2,102,2026-09-14 16:50:00,PT5M,12.784,22.8455,18.0794,7.4886,2.7225
97,97,0,97,28,0.15,74.3,2.2,101,2026-09-14 16:55:00,PT5M,11.583,20.4175,16.2327,6.9333,2.7485
87,88,0,88,28,0.15,74.7,2.1,100,2026-09-14 17:00:00,PT5M,10.394,18.0615,14.4295,6.3585,2.7265
78,78,0,78,28,0.15,75.1,2.1,99,2026-09-14 17:05:00,PT5M,9.216,15.7805,12.6709,5.7611,2.6515
68,68,0,68,28,0.15,75.5,2.1,98,2026-09-14 17:10:00,PT5M,8.044,13.4675,10.8984,5.1896,2.6205
59,59,0,59,28,0.15,76.0,2.0,97,2026-09-14 17:15:00,PT5M,6.873,11.2575,9.1806,4.5654,2.4885
50,51,0,51,28,0.15,76.4,2.0,96,2026-09-14 17:20:00,PT5M,5.731,9.1695,7.5407,3.9213,2.2925
42,42,0,42,27,0.15,76.8,2.0,95,2026-09-14 17:25:00,PT5M,4.735,7.476,6.1776,3.2924,1.994
35,35,0,35,27,0.15,77.2,1.9,94,2026-09-14 17:30:00,PT5M,3.803,6.068,4.9951,2.6109,1.538
28,28,0,28,27,0.15,77.6,1.9,93,2026-09-14 17:35:00,PT5M,2.858,4.646,3.799,1.917,1.07
21,21,0,21,27,0.15,78.0,1.9,93,2026-09-14 17:40:00,PT5M,2.039,3.416,2.7637,1.3143,0.662
15,16,0,16,27,0.15,78.4,1.8,94,2026-09-14 17:45:00,PT5M,1.341,2.3685,1.8818,0.8002,0.3135
10,10,0,10,27,0.15,78.8,1.8,94,2026-09-14 17:50:00,PT5M,0.699,1.4065,1.0714,0.3266,0.0
6,6,0,6,27,0.15,79.1,1.8,94,2026-09-14 17:55:00,PT5M,0.11,0.396,0.2605,0.0,0.0
2,2,0,2,27,0.15,79.5,1.8,95,2026-09-14 18:00:00,PT5M,0.0,0.0,0.0,0.0,0.0
0,0,0,0,27,0.15,79.9,1.7,95,2026-09-14 18:05:00,PT5M,0.0,0.0,0.0,0.0,0.0
0,0,0,0,27,0.15,80.3,1.7,95,2026-09-14 18:10:00,PT5M,0.0,0.0,0.0,0.0,0.0
0,0,0,0,27,0.15,80.7,1.7,96,2026-09-14 18:15:00,PT5M,0.0,0.0,0.0,0.0,0.0
0,0,0,0,27,0.15,81.1,1.7,96,2026-09-14 18:20:00,PT5M,0.0,0.0,0.0,0.0,0.0
0,0,0,0,27,0.15,81.5,1.6,97,2026-09-14 18:25:00,PT5M,0.0,0.0,0.0,0.0,0.0
0,0,0,0,27,0.15,81.9,1.6,97,2026-09-14 18:30:00,PT5M,0.0,0.0,0.0,0.0,0.0
0,0,0,0,27,0.15,82.2,1.6,96,2026-09-14 18:35:00,PT5M,0.0,0.0,0.0,0.0,0.0
0,0,0,0,27,0.15,82.4,1.5,94,2026-09-14 18:40:00,PT5M,0.0,0.0,0.0,0.0,0.0
0,0,0,0,26,0.15,82.6,1.5,92,2026-09-14 18:45:00,PT5M,0.0,0.0,0.0,0.0,0.0
0,0,0,0,26,0.15,82.8,1.5,90,2026-09-14 18:50:00,PT5M,0.0,0.0,0.0,0.0,0.0
0,0,0,0,26,0.15,83.0,1.4,87,2026-09-14 18:55:00,PT5M,0.0,0.0,0.0,0.0,0.0
0,0,0,0,26,0.15,83.2,1.4,85,2026-09-14 19:00:00,PT5M,0.0,0.0,0.0,0.0,0.0
0,0,0,0,26,0.15,83.5,1.3,82,2026-09-14 19:05:00,PT5M,0.0,0.0,0.0,0.0,0.0
0,0,0,0,26,0.15,83.7,1.3,80,2026-09-14 19:10:00,PT5M,0.0,0.0,0.0,0.0,0.0
0,0,0,0,26,0.15,83.9,1.3,77,2026-09-14 19:15:00,PT5M,0.0,0.0,0.0,0.0,0.0
0,0,0,0,26,0.15,84.1,1.3,74,2026-09-14 19:20:00,PT5M,0.0,0.0,0.0,0.0,0.0
0,0,0,0,26,0.15,84.3,1.2,70,2026-09-14 19:25:00,PT5M,0.0,0.0,0.0,0.0,0.0
0,0,0,0,26,0.15,84.5,1.2,67,2026-09-14 19:30:00,PT5M,0.0,0.0,0.0,0.0,0.0
0,0,0,0,26,0.15,84.6,1.2,65,2026-09-14 19:35:00,PT5M,0.0,0.0,0.0,0.0,0.0
0,0,0,0,26,0.15,84.7,1.2,62,2026-09-14 19:40:00,PT5M,0.0,0.0,0.0,0.0,0.0
0,0,0,0,26,0.15,84.8,1.2,60,2026-09-14 19:45:00,PT5M,0.0,0.0,0.0,0.0,0.0
0,0,0,0,26,0.15,84.9,1.2,58,2026-09-14 19:50:00,PT5M,0.0,0.0,0.0,0.0,0.0
0,0,0,0,26,0.15,85.0,1.2,56,2026-09-14 19:55:00,PT5M,0.0,0.0,0.0,0.0,0.0
0,0,0,0,26,0.15,85.1,1.1,53,2026-09-14 20:00:00,PT5M,0.0,0.0,0.0,0.0,0.0
0,0,0,0,26,0.15,85.1,1.1,51,2026-09-14 20:05:00,PT5M,0.0,0.0,0.0,0.0,0.0
0,0,0,0,26,0.15,85.2,1.1,49,2026-09-14 20:10:00,PT5M,0.0,0.0,0.0,0.0,0.0
0,0,0,0,26,0.15,85.3,1.1,46,2026-09-14 20:15:00,PT5M,0.0,0.0,0.0,0.0,0.0
0,0,0,0,26,0.15,85.4,1.1,44,2026-09-14 20:20:00,PT5M,0.0,0.0,0.0,0.0,0.0
0,0,0,0,26,0.15,85.5,1.1,41,2026-09-14 20:25:00,PT5M,0.0,0.0,0.0,0.0,0.0
0,0,0,0,26,0.15,85.6,1.1,39,2026-09-14 20:30:00,PT5M,0.0,0.0,0.0,0.0,0.0
0,0,0,0,26,0.15,85.6,1.1,37,2026-09-14 20:35:00,PT5M,0.0,0.0,0.0,0.0,0.0
0,0,0,0,26,0.15,85.7,1.1,36,2026-09-14 20:40:00,PT5M,0.0,0.0,0.0,0.0,0.0
0,0,0,0,26,0.15,85.7,1.1,35,2026-09-14 20:45:00,PT5M,0.0,0.0,0.0,0.0,0.0
0,0,0,0,26,0.15,85.8,1.0,34,2026-09-14 20:50:00,PT5M,0.0,0.0,0.0,0.0,0.0
0,0,0,0,26,0.15,85.8,1.0,33,2026-09-14 20:55:00,PT5M,0.0,0.0,0.0,0.0,0.0
0,0,0,0,26,0.15,85.8,1.0,31,2026-09-14 21:00:00,PT5M,0.0,0.0,0.0,0.0,0.0
0,0,0,0,26,0.15,85.9,1.0,30,2026-09-14 21:05:00,PT5M,0.0,0.0,0.0,0.0,0.0
0,0,0,0,26,0.15,85.9,1.0,28,2026-09-14 21:10:00,PT5M,0.0,0.0,0.0,0.0,0.0
0,0,0,0,26,0.15,86.0,0.9,27,2026-09-14 21:15:00,PT5M,0.0,0.0,0.0,0.0,0.0
0,0,0,0,26,0.15,86.0,0.9,25,2026-09-14 21:20:00,PT5M,0.0,0.0,0.0,0.0,0.0
0,0,0,0,26,0.15,86.1,0.9,23,2026-09-14 21:25:00,PT5M,0.0,0.0,0.0,0.0,0.0
0,0,0,0,26,0.15,86.1,0.9,21,2026-09-14 21:30:00,PT5M,0.0,0.0,0.0,0.0,0.0
0,0,0,0,26,0.15,86.1,0.9,20,2026-09-14 21:35:00,PT5M,0.0,0.0,0.0,0.0,0.0
0,0,0,0,26,0.15,86.1,0.9,19,2026-09-14 21:40:00,PT5M,0.0,0.0,0.0,0.0,0.0
0,0,0,0,26,0.15,86.0,0.9,17,2026-09-14 21:45:00,PT5M,0.0,0.0,0.0,0.0,0.0
0,0,0,0,26,0.15,86.0,0.9,16,2026-09-14 21:50:00,PT5M,0.0,0.0,0.0,0.0,0.0
0,0,0,0,26,0.15,85.9,0.9,15,2026-09-14 21:55:00,PT5M,0.0,0.0,0.0,0.0,0.0
0,0,0,0,26,0.15,85.9,0.9,14,2026-09-14 22:00:00,PT5M,0.0,0.0,0.0,0.0,0.0
0,0,0,0,26,0.15,85.8,0.9,13,2026-09-14 22:05:00,PT5M,0.0,0.0,0.0,0.0,0.0
0,0,0,0,26,0.15,85.8,0.9,11,2026-09-14 22:10:00,PT5M,0.0,0.0,0.0,0.0,0.0
0,0,0,0,26,0.15,85.7,0.9,10,2026-09-14 22:15:00,PT5M,0.0,0.0,0.0,0.0,0.0
0,0,0,0,26,0.15,85.7,0.9,9,2026-09-14 22:20:00,PT5M,0.0,0.0,0.0,0.0,0.0
0,0,0,0,26,0.15,85.7,0.9,8,2026-09-14 22:25:00,PT5M,0.0,0.0,0.0,0.0,0.0
0,0,0,0,26,0.15,85.6,0.9,7,2026-09-14 22:30:00,PT5M,0.0,0.0,0.0,0.0,0.0
0,0,0,0,26,0.15,85.6,0.9,6,2026-09-14 22:35:00,PT5M,0.0,0.0,0.0,0.0,0.0
0,0,0,0,26,0.15,85.7,0.9,6,2026-09-14 22:40:00,PT5M,0.0,0.0,0.0,0.0,0.0
0,0,0,0,26,0.15,85.7,0.9,5,2026-09-14 22:45:00,PT5M,0.0,0.0,0.0,0.0,0.0
0,0,0,0,26,0.15,85.7,0.9,5,2026-09-14 22:50:00,PT5M,0.0,0.0,0.0,0.0,0.0
0,0,0,0,26,0.15,85.8,0.9,4,2026-09-14 22:55:00,PT5M,0.0,0.0,0.0,0.0,0.0
0,0,0,0,26,0.15,85.8,0.9,3,2026-09-14 23:00:00,PT5M,0.0,0.0,0.0,0.0,0.0
0,0,0,0,26,0.15,85.9,0.9,3,2026-09-14 23:05:00,PT5M,0.0,0.0,0.0,0.0,0.0
0,0,0,0,26,0.15,85.9,0.9,2,2026-09-14 23:10:00,PT5M,0.0,0.0,0.0,0.0,0.0
0,0,0,0,26,0.15,85.9,0.9,2,2026-09-14 23:15:00,PT5M,0.0,0.0,0.0,0.0,0.0
0,0,0,0,26,0.15,86.0,0.9,1,2026-09-14 23:20:00,PT5M,0.0,0.0,0.0,0.0,0.0
0,0,0,0,26,0.15,86.0,0.9,1,2026-09-14 23:25:00,PT5M,0.0,0.0,0.0,0.0,0.0
0,0,0,0,26,0.15,86.1,0.9,0,2026-09-14 23:30:00,PT5M,0.0,0.0,0.0,0.0,0.0
0,0,0,0,26,0.15,86.1,0.9,359,2026-09-14 23:35:00,PT5M,0.0,0.0,0.0,0.0,0.0
0,0,0,0,26,0.15,86.1,0.9,357,2026-09-14 23:40:00,PT5M,0.0,0.0,0.0,0.0,0.0
0,0,0,0,26,0.15,86.1,0.9,355,2026-09-14 23:45:00,PT5M,0.0,0.0,0.0,0.0,0.0
0,0,0,0,26,0.15,86.1,0.9,352,2026-09-14 23:50:00,PT5M,0.0,0.0,0.0,0.0,0.0
0,0,0,0,26,0.15,86.1,0.9,350,2026-09-14 23:55:00,PT5M,0.0,0.0,0.0,0.0,0.0
0,0,0,0,26,0.15,86.1,0.9,348,2026-09-15 00:00:00,PT5M,0.0,0.0,0.0,0.0,0.0
0,0,0,0,26,0.15,86.1,0.9,346,2026-09-15 00:05:00,PT5M,0.0,0.0,0.0,0.0,0.0
0,0,0,0,26,0.15,86.1,0.9,343,2026-09-15 00:10:00,PT5M,0.0,0.0,0.0,0.0,0.0
0,0,0,0,26,0.15,86.1,0.9,341,2026-09-15 00:15:00,PT5M,0.0,0.0,0.0,0.0,0.0
0,0,0,0,26,0.15,86.1,0.9,339,2026-09-15 00:20:00,PT5M,0.0,0.0,0.0,0.0,0.0
0,0,0,0,26,0.15,86.1,0.9,337,2026-09-15 00:25:00,PT5M,0.0,0.0,0.0,0.0,0.0
0,0,0,0,26,0.15,86.1,0.9,335,2026-09-15 00:30:00,PT5M,0.0,0.0,0.0,0.0,0.0
0,0,0,0,26,0.15,86.1,0.9,332,2026-09-15 00:35:00,PT5M,0.0,0.0,0.0,0.0,0.0
0,0,0,0,26,0.15,86.3,0.8,329,2026-09-15 00:40:00,PT5M,0.0,0.0,0.0,0.0,0.0
0,0,0,0,25,0.15,86.4,0.8,326,2026-09-15 00:45:00,PT5M,0.0,0.0,0.0,0.0,0.0
0,0,0,0,25,0.15,86.5,0.8,322,2026-09-15 00:50:00,PT5M,0.0,0.0,0.0,0.0,0.0
0,0,0,0,25,0.15,86.7,0.8,318,2026-09-15 00:55:00,PT5M,0.0,0.0,0.0,0.0,0.0
0,0,0,0,25,0.15,86.8,0.8,314,2026-09-15 01:00:00,PT5M,0.0,0.0,0.0,0.0,0.0
0,0,0,0,25,0.15,86.9,0.7,310,2026-09-15 01:05:00,PT5M,0.0,0.0,0.0,0.0,0.0
0,0,0,0,25,0.15,87.0,0.7,306,2026-09-15 01:10:00,PT5M,0.0,0.0,0.0,0.0,0.0
0,0,0,0,25,0.15,87.2,0.7,301,2026-09-15 01:15:00,PT5M,0.0,0.0,0.0,0.0,0.0
0,0,0,0,25,0.15,87.3,0.7,297,2026-09-15 01:20:00,PT5M,0.0,0.0,0.0,0.0,0.0
0,0,0,0,25,0.15,87.4,0.7,293,2026-09-15 01:25:00,PT5M,0.0,0.0,0.0,0.0,0.0
0,0,0,0,25,0.15,87.6,0.7,288,2026-09-15 01:30:00,PT5M,0.0,0.0,0.0,0.0,0.0
0,0,0,0,25,0.15,87.6,0.7,286,2026-09-15 01:35:00,PT5M,0.0,0.0,0.0,0.0,0.0
0,0,0,0,25,0.15,87.5,0.7,285,2026-09-15 01:40:00,PT5M,0.0,0.0,0.0,0.0,0.0
0,0,0,0,25,0.15,87.4,0.7,284,2026-09-15 01:45:00,PT5M,0.0,0.0,0.0,0.0,0.0
0,0,0,0,25,0.15,87.3,0.7,284,2026-09-15 01:50:00,PT5M,0.0,0.0,0.0,0.0,0.0
0,0,0,0,25,0.15,87.2,0.7,283,2026-09-15 01:55:00,PT5M,0.0,0.0,0.0,0.0,0.0
0,0,0,0,25,0.15,87.1,0.7,282,2026-09-15 02:00:00,PT5M,0.0,0.0,0.0,0.0,0.0
0,0,0,0,25,0.15,87.1,0.7,282,2026-09-15 02:05:00,PT5M,0.0,0.0,0.0,0.0,0.0
0,0,0,0,25,0.15,87.0,0.7,281,2026-09-15 02:10:00,PT5M,0.0,0.0,0.0,0.0,0.0
0,0,0,0,25,0.15,86.9,0.7,280,2026-09-15 02:15:00,PT5M,0.0,0.0,0.0,0.0,0.0
0,0,0,0,25,0.15,86.8,0.7,280,2026-09-15 02:20:00,PT5M,0.0,0.0,0.0,0.0,0.0
0,0,0,0,25,0.15,86.7,0.7,279,2026-09-15 02:25:00,PT5M,0.0,0.0,0.0,0.0,0.0
0,0,0,0,25,0.15,86.6,0.7,278,2026-09-15 02:30:00,PT5M,0.0,0.0,0.0,0.0,0.0
0,0,0,0,25,0.15,86.6,0.7,277,2026-09-15 02:35:00,PT5M,0.0,0.0,0.0,0.0,0.0
0,0,0,0,25,0.15,86.7,0.7,275,2026-09-15 02:40:00,PT5M,0.0,0.0,0.0,0.0,0.0
0,0,0,0,25,0.15,86.8,0.7,273,2026-09-15 02:45:00,PT5M,0.0,0.0,0.0,0.0,0.0
0,0,0,0,25,0.15,86.9,0.7,271,2026-09-15 02:50:00,PT5M,0.0,0.0,0.0,0.0,0.0
0,0,0,0,25,0.15,87.0,0.7,269,2026-09-15 02:55:00,PT5M,0.0,0.0,0.0,0.0,0.0
0,0,0,0,25,0.15,87.0,0.7,267,2026-09-15 03:00:00,PT5M,0.0,0.0,0.0,0.0,0.0
0,0,0,0,25,0.15,87.1,0.6,264,2026-09-15 03:05:00,PT5M,0.0,0.0,0.0,0.0,0.0
0,0,0,0,25,0.15,87.2,0.6,262,2026-09-15 03:10:00,PT5M,0.0,0.0,0.0,0.0,0.0
0,0,0,0,25,0.15,87.3,0.6,260,2026-09-15 03:15:00,PT5M,0.0,0.0,0.0,0.0,0.0
0,0,0,0,25,0.15,87.4,0.6,258,2026-09-15 03:20:00,PT5M,0.0,0.0,0.0,0.0,0.0
0,0,0,0,25,0.15,87.5,0.6,255,2026-09-15 03:25:00,PT5M,0.0,0.0,0.0,0.0,0.0
0,0,0,0,25,0.15,87.6,0.6,253,2026-09-15 03:30:00,PT5M,0.0,0.0,0.0,0.0,0.0
0,0,0,0,25,0.15,87.6,0.6,251,2026-09-15 03:35:00,PT5M,0.0,0.0,0.0,0.0,0.0
0,0,0,0,25,0.15,87.6,0.6,250,2026-09-15 03:40:00,PT5M,0.0,0.0,0.0,0.0,0.0
0,0,0,0,25,0.15,87.6,0.6,248,2026-09-15 03:45:00,PT5M,0.0,0.0,0.0,0.0,0.0
0,0,0,0,25,0.15,87.6,0.6,247,2026-09-15 03:50:00,PT5M,0.0,0.0,0.0,0.0,0.0
0,0,0,0,25,0.15,87.6,0.6,246,2026-09-15 03:55:00,PT5M,0.0,0.0,0.0,0.0,0.0
0,0,0,0,25,0.15,87.6,0.6,244,2026-09-15 04:00:00,PT5M,0.0,0.0,0.0,0.0,0.0
0,0,0,0,25,0.15,87.6,0.6,243,2026-09-15 04:05:00,PT5M,0.0,0.0,0.0,0.0,0.0
0,0,0,0,25,0.15,87.6,0.5,241,2026-09-15 04:10:00,PT5M,0.0,0.0,0.0,0.0,0.0
0,0,0,0,25,0.15,87.6,0.5,239,2026-09-15 04:15:00,PT5M,0.0,0.0,0.0,0.0,0.0
0,0,0,0,25,0.15,87.6,0.5,238,2026-09-15 04:20:00,PT5M,0.0,0.0,0.0,0.0,0.0
0,0,0,0,25,0.15,87.6,0.5,236,2026-09-15 04:25:00,PT5M,0.0,0.0,0.0,0.0,0.0
0,0,0,0,25,0.15,87.6,0.5,234,2026-09-15 04:30:00,PT5M,0.0,0.0,0.0,0.0,0.0
0,0,0,0,25,0.15,87.6,0.5,233,2026-09-15 04:35:00,PT5M,0.0,0.0,0.0,0.0,0.0
0,0,0,0,25,0.15,87.7,0.5,233,2026-09-15 04:40:00,PT5M,0.0,0.0,0.0,0.0,0.0
0,0,0,0,25,0.15,87.7,0.5,233,2026-09-15 04:45:00,PT5M,0.0,0.0,0.0,0.0,0.0
0,0,0,0,25,0.15,87.7,0.5,233,2026-09-15 04:50:00,PT5M,0.0,0.0,0.0,0.0,0.0
0,0,0,0,25,0.15,87.8,0.6,232,2026-09-15 04:55:00,PT5M,0.0,0.0,0.0,0.0,0.0
0,0,0,0,25,0.15,87.8,0.6,232,2026-09-15 05:00:00,PT5M,0.0,0.0,0.0,0.0,0.0
0,0,0,0,25,0.15,87.9,0.6,232,2026-09-15 05:05:00,PT5M,0.0,0.0,0.0,0.0,0.0
0,0,0,0,25,0.15,87.9,0.6,232,2026-09-15 05:10:00,PT5M,0.0,0.0,0.0,0.0,0.0
0,0,0,0,25,0.15,88.0,0.6,232,2026-09-15 05:15:00,PT5M,0.0,0.0,0.0,0.0,0.0
0,0,0,0,25,0.15,88.0,0.6,232,2026-09-15 05:20:00,PT5M,0.0,0.0,0.0,0.0,0.0
0,0,0,0,25,0.15,88.1,0.6,232,2026-09-15 05:25:00,PT5M,0.0,0.0,0.0,0.0,0.0
0,0,0,0,25,0.15,88.1,0.6,231,2026-09-15 05:30:00,PT5M,0.0,0.0,0.0,0.0,0.0
0,0,0,0,25,0.15,88.0,0.6,231,2026-09-15 05:35:00,PT5M,0.0,0.0,0.0,0.0,0.0
0,0,0,0,25,0.15,87.9,0.6,229,2026-09-15 05:40:00,PT5M,0.0,0.0,0.0,0.0,0.0
0,0,0,0,25,0.15,87.7,0.7,227,2026-09-15 05:45:00,PT5M,0.0,0.0,0.0,0.0,0.0
0,0,0,0,25,0.15,87.5,0.7,226,2026-09-15 05:50:00,PT5M,0.0,0.0,0.0,0.0,0.0
0,0,0,0,25,0.15,87.3,0.7,224,2026-09-15 05:55:00,PT5M,0.0,0.0,0.0,0.0,0.0
0,0,0,0,25,0.15,87.2,0.7,223,2026-09-15 06:00:00,PT5M,0.0,0.0,0.0,0.0,0.0
3,3,0,3,25,0.15,87.0,0.7,221,2026-09-15 06:05:00,PT5M,0.0,0.0,0.0,0.0,0.0
7,7,0,7,25,0.15,86.8,0.7,220,2026-09-15 06:10:00,PT5M,0.227,0.635,0.4417,0.0123,0.0
11,11,0,11,25,0.15,86.6,0.7,218,2026-09-15 06:15:00,PT5M,0.831,1.702,1.2894,0.3726,0.0
16,17,0,17,25,0.15,86.5,0.7,217,2026-09-15 06:20:00,PT5M,1.484,2.7225,2.1358,0.8322,0.2455
22,22,0,22,25,0.15,86.3,0.7,216,2026-09-15 06:25:00,PT5M,2.184,3.819,3.0445,1.3235,0.549
28,28,0,28,25,0.15,86.1,0.7,214,2026-09-15 06:30:00,PT5M,3.0,5.0965,4.1034,1.8966,0.9035
36,36,0,36,25,0.15,85.7,0.7,214,2026-09-15 06:35:00,PT5M,4.028,6.6435,5.4046,2.6514,1.4125
46,46,0,46,25,0.15,85.1,0.7,215,2026-09-15 06:40:00,PT5M,5.231,8.6085,7.0086,3.4534,1.8535
57,57,0,57,25,0.15,84.6,0.6,216,2026-09-15 06:45:00,PT5M,6.606,11.115,8.9791,4.2329,2.097
69,69,0,69,26,0.15,84.0,0.6,217,2026-09-15 06:50:00,PT5M,8.23,14.0595,11.2981,5.1619,2.4005
83,83,0,83,26,0.15,83.4,0.6,219,2026-09-15 06:55:00,PT5M,9.939,17.258,13.791,6.087,2.62
98,98,0,98,26,0.15,82.8,0.5,220,2026-09-15 07:00:00,PT5M,11.778,20.8175,16.5356,7.0204,2.7385
114,114,0,114,26,0.15,82.3,0.5,222,2026-09-15 07:05:00,PT5M,13.708,24.5085,19.3924,8.0236,2.9075
131,131,15,127,26,0.15,81.7,0.5,224,2026-09-15 07:10:00,PT5M,16.564,29.274,23.2534,9.8746,3.854
149,149,42,136,26,0.15,81.1,0.5,226,2026-09-15 07:15:00,PT5M,20.224,35.0015,28.0015,12.4465,5.4465
168,169,71,145,26,0.15,80.6,0.4,229,2026-09-15 07:20:00,PT5M,24.49,41.4965,33.4406,15.5394,7.4835
188,189,103,152,26,0.15,80.0,0.4,231,2026-09-15 07:25:00,PT5M,29.121,48.481,39.3103,18.9317,9.761
210,211,139,159,26,0.15,79.5,0.4,235,2026-09-15 07:30:00,PT5M,34.411,56.2595,45.91,22.912,12.5625
229,230,162,165,27,0.15,78.7,0.3,233,2026-09-15 07:35:00,PT5M,38.691,65.172,52.6281,24.7539,12.21
243,245,170,174,27,0.15,77.9,0.3,223,2026-09-15 07:40:00,PT5M,41.536,69.992,56.5126,26.5594,13.08
259,260,179,182,27,0.15,77.0,0.3,211,2026-09-15 07:45:00,PT5M,44.1,74.1125,59.8958,28.3042,14.0875
274,275,187,189,27,0.15,76.1,0.2,196,2026-09-15 07:50:00,PT5M,46.135,76.638,62.1889,30.0811,15.632
289,290,195,197,27,0.15,75.3,0.2,180,2026-09-15 07:55:00,PT5M,48.102,79.0515,64.3909,31.8131,17.1525
304,305,203,205,28,0.15,74.4,0.3,165,2026-09-15 08:00:00,PT5M,49.998,81.3465,66.4969,33.4991,18.6495
319,320,210,212,28,0.15,73.6,0.3,152,2026-09-15 08:05:00,PT5M,51.817,83.511,68.4978,35.1362,20.123
334,335,217,220,28,0.15,72.8,0.3,143,2026-09-15 08:10:00,PT5M,53.553,85.5295,70.3825,36.7235,21.5765
348,350,223,227,28,0.15,72.0,0.4,135,2026-09-15 08:15:00,PT5M,55.201,87.388,72.1412,38.2608,23.014
363,365,230,234,28,0.15,71.2,0.4,130,2026-09-15 08:20:00,PT5M,56.705,89.0255,73.7155,39.6945,24.3845
378,379,236,241,28,0.15,70.4,0.5,126,2026-09-15 08:25:00,PT5M,58.176,90.5275,75.2028,41.1492,25.8245
392,394,242,248,29,0.15,69.6,0.6,122,2026-09-15 08:30:00,PT5M,59.584,91.911,76.5979,42.5701,27.257
406,408,248,254,29,0.15,68.9,0.6,121,2026-09-15 08:35:00,PT5M,60.958,93.282,77.9704,43.9456,28.634
420,422,254,260,29,0.15,68.3,0.6,120,2026-09-15 08:40:00,PT5M,62.293,94.6375,79.3161,45.2699,29.9485
434,435,260,265,29,0.15,67.7,0.6,120,2026-09-15 08:45:00,PT5M,63.563,95.903,80.5838,46.5422,31.223
447,449,265,271,29,0.15,67.1,0.7,119,2026-09-15 08:50:00,PT5M,64.769,97.088,81.7787,47.7593,32.45
461,462,271,276,29,0.15,66.5,0.7,119,2026-09-15 08:55:00,PT5M,65.924,98.2035,82.9129,48.9351,33.6445
474,475,276,282,30,0.15,66.0,0.7,118,2026-09-15 09:00:00,PT5M,67.029,99.2525,83.9885,50.0695,34.8055
487,489,282,286,30,0.15,65.4,0.8,118,2026-09-15 09:05:00,PT5M,68.164,100.0,85.0803,51.2477,36.0225
500,502,288,291,30,0.15,64.8,0.8,118,2026-09-15 09:10:00,PT5M,69.285,100.0,86.1724,52.3976,37.1985
513,515,293,295,30,0.15,64.3,0.8,117,2026-09-15 09:15:00,PT5M,70.361,100.0,87.0926,53.6294,38.5705
526,527,299,299,30,0.15,63.7,0.8,117,2026-09-15 09:20:00,PT5M,71.394,100.0,87.8972,54.8908,40.0375
538,540,305,303,30,0.15,63.2,0.9,117,2026-09-15 09:25:00,PT5M,72.384,100.0,88.664,56.104,41.4515
550,552,310,307,30,0.15,62.6,0.9,117,2026-09-15 09:30:00,PT5M,73.335,100.0,89.3976,57.2724,42.8155
562,563,314,311,31,0.15,62.1,0.9,117,2026-09-15 09:35:00,PT5M,74.151,100.0,89.995,58.307,44.047
572,573,316,316,31,0.15,61.5,0.9,117,2026-09-15 09:40:00,PT5M,74.841,100.0,90.4644,59.2176,45.156
582,583,318,320,31,0.15,61.0,0.9,117,2026-09-15 09:45:00,PT5M,75.466,100.0,90.8781,60.0539,46.1825
591,593,319,325,31,0.15,60.4,0.9,117,2026-09-15 09:50:00,PT5M,76.043,100.0,91.2514,60.8346,47.1465
601,602,321,329,31,0.15,59.9,0.9,117,2026-09-15 09:55:00,PT5M,76.594,100.0,91.6048,61.5832,48.073
609,611,322,333,31,0.15,59.3,0.9,117,2026-09-15 10:00:00,PT5M,77.116,100.0,91.936,62.296,48.9575
618,619,323,337,31,0.15,58.8,0.9,117,2026-09-15 10:05:00,PT5M,77.607,100.0,92.2428,62.9712,49.7985
626,627,324,341,32,0.15,58.3,0.9,117,2026-09-15 10:10:00,PT5M,78.069,100.0,92.5251,63.6129,50.602
634,635,325,345,32,0.15,57.7,0.9,117,2026-09-15 10:15:00,PT5M,78.504,100.0,92.7882,64.2198,51.3635
641,642,326,348,32,0.15,57.2,0.9,117,2026-09-15 10:20:00,PT5M,78.911,100.0,93.031,64.791,52.0825
648,649,326,352,32,0.15,56.7,0.9,117,2026-09-15 10:25:00,PT5M,79.295,100.0,93.2574,65.3326,52.766
655,656,327,355,32,0.15,56.2,0.9,117,2026-09-15 10:30:00,PT5M,79.656,100.0,93.4676,65.8444,53.4135
656,657,319,361,32,0.15,55.8,0.9,117,2026-09-15 10:35:00,PT5M,79.406,100.0,93.2216,65.5904,53.156
652,653,303,370,32,0.15,55.6,0.9,117,2026-09-15 10:40:00,PT5M,78.561,100.0,92.5245,64.5975,52.03
648,649,287,378,32,0.15,55.3,1.0,118,2026-09-15 10:45:00,PT5M,77.713,100.0,91.8278,63.5982,50.8945
643,644,272,386,32,0.15,55.1,1.0,118,2026-09-15 10:50:00,PT5M,76.857,100.0,91.1341,62.5799,49.73
638,639,257,393,32,0.15,54.8,1.0,118,2026-09-15 10:55:00,PT5M,75.986,100.0,90.4381,61.5339,48.5265
632,633,243,400,32,0.15,54.6,1.0,119,2026-09-15 11:00:00,PT5M,75.077,100.0,89.7268,60.4272,47.242
626,627,228,406,32,0.15,54.4,1.0,119,2026-09-15 11:05:00,PT5M,74.161,100.0,89.0144,59.3076,45.939
620,621,214,412,32,0.15,54.1,1.1,120,2026-09-15 11:10:00,PT5M,73.264,100.0,88.3135,58.2145,44.6695
613,614,201,417,33,0.15,53.9,1.1,120,2026-09-15 11:15:00,PT5M,72.376,100.0,87.6268,57.1252,43.399
605,606,188,422,33,0.15,53.6,1.1,120,2026-09-15 11:20:00,PT5M,71.444,100.0,86.9132,55.9748,42.052
598,599,175,426,33,0.15,53.4,1.1,121,2026-09-15 11:25:00,PT5M,70.489,100.0,86.1848,54.7932,40.6665
590,591,162,430,33,0.15,53.2,1.2,121,2026-09-15 11:30:00,PT5M,69.515,99.7805,85.4439,53.5861,39.2495
584,585,153,433,33,0.15,52.9,1.1,121,2026-09-15 11:35:00,PT5M,68.831,99.377,84.9076,52.7544,38.285
581,582,148,435,33,0.15,52.7,1.1,120,2026-09-15 11:40:00,PT5M,68.431,99.096,84.5702,52.2918,37.766
577,579,142,437,33,0.15,52.5,1.1,120,2026-09-15 11:45:00,PT5M,68.001,98.797,84.2092,51.7928,37.205
573,575,136,439,33,0.15,52.3,1.0,119,2026-09-15 11:50:00,PT5M,67.524,98.4675,83.8098,51.2382,36.5805
569,570,131,440,33,0.15,52.0,1.0,119,2026-09-15 11:55:00,PT5M,67.011,98.1145,83.381,50.641,35.9075
565,566,125,441,33,0.15,51.8,1.0,118,2026-09-15 12:00:00,PT5M,66.47,97.7445,82.93,50.01,35.1955
560,561,119,442,33,0.15,51.6,0.9,118,2026-09-15 12:05:00,PT5M,65.93,97.1285,82.35,49.51,34.7315
555,556,114,442,33,0.15,51.3,0.9,117,2026-09-15 12:10:00,PT5M,65.378,96.416,81.7135,49.0425,34.34
549,550,108,443,33,0.15,51.1,0.9,116,2026-09-15 12:15:00,PT5M,64.795,95.674,81.0468,48.5432,33.916
543,545,102,443,33,0.15,50.9,0.8,115,2026-09-15 12:20:00,PT5M,64.17,94.8835,80.3347,48.0053,33.4565
537,538,97,442,33,0.15,50.7,0.8,115,2026-09-15 12:25:00,PT5M,63.556,94.0965,79.6297,47.4823,33.0155
531,532,91,441,33,0.15,50.5,0.8,114,2026-09-15 12:30:00,PT5M,62.841,93.2055,78.8221,46.8599,32.4765
524,525,85,440,33,0.15,50.3,0.8,111,2026-09-15 12:35:00,PT5M,62.055,92.234,77.9384,46.1716,31.876
516,517,79,439,33,0.15,50.3,0.8,108,2026-09-15 12:40:00,PT5M,61.198,91.2235,77.0006,45.3954,31.1725
508,509,73,437,33,0.15,50.2,0.8,104,2026-09-15 12:45:00,PT5M,60.307,90.1345,76.0054,44.6086,30.4795
500,501,67,435,33,0.15,50.2,0.8,101,2026-09-15 12:50:00,PT5M,59.378,89.003,74.9698,43.7862,29.753
491,493,62,433,33,0.15,50.1,0.9,98,2026-09-15 12:55:00,PT5M,58.389,87.8105,73.8737,42.9043,28.9675
483,484,56,430,33,0.15,50.0,0.9,95,2026-09-15 13:00:00,PT5M,57.396,86.5975,72.765,42.027,28.1945
474,475,50,427,33,0.15,50.0,0.9,92,2026-09-15 13:05:00,PT5M,56.434,85.3885,71.673,41.195,27.4795
465,467,45,424,33,0.15,49.9,1.0,89,2026-09-15 13:10:00,PT5M,55.416,84.1195,70.5229,40.3091,26.7125
456,458,39,420,33,0.15,49.9,1.0,87,2026-09-15 13:15:00,PT5M,54.339,82.785,69.3103,39.3677,25.893
447,448,34,416,33,0.15,49.8,1.0,85,2026-09-15 13:20:00,PT5M,53.228,81.403,68.0567,38.3993,25.053
438,439,29,412,33,0.15,49.8,1.1,83,2026-09-15 13:25:00,PT5M,52.088,79.976,66.7657,37.4103,24.2
429,430,24,408,33,0.15,49.7,1.1,81,2026-09-15 13:30:00,PT5M,51.218,78.803,65.7362,36.6998,23.633
420,421,20,403,33,0.15,49.9,1.2,83,2026-09-15 13:35:00,PT5M,50.192,77.515,64.5723,35.8117,22.869
413,414,17,399,33,0.15,50.3,1.3,89,2026-09-15 13:40:00,PT5M,49.289,76.4495,63.5838,34.9942,22.1285
405,407,14,394,33,0.15,50.7,1.5,94,2026-09-15 13:45:00,PT5M,48.363,75.35,62.5665,34.1595,21.376
398,399,10,390,33,0.15,51.1,1.6,97,2026-09-15 13:50:00,PT5M,47.411,74.211,61.516,33.306,20.611
390,391,7,385,33,0.15,51.6,1.8,101,2026-09-15 13:55:00,PT5M,46.429,73.0285,60.4285,32.4295,19.8295
382,383,4,379,32,0.15,52.0,1.9,103,2026-09-15 14:00:00,PT5M,45.419,71.803,59.3051,31.5329,19.035
374,375,1,374,32,0.15,52.4,2.1,105,2026-09-15 14:05:00,PT5M,44.38,70.534,58.145,30.615,18.226
366,367,0,367,32,0.15,52.8,2.3,107,2026-09-15 14:10:00,PT5M,43.346,69.255,56.9821,29.7099,17.437
358,359,0,359,32,0.15,53.3,2.4,109,2026-09-15 14:15:00,PT5M,42.328,67.976,55.8267,28.8293,16.68
349,350,0,350,32,0.15,53.7,2.6,110,2026-09-15 14:20:00,PT5M,41.295,66.6665,54.6482,27.9418,15.9235
341,342,0,342,32,0.15,54.1,2.8,112,2026-09-15 14:25:00,PT5M,40.237,65.3015,53.4286,27.0454,15.1725
332,333,0,333,32,0.15,54.6,3.0,113,2026-09-15 14:30:00,PT5M,39.16,63.8915,52.1764,26.1436,14.4285
324,325,0,325,32,0.15,55.2,3.1,114,2026-09-15 14:35:00,PT5M,38.181,62.5795,51.0221,25.3399,13.7825
317,318,0,318,31,0.15,56.1,3.1,115,2026-09-15 14:40:00,PT5M,37.293,61.3595,49.9594,24.6266,13.2265
309,310,0,310,31,0.15,56.9,3.2,117,2026-09-15 14:45:00,PT5M,36.386,60.104,48.869,23.903,12.668
302,303,0,303,31,0.15,57.7,3.3,118,2026-09-15 14:50:00,PT5M,35.462,58.8145,47.7526,23.1714,12.1095
294,295,0,295,31,0.15,58.6,3.3,119,2026-09-15 14:55:00,PT5M,34.521,57.489,46.6092,22.4328,11.553
286,287,0,287,31,0.15,59.5,3.4,120,2026-09-15 15:00:00,PT5M,33.564,56.1495,45.4509,21.6771,10.9785
278,279,0,279,30,0.15,60.4,3.5,121,2026-09-15 15:05:00,PT5M,32.609,54.8145,44.2959,20.9221,10.4035
271,271,0,271,30,0.15,61.3,3.5,122,2026-09-15 15:10:00,PT5M,31.653,53.4755,43.1383,20.1677,9.8305
263,263,0,263,30,0.15,62.2,3.6,123,2026-09-15 15:15:00,PT5M,30.682,52.0995,41.9542,19.4098,9.2645
254,255,0,255,30,0.15,63.2,3.7,124,2026-09-15 15:20:00,PT5M,29.696,50.685,40.7427,18.6493,8.707
246,247,0,247,29,0.15,64.1,3.7,125,2026-09-15 15:25:00,PT5M,28.678,49.2125,39.4855,17.8705,8.1435
238,239,0,239,29,0.15,65.1,3.8,126,2026-09-15 15:30:00,PT5M,27.645,47.698,38.199,17.091,7.592
229,230,0,230,29,0.15,65.5,3.8,126,2026-09-15 15:35:00,PT5M,26.545,46.073,36.8227,16.2673,7.017
220,220,0,220,29,0.15,65.4,3.7,126,2026-09-15 15:40:00,PT5M,25.391,44.35,35.3693,15.4127,6.432
210,211,0,211,29,0.15,65.2,3.6,126,2026-09-15 15:45:00,PT5M,24.268,42.618,33.9257,14.6103,5.918
201,202,0,202,29,0.15,65.1,3.4,125,2026-09-15 15:50:00,PT5M,23.172,40.866,32.4845,13.8595,5.478
192,192,0,192,29,0.15,64.9,3.3,125,2026-09-15 15:55:00,PT5M,22.08,39.0775,31.0259,13.1341,5.0825
182,183,0,183,29,0.15,64.7,3.2,124,2026-09-15 16:00:00,PT5M,20.988,37.252,29.5479,12.4281,4.724
173,173,0,173,29,0.15,64.6,3.1,124,2026-09-15 16:05:00,PT5M,19.895,35.392,28.0512,11.7388,4.398
164,164,0,164,30,0.15,64.4,3.0,123,2026-09-15 16:10:00,PT5M,18.799,33.4995,26.536,11.062,4.0985
154,155,0,155,30,0.15,64.3,2.8,122,2026-09-15 16:15:00,PT5M,17.701,31.6915,25.0643,10.3377,3.7105
145,145,0,145,30,0.15,64.1,2.7,122,2026-09-15 16:20:00,PT5M,16.604,29.733,23.5139,9.6941,3.475
136,136,0,136,30,0.15,64.0,2.6,121,2026-09-15 16:25:00,PT5M,15.781,27.82,22.1172,9.4448,3.742
127,127,0,127,30,0.15,63.8,2.5,120,2026-09-15 16:30:00,PT5M,14.842,25.8085,20.6137,9.0703,3.8755
118,118,0,118,30,0.15,63.9,2.4,118,2026-09-15 16:35:00,PT5M,13.88,23.8505,19.1275,8.6325,3.9095
109,109,0,109,30,0.15,64.3,2.2,115,2026-09-15 16:40:00,PT5M,12.917,21.9775,17.6856,8.1484,3.8565
101,101,0,101,30,0.15,64.7,2.1,112,2026-09-15 16:45:00,PT5M,11.938,20.113,16.2406,7.6354,3.763
92,93,0,93,29,0.15,65.1,2.0,108,2026-09-15 16:50:00,PT5M,10.925,18.224,14.7665,7.0835,3.626
84,84,0,84,29,0.15,65.5,1.9,104,2026-09-15 16:55:00,PT5M,9.908,16.356,13.3016,6.5144,3.46
76,76,0,76,29,0.15,65.8,1.8,99,2026-09-15 17:00:00,PT5M,8.899,14.5285,11.8618,5.9362,3.2695
68,68,0,68,29,0.15,66.2,1.7,94,2026-09-15 17:05:00,PT5M,7.89,12.736,10.4405,5.3395,3.044
59,60,0,60,29,0.15,66.6,1.7,88,2026-09-15 17:10:00,PT5M,6.889,10.9365,9.0192,4.7588,2.8415
51,52,0,52,29,0.15,67.0,1.6,82,2026-09-15 17:15:00,PT5M,5.869,9.3905,7.7224,4.0156,2.3475
44,44,0,44,29,0.15,67.4,1.6,76,2026-09-15 17:20:00,PT5M,4.888,7.8985,6.4724,3.3036,1.8775
37,37,0,37,29,0.15,67.8,1.6,70,2026-09-15 17:25:00,PT5M,4.027,6.5785,5.3699,2.6841,1.4755
30,30,0,30,29,0.15,68.2,1.6,63,2026-09-15 17:30:00,PT5M,3.209,5.3195,4.3198,2.0982,1.0985
24,24,0,24,29,0.15,68.9,1.6,58,2026-09-15 17:35:00,PT5M,2.393,4.064,3.2725,1.5135,0.722
19,19,0,19,29,0.15,69.9,1.6,53,2026-09-15 17:40:00,PT5M,1.697,2.993,2.3791,1.0149,0.401
14,14,0,14,28,0.15,70.8,1.6,48,2026-09-15 17:45:00,PT5M,1.086,2.053,1.5949,0.5771,0.119
9,9,0,9,28,0.15,71.9,1.6,43,2026-09-15 17:50:00,PT5M,0.514,1.1415,0.8443,0.1837,0.0
5,5,0,5,28,0.15,72.9,1.6,38,2026-09-15 17:55:00,PT5M,0.0,0.207,0.1089,0.0,0.0
2,2,0,2,28,0.15,73.9,1.6,34,2026-09-15 18:00:00,PT5M,0.0,0.0,0.0,0.0,0.0
0,0,0,0,27,0.15,75.0,1.7,29,2026-09-15 18:05:00,PT5M,0.0,0.0,0.0,0.0,0.0
0,0,0,0,27,0.15,76.1,1.7,25,2026-09-15 18:10:00,PT5M,0.0,0.0,0.0,0.0,0.0
0,0,0,0,27,0.15,77.2,1.8,21,2026-09-15 18:15:00,PT5M,0.0,0.0,0.0,0.0,0.0
0,0,0,0,27,0.15,78.3,1.8,17,2026-09-15 18:20:00,PT5M,0.0,0.0,0.0,0.0,0.0
0,0,0,0,27,0.15,79.4,1.9,13,2026-09-15 18:25:00,PT5M,0.0,0.0,0.0,0.0,0.0
0,0,0,0,26,0.15,80.5,2.0,10,2026-09-15 18:30:00,PT5M,0.0,0.0,0.0,0.0,0.0
0,0,0,0,26,0.15,81.4,2.0,7,2026-09-15 18:35:00,PT5M,0.0,0.0,0.0,0.0,0.0
0,0,0,0,26,0.15,82.1,2.0,5,2026-09-15 18:40:00,PT5M,0.0,0.0,0.0,0.0,0.0
0,0,0,0,26,0.15,82.7,2.0,3,2026-09-15 18:45:00,PT5M,0.0,0.0,0.0,0.0,0.0
0,0,0,0,26,0.15,83.4,2.1,1,2026-09-15 18:50:00,PT5M,0.0,0.0,0.0,0.0,0.0
0,0,0,0,26,0.15,84.1,2.1,359,2026-09-15 18:55:00,PT5M,0.0,0.0,0.0,0.0,0.0
0,0,0,0,26,0.15,84.7,2.1,357,2026-09-15 19:00:00,PT5M,0.0,0.0,0.0,0.0,0.0
0,0,0,0,26,0.15,85.4,2.1,355,2026-09-15 19:05:00,PT5M,0.0,0.0,0.0,0.0,0.0
0,0,0,0,26,0.15,86.1,2.1,353,2026-09-15 19:10:00,PT5M,0.0,0.0,0.0,0.0,0.0
0,0,0,0,26,0.15,86.8,2.2,351,2026-09-15 19:15:00,PT5M,0.0,0.0,0.0,0.0,0.0
0,0,0,0,25,0.15,87.5,2.2,349,2026-09-15 19:20:00,PT5M,0.0,0.0,0.0,0.0,0.0
0,0,0,0,25,0.15,88.2,2.2,347,2026-09-15 19:25:00,PT5M,0.0,0.0,0.0,0.0,0.0
0,0,0,0,25,0.15,88.9,2.3,346,2026-09-15 19:30:00,PT5M,0.0,0.0,0.0,0.0,0.0
0,0,0,0,25,0.15,89.3,2.2,344,2026-09-15 19:35:00,PT5M,0.0,0.0,0.0,0.0,0.0
0,0,0,0,25,0.15,89.4,2.2,342,2026-09-15 19:40:00,PT5M,0.0,0.0,0.0,0.0,0.0
0,0,0,0,25,0.15,89.6,2.1,340,2026-09-15 19:45:00,PT5M,0.0,0.0,0.0,0.0,0.0
0,0,0,0,25,0.15,89.7,2.0,338,2026-09-15 19:50:00,PT5M,0.0,0.0,0.0,0.0,0.0
0,0,0,0,25,0.15,89.8,1.9,336,2026-09-15 19:55:00,PT5M,0.0,0.0,0.0,0.0,0.0
0,0,0,0,25,0.15,90.0,1.8,333,2026-09-15 20:00:00,PT5M,0.0,0.0,0.0,0.0,0.0
0,0,0,0,25,0.15,90.1,1.8,331,2026-09-15 20:05:00,PT5M,0.0,0.0,0.0,0.0,0.0
0,0,0,0,25,0.15,90.2,1.7,328,2026-09-15 20:10:00,PT5M,0.0,0.0,0.0,0.0,0.0
0,0,0,0,25,0.15,90.4,1.7,325,2026-09-15 20:15:00,PT5M,0.0,0.0,0.0,0.0,0.0
0,0,0,0,25,0.15,90.5,1.6,321,2026-09-15 20:20:00,PT5M,0.0,0.0,0.0,0.0,0.0
0,0,0,0,25,0.15,90.6,1.5,318,2026-09-15 20:25:00,PT5M,0.0,0.0,0.0,0.0,0.0
0,0,0,0,25,0.15,90.8,1.5,314,2026-09-15 20:30:00,PT5M,0.0,0.0,0.0,0.0,0.0
0,0,0,0,25,0.15,90.7,1.5,312,2026-09-15 20:35:00,PT5M,0.0,0.0,0.0,0.0,0.0
0,0,0,0,25,0.15,90.6,1.4,310,2026-09-15 20:40:00,PT5M,0.0,0.0,0.0,0.0,0.0
0,0,0,0,25,0.15,90.4,1.4,309,2026-09-15 20:45:00,PT5M,0.0,0.0,0.0,0.0,0.0
0,0,0,0,25,0.15,90.2,1.4,308,2026-09-15 20:50:00,PT5M,0.0,0.0,0.0,0.0,0.0
0,0,0,0,25,0.15,90.0,1.3,306,2026-09-15 20:55:00,PT5M,0.0,0.0,0.0,0.0,0.0
0,0,0,0,25,0.15,89.8,1.3,305,2026-09-15 21:00:00,PT5M,0.0,0.0,0.0,0.0,0.0
0,0,0,0,25,0.15,89.7,1.2,303,2026-09-15 21:05:00,PT5M,0.0,0.0,0.0,0.0,0.0
0,0,0,0,25,0.15,89.5,1.2,301,2026-09-15 21:10:00,PT5M,0.0,0.0,0.0,0.0,0.0
0,0,0,0,25,0.15,89.3,1.2,299,2026-09-15 21:15:00,PT5M,0.0,0.0,0.0,0.0,0.0
0,0,0,0,25,0.15,89.1,1.1,297,2026-09-15 21:20:00,PT5M,0.0,0.0,0.0,0.0,0.0
0,0,0,0,25,0.15,89.0,1.1,295,2026-09-15 21:25:00,PT5M,0.0,0.0,0.0,0.0,0.0
0,0,0,0,25,0.15,88.8,1.1,293,2026-09-15 21:30:00,PT5M,0.0,0.0,0.0,0.0,0.0
0,0,0,0,25,0.15,88.6,1.1,291,2026-09-15 21:35:00,PT5M,0.0,0.0,0.0,0.0,0.0
0,0,0,0,25,0.15,88.4,1.1,288,2026-09-15 21:40:00,PT5M,0.0,0.0,0.0,0.0,0.0
0,0,0,0,25,0.15,88.3,1.0,285,2026-09-15 21:45:00,PT5M,0.0,0.0,0.0,0.0,0.0
0,0,0,0,25,0.15,88.1,1.0,283,2026-09-15 21:50:00,PT5M,0.0,0.0,0.0,0.0,0.0
0,0,0,0,25,0.15,87.9,1.0,280,2026-09-15 21:55:00,PT5M,0.0,0.0,0.0,0.0,0.0
0,0,0,0,25,0.15,87.7,1.0,277,2026-09-15 22:00:00,PT5M,0.0,0.0,0.0,0.0,0.0
0,0,0,0,25,0.15,87.6,1.0,274,2026-09-15 22:05:00,PT5M,0.0,0.0,0.0,0.0,0.0
0,0,0,0,26,0.15,87.4,1.0,271,2026-09-15 22:10:00,PT5M,0.0,0.0,0.0,0.0,0.0
0,0,0,0,26,0.15,87.2,1.0,269,2026-09-15 22:15:00,PT5M,0.0,0.0,0.0,0.0,0.0
0,0,0,0,26,0.15,87.0,1.0,266,2026-09-15 22:20:00,PT5M,0.0,0.0,0.0,0.0,0.0
0,0,0,0,26,0.15,86.9,1.0,263,2026-09-15 22:25:00,PT5M,0.0,0.0,0.0,0.0,0.0
0,0,0,0,26,0.15,86.7,1.0,260,2026-09-15 22:30:00,PT5M,0.0,0.0,0.0,0.0,0.0
0,0,0,0,26,0.15,86.7,1.0,257,2026-09-15 22:35:00,PT5M,0.0,0.0,0.0,0.0,0.0
0,0,0,0,26,0.15,86.7,1.0,253,2026-09-15 22:40:00,PT5M,0.0,0.0,0.0,0.0,0.0
0,0,0,0,26,0.15,86.8,1.0,249,2026-09-15 22:45:00,PT5M,0.0,0.0,0.0,0.0,0.0
0,0,0,0,26,0.15,86.9,1.1,246,2026-09-15 22:50:00,PT5M,0.0,0.0,0.0,0.0,0.0
0,0,0,0,26,0.15,87.0,1.1,243,2026-09-15 22:55:00,PT5M,0.0,0.0,0.0,0.0,0.0
0,0,0,0,26,0.15,87.1,1.1,239,2026-09-15 23:00:00,PT5M,0.0,0.0,0.0,0.0,0.0
0,0,0,0,26,0.15,87.2,1.1,236,2026-09-15 23:05:00,PT5M,0.0,0.0,0.0,0.0,0.0
0,0,0,0,26,0.15,87.3,1.2,233,2026-09-15 23:10:00,PT5M,0.0,0.0,0.0,0.0,0.0
0,0,0,0,26,0.15,87.3,1.2,230,2026-09-15 23:15:00,PT5M,0.0,0.0,0.0,0.0,0.0
0,0,0,0,25,0.15,87.4,1.2,228,2026-09-15 23:20:00,PT5M,0.0,0.0,0.0,0.0,0.0
0,0,0,0,25,0.15,87.5,1.3,225,2026-09-15 23:25:00,PT5M,0.0,0.0,0.0,0.0,0.0
0,0,0,0,25,0.15,87.6,1.3,223,2026-09-15 23:30:00,PT5M,0.0,0.0,0.0,0.0,0.0
0,0,0,0,25,0.15,87.6,1.3,222,2026-09-15 23:35:00,PT5M,0.0,0.0,0.0,0.0,0.0
0,0,0,0,25,0.15,87.5,1.4,222,2026-09-15 23:40:00,PT5M,0.0,0.0,0.0,0.0,0.0
0,0,0,0,25,0.15,87.4,1.4,223,2026-09-15 23:45:00,PT5M,0.0,0.0,0.0,0.0,0.0
0,0,0,0,25,0.15,87.3,1.4,223,2026-09-15 23:50:00,PT5M,0.0,0.0,0.0,0.0,0.0
0,0,0,0,25,0.15,87.3,1.4,223,2026-09-15 23:55:00,PT5M,0.0,0.0,0.0,0.0,0.0
0,0,0,0,25,0.15,87.2,1.4,223,2026-09-16 00:00:00,PT5M,0.0,0.0,0.0,0.0,0.0
0,0,0,0,25,0.15,87.1,1.4,224,2026-09-16 00:05:00,PT5M,0.0,0.0,0.0,0.0,0.0
0,0,0,0,25,0.15,87.0,1.4,224,2026-09-16 00:10:00,PT5M,0.0,0.0,0.0,0.0,0.0
0,0,0,0,25,0.15,86.9,1.4,224,2026-09-16 00:15:00,PT5M,0.0,0.0,0.0,0.0,0.0
0,0,0,0,25,0.15,86.8,1.4,224,2026-09-16 00:20:00,PT5M,0.0,0.0,0.0,0.0,0.0
0,0,0,0,25,0.15,86.7,1.4,225,2026-09-16 00:25:00,PT5M,0.0,0.0,0.0,0.0,0.0
0,0,0,0,25,0.15,86.6,1.4,225,2026-09-16 00:30:00,PT5M,0.0,0.0,0.0,0.0,0.0
0,0,0,0,25,0.15,86.5,1.4,225,2026-09-16 00:35:00,PT5M,0.0,0.0,0.0,0.0,0.0
0,0,0,0,25,0.15,86.5,1.4,225,2026-09-16 00:40:00,PT5M,0.0,0.0,0.0,0.0,0.0
0,0,0,0,25,0.15,86.4,1.4,226,2026-09-16 00:45:00,PT5M,0.0,0.0,0.0,0.0,0.0
0,0,0,0,25,0.15,86.3,1.4,226,2026-09-16 00:50:00,PT5M,0.0,0.0,0.0,0.0,0.0
0,0,0,0,25,0.15,86.2,1.4,226,2026-09-16 00:55:00,PT5M,0.0,0.0,0.0,0.0,0.0
0,0,0,0,25,0.15,86.1,1.4,226,2026-09-16 01:00:00,PT5M,0.0,0.0,0.0,0.0,0.0
0,0,0,0,25,0.15,86.0,1.4,227,2026-09-16 01:05:00,PT5M,0.0,0.0,0.0,0.0,0.0
0,0,0,0,25,0.15,85.9,1.4,227,2026-09-16 01:10:00,PT5M,0.0,0.0,0.0,0.0,0.0
0,0,0,0,25,0.15,85.8,1.4,227,2026-09-16 01:15:00,PT5M,0.0,0.0,0.0,0.0,0.0
0,0,0,0,25,0.15,85.8,1.4,227,2026-09-16 01:20:00,PT5M,0.0,0.0,0.0,0.0,0.0
0,0,0,0,25,0.15,85.7,1.4,228,2026-09-16 01:25:00,PT5M,0.0,0.0,0.0,0.0,0.0
0,0,0,0,25,0.15,85.6,1.3,228,2026-09-16 01:30:00,PT5M,0.0,0.0,0.0,0.0,0.0
0,0,0,0,25,0.15,85.5,1.3,228,2026-09-16 01:35:00,PT5M,0.0,0.0,0.0,0.0,0.0
0,0,0,0,25,0.15,85.5,1.3,227,2026-09-16 01:40:00,PT5M,0.0,0.0,0.0,0.0,0.0
0,0,0,0,25,0.15,85.5,1.3,226,2026-09-16 01:45:00,PT5M,0.0,0.0,0.0,0.0,0.0
0,0,0,0,25,0.15,85.5,1.3,225,2026-09-16 01:50:00,PT5M,0.0,0.0,0.0,0.0,0.0
0,0,0,0,25,0.15,85.5,1.3,225,2026-09-16 01:55:00,PT5M,0.0,0.0,0.0,0.0,0.0
0,0,0,0,25,0.15,85.5,1.2,224,2026-09-16 02:00:00,PT5M,0.0,0.0,0.0,0.0,0.0
0,0,0,0,25,0.15,85.5,1.2,223,2026-09-16 02:05:00,PT5M,0.0,0.0,0.0,0.0,0.0
0,0,0,0,25,0.15,85.5,1.2,222,2026-09-16 02:10:00,PT5M,0.0,0.0,0.0,0.0,0.0
0,0,0,0,25,0.15,85.5,1.2,221,2026-09-16 02:15:00,PT5M,0.0,0.0,0.0,0.0,0.0
0,0,0,0,25,0.15,85.5,1.2,220,2026-09-16 02:20:00,PT5M,0.0,0.0,0.0,0.0,0.0
0,0,0,0,25,0.15,85.5,1.2,219,2026-09-16 02:25:00,PT5M,0.0,0.0,0.0,0.0,0.0
0,0,0,0,25,0.15,85.5,1.1,218,2026-09-16 02:30:00,PT5M,0.0,0.0,0.0,0.0,0.0
0,0,0,0,25,0.15,85.6,1.1,218,2026-09-16 02:35:00,PT5M,0.0,0.0,0.0,0.0,0.0
0,0,0,0,25,0.15,85.6,1.1,218,2026-09-16 02:40:00,PT5M,0.0,0.0,0.0,0.0,0.0
0,0,0,0,25,0.15,85.7,1.1,217,2026-09-16 02:45:00,PT5M,0.0,0.0,0.0,0.0,0.0
0,0,0,0,25,0.15,85.8,1.1,217,2026-09-16 02:50:00,PT5M,0.0,0.0,0.0,0.0,0.0
0,0,0,0,25,0.15,85.9,1.0,217,2026-09-16 02:55:00,PT5M,0.0,0.0,0.0,0.0,0.0
0,0,0,0,25,0.15,86.0,1.0,217,2026-09-16 03:00:00,PT5M,0.0,0.0,0.0,0.0,0.0
0,0,0,0,25,0.15,86.1,1.0,217,2026-09-16 03:05:00,PT5M,0.0,0.0,0.0,0.0,0.0
0,0,0,0,25,0.15,86.2,1.0,217,2026-09-16 03:10:00,PT5M,0.0,0.0,0.0,0.0,0.0
0,0,0,0,25,0.15,86.2,0.9,216,2026-09-16 03:15:00,PT5M,0.0,0.0,0.0,0.0,0.0
0,0,0,0,25,0.15,86.3,0.9,216,2026-09-16 03:20:00,PT5M,0.0,0.0,0.0,0.0,0.0
0,0,0,0,25,0.15,86.4,0.9,216,2026-09-16 03:25:00,PT5M,0.0,0.0,0.0,0.0,0.0
0,0,0,0,25,0.15,86.5,0.9,216,2026-09-16 03:30:00,PT5M,0.0,0.0,0.0,0.0,0.0
0,0,0,0,25,0.15,86.4,0.9,217,2026-09-16 03:35:00,PT5M,0.0,0.0,0.0,0.0,0.0
0,0,0,0,25,0.15,86.1,0.9,219,2026-09-16 03:40:00,PT5M,0.0,0.0,0.0,0.0,0.0
0,0,0,0,25,0.15,85.9,0.9,221,2026-09-16 03:45:00,PT5M,0.0,0.0,0.0,0.0,0.0
0,0,0,0,25,0.15,85.6,0.9,223,2026-09-16 03:50:00,PT5M,0.0,0.0,0.0,0.0,0.0
0,0,0,0,25,0.15,85.4,0.9,224,2026-09-16 03:55:00,PT5M,0.0,0.0,0.0,0.0,0.0
0,0,0,0,25,0.15,85.1,0.9,226,2026-09-16 04:00:00,PT5M,0.0,0.0,0.0,0.0,0.0
0,0,0,0,25,0.15,84.9,1.0,228,2026-09-16 04:05:00,PT5M,0.0,0.0,0.0,0.0,0.0
0,0,0,0,25,0.15,84.6,1.0,230,2026-09-16 04:10:00,PT5M,0.0,0.0,0.0,0.0,0.0
0,0,0,0,25,0.15,84.3,1.0,231,2026-09-16 04:15:00,PT5M,0.0,0.0,0.0,0.0,0.0
0,0,0,0,25,0.15,84.1,1.0,233,2026-09-16 04:20:00,PT5M,0.0,0.0,0.0,0.0,0.0
0,0,0,0,25,0.15,83.8,1.0,234,2026-09-16 04:25:00,PT5M,0.0,0.0,0.0,0.0,0.0
0,0,0,0,25,0.15,83.6,1.1,236,2026-09-16 04:30:00,PT5M,0.0,0.0,0.0,0.0,0.0
0,0,0,0,25,0.15,83.5,1.0,236,2026-09-16 04:35:00,PT5M,0.0,0.0,0.0,0.0,0.0
0,0,0,0,25,0.15,83.7,1.0,236,2026-09-16 04:40:00,PT5M,0.0,0.0,0.0,0.0,0.0
0,0,0,0,25,0.15,83.9,0.9,236,2026-09-16 04:45:00,PT5M,0.0,0.0,0.0,0.0,0.0
0,0,0,0,25,0.15,84.0,0.8,236,2026-09-16 04:50:00,PT5M,0.0,0.0,0.0,0.0,0.0
0,0,0,0,25,0.15,84.2,0.7,235,2026-09-16 04:55:00,PT5M,0.0,0.0,0.0,0.0,0.0
0,0,0,0,25,0.15,84.4,0.6,235,2026-09-16 05:00:00,PT5M,0.0,0.0,0.0,0.0,0.0
0,0,0,0,25,0.15,84.6,0.6,235,2026-09-16 05:05:00,PT5M,0.0,0.0,0.0,0.0,0.0
0,0,0,0,25,0.15,84.7,0.5,234,2026-09-16 05:10:00,PT5M,0.0,0.0,0.0,0.0,0.0
0,0,0,0,25,0.15,84.9,0.4,234,2026-09-16 05:15:00,PT5M,0.0,0.0,0.0,0.0,0.0
0,0,0,0,25,0.15,85.1,0.3,233,2026-09-16 05:20:00,PT5M,0.0,0.0,0.0,0.0,0.0
0,0,0,0,25,0.15,85.2,0.3,231,2026-09-16 05:25:00,PT5M,0.0,0.0,0.0,0.0,0.0
0,0,0,0,25,0.15,85.4,0.2,228,2026-09-16 05:30:00,PT5M,0.0,0.0,0.0,0.0,0.0
0,0,0,0,25,0.15,85.6,0.1,221,2026-09-16 05:35:00,PT5M,0.0,0.0,0.0,0.0,0.0
0,0,0,0,25,0.15,85.7,0.1,212,2026-09-16 05:40:00,PT5M,0.0,0.0,0.0,0.0,0.0
0,0,0,0,25,0.15,85.8,0.1,201,2026-09-16 05:45:00,PT5M,0.0,0.0,0.0,0.0,0.0
0,0,0,0,25,0.15,85.9,0.1,187,2026-09-16 05:50:00,PT5M,0.0,0.0,0.0,0.0,0.0
0,0,0,0,25,0.15,86.1,0.1,173,2026-09-16 05:55:00,PT5M,0.0,0.0,0.0,0.0,0.0
0,0,0,0,25,0.15,86.2,0.1,159,2026-09-16 06:00:00,PT5M,0.0,0.0,0.0,0.0,0.0
3,3,0,3,25,0.15,86.3,0.1,148,2026-09-16 06:05:00,PT5M,0.0,0.0,0.0,0.0,0.0
7,7,0,7,25,0.15,86.5,0.1,139,2026-09-16 06:10:00,PT5M,0.239,0.658,0.4595,0.0185,0.0
11,11,0,11,25,0.15,86.6,0.2,132,2026-09-16 06:15:00,PT5M,0.834,1.7015,1.2906,0.3774,0.0
16,16,0,16,25,0.15,86.7,0.2,126,2026-09-16 06:20:00,PT5M,1.472,2.707,2.122,0.822,0.237
22,22,0,22,25,0.15,86.9,0.2,122,2026-09-16 06:25:00,PT5M,2.143,3.7735,3.0011,1.2849,0.5125
28,28,0,28,25,0.15,87.0,0.2,118,2026-09-16 06:30:00,PT5M,2.915,5.004,4.0145,1.8155,0.826
35,35,0,35,25,0.15,87.0,0.2,115,2026-09-16 06:35:00,PT5M,3.86,6.509,5.2542,2.4658,1.211
44,44,0,44,25,0.15,87.0,0.2,111,2026-09-16 06:40:00,PT5M,4.941,8.5965,6.8649,3.0171,1.2855
53,53,0,53,25,0.15,86.9,0.2,106,2026-09-16 06:45:00,PT5M,6.164,11.042,8.7313,3.5967,1.286
64,64,0,64,25,0.15,86.9,0.2,102,2026-09-16 06:50:00,PT5M,7.598,13.9185,10.9245,4.2715,1.2775
76,76,0,76,25,0.15,86.9,0.2,97,2026-09-16 06:55:00,PT5M,9.082,17.055,13.2782,4.8858,1.109
89,89,0,89,25,0.15,86.8,0.2,92,2026-09-16 07:00:00,PT5M,10.67,20.573,15.882,5.458,0.767
102,102,0,102,25,0.15,86.8,0.2,88,2026-09-16 07:05:00,PT5M,12.319,24.243,18.5947,6.0433,0.395
116,117,1,116,25,0.15,86.7,0.2,83,2026-09-16 07:10:00,PT5M,14.122,28.2845,21.5758,6.6682,0.0
131,132,18,126,25,0.15,86.7,0.2,78,2026-09-16 07:15:00,PT5M,16.96,33.591,25.713,8.207,0.329
147,148,37,135,25,0.15,86.6,0.2,74,2026-09-16 07:20:00,PT5M,19.976,39.274,30.1327,9.8193,0.678
164,165,58,144,25,0.15,86.6,0.2,69,2026-09-16 07:25:00,PT5M,23.435,45.6,35.1006,11.7694,1.27
182,183,80,153,25,0.15,86.6,0.2,65,2026-09-16 07:30:00,PT5M,27.251,52.519,40.5497,13.9523,1.983
198,199,94,161,25,0.15,86.5,0.2,67,2026-09-16 07:35:00,PT5M,30.371,58.2385,45.0379,15.7041,2.5035
210,211,100,169,25,0.15,86.4,0.2,77,2026-09-16 07:40:00,PT5M,32.298,62.233,48.053,16.543,2.363
223,224,106,178,25,0.15,86.3,0.1,92,2026-09-16 07:45:00,PT5M,34.218,65.7865,50.8327,17.6033,2.6495
236,237,111,186,25,0.15,86.2,0.1,112,2026-09-16 07:50:00,PT5M,35.969,68.216,52.9408,18.9972,3.722
249,250,116,194,25,0.15,86.2,0.1,135,2026-09-16 07:55:00,PT5M,37.684,70.58,54.9974,20.3706,4.788
261,262,122,202,25,0.15,86.1,0.1,154,2026-09-16 08:00:00,PT5M,39.359,72.871,56.9966,21.7214,5.847
274,275,127,210,25,0.15,86.0,0.2,168,2026-09-16 08:05:00,PT5M,40.989,75.075,58.9287,23.0493,6.903
287,288,132,218,25,0.15,85.9,0.2,177,2026-09-16 08:10:00,PT5M,42.57,77.177,60.7839,24.3561,7.963
300,301,136,225,25,0.15,85.8,0.3,183,2026-09-16 08:15:00,PT5M,44.099,79.1645,62.5542,25.6438,9.0335
312,313,141,233,25,0.15,85.7,0.3,187,2026-09-16 08:20:00,PT5M,45.573,81.0275,64.233,26.913,10.1185
325,326,146,240,25,0.15,85.6,0.3,190,2026-09-16 08:25:00,PT5M,47.016,82.7525,65.8244,28.2076,11.2795
337,339,150,248,25,0.15,85.6,0.4,193,2026-09-16 08:30:00,PT5M,48.425,84.395,67.3563,29.4937,12.455
350,351,154,255,25,0.15,85.5,0.5,194,2026-09-16 08:35:00,PT5M,49.762,88.348,70.0701,29.4539,11.176
361,363,158,262,25,0.15,85.4,0.5,195,2026-09-16 08:40:00,PT5M,51.024,89.596,71.3247,30.7233,12.452
373,374,161,269,25,0.15,85.3,0.6,195,2026-09-16 08:45:00,PT5M,52.244,90.5105,72.3839,32.1041,13.9775
385,386,165,275,25,0.15,85.2,0.7,195,2026-09-16 08:50:00,PT5M,53.422,91.318,73.3669,33.4771,15.526
396,397,168,282,25,0.15,85.1,0.8,195,2026-09-16 08:55:00,PT5M,54.569,92.1,74.3218,34.8162,17.038
407,409,171,288,25,0.15,85.0,0.9,195,2026-09-16 09:00:00,PT5M,55.685,92.8565,75.2486,36.1214,18.5135
419,420,175,294,25,0.15,85.0,1.0,196,2026-09-16 09:05:00,PT5M,56.837,93.645,76.2093,37.4647,20.029
430,431,179,300,25,0.15,84.9,1.1,196,2026-09-16 09:10:00,PT5M,57.981,94.4285,77.1636,38.7984,21.5335
441,443,183,306,25,0.15,84.8,1.2,196,2026-09-16 09:15:00,PT5M,59.096,95.188,78.0915,40.1005,23.004
452,454,187,311,25,0.15,84.7,1.2,196,2026-09-16 09:20:00,PT5M,60.182,95.9255,78.9941,41.3699,24.4385
463,464,190,317,25,0.15,84.6,1.3,196,2026-09-16 09:25:00,PT5M,61.239,96.64,79.8708,42.6072,25.838
474,475,194,322,25,0.15,84.5,1.4,196,2026-09-16 09:30:00,PT5M,62.268,97.333,80.723,43.813,27.203
485,486,199,327,25,0.15,84.5,1.5,196,2026-09-16 09:35:00,PT5M,63.387,98.1405,81.678,45.096,28.6335
497,498,205,331,25,0.15,84.6,1.5,195,2026-09-16 09:40:00,PT5M,64.596,99.0635,82.7365,46.4555,30.1285
508,509,210,336,25,0.15,84.7,1.6,194,2026-09-16 09:45:00,PT5M,65.746,99.942,83.7436,47.7484,31.55
520,521,215,340,25,0.15,84.8,1.6,193,2026-09-16 09:50:00,PT5M,66.858,100.0,84.7188,48.9972,32.922
531,531,221,344,25,0.15,84.9,1.6,193,2026-09-16 09:55:00,PT5M,67.942,100.0,85.6712,50.2128,34.256
541,542,226,347,25,0.15,85.0,1.7,192,2026-09-16 10:00:00,PT5M,68.996,100.0,86.5994,51.3926,35.549
552,553,231,351,25,0.15,85.0,1.7,192,2026-09-16 10:05:00,PT5M,70.016,100.0,87.5007,52.5313,36.7945
562,563,237,354,25,0.15,85.1,1.7,191,2026-09-16 10:10:00,PT5M,71.007,100.0,88.3786,53.6354,38.0005
572,573,242,357,25,0.15,85.2,1.8,191,2026-09-16 10:15:00,PT5M,71.967,100.0,89.2309,54.7031,39.165
582,583,247,360,25,0.15,85.3,1.8,190,2026-09-16 10:20:00,PT5M,72.897,100.0,90.0588,55.7352,40.289
592,593,253,363,25,0.15,85.4,1.9,190,2026-09-16 10:25:00,PT5M,73.801,100.0,90.8655,56.7365,41.378
602,602,258,365,25,0.15,85.5,1.9,189,2026-09-16 10:30:00,PT5M,74.679,100.0,91.6506,57.7074,42.4325
607,608,258,369,25,0.15,85.6,1.9,189,2026-09-16 10:35:00,PT5M,75.057,100.0,92.0049,58.1091,42.8555
608,609,251,374,25,0.15,85.7,2.0,189,2026-09-16 10:40:00,PT5M,74.944,100.0,91.9387,57.9493,42.6535
609,610,245,379,25,0.15,85.8,2.0,190,2026-09-16 10:45:00,PT5M,74.812,100.0,91.8604,57.7636,42.4195
610,611,239,383,25,0.15,86.0,2.1,190,2026-09-16 10:50:00,PT5M,74.658,100.0,91.7682,57.5478,42.148
610,611,233,388,25,0.15,86.1,2.1,190,2026-09-16 10:55:00,PT5M,74.476,100.0,91.6573,57.2947,41.831
610,611,227,392,25,0.15,86.2,2.2,190,2026-09-16 11:00:00,PT5M,74.241,100.0,91.5123,56.9697,41.425
610,610,221,396,25,0.15,86.3,2.2,191,2026-09-16 11:05:00,PT5M,73.993,100.0,91.3569,56.6291,41.001
609,610,215,400,25,0.15,86.5,2.3,191,2026-09-16 11:10:00,PT5M,73.754,100.0,91.204,56.304,40.5985
607,608,209,404,25,0.15,86.6,2.3,191,2026-09-16 11:15:00,PT5M,73.494,100.0,91.035,55.953,40.1655
606,607,203,407,25,0.15,86.7,2.3,191,2026-09-16 11:20:00,PT5M,73.216,100.0,90.862,55.57,39.688
604,605,197,410,25,0.15,86.9,2.4,191,2026-09-16 11:25:00,PT5M,72.892,100.0,90.6499,55.1341,39.1515
601,602,192,413,25,0.15,87.0,2.4,192,2026-09-16 11:30:00,PT5M,72.542,100.0,90.4175,54.6665,38.578
601,602,189,415,25,0.15,87.0,2.5,192,2026-09-16 11:35:00,PT5M,72.436,100.0,90.3573,54.5147,38.385
603,604,189,416,25,0.15,86.9,2.5,192,2026-09-16 11:40:00,PT5M,72.57,100.0,90.4658,54.6742,38.5675
604,605,189,417,25,0.15,86.8,2.5,193,2026-09-16 11:45:00,PT5M,72.673,100.0,90.5485,54.7975,38.709
605,606,189,418,25,0.15,86.8,2.5,193,2026-09-16 11:50:00,PT5M,72.731,100.0,90.5925,54.8695,38.7935
606,607,189,418,25,0.15,86.7,2.5,193,2026-09-16 11:55:00,PT5M,72.75,100.0,90.6037,54.8963,38.8275
606,607,189,418,25,0.15,86.6,2.5,194,2026-09-16 12:00:00,PT5M,72.739,100.0,90.59,54.888,38.8215
606,607,188,419,25,0.15,86.5,2.5,194,2026-09-16 12:05:00,PT5M,72.733,100.0,90.5861,54.8799,38.8115
605,606,188,419,25,0.15,86.4,2.5,194,2026-09-16 12:10:00,PT5M,72.712,100.0,90.5725,54.8515,38.7765
605,605,188,418,25,0.15,86.3,2.6,195,2026-09-16 12:15:00,PT5M,72.661,100.0,90.5339,54.7881,38.702
603,604,187,418,25,0.15,86.2,2.6,195,2026-09-16 12:20:00,PT5M,72.56,100.0,90.4523,54.6677,38.564
602,602,186,417,25,0.15,86.2,2.6,195,2026-09-16 12:25:00,PT5M,72.424,100.0,90.3411,54.5069,38.381
600,600,186,417,25,0.15,86.1,2.6,195,2026-09-16 12:30:00,PT5M,72.255,100.0,90.2021,54.3079,38.155
596,597,184,416,25,0.15,86.0,2.6,196,2026-09-16 12:35:00,PT5M,71.956,100.0,89.9473,53.9647,37.772
592,593,181,415,25,0.15,86.0,2.6,196,2026-09-16 12:40:00,PT5M,71.525,100.0,89.575,53.475,37.2295
587,588,178,413,25,0.15,86.0,2.6,197,2026-09-16 12:45:00,PT5M,71.061,100.0,89.1749,52.9471,36.644
582,583,175,412,25,0.15,86.0,2.6,197,2026-09-16 12:50:00,PT5M,70.555,100.0,88.7408,52.3692,36.0015
577,578,173,410,25,0.15,86.0,2.6,197,2026-09-16 12:55:00,PT5M,69.998,100.0,88.2653,51.7307,35.2895
571,572,170,408,25,0.15,86.0,2.6,198,2026-09-16 13:00:00,PT5M,69.435,100.0,87.7821,51.0879,34.575
565,566,167,406,25,0.15,86.0,2.6,198,2026-09-16 13:05:00,PT5M,68.888,100.0,87.3059,50.4701,33.8935
559,560,164,404,25,0.15,86.0,2.6,199,2026-09-16 13:10:00,PT5M,68.28,100.0,86.7815,49.7785,33.1265
552,553,161,401,25,0.15,86.0,2.6,199,2026-09-16 13:15:00,PT5M,67.621,100.0,86.2152,49.0268,32.2915
546,547,158,398,25,0.15,86.0,2.6,200,2026-09-16 13:20:00,PT5M,66.927,100.0,85.6193,48.2347,31.411
539,540,155,395,25,0.15,86.0,2.6,200,2026-09-16 13:25:00,PT5M,66.202,100.0,84.9962,47.4078,30.4925
531,532,152,392,25,0.15,86.0,2.6,200,2026-09-16 13:30:00,PT5M,65.45,100.0,84.3492,46.5508,29.541
524,525,149,389,25,0.15,86.0,2.5,201,2026-09-16 13:35:00,PT5M,64.726,100.0,83.7328,45.7192,28.6125
517,518,147,385,25,0.15,86.0,2.5,201,2026-09-16 13:40:00,PT5M,64.03,100.0,83.1473,44.9127,27.7065
510,511,145,381,25,0.15,86.0,2.4,201,2026-09-16 13:45:00,PT5M,63.309,99.8475,82.5395,44.0785,26.7705
503,504,143,377,25,0.15,86.0,2.4,202,2026-09-16 13:50:00,PT5M,62.562,99.3215,81.9088,43.2152,25.8025
495,496,140,373,25,0.15,86.0,2.3,202,2026-09-16 13:55:00,PT5M,61.785,98.772,81.2515,42.3185,24.798
487,488,138,368,25,0.15,86.0,2.2,202,2026-09-16 14:00:00,PT5M,60.978,98.1985,80.5674,41.3886,23.7575
479,480,136,364,25,0.15,86.0,2.2,203,2026-09-16 14:05:00,PT5M,60.142,97.6025,79.8577,40.4263,22.6815
471,472,133,359,25,0.15,86.0,2.1,203,2026-09-16 14:10:00,PT5M,59.271,96.981,79.118,39.424,21.561
462,463,131,354,25,0.15,86.0,2.1,204,2026-09-16 14:15:00,PT5M,58.372,96.3365,78.353,38.391,20.4075
454,455,128,349,25,0.15,86.0,2.0,204,2026-09-16 14:20:00,PT5M,57.446,95.6705,77.5638,37.3282,19.2215
444,445,126,344,25,0.15,86.0,2.0,204,2026-09-16 14:25:00,PT5M,56.464,94.957,76.7231,36.2049,17.971
435,436,123,338,25,0.15,86.0,1.9,205,2026-09-16 14:30:00,PT5M,55.443,94.2105,75.8466,35.0394,16.6755
425,426,120,333,25,0.15,86.0,1.9,206,2026-09-16 14:35:00,PT5M,54.403,93.4485,74.9529,33.8531,15.3575
416,417,117,327,25,0.15,86.1,1.8,207,2026-09-16 14:40:00,PT5M,53.344,92.671,74.0421,32.6459,14.017
406,407,114,321,25,0.15,86.1,1.8,209,2026-09-16 14:45:00,PT5M,52.259,91.8705,73.1068,31.4112,12.6475
396,397,111,314,25,0.15,86.2,1.8,211,2026-09-16 14:50:00,PT5M,51.147,91.0465,72.1464,30.1476,11.2475
386,387,108,308,25,0.15,86.2,1.8,212,2026-09-16 14:55:00,PT5M,50.01,90.2005,71.1625,28.8575,9.8195
375,376,105,301,25,0.15,86.3,1.8,214,2026-09-16 15:00:00,PT5M,48.847,89.3315,70.1543,27.5397,8.3625
365,366,103,294,25,0.15,86.3,1.8,215,2026-09-16 15:05:00,PT5M,47.918,88.6935,69.3784,26.4576,7.1425
355,356,100,288,25,0.15,86.3,1.7,217,2026-09-16 15:10:00,PT5M,46.784,87.856,68.4005,25.1675,5.712
344,345,98,280,25,0.15,86.4,1.7,219,2026-09-16 15:15:00,PT5M,45.621,87.0025,67.4004,23.8416,4.2395
334,335,95,273,25,0.15,86.4,1.7,221,2026-09-16 15:20:00,PT5M,44.43,86.123,66.3733,22.4867,2.737
323,324,92,266,25,0.15,86.5,1.7,222,2026-09-16 15:25:00,PT5M,43.194,84.8735,65.1302,21.2578,1.5145
312,313,89,258,25,0.15,86.5,1.7,224,2026-09-16 15:30:00,PT5M,41.925,83.545,63.8299,20.0201,0.305
301,302,85,251,25,0.15,86.5,1.7,224,2026-09-16 15:35:00,PT5M,40.433,79.4105,60.9471,19.9189,1.4555
288,289,79,243,25,0.15,86.4,1.7,222,2026-09-16 15:40:00,PT5M,38.719,77.5155,59.1379,18.3001,0.0
276,277,73,236,25,0.15,86.3,1.7,221,2026-09-16 15:45:00,PT5M,36.999,75.516,57.2708,16.7272,0.0
263,264,67,228,25,0.15,86.2,1.7,219,2026-09-16 15:50:00,PT5M,35.258,73.3915,55.3279,15.1881,0.0
251,252,61,220,25,0.15,86.1,1.7,217,2026-09-16 15:55:00,PT5M,33.483,71.15,53.3074,13.6586,0.0
238,239,54,212,25,0.15,86.1,1.8,215,2026-09-16 16:00:00,PT5M,31.677,68.804,51.2172,12.1368,0.0
226,227,48,203,25,0.15,86.0,1.8,214,2026-09-16 16:05:00,PT5M,29.841,66.364,49.0633,10.6187,0.0
214,214,42,195,25,0.15,85.9,1.8,212,2026-09-16 16:10:00,PT5M,27.977,63.841,46.8525,9.1015,0.0
202,202,35,186,25,0.15,85.8,1.8,211,2026-09-16 16:15:00,PT5M,26.09,61.2475,44.5936,7.5864,0.0
189,190,29,178,25,0.15,85.7,1.8,209,2026-09-16 16:20:00,PT5M,24.196,58.538,42.2704,6.1216,0.0
178,178,23,169,25,0.15,85.6,1.8,207,2026-09-16 16:25:00,PT5M,22.752,54.8065,39.6225,5.8815,0.0
166,166,16,160,25,0.15,85.5,1.9,206,2026-09-16 16:30:00,PT5M,20.956,50.861,36.6952,5.2168,0.0
155,155,11,151,25,0.15,85.5,1.9,206,2026-09-16 16:35:00,PT5M,19.337,47.1615,33.9812,4.6928,0.0
144,145,8,142,25,0.15,85.6,1.9,206,2026-09-16 16:40:00,PT5M,17.885,43.6955,31.4693,4.3007,0.0
134,134,4,133,25,0.15,85.6,1.8,207,2026-09-16 16:45:00,PT5M,16.422,40.2285,28.9515,3.8925,0.0
123,124,0,124,25,0.15,85.6,1.8,208,2026-09-16 16:50:00,PT5M,14.93,36.7415,26.4095,3.4505,0.0
113,113,0,113,25,0.15,85.7,1.8,209,2026-09-16 16:55:00,PT5M,13.668,33.5035,24.1076,3.2284,0.0
103,103,0,103,25,0.15,85.7,1.8,210,2026-09-16 17:00:00,PT5M,12.409,30.2645,21.8065,3.0115,0.0
92,93,0,93,25,0.15,85.8,1.8,211,2026-09-16 17:05:00,PT5M,11.133,26.9905,19.4789,2.7871,0.0
82,82,0,82,25,0.15,85.8,1.8,211,2026-09-16 17:10:00,PT5M,9.865,23.725,17.1596,2.5704,0.0
72,72,0,72,25,0.15,85.8,1.8,212,2026-09-16 17:15:00,PT5M,8.541,20.5055,14.838,2.244,0.0
62,62,0,62,25,0.15,85.9,1.7,213,2026-09-16 17:20:00,PT5M,7.271,17.3905,12.597,1.945,0.0
52,53,0,53,25,0.15,85.9,1.7,214,2026-09-16 17:25:00,PT5M,6.131,14.434,10.5009,1.7611,0.0
43,43,0,43,25,0.15,86.0,1.7,215,2026-09-16 17:30:00,PT5M,5.002,11.5515,8.449,1.555,0.0
35,35,0,35,25,0.15,86.0,1.7,216,2026-09-16 17:35:00,PT5M,3.81,8.6935,6.3802,1.2398,0.0
26,26,0,26,24,0.15,86.2,1.7,218,2026-09-16 17:40:00,PT5M,2.756,6.188,4.5623,0.9497,0.0
19,19,0,19,24,0.15,86.3,1.7,219,2026-09-16 17:45:00,PT5M,1.825,3.9735,2.9558,0.6942,0.0
12,12,0,12,24,0.15,86.4,1.7,220,2026-09-16 17:50:00,PT5M,0.97,2.1665,1.5997,0.3403,0.0
7,7,0,7,24,0.15,86.6,1.7,222,2026-09-16 17:55:00,PT5M,0.21,0.7095,0.4729,0.0,0.0
2,2,0,2,24,0.15,86.7,1.7,223,2026-09-16 18:00:00,PT5M,0.0,0.0,0.0,0.0,0.0
0,0,0,0,24,0.15,86.8,1.7,225,2026-09-16 18:05:00,PT5M,0.0,0.0,0.0,0.0,0.0
0,0,0,0,24,0.15,86.9,1.7,226,2026-09-16 18:10:00,PT5M,0.0,0.0,0.0,0.0,0.0
0,0,0,0,24,0.15,87.1,1.7,227,2026-09-16 18:15:00,PT5M,0.0,0.0,0.0,0.0,0.0
0,0,0,0,24,0.15,87.2,1.8,229,2026-09-16 18:20:00,PT5M,0.0,0.0,0.0,0.0,0.0
0,0,0,0,24,0.15,87.3,1.8,230,2026-09-16 18:25:00,PT5M,0.0,0.0,0.0,0.0,0.0
0,0,0,0,24,0.15,87.5,1.8,231,2026-09-16 18:30:00,PT5M,0.0,0.0,0.0,0.0,0.0
0,0,0,0,24,0.15,87.5,1.8,231,2026-09-16 18:35:00,PT5M,0.0,0.0,0.0,0.0,0.0
0,0,0,0,24,0.15,87.4,1.8,231,2026-09-16 18:40:00,PT5M,0.0,0.0,0.0,0.0,0.0
0,0,0,0,24,0.15,87.3,1.7,230,2026-09-16 18:45:00,PT5M,0.0,0.0,0.0,0.0,0.0
0,0,0,0,24,0.15,87.2,1.7,229,2026-09-16 18:50:00,PT5M,0.0,0.0,0.0,0.0,0.0
0,0,0,0,24,0.15,87.1,1.7,229,2026-09-16 18:55:00,PT5M,0.0,0.0,0.0,0.0,0.0
0,0,0,0,24,0.15,87.0,1.7,228,2026-09-16 19:00:00,PT5M,0.0,0.0,0.0,0.0,0.0
0,0,0,0,24,0.15,86.9,1.7,227,2026-09-16 19:05:00,PT5M,0.0,0.0,0.0,0.0,0.0
0,0,0,0,24,0.15,86.9,1.7,226,2026-09-16 19:10:00,PT5M,0.0,0.0,0.0,0.0,0.0
0,0,0,0,24,0.15,86.8,1.7,225,2026-09-16 19:15:00,PT5M,0.0,0.0,0.0,0.0,0.0
0,0,0,0,24,0.15,86.7,1.7,225,2026-09-16 19:20:00,PT5M,0.0,0.0,0.0,0.0,0.0
0,0,0,0,24,0.15,86.6,1.6,224,2026-09-16 19:25:00,PT5M,0.0,0.0,0.0,0.0,0.0
0,0,0,0,24,0.15,86.5,1.6,223,2026-09-16 19:30:00,PT5M,0.0,0.0,0.0,0.0,0.0
0,0,0,0,24,0.15,86.5,1.6,223,2026-09-16 19:35:00,PT5M,0.0,0.0,0.0,0.0,0.0
0,0,0,0,24,0.15,86.5,1.6,223,2026-09-16 19:40:00,PT5M,0.0,0.0,0.0,0.0,0.0
0,0,0,0,24,0.15,86.5,1.7,223,2026-09-16 19:45:00,PT5M,0.0,0.0,0.0,0.0,0.0
0,0,0,0,24,0.15,86.5,1.7,223,2026-09-16 19:50:00,PT5M,0.0,0.0,0.0,0.0,0.0
0,0,0,0,24,0.15,86.5,1.7,223,2026-09-16 19:55:00,PT5M,0.0,0.0,0.0,0.0,0.0
0,0,0,0,24,0.15,86.5,1.7,223,2026-09-16 20:00:00,PT5M,0.0,0.0,0.0,0.0,0.0
0,0,0,0,24,0.15,86.5,1.7,223,2026-09-16 20:05:00,PT5M,0.0,0.0,0.0,0.0,0.0
0,0,0,0,24,0.15,86.4,1.7,223,2026-09-16 20:10:00,PT5M,0.0,0.0,0.0,0.0,0.0
0,0,0,0,24,0.15,86.4,1.7,223,2026-09-16 20:15:00,PT5M,0.0,0.0,0.0,0.0,0.0
0,0,0,0,24,0.15,86.4,1.7,223,2026-09-16 20:20:00,PT5M,0.0,0.0,0.0,0.0,0.0
0,0,0,0,24,0.15,86.4,1.8,223,2026-09-16 20:25:00,PT5M,0.0,0.0,0.0,0.0,0.0
0,0,0,0,24,0.15,86.4,1.8,223,2026-09-16 20:30:00,PT5M,0.0,0.0,0.0,0.0,0.0
0,0,0,0,24,0.15,86.4,1.8,222,2026-09-16 20:35:00,PT5M,0.0,0.0,0.0,0.0,0.0
0,0,0,0,24,0.15,86.4,1.8,222,2026-09-16 20:40:00,PT5M,0.0,0.0,0.0,0.0,0.0
0,0,0,0,24,0.15,86.3,1.8,221,2026-09-16 20:45:00,PT5M,0.0,0.0,0.0,0.0,0.0
0,0,0,0,24,0.15,86.3,1.8,220,2026-09-16 20:50:00,PT5M,0.0,0.0,0.0,0.0,0.0
0,0,0,0,24,0.15,86.2,1.8,219,2026-09-16 20:55:00,PT5M,0.0,0.0,0.0,0.0,0.0
0,0,0,0,24,0.15,86.2,1.8,219,2026-09-16 21:00:00,PT5M,0.0,0.0,0.0,0.0,0.0
0,0,0,0,24,0.15,86.2,1.9,218,2026-09-16 21:05:00,PT5M,0.0,0.0,0.0,0.0,0.0
0,0,0,0,24,0.15,86.1,1.9,217,2026-09-16 21:10:00,PT5M,0.0,0.0,0.0,0.0,0.0
0,0,0,0,24,0.15,86.1,1.9,217,2026-09-16 21:15:00,PT5M,0.0,0.0,0.0,0.0,0.0
0,0,0,0,24,0.15,86.0,1.9,216,2026-09-16 21:20:00,PT5M,0.0,0.0,0.0,0.0,0.0
0,0,0,0,24,0.15,86.0,1.9,215,2026-09-16 21:25:00,PT5M,0.0,0.0,0.0,0.0,0.0
0,0,0,0,24,0.15,85.9,1.9,215,2026-09-16 21:30:00,PT5M,0.0,0.0,0.0,0.0,0.0
0,0,0,0,24,0.15,85.9,1.9,215,2026-09-16 21:35:00,PT5M,0.0,0.0,0.0,0.0,0.0
0,0,0,0,24,0.15,86.0,1.9,215,2026-09-16 21:40:00,PT5M,0.0,0.0,0.0,0.0,0.0
0,0,0,0,24,0.15,86.1,1.9,216,2026-09-16 21:45:00,PT5M,0.0,0.0,0.0,0.0,0.0
0,0,0,0,24,0.15,86.2,2.0,216,2026-09-16 21:50:00,PT5M,0.0,0.0,0.0,0.0,0.0
0,0,0,0,24,0.15,86.3,2.0,217,2026-09-16 21:55:00,PT5M,0.0,0.0,0.0,0.0,0.0
0,0,0,0,24,0.15,86.4,2.0,217,2026-09-16 22:00:00,PT5M,0.0,0.0,0.0,0.0,0.0
0,0,0,0,24,0.15,86.5,2.0,218,2026-09-16 22:05:00,PT5M,0.0,0.0,0.0,0.0,0.0
0,0,0,0,24,0.15,86.6,2.0,219,2026-09-16 22:10:00,PT5M,0.0,0.0,0.0,0.0,0.0
0,0,0,0,24,0.15,86.6,2.0,219,2026-09-16 22:15:00,PT5M,0.0,0.0,0.0,0.0,0.0
0,0,0,0,24,0.15,86.7,2.0,220,2026-09-16 22:20:00,PT5M,0.0,0.0,0.0,0.0,0.0
0,0,0,0,24,0.15,86.8,2.0,220,2026-09-16 22:25:00,PT5M,0.0,0.0,0.0,0.0,0.0
0,0,0,0,24,0.15,86.9,2.0,221,2026-09-16 22:30:00,PT5M,0.0,0.0,0.0,0.0,0.0
0,0,0,0,24,0.15,87.0,2.0,221,2026-09-16 22:35:00,PT5M,0.0,0.0,0.0,0.0,0.0
0,0,0,0,24,0.15,87.1,2.0,220,2026-09-16 22:40:00,PT5M,0.0,0.0,0.0,0.0,0.0
0,0,0,0,24,0.15,87.2,2.0,220,2026-09-16 22:45:00,PT5M,0.0,0.0,0.0,0.0,0.0
0,0,0,0,24,0.15,87.3,2.0,220,2026-09-16 22:50:00,PT5M,0.0,0.0,0.0,0.0,0.0
0,0,0,0,24,0.15,87.3,2.0,220,2026-09-16 22:55:00,PT5M,0.0,0.0,0.0,0.0,0.0
0,0,0,0,24,0.15,87.4,2.1,219,2026-09-16 23:00:00,PT5M,0.0,0.0,0.0,0.0,0.0
0,0,0,0,23,0.15,87.5,2.1,219,2026-09-16 23:05:00,PT5M,0.0,0.0,0.0,0.0,0.0
0,0,0,0,23,0.15,87.6,2.1,219,2026-09-16 23:10:00,PT5M,0.0,0.0,0.0,0.0,0.0
0,0,0,0,23,0.15,87.7,2.1,218,2026-09-16 23:15:00,PT5M,0.0,0.0,0.0,0.0,0.0
0,0,0,0,23,0.15,87.8,2.1,218,2026-09-16 23:20:00,PT5M,0.0,0.0,0.0,0.0,0.0
0,0,0,0,23,0.15,87.9,2.1,218,2026-09-16 23:25:00,PT5M,0.0,0.0,0.0,0.0,0.0
0,0,0,0,23,0.15,88.0,2.1,218,2026-09-16 23:30:00,PT5M,0.0,0.0,0.0,0.0,0.0
0,0,0,0,23,0.15,88.0,2.2,217,2026-09-16 23:35:00,PT5M,0.0,0.0,0.0,0.0,0.0
0,0,0,0,23,0.15,88.0,2.2,217,2026-09-16 23:40:00,PT5M,0.0,0.0,0.0,0.0,0.0
0,0,0,0,23,0.15,88.0,2.3,217,2026-09-16 23:45:00,PT5M,0.0,0.0,0.0,0.0,0.0
0,0,0,0,23,0.15,88.0,2.3,217,2026-09-16 23:50:00,PT5M,0.0,0.0,0.0,0.0,0.0
0,0,0,0,23,0.15,88.0,2.4,217,2026-09-16 23:55:00,PT5M,0.0,0.0,0.0,0.0,0.0
0,0,0,0,23,0.15,88.0,2.4,217,2026-09-17 00:00:00,PT5M,0.0,0.0,0.0,0.0,0.0
0,0,0,0,23,0.15,88.0,2.5,217,2026-09-17 00:05:00,PT5M,0.0,0.0,0.0,0.0,0.0
0,0,0,0,23,0.15,88.0,2.5,216,2026-09-17 00:10:00,PT5M,0.0,0.0,0.0,0.0,0.0
0,0,0,0,23,0.15,88.0,2.6,216,2026-09-17 00:15:00,PT5M,0.0,0.0,0.0,0.0,0.0
0,0,0,0,23,0.15,88.0,2.6,216,2026-09-17 00:20:00,PT5M,0.0,0.0,0.0,0.0,0.0
0,0,0,0,23,0.15,88.0,2.6,216,2026-09-17 00:25:00,PT5M,0.0,0.0,0.0,0.0,0.0
0,0,0,0,23,0.15,88.0,2.7,216,2026-09-17 00:30:00,PT5M,0.0,0.0,0.0,0.0,0.0
0,0,0,0,23,0.15,88.0,2.7,216,2026-09-17 00:35:00,PT5M,0.0,0.0,0.0,0.0,0.0
0,0,0,0,23,0.15,88.1,2.7,217,2026-09-17 00:40:00,PT5M,0.0,0.0,0.0,0.0,0.0
0,0,0,0,23,0.15,88.1,2.7,218,2026-09-17 00:45:00,PT5M,0.0,0.0,0.0,0.0,0.0
0,0,0,0,23,0.15,88.2,2.7,219,2026-09-17 00:50:00,PT5M,0.0,0.0,0.0,0.0,0.0
0,0,0,0,23,0.15,88.2,2.7,220,2026-09-17 00:55:00,PT5M,0.0,0.0,0.0,0.0,0.0
0,0,0,0,23,0.15,88.2,2.7,221,2026-09-17 01:00:00,PT5M,0.0,0.0,0.0,0.0,0.0
0,0,0,0,23,0.15,88.3,2.7,222,2026-09-17 01:05:00,PT5M,0.0,0.0,0.0,0.0,0.0
0,0,0,0,23,0.15,88.3,2.6,223,2026-09-17 01:10:00,PT5M,0.0,0.0,0.0,0.0,0.0
0,0,0,0,23,0.15,88.4,2.6,223,2026-09-17 01:15:00,PT5M,0.0,0.0,0.0,0.0,0.0
0,0,0,0,23,0.15,88.4,2.6,224,2026-09-17 01:20:00,PT5M,0.0,0.0,0.0,0.0,0.0
0,0,0,0,23,0.15,88.5,2.6,225,2026-09-17 01:25:00,PT5M,0.0,0.0,0.0,0.0,0.0
0,0,0,0,23,0.15,88.5,2.6,226,2026-09-17 01:30:00,PT5M,0.0,0.0,0.0,0.0,0.0
0,0,0,0,23,0.15,88.5,2.6,226,2026-09-17 01:35:00,PT5M,0.0,0.0,0.0,0.0,0.0
0,0,0,0,23,0.15,88.5,2.6,226,2026-09-17 01:40:00,PT5M,0.0,0.0,0.0,0.0,0.0
0,0,0,0,23,0.15,88.4,2.6,226,2026-09-17 01:45:00,PT5M,0.0,0.0,0.0,0.0,0.0
0,0,0,0,23,0.15,88.4,2.6,226,2026-09-17 01:50:00,PT5M,0.0,0.0,0.0,0.0,0.0
0,0,0,0,23,0.15,88.3,2.6,226,2026-09-17 01:55:00,PT5M,0.0,0.0,0.0,0.0,0.0
0,0,0,0,23,0.15,88.3,2.6,226,2026-09-17 02:00:00,PT5M,0.0,0.0,0.0,0.0,0.0
0,0,0,0,23,0.15,88.2,2.6,226,2026-09-17 02:05:00,PT5M,0.0,0.0,0.0,0.0,0.0
0,0,0,0,23,0.15,88.2,2.6,226,2026-09-17 02:10:00,PT5M,0.0,0.0,0.0,0.0,0.0
0,0,0,0,23,0.15,88.1,2.6,225,2026-09-17 02:15:00,PT5M,0.0,0.0,0.0,0.0,0.0
0,0,0,0,23,0.15,88.1,2.6,225,2026-09-17 02:20:00,PT5M,0.0,0.0,0.0,0.0,0.0
0,0,0,0,23,0.15,88.1,2.6,225,2026-09-17 02:25:00,PT5M,0.0,0.0,0.0,0.0,0.0
0,0,0,0,23,0.15,88.0,2.5,225,2026-09-17 02:30:00,PT5M,0.0,0.0,0.0,0.0,0.0
0,0,0,0,23,0.15,88.0,2.5,225,2026-09-17 02:35:00,PT5M,0.0,0.0,0.0,0.0,0.0
0,0,0,0,23,0.15,88.1,2.5,225,2026-09-17 02:40:00,PT5M,0.0,0.0,0.0,0.0,0.0
0,0,0,0,23,0.15,88.1,2.5,224,2026-09-17 02:45:00,PT5M,0.0,0.0,0.0,0.0,0.0
0,0,0,0,23,0.15,88.1,2.5,224,2026-09-17 02:50:00,PT5M,0.0,0.0,0.0,0.0,0.0
0,0,0,0,23,0.15,88.2,2.5,224,2026-09-17 02:55:00,PT5M,0.0,0.0,0.0,0.0,0.0
0,0,0,0,23,0.15,88.2,2.5,224,2026-09-17 03:00:00,PT5M,0.0,0.0,0.0,0.0,0.0
0,0,0,0,23,0.15,88.3,2.5,223,2026-09-17 03:05:00,PT5M,0.0,0.0,0.0,0.0,0.0
0,0,0,0,23,0.15,88.3,2.5,223,2026-09-17 03:10:00,PT5M,0.0,0.0,0.0,0.0,0.0
0,0,0,0,23,0.15,88.4,2.5,223,2026-09-17 03:15:00,PT5M,0.0,0.0,0.0,0.0,0.0
0,0,0,0,23,0.15,88.4,2.5,222,2026-09-17 03:20:00,PT5M,0.0,0.0,0.0,0.0,0.0
0,0,0,0,23,0.15,88.5,2.5,222,2026-09-17 03:25:00,PT5M,0.0,0.0,0.0,0.0,0.0
0,0,0,0,23,0.15,88.5,2.5,222,2026-09-17 03:30:00,PT5M,0.0,0.0,0.0,0.0,0.0
0,0,0,0,23,0.15,88.5,2.5,222,2026-09-17 03:35:00,PT5M,0.0,0.0,0.0,0.0,0.0
0,0,0,0,23,0.15,88.5,2.5,222,2026-09-17 03:40:00,PT5M,0.0,0.0,0.0,0.0,0.0
0,0,0,0,23,0.15,88.5,2.5,221,2026-09-17 03:45:00,PT5M,0.0,0.0,0.0,0.0,0.0
0,0,0,0,23,0.15,88.5,2.5,221,2026-09-17 03:50:00,PT5M,0.0,0.0,0.0,0.0,0.0
0,0,0,0,23,0.15,88.5,2.5,221,2026-09-17 03:55:00,PT5M,0.0,0.0,0.0,0.0,0.0
0,0,0,0,23,0.15,88.5,2.5,221,2026-09-17 04:00:00,PT5M,0.0,0.0,0.0,0.0,0.0
0,0,0,0,23,0.15,88.5,2.5,221,2026-09-17 04:05:00,PT5M,0.0,0.0,0.0,0.0,0.0
0,0,0,0,23,0.15,88.5,2.5,221,2026-09-17 04:10:00,PT5M,0.0,0.0,0.0,0.0,0.0
0,0,0,0,23,0.15,88.5,2.5,221,2026-09-17 04:15:00,PT5M,0.0,0.0,0.0,0.0,0.0
0,0,0,0,23,0.15,88.5,2.5,220,2026-09-17 04:20:00,PT5M,0.0,0.0,0.0,0.0,0.0
0,0,0,0,23,0.15,88.5,2.5,220,2026-09-17 04:25:00,PT5M,0.0,0.0,0.0,0.0,0.0
0,0,0,0,23,0.15,88.5,2.5,220,2026-09-17 04:30:00,PT5M,0.0,0.0,0.0,0.0,0.0
0,0,0,0,23,0.15,88.4,2.5,220,2026-09-17 04:35:00,PT5M,0.0,0.0,0.0,0.0,0.0
0,0,0,0,23,0.15,88.2,2.5,221,2026-09-17 04:40:00,PT5M,0.0,0.0,0.0,0.0,0.0
0,0,0,0,23,0.15,88.1,2.5,221,2026-09-17 04:45:00,PT5M,0.0,0.0,0.0,0.0,0.0
0,0,0,0,23,0.15,87.9,2.5,222,2026-09-17 04:50:00,PT5M,0.0,0.0,0.0,0.0,0.0
0,0,0,0,23,0.15,87.7,2.6,222,2026-09-17 04:55:00,PT5M,0.0,0.0,0.0,0.0,0.0
0,0,0,0,23,0.15,87.5,2.6,222,2026-09-17 05:00:00,PT5M,0.0,0.0,0.0,0.0,0.0
0,0,0,0,23,0.15,87.4,2.6,223,2026-09-17 05:05:00,PT5M,0.0,0.0,0.0,0.0,0.0
0,0,0,0,23,0.15,87.2,2.6,223,2026-09-17 05:10:00,PT5M,0.0,0.0,0.0,0.0,0.0
0,0,0,0,23,0.15,87.0,2.6,224,2026-09-17 05:15:00,PT5M,0.0,0.0,0.0,0.0,0.0
0,0,0,0,23,0.15,86.8,2.6,224,2026-09-17 05:20:00,PT5M,0.0,0.0,0.0,0.0,0.0
0,0,0,0,23,0.15,86.6,2.7,224,2026-09-17 05:25:00,PT5M,0.0,0.0,0.0,0.0,0.0
0,0,0,0,23,0.15,86.5,2.7,225,2026-09-17 05:30:00,PT5M,0.0,0.0,0.0,0.0,0.0
0,0,0,0,23,0.15,86.4,2.7,225,2026-09-17 05:35:00,PT5M,0.0,0.0,0.0,0.0,0.0
0,0,0,0,23,0.15,86.4,2.7,226,2026-09-17 05:40:00,PT5M,0.0,0.0,0.0,0.0,0.0
0,0,0,0,23,0.15,86.4,2.7,226,2026-09-17 05:45:00,PT5M,0.0,0.0,0.0,0.0,0.0
0,0,0,0,23,0.15,86.4,2.7,226,2026-09-17 05:50:00,PT5M,0.0,0.0,0.0,0.0,0.0
0,0,0,0,23,0.15,86.4,2.7,227,2026-09-17 05:55:00,PT5M,0.0,0.0,0.0,0.0,0.0
0,0,0,0,23,0.15,86.4,2.7,227,2026-09-17 06:00:00,PT5M,0.0,0.0,0.0,0.0,0.0
4,4,0,4,23,0.15,86.4,2.7,227,2026-09-17 06:05:00,PT5M,0.0,0.167,0.0879,0.0,0.0
8,8,0,8,23,0.15,86.4,2.7,228,2026-09-17 06:10:00,PT5M,0.442,1.197,0.8394,0.0446,0.0
14,14,0,14,23,0.15,86.4,2.7,228,2026-09-17 06:15:00,PT5M,1.146,2.7185,1.9736,0.3184,0.0
20,20,0,20,23,0.15,86.4,2.7,229,2026-09-17 06:20:00,PT5M,1.897,4.5985,3.3188,0.4752,0.0
26,26,0,26,23,0.15,86.4,2.8,229,2026-09-17 06:25:00,PT5M,2.685,6.514,4.7002,0.6698,0.0
33,33,0,33,23,0.15,86.4,2.8,229,2026-09-17 06:30:00,PT5M,3.593,8.766,6.3156,0.8704,0.0
41,41,0,41,24,0.15,86.2,2.8,229,2026-09-17 06:35:00,PT5M,4.727,11.458,8.2696,1.1844,0.0
52,52,0,52,24,0.15,85.8,2.8,230,2026-09-17 06:40:00,PT5M,6.059,14.4845,10.4934,1.6246,0.0
64,64,0,64,24,0.15,85.3,2.8,230,2026-09-17 06:45:00,PT5M,7.582,17.7805,12.9495,2.2145,0.0
78,78,5,77,24,0.15,84.9,2.8,230,2026-09-17 06:50:00,PT5M,9.557,21.5965,15.8935,3.2205,0.0
93,93,29,86,24,0.15,84.5,2.8,230,2026-09-17 06:55:00,PT5M,12.37,26.3445,19.7249,5.0151,0.0
109,110,57,95,24,0.15,84.1,2.8,230,2026-09-17 07:00:00,PT5M,15.729,31.8245,24.2002,7.2578,0.0
126,127,86,103,24,0.15,83.6,2.8,230,2026-09-17 07:05:00,PT5M,19.358,37.442,28.8757,9.8403,1.274
145,146,118,110,24,0.15,83.2,2.8,230,2026-09-17 07:10:00,PT5M,23.593,43.7315,34.192,12.994,3.4545
165,166,153,117,24,0.15,82.8,2.8,230,2026-09-17 07:15:00,PT5M,28.389,50.6335,40.0964,16.6816,6.1445
186,187,192,122,24,0.15,82.4,2.8,230,2026-09-17 07:20:00,PT5M,33.76,58.15,46.5966,20.9234,9.37
209,210,234,125,25,0.15,82.0,2.8,231,2026-09-17 07:25:00,PT5M,39.696,66.26,53.6768,25.7152,13.132
233,234,281,127,25,0.15,81.6,2.8,231,2026-09-17 07:30:00,PT5M,46.233,75.0515,61.4004,31.0656,17.4145
253,254,309,131,25,0.15,81.3,2.8,231,2026-09-17 07:35:00,PT5M,51.352,84.639,68.8712,33.8328,18.065
268,269,315,137,25,0.15,81.1,2.8,231,2026-09-17 07:40:00,PT5M,54.597,90.034,73.2477,35.9463,19.16
283,285,321,143,25,0.15,81.0,2.8,232,2026-09-17 07:45:00,PT5M,57.195,94.01,76.571,37.819,20.38
298,300,326,150,25,0.15,80.8,2.8,232,2026-09-17 07:50:00,PT5M,58.798,96.049,78.4035,39.1925,21.547
313,315,332,156,25,0.15,80.7,2.8,233,2026-09-17 07:55:00,PT5M,60.345,98.007,80.1668,40.5232,22.683
328,330,337,162,25,0.15,80.5,2.8,233,2026-09-17 08:00:00,PT5M,61.828,99.868,81.8487,41.8073,23.788
343,344,341,168,25,0.15,80.3,2.7,233,2026-09-17 08:05:00,PT5M,63.2,100.0,83.3949,43.0051,24.829
358,359,346,174,25,0.15,80.2,2.7,234,2026-09-17 08:10:00,PT5M,64.532,100.0,84.868,44.196,25.893
372,373,350,180,25,0.15,80.0,2.7,234,2026-09-17 08:15:00,PT5M,65.769,100.0,86.1897,45.3483,26.969
387,388,354,186,25,0.15,79.8,2.7,235,2026-09-17 08:20:00,PT5M,66.906,100.0,87.3196,46.4924,28.1195
401,402,358,192,25,0.15,79.7,2.7,235,2026-09-17 08:25:00,PT5M,67.939,100.0,88.1337,47.7443,29.5685
415,416,361,197,25,0.15,79.5,2.7,235,2026-09-17 08:30:00,PT5M,68.914,100.0,88.89,48.938,30.959
429,430,364,203,25,0.15,79.4,2.7,235,2026-09-17 08:35:00,PT5M,69.899,100.0,89.6534,50.1446,32.365
443,444,368,208,25,0.15,79.2,2.7,234,2026-09-17 08:40:00,PT5M,70.902,100.0,90.4319,51.3721,33.7945
457,458,372,213,25,0.15,79.0,2.7,233,2026-09-17 08:45:00,PT5M,71.867,100.0,91.1769,52.5571,35.1775
470,471,376,219,25,0.15,78.9,2.7,232,2026-09-17 08:50:00,PT5M,72.799,100.0,91.8947,53.7033,36.5165
484,485,380,224,25,0.15,78.7,2.7,231,2026-09-17 08:55:00,PT5M,73.703,100.0,92.5874,54.8186,37.822
497,498,383,228,25,0.15,78.6,2.8,230,2026-09-17 09:00:00,PT5M,74.58,100.0,93.2565,55.9035,39.094
511,512,388,233,25,0.15,78.4,2.8,229,2026-09-17 09:05:00,PT5M,75.521,100.0,93.987,57.055,40.435
525,525,393,237,25,0.15,78.3,2.8,228,2026-09-17 09:10:00,PT5M,76.46,100.0,94.7173,58.2027,41.7705
538,539,398,241,25,0.15,78.1,2.8,227,2026-09-17 09:15:00,PT5M,77.374,100.0,95.4258,59.3222,43.075
551,552,402,245,25,0.15,78.0,2.8,226,2026-09-17 09:20:00,PT5M,78.261,100.0,96.111,60.411,44.3455
564,564,407,249,25,0.15,77.8,2.9,225,2026-09-17 09:25:00,PT5M,79.124,100.0,96.7758,61.4722,45.585
576,577,411,252,25,0.15,77.6,2.9,224,2026-09-17 09:30:00,PT5M,79.962,100.0,97.4196,62.5044,46.792
589,589,416,255,25,0.15,77.4,2.9,224,2026-09-17 09:35:00,PT5M,80.78,100.0,98.0473,63.5127,47.9715
601,602,421,258,25,0.15,76.9,2.9,224,2026-09-17 09:40:00,PT5M,81.577,100.0,98.6586,64.4954,49.1215
613,613,425,261,25,0.15,76.5,2.9,225,2026-09-17 09:45:00,PT5M,82.31,100.0,99.2137,65.4063,50.1925
624,625,429,264,26,0.15,76.1,2.9,225,2026-09-17 09:50:00,PT5M,83.002,100.0,99.7338,66.2702,51.211
635,636,433,267,26,0.15,75.7,2.9,226,2026-09-17 09:55:00,PT5M,83.672,100.0,100.0,67.107,52.198
646,646,437,269,26,0.15,75.3,2.9,226,2026-09-17 10:00:00,PT5M,84.317,100.0,100.0,67.9125,53.148
656,657,441,272,26,0.15,74.9,2.9,227,2026-09-17 10:05:00,PT5M,84.937,100.0,100.0,68.686,54.0595
667,667,445,274,26,0.15,74.4,2.9,227,2026-09-17 10:10:00,PT5M,85.532,100.0,100.0,69.4288,54.9355
676,677,448,276,26,0.15,74.0,2.9,228,2026-09-17 10:15:00,PT5M,86.101,100.0,100.0,70.1399,55.7745
686,686,452,278,26,0.15,73.6,2.9,228,2026-09-17 10:20:00,PT5M,86.647,100.0,100.0,70.8225,56.58
695,695,456,280,26,0.15,73.2,2.9,228,2026-09-17 10:25:00,PT5M,87.171,100.0,100.0,71.4781,57.354
704,704,459,281,26,0.15,72.8,2.9,229,2026-09-17 10:30:00,PT5M,87.674,100.0,100.0,72.1082,58.0985
706,706,451,287,26,0.15,71.8,2.9,229,2026-09-17 10:35:00,PT5M,87.369,100.0,100.0,71.7958,57.7795
702,702,432,298,27,0.15,70.2,3.0,230,2026-09-17 10:40:00,PT5M,86.274,100.0,100.0,70.5572,56.4115
698,698,413,308,27,0.15,68.5,3.1,231,2026-09-17 10:45:00,PT5M,85.181,100.0,100.0,69.3121,55.0295
693,693,395,318,27,0.15,67.0,3.1,231,2026-09-17 10:50:00,PT5M,84.085,100.0,100.0,68.0547,53.627
687,687,377,327,28,0.15,65.5,3.2,232,2026-09-17 10:55:00,PT5M,82.984,100.0,99.1858,66.7822,52.2
681,681,359,336,28,0.15,64.0,3.2,232,2026-09-17 11:00:00,PT5M,81.861,100.0,98.2557,65.4663,50.7105
675,675,342,344,28,0.15,62.5,3.3,233,2026-09-17 11:05:00,PT5M,80.742,100.0,97.3296,64.1544,49.225
668,668,325,352,29,0.15,61.1,3.4,233,2026-09-17 11:10:00,PT5M,79.606,100.0,96.3799,62.8321,47.735
660,661,308,359,29,0.15,59.7,3.4,234,2026-09-17 11:15:00,PT5M,78.511,100.0,95.477,61.545,46.275
653,653,292,366,30,0.15,58.4,3.5,234,2026-09-17 11:20:00,PT5M,77.391,100.0,94.5631,60.2189,44.7635
645,645,277,372,30,0.15,57.1,3.6,234,2026-09-17 11:25:00,PT5M,76.258,100.0,93.6422,58.8738,43.2275
636,637,262,378,30,0.15,55.8,3.6,235,2026-09-17 11:30:00,PT5M,75.113,100.0,92.714,57.512,41.6705
633,634,255,381,30,0.15,55.5,3.7,235,2026-09-17 11:35:00,PT5M,74.676,100.0,92.3583,56.9937,41.079
636,637,257,381,30,0.15,56.2,3.7,234,2026-09-17 11:40:00,PT5M,74.937,100.0,92.5659,57.3081,41.4415
639,639,259,382,30,0.15,56.9,3.7,233,2026-09-17 11:45:00,PT5M,75.169,100.0,92.7495,57.5885,41.7655
641,641,261,382,30,0.15,57.6,3.8,232,2026-09-17 11:50:00,PT5M,75.365,100.0,92.9029,57.8271,42.0425
643,643,262,382,30,0.15,58.3,3.8,231,2026-09-17 11:55:00,PT5M,75.519,100.0,93.0211,58.0169,42.2645
644,644,264,381,29,0.15,59.0,3.8,231,2026-09-17 12:00:00,PT5M,75.647,100.0,93.1183,58.1757,42.451
645,645,265,381,29,0.15,59.7,3.9,230,2026-09-17 12:05:00,PT5M,75.814,100.0,93.2595,58.3685,42.667
645,646,266,380,29,0.15,60.4,3.9,229,2026-09-17 12:10:00,PT5M,75.973,100.0,93.3982,58.5478,42.8645
645,646,268,379,29,0.15,61.2,3.9,228,2026-09-17 12:15:00,PT5M,76.101,100.0,93.5115,58.6905,43.0205
645,645,269,378,29,0.15,61.9,3.9,228,2026-09-17 12:20:00,PT5M,76.185,100.0,93.5879,58.7821,43.119
644,645,270,377,29,0.15,62.7,4.0,227,2026-09-17 12:25:00,PT5M,76.239,100.0,93.64,58.838,43.1765
643,644,270,376,28,0.15,63.5,4.0,226,2026-09-17 12:30:00,PT5M,76.266,100.0,93.6705,58.8615,43.197
641,642,270,375,28,0.15,63.3,4.0,226,2026-09-17 12:35:00,PT5M,76.154,100.0,93.584,58.724,43.0365
638,639,269,374,29,0.15,62.2,4.0,227,2026-09-17 12:40:00,PT5M,75.902,100.0,93.3807,58.4233,42.692
635,636,268,373,29,0.15,61.2,4.0,227,2026-09-17 12:45:00,PT5M,75.622,100.0,93.1546,58.0894,42.3095
632,632,267,371,29,0.15,60.2,4.1,227,2026-09-17 12:50:00,PT5M,75.306,100.0,92.902,57.71,41.873
628,628,266,370,30,0.15,59.2,4.1,228,2026-09-17 12:55:00,PT5M,74.951,100.0,92.6204,57.2816,41.3785
623,624,265,368,30,0.15,58.2,4.1,228,2026-09-17 13:00:00,PT5M,74.588,100.0,92.328,56.848,40.8815
619,619,264,366,30,0.15,57.2,4.1,229,2026-09-17 13:05:00,PT5M,74.232,100.0,92.0333,56.4307,40.409
614,614,263,364,30,0.15,56.2,4.1,229,2026-09-17 13:10:00,PT5M,73.821,100.0,91.6999,55.9421,39.8505
609,609,261,362,31,0.15,55.3,4.1,229,2026-09-17 13:15:00,PT5M,73.374,100.0,91.3392,55.4088,39.2395
603,604,260,359,31,0.15,54.4,4.1,230,2026-09-17 13:20:00,PT5M,72.896,100.0,90.9533,54.8387,38.5865
597,598,259,357,31,0.15,53.5,4.1,230,2026-09-17 13:25:00,PT5M,72.391,100.0,90.5449,54.2371,37.898
591,591,257,354,32,0.15,52.6,4.1,231,2026-09-17 13:30:00,PT5M,71.863,100.0,90.1169,53.6091,37.18
582,583,252,352,32,0.15,52.2,4.2,231,2026-09-17 13:35:00,PT5M,71.061,100.0,89.4539,52.6681,36.114
571,572,244,350,32,0.15,52.2,4.2,231,2026-09-17 13:40:00,PT5M,69.984,100.0,88.5534,51.4146,34.7015
560,560,236,348,32,0.15,52.3,4.3,231,2026-09-17 13:45:00,PT5M,68.883,100.0,87.6301,50.1359,33.263
548,549,229,346,32,0.15,52.3,4.4,231,2026-09-17 13:50:00,PT5M,67.752,100.0,86.6783,48.8257,31.7915
537,537,221,343,31,0.15,52.4,4.4,232,2026-09-17 13:55:00,PT5M,66.593,100.0,85.7001,47.4859,30.289
525,525,213,340,31,0.15,52.4,4.5,232,2026-09-17 14:00:00,PT5M,65.403,100.0,84.6927,46.1133,28.752
513,513,206,337,31,0.15,52.5,4.6,232,2026-09-17 14:05:00,PT5M,64.184,100.0,83.6579,44.7101,27.183
501,501,199,334,31,0.15,52.5,4.6,232,2026-09-17 14:10:00,PT5M,62.933,100.0,82.594,43.272,25.5765
489,489,191,330,31,0.15,52.6,4.7,232,2026-09-17 14:15:00,PT5M,61.654,99.368,81.5031,41.8049,23.94
476,477,184,326,31,0.15,52.6,4.8,232,2026-09-17 14:20:00,PT5M,60.353,98.425,80.3906,40.3154,22.281
464,464,176,322,31,0.15,52.6,4.8,232,2026-09-17 14:25:00,PT5M,58.992,97.428,79.2211,38.7629,20.556
451,452,169,317,31,0.15,52.7,4.9,232,2026-09-17 14:30:00,PT5M,57.599,96.4,78.0202,37.1778,18.798
440,440,164,312,31,0.15,53.0,4.9,232,2026-09-17 14:35:00,PT5M,56.427,95.56,77.023,35.831,17.294
430,430,161,307,31,0.15,53.7,5.0,232,2026-09-17 14:40:00,PT5M,55.478,94.9125,76.2327,34.7233,16.0435
419,420,158,301,31,0.15,54.4,5.1,232,2026-09-17 14:45:00,PT5M,54.503,94.242,75.4179,33.5881,14.764
409,410,155,295,31,0.15,55.1,5.1,232,2026-09-17 14:50:00,PT5M,53.503,93.548,74.579,32.427,13.458
399,399,152,289,30,0.15,55.8,5.2,231,2026-09-17 14:55:00,PT5M,52.479,92.832,73.7171,31.2409,12.126
388,389,149,283,30,0.15,56.5,5.2,231,2026-09-17 15:00:00,PT5M,51.428,92.09,72.8287,30.0273,10.766
378,378,146,277,30,0.15,57.2,5.3,231,2026-09-17 15:05:00,PT5M,50.414,91.3805,71.975,28.853,9.4475
367,368,143,270,30,0.15,57.9,5.3,231,2026-09-17 15:10:00,PT5M,49.391,90.6715,71.1172,27.6648,8.1105
356,357,141,264,30,0.15,58.6,5.4,231,2026-09-17 15:15:00,PT5M,48.343,89.946,70.239,26.447,6.74
345,346,138,257,30,0.15,59.4,5.5,231,2026-09-17 15:20:00,PT5M,47.266,89.1925,69.3322,25.1998,5.3395
335,335,135,250,29,0.15,60.1,5.5,230,2026-09-17 15:25:00,PT5M,46.149,88.4055,68.3889,23.9091,3.8925
323,324,132,243,29,0.15,60.9,5.6,230,2026-09-17 15:30:00,PT5M,45.001,87.533,67.3859,22.6161,2.469
312,313,129,236,29,0.15,61.9,5.6,230,2026-09-17 15:35:00,PT5M,43.811,86.3135,66.1804,21.4416,1.3085
301,302,126,229,29,0.15,63.0,5.6,229,2026-09-17 15:40:00,PT5M,42.575,84.9815,64.8938,20.2562,0.1685
289,290,122,222,28,0.15,64.2,5.5,228,2026-09-17 15:45:00,PT5M,41.317,83.5335,63.5358,19.0982,0.0
278,279,118,214,28,0.15,65.4,5.5,228,2026-09-17 15:50:00,PT5M,40.011,81.9485,62.083,17.939,0.0
266,267,114,207,28,0.15,66.6,5.5,227,2026-09-17 15:55:00,PT5M,38.65,80.234,60.536,16.764,0.0
254,255,110,199,27,0.15,67.9,5.4,226,2026-09-17 16:00:00,PT5M,37.235,78.355,58.8767,15.5933,0.0
243,243,106,192,27,0.15,69.2,5.4,226,2026-09-17 16:05:00,PT5M,35.771,76.367,57.137,14.405,0.0
231,231,101,184,27,0.15,70.5,5.4,225,2026-09-17 16:10:00,PT5M,34.259,74.3485,55.3584,13.1596,0.0
219,220,97,176,27,0.15,71.8,5.3,224,2026-09-17 16:15:00,PT5M,32.926,72.459,53.7325,12.1195,0.0
207,208,92,168,26,0.15,73.2,5.3,224,2026-09-17 16:20:00,PT5M,31.306,69.963,51.6515,10.9605,0.0
195,196,87,160,26,0.15,74.5,5.3,223,2026-09-17 16:25:00,PT5M,29.435,65.6615,48.5013,10.3687,0.0
183,184,81,152,26,0.15,76.0,5.3,222,2026-09-17 16:30:00,PT5M,27.499,61.4235,45.3537,9.6443,0.0
172,173,78,144,26,0.15,76.8,5.2,222,2026-09-17 16:35:00,PT5M,25.698,57.377,42.3709,9.0251,0.0
161,162,75,136,26,0.15,77.1,5.1,222,2026-09-17 16:40:00,PT5M,24.018,53.479,39.5235,8.5125,0.0
150,151,72,127,25,0.15,77.4,5.0,221,2026-09-17 16:45:00,PT5M,22.293,49.533,36.6296,7.9564,0.0
139,140,69,119,25,0.15,77.8,4.9,221,2026-09-17 16:50:00,PT5M,20.511,45.5365,33.6821,7.3399,0.0
128,129,65,110,25,0.15,78.1,4.8,221,2026-09-17 16:55:00,PT5M,18.711,41.5355,30.7237,6.6983,0.0
117,118,61,102,25,0.15,78.4,4.8,220,2026-09-17 17:00:00,PT5M,16.911,37.5655,27.7816,6.0404,0.0
106,106,54,93,25,0.15,78.7,4.7,220,2026-09-17 17:05:00,PT5M,15.003,33.562,24.7707,5.2353,0.0
94,95,45,85,25,0.15,79.0,4.6,220,2026-09-17 17:10:00,PT5M,13.093,29.6495,21.8068,4.3792,0.0
83,83,35,76,25,0.15,79.3,4.5,219,2026-09-17 17:15:00,PT5M,11.152,25.763,18.8419,3.4621,0.0
72,72,25,68,25,0.15,79.6,4.4,219,2026-09-17 17:20:00,PT5M,9.315,21.9305,15.9546,2.6754,0.0
61,61,13,59,25,0.15,79.9,4.3,219,2026-09-17 17:25:00,PT5M,7.617,18.1605,13.1661,2.0679,0.0
51,51,1,51,25,0.15,80.3,4.2,218,2026-09-17 17:30:00,PT5M,5.987,14.4425,10.4372,1.5368,0.0
41,41,0,41,25,0.15,80.4,4.2,218,2026-09-17 17:35:00,PT5M,4.591,10.005,7.4404,1.7416,0.0
31,31,0,31,25,0.15,80.4,4.1,218,2026-09-17 17:40:00,PT5M,3.37,7.2405,5.4071,1.3329,0.0
22,22,0,22,25,0.15,80.3,4.0,219,2026-09-17 17:45:00,PT5M,2.265,4.608,3.4981,1.0319,0.0
14,14,0,14,25,0.15,80.3,4.0,219,2026-09-17 17:50:00,PT5M,1.243,2.481,1.8946,0.5914,0.005
8,8,0,8,25,0.15,80.2,3.9,219,2026-09-17 17:55:00,PT5M,0.333,0.789,0.573,0.093,0.0
2,2,0,2,25,0.15,80.2,3.8,219,2026-09-17 18:00:00,PT5M,0.0,0.0,0.0,0.0,0.0
0,0,0,0,25,0.15,80.2,3.8,219,2026-09-17 18:05:00,PT5M,0.0,0.0,0.0,0.0,0.0
0,0,0,0,25,0.15,80.1,3.7,219,2026-09-17 18:10:00,PT5M,0.0,0.0,0.0,0.0,0.0
0,0,0,0,25,0.15,80.1,3.6,220,2026-09-17 18:15:00,PT5M,0.0,0.0,0.0,0.0,0.0
0,0,0,0,25,0.15,80.0,3.6,220,2026-09-17 18:20:00,PT5M,0.0,0.0,0.0,0.0,0.0
0,0,0,0,25,0.15,80.0,3.5,220,2026-09-17 18:25:00,PT5M,0.0,0.0,0.0,0.0,0.0
0,0,0,0,25,0.15,80.0,3.4,220,2026-09-17 18:30:00,PT5M,0.0,0.0,0.0,0.0,0.0
0,0,0,0,25,0.15,79.9,3.4,220,2026-09-17 18:35:00,PT5M,0.0,0.0,0.0,0.0,0.0
0,0,0,0,25,0.15,79.9,3.4,220,2026-09-17 18:40:00,PT5M,0.0,0.0,0.0,0.0,0.0
0,0,0,0,25,0.15,79.9,3.4,220,2026-09-17 18:45:00,PT5M,0.0,0.0,0.0,0.0,0.0
0,0,0,0,25,0.15,79.9,3.5,220,2026-09-17 18:50:00,PT5M,0.0,0.0,0.0,0.0,0.0
0,0,0,0,25,0.15,79.9,3.5,219,2026-09-17 18:55:00,PT5M,0.0,0.0,0.0,0.0,0.0
0,0,0,0,25,0.15,79.9,3.5,219,2026-09-17 19:00:00,PT5M,0.0,0.0,0.0,0.0,0.0
0,0,0,0,25,0.15,79.9,3.5,219,2026-09-17 19:05:00,PT5M,0.0,0.0,0.0,0.0,0.0
0,0,0,0,25,0.15,79.9,3.5,219,2026-09-17 19:10:00,PT5M,0.0,0.0,0.0,0.0,0.0
0,0,0,0,25,0.15,79.9,3.5,219,2026-09-17 19:15:00,PT5M,0.0,0.0,0.0,0.0,0.0
0,0,0,0,25,0.15,79.9,3.5,219,2026-09-17 19:20:00,PT5M,0.0,0.0,0.0,0.0,0.0
0,0,0,0,25,0.15,79.9,3.5,218,2026-09-17 19:25:00,PT5M,0.0,0.0,0.0,0.0,0.0
0,0,0,0,25,0.15,79.9,3.6,218,2026-09-17 19:30:00,PT5M,0.0,0.0,0.0,0.0,0.0
0,0,0,0,25,0.15,80.0,3.6,218,2026-09-17 19:35:00,PT5M,0.0,0.0,0.0,0.0,0.0
0,0,0,0,25,0.15,80.1,3.5,219,2026-09-17 19:40:00,PT5M,0.0,0.0,0.0,0.0,0.0
0,0,0,0,25,0.15,80.2,3.5,219,2026-09-17 19:45:00,PT5M,0.0,0.0,0.0,0.0,0.0
0,0,0,0,25,0.15,80.4,3.5,219,2026-09-17 19:50:00,PT5M,0.0,0.0,0.0,0.0,0.0
0,0,0,0,25,0.15,80.5,3.5,220,2026-09-17 19:55:00,PT5M,0.0,0.0,0.0,0.0,0.0
0,0,0,0,25,0.15,80.6,3.5,220,2026-09-17 20:00:00,PT5M,0.0,0.0,0.0,0.0,0.0
0,0,0,0,25,0.15,80.7,3.5,221,2026-09-17 20:05:00,PT5M,0.0,0.0,0.0,0.0,0.0
0,0,0,0,25,0.15,80.8,3.5,221,2026-09-17 20:10:00,PT5M,0.0,0.0,0.0,0.0,0.0
0,0,0,0,25,0.15,81.0,3.4,221,2026-09-17 20:15:00,PT5M,0.0,0.0,0.0,0.0,0.0
0,0,0,0,25,0.15,81.1,3.4,222,2026-09-17 20:20:00,PT5M,0.0,0.0,0.0,0.0,0.0
0,0,0,0,25,0.15,81.2,3.4,222,2026-09-17 20:25:00,PT5M,0.0,0.0,0.0,0.0,0.0
0,0,0,0,25,0.15,81.3,3.4,222,2026-09-17 20:30:00,PT5M,0.0,0.0,0.0,0.0,0.0
0,0,0,0,25,0.15,81.4,3.4,223,2026-09-17 20:35:00,PT5M,0.0,0.0,0.0,0.0,0.0
0,0,0,0,25,0.15,81.5,3.3,223,2026-09-17 20:40:00,PT5M,0.0,0.0,0.0,0.0,0.0
0,0,0,0,25,0.15,81.6,3.3,224,2026-09-17 20:45:00,PT5M,0.0,0.0,0.0,0.0,0.0
0,0,0,0,25,0.15,81.7,3.3,224,2026-09-17 20:50:00,PT5M,0.0,0.0,0.0,0.0,0.0
0,0,0,0,25,0.15,81.7,3.2,224,2026-09-17 20:55:00,PT5M,0.0,0.0,0.0,0.0,0.0
0,0,0,0,25,0.15,81.8,3.2,225,2026-09-17 21:00:00,PT5M,0.0,0.0,0.0,0.0,0.0
0,0,0,0,24,0.15,81.9,3.2,225,2026-09-17 21:05:00,PT5M,0.0,0.0,0.0,0.0,0.0
0,0,0,0,24,0.15,82.0,3.1,226,2026-09-17 21:10:00,PT5M,0.0,0.0,0.0,0.0,0.0
0,0,0,0,24,0.15,82.1,3.1,226,2026-09-17 21:15:00,PT5M,0.0,0.0,0.0,0.0,0.0
0,0,0,0,24,0.15,82.2,3.1,227,2026-09-17 21:20:00,PT5M,0.0,0.0,0.0,0.0,0.0
0,0,0,0,24,0.15,82.2,3.0,227,2026-09-17 21:25:00,PT5M,0.0,0.0,0.0,0.0,0.0
0,0,0,0,24,0.15,82.3,3.0,227,2026-09-17 21:30:00,PT5M,0.0,0.0,0.0,0.0,0.0
0,0,0,0,24,0.15,82.4,3.0,227,2026-09-17 21:35:00,PT5M,0.0,0.0,0.0,0.0,0.0
0,0,0,0,24,0.15,82.5,2.9,227,2026-09-17 21:40:00,PT5M,0.0,0.0,0.0,0.0,0.0
0,0,0,0,24,0.15,82.6,2.9,226,2026-09-17 21:45:00,PT5M,0.0,0.0,0.0,0.0,0.0
0,0,0,0,24,0.15,82.6,2.9,225,2026-09-17 21:50:00,PT5M,0.0,0.0,0.0,0.0,0.0
0,0,0,0,24,0.15,82.7,2.9,225,2026-09-17 21:55:00,PT5M,0.0,0.0,0.0,0.0,0.0
0,0,0,0,24,0.15,82.8,2.8,224,2026-09-17 22:00:00,PT5M,0.0,0.0,0.0,0.0,0.0
0,0,0,0,24,0.15,82.9,2.8,223,2026-09-17 22:05:00,PT5M,0.0,0.0,0.0,0.0,0.0
0,0,0,0,24,0.15,83.0,2.8,222,2026-09-17 22:10:00,PT5M,0.0,0.0,0.0,0.0,0.0
0,0,0,0,24,0.15,83.1,2.8,222,2026-09-17 22:15:00,PT5M,0.0,0.0,0.0,0.0,0.0
0,0,0,0,24,0.15,83.2,2.8,221,2026-09-17 22:20:00,PT5M,0.0,0.0,0.0,0.0,0.0
0,0,0,0,24,0.15,83.2,2.7,220,2026-09-17 22:25:00,PT5M,0.0,0.0,0.0,0.0,0.0
0,0,0,0,24,0.15,83.3,2.7,219,2026-09-17 22:30:00,PT5M,0.0,0.0,0.0,0.0,0.0
0,0,0,0,24,0.15,83.4,2.7,219,2026-09-17 22:35:00,PT5M,0.0,0.0,0.0,0.0,0.0
0,0,0,0,24,0.15,83.4,2.7,219,2026-09-17 22:40:00,PT5M,0.0,0.0,0.0,0.0,0.0
0,0,0,0,24,0.15,83.5,2.8,218,2026-09-17 22:45:00,PT5M,0.0,0.0,0.0,0.0,0.0
0,0,0,0,24,0.15,83.5,2.8,218,2026-09-17 22:50:00,PT5M,0.0,0.0,0.0,0.0,0.0
0,0,0,0,24,0.15,83.5,2.8,218,2026-09-17 22:55:00,PT5M,0.0,0.0,0.0,0.0,0.0
0,0,0,0,24,0.15,83.6,2.9,217,2026-09-17 23:00:00,PT5M,0.0,0.0,0.0,0.0,0.0
0,0,0,0,24,0.15,83.6,2.9,217,2026-09-17 23:05:00,PT5M,0.0,0.0,0.0,0.0,0.0
0,0,0,0,24,0.15,83.7,2.9,217,2026-09-17 23:10:00,PT5M,0.0,0.0,0.0,0.0,0.0
0,0,0,0,24,0.15,83.7,3.0,217,2026-09-17 23:15:00,PT5M,0.0,0.0,0.0,0.0,0.0
0,0,0,0,24,0.15,83.7,3.0,216,2026-09-17 23:20:00,PT5M,0.0,0.0,0.0,0.0,0.0
0,0,0,0,24,0.15,83.8,3.0,216,2026-09-17 23:25:00,PT5M,0.0,0.0,0.0,0.0,0.0
0,0,0,0,24,0.15,83.8,3.1,216,2026-09-17 23:30:00,PT5M,0.0,0.0,0.0,0.0,0.0
0,0,0,0,24,0.15,83.9,3.1,216,2026-09-17 23:35:00,PT5M,0.0,0.0,0.0,0.0,0.0
0,0,0,0,24,0.15,83.9,3.1,217,2026-09-17 23:40:00,PT5M,0.0,0.0,0.0,0.0,0.0
0,0,0,0,24,0.15,83.9,3.1,218,2026-09-17 23:45:00,PT5M,0.0,0.0,0.0,0.0,0.0
0,0,0,0,24,0.15,84.0,3.1,219,2026-09-17 23:50:00,PT5M,0.0,0.0,0.0,0.0,0.0
0,0,0,0,24,0.15,84.0,3.1,220,2026-09-17 23:55:00,PT5M,0.0,0.0,0.0,0.0,0.0
0,0,0,0,24,0.15,84.1,3.0,221,2026-09-18 00:00:00,PT5M,0.0,0.0,0.0,0.0,0.0
0,0,0,0,24,0.15,84.1,3.0,221,2026-09-18 00:05:00,PT5M,0.0,0.0,0.0,0.0,0.0
0,0,0,0,24,0.15,84.2,3.0,222,2026-09-18 00:10:00,PT5M,0.0,0.0,0.0,0.0,0.0
0,0,0,0,24,0.15,84.2,3.0,223,2026-09-18 00:15:00,PT5M,0.0,0.0,0.0,0.0,0.0
0,0,0,0,24,0.15,84.2,3.0,224,2026-09-18 00:20:00,PT5M,0.0,0.0,0.0,0.0,0.0
0,0,0,0,24,0.15,84.3,3.0,225,2026-09-18 00:25:00,PT5M,0.0,0.0,0.0,0.0,0.0
0,0,0,0,24,0.15,84.3,3.0,226,2026-09-18 00:30:00,PT5M,0.0,0.0,0.0,0.0,0.0
0,0,0,0,24,0.15,84.4,3.0,227,2026-09-18 00:35:00,PT5M,0.0,0.0,0.0,0.0,0.0
0,0,0,0,24,0.15,84.4,3.0,227,2026-09-18 00:40:00,PT5M,0.0,0.0,0.0,0.0,0.0
0,0,0,0,24,0.15,84.4,3.0,227,2026-09-18 00:45:00,PT5M,0.0,0.0,0.0,0.0,0.0
0,0,0,0,24,0.15,84.5,3.0,228,2026-09-18 00:50:00,PT5M,0.0,0.0,0.0,0.0,0.0
0,0,0,0,24,0.15,84.5,3.0,228,2026-09-18 00:55:00,PT5M,0.0,0.0,0.0,0.0,0.0
0,0,0,0,24,0.15,84.6,2.9,228,2026-09-18 01:00:00,PT5M,0.0,0.0,0.0,0.0,0.0
0,0,0,0,24,0.15,84.6,2.9,229,2026-09-18 01:05:00,PT5M,0.0,0.0,0.0,0.0,0.0
0,0,0,0,24,0.15,84.7,2.9,229,2026-09-18 01:10:00,PT5M,0.0,0.0,0.0,0.0,0.0
0,0,0,0,24,0.15,84.7,2.9,229,2026-09-18 01:15:00,PT5M,0.0,0.0,0.0,0.0,0.0
0,0,0,0,24,0.15,84.7,2.9,230,2026-09-18 01:20:00,PT5M,0.0,0.0,0.0,0.0,0.0
0,0,0,0,24,0.15,84.8,2.9,230,2026-09-18 01:25:00,PT5M,0.0,0.0,0.0,0.0,0.0
0,0,0,0,24,0.15,84.8,2.9,231,2026-09-18 01:30:00,PT5M,0.0,0.0,0.0,0.0,0.0
0,0,0,0,24,0.15,84.8,2.8,230,2026-09-18 01:35:00,PT5M,0.0,0.0,0.0,0.0,0.0
0,0,0,0,24,0.15,84.8,2.9,230,2026-09-18 01:40:00,PT5M,0.0,0.0,0.0,0.0,0.0
0,0,0,0,24,0.15,84.8,2.9,229,2026-09-18 01:45:00,PT5M,0.0,0.0,0.0,0.0,0.0
0,0,0,0,24,0.15,84.8,2.9,228,2026-09-18 01:50:00,PT5M,0.0,0.0,0.0,0.0,0.0
0,0,0,0,24,0.15,84.8,2.9,227,2026-09-18 01:55:00,PT5M,0.0,0.0,0.0,0.0,0.0
0,0,0,0,24,0.15,84.8,2.9,227,2026-09-18 02:00:00,PT5M,0.0,0.0,0.0,0.0,0.0
0,0,0,0,23,0.15,84.8,2.9,226,2026-09-18 02:05:00,PT5M,0.0,0.0,0.0,0.0,0.0
0,0,0,0,23,0.15,84.8,2.9,225,2026-09-18 02:10:00,PT5M,0.0,0.0,0.0,0.0,0.0
0,0,0,0,23,0.15,84.8,2.9,225,2026-09-18 02:15:00,PT5M,0.0,0.0,0.0,0.0,0.0
0,0,0,0,23,0.15,84.8,2.9,224,2026-09-18 02:20:00,PT5M,0.0,0.0,0.0,0.0,0.0
0,0,0,0,23,0.15,84.8,3.0,223,2026-09-18 02:25:00,PT5M,0.0,0.0,0.0,0.0,0.0
0,0,0,0,23,0.15,84.8,3.0,223,2026-09-18 02:30:00,PT5M,0.0,0.0,0.0,0.0,0.0
0,0,0,0,23,0.15,84.8,3.0,222,2026-09-18 02:35:00,PT5M,0.0,0.0,0.0,0.0,0.0
0,0,0,0,23,0.15,84.7,3.0,223,2026-09-18 02:40:00,PT5M,0.0,0.0,0.0,0.0,0.0
0,0,0,0,23,0.15,84.6,3.0,223,2026-09-18 02:45:00,PT5M,0.0,0.0,0.0,0.0,0.0
0,0,0,0,23,0.15,84.5,3.0,223,2026-09-18 02:50:00,PT5M,0.0,0.0,0.0,0.0,0.0
0,0,0,0,23,0.15,84.4,3.0,224,2026-09-18 02:55:00,PT5M,0.0,0.0,0.0,0.0,0.0
0,0,0,0,23,0.15,84.3,3.0,224,2026-09-18 03:00:00,PT5M,0.0,0.0,0.0,0.0,0.0
0,0,0,0,23,0.15,84.3,3.0,224,2026-09-18 03:05:00,PT5M,0.0,0.0,0.0,0.0,0.0
0,0,0,0,23,0.15,84.2,3.0,225,2026-09-18 03:10:00,PT5M,0.0,0.0,0.0,0.0,0.0
0,0,0,0,23,0.15,84.1,3.0,225,2026-09-18 03:15:00,PT5M,0.0,0.0,0.0,0.0,0.0
0,0,0,0,23,0.15,84.0,3.0,226,2026-09-18 03:20:00,PT5M,0.0,0.0,0.0,0.0,0.0
0,0,0,0,23,0.15,83.9,3.0,226,2026-09-18 03:25:00,PT5M,0.0,0.0,0.0,0.0,0.0
0,0,0,0,23,0.15,83.8,3.0,226,2026-09-18 03:30:00,PT5M,0.0,0.0,0.0,0.0,0.0
0,0,0,0,23,0.15,83.8,3.0,226,2026-09-18 03:35:00,PT5M,0.0,0.0,0.0,0.0,0.0
0,0,0,0,23,0.15,83.8,3.0,226,2026-09-18 03:40:00,PT5M,0.0,0.0,0.0,0.0,0.0
0,0,0,0,23,0.15,83.8,3.0,226,2026-09-18 03:45:00,PT5M,0.0,0.0,0.0,0.0,0.0
0,0,0,0,23,0.15,83.8,3.0,226,2026-09-18 03:50:00,PT5M,0.0,0.0,0.0,0.0,0.0
0,0,0,0,23,0.15,83.8,3.0,225,2026-09-18 03:55:00,PT5M,0.0,0.0,0.0,0.0,0.0
0,0,0,0,23,0.15,83.8,3.0,225,2026-09-18 04:00:00,PT5M,0.0,0.0,0.0,0.0,0.0
0,0,0,0,23,0.15,83.8,3.0,225,2026-09-18 04:05:00,PT5M,0.0,0.0,0.0,0.0,0.0
0,0,0,0,23,0.15,83.8,3.0,225,2026-09-18 04:10:00,PT5M,0.0,0.0,0.0,0.0,0.0
0,0,0,0,23,0.15,83.8,2.9,224,2026-09-18 04:15:00,PT5M,0.0,0.0,0.0,0.0,0.0
0,0,0,0,23,0.15,83.8,2.9,224,2026-09-18 04:20:00,PT5M,0.0,0.0,0.0,0.0,0.0
0,0,0,0,23,0.15,83.8,2.9,224,2026-09-18 04:25:00,PT5M,0.0,0.0,0.0,0.0,0.0
0,0,0,0,23,0.15,83.8,2.9,224,2026-09-18 04:30:00,PT5M,0.0,0.0,0.0,0.0,0.0
0,0,0,0,23,0.15,83.8,2.9,224,2026-09-18 04:35:00,PT5M,0.0,0.0,0.0,0.0,0.0
0,0,0,0,23,0.15,83.8,2.9,223,2026-09-18 04:40:00,PT5M,0.0,0.0,0.0,0.0,0.0
0,0,0,0,23,0.15,83.9,2.9,223,2026-09-18 04:45:00,PT5M,0.0,0.0,0.0,0.0,0.0
0,0,0,0,23,0.15,83.9,2.9,223,2026-09-18 04:50:00,PT5M,0.0,0.0,0.0,0.0,0.0
0,0,0,0,23,0.15,84.0,2.9,223,2026-09-18 04:55:00,PT5M,0.0,0.0,0.0,0.0,0.0
0,0,0,0,23,0.15,84.0,2.9,223,2026-09-18 05:00:00,PT5M,0.0,0.0,0.0,0.0,0.0
0,0,0,0,23,0.15,84.0,2.9,223,2026-09-18 05:05:00,PT5M,0.0,0.0,0.0,0.0,0.0
0,0,0,0,23,0.15,84.1,2.9,223,2026-09-18 05:10:00,PT5M,0.0,0.0,0.0,0.0,0.0
0,0,0,0,23,0.15,84.1,2.9,223,2026-09-18 05:15:00,PT5M,0.0,0.0,0.0,0.0,0.0
0,0,0,0,23,0.15,84.2,2.8,222,2026-09-18 05:20:00,PT5M,0.0,0.0,0.0,0.0,0.0
0,0,0,0,23,0.15,84.2,2.8,222,2026-09-18 05:25:00,PT5M,0.0,0.0,0.0,0.0,0.0
0,0,0,0,23,0.15,84.3,2.8,222,2026-09-18 05:30:00,PT5M,0.0,0.0,0.0,0.0,0.0
0,0,0,0,23,0.15,84.2,2.8,222,2026-09-18 05:35:00,PT5M,0.0,0.0,0.0,0.0,0.0
0,0,0,0,23,0.15,84.0,2.8,222,2026-09-18 05:40:00,PT5M,0.0,0.0,0.0,0.0,0.0
0,0,0,0,23,0.15,83.9,2.8,222,2026-09-18 05:45:00,PT5M,0.0,0.0,0.0,0.0,0.0
0,0,0,0,23,0.15,83.7,2.9,222,2026-09-18 05:50:00,PT5M,0.0,0.0,0.0,0.0,0.0
0,0,0,0,23,0.15,83.5,2.9,222,2026-09-18 05:55:00,PT5M,0.0,0.0,0.0,0.0,0.0
0,0,0,0,23,0.15,83.4,2.9,222,2026-09-18 06:00:00,PT5M,0.0,0.0,0.0,0.0,0.0
6,6,0,6,24,0.15,83.2,2.9,221,2026-09-18 06:05:00,PT5M,0.061,0.225,0.1473,0.0,0.0
12,12,0,12,24,0.15,83.0,2.9,221,2026-09-18 06:10:00,PT5M,0.997,1.7685,1.403,0.591,0.2255
20,20,0,20,24,0.15,82.9,2.9,221,2026-09-18 06:15:00,PT5M,2.029,3.382,2.7411,1.3169,0.676
29,29,0,29,24,0.15,82.7,2.9,221,2026-09-18 06:20:00,PT5M,3.162,5.4905,4.3875,1.9365,0.8335
39,39,0,39,24,0.15,82.5,2.9,221,2026-09-18 06:25:00,PT5M,4.401,7.8495,6.216,2.586,0.9525
50,50,0,50,24,0.15,82.4,2.9,221,2026-09-18 06:30:00,PT5M,5.869,10.739,8.4321,3.3059,0.999
63,63,10,61,24,0.15,82.0,2.9,221,2026-09-18 06:35:00,PT5M,7.794,14.2305,11.1816,4.4064,1.3575
77,77,42,70,24,0.15,81.5,3.0,221,2026-09-18 06:40:00,PT5M,10.594,18.6855,14.8526,6.3354,2.5025
93,93,77,78,24,0.15,81.0,3.1,222,2026-09-18 06:45:00,PT5M,13.867,23.6375,19.0093,8.7247,4.0965
110,110,114,86,24,0.15,80.4,3.1,222,2026-09-18 06:50:00,PT5M,17.63,29.076,23.6541,11.6059,6.184
128,128,152,92,24,0.15,79.9,3.2,222,2026-09-18 06:55:00,PT5M,21.721,34.8855,28.6496,14.7924,8.5565
147,148,192,98,25,0.15,79.4,3.2,222,2026-09-18 07:00:00,PT5M,26.306,41.2695,34.1814,18.4306,11.3425
166,167,225,104,25,0.15,78.9,3.3,223,2026-09-18 07:05:00,PT5M,30.783,47.607,39.6376,21.9284,13.959
185,186,257,109,25,0.15,78.4,3.3,223,2026-09-18 07:10:00,PT5M,35.497,54.182,45.331,25.663,16.812
205,206,289,113,25,0.15,77.9,3.4,223,2026-09-18 07:15:00,PT5M,40.48,61.0845,51.3243,29.6357,19.8755
225,227,321,117,25,0.15,77.4,3.5,223,2026-09-18 07:20:00,PT5M,45.699,68.187,57.5346,33.8634,23.211
247,248,354,120,25,0.15,76.9,3.5,224,2026-09-18 07:25:00,PT5M,51.149,75.5155,63.9733,38.3247,26.7825
268,270,387,122,25,0.15,76.4,3.6,224,2026-09-18 07:30:00,PT5M,56.783,83.0235,70.5936,42.9724,30.5425
288,290,409,126,26,0.15,75.7,3.6,224,2026-09-18 07:35:00,PT5M,61.74,89.939,76.5813,46.8987,33.541
306,308,420,131,26,0.15,74.7,3.7,224,2026-09-18 07:40:00,PT5M,65.876,96.1765,81.8234,49.9286,35.5755
324,326,430,136,26,0.15,73.8,3.8,225,2026-09-18 07:45:00,PT5M,69.071,100.0,85.7928,52.3492,37.299
342,344,440,141,26,0.15,72.8,3.9,225,2026-09-18 07:50:00,PT5M,70.985,100.0,87.9992,53.9708,38.6575
360,361,449,146,27,0.15,71.9,4.0,226,2026-09-18 07:55:00,PT5M,72.8,100.0,90.0826,55.5174,39.9625
378,379,458,151,27,0.15,71.0,4.1,226,2026-09-18 08:00:00,PT5M,74.51,100.0,92.0352,56.9848,41.2115
395,396,466,155,27,0.15,70.1,4.1,226,2026-09-18 08:05:00,PT5M,76.102,100.0,93.8399,58.3641,42.3995
412,413,473,160,27,0.15,69.2,4.2,226,2026-09-18 08:10:00,PT5M,77.565,100.0,95.481,59.649,43.524
429,430,480,165,27,0.15,68.4,4.3,227,2026-09-18 08:15:00,PT5M,78.889,100.0,96.9434,60.8346,44.585
446,447,486,169,28,0.15,67.5,4.4,227,2026-09-18 08:20:00,PT5M,80.07,100.0,98.2218,61.9182,45.581
463,464,491,174,28,0.15,66.6,4.5,227,2026-09-18 08:25:00,PT5M,81.079,100.0,99.2721,62.8859,46.5115
479,480,496,179,28,0.15,65.8,4.6,228,2026-09-18 08:30:00,PT5M,81.999,100.0,100.0,63.789,47.3995
495,496,502,183,28,0.15,64.9,4.6,228,2026-09-18 08:35:00,PT5M,82.931,100.0,100.0,64.7208,48.331
511,512,508,187,28,0.15,63.9,4.7,228,2026-09-18 08:40:00,PT5M,83.88,100.0,100.0,65.6816,49.3025
527,528,514,190,29,0.15,63.0,4.7,229,2026-09-18 08:45:00,PT5M,84.772,100.0,100.0,66.5941,50.2335
543,544,520,194,29,0.15,62.0,4.8,230,2026-09-18 08:50:00,PT5M,85.613,100.0,100.0,67.4617,51.125
559,559,525,198,29,0.15,61.1,4.8,230,2026-09-18 08:55:00,PT5M,86.41,100.0,100.0,68.2637,51.9315
574,574,530,201,29,0.15,60.2,4.9,231,2026-09-18 09:00:00,PT5M,87.166,100.0,100.0,69.0605,52.765
589,590,536,204,30,0.15,59.3,4.9,231,2026-09-18 09:05:00,PT5M,87.957,100.0,100.0,69.9105,53.668
604,605,541,207,30,0.15,58.4,5.0,232,2026-09-18 09:10:00,PT5M,88.746,100.0,100.0,70.8237,54.693
619,619,546,211,30,0.15,57.5,5.0,232,2026-09-18 09:15:00,PT5M,89.455,100.0,100.0,71.7284,55.774
634,634,550,214,30,0.15,56.6,5.1,232,2026-09-18 09:20:00,PT5M,90.133,100.0,100.0,72.5975,56.815
648,648,555,217,30,0.15,55.8,5.1,233,2026-09-18 09:25:00,PT5M,90.781,100.0,100.0,73.4313,57.816
662,661,559,219,31,0.15,55.0,5.2,233,2026-09-18 09:30:00,PT5M,91.402,100.0,100.0,74.2331,58.7805
676,675,565,222,31,0.15,54.2,5.2,234,2026-09-18 09:35:00,PT5M,92.07,100.0,100.0,75.0863,59.8005
690,689,571,223,31,0.15,53.6,5.2,234,2026-09-18 09:40:00,PT5M,92.785,100.0,100.0,75.9916,60.877
703,703,577,225,31,0.15,53.0,5.2,234,2026-09-18 09:45:00,PT5M,93.426,100.0,100.0,76.8142,61.863
716,716,582,227,31,0.15,52.4,5.2,234,2026-09-18 09:50:00,PT5M,94.025,100.0,100.0,77.5882,62.7945
729,728,587,229,31,0.15,51.8,5.2,234,2026-09-18 09:55:00,PT5M,94.6,100.0,100.0,78.3326,63.6915
741,740,591,230,32,0.15,51.2,5.2,234,2026-09-18 10:00:00,PT5M,95.151,100.0,100.0,79.0465,64.552
753,753,597,231,32,0.15,50.6,5.2,234,2026-09-18 10:05:00,PT5M,95.709,100.0,100.0,79.7629,65.411
765,764,603,231,32,0.15,50.0,5.2,234,2026-09-18 10:10:00,PT5M,96.272,100.0,100.0,80.4809,66.2685
777,776,610,231,32,0.15,49.4,5.2,234,2026-09-18 10:15:00,PT5M,96.807,100.0,100.0,81.1652,67.087
788,787,616,231,32,0.15,48.9,5.2,234,2026-09-18 10:20:00,PT5M,97.313,100.0,100.0,81.8143,67.865
799,798,622,231,32,0.15,48.3,5.2,234,2026-09-18 10:25:00,PT5M,97.797,100.0,100.0,82.4359,68.6105
809,808,628,230,33,0.15,47.8,5.2,234,2026-09-18 10:30:00,PT5M,98.256,100.0,100.0,83.0278,69.322
818,817,630,231,33,0.15,47.3,5.2,234,2026-09-18 10:35:00,PT5M,98.51,100.0,100.0,83.3766,69.756
824,823,629,234,33,0.15,47.0,5.2,234,2026-09-18 10:40:00,PT5M,98.562,100.0,100.0,83.4844,69.914
830,829,627,237,33,0.15,46.7,5.3,234,2026-09-18 10:45:00,PT5M,98.592,100.0,100.0,83.5628,70.036
835,834,626,240,33,0.15,46.3,5.3,234,2026-09-18 10:50:00,PT5M,98.601,100.0,100.0,83.6118,70.121
840,839,624,242,33,0.15,46.0,5.3,234,2026-09-18 10:55:00,PT5M,98.587,100.0,100.0,83.6275,70.1635
845,844,622,245,33,0.15,45.7,5.3,234,2026-09-18 11:00:00,PT5M,98.543,100.0,100.0,83.5896,70.131
848,847,619,248,33,0.15,45.4,5.3,234,2026-09-18 11:05:00,PT5M,98.478,100.0,100.0,83.5314,70.079
852,851,616,251,34,0.15,45.0,5.3,234,2026-09-18 11:10:00,PT5M,98.393,100.0,100.0,83.4588,70.0175
854,853,614,254,34,0.15,44.7,5.3,234,2026-09-18 11:15:00,PT5M,98.289,100.0,100.0,83.3595,69.9225
857,856,610,256,34,0.15,44.4,5.3,235,2026-09-18 11:20:00,PT5M,98.163,100.0,100.0,83.2217,69.774
859,857,607,259,34,0.15,44.1,5.4,235,2026-09-18 11:25:00,PT5M,98.017,100.0,100.0,83.0557,69.59
860,859,604,262,34,0.15,43.8,5.4,235,2026-09-18 11:30:00,PT5M,97.853,100.0,100.0,82.8643,69.374
859,858,597,266,34,0.15,43.5,5.4,235,2026-09-18 11:35:00,PT5M,97.498,100.0,100.0,82.4527,68.9115
856,854,586,272,34,0.15,43.3,5.3,235,2026-09-18 11:40:00,PT5M,96.954,100.0,100.0,81.8219,68.2025
852,851,576,278,34,0.15,43.1,5.3,235,2026-09-18 11:45:00,PT5M,96.39,100.0,100.0,81.1637,67.4595
848,847,565,284,34,0.15,42.9,5.3,235,2026-09-18 11:50:00,PT5M,95.804,100.0,100.0,80.4766,66.6815
843,842,554,290,34,0.15,42.6,5.3,235,2026-09-18 11:55:00,PT5M,95.178,100.0,100.0,79.7406,65.8465
837,836,543,295,35,0.15,42.4,5.3,235,2026-09-18 12:00:00,PT5M,94.533,100.0,100.0,78.979,64.98
831,830,531,301,35,0.15,42.2,5.2,235,2026-09-18 12:05:00,PT5M,93.999,100.0,100.0,78.3211,64.2105
825,824,519,307,35,0.15,42.0,5.2,235,2026-09-18 12:10:00,PT5M,93.399,100.0,100.0,77.5895,63.3605
818,817,507,313,35,0.15,41.8,5.2,235,2026-09-18 12:15:00,PT5M,92.76,100.0,100.0,76.8118,62.458
810,809,494,318,35,0.15,41.6,5.2,235,2026-09-18 12:20:00,PT5M,92.089,100.0,100.0,75.9958,61.5115
802,801,482,323,35,0.15,41.3,5.1,235,2026-09-18 12:25:00,PT5M,91.392,100.0,100.0,75.1488,60.5295
793,793,469,328,35,0.15,41.1,5.1,235,2026-09-18 12:30:00,PT5M,90.667,100.0,100.0,74.2691,59.5105
783,782,454,335,35,0.15,41.0,5.1,235,2026-09-18 12:35:00,PT5M,89.753,100.0,100.0,73.1754,58.255
770,770,436,341,35,0.15,40.8,5.1,235,2026-09-18 12:40:00,PT5M,88.647,100.0,100.0,71.8641,56.759
758,757,418,348,35,0.15,40.7,5.2,235,2026-09-18 12:45:00,PT5M,87.51,100.0,100.0,70.5187,55.226
745,744,401,354,35,0.15,40.6,5.2,235,2026-09-18 12:50:00,PT5M,86.335,100.0,100.0,69.1269,53.639
731,731,384,359,35,0.15,40.5,5.2,236,2026-09-18 12:55:00,PT5M,85.12,100.0,100.0,67.6884,51.9995
718,718,367,364,35,0.15,40.4,5.2,236,2026-09-18 13:00:00,PT5M,83.883,100.0,100.0,66.2351,50.3515
704,704,351,368,35,0.15,40.3,5.2,236,2026-09-18 13:05:00,PT5M,82.621,100.0,100.0,64.7697,48.703
691,690,335,371,35,0.15,40.2,5.2,236,2026-09-18 13:10:00,PT5M,81.342,100.0,99.4112,63.2728,47.01
677,677,320,374,35,0.15,40.0,5.3,236,2026-09-18 13:15:00,PT5M,80.02,100.0,98.3108,61.7292,45.267
662,663,306,376,35,0.15,39.9,5.3,236,2026-09-18 13:20:00,PT5M,78.659,100.0,97.1734,60.1446,43.481
648,648,291,377,35,0.15,39.8,5.3,236,2026-09-18 13:25:00,PT5M,77.261,100.0,95.9996,58.5224,41.657
634,634,277,378,35,0.15,39.7,5.3,236,2026-09-18 13:30:00,PT5M,75.828,100.0,94.7903,56.8657,39.799
620,620,265,378,35,0.15,39.9,5.3,235,2026-09-18 13:35:00,PT5M,74.496,100.0,93.6702,55.3218,38.0645
607,607,254,378,35,0.15,40.3,5.2,235,2026-09-18 13:40:00,PT5M,73.264,100.0,92.6384,53.8896,36.452
594,594,243,376,35,0.15,40.8,5.2,234,2026-09-18 13:45:00,PT5M,72.002,100.0,91.5767,52.4273,34.8095
581,581,233,375,35,0.15,41.3,5.1,234,2026-09-18 13:50:00,PT5M,70.703,100.0,90.4782,50.9278,33.1295
568,568,223,373,35,0.15,41.7,5.1,233,2026-09-18 13:55:00,PT5M,69.367,100.0,89.3427,49.3913,31.4125
554,555,212,371,35,0.15,42.2,5.0,232,2026-09-18 14:00:00,PT5M,67.98,100.0,88.1565,47.8035,29.644
540,541,202,368,35,0.15,42.7,5.0,232,2026-09-18 14:05:00,PT5M,66.57,100.0,86.9478,46.1922,27.8515
527,527,193,365,34,0.15,43.2,4.9,231,2026-09-18 14:10:00,PT5M,65.118,100.0,85.6979,44.5381,26.0155
513,514,183,362,34,0.15,43.7,4.9,230,2026-09-18 14:15:00,PT5M,63.631,100.0,84.4122,42.8498,24.146
499,500,173,358,34,0.15,44.2,4.9,229,2026-09-18 14:20:00,PT5M,62.108,100.0,83.0892,41.1268,22.243
485,486,163,354,34,0.15,44.7,4.8,229,2026-09-18 14:25:00,PT5M,60.508,100.0,81.6908,39.3252,20.26
471,471,153,350,34,0.15,45.2,4.8,228,2026-09-18 14:30:00,PT5M,58.873,99.5005,80.2555,37.4905,18.2455
458,459,146,345,34,0.15,45.7,4.7,228,2026-09-18 14:35:00,PT5M,57.438,98.193,78.8876,35.9884,16.683
446,447,141,339,34,0.15,46.0,4.7,228,2026-09-18 14:40:00,PT5M,56.205,96.942,77.6452,34.7648,15.468
435,435,136,333,33,0.15,46.3,4.7,228,2026-09-18 14:45:00,PT5M,54.937,95.6045,76.3406,33.5334,14.2695
423,424,130,327,33,0.15,46.6,4.6,228,2026-09-18 14:50:00,PT5M,53.635,94.2575,75.0149,32.2551,13.0125
411,412,125,321,33,0.15,46.9,4.6,229,2026-09-18 14:55:00,PT5M,52.298,92.879,73.6561,30.9399,11.717
399,399,120,315,33,0.15,47.3,4.6,229,2026-09-18 15:00:00,PT5M,50.925,91.447,72.252,29.598,10.403
387,388,115,308,33,0.15,47.6,4.6,229,2026-09-18 15:05:00,PT5M,49.56,89.9835,70.8352,28.2848,9.1365
375,375,109,302,33,0.15,47.9,4.5,229,2026-09-18 15:10:00,PT5M,48.352,88.6385,69.5551,27.1489,8.0655
362,363,103,295,33,0.15,48.3,4.5,230,2026-09-18 15:15:00,PT5M,46.888,87.013,68.0061,25.7699,6.763
350,351,97,288,32,0.15,48.6,4.5,230,2026-09-18 15:20:00,PT5M,45.377,85.3145,66.3964,24.3576,5.4395
338,338,92,281,32,0.15,49.0,4.4,230,2026-09-18 15:25:00,PT5M,43.807,83.5295,64.7132,22.9008,4.0845
325,326,86,274,32,0.15,49.3,4.4,230,2026-09-18 15:30:00,PT5M,42.188,81.659,62.9619,21.4141,2.717
313,313,79,266,32,0.15,49.7,4.4,231,2026-09-18 15:35:00,PT5M,40.516,79.701,61.1393,19.8927,1.331
300,301,73,258,32,0.15,50.1,4.3,232,2026-09-18 15:40:00,PT5M,38.792,77.646,59.2411,18.3429,0.0
287,288,67,251,32,0.15,50.4,4.2,233,2026-09-18 15:45:00,PT5M,37.054,75.475,57.2752,16.8328,0.0
274,275,60,243,32,0.15,50.8,4.1,235,2026-09-18 15:50:00,PT5M,35.267,73.1605,55.2106,15.3234,0.0
261,262,53,234,32,0.15,51.2,4.0,236,2026-09-18 15:55:00,PT5M,33.427,70.7045,53.0464,13.8076,0.0
248,249,46,226,32,0.15,51.6,3.9,237,2026-09-18 16:00:00,PT5M,31.534,68.108,50.7832,12.2848,0.0
236,236,39,217,32,0.15,52.0,3.8,238,2026-09-18 16:05:00,PT5M,29.635,65.456,48.4878,10.7822,0.0
223,224,33,208,32,0.15,52.5,3.7,240,2026-09-18 16:10:00,PT5M,27.736,62.772,46.1757,9.2963,0.0
210,211,26,199,31,0.15,52.9,3.6,241,2026-09-18 16:15:00,PT5M,26.109,60.3035,44.1058,8.1122,0.0
198,198,20,190,31,0.15,53.3,3.5,243,2026-09-18 16:20:00,PT5M,24.218,57.112,41.5303,6.9057,0.0
185,186,13,181,31,0.15,53.7,3.5,245,2026-09-18 16:25:00,PT5M,22.466,53.074,38.5752,6.3568,0.0
173,173,6,171,31,0.15,54.1,3.4,246,2026-09-18 16:30:00,PT5M,20.64,49.043,35.5887,5.6913,0.0
161,161,0,161,31,0.15,54.4,3.4,246,2026-09-18 16:35:00,PT5M,18.911,45.1275,32.7089,5.1131,0.0
149,149,0,149,31,0.15,54.6,3.5,244,2026-09-18 16:40:00,PT5M,17.588,41.646,30.2499,4.9261,0.0
137,137,0,137,31,0.15,54.9,3.6,242,2026-09-18 16:45:00,PT5M,16.233,38.1455,27.7657,4.7003,0.0
125,125,0,125,31,0.15,55.1,3.7,240,2026-09-18 16:50:00,PT5M,14.839,34.628,25.2541,4.4239,0.0
113,114,0,114,31,0.15,55.3,3.8,238,2026-09-18 16:55:00,PT5M,13.443,31.1455,22.76,4.126,0.0
102,102,0,102,31,0.15,55.5,3.9,237,2026-09-18 17:00:00,PT5M,12.062,27.736,20.3113,3.8127,0.0
90,90,0,90,31,0.15,55.7,4.1,235,2026-09-18 17:05:00,PT5M,10.662,24.406,17.8956,3.4284,0.0
79,79,0,79,31,0.15,55.9,4.2,233,2026-09-18 17:10:00,PT5M,9.3,21.224,15.5757,3.0243,0.0
68,68,0,68,31,0.15,56.1,4.3,232,2026-09-18 17:15:00,PT5M,7.877,18.0425,13.2272,2.5268,0.0
57,58,0,58,31,0.15,56.3,4.4,231,2026-09-18 17:20:00,PT5M,6.578,15.0385,11.0308,2.1252,0.0
48,48,0,48,30,0.15,56.6,4.5,229,2026-09-18 17:25:00,PT5M,5.413,12.187,8.9782,1.8478,0.0
38,39,0,39,30,0.15,56.8,4.7,228,2026-09-18 17:30:00,PT5M,4.268,9.494,7.0185,1.5175,0.0
30,30,0,30,30,0.15,57.1,4.7,228,2026-09-18 17:35:00,PT5M,3.18,7.019,5.2005,1.1595,0.0
23,23,0,23,30,0.15,57.5,4.7,228,2026-09-18 17:40:00,PT5M,2.278,4.983,3.7017,0.8543,0.0
16,16,0,16,30,0.15,58.0,4.7,228,2026-09-18 17:45:00,PT5M,1.466,3.191,2.3739,0.5581,0.0
11,11,0,11,30,0.15,58.4,4.7,228,2026-09-18 17:50:00,PT5M,0.715,1.6375,1.2005,0.2295,0.0
5,5,0,5,30,0.15,58.9,4.7,228,2026-09-18 17:55:00,PT5M,0.024,0.3275,0.1837,0.0,0.0
1,1,0,1,30,0.15,59.3,4.6,228,2026-09-18 18:00:00,PT5M,0.0,0.0,0.0,0.0,0.0
0,0,0,0,30,0.15,59.8,4.6,228,2026-09-18 18:05:00,PT5M,0.0,0.0,0.0,0.0,0.0
0,0,0,0,30,0.15,60.2,4.6,228,2026-09-18 18:10:00,PT5M,0.0,0.0,0.0,0.0,0.0
0,0,0,0,29,0.15,60.7,4.6,228,2026-09-18 18:15:00,PT5M,0.0,0.0,0.0,0.0,0.0
0,0,0,0,29,0.15,61.1,4.6,228,2026-09-18 18:20:00,PT5M,0.0,0.0,0.0,0.0,0.0
0,0,0,0,29,0.15,61.6,4.6,228,2026-09-18 18:25:00,PT5M,0.0,0.0,0.0,0.0,0.0
0,0,0,0,29,0.15,62.1,4.5,228,2026-09-18 18:30:00,PT5M,0.0,0.0,0.0,0.0,0.0
0,0,0,0,29,0.15,62.6,4.5,228,2026-09-18 18:35:00,PT5M,0.0,0.0,0.0,0.0,0.0
0,0,0,0,29,0.15,63.0,4.5,228,2026-09-18 18:40:00,PT5M,0.0,0.0,0.0,0.0,0.0
0,0,0,0,29,0.15,63.5,4.5,228,2026-09-18 18:45:00,PT5M,0.0,0.0,0.0,0.0,0.0
0,0,0,0,29,0.15,64.0,4.5,228,2026-09-18 18:50:00,PT5M,0.0,0.0,0.0,0.0,0.0
0,0,0,0,29,0.15,64.5,4.5,228,2026-09-18 18:55:00,PT5M,0.0,0.0,0.0,0.0,0.0
0,0,0,0,28,0.15,65.0,4.4,228,2026-09-18 19:00:00,PT5M,0.0,0.0,0.0,0.0,0.0
0,0,0,0,28,0.15,65.5,4.4,228,2026-09-18 19:05:00,PT5M,0.0,0.0,0.0,0.0,0.0
0,0,0,0,28,0.15,66.0,4.4,228,2026-09-18 19:10:00,PT5M,0.0,0.0,0.0,0.0,0.0
0,0,0,0,28,0.15,66.5,4.4,228,2026-09-18 19:15:00,PT5M,0.0,0.0,0.0,0.0,0.0
0,0,0,0,28,0.15,67.0,4.4,228,2026-09-18 19:20:00,PT5M,0.0,0.0,0.0,0.0,0.0
0,0,0,0,28,0.15,67.5,4.3,228,2026-09-18 19:25:00,PT5M,0.0,0.0,0.0,0.0,0.0
0,0,0,0,28,0.15,68.1,4.3,228,2026-09-18 19:30:00,PT5M,0.0,0.0,0.0,0.0,0.0
0,0,0,0,28,0.15,68.6,4.3,228,2026-09-18 19:35:00,PT5M,0.0,0.0,0.0,0.0,0.0
0,0,0,0,28,0.15,69.1,4.3,229,2026-09-18 19:40:00,PT5M,0.0,0.0,0.0,0.0,0.0
0,0,0,0,27,0.15,69.6,4.3,229,2026-09-18 19:45:00,PT5M,0.0,0.0,0.0,0.0,0.0
0,0,0,0,27,0.15,70.2,4.3,229,2026-09-18 19:50:00,PT5M,0.0,0.0,0.0,0.0,0.0
0,0,0,0,27,0.15,70.7,4.2,229,2026-09-18 19:55:00,PT5M,0.0,0.0,0.0,0.0,0.0
0,0,0,0,27,0.15,71.3,4.2,229,2026-09-18 20:00:00,PT5M,0.0,0.0,0.0,0.0,0.0
0,0,0,0,27,0.15,71.8,4.2,229,2026-09-18 20:05:00,PT5M,0.0,0.0,0.0,0.0,0.0
0,0,0,0,27,0.15,72.4,4.2,229,2026-09-18 20:10:00,PT5M,0.0,0.0,0.0,0.0,0.0
0,0,0,0,27,0.15,72.9,4.2,229,2026-09-18 20:15:00,PT5M,0.0,0.0,0.0,0.0,0.0
0,0,0,0,27,0.15,73.5,4.2,229,2026-09-18 20:20:00,PT5M,0.0,0.0,0.0,0.0,0.0
0,0,0,0,27,0.15,74.1,4.1,229,2026-09-18 20:25:00,PT5M,0.0,0.0,0.0,0.0,0.0
0,0,0,0,27,0.15,74.7,4.1,229,2026-09-18 20:30:00,PT5M,0.0,0.0,0.0,0.0,0.0
0,0,0,0,26,0.15,75.1,4.1,229,2026-09-18 20:35:00,PT5M,0.0,0.0,0.0,0.0,0.0
0,0,0,0,26,0.15,75.4,4.1,229,2026-09-18 20:40:00,PT5M,0.0,0.0,0.0,0.0,0.0
0,0,0,0,26,0.15,75.6,4.0,228,2026-09-18 20:45:00,PT5M,0.0,0.0,0.0,0.0,0.0
0,0,0,0,26,0.15,75.9,4.0,228,2026-09-18 20:50:00,PT5M,0.0,0.0,0.0,0.0,0.0
0,0,0,0,26,0.15,76.2,3.9,228,2026-09-18 20:55:00,PT5M,0.0,0.0,0.0,0.0,0.0
0,0,0,0,26,0.15,76.5,3.9,228,2026-09-18 21:00:00,PT5M,0.0,0.0,0.0,0.0,0.0
0,0,0,0,26,0.15,76.7,3.9,228,2026-09-18 21:05:00,PT5M,0.0,0.0,0.0,0.0,0.0
0,0,0,0,26,0.15,77.0,3.8,227,2026-09-18 21:10:00,PT5M,0.0,0.0,0.0,0.0,0.0
0,0,0,0,26,0.15,77.3,3.8,227,2026-09-18 21:15:00,PT5M,0.0,0.0,0.0,0.0,0.0
0,0,0,0,26,0.15,77.6,3.8,227,2026-09-18 21:20:00,PT5M,0.0,0.0,0.0,0.0,0.0
0,0,0,0,26,0.15,77.9,3.7,227,2026-09-18 21:25:00,PT5M,0.0,0.0,0.0,0.0,0.0
0,0,0,0,26,0.15,78.2,3.7,227,2026-09-18 21:30:00,PT5M,0.0,0.0,0.0,0.0,0.0
0,0,0,0,26,0.15,78.4,3.7,226,2026-09-18 21:35:00,PT5M,0.0,0.0,0.0,0.0,0.0
0,0,0,0,26,0.15,78.7,3.6,226,2026-09-18 21:40:00,PT5M,0.0,0.0,0.0,0.0,0.0
0,0,0,0,26,0.15,79.0,3.6,226,2026-09-18 21:45:00,PT5M,0.0,0.0,0.0,0.0,0.0
0,0,0,0,26,0.15,79.3,3.6,226,2026-09-18 21:50:00,PT5M,0.0,0.0,0.0,0.0,0.0
0,0,0,0,26,0.15,79.6,3.5,225,2026-09-18 21:55:00,PT5M,0.0,0.0,0.0,0.0,0.0
0,0,0,0,26,0.15,79.9,3.5,225,2026-09-18 22:00:00,PT5M,0.0,0.0,0.0,0.0,0.0
0,0,0,0,26,0.15,80.2,3.4,225,2026-09-18 22:05:00,PT5M,0.0,0.0,0.0,0.0,0.0
0,0,0,0,26,0.15,80.5,3.4,225,2026-09-18 22:10:00,PT5M,0.0,0.0,0.0,0.0,0.0
0,0,0,0,26,0.15,80.8,3.4,224,2026-09-18 22:15:00,PT5M,0.0,0.0,0.0,0.0,0.0
0,0,0,0,25,0.15,81.1,3.3,224,2026-09-18 22:20:00,PT5M,0.0,0.0,0.0,0.0,0.0
0,0,0,0,25,0.15,81.4,3.3,224,2026-09-18 22:25:00,PT5M,0.0,0.0,0.0,0.0,0.0
0,0,0,0,25,0.15,81.7,3.3,223,2026-09-18 22:30:00,PT5M,0.0,0.0,0.0,0.0,0.0
0,0,0,0,25,0.15,82.0,3.2,223,2026-09-18 22:35:00,PT5M,0.0,0.0,0.0,0.0,0.0
0,0,0,0,25,0.15,82.3,3.2,223,2026-09-18 22:40:00,PT5M,0.0,0.0,0.0,0.0,0.0
0,0,0,0,25,0.15,82.6,3.2,223,2026-09-18 22:45:00,PT5M,0.0,0.0,0.0,0.0,0.0
0,0,0,0,25,0.15,82.9,3.1,222,2026-09-18 22:50:00,PT5M,0.0,0.0,0.0,0.0,0.0
0,0,0,0,25,0.15,83.2,3.1,222,2026-09-18 22:55:00,PT5M,0.0,0.0,0.0,0.0,0.0
0,0,0,0,25,0.15,83.5,3.1,222,2026-09-18 23:00:00,PT5M,0.0,0.0,0.0,0.0,0.0
0,0,0,0,25,0.15,83.8,3.0,221,2026-09-18 23:05:00,PT5M,0.0,0.0,0.0,0.0,0.0
0,0,0,0,25,0.15,84.1,3.0,221,2026-09-18 23:10:00,PT5M,0.0,0.0,0.0,0.0,0.0
0,0,0,0,25,0.15,84.4,3.0,221,2026-09-18 23:15:00,PT5M,0.0,0.0,0.0,0.0,0.0
0,0,0,0,25,0.15,84.7,2.9,220,2026-09-18 23:20:00,PT5M,0.0,0.0,0.0,0.0,0.0
0,0,0,0,25,0.15,85.0,2.9,220,2026-09-18 23:25:00,PT5M,0.0,0.0,0.0,0.0,0.0
0,0,0,0,25,0.15,85.3,2.9,219,2026-09-18 23:30:00,PT5M,0.0,0.0,0.0,0.0,0.0
0,0,0,0,25,0.15,85.5,2.8,219,2026-09-18 23:35:00,PT5M,0.0,0.0,0.0,0.0,0.0
0,0,0,0,25,0.15,85.5,2.8,219,2026-09-18 23:40:00,PT5M,0.0,0.0,0.0,0.0,0.0
0,0,0,0,25,0.15,85.5,2.8,220,2026-09-18 23:45:00,PT5M,0.0,0.0,0.0,0.0,0.0
0,0,0,0,25,0.15,85.4,2.8,220,2026-09-18 23:50:00,PT5M,0.0,0.0,0.0,0.0,0.0
0,0,0,0,25,0.15,85.4,2.8,220,2026-09-18 23:55:00,PT5M,0.0,0.0,0.0,0.0,0.0
0,0,0,0,25,0.15,85.4,2.8,220,2026-09-19 00:00:00,PT5M,0.0,0.0,0.0,0.0,0.0
0,0,0,0,25,0.15,85.4,2.8,220,2026-09-19 00:05:00,PT5M,0.0,0.0,0.0,0.0,0.0
0,0,0,0,25,0.15,85.4,2.8,220,2026-09-19 00:10:00,PT5M,0.0,0.0,0.0,0.0,0.0
0,0,0,0,25,0.15,85.4,2.8,220,2026-09-19 00:15:00,PT5M,0.0,0.0,0.0,0.0,0.0
0,0,0,0,25,0.15,85.3,2.8,220,2026-09-19 00:20:00,PT5M,0.0,0.0,0.0,0.0,0.0
0,0,0,0,25,0.15,85.3,2.8,221,2026-09-19 00:25:00,PT5M,0.0,0.0,0.0,0.0,0.0
0,0,0,0,25,0.15,85.3,2.8,221,2026-09-19 00:30:00,PT5M,0.0,0.0,0.0,0.0,0.0
0,0,0,0,25,0.15,85.3,2.8,221,2026-09-19 00:35:00,PT5M,0.0,0.0,0.0,0.0,0.0
0,0,0,0,25,0.15,85.3,2.8,221,2026-09-19 00:40:00,PT5M,0.0,0.0,0.0,0.0,0.0
0,0,0,0,25,0.15,85.3,2.8,221,2026-09-19 00:45:00,PT5M,0.0,0.0,0.0,0.0,0.0
0,0,0,0,25,0.15,85.3,2.8,221,2026-09-19 00:50:00,PT5M,0.0,0.0,0.0,0.0,0.0
0,0,0,0,25,0.15,85.2,2.8,221,2026-09-19 00:55:00,PT5M,0.0,0.0,0.0,0.0,0.0
0,0,0,0,25,0.15,85.2,2.8,221,2026-09-19 01:00:00,PT5M,0.0,0.0,0.0,0.0,0.0
0,0,0,0,25,0.15,85.2,2.8,221,2026-09-19 01:05:00,PT5M,0.0,0.0,0.0,0.0,0.0
0,0,0,0,25,0.15,85.2,2.8,222,2026-09-19 01:10:00,PT5M,0.0,0.0,0.0,0.0,0.0
0,0,0,0,25,0.15,85.2,2.8,222,2026-09-19 01:15:00,PT5M,0.0,0.0,0.0,0.0,0.0
0,0,0,0,25,0.15,85.2,2.8,222,2026-09-19 01:20:00,PT5M,0.0,0.0,0.0,0.0,0.0
0,0,0,0,25,0.15,85.1,2.8,222,2026-09-19 01:25:00,PT5M,0.0,0.0,0.0,0.0,0.0
0,0,0,0,25,0.15,85.1,2.8,222,2026-09-19 01:30:00,PT5M,0.0,0.0,0.0,0.0,0.0
0,0,0,0,25,0.15,85.1,2.8,222,2026-09-19 01:35:00,PT5M,0.0,0.0,0.0,0.0,0.0
0,0,0,0,25,0.15,85.1,2.8,222,2026-09-19 01:40:00,PT5M,0.0,0.0,0.0,0.0,0.0
0,0,0,0,25,0.15,85.1,2.8,222,2026-09-19 01:45:00,PT5M,0.0,0.0,0.0,0.0,0.0
0,0,0,0,25,0.15,85.1,2.8,223,2026-09-19 01:50:00,PT5M,0.0,0.0,0.0,0.0,0.0
0,0,0,0,25,0.15,85.1,2.8,223,2026-09-19 01:55:00,PT5M,0.0,0.0,0.0,0.0,0.0
0,0,0,0,25,0.15,85.0,2.8,223,2026-09-19 02:00:00,PT5M,0.0,0.0,0.0,0.0,0.0
0,0,0,0,25,0.15,85.0,2.8,223,2026-09-19 02:05:00,PT5M,0.0,0.0,0.0,0.0,0.0
0,0,0,0,25,0.15,85.0,2.8,223,2026-09-19 02:10:00,PT5M,0.0,0.0,0.0,0.0,0.0
0,0,0,0,25,0.15,85.0,2.8,223,2026-09-19 02:15:00,PT5M,0.0,0.0,0.0,0.0,0.0
0,0,0,0,25,0.15,85.0,2.8,223,2026-09-19 02:20:00,PT5M,0.0,0.0,0.0,0.0,0.0
0,0,0,0,25,0.15,85.0,2.8,223,2026-09-19 02:25:00,PT5M,0.0,0.0,0.0,0.0,0.0
0,0,0,0,25,0.15,84.9,2.8,223,2026-09-19 02:30:00,PT5M,0.0,0.0,0.0,0.0,0.0
0,0,0,0,25,0.15,84.9,2.8,224,2026-09-19 02:35:00,PT5M,0.0,0.0,0.0,0.0,0.0
0,0,0,0,25,0.15,84.9,2.8,224,2026-09-19 02:40:00,PT5M,0.0,0.0,0.0,0.0,0.0
0,0,0,0,25,0.15,84.8,2.8,224,2026-09-19 02:45:00,PT5M,0.0,0.0,0.0,0.0,0.0
0,0,0,0,25,0.15,84.8,2.8,224,2026-09-19 02:50:00,PT5M,0.0,0.0,0.0,0.0,0.0
0,0,0,0,25,0.15,84.7,2.8,224,2026-09-19 02:55:00,PT5M,0.0,0.0,0.0,0.0,0.0
0,0,0,0,25,0.15,84.7,2.8,224,2026-09-19 03:00:00,PT5M,0.0,0.0,0.0,0.0,0.0
0,0,0,0,25,0.15,84.7,2.8,225,2026-09-19 03:05:00,PT5M,0.0,0.0,0.0,0.0,0.0
0,0,0,0,25,0.15,84.6,2.8,225,2026-09-19 03:10:00,PT5M,0.0,0.0,0.0,0.0,0.0
0,0,0,0,25,0.15,84.6,2.8,225,2026-09-19 03:15:00,PT5M,0.0,0.0,0.0,0.0,0.0
0,0,0,0,25,0.15,84.5,2.8,225,2026-09-19 03:20:00,PT5M,0.0,0.0,0.0,0.0,0.0
0,0,0,0,25,0.15,84.5,2.8,225,2026-09-19 03:25:00,PT5M,0.0,0.0,0.0,0.0,0.0
0,0,0,0,25,0.15,84.4,2.8,225,2026-09-19 03:30:00,PT5M,0.0,0.0,0.0,0.0,0.0
0,0,0,0,25,0.15,84.4,2.8,226,2026-09-19 03:35:00,PT5M,0.0,0.0,0.0,0.0,0.0
0,0,0,0,25,0.15,84.4,2.8,226,2026-09-19 03:40:00,PT5M,0.0,0.0,0.0,0.0,0.0
0,0,0,0,25,0.15,84.3,2.8,226,2026-09-19 03:45:00,PT5M,0.0,0.0,0.0,0.0,0.0
0,0,0,0,25,0.15,84.3,2.8,226,2026-09-19 03:50:00,PT5M,0.0,0.0,0.0,0.0,0.0
0,0,0,0,25,0.15,84.2,2.8,226,2026-09-19 03:55:00,PT5M,0.0,0.0,0.0,0.0,0.0
0,0,0,0,25,0.15,84.2,2.8,226,2026-09-19 04:00:00,PT5M,0.0,0.0,0.0,0.0,0.0
0,0,0,0,24,0.15,84.1,2.8,227,2026-09-19 04:05:00,PT5M,0.0,0.0,0.0,0.0,0.0
0,0,0,0,24,0.15,84.1,2.8,227,2026-09-19 04:10:00,PT5M,0.0,0.0,0.0,0.0,0.0
0,0,0,0,24,0.15,84.1,2.8,227,2026-09-19 04:15:00,PT5M,0.0,0.0,0.0,0.0,0.0
0,0,0,0,24,0.15,84.0,2.8,227,2026-09-19 04:20:00,PT5M,0.0,0.0,0.0,0.0,0.0
0,0,0,0,24,0.15,84.0,2.8,227,2026-09-19 04:25:00,PT5M,0.0,0.0,0.0,0.0,0.0
0,0,0,0,24,0.15,83.9,2.9,227,2026-09-19 04:30:00,PT5M,0.0,0.0,0.0,0.0,0.0
0,0,0,0,24,0.15,83.9,2.9,227,2026-09-19 04:35:00,PT5M,0.0,0.0,0.0,0.0,0.0
0,0,0,0,24,0.15,83.8,2.9,228,2026-09-19 04:40:00,PT5M,0.0,0.0,0.0,0.0,0.0
0,0,0,0,24,0.15,83.8,2.9,228,2026-09-19 04:45:00,PT5M,0.0,0.0,0.0,0.0,0.0
0,0,0,0,24,0.15,83.7,2.9,228,2026-09-19 04:50:00,PT5M,0.0,0.0,0.0,0.0,0.0
0,0,0,0,24,0.15,83.7,2.9,228,2026-09-19 04:55:00,PT5M,0.0,0.0,0.0,0.0,0.0
0,0,0,0,24,0.15,83.7,2.9,228,2026-09-19 05:00:00,PT5M,0.0,0.0,0.0,0.0,0.0
0,0,0,0,24,0.15,83.6,2.9,228,2026-09-19 05:05:00,PT5M,0.0,0.0,0.0,0.0,0.0
0,0,0,0,24,0.15,83.6,2.9,229,2026-09-19 05:10:00,PT5M,0.0,0.0,0.0,0.0,0.0
0,0,0,0,24,0.15,83.5,2.9,229,2026-09-19 05:15:00,PT5M,0.0,0.0,0.0,0.0,0.0
0,0,0,0,24,0.15,83.5,2.9,229,2026-09-19 05:20:00,PT5M,0.0,0.0,0.0,0.0,0.0
0,0,0,0,24,0.15,83.4,2.9,229,2026-09-19 05:25:00,PT5M,0.0,0.0,0.0,0.0,0.0
0,0,0,0,24,0.15,83.4,2.9,229,2026-09-19 05:30:00,PT5M,0.0,0.0,0.0,0.0,0.0
0,0,0,0,25,0.15,83.0,2.9,229,2026-09-19 05:35:00,PT5M,0.0,0.0,0.0,0.0,0.0
0,0,0,0,25,0.15,82.4,2.9,230,2026-09-19 05:40:00,PT5M,0.0,0.0,0.0,0.0,0.0
0,0,0,0,25,0.15,81.7,2.9,230,2026-09-19 05:45:00,PT5M,0.0,0.0,0.0,0.0,0.0
0,0,0,0,25,0.15,81.0,2.9,230,2026-09-19 05:50:00,PT5M,0.0,0.0,0.0,0.0,0.0
0,0,0,0,25,0.15,80.4,3.0,230,2026-09-19 05:55:00,PT5M,0.0,0.0,0.0,0.0,0.0
0,0,0,0,25,0.15,79.7,3.0,231,2026-09-19 06:00:00,PT5M,0.0,0.0,0.0,0.0,0.0
5,5,0,5,25,0.15,79.1,3.0,231,2026-09-19 06:05:00,PT5M,0.038,0.2495,0.1493,0.0,0.0
12,12,0,12,25,0.15,78.5,3.0,231,2026-09-19 06:10:00,PT5M,0.897,1.761,1.3517,0.4423,0.033
19,19,0,19,26,0.15,77.8,3.0,231,2026-09-19 06:15:00,PT5M,1.84,3.4855,2.706,0.974,0.1945
27,27,0,27,26,0.15,77.2,3.0,232,2026-09-19 06:20:00,PT5M,2.86,5.66,4.3337,1.3863,0.06
36,36,0,36,26,0.15,76.6,3.0,232,2026-09-19 06:25:00,PT5M,3.957,7.9785,6.0735,1.8405,0.0
45,46,0,46,26,0.15,76.0,3.0,232,2026-09-19 06:30:00,PT5M,5.245,10.7075,8.12,2.37,0.0
57,57,0,57,26,0.15,75.3,3.0,232,2026-09-19 06:35:00,PT5M,6.715,13.7295,10.4068,3.0232,0.0
70,70,0,70,26,0.15,74.7,3.1,232,2026-09-19 06:40:00,PT5M,8.276,16.8635,12.7957,3.7563,0.0
84,84,15,81,26,0.15,74.1,3.1,233,2026-09-19 06:45:00,PT5M,10.525,20.665,15.8618,5.1882,0.385
99,99,42,90,26,0.15,73.5,3.1,233,2026-09-19 06:50:00,PT5M,13.518,25.181,19.6563,7.3797,1.855
115,115,71,99,27,0.15,73.0,3.1,233,2026-09-19 06:55:00,PT5M,16.781,29.9735,23.7243,9.8377,3.5885
132,133,101,107,27,0.15,72.4,3.1,233,2026-09-19 07:00:00,PT5M,20.39,35.164,28.1657,12.6143,5.616
150,151,129,114,27,0.15,71.8,3.1,234,2026-09-19 07:05:00,PT5M,24.243,40.734,32.9223,15.5637,7.752
169,169,160,121,27,0.15,71.2,3.1,234,2026-09-19 07:10:00,PT5M,28.581,46.88,38.2119,18.9501,10.282
188,189,192,127,27,0.15,70.7,3.1,234,2026-09-19 07:15:00,PT5M,33.29,53.404,43.8761,22.7039,13.176
209,209,225,132,27,0.15,70.1,3.2,234,2026-09-19 07:20:00,PT5M,38.3,60.225,49.8393,26.7607,16.375
230,231,259,137,27,0.15,69.5,3.2,234,2026-09-19 07:25:00,PT5M,43.615,67.336,56.0995,31.1305,19.894
252,253,295,140,28,0.15,69.0,3.2,235,2026-09-19 07:30:00,PT5M,49.243,74.7455,62.6651,35.8209,23.7405
272,273,321,144,28,0.15,68.4,3.2,235,2026-09-19 07:35:00,PT5M,54.33,81.755,68.764,39.896,26.905
291,292,338,149,28,0.15,67.9,3.2,235,2026-09-19 07:40:00,PT5M,58.71,88.169,74.2145,43.2055,29.251
310,311,355,154,28,0.15,67.3,3.2,235,2026-09-19 07:45:00,PT5M,62.32,93.1485,78.5453,46.0947,31.4915
329,330,372,158,28,0.15,66.8,3.2,236,2026-09-19 07:50:00,PT5M,64.898,96.278,81.4135,48.3825,33.518
348,349,388,162,28,0.15,66.3,3.2,236,2026-09-19 07:55:00,PT5M,67.439,99.315,84.2156,50.6624,35.563
367,368,404,166,28,0.15,65.8,3.2,236,2026-09-19 08:00:00,PT5M,69.88,100.0,86.8868,52.8732,37.5665
386,387,419,170,28,0.15,65.2,3.3,236,2026-09-19 08:05:00,PT5M,72.208,100.0,89.4106,55.0054,39.5225
405,406,435,173,29,0.15,64.7,3.3,236,2026-09-19 08:10:00,PT5M,74.409,100.0,91.7682,57.0498,41.426
425,425,449,176,29,0.15,64.2,3.3,237,2026-09-19 08:15:00,PT5M,76.471,100.0,93.9431,58.9989,43.2735
444,444,464,179,29,0.15,63.7,3.3,237,2026-09-19 08:20:00,PT5M,78.387,100.0,95.9259,60.8481,45.0625
463,463,478,181,29,0.15,63.2,3.3,237,2026-09-19 08:25:00,PT5M,80.126,100.0,97.6731,62.5789,46.786
481,482,491,183,29,0.15,62.7,3.3,237,2026-09-19 08:30:00,PT5M,81.765,100.0,99.291,64.239,48.465
499,499,502,186,29,0.15,62.1,3.3,237,2026-09-19 08:35:00,PT5M,83.08,100.0,100.0,65.5827,49.8345
516,516,508,190,29,0.15,61.4,3.3,238,2026-09-19 08:40:00,PT5M,84.088,100.0,100.0,66.6225,50.903
532,532,515,194,30,0.15,60.7,3.3,238,2026-09-19 08:45:00,PT5M,85.034,100.0,100.0,67.6111,51.93
548,548,521,197,30,0.15,60.0,3.3,238,2026-09-19 08:50:00,PT5M,85.927,100.0,100.0,68.5554,52.9205
564,564,527,201,30,0.15,59.4,3.3,238,2026-09-19 08:55:00,PT5M,86.773,100.0,100.0,69.4622,53.882
579,579,532,204,30,0.15,58.7,3.3,238,2026-09-19 09:00:00,PT5M,87.575,100.0,100.0,70.3334,54.8155
595,595,539,207,30,0.15,58.0,3.3,238,2026-09-19 09:05:00,PT5M,88.45,100.0,100.0,71.2921,55.8495
611,610,546,209,30,0.15,57.4,3.3,239,2026-09-19 09:10:00,PT5M,89.346,100.0,100.0,72.2802,56.9205
626,626,553,211,31,0.15,56.7,3.2,239,2026-09-19 09:15:00,PT5M,90.154,100.0,100.0,73.1861,57.9145
641,641,559,214,31,0.15,56.1,3.2,239,2026-09-19 09:20:00,PT5M,90.924,100.0,100.0,74.0953,58.949
656,655,565,216,31,0.15,55.5,3.2,239,2026-09-19 09:25:00,PT5M,91.658,100.0,100.0,75.0741,60.148
670,670,572,218,31,0.15,54.8,3.2,239,2026-09-19 09:30:00,PT5M,92.359,100.0,100.0,76.0161,61.307
684,683,576,220,31,0.15,54.2,3.2,240,2026-09-19 09:35:00,PT5M,92.959,100.0,100.0,76.8432,62.3385
697,696,580,223,31,0.15,53.6,3.2,240,2026-09-19 09:40:00,PT5M,93.461,100.0,100.0,77.5578,63.2445
709,708,582,225,31,0.15,53.0,3.2,240,2026-09-19 09:45:00,PT5M,93.887,100.0,100.0,78.187,64.0565
720,719,584,228,32,0.15,52.4,3.2,240,2026-09-19 09:50:00,PT5M,94.275,100.0,100.0,78.771,64.817
731,730,586,231,32,0.15,51.9,3.2,240,2026-09-19 09:55:00,PT5M,94.64,100.0,100.0,79.3263,65.5435
742,741,587,234,32,0.15,51.3,3.2,240,2026-09-19 10:00:00,PT5M,94.982,100.0,100.0,79.8509,66.2325
752,751,588,237,32,0.15,50.7,3.2,241,2026-09-19 10:05:00,PT5M,95.3,100.0,100.0,80.3434,66.882
762,761,590,240,32,0.15,50.1,3.1,241,2026-09-19 10:10:00,PT5M,95.595,100.0,100.0,80.8066,67.4965
771,770,591,242,32,0.15,49.6,3.1,241,2026-09-19 10:15:00,PT5M,95.866,100.0,100.0,81.2389,68.074
780,779,592,245,33,0.15,49.0,3.1,241,2026-09-19 10:20:00,PT5M,96.113,100.0,100.0,81.6406,68.615
789,788,592,247,33,0.15,48.5,3.1,241,2026-09-19 10:25:00,PT5M,96.343,100.0,100.0,82.0198,69.1285
797,796,593,250,33,0.15,48.0,3.1,242,2026-09-19 10:30:00,PT5M,96.552,100.0,100.0,82.3722,69.61
805,803,594,252,33,0.15,47.4,3.1,242,2026-09-19 10:35:00,PT5M,96.74,100.0,100.0,82.6981,70.06
812,811,594,254,33,0.15,46.9,3.1,242,2026-09-19 10:40:00,PT5M,96.904,100.0,100.0,82.994,70.4745
819,817,595,256,33,0.15,46.4,3.1,242,2026-09-19 10:45:00,PT5M,97.046,100.0,100.0,83.2612,70.8545
825,824,595,258,34,0.15,45.9,3.1,242,2026-09-19 10:50:00,PT5M,97.164,100.0,100.0,83.4963,71.195
831,829,595,260,34,0.15,45.4,3.1,243,2026-09-19 10:55:00,PT5M,97.257,100.0,100.0,83.6959,71.4905
836,835,595,262,34,0.15,44.9,3.1,243,2026-09-19 11:00:00,PT5M,97.317,100.0,100.0,83.8367,71.704
841,839,594,264,34,0.15,44.4,3.0,243,2026-09-19 11:05:00,PT5M,97.363,100.0,100.0,83.968,71.912
845,844,594,266,34,0.15,43.9,3.0,243,2026-09-19 11:10:00,PT5M,97.395,100.0,100.0,84.0923,72.1195
849,848,593,268,34,0.15,43.4,3.0,244,2026-09-19 11:15:00,PT5M,97.406,100.0,100.0,84.1865,72.2885
853,851,593,269,35,0.15,42.9,3.0,244,2026-09-19 11:20:00,PT5M,97.392,100.0,100.0,84.238,72.399
855,854,592,271,35,0.15,42.5,3.0,244,2026-09-19 11:25:00,PT5M,97.358,100.0,100.0,84.2611,72.4735
858,856,591,272,35,0.15,42.0,3.0,244,2026-09-19 11:30:00,PT5M,97.302,100.0,100.0,84.2541,72.5105
859,857,589,274,35,0.15,41.7,3.0,244,2026-09-19 11:35:00,PT5M,97.184,100.0,100.0,84.1429,72.4055
859,858,585,277,35,0.15,41.6,3.0,244,2026-09-19 11:40:00,PT5M,97.003,100.0,100.0,83.9253,72.155
859,857,581,279,35,0.15,41.5,3.0,243,2026-09-19 11:45:00,PT5M,96.799,100.0,100.0,83.6761,71.865
858,856,577,281,35,0.15,41.4,3.0,243,2026-09-19 11:50:00,PT5M,96.571,100.0,100.0,83.3944,71.535
857,855,573,284,35,0.15,41.2,3.0,242,2026-09-19 11:55:00,PT5M,96.312,100.0,100.0,83.072,71.1555
855,853,569,286,35,0.15,41.1,3.0,242,2026-09-19 12:00:00,PT5M,96.022,100.0,100.0,82.7093,70.7275
852,850,564,289,35,0.15,41.0,3.0,242,2026-09-19 12:05:00,PT5M,95.811,100.0,100.0,82.4181,70.364
849,847,559,291,35,0.15,40.9,3.1,241,2026-09-19 12:10:00,PT5M,95.58,100.0,100.0,82.0984,69.9645
845,844,554,293,35,0.15,40.8,3.1,241,2026-09-19 12:15:00,PT5M,95.313,100.0,100.0,81.7335,69.5115
841,840,548,295,35,0.15,40.7,3.1,241,2026-09-19 12:20:00,PT5M,95.02,100.0,100.0,81.335,69.018
836,835,543,297,35,0.15,40.5,3.1,240,2026-09-19 12:25:00,PT5M,94.701,100.0,100.0,80.9028,68.484
831,830,537,299,35,0.15,40.4,3.1,240,2026-09-19 12:30:00,PT5M,94.433,100.0,100.0,80.5151,67.9885
825,824,530,301,35,0.15,40.3,3.1,239,2026-09-19 12:35:00,PT5M,94.012,100.0,100.0,79.9443,67.283
818,817,522,304,36,0.15,40.2,3.1,239,2026-09-19 12:40:00,PT5M,93.508,100.0,100.0,79.2606,66.4375
810,809,514,306,36,0.15,40.1,3.1,239,2026-09-19 12:45:00,PT5M,92.978,100.0,100.0,78.5451,65.555
802,801,506,308,36,0.15,40.0,3.1,238,2026-09-19 12:50:00,PT5M,92.416,100.0,100.0,77.7844,64.6155
794,793,498,311,36,0.15,39.9,3.1,238,2026-09-19 12:55:00,PT5M,91.822,100.0,100.0,76.9833,63.628
785,784,490,312,36,0.15,39.8,3.1,238,2026-09-19 13:00:00,PT5M,91.213,100.0,100.0,76.1743,62.639
776,775,482,314,36,0.15,39.6,3.2,237,2026-09-19 13:05:00,PT5M,90.593,100.0,100.0,75.3654,61.66
767,766,473,315,36,0.15,39.5,3.2,237,2026-09-19 13:10:00,PT5M,89.925,100.0,100.0,74.4863,60.591
757,756,465,316,36,0.15,39.4,3.2,236,2026-09-19 13:15:00,PT5M,89.222,100.0,100.0,73.5659,59.475
746,746,457,317,36,0.15,39.3,3.2,236,2026-09-19 13:20:00,PT5M,88.487,100.0,100.0,72.6088,58.318
736,735,449,318,36,0.15,39.2,3.2,236,2026-09-19 13:25:00,PT5M,87.719,100.0,100.0,71.6158,57.1225
725,724,440,318,36,0.15,39.1,3.2,235,2026-09-19 13:30:00,PT5M,86.921,100.0,100.0,70.591,55.8935
711,711,427,321,36,0.15,39.0,3.2,235,2026-09-19 13:35:00,PT5M,85.787,100.0,100.0,69.187,54.2465
695,694,409,324,36,0.15,38.9,3.2,235,2026-09-19 13:40:00,PT5M,84.311,100.0,100.0,67.4002,52.18
678,678,392,327,36,0.15,38.8,3.2,234,2026-09-19 13:45:00,PT5M,82.802,100.0,100.0,65.582,50.0835
662,661,375,330,36,0.15,38.7,3.2,234,2026-09-19 13:50:00,PT5M,81.252,100.0,98.7799,63.7241,47.9485
645,645,358,331,36,0.15,38.5,3.3,234,2026-09-19 13:55:00,PT5M,79.661,100.0,97.4952,61.8268,45.7755
628,628,342,333,36,0.15,38.4,3.3,233,2026-09-19 14:00:00,PT5M,77.987,100.0,96.1256,59.8484,43.523
612,611,326,334,36,0.15,38.3,3.3,233,2026-09-19 14:05:00,PT5M,76.32,100.0,94.7623,57.8777,41.279
595,595,310,334,36,0.15,38.2,3.3,233,2026-09-19 14:10:00,PT5M,74.61,100.0,93.3547,55.8653,38.9945
578,578,294,333,36,0.15,38.1,3.3,232,2026-09-19 14:15:00,PT5M,72.861,100.0,91.9052,53.8168,36.6765
561,561,279,333,36,0.15,38.0,3.3,232,2026-09-19 14:20:00,PT5M,71.068,100.0,90.4087,51.7273,34.32
543,544,263,331,36,0.15,37.9,3.3,232,2026-09-19 14:25:00,PT5M,69.19,100.0,88.8018,49.5782,31.927
526,526,248,330,36,0.15,37.8,3.3,231,2026-09-19 14:30:00,PT5M,67.272,100.0,87.0404,47.5036,29.7115
511,511,237,327,36,0.15,38.0,3.4,231,2026-09-19 14:35:00,PT5M,65.658,100.0,85.5408,45.7752,27.88
497,497,229,322,36,0.15,38.6,3.4,232,2026-09-19 14:40:00,PT5M,64.347,100.0,84.3054,44.3886,26.4255
483,484,221,318,36,0.15,39.2,3.5,232,2026-09-19 14:45:00,PT5M,63.017,100.0,83.0219,43.0121,25.007
470,470,213,313,36,0.15,39.8,3.5,232,2026-09-19 14:50:00,PT5M,61.631,99.7485,81.6925,41.5695,23.5135
456,456,205,308,35,0.15,40.5,3.6,233,2026-09-19 14:55:00,PT5M,60.204,98.4105,80.3124,40.0956,21.9975
442,442,197,303,35,0.15,41.1,3.6,233,2026-09-19 15:00:00,PT5M,58.737,97.0135,78.8822,38.5918,20.4605
428,428,189,297,35,0.15,41.8,3.7,233,2026-09-19 15:05:00,PT5M,57.272,95.565,77.4259,37.1181,18.979
414,414,181,292,35,0.15,42.4,3.7,234,2026-09-19 15:10:00,PT5M,55.707,93.9665,75.8432,35.5708,17.4475
399,400,172,286,35,0.15,43.1,3.8,234,2026-09-19 15:15:00,PT5M,54.091,92.2955,74.1983,33.9837,15.8865
385,386,164,280,34,0.15,43.8,3.9,234,2026-09-19 15:20:00,PT5M,52.417,90.5485,72.4859,32.3481,14.2855
371,371,155,274,34,0.15,44.4,3.9,234,2026-09-19 15:25:00,PT5M,50.676,88.7,70.6883,30.6637,12.652
356,357,146,268,34,0.15,45.1,4.0,235,2026-09-19 15:30:00,PT5M,48.875,86.748,68.8078,28.9422,11.002
342,342,137,261,34,0.15,45.9,4.0,235,2026-09-19 15:35:00,PT5M,47.011,84.6825,66.8378,27.1842,9.3395
327,328,128,254,33,0.15,46.6,4.1,235,2026-09-19 15:40:00,PT5M,45.082,82.492,64.7712,25.3928,7.672
312,313,118,247,33,0.15,47.3,4.1,235,2026-09-19 15:45:00,PT5M,43.115,80.147,62.6052,23.6248,6.083
298,298,109,240,33,0.15,48.1,4.2,236,2026-09-19 15:50:00,PT5M,41.295,77.851,60.5347,22.0553,4.739
283,284,99,232,33,0.15,48.8,4.2,236,2026-09-19 15:55:00,PT5M,39.183,75.1705,58.1235,20.2425,3.1955
268,269,89,224,33,0.15,49.6,4.3,236,2026-09-19 16:00:00,PT5M,37.006,72.3375,55.6012,18.4108,1.6745
254,255,80,216,32,0.15,50.4,4.4,236,2026-09-19 16:05:00,PT5M,34.865,69.522,53.1052,16.6248,0.208
240,241,72,207,32,0.15,51.2,4.4,237,2026-09-19 16:10:00,PT5M,32.772,66.717,50.6375,14.9065,0.0
226,227,64,198,32,0.15,52.0,4.5,237,2026-09-19 16:15:00,PT5M,30.632,63.836,48.1075,13.1565,0.0
212,213,55,189,32,0.15,52.9,4.5,237,2026-09-19 16:20:00,PT5M,28.504,60.374,45.2774,11.7306,0.0
198,199,47,180,31,0.15,53.7,4.6,237,2026-09-19 16:25:00,PT5M,26.355,56.0465,41.9818,10.7282,0.0
185,185,38,171,31,0.15,54.6,4.6,237,2026-09-19 16:30:00,PT5M,24.165,51.747,38.6816,9.6484,0.0
172,173,31,161,31,0.15,55.4,4.7,238,2026-09-19 16:35:00,PT5M,22.193,47.669,35.6012,8.7848,0.0
160,160,26,152,31,0.15,56.3,4.7,238,2026-09-19 16:40:00,PT5M,20.571,43.959,32.8803,8.2617,0.0
148,148,20,142,31,0.15,57.2,4.8,238,2026-09-19 16:45:00,PT5M,18.735,40.0435,29.9498,7.5202,0.0
136,136,13,132,30,0.15,58.2,4.9,238,2026-09-19 16:50:00,PT5M,16.871,36.1215,27.0027,6.7393,0.0
124,124,6,122,30,0.15,59.1,4.9,238,2026-09-19 16:55:00,PT5M,15.017,32.244,24.0837,5.9503,0.0
112,112,0,112,30,0.15,60.0,5.0,239,2026-09-19 17:00:00,PT5M,13.286,28.547,21.318,5.254,0.0
99,99,0,99,30,0.15,61.0,5.0,239,2026-09-19 17:05:00,PT5M,11.809,25.2025,18.8581,4.7599,0.0
87,87,0,87,29,0.15,62.0,5.1,239,2026-09-19 17:10:00,PT5M,10.37,21.999,16.4904,4.2496,0.0
75,75,0,75,29,0.15,63.0,5.1,239,2026-09-19 17:15:00,PT5M,8.835,18.7515,14.0541,3.6159,0.0
64,64,0,64,29,0.15,64.0,5.2,239,2026-09-19 17:20:00,PT5M,7.444,15.6925,11.7852,3.1028,0.0
53,53,0,53,29,0.15,65.1,5.2,239,2026-09-19 17:25:00,PT5M,6.171,12.762,9.6399,2.7021,0.0
43,43,0,43,29,0.15,66.1,5.3,240,2026-09-19 17:30:00,PT5M,4.893,9.9625,7.5611,2.2249,0.0
34,34,0,34,28,0.15,66.9,5.3,240,2026-09-19 17:35:00,PT5M,3.676,7.3835,5.6273,1.7247,0.0
26,26,0,26,28,0.15,67.2,5.3,239,2026-09-19 17:40:00,PT5M,2.65,5.2435,4.015,1.285,0.0565
18,18,0,18,28,0.15,67.6,5.2,239,2026-09-19 17:45:00,PT5M,1.716,3.3365,2.5689,0.8631,0.0955
12,12,0,12,28,0.15,68.0,5.2,239,2026-09-19 17:50:00,PT5M,0.854,1.72,1.3098,0.3982,0.0
6,6,0,6,28,0.15,68.4,5.2,239,2026-09-19 17:55:00,PT5M,0.043,0.286,0.1709,0.0,0.0
1,1,0,1,28,0.15,68.8,5.1,239,2026-09-19 18:00:00,PT5M,0.0,0.0,0.0,0.0,0.0
0,0,0,0,28,0.15,69.2,5.1,238,2026-09-19 18:05:00,PT5M,0.0,0.0,0.0,0.0,0.0
0,0,0,0,28,0.15,69.6,5.0,238,2026-09-19 18:10:00,PT5M,0.0,0.0,0.0,0.0,0.0
0,0,0,0,28,0.15,70.0,5.0,238,2026-09-19 18:15:00,PT5M,0.0,0.0,0.0,0.0,0.0
0,0,0,0,28,0.15,70.4,5.0,238,2026-09-19 18:20:00,PT5M,0.0,0.0,0.0,0.0,0.0
0,0,0,0,28,0.15,70.8,4.9,238,2026-09-19 18:25:00,PT5M,0.0,0.0,0.0,0.0,0.0
0,0,0,0,28,0.15,71.2,4.9,237,2026-09-19 18:30:00,PT5M,0.0,0.0,0.0,0.0,0.0
0,0,0,0,27,0.15,71.6,4.9,237,2026-09-19 18:35:00,PT5M,0.0,0.0,0.0,0.0,0.0
0,0,0,0,27,0.15,72.0,4.8,237,2026-09-19 18:40:00,PT5M,0.0,0.0,0.0,0.0,0.0
0,0,0,0,27,0.15,72.4,4.8,237,2026-09-19 18:45:00,PT5M,0.0,0.0,0.0,0.0,0.0
0,0,0,0,27,0.15,72.8,4.7,237,2026-09-19 18:50:00,PT5M,0.0,0.0,0.0,0.0,0.0
0,0,0,0,27,0.15,73.3,4.7,236,2026-09-19 18:55:00,PT5M,0.0,0.0,0.0,0.0,0.0
0,0,0,0,27,0.15,73.7,4.7,236,2026-09-19 19:00:00,PT5M,0.0,0.0,0.0,0.0,0.0
0,0,0,0,27,0.15,74.1,4.6,236,2026-09-19 19:05:00,PT5M,0.0,0.0,0.0,0.0,0.0
0,0,0,0,27,0.15,74.5,4.6,236,2026-09-19 19:10:00,PT5M,0.0,0.0,0.0,0.0,0.0
0,0,0,0,27,0.15,75.0,4.6,235,2026-09-19 19:15:00,PT5M,0.0,0.0,0.0,0.0,0.0
0,0,0,0,27,0.15,75.4,4.5,235,2026-09-19 19:20:00,PT5M,0.0,0.0,0.0,0.0,0.0
0,0,0,0,27,0.15,75.8,4.5,235,2026-09-19 19:25:00,PT5M,0.0,0.0,0.0,0.0,0.0
0,0,0,0,27,0.15,76.3,4.4,235,2026-09-19 19:30:00,PT5M,0.0,0.0,0.0,0.0,0.0
0,0,0,0,26,0.15,76.7,4.4,234,2026-09-19 19:35:00,PT5M,0.0,0.0,0.0,0.0,0.0
0,0,0,0,26,0.15,77.2,4.4,234,2026-09-19 19:40:00,PT5M,0.0,0.0,0.0,0.0,0.0
0,0,0,0,26,0.15,77.6,4.3,234,2026-09-19 19:45:00,PT5M,0.0,0.0,0.0,0.0,0.0
0,0,0,0,26,0.15,78.1,4.3,234,2026-09-19 19:50:00,PT5M,0.0,0.0,0.0,0.0,0.0
0,0,0,0,26,0.15,78.5,4.3,233,2026-09-19 19:55:00,PT5M,0.0,0.0,0.0,0.0,0.0
0,0,0,0,26,0.15,79.0,4.2,233,2026-09-19 20:00:00,PT5M,0.0,0.0,0.0,0.0,0.0
0,0,0,0,26,0.15,79.4,4.2,233,2026-09-19 20:05:00,PT5M,0.0,0.0,0.0,0.0,0.0
0,0,0,0,26,0.15,79.9,4.1,232,2026-09-19 20:10:00,PT5M,0.0,0.0,0.0,0.0,0.0
0,0,0,0,26,0.15,80.4,4.1,232,2026-09-19 20:15:00,PT5M,0.0,0.0,0.0,0.0,0.0
0,0,0,0,26,0.15,80.8,4.1,232,2026-09-19 20:20:00,PT5M,0.0,0.0,0.0,0.0,0.0
0,0,0,0,26,0.15,81.3,4.0,232,2026-09-19 20:25:00,PT5M,0.0,0.0,0.0,0.0,0.0
0,0,0,0,26,0.15,81.8,4.0,231,2026-09-19 20:30:00,PT5M,0.0,0.0,0.0,0.0,0.0
0,0,0,0,26,0.15,82.1,4.0,231,2026-09-19 20:35:00,PT5M,0.0,0.0,0.0,0.0,0.0
0,0,0,0,26,0.15,82.2,3.9,231,2026-09-19 20:40:00,PT5M,0.0,0.0,0.0,0.0,0.0
0,0,0,0,26,0.15,82.3,3.9,231,2026-09-19 20:45:00,PT5M,0.0,0.0,0.0,0.0,0.0
0,0,0,0,25,0.15,82.4,3.9,231,2026-09-19 20:50:00,PT5M,0.0,0.0,0.0,0.0,0.0
0,0,0,0,25,0.15,82.6,3.8,231,2026-09-19 20:55:00,PT5M,0.0,0.0,0.0,0.0,0.0
0,0,0,0,25,0.15,82.7,3.8,231,2026-09-19 21:00:00,PT5M,0.0,0.0,0.0,0.0,0.0
0,0,0,0,25,0.15,82.8,3.8,231,2026-09-19 21:05:00,PT5M,0.0,0.0,0.0,0.0,0.0
0,0,0,0,25,0.15,82.9,3.7,231,2026-09-19 21:10:00,PT5M,0.0,0.0,0.0,0.0,0.0
0,0,0,0,25,0.15,83.0,3.7,231,2026-09-19 21:15:00,PT5M,0.0,0.0,0.0,0.0,0.0
0,0,0,0,25,0.15,83.2,3.7,231,2026-09-19 21:20:00,PT5M,0.0,0.0,0.0,0.0,0.0
0,0,0,0,25,0.15,83.3,3.6,231,2026-09-19 21:25:00,PT5M,0.0,0.0,0.0,0.0,0.0
0,0,0,0,25,0.15,83.4,3.6,231,2026-09-19 21:30:00,PT5M,0.0,0.0,0.0,0.0,0.0
0,0,0,0,25,0.15,83.5,3.6,231,2026-09-19 21:35:00,PT5M,0.0,0.0,0.0,0.0,0.0
0,0,0,0,25,0.15,83.7,3.5,231,2026-09-19 21:40:00,PT5M,0.0,0.0,0.0,0.0,0.0
0,0,0,0,25,0.15,83.8,3.5,231,2026-09-19 21:45:00,PT5M,0.0,0.0,0.0,0.0,0.0
0,0,0,0,25,0.15,83.9,3.5,232,2026-09-19 21:50:00,PT5M,0.0,0.0,0.0,0.0,0.0
0,0,0,0,25,0.15,84.0,3.4,232,2026-09-19 21:55:00,PT5M,0.0,0.0,0.0,0.0,0.0
0,0,0,0,25,0.15,84.2,3.4,232,2026-09-19 22:00:00,PT5M,0.0,0.0,0.0,0.0,0.0
0,0,0,0,25,0.15,84.3,3.4,232,2026-09-19 22:05:00,PT5M,0.0,0.0,0.0,0.0,0.0
0,0,0,0,25,0.15,84.4,3.3,232,2026-09-19 22:10:00,PT5M,0.0,0.0,0.0,0.0,0.0
0,0,0,0,25,0.15,84.6,3.3,232,2026-09-19 22:15:00,PT5M,0.0,0.0,0.0,0.0,0.0
0,0,0,0,25,0.15,84.7,3.3,232,2026-09-19 22:20:00,PT5M,0.0,0.0,0.0,0.0,0.0
0,0,0,0,25,0.15,84.8,3.2,232,2026-09-19 22:25:00,PT5M,0.0,0.0,0.0,0.0,0.0
0,0,0,0,25,0.15,84.9,3.2,232,2026-09-19 22:30:00,PT5M,0.0,0.0,0.0,0.0,0.0
0,0,0,0,25,0.15,85.1,3.2,232,2026-09-19 22:35:00,PT5M,0.0,0.0,0.0,0.0,0.0
0,0,0,0,25,0.15,85.2,3.1,232,2026-09-19 22:40:00,PT5M,0.0,0.0,0.0,0.0,0.0
0,0,0,0,25,0.15,85.3,3.1,232,2026-09-19 22:45:00,PT5M,0.0,0.0,0.0,0.0,0.0
0,0,0,0,25,0.15,85.4,3.1,232,2026-09-19 22:50:00,PT5M,0.0,0.0,0.0,0.0,0.0
0,0,0,0,25,0.15,85.6,3.0,232,2026-09-19 22:55:00,PT5M,0.0,0.0,0.0,0.0,0.0
0,0,0,0,25,0.15,85.7,3.0,232,2026-09-19 23:00:00,PT5M,0.0,0.0,0.0,0.0,0.0
0,0,0,0,25,0.15,85.8,3.0,232,2026-09-19 23:05:00,PT5M,0.0,0.0,0.0,0.0,0.0
0,0,0,0,25,0.15,86.0,2.9,232,2026-09-19 23:10:00,PT5M,0.0,0.0,0.0,0.0,0.0
0,0,0,0,25,0.15,86.1,2.9,232,2026-09-19 23:15:00,PT5M,0.0,0.0,0.0,0.0,0.0
0,0,0,0,25,0.15,86.2,2.9,232,2026-09-19 23:20:00,PT5M,0.0,0.0,0.0,0.0,0.0
0,0,0,0,25,0.15,86.3,2.8,232,2026-09-19 23:25:00,PT5M,0.0,0.0,0.0,0.0,0.0
0,0,0,0,25,0.15,86.5,2.8,232,2026-09-19 23:30:00,PT5M,0.0,0.0,0.0,0.0,0.0
0,0,0,0,25,0.15,86.5,2.8,232,2026-09-19 23:35:00,PT5M,0.0,0.0,0.0,0.0,0.0
0,0,0,0,25,0.15,86.4,2.8,233,2026-09-19 23:40:00,PT5M,0.0,0.0,0.0,0.0,0.0
0,0,0,0,25,0.15,86.4,2.8,233,2026-09-19 23:45:00,PT5M,0.0,0.0,0.0,0.0,0.0
0,0,0,0,25,0.15,86.3,2.8,233,2026-09-19 23:50:00,PT5M,0.0,0.0,0.0,0.0,0.0
0,0,0,0,25,0.15,86.2,2.8,233,2026-09-19 23:55:00,PT5M,0.0,0.0,0.0,0.0,0.0
0,0,0,0,25,0.15,86.1,2.8,233,2026-09-20 00:00:00,PT5M,0.0,0.0,0.0,0.0,0.0
0,0,0,0,25,0.15,86.1,2.8,233,2026-09-20 00:05:00,PT5M,0.0,0.0,0.0,0.0,0.0
0,0,0,0,25,0.15,86.0,2.8,233,2026-09-20 00:10:00,PT5M,0.0,0.0,0.0,0.0,0.0
0,0,0,0,25,0.15,85.9,2.9,233,2026-09-20 00:15:00,PT5M,0.0,0.0,0.0,0.0,0.0
0,0,0,0,25,0.15,85.8,2.9,234,2026-09-20 00:20:00,PT5M,0.0,0.0,0.0,0.0,0.0
0,0,0,0,25,0.15,85.8,2.9,234,2026-09-20 00:25:00,PT5M,0.0,0.0,0.0,0.0,0.0
0,0,0,0,25,0.15,85.7,2.9,234,2026-09-20 00:30:00,PT5M,0.0,0.0,0.0,0.0,0.0
0,0,0,0,25,0.15,85.6,2.9,234,2026-09-20 00:35:00,PT5M,0.0,0.0,0.0,0.0,0.0
0,0,0,0,25,0.15,85.6,2.9,234,2026-09-20 00:40:00,PT5M,0.0,0.0,0.0,0.0,0.0
0,0,0,0,25,0.15,85.5,2.9,234,2026-09-20 00:45:00,PT5M,0.0,0.0,0.0,0.0,0.0
0,0,0,0,25,0.15,85.4,2.9,234,2026-09-20 00:50:00,PT5M,0.0,0.0,0.0,0.0,0.0
0,0,0,0,25,0.15,85.3,2.9,235,2026-09-20 00:55:00,PT5M,0.0,0.0,0.0,0.0,0.0
0,0,0,0,25,0.15,85.3,2.9,235,2026-09-20 01:00:00,PT5M,0.0,0.0,0.0,0.0,0.0
0,0,0,0,25,0.15,85.2,2.9,235,2026-09-20 01:05:00,PT5M,0.0,0.0,0.0,0.0,0.0
0,0,0,0,25,0.15,85.1,3.0,235,2026-09-20 01:10:00,PT5M,0.0,0.0,0.0,0.0,0.0
0,0,0,0,25,0.15,85.0,3.0,235,2026-09-20 01:15:00,PT5M,0.0,0.0,0.0,0.0,0.0
0,0,0,0,25,0.15,85.0,3.0,235,2026-09-20 01:20:00,PT5M,0.0,0.0,0.0,0.0,0.0
0,0,0,0,25,0.15,84.9,3.0,235,2026-09-20 01:25:00,PT5M,0.0,0.0,0.0,0.0,0.0
0,0,0,0,25,0.15,84.8,3.0,235,2026-09-20 01:30:00,PT5M,0.0,0.0,0.0,0.0,0.0
0,0,0,0,25,0.15,84.8,3.0,235,2026-09-20 01:35:00,PT5M,0.0,0.0,0.0,0.0,0.0
0,0,0,0,25,0.15,84.7,3.0,236,2026-09-20 01:40:00,PT5M,0.0,0.0,0.0,0.0,0.0
0,0,0,0,25,0.15,84.6,3.0,236,2026-09-20 01:45:00,PT5M,0.0,0.0,0.0,0.0,0.0
0,0,0,0,25,0.15,84.5,3.0,236,2026-09-20 01:50:00,PT5M,0.0,0.0,0.0,0.0,0.0
0,0,0,0,25,0.15,84.5,3.0,236,2026-09-20 01:55:00,PT5M,0.0,0.0,0.0,0.0,0.0
0,0,0,0,25,0.15,84.4,3.0,236,2026-09-20 02:00:00,PT5M,0.0,0.0,0.0,0.0,0.0
0,0,0,0,25,0.15,84.3,3.1,236,2026-09-20 02:05:00,PT5M,0.0,0.0,0.0,0.0,0.0
0,0,0,0,25,0.15,84.3,3.1,236,2026-09-20 02:10:00,PT5M,0.0,0.0,0.0,0.0,0.0
0,0,0,0,25,0.15,84.2,3.1,236,2026-09-20 02:15:00,PT5M,0.0,0.0,0.0,0.0,0.0
0,0,0,0,25,0.15,84.1,3.1,237,2026-09-20 02:20:00,PT5M,0.0,0.0,0.0,0.0,0.0
0,0,0,0,25,0.15,84.0,3.1,237,2026-09-20 02:25:00,PT5M,0.0,0.0,0.0,0.0,0.0
0,0,0,0,25,0.15,84.0,3.1,237,2026-09-20 02:30:00,PT5M,0.0,0.0,0.0,0.0,0.0
0,0,0,0,25,0.15,83.9,3.1,237,2026-09-20 02:35:00,PT5M,0.0,0.0,0.0,0.0,0.0
0,0,0,0,25,0.15,83.9,3.1,237,2026-09-20 02:40:00,PT5M,0.0,0.0,0.0,0.0,0.0
0,0,0,0,25,0.15,83.9,3.1,236,2026-09-20 02:45:00,PT5M,0.0,0.0,0.0,0.0,0.0
0,0,0,0,25,0.15,83.9,3.1,236,2026-09-20 02:50:00,PT5M,0.0,0.0,0.0,0.0,0.0
0,0,0,0,25,0.15,83.9,3.1,236,2026-09-20 02:55:00,PT5M,0.0,0.0,0.0,0.0,0.0
0,0,0,0,25,0.15,83.9,3.1,236,2026-09-20 03:00:00,PT5M,0.0,0.0,0.0,0.0,0.0
0,0,0,0,25,0.15,83.9,3.1,235,2026-09-20 03:05:00,PT5M,0.0,0.0,0.0,0.0,0.0
0,0,0,0,25,0.15,83.9,3.1,235,2026-09-20 03:10:00,PT5M,0.0,0.0,0.0,0.0,0.0
0,0,0,0,25,0.15,83.9,3.1,235,2026-09-20 03:15:00,PT5M,0.0,0.0,0.0,0.0,0.0
0,0,0,0,25,0.15,83.9,3.1,235,2026-09-20 03:20:00,PT5M,0.0,0.0,0.0,0.0,0.0
0,0,0,0,25,0.15,83.9,3.1,235,2026-09-20 03:25:00,PT5M,0.0,0.0,0.0,0.0,0.0
0,0,0,0,25,0.15,83.9,3.1,234,2026-09-20 03:30:00,PT5M,0.0,0.0,0.0,0.0,0.0
0,0,0,0,25,0.15,83.9,3.1,234,2026-09-20 03:35:00,PT5M,0.0,0.0,0.0,0.0,0.0
0,0,0,0,25,0.15,83.9,3.1,234,2026-09-20 03:40:00,PT5M,0.0,0.0,0.0,0.0,0.0
0,0,0,0,25,0.15,83.9,3.1,234,2026-09-20 03:45:00,PT5M,0.0,0.0,0.0,0.0,0.0
0,0,0,0,25,0.15,83.9,3.1,233,2026-09-20 03:50:00,PT5M,0.0,0.0,0.0,0.0,0.0
0,0,0,0,25,0.15,83.9,3.1,233,2026-09-20 03:55:00,PT5M,0.0,0.0,0.0,0.0,0.0
0,0,0,0,25,0.15,83.9,3.1,233,2026-09-20 04:00:00,PT5M,0.0,0.0,0.0,0.0,0.0
0,0,0,0,25,0.15,83.9,3.1,233,2026-09-20 04:05:00,PT5M,0.0,0.0,0.0,0.0,0.0
0,0,0,0,25,0.15,83.9,3.1,233,2026-09-20 04:10:00,PT5M,0.0,0.0,0.0,0.0,0.0
0,0,0,0,25,0.15,83.9,3.1,232,2026-09-20 04:15:00,PT5M,0.0,0.0,0.0,0.0,0.0
0,0,0,0,25,0.15,83.9,3.1,232,2026-09-20 04:20:00,PT5M,0.0,0.0,0.0,0.0,0.0
0,0,0,0,25,0.15,83.9,3.1,232,2026-09-20 04:25:00,PT5M,0.0,0.0,0.0,0.0,0.0
0,0,0,0,25,0.15,83.9,3.1,232,2026-09-20 04:30:00,PT5M,0.0,0.0,0.0,0.0,0.0
0,0,0,0,25,0.15,83.9,3.1,232,2026-09-20 04:35:00,PT5M,0.0,0.0,0.0,0.0,0.0
0,0,0,0,25,0.15,83.9,3.1,231,2026-09-20 04:40:00,PT5M,0.0,0.0,0.0,0.0,0.0
0,0,0,0,25,0.15,83.9,3.1,231,2026-09-20 04:45:00,PT5M,0.0,0.0,0.0,0.0,0.0
0,0,0,0,25,0.15,83.9,3.1,231,2026-09-20 04:50:00,PT5M,0.0,0.0,0.0,0.0,0.0
0,0,0,0,25,0.15,83.9,3.1,231,2026-09-20 04:55:00,PT5M,0.0,0.0,0.0,0.0,0.0
0,0,0,0,25,0.15,83.9,3.1,230,2026-09-20 05:00:00,PT5M,0.0,0.0,0.0,0.0,0.0
0,0,0,0,25,0.15,83.9,3.1,230,2026-09-20 05:05:00,PT5M,0.0,0.0,0.0,0.0,0.0
0,0,0,0,25,0.15,83.9,3.1,230,2026-09-20 05:10:00,PT5M,0.0,0.0,0.0,0.0,0.0
0,0,0,0,25,0.15,83.9,3.1,230,2026-09-20 05:15:00,PT5M,0.0,0.0,0.0,0.0,0.0
0,0,0,0,25,0.15,83.9,3.1,230,2026-09-20 05:20:00,PT5M,0.0,0.0,0.0,0.0,0.0
0,0,0,0,25,0.15,83.9,3.0,229,2026-09-20 05:25:00,PT5M,0.0,0.0,0.0,0.0,0.0
0,0,0,0,25,0.15,83.9,3.0,229,2026-09-20 05:30:00,PT5M,0.0,0.0,0.0,0.0,0.0
0,0,0,0,25,0.15,83.6,3.1,229,2026-09-20 05:35:00,PT5M,0.0,0.0,0.0,0.0,0.0
0,0,0,0,25,0.15,83.1,3.1,229,2026-09-20 05:40:00,PT5M,0.0,0.0,0.0,0.0,0.0
0,0,0,0,25,0.15,82.5,3.1,229,2026-09-20 05:45:00,PT5M,0.0,0.0,0.0,0.0,0.0
0,0,0,0,25,0.15,81.9,3.2,230,2026-09-20 05:50:00,PT5M,0.0,0.0,0.0,0.0,0.0
0,0,0,0,25,0.15,81.4,3.2,230,2026-09-20 05:55:00,PT5M,0.0,0.0,0.0,0.0,0.0
1,1,0,1,25,0.15,80.8,3.2,230,2026-09-20 06:00:00,PT5M,0.0,0.0,0.0,0.0,0.0
6,6,0,6,25,0.15,80.3,3.3,230,2026-09-20 06:05:00,PT5M,0.077,0.301,0.1949,0.0,0.0
12,12,0,12,25,0.15,79.7,3.3,230,2026-09-20 06:10:00,PT5M,0.963,1.8,1.4035,0.5225,0.126
20,20,0,20,26,0.15,79.2,3.3,230,2026-09-20 06:15:00,PT5M,1.95,3.461,2.7453,1.1547,0.439
28,28,0,28,26,0.15,78.7,3.4,231,2026-09-20 06:20:00,PT5M,3.036,5.6725,4.4236,1.6484,0.3995
38,38,0,38,26,0.15,78.1,3.4,231,2026-09-20 06:25:00,PT5M,4.224,8.102,6.265,2.183,0.346
48,49,0,49,26,0.15,77.6,3.4,231,2026-09-20 06:30:00,PT5M,5.634,11.0055,8.4611,2.8069,0.2625
61,61,0,61,26,0.15,77.1,3.5,231,2026-09-20 06:35:00,PT5M,7.234,14.243,10.9229,3.5451,0.225
75,75,23,71,26,0.15,76.6,3.5,231,2026-09-20 06:40:00,PT5M,9.619,18.315,14.1958,5.0422,0.923
90,90,55,80,26,0.15,76.1,3.5,231,2026-09-20 06:45:00,PT5M,12.666,23.0355,18.1235,7.2085,2.2965
106,107,89,87,26,0.15,75.6,3.5,231,2026-09-20 06:50:00,PT5M,16.203,28.2115,22.5232,9.8828,4.1945
124,125,125,95,27,0.15,75.1,3.6,232,2026-09-20 06:55:00,PT5M,20.066,33.743,27.2643,12.8677,6.389
143,143,163,101,27,0.15,74.6,3.6,232,2026-09-20 07:00:00,PT5M,24.391,39.837,32.5203,16.2617,8.945
161,162,196,107,27,0.15,74.1,3.6,232,2026-09-20 07:05:00,PT5M,28.768,46.0015,37.8381,19.6979,11.5345
181,181,228,112,27,0.15,73.6,3.7,232,2026-09-20 07:10:00,PT5M,33.419,52.436,43.4278,23.4102,14.402
201,201,262,117,27,0.15,73.1,3.7,232,2026-09-20 07:15:00,PT5M,38.386,59.1865,49.3335,27.4385,17.5855
222,222,296,121,27,0.15,72.6,3.7,232,2026-09-20 07:20:00,PT5M,43.638,66.215,55.5204,31.7556,21.061
243,244,331,124,27,0.15,72.1,3.8,232,2026-09-20 07:25:00,PT5M,49.178,73.5155,61.987,36.369,24.8405
265,266,367,125,27,0.15,71.6,3.8,232,2026-09-20 07:30:00,PT5M,54.957,81.04,68.6847,41.2293,28.874
286,286,392,128,27,0.15,71.2,3.8,232,2026-09-20 07:35:00,PT5M,60.058,88.006,74.7672,45.3488,32.11
304,305,405,133,28,0.15,70.7,3.9,233,2026-09-20 07:40:00,PT5M,64.323,94.3335,80.1177,48.5283,34.3125
322,323,418,138,28,0.15,70.2,3.9,233,2026-09-20 07:45:00,PT5M,67.545,98.829,84.01,51.08,36.261
341,341,431,142,28,0.15,69.7,3.9,233,2026-09-20 07:50:00,PT5M,69.707,100.0,86.4044,53.0096,37.9815
359,359,443,146,28,0.15,69.3,4.0,233,2026-09-20 07:55:00,PT5M,71.778,100.0,88.6846,54.8714,39.655
377,378,454,150,28,0.15,68.8,4.0,233,2026-09-20 08:00:00,PT5M,73.751,100.0,90.8415,56.6605,41.2785
396,396,466,154,28,0.15,68.4,4.0,233,2026-09-20 08:05:00,PT5M,75.613,100.0,92.8585,58.3675,42.846
414,414,476,158,28,0.15,67.9,4.1,233,2026-09-20 08:10:00,PT5M,77.35,100.0,94.7158,59.9842,44.3545
432,432,486,162,28,0.15,67.5,4.1,233,2026-09-20 08:15:00,PT5M,78.951,100.0,96.3976,61.5044,45.802
449,449,496,165,29,0.15,67.0,4.1,233,2026-09-20 08:20:00,PT5M,80.411,100.0,97.897,62.925,47.187
467,467,505,168,29,0.15,66.6,4.2,234,2026-09-20 08:25:00,PT5M,81.696,100.0,99.162,64.23,48.51
484,484,514,172,29,0.15,66.2,4.2,234,2026-09-20 08:30:00,PT5M,82.896,100.0,100.0,65.4723,49.7905
501,501,522,175,29,0.15,65.6,4.2,234,2026-09-20 08:35:00,PT5M,84.02,100.0,100.0,66.6374,50.9925
518,518,531,178,29,0.15,64.9,4.3,234,2026-09-20 08:40:00,PT5M,85.077,100.0,100.0,67.8286,52.3045
535,535,538,180,29,0.15,64.2,4.3,234,2026-09-20 08:45:00,PT5M,86.133,100.0,100.0,69.0372,53.6505
552,551,546,183,29,0.15,63.5,4.4,235,2026-09-20 08:50:00,PT5M,87.079,100.0,100.0,70.139,54.8925
568,567,553,186,30,0.15,62.8,4.4,235,2026-09-20 08:55:00,PT5M,87.981,100.0,100.0,71.2007,56.098
584,583,560,188,30,0.15,62.2,4.4,235,2026-09-20 09:00:00,PT5M,88.842,100.0,100.0,72.2244,57.268
600,600,569,190,30,0.15,61.5,4.5,235,2026-09-20 09:05:00,PT5M,89.781,100.0,100.0,73.4565,58.764
617,616,577,191,30,0.15,60.9,4.5,236,2026-09-20 09:10:00,PT5M,90.694,100.0,100.0,74.6911,60.288
633,632,586,192,30,0.15,60.2,4.6,236,2026-09-20 09:15:00,PT5M,91.57,100.0,100.0,75.8824,61.763
648,647,594,193,30,0.15,59.6,4.6,236,2026-09-20 09:20:00,PT5M,92.409,100.0,100.0,77.0298,63.188
664,662,602,194,30,0.15,58.9,4.7,236,2026-09-20 09:25:00,PT5M,93.215,100.0,100.0,78.1376,64.5675
679,678,610,195,31,0.15,58.3,4.7,236,2026-09-20 09:30:00,PT5M,93.988,100.0,100.0,79.1035,65.707
693,692,617,196,31,0.15,57.7,4.7,237,2026-09-20 09:35:00,PT5M,94.661,100.0,100.0,80.0265,66.855
707,705,622,197,31,0.15,57.1,4.8,237,2026-09-20 09:40:00,PT5M,95.238,100.0,100.0,80.8074,67.8195
720,718,627,199,31,0.15,56.5,4.8,237,2026-09-20 09:45:00,PT5M,95.738,100.0,100.0,81.498,68.6815
732,731,631,200,31,0.15,55.9,4.9,237,2026-09-20 09:50:00,PT5M,96.203,100.0,100.0,82.1445,69.4915
744,743,634,202,31,0.15,55.3,4.9,237,2026-09-20 09:55:00,PT5M,96.646,100.0,100.0,82.7623,70.2665
756,754,638,204,31,0.15,54.7,4.9,238,2026-09-20 10:00:00,PT5M,97.066,100.0,100.0,83.3481,71.0015
767,765,641,205,32,0.15,54.1,5.0,238,2026-09-20 10:05:00,PT5M,97.462,100.0,100.0,83.9012,71.696
778,776,645,206,32,0.15,53.6,5.0,238,2026-09-20 10:10:00,PT5M,97.835,100.0,100.0,84.4234,72.3525
789,787,648,208,32,0.15,53.0,5.1,238,2026-09-20 10:15:00,PT5M,98.184,100.0,100.0,84.9142,72.971
799,797,651,209,32,0.15,52.5,5.1,238,2026-09-20 10:20:00,PT5M,98.511,100.0,100.0,85.3757,73.5535
808,806,654,210,32,0.15,51.9,5.2,239,2026-09-20 10:25:00,PT5M,98.82,100.0,100.0,85.8126,74.1055
817,815,657,211,32,0.15,51.4,5.2,239,2026-09-20 10:30:00,PT5M,99.11,100.0,100.0,86.2242,74.6265
826,823,658,212,33,0.15,50.8,5.2,239,2026-09-20 10:35:00,PT5M,99.317,100.0,100.0,86.5333,75.0275
833,831,658,214,33,0.15,50.3,5.3,239,2026-09-20 10:40:00,PT5M,99.44,100.0,100.0,86.7389,75.3075
840,837,658,216,33,0.15,49.8,5.3,239,2026-09-20 10:45:00,PT5M,99.543,100.0,100.0,86.9174,75.554
846,844,658,218,33,0.15,49.3,5.4,239,2026-09-20 10:50:00,PT5M,99.624,100.0,100.0,87.0647,75.761
852,849,658,220,33,0.15,48.7,5.4,240,2026-09-20 10:55:00,PT5M,99.683,100.0,100.0,87.1798,75.9265
857,855,658,222,33,0.15,48.2,5.5,240,2026-09-20 11:00:00,PT5M,99.715,100.0,100.0,87.2447,76.021
862,859,657,224,33,0.15,47.7,5.5,240,2026-09-20 11:05:00,PT5M,99.727,100.0,100.0,87.2922,76.1005
866,864,656,226,34,0.15,47.2,5.5,240,2026-09-20 11:10:00,PT5M,99.719,100.0,100.0,87.3224,76.165
870,867,655,228,34,0.15,46.7,5.6,240,2026-09-20 11:15:00,PT5M,99.692,100.0,100.0,87.3796,76.298
873,870,653,230,34,0.15,46.3,5.6,240,2026-09-20 11:20:00,PT5M,99.644,100.0,100.0,87.3424,76.2705
876,873,652,232,34,0.15,45.8,5.7,241,2026-09-20 11:25:00,PT5M,99.578,100.0,100.0,87.2793,76.21
878,875,650,233,34,0.15,45.3,5.7,241,2026-09-20 11:30:00,PT5M,99.494,100.0,100.0,87.1897,76.1155
876,874,641,239,34,0.15,45.1,5.8,241,2026-09-20 11:35:00,PT5M,99.066,100.0,100.0,86.6902,75.5515
871,868,624,248,34,0.15,45.2,5.8,240,2026-09-20 11:40:00,PT5M,98.296,100.0,100.0,85.7812,74.5175
864,862,608,257,34,0.15,45.2,5.8,240,2026-09-20 11:45:00,PT5M,97.508,100.0,100.0,84.8466,73.451
857,855,592,266,34,0.15,45.3,5.9,240,2026-09-20 11:50:00,PT5M,96.7,100.0,100.0,83.8844,72.35
850,848,575,275,34,0.15,45.4,5.9,239,2026-09-20 11:55:00,PT5M,95.869,100.0,100.0,82.8908,71.21
842,840,559,283,34,0.15,45.4,6.0,239,2026-09-20 12:00:00,PT5M,95.013,100.0,100.0,81.8632,70.028
834,832,543,291,34,0.15,45.5,6.0,239,2026-09-20 12:05:00,PT5M,94.243,100.0,100.0,80.913,68.9155
825,823,527,298,34,0.15,45.6,6.1,238,2026-09-20 12:10:00,PT5M,93.508,100.0,100.0,79.9903,67.824
816,814,512,306,34,0.15,45.6,6.1,238,2026-09-20 12:15:00,PT5M,92.692,100.0,100.0,78.9799,66.6385
806,805,496,312,34,0.15,45.7,6.2,238,2026-09-20 12:20:00,PT5M,91.849,100.0,100.0,77.9355,65.413
796,795,481,319,34,0.15,45.7,6.2,238,2026-09-20 12:25:00,PT5M,90.98,100.0,100.0,76.8592,64.15
786,784,465,325,34,0.15,45.8,6.2,237,2026-09-20 12:30:00,PT5M,90.083,100.0,100.0,75.7496,62.849
777,776,454,329,34,0.15,45.9,6.3,237,2026-09-20 12:35:00,PT5M,89.389,100.0,100.0,74.8866,61.834
770,769,447,330,34,0.15,45.9,6.3,237,2026-09-20 12:40:00,PT5M,88.898,100.0,100.0,74.2685,61.1015
763,762,440,332,34,0.15,46.0,6.4,236,2026-09-20 12:45:00,PT5M,88.378,100.0,100.0,73.6151,60.328
756,754,433,333,34,0.15,46.1,6.4,236,2026-09-20 12:50:00,PT5M,87.823,100.0,100.0,72.9122,59.492
748,746,425,335,34,0.15,46.1,6.5,236,2026-09-20 12:55:00,PT5M,87.236,100.0,100.0,72.1697,58.6095
739,738,418,336,34,0.15,46.2,6.5,236,2026-09-20 13:00:00,PT5M,86.634,100.0,100.0,71.419,57.725
731,729,411,336,34,0.15,46.3,6.6,235,2026-09-20 13:05:00,PT5M,86.02,100.0,100.0,70.6642,56.8435
722,720,404,337,34,0.15,46.3,6.6,235,2026-09-20 13:10:00,PT5M,85.357,100.0,100.0,69.8386,55.8715
712,711,396,337,34,0.15,46.4,6.7,235,2026-09-20 13:15:00,PT5M,84.657,100.0,100.0,68.9683,54.848
702,701,389,337,34,0.15,46.5,6.7,235,2026-09-20 13:20:00,PT5M,83.924,100.0,99.7887,68.0593,53.7805
692,692,382,337,34,0.15,46.5,6.8,234,2026-09-20 13:25:00,PT5M,83.16,100.0,99.2047,67.1153,52.6745
682,681,375,336,34,0.15,46.6,6.8,234,2026-09-20 13:30:00,PT5M,82.364,100.0,98.5916,66.1364,51.531
671,670,365,336,34,0.15,46.7,6.9,234,2026-09-20 13:35:00,PT5M,81.416,100.0,97.8718,64.9602,50.1495
658,657,355,337,34,0.15,46.7,6.9,234,2026-09-20 13:40:00,PT5M,80.316,100.0,97.0428,63.5892,48.5345
645,644,344,337,34,0.15,46.8,6.9,234,2026-09-20 13:45:00,PT5M,79.127,100.0,96.1249,62.1291,46.8305
632,631,334,336,34,0.15,46.9,7.0,233,2026-09-20 13:50:00,PT5M,77.966,100.0,95.2352,60.6968,45.154
618,618,323,335,34,0.15,46.9,7.0,233,2026-09-20 13:55:00,PT5M,76.769,100.0,94.31,59.228,43.4405
605,604,313,334,34,0.15,47.0,7.1,233,2026-09-20 14:00:00,PT5M,75.537,100.0,93.3499,57.7241,41.692
591,591,302,333,34,0.15,47.1,7.1,233,2026-09-20 14:05:00,PT5M,74.256,100.0,92.3425,56.1695,39.891
577,577,292,331,34,0.15,47.1,7.2,232,2026-09-20 14:10:00,PT5M,72.925,100.0,91.2865,54.5635,38.0375
563,563,281,330,34,0.15,47.2,7.2,232,2026-09-20 14:15:00,PT5M,71.558,100.0,90.1935,52.9225,36.15
549,548,271,327,34,0.15,47.3,7.3,232,2026-09-20 14:20:00,PT5M,70.143,100.0,89.0519,51.2341,34.2155
534,534,260,325,34,0.15,47.3,7.3,232,2026-09-20 14:25:00,PT5M,68.652,100.0,87.8354,49.4686,32.203
519,519,249,322,34,0.15,47.4,7.4,232,2026-09-20 14:30:00,PT5M,67.123,100.0,86.5787,47.6673,30.1565
505,505,240,319,33,0.15,47.6,7.4,232,2026-09-20 14:35:00,PT5M,65.759,100.0,85.451,46.067,28.3435
493,493,233,314,33,0.15,48.0,7.4,231,2026-09-20 14:40:00,PT5M,64.561,100.0,84.4562,44.6658,26.7595
480,480,227,310,33,0.15,48.4,7.4,231,2026-09-20 14:45:00,PT5M,63.325,100.0,83.3649,43.2851,25.2485
467,467,220,305,33,0.15,48.8,7.4,231,2026-09-20 14:50:00,PT5M,62.051,100.0,82.1483,41.9537,23.8655
453,454,213,300,33,0.15,49.3,7.4,231,2026-09-20 14:55:00,PT5M,60.768,99.047,80.9145,40.6215,22.489
440,440,206,295,33,0.15,49.7,7.4,231,2026-09-20 15:00:00,PT5M,59.429,97.7825,79.6147,39.2433,21.0755
427,427,200,289,33,0.15,50.1,7.4,231,2026-09-20 15:05:00,PT5M,58.104,96.49,78.3068,37.9012,19.718
414,414,193,284,33,0.15,50.5,7.4,230,2026-09-20 15:10:00,PT5M,56.701,95.0265,76.872,36.53,18.3755
400,401,186,278,32,0.15,50.9,7.4,230,2026-09-20 15:15:00,PT5M,55.25,93.5425,75.4036,35.0964,16.9575
387,387,179,272,32,0.15,51.4,7.3,230,2026-09-20 15:20:00,PT5M,53.742,91.9755,73.8646,33.6194,15.5085
373,373,171,266,32,0.15,51.8,7.3,230,2026-09-20 15:25:00,PT5M,52.172,90.315,72.2469,32.0971,14.029
359,359,164,260,32,0.15,52.2,7.3,230,2026-09-20 15:30:00,PT5M,50.544,88.5675,70.556,30.532,12.5205
345,346,156,253,32,0.15,52.7,7.3,230,2026-09-20 15:35:00,PT5M,48.854,86.722,68.7842,28.9238,10.986
331,331,148,247,32,0.15,53.1,7.3,230,2026-09-20 15:40:00,PT5M,47.102,84.756,66.9196,27.2844,9.448
317,317,140,240,32,0.15,53.6,7.3,229,2026-09-20 15:45:00,PT5M,45.298,82.618,64.9398,25.6562,7.978
303,303,131,233,31,0.15,54.0,7.3,229,2026-09-20 15:50:00,PT5M,43.415,80.3085,62.8323,23.9977,6.5215
288,289,123,225,31,0.15,54.5,7.3,229,2026-09-20 15:55:00,PT5M,41.456,77.833,60.6015,22.3105,5.079
274,275,114,218,31,0.15,54.9,7.3,229,2026-09-20 16:00:00,PT5M,39.425,75.204,58.2557,20.5943,3.646
260,260,106,210,31,0.15,55.4,7.3,229,2026-09-20 16:05:00,PT5M,37.644,72.805,56.1495,19.1385,2.483
246,247,98,201,31,0.15,55.9,7.3,229,2026-09-20 16:10:00,PT5M,35.676,70.2125,53.8528,17.4992,1.1395
232,233,91,193,31,0.15,56.3,7.3,229,2026-09-20 16:15:00,PT5M,33.656,67.516,51.4768,15.8352,0.0
218,219,83,184,31,0.15,56.8,7.3,228,2026-09-20 16:20:00,PT5M,31.542,63.961,48.6044,14.4796,0.0
205,205,75,175,30,0.15,57.3,7.3,228,2026-09-20 16:25:00,PT5M,29.292,59.543,45.2133,13.3707,0.0
191,192,67,166,30,0.15,57.8,7.3,228,2026-09-20 16:30:00,PT5M,27.004,55.15,41.8174,12.1906,0.0
178,178,59,157,30,0.15,58.3,7.3,228,2026-09-20 16:35:00,PT5M,24.808,50.812,38.4941,11.1219,0.0
165,165,52,148,30,0.15,58.8,7.3,228,2026-09-20 16:40:00,PT5M,22.698,46.628,35.2925,10.1035,0.0
152,153,44,138,30,0.15,59.3,7.3,228,2026-09-20 16:45:00,PT5M,20.578,42.4395,32.0839,9.0721,0.0
139,140,36,129,30,0.15,59.8,7.3,227,2026-09-20 16:50:00,PT5M,18.459,38.268,28.8846,8.0334,0.0
127,127,27,119,30,0.15,60.3,7.2,227,2026-09-20 16:55:00,PT5M,16.376,34.161,25.7364,7.0156,0.0
114,115,18,110,29,0.15,60.8,7.2,227,2026-09-20 17:00:00,PT5M,14.433,30.246,22.7555,6.1105,0.0
101,101,5,100,29,0.15,61.3,7.2,227,2026-09-20 17:05:00,PT5M,12.258,26.1845,19.5876,4.9284,0.0
88,89,0,89,29,0.15,61.8,7.2,227,2026-09-20 17:10:00,PT5M,10.557,22.678,16.9364,4.1776,0.0
76,76,0,76,29,0.15,62.4,7.2,227,2026-09-20 17:15:00,PT5M,8.965,19.3255,14.4178,3.5122,0.0
64,65,0,65,29,0.15,62.9,7.2,227,2026-09-20 17:20:00,PT5M,7.535,16.1575,12.0731,2.9969,0.0
53,54,0,54,29,0.15,63.5,7.2,226,2026-09-20 17:25:00,PT5M,6.215,13.1325,9.8557,2.5743,0.0
43,43,0,43,29,0.15,64.0,7.2,226,2026-09-20 17:30:00,PT5M,4.883,10.1875,7.6748,2.0912,0.0
34,34,0,34,29,0.15,64.4,7.2,226,2026-09-20 17:35:00,PT5M,3.636,7.4725,5.6552,1.6168,0.0
25,25,0,25,28,0.15,64.8,7.2,226,2026-09-20 17:40:00,PT5M,2.574,5.2315,3.9727,1.1753,0.0
17,17,0,17,28,0.15,65.1,7.1,226,2026-09-20 17:45:00,PT5M,1.613,3.2215,2.4596,0.7664,0.0045
11,11,0,11,28,0.15,65.5,7.1,226,2026-09-20 17:50:00,PT5M,0.743,1.5665,1.1764,0.3096,0.0
5,5,0,5,28,0.15,65.8,7.0,226,2026-09-20 17:55:00,PT5M,0.0,0.191,0.1005,0.0,0.0
0,0,0,0,28,0.15,66.2,7.0,226,2026-09-20 18:00:00,PT5M,0.0,0.0,0.0,0.0,0.0
0,0,0,0,28,0.15,66.5,7.0,226,2026-09-20 18:05:00,PT5M,0.0,0.0,0.0,0.0,0.0
0,0,0,0,28,0.15,66.9,6.9,226,2026-09-20 18:10:00,PT5M,0.0,0.0,0.0,0.0,0.0
0,0,0,0,28,0.15,67.2,6.9,226,2026-09-20 18:15:00,PT5M,0.0,0.0,0.0,0.0,0.0
0,0,0,0,28,0.15,67.6,6.8,226,2026-09-20 18:20:00,PT5M,0.0,0.0,0.0,0.0,0.0
0,0,0,0,28,0.15,67.9,6.8,225,2026-09-20 18:25:00,PT5M,0.0,0.0,0.0,0.0,0.0
0,0,0,0,28,0.15,68.3,6.8,225,2026-09-20 18:30:00,PT5M,0.0,0.0,0.0,0.0,0.0
0,0,0,0,28,0.15,68.6,6.7,225,2026-09-20 18:35:00,PT5M,0.0,0.0,0.0,0.0,0.0
0,0,0,0,28,0.15,69.0,6.7,225,2026-09-20 18:40:00,PT5M,0.0,0.0,0.0,0.0,0.0
0,0,0,0,28,0.15,69.4,6.6,225,2026-09-20 18:45:00,PT5M,0.0,0.0,0.0,0.0,0.0
0,0,0,0,27,0.15,69.7,6.6,225,2026-09-20 18:50:00,PT5M,0.0,0.0,0.0,0.0,0.0
0,0,0,0,27,0.15,70.1,6.6,225,2026-09-20 18:55:00,PT5M,0.0,0.0,0.0,0.0,0.0
0,0,0,0,27,0.15,70.5,6.5,225,2026-09-20 19:00:00,PT5M,0.0,0.0,0.0,0.0,0.0
0,0,0,0,27,0.15,70.8,6.5,225,2026-09-20 19:05:00,PT5M,0.0,0.0,0.0,0.0,0.0
0,0,0,0,27,0.15,71.2,6.4,225,2026-09-20 19:10:00,PT5M,0.0,0.0,0.0,0.0,0.0
0,0,0,0,27,0.15,71.6,6.4,225,2026-09-20 19:15:00,PT5M,0.0,0.0,0.0,0.0,0.0
0,0,0,0,27,0.15,72.0,6.4,225,2026-09-20 19:20:00,PT5M,0.0,0.0,0.0,0.0,0.0
0,0,0,0,27,0.15,72.3,6.3,225,2026-09-20 19:25:00,PT5M,0.0,0.0,0.0,0.0,0.0
0,0,0,0,27,0.15,72.7,6.3,225,2026-09-20 19:30:00,PT5M,0.0,0.0,0.0,0.0,0.0
0,0,0,0,27,0.15,73.1,6.3,225,2026-09-20 19:35:00,PT5M,0.0,0.0,0.0,0.0,0.0
0,0,0,0,27,0.15,73.5,6.2,224,2026-09-20 19:40:00,PT5M,0.0,0.0,0.0,0.0,0.0
0,0,0,0,27,0.15,73.9,6.2,224,2026-09-20 19:45:00,PT5M,0.0,0.0,0.0,0.0,0.0
0,0,0,0,27,0.15,74.3,6.1,224,2026-09-20 19:50:00,PT5M,0.0,0.0,0.0,0.0,0.0
0,0,0,0,27,0.15,74.7,6.1,224,2026-09-20 19:55:00,PT5M,0.0,0.0,0.0,0.0,0.0
0,0,0,0,27,0.15,75.1,6.1,224,2026-09-20 20:00:00,PT5M,0.0,0.0,0.0,0.0,0.0
0,0,0,0,26,0.15,75.5,6.0,224,2026-09-20 20:05:00,PT5M,0.0,0.0,0.0,0.0,0.0
0,0,0,0,26,0.15,75.9,6.0,224,2026-09-20 20:10:00,PT5M,0.0,0.0,0.0,0.0,0.0
0,0,0,0,26,0.15,76.3,5.9,224,2026-09-20 20:15:00,PT5M,0.0,0.0,0.0,0.0,0.0
0,0,0,0,26,0.15,76.7,5.9,224,2026-09-20 20:20:00,PT5M,0.0,0.0,0.0,0.0,0.0
0,0,0,0,26,0.15,77.1,5.9,224,2026-09-20 20:25:00,PT5M,0.0,0.0,0.0,0.0,0.0
0,0,0,0,26,0.15,77.5,5.8,224,2026-09-20 20:30:00,PT5M,0.0,0.0,0.0,0.0,0.0
0,0,0,0,26,0.15,77.7,5.8,224,2026-09-20 20:35:00,PT5M,0.0,0.0,0.0,0.0,0.0
0,0,0,0,26,0.15,77.7,5.8,224,2026-09-20 20:40:00,PT5M,0.0,0.0,0.0,0.0,0.0
0,0,0,0,26,0.15,77.7,5.8,223,2026-09-20 20:45:00,PT5M,0.0,0.0,0.0,0.0,0.0
0,0,0,0,26,0.15,77.8,5.8,223,2026-09-20 20:50:00,PT5M,0.0,0.0,0.0,0.0,0.0
0,0,0,0,26,0.15,77.8,5.7,223,2026-09-20 20:55:00,PT5M,0.0,0.0,0.0,0.0,0.0
0,0,0,0,26,0.15,77.8,5.7,223,2026-09-20 21:00:00,PT5M,0.0,0.0,0.0,0.0,0.0
0,0,0,0,26,0.15,77.9,5.7,223,2026-09-20 21:05:00,PT5M,0.0,0.0,0.0,0.0,0.0
0,0,0,0,26,0.15,77.9,5.7,223,2026-09-20 21:10:00,PT5M,0.0,0.0,0.0,0.0,0.0
0,0,0,0,26,0.15,77.9,5.7,223,2026-09-20 21:15:00,PT5M,0.0,0.0,0.0,0.0,0.0
0,0,0,0,26,0.15,77.9,5.7,223,2026-09-20 21:20:00,PT5M,0.0,0.0,0.0,0.0,0.0
0,0,0,0,26,0.15,78.0,5.7,223,2026-09-20 21:25:00,PT5M,0.0,0.0,0.0,0.0,0.0
0,0,0,0,26,0.15,78.0,5.7,223,2026-09-20 21:30:00,PT5M,0.0,0.0,0.0,0.0,0.0
0,0,0,0,26,0.15,78.0,5.7,223,2026-09-20 21:35:00,PT5M,0.0,0.0,0.0,0.0,0.0
0,0,0,0,26,0.15,78.0,5.6,223,2026-09-20 21:40:00,PT5M,0.0,0.0,0.0,0.0,0.0
0,0,0,0,26,0.15,78.1,5.6,223,2026-09-20 21:45:00,PT5M,0.0,0.0,0.0,0.0,0.0
0,0,0,0,26,0.15,78.1,5.6,223,2026-09-20 21:50:00,PT5M,0.0,0.0,0.0,0.0,0.0
0,0,0,0,26,0.15,78.1,5.6,223,2026-09-20 21:55:00,PT5M,0.0,0.0,0.0,0.0,0.0
0,0,0,0,26,0.15,78.1,5.6,223,2026-09-20 22:00:00,PT5M,0.0,0.0,0.0,0.0,0.0
0,0,0,0,26,0.15,78.2,5.6,223,2026-09-20 22:05:00,PT5M,0.0,0.0,0.0,0.0,0.0
0,0,0,0,26,0.15,78.2,5.6,223,2026-09-20 22:10:00,PT5M,0.0,0.0,0.0,0.0,0.0
0,0,0,0,26,0.15,78.2,5.6,223,2026-09-20 22:15:00,PT5M,0.0,0.0,0.0,0.0,0.0
0,0,0,0,26,0.15,78.2,5.5,223,2026-09-20 22:20:00,PT5M,0.0,0.0,0.0,0.0,0.0
0,0,0,0,26,0.15,78.3,5.5,223,2026-09-20 22:25:00,PT5M,0.0,0.0,0.0,0.0,0.0
0,0,0,0,26,0.15,78.3,5.5,223,2026-09-20 22:30:00,PT5M,0.0,0.0,0.0,0.0,0.0
0,0,0,0,26,0.15,78.3,5.5,223,2026-09-20 22:35:00,PT5M,0.0,0.0,0.0,0.0,0.0
0,0,0,0,26,0.15,78.3,5.5,222,2026-09-20 22:40:00,PT5M,0.0,0.0,0.0,0.0,0.0
0,0,0,0,26,0.15,78.4,5.5,222,2026-09-20 22:45:00,PT5M,0.0,0.0,0.0,0.0,0.0
0,0,0,0,26,0.15,78.4,5.5,222,2026-09-20 22:50:00,PT5M,0.0,0.0,0.0,0.0,0.0
0,0,0,0,26,0.15,78.4,5.5,222,2026-09-20 22:55:00,PT5M,0.0,0.0,0.0,0.0,0.0
0,0,0,0,26,0.15,78.4,5.5,222,2026-09-20 23:00:00,PT5M,0.0,0.0,0.0,0.0,0.0
0,0,0,0,26,0.15,78.5,5.4,222,2026-09-20 23:05:00,PT5M,0.0,0.0,0.0,0.0,0.0
0,0,0,0,26,0.15,78.5,5.4,222,2026-09-20 23:10:00,PT5M,0.0,0.0,0.0,0.0,0.0
0,0,0,0,26,0.15,78.5,5.4,222,2026-09-20 23:15:00,PT5M,0.0,0.0,0.0,0.0,0.0
0,0,0,0,26,0.15,78.5,5.4,222,2026-09-20 23:20:00,PT5M,0.0,0.0,0.0,0.0,0.0
0,0,0,0,26,0.15,78.6,5.4,222,2026-09-20 23:25:00,PT5M,0.0,0.0,0.0,0.0,0.0
0,0,0,0,26,0.15,78.6,5.4,222,2026-09-20 23:30:00,PT5M,0.0,0.0,0.0,0.0,0.0
0,0,0,0,26,0.15,78.8,5.4,222,2026-09-20 23:35:00,PT5M,0.0,0.0,0.0,0.0,0.0
0,0,0,0,26,0.15,79.1,5.4,222,2026-09-20 23:40:00,PT5M,0.0,0.0,0.0,0.0,0.0
0,0,0,0,26,0.15,79.5,5.4,223,2026-09-20 23:45:00,PT5M,0.0,0.0,0.0,0.0,0.0
0,0,0,0,26,0.15,79.9,5.4,223,2026-09-20 23:50:00,PT5M,0.0,0.0,0.0,0.0,0.0
0,0,0,0,26,0.15,80.2,5.4,223,2026-09-20 23:55:00,PT5M,0.0,0.0,0.0,0.0,0.0
0,0,0,0,26,0.15,80.6,5.4,223,2026-09-21 00:00:00,PT5M,0.0,0.0,0.0,0.0,0.0
0,0,0,0,26,0.15,80.9,5.4,224,2026-09-21 00:05:00,PT5M,0.0,0.0,0.0,0.0,0.0
0,0,0,0,25,0.15,81.3,5.4,224,2026-09-21 00:10:00,PT5M,0.0,0.0,0.0,0.0,0.0
0,0,0,0,25,0.15,81.7,5.4,224,2026-09-21 00:15:00,PT5M,0.0,0.0,0.0,0.0,0.0
0,0,0,0,25,0.15,82.0,5.4,224,2026-09-21 00:20:00,PT5M,0.0,0.0,0.0,0.0,0.0
0,0,0,0,25,0.15,82.4,5.4,225,2026-09-21 00:25:00,PT5M,0.0,0.0,0.0,0.0,0.0
0,0,0,0,25,0.15,82.8,5.4,225,2026-09-21 00:30:00,PT5M,0.0,0.0,0.0,0.0,0.0
0,0,0,0,25,0.14,83.2,5.4,225,2026-09-21 00:35:00,PT5M,0.0,0.0,0.0,0.0,0.0
0,0,0,0,25,0.14,83.5,5.4,225,2026-09-21 00:40:00,PT5M,0.0,0.0,0.0,0.0,0.0
0,0,0,0,25,0.14,83.9,5.4,226,2026-09-21 00:45:00,PT5M,0.0,0.0,0.0,0.0,0.0
0,0,0,0,25,0.14,84.3,5.4,226,2026-09-21 00:50:00,PT5M,0.0,0.0,0.0,0.0,0.0
0,0,0,0,25,0.14,84.7,5.4,226,2026-09-21 00:55:00,PT5M,0.0,0.0,0.0,0.0,0.0
0,0,0,0,25,0.14,85.0,5.4,226,2026-09-21 01:00:00,PT5M,0.0,0.0,0.0,0.0,0.0
0,0,0,0,25,0.14,85.4,5.4,227,2026-09-21 01:05:00,PT5M,0.0,0.0,0.0,0.0,0.0
0,0,0,0,25,0.14,85.8,5.4,227,2026-09-21 01:10:00,PT5M,0.0,0.0,0.0,0.0,0.0
0,0,0,0,25,0.14,86.2,5.4,227,2026-09-21 01:15:00,PT5M,0.0,0.0,0.0,0.0,0.0
0,0,0,0,25,0.14,86.6,5.4,227,2026-09-21 01:20:00,PT5M,0.0,0.0,0.0,0.0,0.0
0,0,0,0,25,0.14,87.0,5.4,228,2026-09-21 01:25:00,PT5M,0.0,0.0,0.0,0.0,0.0
0,0,0,0,25,0.14,87.4,5.4,228,2026-09-21 01:30:00,PT5M,0.0,0.0,0.0,0.0,0.0
0,0,0,0,25,0.14,87.8,5.4,228,2026-09-21 01:35:00,PT5M,0.0,0.0,0.0,0.0,0.0
0,0,0,0,25,0.14,88.2,5.4,228,2026-09-21 01:40:00,PT5M,0.0,0.0,0.0,0.0,0.0
0,0,0,0,25,0.14,88.6,5.4,229,2026-09-21 01:45:00,PT5M,0.0,0.0,0.0,0.0,0.0
0,0,0,0,24,0.14,89.0,5.4,229,2026-09-21 01:50:00,PT5M,0.0,0.0,0.0,0.0,0.0
0,0,0,0,24,0.14,89.4,5.4,229,2026-09-21 01:55:00,PT5M,0.0,0.0,0.0,0.0,0.0
0,0,0,0,24,0.14,89.8,5.4,229,2026-09-21 02:00:00,PT5M,0.0,0.0,0.0,0.0,0.0
0,0,0,0,24,0.14,90.2,5.4,230,2026-09-21 02:05:00,PT5M,0.0,0.0,0.0,0.0,0.0
0,0,0,0,24,0.14,90.6,5.4,230,2026-09-21 02:10:00,PT5M,0.0,0.0,0.0,0.0,0.0
0,0,0,0,24,0.14,91.0,5.4,230,2026-09-21 02:15:00,PT5M,0.0,0.0,0.0,0.0,0.0
0,0,0,0,24,0.14,91.4,5.4,230,2026-09-21 02:20:00,PT5M,0.0,0.0,0.0,0.0,0.0
0,0,0,0,24,0.14,91.8,5.4,231,2026-09-21 02:25:00,PT5M,0.0,0.0,0.0,0.0,0.0
0,0,0,0,24,0.14,92.2,5.4,231,2026-09-21 02:30:00,PT5M,0.0,0.0,0.0,0.0,0.0
0,0,0,0,24,0.14,92.4,5.4,231,2026-09-21 02:35:00,PT5M,0.0,0.0,0.0,0.0,0.0
0,0,0,0,24,0.14,92.3,5.4,231,2026-09-21 02:40:00,PT5M,0.0,0.0,0.0,0.0,0.0
0,0,0,0,24,0.14,92.2,5.3,231,2026-09-21 02:45:00,PT5M,0.0,0.0,0.0,0.0,0.0
0,0,0,0,24,0.14,92.1,5.3,231,2026-09-21 02:50:00,PT5M,0.0,0.0,0.0,0.0,0.0
0,0,0,0,24,0.14,92.0,5.3,230,2026-09-21 02:55:00,PT5M,0.0,0.0,0.0,0.0,0.0
0,0,0,0,24,0.14,91.9,5.2,230,2026-09-21 03:00:00,PT5M,0.0,0.0,0.0,0.0,0.0
0,0,0,0,24,0.14,91.7,5.2,230,2026-09-21 03:05:00,PT5M,0.0,0.0,0.0,0.0,0.0
0,0,0,0,24,0.14,91.6,5.2,230,2026-09-21 03:10:00,PT5M,0.0,0.0,0.0,0.0,0.0
0,0,0,0,24,0.14,91.5,5.1,230,2026-09-21 03:15:00,PT5M,0.0,0.0,0.0,0.0,0.0
0,0,0,0,24,0.14,91.4,5.1,230,2026-09-21 03:20:00,PT5M,0.0,0.0,0.0,0.0,0.0
0,0,0,0,24,0.14,91.3,5.1,230,2026-09-21 03:25:00,PT5M,0.0,0.0,0.0,0.0,0.0
0,0,0,0,24,0.14,91.2,5.1,230,2026-09-21 03:30:00,PT5M,0.0,0.0,0.0,0.0,0.0
0,0,0,0,24,0.14,91.1,5.0,229,2026-09-21 03:35:00,PT5M,0.0,0.0,0.0,0.0,0.0
0,0,0,0,24,0.14,91.0,5.0,229,2026-09-21 03:40:00,PT5M,0.0,0.0,0.0,0.0,0.0
0,0,0,0,24,0.14,90.9,5.0,229,2026-09-21 03:45:00,PT5M,0.0,0.0,0.0,0.0,0.0
0,0,0,0,24,0.14,90.8,4.9,229,2026-09-21 03:50:00,PT5M,0.0,0.0,0.0,0.0,0.0
0,0,0,0,24,0.14,90.7,4.9,229,2026-09-21 03:55:00,PT5M,0.0,0.0,0.0,0.0,0.0
0,0,0,0,24,0.14,90.6,4.9,229,2026-09-21 04:00:00,PT5M,0.0,0.0,0.0,0.0,0.0
0,0,0,0,24,0.14,90.4,4.8,229,2026-09-21 04:05:00,PT5M,0.0,0.0,0.0,0.0,0.0
0,0,0,0,24,0.14,90.3,4.8,229,2026-09-21 04:10:00,PT5M,0.0,0.0,0.0,0.0,0.0
0,0,0,0,24,0.14,90.2,4.8,228,2026-09-21 04:15:00,PT5M,0.0,0.0,0.0,0.0,0.0
0,0,0,0,24,0.14,90.1,4.7,228,2026-09-21 04:20:00,PT5M,0.0,0.0,0.0,0.0,0.0
0,0,0,0,24,0.14,90.0,4.7,228,2026-09-21 04:25:00,PT5M,0.0,0.0,0.0,0.0,0.0
0,0,0,0,24,0.14,89.9,4.7,228,2026-09-21 04:30:00,PT5M,0.0,0.0,0.0,0.0,0.0
0,0,0,0,24,0.14,89.8,4.7,228,2026-09-21 04:35:00,PT5M,0.0,0.0,0.0,0.0,0.0
0,0,0,0,24,0.14,89.7,4.6,228,2026-09-21 04:40:00,PT5M,0.0,0.0,0.0,0.0,0.0
0,0,0,0,24,0.14,89.6,4.6,228,2026-09-21 04:45:00,PT5M,0.0,0.0,0.0,0.0,0.0
0,0,0,0,24,0.14,89.5,4.6,227,2026-09-21 04:50:00,PT5M,0.0,0.0,0.0,0.0,0.0
0,0,0,0,24,0.14,89.4,4.5,227,2026-09-21 04:55:00,PT5M,0.0,0.0,0.0,0.0,0.0
0,0,0,0,24,0.14,89.3,4.5,227,2026-09-21 05:00:00,PT5M,0.0,0.0,0.0,0.0,0.0
0,0,0,0,24,0.14,89.2,4.5,227,2026-09-21 05:05:00,PT5M,0.0,0.0,0.0,0.0,0.0
0,0,0,0,24,0.14,89.1,4.4,227,2026-09-21 05:10:00,PT5M,0.0,0.0,0.0,0.0,0.0
0,0,0,0,24,0.14,89.0,4.4,227,2026-09-21 05:15:00,PT5M,0.0,0.0,0.0,0.0,0.0
0,0,0,0,24,0.14,88.8,4.4,226,2026-09-21 05:20:00,PT5M,0.0,0.0,0.0,0.0,0.0
0,0,0,0,24,0.14,88.7,4.4,226,2026-09-21 05:25:00,PT5M,0.0,0.0,0.0,0.0,0.0
0,0,0,0,24,0.14,88.6,4.3,226,2026-09-21 05:30:00,PT5M,0.0,0.0,0.0,0.0,0.0
0,0,0,0,24,0.14,88.5,4.3,226,2026-09-21 05:35:00,PT5M,0.0,0.0,0.0,0.0,0.0
0,0,0,0,24,0.14,88.3,4.4,226,2026-09-21 05:40:00,PT5M,0.0,0.0,0.0,0.0,0.0
0,0,0,0,24,0.14,88.1,4.4,226,2026-09-21 05:45:00,PT5M,0.0,0.0,0.0,0.0,0.0
0,0,0,0,24,0.14,87.9,4.5,226,2026-09-21 05:50:00,PT5M,0.0,0.0,0.0,0.0,0.0
0,0,0,0,24,0.14,87.7,4.5,226,2026-09-21 05:55:00,PT5M,0.0,0.0,0.0,0.0,0.0
1,1,0,1,24,0.14,87.4,4.5,226,2026-09-21 06:00:00,PT5M,0.0,0.0,0.0,0.0,0.0
6,6,0,6,24,0.14,87.2,4.6,226,2026-09-21 06:05:00,PT5M,0.109,0.3745,0.2487,0.0,0.0
12,12,0,12,24,0.14,87.0,4.6,226,2026-09-21 06:10:00,PT5M,0.984,1.8955,1.4637,0.5043,0.0725
20,20,0,20,24,0.14,86.8,4.6,226,2026-09-21 06:15:00,PT5M,1.949,3.616,2.8264,1.0716,0.282
28,28,0,28,24,0.14,86.6,4.7,226,2026-09-21 06:20:00,PT5M,2.994,5.8795,4.5127,1.4753,0.1085
37,37,0,37,24,0.14,86.4,4.7,226,2026-09-21 06:25:00,PT5M,4.121,8.2945,6.3175,1.9245,0.0
47,47,0,47,24,0.14,86.2,4.8,226,2026-09-21 06:30:00,PT5M,5.448,11.1325,8.4398,2.4562,0.0
58,58,0,58,24,0.14,86.0,4.8,226,2026-09-21 06:35:00,PT5M,6.897,14.219,10.7506,3.0434,0.0
70,70,0,70,24,0.14,85.8,4.8,226,2026-09-21 06:40:00,PT5M,8.379,17.3815,13.1171,3.6409,0.0
83,83,12,81,24,0.14,85.6,4.9,226,2026-09-21 06:45:00,PT5M,10.4,21.064,16.0125,4.7875,0.0
97,97,32,90,24,0.14,85.4,4.9,226,2026-09-21 06:50:00,PT5M,12.991,25.2915,19.4648,6.5172,0.6905
112,112,52,99,24,0.14,85.2,5.0,226,2026-09-21 06:55:00,PT5M,15.697,29.667,23.0495,8.3445,1.727
127,127,72,108,24,0.14,85.0,5.0,226,2026-09-21 07:00:00,PT5M,18.646,34.3615,26.9172,10.3748,2.9305
142,142,90,117,24,0.14,84.8,5.0,226,2026-09-21 07:05:00,PT5M,21.533,39.1165,30.7873,12.2787,3.9495
158,158,108,125,24,0.14,84.6,5.1,226,2026-09-21 07:10:00,PT5M,24.743,44.3135,35.0431,14.4429,5.1725
174,174,126,133,24,0.14,84.4,5.1,226,2026-09-21 07:15:00,PT5M,28.119,49.6545,39.4533,16.7847,6.5835
190,191,144,141,25,0.14,84.2,5.2,226,2026-09-21 07:20:00,PT5M,31.628,55.1385,44.0017,19.2543,8.1175
207,207,162,148,25,0.14,84.0,5.2,226,2026-09-21 07:25:00,PT5M,35.261,60.745,48.6734,21.8486,9.777
224,224,179,156,25,0.14,83.8,5.2,226,2026-09-21 07:30:00,PT5M,39.023,66.4795,53.4736,24.5724,11.5665
241,241,195,163,25,0.14,83.6,5.3,226,2026-09-21 07:35:00,PT5M,42.714,72.189,58.2269,27.2011,13.239
258,258,209,170,25,0.14,83.4,5.3,226,2026-09-21 07:40:00,PT5M,46.291,77.8855,62.9194,29.6626,14.6965
275,275,222,176,25,0.14,83.3,5.4,226,2026-09-21 07:45:00,PT5M,49.276,82.154,66.5799,31.9721,16.398
292,292,236,183,25,0.14,83.1,5.4,226,2026-09-21 07:50:00,PT5M,51.851,85.2735,69.4415,34.2605,18.4285
309,309,249,189,25,0.14,82.9,5.4,226,2026-09-21 07:55:00,PT5M,54.362,88.276,72.2112,36.5128,20.448
326,326,263,195,25,0.14,82.7,5.5,226,2026-09-21 08:00:00,PT5M,56.799,91.1475,74.8769,38.7211,22.4505
343,343,276,200,25,0.14,82.5,5.5,226,2026-09-21 08:05:00,PT5M,59.181,93.9115,77.4599,40.9021,24.4505
361,361,290,205,25,0.14,82.3,5.6,226,2026-09-21 08:10:00,PT5M,61.494,96.5415,79.9397,43.0483,26.4465
378,378,303,210,25,0.14,82.1,5.6,226,2026-09-21 08:15:00,PT5M,63.701,98.98,82.2686,45.1334,28.422
396,396,316,214,25,0.14,81.9,5.6,226,2026-09-21 08:20:00,PT5M,65.797,100.0,84.4393,47.1547,30.376
413,413,329,218,25,0.14,81.7,5.7,226,2026-09-21 08:25:00,PT5M,67.769,100.0,86.4245,49.1135,32.323
430,430,342,222,25,0.14,81.5,5.7,226,2026-09-21 08:30:00,PT5M,69.661,100.0,88.3033,51.0187,34.24
446,446,351,227,25,0.14,81.2,5.7,226,2026-09-21 08:35:00,PT5M,71.166,100.0,89.7928,52.5392,35.7745
461,461,356,232,25,0.14,80.8,5.7,226,2026-09-21 08:40:00,PT5M,72.296,100.0,90.9117,53.6803,36.9255
476,475,362,237,25,0.14,80.4,5.7,226,2026-09-21 08:45:00,PT5M,73.367,100.0,91.9927,54.7413,37.9775
490,489,366,242,25,0.14,79.9,5.7,227,2026-09-21 08:50:00,PT5M,74.385,100.0,92.9805,55.7895,39.053
504,503,371,247,25,0.14,79.5,5.7,227,2026-09-21 08:55:00,PT5M,75.359,100.0,93.8647,56.8533,40.1975
517,517,376,252,25,0.14,79.1,5.6,227,2026-09-21 09:00:00,PT5M,76.296,100.0,94.5762,58.0158,41.563
531,531,381,256,26,0.14,78.7,5.6,227,2026-09-21 09:05:00,PT5M,77.287,100.0,95.3391,59.2349,42.9875
545,544,386,260,26,0.14,78.3,5.6,228,2026-09-21 09:10:00,PT5M,78.232,100.0,96.0599,60.4041,44.3585
558,558,391,264,26,0.14,77.8,5.6,228,2026-09-21 09:15:00,PT5M,79.141,100.0,96.7486,61.5334,45.686
572,571,396,268,26,0.14,77.4,5.6,228,2026-09-21 09:20:00,PT5M,80.016,100.0,97.4073,62.6247,46.972
584,583,400,272,26,0.14,77.0,5.6,228,2026-09-21 09:25:00,PT5M,80.857,100.0,98.0359,63.6781,48.2165
597,596,405,276,26,0.14,76.6,5.5,229,2026-09-21 09:30:00,PT5M,81.665,100.0,98.636,64.694,49.4195
610,609,411,279,26,0.14,76.2,5.5,229,2026-09-21 09:35:00,PT5M,82.58,100.0,99.3287,65.8313,50.757
624,623,419,281,26,0.14,75.8,5.5,229,2026-09-21 09:40:00,PT5M,83.599,100.0,100.0,67.0885,52.2285
637,636,426,283,26,0.14,75.4,5.5,230,2026-09-21 09:45:00,PT5M,84.536,100.0,100.0,68.2557,53.603
650,648,433,285,26,0.14,75.0,5.5,230,2026-09-21 09:50:00,PT5M,85.43,100.0,100.0,69.3755,54.926
662,661,440,286,26,0.14,74.6,5.5,230,2026-09-21 09:55:00,PT5M,86.293,100.0,100.0,70.4604,56.2105
675,673,446,288,26,0.14,74.2,5.4,230,2026-09-21 10:00:00,PT5M,87.124,100.0,100.0,71.5072,57.4515
686,685,453,289,27,0.14,73.9,5.4,231,2026-09-21 10:05:00,PT5M,87.921,100.0,100.0,72.5139,58.647
698,696,460,290,27,0.14,73.5,5.4,231,2026-09-21 10:10:00,PT5M,88.687,100.0,100.0,73.4846,59.802
709,708,466,291,27,0.14,73.1,5.4,231,2026-09-21 10:15:00,PT5M,89.421,100.0,100.0,74.4186,60.916
720,719,473,292,27,0.14,72.7,5.4,232,2026-09-21 10:20:00,PT5M,90.124,100.0,100.0,75.3163,61.989
731,729,479,292,27,0.14,72.3,5.4,232,2026-09-21 10:25:00,PT5M,90.802,100.0,100.0,76.1851,63.0295
741,740,486,292,27,0.14,71.9,5.4,232,2026-09-21 10:30:00,PT5M,91.453,100.0,100.0,77.0227,64.035
749,747,487,295,27,0.14,71.6,5.3,232,2026-09-21 10:35:00,PT5M,91.763,100.0,100.0,77.4451,64.5585
753,751,483,299,27,0.14,71.2,5.3,233,2026-09-21 10:40:00,PT5M,91.74,100.0,100.0,77.4581,64.604
757,755,479,304,27,0.14,70.8,5.3,233,2026-09-21 10:45:00,PT5M,91.695,100.0,100.0,77.441,64.612
761,759,475,308,27,0.14,70.5,5.3,233,2026-09-21 10:50:00,PT5M,91.628,100.0,100.0,77.3919,64.579
764,762,470,312,27,0.14,70.1,5.3,234,2026-09-21 10:55:00,PT5M,91.535,100.0,100.0,77.3058,64.499
766,764,466,316,27,0.14,69.7,5.3,234,2026-09-21 11:00:00,PT5M,91.401,100.0,100.0,77.1512,64.326
769,767,462,320,28,0.14,69.4,5.3,234,2026-09-21 11:05:00,PT5M,91.272,100.0,100.0,77.0104,64.1745
770,768,458,323,28,0.14,69.0,5.2,235,2026-09-21 11:10:00,PT5M,91.141,100.0,100.0,76.8731,64.0315
772,770,454,326,28,0.14,68.6,5.2,235,2026-09-21 11:15:00,PT5M,90.984,100.0,100.0,76.6982,63.8405
773,771,450,330,28,0.14,68.3,5.2,235,2026-09-21 11:20:00,PT5M,90.796,100.0,100.0,76.476,63.5875
773,771,445,333,28,0.14,67.9,5.2,236,2026-09-21 11:25:00,PT5M,90.585,100.0,100.0,76.2226,63.296
773,771,441,335,28,0.14,67.6,5.2,236,2026-09-21 11:30:00,PT5M,90.35,100.0,100.0,75.9371,62.965
771,769,434,339,28,0.14,67.2,5.2,236,2026-09-21 11:35:00,PT5M,89.914,100.0,100.0,75.4198,62.3745
766,765,424,345,28,0.14,66.8,5.2,236,2026-09-21 11:40:00,PT5M,89.279,100.0,100.0,74.6708,61.523
762,760,413,349,28,0.14,66.4,5.2,236,2026-09-21 11:45:00,PT5M,88.618,100.0,100.0,73.8885,60.6315
756,755,403,354,28,0.14,66.0,5.2,236,2026-09-21 11:50:00,PT5M,87.93,100.0,100.0,73.0718,59.699
751,749,393,358,28,0.14,65.6,5.3,236,2026-09-21 11:55:00,PT5M,87.214,100.0,100.0,72.22,58.725
745,743,382,362,29,0.14,65.2,5.3,236,2026-09-21 12:00:00,PT5M,86.475,100.0,100.0,71.3376,57.7135
738,737,372,366,29,0.14,64.8,5.3,236,2026-09-21 12:05:00,PT5M,85.816,100.0,100.0,70.5281,56.7685
731,730,362,370,29,0.14,64.4,5.3,236,2026-09-21 12:10:00,PT5M,85.125,100.0,100.0,69.68,55.779
723,722,351,373,29,0.14,64.0,5.3,236,2026-09-21 12:15:00,PT5M,84.474,100.0,100.0,68.8661,54.8185
716,714,341,376,29,0.14,63.6,5.3,236,2026-09-21 12:20:00,PT5M,83.704,100.0,99.4806,67.9274,53.728
707,706,331,379,29,0.14,63.2,5.4,236,2026-09-21 12:25:00,PT5M,82.906,100.0,98.8565,66.9555,52.5995
699,698,320,381,29,0.14,62.8,5.4,236,2026-09-21 12:30:00,PT5M,82.078,100.0,98.2067,65.9493,51.433
692,691,314,382,29,0.14,62.4,5.4,236,2026-09-21 12:35:00,PT5M,81.449,100.0,97.7135,65.1845,50.546
687,686,310,382,29,0.14,62.0,5.4,236,2026-09-21 12:40:00,PT5M,81.018,100.0,97.3777,64.6583,49.934
681,680,306,381,29,0.14,61.7,5.4,236,2026-09-21 12:45:00,PT5M,80.556,100.0,97.0168,64.0952,49.28
675,674,303,380,30,0.14,61.3,5.4,236,2026-09-21 12:50:00,PT5M,80.049,100.0,96.624,63.474,48.556
669,668,299,379,30,0.14,60.9,5.5,236,2026-09-21 12:55:00,PT5M,79.511,100.0,96.2063,62.8157,47.7895
663,662,295,378,30,0.14,60.5,5.5,236,2026-09-21 13:00:00,PT5M,78.97,100.0,95.7781,62.1619,47.034
656,655,291,377,30,0.14,60.2,5.5,236,2026-09-21 13:05:00,PT5M,78.416,100.0,95.3334,61.4986,46.2725
648,648,286,376,30,0.14,59.8,5.5,236,2026-09-21 13:10:00,PT5M,77.792,100.0,94.8383,60.7457,45.4035
641,640,282,374,30,0.14,59.4,5.5,236,2026-09-21 13:15:00,PT5M,77.132,100.0,94.3138,59.9502,44.486
633,632,278,372,30,0.14,59.1,5.5,236,2026-09-21 13:20:00,PT5M,76.438,100.0,93.7603,59.1157,43.525
625,624,273,371,30,0.14,58.7,5.6,236,2026-09-21 13:25:00,PT5M,75.714,100.0,93.1806,58.2474,42.527
616,615,269,368,30,0.14,58.4,5.6,236,2026-09-21 13:30:00,PT5M,74.963,100.0,92.5764,57.3496,41.497
606,606,263,366,30,0.14,58.0,5.6,236,2026-09-21 13:35:00,PT5M,74.065,100.0,91.8587,56.2713,40.2565
595,595,255,365,31,0.14,57.7,5.6,236,2026-09-21 13:40:00,PT5M,73.022,100.0,91.0275,55.0165,38.811
584,584,248,363,31,0.14,57.3,5.6,236,2026-09-21 13:45:00,PT5M,71.951,100.0,90.1689,53.7331,37.3365
573,573,241,360,31,0.14,57.0,5.6,236,2026-09-21 13:50:00,PT5M,70.848,100.0,89.2798,52.4162,35.827
562,561,234,357,31,0.14,56.6,5.6,236,2026-09-21 13:55:00,PT5M,69.713,100.0,88.3595,51.0665,34.284
550,550,226,355,31,0.14,56.3,5.7,236,2026-09-21 14:00:00,PT5M,68.545,100.0,87.4076,49.6824,32.7055
538,538,219,351,31,0.14,56.0,5.7,236,2026-09-21 14:05:00,PT5M,67.342,100.0,86.4222,48.2618,31.089
526,526,212,348,31,0.14,55.6,5.7,236,2026-09-21 14:10:00,PT5M,66.106,100.0,85.4054,46.8066,29.4365
514,514,205,344,31,0.14,55.3,5.7,236,2026-09-21 14:15:00,PT5M,64.838,100.0,84.3566,45.3194,27.752
501,501,198,340,31,0.14,54.9,5.7,236,2026-09-21 14:20:00,PT5M,63.53,100.0,83.2686,43.7914,26.026
489,489,190,336,31,0.14,54.6,5.7,236,2026-09-21 14:25:00,PT5M,62.162,100.0,82.1222,42.2018,24.237
476,476,183,332,32,0.14,54.3,5.8,236,2026-09-21 14:30:00,PT5M,60.763,99.1075,80.944,40.582,22.4185
464,464,177,327,32,0.14,54.3,5.8,236,2026-09-21 14:35:00,PT5M,59.535,98.249,79.9105,39.1595,20.821
453,453,173,321,32,0.14,54.5,5.7,236,2026-09-21 14:40:00,PT5M,58.475,97.5115,79.0202,37.9298,19.4385
442,442,169,316,31,0.14,54.8,5.7,236,2026-09-21 14:45:00,PT5M,57.385,96.747,78.1015,36.6685,18.023
431,431,165,310,31,0.14,55.1,5.7,236,2026-09-21 14:50:00,PT5M,56.264,95.953,77.1526,35.3754,16.575
419,420,161,304,31,0.14,55.3,5.6,236,2026-09-21 14:55:00,PT5M,55.111,95.129,76.1728,34.0492,15.093
408,408,157,297,31,0.14,55.6,5.6,236,2026-09-21 15:00:00,PT5M,53.946,94.1595,75.1107,32.7813,13.7325
396,397,154,291,31,0.14,55.9,5.6,235,2026-09-21 15:05:00,PT5M,52.798,93.0265,73.9705,31.6255,12.5695
385,385,149,285,31,0.14,56.2,5.6,235,2026-09-21 15:10:00,PT5M,51.597,91.815,72.764,30.43,11.379
373,373,145,278,31,0.14,56.4,5.5,235,2026-09-21 15:15:00,PT5M,50.359,90.556,71.515,29.203,10.162
361,362,141,271,31,0.14,56.7,5.5,235,2026-09-21 15:20:00,PT5M,49.074,89.2385,70.2129,27.9351,8.9095
349,350,136,265,31,0.14,57.0,5.5,235,2026-09-21 15:25:00,PT5M,47.74,87.848,68.8491,26.6309,7.632
337,337,132,258,31,0.14,57.3,5.4,235,2026-09-21 15:30:00,PT5M,46.36,86.3785,67.422,25.298,6.3415
325,325,128,250,31,0.14,57.6,5.4,235,2026-09-21 15:35:00,PT5M,44.994,84.797,65.9426,24.0454,5.191
313,313,124,243,30,0.14,57.8,5.4,235,2026-09-21 15:40:00,PT5M,43.644,83.217,64.4716,22.8164,4.071
301,301,119,235,30,0.14,58.1,5.4,234,2026-09-21 15:45:00,PT5M,42.259,81.492,62.9076,21.6104,3.026
289,289,115,228,30,0.14,58.4,5.3,234,2026-09-21 15:50:00,PT5M,40.806,79.6155,61.2317,20.3803,1.9965
276,277,110,220,30,0.14,58.7,5.3,234,2026-09-21 15:55:00,PT5M,39.286,77.593,59.4472,19.1248,0.979
264,264,105,212,30,0.14,59.0,5.3,234,2026-09-21 16:00:00,PT5M,37.921,75.6555,57.7809,18.0611,0.1865
251,252,100,204,30,0.14,59.3,5.2,234,2026-09-21 16:05:00,PT5M,36.299,73.417,55.8345,16.7635,0.0
239,239,95,196,30,0.14,59.6,5.2,234,2026-09-21 16:10:00,PT5M,34.646,71.113,53.8388,15.4532,0.0
226,227,89,187,30,0.14,59.9,5.2,234,2026-09-21 16:15:00,PT5M,32.936,68.708,51.7631,14.1089,0.0
213,214,84,179,30,0.14,60.2,5.2,233,2026-09-21 16:20:00,PT5M,31.101,65.194,49.0444,13.1576,0.0
201,201,78,170,30,0.14,60.5,5.1,233,2026-09-21 16:25:00,PT5M,29.104,60.922,45.85,12.358,0.0
188,189,72,161,30,0.14,60.8,5.1,233,2026-09-21 16:30:00,PT5M,27.046,56.6535,42.6286,11.4634,0.0
176,176,66,152,30,0.14,61.1,5.1,233,2026-09-21 16:35:00,PT5M,25.005,52.436,39.4421,10.5679,0.0
163,164,60,143,29,0.14,61.4,5.1,233,2026-09-21 16:40:00,PT5M,22.989,48.2575,36.288,9.69,0.0
151,151,53,134,29,0.14,61.7,5.0,233,2026-09-21 16:45:00,PT5M,20.944,44.054,33.107,8.781,0.0
139,139,46,125,29,0.14,62.0,5.0,232,2026-09-21 16:50:00,PT5M,18.887,39.8565,29.9234,7.8506,0.0
126,127,38,116,29,0.14,62.3,5.0,232,2026-09-21 16:55:00,PT5M,16.85,35.707,26.7746,6.9254,0.0
114,114,29,107,29,0.14,62.6,4.9,232,2026-09-21 17:00:00,PT5M,14.849,31.6475,23.6902,6.0078,0.0
101,102,16,98,29,0.14,62.9,4.9,232,2026-09-21 17:05:00,PT5M,12.784,27.602,20.5828,4.9852,0.0
89,89,4,88,29,0.14,63.2,4.9,232,2026-09-21 17:10:00,PT5M,10.761,23.7305,17.5869,3.9351,0.0
77,77,0,77,29,0.14,63.6,4.9,232,2026-09-21 17:15:00,PT5M,9.075,20.229,14.9454,3.2046,0.0
65,66,0,66,29,0.14,63.9,4.8,231,2026-09-21 17:20:00,PT5M,7.675,17.0035,12.5847,2.7653,0.0
54,55,0,55,29,0.14,64.2,4.8,231,2026-09-21 17:25:00,PT5M,6.357,13.866,10.309,2.405,0.0
44,44,0,44,29,0.14,64.5,4.8,231,2026-09-21 17:30:00,PT5M,5.002,10.771,8.0383,1.9657,0.0
34,34,0,34,29,0.14,64.8,4.8,231,2026-09-21 17:35:00,PT5M,3.73,7.9335,5.9423,1.5177,0.0
25,25,0,25,28,0.14,65.1,4.8,231,2026-09-21 17:40:00,PT5M,2.62,5.5095,4.1408,1.0992,0.0
17,17,0,17,28,0.14,65.3,4.8,230,2026-09-21 17:45:00,PT5M,1.609,3.251,2.4732,0.7448,0.0
10,10,0,10,28,0.14,65.6,4.8,230,2026-09-21 17:50:00,PT5M,0.702,1.5105,1.1275,0.2765,0.0
5,5,0,5,28,0.14,65.9,4.8,230,2026-09-21 17:55:00,PT5M,0.0,0.1505,0.0792,0.0,0.0
0,0,0,0,28,0.14,66.1,4.8,230,2026-09-21 18:00:00,PT5M,0.0,0.0,0.0,0.0,0.0
0,0,0,0,28,0.14,66.4,4.8,229,2026-09-21 18:05:00,PT5M,0.0,0.0,0.0,0.0,0.0
0,0,0,0,28,0.14,66.7,4.8,229,2026-09-21 18:10:00,PT5M,0.0,0.0,0.0,0.0,0.0
0,0,0,0,28,0.14,66.9,4.7,229,2026-09-21 18:15:00,PT5M,0.0,0.0,0.0,0.0,0.0
0,0,0,0,28,0.14,67.2,4.7,229,2026-09-21 18:20:00,PT5M,0.0,0.0,0.0,0.0,0.0
0,0,0,0,28,0.14,67.5,4.7,228,2026-09-21 18:25:00,PT5M,0.0,0.0,0.0,0.0,0.0
0,0,0,0,28,0.14,67.8,4.7,228,2026-09-21 18:30:00,PT5M,0.0,0.0,0.0,0.0,0.0
0,0,0,0,28,0.14,68.0,4.7,228,2026-09-21 18:35:00,PT5M,0.0,0.0,0.0,0.0,0.0
0,0,0,0,28,0.14,68.3,4.7,228,2026-09-21 18:40:00,PT5M,0.0,0.0,0.0,0.0,0.0
0,0,0,0,28,0.14,68.6,4.7,228,2026-09-21 18:45:00,PT5M,0.0,0.0,0.0,0.0,0.0
0,0,0,0,28,0.14,68.9,4.7,227,2026-09-21 18:50:00,PT5M,0.0,0.0,0.0,0.0,0.0
0,0,0,0,27,0.14,69.2,4.7,227,2026-09-21 18:55:00,PT5M,0.0,0.0,0.0,0.0,0.0
0,0,0,0,27,0.14,69.4,4.7,227,2026-09-21 19:00:00,PT5M,0.0,0.0,0.0,0.0,0.0
0,0,0,0,27,0.14,69.7,4.7,227,2026-09-21 19:05:00,PT5M,0.0,0.0,0.0,0.0,0.0
0,0,0,0,27,0.14,70.0,4.7,226,2026-09-21 19:10:00,PT5M,0.0,0.0,0.0,0.0,0.0
0,0,0,0,27,0.14,70.3,4.7,226,2026-09-21 19:15:00,PT5M,0.0,0.0,0.0,0.0,0.0
0,0,0,0,27,0.14,70.6,4.7,226,2026-09-21 19:20:00,PT5M,0.0,0.0,0.0,0.0,0.0
0,0,0,0,27,0.14,70.9,4.7,226,2026-09-21 19:25:00,PT5M,0.0,0.0,0.0,0.0,0.0
0,0,0,0,27,0.14,71.2,4.7,225,2026-09-21 19:30:00,PT5M,0.0,0.0,0.0,0.0,0.0
0,0,0,0,27,0.14,71.5,4.7,225,2026-09-21 19:35:00,PT5M,0.0,0.0,0.0,0.0,0.0
0,0,0,0,27,0.14,71.8,4.7,225,2026-09-21 19:40:00,PT5M,0.0,0.0,0.0,0.0,0.0
0,0,0,0,27,0.14,72.1,4.7,225,2026-09-21 19:45:00,PT5M,0.0,0.0,0.0,0.0,0.0
0,0,0,0,27,0.14,72.3,4.7,224,2026-09-21 19:50:00,PT5M,0.0,0.0,0.0,0.0,0.0
0,0,0,0,27,0.14,72.6,4.7,224,2026-09-21 19:55:00,PT5M,0.0,0.0,0.0,0.0,0.0
0,0,0,0,27,0.14,72.9,4.7,224,2026-09-21 20:00:00,PT5M,0.0,0.0,0.0,0.0,0.0
0,0,0,0,27,0.14,73.2,4.7,224,2026-09-21 20:05:00,PT5M,0.0,0.0,0.0,0.0,0.0
0,0,0,0,27,0.14,73.5,4.7,224,2026-09-21 20:10:00,PT5M,0.0,0.0,0.0,0.0,0.0
0,0,0,0,26,0.14,73.8,4.7,223,2026-09-21 20:15:00,PT5M,0.0,0.0,0.0,0.0,0.0
0,0,0,0,26,0.14,74.2,4.7,223,2026-09-21 20:20:00,PT5M,0.0,0.0,0.0,0.0,0.0
0,0,0,0,26,0.14,74.5,4.7,223,2026-09-21 20:25:00,PT5M,0.0,0.0,0.0,0.0,0.0
0,0,0,0,26,0.14,74.8,4.7,223,2026-09-21 20:30:00,PT5M,0.0,0.0,0.0,0.0,0.0
0,0,0,0,26,0.14,75.0,4.7,222,2026-09-21 20:35:00,PT5M,0.0,0.0,0.0,0.0,0.0
0,0,0,0,26,0.14,75.1,4.7,222,2026-09-21 20:40:00,PT5M,0.0,0.0,0.0,0.0,0.0
0,0,0,0,26,0.14,75.2,4.7,222,2026-09-21 20:45:00,PT5M,0.0,0.0,0.0,0.0,0.0
0,0,0,0,26,0.14,75.4,4.7,223,2026-09-21 20:50:00,PT5M,0.0,0.0,0.0,0.0,0.0
0,0,0,0,26,0.14,75.5,4.7,223,2026-09-21 20:55:00,PT5M,0.0,0.0,0.0,0.0,0.0
0,0,0,0,26,0.14,75.6,4.7,223,2026-09-21 21:00:00,PT5M,0.0,0.0,0.0,0.0,0.0
0,0,0,0,26,0.14,75.7,4.7,223,2026-09-21 21:05:00,PT5M,0.0,0.0,0.0,0.0,0.0
0,0,0,0,26,0.14,75.9,4.7,223,2026-09-21 21:10:00,PT5M,0.0,0.0,0.0,0.0,0.0
0,0,0,0,26,0.14,76.0,4.7,223,2026-09-21 21:15:00,PT5M,0.0,0.0,0.0,0.0,0.0
0,0,0,0,26,0.14,76.1,4.7,223,2026-09-21 21:20:00,PT5M,0.0,0.0,0.0,0.0,0.0
0,0,0,0,26,0.14,76.2,4.7,223,2026-09-21 21:25:00,PT5M,0.0,0.0,0.0,0.0,0.0
0,0,0,0,26,0.14,76.4,4.7,223,2026-09-21 21:30:00,PT5M,0.0,0.0,0.0,0.0,0.0
0,0,0,0,26,0.14,76.5,4.7,223,2026-09-21 21:35:00,PT5M,0.0,0.0,0.0,0.0,0.0
0,0,0,0,26,0.14,76.6,4.7,223,2026-09-21 21:40:00,PT5M,0.0,0.0,0.0,0.0,0.0
0,0,0,0,26,0.14,76.7,4.7,223,2026-09-21 21:45:00,PT5M,0.0,0.0,0.0,0.0,0.0
0,0,0,0,26,0.14,76.9,4.7,223,2026-09-21 21:50:00,PT5M,0.0,0.0,0.0,0.0,0.0
0,0,0,0,26,0.14,77.0,4.7,223,2026-09-21 21:55:00,PT5M,0.0,0.0,0.0,0.0,0.0
0,0,0,0,26,0.14,77.1,4.7,223,2026-09-21 22:00:00,PT5M,0.0,0.0,0.0,0.0,0.0
0,0,0,0,26,0.14,77.3,4.7,223,2026-09-21 22:05:00,PT5M,0.0,0.0,0.0,0.0,0.0
0,0,0,0,26,0.14,77.4,4.7,223,2026-09-21 22:10:00,PT5M,0.0,0.0,0.0,0.0,0.0
0,0,0,0,26,0.14,77.5,4.7,223,2026-09-21 22:15:00,PT5M,0.0,0.0,0.0,0.0,0.0
0,0,0,0,26,0.14,77.6,4.7,223,2026-09-21 22:20:00,PT5M,0.0,0.0,0.0,0.0,0.0
0,0,0,0,26,0.14,77.8,4.7,223,2026-09-21 22:25:00,PT5M,0.0,0.0,0.0,0.0,0.0
0,0,0,0,26,0.14,77.9,4.7,223,2026-09-21 22:30:00,PT5M,0.0,0.0,0.0,0.0,0.0
0,0,0,0,26,0.14,78.0,4.7,223,2026-09-21 22:35:00,PT5M,0.0,0.0,0.0,0.0,0.0
0,0,0,0,26,0.14,78.2,4.7,223,2026-09-21 22:40:00,PT5M,0.0,0.0,0.0,0.0,0.0
0,0,0,0,26,0.14,78.3,4.7,223,2026-09-21 22:45:00,PT5M,0.0,0.0,0.0,0.0,0.0
0,0,0,0,26,0.14,78.4,4.7,223,2026-09-21 22:50:00,PT5M,0.0,0.0,0.0,0.0,0.0
0,0,0,0,26,0.14,78.6,4.7,223,2026-09-21 22:55:00,PT5M,0.0,0.0,0.0,0.0,0.0
0,0,0,0,26,0.14,78.7,4.7,223,2026-09-21 23:00:00,PT5M,0.0,0.0,0.0,0.0,0.0
0,0,0,0,26,0.14,78.8,4.7,223,2026-09-21 23:05:00,PT5M,0.0,0.0,0.0,0.0,0.0
0,0,0,0,26,0.14,79.0,4.7,223,2026-09-21 23:10:00,PT5M,0.0,0.0,0.0,0.0,0.0
0,0,0,0,26,0.14,79.1,4.7,223,2026-09-21 23:15:00,PT5M,0.0,0.0,0.0,0.0,0.0
0,0,0,0,26,0.14,79.2,4.7,223,2026-09-21 23:20:00,PT5M,0.0,0.0,0.0,0.0,0.0
0,0,0,0,26,0.14,79.4,4.7,223,2026-09-21 23:25:00,PT5M,0.0,0.0,0.0,0.0,0.0
0,0,0,0,26,0.14,79.5,4.7,223,2026-09-21 23:30:00,PT5M,0.0,0.0,0.0,0.0,0.0
0,0,0,0,26,0.14,79.6,4.7,223,2026-09-21 23:35:00,PT5M,0.0,0.0,0.0,0.0,0.0
0,0,0,0,26,0.14,79.6,4.7,223,2026-09-21 23:40:00,PT5M,0.0,0.0,0.0,0.0,0.0
0,0,0,0,26,0.14,79.6,4.7,223,2026-09-21 23:45:00,PT5M,0.0,0.0,0.0,0.0,0.0
0,0,0,0,26,0.14,79.6,4.7,223,2026-09-21 23:50:00,PT5M,0.0,0.0,0.0,0.0,0.0
0,0,0,0,26,0.14,79.6,4.8,224,2026-09-21 23:55:00,PT5M,0.0,0.0,0.0,0.0,0.0
0,0,0,0,26,0.14,79.6,4.8,224,2026-09-22 00:00:00,PT5M,0.0,0.0,0.0,0.0,0.0
0,0,0,0,26,0.14,79.6,4.8,224,2026-09-22 00:05:00,PT5M,0.0,0.0,0.0,0.0,0.0
0,0,0,0,26,0.14,79.6,4.8,224,2026-09-22 00:10:00,PT5M,0.0,0.0,0.0,0.0,0.0
0,0,0,0,26,0.14,79.7,4.8,224,2026-09-22 00:15:00,PT5M,0.0,0.0,0.0,0.0,0.0
0,0,0,0,26,0.14,79.7,4.9,224,2026-09-22 00:20:00,PT5M,0.0,0.0,0.0,0.0,0.0
0,0,0,0,26,0.14,79.7,4.9,224,2026-09-22 00:25:00,PT5M,0.0,0.0,0.0,0.0,0.0
0,0,0,0,26,0.14,79.7,4.9,224,2026-09-22 00:30:00,PT5M,0.0,0.0,0.0,0.0,0.0
0,0,0,0,26,0.14,79.7,4.9,224,2026-09-22 00:35:00,PT5M,0.0,0.0,0.0,0.0,0.0
0,0,0,0,26,0.14,79.7,4.9,224,2026-09-22 00:40:00,PT5M,0.0,0.0,0.0,0.0,0.0
0,0,0,0,26,0.14,79.7,5.0,224,2026-09-22 00:45:00,PT5M,0.0,0.0,0.0,0.0,0.0
0,0,0,0,26,0.14,79.7,5.0,224,2026-09-22 00:50:00,PT5M,0.0,0.0,0.0,0.0,0.0
0,0,0,0,26,0.14,79.8,5.0,224,2026-09-22 00:55:00,PT5M,0.0,0.0,0.0,0.0,0.0
0,0,0,0,26,0.14,79.8,5.0,224,2026-09-22 01:00:00,PT5M,0.0,0.0,0.0,0.0,0.0
0,0,0,0,26,0.14,79.8,5.0,224,2026-09-22 01:05:00,PT5M,0.0,0.0,0.0,0.0,0.0
0,0,0,0,26,0.14,79.8,5.1,224,2026-09-22 01:10:00,PT5M,0.0,0.0,0.0,0.0,0.0
0,0,0,0,26,0.14,79.8,5.1,224,2026-09-22 01:15:00,PT5M,0.0,0.0,0.0,0.0,0.0
0,0,0,0,26,0.14,79.8,5.1,224,2026-09-22 01:20:00,PT5M,0.0,0.0,0.0,0.0,0.0
0,0,0,0,26,0.14,79.8,5.1,224,2026-09-22 01:25:00,PT5M,0.0,0.0,0.0,0.0,0.0
0,0,0,0,26,0.14,79.8,5.1,224,2026-09-22 01:30:00,PT5M,0.0,0.0,0.0,0.0,0.0
0,0,0,0,26,0.14,79.9,5.1,224,2026-09-22 01:35:00,PT5M,0.0,0.0,0.0,0.0,0.0
0,0,0,0,26,0.14,79.9,5.2,225,2026-09-22 01:40:00,PT5M,0.0,0.0,0.0,0.0,0.0
0,0,0,0,26,0.14,79.9,5.2,225,2026-09-22 01:45:00,PT5M,0.0,0.0,0.0,0.0,0.0
0,0,0,0,25,0.14,79.9,5.2,225,2026-09-22 01:50:00,PT5M,0.0,0.0,0.0,0.0,0.0
0,0,0,0,25,0.14,79.9,5.2,225,2026-09-22 01:55:00,PT5M,0.0,0.0,0.0,0.0,0.0
0,0,0,0,25,0.14,79.9,5.2,225,2026-09-22 02:00:00,PT5M,0.0,0.0,0.0,0.0,0.0
0,0,0,0,25,0.14,79.9,5.3,225,2026-09-22 02:05:00,PT5M,0.0,0.0,0.0,0.0,0.0
0,0,0,0,25,0.14,80.0,5.3,225,2026-09-22 02:10:00,PT5M,0.0,0.0,0.0,0.0,0.0
0,0,0,0,25,0.14,80.0,5.3,225,2026-09-22 02:15:00,PT5M,0.0,0.0,0.0,0.0,0.0
0,0,0,0,25,0.14,80.0,5.3,225,2026-09-22 02:20:00,PT5M,0.0,0.0,0.0,0.0,0.0
0,0,0,0,25,0.14,80.0,5.3,225,2026-09-22 02:25:00,PT5M,0.0,0.0,0.0,0.0,0.0
0,0,0,0,25,0.14,80.0,5.4,225,2026-09-22 02:30:00,PT5M,0.0,0.0,0.0,0.0,0.0
0,0,0,0,25,0.14,80.0,5.4,225,2026-09-22 02:35:00,PT5M,0.0,0.0,0.0,0.0,0.0
0,0,0,0,25,0.14,80.0,5.4,225,2026-09-22 02:40:00,PT5M,0.0,0.0,0.0,0.0,0.0
0,0,0,0,25,0.14,80.0,5.4,225,2026-09-22 02:45:00,PT5M,0.0,0.0,0.0,0.0,0.0
0,0,0,0,25,0.14,80.0,5.4,225,2026-09-22 02:50:00,PT5M,0.0,0.0,0.0,0.0,0.0
0,0,0,0,25,0.14,79.9,5.4,226,2026-09-22 02:55:00,PT5M,0.0,0.0,0.0,0.0,0.0
0,0,0,0,25,0.14,79.9,5.4,226,2026-09-22 03:00:00,PT5M,0.0,0.0,0.0,0.0,0.0
0,0,0,0,25,0.14,79.9,5.3,226,2026-09-22 03:05:00,PT5M,0.0,0.0,0.0,0.0,0.0
0,0,0,0,25,0.14,79.9,5.3,226,2026-09-22 03:10:00,PT5M,0.0,0.0,0.0,0.0,0.0
0,0,0,0,25,0.14,79.9,5.3,226,2026-09-22 03:15:00,PT5M,0.0,0.0,0.0,0.0,0.0
0,0,0,0,25,0.14,79.9,5.3,226,2026-09-22 03:20:00,PT5M,0.0,0.0,0.0,0.0,0.0
0,0,0,0,25,0.14,79.9,5.3,226,2026-09-22 03:25:00,PT5M,0.0,0.0,0.0,0.0,0.0
0,0,0,0,25,0.14,79.9,5.3,226,2026-09-22 03:30:00,PT5M,0.0,0.0,0.0,0.0,0.0
0,0,0,0,25,0.14,79.8,5.3,227,2026-09-22 03:35:00,PT5M,0.0,0.0,0.0,0.0,0.0
0,0,0,0,25,0.14,79.8,5.3,227,2026-09-22 03:40:00,PT5M,0.0,0.0,0.0,0.0,0.0
0,0,0,0,25,0.14,79.8,5.3,227,2026-09-22 03:45:00,PT5M,0.0,0.0,0.0,0.0,0.0
0,0,0,0,25,0.14,79.8,5.3,227,2026-09-22 03:50:00,PT5M,0.0,0.0,0.0,0.0,0.0
0,0,0,0,25,0.14,79.8,5.3,227,2026-09-22 03:55:00,PT5M,0.0,0.0,0.0,0.0,0.0
0,0,0,0,25,0.14,79.8,5.3,227,2026-09-22 04:00:00,PT5M,0.0,0.0,0.0,0.0,0.0
0,0,0,0,25,0.14,79.8,5.3,227,2026-09-22 04:05:00,PT5M,0.0,0.0,0.0,0.0,0.0
0,0,0,0,25,0.14,79.7,5.3,227,2026-09-22 04:10:00,PT5M,0.0,0.0,0.0,0.0,0.0
0,0,0,0,25,0.14,79.7,5.3,228,2026-09-22 04:15:00,PT5M,0.0,0.0,0.0,0.0,0.0
0,0,0,0,25,0.14,79.7,5.3,228,2026-09-22 04:20:00,PT5M,0.0,0.0,0.0,0.0,0.0
0,0,0,0,25,0.14,79.7,5.3,228,2026-09-22 04:25:00,PT5M,0.0,0.0,0.0,0.0,0.0
0,0,0,0,25,0.14,79.7,5.3,228,2026-09-22 04:30:00,PT5M,0.0,0.0,0.0,0.0,0.0
0,0,0,0,25,0.14,79.7,5.3,228,2026-09-22 04:35:00,PT5M,0.0,0.0,0.0,0.0,0.0
0,0,0,0,25,0.14,79.7,5.3,228,2026-09-22 04:40:00,PT5M,0.0,0.0,0.0,0.0,0.0
0,0,0,0,25,0.14,79.7,5.3,228,2026-09-22 04:45:00,PT5M,0.0,0.0,0.0,0.0,0.0
0,0,0,0,25,0.14,79.6,5.3,229,2026-09-22 04:50:00,PT5M,0.0,0.0,0.0,0.0,0.0
0,0,0,0,25,0.14,79.6,5.3,229,2026-09-22 04:55:00,PT5M,0.0,0.0,0.0,0.0,0.0
0,0,0,0,25,0.14,79.6,5.3,229,2026-09-22 05:00:00,PT5M,0.0,0.0,0.0,0.0,0.0
0,0,0,0,25,0.14,79.6,5.3,229,2026-09-22 05:05:00,PT5M,0.0,0.0,0.0,0.0,0.0
0,0,0,0,25,0.14,79.6,5.3,229,2026-09-22 05:10:00,PT5M,0.0,0.0,0.0,0.0,0.0
0,0,0,0,25,0.14,79.6,5.3,229,2026-09-22 05:15:00,PT5M,0.0,0.0,0.0,0.0,0.0
0,0,0,0,25,0.14,79.6,5.3,229,2026-09-22 05:20:00,PT5M,0.0,0.0,0.0,0.0,0.0
0,0,0,0,25,0.14,79.5,5.3,229,2026-09-22 05:25:00,PT5M,0.0,0.0,0.0,0.0,0.0
0,0,0,0,25,0.14,79.5,5.3,230,2026-09-22 05:30:00,PT5M,0.0,0.0,0.0,0.0,0.0
0,0,0,0,25,0.14,79.3,5.3,230,2026-09-22 05:35:00,PT5M,0.0,0.0,0.0,0.0,0.0
0,0,0,0,26,0.14,79.0,5.3,230,2026-09-22 05:40:00,PT5M,0.0,0.0,0.0,0.0,0.0
0,0,0,0,26,0.14,78.6,5.3,230,2026-09-22 05:45:00,PT5M,0.0,0.0,0.0,0.0,0.0
0,0,0,0,26,0.14,78.3,5.4,230,2026-09-22 05:50:00,PT5M,0.0,0.0,0.0,0.0,0.0
0,0,0,0,26,0.14,78.0,5.4,230,2026-09-22 05:55:00,PT5M,0.0,0.0,0.0,0.0,0.0
1,1,0,1,26,0.14,77.6,5.4,230,2026-09-22 06:00:00,PT5M,0.0,0.0,0.0,0.0,0.0
4,4,0,4,26,0.14,77.3,5.4,230,2026-09-22 06:05:00,PT5M,0.0,0.1805,0.095,0.0,0.0
8,8,0,8,26,0.14,76.9,5.5,230,2026-09-22 06:10:00,PT5M,0.325,1.0715,0.7179,0.0,0.0
12,12,0,12,26,0.14,76.6,5.5,230,2026-09-22 06:15:00,PT5M,0.934,2.319,1.6629,0.2051,0.0
18,18,0,18,26,0.14,76.2,5.5,230,2026-09-22 06:20:00,PT5M,1.609,3.8365,2.7813,0.4367,0.0
24,24,0,24,26,0.14,75.9,5.6,230,2026-09-22 06:25:00,PT5M,2.356,5.663,4.0965,0.6155,0.0
30,30,0,30,26,0.14,75.6,5.6,230,2026-09-22 06:30:00,PT5M,3.258,7.882,5.6916,0.8244,0.0
38,39,0,39,27,0.14,75.2,5.6,230,2026-09-22 06:35:00,PT5M,4.307,10.517,7.5754,1.0386,0.0
48,48,0,48,27,0.14,74.9,5.7,230,2026-09-22 06:40:00,PT5M,5.486,13.3505,9.6251,1.3469,0.0
59,59,0,59,27,0.14,74.6,5.7,230,2026-09-22 06:45:00,PT5M,6.844,16.4785,11.9147,1.7733,0.0
71,71,0,71,27,0.14,74.3,5.7,230,2026-09-22 06:50:00,PT5M,8.418,19.953,14.489,2.347,0.0
84,84,0,84,27,0.14,73.9,5.7,230,2026-09-22 06:55:00,PT5M,10.003,23.487,17.0997,2.9063,0.0
98,98,0,98,27,0.14,73.6,5.8,230,2026-09-22 07:00:00,PT5M,11.716,27.255,19.8943,3.5377,0.0
112,113,0,113,27,0.14,73.3,5.8,230,2026-09-22 07:05:00,PT5M,13.488,30.9715,22.6897,4.2863,0.0
128,128,5,127,27,0.14,73.0,5.8,230,2026-09-22 07:10:00,PT5M,15.613,35.088,25.8628,5.3632,0.0
144,145,26,136,27,0.14,72.7,5.9,230,2026-09-22 07:15:00,PT5M,18.838,40.3305,30.1497,7.5263,0.0
162,162,48,145,27,0.14,72.3,5.9,230,2026-09-22 07:20:00,PT5M,22.253,45.7755,34.6331,9.8729,0.0
180,180,73,154,27,0.14,72.0,5.9,230,2026-09-22 07:25:00,PT5M,26.167,51.7215,39.6165,12.7175,0.6125
199,200,99,161,27,0.14,71.7,6.0,230,2026-09-22 07:30:00,PT5M,30.466,58.0605,44.9892,15.9428,2.8715
217,217,120,169,28,0.14,71.4,6.0,230,2026-09-22 07:35:00,PT5M,34.186,66.27,51.072,17.3,2.102
233,233,135,176,28,0.14,71.1,6.0,230,2026-09-22 07:40:00,PT5M,37.409,71.695,55.454,19.364,3.123
250,250,149,183,28,0.14,70.8,6.0,231,2026-09-22 07:45:00,PT5M,40.377,75.933,59.0904,21.6636,4.821
266,266,164,190,28,0.14,70.5,6.1,231,2026-09-22 07:50:00,PT5M,43.145,79.2575,62.1513,24.1387,7.0325
283,283,179,197,28,0.14,70.2,6.1,231,2026-09-22 07:55:00,PT5M,45.876,82.5055,65.1544,26.5976,9.2465
300,300,194,203,28,0.14,69.9,6.1,231,2026-09-22 08:00:00,PT5M,48.561,85.6435,68.0778,29.0442,11.4785
317,317,209,209,28,0.14,69.6,6.2,231,2026-09-22 08:05:00,PT5M,51.164,88.6175,70.876,31.452,13.7105
335,335,223,215,28,0.14,69.3,6.2,231,2026-09-22 08:10:00,PT5M,53.624,91.3565,73.4829,33.7651,15.8915
352,352,238,220,28,0.14,69.0,6.2,231,2026-09-22 08:15:00,PT5M,56.063,93.9865,76.0224,36.1036,18.1395
370,370,253,225,28,0.14,68.7,6.3,231,2026-09-22 08:20:00,PT5M,58.419,96.4425,78.431,38.407,20.3955
388,388,267,229,28,0.14,68.4,6.3,231,2026-09-22 08:25:00,PT5M,60.697,98.77,80.7351,40.6589,22.624
406,405,282,233,29,0.14,68.1,6.3,231,2026-09-22 08:30:00,PT5M,62.91,100.0,82.9131,42.9069,24.9035
422,422,293,238,29,0.14,67.7,6.3,231,2026-09-22 08:35:00,PT5M,64.694,100.0,84.6658,44.7222,26.747
437,436,300,243,29,0.14,67.2,6.4,231,2026-09-22 08:40:00,PT5M,66.056,100.0,86.0062,46.1058,28.15
452,451,307,248,29,0.14,66.7,6.4,231,2026-09-22 08:45:00,PT5M,67.361,100.0,87.2794,47.4426,29.5155
466,466,314,253,29,0.14,66.3,6.4,231,2026-09-22 08:50:00,PT5M,68.619,100.0,88.4966,48.7414,30.851
481,480,321,258,29,0.14,65.8,6.4,231,2026-09-22 08:55:00,PT5M,69.834,100.0,89.6621,50.0059,32.16
495,494,328,263,29,0.14,65.4,6.4,231,2026-09-22 09:00:00,PT5M,71.008,100.0,90.6464,51.3696,33.6945
510,509,336,266,29,0.14,64.9,6.5,232,2026-09-22 09:05:00,PT5M,72.265,100.0,91.6839,52.8461,35.3685
524,523,344,270,29,0.14,64.5,6.5,232,2026-09-22 09:10:00,PT5M,73.501,100.0,92.7004,54.3016,37.0215
538,537,352,273,29,0.14,64.0,6.5,232,2026-09-22 09:15:00,PT5M,74.696,100.0,93.6778,55.7142,38.63
553,552,360,276,29,0.14,63.6,6.5,232,2026-09-22 09:20:00,PT5M,75.879,100.0,94.6447,57.1133,40.2235
567,566,368,279,30,0.14,63.1,6.5,232,2026-09-22 09:25:00,PT5M,77.003,100.0,95.5548,58.4512,41.754
581,579,376,282,30,0.14,62.7,6.6,232,2026-09-22 09:30:00,PT5M,78.09,100.0,96.43,59.75,43.2435
594,593,384,284,30,0.14,62.3,6.6,232,2026-09-22 09:35:00,PT5M,79.141,100.0,97.2623,61.0197,44.71
607,606,392,286,30,0.14,61.8,6.6,232,2026-09-22 09:40:00,PT5M,80.157,100.0,98.0528,62.2612,46.1545
620,619,399,288,30,0.14,61.4,6.6,232,2026-09-22 09:45:00,PT5M,81.093,100.0,98.7685,63.4175,47.509
633,631,406,290,30,0.14,61.0,6.7,233,2026-09-22 09:50:00,PT5M,81.986,100.0,99.4447,64.5273,48.814
645,643,413,292,30,0.14,60.5,6.7,233,2026-09-22 09:55:00,PT5M,82.849,100.0,100.0,65.6048,50.0845
657,655,419,293,30,0.14,60.1,6.7,233,2026-09-22 10:00:00,PT5M,83.678,100.0,100.0,66.6435,51.312
669,667,426,295,30,0.14,59.7,6.7,233,2026-09-22 10:05:00,PT5M,84.465,100.0,100.0,67.6353,52.488
680,678,432,296,30,0.14,59.3,6.7,233,2026-09-22 10:10:00,PT5M,85.211,100.0,100.0,68.5818,53.615
691,689,438,297,31,0.14,58.9,6.8,233,2026-09-22 10:15:00,PT5M,85.927,100.0,100.0,69.4946,54.705
701,699,444,298,31,0.14,58.5,6.8,233,2026-09-22 10:20:00,PT5M,86.614,100.0,100.0,70.3751,55.7595
712,710,450,299,31,0.14,58.1,6.8,233,2026-09-22 10:25:00,PT5M,87.276,100.0,100.0,71.2273,56.783
722,720,456,300,31,0.14,57.7,6.8,233,2026-09-22 10:30:00,PT5M,87.911,100.0,100.0,72.0497,57.774
733,730,464,299,31,0.14,57.3,6.9,234,2026-09-22 10:35:00,PT5M,88.642,100.0,100.0,72.9649,58.855
744,742,474,298,31,0.14,56.9,6.9,234,2026-09-22 10:40:00,PT5M,89.464,100.0,100.0,73.9679,60.021
755,753,484,296,31,0.14,56.5,6.9,234,2026-09-22 10:45:00,PT5M,90.254,100.0,100.0,74.9343,61.146
766,763,494,294,31,0.14,56.1,6.9,234,2026-09-22 10:50:00,PT5M,91.01,100.0,100.0,75.8605,62.2255
776,774,504,291,31,0.14,55.7,6.9,234,2026-09-22 10:55:00,PT5M,91.733,100.0,100.0,76.7459,63.257
786,784,514,289,31,0.14,55.4,7.0,234,2026-09-22 11:00:00,PT5M,92.408,100.0,100.0,77.5596,64.1955
796,793,525,286,32,0.14,55.0,7.0,234,2026-09-22 11:05:00,PT5M,93.005,100.0,100.0,78.3063,65.077
805,802,535,283,32,0.14,54.6,7.0,234,2026-09-22 11:10:00,PT5M,93.652,100.0,100.0,79.1086,66.019
814,811,545,279,32,0.14,54.2,7.0,234,2026-09-22 11:15:00,PT5M,94.27,100.0,100.0,79.8718,66.913
823,820,555,276,32,0.14,53.9,7.0,234,2026-09-22 11:20:00,PT5M,94.858,100.0,100.0,80.5914,67.751
831,828,565,272,32,0.14,53.5,7.1,235,2026-09-22 11:25:00,PT5M,95.421,100.0,100.0,81.2794,68.5515
839,836,576,268,32,0.14,53.1,7.1,235,2026-09-22 11:30:00,PT5M,95.96,100.0,100.0,81.9365,69.315
841,838,575,269,32,0.14,53.0,7.1,235,2026-09-22 11:35:00,PT5M,95.968,100.0,100.0,81.9738,69.3785
838,835,565,274,32,0.14,53.0,7.1,235,2026-09-22 11:40:00,PT5M,95.45,100.0,100.0,81.3937,68.7425
834,831,555,280,32,0.14,53.1,7.1,234,2026-09-22 11:45:00,PT5M,94.91,100.0,100.0,80.7839,68.07
829,826,544,285,32,0.14,53.2,7.1,234,2026-09-22 11:50:00,PT5M,94.348,100.0,100.0,80.144,67.36
825,822,534,291,32,0.14,53.2,7.1,234,2026-09-22 11:55:00,PT5M,93.762,100.0,100.0,79.472,66.6105
819,816,523,296,32,0.14,53.3,7.1,234,2026-09-22 12:00:00,PT5M,93.213,100.0,100.0,78.829,65.883
813,810,512,301,32,0.14,53.4,7.1,234,2026-09-22 12:05:00,PT5M,92.678,100.0,100.0,78.1911,65.1525
807,804,500,307,32,0.14,53.4,7.1,234,2026-09-22 12:10:00,PT5M,92.108,100.0,100.0,77.5101,64.3715
799,797,489,312,32,0.14,53.5,7.1,234,2026-09-22 12:15:00,PT5M,91.51,100.0,100.0,76.7937,63.5485
792,789,477,316,32,0.14,53.6,7.2,233,2026-09-22 12:20:00,PT5M,90.885,100.0,100.0,76.0437,62.686
784,781,466,321,32,0.14,53.6,7.2,233,2026-09-22 12:25:00,PT5M,90.232,100.0,100.0,75.2594,61.7835
776,773,454,325,32,0.14,53.7,7.2,233,2026-09-22 12:30:00,PT5M,89.552,100.0,100.0,74.442,60.8425
768,766,445,328,32,0.14,53.8,7.2,233,2026-09-22 12:35:00,PT5M,88.96,100.0,100.0,73.7318,60.026
761,759,438,330,32,0.14,53.8,7.2,233,2026-09-22 12:40:00,PT5M,88.457,100.0,100.0,73.1278,59.331
754,752,430,332,32,0.14,53.9,7.2,233,2026-09-22 12:45:00,PT5M,87.924,100.0,100.0,72.4871,58.5935
746,744,423,334,32,0.14,54.0,7.2,233,2026-09-22 12:50:00,PT5M,87.353,100.0,100.0,71.7938,57.79
738,736,415,335,32,0.14,54.0,7.2,233,2026-09-22 12:55:00,PT5M,86.753,100.0,100.0,71.0659,56.947
730,728,408,336,32,0.14,54.1,7.2,232,2026-09-22 13:00:00,PT5M,86.139,100.0,100.0,70.3322,56.1055
721,719,400,337,32,0.14,54.2,7.2,232,2026-09-22 13:05:00,PT5M,85.514,100.0,100.0,69.5906,55.259
712,710,393,337,32,0.14,54.2,7.2,232,2026-09-22 13:10:00,PT5M,84.846,100.0,100.0,68.7871,54.3335
703,701,386,338,32,0.14,54.3,7.2,232,2026-09-22 13:15:00,PT5M,84.142,100.0,100.0,67.9399,53.3575
693,691,379,337,32,0.14,54.4,7.2,232,2026-09-22 13:20:00,PT5M,83.405,100.0,99.7558,67.0542,52.338
683,682,372,337,32,0.14,54.4,7.2,232,2026-09-22 13:25:00,PT5M,82.636,100.0,99.1394,66.1326,51.279
673,671,365,336,32,0.14,54.5,7.2,232,2026-09-22 13:30:00,PT5M,81.837,100.0,98.4967,65.1773,50.183
661,660,356,336,32,0.14,54.6,7.2,231,2026-09-22 13:35:00,PT5M,80.885,100.0,97.7145,64.0555,48.9085
649,647,346,336,32,0.14,54.6,7.2,231,2026-09-22 13:40:00,PT5M,79.72,100.0,96.7326,62.7074,47.3955
636,635,335,336,31,0.14,54.7,7.3,231,2026-09-22 13:45:00,PT5M,78.589,100.0,95.7874,61.3906,45.9115
623,622,325,335,31,0.14,54.8,7.3,231,2026-09-22 13:50:00,PT5M,77.423,100.0,94.8103,60.0357,44.3865
610,609,315,334,31,0.14,54.9,7.3,231,2026-09-22 13:55:00,PT5M,76.223,100.0,93.8024,58.6436,42.8215
596,595,305,333,31,0.14,54.9,7.3,231,2026-09-22 14:00:00,PT5M,74.988,100.0,92.7627,57.2133,41.2155
583,582,295,331,31,0.14,55.0,7.3,231,2026-09-22 14:05:00,PT5M,73.714,100.0,91.6884,55.7396,39.562
569,568,285,329,31,0.14,55.1,7.3,231,2026-09-22 14:10:00,PT5M,72.404,100.0,90.5813,54.2267,37.8665
555,554,275,327,31,0.14,55.1,7.3,230,2026-09-22 14:15:00,PT5M,71.061,100.0,89.4433,52.6787,36.134
541,540,265,324,31,0.14,55.2,7.3,230,2026-09-22 14:20:00,PT5M,69.66,100.0,88.2513,51.0687,34.336
526,526,255,321,31,0.14,55.3,7.3,230,2026-09-22 14:25:00,PT5M,68.198,100.0,87.0016,49.3944,32.4705
512,511,245,318,31,0.14,55.3,7.3,230,2026-09-22 14:30:00,PT5M,66.702,100.0,85.7196,47.6844,30.568
498,498,237,314,31,0.14,55.5,7.3,230,2026-09-22 14:35:00,PT5M,65.367,100.0,84.5909,46.1431,28.841
486,486,231,310,31,0.14,55.8,7.3,230,2026-09-22 14:40:00,PT5M,64.197,100.0,83.6196,44.7744,27.2935
473,473,225,305,31,0.14,56.1,7.3,229,2026-09-22 14:45:00,PT5M,62.992,100.0,82.6151,43.3689,25.7075
461,460,219,300,31,0.14,56.4,7.2,229,2026-09-22 14:50:00,PT5M,61.754,99.422,81.5789,41.9291,24.086
448,447,213,294,31,0.14,56.7,7.2,229,2026-09-22 14:55:00,PT5M,60.513,98.567,80.5411,40.4849,22.459
435,434,208,289,31,0.14,57.0,7.2,229,2026-09-22 15:00:00,PT5M,59.242,97.551,79.4043,39.0797,20.933
422,422,202,283,31,0.14,57.4,7.2,229,2026-09-22 15:05:00,PT5M,57.961,96.331,78.1554,37.7666,19.591
409,409,195,278,31,0.14,57.7,7.1,228,2026-09-22 15:10:00,PT5M,56.603,95.0005,76.8119,36.3941,18.2055
395,395,189,272,30,0.14,58.0,7.1,228,2026-09-22 15:15:00,PT5M,55.201,93.605,75.4133,34.9887,16.797
382,382,182,266,30,0.14,58.3,7.1,228,2026-09-22 15:20:00,PT5M,53.744,92.1335,73.9487,33.5393,15.3545
369,369,175,260,30,0.14,58.6,7.1,228,2026-09-22 15:25:00,PT5M,52.231,90.5785,72.4136,32.0484,13.8835
355,355,168,253,30,0.14,58.9,7.0,227,2026-09-22 15:30:00,PT5M,50.663,88.87,70.7716,30.5544,12.456
341,341,161,247,30,0.14,59.3,7.0,227,2026-09-22 15:35:00,PT5M,49.038,87.1125,69.0769,28.9991,10.9635
328,328,154,240,30,0.14,59.6,7.0,227,2026-09-22 15:40:00,PT5M,47.357,85.2265,67.288,27.426,9.4875
314,314,146,233,30,0.14,59.9,7.0,227,2026-09-22 15:45:00,PT5M,45.62,83.1785,65.3873,25.8527,8.0615
300,300,139,226,30,0.14,60.2,7.0,226,2026-09-22 15:50:00,PT5M,43.806,80.9655,63.3633,24.2487,6.6465
286,286,130,219,30,0.14,60.6,6.9,226,2026-09-22 15:55:00,PT5M,41.919,78.597,61.2229,22.6151,5.241
272,272,122,211,30,0.14,60.9,6.9,226,2026-09-22 16:00:00,PT5M,39.961,76.0835,58.9725,20.9495,3.8385
258,258,114,204,30,0.14,61.2,6.9,226,2026-09-22 16:05:00,PT5M,37.995,73.5275,56.696,19.294,2.4625
244,244,107,195,30,0.14,61.6,6.9,226,2026-09-22 16:10:00,PT5M,36.028,70.9465,54.4059,17.6501,1.1095
230,231,99,187,29,0.14,61.9,6.8,225,2026-09-22 16:15:00,PT5M,34.235,68.495,52.2663,16.2037,0.0
216,217,91,179,29,0.14,62.2,6.8,225,2026-09-22 16:20:00,PT5M,32.044,64.542,49.1479,14.9401,0.0
203,203,83,170,29,0.14,62.6,6.8,225,2026-09-22 16:25:00,PT5M,29.722,60.0535,45.6857,13.7583,0.0
189,190,75,161,29,0.14,62.9,6.8,225,2026-09-22 16:30:00,PT5M,27.38,55.5915,42.2279,12.5321,0.0
176,176,66,153,29,0.14,63.3,6.8,224,2026-09-22 16:35:00,PT5M,25.046,51.151,38.7852,11.3068,0.0
163,163,57,144,29,0.14,63.6,6.7,224,2026-09-22 16:40:00,PT5M,22.736,46.7385,35.3687,10.1033,0.0
149,150,47,135,29,0.14,64.0,6.7,224,2026-09-22 16:45:00,PT5M,20.439,42.3465,31.9691,8.9089,0.0
136,137,38,125,29,0.14,64.3,6.7,224,2026-09-22 16:50:00,PT5M,18.181,38.0115,28.6179,7.7441,0.0
123,124,27,116,29,0.14,64.7,6.7,223,2026-09-22 16:55:00,PT5M,15.989,33.7365,25.3296,6.6484,0.0
111,111,16,107,29,0.14,65.0,6.6,223,2026-09-22 17:00:00,PT5M,13.926,29.6915,22.2235,5.6285,0.0
97,98,1,97,29,0.14,65.4,6.6,223,2026-09-22 17:05:00,PT5M,11.718,25.603,19.0258,4.4102,0.0
85,85,0,85,28,0.14,65.8,6.6,222,2026-09-22 17:10:00,PT5M,10.122,22.2095,16.4837,3.7603,0.0
73,73,0,73,28,0.14,66.1,6.6,222,2026-09-22 17:15:00,PT5M,8.558,18.8795,13.9903,3.1257,0.0
61,61,0,61,28,0.14,66.5,6.6,222,2026-09-22 17:20:00,PT5M,7.164,15.716,11.665,2.663,0.0
50,51,0,51,28,0.14,66.8,6.5,222,2026-09-22 17:25:00,PT5M,5.854,12.661,9.4366,2.2714,0.0
40,40,0,40,28,0.14,67.2,6.5,221,2026-09-22 17:30:00,PT5M,4.528,9.6905,7.2451,1.8109,0.0
31,31,0,31,28,0.14,67.5,6.5,221,2026-09-22 17:35:00,PT5M,3.333,7.0455,5.2869,1.3791,0.0
23,23,0,23,28,0.14,67.6,6.5,221,2026-09-22 17:40:00,PT5M,2.301,4.777,3.6041,0.9979,0.0
15,15,0,15,28,0.14,67.8,6.4,222,2026-09-22 17:45:00,PT5M,1.365,2.7925,2.1163,0.6137,0.0
9,9,0,9,28,0.14,67.9,6.4,222,2026-09-22 17:50:00,PT5M,0.527,1.234,0.8991,0.1549,0.0
4,4,0,4,28,0.14,68.0,6.4,222,2026-09-22 17:55:00,PT5M,0.0,0.083,0.0437,0.0,0.0
0,0,0,0,28,0.14,68.2,6.4,222,2026-09-22 18:00:00,PT5M,0.0,0.0,0.0,0.0,0.0
0,0,0,0,28,0.14,68.3,6.3,222,2026-09-22 18:05:00,PT5M,0.0,0.0,0.0,0.0,0.0
0,0,0,0,28,0.14,68.5,6.3,222,2026-09-22 18:10:00,PT5M,0.0,0.0,0.0,0.0,0.0
0,0,0,0,28,0.14,68.6,6.3,222,2026-09-22 18:15:00,PT5M,0.0,0.0,0.0,0.0,0.0
0,0,0,0,28,0.14,68.8,6.2,222,2026-09-22 18:20:00,PT5M,0.0,0.0,0.0,0.0,0.0
0,0,0,0,28,0.14,68.9,6.2,222,2026-09-22 18:25:00,PT5M,0.0,0.0,0.0,0.0,0.0
0,0,0,0,28,0.14,69.1,6.2,223,2026-09-22 18:30:00,PT5M,0.0,0.0,0.0,0.0,0.0
0,0,0,0,28,0.14,69.2,6.1,223,2026-09-22 18:35:00,PT5M,0.0,0.0,0.0,0.0,0.0
0,0,0,0,28,0.14,69.4,6.1,223,2026-09-22 18:40:00,PT5M,0.0,0.0,0.0,0.0,0.0
0,0,0,0,28,0.14,69.5,6.1,223,2026-09-22 18:45:00,PT5M,0.0,0.0,0.0,0.0,0.0
0,0,0,0,28,0.14,69.7,6.1,223,2026-09-22 18:50:00,PT5M,0.0,0.0,0.0,0.0,0.0
0,0,0,0,27,0.14,69.8,6.0,223,2026-09-22 18:55:00,PT5M,0.0,0.0,0.0,0.0,0.0
0,0,0,0,27,0.14,70.0,6.0,223,2026-09-22 19:00:00,PT5M,0.0,0.0,0.0,0.0,0.0
0,0,0,0,27,0.14,70.1,6.0,223,2026-09-22 19:05:00,PT5M,0.0,0.0,0.0,0.0,0.0
0,0,0,0,27,0.14,70.2,5.9,223,2026-09-22 19:10:00,PT5M,0.0,0.0,0.0,0.0,0.0
0,0,0,0,27,0.14,70.4,5.9,224,2026-09-22 19:15:00,PT5M,0.0,0.0,0.0,0.0,0.0
0,0,0,0,27,0.14,70.5,5.9,224,2026-09-22 19:20:00,PT5M,0.0,0.0,0.0,0.0,0.0
0,0,0,0,27,0.14,70.7,5.8,224,2026-09-22 19:25:00,PT5M,0.0,0.0,0.0,0.0,0.0
0,0,0,0,27,0.14,70.8,5.8,224,2026-09-22 19:30:00,PT5M,0.0,0.0,0.0,0.0,0.0
0,0,0,0,27,0.14,71.0,5.8,224,2026-09-22 19:35:00,PT5M,0.0,0.0,0.0,0.0,0.0
0,0,0,0,27,0.14,71.1,5.8,224,2026-09-22 19:40:00,PT5M,0.0,0.0,0.0,0.0,0.0
0,0,0,0,27,0.14,71.3,5.7,224,2026-09-22 19:45:00,PT5M,0.0,0.0,0.0,0.0,0.0
0,0,0,0,27,0.14,71.5,5.7,225,2026-09-22 19:50:00,PT5M,0.0,0.0,0.0,0.0,0.0
0,0,0,0,27,0.14,71.6,5.7,225,2026-09-22 19:55:00,PT5M,0.0,0.0,0.0,0.0,0.0
0,0,0,0,27,0.14,71.8,5.6,225,2026-09-22 20:00:00,PT5M,0.0,0.0,0.0,0.0,0.0
0,0,0,0,27,0.14,71.9,5.6,225,2026-09-22 20:05:00,PT5M,0.0,0.0,0.0,0.0,0.0
0,0,0,0,27,0.14,72.1,5.6,225,2026-09-22 20:10:00,PT5M,0.0,0.0,0.0,0.0,0.0
0,0,0,0,27,0.14,72.2,5.5,225,2026-09-22 20:15:00,PT5M,0.0,0.0,0.0,0.0,0.0
0,0,0,0,27,0.14,72.4,5.5,225,2026-09-22 20:20:00,PT5M,0.0,0.0,0.0,0.0,0.0
0,0,0,0,27,0.14,72.5,5.5,226,2026-09-22 20:25:00,PT5M,0.0,0.0,0.0,0.0,0.0
0,0,0,0,27,0.14,72.7,5.5,226,2026-09-22 20:30:00,PT5M,0.0,0.0,0.0,0.0,0.0
0,0,0,0,27,0.14,72.8,5.4,226,2026-09-22 20:35:00,PT5M,0.0,0.0,0.0,0.0,0.0
0,0,0,0,27,0.14,73.0,5.4,226,2026-09-22 20:40:00,PT5M,0.0,0.0,0.0,0.0,0.0
0,0,0,0,27,0.14,73.1,5.4,226,2026-09-22 20:45:00,PT5M,0.0,0.0,0.0,0.0,0.0
0,0,0,0,27,0.14,73.2,5.3,226,2026-09-22 20:50:00,PT5M,0.0,0.0,0.0,0.0,0.0
0,0,0,0,27,0.14,73.3,5.3,226,2026-09-22 20:55:00,PT5M,0.0,0.0,0.0,0.0,0.0
0,0,0,0,27,0.14,73.5,5.3,226,2026-09-22 21:00:00,PT5M,0.0,0.0,0.0,0.0,0.0
0,0,0,0,27,0.14,73.6,5.3,226,2026-09-22 21:05:00,PT5M,0.0,0.0,0.0,0.0,0.0
0,0,0,0,27,0.14,73.7,5.2,226,2026-09-22 21:10:00,PT5M,0.0,0.0,0.0,0.0,0.0
0,0,0,0,27,0.14,73.9,5.2,226,2026-09-22 21:15:00,PT5M,0.0,0.0,0.0,0.0,0.0
0,0,0,0,27,0.14,74.0,5.2,226,2026-09-22 21:20:00,PT5M,0.0,0.0,0.0,0.0,0.0
0,0,0,0,27,0.14,74.1,5.2,226,2026-09-22 21:25:00,PT5M,0.0,0.0,0.0,0.0,0.0
0,0,0,0,26,0.14,74.3,5.1,226,2026-09-22 21:30:00,PT5M,0.0,0.0,0.0,0.0,0.0
0,0,0,0,26,0.14,74.4,5.1,226,2026-09-22 21:35:00,PT5M,0.0,0.0,0.0,0.0,0.0
0,0,0,0,26,0.14,74.5,5.1,226,2026-09-22 21:40:00,PT5M,0.0,0.0,0.0,0.0,0.0
0,0,0,0,26,0.14,74.7,5.0,226,2026-09-22 21:45:00,PT5M,0.0,0.0,0.0,0.0,0.0
0,0,0,0,26,0.14,74.8,5.0,226,2026-09-22 21:50:00,PT5M,0.0,0.0,0.0,0.0,0.0
0,0,0,0,26,0.14,75.0,5.0,226,2026-09-22 21:55:00,PT5M,0.0,0.0,0.0,0.0,0.0
0,0,0,0,26,0.14,75.1,5.0,226,2026-09-22 22:00:00,PT5M,0.0,0.0,0.0,0.0,0.0
0,0,0,0,26,0.14,75.2,4.9,226,2026-09-22 22:05:00,PT5M,0.0,0.0,0.0,0.0,0.0
0,0,0,0,26,0.14,75.4,4.9,226,2026-09-22 22:10:00,PT5M,0.0,0.0,0.0,0.0,0.0
0,0,0,0,26,0.14,75.5,4.9,226,2026-09-22 22:15:00,PT5M,0.0,0.0,0.0,0.0,0.0
0,0,0,0,26,0.14,75.6,4.9,226,2026-09-22 22:20:00,PT5M,0.0,0.0,0.0,0.0,0.0
0,0,0,0,26,0.14,75.8,4.8,226,2026-09-22 22:25:00,PT5M,0.0,0.0,0.0,0.0,0.0
0,0,0,0,26,0.14,75.9,4.8,226,2026-09-22 22:30:00,PT5M,0.0,0.0,0.0,0.0,0.0
0,0,0,0,26,0.14,76.0,4.8,226,2026-09-22 22:35:00,PT5M,0.0,0.0,0.0,0.0,0.0
0,0,0,0,26,0.14,76.2,4.7,226,2026-09-22 22:40:00,PT5M,0.0,0.0,0.0,0.0,0.0
0,0,0,0,26,0.14,76.3,4.7,226,2026-09-22 22:45:00,PT5M,0.0,0.0,0.0,0.0,0.0
0,0,0,0,26,0.14,76.5,4.7,226,2026-09-22 22:50:00,PT5M,0.0,0.0,0.0,0.0,0.0
0,0,0,0,26,0.14,76.6,4.7,226,2026-09-22 22:55:00,PT5M,0.0,0.0,0.0,0.0,0.0
0,0,0,0,26,0.14,76.7,4.6,226,2026-09-22 23:00:00,PT5M,0.0,0.0,0.0,0.0,0.0
0,0,0,0,26,0.14,76.9,4.6,226,2026-09-22 23:05:00,PT5M,0.0,0.0,0.0,0.0,0.0
0,0,0,0,26,0.14,77.0,4.6,226,2026-09-22 23:10:00,PT5M,0.0,0.0,0.0,0.0,0.0
0,0,0,0,26,0.14,77.2,4.6,226,2026-09-22 23:15:00,PT5M,0.0,0.0,0.0,0.0,0.0
0,0,0,0,26,0.14,77.3,4.5,226,2026-09-22 23:20:00,PT5M,0.0,0.0,0.0,0.0,0.0
0,0,0,0,26,0.14,77.4,4.5,226,2026-09-22 23:25:00,PT5M,0.0,0.0,0.0,0.0,0.0
0,0,0,0,26,0.14,77.6,4.5,226,2026-09-22 23:30:00,PT5M,0.0,0.0,0.0,0.0,0.0
0,0,0,0,26,0.14,77.7,4.4,226,2026-09-22 23:35:00,PT5M,0.0,0.0,0.0,0.0,0.0
0,0,0,0,26,0.14,77.7,4.4,226,2026-09-22 23:40:00,PT5M,0.0,0.0,0.0,0.0,0.0
0,0,0,0,26,0.14,77.8,4.4,226,2026-09-22 23:45:00,PT5M,0.0,0.0,0.0,0.0,0.0
0,0,0,0,26,0.14,77.9,4.4,226,2026-09-22 23:50:00,PT5M,0.0,0.0,0.0,0.0,0.0
0,0,0,0,26,0.14,77.9,4.4,226,2026-09-22 23:55:00,PT5M,0.0,0.0,0.0,0.0,0.0
0,0,0,0,26,0.14,78.0,4.3,226,2026-09-23 00:00:00,PT5M,0.0,0.0,0.0,0.0,0.0
0,0,0,0,26,0.14,78.1,4.3,226,2026-09-23 00:05:00,PT5M,0.0,0.0,0.0,0.0,0.0
0,0,0,0,26,0.14,78.1,4.3,226,2026-09-23 00:10:00,PT5M,0.0,0.0,0.0,0.0,0.0
0,0,0,0,26,0.14,78.2,4.3,226,2026-09-23 00:15:00,PT5M,0.0,0.0,0.0,0.0,0.0
0,0,0,0,26,0.14,78.3,4.3,226,2026-09-23 00:20:00,PT5M,0.0,0.0,0.0,0.0,0.0
0,0,0,0,26,0.14,78.3,4.2,226,2026-09-23 00:25:00,PT5M,0.0,0.0,0.0,0.0,0.0
0,0,0,0,26,0.14,78.4,4.2,226,2026-09-23 00:30:00,PT5M,0.0,0.0,0.0,0.0,0.0
0,0,0,0,26,0.14,78.5,4.2,226,2026-09-23 00:35:00,PT5M,0.0,0.0,0.0,0.0,0.0
0,0,0,0,26,0.14,78.5,4.2,226,2026-09-23 00:40:00,PT5M,0.0,0.0,0.0,0.0,0.0
0,0,0,0,26,0.14,78.6,4.2,226,2026-09-23 00:45:00,PT5M,0.0,0.0,0.0,0.0,0.0
0,0,0,0,26,0.14,78.6,4.2,226,2026-09-23 00:50:00,PT5M,0.0,0.0,0.0,0.0,0.0
0,0,0,0,26,0.14,78.7,4.1,226,2026-09-23 00:55:00,PT5M,0.0,0.0,0.0,0.0,0.0
0,0,0,0,26,0.14,78.8,4.1,226,2026-09-23 01:00:00,PT5M,0.0,0.0,0.0,0.0,0.0
0,0,0,0,26,0.14,78.8,4.1,226,2026-09-23 01:05:00,PT5M,0.0,0.0,0.0,0.0,0.0
0,0,0,0,26,0.14,78.9,4.1,226,2026-09-23 01:10:00,PT5M,0.0,0.0,0.0,0.0,0.0
0,0,0,0,26,0.14,79.0,4.1,226,2026-09-23 01:15:00,PT5M,0.0,0.0,0.0,0.0,0.0
0,0,0,0,26,0.14,79.0,4.0,226,2026-09-23 01:20:00,PT5M,0.0,0.0,0.0,0.0,0.0
0,0,0,0,26,0.14,79.1,4.0,226,2026-09-23 01:25:00,PT5M,0.0,0.0,0.0,0.0,0.0
0,0,0,0,25,0.14,79.2,4.0,226,2026-09-23 01:30:00,PT5M,0.0,0.0,0.0,0.0,0.0
0,0,0,0,25,0.14,79.2,4.0,226,2026-09-23 01:35:00,PT5M,0.0,0.0,0.0,0.0,0.0
0,0,0,0,25,0.14,79.3,4.0,226,2026-09-23 01:40:00,PT5M,0.0,0.0,0.0,0.0,0.0
0,0,0,0,25,0.14,79.4,3.9,226,2026-09-23 01:45:00,PT5M,0.0,0.0,0.0,0.0,0.0
0,0,0,0,25,0.14,79.4,3.9,226,2026-09-23 01:50:00,PT5M,0.0,0.0,0.0,0.0,0.0
0,0,0,0,25,0.14,79.5,3.9,226,2026-09-23 01:55:00,PT5M,0.0,0.0,0.0,0.0,0.0
0,0,0,0,25,0.14,79.6,3.9,226,2026-09-23 02:00:00,PT5M,0.0,0.0,0.0,0.0,0.0
0,0,0,0,25,0.14,79.6,3.9,226,2026-09-23 02:05:00,PT5M,0.0,0.0,0.0,0.0,0.0
0,0,0,0,25,0.14,79.7,3.8,226,2026-09-23 02:10:00,PT5M,0.0,0.0,0.0,0.0,0.0
0,0,0,0,25,0.14,79.8,3.8,226,2026-09-23 02:15:00,PT5M,0.0,0.0,0.0,0.0,0.0
0,0,0,0,25,0.14,79.8,3.8,226,2026-09-23 02:20:00,PT5M,0.0,0.0,0.0,0.0,0.0
0,0,0,0,25,0.14,79.9,3.8,226,2026-09-23 02:25:00,PT5M,0.0,0.0,0.0,0.0,0.0
0,0,0,0,25,0.14,80.0,3.8,226,2026-09-23 02:30:00,PT5M,0.0,0.0,0.0,0.0,0.0
0,0,0,0,25,0.14,80.0,3.8,226,2026-09-23 02:35:00,PT5M,0.0,0.0,0.0,0.0,0.0
0,0,0,0,25,0.14,79.9,3.8,226,2026-09-23 02:40:00,PT5M,0.0,0.0,0.0,0.0,0.0
0,0,0,0,25,0.14,79.8,3.8,226,2026-09-23 02:45:00,PT5M,0.0,0.0,0.0,0.0,0.0
0,0,0,0,25,0.14,79.8,3.8,226,2026-09-23 02:50:00,PT5M,0.0,0.0,0.0,0.0,0.0
0,0,0,0,25,0.14,79.7,3.8,226,2026-09-23 02:55:00,PT5M,0.0,0.0,0.0,0.0,0.0
0,0,0,0,25,0.14,79.6,3.9,226,2026-09-23 03:00:00,PT5M,0.0,0.0,0.0,0.0,0.0
0,0,0,0,25,0.14,79.6,3.9,226,2026-09-23 03:05:00,PT5M,0.0,0.0,0.0,0.0,0.0
0,0,0,0,25,0.14,79.5,3.9,226,2026-09-23 03:10:00,PT5M,0.0,0.0,0.0,0.0,0.0
0,0,0,0,25,0.14,79.4,3.9,226,2026-09-23 03:15:00,PT5M,0.0,0.0,0.0,0.0,0.0
0,0,0,0,25,0.14,79.4,3.9,225,2026-09-23 03:20:00,PT5M,0.0,0.0,0.0,0.0,0.0
0,0,0,0,25,0.14,79.3,4.0,225,2026-09-23 03:25:00,PT5M,0.0,0.0,0.0,0.0,0.0
0,0,0,0,25,0.14,79.2,4.0,225,2026-09-23 03:30:00,PT5M,0.0,0.0,0.0,0.0,0.0
0,0,0,0,25,0.14,79.2,4.0,225,2026-09-23 03:35:00,PT5M,0.0,0.0,0.0,0.0,0.0
0,0,0,0,25,0.14,79.1,4.0,225,2026-09-23 03:40:00,PT5M,0.0,0.0,0.0,0.0,0.0
0,0,0,0,25,0.14,79.0,4.0,225,2026-09-23 03:45:00,PT5M,0.0,0.0,0.0,0.0,0.0
0,0,0,0,25,0.14,79.0,4.1,225,2026-09-23 03:50:00,PT5M,0.0,0.0,0.0,0.0,0.0
0,0,0,0,25,0.14,78.9,4.1,225,2026-09-23 03:55:00,PT5M,0.0,0.0,0.0,0.0,0.0
0,0,0,0,25,0.14,78.8,4.1,225,2026-09-23 04:00:00,PT5M,0.0,0.0,0.0,0.0,0.0
0,0,0,0,25,0.14,78.8,4.1,225,2026-09-23 04:05:00,PT5M,0.0,0.0,0.0,0.0,0.0
0,0,0,0,25,0.14,78.7,4.1,225,2026-09-23 04:10:00,PT5M,0.0,0.0,0.0,0.0,0.0
0,0,0,0,25,0.14,78.6,4.2,225,2026-09-23 04:15:00,PT5M,0.0,0.0,0.0,0.0,0.0
0,0,0,0,25,0.14,78.6,4.2,225,2026-09-23 04:20:00,PT5M,0.0,0.0,0.0,0.0,0.0
0,0,0,0,25,0.14,78.5,4.2,225,2026-09-23 04:25:00,PT5M,0.0,0.0,0.0,0.0,0.0
0,0,0,0,25,0.14,78.4,4.2,225,2026-09-23 04:30:00,PT5M,0.0,0.0,0.0,0.0,0.0
0,0,0,0,25,0.14,78.4,4.2,225,2026-09-23 04:35:00,PT5M,0.0,0.0,0.0,0.0,0.0
0,0,0,0,25,0.14,78.3,4.2,225,2026-09-23 04:40:00,PT5M,0.0,0.0,0.0,0.0,0.0
0,0,0,0,25,0.14,78.2,4.3,225,2026-09-23 04:45:00,PT5M,0.0,0.0,0.0,0.0,0.0
0,0,0,0,26,0.14,78.2,4.3,225,2026-09-23 04:50:00,PT5M,0.0,0.0,0.0,0.0,0.0
0,0,0,0,26,0.14,78.1,4.3,224,2026-09-23 04:55:00,PT5M,0.0,0.0,0.0,0.0,0.0
0,0,0,0,26,0.14,78.0,4.3,224,2026-09-23 05:00:00,PT5M,0.0,0.0,0.0,0.0,0.0
0,0,0,0,26,0.14,78.0,4.3,224,2026-09-23 05:05:00,PT5M,0.0,0.0,0.0,0.0,0.0
0,0,0,0,26,0.14,77.9,4.4,224,2026-09-23 05:10:00,PT5M,0.0,0.0,0.0,0.0,0.0
0,0,0,0,26,0.14,77.8,4.4,224,2026-09-23 05:15:00,PT5M,0.0,0.0,0.0,0.0,0.0
0,0,0,0,26,0.14,77.8,4.4,224,2026-09-23 05:20:00,PT5M,0.0,0.0,0.0,0.0,0.0
0,0,0,0,26,0.14,77.7,4.4,224,2026-09-23 05:25:00,PT5M,0.0,0.0,0.0,0.0,0.0
0,0,0,0,26,0.14,77.6,4.4,224,2026-09-23 05:30:00,PT5M,0.0,0.0,0.0,0.0,0.0
0,0,0,0,26,0.14,77.4,4.5,224,2026-09-23 05:35:00,PT5M,0.0,0.0,0.0,0.0,0.0
0,0,0,0,26,0.14,77.1,4.5,225,2026-09-23 05:40:00,PT5M,0.0,0.0,0.0,0.0,0.0
0,0,0,0,26,0.14,76.8,4.5,225,2026-09-23 05:45:00,PT5M,0.0,0.0,0.0,0.0,0.0
0,0,0,0,26,0.14,76.5,4.5,225,2026-09-23 05:50:00,PT5M,0.0,0.0,0.0,0.0,0.0
0,0,0,0,26,0.14,76.1,4.6,225,2026-09-23 05:55:00,PT5M,0.0,0.0,0.0,0.0,0.0
1,1,0,1,26,0.14,75.8,4.6,226,2026-09-23 06:00:00,PT5M,0.0,0.0,0.0,0.0,0.0
6,6,0,6,26,0.14,75.5,4.6,226,2026-09-23 06:05:00,PT5M,0.055,0.3415,0.2058,0.0,0.0
11,11,0,11,26,0.14,75.2,4.6,226,2026-09-23 06:10:00,PT5M,0.847,1.7935,1.3451,0.3489,0.0
18,18,0,18,26,0.14,74.8,4.7,227,2026-09-23 06:15:00,PT5M,1.736,3.5735,2.7031,0.7689,0.0
26,26,0,26,26,0.14,74.5,4.7,227,2026-09-23 06:20:00,PT5M,2.721,5.738,4.3089,1.1331,0.0
35,35,0,35,26,0.14,74.2,4.7,227,2026-09-23 06:25:00,PT5M,3.819,8.1895,6.1192,1.5188,0.0
45,45,0,45,26,0.14,73.9,4.7,227,2026-09-23 06:30:00,PT5M,5.143,11.1125,8.2848,2.0012,0.0
56,56,0,56,27,0.14,73.6,4.8,228,2026-09-23 06:35:00,PT5M,6.575,14.309,10.6455,2.5045,0.0
68,68,0,68,27,0.14,73.3,4.8,228,2026-09-23 06:40:00,PT5M,8.036,17.6155,13.0778,2.9942,0.0
81,81,0,81,27,0.14,73.0,4.8,228,2026-09-23 06:45:00,PT5M,9.653,21.0975,15.6763,3.6297,0.0
95,95,16,92,27,0.14,72.7,4.8,228,2026-09-23 06:50:00,PT5M,12.048,25.3715,19.0603,5.0357,0.0
110,110,37,101,27,0.14,72.3,4.9,229,2026-09-23 06:55:00,PT5M,14.696,29.942,22.7201,6.6719,0.0
125,125,59,110,27,0.14,72.0,4.9,229,2026-09-23 07:00:00,PT5M,17.625,34.8865,26.7099,8.5401,0.3635
140,140,76,118,27,0.14,71.7,4.9,229,2026-09-23 07:05:00,PT5M,20.523,39.902,30.7223,10.3237,1.144
155,155,93,127,27,0.14,71.4,4.9,230,2026-09-23 07:10:00,PT5M,23.46,44.931,34.7603,12.1597,1.989
171,171,110,135,27,0.14,71.1,5.0,230,2026-09-23 07:15:00,PT5M,26.637,50.2175,39.0476,14.2264,3.0565
187,187,127,143,27,0.14,70.8,5.0,230,2026-09-23 07:20:00,PT5M,29.936,55.632,43.46,16.412,4.24
203,203,143,151,27,0.14,70.5,5.0,230,2026-09-23 07:25:00,PT5M,33.351,61.157,47.9855,18.7165,5.545
220,220,160,158,27,0.14,70.2,5.0,231,2026-09-23 07:30:00,PT5M,36.885,66.8035,52.6313,21.1387,6.9665
237,237,176,166,27,0.14,69.9,5.1,231,2026-09-23 07:35:00,PT5M,40.469,72.536,57.3461,23.5919,8.402
254,254,191,173,28,0.14,69.6,5.1,231,2026-09-23 07:40:00,PT5M,44.087,78.3885,62.1401,26.0339,9.7855
271,271,206,179,28,0.14,69.4,5.1,231,2026-09-23 07:45:00,PT5M,47.201,82.738,65.9044,28.4976,11.664
288,288,222,185,28,0.14,69.1,5.1,231,2026-09-23 07:50:00,PT5M,49.908,86.0465,68.928,30.888,13.7695
306,306,237,191,28,0.14,68.8,5.2,232,2026-09-23 07:55:00,PT5M,52.628,89.3135,71.9358,33.3202,15.9425
324,324,253,197,28,0.14,68.5,5.2,232,2026-09-23 08:00:00,PT5M,55.286,92.4585,74.8502,35.7218,18.1135
342,342,268,202,28,0.14,68.2,5.2,232,2026-09-23 08:05:00,PT5M,57.87,95.462,77.6549,38.0851,20.278
360,360,284,207,28,0.14,67.9,5.2,232,2026-09-23 08:10:00,PT5M,60.367,98.2995,80.3311,40.4029,22.4345
379,378,299,211,28,0.14,67.6,5.3,233,2026-09-23 08:15:00,PT5M,62.769,100.0,82.8705,42.6675,24.5755
397,396,315,215,28,0.14,67.3,5.3,233,2026-09-23 08:20:00,PT5M,65.065,100.0,85.2578,44.8722,26.698
415,414,330,219,28,0.14,67.1,5.3,233,2026-09-23 08:25:00,PT5M,67.248,100.0,87.4756,47.0204,28.815
434,433,345,222,28,0.14,66.8,5.3,233,2026-09-23 08:30:00,PT5M,69.355,100.0,89.5912,49.1188,30.9055
451,450,357,226,28,0.14,66.4,5.4,233,2026-09-23 08:35:00,PT5M,71.08,100.0,91.3207,50.8393,32.622
467,466,366,231,29,0.14,65.8,5.4,233,2026-09-23 08:40:00,PT5M,72.433,100.0,92.679,52.187,33.965
483,481,374,235,29,0.14,65.2,5.4,233,2026-09-23 08:45:00,PT5M,73.716,100.0,93.987,53.445,35.2005
498,497,382,239,29,0.14,64.7,5.4,232,2026-09-23 08:50:00,PT5M,74.962,100.0,95.2159,54.7081,36.479
514,512,389,243,29,0.14,64.2,5.5,232,2026-09-23 08:55:00,PT5M,76.162,100.0,96.3893,55.9347,37.7295
529,527,397,247,29,0.14,63.6,5.5,232,2026-09-23 09:00:00,PT5M,77.317,100.0,97.5006,57.1334,38.9675
545,543,406,250,29,0.14,63.1,5.5,232,2026-09-23 09:05:00,PT5M,78.564,100.0,98.5434,58.5846,40.6025
560,558,416,252,29,0.14,62.6,5.5,231,2026-09-23 09:10:00,PT5M,79.785,100.0,99.5607,60.0093,42.2105
575,574,425,254,29,0.14,62.0,5.5,231,2026-09-23 09:15:00,PT5M,80.962,100.0,100.0,61.3886,43.772
591,589,434,256,30,0.14,61.5,5.6,231,2026-09-23 09:20:00,PT5M,82.096,100.0,100.0,62.7237,45.288
606,604,444,258,30,0.14,61.0,5.6,230,2026-09-23 09:25:00,PT5M,83.191,100.0,100.0,64.0176,46.761
620,618,453,260,30,0.14,60.5,5.6,230,2026-09-23 09:30:00,PT5M,84.246,100.0,100.0,65.2697,48.1905
635,633,463,261,30,0.14,60.0,5.6,230,2026-09-23 09:35:00,PT5M,85.333,100.0,100.0,66.5517,49.648
651,648,474,261,30,0.14,59.5,5.6,230,2026-09-23 09:40:00,PT5M,86.449,100.0,100.0,67.8606,51.1305
665,663,484,261,30,0.14,59.0,5.7,229,2026-09-23 09:45:00,PT5M,87.478,100.0,100.0,69.0762,52.514
679,677,494,261,30,0.14,58.5,5.7,229,2026-09-23 09:50:00,PT5M,88.462,100.0,100.0,70.2436,53.8465
693,691,504,261,30,0.14,58.0,5.7,229,2026-09-23 09:55:00,PT5M,89.413,100.0,100.0,71.3751,55.1405
707,704,514,261,30,0.14,57.5,5.7,229,2026-09-23 10:00:00,PT5M,90.328,100.0,100.0,72.4654,56.3885
721,718,524,260,31,0.14,57.0,5.7,228,2026-09-23 10:05:00,PT5M,91.198,100.0,100.0,73.5057,57.582
734,731,533,259,31,0.14,56.6,5.8,228,2026-09-23 10:10:00,PT5M,92.005,100.0,100.0,74.4784,58.704
747,743,542,259,31,0.14,56.1,5.8,228,2026-09-23 10:15:00,PT5M,92.798,100.0,100.0,75.4333,59.8045
759,756,552,258,31,0.14,55.6,5.8,228,2026-09-23 10:20:00,PT5M,93.561,100.0,100.0,76.3544,60.868
771,768,561,256,31,0.14,55.2,5.8,227,2026-09-23 10:25:00,PT5M,94.299,100.0,100.0,77.2474,61.9005
783,779,570,255,31,0.14,54.7,5.9,227,2026-09-23 10:30:00,PT5M,95.01,100.0,100.0,78.1103,62.9
793,789,576,254,31,0.14,54.3,5.9,227,2026-09-23 10:35:00,PT5M,95.505,100.0,100.0,78.7324,63.6365
801,797,578,256,31,0.14,53.8,5.9,227,2026-09-23 10:40:00,PT5M,95.788,100.0,100.0,79.1167,64.112
808,804,581,257,32,0.14,53.4,5.9,226,2026-09-23 10:45:00,PT5M,96.048,100.0,100.0,79.473,64.555
815,811,583,258,32,0.14,52.9,6.0,226,2026-09-23 10:50:00,PT5M,96.282,100.0,100.0,79.796,64.958
822,818,585,259,32,0.14,52.5,6.0,226,2026-09-23 10:55:00,PT5M,96.489,100.0,100.0,80.0832,65.3175
828,824,587,260,32,0.14,52.0,6.0,226,2026-09-23 11:00:00,PT5M,96.665,100.0,100.0,80.3182,65.6055
833,830,589,261,32,0.14,51.6,6.0,226,2026-09-23 11:05:00,PT5M,96.822,100.0,100.0,80.5431,65.8915
839,835,590,262,32,0.14,51.2,6.0,225,2026-09-23 11:10:00,PT5M,96.956,100.0,100.0,80.7476,66.1595
843,839,591,263,32,0.14,50.8,6.1,225,2026-09-23 11:15:00,PT5M,97.066,100.0,100.0,80.9173,66.383
847,843,592,264,32,0.14,50.4,6.1,225,2026-09-23 11:20:00,PT5M,97.152,100.0,100.0,81.0512,66.56
851,847,592,264,33,0.14,49.9,6.1,225,2026-09-23 11:25:00,PT5M,97.218,100.0,100.0,81.1588,66.705
854,850,593,265,33,0.14,49.5,6.1,224,2026-09-23 11:30:00,PT5M,97.263,100.0,100.0,81.2388,66.8165
855,851,591,267,33,0.14,49.3,6.2,224,2026-09-23 11:35:00,PT5M,97.188,100.0,100.0,81.1609,66.736
855,851,587,270,33,0.14,49.2,6.2,224,2026-09-23 11:40:00,PT5M,96.994,100.0,100.0,80.9251,66.4625
855,851,582,273,33,0.14,49.2,6.2,225,2026-09-23 11:45:00,PT5M,96.778,100.0,100.0,80.6604,66.154
853,850,578,276,33,0.14,49.1,6.2,225,2026-09-23 11:50:00,PT5M,96.538,100.0,100.0,80.3651,65.809
852,848,573,278,33,0.14,49.1,6.2,225,2026-09-23 11:55:00,PT5M,96.271,100.0,100.0,80.036,65.424
849,846,568,281,33,0.14,49.0,6.2,225,2026-09-23 12:00:00,PT5M,96.001,100.0,100.0,79.6973,65.0235
847,843,563,283,33,0.14,49.0,6.2,225,2026-09-23 12:05:00,PT5M,95.809,100.0,100.0,79.4322,64.6925
844,840,560,284,33,0.14,48.9,6.2,225,2026-09-23 12:10:00,PT5M,95.61,100.0,100.0,79.1558,64.3465
840,837,556,286,33,0.14,48.9,6.2,225,2026-09-23 12:15:00,PT5M,95.384,100.0,100.0,78.8464,63.962
836,833,551,287,33,0.14,48.8,6.2,225,2026-09-23 12:20:00,PT5M,95.132,100.0,100.0,78.5052,63.5405
832,828,547,288,33,0.14,48.8,6.3,225,2026-09-23 12:25:00,PT5M,94.856,100.0,100.0,78.1344,63.0845
827,823,543,289,33,0.14,48.7,6.3,225,2026-09-23 12:30:00,PT5M,94.556,100.0,100.0,77.7347,62.595
820,817,536,291,33,0.14,48.7,6.3,225,2026-09-23 12:35:00,PT5M,94.115,100.0,100.0,77.2005,61.977
812,809,527,293,33,0.14,48.6,6.3,226,2026-09-23 12:40:00,PT5M,93.608,100.0,100.0,76.6064,61.3045
804,801,518,296,33,0.14,48.6,6.3,226,2026-09-23 12:45:00,PT5M,93.003,100.0,100.0,75.908,60.522
795,792,509,298,33,0.14,48.5,6.3,226,2026-09-23 12:50:00,PT5M,92.363,100.0,100.0,75.162,59.6805
786,783,500,300,33,0.14,48.5,6.3,226,2026-09-23 12:55:00,PT5M,91.698,100.0,100.0,74.3872,58.807
776,773,491,302,33,0.14,48.4,6.3,226,2026-09-23 13:00:00,PT5M,91.021,100.0,100.0,73.6087,57.937
766,763,482,304,33,0.14,48.4,6.3,226,2026-09-23 13:05:00,PT5M,90.302,100.0,100.0,72.7857,57.0205
755,753,471,307,33,0.14,48.3,6.3,226,2026-09-23 13:10:00,PT5M,89.514,100.0,100.0,71.8756,56.0005
744,742,461,309,33,0.14,48.3,6.4,226,2026-09-23 13:15:00,PT5M,88.691,100.0,100.0,70.9242,54.9335
733,730,450,311,33,0.14,48.2,6.4,226,2026-09-23 13:20:00,PT5M,87.834,100.0,100.0,69.9343,53.824
721,719,440,312,33,0.14,48.2,6.4,226,2026-09-23 13:25:00,PT5M,86.944,100.0,100.0,68.9082,52.6755
710,707,430,313,33,0.14,48.1,6.4,226,2026-09-23 13:30:00,PT5M,86.022,100.0,100.0,67.8473,51.4895
696,694,416,315,33,0.14,48.1,6.4,227,2026-09-23 13:35:00,PT5M,84.882,100.0,100.0,66.5165,49.987
681,678,401,318,33,0.14,48.0,6.4,227,2026-09-23 13:40:00,PT5M,83.525,100.0,100.0,64.9195,48.174
665,663,385,320,33,0.14,48.0,6.4,227,2026-09-23 13:45:00,PT5M,82.131,100.0,100.0,63.286,46.325
650,648,370,322,33,0.14,47.9,6.4,227,2026-09-23 13:50:00,PT5M,80.698,100.0,99.7819,61.6141,44.438
634,632,355,323,33,0.14,47.9,6.4,227,2026-09-23 13:55:00,PT5M,79.225,100.0,98.5476,59.9024,42.5115
618,616,341,324,33,0.14,47.8,6.4,227,2026-09-23 14:00:00,PT5M,77.663,100.0,97.2235,58.1025,40.4975
602,601,326,324,33,0.14,47.8,6.5,227,2026-09-23 14:05:00,PT5M,76.125,100.0,95.9231,56.3269,38.508
586,585,312,323,33,0.14,47.7,6.5,227,2026-09-23 14:10:00,PT5M,74.559,100.0,94.5934,54.5246,36.493
570,569,299,323,33,0.14,47.7,6.5,227,2026-09-23 14:15:00,PT5M,72.956,100.0,93.2251,52.6869,34.444
554,553,285,321,33,0.14,47.6,6.5,227,2026-09-23 14:20:00,PT5M,71.285,100.0,91.7883,50.7817,32.328
537,536,271,319,33,0.14,47.6,6.5,227,2026-09-23 14:25:00,PT5M,69.557,100.0,90.2935,48.8205,30.157
521,520,258,317,33,0.14,47.5,6.5,227,2026-09-23 14:30:00,PT5M,67.792,100.0,88.759,46.825,27.954
507,506,249,314,33,0.14,47.6,6.5,227,2026-09-23 14:35:00,PT5M,66.383,100.0,87.5324,45.2336,26.1985
495,494,244,309,33,0.14,47.9,6.5,227,2026-09-23 14:40:00,PT5M,65.334,100.0,86.621,44.047,24.888
483,482,239,304,32,0.14,48.1,6.5,227,2026-09-23 14:45:00,PT5M,64.251,100.0,85.6775,42.8245,23.54
470,470,234,298,32,0.14,48.4,6.5,228,2026-09-23 14:50:00,PT5M,63.134,100.0,84.7015,41.5665,22.155
458,457,229,293,32,0.14,48.7,6.5,228,2026-09-23 14:55:00,PT5M,61.982,100.0,83.5874,40.3766,20.931
445,444,225,287,32,0.14,48.9,6.5,228,2026-09-23 15:00:00,PT5M,60.842,100.0,82.4422,39.2418,19.801
432,432,219,282,32,0.14,49.2,6.5,228,2026-09-23 15:05:00,PT5M,59.668,100.0,81.2334,38.1026,18.693
419,419,212,277,32,0.14,49.5,6.5,228,2026-09-23 15:10:00,PT5M,58.323,99.17,79.8211,36.8249,17.476
406,405,205,272,32,0.14,49.7,6.4,228,2026-09-23 15:15:00,PT5M,56.925,97.6165,78.3412,35.5088,16.2335
392,392,197,266,32,0.14,50.0,6.4,228,2026-09-23 15:20:00,PT5M,55.458,95.905,76.7455,34.1705,15.011
378,378,190,261,32,0.14,50.3,6.4,228,2026-09-23 15:25:00,PT5M,53.924,94.1495,75.095,32.753,13.6985
365,364,182,255,32,0.14,50.6,6.4,228,2026-09-23 15:30:00,PT5M,52.324,92.2855,73.356,31.292,12.3625
350,350,173,249,32,0.14,50.8,6.4,228,2026-09-23 15:35:00,PT5M,50.584,90.2405,71.4555,29.7125,10.9275
336,335,164,243,32,0.14,51.1,6.4,228,2026-09-23 15:40:00,PT5M,48.707,87.9895,69.3817,28.0323,9.4245
321,321,154,236,31,0.14,51.4,6.4,228,2026-09-23 15:45:00,PT5M,46.754,85.5465,67.1708,26.3372,7.9615
306,306,144,229,31,0.14,51.7,6.4,228,2026-09-23 15:50:00,PT5M,44.713,82.918,64.8206,24.6054,6.508
291,291,134,223,31,0.14,51.9,6.4,228,2026-09-23 15:55:00,PT5M,42.587,80.113,62.3372,22.8368,5.061
276,276,123,215,31,0.14,52.2,6.4,228,2026-09-23 16:00:00,PT5M,40.379,77.142,59.7276,21.0304,3.616
262,262,114,207,31,0.14,52.5,6.4,228,2026-09-23 16:05:00,PT5M,38.253,74.2655,57.2066,19.2994,2.2405
247,248,106,199,31,0.14,52.8,6.4,228,2026-09-23 16:10:00,PT5M,36.45,71.7325,55.0194,17.8806,1.1675
233,233,98,191,31,0.14,53.1,6.4,228,2026-09-23 16:15:00,PT5M,34.367,68.8625,52.5222,16.2118,0.0
219,219,90,182,31,0.14,53.4,6.3,228,2026-09-23 16:20:00,PT5M,32.1,64.6115,49.211,14.989,0.0
205,205,82,173,31,0.14,53.7,6.3,228,2026-09-23 16:25:00,PT5M,29.723,60.0205,45.6688,13.7772,0.0
191,191,73,164,31,0.14,54.0,6.3,228,2026-09-23 16:30:00,PT5M,27.332,55.4105,42.1099,12.5541,0.0
177,178,64,155,31,0.14,54.3,6.3,228,2026-09-23 16:35:00,PT5M,24.953,50.8825,38.5999,11.3061,0.0
164,164,55,146,31,0.14,54.6,6.3,228,2026-09-23 16:40:00,PT5M,22.601,46.3965,35.1247,10.0773,0.0
150,150,45,136,31,0.14,54.9,6.3,228,2026-09-23 16:45:00,PT5M,20.264,41.934,31.6691,8.8589,0.0
137,137,35,127,30,0.14,55.2,6.3,228,2026-09-23 16:50:00,PT5M,17.974,37.541,28.2723,7.6757,0.0
123,124,24,117,30,0.14,55.5,6.3,228,2026-09-23 16:55:00,PT5M,15.85,33.35,25.0604,6.6396,0.0
110,111,12,108,30,0.14,55.8,6.3,228,2026-09-23 17:00:00,PT5M,13.649,29.151,21.8078,5.4902,0.0
97,97,0,97,30,0.14,56.1,6.3,228,2026-09-23 17:05:00,PT5M,11.549,25.1555,18.7102,4.3878,0.0
84,84,0,84,30,0.14,56.4,6.3,228,2026-09-23 17:10:00,PT5M,9.975,21.7655,16.1804,3.7696,0.0
72,72,0,72,30,0.14,56.7,6.3,228,2026-09-23 17:15:00,PT5M,8.413,18.4225,13.6811,3.1449,0.0
60,61,0,61,30,0.14,57.0,6.2,228,2026-09-23 17:20:00,PT5M,7.023,15.275,11.3661,2.6799,0.0
49,50,0,50,30,0.14,57.3,6.2,228,2026-09-23 17:25:00,PT5M,5.706,12.249,9.1496,2.2624,0.0
39,40,0,40,30,0.14,57.6,6.2,228,2026-09-23 17:30:00,PT5M,4.384,9.3275,6.9858,1.7822,0.0
30,30,0,30,30,0.14,57.9,6.2,228,2026-09-23 17:35:00,PT5M,3.216,6.747,5.0744,1.3576,0.0
22,22,0,22,30,0.14,58.2,6.1,228,2026-09-23 17:40:00,PT5M,2.2,4.5645,3.4445,0.9555,0.0
15,15,0,15,30,0.14,58.5,6.1,227,2026-09-23 17:45:00,PT5M,1.278,2.629,1.989,0.567,0.0
9,9,0,9,30,0.14,58.8,6.0,227,2026-09-23 17:50:00,PT5M,0.45,1.059,0.7705,0.1295,0.0
3,3,0,3,29,0.14,59.0,6.0,227,2026-09-23 17:55:00,PT5M,0.0,0.012,0.0063,0.0,0.0
0,0,0,0,29,0.14,59.3,5.9,227,2026-09-23 18:00:00,PT5M,0.0,0.0,0.0,0.0,0.0
0,0,0,0,29,0.14,59.6,5.9,227,2026-09-23 18:05:00,PT5M,0.0,0.0,0.0,0.0,0.0
0,0,0,0,29,0.14,59.9,5.8,227,2026-09-23 18:10:00,PT5M,0.0,0.0,0.0,0.0,0.0
0,0,0,0,29,0.14,60.2,5.8,227,2026-09-23 18:15:00,PT5M,0.0,0.0,0.0,0.0,0.0
0,0,0,0,29,0.14,60.4,5.7,227,2026-09-23 18:20:00,PT5M,0.0,0.0,0.0,0.0,0.0
0,0,0,0,29,0.14,60.7,5.6,227,2026-09-23 18:25:00,PT5M,0.0,0.0,0.0,0.0,0.0
0,0,0,0,29,0.14,61.0,5.6,227,2026-09-23 18:30:00,PT5M,0.0,0.0,0.0,0.0,0.0
0,0,0,0,29,0.14,61.3,5.5,227,2026-09-23 18:35:00,PT5M,0.0,0.0,0.0,0.0,0.0
0,0,0,0,29,0.14,61.6,5.5,227,2026-09-23 18:40:00,PT5M,0.0,0.0,0.0,0.0,0.0
0,0,0,0,29,0.14,61.9,5.4,227,2026-09-23 18:45:00,PT5M,0.0,0.0,0.0,0.0,0.0
0,0,0,0,29,0.14,62.2,5.4,227,2026-09-23 18:50:00,PT5M,0.0,0.0,0.0,0.0,0.0
0,0,0,0,29,0.14,62.5,5.3,227,2026-09-23 18:55:00,PT5M,0.0,0.0,0.0,0.0,0.0
0,0,0,0,29,0.14,62.8,5.3,227,2026-09-23 19:00:00,PT5M,0.0,0.0,0.0,0.0,0.0
0,0,0,0,29,0.14,63.1,5.2,227,2026-09-23 19:05:00,PT5M,0.0,0.0,0.0,0.0,0.0
0,0,0,0,29,0.14,63.4,5.2,226,2026-09-23 19:10:00,PT5M,0.0,0.0,0.0,0.0,0.0
0,0,0,0,28,0.14,63.7,5.1,226,2026-09-23 19:15:00,PT5M,0.0,0.0,0.0,0.0,0.0
0,0,0,0,28,0.14,64.0,5.0,226,2026-09-23 19:20:00,PT5M,0.0,0.0,0.0,0.0,0.0
0,0,0,0,28,0.14,64.3,5.0,226,2026-09-23 19:25:00,PT5M,0.0,0.0,0.0,0.0,0.0
0,0,0,0,28,0.14,64.6,4.9,226,2026-09-23 19:30:00,PT5M,0.0,0.0,0.0,0.0,0.0
0,0,0,0,28,0.14,64.9,4.9,226,2026-09-23 19:35:00,PT5M,0.0,0.0,0.0,0.0,0.0
0,0,0,0,28,0.14,65.2,4.8,226,2026-09-23 19:40:00,PT5M,0.0,0.0,0.0,0.0,0.0
0,0,0,0,28,0.14,65.5,4.8,226,2026-09-23 19:45:00,PT5M,0.0,0.0,0.0,0.0,0.0
0,0,0,0,28,0.14,65.8,4.7,226,2026-09-23 19:50:00,PT5M,0.0,0.0,0.0,0.0,0.0
0,0,0,0,28,0.14,66.1,4.7,226,2026-09-23 19:55:00,PT5M,0.0,0.0,0.0,0.0,0.0
0,0,0,0,28,0.14,66.4,4.6,226,2026-09-23 20:00:00,PT5M,0.0,0.0,0.0,0.0,0.0
0,0,0,0,28,0.14,66.8,4.5,226,2026-09-23 20:05:00,PT5M,0.0,0.0,0.0,0.0,0.0
0,0,0,0,28,0.14,67.1,4.5,225,2026-09-23 20:10:00,PT5M,0.0,0.0,0.0,0.0,0.0
0,0,0,0,28,0.14,67.4,4.4,225,2026-09-23 20:15:00,PT5M,0.0,0.0,0.0,0.0,0.0
0,0,0,0,28,0.14,67.7,4.4,225,2026-09-23 20:20:00,PT5M,0.0,0.0,0.0,0.0,0.0
0,0,0,0,28,0.14,68.0,4.3,225,2026-09-23 20:25:00,PT5M,0.0,0.0,0.0,0.0,0.0
0,0,0,0,27,0.14,68.4,4.3,225,2026-09-23 20:30:00,PT5M,0.0,0.0,0.0,0.0,0.0
0,0,0,0,27,0.14,68.6,4.2,225,2026-09-23 20:35:00,PT5M,0.0,0.0,0.0,0.0,0.0
0,0,0,0,27,0.14,68.7,4.3,225,2026-09-23 20:40:00,PT5M,0.0,0.0,0.0,0.0,0.0
0,0,0,0,27,0.14,68.8,4.3,225,2026-09-23 20:45:00,PT5M,0.0,0.0,0.0,0.0,0.0
0,0,0,0,27,0.14,68.9,4.3,225,2026-09-23 20:50:00,PT5M,0.0,0.0,0.0,0.0,0.0
0,0,0,0,27,0.14,69.0,4.3,224,2026-09-23 20:55:00,PT5M,0.0,0.0,0.0,0.0,0.0
0,0,0,0,27,0.14,69.1,4.3,224,2026-09-23 21:00:00,PT5M,0.0,0.0,0.0,0.0,0.0
0,0,0,0,27,0.14,69.2,4.3,224,2026-09-23 21:05:00,PT5M,0.0,0.0,0.0,0.0,0.0
0,0,0,0,27,0.14,69.3,4.3,224,2026-09-23 21:10:00,PT5M,0.0,0.0,0.0,0.0,0.0
0,0,0,0,27,0.14,69.4,4.4,224,2026-09-23 21:15:00,PT5M,0.0,0.0,0.0,0.0,0.0
0,0,0,0,27,0.14,69.5,4.4,224,2026-09-23 21:20:00,PT5M,0.0,0.0,0.0,0.0,0.0
0,0,0,0,27,0.14,69.6,4.4,224,2026-09-23 21:25:00,PT5M,0.0,0.0,0.0,0.0,0.0
0,0,0,0,27,0.14,69.7,4.4,224,2026-09-23 21:30:00,PT5M,0.0,0.0,0.0,0.0,0.0
0,0,0,0,27,0.14,69.8,4.4,223,2026-09-23 21:35:00,PT5M,0.0,0.0,0.0,0.0,0.0
0,0,0,0,27,0.14,69.9,4.4,223,2026-09-23 21:40:00,PT5M,0.0,0.0,0.0,0.0,0.0
0,0,0,0,27,0.14,70.0,4.4,223,2026-09-23 21:45:00,PT5M,0.0,0.0,0.0,0.0,0.0
0,0,0,0,27,0.14,70.1,4.5,223,2026-09-23 21:50:00,PT5M,0.0,0.0,0.0,0.0,0.0
0,0,0,0,27,0.14,70.2,4.5,223,2026-09-23 21:55:00,PT5M,0.0,0.0,0.0,0.0,0.0
0,0,0,0,27,0.14,70.3,4.5,223,2026-09-23 22:00:00,PT5M,0.0,0.0,0.0,0.0,0.0
0,0,0,0,27,0.14,70.4,4.5,223,2026-09-23 22:05:00,PT5M,0.0,0.0,0.0,0.0,0.0
0,0,0,0,27,0.14,70.5,4.5,223,2026-09-23 22:10:00,PT5M,0.0,0.0,0.0,0.0,0.0
0,0,0,0,27,0.14,70.6,4.5,222,2026-09-23 22:15:00,PT5M,0.0,0.0,0.0,0.0,0.0
0,0,0,0,27,0.14,70.7,4.5,222,2026-09-23 22:20:00,PT5M,0.0,0.0,0.0,0.0,0.0
0,0,0,0,27,0.14,70.8,4.6,222,2026-09-23 22:25:00,PT5M,0.0,0.0,0.0,0.0,0.0
0,0,0,0,27,0.14,70.9,4.6,222,2026-09-23 22:30:00,PT5M,0.0,0.0,0.0,0.0,0.0
0,0,0,0,27,0.14,71.0,4.6,222,2026-09-23 22:35:00,PT5M,0.0,0.0,0.0,0.0,0.0
0,0,0,0,27,0.14,71.1,4.6,222,2026-09-23 22:40:00,PT5M,0.0,0.0,0.0,0.0,0.0
0,0,0,0,27,0.14,71.2,4.6,222,2026-09-23 22:45:00,PT5M,0.0,0.0,0.0,0.0,0.0
0,0,0,0,27,0.14,71.3,4.6,222,2026-09-23 22:50:00,PT5M,0.0,0.0,0.0,0.0,0.0
0,0,0,0,27,0.14,71.5,4.6,222,2026-09-23 22:55:00,PT5M,0.0,0.0,0.0,0.0,0.0
0,0,0,0,27,0.14,71.6,4.7,221,2026-09-23 23:00:00,PT5M,0.0,0.0,0.0,0.0,0.0
0,0,0,0,27,0.14,71.7,4.7,221,2026-09-23 23:05:00,PT5M,0.0,0.0,0.0,0.0,0.0
0,0,0,0,27,0.14,71.8,4.7,221,2026-09-23 23:10:00,PT5M,0.0,0.0,0.0,0.0,0.0
0,0,0,0,27,0.14,71.9,4.7,221,2026-09-23 23:15:00,PT5M,0.0,0.0,0.0,0.0,0.0
0,0,0,0,27,0.14,72.0,4.7,221,2026-09-23 23:20:00,PT5M,0.0,0.0,0.0,0.0,0.0
0,0,0,0,26,0.14,72.1,4.7,221,2026-09-23 23:25:00,PT5M,0.0,0.0,0.0,0.0,0.0
0,0,0,0,26,0.14,72.2,4.7,221,2026-09-23 23:30:00,PT5M,0.0,0.0,0.0,0.0,0.0
0,0,0,0,26,0.14,72.3,4.8,221,2026-09-23 23:35:00,PT5M,0.0,0.0,0.0,0.0,0.0
0,0,0,0,26,0.14,72.4,4.8,221,2026-09-23 23:40:00,PT5M,0.0,0.0,0.0,0.0,0.0
0,0,0,0,26,0.14,72.5,4.8,221,2026-09-23 23:45:00,PT5M,0.0,0.0,0.0,0.0,0.0
0,0,0,0,26,0.14,72.6,4.8,221,2026-09-23 23:50:00,PT5M,0.0,0.0,0.0,0.0,0.0
0,0,0,0,26,0.14,72.7,4.8,221,2026-09-23 23:55:00,PT5M,0.0,0.0,0.0,0.0,0.0
0,0,0,0,26,0.14,72.8,4.8,221,2026-09-24 00:00:00,PT5M,0.0,0.0,0.0,0.0,0.0
0,0,0,0,26,0.14,72.9,4.8,221,2026-09-24 00:05:00,PT5M,0.0,0.0,0.0,0.0,0.0
0,0,0,0,26,0.14,73.1,4.8,221,2026-09-24 00:10:00,PT5M,0.0,0.0,0.0,0.0,0.0
0,0,0,0,26,0.14,73.2,4.8,221,2026-09-24 00:15:00,PT5M,0.0,0.0,0.0,0.0,0.0
0,0,0,0,26,0.14,73.3,4.8,221,2026-09-24 00:20:00,PT5M,0.0,0.0,0.0,0.0,0.0
0,0,0,0,26,0.14,73.4,4.8,221,2026-09-24 00:25:00,PT5M,0.0,0.0,0.0,0.0,0.0
0,0,0,0,26,0.14,73.5,4.8,222,2026-09-24 00:30:00,PT5M,0.0,0.0,0.0,0.0,0.0
0,0,0,0,26,0.14,73.6,4.8,222,2026-09-24 00:35:00,PT5M,0.0,0.0,0.0,0.0,0.0
0,0,0,0,26,0.14,73.7,4.8,222,2026-09-24 00:40:00,PT5M,0.0,0.0,0.0,0.0,0.0
0,0,0,0,26,0.14,73.8,4.8,222,2026-09-24 00:45:00,PT5M,0.0,0.0,0.0,0.0,0.0
0,0,0,0,26,0.14,73.9,4.8,222,2026-09-24 00:50:00,PT5M,0.0,0.0,0.0,0.0,0.0
0,0,0,0,26,0.14,74.0,4.8,222,2026-09-24 00:55:00,PT5M,0.0,0.0,0.0,0.0,0.0
0,0,0,0,26,0.14,74.2,4.8,222,2026-09-24 01:00:00,PT5M,0.0,0.0,0.0,0.0,0.0
0,0,0,0,26,0.14,74.3,4.8,222,2026-09-24 01:05:00,PT5M,0.0,0.0,0.0,0.0,0.0
0,0,0,0,26,0.14,74.4,4.8,222,2026-09-24 01:10:00,PT5M,0.0,0.0,0.0,0.0,0.0
0,0,0,0,26,0.14,74.5,4.8,222,2026-09-24 01:15:00,PT5M,0.0,0.0,0.0,0.0,0.0
0,0,0,0,26,0.14,74.6,4.8,222,2026-09-24 01:20:00,PT5M,0.0,0.0,0.0,0.0,0.0
0,0,0,0,26,0.14,74.7,4.8,222,2026-09-24 01:25:00,PT5M,0.0,0.0,0.0,0.0,0.0
0,0,0,0,26,0.14,74.8,4.8,222,2026-09-24 01:30:00,PT5M,0.0,0.0,0.0,0.0,0.0
0,0,0,0,26,0.14,74.9,4.8,222,2026-09-24 01:35:00,PT5M,0.0,0.0,0.0,0.0,0.0
0,0,0,0,26,0.14,75.1,4.8,223,2026-09-24 01:40:00,PT5M,0.0,0.0,0.0,0.0,0.0
0,0,0,0,26,0.14,75.2,4.8,223,2026-09-24 01:45:00,PT5M,0.0,0.0,0.0,0.0,0.0
0,0,0,0,26,0.14,75.3,4.8,223,2026-09-24 01:50:00,PT5M,0.0,0.0,0.0,0.0,0.0
0,0,0,0,26,0.14,75.4,4.8,223,2026-09-24 01:55:00,PT5M,0.0,0.0,0.0,0.0,0.0
0,0,0,0,26,0.14,75.5,4.8,223,2026-09-24 02:00:00,PT5M,0.0,0.0,0.0,0.0,0.0
0,0,0,0,26,0.14,75.6,4.8,223,2026-09-24 02:05:00,PT5M,0.0,0.0,0.0,0.0,0.0
0,0,0,0,26,0.14,75.7,4.8,223,2026-09-24 02:10:00,PT5M,0.0,0.0,0.0,0.0,0.0
0,0,0,0,26,0.14,75.8,4.8,223,2026-09-24 02:15:00,PT5M,0.0,0.0,0.0,0.0,0.0
0,0,0,0,26,0.14,76.0,4.8,223,2026-09-24 02:20:00,PT5M,0.0,0.0,0.0,0.0,0.0
0,0,0,0,26,0.14,76.1,4.8,223,2026-09-24 02:25:00,PT5M,0.0,0.0,0.0,0.0,0.0
0,0,0,0,26,0.14,76.2,4.8,223,2026-09-24 02:30:00,PT5M,0.0,0.0,0.0,0.0,0.0
0,0,0,0,26,0.14,76.2,4.8,223,2026-09-24 02:35:00,PT5M,0.0,0.0,0.0,0.0,0.0
0,0,0,0,26,0.14,76.3,4.8,223,2026-09-24 02:40:00,PT5M,0.0,0.0,0.0,0.0,0.0
0,0,0,0,26,0.14,76.3,4.8,223,2026-09-24 02:45:00,PT5M,0.0,0.0,0.0,0.0,0.0
0,0,0,0,26,0.14,76.3,4.7,223,2026-09-24 02:50:00,PT5M,0.0,0.0,0.0,0.0,0.0
0,0,0,0,26,0.14,76.3,4.7,223,2026-09-24 02:55:00,PT5M,0.0,0.0,0.0,0.0,0.0
0,0,0,0,26,0.14,76.3,4.7,223,2026-09-24 03:00:00,PT5M,0.0,0.0,0.0,0.0,0.0
0,0,0,0,26,0.14,76.3,4.7,223,2026-09-24 03:05:00,PT5M,0.0,0.0,0.0,0.0,0.0
0,0,0,0,26,0.14,76.3,4.7,223,2026-09-24 03:10:00,PT5M,0.0,0.0,0.0,0.0,0.0
0,0,0,0,26,0.14,76.3,4.6,223,2026-09-24 03:15:00,PT5M,0.0,0.0,0.0,0.0,0.0
0,0,0,0,26,0.14,76.4,4.6,223,2026-09-24 03:20:00,PT5M,0.0,0.0,0.0,0.0,0.0
0,0,0,0,26,0.14,76.4,4.6,223,2026-09-24 03:25:00,PT5M,0.0,0.0,0.0,0.0,0.0
0,0,0,0,26,0.14,76.4,4.6,223,2026-09-24 03:30:00,PT5M,0.0,0.0,0.0,0.0,0.0
0,0,0,0,26,0.14,76.4,4.6,223,2026-09-24 03:35:00,PT5M,0.0,0.0,0.0,0.0,0.0
0,0,0,0,26,0.14,76.4,4.5,223,2026-09-24 03:40:00,PT5M,0.0,0.0,0.0,0.0,0.0
0,0,0,0,26,0.14,76.4,4.5,222,2026-09-24 03:45:00,PT5M,0.0,0.0,0.0,0.0,0.0
0,0,0,0,26,0.14,76.4,4.5,222,2026-09-24 03:50:00,PT5M,0.0,0.0,0.0,0.0,0.0
0,0,0,0,26,0.14,76.4,4.5,222,2026-09-24 03:55:00,PT5M,0.0,0.0,0.0,0.0,0.0
0,0,0,0,26,0.14,76.4,4.5,222,2026-09-24 04:00:00,PT5M,0.0,0.0,0.0,0.0,0.0
0,0,0,0,26,0.14,76.5,4.5,222,2026-09-24 04:05:00,PT5M,0.0,0.0,0.0,0.0,0.0
0,0,0,0,26,0.14,76.5,4.4,222,2026-09-24 04:10:00,PT5M,0.0,0.0,0.0,0.0,0.0
0,0,0,0,26,0.14,76.5,4.4,222,2026-09-24 04:15:00,PT5M,0.0,0.0,0.0,0.0,0.0
0,0,0,0,26,0.14,76.5,4.4,222,2026-09-24 04:20:00,PT5M,0.0,0.0,0.0,0.0,0.0
0,0,0,0,26,0.14,76.5,4.4,222,2026-09-24 04:25:00,PT5M,0.0,0.0,0.0,0.0,0.0
0,0,0,0,26,0.14,76.5,4.4,222,2026-09-24 04:30:00,PT5M,0.0,0.0,0.0,0.0,0.0
0,0,0,0,26,0.14,76.5,4.3,222,2026-09-24 04:35:00,PT5M,0.0,0.0,0.0,0.0,0.0
0,0,0,0,26,0.14,76.5,4.3,222,2026-09-24 04:40:00,PT5M,0.0,0.0,0.0,0.0,0.0
0,0,0,0,26,0.14,76.6,4.3,222,2026-09-24 04:45:00,PT5M,0.0,0.0,0.0,0.0,0.0
0,0,0,0,26,0.14,76.6,4.3,222,2026-09-24 04:50:00,PT5M,0.0,0.0,0.0,0.0,0.0
0,0,0,0,26,0.14,76.6,4.3,222,2026-09-24 04:55:00,PT5M,0.0,0.0,0.0,0.0,0.0
0,0,0,0,26,0.14,76.6,4.2,222,2026-09-24 05:00:00,PT5M,0.0,0.0,0.0,0.0,0.0
0,0,0,0,26,0.14,76.6,4.2,221,2026-09-24 05:05:00,PT5M,0.0,0.0,0.0,0.0,0.0
0,0,0,0,26,0.14,76.6,4.2,221,2026-09-24 05:10:00,PT5M,0.0,0.0,0.0,0.0,0.0
0,0,0,0,26,0.14,76.6,4.2,221,2026-09-24 05:15:00,PT5M,0.0,0.0,0.0,0.0,0.0
0,0,0,0,26,0.14,76.6,4.2,221,2026-09-24 05:20:00,PT5M,0.0,0.0,0.0,0.0,0.0
0,0,0,0,26,0.14,76.6,4.1,221,2026-09-24 05:25:00,PT5M,0.0,0.0,0.0,0.0,0.0
0,0,0,0,26,0.14,76.7,4.1,221,2026-09-24 05:30:00,PT5M,0.0,0.0,0.0,0.0,0.0
0,0,0,0,26,0.14,76.4,4.1,221,2026-09-24 05:35:00,PT5M,0.0,0.0,0.0,0.0,0.0
0,0,0,0,26,0.14,75.9,4.2,222,2026-09-24 05:40:00,PT5M,0.0,0.0,0.0,0.0,0.0
0,0,0,0,26,0.14,75.3,4.2,222,2026-09-24 05:45:00,PT5M,0.0,0.0,0.0,0.0,0.0
0,0,0,0,26,0.14,74.8,4.2,222,2026-09-24 05:50:00,PT5M,0.0,0.0,0.0,0.0,0.0
0,0,0,0,26,0.14,74.3,4.3,223,2026-09-24 05:55:00,PT5M,0.0,0.0,0.0,0.0,0.0
1,1,0,1,26,0.14,73.7,4.3,223,2026-09-24 06:00:00,PT5M,0.0,0.0,0.0,0.0,0.0
6,6,0,6,26,0.14,73.2,4.4,223,2026-09-24 06:05:00,PT5M,0.113,0.4395,0.2848,0.0,0.0
12,12,0,12,26,0.14,72.7,4.4,224,2026-09-24 06:10:00,PT5M,0.938,1.9565,1.474,0.402,0.0
19,19,0,19,27,0.14,72.2,4.4,224,2026-09-24 06:15:00,PT5M,1.864,3.8225,2.8948,0.8332,0.0
27,27,0,27,27,0.14,71.7,4.5,224,2026-09-24 06:20:00,PT5M,2.884,6.1095,4.5816,1.1864,0.0
36,36,0,36,27,0.14,71.2,4.5,225,2026-09-24 06:25:00,PT5M,4.015,8.583,6.4192,1.6108,0.0
47,47,0,47,27,0.14,70.7,4.6,225,2026-09-24 06:30:00,PT5M,5.375,11.505,8.6013,2.1487,0.0
58,58,0,58,27,0.14,70.2,4.6,225,2026-09-24 06:35:00,PT5M,6.826,14.6415,10.9394,2.7126,0.0
70,70,0,70,27,0.14,69.7,4.6,225,2026-09-24 06:40:00,PT5M,8.302,17.85,13.3272,3.2768,0.0
83,84,4,83,27,0.14,69.2,4.7,226,2026-09-24 06:45:00,PT5M,10.064,21.333,15.995,4.133,0.0
97,98,24,92,27,0.14,68.7,4.7,226,2026-09-24 06:50:00,PT5M,12.649,25.631,19.4815,5.8165,0.0
112,113,46,102,27,0.14,68.2,4.8,226,2026-09-24 06:55:00,PT5M,15.379,30.1045,23.1291,7.6289,0.6535
128,128,67,110,28,0.14,67.8,4.8,227,2026-09-24 07:00:00,PT5M,18.354,34.902,27.0633,9.6447,1.806
144,144,86,119,28,0.14,67.3,4.8,227,2026-09-24 07:05:00,PT5M,21.418,39.905,31.1478,11.6882,2.931
160,160,106,128,28,0.14,66.8,4.9,227,2026-09-24 07:10:00,PT5M,24.668,45.1715,35.4591,13.8769,4.1645
177,177,126,136,28,0.14,66.4,4.9,227,2026-09-24 07:15:00,PT5M,28.205,50.7415,40.0661,16.3439,5.6685
194,194,147,143,28,0.14,65.9,5.0,228,2026-09-24 07:20:00,PT5M,31.91,56.5315,44.8685,18.9515,7.2885
212,212,167,150,28,0.14,65.4,5.0,228,2026-09-24 07:25:00,PT5M,35.779,62.434,49.8077,21.7503,9.124
230,230,188,157,28,0.14,65.0,5.0,228,2026-09-24 07:30:00,PT5M,39.815,68.4995,54.9119,24.7181,11.1305
248,248,208,163,28,0.14,64.5,5.1,228,2026-09-24 07:35:00,PT5M,44.018,74.7425,60.1885,27.8475,13.2935
267,267,230,169,29,0.14,64.1,5.1,229,2026-09-24 07:40:00,PT5M,48.356,81.185,65.6341,31.0779,15.527
287,286,251,174,29,0.14,63.6,5.2,229,2026-09-24 07:45:00,PT5M,52.076,85.9945,69.9275,34.2245,18.1575
307,306,273,179,29,0.14,63.2,5.2,229,2026-09-24 07:50:00,PT5M,55.43,89.892,73.5676,37.2924,20.968
327,326,296,183,29,0.14,62.8,5.2,229,2026-09-24 07:55:00,PT5M,58.731,93.6725,77.121,40.341,23.7895
347,347,318,187,29,0.14,62.3,5.3,229,2026-09-24 08:00:00,PT5M,61.966,97.3195,80.5728,43.3592,26.6125
368,367,342,189,29,0.14,61.9,5.3,230,2026-09-24 08:05:00,PT5M,65.147,100.0,83.9367,46.3573,29.446
390,388,365,191,29,0.14,61.5,5.4,230,2026-09-24 08:10:00,PT5M,68.254,100.0,87.1868,49.3212,32.281
411,410,390,193,29,0.14,61.1,5.4,230,2026-09-24 08:15:00,PT5M,71.213,100.0,90.2387,52.1873,35.0635
433,431,414,193,29,0.14,60.6,5.4,230,2026-09-24 08:20:00,PT5M,74.064,100.0,93.1287,54.9993,37.8405
455,453,439,193,30,0.14,60.2,5.5,231,2026-09-24 08:25:00,PT5M,76.759,100.0,95.8018,57.7162,40.577
477,475,464,192,30,0.14,59.8,5.5,231,2026-09-24 08:30:00,PT5M,79.351,100.0,98.3417,60.3603,43.268
497,495,481,193,30,0.14,59.3,5.6,231,2026-09-24 08:35:00,PT5M,81.216,100.0,100.0,62.2584,45.196
514,511,490,196,30,0.14,58.6,5.6,231,2026-09-24 08:40:00,PT5M,82.378,100.0,100.0,63.4257,46.368
530,528,498,199,30,0.14,57.9,5.6,231,2026-09-24 08:45:00,PT5M,83.474,100.0,100.0,64.5377,47.4945
547,544,506,202,30,0.14,57.2,5.6,231,2026-09-24 08:50:00,PT5M,84.516,100.0,100.0,65.6053,48.585
563,560,514,205,30,0.14,56.6,5.6,231,2026-09-24 08:55:00,PT5M,85.509,100.0,100.0,66.6054,49.5915
579,576,522,207,31,0.14,56.0,5.7,231,2026-09-24 09:00:00,PT5M,86.455,100.0,100.0,67.5964,50.623
595,593,531,209,31,0.14,55.3,5.7,231,2026-09-24 09:05:00,PT5M,87.486,100.0,100.0,68.6874,51.768
612,609,540,211,31,0.14,54.7,5.7,231,2026-09-24 09:10:00,PT5M,88.47,100.0,100.0,69.8793,53.147
628,624,549,212,31,0.14,54.1,5.7,231,2026-09-24 09:15:00,PT5M,89.453,100.0,100.0,71.0788,54.5415
643,640,558,213,31,0.14,53.4,5.7,231,2026-09-24 09:20:00,PT5M,90.351,100.0,100.0,72.1908,55.846
659,655,567,214,31,0.14,52.8,5.8,231,2026-09-24 09:25:00,PT5M,91.211,100.0,100.0,73.2613,57.106
674,670,575,215,32,0.14,52.2,5.8,232,2026-09-24 09:30:00,PT5M,92.036,100.0,100.0,74.2934,58.3245
688,685,583,215,32,0.14,51.6,5.8,232,2026-09-24 09:35:00,PT5M,92.825,100.0,100.0,75.2769,59.483
703,699,592,216,32,0.14,51.1,5.8,232,2026-09-24 09:40:00,PT5M,93.582,100.0,100.0,76.2149,60.584
717,713,599,216,32,0.14,50.5,5.8,232,2026-09-24 09:45:00,PT5M,94.254,100.0,100.0,77.0593,61.5835
730,726,605,217,32,0.14,49.9,5.9,232,2026-09-24 09:50:00,PT5M,94.889,100.0,100.0,77.8611,62.5355
743,739,612,217,32,0.14,49.3,5.9,232,2026-09-24 09:55:00,PT5M,95.497,100.0,100.0,78.631,63.451
756,752,619,217,32,0.14,48.8,5.9,232,2026-09-24 10:00:00,PT5M,96.076,100.0,100.0,79.3644,64.3235
768,764,625,218,33,0.14,48.2,5.9,232,2026-09-24 10:05:00,PT5M,96.618,100.0,100.0,80.0538,65.1455
780,775,630,218,33,0.14,47.7,5.9,232,2026-09-24 10:10:00,PT5M,97.124,100.0,100.0,80.7003,65.9185
791,787,636,218,33,0.14,47.2,6.0,232,2026-09-24 10:15:00,PT5M,97.604,100.0,100.0,81.3156,66.6555
802,798,641,218,33,0.14,46.6,6.0,232,2026-09-24 10:20:00,PT5M,98.058,100.0,100.0,81.8991,67.3555
813,808,647,218,33,0.14,46.1,6.0,232,2026-09-24 10:25:00,PT5M,98.492,100.0,100.0,82.4578,68.0265
823,818,652,218,33,0.14,45.6,6.0,232,2026-09-24 10:30:00,PT5M,98.905,100.0,100.0,82.9908,68.6675
832,827,656,218,34,0.14,45.1,6.0,232,2026-09-24 10:35:00,PT5M,99.232,100.0,100.0,83.4223,69.193
840,836,659,219,34,0.14,44.6,6.1,232,2026-09-24 10:40:00,PT5M,99.474,100.0,100.0,83.7522,69.602
848,843,661,220,34,0.14,44.1,6.1,232,2026-09-24 10:45:00,PT5M,99.693,100.0,100.0,84.0525,69.9755
855,851,664,220,34,0.14,43.6,6.1,232,2026-09-24 10:50:00,PT5M,99.888,100.0,100.0,84.3209,70.31
862,857,666,221,34,0.14,43.1,6.1,232,2026-09-24 10:55:00,PT5M,100.0,100.0,100.0,84.4947,70.5395
869,864,668,221,34,0.14,42.6,6.1,232,2026-09-24 11:00:00,PT5M,100.0,100.0,100.0,84.5358,70.6175
875,869,670,222,34,0.14,42.1,6.2,233,2026-09-24 11:05:00,PT5M,100.0,100.0,100.0,84.586,70.713
880,875,671,223,35,0.14,41.7,6.2,233,2026-09-24 11:10:00,PT5M,100.0,100.0,100.0,84.6379,70.8115
885,879,672,224,35,0.14,41.2,6.2,233,2026-09-24 11:15:00,PT5M,100.0,100.0,100.0,84.6768,70.8855
889,884,673,224,35,0.14,40.7,6.2,233,2026-09-24 11:20:00,PT5M,100.0,100.0,100.0,84.7037,70.9365
893,887,674,225,35,0.14,40.3,6.2,233,2026-09-24 11:25:00,PT5M,100.0,100.0,100.0,84.7234,70.974
896,891,675,225,35,0.14,39.8,6.3,233,2026-09-24 11:30:00,PT5M,100.0,100.0,100.0,84.736,70.998
897,892,673,227,35,0.14,39.6,6.3,233,2026-09-24 11:35:00,PT5M,100.0,100.0,100.0,84.7453,71.0155
897,892,668,230,35,0.14,39.6,6.3,233,2026-09-24 11:40:00,PT5M,100.0,100.0,100.0,84.75,71.0245
897,891,663,233,35,0.14,39.6,6.3,233,2026-09-24 11:45:00,PT5M,100.0,100.0,100.0,84.7476,71.02
895,890,658,236,35,0.14,39.6,6.3,233,2026-09-24 11:50:00,PT5M,99.839,100.0,100.0,84.5769,70.8405
893,888,653,240,35,0.14,39.6,6.4,233,2026-09-24 11:55:00,PT5M,99.56,100.0,100.0,84.2808,70.529
891,886,648,243,35,0.14,39.6,6.4,233,2026-09-24 12:00:00,PT5M,99.288,100.0,100.0,83.984,70.21
888,883,642,245,35,0.14,39.6,6.4,233,2026-09-24 12:05:00,PT5M,99.076,100.0,100.0,83.741,69.939
885,880,637,248,35,0.14,39.6,6.4,233,2026-09-24 12:10:00,PT5M,98.846,100.0,100.0,83.4734,69.6375
881,876,631,250,35,0.14,39.6,6.4,233,2026-09-24 12:15:00,PT5M,98.59,100.0,100.0,83.1726,69.2965
876,871,625,253,35,0.14,39.5,6.5,233,2026-09-24 12:20:00,PT5M,98.311,100.0,100.0,82.842,68.9195
871,866,619,255,35,0.14,39.5,6.5,233,2026-09-24 12:25:00,PT5M,98.008,100.0,100.0,82.4809,68.506
866,861,613,257,35,0.14,39.5,6.5,232,2026-09-24 12:30:00,PT5M,97.683,100.0,100.0,82.0917,68.059
860,855,607,260,35,0.14,39.5,6.5,232,2026-09-24 12:35:00,PT5M,97.336,100.0,100.0,81.6749,67.5795
853,849,601,262,35,0.14,39.5,6.5,232,2026-09-24 12:40:00,PT5M,96.966,100.0,100.0,81.2286,67.0645
846,842,595,263,35,0.14,39.5,6.6,232,2026-09-24 12:45:00,PT5M,96.573,100.0,100.0,80.7519,66.5125
839,835,588,265,35,0.14,39.5,6.6,232,2026-09-24 12:50:00,PT5M,96.152,100.0,100.0,80.2323,65.904
831,827,582,267,35,0.14,39.5,6.6,232,2026-09-24 12:55:00,PT5M,95.708,100.0,100.0,79.6862,65.266
823,819,575,268,35,0.14,39.5,6.6,232,2026-09-24 13:00:00,PT5M,95.25,100.0,100.0,79.1353,64.6315
815,810,568,269,35,0.14,39.5,6.6,232,2026-09-24 13:05:00,PT5M,94.763,100.0,100.0,78.5512,63.96
805,801,561,271,35,0.14,39.5,6.7,232,2026-09-24 13:10:00,PT5M,94.232,100.0,100.0,77.9046,63.2095
796,792,553,272,35,0.14,39.5,6.7,232,2026-09-24 13:15:00,PT5M,93.671,100.0,100.0,77.2205,62.4145
786,782,546,273,35,0.14,39.5,6.7,232,2026-09-24 13:20:00,PT5M,93.081,100.0,100.0,76.5018,61.58
776,772,539,274,35,0.14,39.5,6.7,232,2026-09-24 13:25:00,PT5M,92.462,100.0,100.0,75.7496,60.708
765,761,531,275,35,0.14,39.5,6.7,232,2026-09-24 13:30:00,PT5M,91.858,100.0,100.0,75.0088,59.844
754,750,523,276,35,0.14,39.5,6.8,232,2026-09-24 13:35:00,PT5M,91.18,100.0,100.0,74.19,58.8985
742,739,516,276,35,0.14,39.5,6.8,232,2026-09-24 13:40:00,PT5M,90.479,100.0,100.0,73.3451,57.924
731,727,508,276,35,0.14,39.4,6.8,232,2026-09-24 13:45:00,PT5M,89.748,100.0,100.0,72.4657,56.911
719,715,500,276,35,0.14,39.4,6.8,232,2026-09-24 13:50:00,PT5M,88.986,100.0,100.0,71.5508,55.8585
706,703,493,275,35,0.14,39.4,6.8,232,2026-09-24 13:55:00,PT5M,88.192,100.0,100.0,70.5997,54.766
694,690,485,275,35,0.14,39.4,6.9,232,2026-09-24 14:00:00,PT5M,87.366,100.0,100.0,69.6121,53.633
681,678,477,274,35,0.14,39.4,6.9,232,2026-09-24 14:05:00,PT5M,86.518,100.0,100.0,68.5972,52.468
667,664,470,273,35,0.14,39.4,6.9,232,2026-09-24 14:10:00,PT5M,85.65,100.0,100.0,67.559,51.2765
654,651,462,271,35,0.14,39.4,6.9,232,2026-09-24 14:15:00,PT5M,84.752,100.0,100.0,66.487,50.048
640,637,454,270,35,0.14,39.4,6.9,232,2026-09-24 14:20:00,PT5M,83.779,100.0,100.0,65.3335,48.732
626,623,445,268,35,0.14,39.4,7.0,232,2026-09-24 14:25:00,PT5M,82.756,100.0,100.0,64.126,47.3585
611,608,436,266,35,0.14,39.4,7.0,232,2026-09-24 14:30:00,PT5M,81.698,100.0,100.0,62.8804,45.944
596,593,427,264,35,0.14,39.5,7.0,232,2026-09-24 14:35:00,PT5M,80.552,100.0,99.5009,61.6031,44.5485
580,578,416,263,35,0.14,39.8,7.0,232,2026-09-24 14:40:00,PT5M,79.314,100.0,98.3374,60.2906,43.169
564,562,405,261,35,0.14,40.1,7.0,232,2026-09-24 14:45:00,PT5M,78.034,100.0,97.1263,58.9417,41.758
548,546,394,258,35,0.14,40.4,7.0,232,2026-09-24 14:50:00,PT5M,76.711,100.0,95.8654,57.5566,40.317
531,529,384,256,35,0.14,40.7,7.0,231,2026-09-24 14:55:00,PT5M,75.343,100.0,94.5522,56.1338,38.845
515,514,374,253,35,0.14,41.0,7.0,231,2026-09-24 15:00:00,PT5M,74.0,100.0,93.2247,54.7753,37.4725
499,498,363,250,35,0.14,41.3,7.0,231,2026-09-24 15:05:00,PT5M,72.621,100.0,91.8678,53.3742,36.0515
483,481,353,246,34,0.14,41.6,7.0,231,2026-09-24 15:10:00,PT5M,71.154,100.0,90.4039,51.9041,34.5785
466,465,342,243,34,0.14,42.0,7.0,231,2026-09-24 15:15:00,PT5M,69.629,100.0,88.8697,50.3883,33.071
450,448,330,239,34,0.14,42.3,7.0,231,2026-09-24 15:20:00,PT5M,68.034,100.0,87.2534,48.8146,31.5165
433,432,319,235,34,0.14,42.6,7.0,231,2026-09-24 15:25:00,PT5M,66.369,100.0,85.5508,47.1872,29.923
416,415,308,231,34,0.14,42.9,7.0,231,2026-09-24 15:30:00,PT5M,64.63,100.0,83.7539,45.5061,28.294
399,398,296,226,34,0.14,43.2,7.0,231,2026-09-24 15:35:00,PT5M,62.811,98.991,81.8528,43.7692,26.631
382,381,284,221,34,0.14,43.6,7.0,230,2026-09-24 15:40:00,PT5M,60.896,96.845,79.8162,41.9758,24.947
365,364,271,216,34,0.14,43.9,7.0,230,2026-09-24 15:45:00,PT5M,58.865,94.4795,77.6092,40.1208,23.2505
348,347,259,211,33,0.14,44.2,7.0,230,2026-09-24 15:50:00,PT5M,56.722,91.913,75.2433,38.2007,21.531
331,330,246,205,33,0.14,44.5,7.0,230,2026-09-24 15:55:00,PT5M,54.473,89.1565,72.7272,36.2188,19.7895
314,313,233,199,33,0.14,44.9,7.0,230,2026-09-24 16:00:00,PT5M,52.128,86.2305,70.0764,34.1796,18.0255
297,297,220,193,33,0.14,45.2,7.0,230,2026-09-24 16:05:00,PT5M,49.815,83.2995,67.4381,32.1919,16.3305
280,280,208,186,33,0.14,45.6,7.0,230,2026-09-24 16:10:00,PT5M,47.431,80.2695,64.7141,30.1479,14.5925
264,263,195,179,33,0.14,45.9,7.0,230,2026-09-24 16:15:00,PT5M,44.979,77.119,61.8945,28.0635,12.839
247,247,183,171,33,0.14,46.3,7.0,230,2026-09-24 16:20:00,PT5M,41.765,71.901,57.6258,25.9042,11.629
231,231,170,164,33,0.14,46.6,7.0,229,2026-09-24 16:25:00,PT5M,38.487,66.543,53.2531,23.7209,10.431
215,215,157,156,32,0.14,47.0,7.0,229,2026-09-24 16:30:00,PT5M,35.249,61.2105,48.9127,21.5853,9.2875
199,199,143,148,32,0.14,47.3,7.0,229,2026-09-24 16:35:00,PT5M,32.061,55.9865,44.6532,19.4688,8.1355
183,183,129,140,32,0.14,47.7,7.0,229,2026-09-24 16:40:00,PT5M,28.932,50.8285,40.4563,17.4077,7.0355
167,167,115,131,32,0.14,48.0,7.0,229,2026-09-24 16:45:00,PT5M,25.851,45.7325,36.3148,15.3872,5.9695
152,152,100,123,32,0.14,48.4,7.0,229,2026-09-24 16:50:00,PT5M,22.857,40.7485,32.2734,13.4406,4.9655
137,137,84,114,32,0.14,48.8,7.0,229,2026-09-24 16:55:00,PT5M,20.057,36.001,28.4484,11.6656,4.113
121,122,66,105,32,0.14,49.1,7.0,229,2026-09-24 17:00:00,PT5M,17.198,31.269,24.6037,9.7923,3.127
106,107,46,96,32,0.14,49.5,7.0,229,2026-09-24 17:05:00,PT5M,14.399,26.712,20.8794,7.9186,2.086
92,92,25,87,31,0.14,49.9,7.0,228,2026-09-24 17:10:00,PT5M,11.772,22.411,17.3714,6.1726,1.133
78,78,5,77,31,0.14,50.3,7.0,228,2026-09-24 17:15:00,PT5M,9.334,18.3295,14.0684,4.5996,0.3385
65,65,0,65,31,0.14,50.7,7.0,228,2026-09-24 17:20:00,PT5M,7.643,15.011,11.5208,3.7652,0.275
53,53,0,53,31,0.14,51.1,7.0,228,2026-09-24 17:25:00,PT5M,6.182,11.9755,9.2312,3.1328,0.3885
42,42,0,42,31,0.14,51.4,7.0,228,2026-09-24 17:30:00,PT5M,4.731,9.0365,6.997,2.465,0.4255
32,33,0,33,31,0.14,51.8,7.0,228,2026-09-24 17:35:00,PT5M,3.487,6.5475,5.0978,1.8762,0.4265
24,24,0,24,31,0.14,52.2,7.0,228,2026-09-24 17:40:00,PT5M,2.402,4.401,3.4541,1.3499,0.403
16,16,0,16,31,0.14,52.6,6.9,227,2026-09-24 17:45:00,PT5M,1.407,2.586,2.0275,0.7865,0.228
9,9,0,9,31,0.14,53.0,6.9,227,2026-09-24 17:50:00,PT5M,0.502,1.03,0.7799,0.2241,0.0
3,3,0,3,30,0.14,53.4,6.9,227,2026-09-24 17:55:00,PT5M,0.0,0.0,0.0,0.0,0.0
0,0,0,0,30,0.14,53.8,6.8,227,2026-09-24 18:00:00,PT5M,0.0,0.0,0.0,0.0,0.0
0,0,0,0,30,0.14,54.2,6.8,227,2026-09-24 18:05:00,PT5M,0.0,0.0,0.0,0.0,0.0
0,0,0,0,30,0.14,54.6,6.8,227,2026-09-24 18:10:00,PT5M,0.0,0.0,0.0,0.0,0.0
0,0,0,0,30,0.14,55.0,6.7,226,2026-09-24 18:15:00,PT5M,0.0,0.0,0.0,0.0,0.0
0,0,0,0,30,0.14,55.4,6.7,226,2026-09-24 18:20:00,PT5M,0.0,0.0,0.0,0.0,0.0
0,0,0,0,30,0.14,55.8,6.7,226,2026-09-24 18:25:00,PT5M,0.0,0.0,0.0,0.0,0.0
0,0,0,0,30,0.14,56.2,6.6,226,2026-09-24 18:30:00,PT5M,0.0,0.0,0.0,0.0,0.0
0,0,0,0,30,0.14,56.6,6.6,226,2026-09-24 18:35:00,PT5M,0.0,0.0,0.0,0.0,0.0
0,0,0,0,30,0.14,57.0,6.5,226,2026-09-24 18:40:00,PT5M,0.0,0.0,0.0,0.0,0.0
0,0,0,0,30,0.14,57.4,6.5,225,2026-09-24 18:45:00,PT5M,0.0,0.0,0.0,0.0,0.0
0,0,0,0,30,0.14,57.9,6.5,225,2026-09-24 18:50:00,PT5M,0.0,0.0,0.0,0.0,0.0
0,0,0,0,29,0.14,58.3,6.4,225,2026-09-24 18:55:00,PT5M,0.0,0.0,0.0,0.0,0.0
0,0,0,0,29,0.14,58.7,6.4,225,2026-09-24 19:00:00,PT5M,0.0,0.0,0.0,0.0,0.0
0,0,0,0,29,0.14,59.2,6.4,225,2026-09-24 19:05:00,PT5M,0.0,0.0,0.0,0.0,0.0
0,0,0,0,29,0.14,59.6,6.3,224,2026-09-24 19:10:00,PT5M,0.0,0.0,0.0,0.0,0.0
0,0,0,0,29,0.14,60.0,6.3,224,2026-09-24 19:15:00,PT5M,0.0,0.0,0.0,0.0,0.0
0,0,0,0,29,0.14,60.5,6.3,224,2026-09-24 19:20:00,PT5M,0.0,0.0,0.0,0.0,0.0
0,0,0,0,29,0.14,60.9,6.3,224,2026-09-24 19:25:00,PT5M,0.0,0.0,0.0,0.0,0.0
0,0,0,0,29,0.14,61.4,6.2,224,2026-09-24 19:30:00,PT5M,0.0,0.0,0.0,0.0,0.0
0,0,0,0,29,0.14,61.8,6.2,223,2026-09-24 19:35:00,PT5M,0.0,0.0,0.0,0.0,0.0
0,0,0,0,29,0.14,62.3,6.2,223,2026-09-24 19:40:00,PT5M,0.0,0.0,0.0,0.0,0.0
0,0,0,0,29,0.14,62.8,6.1,223,2026-09-24 19:45:00,PT5M,0.0,0.0,0.0,0.0,0.0
0,0,0,0,28,0.14,63.2,6.1,223,2026-09-24 19:50:00,PT5M,0.0,0.0,0.0,0.0,0.0
0,0,0,0,28,0.14,63.7,6.1,223,2026-09-24 19:55:00,PT5M,0.0,0.0,0.0,0.0,0.0
0,0,0,0,28,0.14,64.2,6.0,222,2026-09-24 20:00:00,PT5M,0.0,0.0,0.0,0.0,0.0
0,0,0,0,28,0.14,64.7,6.0,222,2026-09-24 20:05:00,PT5M,0.0,0.0,0.0,0.0,0.0
0,0,0,0,28,0.14,65.1,6.0,222,2026-09-24 20:10:00,PT5M,0.0,0.0,0.0,0.0,0.0
0,0,0,0,28,0.14,65.6,5.9,222,2026-09-24 20:15:00,PT5M,0.0,0.0,0.0,0.0,0.0
0,0,0,0,28,0.14,66.1,5.9,221,2026-09-24 20:20:00,PT5M,0.0,0.0,0.0,0.0,0.0
0,0,0,0,28,0.14,66.6,5.9,221,2026-09-24 20:25:00,PT5M,0.0,0.0,0.0,0.0,0.0
0,0,0,0,28,0.14,67.1,5.8,221,2026-09-24 20:30:00,PT5M,0.0,0.0,0.0,0.0,0.0
0,0,0,0,28,0.14,67.4,5.8,221,2026-09-24 20:35:00,PT5M,0.0,0.0,0.0,0.0,0.0
0,0,0,0,28,0.14,67.5,5.8,221,2026-09-24 20:40:00,PT5M,0.0,0.0,0.0,0.0,0.0
0,0,0,0,28,0.14,67.7,5.8,221,2026-09-24 20:45:00,PT5M,0.0,0.0,0.0,0.0,0.0
0,0,0,0,28,0.14,67.8,5.8,221,2026-09-24 20:50:00,PT5M,0.0,0.0,0.0,0.0,0.0
0,0,0,0,28,0.14,67.9,5.8,221,2026-09-24 20:55:00,PT5M,0.0,0.0,0.0,0.0,0.0
0,0,0,0,28,0.14,68.1,5.8,221,2026-09-24 21:00:00,PT5M,0.0,0.0,0.0,0.0,0.0
0,0,0,0,28,0.14,68.2,5.8,221,2026-09-24 21:05:00,PT5M,0.0,0.0,0.0,0.0,0.0
0,0,0,0,28,0.14,68.3,5.8,221,2026-09-24 21:10:00,PT5M,0.0,0.0,0.0,0.0,0.0
0,0,0,0,28,0.14,68.5,5.8,221,2026-09-24 21:15:00,PT5M,0.0,0.0,0.0,0.0,0.0
0,0,0,0,28,0.14,68.6,5.8,221,2026-09-24 21:20:00,PT5M,0.0,0.0,0.0,0.0,0.0
0,0,0,0,27,0.14,68.8,5.8,221,2026-09-24 21:25:00,PT5M,0.0,0.0,0.0,0.0,0.0
0,0,0,0,27,0.14,68.9,5.8,221,2026-09-24 21:30:00,PT5M,0.0,0.0,0.0,0.0,0.0
0,0,0,0,27,0.14,69.0,5.8,221,2026-09-24 21:35:00,PT5M,0.0,0.0,0.0,0.0,0.0
0,0,0,0,27,0.14,69.2,5.8,221,2026-09-24 21:40:00,PT5M,0.0,0.0,0.0,0.0,0.0
0,0,0,0,27,0.14,69.3,5.8,221,2026-09-24 21:45:00,PT5M,0.0,0.0,0.0,0.0,0.0
0,0,0,0,27,0.14,69.4,5.8,220,2026-09-24 21:50:00,PT5M,0.0,0.0,0.0,0.0,0.0
0,0,0,0,27,0.14,69.6,5.8,220,2026-09-24 21:55:00,PT5M,0.0,0.0,0.0,0.0,0.0
0,0,0,0,27,0.14,69.7,5.8,220,2026-09-24 22:00:00,PT5M,0.0,0.0,0.0,0.0,0.0
0,0,0,0,27,0.14,69.9,5.8,220,2026-09-24 22:05:00,PT5M,0.0,0.0,0.0,0.0,0.0
0,0,0,0,27,0.14,70.0,5.8,220,2026-09-24 22:10:00,PT5M,0.0,0.0,0.0,0.0,0.0
0,0,0,0,27,0.14,70.1,5.8,220,2026-09-24 22:15:00,PT5M,0.0,0.0,0.0,0.0,0.0
0,0,0,0,27,0.14,70.3,5.8,220,2026-09-24 22:20:00,PT5M,0.0,0.0,0.0,0.0,0.0
0,0,0,0,27,0.14,70.4,5.8,220,2026-09-24 22:25:00,PT5M,0.0,0.0,0.0,0.0,0.0
0,0,0,0,27,0.14,70.5,5.8,220,2026-09-24 22:30:00,PT5M,0.0,0.0,0.0,0.0,0.0
0,0,0,0,27,0.14,70.7,5.8,220,2026-09-24 22:35:00,PT5M,0.0,0.0,0.0,0.0,0.0
0,0,0,0,27,0.14,70.8,5.8,220,2026-09-24 22:40:00,PT5M,0.0,0.0,0.0,0.0,0.0
0,0,0,0,27,0.14,71.0,5.8,220,2026-09-24 22:45:00,PT5M,0.0,0.0,0.0,0.0,0.0
0,0,0,0,27,0.14,71.1,5.8,220,2026-09-24 22:50:00,PT5M,0.0,0.0,0.0,0.0,0.0
0,0,0,0,27,0.14,71.2,5.8,220,2026-09-24 22:55:00,PT5M,0.0,0.0,0.0,0.0,0.0
0,0,0,0,27,0.14,71.4,5.8,220,2026-09-24 23:00:00,PT5M,0.0,0.0,0.0,0.0,0.0
0,0,0,0,27,0.14,71.5,5.8,220,2026-09-24 23:05:00,PT5M,0.0,0.0,0.0,0.0,0.0
0,0,0,0,27,0.14,71.7,5.8,220,2026-09-24 23:10:00,PT5M,0.0,0.0,0.0,0.0,0.0
0,0,0,0,27,0.14,71.8,5.8,220,2026-09-24 23:15:00,PT5M,0.0,0.0,0.0,0.0,0.0
0,0,0,0,27,0.14,72.0,5.8,220,2026-09-24 23:20:00,PT5M,0.0,0.0,0.0,0.0,0.0
0,0,0,0,27,0.14,72.1,5.8,220,2026-09-24 23:25:00,PT5M,0.0,0.0,0.0,0.0,0.0
0,0,0,0,27,0.14,72.2,5.7,220,2026-09-24 23:30:00,PT5M,0.0,0.0,0.0,0.0,0.0
0,0,0,0,27,0.14,72.3,5.7,220,2026-09-24 23:35:00,PT5M,0.0,0.0,0.0,0.0,0.0
0,0,0,0,27,0.14,72.3,5.7,220,2026-09-24 23:40:00,PT5M,0.0,0.0,0.0,0.0,0.0
0,0,0,0,27,0.14,72.3,5.7,220,2026-09-24 23:45:00,PT5M,0.0,0.0,0.0,0.0,0.0
0,0,0,0,27,0.14,72.3,5.7,220,2026-09-24 23:50:00,PT5M,0.0,0.0,0.0,0.0,0.0
0,0,0,0,27,0.14,72.3,5.7,220,2026-09-24 23:55:00,PT5M,0.0,0.0,0.0,0.0,0.0
0,0,0,0,27,0.14,72.3,5.7,220,2026-09-25 00:00:00,PT5M,0.0,0.0,0.0,0.0,0.0
0,0,0,0,27,0.14,72.3,5.7,220,2026-09-25 00:05:00,PT5M,0.0,0.0,0.0,0.0,0.0
0,0,0,0,27,0.14,72.3,5.7,220,2026-09-25 00:10:00,PT5M,0.0,0.0,0.0,0.0,0.0
0,0,0,0,27,0.14,72.3,5.7,220,2026-09-25 00:15:00,PT5M,0.0,0.0,0.0,0.0,0.0
0,0,0,0,27,0.14,72.3,5.7,220,2026-09-25 00:20:00,PT5M,0.0,0.0,0.0,0.0,0.0
0,0,0,0,27,0.14,72.3,5.7,220,2026-09-25 00:25:00,PT5M,0.0,0.0,0.0,0.0,0.0
0,0,0,0,27,0.14,72.3,5.7,220,2026-09-25 00:30:00,PT5M,0.0,0.0,0.0,0.0,0.0
0,0,0,0,27,0.14,72.3,5.6,220,2026-09-25 00:35:00,PT5M,0.0,0.0,0.0,0.0,0.0
0,0,0,0,27,0.14,72.3,5.6,221,2026-09-25 00:40:00,PT5M,0.0,0.0,0.0,0.0,0.0
0,0,0,0,27,0.14,72.3,5.6,221,2026-09-25 00:45:00,PT5M,0.0,0.0,0.0,0.0,0.0
0,0,0,0,27,0.14,72.3,5.6,221,2026-09-25 00:50:00,PT5M,0.0,0.0,0.0,0.0,0.0
0,0,0,0,27,0.14,72.3,5.6,221,2026-09-25 00:55:00,PT5M,0.0,0.0,0.0,0.0,0.0
0,0,0,0,27,0.14,72.3,5.6,221,2026-09-25 01:00:00,PT5M,0.0,0.0,0.0,0.0,0.0
0,0,0,0,27,0.14,72.3,5.6,221,2026-09-25 01:05:00,PT5M,0.0,0.0,0.0,0.0,0.0
0,0,0,0,27,0.14,72.3,5.6,221,2026-09-25 01:10:00,PT5M,0.0,0.0,0.0,0.0,0.0
0,0,0,0,27,0.14,72.3,5.6,221,2026-09-25 01:15:00,PT5M,0.0,0.0,0.0,0.0,0.0
0,0,0,0,27,0.14,72.3,5.6,221,2026-09-25 01:20:00,PT5M,0.0,0.0,0.0,0.0,0.0
0,0,0,0,27,0.14,72.3,5.6,221,2026-09-25 01:25:00,PT5M,0.0,0.0,0.0,0.0,0.0
0,0,0,0,27,0.14,72.3,5.6,221,2026-09-25 01:30:00,PT5M,0.0,0.0,0.0,0.0,0.0
0,0,0,0,27,0.14,72.3,5.5,221,2026-09-25 01:35:00,PT5M,0.0,0.0,0.0,0.0,0.0
0,0,0,0,27,0.14,72.3,5.5,221,2026-09-25 01:40:00,PT5M,0.0,0.0,0.0,0.0,0.0
0,0,0,0,27,0.14,72.3,5.5,221,2026-09-25 01:45:00,PT5M,0.0,0.0,0.0,0.0,0.0
0,0,0,0,27,0.14,72.3,5.5,221,2026-09-25 01:50:00,PT5M,0.0,0.0,0.0,0.0,0.0
0,0,0,0,27,0.14,72.3,5.5,221,2026-09-25 01:55:00,PT5M,0.0,0.0,0.0,0.0,0.0
0,0,0,0,27,0.14,72.3,5.5,221,2026-09-25 02:00:00,PT5M,0.0,0.0,0.0,0.0,0.0
0,0,0,0,27,0.14,72.3,5.5,221,2026-09-25 02:05:00,PT5M,0.0,0.0,0.0,0.0,0.0
0,0,0,0,26,0.14,72.3,5.5,221,2026-09-25 02:10:00,PT5M,0.0,0.0,0.0,0.0,0.0
0,0,0,0,26,0.14,72.2,5.5,221,2026-09-25 02:15:00,PT5M,0.0,0.0,0.0,0.0,0.0
0,0,0,0,26,0.14,72.2,5.5,221,2026-09-25 02:20:00,PT5M,0.0,0.0,0.0,0.0,0.0
0,0,0,0,26,0.14,72.2,5.5,221,2026-09-25 02:25:00,PT5M,0.0,0.0,0.0,0.0,0.0
0,0,0,0,26,0.14,72.2,5.5,221,2026-09-25 02:30:00,PT5M,0.0,0.0,0.0,0.0,0.0
0,0,0,0,26,0.14,72.3,5.5,221,2026-09-25 02:35:00,PT5M,0.0,0.0,0.0,0.0,0.0
0,0,0,0,26,0.14,72.3,5.5,221,2026-09-25 02:40:00,PT5M,0.0,0.0,0.0,0.0,0.0
0,0,0,0,26,0.14,72.4,5.5,222,2026-09-25 02:45:00,PT5M,0.0,0.0,0.0,0.0,0.0
0,0,0,0,26,0.14,72.4,5.5,222,2026-09-25 02:50:00,PT5M,0.0,0.0,0.0,0.0,0.0
0,0,0,0,26,0.14,72.5,5.5,222,2026-09-25 02:55:00,PT5M,0.0,0.0,0.0,0.0,0.0
0,0,0,0,26,0.14,72.5,5.5,222,2026-09-25 03:00:00,PT5M,0.0,0.0,0.0,0.0,0.0
0,0,0,0,26,0.14,72.6,5.5,222,2026-09-25 03:05:00,PT5M,0.0,0.0,0.0,0.0,0.0
0,0,0,0,26,0.14,72.6,5.5,222,2026-09-25 03:10:00,PT5M,0.0,0.0,0.0,0.0,0.0
0,0,0,0,26,0.14,72.6,5.5,222,2026-09-25 03:15:00,PT5M,0.0,0.0,0.0,0.0,0.0
0,0,0,0,26,0.14,72.7,5.5,222,2026-09-25 03:20:00,PT5M,0.0,0.0,0.0,0.0,0.0
0,0,0,0,26,0.14,72.7,5.4,223,2026-09-25 03:25:00,PT5M,0.0,0.0,0.0,0.0,0.0
0,0,0,0,26,0.14,72.8,5.4,223,2026-09-25 03:30:00,PT5M,0.0,0.0,0.0,0.0,0.0
0,0,0,0,26,0.14,72.8,5.4,223,2026-09-25 03:35:00,PT5M,0.0,0.0,0.0,0.0,0.0
0,0,0,0,26,0.14,72.9,5.4,223,2026-09-25 03:40:00,PT5M,0.0,0.0,0.0,0.0,0.0
0,0,0,0,26,0.14,72.9,5.4,223,2026-09-25 03:45:00,PT5M,0.0,0.0,0.0,0.0,0.0
0,0,0,0,26,0.14,73.0,5.4,223,2026-09-25 03:50:00,PT5M,0.0,0.0,0.0,0.0,0.0
0,0,0,0,26,0.14,73.0,5.4,223,2026-09-25 03:55:00,PT5M,0.0,0.0,0.0,0.0,0.0
0,0,0,0,26,0.14,73.1,5.4,223,2026-09-25 04:00:00,PT5M,0.0,0.0,0.0,0.0,0.0
0,0,0,0,26,0.14,73.1,5.4,224,2026-09-25 04:05:00,PT5M,0.0,0.0,0.0,0.0,0.0
0,0,0,0,26,0.14,73.2,5.4,224,2026-09-25 04:10:00,PT5M,0.0,0.0,0.0,0.0,0.0
0,0,0,0,26,0.14,73.2,5.4,224,2026-09-25 04:15:00,PT5M,0.0,0.0,0.0,0.0,0.0
0,0,0,0,26,0.14,73.3,5.4,224,2026-09-25 04:20:00,PT5M,0.0,0.0,0.0,0.0,0.0
0,0,0,0,26,0.14,73.3,5.4,224,2026-09-25 04:25:00,PT5M,0.0,0.0,0.0,0.0,0.0
0,0,0,0,26,0.14,73.4,5.4,224,2026-09-25 04:30:00,PT5M,0.0,0.0,0.0,0.0,0.0
0,0,0,0,26,0.14,73.4,5.4,224,2026-09-25 04:35:00,PT5M,0.0,0.0,0.0,0.0,0.0
0,0,0,0,26,0.14,73.5,5.4,224,2026-09-25 04:40:00,PT5M,0.0,0.0,0.0,0.0,0.0
0,0,0,0,26,0.14,73.5,5.4,225,2026-09-25 04:45:00,PT5M,0.0,0.0,0.0,0.0,0.0
0,0,0,0,26,0.14,73.6,5.4,225,2026-09-25 04:50:00,PT5M,0.0,0.0,0.0,0.0,0.0
0,0,0,0,26,0.14,73.6,5.4,225,2026-09-25 04:55:00,PT5M,0.0,0.0,0.0,0.0,0.0
0,0,0,0,26,0.14,73.7,5.4,225,2026-09-25 05:00:00,PT5M,0.0,0.0,0.0,0.0,0.0
0,0,0,0,26,0.14,73.7,5.4,225,2026-09-25 05:05:00,PT5M,0.0,0.0,0.0,0.0,0.0
0,0,0,0,26,0.14,73.8,5.4,225,2026-09-25 05:10:00,PT5M,0.0,0.0,0.0,0.0,0.0
0,0,0,0,26,0.14,73.8,5.4,225,2026-09-25 05:15:00,PT5M,0.0,0.0,0.0,0.0,0.0
0,0,0,0,26,0.14,73.8,5.4,225,2026-09-25 05:20:00,PT5M,0.0,0.0,0.0,0.0,0.0
0,0,0,0,26,0.14,73.9,5.4,226,2026-09-25 05:25:00,PT5M,0.0,0.0,0.0,0.0,0.0
0,0,0,0,26,0.14,73.9,5.4,226,2026-09-25 05:30:00,PT5M,0.0,0.0,0.0,0.0,0.0
0,0,0,0,26,0.14,73.7,5.5,226,2026-09-25 05:35:00,PT5M,0.0,0.0,0.0,0.0,0.0
0,0,0,0,26,0.14,73.3,5.5,226,2026-09-25 05:40:00,PT5M,0.0,0.0,0.0,0.0,0.0
0,0,0,0,26,0.14,72.8,5.5,226,2026-09-25 05:45:00,PT5M,0.0,0.0,0.0,0.0,0.0
0,0,0,0,26,0.14,72.3,5.5,226,2026-09-25 05:50:00,PT5M,0.0,0.0,0.0,0.0,0.0
0,0,0,0,27,0.14,71.9,5.6,225,2026-09-25 05:55:00,PT5M,0.0,0.0,0.0,0.0,0.0
1,1,0,1,27,0.14,71.4,5.6,225,2026-09-25 06:00:00,PT5M,0.0,0.0,0.0,0.0,0.0
6,6,0,6,27,0.14,71.0,5.6,225,2026-09-25 06:05:00,PT5M,0.09,0.4195,0.2634,0.0,0.0
12,12,0,12,27,0.14,70.5,5.7,225,2026-09-25 06:10:00,PT5M,0.884,1.8925,1.4148,0.3532,0.0
19,19,0,19,27,0.14,70.1,5.7,225,2026-09-25 06:15:00,PT5M,1.784,3.7425,2.8148,0.7532,0.0
27,27,0,27,27,0.14,69.6,5.7,225,2026-09-25 06:20:00,PT5M,2.789,6.0015,4.4798,1.0982,0.0
36,36,0,36,27,0.14,69.2,5.8,225,2026-09-25 06:25:00,PT5M,3.921,8.52,6.3415,1.5005,0.0
46,46,0,46,27,0.14,68.7,5.8,225,2026-09-25 06:30:00,PT5M,5.295,11.539,8.5813,2.0087,0.0
57,58,0,58,27,0.14,68.3,5.8,225,2026-09-25 06:35:00,PT5M,6.766,14.81,10.9996,2.5324,0.0
70,70,0,70,27,0.14,67.9,5.8,225,2026-09-25 06:40:00,PT5M,8.277,18.19,13.4943,3.0597,0.0
84,84,6,83,28,0.14,67.4,5.9,225,2026-09-25 06:45:00,PT5M,10.175,21.964,16.3796,3.9704,0.0
98,98,30,92,28,0.14,67.0,5.9,225,2026-09-25 06:50:00,PT5M,12.926,26.5925,20.1188,5.7332,0.0
114,114,54,100,28,0.14,66.6,5.9,225,2026-09-25 06:55:00,PT5M,15.865,31.4865,24.0867,7.6433,0.2435
130,130,79,109,28,0.14,66.2,6.0,225,2026-09-25 07:00:00,PT5M,19.073,36.7015,28.351,9.795,1.4445
146,146,100,117,28,0.14,65.7,6.0,225,2026-09-25 07:05:00,PT5M,22.212,41.899,32.5734,11.8506,2.525
162,162,120,125,28,0.14,65.3,6.0,225,2026-09-25 07:10:00,PT5M,25.603,47.3535,37.0504,14.1556,3.8525
179,178,141,133,28,0.14,64.9,6.0,225,2026-09-25 07:15:00,PT5M,29.19,53.0115,41.7274,16.6526,5.3685
196,196,161,140,28,0.14,64.5,6.1,224,2026-09-25 07:20:00,PT5M,32.937,58.829,46.5641,19.3099,7.045
214,213,182,147,28,0.14,64.1,6.1,224,2026-09-25 07:25:00,PT5M,36.846,64.7955,51.556,22.136,8.8965
232,231,202,153,28,0.14,63.7,6.1,224,2026-09-25 07:30:00,PT5M,40.919,70.916,56.7066,25.1314,10.922
250,250,224,159,29,0.14,63.3,6.2,224,2026-09-25 07:35:00,PT5M,45.208,77.2675,62.0811,28.3349,13.1485
270,269,247,164,29,0.14,62.9,6.2,224,2026-09-25 07:40:00,PT5M,49.748,83.949,67.7482,31.7478,15.547
289,289,270,168,29,0.14,62.5,6.2,224,2026-09-25 07:45:00,PT5M,53.555,88.753,72.08,35.03,18.357
310,309,294,172,29,0.14,62.1,6.3,224,2026-09-25 07:50:00,PT5M,57.007,92.685,75.7846,38.2294,21.329
330,329,318,175,29,0.14,61.7,6.3,224,2026-09-25 07:55:00,PT5M,60.409,96.503,79.4055,41.4125,24.315
351,350,343,178,29,0.14,61.3,6.3,224,2026-09-25 08:00:00,PT5M,63.745,100.0,82.9239,44.5661,27.3045
373,371,367,180,29,0.14,60.9,6.3,224,2026-09-25 08:05:00,PT5M,66.94,100.0,86.2542,47.6258,30.2425
394,393,392,181,29,0.14,60.6,6.4,224,2026-09-25 08:10:00,PT5M,70.045,100.0,89.4434,50.6466,33.1875
416,414,417,182,29,0.14,60.2,6.4,224,2026-09-25 08:15:00,PT5M,73.033,100.0,92.4658,53.6002,36.11
438,436,443,181,29,0.14,59.8,6.4,224,2026-09-25 08:20:00,PT5M,75.886,100.0,95.3333,56.4387,38.9355
461,458,469,181,30,0.14,59.4,6.5,224,2026-09-25 08:25:00,PT5M,78.586,100.0,97.9536,59.2184,41.787
483,481,495,179,30,0.14,59.1,6.5,224,2026-09-25 08:30:00,PT5M,81.186,100.0,100.0,61.9268,44.593
503,500,510,180,30,0.14,58.6,6.5,224,2026-09-25 08:35:00,PT5M,82.835,100.0,100.0,63.6419,46.3675
518,515,513,185,30,0.14,57.9,6.5,224,2026-09-25 08:40:00,PT5M,83.566,100.0,100.0,64.3861,47.1235
533,530,516,189,30,0.14,57.3,6.5,225,2026-09-25 08:45:00,PT5M,84.246,100.0,100.0,65.0853,47.84
548,545,519,193,30,0.14,56.7,6.6,225,2026-09-25 08:50:00,PT5M,84.887,100.0,100.0,65.7515,48.529
562,559,522,198,30,0.14,56.1,6.6,225,2026-09-25 08:55:00,PT5M,85.493,100.0,100.0,66.3886,49.194
576,573,524,202,31,0.14,55.6,6.6,225,2026-09-25 09:00:00,PT5M,86.067,100.0,100.0,67.1152,50.058
591,587,528,206,31,0.14,55.0,6.6,226,2026-09-25 09:05:00,PT5M,86.751,100.0,100.0,67.9889,51.1025
605,602,533,209,31,0.14,54.4,6.6,226,2026-09-25 09:10:00,PT5M,87.416,100.0,100.0,68.84,52.121
619,615,537,212,31,0.14,53.8,6.6,226,2026-09-25 09:15:00,PT5M,88.087,100.0,100.0,69.6928,53.1375
633,629,541,215,31,0.14,53.3,6.7,227,2026-09-25 09:20:00,PT5M,88.682,100.0,100.0,70.4649,54.069
646,642,544,218,31,0.14,52.7,6.7,227,2026-09-25 09:25:00,PT5M,89.247,100.0,100.0,71.2026,54.962
659,655,548,221,31,0.14,52.2,6.7,227,2026-09-25 09:30:00,PT5M,89.784,100.0,100.0,71.9072,55.8175
671,667,551,223,32,0.14,51.6,6.7,228,2026-09-25 09:35:00,PT5M,90.293,100.0,100.0,72.5791,56.636
683,679,554,226,32,0.14,51.1,6.7,228,2026-09-25 09:40:00,PT5M,90.776,100.0,100.0,73.2197,57.4185
695,691,556,229,32,0.14,50.6,6.7,228,2026-09-25 09:45:00,PT5M,91.182,100.0,100.0,73.7741,58.1065
706,702,558,232,32,0.14,50.0,6.8,228,2026-09-25 09:50:00,PT5M,91.557,100.0,100.0,74.2918,58.7525
716,712,560,235,32,0.14,49.5,6.8,229,2026-09-25 09:55:00,PT5M,91.911,100.0,100.0,74.7826,59.3665
726,722,561,237,32,0.14,49.0,6.8,229,2026-09-25 10:00:00,PT5M,92.242,100.0,100.0,75.2428,59.943
736,732,562,240,32,0.14,48.5,6.8,229,2026-09-25 10:05:00,PT5M,92.54,100.0,100.0,75.6624,60.472
745,741,563,243,33,0.14,48.0,6.8,230,2026-09-25 10:10:00,PT5M,92.807,100.0,100.0,76.0444,60.9575
754,750,563,246,33,0.14,47.5,6.9,230,2026-09-25 10:15:00,PT5M,93.052,100.0,100.0,76.3983,61.4095
762,758,564,249,33,0.14,47.0,6.9,230,2026-09-25 10:20:00,PT5M,93.276,100.0,100.0,76.7255,61.8295
770,766,564,252,33,0.14,46.5,6.9,230,2026-09-25 10:25:00,PT5M,93.483,100.0,100.0,77.0306,62.223
778,773,564,254,33,0.14,46.0,6.9,231,2026-09-25 10:30:00,PT5M,93.673,100.0,100.0,77.3138,62.59
785,781,565,256,33,0.14,45.6,6.9,231,2026-09-25 10:35:00,PT5M,93.903,100.0,100.0,77.6427,63.008
793,788,568,258,33,0.14,45.1,6.9,231,2026-09-25 10:40:00,PT5M,94.172,100.0,100.0,78.0167,63.4765
800,796,570,259,34,0.14,44.6,7.0,232,2026-09-25 10:45:00,PT5M,94.418,100.0,100.0,78.3622,63.9115
807,803,572,260,34,0.14,44.2,7.0,232,2026-09-25 10:50:00,PT5M,94.639,100.0,100.0,78.6748,64.3065
814,809,574,261,34,0.14,43.7,7.0,232,2026-09-25 10:55:00,PT5M,94.832,100.0,100.0,78.9475,64.651
820,815,576,262,34,0.14,43.3,7.0,232,2026-09-25 11:00:00,PT5M,94.996,100.0,100.0,79.1736,64.933
825,820,577,263,34,0.14,42.8,7.0,233,2026-09-25 11:05:00,PT5M,95.144,100.0,100.0,79.3932,65.217
830,825,578,264,34,0.14,42.4,7.1,233,2026-09-25 11:10:00,PT5M,95.269,100.0,100.0,79.5908,65.48
834,829,579,265,34,0.14,42.0,7.1,233,2026-09-25 11:15:00,PT5M,95.368,100.0,100.0,79.7493,65.692
838,833,580,266,34,0.14,41.5,7.1,233,2026-09-25 11:20:00,PT5M,95.445,100.0,100.0,79.8753,65.862
842,837,580,267,35,0.14,41.1,7.1,234,2026-09-25 11:25:00,PT5M,95.501,100.0,100.0,79.9731,65.9975
845,840,581,268,35,0.14,40.7,7.2,234,2026-09-25 11:30:00,PT5M,95.537,100.0,100.0,80.0446,66.101
848,842,581,268,35,0.14,40.4,7.2,234,2026-09-25 11:35:00,PT5M,95.57,100.0,100.0,80.1213,66.217
850,844,582,269,35,0.14,40.4,7.2,234,2026-09-25 11:40:00,PT5M,95.6,100.0,100.0,80.2021,66.3435
851,846,582,269,35,0.14,40.3,7.2,234,2026-09-25 11:45:00,PT5M,95.607,100.0,100.0,80.2533,66.4345
852,847,582,270,35,0.14,40.3,7.2,234,2026-09-25 11:50:00,PT5M,95.589,100.0,100.0,80.2724,66.487
853,848,582,270,35,0.14,40.2,7.2,234,2026-09-25 11:55:00,PT5M,95.546,100.0,100.0,80.2594,66.501
853,847,581,271,35,0.14,40.2,7.2,234,2026-09-25 12:00:00,PT5M,95.515,100.0,100.0,80.2508,66.5125
852,847,581,271,35,0.14,40.1,7.2,234,2026-09-25 12:05:00,PT5M,95.536,100.0,100.0,80.2876,66.5635
851,846,580,271,35,0.14,40.1,7.2,234,2026-09-25 12:10:00,PT5M,95.536,100.0,100.0,80.2968,66.581
849,844,579,271,35,0.14,40.0,7.2,234,2026-09-25 12:15:00,PT5M,95.511,100.0,100.0,80.2736,66.5595
847,842,579,271,35,0.14,40.0,7.2,234,2026-09-25 12:20:00,PT5M,95.463,100.0,100.0,80.2204,66.5015
845,840,578,270,35,0.14,39.9,7.2,234,2026-09-25 12:25:00,PT5M,95.391,100.0,100.0,80.1363,66.4065
842,837,577,270,35,0.14,39.9,7.2,234,2026-09-25 12:30:00,PT5M,95.297,100.0,100.0,80.0233,66.2765
838,833,575,270,35,0.14,39.8,7.3,234,2026-09-25 12:35:00,PT5M,95.182,100.0,100.0,79.872,66.0925
834,829,574,269,35,0.14,39.8,7.3,234,2026-09-25 12:40:00,PT5M,95.046,100.0,100.0,79.6805,65.851
830,825,573,268,35,0.14,39.7,7.3,234,2026-09-25 12:45:00,PT5M,94.888,100.0,100.0,79.459,65.5725
825,820,571,268,35,0.14,39.7,7.3,233,2026-09-25 12:50:00,PT5M,94.703,100.0,100.0,79.1948,65.237
819,815,569,267,35,0.14,39.6,7.3,233,2026-09-25 12:55:00,PT5M,94.499,100.0,100.0,78.909,64.8775
814,809,567,266,35,0.14,39.6,7.3,233,2026-09-25 13:00:00,PT5M,94.284,100.0,100.0,78.6219,64.5255
807,802,565,265,35,0.14,39.5,7.3,233,2026-09-25 13:05:00,PT5M,94.041,100.0,100.0,78.2992,64.131
800,796,563,265,35,0.14,39.5,7.3,233,2026-09-25 13:10:00,PT5M,93.759,100.0,100.0,77.9193,63.663
793,788,560,264,35,0.14,39.4,7.3,233,2026-09-25 13:15:00,PT5M,93.451,100.0,100.0,77.5049,63.153
785,781,557,263,35,0.14,39.4,7.3,233,2026-09-25 13:20:00,PT5M,93.118,100.0,100.0,77.0596,62.6065
777,773,554,262,35,0.14,39.3,7.3,233,2026-09-25 13:25:00,PT5M,92.761,100.0,100.0,76.5849,62.026
769,764,551,260,35,0.14,39.3,7.3,233,2026-09-25 13:30:00,PT5M,92.381,100.0,100.0,76.0831,61.4145
760,755,548,259,35,0.14,39.2,7.3,233,2026-09-25 13:35:00,PT5M,91.977,100.0,100.0,75.5736,60.81
750,746,545,258,35,0.14,39.2,7.3,233,2026-09-25 13:40:00,PT5M,91.555,100.0,100.0,75.0621,60.218
741,736,542,256,35,0.14,39.1,7.4,233,2026-09-25 13:45:00,PT5M,91.109,100.0,100.0,74.5206,59.5905
730,726,538,254,35,0.14,39.1,7.4,233,2026-09-25 13:50:00,PT5M,90.638,100.0,100.0,73.9475,58.9255
720,716,535,253,35,0.14,39.0,7.4,233,2026-09-25 13:55:00,PT5M,90.141,100.0,100.0,73.3421,58.2225
709,705,531,251,35,0.14,39.0,7.4,233,2026-09-25 14:00:00,PT5M,89.619,100.0,100.0,72.7048,57.4815
698,694,527,248,35,0.14,38.9,7.4,233,2026-09-25 14:05:00,PT5M,89.081,100.0,100.0,72.0434,56.709
686,682,524,246,35,0.14,38.9,7.4,233,2026-09-25 14:10:00,PT5M,88.525,100.0,100.0,71.3584,55.908
674,670,521,243,35,0.14,38.8,7.4,233,2026-09-25 14:15:00,PT5M,87.946,100.0,100.0,70.6444,55.0725
662,658,516,241,35,0.14,38.8,7.4,233,2026-09-25 14:20:00,PT5M,87.29,100.0,100.0,69.8432,54.1405
649,645,511,238,35,0.14,38.7,7.4,233,2026-09-25 14:25:00,PT5M,86.599,100.0,100.0,69.0009,53.162
635,632,506,235,35,0.14,38.7,7.4,233,2026-09-25 14:30:00,PT5M,85.881,100.0,100.0,68.1258,52.1455
620,617,497,234,35,0.14,38.8,7.4,233,2026-09-25 14:35:00,PT5M,84.876,100.0,100.0,66.9168,50.753
603,600,484,234,35,0.14,39.1,7.4,233,2026-09-25 14:40:00,PT5M,83.575,100.0,100.0,65.3679,48.981
585,582,471,234,35,0.14,39.4,7.4,233,2026-09-25 14:45:00,PT5M,82.23,100.0,100.0,63.8135,47.238
568,565,457,233,35,0.14,39.7,7.4,233,2026-09-25 14:50:00,PT5M,80.842,100.0,99.3746,62.3094,45.6295
551,548,444,232,35,0.14,40.0,7.4,233,2026-09-25 14:55:00,PT5M,79.407,100.0,98.0483,60.7657,43.988
533,531,432,230,35,0.14,40.3,7.4,233,2026-09-25 15:00:00,PT5M,78.015,100.0,96.7521,59.2779,42.414
516,514,419,228,35,0.14,40.6,7.4,233,2026-09-25 15:05:00,PT5M,76.571,100.0,95.3865,57.7555,40.821
499,496,406,226,34,0.14,40.9,7.5,233,2026-09-25 15:10:00,PT5M,75.036,100.0,93.9117,56.1603,39.1715
481,479,393,224,34,0.14,41.2,7.5,233,2026-09-25 15:15:00,PT5M,73.443,100.0,92.3674,54.5186,37.486
463,461,380,221,34,0.14,41.5,7.5,233,2026-09-25 15:20:00,PT5M,71.78,100.0,90.7418,52.8182,35.752
446,444,366,218,34,0.14,41.9,7.5,233,2026-09-25 15:25:00,PT5M,70.067,100.0,89.0172,51.1168,34.061
428,426,353,215,34,0.14,42.2,7.5,233,2026-09-25 15:30:00,PT5M,68.263,100.0,87.213,49.313,32.2575
410,409,339,212,34,0.14,42.5,7.5,233,2026-09-25 15:35:00,PT5M,66.376,100.0,85.296,47.456,30.4275
392,391,325,208,34,0.14,42.8,7.5,233,2026-09-25 15:40:00,PT5M,64.379,100.0,83.2197,45.5383,28.581
374,373,311,204,33,0.14,43.1,7.5,233,2026-09-25 15:45:00,PT5M,62.257,97.8015,80.9643,43.5497,26.7125
357,355,297,199,33,0.14,43.5,7.5,233,2026-09-25 15:50:00,PT5M,60.02,95.224,78.5481,41.4919,24.816
339,338,282,194,33,0.14,43.8,7.5,233,2026-09-25 15:55:00,PT5M,57.677,92.4595,75.9833,39.3707,22.8945
321,320,267,189,33,0.14,44.1,7.5,233,2026-09-25 16:00:00,PT5M,55.237,89.527,73.2841,37.1899,20.947
303,303,253,184,33,0.14,44.5,7.5,233,2026-09-25 16:05:00,PT5M,52.77,86.532,70.5392,35.0008,19.008
286,285,239,177,33,0.14,44.8,7.5,233,2026-09-25 16:10:00,PT5M,50.291,83.499,67.7686,32.8134,17.083
269,268,225,171,33,0.14,45.2,7.5,233,2026-09-25 16:15:00,PT5M,47.748,80.3525,64.908,30.588,15.1435
252,251,211,164,33,0.14,45.5,7.5,233,2026-09-25 16:20:00,PT5M,44.22,74.6785,60.2505,28.1895,13.7615
235,235,197,157,32,0.14,45.9,7.5,233,2026-09-25 16:25:00,PT5M,40.723,69.1195,55.6683,25.7777,12.3265
219,218,183,150,32,0.14,46.2,7.5,233,2026-09-25 16:30:00,PT5M,37.269,63.636,51.1461,23.3919,10.902
202,202,169,143,32,0.14,46.6,7.5,233,2026-09-25 16:35:00,PT5M,33.933,58.2865,46.7504,21.1156,9.5795
186,186,155,135,32,0.14,46.9,7.5,233,2026-09-25 16:40:00,PT5M,30.708,53.055,42.4694,18.9466,8.361
170,170,140,127,32,0.14,47.3,7.5,233,2026-09-25 16:45:00,PT5M,27.525,47.8765,38.2361,16.8139,7.1735
155,155,125,118,32,0.14,47.7,7.5,233,2026-09-25 16:50:00,PT5M,24.427,42.7615,34.0766,14.7774,6.0925
140,140,109,110,32,0.14,48.0,7.5,233,2026-09-25 16:55:00,PT5M,21.44,37.8335,30.068,12.812,5.0465
124,124,90,102,31,0.14,48.4,7.6,233,2026-09-25 17:00:00,PT5M,18.447,32.9735,26.0924,10.8016,3.9205
109,109,69,93,31,0.14,48.8,7.6,233,2026-09-25 17:05:00,PT5M,15.574,28.332,22.2886,8.8594,2.816
94,94,47,84,31,0.14,49.2,7.6,233,2026-09-25 17:10:00,PT5M,12.782,23.841,18.6024,6.9616,1.723
80,80,25,75,31,0.14,49.6,7.6,233,2026-09-25 17:15:00,PT5M,10.208,19.5805,15.1408,5.2752,0.8355
67,67,4,66,31,0.14,49.9,7.6,234,2026-09-25 17:20:00,PT5M,7.943,15.62,11.9835,3.9025,0.266
54,55,0,55,31,0.14,50.3,7.6,234,2026-09-25 17:25:00,PT5M,6.331,12.356,9.502,3.16,0.306
43,43,0,43,31,0.14,50.7,7.6,234,2026-09-25 17:30:00,PT5M,4.834,9.3275,7.199,2.469,0.3405
33,33,0,33,31,0.14,51.1,7.6,234,2026-09-25 17:35:00,PT5M,3.551,6.723,5.2204,1.8816,0.379
24,24,0,24,30,0.14,51.3,7.5,233,2026-09-25 17:40:00,PT5M,2.413,4.3985,3.458,1.368,0.4275
15,16,0,16,30,0.14,51.6,7.5,233,2026-09-25 17:45:00,PT5M,1.374,2.4985,1.9658,0.7822,0.2495
8,9,0,9,30,0.14,51.9,7.4,233,2026-09-25 17:50:00,PT5M,0.441,0.921,0.6936,0.1884,0.0
3,3,0,3,30,0.14,52.1,7.4,233,2026-09-25 17:55:00,PT5M,0.0,0.0,0.0,0.0,0.0
0,0,0,0,30,0.14,52.4,7.3,233,2026-09-25 18:00:00,PT5M,0.0,0.0,0.0,0.0,0.0
0,0,0,0,30,0.14,52.7,7.3,233,2026-09-25 18:05:00,PT5M,0.0,0.0,0.0,0.0,0.0
0,0,0,0,30,0.14,52.9,7.2,232,2026-09-25 18:10:00,PT5M,0.0,0.0,0.0,0.0,0.0
0,0,0,0,30,0.14,53.2,7.2,232,2026-09-25 18:15:00,PT5M,0.0,0.0,0.0,0.0,0.0
0,0,0,0,30,0.14,53.5,7.1,232,2026-09-25 18:20:00,PT5M,0.0,0.0,0.0,0.0,0.0
0,0,0,0,30,0.14,53.8,7.1,232,2026-09-25 18:25:00,PT5M,0.0,0.0,0.0,0.0,0.0
0,0,0,0,30,0.14,54.1,7.0,232,2026-09-25 18:30:00,PT5M,0.0,0.0,0.0,0.0,0.0
0,0,0,0,30,0.14,54.3,7.0,232,2026-09-25 18:35:00,PT5M,0.0,0.0,0.0,0.0,0.0
0,0,0,0,30,0.14,54.6,6.9,232,2026-09-25 18:40:00,PT5M,0.0,0.0,0.0,0.0,0.0
0,0,0,0,30,0.14,54.9,6.9,231,2026-09-25 18:45:00,PT5M,0.0,0.0,0.0,0.0,0.0
0,0,0,0,29,0.14,55.2,6.8,231,2026-09-25 18:50:00,PT5M,0.0,0.0,0.0,0.0,0.0
0,0,0,0,29,0.14,55.5,6.8,231,2026-09-25 18:55:00,PT5M,0.0,0.0,0.0,0.0,0.0
0,0,0,0,29,0.14,55.8,6.7,231,2026-09-25 19:00:00,PT5M,0.0,0.0,0.0,0.0,0.0
0,0,0,0,29,0.14,56.1,6.7,231,2026-09-25 19:05:00,PT5M,0.0,0.0,0.0,0.0,0.0
0,0,0,0,29,0.14,56.4,6.6,230,2026-09-25 19:10:00,PT5M,0.0,0.0,0.0,0.0,0.0
0,0,0,0,29,0.14,56.6,6.6,230,2026-09-25 19:15:00,PT5M,0.0,0.0,0.0,0.0,0.0
0,0,0,0,29,0.14,56.9,6.5,230,2026-09-25 19:20:00,PT5M,0.0,0.0,0.0,0.0,0.0
0,0,0,0,29,0.14,57.2,6.5,230,2026-09-25 19:25:00,PT5M,0.0,0.0,0.0,0.0,0.0
0,0,0,0,29,0.14,57.5,6.5,230,2026-09-25 19:30:00,PT5M,0.0,0.0,0.0,0.0,0.0
0,0,0,0,29,0.14,57.8,6.4,230,2026-09-25 19:35:00,PT5M,0.0,0.0,0.0,0.0,0.0
0,0,0,0,29,0.14,58.1,6.4,229,2026-09-25 19:40:00,PT5M,0.0,0.0,0.0,0.0,0.0
0,0,0,0,29,0.14,58.5,6.3,229,2026-09-25 19:45:00,PT5M,0.0,0.0,0.0,0.0,0.0
0,0,0,0,29,0.14,58.8,6.3,229,2026-09-25 19:50:00,PT5M,0.0,0.0,0.0,0.0,0.0
0,0,0,0,28,0.14,59.1,6.2,229,2026-09-25 19:55:00,PT5M,0.0,0.0,0.0,0.0,0.0
0,0,0,0,28,0.14,59.4,6.2,229,2026-09-25 20:00:00,PT5M,0.0,0.0,0.0,0.0,0.0
0,0,0,0,28,0.14,59.7,6.1,228,2026-09-25 20:05:00,PT5M,0.0,0.0,0.0,0.0,0.0
0,0,0,0,28,0.14,60.0,6.1,228,2026-09-25 20:10:00,PT5M,0.0,0.0,0.0,0.0,0.0
0,0,0,0,28,0.14,60.3,6.0,228,2026-09-25 20:15:00,PT5M,0.0,0.0,0.0,0.0,0.0
0,0,0,0,28,0.14,60.6,6.0,228,2026-09-25 20:20:00,PT5M,0.0,0.0,0.0,0.0,0.0
0,0,0,0,28,0.14,61.0,5.9,227,2026-09-25 20:25:00,PT5M,0.0,0.0,0.0,0.0,0.0
0,0,0,0,28,0.14,61.3,5.9,227,2026-09-25 20:30:00,PT5M,0.0,0.0,0.0,0.0,0.0
0,0,0,0,28,0.14,61.4,5.9,227,2026-09-25 20:35:00,PT5M,0.0,0.0,0.0,0.0,0.0
0,0,0,0,28,0.14,61.5,5.8,227,2026-09-25 20:40:00,PT5M,0.0,0.0,0.0,0.0,0.0
0,0,0,0,28,0.14,61.5,5.8,227,2026-09-25 20:45:00,PT5M,0.0,0.0,0.0,0.0,0.0
0,0,0,0,28,0.14,61.5,5.8,226,2026-09-25 20:50:00,PT5M,0.0,0.0,0.0,0.0,0.0
0,0,0,0,28,0.14,61.6,5.8,226,2026-09-25 20:55:00,PT5M,0.0,0.0,0.0,0.0,0.0
0,0,0,0,28,0.14,61.6,5.8,226,2026-09-25 21:00:00,PT5M,0.0,0.0,0.0,0.0,0.0
0,0,0,0,28,0.14,61.6,5.7,226,2026-09-25 21:05:00,PT5M,0.0,0.0,0.0,0.0,0.0
0,0,0,0,28,0.14,61.6,5.7,226,2026-09-25 21:10:00,PT5M,0.0,0.0,0.0,0.0,0.0
0,0,0,0,28,0.14,61.7,5.7,226,2026-09-25 21:15:00,PT5M,0.0,0.0,0.0,0.0,0.0
0,0,0,0,28,0.14,61.7,5.7,225,2026-09-25 21:20:00,PT5M,0.0,0.0,0.0,0.0,0.0
0,0,0,0,28,0.14,61.7,5.6,225,2026-09-25 21:25:00,PT5M,0.0,0.0,0.0,0.0,0.0
0,0,0,0,28,0.14,61.7,5.6,225,2026-09-25 21:30:00,PT5M,0.0,0.0,0.0,0.0,0.0
0,0,0,0,28,0.14,61.8,5.6,225,2026-09-25 21:35:00,PT5M,0.0,0.0,0.0,0.0,0.0
0,0,0,0,28,0.14,61.8,5.6,225,2026-09-25 21:40:00,PT5M,0.0,0.0,0.0,0.0,0.0
0,0,0,0,28,0.14,61.8,5.6,225,2026-09-25 21:45:00,PT5M,0.0,0.0,0.0,0.0,0.0
0,0,0,0,28,0.14,61.8,5.5,224,2026-09-25 21:50:00,PT5M,0.0,0.0,0.0,0.0,0.0
0,0,0,0,28,0.14,61.9,5.5,224,2026-09-25 21:55:00,PT5M,0.0,0.0,0.0,0.0,0.0
0,0,0,0,28,0.14,61.9,5.5,224,2026-09-25 22:00:00,PT5M,0.0,0.0,0.0,0.0,0.0
0,0,0,0,27,0.14,61.9,5.5,224,2026-09-25 22:05:00,PT5M,0.0,0.0,0.0,0.0,0.0
0,0,0,0,27,0.14,61.9,5.4,224,2026-09-25 22:10:00,PT5M,0.0,0.0,0.0,0.0,0.0
0,0,0,0,27,0.14,62.0,5.4,223,2026-09-25 22:15:00,PT5M,0.0,0.0,0.0,0.0,0.0
0,0,0,0,27,0.14,62.0,5.4,223,2026-09-25 22:20:00,PT5M,0.0,0.0,0.0,0.0,0.0
0,0,0,0,27,0.14,62.0,5.4,223,2026-09-25 22:25:00,PT5M,0.0,0.0,0.0,0.0,0.0
0,0,0,0,27,0.14,62.1,5.4,223,2026-09-25 22:30:00,PT5M,0.0,0.0,0.0,0.0,0.0
0,0,0,0,27,0.14,62.1,5.3,223,2026-09-25 22:35:00,PT5M,0.0,0.0,0.0,0.0,0.0
0,0,0,0,27,0.14,62.1,5.3,222,2026-09-25 22:40:00,PT5M,0.0,0.0,0.0,0.0,0.0
0,0,0,0,27,0.14,62.1,5.3,222,2026-09-25 22:45:00,PT5M,0.0,0.0,0.0,0.0,0.0
0,0,0,0,27,0.14,62.2,5.3,222,2026-09-25 22:50:00,PT5M,0.0,0.0,0.0,0.0,0.0
0,0,0,0,27,0.14,62.2,5.3,222,2026-09-25 22:55:00,PT5M,0.0,0.0,0.0,0.0,0.0
0,0,0,0,27,0.14,62.2,5.2,222,2026-09-25 23:00:00,PT5M,0.0,0.0,0.0,0.0,0.0
0,0,0,0,27,0.14,62.2,5.2,221,2026-09-25 23:05:00,PT5M,0.0,0.0,0.0,0.0,0.0
0,0,0,0,27,0.14,62.3,5.2,221,2026-09-25 23:10:00,PT5M,0.0,0.0,0.0,0.0,0.0
0,0,0,0,27,0.14,62.3,5.2,221,2026-09-25 23:15:00,PT5M,0.0,0.0,0.0,0.0,0.0
0,0,0,0,27,0.14,62.3,5.2,221,2026-09-25 23:20:00,PT5M,0.0,0.0,0.0,0.0,0.0
0,0,0,0,27,0.14,62.3,5.1,221,2026-09-25 23:25:00,PT5M,0.0,0.0,0.0,0.0,0.0
0,0,0,0,27,0.14,62.4,5.1,220,2026-09-25 23:30:00,PT5M,0.0,0.0,0.0,0.0,0.0
0,0,0,0,27,0.14,62.4,5.1,220,2026-09-25 23:35:00,PT5M,0.0,0.0,0.0,0.0,0.0
0,0,0,0,27,0.14,62.6,5.1,220,2026-09-25 23:40:00,PT5M,0.0,0.0,0.0,0.0,0.0
0,0,0,0,27,0.14,62.7,5.1,220,2026-09-25 23:45:00,PT5M,0.0,0.0,0.0,0.0,0.0
0,0,0,0,27,0.14,62.8,5.0,220,2026-09-25 23:50:00,PT5M,0.0,0.0,0.0,0.0,0.0
0,0,0,0,27,0.14,62.9,5.0,220,2026-09-25 23:55:00,PT5M,0.0,0.0,0.0,0.0,0.0
0,0,0,0,27,0.14,63.1,5.0,220,2026-09-26 00:00:00,PT5M,0.0,0.0,0.0,0.0,0.0
0,0,0,0,27,0.14,63.2,5.0,221,2026-09-26 00:05:00,PT5M,0.0,0.0,0.0,0.0,0.0
0,0,0,0,27,0.14,63.3,4.9,221,2026-09-26 00:10:00,PT5M,0.0,0.0,0.0,0.0,0.0
0,0,0,0,27,0.14,63.5,4.9,221,2026-09-26 00:15:00,PT5M,0.0,0.0,0.0,0.0,0.0
0,0,0,0,27,0.14,63.6,4.9,221,2026-09-26 00:20:00,PT5M,0.0,0.0,0.0,0.0,0.0
0,0,0,0,27,0.14,63.7,4.9,221,2026-09-26 00:25:00,PT5M,0.0,0.0,0.0,0.0,0.0
0,0,0,0,27,0.14,63.8,4.9,221,2026-09-26 00:30:00,PT5M,0.0,0.0,0.0,0.0,0.0
0,0,0,0,27,0.14,64.0,4.8,221,2026-09-26 00:35:00,PT5M,0.0,0.0,0.0,0.0,0.0
0,0,0,0,27,0.14,64.1,4.8,221,2026-09-26 00:40:00,PT5M,0.0,0.0,0.0,0.0,0.0
0,0,0,0,27,0.14,64.2,4.8,221,2026-09-26 00:45:00,PT5M,0.0,0.0,0.0,0.0,0.0
0,0,0,0,27,0.14,64.3,4.8,221,2026-09-26 00:50:00,PT5M,0.0,0.0,0.0,0.0,0.0
0,0,0,0,27,0.14,64.5,4.7,221,2026-09-26 00:55:00,PT5M,0.0,0.0,0.0,0.0,0.0
0,0,0,0,27,0.14,64.6,4.7,221,2026-09-26 01:00:00,PT5M,0.0,0.0,0.0,0.0,0.0
0,0,0,0,27,0.14,64.7,4.7,221,2026-09-26 01:05:00,PT5M,0.0,0.0,0.0,0.0,0.0
0,0,0,0,27,0.14,64.9,4.7,221,2026-09-26 01:10:00,PT5M,0.0,0.0,0.0,0.0,0.0
0,0,0,0,27,0.14,65.0,4.7,221,2026-09-26 01:15:00,PT5M,0.0,0.0,0.0,0.0,0.0
0,0,0,0,27,0.14,65.1,4.6,221,2026-09-26 01:20:00,PT5M,0.0,0.0,0.0,0.0,0.0
0,0,0,0,26,0.14,65.2,4.6,221,2026-09-26 01:25:00,PT5M,0.0,0.0,0.0,0.0,0.0
0,0,0,0,26,0.14,65.4,4.6,221,2026-09-26 01:30:00,PT5M,0.0,0.0,0.0,0.0,0.0
0,0,0,0,26,0.14,65.5,4.6,221,2026-09-26 01:35:00,PT5M,0.0,0.0,0.0,0.0,0.0
0,0,0,0,26,0.14,65.6,4.5,222,2026-09-26 01:40:00,PT5M,0.0,0.0,0.0,0.0,0.0
0,0,0,0,26,0.14,65.8,4.5,222,2026-09-26 01:45:00,PT5M,0.0,0.0,0.0,0.0,0.0
0,0,0,0,26,0.14,65.9,4.5,222,2026-09-26 01:50:00,PT5M,0.0,0.0,0.0,0.0,0.0
0,0,0,0,26,0.14,66.0,4.5,222,2026-09-26 01:55:00,PT5M,0.0,0.0,0.0,0.0,0.0
0,0,0,0,26,0.14,66.2,4.5,222,2026-09-26 02:00:00,PT5M,0.0,0.0,0.0,0.0,0.0
0,0,0,0,26,0.14,66.3,4.4,222,2026-09-26 02:05:00,PT5M,0.0,0.0,0.0,0.0,0.0
0,0,0,0,26,0.14,66.4,4.4,222,2026-09-26 02:10:00,PT5M,0.0,0.0,0.0,0.0,0.0
0,0,0,0,26,0.14,66.6,4.4,222,2026-09-26 02:15:00,PT5M,0.0,0.0,0.0,0.0,0.0
0,0,0,0,26,0.14,66.7,4.4,222,2026-09-26 02:20:00,PT5M,0.0,0.0,0.0,0.0,0.0
0,0,0,0,26,0.14,66.8,4.4,222,2026-09-26 02:25:00,PT5M,0.0,0.0,0.0,0.0,0.0
0,0,0,0,26,0.14,67.0,4.3,222,2026-09-26 02:30:00,PT5M,0.0,0.0,0.0,0.0,0.0
0,0,0,0,26,0.14,67.1,4.3,222,2026-09-26 02:35:00,PT5M,0.0,0.0,0.0,0.0,0.0
0,0,0,0,26,0.14,67.2,4.3,222,2026-09-26 02:40:00,PT5M,0.0,0.0,0.0,0.0,0.0
0,0,0,0,26,0.14,67.3,4.3,222,2026-09-26 02:45:00,PT5M,0.0,0.0,0.0,0.0,0.0
0,0,0,0,26,0.14,67.4,4.3,223,2026-09-26 02:50:00,PT5M,0.0,0.0,0.0,0.0,0.0
0,0,0,0,26,0.14,67.5,4.3,223,2026-09-26 02:55:00,PT5M,0.0,0.0,0.0,0.0,0.0
0,0,0,0,26,0.14,67.6,4.3,223,2026-09-26 03:00:00,PT5M,0.0,0.0,0.0,0.0,0.0
0,0,0,0,26,0.14,67.7,4.3,223,2026-09-26 03:05:00,PT5M,0.0,0.0,0.0,0.0,0.0
0,0,0,0,26,0.14,67.8,4.3,223,2026-09-26 03:10:00,PT5M,0.0,0.0,0.0,0.0,0.0
0,0,0,0,26,0.14,67.9,4.3,223,2026-09-26 03:15:00,PT5M,0.0,0.0,0.0,0.0,0.0
0,0,0,0,26,0.14,68.0,4.3,223,2026-09-26 03:20:00,PT5M,0.0,0.0,0.0,0.0,0.0
0,0,0,0,26,0.14,68.1,4.3,223,2026-09-26 03:25:00,PT5M,0.0,0.0,0.0,0.0,0.0
0,0,0,0,26,0.14,68.2,4.3,223,2026-09-26 03:30:00,PT5M,0.0,0.0,0.0,0.0,0.0
0,0,0,0,26,0.14,68.3,4.3,223,2026-09-26 03:35:00,PT5M,0.0,0.0,0.0,0.0,0.0
0,0,0,0,26,0.14,68.4,4.3,224,2026-09-26 03:40:00,PT5M,0.0,0.0,0.0,0.0,0.0
0,0,0,0,26,0.14,68.5,4.3,224,2026-09-26 03:45:00,PT5M,0.0,0.0,0.0,0.0,0.0
0,0,0,0,26,0.14,68.6,4.3,224,2026-09-26 03:50:00,PT5M,0.0,0.0,0.0,0.0,0.0
0,0,0,0,26,0.14,68.7,4.2,224,2026-09-26 03:55:00,PT5M,0.0,0.0,0.0,0.0,0.0
0,0,0,0,26,0.14,68.8,4.2,224,2026-09-26 04:00:00,PT5M,0.0,0.0,0.0,0.0,0.0
0,0,0,0,26,0.14,68.9,4.2,224,2026-09-26 04:05:00,PT5M,0.0,0.0,0.0,0.0,0.0
0,0,0,0,26,0.14,69.1,4.2,224,2026-09-26 04:10:00,PT5M,0.0,0.0,0.0,0.0,0.0
0,0,0,0,26,0.14,69.2,4.2,224,2026-09-26 04:15:00,PT5M,0.0,0.0,0.0,0.0,0.0
0,0,0,0,26,0.14,69.3,4.2,224,2026-09-26 04:20:00,PT5M,0.0,0.0,0.0,0.0,0.0
0,0,0,0,26,0.14,69.4,4.2,225,2026-09-26 04:25:00,PT5M,0.0,0.0,0.0,0.0,0.0
0,0,0,0,26,0.14,69.5,4.2,225,2026-09-26 04:30:00,PT5M,0.0,0.0,0.0,0.0,0.0
0,0,0,0,26,0.14,69.6,4.2,225,2026-09-26 04:35:00,PT5M,0.0,0.0,0.0,0.0,0.0
0,0,0,0,26,0.14,69.7,4.2,225,2026-09-26 04:40:00,PT5M,0.0,0.0,0.0,0.0,0.0
0,0,0,0,26,0.14,69.8,4.2,225,2026-09-26 04:45:00,PT5M,0.0,0.0,0.0,0.0,0.0
0,0,0,0,26,0.14,69.9,4.2,225,2026-09-26 04:50:00,PT5M,0.0,0.0,0.0,0.0,0.0
0,0,0,0,26,0.14,70.0,4.2,225,2026-09-26 04:55:00,PT5M,0.0,0.0,0.0,0.0,0.0
0,0,0,0,26,0.14,70.1,4.2,225,2026-09-26 05:00:00,PT5M,0.0,0.0,0.0,0.0,0.0
0,0,0,0,26,0.14,70.2,4.2,225,2026-09-26 05:05:00,PT5M,0.0,0.0,0.0,0.0,0.0
0,0,0,0,26,0.14,70.3,4.2,225,2026-09-26 05:10:00,PT5M,0.0,0.0,0.0,0.0,0.0
0,0,0,0,26,0.14,70.4,4.2,226,2026-09-26 05:15:00,PT5M,0.0,0.0,0.0,0.0,0.0
0,0,0,0,26,0.14,70.5,4.2,226,2026-09-26 05:20:00,PT5M,0.0,0.0,0.0,0.0,0.0
0,0,0,0,26,0.14,70.7,4.2,226,2026-09-26 05:25:00,PT5M,0.0,0.0,0.0,0.0,0.0
0,0,0,0,26,0.14,70.8,4.2,226,2026-09-26 05:30:00,PT5M,0.0,0.0,0.0,0.0,0.0
0,0,0,0,26,0.14,70.5,4.2,226,2026-09-26 05:35:00,PT5M,0.0,0.0,0.0,0.0,0.0
0,0,0,0,26,0.14,70.0,4.2,226,2026-09-26 05:40:00,PT5M,0.0,0.0,0.0,0.0,0.0
0,0,0,0,26,0.14,69.5,4.3,226,2026-09-26 05:45:00,PT5M,0.0,0.0,0.0,0.0,0.0
0,0,0,0,26,0.14,69.0,4.3,226,2026-09-26 05:50:00,PT5M,0.0,0.0,0.0,0.0,0.0
0,0,0,0,26,0.14,68.4,4.3,227,2026-09-26 05:55:00,PT5M,0.0,0.0,0.0,0.0,0.0
1,1,0,1,27,0.14,67.9,4.4,227,2026-09-26 06:00:00,PT5M,0.0,0.0,0.0,0.0,0.0
6,6,0,6,27,0.14,67.4,4.4,227,2026-09-26 06:05:00,PT5M,0.168,0.5375,0.3625,0.0,0.0
13,13,0,13,27,0.14,66.9,4.4,227,2026-09-26 06:10:00,PT5M,1.001,2.0775,1.5676,0.4344,0.0
20,20,0,20,27,0.14,66.4,4.5,227,2026-09-26 06:15:00,PT5M,1.936,3.994,3.0191,0.8529,0.0
28,28,0,28,27,0.14,65.9,4.5,227,2026-09-26 06:20:00,PT5M,2.964,6.315,4.7277,1.2003,0.0
37,37,0,37,27,0.14,65.4,4.5,227,2026-09-26 06:25:00,PT5M,4.109,8.835,6.5963,1.6217,0.0
47,48,0,48,27,0.14,64.9,4.6,228,2026-09-26 06:30:00,PT5M,5.486,11.8035,8.8109,2.1611,0.0
59,59,0,59,27,0.14,64.4,4.6,228,2026-09-26 06:35:00,PT5M,6.939,14.9645,11.1629,2.7151,0.0
71,71,0,71,27,0.14,64.0,4.7,228,2026-09-26 06:40:00,PT5M,8.422,18.1935,13.5648,3.2792,0.0
85,85,7,83,28,0.14,63.5,4.7,228,2026-09-26 06:45:00,PT5M,10.315,21.818,16.3691,4.2609,0.0
99,99,28,93,28,0.14,63.0,4.7,228,2026-09-26 06:50:00,PT5M,12.921,26.1485,19.8827,5.9593,0.0
114,114,49,102,28,0.14,62.5,4.8,228,2026-09-26 06:55:00,PT5M,15.685,30.669,23.5712,7.7988,0.701
129,129,71,111,28,0.14,62.1,4.8,228,2026-09-26 07:00:00,PT5M,18.674,35.4935,27.5262,9.8218,1.8545
145,145,90,119,28,0.14,61.6,4.8,228,2026-09-26 07:05:00,PT5M,21.672,40.4345,31.5468,11.7972,2.9095
162,161,110,128,28,0.14,61.1,4.9,229,2026-09-26 07:10:00,PT5M,25.021,45.7945,35.9542,14.0878,4.2475
178,178,130,136,28,0.14,60.7,4.9,229,2026-09-26 07:15:00,PT5M,28.567,51.408,40.5884,16.5456,5.726
196,195,150,143,28,0.14,60.2,4.9,229,2026-09-26 07:20:00,PT5M,32.276,57.1455,45.365,19.187,7.4065
214,213,170,150,29,0.14,59.8,5.0,229,2026-09-26 07:25:00,PT5M,36.149,63.038,50.3009,21.9971,9.26
232,231,191,157,29,0.14,59.4,5.0,229,2026-09-26 07:30:00,PT5M,40.189,69.0915,55.4006,24.9774,11.2865
251,250,212,163,29,0.14,58.9,5.1,229,2026-09-26 07:35:00,PT5M,44.448,75.3675,60.7212,28.1748,13.5285
270,269,235,169,29,0.14,58.5,5.1,229,2026-09-26 07:40:00,PT5M,48.95,81.95,66.3181,31.5819,15.95
290,289,258,174,29,0.14,58.0,5.1,229,2026-09-26 07:45:00,PT5M,52.728,86.6575,70.5853,34.8707,18.7985
310,309,282,178,29,0.14,57.6,5.2,229,2026-09-26 07:50:00,PT5M,56.217,90.638,74.333,38.101,21.796
331,330,306,181,29,0.14,57.2,5.2,229,2026-09-26 07:55:00,PT5M,59.655,94.5005,77.9944,41.3156,24.8095
352,351,330,184,29,0.14,56.8,5.2,230,2026-09-26 08:00:00,PT5M,63.03,98.2285,81.5552,44.5048,27.8315
374,372,355,186,30,0.14,56.4,5.3,230,2026-09-26 08:05:00,PT5M,66.321,100.0,84.9896,47.6524,30.85
396,394,381,188,30,0.14,55.9,5.3,230,2026-09-26 08:10:00,PT5M,69.483,100.0,88.2474,50.7186,33.83
418,416,406,189,30,0.14,55.5,5.3,230,2026-09-26 08:15:00,PT5M,72.554,100.0,91.3626,53.7454,36.817
440,438,433,189,30,0.14,55.1,5.4,230,2026-09-26 08:20:00,PT5M,75.487,100.0,94.2841,56.6899,39.772
463,460,459,188,30,0.14,54.7,5.4,230,2026-09-26 08:25:00,PT5M,78.265,100.0,96.9915,59.5385,42.684
486,483,486,186,30,0.14,54.3,5.4,230,2026-09-26 08:30:00,PT5M,80.94,100.0,99.565,62.315,45.552
505,502,502,187,30,0.14,53.8,5.5,230,2026-09-26 08:35:00,PT5M,82.658,100.0,100.0,64.0873,47.373
521,518,506,192,30,0.14,53.3,5.5,231,2026-09-26 08:40:00,PT5M,83.453,100.0,100.0,64.8778,48.1595
536,533,509,196,31,0.14,52.7,5.5,231,2026-09-26 08:45:00,PT5M,84.194,100.0,100.0,65.6217,48.906
551,548,513,201,31,0.14,52.2,5.5,232,2026-09-26 08:50:00,PT5M,84.891,100.0,100.0,66.3284,49.6215
566,562,516,205,31,0.14,51.6,5.5,232,2026-09-26 08:55:00,PT5M,85.549,100.0,100.0,66.9748,50.2575
580,577,519,210,31,0.14,51.1,5.5,232,2026-09-26 09:00:00,PT5M,86.175,100.0,100.0,67.6253,50.93
595,591,523,213,31,0.14,50.6,5.5,233,2026-09-26 09:05:00,PT5M,86.906,100.0,100.0,68.39,51.725
610,606,528,216,31,0.14,50.1,5.5,233,2026-09-26 09:10:00,PT5M,87.616,100.0,100.0,69.1584,52.546
624,620,533,219,31,0.14,49.6,5.5,234,2026-09-26 09:15:00,PT5M,88.29,100.0,100.0,70.019,53.5745
638,633,537,222,32,0.14,49.0,5.5,234,2026-09-26 09:20:00,PT5M,88.929,100.0,100.0,70.8398,54.559
651,647,541,225,32,0.14,48.5,5.5,234,2026-09-26 09:25:00,PT5M,89.566,100.0,100.0,71.6539,55.5325
664,660,545,228,32,0.14,48.0,5.5,235,2026-09-26 09:30:00,PT5M,90.136,100.0,100.0,72.3963,56.43
677,673,550,230,32,0.14,47.5,5.5,235,2026-09-26 09:35:00,PT5M,90.745,100.0,100.0,73.1816,57.374
691,686,556,232,32,0.14,47.1,5.5,236,2026-09-26 09:40:00,PT5M,91.393,100.0,100.0,74.0107,58.366
703,699,560,234,32,0.14,46.6,5.5,236,2026-09-26 09:45:00,PT5M,91.957,100.0,100.0,74.7468,59.257
715,711,565,236,32,0.14,46.1,5.5,236,2026-09-26 09:50:00,PT5M,92.488,100.0,100.0,75.4443,60.1045
727,722,569,237,32,0.14,45.6,5.5,237,2026-09-26 09:55:00,PT5M,92.992,100.0,100.0,76.1102,60.916
739,734,573,239,33,0.14,45.2,5.5,237,2026-09-26 10:00:00,PT5M,93.47,100.0,100.0,76.7421,61.6865
749,744,576,241,33,0.14,44.7,5.5,238,2026-09-26 10:05:00,PT5M,93.911,100.0,100.0,77.3302,62.407
760,755,579,243,33,0.14,44.2,5.5,238,2026-09-26 10:10:00,PT5M,94.316,100.0,100.0,77.8757,63.079
770,765,582,244,33,0.14,43.8,5.5,238,2026-09-26 10:15:00,PT5M,94.696,100.0,100.0,78.3905,63.715
779,774,585,246,33,0.14,43.3,5.5,239,2026-09-26 10:20:00,PT5M,95.052,100.0,100.0,78.8759,64.317
789,783,588,247,33,0.14,42.9,5.5,239,2026-09-26 10:25:00,PT5M,95.388,100.0,100.0,79.3364,64.8895
797,792,591,249,33,0.14,42.5,5.5,239,2026-09-26 10:30:00,PT5M,95.704,100.0,100.0,79.7724,65.4335
806,800,593,250,34,0.14,42.0,5.5,240,2026-09-26 10:35:00,PT5M,95.996,100.0,100.0,80.1905,65.965
814,808,596,251,34,0.14,41.6,5.5,240,2026-09-26 10:40:00,PT5M,96.265,100.0,100.0,80.5918,66.4855
821,816,598,252,34,0.14,41.2,5.5,241,2026-09-26 10:45:00,PT5M,96.51,100.0,100.0,80.9634,66.971
828,823,600,253,34,0.14,40.8,5.5,241,2026-09-26 10:50:00,PT5M,96.729,100.0,100.0,81.3014,67.416
835,829,603,254,34,0.14,40.4,5.5,241,2026-09-26 10:55:00,PT5M,96.92,100.0,100.0,81.5981,67.808
841,835,605,255,34,0.14,39.9,5.5,242,2026-09-26 11:00:00,PT5M,97.083,100.0,100.0,81.8506,68.141
847,841,606,256,34,0.14,39.5,5.5,242,2026-09-26 11:05:00,PT5M,97.229,100.0,100.0,82.0966,68.477
852,846,607,257,35,0.14,39.1,5.5,243,2026-09-26 11:10:00,PT5M,97.351,100.0,100.0,82.3186,68.789
856,850,608,257,35,0.14,38.7,5.5,243,2026-09-26 11:15:00,PT5M,97.447,100.0,100.0,82.5001,69.0475
860,854,609,258,35,0.14,38.4,5.5,243,2026-09-26 11:20:00,PT5M,97.522,100.0,100.0,82.6509,69.2665
864,858,610,259,35,0.14,38.0,5.5,244,2026-09-26 11:25:00,PT5M,97.575,100.0,100.0,82.7721,69.449
867,861,611,260,35,0.14,37.6,5.5,244,2026-09-26 11:30:00,PT5M,97.607,100.0,100.0,82.8657,69.598
868,862,608,262,35,0.14,37.4,5.5,244,2026-09-26 11:35:00,PT5M,97.468,100.0,100.0,82.7375,69.4795
866,860,601,266,35,0.14,37.5,5.5,245,2026-09-26 11:40:00,PT5M,97.16,100.0,100.0,82.3876,69.092
864,859,594,270,35,0.14,37.5,5.5,245,2026-09-26 11:45:00,PT5M,96.829,100.0,100.0,82.0074,68.6675
862,856,587,274,35,0.14,37.6,5.6,245,2026-09-26 11:50:00,PT5M,96.474,100.0,100.0,81.5956,68.2045
859,853,580,278,35,0.14,37.7,5.6,245,2026-09-26 11:55:00,PT5M,96.095,100.0,100.0,81.1524,67.7035
855,850,572,282,35,0.14,37.7,5.6,245,2026-09-26 12:00:00,PT5M,95.736,100.0,100.0,80.7212,67.2075
851,846,565,285,35,0.14,37.8,5.6,245,2026-09-26 12:05:00,PT5M,95.432,100.0,100.0,80.3404,66.7575
847,842,559,288,35,0.14,37.8,5.6,245,2026-09-26 12:10:00,PT5M,95.12,100.0,100.0,79.9466,66.29
842,837,553,290,35,0.14,37.9,5.6,245,2026-09-26 12:15:00,PT5M,94.781,100.0,100.0,79.5191,65.783
837,832,546,293,35,0.14,37.9,5.6,245,2026-09-26 12:20:00,PT5M,94.417,100.0,100.0,79.0599,65.238
831,826,540,295,35,0.14,38.0,5.6,245,2026-09-26 12:25:00,PT5M,94.027,100.0,100.0,78.568,64.6545
825,820,533,297,35,0.14,38.1,5.6,246,2026-09-26 12:30:00,PT5M,93.682,100.0,100.0,78.1159,64.106
819,814,526,298,35,0.14,38.1,5.6,246,2026-09-26 12:35:00,PT5M,93.247,100.0,100.0,77.5799,63.479
811,807,519,300,35,0.14,38.2,5.6,246,2026-09-26 12:40:00,PT5M,92.785,100.0,100.0,77.0221,62.835
804,799,513,302,35,0.14,38.2,5.6,246,2026-09-26 12:45:00,PT5M,92.297,100.0,100.0,76.4304,62.15
796,791,506,303,35,0.14,38.3,5.6,246,2026-09-26 12:50:00,PT5M,91.774,100.0,100.0,75.7893,61.4025
788,783,499,304,35,0.14,38.4,5.6,246,2026-09-26 12:55:00,PT5M,91.229,100.0,100.0,75.1256,60.632
779,775,492,305,35,0.14,38.4,5.6,246,2026-09-26 13:00:00,PT5M,90.676,100.0,100.0,74.4642,59.873
770,765,484,306,35,0.14,38.5,5.6,246,2026-09-26 13:05:00,PT5M,90.08,100.0,100.0,73.7497,59.052
760,756,476,307,35,0.14,38.5,5.6,246,2026-09-26 13:10:00,PT5M,89.428,100.0,100.0,72.9633,58.1445
750,746,468,308,35,0.14,38.6,5.6,246,2026-09-26 13:15:00,PT5M,88.742,100.0,100.0,72.1357,57.1895
740,736,460,309,35,0.14,38.7,5.6,247,2026-09-26 13:20:00,PT5M,88.025,100.0,100.0,71.2726,56.195
729,725,452,309,35,0.14,38.7,5.6,247,2026-09-26 13:25:00,PT5M,87.277,100.0,100.0,70.3746,55.162
718,714,444,309,35,0.14,38.8,5.6,247,2026-09-26 13:30:00,PT5M,86.5,100.0,100.0,69.4445,54.094
707,703,436,309,35,0.14,38.8,5.6,247,2026-09-26 13:35:00,PT5M,85.693,100.0,100.0,68.4712,52.971
695,692,428,309,35,0.14,38.9,5.6,247,2026-09-26 13:40:00,PT5M,84.86,100.0,100.0,67.459,51.7975
683,680,419,309,34,0.14,39.0,5.6,247,2026-09-26 13:45:00,PT5M,83.995,100.0,100.0,66.4119,50.5865
671,668,411,308,34,0.14,39.0,5.6,247,2026-09-26 13:50:00,PT5M,83.098,100.0,100.0,65.3296,49.3375
659,655,403,307,34,0.14,39.1,5.6,247,2026-09-26 13:55:00,PT5M,82.167,100.0,100.0,64.2105,48.049
646,643,395,305,34,0.14,39.2,5.6,247,2026-09-26 14:00:00,PT5M,81.204,100.0,99.3516,63.0564,46.723
633,630,387,304,34,0.14,39.2,5.6,247,2026-09-26 14:05:00,PT5M,80.203,100.0,98.5466,61.8594,45.3495
620,617,379,302,34,0.14,39.3,5.6,248,2026-09-26 14:10:00,PT5M,79.171,100.0,97.7131,60.6289,43.9405
606,603,370,300,34,0.14,39.3,5.6,248,2026-09-26 14:15:00,PT5M,78.104,100.0,96.8466,59.3614,42.4925
592,590,361,298,34,0.14,39.4,5.6,248,2026-09-26 14:20:00,PT5M,76.95,100.0,95.8984,58.0016,40.9475
578,576,352,296,34,0.14,39.5,5.6,248,2026-09-26 14:25:00,PT5M,75.726,100.0,94.8817,56.5703,39.3295
564,561,343,293,34,0.14,39.5,5.6,248,2026-09-26 14:30:00,PT5M,74.506,100.0,93.8702,55.1418,37.7135
548,546,333,291,34,0.14,39.7,5.6,248,2026-09-26 14:35:00,PT5M,73.129,100.0,92.7176,53.5404,35.91
532,530,320,289,34,0.14,40.1,5.5,248,2026-09-26 14:40:00,PT5M,71.591,100.0,91.4183,51.7637,33.9185
516,514,308,286,34,0.14,40.4,5.5,247,2026-09-26 14:45:00,PT5M,70.01,100.0,90.0236,49.9964,31.9835
499,498,296,283,34,0.14,40.8,5.4,247,2026-09-26 14:50:00,PT5M,68.386,100.0,88.497,48.275,30.1745
483,481,284,280,34,0.14,41.1,5.4,247,2026-09-26 14:55:00,PT5M,66.719,100.0,86.9179,46.5201,28.3405
467,465,273,276,33,0.14,41.5,5.3,247,2026-09-26 15:00:00,PT5M,65.099,100.0,85.3708,44.8272,26.582
451,449,261,272,33,0.14,41.9,5.3,247,2026-09-26 15:05:00,PT5M,63.379,100.0,83.6966,43.0614,24.775
434,433,248,269,33,0.14,42.2,5.2,246,2026-09-26 15:10:00,PT5M,61.537,100.0,81.8706,41.2034,22.9025
418,417,236,265,33,0.14,42.6,5.2,246,2026-09-26 15:15:00,PT5M,59.637,98.21,79.9382,39.3358,21.064
402,400,223,260,33,0.14,43.0,5.1,246,2026-09-26 15:20:00,PT5M,57.712,96.249,77.9943,37.4297,19.175
385,384,210,255,33,0.14,43.4,5.1,246,2026-09-26 15:25:00,PT5M,55.675,94.146,75.9226,35.4274,17.204
369,368,197,250,33,0.14,43.8,5.0,245,2026-09-26 15:30:00,PT5M,53.571,91.94,73.7649,33.3771,15.202
352,351,184,245,32,0.14,44.1,5.0,245,2026-09-26 15:35:00,PT5M,51.328,89.548,71.4435,31.2125,13.108
335,334,170,239,32,0.14,44.5,4.9,245,2026-09-26 15:40:00,PT5M,48.952,86.93,68.9401,28.9639,10.974
318,318,156,233,32,0.14,44.9,4.9,244,2026-09-26 15:45:00,PT5M,46.505,84.1265,66.3055,26.7045,8.8835
302,301,142,227,32,0.14,45.3,4.8,244,2026-09-26 15:50:00,PT5M,43.985,81.1505,63.5455,24.4245,6.8195
285,285,128,220,32,0.14,45.7,4.8,244,2026-09-26 15:55:00,PT5M,41.401,78.0165,60.672,22.13,4.7855
269,268,114,213,32,0.14,46.1,4.7,244,2026-09-26 16:00:00,PT5M,38.761,74.743,57.6986,19.8234,2.779
253,252,101,205,32,0.14,46.6,4.7,243,2026-09-26 16:05:00,PT5M,36.396,71.723,54.9889,17.8031,1.069
237,237,89,197,31,0.14,47.0,4.6,243,2026-09-26 16:10:00,PT5M,33.866,68.5275,52.1086,15.6234,0.0
222,222,77,189,31,0.14,47.4,4.6,243,2026-09-26 16:15:00,PT5M,31.309,65.123,49.1055,13.5125,0.0
207,207,65,180,31,0.14,47.8,4.5,242,2026-09-26 16:20:00,PT5M,28.7,60.2525,45.3063,12.0937,0.0
192,192,54,171,31,0.14,48.2,4.5,242,2026-09-26 16:25:00,PT5M,26.092,55.483,41.5607,10.6233,0.0
177,177,42,162,31,0.14,48.7,4.4,242,2026-09-26 16:30:00,PT5M,23.54,50.75,37.8608,9.2192,0.0
163,163,31,153,31,0.14,49.1,4.4,241,2026-09-26 16:35:00,PT5M,21.067,46.1665,34.277,7.857,0.0
149,149,19,143,30,0.14,49.6,4.3,241,2026-09-26 16:40:00,PT5M,18.826,41.8155,30.9255,6.7265,0.0
135,136,7,133,30,0.14,50.0,4.3,241,2026-09-26 16:45:00,PT5M,16.495,37.382,27.488,5.502,0.0
122,122,0,122,30,0.14,50.5,4.2,240,2026-09-26 16:50:00,PT5M,14.515,33.3215,24.413,4.617,0.0
109,109,0,109,30,0.14,50.9,4.2,240,2026-09-26 16:55:00,PT5M,12.964,29.731,21.7886,4.1394,0.0
96,96,0,96,30,0.14,51.4,4.1,239,2026-09-26 17:00:00,PT5M,11.416,26.2225,19.2088,3.6232,0.0
84,84,0,84,30,0.14,51.8,4.1,239,2026-09-26 17:05:00,PT5M,9.918,22.8635,16.7313,3.1047,0.0
72,72,0,72,30,0.14,52.3,4.0,239,2026-09-26 17:10:00,PT5M,8.389,19.5335,14.2544,2.5236,0.0
60,60,0,60,29,0.14,52.8,4.0,238,2026-09-26 17:15:00,PT5M,6.97,16.344,11.9036,2.0364,0.0
50,50,0,50,29,0.14,53.2,3.9,238,2026-09-26 17:20:00,PT5M,5.716,13.351,9.7344,1.6976,0.0
40,40,0,40,29,0.14,53.7,3.9,237,2026-09-26 17:25:00,PT5M,4.511,10.4775,7.6512,1.3708,0.0
32,32,0,32,29,0.14,54.2,3.9,237,2026-09-26 17:30:00,PT5M,3.352,7.757,5.6704,1.0336,0.0
24,24,0,24,29,0.14,54.6,3.8,237,2026-09-26 17:35:00,PT5M,2.398,5.5175,4.0398,0.7562,0.0
17,17,0,17,29,0.14,54.8,3.8,237,2026-09-26 17:40:00,PT5M,1.561,3.558,2.612,0.51,0.0
11,11,0,11,29,0.14,55.0,3.7,236,2026-09-26 17:45:00,PT5M,0.792,1.855,1.3515,0.2325,0.0
6,6,0,6,29,0.14,55.2,3.7,236,2026-09-26 17:50:00,PT5M,0.094,0.489,0.3019,0.0,0.0
2,2,0,2,29,0.14,55.4,3.6,236,2026-09-26 17:55:00,PT5M,0.0,0.0,0.0,0.0,0.0
0,0,0,0,29,0.14,55.6,3.6,236,2026-09-26 18:00:00,PT5M,0.0,0.0,0.0,0.0,0.0
0,0,0,0,29,0.14,55.8,3.6,236,2026-09-26 18:05:00,PT5M,0.0,0.0,0.0,0.0,0.0
0,0,0,0,29,0.14,56.0,3.5,236,2026-09-26 18:10:00,PT5M,0.0,0.0,0.0,0.0,0.0
0,0,0,0,29,0.14,56.2,3.5,236,2026-09-26 18:15:00,PT5M,0.0,0.0,0.0,0.0,0.0
0,0,0,0,29,0.14,56.4,3.4,236,2026-09-26 18:20:00,PT5M,0.0,0.0,0.0,0.0,0.0
0,0,0,0,29,0.14,56.6,3.4,235,2026-09-26 18:25:00,PT5M,0.0,0.0,0.0,0.0,0.0
0,0,0,0,28,0.14,56.8,3.3,235,2026-09-26 18:30:00,PT5M,0.0,0.0,0.0,0.0,0.0
0,0,0,0,28,0.14,57.0,3.3,235,2026-09-26 18:35:00,PT5M,0.0,0.0,0.0,0.0,0.0
0,0,0,0,28,0.14,57.2,3.3,235,2026-09-26 18:40:00,PT5M,0.0,0.0,0.0,0.0,0.0
0,0,0,0,28,0.14,57.4,3.2,235,2026-09-26 18:45:00,PT5M,0.0,0.0,0.0,0.0,0.0
0,0,0,0,28,0.14,57.6,3.2,235,2026-09-26 18:50:00,PT5M,0.0,0.0,0.0,0.0,0.0
0,0,0,0,28,0.14,57.8,3.1,234,2026-09-26 18:55:00,PT5M,0.0,0.0,0.0,0.0,0.0
0,0,0,0,28,0.14,58.0,3.1,234,2026-09-26 19:00:00,PT5M,0.0,0.0,0.0,0.0,0.0
0,0,0,0,28,0.14,58.3,3.1,234,2026-09-26 19:05:00,PT5M,0.0,0.0,0.0,0.0,0.0
0,0,0,0,28,0.14,58.5,3.0,234,2026-09-26 19:10:00,PT5M,0.0,0.0,0.0,0.0,0.0
0,0,0,0,28,0.14,58.7,3.0,234,2026-09-26 19:15:00,PT5M,0.0,0.0,0.0,0.0,0.0
0,0,0,0,28,0.14,58.9,2.9,234,2026-09-26 19:20:00,PT5M,0.0,0.0,0.0,0.0,0.0
0,0,0,0,28,0.14,59.1,2.9,233,2026-09-26 19:25:00,PT5M,0.0,0.0,0.0,0.0,0.0
0,0,0,0,28,0.14,59.3,2.9,233,2026-09-26 19:30:00,PT5M,0.0,0.0,0.0,0.0,0.0
0,0,0,0,28,0.14,59.5,2.8,233,2026-09-26 19:35:00,PT5M,0.0,0.0,0.0,0.0,0.0
0,0,0,0,28,0.14,59.8,2.8,233,2026-09-26 19:40:00,PT5M,0.0,0.0,0.0,0.0,0.0
0,0,0,0,28,0.14,60.0,2.7,233,2026-09-26 19:45:00,PT5M,0.0,0.0,0.0,0.0,0.0
0,0,0,0,28,0.14,60.2,2.7,232,2026-09-26 19:50:00,PT5M,0.0,0.0,0.0,0.0,0.0
0,0,0,0,28,0.14,60.4,2.6,232,2026-09-26 19:55:00,PT5M,0.0,0.0,0.0,0.0,0.0
0,0,0,0,28,0.14,60.6,2.6,232,2026-09-26 20:00:00,PT5M,0.0,0.0,0.0,0.0,0.0
0,0,0,0,28,0.14,60.9,2.6,232,2026-09-26 20:05:00,PT5M,0.0,0.0,0.0,0.0,0.0
0,0,0,0,28,0.14,61.1,2.5,231,2026-09-26 20:10:00,PT5M,0.0,0.0,0.0,0.0,0.0
0,0,0,0,28,0.14,61.3,2.5,231,2026-09-26 20:15:00,PT5M,0.0,0.0,0.0,0.0,0.0
0,0,0,0,28,0.14,61.5,2.4,231,2026-09-26 20:20:00,PT5M,0.0,0.0,0.0,0.0,0.0
0,0,0,0,28,0.14,61.7,2.4,231,2026-09-26 20:25:00,PT5M,0.0,0.0,0.0,0.0,0.0
0,0,0,0,27,0.14,62.0,2.4,230,2026-09-26 20:30:00,PT5M,0.0,0.0,0.0,0.0,0.0
0,0,0,0,27,0.14,62.2,2.3,230,2026-09-26 20:35:00,PT5M,0.0,0.0,0.0,0.0,0.0
0,0,0,0,27,0.14,62.5,2.3,230,2026-09-26 20:40:00,PT5M,0.0,0.0,0.0,0.0,0.0
0,0,0,0,27,0.14,62.8,2.3,230,2026-09-26 20:45:00,PT5M,0.0,0.0,0.0,0.0,0.0
0,0,0,0,27,0.14,63.1,2.3,230,2026-09-26 20:50:00,PT5M,0.0,0.0,0.0,0.0,0.0
0,0,0,0,27,0.14,63.5,2.3,230,2026-09-26 20:55:00,PT5M,0.0,0.0,0.0,0.0,0.0
0,0,0,0,27,0.14,63.8,2.2,229,2026-09-26 21:00:00,PT5M,0.0,0.0,0.0,0.0,0.0
0,0,0,0,27,0.14,64.1,2.2,229,2026-09-26 21:05:00,PT5M,0.0,0.0,0.0,0.0,0.0
0,0,0,0,27,0.14,64.4,2.2,229,2026-09-26 21:10:00,PT5M,0.0,0.0,0.0,0.0,0.0
0,0,0,0,27,0.14,64.7,2.2,229,2026-09-26 21:15:00,PT5M,0.0,0.0,0.0,0.0,0.0
0,0,0,0,27,0.14,65.0,2.2,229,2026-09-26 21:20:00,PT5M,0.0,0.0,0.0,0.0,0.0
0,0,0,0,27,0.14,65.3,2.1,228,2026-09-26 21:25:00,PT5M,0.0,0.0,0.0,0.0,0.0
0,0,0,0,27,0.14,65.6,2.1,228,2026-09-26 21:30:00,PT5M,0.0,0.0,0.0,0.0,0.0
0,0,0,0,27,0.14,66.0,2.1,228,2026-09-26 21:35:00,PT5M,0.0,0.0,0.0,0.0,0.0
0,0,0,0,27,0.14,66.3,2.1,228,2026-09-26 21:40:00,PT5M,0.0,0.0,0.0,0.0,0.0
0,0,0,0,27,0.14,66.6,2.1,228,2026-09-26 21:45:00,PT5M,0.0,0.0,0.0,0.0,0.0
0,0,0,0,27,0.14,66.9,2.0,228,2026-09-26 21:50:00,PT5M,0.0,0.0,0.0,0.0,0.0
0,0,0,0,27,0.14,67.3,2.0,227,2026-09-26 21:55:00,PT5M,0.0,0.0,0.0,0.0,0.0
0,0,0,0,27,0.14,67.6,2.0,227,2026-09-26 22:00:00,PT5M,0.0,0.0,0.0,0.0,0.0
0,0,0,0,27,0.14,67.9,2.0,227,2026-09-26 22:05:00,PT5M,0.0,0.0,0.0,0.0,0.0
0,0,0,0,27,0.14,68.2,2.0,227,2026-09-26 22:10:00,PT5M,0.0,0.0,0.0,0.0,0.0
0,0,0,0,26,0.14,68.6,1.9,227,2026-09-26 22:15:00,PT5M,0.0,0.0,0.0,0.0,0.0
0,0,0,0,26,0.14,68.9,1.9,226,2026-09-26 22:20:00,PT5M,0.0,0.0,0.0,0.0,0.0
0,0,0,0,26,0.14,69.2,1.9,226,2026-09-26 22:25:00,PT5M,0.0,0.0,0.0,0.0,0.0
0,0,0,0,26,0.14,69.6,1.9,226,2026-09-26 22:30:00,PT5M,0.0,0.0,0.0,0.0,0.0
0,0,0,0,26,0.14,69.9,1.9,226,2026-09-26 22:35:00,PT5M,0.0,0.0,0.0,0.0,0.0
0,0,0,0,26,0.14,70.2,1.8,225,2026-09-26 22:40:00,PT5M,0.0,0.0,0.0,0.0,0.0
0,0,0,0,26,0.14,70.6,1.8,225,2026-09-26 22:45:00,PT5M,0.0,0.0,0.0,0.0,0.0
0,0,0,0,26,0.14,70.9,1.8,225,2026-09-26 22:50:00,PT5M,0.0,0.0,0.0,0.0,0.0
0,0,0,0,26,0.14,71.3,1.8,225,2026-09-26 22:55:00,PT5M,0.0,0.0,0.0,0.0,0.0
0,0,0,0,26,0.14,71.6,1.8,224,2026-09-26 23:00:00,PT5M,0.0,0.0,0.0,0.0,0.0
0,0,0,0,26,0.14,72.0,1.7,224,2026-09-26 23:05:00,PT5M,0.0,0.0,0.0,0.0,0.0
0,0,0,0,26,0.14,72.3,1.7,224,2026-09-26 23:10:00,PT5M,0.0,0.0,0.0,0.0,0.0
0,0,0,0,26,0.14,72.7,1.7,224,2026-09-26 23:15:00,PT5M,0.0,0.0,0.0,0.0,0.0
0,0,0,0,26,0.14,73.0,1.7,223,2026-09-26 23:20:00,PT5M,0.0,0.0,0.0,0.0,0.0
0,0,0,0,26,0.14,73.4,1.7,223,2026-09-26 23:25:00,PT5M,0.0,0.0,0.0,0.0,0.0
0,0,0,0,26,0.14,73.7,1.6,223,2026-09-26 23:30:00,PT5M,0.0,0.0,0.0,0.0,0.0
0,0,0,0,26,0.14,73.9,1.6,222,2026-09-26 23:35:00,PT5M,0.0,0.0,0.0,0.0,0.0
0,0,0,0,26,0.14,73.8,1.6,222,2026-09-26 23:40:00,PT5M,0.0,0.0,0.0,0.0,0.0
0,0,0,0,26,0.14,73.7,1.6,222,2026-09-26 23:45:00,PT5M,0.0,0.0,0.0,0.0,0.0
0,0,0,0,26,0.14,73.7,1.6,222,2026-09-26 23:50:00,PT5M,0.0,0.0,0.0,0.0,0.0
0,0,0,0,26,0.14,73.6,1.6,222,2026-09-26 23:55:00,PT5M,0.0,0.0,0.0,0.0,0.0
0,0,0,0,26,0.14,73.5,1.6,222,2026-09-27 00:00:00,PT5M,0.0,0.0,0.0,0.0,0.0
0,0,0,0,26,0.14,73.4,1.6,222,2026-09-27 00:05:00,PT5M,0.0,0.0,0.0,0.0,0.0
0,0,0,0,26,0.14,73.3,1.6,222,2026-09-27 00:10:00,PT5M,0.0,0.0,0.0,0.0,0.0
0,0,0,0,26,0.14,73.3,1.6,222,2026-09-27 00:15:00,PT5M,0.0,0.0,0.0,0.0,0.0
0,0,0,0,26,0.14,73.2,1.6,222,2026-09-27 00:20:00,PT5M,0.0,0.0,0.0,0.0,0.0
0,0,0,0,26,0.14,73.1,1.6,222,2026-09-27 00:25:00,PT5M,0.0,0.0,0.0,0.0,0.0
0,0,0,0,26,0.14,73.0,1.6,222,2026-09-27 00:30:00,PT5M,0.0,0.0,0.0,0.0,0.0
0,0,0,0,26,0.14,73.0,1.6,222,2026-09-27 00:35:00,PT5M,0.0,0.0,0.0,0.0,0.0
0,0,0,0,26,0.14,72.9,1.6,222,2026-09-27 00:40:00,PT5M,0.0,0.0,0.0,0.0,0.0
0,0,0,0,26,0.14,72.8,1.6,221,2026-09-27 00:45:00,PT5M,0.0,0.0,0.0,0.0,0.0
0,0,0,0,26,0.14,72.7,1.6,221,2026-09-27 00:50:00,PT5M,0.0,0.0,0.0,0.0,0.0
0,0,0,0,26,0.14,72.7,1.6,221,2026-09-27 00:55:00,PT5M,0.0,0.0,0.0,0.0,0.0
0,0,0,0,26,0.14,72.6,1.6,221,2026-09-27 01:00:00,PT5M,0.0,0.0,0.0,0.0,0.0
0,0,0,0,26,0.14,72.5,1.6,221,2026-09-27 01:05:00,PT5M,0.0,0.0,0.0,0.0,0.0
0,0,0,0,26,0.14,72.4,1.6,221,2026-09-27 01:10:00,PT5M,0.0,0.0,0.0,0.0,0.0
0,0,0,0,26,0.14,72.3,1.6,221,2026-09-27 01:15:00,PT5M,0.0,0.0,0.0,0.0,0.0
0,0,0,0,26,0.14,72.3,1.6,221,2026-09-27 01:20:00,PT5M,0.0,0.0,0.0,0.0,0.0
0,0,0,0,26,0.14,72.2,1.6,221,2026-09-27 01:25:00,PT5M,0.0,0.0,0.0,0.0,0.0
0,0,0,0,26,0.14,72.1,1.6,221,2026-09-27 01:30:00,PT5M,0.0,0.0,0.0,0.0,0.0
0,0,0,0,26,0.14,72.0,1.6,221,2026-09-27 01:35:00,PT5M,0.0,0.0,0.0,0.0,0.0
0,0,0,0,26,0.14,72.0,1.6,221,2026-09-27 01:40:00,PT5M,0.0,0.0,0.0,0.0,0.0
0,0,0,0,26,0.14,71.9,1.6,221,2026-09-27 01:45:00,PT5M,0.0,0.0,0.0,0.0,0.0
0,0,0,0,26,0.14,71.8,1.6,220,2026-09-27 01:50:00,PT5M,0.0,0.0,0.0,0.0,0.0
0,0,0,0,26,0.14,71.7,1.6,220,2026-09-27 01:55:00,PT5M,0.0,0.0,0.0,0.0,0.0
0,0,0,0,26,0.14,71.7,1.6,220,2026-09-27 02:00:00,PT5M,0.0,0.0,0.0,0.0,0.0
0,0,0,0,25,0.14,71.6,1.6,220,2026-09-27 02:05:00,PT5M,0.0,0.0,0.0,0.0,0.0
0,0,0,0,25,0.14,71.5,1.6,220,2026-09-27 02:10:00,PT5M,0.0,0.0,0.0,0.0,0.0
0,0,0,0,25,0.14,71.4,1.6,220,2026-09-27 02:15:00,PT5M,0.0,0.0,0.0,0.0,0.0
0,0,0,0,25,0.14,71.4,1.6,220,2026-09-27 02:20:00,PT5M,0.0,0.0,0.0,0.0,0.0
0,0,0,0,25,0.14,71.3,1.6,220,2026-09-27 02:25:00,PT5M,0.0,0.0,0.0,0.0,0.0
0,0,0,0,25,0.14,71.2,1.6,220,2026-09-27 02:30:00,PT5M,0.0,0.0,0.0,0.0,0.0
0,0,0,0,25,0.14,71.2,1.6,220,2026-09-27 02:35:00,PT5M,0.0,0.0,0.0,0.0,0.0
0,0,0,0,25,0.14,71.3,1.5,220,2026-09-27 02:40:00,PT5M,0.0,0.0,0.0,0.0,0.0
0,0,0,0,25,0.14,71.3,1.5,219,2026-09-27 02:45:00,PT5M,0.0,0.0,0.0,0.0,0.0
0,0,0,0,25,0.14,71.3,1.5,219,2026-09-27 02:50:00,PT5M,0.0,0.0,0.0,0.0,0.0
0,0,0,0,25,0.14,71.4,1.5,219,2026-09-27 02:55:00,PT5M,0.0,0.0,0.0,0.0,0.0
0,0,0,0,25,0.14,71.4,1.5,219,2026-09-27 03:00:00,PT5M,0.0,0.0,0.0,0.0,0.0
0,0,0,0,25,0.14,71.5,1.5,218,2026-09-27 03:05:00,PT5M,0.0,0.0,0.0,0.0,0.0
0,0,0,0,25,0.14,71.5,1.4,218,2026-09-27 03:10:00,PT5M,0.0,0.0,0.0,0.0,0.0
0,0,0,0,25,0.14,71.6,1.4,218,2026-09-27 03:15:00,PT5M,0.0,0.0,0.0,0.0,0.0
0,0,0,0,25,0.14,71.6,1.4,218,2026-09-27 03:20:00,PT5M,0.0,0.0,0.0,0.0,0.0
0,0,0,0,25,0.14,71.7,1.4,218,2026-09-27 03:25:00,PT5M,0.0,0.0,0.0,0.0,0.0
0,0,0,0,25,0.14,71.7,1.4,217,2026-09-27 03:30:00,PT5M,0.0,0.0,0.0,0.0,0.0
0,0,0,0,25,0.14,71.8,1.4,217,2026-09-27 03:35:00,PT5M,0.0,0.0,0.0,0.0,0.0
0,0,0,0,25,0.14,71.8,1.4,217,2026-09-27 03:40:00,PT5M,0.0,0.0,0.0,0.0,0.0
0,0,0,0,25,0.14,71.9,1.3,217,2026-09-27 03:45:00,PT5M,0.0,0.0,0.0,0.0,0.0
0,0,0,0,25,0.14,71.9,1.3,216,2026-09-27 03:50:00,PT5M,0.0,0.0,0.0,0.0,0.0
0,0,0,0,25,0.14,72.0,1.3,216,2026-09-27 03:55:00,PT5M,0.0,0.0,0.0,0.0,0.0
0,0,0,0,25,0.14,72.0,1.3,216,2026-09-27 04:00:00,PT5M,0.0,0.0,0.0,0.0,0.0
0,0,0,0,25,0.14,72.1,1.3,215,2026-09-27 04:05:00,PT5M,0.0,0.0,0.0,0.0,0.0
0,0,0,0,25,0.14,72.1,1.3,215,2026-09-27 04:10:00,PT5M,0.0,0.0,0.0,0.0,0.0
0,0,0,0,25,0.14,72.2,1.3,215,2026-09-27 04:15:00,PT5M,0.0,0.0,0.0,0.0,0.0
0,0,0,0,25,0.14,72.2,1.2,214,2026-09-27 04:20:00,PT5M,0.0,0.0,0.0,0.0,0.0
0,0,0,0,25,0.14,72.3,1.2,214,2026-09-27 04:25:00,PT5M,0.0,0.0,0.0,0.0,0.0
0,0,0,0,25,0.14,72.3,1.2,214,2026-09-27 04:30:00,PT5M,0.0,0.0,0.0,0.0,0.0
0,0,0,0,25,0.14,72.4,1.2,214,2026-09-27 04:35:00,PT5M,0.0,0.0,0.0,0.0,0.0
0,0,0,0,25,0.14,72.4,1.2,213,2026-09-27 04:40:00,PT5M,0.0,0.0,0.0,0.0,0.0
0,0,0,0,25,0.14,72.5,1.2,213,2026-09-27 04:45:00,PT5M,0.0,0.0,0.0,0.0,0.0
0,0,0,0,25,0.14,72.5,1.2,212,2026-09-27 04:50:00,PT5M,0.0,0.0,0.0,0.0,0.0
0,0,0,0,25,0.14,72.6,1.1,212,2026-09-27 04:55:00,PT5M,0.0,0.0,0.0,0.0,0.0
0,0,0,0,25,0.14,72.6,1.1,212,2026-09-27 05:00:00,PT5M,0.0,0.0,0.0,0.0,0.0
0,0,0,0,25,0.14,72.7,1.1,211,2026-09-27 05:05:00,PT5M,0.0,0.0,0.0,0.0,0.0
0,0,0,0,25,0.14,72.7,1.1,211,2026-09-27 05:10:00,PT5M,0.0,0.0,0.0,0.0,0.0
0,0,0,0,25,0.14,72.8,1.1,211,2026-09-27 05:15:00,PT5M,0.0,0.0,0.0,0.0,0.0
0,0,0,0,25,0.14,72.8,1.1,210,2026-09-27 05:20:00,PT5M,0.0,0.0,0.0,0.0,0.0
0,0,0,0,25,0.14,72.9,1.1,210,2026-09-27 05:25:00,PT5M,0.0,0.0,0.0,0.0,0.0
0,0,0,0,25,0.14,72.9,1.0,209,2026-09-27 05:30:00,PT5M,0.0,0.0,0.0,0.0,0.0
0,0,0,0,25,0.14,72.8,1.0,210,2026-09-27 05:35:00,PT5M,0.0,0.0,0.0,0.0,0.0
0,0,0,0,25,0.14,72.5,1.0,211,2026-09-27 05:40:00,PT5M,0.0,0.0,0.0,0.0,0.0
0,0,0,0,25,0.14,72.2,1.0,212,2026-09-27 05:45:00,PT5M,0.0,0.0,0.0,0.0,0.0
0,0,0,0,26,0.14,71.8,1.0,213,2026-09-27 05:50:00,PT5M,0.0,0.0,0.0,0.0,0.0
0,0,0,0,26,0.14,71.5,1.0,215,2026-09-27 05:55:00,PT5M,0.0,0.0,0.0,0.0,0.0
1,1,0,1,26,0.14,71.2,1.0,216,2026-09-27 06:00:00,PT5M,0.0,0.0,0.0,0.0,0.0
6,6,0,6,26,0.14,70.9,0.9,217,2026-09-27 06:05:00,PT5M,0.057,0.3885,0.2315,0.0,0.0
11,11,0,11,26,0.14,70.6,0.9,219,2026-09-27 06:10:00,PT5M,0.781,1.7345,1.2828,0.2792,0.0
17,17,0,17,26,0.14,70.3,0.9,220,2026-09-27 06:15:00,PT5M,1.602,3.3185,2.5054,0.6986,0.0
25,25,0,25,26,0.14,70.0,0.9,221,2026-09-27 06:20:00,PT5M,2.519,5.171,3.9148,1.1232,0.0
33,33,0,33,26,0.14,69.7,0.9,223,2026-09-27 06:25:00,PT5M,3.561,7.372,5.5668,1.5552,0.0
42,42,0,42,26,0.14,69.4,0.9,224,2026-09-27 06:30:00,PT5M,4.828,10.0665,7.5851,2.0709,0.0
53,53,0,53,26,0.14,69.1,0.9,226,2026-09-27 06:35:00,PT5M,6.168,14.416,10.509,1.827,0.0
64,64,0,64,26,0.14,68.9,0.9,227,2026-09-27 06:40:00,PT5M,7.545,17.7045,12.892,2.198,0.0
76,77,0,77,26,0.14,68.6,0.9,229,2026-09-27 06:45:00,PT5M,9.091,21.175,15.4509,2.7311,0.0
90,90,0,90,26,0.14,68.3,0.9,230,2026-09-27 06:50:00,PT5M,10.786,24.8075,18.1656,3.4064,0.0
103,104,8,102,27,0.14,68.0,0.9,232,2026-09-27 06:55:00,PT5M,12.786,28.8325,21.2314,4.3406,0.0
118,118,27,111,27,0.14,67.7,0.9,234,2026-09-27 07:00:00,PT5M,15.327,33.4575,24.8692,5.7848,0.0
132,132,43,120,27,0.14,67.4,0.9,235,2026-09-27 07:05:00,PT5M,17.932,38.185,28.5913,7.2727,0.0
147,147,58,129,27,0.14,67.1,0.9,237,2026-09-27 07:10:00,PT5M,20.648,43.0145,32.4196,8.8764,0.0
161,161,73,138,27,0.14,66.8,0.9,239,2026-09-27 07:15:00,PT5M,23.514,48.005,36.4038,10.6242,0.0
177,177,88,146,27,0.14,66.6,0.9,240,2026-09-27 07:20:00,PT5M,26.497,53.1135,40.5055,12.4885,0.0
192,192,103,154,27,0.14,66.3,0.8,242,2026-09-27 07:25:00,PT5M,29.464,58.2,44.588,14.34,0.728
209,208,118,162,27,0.14,66.0,0.8,244,2026-09-27 07:30:00,PT5M,32.679,63.545,48.924,16.434,1.813
225,225,134,170,27,0.14,65.7,0.9,245,2026-09-27 07:35:00,PT5M,36.065,69.08,53.441,18.689,3.05
242,242,150,177,27,0.14,65.4,0.9,247,2026-09-27 07:40:00,PT5M,39.622,74.8815,58.1793,21.0647,4.3625
260,259,167,184,27,0.14,65.2,0.9,249,2026-09-27 07:45:00,PT5M,42.788,78.987,61.8398,23.7362,6.589
278,277,185,191,27,0.14,64.9,0.9,250,2026-09-27 07:50:00,PT5M,45.831,82.5715,65.1678,26.4942,9.0905
296,295,202,197,28,0.14,64.6,0.9,252,2026-09-27 07:55:00,PT5M,48.845,86.069,68.4363,29.2537,11.621
314,313,220,202,28,0.14,64.4,0.9,254,2026-09-27 08:00:00,PT5M,51.819,89.462,71.6308,32.0072,14.176
333,332,238,207,28,0.14,64.1,0.9,255,2026-09-27 08:05:00,PT5M,54.687,92.6775,74.6817,34.6923,16.6965
352,351,257,212,28,0.14,63.8,0.9,257,2026-09-27 08:10:00,PT5M,57.544,95.8035,77.6802,37.4078,19.2845
372,370,276,216,28,0.14,63.6,0.9,258,2026-09-27 08:15:00,PT5M,60.322,98.7705,80.5577,40.0863,21.8735
391,389,295,219,28,0.14,63.3,0.9,260,2026-09-27 08:20:00,PT5M,63.009,100.0,83.2908,42.7272,24.473
411,409,314,222,28,0.14,63.0,0.9,261,2026-09-27 08:25:00,PT5M,65.603,100.0,85.8785,45.3275,27.079
431,429,333,225,28,0.14,62.8,0.9,263,2026-09-27 08:30:00,PT5M,68.125,100.0,88.3999,47.8501,29.602
449,446,347,228,28,0.14,62.3,0.9,265,2026-09-27 08:35:00,PT5M,70.04,100.0,90.2934,49.7866,31.558
464,462,355,233,28,0.14,61.6,0.9,269,2026-09-27 08:40:00,PT5M,71.358,100.0,91.61,51.106,32.8785
480,477,363,237,29,0.14,61.0,0.9,272,2026-09-27 08:45:00,PT5M,72.615,100.0,92.8573,52.3727,34.154
495,492,371,242,29,0.14,60.3,0.9,275,2026-09-27 08:50:00,PT5M,73.822,100.0,94.0454,53.5986,35.397
510,507,378,246,29,0.14,59.7,0.9,279,2026-09-27 08:55:00,PT5M,74.992,100.0,95.188,54.796,36.619
525,522,385,250,29,0.14,59.1,0.9,282,2026-09-27 09:00:00,PT5M,76.125,100.0,96.1684,56.0816,38.042
541,538,394,253,29,0.14,58.4,0.9,285,2026-09-27 09:05:00,PT5M,77.311,100.0,97.1654,57.4566,39.587
556,552,402,256,29,0.14,57.8,0.9,289,2026-09-27 09:10:00,PT5M,78.44,100.0,98.1086,58.7714,41.069
571,567,410,259,30,0.14,57.2,0.9,292,2026-09-27 09:15:00,PT5M,79.531,100.0,99.0159,60.0461,42.509
585,582,417,262,30,0.14,56.6,1.0,295,2026-09-27 09:20:00,PT5M,80.587,100.0,99.8909,61.2831,43.909
600,596,425,265,30,0.14,56.0,1.0,298,2026-09-27 09:25:00,PT5M,81.607,100.0,100.0,62.4813,45.2675
614,610,433,267,30,0.14,55.4,1.0,300,2026-09-27 09:30:00,PT5M,82.593,100.0,100.0,63.6428,46.587
628,624,440,270,30,0.14,54.8,1.0,303,2026-09-27 09:35:00,PT5M,83.546,100.0,100.0,64.7682,47.8675
642,638,448,272,31,0.14,54.3,1.1,305,2026-09-27 09:40:00,PT5M,84.466,100.0,100.0,65.8574,49.109
655,651,454,274,31,0.14,53.7,1.1,308,2026-09-27 09:45:00,PT5M,85.305,100.0,100.0,66.859,50.257
668,663,461,276,31,0.14,53.1,1.1,310,2026-09-27 09:50:00,PT5M,86.106,100.0,100.0,67.8184,51.359
680,676,467,277,31,0.14,52.6,1.2,312,2026-09-27 09:55:00,PT5M,86.88,100.0,100.0,68.7469,52.4265
692,688,474,279,31,0.14,52.0,1.2,314,2026-09-27 10:00:00,PT5M,87.621,100.0,100.0,69.6363,53.4495
704,700,480,280,31,0.14,51.5,1.2,316,2026-09-27 10:05:00,PT5M,88.343,100.0,100.0,70.5028,54.446
716,711,487,281,32,0.14,50.9,1.3,318,2026-09-27 10:10:00,PT5M,89.046,100.0,100.0,71.3468,55.417
728,723,494,282,32,0.14,50.4,1.3,319,2026-09-27 10:15:00,PT5M,89.718,100.0,100.0,72.1554,56.3485
739,734,501,282,32,0.14,49.9,1.3,321,2026-09-27 10:20:00,PT5M,90.359,100.0,100.0,72.9288,57.241
749,744,507,282,32,0.14,49.4,1.4,322,2026-09-27 10:25:00,PT5M,90.975,100.0,100.0,73.6734,58.1015
760,755,514,282,32,0.14,48.9,1.4,324,2026-09-27 10:30:00,PT5M,91.566,100.0,100.0,74.3894,58.93
770,765,521,282,32,0.14,48.4,1.5,325,2026-09-27 10:35:00,PT5M,92.127,100.0,100.0,75.072,59.722
780,774,527,281,33,0.14,47.9,1.5,326,2026-09-27 10:40:00,PT5M,92.661,100.0,100.0,75.7231,60.4785
789,783,534,281,33,0.14,47.4,1.5,328,2026-09-27 10:45:00,PT5M,93.107,100.0,100.0,76.2812,61.1375
798,792,540,280,33,0.14,46.9,1.6,329,2026-09-27 10:50:00,PT5M,93.578,100.0,100.0,76.8575,61.8085
806,801,546,279,33,0.14,46.4,1.6,330,2026-09-27 10:55:00,PT5M,94.015,100.0,100.0,77.3869,62.421
814,809,553,278,33,0.14,45.9,1.7,331,2026-09-27 11:00:00,PT5M,94.42,100.0,100.0,77.8719,62.978
822,816,559,277,33,0.14,45.4,1.7,332,2026-09-27 11:05:00,PT5M,94.815,100.0,100.0,78.3568,63.544
829,823,565,275,34,0.14,45.0,1.8,333,2026-09-27 11:10:00,PT5M,95.187,100.0,100.0,78.8191,64.0875
836,830,571,274,34,0.14,44.5,1.8,333,2026-09-27 11:15:00,PT5M,95.529,100.0,100.0,79.238,64.5755
842,836,577,272,34,0.14,44.1,1.9,334,2026-09-27 11:20:00,PT5M,95.846,100.0,100.0,79.6236,65.023
848,842,583,270,34,0.14,43.6,1.9,335,2026-09-27 11:25:00,PT5M,96.138,100.0,100.0,79.9775,65.4325
854,847,589,268,34,0.14,43.2,1.9,336,2026-09-27 11:30:00,PT5M,96.407,100.0,100.0,80.3025,65.808
855,849,587,270,34,0.14,43.0,1.9,337,2026-09-27 11:35:00,PT5M,96.333,100.0,100.0,80.2362,65.7485
853,846,579,275,34,0.14,43.0,1.9,339,2026-09-27 11:40:00,PT5M,95.917,100.0,100.0,79.7786,65.2535
850,844,570,279,34,0.14,43.0,1.8,341,2026-09-27 11:45:00,PT5M,95.479,100.0,100.0,79.2919,64.723
846,840,562,284,34,0.14,43.0,1.7,343,2026-09-27 11:50:00,PT5M,95.018,100.0,100.0,78.7759,64.1575
842,836,553,288,34,0.14,43.0,1.7,345,2026-09-27 11:55:00,PT5M,94.532,100.0,100.0,78.2281,63.554
837,832,544,293,34,0.14,43.0,1.6,347,2026-09-27 12:00:00,PT5M,94.074,100.0,100.0,77.7016,62.966
832,827,535,297,34,0.14,43.0,1.6,350,2026-09-27 12:05:00,PT5M,93.704,100.0,100.0,77.2574,62.455
827,821,526,300,34,0.14,43.0,1.5,353,2026-09-27 12:10:00,PT5M,93.263,100.0,100.0,76.7367,61.8625
821,815,518,304,34,0.14,43.0,1.5,356,2026-09-27 12:15:00,PT5M,92.796,100.0,100.0,76.1842,61.233
814,809,509,307,34,0.14,43.1,1.4,359,2026-09-27 12:20:00,PT5M,92.303,100.0,100.0,75.5999,60.5665
808,802,500,310,34,0.14,43.1,1.4,2,2026-09-27 12:25:00,PT5M,91.783,100.0,100.0,74.9827,59.862
800,795,491,313,34,0.14,43.1,1.4,5,2026-09-27 12:30:00,PT5M,91.237,100.0,100.0,74.3352,59.123
793,788,483,316,34,0.14,43.1,1.3,9,2026-09-27 12:35:00,PT5M,90.722,100.0,100.0,73.7141,58.4065
786,781,476,317,34,0.14,43.1,1.3,13,2026-09-27 12:40:00,PT5M,90.238,100.0,100.0,73.1185,57.7105
779,774,469,319,34,0.14,43.1,1.3,17,2026-09-27 12:45:00,PT5M,89.725,100.0,100.0,72.4869,56.972
771,766,462,320,34,0.14,43.1,1.3,21,2026-09-27 12:50:00,PT5M,89.175,100.0,100.0,71.8066,56.1745
762,758,455,321,34,0.14,43.1,1.3,25,2026-09-27 12:55:00,PT5M,88.603,100.0,100.0,71.1051,55.3565
754,749,448,321,34,0.14,43.1,1.3,29,2026-09-27 13:00:00,PT5M,88.025,100.0,100.0,70.4079,54.552
745,740,441,322,34,0.14,43.2,1.3,33,2026-09-27 13:05:00,PT5M,87.404,100.0,100.0,69.6574,53.685
735,731,434,323,34,0.14,43.2,1.3,37,2026-09-27 13:10:00,PT5M,86.735,100.0,100.0,68.8471,52.7475
726,721,426,323,34,0.14,43.2,1.3,40,2026-09-27 13:15:00,PT5M,86.032,100.0,100.0,67.9978,51.7665
716,711,418,324,34,0.14,43.2,1.3,44,2026-09-27 13:20:00,PT5M,85.297,100.0,100.0,67.1131,50.747
705,701,411,324,34,0.14,43.2,1.4,48,2026-09-27 13:25:00,PT5M,84.532,100.0,100.0,66.1957,49.6925
694,690,403,323,34,0.14,43.2,1.4,51,2026-09-27 13:30:00,PT5M,83.736,100.0,100.0,65.2455,48.6035
683,679,395,323,34,0.14,43.2,1.4,54,2026-09-27 13:35:00,PT5M,82.85,100.0,100.0,64.2035,47.421
671,667,385,323,34,0.14,43.2,1.5,57,2026-09-27 13:40:00,PT5M,81.875,100.0,100.0,63.0706,46.146
658,655,376,323,34,0.14,43.2,1.5,60,2026-09-27 13:45:00,PT5M,80.866,100.0,99.831,61.901,44.832
645,642,367,322,34,0.14,43.3,1.6,63,2026-09-27 13:50:00,PT5M,79.823,100.0,98.9506,60.6954,43.48
632,629,357,321,34,0.14,43.3,1.6,65,2026-09-27 13:55:00,PT5M,78.745,100.0,98.0376,59.4524,42.0885
619,616,348,320,34,0.14,43.3,1.7,68,2026-09-27 14:00:00,PT5M,77.582,100.0,97.0422,58.1218,40.607
606,603,339,318,34,0.14,43.3,1.8,70,2026-09-27 14:05:00,PT5M,76.436,100.0,96.0675,56.8045,39.1355
592,589,330,316,34,0.14,43.3,1.8,72,2026-09-27 14:10:00,PT5M,75.257,100.0,95.0614,55.4526,37.628
578,576,320,314,34,0.14,43.3,1.9,74,2026-09-27 14:15:00,PT5M,74.035,100.0,94.0144,54.0556,36.0735
564,562,311,312,34,0.14,43.3,2.0,75,2026-09-27 14:20:00,PT5M,72.736,100.0,92.8941,52.5779,34.435
550,547,301,309,34,0.14,43.3,2.0,77,2026-09-27 14:25:00,PT5M,71.401,100.0,91.7388,51.0632,32.7585
535,533,291,306,34,0.14,43.3,2.1,78,2026-09-27 14:30:00,PT5M,70.03,100.0,90.5481,49.5119,31.045
520,518,281,303,34,0.14,43.6,2.1,79,2026-09-27 14:35:00,PT5M,68.566,100.0,89.2796,47.8524,29.2095
505,503,270,300,34,0.14,44.0,2.1,80,2026-09-27 14:40:00,PT5M,67.008,100.0,87.9306,46.0854,27.2545
489,487,259,297,34,0.14,44.4,2.1,80,2026-09-27 14:45:00,PT5M,65.411,100.0,86.5412,44.2808,25.263
473,472,248,293,34,0.14,44.9,2.1,81,2026-09-27 14:50:00,PT5M,63.775,100.0,84.9775,42.5725,23.4895
458,456,237,289,33,0.14,45.3,2.1,81,2026-09-27 14:55:00,PT5M,62.099,100.0,83.3581,40.8399,21.706
442,441,227,284,33,0.14,45.8,2.1,81,2026-09-27 15:00:00,PT5M,60.48,100.0,81.7849,39.1751,20.0
427,426,217,279,33,0.14,46.3,2.0,82,2026-09-27 15:05:00,PT5M,58.827,99.3725,80.1664,37.4876,18.2815
412,410,206,274,33,0.14,46.7,2.0,82,2026-09-27 15:10:00,PT5M,57.057,97.626,78.4088,35.7052,16.488
396,395,195,269,33,0.14,47.2,2.0,83,2026-09-27 15:15:00,PT5M,55.238,95.8025,76.5874,33.8886,14.6735
381,380,185,264,33,0.14,47.7,2.0,83,2026-09-27 15:20:00,PT5M,53.357,93.8265,74.6564,32.0576,12.8875
365,364,174,258,33,0.14,48.2,2.0,84,2026-09-27 15:25:00,PT5M,51.423,91.818,72.6832,30.1628,11.028
350,349,163,252,33,0.14,48.6,2.0,84,2026-09-27 15:30:00,PT5M,49.433,89.7075,70.6298,28.2362,9.1585
334,333,152,246,33,0.14,49.1,2.0,84,2026-09-27 15:35:00,PT5M,47.321,87.422,68.4264,26.2156,7.22
318,318,140,239,32,0.14,49.6,2.0,85,2026-09-27 15:40:00,PT5M,45.102,84.9265,66.0619,24.1421,5.2775
302,302,128,233,32,0.14,50.1,1.9,85,2026-09-27 15:45:00,PT5M,42.828,82.2725,63.5879,22.0681,3.3835
287,286,116,225,32,0.14,50.6,1.9,86,2026-09-27 15:50:00,PT5M,40.498,79.4695,61.009,19.987,1.5265
271,271,105,218,32,0.14,51.1,1.9,86,2026-09-27 15:55:00,PT5M,38.338,76.751,58.555,18.121,0.0
256,256,93,210,32,0.14,51.7,1.9,87,2026-09-27 16:00:00,PT5M,35.914,73.681,55.791,16.037,0.0
240,240,82,202,32,0.14,52.2,1.9,87,2026-09-27 16:05:00,PT5M,33.479,70.543,52.986,13.972,0.0
226,226,70,194,32,0.14,52.7,1.9,88,2026-09-27 16:10:00,PT5M,31.039,67.355,50.1524,11.9256,0.0
211,211,59,186,32,0.14,53.2,1.9,88,2026-09-27 16:15:00,PT5M,28.601,63.819,47.1365,10.0655,0.0
196,197,48,177,32,0.14,53.8,1.9,89,2026-09-27 16:20:00,PT5M,26.191,59.072,43.4965,8.8855,0.0
182,183,38,168,31,0.14,54.3,1.9,89,2026-09-27 16:25:00,PT5M,23.777,54.4095,39.8991,7.6549,0.0
168,169,27,159,31,0.14,54.9,1.8,90,2026-09-27 16:30:00,PT5M,21.595,50.0025,36.5461,6.6439,0.0
155,155,16,150,31,0.14,55.4,1.8,90,2026-09-27 16:35:00,PT5M,19.36,45.5615,33.15,5.57,0.0
142,142,7,140,31,0.14,56.0,1.8,91,2026-09-27 16:40:00,PT5M,17.258,41.25,29.8852,4.6308,0.0
129,130,0,130,31,0.14,56.6,1.8,91,2026-09-27 16:45:00,PT5M,15.366,37.1135,26.8119,3.9201,0.0
117,117,0,117,31,0.14,57.1,1.8,92,2026-09-27 16:50:00,PT5M,13.885,33.4555,24.1851,3.5849,0.0
105,105,0,105,31,0.14,57.7,1.8,92,2026-09-27 16:55:00,PT5M,12.427,29.8635,21.604,3.25,0.0
93,93,0,93,31,0.14,58.3,1.8,93,2026-09-27 17:00:00,PT5M,10.958,26.346,19.0568,2.8592,0.0
81,81,0,81,31,0.14,58.9,1.8,94,2026-09-27 17:05:00,PT5M,9.541,22.992,16.6204,2.4616,0.0
69,69,0,69,30,0.14,59.5,1.8,94,2026-09-27 17:10:00,PT5M,8.076,19.6515,14.1683,1.9837,0.0
59,59,0,59,30,0.14,60.1,1.7,95,2026-09-27 17:15:00,PT5M,6.732,16.46,11.8519,1.6121,0.0
48,49,0,49,30,0.14,60.7,1.7,95,2026-09-27 17:20:00,PT5M,5.531,13.4395,9.6933,1.3687,0.0
39,39,0,39,30,0.14,61.3,1.7,96,2026-09-27 17:25:00,PT5M,4.356,10.517,7.5986,1.1134,0.0
31,31,0,31,30,0.14,61.9,1.7,96,2026-09-27 17:30:00,PT5M,3.234,7.794,5.634,0.834,0.0
23,23,0,23,30,0.14,62.4,1.7,97,2026-09-27 17:35:00,PT5M,2.302,5.4925,3.9812,0.6228,0.0
16,16,0,16,30,0.14,62.6,1.6,96,2026-09-27 17:40:00,PT5M,1.468,3.4085,2.4893,0.4467,0.0
11,11,0,11,30,0.14,62.8,1.6,96,2026-09-27 17:45:00,PT5M,0.705,1.71,1.2339,0.1761,0.0
5,5,0,5,30,0.14,63.0,1.5,96,2026-09-27 17:50:00,PT5M,0.018,0.359,0.1975,0.0,0.0
1,1,0,1,30,0.14,63.2,1.4,95,2026-09-27 17:55:00,PT5M,0.0,0.0,0.0,0.0,0.0
0,0,0,0,30,0.14,63.4,1.4,95,2026-09-27 18:00:00,PT5M,0.0,0.0,0.0,0.0,0.0
0,0,0,0,30,0.14,63.6,1.3,95,2026-09-27 18:05:00,PT5M,0.0,0.0,0.0,0.0,0.0
0,0,0,0,30,0.14,63.8,1.3,94,2026-09-27 18:10:00,PT5M,0.0,0.0,0.0,0.0,0.0
0,0,0,0,29,0.14,64.0,1.2,94,2026-09-27 18:15:00,PT5M,0.0,0.0,0.0,0.0,0.0
0,0,0,0,29,0.14,64.2,1.1,93,2026-09-27 18:20:00,PT5M,0.0,0.0,0.0,0.0,0.0
0,0,0,0,29,0.14,64.4,1.1,93,2026-09-27 18:25:00,PT5M,0.0,0.0,0.0,0.0,0.0
0,0,0,0,29,0.14,64.6,1.0,92,2026-09-27 18:30:00,PT5M,0.0,0.0,0.0,0.0,0.0
0,0,0,0,29,0.14,64.8,1.0,92,2026-09-27 18:35:00,PT5M,0.0,0.0,0.0,0.0,0.0
0,0,0,0,29,0.14,65.0,0.9,91,2026-09-27 18:40:00,PT5M,0.0,0.0,0.0,0.0,0.0
0,0,0,0,29,0.14,65.2,0.9,90,2026-09-27 18:45:00,PT5M,0.0,0.0,0.0,0.0,0.0
0,0,0,0,29,0.14,65.4,0.8,89,2026-09-27 18:50:00,PT5M,0.0,0.0,0.0,0.0,0.0
0,0,0,0,29,0.14,65.6,0.7,88,2026-09-27 18:55:00,PT5M,0.0,0.0,0.0,0.0,0.0
0,0,0,0,29,0.14,65.8,0.7,86,2026-09-27 19:00:00,PT5M,0.0,0.0,0.0,0.0,0.0
0,0,0,0,29,0.14,66.1,0.6,85,2026-09-27 19:05:00,PT5M,0.0,0.0,0.0,0.0,0.0
0,0,0,0,29,0.14,66.3,0.6,83,2026-09-27 19:10:00,PT5M,0.0,0.0,0.0,0.0,0.0
0,0,0,0,29,0.14,66.5,0.5,80,2026-09-27 19:15:00,PT5M,0.0,0.0,0.0,0.0,0.0
0,0,0,0,29,0.14,66.7,0.5,78,2026-09-27 19:20:00,PT5M,0.0,0.0,0.0,0.0,0.0
0,0,0,0,29,0.14,66.9,0.4,74,2026-09-27 19:25:00,PT5M,0.0,0.0,0.0,0.0,0.0
0,0,0,0,29,0.14,67.1,0.4,69,2026-09-27 19:30:00,PT5M,0.0,0.0,0.0,0.0,0.0
0,0,0,0,29,0.14,67.3,0.3,63,2026-09-27 19:35:00,PT5M,0.0,0.0,0.0,0.0,0.0
0,0,0,0,28,0.14,67.6,0.3,54,2026-09-27 19:40:00,PT5M,0.0,0.0,0.0,0.0,0.0
0,0,0,0,28,0.14,67.8,0.2,43,2026-09-27 19:45:00,PT5M,0.0,0.0,0.0,0.0,0.0
0,0,0,0,28,0.14,68.0,0.2,28,2026-09-27 19:50:00,PT5M,0.0,0.0,0.0,0.0,0.0
0,0,0,0,28,0.14,68.2,0.2,11,2026-09-27 19:55:00,PT5M,0.0,0.0,0.0,0.0,0.0
0,0,0,0,28,0.14,68.4,0.2,354,2026-09-27 20:00:00,PT5M,0.0,0.0,0.0,0.0,0.0
0,0,0,0,28,0.14,68.7,0.2,341,2026-09-27 20:05:00,PT5M,0.0,0.0,0.0,0.0,0.0
0,0,0,0,28,0.14,68.9,0.3,330,2026-09-27 20:10:00,PT5M,0.0,0.0,0.0,0.0,0.0
0,0,0,0,28,0.14,69.1,0.3,322,2026-09-27 20:15:00,PT5M,0.0,0.0,0.0,0.0,0.0
0,0,0,0,28,0.14,69.3,0.4,316,2026-09-27 20:20:00,PT5M,0.0,0.0,0.0,0.0,0.0
0,0,0,0,28,0.14,69.5,0.4,312,2026-09-27 20:25:00,PT5M,0.0,0.0,0.0,0.0,0.0
0,0,0,0,28,0.14,69.8,0.5,308,2026-09-27 20:30:00,PT5M,0.0,0.0,0.0,0.0,0.0
0,0,0,0,28,0.14,69.9,0.5,307,2026-09-27 20:35:00,PT5M,0.0,0.0,0.0,0.0,0.0
0,0,0,0,28,0.14,70.1,0.5,307,2026-09-27 20:40:00,PT5M,0.0,0.0,0.0,0.0,0.0
0,0,0,0,28,0.14,70.2,0.5,308,2026-09-27 20:45:00,PT5M,0.0,0.0,0.0,0.0,0.0
0,0,0,0,28,0.14,70.3,0.5,308,2026-09-27 20:50:00,PT5M,0.0,0.0,0.0,0.0,0.0
0,0,0,0,28,0.14,70.4,0.5,309,2026-09-27 20:55:00,PT5M,0.0,0.0,0.0,0.0,0.0
0,0,0,0,28,0.14,70.6,0.5,309,2026-09-27 21:00:00,PT5M,0.0,0.0,0.0,0.0,0.0
0,0,0,0,28,0.14,70.7,0.5,310,2026-09-27 21:05:00,PT5M,0.0,0.0,0.0,0.0,0.0
0,0,0,0,28,0.14,70.8,0.5,310,2026-09-27 21:10:00,PT5M,0.0,0.0,0.0,0.0,0.0
0,0,0,0,28,0.14,70.9,0.5,310,2026-09-27 21:15:00,PT5M,0.0,0.0,0.0,0.0,0.0
0,0,0,0,28,0.14,71.1,0.5,311,2026-09-27 21:20:00,PT5M,0.0,0.0,0.0,0.0,0.0
0,0,0,0,27,0.14,71.2,0.5,311,2026-09-27 21:25:00,PT5M,0.0,0.0,0.0,0.0,0.0
0,0,0,0,27,0.14,71.3,0.5,312,2026-09-27 21:30:00,PT5M,0.0,0.0,0.0,0.0,0.0
0,0,0,0,27,0.14,71.5,0.4,312,2026-09-27 21:35:00,PT5M,0.0,0.0,0.0,0.0,0.0
0,0,0,0,27,0.14,71.6,0.4,313,2026-09-27 21:40:00,PT5M,0.0,0.0,0.0,0.0,0.0
0,0,0,0,27,0.14,71.7,0.4,313,2026-09-27 21:45:00,PT5M,0.0,0.0,0.0,0.0,0.0
0,0,0,0,27,0.14,71.8,0.4,314,2026-09-27 21:50:00,PT5M,0.0,0.0,0.0,0.0,0.0
0,0,0,0,27,0.14,72.0,0.4,314,2026-09-27 21:55:00,PT5M,0.0,0.0,0.0,0.0,0.0
0,0,0,0,27,0.14,72.1,0.4,315,2026-09-27 22:00:00,PT5M,0.0,0.0,0.0,0.0,0.0
0,0,0,0,27,0.14,72.2,0.4,315,2026-09-27 22:05:00,PT5M,0.0,0.0,0.0,0.0,0.0
0,0,0,0,27,0.14,72.3,0.4,316,2026-09-27 22:10:00,PT5M,0.0,0.0,0.0,0.0,0.0
0,0,0,0,27,0.14,72.5,0.4,316,2026-09-27 22:15:00,PT5M,0.0,0.0,0.0,0.0,0.0
0,0,0,0,27,0.14,72.6,0.4,317,2026-09-27 22:20:00,PT5M,0.0,0.0,0.0,0.0,0.0
0,0,0,0,27,0.14,72.7,0.4,317,2026-09-27 22:25:00,PT5M,0.0,0.0,0.0,0.0,0.0
0,0,0,0,27,0.14,72.9,0.4,318,2026-09-27 22:30:00,PT5M,0.0,0.0,0.0,0.0,0.0
0,0,0,0,27,0.14,73.0,0.4,319,2026-09-27 22:35:00,PT5M,0.0,0.0,0.0,0.0,0.0
0,0,0,0,27,0.14,73.1,0.4,319,2026-09-27 22:40:00,PT5M,0.0,0.0,0.0,0.0,0.0
0,0,0,0,27,0.14,73.3,0.4,320,2026-09-27 22:45:00,PT5M,0.0,0.0,0.0,0.0,0.0
0,0,0,0,27,0.14,73.4,0.4,321,2026-09-27 22:50:00,PT5M,0.0,0.0,0.0,0.0,0.0
0,0,0,0,27,0.14,73.5,0.4,321,2026-09-27 22:55:00,PT5M,0.0,0.0,0.0,0.0,0.0
0,0,0,0,27,0.14,73.6,0.4,322,2026-09-27 23:00:00,PT5M,0.0,0.0,0.0,0.0,0.0
0,0,0,0,27,0.14,73.8,0.4,322,2026-09-27 23:05:00,PT5M,0.0,0.0,0.0,0.0,0.0
0,0,0,0,27,0.14,73.9,0.4,323,2026-09-27 23:10:00,PT5M,0.0,0.0,0.0,0.0,0.0
0,0,0,0,27,0.14,74.0,0.4,324,2026-09-27 23:15:00,PT5M,0.0,0.0,0.0,0.0,0.0
0,0,0,0,27,0.14,74.2,0.4,325,2026-09-27 23:20:00,PT5M,0.0,0.0,0.0,0.0,0.0
0,0,0,0,27,0.14,74.3,0.4,325,2026-09-27 23:25:00,PT5M,0.0,0.0,0.0,0.0,0.0
0,0,0,0,27,0.14,74.4,0.4,326,2026-09-27 23:30:00,PT5M,0.0,0.0,0.0,0.0,0.0
0,0,0,0,27,0.14,74.6,0.4,325,2026-09-27 23:35:00,PT5M,0.0,0.0,0.0,0.0,0.0
0,0,0,0,27,0.14,74.7,0.4,321,2026-09-27 23:40:00,PT5M,0.0,0.0,0.0,0.0,0.0
0,0,0,0,26,0.14,74.8,0.3,318,2026-09-27 23:45:00,PT5M,0.0,0.0,0.0,0.0,0.0
0,0,0,0,26,0.14,74.8,0.3,314,2026-09-27 23:50:00,PT5M,0.0,0.0,0.0,0.0,0.0
0,0,0,0,26,0.14,74.9,0.3,311,2026-09-27 23:55:00,PT5M,0.0,0.0,0.0,0.0,0.0
0,0,0,0,26,0.14,75.0,0.3,307,2026-09-28 00:00:00,PT5M,0.0,0.0,0.0,0.0,0.0
0,0,0,0,26,0.14,75.1,0.3,303,2026-09-28 00:05:00,PT5M,0.0,0.0,0.0,0.0,0.0
0,0,0,0,26,0.14,75.2,0.4,300,2026-09-28 00:10:00,PT5M,0.0,0.0,0.0,0.0,0.0
0,0,0,0,26,0.14,75.3,0.4,296,2026-09-28 00:15:00,PT5M,0.0,0.0,0.0,0.0,0.0
0,0,0,0,26,0.14,75.4,0.4,293,2026-09-28 00:20:00,PT5M,0.0,0.0,0.0,0.0,0.0
0,0,0,0,26,0.14,75.5,0.4,290,2026-09-28 00:25:00,PT5M,0.0,0.0,0.0,0.0,0.0
0,0,0,0,26,0.14,75.6,0.4,287,2026-09-28 00:30:00,PT5M,0.0,0.0,0.0,0.0,0.0
0,0,0,0,26,0.14,75.7,0.4,284,2026-09-28 00:35:00,PT5M,0.0,0.0,0.0,0.0,0.0
0,0,0,0,26,0.14,75.8,0.4,281,2026-09-28 00:40:00,PT5M,0.0,0.0,0.0,0.0,0.0
0,0,0,0,26,0.14,75.9,0.4,278,2026-09-28 00:45:00,PT5M,0.0,0.0,0.0,0.0,0.0
0,0,0,0,26,0.14,76.0,0.4,276,2026-09-28 00:50:00,PT5M,0.0,0.0,0.0,0.0,0.0
0,0,0,0,26,0.14,76.1,0.4,273,2026-09-28 00:55:00,PT5M,0.0,0.0,0.0,0.0,0.0
0,0,0,0,26,0.14,76.2,0.4,271,2026-09-28 01:00:00,PT5M,0.0,0.0,0.0,0.0,0.0
0,0,0,0,26,0.14,76.3,0.5,269,2026-09-28 01:05:00,PT5M,0.0,0.0,0.0,0.0,0.0
0,0,0,0,26,0.14,76.4,0.5,267,2026-09-28 01:10:00,PT5M,0.0,0.0,0.0,0.0,0.0
0,0,0,0,26,0.14,76.5,0.5,265,2026-09-28 01:15:00,PT5M,0.0,0.0,0.0,0.0,0.0
0,0,0,0,26,0.14,76.6,0.5,263,2026-09-28 01:20:00,PT5M,0.0,0.0,0.0,0.0,0.0
0,0,0,0,26,0.14,76.7,0.5,262,2026-09-28 01:25:00,PT5M,0.0,0.0,0.0,0.0,0.0
0,0,0,0,26,0.14,76.8,0.5,260,2026-09-28 01:30:00,PT5M,0.0,0.0,0.0,0.0,0.0
0,0,0,0,26,0.14,76.9,0.6,259,2026-09-28 01:35:00,PT5M,0.0,0.0,0.0,0.0,0.0
0,0,0,0,26,0.14,77.0,0.6,257,2026-09-28 01:40:00,PT5M,0.0,0.0,0.0,0.0,0.0
0,0,0,0,26,0.14,77.1,0.6,256,2026-09-28 01:45:00,PT5M,0.0,0.0,0.0,0.0,0.0
0,0,0,0,26,0.14,77.2,0.6,255,2026-09-28 01:50:00,PT5M,0.0,0.0,0.0,0.0,0.0
0,0,0,0,26,0.14,77.3,0.6,254,2026-09-28 01:55:00,PT5M,0.0,0.0,0.0,0.0,0.0
0,0,0,0,26,0.14,77.4,0.6,253,2026-09-28 02:00:00,PT5M,0.0,0.0,0.0,0.0,0.0
0,0,0,0,26,0.14,77.5,0.7,252,2026-09-28 02:05:00,PT5M,0.0,0.0,0.0,0.0,0.0
0,0,0,0,26,0.14,77.6,0.7,251,2026-09-28 02:10:00,PT5M,0.0,0.0,0.0,0.0,0.0
0,0,0,0,26,0.14,77.7,0.7,250,2026-09-28 02:15:00,PT5M,0.0,0.0,0.0,0.0,0.0
0,0,0,0,26,0.14,77.8,0.7,249,2026-09-28 02:20:00,PT5M,0.0,0.0,0.0,0.0,0.0
0,0,0,0,26,0.14,78.0,0.7,248,2026-09-28 02:25:00,PT5M,0.0,0.0,0.0,0.0,0.0
0,0,0,0,26,0.14,78.1,0.8,247,2026-09-28 02:30:00,PT5M,0.0,0.0,0.0,0.0,0.0
0,0,0,0,26,0.14,78.1,0.8,246,2026-09-28 02:35:00,PT5M,0.0,0.0,0.0,0.0,0.0
0,0,0,0,26,0.14,78.1,0.8,245,2026-09-28 02:40:00,PT5M,0.0,0.0,0.0,0.0,0.0
0,0,0,0,26,0.14,78.0,0.8,244,2026-09-28 02:45:00,PT5M,0.0,0.0,0.0,0.0,0.0
0,0,0,0,26,0.14,78.0,0.8,243,2026-09-28 02:50:00,PT5M,0.0,0.0,0.0,0.0,0.0
0,0,0,0,26,0.14,78.0,0.8,241,2026-09-28 02:55:00,PT5M,0.0,0.0,0.0,0.0,0.0
0,0,0,0,26,0.14,78.0,0.8,240,2026-09-28 03:00:00,PT5M,0.0,0.0,0.0,0.0,0.0
0,0,0,0,26,0.14,77.9,0.8,239,2026-09-28 03:05:00,PT5M,0.0,0.0,0.0,0.0,0.0
0,0,0,0,26,0.14,77.9,0.8,238,2026-09-28 03:10:00,PT5M,0.0,0.0,0.0,0.0,0.0
0,0,0,0,26,0.14,77.9,0.8,237,2026-09-28 03:15:00,PT5M,0.0,0.0,0.0,0.0,0.0
0,0,0,0,26,0.14,77.8,0.8,236,2026-09-28 03:20:00,PT5M,0.0,0.0,0.0,0.0,0.0
0,0,0,0,26,0.14,77.8,0.8,235,2026-09-28 03:25:00,PT5M,0.0,0.0,0.0,0.0,0.0
0,0,0,0,26,0.14,77.8,0.8,234,2026-09-28 03:30:00,PT5M,0.0,0.0,0.0,0.0,0.0
0,0,0,0,26,0.14,77.8,0.8,233,2026-09-28 03:35:00,PT5M,0.0,0.0,0.0,0.0,0.0
0,0,0,0,26,0.14,77.7,0.8,232,2026-09-28 03:40:00,PT5M,0.0,0.0,0.0,0.0,0.0
0,0,0,0,26,0.14,77.7,0.9,231,2026-09-28 03:45:00,PT5M,0.0,0.0,0.0,0.0,0.0
0,0,0,0,26,0.14,77.7,0.9,230,2026-09-28 03:50:00,PT5M,0.0,0.0,0.0,0.0,0.0
0,0,0,0,26,0.14,77.6,0.9,229,2026-09-28 03:55:00,PT5M,0.0,0.0,0.0,0.0,0.0
0,0,0,0,26,0.14,77.6,0.9,228,2026-09-28 04:00:00,PT5M,0.0,0.0,0.0,0.0,0.0
0,0,0,0,25,0.14,77.6,0.9,227,2026-09-28 04:05:00,PT5M,0.0,0.0,0.0,0.0,0.0
0,0,0,0,25,0.14,77.6,0.9,226,2026-09-28 04:10:00,PT5M,0.0,0.0,0.0,0.0,0.0
0,0,0,0,25,0.14,77.5,0.9,225,2026-09-28 04:15:00,PT5M,0.0,0.0,0.0,0.0,0.0
0,0,0,0,25,0.14,77.5,0.9,224,2026-09-28 04:20:00,PT5M,0.0,0.0,0.0,0.0,0.0
0,0,0,0,25,0.14,77.5,0.9,223,2026-09-28 04:25:00,PT5M,0.0,0.0,0.0,0.0,0.0
0,0,0,0,25,0.14,77.5,0.9,223,2026-09-28 04:30:00,PT5M,0.0,0.0,0.0,0.0,0.0
0,0,0,0,25,0.14,77.4,0.9,222,2026-09-28 04:35:00,PT5M,0.0,0.0,0.0,0.0,0.0
0,0,0,0,25,0.14,77.4,1.0,221,2026-09-28 04:40:00,PT5M,0.0,0.0,0.0,0.0,0.0
0,0,0,0,25,0.14,77.4,1.0,220,2026-09-28 04:45:00,PT5M,0.0,0.0,0.0,0.0,0.0
0,0,0,0,25,0.14,77.3,1.0,219,2026-09-28 04:50:00,PT5M,0.0,0.0,0.0,0.0,0.0
0,0,0,0,25,0.14,77.3,1.0,219,2026-09-28 04:55:00,PT5M,0.0,0.0,0.0,0.0,0.0
0,0,0,0,25,0.14,77.3,1.0,218,2026-09-28 05:00:00,PT5M,0.0,0.0,0.0,0.0,0.0
0,0,0,0,25,0.14,77.3,1.0,217,2026-09-28 05:05:00,PT5M,0.0,0.0,0.0,0.0,0.0
0,0,0,0,25,0.14,77.2,1.0,217,2026-09-28 05:10:00,PT5M,0.0,0.0,0.0,0.0,0.0
0,0,0,0,25,0.14,77.2,1.0,216,2026-09-28 05:15:00,PT5M,0.0,0.0,0.0,0.0,0.0
